,Alto35,Bass35,HarmonicRhythm7,LocalKey38,PitchClassSet121,RomanNumeral31,Soprano35,Tenor35,TonicizedKey38,offset,measure
0,A,D,0,D,"(2, 6, 9)",I,D,F#,D,0.0,1.0
1,A,D,1,D,"(2, 6, 9)",I,D,F#,D,0.125,1.0
2,A,D,2,D,"(2, 6, 9)",I,D,F#,D,0.25,1.0
3,A,D,2,D,"(2, 6, 9)",I,D,F#,D,0.375,1.0
4,A,D,3,D,"(2, 6, 9)",I,D,F#,D,0.5,1.0
5,A,D,3,D,"(2, 6, 9)",I,D,F#,D,0.625,1.0
6,A,D,3,D,"(2, 6, 9)",I,D,F#,D,0.75,1.0
7,A,D,3,D,"(2, 6, 9)",I,D,F#,D,0.875,1.0
8,E,A,0,D,"(1, 4, 7, 9)",V7,G,C#,D,1.0,1.0
9,E,A,1,D,"(1, 4, 7, 9)",V7,G,C#,D,1.125,1.0
10,E,A,2,D,"(1, 4, 7, 9)",V7,G,C#,D,1.25,1.0
11,E,A,2,D,"(1, 4, 7, 9)",V7,G,C#,D,1.375,1.0
12,E,A,3,D,"(1, 4, 7, 9)",V7,G,C#,D,1.5,1.0
13,E,A,3,D,"(1, 4, 7, 9)",V7,G,C#,D,1.625,1.0
14,E,A,3,D,"(1, 4, 7, 9)",V7,G,C#,D,1.75,1.0
15,E,A,3,D,"(1, 4, 7, 9)",V7,G,C#,D,1.875,1.0
16,F#,B,0,D,"(2, 6, 11)",vi,B,D,D,2.0,2.0
17,F#,B,1,D,"(2, 6, 11)",vi,B,D,D,2.125,2.0
18,F#,B,2,D,"(2, 6, 11)",vi,B,D,D,2.25,2.0
19,F#,B,2,D,"(2, 6, 11)",vi,B,D,D,2.375,2.0
20,F#,B,3,D,"(2, 6, 11)",vi,B,D,D,2.5,2.0
21,F#,B,3,D,"(2, 6, 11)",vi,B,D,D,2.625,2.0
22,F#,B,3,D,"(2, 6, 11)",vi,B,D,D,2.75,2.0
23,F#,B,3,D,"(2, 6, 11)",vi,B,D,D,2.875,2.0
24,F#,B,4,D,"(2, 6, 11)",vi,B,D,D,3.0,2.0
25,F#,B,4,D,"(2, 6, 11)",vi,B,D,D,3.125,2.0
26,F#,B,4,D,"(2, 6, 11)",vi,B,D,D,3.25,2.0
27,F#,B,4,D,"(2, 6, 11)",vi,B,D,D,3.375,2.0
28,F#,B,4,D,"(2, 6, 11)",vi,B,D,D,3.5,2.0
29,F#,B,4,D,"(2, 6, 11)",vi,B,D,D,3.625,2.0
30,F#,C#,4,D,"(2, 6, 11)",iii,A,D,D,3.75,2.0
31,F#,C#,4,D,"(2, 6, 11)",iii,A,D,D,3.875,2.0
32,D,G,0,D,"(2, 7, 11)",IV,G,B,D,4.0,3.0
33,D,G,1,D,"(2, 7, 11)",IV,G,B,D,4.125,3.0
34,D,G,2,D,"(2, 7, 11)",IV,G,B,D,4.25,3.0
35,D,G,2,D,"(2, 7, 11)",IV,G,B,D,4.375,3.0
36,D,G,3,D,"(2, 7, 11)",IV,G,B,D,4.5,3.0
37,D,G,3,D,"(2, 7, 11)",IV,G,B,D,4.625,3.0
38,D,G,3,D,"(2, 7, 11)",IV,G,B,D,4.75,3.0
39,D,G,3,D,"(2, 7, 11)",IV,G,B,D,4.875,3.0
40,G,G,4,D,"(2, 7, 11)",IV,G,B,D,5.0,3.0
41,G,G,4,D,"(2, 7, 11)",IV,G,B,D,5.125,3.0
42,G,G,4,D,"(2, 7, 11)",IV,G,B,D,5.25,3.0
43,G,G,4,D,"(2, 7, 11)",IV,G,B,D,5.375,3.0
44,G,G,4,D,"(2, 7, 11)",IV,G,B,D,5.5,3.0
45,G,G,4,D,"(2, 7, 11)",IV,G,B,D,5.625,3.0
46,G,G,4,D,"(2, 7, 11)",IV,G,B,D,5.75,3.0
47,G,G,4,D,"(2, 7, 11)",IV,G,B,D,5.875,3.0
48,A,D,0,D,"(2, 6, 9)",I,D,F#,D,6.0,4.0
49,A,D,1,D,"(2, 6, 9)",I,D,F#,D,6.125,4.0
50,A,D,2,D,"(2, 6, 9)",I,D,F#,D,6.25,4.0
51,A,D,2,D,"(2, 6, 9)",I,D,F#,D,6.375,4.0
52,A,D,3,D,"(2, 6, 9)",I,D,F#,D,6.5,4.0
53,A,D,3,D,"(2, 6, 9)",I,D,F#,D,6.625,4.0
54,A,D,3,D,"(2, 6, 9)",I,D,F#,D,6.75,4.0
55,A,D,3,D,"(2, 6, 9)",I,D,F#,D,6.875,4.0
56,A,D,4,D,"(2, 6, 9)",I,D,F#,D,7.0,4.0
57,A,D,4,D,"(2, 6, 9)",I,D,F#,D,7.125,4.0
58,A,D,4,D,"(2, 6, 9)",I,D,F#,D,7.25,4.0
59,A,D,4,D,"(2, 6, 9)",I,D,F#,D,7.375,4.0
60,A,D,4,D,"(2, 6, 9)",I,D,F#,D,7.5,4.0
61,A,D,4,D,"(2, 6, 9)",I,D,F#,D,7.625,4.0
62,A,D,4,D,"(2, 6, 9)",I,D,F#,D,7.75,4.0
63,A,D,4,D,"(2, 6, 9)",I,D,F#,D,7.875,4.0
64,A,D,0,D,"(2, 6, 9)",I,D,F#,D,8.0,5.0
65,A,D,1,D,"(2, 6, 9)",I,D,F#,D,8.125,5.0
66,A,D,2,D,"(2, 6, 9)",I,D,F#,D,8.25,5.0
67,A,D,2,D,"(2, 6, 9)",I,D,F#,D,8.375,5.0
68,A,D,3,D,"(2, 6, 9)",I,D,F#,D,8.5,5.0
69,A,D,3,D,"(2, 6, 9)",I,D,F#,D,8.625,5.0
70,A,D,3,D,"(2, 6, 9)",I,D,F#,D,8.75,5.0
71,A,D,3,D,"(2, 6, 9)",I,D,F#,D,8.875,5.0
72,A,D,4,D,"(2, 6, 9)",I,D,F#,D,9.0,5.0
73,A,D,4,D,"(2, 6, 9)",I,D,F#,D,9.125,5.0
74,A,D,4,D,"(2, 6, 9)",I,D,F#,D,9.25,5.0
75,A,D,4,D,"(2, 6, 9)",I,D,F#,D,9.375,5.0
76,A,D,4,D,"(2, 6, 9)",I,D,F#,D,9.5,5.0
77,A,D,4,D,"(2, 6, 9)",I,D,F#,D,9.625,5.0
78,A,D,4,D,"(2, 6, 9)",I,D,F#,D,9.75,5.0
79,A,D,4,D,"(2, 6, 9)",I,D,F#,D,9.875,5.0
80,G,C#,0,D,"(1, 4, 7, 9)",V7,A,E,D,10.0,6.0
81,G,C#,1,D,"(1, 4, 7, 9)",V7,A,E,D,10.125,6.0
82,G,C#,2,D,"(1, 4, 7, 9)",V7,A,E,D,10.25,6.0
83,G,C#,2,D,"(1, 4, 7, 9)",V7,A,E,D,10.375,6.0
84,G,C#,3,D,"(1, 4, 7, 9)",V7,A,E,D,10.5,6.0
85,G,C#,3,D,"(1, 4, 7, 9)",V7,A,E,D,10.625,6.0
86,G,C#,3,D,"(1, 4, 7, 9)",V7,A,E,D,10.75,6.0
87,G,C#,3,D,"(1, 4, 7, 9)",V7,A,E,D,10.875,6.0
88,G,C#,4,D,"(1, 4, 7, 9)",V7,A,E,D,11.0,6.0
89,G,C#,4,D,"(1, 4, 7, 9)",V7,A,E,D,11.125,6.0
90,G,C#,4,D,"(1, 4, 7, 9)",V7,A,E,D,11.25,6.0
91,G,C#,4,D,"(1, 4, 7, 9)",V7,A,E,D,11.375,6.0
92,G,C#,4,D,"(1, 4, 7, 9)",V7,A,E,D,11.5,6.0
93,G,C#,4,D,"(1, 4, 7, 9)",V7,A,E,D,11.625,6.0
94,G,C#,4,D,"(1, 4, 7, 9)",V7,A,E,D,11.75,6.0
95,G,C#,4,D,"(1, 4, 7, 9)",V7,A,E,D,11.875,6.0
96,A,D,0,D,"(2, 6, 9)",I,D,F#,D,12.0,7.0
97,A,D,1,D,"(2, 6, 9)",I,D,F#,D,12.125,7.0
98,A,D,2,D,"(2, 6, 9)",I,D,F#,D,12.25,7.0
99,A,D,2,D,"(2, 6, 9)",I,D,F#,D,12.375,7.0
100,A,D,3,D,"(2, 6, 9)",I,D,F#,D,12.5,7.0
101,A,D,3,D,"(2, 6, 9)",I,D,F#,D,12.625,7.0
102,A,D,3,D,"(2, 6, 9)",I,D,F#,D,12.75,7.0
103,A,D,3,D,"(2, 6, 9)",I,D,F#,D,12.875,7.0
104,A,D,4,D,"(2, 6, 9)",I,D,F#,D,13.0,7.0
105,A,D,4,D,"(2, 6, 9)",I,D,F#,D,13.125,7.0
106,A,D,4,D,"(2, 6, 9)",I,D,F#,D,13.25,7.0
107,A,D,4,D,"(2, 6, 9)",I,D,F#,D,13.375,7.0
108,A,D,4,D,"(2, 6, 9)",I,D,F#,D,13.5,7.0
109,A,D,4,D,"(2, 6, 9)",I,D,F#,D,13.625,7.0
110,A,D,4,D,"(2, 6, 9)",I,D,F#,D,13.75,7.0
111,A,D,4,D,"(2, 6, 9)",I,D,F#,D,13.875,7.0
112,E,A,0,D,"(1, 4, 9)",V,A,C#,D,14.0,8.0
113,E,A,1,D,"(1, 4, 9)",V,A,C#,D,14.125,8.0
114,E,A,2,D,"(1, 4, 9)",V,A,C#,D,14.25,8.0
115,E,A,2,D,"(1, 4, 9)",V,A,C#,D,14.375,8.0
116,E,A,3,D,"(1, 4, 9)",V,A,C#,D,14.5,8.0
117,E,A,3,D,"(1, 4, 9)",V,A,C#,D,14.625,8.0
118,E,A,3,D,"(1, 4, 9)",V,A,C#,D,14.75,8.0
119,E,A,3,D,"(1, 4, 9)",V,A,C#,D,14.875,8.0
120,E,A,4,D,"(1, 4, 9)",V,A,C#,D,15.0,8.0
121,E,A,4,D,"(1, 4, 9)",V,A,C#,D,15.125,8.0
122,E,A,4,D,"(1, 4, 9)",V,A,C#,D,15.25,8.0
123,E,A,4,D,"(1, 4, 9)",V,A,C#,D,15.375,8.0
124,E,A,4,D,"(1, 4, 9)",V,A,C#,D,15.5,8.0
125,E,A,4,D,"(1, 4, 9)",V,A,C#,D,15.625,8.0
126,E,A,4,D,"(1, 4, 9)",V,A,C#,D,15.75,8.0
127,E,A,4,D,"(1, 4, 9)",V,A,C#,D,15.875,8.0
128,E,A,0,D,"(1, 4, 7, 9)",V7,G,C#,D,16.0,9.0
129,E,A,1,D,"(1, 4, 7, 9)",V7,G,C#,D,16.125,9.0
130,E,A,2,D,"(1, 4, 7, 9)",V7,G,C#,D,16.25,9.0
131,E,A,2,D,"(1, 4, 7, 9)",V7,G,C#,D,16.375,9.0
132,E,A,3,D,"(1, 4, 7, 9)",V7,G,C#,D,16.5,9.0
133,E,A,3,D,"(1, 4, 7, 9)",V7,G,C#,D,16.625,9.0
134,E,A,3,D,"(1, 4, 7, 9)",V7,G,C#,D,16.75,9.0
135,E,A,3,D,"(1, 4, 7, 9)",V7,G,C#,D,16.875,9.0
136,E,A,4,D,"(1, 4, 7, 9)",V7,G,C#,D,17.0,9.0
137,E,A,4,D,"(1, 4, 7, 9)",V7,G,C#,D,17.125,9.0
138,E,A,4,D,"(1, 4, 7, 9)",V7,G,C#,D,17.25,9.0
139,E,A,4,D,"(1, 4, 7, 9)",V7,G,C#,D,17.375,9.0
140,E,A,4,D,"(1, 4, 7, 9)",V7,G,C#,D,17.5,9.0
141,E,A,4,D,"(1, 4, 7, 9)",V7,G,C#,D,17.625,9.0
142,E,A,4,D,"(1, 4, 7, 9)",V7,G,C#,D,17.75,9.0
143,E,A,4,D,"(1, 4, 7, 9)",V7,G,C#,D,17.875,9.0
144,F#,A,0,D,"(2, 6, 9)",I,D,D,D,18.0,10.0
145,F#,A,1,D,"(2, 6, 9)",I,D,D,D,18.125,10.0
146,F#,A,2,D,"(2, 6, 9)",I,D,D,D,18.25,10.0
147,F#,A,2,D,"(2, 6, 9)",I,D,D,D,18.375,10.0
148,F#,A,3,D,"(2, 6, 9)",I,D,D,D,18.5,10.0
149,F#,A,3,D,"(2, 6, 9)",I,D,D,D,18.625,10.0
150,F#,A,3,D,"(2, 6, 9)",I,D,D,D,18.75,10.0
151,F#,A,3,D,"(2, 6, 9)",I,D,D,D,18.875,10.0
152,F#,A,4,D,"(2, 6, 9)",I,D,D,D,19.0,10.0
153,F#,A,4,D,"(2, 6, 9)",I,D,D,D,19.125,10.0
154,F#,A,4,D,"(2, 6, 9)",I,D,D,D,19.25,10.0
155,F#,A,4,D,"(2, 6, 9)",I,D,D,D,19.375,10.0
156,F#,A,4,D,"(2, 6, 9)",I,D,D,D,19.5,10.0
157,F#,A,4,D,"(2, 6, 9)",I,D,D,D,19.625,10.0
158,F#,A,4,D,"(2, 6, 9)",I,D,D,D,19.75,10.0
159,F#,A,4,D,"(2, 6, 9)",I,D,D,D,19.875,10.0
160,E,A,0,D,"(1, 4, 7, 9)",V7,G,C#,D,20.0,11.0
161,E,A,1,D,"(1, 4, 7, 9)",V7,G,C#,D,20.125,11.0
162,E,A,2,D,"(1, 4, 7, 9)",V7,G,C#,D,20.25,11.0
163,E,A,2,D,"(1, 4, 7, 9)",V7,G,C#,D,20.375,11.0
164,E,A,3,D,"(1, 4, 7, 9)",V7,G,C#,D,20.5,11.0
165,E,A,3,D,"(1, 4, 7, 9)",V7,G,C#,D,20.625,11.0
166,E,A,3,D,"(1, 4, 7, 9)",V7,G,C#,D,20.75,11.0
167,E,A,3,D,"(1, 4, 7, 9)",V7,G,C#,D,20.875,11.0
168,E,A,4,D,"(1, 4, 7, 9)",V7,G,C#,D,21.0,11.0
169,E,A,4,D,"(1, 4, 7, 9)",V7,G,C#,D,21.125,11.0
170,E,A,4,D,"(1, 4, 7, 9)",V7,G,C#,D,21.25,11.0
171,E,A,4,D,"(1, 4, 7, 9)",V7,G,C#,D,21.375,11.0
172,E,A,4,D,"(1, 4, 7, 9)",V7,G,C#,D,21.5,11.0
173,E,A,4,D,"(1, 4, 7, 9)",V7,G,C#,D,21.625,11.0
174,E,A,4,D,"(1, 4, 7, 9)",V7,G,C#,D,21.75,11.0
175,E,A,4,D,"(1, 4, 7, 9)",V7,G,C#,D,21.875,11.0
176,F#,A,0,D,"(2, 6, 9)",I,D,D,D,22.0,12.0
177,F#,A,1,D,"(2, 6, 9)",I,D,D,D,22.125,12.0
178,F#,A,2,D,"(2, 6, 9)",I,D,D,D,22.25,12.0
179,F#,A,2,D,"(2, 6, 9)",I,D,D,D,22.375,12.0
180,F#,A,3,D,"(2, 6, 9)",I,D,D,D,22.5,12.0
181,F#,A,3,D,"(2, 6, 9)",I,D,D,D,22.625,12.0
182,F#,A,3,D,"(2, 6, 9)",I,D,D,D,22.75,12.0
183,F#,A,3,D,"(2, 6, 9)",I,D,D,D,22.875,12.0
184,F#,A,4,D,"(2, 6, 9)",I,D,D,D,23.0,12.0
185,F#,A,4,D,"(2, 6, 9)",I,D,D,D,23.125,12.0
186,F#,A,4,D,"(2, 6, 9)",I,D,D,D,23.25,12.0
187,F#,A,4,D,"(2, 6, 9)",I,D,D,D,23.375,12.0
188,F#,A,4,D,"(2, 6, 9)",I,D,D,D,23.5,12.0
189,F#,A,4,D,"(2, 6, 9)",I,D,D,D,23.625,12.0
190,F#,A,4,D,"(2, 6, 9)",I,D,D,D,23.75,12.0
191,F#,A,4,D,"(2, 6, 9)",I,D,D,D,23.875,12.0
192,E,A,0,D,"(1, 4, 7, 9)",V7,G,C#,D,24.0,13.0
193,E,A,1,D,"(1, 4, 7, 9)",V7,G,C#,D,24.125,13.0
194,E,A,2,D,"(1, 4, 7, 9)",V7,G,C#,D,24.25,13.0
195,E,A,2,D,"(1, 4, 7, 9)",V7,G,C#,D,24.375,13.0
196,E,A,3,D,"(1, 4, 7, 9)",V7,G,C#,D,24.5,13.0
197,E,A,3,D,"(1, 4, 7, 9)",V7,G,C#,D,24.625,13.0
198,E,A,3,D,"(1, 4, 7, 9)",V7,G,C#,D,24.75,13.0
199,E,A,3,D,"(1, 4, 7, 9)",V7,G,C#,D,24.875,13.0
200,E,A,4,D,"(1, 4, 7, 9)",V7,G,C#,D,25.0,13.0
201,E,A,4,D,"(1, 4, 7, 9)",V7,G,C#,D,25.125,13.0
202,E,A,4,D,"(1, 4, 7, 9)",V7,G,C#,D,25.25,13.0
203,E,A,4,D,"(1, 4, 7, 9)",V7,G,C#,D,25.375,13.0
204,E,A,4,D,"(1, 4, 7, 9)",V7,G,C#,D,25.5,13.0
205,E,A,4,D,"(1, 4, 7, 9)",V7,G,C#,D,25.625,13.0
206,E,A,4,D,"(1, 4, 7, 9)",V7,G,C#,D,25.75,13.0
207,E,A,4,D,"(1, 4, 7, 9)",V7,G,C#,D,25.875,13.0
208,F#,A,0,D,"(2, 6, 9)",I,D,D,D,26.0,14.0
209,F#,A,1,D,"(2, 6, 9)",I,D,D,D,26.125,14.0
210,F#,A,2,D,"(2, 6, 9)",I,D,D,D,26.25,14.0
211,F#,A,2,D,"(2, 6, 9)",I,D,D,D,26.375,14.0
212,F#,A,3,D,"(2, 6, 9)",I,D,D,D,26.5,14.0
213,F#,A,3,D,"(2, 6, 9)",I,D,D,D,26.625,14.0
214,F#,A,3,D,"(2, 6, 9)",I,D,D,D,26.75,14.0
215,F#,A,3,D,"(2, 6, 9)",I,D,D,D,26.875,14.0
216,F#,A,4,D,"(2, 6, 9)",I,D,D,D,27.0,14.0
217,F#,A,4,D,"(2, 6, 9)",I,D,D,D,27.125,14.0
218,F#,A,4,D,"(2, 6, 9)",I,D,D,D,27.25,14.0
219,F#,A,4,D,"(2, 6, 9)",I,D,D,D,27.375,14.0
220,F#,A,4,D,"(2, 6, 9)",I,D,D,D,27.5,14.0
221,F#,A,4,D,"(2, 6, 9)",I,D,D,D,27.625,14.0
222,F#,A,4,D,"(2, 6, 9)",I,D,D,D,27.75,14.0
223,F#,A,4,D,"(2, 6, 9)",I,D,D,D,27.875,14.0
224,F#,C#,0,D,"(1, 4, 9)",V,A,E,D,28.0,15.0
225,F#,C#,1,D,"(1, 4, 9)",V,A,E,D,28.125,15.0
226,F#,C#,2,D,"(1, 4, 9)",V,A,E,D,28.25,15.0
227,F#,C#,2,D,"(1, 4, 9)",V,A,E,D,28.375,15.0
228,F#,C#,3,D,"(1, 4, 9)",V,A,E,D,28.5,15.0
229,F#,C#,3,D,"(1, 4, 9)",V,A,E,D,28.625,15.0
230,F#,C#,3,D,"(1, 4, 9)",V,A,E,D,28.75,15.0
231,F#,C#,3,D,"(1, 4, 9)",V,A,E,D,28.875,15.0
232,F#,C#,4,D,"(1, 4, 9)",V,A,E,D,29.0,15.0
233,F#,C#,4,D,"(1, 4, 9)",V,A,E,D,29.125,15.0
234,F#,C#,4,D,"(1, 4, 9)",V,A,E,D,29.25,15.0
235,F#,C#,4,D,"(1, 4, 9)",V,A,E,D,29.375,15.0
236,F#,C#,4,D,"(1, 4, 9)",V,A,E,D,29.5,15.0
237,F#,C#,4,D,"(1, 4, 9)",V,A,E,D,29.625,15.0
238,F#,C#,4,D,"(1, 4, 9)",V,A,E,D,29.75,15.0
239,F#,C#,4,D,"(1, 4, 9)",V,A,E,D,29.875,15.0
240,E,A,0,D,"(2, 6, 9)",I,D,D,D,30.0,16.0
241,E,A,1,D,"(2, 6, 9)",I,D,D,D,30.125,16.0
242,E,A,2,D,"(2, 6, 9)",I,D,D,D,30.25,16.0
243,E,A,2,D,"(2, 6, 9)",I,D,D,D,30.375,16.0
244,E,A,3,D,"(2, 6, 9)",I,D,D,D,30.5,16.0
245,E,A,3,D,"(2, 6, 9)",I,D,D,D,30.625,16.0
246,E,A,3,D,"(2, 6, 9)",I,D,D,D,30.75,16.0
247,E,A,3,D,"(2, 6, 9)",I,D,D,D,30.875,16.0
248,E,A,4,D,"(2, 6, 9)",I,D,D,D,31.0,16.0
249,E,A,4,D,"(2, 6, 9)",I,D,D,D,31.125,16.0
250,E,A,4,D,"(2, 6, 9)",I,D,D,D,31.25,16.0
251,E,A,4,D,"(2, 6, 9)",I,D,D,D,31.375,16.0
252,E,A,4,D,"(2, 6, 9)",I,D,D,D,31.5,16.0
253,E,A,4,D,"(2, 6, 9)",I,D,D,D,31.625,16.0
254,E,A,4,D,"(2, 6, 9)",I,D,D,D,31.75,16.0
255,E,A,4,D,"(2, 6, 9)",I,D,D,D,31.875,16.0
256,A,D,0,D,"(2, 6, 9)",I,D,F#,D,32.0,17.0
257,A,D,1,D,"(2, 6, 9)",I,D,F#,D,32.125,17.0
258,A,D,2,D,"(2, 6, 9)",I,D,F#,D,32.25,17.0
259,A,D,2,D,"(2, 6, 9)",I,D,F#,D,32.375,17.0
260,A,D,3,D,"(2, 6, 9)",I,D,F#,D,32.5,17.0
261,A,D,3,D,"(2, 6, 9)",I,D,F#,D,32.625,17.0
262,A,D,3,D,"(2, 6, 9)",I,D,F#,D,32.75,17.0
263,A,D,3,D,"(2, 6, 9)",I,D,F#,D,32.875,17.0
264,E,D,0,D,"(1, 4, 7, 9)",V7,C#,C#,D,33.0,17.0
265,E,D,1,D,"(1, 4, 7)",viio,C#,C#,D,33.125,17.0
266,E,D,2,D,"(1, 4, 7)",viio,C#,C#,D,33.25,17.0
267,E,D,2,D,"(1, 4, 7)",viio,C#,C#,D,33.375,17.0
268,E,D,3,D,"(1, 4, 7)",viio,C#,C#,D,33.5,17.0
269,E,D,3,D,"(1, 4, 7)",viio,C#,C#,D,33.625,17.0
270,E,D,3,D,"(1, 4, 7)",viio,C#,C#,D,33.75,17.0
271,E,D,3,D,"(1, 4, 7)",viio,C#,C#,D,33.875,17.0
272,A,D,0,D,"(2, 6, 9)",I,D,F#,D,34.0,18.0
273,A,D,1,D,"(2, 6, 9)",I,D,F#,D,34.125,18.0
274,A,D,2,D,"(2, 6, 9)",I,D,F#,D,34.25,18.0
275,A,D,2,D,"(2, 6, 9)",I,D,F#,D,34.375,18.0
276,A,D,3,D,"(2, 6, 9)",I,D,F#,D,34.5,18.0
277,A,D,3,D,"(2, 6, 9)",I,D,F#,D,34.625,18.0
278,A,D,3,D,"(2, 6, 9)",I,D,F#,D,34.75,18.0
279,A,D,3,D,"(2, 6, 9)",I,D,F#,D,34.875,18.0
280,A,D,4,D,"(2, 6, 9)",I,D,F#,D,35.0,18.0
281,A,D,4,D,"(2, 6, 9)",I,D,F#,D,35.125,18.0
282,A,D,4,D,"(2, 6, 9)",I,D,F#,D,35.25,18.0
283,A,D,4,D,"(2, 6, 9)",I,D,F#,D,35.375,18.0
284,A,D,4,D,"(2, 6, 10)",I,D,F#,D,35.5,18.0
285,A,D,4,D,"(2, 6, 10)",I,D,F#,D,35.625,18.0
286,A,D,4,D,"(2, 6, 10)",I,D,F#,D,35.75,18.0
287,A,D,4,D,"(2, 6, 10)",I,D,F#,D,35.875,18.0
288,B,D,0,D,"(2, 5, 8, 11)",viio7,D,F#,D,36.0,19.0
289,B,D,1,D,"(2, 7, 11)",V7,D,F#,D,36.125,19.0
290,G#,D,2,D,"(2, 7, 11)",V7,D,F#,D,36.25,19.0
291,G#,D,2,D,"(2, 7, 11)",V7,D,F#,D,36.375,19.0
292,G#,D,3,D,"(2, 7, 11)",V7,D,F#,D,36.5,19.0
293,G#,D,3,D,"(2, 7, 11)",V7,D,F#,D,36.625,19.0
294,G#,D,3,D,"(2, 7, 11)",V7,D,F#,D,36.75,19.0
295,G#,D,3,D,"(2, 7, 11)",V7,D,F#,D,36.875,19.0
296,G#,D,4,D,"(2, 5, 8, 11)",V7,B,F,D,37.0,19.0
297,G#,D,4,D,"(2, 5, 8, 11)",V7,B,E#,D,37.125,19.0
298,G#,D,4,D,"(2, 5, 8, 11)",V7,B,E#,D,37.25,19.0
299,G#,D,4,D,"(2, 5, 8, 11)",V7,B,E#,D,37.375,19.0
300,G#,D,4,D,"(2, 5, 8, 11)",viio7,D,E#,D,37.5,19.0
301,G#,D,4,D,"(2, 5, 8, 11)",viio7,B,E#,D,37.625,19.0
302,G#,D,4,D,"(2, 5, 8, 11)",viio7,D,E#,D,37.75,19.0
303,G#,D,4,D,"(2, 5, 8, 11)",viio7,D,E#,D,37.875,19.0
304,A,D,0,D,"(2, 6, 9)",I,D,F#,D,38.0,20.0
305,A,D,1,D,"(2, 6, 9)",I,D,F#,D,38.125,20.0
306,A,D,2,D,"(2, 6, 9)",I,D,F#,D,38.25,20.0
307,A,D,2,D,"(2, 6, 9)",I,D,F#,D,38.375,20.0
308,A,D,3,D,"(2, 6, 9)",I,D,F#,D,38.5,20.0
309,A,D,3,D,"(2, 6, 9)",I,D,F#,D,38.625,20.0
310,A,D,3,D,"(2, 6, 9)",I,D,F#,D,38.75,20.0
311,A,D,3,D,"(2, 6, 9)",I,D,F#,D,38.875,20.0
312,A,D,4,D,"(2, 6, 9)",I,D,F#,D,39.0,20.0
313,A,D,4,D,"(2, 6, 9)",I,D,F#,D,39.125,20.0
314,A,D,4,D,"(2, 6, 9)",I,D,F#,D,39.25,20.0
315,A,D,4,D,"(2, 6, 9)",I,D,F#,D,39.375,20.0
316,A,D,4,D,"(2, 6, 9)",I,D,F#,D,39.5,20.0
317,A,D,4,D,"(2, 6, 9)",I,D,F#,D,39.625,20.0
318,A,D,4,D,"(2, 6, 9)",I,D,F#,D,39.75,20.0
319,A,D,4,D,"(2, 6, 9)",I,D,F#,D,39.875,20.0
320,A,D,0,D,"(2, 6, 9)",I,D,F#,D,40.0,21.0
321,A,D,1,D,"(2, 6, 9)",I,D,F#,D,40.125,21.0
322,A,D,2,D,"(2, 6, 9)",I,D,F#,D,40.25,21.0
323,A,D,2,D,"(2, 6, 9)",I,D,F#,D,40.375,21.0
324,A,D,3,D,"(2, 6, 9)",I,D,F#,D,40.5,21.0
325,A,D,3,D,"(2, 6, 9)",I,D,F#,D,40.625,21.0
326,A,D,3,D,"(2, 6, 9)",I,D,F#,D,40.75,21.0
327,A,D,3,D,"(2, 6, 9)",I,D,F#,D,40.875,21.0
328,A,D,4,D,"(2, 6, 9)",I,D,F#,D,41.0,21.0
329,A,D,4,D,"(2, 6, 9)",I,D,F#,D,41.125,21.0
330,A,D,4,D,"(2, 6, 9)",I,D,F#,D,41.25,21.0
331,A,D,4,D,"(2, 6, 9)",I,D,F#,D,41.375,21.0
332,G,B,0,D,"(2, 7, 11)",IV,G,D,D,41.5,21.0
333,G,B,1,D,"(2, 7, 11)",IV,G,D,D,41.625,21.0
334,G,B,2,D,"(2, 7, 11)",IV,G,D,D,41.75,21.0
335,G,B,2,D,"(2, 7, 11)",IV,G,D,D,41.875,21.0
336,E,A,0,D,"(1, 4, 7, 9)",V7,G,C#,D,42.0,22.0
337,E,A,1,D,"(1, 4, 7, 9)",V7,G,C#,D,42.125,22.0
338,E,A,2,D,"(1, 4, 7, 9)",V7,G,C#,D,42.25,22.0
339,E,A,2,D,"(1, 4, 7, 9)",V7,G,C#,D,42.375,22.0
340,E,A,3,D,"(1, 4, 7, 9)",V7,G,C#,D,42.5,22.0
341,E,A,3,D,"(1, 4, 7, 9)",V7,G,C#,D,42.625,22.0
342,E,A,3,D,"(1, 4, 7, 9)",V7,G,C#,D,42.75,22.0
343,E,A,3,D,"(1, 4, 7, 9)",V7,G,C#,D,42.875,22.0
344,E,A,4,D,"(1, 4, 7, 9)",V7,G,C#,D,43.0,22.0
345,E,A,4,D,"(1, 4, 7, 9)",V7,G,C#,D,43.125,22.0
346,E,A,4,D,"(1, 4, 7, 9)",V7,G,C#,D,43.25,22.0
347,E,A,4,D,"(1, 4, 7, 9)",V7,G,C#,D,43.375,22.0
348,E,A,4,D,"(1, 4, 7, 9)",V7,E,C#,D,43.5,22.0
349,E,A,4,D,"(1, 4, 7, 9)",V7,E,C#,D,43.625,22.0
350,E,A,4,D,"(1, 4, 7, 9)",V7,E,C#,D,43.75,22.0
351,E,A,4,D,"(1, 4, 7, 9)",V7,E,C#,D,43.875,22.0
352,D,F#,0,D,"(2, 6, 9)",I,D,A,D,44.0,23.0
353,D,F#,1,D,"(2, 6, 9)",I,D,A,D,44.125,23.0
354,D,F#,2,D,"(2, 6, 9)",I,D,A,D,44.25,23.0
355,D,F#,2,D,"(2, 6, 9)",I,D,A,D,44.375,23.0
356,C#,E,3,D,"(2, 6, 9)",I,C#,G,D,44.5,23.0
357,C#,E,1,D,"(2, 6, 9)",I,C#,G,D,44.625,23.0
358,C#,E,3,D,"(2, 6, 9)",I,C#,G,D,44.75,23.0
359,C#,E,3,D,"(2, 6, 9)",I,C#,G,D,44.875,23.0
360,A,D,0,D,"(2, 6, 9)",I,D,F#,D,45.0,23.0
361,A,D,1,D,"(2, 6, 9)",I,D,F#,D,45.125,23.0
362,A,D,2,D,"(2, 6, 9)",I,D,F#,D,45.25,23.0
363,A,D,2,D,"(2, 6, 9)",I,D,F#,D,45.375,23.0
364,A,D,4,D,"(2, 6, 9)",I,D,F#,D,45.5,23.0
365,A,D,4,D,"(2, 6, 9)",I,D,F#,D,45.625,23.0
366,A,D,4,D,"(2, 6, 9)",I,D,F#,D,45.75,23.0
367,A,D,4,D,"(2, 6, 9)",I,D,F#,D,45.875,23.0
368,E,A,0,D,"(1, 4, 7, 9)",V7,G,C#,D,46.0,24.0
369,E,A,1,D,"(1, 4, 9)",V7,G,C#,D,46.125,24.0
370,E,A,2,D,"(1, 4, 9)",V7,G,C#,D,46.25,24.0
371,E,A,2,D,"(1, 4, 9)",V7,G,C#,D,46.375,24.0
372,E,A,3,D,"(1, 4, 9)",V,G,C#,D,46.5,24.0
373,E,A,3,D,"(1, 4, 9)",V,G,C#,D,46.625,24.0
374,E,A,3,D,"(1, 4, 9)",V,G,C#,D,46.75,24.0
375,E,A,3,D,"(1, 4, 9)",V,G,C#,D,46.875,24.0
376,E,A,4,D,"(1, 4, 9)",V,A,C#,D,47.0,24.0
377,E,A,4,D,"(1, 4, 9)",V,A,C#,D,47.125,24.0
378,E,A,4,D,"(1, 4, 9)",V,A,C#,D,47.25,24.0
379,E,A,4,D,"(1, 4, 9)",V,A,C#,D,47.375,24.0
380,E,A,4,D,"(1, 4, 9)",V,A,C#,D,47.5,24.0
381,E,A,4,D,"(1, 4, 9)",V,A,C#,D,47.625,24.0
382,E,A,4,D,"(1, 4, 9)",V,A,C#,D,47.75,24.0
383,E,A,4,D,"(1, 4, 9)",V,A,C#,D,47.875,24.0
384,E,A,0,D,"(1, 4, 7, 9)",V7,G,C#,D,48.0,25.0
385,E,A,1,D,"(1, 4, 7, 9)",V7,G,C#,D,48.125,25.0
386,E,A,2,D,"(1, 4, 7, 9)",V7,G,C#,D,48.25,25.0
387,E,A,2,D,"(1, 4, 7, 9)",V7,G,C#,D,48.375,25.0
388,E,A,3,D,"(1, 4, 7, 9)",V7,G,C#,D,48.5,25.0
389,E,A,3,D,"(1, 4, 7, 9)",V7,G,C#,D,48.625,25.0
390,E,A,3,D,"(1, 4, 7, 9)",V7,G,C#,D,48.75,25.0
391,E,A,3,D,"(1, 4, 7, 9)",V7,G,C#,D,48.875,25.0
392,E,A,4,D,"(1, 4, 7, 9)",V7,G,C#,D,49.0,25.0
393,E,A,4,D,"(1, 4, 7, 9)",V7,G,C#,D,49.125,25.0
394,E,A,4,D,"(1, 4, 7, 9)",V7,G,C#,D,49.25,25.0
395,E,A,4,D,"(1, 4, 7, 9)",V7,G,C#,D,49.375,25.0
396,E,A,4,D,"(1, 4, 7, 9)",V7,G,C#,D,49.5,25.0
397,E,A,4,D,"(1, 4, 7, 9)",V7,G,C#,D,49.625,25.0
398,E,A,4,D,"(1, 4, 7, 9)",V7,G,C#,D,49.75,25.0
399,E,A,4,D,"(1, 4, 7, 9)",V7,G,C#,D,49.875,25.0
400,F#,A,0,D,"(2, 6, 9)",I,D,D,D,50.0,26.0
401,F#,A,1,D,"(2, 6, 9)",I,D,D,D,50.125,26.0
402,F#,A,2,D,"(2, 6, 9)",I,D,D,D,50.25,26.0
403,F#,A,2,D,"(2, 6, 9)",I,D,D,D,50.375,26.0
404,F#,A,3,D,"(2, 6, 9)",I,D,D,D,50.5,26.0
405,F#,A,3,D,"(2, 6, 9)",I,D,D,D,50.625,26.0
406,F#,A,3,D,"(2, 6, 9)",I,D,D,D,50.75,26.0
407,F#,A,3,D,"(2, 6, 9)",I,D,D,D,50.875,26.0
408,F#,A,4,D,"(2, 6, 9)",I,D,D,D,51.0,26.0
409,F#,A,4,D,"(2, 6, 9)",I,D,D,D,51.125,26.0
410,F#,A,4,D,"(2, 6, 9)",I,D,D,D,51.25,26.0
411,F#,A,4,D,"(2, 6, 9)",I,D,D,D,51.375,26.0
412,F#,A,4,D,"(2, 6, 9)",I,D,D,D,51.5,26.0
413,F#,A,4,D,"(2, 6, 9)",I,D,D,D,51.625,26.0
414,F#,A,4,D,"(2, 6, 9)",I,D,D,D,51.75,26.0
415,F#,A,4,D,"(2, 6, 9)",I,D,D,D,51.875,26.0
416,E,A,0,D,"(1, 4, 7, 9)",V7,G,C#,D,52.0,27.0
417,E,A,1,D,"(1, 4, 7, 9)",V7,G,C#,D,52.125,27.0
418,E,A,2,D,"(1, 4, 7, 9)",V7,G,C#,D,52.25,27.0
419,E,A,2,D,"(1, 4, 7, 9)",V7,G,C#,D,52.375,27.0
420,E,A,3,D,"(1, 4, 7, 9)",V7,G,C#,D,52.5,27.0
421,E,A,3,D,"(1, 4, 7, 9)",V7,G,C#,D,52.625,27.0
422,E,A,3,D,"(1, 4, 7, 9)",V7,G,C#,D,52.75,27.0
423,E,A,3,D,"(1, 4, 7, 9)",V7,G,C#,D,52.875,27.0
424,E,A,0,D,"(1, 4, 7, 9)",V7,G,C#,D,53.0,27.0
425,E,A,1,D,"(1, 4, 7, 9)",V7,G,C#,D,53.125,27.0
426,E,A,4,D,"(1, 4, 7, 9)",V7,G,C#,D,53.25,27.0
427,E,A,2,D,"(1, 4, 7, 9)",V7,G,C#,D,53.375,27.0
428,E,A,3,D,"(1, 4, 7, 9)",V7,G,C#,D,53.5,27.0
429,E,A,3,D,"(1, 4, 7, 9)",V7,G,C#,D,53.625,27.0
430,E,A,3,D,"(1, 4, 7, 9)",V7,G,C#,D,53.75,27.0
431,E,A,3,D,"(1, 4, 7, 9)",V7,G,C#,D,53.875,27.0
432,E,A,0,D,"(1, 4, 7, 9)",V7,G,C#,D,54.0,28.0
433,E,A,1,D,"(1, 4, 7, 9)",V7,G,C#,D,54.125,28.0
434,E,A,2,D,"(1, 4, 7, 9)",V7,G,C#,D,54.25,28.0
435,E,A,2,D,"(1, 4, 7, 9)",V7,G,C#,D,54.375,28.0
436,E,A,3,D,"(1, 4, 7, 9)",V7,G,C#,D,54.5,28.0
437,E,A,3,D,"(1, 4, 7, 9)",V7,G,C#,D,54.625,28.0
438,E,A,3,D,"(1, 4, 7, 9)",V7,G,C#,D,54.75,28.0
439,E,A,3,D,"(1, 4, 7, 9)",V7,G,C#,D,54.875,28.0
440,E,A,4,D,"(1, 4, 7, 9)",V7,G,C#,D,55.0,28.0
441,E,A,4,D,"(1, 4, 7, 9)",V7,G,C#,D,55.125,28.0
442,E,A,4,D,"(1, 4, 7, 9)",V7,G,C#,D,55.25,28.0
443,E,A,4,D,"(1, 4, 7, 9)",V7,G,C#,D,55.375,28.0
444,E,A,4,D,"(1, 4, 7, 9)",V7,G,C#,D,55.5,28.0
445,E,A,4,D,"(1, 4, 7, 9)",V7,G,C#,D,55.625,28.0
446,E,A,4,D,"(1, 4, 7, 9)",V7,G,C#,D,55.75,28.0
447,E,A,4,D,"(1, 4, 7, 9)",V7,G,C#,D,55.875,28.0
448,E,A,0,D,"(1, 4, 7, 9)",V7,G,C#,D,56.0,29.0
449,E,A,1,D,"(1, 4, 7, 9)",V7,G,C#,D,56.125,29.0
450,E,A,2,D,"(1, 4, 7, 9)",V7,G,C#,D,56.25,29.0
451,E,A,2,D,"(1, 4, 7, 9)",V7,G,C#,D,56.375,29.0
452,E,A,3,D,"(1, 4, 7, 9)",V7,G,C#,D,56.5,29.0
453,E,A,3,D,"(1, 4, 7, 9)",V7,G,C#,D,56.625,29.0
454,E,A,3,D,"(1, 4, 7, 9)",V7,G,C#,D,56.75,29.0
455,E,A,3,D,"(1, 4, 7, 9)",V7,G,C#,D,56.875,29.0
456,E,A,4,D,"(1, 4, 7, 9)",V7,G,C#,D,57.0,29.0
457,E,A,4,D,"(1, 4, 7, 9)",V7,G,C#,D,57.125,29.0
458,E,A,4,D,"(1, 4, 7, 9)",V7,G,C#,D,57.25,29.0
459,E,A,4,D,"(1, 4, 7, 9)",V7,G,C#,D,57.375,29.0
460,E,A,4,D,"(1, 4, 7, 9)",V7,G,C#,D,57.5,29.0
461,E,A,4,D,"(1, 4, 7, 9)",V7,G,C#,D,57.625,29.0
462,E,A,4,D,"(1, 4, 7, 9)",V7,G,C#,D,57.75,29.0
463,E,A,4,D,"(1, 4, 7, 9)",V7,G,C#,D,57.875,29.0
464,F#,A,0,D,"(2, 6, 9)",I,D,D,D,58.0,30.0
465,F#,A,1,D,"(2, 6, 9)",I,D,D,D,58.125,30.0
466,F#,A,2,D,"(2, 6, 9)",I,D,D,D,58.25,30.0
467,F#,A,2,D,"(2, 6, 9)",I,D,D,D,58.375,30.0
468,F#,A,3,D,"(2, 6, 9)",I,D,D,D,58.5,30.0
469,F#,A,3,D,"(2, 6, 9)",I,D,D,D,58.625,30.0
470,F#,A,3,D,"(2, 6, 9)",I,D,D,D,58.75,30.0
471,F#,A,3,D,"(2, 6, 9)",I,D,D,D,58.875,30.0
472,F#,A,4,D,"(2, 6, 9)",I,D,D,D,59.0,30.0
473,F#,A,4,D,"(2, 6, 9)",I,D,D,D,59.125,30.0
474,F#,A,4,D,"(2, 6, 9)",I,D,D,D,59.25,30.0
475,F#,A,4,D,"(2, 6, 9)",I,D,D,D,59.375,30.0
476,F#,A,4,D,"(2, 6, 9)",I,D,D,D,59.5,30.0
477,F#,A,4,D,"(2, 6, 9)",I,D,D,D,59.625,30.0
478,F#,A,4,D,"(2, 6, 9)",I,D,D,D,59.75,30.0
479,F#,A,4,D,"(2, 6, 9)",I,D,D,D,59.875,30.0
480,E,A,0,D,"(1, 4, 7, 9)",V7,G,C#,D,60.0,31.0
481,E,A,1,D,"(1, 4, 7, 9)",V7,G,C#,D,60.125,31.0
482,E,A,2,D,"(1, 4, 7, 9)",V7,G,C#,D,60.25,31.0
483,E,A,2,D,"(1, 4, 7, 9)",V7,G,C#,D,60.375,31.0
484,E,A,3,D,"(1, 4, 7, 9)",V7,G,C#,D,60.5,31.0
485,E,A,3,D,"(1, 4, 7, 9)",V7,G,C#,D,60.625,31.0
486,E,A,3,D,"(1, 4, 7, 9)",V7,G,C#,D,60.75,31.0
487,E,A,3,D,"(1, 4, 7, 9)",V7,G,C#,D,60.875,31.0
488,E,A,4,D,"(1, 4, 7, 9)",V7,G,C#,D,61.0,31.0
489,E,A,4,D,"(1, 4, 7, 9)",V7,G,C#,D,61.125,31.0
490,E,A,4,D,"(1, 4, 7, 9)",V7,G,C#,D,61.25,31.0
491,E,A,4,D,"(1, 4, 7, 9)",V7,G,C#,D,61.375,31.0
492,E,A,4,D,"(1, 4, 7, 9)",V7,G,C#,D,61.5,31.0
493,E,A,4,D,"(1, 4, 7, 9)",V7,G,C#,D,61.625,31.0
494,E,A,4,D,"(1, 4, 7, 9)",V7,G,C#,D,61.75,31.0
495,E,A,4,D,"(1, 4, 7, 9)",V7,G,C#,D,61.875,31.0
496,A,D,0,D,"(2, 6, 9)",I,D,F#,D,62.0,32.0
497,A,D,1,D,"(2, 6, 9)",I,D,F#,D,62.125,32.0
498,A,D,2,D,"(2, 6, 9)",I,D,F#,D,62.25,32.0
499,A,D,2,D,"(2, 6, 9)",I,D,F#,D,62.375,32.0
500,A,D,3,D,"(2, 6, 9)",I,D,F#,D,62.5,32.0
501,A,D,3,D,"(2, 6, 9)",I,D,F#,D,62.625,32.0
502,A,D,3,D,"(2, 6, 9)",I,D,F#,D,62.75,32.0
503,A,D,3,D,"(2, 6, 9)",I,D,F#,D,62.875,32.0
504,A,D,4,D,"(2, 6, 9)",I,D,F#,D,63.0,32.0
505,A,D,4,D,"(2, 6, 9)",I,D,F#,D,63.125,32.0
506,A,D,4,D,"(2, 6, 9)",I,D,F#,D,63.25,32.0
507,A,D,4,D,"(2, 6, 9)",I,D,F#,D,63.375,32.0
508,A,D,4,D,"(2, 6, 9)",I,D,F#,D,63.5,32.0
509,A,D,4,D,"(2, 6, 9)",I,D,F#,D,63.625,32.0
510,A,D,4,D,"(2, 6, 9)",I,D,F#,D,63.75,32.0
511,A,D,4,D,"(2, 6, 9)",I,D,F#,D,63.875,32.0
512,A,D,0,D,"(2, 6, 9)",I,D,F#,D,64.0,33.0
513,A,D,1,D,"(2, 6, 9)",I,D,F#,D,64.125,33.0
514,A,D,2,D,"(2, 6, 9)",I,D,F#,D,64.25,33.0
515,A,D,2,D,"(2, 6, 9)",I,D,F#,D,64.375,33.0
516,A,D,3,D,"(2, 6, 9)",I,D,F#,D,64.5,33.0
517,A,D,3,D,"(2, 6, 9)",I,D,F#,D,64.625,33.0
518,A,D,3,D,"(2, 6, 9)",I,D,F#,D,64.75,33.0
519,A,D,3,D,"(2, 6, 9)",I,D,F#,D,64.875,33.0
520,C#,E,0,D,"(1, 4, 7, 9)",V7,C#,G,D,65.0,33.0
521,C#,G,1,D,"(1, 4, 7, 9)",V7,C#,A,D,65.125,33.0
522,C#,G,2,D,"(1, 4, 7, 9)",V7,C#,A,D,65.25,33.0
523,C#,G,2,D,"(1, 4, 7, 9)",V7,C#,A,D,65.375,33.0
524,C#,G,3,D,"(1, 4, 7, 9)",V7,E,A,D,65.5,33.0
525,C#,G,3,D,"(1, 4, 7, 9)",V7,E,A,D,65.625,33.0
526,C#,G,3,D,"(1, 4, 7, 9)",V7,E,A,D,65.75,33.0
527,C#,G,3,D,"(1, 4, 7, 9)",V7,E,A,D,65.875,33.0
528,A,F#,0,D,"(2, 6, 9)",I,D,A,D,66.0,34.0
529,A,F#,1,D,"(2, 6, 9)",I,D,A,D,66.125,34.0
530,A,F#,2,D,"(2, 6, 9)",I,D,A,D,66.25,34.0
531,A,F#,2,D,"(2, 6, 9)",I,D,A,D,66.375,34.0
532,A,F#,3,D,"(2, 6, 9)",I,D,A,D,66.5,34.0
533,A,F#,3,D,"(2, 6, 9)",I,D,A,D,66.625,34.0
534,A,F#,3,D,"(2, 6, 9)",I,D,A,D,66.75,34.0
535,A,F#,3,D,"(2, 6, 9)",I,D,A,D,66.875,34.0
536,C,F#,0,D,"(0, 2, 6, 9)",V7,D,A,D,67.0,34.0
537,C,F#,1,D,"(0, 2, 6, 9)",V7,D,A,D,67.125,34.0
538,C,F#,2,D,"(0, 2, 6, 9)",V7,D,A,D,67.25,34.0
539,C,F#,2,D,"(0, 2, 6, 9)",V7,D,A,D,67.375,34.0
540,C,F#,4,D,"(0, 2, 6, 9)",V7,D,A,D,67.5,34.0
541,C,F#,4,D,"(0, 2, 6, 9)",V7,D,A,G,67.625,34.0
542,C,F#,4,D,"(0, 2, 6, 9)",V7,D,A,G,67.75,34.0
543,C,F#,4,D,"(0, 2, 6, 9)",V7,D,A,G,67.875,34.0
544,D,G,0,D,"(2, 7, 11)",IV,G,B,D,68.0,35.0
545,D,G,1,D,"(2, 7, 11)",IV,G,B,D,68.125,35.0
546,D,G,2,D,"(2, 7, 11)",IV,G,B,D,68.25,35.0
547,D,G,2,D,"(2, 7, 11)",IV,G,B,D,68.375,35.0
548,D,G,3,D,"(2, 7, 11)",IV,G,B,D,68.5,35.0
549,D,G,3,D,"(2, 7, 11)",IV,G,B,D,68.625,35.0
550,D,G,3,D,"(2, 7, 11)",IV,G,B,D,68.75,35.0
551,D,G,3,D,"(2, 7, 11)",IV,G,B,D,68.875,35.0
552,C#,G,0,D,"(1, 4, 7, 9)",V7,E,A,D,69.0,35.0
553,C#,G,1,D,"(1, 4, 7, 9)",V7,E,A,D,69.125,35.0
554,C#,G,2,D,"(1, 4, 7, 9)",V7,E,A,D,69.25,35.0
555,C#,G,2,D,"(1, 4, 7, 9)",V7,E,A,D,69.375,35.0
556,C#,G,3,D,"(1, 4, 7, 9)",V7,E,A,D,69.5,35.0
557,C#,G,3,D,"(1, 4, 7, 9)",V7,E,A,D,69.625,35.0
558,C#,G,3,D,"(1, 4, 7, 9)",V7,E,A,D,69.75,35.0
559,C#,G,3,D,"(1, 4, 7, 9)",V7,E,A,D,69.875,35.0
560,A,F#,0,D,"(2, 6, 9)",I,D,A,D,70.0,36.0
561,D,F#,1,D,"(2, 6, 9)",I,D,A,D,70.125,36.0
562,D,F#,2,D,"(2, 6, 9)",I,D,A,D,70.25,36.0
563,D,F#,2,D,"(2, 6, 9)",I,D,A,D,70.375,36.0
564,D,F#,3,D,"(2, 6, 9)",I,D,A,D,70.5,36.0
565,D,F#,3,D,"(2, 6, 9)",I,D,A,D,70.625,36.0
566,D,F#,3,D,"(2, 6, 9)",I,D,A,D,70.75,36.0
567,A,F#,3,D,"(2, 6, 9)",I,D,A,D,70.875,36.0
568,A,F#,4,D,"(2, 6, 9)",I,D,F#,D,71.0,36.0
569,A,F#,4,D,"(2, 6, 9)",I,D,F#,D,71.125,36.0
570,A,F#,4,D,"(2, 6, 9)",I,D,F#,D,71.25,36.0
571,A,F#,4,D,"(2, 6, 9)",I,D,F#,D,71.375,36.0
572,A,D,4,D,"(2, 6, 9)",I,D,F#,D,71.5,36.0
573,A,D,4,D,"(2, 6, 9)",I,D,F#,D,71.625,36.0
574,A,D,4,D,"(2, 6, 9)",I,D,F#,D,71.75,36.0
575,A,D,4,D,"(2, 6, 9)",I,D,F#,D,71.875,36.0
576,A,D#,0,D,"(3, 6, 9, 11)",V7,B,F#,e,72.0,37.0
577,A,D#,1,D,"(3, 6, 9, 11)",V7,B,F#,e,72.125,37.0
578,A,D#,2,D,"(3, 6, 9, 11)",V7,B,F#,e,72.25,37.0
579,A,D#,2,D,"(3, 6, 9, 11)",V7,B,F#,e,72.375,37.0
580,A,D#,3,D,"(3, 6, 9, 11)",V7,B,F#,e,72.5,37.0
581,A,D#,3,D,"(3, 6, 9, 11)",V7,B,F#,e,72.625,37.0
582,A,D#,3,D,"(3, 6, 9, 11)",V7,B,F#,e,72.75,37.0
583,A,D#,3,D,"(3, 6, 9, 11)",V7,B,F#,e,72.875,37.0
584,F#,B,0,D,"(3, 6, 9, 11)",V7,A,D#,e,73.0,37.0
585,F#,B,1,D,"(3, 6, 9, 11)",V7,A,D#,e,73.125,37.0
586,F#,B,2,D,"(3, 6, 9, 11)",V7,A,D#,e,73.25,37.0
587,F#,B,2,D,"(3, 6, 9, 11)",V7,A,D#,e,73.375,37.0
588,F#,B,4,D,"(3, 6, 9, 11)",V7,A,D#,e,73.5,37.0
589,F#,B,4,D,"(3, 6, 9, 11)",V7,A,D#,e,73.625,37.0
590,F#,B,4,D,"(3, 6, 9, 11)",V7,A,D#,e,73.75,37.0
591,F#,B,4,D,"(3, 6, 9, 11)",V7,A,D#,e,73.875,37.0
592,B,E,0,D,"(4, 7, 11)",ii,E,G,D,74.0,38.0
593,B,E,1,D,"(4, 7, 11)",ii,E,G,D,74.125,38.0
594,B,E,2,D,"(4, 7, 11)",ii,E,G,D,74.25,38.0
595,B,E,2,D,"(4, 7, 11)",ii,E,G,D,74.375,38.0
596,B,E,3,D,"(4, 7, 11)",ii,E,G,D,74.5,38.0
597,B,E,3,D,"(4, 7, 11)",ii,E,G,D,74.625,38.0
598,B,E,3,D,"(4, 7, 11)",ii,E,G,D,74.75,38.0
599,B,E,3,D,"(4, 7, 11)",ii,E,G,D,74.875,38.0
600,E,A,0,D,"(1, 4, 7, 9)",V7,G,C#,D,75.0,38.0
601,E,A,1,D,"(1, 4, 7, 9)",V7,G,C#,D,75.125,38.0
602,E,A,2,D,"(1, 4, 7, 9)",V7,G,C#,D,75.25,38.0
603,E,A,2,D,"(1, 4, 7, 9)",V7,G,C#,D,75.375,38.0
604,E,A,3,D,"(1, 4, 7, 9)",V7,G,C#,D,75.5,38.0
605,E,A,3,D,"(1, 4, 7, 9)",V7,G,C#,D,75.625,38.0
606,E,A,3,D,"(1, 4, 7, 9)",V7,G,C#,D,75.75,38.0
607,E,A,3,D,"(1, 4, 7, 9)",V7,G,C#,D,75.875,38.0
608,A,D,0,D,"(2, 6, 9)",I,D,F#,D,76.0,39.0
609,A,D,1,D,"(2, 6, 9)",I,D,F#,D,76.125,39.0
610,A,D,2,D,"(2, 6, 9)",I,D,F#,D,76.25,39.0
611,A,D,2,D,"(2, 6, 9)",I,D,F#,D,76.375,39.0
612,A,D,3,D,"(2, 6, 9)",I,D,F#,D,76.5,39.0
613,A,D,3,D,"(2, 6, 9)",I,D,F#,D,76.625,39.0
614,A,D,3,D,"(2, 6, 9)",I,D,F#,D,76.75,39.0
615,A,D,3,D,"(2, 6, 9)",I,D,F#,D,76.875,39.0
616,E,B,0,D,"(2, 4, 8, 11)",V7,G#,D,A,77.0,39.0
617,E,B,1,D,"(2, 4, 8, 11)",V7,G#,D,A,77.125,39.0
618,E,B,2,D,"(2, 4, 8, 11)",V7,G#,D,A,77.25,39.0
619,E,B,2,D,"(2, 4, 8, 11)",V7,G#,D,A,77.375,39.0
620,G#,B,4,D,"(2, 4, 8, 11)",V7,G#,D,A,77.5,39.0
621,G#,B,4,D,"(2, 4, 8, 11)",V7,G#,D,A,77.625,39.0
622,G#,B,4,D,"(2, 4, 8, 11)",V7,G#,D,A,77.75,39.0
623,G#,B,3,D,"(2, 4, 8, 11)",V7,G#,D,A,77.875,39.0
624,E,A,0,D,"(1, 4, 9)",I,A,C#,D,78.0,40.0
625,E,A,1,D,"(1, 4, 9)",V,A,C#,D,78.125,40.0
626,E,A,2,D,"(1, 4, 9)",V,A,C#,D,78.25,40.0
627,E,A,2,D,"(1, 4, 9)",V,A,C#,D,78.375,40.0
628,E,A,3,D,"(1, 4, 9)",V,A,C#,D,78.5,40.0
629,E,A,3,D,"(1, 4, 9)",V,A,C#,D,78.625,40.0
630,E,A,3,D,"(1, 4, 9)",V,A,C#,D,78.75,40.0
631,E,A,3,D,"(1, 4, 9)",V,A,C#,D,78.875,40.0
632,E,A,4,D,"(1, 4, 9)",V,A,C#,D,79.0,40.0
633,E,A,4,D,"(1, 4, 9)",V,A,C#,D,79.125,40.0
634,E,A,4,D,"(1, 4, 9)",V,A,C#,D,79.25,40.0
635,E,A,4,D,"(1, 4, 9)",V,A,C#,D,79.375,40.0
636,E,A,4,D,"(1, 4, 9)",V,A,C#,D,79.5,40.0
637,E,A,4,D,"(1, 4, 9)",V,A,C#,D,79.625,40.0
638,E,A,4,D,"(1, 4, 9)",V,A,C#,D,79.75,40.0
639,E,A,4,D,"(1, 4, 9)",V,A,C#,D,79.875,40.0
640,E,A,0,D,"(1, 4, 9)",V,A,C#,D,80.0,41.0
641,E,A,1,D,"(1, 4, 9)",V,A,C#,D,80.125,41.0
642,E,A,2,D,"(1, 4, 9)",V,A,C#,D,80.25,41.0
643,E,A,2,D,"(1, 4, 9)",V,A,C#,D,80.375,41.0
644,E,A,3,D,"(1, 4, 9)",V,A,C#,D,80.5,41.0
645,E,A,3,D,"(1, 4, 9)",V,A,C#,D,80.625,41.0
646,E,A,3,D,"(1, 4, 9)",V,A,C#,D,80.75,41.0
647,E,A,3,D,"(1, 4, 9)",V,A,C#,D,80.875,41.0
648,E,G,4,D,"(1, 4, 7, 9)",V7,E,C#,D,81.0,41.0
649,E,G,1,D,"(1, 4, 7, 9)",V7,E,C#,D,81.125,41.0
650,E,G,4,D,"(1, 4, 7, 9)",V7,E,C#,D,81.25,41.0
651,E,G,4,D,"(1, 4, 7, 9)",V7,E,C#,D,81.375,41.0
652,C#,G,4,D,"(1, 4, 7, 9)",V7,E,B,D,81.5,41.0
653,C#,G,4,D,"(1, 4, 7, 9)",V7,E,A,D,81.625,41.0
654,C#,G,4,D,"(1, 4, 7, 9)",V7,E,A,D,81.75,41.0
655,C#,G,4,D,"(1, 4, 7, 9)",V7,E,A,D,81.875,41.0
656,A,D,0,D,"(2, 6, 9)",I,D,A,D,82.0,42.0
657,A,D,1,D,"(2, 6, 9)",I,D,A,D,82.125,42.0
658,A,D,2,D,"(2, 6, 9)",I,D,A,D,82.25,42.0
659,A,D,2,D,"(2, 6, 9)",I,D,A,D,82.375,42.0
660,A,D,3,D,"(2, 6, 9)",I,D,A,D,82.5,42.0
661,A,D,3,D,"(2, 6, 9)",I,D,A,D,82.625,42.0
662,A,D,3,D,"(2, 6, 9)",I,D,F#,D,82.75,42.0
663,A,D,3,D,"(2, 6, 9)",I,D,F#,D,82.875,42.0
664,A,D,0,D,"(2, 6, 9)",I,D,F#,D,83.0,42.0
665,A,D,1,D,"(2, 6, 9)",I,D,F#,D,83.125,42.0
666,A,D,2,D,"(2, 6, 9)",I,D,F#,D,83.25,42.0
667,A,D,2,D,"(2, 6, 9)",I,D,F#,D,83.375,42.0
668,A,D,4,D,"(2, 6, 9)",I,D,F#,D,83.5,42.0
669,A,D,4,D,"(2, 6, 9)",I,D,F#,D,83.625,42.0
670,A,D,4,D,"(2, 6, 9)",I,D,F#,D,83.75,42.0
671,A,D,4,D,"(2, 6, 9)",I,D,F#,D,83.875,42.0
672,A,C#,0,D,"(1, 4, 7, 9)",V7,A,E,D,84.0,43.0
673,A,C#,1,D,"(1, 4, 7, 9)",V7,A,E,D,84.125,43.0
674,A,C#,2,D,"(1, 4, 7, 9)",V7,A,E,D,84.25,43.0
675,A,C#,2,D,"(1, 4, 7, 9)",V7,A,E,D,84.375,43.0
676,G,C#,0,D,"(1, 4, 7, 9)",V7,A,E,D,84.5,43.0
677,G,C#,3,D,"(1, 4, 7, 9)",V7,A,E,D,84.625,43.0
678,G,C#,3,D,"(1, 4, 7, 9)",V7,A,E,D,84.75,43.0
679,G,C#,2,D,"(1, 4, 7, 9)",V7,A,E,D,84.875,43.0
680,E,G,0,D,"(1, 4, 7, 9)",V7,G,C#,D,85.0,43.0
681,C#,G,1,D,"(1, 4, 7, 9)",V7,G,C#,D,85.125,43.0
682,C#,G,2,D,"(1, 4, 7, 9)",V7,G,C#,D,85.25,43.0
683,C#,G,2,D,"(1, 4, 7, 9)",V7,G,C#,D,85.375,43.0
684,C#,G,3,D,"(1, 4, 7, 9)",V7,E,C#,D,85.5,43.0
685,C#,G,3,D,"(1, 4, 7, 9)",V7,E,C#,D,85.625,43.0
686,C#,G,3,D,"(1, 4, 7, 9)",V7,E,C#,D,85.75,43.0
687,C#,G,3,D,"(1, 4, 7, 9)",V7,E,C#,D,85.875,43.0
688,A,F#,0,D,"(2, 6, 9)",I,D,A,D,86.0,44.0
689,A,F#,1,D,"(2, 6, 9)",I,D,A,D,86.125,44.0
690,A,F#,2,D,"(2, 6, 9)",I,D,A,D,86.25,44.0
691,A,F#,2,D,"(2, 6, 9)",I,D,A,D,86.375,44.0
692,A,F#,3,D,"(2, 6, 9)",I,D,A,D,86.5,44.0
693,A,F#,3,D,"(2, 6, 9)",I,D,A,D,86.625,44.0
694,A,F#,3,D,"(2, 6, 9)",I,D,A,D,86.75,44.0
695,A,F#,3,D,"(2, 6, 9)",I,D,A,D,86.875,44.0
696,A,D,4,D,"(2, 6, 9)",I,D,F#,D,87.0,44.0
697,A,D,4,D,"(2, 6, 9)",I,D,F#,D,87.125,44.0
698,A,D,4,D,"(2, 6, 9)",I,D,F#,D,87.25,44.0
699,A,D,4,D,"(2, 6, 9)",I,D,F#,D,87.375,44.0
700,A,D,4,D,"(2, 6, 9)",I,D,F#,D,87.5,44.0
701,A,D,4,D,"(2, 6, 9)",I,D,F#,D,87.625,44.0
702,A,D,4,D,"(2, 6, 9)",I,D,F#,D,87.75,44.0
703,A,D,4,D,"(2, 6, 9)",I,D,F#,D,87.875,44.0
704,E,A,0,D,"(1, 4, 7, 9)",V7,G,C#,D,88.0,45.0
705,E,C#,1,D,"(1, 4, 7, 9)",V7,G,C#,D,88.125,45.0
706,E,C#,2,D,"(1, 4, 7, 9)",V7,G,C#,D,88.25,45.0
707,E,C#,2,D,"(1, 4, 7, 9)",V7,G,C#,D,88.375,45.0
708,E,C#,3,D,"(1, 4, 7, 9)",V7,A,C#,D,88.5,45.0
709,E,C#,3,D,"(1, 4, 7, 9)",V7,A,C#,D,88.625,45.0
710,E,C#,1,D,"(1, 4, 7, 9)",V7,A,C#,D,88.75,45.0
711,E,C#,2,D,"(1, 4, 7, 9)",V7,A,C#,D,88.875,45.0
712,E,A,0,D,"(1, 4, 7, 9)",V7,G,C#,D,89.0,45.0
713,E,A,1,D,"(1, 4, 7, 9)",V7,G,C#,D,89.125,45.0
714,E,A,2,D,"(1, 4, 7, 9)",V7,G,C#,D,89.25,45.0
715,E,A,2,D,"(1, 4, 7, 9)",V7,G,C#,D,89.375,45.0
716,E,G,4,D,"(1, 4, 7, 9)",V7,E,C#,D,89.5,45.0
717,E,G,4,D,"(1, 4, 7, 9)",V7,E,C#,D,89.625,45.0
718,E,G,4,D,"(1, 4, 7, 9)",V7,E,C#,D,89.75,45.0
719,E,G,4,D,"(1, 4, 7, 9)",V7,E,C#,D,89.875,45.0
720,A,D,0,D,"(2, 6, 9)",I,D,A,D,90.0,46.0
721,A,D,1,D,"(2, 6, 9)",I,D,A,D,90.125,46.0
722,A,D,2,D,"(2, 6, 9)",I,D,A,D,90.25,46.0
723,A,D,2,D,"(2, 6, 9)",I,D,F#,D,90.375,46.0
724,A,D,3,D,"(2, 6, 9)",I,D,A,D,90.5,46.0
725,A,D,3,D,"(2, 6, 9)",I,D,A,D,90.625,46.0
726,A,D,3,D,"(2, 6, 9)",I,D,F#,D,90.75,46.0
727,A,D,3,D,"(2, 6, 9)",I,D,F#,D,90.875,46.0
728,A,D,0,D,"(2, 6, 9)",I,D,F#,D,91.0,46.0
729,A,D,1,D,"(2, 6, 9)",I,D,F#,D,91.125,46.0
730,A,D,2,D,"(2, 6, 9)",I,D,F#,D,91.25,46.0
731,A,D,2,D,"(2, 6, 9)",I,D,F#,D,91.375,46.0
732,A,D,3,D,"(2, 6, 9)",I,D,F#,D,91.5,46.0
733,A,D,3,D,"(2, 6, 9)",I,D,F#,D,91.625,46.0
734,A,D,3,D,"(2, 6, 9)",I,D,F#,D,91.75,46.0
735,A,D,3,D,"(2, 6, 9)",I,D,F#,D,91.875,46.0
736,A,D,0,D,"(2, 6, 9)",I,A,F#,D,92.0,47.0
737,A,D,1,D,"(1, 4, 9)",I,A,F#,D,92.125,47.0
738,A,D,2,D,"(1, 4, 9)",I,A,F#,D,92.25,47.0
739,A,D,2,D,"(1, 4, 9)",I,A,F#,D,92.375,47.0
740,A,D,3,D,"(1, 4, 9)",I,A,F#,D,92.5,47.0
741,A,D,3,D,"(1, 4, 9)",I,A,F#,D,92.625,47.0
742,A,D,3,D,"(1, 4, 9)",I,A,F#,D,92.75,47.0
743,A,D,3,D,"(1, 4, 9)",I,A,F#,D,92.875,47.0
744,E,A,0,D,"(1, 4, 9)",V,A,C#,D,93.0,47.0
745,E,A,1,D,"(1, 4, 9)",V,A,C#,D,93.125,47.0
746,E,A,2,D,"(1, 4, 9)",V,A,C#,D,93.25,47.0
747,E,A,2,D,"(1, 4, 9)",V,A,C#,D,93.375,47.0
748,E,A,3,D,"(1, 4, 9)",V,A,C#,D,93.5,47.0
749,E,A,3,D,"(1, 4, 9)",V,A,C#,D,93.625,47.0
750,E,A,3,D,"(1, 4, 9)",V,A,C#,D,93.75,47.0
751,E,A,3,D,"(1, 4, 9)",V,A,C#,D,93.875,47.0
752,A,D,0,D,"(2, 6, 9)",I,D,F#,D,94.0,48.0
753,A,D,1,D,"(2, 6, 9)",I,D,F#,D,94.125,48.0
754,A,D,2,D,"(2, 6, 9)",I,D,F#,D,94.25,48.0
755,A,D,2,D,"(2, 6, 9)",I,D,F#,D,94.375,48.0
756,A,D,3,D,"(2, 6, 9)",I,D,F#,D,94.5,48.0
757,A,D,3,D,"(2, 6, 9)",I,D,F#,D,94.625,48.0
758,A,D,3,D,"(2, 6, 9)",I,D,F#,D,94.75,48.0
759,A,D,3,D,"(2, 6, 9)",I,D,F#,D,94.875,48.0
760,A,D,4,D,"(2, 6, 9)",I,D,F#,D,95.0,48.0
761,A,D,4,D,"(2, 6, 9)",I,D,F#,D,95.125,48.0
762,A,D,4,D,"(2, 6, 9)",I,D,F#,D,95.25,48.0
763,A,D,4,D,"(2, 6, 9)",I,D,F#,D,95.375,48.0
764,A,D,4,D,"(2, 6, 9)",I,D,F#,D,95.5,48.0
765,A,D,4,D,"(2, 6, 9)",I,D,F#,D,95.625,48.0
766,A,D,4,D,"(2, 6, 9)",I,D,F#,D,95.75,48.0
767,A,D,4,D,"(2, 6, 9)",I,D,F#,D,95.875,48.0
768,A,D,0,D,"(2, 6, 9)",I,D,F#,D,96.0,49.0
769,A,D,1,D,"(2, 6, 9)",I,D,F#,D,96.125,49.0
770,A,D,2,D,"(2, 6, 9)",I,D,F#,D,96.25,49.0
771,A,D,2,D,"(2, 6, 9)",I,D,F#,D,96.375,49.0
772,A,D,3,D,"(2, 6, 9)",I,D,F#,D,96.5,49.0
773,A,D,3,D,"(2, 6, 9)",I,D,F#,D,96.625,49.0
774,A,D,3,D,"(2, 6, 9)",I,D,F#,D,96.75,49.0
775,A,D,3,D,"(2, 6, 9)",I,D,F#,D,96.875,49.0
776,E,A,0,D,"(1, 4, 7, 9)",V7,G,E,D,97.0,49.0
777,E,A,1,D,"(1, 4, 7, 9)",V7,G,E,D,97.125,49.0
778,E,A,4,D,"(1, 4, 7, 9)",V7,G,E,D,97.25,49.0
779,E,A,4,D,"(1, 4, 7, 9)",V7,G,E,D,97.375,49.0
780,E,A,4,D,"(1, 4, 7, 9)",V7,G,E,D,97.5,49.0
781,G,C#,4,D,"(1, 4, 7, 9)",V7,G,E,D,97.625,49.0
782,G,C#,4,D,"(1, 4, 7, 9)",V7,G,E,D,97.75,49.0
783,G,C#,4,D,"(1, 4, 7, 9)",V7,G,E,D,97.875,49.0
784,A,D,0,D,"(2, 6, 9)",I,D,F#,D,98.0,50.0
785,A,D,1,D,"(2, 6, 9)",I,D,F#,D,98.125,50.0
786,A,D,2,D,"(2, 6, 9)",I,D,F#,D,98.25,50.0
787,A,D,2,D,"(2, 6, 9)",I,D,F#,D,98.375,50.0
788,A,D,3,D,"(2, 6, 9)",I,D,F#,D,98.5,50.0
789,A,D,3,D,"(2, 6, 9)",I,D,F#,D,98.625,50.0
790,A,D,3,D,"(2, 6, 9)",I,D,F#,D,98.75,50.0
791,A,D,3,D,"(2, 6, 9)",I,D,F#,D,98.875,50.0
792,A,D,4,D,"(2, 6, 9)",I,D,F#,D,99.0,50.0
793,A,D,4,D,"(2, 6, 9)",I,D,F#,D,99.125,50.0
794,A,D,4,D,"(2, 6, 9)",I,D,F#,D,99.25,50.0
795,A,D,4,D,"(2, 6, 9)",I,D,F#,D,99.375,50.0
796,A,D,4,D,"(2, 6, 9)",V,D,F#,D,99.5,50.0
797,A,D,4,D,"(2, 6, 9)",V,D,F#,D,99.625,50.0
798,A,D,4,D,"(2, 6, 9)",V,D,F#,D,99.75,50.0
799,A,D,4,D,"(2, 6, 9)",V,D,F#,D,99.875,50.0
800,B,G,0,D,"(2, 7, 11)",IV,G,G,D,100.0,51.0
801,B,G,1,D,"(2, 7, 11)",IV,G,G,D,100.125,51.0
802,B,G,2,D,"(2, 7, 11)",IV,G,G,D,100.25,51.0
803,B,G,2,D,"(2, 7, 11)",IV,G,G,D,100.375,51.0
804,B,G,3,D,"(2, 7, 11)",IV,G,G,D,100.5,51.0
805,B,G,3,D,"(2, 7, 11)",IV,G,G,D,100.625,51.0
806,B,G,3,D,"(2, 7, 11)",IV,G,G,D,100.75,51.0
807,B,G,3,D,"(2, 7, 11)",IV,G,G,D,100.875,51.0
808,D,G,0,D,"(2, 7, 11)",IV,G,B,D,101.0,51.0
809,D,G,1,D,"(2, 7, 11)",IV,G,B,D,101.125,51.0
810,D,G,4,D,"(2, 7, 11)",IV,G,B,D,101.25,51.0
811,D,G,4,D,"(2, 7, 11)",IV,G,B,D,101.375,51.0
812,D,G,4,D,"(2, 7, 11)",ii,G,B,D,101.5,51.0
813,D,G,4,D,"(2, 7, 11)",ii,G,B,D,101.625,51.0
814,D,G,4,D,"(2, 7, 11)",ii,G,B,D,101.75,51.0
815,D,G,4,D,"(2, 7, 11)",ii,G,B,D,101.875,51.0
816,D,F#,0,D,"(2, 6, 9)",I,D,A,D,102.0,52.0
817,D,F#,1,D,"(2, 6, 9)",I,D,A,D,102.125,52.0
818,D,F#,2,D,"(2, 6, 9)",I,D,A,D,102.25,52.0
819,D,F#,2,D,"(2, 6, 9)",I,D,A,D,102.375,52.0
820,D,F#,3,D,"(2, 6, 9)",I,D,A,D,102.5,52.0
821,D,F#,3,D,"(2, 6, 9)",I,D,A,D,102.625,52.0
822,D,F#,3,D,"(2, 6, 9)",I,D,A,D,102.75,52.0
823,D,F#,3,D,"(2, 6, 9)",I,D,A,D,102.875,52.0
824,D,F#,4,D,"(2, 6, 9)",I,D,A,D,103.0,52.0
825,D,F#,4,D,"(2, 6, 9)",I,D,A,D,103.125,52.0
826,D,F#,4,D,"(2, 6, 9)",I,D,A,D,103.25,52.0
827,D,F#,4,D,"(2, 6, 9)",I,D,A,D,103.375,52.0
828,D,F#,4,D,"(2, 6, 9)",I,D,A,D,103.5,52.0
829,D,F#,4,D,"(2, 6, 9)",I,D,A,D,103.625,52.0
830,D,F#,4,D,"(2, 6, 9)",I,D,A,D,103.75,52.0
831,D,F#,4,D,"(2, 6, 9)",I,D,A,D,103.875,52.0
832,D,F#,0,D,"(2, 6, 9)",I,D,A,D,104.0,53.0
833,D,F#,1,D,"(2, 6, 9)",I,D,A,D,104.125,53.0
834,D,F#,2,D,"(2, 6, 9)",I,D,A,D,104.25,53.0
835,D,F#,2,D,"(2, 6, 9)",I,D,A,D,104.375,53.0
836,D,F#,3,D,"(2, 6, 9)",I,D,A,D,104.5,53.0
837,D,F#,3,D,"(2, 6, 9)",I,D,A,D,104.625,53.0
838,D,F#,3,D,"(2, 6, 9)",I,D,A,D,104.75,53.0
839,D,F#,3,D,"(2, 6, 9)",I,D,A,D,104.875,53.0
840,D,F#,4,D,"(2, 6, 9)",I,D,A,D,105.0,53.0
841,D,F#,1,D,"(2, 6, 9)",I,D,A,D,105.125,53.0
842,D,F#,2,D,"(2, 6, 9)",I,D,A,D,105.25,53.0
843,D,F#,4,D,"(2, 6, 9)",I,D,A,D,105.375,53.0
844,D,F#,3,D,"(2, 6, 9)",I,D,A,D,105.5,53.0
845,D,F#,3,D,"(2, 6, 9)",I,D,A,D,105.625,53.0
846,D,F#,3,D,"(2, 6, 9)",I,D,A,D,105.75,53.0
847,D,F#,3,D,"(2, 6, 9)",I,D,A,D,105.875,53.0
848,C#,G,0,D,"(1, 4, 7, 9)",V7,G,C#,D,106.0,54.0
849,C#,G,1,D,"(1, 4, 7, 9)",V7,G,C#,D,106.125,54.0
850,C#,G,2,D,"(1, 4, 7, 9)",V7,G,C#,D,106.25,54.0
851,C#,G,2,D,"(1, 4, 7, 9)",V7,G,C#,D,106.375,54.0
852,C#,G,3,D,"(1, 4, 7, 9)",V7,G,C#,D,106.5,54.0
853,C#,G,3,D,"(1, 4, 7, 9)",V7,G,C#,D,106.625,54.0
854,C#,G,3,D,"(1, 4, 7, 9)",V7,G,C#,D,106.75,54.0
855,C#,G,3,D,"(1, 4, 7, 9)",V7,G,C#,D,106.875,54.0
856,C#,G,4,D,"(1, 4, 7, 9)",V7,G,C#,D,107.0,54.0
857,C#,G,4,D,"(1, 4, 7, 9)",V7,G,C#,D,107.125,54.0
858,C#,G,4,D,"(1, 4, 7, 9)",V7,G,C#,D,107.25,54.0
859,C#,G,4,D,"(1, 4, 7, 9)",V7,G,C#,D,107.375,54.0
860,C#,G,4,D,"(1, 4, 7, 9)",V7,G,C#,D,107.5,54.0
861,C#,G,4,D,"(1, 4, 7, 9)",V7,G,C#,D,107.625,54.0
862,C#,G,4,D,"(1, 4, 7, 9)",V7,G,C#,D,107.75,54.0
863,C#,G,4,D,"(1, 4, 7, 9)",V7,G,C#,D,107.875,54.0
864,A,D,0,D,"(2, 6, 9)",I,D,F#,D,108.0,55.0
865,A,D,1,D,"(2, 6, 9)",I,D,F#,D,108.125,55.0
866,A,D,2,D,"(2, 6, 9)",I,D,F#,D,108.25,55.0
867,A,D,2,D,"(2, 6, 9)",I,D,F#,D,108.375,55.0
868,A,D,3,D,"(2, 6, 9)",I,D,F#,D,108.5,55.0
869,A,D,3,D,"(2, 6, 9)",I,D,F#,D,108.625,55.0
870,A,D,3,D,"(2, 6, 9)",I,D,F#,D,108.75,55.0
871,A,D,3,D,"(2, 6, 9)",I,D,F#,D,108.875,55.0
872,D,F#,4,D,"(2, 6, 9)",I,D,F#,D,109.0,55.0
873,D,F#,4,D,"(2, 6, 9)",I,D,F#,D,109.125,55.0
874,D,F#,4,D,"(2, 6, 9)",I,D,F#,D,109.25,55.0
875,D,F#,4,D,"(2, 6, 9)",I,D,F#,D,109.375,55.0
876,D,F#,4,D,"(2, 6, 9)",I,D,F#,D,109.5,55.0
877,D,F#,4,D,"(2, 6, 9)",I,D,F#,D,109.625,55.0
878,D,F#,4,D,"(2, 6, 9)",I,D,F#,D,109.75,55.0
879,D,F#,4,D,"(2, 6, 9)",I,D,F#,D,109.875,55.0
880,E,A,0,D,"(1, 4, 9)",V,A,C#,D,110.0,56.0
881,E,A,1,D,"(1, 4, 9)",V,A,C#,D,110.125,56.0
882,E,A,2,D,"(1, 4, 9)",V,A,C#,D,110.25,56.0
883,E,A,2,D,"(1, 4, 9)",V,A,C#,D,110.375,56.0
884,E,A,3,D,"(1, 4, 9)",V,A,C#,D,110.5,56.0
885,E,A,3,D,"(1, 4, 9)",V,A,C#,D,110.625,56.0
886,E,A,3,D,"(1, 4, 9)",V,A,C#,D,110.75,56.0
887,E,A,3,D,"(1, 4, 9)",V,A,C#,D,110.875,56.0
888,E,A,4,D,"(1, 4, 9)",V,A,C#,D,111.0,56.0
889,E,A,4,D,"(1, 4, 9)",V,A,C#,D,111.125,56.0
890,E,A,4,D,"(1, 4, 9)",V,A,C#,D,111.25,56.0
891,E,A,4,D,"(1, 4, 9)",V,A,C#,D,111.375,56.0
892,E,A,4,D,"(1, 4, 9)",V,A,C#,D,111.5,56.0
893,E,A,4,D,"(1, 4, 9)",V,A,C#,D,111.625,56.0
894,E,A,4,D,"(1, 4, 9)",V,A,C#,D,111.75,56.0
895,E,A,4,D,"(1, 4, 9)",V,A,C#,D,111.875,56.0
896,E,A,0,D,"(1, 4, 7, 9)",V7,G,C#,D,112.0,57.0
897,E,A,1,D,"(1, 4, 7, 9)",V7,G,C#,D,112.125,57.0
898,E,A,2,D,"(1, 4, 7, 9)",V7,G,C#,D,112.25,57.0
899,E,A,2,D,"(1, 4, 7, 9)",V7,G,C#,D,112.375,57.0
900,E,A,3,D,"(1, 4, 7, 9)",V7,G,C#,D,112.5,57.0
901,E,A,3,D,"(1, 4, 7, 9)",V7,G,C#,D,112.625,57.0
902,E,A,3,D,"(1, 4, 7, 9)",V7,G,C#,D,112.75,57.0
903,E,A,3,D,"(1, 4, 7, 9)",V7,G,C#,D,112.875,57.0
904,E,A,4,D,"(1, 4, 7, 9)",V7,G,C#,D,113.0,57.0
905,E,A,4,D,"(1, 4, 7, 9)",V7,G,C#,D,113.125,57.0
906,E,A,4,D,"(1, 4, 7, 9)",V7,G,C#,D,113.25,57.0
907,E,A,4,D,"(1, 4, 7, 9)",V7,G,C#,D,113.375,57.0
908,E,A,4,D,"(1, 4, 7, 9)",V7,G,C#,D,113.5,57.0
909,E,A,4,D,"(1, 4, 7, 9)",V7,G,C#,D,113.625,57.0
910,E,A,4,D,"(1, 4, 7, 9)",V7,G,C#,D,113.75,57.0
911,E,A,4,D,"(1, 4, 7, 9)",V7,G,C#,D,113.875,57.0
912,A,A,0,D,"(2, 6, 9)",I,D,F#,D,114.0,58.0
913,F#,A,1,D,"(2, 6, 9)",I,D,F#,D,114.125,58.0
914,F#,A,2,D,"(2, 6, 9)",I,D,F#,D,114.25,58.0
915,F#,A,2,D,"(2, 6, 9)",I,D,F#,D,114.375,58.0
916,A,A,3,D,"(2, 6, 9)",I,D,F#,D,114.5,58.0
917,A,A,3,D,"(2, 6, 9)",I,D,F#,D,114.625,58.0
918,A,A,3,D,"(2, 6, 9)",I,D,F#,D,114.75,58.0
919,A,A,3,D,"(2, 6, 9)",I,D,F#,D,114.875,58.0
920,A,A,4,D,"(2, 6, 9)",I,D,F#,D,115.0,58.0
921,A,A,4,D,"(2, 6, 9)",I,D,F#,D,115.125,58.0
922,A,A,4,D,"(2, 6, 9)",I,D,F#,D,115.25,58.0
923,A,A,4,D,"(2, 6, 9)",I,D,F#,D,115.375,58.0
924,D,A,4,D,"(2, 6, 9)",I,D,F#,D,115.5,58.0
925,D,A,4,D,"(2, 6, 9)",I,D,F#,D,115.625,58.0
926,D,A,4,D,"(2, 6, 9)",I,D,F#,D,115.75,58.0
927,D,A,4,D,"(2, 6, 9)",I,D,F#,D,115.875,58.0
928,E,A,0,D,"(1, 4, 7, 9)",V7,G,C#,D,116.0,59.0
929,E,A,1,D,"(1, 4, 7, 9)",V7,G,C#,D,116.125,59.0
930,E,A,2,D,"(1, 4, 7, 9)",V7,G,C#,D,116.25,59.0
931,E,A,2,D,"(1, 4, 7, 9)",V7,G,C#,D,116.375,59.0
932,E,A,3,D,"(1, 4, 7, 9)",V7,G,C#,D,116.5,59.0
933,E,A,3,D,"(1, 4, 7, 9)",V7,G,C#,D,116.625,59.0
934,E,A,3,D,"(1, 4, 7, 9)",V7,G,C#,D,116.75,59.0
935,E,A,3,D,"(1, 4, 7, 9)",V7,G,C#,D,116.875,59.0
936,E,G,0,D,"(1, 4, 7, 9)",V7,E,C#,D,117.0,59.0
937,E,G,1,D,"(1, 4, 7, 9)",V7,E,C#,D,117.125,59.0
938,E,G,2,D,"(1, 4, 7, 9)",V7,E,C#,D,117.25,59.0
939,E,G,2,D,"(1, 4, 7, 9)",V7,E,C#,D,117.375,59.0
940,E,G,3,D,"(1, 4, 7, 9)",V7,E,C#,D,117.5,59.0
941,E,G,3,D,"(1, 4, 7, 9)",V7,E,C#,D,117.625,59.0
942,E,G,3,D,"(1, 4, 7, 9)",V7,E,C#,D,117.75,59.0
943,E,G,3,D,"(1, 4, 7, 9)",V7,E,C#,D,117.875,59.0
944,D,F#,0,D,"(2, 6, 9)",I,D,A,D,118.0,60.0
945,D,F#,1,D,"(2, 6, 9)",I,D,A,D,118.125,60.0
946,D,F#,2,D,"(2, 6, 9)",I,D,A,D,118.25,60.0
947,D,F#,2,D,"(2, 6, 9)",I,D,A,D,118.375,60.0
948,D,F#,3,D,"(2, 6, 9)",I,D,A,D,118.5,60.0
949,D,F#,3,D,"(2, 6, 9)",I,D,A,D,118.625,60.0
950,D,F#,3,D,"(2, 6, 9)",I,D,A,D,118.75,60.0
951,D,F#,3,D,"(2, 6, 9)",I,D,A,D,118.875,60.0
952,D,F#,4,D,"(2, 6, 9)",I,D,A,D,119.0,60.0
953,D,F#,4,D,"(2, 6, 9)",I,D,A,D,119.125,60.0
954,D,F#,4,D,"(2, 6, 9)",I,D,A,D,119.25,60.0
955,D,F#,4,D,"(2, 6, 9)",I,D,A,D,119.375,60.0
956,D,F#,4,D,"(2, 6, 9)",I,D,A,D,119.5,60.0
957,D,F#,4,D,"(2, 6, 9)",I,D,A,D,119.625,60.0
958,D,F#,4,D,"(2, 6, 9)",I,D,A,D,119.75,60.0
959,D,F#,4,D,"(2, 6, 9)",I,D,A,D,119.875,60.0
960,D,F#,0,D,"(2, 6, 9)",I,D,A,D,120.0,61.0
961,D,F#,1,D,"(2, 6, 9)",I,D,A,D,120.125,61.0
962,D,F#,2,D,"(2, 6, 9)",I,D,A,D,120.25,61.0
963,D,F#,2,D,"(2, 6, 9)",I,D,A,D,120.375,61.0
964,D,F#,3,D,"(2, 6, 9)",I,D,A,D,120.5,61.0
965,D,F#,3,D,"(2, 6, 9)",I,D,A,D,120.625,61.0
966,D,F#,3,D,"(2, 6, 9)",I,D,A,D,120.75,61.0
967,D,F#,3,D,"(2, 6, 9)",I,D,A,D,120.875,61.0
968,E,G,0,D,"(4, 7, 11)",ii,E,B,D,121.0,61.0
969,E,G,1,D,"(4, 7, 11)",ii,E,B,D,121.125,61.0
970,E,G,2,D,"(4, 7, 11)",ii,E,B,D,121.25,61.0
971,E,G,2,D,"(4, 7, 11)",ii,E,B,D,121.375,61.0
972,E,G,3,D,"(4, 7, 11)",ii,E,B,D,121.5,61.0
973,E,G,3,D,"(4, 7, 11)",ii,E,B,D,121.625,61.0
974,E,G,3,D,"(4, 7, 11)",ii,E,B,D,121.75,61.0
975,E,G,3,D,"(4, 7, 11)",ii,E,B,D,121.875,61.0
976,D,F#,0,D,"(2, 6, 9)",I,D,A,D,122.0,62.0
977,D,F#,1,D,"(2, 6, 9)",I,D,A,D,122.125,62.0
978,D,F#,2,D,"(2, 6, 9)",I,D,A,D,122.25,62.0
979,D,F#,2,D,"(2, 6, 9)",I,D,A,D,122.375,62.0
980,D,F#,3,D,"(2, 6, 9)",I,D,A,D,122.5,62.0
981,D,F#,3,D,"(2, 6, 9)",I,D,A,D,122.625,62.0
982,D,F#,3,D,"(2, 6, 9)",I,D,A,D,122.75,62.0
983,D,F#,3,D,"(2, 6, 9)",I,D,A,D,122.875,62.0
984,A,D,4,D,"(2, 6, 9)",I,D,F#,D,123.0,62.0
985,A,D,4,D,"(2, 6, 9)",I,D,F#,D,123.125,62.0
986,A,D,4,D,"(2, 6, 9)",I,D,F#,D,123.25,62.0
987,A,D,4,D,"(2, 6, 9)",I,D,F#,D,123.375,62.0
988,A,D,4,D,"(2, 6, 9)",I,D,F#,D,123.5,62.0
989,A,D,4,D,"(2, 6, 9)",I,D,F#,D,123.625,62.0
990,A,D,4,D,"(2, 6, 9)",I,D,F#,D,123.75,62.0
991,A,D,4,D,"(2, 6, 9)",I,D,F#,D,123.875,62.0
992,D,G,0,D,"(2, 7, 11)",IV,G,B,D,124.0,63.0
993,D,G,1,D,"(2, 7, 11)",IV,G,B,D,124.125,63.0
994,D,G,2,D,"(2, 7, 11)",IV,G,B,D,124.25,63.0
995,D,G,2,D,"(2, 7, 11)",IV,G,B,D,124.375,63.0
996,D,G,3,D,"(1, 4, 7, 9)",IV,G,B,D,124.5,63.0
997,D,G,3,D,"(1, 4, 7, 9)",IV,G,B,D,124.625,63.0
998,E,G,3,D,"(1, 4, 7, 9)",IV,G,B,D,124.75,63.0
999,E,G,3,D,"(1, 4, 7, 9)",IV,G,B,D,124.875,63.0
1000,E,A,0,D,"(1, 4, 9)",V,A,C#,D,125.0,63.0
1001,E,A,1,D,"(1, 4, 9)",V,A,C#,D,125.125,63.0
1002,E,A,2,D,"(1, 4, 9)",V,A,C#,D,125.25,63.0
1003,E,A,2,D,"(1, 4, 9)",V,A,C#,D,125.375,63.0
1004,E,A,3,D,"(1, 4, 9)",V,A,C#,D,125.5,63.0
1005,E,A,3,D,"(1, 4, 9)",V7,A,C#,D,125.625,63.0
1006,E,A,3,D,"(1, 4, 9)",V7,A,C#,D,125.75,63.0
1007,E,A,3,D,"(1, 4, 9)",V7,A,C#,D,125.875,63.0
1008,A,D,0,D,"(2, 6, 9)",I,D,F#,D,126.0,64.0
1009,A,D,1,D,"(2, 6, 9)",I,D,F#,D,126.125,64.0
1010,A,D,2,D,"(2, 6, 9)",I,D,F#,D,126.25,64.0
1011,A,D,2,D,"(2, 6, 9)",I,D,F#,D,126.375,64.0
1012,A,D,3,D,"(2, 6, 9)",I,D,F#,D,126.5,64.0
1013,A,D,3,D,"(2, 6, 9)",I,D,F#,D,126.625,64.0
1014,A,D,3,D,"(2, 6, 9)",I,D,F#,D,126.75,64.0
1015,A,D,3,D,"(2, 6, 9)",I,D,F#,D,126.875,64.0
1016,A,D,4,D,"(2, 6, 9)",I,D,F#,D,127.0,64.0
1017,A,D,4,D,"(2, 6, 9)",I,D,F#,D,127.125,64.0
1018,A,D,4,D,"(2, 6, 9)",I,D,F#,D,127.25,64.0
1019,A,D,4,D,"(2, 6, 9)",I,D,F#,D,127.375,64.0
1020,A,D,4,D,"(2, 6, 9)",I,D,F#,D,127.5,64.0
1021,A,D,4,D,"(2, 6, 9)",I,D,F#,D,127.625,64.0
1022,A,D,4,D,"(2, 6, 9)",I,D,F#,D,127.75,64.0
1023,A,D,4,D,"(2, 6, 9)",I,D,F#,D,127.875,64.0
1024,A,D,0,D,"(2, 6, 9)",I,D,F#,D,128.0,65.0
1025,A,D,1,D,"(2, 6, 9)",I,D,F#,D,128.125,65.0
1026,A,D,2,D,"(2, 6, 9)",I,D,F#,D,128.25,65.0
1027,A,D,2,D,"(2, 6, 9)",I,D,F#,D,128.375,65.0
1028,A,D,3,D,"(2, 6, 9)",I,D,F#,D,128.5,65.0
1029,A,D,3,D,"(2, 6, 9)",I,D,F#,D,128.625,65.0
1030,A,D,3,D,"(2, 6, 9)",I,D,F#,D,128.75,65.0
1031,A,D,3,D,"(2, 6, 9)",I,D,F#,D,128.875,65.0
1032,A,A,4,D,"(1, 4, 7, 9)",I,G,C#,D,129.0,65.0
1033,E,A,1,D,"(1, 4, 7, 9)",I,G,C#,D,129.125,65.0
1034,E,A,4,D,"(1, 4, 7, 9)",I,G,C#,D,129.25,65.0
1035,E,A,4,D,"(1, 4, 7, 9)",I,G,C#,D,129.375,65.0
1036,E,A,3,D,"(1, 4, 7, 9)",I,A,C#,D,129.5,65.0
1037,E,A,3,D,"(1, 4, 7, 9)",I,A,C#,D,129.625,65.0
1038,E,A,3,D,"(1, 4, 7, 9)",I,A,C#,D,129.75,65.0
1039,E,A,3,D,"(1, 4, 7, 9)",I,A,C#,D,129.875,65.0
1040,A,F#,0,D,"(2, 6, 9)",I,D,A,D,130.0,66.0
1041,D,F#,1,D,"(2, 6, 9)",I,D,A,D,130.125,66.0
1042,D,F#,2,D,"(2, 6, 9)",I,D,A,D,130.25,66.0
1043,A,F#,2,D,"(2, 6, 9)",I,D,A,D,130.375,66.0
1044,A,F#,3,D,"(2, 6, 9)",I,D,A,D,130.5,66.0
1045,A,F#,3,D,"(2, 6, 9)",I,D,A,D,130.625,66.0
1046,A,F#,3,D,"(2, 6, 9)",I,D,A,D,130.75,66.0
1047,A,F#,3,D,"(2, 6, 9)",I,D,A,D,130.875,66.0
1048,A,D,4,D,"(2, 6, 9)",I,D,A,D,131.0,66.0
1049,A,D,4,D,"(2, 6, 9)",I,D,A,D,131.125,66.0
1050,A,D,4,D,"(2, 6, 9)",I,D,A,D,131.25,66.0
1051,A,D,4,D,"(2, 6, 9)",I,D,A,D,131.375,66.0
1052,A,C#,4,D,"(1, 4, 9)",I,A,A,D,131.5,66.0
1053,A,C#,4,D,"(1, 4, 9)",I,A,A,D,131.625,66.0
1054,A,C#,4,D,"(1, 4, 9)",I,A,A,D,131.75,66.0
1055,A,C#,4,D,"(1, 4, 9)",I,A,A,D,131.875,66.0
1056,D,G,0,D,"(2, 7, 11)",IV,G,B,D,132.0,67.0
1057,D,G,1,D,"(2, 7, 11)",IV,G,B,D,132.125,67.0
1058,D,G,2,D,"(2, 7, 11)",IV,G,B,D,132.25,67.0
1059,D,G,2,D,"(2, 7, 11)",IV,G,B,D,132.375,67.0
1060,D,G,3,D,"(2, 7, 11)",IV,G,B,D,132.5,67.0
1061,D,G,3,D,"(2, 7, 11)",IV,G,B,D,132.625,67.0
1062,D,G,3,D,"(2, 7, 11)",IV,G,B,D,132.75,67.0
1063,D,G,3,D,"(2, 7, 11)",IV,G,B,D,132.875,67.0
1064,D,G,4,D,"(2, 7, 11)",IV,G,B,D,133.0,67.0
1065,D,G,4,D,"(2, 7, 11)",IV,G,B,D,133.125,67.0
1066,D,G,4,D,"(2, 7, 11)",IV,G,B,D,133.25,67.0
1067,D,G,4,D,"(2, 7, 11)",IV,G,B,D,133.375,67.0
1068,D,G,4,D,"(2, 7, 11)",IV,G,B,D,133.5,67.0
1069,D,G,4,D,"(2, 7, 11)",IV,G,B,D,133.625,67.0
1070,D,G,4,D,"(2, 7, 11)",IV,G,B,D,133.75,67.0
1071,D,G,4,D,"(2, 7, 11)",IV,G,B,D,133.875,67.0
1072,D,F#,0,D,"(2, 6, 9)",I,D,A,D,134.0,68.0
1073,D,F#,1,D,"(2, 6, 9)",I,D,A,D,134.125,68.0
1074,D,F#,2,D,"(2, 6, 9)",I,D,A,D,134.25,68.0
1075,D,F#,2,D,"(2, 6, 9)",I,D,A,D,134.375,68.0
1076,D,F#,3,D,"(2, 6, 9)",I,D,A,D,134.5,68.0
1077,D,F#,3,D,"(2, 6, 9)",I,D,A,D,134.625,68.0
1078,D,F#,3,D,"(2, 6, 9)",I,D,A,D,134.75,68.0
1079,D,F#,3,D,"(2, 6, 9)",I,D,A,D,134.875,68.0
1080,D,F#,4,D,"(2, 6, 9)",I,D,A,D,135.0,68.0
1081,D,F#,4,D,"(2, 6, 9)",I,D,A,D,135.125,68.0
1082,D,F#,4,D,"(2, 6, 9)",I,D,A,D,135.25,68.0
1083,D,F#,4,D,"(2, 6, 9)",I,D,A,D,135.375,68.0
1084,D,F#,4,D,"(2, 6, 9)",I,D,A,D,135.5,68.0
1085,D,F#,4,D,"(2, 6, 9)",I,D,A,D,135.625,68.0
1086,D,F#,4,D,"(2, 6, 9)",I,D,A,D,135.75,68.0
1087,D,F#,4,D,"(2, 6, 9)",I,D,A,D,135.875,68.0
1088,A,D,0,D,"(2, 6, 9)",I,D,F#,D,136.0,69.0
1089,A,D,1,D,"(2, 6, 9)",I,D,F#,D,136.125,69.0
1090,A,D,2,D,"(2, 6, 9)",I,D,F#,D,136.25,69.0
1091,A,D,2,D,"(2, 6, 9)",I,D,F#,D,136.375,69.0
1092,A,D,3,D,"(2, 6, 9)",I,D,F#,D,136.5,69.0
1093,A,D,3,D,"(2, 6, 9)",I,D,F#,D,136.625,69.0
1094,A,D,3,D,"(2, 6, 9)",I,D,F#,D,136.75,69.0
1095,A,D,3,D,"(2, 6, 9)",I,D,F#,D,136.875,69.0
1096,A,D,4,D,"(2, 6, 9)",I,D,F#,D,137.0,69.0
1097,A,D,4,D,"(2, 6, 9)",I,D,F#,D,137.125,69.0
1098,A,D,4,D,"(2, 6, 9)",I,D,F#,D,137.25,69.0
1099,A,D,4,D,"(2, 6, 9)",I,D,F#,D,137.375,69.0
1100,A,D,4,D,"(2, 6, 9)",I,D,F#,D,137.5,69.0
1101,A,D,4,D,"(2, 6, 9)",I,D,F#,D,137.625,69.0
1102,A,D,4,D,"(2, 6, 9)",I,D,F#,D,137.75,69.0
1103,A,D,4,D,"(2, 6, 9)",I,D,F#,D,137.875,69.0
1104,E,A,0,D,"(1, 4, 7, 9)",V7,G,C#,D,138.0,70.0
1105,E,A,1,D,"(1, 4, 7, 9)",V7,G,C#,D,138.125,70.0
1106,E,A,2,D,"(1, 4, 7, 9)",V7,G,C#,D,138.25,70.0
1107,E,A,2,D,"(1, 4, 7, 9)",V7,G,C#,D,138.375,70.0
1108,E,A,3,D,"(1, 4, 7, 9)",V7,G,C#,D,138.5,70.0
1109,E,A,3,D,"(1, 4, 7, 9)",V7,G,C#,D,138.625,70.0
1110,E,A,3,D,"(1, 4, 7, 9)",V7,G,C#,D,138.75,70.0
1111,E,A,3,D,"(1, 4, 7, 9)",V7,G,C#,D,138.875,70.0
1112,E,A,4,D,"(1, 4, 7, 9)",V7,G,C#,D,139.0,70.0
1113,E,A,4,D,"(1, 4, 7, 9)",V7,G,C#,D,139.125,70.0
1114,E,A,4,D,"(1, 4, 7, 9)",V7,G,C#,D,139.25,70.0
1115,E,A,4,D,"(1, 4, 7, 9)",V7,G,C#,D,139.375,70.0
1116,E,A,4,D,"(1, 4, 7, 9)",V7,G,C#,D,139.5,70.0
1117,E,A,4,D,"(1, 4, 7, 9)",V7,G,C#,D,139.625,70.0
1118,E,A,4,D,"(1, 4, 7, 9)",V7,G,C#,D,139.75,70.0
1119,E,A,4,D,"(1, 4, 7, 9)",V7,G,C#,D,139.875,70.0
1120,A,D,0,D,"(2, 6, 9)",I,D,F#,D,140.0,71.0
1121,A,D,1,D,"(2, 6, 9)",I,D,F#,D,140.125,71.0
1122,A,D,2,D,"(2, 6, 9)",I,D,F#,D,140.25,71.0
1123,A,D,2,D,"(2, 6, 9)",I,D,F#,D,140.375,71.0
1124,A,D,3,D,"(2, 6, 9)",I,D,F#,D,140.5,71.0
1125,A,D,3,D,"(2, 6, 9)",I,D,F#,D,140.625,71.0
1126,A,D,3,D,"(2, 6, 9)",I,D,F#,D,140.75,71.0
1127,A,D,3,D,"(2, 6, 9)",I,D,F#,D,140.875,71.0
1128,A,D,4,D,"(2, 6, 9)",I,D,F#,D,141.0,71.0
1129,A,D,4,D,"(2, 6, 9)",I,D,F#,D,141.125,71.0
1130,A,D,4,D,"(2, 6, 9)",I,D,F#,D,141.25,71.0
1131,A,D,4,D,"(2, 6, 9)",I,D,F#,D,141.375,71.0
1132,G#,B,0,D,"(2, 8, 11)",viio,G#,D,A,141.5,71.0
1133,G#,B,1,D,"(2, 8, 11)",viio,G#,D,A,141.625,71.0
1134,G#,B,2,D,"(2, 8, 11)",viio,G#,D,A,141.75,71.0
1135,G#,B,2,D,"(2, 8, 11)",viio,G#,D,A,141.875,71.0
1136,A,A,0,D,"(1, 4, 9)",V,A,C#,D,142.0,72.0
1137,A,A,1,D,"(1, 4, 9)",V,A,C#,D,142.125,72.0
1138,A,A,2,D,"(1, 4, 9)",V,A,C#,D,142.25,72.0
1139,A,A,2,D,"(1, 4, 9)",V,A,C#,D,142.375,72.0
1140,A,A,3,D,"(1, 4, 9)",V,A,C#,D,142.5,72.0
1141,A,A,3,D,"(1, 4, 9)",V,A,C#,D,142.625,72.0
1142,A,A,3,D,"(1, 4, 9)",V,A,C#,D,142.75,72.0
1143,A,A,3,D,"(1, 4, 9)",V,A,C#,D,142.875,72.0
1144,E,A,4,D,"(1, 4, 9)",V,A,C#,D,143.0,72.0
1145,E,A,4,D,"(1, 4, 9)",V,A,C#,D,143.125,72.0
1146,E,A,4,D,"(1, 4, 9)",V,A,C#,D,143.25,72.0
1147,E,A,4,D,"(1, 4, 9)",V,A,C#,D,143.375,72.0
1148,E,A,4,D,"(1, 4, 9)",V,A,C#,D,143.5,72.0
1149,E,A,4,D,"(1, 4, 9)",V,A,C#,D,143.625,72.0
1150,E,A,4,D,"(1, 4, 9)",V,A,C#,D,143.75,72.0
1151,E,A,4,D,"(1, 4, 9)",V,A,C#,D,143.875,72.0
1152,E,A,0,D,"(1, 4, 7, 9)",V7,A,C#,D,144.0,73.0
1153,E,A,1,D,"(1, 4, 7, 9)",V7,A,C#,D,144.125,73.0
1154,E,A,2,D,"(1, 4, 7, 9)",V7,A,C#,D,144.25,73.0
1155,E,A,2,D,"(1, 4, 7, 9)",V7,A,C#,D,144.375,73.0
1156,E,A,3,D,"(1, 4, 7, 9)",V7,A,C#,D,144.5,73.0
1157,E,A,3,D,"(1, 4, 7, 9)",V7,A,C#,D,144.625,73.0
1158,E,A,3,D,"(1, 4, 7, 9)",V7,A,C#,D,144.75,73.0
1159,E,A,3,D,"(1, 4, 7, 9)",V7,A,C#,D,144.875,73.0
1160,E,A,4,D,"(1, 4, 7, 9)",V7,G,C#,D,145.0,73.0
1161,E,A,4,D,"(1, 4, 7, 9)",V7,G,C#,D,145.125,73.0
1162,E,A,4,D,"(1, 4, 7, 9)",V7,G,C#,D,145.25,73.0
1163,E,A,4,D,"(1, 4, 7, 9)",V7,G,C#,D,145.375,73.0
1164,E,A,4,D,"(1, 4, 7, 9)",V7,G,C#,D,145.5,73.0
1165,E,A,4,D,"(1, 4, 7, 9)",V7,G,C#,D,145.625,73.0
1166,E,A,4,D,"(1, 4, 7, 9)",V7,G,C#,D,145.75,73.0
1167,E,A,4,D,"(1, 4, 7, 9)",V7,G,C#,D,145.875,73.0
1168,F#,A,0,D,"(2, 6, 9)",I,D,D,D,146.0,74.0
1169,F#,A,1,D,"(2, 6, 9)",I,D,D,D,146.125,74.0
1170,F#,A,2,D,"(2, 6, 9)",I,D,D,D,146.25,74.0
1171,F#,A,2,D,"(2, 6, 9)",I,D,D,D,146.375,74.0
1172,F#,A,3,D,"(2, 6, 9)",I,D,D,D,146.5,74.0
1173,F#,A,3,D,"(2, 6, 9)",I,D,D,D,146.625,74.0
1174,F#,A,3,D,"(2, 6, 9)",I,D,D,D,146.75,74.0
1175,F#,A,3,D,"(2, 6, 9)",I,D,D,D,146.875,74.0
1176,F#,A,4,D,"(2, 6, 9)",I,D,D,D,147.0,74.0
1177,F#,A,4,D,"(2, 6, 9)",I,D,D,D,147.125,74.0
1178,F#,A,4,D,"(2, 6, 9)",I,D,D,D,147.25,74.0
1179,F#,A,4,D,"(2, 6, 9)",I,D,D,D,147.375,74.0
1180,F#,A,4,D,"(2, 6, 9)",I,D,D,D,147.5,74.0
1181,F#,A,4,D,"(2, 6, 9)",I,D,D,D,147.625,74.0
1182,F#,A,4,D,"(2, 6, 9)",I,D,D,D,147.75,74.0
1183,F#,A,4,D,"(2, 6, 9)",I,D,D,D,147.875,74.0
1184,E,A,0,D,"(1, 4, 7, 9)",V7,G,C#,D,148.0,75.0
1185,E,A,1,D,"(1, 4, 7, 9)",V7,G,C#,D,148.125,75.0
1186,E,A,2,D,"(1, 4, 7, 9)",V7,G,C#,D,148.25,75.0
1187,E,A,2,D,"(1, 4, 7, 9)",V7,G,C#,D,148.375,75.0
1188,E,A,3,D,"(1, 4, 7, 9)",V7,G,C#,D,148.5,75.0
1189,E,A,3,D,"(1, 4, 7, 9)",V7,G,C#,D,148.625,75.0
1190,E,A,3,D,"(1, 4, 7, 9)",V7,G,C#,D,148.75,75.0
1191,E,A,3,D,"(1, 4, 7, 9)",V7,G,C#,D,148.875,75.0
1192,E,A,4,D,"(1, 4, 7, 9)",V7,G,C#,D,149.0,75.0
1193,E,A,4,D,"(1, 4, 7, 9)",V7,G,C#,D,149.125,75.0
1194,E,A,4,D,"(1, 4, 7, 9)",V7,G,C#,D,149.25,75.0
1195,E,A,4,D,"(1, 4, 7, 9)",V7,G,C#,D,149.375,75.0
1196,E,A,4,D,"(1, 4, 7, 9)",V7,G,C#,D,149.5,75.0
1197,E,A,4,D,"(1, 4, 7, 9)",V7,G,C#,D,149.625,75.0
1198,E,A,4,D,"(1, 4, 7, 9)",V7,G,C#,D,149.75,75.0
1199,E,A,4,D,"(1, 4, 7, 9)",V7,G,C#,D,149.875,75.0
1200,F#,A,0,D,"(2, 6, 9)",I,D,D,D,150.0,76.0
1201,F#,A,1,D,"(2, 6, 9)",I,D,D,D,150.125,76.0
1202,F#,A,2,D,"(2, 6, 9)",I,D,D,D,150.25,76.0
1203,F#,A,2,D,"(2, 6, 9)",I,D,D,D,150.375,76.0
1204,F#,A,3,D,"(2, 6, 9)",I,D,D,D,150.5,76.0
1205,F#,A,3,D,"(2, 6, 9)",I,D,D,D,150.625,76.0
1206,F#,A,3,D,"(2, 6, 9)",I,D,D,D,150.75,76.0
1207,F#,A,3,D,"(2, 6, 9)",I,D,D,D,150.875,76.0
1208,F#,A,4,D,"(2, 6, 9)",I,D,D,D,151.0,76.0
1209,F#,A,4,D,"(2, 6, 9)",I,D,D,D,151.125,76.0
1210,F#,A,4,D,"(2, 6, 9)",I,D,D,D,151.25,76.0
1211,F#,A,4,D,"(2, 6, 9)",I,D,D,D,151.375,76.0
1212,F#,A,4,D,"(2, 6, 9)",I,D,D,D,151.5,76.0
1213,F#,A,4,D,"(2, 6, 9)",I,D,D,D,151.625,76.0
1214,F#,A,4,D,"(2, 6, 9)",I,D,D,D,151.75,76.0
1215,F#,A,4,D,"(2, 6, 9)",I,D,D,D,151.875,76.0
1216,G,A,0,D,"(1, 4, 7, 9)",V7,A,C#,D,152.0,77.0
1217,G,A,1,D,"(1, 4, 7, 9)",V7,A,C#,D,152.125,77.0
1218,G,A,2,D,"(1, 4, 7, 9)",V7,A,C#,D,152.25,77.0
1219,G,A,2,D,"(1, 4, 7, 9)",V7,A,C#,D,152.375,77.0
1220,G,A,3,D,"(1, 4, 7, 9)",V7,A,C#,D,152.5,77.0
1221,G,A,3,D,"(1, 4, 7, 9)",V7,A,C#,D,152.625,77.0
1222,G,A,3,D,"(1, 4, 7, 9)",V7,A,C#,D,152.75,77.0
1223,G,A,3,D,"(1, 4, 7, 9)",V7,A,C#,D,152.875,77.0
1224,G,C#,4,D,"(1, 4, 7, 9)",V7,A,E,D,153.0,77.0
1225,G,C#,4,D,"(1, 4, 7, 9)",V7,A,E,D,153.125,77.0
1226,G,C#,4,D,"(1, 4, 7, 9)",V7,A,E,D,153.25,77.0
1227,G,C#,4,D,"(1, 4, 7, 9)",V7,A,E,D,153.375,77.0
1228,G,C#,4,D,"(1, 4, 7, 9)",V7,A,E,D,153.5,77.0
1229,G,C#,4,D,"(1, 4, 7, 9)",V7,A,E,D,153.625,77.0
1230,G,C#,4,D,"(1, 4, 7, 9)",V7,A,E,D,153.75,77.0
1231,G,C#,4,D,"(1, 4, 7, 9)",V7,A,E,D,153.875,77.0
1232,A,D,0,D,"(2, 6, 9)",I,D,F#,D,154.0,78.0
1233,A,D,1,D,"(2, 6, 9)",I,D,F#,D,154.125,78.0
1234,A,D,2,D,"(2, 6, 9)",I,D,F#,D,154.25,78.0
1235,A,D,2,D,"(2, 6, 9)",I,D,F#,D,154.375,78.0
1236,A,D,3,D,"(2, 6, 9)",I,D,F#,D,154.5,78.0
1237,A,D,3,D,"(2, 6, 9)",I,D,F#,D,154.625,78.0
1238,A,D,3,D,"(2, 6, 9)",I,D,F#,D,154.75,78.0
1239,A,D,3,D,"(2, 6, 9)",I,D,F#,D,154.875,78.0
1240,A,D,4,D,"(2, 6, 9)",I,D,F#,D,155.0,78.0
1241,A,D,1,D,"(2, 6, 9)",I,D,F#,D,155.125,78.0
1242,A,D,2,D,"(2, 6, 9)",I,D,F#,D,155.25,78.0
1243,A,D,2,D,"(2, 6, 9)",I,D,F#,D,155.375,78.0
1244,D,D,4,D,"(2, 6, 9)",I,D,A,D,155.5,78.0
1245,D,D,4,D,"(2, 6, 9)",I,D,A,D,155.625,78.0
1246,D,D,4,D,"(2, 6, 9)",I,D,A,D,155.75,78.0
1247,D,D,4,D,"(2, 6, 9)",I,D,A,D,155.875,78.0
1248,E,G,0,D,"(4, 7, 11)",ii,E,B,D,156.0,79.0
1249,E,G,1,D,"(4, 7, 11)",ii,E,B,D,156.125,79.0
1250,E,G,2,D,"(4, 7, 11)",ii,E,B,D,156.25,79.0
1251,E,G,2,D,"(4, 7, 11)",ii,E,B,D,156.375,79.0
1252,E,G,3,D,"(4, 7, 11)",ii,E,B,D,156.5,79.0
1253,E,G,3,D,"(4, 7, 11)",ii,E,B,D,156.625,79.0
1254,E,G,3,D,"(4, 7, 11)",ii,E,B,D,156.75,79.0
1255,E,G,3,D,"(4, 7, 11)",ii,E,B,D,156.875,79.0
1256,E,A,0,D,"(1, 4, 9)",V,A,C#,D,157.0,79.0
1257,E,A,1,D,"(1, 4, 9)",V,A,C#,D,157.125,79.0
1258,E,A,2,D,"(1, 4, 9)",V,A,C#,D,157.25,79.0
1259,E,A,2,D,"(1, 4, 9)",V,A,C#,D,157.375,79.0
1260,E,A,3,D,"(1, 4, 9)",V,A,C#,D,157.5,79.0
1261,E,A,3,D,"(1, 4, 9)",V,A,C#,D,157.625,79.0
1262,E,A,3,D,"(1, 4, 9)",V,A,C#,D,157.75,79.0
1263,E,A,3,D,"(1, 4, 9)",V,A,C#,D,157.875,79.0
1264,A,D,0,D,"(2, 6, 9)",I,D,F#,D,158.0,80.0
1265,A,D,1,D,"(2, 6, 9)",I,D,F#,D,158.125,80.0
1266,A,D,2,D,"(2, 6, 9)",I,D,F#,D,158.25,80.0
1267,A,D,2,D,"(2, 6, 9)",I,D,F#,D,158.375,80.0
1268,A,D,3,D,"(2, 6, 9)",I,D,F#,D,158.5,80.0
1269,A,D,3,D,"(2, 6, 9)",I,D,F#,D,158.625,80.0
1270,A,D,3,D,"(2, 6, 9)",I,D,F#,D,158.75,80.0
1271,A,D,3,D,"(2, 6, 9)",I,D,F#,D,158.875,80.0
1272,A,D,4,D,"(2, 6, 9)",I,D,F#,D,159.0,80.0
1273,A,D,4,D,"(2, 6, 9)",I,D,F#,D,159.125,80.0
1274,A,D,4,D,"(2, 6, 9)",I,D,F#,D,159.25,80.0
1275,A,D,4,D,"(2, 6, 9)",I,D,F#,D,159.375,80.0
1276,A,D,4,D,"(2, 6, 9)",I,D,F#,D,159.5,80.0
1277,A,D,4,D,"(2, 6, 9)",I,D,F#,D,159.625,80.0
1278,A,D,4,D,"(2, 6, 9)",I,D,F#,D,159.75,80.0
1279,A,D,4,D,"(2, 6, 9)",I,D,F#,D,159.875,80.0
1280,A,D,0,D,"(2, 6, 9)",I,D,F#,D,160.0,81.0
1281,A,D,1,D,"(2, 6, 9)",I,D,F#,D,160.125,81.0
1282,A,D,2,D,"(2, 6, 9)",I,D,F#,D,160.25,81.0
1283,A,D,2,D,"(2, 6, 9)",I,D,F#,D,160.375,81.0
1284,A,D,3,D,"(2, 6, 9)",I,D,F#,D,160.5,81.0
1285,A,D,3,D,"(2, 6, 9)",I,D,F#,D,160.625,81.0
1286,A,D,3,D,"(2, 6, 9)",I,D,F#,D,160.75,81.0
1287,A,D,3,D,"(2, 6, 9)",I,D,F#,D,160.875,81.0
1288,A,F#,4,D,"(2, 6, 9)",I,D,F#,D,161.0,81.0
1289,A,F#,4,D,"(2, 6, 9)",I,D,F#,D,161.125,81.0
1290,A,F#,4,D,"(2, 6, 9)",I,D,F#,D,161.25,81.0
1291,A,F#,4,D,"(2, 6, 9)",I,D,F#,D,161.375,81.0
1292,A,C#,4,D,"(2, 6, 9)",V,A,F#,D,161.5,81.0
1293,A,C#,4,D,"(2, 6, 9)",V,A,F#,D,161.625,81.0
1294,A,C#,4,D,"(2, 6, 9)",V,A,F#,D,161.75,81.0
1295,A,C#,4,D,"(2, 6, 9)",V,A,F#,D,161.875,81.0
1296,F#,B,0,D,"(2, 6, 11)",I,B,D,D,162.0,82.0
1297,F#,B,1,D,"(2, 6, 11)",I,B,D,D,162.125,82.0
1298,F#,B,2,D,"(2, 6, 11)",I,B,D,D,162.25,82.0
1299,F#,B,2,D,"(2, 6, 11)",I,B,D,D,162.375,82.0
1300,F#,B,3,D,"(2, 6, 11)",I,A,D,D,162.5,82.0
1301,F#,B,3,D,"(2, 6, 11)",I,A,D,D,162.625,82.0
1302,F#,B,3,D,"(2, 6, 11)",I,A,D,D,162.75,82.0
1303,F#,B,3,D,"(2, 6, 11)",I,A,D,D,162.875,82.0
1304,F#,B,4,D,"(2, 6, 9)",I,D,D,D,163.0,82.0
1305,F#,B,4,D,"(2, 6, 9)",I,D,D,D,163.125,82.0
1306,F#,B,2,D,"(2, 6, 9)",I,D,D,D,163.25,82.0
1307,F#,B,2,D,"(2, 6, 9)",I,D,D,D,163.375,82.0
1308,F#,D,4,D,"(2, 6, 9)",I,D,F#,D,163.5,82.0
1309,F#,D,4,D,"(2, 6, 9)",I,D,F#,D,163.625,82.0
1310,F#,D,4,D,"(2, 6, 9)",I,D,F#,D,163.75,82.0
1311,F#,D,4,D,"(2, 6, 9)",I,D,F#,D,163.875,82.0
1312,D,G,0,D,"(4, 7, 11)",IV,G,B,D,164.0,83.0
1313,D,G,1,D,"(4, 7, 11)",ii,G,B,D,164.125,83.0
1314,D,G,2,D,"(4, 7, 11)",ii,G,B,D,164.25,83.0
1315,D,G,2,D,"(4, 7, 11)",ii,G,B,D,164.375,83.0
1316,E,G,3,D,"(1, 4, 7, 9)",V7,E,C#,D,164.5,83.0
1317,E,G,3,D,"(1, 4, 7, 9)",V7,E,C#,D,164.625,83.0
1318,E,G,3,D,"(1, 4, 7, 9)",V7,E,C#,D,164.75,83.0
1319,E,G,3,D,"(1, 4, 7, 9)",V7,E,C#,D,164.875,83.0
1320,D,G,0,D,"(1, 4, 7, 9)",V7,E,A,D,165.0,83.0
1321,D,G,1,D,"(1, 4, 7, 9)",V7,E,A,D,165.125,83.0
1322,D,G,2,D,"(1, 4, 7, 9)",V7,E,A,D,165.25,83.0
1323,D,G,2,D,"(1, 4, 7, 9)",V7,E,A,D,165.375,83.0
1324,E,G,0,D,"(1, 4, 7, 9)",V7,E,A,D,165.5,83.0
1325,C#,G,1,D,"(1, 4, 7, 9)",V7,E,A,D,165.625,83.0
1326,C#,G,2,D,"(1, 4, 7, 9)",V7,E,A,D,165.75,83.0
1327,C#,G,2,D,"(1, 4, 7, 9)",V7,E,A,D,165.875,83.0
1328,C#,F#,0,D,"(2, 6, 9)",I,D,A,D,166.0,84.0
1329,C#,F#,1,D,"(2, 6, 9)",I,D,A,D,166.125,84.0
1330,C#,F#,2,D,"(2, 6, 9)",I,D,A,D,166.25,84.0
1331,C#,F#,2,D,"(2, 6, 9)",I,D,A,D,166.375,84.0
1332,C#,F#,3,D,"(2, 6, 9)",I,D,A,D,166.5,84.0
1333,C#,F#,3,D,"(2, 6, 9)",I,D,A,D,166.625,84.0
1334,C#,F#,3,D,"(2, 6, 9)",I,D,A,D,166.75,84.0
1335,C#,F#,3,D,"(2, 6, 9)",I,D,A,D,166.875,84.0
1336,C#,F#,4,D,"(2, 6, 9)",vi,E,B,D,167.0,84.0
1337,C#,F#,4,D,"(2, 6, 9)",vi,E,B,D,167.125,84.0
1338,C#,F#,4,D,"(2, 6, 9)",vi,E,A#,D,167.25,84.0
1339,C#,F#,4,D,"(2, 6, 9)",vi,E,A#,D,167.375,84.0
1340,C#,F#,4,D,"(2, 7, 11)",vi,E,A#,D,167.5,84.0
1341,C#,F#,4,D,"(2, 7, 11)",vi,E,A#,D,167.625,84.0
1342,C#,F#,4,D,"(2, 7, 11)",vi,E,A#,D,167.75,84.0
1343,C#,F#,4,D,"(2, 7, 11)",IV,E,A#,D,167.875,84.0
1344,A,F#,0,D,"(2, 6, 9)",I,D,F#,D,168.0,85.0
1345,A,F#,1,D,"(2, 6, 9)",I,D,F#,D,168.125,85.0
1346,A,F#,2,D,"(2, 6, 9)",I,D,F#,D,168.25,85.0
1347,A,F#,2,D,"(2, 6, 9)",I,D,F#,D,168.375,85.0
1348,A,D,3,D,"(2, 6, 9)",V7,B,F#,D,168.5,85.0
1349,A,D,3,D,"(2, 6, 9)",V7,B,F#,D,168.625,85.0
1350,A,D,3,D,"(2, 6, 9)",V7,B,F#,D,168.75,85.0
1351,A,D,3,D,"(2, 6, 9)",V7,B,F#,D,168.875,85.0
1352,F#,B,4,D,"(3, 6, 9, 11)",V7,B,F#,D,169.0,85.0
1353,F#,B,1,D,"(3, 6, 9, 11)",V7,B,F#,D,169.125,85.0
1354,F#,B,2,D,"(3, 6, 9, 11)",V7,B,F#,D,169.25,85.0
1355,F#,B,2,D,"(3, 6, 9, 11)",V7,B,F#,D,169.375,85.0
1356,F#,B,4,D,"(3, 6, 9, 11)",V7,A,D#,D,169.5,85.0
1357,F#,B,4,D,"(3, 6, 9, 11)",V7,A,D#,D,169.625,85.0
1358,F#,B,4,D,"(3, 6, 9, 11)",V7,A,D#,D,169.75,85.0
1359,F#,B,4,D,"(3, 6, 9, 11)",V7,A,D#,D,169.875,85.0
1360,A,E,0,D,"(1, 4, 7, 9)",V7,A,E,D,170.0,86.0
1361,A,E,1,D,"(1, 4, 7, 9)",V7,A,E,D,170.125,86.0
1362,A,E,2,D,"(1, 4, 7, 9)",V7,A,E,D,170.25,86.0
1363,A,E,2,D,"(1, 4, 7, 9)",V7,A,E,D,170.375,86.0
1364,A,C#,3,D,"(1, 4, 7, 9)",V7,A,C#,D,170.5,86.0
1365,A,C#,3,D,"(1, 4, 7, 9)",V7,A,C#,D,170.625,86.0
1366,A,C#,3,D,"(1, 4, 7, 9)",V7,A,C#,D,170.75,86.0
1367,A,C#,3,D,"(1, 4, 7, 9)",V7,A,C#,D,170.875,86.0
1368,E,C#,4,D,"(1, 4, 7, 9)",V7,A,C#,D,171.0,86.0
1369,E,C#,4,D,"(1, 4, 7, 9)",V7,A,C#,D,171.125,86.0
1370,E,C#,4,D,"(1, 4, 7, 9)",V7,A,C#,D,171.25,86.0
1371,E,C#,4,D,"(1, 4, 7, 9)",V7,A,C#,D,171.375,86.0
1372,E,A,4,D,"(1, 4, 7, 9)",V7,A,C#,D,171.5,86.0
1373,E,A,4,D,"(1, 4, 7, 9)",V7,A,C#,D,171.625,86.0
1374,E,A,4,D,"(1, 4, 7, 9)",V7,A,C#,D,171.75,86.0
1375,E,A,4,D,"(1, 4, 7, 9)",V7,A,C#,D,171.875,86.0
1376,E,D,0,D,"(2, 6, 9)",I,D,C#,D,172.0,87.0
1377,E,D,1,D,"(2, 6, 11)",I,D,C#,D,172.125,87.0
1378,E,D,2,D,"(2, 6, 9)",I,D,C#,D,172.25,87.0
1379,E,D,2,D,"(2, 6, 9)",I,D,C#,D,172.375,87.0
1380,E,E,3,D,"(2, 4, 8, 11)",V7,E,C#,D,172.5,87.0
1381,E,E,3,D,"(2, 4, 8, 11)",V7,E,C#,D,172.625,87.0
1382,E,E,3,D,"(2, 4, 8, 11)",V7,E,C#,D,172.75,87.0
1383,E,E,3,D,"(2, 4, 8, 11)",V7,E,C#,D,172.875,87.0
1384,D,B,0,D,"(2, 4, 8, 11)",V7,E,D,A,173.0,87.0
1385,D,G#,1,D,"(2, 4, 8, 11)",V7,E,B,A,173.125,87.0
1386,D,G#,2,D,"(2, 4, 8, 11)",V7,E,B,A,173.25,87.0
1387,D,G#,2,D,"(2, 4, 8, 11)",V7,E,B,A,173.375,87.0
1388,E,G#,3,D,"(2, 4, 8, 11)",V,E,B,A,173.5,87.0
1389,E,G#,1,D,"(2, 4, 8, 11)",V,E,B,A,173.625,87.0
1390,E,G#,3,D,"(2, 4, 8, 11)",V,E,B,A,173.75,87.0
1391,E,G#,3,D,"(2, 4, 8, 11)",V,E,B,A,173.875,87.0
1392,E,A,0,D,"(1, 4, 9)",V,A,C#,D,174.0,88.0
1393,E,A,1,D,"(1, 4, 9)",V,A,C#,D,174.125,88.0
1394,E,A,2,D,"(1, 4, 9)",V,A,C#,D,174.25,88.0
1395,E,A,2,D,"(1, 4, 9)",V,A,C#,D,174.375,88.0
1396,E,A,3,D,"(1, 4, 9)",V,A,C#,D,174.5,88.0
1397,E,A,3,D,"(1, 4, 9)",V,A,C#,D,174.625,88.0
1398,E,A,3,D,"(1, 4, 9)",V,A,C#,D,174.75,88.0
1399,E,A,3,D,"(1, 4, 9)",V,A,C#,D,174.875,88.0
1400,E,A,4,D,"(1, 4, 9)",V,A,C#,D,175.0,88.0
1401,E,A,4,D,"(1, 4, 9)",V,A,C#,D,175.125,88.0
1402,E,A,4,D,"(1, 4, 9)",V,A,C#,D,175.25,88.0
1403,E,A,4,D,"(1, 4, 9)",V,A,C#,D,175.375,88.0
1404,E,A,4,D,"(1, 4, 9)",V,A,C#,D,175.5,88.0
1405,E,A,4,D,"(1, 4, 9)",V,A,C#,D,175.625,88.0
1406,E,A,4,D,"(1, 4, 9)",V,A,C#,D,175.75,88.0
1407,E,A,4,D,"(1, 4, 9)",V,A,C#,D,175.875,88.0
1408,E,A,0,D,"(1, 4, 7, 9)",V7,G,C#,D,176.0,89.0
1409,E,A,1,D,"(1, 4, 7, 9)",V7,G,C#,D,176.125,89.0
1410,E,A,2,D,"(1, 4, 7, 9)",V7,G,C#,D,176.25,89.0
1411,E,A,2,D,"(1, 4, 7, 9)",V7,G,C#,D,176.375,89.0
1412,E,A,3,D,"(1, 4, 7, 9)",V7,G,C#,D,176.5,89.0
1413,E,A,3,D,"(1, 4, 7, 9)",V7,G,C#,D,176.625,89.0
1414,E,A,3,D,"(1, 4, 7, 9)",V7,G,C#,D,176.75,89.0
1415,E,A,3,D,"(1, 4, 7, 9)",V7,G,C#,D,176.875,89.0
1416,E,A,4,D,"(1, 4, 7, 9)",V7,G,C#,D,177.0,89.0
1417,E,A,4,D,"(1, 4, 7, 9)",V7,G,C#,D,177.125,89.0
1418,E,A,4,D,"(1, 4, 7, 9)",V7,G,C#,D,177.25,89.0
1419,E,A,4,D,"(1, 4, 7, 9)",V7,G,C#,D,177.375,89.0
1420,E,A,4,D,"(1, 4, 7, 9)",V7,G,C#,D,177.5,89.0
1421,E,A,4,D,"(1, 4, 7, 9)",V7,G,C#,D,177.625,89.0
1422,E,A,4,D,"(1, 4, 7, 9)",V7,G,C#,D,177.75,89.0
1423,E,A,4,D,"(1, 4, 7, 9)",V7,G,C#,D,177.875,89.0
1424,E,A,0,D,"(1, 4, 7, 9)",V7,G,C#,D,178.0,90.0
1425,E,A,1,D,"(1, 4, 7, 9)",V7,G,C#,D,178.125,90.0
1426,E,A,2,D,"(1, 4, 7, 9)",V7,G,C#,D,178.25,90.0
1427,E,A,2,D,"(1, 4, 7, 9)",V7,G,C#,D,178.375,90.0
1428,E,A,3,D,"(1, 4, 7, 9)",V7,G,C#,D,178.5,90.0
1429,E,A,3,D,"(1, 4, 7, 9)",V7,G,C#,D,178.625,90.0
1430,E,A,3,D,"(1, 4, 7, 9)",V7,G,C#,D,178.75,90.0
1431,E,A,3,D,"(1, 4, 7, 9)",V7,G,C#,D,178.875,90.0
1432,A,A,4,D,"(2, 5, 9)",i,D,D,D,179.0,90.0
1433,A,A,4,D,"(2, 5, 9)",i,D,D,d,179.125,90.0
1434,A,A,4,D,"(2, 5, 9)",i,D,D,d,179.25,90.0
1435,A,A,4,D,"(2, 5, 9)",i,D,D,d,179.375,90.0
1436,A,A,4,D,"(2, 5, 9)",i,D,C#,d,179.5,90.0
1437,A,A,4,D,"(2, 5, 9)",i,D,C#,d,179.625,90.0
1438,A,A,4,D,"(2, 5, 9)",i,D,C#,d,179.75,90.0
1439,A,A,4,D,"(2, 5, 9)",i,D,C#,d,179.875,90.0
1440,E,A,0,D,"(1, 4, 7, 9)",V7,A,C#,D,180.0,91.0
1441,E,A,1,D,"(1, 4, 7, 9)",V7,A,C#,D,180.125,91.0
1442,E,A,2,D,"(1, 4, 7, 9)",V7,A,C#,D,180.25,91.0
1443,E,A,2,D,"(1, 4, 7, 9)",V7,A,C#,D,180.375,91.0
1444,E,A,3,D,"(1, 4, 7, 9)",V7,A,C#,D,180.5,91.0
1445,E,A,3,D,"(1, 4, 7, 9)",V7,A,C#,D,180.625,91.0
1446,E,A,3,D,"(1, 4, 7, 9)",V7,A,C#,D,180.75,91.0
1447,E,A,3,D,"(1, 4, 7, 9)",V7,A,C#,D,180.875,91.0
1448,E,C#,4,D,"(1, 4, 7, 9)",V7,A,C#,D,181.0,91.0
1449,E,C#,4,D,"(1, 4, 7, 9)",V7,A,C#,D,181.125,91.0
1450,E,C#,4,D,"(1, 4, 7, 9)",V7,A,C#,D,181.25,91.0
1451,E,C#,4,D,"(1, 4, 7, 9)",V7,A,C#,D,181.375,91.0
1452,E,C#,4,D,"(1, 4, 7, 9)",V7,A,C#,D,181.5,91.0
1453,E,C#,4,D,"(1, 4, 7, 9)",V7,A,C#,D,181.625,91.0
1454,E,C#,4,D,"(1, 4, 7, 9)",V7,A,C#,D,181.75,91.0
1455,E,C#,4,D,"(1, 4, 7, 9)",V7,A,C#,D,181.875,91.0
1456,A,D,0,D,"(1, 4, 7, 9)",I,D,A,D,182.0,92.0
1457,A,D,1,D,"(2, 5, 9)",i,D,A,D,182.125,92.0
1458,A,D,2,D,"(2, 5, 9)",i,D,A,D,182.25,92.0
1459,A,D,2,D,"(2, 5, 9)",i,D,A,D,182.375,92.0
1460,A,D,3,D,"(2, 5, 9)",i,D,A,D,182.5,92.0
1461,A,D,3,D,"(2, 5, 9)",i,D,A,D,182.625,92.0
1462,A,D,3,D,"(2, 5, 9)",i,D,A,D,182.75,92.0
1463,A,D,3,D,"(2, 5, 9)",i,D,A,D,182.875,92.0
1464,A,D,4,D,"(2, 5, 9)",i,D,A,D,183.0,92.0
1465,A,D,4,D,"(2, 5, 9)",i,D,A,D,183.125,92.0
1466,A,D,4,D,"(2, 5, 9)",i,D,A,D,183.25,92.0
1467,A,D,4,D,"(2, 5, 9)",i,D,A,D,183.375,92.0
1468,A,D,4,D,"(2, 5, 9)",i,D,F#,D,183.5,92.0
1469,A,D,4,D,"(2, 5, 9)",i,D,F#,D,183.625,92.0
1470,A,D,4,D,"(2, 5, 9)",i,D,F#,D,183.75,92.0
1471,A,D,4,D,"(2, 5, 9)",i,D,F#,D,183.875,92.0
1472,A,C#,0,D,"(1, 4, 7, 9)",V,A,E,D,184.0,93.0
1473,A,C#,1,D,"(1, 4, 7, 9)",V,A,E,D,184.125,93.0
1474,E,C#,2,D,"(1, 4, 7, 9)",V,A,E,D,184.25,93.0
1475,E,C#,2,D,"(1, 4, 7, 9)",V,A,E,D,184.375,93.0
1476,E,C#,3,D,"(1, 4, 7, 9)",V,A,E,D,184.5,93.0
1477,E,C#,3,D,"(1, 4, 7, 9)",V,A,E,D,184.625,93.0
1478,E,C#,3,D,"(1, 4, 7, 9)",V,A,E,D,184.75,93.0
1479,E,C#,3,D,"(1, 4, 7, 9)",V,A,E,D,184.875,93.0
1480,G,C#,4,D,"(1, 4, 7, 9)",V7,A,E,D,185.0,93.0
1481,G,C#,4,D,"(1, 4, 7, 9)",V7,A,E,D,185.125,93.0
1482,G,C#,4,D,"(1, 4, 7, 9)",V7,A,E,D,185.25,93.0
1483,G,C#,4,D,"(1, 4, 7, 9)",V7,A,E,D,185.375,93.0
1484,G,C#,4,D,"(1, 4, 7, 9)",V7,A,E,D,185.5,93.0
1485,G,C#,4,D,"(1, 4, 7, 9)",V7,A,E,D,185.625,93.0
1486,G,C#,4,D,"(1, 4, 7, 9)",V7,A,E,D,185.75,93.0
1487,G,C#,4,D,"(1, 4, 7, 9)",V7,A,E,D,185.875,93.0
1488,A,D,0,D,"(2, 6, 9)",I,D,F#,D,186.0,94.0
1489,A,D,1,D,"(2, 6, 9)",I,D,F#,D,186.125,94.0
1490,A,D,2,D,"(2, 6, 9)",I,D,F#,D,186.25,94.0
1491,A,D,2,D,"(2, 6, 9)",I,D,F#,D,186.375,94.0
1492,A,D,3,D,"(2, 6, 9)",I,D,F#,D,186.5,94.0
1493,A,D,3,D,"(2, 6, 9)",I,D,F#,D,186.625,94.0
1494,A,D,3,D,"(2, 6, 9)",I,D,F#,D,186.75,94.0
1495,A,D,3,D,"(2, 6, 9)",I,D,F#,D,186.875,94.0
1496,A,F#,4,D,"(2, 6, 9)",I,D,A,D,187.0,94.0
1497,D,F#,4,D,"(2, 6, 9)",I,D,A,D,187.125,94.0
1498,D,F#,2,D,"(2, 6, 9)",I,D,A,D,187.25,94.0
1499,D,F#,4,D,"(2, 6, 9)",I,D,A,D,187.375,94.0
1500,C,F#,4,D,"(2, 6, 9)",V7,D,A,D,187.5,94.0
1501,D,F#,1,D,"(2, 6, 9)",V7,D,A,D,187.625,94.0
1502,C,F#,4,D,"(2, 6, 9)",V7,D,A,D,187.75,94.0
1503,D,F#,4,D,"(2, 6, 9)",V7,D,A,D,187.875,94.0
1504,D,G,0,D,"(2, 7, 11)",IV,G,B,D,188.0,95.0
1505,D,G,1,D,"(2, 7, 11)",IV,G,B,D,188.125,95.0
1506,D,G,2,D,"(2, 7, 11)",IV,G,B,D,188.25,95.0
1507,D,G,2,D,"(2, 7, 11)",IV,G,B,D,188.375,95.0
1508,D,A,3,D,"(2, 7, 11)",V,G,C#,D,188.5,95.0
1509,D,A,3,D,"(1, 4, 9)",V,G,C#,D,188.625,95.0
1510,D,A,3,D,"(1, 4, 9)",V,G,C#,D,188.75,95.0
1511,D,A,3,D,"(1, 4, 9)",V,G,C#,D,188.875,95.0
1512,E,A,0,D,"(1, 4, 9)",V,A,C#,D,189.0,95.0
1513,E,A,1,D,"(1, 4, 9)",V,A,C#,D,189.125,95.0
1514,E,A,2,D,"(1, 4, 9)",V,A,C#,D,189.25,95.0
1515,E,A,2,D,"(1, 4, 9)",V,A,C#,D,189.375,95.0
1516,E,A,3,D,"(1, 4, 9)",V,A,C#,D,189.5,95.0
1517,E,A,3,D,"(1, 4, 9)",V,A,C#,D,189.625,95.0
1518,E,A,3,D,"(1, 4, 9)",V,A,C#,D,189.75,95.0
1519,E,A,3,D,"(1, 4, 9)",V,A,C#,D,189.875,95.0
1520,A,D,0,D,"(2, 6, 9)",I,D,F#,D,190.0,96.0
1521,A,D,1,D,"(2, 6, 9)",I,D,F#,D,190.125,96.0
1522,A,D,2,D,"(2, 6, 9)",I,D,F#,D,190.25,96.0
1523,A,D,2,D,"(2, 6, 9)",I,D,F#,D,190.375,96.0
1524,A,D,3,D,"(2, 6, 9)",I,D,F#,D,190.5,96.0
1525,A,D,3,D,"(2, 6, 9)",I,D,F#,D,190.625,96.0
1526,A,D,3,D,"(2, 6, 9)",I,D,F#,D,190.75,96.0
1527,A,D,3,D,"(2, 6, 9)",I,D,F#,D,190.875,96.0
1528,A,D,4,D,"(2, 6, 9)",I,D,F#,D,191.0,96.0
1529,A,D,4,D,"(2, 6, 9)",I,D,F#,D,191.125,96.0
1530,A,D,4,D,"(2, 6, 9)",I,D,F#,D,191.25,96.0
1531,A,D,4,D,"(2, 6, 9)",I,D,F#,D,191.375,96.0
1532,A,D,4,D,"(2, 6, 9)",I,D,F#,D,191.5,96.0
1533,A,D,4,D,"(2, 6, 9)",I,D,F#,D,191.625,96.0
1534,A,D,4,D,"(2, 6, 9)",I,D,F#,D,191.75,96.0
1535,A,D,4,D,"(2, 6, 9)",I,D,F#,D,191.875,96.0
1536,A,F#,0,D,"(2, 6, 9)",I,D,F#,D,192.0,97.0
1537,A,F#,1,D,"(2, 6, 9)",I,D,F#,D,192.125,97.0
1538,A,F#,2,D,"(2, 6, 9)",I,D,F#,D,192.25,97.0
1539,A,F#,2,D,"(2, 6, 9)",I,D,F#,D,192.375,97.0
1540,A,C#,0,D,"(1, 5, 8)",V,D,F#,D,192.5,97.0
1541,A,C#,3,D,"(1, 5, 8)",V,D,F#,D,192.625,97.0
1542,A,C#,3,D,"(1, 5, 8)",V,D,F#,D,192.75,97.0
1543,A,C#,3,D,"(1, 5, 8)",V,D,F#,D,192.875,97.0
1544,A,C#,4,D,"(1, 5, 8)",V,D,F#,D,193.0,97.0
1545,A,C#,4,D,"(1, 5, 8)",V,D,F#,D,193.125,97.0
1546,A,C#,4,D,"(2, 6, 9)",V,D,F#,D,193.25,97.0
1547,A,C#,4,D,"(2, 6, 9)",V,D,F#,D,193.375,97.0
1548,A,D,4,D,"(2, 6, 9)",I,D,F#,D,193.5,97.0
1549,A,D,4,D,"(2, 6, 9)",I,D,F#,D,193.625,97.0
1550,A,D,4,D,"(2, 6, 9)",I,D,F#,D,193.75,97.0
1551,A,D,4,D,"(2, 6, 9)",I,D,F#,D,193.875,97.0
1552,A,D,0,D,"(2, 6, 9)",I,D,F#,D,194.0,98.0
1553,A,D,1,D,"(2, 6, 9)",I,D,F#,D,194.125,98.0
1554,A,D,2,D,"(2, 6, 9)",I,D,F#,D,194.25,98.0
1555,F#,D,2,D,"(2, 6, 9)",I,D,F#,D,194.375,98.0
1556,F#,D,3,D,"(2, 6, 11)",I,D,D,D,194.5,98.0
1557,F#,D,3,D,"(2, 6, 11)",I,D,D,D,194.625,98.0
1558,F#,D,3,D,"(2, 6, 11)",I,D,D,D,194.75,98.0
1559,F#,D,3,D,"(2, 6, 11)",I,D,D,D,194.875,98.0
1560,F#,D,4,D,"(2, 6, 11)",I,D,D,D,195.0,98.0
1561,F#,D,4,D,"(2, 6, 11)",I,D,D,D,195.125,98.0
1562,F#,D,4,D,"(2, 6, 11)",I,D,D,D,195.25,98.0
1563,F#,D,4,D,"(2, 6, 11)",I,D,D,D,195.375,98.0
1564,F#,B,4,D,"(2, 6, 11)",I,B,D,D,195.5,98.0
1565,F#,B,4,D,"(2, 6, 11)",I,B,D,D,195.625,98.0
1566,F#,B,4,D,"(2, 6, 11)",I,B,D,D,195.75,98.0
1567,F#,B,4,D,"(2, 6, 11)",I,B,D,D,195.875,98.0
1568,F#,B,0,D,"(2, 6, 11)",vi,B,D,D,196.0,99.0
1569,F#,B,1,D,"(2, 6, 11)",vi,B,D,D,196.125,99.0
1570,F#,B,2,D,"(2, 6, 11)",vi,B,D,D,196.25,99.0
1571,F#,B,2,D,"(2, 6, 11)",vi,B,D,D,196.375,99.0
1572,D,F#,3,D,"(2, 6, 11)",vi,B,D,D,196.5,99.0
1573,D,F#,3,D,"(2, 6, 11)",vi,B,B,D,196.625,99.0
1574,D,F#,3,D,"(2, 6, 11)",vi,B,B,D,196.75,99.0
1575,D,F#,3,D,"(2, 6, 11)",vi,B,B,D,196.875,99.0
1576,D,F#,4,D,"(2, 6, 11)",vi,D,B,D,197.0,99.0
1577,D,F#,4,D,"(2, 6, 11)",vi,D,B,D,197.125,99.0
1578,D,F#,4,D,"(2, 6, 11)",vi,D,B,D,197.25,99.0
1579,D,F#,4,D,"(2, 6, 11)",vi,D,B,D,197.375,99.0
1580,D,G,0,D,"(2, 7, 11)",IV,G,B,D,197.5,99.0
1581,D,G,1,D,"(2, 7, 11)",IV,G,B,D,197.625,99.0
1582,D,G,2,D,"(2, 7, 11)",IV,G,B,D,197.75,99.0
1583,D,G,2,D,"(2, 7, 11)",IV,G,B,D,197.875,99.0
1584,D,G,0,D,"(2, 7, 11)",ii,D,B,D,198.0,100.0
1585,D,G,1,D,"(2, 7, 11)",ii,D,B,D,198.125,100.0
1586,D,G,2,D,"(2, 7, 11)",ii,D,B,D,198.25,100.0
1587,D,G,2,D,"(2, 7, 11)",ii,D,B,D,198.375,100.0
1588,D,F#,3,D,"(2, 6, 9)",viio,D,B,D,198.5,100.0
1589,D,F#,3,D,"(2, 6, 9)",viio,D,B,D,198.625,100.0
1590,D,F#,3,D,"(2, 6, 9)",viio,D,B,D,198.75,100.0
1591,D,F#,3,D,"(2, 6, 9)",viio,D,B,D,198.875,100.0
1592,D,F#,4,D,"(2, 6, 9)",viio,D,A,D,199.0,100.0
1593,D,F#,4,D,"(2, 6, 9)",viio,D,A,D,199.125,100.0
1594,D,F#,4,D,"(2, 6, 9)",V7,D,A,D,199.25,100.0
1595,D,F#,4,D,"(2, 6, 9)",V7,D,A,D,199.375,100.0
1596,D,F#,0,D,"(2, 6, 9)",I,D,A,D,199.5,100.0
1597,D,F#,1,D,"(2, 6, 9)",I,D,A,D,199.625,100.0
1598,D,F#,2,D,"(2, 6, 9)",I,D,A,D,199.75,100.0
1599,D,F#,2,D,"(2, 6, 9)",I,D,A,D,199.875,100.0
1600,D,F#,0,D,"(2, 6, 9)",I,D,A,D,200.0,101.0
1601,D,F#,1,D,"(2, 6, 9)",I,D,A,D,200.125,101.0
1602,D,F#,2,D,"(2, 6, 9)",I,D,A,D,200.25,101.0
1603,D,F#,2,D,"(2, 6, 9)",I,D,A,D,200.375,101.0
1604,A,D,3,D,"(2, 6, 9)",I,D,A,D,200.5,101.0
1605,A,D,3,D,"(2, 6, 9)",I,D,A,D,200.625,101.0
1606,A,D,3,D,"(2, 6, 9)",I,D,A,D,200.75,101.0
1607,A,D,3,D,"(2, 6, 9)",I,D,F#,D,200.875,101.0
1608,A,D,4,D,"(2, 6, 9)",I,D,F#,D,201.0,101.0
1609,A,D,4,D,"(2, 6, 9)",I,D,F#,D,201.125,101.0
1610,A,D,4,D,"(2, 6, 9)",I,D,F#,D,201.25,101.0
1611,A,D,4,D,"(2, 6, 9)",I,D,F#,D,201.375,101.0
1612,A,D,0,D,"(2, 6, 9)",I,D,F#,D,201.5,101.0
1613,A,D,4,D,"(2, 6, 9)",I,D,F#,D,201.625,101.0
1614,A,D,4,D,"(2, 6, 9)",I,D,F#,D,201.75,101.0
1615,A,D,4,D,"(2, 6, 9)",I,D,F#,D,201.875,101.0
1616,A,D,0,D,"(2, 6, 9)",I,D,F#,D,202.0,102.0
1617,A,D,1,D,"(2, 6, 9)",I,D,F#,D,202.125,102.0
1618,A,D,2,D,"(2, 6, 9)",I,D,F#,D,202.25,102.0
1619,A,D,2,D,"(2, 6, 9)",I,D,F#,D,202.375,102.0
1620,A,E,3,D,"(2, 6, 9)",I,D,F#,D,202.5,102.0
1621,A,E,3,D,"(1, 4, 7, 9)",I,D,F#,D,202.625,102.0
1622,A,E,3,D,"(1, 4, 7, 9)",I,D,F#,D,202.75,102.0
1623,A,E,3,D,"(1, 4, 7, 9)",I,D,F#,D,202.875,102.0
1624,A,E,4,D,"(1, 4, 7, 9)",V7,D,F#,D,203.0,102.0
1625,A,E,4,D,"(1, 4, 7, 9)",V7,D,F#,D,203.125,102.0
1626,A,E,4,D,"(1, 4, 7, 9)",V7,D,F#,D,203.25,102.0
1627,A,E,4,D,"(1, 4, 7, 9)",V7,D,F#,D,203.375,102.0
1628,E,A,4,D,"(1, 4, 7, 9)",V7,D,C#,D,203.5,102.0
1629,E,A,4,D,"(1, 4, 7, 9)",V7,D,C#,D,203.625,102.0
1630,E,A,4,D,"(1, 4, 7, 9)",V7,D,C#,D,203.75,102.0
1631,E,A,4,D,"(1, 4, 7, 9)",V7,D,C#,D,203.875,102.0
1632,A,D,0,D,"(2, 6, 9)",I,D,F#,D,204.0,103.0
1633,A,D,1,D,"(2, 6, 9)",I,D,F#,D,204.125,103.0
1634,A,D,2,D,"(2, 6, 9)",I,D,F#,D,204.25,103.0
1635,A,D,2,D,"(2, 6, 9)",I,D,F#,D,204.375,103.0
1636,A,D,3,D,"(2, 6, 9)",I,D,F#,D,204.5,103.0
1637,A,D,3,D,"(2, 6, 9)",I,D,F#,D,204.625,103.0
1638,A,D,3,D,"(2, 6, 9)",I,D,F#,D,204.75,103.0
1639,A,D,3,D,"(2, 6, 9)",I,D,F#,D,204.875,103.0
1640,A,D,4,D,"(2, 6, 9)",I,D,F#,D,205.0,103.0
1641,A,D,4,D,"(2, 6, 9)",I,D,F#,D,205.125,103.0
1642,A,D,4,D,"(2, 6, 9)",I,D,F#,D,205.25,103.0
1643,A,D,4,D,"(2, 6, 9)",I,D,F#,D,205.375,103.0
1644,A,D,4,D,"(2, 6, 9)",I,D,F#,D,205.5,103.0
1645,A,D,4,D,"(2, 6, 9)",I,D,F#,D,205.625,103.0
1646,A,D,4,D,"(2, 6, 9)",I,D,F#,D,205.75,103.0
1647,A,D,4,D,"(2, 6, 9)",I,D,F#,D,205.875,103.0
1648,A,A,0,D,"(2, 6, 9)",I,D,F#,D,206.0,104.0
1649,A,A,1,D,"(2, 6, 9)",I,D,A,D,206.125,104.0
1650,A,A,2,D,"(2, 6, 9)",I,D,A,D,206.25,104.0
1651,A,A,2,D,"(2, 6, 9)",I,D,F#,D,206.375,104.0
1652,E,A,3,D,"(1, 4, 9)",V,A,C#,D,206.5,104.0
1653,E,A,3,D,"(1, 4, 9)",V,A,C#,D,206.625,104.0
1654,E,A,3,D,"(1, 4, 9)",V,A,C#,D,206.75,104.0
1655,E,A,3,D,"(1, 4, 9)",V,A,C#,D,206.875,104.0
1656,E,A,4,D,"(1, 4, 9)",V,A,C#,D,207.0,104.0
1657,E,A,4,D,"(1, 4, 9)",V,A,C#,D,207.125,104.0
1658,E,A,4,D,"(1, 4, 9)",V,A,C#,D,207.25,104.0
1659,E,A,4,D,"(1, 4, 9)",V,A,C#,D,207.375,104.0
1660,E,A,4,D,"(1, 4, 9)",V,A,C#,D,207.5,104.0
1661,E,A,4,D,"(1, 4, 9)",V,A,C#,D,207.625,104.0
1662,E,A,4,D,"(1, 4, 9)",V,A,C#,D,207.75,104.0
1663,E,A,4,D,"(1, 4, 9)",V,A,C#,D,207.875,104.0
1664,A,D,0,D,"(2, 6, 9)",I,D,F#,D,208.0,105.0
1665,A,D,1,D,"(2, 6, 9)",I,D,F#,D,208.125,105.0
1666,A,D,2,D,"(2, 6, 9)",I,D,F#,D,208.25,105.0
1667,A,D,2,D,"(2, 6, 9)",I,D,F#,D,208.375,105.0
1668,A,D,3,D,"(2, 6, 9)",I,D,F#,D,208.5,105.0
1669,A,D,3,D,"(2, 6, 9)",I,D,F#,D,208.625,105.0
1670,A,D,3,D,"(2, 6, 9)",I,D,F#,D,208.75,105.0
1671,A,D,3,D,"(2, 6, 9)",I,D,F#,D,208.875,105.0
1672,A,D,4,D,"(2, 6, 9)",I,D,F#,D,209.0,105.0
1673,A,D,4,D,"(2, 6, 9)",I,D,F#,D,209.125,105.0
1674,A,D,4,D,"(2, 6, 9)",I,D,F#,D,209.25,105.0
1675,A,D,4,D,"(2, 6, 9)",I,D,F#,D,209.375,105.0
1676,A,D,4,D,"(2, 6, 9)",I,D,F#,D,209.5,105.0
1677,A,D,4,D,"(2, 6, 9)",I,D,F#,D,209.625,105.0
1678,A,D,4,D,"(2, 6, 9)",I,D,F#,D,209.75,105.0
1679,A,D,4,D,"(2, 6, 9)",I,D,F#,D,209.875,105.0
1680,A,C#,0,D,"(2, 6, 9)",I,D,F#,D,210.0,106.0
1681,A,C#,1,D,"(2, 6, 9)",I,A,F#,D,210.125,106.0
1682,A,C#,2,D,"(2, 6, 9)",I,A,F#,D,210.25,106.0
1683,A,C#,2,D,"(2, 6, 9)",I,A,F#,D,210.375,106.0
1684,A,C#,3,D,"(1, 4, 9)",I,A,E,D,210.5,106.0
1685,A,C#,3,D,"(1, 4, 9)",I,A,E,D,210.625,106.0
1686,A,C#,3,D,"(1, 4, 9)",I,A,E,D,210.75,106.0
1687,A,C#,3,D,"(1, 4, 9)",I,A,E,D,210.875,106.0
1688,A,C#,4,D,"(1, 4, 9)",I,A,E,D,211.0,106.0
1689,A,C#,4,D,"(1, 4, 9)",I,A,E,D,211.125,106.0
1690,A,C#,4,D,"(1, 4, 9)",I,A,E,D,211.25,106.0
1691,A,C#,4,D,"(1, 4, 9)",I,A,E,D,211.375,106.0
1692,A,D,4,D,"(2, 6, 9)",I,A,E,D,211.5,106.0
1693,A,D,4,D,"(2, 6, 9)",I,A,E,D,211.625,106.0
1694,A,D,4,D,"(2, 6, 9)",I,A,E,D,211.75,106.0
1695,A,D,4,D,"(2, 6, 9)",I,A,E,D,211.875,106.0
1696,E,A,0,D,"(1, 4, 7, 9)",V7,G,C#,D,212.0,107.0
1697,E,A,1,D,"(1, 4, 7, 9)",V7,G,C#,D,212.125,107.0
1698,E,A,2,D,"(1, 4, 7, 9)",V7,G,C#,D,212.25,107.0
1699,E,A,2,D,"(1, 4, 7, 9)",V7,G,C#,D,212.375,107.0
1700,E,A,3,D,"(1, 4, 7, 9)",I,D,C#,D,212.5,107.0
1701,E,A,3,D,"(1, 4, 7, 9)",I,D,C#,D,212.625,107.0
1702,E,A,3,D,"(1, 4, 7, 9)",I,D,C#,D,212.75,107.0
1703,E,A,3,D,"(1, 4, 7, 9)",I,D,C#,D,212.875,107.0
1704,E,A,4,D,"(1, 4, 7, 9)",I,D,C#,D,213.0,107.0
1705,E,A,4,D,"(1, 4, 7, 9)",I,D,C#,D,213.125,107.0
1706,E,A,4,D,"(1, 4, 7, 9)",I,D,C#,D,213.25,107.0
1707,E,A,4,D,"(1, 4, 7, 9)",I,D,C#,D,213.375,107.0
1708,E,A,4,D,"(1, 4, 7, 9)",I,D,C#,D,213.5,107.0
1709,E,A,4,D,"(1, 4, 7, 9)",V7,D,C#,D,213.625,107.0
1710,E,A,4,D,"(1, 4, 7, 9)",I,D,C#,D,213.75,107.0
1711,E,A,4,D,"(1, 4, 7, 9)",I,D,C#,D,213.875,107.0
1712,A,D,0,D,"(2, 6, 9)",I,D,F#,D,214.0,108.0
1713,A,D,1,D,"(2, 6, 9)",I,D,F#,D,214.125,108.0
1714,A,D,2,D,"(2, 6, 9)",I,D,F#,D,214.25,108.0
1715,A,D,2,D,"(2, 6, 9)",I,D,F#,D,214.375,108.0
1716,A,D,3,D,"(2, 6, 9)",I,D,F#,D,214.5,108.0
1717,A,D,3,D,"(2, 6, 9)",I,D,F#,D,214.625,108.0
1718,A,D,3,D,"(2, 6, 9)",I,D,F#,D,214.75,108.0
1719,A,D,3,D,"(2, 6, 9)",I,D,F#,D,214.875,108.0
1720,A,D,4,D,"(2, 6, 9)",I,D,F#,D,215.0,108.0
1721,A,D,4,D,"(2, 6, 9)",I,D,F#,D,215.125,108.0
1722,A,D,4,D,"(2, 6, 9)",I,D,F#,D,215.25,108.0
1723,A,D,4,D,"(2, 6, 9)",I,D,F#,D,215.375,108.0
1724,A,D,4,D,"(2, 6, 9)",I,D,F#,D,215.5,108.0
1725,A,D,4,D,"(2, 6, 9)",I,D,F#,D,215.625,108.0
1726,A,D,4,D,"(2, 6, 9)",I,D,F#,D,215.75,108.0
1727,A,D,4,D,"(2, 6, 9)",I,D,F#,D,215.875,108.0
1728,E,A,0,D,"(1, 4, 7, 9)",V7,D,C#,D,216.0,109.0
1729,E,A,1,D,"(1, 4, 7, 9)",V7,D,C#,D,216.125,109.0
1730,E,A,2,D,"(1, 4, 7, 9)",V7,D,C#,D,216.25,109.0
1731,E,A,2,D,"(1, 4, 7, 9)",V7,D,C#,D,216.375,109.0
1732,E,A,3,D,"(1, 4, 7, 9)",V7,D,C#,D,216.5,109.0
1733,E,A,3,D,"(1, 4, 7, 9)",V7,D,C#,D,216.625,109.0
1734,E,A,3,D,"(1, 4, 7, 9)",V7,D,C#,D,216.75,109.0
1735,E,A,3,D,"(1, 4, 7, 9)",V7,D,C#,D,216.875,109.0
1736,E,A,4,D,"(1, 4, 7, 9)",V7,D,C#,D,217.0,109.0
1737,E,A,4,D,"(1, 4, 7, 9)",V7,D,C#,D,217.125,109.0
1738,E,A,4,D,"(1, 4, 7, 9)",V7,D,C#,D,217.25,109.0
1739,E,A,4,D,"(1, 4, 7, 9)",V7,D,C#,D,217.375,109.0
1740,E,A,4,D,"(1, 4, 7, 9)",V7,D,C#,D,217.5,109.0
1741,E,A,4,D,"(1, 4, 7, 9)",V7,D,C#,D,217.625,109.0
1742,E,A,4,D,"(1, 4, 7, 9)",V7,D,C#,D,217.75,109.0
1743,E,A,4,D,"(1, 4, 7, 9)",V7,D,C#,D,217.875,109.0
1744,A,D,0,D,"(2, 6, 9)",I,D,A,D,218.0,110.0
1745,A,D,1,D,"(2, 6, 9)",I,D,A,D,218.125,110.0
1746,A,D,2,D,"(2, 6, 9)",I,D,A,D,218.25,110.0
1747,A,D,2,D,"(2, 6, 9)",I,D,A,D,218.375,110.0
1748,A,D,3,D,"(2, 6, 9)",I,D,F#,D,218.5,110.0
1749,A,D,3,D,"(2, 6, 9)",I,D,F#,D,218.625,110.0
1750,A,D,3,D,"(2, 6, 9)",I,D,F#,D,218.75,110.0
1751,A,D,3,D,"(2, 6, 9)",I,D,F#,D,218.875,110.0
1752,A,D,4,D,"(2, 6, 9)",I,D,F#,D,219.0,110.0
1753,A,D,4,D,"(2, 6, 9)",I,D,F#,D,219.125,110.0
1754,A,D,4,D,"(2, 6, 9)",I,D,F#,D,219.25,110.0
1755,A,D,4,D,"(2, 6, 9)",I,D,F#,D,219.375,110.0
1756,A,D,4,D,"(2, 6, 9)",I,D,F#,D,219.5,110.0
1757,A,D,4,D,"(2, 6, 9)",I,D,F#,D,219.625,110.0
1758,A,D,4,D,"(2, 6, 9)",I,D,F#,D,219.75,110.0
1759,A,D,4,D,"(2, 6, 9)",I,D,F#,D,219.875,110.0
1760,E,A,0,D,"(1, 4, 7, 9)",V7,G,C#,D,220.0,111.0
1761,E,A,1,D,"(1, 4, 7, 9)",V7,G,C#,D,220.125,111.0
1762,E,A,2,D,"(1, 4, 7, 9)",V7,G,C#,D,220.25,111.0
1763,E,A,2,D,"(1, 4, 7, 9)",V7,G,C#,D,220.375,111.0
1764,E,A,3,D,"(1, 4, 7, 9)",V7,G,C#,D,220.5,111.0
1765,E,A,3,D,"(1, 4, 7, 9)",V7,G,C#,D,220.625,111.0
1766,E,A,3,D,"(1, 4, 7, 9)",V7,G,C#,D,220.75,111.0
1767,E,A,3,D,"(1, 4, 7, 9)",V7,G,C#,D,220.875,111.0
1768,E,A,4,D,"(1, 4, 7, 9)",V7,G,C#,D,221.0,111.0
1769,E,A,4,D,"(1, 4, 7, 9)",V7,G,C#,D,221.125,111.0
1770,E,A,4,D,"(1, 4, 7, 9)",V7,G,C#,D,221.25,111.0
1771,E,A,4,D,"(1, 4, 7, 9)",V7,G,C#,D,221.375,111.0
1772,E,A,4,D,"(1, 4, 7, 9)",V7,G,C#,D,221.5,111.0
1773,E,A,4,D,"(1, 4, 7, 9)",V7,G,C#,D,221.625,111.0
1774,E,A,4,D,"(1, 4, 7, 9)",V7,G,C#,D,221.75,111.0
1775,E,A,4,D,"(1, 4, 7, 9)",V7,G,C#,D,221.875,111.0
1776,A,D,0,D,"(2, 6, 9)",I,D,F#,D,222.0,112.0
1777,A,D,1,D,"(2, 6, 9)",I,D,F#,D,222.125,112.0
1778,A,D,2,D,"(2, 6, 9)",I,D,F#,D,222.25,112.0
1779,A,D,2,D,"(2, 6, 9)",I,D,F#,D,222.375,112.0
1780,A,D,3,D,"(2, 6, 9)",I,D,F#,D,222.5,112.0
1781,A,D,3,D,"(2, 6, 9)",I,D,F#,D,222.625,112.0
1782,A,D,3,D,"(2, 6, 9)",I,D,F#,D,222.75,112.0
1783,A,D,3,D,"(2, 6, 9)",I,D,F#,D,222.875,112.0
1784,A,D,4,D,"(2, 6, 9)",I,D,F#,D,223.0,112.0
1785,A,D,4,D,"(2, 6, 9)",I,D,F#,D,223.125,112.0
1786,A,D,4,D,"(2, 6, 9)",I,D,F#,D,223.25,112.0
1787,A,D,4,D,"(2, 6, 9)",I,D,F#,D,223.375,112.0
1788,A,D,4,D,"(2, 6, 9)",I,D,F#,D,223.5,112.0
1789,A,D,4,D,"(2, 6, 9)",I,D,F#,D,223.625,112.0
1790,A,D,4,D,"(2, 6, 9)",I,D,F#,D,223.75,112.0
1791,A,D,4,D,"(2, 6, 9)",I,D,F#,D,223.875,112.0
1792,A,D,0,D,"(2, 6, 9)",I,D,F#,D,224.0,113.0
1793,A,D,1,D,"(2, 6, 9)",I,D,F#,D,224.125,113.0
1794,A,D,2,D,"(2, 6, 9)",I,D,F#,D,224.25,113.0
1795,A,D,2,D,"(2, 6, 9)",I,D,F#,D,224.375,113.0
1796,A,D,3,D,"(2, 6, 9)",I,D,F#,D,224.5,113.0
1797,A,D,3,D,"(2, 6, 9)",I,D,F#,D,224.625,113.0
1798,A,D,3,D,"(2, 6, 9)",I,D,F#,D,224.75,113.0
1799,A,D,3,D,"(2, 6, 9)",I,D,F#,D,224.875,113.0
1800,A,D,4,D,"(2, 6, 9)",I,D,F#,D,225.0,113.0
1801,A,D,4,D,"(2, 6, 9)",I,D,F#,D,225.125,113.0
1802,A,D,4,D,"(2, 6, 9)",I,D,F#,D,225.25,113.0
1803,A,D,4,D,"(2, 6, 9)",I,D,F#,D,225.375,113.0
1804,A,D,4,D,"(2, 6, 9)",I,D,F#,D,225.5,113.0
1805,A,D,4,D,"(2, 6, 9)",I,D,F#,D,225.625,113.0
1806,A,D,4,D,"(2, 6, 9)",I,D,F#,D,225.75,113.0
1807,A,D,4,D,"(1, 4, 7, 9)",V7,D,F#,D,225.875,113.0
1808,D,F#,0,D,"(2, 6, 9)",I,D,A,D,226.0,114.0
1809,D,F#,1,D,"(2, 6, 9)",I,D,A,D,226.125,114.0
1810,D,F#,2,D,"(2, 6, 9)",I,D,A,D,226.25,114.0
1811,D,F#,2,D,"(2, 6, 9)",I,D,A,D,226.375,114.0
1812,D,F#,3,D,"(2, 6, 9)",I,D,A,D,226.5,114.0
1813,D,F#,3,D,"(2, 6, 9)",I,D,A,D,226.625,114.0
1814,D,F#,3,D,"(2, 6, 9)",I,D,A,D,226.75,114.0
1815,D,F#,3,D,"(2, 6, 9)",I,D,A,D,226.875,114.0
1816,D,F#,4,D,"(2, 6, 9)",I,D,A,D,227.0,114.0
1817,D,F#,4,D,"(2, 6, 9)",I,D,A,D,227.125,114.0
1818,D,F#,4,D,"(2, 6, 9)",I,D,A,D,227.25,114.0
1819,D,F#,4,D,"(2, 6, 9)",I,D,A,D,227.375,114.0
1820,D,F#,4,D,"(2, 6, 9)",I,D,A,D,227.5,114.0
1821,D,F#,4,D,"(2, 6, 9)",I,D,A,D,227.625,114.0
1822,D,F#,4,D,"(2, 6, 9)",I,D,A,D,227.75,114.0
1823,D,F#,4,D,"(2, 6, 9)",I,D,A,D,227.875,114.0
1824,A,D,0,D,"(1, 4, 7, 9)",V7,D,F#,D,228.0,115.0
1825,A,D,1,D,"(1, 4, 7, 9)",V7,D,F#,D,228.125,115.0
1826,A,D,2,D,"(1, 4, 7, 9)",V7,D,F#,D,228.25,115.0
1827,A,D,2,D,"(1, 4, 7, 9)",V7,D,F#,D,228.375,115.0
1828,A,D,3,D,"(1, 4, 7, 9)",V7,D,F#,D,228.5,115.0
1829,A,D,3,D,"(1, 4, 7, 9)",V7,D,F#,D,228.625,115.0
1830,A,D,3,D,"(1, 4, 7, 9)",V7,D,F#,D,228.75,115.0
1831,A,D,3,D,"(1, 4, 7, 9)",V7,D,F#,D,228.875,115.0
1832,A,D,4,D,"(1, 4, 7, 9)",V7,D,F#,D,229.0,115.0
1833,A,D,4,D,"(1, 4, 7, 9)",V7,D,F#,D,229.125,115.0
1834,A,D,4,D,"(1, 4, 7, 9)",V7,D,F#,D,229.25,115.0
1835,A,D,4,D,"(1, 4, 7, 9)",V7,D,F#,D,229.375,115.0
1836,A,D,4,D,"(1, 4, 7, 9)",V7,D,F#,D,229.5,115.0
1837,A,D,4,D,"(1, 4, 7, 9)",V7,D,F#,D,229.625,115.0
1838,A,D,4,D,"(1, 4, 7, 9)",V7,D,F#,D,229.75,115.0
1839,A,D,4,D,"(1, 4, 7, 9)",V7,D,F#,D,229.875,115.0
1840,A,F#,0,D,"(2, 6, 9)",I,D,A,D,230.0,116.0
1841,A,F#,1,D,"(2, 6, 9)",I,D,A,D,230.125,116.0
1842,A,F#,2,D,"(2, 6, 9)",I,D,A,D,230.25,116.0
1843,A,F#,2,D,"(2, 6, 9)",I,D,A,D,230.375,116.0
1844,A,F#,3,D,"(2, 6, 9)",I,D,A,D,230.5,116.0
1845,A,F#,3,D,"(2, 6, 9)",I,D,A,D,230.625,116.0
1846,A,F#,3,D,"(2, 6, 9)",I,D,A,D,230.75,116.0
1847,A,F#,3,D,"(2, 6, 9)",I,D,A,D,230.875,116.0
1848,A,F#,4,D,"(2, 6, 9)",I,D,A,D,231.0,116.0
1849,A,F#,4,D,"(2, 6, 9)",I,D,A,D,231.125,116.0
1850,A,F#,4,D,"(2, 6, 9)",I,D,A,D,231.25,116.0
1851,A,F#,4,D,"(2, 6, 9)",I,D,A,D,231.375,116.0
1852,A,D,4,D,"(2, 6, 9)",I,D,A,D,231.5,116.0
1853,A,D,4,D,"(2, 6, 9)",I,D,A,D,231.625,116.0
1854,A,D,4,D,"(2, 6, 9)",I,D,A,D,231.75,116.0
1855,A,D,4,D,"(2, 6, 9)",I,D,A,D,231.875,116.0
1856,A,D,0,D,"(1, 4, 7, 9)",V7,D,F#,D,232.0,117.0
1857,A,D,1,D,"(1, 4, 7, 9)",V7,D,F#,D,232.125,117.0
1858,A,D,2,D,"(1, 4, 7, 9)",V7,D,F#,D,232.25,117.0
1859,A,D,2,D,"(1, 4, 7, 9)",V7,D,F#,D,232.375,117.0
1860,A,D,3,D,"(1, 4, 7, 9)",I,D,F#,D,232.5,117.0
1861,A,D,3,D,"(1, 4, 7, 9)",I,D,F#,D,232.625,117.0
1862,A,D,3,D,"(2, 6, 9)",I,D,F#,D,232.75,117.0
1863,A,D,3,D,"(1, 4, 7, 9)",I,D,F#,D,232.875,117.0
1864,A,D,4,D,"(1, 4, 7, 9)",I,D,F#,D,233.0,117.0
1865,A,D,4,D,"(1, 4, 7, 9)",I,D,F#,D,233.125,117.0
1866,A,D,4,D,"(2, 6, 9)",I,D,F#,D,233.25,117.0
1867,A,D,4,D,"(1, 4, 7, 9)",I,D,F#,D,233.375,117.0
1868,A,D,4,D,"(1, 4, 7, 9)",V7,D,F#,D,233.5,117.0
1869,A,D,4,D,"(1, 4, 7, 9)",V7,D,F#,D,233.625,117.0
1870,A,D,4,D,"(1, 4, 7, 9)",V7,D,F#,D,233.75,117.0
1871,A,D,4,D,"(1, 4, 7, 9)",V7,D,F#,D,233.875,117.0
1872,D,F#,0,D,"(2, 6, 9)",I,D,A,D,234.0,118.0
1873,D,F#,1,D,"(2, 6, 9)",I,D,A,D,234.125,118.0
1874,D,F#,2,D,"(2, 6, 9)",I,D,A,D,234.25,118.0
1875,D,F#,2,D,"(2, 6, 9)",I,D,A,D,234.375,118.0
1876,D,F#,3,D,"(2, 6, 9)",I,D,A,D,234.5,118.0
1877,D,F#,3,D,"(2, 6, 9)",I,D,A,D,234.625,118.0
1878,D,F#,3,D,"(2, 6, 9)",I,D,A,D,234.75,118.0
1879,D,F#,3,D,"(2, 6, 9)",I,D,A,D,234.875,118.0
1880,D,F#,4,D,"(2, 6, 9)",I,D,A,D,235.0,118.0
1881,D,F#,4,D,"(2, 6, 9)",I,D,A,D,235.125,118.0
1882,D,F#,4,D,"(2, 6, 9)",I,D,A,D,235.25,118.0
1883,D,F#,4,D,"(2, 6, 9)",I,D,A,D,235.375,118.0
1884,D,F#,0,D,"(2, 6, 9)",I,D,A,D,235.5,118.0
1885,D,F#,4,D,"(2, 6, 9)",I,D,A,D,235.625,118.0
1886,D,F#,2,D,"(2, 6, 9)",I,D,A,D,235.75,118.0
1887,D,F#,2,D,"(2, 6, 9)",I,D,A,D,235.875,118.0
1888,A,F#,0,D,"(2, 6, 9)",I,D,A,D,236.0,119.0
1889,A,A,1,D,"(2, 6, 9)",I,D,A,D,236.125,119.0
1890,A,A,2,D,"(2, 6, 9)",I,D,A,D,236.25,119.0
1891,A,A,2,D,"(2, 6, 9)",I,D,A,D,236.375,119.0
1892,E,E,3,D,"(4, 7, 11)",ii,E,G,D,236.5,119.0
1893,E,E,3,D,"(4, 7, 11)",ii,E,G,D,236.625,119.0
1894,E,E,3,D,"(4, 7, 11)",ii,E,G,D,236.75,119.0
1895,E,E,3,D,"(4, 7, 11)",ii,E,G,D,236.875,119.0
1896,E,A,4,D,"(1, 4, 7, 9)",V7,G,C#,D,237.0,119.0
1897,E,A,1,D,"(1, 4, 7, 9)",V7,G,C#,D,237.125,119.0
1898,E,A,2,D,"(1, 4, 7, 9)",V7,G,C#,D,237.25,119.0
1899,E,A,4,D,"(1, 4, 7, 9)",V7,G,C#,D,237.375,119.0
1900,E,A,4,D,"(1, 4, 7, 9)",V7,G,C#,D,237.5,119.0
1901,E,A,4,D,"(1, 4, 7, 9)",V7,G,C#,D,237.625,119.0
1902,E,A,4,D,"(1, 4, 7, 9)",V7,G,C#,D,237.75,119.0
1903,E,A,4,D,"(1, 4, 7, 9)",V7,G,C#,D,237.875,119.0
1904,A,D,0,D,"(2, 6, 9)",I,D,F#,D,238.0,120.0
1905,A,D,1,D,"(2, 6, 9)",I,D,F#,D,238.125,120.0
1906,A,D,2,D,"(2, 6, 9)",I,D,F#,D,238.25,120.0
1907,A,D,2,D,"(2, 6, 9)",I,D,F#,D,238.375,120.0
1908,A,D,3,D,"(2, 6, 9)",I,D,F#,D,238.5,120.0
1909,A,D,3,D,"(2, 6, 9)",I,D,F#,D,238.625,120.0
1910,A,D,3,D,"(2, 6, 9)",I,D,F#,D,238.75,120.0
1911,A,D,3,D,"(2, 6, 9)",I,D,F#,D,238.875,120.0
1912,A,D,4,D,"(2, 6, 9)",I,D,F#,D,239.0,120.0
1913,A,D,4,D,"(2, 6, 9)",I,D,F#,D,239.125,120.0
1914,A,D,4,D,"(2, 6, 9)",I,D,F#,D,239.25,120.0
1915,A,D,4,D,"(2, 6, 9)",I,D,F#,D,239.375,120.0
1916,A,D,4,D,"(2, 6, 9)",I,D,F#,D,239.5,120.0
1917,A,D,4,D,"(2, 6, 9)",I,D,F#,D,239.625,120.0
1918,A,D,4,D,"(2, 6, 9)",I,D,F#,D,239.75,120.0
1919,A,D,4,D,"(2, 6, 9)",I,D,F#,D,239.875,120.0
1920,F#,D,0,D,"(2, 6, 9)",I,D,F#,D,240.0,121.0
1921,F#,D,1,D,"(2, 6, 9)",I,D,F#,D,240.125,121.0
1922,F#,D,2,D,"(2, 6, 9)",I,D,F#,D,240.25,121.0
1923,F#,D,2,D,"(2, 6, 9)",I,D,F#,D,240.375,121.0
1924,F#,D,3,D,"(2, 6, 9)",I,D,F#,D,240.5,121.0
1925,F#,D,3,D,"(2, 6, 9)",I,D,F#,D,240.625,121.0
1926,F#,D,3,D,"(2, 6, 9)",I,D,F#,D,240.75,121.0
1927,F#,D,3,D,"(2, 6, 9)",I,D,F#,D,240.875,121.0
1928,F#,D,4,D,"(2, 6, 9)",I,D,F#,D,241.0,121.0
1929,F#,D,4,D,"(2, 6, 9)",I,D,F#,D,241.125,121.0
1930,F#,D,4,D,"(2, 6, 9)",I,D,F#,D,241.25,121.0
1931,F#,D,4,D,"(2, 6, 9)",I,D,F#,D,241.375,121.0
1932,F#,D,4,D,"(2, 6, 9)",I,D,F#,D,241.5,121.0
1933,F#,D,4,D,"(2, 6, 9)",I,D,F#,D,241.625,121.0
1934,F#,D,4,D,"(2, 6, 9)",I,D,F#,D,241.75,121.0
1935,F#,D,4,D,"(2, 6, 9)",I,D,F#,D,241.875,121.0
1936,F#,B,0,D,"(2, 6, 11)",I,B,D,D,242.0,122.0
1937,F#,B,1,D,"(2, 6, 11)",vi,B,D,D,242.125,122.0
1938,F#,B,2,D,"(2, 6, 11)",vi,B,D,D,242.25,122.0
1939,F#,B,2,D,"(2, 6, 11)",vi,B,D,D,242.375,122.0
1940,F#,B,3,D,"(2, 6, 11)",vi,B,D,D,242.5,122.0
1941,F#,B,3,D,"(2, 6, 11)",vi,B,D,D,242.625,122.0
1942,F#,B,3,D,"(2, 6, 11)",vi,B,D,D,242.75,122.0
1943,F#,B,3,D,"(2, 6, 11)",vi,B,D,D,242.875,122.0
1944,F#,F#,0,D,"(2, 6, 11)",I,F#,A#,D,243.0,122.0
1945,F#,F#,1,D,"(2, 6, 11)",I,F#,A#,D,243.125,122.0
1946,F#,F#,2,D,"(1, 6, 10)",I,F#,A#,D,243.25,122.0
1947,F#,F#,2,D,"(1, 6, 10)",I,F#,A#,D,243.375,122.0
1948,F#,F#,3,D,"(2, 6, 11)",I,F#,A#,D,243.5,122.0
1949,F#,F#,3,D,"(2, 6, 11)",I,F#,A#,D,243.625,122.0
1950,F#,F#,3,D,"(2, 6, 11)",I,F#,A#,D,243.75,122.0
1951,F#,F#,3,D,"(2, 6, 11)",I,F#,A#,D,243.875,122.0
1952,D,G,0,D,"(2, 7, 11)",IV,G,B,D,244.0,123.0
1953,D,G,1,D,"(2, 7, 11)",IV,G,B,D,244.125,123.0
1954,D,G,2,D,"(2, 7, 11)",IV,G,B,D,244.25,123.0
1955,D,G,2,D,"(2, 7, 11)",IV,G,B,D,244.375,123.0
1956,D,G,3,D,"(2, 7, 11)",IV,G,B,D,244.5,123.0
1957,D,G,3,D,"(2, 7, 11)",IV,G,B,D,244.625,123.0
1958,D,G,3,D,"(2, 7, 11)",IV,G,B,D,244.75,123.0
1959,D,G,3,D,"(2, 7, 11)",IV,G,B,D,244.875,123.0
1960,G,C#,0,D,"(1, 4, 7, 11)",ii,B,E,D,245.0,123.0
1961,G,C#,1,D,"(1, 4, 7, 11)",viiø7,B,E,D,245.125,123.0
1962,G,C#,2,D,"(1, 4, 7, 11)",viiø7,B,E,D,245.25,123.0
1963,G,C#,2,D,"(1, 4, 7, 11)",viiø7,B,E,D,245.375,123.0
1964,G,C#,3,D,"(1, 4, 7, 11)",viiø7,B,E,D,245.5,123.0
1965,G,C#,3,D,"(1, 4, 7, 11)",viiø7,B,E,D,245.625,123.0
1966,G,C#,3,D,"(1, 4, 7, 11)",viiø7,B,E,D,245.75,123.0
1967,G,C#,3,D,"(1, 4, 7, 11)",viiø7,B,E,D,245.875,123.0
1968,D,F#,0,D,"(2, 6, 9)",I,D,A,D,246.0,124.0
1969,D,F#,1,D,"(2, 6, 9)",I,D,A,D,246.125,124.0
1970,D,F#,2,D,"(2, 6, 9)",I,D,A,D,246.25,124.0
1971,D,F#,2,D,"(2, 6, 9)",I,D,A,D,246.375,124.0
1972,D,F#,3,D,"(2, 6, 9)",I,D,A,D,246.5,124.0
1973,D,F#,3,D,"(2, 6, 9)",I,D,A,D,246.625,124.0
1974,D,F#,3,D,"(2, 6, 9)",I,D,A,D,246.75,124.0
1975,D,F#,3,D,"(2, 6, 9)",I,D,A,D,246.875,124.0
1976,D,F#,4,D,"(2, 6, 9)",I,D,A,D,247.0,124.0
1977,D,F#,4,D,"(2, 6, 9)",I,D,A,D,247.125,124.0
1978,D,F#,4,D,"(2, 6, 9)",I,D,A,D,247.25,124.0
1979,D,F#,4,D,"(2, 6, 9)",I,D,A,D,247.375,124.0
1980,D,F#,4,D,"(2, 6, 9)",I,D,A,D,247.5,124.0
1981,D,F#,4,D,"(2, 6, 9)",I,D,A,D,247.625,124.0
1982,D,F#,4,D,"(2, 6, 9)",I,D,A,D,247.75,124.0
1983,D,F#,4,D,"(2, 6, 9)",I,D,A,D,247.875,124.0
1984,D,F#,0,D,"(2, 6, 9)",I,D,A,D,248.0,125.0
1985,D,F#,1,D,"(2, 6, 9)",I,D,A,D,248.125,125.0
1986,D,F#,2,D,"(2, 6, 9)",I,D,A,D,248.25,125.0
1987,D,F#,2,D,"(2, 6, 9)",I,D,A,D,248.375,125.0
1988,D,F#,3,D,"(2, 6, 9)",I,D,A,D,248.5,125.0
1989,D,F#,3,D,"(2, 6, 9)",I,D,A,D,248.625,125.0
1990,D,F#,3,D,"(2, 6, 9)",I,D,A,D,248.75,125.0
1991,D,F#,3,D,"(2, 6, 9)",I,D,A,D,248.875,125.0
1992,F#,B,0,D,"(2, 6, 11)",vi,B,D,D,249.0,125.0
1993,F#,B,1,D,"(2, 6, 11)",vi,B,D,D,249.125,125.0
1994,F#,B,2,D,"(2, 6, 11)",vi,B,D,D,249.25,125.0
1995,F#,B,2,D,"(2, 6, 11)",vi,B,D,D,249.375,125.0
1996,F#,B,3,D,"(2, 6, 11)",vi,B,D,D,249.5,125.0
1997,F#,B,3,D,"(2, 6, 11)",vi,B,D,D,249.625,125.0
1998,F#,B,3,D,"(2, 6, 11)",vi,B,D,D,249.75,125.0
1999,F#,B,3,D,"(2, 6, 11)",vi,B,D,D,249.875,125.0
2000,G,B,0,D,"(2, 7, 11)",IV,G,D,D,250.0,126.0
2001,G,B,1,D,"(2, 7, 11)",IV,G,D,D,250.125,126.0
2002,G,B,2,D,"(2, 7, 11)",IV,G,D,D,250.25,126.0
2003,G,B,2,D,"(2, 7, 11)",IV,G,D,D,250.375,126.0
2004,G,B,3,D,"(2, 7, 11)",IV,G,D,D,250.5,126.0
2005,G,B,3,D,"(2, 7, 11)",IV,G,D,D,250.625,126.0
2006,G,B,3,D,"(2, 7, 11)",IV,G,D,D,250.75,126.0
2007,G,B,3,D,"(2, 7, 11)",IV,G,D,D,250.875,126.0
2008,E,A,0,D,"(1, 4, 7, 9)",V7,G,C#,D,251.0,126.0
2009,E,A,1,D,"(1, 4, 7, 9)",V7,G,C#,D,251.125,126.0
2010,E,A,2,D,"(1, 4, 7, 9)",V7,G,C#,D,251.25,126.0
2011,E,A,2,D,"(1, 4, 7, 9)",V7,G,C#,D,251.375,126.0
2012,E,A,3,D,"(1, 4, 7, 9)",V7,G,C#,D,251.5,126.0
2013,E,A,3,D,"(1, 4, 7, 9)",V7,G,C#,D,251.625,126.0
2014,E,A,4,D,"(1, 4, 7, 9)",V7,G,C#,D,251.75,126.0
2015,E,A,4,D,"(1, 4, 7, 9)",V7,G,C#,D,251.875,126.0
2016,A,D,0,D,"(2, 6, 9)",I,D,F#,D,252.0,127.0
2017,A,D,1,D,"(2, 6, 9)",I,D,F#,D,252.125,127.0
2018,A,D,2,D,"(2, 6, 9)",I,D,F#,D,252.25,127.0
2019,A,D,2,D,"(2, 6, 9)",I,D,F#,D,252.375,127.0
2020,A,D,3,D,"(2, 6, 9)",I,D,F#,D,252.5,127.0
2021,A,D,3,D,"(2, 6, 9)",I,D,F#,D,252.625,127.0
2022,A,D,3,D,"(2, 6, 9)",I,D,F#,D,252.75,127.0
2023,A,D,3,D,"(2, 6, 9)",I,D,F#,D,252.875,127.0
2024,G#,B,0,D,"(2, 4, 8, 11)",V7,G#,D,A,253.0,127.0
2025,E,B,1,D,"(2, 4, 8, 11)",V7,G#,D,A,253.125,127.0
2026,E,B,2,D,"(2, 4, 8, 11)",V7,G#,D,A,253.25,127.0
2027,E,B,2,D,"(2, 4, 8, 11)",V7,G#,D,A,253.375,127.0
2028,E,B,3,D,"(2, 4, 8, 11)",V7,G#,D,A,253.5,127.0
2029,E,B,3,D,"(2, 4, 8, 11)",V7,G#,D,A,253.625,127.0
2030,E,B,3,D,"(2, 4, 8, 11)",V7,G#,D,A,253.75,127.0
2031,E,B,3,D,"(2, 4, 8, 11)",V7,G#,D,A,253.875,127.0
2032,E,A,0,D,"(1, 4, 9)",V,A,C#,D,254.0,128.0
2033,E,A,1,D,"(1, 4, 9)",V,A,C#,D,254.125,128.0
2034,E,A,2,D,"(1, 4, 9)",V,A,C#,D,254.25,128.0
2035,E,A,2,D,"(1, 4, 9)",V,A,C#,D,254.375,128.0
2036,E,A,3,D,"(1, 4, 9)",V,A,C#,D,254.5,128.0
2037,E,A,3,D,"(1, 4, 9)",V,A,C#,D,254.625,128.0
2038,E,A,3,D,"(1, 4, 9)",V,A,C#,D,254.75,128.0
2039,E,A,3,D,"(1, 4, 9)",V,A,C#,D,254.875,128.0
2040,E,A,4,D,"(1, 4, 9)",V,A,C#,D,255.0,128.0
2041,E,A,4,D,"(1, 4, 9)",V,A,C#,D,255.125,128.0
2042,E,A,4,D,"(1, 4, 9)",V,A,C#,D,255.25,128.0
2043,E,A,4,D,"(1, 4, 9)",V,A,C#,D,255.375,128.0
2044,E,A,4,D,"(1, 4, 9)",V,A,C#,D,255.5,128.0
2045,E,A,4,D,"(1, 4, 9)",V,A,C#,D,255.625,128.0
2046,E,A,4,D,"(1, 4, 9)",V,A,C#,D,255.75,128.0
2047,E,A,4,D,"(1, 4, 9)",V,A,C#,D,255.875,128.0
2048,E,A,0,D,"(1, 4, 9)",I,A,C#,D,256.0,129.0
2049,E,A,1,D,"(1, 4, 9)",I,A,C#,D,256.125,129.0
2050,E,A,2,D,"(1, 4, 9)",I,A,C#,D,256.25,129.0
2051,E,A,2,D,"(1, 4, 9)",I,A,C#,D,256.375,129.0
2052,E,A,3,D,"(1, 4, 9)",I,A,C#,D,256.5,129.0
2053,E,A,3,D,"(1, 4, 9)",I,A,C#,D,256.625,129.0
2054,E,A,3,D,"(1, 4, 9)",I,A,C#,D,256.75,129.0
2055,E,A,3,D,"(1, 4, 9)",I,A,C#,D,256.875,129.0
2056,E,A,4,D,"(1, 4, 9)",I,D,C#,D,257.0,129.0
2057,E,A,4,D,"(1, 4, 9)",I,D,C#,D,257.125,129.0
2058,E,A,4,D,"(1, 4, 9)",I,D,C#,D,257.25,129.0
2059,E,A,4,D,"(1, 4, 9)",I,D,C#,D,257.375,129.0
2060,E,A,4,D,"(1, 4, 9)",I,D,C#,D,257.5,129.0
2061,E,A,4,D,"(1, 4, 9)",I,D,C#,D,257.625,129.0
2062,E,A,4,D,"(1, 4, 9)",I,D,C#,D,257.75,129.0
2063,E,A,4,D,"(1, 4, 9)",I,D,C#,D,257.875,129.0
2064,E,A,0,D,"(1, 4, 7, 9)",V7,G,C#,D,258.0,130.0
2065,E,A,1,D,"(1, 4, 7, 9)",V7,G,C#,D,258.125,130.0
2066,E,A,2,D,"(1, 4, 7, 9)",V7,G,C#,D,258.25,130.0
2067,E,A,2,D,"(1, 4, 7, 9)",V7,G,C#,D,258.375,130.0
2068,E,A,3,D,"(1, 4, 7, 9)",V7,G,C#,D,258.5,130.0
2069,E,A,3,D,"(1, 4, 7, 9)",V7,G,C#,D,258.625,130.0
2070,E,A,3,D,"(1, 4, 7, 9)",V7,G,C#,D,258.75,130.0
2071,E,A,3,D,"(1, 4, 7, 9)",V7,G,C#,D,258.875,130.0
2072,A,D,0,D,"(2, 6, 9)",I,D,F#,D,259.0,130.0
2073,A,D,1,D,"(2, 6, 9)",I,D,F#,D,259.125,130.0
2074,A,D,2,D,"(2, 6, 9)",I,D,F#,D,259.25,130.0
2075,A,D,2,D,"(2, 6, 9)",I,D,F#,D,259.375,130.0
2076,A,D,3,D,"(2, 6, 9)",I,D,F#,D,259.5,130.0
2077,A,D,3,D,"(2, 6, 9)",I,D,F#,D,259.625,130.0
2078,A,D,3,D,"(2, 6, 9)",I,D,F#,D,259.75,130.0
2079,A,D,3,D,"(2, 6, 9)",I,D,F#,D,259.875,130.0
2080,C#,G,0,D,"(1, 4, 7, 9)",V7,G,A,D,260.0,131.0
2081,C#,G,1,D,"(1, 4, 7, 9)",V7,G,A,D,260.125,131.0
2082,C#,G,2,D,"(1, 4, 7, 9)",V7,G,A,D,260.25,131.0
2083,C#,G,2,D,"(1, 4, 7, 9)",V7,G,A,D,260.375,131.0
2084,C#,G,3,D,"(1, 4, 7, 9)",V7,G,A,D,260.5,131.0
2085,C#,G,3,D,"(1, 4, 7, 9)",V7,G,A,D,260.625,131.0
2086,C#,G,3,D,"(1, 4, 7, 9)",V7,G,A,D,260.75,131.0
2087,C#,G,3,D,"(1, 4, 7, 9)",V7,G,A,D,260.875,131.0
2088,D,F#,0,D,"(2, 6, 9)",I,D,A,D,261.0,131.0
2089,D,F#,1,D,"(2, 6, 9)",I,D,A,D,261.125,131.0
2090,D,F#,2,D,"(2, 6, 9)",I,D,A,D,261.25,131.0
2091,D,F#,2,D,"(2, 6, 9)",I,D,A,D,261.375,131.0
2092,D,F#,3,D,"(2, 6, 9)",I,D,A,D,261.5,131.0
2093,D,F#,3,D,"(2, 6, 9)",I,D,A,D,261.625,131.0
2094,D,F#,3,D,"(2, 6, 9)",I,D,A,D,261.75,131.0
2095,D,F#,3,D,"(2, 6, 9)",I,D,A,D,261.875,131.0
2096,G,C#,0,D,"(1, 4, 7, 9)",V7,A,E,D,262.0,132.0
2097,G,C#,1,D,"(1, 4, 7, 9)",V7,A,E,D,262.125,132.0
2098,G,C#,2,D,"(1, 4, 7, 9)",V7,A,E,D,262.25,132.0
2099,G,C#,2,D,"(1, 4, 7, 9)",V7,A,E,D,262.375,132.0
2100,G,C#,3,D,"(1, 4, 7, 9)",V7,A,E,D,262.5,132.0
2101,G,C#,3,D,"(1, 4, 7, 9)",V7,A,E,D,262.625,132.0
2102,G,C#,3,D,"(1, 4, 7, 9)",V7,A,E,D,262.75,132.0
2103,G,C#,3,D,"(1, 4, 7, 9)",V7,A,E,D,262.875,132.0
2104,A,D,0,D,"(2, 6, 9)",I,D,F#,D,263.0,132.0
2105,A,D,1,D,"(2, 6, 9)",I,D,F#,D,263.125,132.0
2106,A,D,2,D,"(2, 6, 9)",I,D,F#,D,263.25,132.0
2107,A,D,2,D,"(2, 6, 9)",I,D,F#,D,263.375,132.0
2108,A,D,3,D,"(2, 6, 9)",I,D,F#,D,263.5,132.0
2109,A,D,3,D,"(2, 6, 9)",I,D,F#,D,263.625,132.0
2110,A,D,3,D,"(2, 6, 9)",I,D,F#,D,263.75,132.0
2111,A,D,3,D,"(2, 6, 9)",I,D,F#,D,263.875,132.0
2112,D,G,0,D,"(1, 4, 7, 9)",I,G,A,D,264.0,133.0
2113,C#,G,1,D,"(1, 4, 7, 9)",V7,G,A,D,264.125,133.0
2114,C#,G,2,D,"(1, 4, 7, 9)",V7,G,A,D,264.25,133.0
2115,C#,G,2,D,"(1, 4, 7, 9)",V7,G,A,D,264.375,133.0
2116,C#,G,3,D,"(1, 4, 7, 9)",V7,G,A,D,264.5,133.0
2117,C#,G,3,D,"(1, 4, 7, 9)",V7,G,A,D,264.625,133.0
2118,C#,G,3,D,"(1, 4, 7, 9)",V7,G,A,D,264.75,133.0
2119,C#,G,3,D,"(1, 4, 7, 9)",V7,G,A,D,264.875,133.0
2120,D,F#,0,D,"(2, 6, 9)",I,D,A,D,265.0,133.0
2121,D,F#,1,D,"(2, 6, 9)",I,D,A,D,265.125,133.0
2122,D,F#,2,D,"(2, 6, 9)",I,D,A,D,265.25,133.0
2123,D,F#,2,D,"(2, 6, 9)",I,D,A,D,265.375,133.0
2124,D,F#,3,D,"(2, 6, 9)",I,D,A,D,265.5,133.0
2125,D,F#,3,D,"(2, 6, 9)",I,D,A,D,265.625,133.0
2126,D,F#,3,D,"(2, 6, 9)",I,D,A,D,265.75,133.0
2127,D,F#,3,D,"(2, 6, 9)",I,D,A,D,265.875,133.0
2128,A,E,0,D,"(1, 4, 7, 9)",V7,C#,G,D,266.0,134.0
2129,A,E,1,D,"(1, 4, 7, 9)",V7,C#,G,D,266.125,134.0
2130,A,E,2,D,"(1, 4, 7, 9)",V7,C#,G,D,266.25,134.0
2131,A,E,2,D,"(1, 4, 7, 9)",V7,C#,G,D,266.375,134.0
2132,A,E,3,D,"(1, 4, 7, 9)",V7,C#,G,D,266.5,134.0
2133,A,E,3,D,"(1, 4, 7, 9)",V7,C#,G,D,266.625,134.0
2134,A,E,3,D,"(1, 4, 7, 9)",V7,C#,G,D,266.75,134.0
2135,A,E,3,D,"(1, 4, 7, 9)",V7,C#,G,D,266.875,134.0
2136,A,D,0,D,"(2, 6, 9)",I,D,F#,D,267.0,134.0
2137,A,D,1,D,"(2, 6, 9)",I,D,F#,D,267.125,134.0
2138,A,D,2,D,"(2, 6, 9)",I,D,F#,D,267.25,134.0
2139,A,D,2,D,"(2, 6, 9)",I,D,F#,D,267.375,134.0
2140,A,D,3,D,"(2, 6, 9)",I,D,F#,D,267.5,134.0
2141,A,D,3,D,"(2, 6, 9)",I,D,F#,D,267.625,134.0
2142,A,D,3,D,"(2, 6, 9)",I,D,F#,D,267.75,134.0
2143,A,D,3,D,"(2, 6, 9)",I,D,F#,D,267.875,134.0
2144,E,A,0,D,"(1, 4, 7, 9)",I,G,C#,D,268.0,135.0
2145,E,A,1,D,"(1, 4, 7, 9)",Cad,G,C#,D,268.125,135.0
2146,E,A,2,D,"(1, 4, 7, 9)",Cad,G,C#,D,268.25,135.0
2147,E,A,2,D,"(1, 4, 7, 9)",Cad,G,C#,D,268.375,135.0
2148,E,A,3,D,"(1, 4, 7, 9)",Cad,G,C#,D,268.5,135.0
2149,E,A,3,D,"(1, 4, 7, 9)",Cad,G,C#,D,268.625,135.0
2150,E,A,3,D,"(1, 4, 7, 9)",Cad,G,C#,D,268.75,135.0
2151,E,A,3,D,"(1, 4, 7, 9)",Cad,G,C#,D,268.875,135.0
2152,E,A,4,D,"(1, 4, 7, 9)",V7,G,C#,D,269.0,135.0
2153,E,A,1,D,"(1, 4, 7, 9)",V7,G,C#,D,269.125,135.0
2154,E,A,2,D,"(1, 4, 7, 9)",V7,G,C#,D,269.25,135.0
2155,E,A,2,D,"(1, 4, 7, 9)",V7,G,C#,D,269.375,135.0
2156,E,A,3,D,"(1, 4, 7, 9)",V7,G,C#,D,269.5,135.0
2157,E,A,3,D,"(1, 4, 7, 9)",V7,G,C#,D,269.625,135.0
2158,E,A,3,D,"(1, 4, 7, 9)",V7,G,C#,D,269.75,135.0
2159,E,A,3,D,"(1, 4, 7, 9)",V7,G,C#,D,269.875,135.0
2160,A,A,0,D,"(2, 6, 9)",I,D,F#,D,270.0,136.0
2161,A,A,1,D,"(2, 6, 9)",I,D,F#,D,270.125,136.0
2162,A,A,2,D,"(2, 6, 9)",I,D,F#,D,270.25,136.0
2163,A,A,2,D,"(2, 6, 9)",I,D,F#,D,270.375,136.0
2164,A,A,3,D,"(2, 6, 9)",I,D,F#,D,270.5,136.0
2165,A,A,3,D,"(2, 6, 9)",I,D,F#,D,270.625,136.0
2166,A,A,3,D,"(2, 6, 9)",I,D,F#,D,270.75,136.0
2167,A,A,3,D,"(2, 6, 9)",I,D,F#,D,270.875,136.0
2168,A,A,4,D,"(2, 6, 9)",I,D,F#,D,271.0,136.0
2169,A,A,4,D,"(2, 6, 9)",I,D,F#,D,271.125,136.0
2170,A,A,4,D,"(2, 6, 9)",I,D,F#,D,271.25,136.0
2171,A,A,4,D,"(2, 6, 9)",I,D,F#,D,271.375,136.0
2172,A,D,4,D,"(2, 6, 9)",I,D,F#,D,271.5,136.0
2173,A,D,4,D,"(2, 6, 9)",I,D,F#,D,271.625,136.0
2174,A,D,4,D,"(2, 6, 9)",I,D,F#,D,271.75,136.0
2175,A,D,4,D,"(2, 6, 9)",I,D,F#,D,271.875,136.0
2176,A,D,0,D,"(2, 6, 9)",I,D,F#,D,272.0,137.0
2177,A,D,1,D,"(2, 6, 9)",I,D,F#,D,272.125,137.0
2178,A,D,2,D,"(2, 6, 9)",I,D,F#,D,272.25,137.0
2179,A,D,2,D,"(2, 6, 9)",I,D,F#,D,272.375,137.0
2180,A,D,3,D,"(2, 6, 9)",I,D,F#,D,272.5,137.0
2181,A,D,3,D,"(2, 6, 9)",I,D,F#,D,272.625,137.0
2182,A,D,3,D,"(2, 6, 9)",I,D,F#,D,272.75,137.0
2183,A,D,3,D,"(2, 6, 9)",I,D,F#,D,272.875,137.0
2184,C#,G,0,D,"(1, 4, 7, 9)",V7,E,A,D,273.0,137.0
2185,C#,G,1,D,"(1, 4, 7, 9)",V7,E,A,D,273.125,137.0
2186,C#,G,2,D,"(1, 4, 7, 9)",V7,E,A,D,273.25,137.0
2187,C#,G,2,D,"(1, 4, 7, 9)",V7,E,A,D,273.375,137.0
2188,C#,G,3,D,"(1, 4, 7, 9)",V7,E,A,D,273.5,137.0
2189,C#,G,3,D,"(1, 4, 7, 9)",V7,E,A,D,273.625,137.0
2190,C#,G,3,D,"(1, 4, 7, 9)",V7,E,A,D,273.75,137.0
2191,C#,G,3,D,"(1, 4, 7, 9)",V7,E,A,D,273.875,137.0
2192,D,F#,0,D,"(2, 6, 9)",I,D,A,D,274.0,138.0
2193,D,F#,1,D,"(2, 6, 9)",I,D,A,D,274.125,138.0
2194,D,F#,2,D,"(2, 6, 9)",I,D,A,D,274.25,138.0
2195,D,F#,2,D,"(2, 6, 9)",I,D,A,D,274.375,138.0
2196,A,F#,3,D,"(2, 6, 9)",I,D,A,D,274.5,138.0
2197,A,F#,3,D,"(2, 6, 9)",I,D,A,D,274.625,138.0
2198,A,F#,3,D,"(2, 6, 9)",I,D,A,D,274.75,138.0
2199,A,F#,3,D,"(2, 6, 9)",I,D,A,D,274.875,138.0
2200,A,D,4,D,"(2, 6, 9)",I,D,F#,D,275.0,138.0
2201,A,D,4,D,"(2, 6, 9)",I,D,F#,D,275.125,138.0
2202,A,D,4,D,"(2, 6, 9)",I,D,F#,D,275.25,138.0
2203,A,D,4,D,"(2, 6, 9)",I,D,F#,D,275.375,138.0
2204,A,D,4,D,"(2, 6, 9)",I,D,F#,D,275.5,138.0
2205,A,D,4,D,"(2, 6, 9)",I,D,F#,D,275.625,138.0
2206,A,D,4,D,"(2, 6, 9)",I,D,F#,D,275.75,138.0
2207,A,D,4,D,"(2, 6, 9)",I,D,F#,D,275.875,138.0
2208,D,G,0,D,"(2, 7, 11)",IV,G,B,D,276.0,139.0
2209,D,G,1,D,"(2, 7, 11)",IV,G,B,D,276.125,139.0
2210,D,G,2,D,"(2, 7, 11)",IV,G,B,D,276.25,139.0
2211,D,G,2,D,"(2, 7, 11)",IV,G,B,D,276.375,139.0
2212,D,G,3,D,"(2, 7, 11)",IV,G,B,D,276.5,139.0
2213,D,G,3,D,"(2, 7, 11)",IV,G,B,D,276.625,139.0
2214,D,G,3,D,"(2, 7, 11)",IV,G,B,D,276.75,139.0
2215,D,G,3,D,"(2, 7, 11)",IV,G,B,D,276.875,139.0
2216,D,G,4,D,"(2, 7, 11)",IV,G,B,D,277.0,139.0
2217,D,G,4,D,"(2, 7, 11)",IV,G,B,D,277.125,139.0
2218,D,G,4,D,"(2, 7, 11)",IV,G,B,D,277.25,139.0
2219,D,G,4,D,"(2, 7, 11)",IV,G,B,D,277.375,139.0
2220,D,G,4,D,"(2, 7, 11)",IV,G,B,D,277.5,139.0
2221,D,G,4,D,"(2, 7, 11)",IV,G,B,D,277.625,139.0
2222,D,G,4,D,"(2, 7, 11)",IV,G,B,D,277.75,139.0
2223,D,G,4,D,"(2, 7, 11)",IV,G,B,D,277.875,139.0
2224,A,D,0,D,"(2, 6, 9)",I,D,F#,D,278.0,140.0
2225,A,D,1,D,"(2, 6, 9)",I,D,F#,D,278.125,140.0
2226,A,D,2,D,"(2, 6, 9)",I,D,F#,D,278.25,140.0
2227,A,D,2,D,"(2, 6, 9)",I,D,F#,D,278.375,140.0
2228,A,D,3,D,"(2, 6, 9)",I,D,F#,D,278.5,140.0
2229,A,D,3,D,"(2, 6, 9)",I,D,F#,D,278.625,140.0
2230,A,D,3,D,"(2, 6, 9)",I,D,F#,D,278.75,140.0
2231,A,D,3,D,"(2, 6, 9)",I,D,F#,D,278.875,140.0
2232,A,D,4,D,"(2, 6, 9)",IV,D,F#,D,279.0,140.0
2233,A,D,4,D,"(2, 6, 9)",IV,D,F#,D,279.125,140.0
2234,A,D,4,D,"(2, 6, 9)",IV,D,F#,D,279.25,140.0
2235,A,D,4,D,"(2, 6, 9)",IV,D,F#,D,279.375,140.0
2236,A,D,4,D,"(2, 6, 9)",IV,D,F#,D,279.5,140.0
2237,A,D,4,D,"(2, 6, 9)",IV,D,F#,D,279.625,140.0
2238,A,D,4,D,"(2, 6, 9)",IV,D,F#,D,279.75,140.0
2239,A,D,4,D,"(2, 6, 9)",IV,D,F#,D,279.875,140.0
2240,A,D,0,D,"(2, 6, 9)",I,D,F#,D,280.0,141.0
2241,A,D,1,D,"(2, 6, 9)",I,D,F#,D,280.125,141.0
2242,A,D,2,D,"(2, 6, 9)",I,D,F#,D,280.25,141.0
2243,A,D,2,D,"(2, 6, 9)",I,D,F#,D,280.375,141.0
2244,A,D,3,D,"(2, 6, 9)",I,D,F#,D,280.5,141.0
2245,A,D,3,D,"(2, 6, 9)",I,D,F#,D,280.625,141.0
2246,A,D,3,D,"(2, 6, 9)",I,D,F#,D,280.75,141.0
2247,A,D,3,D,"(2, 6, 9)",I,D,F#,D,280.875,141.0
2248,A,D,0,D,"(2, 6, 9)",I,D,F#,D,281.0,141.0
2249,A,D,4,D,"(2, 6, 9)",I,D,F#,D,281.125,141.0
2250,A,D,4,D,"(2, 6, 9)",I,D,F#,D,281.25,141.0
2251,A,D,4,D,"(2, 6, 9)",I,D,F#,D,281.375,141.0
2252,A,D,3,D,"(2, 6, 9)",I,D,F#,D,281.5,141.0
2253,A,D,3,D,"(2, 6, 9)",I,D,F#,D,281.625,141.0
2254,A,D,3,D,"(2, 6, 9)",I,D,F#,D,281.75,141.0
2255,A,D,3,D,"(2, 6, 9)",I,D,F#,D,281.875,141.0
2256,G,C#,0,D,"(1, 4, 7, 9)",V7,A,E,D,282.0,142.0
2257,G,C#,1,D,"(1, 4, 7, 9)",V7,A,E,D,282.125,142.0
2258,G,C#,2,D,"(1, 4, 7, 9)",V7,A,E,D,282.25,142.0
2259,G,C#,2,D,"(1, 4, 7, 9)",V7,A,E,D,282.375,142.0
2260,G,C#,3,D,"(1, 4, 7, 9)",V7,A,E,D,282.5,142.0
2261,G,C#,3,D,"(1, 4, 7, 9)",V7,A,E,D,282.625,142.0
2262,G,C#,3,D,"(1, 4, 7, 9)",V7,A,E,D,282.75,142.0
2263,G,C#,3,D,"(1, 4, 7, 9)",V7,A,E,D,282.875,142.0
2264,G,C#,0,D,"(1, 4, 7, 9)",V7,A,E,D,283.0,142.0
2265,G,C#,1,D,"(1, 4, 7, 9)",V7,A,E,D,283.125,142.0
2266,G,C#,2,D,"(1, 4, 7, 9)",V7,A,E,D,283.25,142.0
2267,G,C#,2,D,"(1, 4, 7, 9)",V7,A,E,D,283.375,142.0
2268,G,C#,3,D,"(1, 4, 7, 9)",V7,A,E,D,283.5,142.0
2269,G,C#,3,D,"(1, 4, 7, 9)",V7,A,E,D,283.625,142.0
2270,G,C#,3,D,"(1, 4, 7, 9)",V7,A,E,D,283.75,142.0
2271,G,C#,3,D,"(1, 4, 7, 9)",V7,A,E,D,283.875,142.0
2272,A,D,0,D,"(2, 6, 9)",I,D,F#,D,284.0,143.0
2273,A,D,1,D,"(2, 6, 9)",I,D,F#,D,284.125,143.0
2274,A,D,2,D,"(2, 6, 9)",I,D,F#,D,284.25,143.0
2275,A,D,2,D,"(2, 6, 9)",I,D,F#,D,284.375,143.0
2276,A,D,3,D,"(2, 6, 9)",I,D,F#,D,284.5,143.0
2277,A,D,3,D,"(2, 6, 9)",I,D,F#,D,284.625,143.0
2278,A,D,3,D,"(2, 6, 9)",I,D,F#,D,284.75,143.0
2279,A,D,3,D,"(2, 6, 9)",I,D,F#,D,284.875,143.0
2280,A,D,4,D,"(2, 6, 9)",I,D,F#,D,285.0,143.0
2281,A,D,4,D,"(2, 6, 9)",I,D,F#,D,285.125,143.0
2282,A,D,4,D,"(2, 6, 9)",I,D,F#,D,285.25,143.0
2283,A,D,4,D,"(2, 6, 9)",I,D,F#,D,285.375,143.0
2284,A,D,4,D,"(2, 6, 9)",I,D,F#,D,285.5,143.0
2285,A,D,4,D,"(2, 6, 9)",I,D,F#,D,285.625,143.0
2286,A,D,4,D,"(2, 6, 9)",I,D,F#,D,285.75,143.0
2287,A,D,4,D,"(2, 6, 9)",I,D,F#,D,285.875,143.0
2288,E,A,0,D,"(1, 4, 9)",V,D,C#,D,286.0,144.0
2289,E,A,1,D,"(1, 4, 9)",V,D,C#,D,286.125,144.0
2290,E,A,2,D,"(1, 4, 9)",V,D,C#,D,286.25,144.0
2291,E,A,2,D,"(1, 4, 9)",V,D,C#,D,286.375,144.0
2292,E,A,3,D,"(1, 4, 9)",V,D,C#,D,286.5,144.0
2293,E,A,3,D,"(1, 4, 9)",V,D,C#,D,286.625,144.0
2294,E,A,3,D,"(1, 4, 9)",V,A,C#,D,286.75,144.0
2295,E,A,3,D,"(1, 4, 9)",V,A,C#,D,286.875,144.0
2296,E,A,4,D,"(1, 4, 9)",V,A,C#,D,287.0,144.0
2297,E,A,4,D,"(1, 4, 9)",V,A,C#,D,287.125,144.0
2298,E,A,4,D,"(1, 4, 9)",V,A,C#,D,287.25,144.0
2299,E,A,4,D,"(1, 4, 9)",V,A,C#,D,287.375,144.0
2300,E,A,4,D,"(1, 4, 9)",V,A,C#,D,287.5,144.0
2301,E,A,4,D,"(1, 4, 9)",V,A,C#,D,287.625,144.0
2302,E,A,4,D,"(1, 4, 9)",V,A,C#,D,287.75,144.0
2303,E,A,4,D,"(1, 4, 9)",V,A,C#,D,287.875,144.0
2304,E,A,0,D,"(1, 4, 7, 9)",V7,G,C#,D,288.0,145.0
2305,E,A,1,D,"(1, 4, 7, 9)",V7,G,C#,D,288.125,145.0
2306,E,A,2,D,"(1, 4, 7, 9)",V7,G,C#,D,288.25,145.0
2307,E,A,2,D,"(1, 4, 7, 9)",V7,G,C#,D,288.375,145.0
2308,E,A,3,D,"(1, 4, 7, 9)",V7,G,C#,D,288.5,145.0
2309,E,A,3,D,"(1, 4, 7, 9)",V7,G,C#,D,288.625,145.0
2310,E,A,3,D,"(1, 4, 7, 9)",V7,G,C#,D,288.75,145.0
2311,E,A,3,D,"(1, 4, 7, 9)",V7,G,C#,D,288.875,145.0
2312,E,G,4,D,"(1, 4, 7, 9)",V7,E,C#,D,289.0,145.0
2313,C#,G,4,D,"(1, 4, 7, 9)",V7,E,A,D,289.125,145.0
2314,C#,G,4,D,"(1, 4, 7, 9)",V7,E,A,D,289.25,145.0
2315,C#,G,4,D,"(1, 4, 7, 9)",V7,E,A,D,289.375,145.0
2316,C#,G,4,D,"(1, 4, 7, 9)",V7,E,A,D,289.5,145.0
2317,C#,G,4,D,"(1, 4, 7, 9)",V7,E,A,D,289.625,145.0
2318,C#,G,4,D,"(1, 4, 7, 9)",V7,E,A,D,289.75,145.0
2319,C#,G,4,D,"(1, 4, 7, 9)",V7,E,A,D,289.875,145.0
2320,A,D,0,D,"(2, 6, 9)",I,D,A,D,290.0,146.0
2321,A,D,1,D,"(2, 6, 9)",I,D,A,D,290.125,146.0
2322,A,D,2,D,"(2, 6, 9)",I,D,F#,D,290.25,146.0
2323,A,D,2,D,"(2, 6, 9)",I,D,F#,D,290.375,146.0
2324,A,D,3,D,"(2, 6, 9)",I,D,F#,D,290.5,146.0
2325,A,D,3,D,"(2, 6, 9)",I,D,F#,D,290.625,146.0
2326,A,D,3,D,"(2, 6, 9)",I,D,F#,D,290.75,146.0
2327,A,D,3,D,"(2, 6, 9)",I,D,F#,D,290.875,146.0
2328,A,D,4,D,"(2, 6, 9)",I,D,F#,D,291.0,146.0
2329,A,D,4,D,"(2, 6, 9)",I,D,F#,D,291.125,146.0
2330,A,D,4,D,"(2, 6, 9)",I,D,F#,D,291.25,146.0
2331,A,D,4,D,"(2, 6, 9)",I,D,F#,D,291.375,146.0
2332,A,D,4,D,"(2, 6, 9)",I,D,F#,D,291.5,146.0
2333,A,D,4,D,"(2, 6, 9)",I,D,F#,D,291.625,146.0
2334,A,D,4,D,"(2, 6, 9)",I,D,F#,D,291.75,146.0
2335,A,D,4,D,"(2, 6, 9)",I,D,F#,D,291.875,146.0
2336,E,A,0,D,"(1, 4, 7, 9)",V7,G,C#,D,292.0,147.0
2337,E,A,1,D,"(1, 4, 7, 9)",V7,G,C#,D,292.125,147.0
2338,E,A,2,D,"(1, 4, 7, 9)",V7,G,C#,D,292.25,147.0
2339,E,A,2,D,"(1, 4, 7, 9)",V7,G,C#,D,292.375,147.0
2340,E,A,3,D,"(1, 4, 7, 9)",V7,G,C#,D,292.5,147.0
2341,E,A,3,D,"(1, 4, 7, 9)",V7,G,C#,D,292.625,147.0
2342,E,A,3,D,"(1, 4, 7, 9)",V7,G,C#,D,292.75,147.0
2343,E,A,3,D,"(1, 4, 7, 9)",V7,G,C#,D,292.875,147.0
2344,E,G,4,D,"(1, 4, 7, 9)",V7,E,C#,D,293.0,147.0
2345,E,G,4,D,"(1, 4, 7, 9)",V7,E,C#,D,293.125,147.0
2346,E,G,4,D,"(1, 4, 7, 9)",V7,E,C#,D,293.25,147.0
2347,E,G,4,D,"(1, 4, 7, 9)",V7,E,C#,D,293.375,147.0
2348,E,G,4,D,"(1, 4, 7, 9)",V7,E,C#,D,293.5,147.0
2349,E,G,4,D,"(1, 4, 7, 9)",V7,E,C#,D,293.625,147.0
2350,E,G,4,D,"(1, 4, 7, 9)",V7,E,C#,D,293.75,147.0
2351,E,G,4,D,"(1, 4, 7, 9)",V7,E,C#,D,293.875,147.0
2352,D,D,0,D,"(2, 6, 9)",I,D,A,D,294.0,148.0
2353,D,D,1,D,"(2, 6, 9)",I,D,A,D,294.125,148.0
2354,D,D,2,D,"(2, 6, 9)",I,D,A,D,294.25,148.0
2355,D,D,2,D,"(2, 6, 9)",I,D,A,D,294.375,148.0
2356,D,D,3,D,"(2, 6, 9)",I,D,A,D,294.5,148.0
2357,A,D,3,D,"(2, 6, 9)",I,D,A,D,294.625,148.0
2358,A,D,3,D,"(2, 6, 9)",I,D,A,D,294.75,148.0
2359,A,D,3,D,"(2, 6, 9)",I,D,A,D,294.875,148.0
2360,A,D,4,D,"(2, 6, 9)",I,D,F#,D,295.0,148.0
2361,A,D,4,D,"(2, 6, 9)",I,D,F#,D,295.125,148.0
2362,A,D,4,D,"(2, 6, 9)",I,D,F#,D,295.25,148.0
2363,A,D,4,D,"(2, 6, 9)",I,D,F#,D,295.375,148.0
2364,A,D,4,D,"(2, 6, 9)",I,D,F#,D,295.5,148.0
2365,A,D,4,D,"(2, 6, 9)",I,D,F#,D,295.625,148.0
2366,A,D,4,D,"(2, 6, 9)",I,D,F#,D,295.75,148.0
2367,A,D,4,D,"(2, 6, 9)",I,D,F#,D,295.875,148.0
2368,E,A,0,D,"(1, 4, 9)",V,A,C#,D,296.0,149.0
2369,E,A,1,D,"(1, 4, 9)",V,A,C#,D,296.125,149.0
2370,E,A,2,D,"(1, 4, 9)",V,A,C#,D,296.25,149.0
2371,E,A,2,D,"(1, 4, 9)",V,A,C#,D,296.375,149.0
2372,E,A,3,D,"(1, 4, 9)",V,A,C#,D,296.5,149.0
2373,E,A,3,D,"(1, 4, 9)",V,A,C#,D,296.625,149.0
2374,E,A,3,D,"(1, 4, 9)",V,A,C#,D,296.75,149.0
2375,E,A,3,D,"(1, 4, 9)",V,A,C#,D,296.875,149.0
2376,C#,G,0,D,"(1, 4, 7, 9)",V7,E,A,D,297.0,149.0
2377,C#,G,1,D,"(1, 4, 7, 9)",V7,E,A,D,297.125,149.0
2378,C#,G,2,D,"(1, 4, 7, 9)",V7,E,A,D,297.25,149.0
2379,C#,G,2,D,"(1, 4, 7, 9)",V7,E,A,D,297.375,149.0
2380,C#,G,3,D,"(1, 4, 7, 9)",V7,E,A,D,297.5,149.0
2381,C#,G,3,D,"(1, 4, 7, 9)",V7,E,A,D,297.625,149.0
2382,C#,G,3,D,"(1, 4, 7, 9)",V7,E,A,D,297.75,149.0
2383,C#,G,3,D,"(1, 4, 7, 9)",V7,E,A,D,297.875,149.0
2384,D,F#,0,D,"(2, 6, 9)",I,D,A,D,298.0,150.0
2385,D,F#,1,D,"(2, 6, 9)",I,D,A,D,298.125,150.0
2386,D,F#,2,D,"(2, 6, 9)",I,D,A,D,298.25,150.0
2387,D,F#,2,D,"(2, 6, 9)",I,D,A,D,298.375,150.0
2388,A,F#,3,D,"(2, 6, 9)",I,D,A,D,298.5,150.0
2389,A,D,3,D,"(2, 6, 9)",I,D,A,D,298.625,150.0
2390,A,D,3,D,"(2, 6, 9)",I,D,A,D,298.75,150.0
2391,A,D,3,D,"(2, 6, 9)",I,D,A,D,298.875,150.0
2392,A,D,0,D,"(2, 6, 9)",I,D,F#,D,299.0,150.0
2393,A,D,1,D,"(2, 6, 9)",I,D,F#,D,299.125,150.0
2394,A,D,2,D,"(2, 6, 9)",I,D,F#,D,299.25,150.0
2395,A,D,2,D,"(2, 6, 9)",I,D,F#,D,299.375,150.0
2396,A,D,3,D,"(2, 6, 9)",I,D,F#,D,299.5,150.0
2397,A,D,3,D,"(2, 6, 9)",I,D,F#,D,299.625,150.0
2398,A,D,3,D,"(2, 6, 9)",I,D,F#,D,299.75,150.0
2399,A,D,3,D,"(2, 6, 9)",I,D,F#,D,299.875,150.0
2400,E,A,0,D,"(1, 4, 7, 9)",V7,G,C#,D,300.0,151.0
2401,E,A,1,D,"(1, 4, 7, 9)",V7,G,C#,D,300.125,151.0
2402,E,A,2,D,"(1, 4, 7, 9)",V7,G,C#,D,300.25,151.0
2403,E,A,2,D,"(1, 4, 7, 9)",V7,G,C#,D,300.375,151.0
2404,E,A,3,D,"(1, 4, 7, 9)",V7,G,C#,D,300.5,151.0
2405,E,A,3,D,"(1, 4, 7, 9)",V7,G,C#,D,300.625,151.0
2406,E,A,3,D,"(1, 4, 7, 9)",V7,G,C#,D,300.75,151.0
2407,E,A,3,D,"(1, 4, 7, 9)",V7,G,C#,D,300.875,151.0
2408,E,A,4,D,"(1, 4, 7, 9)",V7,G,C#,D,301.0,151.0
2409,E,A,4,D,"(1, 4, 7, 9)",V7,G,C#,D,301.125,151.0
2410,E,A,4,D,"(1, 4, 7, 9)",V7,G,C#,D,301.25,151.0
2411,E,A,4,D,"(1, 4, 7, 9)",V7,G,C#,D,301.375,151.0
2412,E,A,4,D,"(1, 4, 7, 9)",V7,G,C#,D,301.5,151.0
2413,E,A,4,D,"(1, 4, 7, 9)",V7,G,C#,D,301.625,151.0
2414,E,A,4,D,"(1, 4, 7, 9)",V7,G,C#,D,301.75,151.0
2415,E,A,4,D,"(1, 4, 7, 9)",V7,G,C#,D,301.875,151.0
2416,A,D,0,D,"(2, 6, 9)",I,D,F#,D,302.0,152.0
2417,A,D,1,D,"(2, 6, 9)",I,D,F#,D,302.125,152.0
2418,A,D,2,D,"(2, 6, 9)",I,D,F#,D,302.25,152.0
2419,A,D,2,D,"(2, 6, 9)",I,D,F#,D,302.375,152.0
2420,A,D,3,D,"(2, 6, 9)",I,D,F#,D,302.5,152.0
2421,A,D,3,D,"(2, 6, 9)",I,D,F#,D,302.625,152.0
2422,A,D,3,D,"(2, 6, 9)",I,D,F#,D,302.75,152.0
2423,A,D,3,D,"(2, 6, 9)",I,D,F#,D,302.875,152.0
2424,A,D,4,D,"(2, 6, 9)",I,D,F#,D,303.0,152.0
2425,A,D,4,D,"(2, 6, 9)",I,D,F#,D,303.125,152.0
2426,A,D,4,D,"(2, 6, 9)",I,D,F#,D,303.25,152.0
2427,A,D,4,D,"(2, 6, 9)",I,D,F#,D,303.375,152.0
2428,A,D,4,D,"(2, 6, 9)",I,D,F#,D,303.5,152.0
2429,A,D,4,D,"(2, 6, 9)",I,D,F#,D,303.625,152.0
2430,A,D,4,D,"(2, 6, 9)",I,D,F#,D,303.75,152.0
2431,A,D,4,D,"(2, 6, 9)",I,D,F#,D,303.875,152.0
2432,A,F#,0,D,"(2, 6, 9)",I,D,F#,D,304.0,153.0
2433,D,F#,1,D,"(2, 6, 9)",I,D,F#,D,304.125,153.0
2434,D,F#,2,D,"(2, 6, 9)",I,D,F#,D,304.25,153.0
2435,D,F#,2,D,"(2, 6, 9)",I,D,F#,D,304.375,153.0
2436,D,F#,3,D,"(2, 6, 9)",I,D,F#,D,304.5,153.0
2437,D,F#,3,D,"(2, 6, 9)",I,D,F#,D,304.625,153.0
2438,D,F#,3,D,"(2, 6, 9)",I,D,F#,D,304.75,153.0
2439,D,F#,3,D,"(2, 6, 9)",I,D,F#,D,304.875,153.0
2440,D,F#,4,D,"(2, 6, 9)",I,D,F#,D,305.0,153.0
2441,D,F#,4,D,"(2, 6, 9)",I,D,F#,D,305.125,153.0
2442,D,F#,4,D,"(2, 6, 9)",I,D,A,D,305.25,153.0
2443,D,F#,4,D,"(2, 6, 9)",I,D,A,D,305.375,153.0
2444,D,F#,4,D,"(2, 6, 9)",I,D,F#,D,305.5,153.0
2445,D,F#,4,D,"(2, 6, 9)",I,D,A,D,305.625,153.0
2446,D,F#,4,D,"(2, 6, 9)",I,D,A,D,305.75,153.0
2447,D,F#,4,D,"(2, 6, 9)",I,D,F#,D,305.875,153.0
2448,A,F#,0,D,"(2, 6, 9)",V,D,F#,D,306.0,154.0
2449,A,F#,1,D,"(2, 6, 9)",V7,D,F#,D,306.125,154.0
2450,A,F#,2,D,"(2, 6, 9)",V7,D,F#,D,306.25,154.0
2451,A,F#,2,D,"(2, 6, 9)",V7,D,F#,D,306.375,154.0
2452,A,F#,3,D,"(2, 6, 9)",V,D,F#,D,306.5,154.0
2453,A,F#,3,D,"(2, 6, 9)",V7,D,F#,D,306.625,154.0
2454,A,F#,3,D,"(2, 6, 9)",V,D,F#,D,306.75,154.0
2455,A,F#,3,D,"(2, 6, 9)",V7,D,F#,D,306.875,154.0
2456,A,F#,4,D,"(2, 6, 9)",V7,A,F#,D,307.0,154.0
2457,A,F#,4,D,"(2, 6, 9)",viio,A,F#,D,307.125,154.0
2458,A,F#,4,D,"(2, 6, 9)",V7,A,F#,D,307.25,154.0
2459,A,F#,4,D,"(2, 6, 9)",V7,A,F#,D,307.375,154.0
2460,A,F#,4,D,"(2, 6, 9)",V,A,F#,D,307.5,154.0
2461,F#,F#,4,D,"(2, 6, 9)",viio,A,F#,D,307.625,154.0
2462,F#,F#,4,D,"(2, 6, 9)",V,A,F#,D,307.75,154.0
2463,F#,F#,4,D,"(2, 6, 9)",V,A,F#,D,307.875,154.0
2464,D,G,0,D,"(2, 7, 11)",IV,G,B,D,308.0,155.0
2465,D,G,1,D,"(2, 7, 11)",IV,G,B,D,308.125,155.0
2466,D,G,2,D,"(2, 7, 11)",IV,G,B,D,308.25,155.0
2467,D,G,2,D,"(2, 7, 11)",IV,G,B,D,308.375,155.0
2468,D,G,3,D,"(2, 7, 11)",IV,G,B,D,308.5,155.0
2469,D,G,3,D,"(2, 7, 11)",IV,G,B,D,308.625,155.0
2470,D,G,3,D,"(2, 7, 11)",IV,G,B,D,308.75,155.0
2471,D,G,3,D,"(2, 7, 11)",IV,G,B,D,308.875,155.0
2472,D,G,4,D,"(2, 7, 11)",IV,G,B,D,309.0,155.0
2473,D,G,4,D,"(2, 7, 11)",IV,G,B,D,309.125,155.0
2474,D,G,4,D,"(2, 7, 11)",IV,G,B,D,309.25,155.0
2475,D,G,4,D,"(2, 7, 11)",IV,G,B,D,309.375,155.0
2476,D,G,4,D,"(2, 7, 11)",IV,G,B,D,309.5,155.0
2477,D,G,4,D,"(2, 7, 11)",IV,G,B,D,309.625,155.0
2478,D,G,4,D,"(2, 7, 11)",IV,G,B,D,309.75,155.0
2479,D,G,4,D,"(2, 7, 11)",IV,G,B,D,309.875,155.0
2480,A,D,0,D,"(2, 6, 9)",I,D,F#,D,310.0,156.0
2481,A,D,1,D,"(2, 6, 9)",I,D,F#,D,310.125,156.0
2482,A,D,2,D,"(2, 6, 9)",I,D,F#,D,310.25,156.0
2483,A,D,2,D,"(2, 6, 9)",I,D,F#,D,310.375,156.0
2484,A,D,3,D,"(2, 6, 9)",I,D,F#,D,310.5,156.0
2485,A,D,3,D,"(2, 6, 9)",I,D,F#,D,310.625,156.0
2486,A,D,3,D,"(2, 6, 9)",I,D,F#,D,310.75,156.0
2487,A,D,3,D,"(2, 6, 9)",I,D,F#,D,310.875,156.0
2488,A,D,4,D,"(2, 6, 9)",I,D,F#,D,311.0,156.0
2489,A,D,4,D,"(2, 6, 9)",I,D,F#,D,311.125,156.0
2490,A,D,4,D,"(2, 6, 9)",I,D,F#,D,311.25,156.0
2491,A,D,4,D,"(2, 6, 9)",I,D,F#,D,311.375,156.0
2492,A,D,4,D,"(2, 6, 9)",I,D,F#,D,311.5,156.0
2493,A,D,4,D,"(2, 6, 9)",I,D,F#,D,311.625,156.0
2494,A,D,4,D,"(2, 6, 9)",I,D,F#,D,311.75,156.0
2495,A,D,4,D,"(2, 6, 9)",I,D,F#,D,311.875,156.0
2496,A,D,0,D,"(2, 6, 9)",I,D,F#,D,312.0,157.0
2497,A,D,1,D,"(2, 6, 9)",I,D,F#,D,312.125,157.0
2498,A,D,2,D,"(2, 6, 9)",I,D,F#,D,312.25,157.0
2499,A,D,2,D,"(2, 6, 9)",I,D,F#,D,312.375,157.0
2500,A,D,3,D,"(2, 6, 9)",I,D,F#,D,312.5,157.0
2501,A,D,3,D,"(2, 6, 9)",I,D,F#,D,312.625,157.0
2502,A,D,3,D,"(2, 6, 9)",I,D,F#,D,312.75,157.0
2503,A,D,3,D,"(2, 6, 9)",I,D,F#,D,312.875,157.0
2504,A,D,4,D,"(2, 6, 9)",I,D,F#,D,313.0,157.0
2505,A,D,4,D,"(2, 6, 9)",I,D,F#,D,313.125,157.0
2506,A,D,4,D,"(2, 6, 9)",I,D,F#,D,313.25,157.0
2507,A,D,4,D,"(2, 6, 9)",I,D,F#,D,313.375,157.0
2508,A,D,4,D,"(2, 6, 9)",I,D,F#,D,313.5,157.0
2509,A,D,4,D,"(2, 6, 9)",I,D,F#,D,313.625,157.0
2510,A,D,4,D,"(2, 6, 9)",I,D,F#,D,313.75,157.0
2511,A,D,4,D,"(2, 6, 9)",I,D,F#,D,313.875,157.0
2512,A,D,0,D,"(2, 6, 9)",I,D,F#,D,314.0,158.0
2513,A,D,1,D,"(2, 6, 9)",I,D,F#,D,314.125,158.0
2514,A,D,2,D,"(2, 6, 9)",I,D,F#,D,314.25,158.0
2515,A,D,2,D,"(2, 6, 9)",I,D,F#,D,314.375,158.0
2516,A,D,3,D,"(2, 6, 9)",I,D,F#,D,314.5,158.0
2517,A,D,3,D,"(2, 6, 9)",I,D,F#,D,314.625,158.0
2518,A,D,3,D,"(2, 6, 9)",I,D,F#,D,314.75,158.0
2519,A,D,3,D,"(2, 6, 9)",I,D,F#,D,314.875,158.0
2520,A,D,4,D,"(2, 6, 9)",I,D,F#,D,315.0,158.0
2521,A,D,4,D,"(2, 6, 9)",I,D,F#,D,315.125,158.0
2522,A,D,4,D,"(2, 6, 9)",I,D,F#,D,315.25,158.0
2523,A,D,4,D,"(2, 6, 9)",I,D,F#,D,315.375,158.0
2524,A,D,6,D,"(2, 6, 9)",I,D,F#,D,315.5,158.0
2525,A,D,6,D,"(2, 6, 9)",I,D,F#,D,315.625,158.0
2526,A,D,6,D,"(2, 6, 9)",I,D,F#,D,315.75,158.0
2527,A,D,6,D,"(2, 6, 9)",I,D,F#,D,315.875,158.0
2528,A,D,0,D,"(2, 6, 9)",I,D,F#,D,316.0,159.0
2529,A,D,1,D,"(2, 6, 9)",I,D,F#,D,316.125,159.0
2530,A,D,2,D,"(2, 6, 9)",I,D,F#,D,316.25,159.0
2531,A,D,2,D,"(2, 6, 9)",I,D,F#,D,316.375,159.0
2532,A,D,3,D,"(2, 6, 9)",I,D,F#,D,316.5,159.0
2533,A,D,3,D,"(2, 6, 9)",I,D,F#,D,316.625,159.0
2534,A,D,3,D,"(2, 6, 9)",I,D,F#,D,316.75,159.0
2535,A,D,3,D,"(2, 6, 9)",I,D,F#,D,316.875,159.0
2536,A,D,4,D,"(2, 6, 9)",I,D,F#,D,317.0,159.0
2537,A,D,4,D,"(2, 6, 9)",I,D,F#,D,317.125,159.0
2538,A,D,4,D,"(2, 6, 9)",I,D,F#,D,317.25,159.0
2539,A,D,4,D,"(2, 6, 9)",I,D,F#,D,317.375,159.0
2540,A,D,4,D,"(2, 6, 9)",I,D,F#,D,317.5,159.0
2541,A,D,4,D,"(2, 6, 9)",I,D,F#,D,317.625,159.0
2542,A,D,4,D,"(2, 6, 9)",I,D,F#,D,317.75,159.0
2543,A,D,4,D,"(2, 6, 9)",I,D,F#,D,317.875,159.0
2544,E,A,0,D,"(1, 4, 9)",V,A,C#,D,318.0,160.0
2545,E,A,1,D,"(1, 4, 9)",V,A,C#,D,318.125,160.0
2546,E,A,2,D,"(1, 4, 9)",V,A,C#,D,318.25,160.0
2547,E,A,2,D,"(1, 4, 9)",V,A,C#,D,318.375,160.0
2548,E,A,3,D,"(1, 4, 9)",V,A,C#,D,318.5,160.0
2549,E,A,3,D,"(1, 4, 9)",V,A,C#,D,318.625,160.0
2550,E,A,3,D,"(1, 4, 9)",V,A,C#,D,318.75,160.0
2551,E,A,3,D,"(1, 4, 9)",V,A,C#,D,318.875,160.0
2552,E,A,4,D,"(1, 4, 9)",V,A,C#,D,319.0,160.0
2553,E,A,4,D,"(1, 4, 9)",V,A,C#,D,319.125,160.0
2554,E,A,4,D,"(1, 4, 9)",V,A,C#,D,319.25,160.0
2555,E,A,4,D,"(1, 4, 9)",V,A,C#,D,319.375,160.0
2556,E,A,4,D,"(1, 4, 9)",V,A,C#,D,319.5,160.0
2557,E,A,4,D,"(1, 4, 9)",V,A,C#,D,319.625,160.0
2558,E,A,4,D,"(1, 4, 9)",V,A,C#,D,319.75,160.0
2559,E,A,4,D,"(1, 4, 9)",V,A,C#,D,319.875,160.0
2560,E,E,0,D,"(4, 7, 11)",viio,E,G,D,320.0,161.0
2561,E,E,1,D,"(4, 7, 11)",ii,E,G,D,320.125,161.0
2562,E,E,2,D,"(4, 7, 11)",ii,E,G,D,320.25,161.0
2563,E,E,2,D,"(4, 7, 11)",ii,E,G,D,320.375,161.0
2564,E,E,3,D,"(4, 7, 11)",ii,E,G,D,320.5,161.0
2565,E,E,3,D,"(4, 7, 11)",i,E,G,D,320.625,161.0
2566,E,E,3,D,"(4, 7, 11)",i,E,G,D,320.75,161.0
2567,E,E,3,D,"(4, 7, 11)",i,E,G,D,320.875,161.0
2568,E,E,4,D,"(4, 7, 11)",ii,E,G,D,321.0,161.0
2569,E,E,4,D,"(4, 7, 11)",ii,E,G,D,321.125,161.0
2570,E,E,4,D,"(4, 7, 11)",ii,E,G,D,321.25,161.0
2571,E,E,4,D,"(4, 7, 11)",ii,E,G,D,321.375,161.0
2572,E,E,4,D,"(4, 7, 11)",i,E,G,D,321.5,161.0
2573,E,E,4,D,"(4, 7, 11)",i,E,G,D,321.625,161.0
2574,E,E,4,D,"(4, 7, 11)",viio,E,G,D,321.75,161.0
2575,E,E,4,D,"(4, 7, 11)",viio,E,G,D,321.875,161.0
2576,E,A,0,D,"(4, 7, 11)",V7,A,C#,D,322.0,162.0
2577,E,A,1,D,"(4, 7, 11)",V7,A,C#,D,322.125,162.0
2578,E,A,2,D,"(4, 7, 11)",V7,A,C#,D,322.25,162.0
2579,E,A,2,D,"(4, 7, 11)",V7,A,C#,D,322.375,162.0
2580,E,A,3,D,"(1, 4, 9)",V7,A,C#,D,322.5,162.0
2581,E,A,3,D,"(1, 4, 9)",V7,A,C#,D,322.625,162.0
2582,E,A,3,D,"(1, 4, 9)",V7,A,C#,D,322.75,162.0
2583,E,A,3,D,"(1, 4, 9)",V7,A,C#,D,322.875,162.0
2584,E,A,4,D,"(1, 4, 9)",V7,A,C#,D,323.0,162.0
2585,E,A,4,D,"(1, 4, 9)",V7,A,C#,D,323.125,162.0
2586,E,A,4,D,"(1, 4, 9)",V7,A,C#,D,323.25,162.0
2587,E,A,4,D,"(1, 4, 9)",V7,A,C#,D,323.375,162.0
2588,E,A,4,D,"(1, 4, 9)",V7,A,C#,D,323.5,162.0
2589,E,A,4,D,"(1, 4, 9)",V7,A,C#,D,323.625,162.0
2590,E,A,4,D,"(1, 4, 9)",V7,A,C#,D,323.75,162.0
2591,E,A,4,D,"(1, 4, 9)",V7,A,C#,D,323.875,162.0
2592,E,E,0,D,"(1, 4, 7, 9)",V7,E,G,D,324.0,163.0
2593,E,E,1,D,"(1, 4, 7, 9)",V7,E,G,D,324.125,163.0
2594,E,E,2,D,"(1, 4, 7, 9)",V7,E,G,D,324.25,163.0
2595,E,E,2,D,"(1, 4, 7, 9)",V7,E,G,D,324.375,163.0
2596,E,E,3,D,"(1, 4, 7, 9)",V7,E,G,D,324.5,163.0
2597,E,E,3,D,"(1, 4, 7, 9)",V7,E,G,D,324.625,163.0
2598,E,E,3,D,"(1, 4, 7, 9)",V7,E,G,D,324.75,163.0
2599,E,E,3,D,"(1, 4, 7, 9)",V7,E,G,D,324.875,163.0
2600,C#,G,4,D,"(1, 4, 7, 9)",V7,E,A,D,325.0,163.0
2601,C#,G,4,D,"(1, 4, 7, 9)",V7,E,A,D,325.125,163.0
2602,C#,G,4,D,"(1, 4, 7, 9)",V7,E,A,D,325.25,163.0
2603,C#,G,4,D,"(1, 4, 7, 9)",V7,E,A,D,325.375,163.0
2604,C#,G,4,D,"(1, 4, 7, 9)",V7,E,A,D,325.5,163.0
2605,C#,G,3,D,"(1, 4, 7, 9)",V7,E,A,D,325.625,163.0
2606,C#,G,4,D,"(1, 4, 7, 9)",V7,E,A,D,325.75,163.0
2607,C#,G,4,D,"(1, 4, 7, 9)",V7,E,A,D,325.875,163.0
2608,D,F#,0,D,"(2, 6, 9)",I,D,A,D,326.0,164.0
2609,D,F#,1,D,"(2, 6, 9)",I,D,A,D,326.125,164.0
2610,D,F#,2,D,"(2, 6, 9)",I,D,A,D,326.25,164.0
2611,D,F#,2,D,"(2, 6, 9)",I,D,A,D,326.375,164.0
2612,D,F#,3,D,"(2, 6, 9)",I,D,A,D,326.5,164.0
2613,D,F#,3,D,"(2, 6, 9)",I,D,A,D,326.625,164.0
2614,D,F#,3,D,"(2, 6, 9)",I,D,A,D,326.75,164.0
2615,D,F#,3,D,"(2, 6, 9)",I,D,A,D,326.875,164.0
2616,D,F#,4,D,"(2, 6, 9)",I,D,A,D,327.0,164.0
2617,D,F#,4,D,"(2, 6, 9)",I,D,A,D,327.125,164.0
2618,D,F#,4,D,"(2, 6, 9)",I,D,A,D,327.25,164.0
2619,D,F#,4,D,"(2, 6, 9)",I,D,A,D,327.375,164.0
2620,D,F#,4,D,"(2, 6, 9)",I,D,A,D,327.5,164.0
2621,D,F#,4,D,"(2, 6, 9)",I,D,A,D,327.625,164.0
2622,D,F#,4,D,"(2, 6, 9)",I,D,A,D,327.75,164.0
2623,D,F#,4,D,"(2, 6, 9)",I,D,A,D,327.875,164.0
2624,A,C#,0,D,"(1, 4, 9)",V,A,E,D,328.0,165.0
2625,A,C#,1,D,"(1, 4, 9)",V,A,E,D,328.125,165.0
2626,A,C#,2,D,"(1, 4, 9)",V,A,E,D,328.25,165.0
2627,A,C#,2,D,"(1, 4, 9)",V,A,E,D,328.375,165.0
2628,A,C#,3,D,"(1, 4, 9)",V,A,E,D,328.5,165.0
2629,A,C#,3,D,"(1, 4, 9)",V,A,E,D,328.625,165.0
2630,A,C#,3,D,"(1, 4, 9)",V,A,E,D,328.75,165.0
2631,A,C#,3,D,"(1, 4, 9)",V,A,E,D,328.875,165.0
2632,A,C#,4,D,"(1, 4, 9)",V,A,E,D,329.0,165.0
2633,A,C#,4,D,"(1, 4, 9)",V,A,E,D,329.125,165.0
2634,A,C#,4,D,"(1, 4, 9)",V,A,E,D,329.25,165.0
2635,A,C#,4,D,"(1, 4, 9)",V,A,E,D,329.375,165.0
2636,A,C#,4,D,"(1, 4, 9)",V,A,E,D,329.5,165.0
2637,A,C#,4,D,"(1, 4, 9)",V,A,E,D,329.625,165.0
2638,A,C#,4,D,"(1, 4, 9)",V,A,E,D,329.75,165.0
2639,A,C#,4,D,"(1, 4, 9)",V,A,E,D,329.875,165.0
2640,A,C#,0,D,"(1, 4, 9)",V,A,C#,D,330.0,166.0
2641,A,C#,1,D,"(1, 4, 9)",V,A,C#,D,330.125,166.0
2642,A,C#,2,D,"(1, 4, 9)",V,A,C#,D,330.25,166.0
2643,A,C#,2,D,"(1, 4, 9)",V,A,C#,D,330.375,166.0
2644,A,C#,3,D,"(1, 4, 9)",V,A,C#,D,330.5,166.0
2645,A,C#,3,D,"(1, 4, 9)",V,A,C#,D,330.625,166.0
2646,A,C#,3,D,"(1, 4, 9)",V,A,C#,D,330.75,166.0
2647,A,C#,3,D,"(1, 4, 9)",V,A,C#,D,330.875,166.0
2648,A,C#,4,D,"(1, 4, 9)",V,A,C#,D,331.0,166.0
2649,A,C#,4,D,"(1, 4, 9)",V,A,C#,D,331.125,166.0
2650,A,C#,4,D,"(1, 4, 9)",V,A,C#,D,331.25,166.0
2651,A,C#,4,D,"(1, 4, 9)",V,A,C#,D,331.375,166.0
2652,A,C#,4,D,"(1, 4, 9)",V,A,C#,D,331.5,166.0
2653,A,C#,4,D,"(1, 4, 9)",V,A,C#,D,331.625,166.0
2654,A,C#,4,D,"(1, 4, 9)",V,A,C#,D,331.75,166.0
2655,A,C#,4,D,"(1, 4, 9)",V,A,C#,D,331.875,166.0
2656,E,C#,0,D,"(1, 4, 9)",V,A,C#,D,332.0,167.0
2657,E,A,1,D,"(1, 4, 9)",V,A,C#,D,332.125,167.0
2658,E,A,2,D,"(1, 4, 9)",V,A,C#,D,332.25,167.0
2659,E,A,2,D,"(1, 4, 9)",V,A,C#,D,332.375,167.0
2660,E,A,3,D,"(1, 4, 9)",V,A,C#,D,332.5,167.0
2661,E,A,3,D,"(1, 4, 9)",V,A,C#,D,332.625,167.0
2662,E,A,3,D,"(1, 4, 9)",V,A,C#,D,332.75,167.0
2663,E,A,3,D,"(1, 4, 9)",V,A,C#,D,332.875,167.0
2664,E,A,4,D,"(1, 4, 9)",V,A,C#,D,333.0,167.0
2665,E,A,4,D,"(1, 4, 9)",V,A,C#,D,333.125,167.0
2666,E,A,4,D,"(1, 4, 9)",V,A,C#,D,333.25,167.0
2667,E,A,4,D,"(1, 4, 9)",V,A,C#,D,333.375,167.0
2668,E,A,4,D,"(1, 4, 9)",V,A,C#,D,333.5,167.0
2669,E,A,4,D,"(1, 4, 9)",V,A,C#,D,333.625,167.0
2670,E,A,4,D,"(1, 4, 9)",V,A,C#,D,333.75,167.0
2671,E,A,4,D,"(1, 4, 9)",V,A,C#,D,333.875,167.0
2672,A,D,0,D,"(2, 6, 9)",I,D,F#,D,334.0,168.0
2673,A,D,1,D,"(2, 6, 9)",I,D,F#,D,334.125,168.0
2674,A,D,2,D,"(2, 6, 9)",I,D,F#,D,334.25,168.0
2675,A,D,2,D,"(2, 6, 9)",I,D,F#,D,334.375,168.0
2676,A,D,3,D,"(2, 6, 9)",I,D,F#,D,334.5,168.0
2677,A,D,3,D,"(2, 6, 9)",I,D,F#,D,334.625,168.0
2678,A,D,3,D,"(2, 6, 9)",I,D,F#,D,334.75,168.0
2679,A,D,3,D,"(2, 6, 9)",I,D,F#,D,334.875,168.0
2680,A,D,4,D,"(2, 6, 9)",I,D,F#,D,335.0,168.0
2681,A,D,4,D,"(2, 6, 9)",I,D,F#,D,335.125,168.0
2682,A,D,4,D,"(2, 6, 9)",I,D,F#,D,335.25,168.0
2683,A,D,4,D,"(2, 6, 9)",I,D,F#,D,335.375,168.0
2684,A,D,4,D,"(2, 6, 9)",I,D,F#,D,335.5,168.0
2685,A,D,4,D,"(2, 6, 9)",I,D,F#,D,335.625,168.0
2686,A,D,4,D,"(2, 6, 9)",I,D,F#,D,335.75,168.0
2687,A,D,4,D,"(2, 6, 9)",I,D,F#,D,335.875,168.0
2688,A,D,0,D,"(2, 6, 9)",I,D,F#,D,336.0,169.0
2689,A,D,1,D,"(2, 6, 9)",I,D,F#,D,336.125,169.0
2690,A,D,2,D,"(2, 6, 9)",I,D,F#,D,336.25,169.0
2691,A,D,2,D,"(2, 6, 9)",I,D,F#,D,336.375,169.0
2692,A,D,3,D,"(2, 6, 9)",I,D,F#,D,336.5,169.0
2693,A,D,3,D,"(2, 6, 9)",I,D,F#,D,336.625,169.0
2694,A,D,3,D,"(2, 6, 9)",I,D,F#,D,336.75,169.0
2695,A,D,3,D,"(2, 6, 9)",I,D,F#,D,336.875,169.0
2696,A,D,4,D,"(2, 6, 9)",I,D,F#,D,337.0,169.0
2697,A,D,4,D,"(2, 6, 9)",I,A,F#,D,337.125,169.0
2698,A,D,4,D,"(2, 6, 9)",I,A,F#,D,337.25,169.0
2699,A,D,4,D,"(2, 6, 9)",I,A,F#,D,337.375,169.0
2700,A,D,4,D,"(1, 4, 9)",I,A,F#,D,337.5,169.0
2701,A,D,4,D,"(1, 4, 9)",I,A,F#,D,337.625,169.0
2702,A,D,4,D,"(1, 4, 9)",I,A,F#,D,337.75,169.0
2703,A,D,4,D,"(1, 4, 9)",I,A,F#,D,337.875,169.0
2704,A,D,0,D,"(2, 6, 9)",I,B,F#,D,338.0,170.0
2705,A,D,1,D,"(2, 6, 9)",I,B,F#,D,338.125,170.0
2706,A,D,2,D,"(2, 6, 9)",I,B,F#,D,338.25,170.0
2707,A,D,2,D,"(2, 6, 9)",I,B,F#,D,338.375,170.0
2708,A,D,3,D,"(2, 6, 9)",I,B,F#,D,338.5,170.0
2709,A,D,3,D,"(2, 6, 9)",I,B,F#,D,338.625,170.0
2710,A,D,3,D,"(2, 6, 9)",I,B,F#,D,338.75,170.0
2711,A,D,3,D,"(2, 6, 9)",I,B,F#,D,338.875,170.0
2712,A,D,0,D,"(1, 4, 9)",V7,A,C#,D,339.0,170.0
2713,A,D,4,D,"(1, 4, 9)",V7,A,C#,D,339.125,170.0
2714,A,D,4,D,"(1, 4, 9)",V,A,C#,D,339.25,170.0
2715,A,D,2,D,"(1, 4, 9)",V7,A,C#,D,339.375,170.0
2716,A,D,4,D,"(1, 4, 9)",V7,A,C#,D,339.5,170.0
2717,A,D,4,D,"(1, 4, 9)",V7,A,C#,D,339.625,170.0
2718,A,D,4,D,"(1, 4, 9)",V7,A,C#,D,339.75,170.0
2719,A,D,4,D,"(1, 4, 9)",V7,A,C#,D,339.875,170.0
2720,A,D,0,D,"(0, 2, 6, 9)",IV,D,F#,D,340.0,171.0
2721,A,D,1,D,"(0, 2, 6, 9)",IV,D,F#,D,340.125,171.0
2722,A,D,2,D,"(0, 2, 6, 9)",IV,D,F#,D,340.25,171.0
2723,A,D,2,D,"(0, 2, 6, 9)",IV,D,F#,D,340.375,171.0
2724,A,D,3,D,"(0, 2, 6, 9)",IV,D,F#,D,340.5,171.0
2725,A,D,3,D,"(0, 2, 6, 9)",IV,D,F#,D,340.625,171.0
2726,A,D,3,D,"(0, 2, 6, 9)",IV,D,F#,D,340.75,171.0
2727,A,D,3,D,"(0, 2, 6, 9)",IV,D,F#,D,340.875,171.0
2728,B,D,0,D,"(2, 7, 11)",IV,G,G,D,341.0,171.0
2729,B,D,1,D,"(2, 7, 11)",IV,G,G,D,341.125,171.0
2730,B,D,2,D,"(2, 7, 11)",IV,G,G,D,341.25,171.0
2731,B,D,2,D,"(2, 7, 11)",IV,G,G,D,341.375,171.0
2732,B,D,3,D,"(2, 7, 11)",IV,G,G,D,341.5,171.0
2733,B,D,3,D,"(2, 7, 11)",IV,G,G,D,341.625,171.0
2734,B,D,3,D,"(2, 7, 11)",IV,G,G,D,341.75,171.0
2735,B,D,3,D,"(2, 7, 11)",IV,G,G,D,341.875,171.0
2736,A,D,0,D,"(2, 7, 10)",i,G,G,D,342.0,172.0
2737,A,D,1,D,"(2, 7, 10)",i,G,G,D,342.125,172.0
2738,A,D,2,D,"(2, 7, 10)",i,G,G,D,342.25,172.0
2739,A,D,2,D,"(2, 7, 10)",i,G,G,D,342.375,172.0
2740,A,D,3,D,"(2, 7, 10)",i,G,F#,D,342.5,172.0
2741,A,D,3,D,"(2, 7, 10)",i,G,F#,D,342.625,172.0
2742,A,D,3,D,"(2, 7, 10)",i,G,F#,D,342.75,172.0
2743,A,D,3,D,"(2, 7, 10)",i,G,F#,D,342.875,172.0
2744,A,D,0,D,"(2, 6, 9)",I,D,F#,D,343.0,172.0
2745,A,D,1,D,"(2, 6, 9)",I,D,F#,D,343.125,172.0
2746,A,D,2,D,"(2, 6, 9)",I,D,F#,D,343.25,172.0
2747,A,D,4,D,"(2, 6, 9)",I,D,F#,D,343.375,172.0
2748,A,D,3,D,"(2, 6, 9)",I,D,F#,D,343.5,172.0
2749,A,D,3,D,"(2, 6, 9)",I,D,F#,D,343.625,172.0
2750,A,D,3,D,"(2, 6, 9)",I,D,F#,D,343.75,172.0
2751,A,D,3,D,"(2, 6, 9)",I,D,F#,D,343.875,172.0
2752,F#,A,0,D,"(2, 6, 9)",I,F#,F#,D,344.0,173.0
2753,F#,A,1,D,"(2, 6, 9)",I,F#,F#,D,344.125,173.0
2754,F#,A,2,D,"(2, 6, 9)",I,F#,F#,D,344.25,173.0
2755,F#,A,2,D,"(2, 6, 9)",I,F#,F#,D,344.375,173.0
2756,F#,A,3,D,"(2, 6, 9)",I,F#,F#,D,344.5,173.0
2757,F#,A,3,D,"(2, 6, 9)",I,F#,F#,D,344.625,173.0
2758,F#,A,3,D,"(2, 6, 9)",I,F#,F#,D,344.75,173.0
2759,F#,A,3,D,"(2, 6, 9)",I,F#,F#,D,344.875,173.0
2760,D,A,0,D,"(2, 7, 11)",IV,G,B,D,345.0,173.0
2761,D,A,1,D,"(2, 7, 11)",IV,G,B,D,345.125,173.0
2762,D,A,4,D,"(2, 7, 11)",IV,G,B,D,345.25,173.0
2763,D,A,2,D,"(2, 7, 11)",IV,G,B,D,345.375,173.0
2764,D,A,4,D,"(2, 7, 11)",IV,G,B,D,345.5,173.0
2765,D,A,4,D,"(2, 7, 11)",IV,G,B,D,345.625,173.0
2766,D,A,4,D,"(2, 7, 11)",IV,G,B,D,345.75,173.0
2767,D,A,4,D,"(2, 7, 11)",IV,G,B,D,345.875,173.0
2768,E,A,0,D,"(1, 4, 7, 9)",V7,G,C#,D,346.0,174.0
2769,E,A,1,D,"(1, 4, 7, 9)",V7,G,C#,D,346.125,174.0
2770,E,A,2,D,"(1, 4, 7, 9)",V7,G,C#,D,346.25,174.0
2771,E,A,2,D,"(1, 4, 7, 9)",V7,G,C#,D,346.375,174.0
2772,E,A,3,D,"(1, 4, 7, 9)",V7,G,C#,D,346.5,174.0
2773,E,A,3,D,"(1, 4, 7, 9)",V7,G,C#,D,346.625,174.0
2774,E,A,3,D,"(1, 4, 7, 9)",V7,G,C#,D,346.75,174.0
2775,E,A,3,D,"(1, 4, 7, 9)",V7,G,C#,D,346.875,174.0
2776,F#,A,0,D,"(2, 6, 9)",I,D,D,D,347.0,174.0
2777,F#,A,1,D,"(2, 6, 9)",I,D,D,D,347.125,174.0
2778,F#,A,2,D,"(2, 6, 9)",I,D,D,D,347.25,174.0
2779,F#,A,2,D,"(2, 6, 9)",I,D,D,D,347.375,174.0
2780,F#,A,3,D,"(2, 6, 9)",I,D,D,D,347.5,174.0
2781,F#,A,3,D,"(2, 6, 9)",I,D,D,D,347.625,174.0
2782,F#,A,3,D,"(2, 6, 9)",I,D,D,D,347.75,174.0
2783,F#,A,3,D,"(2, 6, 9)",I,D,D,D,347.875,174.0
2784,E,A,0,D,"(1, 4, 9)",V,A,C#,D,348.0,175.0
2785,E,A,1,D,"(1, 4, 9)",V,A,C#,D,348.125,175.0
2786,E,A,2,D,"(1, 4, 9)",V,A,C#,D,348.25,175.0
2787,E,A,2,D,"(1, 4, 9)",V,A,C#,D,348.375,175.0
2788,E,A,3,D,"(1, 4, 9)",V,A,C#,D,348.5,175.0
2789,E,A,3,D,"(1, 4, 9)",V,A,C#,D,348.625,175.0
2790,E,A,3,D,"(1, 4, 9)",V,A,C#,D,348.75,175.0
2791,E,A,3,D,"(1, 4, 9)",V,A,C#,D,348.875,175.0
2792,E,A,0,D,"(1, 4, 9)",V,A,D,D,349.0,175.0
2793,E,A,1,D,"(1, 4, 9)",V,A,D,D,349.125,175.0
2794,E,A,2,D,"(1, 4, 9)",V,A,D,D,349.25,175.0
2795,E,A,2,D,"(1, 4, 9)",V,A,D,D,349.375,175.0
2796,E,A,3,D,"(1, 4, 9)",V,A,D,D,349.5,175.0
2797,E,A,3,D,"(1, 4, 9)",V,A,D,D,349.625,175.0
2798,E,A,3,D,"(1, 4, 9)",V,A,D,D,349.75,175.0
2799,E,A,3,D,"(1, 4, 9)",V,A,D,D,349.875,175.0
2800,E,A,0,D,"(1, 4, 9)",V,A,C#,D,350.0,176.0
2801,E,A,1,D,"(1, 4, 9)",V,A,C#,D,350.125,176.0
2802,E,A,2,D,"(1, 4, 9)",V,A,C#,D,350.25,176.0
2803,E,A,2,D,"(1, 4, 9)",V,A,C#,D,350.375,176.0
2804,E,A,3,D,"(1, 4, 9)",V,A,C#,D,350.5,176.0
2805,E,A,3,D,"(1, 4, 9)",V,A,C#,D,350.625,176.0
2806,E,A,3,D,"(1, 4, 9)",V,A,C#,D,350.75,176.0
2807,E,A,3,D,"(1, 4, 9)",V,A,C#,D,350.875,176.0
2808,E,A,4,D,"(1, 4, 9)",V,A,C#,D,351.0,176.0
2809,E,A,4,D,"(1, 4, 9)",V,A,C#,D,351.125,176.0
2810,E,A,4,D,"(1, 4, 9)",V,A,C#,D,351.25,176.0
2811,E,A,4,D,"(1, 4, 9)",V,A,C#,D,351.375,176.0
2812,E,A,4,D,"(1, 4, 9)",V,A,C#,D,351.5,176.0
2813,E,A,4,D,"(1, 4, 9)",V,A,C#,D,351.625,176.0
2814,E,A,4,D,"(1, 4, 9)",V,A,C#,D,351.75,176.0
2815,E,A,4,D,"(1, 4, 9)",V,A,C#,D,351.875,176.0
2816,G,A,0,D,"(1, 4, 7, 9)",V7,A,E,D,352.0,177.0
2817,G,C#,1,D,"(1, 4, 7, 9)",V7,A,E,D,352.125,177.0
2818,G,C#,2,D,"(1, 4, 7, 9)",V7,A,E,D,352.25,177.0
2819,G,C#,2,D,"(1, 4, 7, 9)",V7,A,E,D,352.375,177.0
2820,G,C#,3,D,"(1, 4, 7, 9)",V7,A,E,D,352.5,177.0
2821,G,C#,3,D,"(1, 4, 7, 9)",V7,A,E,D,352.625,177.0
2822,G,C#,3,D,"(1, 4, 7, 9)",V7,A,E,D,352.75,177.0
2823,G,C#,3,D,"(1, 4, 7, 9)",V7,A,E,D,352.875,177.0
2824,G,C#,4,D,"(1, 4, 7, 9)",V7,A,E,D,353.0,177.0
2825,G,C#,4,D,"(1, 4, 7, 9)",V7,A,E,D,353.125,177.0
2826,G,C#,4,D,"(1, 4, 7, 9)",V7,A,E,D,353.25,177.0
2827,G,C#,4,D,"(1, 4, 7, 9)",V7,A,E,D,353.375,177.0
2828,G,C#,4,D,"(1, 4, 7, 9)",V7,A,E,D,353.5,177.0
2829,G,C#,4,D,"(1, 4, 7, 9)",V7,A,E,D,353.625,177.0
2830,G,C#,4,D,"(1, 4, 7, 9)",V7,A,E,D,353.75,177.0
2831,G,C#,4,D,"(1, 4, 7, 9)",V7,A,E,D,353.875,177.0
2832,A,D,0,D,"(2, 6, 9)",I,D,F#,D,354.0,178.0
2833,A,D,1,D,"(2, 6, 9)",I,D,F#,D,354.125,178.0
2834,A,D,2,D,"(2, 6, 9)",I,D,F#,D,354.25,178.0
2835,A,D,2,D,"(2, 6, 9)",I,D,F#,D,354.375,178.0
2836,A,D,3,D,"(2, 6, 9)",I,D,F#,D,354.5,178.0
2837,A,D,3,D,"(2, 6, 9)",I,D,F#,D,354.625,178.0
2838,A,D,3,D,"(2, 6, 9)",I,D,F#,D,354.75,178.0
2839,A,D,3,D,"(2, 6, 9)",I,D,F#,D,354.875,178.0
2840,A,D,4,D,"(2, 6, 9)",I,D,F#,D,355.0,178.0
2841,A,D,4,D,"(2, 6, 9)",I,D,F#,D,355.125,178.0
2842,A,D,4,D,"(2, 6, 9)",I,D,F#,D,355.25,178.0
2843,A,D,4,D,"(2, 6, 9)",I,D,F#,D,355.375,178.0
2844,A,D,4,D,"(2, 6, 9)",I,D,F#,D,355.5,178.0
2845,A,D,4,D,"(2, 6, 9)",I,D,F#,D,355.625,178.0
2846,A,D,4,D,"(2, 6, 9)",I,D,F#,D,355.75,178.0
2847,A,D,4,D,"(2, 6, 9)",I,D,F#,D,355.875,178.0
2848,E,A,0,D,"(1, 4, 7, 9)",V7,G,C#,D,356.0,179.0
2849,E,A,1,D,"(1, 4, 7, 9)",V7,G,C#,D,356.125,179.0
2850,E,A,2,D,"(1, 4, 7, 9)",V7,G,C#,D,356.25,179.0
2851,E,A,2,D,"(1, 4, 7, 9)",V7,G,C#,D,356.375,179.0
2852,E,A,3,D,"(1, 4, 7, 9)",V7,G,C#,D,356.5,179.0
2853,E,A,3,D,"(1, 4, 7, 9)",V7,G,C#,D,356.625,179.0
2854,E,A,3,D,"(1, 4, 7, 9)",V7,G,C#,D,356.75,179.0
2855,E,A,3,D,"(1, 4, 7, 9)",V7,G,C#,D,356.875,179.0
2856,E,C#,4,D,"(1, 4, 7, 9)",V7,A,C#,D,357.0,179.0
2857,G,C#,4,D,"(1, 4, 7, 9)",V7,A,C#,D,357.125,179.0
2858,G,C#,4,D,"(1, 4, 7, 9)",V7,A,C#,D,357.25,179.0
2859,G,C#,4,D,"(1, 4, 7, 9)",V7,A,C#,D,357.375,179.0
2860,G,C#,4,D,"(1, 4, 7, 9)",V7,A,C#,D,357.5,179.0
2861,G,C#,4,D,"(1, 4, 7, 9)",V7,A,C#,D,357.625,179.0
2862,G,C#,4,D,"(1, 4, 7, 9)",V7,A,C#,D,357.75,179.0
2863,G,C#,4,D,"(1, 4, 7, 9)",V7,A,C#,D,357.875,179.0
2864,A,D,0,D,"(2, 6, 9)",I,D,F#,D,358.0,180.0
2865,A,D,1,D,"(2, 6, 9)",I,D,F#,D,358.125,180.0
2866,A,D,2,D,"(2, 6, 9)",I,D,F#,D,358.25,180.0
2867,A,D,2,D,"(2, 6, 9)",I,D,F#,D,358.375,180.0
2868,A,D,3,D,"(2, 6, 9)",I,D,F#,D,358.5,180.0
2869,A,D,3,D,"(2, 6, 9)",I,D,F#,D,358.625,180.0
2870,A,D,3,D,"(2, 6, 9)",I,D,F#,D,358.75,180.0
2871,A,D,3,D,"(2, 6, 9)",I,D,F#,D,358.875,180.0
2872,A,D,4,D,"(2, 6, 9)",I,D,F#,D,359.0,180.0
2873,A,D,4,D,"(2, 6, 9)",I,D,F#,D,359.125,180.0
2874,A,D,4,D,"(2, 6, 9)",I,D,F#,D,359.25,180.0
2875,A,D,4,D,"(2, 6, 9)",I,D,F#,D,359.375,180.0
2876,A,D,4,D,"(2, 6, 9)",I,D,F#,D,359.5,180.0
2877,A,D,4,D,"(2, 6, 9)",I,D,F#,D,359.625,180.0
2878,A,D,4,D,"(2, 6, 9)",I,D,F#,D,359.75,180.0
2879,A,D,4,D,"(2, 6, 9)",I,D,F#,D,359.875,180.0
2880,E,A,0,D,"(1, 4, 7, 9)",V7,G,C#,D,360.0,181.0
2881,E,A,1,D,"(1, 4, 7, 9)",V7,G,C#,D,360.125,181.0
2882,E,A,2,D,"(1, 4, 7, 9)",V7,G,C#,D,360.25,181.0
2883,E,A,2,D,"(1, 4, 7, 9)",V7,G,C#,D,360.375,181.0
2884,E,A,3,D,"(1, 4, 7, 9)",V7,G,C#,D,360.5,181.0
2885,E,A,3,D,"(1, 4, 7, 9)",V7,G,C#,D,360.625,181.0
2886,E,A,3,D,"(1, 4, 7, 9)",V7,G,C#,D,360.75,181.0
2887,E,A,3,D,"(1, 4, 7, 9)",V7,G,C#,D,360.875,181.0
2888,E,C#,4,D,"(1, 4, 7, 9)",V7,A,C#,D,361.0,181.0
2889,E,C#,4,D,"(1, 4, 7, 9)",V7,A,C#,D,361.125,181.0
2890,E,C#,4,D,"(1, 4, 7, 9)",V7,A,C#,D,361.25,181.0
2891,E,C#,4,D,"(1, 4, 7, 9)",V7,A,C#,D,361.375,181.0
2892,E,C#,4,D,"(1, 4, 7, 9)",V7,A,C#,D,361.5,181.0
2893,E,C#,4,D,"(1, 4, 7, 9)",V7,A,C#,D,361.625,181.0
2894,E,C#,4,D,"(1, 4, 7, 9)",V7,A,C#,D,361.75,181.0
2895,E,C#,4,D,"(1, 4, 7, 9)",V7,A,C#,D,361.875,181.0
2896,A,D,0,D,"(2, 6, 9)",I,D,F#,D,362.0,182.0
2897,A,D,1,D,"(2, 6, 9)",I,D,F#,D,362.125,182.0
2898,A,D,2,D,"(2, 6, 9)",I,D,F#,D,362.25,182.0
2899,A,D,2,D,"(2, 6, 9)",I,D,F#,D,362.375,182.0
2900,A,D,3,D,"(2, 6, 9)",I,D,F#,D,362.5,182.0
2901,A,D,3,D,"(2, 6, 9)",I,D,F#,D,362.625,182.0
2902,A,D,3,D,"(2, 6, 9)",I,D,F#,D,362.75,182.0
2903,A,D,3,D,"(2, 6, 9)",I,D,F#,D,362.875,182.0
2904,A,D,4,D,"(2, 6, 9)",I,D,F#,D,363.0,182.0
2905,A,D,4,D,"(2, 6, 9)",I,D,F#,D,363.125,182.0
2906,A,D,4,D,"(2, 6, 9)",I,D,F#,D,363.25,182.0
2907,A,D,4,D,"(2, 6, 9)",I,D,F#,D,363.375,182.0
2908,A,D,4,D,"(2, 6, 9)",I,D,F#,D,363.5,182.0
2909,A,D,4,D,"(2, 6, 9)",I,D,F#,D,363.625,182.0
2910,A,D,4,D,"(2, 6, 9)",I,D,F#,D,363.75,182.0
2911,A,D,4,D,"(2, 6, 9)",I,D,F#,D,363.875,182.0
2912,E,E,0,D,"(1, 4, 9)",V,A,A,D,364.0,183.0
2913,E,E,1,D,"(1, 4, 9)",V,A,A,D,364.125,183.0
2914,E,E,2,D,"(1, 4, 9)",V,A,A,D,364.25,183.0
2915,E,E,2,D,"(1, 4, 9)",V,A,A,D,364.375,183.0
2916,E,E,3,D,"(1, 4, 9)",V,A,A,D,364.5,183.0
2917,E,E,3,D,"(1, 4, 9)",V,A,A,D,364.625,183.0
2918,E,E,3,D,"(1, 4, 9)",V,A,A,D,364.75,183.0
2919,E,E,3,D,"(1, 4, 9)",V,A,A,D,364.875,183.0
2920,E,A,0,D,"(1, 4, 7, 9)",V7,A,C#,D,365.0,183.0
2921,E,A,1,D,"(1, 4, 7, 9)",V7,G,C#,D,365.125,183.0
2922,E,A,2,D,"(1, 4, 7, 9)",V7,G,C#,D,365.25,183.0
2923,E,A,2,D,"(1, 4, 7, 9)",V7,G,C#,D,365.375,183.0
2924,E,A,3,D,"(1, 4, 7, 9)",V7,G,C#,D,365.5,183.0
2925,E,A,3,D,"(1, 4, 7, 9)",V7,G,C#,D,365.625,183.0
2926,E,A,3,D,"(1, 4, 7, 9)",V7,G,C#,D,365.75,183.0
2927,E,A,3,D,"(1, 4, 7, 9)",V7,G,C#,D,365.875,183.0
2928,A,D,0,D,"(2, 6, 9)",I,D,F#,D,366.0,184.0
2929,A,D,1,D,"(2, 6, 9)",I,D,F#,D,366.125,184.0
2930,A,D,2,D,"(2, 6, 9)",I,D,F#,D,366.25,184.0
2931,A,D,2,D,"(2, 6, 9)",I,D,F#,D,366.375,184.0
2932,A,D,3,D,"(2, 6, 9)",I,D,F#,D,366.5,184.0
2933,A,D,3,D,"(2, 6, 9)",I,D,F#,D,366.625,184.0
2934,A,D,3,D,"(2, 6, 9)",I,D,F#,D,366.75,184.0
2935,A,D,3,D,"(2, 6, 9)",I,D,F#,D,366.875,184.0
2936,A,D,4,D,"(2, 6, 9)",I,D,F#,D,367.0,184.0
2937,A,D,4,D,"(2, 6, 9)",I,D,F#,D,367.125,184.0
2938,A,D,4,D,"(2, 6, 9)",I,D,F#,D,367.25,184.0
2939,A,D,4,D,"(2, 6, 9)",I,D,F#,D,367.375,184.0
2940,A,D,4,D,"(2, 6, 9)",I,D,F#,D,367.5,184.0
2941,A,D,4,D,"(2, 6, 9)",I,D,F#,D,367.625,184.0
2942,A,D,4,D,"(2, 6, 9)",I,D,F#,D,367.75,184.0
2943,A,D,4,D,"(2, 6, 9)",I,D,F#,D,367.875,184.0
2944,A,D,0,D,"(2, 6, 9)",I,D,F#,D,368.0,185.0
2945,A,D,1,D,"(2, 6, 9)",I,D,F#,D,368.125,185.0
2946,A,D,2,D,"(2, 6, 9)",I,D,F#,D,368.25,185.0
2947,A,D,2,D,"(2, 6, 9)",I,D,F#,D,368.375,185.0
2948,A,D,3,D,"(2, 6, 9)",I,D,F#,D,368.5,185.0
2949,A,D,3,D,"(2, 6, 9)",I,D,F#,D,368.625,185.0
2950,A,D,3,D,"(2, 6, 9)",I,D,F#,D,368.75,185.0
2951,A,D,3,D,"(2, 6, 9)",I,D,F#,D,368.875,185.0
2952,A,D,4,D,"(2, 6, 9)",I,D,F#,D,369.0,185.0
2953,A,D,4,D,"(2, 6, 9)",I,D,F#,D,369.125,185.0
2954,A,D,4,D,"(2, 6, 9)",I,D,F#,D,369.25,185.0
2955,A,D,4,D,"(2, 6, 9)",I,D,F#,D,369.375,185.0
2956,A,D,4,D,"(2, 6, 9)",I,D,F#,D,369.5,185.0
2957,A,D,4,D,"(2, 6, 9)",I,D,F#,D,369.625,185.0
2958,A,A,4,D,"(1, 4, 9)",V,A,C#,D,369.75,185.0
2959,A,A,4,D,"(1, 4, 9)",V,A,C#,D,369.875,185.0
2960,F#,B,0,D,"(2, 6, 11)",vi,B,D,D,370.0,186.0
2961,F#,B,1,D,"(2, 6, 11)",vi,B,D,D,370.125,186.0
2962,F#,B,2,D,"(2, 6, 11)",vi,B,D,D,370.25,186.0
2963,F#,B,2,D,"(2, 6, 11)",vi,B,D,D,370.375,186.0
2964,F#,B,3,D,"(2, 6, 11)",vi,B,D,D,370.5,186.0
2965,F#,B,3,D,"(2, 6, 11)",vi,B,D,D,370.625,186.0
2966,F#,B,3,D,"(2, 6, 11)",vi,B,D,D,370.75,186.0
2967,F#,B,3,D,"(2, 6, 11)",vi,B,D,D,370.875,186.0
2968,F#,B,4,D,"(2, 6, 11)",vi,B,D,D,371.0,186.0
2969,F#,B,4,D,"(2, 6, 11)",vi,B,D,D,371.125,186.0
2970,F#,B,4,D,"(2, 6, 11)",vi,B,D,D,371.25,186.0
2971,F#,B,4,D,"(2, 6, 11)",vi,B,D,D,371.375,186.0
2972,F#,B,4,D,"(2, 6, 11)",vi,B,D,D,371.5,186.0
2973,F#,B,4,D,"(2, 6, 11)",vi,B,D,D,371.625,186.0
2974,F#,B,4,D,"(2, 6, 11)",vi,B,D,D,371.75,186.0
2975,F#,B,4,D,"(2, 6, 11)",vi,B,D,D,371.875,186.0
2976,D,G,0,D,"(2, 7, 11)",IV,G,B,D,372.0,187.0
2977,D,G,1,D,"(2, 7, 11)",IV,G,B,D,372.125,187.0
2978,D,G,2,D,"(2, 7, 11)",IV,G,B,D,372.25,187.0
2979,D,G,2,D,"(2, 7, 11)",IV,G,B,D,372.375,187.0
2980,D,G,3,D,"(2, 7, 11)",IV,G,B,D,372.5,187.0
2981,D,G,3,D,"(2, 7, 11)",IV,G,B,D,372.625,187.0
2982,D,G,3,D,"(2, 7, 11)",IV,G,B,D,372.75,187.0
2983,D,G,3,D,"(2, 7, 11)",IV,G,B,D,372.875,187.0
2984,G,B,4,D,"(2, 7, 11)",IV,G,D,D,373.0,187.0
2985,G,B,4,D,"(2, 7, 11)",IV,G,D,D,373.125,187.0
2986,G,B,4,D,"(2, 7, 11)",IV,G,D,D,373.25,187.0
2987,G,B,4,D,"(2, 7, 11)",IV,G,D,D,373.375,187.0
2988,G,B,4,D,"(2, 7, 11)",IV,G,D,D,373.5,187.0
2989,G,B,4,D,"(2, 7, 11)",IV,G,D,D,373.625,187.0
2990,G,B,4,D,"(2, 7, 11)",IV,G,D,D,373.75,187.0
2991,D,B,4,D,"(2, 7, 11)",IV,G,D,D,373.875,187.0
2992,A,D,0,D,"(2, 6, 9)",I,D,F#,D,374.0,188.0
2993,A,D,1,D,"(2, 6, 9)",I,D,F#,D,374.125,188.0
2994,A,D,2,D,"(2, 6, 9)",I,D,F#,D,374.25,188.0
2995,A,D,2,D,"(2, 6, 9)",I,D,F#,D,374.375,188.0
2996,A,D,3,D,"(2, 6, 9)",I,D,F#,D,374.5,188.0
2997,A,D,3,D,"(2, 6, 9)",I,D,F#,D,374.625,188.0
2998,A,D,3,D,"(2, 6, 9)",I,D,F#,D,374.75,188.0
2999,A,D,3,D,"(2, 6, 9)",I,D,F#,D,374.875,188.0
3000,A,D,4,D,"(2, 6, 9)",I,D,F#,D,375.0,188.0
3001,A,D,4,D,"(2, 6, 9)",I,D,F#,D,375.125,188.0
3002,A,D,4,D,"(2, 6, 9)",I,D,F#,D,375.25,188.0
3003,A,D,4,D,"(2, 6, 9)",I,D,F#,D,375.375,188.0
3004,A,D,4,D,"(2, 6, 9)",I,D,F#,D,375.5,188.0
3005,A,D,4,D,"(2, 6, 9)",I,D,F#,D,375.625,188.0
3006,A,D,4,D,"(2, 6, 9)",I,D,F#,D,375.75,188.0
3007,A,D,4,D,"(2, 6, 9)",I,D,F#,D,375.875,188.0
3008,A,D,0,D,"(2, 6, 9)",I,D,F#,D,376.0,189.0
3009,A,D,1,D,"(2, 6, 9)",I,D,F#,D,376.125,189.0
3010,A,D,2,D,"(2, 6, 9)",I,D,F#,D,376.25,189.0
3011,A,D,2,D,"(2, 6, 9)",I,D,F#,D,376.375,189.0
3012,A,D,3,D,"(2, 6, 9)",I,D,F#,D,376.5,189.0
3013,A,D,3,D,"(2, 6, 9)",I,D,F#,D,376.625,189.0
3014,A,D,3,D,"(2, 6, 9)",I,D,F#,D,376.75,189.0
3015,A,D,3,D,"(2, 6, 9)",I,D,F#,D,376.875,189.0
3016,A,D,4,D,"(2, 6, 9)",I,D,F#,D,377.0,189.0
3017,A,D,4,D,"(2, 6, 9)",I,D,F#,D,377.125,189.0
3018,A,D,4,D,"(2, 6, 9)",I,D,F#,D,377.25,189.0
3019,A,D,4,D,"(2, 6, 9)",I,D,F#,D,377.375,189.0
3020,A,D,4,D,"(2, 6, 9)",I,D,F#,D,377.5,189.0
3021,A,D,4,D,"(2, 6, 9)",I,D,F#,D,377.625,189.0
3022,A,D,4,D,"(2, 6, 9)",I,D,F#,D,377.75,189.0
3023,A,D,4,D,"(2, 6, 9)",I,D,F#,D,377.875,189.0
3024,A,C#,0,D,"(1, 4, 7, 9)",V7,A,E,D,378.0,190.0
3025,A,C#,1,D,"(1, 4, 9)",V7,A,E,D,378.125,190.0
3026,A,C#,2,D,"(1, 4, 7, 9)",V7,A,E,D,378.25,190.0
3027,A,C#,2,D,"(1, 4, 7, 9)",V7,A,E,D,378.375,190.0
3028,A,C#,3,D,"(1, 4, 7, 9)",V7,A,E,D,378.5,190.0
3029,A,C#,3,D,"(1, 4, 9)",V7,A,E,D,378.625,190.0
3030,A,C#,3,D,"(1, 4, 7, 9)",V7,A,E,D,378.75,190.0
3031,A,C#,3,D,"(1, 4, 7, 9)",V7,A,E,D,378.875,190.0
3032,G,C#,4,D,"(1, 4, 7, 9)",V7,A,E,D,379.0,190.0
3033,G,C#,4,D,"(1, 4, 7, 9)",V7,A,E,D,379.125,190.0
3034,G,C#,4,D,"(1, 4, 7, 9)",V7,A,E,D,379.25,190.0
3035,G,C#,4,D,"(1, 4, 7, 9)",V7,A,E,D,379.375,190.0
3036,G,C#,4,D,"(1, 4, 7, 9)",V7,A,E,D,379.5,190.0
3037,G,C#,4,D,"(1, 4, 7, 9)",V7,A,E,D,379.625,190.0
3038,G,C#,4,D,"(1, 4, 7, 9)",V7,A,E,D,379.75,190.0
3039,G,C#,4,D,"(1, 4, 7, 9)",V7,A,E,D,379.875,190.0
3040,A,D,0,D,"(2, 6, 9)",I,D,F#,D,380.0,191.0
3041,A,D,1,D,"(2, 6, 9)",I,D,F#,D,380.125,191.0
3042,A,D,2,D,"(2, 6, 9)",I,D,F#,D,380.25,191.0
3043,A,D,2,D,"(2, 6, 9)",I,D,F#,D,380.375,191.0
3044,A,D,3,D,"(2, 6, 9)",I,D,F#,D,380.5,191.0
3045,A,D,3,D,"(2, 6, 9)",I,D,F#,D,380.625,191.0
3046,A,D,3,D,"(2, 6, 9)",I,D,F#,D,380.75,191.0
3047,A,D,3,D,"(2, 6, 9)",I,D,F#,D,380.875,191.0
3048,A,D,4,D,"(2, 6, 9)",I,D,F#,D,381.0,191.0
3049,A,D,4,D,"(2, 6, 9)",I,D,F#,D,381.125,191.0
3050,A,D,4,D,"(2, 6, 9)",I,D,F#,D,381.25,191.0
3051,A,D,4,D,"(2, 6, 9)",I,D,F#,D,381.375,191.0
3052,A,D,4,D,"(2, 6, 9)",I,D,F#,D,381.5,191.0
3053,A,D,4,D,"(2, 6, 9)",I,D,F#,D,381.625,191.0
3054,A,D,4,D,"(2, 6, 9)",I,D,F#,D,381.75,191.0
3055,A,D,4,D,"(2, 6, 9)",I,D,F#,D,381.875,191.0
3056,E,A,0,D,"(2, 6, 9)",I,D,C#,D,382.0,192.0
3057,F#,A,1,D,"(2, 6, 9)",Cad,D,C#,D,382.125,192.0
3058,F#,A,2,D,"(2, 6, 9)",Cad,D,C#,D,382.25,192.0
3059,F#,A,2,D,"(2, 6, 9)",Cad,D,C#,D,382.375,192.0
3060,F#,A,3,D,"(2, 6, 9)",Cad,D,C#,D,382.5,192.0
3061,F#,A,3,D,"(2, 6, 9)",Cad,D,C#,D,382.625,192.0
3062,F#,A,3,D,"(2, 6, 9)",Cad,D,C#,D,382.75,192.0
3063,F#,A,3,D,"(2, 6, 9)",Cad,D,C#,D,382.875,192.0
3064,E,A,0,D,"(1, 4, 9)",V,A,C#,D,383.0,192.0
3065,E,A,1,D,"(1, 4, 9)",V,A,C#,D,383.125,192.0
3066,E,A,2,D,"(1, 4, 9)",V,A,C#,D,383.25,192.0
3067,E,A,2,D,"(1, 4, 9)",V,A,C#,D,383.375,192.0
3068,E,A,3,D,"(1, 4, 9)",V,A,C#,D,383.5,192.0
3069,E,A,3,D,"(1, 4, 9)",V,A,C#,D,383.625,192.0
3070,E,A,3,D,"(1, 4, 9)",V,A,C#,D,383.75,192.0
3071,E,A,3,D,"(1, 4, 9)",V,A,C#,D,383.875,192.0
3072,E,A,0,D,"(1, 4, 9)",V,A,C#,D,384.0,193.0
3073,E,A,1,D,"(1, 4, 9)",V,A,C#,D,384.125,193.0
3074,E,A,2,D,"(1, 4, 9)",V,A,C#,D,384.25,193.0
3075,E,A,2,D,"(1, 4, 9)",V,A,C#,D,384.375,193.0
3076,E,A,3,D,"(1, 4, 9)",V,A,C#,D,384.5,193.0
3077,E,A,3,D,"(1, 4, 9)",V,A,C#,D,384.625,193.0
3078,E,A,3,D,"(1, 4, 9)",V,A,C#,D,384.75,193.0
3079,E,A,3,D,"(1, 4, 9)",V,A,C#,D,384.875,193.0
3080,E,A,4,D,"(1, 4, 7, 9)",V7,G,C#,D,385.0,193.0
3081,E,A,1,D,"(1, 4, 7, 9)",V7,G,C#,D,385.125,193.0
3082,E,A,4,D,"(1, 4, 7, 9)",V7,G,C#,D,385.25,193.0
3083,E,A,4,D,"(1, 4, 7, 9)",V7,G,C#,D,385.375,193.0
3084,E,A,4,D,"(1, 4, 7, 9)",V7,G,C#,D,385.5,193.0
3085,E,A,4,D,"(1, 4, 7, 9)",V7,G,C#,D,385.625,193.0
3086,E,A,4,D,"(1, 4, 7, 9)",V7,G,C#,D,385.75,193.0
3087,E,A,4,D,"(1, 4, 7, 9)",V7,G,C#,D,385.875,193.0
3088,F#,A,0,D,"(2, 6, 9)",I,D,D,D,386.0,194.0
3089,F#,A,1,D,"(2, 6, 9)",I,D,D,D,386.125,194.0
3090,F#,A,2,D,"(2, 6, 9)",I,D,D,D,386.25,194.0
3091,F#,A,2,D,"(2, 6, 9)",I,D,D,D,386.375,194.0
3092,F#,A,3,D,"(2, 6, 9)",I,D,D,D,386.5,194.0
3093,F#,A,3,D,"(2, 6, 9)",I,D,D,D,386.625,194.0
3094,F#,A,3,D,"(2, 6, 9)",I,D,D,D,386.75,194.0
3095,F#,A,3,D,"(2, 6, 9)",I,D,D,D,386.875,194.0
3096,F#,A,4,D,"(2, 6, 9)",I,D,D,D,387.0,194.0
3097,F#,A,4,D,"(2, 6, 9)",I,D,D,D,387.125,194.0
3098,F#,A,4,D,"(2, 6, 9)",I,D,D,D,387.25,194.0
3099,F#,A,4,D,"(2, 6, 9)",I,D,D,D,387.375,194.0
3100,F#,A,4,D,"(2, 6, 9)",I,D,D,D,387.5,194.0
3101,F#,A,4,D,"(2, 6, 9)",I,D,D,D,387.625,194.0
3102,F#,A,4,D,"(2, 6, 9)",I,D,D,D,387.75,194.0
3103,F#,A,4,D,"(2, 6, 9)",I,D,D,D,387.875,194.0
3104,E,A,0,D,"(1, 4, 7, 9)",V7,G,C#,D,388.0,195.0
3105,E,A,1,D,"(1, 4, 7, 9)",V7,G,C#,D,388.125,195.0
3106,E,A,2,D,"(1, 4, 7, 9)",V7,G,C#,D,388.25,195.0
3107,E,A,2,D,"(1, 4, 7, 9)",V7,G,C#,D,388.375,195.0
3108,E,A,3,D,"(1, 4, 7, 9)",V7,G,C#,D,388.5,195.0
3109,E,A,3,D,"(1, 4, 7, 9)",V7,G,C#,D,388.625,195.0
3110,E,A,3,D,"(1, 4, 7, 9)",V7,G,C#,D,388.75,195.0
3111,E,A,3,D,"(1, 4, 7, 9)",V7,G,C#,D,388.875,195.0
3112,E,A,4,D,"(1, 4, 7, 9)",V7,G,C#,D,389.0,195.0
3113,E,A,4,D,"(1, 4, 7, 9)",V7,G,C#,D,389.125,195.0
3114,E,A,4,D,"(1, 4, 7, 9)",V7,G,C#,D,389.25,195.0
3115,E,A,4,D,"(1, 4, 7, 9)",V7,G,C#,D,389.375,195.0
3116,E,A,4,D,"(1, 4, 7, 9)",V7,G,C#,D,389.5,195.0
3117,E,A,4,D,"(1, 4, 7, 9)",V7,G,C#,D,389.625,195.0
3118,E,A,4,D,"(1, 4, 7, 9)",V7,G,C#,D,389.75,195.0
3119,E,A,4,D,"(1, 4, 7, 9)",V7,G,C#,D,389.875,195.0
3120,F#,D,0,D,"(2, 6, 9)",I,D,D,D,390.0,196.0
3121,F#,D,1,D,"(2, 6, 9)",I,D,D,D,390.125,196.0
3122,F#,D,2,D,"(2, 6, 9)",I,D,D,D,390.25,196.0
3123,F#,D,2,D,"(2, 6, 9)",I,D,D,D,390.375,196.0
3124,F#,D,3,D,"(2, 6, 9)",I,D,D,D,390.5,196.0
3125,F#,D,3,D,"(2, 6, 9)",I,D,D,D,390.625,196.0
3126,F#,D,3,D,"(2, 6, 9)",I,D,D,D,390.75,196.0
3127,F#,D,3,D,"(2, 6, 9)",I,D,D,D,390.875,196.0
3128,F#,D,4,D,"(2, 6, 9)",I,D,D,D,391.0,196.0
3129,F#,D,4,D,"(2, 6, 9)",I,D,D,D,391.125,196.0
3130,A,D,4,D,"(2, 6, 9)",I,D,D,D,391.25,196.0
3131,A,D,4,D,"(2, 6, 9)",I,D,D,D,391.375,196.0
3132,A,D,4,D,"(2, 6, 9)",I,D,D,D,391.5,196.0
3133,A,D,4,D,"(2, 6, 9)",I,D,D,D,391.625,196.0
3134,A,D,4,D,"(2, 6, 9)",I,D,D,D,391.75,196.0
3135,A,D,4,D,"(2, 6, 9)",I,D,D,D,391.875,196.0
3136,E,A,0,D,"(1, 4, 7, 9)",V7,G,C#,D,392.0,197.0
3137,E,A,1,D,"(1, 4, 7, 9)",V7,G,C#,D,392.125,197.0
3138,E,A,2,D,"(1, 4, 7, 9)",V7,G,C#,D,392.25,197.0
3139,E,A,2,D,"(1, 4, 7, 9)",V7,G,C#,D,392.375,197.0
3140,E,A,3,D,"(1, 4, 7, 9)",V7,G,C#,D,392.5,197.0
3141,E,A,3,D,"(1, 4, 7, 9)",V7,G,C#,D,392.625,197.0
3142,E,A,3,D,"(1, 4, 7, 9)",V7,G,C#,D,392.75,197.0
3143,E,A,3,D,"(1, 4, 7, 9)",V7,G,C#,D,392.875,197.0
3144,E,A,4,D,"(1, 4, 7, 9)",V7,G,C#,D,393.0,197.0
3145,E,A,4,D,"(1, 4, 7, 9)",V7,G,C#,D,393.125,197.0
3146,E,A,4,D,"(1, 4, 7, 9)",V7,G,C#,D,393.25,197.0
3147,E,A,4,D,"(1, 4, 7, 9)",V7,G,C#,D,393.375,197.0
3148,E,A,4,D,"(1, 4, 7, 9)",V7,G,C#,D,393.5,197.0
3149,E,A,4,D,"(1, 4, 7, 9)",V7,G,C#,D,393.625,197.0
3150,E,A,4,D,"(1, 4, 7, 9)",V7,G,C#,D,393.75,197.0
3151,E,A,4,D,"(1, 4, 7, 9)",V7,G,C#,D,393.875,197.0
3152,F#,D,0,D,"(2, 6, 9)",I,D,D,D,394.0,198.0
3153,F#,D,1,D,"(2, 6, 9)",I,D,D,D,394.125,198.0
3154,F#,D,2,D,"(2, 6, 9)",I,D,D,D,394.25,198.0
3155,F#,D,2,D,"(2, 6, 9)",I,D,D,D,394.375,198.0
3156,F#,D,3,D,"(2, 6, 9)",I,D,D,D,394.5,198.0
3157,F#,D,3,D,"(2, 6, 9)",I,D,D,D,394.625,198.0
3158,F#,D,3,D,"(2, 6, 9)",I,D,D,D,394.75,198.0
3159,F#,D,3,D,"(2, 6, 9)",I,D,D,D,394.875,198.0
3160,F#,D,4,D,"(2, 6, 9)",I,D,D,D,395.0,198.0
3161,A,D,4,D,"(2, 6, 9)",I,D,D,D,395.125,198.0
3162,A,D,4,D,"(2, 6, 9)",I,D,D,D,395.25,198.0
3163,A,D,4,D,"(2, 6, 9)",I,D,D,D,395.375,198.0
3164,A,D,4,D,"(2, 6, 9)",I,D,F#,D,395.5,198.0
3165,A,D,4,D,"(2, 6, 9)",I,D,F#,D,395.625,198.0
3166,A,D,4,D,"(2, 6, 9)",I,D,F#,D,395.75,198.0
3167,A,D,4,D,"(2, 6, 9)",I,D,F#,D,395.875,198.0
3168,E,A,0,D,"(1, 4, 7, 9)",V7,G,C#,D,396.0,199.0
3169,E,A,1,D,"(1, 4, 7, 9)",V7,G,C#,D,396.125,199.0
3170,E,A,2,D,"(1, 4, 7, 9)",V7,G,C#,D,396.25,199.0
3171,E,A,2,D,"(1, 4, 7, 9)",V7,G,C#,D,396.375,199.0
3172,E,A,3,D,"(1, 4, 7, 9)",V7,G,C#,D,396.5,199.0
3173,E,A,3,D,"(1, 4, 7, 9)",V7,G,C#,D,396.625,199.0
3174,E,A,3,D,"(1, 4, 7, 9)",V7,G,C#,D,396.75,199.0
3175,E,A,3,D,"(1, 4, 7, 9)",V7,G,C#,D,396.875,199.0
3176,E,A,4,D,"(1, 4, 7, 9)",V7,G,C#,D,397.0,199.0
3177,E,A,4,D,"(1, 4, 7, 9)",V7,G,C#,D,397.125,199.0
3178,E,A,4,D,"(1, 4, 7, 9)",V7,G,C#,D,397.25,199.0
3179,E,A,4,D,"(1, 4, 7, 9)",V7,G,C#,D,397.375,199.0
3180,E,A,4,D,"(1, 4, 7, 9)",V7,G,C#,D,397.5,199.0
3181,E,A,4,D,"(1, 4, 7, 9)",V7,G,C#,D,397.625,199.0
3182,E,A,4,D,"(1, 4, 7, 9)",V7,G,C#,D,397.75,199.0
3183,E,A,4,D,"(1, 4, 7, 9)",V7,G,C#,D,397.875,199.0
3184,A,D,0,D,"(2, 6, 9)",I,D,F#,D,398.0,200.0
3185,A,D,1,D,"(2, 6, 9)",I,D,F#,D,398.125,200.0
3186,A,D,2,D,"(2, 6, 9)",I,D,F#,D,398.25,200.0
3187,A,D,2,D,"(2, 6, 9)",I,D,F#,D,398.375,200.0
3188,A,D,3,D,"(2, 6, 9)",I,D,F#,D,398.5,200.0
3189,A,D,3,D,"(2, 6, 9)",I,D,F#,D,398.625,200.0
3190,A,D,3,D,"(2, 6, 9)",I,D,F#,D,398.75,200.0
3191,A,D,3,D,"(2, 6, 9)",I,D,F#,D,398.875,200.0
3192,A,D,4,D,"(2, 6, 9)",I,D,F#,D,399.0,200.0
3193,A,D,4,D,"(2, 6, 9)",I,D,F#,D,399.125,200.0
3194,A,D,4,D,"(2, 6, 9)",I,D,F#,D,399.25,200.0
3195,A,D,4,D,"(2, 6, 9)",I,D,F#,D,399.375,200.0
3196,A,D,4,D,"(2, 6, 9)",I,D,F#,D,399.5,200.0
3197,A,D,4,D,"(2, 6, 9)",I,D,F#,D,399.625,200.0
3198,A,D,4,D,"(2, 6, 9)",I,D,F#,D,399.75,200.0
3199,A,D,4,D,"(2, 6, 9)",I,D,F#,D,399.875,200.0
3200,A,D,0,d,"(2, 5, 9)",i,D,F,d,400.0,201.0
3201,A,D,1,d,"(2, 5, 9)",i,D,F,d,400.125,201.0
3202,A,D,2,d,"(2, 5, 9)",i,D,F,d,400.25,201.0
3203,A,D,2,d,"(2, 5, 9)",i,D,F,d,400.375,201.0
3204,A,D,3,d,"(2, 5, 9)",i,D,F,d,400.5,201.0
3205,A,D,3,d,"(2, 5, 9)",i,D,F,d,400.625,201.0
3206,A,D,3,d,"(2, 5, 9)",i,D,F,d,400.75,201.0
3207,A,D,3,d,"(2, 5, 9)",i,D,F,d,400.875,201.0
3208,G,G,0,d,"(1, 4, 7, 10)",viio7,G,B-,d,401.0,201.0
3209,G,C#,1,d,"(1, 4, 7, 10)",viio7,G,B-,d,401.125,201.0
3210,G,C#,2,d,"(1, 4, 7, 10)",viio7,G,B-,d,401.25,201.0
3211,G,C#,2,d,"(1, 4, 7, 10)",viio7,G,B-,d,401.375,201.0
3212,E,C#,3,d,"(1, 4, 7, 10)",viio7,G,E,d,401.5,201.0
3213,E,C#,3,d,"(1, 4, 7, 10)",viio7,G,E,d,401.625,201.0
3214,E,C#,3,d,"(1, 4, 7, 10)",viio7,G,E,d,401.75,201.0
3215,E,C#,3,d,"(1, 4, 7, 10)",viio7,G,E,d,401.875,201.0
3216,A,D,0,d,"(2, 5, 9)",i,D,F,d,402.0,202.0
3217,A,D,1,d,"(2, 5, 9)",i,D,F,d,402.125,202.0
3218,A,D,2,d,"(2, 5, 9)",i,D,F,d,402.25,202.0
3219,A,D,2,d,"(2, 5, 9)",i,D,F,d,402.375,202.0
3220,A,D,3,d,"(2, 5, 9)",i,D,F,d,402.5,202.0
3221,A,D,3,d,"(2, 5, 9)",i,D,F#,d,402.625,202.0
3222,A,D,3,d,"(2, 5, 9)",i,D,F#,d,402.75,202.0
3223,A,D,3,d,"(2, 5, 9)",i,D,F#,d,402.875,202.0
3224,A,D,4,d,"(2, 6, 9)",i,D,F#,g,403.0,202.0
3225,A,D,1,d,"(2, 6, 9)",i,D,F#,g,403.125,202.0
3226,A,D,4,d,"(2, 6, 9)",i,D,F#,g,403.25,202.0
3227,A,D,4,d,"(2, 6, 9)",i,D,F#,g,403.375,202.0
3228,A,D,4,d,"(2, 6, 9)",i,D,F#,g,403.5,202.0
3229,A,D,4,d,"(2, 6, 9)",i,D,F#,g,403.625,202.0
3230,A,D,4,d,"(2, 6, 9)",i,D,F#,g,403.75,202.0
3231,A,D,4,d,"(2, 6, 9)",i,D,F#,g,403.875,202.0
3232,G,D,0,d,"(2, 7, 10)",iv,G,G,d,404.0,203.0
3233,G,D,1,d,"(2, 7, 10)",iv,G,G,d,404.125,203.0
3234,G,D,2,d,"(2, 7, 10)",iv,G,G,d,404.25,203.0
3235,G,D,2,d,"(2, 7, 10)",iv,G,G,d,404.375,203.0
3236,D,D,3,d,"(2, 7, 10)",iv,G,G,d,404.5,203.0
3237,G,D,3,d,"(2, 7, 10)",iv,G,G,d,404.625,203.0
3238,G,D,3,d,"(2, 7, 10)",iv,G,G,d,404.75,203.0
3239,G,D,3,d,"(2, 7, 10)",iv,G,G,d,404.875,203.0
3240,E,D,4,d,"(1, 4, 7, 10)",V7,G,E,d,405.0,203.0
3241,E,D,4,d,"(1, 4, 7, 10)",V7,G,E,d,405.125,203.0
3242,E,D,4,d,"(1, 4, 7, 10)",V7,G,E,d,405.25,203.0
3243,E,D,4,d,"(1, 4, 7, 10)",V7,G,E,d,405.375,203.0
3244,E,D,4,d,"(1, 4, 7, 10)",viio7,G,E,d,405.5,203.0
3245,E,D,4,d,"(1, 4, 7, 10)",viio7,G,E,d,405.625,203.0
3246,E,D,4,d,"(1, 4, 7, 10)",viio7,G,E,d,405.75,203.0
3247,E,D,4,d,"(1, 4, 7, 10)",viio7,G,E,d,405.875,203.0
3248,A,D,0,d,"(2, 5, 9)",i,D,F,d,406.0,204.0
3249,A,D,1,d,"(2, 5, 9)",i,D,F,d,406.125,204.0
3250,A,D,2,d,"(2, 5, 9)",i,D,F,d,406.25,204.0
3251,A,D,2,d,"(2, 5, 9)",i,D,F,d,406.375,204.0
3252,A,D,3,d,"(2, 5, 9)",i,D,F,d,406.5,204.0
3253,A,D,3,d,"(2, 5, 9)",i,D,F,d,406.625,204.0
3254,A,D,3,d,"(2, 5, 9)",i,D,F,d,406.75,204.0
3255,A,D,3,d,"(2, 5, 9)",i,D,F,d,406.875,204.0
3256,A,D,4,d,"(2, 5, 9)",i,D,F,d,407.0,204.0
3257,A,D,4,d,"(2, 5, 9)",i,D,F,d,407.125,204.0
3258,A,D,4,d,"(2, 5, 9)",i,D,F,d,407.25,204.0
3259,A,D,4,d,"(2, 5, 9)",i,D,F,d,407.375,204.0
3260,A,D,4,d,"(2, 5, 9)",i,D,F,d,407.5,204.0
3261,A,D,4,d,"(2, 5, 9)",i,D,F,d,407.625,204.0
3262,A,D,4,d,"(2, 5, 9)",i,D,F,d,407.75,204.0
3263,A,D,4,d,"(2, 5, 9)",i,D,F,d,407.875,204.0
3264,A,D,0,d,"(2, 5, 9)",i,D,F,d,408.0,205.0
3265,A,D,1,d,"(2, 5, 9)",i,D,F,d,408.125,205.0
3266,A,D,2,d,"(2, 5, 9)",i,D,F,d,408.25,205.0
3267,A,D,2,d,"(2, 5, 9)",i,D,F,d,408.375,205.0
3268,A,D,3,d,"(2, 5, 9)",i,D,F,d,408.5,205.0
3269,A,D,3,d,"(2, 5, 9)",i,D,F,d,408.625,205.0
3270,A,D,3,d,"(2, 5, 9)",i,D,F,d,408.75,205.0
3271,A,D,3,d,"(2, 5, 9)",i,D,F,d,408.875,205.0
3272,F,B,0,d,"(2, 5, 8, 11)",viio7,G#,D,d,409.0,205.0
3273,F,B,1,d,"(2, 5, 8, 11)",viio7,G#,D,d,409.125,205.0
3274,F,B,2,d,"(2, 5, 8, 11)",viio7,G#,D,d,409.25,205.0
3275,F,B,2,d,"(2, 5, 8, 11)",viio7,G#,D,d,409.375,205.0
3276,F,B,3,d,"(2, 5, 8, 11)",viio7,G#,D,d,409.5,205.0
3277,F,B,3,d,"(2, 5, 8, 11)",viio7,G#,D,d,409.625,205.0
3278,F,B,3,d,"(2, 5, 8, 11)",viio7,G#,D,d,409.75,205.0
3279,F,B,3,d,"(2, 5, 8, 11)",viio7,G#,D,d,409.875,205.0
3280,E,B-,0,d,"(1, 4, 7, 10)",viio7,G,C#,d,410.0,206.0
3281,E,B-,1,d,"(1, 4, 7, 10)",viio7,G,C#,d,410.125,206.0
3282,E,B-,2,d,"(1, 4, 7, 10)",viio7,G,C#,d,410.25,206.0
3283,E,B-,2,d,"(1, 4, 7, 10)",viio7,G,C#,d,410.375,206.0
3284,E,B-,3,d,"(1, 4, 7, 10)",viio7,G,C#,d,410.5,206.0
3285,E,B-,3,d,"(1, 4, 7, 10)",viio7,G,C#,d,410.625,206.0
3286,E,B-,3,d,"(1, 4, 7, 10)",viio7,G,C#,d,410.75,206.0
3287,E,B-,3,d,"(1, 4, 7, 10)",viio7,G,C#,d,410.875,206.0
3288,E,A,0,d,"(1, 4, 7, 9)",V7,G,C#,d,411.0,206.0
3289,E,A,1,d,"(1, 4, 7, 9)",V7,G,C#,d,411.125,206.0
3290,E,A,2,d,"(1, 4, 7, 9)",V7,G,C#,d,411.25,206.0
3291,E,A,2,d,"(1, 4, 7, 9)",V7,G,C#,d,411.375,206.0
3292,E,A,3,d,"(1, 4, 7, 9)",V7,G,C#,d,411.5,206.0
3293,E,A,3,d,"(1, 4, 7, 9)",V7,G,C#,d,411.625,206.0
3294,E,A,3,d,"(1, 4, 7, 9)",V7,G,C#,d,411.75,206.0
3295,E,A,3,d,"(1, 4, 7, 9)",V7,G,C#,d,411.875,206.0
3296,E,A,0,d,"(1, 4, 9)",i,A,C#,d,412.0,207.0
3297,F,A,1,d,"(1, 4, 9)",i,A,C#,d,412.125,207.0
3298,F,A,2,d,"(1, 4, 9)",i,A,C#,d,412.25,207.0
3299,F,A,2,d,"(1, 4, 9)",i,A,C#,d,412.375,207.0
3300,F,A,3,d,"(1, 4, 9)",i,A,C#,d,412.5,207.0
3301,F,A,3,d,"(1, 4, 9)",i,A,C#,d,412.625,207.0
3302,F,A,3,d,"(1, 4, 9)",i,A,C#,d,412.75,207.0
3303,F,A,3,d,"(1, 4, 9)",i,A,C#,d,412.875,207.0
3304,E,B-,0,d,"(1, 4, 7, 10)",iv,G,D,d,413.0,207.0
3305,E,B-,1,d,"(1, 4, 7, 10)",iv,G,D,d,413.125,207.0
3306,E,B-,2,d,"(1, 4, 7, 10)",iv,G,D,d,413.25,207.0
3307,E,B-,2,d,"(1, 4, 7, 10)",iv,G,D,d,413.375,207.0
3308,E,B-,0,d,"(1, 4, 7, 10)",viio7,G,C#,d,413.5,207.0
3309,E,B-,1,d,"(1, 4, 7, 10)",viio7,G,C#,d,413.625,207.0
3310,E,B-,3,d,"(1, 4, 7, 10)",viio7,G,C#,d,413.75,207.0
3311,E,B-,3,d,"(1, 4, 7, 10)",viio7,G,C#,d,413.875,207.0
3312,E,A,0,d,"(1, 4, 9)",V,A,C#,d,414.0,208.0
3313,E,A,1,d,"(1, 4, 9)",V,A,C#,d,414.125,208.0
3314,E,A,2,d,"(1, 4, 9)",V,A,C#,d,414.25,208.0
3315,E,A,2,d,"(1, 4, 9)",V,A,C#,d,414.375,208.0
3316,E,A,3,d,"(1, 4, 9)",V,A,C#,d,414.5,208.0
3317,E,A,3,d,"(1, 4, 9)",V,A,C#,d,414.625,208.0
3318,E,A,3,d,"(1, 4, 9)",V,A,C#,d,414.75,208.0
3319,E,A,3,d,"(1, 4, 9)",V,A,C#,d,414.875,208.0
3320,E,A,4,d,"(1, 4, 9)",V,A,C#,d,415.0,208.0
3321,E,A,4,d,"(1, 4, 9)",V,A,C#,d,415.125,208.0
3322,E,A,4,d,"(1, 4, 9)",V,A,C#,d,415.25,208.0
3323,E,A,4,d,"(1, 4, 9)",V,A,C#,d,415.375,208.0
3324,E,A,4,d,"(1, 4, 9)",V,A,C#,d,415.5,208.0
3325,E,A,4,d,"(1, 4, 9)",V,A,C#,d,415.625,208.0
3326,E,A,4,d,"(1, 4, 9)",V,A,C#,d,415.75,208.0
3327,E,A,4,d,"(1, 4, 9)",V,A,C#,d,415.875,208.0
3328,E,G,0,d,"(1, 4, 7, 10)",viio7,G,C#,d,416.0,209.0
3329,E,G,1,d,"(1, 4, 7, 10)",viio7,G,B-,d,416.125,209.0
3330,E,G,2,d,"(1, 4, 7, 10)",viio7,G,C#,d,416.25,209.0
3331,E,G,2,d,"(1, 4, 7, 10)",viio7,G,C#,d,416.375,209.0
3332,E,G,3,d,"(1, 4, 7, 10)",viio7,E,C#,d,416.5,209.0
3333,E,G,3,d,"(1, 4, 7, 10)",viio7,E,C#,d,416.625,209.0
3334,E,G,3,d,"(1, 4, 7, 10)",viio7,E,C#,d,416.75,209.0
3335,E,G,3,d,"(1, 4, 7, 10)",viio7,E,C#,d,416.875,209.0
3336,E,G,4,d,"(1, 4, 7, 10)",viio7,G,C#,d,417.0,209.0
3337,E,G,4,d,"(1, 4, 7, 10)",viio7,G,C#,d,417.125,209.0
3338,E,G,4,d,"(1, 4, 7, 10)",viio7,G,C#,d,417.25,209.0
3339,E,G,4,d,"(1, 4, 7, 10)",viio7,G,C#,d,417.375,209.0
3340,E,G,4,d,"(1, 4, 7, 10)",viio7,G,C#,d,417.5,209.0
3341,E,G,4,d,"(1, 4, 7, 10)",viio7,G,C#,d,417.625,209.0
3342,E,G,4,d,"(1, 4, 7, 10)",viio7,G,C#,d,417.75,209.0
3343,E,G,4,d,"(1, 4, 7, 10)",viio7,G,C#,d,417.875,209.0
3344,E,A,0,d,"(1, 4, 7, 9)",V,G,C#,d,418.0,210.0
3345,E,A,1,d,"(1, 4, 7, 9)",V,G,C#,d,418.125,210.0
3346,E,A,2,d,"(1, 4, 7, 9)",V,G,C#,d,418.25,210.0
3347,E,A,2,d,"(1, 4, 7, 9)",V,G,C#,d,418.375,210.0
3348,E,A,3,d,"(1, 4, 7, 9)",V,G,C#,d,418.5,210.0
3349,E,A,3,d,"(1, 4, 7, 9)",V,D,C#,d,418.625,210.0
3350,E,A,3,d,"(1, 4, 7, 9)",V,G,C#,d,418.75,210.0
3351,E,A,3,d,"(1, 4, 7, 9)",V,D,C#,d,418.875,210.0
3352,F,A,4,d,"(2, 5, 9)",i,D,D,d,419.0,210.0
3353,F,A,4,d,"(2, 5, 9)",i,D,D,d,419.125,210.0
3354,F,A,4,d,"(2, 5, 9)",i,D,D,d,419.25,210.0
3355,F,A,4,d,"(2, 5, 9)",i,D,D,d,419.375,210.0
3356,F,A,4,d,"(2, 5, 9)",i,D,D,d,419.5,210.0
3357,F,A,4,d,"(2, 5, 9)",i,D,D,d,419.625,210.0
3358,F,A,4,d,"(2, 5, 9)",i,D,D,d,419.75,210.0
3359,F,A,4,d,"(2, 5, 9)",i,D,D,d,419.875,210.0
3360,E,G,0,d,"(1, 4, 7, 10)",viio7,G,B-,d,420.0,211.0
3361,E,G,1,d,"(1, 4, 7, 10)",viio7,G,B-,d,420.125,211.0
3362,E,G,2,d,"(1, 4, 7, 10)",viio7,G,B-,d,420.25,211.0
3363,E,G,2,d,"(1, 4, 7, 10)",viio7,G,B-,d,420.375,211.0
3364,E,G,3,d,"(1, 4, 7, 10)",viio7,E,B-,d,420.5,211.0
3365,E,G,3,d,"(1, 4, 7, 10)",viio7,E,B-,d,420.625,211.0
3366,E,G,3,d,"(1, 4, 7, 10)",viio7,E,B-,d,420.75,211.0
3367,E,G,3,d,"(1, 4, 7, 10)",viio7,E,B-,d,420.875,211.0
3368,E,G,0,d,"(1, 4, 7, 10)",viio7,G,C#,d,421.0,211.0
3369,E,B-,4,d,"(1, 4, 7, 10)",viio7,G,C#,d,421.125,211.0
3370,E,B-,4,d,"(1, 4, 7, 10)",viio7,G,C#,d,421.25,211.0
3371,E,B-,4,d,"(1, 4, 7, 10)",viio7,G,C#,d,421.375,211.0
3372,E,B-,4,d,"(1, 4, 7, 10)",viio7,G,C#,d,421.5,211.0
3373,E,B-,4,d,"(1, 4, 7, 10)",viio7,G,C#,d,421.625,211.0
3374,E,B-,4,d,"(1, 4, 7, 10)",viio7,G,C#,d,421.75,211.0
3375,E,B-,4,d,"(1, 4, 7, 10)",viio7,G,C#,d,421.875,211.0
3376,E,A,0,d,"(1, 4, 9)",i,A,C#,d,422.0,212.0
3377,E,A,1,d,"(1, 4, 9)",i,A,C#,d,422.125,212.0
3378,E,A,2,d,"(1, 4, 9)",i,A,C#,d,422.25,212.0
3379,E,A,2,d,"(1, 4, 9)",i,A,C#,d,422.375,212.0
3380,E,A,3,d,"(1, 4, 7, 9)",i,D,C#,d,422.5,212.0
3381,E,A,3,d,"(1, 4, 7, 9)",i,D,C#,d,422.625,212.0
3382,E,A,3,d,"(1, 4, 7, 9)",i,D,C#,d,422.75,212.0
3383,E,A,3,d,"(1, 4, 7, 9)",i,D,C#,d,422.875,212.0
3384,F,A,4,d,"(2, 5, 9)",i,D,D,d,423.0,212.0
3385,F,A,4,d,"(2, 5, 9)",i,D,D,d,423.125,212.0
3386,F,A,4,d,"(2, 5, 9)",i,D,D,d,423.25,212.0
3387,F,A,4,d,"(2, 5, 9)",i,D,D,d,423.375,212.0
3388,D,A,4,d,"(2, 5, 9)",i,D,D,d,423.5,212.0
3389,D,A,4,d,"(2, 5, 9)",i,D,D,d,423.625,212.0
3390,D,A,4,d,"(2, 5, 9)",i,D,D,d,423.75,212.0
3391,D,A,4,d,"(2, 5, 9)",i,D,D,d,423.875,212.0
3392,D,G#,0,d,"(2, 4, 8, 11)",V7,E,B,a,424.0,213.0
3393,D,G#,1,d,"(2, 4, 8, 11)",V7,E,B,a,424.125,213.0
3394,D,G#,2,d,"(2, 4, 8, 11)",V7,E,B,a,424.25,213.0
3395,D,G#,2,d,"(2, 4, 8, 11)",V7,E,B,a,424.375,213.0
3396,D,G#,3,d,"(2, 4, 8, 11)",V7,E,B,a,424.5,213.0
3397,D,G#,3,d,"(2, 4, 8, 11)",V7,E,B,a,424.625,213.0
3398,D,G#,3,d,"(2, 4, 8, 11)",V7,E,B,a,424.75,213.0
3399,D,G#,3,d,"(2, 4, 8, 11)",V7,E,B,a,424.875,213.0
3400,D,G#,4,d,"(2, 4, 8, 11)",V7,E,B,a,425.0,213.0
3401,D,G#,4,d,"(2, 4, 8, 11)",V7,E,B,a,425.125,213.0
3402,D,G#,4,d,"(2, 4, 8, 11)",V7,E,B,a,425.25,213.0
3403,D,G#,4,d,"(2, 4, 8, 11)",V7,E,B,a,425.375,213.0
3404,D,G#,4,d,"(2, 4, 8, 11)",V7,E,B,a,425.5,213.0
3405,D,G#,4,d,"(2, 4, 8, 11)",V7,E,B,a,425.625,213.0
3406,D,G#,4,d,"(2, 4, 8, 11)",V7,E,B,a,425.75,213.0
3407,D,G#,4,d,"(2, 4, 8, 11)",V7,E,B,a,425.875,213.0
3408,D,G,0,d,"(1, 4, 7, 9)",V7,E,B,d,426.0,214.0
3409,D,G,1,d,"(1, 4, 7, 9)",V7,E,B,d,426.125,214.0
3410,D,G,2,d,"(1, 4, 7, 9)",V7,E,B,d,426.25,214.0
3411,D,G,2,d,"(1, 4, 7, 9)",V7,E,B,d,426.375,214.0
3412,D,G,3,d,"(1, 4, 7, 9)",V7,E,B,d,426.5,214.0
3413,D,G,3,d,"(1, 4, 7, 9)",V7,E,B,d,426.625,214.0
3414,D,G,3,d,"(1, 4, 7, 9)",V7,E,B,d,426.75,214.0
3415,D,G,3,d,"(1, 4, 7, 9)",V7,E,B,d,426.875,214.0
3416,D,G,0,d,"(2, 5, 9)",V7,D,B-,d,427.0,214.0
3417,D,G,4,d,"(2, 5, 9)",V7,D,B-,d,427.125,214.0
3418,D,G,4,d,"(2, 5, 9)",V7,D,B-,d,427.25,214.0
3419,D,G,4,d,"(2, 5, 9)",V7,D,B-,d,427.375,214.0
3420,E,G,0,d,"(1, 4, 7, 10)",viio7,E,B-,d,427.5,214.0
3421,E,G,1,d,"(1, 4, 7, 10)",viio7,E,B-,d,427.625,214.0
3422,E,G,2,d,"(1, 4, 7, 10)",viio7,E,B-,d,427.75,214.0
3423,E,G,4,d,"(1, 4, 7, 10)",viio7,E,B-,d,427.875,214.0
3424,E,A,0,d,"(1, 4, 7, 9)",V7,A,C#,d,428.0,215.0
3425,E,A,1,d,"(1, 4, 7, 9)",V7,A,C#,d,428.125,215.0
3426,E,A,2,d,"(1, 4, 7, 9)",V7,A,C#,d,428.25,215.0
3427,E,A,2,d,"(1, 4, 7, 9)",V7,A,C#,d,428.375,215.0
3428,E,A,3,d,"(1, 4, 7, 9)",V7,G,C#,d,428.5,215.0
3429,E,A,3,d,"(1, 4, 7, 9)",V7,A,C#,d,428.625,215.0
3430,E,A,3,d,"(1, 4, 7, 9)",V7,G,C#,d,428.75,215.0
3431,E,A,3,d,"(1, 4, 7, 9)",V7,G,C#,d,428.875,215.0
3432,E,A,4,d,"(1, 4, 7, 9)",V7,G,C#,d,429.0,215.0
3433,E,A,4,d,"(1, 4, 7, 9)",V7,G,C#,d,429.125,215.0
3434,E,A,4,d,"(1, 4, 7, 9)",V7,G,C#,d,429.25,215.0
3435,E,A,4,d,"(1, 4, 7, 9)",V7,G,C#,d,429.375,215.0
3436,E,A,4,d,"(1, 4, 7, 9)",V7,G,C#,d,429.5,215.0
3437,E,A,4,d,"(1, 4, 7, 9)",V7,G,C#,d,429.625,215.0
3438,E,A,4,d,"(1, 4, 7, 9)",V7,G,C#,d,429.75,215.0
3439,E,A,4,d,"(1, 4, 7, 9)",V7,G,C#,d,429.875,215.0
3440,A,D,0,d,"(2, 5, 9)",i,D,F,d,430.0,216.0
3441,A,D,1,d,"(2, 5, 9)",i,D,F,d,430.125,216.0
3442,A,D,2,d,"(2, 5, 9)",i,D,F,d,430.25,216.0
3443,A,D,2,d,"(2, 5, 9)",i,D,F,d,430.375,216.0
3444,A,D,3,d,"(2, 5, 9)",i,D,F,d,430.5,216.0
3445,A,D,3,d,"(2, 5, 9)",i,D,F,d,430.625,216.0
3446,A,D,3,d,"(2, 5, 9)",i,D,F,d,430.75,216.0
3447,A,D,3,d,"(2, 5, 9)",i,D,F,d,430.875,216.0
3448,A,D,4,d,"(2, 5, 9)",i,D,F,d,431.0,216.0
3449,A,D,4,d,"(2, 5, 9)",i,D,F,d,431.125,216.0
3450,A,D,4,d,"(2, 5, 9)",i,D,F,d,431.25,216.0
3451,A,D,4,d,"(2, 5, 9)",i,D,F,d,431.375,216.0
3452,A,D,4,d,"(2, 5, 9)",i,D,F,d,431.5,216.0
3453,A,D,4,d,"(2, 5, 9)",i,D,F,d,431.625,216.0
3454,A,D,4,d,"(2, 5, 9)",i,D,F,d,431.75,216.0
3455,A,D,4,d,"(2, 5, 9)",i,D,F,d,431.875,216.0
3456,E,G,0,d,"(1, 4, 7, 10)",viio7,G,B-,d,432.0,217.0
3457,E,G,1,d,"(1, 4, 7, 10)",viio7,G,B-,d,432.125,217.0
3458,E,G,2,d,"(1, 4, 7, 10)",viio7,G,B-,d,432.25,217.0
3459,E,G,2,d,"(1, 4, 7, 10)",viio7,G,B-,d,432.375,217.0
3460,E,G,3,d,"(1, 4, 7, 10)",viio7,G,B-,d,432.5,217.0
3461,E,G,3,d,"(1, 4, 7, 10)",viio7,G,B-,d,432.625,217.0
3462,E,G,3,d,"(1, 4, 7, 10)",viio7,G,B-,d,432.75,217.0
3463,E,G,3,d,"(1, 4, 7, 10)",viio7,G,B-,d,432.875,217.0
3464,E,G,4,d,"(1, 4, 7, 10)",viio7,G,C#,d,433.0,217.0
3465,E,G,4,d,"(1, 4, 7, 10)",viio7,G,C#,d,433.125,217.0
3466,E,G,4,d,"(1, 4, 7, 10)",viio7,G,C#,d,433.25,217.0
3467,E,G,4,d,"(1, 4, 7, 10)",viio7,G,C#,d,433.375,217.0
3468,E,G,4,d,"(1, 4, 7, 10)",viio7,G,C#,d,433.5,217.0
3469,E,G,4,d,"(1, 4, 7, 10)",viio7,G,C#,d,433.625,217.0
3470,E,G,4,d,"(1, 4, 7, 10)",viio7,G,C#,d,433.75,217.0
3471,E,G,4,d,"(1, 4, 7, 10)",viio7,G,C#,d,433.875,217.0
3472,E,A,0,d,"(1, 4, 7, 9)",V,A,C#,d,434.0,218.0
3473,E,A,1,d,"(1, 4, 7, 9)",V,A,C#,d,434.125,218.0
3474,E,A,2,d,"(1, 4, 7, 9)",V,A,C#,d,434.25,218.0
3475,E,A,2,d,"(1, 4, 7, 9)",V,D,C#,d,434.375,218.0
3476,E,A,3,d,"(1, 4, 7, 9)",V,D,C#,d,434.5,218.0
3477,E,A,3,d,"(1, 4, 7, 9)",V,D,C#,d,434.625,218.0
3478,E,A,3,d,"(1, 4, 7, 9)",V,D,C#,d,434.75,218.0
3479,E,A,3,d,"(1, 4, 7, 9)",V,D,C#,d,434.875,218.0
3480,F,A,4,d,"(2, 5, 9)",i,D,D,d,435.0,218.0
3481,F,A,4,d,"(2, 5, 9)",i,D,D,d,435.125,218.0
3482,F,A,4,d,"(2, 5, 9)",i,D,D,d,435.25,218.0
3483,F,A,4,d,"(2, 5, 9)",i,D,D,d,435.375,218.0
3484,F,A,4,d,"(2, 5, 9)",i,D,D,d,435.5,218.0
3485,F,A,4,d,"(2, 5, 9)",i,D,D,d,435.625,218.0
3486,F,A,4,d,"(2, 5, 9)",i,D,D,d,435.75,218.0
3487,F,A,4,d,"(2, 5, 9)",i,D,D,d,435.875,218.0
3488,E,G,0,d,"(1, 4, 7, 10)",viio7,G,B-,d,436.0,219.0
3489,E,G,1,d,"(1, 4, 7, 10)",viio7,G,B-,d,436.125,219.0
3490,E,G,2,d,"(1, 4, 7, 10)",viio7,G,B-,d,436.25,219.0
3491,E,G,2,d,"(1, 4, 7, 10)",viio7,G,B-,d,436.375,219.0
3492,E,G,3,d,"(1, 4, 7, 10)",viio7,E,B-,d,436.5,219.0
3493,E,G,3,d,"(1, 4, 7, 10)",viio7,E,B-,d,436.625,219.0
3494,E,G,3,d,"(1, 4, 7, 10)",viio7,E,B-,d,436.75,219.0
3495,E,G,3,d,"(1, 4, 7, 10)",viio7,E,B-,d,436.875,219.0
3496,E,B-,0,d,"(1, 4, 7, 10)",viio7,G,C#,d,437.0,219.0
3497,E,B-,1,d,"(1, 4, 7, 10)",viio7,G,C#,d,437.125,219.0
3498,E,B-,4,d,"(1, 4, 7, 10)",viio7,G,C#,d,437.25,219.0
3499,E,B-,4,d,"(1, 4, 7, 10)",viio7,G,C#,d,437.375,219.0
3500,E,B-,4,d,"(1, 4, 7, 10)",viio7,G,C#,d,437.5,219.0
3501,E,B-,4,d,"(1, 4, 7, 10)",viio7,G,C#,d,437.625,219.0
3502,E,B-,4,d,"(1, 4, 7, 10)",viio7,G,C#,d,437.75,219.0
3503,E,B-,4,d,"(1, 4, 7, 10)",viio7,G,C#,d,437.875,219.0
3504,E,A,0,d,"(1, 4, 9)",i,A,C#,d,438.0,220.0
3505,E,A,1,d,"(1, 4, 9)",i,A,C#,d,438.125,220.0
3506,E,A,2,d,"(1, 4, 9)",i,A,C#,d,438.25,220.0
3507,E,A,2,d,"(1, 4, 9)",i,A,C#,d,438.375,220.0
3508,E,A,3,d,"(1, 4, 7, 9)",i,D,C#,d,438.5,220.0
3509,E,A,3,d,"(1, 4, 7, 9)",i,D,C#,d,438.625,220.0
3510,E,A,3,d,"(1, 4, 7, 9)",i,D,C#,d,438.75,220.0
3511,E,A,3,d,"(1, 4, 7, 9)",i,D,C#,d,438.875,220.0
3512,F,A,4,d,"(2, 5, 9)",i,D,D,d,439.0,220.0
3513,F,A,4,d,"(2, 5, 9)",i,D,D,d,439.125,220.0
3514,F,A,4,d,"(2, 5, 9)",i,D,D,d,439.25,220.0
3515,F,A,4,d,"(2, 5, 9)",i,D,D,d,439.375,220.0
3516,D,A,4,d,"(2, 5, 9)",i,D,D,d,439.5,220.0
3517,D,A,4,d,"(2, 5, 9)",i,D,D,d,439.625,220.0
3518,D,A,4,d,"(2, 5, 9)",i,D,D,d,439.75,220.0
3519,D,A,4,d,"(2, 5, 9)",i,D,D,d,439.875,220.0
3520,D,G#,0,d,"(2, 4, 8, 11)",V7,E,B,a,440.0,221.0
3521,D,G#,1,d,"(2, 4, 8, 11)",V7,E,B,a,440.125,221.0
3522,D,G#,2,d,"(2, 4, 8, 11)",V7,E,B,a,440.25,221.0
3523,D,G#,2,d,"(2, 4, 8, 11)",V7,E,B,a,440.375,221.0
3524,D,G#,3,d,"(2, 4, 8, 11)",V7,E,B,a,440.5,221.0
3525,D,G#,3,d,"(2, 4, 8, 11)",V7,E,B,a,440.625,221.0
3526,D,G#,3,d,"(2, 4, 8, 11)",V7,E,B,a,440.75,221.0
3527,D,G#,3,d,"(2, 4, 8, 11)",V7,E,B,a,440.875,221.0
3528,D,G#,4,d,"(2, 4, 8, 11)",V7,E,B,a,441.0,221.0
3529,D,G#,4,d,"(2, 4, 8, 11)",V7,E,B,a,441.125,221.0
3530,D,G#,4,d,"(2, 4, 8, 11)",V7,E,B,a,441.25,221.0
3531,D,G#,4,d,"(2, 4, 8, 11)",V7,E,B,a,441.375,221.0
3532,D,G#,4,d,"(2, 4, 8, 11)",V7,E,B,d,441.5,221.0
3533,D,G#,4,d,"(2, 4, 8, 11)",V7,E,B,d,441.625,221.0
3534,D,G#,4,d,"(2, 4, 8, 11)",V7,E,B,d,441.75,221.0
3535,D,G#,4,d,"(2, 4, 8, 11)",V7,E,B,d,441.875,221.0
3536,D,G,0,d,"(1, 4, 7, 10)",V7,E,B-,d,442.0,222.0
3537,D,G,1,d,"(1, 4, 7, 10)",V7,E,B-,d,442.125,222.0
3538,D,G,2,d,"(1, 4, 7, 10)",V7,E,B-,d,442.25,222.0
3539,D,G,2,d,"(1, 4, 7, 10)",V7,E,B-,d,442.375,222.0
3540,D,G,3,d,"(1, 4, 7, 10)",viio7,E,B-,d,442.5,222.0
3541,D,G,3,d,"(1, 4, 7, 10)",viio7,E,B-,d,442.625,222.0
3542,D,G,3,d,"(1, 4, 7, 10)",viio7,E,B-,d,442.75,222.0
3543,D,G,3,d,"(1, 4, 7, 10)",viio7,E,B-,d,442.875,222.0
3544,D,G,4,d,"(1, 4, 7, 10)",viio7,E,B-,d,443.0,222.0
3545,D,G,4,d,"(1, 4, 7, 10)",viio7,E,B-,d,443.125,222.0
3546,D,G,4,d,"(1, 4, 7, 10)",viio7,E,B-,d,443.25,222.0
3547,D,G,4,d,"(1, 4, 7, 10)",viio7,E,B-,d,443.375,222.0
3548,D,G,0,d,"(2, 5, 9)",i,D,B-,d,443.5,222.0
3549,D,G,1,d,"(2, 5, 9)",i,D,B-,d,443.625,222.0
3550,D,G,2,d,"(2, 5, 9)",i,D,B-,d,443.75,222.0
3551,D,G,2,d,"(2, 5, 9)",i,D,B-,d,443.875,222.0
3552,E,G,0,d,"(1, 4, 7, 9)",V7,G,B-,d,444.0,223.0
3553,E,G,1,d,"(1, 4, 7, 9)",V7,G,B-,d,444.125,223.0
3554,E,G,2,d,"(1, 4, 7, 9)",V7,G,B-,d,444.25,223.0
3555,E,G,2,d,"(1, 4, 7, 9)",V7,G,B-,d,444.375,223.0
3556,E,A,0,d,"(1, 4, 7, 9)",V7,G,C#,d,444.5,223.0
3557,E,A,3,d,"(1, 4, 7, 9)",V7,G,C#,d,444.625,223.0
3558,E,A,2,d,"(1, 4, 7, 9)",V7,G,C#,d,444.75,223.0
3559,E,A,3,d,"(1, 4, 7, 9)",V7,G,C#,d,444.875,223.0
3560,E,A,3,d,"(1, 4, 7, 9)",V7,G,C#,d,445.0,223.0
3561,E,A,3,d,"(1, 4, 7, 9)",V7,G,C#,d,445.125,223.0
3562,E,A,3,d,"(1, 4, 7, 9)",V7,G,C#,d,445.25,223.0
3563,E,A,3,d,"(1, 4, 7, 9)",V7,G,C#,d,445.375,223.0
3564,E,A,4,d,"(1, 4, 7, 9)",V7,G,C#,d,445.5,223.0
3565,E,A,4,d,"(1, 4, 7, 9)",V7,G,C#,d,445.625,223.0
3566,E,A,2,d,"(1, 4, 7, 9)",V7,G,C#,d,445.75,223.0
3567,E,A,2,d,"(1, 4, 7, 9)",V7,G,C#,d,445.875,223.0
3568,A,D,0,d,"(2, 5, 9)",i,D,F,d,446.0,224.0
3569,A,D,1,d,"(2, 5, 9)",i,D,F,d,446.125,224.0
3570,A,D,2,d,"(2, 5, 9)",i,D,F,d,446.25,224.0
3571,A,D,2,d,"(2, 5, 9)",i,D,F,d,446.375,224.0
3572,A,D,3,d,"(2, 5, 9)",i,D,F,d,446.5,224.0
3573,A,D,3,d,"(2, 5, 9)",i,D,F,d,446.625,224.0
3574,A,D,3,d,"(2, 5, 9)",i,D,F,d,446.75,224.0
3575,A,D,3,d,"(2, 5, 9)",i,D,F,d,446.875,224.0
3576,A,D,4,d,"(2, 5, 9)",i,D,F,d,447.0,224.0
3577,A,D,4,d,"(2, 5, 9)",i,D,F,d,447.125,224.0
3578,A,D,4,d,"(2, 5, 9)",i,D,F,d,447.25,224.0
3579,A,D,4,d,"(2, 5, 9)",i,D,F,d,447.375,224.0
3580,A,D,4,d,"(2, 5, 9)",i,D,F,d,447.5,224.0
3581,A,D,4,d,"(2, 5, 9)",i,D,F,d,447.625,224.0
3582,A,D,4,d,"(2, 5, 9)",i,D,F,d,447.75,224.0
3583,A,D,4,d,"(2, 5, 9)",i,D,F,d,447.875,224.0
3584,A,D,0,d,"(2, 5, 9)",i,D,F,d,448.0,225.0
3585,A,D,1,d,"(2, 5, 9)",i,D,F,d,448.125,225.0
3586,A,D,2,d,"(2, 5, 9)",i,D,F,d,448.25,225.0
3587,A,D,2,d,"(2, 5, 9)",i,D,F,d,448.375,225.0
3588,A,D,3,d,"(2, 5, 9)",i,D,F,d,448.5,225.0
3589,A,D,3,d,"(2, 5, 9)",i,D,F,d,448.625,225.0
3590,A,D,3,d,"(2, 5, 9)",i,D,F,d,448.75,225.0
3591,A,D,3,d,"(2, 5, 9)",i,D,F,d,448.875,225.0
3592,A,D,4,d,"(2, 5, 9)",V,D,F,d,449.0,225.0
3593,A,D,4,d,"(2, 5, 9)",V,C,F,d,449.125,225.0
3594,A,D,4,d,"(2, 5, 9)",V,C,F,d,449.25,225.0
3595,A,D,4,d,"(2, 5, 9)",V,C,F,d,449.375,225.0
3596,A,D,4,d,"(2, 5, 9)",V,C,F,d,449.5,225.0
3597,A,D,4,d,"(2, 5, 9)",V,C,F,d,449.625,225.0
3598,A,D,4,d,"(2, 5, 9)",V,C,F,d,449.75,225.0
3599,A,D,4,d,"(2, 5, 9)",V,C,F,d,449.875,225.0
3600,F,B-,0,d,"(2, 5, 10)",i,G,D,d,450.0,226.0
3601,F,B-,1,d,"(2, 5, 10)",i,G,D,d,450.125,226.0
3602,F,B-,2,d,"(2, 5, 10)",i,G,D,d,450.25,226.0
3603,F,B-,2,d,"(2, 5, 10)",i,G,D,d,450.375,226.0
3604,F,B-,3,d,"(2, 5, 10)",i,G,D,d,450.5,226.0
3605,F,B-,3,d,"(2, 5, 10)",i,G,D,d,450.625,226.0
3606,F,B-,3,d,"(2, 5, 10)",i,G,D,d,450.75,226.0
3607,F,B-,3,d,"(2, 5, 10)",i,G,D,d,450.875,226.0
3608,F,A,4,d,"(2, 5, 9)",i,A,D,d,451.0,226.0
3609,F,A,1,d,"(2, 5, 9)",i,A,C,d,451.125,226.0
3610,F,A,2,d,"(2, 5, 9)",i,A,C,d,451.25,226.0
3611,F,A,2,d,"(2, 5, 9)",i,A,C,d,451.375,226.0
3612,F,A,4,d,"(2, 5, 9)",i,A,D,d,451.5,226.0
3613,F,A,4,d,"(2, 5, 9)",i,A,D,d,451.625,226.0
3614,F,A,4,d,"(2, 5, 9)",i,A,D,d,451.75,226.0
3615,F,A,4,d,"(2, 5, 9)",i,A,D,d,451.875,226.0
3616,E,G,0,d,"(2, 7, 10)",ii,E,B-,d,452.0,227.0
3617,E,G,1,d,"(2, 7, 10)",ii,E,B-,d,452.125,227.0
3618,E,G,2,d,"(2, 7, 10)",ii,E,B-,d,452.25,227.0
3619,E,G,2,d,"(2, 7, 10)",ii,E,B-,d,452.375,227.0
3620,E,G,3,d,"(2, 7, 10)",ii,E,B-,d,452.5,227.0
3621,E,G,3,d,"(2, 7, 10)",ii,E,B-,d,452.625,227.0
3622,E,G,3,d,"(2, 7, 10)",ii,E,B-,d,452.75,227.0
3623,E,G,3,d,"(2, 7, 10)",ii,E,B-,d,452.875,227.0
3624,C,E,0,d,"(4, 7, 10)",V7,E,G,d,453.0,227.0
3625,C,E,1,d,"(4, 7, 10)",V7,E,G,d,453.125,227.0
3626,C,E,2,d,"(4, 7, 10)",V7,E,G,d,453.25,227.0
3627,C,E,2,d,"(4, 7, 10)",V7,E,G,d,453.375,227.0
3628,C,E,3,d,"(4, 7, 10)",V7,E,G,d,453.5,227.0
3629,C,E,3,d,"(4, 7, 10)",V7,E,G,d,453.625,227.0
3630,C,E,3,d,"(4, 7, 10)",V7,E,G,d,453.75,227.0
3631,C,E,3,d,"(4, 7, 10)",V7,E,G,d,453.875,227.0
3632,C,F,0,d,"(0, 5, 9)",i,F,A,d,454.0,228.0
3633,C,F,1,d,"(0, 5, 9)",I,F,A,d,454.125,228.0
3634,C,F,2,d,"(0, 5, 9)",I,F,A,d,454.25,228.0
3635,C,F,2,d,"(0, 5, 9)",I,F,A,d,454.375,228.0
3636,C,F,3,d,"(0, 5, 9)",I,F,A,d,454.5,228.0
3637,C,F,3,d,"(0, 5, 9)",I,F,A,d,454.625,228.0
3638,C,F,3,d,"(0, 5, 9)",I,F,A,d,454.75,228.0
3639,C,F,3,d,"(0, 5, 9)",I,F,A,d,454.875,228.0
3640,C,F,4,d,"(0, 5, 9)",I,F,A,d,455.0,228.0
3641,C,F,4,d,"(0, 5, 9)",I,F,A,d,455.125,228.0
3642,C,F,4,d,"(0, 5, 9)",I,F,A,d,455.25,228.0
3643,C,F,4,d,"(0, 5, 9)",I,F,A,d,455.375,228.0
3644,C,F,4,d,"(0, 5, 9)",I,F,A,d,455.5,228.0
3645,C,F,4,d,"(0, 5, 9)",I,F,A,d,455.625,228.0
3646,C,F,4,d,"(0, 5, 9)",I,F,A,d,455.75,228.0
3647,C,F,4,d,"(0, 5, 9)",I,F,A,d,455.875,228.0
3648,A,D,0,d,"(2, 5, 9)",i,D,F,d,456.0,229.0
3649,A,D,1,d,"(2, 5, 9)",i,D,F,d,456.125,229.0
3650,A,D,2,d,"(2, 5, 9)",i,D,F,d,456.25,229.0
3651,A,D,2,d,"(2, 5, 9)",i,D,F,d,456.375,229.0
3652,A,D,3,d,"(2, 5, 9)",i,D,F,d,456.5,229.0
3653,A,D,3,d,"(2, 5, 9)",i,D,F,d,456.625,229.0
3654,A,D,3,d,"(2, 5, 9)",i,D,F,d,456.75,229.0
3655,A,D,3,d,"(2, 5, 9)",i,D,F,d,456.875,229.0
3656,A,D,4,d,"(2, 5, 9)",i,D,F,d,457.0,229.0
3657,A,D,4,d,"(2, 5, 9)",i,D,F,d,457.125,229.0
3658,A,D,4,d,"(2, 5, 9)",i,D,F,d,457.25,229.0
3659,A,D,4,d,"(2, 5, 9)",i,D,F,d,457.375,229.0
3660,A,D,4,d,"(2, 5, 9)",i,D,F,d,457.5,229.0
3661,A,D,4,d,"(2, 5, 9)",i,D,F,d,457.625,229.0
3662,A,D,4,d,"(2, 5, 9)",i,D,F,d,457.75,229.0
3663,A,D,4,d,"(2, 5, 9)",i,D,F,d,457.875,229.0
3664,F,A,0,d,"(2, 5, 9)",V,D,A,d,458.0,230.0
3665,F,A,1,d,"(2, 5, 9)",V,D,A,d,458.125,230.0
3666,F,A,2,d,"(2, 5, 9)",V,D,A,d,458.25,230.0
3667,F,A,2,d,"(2, 5, 9)",V,D,A,d,458.375,230.0
3668,F,A,3,d,"(2, 5, 9)",V,D,A,d,458.5,230.0
3669,F,A,3,d,"(2, 5, 9)",V,D,A,d,458.625,230.0
3670,F,A,3,d,"(2, 5, 9)",V,D,A,d,458.75,230.0
3671,F,A,3,d,"(2, 5, 9)",V,D,A,d,458.875,230.0
3672,F,A,4,d,"(2, 5, 9)",V,D,A,d,459.0,230.0
3673,F,A,4,d,"(2, 5, 9)",V,D,A,d,459.125,230.0
3674,F,A,4,d,"(2, 5, 9)",V,D,A,d,459.25,230.0
3675,F,A,4,d,"(2, 5, 9)",V,D,A,d,459.375,230.0
3676,A,A,4,d,"(2, 5, 9)",V,D,A,d,459.5,230.0
3677,A,A,4,d,"(2, 5, 9)",V,D,A,d,459.625,230.0
3678,A,A,4,d,"(2, 5, 9)",V,D,A,d,459.75,230.0
3679,A,A,4,d,"(2, 5, 9)",V,D,A,d,459.875,230.0
3680,A,D,0,d,"(2, 5, 9)",i,D,F,d,460.0,231.0
3681,A,D,1,d,"(2, 5, 9)",i,D,F,d,460.125,231.0
3682,A,D,2,d,"(2, 5, 9)",i,D,F,d,460.25,231.0
3683,A,D,2,d,"(2, 5, 9)",i,D,F,d,460.375,231.0
3684,A,D,3,d,"(2, 5, 9)",i,D,F,d,460.5,231.0
3685,A,D,3,d,"(2, 5, 9)",i,D,F,d,460.625,231.0
3686,A,D,3,d,"(2, 5, 9)",i,D,F,d,460.75,231.0
3687,A,D,3,d,"(2, 5, 9)",i,D,F,d,460.875,231.0
3688,D,F,4,d,"(2, 5, 9)",i,D,A,d,461.0,231.0
3689,D,F,4,d,"(2, 5, 9)",i,D,A,d,461.125,231.0
3690,D,F,4,d,"(2, 5, 9)",i,D,A,d,461.25,231.0
3691,D,F,4,d,"(2, 5, 9)",i,D,A,d,461.375,231.0
3692,D,F,4,d,"(2, 5, 9)",i,D,A,d,461.5,231.0
3693,D,F,4,d,"(2, 5, 9)",i,D,A,d,461.625,231.0
3694,D,F,4,d,"(2, 5, 9)",i,D,A,d,461.75,231.0
3695,D,F,4,d,"(2, 5, 9)",i,D,A,d,461.875,231.0
3696,E,A,0,d,"(1, 4, 9)",V,A,C#,d,462.0,232.0
3697,E,A,1,d,"(1, 4, 9)",V,A,C#,d,462.125,232.0
3698,E,A,2,d,"(1, 4, 9)",V,A,C#,d,462.25,232.0
3699,E,A,2,d,"(1, 4, 9)",V,A,C#,d,462.375,232.0
3700,E,A,3,d,"(1, 4, 9)",V,A,C#,d,462.5,232.0
3701,E,A,3,d,"(1, 4, 9)",V,A,C#,d,462.625,232.0
3702,E,A,3,d,"(1, 4, 9)",V,A,C#,d,462.75,232.0
3703,E,A,3,d,"(1, 4, 9)",V,A,C#,d,462.875,232.0
3704,E,A,4,d,"(1, 4, 9)",V,A,C#,d,463.0,232.0
3705,E,A,4,d,"(1, 4, 9)",V,A,C#,d,463.125,232.0
3706,E,A,4,d,"(1, 4, 9)",V,A,C#,d,463.25,232.0
3707,E,A,4,d,"(1, 4, 9)",V,A,C#,d,463.375,232.0
3708,E,A,4,d,"(1, 4, 9)",V,A,C#,d,463.5,232.0
3709,E,A,4,d,"(1, 4, 9)",V,A,C#,d,463.625,232.0
3710,E,A,4,d,"(1, 4, 9)",V,A,C#,d,463.75,232.0
3711,E,A,4,d,"(1, 4, 9)",V,A,C#,d,463.875,232.0
3712,E,A,0,d,"(1, 4, 7, 9)",V7,G,C#,d,464.0,233.0
3713,E,A,1,d,"(1, 4, 7, 9)",V7,G,C#,d,464.125,233.0
3714,E,A,2,d,"(1, 4, 7, 9)",V7,G,C#,d,464.25,233.0
3715,E,A,2,d,"(1, 4, 7, 9)",V7,G,C#,d,464.375,233.0
3716,E,A,3,d,"(1, 4, 7, 9)",V7,G,C#,d,464.5,233.0
3717,E,A,3,d,"(1, 4, 7, 9)",V7,G,C#,d,464.625,233.0
3718,E,A,3,d,"(1, 4, 7, 9)",V7,G,C#,d,464.75,233.0
3719,E,A,3,d,"(1, 4, 7, 9)",V7,G,C#,d,464.875,233.0
3720,E,A,4,d,"(1, 4, 7, 9)",V7,G,C#,d,465.0,233.0
3721,E,A,4,d,"(1, 4, 7, 9)",V7,G,C#,d,465.125,233.0
3722,E,A,4,d,"(1, 4, 7, 9)",V7,G,C#,d,465.25,233.0
3723,E,A,4,d,"(1, 4, 7, 9)",V7,G,C#,d,465.375,233.0
3724,E,A,4,d,"(1, 4, 7, 9)",V7,G,C#,d,465.5,233.0
3725,E,A,4,d,"(1, 4, 7, 9)",V7,G,C#,d,465.625,233.0
3726,E,A,4,d,"(1, 4, 7, 9)",V7,G,C#,d,465.75,233.0
3727,E,A,4,d,"(1, 4, 7, 9)",V7,G,C#,d,465.875,233.0
3728,D,A,0,d,"(2, 5, 9)",i,D,D,d,466.0,234.0
3729,D,A,1,d,"(2, 5, 9)",i,D,D,d,466.125,234.0
3730,D,A,2,d,"(2, 5, 9)",i,D,D,d,466.25,234.0
3731,D,A,2,d,"(2, 5, 9)",i,D,D,d,466.375,234.0
3732,F,A,3,d,"(2, 5, 9)",i,D,D,d,466.5,234.0
3733,F,A,3,d,"(2, 5, 9)",i,D,D,d,466.625,234.0
3734,F,A,3,d,"(2, 5, 9)",i,D,D,d,466.75,234.0
3735,F,A,3,d,"(2, 5, 9)",i,D,D,d,466.875,234.0
3736,F,A,4,d,"(2, 5, 9)",i,D,D,d,467.0,234.0
3737,F,A,4,d,"(2, 5, 9)",i,D,D,d,467.125,234.0
3738,F,A,4,d,"(2, 5, 9)",i,D,D,d,467.25,234.0
3739,F,A,4,d,"(2, 5, 9)",i,D,D,d,467.375,234.0
3740,F,A,4,d,"(2, 5, 9)",i,D,D,d,467.5,234.0
3741,F,A,4,d,"(2, 5, 9)",i,D,D,d,467.625,234.0
3742,F,A,4,d,"(2, 5, 9)",i,D,D,d,467.75,234.0
3743,F,A,4,d,"(2, 5, 9)",i,D,D,d,467.875,234.0
3744,E,A,0,d,"(1, 4, 9)",V,A,C#,d,468.0,235.0
3745,E,A,1,d,"(1, 4, 9)",V,A,C#,d,468.125,235.0
3746,E,A,2,d,"(1, 4, 9)",V,A,C#,d,468.25,235.0
3747,E,A,2,d,"(1, 4, 9)",V,A,C#,d,468.375,235.0
3748,E,A,3,d,"(1, 4, 9)",V,A,C#,d,468.5,235.0
3749,E,A,3,d,"(1, 4, 9)",V,A,C#,d,468.625,235.0
3750,E,A,3,d,"(1, 4, 9)",V,A,C#,d,468.75,235.0
3751,E,A,3,d,"(1, 4, 9)",V,A,C#,d,468.875,235.0
3752,E,A,4,d,"(1, 4, 9)",V,A,C#,d,469.0,235.0
3753,E,A,4,d,"(1, 4, 9)",V,A,C#,d,469.125,235.0
3754,E,A,4,d,"(1, 4, 9)",V,A,C#,d,469.25,235.0
3755,E,A,4,d,"(1, 4, 9)",V,A,C#,d,469.375,235.0
3756,E,A,4,d,"(1, 4, 9)",V,A,C#,d,469.5,235.0
3757,E,A,4,d,"(1, 4, 9)",V,A,C#,d,469.625,235.0
3758,E,A,4,d,"(1, 4, 9)",V,A,C#,d,469.75,235.0
3759,E,A,4,d,"(1, 4, 9)",V,A,C#,d,469.875,235.0
3760,A,D,0,d,"(2, 5, 9)",i,D,F,d,470.0,236.0
3761,A,D,1,d,"(2, 5, 9)",i,D,F,d,470.125,236.0
3762,A,D,2,d,"(2, 5, 9)",i,D,F,d,470.25,236.0
3763,A,D,2,d,"(2, 5, 9)",i,D,F,d,470.375,236.0
3764,A,D,3,d,"(2, 5, 9)",i,D,F,d,470.5,236.0
3765,A,D,3,d,"(2, 5, 9)",i,D,F,d,470.625,236.0
3766,A,D,3,d,"(2, 5, 9)",i,D,F,d,470.75,236.0
3767,A,D,3,d,"(2, 5, 9)",i,D,F,d,470.875,236.0
3768,A,D,4,d,"(2, 5, 9)",i,D,F,d,471.0,236.0
3769,A,D,4,d,"(2, 5, 9)",i,D,F,d,471.125,236.0
3770,A,D,4,d,"(2, 5, 9)",i,D,F,d,471.25,236.0
3771,A,D,4,d,"(2, 5, 9)",i,D,F,d,471.375,236.0
3772,A,D,4,d,"(2, 5, 9)",i,D,F,d,471.5,236.0
3773,A,D,4,d,"(2, 5, 9)",i,D,F,d,471.625,236.0
3774,A,D,4,d,"(2, 5, 9)",i,D,F,d,471.75,236.0
3775,A,D,4,d,"(2, 5, 9)",i,D,F,d,471.875,236.0
3776,E,A,0,d,"(1, 4, 7, 9)",V7,G,C#,d,472.0,237.0
3777,E,A,1,d,"(1, 4, 7, 9)",V7,G,C#,d,472.125,237.0
3778,E,A,2,d,"(1, 4, 7, 9)",V7,G,C#,d,472.25,237.0
3779,E,A,2,d,"(1, 4, 7, 9)",V7,G,C#,d,472.375,237.0
3780,E,A,3,d,"(1, 4, 7, 9)",V7,G,C#,d,472.5,237.0
3781,E,A,3,d,"(1, 4, 7, 9)",V7,G,C#,d,472.625,237.0
3782,E,A,3,d,"(1, 4, 7, 9)",V7,G,C#,d,472.75,237.0
3783,E,A,3,d,"(1, 4, 7, 9)",V7,G,C#,d,472.875,237.0
3784,E,A,4,d,"(1, 4, 7, 9)",V7,G,C#,d,473.0,237.0
3785,E,A,4,d,"(1, 4, 7, 9)",V7,G,C#,d,473.125,237.0
3786,E,A,4,d,"(1, 4, 7, 9)",V7,G,C#,d,473.25,237.0
3787,E,A,4,d,"(1, 4, 7, 9)",V7,G,C#,d,473.375,237.0
3788,E,A,4,d,"(1, 4, 7, 9)",V7,G,C#,d,473.5,237.0
3789,E,A,4,d,"(1, 4, 7, 9)",V7,G,C#,d,473.625,237.0
3790,E,A,4,d,"(1, 4, 7, 9)",V7,G,C#,d,473.75,237.0
3791,E,A,4,d,"(1, 4, 7, 9)",V7,G,C#,d,473.875,237.0
3792,D,A,0,d,"(2, 5, 9)",i,D,D,d,474.0,238.0
3793,D,A,1,d,"(2, 5, 9)",i,D,D,d,474.125,238.0
3794,D,A,2,d,"(2, 5, 9)",i,D,D,d,474.25,238.0
3795,D,A,2,d,"(2, 5, 9)",i,D,D,d,474.375,238.0
3796,D,A,3,d,"(2, 5, 9)",i,D,D,d,474.5,238.0
3797,D,A,3,d,"(2, 5, 9)",i,D,D,d,474.625,238.0
3798,D,A,3,d,"(2, 5, 9)",i,D,D,d,474.75,238.0
3799,D,A,3,d,"(2, 5, 9)",i,D,D,d,474.875,238.0
3800,F,A,4,d,"(2, 5, 9)",i,D,D,d,475.0,238.0
3801,F,A,4,d,"(2, 5, 9)",i,D,D,d,475.125,238.0
3802,F,A,4,d,"(2, 5, 9)",i,D,D,d,475.25,238.0
3803,F,A,4,d,"(2, 5, 9)",i,D,D,d,475.375,238.0
3804,F,A,4,d,"(2, 5, 9)",i,D,D,d,475.5,238.0
3805,F,A,4,d,"(2, 5, 9)",i,D,D,d,475.625,238.0
3806,F,A,4,d,"(2, 5, 9)",i,D,D,d,475.75,238.0
3807,F,A,4,d,"(2, 5, 9)",i,D,D,d,475.875,238.0
3808,E,A,0,d,"(1, 4, 9)",V,A,C#,d,476.0,239.0
3809,E,A,1,d,"(1, 4, 9)",V,A,C#,d,476.125,239.0
3810,E,A,2,d,"(1, 4, 9)",V,A,C#,d,476.25,239.0
3811,E,A,2,d,"(1, 4, 9)",V,A,C#,d,476.375,239.0
3812,E,A,3,d,"(1, 4, 9)",V,A,C#,d,476.5,239.0
3813,E,A,3,d,"(1, 4, 9)",V,A,C#,d,476.625,239.0
3814,E,A,3,d,"(1, 4, 9)",V,A,C#,d,476.75,239.0
3815,E,A,3,d,"(1, 4, 9)",V,A,C#,d,476.875,239.0
3816,E,A,4,d,"(1, 4, 9)",V,A,C#,d,477.0,239.0
3817,E,A,4,d,"(1, 4, 9)",V,A,C#,d,477.125,239.0
3818,E,A,4,d,"(1, 4, 9)",V,A,C#,d,477.25,239.0
3819,E,A,4,d,"(1, 4, 9)",V,A,C#,d,477.375,239.0
3820,E,A,4,d,"(1, 4, 9)",V,A,C#,d,477.5,239.0
3821,E,A,4,d,"(1, 4, 9)",V,A,C#,d,477.625,239.0
3822,E,A,4,d,"(1, 4, 9)",V,A,C#,d,477.75,239.0
3823,E,A,4,d,"(1, 4, 9)",V,A,C#,d,477.875,239.0
3824,A,D,0,d,"(2, 5, 9)",i,D,F,d,478.0,240.0
3825,A,D,1,d,"(2, 5, 9)",i,D,F,d,478.125,240.0
3826,A,D,2,d,"(2, 5, 9)",i,D,F,d,478.25,240.0
3827,A,D,2,d,"(2, 5, 9)",i,D,F,d,478.375,240.0
3828,A,D,3,d,"(2, 5, 9)",i,D,F,d,478.5,240.0
3829,A,D,3,d,"(2, 5, 9)",i,D,F,d,478.625,240.0
3830,A,D,3,d,"(2, 5, 9)",i,D,F,d,478.75,240.0
3831,A,D,3,d,"(2, 5, 9)",i,D,F,d,478.875,240.0
3832,A,D,4,d,"(2, 5, 9)",i,D,F,d,479.0,240.0
3833,A,D,4,d,"(2, 5, 9)",i,D,F,d,479.125,240.0
3834,A,D,4,d,"(2, 5, 9)",i,D,F,d,479.25,240.0
3835,A,D,4,d,"(2, 5, 9)",i,D,F,d,479.375,240.0
3836,A,D,4,d,"(2, 5, 9)",i,D,F,d,479.5,240.0
3837,A,D,4,d,"(2, 5, 9)",i,D,F,d,479.625,240.0
3838,A,D,4,d,"(2, 5, 9)",i,D,F,d,479.75,240.0
3839,A,D,4,d,"(2, 5, 9)",i,D,F,d,479.875,240.0
3840,A,D,0,D,"(2, 6, 9)",I,D,F#,D,480.0,241.0
3841,A,D,1,D,"(2, 6, 9)",I,D,F#,D,480.125,241.0
3842,A,D,2,D,"(2, 6, 9)",I,D,F#,D,480.25,241.0
3843,A,D,2,D,"(2, 6, 9)",I,D,F#,D,480.375,241.0
3844,E,A,0,D,"(1, 4, 7, 9)",I,G,C#,D,480.5,241.0
3845,E,A,1,D,"(1, 4, 7, 9)",I,G,C#,D,480.625,241.0
3846,E,A,2,D,"(1, 4, 7, 9)",I,G,C#,D,480.75,241.0
3847,E,A,2,D,"(1, 4, 7, 9)",I,G,C#,D,480.875,241.0
3848,E,B,0,D,"(1, 4, 7, 11)",ii,G,C#,D,481.0,241.0
3849,E,B,1,D,"(1, 4, 7, 11)",ii,G,C#,D,481.125,241.0
3850,E,B,2,D,"(1, 4, 7, 11)",ii,G,C#,D,481.25,241.0
3851,E,B,2,D,"(1, 4, 7, 11)",ii,G,C#,D,481.375,241.0
3852,E,C#,4,D,"(1, 4, 7, 11)",ii,G,C#,D,481.5,241.0
3853,E,C#,4,D,"(1, 4, 7, 11)",ii,G,C#,D,481.625,241.0
3854,E,C#,4,D,"(1, 4, 7, 11)",ii,G,C#,D,481.75,241.0
3855,E,C#,4,D,"(1, 4, 7, 11)",ii,G,C#,D,481.875,241.0
3856,A,D,0,D,"(2, 6, 9)",I,D,F#,D,482.0,242.0
3857,A,D,1,D,"(2, 6, 9)",I,D,F#,D,482.125,242.0
3858,A,D,2,D,"(2, 6, 9)",I,D,F#,D,482.25,242.0
3859,A,D,2,D,"(2, 6, 9)",I,D,F#,D,482.375,242.0
3860,A,D,3,D,"(2, 6, 9)",I,D,F#,D,482.5,242.0
3861,A,D,3,D,"(2, 6, 9)",I,D,F#,D,482.625,242.0
3862,A,D,3,D,"(2, 6, 9)",I,D,F#,D,482.75,242.0
3863,A,D,3,D,"(2, 6, 9)",I,D,F#,D,482.875,242.0
3864,A,D,4,D,"(2, 6, 9)",I,D,A,D,483.0,242.0
3865,A,F#,4,D,"(2, 6, 9)",I,D,A,D,483.125,242.0
3866,A,F#,4,D,"(2, 6, 9)",I,D,A,D,483.25,242.0
3867,A,F#,4,D,"(2, 6, 9)",I,D,A,D,483.375,242.0
3868,A,F#,3,D,"(2, 6, 9)",I,D,A,D,483.5,242.0
3869,A,F#,3,D,"(2, 6, 9)",I,D,A,D,483.625,242.0
3870,A,F#,3,D,"(2, 6, 9)",I,D,A,D,483.75,242.0
3871,A,F#,3,D,"(2, 6, 9)",I,D,A,D,483.875,242.0
3872,D,G,0,D,"(2, 7, 11)",IV,G,B,D,484.0,243.0
3873,D,G,1,D,"(2, 7, 11)",IV,G,B,D,484.125,243.0
3874,D,G,2,D,"(2, 7, 11)",IV,G,B,D,484.25,243.0
3875,D,G,2,D,"(2, 7, 11)",IV,G,B,D,484.375,243.0
3876,D,G,3,D,"(2, 7, 11)",IV,G,B,D,484.5,243.0
3877,D,G,3,D,"(2, 7, 11)",IV,G,B,D,484.625,243.0
3878,D,G,3,D,"(2, 7, 11)",IV,G,B,D,484.75,243.0
3879,D,G,3,D,"(2, 7, 11)",IV,G,B,D,484.875,243.0
3880,D,G,4,D,"(2, 7, 11)",IV,G,B,D,485.0,243.0
3881,D,G,4,D,"(2, 7, 11)",IV,G,B,D,485.125,243.0
3882,D,G,4,D,"(2, 7, 11)",IV,G,B,D,485.25,243.0
3883,D,G,4,D,"(2, 7, 11)",IV,G,B,D,485.375,243.0
3884,E,G,4,D,"(2, 7, 11)",IV,G,C#,D,485.5,243.0
3885,E,G,4,D,"(2, 7, 11)",IV,G,C#,D,485.625,243.0
3886,E,G,4,D,"(2, 7, 11)",IV,G,C#,D,485.75,243.0
3887,E,G,4,D,"(2, 7, 11)",IV,G,C#,D,485.875,243.0
3888,A,D,0,D,"(2, 6, 9)",I,D,F#,D,486.0,244.0
3889,A,D,1,D,"(2, 6, 9)",I,D,F#,D,486.125,244.0
3890,A,D,2,D,"(2, 6, 9)",I,D,F#,D,486.25,244.0
3891,A,D,2,D,"(2, 6, 9)",I,D,F#,D,486.375,244.0
3892,A,D,3,D,"(2, 6, 9)",I,D,F#,D,486.5,244.0
3893,A,D,3,D,"(2, 6, 9)",I,D,F#,D,486.625,244.0
3894,A,D,3,D,"(2, 6, 9)",I,D,F#,D,486.75,244.0
3895,A,D,3,D,"(2, 6, 9)",I,D,F#,D,486.875,244.0
3896,A,D,4,D,"(2, 6, 9)",I,D,F#,D,487.0,244.0
3897,A,D,4,D,"(2, 6, 9)",I,D,F#,D,487.125,244.0
3898,A,D,4,D,"(2, 6, 9)",I,D,F#,D,487.25,244.0
3899,A,D,4,D,"(2, 6, 9)",I,D,F#,D,487.375,244.0
3900,A,D,4,D,"(2, 6, 9)",I,D,F#,D,487.5,244.0
3901,A,D,4,D,"(2, 6, 9)",I,D,F#,D,487.625,244.0
3902,A,D,4,D,"(2, 6, 9)",I,D,F#,D,487.75,244.0
3903,A,D,4,D,"(2, 6, 9)",I,D,F#,D,487.875,244.0
3904,A,D,0,D,"(2, 6, 9)",I,D,F#,D,488.0,245.0
3905,A,D,1,D,"(2, 6, 9)",I,D,F#,D,488.125,245.0
3906,A,D,2,D,"(2, 6, 9)",I,D,F#,D,488.25,245.0
3907,A,D,2,D,"(2, 6, 9)",I,D,F#,D,488.375,245.0
3908,A,D,3,D,"(2, 6, 9)",I,D,F#,D,488.5,245.0
3909,A,D,3,D,"(2, 6, 9)",I,D,F#,D,488.625,245.0
3910,A,D,3,D,"(2, 6, 9)",I,D,F#,D,488.75,245.0
3911,A,D,3,D,"(2, 6, 9)",I,D,F#,D,488.875,245.0
3912,E,C#,0,D,"(1, 4, 7, 10)",viio7,G,C#,D,489.0,245.0
3913,E,C#,1,D,"(1, 4, 7, 10)",viio7,G,C#,D,489.125,245.0
3914,E,C#,2,D,"(1, 4, 7, 10)",viio7,G,C#,D,489.25,245.0
3915,E,C#,2,D,"(1, 4, 7, 10)",viio7,G,C#,D,489.375,245.0
3916,F#,B,0,D,"(2, 6, 11)",IV,B,D,D,489.5,246.0
3917,F#,B,1,D,"(2, 6, 11)",vi,B,D,D,489.625,246.0
3918,F#,B,2,D,"(2, 6, 11)",vi,B,D,D,489.75,246.0
3919,F#,B,2,D,"(2, 6, 11)",ii,B,D,D,489.875,246.0
3920,F#,B,3,D,"(2, 6, 11)",V,B,D,D,490.0,246.0
3921,F#,B,3,D,"(2, 6, 11)",V,B,D,D,490.125,246.0
3922,F#,F#,3,D,"(2, 6, 11)",V,B,D,D,490.25,246.0
3923,F#,F#,3,D,"(2, 6, 11)",V,B,D,D,490.375,246.0
3924,C,F#,0,D,"(0, 3, 6, 9)",V7,D#,A,D,490.5,246.0
3925,C,F#,1,D,"(0, 3, 6, 9)",V7,D#,A,D,490.625,246.0
3926,C,F#,2,D,"(0, 3, 6, 9)",V7,D#,A,D,490.75,246.0
3927,C,F#,2,D,"(0, 3, 6, 9)",V7,D#,A,D,490.875,246.0
3928,E,G,0,D,"(4, 7, 11)",ii,E,B,D,491.0,247.0
3929,E,G,1,D,"(4, 7, 11)",ii,E,B,D,491.125,247.0
3930,E,G,2,D,"(4, 7, 11)",ii,E,B,D,491.25,247.0
3931,E,G,2,D,"(4, 7, 11)",ii,E,B,D,491.375,247.0
3932,E,G,3,D,"(4, 7, 11)",ii,E,B,D,491.5,247.0
3933,E,G,3,D,"(4, 7, 11)",ii,E,B,D,491.625,247.0
3934,E,G,3,D,"(4, 7, 11)",ii,E,B,D,491.75,247.0
3935,E,G,3,D,"(4, 7, 11)",ii,E,B,D,491.875,247.0
3936,B,E,0,D,"(4, 7, 11)",ii,C#,G,D,492.0,247.0
3937,B,E,4,D,"(4, 7, 11)",ii,C#,G,D,492.125,247.0
3938,B,E,4,D,"(4, 7, 11)",ii,C#,G,D,492.25,247.0
3939,B,E,2,D,"(4, 7, 11)",ii,C#,G,D,492.375,247.0
3940,D,F#,0,D,"(2, 6, 9)",I,D,A,D,492.5,248.0
3941,D,F#,1,D,"(2, 6, 9)",I,D,A,D,492.625,248.0
3942,D,F#,2,D,"(2, 6, 9)",I,D,A,D,492.75,248.0
3943,D,F#,2,D,"(2, 6, 9)",I,D,A,D,492.875,248.0
3944,D,F#,3,D,"(2, 6, 9)",I,D,A,D,493.0,248.0
3945,D,F#,3,D,"(2, 6, 9)",I,D,A,D,493.125,248.0
3946,A,F#,3,D,"(2, 6, 9)",I,D,A,D,493.25,248.0
3947,A,F#,3,D,"(2, 6, 9)",I,D,A,D,493.375,248.0
3948,A,F#,4,D,"(2, 6, 9)",I,D,A,D,493.5,248.0
3949,A,F#,4,D,"(2, 6, 9)",I,D,A,D,493.625,248.0
3950,A,F#,4,D,"(2, 6, 9)",I,D,A,D,493.75,248.0
3951,A,F#,4,D,"(2, 6, 9)",I,D,A,D,493.875,248.0
3952,A,D,0,D,"(2, 6, 9)",I,D,F#,D,494.0,249.0
3953,A,D,1,D,"(2, 6, 9)",I,D,F#,D,494.125,249.0
3954,A,D,2,D,"(2, 6, 9)",I,D,F#,D,494.25,249.0
3955,A,D,2,D,"(2, 6, 9)",I,D,F#,D,494.375,249.0
3956,A,D,3,D,"(2, 6, 9)",I,D,F#,D,494.5,249.0
3957,A,D,3,D,"(2, 6, 9)",I,D,F#,D,494.625,249.0
3958,A,D,3,D,"(2, 6, 9)",I,D,F#,D,494.75,249.0
3959,A,D,3,D,"(2, 6, 9)",I,D,F#,D,494.875,249.0
3960,A,D,4,D,"(2, 6, 9)",I,D,D,D,495.0,249.0
3961,A,D,4,D,"(2, 6, 9)",I,D,D,D,495.125,249.0
3962,A,D,4,D,"(2, 6, 9)",I,D,D,D,495.25,249.0
3963,A,D,4,D,"(2, 6, 9)",I,D,D,D,495.375,249.0
3964,A,B,4,D,"(2, 6, 9)",I,G,D,D,495.5,249.0
3965,D,B,4,D,"(2, 6, 9)",I,G,D,D,495.625,249.0
3966,D,B,4,D,"(2, 6, 9)",I,G,D,D,495.75,249.0
3967,D,B,4,D,"(2, 6, 9)",IV,G,D,D,495.875,249.0
3968,E,A,0,D,"(1, 4, 9)",V7,A,C#,D,496.0,250.0
3969,E,A,1,D,"(1, 4, 9)",V7,A,C#,D,496.125,250.0
3970,E,A,2,D,"(1, 4, 9)",V7,A,C#,D,496.25,250.0
3971,E,A,2,D,"(1, 4, 9)",V7,A,C#,D,496.375,250.0
3972,E,A,3,D,"(1, 4, 7, 9)",V7,E,C#,D,496.5,250.0
3973,E,A,3,D,"(1, 4, 7, 9)",V7,E,C#,D,496.625,250.0
3974,E,A,3,D,"(1, 4, 7, 9)",V7,E,C#,D,496.75,250.0
3975,E,A,3,D,"(1, 4, 7, 9)",V7,E,C#,D,496.875,250.0
3976,E,A,4,D,"(1, 4, 7, 9)",V7,E,C#,D,497.0,250.0
3977,E,A,4,D,"(1, 4, 9)",V7,E,C#,D,497.125,250.0
3978,E,A,4,D,"(1, 4, 9)",V7,E,C#,D,497.25,250.0
3979,E,A,4,D,"(1, 4, 9)",V7,E,C#,D,497.375,250.0
3980,E,A,4,D,"(1, 4, 9)",V7,E,C#,D,497.5,250.0
3981,E,A,4,D,"(1, 4, 9)",V7,E,C#,D,497.625,250.0
3982,E,A,4,D,"(1, 4, 9)",V7,E,C#,D,497.75,250.0
3983,E,A,4,D,"(1, 4, 9)",V7,E,C#,D,497.875,250.0
3984,F#,D,0,D,"(2, 6, 9)",I,D,D,D,498.0,251.0
3985,F#,D,1,D,"(2, 6, 9)",I,D,D,D,498.125,251.0
3986,F#,D,2,D,"(2, 6, 9)",I,D,D,D,498.25,251.0
3987,F#,D,2,D,"(2, 6, 9)",I,D,D,D,498.375,251.0
3988,F#,D,3,D,"(2, 6, 11)",I,D,D,D,498.5,251.0
3989,F#,D,3,D,"(2, 6, 11)",I,D,D,D,498.625,251.0
3990,F#,D,3,D,"(2, 6, 11)",I,D,D,D,498.75,251.0
3991,F#,D,3,D,"(2, 6, 11)",I,D,D,D,498.875,251.0
3992,F#,B,4,D,"(2, 6, 11)",V7,B,D,D,499.0,251.0
3993,F#,B,4,D,"(2, 6, 11)",V7,B,D,D,499.125,251.0
3994,F#,B,4,D,"(2, 6, 11)",V7,B,D,D,499.25,251.0
3995,F#,B,4,D,"(2, 6, 11)",V7,B,D,D,499.375,251.0
3996,E,B,4,D,"(2, 4, 8, 11)",V7,G#,D,A,499.5,251.0
3997,E,B,4,D,"(2, 4, 8, 11)",V7,G#,D,A,499.625,251.0
3998,E,B,4,D,"(2, 4, 8, 11)",V7,G#,D,A,499.75,251.0
3999,E,B,4,D,"(2, 4, 8, 11)",V7,G#,D,A,499.875,251.0
4000,E,A,0,D,"(1, 4, 9)",V,A,C#,D,500.0,252.0
4001,E,A,1,D,"(1, 4, 9)",V,A,C#,D,500.125,252.0
4002,E,A,2,D,"(1, 4, 9)",V,A,C#,D,500.25,252.0
4003,E,A,2,D,"(1, 4, 9)",V,A,C#,D,500.375,252.0
4004,E,A,3,D,"(1, 4, 9)",V,A,C#,D,500.5,252.0
4005,E,A,3,D,"(1, 4, 9)",V,A,C#,D,500.625,252.0
4006,E,A,3,D,"(1, 4, 9)",V,A,C#,D,500.75,252.0
4007,E,A,3,D,"(1, 4, 9)",V,A,C#,D,500.875,252.0
4008,E,A,4,D,"(1, 4, 9)",V,A,C#,D,501.0,252.0
4009,E,A,4,D,"(1, 4, 9)",V,A,C#,D,501.125,252.0
4010,E,A,4,D,"(1, 4, 9)",V,A,C#,D,501.25,252.0
4011,E,A,4,D,"(1, 4, 9)",V,A,C#,D,501.375,252.0
4012,E,A,4,D,"(1, 4, 9)",V,A,C#,D,501.5,252.0
4013,E,A,4,D,"(1, 4, 9)",V,A,C#,D,501.625,252.0
4014,E,A,4,D,"(1, 4, 9)",V,A,C#,D,501.75,252.0
4015,E,A,4,D,"(1, 4, 9)",V,A,C#,D,501.875,252.0
4016,A,D,0,D,"(2, 6, 9)",I,D,F#,D,502.0,253.0
4017,A,D,1,D,"(2, 6, 9)",I,D,F#,D,502.125,253.0
4018,A,D,2,D,"(2, 6, 9)",I,D,F#,D,502.25,253.0
4019,A,D,2,D,"(2, 6, 9)",I,D,F#,D,502.375,253.0
4020,A,D,3,D,"(2, 6, 9)",I,D,F#,D,502.5,253.0
4021,A,D,3,D,"(2, 6, 9)",I,D,F#,D,502.625,253.0
4022,A,D,3,D,"(2, 6, 9)",I,D,F#,D,502.75,253.0
4023,A,D,3,D,"(2, 6, 9)",I,D,F#,D,502.875,253.0
4024,A,D,4,D,"(2, 6, 9)",I,D,F#,D,503.0,253.0
4025,A,D,4,D,"(2, 6, 9)",I,D,F#,D,503.125,253.0
4026,A,D,4,D,"(2, 6, 9)",I,D,F#,D,503.25,253.0
4027,A,D,4,D,"(2, 6, 9)",I,D,F#,D,503.375,253.0
4028,C#,G,0,D,"(1, 4, 7, 9)",V7,E,A,D,503.5,254.0
4029,C#,G,1,D,"(1, 4, 7, 9)",V7,E,A,D,503.625,254.0
4030,C#,G,2,D,"(1, 4, 7, 9)",V7,E,A,D,503.75,254.0
4031,C#,G,2,D,"(1, 4, 7, 9)",V7,E,A,D,503.875,254.0
4032,C#,G,3,D,"(1, 4, 7, 9)",V7,E,A,D,504.0,254.0
4033,C#,G,3,D,"(1, 4, 7, 9)",V7,E,A,D,504.125,254.0
4034,C#,G,3,D,"(1, 4, 7, 9)",V7,E,A,D,504.25,254.0
4035,C#,G,3,D,"(1, 4, 7, 9)",V7,E,A,D,504.375,254.0
4036,C#,G,4,D,"(1, 4, 7, 9)",V7,E,A,D,504.5,254.0
4037,C#,G,4,D,"(1, 4, 7, 9)",V7,E,A,D,504.625,254.0
4038,C#,G,4,D,"(1, 4, 7, 9)",V7,E,A,D,504.75,254.0
4039,C#,G,2,D,"(1, 4, 7, 9)",V7,E,A,D,504.875,254.0
4040,F#,F#,0,D,"(2, 6, 9)",I,D,D,D,505.0,255.0
4041,F#,F#,1,D,"(2, 6, 9)",I,D,D,D,505.125,255.0
4042,F#,F#,2,D,"(2, 6, 9)",I,D,D,D,505.25,255.0
4043,F#,F#,2,D,"(2, 6, 9)",I,D,D,D,505.375,255.0
4044,F#,B,3,D,"(2, 6, 11)",V7,A,D,D,505.5,255.0
4045,F#,B,3,D,"(2, 6, 11)",V7,A,D,D,505.625,255.0
4046,F#,B,3,D,"(2, 6, 11)",V7,A,D,D,505.75,255.0
4047,F#,B,3,D,"(2, 6, 11)",V7,A,D,D,505.875,255.0
4048,E,B,0,D,"(2, 4, 8, 11)",V7,A,C#,D,506.0,255.0
4049,E,A,1,D,"(2, 4, 8, 11)",V7,A,C#,D,506.125,255.0
4050,E,A,2,D,"(2, 4, 8, 11)",V7,A,C#,D,506.25,255.0
4051,E,A,2,D,"(2, 4, 8, 11)",V7,A,C#,D,506.375,255.0
4052,E,A,0,D,"(1, 4, 9)",V,A,C#,D,506.5,256.0
4053,E,A,1,D,"(1, 4, 9)",V,A,C#,D,506.625,256.0
4054,E,A,2,D,"(1, 4, 9)",V,A,C#,D,506.75,256.0
4055,E,A,2,D,"(1, 4, 9)",V,A,C#,D,506.875,256.0
4056,E,A,3,D,"(1, 4, 9)",V,A,C#,D,507.0,256.0
4057,E,A,3,D,"(1, 4, 9)",V,A,C#,D,507.125,256.0
4058,E,A,3,D,"(1, 4, 9)",V,A,C#,D,507.25,256.0
4059,E,A,3,D,"(1, 4, 9)",V,A,C#,D,507.375,256.0
4060,E,A,4,D,"(1, 4, 9)",V,A,C#,D,507.5,256.0
4061,E,A,4,D,"(1, 4, 9)",V,A,C#,D,507.625,256.0
4062,E,A,4,D,"(1, 4, 9)",V,A,C#,D,507.75,256.0
4063,E,A,4,D,"(1, 4, 9)",V,A,C#,D,507.875,256.0
4064,E,A,0,D,"(1, 4, 9)",V,A,C#,D,508.0,257.0
4065,E,A,1,D,"(1, 4, 9)",V,A,C#,D,508.125,257.0
4066,E,A,2,D,"(1, 4, 9)",V,A,C#,D,508.25,257.0
4067,E,A,2,D,"(1, 4, 9)",V,A,C#,D,508.375,257.0
4068,E,A,3,D,"(1, 4, 9)",V,A,C#,D,508.5,257.0
4069,E,A,3,D,"(1, 4, 9)",V,A,C#,D,508.625,257.0
4070,E,A,3,D,"(1, 4, 9)",V,A,C#,D,508.75,257.0
4071,E,A,3,D,"(1, 4, 9)",V7,A,C#,D,508.875,257.0
4072,E,A,4,D,"(1, 4, 9)",V7,A,C#,D,509.0,257.0
4073,E,A,4,D,"(1, 4, 9)",V7,A,C#,D,509.125,257.0
4074,E,A,4,D,"(1, 4, 9)",V7,A,C#,D,509.25,257.0
4075,E,A,4,D,"(1, 4, 9)",V7,A,C#,D,509.375,257.0
4076,E,A,4,D,"(1, 4, 7, 9)",V7,G,C#,D,509.5,257.0
4077,E,A,4,D,"(1, 4, 7, 9)",V7,G,C#,D,509.625,257.0
4078,E,A,4,D,"(1, 4, 7, 9)",V7,G,C#,D,509.75,257.0
4079,E,A,4,D,"(1, 4, 7, 9)",V7,G,C#,D,509.875,257.0
4080,A,F#,0,D,"(2, 6, 9)",I,D,A,D,510.0,258.0
4081,A,F#,1,D,"(2, 6, 9)",I,D,A,D,510.125,258.0
4082,A,F#,2,D,"(2, 6, 9)",I,D,A,D,510.25,258.0
4083,A,F#,2,D,"(2, 6, 9)",I,D,A,D,510.375,258.0
4084,A,D,3,D,"(2, 6, 9)",I,D,F#,D,510.5,258.0
4085,A,D,3,D,"(2, 6, 9)",I,D,F#,D,510.625,258.0
4086,A,D,3,D,"(2, 6, 9)",I,D,F#,D,510.75,258.0
4087,A,D,3,D,"(2, 6, 9)",I,D,F#,D,510.875,258.0
4088,A,D,0,D,"(2, 6, 9)",I,D,F#,D,511.0,258.0
4089,A,D,1,D,"(2, 6, 9)",I,D,F#,D,511.125,258.0
4090,A,D,2,D,"(2, 6, 9)",I,D,F#,D,511.25,258.0
4091,A,D,4,D,"(2, 6, 9)",I,D,F#,D,511.375,258.0
4092,A,D,4,D,"(2, 6, 9)",I,D,F#,D,511.5,258.0
4093,A,D,4,D,"(2, 6, 9)",I,D,F#,D,511.625,258.0
4094,A,D,4,D,"(2, 6, 9)",I,D,F#,D,511.75,258.0
4095,A,D,4,D,"(2, 6, 9)",I,D,F#,D,511.875,258.0
4096,E,A,0,D,"(1, 4, 7, 9)",V7,G,C#,D,512.0,259.0
4097,E,A,1,D,"(1, 4, 7, 9)",V7,G,C#,D,512.125,259.0
4098,E,A,2,D,"(1, 4, 7, 9)",V7,G,C#,D,512.25,259.0
4099,E,A,2,D,"(1, 4, 7, 9)",V7,G,C#,D,512.375,259.0
4100,E,A,3,D,"(1, 4, 7, 9)",V7,G,C#,D,512.5,259.0
4101,E,A,3,D,"(1, 4, 7, 9)",V7,G,C#,D,512.625,259.0
4102,E,A,3,D,"(1, 4, 7, 9)",V7,G,C#,D,512.75,259.0
4103,E,A,3,D,"(1, 4, 7, 9)",V7,G,C#,D,512.875,259.0
4104,E,A,4,D,"(1, 4, 7, 9)",V7,G,C#,D,513.0,259.0
4105,E,A,4,D,"(1, 4, 7, 9)",V7,G,C#,D,513.125,259.0
4106,E,A,4,D,"(1, 4, 7, 9)",V7,G,C#,D,513.25,259.0
4107,E,A,4,D,"(1, 4, 7, 9)",V7,G,C#,D,513.375,259.0
4108,E,A,4,D,"(1, 4, 7, 9)",V7,G,C#,D,513.5,259.0
4109,E,A,4,D,"(1, 4, 7, 9)",V7,G,C#,D,513.625,259.0
4110,E,A,4,D,"(1, 4, 7, 9)",V7,G,C#,D,513.75,259.0
4111,E,A,4,D,"(1, 4, 7, 9)",V7,G,C#,D,513.875,259.0
4112,A,D,0,D,"(2, 6, 9)",I,D,F#,D,514.0,260.0
4113,A,D,1,D,"(2, 6, 9)",I,D,F#,D,514.125,260.0
4114,A,D,2,D,"(2, 6, 9)",I,D,F#,D,514.25,260.0
4115,A,D,2,D,"(2, 6, 9)",I,D,F#,D,514.375,260.0
4116,A,D,3,D,"(2, 6, 9)",I,D,F#,D,514.5,260.0
4117,A,D,3,D,"(2, 6, 9)",I,D,F#,D,514.625,260.0
4118,A,D,3,D,"(2, 6, 9)",I,D,F#,D,514.75,260.0
4119,A,D,3,D,"(2, 6, 9)",I,D,F#,D,514.875,260.0
4120,A,D,4,D,"(2, 6, 9)",I,D,F#,D,515.0,260.0
4121,A,D,4,D,"(2, 6, 9)",I,D,F#,D,515.125,260.0
4122,A,D,4,D,"(2, 6, 9)",I,D,F#,D,515.25,260.0
4123,A,D,4,D,"(2, 6, 9)",I,D,F#,D,515.375,260.0
4124,A,D,4,D,"(2, 6, 9)",I,D,F#,D,515.5,260.0
4125,A,D,4,D,"(2, 6, 9)",I,D,F#,D,515.625,260.0
4126,A,D,4,D,"(2, 6, 9)",I,D,F#,D,515.75,260.0
4127,A,D,4,D,"(2, 6, 9)",I,D,F#,D,515.875,260.0
4128,C#,G,0,D,"(1, 4, 7, 9)",V7,E,A,D,516.0,261.0
4129,C#,G,1,D,"(1, 4, 7, 9)",V7,E,A,D,516.125,261.0
4130,C#,G,2,D,"(1, 4, 7, 9)",V7,E,A,D,516.25,261.0
4131,C#,G,2,D,"(1, 4, 7, 9)",V7,E,A,D,516.375,261.0
4132,C#,G,3,D,"(1, 4, 7, 9)",V7,E,A,D,516.5,261.0
4133,C#,G,3,D,"(1, 4, 7, 9)",V7,E,A,D,516.625,261.0
4134,C#,G,3,D,"(1, 4, 7, 9)",V7,E,A,D,516.75,261.0
4135,C#,G,3,D,"(1, 4, 7, 9)",V7,E,A,D,516.875,261.0
4136,C#,G,4,D,"(1, 4, 7, 9)",V7,E,A,D,517.0,261.0
4137,C#,G,4,D,"(1, 4, 7, 9)",V7,E,A,D,517.125,261.0
4138,C#,G,4,D,"(1, 4, 7, 9)",V7,E,A,D,517.25,261.0
4139,C#,G,4,D,"(1, 4, 7, 9)",V7,E,A,D,517.375,261.0
4140,D,F#,0,D,"(2, 6, 9)",I,D,A,D,517.5,262.0
4141,D,F#,1,D,"(2, 6, 9)",I,D,A,D,517.625,262.0
4142,D,F#,2,D,"(2, 6, 9)",I,D,A,D,517.75,262.0
4143,D,F#,2,D,"(2, 6, 9)",I,D,A,D,517.875,262.0
4144,D,F#,3,D,"(2, 6, 9)",I,D,A,D,518.0,262.0
4145,D,F#,3,D,"(2, 6, 9)",I,D,A,D,518.125,262.0
4146,D,F#,3,D,"(2, 6, 9)",I,D,A,D,518.25,262.0
4147,D,F#,3,D,"(2, 6, 9)",I,D,A,D,518.375,262.0
4148,C#,F#,4,D,"(2, 6, 9)",I,D,A,D,518.5,262.0
4149,C#,F#,4,D,"(2, 6, 9)",I,D,A,D,518.625,262.0
4150,C#,F#,4,D,"(2, 6, 9)",I,D,A,D,518.75,262.0
4151,C#,F#,4,D,"(2, 6, 9)",I,D,A,D,518.875,262.0
4152,E,A,0,D,"(1, 4, 7, 9)",V7,G,C#,D,519.0,263.0
4153,E,A,1,D,"(1, 4, 7, 9)",V7,G,C#,D,519.125,263.0
4154,E,A,2,D,"(1, 4, 7, 9)",V7,G,C#,D,519.25,263.0
4155,E,A,2,D,"(1, 4, 7, 9)",V7,G,C#,D,519.375,263.0
4156,E,A,3,D,"(1, 4, 7, 9)",V7,G,C#,D,519.5,263.0
4157,E,A,3,D,"(1, 4, 7, 9)",V7,G,C#,D,519.625,263.0
4158,E,A,3,D,"(1, 4, 7, 9)",V7,G,C#,D,519.75,263.0
4159,E,A,3,D,"(1, 4, 7, 9)",V7,G,C#,D,519.875,263.0
4160,C#,G,4,D,"(1, 4, 7, 9)",V7,G,C#,D,520.0,263.0
4161,C#,G,4,D,"(1, 4, 7, 9)",V7,G,A,D,520.125,263.0
4162,C#,G,4,D,"(1, 4, 7, 9)",V7,G,A,D,520.25,263.0
4163,C#,G,4,D,"(1, 4, 7, 9)",V7,G,A,D,520.375,263.0
4164,D,F#,0,D,"(2, 6, 9)",I,D,A,D,520.5,264.0
4165,D,F#,1,D,"(2, 6, 9)",I,D,A,D,520.625,264.0
4166,D,F#,2,D,"(2, 6, 9)",I,D,A,D,520.75,264.0
4167,D,F#,2,D,"(2, 6, 9)",I,D,A,D,520.875,264.0
4168,D,F#,3,D,"(2, 6, 9)",I,D,A,D,521.0,264.0
4169,D,F#,3,D,"(2, 6, 9)",I,D,A,D,521.125,264.0
4170,D,F#,3,D,"(2, 6, 9)",I,D,A,D,521.25,264.0
4171,D,F#,3,D,"(2, 6, 9)",I,D,A,D,521.375,264.0
4172,D,F#,4,D,"(2, 6, 9)",I,D,A,D,521.5,264.0
4173,D,F#,4,D,"(2, 6, 9)",I,D,A,D,521.625,264.0
4174,D,F#,4,D,"(2, 6, 9)",I,D,A,D,521.75,264.0
4175,D,F#,4,D,"(2, 6, 9)",I,D,A,D,521.875,264.0
4176,E,A,0,D,"(1, 4, 9)",V7,A,C#,D,522.0,265.0
4177,E,A,1,D,"(1, 4, 9)",V,A,C#,D,522.125,265.0
4178,E,A,2,D,"(1, 4, 9)",V,A,C#,D,522.25,265.0
4179,E,A,2,D,"(1, 4, 9)",V7,A,C#,D,522.375,265.0
4180,E,A,3,D,"(1, 4, 9)",V7,A,C#,D,522.5,265.0
4181,E,A,3,D,"(1, 4, 9)",V7,A,C#,D,522.625,265.0
4182,E,A,3,D,"(1, 4, 9)",V7,A,C#,D,522.75,265.0
4183,E,A,3,D,"(1, 4, 9)",V7,A,C#,D,522.875,265.0
4184,E,A,4,D,"(1, 4, 7, 9)",V7,A,C#,D,523.0,265.0
4185,E,A,4,D,"(1, 4, 7, 9)",V7,A,C#,D,523.125,265.0
4186,E,A,4,D,"(1, 4, 7, 9)",V7,A,C#,D,523.25,265.0
4187,E,A,4,D,"(1, 4, 7, 9)",V7,A,C#,D,523.375,265.0
4188,E,A,4,D,"(1, 4, 7, 9)",V7,G,C#,D,523.5,265.0
4189,E,A,4,D,"(1, 4, 7, 9)",V7,G,C#,D,523.625,265.0
4190,E,A,4,D,"(1, 4, 7, 9)",V7,G,C#,D,523.75,265.0
4191,E,A,4,D,"(1, 4, 7, 9)",V7,G,C#,D,523.875,265.0
4192,D,F#,0,D,"(2, 6, 9)",I,D,A,D,524.0,266.0
4193,D,F#,1,D,"(2, 6, 9)",I,D,A,D,524.125,266.0
4194,D,F#,2,D,"(2, 6, 9)",I,D,A,D,524.25,266.0
4195,D,F#,2,D,"(2, 6, 9)",I,D,A,D,524.375,266.0
4196,A,D,3,D,"(2, 6, 9)",I,D,F#,D,524.5,266.0
4197,A,D,3,D,"(2, 6, 9)",I,D,F#,D,524.625,266.0
4198,A,D,3,D,"(2, 6, 9)",I,D,F#,D,524.75,266.0
4199,A,D,3,D,"(2, 6, 9)",I,D,F#,D,524.875,266.0
4200,A,D,0,D,"(2, 6, 9)",I,D,F#,D,525.0,266.0
4201,A,D,1,D,"(2, 6, 9)",I,D,F#,D,525.125,266.0
4202,A,D,2,D,"(2, 6, 9)",I,D,F#,D,525.25,266.0
4203,A,D,2,D,"(2, 6, 9)",I,D,F#,D,525.375,266.0
4204,A,D,4,D,"(2, 6, 9)",I,D,F#,D,525.5,266.0
4205,A,D,4,D,"(2, 6, 9)",I,D,F#,D,525.625,266.0
4206,A,D,4,D,"(2, 6, 9)",I,D,F#,D,525.75,266.0
4207,A,D,4,D,"(2, 6, 9)",I,D,F#,D,525.875,266.0
4208,E,A,0,D,"(1, 4, 7, 9)",V7,G,C#,D,526.0,267.0
4209,E,A,1,D,"(1, 4, 7, 9)",V7,G,C#,D,526.125,267.0
4210,E,A,2,D,"(1, 4, 7, 9)",V7,G,C#,D,526.25,267.0
4211,E,A,2,D,"(1, 4, 7, 9)",V7,G,C#,D,526.375,267.0
4212,E,A,3,D,"(1, 4, 7, 9)",V7,G,C#,D,526.5,267.0
4213,E,A,3,D,"(1, 4, 7, 9)",V7,G,C#,D,526.625,267.0
4214,E,A,3,D,"(1, 4, 7, 9)",V7,G,C#,D,526.75,267.0
4215,E,A,3,D,"(1, 4, 7, 9)",V7,G,C#,D,526.875,267.0
4216,E,A,4,D,"(1, 4, 7, 9)",V7,G,C#,D,527.0,267.0
4217,E,A,4,D,"(1, 4, 7, 9)",V7,G,C#,D,527.125,267.0
4218,E,A,4,D,"(1, 4, 7, 9)",V7,G,C#,D,527.25,267.0
4219,E,A,4,D,"(1, 4, 7, 9)",V7,G,C#,D,527.375,267.0
4220,E,A,4,D,"(1, 4, 7, 9)",V7,G,C#,D,527.5,267.0
4221,E,A,4,D,"(1, 4, 7, 9)",V7,G,C#,D,527.625,267.0
4222,E,A,4,D,"(1, 4, 7, 9)",V7,G,C#,D,527.75,267.0
4223,E,A,4,D,"(1, 4, 7, 9)",V7,G,C#,D,527.875,267.0
4224,A,D,0,D,"(2, 6, 9)",I,D,F#,D,528.0,268.0
4225,A,D,1,D,"(2, 6, 9)",I,D,F#,D,528.125,268.0
4226,A,D,2,D,"(2, 6, 9)",I,D,F#,D,528.25,268.0
4227,A,D,2,D,"(2, 6, 9)",I,D,F#,D,528.375,268.0
4228,A,D,3,D,"(2, 6, 9)",I,D,F#,D,528.5,268.0
4229,A,D,3,D,"(2, 6, 9)",I,D,F#,D,528.625,268.0
4230,A,D,3,D,"(2, 6, 9)",I,D,F#,D,528.75,268.0
4231,A,D,3,D,"(2, 6, 9)",I,D,F#,D,528.875,268.0
4232,A,D,4,D,"(2, 6, 9)",I,D,F#,D,529.0,268.0
4233,A,D,4,D,"(2, 6, 9)",I,D,F#,D,529.125,268.0
4234,A,D,4,D,"(2, 6, 9)",I,D,F#,D,529.25,268.0
4235,A,D,4,D,"(2, 6, 9)",I,D,F#,D,529.375,268.0
4236,A,D,4,D,"(2, 6, 9)",I,D,F#,D,529.5,268.0
4237,A,D,4,D,"(2, 6, 9)",I,D,F#,D,529.625,268.0
4238,A,D,4,D,"(2, 6, 9)",I,D,F#,D,529.75,268.0
4239,A,D,4,D,"(2, 6, 9)",I,D,F#,D,529.875,268.0
4240,C#,G,0,D,"(1, 4, 7, 9)",V7,E,A,D,530.0,269.0
4241,C#,G,1,D,"(1, 4, 7, 9)",V7,E,A,D,530.125,269.0
4242,C#,G,2,D,"(1, 4, 7, 9)",V7,E,A,D,530.25,269.0
4243,C#,G,2,D,"(1, 4, 7, 9)",V7,E,A,D,530.375,269.0
4244,C#,G,3,D,"(1, 4, 7, 9)",V7,E,A,D,530.5,269.0
4245,C#,G,3,D,"(1, 4, 7, 9)",V7,E,A,D,530.625,269.0
4246,C#,G,3,D,"(1, 4, 7, 9)",V7,E,A,D,530.75,269.0
4247,C#,G,3,D,"(1, 4, 7, 9)",V7,E,A,D,530.875,269.0
4248,C#,G,4,D,"(1, 4, 7, 9)",V7,E,A,D,531.0,269.0
4249,C#,G,4,D,"(1, 4, 7, 9)",V7,E,A,D,531.125,269.0
4250,C#,G,4,D,"(1, 4, 7, 9)",V7,E,A,D,531.25,269.0
4251,C#,G,4,D,"(1, 4, 7, 9)",V7,E,A,D,531.375,269.0
4252,D,F#,0,D,"(2, 6, 9)",I,D,A,D,531.5,270.0
4253,D,F#,1,D,"(2, 6, 9)",I,D,A,D,531.625,270.0
4254,D,F#,2,D,"(2, 6, 9)",I,D,A,D,531.75,270.0
4255,D,F#,2,D,"(2, 6, 9)",I,D,A,D,531.875,270.0
4256,D,F#,3,D,"(2, 6, 9)",I,D,A,D,532.0,270.0
4257,D,F#,3,D,"(2, 6, 9)",I,D,A,D,532.125,270.0
4258,D,F#,3,D,"(2, 6, 9)",I,D,A,D,532.25,270.0
4259,D,F#,3,D,"(2, 6, 9)",I,D,A,D,532.375,270.0
4260,D,F#,4,D,"(2, 6, 9)",I,D,A,D,532.5,270.0
4261,D,F#,4,D,"(2, 6, 9)",I,D,A,D,532.625,270.0
4262,D,F#,4,D,"(2, 6, 9)",I,D,A,D,532.75,270.0
4263,D,F#,4,D,"(2, 6, 9)",I,D,A,D,532.875,270.0
4264,E,A,0,D,"(1, 4, 7, 9)",V7,G,C#,D,533.0,271.0
4265,E,A,1,D,"(1, 4, 7, 9)",V7,G,C#,D,533.125,271.0
4266,E,A,2,D,"(1, 4, 7, 9)",V7,G,C#,D,533.25,271.0
4267,E,A,2,D,"(1, 4, 7, 9)",V7,G,C#,D,533.375,271.0
4268,E,A,3,D,"(1, 4, 7, 9)",V7,G,C#,D,533.5,271.0
4269,E,A,3,D,"(1, 4, 7, 9)",V7,G,C#,D,533.625,271.0
4270,E,A,3,D,"(1, 4, 7, 9)",V7,G,C#,D,533.75,271.0
4271,E,A,3,D,"(1, 4, 7, 9)",V7,G,C#,D,533.875,271.0
4272,E,A,4,D,"(1, 4, 7, 9)",V7,G,C#,D,534.0,271.0
4273,E,A,4,D,"(1, 4, 7, 9)",V7,G,C#,D,534.125,271.0
4274,E,A,4,D,"(1, 4, 7, 9)",V7,G,C#,D,534.25,271.0
4275,E,A,4,D,"(1, 4, 7, 9)",V7,G,C#,D,534.375,271.0
4276,A,D,0,D,"(2, 6, 9)",I,D,F#,D,534.5,272.0
4277,A,D,1,D,"(2, 6, 9)",I,D,F#,D,534.625,272.0
4278,A,D,2,D,"(2, 6, 9)",I,D,F#,D,534.75,272.0
4279,A,D,2,D,"(2, 6, 9)",I,D,F#,D,534.875,272.0
4280,A,D,3,D,"(2, 6, 9)",I,D,F#,D,535.0,272.0
4281,A,D,3,D,"(2, 6, 9)",I,D,F#,D,535.125,272.0
4282,A,D,3,D,"(2, 6, 9)",I,D,F#,D,535.25,272.0
4283,A,D,3,D,"(2, 6, 9)",I,D,F#,D,535.375,272.0
4284,A,D,4,D,"(2, 6, 9)",I,D,F#,D,535.5,272.0
4285,A,D,4,D,"(2, 6, 9)",I,D,F#,D,535.625,272.0
4286,A,D,4,D,"(2, 6, 9)",I,D,F#,D,535.75,272.0
4287,A,D,4,D,"(2, 6, 9)",I,D,F#,D,535.875,272.0
4288,A,D,0,D,"(2, 6, 9)",I,D,F#,D,536.0,273.0
4289,A,D,1,D,"(2, 6, 9)",I,D,F#,D,536.125,273.0
4290,A,D,2,D,"(2, 6, 9)",I,D,F#,D,536.25,273.0
4291,A,D,2,D,"(2, 6, 9)",I,D,F#,D,536.375,273.0
4292,A,D,3,D,"(2, 6, 9)",I,D,F#,D,536.5,273.0
4293,A,D,3,D,"(2, 6, 9)",I,D,F#,D,536.625,273.0
4294,A,D,3,D,"(2, 6, 9)",I,D,F#,D,536.75,273.0
4295,A,D,3,D,"(2, 6, 9)",I,D,F#,D,536.875,273.0
4296,A,D,4,D,"(2, 6, 9)",I,D,F#,D,537.0,273.0
4297,A,D,4,D,"(2, 6, 9)",I,D,F#,D,537.125,273.0
4298,A,D,4,D,"(2, 6, 9)",I,D,F#,D,537.25,273.0
4299,A,D,4,D,"(2, 6, 9)",I,D,F#,D,537.375,273.0
4300,A,D,4,D,"(2, 6, 9)",I,D,F#,D,537.5,273.0
4301,A,D,4,D,"(2, 6, 9)",I,D,F#,D,537.625,273.0
4302,A,D,4,D,"(2, 6, 9)",I,D,F#,D,537.75,273.0
4303,A,D,4,D,"(2, 6, 9)",I,D,F#,D,537.875,273.0
4304,A,D,0,D,"(2, 6, 9)",I,A,D,D,538.0,274.0
4305,A,D,1,D,"(2, 6, 9)",IV,A,D,D,538.125,274.0
4306,A,D,2,D,"(2, 6, 9)",IV,A,D,D,538.25,274.0
4307,A,D,2,D,"(2, 6, 9)",IV,A,D,D,538.375,274.0
4308,A,A,3,D,"(2, 6, 9)",IV,A,D,D,538.5,274.0
4309,A,A,3,D,"(2, 6, 9)",IV,A,D,D,538.625,274.0
4310,A,A,3,D,"(2, 6, 9)",IV,A,D,D,538.75,274.0
4311,A,A,3,D,"(2, 6, 9)",IV,A,D,D,538.875,274.0
4312,D,B,4,D,"(2, 7, 11)",IV,G,D,D,539.0,274.0
4313,D,B,4,D,"(2, 7, 11)",IV,G,D,D,539.125,274.0
4314,D,B,4,D,"(2, 7, 11)",IV,G,D,D,539.25,274.0
4315,D,B,4,D,"(2, 7, 11)",IV,G,D,D,539.375,274.0
4316,D,D,0,D,"(2, 6, 9)",I,D,D,D,539.5,274.0
4317,D,D,1,D,"(2, 6, 9)",I,D,D,D,539.625,274.0
4318,D,D,2,D,"(2, 6, 9)",I,D,D,D,539.75,274.0
4319,D,D,4,D,"(2, 6, 9)",I,D,D,D,539.875,274.0
4320,D,G,0,D,"(2, 7, 11)",IV,G,B,D,540.0,275.0
4321,D,G,1,D,"(2, 7, 11)",IV,G,B,D,540.125,275.0
4322,D,G,2,D,"(2, 7, 11)",IV,G,B,D,540.25,275.0
4323,D,G,2,D,"(2, 7, 11)",IV,G,B,D,540.375,275.0
4324,D,G,3,D,"(2, 7, 11)",IV,G,B,D,540.5,275.0
4325,D,G,3,D,"(2, 7, 11)",IV,G,B,D,540.625,275.0
4326,D,G,3,D,"(2, 7, 11)",IV,G,B,D,540.75,275.0
4327,D,G,3,D,"(2, 7, 11)",IV,G,B,D,540.875,275.0
4328,D,G,4,D,"(2, 7, 11)",IV,G,B,D,541.0,275.0
4329,D,G,4,D,"(2, 7, 11)",IV,G,B,D,541.125,275.0
4330,D,G,4,D,"(2, 7, 11)",IV,G,B,D,541.25,275.0
4331,D,G,4,D,"(2, 7, 11)",IV,G,B,D,541.375,275.0
4332,D,B,4,D,"(2, 7, 11)",IV,G,D,D,541.5,275.0
4333,G,B,1,D,"(2, 7, 11)",IV,G,D,D,541.625,275.0
4334,G,B,4,D,"(2, 7, 11)",IV,G,D,D,541.75,275.0
4335,D,B,4,D,"(2, 7, 11)",IV,G,D,D,541.875,275.0
4336,D,A,0,D,"(2, 6, 9)",V7,D,A,D,542.0,276.0
4337,D,A,1,D,"(2, 6, 9)",V7,D,A,D,542.125,276.0
4338,D,A,2,D,"(2, 6, 9)",V7,D,A,D,542.25,276.0
4339,D,A,2,D,"(2, 6, 9)",V7,D,A,D,542.375,276.0
4340,D,A,3,D,"(2, 6, 9)",V7,D,A,D,542.5,276.0
4341,D,A,3,D,"(2, 6, 9)",V7,D,A,D,542.625,276.0
4342,D,A,3,D,"(2, 6, 9)",V7,D,A,D,542.75,276.0
4343,D,A,3,D,"(2, 6, 9)",V7,D,A,D,542.875,276.0
4344,D,A,0,D,"(2, 6, 9)",I,D,D,D,543.0,276.0
4345,D,A,1,D,"(2, 6, 9)",I,D,D,D,543.125,276.0
4346,D,D,2,D,"(2, 6, 9)",I,D,F#,D,543.25,276.0
4347,D,A,2,D,"(2, 6, 9)",I,D,F#,D,543.375,276.0
4348,D,G,0,D,"(2, 6, 9)",IV,G,B,D,543.5,276.0
4349,D,G,1,D,"(2, 6, 9)",IV,G,B,D,543.625,276.0
4350,D,G,2,D,"(2, 6, 9)",ii,G,B,D,543.75,276.0
4351,D,G,2,D,"(2, 6, 9)",ii,G,B,D,543.875,276.0
4352,D,F#,0,D,"(2, 6, 9)",I,D,A,D,544.0,277.0
4353,D,F#,1,D,"(2, 6, 9)",I,D,A,D,544.125,277.0
4354,D,F#,2,D,"(2, 6, 9)",I,D,A,D,544.25,277.0
4355,D,F#,2,D,"(2, 6, 9)",I,D,A,D,544.375,277.0
4356,D,A,3,D,"(2, 6, 9)",I,D,F#,D,544.5,277.0
4357,A,A,1,D,"(2, 6, 9)",I,D,F#,D,544.625,277.0
4358,A,A,3,D,"(2, 6, 9)",I,D,F#,D,544.75,277.0
4359,A,A,3,D,"(2, 6, 9)",I,D,F#,D,544.875,277.0
4360,A,D,0,D,"(2, 6, 9)",I,D,F#,D,545.0,277.0
4361,A,D,1,D,"(2, 6, 9)",I,D,F#,D,545.125,277.0
4362,A,D,2,D,"(2, 6, 9)",I,D,F#,D,545.25,277.0
4363,A,D,2,D,"(2, 6, 9)",I,D,F#,D,545.375,277.0
4364,A,D,0,D,"(2, 6, 9)",I,D,F#,D,545.5,277.0
4365,A,D,1,D,"(2, 6, 9)",I,D,F#,D,545.625,277.0
4366,A,D,2,D,"(2, 6, 9)",I,D,F#,D,545.75,277.0
4367,A,D,4,D,"(2, 6, 9)",I,D,F#,D,545.875,277.0
4368,G,C#,0,D,"(1, 4, 7, 9)",V7,C#,E,D,546.0,278.0
4369,G,C#,1,D,"(1, 4, 7, 9)",V7,C#,E,D,546.125,278.0
4370,G,C#,2,D,"(1, 4, 7, 9)",V7,C#,E,D,546.25,278.0
4371,G,C#,2,D,"(1, 4, 7, 9)",V7,C#,E,D,546.375,278.0
4372,G,C#,3,D,"(1, 4, 7, 9)",V7,C#,E,D,546.5,278.0
4373,G,C#,3,D,"(1, 4, 7, 9)",V7,C#,E,D,546.625,278.0
4374,G,C#,3,D,"(1, 4, 7, 9)",V7,C#,E,D,546.75,278.0
4375,G,C#,3,D,"(1, 4, 7, 9)",V7,C#,E,D,546.875,278.0
4376,G,C#,4,D,"(1, 4, 7, 9)",V7,C#,E,D,547.0,278.0
4377,G,C#,4,D,"(1, 4, 7, 9)",V7,C#,E,D,547.125,278.0
4378,G,C#,4,D,"(1, 4, 7, 9)",V7,C#,E,D,547.25,278.0
4379,G,C#,4,D,"(1, 4, 7, 9)",V7,C#,E,D,547.375,278.0
4380,G,C#,4,D,"(1, 4, 7, 9)",V7,G,E,D,547.5,278.0
4381,G,C#,4,D,"(1, 4, 7, 9)",V7,G,E,D,547.625,278.0
4382,G,C#,4,D,"(1, 4, 7, 9)",V7,G,E,D,547.75,278.0
4383,G,C#,4,D,"(1, 4, 7, 9)",V7,G,E,D,547.875,278.0
4384,A,F#,0,D,"(2, 6, 9)",I,D,A,D,548.0,279.0
4385,D,F#,1,D,"(2, 6, 9)",I,D,A,D,548.125,279.0
4386,D,F#,2,D,"(2, 6, 9)",I,D,A,D,548.25,279.0
4387,D,F#,2,D,"(2, 6, 9)",I,D,A,D,548.375,279.0
4388,D,F#,3,D,"(2, 6, 9)",I,D,F#,D,548.5,279.0
4389,D,F#,3,D,"(2, 6, 9)",I,D,F#,D,548.625,279.0
4390,D,F#,3,D,"(2, 6, 9)",I,D,F#,D,548.75,279.0
4391,D,F#,3,D,"(2, 6, 9)",I,D,F#,D,548.875,279.0
4392,A,D,4,D,"(2, 6, 9)",I,D,F#,D,549.0,279.0
4393,A,D,4,D,"(2, 6, 9)",I,D,F#,D,549.125,279.0
4394,A,D,4,D,"(2, 6, 9)",I,D,F#,D,549.25,279.0
4395,A,D,4,D,"(2, 6, 9)",I,D,F#,D,549.375,279.0
4396,A,D,4,D,"(2, 6, 9)",I,D,F#,D,549.5,279.0
4397,A,D,4,D,"(2, 6, 9)",I,D,F#,D,549.625,279.0
4398,A,D,4,D,"(2, 6, 9)",I,D,F#,D,549.75,279.0
4399,A,D,4,D,"(2, 6, 9)",I,D,F#,D,549.875,279.0
4400,E,A,0,D,"(1, 4, 9)",V,A,C#,D,550.0,280.0
4401,E,A,1,D,"(1, 4, 9)",V,A,C#,D,550.125,280.0
4402,E,A,2,D,"(1, 4, 9)",V,A,C#,D,550.25,280.0
4403,E,A,2,D,"(1, 4, 9)",V,A,C#,D,550.375,280.0
4404,E,A,3,D,"(1, 4, 9)",V,A,C#,D,550.5,280.0
4405,E,A,3,D,"(1, 4, 9)",V,A,C#,D,550.625,280.0
4406,E,A,3,D,"(1, 4, 9)",V,A,C#,D,550.75,280.0
4407,E,A,3,D,"(1, 4, 9)",V,A,C#,D,550.875,280.0
4408,E,A,4,D,"(1, 4, 9)",V,A,C#,D,551.0,280.0
4409,E,A,4,D,"(1, 4, 9)",V,A,C#,D,551.125,280.0
4410,E,A,4,D,"(1, 4, 9)",V,A,C#,D,551.25,280.0
4411,E,A,4,D,"(1, 4, 9)",V,A,C#,D,551.375,280.0
4412,E,A,4,D,"(1, 4, 9)",V,A,C#,D,551.5,280.0
4413,E,A,4,D,"(1, 4, 9)",V,A,C#,D,551.625,280.0
4414,E,A,4,D,"(1, 4, 9)",V,A,C#,D,551.75,280.0
4415,E,A,4,D,"(1, 4, 9)",V,A,C#,D,551.875,280.0
4416,E,A,0,D,"(1, 4, 7, 9)",V7,G,C#,D,552.0,281.0
4417,E,A,1,D,"(1, 4, 7, 9)",V7,G,C#,D,552.125,281.0
4418,E,A,2,D,"(1, 4, 7, 9)",V7,G,C#,D,552.25,281.0
4419,E,A,2,D,"(1, 4, 7, 9)",V7,G,C#,D,552.375,281.0
4420,E,A,3,D,"(1, 4, 7, 9)",V7,G,C#,D,552.5,281.0
4421,E,A,3,D,"(1, 4, 7, 9)",V7,G,C#,D,552.625,281.0
4422,E,A,3,D,"(1, 4, 7, 9)",V7,G,C#,D,552.75,281.0
4423,E,A,3,D,"(1, 4, 7, 9)",V7,G,C#,D,552.875,281.0
4424,E,A,4,D,"(1, 4, 7, 9)",V7,E,C#,D,553.0,281.0
4425,E,A,4,D,"(1, 4, 7, 9)",V7,E,C#,D,553.125,281.0
4426,E,A,4,D,"(1, 4, 7, 9)",V7,E,C#,D,553.25,281.0
4427,E,A,4,D,"(1, 4, 7, 9)",V7,E,C#,D,553.375,281.0
4428,E,A,4,D,"(1, 4, 7, 9)",V7,A,C#,D,553.5,281.0
4429,E,A,4,D,"(1, 4, 7, 9)",V7,A,C#,D,553.625,281.0
4430,E,A,4,D,"(1, 4, 7, 9)",V7,G,C#,D,553.75,281.0
4431,E,A,4,D,"(1, 4, 7, 9)",V7,G,C#,D,553.875,281.0
4432,A,D,0,D,"(2, 6, 9)",I,D,F#,D,554.0,282.0
4433,A,D,1,D,"(2, 6, 9)",I,D,F#,D,554.125,282.0
4434,A,D,2,D,"(2, 6, 9)",I,D,F#,D,554.25,282.0
4435,A,D,2,D,"(2, 6, 9)",I,D,F#,D,554.375,282.0
4436,A,D,3,D,"(2, 6, 9)",I,D,F#,D,554.5,282.0
4437,A,D,3,D,"(2, 6, 9)",I,D,F#,D,554.625,282.0
4438,A,D,3,D,"(2, 6, 9)",I,D,F#,D,554.75,282.0
4439,A,D,3,D,"(2, 6, 9)",I,D,F#,D,554.875,282.0
4440,A,D,4,D,"(2, 6, 9)",I,D,F#,D,555.0,282.0
4441,A,D,4,D,"(2, 6, 9)",I,D,F#,D,555.125,282.0
4442,A,D,4,D,"(2, 6, 9)",I,D,F#,D,555.25,282.0
4443,A,D,4,D,"(2, 6, 9)",I,D,F#,D,555.375,282.0
4444,A,D,4,D,"(2, 6, 9)",I,D,F#,D,555.5,282.0
4445,A,D,4,D,"(2, 6, 9)",I,D,F#,D,555.625,282.0
4446,A,D,4,D,"(2, 6, 9)",I,D,F#,D,555.75,282.0
4447,A,D,4,D,"(2, 6, 9)",I,D,F#,D,555.875,282.0
4448,E,G,0,D,"(1, 4, 7, 9)",I,E,A,D,556.0,283.0
4449,E,G,1,D,"(1, 4, 7, 9)",V7,E,A,D,556.125,283.0
4450,E,G,2,D,"(1, 4, 7, 9)",V7,E,A,D,556.25,283.0
4451,E,G,2,D,"(1, 4, 7, 9)",V7,E,A,D,556.375,283.0
4452,A,G,3,D,"(1, 4, 7, 9)",V7,E,A,D,556.5,283.0
4453,A,G,3,D,"(1, 4, 7, 9)",V7,E,A,D,556.625,283.0
4454,A,G,3,D,"(1, 4, 7, 9)",V7,E,A,D,556.75,283.0
4455,A,G,3,D,"(1, 4, 7, 9)",V7,E,A,D,556.875,283.0
4456,C#,G,4,D,"(1, 4, 7, 9)",V7,E,A,D,557.0,283.0
4457,C#,G,4,D,"(1, 4, 7, 9)",V7,E,A,D,557.125,283.0
4458,C#,G,4,D,"(1, 4, 7, 9)",V7,E,A,D,557.25,283.0
4459,C#,G,4,D,"(1, 4, 7, 9)",V7,E,A,D,557.375,283.0
4460,E,G,4,D,"(1, 4, 7, 9)",V7,E,C#,D,557.5,283.0
4461,C#,G,4,D,"(1, 4, 7, 9)",V7,A,C#,D,557.625,283.0
4462,C#,G,4,D,"(1, 4, 7, 9)",V7,A,C#,D,557.75,283.0
4463,C#,G,4,D,"(1, 4, 7, 9)",V7,A,C#,D,557.875,283.0
4464,A,D,0,D,"(2, 6, 9)",I,D,F#,D,558.0,284.0
4465,A,D,1,D,"(2, 6, 9)",I,D,F#,D,558.125,284.0
4466,A,D,2,D,"(2, 6, 9)",I,D,F#,D,558.25,284.0
4467,A,D,2,D,"(2, 6, 9)",I,D,F#,D,558.375,284.0
4468,A,D,3,D,"(2, 6, 9)",I,D,F#,D,558.5,284.0
4469,A,D,3,D,"(2, 6, 9)",I,D,F#,D,558.625,284.0
4470,A,D,3,D,"(2, 6, 9)",I,D,F#,D,558.75,284.0
4471,A,D,3,D,"(2, 6, 9)",I,D,F#,D,558.875,284.0
4472,A,D,4,D,"(2, 6, 9)",I,D,F#,D,559.0,284.0
4473,A,D,4,D,"(2, 6, 9)",I,D,F#,D,559.125,284.0
4474,A,D,4,D,"(2, 6, 9)",I,D,F#,D,559.25,284.0
4475,A,D,4,D,"(2, 6, 9)",I,D,F#,D,559.375,284.0
4476,A,D,4,D,"(2, 6, 9)",I,D,F#,D,559.5,284.0
4477,A,D,4,D,"(2, 6, 9)",I,D,F#,D,559.625,284.0
4478,A,D,4,D,"(2, 6, 9)",I,D,F#,D,559.75,284.0
4479,A,D,4,D,"(2, 6, 9)",I,D,F#,D,559.875,284.0
4480,G,C#,0,D,"(1, 4, 7, 9)",V7,A,E,D,560.0,285.0
4481,G,C#,1,D,"(1, 4, 7, 9)",V7,A,E,D,560.125,285.0
4482,G,C#,2,D,"(1, 4, 7, 9)",V7,A,E,D,560.25,285.0
4483,G,C#,2,D,"(1, 4, 7, 9)",V7,A,E,D,560.375,285.0
4484,G,C#,3,D,"(1, 4, 7, 9)",V7,A,E,D,560.5,285.0
4485,G,C#,3,D,"(1, 4, 7, 9)",V7,A,E,D,560.625,285.0
4486,G,C#,3,D,"(1, 4, 7, 9)",V7,A,E,D,560.75,285.0
4487,G,C#,3,D,"(1, 4, 7, 9)",V7,A,E,D,560.875,285.0
4488,G,C#,4,D,"(1, 4, 7, 9)",V7,A,E,D,561.0,285.0
4489,G,C#,4,D,"(1, 4, 7, 9)",V7,A,E,D,561.125,285.0
4490,G,C#,4,D,"(1, 4, 7, 9)",V7,A,E,D,561.25,285.0
4491,G,C#,4,D,"(1, 4, 7, 9)",V7,A,E,D,561.375,285.0
4492,G,C#,4,D,"(1, 4, 7, 9)",V7,A,E,D,561.5,285.0
4493,G,C#,4,D,"(1, 4, 7, 9)",V7,A,E,D,561.625,285.0
4494,G,C#,4,D,"(1, 4, 7, 9)",V7,A,E,D,561.75,285.0
4495,G,C#,4,D,"(1, 4, 7, 9)",V7,A,E,D,561.875,285.0
4496,D,F#,0,D,"(2, 6, 9)",I,D,A,D,562.0,286.0
4497,D,F#,1,D,"(2, 6, 9)",I,D,A,D,562.125,286.0
4498,D,F#,2,D,"(2, 6, 9)",I,D,A,D,562.25,286.0
4499,D,F#,2,D,"(2, 6, 9)",I,D,A,D,562.375,286.0
4500,D,F#,3,D,"(2, 6, 9)",I,D,A,D,562.5,286.0
4501,D,F#,3,D,"(2, 6, 9)",I,D,A,D,562.625,286.0
4502,D,F#,3,D,"(2, 6, 9)",I,D,A,D,562.75,286.0
4503,D,F#,3,D,"(2, 6, 9)",I,D,A,D,562.875,286.0
4504,A,F#,4,D,"(2, 6, 9)",I,D,A,D,563.0,286.0
4505,A,F#,4,D,"(2, 6, 9)",I,D,A,D,563.125,286.0
4506,A,F#,4,D,"(2, 6, 9)",I,D,A,D,563.25,286.0
4507,A,F#,4,D,"(2, 6, 9)",I,D,A,D,563.375,286.0
4508,A,D,4,D,"(2, 6, 9)",I,D,F#,D,563.5,286.0
4509,A,D,4,D,"(2, 6, 9)",I,D,F#,D,563.625,286.0
4510,A,D,4,D,"(2, 6, 9)",I,D,F#,D,563.75,286.0
4511,A,D,4,D,"(2, 6, 9)",I,D,F#,D,563.875,286.0
4512,G,G,0,D,"(1, 4, 7, 9)",V7,E,E,D,564.0,287.0
4513,G,C#,1,D,"(1, 4, 7, 9)",V7,E,E,D,564.125,287.0
4514,G,C#,2,D,"(1, 4, 7, 9)",V7,E,E,D,564.25,287.0
4515,G,C#,2,D,"(1, 4, 7, 9)",V7,E,E,D,564.375,287.0
4516,G,C#,3,D,"(1, 4, 7, 9)",V7,E,E,D,564.5,287.0
4517,G,G,3,D,"(1, 4, 7, 9)",V7,E,E,D,564.625,287.0
4518,G,G,3,D,"(1, 4, 7, 9)",V7,E,E,D,564.75,287.0
4519,G,G,3,D,"(1, 4, 7, 9)",V7,E,E,D,564.875,287.0
4520,G,G,4,D,"(1, 4, 7, 9)",V7,E,E,D,565.0,287.0
4521,G,G,4,D,"(1, 4, 7, 9)",V7,E,E,D,565.125,287.0
4522,G,G,4,D,"(1, 4, 7, 9)",V7,E,E,D,565.25,287.0
4523,G,G,4,D,"(1, 4, 7, 9)",V7,E,E,D,565.375,287.0
4524,G,G,4,D,"(1, 4, 7, 9)",V7,E,E,D,565.5,287.0
4525,G,G,4,D,"(1, 4, 7, 9)",V7,E,E,D,565.625,287.0
4526,G,G,4,D,"(1, 4, 7, 9)",V7,E,E,D,565.75,287.0
4527,G,G,4,D,"(1, 4, 7, 9)",V7,E,E,D,565.875,287.0
4528,A,D,0,D,"(2, 6, 9)",I,D,F#,D,566.0,288.0
4529,A,D,1,D,"(2, 6, 9)",I,D,F#,D,566.125,288.0
4530,A,D,2,D,"(2, 6, 9)",I,D,F#,D,566.25,288.0
4531,A,D,2,D,"(2, 6, 9)",I,D,F#,D,566.375,288.0
4532,A,D,3,D,"(2, 6, 9)",I,D,F#,D,566.5,288.0
4533,A,D,3,D,"(2, 6, 9)",I,D,F#,D,566.625,288.0
4534,A,D,3,D,"(2, 6, 9)",I,D,F#,D,566.75,288.0
4535,A,D,3,D,"(2, 6, 9)",I,D,F#,D,566.875,288.0
4536,A,D,4,D,"(2, 6, 9)",I,D,F#,D,567.0,288.0
4537,A,D,4,D,"(2, 6, 9)",I,D,F#,D,567.125,288.0
4538,A,D,4,D,"(2, 6, 9)",I,D,F#,D,567.25,288.0
4539,A,D,4,D,"(2, 6, 9)",I,D,F#,D,567.375,288.0
4540,A,D,4,D,"(2, 6, 9)",I,D,F#,D,567.5,288.0
4541,A,D,4,D,"(2, 6, 9)",I,D,F#,D,567.625,288.0
4542,A,D,4,D,"(2, 6, 9)",I,D,F#,D,567.75,288.0
4543,A,D,4,D,"(2, 6, 9)",I,D,F#,D,567.875,288.0
4544,A,A,0,D,"(1, 4, 7, 9)",I,G,F#,D,568.0,289.0
4545,E,A,1,D,"(1, 4, 7, 9)",V7,G,C#,D,568.125,289.0
4546,E,A,2,D,"(1, 4, 7, 9)",V7,G,C#,D,568.25,289.0
4547,E,A,2,D,"(1, 4, 7, 9)",V7,G,C#,D,568.375,289.0
4548,E,A,3,D,"(1, 4, 7, 9)",V7,G,C#,D,568.5,289.0
4549,E,A,3,D,"(1, 4, 7, 9)",V7,G,C#,D,568.625,289.0
4550,E,A,3,D,"(1, 4, 7, 9)",V7,G,C#,D,568.75,289.0
4551,E,A,3,D,"(1, 4, 7, 9)",V7,G,C#,D,568.875,289.0
4552,E,A,4,D,"(1, 4, 7, 9)",V7,G,C#,D,569.0,289.0
4553,E,A,4,D,"(1, 4, 7, 9)",V7,G,C#,D,569.125,289.0
4554,E,A,4,D,"(1, 4, 7, 9)",V7,G,C#,D,569.25,289.0
4555,E,A,4,D,"(1, 4, 7, 9)",V7,G,C#,D,569.375,289.0
4556,E,A,4,D,"(1, 4, 7, 9)",V7,G,C#,D,569.5,289.0
4557,E,A,4,D,"(1, 4, 7, 9)",V7,G,C#,D,569.625,289.0
4558,E,A,4,D,"(1, 4, 7, 9)",V7,G,C#,D,569.75,289.0
4559,E,A,4,D,"(1, 4, 7, 9)",V7,G,C#,D,569.875,289.0
4560,A,D,0,D,"(2, 6, 9)",I,D,F#,D,570.0,290.0
4561,A,D,1,D,"(2, 6, 9)",I,D,F#,D,570.125,290.0
4562,A,D,2,D,"(2, 6, 9)",I,D,F#,D,570.25,290.0
4563,A,D,2,D,"(2, 6, 9)",I,D,F#,D,570.375,290.0
4564,A,D,3,D,"(2, 6, 9)",I,D,F#,D,570.5,290.0
4565,A,D,3,D,"(2, 6, 9)",I,D,F#,D,570.625,290.0
4566,A,D,3,D,"(2, 6, 9)",I,D,F#,D,570.75,290.0
4567,A,D,3,D,"(2, 6, 9)",I,D,F#,D,570.875,290.0
4568,A,D,4,D,"(2, 6, 9)",I,D,F#,D,571.0,290.0
4569,A,D,4,D,"(2, 6, 9)",I,D,F#,D,571.125,290.0
4570,A,D,4,D,"(2, 6, 9)",I,D,F#,D,571.25,290.0
4571,A,D,4,D,"(2, 6, 9)",I,D,F#,D,571.375,290.0
4572,A,D,4,D,"(2, 6, 9)",I,D,F#,D,571.5,290.0
4573,A,D,4,D,"(2, 6, 9)",I,D,F#,D,571.625,290.0
4574,A,D,4,D,"(2, 6, 9)",I,D,F#,D,571.75,290.0
4575,A,D,4,D,"(2, 6, 9)",I,D,F#,D,571.875,290.0
4576,E,G,0,D,"(1, 4, 7, 9)",V7,G,C#,D,572.0,291.0
4577,E,G,1,D,"(1, 4, 7, 9)",V7,G,C#,D,572.125,291.0
4578,E,G,2,D,"(1, 4, 7, 9)",V7,G,C#,D,572.25,291.0
4579,E,G,2,D,"(1, 4, 7, 9)",V7,G,C#,D,572.375,291.0
4580,E,A,3,D,"(1, 4, 7, 9)",V7,G,C#,D,572.5,291.0
4581,E,A,3,D,"(1, 4, 7, 9)",V7,G,C#,D,572.625,291.0
4582,E,A,3,D,"(1, 4, 7, 9)",V7,G,C#,D,572.75,291.0
4583,E,A,3,D,"(1, 4, 7, 9)",V7,G,C#,D,572.875,291.0
4584,E,A,4,D,"(1, 4, 7, 9)",V7,G,C#,D,573.0,291.0
4585,E,A,1,D,"(1, 4, 7, 9)",V7,G,C#,D,573.125,291.0
4586,E,A,4,D,"(1, 4, 7, 9)",V7,G,C#,D,573.25,291.0
4587,E,A,4,D,"(1, 4, 7, 9)",V7,G,C#,D,573.375,291.0
4588,E,A,4,D,"(1, 4, 7, 9)",V7,G,C#,D,573.5,291.0
4589,E,A,4,D,"(1, 4, 7, 9)",V7,G,C#,D,573.625,291.0
4590,E,A,4,D,"(1, 4, 7, 9)",V7,G,C#,D,573.75,291.0
4591,E,A,4,D,"(1, 4, 7, 9)",V7,G,C#,D,573.875,291.0
4592,A,D,0,D,"(2, 6, 9)",I,D,F#,D,574.0,292.0
4593,A,D,1,D,"(2, 6, 9)",I,D,F#,D,574.125,292.0
4594,A,D,2,D,"(2, 6, 9)",I,D,F#,D,574.25,292.0
4595,A,D,2,D,"(2, 6, 9)",I,D,F#,D,574.375,292.0
4596,A,D,3,D,"(2, 6, 9)",I,D,F#,D,574.5,292.0
4597,A,D,3,D,"(2, 6, 9)",I,D,F#,D,574.625,292.0
4598,A,D,3,D,"(2, 6, 9)",I,D,F#,D,574.75,292.0
4599,A,D,3,D,"(2, 6, 9)",I,D,F#,D,574.875,292.0
4600,A,D,4,D,"(2, 6, 9)",I,D,D,D,575.0,292.0
4601,A,D,4,D,"(2, 6, 9)",I,D,D,D,575.125,292.0
4602,A,D,4,D,"(2, 6, 9)",I,D,D,D,575.25,292.0
4603,A,D,4,D,"(2, 6, 9)",I,D,D,D,575.375,292.0
4604,A,D,4,D,"(2, 6, 9)",I,D,D,D,575.5,292.0
4605,A,D,4,D,"(2, 6, 9)",I,D,D,D,575.625,292.0
4606,A,D,4,D,"(2, 6, 9)",I,D,D,D,575.75,292.0
4607,A,D,4,D,"(2, 6, 9)",I,D,D,D,575.875,292.0
4608,G,C#,0,D,"(1, 4, 7, 9)",V7,G,E,D,576.0,293.0
4609,G,C#,1,D,"(1, 4, 7, 9)",V7,A,E,D,576.125,293.0
4610,G,C#,2,D,"(1, 4, 7, 9)",V7,A,E,D,576.25,293.0
4611,G,C#,2,D,"(1, 4, 7, 9)",V7,A,E,D,576.375,293.0
4612,G,C#,3,D,"(1, 4, 7, 9)",V7,A,E,D,576.5,293.0
4613,G,C#,3,D,"(1, 4, 7, 9)",V7,A,E,D,576.625,293.0
4614,G,C#,3,D,"(1, 4, 7, 9)",V7,A,E,D,576.75,293.0
4615,G,C#,3,D,"(1, 4, 7, 9)",V7,A,E,D,576.875,293.0
4616,G,C#,4,D,"(1, 4, 7, 9)",V7,A,E,D,577.0,293.0
4617,G,C#,4,D,"(1, 4, 7, 9)",V7,A,E,D,577.125,293.0
4618,G,C#,4,D,"(1, 4, 7, 9)",V7,A,E,D,577.25,293.0
4619,G,C#,4,D,"(1, 4, 7, 9)",V7,A,E,D,577.375,293.0
4620,G,C#,4,D,"(1, 4, 7, 9)",V7,A,E,D,577.5,293.0
4621,G,C#,4,D,"(1, 4, 7, 9)",V7,A,E,D,577.625,293.0
4622,G,C#,4,D,"(1, 4, 7, 9)",V7,A,E,D,577.75,293.0
4623,G,C#,4,D,"(1, 4, 7, 9)",V7,A,E,D,577.875,293.0
4624,A,D,0,D,"(2, 6, 9)",I,D,F#,D,578.0,294.0
4625,A,D,1,D,"(2, 6, 9)",I,D,F#,D,578.125,294.0
4626,A,D,2,D,"(2, 6, 9)",I,D,F#,D,578.25,294.0
4627,A,D,2,D,"(2, 6, 9)",I,D,F#,D,578.375,294.0
4628,A,D,3,D,"(2, 6, 9)",I,D,F#,D,578.5,294.0
4629,A,D,3,D,"(2, 6, 9)",I,D,F#,D,578.625,294.0
4630,A,D,3,D,"(2, 6, 9)",I,D,F#,D,578.75,294.0
4631,A,D,3,D,"(2, 6, 9)",I,D,F#,D,578.875,294.0
4632,A,D,0,D,"(2, 6, 9)",I,D,F#,D,579.0,294.0
4633,A,D,4,D,"(2, 6, 9)",I,D,F#,D,579.125,294.0
4634,A,D,4,D,"(2, 6, 9)",I,D,F#,D,579.25,294.0
4635,A,D,4,D,"(2, 6, 9)",I,D,F#,D,579.375,294.0
4636,A,D,3,D,"(2, 6, 9)",I,D,F#,D,579.5,294.0
4637,A,D,3,D,"(2, 6, 9)",I,D,F#,D,579.625,294.0
4638,A,D,3,D,"(2, 6, 9)",I,D,F#,D,579.75,294.0
4639,A,D,3,D,"(2, 6, 9)",I,D,F#,D,579.875,294.0
4640,E,G,0,D,"(1, 4, 7, 9)",V7,G,C#,D,580.0,295.0
4641,E,A,1,D,"(1, 4, 7, 9)",V7,G,C#,D,580.125,295.0
4642,E,A,2,D,"(1, 4, 7, 9)",V7,G,C#,D,580.25,295.0
4643,E,A,2,D,"(1, 4, 7, 9)",V7,G,C#,D,580.375,295.0
4644,E,A,3,D,"(1, 4, 7, 9)",V7,G,C#,D,580.5,295.0
4645,E,A,3,D,"(1, 4, 7, 9)",V7,G,C#,D,580.625,295.0
4646,E,A,3,D,"(1, 4, 7, 9)",V7,G,C#,D,580.75,295.0
4647,E,A,3,D,"(1, 4, 7, 9)",V7,G,C#,D,580.875,295.0
4648,E,A,0,D,"(1, 4, 7, 9)",V7,G,C#,D,581.0,295.0
4649,E,A,4,D,"(1, 4, 7, 9)",V7,G,C#,D,581.125,295.0
4650,E,A,4,D,"(1, 4, 7, 9)",V7,G,C#,D,581.25,295.0
4651,E,A,4,D,"(1, 4, 7, 9)",V7,G,C#,D,581.375,295.0
4652,E,A,3,D,"(1, 4, 7, 9)",V7,G,C#,D,581.5,295.0
4653,E,A,3,D,"(1, 4, 7, 9)",V7,G,C#,D,581.625,295.0
4654,E,A,4,D,"(1, 4, 7, 9)",V7,G,C#,D,581.75,295.0
4655,E,A,4,D,"(1, 4, 7, 9)",V7,G,C#,D,581.875,295.0
4656,A,D,0,D,"(2, 6, 9)",I,D,F#,D,582.0,296.0
4657,A,D,1,D,"(2, 6, 9)",I,D,F#,D,582.125,296.0
4658,A,D,2,D,"(2, 6, 9)",I,D,F#,D,582.25,296.0
4659,A,D,2,D,"(2, 6, 9)",I,D,F#,D,582.375,296.0
4660,A,D,3,D,"(2, 6, 9)",I,D,F#,D,582.5,296.0
4661,A,D,3,D,"(2, 6, 9)",I,D,F#,D,582.625,296.0
4662,A,D,3,D,"(2, 6, 9)",I,D,F#,D,582.75,296.0
4663,A,D,3,D,"(2, 6, 9)",I,D,F#,D,582.875,296.0
4664,A,D,4,D,"(2, 6, 9)",I,D,F#,D,583.0,296.0
4665,A,D,4,D,"(2, 6, 9)",I,D,F#,D,583.125,296.0
4666,A,D,4,D,"(2, 6, 9)",I,D,F#,D,583.25,296.0
4667,A,D,4,D,"(2, 6, 9)",I,D,F#,D,583.375,296.0
4668,A,D,4,D,"(2, 6, 9)",I,D,F#,D,583.5,296.0
4669,A,D,4,D,"(2, 6, 9)",I,D,F#,D,583.625,296.0
4670,A,D,4,D,"(2, 6, 9)",I,D,F#,D,583.75,296.0
4671,A,D,4,D,"(2, 6, 9)",I,D,F#,D,583.875,296.0
4672,A,D,0,D,"(2, 6, 9)",I,D,F#,D,584.0,297.0
4673,A,D,1,D,"(2, 6, 9)",I,D,F#,D,584.125,297.0
4674,A,D,2,D,"(2, 6, 9)",I,D,F#,D,584.25,297.0
4675,A,D,2,D,"(2, 6, 9)",I,D,F#,D,584.375,297.0
4676,A,D,3,D,"(2, 6, 9)",I,D,F#,D,584.5,297.0
4677,A,D,3,D,"(2, 6, 9)",I,D,F#,D,584.625,297.0
4678,A,D,3,D,"(2, 6, 9)",I,D,F#,D,584.75,297.0
4679,A,D,3,D,"(2, 6, 9)",I,D,F#,D,584.875,297.0
4680,A,D,0,D,"(2, 6, 9)",I,G,F#,D,585.0,297.0
4681,A,D,4,D,"(2, 6, 9)",I,G,F#,D,585.125,297.0
4682,A,D,4,D,"(2, 6, 9)",I,G,F#,D,585.25,297.0
4683,A,D,4,D,"(2, 6, 9)",I,G,F#,D,585.375,297.0
4684,E,A,0,D,"(1, 4, 9)",V,A,C#,D,585.5,297.0
4685,E,A,1,D,"(1, 4, 9)",V,A,C#,D,585.625,297.0
4686,E,A,2,D,"(1, 4, 9)",V,A,C#,D,585.75,297.0
4687,E,A,2,D,"(1, 4, 9)",V,A,C#,D,585.875,297.0
4688,F#,A,0,D,"(2, 6, 9)",I,F#,D,D,586.0,298.0
4689,F#,A,1,D,"(2, 6, 9)",I,F#,D,D,586.125,298.0
4690,F#,A,2,D,"(2, 6, 9)",I,F#,D,D,586.25,298.0
4691,F#,A,2,D,"(2, 6, 9)",I,F#,D,D,586.375,298.0
4692,F#,A,3,D,"(2, 6, 9)",I,D,D,D,586.5,298.0
4693,F#,A,3,D,"(2, 6, 9)",I,D,D,D,586.625,298.0
4694,F#,A,3,D,"(2, 6, 9)",I,D,D,D,586.75,298.0
4695,F#,A,3,D,"(2, 6, 9)",I,D,D,D,586.875,298.0
4696,F#,A,4,D,"(2, 6, 9)",I,D,D,D,587.0,298.0
4697,F#,A,4,D,"(2, 6, 9)",I,D,D,D,587.125,298.0
4698,F#,A,4,D,"(2, 6, 9)",I,D,D,D,587.25,298.0
4699,F#,A,4,D,"(2, 6, 9)",I,D,D,D,587.375,298.0
4700,D,F#,0,D,"(2, 6, 9)",I,D,A,D,587.5,298.0
4701,D,F#,1,D,"(2, 6, 9)",I,D,A,D,587.625,298.0
4702,D,F#,2,D,"(2, 6, 9)",I,D,A,D,587.75,298.0
4703,D,F#,2,D,"(2, 6, 9)",I,D,A,D,587.875,298.0
4704,D,F#,0,D,"(2, 6, 9)",I,D,A,D,588.0,299.0
4705,D,F#,1,D,"(2, 6, 9)",I,D,A,D,588.125,299.0
4706,D,F#,2,D,"(2, 6, 9)",I,D,A,D,588.25,299.0
4707,D,F#,2,D,"(2, 6, 9)",I,D,A,D,588.375,299.0
4708,D,G,0,D,"(2, 7, 11)",IV,G,B,D,588.5,299.0
4709,D,G,1,D,"(2, 7, 11)",IV,G,B,D,588.625,299.0
4710,D,G,2,D,"(2, 7, 11)",IV,G,B,D,588.75,299.0
4711,D,G,2,D,"(2, 7, 11)",IV,G,B,D,588.875,299.0
4712,D,G,0,D,"(2, 7, 11)",IV,G,B,D,589.0,299.0
4713,D,G,1,D,"(2, 7, 11)",IV,G,B,D,589.125,299.0
4714,D,G,2,D,"(2, 7, 11)",IV,G,B,D,589.25,299.0
4715,D,G,2,D,"(2, 7, 11)",IV,G,B,D,589.375,299.0
4716,D,G,4,D,"(2, 7, 11)",IV,G,B,D,589.5,299.0
4717,D,G,4,D,"(2, 7, 11)",IV,G,B,D,589.625,299.0
4718,D,G,4,D,"(2, 7, 11)",IV,G,B,D,589.75,299.0
4719,D,G,4,D,"(2, 7, 11)",IV,G,B,D,589.875,299.0
4720,G,B,0,D,"(2, 7, 11)",IV,G,D,D,590.0,300.0
4721,G,B,1,D,"(2, 7, 11)",IV,G,D,D,590.125,300.0
4722,G,B,2,D,"(2, 7, 11)",IV,G,D,D,590.25,300.0
4723,G,B,2,D,"(2, 7, 11)",IV,G,D,D,590.375,300.0
4724,A,D,3,D,"(2, 6, 9)",I,D,F#,D,590.5,300.0
4725,A,D,1,D,"(2, 6, 9)",I,D,F#,D,590.625,300.0
4726,A,D,2,D,"(2, 6, 9)",I,D,F#,D,590.75,300.0
4727,A,D,3,D,"(2, 6, 9)",I,D,F#,D,590.875,300.0
4728,A,D,4,D,"(2, 6, 9)",I,D,F#,D,591.0,300.0
4729,A,D,4,D,"(2, 6, 9)",I,D,F#,D,591.125,300.0
4730,A,D,4,D,"(2, 6, 9)",I,D,F#,D,591.25,300.0
4731,A,D,4,D,"(2, 6, 9)",I,D,F#,D,591.375,300.0
4732,A,D,4,D,"(2, 6, 9)",I,D,F#,D,591.5,300.0
4733,A,D,4,D,"(2, 6, 9)",I,D,F#,D,591.625,300.0
4734,A,D,4,D,"(2, 6, 9)",I,D,F#,D,591.75,300.0
4735,A,D,4,D,"(2, 6, 9)",I,D,F#,D,591.875,300.0
4736,A,A,0,D,"(2, 6, 9)",I,D,F#,D,592.0,301.0
4737,A,A,1,D,"(2, 6, 9)",I,D,F#,D,592.125,301.0
4738,A,A,2,D,"(2, 6, 9)",I,D,F#,D,592.25,301.0
4739,A,A,2,D,"(2, 6, 9)",I,D,F#,D,592.375,301.0
4740,A,A,3,D,"(2, 6, 9)",I,D,F#,D,592.5,301.0
4741,A,A,3,D,"(2, 6, 9)",I,D,F#,D,592.625,301.0
4742,A,A,3,D,"(2, 6, 9)",I,D,F#,D,592.75,301.0
4743,A,A,3,D,"(2, 6, 9)",I,D,F#,D,592.875,301.0
4744,A,A,4,D,"(2, 6, 9)",I,D,F#,D,593.0,301.0
4745,A,A,4,D,"(2, 6, 9)",I,D,F#,D,593.125,301.0
4746,A,A,4,D,"(2, 6, 9)",I,D,F#,D,593.25,301.0
4747,A,A,4,D,"(2, 6, 9)",I,D,F#,D,593.375,301.0
4748,A,D,4,D,"(2, 6, 9)",I,D,F#,D,593.5,301.0
4749,A,D,4,D,"(2, 6, 9)",I,D,F#,D,593.625,301.0
4750,A,D,4,D,"(2, 6, 9)",I,D,F#,D,593.75,301.0
4751,A,D,4,D,"(2, 6, 9)",I,D,F#,D,593.875,301.0
4752,A,D,0,D,"(2, 6, 9)",I,D,F#,D,594.0,302.0
4753,A,D,1,D,"(2, 6, 9)",I,D,F#,D,594.125,302.0
4754,A,D,2,D,"(2, 6, 9)",I,D,F#,D,594.25,302.0
4755,A,D,2,D,"(1, 4, 7, 9)",I,D,F#,D,594.375,302.0
4756,A,C#,3,D,"(1, 4, 7, 9)",V7,A,E,D,594.5,302.0
4757,A,C#,3,D,"(1, 4, 7, 9)",V7,A,E,D,594.625,302.0
4758,A,C#,3,D,"(1, 4, 7, 9)",V7,A,E,D,594.75,302.0
4759,A,C#,3,D,"(1, 4, 7, 9)",V7,A,E,D,594.875,302.0
4760,G,C#,4,D,"(1, 4, 7, 9)",V7,A,E,D,595.0,302.0
4761,G,C#,4,D,"(1, 4, 7, 9)",V7,A,E,D,595.125,302.0
4762,G,C#,4,D,"(1, 4, 7, 9)",V7,A,E,D,595.25,302.0
4763,G,C#,4,D,"(1, 4, 7, 9)",V7,A,E,D,595.375,302.0
4764,E,A,0,D,"(1, 4, 7, 9)",V7,A,C#,D,595.5,302.0
4765,E,A,4,D,"(1, 4, 7, 9)",V7,A,C#,D,595.625,302.0
4766,E,A,2,D,"(1, 4, 7, 9)",V7,A,C#,D,595.75,302.0
4767,E,A,2,D,"(1, 4, 7, 9)",V7,A,C#,D,595.875,302.0
4768,A,A,0,D,"(2, 6, 9)",I,D,F#,D,596.0,303.0
4769,A,A,1,D,"(2, 6, 9)",I,D,F#,D,596.125,303.0
4770,A,A,2,D,"(2, 6, 9)",I,D,F#,D,596.25,303.0
4771,A,A,2,D,"(2, 6, 9)",I,D,F#,D,596.375,303.0
4772,A,D,3,D,"(2, 6, 9)",I,D,F#,D,596.5,303.0
4773,A,D,3,D,"(2, 6, 9)",I,D,F#,D,596.625,303.0
4774,A,D,3,D,"(2, 6, 9)",I,D,F#,D,596.75,303.0
4775,A,D,3,D,"(2, 6, 9)",I,D,F#,D,596.875,303.0
4776,A,D,4,D,"(2, 6, 9)",I,D,F#,D,597.0,303.0
4777,A,D,4,D,"(2, 6, 9)",I,D,F#,D,597.125,303.0
4778,A,D,4,D,"(2, 6, 9)",I,D,F#,D,597.25,303.0
4779,A,D,4,D,"(2, 6, 9)",I,D,F#,D,597.375,303.0
4780,A,D,4,D,"(2, 6, 9)",I,D,F#,D,597.5,303.0
4781,A,D,4,D,"(2, 6, 9)",I,D,F#,D,597.625,303.0
4782,A,D,4,D,"(2, 6, 9)",I,D,F#,D,597.75,303.0
4783,A,D,4,D,"(2, 6, 9)",I,D,F#,D,597.875,303.0
4784,C#,F#,0,D,"(1, 4, 9)",V,A,A,D,598.0,304.0
4785,C#,F#,1,D,"(1, 4, 9)",V,A,A,D,598.125,304.0
4786,C#,F#,2,D,"(1, 4, 9)",V,A,A,D,598.25,304.0
4787,C#,F#,2,D,"(1, 4, 9)",V,A,A,D,598.375,304.0
4788,E,A,3,D,"(1, 4, 9)",V,A,A,D,598.5,304.0
4789,E,A,3,D,"(1, 4, 9)",V,A,A,D,598.625,304.0
4790,E,A,3,D,"(1, 4, 9)",V,A,A,D,598.75,304.0
4791,E,A,3,D,"(1, 4, 9)",V,A,A,D,598.875,304.0
4792,E,A,4,D,"(1, 4, 9)",V,A,C#,D,599.0,304.0
4793,E,A,4,D,"(1, 4, 9)",V,A,C#,D,599.125,304.0
4794,E,A,4,D,"(1, 4, 9)",V,A,C#,D,599.25,304.0
4795,E,A,4,D,"(1, 4, 9)",V,A,C#,D,599.375,304.0
4796,E,A,4,D,"(1, 4, 9)",V,A,C#,D,599.5,304.0
4797,E,A,4,D,"(1, 4, 9)",V,A,C#,D,599.625,304.0
4798,E,A,4,D,"(1, 4, 9)",V,A,C#,D,599.75,304.0
4799,E,A,4,D,"(1, 4, 9)",V,A,C#,D,599.875,304.0
4800,E,A,0,D,"(1, 4, 9)",V7,A,C#,D,600.0,305.0
4801,E,A,1,D,"(1, 4, 9)",V7,A,C#,D,600.125,305.0
4802,E,A,2,D,"(1, 4, 9)",V7,A,C#,D,600.25,305.0
4803,E,A,2,D,"(1, 4, 9)",V7,A,C#,D,600.375,305.0
4804,E,A,3,D,"(1, 4, 9)",V7,A,C#,D,600.5,305.0
4805,E,A,3,D,"(1, 4, 9)",V7,A,C#,D,600.625,305.0
4806,E,A,3,D,"(1, 4, 9)",V7,A,C#,D,600.75,305.0
4807,E,A,3,D,"(1, 4, 9)",V7,A,C#,D,600.875,305.0
4808,E,A,4,D,"(1, 4, 7, 9)",V7,A,C#,D,601.0,305.0
4809,E,A,4,D,"(1, 4, 7, 9)",V7,A,C#,D,601.125,305.0
4810,E,A,4,D,"(1, 4, 7, 9)",V7,A,C#,D,601.25,305.0
4811,E,A,4,D,"(1, 4, 7, 9)",V7,A,C#,D,601.375,305.0
4812,E,A,4,D,"(1, 4, 7, 9)",V7,G,C#,D,601.5,305.0
4813,E,G,4,D,"(1, 4, 7, 9)",V7,G,C#,D,601.625,305.0
4814,E,G,4,D,"(1, 4, 7, 9)",V7,G,C#,D,601.75,305.0
4815,E,G,4,D,"(1, 4, 7, 9)",V7,G,C#,D,601.875,305.0
4816,D,F#,0,D,"(2, 6, 9)",I,D,A,D,602.0,306.0
4817,D,F#,1,D,"(2, 6, 9)",I,D,A,D,602.125,306.0
4818,D,F#,2,D,"(2, 6, 9)",I,D,A,D,602.25,306.0
4819,D,F#,2,D,"(2, 6, 9)",I,D,A,D,602.375,306.0
4820,D,F#,3,D,"(2, 6, 9)",I,D,A,D,602.5,306.0
4821,D,F#,3,D,"(2, 6, 9)",I,D,A,D,602.625,306.0
4822,D,F#,3,D,"(2, 6, 9)",I,D,A,D,602.75,306.0
4823,D,F#,3,D,"(2, 6, 9)",I,D,A,D,602.875,306.0
4824,D,F#,4,D,"(2, 6, 9)",I,D,A,D,603.0,306.0
4825,D,F#,4,D,"(2, 6, 9)",I,D,A,D,603.125,306.0
4826,D,F#,4,D,"(2, 6, 9)",I,D,A,D,603.25,306.0
4827,D,F#,4,D,"(2, 6, 9)",I,D,A,D,603.375,306.0
4828,D,F#,4,D,"(2, 6, 9)",I,D,A,D,603.5,306.0
4829,D,F#,4,D,"(2, 6, 9)",I,D,A,D,603.625,306.0
4830,D,F#,4,D,"(2, 6, 9)",I,D,A,D,603.75,306.0
4831,D,F#,4,D,"(2, 6, 9)",I,D,A,D,603.875,306.0
4832,E,A,0,D,"(1, 4, 7, 9)",V7,G,C#,D,604.0,307.0
4833,E,A,1,D,"(1, 4, 7, 9)",V7,G,C#,D,604.125,307.0
4834,E,A,2,D,"(1, 4, 7, 9)",V7,G,C#,D,604.25,307.0
4835,E,A,2,D,"(1, 4, 7, 9)",V7,G,C#,D,604.375,307.0
4836,E,A,3,D,"(1, 4, 7, 9)",V7,G,C#,D,604.5,307.0
4837,E,A,3,D,"(1, 4, 7, 9)",V7,G,C#,D,604.625,307.0
4838,E,A,3,D,"(1, 4, 7, 9)",V7,G,C#,D,604.75,307.0
4839,E,A,3,D,"(1, 4, 7, 9)",V7,G,C#,D,604.875,307.0
4840,E,A,4,D,"(1, 4, 7, 9)",V7,G,C#,D,605.0,307.0
4841,E,A,4,D,"(1, 4, 7, 9)",V7,G,C#,D,605.125,307.0
4842,E,A,4,D,"(1, 4, 7, 9)",V7,G,C#,D,605.25,307.0
4843,E,A,4,D,"(1, 4, 7, 9)",V7,G,C#,D,605.375,307.0
4844,E,A,4,D,"(1, 4, 7, 9)",V7,G,C#,D,605.5,307.0
4845,E,A,4,D,"(1, 4, 7, 9)",V7,G,C#,D,605.625,307.0
4846,E,A,4,D,"(1, 4, 7, 9)",V7,G,C#,D,605.75,307.0
4847,E,A,4,D,"(1, 4, 7, 9)",V7,G,C#,D,605.875,307.0
4848,A,D,0,D,"(2, 6, 9)",I,D,F#,D,606.0,308.0
4849,A,D,1,D,"(2, 6, 9)",I,D,F#,D,606.125,308.0
4850,A,D,2,D,"(2, 6, 9)",I,D,F#,D,606.25,308.0
4851,A,D,2,D,"(2, 6, 9)",I,D,F#,D,606.375,308.0
4852,A,D,3,D,"(2, 6, 9)",I,D,F#,D,606.5,308.0
4853,A,D,3,D,"(2, 6, 9)",I,D,F#,D,606.625,308.0
4854,A,D,3,D,"(2, 6, 9)",I,D,F#,D,606.75,308.0
4855,A,D,3,D,"(2, 6, 9)",I,D,F#,D,606.875,308.0
4856,A,D,4,D,"(2, 6, 9)",I,D,F#,D,607.0,308.0
4857,A,D,4,D,"(2, 6, 9)",I,D,F#,D,607.125,308.0
4858,A,D,4,D,"(2, 6, 9)",I,D,F#,D,607.25,308.0
4859,A,D,4,D,"(2, 6, 9)",I,D,F#,D,607.375,308.0
4860,A,A,4,D,"(2, 6, 9)",I,D,F#,D,607.5,308.0
4861,A,A,4,D,"(2, 6, 9)",I,D,F#,D,607.625,308.0
4862,A,A,4,D,"(2, 6, 9)",I,D,F#,D,607.75,308.0
4863,A,A,4,D,"(2, 6, 9)",I,D,F#,D,607.875,308.0
4864,E,A,0,D,"(1, 4, 7, 9)",V7,G,C#,D,608.0,309.0
4865,E,A,1,D,"(1, 4, 7, 9)",V7,G,C#,D,608.125,309.0
4866,E,A,2,D,"(1, 4, 7, 9)",V7,G,C#,D,608.25,309.0
4867,E,A,2,D,"(1, 4, 7, 9)",V7,G,C#,D,608.375,309.0
4868,E,A,3,D,"(1, 4, 7, 9)",V7,G,C#,D,608.5,309.0
4869,E,A,3,D,"(1, 4, 7, 9)",V7,G,C#,D,608.625,309.0
4870,E,A,3,D,"(1, 4, 7, 9)",V7,G,C#,D,608.75,309.0
4871,E,A,3,D,"(1, 4, 7, 9)",V7,G,C#,D,608.875,309.0
4872,E,A,4,D,"(1, 4, 7, 9)",V7,C#,C#,D,609.0,309.0
4873,E,A,4,D,"(1, 4, 7, 9)",V7,C#,C#,D,609.125,309.0
4874,E,A,4,D,"(1, 4, 7, 9)",V7,C#,C#,D,609.25,309.0
4875,E,A,4,D,"(1, 4, 7, 9)",V7,C#,C#,D,609.375,309.0
4876,C#,G,0,D,"(1, 4, 7, 9)",V7,G,C#,D,609.5,309.0
4877,C#,G,1,D,"(1, 4, 7, 9)",V7,G,C#,D,609.625,309.0
4878,C#,G,2,D,"(1, 4, 7, 9)",V7,G,C#,D,609.75,309.0
4879,C#,G,2,D,"(1, 4, 7, 9)",V7,G,C#,D,609.875,309.0
4880,D,G,0,D,"(2, 6, 9)",IV,G,B,D,610.0,310.0
4881,D,G,1,D,"(2, 6, 9)",IV,G,B,D,610.125,310.0
4882,D,G,2,D,"(2, 6, 9)",IV,G,B,D,610.25,310.0
4883,D,G,2,D,"(2, 6, 9)",IV,G,B,D,610.375,310.0
4884,D,F#,3,D,"(2, 6, 9)",IV,G,A,D,610.5,310.0
4885,D,F#,3,D,"(2, 6, 9)",IV,D#,A,D,610.625,310.0
4886,D,F#,3,D,"(2, 6, 9)",IV,D#,A,D,610.75,310.0
4887,D,F#,3,D,"(2, 6, 9)",IV,D#,A,D,610.875,310.0
4888,D,F#,4,D,"(2, 6, 9)",IV,D#,B,D,611.0,310.0
4889,D,F#,4,D,"(2, 6, 9)",IV,D#,B,D,611.125,310.0
4890,D,F#,4,D,"(2, 6, 9)",IV,D#,B,D,611.25,310.0
4891,D,F#,4,D,"(2, 6, 9)",IV,D#,B,D,611.375,310.0
4892,D#,A,0,D,"(3, 6, 9, 11)",V7,D#,B,D,611.5,310.0
4893,D#,A,1,D,"(3, 6, 9, 11)",V7,D#,B,D,611.625,310.0
4894,D#,A,2,D,"(3, 6, 9, 11)",V7,D#,B,D,611.75,310.0
4895,D#,A,4,D,"(3, 6, 9, 11)",V7,D#,B,D,611.875,310.0
4896,E,A,0,D,"(1, 4, 7, 9)",V7,G,B,D,612.0,311.0
4897,E,A,1,D,"(1, 4, 7, 9)",V7,G,B,D,612.125,311.0
4898,E,A,2,D,"(1, 4, 7, 9)",V7,G,B,D,612.25,311.0
4899,E,A,2,D,"(1, 4, 7, 9)",V7,G,B,D,612.375,311.0
4900,E,G,3,D,"(1, 4, 7, 9)",V7,G,B,D,612.5,311.0
4901,E,G,3,D,"(1, 4, 7, 9)",V7,G,B,D,612.625,311.0
4902,E,G,3,D,"(1, 4, 7, 9)",V7,G,B,D,612.75,311.0
4903,E,G,3,D,"(1, 4, 7, 9)",V7,G,B,D,612.875,311.0
4904,E,A,4,D,"(1, 4, 7, 9)",V7,E,C#,D,613.0,311.0
4905,E,A,1,D,"(1, 4, 7, 9)",V7,E,C#,D,613.125,311.0
4906,E,A,4,D,"(1, 4, 7, 9)",V7,E,C#,D,613.25,311.0
4907,E,A,4,D,"(1, 4, 7, 9)",V7,E,C#,D,613.375,311.0
4908,E,A,0,D,"(1, 4, 7, 9)",V7,G,C#,D,613.5,311.0
4909,E,A,1,D,"(1, 4, 7, 9)",V7,G,C#,D,613.625,311.0
4910,E,A,2,D,"(1, 4, 7, 9)",V7,G,C#,D,613.75,311.0
4911,E,A,2,D,"(1, 4, 7, 9)",V7,G,C#,D,613.875,311.0
4912,A,D,0,D,"(2, 6, 9)",I,D,F#,D,614.0,312.0
4913,A,D,1,D,"(2, 6, 9)",I,D,F#,D,614.125,312.0
4914,A,D,2,D,"(2, 6, 9)",I,D,F#,D,614.25,312.0
4915,A,D,2,D,"(2, 6, 9)",I,D,F#,D,614.375,312.0
4916,A,D,3,D,"(2, 6, 9)",I,D,F#,D,614.5,312.0
4917,A,D,3,D,"(2, 6, 9)",I,D,F#,D,614.625,312.0
4918,A,D,3,D,"(2, 6, 9)",I,D,F#,D,614.75,312.0
4919,A,D,3,D,"(2, 6, 9)",I,D,F#,D,614.875,312.0
4920,A,D,4,D,"(2, 6, 9)",I,D,F#,D,615.0,312.0
4921,A,D,4,D,"(2, 6, 9)",I,D,F#,D,615.125,312.0
4922,A,D,4,D,"(2, 6, 9)",I,D,F#,D,615.25,312.0
4923,A,D,4,D,"(2, 6, 9)",I,D,F#,D,615.375,312.0
4924,A,D,4,D,"(2, 6, 9)",I,D,F#,D,615.5,312.0
4925,A,D,4,D,"(2, 6, 9)",I,D,F#,D,615.625,312.0
4926,A,D,4,D,"(2, 6, 9)",I,D,F#,D,615.75,312.0
4927,A,D,4,D,"(2, 6, 9)",I,D,F#,D,615.875,312.0
4928,A,D,0,D,"(2, 6, 9)",I,D,F#,D,616.0,313.0
4929,A,D,1,D,"(2, 6, 9)",I,D,F#,D,616.125,313.0
4930,A,D,2,D,"(2, 6, 9)",I,D,F#,D,616.25,313.0
4931,A,D,2,D,"(2, 6, 9)",I,D,F#,D,616.375,313.0
4932,A,D,3,D,"(2, 6, 9)",I,D,F#,D,616.5,313.0
4933,A,D,3,D,"(2, 6, 9)",I,D,F#,D,616.625,313.0
4934,A,D,3,D,"(2, 6, 9)",I,D,F#,D,616.75,313.0
4935,A,D,3,D,"(2, 6, 9)",I,D,F#,D,616.875,313.0
4936,E,G,0,D,"(1, 4, 7)",V7,C#,E,D,617.0,313.0
4937,E,C#,1,D,"(1, 4, 7)",viio,C#,C#,D,617.125,313.0
4938,E,C#,2,D,"(1, 4, 7)",viio,C#,C#,D,617.25,313.0
4939,E,C#,2,D,"(1, 4, 7)",viio,C#,C#,D,617.375,313.0
4940,E,C#,3,D,"(1, 4, 7)",viio,C#,C#,D,617.5,313.0
4941,E,C#,3,D,"(1, 4, 7)",viio,C#,C#,D,617.625,313.0
4942,E,C#,3,D,"(1, 4, 7)",viio,C#,C#,D,617.75,313.0
4943,E,C#,3,D,"(1, 4, 7)",viio,C#,C#,D,617.875,313.0
4944,A,D,0,D,"(2, 6, 9)",I,D,F#,D,618.0,314.0
4945,A,D,1,D,"(2, 6, 9)",I,D,F#,D,618.125,314.0
4946,A,D,2,D,"(2, 6, 9)",I,D,F#,D,618.25,314.0
4947,A,D,2,D,"(2, 6, 9)",I,D,F#,D,618.375,314.0
4948,A,D,3,D,"(2, 6, 9)",I,D,F#,D,618.5,314.0
4949,A,D,3,D,"(2, 6, 9)",I,D,F#,D,618.625,314.0
4950,A,D,3,D,"(2, 6, 9)",I,D,F#,D,618.75,314.0
4951,A,D,3,D,"(2, 6, 9)",I,D,F#,D,618.875,314.0
4952,A,D,4,D,"(0, 3, 6, 9)",viio7,C,F#,e,619.0,314.0
4953,A,D,1,D,"(0, 3, 6, 9)",viio7,C,F#,e,619.125,314.0
4954,A,D,4,D,"(0, 3, 6, 9)",viio7,C,F#,e,619.25,314.0
4955,A,D,4,D,"(0, 3, 6, 9)",viio7,C,F#,e,619.375,314.0
4956,A,D,3,D,"(0, 3, 6, 9)",viio7,C,F#,e,619.5,314.0
4957,A,D,3,D,"(0, 3, 6, 9)",viio7,C,F#,e,619.625,314.0
4958,A,D,3,D,"(0, 3, 6, 9)",viio7,C,F#,e,619.75,314.0
4959,A,D,3,D,"(0, 3, 6, 9)",viio7,C,F#,e,619.875,314.0
4960,G,G,0,D,"(2, 4, 7, 11)",ii7,E,E,D,620.0,315.0
4961,G,D,1,D,"(2, 4, 7, 11)",ii,E,E,D,620.125,315.0
4962,G,D,2,D,"(2, 4, 7, 11)",ii,E,E,D,620.25,315.0
4963,G,D,2,D,"(2, 4, 7, 11)",ii,E,E,D,620.375,315.0
4964,G,D,3,D,"(2, 4, 7, 11)",ii,E,E,D,620.5,315.0
4965,G,D,3,D,"(2, 4, 7, 11)",ii,E,E,D,620.625,315.0
4966,G,D,3,D,"(2, 4, 7, 11)",ii,E,E,D,620.75,315.0
4967,G,D,3,D,"(2, 4, 7, 11)",ii,E,E,D,620.875,315.0
4968,G,C#,4,D,"(1, 4, 7, 11)",ii,E,E,D,621.0,315.0
4969,G,C#,4,D,"(1, 4, 7, 11)",ii,E,E,D,621.125,315.0
4970,G,C#,4,D,"(1, 4, 7, 11)",ii,E,E,D,621.25,315.0
4971,G,C#,4,D,"(1, 4, 7, 11)",ii,E,E,D,621.375,315.0
4972,G,C#,4,D,"(1, 4, 7, 11)",ii,E,E,D,621.5,315.0
4973,G,C#,4,D,"(1, 4, 7, 11)",V7,E,E,D,621.625,315.0
4974,G,C#,4,D,"(1, 4, 7, 11)",V7,E,E,D,621.75,315.0
4975,G,C#,4,D,"(1, 4, 7, 11)",V7,E,E,D,621.875,315.0
4976,A,D,0,D,"(2, 6, 9)",I,D,F#,D,622.0,316.0
4977,A,D,1,D,"(2, 6, 9)",I,D,F#,D,622.125,316.0
4978,A,D,2,D,"(2, 6, 9)",I,D,F#,D,622.25,316.0
4979,A,D,2,D,"(2, 6, 9)",I,D,F#,D,622.375,316.0
4980,A,D,3,D,"(2, 6, 9)",I,D,F#,D,622.5,316.0
4981,A,D,3,D,"(2, 6, 9)",I,D,F#,D,622.625,316.0
4982,A,D,3,D,"(2, 6, 9)",I,D,F#,D,622.75,316.0
4983,A,D,3,D,"(2, 6, 9)",I,D,F#,D,622.875,316.0
4984,A,D,4,D,"(2, 6, 9)",I,D,F#,D,623.0,316.0
4985,A,D,4,D,"(2, 6, 9)",I,D,F#,D,623.125,316.0
4986,A,D,4,D,"(2, 6, 9)",I,D,F#,D,623.25,316.0
4987,A,D,4,D,"(2, 6, 9)",I,D,F#,D,623.375,316.0
4988,A,D,4,D,"(2, 6, 9)",I,D,F#,D,623.5,316.0
4989,A,D,4,D,"(2, 6, 9)",I,D,F#,D,623.625,316.0
4990,A,D,4,D,"(2, 6, 9)",I,D,F#,D,623.75,316.0
4991,A,D,4,D,"(2, 6, 9)",I,D,F#,D,623.875,316.0
4992,A,A,0,D,"(0, 3, 6, 9)",viio7,C,F#,e,624.0,317.0
4993,A,A,1,D,"(0, 3, 6, 9)",viio7,C,F#,e,624.125,317.0
4994,A,A,2,D,"(0, 3, 6, 9)",viio7,C,F#,e,624.25,317.0
4995,A,A,2,D,"(0, 3, 6, 9)",viio7,C,F#,e,624.375,317.0
4996,A,A,3,D,"(0, 3, 6, 9)",viio7,C,F#,e,624.5,317.0
4997,A,A,3,D,"(0, 3, 6, 9)",viio7,C,F#,e,624.625,317.0
4998,A,A,3,D,"(0, 3, 6, 9)",viio7,C,F#,e,624.75,317.0
4999,A,A,3,D,"(0, 3, 6, 9)",viio7,C,F#,e,624.875,317.0
5000,A,A,4,D,"(0, 3, 6, 9)",viio7,C,F#,e,625.0,317.0
5001,A,A,4,D,"(0, 3, 6, 9)",viio7,C,F#,e,625.125,317.0
5002,A,A,4,D,"(0, 3, 6, 9)",viio7,C,F#,e,625.25,317.0
5003,A,A,4,D,"(0, 3, 6, 9)",viio7,C,F#,e,625.375,317.0
5004,A,A,4,D,"(0, 3, 6, 9)",viio7,C,F#,e,625.5,317.0
5005,A,A,4,D,"(0, 3, 6, 9)",viio7,C,F#,e,625.625,317.0
5006,A,A,4,D,"(0, 3, 6, 9)",viio7,C,F#,e,625.75,317.0
5007,A,A,4,D,"(0, 3, 6, 9)",viio7,C,F#,e,625.875,317.0
5008,G,D,0,D,"(2, 4, 7, 11)",V7,E,E,D,626.0,318.0
5009,G,C#,1,D,"(2, 4, 7, 11)",V7,E,E,D,626.125,318.0
5010,G,C#,2,D,"(2, 4, 7, 11)",V7,E,E,D,626.25,318.0
5011,G,C#,2,D,"(2, 4, 7, 11)",V7,E,E,D,626.375,318.0
5012,G,C#,3,D,"(2, 4, 7, 11)",V7,E,E,D,626.5,318.0
5013,G,C#,3,D,"(2, 4, 7, 11)",V7,E,E,D,626.625,318.0
5014,G,C#,3,D,"(2, 4, 7, 11)",V7,E,E,D,626.75,318.0
5015,G,C#,3,D,"(2, 4, 7, 11)",V7,E,E,D,626.875,318.0
5016,G,C#,4,D,"(1, 4, 7, 10)",viio7,G,E,D,627.0,318.0
5017,G,C#,4,D,"(1, 4, 7, 10)",viio7,G,E,D,627.125,318.0
5018,G,C#,4,D,"(1, 4, 7, 10)",viio7,G,E,D,627.25,318.0
5019,G,C#,4,D,"(1, 4, 7, 10)",viio7,G,E,D,627.375,318.0
5020,G,C#,4,D,"(1, 4, 7, 10)",viio7,G,E,D,627.5,318.0
5021,G,C#,4,D,"(1, 4, 7, 10)",viio7,G,E,D,627.625,318.0
5022,G,C#,4,D,"(1, 4, 7, 10)",viio7,G,E,D,627.75,318.0
5023,G,C#,4,D,"(1, 4, 7, 10)",viio7,G,E,D,627.875,318.0
5024,A,D,0,D,"(2, 6, 9)",I,D,F#,D,628.0,319.0
5025,A,D,1,D,"(2, 6, 9)",I,D,F#,D,628.125,319.0
5026,A,D,2,D,"(2, 6, 9)",I,D,F#,D,628.25,319.0
5027,A,D,2,D,"(2, 6, 9)",I,D,F#,D,628.375,319.0
5028,A,D,3,D,"(2, 6, 9)",I,D,F#,D,628.5,319.0
5029,A,D,3,D,"(2, 6, 9)",I,D,F#,D,628.625,319.0
5030,A,D,3,D,"(2, 6, 9)",I,D,F#,D,628.75,319.0
5031,A,D,3,D,"(2, 6, 9)",I,D,F#,D,628.875,319.0
5032,A,D,0,D,"(2, 6, 8, 11)",vi,B,F#,D,629.0,319.0
5033,G#,D,1,D,"(2, 6, 8, 11)",viiø7,B,F#,D,629.125,319.0
5034,G#,D,2,D,"(2, 6, 8, 11)",viiø7,B,F#,D,629.25,319.0
5035,G#,D,2,D,"(2, 6, 8, 11)",viiø7,B,F#,D,629.375,319.0
5036,G#,D,3,D,"(2, 6, 8, 11)",viiø7,B,F#,D,629.5,319.0
5037,G#,D,3,D,"(2, 6, 8, 11)",viiø7,B,F#,D,629.625,319.0
5038,G#,D,3,D,"(2, 6, 8, 11)",viiø7,B,F#,D,629.75,319.0
5039,G#,D,3,D,"(2, 6, 8, 11)",viiø7,B,F#,D,629.875,319.0
5040,E,A,0,D,"(1, 4, 9)",V,A,C#,D,630.0,320.0
5041,E,A,1,D,"(1, 4, 9)",V,A,C#,D,630.125,320.0
5042,E,A,2,D,"(1, 4, 9)",V,A,C#,D,630.25,320.0
5043,E,A,2,D,"(1, 4, 9)",V,A,C#,D,630.375,320.0
5044,E,A,3,D,"(1, 4, 9)",V,A,C#,D,630.5,320.0
5045,E,A,3,D,"(1, 4, 9)",V,A,C#,D,630.625,320.0
5046,E,A,3,D,"(1, 4, 9)",V,A,C#,D,630.75,320.0
5047,E,A,3,D,"(1, 4, 9)",V,A,C#,D,630.875,320.0
5048,E,A,4,D,"(1, 4, 9)",V,A,C#,D,631.0,320.0
5049,E,A,4,D,"(1, 4, 9)",V,A,C#,D,631.125,320.0
5050,E,A,4,D,"(1, 4, 9)",V,A,C#,D,631.25,320.0
5051,E,A,4,D,"(1, 4, 9)",V,A,C#,D,631.375,320.0
5052,E,A,4,D,"(1, 4, 9)",V,A,C#,D,631.5,320.0
5053,E,A,4,D,"(1, 4, 9)",V,A,C#,D,631.625,320.0
5054,E,A,4,D,"(1, 4, 9)",V,A,C#,D,631.75,320.0
5055,E,A,4,D,"(1, 4, 9)",V,A,C#,D,631.875,320.0
5056,E,A,0,D,"(1, 4, 7, 9)",V7,A,C#,D,632.0,321.0
5057,E,A,1,D,"(1, 4, 7, 9)",V7,A,C#,D,632.125,321.0
5058,E,A,2,D,"(1, 4, 7, 9)",V7,A,C#,D,632.25,321.0
5059,E,A,2,D,"(1, 4, 7, 9)",V7,A,C#,D,632.375,321.0
5060,E,A,3,D,"(1, 4, 7, 9)",V7,A,C#,D,632.5,321.0
5061,E,A,3,D,"(1, 4, 7, 9)",V7,A,C#,D,632.625,321.0
5062,E,A,3,D,"(1, 4, 7, 9)",V7,A,C#,D,632.75,321.0
5063,E,A,3,D,"(1, 4, 7, 9)",V7,A,C#,D,632.875,321.0
5064,E,A,4,D,"(1, 4, 7, 9)",V7,G,C#,D,633.0,321.0
5065,E,A,4,D,"(1, 4, 7, 9)",V7,G,C#,D,633.125,321.0
5066,E,A,4,D,"(1, 4, 7, 9)",V7,G,C#,D,633.25,321.0
5067,E,A,4,D,"(1, 4, 7, 9)",V7,G,C#,D,633.375,321.0
5068,E,A,4,D,"(1, 4, 7, 9)",V7,G,C#,D,633.5,321.0
5069,E,A,4,D,"(1, 4, 7, 9)",V7,G,C#,D,633.625,321.0
5070,E,A,4,D,"(1, 4, 7, 9)",V7,G,C#,D,633.75,321.0
5071,E,A,4,D,"(1, 4, 7, 9)",V7,G,C#,D,633.875,321.0
5072,F#,A,0,D,"(2, 6, 9)",I,D,D,D,634.0,322.0
5073,F#,A,1,D,"(2, 6, 9)",I,D,D,D,634.125,322.0
5074,F#,A,2,D,"(2, 6, 9)",I,D,D,D,634.25,322.0
5075,F#,A,2,D,"(2, 6, 9)",I,D,D,D,634.375,322.0
5076,F#,A,3,D,"(2, 6, 9)",I,D,D,D,634.5,322.0
5077,F#,A,3,D,"(2, 6, 9)",I,D,D,D,634.625,322.0
5078,F#,A,3,D,"(2, 6, 9)",I,D,D,D,634.75,322.0
5079,F#,A,3,D,"(2, 6, 9)",I,D,D,D,634.875,322.0
5080,F#,A,4,D,"(2, 6, 9)",I,D,D,D,635.0,322.0
5081,F#,A,4,D,"(2, 6, 9)",I,D,D,D,635.125,322.0
5082,F#,A,4,D,"(2, 6, 9)",I,D,D,D,635.25,322.0
5083,F#,A,4,D,"(2, 6, 9)",I,D,D,D,635.375,322.0
5084,F#,A,4,D,"(2, 6, 9)",I,D,D,D,635.5,322.0
5085,F#,A,4,D,"(2, 6, 9)",I,D,D,D,635.625,322.0
5086,F#,A,4,D,"(2, 6, 9)",I,D,D,D,635.75,322.0
5087,F#,A,4,D,"(2, 6, 9)",I,D,D,D,635.875,322.0
5088,E,A,0,D,"(1, 4, 7, 9)",V7,G,C#,D,636.0,323.0
5089,E,A,1,D,"(1, 4, 7, 9)",V7,G,C#,D,636.125,323.0
5090,E,A,2,D,"(1, 4, 7, 9)",V7,G,C#,D,636.25,323.0
5091,E,A,2,D,"(1, 4, 7, 9)",V7,G,C#,D,636.375,323.0
5092,E,A,3,D,"(1, 4, 7, 9)",V7,G,C#,D,636.5,323.0
5093,E,A,3,D,"(1, 4, 7, 9)",V7,G,C#,D,636.625,323.0
5094,E,A,3,D,"(1, 4, 7, 9)",V7,G,C#,D,636.75,323.0
5095,E,A,3,D,"(1, 4, 7, 9)",V7,G,C#,D,636.875,323.0
5096,E,A,4,D,"(1, 4, 7, 9)",V7,G,C#,D,637.0,323.0
5097,E,A,4,D,"(1, 4, 7, 9)",V7,G,C#,D,637.125,323.0
5098,E,A,4,D,"(1, 4, 7, 9)",V7,G,C#,D,637.25,323.0
5099,E,A,4,D,"(1, 4, 7, 9)",V7,G,C#,D,637.375,323.0
5100,E,A,4,D,"(1, 4, 7, 9)",V7,G,C#,D,637.5,323.0
5101,E,A,4,D,"(1, 4, 7, 9)",V7,G,C#,D,637.625,323.0
5102,E,A,4,D,"(1, 4, 7, 9)",V7,G,C#,D,637.75,323.0
5103,E,A,4,D,"(1, 4, 7, 9)",V7,G,C#,D,637.875,323.0
5104,F#,A,0,D,"(2, 6, 9)",I,D,D,D,638.0,324.0
5105,F#,A,1,D,"(2, 6, 9)",I,D,D,D,638.125,324.0
5106,F#,A,2,D,"(2, 6, 9)",I,D,D,D,638.25,324.0
5107,F#,A,2,D,"(2, 6, 9)",I,D,D,D,638.375,324.0
5108,F#,A,3,D,"(2, 6, 9)",I,D,D,D,638.5,324.0
5109,F#,A,3,D,"(2, 6, 9)",I,D,D,D,638.625,324.0
5110,F#,A,3,D,"(2, 6, 9)",I,D,D,D,638.75,324.0
5111,F#,A,3,D,"(2, 6, 9)",I,D,D,D,638.875,324.0
5112,F#,A,4,D,"(2, 6, 9)",I,D,D,D,639.0,324.0
5113,F#,A,4,D,"(2, 6, 9)",I,D,D,D,639.125,324.0
5114,F#,A,4,D,"(2, 6, 9)",I,D,D,D,639.25,324.0
5115,F#,A,4,D,"(2, 6, 9)",I,D,D,D,639.375,324.0
5116,F#,A,4,D,"(2, 6, 9)",I,D,D,D,639.5,324.0
5117,F#,A,4,D,"(2, 6, 9)",I,D,D,D,639.625,324.0
5118,F#,A,4,D,"(2, 6, 9)",I,D,D,D,639.75,324.0
5119,F#,D,4,D,"(2, 6, 9)",I,D,D,D,639.875,324.0
5120,E,A,0,D,"(1, 4, 7, 9)",V7,G,C#,D,640.0,325.0
5121,E,A,1,D,"(1, 4, 7, 9)",V7,G,C#,D,640.125,325.0
5122,E,A,2,D,"(1, 4, 7, 9)",V7,G,C#,D,640.25,325.0
5123,E,A,2,D,"(1, 4, 7, 9)",V7,G,C#,D,640.375,325.0
5124,E,A,3,D,"(1, 4, 7, 9)",V7,G,C#,D,640.5,325.0
5125,E,A,3,D,"(1, 4, 7, 9)",V7,G,C#,D,640.625,325.0
5126,E,A,3,D,"(1, 4, 7, 9)",V7,G,C#,D,640.75,325.0
5127,E,A,3,D,"(1, 4, 7, 9)",V7,G,C#,D,640.875,325.0
5128,E,A,4,D,"(1, 4, 7, 9)",V7,G,C#,D,641.0,325.0
5129,E,A,4,D,"(1, 4, 7, 9)",V7,G,C#,D,641.125,325.0
5130,E,A,4,D,"(1, 4, 7, 9)",V7,G,C#,D,641.25,325.0
5131,E,A,4,D,"(1, 4, 7, 9)",V7,G,C#,D,641.375,325.0
5132,E,A,4,D,"(1, 4, 7, 9)",V7,G,C#,D,641.5,325.0
5133,E,A,4,D,"(1, 4, 7, 9)",V7,G,C#,D,641.625,325.0
5134,E,A,4,D,"(1, 4, 7, 9)",V7,G,C#,D,641.75,325.0
5135,E,A,4,D,"(1, 4, 7, 9)",V7,G,C#,D,641.875,325.0
5136,F#,A,0,D,"(2, 6, 9)",I,D,D,D,642.0,326.0
5137,F#,A,1,D,"(2, 6, 9)",I,D,D,D,642.125,326.0
5138,F#,A,2,D,"(2, 6, 9)",I,D,D,D,642.25,326.0
5139,F#,A,2,D,"(2, 6, 9)",I,D,D,D,642.375,326.0
5140,F#,A,3,D,"(2, 6, 9)",I,D,D,D,642.5,326.0
5141,F#,A,3,D,"(2, 6, 9)",I,D,D,D,642.625,326.0
5142,F#,A,3,D,"(2, 6, 9)",I,D,D,D,642.75,326.0
5143,F#,A,3,D,"(2, 6, 9)",I,D,D,D,642.875,326.0
5144,F#,A,4,D,"(2, 6, 9)",I,D,D,D,643.0,326.0
5145,F#,A,4,D,"(2, 6, 9)",I,D,D,D,643.125,326.0
5146,F#,A,4,D,"(2, 6, 9)",I,D,D,D,643.25,326.0
5147,F#,A,4,D,"(2, 6, 9)",I,D,D,D,643.375,326.0
5148,F#,A,4,D,"(2, 6, 9)",I,D,D,D,643.5,326.0
5149,F#,A,4,D,"(2, 6, 9)",I,D,D,D,643.625,326.0
5150,F#,A,4,D,"(2, 6, 9)",I,D,D,D,643.75,326.0
5151,F#,A,4,D,"(2, 6, 9)",I,D,D,D,643.875,326.0
5152,E,A,0,D,"(1, 4, 7, 9)",I,G,C#,D,644.0,327.0
5153,E,A,1,D,"(1, 4, 7, 9)",V7,G,C#,D,644.125,327.0
5154,E,A,2,D,"(1, 4, 7, 9)",V7,G,C#,D,644.25,327.0
5155,E,A,2,D,"(1, 4, 7, 9)",V7,G,C#,D,644.375,327.0
5156,E,A,3,D,"(1, 4, 7, 9)",V7,G,C#,D,644.5,327.0
5157,E,A,3,D,"(1, 4, 7, 9)",V7,G,C#,D,644.625,327.0
5158,E,A,3,D,"(1, 4, 7, 9)",V7,G,C#,D,644.75,327.0
5159,E,A,3,D,"(1, 4, 7, 9)",V7,G,C#,D,644.875,327.0
5160,E,A,0,D,"(1, 4, 7, 9)",V7,G,C#,D,645.0,327.0
5161,E,A,1,D,"(1, 4, 7, 9)",V7,G,C#,D,645.125,327.0
5162,E,A,4,D,"(1, 4, 7, 9)",V7,G,C#,D,645.25,327.0
5163,E,A,4,D,"(1, 4, 7, 9)",V7,G,C#,D,645.375,327.0
5164,E,A,3,D,"(1, 4, 7, 9)",V7,G,C#,D,645.5,327.0
5165,E,A,3,D,"(1, 4, 7, 9)",V7,G,C#,D,645.625,327.0
5166,E,A,3,D,"(1, 4, 7, 9)",V7,G,C#,D,645.75,327.0
5167,E,A,3,D,"(1, 4, 7, 9)",V7,G,C#,D,645.875,327.0
5168,A,D,0,D,"(2, 6, 9)",I,D,F#,D,646.0,328.0
5169,A,D,1,D,"(2, 6, 9)",I,D,F#,D,646.125,328.0
5170,A,D,2,D,"(2, 6, 9)",I,D,F#,D,646.25,328.0
5171,A,D,2,D,"(2, 6, 9)",I,D,F#,D,646.375,328.0
5172,A,D,3,D,"(2, 6, 9)",I,D,F#,D,646.5,328.0
5173,A,D,3,D,"(2, 6, 9)",I,D,F#,D,646.625,328.0
5174,A,D,3,D,"(2, 6, 9)",I,D,F#,D,646.75,328.0
5175,A,D,3,D,"(2, 6, 9)",I,D,F#,D,646.875,328.0
5176,A,D,4,D,"(2, 6, 9)",I,D,F#,D,647.0,328.0
5177,A,D,4,D,"(2, 6, 9)",I,D,F#,D,647.125,328.0
5178,A,D,4,D,"(2, 6, 9)",I,D,F#,D,647.25,328.0
5179,A,D,4,D,"(2, 6, 9)",I,D,F#,D,647.375,328.0
5180,A,D,4,D,"(2, 6, 9)",I,D,F#,D,647.5,328.0
5181,A,D,4,D,"(2, 6, 9)",I,D,F#,D,647.625,328.0
5182,A,D,4,D,"(2, 6, 9)",I,D,F#,D,647.75,328.0
5183,A,D,4,D,"(2, 6, 9)",I,D,F#,D,647.875,328.0
5184,A,A,0,D,"(2, 6, 9)",I,D,F#,D,648.0,329.0
5185,A,A,1,D,"(2, 6, 9)",I,D,F#,D,648.125,329.0
5186,A,A,2,D,"(2, 6, 9)",I,D,F#,D,648.25,329.0
5187,A,A,2,D,"(2, 6, 9)",I,D,F#,D,648.375,329.0
5188,A,A,3,D,"(2, 6, 9)",I,D,F#,D,648.5,329.0
5189,A,A,3,D,"(2, 6, 9)",I,D,F#,D,648.625,329.0
5190,A,A,3,D,"(2, 6, 9)",I,D,F#,D,648.75,329.0
5191,A,A,3,D,"(2, 6, 9)",I,D,F#,D,648.875,329.0
5192,E,A,0,D,"(1, 4, 7, 9)",V7,G,C#,D,649.0,329.0
5193,E,A,1,D,"(1, 4, 7, 9)",V7,G,C#,D,649.125,329.0
5194,E,A,2,D,"(1, 4, 7, 9)",V7,G,C#,D,649.25,329.0
5195,E,A,2,D,"(1, 4, 7, 9)",V7,G,C#,D,649.375,329.0
5196,E,A,3,D,"(1, 4, 7, 9)",V7,G,C#,D,649.5,329.0
5197,E,A,3,D,"(1, 4, 7, 9)",V7,G,C#,D,649.625,329.0
5198,E,A,3,D,"(1, 4, 7, 9)",V7,G,C#,D,649.75,329.0
5199,E,A,3,D,"(1, 4, 7, 9)",V7,G,C#,D,649.875,329.0
5200,A,F#,0,D,"(2, 6, 9)",I,D,A,D,650.0,330.0
5201,A,F#,1,D,"(2, 6, 9)",I,D,A,D,650.125,330.0
5202,A,F#,2,D,"(2, 6, 9)",I,D,A,D,650.25,330.0
5203,A,F#,2,D,"(2, 6, 9)",I,D,A,D,650.375,330.0
5204,A,F#,3,D,"(2, 6, 9)",I,D,A,D,650.5,330.0
5205,A,F#,3,D,"(2, 6, 9)",I,D,A,D,650.625,330.0
5206,A,F#,3,D,"(2, 6, 9)",I,D,A,D,650.75,330.0
5207,A,F#,3,D,"(2, 6, 9)",I,D,A,D,650.875,330.0
5208,A,F#,4,D,"(2, 6, 9)",V7,D,A,D,651.0,330.0
5209,A,F#,4,D,"(2, 6, 9)",V7,D,A,D,651.125,330.0
5210,A,F#,4,D,"(2, 6, 9)",V7,D,A,D,651.25,330.0
5211,A,F#,4,D,"(2, 6, 9)",V7,D,A,D,651.375,330.0
5212,A,F#,4,D,"(0, 2, 6, 9)",V7,D,A,D,651.5,330.0
5213,A,F#,4,D,"(0, 2, 6, 9)",V7,D,A,D,651.625,330.0
5214,A,F#,4,D,"(0, 2, 6, 9)",V7,D,A,D,651.75,330.0
5215,A,F#,4,D,"(0, 2, 6, 9)",V7,D,A,D,651.875,330.0
5216,D,G,0,D,"(2, 7, 11)",IV,G,B,D,652.0,331.0
5217,D,G,1,D,"(2, 7, 11)",IV,G,B,D,652.125,331.0
5218,D,G,2,D,"(2, 7, 11)",IV,G,B,D,652.25,331.0
5219,D,G,2,D,"(2, 7, 11)",IV,G,B,D,652.375,331.0
5220,D,G,3,D,"(2, 7, 11)",IV,G,B,D,652.5,331.0
5221,D,G,3,D,"(2, 7, 11)",IV,G,B,D,652.625,331.0
5222,D,G,3,D,"(2, 7, 11)",IV,G,B,D,652.75,331.0
5223,D,G,3,D,"(2, 7, 11)",IV,G,B,D,652.875,331.0
5224,D,G,4,D,"(2, 7, 11)",IV,G,B,D,653.0,331.0
5225,D,G,4,D,"(2, 7, 11)",IV,G,B,D,653.125,331.0
5226,D,G,4,D,"(2, 7, 11)",IV,G,B,D,653.25,331.0
5227,D,G,4,D,"(2, 7, 11)",IV,G,B,D,653.375,331.0
5228,D,G,4,D,"(2, 7, 11)",IV,G,B,D,653.5,331.0
5229,D,G,4,D,"(2, 7, 11)",IV,G,B,D,653.625,331.0
5230,D,G,4,D,"(2, 7, 11)",IV,G,B,D,653.75,331.0
5231,D,G,4,D,"(2, 7, 11)",IV,G,B,D,653.875,331.0
5232,A,D,0,D,"(2, 6, 9)",I,D,F#,D,654.0,332.0
5233,A,D,1,D,"(2, 6, 9)",I,D,F#,D,654.125,332.0
5234,A,D,2,D,"(2, 6, 9)",I,D,F#,D,654.25,332.0
5235,A,D,2,D,"(2, 6, 9)",I,D,F#,D,654.375,332.0
5236,A,D,3,D,"(2, 6, 9)",I,D,F#,D,654.5,332.0
5237,A,D,3,D,"(2, 6, 9)",I,D,F#,D,654.625,332.0
5238,A,D,3,D,"(2, 6, 9)",I,D,F#,D,654.75,332.0
5239,A,D,3,D,"(2, 6, 9)",I,D,F#,D,654.875,332.0
5240,A,D,4,D,"(2, 6, 9)",I,D,F#,D,655.0,332.0
5241,A,D,4,D,"(2, 6, 9)",I,D,F#,D,655.125,332.0
5242,A,D,4,D,"(2, 6, 9)",I,D,F#,D,655.25,332.0
5243,A,D,4,D,"(2, 6, 9)",I,D,F#,D,655.375,332.0
5244,A,D,4,D,"(2, 6, 9)",I,D,F#,D,655.5,332.0
5245,A,D,4,D,"(2, 6, 9)",I,D,F#,D,655.625,332.0
5246,A,D,4,D,"(2, 6, 9)",I,D,F#,D,655.75,332.0
5247,A,D,4,D,"(2, 6, 9)",I,D,F#,D,655.875,332.0
5248,F#,A,0,D,"(2, 6, 9)",I,D,D,D,656.0,333.0
5249,F#,A,1,D,"(2, 6, 9)",I,D,D,D,656.125,333.0
5250,F#,A,2,D,"(2, 6, 9)",I,D,D,D,656.25,333.0
5251,F#,A,2,D,"(2, 6, 9)",I,D,D,D,656.375,333.0
5252,F#,A,3,D,"(2, 6, 9)",I,D,D,D,656.5,333.0
5253,F#,A,3,D,"(2, 6, 9)",I,D,D,D,656.625,333.0
5254,F#,A,3,D,"(2, 6, 9)",I,D,D,D,656.75,333.0
5255,F#,A,3,D,"(2, 6, 9)",I,D,D,D,656.875,333.0
5256,F#,A,4,D,"(2, 6, 9)",I,D,D,D,657.0,333.0
5257,F#,A,4,D,"(2, 6, 9)",I,D,D,D,657.125,333.0
5258,F#,A,4,D,"(2, 6, 9)",I,D,D,D,657.25,333.0
5259,F#,A,4,D,"(2, 6, 9)",I,D,D,D,657.375,333.0
5260,F#,A,4,D,"(2, 6, 9)",I,D,D,D,657.5,333.0
5261,F#,A,4,D,"(2, 6, 9)",I,D,D,D,657.625,333.0
5262,F#,A,4,D,"(2, 6, 9)",I,D,D,D,657.75,333.0
5263,F#,A,4,D,"(2, 6, 9)",I,D,D,D,657.875,333.0
5264,E,A,0,D,"(1, 4, 7, 9)",V7,G,C#,D,658.0,334.0
5265,E,A,1,D,"(1, 4, 7, 9)",V7,G,C#,D,658.125,334.0
5266,E,A,2,D,"(1, 4, 7, 9)",V7,G,C#,D,658.25,334.0
5267,E,A,2,D,"(1, 4, 7, 9)",V7,G,C#,D,658.375,334.0
5268,E,A,3,D,"(1, 4, 7, 9)",V7,G,C#,D,658.5,334.0
5269,E,A,3,D,"(1, 4, 7, 9)",V7,G,C#,D,658.625,334.0
5270,E,A,3,D,"(1, 4, 7, 9)",V7,G,C#,D,658.75,334.0
5271,E,A,3,D,"(1, 4, 7, 9)",V7,G,C#,D,658.875,334.0
5272,E,A,4,D,"(1, 4, 7, 9)",V7,G,C#,D,659.0,334.0
5273,E,A,4,D,"(1, 4, 7, 9)",V7,G,C#,D,659.125,334.0
5274,E,A,4,D,"(1, 4, 7, 9)",V7,G,C#,D,659.25,334.0
5275,E,A,4,D,"(1, 4, 7, 9)",V7,G,C#,D,659.375,334.0
5276,E,A,4,D,"(1, 4, 7, 9)",V7,G,C#,D,659.5,334.0
5277,E,A,4,D,"(1, 4, 7, 9)",V7,G,C#,D,659.625,334.0
5278,E,A,4,D,"(1, 4, 7, 9)",V7,G,C#,D,659.75,334.0
5279,E,A,4,D,"(1, 4, 7, 9)",V7,G,C#,D,659.875,334.0
5280,A,D,0,D,"(2, 6, 9)",I,D,F#,D,660.0,335.0
5281,A,D,1,D,"(2, 6, 9)",I,D,F#,D,660.125,335.0
5282,A,D,2,D,"(2, 6, 9)",I,D,F#,D,660.25,335.0
5283,A,D,2,D,"(2, 6, 9)",I,D,F#,D,660.375,335.0
5284,A,D,3,D,"(2, 6, 9)",I,D,F#,D,660.5,335.0
5285,A,D,3,D,"(2, 6, 9)",I,D,F#,D,660.625,335.0
5286,A,D,3,D,"(2, 6, 9)",I,D,F#,D,660.75,335.0
5287,A,D,3,D,"(2, 6, 9)",I,D,F#,D,660.875,335.0
5288,A,D,4,D,"(2, 6, 9)",I,D,F#,D,661.0,335.0
5289,A,D,4,D,"(2, 6, 9)",I,D,F#,D,661.125,335.0
5290,A,D,4,D,"(2, 6, 9)",I,D,F#,D,661.25,335.0
5291,A,D,4,D,"(2, 6, 9)",I,D,F#,D,661.375,335.0
5292,A,D,4,D,"(2, 6, 9)",I,D,F#,D,661.5,335.0
5293,A,D,4,D,"(2, 6, 9)",I,D,F#,D,661.625,335.0
5294,A,D,4,D,"(2, 6, 9)",I,D,F#,D,661.75,335.0
5295,A,D,4,D,"(2, 6, 9)",I,D,F#,D,661.875,335.0
5296,E,A,0,D,"(1, 4, 9)",V,A,C#,D,662.0,336.0
5297,E,A,1,D,"(1, 4, 9)",V,A,C#,D,662.125,336.0
5298,E,A,2,D,"(1, 4, 9)",V,A,C#,D,662.25,336.0
5299,E,A,2,D,"(1, 4, 9)",V,A,C#,D,662.375,336.0
5300,E,A,3,D,"(1, 4, 9)",V,A,C#,D,662.5,336.0
5301,E,A,3,D,"(1, 4, 9)",V,A,C#,D,662.625,336.0
5302,E,A,3,D,"(1, 4, 9)",V,A,C#,D,662.75,336.0
5303,E,A,3,D,"(1, 4, 9)",V,A,C#,D,662.875,336.0
5304,E,A,4,D,"(1, 4, 9)",V,A,C#,D,663.0,336.0
5305,E,A,4,D,"(1, 4, 9)",V,A,C#,D,663.125,336.0
5306,E,A,4,D,"(1, 4, 9)",V,A,C#,D,663.25,336.0
5307,E,A,4,D,"(1, 4, 9)",V,A,C#,D,663.375,336.0
5308,E,A,4,D,"(1, 4, 9)",V,A,C#,D,663.5,336.0
5309,E,A,4,D,"(1, 4, 9)",V,A,C#,D,663.625,336.0
5310,E,A,4,D,"(1, 4, 9)",V,A,C#,D,663.75,336.0
5311,E,A,4,D,"(1, 4, 9)",V,A,C#,D,663.875,336.0
5312,E,A,0,D,"(1, 4, 9)",V,A,C#,D,664.0,337.0
5313,E,A,1,D,"(1, 4, 9)",V,A,C#,D,664.125,337.0
5314,E,A,2,D,"(1, 4, 9)",V,A,C#,D,664.25,337.0
5315,E,A,2,D,"(1, 4, 9)",V,A,C#,D,664.375,337.0
5316,E,A,3,D,"(1, 4, 9)",V,A,C#,D,664.5,337.0
5317,E,A,3,D,"(1, 4, 9)",V,A,C#,D,664.625,337.0
5318,E,A,3,D,"(1, 4, 9)",V,A,C#,D,664.75,337.0
5319,E,A,3,D,"(1, 4, 9)",V,A,C#,D,664.875,337.0
5320,E,A,4,D,"(1, 4, 7, 9)",V7,A,C#,D,665.0,337.0
5321,E,A,4,D,"(1, 4, 7, 9)",V7,A,C#,D,665.125,337.0
5322,E,A,4,D,"(1, 4, 7, 9)",V7,G,C#,D,665.25,337.0
5323,E,A,4,D,"(1, 4, 7, 9)",V7,G,C#,D,665.375,337.0
5324,E,A,4,D,"(1, 4, 7, 9)",V7,A,C#,D,665.5,337.0
5325,E,A,4,D,"(1, 4, 7, 9)",V7,A,C#,D,665.625,337.0
5326,E,A,4,D,"(1, 4, 7, 9)",V7,A,C#,D,665.75,337.0
5327,E,A,4,D,"(1, 4, 7, 9)",V7,A,C#,D,665.875,337.0
5328,A,D,0,D,"(2, 6, 9)",I,D,F#,D,666.0,338.0
5329,A,D,1,D,"(2, 6, 9)",I,D,F#,D,666.125,338.0
5330,A,D,2,D,"(2, 6, 9)",I,D,F#,D,666.25,338.0
5331,A,D,2,D,"(2, 6, 9)",I,D,F#,D,666.375,338.0
5332,A,D,3,D,"(2, 6, 9)",I,D,F#,D,666.5,338.0
5333,A,D,3,D,"(2, 6, 9)",I,D,F#,D,666.625,338.0
5334,A,D,3,D,"(2, 6, 9)",I,D,F#,D,666.75,338.0
5335,A,D,3,D,"(2, 6, 9)",I,D,F#,D,666.875,338.0
5336,A,D,4,D,"(2, 6, 9)",I,D,F#,D,667.0,338.0
5337,A,D,4,D,"(2, 6, 9)",I,D,F#,D,667.125,338.0
5338,A,D,4,D,"(2, 6, 9)",I,D,F#,D,667.25,338.0
5339,A,D,4,D,"(2, 6, 9)",I,D,F#,D,667.375,338.0
5340,A,D,4,D,"(2, 6, 9)",I,D,F#,D,667.5,338.0
5341,A,D,4,D,"(2, 6, 9)",I,D,F#,D,667.625,338.0
5342,A,D,4,D,"(2, 6, 9)",I,D,F#,D,667.75,338.0
5343,A,D,4,D,"(2, 6, 9)",I,D,F#,D,667.875,338.0
5344,G,C#,0,D,"(1, 4, 7, 9)",V7,A,E,D,668.0,339.0
5345,G,C#,1,D,"(1, 4, 7, 9)",V7,A,E,D,668.125,339.0
5346,G,C#,2,D,"(1, 4, 7, 9)",V7,A,E,D,668.25,339.0
5347,G,C#,2,D,"(1, 4, 7, 9)",V7,A,E,D,668.375,339.0
5348,G,C#,3,D,"(1, 4, 7, 9)",V7,A,E,D,668.5,339.0
5349,G,C#,3,D,"(1, 4, 7, 9)",V7,A,E,D,668.625,339.0
5350,G,C#,3,D,"(1, 4, 7, 9)",V7,A,E,D,668.75,339.0
5351,G,C#,3,D,"(1, 4, 7, 9)",V7,A,E,D,668.875,339.0
5352,E,C#,4,D,"(1, 4, 7, 9)",V7,A,E,D,669.0,339.0
5353,G,C#,4,D,"(1, 4, 7, 9)",V7,A,E,D,669.125,339.0
5354,G,C#,4,D,"(1, 4, 7, 9)",V7,A,E,D,669.25,339.0
5355,E,C#,4,D,"(1, 4, 7, 9)",V7,A,E,D,669.375,339.0
5356,E,C#,4,D,"(1, 4, 7, 9)",V7,A,E,D,669.5,339.0
5357,G,C#,4,D,"(1, 4, 7, 9)",V7,A,E,D,669.625,339.0
5358,E,C#,4,D,"(1, 4, 7, 9)",V7,A,E,D,669.75,339.0
5359,E,C#,4,D,"(1, 4, 7, 9)",V7,A,E,D,669.875,339.0
5360,A,D,0,D,"(2, 6, 9)",I,D,F#,D,670.0,340.0
5361,A,D,1,D,"(2, 6, 9)",I,D,F#,D,670.125,340.0
5362,A,D,2,D,"(2, 6, 9)",I,D,F#,D,670.25,340.0
5363,A,D,2,D,"(2, 6, 9)",I,D,F#,D,670.375,340.0
5364,A,D,3,D,"(2, 6, 9)",I,D,F#,D,670.5,340.0
5365,A,D,3,D,"(2, 6, 9)",I,D,F#,D,670.625,340.0
5366,A,D,3,D,"(2, 6, 9)",I,D,F#,D,670.75,340.0
5367,A,D,3,D,"(2, 6, 9)",I,D,F#,D,670.875,340.0
5368,A,D,4,D,"(2, 6, 9)",I,D,F#,D,671.0,340.0
5369,A,D,4,D,"(2, 6, 9)",I,D,F#,D,671.125,340.0
5370,A,D,4,D,"(2, 6, 9)",I,D,F#,D,671.25,340.0
5371,A,D,4,D,"(2, 6, 9)",I,D,F#,D,671.375,340.0
5372,A,D,4,D,"(2, 6, 9)",I,D,F#,D,671.5,340.0
5373,A,D,4,D,"(2, 6, 9)",I,D,F#,D,671.625,340.0
5374,A,D,4,D,"(2, 6, 9)",I,D,F#,D,671.75,340.0
5375,A,D,4,D,"(2, 6, 9)",I,D,F#,D,671.875,340.0
5376,E,A,0,D,"(1, 4, 9)",V,A,C#,D,672.0,341.0
5377,E,A,1,D,"(1, 4, 9)",V,A,C#,D,672.125,341.0
5378,E,A,2,D,"(1, 4, 9)",V,A,C#,D,672.25,341.0
5379,E,A,2,D,"(1, 4, 9)",V,A,C#,D,672.375,341.0
5380,E,A,3,D,"(1, 4, 9)",V,A,C#,D,672.5,341.0
5381,E,A,3,D,"(1, 4, 9)",V,A,C#,D,672.625,341.0
5382,E,A,3,D,"(1, 4, 9)",V,A,C#,D,672.75,341.0
5383,E,A,3,D,"(1, 4, 9)",V,A,C#,D,672.875,341.0
5384,E,A,4,D,"(1, 4, 7, 9)",V7,A,C#,D,673.0,341.0
5385,E,A,4,D,"(1, 4, 7, 9)",V7,A,C#,D,673.125,341.0
5386,E,A,4,D,"(1, 4, 7, 9)",V7,G,C#,D,673.25,341.0
5387,E,A,4,D,"(1, 4, 7, 9)",V7,G,C#,D,673.375,341.0
5388,E,A,4,D,"(1, 4, 7, 9)",V7,A,C#,D,673.5,341.0
5389,E,A,4,D,"(1, 4, 7, 9)",V7,A,C#,D,673.625,341.0
5390,E,A,4,D,"(1, 4, 7, 9)",V7,A,C#,D,673.75,341.0
5391,E,A,4,D,"(1, 4, 7, 9)",V7,A,C#,D,673.875,341.0
5392,A,D,0,D,"(2, 6, 9)",I,D,F#,D,674.0,342.0
5393,A,D,1,D,"(2, 6, 9)",I,D,F#,D,674.125,342.0
5394,A,D,2,D,"(2, 6, 9)",I,D,F#,D,674.25,342.0
5395,A,D,2,D,"(2, 6, 9)",I,D,F#,D,674.375,342.0
5396,A,D,3,D,"(2, 6, 9)",I,D,F#,D,674.5,342.0
5397,A,D,3,D,"(2, 6, 9)",I,D,F#,D,674.625,342.0
5398,A,D,3,D,"(2, 6, 9)",I,D,F#,D,674.75,342.0
5399,A,D,3,D,"(2, 6, 9)",I,D,F#,D,674.875,342.0
5400,A,D,4,D,"(2, 6, 9)",I,D,F#,D,675.0,342.0
5401,A,D,4,D,"(2, 6, 9)",I,D,F#,D,675.125,342.0
5402,A,D,4,D,"(2, 6, 9)",I,D,F#,D,675.25,342.0
5403,A,D,4,D,"(2, 6, 9)",I,D,F#,D,675.375,342.0
5404,A,D,4,D,"(2, 6, 9)",I,D,F#,D,675.5,342.0
5405,A,D,4,D,"(2, 6, 9)",I,D,F#,D,675.625,342.0
5406,A,D,4,D,"(2, 6, 9)",I,D,F#,D,675.75,342.0
5407,A,D,4,D,"(2, 6, 9)",I,D,F#,D,675.875,342.0
5408,G,C#,0,D,"(1, 4, 7, 9)",V7,A,E,D,676.0,343.0
5409,G,C#,1,D,"(1, 4, 7, 9)",V7,A,E,D,676.125,343.0
5410,G,C#,2,D,"(1, 4, 7, 9)",V7,A,E,D,676.25,343.0
5411,G,C#,2,D,"(1, 4, 7, 9)",V7,A,E,D,676.375,343.0
5412,G,C#,3,D,"(1, 4, 7, 9)",V7,A,E,D,676.5,343.0
5413,G,C#,3,D,"(1, 4, 7, 9)",V7,A,E,D,676.625,343.0
5414,G,C#,3,D,"(1, 4, 7, 9)",V7,A,E,D,676.75,343.0
5415,G,C#,3,D,"(1, 4, 7, 9)",V7,A,E,D,676.875,343.0
5416,G,C#,4,D,"(1, 4, 7, 9)",V7,A,E,D,677.0,343.0
5417,G,C#,4,D,"(1, 4, 7, 9)",V7,A,E,D,677.125,343.0
5418,G,C#,4,D,"(1, 4, 7, 9)",V7,A,E,D,677.25,343.0
5419,G,C#,4,D,"(1, 4, 7, 9)",V7,A,E,D,677.375,343.0
5420,G,C#,4,D,"(1, 4, 7, 9)",V7,A,E,D,677.5,343.0
5421,G,C#,4,D,"(1, 4, 7, 9)",V7,A,E,D,677.625,343.0
5422,G,C#,4,D,"(1, 4, 7, 9)",V7,A,E,D,677.75,343.0
5423,G,C#,4,D,"(1, 4, 7, 9)",V7,A,E,D,677.875,343.0
5424,A,D,0,D,"(2, 6, 9)",I,D,F#,D,678.0,344.0
5425,A,D,1,D,"(2, 6, 9)",I,D,F#,D,678.125,344.0
5426,A,D,2,D,"(2, 6, 9)",I,D,F#,D,678.25,344.0
5427,A,D,2,D,"(2, 6, 9)",I,D,F#,D,678.375,344.0
5428,A,D,3,D,"(2, 6, 9)",I,D,F#,D,678.5,344.0
5429,A,D,3,D,"(2, 6, 9)",I,D,F#,D,678.625,344.0
5430,A,D,3,D,"(2, 6, 9)",I,D,F#,D,678.75,344.0
5431,A,D,3,D,"(2, 6, 9)",I,D,F#,D,678.875,344.0
5432,A,D,4,D,"(2, 6, 9)",I,D,F#,D,679.0,344.0
5433,A,D,4,D,"(2, 6, 9)",I,D,F#,D,679.125,344.0
5434,A,D,4,D,"(2, 6, 9)",I,D,F#,D,679.25,344.0
5435,A,D,4,D,"(2, 6, 9)",I,D,F#,D,679.375,344.0
5436,A,D,4,D,"(2, 6, 9)",I,D,F#,D,679.5,344.0
5437,A,D,4,D,"(2, 6, 9)",I,D,F#,D,679.625,344.0
5438,A,D,4,D,"(2, 6, 9)",I,D,F#,D,679.75,344.0
5439,A,D,4,D,"(2, 6, 9)",I,D,F#,D,679.875,344.0
5440,A,D,0,D,"(2, 6, 9)",I,D,F#,D,680.0,345.0
5441,A,D,1,D,"(2, 6, 9)",I,D,F#,D,680.125,345.0
5442,A,D,2,D,"(2, 6, 9)",I,D,F#,D,680.25,345.0
5443,A,D,2,D,"(2, 6, 9)",I,D,F#,D,680.375,345.0
5444,A,D,3,D,"(2, 6, 9)",I,D,F#,D,680.5,345.0
5445,A,D,3,D,"(2, 6, 9)",I,D,F#,D,680.625,345.0
5446,A,D,3,D,"(2, 6, 9)",I,D,F#,D,680.75,345.0
5447,A,D,3,D,"(2, 6, 9)",I,D,F#,D,680.875,345.0
5448,A,D,4,D,"(2, 6, 9)",I,D,F#,D,681.0,345.0
5449,A,D,4,D,"(2, 6, 9)",I,D,F#,D,681.125,345.0
5450,A,D,4,D,"(2, 6, 9)",I,D,F#,D,681.25,345.0
5451,A,D,4,D,"(2, 6, 9)",I,D,F#,D,681.375,345.0
5452,A,D,4,D,"(2, 6, 9)",I,D,F#,D,681.5,345.0
5453,A,D,4,D,"(2, 6, 9)",I,D,F#,D,681.625,345.0
5454,A,D,4,D,"(2, 6, 9)",I,D,F#,D,681.75,345.0
5455,A,D,4,D,"(2, 6, 9)",I,D,F#,D,681.875,345.0
5456,A,D,5,D,"(2, 6, 9)",I,D,F#,D,682.0,345.0
5457,A,D,5,D,"(2, 6, 9)",I,D,F#,D,682.125,345.0
5458,A,D,5,D,"(2, 6, 9)",I,D,F#,D,682.25,345.0
5459,A,D,5,D,"(2, 6, 9)",I,D,F#,D,682.375,345.0
5460,A,D,5,D,"(2, 6, 9)",V,D,F#,D,682.5,345.0
5461,A,D,5,D,"(2, 6, 9)",V,D,F#,D,682.625,345.0
5462,A,D,5,D,"(2, 6, 9)",V,D,F#,D,682.75,345.0
5463,A,D,5,D,"(2, 6, 9)",V,D,F#,D,682.875,345.0
5464,F#,B,0,D,"(2, 6, 11)",vi,B,D,D,683.0,346.0
5465,F#,B,1,D,"(2, 6, 11)",vi,B,D,D,683.125,346.0
5466,F#,B,2,D,"(2, 6, 11)",vi,B,D,D,683.25,346.0
5467,F#,B,2,D,"(2, 6, 11)",vi,B,D,D,683.375,346.0
5468,F#,B,3,D,"(2, 6, 11)",I,B,D,D,683.5,346.0
5469,F#,B,3,D,"(2, 6, 11)",I,B,D,D,683.625,346.0
5470,F#,B,3,D,"(2, 6, 11)",I,B,D,D,683.75,346.0
5471,F#,B,3,D,"(2, 6, 11)",I,B,D,D,683.875,346.0
5472,F#,B,4,D,"(2, 6, 11)",I,B,D,D,684.0,346.0
5473,F#,B,4,D,"(2, 6, 11)",I,B,D,D,684.125,346.0
5474,F#,B,4,D,"(2, 6, 11)",I,B,D,D,684.25,346.0
5475,F#,B,4,D,"(2, 6, 11)",I,B,D,D,684.375,346.0
5476,F#,B,4,D,"(2, 6, 11)",I,B,D,D,684.5,346.0
5477,F#,B,4,D,"(2, 6, 11)",I,B,D,D,684.625,346.0
5478,F#,B,4,D,"(2, 6, 11)",I,B,D,D,684.75,346.0
5479,F#,B,4,D,"(2, 6, 11)",I,B,D,D,684.875,346.0
5480,F#,B,5,D,"(2, 6, 11)",vi,B,D,D,685.0,346.0
5481,F#,B,5,D,"(2, 6, 11)",vi,B,D,D,685.125,346.0
5482,F#,B,5,D,"(2, 6, 11)",vi,B,D,D,685.25,346.0
5483,F#,B,5,D,"(2, 6, 11)",vi,B,D,D,685.375,346.0
5484,F#,B,5,D,"(2, 6, 9)",I,B,D,D,685.5,346.0
5485,F#,B,5,D,"(2, 6, 9)",I,B,D,D,685.625,346.0
5486,F#,B,5,D,"(2, 6, 9)",I,B,D,D,685.75,346.0
5487,F#,B,5,D,"(2, 6, 9)",I,B,D,D,685.875,346.0
5488,D,G,0,D,"(2, 7, 11)",IV,G,B,D,686.0,347.0
5489,D,G,1,D,"(2, 7, 11)",IV,G,B,D,686.125,347.0
5490,D,G,2,D,"(2, 7, 11)",IV,G,B,D,686.25,347.0
5491,D,G,2,D,"(2, 7, 11)",IV,G,B,D,686.375,347.0
5492,D,G,3,D,"(2, 7, 11)",IV,G,B,D,686.5,347.0
5493,D,G,3,D,"(2, 7, 11)",IV,G,B,D,686.625,347.0
5494,D,G,3,D,"(2, 7, 11)",IV,G,B,D,686.75,347.0
5495,D,G,3,D,"(2, 7, 11)",IV,G,B,D,686.875,347.0
5496,D,G,4,D,"(2, 7, 11)",IV,G,B,D,687.0,347.0
5497,D,G,4,D,"(2, 7, 11)",IV,G,B,D,687.125,347.0
5498,D,G,4,D,"(2, 7, 11)",IV,G,B,D,687.25,347.0
5499,D,G,4,D,"(2, 7, 11)",IV,G,B,D,687.375,347.0
5500,D,G,4,D,"(2, 7, 11)",ii,G,B,D,687.5,347.0
5501,D,G,4,D,"(2, 7, 11)",ii,G,B,D,687.625,347.0
5502,D,G,4,D,"(2, 7, 11)",ii,G,B,D,687.75,347.0
5503,D,G,4,D,"(2, 7, 11)",ii,G,B,D,687.875,347.0
5504,D,G,5,D,"(2, 7, 11)",IV,G,B,D,688.0,347.0
5505,D,G,5,D,"(2, 7, 11)",IV,G,B,D,688.125,347.0
5506,D,G,5,D,"(2, 7, 11)",IV,G,B,D,688.25,347.0
5507,D,G,5,D,"(2, 7, 11)",IV,G,B,D,688.375,347.0
5508,D,G,5,D,"(2, 7, 11)",IV,G,B,D,688.5,347.0
5509,D,G,5,D,"(2, 7, 11)",IV,G,B,D,688.625,347.0
5510,D,G,5,D,"(2, 7, 11)",IV,G,B,D,688.75,347.0
5511,D,G,5,D,"(2, 7, 11)",IV,G,B,D,688.875,347.0
5512,D,G,0,D,"(2, 6, 9)",I,G,A,D,689.0,348.0
5513,D,G,1,D,"(2, 6, 9)",I,G,A,D,689.125,348.0
5514,D,G,2,D,"(2, 6, 9)",I,G,A,D,689.25,348.0
5515,D,G,2,D,"(2, 6, 9)",I,G,A,D,689.375,348.0
5516,D,G,3,D,"(2, 6, 9)",I,G,A,D,689.5,348.0
5517,D,G,3,D,"(2, 6, 9)",I,G,A,D,689.625,348.0
5518,D,G,3,D,"(2, 6, 9)",I,G,A,D,689.75,348.0
5519,D,G,3,D,"(2, 6, 9)",I,G,A,D,689.875,348.0
5520,D,G,4,D,"(2, 6, 9)",I,G,A,D,690.0,348.0
5521,D,G,4,D,"(2, 6, 9)",I,G,A,D,690.125,348.0
5522,D,G,4,D,"(2, 6, 9)",I,G,A,D,690.25,348.0
5523,D,G,4,D,"(2, 6, 9)",I,G,A,D,690.375,348.0
5524,E,G,4,D,"(1, 4, 7, 9)",V7,G,A,D,690.5,348.0
5525,E,G,4,D,"(1, 4, 7, 9)",V7,G,A,D,690.625,348.0
5526,E,G,4,D,"(1, 4, 7, 9)",V7,G,A,D,690.75,348.0
5527,E,G,4,D,"(1, 4, 7, 9)",V7,G,A,D,690.875,348.0
5528,E,G,5,D,"(1, 4, 7, 9)",V7,E,A,D,691.0,348.0
5529,E,G,5,D,"(1, 4, 7, 9)",V7,E,A,D,691.125,348.0
5530,E,G,5,D,"(1, 4, 7, 9)",V7,E,A,D,691.25,348.0
5531,E,G,5,D,"(1, 4, 7, 9)",V7,E,A,D,691.375,348.0
5532,E,E,5,D,"(1, 4, 7, 9)",V7,E,A,D,691.5,348.0
5533,E,E,5,D,"(1, 4, 7, 9)",V7,E,A,D,691.625,348.0
5534,E,E,5,D,"(1, 4, 7, 9)",V7,E,A,D,691.75,348.0
5535,E,E,5,D,"(1, 4, 7, 9)",V7,E,A,D,691.875,348.0
5536,A,D,0,D,"(2, 6, 9)",I,D,F#,D,692.0,349.0
5537,A,D,1,D,"(2, 6, 9)",I,D,F#,D,692.125,349.0
5538,A,D,2,D,"(2, 6, 9)",I,D,F#,D,692.25,349.0
5539,A,D,2,D,"(2, 6, 9)",I,D,F#,D,692.375,349.0
5540,A,D,3,D,"(2, 6, 9)",I,D,F#,D,692.5,349.0
5541,A,D,3,D,"(2, 6, 9)",I,D,F#,D,692.625,349.0
5542,A,D,3,D,"(2, 6, 9)",I,D,F#,D,692.75,349.0
5543,A,D,3,D,"(2, 6, 9)",I,D,F#,D,692.875,349.0
5544,A,D,4,D,"(2, 6, 9)",I,D,F#,D,693.0,349.0
5545,A,D,4,D,"(2, 6, 9)",I,D,F#,D,693.125,349.0
5546,A,D,4,D,"(2, 6, 9)",I,D,F#,D,693.25,349.0
5547,A,D,4,D,"(2, 6, 9)",I,D,F#,D,693.375,349.0
5548,A,D,4,D,"(2, 6, 9)",I,D,F#,D,693.5,349.0
5549,A,D,4,D,"(2, 6, 9)",I,D,F#,D,693.625,349.0
5550,A,D,4,D,"(2, 6, 9)",I,D,F#,D,693.75,349.0
5551,A,D,4,D,"(2, 6, 9)",I,D,F#,D,693.875,349.0
5552,A,D,5,D,"(2, 6, 9)",I,D,F#,D,694.0,349.0
5553,A,D,5,D,"(2, 6, 9)",I,D,F#,D,694.125,349.0
5554,A,D,5,D,"(2, 6, 9)",I,D,F#,D,694.25,349.0
5555,A,D,5,D,"(2, 6, 9)",I,D,F#,D,694.375,349.0
5556,A,D,5,D,"(2, 6, 9)",I,D,F#,D,694.5,349.0
5557,A,D,5,D,"(2, 6, 9)",I,D,F#,D,694.625,349.0
5558,A,D,5,D,"(2, 6, 9)",I,D,F#,D,694.75,349.0
5559,A,D,5,D,"(2, 6, 9)",I,D,F#,D,694.875,349.0
5560,G,D,0,D,"(2, 7, 11)",IV,G,G,D,695.0,350.0
5561,G,D,1,D,"(2, 7, 11)",IV,G,G,D,695.125,350.0
5562,G,D,2,D,"(2, 7, 11)",IV,G,G,D,695.25,350.0
5563,G,D,2,D,"(2, 7, 11)",IV,G,G,D,695.375,350.0
5564,G,D,3,D,"(2, 7, 11)",IV,G,G,D,695.5,350.0
5565,G,D,3,D,"(2, 7, 11)",IV,G,G,D,695.625,350.0
5566,G,D,3,D,"(2, 7, 11)",IV,G,G,D,695.75,350.0
5567,G,D,3,D,"(2, 7, 11)",IV,G,G,D,695.875,350.0
5568,G,G,4,D,"(2, 7, 11)",IV,G,B,D,696.0,350.0
5569,G,G,4,D,"(2, 7, 11)",IV,G,B,D,696.125,350.0
5570,G,G,4,D,"(2, 7, 11)",IV,G,B,D,696.25,350.0
5571,G,G,4,D,"(2, 7, 11)",IV,G,B,D,696.375,350.0
5572,G,G,4,D,"(2, 7, 11)",IV,G,B,D,696.5,350.0
5573,G,G,4,D,"(2, 7, 11)",IV,G,B,D,696.625,350.0
5574,G,G,4,D,"(2, 7, 11)",IV,G,B,D,696.75,350.0
5575,G,G,4,D,"(2, 7, 11)",IV,G,B,D,696.875,350.0
5576,G,G,5,D,"(2, 7, 11)",ii,G,B,D,697.0,350.0
5577,G,G,5,D,"(2, 7, 11)",ii,G,B,D,697.125,350.0
5578,G,G,5,D,"(2, 7, 11)",ii,G,B,D,697.25,350.0
5579,G,G,5,D,"(2, 7, 11)",ii,G,B,D,697.375,350.0
5580,E,G,5,D,"(4, 7, 11)",ii,E,E,D,697.5,350.0
5581,E,G,5,D,"(4, 7, 11)",ii,E,E,D,697.625,350.0
5582,E,G,5,D,"(4, 7, 11)",ii,E,E,D,697.75,350.0
5583,E,G,5,D,"(4, 7, 11)",ii,E,E,D,697.875,350.0
5584,D,F#,0,D,"(2, 6, 9)",I,D,A,D,698.0,351.0
5585,D,F#,1,D,"(2, 6, 9)",I,D,A,D,698.125,351.0
5586,D,F#,2,D,"(2, 6, 9)",I,D,A,D,698.25,351.0
5587,D,F#,2,D,"(2, 6, 9)",I,D,A,D,698.375,351.0
5588,D,F#,3,D,"(2, 6, 9)",I,D,A,D,698.5,351.0
5589,D,F#,3,D,"(2, 6, 9)",I,D,A,D,698.625,351.0
5590,D,F#,3,D,"(2, 6, 9)",I,D,A,D,698.75,351.0
5591,D,F#,3,D,"(2, 6, 9)",I,D,A,D,698.875,351.0
5592,D,F#,4,D,"(2, 6, 9)",vi,D,A,D,699.0,351.0
5593,D,F#,4,D,"(2, 6, 9)",I,D,A,D,699.125,351.0
5594,D,F#,4,D,"(2, 6, 9)",I,D,A,D,699.25,351.0
5595,D,F#,4,D,"(2, 6, 9)",I,D,A,D,699.375,351.0
5596,D,F#,4,D,"(2, 6, 9)",vi,D,A,D,699.5,351.0
5597,D,F#,4,D,"(2, 6, 9)",vi,D,A,D,699.625,351.0
5598,D,F#,4,D,"(2, 6, 9)",vi,D,A,D,699.75,351.0
5599,D,F#,4,D,"(2, 6, 9)",vi,D,A,D,699.875,351.0
5600,C#,F#,5,D,"(2, 6, 9)",V,D,A,D,700.0,351.0
5601,C#,F#,1,D,"(2, 6, 9)",V,D,A,D,700.125,351.0
5602,C#,F#,5,D,"(2, 6, 9)",V,D,A,D,700.25,351.0
5603,C#,F#,5,D,"(2, 6, 9)",V,D,A,D,700.375,351.0
5604,C#,F#,5,D,"(2, 4, 8, 11)",V,D,G#,D,700.5,351.0
5605,C#,F#,5,D,"(2, 4, 8, 11)",V,D,G#,D,700.625,351.0
5606,C#,F#,5,D,"(2, 4, 8, 11)",V,D,G#,D,700.75,351.0
5607,C#,F#,5,D,"(2, 4, 8, 11)",V7,D,G#,D,700.875,351.0
5608,E,A,0,D,"(1, 4, 9)",V,A,C#,D,701.0,352.0
5609,E,A,1,D,"(1, 4, 9)",V,A,C#,D,701.125,352.0
5610,E,A,2,D,"(1, 4, 9)",V,A,C#,D,701.25,352.0
5611,E,A,2,D,"(1, 4, 9)",V,A,C#,D,701.375,352.0
5612,E,A,3,D,"(1, 4, 9)",V,A,C#,D,701.5,352.0
5613,E,A,3,D,"(1, 4, 9)",V,A,C#,D,701.625,352.0
5614,E,A,3,D,"(1, 4, 9)",V,A,C#,D,701.75,352.0
5615,E,A,3,D,"(1, 4, 9)",V,A,C#,D,701.875,352.0
5616,E,A,4,D,"(1, 4, 9)",V,A,C#,D,702.0,352.0
5617,E,A,4,D,"(1, 4, 9)",V,A,C#,D,702.125,352.0
5618,E,A,4,D,"(1, 4, 9)",V,A,C#,D,702.25,352.0
5619,E,A,4,D,"(1, 4, 9)",V,A,C#,D,702.375,352.0
5620,E,A,4,D,"(1, 4, 9)",V,A,C#,D,702.5,352.0
5621,E,A,4,D,"(1, 4, 9)",V,A,C#,D,702.625,352.0
5622,E,A,4,D,"(1, 4, 9)",V,A,C#,D,702.75,352.0
5623,E,A,4,D,"(1, 4, 9)",V,A,C#,D,702.875,352.0
5624,E,A,5,D,"(1, 4, 9)",V,A,C#,D,703.0,352.0
5625,E,A,5,D,"(1, 4, 9)",V,A,C#,D,703.125,352.0
5626,E,A,5,D,"(1, 4, 9)",V,A,C#,D,703.25,352.0
5627,E,A,5,D,"(1, 4, 9)",V,A,C#,D,703.375,352.0
5628,E,A,5,D,"(1, 4, 9)",V,A,C#,D,703.5,352.0
5629,E,A,5,D,"(1, 4, 9)",V,A,C#,D,703.625,352.0
5630,E,A,5,D,"(1, 4, 9)",V,A,C#,D,703.75,352.0
5631,E,A,5,D,"(1, 4, 9)",V,A,C#,D,703.875,352.0
5632,E,A,0,D,"(1, 4, 7, 9)",V7,G,C#,D,704.0,353.0
5633,E,A,1,D,"(1, 4, 7, 9)",V7,G,C#,D,704.125,353.0
5634,E,A,2,D,"(1, 4, 7, 9)",V7,G,C#,D,704.25,353.0
5635,E,A,2,D,"(1, 4, 7, 9)",V7,G,C#,D,704.375,353.0
5636,E,A,3,D,"(1, 4, 7, 9)",V7,G,C#,D,704.5,353.0
5637,E,A,3,D,"(1, 4, 7, 9)",V7,G,C#,D,704.625,353.0
5638,E,A,3,D,"(1, 4, 7, 9)",V7,G,C#,D,704.75,353.0
5639,E,A,3,D,"(1, 4, 7, 9)",V7,G,C#,D,704.875,353.0
5640,E,A,4,D,"(1, 4, 7, 9)",V7,G,C#,D,705.0,353.0
5641,E,A,4,D,"(1, 4, 7, 9)",V7,G,C#,D,705.125,353.0
5642,E,A,4,D,"(1, 4, 7, 9)",V7,G,C#,D,705.25,353.0
5643,E,A,4,D,"(1, 4, 7, 9)",V7,G,C#,D,705.375,353.0
5644,E,A,4,D,"(1, 4, 7, 9)",V7,G,C#,D,705.5,353.0
5645,E,A,4,D,"(1, 4, 7, 9)",V7,G,C#,D,705.625,353.0
5646,E,A,4,D,"(1, 4, 7, 9)",V7,G,C#,D,705.75,353.0
5647,E,A,4,D,"(1, 4, 7, 9)",V7,G,C#,D,705.875,353.0
5648,E,A,5,D,"(1, 4, 7, 9)",V7,G,C#,D,706.0,353.0
5649,E,A,5,D,"(1, 4, 7, 9)",V7,G,C#,D,706.125,353.0
5650,E,A,5,D,"(1, 4, 7, 9)",V7,G,C#,D,706.25,353.0
5651,E,A,5,D,"(1, 4, 7, 9)",V7,G,C#,D,706.375,353.0
5652,E,A,5,D,"(1, 4, 7, 9)",V7,G,C#,D,706.5,353.0
5653,E,A,5,D,"(1, 4, 7, 9)",V7,G,C#,D,706.625,353.0
5654,E,A,5,D,"(1, 4, 7, 9)",V7,G,C#,D,706.75,353.0
5655,E,A,5,D,"(1, 4, 7, 9)",V7,G,C#,D,706.875,353.0
5656,A,D,0,D,"(2, 6, 9)",I,D,F#,D,707.0,354.0
5657,A,D,1,D,"(2, 6, 9)",I,D,F#,D,707.125,354.0
5658,A,D,2,D,"(2, 6, 9)",I,D,F#,D,707.25,354.0
5659,A,D,2,D,"(2, 6, 9)",I,D,F#,D,707.375,354.0
5660,A,D,3,D,"(2, 6, 9)",I,D,F#,D,707.5,354.0
5661,A,D,3,D,"(2, 6, 9)",I,D,F#,D,707.625,354.0
5662,A,D,3,D,"(2, 6, 9)",I,D,F#,D,707.75,354.0
5663,A,D,3,D,"(2, 6, 9)",I,D,F#,D,707.875,354.0
5664,A,D,4,D,"(2, 6, 9)",I,D,F#,D,708.0,354.0
5665,A,D,4,D,"(2, 6, 9)",I,D,F#,D,708.125,354.0
5666,A,D,4,D,"(2, 6, 9)",I,D,F#,D,708.25,354.0
5667,A,D,4,D,"(2, 6, 9)",I,D,F#,D,708.375,354.0
5668,A,D,4,D,"(2, 6, 9)",I,D,F#,D,708.5,354.0
5669,A,D,4,D,"(2, 6, 9)",I,D,F#,D,708.625,354.0
5670,A,D,4,D,"(2, 6, 9)",I,D,F#,D,708.75,354.0
5671,A,D,4,D,"(2, 6, 9)",I,D,F#,D,708.875,354.0
5672,A,D,5,D,"(2, 6, 9)",I,D,F#,D,709.0,354.0
5673,A,D,5,D,"(2, 6, 9)",I,D,F#,D,709.125,354.0
5674,A,D,5,D,"(2, 6, 9)",I,D,F#,D,709.25,354.0
5675,A,D,5,D,"(2, 6, 9)",I,D,F#,D,709.375,354.0
5676,A,D,5,D,"(2, 6, 9)",I,D,F#,D,709.5,354.0
5677,A,D,5,D,"(2, 6, 9)",I,D,F#,D,709.625,354.0
5678,A,D,5,D,"(2, 6, 9)",I,D,F#,D,709.75,354.0
5679,A,D,5,D,"(2, 6, 9)",I,D,F#,D,709.875,354.0
5680,D,G,0,D,"(1, 4, 7, 9)",IV,G,B,D,710.0,355.0
5681,D,G,1,D,"(1, 4, 7, 9)",IV,E,A,D,710.125,355.0
5682,D,G,2,D,"(1, 4, 7, 9)",IV,E,A,D,710.25,355.0
5683,D,G,2,D,"(1, 4, 7, 9)",IV,E,A,D,710.375,355.0
5684,E,G,3,D,"(1, 4, 7, 9)",V7,E,A,D,710.5,355.0
5685,E,G,3,D,"(1, 4, 7, 9)",V7,E,A,D,710.625,355.0
5686,E,G,3,D,"(1, 4, 7, 9)",V7,E,A,D,710.75,355.0
5687,E,G,3,D,"(1, 4, 7, 9)",V7,E,A,D,710.875,355.0
5688,E,G,4,D,"(1, 4, 7, 9)",V7,E,A,D,711.0,355.0
5689,E,G,4,D,"(1, 4, 7, 9)",V7,E,A,D,711.125,355.0
5690,E,G,4,D,"(1, 4, 7, 9)",V7,E,A,D,711.25,355.0
5691,E,G,4,D,"(1, 4, 7, 9)",V7,E,A,D,711.375,355.0
5692,E,G,4,D,"(1, 4, 7, 9)",V7,E,A,D,711.5,355.0
5693,C#,G,4,D,"(1, 4, 7, 9)",V7,E,A,D,711.625,355.0
5694,C#,G,4,D,"(1, 4, 7, 9)",V7,E,A,D,711.75,355.0
5695,C#,G,4,D,"(1, 4, 7, 9)",V7,E,A,D,711.875,355.0
5696,C#,G,5,D,"(1, 4, 7, 9)",V7,E,A,D,712.0,355.0
5697,C#,G,1,D,"(1, 4, 7, 9)",V7,E,A,D,712.125,355.0
5698,C#,G,2,D,"(1, 4, 7, 9)",V7,E,A,D,712.25,355.0
5699,C#,G,5,D,"(1, 4, 7, 9)",V7,E,A,D,712.375,355.0
5700,C#,G,5,D,"(1, 4, 7, 9)",V7,E,A,D,712.5,355.0
5701,C#,G,5,D,"(1, 4, 7, 9)",V7,E,A,D,712.625,355.0
5702,C#,G,5,D,"(1, 4, 7, 9)",V7,E,A,D,712.75,355.0
5703,C#,G,5,D,"(1, 4, 7, 9)",V7,E,A,D,712.875,355.0
5704,C#,F#,0,D,"(2, 6, 9)",V,D,A,D,713.0,356.0
5705,C#,F#,1,D,"(2, 6, 9)",V,D,A,D,713.125,356.0
5706,C#,F#,2,D,"(2, 6, 9)",V,D,A,D,713.25,356.0
5707,C#,F#,2,D,"(2, 6, 9)",V,D,A,D,713.375,356.0
5708,C#,F#,3,D,"(2, 6, 9)",V,D,A,D,713.5,356.0
5709,C#,F#,3,D,"(2, 6, 9)",V,D,A,D,713.625,356.0
5710,C#,F#,3,D,"(2, 6, 9)",V,D,A,D,713.75,356.0
5711,C#,F#,3,D,"(2, 6, 9)",V,D,A,D,713.875,356.0
5712,C#,C#,0,D,"(1, 4, 9)",V,A,A,D,714.0,356.0
5713,C#,C#,1,D,"(1, 4, 9)",V,A,E,D,714.125,356.0
5714,C#,C#,2,D,"(1, 4, 9)",V,A,E,D,714.25,356.0
5715,C#,C#,2,D,"(1, 4, 9)",V,A,E,D,714.375,356.0
5716,C#,C#,3,D,"(1, 4, 9)",V,A,E,D,714.5,356.0
5717,C#,C#,3,D,"(1, 4, 9)",V,A,E,D,714.625,356.0
5718,C#,C#,3,D,"(1, 4, 9)",V,A,E,D,714.75,356.0
5719,C#,C#,3,D,"(1, 4, 9)",V,A,E,D,714.875,356.0
5720,C#,C#,0,D,"(1, 4, 9)",V,A,E,D,715.0,356.0
5721,C#,C#,1,D,"(1, 4, 9)",V,A,E,D,715.125,356.0
5722,C#,C#,2,D,"(1, 4, 9)",V,A,E,D,715.25,356.0
5723,C#,C#,2,D,"(1, 4, 9)",V,A,E,D,715.375,356.0
5724,C#,G#,0,D,"(1, 4, 9)",V,E,E,D,715.5,356.0
5725,C#,G#,1,D,"(1, 4, 9)",V,E,E,D,715.625,356.0
5726,C#,G#,2,D,"(1, 4, 9)",V,E,E,D,715.75,356.0
5727,C#,G#,2,D,"(1, 4, 9)",V,E,E,D,715.875,356.0
5728,E,A,0,D,"(1, 4, 7, 9)",V7,G,C#,D,716.0,357.0
5729,E,A,1,D,"(1, 4, 7, 9)",V7,G,C#,D,716.125,357.0
5730,E,A,2,D,"(1, 4, 7, 9)",V7,G,C#,D,716.25,357.0
5731,E,A,2,D,"(1, 4, 7, 9)",V7,G,C#,D,716.375,357.0
5732,E,A,3,D,"(1, 4, 7, 9)",V7,G,C#,D,716.5,357.0
5733,E,A,3,D,"(1, 4, 7, 9)",V7,G,C#,D,716.625,357.0
5734,E,A,3,D,"(1, 4, 7, 9)",V7,G,C#,D,716.75,357.0
5735,E,A,3,D,"(1, 4, 7, 9)",V7,G,C#,D,716.875,357.0
5736,E,A,4,D,"(1, 4, 7, 9)",V7,G,C#,D,717.0,357.0
5737,E,A,4,D,"(1, 4, 7, 9)",V7,G,C#,D,717.125,357.0
5738,E,A,4,D,"(1, 4, 7, 9)",V7,G,C#,D,717.25,357.0
5739,E,A,4,D,"(1, 4, 7, 9)",V7,G,C#,D,717.375,357.0
5740,E,A,4,D,"(1, 4, 7, 9)",V7,G,C#,D,717.5,357.0
5741,E,A,4,D,"(1, 4, 7, 9)",V7,G,C#,D,717.625,357.0
5742,E,A,4,D,"(1, 4, 7, 9)",V7,G,C#,D,717.75,357.0
5743,E,A,4,D,"(1, 4, 7, 9)",V7,G,C#,D,717.875,357.0
5744,C#,G,0,D,"(1, 4, 7, 9)",V7,G,C#,D,718.0,357.0
5745,C#,G,1,D,"(1, 4, 7, 9)",V7,G,C#,D,718.125,357.0
5746,C#,G,2,D,"(1, 4, 7, 9)",V7,G,C#,D,718.25,357.0
5747,C#,G,2,D,"(1, 4, 7, 9)",V7,G,C#,D,718.375,357.0
5748,C#,G,3,D,"(1, 4, 7, 9)",V7,G,C#,D,718.5,357.0
5749,C#,G,3,D,"(1, 4, 7, 9)",V7,G,C#,D,718.625,357.0
5750,C#,G,3,D,"(1, 4, 7, 9)",V7,G,C#,D,718.75,357.0
5751,C#,G,3,D,"(1, 4, 7, 9)",V7,G,C#,D,718.875,357.0
5752,D,G,0,D,"(2, 6, 9)",I,G,F#,D,719.0,358.0
5753,D,G,1,D,"(2, 6, 9)",I,G,F#,D,719.125,358.0
5754,D,G,2,D,"(2, 6, 9)",I,G,F#,D,719.25,358.0
5755,D,G,2,D,"(2, 6, 9)",I,G,F#,D,719.375,358.0
5756,D,F#,3,D,"(2, 6, 9)",I,D,F#,D,719.5,358.0
5757,D,F#,3,D,"(2, 6, 9)",I,D,F#,D,719.625,358.0
5758,D,F#,3,D,"(2, 6, 9)",I,D,F#,D,719.75,358.0
5759,D,G,3,D,"(2, 6, 9)",I,D,F#,D,719.875,358.0
5760,A,D,4,D,"(2, 6, 9)",I,D,F#,D,720.0,358.0
5761,A,D,4,D,"(2, 6, 9)",I,D,F#,D,720.125,358.0
5762,A,D,4,D,"(2, 6, 9)",I,D,F#,D,720.25,358.0
5763,A,D,4,D,"(2, 6, 9)",I,D,F#,D,720.375,358.0
5764,A,D,4,D,"(2, 6, 9)",I,D,F#,D,720.5,358.0
5765,A,D,4,D,"(2, 6, 9)",I,D,F#,D,720.625,358.0
5766,A,D,4,D,"(2, 6, 9)",I,D,F#,D,720.75,358.0
5767,A,D,4,D,"(2, 6, 9)",I,D,F#,D,720.875,358.0
5768,A,D,5,D,"(2, 6, 9)",I,D,F#,D,721.0,358.0
5769,A,D,5,D,"(2, 6, 9)",I,D,F#,D,721.125,358.0
5770,A,D,5,D,"(2, 6, 9)",I,D,F#,D,721.25,358.0
5771,A,D,5,D,"(2, 6, 9)",I,D,F#,D,721.375,358.0
5772,A,D,5,D,"(2, 6, 9)",I,D,F#,D,721.5,358.0
5773,A,D,5,D,"(2, 6, 9)",I,D,F#,D,721.625,358.0
5774,A,D,5,D,"(2, 6, 9)",I,D,F#,D,721.75,358.0
5775,A,D,5,D,"(2, 6, 9)",I,D,F#,D,721.875,358.0
5776,A,D,0,D,"(2, 6, 9)",I,D,G,D,722.0,359.0
5777,A,D,1,D,"(1, 4, 7, 9)",I,G,G,D,722.125,359.0
5778,A,D,2,D,"(1, 4, 7, 9)",I,G,G,D,722.25,359.0
5779,A,D,2,D,"(1, 4, 7, 9)",I,G,G,D,722.375,359.0
5780,A,D,3,D,"(1, 4, 7, 9)",I,G,G,D,722.5,359.0
5781,A,D,3,D,"(1, 4, 7, 9)",I,G,G,D,722.625,359.0
5782,A,D,3,D,"(1, 4, 7, 9)",I,G,G,D,722.75,359.0
5783,A,D,3,D,"(1, 4, 7, 9)",I,G,G,D,722.875,359.0
5784,E,A,4,D,"(1, 4, 7, 9)",V7,G,C#,D,723.0,359.0
5785,E,A,4,D,"(1, 4, 7, 9)",V7,G,C#,D,723.125,359.0
5786,E,A,4,D,"(1, 4, 7, 9)",V7,G,C#,D,723.25,359.0
5787,E,A,4,D,"(1, 4, 7, 9)",V7,G,C#,D,723.375,359.0
5788,E,A,4,D,"(1, 4, 7, 9)",V7,A,C#,D,723.5,359.0
5789,E,A,4,D,"(1, 4, 7, 9)",V7,A,C#,D,723.625,359.0
5790,E,A,4,D,"(1, 4, 7, 9)",V7,A,C#,D,723.75,359.0
5791,E,A,4,D,"(1, 4, 7, 9)",V7,A,C#,D,723.875,359.0
5792,E,A,5,D,"(1, 4, 7, 9)",V,A,C#,D,724.0,359.0
5793,E,A,5,D,"(1, 4, 7, 9)",V,A,C#,D,724.125,359.0
5794,E,A,5,D,"(1, 4, 7, 9)",V,A,C#,D,724.25,359.0
5795,E,A,5,D,"(1, 4, 7, 9)",V,A,C#,D,724.375,359.0
5796,E,A,5,D,"(1, 4, 7, 9)",V,A,C#,D,724.5,359.0
5797,E,A,5,D,"(1, 4, 7, 9)",V,A,C#,D,724.625,359.0
5798,E,A,5,D,"(1, 4, 7, 9)",V,A,C#,D,724.75,359.0
5799,E,A,5,D,"(1, 4, 7, 9)",V,A,C#,D,724.875,359.0
5800,A,A,0,D,"(2, 6, 9)",I,D,F#,D,725.0,360.0
5801,A,A,1,D,"(2, 6, 9)",I,D,F#,D,725.125,360.0
5802,A,A,2,D,"(2, 6, 9)",I,D,F#,D,725.25,360.0
5803,A,A,2,D,"(2, 6, 9)",I,D,F#,D,725.375,360.0
5804,A,A,3,D,"(2, 6, 9)",I,D,F#,D,725.5,360.0
5805,A,A,3,D,"(2, 6, 9)",I,D,F#,D,725.625,360.0
5806,A,A,3,D,"(2, 6, 9)",I,D,F#,D,725.75,360.0
5807,A,A,3,D,"(2, 6, 9)",I,D,F#,D,725.875,360.0
5808,A,A,4,D,"(2, 6, 9)",I,D,F#,D,726.0,360.0
5809,A,D,4,D,"(2, 6, 9)",I,D,F#,D,726.125,360.0
5810,A,D,4,D,"(2, 6, 9)",I,D,F#,D,726.25,360.0
5811,A,D,4,D,"(2, 6, 9)",I,D,F#,D,726.375,360.0
5812,A,D,4,D,"(2, 6, 9)",I,D,F#,D,726.5,360.0
5813,A,D,4,D,"(2, 6, 9)",I,D,F#,D,726.625,360.0
5814,A,D,4,D,"(2, 6, 9)",I,D,F#,D,726.75,360.0
5815,A,D,4,D,"(2, 6, 9)",I,D,F#,D,726.875,360.0
5816,A,D,5,D,"(2, 6, 9)",I,D,F#,D,727.0,360.0
5817,A,D,5,D,"(2, 6, 9)",I,D,F#,D,727.125,360.0
5818,A,D,5,D,"(2, 6, 9)",I,D,F#,D,727.25,360.0
5819,A,D,5,D,"(2, 6, 9)",I,D,F#,D,727.375,360.0
5820,A,D,5,D,"(2, 6, 9)",I,D,F#,D,727.5,360.0
5821,A,D,5,D,"(2, 6, 9)",I,D,F#,D,727.625,360.0
5822,A,D,5,D,"(2, 6, 9)",I,D,F#,D,727.75,360.0
5823,A,D,5,D,"(2, 6, 9)",I,D,F#,D,727.875,360.0
5824,A,D,0,D,"(2, 6, 9)",I,D,F#,D,728.0,361.0
5825,A,D,1,D,"(2, 6, 9)",I,D,F#,D,728.125,361.0
5826,A,D,2,D,"(2, 6, 9)",I,D,F#,D,728.25,361.0
5827,A,D,2,D,"(2, 6, 9)",I,D,F#,D,728.375,361.0
5828,A,D,3,D,"(2, 6, 9)",I,D,F#,D,728.5,361.0
5829,A,D,3,D,"(2, 6, 9)",I,D,F#,D,728.625,361.0
5830,A,D,3,D,"(2, 6, 9)",I,D,F#,D,728.75,361.0
5831,A,D,3,D,"(2, 6, 9)",I,D,F#,D,728.875,361.0
5832,E,A,0,D,"(2, 6, 9)",V,A,C#,D,729.0,361.0
5833,E,A,1,D,"(1, 4, 9)",V,A,C#,D,729.125,361.0
5834,E,A,2,D,"(1, 4, 9)",V,A,C#,D,729.25,361.0
5835,E,A,2,D,"(1, 4, 9)",V,A,C#,D,729.375,361.0
5836,E,A,3,D,"(1, 4, 9)",V,A,C#,D,729.5,361.0
5837,E,A,3,D,"(1, 4, 9)",V,A,C#,D,729.625,361.0
5838,E,A,3,D,"(1, 4, 9)",V,A,C#,D,729.75,361.0
5839,E,A,3,D,"(1, 4, 9)",V,A,C#,D,729.875,361.0
5840,D,F#,0,D,"(2, 6, 9)",I,D,A,D,730.0,362.0
5841,D,F#,1,D,"(2, 6, 9)",I,D,A,D,730.125,362.0
5842,D,F#,2,D,"(2, 6, 9)",I,D,A,D,730.25,362.0
5843,D,F#,2,D,"(2, 6, 9)",I,D,A,D,730.375,362.0
5844,D,F#,3,D,"(2, 6, 9)",I,D,A,D,730.5,362.0
5845,D,F#,3,D,"(2, 6, 9)",I,D,A,D,730.625,362.0
5846,D,F#,3,D,"(2, 6, 9)",I,D,A,D,730.75,362.0
5847,D,F#,3,D,"(2, 6, 9)",I,D,A,D,730.875,362.0
5848,D,F#,4,D,"(2, 6, 9)",I,D,A,D,731.0,362.0
5849,D,F#,4,D,"(2, 6, 9)",I,D,A,D,731.125,362.0
5850,D,F#,4,D,"(2, 6, 9)",I,D,A,D,731.25,362.0
5851,D,F#,4,D,"(2, 6, 9)",I,D,A,D,731.375,362.0
5852,D,F#,4,D,"(2, 6, 9)",I,D,A,D,731.5,362.0
5853,D,F#,4,D,"(2, 6, 9)",I,D,A,D,731.625,362.0
5854,D,F#,4,D,"(2, 6, 9)",V,D,A,D,731.75,362.0
5855,D,F#,4,D,"(2, 6, 9)",I,D,A,D,731.875,362.0
5856,D,G,0,D,"(2, 7, 11)",IV,G,B,D,732.0,363.0
5857,D,G,1,D,"(2, 7, 11)",IV,G,B,D,732.125,363.0
5858,D,G,2,D,"(2, 7, 11)",IV,G,B,D,732.25,363.0
5859,D,G,2,D,"(2, 7, 11)",IV,G,B,D,732.375,363.0
5860,D,G,3,D,"(2, 7, 11)",IV,G,B,D,732.5,363.0
5861,D,G,3,D,"(2, 7, 11)",IV,G,B,D,732.625,363.0
5862,D,G,3,D,"(2, 7, 11)",IV,G,B,D,732.75,363.0
5863,D,G,3,D,"(2, 7, 11)",IV,G,B,D,732.875,363.0
5864,D,G,4,D,"(2, 7, 11)",IV,G,B,D,733.0,363.0
5865,D,G,4,D,"(2, 7, 11)",IV,G,B,D,733.125,363.0
5866,D,G,4,D,"(2, 7, 11)",IV,G,B,D,733.25,363.0
5867,D,G,4,D,"(2, 7, 11)",IV,G,B,D,733.375,363.0
5868,D,G,4,D,"(2, 7, 11)",IV,G,B,D,733.5,363.0
5869,D,G,4,D,"(2, 7, 11)",IV,G,B,D,733.625,363.0
5870,D,G,4,D,"(2, 7, 11)",IV,G,B,D,733.75,363.0
5871,D,G,4,D,"(2, 7, 11)",IV,G,B,D,733.875,363.0
5872,D,F#,0,D,"(2, 6, 9)",I,D,A,D,734.0,364.0
5873,D,F#,1,D,"(2, 6, 9)",I,D,A,D,734.125,364.0
5874,D,F#,2,D,"(2, 6, 9)",I,D,A,D,734.25,364.0
5875,D,F#,2,D,"(2, 6, 9)",I,D,A,D,734.375,364.0
5876,C,F#,3,D,"(2, 6, 9)",I,D,A,D,734.5,364.0
5877,C,F#,3,D,"(2, 6, 9)",I,D,A,D,734.625,364.0
5878,C,F#,3,D,"(2, 6, 9)",I,D,A,D,734.75,364.0
5879,C,F#,3,D,"(2, 6, 9)",I,D,A,D,734.875,364.0
5880,E,A,0,D,"(2, 6, 9)",V7,D,A,D,735.0,364.0
5881,E,A,1,D,"(2, 6, 9)",V7,D,A,D,735.125,364.0
5882,E,A,2,D,"(2, 6, 9)",V7,D,A,D,735.25,364.0
5883,E,A,2,D,"(2, 6, 9)",V7,D,A,D,735.375,364.0
5884,E,A,3,D,"(1, 4, 7, 9)",V7,D,A,D,735.5,364.0
5885,E,A,3,D,"(1, 4, 7, 9)",V7,D,A,D,735.625,364.0
5886,E,E,4,D,"(1, 4, 7, 9)",V7,D,G,D,735.75,364.0
5887,E,E,4,D,"(1, 4, 7, 9)",V7,D,G,D,735.875,364.0
5888,A,D,0,D,"(2, 6, 9)",I,D,F#,D,736.0,365.0
5889,A,D,1,D,"(2, 6, 9)",I,D,F#,D,736.125,365.0
5890,A,D,2,D,"(2, 6, 9)",I,D,F#,D,736.25,365.0
5891,A,D,2,D,"(2, 6, 9)",I,D,F#,D,736.375,365.0
5892,A,D,3,D,"(2, 6, 9)",I,D,F#,D,736.5,365.0
5893,A,D,3,D,"(2, 6, 9)",I,D,F#,D,736.625,365.0
5894,A,D,3,D,"(2, 6, 9)",I,D,F#,D,736.75,365.0
5895,A,D,3,D,"(2, 6, 9)",I,D,F#,D,736.875,365.0
5896,A,D,4,D,"(2, 6, 9)",I,D,F#,D,737.0,365.0
5897,A,D,4,D,"(2, 6, 9)",I,D,F#,D,737.125,365.0
5898,A,D,4,D,"(2, 6, 9)",I,D,F#,D,737.25,365.0
5899,A,D,4,D,"(2, 6, 9)",I,D,F#,D,737.375,365.0
5900,A,D,4,D,"(2, 6, 9)",I,D,F#,D,737.5,365.0
5901,A,D,4,D,"(2, 6, 9)",I,D,F#,D,737.625,365.0
5902,A,D,4,D,"(2, 6, 9)",I,D,F#,D,737.75,365.0
5903,A,D,4,D,"(2, 6, 9)",I,D,F#,D,737.875,365.0
5904,G,C#,0,D,"(1, 4, 7, 9)",V7,C#,E,D,738.0,366.0
5905,G,C#,1,D,"(1, 4, 7, 9)",V7,C#,E,D,738.125,366.0
5906,G,C#,2,D,"(1, 4, 7, 9)",V7,C#,E,D,738.25,366.0
5907,G,C#,2,D,"(1, 4, 7, 9)",V7,C#,E,D,738.375,366.0
5908,G,C#,3,D,"(1, 4, 7, 9)",V7,C#,E,D,738.5,366.0
5909,G,C#,3,D,"(1, 4, 7, 9)",V7,C#,E,D,738.625,366.0
5910,G,C#,3,D,"(1, 4, 7, 9)",V7,C#,E,D,738.75,366.0
5911,G,C#,3,D,"(1, 4, 7, 9)",V7,C#,E,D,738.875,366.0
5912,G,C#,0,D,"(1, 4, 7, 9)",V7,G,C#,D,739.0,366.0
5913,G,C#,1,D,"(1, 4, 7, 9)",V7,G,C#,D,739.125,366.0
5914,G,C#,2,D,"(1, 4, 7, 9)",V7,G,C#,D,739.25,366.0
5915,G,C#,4,D,"(1, 4, 7, 9)",V7,G,C#,D,739.375,366.0
5916,G,C#,4,D,"(1, 4, 7, 9)",V7,G,C#,D,739.5,366.0
5917,G,C#,4,D,"(1, 4, 7, 9)",V7,G,C#,D,739.625,366.0
5918,G,C#,4,D,"(1, 4, 7, 9)",V7,G,C#,D,739.75,366.0
5919,G,C#,4,D,"(1, 4, 7, 9)",V7,G,C#,D,739.875,366.0
5920,A,D,0,D,"(2, 6, 9)",I,D,F#,D,740.0,367.0
5921,A,D,1,D,"(2, 6, 9)",I,D,F#,D,740.125,367.0
5922,A,D,2,D,"(2, 6, 9)",I,D,F#,D,740.25,367.0
5923,A,D,2,D,"(2, 6, 9)",I,D,F#,D,740.375,367.0
5924,A,D,3,D,"(2, 6, 9)",I,D,F#,D,740.5,367.0
5925,A,D,3,D,"(2, 6, 9)",I,D,F#,D,740.625,367.0
5926,A,D,3,D,"(2, 6, 9)",I,D,F#,D,740.75,367.0
5927,A,D,3,D,"(2, 6, 9)",I,D,F#,D,740.875,367.0
5928,A,D,4,D,"(2, 6, 9)",I,D,F#,D,741.0,367.0
5929,A,D,4,D,"(2, 6, 9)",I,D,F#,D,741.125,367.0
5930,A,D,4,D,"(2, 6, 9)",I,D,F#,D,741.25,367.0
5931,A,D,4,D,"(2, 6, 9)",I,D,F#,D,741.375,367.0
5932,A,D,4,D,"(2, 6, 9)",I,D,F#,D,741.5,367.0
5933,A,D,4,D,"(2, 6, 9)",I,D,F#,D,741.625,367.0
5934,A,D,4,D,"(2, 6, 9)",I,D,F#,D,741.75,367.0
5935,A,D,4,D,"(2, 6, 9)",I,D,F#,D,741.875,367.0
5936,E,A,0,D,"(1, 4, 9)",V,A,C#,D,742.0,368.0
5937,E,A,1,D,"(1, 4, 9)",V,A,C#,D,742.125,368.0
5938,E,A,2,D,"(1, 4, 9)",V,A,C#,D,742.25,368.0
5939,E,A,2,D,"(1, 4, 9)",V,A,C#,D,742.375,368.0
5940,E,A,3,D,"(1, 4, 9)",V,A,C#,D,742.5,368.0
5941,E,A,3,D,"(1, 4, 9)",V,A,C#,D,742.625,368.0
5942,E,A,3,D,"(1, 4, 9)",V,A,C#,D,742.75,368.0
5943,E,A,3,D,"(1, 4, 9)",V,A,C#,D,742.875,368.0
5944,E,E,4,D,"(1, 4, 9)",V,A,C#,D,743.0,368.0
5945,E,E,4,D,"(1, 4, 9)",V,A,C#,D,743.125,368.0
5946,E,E,4,D,"(1, 4, 9)",V,A,C#,D,743.25,368.0
5947,E,E,4,D,"(1, 4, 9)",V,A,C#,D,743.375,368.0
5948,E,E,4,D,"(1, 4, 9)",V,A,C#,D,743.5,368.0
5949,E,E,4,D,"(1, 4, 9)",V,A,C#,D,743.625,368.0
5950,E,E,4,D,"(1, 4, 9)",V,A,C#,D,743.75,368.0
5951,E,E,4,D,"(1, 4, 9)",V,A,C#,D,743.875,368.0
5952,E,A,0,D,"(1, 4, 7, 9)",V7,G,C#,D,744.0,369.0
5953,E,A,1,D,"(1, 4, 7, 9)",V7,G,C#,D,744.125,369.0
5954,E,A,2,D,"(1, 4, 7, 9)",V7,G,C#,D,744.25,369.0
5955,E,A,2,D,"(1, 4, 7, 9)",V7,G,C#,D,744.375,369.0
5956,E,A,3,D,"(1, 4, 7, 9)",V7,G,C#,D,744.5,369.0
5957,E,A,3,D,"(1, 4, 7, 9)",V7,G,C#,D,744.625,369.0
5958,E,A,3,D,"(1, 4, 7, 9)",V7,G,C#,D,744.75,369.0
5959,E,A,3,D,"(1, 4, 7, 9)",V7,G,C#,D,744.875,369.0
5960,E,A,0,D,"(1, 4, 7, 9)",V7,G,C#,D,745.0,369.0
5961,E,A,1,D,"(1, 4, 7, 9)",V7,G,C#,D,745.125,369.0
5962,E,A,2,D,"(1, 4, 7, 9)",V7,G,C#,D,745.25,369.0
5963,E,A,4,D,"(1, 4, 7, 9)",V7,G,C#,D,745.375,369.0
5964,E,A,3,D,"(1, 4, 7, 9)",V7,G,C#,D,745.5,369.0
5965,E,A,3,D,"(1, 4, 7, 9)",V7,G,C#,D,745.625,369.0
5966,E,A,3,D,"(1, 4, 7, 9)",V7,G,C#,D,745.75,369.0
5967,E,A,3,D,"(1, 4, 7, 9)",V7,G,C#,D,745.875,369.0
5968,A,A,0,D,"(2, 6, 9)",I,D,F#,D,746.0,370.0
5969,F#,A,1,D,"(2, 6, 9)",I,D,F#,D,746.125,370.0
5970,F#,A,2,D,"(2, 6, 9)",I,D,F#,D,746.25,370.0
5971,F#,A,2,D,"(2, 6, 9)",I,D,F#,D,746.375,370.0
5972,F#,A,3,D,"(2, 6, 9)",I,D,F#,D,746.5,370.0
5973,F#,A,3,D,"(2, 6, 9)",I,D,F#,D,746.625,370.0
5974,F#,A,3,D,"(2, 6, 9)",I,D,F#,D,746.75,370.0
5975,F#,A,3,D,"(2, 6, 9)",I,D,F#,D,746.875,370.0
5976,F#,A,4,D,"(1, 4, 9)",V,A,C#,D,747.0,370.0
5977,F#,A,4,D,"(1, 4, 9)",V,A,C#,D,747.125,370.0
5978,F#,A,4,D,"(1, 4, 9)",V,A,C#,D,747.25,370.0
5979,F#,A,4,D,"(1, 4, 9)",V,A,C#,D,747.375,370.0
5980,F#,A,4,D,"(1, 4, 9)",V,A,C#,D,747.5,370.0
5981,F#,A,4,D,"(1, 4, 9)",V,A,C#,D,747.625,370.0
5982,F#,A,4,D,"(1, 4, 9)",V,A,C#,D,747.75,370.0
5983,F#,A,4,D,"(1, 4, 9)",V,A,C#,D,747.875,370.0
5984,E,E,0,D,"(1, 4, 7, 9)",V,G,G,D,748.0,371.0
5985,E,A,1,D,"(1, 4, 7, 9)",V,G,G,D,748.125,371.0
5986,E,A,2,D,"(1, 4, 7, 9)",V,G,G,D,748.25,371.0
5987,E,A,2,D,"(1, 4, 7, 9)",V,G,G,D,748.375,371.0
5988,E,A,3,D,"(1, 4, 7, 9)",V,G,G,D,748.5,371.0
5989,E,A,3,D,"(1, 4, 7, 9)",V,G,G,D,748.625,371.0
5990,E,A,3,D,"(1, 4, 7, 9)",V,G,G,D,748.75,371.0
5991,E,A,3,D,"(1, 4, 7, 9)",V,G,G,D,748.875,371.0
5992,E,A,0,D,"(1, 4, 7, 9)",V,G,C#,D,749.0,371.0
5993,E,A,1,D,"(1, 4, 7, 9)",V,G,C#,D,749.125,371.0
5994,E,A,2,D,"(1, 4, 7, 9)",V,G,C#,D,749.25,371.0
5995,E,A,2,D,"(1, 4, 7, 9)",V,G,C#,D,749.375,371.0
5996,E,A,3,D,"(1, 4, 7, 9)",V,G,C#,D,749.5,371.0
5997,E,A,3,D,"(1, 4, 7, 9)",V,G,C#,D,749.625,371.0
5998,E,A,3,D,"(1, 4, 7, 9)",V,G,C#,D,749.75,371.0
5999,E,A,3,D,"(1, 4, 7, 9)",V,G,C#,D,749.875,371.0
6000,A,D,0,D,"(2, 6, 9)",I,D,F#,D,750.0,372.0
6001,A,D,1,D,"(2, 6, 9)",I,D,F#,D,750.125,372.0
6002,A,D,2,D,"(2, 6, 9)",I,D,F#,D,750.25,372.0
6003,A,D,2,D,"(2, 6, 9)",I,D,F#,D,750.375,372.0
6004,A,D,3,D,"(2, 6, 9)",I,D,F#,D,750.5,372.0
6005,A,D,3,D,"(2, 6, 9)",I,D,F#,D,750.625,372.0
6006,A,D,3,D,"(2, 6, 9)",I,D,F#,D,750.75,372.0
6007,A,D,3,D,"(2, 6, 9)",I,D,F#,D,750.875,372.0
6008,A,D,4,D,"(2, 6, 9)",I,D,F#,D,751.0,372.0
6009,A,D,4,D,"(2, 6, 9)",I,D,F#,D,751.125,372.0
6010,A,D,4,D,"(2, 6, 9)",I,D,F#,D,751.25,372.0
6011,A,D,4,D,"(2, 6, 9)",I,D,F#,D,751.375,372.0
6012,A,D,4,D,"(2, 6, 9)",I,D,F#,D,751.5,372.0
6013,A,D,4,D,"(2, 6, 9)",I,D,F#,D,751.625,372.0
6014,A,D,4,D,"(2, 6, 9)",I,D,F#,D,751.75,372.0
6015,A,D,4,D,"(2, 6, 9)",I,D,F#,D,751.875,372.0
6016,E,E,0,D,"(1, 4, 7, 9)",V7,G,G,D,752.0,373.0
6017,E,E,1,D,"(1, 4, 7, 9)",V,G,G,D,752.125,373.0
6018,E,E,2,D,"(1, 4, 7, 9)",V,G,G,D,752.25,373.0
6019,E,E,2,D,"(1, 4, 7, 9)",V,G,G,D,752.375,373.0
6020,E,A,3,D,"(1, 4, 7, 9)",V,G,C#,D,752.5,373.0
6021,E,A,3,D,"(1, 4, 7, 9)",V,G,C#,D,752.625,373.0
6022,E,A,3,D,"(1, 4, 7, 9)",V,G,C#,D,752.75,373.0
6023,E,A,3,D,"(1, 4, 7, 9)",V,G,C#,D,752.875,373.0
6024,E,A,0,D,"(1, 4, 7, 9)",V7,G,C#,D,753.0,373.0
6025,E,A,4,D,"(1, 4, 7, 9)",V7,G,C#,D,753.125,373.0
6026,E,A,2,D,"(1, 4, 7, 9)",V7,G,C#,D,753.25,373.0
6027,E,A,4,D,"(1, 4, 7, 9)",V7,G,C#,D,753.375,373.0
6028,E,A,3,D,"(1, 4, 7, 9)",V7,G,C#,D,753.5,373.0
6029,E,A,3,D,"(1, 4, 7, 9)",V7,G,C#,D,753.625,373.0
6030,E,A,3,D,"(1, 4, 7, 9)",V7,G,C#,D,753.75,373.0
6031,E,A,3,D,"(1, 4, 7, 9)",V7,G,C#,D,753.875,373.0
6032,A,A,0,D,"(2, 6, 9)",I,D,F#,D,754.0,374.0
6033,A,A,1,D,"(2, 6, 9)",I,D,F#,D,754.125,374.0
6034,A,A,2,D,"(2, 6, 9)",I,D,F#,D,754.25,374.0
6035,A,A,2,D,"(2, 6, 9)",I,D,F#,D,754.375,374.0
6036,F#,A,3,D,"(2, 6, 9)",I,D,F#,D,754.5,374.0
6037,F#,A,3,D,"(2, 6, 9)",I,D,F#,D,754.625,374.0
6038,F#,A,3,D,"(2, 6, 9)",I,D,F#,D,754.75,374.0
6039,F#,A,3,D,"(2, 6, 9)",I,D,F#,D,754.875,374.0
6040,F#,A,4,D,"(1, 4, 9)",I,A,C#,D,755.0,374.0
6041,F#,A,4,D,"(1, 4, 9)",I,A,C#,D,755.125,374.0
6042,F#,A,4,D,"(1, 4, 9)",I,A,C#,D,755.25,374.0
6043,F#,A,4,D,"(1, 4, 9)",I,A,C#,D,755.375,374.0
6044,F#,A,4,D,"(1, 4, 9)",I,A,C#,D,755.5,374.0
6045,F#,A,4,D,"(1, 4, 9)",I,A,C#,D,755.625,374.0
6046,F#,A,4,D,"(1, 4, 9)",I,A,C#,D,755.75,374.0
6047,F#,A,4,D,"(1, 4, 9)",I,A,C#,D,755.875,374.0
6048,E,E,0,D,"(1, 4, 7, 9)",V7,G,G,D,756.0,375.0
6049,E,E,1,D,"(1, 4, 7, 9)",V7,G,G,D,756.125,375.0
6050,E,E,2,D,"(1, 4, 7, 9)",V7,G,G,D,756.25,375.0
6051,E,E,2,D,"(1, 4, 7, 9)",V7,G,G,D,756.375,375.0
6052,E,E,3,D,"(1, 4, 7, 9)",V7,G,G,D,756.5,375.0
6053,E,E,3,D,"(1, 4, 7, 9)",V7,G,G,D,756.625,375.0
6054,E,E,3,D,"(1, 4, 7, 9)",V7,G,G,D,756.75,375.0
6055,E,E,3,D,"(1, 4, 7, 9)",V7,G,G,D,756.875,375.0
6056,E,A,0,D,"(1, 4, 7, 9)",V7,G,C#,D,757.0,375.0
6057,E,A,1,D,"(1, 4, 7, 9)",V7,G,C#,D,757.125,375.0
6058,E,A,2,D,"(1, 4, 7, 9)",V7,G,C#,D,757.25,375.0
6059,E,A,2,D,"(1, 4, 7, 9)",V7,G,C#,D,757.375,375.0
6060,E,A,3,D,"(1, 4, 7, 9)",V7,G,C#,D,757.5,375.0
6061,E,A,3,D,"(1, 4, 7, 9)",V7,G,C#,D,757.625,375.0
6062,E,A,3,D,"(1, 4, 7, 9)",V7,G,C#,D,757.75,375.0
6063,E,A,3,D,"(1, 4, 7, 9)",V7,G,C#,D,757.875,375.0
6064,A,D,0,D,"(2, 6, 9)",I,D,F#,D,758.0,376.0
6065,A,D,1,D,"(2, 6, 9)",I,D,F#,D,758.125,376.0
6066,A,D,2,D,"(2, 6, 9)",I,D,F#,D,758.25,376.0
6067,A,D,2,D,"(2, 6, 9)",I,D,F#,D,758.375,376.0
6068,A,D,3,D,"(2, 6, 9)",I,D,F#,D,758.5,376.0
6069,A,D,3,D,"(2, 6, 9)",I,D,F#,D,758.625,376.0
6070,A,D,3,D,"(2, 6, 9)",I,D,F#,D,758.75,376.0
6071,A,D,3,D,"(2, 6, 9)",I,D,F#,D,758.875,376.0
6072,A,D,4,D,"(2, 6, 9)",I,D,F#,D,759.0,376.0
6073,A,D,4,D,"(2, 6, 9)",I,D,F#,D,759.125,376.0
6074,A,D,4,D,"(2, 6, 9)",I,D,F#,D,759.25,376.0
6075,A,D,4,D,"(2, 6, 9)",I,D,F#,D,759.375,376.0
6076,A,D,4,D,"(2, 6, 9)",I,D,F#,D,759.5,376.0
6077,A,D,4,D,"(2, 6, 9)",I,D,F#,D,759.625,376.0
6078,A,D,4,D,"(2, 6, 9)",I,D,F#,D,759.75,376.0
6079,A,D,4,D,"(2, 6, 9)",I,D,F#,D,759.875,376.0
6080,A,D,0,D,"(2, 6, 9)",I,D,F#,D,760.0,377.0
6081,A,D,1,D,"(2, 6, 9)",I,D,F#,D,760.125,377.0
6082,C#,F#,0,D,"(1, 4, 6, 10)",I,D,A#,D,760.25,378.0
6083,C#,F#,1,D,"(1, 4, 6, 10)",V7,D,A#,D,760.375,378.0
6084,C#,F#,2,D,"(1, 4, 6, 10)",V7,D,A#,D,760.5,378.0
6085,C#,F#,2,D,"(1, 4, 6, 10)",V7,D,A#,D,760.625,378.0
6086,C#,F#,3,D,"(1, 4, 6, 10)",V7,D,A#,D,760.75,378.0
6087,C#,F#,3,D,"(1, 4, 6, 10)",V7,D,A#,D,760.875,378.0
6088,C#,F#,3,D,"(1, 4, 6, 10)",V7,D,A#,D,761.0,378.0
6089,C#,F#,3,D,"(1, 4, 6, 10)",V7,D,A#,D,761.125,378.0
6090,C#,F#,0,D,"(1, 4, 6, 10)",V7,E,A#,b,761.25,378.0
6091,C#,F#,1,D,"(1, 4, 6, 10)",V7,E,A#,b,761.375,378.0
6092,C#,F#,2,D,"(1, 4, 6, 10)",V7,E,A#,b,761.5,378.0
6093,C#,F#,2,D,"(1, 4, 6, 10)",V7,E,A#,b,761.625,378.0
6094,C#,F#,3,D,"(1, 4, 6, 10)",V7,E,A#,b,761.75,378.0
6095,C#,F#,3,D,"(1, 4, 6, 10)",V7,E,A#,b,761.875,378.0
6096,C#,F#,3,D,"(1, 4, 6, 10)",V7,E,A#,b,762.0,378.0
6097,C#,F#,3,D,"(1, 4, 6, 10)",V7,E,A#,b,762.125,378.0
6098,D,F#,0,D,"(2, 6, 11)",vi,B,B,D,762.25,379.0
6099,D,F#,1,D,"(2, 6, 11)",vi,B,B,b,762.375,379.0
6100,D,F#,2,D,"(2, 6, 11)",vi,B,B,b,762.5,379.0
6101,D,F#,2,D,"(2, 6, 11)",vi,B,B,b,762.625,379.0
6102,D,F#,3,D,"(2, 6, 11)",vi,B,B,b,762.75,379.0
6103,D,F#,3,D,"(2, 6, 11)",vi,B,B,b,762.875,379.0
6104,D,F#,3,D,"(2, 6, 11)",vi,B,B,b,763.0,379.0
6105,D,F#,3,D,"(2, 6, 11)",vi,B,B,b,763.125,379.0
6106,C#,F#,0,D,"(1, 4, 6, 10)",V7,E,A#,b,763.25,379.0
6107,C#,F#,1,D,"(1, 4, 6, 10)",V7,E,A#,b,763.375,379.0
6108,C#,F#,2,D,"(1, 4, 6, 10)",V7,E,A#,b,763.5,379.0
6109,C#,F#,2,D,"(1, 4, 6, 10)",V7,E,A#,b,763.625,379.0
6110,C#,F#,3,D,"(1, 4, 6, 10)",V7,E,A#,b,763.75,379.0
6111,C#,F#,3,D,"(1, 4, 6, 10)",V7,E,A#,b,763.875,379.0
6112,C#,F#,3,D,"(1, 4, 6, 10)",V7,E,A#,b,764.0,379.0
6113,C#,F#,3,D,"(1, 4, 6, 10)",V7,E,A#,b,764.125,379.0
6114,D,F#,0,D,"(2, 6, 11)",vi,B,B,D,764.25,380.0
6115,D,F#,1,D,"(2, 6, 11)",vi,B,B,D,764.375,380.0
6116,D,F#,2,D,"(2, 6, 11)",vi,B,B,D,764.5,380.0
6117,D,F#,2,D,"(2, 6, 11)",vi,B,B,D,764.625,380.0
6118,D,F#,3,D,"(2, 6, 11)",vi,B,B,D,764.75,380.0
6119,D,F#,3,D,"(2, 6, 11)",vi,B,B,D,764.875,380.0
6120,D,F#,3,D,"(2, 6, 11)",vi,B,B,D,765.0,380.0
6121,D,F#,3,D,"(2, 6, 11)",vi,B,B,D,765.125,380.0
6122,D,G#,4,D,"(2, 5, 8, 11)",viio7,B,B,f#,765.25,380.0
6123,D,G#,4,D,"(2, 5, 8, 11)",viio7,B,B,f#,765.375,380.0
6124,D,G#,4,D,"(2, 5, 8, 11)",viio7,B,B,f#,765.5,380.0
6125,D,G#,4,D,"(2, 5, 8, 11)",viio7,B,B,f#,765.625,380.0
6126,D,G#,4,D,"(2, 5, 8, 11)",viio7,B,B,f#,765.75,380.0
6127,D,G#,4,D,"(2, 5, 8, 11)",viio7,B,B,f#,765.875,380.0
6128,D,G#,4,D,"(2, 5, 8, 11)",viio7,B,B,f#,766.0,380.0
6129,G#,G#,4,D,"(2, 5, 8, 11)",viio7,B,B,f#,766.125,380.0
6130,C#,F#,0,D,"(1, 6, 10)",I,F#,A#,D,766.25,381.0
6131,C#,F#,1,D,"(1, 6, 10)",I,F#,A#,D,766.375,381.0
6132,C#,F#,2,D,"(1, 6, 10)",I,F#,A#,D,766.5,381.0
6133,C#,F#,2,D,"(1, 6, 10)",I,F#,A#,D,766.625,381.0
6134,C#,F#,3,D,"(1, 6, 10)",I,F#,A#,D,766.75,381.0
6135,C#,F#,3,D,"(1, 6, 10)",I,F#,A#,D,766.875,381.0
6136,C#,F#,3,D,"(1, 6, 10)",I,F#,A#,D,767.0,381.0
6137,C#,F#,3,D,"(1, 6, 10)",I,F#,A#,D,767.125,381.0
6138,C#,F#,4,D,"(1, 6, 10)",I,F#,A#,D,767.25,381.0
6139,C#,F#,4,D,"(1, 6, 10)",I,F#,A#,D,767.375,381.0
6140,C#,F#,4,D,"(1, 6, 10)",I,F#,A#,D,767.5,381.0
6141,C#,F#,4,D,"(1, 6, 10)",I,F#,A#,D,767.625,381.0
6142,C#,F#,4,D,"(1, 6, 10)",I,F#,A#,D,767.75,381.0
6143,C#,F#,4,D,"(1, 6, 10)",I,F#,A#,D,767.875,381.0
6144,C#,F#,4,D,"(1, 6, 10)",I,F#,A#,D,768.0,381.0
6145,C#,F#,4,D,"(1, 6, 10)",I,F#,A#,D,768.125,381.0
6146,D,F#,0,D,"(2, 6, 9)",I,D,A,D,768.25,382.0
6147,D,F#,1,D,"(2, 6, 9)",I,D,A,D,768.375,382.0
6148,D,F#,2,D,"(2, 6, 9)",I,D,A,D,768.5,382.0
6149,D,F#,2,D,"(2, 6, 9)",I,D,A,D,768.625,382.0
6150,D,F#,3,D,"(2, 6, 9)",I,D,A,D,768.75,382.0
6151,D,F#,3,D,"(2, 6, 9)",I,D,A,D,768.875,382.0
6152,D,F#,3,D,"(2, 6, 9)",I,D,A,D,769.0,382.0
6153,D,F#,3,D,"(2, 6, 9)",I,D,A,D,769.125,382.0
6154,D,F#,4,D,"(2, 6, 9)",I,D,A,D,769.25,382.0
6155,D,F#,4,D,"(2, 6, 9)",I,D,A,D,769.375,382.0
6156,D,F#,4,D,"(2, 6, 9)",I,D,A,D,769.5,382.0
6157,D,F#,4,D,"(2, 6, 9)",I,D,A,D,769.625,382.0
6158,D,F#,4,D,"(2, 6, 9)",I,D,A,D,769.75,382.0
6159,D,F#,4,D,"(2, 6, 9)",I,D,A,D,769.875,382.0
6160,D,F#,4,D,"(2, 6, 9)",I,D,A,D,770.0,382.0
6161,D,F#,4,D,"(2, 6, 9)",I,D,A,D,770.125,382.0
6162,A,E,0,D,"(1, 4, 7, 9)",V7,C#,G,D,770.25,383.0
6163,A,E,1,D,"(1, 4, 7, 9)",V7,C#,G,D,770.375,383.0
6164,A,E,2,D,"(1, 4, 7, 9)",V7,C#,G,D,770.5,383.0
6165,A,E,2,D,"(1, 4, 7, 9)",V7,C#,G,D,770.625,383.0
6166,A,E,3,D,"(1, 4, 7, 9)",V7,C#,G,D,770.75,383.0
6167,A,E,3,D,"(1, 4, 7, 9)",V7,C#,G,D,770.875,383.0
6168,A,E,3,D,"(1, 4, 7, 9)",V7,C#,G,D,771.0,383.0
6169,A,E,3,D,"(1, 4, 7, 9)",V7,C#,G,D,771.125,383.0
6170,A,E,4,D,"(1, 4, 7, 9)",V7,C#,G,D,771.25,383.0
6171,A,E,4,D,"(1, 4, 7, 9)",V7,C#,G,D,771.375,383.0
6172,A,E,4,D,"(1, 4, 7, 9)",V7,C#,G,D,771.5,383.0
6173,A,E,4,D,"(1, 4, 7, 9)",V7,C#,G,D,771.625,383.0
6174,A,E,4,D,"(1, 4, 7, 9)",V7,C#,G,D,771.75,383.0
6175,A,E,4,D,"(1, 4, 7, 9)",V7,C#,G,D,771.875,383.0
6176,A,E,4,D,"(1, 4, 7, 9)",V7,C#,G,D,772.0,383.0
6177,A,E,4,D,"(1, 4, 7, 9)",V7,C#,G,D,772.125,383.0
6178,A,D,0,D,"(2, 6, 9)",I,D,F#,D,772.25,384.0
6179,A,D,1,D,"(2, 6, 9)",I,D,F#,D,772.375,384.0
6180,A,D,2,D,"(2, 6, 9)",I,D,F#,D,772.5,384.0
6181,A,D,2,D,"(2, 6, 9)",I,D,F#,D,772.625,384.0
6182,A,D,3,D,"(2, 6, 9)",I,D,F#,D,772.75,384.0
6183,A,D,3,D,"(2, 6, 9)",I,D,F#,D,772.875,384.0
6184,A,D,3,D,"(2, 6, 9)",I,D,F#,D,773.0,384.0
6185,A,D,3,D,"(2, 6, 9)",I,D,F#,D,773.125,384.0
6186,A,D,4,D,"(2, 6, 9)",I,D,F#,D,773.25,384.0
6187,A,D,4,D,"(2, 6, 9)",I,D,F#,D,773.375,384.0
6188,A,D,4,D,"(2, 6, 9)",I,D,F#,D,773.5,384.0
6189,A,D,4,D,"(2, 6, 9)",I,D,F#,D,773.625,384.0
6190,A,D,4,D,"(2, 6, 9)",I,D,F#,D,773.75,384.0
6191,A,D,4,D,"(2, 6, 9)",I,D,F#,D,773.875,384.0
6192,A,D,4,D,"(2, 6, 9)",I,D,F#,D,774.0,384.0
6193,A,D,4,D,"(2, 6, 9)",I,D,F#,D,774.125,384.0
6194,E,A,0,D,"(1, 4, 9)",V,A,C#,D,774.25,385.0
6195,E,A,1,D,"(1, 4, 9)",V,A,C#,D,774.375,385.0
6196,E,A,2,D,"(1, 4, 9)",V,A,C#,D,774.5,385.0
6197,E,A,2,D,"(1, 4, 9)",V,A,C#,D,774.625,385.0
6198,E,A,3,D,"(1, 4, 9)",V,A,C#,D,774.75,385.0
6199,E,A,3,D,"(1, 4, 9)",V,A,C#,D,774.875,385.0
6200,E,A,3,D,"(1, 4, 9)",V,A,C#,D,775.0,385.0
6201,E,A,3,D,"(1, 4, 9)",V,A,C#,D,775.125,385.0
6202,E,A,4,D,"(1, 4, 9)",V,A,C#,D,775.25,385.0
6203,E,A,4,D,"(1, 4, 9)",V,A,C#,D,775.375,385.0
6204,E,A,4,D,"(1, 4, 9)",V,A,C#,D,775.5,385.0
6205,E,A,4,D,"(1, 4, 9)",V,A,C#,D,775.625,385.0
6206,E,A,4,D,"(1, 4, 9)",V,A,C#,D,775.75,385.0
6207,E,A,4,D,"(1, 4, 9)",V,A,C#,D,775.875,385.0
6208,E,A,4,D,"(1, 4, 9)",V,A,C#,D,776.0,385.0
6209,E,A,4,D,"(1, 4, 9)",V,A,C#,D,776.125,385.0
6210,E,A,0,D,"(1, 4, 9)",V7,A,C#,D,776.25,386.0
6211,E,A,1,D,"(1, 4, 7, 9)",V7,A,C#,D,776.375,386.0
6212,E,A,2,D,"(1, 4, 7, 9)",V7,A,C#,D,776.5,386.0
6213,E,A,2,D,"(1, 4, 7, 9)",V7,A,C#,D,776.625,386.0
6214,E,A,3,D,"(1, 4, 7, 9)",V7,A,C#,D,776.75,386.0
6215,E,A,3,D,"(1, 4, 7, 9)",V7,A,C#,D,776.875,386.0
6216,E,A,3,D,"(1, 4, 7, 9)",V7,A,C#,D,777.0,386.0
6217,E,A,3,D,"(1, 4, 7, 9)",V7,A,C#,D,777.125,386.0
6218,E,A,4,D,"(1, 4, 7, 9)",V7,A,C#,D,777.25,386.0
6219,E,A,4,D,"(1, 4, 7, 9)",V7,A,C#,D,777.375,386.0
6220,E,A,4,D,"(1, 4, 7, 9)",V7,A,C#,D,777.5,386.0
6221,E,A,4,D,"(1, 4, 7, 9)",V7,A,C#,D,777.625,386.0
6222,E,A,4,D,"(1, 4, 7, 9)",V7,A,C#,D,777.75,386.0
6223,E,A,4,D,"(1, 4, 7, 9)",V7,A,C#,D,777.875,386.0
6224,E,A,4,D,"(1, 4, 7, 9)",V7,A,C#,D,778.0,386.0
6225,E,A,4,D,"(1, 4, 7, 9)",V7,A,C#,D,778.125,386.0
6226,A,D,0,D,"(2, 6, 9)",I,D,F#,D,778.25,387.0
6227,A,D,1,D,"(2, 6, 9)",I,D,F#,D,778.375,387.0
6228,A,D,2,D,"(2, 6, 9)",I,D,F#,D,778.5,387.0
6229,A,D,2,D,"(2, 6, 9)",I,D,F#,D,778.625,387.0
6230,A,D,3,D,"(2, 6, 9)",I,D,F#,D,778.75,387.0
6231,A,D,3,D,"(2, 6, 9)",I,D,F#,D,778.875,387.0
6232,A,D,3,D,"(2, 6, 9)",I,D,F#,D,779.0,387.0
6233,A,D,3,D,"(2, 6, 9)",I,D,F#,D,779.125,387.0
6234,A,D,4,D,"(2, 6, 9)",I,D,F#,D,779.25,387.0
6235,A,D,4,D,"(2, 6, 9)",I,D,F#,D,779.375,387.0
6236,A,D,4,D,"(2, 6, 9)",I,D,F#,D,779.5,387.0
6237,A,D,4,D,"(2, 6, 9)",I,D,F#,D,779.625,387.0
6238,A,D,4,D,"(2, 6, 9)",I,D,F#,D,779.75,387.0
6239,A,D,4,D,"(2, 6, 9)",I,D,F#,D,779.875,387.0
6240,A,D,4,D,"(2, 6, 9)",I,D,F#,D,780.0,387.0
6241,A,D,4,D,"(2, 6, 9)",I,D,F#,D,780.125,387.0
6242,E,A,0,D,"(1, 4, 9)",V,A,C#,D,780.25,388.0
6243,E,A,1,D,"(1, 4, 9)",V,A,C#,D,780.375,388.0
6244,E,A,2,D,"(1, 4, 9)",V,A,C#,D,780.5,388.0
6245,E,A,2,D,"(1, 4, 9)",V,A,C#,D,780.625,388.0
6246,E,A,3,D,"(1, 4, 9)",V,A,C#,D,780.75,388.0
6247,E,A,3,D,"(1, 4, 9)",V,A,C#,D,780.875,388.0
6248,E,A,3,D,"(1, 4, 9)",V,A,C#,D,781.0,388.0
6249,E,A,3,D,"(1, 4, 9)",V,A,C#,D,781.125,388.0
6250,D,G,4,D,"(1, 4, 7, 9)",V,G,A,D,781.25,388.0
6251,D,G,4,D,"(1, 4, 7, 9)",V7,G,A,D,781.375,388.0
6252,D,G,4,D,"(1, 4, 7, 9)",V7,G,A,D,781.5,388.0
6253,D,G,4,D,"(1, 4, 7, 9)",V7,G,A,D,781.625,388.0
6254,D,G,3,D,"(1, 4, 7, 9)",V7,G,A,D,781.75,388.0
6255,D,G,3,D,"(1, 4, 7, 9)",V7,G,A,D,781.875,388.0
6256,D,G,3,D,"(1, 4, 7, 9)",V7,G,A,D,782.0,388.0
6257,D,G,3,D,"(1, 4, 7, 9)",V7,G,A,D,782.125,388.0
6258,D,F#,0,D,"(2, 6, 9)",I,D,A,D,782.25,389.0
6259,D,F#,1,D,"(2, 6, 9)",I,D,A,D,782.375,389.0
6260,D,F#,2,D,"(2, 6, 9)",I,D,A,D,782.5,389.0
6261,D,F#,2,D,"(2, 6, 9)",I,D,A,D,782.625,389.0
6262,D,F#,3,D,"(2, 6, 9)",I,D,A,D,782.75,389.0
6263,D,F#,3,D,"(2, 6, 9)",I,D,A,D,782.875,389.0
6264,D,F#,3,D,"(2, 6, 9)",I,D,A,D,783.0,389.0
6265,D,F#,3,D,"(2, 6, 9)",I,D,A,D,783.125,389.0
6266,D,F#,4,D,"(2, 6, 9)",I,D,A,D,783.25,389.0
6267,D,F#,4,D,"(2, 6, 9)",I,D,A,D,783.375,389.0
6268,D,F#,4,D,"(2, 6, 9)",I,D,A,D,783.5,389.0
6269,D,F#,4,D,"(2, 6, 9)",I,D,A,D,783.625,389.0
6270,D,F#,4,D,"(2, 6, 9)",I,D,F#,D,783.75,389.0
6271,D,F#,4,D,"(2, 6, 9)",I,D,F#,D,783.875,389.0
6272,D,F#,4,D,"(2, 6, 9)",I,D,F#,D,784.0,389.0
6273,D,F#,4,D,"(2, 6, 9)",I,D,F#,D,784.125,389.0
6274,B,E,0,D,"(2, 4, 7, 11)",V7,C#,G,D,784.25,390.0
6275,B,E,1,D,"(2, 4, 7, 11)",V7,C#,G,D,784.375,390.0
6276,B,E,2,D,"(2, 4, 7, 11)",V7,C#,G,D,784.5,390.0
6277,B,E,2,D,"(2, 4, 7, 11)",V7,C#,G,D,784.625,390.0
6278,B,E,3,D,"(2, 4, 7, 11)",V7,C#,G,D,784.75,390.0
6279,B,E,3,D,"(2, 4, 7, 11)",V7,C#,G,D,784.875,390.0
6280,B,E,3,D,"(2, 4, 7, 11)",V7,C#,G,D,785.0,390.0
6281,B,E,3,D,"(2, 4, 7, 11)",V7,C#,G,D,785.125,390.0
6282,G,C#,0,D,"(1, 4, 7)",viio,C#,E,D,785.25,390.0
6283,G,C#,1,D,"(1, 4, 7)",viio,C#,E,D,785.375,390.0
6284,G,C#,2,D,"(1, 4, 7)",viio,C#,E,D,785.5,390.0
6285,G,C#,2,D,"(1, 4, 7)",viio,C#,E,D,785.625,390.0
6286,G,C#,3,D,"(1, 4, 7)",viio,C#,E,D,785.75,390.0
6287,G,C#,3,D,"(1, 4, 7)",viio,C#,E,D,785.875,390.0
6288,G,C#,3,D,"(1, 4, 7)",viio,C#,E,D,786.0,390.0
6289,G,C#,3,D,"(1, 4, 7)",viio,C#,E,D,786.125,390.0
6290,A,D,0,D,"(2, 6, 9)",I,D,F#,D,786.25,391.0
6291,A,D,1,D,"(2, 6, 9)",I,D,F#,D,786.375,391.0
6292,A,D,2,D,"(2, 6, 9)",I,D,F#,D,786.5,391.0
6293,A,D,2,D,"(2, 6, 9)",I,D,F#,D,786.625,391.0
6294,A,D,3,D,"(2, 6, 9)",I,D,F#,D,786.75,391.0
6295,A,D,3,D,"(2, 6, 9)",I,D,F#,D,786.875,391.0
6296,A,D,3,D,"(2, 6, 9)",I,D,F#,D,787.0,391.0
6297,A,D,3,D,"(2, 6, 9)",I,D,F#,D,787.125,391.0
6298,A,D,0,D,"(2, 6, 9)",I,D,F#,D,787.25,391.0
6299,A,D,1,D,"(2, 6, 9)",I,D,F#,D,787.375,391.0
6300,A,D,2,D,"(2, 6, 9)",I,D,F#,D,787.5,391.0
6301,A,D,2,D,"(2, 6, 9)",I,D,F#,D,787.625,391.0
6302,A,D,3,D,"(2, 6, 9)",I,D,F#,D,787.75,391.0
6303,A,D,3,D,"(2, 6, 9)",I,D,F#,D,787.875,391.0
6304,A,D,3,D,"(2, 6, 9)",I,D,F#,D,788.0,391.0
6305,A,D,3,D,"(2, 6, 9)",I,D,F#,D,788.125,391.0
6306,E,E,0,D,"(1, 4, 7, 9)",V7,C#,G,D,788.25,392.0
6307,E,E,1,D,"(1, 4, 7, 9)",V7,C#,G,D,788.375,392.0
6308,E,E,2,D,"(1, 4, 7, 9)",V7,C#,G,D,788.5,392.0
6309,E,E,2,D,"(1, 4, 7, 9)",V7,C#,G,D,788.625,392.0
6310,E,E,3,D,"(1, 4, 7, 9)",V7,C#,G,D,788.75,392.0
6311,E,E,3,D,"(1, 4, 7, 9)",V7,C#,G,D,788.875,392.0
6312,E,E,3,D,"(1, 4, 7, 9)",V7,C#,G,D,789.0,392.0
6313,E,E,3,D,"(1, 4, 7, 9)",V7,C#,G,D,789.125,392.0
6314,E,A,0,D,"(1, 4, 7, 9)",V7,G,C#,D,789.25,392.0
6315,E,A,1,D,"(1, 4, 7, 9)",V7,G,C#,D,789.375,392.0
6316,E,A,2,D,"(1, 4, 7, 9)",V7,G,C#,D,789.5,392.0
6317,E,A,2,D,"(1, 4, 7, 9)",V7,G,C#,D,789.625,392.0
6318,E,A,3,D,"(1, 4, 7, 9)",V7,G,C#,D,789.75,392.0
6319,E,A,3,D,"(1, 4, 7, 9)",V7,G,C#,D,789.875,392.0
6320,E,A,3,D,"(1, 4, 7, 9)",V7,G,C#,D,790.0,392.0
6321,E,A,3,D,"(1, 4, 7, 9)",V7,G,C#,D,790.125,392.0
6322,A,D,0,D,"(2, 6, 9)",I,D,F#,D,790.25,393.0
6323,A,D,1,D,"(2, 6, 9)",I,D,F#,D,790.375,393.0
6324,A,D,2,D,"(2, 6, 9)",I,D,F#,D,790.5,393.0
6325,A,D,2,D,"(2, 6, 9)",I,D,F#,D,790.625,393.0
6326,A,D,3,D,"(2, 6, 9)",I,D,F#,D,790.75,393.0
6327,A,D,3,D,"(2, 6, 9)",I,D,F#,D,790.875,393.0
6328,A,D,3,D,"(2, 6, 9)",I,D,F#,D,791.0,393.0
6329,A,D,3,D,"(2, 6, 9)",I,D,F#,D,791.125,393.0
6330,A,D,4,D,"(2, 6, 9)",I,D,F#,D,791.25,393.0
6331,A,D,4,D,"(2, 6, 9)",I,D,F#,D,791.375,393.0
6332,A,D,4,D,"(2, 6, 9)",I,D,F#,D,791.5,393.0
6333,A,D,4,D,"(2, 6, 9)",I,D,F#,D,791.625,393.0
6334,A,D,4,D,"(2, 6, 9)",I,D,F#,D,791.75,393.0
6335,A,D,4,D,"(2, 6, 9)",I,D,F#,D,791.875,393.0
6336,A,D,4,D,"(2, 6, 9)",I,D,F#,D,792.0,393.0
6337,A,D,4,D,"(2, 6, 9)",I,D,F#,D,792.125,393.0
6338,A,D,0,D,"(2, 6, 9)",I,D,F#,D,792.25,394.0
6339,A,D,1,D,"(2, 6, 9)",I,D,F#,D,792.375,394.0
6340,A,D,2,D,"(2, 6, 9)",I,D,F#,D,792.5,394.0
6341,A,D,2,D,"(2, 6, 9)",I,D,F#,D,792.625,394.0
6342,A,D,3,D,"(2, 6, 9)",I,D,F#,D,792.75,394.0
6343,A,D,3,D,"(2, 6, 9)",I,D,F#,D,792.875,394.0
6344,A,D,3,D,"(2, 6, 9)",I,D,F#,D,793.0,394.0
6345,A,D,3,D,"(2, 6, 9)",I,D,F#,D,793.125,394.0
6346,A,C#,0,D,"(1, 4, 9)",V,A,E,D,793.25,394.0
6347,A,C#,1,D,"(1, 4, 9)",V,A,E,D,793.375,394.0
6348,A,C#,2,D,"(1, 4, 9)",V,A,E,D,793.5,394.0
6349,A,C#,2,D,"(1, 4, 9)",V,A,E,D,793.625,394.0
6350,A,C#,3,D,"(1, 4, 9)",V,A,E,D,793.75,394.0
6351,A,C#,3,D,"(1, 4, 9)",V,A,E,D,793.875,394.0
6352,A,C#,3,D,"(1, 4, 9)",V,A,E,D,794.0,394.0
6353,A,C#,3,D,"(1, 4, 9)",V,A,E,D,794.125,394.0
6354,F#,B,0,D,"(2, 6, 11)",vi,B,D,D,794.25,395.0
6355,F#,B,1,D,"(2, 6, 11)",vi,B,D,D,794.375,395.0
6356,F#,B,2,D,"(2, 6, 11)",vi,B,D,D,794.5,395.0
6357,F#,B,2,D,"(2, 6, 11)",vi,B,D,D,794.625,395.0
6358,F#,B,3,D,"(2, 6, 11)",vi,B,D,D,794.75,395.0
6359,F#,B,3,D,"(2, 6, 11)",vi,B,D,D,794.875,395.0
6360,F#,B,3,D,"(2, 6, 11)",vi,B,D,D,795.0,395.0
6361,F#,B,3,D,"(2, 6, 11)",vi,B,D,D,795.125,395.0
6362,F#,A,0,D,"(1, 6, 9)",iii,F#,C#,D,795.25,395.0
6363,F#,A,1,D,"(1, 6, 9)",iii,F#,C#,D,795.375,395.0
6364,F#,A,2,D,"(1, 6, 9)",iii,F#,C#,D,795.5,395.0
6365,F#,A,2,D,"(1, 6, 9)",iii,F#,C#,D,795.625,395.0
6366,F#,A,3,D,"(1, 6, 9)",iii,F#,C#,D,795.75,395.0
6367,F#,A,3,D,"(1, 6, 9)",iii,F#,C#,D,795.875,395.0
6368,F#,A,3,D,"(1, 6, 9)",iii,F#,C#,D,796.0,395.0
6369,F#,A,3,D,"(1, 6, 9)",iii,F#,C#,D,796.125,395.0
6370,D,G,0,D,"(4, 7, 11)",ii,E,B,D,796.25,396.0
6371,D,G,1,D,"(2, 7, 11)",ii,E,B,D,796.375,396.0
6372,D,G,2,D,"(2, 7, 11)",ii,E,B,D,796.5,396.0
6373,D,G,2,D,"(2, 7, 11)",ii,E,B,D,796.625,396.0
6374,D,G,3,D,"(2, 7, 11)",ii,E,B,D,796.75,396.0
6375,D,G,3,D,"(2, 7, 11)",ii,E,B,D,796.875,396.0
6376,D,G,3,D,"(2, 7, 11)",ii,E,B,D,797.0,396.0
6377,D,G,3,D,"(2, 7, 11)",ii,E,B,D,797.125,396.0
6378,C#,G,0,D,"(1, 4, 7, 10)",viio7,E,B-,D,797.25,396.0
6379,C#,G,1,D,"(1, 4, 7, 10)",viio7,E,B-,D,797.375,396.0
6380,C#,G,2,D,"(1, 4, 7, 10)",viio7,E,B-,D,797.5,396.0
6381,C#,G,2,D,"(1, 4, 7, 10)",viio7,E,B-,D,797.625,396.0
6382,C#,G,3,D,"(1, 4, 7, 10)",viio7,E,B-,d,797.75,396.0
6383,C#,G,3,D,"(1, 4, 7, 10)",viio7,E,B-,d,797.875,396.0
6384,C#,G,3,D,"(1, 4, 7, 10)",viio7,E,B-,D,798.0,396.0
6385,C#,G,3,D,"(1, 4, 7, 10)",viio7,E,B-,D,798.125,396.0
6386,D,F#,0,D,"(2, 6, 9)",I,D,A,D,798.25,397.0
6387,D,F#,1,D,"(2, 6, 9)",I,D,A,D,798.375,397.0
6388,D,F#,2,D,"(2, 6, 9)",I,D,A,D,798.5,397.0
6389,D,F#,2,D,"(2, 6, 9)",I,D,A,D,798.625,397.0
6390,D,F#,3,D,"(2, 6, 9)",I,D,A,D,798.75,397.0
6391,D,F#,3,D,"(2, 6, 9)",I,D,A,D,798.875,397.0
6392,D,F#,3,D,"(2, 6, 9)",I,D,A,D,799.0,397.0
6393,D,F#,3,D,"(2, 6, 9)",I,D,A,D,799.125,397.0
6394,D,F,0,D,"(2, 5, 9)",I,D,A,D,799.25,397.0
6395,D,F,1,D,"(2, 5, 9)",I,D,A,D,799.375,397.0
6396,D,F,2,D,"(0, 5, 9)",I,D,A,D,799.5,397.0
6397,D,F,4,D,"(2, 5, 9)",I,D,A,D,799.625,397.0
6398,D,F,0,D,"(2, 5, 9)",I,D,A,D,799.75,397.0
6399,D,F,0,D,"(2, 6, 9)",V,D,A,D,799.875,397.0
6400,D,A,3,D,"(1, 4, 9)",V,F,A,D,800.0,397.0
6401,D,A,3,D,"(1, 4, 9)",V,F,C#,D,800.125,397.0
6402,D,F#,0,D,"(2, 6, 9)",I,D,A,D,800.25,398.0
6403,D,F#,1,D,"(2, 6, 9)",I,D,A,D,800.375,398.0
6404,D,F#,2,D,"(2, 6, 9)",I,D,A,D,800.5,398.0
6405,D,F#,2,D,"(2, 6, 9)",I,D,A,D,800.625,398.0
6406,D,F#,3,D,"(2, 6, 9)",I,D,A,D,800.75,398.0
6407,D,F#,3,D,"(2, 6, 9)",I,D,A,D,800.875,398.0
6408,D,F#,3,D,"(2, 6, 9)",I,D,A,D,801.0,398.0
6409,D,F#,3,D,"(2, 6, 9)",I,D,A,D,801.125,398.0
6410,D,D,4,D,"(2, 6, 9)",I,D,F#,D,801.25,398.0
6411,A,D,4,D,"(2, 6, 9)",I,D,F#,D,801.375,398.0
6412,A,D,4,D,"(2, 6, 9)",I,D,F#,D,801.5,398.0
6413,A,D,4,D,"(2, 6, 9)",I,D,F#,D,801.625,398.0
6414,A,D,4,D,"(2, 6, 9)",I,D,F#,D,801.75,398.0
6415,A,D,4,D,"(2, 6, 9)",I,D,F#,D,801.875,398.0
6416,A,D,4,D,"(2, 6, 9)",I,D,F#,D,802.0,398.0
6417,A,D,4,D,"(2, 6, 9)",I,D,F#,D,802.125,398.0
6418,A,C#,0,D,"(1, 4, 9)",V,A,E,D,802.25,399.0
6419,A,C#,1,D,"(1, 4, 9)",V,A,E,D,802.375,399.0
6420,A,C#,2,D,"(1, 4, 9)",V,A,E,D,802.5,399.0
6421,A,C#,2,D,"(1, 4, 9)",V,A,E,D,802.625,399.0
6422,A,C#,3,D,"(1, 4, 9)",V,A,E,D,802.75,399.0
6423,A,C#,3,D,"(1, 4, 9)",V,A,E,D,802.875,399.0
6424,A,C#,3,D,"(1, 4, 9)",V,A,E,D,803.0,399.0
6425,A,C#,3,D,"(1, 4, 9)",V,A,E,D,803.125,399.0
6426,A,D,0,D,"(2, 6, 9)",I,D,F#,D,803.25,399.0
6427,A,D,1,D,"(2, 6, 9)",I,D,F#,D,803.375,399.0
6428,A,D,2,D,"(2, 6, 9)",I,D,F#,D,803.5,399.0
6429,A,D,2,D,"(2, 6, 9)",I,D,F#,D,803.625,399.0
6430,A,D,3,D,"(2, 6, 9)",I,D,F#,D,803.75,399.0
6431,A,D,3,D,"(2, 6, 9)",I,D,F#,D,803.875,399.0
6432,A,D,3,D,"(2, 6, 9)",I,D,F#,D,804.0,399.0
6433,A,D,3,D,"(2, 6, 9)",I,D,F#,D,804.125,399.0
6434,F#,B,0,D,"(2, 6, 11)",IV,G,D,D,804.25,400.0
6435,D,B,1,D,"(2, 6, 11)",IV,G,D,D,804.375,400.0
6436,D,B,2,D,"(2, 6, 11)",IV,G,D,D,804.5,400.0
6437,D,B,2,D,"(2, 6, 11)",IV,G,D,D,804.625,400.0
6438,D,B,3,D,"(2, 6, 11)",IV,G,D,D,804.75,400.0
6439,D,B,3,D,"(2, 6, 11)",IV,G,D,D,804.875,400.0
6440,D,B,3,D,"(2, 6, 11)",IV,G,D,D,805.0,400.0
6441,D,B,3,D,"(2, 6, 11)",IV,G,D,D,805.125,400.0
6442,D,B,4,D,"(2, 5, 10)",IV,G,D,D,805.25,400.0
6443,D,B,4,D,"(2, 5, 10)",VI,G,D,D,805.375,400.0
6444,D,B,4,D,"(2, 5, 10)",VI,G,D,D,805.5,400.0
6445,D,B,4,D,"(2, 5, 10)",VI,G,D,D,805.625,400.0
6446,F,B-,4,D,"(2, 5, 10)",VI,G,D,D,805.75,400.0
6447,F,B-,4,D,"(2, 5, 10)",VI,G,D,D,805.875,400.0
6448,F,B-,4,D,"(2, 5, 10)",VI,G,D,D,806.0,400.0
6449,F,B-,4,D,"(2, 5, 10)",VI,G,D,D,806.125,400.0
6450,E,A,0,D,"(1, 4, 9)",V,A,C#,D,806.25,401.0
6451,E,A,1,D,"(1, 4, 9)",V,A,C#,D,806.375,401.0
6452,E,A,2,D,"(1, 4, 9)",V,A,C#,D,806.5,401.0
6453,E,A,2,D,"(1, 4, 9)",V,A,C#,D,806.625,401.0
6454,E,A,3,D,"(1, 4, 9)",V,A,C#,D,806.75,401.0
6455,E,A,3,D,"(1, 4, 9)",V,A,C#,D,806.875,401.0
6456,E,A,3,D,"(1, 4, 9)",V,A,C#,D,807.0,401.0
6457,E,A,3,D,"(1, 4, 9)",V,A,C#,D,807.125,401.0
6458,E,A,4,D,"(1, 4, 9)",V,A,C#,D,807.25,401.0
6459,E,A,4,D,"(1, 4, 9)",V,A,C#,D,807.375,401.0
6460,E,A,4,D,"(1, 4, 9)",V,A,C#,D,807.5,401.0
6461,E,A,4,D,"(1, 4, 9)",V,A,C#,D,807.625,401.0
6462,E,A,4,D,"(1, 4, 9)",V,A,C#,D,807.75,401.0
6463,E,A,4,D,"(1, 4, 9)",V,A,C#,D,807.875,401.0
6464,E,A,4,D,"(1, 4, 9)",V,A,C#,D,808.0,401.0
6465,E,A,4,D,"(1, 4, 9)",V,A,C#,D,808.125,401.0
6466,E,A,0,D,"(1, 4, 9)",V7,A,C#,D,808.25,402.0
6467,E,A,1,D,"(1, 4, 9)",V7,A,C#,D,808.375,402.0
6468,E,A,2,D,"(1, 4, 9)",V7,A,C#,D,808.5,402.0
6469,E,A,2,D,"(1, 4, 7, 9)",V7,A,C#,D,808.625,402.0
6470,E,A,3,D,"(1, 4, 7, 9)",V7,A,C#,D,808.75,402.0
6471,E,A,3,D,"(1, 4, 7, 9)",V7,A,C#,D,808.875,402.0
6472,E,A,3,D,"(1, 4, 7, 9)",V7,A,C#,D,809.0,402.0
6473,E,A,3,D,"(1, 4, 7, 9)",V7,A,C#,D,809.125,402.0
6474,E,A,4,D,"(1, 4, 7, 9)",V7,G,C#,D,809.25,402.0
6475,E,A,4,D,"(1, 4, 7, 9)",V7,G,C#,D,809.375,402.0
6476,E,A,4,D,"(1, 4, 7, 9)",V7,G,C#,D,809.5,402.0
6477,E,A,4,D,"(1, 4, 7, 9)",V7,G,C#,D,809.625,402.0
6478,E,A,4,D,"(1, 4, 7, 9)",V7,G,C#,D,809.75,402.0
6479,E,A,4,D,"(1, 4, 7, 9)",V7,G,C#,D,809.875,402.0
6480,E,A,4,D,"(1, 4, 7, 9)",V7,G,C#,D,810.0,402.0
6481,E,A,4,D,"(1, 4, 7, 9)",V7,G,C#,D,810.125,402.0
6482,D,F#,0,D,"(2, 6, 9)",I,D,A,D,810.25,403.0
6483,D,F#,1,D,"(2, 6, 9)",I,D,A,D,810.375,403.0
6484,D,F#,2,D,"(2, 6, 9)",I,D,A,D,810.5,403.0
6485,D,F#,2,D,"(2, 6, 9)",I,D,A,D,810.625,403.0
6486,A,F#,3,D,"(2, 6, 9)",I,D,A,D,810.75,403.0
6487,A,F#,3,D,"(2, 6, 9)",I,D,A,D,810.875,403.0
6488,A,F#,3,D,"(2, 6, 9)",I,D,A,D,811.0,403.0
6489,A,F#,3,D,"(2, 6, 9)",I,D,A,D,811.125,403.0
6490,E,E,0,D,"(1, 4, 7, 9)",V7,E,G,D,811.25,403.0
6491,E,E,1,D,"(1, 4, 7, 9)",viio,E,G,D,811.375,403.0
6492,E,E,2,D,"(1, 4, 7, 9)",viio,E,G,D,811.5,403.0
6493,E,E,2,D,"(1, 4, 7, 9)",viio,E,G,D,811.625,403.0
6494,E,E,3,D,"(4, 7, 11)",viio,E,G,D,811.75,403.0
6495,E,E,3,D,"(4, 7, 11)",viio,E,G,D,811.875,403.0
6496,E,E,3,D,"(4, 7, 11)",viio,E,G,D,812.0,403.0
6497,E,E,3,D,"(4, 7, 11)",viio,E,G,D,812.125,403.0
6498,A,D#,0,D,"(3, 6, 9)",viio,D#,F#,e,812.25,404.0
6499,A,D#,1,D,"(3, 6, 9)",viio,D#,F#,e,812.375,404.0
6500,A,D#,2,D,"(3, 6, 9)",viio,D#,F#,e,812.5,404.0
6501,A,D#,2,D,"(3, 6, 9)",viio,D#,F#,e,812.625,404.0
6502,A,D#,3,D,"(3, 6, 9)",viio,D#,F#,e,812.75,404.0
6503,A,D#,3,D,"(3, 6, 9)",viio,D#,F#,e,812.875,404.0
6504,A,D#,3,D,"(3, 6, 9)",viio,D#,F#,e,813.0,404.0
6505,A,D#,3,D,"(3, 6, 9)",viio,D#,F#,e,813.125,404.0
6506,A,E,0,D,"(4, 7, 11)",ii,C#,G,D,813.25,404.0
6507,A,E,1,D,"(4, 7, 11)",ii,C#,G,D,813.375,404.0
6508,A,E,2,D,"(4, 7, 11)",ii,C#,G,D,813.5,404.0
6509,A,E,2,D,"(4, 7, 11)",ii,C#,G,D,813.625,404.0
6510,E,E,3,D,"(4, 7, 11)",ii,C#,G,D,813.75,404.0
6511,E,E,3,D,"(4, 7, 11)",ii,C#,G,D,813.875,404.0
6512,E,E,3,D,"(4, 7, 11)",ii,C#,G,D,814.0,404.0
6513,E,E,3,D,"(4, 7, 11)",ii,C#,G,D,814.125,404.0
6514,G,C#,0,D,"(1, 4, 7, 9)",V7,A,E,D,814.25,405.0
6515,G,C#,1,D,"(1, 4, 7, 9)",V7,A,E,D,814.375,405.0
6516,G,C#,2,D,"(1, 4, 7, 9)",V7,A,E,D,814.5,405.0
6517,G,C#,2,D,"(1, 4, 7, 9)",V7,A,E,D,814.625,405.0
6518,G,C#,3,D,"(1, 4, 7, 9)",V7,A,E,D,814.75,405.0
6519,G,C#,3,D,"(1, 4, 7, 9)",V7,A,E,D,814.875,405.0
6520,G,C#,3,D,"(1, 4, 7, 9)",V7,A,E,D,815.0,405.0
6521,G,C#,3,D,"(1, 4, 7, 9)",V7,A,E,D,815.125,405.0
6522,A,D,0,D,"(2, 6, 9)",I,D,F#,D,815.25,405.0
6523,A,D,1,D,"(2, 6, 9)",I,D,F#,D,815.375,405.0
6524,A,D,2,D,"(2, 6, 9)",I,D,F#,D,815.5,405.0
6525,A,D,2,D,"(2, 6, 9)",I,D,F#,D,815.625,405.0
6526,A,D,3,D,"(2, 6, 9)",I,D,F#,D,815.75,405.0
6527,A,D,3,D,"(2, 6, 9)",I,D,F#,D,815.875,405.0
6528,A,D,3,D,"(2, 6, 9)",I,D,F#,D,816.0,405.0
6529,A,D,3,D,"(2, 6, 9)",I,D,F#,D,816.125,405.0
6530,E,A,0,D,"(1, 4, 9)",V7,A,C#,D,816.25,406.0
6531,E,A,1,D,"(1, 4, 9)",V7,A,C#,D,816.375,406.0
6532,E,A,2,D,"(1, 4, 9)",V7,A,C#,D,816.5,406.0
6533,E,A,2,D,"(1, 4, 9)",V7,A,C#,D,816.625,406.0
6534,E,A,3,D,"(1, 4, 7, 9)",V7,G,C#,D,816.75,406.0
6535,E,A,3,D,"(1, 4, 7, 9)",V7,G,C#,D,816.875,406.0
6536,E,A,3,D,"(1, 4, 7, 9)",V7,G,C#,D,817.0,406.0
6537,E,A,3,D,"(1, 4, 7, 9)",V7,G,C#,D,817.125,406.0
6538,E,A,4,D,"(1, 4, 7, 9)",V7,G,C#,D,817.25,406.0
6539,E,A,4,D,"(1, 4, 7, 9)",V7,G,C#,D,817.375,406.0
6540,E,A,4,D,"(1, 4, 7, 9)",V7,G,C#,D,817.5,406.0
6541,E,A,4,D,"(1, 4, 7, 9)",V7,G,C#,D,817.625,406.0
6542,E,A,4,D,"(1, 4, 7, 9)",V7,G,C#,D,817.75,406.0
6543,E,A,4,D,"(1, 4, 7, 9)",V7,G,C#,D,817.875,406.0
6544,E,A,4,D,"(1, 4, 7, 9)",V7,G,C#,D,818.0,406.0
6545,E,A,4,D,"(1, 4, 7, 9)",V7,G,C#,D,818.125,406.0
6546,A,F#,0,D,"(3, 6, 9)",viio,D#,A,D,818.25,407.0
6547,D#,F#,1,D,"(3, 6, 9)",viio,D#,A,D,818.375,407.0
6548,D#,F#,2,D,"(3, 6, 9)",viio,D#,A,D,818.5,407.0
6549,D#,F#,2,D,"(3, 6, 9)",viio,D#,A,D,818.625,407.0
6550,D#,F#,3,D,"(3, 6, 9)",viio,D#,A,D,818.75,407.0
6551,D#,F#,3,D,"(3, 6, 9)",viio,D#,A,D,818.875,407.0
6552,D#,F#,3,D,"(3, 6, 9)",viio,D#,A,D,819.0,407.0
6553,D#,F#,3,D,"(3, 6, 9)",viio,D#,A,D,819.125,407.0
6554,A,F#,4,D,"(3, 6, 9)",viio,D#,A,D,819.25,407.0
6555,A,F#,4,D,"(3, 6, 9)",viio,D#,A,D,819.375,407.0
6556,A,F#,4,D,"(3, 6, 9)",viio,D#,A,D,819.5,407.0
6557,A,F#,4,D,"(3, 6, 9)",viio,D#,A,D,819.625,407.0
6558,A,F#,4,D,"(3, 6, 9)",viio,D#,F#,D,819.75,407.0
6559,A,F#,4,D,"(3, 6, 9)",viio,D#,F#,D,819.875,407.0
6560,A,F#,4,D,"(3, 6, 9)",viio,D#,F#,D,820.0,407.0
6561,A,F#,4,D,"(3, 6, 9)",viio,D#,F#,D,820.125,407.0
6562,E,E,0,D,"(1, 4, 7, 9)",viio,E,G,D,820.25,408.0
6563,E,E,1,D,"(1, 4, 7, 9)",viio,C#,G,D,820.375,408.0
6564,E,E,2,D,"(1, 4, 7, 9)",viio,C#,G,D,820.5,408.0
6565,E,E,2,D,"(1, 4, 7, 9)",viio,C#,G,D,820.625,408.0
6566,E,E,3,D,"(1, 4, 7, 9)",viio,C#,G,D,820.75,408.0
6567,E,E,3,D,"(1, 4, 7, 9)",V7,C#,G,D,820.875,408.0
6568,E,E,3,D,"(1, 4, 7, 9)",V7,C#,G,D,821.0,408.0
6569,E,E,3,D,"(1, 4, 7, 9)",V7,C#,G,D,821.125,408.0
6570,C#,E,4,D,"(1, 4, 7, 9)",V7,C#,G,D,821.25,408.0
6571,C#,E,4,D,"(1, 4, 7, 9)",V7,C#,G,D,821.375,408.0
6572,C#,E,4,D,"(1, 4, 7, 9)",V7,C#,G,D,821.5,408.0
6573,C#,E,4,D,"(1, 4, 7, 9)",V7,C#,G,D,821.625,408.0
6574,E,E,4,D,"(1, 4, 7, 9)",V7,C#,G,D,821.75,408.0
6575,E,E,4,D,"(1, 4, 7, 9)",V7,C#,G,D,821.875,408.0
6576,E,E,4,D,"(1, 4, 7, 9)",V7,C#,G,D,822.0,408.0
6577,E,E,4,D,"(1, 4, 7, 9)",V7,C#,G,D,822.125,408.0
6578,A,D,0,D,"(2, 6, 9)",I,D,F#,D,822.25,409.0
6579,A,D,1,D,"(2, 6, 9)",I,D,F#,D,822.375,409.0
6580,A,D,2,D,"(2, 6, 9)",I,D,F#,D,822.5,409.0
6581,A,D,2,D,"(2, 6, 9)",I,D,F#,D,822.625,409.0
6582,A,D,3,D,"(2, 6, 9)",I,D,F#,D,822.75,409.0
6583,A,D,3,D,"(2, 6, 9)",I,D,F#,D,822.875,409.0
6584,A,D,3,D,"(2, 6, 9)",I,D,F#,D,823.0,409.0
6585,A,D,3,D,"(2, 6, 9)",I,D,F#,D,823.125,409.0
6586,A,D,4,D,"(2, 6, 9)",I,D,F#,D,823.25,409.0
6587,A,D,4,D,"(2, 6, 9)",I,D,F#,D,823.375,409.0
6588,A,D,4,D,"(2, 6, 9)",I,D,F#,D,823.5,409.0
6589,A,D,4,D,"(2, 6, 9)",I,D,F#,D,823.625,409.0
6590,A,D,4,D,"(2, 6, 9)",I,D,F#,D,823.75,409.0
6591,A,D,4,D,"(2, 6, 9)",I,D,F#,D,823.875,409.0
6592,A,D,4,D,"(2, 6, 9)",I,D,F#,D,824.0,409.0
6593,A,D,4,D,"(2, 6, 9)",I,D,F#,D,824.125,409.0
6594,A,D,0,D,"(2, 6, 9)",I,D,F#,D,824.25,410.0
6595,A,D,1,D,"(2, 6, 9)",I,D,F#,D,824.375,410.0
6596,A,D,2,D,"(2, 6, 9)",I,D,F#,D,824.5,410.0
6597,A,D,2,D,"(2, 6, 9)",I,D,F#,D,824.625,410.0
6598,A,D,3,D,"(2, 6, 9)",I,D,F#,D,824.75,410.0
6599,A,D,3,D,"(2, 6, 9)",I,D,F#,D,824.875,410.0
6600,A,D,3,D,"(2, 6, 9)",I,D,F#,D,825.0,410.0
6601,A,D,3,D,"(2, 6, 9)",I,D,F#,D,825.125,410.0
6602,A,D,4,D,"(2, 6, 9)",I,D,F#,D,825.25,410.0
6603,A,D,4,D,"(2, 6, 9)",I,D,F#,D,825.375,410.0
6604,A,D,4,D,"(2, 6, 9)",I,D,F#,D,825.5,410.0
6605,A,D,4,D,"(2, 6, 9)",I,D,F#,D,825.625,410.0
6606,A,D,4,D,"(2, 6, 9)",I,D,F#,D,825.75,410.0
6607,A,D,4,D,"(2, 6, 9)",I,D,F#,D,825.875,410.0
6608,A,D,4,D,"(2, 6, 9)",I,D,F#,D,826.0,410.0
6609,A,D,4,D,"(2, 6, 9)",I,D,F#,D,826.125,410.0
6610,E,A,0,D,"(1, 4, 7, 9)",V7,G,C#,D,826.25,410.0
6611,E,A,1,D,"(1, 4, 7, 9)",V7,G,C#,D,826.375,410.0
6612,E,A,2,D,"(1, 4, 7, 9)",V7,G,C#,D,826.5,410.0
6613,E,A,2,D,"(1, 4, 7, 9)",V7,G,C#,D,826.625,410.0
6614,E,A,3,D,"(1, 4, 7, 9)",V7,G,C#,D,826.75,410.0
6615,E,A,3,D,"(1, 4, 7, 9)",V7,G,C#,D,826.875,410.0
6616,E,A,3,D,"(1, 4, 7, 9)",V7,G,C#,D,827.0,410.0
6617,E,A,3,D,"(1, 4, 7, 9)",V7,G,C#,D,827.125,410.0
6618,A,D,0,D,"(2, 6, 9)",I,D,F#,D,827.25,411.0
6619,A,D,1,D,"(2, 6, 9)",I,D,F#,D,827.375,411.0
6620,A,D,2,D,"(2, 6, 9)",I,D,F#,D,827.5,411.0
6621,A,D,2,D,"(2, 6, 9)",I,D,F#,D,827.625,411.0
6622,A,D,3,D,"(2, 6, 9)",I,D,F#,D,827.75,411.0
6623,A,D,3,D,"(2, 6, 9)",I,D,F#,D,827.875,411.0
6624,A,D,3,D,"(2, 6, 9)",I,D,F#,D,828.0,411.0
6625,A,D,3,D,"(2, 6, 9)",I,D,F#,D,828.125,411.0
6626,A,D,4,D,"(2, 6, 9)",I,D,F#,D,828.25,411.0
6627,A,D,4,D,"(2, 6, 9)",I,D,F#,D,828.375,411.0
6628,A,D,4,D,"(2, 6, 9)",I,D,F#,D,828.5,411.0
6629,A,D,4,D,"(2, 6, 9)",I,D,F#,D,828.625,411.0
6630,A,D,4,D,"(2, 6, 9)",I,D,F#,D,828.75,411.0
6631,A,D,4,D,"(2, 6, 9)",I,D,F#,D,828.875,411.0
6632,A,D,4,D,"(2, 6, 9)",I,D,F#,D,829.0,411.0
6633,A,D,4,D,"(2, 6, 9)",I,D,F#,D,829.125,411.0
6634,A,A,0,D,"(0, 2, 6, 9)",V7,A,C,G,829.25,411.0
6635,A,A,1,D,"(0, 2, 6, 9)",V7,A,C,G,829.375,411.0
6636,A,A,2,D,"(0, 2, 6, 9)",V7,A,C,G,829.5,411.0
6637,A,A,2,D,"(0, 2, 6, 9)",V7,A,C,G,829.625,411.0
6638,D,A,3,D,"(0, 2, 6, 9)",V7,F#,C,G,829.75,411.0
6639,D,A,3,D,"(0, 2, 6, 9)",V7,F#,C,G,829.875,411.0
6640,D,A,3,D,"(0, 2, 6, 9)",V7,F#,C,G,830.0,411.0
6641,D,A,3,D,"(0, 2, 6, 9)",V7,F#,C,G,830.125,411.0
6642,D,G,0,D,"(2, 7, 11)",IV,G,B,D,830.25,412.0
6643,D,G,1,D,"(2, 7, 11)",IV,G,B,D,830.375,412.0
6644,D,G,2,D,"(2, 7, 11)",IV,G,B,D,830.5,412.0
6645,D,G,2,D,"(2, 7, 11)",IV,G,B,D,830.625,412.0
6646,D,G,3,D,"(2, 7, 11)",IV,G,B,D,830.75,412.0
6647,D,G,3,D,"(2, 7, 11)",IV,G,B,D,830.875,412.0
6648,D,G,3,D,"(2, 7, 11)",IV,G,B,D,831.0,412.0
6649,D,G,3,D,"(2, 7, 11)",IV,G,B,D,831.125,412.0
6650,D,G,4,D,"(2, 7, 11)",IV,G,B,D,831.25,412.0
6651,D,G,4,D,"(2, 7, 11)",IV,G,B,D,831.375,412.0
6652,D,G,4,D,"(2, 7, 11)",IV,G,B,D,831.5,412.0
6653,D,G,4,D,"(2, 7, 11)",IV,G,B,D,831.625,412.0
6654,D,G,4,D,"(2, 7, 11)",IV,G,B,D,831.75,412.0
6655,D,G,4,D,"(2, 7, 11)",IV,G,B,D,831.875,412.0
6656,D,G,4,D,"(2, 7, 11)",IV,G,B,D,832.0,412.0
6657,D,G,4,D,"(2, 7, 11)",IV,G,B,D,832.125,412.0
6658,D,G,5,D,"(2, 7, 11)",IV,G,B,D,832.25,412.0
6659,D,G,5,D,"(2, 7, 11)",IV,G,B,D,832.375,412.0
6660,D,G,5,D,"(2, 7, 11)",IV,G,B,D,832.5,412.0
6661,D,G,5,D,"(2, 7, 11)",IV,G,B,D,832.625,412.0
6662,D,G,5,D,"(2, 7, 11)",IV,G,B,D,832.75,412.0
6663,D,G,5,D,"(2, 7, 11)",IV,G,B,D,832.875,412.0
6664,D,G,5,D,"(2, 7, 11)",IV,G,B,D,833.0,412.0
6665,D,G,5,D,"(2, 7, 11)",IV,G,B,D,833.125,412.0
6666,D,F#,0,D,"(2, 6, 9)",I,D,A,D,833.25,413.0
6667,D,F#,1,D,"(2, 6, 9)",I,D,A,D,833.375,413.0
6668,D,F#,2,D,"(2, 6, 9)",I,D,A,D,833.5,413.0
6669,D,F#,2,D,"(2, 6, 9)",I,D,A,D,833.625,413.0
6670,D,F#,3,D,"(2, 6, 9)",I,D,A,D,833.75,413.0
6671,D,F#,3,D,"(2, 6, 9)",I,D,A,D,833.875,413.0
6672,D,F#,3,D,"(2, 6, 9)",I,D,A,D,834.0,413.0
6673,D,F#,3,D,"(2, 6, 9)",I,D,A,D,834.125,413.0
6674,D,F#,4,D,"(2, 6, 9)",I,D,A,D,834.25,413.0
6675,D,F#,4,D,"(2, 6, 9)",I,D,A,D,834.375,413.0
6676,D,F#,4,D,"(2, 6, 9)",I,D,A,D,834.5,413.0
6677,D,F#,4,D,"(2, 6, 9)",I,D,A,D,834.625,413.0
6678,D,F#,4,D,"(2, 6, 9)",I,D,A,D,834.75,413.0
6679,D,F#,4,D,"(2, 6, 9)",I,D,A,D,834.875,413.0
6680,D,F#,4,D,"(2, 6, 9)",I,D,A,D,835.0,413.0
6681,D,F#,4,D,"(2, 6, 9)",I,D,A,D,835.125,413.0
6682,D,F#,5,D,"(2, 6, 9)",I,D,A,D,835.25,413.0
6683,D,F#,5,D,"(2, 6, 9)",I,D,A,D,835.375,413.0
6684,D,F#,5,D,"(2, 6, 9)",I,D,A,D,835.5,413.0
6685,D,F#,5,D,"(2, 6, 9)",I,D,A,D,835.625,413.0
6686,D,F#,5,D,"(2, 6, 9)",I,D,A,D,835.75,413.0
6687,D,F#,5,D,"(2, 6, 9)",I,D,A,D,835.875,413.0
6688,D,F#,5,D,"(2, 6, 9)",I,D,A,D,836.0,413.0
6689,D,F#,5,D,"(2, 6, 9)",I,D,A,D,836.125,413.0
6690,D,D,0,D,"(2, 6, 9)",I,D,F#,D,836.25,414.0
6691,A,D,1,D,"(2, 6, 9)",I,D,F#,D,836.375,414.0
6692,A,D,2,D,"(2, 6, 9)",I,D,F#,D,836.5,414.0
6693,A,D,2,D,"(2, 6, 9)",I,D,F#,D,836.625,414.0
6694,A,D,3,D,"(2, 6, 9)",I,D,F#,D,836.75,414.0
6695,A,D,3,D,"(2, 6, 9)",I,D,F#,D,836.875,414.0
6696,A,D,3,D,"(2, 6, 9)",I,D,F#,D,837.0,414.0
6697,A,D,3,D,"(2, 6, 9)",I,D,F#,D,837.125,414.0
6698,A,D,4,D,"(2, 6, 9)",I,D,F#,D,837.25,414.0
6699,A,D,4,D,"(2, 6, 9)",I,D,F#,D,837.375,414.0
6700,A,D,4,D,"(2, 6, 9)",I,D,F#,D,837.5,414.0
6701,A,D,4,D,"(2, 6, 9)",I,D,F#,D,837.625,414.0
6702,A,D,4,D,"(2, 6, 9)",I,D,F#,D,837.75,414.0
6703,A,D,4,D,"(2, 6, 9)",I,D,F#,D,837.875,414.0
6704,A,D,4,D,"(2, 6, 9)",I,D,F#,D,838.0,414.0
6705,A,D,4,D,"(2, 6, 9)",I,D,F#,D,838.125,414.0
6706,A,D,5,D,"(2, 6, 9)",I,D,F#,D,838.25,414.0
6707,A,D,5,D,"(2, 6, 9)",I,D,F#,D,838.375,414.0
6708,A,D,5,D,"(2, 6, 9)",I,D,F#,D,838.5,414.0
6709,A,D,5,D,"(2, 6, 9)",I,D,F#,D,838.625,414.0
6710,A,D,5,D,"(2, 6, 9)",I,D,F#,D,838.75,414.0
6711,A,D,5,D,"(2, 6, 9)",I,D,F#,D,838.875,414.0
6712,A,D,5,D,"(2, 6, 9)",I,D,F#,D,839.0,414.0
6713,A,D,5,D,"(2, 6, 9)",I,D,F#,D,839.125,414.0
6714,A,E,0,D,"(1, 4, 7, 9)",V7,C#,G,D,839.25,415.0
6715,A,E,1,D,"(1, 4, 7, 9)",V7,C#,G,D,839.375,415.0
6716,A,E,2,D,"(1, 4, 7, 9)",V7,C#,G,D,839.5,415.0
6717,A,E,2,D,"(1, 4, 7, 9)",V7,C#,G,D,839.625,415.0
6718,A,E,3,D,"(1, 4, 7, 9)",V7,C#,G,D,839.75,415.0
6719,A,E,3,D,"(1, 4, 7, 9)",V7,C#,G,D,839.875,415.0
6720,A,E,3,D,"(1, 4, 7, 9)",V7,C#,G,D,840.0,415.0
6721,A,E,3,D,"(1, 4, 7, 9)",V7,C#,G,D,840.125,415.0
6722,C#,E,4,D,"(1, 4, 7, 9)",V7,E,G,D,840.25,415.0
6723,C#,E,4,D,"(1, 4, 7, 9)",V7,E,G,D,840.375,415.0
6724,C#,E,4,D,"(1, 4, 7, 9)",V7,E,G,D,840.5,415.0
6725,C#,E,4,D,"(1, 4, 7, 9)",V7,E,G,D,840.625,415.0
6726,E,A,0,D,"(1, 4, 7, 9)",V7,G,C#,D,840.75,415.0
6727,E,A,1,D,"(1, 4, 7, 9)",V7,G,C#,D,840.875,415.0
6728,E,A,2,D,"(1, 4, 7, 9)",V7,G,C#,D,841.0,415.0
6729,E,A,2,D,"(1, 4, 7, 9)",V7,G,C#,D,841.125,415.0
6730,E,A,3,D,"(1, 4, 7, 9)",V7,G,C#,D,841.25,415.0
6731,E,A,3,D,"(1, 4, 7, 9)",V7,G,C#,D,841.375,415.0
6732,E,A,3,D,"(1, 4, 7, 9)",V7,G,C#,D,841.5,415.0
6733,E,A,3,D,"(1, 4, 7, 9)",V7,G,C#,D,841.625,415.0
6734,E,A,4,D,"(1, 4, 7, 9)",V7,G,C#,D,841.75,415.0
6735,E,A,4,D,"(1, 4, 7, 9)",V7,G,C#,D,841.875,415.0
6736,E,A,4,D,"(1, 4, 7, 9)",V7,G,C#,D,842.0,415.0
6737,E,A,4,D,"(1, 4, 7, 9)",V7,G,C#,D,842.125,415.0
6738,A,D,0,D,"(2, 6, 9)",I,D,F#,D,842.25,416.0
6739,A,D,1,D,"(2, 6, 9)",I,D,F#,D,842.375,416.0
6740,A,D,2,D,"(2, 6, 9)",I,D,F#,D,842.5,416.0
6741,A,D,2,D,"(2, 6, 9)",I,D,F#,D,842.625,416.0
6742,A,D,0,D,"(2, 6, 9)",V7,D,F#,D,842.75,416.0
6743,A,D,1,D,"(2, 6, 9)",V7,D,F#,D,842.875,416.0
6744,A,D,3,D,"(2, 6, 9)",V7,D,F#,D,843.0,416.0
6745,A,D,3,D,"(2, 6, 9)",V7,D,F#,D,843.125,416.0
6746,G,D,0,D,"(2, 4, 7, 11)",ii,E,E,D,843.25,416.0
6747,G,D,1,D,"(2, 4, 7, 11)",ii,E,E,D,843.375,416.0
6748,G,D,2,D,"(2, 4, 7, 11)",ii,E,E,D,843.5,416.0
6749,G,D,2,D,"(2, 4, 7, 11)",ii,E,E,D,843.625,416.0
6750,A,E,0,D,"(1, 4, 7, 9)",V7,D,A,D,843.75,416.0
6751,A,E,1,D,"(1, 4, 7, 9)",V7,D,A,D,843.875,416.0
6752,A,E,2,D,"(1, 4, 7, 9)",V7,D,A,D,844.0,416.0
6753,A,E,2,D,"(1, 4, 7, 9)",V7,D,A,D,844.125,416.0
6754,A,F#,0,D,"(2, 6, 9)",I,D,A,D,844.25,416.0
6755,A,F#,1,D,"(2, 6, 9)",I,D,A,D,844.375,416.0
6756,A,F#,2,D,"(2, 6, 9)",I,D,A,D,844.5,416.0
6757,A,F#,3,D,"(2, 6, 9)",I,D,A,D,844.625,416.0
6758,A,F#,3,D,"(2, 6, 9)",I,D,A,D,844.75,416.0
6759,A,F#,3,D,"(2, 6, 9)",I,D,A,D,844.875,416.0
6760,A,F#,3,D,"(2, 6, 9)",I,D,A,D,845.0,416.0
6761,A,F#,3,D,"(2, 6, 9)",I,D,A,D,845.125,416.0
6762,D,F#,0,D,"(2, 6, 9)",I,D,A,D,845.25,417.0
6763,D,F#,1,D,"(2, 6, 9)",I,D,A,D,845.375,417.0
6764,D,F#,2,D,"(2, 6, 9)",I,D,A,D,845.5,417.0
6765,D,F#,2,D,"(2, 6, 9)",I,D,A,D,845.625,417.0
6766,D,F#,3,D,"(2, 6, 9)",I,D,A,D,845.75,417.0
6767,D,F#,3,D,"(2, 6, 9)",I,D,A,D,845.875,417.0
6768,D,F#,3,D,"(2, 6, 9)",I,D,A,D,846.0,417.0
6769,D,F#,3,D,"(2, 6, 9)",I,D,A,D,846.125,417.0
6770,E,E,0,D,"(1, 4, 9)",V,A,A,D,846.25,417.0
6771,E,E,1,D,"(1, 4, 9)",V,A,A,D,846.375,417.0
6772,E,E,2,D,"(1, 4, 9)",V,A,A,D,846.5,417.0
6773,E,E,2,D,"(1, 4, 9)",V,A,A,D,846.625,417.0
6774,E,A,0,D,"(1, 4, 9)",V,A,C#,D,846.75,417.0
6775,E,A,1,D,"(2, 6, 9)",V,D,C#,D,846.875,417.0
6776,E,A,2,D,"(2, 6, 9)",V,D,C#,D,847.0,417.0
6777,E,A,2,D,"(2, 6, 9)",V,D,C#,D,847.125,417.0
6778,D,A,0,D,"(2, 6, 9)",V7,D,A,D,847.25,417.0
6779,D,A,1,D,"(2, 6, 9)",V7,D,A,D,847.375,417.0
6780,D,A,2,D,"(2, 6, 9)",V7,D,A,D,847.5,417.0
6781,D,A,2,D,"(2, 6, 9)",V7,D,A,D,847.625,417.0
6782,D,A,4,D,"(2, 6, 9)",I,D,A,D,847.75,417.0
6783,D,A,4,D,"(2, 6, 9)",I,D,A,D,847.875,417.0
6784,D,A,4,D,"(2, 6, 9)",I,D,A,D,848.0,417.0
6785,D,A,4,D,"(2, 6, 9)",I,D,A,D,848.125,417.0
6786,A,D,0,D,"(2, 6, 9)",I,D,F#,D,848.25,418.0
6787,A,D,1,D,"(2, 6, 9)",I,D,F#,D,848.375,418.0
6788,A,D,2,D,"(2, 6, 9)",I,D,F#,D,848.5,418.0
6789,A,D,2,D,"(2, 6, 9)",I,D,F#,D,848.625,418.0
6790,A,D,3,D,"(2, 6, 9)",I,D,F#,D,848.75,418.0
6791,A,D,3,D,"(2, 6, 9)",I,D,F#,D,848.875,418.0
6792,A,D,3,D,"(2, 6, 9)",I,D,F#,D,849.0,418.0
6793,A,D,3,D,"(2, 6, 9)",I,D,F#,D,849.125,418.0
6794,A,D,4,D,"(2, 6, 9)",I,D,F#,D,849.25,418.0
6795,A,D,4,D,"(2, 6, 9)",I,D,F#,D,849.375,418.0
6796,A,D,4,D,"(2, 6, 9)",I,D,F#,D,849.5,418.0
6797,A,D,4,D,"(2, 6, 9)",I,D,F#,D,849.625,418.0
6798,A,D,4,D,"(2, 6, 9)",I,D,F#,D,849.75,418.0
6799,A,D,4,D,"(2, 6, 9)",I,D,F#,D,849.875,418.0
6800,A,D,4,D,"(2, 6, 9)",I,D,F#,D,850.0,418.0
6801,A,D,4,D,"(2, 6, 9)",I,D,F#,D,850.125,418.0
6802,A,D,0,D,"(1, 4, 7, 9)",V7,G,C#,D,850.25,418.0
6803,A,D,1,D,"(1, 4, 7, 9)",V7,G,C#,D,850.375,418.0
6804,A,D,2,D,"(1, 4, 7, 9)",V7,G,C#,D,850.5,418.0
6805,A,D,2,D,"(1, 4, 7, 9)",V7,G,C#,D,850.625,418.0
6806,A,D,3,D,"(1, 4, 7, 9)",V7,G,C#,D,850.75,418.0
6807,A,D,3,D,"(1, 4, 7, 9)",V7,G,C#,D,850.875,418.0
6808,A,D,3,D,"(1, 4, 7, 9)",V7,G,C#,D,851.0,418.0
6809,A,D,3,D,"(1, 4, 7, 9)",V7,G,C#,D,851.125,418.0
6810,A,D,0,D,"(2, 6, 9)",I,D,F#,D,851.25,419.0
6811,A,D,1,D,"(2, 6, 9)",I,D,F#,D,851.375,419.0
6812,A,D,2,D,"(2, 6, 9)",I,D,F#,D,851.5,419.0
6813,A,D,2,D,"(2, 6, 9)",I,D,F#,D,851.625,419.0
6814,A,D,3,D,"(2, 6, 9)",I,D,F#,D,851.75,419.0
6815,A,D,3,D,"(2, 6, 9)",I,D,F#,D,851.875,419.0
6816,A,D,3,D,"(2, 6, 9)",I,D,F#,D,852.0,419.0
6817,A,D,3,D,"(2, 6, 9)",I,D,F#,D,852.125,419.0
6818,A,D,4,D,"(2, 6, 9)",I,D,F#,D,852.25,419.0
6819,A,D,4,D,"(2, 6, 9)",I,D,F#,D,852.375,419.0
6820,A,D,4,D,"(2, 6, 9)",I,D,F#,D,852.5,419.0
6821,A,D,4,D,"(2, 6, 9)",I,D,F#,D,852.625,419.0
6822,A,D,4,D,"(2, 6, 9)",I,D,F#,D,852.75,419.0
6823,A,D,4,D,"(2, 6, 9)",I,D,F#,D,852.875,419.0
6824,A,D,4,D,"(2, 6, 9)",I,D,F#,D,853.0,419.0
6825,A,D,4,D,"(2, 6, 9)",I,D,F#,D,853.125,419.0
6826,A,F#,0,D,"(0, 2, 6, 9)",V7,D,A,D,853.25,419.0
6827,C,F#,1,D,"(0, 2, 6, 9)",V7,D,A,D,853.375,419.0
6828,C,F#,2,D,"(0, 2, 6, 9)",V7,D,A,D,853.5,419.0
6829,C,F#,2,D,"(0, 2, 6, 9)",V7,D,A,D,853.625,419.0
6830,C,F#,3,D,"(0, 2, 6, 9)",V7,D,A,G,853.75,419.0
6831,C,F#,3,D,"(0, 2, 6, 9)",V7,D,A,G,853.875,419.0
6832,C,F#,3,D,"(0, 2, 6, 9)",V7,D,A,G,854.0,419.0
6833,C,F#,3,D,"(0, 2, 6, 9)",V7,D,A,G,854.125,419.0
6834,D,G,0,D,"(2, 7, 11)",IV,G,B,D,854.25,420.0
6835,D,G,1,D,"(2, 7, 11)",IV,G,B,D,854.375,420.0
6836,D,G,2,D,"(2, 7, 11)",IV,G,B,D,854.5,420.0
6837,D,G,2,D,"(2, 7, 11)",IV,G,B,D,854.625,420.0
6838,D,G,3,D,"(2, 7, 11)",IV,G,B,D,854.75,420.0
6839,D,G,3,D,"(2, 7, 11)",IV,G,B,D,854.875,420.0
6840,D,G,3,D,"(2, 7, 11)",IV,G,B,D,855.0,420.0
6841,D,G,3,D,"(2, 7, 11)",IV,G,B,D,855.125,420.0
6842,D,G,4,D,"(2, 7, 11)",IV,G,B,D,855.25,420.0
6843,D,G,4,D,"(2, 7, 11)",IV,G,B,D,855.375,420.0
6844,D,G,4,D,"(2, 7, 11)",IV,G,B,D,855.5,420.0
6845,D,G,4,D,"(2, 7, 11)",IV,G,B,D,855.625,420.0
6846,D,G,4,D,"(2, 7, 11)",IV,G,B,D,855.75,420.0
6847,D,G,4,D,"(2, 7, 11)",IV,G,B,D,855.875,420.0
6848,D,G,4,D,"(2, 7, 11)",IV,G,B,D,856.0,420.0
6849,D,G,4,D,"(2, 7, 11)",IV,G,B,D,856.125,420.0
6850,D,G,5,D,"(2, 7, 11)",IV,G,B,D,856.25,420.0
6851,D,G,5,D,"(2, 7, 11)",IV,G,B,D,856.375,420.0
6852,D,G,5,D,"(2, 7, 11)",IV,G,B,D,856.5,420.0
6853,D,G,5,D,"(2, 7, 11)",IV,G,B,D,856.625,420.0
6854,D,G,5,D,"(2, 7, 11)",IV,G,B,D,856.75,420.0
6855,D,G,5,D,"(2, 7, 11)",IV,G,B,D,856.875,420.0
6856,D,G,5,D,"(2, 7, 11)",IV,G,B,D,857.0,420.0
6857,D,G,5,D,"(2, 7, 11)",IV,G,B,D,857.125,420.0
6858,D,F#,0,D,"(2, 6, 9)",I,D,A,D,857.25,421.0
6859,D,F#,1,D,"(2, 6, 9)",I,D,A,D,857.375,421.0
6860,D,F#,2,D,"(2, 6, 9)",I,D,A,D,857.5,421.0
6861,D,F#,2,D,"(2, 6, 9)",I,D,A,D,857.625,421.0
6862,D,F#,3,D,"(2, 6, 9)",I,D,A,D,857.75,421.0
6863,D,F#,3,D,"(2, 6, 9)",I,D,A,D,857.875,421.0
6864,D,F#,3,D,"(2, 6, 9)",I,D,A,D,858.0,421.0
6865,D,F#,3,D,"(2, 6, 9)",I,D,A,D,858.125,421.0
6866,D,F#,4,D,"(2, 6, 9)",I,D,A,D,858.25,421.0
6867,D,F#,4,D,"(2, 6, 9)",I,D,A,D,858.375,421.0
6868,D,F#,4,D,"(2, 6, 9)",I,D,A,D,858.5,421.0
6869,D,F#,4,D,"(2, 6, 9)",I,D,A,D,858.625,421.0
6870,D,F#,4,D,"(2, 6, 9)",I,D,A,D,858.75,421.0
6871,D,F#,4,D,"(2, 6, 9)",I,D,A,D,858.875,421.0
6872,D,F#,4,D,"(2, 6, 9)",I,D,A,D,859.0,421.0
6873,D,F#,4,D,"(2, 6, 9)",I,D,A,D,859.125,421.0
6874,D,F#,5,D,"(2, 6, 9)",I,D,A,D,859.25,421.0
6875,D,F#,5,D,"(2, 6, 9)",I,D,A,D,859.375,421.0
6876,D,F#,5,D,"(2, 6, 9)",I,D,A,D,859.5,421.0
6877,D,F#,5,D,"(2, 6, 9)",I,D,A,D,859.625,421.0
6878,D,F#,5,D,"(2, 6, 9)",I,D,A,D,859.75,421.0
6879,D,F#,5,D,"(2, 6, 9)",I,D,A,D,859.875,421.0
6880,D,F#,5,D,"(2, 6, 9)",I,D,A,D,860.0,421.0
6881,D,F#,5,D,"(2, 6, 9)",I,D,A,D,860.125,421.0
6882,D,F#,0,D,"(2, 6, 9)",V,D,A,D,860.25,422.0
6883,D,F#,1,D,"(2, 6, 9)",V,D,A,D,860.375,422.0
6884,D,F#,2,D,"(2, 6, 9)",V,D,A,D,860.5,422.0
6885,D,F#,2,D,"(2, 6, 9)",V,D,A,D,860.625,422.0
6886,D,F#,3,D,"(2, 6, 9)",V,D,A,D,860.75,422.0
6887,D,F#,3,D,"(2, 6, 9)",V,D,A,D,860.875,422.0
6888,D,F#,3,D,"(2, 6, 9)",V,D,A,D,861.0,422.0
6889,D,F#,3,D,"(2, 6, 9)",V,D,A,D,861.125,422.0
6890,D,F#,4,D,"(2, 6, 9)",V,D,A,D,861.25,422.0
6891,D,F#,4,D,"(2, 6, 9)",V,D,A,D,861.375,422.0
6892,D,F#,4,D,"(2, 6, 9)",V,D,A,D,861.5,422.0
6893,D,F#,4,D,"(2, 6, 9)",V,D,A,D,861.625,422.0
6894,F#,F#,4,D,"(2, 6, 9)",V,D,A,D,861.75,422.0
6895,F#,F#,4,D,"(2, 6, 9)",V,D,A,D,861.875,422.0
6896,F#,F#,4,D,"(2, 6, 9)",V,D,A,D,862.0,422.0
6897,F#,F#,4,D,"(2, 6, 9)",V7,D,A,D,862.125,422.0
6898,F#,F#,5,D,"(2, 6, 9)",V7,D,D,D,862.25,422.0
6899,F#,F#,5,D,"(2, 6, 9)",V7,D,D,D,862.375,422.0
6900,F#,F#,5,D,"(2, 6, 9)",V7,D,D,D,862.5,422.0
6901,F#,F#,5,D,"(2, 6, 9)",V7,D,D,D,862.625,422.0
6902,F#,F#,5,D,"(2, 6, 9)",V7,D,D,D,862.75,422.0
6903,F#,F#,5,D,"(2, 6, 9)",V7,D,D,D,862.875,422.0
6904,F#,F#,5,D,"(2, 6, 9)",V7,D,D,D,863.0,422.0
6905,F#,F#,5,D,"(2, 6, 9)",V7,D,D,D,863.125,422.0
6906,G,C#,0,D,"(1, 4, 7, 9)",V7,A,E,D,863.25,423.0
6907,G,C#,1,D,"(1, 4, 7, 9)",V7,A,E,D,863.375,423.0
6908,G,C#,2,D,"(1, 4, 7, 9)",V7,A,E,D,863.5,423.0
6909,G,C#,2,D,"(1, 4, 7, 9)",V7,A,E,D,863.625,423.0
6910,G,C#,3,D,"(1, 4, 7, 9)",V7,A,E,D,863.75,423.0
6911,G,C#,3,D,"(1, 4, 7, 9)",V7,A,E,D,863.875,423.0
6912,G,C#,3,D,"(1, 4, 7, 9)",V7,A,E,D,864.0,423.0
6913,G,C#,3,D,"(1, 4, 7, 9)",V7,A,E,D,864.125,423.0
6914,G,C#,4,D,"(1, 4, 7, 9)",V7,A,E,D,864.25,423.0
6915,G,C#,4,D,"(1, 4, 7, 9)",V7,A,E,D,864.375,423.0
6916,G,C#,4,D,"(1, 4, 7, 9)",V7,A,E,D,864.5,423.0
6917,G,C#,4,D,"(1, 4, 7, 9)",V7,A,E,D,864.625,423.0
6918,G,C#,4,D,"(1, 4, 7, 9)",V7,A,E,D,864.75,423.0
6919,G,C#,4,D,"(1, 4, 7, 9)",V7,A,E,D,864.875,423.0
6920,G,C#,4,D,"(1, 4, 7, 9)",V7,A,E,D,865.0,423.0
6921,G,C#,4,D,"(1, 4, 7, 9)",V7,A,E,D,865.125,423.0
6922,G,C#,5,D,"(1, 4, 7, 9)",V7,A,E,D,865.25,423.0
6923,G,C#,5,D,"(1, 4, 7, 9)",V7,A,E,D,865.375,423.0
6924,G,C#,5,D,"(1, 4, 7, 9)",V7,A,E,D,865.5,423.0
6925,G,C#,5,D,"(1, 4, 7, 9)",V7,A,E,D,865.625,423.0
6926,G,C#,5,D,"(1, 4, 7, 9)",V7,A,E,D,865.75,423.0
6927,G,C#,5,D,"(1, 4, 7, 9)",V7,A,E,D,865.875,423.0
6928,G,C#,5,D,"(1, 4, 7, 9)",V7,A,E,D,866.0,423.0
6929,G,C#,5,D,"(1, 4, 7, 9)",V7,A,E,D,866.125,423.0
6930,C#,F#,0,D,"(1, 6, 9)",iii,F#,A,D,866.25,424.0
6931,C#,F#,1,D,"(1, 6, 9)",iii,F#,A,D,866.375,424.0
6932,C#,F#,2,D,"(1, 6, 9)",iii,F#,A,D,866.5,424.0
6933,C#,F#,2,D,"(1, 6, 9)",iii,F#,A,D,866.625,424.0
6934,D#,A,0,D,"(3, 6, 9, 11)",V7,F#,B,e,866.75,424.0
6935,D#,A,1,D,"(3, 6, 9, 11)",V7,F#,B,e,866.875,424.0
6936,D#,A,2,D,"(3, 6, 9, 11)",V7,F#,B,e,867.0,424.0
6937,D#,A,2,D,"(3, 6, 9, 11)",V7,F#,B,e,867.125,424.0
6938,E,G,0,D,"(4, 7, 11)",ii,E,B,D,867.25,424.0
6939,E,G,1,D,"(4, 7, 11)",ii,E,B,D,867.375,424.0
6940,E,G,2,D,"(4, 7, 11)",ii,E,B,D,867.5,424.0
6941,E,G,2,D,"(4, 7, 11)",ii,E,B,D,867.625,424.0
6942,C#,G,0,D,"(1, 4, 7, 9)",V7,E,A,D,867.75,424.0
6943,C#,G,1,D,"(1, 4, 7, 9)",V7,E,A,D,867.875,424.0
6944,C#,G,2,D,"(1, 4, 7, 9)",V7,E,A,D,868.0,424.0
6945,C#,G,2,D,"(1, 4, 7, 9)",V7,E,A,D,868.125,424.0
6946,D,F#,0,D,"(2, 6, 9)",I,D,A,D,868.25,424.0
6947,D,F#,1,D,"(2, 6, 9)",I,D,A,D,868.375,424.0
6948,D,F#,2,D,"(2, 6, 9)",I,D,A,D,868.5,424.0
6949,D,F#,2,D,"(2, 6, 9)",I,D,A,D,868.625,424.0
6950,D,F#,3,D,"(2, 6, 9)",I,D,A,D,868.75,424.0
6951,D,F#,3,D,"(2, 6, 9)",I,D,A,D,868.875,424.0
6952,D,F#,3,D,"(2, 6, 9)",I,D,A,D,869.0,424.0
6953,D,F#,3,D,"(2, 6, 9)",I,D,A,D,869.125,424.0
6954,A,F#,0,D,"(2, 6, 9)",I,D,A,D,869.25,425.0
6955,A,F#,1,D,"(2, 6, 9)",I,D,A,D,869.375,425.0
6956,A,F#,2,D,"(2, 6, 9)",I,D,A,D,869.5,425.0
6957,A,F#,2,D,"(2, 6, 9)",I,D,A,D,869.625,425.0
6958,A,F#,0,D,"(2, 6, 9)",I,D,A,D,869.75,425.0
6959,A,F#,1,D,"(2, 6, 9)",I,D,A,D,869.875,425.0
6960,A,F#,2,D,"(2, 6, 9)",I,D,A,D,870.0,425.0
6961,A,F#,2,D,"(2, 6, 9)",I,D,A,D,870.125,425.0
6962,A,E,0,D,"(1, 4, 9)",V,E,A,D,870.25,425.0
6963,A,E,1,D,"(1, 4, 9)",V,E,A,D,870.375,425.0
6964,A,E,2,D,"(1, 4, 9)",V,E,A,D,870.5,425.0
6965,A,E,2,D,"(1, 4, 9)",V,E,A,D,870.625,425.0
6966,E,A,0,D,"(1, 4, 9)",I,A,C#,D,870.75,425.0
6967,E,A,1,D,"(1, 4, 9)",I,A,C#,D,870.875,425.0
6968,E,A,2,D,"(1, 4, 9)",I,A,C#,D,871.0,425.0
6969,E,A,2,D,"(1, 4, 9)",I,A,C#,D,871.125,425.0
6970,C#,G,0,D,"(1, 4, 7, 9)",V7,A,C#,D,871.25,425.0
6971,C#,G,1,D,"(1, 4, 7, 9)",V7,A,C#,D,871.375,425.0
6972,C#,G,2,D,"(1, 4, 7, 9)",V7,A,C#,D,871.5,425.0
6973,C#,G,2,D,"(1, 4, 7, 9)",V7,A,C#,D,871.625,425.0
6974,E,A,3,D,"(1, 4, 7, 9)",V7,A,C#,D,871.75,425.0
6975,E,A,3,D,"(1, 4, 7, 9)",V7,A,C#,D,871.875,425.0
6976,E,A,3,D,"(1, 4, 7, 9)",V7,A,C#,D,872.0,425.0
6977,E,A,3,D,"(1, 4, 7, 9)",V7,A,C#,D,872.125,425.0
6978,E,A,0,D,"(1, 4, 9)",V,A,C#,D,872.25,426.0
6979,E,A,1,D,"(1, 4, 9)",V7,A,C#,D,872.375,426.0
6980,E,A,2,D,"(1, 4, 9)",V7,A,C#,D,872.5,426.0
6981,E,A,2,D,"(1, 4, 9)",V7,A,C#,D,872.625,426.0
6982,E,A,3,D,"(1, 4, 9)",V7,A,C#,D,872.75,426.0
6983,E,A,3,D,"(1, 4, 9)",V7,A,C#,D,872.875,426.0
6984,E,A,3,D,"(1, 4, 9)",V7,A,C#,D,873.0,426.0
6985,E,A,3,D,"(1, 4, 9)",V7,A,C#,D,873.125,426.0
6986,E,A,4,D,"(1, 4, 7, 9)",V7,A,C#,D,873.25,426.0
6987,E,A,4,D,"(1, 4, 7, 9)",V7,A,C#,D,873.375,426.0
6988,E,A,4,D,"(1, 4, 7, 9)",V7,A,C#,D,873.5,426.0
6989,E,A,4,D,"(1, 4, 7, 9)",V7,A,C#,D,873.625,426.0
6990,E,A,4,D,"(1, 4, 7, 9)",V7,G,C#,D,873.75,426.0
6991,E,A,4,D,"(1, 4, 7, 9)",V7,G,C#,D,873.875,426.0
6992,E,A,4,D,"(1, 4, 7, 9)",V7,G,C#,D,874.0,426.0
6993,E,A,4,D,"(1, 4, 7, 9)",V7,G,C#,D,874.125,426.0
6994,C#,G,0,D,"(1, 4, 7, 9)",V7,E,A,D,874.25,426.0
6995,C#,G,1,D,"(1, 4, 7, 9)",V7,E,A,D,874.375,426.0
6996,C#,G,2,D,"(1, 4, 7, 9)",V7,E,A,D,874.5,426.0
6997,C#,G,2,D,"(1, 4, 7, 9)",V7,E,A,D,874.625,426.0
6998,C#,G,3,D,"(1, 4, 7, 9)",V7,E,A,D,874.75,426.0
6999,C#,G,3,D,"(1, 4, 7, 9)",V7,E,A,D,874.875,426.0
7000,C#,G,3,D,"(1, 4, 7, 9)",V7,E,A,D,875.0,426.0
7001,C#,G,3,D,"(1, 4, 7, 9)",V7,E,A,D,875.125,426.0
7002,A,F#,0,D,"(2, 6, 9)",I,D,F#,D,875.25,427.0
7003,D,F#,1,D,"(2, 6, 9)",I,D,F#,D,875.375,427.0
7004,D,F#,2,D,"(2, 6, 9)",I,D,F#,D,875.5,427.0
7005,D,F#,2,D,"(2, 6, 9)",I,D,F#,D,875.625,427.0
7006,A,D,3,D,"(2, 6, 9)",I,D,F#,D,875.75,427.0
7007,A,D,3,D,"(2, 6, 9)",I,D,F#,D,875.875,427.0
7008,A,D,3,D,"(2, 6, 9)",I,D,F#,D,876.0,427.0
7009,A,D,3,D,"(2, 6, 9)",I,D,F#,D,876.125,427.0
7010,A,D,4,D,"(2, 6, 9)",I,D,F#,D,876.25,427.0
7011,A,D,4,D,"(2, 6, 9)",I,D,F#,D,876.375,427.0
7012,A,D,4,D,"(2, 6, 9)",I,D,F#,D,876.5,427.0
7013,A,D,4,D,"(2, 6, 9)",I,D,F#,D,876.625,427.0
7014,A,D,4,D,"(2, 6, 9)",I,D,F#,D,876.75,427.0
7015,A,D,4,D,"(2, 6, 9)",I,D,F#,D,876.875,427.0
7016,A,D,4,D,"(2, 6, 9)",I,D,F#,D,877.0,427.0
7017,A,D,4,D,"(2, 6, 9)",I,D,F#,D,877.125,427.0
7018,A,D,5,D,"(2, 6, 9)",I,D,F#,D,877.25,427.0
7019,A,D,5,D,"(2, 6, 9)",I,D,F#,D,877.375,427.0
7020,A,D,5,D,"(2, 6, 9)",I,D,F#,D,877.5,427.0
7021,A,D,5,D,"(2, 6, 9)",I,D,F#,D,877.625,427.0
7022,A,D,5,D,"(2, 6, 9)",I,D,F#,D,877.75,427.0
7023,A,D,5,D,"(2, 6, 9)",I,D,F#,D,877.875,427.0
7024,A,D,5,D,"(2, 6, 9)",I,D,F#,D,878.0,427.0
7025,A,D,5,D,"(2, 6, 9)",I,D,F#,D,878.125,427.0
7026,G,C#,0,D,"(1, 4, 7, 9)",V7,A,E,D,878.25,428.0
7027,G,C#,1,D,"(1, 4, 7, 9)",V7,A,E,D,878.375,428.0
7028,G,C#,2,D,"(1, 4, 7, 9)",V7,A,E,D,878.5,428.0
7029,G,C#,2,D,"(1, 4, 7, 9)",V7,A,E,D,878.625,428.0
7030,G,C#,3,D,"(1, 4, 7, 9)",V7,A,E,D,878.75,428.0
7031,G,C#,3,D,"(1, 4, 7, 9)",V7,A,E,D,878.875,428.0
7032,G,C#,3,D,"(1, 4, 7, 9)",V7,A,E,D,879.0,428.0
7033,G,C#,3,D,"(1, 4, 7, 9)",V7,A,E,D,879.125,428.0
7034,G,C#,4,D,"(1, 4, 7, 9)",V7,A,E,D,879.25,428.0
7035,G,C#,4,D,"(1, 4, 7, 9)",V7,A,E,D,879.375,428.0
7036,G,C#,4,D,"(1, 4, 7, 9)",V7,A,E,D,879.5,428.0
7037,G,C#,4,D,"(1, 4, 7, 9)",V7,A,E,D,879.625,428.0
7038,G,C#,4,D,"(1, 4, 7, 9)",V7,E,E,D,879.75,428.0
7039,G,C#,4,D,"(1, 4, 7, 9)",V7,E,E,D,879.875,428.0
7040,G,G,3,D,"(1, 4, 7, 9)",V7,A,E,D,880.0,428.0
7041,G,G,3,D,"(1, 4, 7, 9)",V7,A,E,D,880.125,428.0
7042,G,G,4,D,"(1, 4, 7, 9)",V7,A,E,D,880.25,428.0
7043,G,G,4,D,"(1, 4, 7, 9)",V7,A,E,D,880.375,428.0
7044,G,G,4,D,"(1, 4, 7, 9)",V7,A,E,D,880.5,428.0
7045,G,G,4,D,"(1, 4, 7, 9)",V7,A,E,D,880.625,428.0
7046,G,G,4,D,"(1, 4, 7, 9)",V7,A,E,D,880.75,428.0
7047,G,G,4,D,"(1, 4, 7, 9)",V7,A,E,D,880.875,428.0
7048,G,G,4,D,"(1, 4, 7, 9)",V7,A,E,D,881.0,428.0
7049,G,G,4,D,"(1, 4, 7, 9)",V7,A,E,D,881.125,428.0
7050,D,D,0,D,"(2, 6, 9)",I,D,A,D,881.25,429.0
7051,D,D,1,D,"(2, 6, 9)",I,D,A,D,881.375,429.0
7052,D,D,2,D,"(2, 6, 9)",I,D,A,D,881.5,429.0
7053,D,D,2,D,"(2, 6, 9)",I,D,A,D,881.625,429.0
7054,A,D,3,D,"(2, 6, 9)",I,D,F#,D,881.75,429.0
7055,A,D,3,D,"(2, 6, 9)",I,D,F#,D,881.875,429.0
7056,A,D,3,D,"(2, 6, 9)",I,D,F#,D,882.0,429.0
7057,A,D,3,D,"(2, 6, 9)",I,D,F#,D,882.125,429.0
7058,A,D,4,D,"(2, 6, 9)",I,D,F#,D,882.25,429.0
7059,A,D,4,D,"(2, 6, 9)",I,D,F#,D,882.375,429.0
7060,A,D,4,D,"(2, 6, 9)",I,D,F#,D,882.5,429.0
7061,A,D,4,D,"(2, 6, 9)",I,D,F#,D,882.625,429.0
7062,A,D,4,D,"(2, 6, 9)",I,D,F#,D,882.75,429.0
7063,A,D,4,D,"(2, 6, 9)",I,D,F#,D,882.875,429.0
7064,A,D,4,D,"(2, 6, 9)",I,D,F#,D,883.0,429.0
7065,A,D,4,D,"(2, 6, 9)",I,D,F#,D,883.125,429.0
7066,A,D,5,D,"(2, 6, 9)",I,D,F#,D,883.25,429.0
7067,A,D,5,D,"(2, 6, 9)",I,D,F#,D,883.375,429.0
7068,A,D,5,D,"(2, 6, 9)",I,D,F#,D,883.5,429.0
7069,A,D,5,D,"(2, 6, 9)",I,D,F#,D,883.625,429.0
7070,A,D,5,D,"(2, 6, 9)",I,D,F#,D,883.75,429.0
7071,D,D,5,D,"(2, 6, 9)",I,D,F#,D,883.875,429.0
7072,D,D,5,D,"(2, 6, 9)",I,D,F#,D,884.0,429.0
7073,D,F#,5,D,"(2, 6, 9)",I,D,F#,D,884.125,429.0
7074,D,B,0,D,"(2, 4, 8, 11)",V7,G#,D,D,884.25,430.0
7075,D,G#,1,D,"(2, 8, 11)",V7,G#,D,D,884.375,430.0
7076,D,G#,2,D,"(2, 8, 11)",V7,G#,D,D,884.5,430.0
7077,D,G#,2,D,"(2, 8, 11)",V7,G#,D,D,884.625,430.0
7078,D,G#,3,D,"(2, 4, 8, 11)",V7,G#,B,D,884.75,430.0
7079,D,G#,3,D,"(2, 4, 8, 11)",V7,G#,B,D,884.875,430.0
7080,D,G#,3,D,"(2, 4, 8, 11)",V7,G#,B,D,885.0,430.0
7081,D,G#,3,D,"(2, 4, 8, 11)",V7,G#,B,D,885.125,430.0
7082,D,G#,4,D,"(2, 4, 8, 11)",V7,G#,B,D,885.25,430.0
7083,D,G#,4,D,"(2, 4, 8, 11)",V7,G#,B,D,885.375,430.0
7084,D,G#,4,D,"(2, 4, 8, 11)",V7,G#,B,D,885.5,430.0
7085,D,G#,4,D,"(2, 4, 8, 11)",V7,G#,B,D,885.625,430.0
7086,D,G#,4,D,"(2, 4, 8, 11)",V7,G#,B,D,885.75,430.0
7087,D,G#,4,D,"(2, 4, 8, 11)",V7,G#,B,D,885.875,430.0
7088,D,G#,4,D,"(2, 4, 8, 11)",V7,G#,B,D,886.0,430.0
7089,D,G#,4,D,"(2, 4, 8, 11)",V7,G#,B,D,886.125,430.0
7090,E,A,0,D,"(0, 4, 9)",V,A,C,G,886.25,430.0
7091,E,A,1,D,"(0, 4, 9)",V,A,C,G,886.375,430.0
7092,E,A,2,D,"(0, 4, 9)",V,A,C,G,886.5,430.0
7093,E,A,2,D,"(0, 4, 9)",V,A,C,G,886.625,430.0
7094,E,A,3,D,"(0, 4, 9)",V,A,C,G,886.75,430.0
7095,E,A,3,D,"(0, 4, 9)",V,A,C,G,886.875,430.0
7096,E,A,3,D,"(0, 4, 9)",V,A,C,G,887.0,430.0
7097,E,A,3,D,"(0, 4, 9)",V,A,C,G,887.125,430.0
7098,A,F#,0,D,"(0, 2, 6, 9)",V7,D,A,G,887.25,431.0
7099,A,F#,1,D,"(0, 2, 6, 9)",V7,D,A,G,887.375,431.0
7100,A,F#,2,D,"(0, 2, 6, 9)",V7,D,A,G,887.5,431.0
7101,A,F#,2,D,"(0, 2, 6, 9)",V7,D,A,G,887.625,431.0
7102,F#,F#,3,D,"(0, 2, 6, 9)",V7,D,A,G,887.75,431.0
7103,F#,F#,3,D,"(0, 2, 6, 9)",V7,D,A,G,887.875,431.0
7104,F#,F#,3,D,"(0, 2, 6, 9)",V7,D,A,G,888.0,431.0
7105,F#,F#,3,D,"(0, 2, 6, 9)",V7,D,A,G,888.125,431.0
7106,F#,F#,4,D,"(0, 2, 6, 9)",V7,D,A,G,888.25,431.0
7107,F#,F#,4,D,"(0, 2, 6, 9)",V7,D,A,G,888.375,431.0
7108,F#,F#,4,D,"(0, 2, 6, 9)",V7,D,A,G,888.5,431.0
7109,F#,F#,4,D,"(0, 2, 6, 9)",V7,D,A,G,888.625,431.0
7110,F#,F#,4,D,"(0, 2, 6, 9)",V7,D,A,G,888.75,431.0
7111,F#,F#,4,D,"(0, 2, 6, 9)",V7,D,A,G,888.875,431.0
7112,F#,F#,4,D,"(0, 2, 6, 9)",V7,D,A,G,889.0,431.0
7113,F#,F#,4,D,"(0, 2, 6, 9)",V7,D,A,G,889.125,431.0
7114,G,B,0,D,"(2, 7, 11)",IV,G,D,D,889.25,431.0
7115,G,B,1,D,"(2, 7, 11)",IV,G,D,D,889.375,431.0
7116,G,B,2,D,"(2, 7, 11)",IV,G,D,D,889.5,431.0
7117,G,B,2,D,"(2, 7, 11)",IV,G,D,D,889.625,431.0
7118,G,B,3,D,"(2, 7, 11)",IV,G,D,D,889.75,431.0
7119,G,B,3,D,"(2, 7, 11)",IV,G,D,D,889.875,431.0
7120,G,B,3,D,"(2, 7, 11)",IV,G,D,D,890.0,431.0
7121,G,B,3,D,"(2, 7, 11)",IV,G,D,D,890.125,431.0
7122,E,G,0,D,"(4, 7, 11)",ii,E,B,D,890.25,432.0
7123,E,G,1,D,"(4, 7, 11)",ii,E,B,D,890.375,432.0
7124,E,G,2,D,"(4, 7, 11)",ii,E,B,D,890.5,432.0
7125,E,G,2,D,"(4, 7, 11)",ii,E,B,D,890.625,432.0
7126,E,G,3,D,"(4, 7, 11)",ii,E,B,D,890.75,432.0
7127,E,G,3,D,"(4, 7, 11)",ii,E,B,D,890.875,432.0
7128,E,G,3,D,"(4, 7, 11)",ii,E,B,D,891.0,432.0
7129,E,G,3,D,"(4, 7, 11)",ii,E,B,D,891.125,432.0
7130,E,G,4,D,"(4, 7, 11)",ii,E,B,D,891.25,432.0
7131,E,G,4,D,"(4, 7, 11)",ii,E,B,D,891.375,432.0
7132,E,G,4,D,"(4, 7, 11)",ii,E,B,D,891.5,432.0
7133,E,G,4,D,"(4, 7, 11)",ii,E,B,D,891.625,432.0
7134,E,G,4,D,"(4, 7, 11)",ii,E,B,D,891.75,432.0
7135,E,G,4,D,"(4, 7, 11)",ii,E,B,D,891.875,432.0
7136,E,G,4,D,"(4, 7, 11)",ii,E,B,D,892.0,432.0
7137,E,G,4,D,"(4, 7, 11)",ii,E,B,D,892.125,432.0
7138,E,A,0,D,"(1, 4, 7, 9)",V7,G,C#,D,892.25,432.0
7139,E,A,1,D,"(1, 4, 7, 9)",V7,G,C#,D,892.375,432.0
7140,E,A,2,D,"(1, 4, 7, 9)",V7,G,C#,D,892.5,432.0
7141,E,A,2,D,"(1, 4, 7, 9)",V7,G,C#,D,892.625,432.0
7142,E,A,3,D,"(1, 4, 7, 9)",V7,G,C#,D,892.75,432.0
7143,E,A,3,D,"(1, 4, 7, 9)",V7,G,C#,D,892.875,432.0
7144,E,A,3,D,"(1, 4, 7, 9)",V7,G,C#,D,893.0,432.0
7145,E,A,3,D,"(1, 4, 7, 9)",V7,G,C#,D,893.125,432.0
7146,A,D,0,D,"(2, 6, 9)",I,D,F#,D,893.25,433.0
7147,A,D,1,D,"(2, 6, 9)",I,D,F#,D,893.375,433.0
7148,A,D,2,D,"(2, 6, 9)",I,D,F#,D,893.5,433.0
7149,A,D,2,D,"(2, 6, 9)",I,D,F#,D,893.625,433.0
7150,A,D,3,D,"(2, 6, 9)",I,D,F#,D,893.75,433.0
7151,A,D,3,D,"(2, 6, 9)",I,D,F#,D,893.875,433.0
7152,A,D,3,D,"(2, 6, 9)",I,D,F#,D,894.0,433.0
7153,A,D,3,D,"(2, 6, 9)",I,D,F#,D,894.125,433.0
7154,A,D,4,D,"(2, 6, 9)",I,D,F#,D,894.25,433.0
7155,A,D,4,D,"(2, 6, 9)",I,D,F#,D,894.375,433.0
7156,A,D,4,D,"(2, 6, 9)",I,D,F#,D,894.5,433.0
7157,A,D,4,D,"(2, 6, 9)",I,D,F#,D,894.625,433.0
7158,A,D,4,D,"(2, 6, 9)",I,D,F#,D,894.75,433.0
7159,A,D,4,D,"(2, 6, 9)",I,D,F#,D,894.875,433.0
7160,A,D,4,D,"(2, 6, 9)",I,D,F#,D,895.0,433.0
7161,A,D,4,D,"(2, 6, 9)",I,D,F#,D,895.125,433.0
7162,A,D,5,D,"(2, 6, 9)",I,D,F#,D,895.25,433.0
7163,A,D,5,D,"(2, 6, 9)",I,D,F#,D,895.375,433.0
7164,A,D,5,D,"(2, 6, 9)",I,D,F#,D,895.5,433.0
7165,A,D,5,D,"(2, 6, 9)",I,D,F#,D,895.625,433.0
7166,A,D,5,D,"(2, 6, 9)",I,D,F#,D,895.75,433.0
7167,A,D,5,D,"(2, 6, 9)",I,D,F#,D,895.875,433.0
7168,A,D,5,D,"(2, 6, 9)",I,D,F#,D,896.0,433.0
7169,A,D,5,D,"(2, 6, 9)",I,D,F#,D,896.125,433.0
7170,E,A,0,D,"(1, 4, 7, 9)",V7,G,C#,D,896.25,434.0
7171,E,A,1,D,"(1, 4, 7, 9)",V7,G,C#,D,896.375,434.0
7172,E,A,2,D,"(1, 4, 7, 9)",V7,G,C#,D,896.5,434.0
7173,E,A,2,D,"(1, 4, 7, 9)",V7,G,C#,D,896.625,434.0
7174,E,A,3,D,"(1, 4, 7, 9)",V7,G,C#,D,896.75,434.0
7175,E,A,3,D,"(1, 4, 7, 9)",V7,G,C#,D,896.875,434.0
7176,E,A,3,D,"(1, 4, 7, 9)",V7,G,C#,D,897.0,434.0
7177,E,A,3,D,"(1, 4, 7, 9)",V7,G,C#,D,897.125,434.0
7178,E,A,4,D,"(1, 4, 7, 9)",V7,G,C#,D,897.25,434.0
7179,E,A,4,D,"(1, 4, 7, 9)",V7,G,C#,D,897.375,434.0
7180,E,A,4,D,"(1, 4, 7, 9)",V7,G,C#,D,897.5,434.0
7181,E,A,4,D,"(1, 4, 7, 9)",V7,G,C#,D,897.625,434.0
7182,E,A,4,D,"(1, 4, 7, 9)",V7,G,C#,D,897.75,434.0
7183,E,A,4,D,"(1, 4, 7, 9)",V7,G,C#,D,897.875,434.0
7184,E,A,4,D,"(1, 4, 7, 9)",V7,G,C#,D,898.0,434.0
7185,E,A,4,D,"(1, 4, 7, 9)",V7,G,C#,D,898.125,434.0
7186,E,G,0,D,"(1, 4, 7, 9)",V7,G,C#,D,898.25,434.0
7187,E,G,1,D,"(1, 4, 7, 9)",V7,G,C#,D,898.375,434.0
7188,E,G,5,D,"(1, 4, 7, 9)",V7,G,C#,D,898.5,434.0
7189,E,G,5,D,"(1, 4, 7, 9)",V7,G,C#,D,898.625,434.0
7190,E,G,3,D,"(1, 4, 7, 9)",V7,G,C#,D,898.75,434.0
7191,E,G,3,D,"(1, 4, 7, 9)",V7,G,C#,D,898.875,434.0
7192,E,G,3,D,"(1, 4, 7, 9)",V7,G,C#,D,899.0,434.0
7193,E,G,3,D,"(1, 4, 7, 9)",V7,G,C#,D,899.125,434.0
7194,A,D,0,D,"(2, 6, 9)",I,D,F#,D,899.25,435.0
7195,A,D,1,D,"(2, 6, 9)",I,D,F#,D,899.375,435.0
7196,A,D,2,D,"(2, 6, 9)",I,D,F#,D,899.5,435.0
7197,A,D,2,D,"(2, 6, 9)",I,D,F#,D,899.625,435.0
7198,A,D,3,D,"(2, 6, 9)",I,D,F#,D,899.75,435.0
7199,A,D,3,D,"(2, 6, 9)",I,D,F#,D,899.875,435.0
7200,A,D,3,D,"(2, 6, 9)",I,D,F#,D,900.0,435.0
7201,A,D,3,D,"(2, 6, 9)",I,D,F#,D,900.125,435.0
7202,A,D,4,D,"(2, 6, 9)",I,D,F#,D,900.25,435.0
7203,A,D,4,D,"(2, 6, 9)",I,D,F#,D,900.375,435.0
7204,A,D,4,D,"(2, 6, 9)",I,D,F#,D,900.5,435.0
7205,A,D,4,D,"(2, 6, 9)",I,D,F#,D,900.625,435.0
7206,A,D,4,D,"(2, 6, 9)",I,D,F#,D,900.75,435.0
7207,A,D,4,D,"(2, 6, 9)",I,D,F#,D,900.875,435.0
7208,A,D,4,D,"(2, 6, 9)",I,D,F#,D,901.0,435.0
7209,A,D,4,D,"(2, 6, 9)",I,D,F#,D,901.125,435.0
7210,A,D,5,D,"(2, 6, 9)",I,D,F#,D,901.25,435.0
7211,A,D,5,D,"(2, 6, 9)",I,D,F#,D,901.375,435.0
7212,A,D,5,D,"(2, 6, 9)",I,D,F#,D,901.5,435.0
7213,A,D,5,D,"(2, 6, 9)",I,D,F#,D,901.625,435.0
7214,A,D,5,D,"(2, 6, 9)",I,D,F#,D,901.75,435.0
7215,A,D,5,D,"(2, 6, 9)",I,D,F#,D,901.875,435.0
7216,A,D,5,D,"(2, 6, 9)",I,D,F#,D,902.0,435.0
7217,A,D,5,D,"(2, 6, 9)",I,D,F#,D,902.125,435.0
7218,G,C#,0,D,"(1, 4, 7, 9)",V7,A,E,D,902.25,436.0
7219,G,C#,1,D,"(1, 4, 7, 9)",V7,A,E,D,902.375,436.0
7220,G,C#,2,D,"(1, 4, 7, 9)",V7,A,E,D,902.5,436.0
7221,G,C#,2,D,"(1, 4, 7, 9)",V7,A,E,D,902.625,436.0
7222,G,C#,3,D,"(1, 4, 7, 9)",V7,A,E,D,902.75,436.0
7223,G,C#,3,D,"(1, 4, 7, 9)",V7,A,E,D,902.875,436.0
7224,G,C#,3,D,"(1, 4, 7, 9)",V7,A,E,D,903.0,436.0
7225,G,C#,3,D,"(1, 4, 7, 9)",V7,A,E,D,903.125,436.0
7226,G,C#,4,D,"(1, 4, 7, 9)",V7,A,E,D,903.25,436.0
7227,G,C#,4,D,"(1, 4, 7, 9)",V7,A,E,D,903.375,436.0
7228,G,C#,4,D,"(1, 4, 7, 9)",V7,A,E,D,903.5,436.0
7229,G,C#,4,D,"(1, 4, 7, 9)",V7,A,E,D,903.625,436.0
7230,G,C#,4,D,"(1, 4, 7, 9)",V7,A,E,D,903.75,436.0
7231,G,C#,4,D,"(1, 4, 7, 9)",V7,A,E,D,903.875,436.0
7232,G,C#,4,D,"(1, 4, 7, 9)",V7,A,E,D,904.0,436.0
7233,G,C#,4,D,"(1, 4, 7, 9)",V7,A,E,D,904.125,436.0
7234,G,C#,5,D,"(1, 4, 7, 9)",V7,A,E,D,904.25,436.0
7235,G,C#,5,D,"(1, 4, 7, 9)",V7,A,E,D,904.375,436.0
7236,G,C#,5,D,"(1, 4, 7, 9)",V7,A,E,D,904.5,436.0
7237,G,C#,5,D,"(1, 4, 7, 9)",V7,A,E,D,904.625,436.0
7238,G,C#,5,D,"(1, 4, 7, 9)",V7,A,E,D,904.75,436.0
7239,G,C#,5,D,"(1, 4, 7, 9)",V7,A,E,D,904.875,436.0
7240,G,C#,5,D,"(1, 4, 7, 9)",V7,A,E,D,905.0,436.0
7241,G,C#,5,D,"(1, 4, 7, 9)",V7,A,E,D,905.125,436.0
7242,D,D,0,D,"(2, 6, 9)",I,D,F#,D,905.25,437.0
7243,D,D,1,D,"(2, 6, 9)",I,D,A,D,905.375,437.0
7244,D,F#,2,D,"(2, 6, 9)",I,D,F#,D,905.5,437.0
7245,D,D,2,D,"(2, 6, 9)",I,D,F#,D,905.625,437.0
7246,A,D,3,D,"(2, 6, 9)",I,D,F#,D,905.75,437.0
7247,A,D,3,D,"(2, 6, 9)",I,D,F#,D,905.875,437.0
7248,A,D,3,D,"(2, 6, 9)",I,D,F#,D,906.0,437.0
7249,A,D,3,D,"(2, 6, 9)",I,D,F#,D,906.125,437.0
7250,A,D,4,D,"(2, 6, 9)",I,D,F#,D,906.25,437.0
7251,A,D,4,D,"(2, 6, 9)",I,D,F#,D,906.375,437.0
7252,A,D,4,D,"(2, 6, 9)",I,D,F#,D,906.5,437.0
7253,A,D,4,D,"(2, 6, 9)",I,D,F#,D,906.625,437.0
7254,A,D,4,D,"(2, 6, 9)",I,D,F#,D,906.75,437.0
7255,A,D,4,D,"(2, 6, 9)",I,D,F#,D,906.875,437.0
7256,A,D,4,D,"(2, 6, 9)",I,D,F#,D,907.0,437.0
7257,A,D,4,D,"(2, 6, 9)",I,D,F#,D,907.125,437.0
7258,D,D,5,D,"(2, 6, 9)",I,D,F#,D,907.25,437.0
7259,D,D,5,D,"(2, 6, 9)",I,D,F#,D,907.375,437.0
7260,D,D,5,D,"(2, 6, 9)",I,D,F#,D,907.5,437.0
7261,D,D,5,D,"(2, 6, 9)",I,D,F#,D,907.625,437.0
7262,A,D,5,D,"(2, 6, 9)",I,D,F#,D,907.75,437.0
7263,A,D,5,D,"(2, 6, 9)",I,D,F#,D,907.875,437.0
7264,A,D,5,D,"(2, 6, 9)",I,D,F#,D,908.0,437.0
7265,D,D,5,D,"(2, 6, 9)",I,D,F#,D,908.125,437.0
7266,E,G#,0,D,"(2, 4, 8, 11)",V7,G#,D,A,908.25,438.0
7267,E,B,1,D,"(2, 4, 8, 11)",V7,G#,D,A,908.375,438.0
7268,E,B,2,D,"(2, 4, 8, 11)",V7,G#,D,A,908.5,438.0
7269,E,B,2,D,"(2, 4, 8, 11)",V7,G#,D,A,908.625,438.0
7270,E,G#,3,D,"(2, 4, 8, 11)",V7,G#,D,A,908.75,438.0
7271,E,G#,3,D,"(2, 4, 8, 11)",V7,G#,D,A,908.875,438.0
7272,E,G#,3,D,"(2, 4, 8, 11)",V7,G#,D,A,909.0,438.0
7273,E,G#,3,D,"(2, 4, 8, 11)",V7,G#,D,A,909.125,438.0
7274,D,G#,4,D,"(2, 4, 8, 11)",V7,E,B,A,909.25,438.0
7275,D,G#,4,D,"(2, 4, 8, 11)",V7,E,B,A,909.375,438.0
7276,D,G#,4,D,"(2, 4, 8, 11)",V7,E,B,A,909.5,438.0
7277,D,G#,4,D,"(2, 4, 8, 11)",V7,E,B,A,909.625,438.0
7278,D,G#,4,D,"(2, 4, 8, 11)",V7,E,B,A,909.75,438.0
7279,D,G#,4,D,"(2, 4, 8, 11)",V7,E,B,A,909.875,438.0
7280,D,G#,4,D,"(2, 4, 8, 11)",V7,E,B,A,910.0,438.0
7281,D,G#,4,D,"(2, 4, 8, 11)",V7,E,B,A,910.125,438.0
7282,E,A,0,D,"(0, 4, 9)",ii,A,C,G,910.25,438.0
7283,E,A,1,D,"(0, 4, 9)",ii,A,C,G,910.375,438.0
7284,E,A,2,D,"(0, 4, 9)",ii,A,C,G,910.5,438.0
7285,E,A,2,D,"(0, 4, 9)",ii,A,C,G,910.625,438.0
7286,E,A,3,D,"(0, 4, 9)",ii,A,C,G,910.75,438.0
7287,E,A,3,D,"(0, 4, 9)",ii,A,C,G,910.875,438.0
7288,E,A,3,D,"(0, 4, 9)",ii,A,C,G,911.0,438.0
7289,E,A,3,D,"(0, 4, 9)",ii,A,C,G,911.125,438.0
7290,C,F#,0,D,"(0, 2, 6, 9)",V7,D,A,G,911.25,439.0
7291,C,F#,1,D,"(0, 2, 6, 9)",V7,D,A,G,911.375,439.0
7292,C,F#,2,D,"(0, 2, 6, 9)",V7,D,A,G,911.5,439.0
7293,C,F#,2,D,"(0, 2, 6, 9)",V7,D,A,G,911.625,439.0
7294,C,F#,3,D,"(0, 2, 6, 9)",V7,D,A,G,911.75,439.0
7295,C,F#,3,D,"(0, 2, 6, 9)",V7,D,A,G,911.875,439.0
7296,C,F#,3,D,"(0, 2, 6, 9)",V7,D,A,G,912.0,439.0
7297,C,F#,3,D,"(0, 2, 6, 9)",V7,D,A,G,912.125,439.0
7298,C,F#,4,D,"(0, 2, 6, 9)",V7,D,A,G,912.25,439.0
7299,C,F#,4,D,"(0, 2, 6, 9)",V7,D,A,G,912.375,439.0
7300,C,F#,4,D,"(0, 2, 6, 9)",V7,D,A,G,912.5,439.0
7301,C,F#,4,D,"(0, 2, 6, 9)",V7,D,A,G,912.625,439.0
7302,C,F#,4,D,"(0, 2, 6, 9)",V7,D,A,G,912.75,439.0
7303,C,F#,4,D,"(0, 2, 6, 9)",V7,D,A,G,912.875,439.0
7304,C,F#,4,D,"(0, 2, 6, 9)",V7,D,A,G,913.0,439.0
7305,C,F#,4,D,"(0, 2, 6, 9)",V7,D,A,G,913.125,439.0
7306,D,G,0,D,"(2, 7, 11)",IV,G,B,D,913.25,439.0
7307,D,G,1,D,"(2, 7, 11)",IV,G,B,D,913.375,439.0
7308,D,G,2,D,"(2, 7, 11)",IV,G,B,D,913.5,439.0
7309,D,G,2,D,"(2, 7, 11)",IV,G,B,D,913.625,439.0
7310,D,G,3,D,"(2, 7, 11)",IV,G,B,D,913.75,439.0
7311,D,G,3,D,"(2, 7, 11)",IV,G,B,D,913.875,439.0
7312,D,G,3,D,"(2, 7, 11)",IV,G,B,D,914.0,439.0
7313,D,G,3,D,"(2, 7, 11)",IV,G,B,D,914.125,439.0
7314,E,G,0,D,"(4, 7, 11)",ii,E,B,D,914.25,440.0
7315,E,G,1,D,"(4, 7, 11)",ii,E,B,D,914.375,440.0
7316,E,G,2,D,"(4, 7, 11)",ii,E,B,D,914.5,440.0
7317,E,G,2,D,"(4, 7, 11)",ii,E,B,D,914.625,440.0
7318,E,G,3,D,"(4, 7, 11)",ii,E,B,D,914.75,440.0
7319,E,G,3,D,"(4, 7, 11)",ii,E,B,D,914.875,440.0
7320,E,G,3,D,"(4, 7, 11)",ii,E,B,D,915.0,440.0
7321,E,G,3,D,"(4, 7, 11)",ii,E,B,D,915.125,440.0
7322,E,G,4,D,"(4, 7, 11)",ii,E,B,D,915.25,440.0
7323,E,G,4,D,"(4, 7, 11)",ii,E,B,D,915.375,440.0
7324,E,G,4,D,"(4, 7, 11)",ii,E,B,D,915.5,440.0
7325,E,G,4,D,"(4, 7, 11)",ii,E,B,D,915.625,440.0
7326,E,G,4,D,"(4, 7, 11)",ii,E,B,D,915.75,440.0
7327,E,G,4,D,"(4, 7, 11)",ii,E,B,D,915.875,440.0
7328,E,G,4,D,"(4, 7, 11)",ii,E,B,D,916.0,440.0
7329,E,G,4,D,"(4, 7, 11)",ii,E,B,D,916.125,440.0
7330,E,A,0,D,"(1, 4, 7, 9)",V7,G,C#,D,916.25,440.0
7331,E,A,1,D,"(1, 4, 7, 9)",V7,G,C#,D,916.375,440.0
7332,E,A,2,D,"(1, 4, 7, 9)",V7,G,C#,D,916.5,440.0
7333,E,A,2,D,"(1, 4, 7, 9)",V7,G,C#,D,916.625,440.0
7334,E,A,3,D,"(1, 4, 7, 9)",V7,G,C#,D,916.75,440.0
7335,E,A,3,D,"(1, 4, 7, 9)",V7,G,C#,D,916.875,440.0
7336,E,A,3,D,"(1, 4, 7, 9)",V7,G,C#,D,917.0,440.0
7337,E,A,3,D,"(1, 4, 7, 9)",V7,G,C#,D,917.125,440.0
7338,A,D,0,D,"(2, 6, 9)",I,D,E,D,917.25,441.0
7339,A,D,1,D,"(2, 6, 9)",I,D,E,D,917.375,441.0
7340,A,D,2,D,"(2, 6, 9)",I,D,E,D,917.5,441.0
7341,A,D,2,D,"(2, 6, 9)",I,D,E,D,917.625,441.0
7342,A,D,3,D,"(2, 6, 9)",I,D,E,D,917.75,441.0
7343,A,D,3,D,"(2, 6, 9)",I,D,E,D,917.875,441.0
7344,A,D,3,D,"(2, 6, 9)",I,D,E,D,918.0,441.0
7345,A,D,3,D,"(2, 6, 9)",I,D,E,D,918.125,441.0
7346,A,D,0,D,"(2, 6, 9)",I,D,F#,D,918.25,441.0
7347,A,D,4,D,"(2, 6, 9)",I,D,F#,D,918.375,441.0
7348,A,D,4,D,"(2, 6, 9)",I,D,F#,D,918.5,441.0
7349,A,D,4,D,"(2, 6, 9)",I,D,F#,D,918.625,441.0
7350,A,D,4,D,"(2, 6, 9)",I,D,F#,D,918.75,441.0
7351,A,D,4,D,"(2, 6, 9)",I,D,F#,D,918.875,441.0
7352,A,D,4,D,"(2, 6, 9)",I,D,F#,D,919.0,441.0
7353,A,D,4,D,"(2, 6, 9)",I,D,F#,D,919.125,441.0
7354,A,D,0,D,"(2, 6, 9)",I,D,F#,D,919.25,441.0
7355,A,D,1,D,"(2, 6, 9)",I,D,F#,D,919.375,441.0
7356,A,D,2,D,"(2, 6, 9)",I,D,F#,D,919.5,441.0
7357,A,D,2,D,"(2, 6, 9)",I,D,F#,D,919.625,441.0
7358,A,D,3,D,"(2, 6, 9)",I,D,F#,D,919.75,441.0
7359,A,D,3,D,"(2, 6, 9)",I,D,F#,D,919.875,441.0
7360,A,D,3,D,"(2, 6, 9)",I,D,F#,D,920.0,441.0
7361,A,D,3,D,"(2, 6, 9)",I,D,F#,D,920.125,441.0
7362,A,D,0,D,"(2, 6, 9)",I,D,F#,D,920.25,442.0
7363,A,D,1,D,"(2, 6, 9)",I,D,F#,D,920.375,442.0
7364,A,D,2,D,"(2, 6, 9)",I,D,F#,D,920.5,442.0
7365,A,D,2,D,"(2, 6, 9)",I,D,F#,D,920.625,442.0
7366,A,D,3,D,"(2, 6, 9)",I,D,F#,D,920.75,442.0
7367,A,D,3,D,"(2, 6, 9)",I,D,F#,D,920.875,442.0
7368,A,D,3,D,"(2, 6, 9)",I,D,F#,D,921.0,442.0
7369,A,D,3,D,"(2, 6, 9)",I,D,F#,D,921.125,442.0
7370,A,D,4,D,"(2, 6, 9)",I,D,F#,D,921.25,442.0
7371,A,D,4,D,"(2, 6, 9)",I,D,F#,D,921.375,442.0
7372,A,D,4,D,"(2, 6, 9)",I,D,F#,D,921.5,442.0
7373,A,D,4,D,"(2, 6, 9)",I,D,F#,D,921.625,442.0
7374,A,D,4,D,"(2, 6, 9)",I,D,F#,D,921.75,442.0
7375,A,D,4,D,"(2, 6, 9)",I,D,F#,D,921.875,442.0
7376,A,D,4,D,"(2, 6, 9)",I,D,F#,D,922.0,442.0
7377,A,D,4,D,"(2, 6, 9)",I,D,F#,D,922.125,442.0
7378,A,D,0,D,"(2, 6, 9)",I,D,F#,D,922.25,443.0
7379,A,D,1,D,"(2, 6, 9)",I,D,F#,D,922.375,443.0
7380,A,D,2,D,"(2, 6, 9)",I,D,F#,D,922.5,443.0
7381,A,D,2,D,"(2, 6, 9)",I,D,F#,D,922.625,443.0
7382,A,D,3,D,"(2, 6, 9)",I,D,F#,D,922.75,443.0
7383,A,D,3,D,"(2, 6, 9)",I,D,F#,D,922.875,443.0
7384,A,D,3,D,"(2, 6, 9)",I,D,F#,D,923.0,443.0
7385,A,D,3,D,"(2, 6, 9)",I,D,F#,D,923.125,443.0
7386,A,D,4,D,"(2, 6, 9)",I,D,F#,D,923.25,443.0
7387,A,D,4,D,"(2, 6, 9)",I,D,F#,D,923.375,443.0
7388,A,D,4,D,"(2, 6, 9)",I,D,F#,D,923.5,443.0
7389,A,D,4,D,"(2, 6, 9)",I,D,F#,D,923.625,443.0
7390,A,D,4,D,"(2, 6, 9)",I,D,F#,D,923.75,443.0
7391,A,D,4,D,"(2, 6, 9)",I,D,F#,D,923.875,443.0
7392,A,D,4,D,"(2, 6, 9)",I,D,F#,D,924.0,443.0
7393,A,D,4,D,"(2, 6, 9)",I,D,F#,D,924.125,443.0
7394,D,G,0,D,"(2, 7, 11)",IV,G,B,D,924.25,444.0
7395,D,G,1,D,"(2, 7, 11)",IV,G,B,D,924.375,444.0
7396,D,G,2,D,"(2, 7, 11)",IV,G,B,D,924.5,444.0
7397,D,G,2,D,"(2, 7, 11)",IV,G,B,D,924.625,444.0
7398,D,G,3,D,"(2, 7, 11)",IV,G,B,D,924.75,444.0
7399,D,G,3,D,"(2, 4, 7, 11)",IV,G,B,D,924.875,444.0
7400,D,G,3,D,"(2, 4, 7, 11)",IV,G,B,D,925.0,444.0
7401,D,G,3,D,"(2, 4, 7, 11)",IV,G,B,D,925.125,444.0
7402,D,G,4,D,"(2, 4, 7, 11)",ii7,G,B,D,925.25,444.0
7403,D,G,4,D,"(2, 4, 7, 11)",ii7,G,B,D,925.375,444.0
7404,D,G,4,D,"(2, 4, 7, 11)",ii7,G,B,D,925.5,444.0
7405,D,G,4,D,"(2, 4, 7, 11)",ii7,G,B,D,925.625,444.0
7406,D,G,4,D,"(2, 4, 7, 11)",IV,G,B,D,925.75,444.0
7407,D,G,4,D,"(2, 4, 7, 11)",IV,G,B,D,925.875,444.0
7408,D,G,4,D,"(2, 4, 7, 11)",IV,G,B,D,926.0,444.0
7409,D,G,4,D,"(2, 4, 7, 11)",IV,G,B,D,926.125,444.0
7410,A,D,0,D,"(2, 6, 9)",I,D,F#,D,926.25,445.0
7411,A,D,1,D,"(2, 6, 9)",I,D,F#,D,926.375,445.0
7412,A,D,2,D,"(2, 6, 9)",I,D,F#,D,926.5,445.0
7413,A,D,2,D,"(2, 6, 9)",I,D,F#,D,926.625,445.0
7414,A,D,3,D,"(2, 6, 9)",I,D,F#,D,926.75,445.0
7415,A,D,3,D,"(2, 6, 9)",I,D,F#,D,926.875,445.0
7416,A,D,3,D,"(2, 6, 9)",I,D,F#,D,927.0,445.0
7417,A,D,3,D,"(2, 6, 9)",I,D,F#,D,927.125,445.0
7418,A,D,4,D,"(2, 6, 9)",I,D,F#,D,927.25,445.0
7419,A,D,4,D,"(2, 6, 9)",I,D,F#,D,927.375,445.0
7420,A,D,4,D,"(2, 6, 9)",I,D,F#,D,927.5,445.0
7421,A,D,4,D,"(2, 6, 9)",I,D,F#,D,927.625,445.0
7422,A,D,4,D,"(2, 6, 9)",I,D,F#,D,927.75,445.0
7423,A,D,4,D,"(2, 6, 9)",I,D,F#,D,927.875,445.0
7424,A,D,4,D,"(2, 6, 9)",I,D,F#,D,928.0,445.0
7425,A,D,4,D,"(2, 6, 9)",I,D,F#,D,928.125,445.0
7426,E,E,0,D,"(1, 4, 7, 9)",V7,C#,C#,D,928.25,446.0
7427,E,E,1,D,"(1, 4, 7, 9)",V7,C#,C#,D,928.375,446.0
7428,E,E,2,D,"(1, 4, 7, 9)",V7,C#,C#,D,928.5,446.0
7429,E,E,2,D,"(1, 4, 7, 9)",V7,C#,C#,D,928.625,446.0
7430,E,E,3,D,"(1, 4, 7, 9)",V7,C#,C#,D,928.75,446.0
7431,E,E,3,D,"(1, 4, 7, 9)",V7,C#,C#,D,928.875,446.0
7432,E,E,3,D,"(1, 4, 7, 9)",V7,C#,C#,D,929.0,446.0
7433,E,E,3,D,"(1, 4, 7, 9)",V7,C#,C#,D,929.125,446.0
7434,E,A,4,D,"(1, 4, 7, 9)",V7,G,C#,D,929.25,446.0
7435,E,A,4,D,"(1, 4, 7, 9)",V7,G,C#,D,929.375,446.0
7436,E,A,4,D,"(1, 4, 7, 9)",V7,G,C#,D,929.5,446.0
7437,E,A,4,D,"(1, 4, 7, 9)",V7,G,C#,D,929.625,446.0
7438,E,A,4,D,"(1, 4, 7, 9)",V7,G,C#,D,929.75,446.0
7439,E,A,4,D,"(1, 4, 7, 9)",V7,G,C#,D,929.875,446.0
7440,E,A,4,D,"(1, 4, 7, 9)",V7,G,C#,D,930.0,446.0
7441,E,A,4,D,"(1, 4, 7, 9)",V7,G,C#,D,930.125,446.0
7442,A,D,0,D,"(2, 6, 9)",I,D,F#,D,930.25,447.0
7443,A,D,1,D,"(2, 6, 9)",I,D,F#,D,930.375,447.0
7444,A,D,2,D,"(2, 6, 9)",I,D,F#,D,930.5,447.0
7445,A,D,2,D,"(2, 6, 9)",I,D,F#,D,930.625,447.0
7446,A,D,3,D,"(2, 6, 9)",I,D,F#,D,930.75,447.0
7447,A,D,3,D,"(2, 6, 9)",I,D,F#,D,930.875,447.0
7448,A,D,3,D,"(2, 6, 9)",I,D,F#,D,931.0,447.0
7449,A,D,3,D,"(2, 6, 9)",I,D,F#,D,931.125,447.0
7450,A,D,4,D,"(2, 6, 9)",I,D,F#,D,931.25,447.0
7451,A,D,4,D,"(2, 6, 9)",I,D,F#,D,931.375,447.0
7452,A,D,4,D,"(2, 6, 9)",I,D,F#,D,931.5,447.0
7453,A,D,4,D,"(2, 6, 9)",I,D,F#,D,931.625,447.0
7454,A,D,4,D,"(2, 6, 9)",I,D,F#,D,931.75,447.0
7455,A,D,4,D,"(2, 6, 9)",I,D,F#,D,931.875,447.0
7456,A,D,4,D,"(2, 6, 9)",I,D,F#,D,932.0,447.0
7457,A,D,4,D,"(2, 6, 9)",I,D,F#,D,932.125,447.0
7458,E,G,0,D,"(1, 4, 7, 9)",V7,G,C#,D,932.25,448.0
7459,E,G,1,D,"(1, 4, 7, 9)",V7,G,C#,D,932.375,448.0
7460,E,G,2,D,"(1, 4, 7, 9)",V7,G,C#,D,932.5,448.0
7461,E,G,2,D,"(1, 4, 7, 9)",V7,G,C#,D,932.625,448.0
7462,E,A,3,D,"(1, 4, 7, 9)",V7,G,C#,D,932.75,448.0
7463,E,A,3,D,"(1, 4, 7, 9)",V7,G,C#,D,932.875,448.0
7464,E,A,3,D,"(1, 4, 7, 9)",V7,G,C#,D,933.0,448.0
7465,E,A,3,D,"(1, 4, 7, 9)",V7,G,C#,D,933.125,448.0
7466,E,A,4,D,"(1, 4, 7, 9)",V7,G,C#,D,933.25,448.0
7467,E,A,4,D,"(1, 4, 7, 9)",V7,G,C#,D,933.375,448.0
7468,E,A,4,D,"(1, 4, 7, 9)",V7,G,C#,D,933.5,448.0
7469,E,A,4,D,"(1, 4, 7, 9)",V7,G,C#,D,933.625,448.0
7470,E,A,4,D,"(1, 4, 7, 9)",V7,G,C#,D,933.75,448.0
7471,E,A,4,D,"(1, 4, 7, 9)",V7,G,C#,D,933.875,448.0
7472,E,A,4,D,"(1, 4, 7, 9)",V7,G,C#,D,934.0,448.0
7473,E,A,4,D,"(1, 4, 7, 9)",V7,G,C#,D,934.125,448.0
7474,A,D,0,D,"(2, 6, 9)",I,D,F#,D,934.25,449.0
7475,A,D,1,D,"(2, 6, 9)",I,D,F#,D,934.375,449.0
7476,A,D,2,D,"(2, 6, 9)",I,D,F#,D,934.5,449.0
7477,A,D,2,D,"(2, 6, 9)",I,D,F#,D,934.625,449.0
7478,A,D,3,D,"(2, 6, 9)",I,D,F#,D,934.75,449.0
7479,A,D,3,D,"(2, 6, 9)",I,D,F#,D,934.875,449.0
7480,A,D,3,D,"(2, 6, 9)",I,D,F#,D,935.0,449.0
7481,A,D,3,D,"(2, 6, 9)",I,D,F#,D,935.125,449.0
7482,A,D,4,D,"(2, 6, 9)",I,D,F#,D,935.25,449.0
7483,A,D,4,D,"(2, 6, 9)",I,D,F#,D,935.375,449.0
7484,A,D,4,D,"(2, 6, 9)",I,D,F#,D,935.5,449.0
7485,A,D,4,D,"(2, 6, 9)",I,D,F#,D,935.625,449.0
7486,A,D,4,D,"(2, 6, 9)",I,D,F#,D,935.75,449.0
7487,A,D,4,D,"(2, 6, 9)",I,D,F#,D,935.875,449.0
7488,A,D,4,D,"(2, 6, 9)",I,D,F#,D,936.0,449.0
7489,A,D,4,D,"(2, 6, 9)",I,D,F#,D,936.125,449.0
7490,D,F#,0,D,"(2, 6, 9)",I,D,A,D,936.25,450.0
7491,D,F#,1,D,"(2, 6, 9)",I,D,A,D,936.375,450.0
7492,D,F#,2,D,"(2, 6, 9)",I,D,A,D,936.5,450.0
7493,D,F#,2,D,"(2, 6, 9)",I,D,A,D,936.625,450.0
7494,D,F#,3,D,"(2, 6, 9)",I,D,A,D,936.75,450.0
7495,D,F#,3,D,"(2, 6, 9)",I,D,A,D,936.875,450.0
7496,D,F#,3,D,"(2, 6, 9)",I,D,A,D,937.0,450.0
7497,D,F#,3,D,"(2, 6, 9)",I,D,A,D,937.125,450.0
7498,A,D,4,D,"(2, 6, 9)",I,D,F#,D,937.25,450.0
7499,A,D,4,D,"(2, 6, 9)",I,D,F#,D,937.375,450.0
7500,A,D,4,D,"(2, 6, 9)",I,D,F#,D,937.5,450.0
7501,A,D,4,D,"(2, 6, 9)",I,D,F#,D,937.625,450.0
7502,A,F#,4,D,"(2, 6, 9)",I,D,F#,D,937.75,450.0
7503,A,F#,4,D,"(2, 6, 9)",I,D,F#,D,937.875,450.0
7504,A,F#,4,D,"(2, 6, 9)",I,D,F#,D,938.0,450.0
7505,A,F#,4,D,"(2, 6, 9)",I,D,F#,D,938.125,450.0
7506,A,C#,0,D,"(1, 4, 7, 9)",V7,G,F#,D,938.25,451.0
7507,A,C#,1,D,"(1, 4, 7, 9)",V7,G,F#,D,938.375,451.0
7508,A,C#,2,D,"(1, 4, 7, 9)",V7,G,F#,D,938.5,451.0
7509,A,C#,2,D,"(1, 4, 7, 9)",V7,G,F#,D,938.625,451.0
7510,A,C#,3,D,"(1, 4, 7, 9)",V7,G,F#,D,938.75,451.0
7511,A,C#,3,D,"(1, 4, 7, 9)",V7,G,F#,D,938.875,451.0
7512,A,C#,3,D,"(1, 4, 7, 9)",V7,G,F#,D,939.0,451.0
7513,A,C#,3,D,"(1, 4, 7, 9)",V7,G,F#,D,939.125,451.0
7514,A,C#,4,D,"(1, 4, 7, 9)",V7,G,C#,D,939.25,451.0
7515,A,C#,4,D,"(1, 4, 7, 9)",V7,G,C#,D,939.375,451.0
7516,A,C#,4,D,"(1, 4, 7, 9)",V7,G,C#,D,939.5,451.0
7517,A,C#,4,D,"(1, 4, 7, 9)",V7,G,C#,D,939.625,451.0
7518,A,A,4,D,"(1, 4, 7, 9)",V7,G,C#,D,939.75,451.0
7519,A,A,4,D,"(1, 4, 7, 9)",V7,G,C#,D,939.875,451.0
7520,A,A,4,D,"(1, 4, 7, 9)",V7,G,C#,D,940.0,451.0
7521,A,A,4,D,"(1, 4, 7, 9)",V7,G,C#,D,940.125,451.0
7522,D,F#,0,D,"(2, 6, 9)",I,D,A,D,940.25,452.0
7523,D,F#,1,D,"(2, 6, 9)",I,D,A,D,940.375,452.0
7524,D,F#,2,D,"(2, 6, 9)",I,D,A,D,940.5,452.0
7525,D,F#,2,D,"(2, 6, 9)",I,D,A,D,940.625,452.0
7526,D,F#,3,D,"(2, 6, 9)",I,D,A,D,940.75,452.0
7527,D,F#,3,D,"(2, 6, 9)",I,D,A,D,940.875,452.0
7528,D,F#,3,D,"(2, 6, 9)",I,D,A,D,941.0,452.0
7529,D,F#,3,D,"(2, 6, 9)",I,D,A,D,941.125,452.0
7530,D,F#,4,D,"(2, 6, 9)",I,D,A,D,941.25,452.0
7531,D,F#,4,D,"(2, 6, 9)",I,D,A,D,941.375,452.0
7532,D,F#,4,D,"(2, 6, 9)",I,D,A,D,941.5,452.0
7533,D,F#,4,D,"(2, 6, 9)",I,D,A,D,941.625,452.0
7534,D,F#,4,D,"(2, 6, 9)",I,D,A,D,941.75,452.0
7535,D,F#,4,D,"(2, 6, 9)",I,D,A,D,941.875,452.0
7536,D,F#,4,D,"(2, 6, 9)",I,D,A,D,942.0,452.0
7537,D,F#,4,D,"(2, 6, 9)",I,D,A,D,942.125,452.0
7538,G,C#,0,D,"(1, 4, 7, 9)",V7,A,E,D,942.25,453.0
7539,G,C#,1,D,"(1, 4, 7, 9)",V7,A,E,D,942.375,453.0
7540,G,C#,2,D,"(1, 4, 7, 9)",V7,A,E,D,942.5,453.0
7541,G,C#,2,D,"(1, 4, 7, 9)",V7,A,E,D,942.625,453.0
7542,G,C#,3,D,"(1, 4, 7, 9)",V7,A,E,D,942.75,453.0
7543,G,C#,3,D,"(1, 4, 7, 9)",V7,A,E,D,942.875,453.0
7544,G,C#,3,D,"(1, 4, 7, 9)",V7,A,E,D,943.0,453.0
7545,G,C#,3,D,"(1, 4, 7, 9)",V7,A,E,D,943.125,453.0
7546,G,C#,4,D,"(1, 4, 7, 9)",V7,A,E,D,943.25,453.0
7547,G,C#,4,D,"(1, 4, 7, 9)",V7,A,E,D,943.375,453.0
7548,G,C#,4,D,"(1, 4, 7, 9)",V7,A,E,D,943.5,453.0
7549,G,C#,4,D,"(1, 4, 7, 9)",V7,A,E,D,943.625,453.0
7550,G,C#,4,D,"(1, 4, 7, 9)",V7,A,E,D,943.75,453.0
7551,G,C#,4,D,"(1, 4, 7, 9)",V7,A,E,D,943.875,453.0
7552,G,C#,4,D,"(1, 4, 7, 9)",V7,A,E,D,944.0,453.0
7553,G,C#,4,D,"(1, 4, 7, 9)",V7,A,E,D,944.125,453.0
7554,D,F#,0,D,"(2, 6, 9)",I,D,A,D,944.25,454.0
7555,D,F#,1,D,"(2, 6, 9)",I,D,A,D,944.375,454.0
7556,D,F#,2,D,"(2, 6, 9)",I,D,A,D,944.5,454.0
7557,D,F#,2,D,"(2, 6, 9)",I,D,A,D,944.625,454.0
7558,D,F#,3,D,"(2, 6, 9)",I,D,A,D,944.75,454.0
7559,D,F#,3,D,"(2, 6, 9)",I,D,A,D,944.875,454.0
7560,D,F#,3,D,"(2, 6, 9)",I,D,A,D,945.0,454.0
7561,D,F#,3,D,"(2, 6, 9)",I,D,A,D,945.125,454.0
7562,D,F#,4,D,"(2, 6, 9)",I,D,A,D,945.25,454.0
7563,D,F#,4,D,"(2, 6, 9)",I,D,A,D,945.375,454.0
7564,D,F#,4,D,"(2, 6, 9)",I,D,A,D,945.5,454.0
7565,D,F#,4,D,"(2, 6, 9)",I,D,A,D,945.625,454.0
7566,D,F#,4,D,"(2, 6, 9)",I,D,A,D,945.75,454.0
7567,D,F#,4,D,"(2, 6, 9)",I,D,A,D,945.875,454.0
7568,D,F#,4,D,"(2, 6, 9)",I,D,A,D,946.0,454.0
7569,D,F#,4,D,"(2, 6, 9)",I,D,A,D,946.125,454.0
7570,E,A,0,D,"(1, 4, 7, 9)",V7,A,C#,D,946.25,455.0
7571,E,A,1,D,"(1, 4, 7, 9)",V7,A,C#,D,946.375,455.0
7572,E,A,2,D,"(1, 4, 7, 9)",V7,A,C#,D,946.5,455.0
7573,E,A,2,D,"(1, 4, 7, 9)",V7,A,C#,D,946.625,455.0
7574,E,A,3,D,"(1, 4, 7, 9)",V7,A,C#,D,946.75,455.0
7575,E,A,3,D,"(1, 4, 7, 9)",V7,A,C#,D,946.875,455.0
7576,E,A,3,D,"(1, 4, 7, 9)",V7,A,C#,D,947.0,455.0
7577,E,A,3,D,"(1, 4, 7, 9)",V7,A,C#,D,947.125,455.0
7578,E,A,4,D,"(1, 4, 7, 9)",V7,A,C#,D,947.25,455.0
7579,E,A,4,D,"(1, 4, 7, 9)",V7,A,C#,D,947.375,455.0
7580,E,A,4,D,"(1, 4, 7, 9)",V7,A,C#,D,947.5,455.0
7581,E,A,4,D,"(1, 4, 7, 9)",V7,A,C#,D,947.625,455.0
7582,E,A,4,D,"(1, 4, 7, 9)",V7,A,C#,D,947.75,455.0
7583,E,A,4,D,"(1, 4, 7, 9)",V7,A,C#,D,947.875,455.0
7584,E,A,4,D,"(1, 4, 7, 9)",V7,A,C#,D,948.0,455.0
7585,E,A,4,D,"(1, 4, 7, 9)",V7,A,C#,D,948.125,455.0
7586,A,D,0,D,"(2, 6, 9)",I,D,F#,D,948.25,456.0
7587,A,D,1,D,"(2, 6, 9)",I,D,F#,D,948.375,456.0
7588,A,D,2,D,"(2, 6, 9)",I,D,F#,D,948.5,456.0
7589,A,D,2,D,"(2, 6, 9)",I,D,F#,D,948.625,456.0
7590,A,D,3,D,"(2, 6, 9)",I,D,F#,D,948.75,456.0
7591,A,D,3,D,"(2, 6, 9)",I,D,F#,D,948.875,456.0
7592,A,D,3,D,"(2, 6, 9)",I,D,F#,D,949.0,456.0
7593,A,D,3,D,"(2, 6, 9)",I,D,F#,D,949.125,456.0
7594,E,A,4,D,"(1, 4, 7, 9)",V7,G,C#,D,949.25,456.0
7595,E,A,1,D,"(1, 4, 7, 9)",V7,G,C#,D,949.375,456.0
7596,E,A,2,D,"(1, 4, 7, 9)",V7,G,C#,D,949.5,456.0
7597,E,A,2,D,"(1, 4, 7, 9)",V7,G,C#,D,949.625,456.0
7598,E,A,4,D,"(1, 4, 7, 9)",V7,G,C#,D,949.75,456.0
7599,E,A,4,D,"(1, 4, 7, 9)",V7,G,C#,D,949.875,456.0
7600,E,A,4,D,"(1, 4, 7, 9)",V7,G,C#,D,950.0,456.0
7601,E,A,4,D,"(1, 4, 7, 9)",V7,G,C#,D,950.125,456.0
7602,A,D,0,D,"(2, 6, 9)",I,D,F#,D,950.25,457.0
7603,A,D,1,D,"(2, 6, 9)",I,D,F#,D,950.375,457.0
7604,A,D,2,D,"(2, 6, 9)",I,D,F#,D,950.5,457.0
7605,A,D,2,D,"(2, 6, 9)",I,D,F#,D,950.625,457.0
7606,A,D,3,D,"(2, 6, 9)",I,D,F#,D,950.75,457.0
7607,A,D,3,D,"(2, 6, 9)",I,D,F#,D,950.875,457.0
7608,A,D,3,D,"(2, 6, 9)",I,D,F#,D,951.0,457.0
7609,A,D,3,D,"(2, 6, 9)",I,D,F#,D,951.125,457.0
7610,A,D,4,D,"(2, 6, 9)",I,D,F#,D,951.25,457.0
7611,A,D,4,D,"(2, 6, 9)",I,D,F#,D,951.375,457.0
7612,A,D,4,D,"(2, 6, 9)",I,D,F#,D,951.5,457.0
7613,A,D,4,D,"(2, 6, 9)",I,D,F#,D,951.625,457.0
7614,A,D,4,D,"(2, 6, 9)",I,D,F#,D,951.75,457.0
7615,A,D,4,D,"(2, 6, 9)",I,D,F#,D,951.875,457.0
7616,A,D,4,D,"(2, 6, 9)",I,D,F#,D,952.0,457.0
7617,A,D,4,D,"(2, 6, 9)",I,D,F#,D,952.125,457.0
7618,B,D,0,D,"(2, 7, 11)",IV,G,G,D,952.25,458.0
7619,B,D,1,D,"(2, 7, 11)",IV,G,G,D,952.375,458.0
7620,B,D,2,D,"(2, 7, 11)",IV,G,G,D,952.5,458.0
7621,B,D,2,D,"(2, 7, 11)",IV,G,G,D,952.625,458.0
7622,B,D,3,D,"(2, 7, 11)",IV,G,G,D,952.75,458.0
7623,B,D,3,D,"(2, 7, 11)",IV,G,G,D,952.875,458.0
7624,B,D,3,D,"(2, 7, 11)",IV,G,G,D,953.0,458.0
7625,B,D,3,D,"(2, 7, 11)",IV,G,G,D,953.125,458.0
7626,B,D,4,D,"(2, 7, 11)",IV,G,G,D,953.25,458.0
7627,B,D,4,D,"(2, 7, 11)",IV,G,G,D,953.375,458.0
7628,B,D,4,D,"(2, 7, 11)",IV,G,G,D,953.5,458.0
7629,B,D,4,D,"(2, 7, 11)",IV,G,G,D,953.625,458.0
7630,B,D,4,D,"(2, 7, 11)",IV,G,G,D,953.75,458.0
7631,B,D,4,D,"(2, 7, 11)",IV,G,G,D,953.875,458.0
7632,B,D,4,D,"(2, 7, 11)",IV,G,G,D,954.0,458.0
7633,B,D,4,D,"(2, 7, 11)",IV,G,G,D,954.125,458.0
7634,A,D,0,D,"(2, 7, 11)",IV,G,F#,D,954.25,459.0
7635,A,D,1,D,"(2, 7, 11)",IV,G,F#,D,954.375,459.0
7636,A,D,2,D,"(2, 7, 11)",IV,G,F#,D,954.5,459.0
7637,A,D,2,D,"(2, 7, 11)",IV,G,F#,D,954.625,459.0
7638,A,D,0,D,"(2, 6, 9)",I,D,F#,D,954.75,459.0
7639,A,D,1,D,"(2, 6, 9)",I,D,F#,D,954.875,459.0
7640,A,D,3,D,"(2, 6, 9)",I,D,F#,D,955.0,459.0
7641,A,D,3,D,"(2, 6, 9)",I,D,F#,D,955.125,459.0
7642,A,D,4,D,"(2, 6, 9)",I,D,F#,D,955.25,459.0
7643,A,D,4,D,"(2, 6, 9)",I,D,F#,D,955.375,459.0
7644,A,D,4,D,"(2, 6, 9)",I,D,F#,D,955.5,459.0
7645,A,D,4,D,"(2, 6, 9)",I,D,F#,D,955.625,459.0
7646,A,D,4,D,"(2, 6, 9)",I,D,F#,D,955.75,459.0
7647,A,D,4,D,"(2, 6, 9)",I,D,F#,D,955.875,459.0
7648,A,D,4,D,"(2, 6, 9)",I,D,F#,D,956.0,459.0
7649,A,D,4,D,"(2, 6, 9)",I,D,F#,D,956.125,459.0
7650,B,D,0,D,"(2, 7, 11)",IV,G,G,D,956.25,460.0
7651,B,D,1,D,"(2, 7, 11)",IV,G,G,D,956.375,460.0
7652,B,D,2,D,"(2, 7, 11)",IV,G,G,D,956.5,460.0
7653,B,D,2,D,"(2, 7, 11)",IV,G,G,D,956.625,460.0
7654,B,D,3,D,"(2, 7, 11)",IV,G,G,D,956.75,460.0
7655,B,D,3,D,"(2, 7, 11)",IV,G,G,D,956.875,460.0
7656,B,D,3,D,"(2, 7, 11)",IV,G,G,D,957.0,460.0
7657,B,D,3,D,"(2, 7, 11)",IV,G,G,D,957.125,460.0
7658,B,D,4,D,"(2, 7, 11)",IV,G,G,D,957.25,460.0
7659,B,D,4,D,"(2, 7, 11)",IV,G,G,D,957.375,460.0
7660,B,D,4,D,"(2, 7, 11)",IV,G,G,D,957.5,460.0
7661,B,D,4,D,"(2, 7, 11)",IV,G,G,D,957.625,460.0
7662,B,D,4,D,"(2, 7, 11)",IV,G,G,D,957.75,460.0
7663,B,D,4,D,"(2, 7, 11)",IV,G,G,D,957.875,460.0
7664,B,D,4,D,"(2, 7, 11)",IV,G,G,D,958.0,460.0
7665,B,D,4,D,"(2, 7, 11)",IV,G,G,D,958.125,460.0
7666,A,D,0,D,"(2, 7, 11)",IV,G,F#,D,958.25,461.0
7667,A,D,1,D,"(2, 6, 9)",IV,G,F#,D,958.375,461.0
7668,A,D,2,D,"(2, 6, 9)",IV,G,F#,D,958.5,461.0
7669,A,D,2,D,"(2, 6, 9)",IV,G,F#,D,958.625,461.0
7670,A,D,0,D,"(2, 6, 9)",I,D,F#,D,958.75,461.0
7671,A,D,1,D,"(2, 6, 9)",I,D,F#,D,958.875,461.0
7672,A,D,2,D,"(2, 6, 9)",I,D,F#,D,959.0,461.0
7673,A,D,3,D,"(2, 6, 9)",I,D,F#,D,959.125,461.0
7674,A,D,4,D,"(2, 6, 9)",I,D,F#,D,959.25,461.0
7675,A,D,4,D,"(2, 6, 9)",I,D,F#,D,959.375,461.0
7676,A,D,4,D,"(2, 6, 9)",I,D,F#,D,959.5,461.0
7677,A,D,4,D,"(2, 6, 9)",I,D,F#,D,959.625,461.0
7678,A,D,0,D,"(2, 6, 9)",I,D,F#,D,959.75,461.0
7679,A,D,0,D,"(2, 6, 9)",I,D,F#,D,959.875,461.0
7680,G,D,3,D,"(2, 7, 11)",I,G,D,D,960.0,461.0
7681,G,D,3,D,"(2, 7, 11)",I,G,D,D,960.125,461.0
7682,G,C#,0,D,"(1, 4, 7, 9)",V7,A,E,D,960.25,462.0
7683,G,C#,1,D,"(1, 4, 7, 9)",V7,A,E,D,960.375,462.0
7684,G,C#,2,D,"(1, 4, 7, 9)",V7,A,E,D,960.5,462.0
7685,G,C#,2,D,"(1, 4, 7, 9)",V7,A,E,D,960.625,462.0
7686,G,C#,3,D,"(1, 4, 7, 9)",V7,A,E,D,960.75,462.0
7687,G,C#,3,D,"(1, 4, 7, 9)",V7,A,E,D,960.875,462.0
7688,G,C#,3,D,"(1, 4, 7, 9)",V7,A,E,D,961.0,462.0
7689,G,C#,3,D,"(1, 4, 7, 9)",V7,A,E,D,961.125,462.0
7690,G,C#,4,D,"(1, 4, 7, 9)",V7,A,E,D,961.25,462.0
7691,G,C#,4,D,"(1, 4, 7, 9)",V7,A,E,D,961.375,462.0
7692,G,C#,4,D,"(1, 4, 7, 9)",V7,A,E,D,961.5,462.0
7693,G,C#,4,D,"(1, 4, 7, 9)",V7,A,E,D,961.625,462.0
7694,G,C#,4,D,"(1, 4, 7, 9)",V7,A,E,D,961.75,462.0
7695,G,C#,4,D,"(1, 4, 7, 9)",V7,A,E,D,961.875,462.0
7696,G,C#,4,D,"(1, 4, 7, 9)",V7,A,E,D,962.0,462.0
7697,G,C#,4,D,"(1, 4, 7, 9)",V7,A,E,D,962.125,462.0
7698,A,D,0,D,"(2, 6, 9)",I,D,F#,D,962.25,463.0
7699,A,D,1,D,"(2, 6, 9)",I,D,F#,D,962.375,463.0
7700,A,D,2,D,"(2, 6, 9)",I,D,F#,D,962.5,463.0
7701,A,D,2,D,"(2, 6, 9)",I,D,F#,D,962.625,463.0
7702,A,D,3,D,"(2, 6, 9)",I,D,F#,D,962.75,463.0
7703,A,D,3,D,"(2, 6, 9)",I,D,F#,D,962.875,463.0
7704,A,D,3,D,"(2, 6, 9)",I,D,F#,D,963.0,463.0
7705,A,D,3,D,"(2, 6, 9)",I,D,F#,D,963.125,463.0
7706,A,D,4,D,"(2, 6, 9)",I,D,F#,D,963.25,463.0
7707,A,D,4,D,"(2, 6, 9)",I,D,F#,D,963.375,463.0
7708,A,D,4,D,"(2, 6, 9)",I,D,F#,D,963.5,463.0
7709,A,D,4,D,"(2, 6, 9)",I,D,F#,D,963.625,463.0
7710,A,D,4,D,"(2, 6, 9)",I,D,F#,D,963.75,463.0
7711,A,D,4,D,"(2, 6, 9)",I,D,F#,D,963.875,463.0
7712,A,D,4,D,"(2, 6, 9)",I,D,F#,D,964.0,463.0
7713,A,D,4,D,"(2, 6, 9)",I,D,F#,D,964.125,463.0
7714,E,G,0,D,"(4, 7, 11)",ii,E,B,D,964.25,464.0
7715,E,G,1,D,"(4, 7, 11)",ii,E,B,D,964.375,464.0
7716,E,G,2,D,"(4, 7, 11)",ii,E,B,D,964.5,464.0
7717,E,G,2,D,"(4, 7, 11)",ii,E,B,D,964.625,464.0
7718,E,G,3,D,"(4, 7, 11)",ii,E,B,D,964.75,464.0
7719,E,G,3,D,"(4, 7, 11)",ii,E,B,D,964.875,464.0
7720,E,G,3,D,"(4, 7, 11)",ii,E,B,D,965.0,464.0
7721,E,G,3,D,"(4, 7, 11)",ii,E,B,D,965.125,464.0
7722,E,A,0,D,"(1, 4, 7, 9)",V7,G,C#,D,965.25,464.0
7723,E,A,1,D,"(1, 4, 7, 9)",V7,G,C#,D,965.375,464.0
7724,E,A,2,D,"(1, 4, 7, 9)",V7,G,C#,D,965.5,464.0
7725,E,A,2,D,"(1, 4, 7, 9)",V7,G,C#,D,965.625,464.0
7726,E,A,3,D,"(1, 4, 7, 9)",V7,G,C#,D,965.75,464.0
7727,E,A,3,D,"(1, 4, 7, 9)",V7,G,C#,D,965.875,464.0
7728,E,A,3,D,"(1, 4, 7, 9)",V7,G,C#,D,966.0,464.0
7729,E,A,3,D,"(1, 4, 7, 9)",V7,G,C#,D,966.125,464.0
7730,A,D,0,D,"(2, 6, 9)",I,D,F#,D,966.25,465.0
7731,A,D,1,D,"(2, 6, 9)",I,D,F#,D,966.375,465.0
7732,A,D,2,D,"(2, 6, 9)",I,D,F#,D,966.5,465.0
7733,A,D,2,D,"(2, 6, 9)",I,D,F#,D,966.625,465.0
7734,A,D,3,D,"(2, 6, 9)",I,D,F#,D,966.75,465.0
7735,A,D,3,D,"(2, 6, 9)",I,D,F#,D,966.875,465.0
7736,A,D,3,D,"(2, 6, 9)",I,D,F#,D,967.0,465.0
7737,A,D,3,D,"(2, 6, 9)",I,D,F#,D,967.125,465.0
7738,A,D,4,D,"(2, 6, 9)",I,D,F#,D,967.25,465.0
7739,A,D,4,D,"(2, 6, 9)",I,D,F#,D,967.375,465.0
7740,A,D,4,D,"(2, 6, 9)",I,D,F#,D,967.5,465.0
7741,A,D,4,D,"(2, 6, 9)",I,D,F#,D,967.625,465.0
7742,A,D,4,D,"(2, 6, 9)",I,D,F#,D,967.75,465.0
7743,A,D,4,D,"(2, 6, 9)",I,D,F#,D,967.875,465.0
7744,A,D,4,D,"(2, 6, 9)",I,D,F#,D,968.0,465.0
7745,A,D,4,D,"(2, 6, 9)",I,D,F#,D,968.125,465.0
7746,B,D,0,D,"(2, 7, 11)",IV,G,G,D,968.25,466.0
7747,B,D,1,D,"(2, 7, 11)",IV,G,G,D,968.375,466.0
7748,B,D,2,D,"(2, 7, 11)",IV,G,G,D,968.5,466.0
7749,B,D,2,D,"(2, 7, 11)",IV,G,G,D,968.625,466.0
7750,B,D,3,D,"(2, 7, 11)",IV,G,G,D,968.75,466.0
7751,B,D,3,D,"(2, 7, 11)",IV,G,G,D,968.875,466.0
7752,B,D,3,D,"(2, 7, 11)",IV,G,G,D,969.0,466.0
7753,B,D,3,D,"(2, 7, 11)",IV,G,G,D,969.125,466.0
7754,B,D,4,D,"(2, 7, 11)",IV,G,G,D,969.25,466.0
7755,B,D,4,D,"(2, 7, 11)",IV,G,G,D,969.375,466.0
7756,B,D,4,D,"(2, 7, 11)",IV,G,G,D,969.5,466.0
7757,B,D,4,D,"(2, 7, 11)",IV,G,G,D,969.625,466.0
7758,B,D,4,D,"(2, 7, 11)",IV,G,G,D,969.75,466.0
7759,B,D,4,D,"(2, 7, 11)",IV,G,G,D,969.875,466.0
7760,B,D,4,D,"(2, 7, 11)",IV,G,G,D,970.0,466.0
7761,B,D,4,D,"(2, 7, 11)",IV,G,G,D,970.125,466.0
7762,A,D,0,D,"(2, 6, 9)",I,D,F#,D,970.25,467.0
7763,A,D,1,D,"(2, 6, 9)",I,D,F#,D,970.375,467.0
7764,A,D,2,D,"(2, 6, 9)",I,D,F#,D,970.5,467.0
7765,A,D,2,D,"(2, 6, 9)",I,D,F#,D,970.625,467.0
7766,A,D,3,D,"(2, 6, 9)",I,D,F#,D,970.75,467.0
7767,A,D,3,D,"(2, 6, 9)",I,D,F#,D,970.875,467.0
7768,A,D,3,D,"(2, 6, 9)",I,D,F#,D,971.0,467.0
7769,A,D,3,D,"(2, 6, 9)",I,D,F#,D,971.125,467.0
7770,A,D,4,D,"(2, 6, 9)",I,D,F#,D,971.25,467.0
7771,A,D,4,D,"(2, 6, 9)",I,D,F#,D,971.375,467.0
7772,A,D,4,D,"(2, 6, 9)",I,D,F#,D,971.5,467.0
7773,A,D,4,D,"(2, 6, 9)",I,D,F#,D,971.625,467.0
7774,A,D,4,D,"(2, 6, 9)",I,D,F#,D,971.75,467.0
7775,A,D,4,D,"(2, 6, 9)",I,D,F#,D,971.875,467.0
7776,A,D,4,D,"(2, 6, 9)",I,D,F#,D,972.0,467.0
7777,A,D,4,D,"(2, 6, 9)",I,D,F#,D,972.125,467.0
7778,D,D,0,D,"(2, 7, 11)",IV,G,G,D,972.25,468.0
7779,B,D,1,D,"(2, 7, 11)",IV,G,G,D,972.375,468.0
7780,B,D,2,D,"(2, 7, 11)",IV,G,G,D,972.5,468.0
7781,B,D,2,D,"(2, 7, 11)",IV,G,G,D,972.625,468.0
7782,B,D,3,D,"(2, 7, 11)",IV,G,G,D,972.75,468.0
7783,B,D,3,D,"(2, 7, 11)",IV,G,G,D,972.875,468.0
7784,B,D,3,D,"(2, 7, 11)",IV,G,G,D,973.0,468.0
7785,B,D,3,D,"(2, 7, 11)",IV,G,G,D,973.125,468.0
7786,B,D,4,D,"(2, 7, 11)",IV,G,G,D,973.25,468.0
7787,B,D,4,D,"(2, 7, 11)",IV,G,G,D,973.375,468.0
7788,B,D,4,D,"(2, 7, 11)",IV,G,G,D,973.5,468.0
7789,B,D,4,D,"(2, 7, 11)",IV,G,G,D,973.625,468.0
7790,B,D,4,D,"(2, 7, 11)",IV,G,G,D,973.75,468.0
7791,B,D,4,D,"(2, 7, 11)",IV,G,G,D,973.875,468.0
7792,B,D,4,D,"(2, 7, 11)",IV,G,G,D,974.0,468.0
7793,B,D,4,D,"(2, 7, 11)",IV,G,G,D,974.125,468.0
7794,A,D,0,D,"(2, 6, 9)",I,D,F#,D,974.25,469.0
7795,A,D,1,D,"(2, 6, 9)",I,D,F#,D,974.375,469.0
7796,A,D,2,D,"(2, 6, 9)",I,D,F#,D,974.5,469.0
7797,A,D,2,D,"(2, 6, 9)",I,D,F#,D,974.625,469.0
7798,A,D,3,D,"(2, 6, 9)",I,D,F#,D,974.75,469.0
7799,A,D,3,D,"(2, 6, 9)",I,D,F#,D,974.875,469.0
7800,A,D,3,D,"(2, 6, 9)",I,D,F#,D,975.0,469.0
7801,A,D,3,D,"(2, 6, 9)",I,D,F#,D,975.125,469.0
7802,A,D,4,D,"(2, 6, 9)",I,D,F#,D,975.25,469.0
7803,A,D,4,D,"(2, 6, 9)",I,D,F#,D,975.375,469.0
7804,A,D,4,D,"(2, 6, 9)",I,D,F#,D,975.5,469.0
7805,A,D,4,D,"(2, 6, 9)",I,D,F#,D,975.625,469.0
7806,A,D,4,D,"(2, 6, 9)",I,D,F#,D,975.75,469.0
7807,A,D,4,D,"(2, 6, 9)",I,D,F#,D,975.875,469.0
7808,A,D,4,D,"(2, 6, 9)",I,D,F#,D,976.0,469.0
7809,A,D,4,D,"(2, 6, 9)",I,D,F#,D,976.125,469.0
7810,G,C#,0,D,"(1, 4, 7, 9)",V7,A,E,D,976.25,470.0
7811,G,C#,1,D,"(1, 4, 7, 9)",V7,A,E,D,976.375,470.0
7812,G,C#,2,D,"(1, 4, 7, 9)",V7,A,E,D,976.5,470.0
7813,G,C#,2,D,"(1, 4, 7, 9)",V7,A,E,D,976.625,470.0
7814,G,C#,3,D,"(1, 4, 7, 9)",V7,A,E,D,976.75,470.0
7815,G,C#,3,D,"(1, 4, 7, 9)",V7,A,E,D,976.875,470.0
7816,G,C#,3,D,"(1, 4, 7, 9)",V7,A,E,D,977.0,470.0
7817,G,C#,3,D,"(1, 4, 7, 9)",V7,A,E,D,977.125,470.0
7818,G,C#,4,D,"(1, 4, 7, 9)",V7,A,E,D,977.25,470.0
7819,G,C#,4,D,"(1, 4, 7, 9)",V7,A,E,D,977.375,470.0
7820,G,C#,4,D,"(1, 4, 7, 9)",V7,A,E,D,977.5,470.0
7821,G,C#,4,D,"(1, 4, 7, 9)",V7,A,E,D,977.625,470.0
7822,G,C#,4,D,"(1, 4, 7, 9)",V7,A,E,D,977.75,470.0
7823,G,C#,4,D,"(1, 4, 7, 9)",V7,A,E,D,977.875,470.0
7824,G,C#,4,D,"(1, 4, 7, 9)",V7,A,E,D,978.0,470.0
7825,G,C#,4,D,"(1, 4, 7, 9)",V7,A,E,D,978.125,470.0
7826,A,D,0,D,"(2, 6, 9)",I,D,F#,D,978.25,471.0
7827,A,D,1,D,"(2, 6, 9)",I,D,F#,D,978.375,471.0
7828,A,D,2,D,"(2, 6, 9)",I,D,F#,D,978.5,471.0
7829,A,D,2,D,"(2, 6, 9)",I,D,F#,D,978.625,471.0
7830,A,D,3,D,"(2, 6, 9)",I,D,F#,D,978.75,471.0
7831,A,D,3,D,"(2, 6, 9)",I,D,F#,D,978.875,471.0
7832,A,D,3,D,"(2, 6, 9)",I,D,F#,D,979.0,471.0
7833,A,D,3,D,"(2, 6, 9)",I,D,F#,D,979.125,471.0
7834,A,D,4,D,"(2, 6, 9)",I,D,F#,D,979.25,471.0
7835,A,D,4,D,"(2, 6, 9)",I,D,F#,D,979.375,471.0
7836,A,D,4,D,"(2, 6, 9)",I,D,F#,D,979.5,471.0
7837,A,D,4,D,"(2, 6, 9)",I,D,F#,D,979.625,471.0
7838,A,D,4,D,"(2, 6, 9)",I,D,F#,D,979.75,471.0
7839,A,D,4,D,"(2, 6, 9)",I,D,F#,D,979.875,471.0
7840,A,D,4,D,"(2, 6, 9)",I,D,F#,D,980.0,471.0
7841,A,D,4,D,"(2, 6, 9)",I,D,F#,D,980.125,471.0
7842,E,A,0,D,"(1, 4, 7, 9)",V7,G,C#,D,980.25,472.0
7843,E,A,1,D,"(1, 4, 7, 9)",V7,G,C#,D,980.375,472.0
7844,E,A,2,D,"(1, 4, 7, 9)",V7,G,C#,D,980.5,472.0
7845,E,A,2,D,"(1, 4, 7, 9)",V7,G,C#,D,980.625,472.0
7846,E,A,3,D,"(1, 4, 7, 9)",V7,G,C#,D,980.75,472.0
7847,E,A,3,D,"(1, 4, 7, 9)",V7,G,C#,D,980.875,472.0
7848,E,A,3,D,"(1, 4, 7, 9)",V7,G,C#,D,981.0,472.0
7849,E,A,3,D,"(1, 4, 7, 9)",V7,G,C#,D,981.125,472.0
7850,E,A,4,D,"(1, 4, 7, 9)",V7,G,C#,D,981.25,472.0
7851,E,A,4,D,"(1, 4, 7, 9)",V7,G,C#,D,981.375,472.0
7852,E,A,4,D,"(1, 4, 7, 9)",V7,G,C#,D,981.5,472.0
7853,E,A,4,D,"(1, 4, 7, 9)",V7,G,C#,D,981.625,472.0
7854,E,A,4,D,"(1, 4, 7, 9)",V7,G,C#,D,981.75,472.0
7855,E,A,4,D,"(1, 4, 7, 9)",V7,G,C#,D,981.875,472.0
7856,E,A,4,D,"(1, 4, 7, 9)",V7,G,C#,D,982.0,472.0
7857,E,A,4,D,"(1, 4, 7, 9)",V7,G,C#,D,982.125,472.0
7858,A,D,0,D,"(2, 6, 9)",I,D,F#,D,982.25,473.0
7859,A,D,1,D,"(2, 6, 9)",I,D,F#,D,982.375,473.0
7860,A,D,2,D,"(2, 6, 9)",I,D,F#,D,982.5,473.0
7861,A,D,2,D,"(2, 6, 9)",I,D,F#,D,982.625,473.0
7862,A,D,3,D,"(2, 6, 9)",I,D,F#,D,982.75,473.0
7863,A,D,3,D,"(2, 6, 9)",I,D,F#,D,982.875,473.0
7864,A,D,3,D,"(2, 6, 9)",I,D,F#,D,983.0,473.0
7865,A,D,3,D,"(2, 6, 9)",I,D,F#,D,983.125,473.0
7866,A,D,4,D,"(2, 6, 9)",I,D,F#,D,983.25,473.0
7867,A,D,4,D,"(2, 6, 9)",I,D,F#,D,983.375,473.0
7868,A,D,4,D,"(2, 6, 9)",I,D,F#,D,983.5,473.0
7869,A,D,4,D,"(2, 6, 9)",I,D,F#,D,983.625,473.0
7870,A,D,4,D,"(2, 6, 9)",I,D,F#,D,983.75,473.0
7871,A,D,4,D,"(2, 6, 9)",I,D,F#,D,983.875,473.0
7872,A,D,4,D,"(2, 6, 9)",I,D,F#,D,984.0,473.0
7873,A,D,4,D,"(2, 6, 9)",I,D,F#,D,984.125,473.0
7874,G,C#,0,D,"(1, 4, 7, 9)",V7,A,E,D,984.25,474.0
7875,G,C#,1,D,"(1, 4, 7, 9)",V7,A,E,D,984.375,474.0
7876,G,C#,2,D,"(1, 4, 7, 9)",V7,A,E,D,984.5,474.0
7877,G,C#,2,D,"(1, 4, 7, 9)",V7,A,E,D,984.625,474.0
7878,G,C#,3,D,"(1, 4, 7, 9)",V7,A,E,D,984.75,474.0
7879,G,C#,3,D,"(1, 4, 7, 9)",V7,A,E,D,984.875,474.0
7880,G,C#,3,D,"(1, 4, 7, 9)",V7,A,E,D,985.0,474.0
7881,G,C#,3,D,"(1, 4, 7, 9)",V7,A,E,D,985.125,474.0
7882,G,C#,4,D,"(1, 4, 7, 9)",V7,A,E,D,985.25,474.0
7883,G,C#,4,D,"(1, 4, 7, 9)",V7,A,E,D,985.375,474.0
7884,G,C#,4,D,"(1, 4, 7, 9)",V7,A,E,D,985.5,474.0
7885,G,C#,4,D,"(1, 4, 7, 9)",V7,A,E,D,985.625,474.0
7886,G,C#,4,D,"(1, 4, 7, 9)",V7,A,E,D,985.75,474.0
7887,G,C#,4,D,"(1, 4, 7, 9)",V7,A,E,D,985.875,474.0
7888,G,C#,4,D,"(1, 4, 7, 9)",V7,A,E,D,986.0,474.0
7889,G,C#,4,D,"(1, 4, 7, 9)",V7,A,E,D,986.125,474.0
7890,A,D,0,D,"(2, 6, 9)",I,D,F#,D,986.25,475.0
7891,A,D,1,D,"(2, 6, 9)",I,D,F#,D,986.375,475.0
7892,A,D,2,D,"(2, 6, 9)",I,D,F#,D,986.5,475.0
7893,A,D,2,D,"(2, 6, 9)",I,D,F#,D,986.625,475.0
7894,A,D,3,D,"(2, 6, 9)",I,D,F#,D,986.75,475.0
7895,A,D,3,D,"(2, 6, 9)",I,D,F#,D,986.875,475.0
7896,A,D,3,D,"(2, 6, 9)",I,D,F#,D,987.0,475.0
7897,A,D,3,D,"(2, 6, 9)",I,D,F#,D,987.125,475.0
7898,A,D,4,D,"(2, 6, 9)",I,D,F#,D,987.25,475.0
7899,A,D,4,D,"(2, 6, 9)",I,D,F#,D,987.375,475.0
7900,A,D,4,D,"(2, 6, 9)",I,D,F#,D,987.5,475.0
7901,A,D,4,D,"(2, 6, 9)",I,D,F#,D,987.625,475.0
7902,A,D,4,D,"(2, 6, 9)",I,D,F#,D,987.75,475.0
7903,A,D,4,D,"(2, 6, 9)",I,D,F#,D,987.875,475.0
7904,A,D,4,D,"(2, 6, 9)",I,D,F#,D,988.0,475.0
7905,A,D,4,D,"(2, 6, 9)",I,D,F#,D,988.125,475.0
7906,E,G,0,D,"(4, 7, 11)",ii,E,B,D,988.25,476.0
7907,E,G,1,D,"(4, 7, 11)",ii,E,B,D,988.375,476.0
7908,E,G,2,D,"(4, 7, 11)",ii,E,B,D,988.5,476.0
7909,E,G,2,D,"(4, 7, 11)",ii,E,B,D,988.625,476.0
7910,E,G,3,D,"(4, 7, 11)",ii,E,B,D,988.75,476.0
7911,E,G,3,D,"(4, 7, 11)",ii,E,B,D,988.875,476.0
7912,E,G,3,D,"(4, 7, 11)",ii,E,B,D,989.0,476.0
7913,E,G,3,D,"(4, 7, 11)",ii,E,B,D,989.125,476.0
7914,E,A,0,D,"(1, 4, 9)",V,A,C#,D,989.25,476.0
7915,E,A,1,D,"(1, 4, 9)",V,A,C#,D,989.375,476.0
7916,E,A,2,D,"(1, 4, 9)",V,A,C#,D,989.5,476.0
7917,E,A,2,D,"(1, 4, 9)",V,A,C#,D,989.625,476.0
7918,E,A,3,D,"(1, 4, 9)",V,A,C#,D,989.75,476.0
7919,E,A,3,D,"(1, 4, 9)",V,A,C#,D,989.875,476.0
7920,E,A,3,D,"(1, 4, 9)",V,A,C#,D,990.0,476.0
7921,E,A,3,D,"(1, 4, 9)",V,A,C#,D,990.125,476.0
7922,A,D,0,D,"(2, 6, 9)",I,D,F#,D,990.25,477.0
7923,A,D,1,D,"(2, 6, 9)",I,D,F#,D,990.375,477.0
7924,A,D,2,D,"(2, 6, 9)",I,D,F#,D,990.5,477.0
7925,A,D,2,D,"(2, 6, 9)",I,D,F#,D,990.625,477.0
7926,A,D,3,D,"(2, 6, 9)",I,D,F#,D,990.75,477.0
7927,A,D,3,D,"(2, 6, 9)",I,D,F#,D,990.875,477.0
7928,A,D,3,D,"(2, 6, 9)",I,D,F#,D,991.0,477.0
7929,A,D,3,D,"(2, 6, 9)",I,D,F#,D,991.125,477.0
7930,A,D,4,D,"(2, 6, 9)",I,D,F#,D,991.25,477.0
7931,A,D,4,D,"(2, 6, 9)",I,D,F#,D,991.375,477.0
7932,A,D,4,D,"(2, 6, 9)",I,D,F#,D,991.5,477.0
7933,A,D,4,D,"(2, 6, 9)",I,D,F#,D,991.625,477.0
7934,A,D,4,D,"(2, 6, 9)",I,D,F#,D,991.75,477.0
7935,A,D,4,D,"(2, 6, 9)",I,D,F#,D,991.875,477.0
7936,A,D,4,D,"(2, 6, 9)",I,D,F#,D,992.0,477.0
7937,A,D,4,D,"(2, 6, 9)",I,D,F#,D,992.125,477.0
7938,A,D,0,D,"(2, 6, 9)",I,D,F#,D,992.25,478.0
7939,A,D,1,D,"(2, 6, 9)",I,D,F#,D,992.375,478.0
7940,A,D,2,D,"(2, 6, 9)",I,D,F#,D,992.5,478.0
7941,A,D,2,D,"(2, 6, 9)",I,D,F#,D,992.625,478.0
7942,A,D,3,D,"(2, 6, 9)",I,D,F#,D,992.75,478.0
7943,A,D,3,D,"(2, 6, 9)",I,D,F#,D,992.875,478.0
7944,A,D,3,D,"(2, 6, 9)",I,D,F#,D,993.0,478.0
7945,A,D,3,D,"(2, 6, 9)",I,D,F#,D,993.125,478.0
7946,A,D,4,D,"(2, 6, 9)",I,D,F#,D,993.25,478.0
7947,A,D,4,D,"(2, 6, 9)",I,D,F#,D,993.375,478.0
7948,A,D,4,D,"(2, 6, 9)",I,D,F#,D,993.5,478.0
7949,A,D,4,D,"(2, 6, 9)",I,D,F#,D,993.625,478.0
7950,A,D,4,D,"(2, 6, 9)",I,D,F#,D,993.75,478.0
7951,A,D,4,D,"(2, 6, 9)",I,D,F#,D,993.875,478.0
7952,A,D,4,D,"(2, 6, 9)",I,D,F#,D,994.0,478.0
7953,A,D,4,D,"(2, 6, 9)",I,D,F#,D,994.125,478.0
7954,A,D,0,D,"(2, 6, 9)",I,D,F#,D,994.25,479.0
7955,A,D,1,D,"(2, 6, 9)",I,D,F#,D,994.375,479.0
7956,A,D,2,D,"(2, 6, 9)",I,D,F#,D,994.5,479.0
7957,A,D,2,D,"(2, 6, 9)",I,D,F#,D,994.625,479.0
7958,A,D,3,D,"(2, 6, 9)",I,D,F#,D,994.75,479.0
7959,A,D,3,D,"(2, 6, 9)",I,D,F#,D,994.875,479.0
7960,A,D,3,D,"(2, 6, 9)",I,D,F#,D,995.0,479.0
7961,A,D,3,D,"(2, 6, 9)",I,D,F#,D,995.125,479.0
7962,A,D,4,D,"(2, 6, 9)",I,D,F#,D,995.25,479.0
7963,A,D,4,D,"(2, 6, 9)",I,D,F#,D,995.375,479.0
7964,A,D,4,D,"(2, 6, 9)",I,D,F#,D,995.5,479.0
7965,A,D,4,D,"(2, 6, 9)",I,D,F#,D,995.625,479.0
7966,A,D,4,D,"(2, 6, 9)",I,D,F#,D,995.75,479.0
7967,A,D,4,D,"(2, 6, 9)",I,D,F#,D,995.875,479.0
7968,A,D,4,D,"(2, 6, 9)",I,D,F#,D,996.0,479.0
7969,A,D,4,D,"(2, 6, 9)",I,D,F#,D,996.125,479.0
7970,A,D,0,D,"(2, 6, 9)",I,D,F#,D,996.25,480.0
7971,A,D,1,D,"(2, 6, 9)",I,D,F#,D,996.375,480.0
7972,A,D,2,D,"(2, 6, 9)",I,D,F#,D,996.5,480.0
7973,A,D,2,D,"(2, 6, 9)",I,D,F#,D,996.625,480.0
7974,A,D,3,D,"(2, 6, 9)",I,D,F#,D,996.75,480.0
7975,A,D,3,D,"(2, 6, 9)",I,D,F#,D,996.875,480.0
7976,A,D,3,D,"(2, 6, 9)",I,D,F#,D,997.0,480.0
7977,A,D,3,D,"(2, 6, 9)",I,D,F#,D,997.125,480.0
7978,A,D,4,D,"(2, 6, 9)",I,D,F#,D,997.25,480.0
7979,A,D,4,D,"(2, 6, 9)",I,D,F#,D,997.375,480.0
7980,A,D,4,D,"(2, 6, 9)",I,D,F#,D,997.5,480.0
7981,A,D,4,D,"(2, 6, 9)",I,D,F#,D,997.625,480.0
7982,A,D,4,D,"(2, 6, 9)",I,D,F#,D,997.75,480.0
7983,A,D,4,D,"(2, 6, 9)",I,D,F#,D,997.875,480.0
7984,A,D,4,D,"(2, 6, 9)",I,D,F#,D,998.0,480.0
7985,A,D,4,D,"(2, 6, 9)",I,D,F#,D,998.125,480.0
7986,A,D,0,D,"(2, 6, 9)",I,D,F#,d,998.25,481.0
7987,A,D,1,D,"(2, 6, 9)",I,D,F#,d,998.375,481.0
7988,A,D,2,D,"(2, 6, 9)",I,D,F#,D,998.5,481.0
7989,A,D,2,D,"(2, 6, 9)",I,D,F#,D,998.625,481.0
7990,A,D,3,D,"(2, 6, 9)",I,D,F#,d,998.75,481.0
7991,A,D,3,D,"(2, 6, 9)",I,D,F#,d,998.875,481.0
7992,A,D,3,D,"(2, 6, 9)",I,D,F#,d,999.0,481.0
7993,A,D,3,D,"(2, 6, 9)",I,D,F#,d,999.125,481.0
7994,A,D,4,D,"(2, 6, 9)",I,D,F#,d,999.25,481.0
7995,A,D,4,D,"(2, 6, 9)",I,D,F#,d,999.375,481.0
7996,A,D,4,D,"(2, 6, 9)",I,D,F#,d,999.5,481.0
7997,A,D,4,D,"(2, 6, 9)",I,D,F#,d,999.625,481.0
7998,A,D,4,D,"(2, 6, 9)",I,D,F#,d,999.75,481.0
7999,A,D,4,D,"(2, 6, 9)",I,D,F#,d,999.875,481.0
8000,A,D,4,D,"(2, 6, 9)",I,D,F#,d,1000.0,481.0
8001,A,D,4,D,"(2, 6, 9)",I,D,F#,d,1000.125,481.0
8002,A,D,0,D,"(2, 6, 9)",I,D,F#,d,1000.25,482.0
8003,A,D,1,D,"(2, 6, 9)",I,D,F#,d,1000.375,482.0
8004,A,D,2,D,"(2, 6, 9)",I,D,F#,d,1000.5,482.0
8005,A,D,2,D,"(2, 6, 9)",I,D,F#,d,1000.625,482.0
8006,A,D,3,D,"(2, 6, 9)",I,D,F#,d,1000.75,482.0
8007,A,D,3,D,"(2, 6, 9)",I,D,F#,d,1000.875,482.0
8008,A,D,3,D,"(2, 6, 9)",I,D,F#,d,1001.0,482.0
8009,A,D,3,D,"(2, 6, 9)",I,D,F#,d,1001.125,482.0
8010,A,D,4,D,"(2, 5, 9)",I,D,F#,d,1001.25,482.0
8011,A,D,4,D,"(2, 5, 9)",I,D,F#,d,1001.375,482.0
8012,A,D,4,D,"(2, 5, 9)",I,D,F#,d,1001.5,482.0
8013,A,D,4,D,"(2, 5, 9)",I,D,F#,d,1001.625,482.0
8014,A,D,4,D,"(2, 5, 9)",I,D,F#,d,1001.75,482.0
8015,A,D,4,D,"(2, 5, 9)",I,D,F#,d,1001.875,482.0
8016,A,D,4,D,"(2, 5, 9)",I,D,F#,d,1002.0,482.0
8017,A,D,4,D,"(2, 5, 9)",I,D,F#,d,1002.125,482.0
8018,F,B-,0,D,"(2, 5, 10)",I,B-,D,B-,1002.25,483.0
8019,F,B-,1,D,"(2, 5, 10)",VI,B-,D,B-,1002.375,483.0
8020,F,B-,2,D,"(2, 5, 10)",VI,B-,D,B-,1002.5,483.0
8021,F,B-,2,D,"(2, 5, 10)",VI,B-,D,B-,1002.625,483.0
8022,F,B-,3,D,"(2, 5, 10)",VI,B-,D,B-,1002.75,483.0
8023,F,B-,3,D,"(2, 5, 10)",VI,B-,D,B-,1002.875,483.0
8024,F,B-,3,D,"(2, 5, 10)",VI,B-,D,B-,1003.0,483.0
8025,F,B-,3,D,"(2, 5, 10)",VI,B-,D,B-,1003.125,483.0
8026,F,B-,4,D,"(2, 5, 10)",VI,B-,D,B-,1003.25,483.0
8027,F,B-,4,D,"(2, 5, 10)",VI,B-,D,B-,1003.375,483.0
8028,F,B-,4,D,"(2, 5, 10)",VI,B-,D,B-,1003.5,483.0
8029,F,B-,4,D,"(2, 5, 10)",VI,B-,D,B-,1003.625,483.0
8030,F,B-,4,D,"(2, 5, 10)",VI,B-,D,B-,1003.75,483.0
8031,F,B-,4,D,"(2, 5, 10)",VI,B-,D,B-,1003.875,483.0
8032,F,B-,4,D,"(2, 5, 10)",VI,B-,D,B-,1004.0,483.0
8033,F,B-,4,D,"(2, 5, 10)",VI,B-,D,B-,1004.125,483.0
8034,F,B-,0,D,"(2, 5, 10)",I,B-,D,B-,1004.25,484.0
8035,F,B-,1,D,"(2, 5, 10)",I,B-,D,B-,1004.375,484.0
8036,F,B-,2,D,"(2, 5, 10)",I,B-,D,B-,1004.5,484.0
8037,F,B-,2,D,"(2, 5, 10)",I,B-,D,B-,1004.625,484.0
8038,F,B-,3,D,"(2, 5, 10)",I,B-,D,B-,1004.75,484.0
8039,F,B-,3,D,"(2, 5, 10)",I,B-,D,B-,1004.875,484.0
8040,F,B-,3,D,"(2, 5, 10)",I,B-,D,B-,1005.0,484.0
8041,F,B-,3,D,"(2, 5, 10)",I,B-,D,B-,1005.125,484.0
8042,F,B-,4,D,"(2, 5, 10)",I,B-,D,B-,1005.25,484.0
8043,F,B-,4,D,"(2, 5, 10)",I,B-,D,B-,1005.375,484.0
8044,F,B-,4,D,"(2, 5, 10)",I,B-,D,B-,1005.5,484.0
8045,F,B-,4,D,"(2, 5, 10)",I,B-,D,B-,1005.625,484.0
8046,F,B-,4,D,"(2, 5, 10)",I,B-,D,B-,1005.75,484.0
8047,F,B-,4,D,"(2, 5, 10)",I,B-,D,d,1005.875,484.0
8048,F,B-,4,D,"(2, 5, 10)",I,B-,D,B-,1006.0,484.0
8049,F,B-,4,D,"(2, 5, 10)",I,B-,D,d,1006.125,484.0
8050,G,B-,0,D,"(3, 7, 10)",IV,E-,E-,d,1006.25,485.0
8051,G,B-,1,D,"(3, 7, 10)",IV,E-,E-,d,1006.375,485.0
8052,G,B-,2,D,"(3, 7, 10)",IV,E-,E-,d,1006.5,485.0
8053,G,B-,2,D,"(3, 7, 10)",IV,E-,E-,d,1006.625,485.0
8054,G,B-,3,D,"(3, 7, 10)",IV,E-,E-,d,1006.75,485.0
8055,G,B-,3,D,"(3, 7, 10)",IV,E-,E-,d,1006.875,485.0
8056,G,B-,3,D,"(3, 7, 10)",IV,E-,E-,d,1007.0,485.0
8057,G,B-,3,D,"(3, 7, 10)",IV,E-,E-,d,1007.125,485.0
8058,G,B-,4,D,"(3, 7, 10)",IV,E-,E-,d,1007.25,485.0
8059,G,B-,4,D,"(3, 7, 10)",IV,E-,E-,d,1007.375,485.0
8060,G,B-,4,D,"(3, 7, 10)",IV,E-,E-,d,1007.5,485.0
8061,G,B-,4,D,"(3, 7, 10)",IV,E-,E-,d,1007.625,485.0
8062,G,B-,4,D,"(3, 7, 10)",IV,E-,E-,d,1007.75,485.0
8063,G,B-,4,D,"(3, 7, 10)",IV,E-,E-,d,1007.875,485.0
8064,G,B-,4,D,"(3, 7, 10)",IV,E-,E-,d,1008.0,485.0
8065,G,B-,4,D,"(3, 7, 10)",IV,E-,E-,d,1008.125,485.0
8066,F,B-,0,d,"(2, 5, 10)",I,B-,D,d,1008.25,486.0
8067,F,B-,1,D,"(2, 5, 10)",I,B-,D,d,1008.375,486.0
8068,F,B-,2,D,"(2, 5, 10)",I,B-,D,B-,1008.5,486.0
8069,F,B-,2,D,"(2, 5, 10)",I,B-,D,B-,1008.625,486.0
8070,F,B-,3,D,"(2, 5, 10)",I,B-,D,B-,1008.75,486.0
8071,F,B-,3,D,"(2, 5, 10)",I,B-,D,d,1008.875,486.0
8072,F,B-,3,D,"(2, 5, 10)",I,B-,D,B-,1009.0,486.0
8073,F,B-,3,D,"(2, 5, 10)",I,B-,D,B-,1009.125,486.0
8074,F,B-,4,D,"(2, 5, 10)",I,B-,D,d,1009.25,486.0
8075,F,B-,4,D,"(2, 5, 10)",I,B-,D,d,1009.375,486.0
8076,F,B-,4,D,"(2, 5, 10)",I,B-,D,B-,1009.5,486.0
8077,F,B-,4,D,"(2, 5, 10)",I,B-,D,B-,1009.625,486.0
8078,F,B-,4,D,"(2, 5, 10)",I,B-,D,d,1009.75,486.0
8079,F,B-,4,D,"(2, 5, 10)",I,B-,D,d,1009.875,486.0
8080,F,B-,4,D,"(2, 5, 10)",I,B-,D,d,1010.0,486.0
8081,F,B-,4,D,"(2, 5, 10)",I,B-,D,d,1010.125,486.0
8082,E,B-,0,D,"(1, 4, 7, 10)",viio7,G,C#,d,1010.25,487.0
8083,E,B-,1,D,"(1, 4, 7, 10)",viio7,G,C#,d,1010.375,487.0
8084,E,B-,2,D,"(1, 4, 7, 10)",viio7,G,C#,d,1010.5,487.0
8085,E,B-,2,D,"(1, 4, 7, 10)",viio7,G,C#,d,1010.625,487.0
8086,E,B-,3,D,"(1, 4, 7, 10)",viio7,G,C#,d,1010.75,487.0
8087,E,B-,3,D,"(1, 4, 7, 10)",viio7,G,C#,d,1010.875,487.0
8088,E,B-,3,D,"(1, 4, 7, 10)",viio7,G,C#,d,1011.0,487.0
8089,E,B-,3,D,"(1, 4, 7, 10)",viio7,G,C#,d,1011.125,487.0
8090,E,B-,4,D,"(1, 4, 7, 10)",viio7,G,C#,d,1011.25,487.0
8091,E,B-,4,D,"(1, 4, 7, 10)",viio7,G,C#,d,1011.375,487.0
8092,E,B-,4,D,"(1, 4, 7, 10)",viio7,G,C#,d,1011.5,487.0
8093,E,B-,4,D,"(1, 4, 7, 10)",viio7,G,C#,d,1011.625,487.0
8094,E,B-,4,D,"(1, 4, 7, 10)",viio7,G,C#,d,1011.75,487.0
8095,E,B-,4,D,"(1, 4, 7, 10)",viio7,G,C#,d,1011.875,487.0
8096,E,B-,4,D,"(1, 4, 7, 10)",viio7,G,C#,d,1012.0,487.0
8097,E,B-,4,D,"(1, 4, 7, 10)",viio7,G,C#,d,1012.125,487.0
8098,E,A,0,D,"(1, 4, 7, 9)",V7,G,C#,D,1012.25,488.0
8099,E,A,1,D,"(1, 4, 7, 9)",V7,G,C#,D,1012.375,488.0
8100,E,A,2,D,"(1, 4, 7, 9)",V7,G,C#,D,1012.5,488.0
8101,E,A,2,D,"(1, 4, 7, 9)",V7,G,C#,D,1012.625,488.0
8102,E,A,3,D,"(1, 4, 7, 9)",V7,G,C#,D,1012.75,488.0
8103,E,A,3,D,"(1, 4, 7, 9)",V7,G,C#,D,1012.875,488.0
8104,E,A,3,D,"(1, 4, 7, 9)",V7,G,C#,D,1013.0,488.0
8105,E,A,3,D,"(1, 4, 7, 9)",V7,G,C#,D,1013.125,488.0
8106,E,A,4,D,"(1, 4, 7, 9)",V7,G,C#,D,1013.25,488.0
8107,E,A,4,D,"(1, 4, 7, 9)",V7,G,C#,D,1013.375,488.0
8108,E,A,4,D,"(1, 4, 7, 9)",V7,G,C#,D,1013.5,488.0
8109,E,A,4,D,"(1, 4, 7, 9)",V7,G,C#,D,1013.625,488.0
8110,E,A,4,D,"(1, 4, 7, 9)",V7,G,C#,D,1013.75,488.0
8111,E,A,4,D,"(1, 4, 7, 9)",V7,G,C#,D,1013.875,488.0
8112,E,A,4,D,"(1, 4, 7, 9)",V7,G,C#,D,1014.0,488.0
8113,E,A,4,D,"(1, 4, 7, 9)",V7,G,C#,D,1014.125,488.0
8114,F#,A,0,D,"(2, 6, 9)",I,D,D,D,1014.25,489.0
8115,F#,A,1,D,"(2, 6, 9)",I,D,D,D,1014.375,489.0
8116,F#,A,2,D,"(2, 6, 9)",I,D,D,D,1014.5,489.0
8117,F#,A,2,D,"(2, 6, 9)",I,D,D,D,1014.625,489.0
8118,F#,A,3,D,"(2, 6, 9)",I,D,D,D,1014.75,489.0
8119,F#,A,3,D,"(2, 6, 9)",I,D,D,D,1014.875,489.0
8120,F#,A,3,D,"(2, 6, 9)",I,D,D,D,1015.0,489.0
8121,F#,A,3,D,"(2, 6, 9)",I,D,D,D,1015.125,489.0
8122,E,A,4,D,"(1, 4, 7, 9)",V7,G,C#,D,1015.25,489.0
8123,E,A,4,D,"(1, 4, 7, 9)",V7,G,C#,D,1015.375,489.0
8124,E,A,4,D,"(1, 4, 7, 9)",V7,G,C#,D,1015.5,489.0
8125,E,A,4,D,"(1, 4, 7, 9)",V7,G,C#,D,1015.625,489.0
8126,E,A,0,D,"(1, 4, 9)",V7,A,C#,D,1015.75,489.0
8127,E,A,4,D,"(1, 4, 9)",V,A,C#,D,1015.875,489.0
8128,E,A,2,D,"(1, 4, 9)",V,A,C#,D,1016.0,489.0
8129,E,A,2,D,"(1, 4, 9)",V,A,C#,D,1016.125,489.0
8130,A,D,0,D,"(2, 5, 9)",I,D,F#,d,1016.25,490.0
8131,A,D,1,D,"(2, 5, 9)",I,D,F#,d,1016.375,490.0
8132,A,D,2,D,"(2, 5, 9)",I,D,F#,d,1016.5,490.0
8133,A,D,2,D,"(2, 5, 9)",I,D,F#,d,1016.625,490.0
8134,A,D,3,D,"(2, 5, 9)",I,D,F#,d,1016.75,490.0
8135,A,D,3,D,"(2, 5, 9)",I,D,F#,d,1016.875,490.0
8136,A,D,3,D,"(2, 5, 9)",I,D,F#,d,1017.0,490.0
8137,A,D,3,D,"(2, 5, 9)",I,D,F#,d,1017.125,490.0
8138,A,D,4,D,"(2, 5, 9)",I,D,F#,d,1017.25,490.0
8139,A,D,4,D,"(2, 5, 9)",I,D,F#,d,1017.375,490.0
8140,A,D,4,D,"(2, 5, 9)",I,D,F#,d,1017.5,490.0
8141,A,D,4,D,"(2, 5, 9)",I,D,F#,d,1017.625,490.0
8142,A,D,4,D,"(2, 5, 9)",I,D,F#,d,1017.75,490.0
8143,A,D,4,D,"(2, 5, 9)",I,D,F,d,1017.875,490.0
8144,A,D,4,D,"(2, 5, 9)",I,D,F#,d,1018.0,490.0
8145,A,D,4,D,"(2, 5, 9)",I,D,F,d,1018.125,490.0
8146,F,B-,0,D,"(2, 5, 10)",I,B-,D,B-,1018.25,491.0
8147,F,B-,1,D,"(2, 5, 10)",I,B-,D,B-,1018.375,491.0
8148,F,B-,2,D,"(2, 5, 10)",I,B-,D,B-,1018.5,491.0
8149,F,B-,2,D,"(2, 5, 10)",I,B-,D,B-,1018.625,491.0
8150,F,B-,3,D,"(2, 5, 10)",I,B-,D,B-,1018.75,491.0
8151,F,B-,3,D,"(2, 5, 10)",I,B-,D,B-,1018.875,491.0
8152,F,B-,3,D,"(2, 5, 10)",I,B-,D,B-,1019.0,491.0
8153,F,B-,3,D,"(2, 5, 10)",I,B-,D,B-,1019.125,491.0
8154,F,B-,4,B-,"(2, 5, 10)",I,B-,D,B-,1019.25,491.0
8155,F,B-,4,B-,"(2, 5, 10)",IV,B-,D,B-,1019.375,491.0
8156,F,B-,4,B-,"(2, 5, 10)",IV,B-,D,B-,1019.5,491.0
8157,F,B-,4,B-,"(2, 5, 10)",IV,B-,D,B-,1019.625,491.0
8158,F,B-,4,B-,"(2, 5, 10)",I,B-,D,B-,1019.75,491.0
8159,F,B-,4,B-,"(2, 5, 10)",IV,B-,D,B-,1019.875,491.0
8160,F,B-,4,B-,"(2, 5, 10)",I,B-,D,B-,1020.0,491.0
8161,F,B-,4,B-,"(2, 5, 10)",I,B-,D,B-,1020.125,491.0
8162,F,B-,0,B-,"(2, 5, 10)",I,B-,D,B-,1020.25,492.0
8163,F,B-,1,D,"(2, 5, 10)",I,B-,D,B-,1020.375,492.0
8164,F,B-,2,D,"(2, 5, 10)",I,B-,D,B-,1020.5,492.0
8165,F,B-,2,D,"(2, 5, 10)",I,B-,D,B-,1020.625,492.0
8166,F,B-,3,D,"(2, 5, 10)",I,B-,D,B-,1020.75,492.0
8167,F,B-,3,D,"(2, 5, 10)",I,B-,D,B-,1020.875,492.0
8168,F,B-,3,D,"(2, 5, 10)",I,B-,D,B-,1021.0,492.0
8169,F,B-,3,D,"(2, 5, 10)",I,B-,D,B-,1021.125,492.0
8170,F,B-,4,B-,"(2, 5, 10)",I,B-,D,B-,1021.25,492.0
8171,F,B-,4,B-,"(2, 5, 10)",I,B-,D,B-,1021.375,492.0
8172,F,B-,4,B-,"(2, 5, 10)",I,B-,D,B-,1021.5,492.0
8173,F,B-,4,B-,"(2, 5, 10)",I,B-,D,B-,1021.625,492.0
8174,F,B-,4,B-,"(2, 5, 10)",I,B-,D,B-,1021.75,492.0
8175,F,B-,4,B-,"(2, 5, 10)",I,B-,D,B-,1021.875,492.0
8176,F,B-,4,B-,"(2, 5, 10)",I,B-,D,B-,1022.0,492.0
8177,F,B-,4,B-,"(2, 5, 10)",I,B-,D,B-,1022.125,492.0
8178,G,B-,0,D,"(3, 7, 10)",IV,E-,E-,B-,1022.25,493.0
8179,G,B-,1,D,"(3, 7, 10)",IV,E-,E-,B-,1022.375,493.0
8180,G,B-,2,D,"(3, 7, 10)",IV,E-,E-,B-,1022.5,493.0
8181,G,B-,2,D,"(3, 7, 10)",IV,E-,E-,B-,1022.625,493.0
8182,G,B-,3,D,"(3, 7, 10)",IV,E-,E-,B-,1022.75,493.0
8183,G,B-,3,D,"(3, 7, 10)",IV,E-,E-,B-,1022.875,493.0
8184,G,B-,3,D,"(3, 7, 10)",IV,E-,E-,B-,1023.0,493.0
8185,G,B-,3,D,"(3, 7, 10)",IV,E-,E-,B-,1023.125,493.0
8186,G,B-,4,D,"(3, 7, 10)",IV,E-,E-,B-,1023.25,493.0
8187,G,B-,4,D,"(3, 7, 10)",IV,E-,E-,d,1023.375,493.0
8188,G,B-,4,D,"(3, 7, 10)",IV,E-,E-,B-,1023.5,493.0
8189,G,B-,4,D,"(3, 7, 10)",IV,E-,E-,B-,1023.625,493.0
8190,G,B-,4,D,"(3, 7, 10)",IV,E-,E-,d,1023.75,493.0
8191,G,B-,4,D,"(3, 7, 10)",IV,E-,E-,d,1023.875,493.0
8192,G,B-,4,D,"(3, 7, 10)",IV,E-,E-,d,1024.0,493.0
8193,G,B-,4,D,"(3, 7, 10)",IV,E-,E-,d,1024.125,493.0
8194,F,B-,0,B-,"(2, 5, 10)",I,B-,D,B-,1024.25,494.0
8195,F,B-,1,B-,"(2, 5, 10)",I,B-,D,B-,1024.375,494.0
8196,F,B-,2,B-,"(2, 5, 10)",I,B-,D,B-,1024.5,494.0
8197,F,B-,2,B-,"(2, 5, 10)",I,B-,D,B-,1024.625,494.0
8198,F,B-,3,B-,"(2, 5, 10)",I,B-,D,B-,1024.75,494.0
8199,F,B-,3,B-,"(2, 5, 10)",I,B-,D,B-,1024.875,494.0
8200,F,B-,3,B-,"(2, 5, 10)",I,B-,D,B-,1025.0,494.0
8201,F,B-,3,B-,"(2, 5, 10)",I,B-,D,B-,1025.125,494.0
8202,F,B-,4,B-,"(2, 5, 10)",I,B-,D,B-,1025.25,494.0
8203,F,B-,4,B-,"(2, 5, 10)",I,B-,D,B-,1025.375,494.0
8204,F,B-,4,B-,"(2, 5, 10)",I,B-,D,B-,1025.5,494.0
8205,F,B-,4,B-,"(2, 5, 10)",I,B-,D,B-,1025.625,494.0
8206,F,B-,4,B-,"(2, 5, 10)",I,B-,D,B-,1025.75,494.0
8207,F,B-,4,B-,"(2, 5, 10)",I,B-,D,B-,1025.875,494.0
8208,F,B-,4,B-,"(2, 5, 10)",I,B-,D,B-,1026.0,494.0
8209,F,B-,4,B-,"(2, 5, 10)",I,B-,D,B-,1026.125,494.0
8210,E,B-,0,D,"(1, 4, 7, 10)",viio7,G,C#,d,1026.25,495.0
8211,E,B-,1,D,"(1, 4, 7, 10)",viio7,G,C#,d,1026.375,495.0
8212,E,B-,2,D,"(1, 4, 7, 10)",viio7,G,C#,d,1026.5,495.0
8213,E,B-,2,D,"(1, 4, 7, 10)",viio7,G,C#,d,1026.625,495.0
8214,E,B-,3,D,"(1, 4, 7, 10)",viio7,G,C#,d,1026.75,495.0
8215,E,B-,3,D,"(1, 4, 7, 10)",viio7,G,C#,d,1026.875,495.0
8216,E,B-,3,D,"(1, 4, 7, 10)",viio7,G,C#,d,1027.0,495.0
8217,E,B-,3,D,"(1, 4, 7, 10)",viio7,G,C#,d,1027.125,495.0
8218,E,B-,4,D,"(1, 4, 7, 10)",viio7,G,C#,d,1027.25,495.0
8219,E,B-,4,D,"(1, 4, 7, 10)",viio7,G,C#,d,1027.375,495.0
8220,E,B-,4,D,"(1, 4, 7, 10)",viio7,G,C#,d,1027.5,495.0
8221,E,B-,4,D,"(1, 4, 7, 10)",viio7,G,C#,d,1027.625,495.0
8222,E,B-,4,D,"(1, 4, 7, 10)",viio7,G,C#,d,1027.75,495.0
8223,E,B-,4,D,"(1, 4, 7, 10)",viio7,G,C#,d,1027.875,495.0
8224,E,B-,4,D,"(1, 4, 7, 10)",viio7,G,C#,d,1028.0,495.0
8225,E,B-,4,D,"(1, 4, 7, 10)",viio7,G,C#,d,1028.125,495.0
8226,E,A,0,D,"(1, 4, 7, 9)",V7,G,C#,D,1028.25,496.0
8227,E,A,1,D,"(1, 4, 7, 9)",V7,G,C#,D,1028.375,496.0
8228,E,A,2,D,"(1, 4, 7, 9)",V7,G,C#,D,1028.5,496.0
8229,E,A,2,D,"(1, 4, 7, 9)",V7,G,C#,D,1028.625,496.0
8230,E,A,3,D,"(1, 4, 7, 9)",V7,G,C#,D,1028.75,496.0
8231,E,A,3,D,"(1, 4, 7, 9)",V7,G,C#,D,1028.875,496.0
8232,E,A,3,D,"(1, 4, 7, 9)",V7,G,C#,D,1029.0,496.0
8233,E,A,3,D,"(1, 4, 7, 9)",V7,G,C#,D,1029.125,496.0
8234,E,A,4,D,"(1, 4, 7, 9)",V7,G,C#,D,1029.25,496.0
8235,E,A,4,D,"(1, 4, 7, 9)",V7,G,C#,D,1029.375,496.0
8236,E,A,4,D,"(1, 4, 7, 9)",V7,G,C#,D,1029.5,496.0
8237,E,A,4,D,"(1, 4, 7, 9)",V7,G,C#,D,1029.625,496.0
8238,E,A,4,D,"(1, 4, 7, 9)",V7,G,C#,D,1029.75,496.0
8239,E,A,4,D,"(1, 4, 7, 9)",V7,G,C#,D,1029.875,496.0
8240,E,A,4,D,"(1, 4, 7, 9)",V7,G,C#,D,1030.0,496.0
8241,E,A,4,D,"(1, 4, 7, 9)",V7,G,C#,D,1030.125,496.0
8242,F#,A,0,D,"(0, 2, 6, 9)",V7,F#,C,G,1030.25,497.0
8243,F#,A,1,D,"(0, 2, 6, 9)",V7,F#,C,G,1030.375,497.0
8244,F#,A,2,D,"(0, 2, 6, 9)",V7,F#,C,G,1030.5,497.0
8245,F#,A,2,D,"(0, 2, 6, 9)",V7,F#,C,G,1030.625,497.0
8246,F#,A,3,D,"(0, 2, 6, 9)",V7,F#,C,G,1030.75,497.0
8247,F#,A,3,D,"(0, 2, 6, 9)",V7,F#,C,G,1030.875,497.0
8248,F#,A,3,D,"(0, 2, 6, 9)",V7,F#,C,G,1031.0,497.0
8249,F#,A,3,D,"(0, 2, 6, 9)",V7,F#,C,G,1031.125,497.0
8250,F#,A,4,D,"(0, 2, 6, 9)",V7,F#,C,G,1031.25,497.0
8251,F#,A,4,D,"(0, 2, 6, 9)",V7,F#,C,G,1031.375,497.0
8252,F#,A,4,D,"(0, 2, 6, 9)",V7,F#,C,G,1031.5,497.0
8253,F#,A,4,D,"(0, 2, 6, 9)",V7,F#,C,G,1031.625,497.0
8254,F#,A,4,D,"(0, 2, 6, 9)",V7,F#,C,G,1031.75,497.0
8255,F#,A,4,D,"(0, 2, 6, 9)",V7,F#,C,G,1031.875,497.0
8256,F#,A,4,D,"(0, 2, 6, 9)",V7,F#,C,G,1032.0,497.0
8257,F#,A,4,D,"(0, 2, 6, 9)",V7,F#,C,G,1032.125,497.0
8258,D,G,0,G,"(2, 7, 11)",I,G,B,G,1032.25,498.0
8259,D,G,1,G,"(2, 7, 11)",I,G,B,G,1032.375,498.0
8260,D,G,2,G,"(2, 7, 11)",I,G,B,G,1032.5,498.0
8261,D,G,2,G,"(2, 7, 11)",I,G,B,G,1032.625,498.0
8262,D,G,3,G,"(2, 7, 11)",I,G,B,G,1032.75,498.0
8263,D,G,3,G,"(2, 7, 11)",I,G,B,G,1032.875,498.0
8264,D,G,3,G,"(2, 7, 11)",I,G,B,G,1033.0,498.0
8265,D,G,3,G,"(2, 7, 11)",I,G,B,G,1033.125,498.0
8266,D,G,0,G,"(2, 7, 11)",I,G,B,G,1033.25,498.0
8267,D,G,1,G,"(2, 7, 11)",I,G,B,G,1033.375,498.0
8268,D,G,2,G,"(2, 7, 11)",I,G,B,G,1033.5,498.0
8269,D,G,2,G,"(2, 7, 11)",I,G,B,G,1033.625,498.0
8270,D,G,3,G,"(2, 7, 11)",I,G,B,G,1033.75,498.0
8271,D,G,3,G,"(2, 7, 11)",I,G,B,G,1033.875,498.0
8272,D,G,3,G,"(2, 7, 11)",I,G,B,G,1034.0,498.0
8273,D,G,3,G,"(2, 7, 11)",I,G,B,G,1034.125,498.0
8274,D,G,0,G,"(2, 7, 11)",I,G,B,G,1034.25,499.0
8275,D,G,1,G,"(2, 7, 11)",I,G,B,G,1034.375,499.0
8276,D,G,2,G,"(2, 7, 11)",I,G,B,G,1034.5,499.0
8277,D,G,2,G,"(2, 7, 11)",I,G,B,G,1034.625,499.0
8278,D,G,3,G,"(2, 7, 11)",I,G,B,G,1034.75,499.0
8279,D,G,3,G,"(2, 7, 11)",I,G,B,G,1034.875,499.0
8280,D,G,3,G,"(2, 7, 11)",I,G,B,G,1035.0,499.0
8281,D,G,3,G,"(2, 7, 11)",I,G,B,G,1035.125,499.0
8282,D,G,4,D,"(2, 7, 11)",I,G,B,G,1035.25,499.0
8283,D,G,4,D,"(2, 7, 11)",I,G,B,G,1035.375,499.0
8284,D,G,4,D,"(2, 7, 11)",I,G,B,G,1035.5,499.0
8285,D,G,4,D,"(2, 7, 11)",I,G,B,G,1035.625,499.0
8286,D,G,4,D,"(2, 7, 11)",I,G,B,G,1035.75,499.0
8287,D,G,4,D,"(2, 7, 11)",I,G,B,G,1035.875,499.0
8288,D,G,4,D,"(2, 7, 11)",I,G,B,G,1036.0,499.0
8289,D,G,4,D,"(2, 7, 11)",I,G,B,G,1036.125,499.0
8290,E,G,0,G,"(0, 4, 7)",IV,C,C,G,1036.25,500.0
8291,E,G,1,G,"(0, 4, 7)",IV,C,C,G,1036.375,500.0
8292,E,G,2,G,"(0, 4, 7)",IV,C,C,G,1036.5,500.0
8293,E,G,2,G,"(0, 4, 7)",IV,C,C,G,1036.625,500.0
8294,E,G,3,G,"(0, 4, 7)",IV,C,C,G,1036.75,500.0
8295,E,G,3,G,"(0, 4, 7)",IV,C,C,G,1036.875,500.0
8296,E,G,3,G,"(0, 4, 7)",IV,C,C,G,1037.0,500.0
8297,E,G,3,G,"(0, 4, 7)",IV,C,C,G,1037.125,500.0
8298,E,G,4,G,"(0, 4, 7)",IV,C,C,G,1037.25,500.0
8299,E,G,4,G,"(0, 4, 7)",IV,C,C,G,1037.375,500.0
8300,E,G,4,G,"(0, 4, 7)",IV,C,C,G,1037.5,500.0
8301,E,G,4,G,"(0, 4, 7)",IV,C,C,G,1037.625,500.0
8302,E,G,4,G,"(0, 4, 7)",IV,C,C,G,1037.75,500.0
8303,E,G,4,G,"(0, 4, 7)",IV,C,C,G,1037.875,500.0
8304,E,G,4,G,"(0, 4, 7)",IV,C,C,G,1038.0,500.0
8305,E,G,4,G,"(0, 4, 7)",IV,C,C,G,1038.125,500.0
8306,D,G,0,G,"(2, 7, 11)",I,G,B,G,1038.25,501.0
8307,D,G,1,G,"(2, 7, 11)",I,G,B,G,1038.375,501.0
8308,D,G,2,G,"(2, 7, 11)",I,G,B,G,1038.5,501.0
8309,D,G,2,G,"(2, 7, 11)",I,G,B,G,1038.625,501.0
8310,D,G,3,G,"(2, 7, 11)",I,G,B,G,1038.75,501.0
8311,D,G,3,G,"(2, 7, 11)",I,G,B,G,1038.875,501.0
8312,D,G,3,G,"(2, 7, 11)",I,G,B,G,1039.0,501.0
8313,D,G,3,G,"(2, 7, 11)",I,G,B,G,1039.125,501.0
8314,D,G,4,G,"(2, 7, 11)",I,G,B,G,1039.25,501.0
8315,D,G,4,G,"(2, 7, 11)",I,G,B,G,1039.375,501.0
8316,D,G,4,G,"(2, 7, 11)",I,G,B,G,1039.5,501.0
8317,D,G,4,G,"(2, 7, 11)",I,G,B,G,1039.625,501.0
8318,D,G,4,G,"(2, 7, 11)",I,G,B,G,1039.75,501.0
8319,D,G,4,G,"(2, 7, 11)",V,G,B,G,1039.875,501.0
8320,D,G,3,g,"(2, 7, 11)",I,G,B,G,1040.0,501.0
8321,D,G,3,g,"(2, 7, 11)",I,G,B,g,1040.125,501.0
8322,E-,G,0,A-,"(0, 3, 8)",V7,C,C,A-,1040.25,502.0
8323,E-,G,1,A-,"(0, 3, 8)",V7,C,C,A-,1040.375,502.0
8324,E-,G,2,A-,"(0, 3, 8)",V7,C,C,A-,1040.5,502.0
8325,E-,G,2,A-,"(0, 3, 8)",V7,C,C,A-,1040.625,502.0
8326,E-,G,3,A-,"(1, 3, 7, 10)",V7,E-,B-,A-,1040.75,502.0
8327,E-,G,3,A-,"(1, 3, 7, 10)",V7,E-,B-,A-,1040.875,502.0
8328,E-,G,3,A-,"(1, 3, 7, 10)",V7,E-,B-,A-,1041.0,502.0
8329,E-,G,3,A-,"(1, 3, 7, 10)",V7,E-,B-,A-,1041.125,502.0
8330,D-,G,4,A-,"(1, 3, 7, 10)",V7,E-,B-,A-,1041.25,502.0
8331,B-,E-,1,A-,"(1, 3, 7, 10)",V7,E-,B-,A-,1041.375,502.0
8332,B-,E-,4,A-,"(1, 3, 7, 10)",V7,E-,B-,A-,1041.5,502.0
8333,B-,E-,4,A-,"(1, 3, 7, 10)",V7,E-,B-,A-,1041.625,502.0
8334,B-,E-,4,A-,"(1, 3, 7, 10)",V7,E-,G,A-,1041.75,502.0
8335,B-,E-,4,A-,"(1, 3, 7, 10)",V7,E-,G,A-,1041.875,502.0
8336,B-,E-,4,A-,"(1, 3, 7, 10)",V7,D-,G,A-,1042.0,502.0
8337,B-,E-,4,A-,"(1, 3, 7, 10)",V7,D-,G,A-,1042.125,502.0
8338,E-,A-,0,A-,"(0, 3, 8)",I,A-,C,A-,1042.25,503.0
8339,E-,A-,1,A-,"(0, 3, 8)",I,A-,C,A-,1042.375,503.0
8340,E-,A-,2,A-,"(0, 3, 8)",I,A-,C,A-,1042.5,503.0
8341,E-,A-,2,A-,"(0, 3, 8)",I,A-,C,A-,1042.625,503.0
8342,E-,A-,3,A-,"(0, 3, 8)",I,A-,C,A-,1042.75,503.0
8343,E-,A-,3,A-,"(0, 3, 8)",I,A-,C,A-,1042.875,503.0
8344,E-,A-,3,A-,"(0, 3, 8)",I,A-,C,A-,1043.0,503.0
8345,E-,A-,3,A-,"(0, 3, 8)",I,A-,C,A-,1043.125,503.0
8346,E-,A-,4,A-,"(0, 3, 8)",I,A-,C,A-,1043.25,503.0
8347,E-,A-,1,A-,"(0, 3, 8)",I,A-,C,A-,1043.375,503.0
8348,E-,A-,4,A-,"(0, 3, 8)",I,A-,C,A-,1043.5,503.0
8349,E-,A-,4,A-,"(0, 3, 8)",I,A-,C,A-,1043.625,503.0
8350,E-,E-,4,A-,"(3, 7, 10)",I,E-,B-,A-,1043.75,503.0
8351,E-,E-,4,A-,"(3, 7, 10)",I,E-,B-,A-,1043.875,503.0
8352,E-,E-,4,A-,"(3, 7, 10)",I,E-,B-,A-,1044.0,503.0
8353,E-,E-,4,A-,"(3, 7, 10)",I,E-,B-,A-,1044.125,503.0
8354,E-,A-,0,A-,"(0, 3, 8)",I,A-,C,A-,1044.25,504.0
8355,E-,A-,1,A-,"(0, 3, 8)",I,A-,C,A-,1044.375,504.0
8356,E-,A-,2,A-,"(0, 3, 8)",I,A-,C,A-,1044.5,504.0
8357,E-,A-,2,A-,"(0, 3, 8)",I,A-,C,A-,1044.625,504.0
8358,E-,A-,3,A-,"(0, 3, 8)",I,A-,C,A-,1044.75,504.0
8359,E-,A-,3,A-,"(0, 3, 8)",I,A-,C,A-,1044.875,504.0
8360,E-,A-,3,A-,"(0, 3, 8)",I,A-,C,A-,1045.0,504.0
8361,E-,A-,3,A-,"(0, 3, 8)",I,A-,C,A-,1045.125,504.0
8362,E-,A-,4,A-,"(0, 3, 8)",I,A-,C,A-,1045.25,504.0
8363,E-,A-,4,A-,"(0, 3, 8)",I,A-,C,A-,1045.375,504.0
8364,E-,A-,4,A-,"(0, 3, 8)",I,A-,C,A-,1045.5,504.0
8365,E-,A-,4,A-,"(0, 3, 8)",I,A-,C,A-,1045.625,504.0
8366,E-,A-,4,A-,"(0, 3, 8)",I,A-,C,A-,1045.75,504.0
8367,E-,A-,4,A-,"(0, 3, 8)",I,A-,C,A-,1045.875,504.0
8368,E-,A-,4,A-,"(0, 3, 8)",I,A-,C,A-,1046.0,504.0
8369,E-,A-,4,A-,"(0, 3, 8)",I,A-,C,A-,1046.125,504.0
8370,F,A-,0,A-,"(1, 5, 8)",IV,D-,D-,A-,1046.25,505.0
8371,F,A-,1,A-,"(1, 5, 8)",IV,D-,D-,A-,1046.375,505.0
8372,F,A-,2,A-,"(1, 5, 8)",IV,D-,D-,A-,1046.5,505.0
8373,F,A-,2,A-,"(1, 5, 8)",IV,D-,D-,A-,1046.625,505.0
8374,F,A-,3,A-,"(1, 5, 8)",IV,D-,D-,A-,1046.75,505.0
8375,F,A-,3,A-,"(1, 5, 8)",IV,D-,D-,A-,1046.875,505.0
8376,F,A-,3,A-,"(1, 5, 8)",IV,D-,D-,A-,1047.0,505.0
8377,F,A-,3,A-,"(1, 5, 8)",IV,D-,D-,A-,1047.125,505.0
8378,F,A-,4,A-,"(1, 5, 8)",I,D-,D-,A-,1047.25,505.0
8379,F,A-,4,A-,"(1, 5, 8)",I,D-,D-,A-,1047.375,505.0
8380,F,A-,4,A-,"(1, 5, 8)",I,D-,D-,A-,1047.5,505.0
8381,F,A-,4,A-,"(1, 5, 8)",I,D-,D-,A-,1047.625,505.0
8382,F,A-,4,A-,"(1, 5, 8)",I,D-,D-,A-,1047.75,505.0
8383,F,A-,4,A-,"(1, 5, 8)",I,D-,D-,A-,1047.875,505.0
8384,F,A-,4,A-,"(1, 5, 8)",I,D-,D-,A-,1048.0,505.0
8385,F,A-,4,A-,"(1, 5, 8)",I,D-,D-,A-,1048.125,505.0
8386,E-,A-,0,A-,"(0, 3, 8)",I,A-,C,A-,1048.25,506.0
8387,E-,A-,1,A-,"(0, 3, 8)",I,A-,C,A-,1048.375,506.0
8388,E-,A-,2,A-,"(0, 3, 8)",I,A-,C,A-,1048.5,506.0
8389,E-,A-,2,A-,"(0, 3, 8)",I,A-,C,A-,1048.625,506.0
8390,E-,A-,3,A-,"(0, 3, 8)",I,A-,C,A-,1048.75,506.0
8391,E-,A-,3,A-,"(0, 3, 8)",I,A-,C,A-,1048.875,506.0
8392,E-,A-,3,A-,"(0, 3, 8)",I,A-,C,A-,1049.0,506.0
8393,E-,A-,3,A-,"(0, 3, 8)",I,A-,C,A-,1049.125,506.0
8394,E-,A-,4,A-,"(0, 3, 8)",I,A-,C,A-,1049.25,506.0
8395,E-,A-,4,A-,"(0, 3, 8)",I,A-,C,A-,1049.375,506.0
8396,E-,A-,4,A-,"(0, 3, 8)",I,A-,C,A-,1049.5,506.0
8397,E-,A-,4,A-,"(0, 3, 8)",I,A-,C,A-,1049.625,506.0
8398,E-,A-,4,A-,"(0, 3, 8)",I,A-,C,A-,1049.75,506.0
8399,E-,A-,4,A-,"(0, 3, 8)",I,A-,C,A-,1049.875,506.0
8400,E-,A-,4,A-,"(0, 3, 8)",I,A-,C,A-,1050.0,506.0
8401,E-,A-,4,A-,"(0, 3, 8)",I,A-,C,A-,1050.125,506.0
8402,F,A-,0,A-,"(1, 5, 8)",IV,D-,D-,A-,1050.25,507.0
8403,F,A-,1,A-,"(1, 5, 8)",I,D-,D-,A-,1050.375,507.0
8404,F,A-,2,A-,"(1, 5, 8)",I,D-,D-,A-,1050.5,507.0
8405,F,A-,2,A-,"(1, 5, 8)",I,D-,D-,A-,1050.625,507.0
8406,F,A-,3,A-,"(1, 5, 8)",I,D-,D-,A-,1050.75,507.0
8407,F,A-,3,A-,"(1, 5, 8)",I,D-,D-,A-,1050.875,507.0
8408,F,A-,3,A-,"(1, 5, 8)",I,D-,D-,A-,1051.0,507.0
8409,F,A-,3,A-,"(1, 5, 8)",I,D-,D-,A-,1051.125,507.0
8410,F,A-,4,A-,"(1, 5, 8)",I,D-,D-,A-,1051.25,507.0
8411,F,A-,4,A-,"(1, 5, 8)",I,D-,D-,A-,1051.375,507.0
8412,F,A-,4,A-,"(1, 5, 8)",I,D-,D-,A-,1051.5,507.0
8413,F,A-,4,A-,"(1, 5, 8)",I,D-,D-,A-,1051.625,507.0
8414,F,A-,4,A-,"(1, 5, 8)",I,D-,D-,A-,1051.75,507.0
8415,F,A-,4,A-,"(1, 5, 8)",I,D-,D-,A-,1051.875,507.0
8416,F,A-,4,A-,"(1, 5, 8)",I,D-,D-,A-,1052.0,507.0
8417,F,A-,4,A-,"(1, 5, 8)",I,D-,D-,A-,1052.125,507.0
8418,E-,A-,0,A-,"(0, 3, 8)",V,A-,C,A-,1052.25,508.0
8419,E-,A-,1,A-,"(0, 3, 8)",V,A-,C,A-,1052.375,508.0
8420,E-,A-,2,A-,"(0, 3, 8)",V,A-,C,A-,1052.5,508.0
8421,E-,A-,2,A-,"(0, 3, 8)",V,A-,C,A-,1052.625,508.0
8422,E-,A-,3,A-,"(0, 3, 8)",V,A-,C,A-,1052.75,508.0
8423,E-,A-,3,A-,"(0, 3, 8)",V,A-,C,A-,1052.875,508.0
8424,E-,A-,3,A-,"(0, 3, 8)",V,A-,C,A-,1053.0,508.0
8425,E-,A-,3,A-,"(0, 3, 8)",V,A-,C,A-,1053.125,508.0
8426,E-,A-,4,A-,"(0, 3, 8)",V,A-,C,A-,1053.25,508.0
8427,E-,A-,4,A-,"(0, 3, 8)",V,A-,C,A-,1053.375,508.0
8428,E-,A-,4,A-,"(0, 3, 8)",V,A-,C,A-,1053.5,508.0
8429,E-,A-,4,A-,"(0, 3, 8)",V,A-,C,A-,1053.625,508.0
8430,E-,A-,4,A-,"(0, 3, 8)",V,A-,C,A-,1053.75,508.0
8431,E-,A-,4,A-,"(0, 3, 8)",V,A-,C,A-,1053.875,508.0
8432,E-,A-,4,A-,"(0, 3, 8)",V,A-,C,A-,1054.0,508.0
8433,E-,A-,4,A-,"(0, 3, 8)",V,A-,C,A-,1054.125,508.0
8434,F,A-,0,A-,"(1, 5, 8)",IV,D-,D-,A-,1054.25,509.0
8435,F,A-,1,A-,"(1, 5, 8)",I,D-,D-,A-,1054.375,509.0
8436,F,A-,2,A-,"(1, 5, 8)",I,D-,D-,A-,1054.5,509.0
8437,F,A-,2,A-,"(1, 5, 8)",I,D-,D-,A-,1054.625,509.0
8438,F,A-,3,A-,"(1, 5, 8)",I,D-,D-,A-,1054.75,509.0
8439,F,A-,3,A-,"(1, 5, 8)",I,D-,D-,A-,1054.875,509.0
8440,F,A-,3,A-,"(1, 5, 8)",I,D-,D-,A-,1055.0,509.0
8441,F,A-,3,A-,"(1, 5, 8)",I,D-,D-,A-,1055.125,509.0
8442,F,A-,4,A-,"(1, 5, 8)",I,D-,D-,A-,1055.25,509.0
8443,F,A-,4,A-,"(1, 5, 8)",I,D-,D-,A-,1055.375,509.0
8444,F,A-,4,A-,"(1, 5, 8)",I,D-,D-,A-,1055.5,509.0
8445,F,A-,4,A-,"(1, 5, 8)",I,D-,D-,A-,1055.625,509.0
8446,F,A-,4,A-,"(1, 5, 8)",I,D-,D-,A-,1055.75,509.0
8447,F,A-,4,A-,"(1, 5, 8)",I,D-,D-,A-,1055.875,509.0
8448,F,A-,4,A-,"(1, 5, 8)",I,D-,D-,A-,1056.0,509.0
8449,F,A-,4,A-,"(1, 5, 8)",I,D-,D-,A-,1056.125,509.0
8450,E-,A-,0,A-,"(0, 3, 8)",V,A-,C,A-,1056.25,510.0
8451,E-,A-,1,A-,"(0, 3, 8)",V,A-,C,A-,1056.375,510.0
8452,E-,A-,2,A-,"(0, 3, 8)",V,A-,C,A-,1056.5,510.0
8453,E-,A-,2,A-,"(0, 3, 8)",V,A-,C,A-,1056.625,510.0
8454,E-,A-,3,A-,"(0, 3, 8)",V,A-,C,A-,1056.75,510.0
8455,E-,A-,3,A-,"(0, 3, 8)",V,A-,C,A-,1056.875,510.0
8456,E-,A-,3,A-,"(0, 3, 8)",V,A-,C,A-,1057.0,510.0
8457,E-,A-,3,A-,"(0, 3, 8)",V,A-,C,A-,1057.125,510.0
8458,E-,A-,4,A-,"(0, 3, 8)",V,A-,C,A-,1057.25,510.0
8459,E-,A-,4,A-,"(0, 3, 8)",V,A-,C,A-,1057.375,510.0
8460,E-,A-,4,A-,"(0, 3, 8)",V,A-,C,A-,1057.5,510.0
8461,E-,A-,4,A-,"(0, 3, 8)",V,A-,C,A-,1057.625,510.0
8462,E-,A-,4,A-,"(0, 3, 8)",V,A-,C,A-,1057.75,510.0
8463,E-,A-,4,A-,"(0, 3, 8)",V,A-,C,A-,1057.875,510.0
8464,E-,A-,4,A-,"(0, 3, 8)",V,A-,C,A-,1058.0,510.0
8465,E-,A-,4,A-,"(0, 3, 8)",V,A-,C,A-,1058.125,510.0
8466,E,A-,0,A-,"(1, 4, 8)",iv,D-,D-,d-,1058.25,511.0
8467,E,A-,1,A-,"(1, 4, 8)",i,D-,D-,d-,1058.375,511.0
8468,E,A-,2,A-,"(1, 4, 8)",i,D-,D-,d-,1058.5,511.0
8469,E,A-,2,A-,"(1, 4, 8)",i,D-,D-,d-,1058.625,511.0
8470,E,A-,3,A-,"(1, 4, 8)",i,D-,D-,d-,1058.75,511.0
8471,E,A-,3,A-,"(1, 4, 8)",i,D-,D-,d-,1058.875,511.0
8472,E,A-,3,A-,"(1, 4, 8)",i,D-,D-,d-,1059.0,511.0
8473,E,A-,3,A-,"(1, 4, 8)",i,D-,D-,d-,1059.125,511.0
8474,E,A-,4,A-,"(1, 4, 8)",i,D-,D-,d-,1059.25,511.0
8475,E,A-,4,A-,"(1, 4, 8)",i,D-,D-,d-,1059.375,511.0
8476,E,A-,4,A-,"(1, 4, 8)",i,D-,D-,d-,1059.5,511.0
8477,E,A-,4,A-,"(1, 4, 8)",i,D-,D-,d-,1059.625,511.0
8478,E,A-,4,A-,"(1, 4, 8)",i,D-,D-,d-,1059.75,511.0
8479,E,A-,4,A-,"(1, 4, 8)",i,D-,D-,d-,1059.875,511.0
8480,E,A-,4,A-,"(1, 4, 8)",i,D-,D-,d-,1060.0,511.0
8481,E,A-,4,A-,"(1, 4, 8)",i,D-,D-,d-,1060.125,511.0
8482,E-,A-,0,A-,"(0, 3, 8)",V,A-,C,A-,1060.25,512.0
8483,E-,A-,1,A-,"(0, 3, 8)",V,A-,C,A-,1060.375,512.0
8484,E-,A-,2,A-,"(0, 3, 8)",V,A-,C,A-,1060.5,512.0
8485,E-,A-,2,A-,"(0, 3, 8)",V,A-,C,A-,1060.625,512.0
8486,E-,A-,3,A-,"(0, 3, 8)",V,A-,C,A-,1060.75,512.0
8487,E-,A-,3,A-,"(0, 3, 8)",V,A-,C,A-,1060.875,512.0
8488,E-,A-,3,A-,"(0, 3, 8)",V,A-,C,A-,1061.0,512.0
8489,E-,A-,3,A-,"(0, 3, 8)",V,A-,C,A-,1061.125,512.0
8490,E-,A-,4,A-,"(0, 3, 8)",V,A-,C,A-,1061.25,512.0
8491,E-,A-,4,A-,"(0, 3, 8)",V,A-,C,A-,1061.375,512.0
8492,E-,A-,4,A-,"(0, 3, 8)",V,A-,C,A-,1061.5,512.0
8493,E-,A-,4,A-,"(0, 3, 8)",V,A-,C,A-,1061.625,512.0
8494,E-,A-,4,A-,"(0, 3, 8)",V,A-,C,A-,1061.75,512.0
8495,E-,A-,4,A-,"(0, 3, 8)",V,A-,C,A-,1061.875,512.0
8496,E-,A-,4,A-,"(0, 3, 8)",V,A-,C,A-,1062.0,512.0
8497,E-,A-,4,A-,"(0, 3, 8)",V,A-,C,A-,1062.125,512.0
8498,E-,A-,0,A-,"(0, 3, 8)",V,A-,C,A-,1062.25,513.0
8499,E-,A-,1,A-,"(0, 3, 8)",V,A-,C,A-,1062.375,513.0
8500,E-,A-,2,A-,"(0, 3, 8)",V,A-,C,A-,1062.5,513.0
8501,E-,A-,2,A-,"(0, 3, 8)",V,A-,C,A-,1062.625,513.0
8502,E-,A-,3,A-,"(0, 3, 8)",V,A-,C,A-,1062.75,513.0
8503,E-,A-,3,A-,"(0, 3, 8)",V,A-,C,A-,1062.875,513.0
8504,E-,A-,3,A-,"(0, 3, 8)",V,A-,C,A-,1063.0,513.0
8505,E-,A-,3,A-,"(0, 3, 8)",V,A-,C,A-,1063.125,513.0
8506,E-,A-,4,A-,"(0, 3, 8)",V,A-,C,A-,1063.25,513.0
8507,E-,A-,4,A-,"(0, 3, 8)",V,A-,C,A-,1063.375,513.0
8508,E-,A-,4,A-,"(0, 3, 8)",V,A-,C,A-,1063.5,513.0
8509,E-,A-,4,A-,"(0, 3, 8)",V,A-,C,A-,1063.625,513.0
8510,E-,A-,4,A-,"(0, 3, 8)",V,A-,C,A-,1063.75,513.0
8511,E-,A-,4,A-,"(0, 3, 8)",V,A-,C,A-,1063.875,513.0
8512,E-,A-,4,A-,"(0, 3, 8)",V,A-,C,A-,1064.0,513.0
8513,E-,A-,4,A-,"(0, 3, 8)",V,A-,C,A-,1064.125,513.0
8514,D,G#,0,d,"(1, 4, 8)",i,C#,C#,A,1064.25,514.0
8515,D,G#,1,d,"(1, 4, 8)",i,G#,C#,A,1064.375,514.0
8516,D,G#,2,d,"(1, 4, 8)",i,G#,C#,A,1064.5,514.0
8517,D,G#,2,d,"(1, 4, 8)",i,G#,C#,A,1064.625,514.0
8518,D,G#,3,d,"(1, 4, 8)",i,G#,C#,A,1064.75,514.0
8519,D,G#,3,d,"(1, 4, 8)",i,G#,C#,A,1064.875,514.0
8520,D,G#,3,d,"(1, 4, 8)",i,G#,C#,A,1065.0,514.0
8521,D,G#,3,d,"(1, 4, 8)",i,G#,C#,A,1065.125,514.0
8522,E,G#,4,d,"(1, 4, 8)",V,E,C#,A,1065.25,514.0
8523,E,G#,4,d,"(1, 4, 8)",V,E,C#,A,1065.375,514.0
8524,E,G#,4,d,"(1, 4, 8)",V,E,C#,A,1065.5,514.0
8525,E,G#,4,d,"(1, 4, 8)",V,E,C#,A,1065.625,514.0
8526,E,G#,4,d,"(1, 4, 8)",V,E,C#,A,1065.75,514.0
8527,E,G#,4,d,"(1, 4, 8)",V,E,C#,A,1065.875,514.0
8528,E,G#,4,d,"(1, 4, 8)",V,E,C#,A,1066.0,514.0
8529,E,G#,4,d,"(1, 4, 8)",V,E,C#,A,1066.125,514.0
8530,E,A,0,d,"(1, 4, 9)",V,A,C#,D,1066.25,515.0
8531,E,A,1,d,"(1, 4, 9)",V,A,C#,D,1066.375,515.0
8532,E,A,2,d,"(1, 4, 9)",V,A,C#,D,1066.5,515.0
8533,E,A,2,d,"(1, 4, 9)",V,A,C#,D,1066.625,515.0
8534,E,A,3,d,"(1, 4, 9)",V,A,C#,D,1066.75,515.0
8535,E,A,3,d,"(1, 4, 9)",V,A,C#,D,1066.875,515.0
8536,E,A,3,d,"(1, 4, 9)",V,A,C#,D,1067.0,515.0
8537,E,A,3,d,"(1, 4, 9)",V,A,C#,D,1067.125,515.0
8538,E,A,4,d,"(1, 4, 9)",V,A,C#,D,1067.25,515.0
8539,E,A,4,d,"(1, 4, 9)",V,A,C#,D,1067.375,515.0
8540,E,A,4,d,"(1, 4, 9)",V,A,C#,D,1067.5,515.0
8541,E,A,4,d,"(1, 4, 9)",V,A,C#,D,1067.625,515.0
8542,E,A,4,d,"(1, 4, 9)",V,A,C#,D,1067.75,515.0
8543,E,A,4,D,"(1, 4, 9)",V,A,C#,D,1067.875,515.0
8544,E,A,4,D,"(1, 4, 9)",V,A,C#,D,1068.0,515.0
8545,E,A,4,D,"(1, 4, 9)",V,A,C#,D,1068.125,515.0
8546,F#,A,0,D,"(2, 6, 9)",V,D,D,D,1068.25,516.0
8547,F#,A,1,D,"(2, 6, 9)",V,D,C#,D,1068.375,516.0
8548,F#,A,2,D,"(2, 6, 9)",V,D,C#,D,1068.5,516.0
8549,F#,A,2,D,"(2, 6, 9)",V,D,C#,D,1068.625,516.0
8550,F#,A,3,D,"(2, 6, 9)",V,D,C#,D,1068.75,516.0
8551,F#,A,3,D,"(2, 6, 9)",V,D,C#,D,1068.875,516.0
8552,F#,A,3,D,"(2, 6, 9)",V,D,C#,D,1069.0,516.0
8553,F#,A,3,D,"(2, 6, 9)",V,D,C#,D,1069.125,516.0
8554,F#,A,4,D,"(2, 6, 9)",V,D,C#,D,1069.25,516.0
8555,F#,A,4,D,"(2, 6, 9)",V,D,C#,D,1069.375,516.0
8556,F#,A,4,D,"(2, 6, 9)",V,D,C#,D,1069.5,516.0
8557,F#,A,4,D,"(2, 6, 9)",V,D,C#,D,1069.625,516.0
8558,F#,A,4,D,"(2, 6, 9)",V,D,C#,D,1069.75,516.0
8559,F#,A,4,D,"(2, 6, 9)",V,D,C#,D,1069.875,516.0
8560,F#,A,4,D,"(2, 6, 9)",V,D,C#,D,1070.0,516.0
8561,F#,A,4,D,"(2, 6, 9)",V,D,C#,D,1070.125,516.0
8562,F#,A,0,D,"(2, 6, 9)",I,D,D,D,1070.25,517.0
8563,F#,A,1,D,"(2, 6, 9)",I,D,D,D,1070.375,517.0
8564,F#,A,2,D,"(2, 6, 9)",I,D,D,D,1070.5,517.0
8565,F#,A,2,D,"(2, 6, 9)",I,D,D,D,1070.625,517.0
8566,F#,A,3,D,"(2, 6, 9)",I,D,D,D,1070.75,517.0
8567,F#,A,3,D,"(2, 6, 9)",I,D,D,D,1070.875,517.0
8568,F#,A,3,D,"(2, 6, 9)",I,D,D,D,1071.0,517.0
8569,F#,A,3,D,"(2, 6, 9)",I,D,D,D,1071.125,517.0
8570,F#,A,4,D,"(2, 6, 9)",I,D,D,D,1071.25,517.0
8571,F#,A,4,D,"(2, 6, 9)",I,D,D,D,1071.375,517.0
8572,F#,A,4,D,"(2, 6, 9)",I,D,D,D,1071.5,517.0
8573,F#,A,4,D,"(2, 6, 9)",I,D,D,D,1071.625,517.0
8574,F#,A,4,D,"(2, 6, 9)",I,D,D,D,1071.75,517.0
8575,F#,A,4,D,"(2, 6, 9)",I,D,D,D,1071.875,517.0
8576,F#,A,4,D,"(2, 6, 9)",I,D,D,D,1072.0,517.0
8577,F#,A,4,D,"(2, 6, 9)",I,D,D,D,1072.125,517.0
8578,E,A,0,D,"(1, 4, 9)",V,A,C#,D,1072.25,518.0
8579,E,A,1,D,"(1, 4, 9)",V,A,C#,D,1072.375,518.0
8580,E,A,2,D,"(1, 4, 9)",V,A,C#,D,1072.5,518.0
8581,E,A,2,D,"(1, 4, 9)",V,A,C#,D,1072.625,518.0
8582,E,A,3,D,"(1, 4, 9)",V,A,C#,D,1072.75,518.0
8583,E,A,3,D,"(1, 4, 9)",V,A,C#,D,1072.875,518.0
8584,E,A,3,D,"(1, 4, 9)",V,A,C#,D,1073.0,518.0
8585,E,A,3,D,"(1, 4, 9)",V,A,C#,D,1073.125,518.0
8586,E,A,4,D,"(1, 4, 9)",V,A,C#,D,1073.25,518.0
8587,E,A,4,D,"(1, 4, 9)",V,A,C#,D,1073.375,518.0
8588,E,A,4,D,"(1, 4, 9)",V,A,C#,D,1073.5,518.0
8589,E,A,4,D,"(1, 4, 9)",V,A,C#,D,1073.625,518.0
8590,E,A,4,D,"(1, 4, 9)",V,A,C#,D,1073.75,518.0
8591,E,A,4,D,"(1, 4, 9)",V,A,C#,D,1073.875,518.0
8592,E,A,4,D,"(1, 4, 9)",V,A,C#,D,1074.0,518.0
8593,E,A,4,D,"(1, 4, 9)",V,A,C#,D,1074.125,518.0
8594,F#,A,0,D,"(2, 6, 9)",I,D,D,D,1074.25,519.0
8595,F#,A,1,D,"(2, 6, 9)",I,D,D,D,1074.375,519.0
8596,F#,A,2,D,"(2, 6, 9)",I,D,D,D,1074.5,519.0
8597,F#,A,2,D,"(2, 6, 9)",I,D,D,D,1074.625,519.0
8598,F#,A,3,D,"(2, 6, 9)",I,D,D,D,1074.75,519.0
8599,F#,A,3,D,"(2, 6, 9)",I,D,D,D,1074.875,519.0
8600,F#,A,3,D,"(2, 6, 9)",I,D,D,D,1075.0,519.0
8601,F#,A,3,D,"(2, 6, 9)",I,D,D,D,1075.125,519.0
8602,F#,A,4,D,"(2, 6, 9)",I,D,D,D,1075.25,519.0
8603,F#,A,4,D,"(2, 6, 9)",I,D,D,D,1075.375,519.0
8604,F#,A,4,D,"(2, 6, 9)",I,D,D,D,1075.5,519.0
8605,F#,A,4,D,"(2, 6, 9)",I,D,D,D,1075.625,519.0
8606,F#,A,4,D,"(2, 6, 9)",I,D,D,D,1075.75,519.0
8607,F#,A,4,D,"(2, 6, 9)",I,D,D,D,1075.875,519.0
8608,F#,A,4,D,"(2, 6, 9)",I,D,D,D,1076.0,519.0
8609,F#,A,4,D,"(2, 6, 9)",I,D,D,D,1076.125,519.0
8610,E,A,0,D,"(1, 4, 9)",V,A,C#,D,1076.25,520.0
8611,E,A,1,D,"(1, 4, 9)",V,A,C#,D,1076.375,520.0
8612,E,A,2,D,"(1, 4, 9)",V,A,C#,D,1076.5,520.0
8613,E,A,2,D,"(1, 4, 9)",V,A,C#,D,1076.625,520.0
8614,E,A,3,D,"(1, 4, 9)",V,A,C#,D,1076.75,520.0
8615,E,A,3,D,"(1, 4, 9)",V,A,C#,D,1076.875,520.0
8616,E,A,3,D,"(1, 4, 9)",V,A,C#,D,1077.0,520.0
8617,E,A,3,D,"(1, 4, 9)",V,A,C#,D,1077.125,520.0
8618,E,A,4,D,"(1, 4, 9)",V,A,C#,D,1077.25,520.0
8619,E,A,4,D,"(1, 4, 9)",V,A,C#,D,1077.375,520.0
8620,E,A,4,D,"(1, 4, 9)",V,A,C#,D,1077.5,520.0
8621,E,A,4,D,"(1, 4, 9)",V,A,C#,D,1077.625,520.0
8622,E,A,4,D,"(1, 4, 9)",V,A,C#,D,1077.75,520.0
8623,E,A,4,D,"(1, 4, 9)",V,A,C#,D,1077.875,520.0
8624,E,A,4,D,"(1, 4, 9)",V,A,C#,D,1078.0,520.0
8625,E,A,4,D,"(1, 4, 9)",V,A,C#,D,1078.125,520.0
8626,A,D,0,D,"(2, 6, 9)",I,D,F#,D,1078.25,521.0
8627,A,D,1,D,"(2, 6, 9)",I,D,F#,D,1078.375,521.0
8628,A,D,2,D,"(2, 6, 9)",I,D,F#,D,1078.5,521.0
8629,A,D,2,D,"(2, 6, 9)",I,D,F#,D,1078.625,521.0
8630,A,D,3,D,"(2, 6, 9)",I,D,F#,D,1078.75,521.0
8631,A,D,3,D,"(2, 6, 9)",I,D,F#,D,1078.875,521.0
8632,A,D,3,D,"(2, 6, 9)",I,D,F#,D,1079.0,521.0
8633,A,D,3,D,"(2, 6, 9)",I,D,F#,D,1079.125,521.0
8634,A,D,4,D,"(2, 6, 9)",I,D,F#,D,1079.25,521.0
8635,A,D,4,D,"(2, 6, 9)",I,D,F#,D,1079.375,521.0
8636,A,D,4,D,"(2, 6, 9)",I,D,F#,D,1079.5,521.0
8637,A,D,4,D,"(2, 6, 9)",I,D,F#,D,1079.625,521.0
8638,A,D,4,D,"(2, 6, 9)",I,D,F#,D,1079.75,521.0
8639,A,D,4,D,"(2, 6, 9)",I,D,F#,D,1079.875,521.0
8640,A,D,4,D,"(2, 6, 9)",I,D,F#,D,1080.0,521.0
8641,A,D,4,D,"(2, 6, 9)",I,D,F#,D,1080.125,521.0
8642,A,C#,0,D,"(1, 4, 9)",V,A,E,D,1080.25,522.0
8643,A,C#,1,D,"(1, 4, 9)",V,A,E,D,1080.375,522.0
8644,A,C#,2,D,"(1, 4, 9)",V,A,E,D,1080.5,522.0
8645,A,C#,2,D,"(1, 4, 9)",V,A,E,D,1080.625,522.0
8646,A,C#,3,D,"(1, 4, 9)",V,A,E,D,1080.75,522.0
8647,A,C#,3,D,"(1, 4, 9)",V,A,E,D,1080.875,522.0
8648,A,C#,3,D,"(1, 4, 9)",V,A,E,D,1081.0,522.0
8649,A,C#,3,D,"(1, 4, 9)",V,A,E,D,1081.125,522.0
8650,A,C#,4,D,"(1, 4, 9)",V,A,E,D,1081.25,522.0
8651,A,C#,4,D,"(1, 4, 9)",V,A,E,D,1081.375,522.0
8652,A,C#,4,D,"(1, 4, 9)",V,A,E,D,1081.5,522.0
8653,A,C#,4,D,"(1, 4, 9)",V,A,E,D,1081.625,522.0
8654,A,C#,4,D,"(1, 4, 9)",V,A,E,D,1081.75,522.0
8655,A,C#,4,D,"(1, 4, 9)",V,A,E,D,1081.875,522.0
8656,A,C#,4,D,"(1, 4, 9)",V,A,E,D,1082.0,522.0
8657,A,C#,4,D,"(1, 4, 9)",V,A,E,D,1082.125,522.0
8658,A,D,0,D,"(2, 6, 9)",I,D,F#,D,1082.25,523.0
8659,A,D,1,D,"(2, 6, 9)",I,D,F#,D,1082.375,523.0
8660,A,D,2,D,"(2, 6, 9)",I,D,F#,D,1082.5,523.0
8661,A,D,2,D,"(2, 6, 9)",I,D,F#,D,1082.625,523.0
8662,A,D,3,D,"(2, 6, 9)",I,D,F#,D,1082.75,523.0
8663,A,D,3,D,"(2, 6, 9)",I,D,F#,D,1082.875,523.0
8664,A,D,3,D,"(2, 6, 9)",I,D,F#,D,1083.0,523.0
8665,A,D,3,D,"(2, 6, 9)",I,D,F#,D,1083.125,523.0
8666,A,D,4,D,"(2, 6, 9)",I,D,F#,D,1083.25,523.0
8667,A,D,4,D,"(2, 6, 9)",I,D,F#,D,1083.375,523.0
8668,A,D,4,D,"(2, 6, 9)",I,D,F#,D,1083.5,523.0
8669,A,D,4,D,"(2, 6, 9)",I,D,F#,D,1083.625,523.0
8670,A,D,4,D,"(2, 6, 9)",I,D,F#,D,1083.75,523.0
8671,A,D,4,D,"(2, 6, 9)",I,D,F#,D,1083.875,523.0
8672,A,D,4,D,"(2, 6, 9)",I,D,F#,D,1084.0,523.0
8673,A,D,4,D,"(2, 6, 9)",I,D,F#,D,1084.125,523.0
8674,G,B,0,D,"(2, 7, 11)",IV,G,D,D,1084.25,524.0
8675,G,B,1,D,"(2, 7, 11)",IV,G,D,D,1084.375,524.0
8676,G,B,2,D,"(2, 7, 11)",IV,G,D,D,1084.5,524.0
8677,G,B,2,D,"(2, 7, 11)",IV,G,D,D,1084.625,524.0
8678,G,B,3,D,"(2, 7, 11)",IV,G,D,D,1084.75,524.0
8679,G,B,3,D,"(2, 7, 11)",IV,G,D,D,1084.875,524.0
8680,G,B,3,D,"(2, 7, 11)",IV,G,D,D,1085.0,524.0
8681,G,B,3,D,"(2, 7, 11)",IV,G,D,D,1085.125,524.0
8682,G,B,4,D,"(2, 7, 11)",IV,G,D,D,1085.25,524.0
8683,G,B,4,D,"(2, 7, 11)",IV,G,D,D,1085.375,524.0
8684,G,B,4,D,"(2, 7, 11)",IV,G,D,D,1085.5,524.0
8685,G,B,4,D,"(2, 7, 11)",IV,G,D,D,1085.625,524.0
8686,G,B,4,D,"(2, 7, 11)",IV,G,D,D,1085.75,524.0
8687,G,B,4,D,"(2, 7, 11)",IV,G,D,D,1085.875,524.0
8688,G,B,4,D,"(2, 7, 11)",IV,G,D,D,1086.0,524.0
8689,G,B,4,D,"(2, 7, 11)",IV,G,D,D,1086.125,524.0
8690,G,C#,0,D,"(1, 4, 7)",viio,C#,E,D,1086.25,525.0
8691,G,C#,1,D,"(1, 4, 7)",viio,C#,E,D,1086.375,525.0
8692,G,C#,2,D,"(1, 4, 7)",viio,C#,E,D,1086.5,525.0
8693,G,C#,2,D,"(1, 4, 7)",viio,C#,E,D,1086.625,525.0
8694,G,C#,3,D,"(1, 4, 7)",viio,C#,E,D,1086.75,525.0
8695,G,C#,3,D,"(1, 4, 7)",viio,C#,E,D,1086.875,525.0
8696,G,C#,3,D,"(1, 4, 7)",viio,C#,E,D,1087.0,525.0
8697,G,C#,3,D,"(1, 4, 7)",viio,C#,E,D,1087.125,525.0
8698,G,C#,4,D,"(1, 4, 7)",viio,C#,E,D,1087.25,525.0
8699,G,C#,4,D,"(1, 4, 7)",viio,C#,E,D,1087.375,525.0
8700,G,C#,4,D,"(1, 4, 7)",viio,C#,E,D,1087.5,525.0
8701,G,C#,4,D,"(1, 4, 7)",viio,C#,E,D,1087.625,525.0
8702,G,C#,4,D,"(1, 4, 7)",viio,C#,E,D,1087.75,525.0
8703,G,C#,4,D,"(1, 4, 7)",viio,C#,E,D,1087.875,525.0
8704,G,C#,4,D,"(1, 4, 7)",viio,C#,E,D,1088.0,525.0
8705,G,C#,4,D,"(1, 4, 7)",viio,C#,E,D,1088.125,525.0
8706,G,B,0,D,"(2, 7, 11)",IV,G,D,D,1088.25,526.0
8707,G,B,1,D,"(2, 7, 11)",IV,G,D,D,1088.375,526.0
8708,G,B,2,D,"(2, 7, 11)",IV,G,D,D,1088.5,526.0
8709,G,B,2,D,"(2, 7, 11)",IV,G,D,D,1088.625,526.0
8710,G,B,3,D,"(2, 7, 11)",IV,G,D,D,1088.75,526.0
8711,G,B,3,D,"(2, 7, 11)",IV,G,D,D,1088.875,526.0
8712,G,B,3,D,"(2, 7, 11)",IV,G,D,D,1089.0,526.0
8713,G,B,3,D,"(2, 7, 11)",IV,G,D,D,1089.125,526.0
8714,G,B,4,D,"(2, 7, 11)",IV,G,D,D,1089.25,526.0
8715,G,B,4,D,"(2, 7, 11)",IV,G,D,D,1089.375,526.0
8716,G,B,4,D,"(2, 7, 11)",IV,G,D,D,1089.5,526.0
8717,G,B,4,D,"(2, 7, 11)",IV,G,D,D,1089.625,526.0
8718,G,B,4,D,"(2, 7, 11)",IV,G,D,D,1089.75,526.0
8719,G,B,4,D,"(2, 7, 11)",IV,G,D,D,1089.875,526.0
8720,G,B,4,D,"(2, 7, 11)",IV,G,D,D,1090.0,526.0
8721,G,B,4,D,"(2, 7, 11)",IV,G,D,D,1090.125,526.0
8722,G,C#,0,D,"(1, 4, 7)",viio,C#,E,D,1090.25,527.0
8723,G,C#,1,D,"(1, 4, 7)",viio,C#,E,D,1090.375,527.0
8724,G,C#,2,D,"(1, 4, 7)",viio,C#,E,D,1090.5,527.0
8725,G,C#,2,D,"(1, 4, 7)",viio,C#,E,D,1090.625,527.0
8726,G,C#,3,D,"(1, 4, 7)",viio,C#,E,D,1090.75,527.0
8727,G,C#,3,D,"(1, 4, 7)",viio,C#,E,D,1090.875,527.0
8728,G,C#,3,D,"(1, 4, 7)",viio,C#,E,D,1091.0,527.0
8729,G,C#,3,D,"(1, 4, 7)",viio,C#,E,D,1091.125,527.0
8730,G,C#,4,D,"(1, 4, 7)",viio,C#,E,D,1091.25,527.0
8731,G,C#,4,D,"(1, 4, 7)",viio,C#,E,D,1091.375,527.0
8732,G,C#,4,D,"(1, 4, 7)",viio,C#,E,D,1091.5,527.0
8733,G,C#,4,D,"(1, 4, 7)",viio,C#,E,D,1091.625,527.0
8734,G,C#,4,D,"(1, 4, 7)",viio,C#,E,D,1091.75,527.0
8735,G,C#,4,D,"(1, 4, 7)",viio,C#,E,D,1091.875,527.0
8736,G,C#,4,D,"(1, 4, 7)",viio,C#,E,D,1092.0,527.0
8737,G,C#,4,D,"(1, 4, 7)",viio,C#,E,D,1092.125,527.0
8738,F#,A#,0,D,"(1, 6, 10)",V,F#,C#,b,1092.25,528.0
8739,F#,A#,1,D,"(1, 6, 10)",V,F#,C#,b,1092.375,528.0
8740,F#,A#,2,D,"(1, 6, 10)",V,F#,C#,b,1092.5,528.0
8741,F#,A#,2,D,"(1, 6, 10)",V,F#,C#,b,1092.625,528.0
8742,F#,A#,3,D,"(1, 6, 10)",V,F#,C#,b,1092.75,528.0
8743,F#,A#,3,D,"(1, 6, 10)",V,F#,C#,b,1092.875,528.0
8744,F#,A#,3,D,"(1, 6, 10)",V,F#,C#,b,1093.0,528.0
8745,F#,A#,3,D,"(1, 6, 10)",V,F#,C#,b,1093.125,528.0
8746,F#,A#,4,D,"(1, 6, 10)",V,F#,C#,b,1093.25,528.0
8747,F#,A#,4,D,"(1, 6, 10)",V,F#,C#,b,1093.375,528.0
8748,F#,A#,4,D,"(1, 6, 10)",V,F#,C#,b,1093.5,528.0
8749,F#,A#,4,D,"(1, 6, 10)",V,F#,C#,b,1093.625,528.0
8750,F#,A#,4,D,"(1, 6, 10)",V,F#,C#,b,1093.75,528.0
8751,F#,A#,4,D,"(1, 6, 10)",V,F#,C#,b,1093.875,528.0
8752,F#,A#,4,D,"(1, 6, 10)",V,F#,C#,b,1094.0,528.0
8753,F#,A#,4,D,"(1, 6, 10)",V,F#,C#,b,1094.125,528.0
8754,F#,B,0,D,"(2, 6, 11)",vi,B,D,D,1094.25,529.0
8755,F#,B,1,D,"(2, 6, 11)",vi,B,D,D,1094.375,529.0
8756,F#,B,2,D,"(2, 6, 11)",vi,B,D,D,1094.5,529.0
8757,F#,B,2,D,"(2, 6, 11)",vi,B,D,D,1094.625,529.0
8758,F#,B,3,D,"(2, 6, 11)",vi,B,D,D,1094.75,529.0
8759,F#,B,3,D,"(2, 6, 11)",vi,B,D,D,1094.875,529.0
8760,F#,B,3,D,"(2, 6, 11)",vi,B,D,D,1095.0,529.0
8761,F#,B,3,D,"(2, 6, 11)",vi,B,D,D,1095.125,529.0
8762,F#,B,4,D,"(2, 6, 11)",vi,B,D,D,1095.25,529.0
8763,F#,B,4,D,"(2, 6, 11)",vi,B,D,D,1095.375,529.0
8764,F#,B,4,D,"(2, 6, 11)",vi,B,D,D,1095.5,529.0
8765,F#,B,4,D,"(2, 6, 11)",vi,B,D,D,1095.625,529.0
8766,F#,B,4,D,"(2, 6, 11)",vi,B,D,D,1095.75,529.0
8767,F#,B,4,D,"(2, 6, 11)",vi,B,D,D,1095.875,529.0
8768,F#,B,4,D,"(2, 6, 11)",vi,B,D,D,1096.0,529.0
8769,F#,B,4,D,"(2, 6, 11)",vi,B,D,D,1096.125,529.0
8770,E,G,0,D,"(4, 7, 11)",ii,E,B,D,1096.25,530.0
8771,E,G,1,D,"(4, 7, 11)",ii,E,B,D,1096.375,530.0
8772,E,G,2,D,"(4, 7, 11)",ii,E,B,D,1096.5,530.0
8773,E,G,2,D,"(4, 7, 11)",ii,E,B,D,1096.625,530.0
8774,E,G,3,D,"(4, 7, 11)",ii,E,B,D,1096.75,530.0
8775,E,G,3,D,"(4, 7, 11)",ii,E,B,D,1096.875,530.0
8776,E,G,3,D,"(4, 7, 11)",ii,E,B,D,1097.0,530.0
8777,E,G,3,D,"(4, 7, 11)",ii,E,B,D,1097.125,530.0
8778,E,G,4,D,"(4, 7, 11)",ii,E,B,D,1097.25,530.0
8779,E,G,4,D,"(4, 7, 11)",ii,E,B,D,1097.375,530.0
8780,E,G,4,D,"(4, 7, 11)",ii,E,B,D,1097.5,530.0
8781,E,G,4,D,"(4, 7, 11)",ii,E,B,D,1097.625,530.0
8782,E,G,4,D,"(4, 7, 11)",ii,E,B,D,1097.75,530.0
8783,E,G,4,D,"(4, 7, 11)",ii,E,B,D,1097.875,530.0
8784,E,G,4,D,"(4, 7, 11)",ii,E,B,D,1098.0,530.0
8785,E,G,4,D,"(4, 7, 11)",ii,E,B,D,1098.125,530.0
8786,E,A,0,D,"(1, 4, 7, 9)",V7,G,C#,D,1098.25,531.0
8787,E,A,1,D,"(1, 4, 7, 9)",V7,G,C#,D,1098.375,531.0
8788,E,A,2,D,"(1, 4, 7, 9)",V7,G,C#,D,1098.5,531.0
8789,E,A,2,D,"(1, 4, 7, 9)",V7,G,C#,D,1098.625,531.0
8790,E,A,3,D,"(1, 4, 7, 9)",V7,G,C#,D,1098.75,531.0
8791,E,A,3,D,"(1, 4, 7, 9)",V7,G,C#,D,1098.875,531.0
8792,E,A,3,D,"(1, 4, 7, 9)",V7,G,C#,D,1099.0,531.0
8793,E,A,3,D,"(1, 4, 7, 9)",V7,G,C#,D,1099.125,531.0
8794,E,A,4,D,"(1, 4, 7, 9)",V7,G,C#,D,1099.25,531.0
8795,E,A,4,D,"(1, 4, 7, 9)",V7,G,C#,D,1099.375,531.0
8796,E,A,4,D,"(1, 4, 7, 9)",V7,G,C#,D,1099.5,531.0
8797,E,A,4,D,"(1, 4, 7, 9)",V7,G,C#,D,1099.625,531.0
8798,E,A,4,D,"(1, 4, 7, 9)",V7,G,C#,D,1099.75,531.0
8799,E,A,4,D,"(1, 4, 7, 9)",V7,G,C#,D,1099.875,531.0
8800,E,A,4,D,"(1, 4, 7, 9)",V7,G,C#,D,1100.0,531.0
8801,E,A,4,D,"(1, 4, 7, 9)",V7,G,C#,D,1100.125,531.0
8802,A,D,0,D,"(2, 6, 9)",I,D,F#,D,1100.25,532.0
8803,A,D,1,D,"(2, 6, 9)",I,D,F#,D,1100.375,532.0
8804,A,D,2,D,"(2, 6, 9)",I,D,F#,D,1100.5,532.0
8805,A,D,2,D,"(2, 6, 9)",I,D,F#,D,1100.625,532.0
8806,A,D,3,D,"(2, 6, 9)",I,D,F#,D,1100.75,532.0
8807,A,D,3,D,"(2, 6, 9)",I,D,F#,D,1100.875,532.0
8808,A,D,3,D,"(2, 6, 9)",I,D,F#,D,1101.0,532.0
8809,A,D,3,D,"(2, 6, 9)",I,D,F#,D,1101.125,532.0
8810,A,D,4,D,"(2, 6, 9)",I,D,F#,D,1101.25,532.0
8811,A,D,4,D,"(2, 6, 9)",I,D,F#,D,1101.375,532.0
8812,A,D,4,D,"(2, 6, 9)",I,D,F#,D,1101.5,532.0
8813,A,D,4,D,"(2, 6, 9)",I,D,F#,D,1101.625,532.0
8814,A,D,4,D,"(2, 6, 9)",I,D,F#,D,1101.75,532.0
8815,A,D,4,D,"(2, 6, 9)",I,D,F#,D,1101.875,532.0
8816,A,D,4,D,"(2, 6, 9)",I,D,F#,D,1102.0,532.0
8817,A,D,4,D,"(2, 6, 9)",I,D,F#,D,1102.125,532.0
8818,F#,B,0,D,"(2, 6, 11)",vi,B,D,D,1102.25,533.0
8819,F#,B,1,D,"(2, 6, 11)",vi,B,D,D,1102.375,533.0
8820,F#,B,2,D,"(2, 6, 11)",vi,B,D,D,1102.5,533.0
8821,F#,B,2,D,"(2, 6, 11)",vi,B,D,D,1102.625,533.0
8822,F#,B,3,D,"(2, 6, 11)",vi,B,D,D,1102.75,533.0
8823,F#,B,3,D,"(2, 6, 11)",vi,B,D,D,1102.875,533.0
8824,F#,B,3,D,"(2, 6, 11)",vi,B,D,D,1103.0,533.0
8825,F#,B,3,D,"(2, 6, 11)",vi,B,D,D,1103.125,533.0
8826,F#,B,4,D,"(2, 6, 11)",vi,B,D,D,1103.25,533.0
8827,F#,B,4,D,"(2, 6, 11)",vi,B,D,D,1103.375,533.0
8828,F#,B,4,D,"(2, 6, 11)",vi,B,D,D,1103.5,533.0
8829,F#,B,4,D,"(2, 6, 11)",vi,B,D,D,1103.625,533.0
8830,F#,B,4,D,"(2, 6, 11)",vi,B,D,D,1103.75,533.0
8831,F#,B,4,D,"(2, 6, 11)",vi,B,D,D,1103.875,533.0
8832,F#,B,4,D,"(2, 6, 11)",vi,B,D,D,1104.0,533.0
8833,F#,B,4,D,"(2, 6, 11)",vi,B,D,D,1104.125,533.0
8834,E,G,0,D,"(4, 7, 11)",ii,E,B,D,1104.25,534.0
8835,E,G,1,D,"(4, 7, 11)",ii,E,B,D,1104.375,534.0
8836,E,G,2,D,"(4, 7, 11)",ii,E,B,D,1104.5,534.0
8837,E,G,2,D,"(4, 7, 11)",ii,E,B,D,1104.625,534.0
8838,E,G,3,D,"(4, 7, 11)",ii,E,B,D,1104.75,534.0
8839,E,G,3,D,"(4, 7, 11)",ii,E,B,D,1104.875,534.0
8840,E,G,3,D,"(4, 7, 11)",ii,E,B,D,1105.0,534.0
8841,E,G,3,D,"(4, 7, 11)",ii,E,B,D,1105.125,534.0
8842,E,G,4,D,"(4, 7, 11)",ii,E,B,D,1105.25,534.0
8843,E,G,4,D,"(4, 7, 11)",ii,E,B,D,1105.375,534.0
8844,E,G,4,D,"(4, 7, 11)",ii,E,B,D,1105.5,534.0
8845,E,G,4,D,"(4, 7, 11)",ii,E,B,D,1105.625,534.0
8846,E,G,4,D,"(4, 7, 11)",ii,E,B,D,1105.75,534.0
8847,E,G,4,D,"(4, 7, 11)",ii,E,B,D,1105.875,534.0
8848,E,G,4,D,"(4, 7, 11)",ii,E,B,D,1106.0,534.0
8849,E,G,4,D,"(4, 7, 11)",ii,E,B,D,1106.125,534.0
8850,E,A,0,D,"(1, 4, 7, 9)",V7,G,C#,D,1106.25,535.0
8851,E,A,1,D,"(1, 4, 7, 9)",V7,G,C#,D,1106.375,535.0
8852,E,A,2,D,"(1, 4, 7, 9)",V7,G,C#,D,1106.5,535.0
8853,E,A,2,D,"(1, 4, 7, 9)",V7,G,C#,D,1106.625,535.0
8854,E,A,3,D,"(1, 4, 7, 9)",V7,G,C#,D,1106.75,535.0
8855,E,A,3,D,"(1, 4, 7, 9)",V7,G,C#,D,1106.875,535.0
8856,E,A,3,D,"(1, 4, 7, 9)",V7,G,C#,D,1107.0,535.0
8857,E,A,3,D,"(1, 4, 7, 9)",V7,G,C#,D,1107.125,535.0
8858,E,A,4,D,"(1, 4, 7, 9)",V7,G,C#,D,1107.25,535.0
8859,E,A,4,D,"(1, 4, 7, 9)",V7,G,C#,D,1107.375,535.0
8860,E,A,4,D,"(1, 4, 7, 9)",V7,G,C#,D,1107.5,535.0
8861,E,A,4,D,"(1, 4, 7, 9)",V7,G,C#,D,1107.625,535.0
8862,E,A,4,D,"(1, 4, 7, 9)",V7,G,C#,D,1107.75,535.0
8863,E,A,4,D,"(1, 4, 7, 9)",V7,G,C#,D,1107.875,535.0
8864,E,A,4,D,"(1, 4, 7, 9)",V7,G,C#,D,1108.0,535.0
8865,E,A,4,D,"(1, 4, 7, 9)",V7,G,C#,D,1108.125,535.0
8866,E,A,0,D,"(1, 4, 7, 9)",V7,G,C#,D,1108.25,536.0
8867,E,A,1,D,"(1, 4, 7, 9)",V7,G,C#,D,1108.375,536.0
8868,E,A,2,D,"(1, 4, 7, 9)",V7,G,C#,D,1108.5,536.0
8869,E,A,2,D,"(1, 4, 7, 9)",V7,G,C#,D,1108.625,536.0
8870,E,A,3,D,"(1, 4, 7, 9)",V7,G,C#,D,1108.75,536.0
8871,E,A,3,D,"(1, 4, 7, 9)",V7,G,C#,D,1108.875,536.0
8872,E,A,3,D,"(1, 4, 7, 9)",V7,G,C#,D,1109.0,536.0
8873,E,A,3,D,"(1, 4, 7, 9)",V7,G,C#,D,1109.125,536.0
8874,E,A,4,D,"(1, 4, 7, 9)",V7,G,C#,D,1109.25,536.0
8875,E,A,4,D,"(1, 4, 7, 9)",V7,G,C#,D,1109.375,536.0
8876,E,A,4,D,"(1, 4, 7, 9)",V7,G,C#,D,1109.5,536.0
8877,E,A,4,D,"(1, 4, 7, 9)",V7,G,C#,D,1109.625,536.0
8878,E,A,4,D,"(1, 4, 7, 9)",V7,G,C#,D,1109.75,536.0
8879,E,A,4,D,"(1, 4, 7, 9)",V7,G,C#,D,1109.875,536.0
8880,E,A,4,D,"(1, 4, 7, 9)",V7,G,C#,D,1110.0,536.0
8881,E,A,4,D,"(1, 4, 7, 9)",V7,G,C#,D,1110.125,536.0
8882,A,A,0,D,"(1, 4, 7, 9)",I,G,F#,D,1110.25,537.0
8883,A,A,1,D,"(2, 6, 9)",I,A,F#,D,1110.375,537.0
8884,A,A,2,D,"(2, 6, 9)",I,A,F#,D,1110.5,537.0
8885,A,A,2,D,"(2, 6, 9)",I,A,F#,D,1110.625,537.0
8886,A,D,3,D,"(2, 6, 9)",I,A,F#,D,1110.75,537.0
8887,A,D,3,D,"(2, 6, 9)",I,A,F#,D,1110.875,537.0
8888,A,D,3,D,"(2, 6, 9)",I,A,F#,D,1111.0,537.0
8889,A,D,3,D,"(2, 6, 9)",I,A,F#,D,1111.125,537.0
8890,A,D,0,D,"(2, 6, 9)",I,D,F#,D,1111.25,537.0
8891,A,D,2,D,"(2, 6, 9)",I,D,F#,D,1111.375,537.0
8892,A,D,2,D,"(2, 6, 9)",I,D,F#,D,1111.5,537.0
8893,A,D,2,D,"(2, 6, 9)",I,D,F#,D,1111.625,537.0
8894,A,D,4,D,"(2, 6, 9)",I,D,F#,D,1111.75,537.0
8895,A,D,4,D,"(2, 6, 9)",I,D,F#,D,1111.875,537.0
8896,A,D,6,D,"(2, 6, 9)",I,D,F#,D,1112.0,537.0
8897,A,D,6,D,"(2, 6, 9)",I,D,F#,D,1112.125,537.0
8898,A,D,0,D,"(2, 6, 9)",I,D,F#,D,1112.25,538.0
8899,A,D,1,D,"(2, 6, 9)",I,D,F#,D,1112.375,538.0
8900,A,D,2,D,"(2, 6, 9)",I,D,F#,D,1112.5,538.0
8901,A,D,2,D,"(2, 6, 9)",I,D,F#,D,1112.625,538.0
8902,A,D,0,D,"(2, 6, 9)",I,D,F#,D,1112.75,538.0
8903,A,D,1,D,"(2, 6, 9)",I,D,F#,D,1112.875,538.0
8904,A,D,2,D,"(2, 6, 9)",I,D,F#,D,1113.0,538.0
8905,A,D,3,D,"(2, 6, 9)",I,D,F#,D,1113.125,538.0
8906,E,A,0,D,"(1, 4, 9)",V,A,C#,D,1113.25,538.0
8907,E,A,1,D,"(1, 4, 9)",V,A,C#,D,1113.375,538.0
8908,E,A,2,D,"(1, 4, 9)",V,A,C#,D,1113.5,538.0
8909,E,A,2,D,"(1, 4, 9)",V,A,C#,D,1113.625,538.0
8910,E,A,4,D,"(1, 4, 9)",V,A,C#,D,1113.75,538.0
8911,E,A,4,D,"(1, 4, 9)",V,A,C#,D,1113.875,538.0
8912,E,A,4,D,"(1, 4, 9)",V,A,C#,D,1114.0,538.0
8913,E,A,4,D,"(1, 4, 9)",V,A,C#,D,1114.125,538.0
8914,D,F#,0,D,"(2, 6, 9)",I,D,A,D,1114.25,539.0
8915,D,F#,1,D,"(2, 6, 9)",I,D,A,D,1114.375,539.0
8916,D,F#,2,D,"(2, 6, 9)",I,D,A,D,1114.5,539.0
8917,D,F#,2,D,"(2, 6, 9)",I,D,A,D,1114.625,539.0
8918,D,F#,3,D,"(2, 6, 9)",I,D,A,D,1114.75,539.0
8919,D,F#,3,D,"(2, 6, 9)",I,D,A,D,1114.875,539.0
8920,D,F#,3,D,"(2, 6, 9)",I,D,A,D,1115.0,539.0
8921,D,F#,3,D,"(2, 6, 9)",I,D,A,D,1115.125,539.0
8922,D,F#,4,D,"(2, 6, 9)",I,D,A,D,1115.25,539.0
8923,D,F#,4,D,"(2, 6, 9)",I,D,A,D,1115.375,539.0
8924,D,F#,4,D,"(2, 6, 9)",I,D,A,D,1115.5,539.0
8925,D,F#,4,D,"(2, 6, 9)",I,D,A,D,1115.625,539.0
8926,D,F#,4,D,"(2, 6, 9)",I,D,A,D,1115.75,539.0
8927,D,F#,4,D,"(2, 6, 9)",I,D,A,D,1115.875,539.0
8928,D,F#,4,D,"(2, 6, 9)",I,D,A,D,1116.0,539.0
8929,D,F#,4,D,"(2, 6, 9)",I,D,A,D,1116.125,539.0
8930,D,G,0,D,"(2, 7, 11)",IV,G,B,D,1116.25,540.0
8931,D,G,1,D,"(2, 7, 11)",IV,G,B,D,1116.375,540.0
8932,D,G,2,D,"(2, 7, 11)",IV,G,B,D,1116.5,540.0
8933,D,G,2,D,"(2, 7, 11)",IV,G,B,D,1116.625,540.0
8934,D,G,3,D,"(2, 7, 11)",IV,G,B,D,1116.75,540.0
8935,D,G,3,D,"(2, 7, 11)",IV,G,B,D,1116.875,540.0
8936,D,G,3,D,"(2, 7, 11)",IV,G,B,D,1117.0,540.0
8937,D,G,3,D,"(2, 7, 11)",IV,G,B,D,1117.125,540.0
8938,D,G,4,D,"(2, 7, 11)",IV,G,B,D,1117.25,540.0
8939,D,G,4,D,"(2, 7, 11)",IV,G,B,D,1117.375,540.0
8940,D,G,4,D,"(2, 7, 11)",IV,G,B,D,1117.5,540.0
8941,D,G,4,D,"(2, 7, 11)",IV,G,B,D,1117.625,540.0
8942,D,G,4,D,"(2, 7, 11)",IV,G,B,D,1117.75,540.0
8943,D,G,4,D,"(2, 7, 11)",IV,G,B,D,1117.875,540.0
8944,D,G,4,D,"(2, 7, 11)",IV,G,B,D,1118.0,540.0
8945,D,G,4,D,"(2, 7, 11)",IV,G,B,D,1118.125,540.0
8946,D,F#,0,D,"(2, 6, 9)",I,D,A,D,1118.25,541.0
8947,D,F#,1,D,"(2, 6, 9)",I,D,A,D,1118.375,541.0
8948,D,F#,2,D,"(2, 6, 9)",I,D,A,D,1118.5,541.0
8949,D,F#,2,D,"(2, 6, 9)",I,D,A,D,1118.625,541.0
8950,D,F#,3,D,"(2, 6, 9)",I,D,A,D,1118.75,541.0
8951,D,F#,3,D,"(2, 6, 9)",I,D,A,D,1118.875,541.0
8952,D,F#,3,D,"(2, 6, 9)",I,D,A,D,1119.0,541.0
8953,D,F#,3,D,"(2, 6, 9)",I,D,A,D,1119.125,541.0
8954,D,F#,4,D,"(2, 6, 9)",I,D,A,D,1119.25,541.0
8955,D,D,4,D,"(2, 6, 9)",I,D,A,D,1119.375,541.0
8956,D,D,4,D,"(2, 6, 9)",I,D,A,D,1119.5,541.0
8957,D,F#,4,D,"(2, 6, 9)",I,D,A,D,1119.625,541.0
8958,D,D,4,D,"(2, 6, 9)",I,D,A,D,1119.75,541.0
8959,D,D,0,D,"(2, 6, 9)",I,D,A,D,1119.875,541.0
8960,G,D,3,D,"(1, 4, 7, 9)",V7,G,E,D,1120.0,541.0
8961,G,D,3,D,"(1, 4, 7, 9)",V7,G,E,D,1120.125,541.0
8962,A,D,0,D,"(2, 6, 9)",I,D,F#,D,1120.25,542.0
8963,A,D,1,D,"(2, 6, 9)",I,D,F#,D,1120.375,542.0
8964,A,D,2,D,"(2, 6, 9)",I,D,F#,D,1120.5,542.0
8965,A,D,2,D,"(2, 6, 9)",I,D,F#,D,1120.625,542.0
8966,A,D,3,D,"(2, 6, 9)",I,D,F#,D,1120.75,542.0
8967,A,D,3,D,"(2, 6, 9)",I,D,F#,D,1120.875,542.0
8968,A,D,3,D,"(2, 6, 9)",I,D,F#,D,1121.0,542.0
8969,A,D,3,D,"(2, 6, 9)",I,D,F#,D,1121.125,542.0
8970,A,D,4,D,"(2, 6, 9)",I,D,F#,D,1121.25,542.0
8971,A,D,4,D,"(2, 6, 9)",I,D,F#,D,1121.375,542.0
8972,A,D,4,D,"(2, 6, 9)",I,D,F#,D,1121.5,542.0
8973,A,D,4,D,"(2, 6, 9)",I,D,F#,D,1121.625,542.0
8974,A,D,4,D,"(2, 6, 9)",I,D,F#,D,1121.75,542.0
8975,A,D,4,D,"(2, 6, 9)",I,D,F#,D,1121.875,542.0
8976,A,D,4,D,"(2, 6, 9)",I,D,F#,D,1122.0,542.0
8977,A,D,4,D,"(2, 6, 9)",I,D,F#,D,1122.125,542.0
8978,E,G,0,D,"(4, 7, 11)",ii,E,B,D,1122.25,543.0
8979,E,G,1,D,"(4, 7, 11)",ii,E,B,D,1122.375,543.0
8980,E,G,2,D,"(4, 7, 11)",ii,E,B,D,1122.5,543.0
8981,E,G,2,D,"(4, 7, 11)",ii,E,B,D,1122.625,543.0
8982,E,G,3,D,"(4, 7, 11)",ii,E,B,D,1122.75,543.0
8983,E,G,3,D,"(4, 7, 11)",ii,E,B,D,1122.875,543.0
8984,E,G,3,D,"(4, 7, 11)",ii,E,B,D,1123.0,543.0
8985,E,G,3,D,"(4, 7, 11)",ii,E,B,D,1123.125,543.0
8986,E,G,0,D,"(4, 7, 11)",ii,E,B,D,1123.25,543.0
8987,E,G,4,D,"(4, 7, 11)",ii,E,B,D,1123.375,543.0
8988,E,G,4,D,"(4, 7, 11)",ii,E,B,D,1123.5,543.0
8989,E,G,2,D,"(4, 7, 11)",ii,E,B,D,1123.625,543.0
8990,E,G,3,D,"(4, 7, 11)",ii,E,B,D,1123.75,543.0
8991,E,G,3,D,"(4, 7, 11)",ii,E,B,D,1123.875,543.0
8992,E,G,3,D,"(4, 7, 11)",ii,E,B,D,1124.0,543.0
8993,E,G,3,D,"(4, 7, 11)",ii,E,B,D,1124.125,543.0
8994,E,A,0,D,"(1, 4, 9)",V,A,C#,D,1124.25,544.0
8995,E,A,1,D,"(1, 4, 9)",V,A,C#,D,1124.375,544.0
8996,E,A,2,D,"(1, 4, 9)",V,A,C#,D,1124.5,544.0
8997,E,A,2,D,"(1, 4, 9)",V,A,C#,D,1124.625,544.0
8998,E,A,3,D,"(1, 4, 9)",V,A,C#,D,1124.75,544.0
8999,E,A,3,D,"(1, 4, 9)",V,A,C#,D,1124.875,544.0
9000,E,A,3,D,"(1, 4, 9)",V,A,C#,D,1125.0,544.0
9001,E,A,3,D,"(1, 4, 9)",V,A,C#,D,1125.125,544.0
9002,E,A,4,D,"(1, 4, 9)",V,A,C#,D,1125.25,544.0
9003,E,A,4,D,"(1, 4, 9)",V,A,C#,D,1125.375,544.0
9004,E,A,4,D,"(1, 4, 9)",V,A,C#,D,1125.5,544.0
9005,E,A,4,D,"(1, 4, 9)",V,A,C#,D,1125.625,544.0
9006,E,A,4,D,"(1, 4, 9)",V,A,C#,D,1125.75,544.0
9007,E,A,4,D,"(1, 4, 9)",V,A,C#,D,1125.875,544.0
9008,E,A,4,D,"(1, 4, 9)",V,A,C#,D,1126.0,544.0
9009,E,A,4,D,"(1, 4, 9)",V,A,C#,D,1126.125,544.0
9010,A,D,0,D,"(2, 6, 9)",I,D,F#,D,1126.25,545.0
9011,A,D,1,D,"(2, 6, 9)",I,D,F#,D,1126.375,545.0
9012,A,D,2,D,"(2, 6, 9)",I,D,F#,D,1126.5,545.0
9013,A,D,2,D,"(2, 6, 9)",I,D,F#,D,1126.625,545.0
9014,A,D,3,D,"(2, 6, 9)",I,D,F#,D,1126.75,545.0
9015,A,D,3,D,"(2, 6, 9)",I,D,F#,D,1126.875,545.0
9016,A,D,3,D,"(2, 6, 9)",I,D,F#,D,1127.0,545.0
9017,A,D,3,D,"(2, 6, 9)",I,D,F#,D,1127.125,545.0
9018,A,D,4,D,"(2, 6, 9)",I,D,F#,D,1127.25,545.0
9019,A,D,4,D,"(2, 6, 9)",I,D,F#,D,1127.375,545.0
9020,A,D,4,D,"(2, 6, 9)",I,D,F#,D,1127.5,545.0
9021,A,D,4,D,"(2, 6, 9)",I,D,F#,D,1127.625,545.0
9022,A,D,4,D,"(2, 6, 9)",I,D,F#,D,1127.75,545.0
9023,A,D,4,D,"(2, 6, 9)",I,D,F#,D,1127.875,545.0
9024,A,D,4,D,"(2, 6, 9)",I,D,F#,D,1128.0,545.0
9025,A,D,4,D,"(2, 6, 9)",I,D,F#,D,1128.125,545.0
9026,D,F#,0,D,"(2, 6, 9)",I,D,A,D,1128.25,546.0
9027,D,F#,1,D,"(2, 6, 9)",I,D,A,D,1128.375,546.0
9028,D,F#,2,D,"(2, 6, 9)",I,D,A,D,1128.5,546.0
9029,D,F#,2,D,"(2, 6, 9)",I,D,A,D,1128.625,546.0
9030,D,F#,3,D,"(2, 6, 9)",I,D,A,D,1128.75,546.0
9031,D,F#,3,D,"(2, 6, 9)",I,D,A,D,1128.875,546.0
9032,D,F#,3,D,"(2, 6, 9)",I,D,A,D,1129.0,546.0
9033,D,F#,3,D,"(2, 6, 9)",I,D,A,D,1129.125,546.0
9034,D,F#,4,D,"(2, 6, 9)",I,D,A,D,1129.25,546.0
9035,D,F#,4,D,"(2, 6, 9)",I,D,A,D,1129.375,546.0
9036,D,F#,4,D,"(2, 6, 9)",I,D,A,D,1129.5,546.0
9037,D,F#,4,D,"(2, 6, 9)",I,D,A,D,1129.625,546.0
9038,D,F#,4,D,"(2, 6, 9)",I,D,A,D,1129.75,546.0
9039,D,F#,4,D,"(2, 6, 9)",I,D,A,D,1129.875,546.0
9040,D,F#,4,D,"(2, 6, 9)",I,D,A,D,1130.0,546.0
9041,D,F#,4,D,"(2, 6, 9)",I,D,A,D,1130.125,546.0
9042,D,G,0,D,"(2, 7, 11)",IV,G,B,D,1130.25,547.0
9043,D,G,1,D,"(2, 7, 11)",IV,G,B,D,1130.375,547.0
9044,D,G,2,D,"(2, 7, 11)",IV,G,B,D,1130.5,547.0
9045,D,G,2,D,"(2, 7, 11)",IV,G,B,D,1130.625,547.0
9046,D,G,3,D,"(2, 7, 11)",IV,G,B,D,1130.75,547.0
9047,D,G,3,D,"(2, 7, 11)",IV,G,B,D,1130.875,547.0
9048,D,G,3,D,"(2, 7, 11)",IV,G,B,D,1131.0,547.0
9049,D,G,3,D,"(2, 7, 11)",IV,G,B,D,1131.125,547.0
9050,D,G,4,D,"(2, 7, 11)",IV,G,B,D,1131.25,547.0
9051,D,G,4,D,"(2, 7, 11)",IV,G,B,D,1131.375,547.0
9052,D,G,4,D,"(2, 7, 11)",IV,G,B,D,1131.5,547.0
9053,D,G,4,D,"(2, 7, 11)",IV,G,B,D,1131.625,547.0
9054,D,G,4,D,"(2, 7, 11)",IV,G,B,D,1131.75,547.0
9055,D,G,4,D,"(2, 7, 11)",IV,G,B,D,1131.875,547.0
9056,D,G,4,D,"(2, 7, 11)",IV,G,B,D,1132.0,547.0
9057,D,G,4,D,"(2, 7, 11)",IV,G,B,D,1132.125,547.0
9058,E,A,0,D,"(1, 4, 7, 9)",V7,G,C#,D,1132.25,548.0
9059,E,A,1,D,"(1, 4, 7, 9)",V7,G,C#,D,1132.375,548.0
9060,E,A,2,D,"(1, 4, 7, 9)",V7,G,C#,D,1132.5,548.0
9061,E,A,2,D,"(1, 4, 7, 9)",V7,G,C#,D,1132.625,548.0
9062,E,A,3,D,"(1, 4, 7, 9)",V7,G,C#,D,1132.75,548.0
9063,E,A,3,D,"(1, 4, 7, 9)",V7,G,C#,D,1132.875,548.0
9064,E,A,3,D,"(1, 4, 7, 9)",V7,G,C#,D,1133.0,548.0
9065,E,A,3,D,"(1, 4, 7, 9)",V7,G,C#,D,1133.125,548.0
9066,E,A,4,D,"(1, 4, 7, 9)",V7,G,C#,D,1133.25,548.0
9067,E,A,4,D,"(1, 4, 7, 9)",V7,G,C#,D,1133.375,548.0
9068,E,A,4,D,"(1, 4, 7, 9)",V7,G,C#,D,1133.5,548.0
9069,E,A,4,D,"(1, 4, 7, 9)",V7,G,C#,D,1133.625,548.0
9070,E,A,4,D,"(1, 4, 7, 9)",V7,G,C#,D,1133.75,548.0
9071,E,A,4,D,"(1, 4, 7, 9)",V7,G,C#,D,1133.875,548.0
9072,E,A,4,D,"(1, 4, 7, 9)",V7,G,C#,D,1134.0,548.0
9073,E,A,4,D,"(1, 4, 7, 9)",V7,G,C#,D,1134.125,548.0
9074,A,D,0,D,"(2, 6, 9)",I,D,F#,D,1134.25,549.0
9075,A,D,1,D,"(2, 6, 9)",I,D,F#,D,1134.375,549.0
9076,A,D,2,D,"(2, 6, 9)",I,D,F#,D,1134.5,549.0
9077,A,D,2,D,"(2, 6, 9)",I,D,F#,D,1134.625,549.0
9078,A,D,3,D,"(2, 6, 9)",I,D,F#,D,1134.75,549.0
9079,A,D,3,D,"(2, 6, 9)",I,D,F#,D,1134.875,549.0
9080,A,D,3,D,"(2, 6, 9)",I,D,F#,D,1135.0,549.0
9081,A,D,3,D,"(2, 6, 9)",I,D,F#,D,1135.125,549.0
9082,A,D,4,D,"(2, 6, 9)",I,D,F#,D,1135.25,549.0
9083,A,D,4,D,"(2, 6, 9)",I,D,F#,D,1135.375,549.0
9084,A,D,4,D,"(2, 6, 9)",I,D,F#,D,1135.5,549.0
9085,A,D,4,D,"(2, 6, 9)",I,D,F#,D,1135.625,549.0
9086,A,D,4,D,"(2, 6, 9)",I,D,F#,D,1135.75,549.0
9087,A,D,4,D,"(2, 6, 9)",I,D,F#,D,1135.875,549.0
9088,A,D,4,D,"(2, 6, 9)",I,D,F#,D,1136.0,549.0
9089,A,D,4,D,"(2, 6, 9)",I,D,F#,D,1136.125,549.0
9090,E,A,0,D,"(1, 4, 9)",V,A,C#,D,1136.25,550.0
9091,E,A,1,D,"(1, 4, 9)",V,A,C#,D,1136.375,550.0
9092,E,A,2,D,"(1, 4, 9)",V,A,C#,D,1136.5,550.0
9093,E,A,2,D,"(1, 4, 9)",V,A,C#,D,1136.625,550.0
9094,E,A,3,D,"(1, 4, 9)",V,A,C#,D,1136.75,550.0
9095,E,A,3,D,"(1, 4, 9)",V,A,C#,D,1136.875,550.0
9096,E,A,3,D,"(1, 4, 9)",V,A,C#,D,1137.0,550.0
9097,E,A,3,D,"(1, 4, 9)",V,A,C#,D,1137.125,550.0
9098,E,A,4,D,"(1, 4, 9)",V,A,C#,D,1137.25,550.0
9099,E,A,4,D,"(1, 4, 9)",V,A,C#,D,1137.375,550.0
9100,E,A,4,D,"(1, 4, 9)",V,A,C#,D,1137.5,550.0
9101,E,A,4,D,"(1, 4, 9)",V,A,C#,D,1137.625,550.0
9102,E,A,4,D,"(1, 4, 9)",V,A,C#,D,1137.75,550.0
9103,E,A,4,D,"(1, 4, 9)",V,A,C#,D,1137.875,550.0
9104,E,A,4,D,"(1, 4, 9)",V,A,C#,D,1138.0,550.0
9105,E,A,4,D,"(1, 4, 9)",V,A,C#,D,1138.125,550.0
9106,A,D,0,D,"(2, 6, 9)",I,D,F#,D,1138.25,551.0
9107,A,D,1,D,"(2, 6, 9)",I,D,F#,D,1138.375,551.0
9108,A,D,2,D,"(2, 6, 9)",I,D,F#,D,1138.5,551.0
9109,A,D,2,D,"(2, 6, 9)",I,D,F#,D,1138.625,551.0
9110,A,D,3,D,"(2, 6, 9)",I,D,F#,D,1138.75,551.0
9111,A,D,3,D,"(2, 6, 9)",I,D,F#,D,1138.875,551.0
9112,A,D,3,D,"(2, 6, 9)",I,D,F#,D,1139.0,551.0
9113,A,D,3,D,"(2, 6, 9)",I,D,F#,D,1139.125,551.0
9114,A,D,4,D,"(2, 6, 9)",I,D,F#,D,1139.25,551.0
9115,A,D,4,D,"(2, 6, 9)",I,D,F#,D,1139.375,551.0
9116,A,D,4,D,"(2, 6, 9)",I,D,F#,D,1139.5,551.0
9117,A,D,4,D,"(2, 6, 9)",I,D,F#,D,1139.625,551.0
9118,A,D,4,D,"(2, 6, 9)",I,D,F#,D,1139.75,551.0
9119,A,D,4,D,"(2, 6, 9)",I,D,F#,D,1139.875,551.0
9120,A,D,4,D,"(2, 6, 9)",I,D,F#,D,1140.0,551.0
9121,A,D,4,D,"(2, 6, 9)",I,D,F#,D,1140.125,551.0
9122,E,A,0,D,"(1, 4, 9)",V,A,C#,D,1140.25,552.0
9123,E,A,1,D,"(1, 4, 9)",V,A,C#,D,1140.375,552.0
9124,E,A,2,D,"(1, 4, 9)",V,A,C#,D,1140.5,552.0
9125,E,A,2,D,"(1, 4, 9)",V,A,C#,D,1140.625,552.0
9126,E,A,3,D,"(1, 4, 9)",V,A,C#,D,1140.75,552.0
9127,E,A,3,D,"(1, 4, 9)",V,A,C#,D,1140.875,552.0
9128,E,A,3,D,"(1, 4, 9)",V,A,C#,D,1141.0,552.0
9129,E,A,3,D,"(1, 4, 9)",V,A,C#,D,1141.125,552.0
9130,E,A,4,D,"(1, 4, 9)",V,A,C#,D,1141.25,552.0
9131,E,A,4,D,"(1, 4, 9)",V,A,C#,D,1141.375,552.0
9132,E,A,4,D,"(1, 4, 9)",V,A,C#,D,1141.5,552.0
9133,E,A,4,D,"(1, 4, 9)",V,A,C#,D,1141.625,552.0
9134,E,A,4,D,"(1, 4, 9)",V,A,C#,D,1141.75,552.0
9135,E,A,4,D,"(1, 4, 9)",V,A,C#,D,1141.875,552.0
9136,E,A,4,D,"(1, 4, 9)",V,A,C#,D,1142.0,552.0
9137,E,A,4,D,"(1, 4, 9)",V,A,C#,D,1142.125,552.0
9138,A,D,0,D,"(2, 6, 9)",I,D,F#,D,1142.25,553.0
9139,A,D,1,D,"(2, 6, 9)",I,D,F#,D,1142.375,553.0
9140,A,D,2,D,"(2, 6, 9)",I,D,F#,D,1142.5,553.0
9141,A,D,2,D,"(2, 6, 9)",I,D,F#,D,1142.625,553.0
9142,A,D,3,D,"(2, 6, 9)",I,D,F#,D,1142.75,553.0
9143,A,D,3,D,"(2, 6, 9)",I,D,F#,D,1142.875,553.0
9144,A,D,3,D,"(2, 6, 9)",I,D,F#,D,1143.0,553.0
9145,A,D,3,D,"(2, 6, 9)",I,D,F#,D,1143.125,553.0
9146,A,D,4,D,"(2, 6, 9)",I,D,F#,D,1143.25,553.0
9147,A,D,4,D,"(2, 6, 9)",I,D,F#,D,1143.375,553.0
9148,A,D,4,D,"(2, 6, 9)",I,D,F#,D,1143.5,553.0
9149,A,D,4,D,"(2, 6, 9)",I,D,F#,D,1143.625,553.0
9150,A,D,4,D,"(2, 6, 9)",I,D,F#,D,1143.75,553.0
9151,A,D,4,D,"(2, 6, 9)",I,D,F#,D,1143.875,553.0
9152,A,D,4,D,"(2, 6, 9)",I,D,F#,D,1144.0,553.0
9153,A,D,4,D,"(2, 6, 9)",I,D,F#,D,1144.125,553.0
9154,A,D,0,D,"(2, 6, 9)",I,D,F#,D,1144.25,554.0
9155,A,D,1,D,"(2, 6, 9)",I,D,F#,D,1144.375,554.0
9156,A,D,2,D,"(2, 6, 9)",I,D,F#,D,1144.5,554.0
9157,A,D,2,D,"(2, 6, 9)",I,D,F#,D,1144.625,554.0
9158,A,D,3,D,"(2, 6, 9)",I,D,F#,D,1144.75,554.0
9159,A,D,3,D,"(2, 6, 9)",I,D,F#,D,1144.875,554.0
9160,A,D,3,D,"(2, 6, 9)",I,D,F#,D,1145.0,554.0
9161,A,D,3,D,"(2, 6, 9)",I,D,F#,D,1145.125,554.0
9162,A,D,4,D,"(2, 6, 9)",I,D,F#,D,1145.25,554.0
9163,A,D,4,D,"(2, 6, 9)",I,D,F#,D,1145.375,554.0
9164,A,D,4,D,"(2, 6, 9)",I,D,F#,D,1145.5,554.0
9165,A,D,4,D,"(2, 6, 9)",I,D,F#,D,1145.625,554.0
9166,A,D,4,D,"(2, 6, 9)",I,D,F#,D,1145.75,554.0
9167,A,D,4,D,"(2, 6, 9)",I,D,F#,D,1145.875,554.0
9168,A,D,4,D,"(2, 6, 9)",I,D,F#,D,1146.0,554.0
9169,A,D,4,D,"(2, 6, 9)",I,D,F#,D,1146.125,554.0
9170,D,F#,0,D,"(2, 6, 9)",I,D,A,D,1146.25,555.0
9171,D,F#,1,D,"(2, 6, 9)",I,D,A,D,1146.375,555.0
9172,D,F#,2,D,"(2, 6, 9)",I,D,A,D,1146.5,555.0
9173,D,F#,2,D,"(2, 6, 9)",I,D,A,D,1146.625,555.0
9174,D,F#,3,D,"(2, 6, 9)",I,D,A,D,1146.75,555.0
9175,D,F#,3,D,"(2, 6, 9)",I,D,A,D,1146.875,555.0
9176,D,F#,3,D,"(2, 6, 9)",I,D,A,D,1147.0,555.0
9177,D,F#,3,D,"(2, 6, 9)",I,D,A,D,1147.125,555.0
9178,D,F#,4,D,"(2, 6, 9)",I,D,A,D,1147.25,555.0
9179,D,F#,4,D,"(2, 6, 9)",I,D,A,D,1147.375,555.0
9180,D,F#,4,D,"(2, 6, 9)",I,D,A,D,1147.5,555.0
9181,D,F#,4,D,"(2, 6, 9)",I,D,A,D,1147.625,555.0
9182,D,F#,4,D,"(2, 6, 9)",I,D,F#,D,1147.75,555.0
9183,D,F#,4,D,"(2, 6, 9)",I,D,F#,D,1147.875,555.0
9184,D,F#,4,D,"(2, 6, 9)",I,D,F#,D,1148.0,555.0
9185,D,F#,4,D,"(2, 6, 9)",I,D,F#,D,1148.125,555.0
9186,A,D,0,D,"(2, 6, 9)",I,D,F#,D,1148.25,556.0
9187,A,D,1,D,"(2, 6, 9)",I,D,F#,D,1148.375,556.0
9188,A,D,2,D,"(2, 6, 9)",I,D,F#,D,1148.5,556.0
9189,A,D,2,D,"(2, 6, 9)",I,D,F#,D,1148.625,556.0
9190,A,D,3,D,"(2, 6, 9)",I,D,F#,D,1148.75,556.0
9191,A,D,3,D,"(2, 6, 9)",I,D,F#,D,1148.875,556.0
9192,A,D,3,D,"(2, 6, 9)",I,D,F#,D,1149.0,556.0
9193,A,D,3,D,"(2, 6, 9)",I,D,F#,D,1149.125,556.0
9194,A,D,4,D,"(2, 6, 9)",I,D,F#,D,1149.25,556.0
9195,A,D,4,D,"(2, 6, 9)",I,D,F#,D,1149.375,556.0
9196,A,D,4,D,"(2, 6, 9)",I,D,F#,D,1149.5,556.0
9197,A,D,4,D,"(2, 6, 9)",I,D,F#,D,1149.625,556.0
9198,A,D,4,D,"(2, 6, 9)",I,D,F#,D,1149.75,556.0
9199,A,D,4,D,"(2, 6, 9)",I,D,F#,D,1149.875,556.0
9200,A,D,4,D,"(2, 6, 9)",I,D,F#,D,1150.0,556.0
9201,A,D,4,D,"(2, 6, 9)",I,D,F#,D,1150.125,556.0
9202,D,F#,0,D,"(2, 6, 9)",I,D,F#,D,1150.25,557.0
9203,D,F#,1,D,"(2, 6, 9)",I,D,F#,D,1150.375,557.0
9204,D,F#,2,D,"(2, 6, 9)",I,D,F#,D,1150.5,557.0
9205,D,F#,2,D,"(2, 6, 9)",I,D,F#,D,1150.625,557.0
9206,D,F#,3,D,"(2, 6, 9)",I,D,F#,D,1150.75,557.0
9207,D,F#,3,D,"(2, 6, 9)",I,D,F#,D,1150.875,557.0
9208,D,F#,3,D,"(2, 6, 9)",I,D,F#,D,1151.0,557.0
9209,D,F#,3,D,"(2, 6, 9)",I,D,F#,D,1151.125,557.0
9210,D,F#,4,D,"(2, 6, 9)",I,D,F#,D,1151.25,557.0
9211,D,F#,4,D,"(2, 6, 9)",I,D,F#,D,1151.375,557.0
9212,D,F#,4,D,"(2, 6, 9)",I,D,F#,D,1151.5,557.0
9213,D,F#,4,D,"(2, 6, 9)",I,D,F#,D,1151.625,557.0
9214,D,F#,4,D,"(2, 6, 9)",I,D,F#,D,1151.75,557.0
9215,D,F#,4,D,"(2, 6, 9)",I,D,F#,D,1151.875,557.0
9216,D,F#,4,D,"(2, 6, 9)",I,D,F#,D,1152.0,557.0
9217,D,F#,4,D,"(2, 6, 9)",I,D,F#,D,1152.125,557.0
9218,A,D,0,D,"(2, 6, 9)",I,D,F#,D,1152.25,558.0
9219,A,D,1,D,"(2, 6, 9)",I,D,F#,D,1152.375,558.0
9220,A,D,2,D,"(2, 6, 9)",I,D,F#,D,1152.5,558.0
9221,A,D,2,D,"(2, 6, 9)",I,D,F#,D,1152.625,558.0
9222,A,D,3,D,"(2, 6, 9)",I,D,F#,D,1152.75,558.0
9223,A,D,3,D,"(2, 6, 9)",I,D,F#,D,1152.875,558.0
9224,A,D,3,D,"(2, 6, 9)",I,D,F#,D,1153.0,558.0
9225,A,D,3,D,"(2, 6, 9)",I,D,F#,D,1153.125,558.0
9226,A,D,4,D,"(2, 6, 9)",I,D,F#,D,1153.25,558.0
9227,A,D,4,D,"(2, 6, 9)",I,D,F#,D,1153.375,558.0
9228,A,D,4,D,"(2, 6, 9)",I,D,F#,D,1153.5,558.0
9229,A,D,4,D,"(2, 6, 9)",I,D,F#,D,1153.625,558.0
9230,A,D,4,D,"(2, 6, 9)",I,D,F#,D,1153.75,558.0
9231,A,D,4,D,"(2, 6, 9)",I,D,F#,D,1153.875,558.0
9232,A,D,4,D,"(2, 6, 9)",I,D,F#,D,1154.0,558.0
9233,A,D,4,D,"(2, 6, 9)",I,D,F#,D,1154.125,558.0
9234,A,D,0,D,"(2, 6, 9)",I,D,F#,D,1154.25,559.0
9235,A,D,1,D,"(2, 6, 9)",I,D,F#,D,1154.375,559.0
9236,A,D,2,D,"(2, 6, 9)",I,D,F#,D,1154.5,559.0
9237,A,D,2,D,"(2, 6, 9)",I,D,F#,D,1154.625,559.0
9238,A,D,3,D,"(2, 6, 9)",I,D,F#,D,1154.75,559.0
9239,A,D,3,D,"(2, 6, 9)",I,D,F#,D,1154.875,559.0
9240,A,D,3,D,"(2, 6, 9)",I,D,F#,D,1155.0,559.0
9241,A,D,3,D,"(2, 6, 9)",I,D,F#,D,1155.125,559.0
9242,A,D,4,D,"(2, 6, 9)",I,D,F#,D,1155.25,559.0
9243,A,D,4,D,"(2, 6, 9)",I,D,F#,D,1155.375,559.0
9244,A,D,4,D,"(2, 6, 9)",I,D,F#,D,1155.5,559.0
9245,A,D,4,D,"(2, 6, 9)",I,D,F#,D,1155.625,559.0
9246,A,D,4,D,"(2, 6, 9)",I,D,F#,D,1155.75,559.0
9247,A,D,4,D,"(2, 6, 9)",I,D,F#,D,1155.875,559.0
9248,A,D,4,D,"(2, 6, 9)",I,D,F#,D,1156.0,559.0
9249,A,D,4,D,"(2, 6, 9)",I,D,F#,D,1156.125,559.0
9250,E,A,0,D,"(1, 4, 9)",I,A,C#,D,1156.25,560.0
9251,E,A,1,D,"(1, 4, 9)",V,A,C#,D,1156.375,560.0
9252,E,A,2,D,"(1, 4, 9)",V,A,C#,D,1156.5,560.0
9253,E,A,2,D,"(1, 4, 9)",V,A,C#,D,1156.625,560.0
9254,E,A,3,D,"(1, 4, 9)",V,A,C#,D,1156.75,560.0
9255,E,A,3,D,"(1, 4, 9)",V,A,C#,D,1156.875,560.0
9256,E,A,3,D,"(1, 4, 9)",V,A,C#,D,1157.0,560.0
9257,E,A,3,D,"(1, 4, 9)",V,A,C#,D,1157.125,560.0
9258,E,A,4,D,"(1, 4, 9)",V,A,C#,D,1157.25,560.0
9259,E,A,4,D,"(1, 4, 9)",V,A,C#,D,1157.375,560.0
9260,E,A,4,D,"(1, 4, 9)",V,A,C#,D,1157.5,560.0
9261,E,A,4,D,"(1, 4, 9)",V,A,C#,D,1157.625,560.0
9262,E,A,4,D,"(1, 4, 9)",V,A,C#,D,1157.75,560.0
9263,E,A,4,D,"(1, 4, 9)",V,A,C#,D,1157.875,560.0
9264,E,A,4,D,"(1, 4, 9)",V,A,C#,D,1158.0,560.0
9265,E,A,4,D,"(1, 4, 9)",V,A,C#,D,1158.125,560.0
9266,D,F#,0,D,"(2, 6, 9)",I,D,F#,D,1158.25,561.0
9267,D,F#,1,D,"(2, 6, 9)",I,D,F#,D,1158.375,561.0
9268,D,F#,2,D,"(2, 6, 9)",I,D,F#,D,1158.5,561.0
9269,D,F#,2,D,"(2, 6, 9)",I,D,F#,D,1158.625,561.0
9270,D,F#,3,D,"(2, 6, 9)",I,D,F#,D,1158.75,561.0
9271,D,F#,3,D,"(2, 6, 9)",I,D,F#,D,1158.875,561.0
9272,D,F#,3,D,"(2, 6, 9)",I,D,F#,D,1159.0,561.0
9273,D,F#,3,D,"(2, 6, 9)",I,D,F#,D,1159.125,561.0
9274,D,F#,4,D,"(2, 6, 9)",I,D,F#,D,1159.25,561.0
9275,D,F#,4,D,"(2, 6, 9)",I,D,F#,D,1159.375,561.0
9276,D,F#,4,D,"(2, 6, 9)",I,D,F#,D,1159.5,561.0
9277,A,F#,4,D,"(2, 6, 9)",I,D,F#,D,1159.625,561.0
9278,A,D,4,D,"(2, 6, 9)",I,D,F#,D,1159.75,561.0
9279,A,D,4,D,"(2, 6, 9)",I,D,F#,D,1159.875,561.0
9280,A,D,4,D,"(2, 6, 9)",I,D,F#,D,1160.0,561.0
9281,A,D,4,D,"(2, 6, 9)",I,D,F#,D,1160.125,561.0
9282,A,A,0,D,"(2, 6, 9)",I,D,F#,D,1160.25,562.0
9283,A,A,1,D,"(2, 6, 9)",I,D,F#,D,1160.375,562.0
9284,A,A,2,D,"(2, 6, 9)",I,D,F#,D,1160.5,562.0
9285,A,A,2,D,"(2, 6, 9)",I,D,F#,D,1160.625,562.0
9286,A,A,3,D,"(2, 6, 9)",I,D,F#,D,1160.75,562.0
9287,A,A,3,D,"(2, 6, 9)",I,D,F#,D,1160.875,562.0
9288,A,A,3,D,"(2, 6, 9)",I,D,F#,D,1161.0,562.0
9289,A,A,3,D,"(2, 6, 9)",I,D,F#,D,1161.125,562.0
9290,A,A,4,D,"(2, 6, 9)",I,D,F#,D,1161.25,562.0
9291,A,A,4,D,"(2, 6, 9)",I,D,F#,D,1161.375,562.0
9292,A,A,4,D,"(2, 6, 9)",I,D,F#,D,1161.5,562.0
9293,A,A,4,D,"(2, 6, 9)",I,D,F#,D,1161.625,562.0
9294,A,A,4,D,"(2, 6, 9)",I,D,F#,D,1161.75,562.0
9295,A,A,4,D,"(2, 6, 9)",I,D,F#,D,1161.875,562.0
9296,A,A,4,D,"(2, 6, 9)",I,D,F#,D,1162.0,562.0
9297,A,A,4,D,"(2, 6, 9)",I,D,F#,D,1162.125,562.0
9298,F#,A,0,D,"(2, 6, 9)",I,D,D,D,1162.25,563.0
9299,F#,A,1,D,"(2, 6, 9)",I,D,D,D,1162.375,563.0
9300,F#,A,2,D,"(2, 6, 9)",I,D,D,D,1162.5,563.0
9301,F#,A,2,D,"(2, 6, 9)",I,D,D,D,1162.625,563.0
9302,F#,A,3,D,"(2, 6, 9)",I,D,D,D,1162.75,563.0
9303,F#,A,3,D,"(2, 6, 9)",I,D,D,D,1162.875,563.0
9304,F#,A,3,D,"(2, 6, 9)",I,D,D,D,1163.0,563.0
9305,F#,A,3,D,"(2, 6, 9)",I,D,D,D,1163.125,563.0
9306,F#,A,4,D,"(2, 6, 9)",I,D,D,D,1163.25,563.0
9307,F#,A,4,D,"(2, 6, 9)",I,D,D,D,1163.375,563.0
9308,F#,A,4,D,"(2, 6, 9)",I,D,D,D,1163.5,563.0
9309,F#,A,4,D,"(2, 6, 9)",I,D,D,D,1163.625,563.0
9310,F#,A,4,D,"(2, 6, 9)",I,D,F#,D,1163.75,563.0
9311,F#,A,4,D,"(2, 6, 9)",I,D,F#,D,1163.875,563.0
9312,F#,A,4,D,"(2, 6, 9)",I,D,F#,D,1164.0,563.0
9313,F#,A,4,D,"(2, 6, 9)",I,D,F#,D,1164.125,563.0
9314,A,A,0,D,"(2, 6, 9)",I,A,F#,D,1164.25,564.0
9315,A,A,1,D,"(2, 6, 9)",I,A,F#,D,1164.375,564.0
9316,A,A,2,D,"(2, 6, 9)",I,A,F#,D,1164.5,564.0
9317,A,A,2,D,"(2, 6, 9)",I,A,F#,D,1164.625,564.0
9318,A,A,3,D,"(2, 6, 9)",I,A,F#,D,1164.75,564.0
9319,A,A,3,D,"(2, 6, 9)",I,A,F#,D,1164.875,564.0
9320,A,A,3,D,"(2, 6, 9)",I,A,F#,D,1165.0,564.0
9321,A,A,3,D,"(2, 6, 9)",I,A,F#,D,1165.125,564.0
9322,A,A,4,D,"(2, 6, 9)",I,A,F#,D,1165.25,564.0
9323,A,A,4,D,"(2, 6, 9)",I,A,F#,D,1165.375,564.0
9324,A,A,4,D,"(2, 6, 9)",I,A,F#,D,1165.5,564.0
9325,A,A,4,D,"(2, 6, 9)",I,A,F#,D,1165.625,564.0
9326,A,A,4,D,"(2, 6, 9)",I,A,F#,D,1165.75,564.0
9327,A,A,4,D,"(2, 6, 9)",I,A,F#,D,1165.875,564.0
9328,A,A,4,D,"(2, 6, 9)",I,A,F#,D,1166.0,564.0
9329,A,A,4,D,"(2, 6, 9)",I,A,F#,D,1166.125,564.0
9330,A,D,0,D,"(2, 6, 9)",I,D,F#,D,1166.25,565.0
9331,A,D,1,D,"(2, 6, 9)",I,D,F#,D,1166.375,565.0
9332,A,D,2,D,"(2, 6, 9)",I,D,F#,D,1166.5,565.0
9333,A,D,2,D,"(2, 6, 9)",I,D,F#,D,1166.625,565.0
9334,A,D,3,D,"(2, 6, 9)",I,D,F#,D,1166.75,565.0
9335,A,D,3,D,"(2, 6, 9)",I,D,F#,D,1166.875,565.0
9336,A,D,3,D,"(2, 6, 9)",I,D,F#,D,1167.0,565.0
9337,A,D,3,D,"(2, 6, 9)",I,D,F#,D,1167.125,565.0
9338,A,D,4,D,"(2, 6, 9)",I,D,F#,D,1167.25,565.0
9339,A,D,4,D,"(2, 6, 9)",I,D,F#,D,1167.375,565.0
9340,A,D,4,D,"(2, 6, 9)",I,D,F#,D,1167.5,565.0
9341,A,D,4,D,"(2, 6, 9)",I,D,F#,D,1167.625,565.0
9342,A,D,4,D,"(2, 6, 9)",I,D,F#,D,1167.75,565.0
9343,A,D,4,D,"(2, 6, 9)",I,D,F#,D,1167.875,565.0
9344,A,D,4,D,"(2, 6, 9)",I,D,F#,D,1168.0,565.0
9345,A,D,4,D,"(2, 6, 9)",I,D,F#,D,1168.125,565.0
9346,A,D,0,D,"(2, 6, 9)",I,D,F#,D,1168.25,566.0
9347,A,D,1,D,"(2, 6, 9)",I,D,F#,D,1168.375,566.0
9348,A,D,2,D,"(2, 6, 9)",I,D,F#,D,1168.5,566.0
9349,A,D,2,D,"(2, 6, 9)",I,D,F#,D,1168.625,566.0
9350,A,D,3,D,"(2, 6, 9)",I,D,F#,D,1168.75,566.0
9351,A,D,3,D,"(2, 6, 9)",I,D,F#,D,1168.875,566.0
9352,A,D,3,D,"(2, 6, 9)",I,D,F#,D,1169.0,566.0
9353,A,D,3,D,"(2, 6, 9)",I,D,F#,D,1169.125,566.0
9354,A,D,4,D,"(2, 6, 9)",I,D,F#,D,1169.25,566.0
9355,A,D,4,D,"(2, 6, 9)",I,D,F#,D,1169.375,566.0
9356,A,D,4,D,"(2, 6, 9)",I,D,F#,D,1169.5,566.0
9357,A,D,4,D,"(2, 6, 9)",I,D,F#,D,1169.625,566.0
9358,A,D,4,D,"(2, 6, 9)",I,D,F#,D,1169.75,566.0
9359,A,D,4,D,"(2, 6, 9)",I,D,F#,D,1169.875,566.0
9360,A,D,4,D,"(2, 6, 9)",I,D,F#,D,1170.0,566.0
9361,A,D,4,D,"(2, 6, 9)",I,D,F#,D,1170.125,566.0
9362,A,D,0,D,"(2, 6, 9)",I,D,F#,D,1170.25,567.0
9363,A,D,1,D,"(2, 6, 9)",I,D,F#,D,1170.375,567.0
9364,A,D,2,D,"(2, 6, 9)",I,D,F#,D,1170.5,567.0
9365,A,D,2,D,"(2, 6, 9)",I,D,F#,D,1170.625,567.0
9366,A,D,3,D,"(2, 6, 9)",I,D,F#,D,1170.75,567.0
9367,A,D,3,D,"(2, 6, 9)",I,D,F#,D,1170.875,567.0
9368,A,D,3,D,"(2, 6, 9)",I,D,F#,D,1171.0,567.0
9369,A,D,3,D,"(2, 6, 9)",I,D,F#,D,1171.125,567.0
9370,A,D,4,D,"(2, 6, 9)",I,D,F#,D,1171.25,567.0
9371,A,D,4,D,"(2, 6, 9)",I,D,F#,D,1171.375,567.0
9372,A,D,4,D,"(2, 6, 9)",I,D,F#,D,1171.5,567.0
9373,A,D,4,D,"(2, 6, 9)",I,D,F#,D,1171.625,567.0
9374,A,D,4,D,"(2, 6, 9)",I,D,F#,D,1171.75,567.0
9375,A,D,4,D,"(2, 6, 9)",I,D,F#,D,1171.875,567.0
9376,A,D,4,D,"(2, 6, 9)",I,D,F#,D,1172.0,567.0
9377,A,D,4,D,"(2, 6, 9)",I,D,F#,D,1172.125,567.0
9378,A,D,0,D,"(2, 6, 9)",I,D,F#,D,1172.25,568.0
9379,A,D,1,D,"(2, 6, 9)",I,D,F#,D,1172.375,568.0
9380,A,D,2,D,"(2, 6, 9)",I,D,F#,D,1172.5,568.0
9381,A,D,2,D,"(2, 6, 9)",I,D,F#,D,1172.625,568.0
9382,A,D,3,D,"(2, 6, 9)",I,D,F#,D,1172.75,568.0
9383,A,D,3,D,"(2, 6, 9)",I,D,F#,D,1172.875,568.0
9384,A,D,3,D,"(2, 6, 9)",I,D,F#,D,1173.0,568.0
9385,A,D,3,D,"(2, 6, 9)",I,D,F#,D,1173.125,568.0
9386,A,D,4,D,"(2, 6, 9)",I,D,F#,D,1173.25,568.0
9387,A,D,4,D,"(2, 6, 9)",I,D,F#,D,1173.375,568.0
9388,A,D,4,D,"(2, 6, 9)",I,D,F#,D,1173.5,568.0
9389,A,D,4,D,"(2, 6, 9)",I,D,F#,D,1173.625,568.0
9390,A,D,4,D,"(2, 6, 9)",I,D,F#,D,1173.75,568.0
9391,A,D,4,D,"(2, 6, 9)",I,D,F#,D,1173.875,568.0
9392,A,D,4,D,"(2, 6, 9)",I,D,F#,D,1174.0,568.0
9393,A,D,4,D,"(2, 6, 9)",I,D,F#,D,1174.125,568.0
9394,A,D,0,D,"(2, 6, 9)",I,D,F#,D,1174.25,569.0
9395,A,D,1,D,"(2, 6, 9)",I,D,F#,D,1174.375,569.0
9396,A,D,2,D,"(2, 6, 9)",I,D,F#,D,1174.5,569.0
9397,A,D,2,D,"(2, 6, 9)",I,D,F#,D,1174.625,569.0
9398,A,D,3,D,"(2, 6, 9)",I,D,F#,D,1174.75,569.0
9399,A,D,3,D,"(2, 6, 9)",I,D,F#,D,1174.875,569.0
9400,A,D,3,D,"(2, 6, 9)",I,D,F#,D,1175.0,569.0
9401,A,D,3,D,"(2, 6, 9)",I,D,F#,D,1175.125,569.0
9402,A,D,4,D,"(2, 6, 9)",I,D,F#,D,1175.25,569.0
9403,A,D,4,D,"(2, 6, 9)",I,D,F#,D,1175.375,569.0
9404,A,D,4,D,"(2, 6, 9)",I,D,F#,D,1175.5,569.0
9405,A,D,4,D,"(2, 6, 9)",I,D,F#,D,1175.625,569.0
9406,A,D,4,D,"(2, 6, 9)",I,D,F#,D,1175.75,569.0
9407,A,D,4,D,"(2, 6, 9)",I,D,F#,D,1175.875,569.0
9408,A,D,4,D,"(2, 6, 9)",I,D,F#,D,1176.0,569.0
9409,A,D,4,D,"(2, 6, 9)",I,D,F#,D,1176.125,569.0
9410,A,D,0,D,"(2, 6, 9)",I,D,F#,D,1176.25,570.0
9411,A,D,1,D,"(2, 6, 9)",I,D,F#,D,1176.375,570.0
9412,A,D,2,D,"(2, 6, 9)",I,D,F#,D,1176.5,570.0
9413,A,D,2,D,"(2, 6, 9)",I,D,F#,D,1176.625,570.0
9414,A,D,3,D,"(2, 6, 9)",I,D,F#,D,1176.75,570.0
9415,A,D,3,D,"(2, 6, 9)",I,D,F#,D,1176.875,570.0
9416,A,D,3,D,"(2, 6, 9)",I,D,F#,D,1177.0,570.0
9417,A,D,3,D,"(2, 6, 9)",I,D,F#,D,1177.125,570.0
9418,A,D,4,D,"(2, 6, 9)",I,D,F#,D,1177.25,570.0
9419,A,D,4,D,"(2, 6, 9)",I,D,F#,D,1177.375,570.0
9420,A,D,4,D,"(2, 6, 9)",I,D,F#,D,1177.5,570.0
9421,A,D,4,D,"(2, 6, 9)",I,D,F#,D,1177.625,570.0
9422,A,D,4,D,"(2, 6, 9)",I,D,F#,D,1177.75,570.0
9423,A,D,4,D,"(2, 6, 9)",I,D,F#,D,1177.875,570.0
9424,A,D,4,D,"(2, 6, 9)",I,D,F#,D,1178.0,570.0
9425,A,D,4,D,"(2, 6, 9)",I,D,F#,D,1178.125,570.0
9426,A,D,3,D,"(2, 6, 9)",I,D,F#,D,1178.25,571.0
9427,A,D,3,D,"(2, 6, 9)",I,D,F#,D,1178.375,571.0
9428,A,D,2,D,"(2, 6, 9)",I,D,F#,D,1178.5,571.0
9429,A,D,2,D,"(2, 6, 9)",I,D,F#,D,1178.625,571.0
9430,A,D,3,D,"(2, 6, 9)",I,D,F#,D,1178.75,571.0
9431,A,D,3,D,"(2, 6, 9)",I,D,F#,D,1178.875,571.0
9432,A,D,3,D,"(2, 6, 9)",I,D,F#,D,1179.0,571.0
9433,A,D,3,D,"(2, 6, 9)",I,D,F#,D,1179.125,571.0
9434,A,D,4,D,"(2, 6, 9)",I,D,F#,D,1179.25,571.0
9435,A,D,4,D,"(2, 6, 9)",I,D,F#,D,1179.375,571.0
9436,A,D,4,D,"(2, 6, 9)",I,D,F#,D,1179.5,571.0
9437,A,D,4,D,"(2, 6, 9)",I,D,F#,D,1179.625,571.0
9438,A,D,4,D,"(2, 6, 9)",I,D,F#,D,1179.75,571.0
9439,A,D,4,D,"(2, 6, 9)",I,D,F#,D,1179.875,571.0
9440,A,D,4,D,"(2, 6, 9)",I,D,F#,D,1180.0,571.0
9441,A,D,4,D,"(2, 6, 9)",I,D,F#,D,1180.125,571.0
9442,A,D,0,D,"(2, 6, 9)",I,D,F#,D,1180.25,572.0
9443,A,D,1,D,"(2, 6, 9)",I,D,F#,D,1180.375,572.0
9444,A,D,2,D,"(2, 6, 9)",I,D,F#,D,1180.5,572.0
9445,A,D,2,D,"(2, 6, 9)",I,D,F#,D,1180.625,572.0
9446,A,D,3,D,"(2, 6, 9)",I,D,F#,D,1180.75,572.0
9447,A,D,3,D,"(2, 6, 9)",I,D,F#,D,1180.875,572.0
9448,A,D,3,D,"(2, 6, 9)",I,D,F#,D,1181.0,572.0
9449,A,D,3,D,"(2, 6, 9)",I,D,F#,D,1181.125,572.0
9450,A,D,4,D,"(2, 6, 9)",I,D,F#,D,1181.25,572.0
9451,A,D,4,D,"(2, 6, 9)",I,D,F#,D,1181.375,572.0
9452,A,D,4,D,"(2, 6, 9)",I,D,F#,D,1181.5,572.0
9453,A,D,4,D,"(2, 6, 9)",I,D,F#,D,1181.625,572.0
9454,A,D,4,D,"(2, 6, 9)",I,D,F#,D,1181.75,572.0
9455,A,D,4,D,"(2, 6, 9)",I,D,F#,D,1181.875,572.0
9456,A,D,4,D,"(2, 6, 9)",I,D,F#,D,1182.0,572.0
9457,A,D,4,D,"(2, 6, 9)",I,D,F#,D,1182.125,572.0
9458,A,D,0,D,"(2, 6, 9)",I,D,F#,D,1182.25,573.0
9459,A,D,1,D,"(2, 6, 9)",I,D,F#,D,1182.375,573.0
9460,A,D,2,D,"(2, 6, 9)",I,D,F#,D,1182.5,573.0
9461,A,D,2,D,"(2, 6, 9)",I,D,F#,D,1182.625,573.0
9462,A,D,3,D,"(2, 6, 9)",I,D,F#,D,1182.75,573.0
9463,A,D,3,D,"(2, 6, 9)",I,D,F#,D,1182.875,573.0
9464,A,D,3,D,"(2, 6, 9)",I,D,F#,D,1183.0,573.0
9465,A,D,3,D,"(2, 6, 9)",I,D,F#,D,1183.125,573.0
9466,A,D,4,D,"(2, 6, 9)",I,D,F#,D,1183.25,573.0
9467,A,D,4,D,"(2, 6, 9)",I,D,F#,D,1183.375,573.0
9468,A,D,4,D,"(2, 6, 9)",I,D,F#,D,1183.5,573.0
9469,A,D,4,D,"(2, 6, 9)",I,D,F#,D,1183.625,573.0
9470,A,D,4,D,"(2, 6, 9)",I,D,F#,D,1183.75,573.0
9471,A,D,4,D,"(2, 6, 9)",I,D,F#,D,1183.875,573.0
9472,A,D,4,D,"(2, 6, 9)",I,D,F#,D,1184.0,573.0
9473,A,D,4,D,"(2, 6, 9)",I,D,F#,D,1184.125,573.0
9474,A,D,6,D,"(2, 6, 9)",I,D,F#,D,1184.25,574.0
9475,A,D,6,D,"(2, 6, 9)",I,D,F#,D,1184.375,574.0
9476,A,D,2,D,"(2, 6, 9)",I,D,F#,D,1184.5,574.0
9477,A,D,2,D,"(2, 6, 9)",I,D,F#,D,1184.625,574.0
9478,A,D,3,D,"(2, 6, 9)",I,D,F#,D,1184.75,574.0
9479,A,D,3,D,"(2, 6, 9)",I,D,F#,D,1184.875,574.0
9480,A,D,3,D,"(2, 6, 9)",I,D,F#,D,1185.0,574.0
9481,A,D,3,D,"(2, 6, 9)",I,D,F#,D,1185.125,574.0
9482,A,D,4,D,"(2, 6, 9)",I,D,F#,D,1185.25,574.0
9483,A,D,4,D,"(2, 6, 9)",I,D,F#,D,1185.375,574.0
9484,A,D,4,D,"(2, 6, 9)",I,D,F#,D,1185.5,574.0
9485,A,D,4,D,"(2, 6, 9)",I,D,F#,D,1185.625,574.0
9486,A,D,4,D,"(2, 6, 9)",I,D,F#,D,1185.75,574.0
9487,A,D,4,D,"(2, 6, 9)",I,D,F#,D,1185.875,574.0
9488,A,D,4,D,"(2, 6, 9)",I,D,F#,D,1186.0,574.0
9489,A,D,4,D,"(2, 6, 9)",I,D,F#,D,1186.125,574.0
9490,A,D,0,D,"(2, 6, 9)",I,D,F#,D,1186.25,575.0
9491,A,D,1,D,"(2, 6, 9)",I,D,F#,D,1186.375,575.0
9492,A,D,2,D,"(2, 6, 9)",I,D,F#,D,1186.5,575.0
9493,A,D,2,D,"(2, 6, 9)",I,D,F#,D,1186.625,575.0
9494,A,D,3,D,"(2, 6, 9)",I,D,F#,D,1186.75,575.0
9495,A,D,3,D,"(2, 6, 9)",I,D,F#,D,1186.875,575.0
9496,A,D,3,D,"(2, 6, 9)",I,D,F#,D,1187.0,575.0
9497,A,D,3,D,"(2, 6, 9)",I,D,F#,D,1187.125,575.0
9498,A,D,4,D,"(2, 6, 9)",I,D,F#,D,1187.25,575.0
9499,A,D,4,D,"(2, 6, 9)",I,D,F#,D,1187.375,575.0
9500,A,D,4,D,"(2, 6, 9)",I,D,F#,D,1187.5,575.0
9501,A,D,4,D,"(2, 6, 9)",I,D,F#,D,1187.625,575.0
9502,A,D,4,D,"(2, 6, 9)",I,D,F#,D,1187.75,575.0
9503,A,D,4,D,"(2, 6, 9)",I,D,F#,D,1187.875,575.0
9504,A,D,4,D,"(2, 6, 9)",I,D,F#,D,1188.0,575.0
9505,A,D,4,D,"(2, 6, 9)",I,D,F#,D,1188.125,575.0
9506,A,D,6,D,"(2, 6, 9)",I,D,F#,D,1188.25,576.0
9507,A,D,6,D,"(2, 6, 9)",I,D,F#,D,1188.375,576.0
9508,A,D,2,D,"(2, 6, 9)",I,D,F#,D,1188.5,576.0
9509,A,D,2,D,"(2, 6, 9)",I,D,F#,D,1188.625,576.0
9510,A,D,3,D,"(2, 6, 9)",I,D,F#,D,1188.75,576.0
9511,A,D,3,D,"(2, 6, 9)",I,D,F#,D,1188.875,576.0
9512,A,D,3,D,"(2, 6, 9)",I,D,F#,D,1189.0,576.0
9513,A,D,3,D,"(2, 6, 9)",I,D,F#,D,1189.125,576.0
9514,A,D,4,D,"(2, 6, 9)",I,D,F#,D,1189.25,576.0
9515,A,D,4,D,"(2, 6, 9)",I,D,F#,D,1189.375,576.0
9516,A,D,4,D,"(2, 6, 9)",I,D,F#,D,1189.5,576.0
9517,A,D,4,D,"(2, 6, 9)",I,D,F#,D,1189.625,576.0
9518,A,D,4,D,"(2, 6, 9)",I,D,F#,D,1189.75,576.0
9519,A,D,4,D,"(2, 6, 9)",I,D,F#,D,1189.875,576.0
9520,A,D,4,D,"(2, 6, 9)",I,D,F#,D,1190.0,576.0
9521,A,D,4,D,"(2, 6, 9)",I,D,F#,D,1190.125,576.0
9522,A,D,6,D,"(2, 6, 9)",I,D,F#,D,1190.25,577.0
9523,A,D,6,D,"(2, 6, 9)",I,D,F#,D,1190.375,577.0
9524,A,D,6,D,"(2, 6, 9)",I,D,F#,D,1190.5,577.0
9525,A,D,6,D,"(2, 6, 9)",I,D,F#,D,1190.625,577.0
9526,A,D,3,D,"(2, 6, 9)",I,D,F#,D,1190.75,577.0
9527,A,D,3,D,"(2, 6, 9)",I,D,F#,D,1190.875,577.0
9528,A,D,3,D,"(2, 6, 9)",I,D,F#,D,1191.0,577.0
9529,A,D,3,D,"(2, 6, 9)",I,D,F#,D,1191.125,577.0
9530,A,D,4,D,"(2, 6, 9)",I,D,F#,D,1191.25,577.0
9531,A,D,4,D,"(2, 6, 9)",I,D,F#,D,1191.375,577.0
9532,A,D,4,D,"(2, 6, 9)",I,D,F#,D,1191.5,577.0
9533,A,D,4,D,"(2, 6, 9)",I,D,F#,D,1191.625,577.0
9534,A,D,4,D,"(2, 6, 9)",I,D,F#,D,1191.75,577.0
9535,A,D,4,D,"(2, 6, 9)",I,D,F#,D,1191.875,577.0
9536,A,D,4,D,"(2, 6, 9)",I,D,F#,D,1192.0,577.0
9537,A,D,4,D,"(2, 6, 9)",I,D,F#,D,1192.125,577.0
9538,A,D,6,D,"(2, 6, 9)",I,D,F#,D,1192.25,578.0
9539,A,D,6,D,"(2, 6, 9)",I,D,F#,D,1192.375,578.0
9540,A,D,6,D,"(2, 6, 9)",I,D,F#,D,1192.5,578.0
9541,A,D,6,D,"(2, 6, 9)",I,D,F#,D,1192.625,578.0
9542,A,D,6,D,"(2, 6, 9)",I,D,F#,D,1192.75,578.0
9543,A,D,6,D,"(2, 6, 9)",I,D,F#,D,1192.875,578.0
9544,A,D,3,D,"(2, 6, 9)",I,D,F#,D,1193.0,578.0
9545,A,D,3,D,"(2, 6, 9)",I,D,F#,D,1193.125,578.0
9546,A,D,4,D,"(2, 6, 9)",I,D,F#,D,1193.25,578.0
9547,A,D,4,D,"(2, 6, 9)",I,D,F#,D,1193.375,578.0
9548,A,D,4,D,"(2, 6, 9)",I,D,F#,D,1193.5,578.0
9549,A,D,4,D,"(2, 6, 9)",I,D,F#,D,1193.625,578.0
9550,A,D,4,D,"(2, 6, 9)",I,D,F#,D,1193.75,578.0
9551,A,D,4,D,"(2, 6, 9)",I,D,F#,D,1193.875,578.0
9552,A,D,4,D,"(2, 6, 9)",I,D,F#,D,1194.0,578.0
9553,A,D,4,D,"(2, 6, 9)",I,D,F#,D,1194.125,578.0
9554,A,D,6,D,"(2, 6, 9)",I,D,F#,D,1194.25,579.0
9555,A,D,6,D,"(2, 6, 9)",I,D,F#,D,1194.375,579.0
9556,A,D,6,D,"(2, 6, 9)",I,D,F#,D,1194.5,579.0
9557,A,D,6,D,"(2, 6, 9)",I,D,F#,D,1194.625,579.0
9558,A,D,3,D,"(2, 6, 9)",I,D,F#,D,1194.75,579.0
9559,A,D,3,D,"(2, 6, 9)",I,D,F#,D,1194.875,579.0
9560,A,D,3,D,"(2, 6, 9)",I,D,F#,D,1195.0,579.0
9561,A,D,3,D,"(2, 6, 9)",I,D,F#,D,1195.125,579.0
9562,A,D,4,D,"(2, 6, 9)",I,D,F#,D,1195.25,579.0
9563,A,D,4,D,"(2, 6, 9)",I,D,F#,D,1195.375,579.0
9564,A,D,4,D,"(2, 6, 9)",I,D,F#,D,1195.5,579.0
9565,A,D,4,D,"(2, 6, 9)",I,D,F#,D,1195.625,579.0
9566,A,D,4,D,"(2, 6, 9)",I,D,F#,D,1195.75,579.0
9567,A,D,4,D,"(2, 6, 9)",I,D,F#,D,1195.875,579.0
9568,A,D,4,D,"(2, 6, 9)",I,D,F#,D,1196.0,579.0
9569,A,D,4,D,"(2, 6, 9)",I,D,F#,D,1196.125,579.0
9570,A,D,0,D,"(2, 6, 9)",I,D,F#,D,1196.25,580.0
9571,A,D,1,D,"(2, 6, 9)",I,D,F#,D,1196.375,580.0
9572,A,D,2,D,"(2, 6, 9)",I,D,F#,D,1196.5,580.0
9573,A,D,2,D,"(2, 6, 9)",I,D,F#,D,1196.625,580.0
9574,A,D,3,D,"(2, 6, 9)",I,D,F#,D,1196.75,580.0
9575,A,D,3,D,"(2, 6, 9)",I,D,F#,D,1196.875,580.0
9576,A,D,3,D,"(2, 6, 9)",I,D,F#,D,1197.0,580.0
9577,A,D,3,D,"(2, 6, 9)",I,D,F#,D,1197.125,580.0
9578,A,D,4,D,"(2, 6, 9)",I,D,F#,D,1197.25,580.0
9579,A,D,4,D,"(2, 6, 9)",I,D,F#,D,1197.375,580.0
9580,A,D,4,D,"(2, 6, 9)",I,D,F#,D,1197.5,580.0
9581,A,D,4,D,"(2, 6, 9)",I,D,F#,D,1197.625,580.0
9582,A,D,4,D,"(2, 6, 9)",I,D,F#,D,1197.75,580.0
9583,A,D,4,D,"(2, 6, 9)",I,D,F#,D,1197.875,580.0
9584,A,D,4,D,"(2, 6, 9)",I,D,F#,D,1198.0,580.0
9585,A,D,4,D,"(2, 6, 9)",I,D,F#,D,1198.125,580.0
9586,A,D,0,D,"(2, 6, 9)",I,D,F#,D,1198.25,581.0
9587,A,D,1,D,"(2, 6, 9)",I,D,F#,D,1198.375,581.0
9588,A,D,2,D,"(2, 6, 9)",I,D,F#,D,1198.5,581.0
9589,A,D,2,D,"(2, 6, 9)",I,D,F#,D,1198.625,581.0
9590,A,D,3,D,"(2, 6, 9)",I,D,F#,D,1198.75,581.0
9591,A,D,3,D,"(2, 6, 9)",I,D,F#,D,1198.875,581.0
9592,A,D,3,D,"(2, 6, 9)",I,D,F#,D,1199.0,581.0
9593,A,D,3,D,"(2, 6, 9)",I,D,F#,D,1199.125,581.0
9594,A,D,4,D,"(2, 6, 9)",I,D,F#,D,1199.25,581.0
9595,A,D,4,D,"(2, 6, 9)",I,D,F#,D,1199.375,581.0
9596,A,D,4,D,"(2, 6, 9)",I,D,F#,D,1199.5,581.0
9597,A,D,4,D,"(2, 6, 9)",I,D,F#,D,1199.625,581.0
9598,A,D,4,D,"(2, 6, 9)",I,D,F#,D,1199.75,581.0
9599,A,D,4,D,"(2, 6, 9)",I,D,F#,D,1199.875,581.0
9600,A,D,4,D,"(2, 6, 9)",I,D,F#,D,1200.0,581.0
9601,A,D,4,D,"(2, 6, 9)",I,D,F#,D,1200.125,581.0
9602,A,D,0,D,"(2, 6, 9)",I,D,F#,D,1200.25,582.0
9603,A,D,1,D,"(2, 6, 9)",I,D,F#,D,1200.375,582.0
9604,A,D,2,D,"(2, 6, 9)",I,D,F#,D,1200.5,582.0
9605,A,D,2,D,"(2, 6, 9)",I,D,F#,D,1200.625,582.0
9606,A,D,3,D,"(2, 6, 9)",I,D,F#,D,1200.75,582.0
9607,A,D,3,D,"(2, 6, 9)",I,D,F#,D,1200.875,582.0
9608,A,D,3,D,"(2, 6, 9)",I,D,F#,D,1201.0,582.0
9609,A,D,3,D,"(2, 6, 9)",I,D,F#,D,1201.125,582.0
9610,A,D,4,D,"(2, 6, 9)",I,D,F#,D,1201.25,582.0
9611,A,D,4,D,"(2, 6, 9)",I,D,F#,D,1201.375,582.0
9612,A,D,4,D,"(2, 6, 9)",I,D,F#,D,1201.5,582.0
9613,A,D,4,D,"(2, 6, 9)",I,D,F#,D,1201.625,582.0
9614,A,D,4,D,"(2, 6, 9)",I,D,F#,D,1201.75,582.0
9615,A,D,4,D,"(2, 6, 9)",I,D,F#,D,1201.875,582.0
9616,A,D,4,D,"(2, 6, 9)",I,D,F#,D,1202.0,582.0
9617,A,D,4,D,"(2, 6, 9)",I,D,F#,D,1202.125,582.0
9618,A,D,0,D,"(2, 6, 9)",I,D,F#,D,1202.25,583.0
9619,A,D,1,D,"(2, 6, 9)",I,D,F#,D,1202.375,583.0
9620,A,D,2,D,"(2, 6, 9)",I,D,F#,D,1202.5,583.0
9621,A,D,2,D,"(2, 6, 9)",I,D,F#,D,1202.625,583.0
9622,A,D,3,D,"(2, 6, 9)",I,D,F#,D,1202.75,583.0
9623,A,D,3,D,"(2, 6, 9)",I,D,F#,D,1202.875,583.0
9624,A,D,3,D,"(2, 6, 9)",I,D,F#,D,1203.0,583.0
9625,A,D,3,D,"(2, 6, 9)",I,D,F#,D,1203.125,583.0
9626,A,D,4,D,"(2, 6, 9)",I,D,F#,D,1203.25,583.0
9627,A,D,4,D,"(2, 6, 9)",I,D,F#,D,1203.375,583.0
9628,A,D,4,D,"(2, 6, 9)",I,D,F#,D,1203.5,583.0
9629,A,D,4,D,"(2, 6, 9)",I,D,F#,D,1203.625,583.0
9630,A,D,4,D,"(2, 6, 9)",I,D,F#,D,1203.75,583.0
9631,A,D,4,D,"(2, 6, 9)",I,D,F#,D,1203.875,583.0
9632,A,D,4,D,"(2, 6, 9)",I,D,F#,D,1204.0,583.0
9633,A,D,4,D,"(2, 6, 9)",I,D,F#,D,1204.125,583.0
9634,A,D,0,D,"(2, 6, 9)",I,D,F#,D,1204.25,584.0
9635,A,D,1,D,"(2, 6, 9)",I,D,F#,D,1204.375,584.0
9636,A,D,2,D,"(2, 6, 9)",I,D,F#,D,1204.5,584.0
9637,A,D,2,D,"(2, 6, 9)",I,D,F#,D,1204.625,584.0
9638,A,D,3,D,"(2, 6, 9)",I,D,F#,D,1204.75,584.0
9639,A,D,3,D,"(2, 6, 9)",I,D,F#,D,1204.875,584.0
9640,A,D,3,D,"(2, 6, 9)",I,D,F#,D,1205.0,584.0
9641,A,D,3,D,"(2, 6, 9)",I,D,F#,D,1205.125,584.0
9642,A,D,4,D,"(2, 6, 9)",I,D,F#,D,1205.25,584.0
9643,A,D,4,D,"(2, 6, 9)",I,D,F#,D,1205.375,584.0
9644,A,D,4,D,"(2, 6, 9)",I,D,F#,D,1205.5,584.0
9645,A,D,4,D,"(2, 6, 9)",I,D,F#,D,1205.625,584.0
9646,A,D,4,D,"(2, 6, 9)",I,D,F#,D,1205.75,584.0
9647,A,D,4,D,"(2, 6, 9)",I,D,F#,D,1205.875,584.0
9648,A,D,4,D,"(2, 6, 9)",I,D,F#,D,1206.0,584.0
9649,A,D,4,D,"(2, 6, 9)",I,D,F#,D,1206.125,584.0
9650,A,D,0,D,"(2, 6, 9)",I,D,F#,D,1206.25,585.0
9651,A,D,1,D,"(2, 6, 9)",I,D,F#,D,1206.375,585.0
9652,A,D,6,D,"(2, 6, 9)",I,D,F#,D,1206.5,585.0
9653,A,D,6,D,"(2, 6, 9)",I,D,F#,D,1206.625,585.0
9654,A,D,3,D,"(2, 6, 9)",I,D,F#,D,1206.75,585.0
9655,A,D,3,D,"(2, 6, 9)",I,D,F#,D,1206.875,585.0
9656,A,D,3,D,"(2, 6, 9)",I,D,F#,D,1207.0,585.0
9657,A,D,3,D,"(2, 6, 9)",I,D,F#,D,1207.125,585.0
9658,A,D,4,D,"(2, 6, 9)",I,D,F#,D,1207.25,585.0
9659,A,D,4,D,"(2, 6, 9)",I,D,F#,D,1207.375,585.0
9660,A,D,4,D,"(2, 6, 9)",I,D,F#,D,1207.5,585.0
9661,A,D,4,D,"(2, 6, 9)",I,D,F#,D,1207.625,585.0
9662,A,D,4,D,"(2, 6, 9)",I,D,F#,D,1207.75,585.0
9663,A,D,4,D,"(2, 6, 9)",I,D,F#,D,1207.875,585.0
9664,A,D,4,D,"(2, 6, 9)",I,D,F#,D,1208.0,585.0
9665,A,D,4,D,"(2, 6, 9)",I,D,F#,D,1208.125,585.0
9666,C--,C--,6,A,"(0, 1, 5, 8)",Cad,C--,C--,A,,
9667,C--,C--,6,A,"(0, 1, 5, 8)",Cad,C--,C--,A,,
9668,C--,C--,6,A,"(0, 1, 5, 8)",Cad,C--,C--,A,,
9669,C--,C--,6,A,"(0, 1, 5, 8)",Cad,C--,C--,A,,
9670,C--,C--,6,A,"(0, 1, 5, 8)",Cad,C--,C--,A,,
9671,C--,C--,6,A,"(0, 1, 5, 8)",Cad,C--,C--,A,,
9672,C--,C--,6,A,"(0, 1, 5, 8)",Cad,C--,C--,A,,
9673,C--,C--,6,A,"(0, 1, 5, 8)",Cad,C--,C--,A,,
9674,C--,C--,6,A,"(0, 1, 5, 8)",Cad,C--,C--,A,,
9675,C--,C--,6,A,"(0, 1, 5, 8)",Cad,C--,C--,A,,
9676,C--,C--,6,A,"(0, 1, 5, 8)",Cad,C--,C--,A,,
9677,C--,C--,6,A,"(0, 1, 5, 8)",Cad,C--,C--,A,,
9678,C--,C--,6,A,"(0, 1, 5, 8)",Cad,C--,C--,A,,
9679,C--,C--,6,A,"(0, 1, 5, 8)",Cad,C--,C--,A,,
9680,C--,C--,6,A,"(0, 1, 5, 8)",Cad,C--,C--,A,,
9681,C--,C--,6,A,"(0, 1, 5, 8)",Cad,C--,C--,A,,
9682,C--,C--,6,A,"(0, 1, 5, 8)",Cad,C--,C--,A,,
9683,C--,C--,6,A,"(0, 1, 5, 8)",Cad,C--,C--,A,,
9684,C--,C--,6,A,"(0, 1, 5, 8)",Cad,C--,C--,A,,
9685,C--,C--,6,A,"(0, 1, 5, 8)",Cad,C--,C--,A,,
9686,C--,C--,6,A,"(0, 1, 5, 8)",Cad,C--,C--,A,,
9687,C--,C--,6,A,"(0, 1, 5, 8)",Cad,C--,C--,A,,
9688,C--,C--,6,A,"(0, 1, 5, 8)",Cad,C--,C--,A,,
9689,C--,C--,6,A,"(0, 1, 5, 8)",Cad,C--,C--,A,,
9690,C--,C--,6,A,"(0, 1, 5, 8)",Cad,C--,C--,A,,
9691,C--,C--,6,A,"(0, 1, 5, 8)",Cad,C--,C--,A,,
9692,C--,C--,6,A,"(0, 1, 5, 8)",Cad,C--,C--,A,,
9693,C--,C--,6,A,"(0, 1, 5, 8)",Cad,C--,C--,A,,
9694,C--,C--,6,A,"(0, 1, 5, 8)",Cad,C--,C--,A,,
9695,C--,C--,6,A,"(0, 1, 5, 8)",Cad,C--,C--,A,,
9696,C--,C--,6,A,"(0, 1, 5, 8)",Cad,C--,C--,A,,
9697,C--,C--,6,A,"(0, 1, 5, 8)",Cad,C--,C--,A,,
9698,C--,C--,6,A,"(0, 1, 5, 8)",Cad,C--,C--,A,,
9699,C--,C--,6,A,"(0, 1, 5, 8)",Cad,C--,C--,A,,
9700,C--,C--,6,A,"(0, 1, 5, 8)",Cad,C--,C--,A,,
9701,C--,C--,6,A,"(0, 1, 5, 8)",Cad,C--,C--,A,,
9702,C--,C--,6,A,"(0, 1, 5, 8)",Cad,C--,C--,A,,
9703,C--,C--,6,A,"(0, 1, 5, 8)",Cad,C--,C--,A,,
9704,C--,C--,6,A,"(0, 1, 5, 8)",Cad,C--,C--,A,,
9705,C--,C--,6,A,"(0, 1, 5, 8)",Cad,C--,C--,A,,
9706,C--,C--,6,A,"(0, 1, 5, 8)",Cad,C--,C--,A,,
9707,C--,C--,6,A,"(0, 1, 5, 8)",Cad,C--,C--,A,,
9708,C--,C--,6,A,"(0, 1, 5, 8)",Cad,C--,C--,A,,
9709,C--,C--,6,A,"(0, 1, 5, 8)",Cad,C--,C--,A,,
9710,C--,C--,6,A,"(0, 1, 5, 8)",Cad,C--,C--,A,,
9711,C--,C--,6,A,"(0, 1, 5, 8)",Cad,C--,C--,A,,
9712,C--,C--,6,A,"(0, 1, 5, 8)",Cad,C--,C--,A,,
9713,C--,C--,6,A,"(0, 1, 5, 8)",Cad,C--,C--,A,,
9714,C--,C--,6,A,"(0, 1, 5, 8)",Cad,C--,C--,A,,
9715,C--,C--,6,A,"(0, 1, 5, 8)",Cad,C--,C--,A,,
9716,C--,C--,6,A,"(0, 1, 5, 8)",Cad,C--,C--,A,,
9717,C--,C--,6,A,"(0, 1, 5, 8)",Cad,C--,C--,A,,
9718,C--,C--,6,A,"(0, 1, 5, 8)",Cad,C--,C--,A,,
9719,C--,C--,6,A,"(0, 1, 5, 8)",Cad,C--,C--,A,,
9720,C--,C--,6,A,"(0, 1, 5, 8)",Cad,C--,C--,A,,
9721,C--,C--,6,A,"(0, 1, 5, 8)",Cad,C--,C--,A,,
9722,C--,C--,6,A,"(0, 1, 5, 8)",Cad,C--,C--,A,,
9723,C--,C--,6,A,"(0, 1, 5, 8)",Cad,C--,C--,A,,
9724,C--,C--,6,A,"(0, 1, 5, 8)",Cad,C--,C--,A,,
9725,C--,C--,6,A,"(0, 1, 5, 8)",Cad,C--,C--,A,,
9726,C--,C--,6,A,"(0, 1, 5, 8)",Cad,C--,C--,A,,
9727,C--,C--,6,A,"(0, 1, 5, 8)",Cad,C--,C--,A,,
9728,C--,C--,6,A,"(0, 1, 5, 8)",Cad,C--,C--,A,,
9729,C--,C--,6,A,"(0, 1, 5, 8)",Cad,C--,C--,A,,
9730,C--,C--,6,A,"(0, 1, 5, 8)",Cad,C--,C--,A,,
9731,C--,C--,6,A,"(0, 1, 5, 8)",Cad,C--,C--,A,,
9732,C--,C--,6,A,"(0, 1, 5, 8)",Cad,C--,C--,A,,
9733,C--,C--,6,A,"(0, 1, 5, 8)",Cad,C--,C--,A,,
9734,C--,C--,6,A,"(0, 1, 5, 8)",Cad,C--,C--,A,,
9735,C--,C--,6,A,"(0, 1, 5, 8)",Cad,C--,C--,A,,
9736,C--,C--,6,A,"(0, 1, 5, 8)",Cad,C--,C--,A,,
9737,C--,C--,6,A,"(0, 1, 5, 8)",Cad,C--,C--,A,,
9738,C--,C--,6,A,"(0, 1, 5, 8)",Cad,C--,C--,A,,
9739,C--,C--,6,A,"(0, 1, 5, 8)",Cad,C--,C--,A,,
9740,C--,C--,6,A,"(0, 1, 5, 8)",Cad,C--,C--,A,,
9741,C--,C--,6,A,"(0, 1, 5, 8)",Cad,C--,C--,A,,
9742,C--,C--,6,A,"(0, 1, 5, 8)",Cad,C--,C--,A,,
9743,C--,C--,6,A,"(0, 1, 5, 8)",Cad,C--,C--,A,,
9744,C--,C--,6,A,"(0, 1, 5, 8)",Cad,C--,C--,A,,
9745,C--,C--,6,A,"(0, 1, 5, 8)",Cad,C--,C--,A,,
9746,C--,C--,6,A,"(0, 1, 5, 8)",Cad,C--,C--,A,,
9747,C--,C--,6,A,"(0, 1, 5, 8)",Cad,C--,C--,A,,
9748,C--,C--,6,A,"(0, 1, 5, 8)",Cad,C--,C--,A,,
9749,C--,C--,6,A,"(0, 1, 5, 8)",Cad,C--,C--,A,,
9750,C--,C--,6,A,"(0, 1, 5, 8)",Cad,C--,C--,A,,
9751,C--,C--,6,A,"(0, 1, 5, 8)",Cad,C--,C--,A,,
9752,C--,C--,6,A,"(0, 1, 5, 8)",Cad,C--,C--,A,,
9753,C--,C--,6,A,"(0, 1, 5, 8)",Cad,C--,C--,A,,
9754,C--,C--,6,A,"(0, 1, 5, 8)",Cad,C--,C--,A,,
9755,C--,C--,6,A,"(0, 1, 5, 8)",Cad,C--,C--,A,,
9756,C--,C--,6,A,"(0, 1, 5, 8)",Cad,C--,C--,A,,
9757,C--,C--,6,A,"(0, 1, 5, 8)",Cad,C--,C--,A,,
9758,C--,C--,6,A,"(0, 1, 5, 8)",Cad,C--,C--,A,,
9759,C--,C--,6,A,"(0, 1, 5, 8)",Cad,C--,C--,A,,
9760,C--,C--,6,A,"(0, 1, 5, 8)",Cad,C--,C--,A,,
9761,C--,C--,6,A,"(0, 1, 5, 8)",Cad,C--,C--,A,,
9762,C--,C--,6,A,"(0, 1, 5, 8)",Cad,C--,C--,A,,
9763,C--,C--,6,A,"(0, 1, 5, 8)",Cad,C--,C--,A,,
9764,C--,C--,6,A,"(0, 1, 5, 8)",Cad,C--,C--,A,,
9765,C--,C--,6,A,"(0, 1, 5, 8)",Cad,C--,C--,A,,
9766,C--,C--,6,A,"(0, 1, 5, 8)",Cad,C--,C--,A,,
9767,C--,C--,6,A,"(0, 1, 5, 8)",Cad,C--,C--,A,,
9768,C--,C--,6,A,"(0, 1, 5, 8)",Cad,C--,C--,A,,
9769,C--,C--,6,A,"(0, 1, 5, 8)",Cad,C--,C--,A,,
9770,C--,C--,6,A,"(0, 1, 5, 8)",Cad,C--,C--,A,,
9771,C--,C--,6,A,"(0, 1, 5, 8)",Cad,C--,C--,A,,
9772,C--,C--,6,A,"(0, 1, 5, 8)",Cad,C--,C--,A,,
9773,C--,C--,6,A,"(0, 1, 5, 8)",Cad,C--,C--,A,,
9774,C--,C--,6,A,"(0, 1, 5, 8)",Cad,C--,C--,A,,
9775,C--,C--,6,A,"(0, 1, 5, 8)",Cad,C--,C--,A,,
9776,C--,C--,6,A,"(0, 1, 5, 8)",Cad,C--,C--,A,,
9777,C--,C--,6,A,"(0, 1, 5, 8)",Cad,C--,C--,A,,
9778,C--,C--,6,A,"(0, 1, 5, 8)",Cad,C--,C--,A,,
9779,C--,C--,6,A,"(0, 1, 5, 8)",Cad,C--,C--,A,,
9780,C--,C--,6,A,"(0, 1, 5, 8)",Cad,C--,C--,A,,
9781,C--,C--,6,A,"(0, 1, 5, 8)",Cad,C--,C--,A,,
9782,C--,C--,6,A,"(0, 1, 5, 8)",Cad,C--,C--,A,,
9783,C--,C--,6,A,"(0, 1, 5, 8)",Cad,C--,C--,A,,
9784,C--,C--,6,A,"(0, 1, 5, 8)",Cad,C--,C--,A,,
9785,C--,C--,6,A,"(0, 1, 5, 8)",Cad,C--,C--,A,,
9786,C--,C--,6,A,"(0, 1, 5, 8)",Cad,C--,C--,A,,
9787,C--,C--,6,A,"(0, 1, 5, 8)",Cad,C--,C--,A,,
9788,C--,C--,6,A,"(0, 1, 5, 8)",Cad,C--,C--,A,,
9789,C--,C--,6,A,"(0, 1, 5, 8)",Cad,C--,C--,A,,
9790,C--,C--,6,A,"(0, 1, 5, 8)",Cad,C--,C--,A,,
9791,C--,C--,6,A,"(0, 1, 5, 8)",Cad,C--,C--,A,,
9792,C--,C--,6,A,"(0, 1, 5, 8)",Cad,C--,C--,A,,
9793,C--,C--,6,A,"(0, 1, 5, 8)",Cad,C--,C--,A,,
9794,C--,C--,6,A,"(0, 1, 5, 8)",Cad,C--,C--,A,,
9795,C--,C--,6,A,"(0, 1, 5, 8)",Cad,C--,C--,A,,
9796,C--,C--,6,A,"(0, 1, 5, 8)",Cad,C--,C--,A,,
9797,C--,C--,6,A,"(0, 1, 5, 8)",Cad,C--,C--,A,,
9798,C--,C--,6,A,"(0, 1, 5, 8)",Cad,C--,C--,A,,
9799,C--,C--,6,A,"(0, 1, 5, 8)",Cad,C--,C--,A,,
9800,C--,C--,6,A,"(0, 1, 5, 8)",Cad,C--,C--,A,,
9801,C--,C--,6,A,"(0, 1, 5, 8)",Cad,C--,C--,A,,
9802,C--,C--,6,A,"(0, 1, 5, 8)",Cad,C--,C--,A,,
9803,C--,C--,6,A,"(0, 1, 5, 8)",Cad,C--,C--,A,,
9804,C--,C--,6,A,"(0, 1, 5, 8)",Cad,C--,C--,A,,
9805,C--,C--,6,A,"(0, 1, 5, 8)",Cad,C--,C--,A,,
9806,C--,C--,6,A,"(0, 1, 5, 8)",Cad,C--,C--,A,,
9807,C--,C--,6,A,"(0, 1, 5, 8)",Cad,C--,C--,A,,
9808,C--,C--,6,A,"(0, 1, 5, 8)",Cad,C--,C--,A,,
9809,C--,C--,6,A,"(0, 1, 5, 8)",Cad,C--,C--,A,,
9810,C--,C--,6,A,"(0, 1, 5, 8)",Cad,C--,C--,A,,
9811,C--,C--,6,A,"(0, 1, 5, 8)",Cad,C--,C--,A,,
9812,C--,C--,6,A,"(0, 1, 5, 8)",Cad,C--,C--,A,,
9813,C--,C--,6,A,"(0, 1, 5, 8)",Cad,C--,C--,A,,
9814,C--,C--,6,A,"(0, 1, 5, 8)",Cad,C--,C--,A,,
9815,C--,C--,6,A,"(0, 1, 5, 8)",Cad,C--,C--,A,,
9816,C--,C--,6,A,"(0, 1, 5, 8)",Cad,C--,C--,A,,
9817,C--,C--,6,A,"(0, 1, 5, 8)",Cad,C--,C--,A,,
9818,C--,C--,6,A,"(0, 1, 5, 8)",Cad,C--,C--,A,,
9819,C--,C--,6,A,"(0, 1, 5, 8)",Cad,C--,C--,A,,
9820,C--,C--,6,A,"(0, 1, 5, 8)",Cad,C--,C--,A,,
9821,C--,C--,6,A,"(0, 1, 5, 8)",Cad,C--,C--,A,,
9822,C--,C--,6,A,"(0, 1, 5, 8)",Cad,C--,C--,A,,
9823,C--,C--,6,A,"(0, 1, 5, 8)",Cad,C--,C--,A,,
9824,C--,C--,6,A,"(0, 1, 5, 8)",Cad,C--,C--,A,,
9825,C--,C--,6,A,"(0, 1, 5, 8)",Cad,C--,C--,A,,
9826,C--,C--,6,A,"(0, 1, 5, 8)",Cad,C--,C--,A,,
9827,C--,C--,6,A,"(0, 1, 5, 8)",Cad,C--,C--,A,,
9828,C--,C--,6,A,"(0, 1, 5, 8)",Cad,C--,C--,A,,
9829,C--,C--,6,A,"(0, 1, 5, 8)",Cad,C--,C--,A,,
9830,C--,C--,6,A,"(0, 1, 5, 8)",Cad,C--,C--,A,,
9831,C--,C--,6,A,"(0, 1, 5, 8)",Cad,C--,C--,A,,
9832,C--,C--,6,A,"(0, 1, 5, 8)",Cad,C--,C--,A,,
9833,C--,C--,6,A,"(0, 1, 5, 8)",Cad,C--,C--,A,,
9834,C--,C--,6,A,"(0, 1, 5, 8)",Cad,C--,C--,A,,
9835,C--,C--,6,A,"(0, 1, 5, 8)",Cad,C--,C--,A,,
9836,C--,C--,6,A,"(0, 1, 5, 8)",Cad,C--,C--,A,,
9837,C--,C--,6,A,"(0, 1, 5, 8)",Cad,C--,C--,A,,
9838,C--,C--,6,A,"(0, 1, 5, 8)",Cad,C--,C--,A,,
9839,C--,C--,6,A,"(0, 1, 5, 8)",Cad,C--,C--,A,,
9840,C--,C--,6,A,"(0, 1, 5, 8)",Cad,C--,C--,A,,
9841,C--,C--,6,A,"(0, 1, 5, 8)",Cad,C--,C--,A,,
9842,C--,C--,6,A,"(0, 1, 5, 8)",Cad,C--,C--,A,,
9843,C--,C--,6,A,"(0, 1, 5, 8)",Cad,C--,C--,A,,
9844,C--,C--,6,A,"(0, 1, 5, 8)",Cad,C--,C--,A,,
9845,C--,C--,6,A,"(0, 1, 5, 8)",Cad,C--,C--,A,,
9846,C--,C--,6,A,"(0, 1, 5, 8)",Cad,C--,C--,A,,
9847,C--,C--,6,A,"(0, 1, 5, 8)",Cad,C--,C--,A,,
9848,C--,C--,6,A,"(0, 1, 5, 8)",Cad,C--,C--,A,,
9849,C--,C--,6,A,"(0, 1, 5, 8)",Cad,C--,C--,A,,
9850,C--,C--,6,A,"(0, 1, 5, 8)",Cad,C--,C--,A,,
9851,C--,C--,6,A,"(0, 1, 5, 8)",Cad,C--,C--,A,,
9852,C--,C--,6,A,"(0, 1, 5, 8)",Cad,C--,C--,A,,
9853,C--,C--,6,A,"(0, 1, 5, 8)",Cad,C--,C--,A,,
9854,C--,C--,6,A,"(0, 1, 5, 8)",Cad,C--,C--,A,,
9855,C--,C--,6,A,"(0, 1, 5, 8)",Cad,C--,C--,A,,
9856,C--,C--,6,A,"(0, 1, 5, 8)",Cad,C--,C--,A,,
9857,C--,C--,6,A,"(0, 1, 5, 8)",Cad,C--,C--,A,,
9858,C--,C--,6,A,"(0, 1, 5, 8)",Cad,C--,C--,A,,
9859,C--,C--,6,A,"(0, 1, 5, 8)",Cad,C--,C--,A,,
9860,C--,C--,6,A,"(0, 1, 5, 8)",Cad,C--,C--,A,,
9861,C--,C--,6,A,"(0, 1, 5, 8)",Cad,C--,C--,A,,
9862,C--,C--,6,A,"(0, 1, 5, 8)",Cad,C--,C--,A,,
9863,C--,C--,6,A,"(0, 1, 5, 8)",Cad,C--,C--,A,,
9864,C--,C--,6,A,"(0, 1, 5, 8)",Cad,C--,C--,A,,
9865,C--,C--,6,A,"(0, 1, 5, 8)",Cad,C--,C--,A,,
9866,C--,C--,6,A,"(0, 1, 5, 8)",Cad,C--,C--,A,,
9867,C--,C--,6,A,"(0, 1, 5, 8)",Cad,C--,C--,A,,
9868,C--,C--,6,A,"(0, 1, 5, 8)",Cad,C--,C--,A,,
9869,C--,C--,6,A,"(0, 1, 5, 8)",Cad,C--,C--,A,,
9870,C--,C--,6,A,"(0, 1, 5, 8)",Cad,C--,C--,A,,
9871,C--,C--,6,A,"(0, 1, 5, 8)",Cad,C--,C--,A,,
9872,C--,C--,6,A,"(0, 1, 5, 8)",Cad,C--,C--,A,,
9873,C--,C--,6,A,"(0, 1, 5, 8)",Cad,C--,C--,A,,
9874,C--,C--,6,A,"(0, 1, 5, 8)",Cad,C--,C--,A,,
9875,C--,C--,6,A,"(0, 1, 5, 8)",Cad,C--,C--,A,,
9876,C--,C--,6,A,"(0, 1, 5, 8)",Cad,C--,C--,A,,
9877,C--,C--,6,A,"(0, 1, 5, 8)",Cad,C--,C--,A,,
9878,C--,C--,6,A,"(0, 1, 5, 8)",Cad,C--,C--,A,,
9879,C--,C--,6,A,"(0, 1, 5, 8)",Cad,C--,C--,A,,
9880,C--,C--,6,A,"(0, 1, 5, 8)",Cad,C--,C--,A,,
9881,C--,C--,6,A,"(0, 1, 5, 8)",Cad,C--,C--,A,,
9882,C--,C--,6,A,"(0, 1, 5, 8)",Cad,C--,C--,A,,
9883,C--,C--,6,A,"(0, 1, 5, 8)",Cad,C--,C--,A,,
9884,C--,C--,6,A,"(0, 1, 5, 8)",Cad,C--,C--,A,,
9885,C--,C--,6,A,"(0, 1, 5, 8)",Cad,C--,C--,A,,
9886,C--,C--,6,A,"(0, 1, 5, 8)",Cad,C--,C--,A,,
9887,C--,C--,6,A,"(0, 1, 5, 8)",Cad,C--,C--,A,,
9888,C--,C--,6,A,"(0, 1, 5, 8)",Cad,C--,C--,A,,
9889,C--,C--,6,A,"(0, 1, 5, 8)",Cad,C--,C--,A,,
9890,C--,C--,6,A,"(0, 1, 5, 8)",Cad,C--,C--,A,,
9891,C--,C--,6,A,"(0, 1, 5, 8)",Cad,C--,C--,A,,
9892,C--,C--,6,A,"(0, 1, 5, 8)",Cad,C--,C--,A,,
9893,C--,C--,6,A,"(0, 1, 5, 8)",Cad,C--,C--,A,,
9894,C--,C--,6,A,"(0, 1, 5, 8)",Cad,C--,C--,A,,
9895,C--,C--,6,A,"(0, 1, 5, 8)",Cad,C--,C--,A,,
9896,C--,C--,6,A,"(0, 1, 5, 8)",Cad,C--,C--,A,,
9897,C--,C--,6,A,"(0, 1, 5, 8)",Cad,C--,C--,A,,
9898,C--,C--,6,A,"(0, 1, 5, 8)",Cad,C--,C--,A,,
9899,C--,C--,6,A,"(0, 1, 5, 8)",Cad,C--,C--,A,,
9900,C--,C--,6,A,"(0, 1, 5, 8)",Cad,C--,C--,A,,
9901,C--,C--,6,A,"(0, 1, 5, 8)",Cad,C--,C--,A,,
9902,C--,C--,6,A,"(0, 1, 5, 8)",Cad,C--,C--,A,,
9903,C--,C--,6,A,"(0, 1, 5, 8)",Cad,C--,C--,A,,
9904,C--,C--,6,A,"(0, 1, 5, 8)",Cad,C--,C--,A,,
9905,C--,C--,6,A,"(0, 1, 5, 8)",Cad,C--,C--,A,,
9906,C--,C--,6,A,"(0, 1, 5, 8)",Cad,C--,C--,A,,
9907,C--,C--,6,A,"(0, 1, 5, 8)",Cad,C--,C--,A,,
9908,C--,C--,6,A,"(0, 1, 5, 8)",Cad,C--,C--,A,,
9909,C--,C--,6,A,"(0, 1, 5, 8)",Cad,C--,C--,A,,
9910,C--,C--,6,A,"(0, 1, 5, 8)",Cad,C--,C--,A,,
9911,C--,C--,6,A,"(0, 1, 5, 8)",Cad,C--,C--,A,,
9912,C--,C--,6,A,"(0, 1, 5, 8)",Cad,C--,C--,A,,
9913,C--,C--,6,A,"(0, 1, 5, 8)",Cad,C--,C--,A,,
9914,C--,C--,6,A,"(0, 1, 5, 8)",Cad,C--,C--,A,,
9915,C--,C--,6,A,"(0, 1, 5, 8)",Cad,C--,C--,A,,
9916,C--,C--,6,A,"(0, 1, 5, 8)",Cad,C--,C--,A,,
9917,C--,C--,6,A,"(0, 1, 5, 8)",Cad,C--,C--,A,,
9918,C--,C--,6,A,"(0, 1, 5, 8)",Cad,C--,C--,A,,
9919,C--,C--,6,A,"(0, 1, 5, 8)",Cad,C--,C--,A,,
9920,C--,C--,6,A,"(0, 1, 5, 8)",Cad,C--,C--,A,,
9921,C--,C--,6,A,"(0, 1, 5, 8)",Cad,C--,C--,A,,
9922,C--,C--,6,A,"(0, 1, 5, 8)",Cad,C--,C--,A,,
9923,C--,C--,6,A,"(0, 1, 5, 8)",Cad,C--,C--,A,,
9924,C--,C--,6,A,"(0, 1, 5, 8)",Cad,C--,C--,A,,
9925,C--,C--,6,A,"(0, 1, 5, 8)",Cad,C--,C--,A,,
9926,C--,C--,6,A,"(0, 1, 5, 8)",Cad,C--,C--,A,,
9927,C--,C--,6,A,"(0, 1, 5, 8)",Cad,C--,C--,A,,
9928,C--,C--,6,A,"(0, 1, 5, 8)",Cad,C--,C--,A,,
9929,C--,C--,6,A,"(0, 1, 5, 8)",Cad,C--,C--,A,,
9930,C--,C--,6,A,"(0, 1, 5, 8)",Cad,C--,C--,A,,
9931,C--,C--,6,A,"(0, 1, 5, 8)",Cad,C--,C--,A,,
9932,C--,C--,6,A,"(0, 1, 5, 8)",Cad,C--,C--,A,,
9933,C--,C--,6,A,"(0, 1, 5, 8)",Cad,C--,C--,A,,
9934,C--,C--,6,A,"(0, 1, 5, 8)",Cad,C--,C--,A,,
9935,C--,C--,6,A,"(0, 1, 5, 8)",Cad,C--,C--,A,,
9936,C--,C--,6,A,"(0, 1, 5, 8)",Cad,C--,C--,A,,
9937,C--,C--,6,A,"(0, 1, 5, 8)",Cad,C--,C--,A,,
9938,C--,C--,6,A,"(0, 1, 5, 8)",Cad,C--,C--,A,,
9939,C--,C--,6,A,"(0, 1, 5, 8)",Cad,C--,C--,A,,
9940,C--,C--,6,A,"(0, 1, 5, 8)",Cad,C--,C--,A,,
9941,C--,C--,6,A,"(0, 1, 5, 8)",Cad,C--,C--,A,,
9942,C--,C--,6,A,"(0, 1, 5, 8)",Cad,C--,C--,A,,
9943,C--,C--,6,A,"(0, 1, 5, 8)",Cad,C--,C--,A,,
9944,C--,C--,6,A,"(0, 1, 5, 8)",Cad,C--,C--,A,,
9945,C--,C--,6,A,"(0, 1, 5, 8)",Cad,C--,C--,A,,
9946,C--,C--,6,A,"(0, 1, 5, 8)",Cad,C--,C--,A,,
9947,C--,C--,6,A,"(0, 1, 5, 8)",Cad,C--,C--,A,,
9948,C--,C--,6,A,"(0, 1, 5, 8)",Cad,C--,C--,A,,
9949,C--,C--,6,A,"(0, 1, 5, 8)",Cad,C--,C--,A,,
9950,C--,C--,6,A,"(0, 1, 5, 8)",Cad,C--,C--,A,,
9951,C--,C--,6,A,"(0, 1, 5, 8)",Cad,C--,C--,A,,
9952,C--,C--,6,A,"(0, 1, 5, 8)",Cad,C--,C--,A,,
9953,C--,C--,6,A,"(0, 1, 5, 8)",Cad,C--,C--,A,,
9954,C--,C--,6,A,"(0, 1, 5, 8)",Cad,C--,C--,A,,
9955,C--,C--,6,A,"(0, 1, 5, 8)",Cad,C--,C--,A,,
9956,C--,C--,6,A,"(0, 1, 5, 8)",Cad,C--,C--,A,,
9957,C--,C--,6,A,"(0, 1, 5, 8)",Cad,C--,C--,A,,
9958,C--,C--,6,A,"(0, 1, 5, 8)",Cad,C--,C--,A,,
9959,C--,C--,6,A,"(0, 1, 5, 8)",Cad,C--,C--,A,,
9960,C--,C--,6,A,"(0, 1, 5, 8)",Cad,C--,C--,A,,
9961,C--,C--,6,A,"(0, 1, 5, 8)",Cad,C--,C--,A,,
9962,C--,C--,6,A,"(0, 1, 5, 8)",Cad,C--,C--,A,,
9963,C--,C--,6,A,"(0, 1, 5, 8)",Cad,C--,C--,A,,
9964,C--,C--,6,A,"(0, 1, 5, 8)",Cad,C--,C--,A,,
9965,C--,C--,6,A,"(0, 1, 5, 8)",Cad,C--,C--,A,,
9966,C--,C--,6,A,"(0, 1, 5, 8)",Cad,C--,C--,A,,
9967,C--,C--,6,A,"(0, 1, 5, 8)",Cad,C--,C--,A,,
9968,C--,C--,6,A,"(0, 1, 5, 8)",Cad,C--,C--,A,,
9969,C--,C--,6,A,"(0, 1, 5, 8)",Cad,C--,C--,A,,
9970,C--,C--,6,A,"(0, 1, 5, 8)",Cad,C--,C--,A,,
9971,C--,C--,6,A,"(0, 1, 5, 8)",Cad,C--,C--,A,,
9972,C--,C--,6,A,"(0, 1, 5, 8)",Cad,C--,C--,A,,
9973,C--,C--,6,A,"(0, 1, 5, 8)",Cad,C--,C--,A,,
9974,C--,C--,6,A,"(0, 1, 5, 8)",Cad,C--,C--,A,,
9975,C--,C--,6,A,"(0, 1, 5, 8)",Cad,C--,C--,A,,
9976,C--,C--,6,A,"(0, 1, 5, 8)",Cad,C--,C--,A,,
9977,C--,C--,6,A,"(0, 1, 5, 8)",Cad,C--,C--,A,,
9978,C--,C--,6,A,"(0, 1, 5, 8)",Cad,C--,C--,A,,
9979,C--,C--,6,A,"(0, 1, 5, 8)",Cad,C--,C--,A,,
9980,C--,C--,6,A,"(0, 1, 5, 8)",Cad,C--,C--,A,,
9981,C--,C--,6,A,"(0, 1, 5, 8)",Cad,C--,C--,A,,
9982,C--,C--,6,A,"(0, 1, 5, 8)",Cad,C--,C--,A,,
9983,C--,C--,6,A,"(0, 1, 5, 8)",Cad,C--,C--,A,,
9984,C--,C--,6,A,"(0, 1, 5, 8)",Cad,C--,C--,A,,
9985,C--,C--,6,A,"(0, 1, 5, 8)",Cad,C--,C--,A,,
9986,C--,C--,6,A,"(0, 1, 5, 8)",Cad,C--,C--,A,,
9987,C--,C--,6,A,"(0, 1, 5, 8)",Cad,C--,C--,A,,
9988,C--,C--,6,A,"(0, 1, 5, 8)",Cad,C--,C--,A,,
9989,C--,C--,6,A,"(0, 1, 5, 8)",Cad,C--,C--,A,,
9990,C--,C--,6,A,"(0, 1, 5, 8)",Cad,C--,C--,A,,
9991,C--,C--,6,A,"(0, 1, 5, 8)",Cad,C--,C--,A,,
9992,C--,C--,6,A,"(0, 1, 5, 8)",Cad,C--,C--,A,,
9993,C--,C--,6,A,"(0, 1, 5, 8)",Cad,C--,C--,A,,
9994,C--,C--,6,A,"(0, 1, 5, 8)",Cad,C--,C--,A,,
9995,C--,C--,6,A,"(0, 1, 5, 8)",Cad,C--,C--,A,,
9996,C--,C--,6,A,"(0, 1, 5, 8)",Cad,C--,C--,A,,
9997,C--,C--,6,A,"(0, 1, 5, 8)",Cad,C--,C--,A,,
9998,C--,C--,6,A,"(0, 1, 5, 8)",Cad,C--,C--,A,,
9999,C--,C--,6,A,"(0, 1, 5, 8)",Cad,C--,C--,A,,
10000,C--,C--,6,A,"(0, 1, 5, 8)",Cad,C--,C--,A,,
10001,C--,C--,6,A,"(0, 1, 5, 8)",Cad,C--,C--,A,,
10002,C--,C--,6,A,"(0, 1, 5, 8)",Cad,C--,C--,A,,
10003,C--,C--,6,A,"(0, 1, 5, 8)",Cad,C--,C--,A,,
10004,C--,C--,6,A,"(0, 1, 5, 8)",Cad,C--,C--,A,,
10005,C--,C--,6,A,"(0, 1, 5, 8)",Cad,C--,C--,A,,
10006,C--,C--,6,A,"(0, 1, 5, 8)",Cad,C--,C--,A,,
10007,C--,C--,6,A,"(0, 1, 5, 8)",Cad,C--,C--,A,,
10008,C--,C--,6,A,"(0, 1, 5, 8)",Cad,C--,C--,A,,
10009,C--,C--,6,A,"(0, 1, 5, 8)",Cad,C--,C--,A,,
10010,C--,C--,6,A,"(0, 1, 5, 8)",Cad,C--,C--,A,,
10011,C--,C--,6,A,"(0, 1, 5, 8)",Cad,C--,C--,A,,
10012,C--,C--,6,A,"(0, 1, 5, 8)",Cad,C--,C--,A,,
10013,C--,C--,6,A,"(0, 1, 5, 8)",Cad,C--,C--,A,,
10014,C--,C--,6,A,"(0, 1, 5, 8)",Cad,C--,C--,A,,
10015,C--,C--,6,A,"(0, 1, 5, 8)",Cad,C--,C--,A,,
10016,C--,C--,6,A,"(0, 1, 5, 8)",Cad,C--,C--,A,,
10017,C--,C--,6,A,"(0, 1, 5, 8)",Cad,C--,C--,A,,
10018,C--,C--,6,A,"(0, 1, 5, 8)",Cad,C--,C--,A,,
10019,C--,C--,6,A,"(0, 1, 5, 8)",Cad,C--,C--,A,,
10020,C--,C--,6,A,"(0, 1, 5, 8)",Cad,C--,C--,A,,
10021,C--,C--,6,A,"(0, 1, 5, 8)",Cad,C--,C--,A,,
10022,C--,C--,6,A,"(0, 1, 5, 8)",Cad,C--,C--,A,,
10023,C--,C--,6,A,"(0, 1, 5, 8)",Cad,C--,C--,A,,
10024,C--,C--,6,A,"(0, 1, 5, 8)",Cad,C--,C--,A,,
10025,C--,C--,6,A,"(0, 1, 5, 8)",Cad,C--,C--,A,,
10026,C--,C--,6,A,"(0, 1, 5, 8)",Cad,C--,C--,A,,
10027,C--,C--,6,A,"(0, 1, 5, 8)",Cad,C--,C--,A,,
10028,C--,C--,6,A,"(0, 1, 5, 8)",Cad,C--,C--,A,,
10029,C--,C--,6,A,"(0, 1, 5, 8)",Cad,C--,C--,A,,
10030,C--,C--,6,A,"(0, 1, 5, 8)",Cad,C--,C--,A,,
10031,C--,C--,6,A,"(0, 1, 5, 8)",Cad,C--,C--,A,,
10032,C--,C--,6,A,"(0, 1, 5, 8)",Cad,C--,C--,A,,
10033,C--,C--,6,A,"(0, 1, 5, 8)",Cad,C--,C--,A,,
10034,C--,C--,6,A,"(0, 1, 5, 8)",Cad,C--,C--,A,,
10035,C--,C--,6,A,"(0, 1, 5, 8)",Cad,C--,C--,A,,
10036,C--,C--,6,A,"(0, 1, 5, 8)",Cad,C--,C--,A,,
10037,C--,C--,6,A,"(0, 1, 5, 8)",Cad,C--,C--,A,,
10038,C--,C--,6,A,"(0, 1, 5, 8)",Cad,C--,C--,A,,
10039,C--,C--,6,A,"(0, 1, 5, 8)",Cad,C--,C--,A,,
10040,C--,C--,6,A,"(0, 1, 5, 8)",Cad,C--,C--,A,,
10041,C--,C--,6,A,"(0, 1, 5, 8)",Cad,C--,C--,A,,
10042,C--,C--,6,A,"(0, 1, 5, 8)",Cad,C--,C--,A,,
10043,C--,C--,6,A,"(0, 1, 5, 8)",Cad,C--,C--,A,,
10044,C--,C--,6,A,"(0, 1, 5, 8)",Cad,C--,C--,A,,
10045,C--,C--,6,A,"(0, 1, 5, 8)",Cad,C--,C--,A,,
10046,C--,C--,6,A,"(0, 1, 5, 8)",Cad,C--,C--,A,,
10047,C--,C--,6,A,"(0, 1, 5, 8)",Cad,C--,C--,A,,
10048,C--,C--,6,A,"(0, 1, 5, 8)",Cad,C--,C--,A,,
10049,C--,C--,6,A,"(0, 1, 5, 8)",Cad,C--,C--,A,,
10050,C--,C--,6,A,"(0, 1, 5, 8)",Cad,C--,C--,A,,
10051,C--,C--,6,A,"(0, 1, 5, 8)",Cad,C--,C--,A,,
10052,C--,C--,6,A,"(0, 1, 5, 8)",Cad,C--,C--,A,,
10053,C--,C--,6,A,"(0, 1, 5, 8)",Cad,C--,C--,A,,
10054,C--,C--,6,A,"(0, 1, 5, 8)",Cad,C--,C--,A,,
10055,C--,C--,6,A,"(0, 1, 5, 8)",Cad,C--,C--,A,,
10056,C--,C--,6,A,"(0, 1, 5, 8)",Cad,C--,C--,A,,
10057,C--,C--,6,A,"(0, 1, 5, 8)",Cad,C--,C--,A,,
10058,C--,C--,6,A,"(0, 1, 5, 8)",Cad,C--,C--,A,,
10059,C--,C--,6,A,"(0, 1, 5, 8)",Cad,C--,C--,A,,
10060,C--,C--,6,A,"(0, 1, 5, 8)",Cad,C--,C--,A,,
10061,C--,C--,6,A,"(0, 1, 5, 8)",Cad,C--,C--,A,,
10062,C--,C--,6,A,"(0, 1, 5, 8)",Cad,C--,C--,A,,
10063,C--,C--,6,A,"(0, 1, 5, 8)",Cad,C--,C--,A,,
10064,C--,C--,6,A,"(0, 1, 5, 8)",Cad,C--,C--,A,,
10065,C--,C--,6,A,"(0, 1, 5, 8)",Cad,C--,C--,A,,
10066,C--,C--,6,A,"(0, 1, 5, 8)",Cad,C--,C--,A,,
10067,C--,C--,6,A,"(0, 1, 5, 8)",Cad,C--,C--,A,,
10068,C--,C--,6,A,"(0, 1, 5, 8)",Cad,C--,C--,A,,
10069,C--,C--,6,A,"(0, 1, 5, 8)",Cad,C--,C--,A,,
10070,C--,C--,6,A,"(0, 1, 5, 8)",Cad,C--,C--,A,,
10071,C--,C--,6,A,"(0, 1, 5, 8)",Cad,C--,C--,A,,
10072,C--,C--,6,A,"(0, 1, 5, 8)",Cad,C--,C--,A,,
10073,C--,C--,6,A,"(0, 1, 5, 8)",Cad,C--,C--,A,,
10074,C--,C--,6,A,"(0, 1, 5, 8)",Cad,C--,C--,A,,
10075,C--,C--,6,A,"(0, 1, 5, 8)",Cad,C--,C--,A,,
10076,C--,C--,6,A,"(0, 1, 5, 8)",Cad,C--,C--,A,,
10077,C--,C--,6,A,"(0, 1, 5, 8)",Cad,C--,C--,A,,
10078,C--,C--,6,A,"(0, 1, 5, 8)",Cad,C--,C--,A,,
10079,C--,C--,6,A,"(0, 1, 5, 8)",Cad,C--,C--,A,,
10080,C--,C--,6,A,"(0, 1, 5, 8)",Cad,C--,C--,A,,
10081,C--,C--,6,A,"(0, 1, 5, 8)",Cad,C--,C--,A,,
10082,C--,C--,6,A,"(0, 1, 5, 8)",Cad,C--,C--,A,,
10083,C--,C--,6,A,"(0, 1, 5, 8)",Cad,C--,C--,A,,
10084,C--,C--,6,A,"(0, 1, 5, 8)",Cad,C--,C--,A,,
10085,C--,C--,6,A,"(0, 1, 5, 8)",Cad,C--,C--,A,,
10086,C--,C--,6,A,"(0, 1, 5, 8)",Cad,C--,C--,A,,
10087,C--,C--,6,A,"(0, 1, 5, 8)",Cad,C--,C--,A,,
10088,C--,C--,6,A,"(0, 1, 5, 8)",Cad,C--,C--,A,,
10089,C--,C--,6,A,"(0, 1, 5, 8)",Cad,C--,C--,A,,
10090,C--,C--,6,A,"(0, 1, 5, 8)",Cad,C--,C--,A,,
10091,C--,C--,6,A,"(0, 1, 5, 8)",Cad,C--,C--,A,,
10092,C--,C--,6,A,"(0, 1, 5, 8)",Cad,C--,C--,A,,
10093,C--,C--,6,A,"(0, 1, 5, 8)",Cad,C--,C--,A,,
10094,C--,C--,6,A,"(0, 1, 5, 8)",Cad,C--,C--,A,,
10095,C--,C--,6,A,"(0, 1, 5, 8)",Cad,C--,C--,A,,
10096,C--,C--,6,A,"(0, 1, 5, 8)",Cad,C--,C--,A,,
10097,C--,C--,6,A,"(0, 1, 5, 8)",Cad,C--,C--,A,,
10098,C--,C--,6,A,"(0, 1, 5, 8)",Cad,C--,C--,A,,
10099,C--,C--,6,A,"(0, 1, 5, 8)",Cad,C--,C--,A,,
10100,C--,C--,6,A,"(0, 1, 5, 8)",Cad,C--,C--,A,,
10101,C--,C--,6,A,"(0, 1, 5, 8)",Cad,C--,C--,A,,
10102,C--,C--,6,A,"(0, 1, 5, 8)",Cad,C--,C--,A,,
10103,C--,C--,6,A,"(0, 1, 5, 8)",Cad,C--,C--,A,,
10104,C--,C--,6,A,"(0, 1, 5, 8)",Cad,C--,C--,A,,
10105,C--,C--,6,A,"(0, 1, 5, 8)",Cad,C--,C--,A,,
10106,C--,C--,6,A,"(0, 1, 5, 8)",Cad,C--,C--,A,,
10107,C--,C--,6,A,"(0, 1, 5, 8)",Cad,C--,C--,A,,
10108,C--,C--,6,A,"(0, 1, 5, 8)",Cad,C--,C--,A,,
10109,C--,C--,6,A,"(0, 1, 5, 8)",Cad,C--,C--,A,,
10110,C--,C--,6,A,"(0, 1, 5, 8)",Cad,C--,C--,A,,
10111,C--,C--,6,A,"(0, 1, 5, 8)",Cad,C--,C--,A,,
10112,C--,C--,6,A,"(0, 1, 5, 8)",Cad,C--,C--,A,,
10113,C--,C--,6,A,"(0, 1, 5, 8)",Cad,C--,C--,A,,
10114,C--,C--,6,A,"(0, 1, 5, 8)",Cad,C--,C--,A,,
10115,C--,C--,6,A,"(0, 1, 5, 8)",Cad,C--,C--,A,,
10116,C--,C--,6,A,"(0, 1, 5, 8)",Cad,C--,C--,A,,
10117,C--,C--,6,A,"(0, 1, 5, 8)",Cad,C--,C--,A,,
10118,C--,C--,6,A,"(0, 1, 5, 8)",Cad,C--,C--,A,,
10119,C--,C--,6,A,"(0, 1, 5, 8)",Cad,C--,C--,A,,
10120,C--,C--,6,A,"(0, 1, 5, 8)",Cad,C--,C--,A,,
10121,C--,C--,6,A,"(0, 1, 5, 8)",Cad,C--,C--,A,,
10122,C--,C--,6,A,"(0, 1, 5, 8)",Cad,C--,C--,A,,
10123,C--,C--,6,A,"(0, 1, 5, 8)",Cad,C--,C--,A,,
10124,C--,C--,6,A,"(0, 1, 5, 8)",Cad,C--,C--,A,,
10125,C--,C--,6,A,"(0, 1, 5, 8)",Cad,C--,C--,A,,
10126,C--,C--,6,A,"(0, 1, 5, 8)",Cad,C--,C--,A,,
10127,C--,C--,6,A,"(0, 1, 5, 8)",Cad,C--,C--,A,,
10128,C--,C--,6,A,"(0, 1, 5, 8)",Cad,C--,C--,A,,
10129,C--,C--,6,A,"(0, 1, 5, 8)",Cad,C--,C--,A,,
10130,C--,C--,6,A,"(0, 1, 5, 8)",Cad,C--,C--,A,,
10131,C--,C--,6,A,"(0, 1, 5, 8)",Cad,C--,C--,A,,
10132,C--,C--,6,A,"(0, 1, 5, 8)",Cad,C--,C--,A,,
10133,C--,C--,6,A,"(0, 1, 5, 8)",Cad,C--,C--,A,,
10134,C--,C--,6,A,"(0, 1, 5, 8)",Cad,C--,C--,A,,
10135,C--,C--,6,A,"(0, 1, 5, 8)",Cad,C--,C--,A,,
10136,C--,C--,6,A,"(0, 1, 5, 8)",Cad,C--,C--,A,,
10137,C--,C--,6,A,"(0, 1, 5, 8)",Cad,C--,C--,A,,
10138,C--,C--,6,A,"(0, 1, 5, 8)",Cad,C--,C--,A,,
10139,C--,C--,6,A,"(0, 1, 5, 8)",Cad,C--,C--,A,,
10140,C--,C--,6,A,"(0, 1, 5, 8)",Cad,C--,C--,A,,
10141,C--,C--,6,A,"(0, 1, 5, 8)",Cad,C--,C--,A,,
10142,C--,C--,6,A,"(0, 1, 5, 8)",Cad,C--,C--,A,,
10143,C--,C--,6,A,"(0, 1, 5, 8)",Cad,C--,C--,A,,
10144,C--,C--,6,A,"(0, 1, 5, 8)",Cad,C--,C--,A,,
10145,C--,C--,6,A,"(0, 1, 5, 8)",Cad,C--,C--,A,,
10146,C--,C--,6,A,"(0, 1, 5, 8)",Cad,C--,C--,A,,
10147,C--,C--,6,A,"(0, 1, 5, 8)",Cad,C--,C--,A,,
10148,C--,C--,6,A,"(0, 1, 5, 8)",Cad,C--,C--,A,,
10149,C--,C--,6,A,"(0, 1, 5, 8)",Cad,C--,C--,A,,
10150,C--,C--,6,A,"(0, 1, 5, 8)",Cad,C--,C--,A,,
10151,C--,C--,6,A,"(0, 1, 5, 8)",Cad,C--,C--,A,,
10152,C--,C--,6,A,"(0, 1, 5, 8)",Cad,C--,C--,A,,
10153,C--,C--,6,A,"(0, 1, 5, 8)",Cad,C--,C--,A,,
10154,C--,C--,6,A,"(0, 1, 5, 8)",Cad,C--,C--,A,,
10155,C--,C--,6,A,"(0, 1, 5, 8)",Cad,C--,C--,A,,
10156,C--,C--,6,A,"(0, 1, 5, 8)",Cad,C--,C--,A,,
10157,C--,C--,6,A,"(0, 1, 5, 8)",Cad,C--,C--,A,,
10158,C--,C--,6,A,"(0, 1, 5, 8)",Cad,C--,C--,A,,
10159,C--,C--,6,A,"(0, 1, 5, 8)",Cad,C--,C--,A,,
10160,C--,C--,6,A,"(0, 1, 5, 8)",Cad,C--,C--,A,,
10161,C--,C--,6,A,"(0, 1, 5, 8)",Cad,C--,C--,A,,
10162,C--,C--,6,A,"(0, 1, 5, 8)",Cad,C--,C--,A,,
10163,C--,C--,6,A,"(0, 1, 5, 8)",Cad,C--,C--,A,,
10164,C--,C--,6,A,"(0, 1, 5, 8)",Cad,C--,C--,A,,
10165,C--,C--,6,A,"(0, 1, 5, 8)",Cad,C--,C--,A,,
10166,C--,C--,6,A,"(0, 1, 5, 8)",Cad,C--,C--,A,,
10167,C--,C--,6,A,"(0, 1, 5, 8)",Cad,C--,C--,A,,
10168,C--,C--,6,A,"(0, 1, 5, 8)",Cad,C--,C--,A,,
10169,C--,C--,6,A,"(0, 1, 5, 8)",Cad,C--,C--,A,,
10170,C--,C--,6,A,"(0, 1, 5, 8)",Cad,C--,C--,A,,
10171,C--,C--,6,A,"(0, 1, 5, 8)",Cad,C--,C--,A,,
10172,C--,C--,6,A,"(0, 1, 5, 8)",Cad,C--,C--,A,,
10173,C--,C--,6,A,"(0, 1, 5, 8)",Cad,C--,C--,A,,
10174,C--,C--,6,A,"(0, 1, 5, 8)",Cad,C--,C--,A,,
10175,C--,C--,6,A,"(0, 1, 5, 8)",Cad,C--,C--,A,,
10176,C--,C--,6,A,"(0, 1, 5, 8)",Cad,C--,C--,A,,
10177,C--,C--,6,A,"(0, 1, 5, 8)",Cad,C--,C--,A,,
10178,C--,C--,6,A,"(0, 1, 5, 8)",Cad,C--,C--,A,,
10179,C--,C--,6,A,"(0, 1, 5, 8)",Cad,C--,C--,A,,
10180,C--,C--,6,A,"(0, 1, 5, 8)",Cad,C--,C--,A,,
10181,C--,C--,6,A,"(0, 1, 5, 8)",Cad,C--,C--,A,,
10182,C--,C--,6,A,"(0, 1, 5, 8)",Cad,C--,C--,A,,
10183,C--,C--,6,A,"(0, 1, 5, 8)",Cad,C--,C--,A,,
10184,C--,C--,6,A,"(0, 1, 5, 8)",Cad,C--,C--,A,,
10185,C--,C--,6,A,"(0, 1, 5, 8)",Cad,C--,C--,A,,
10186,C--,C--,6,A,"(0, 1, 5, 8)",Cad,C--,C--,A,,
10187,C--,C--,6,A,"(0, 1, 5, 8)",Cad,C--,C--,A,,
10188,C--,C--,6,A,"(0, 1, 5, 8)",Cad,C--,C--,A,,
10189,C--,C--,6,A,"(0, 1, 5, 8)",Cad,C--,C--,A,,
10190,C--,C--,6,A,"(0, 1, 5, 8)",Cad,C--,C--,A,,
10191,C--,C--,6,A,"(0, 1, 5, 8)",Cad,C--,C--,A,,
10192,C--,C--,6,A,"(0, 1, 5, 8)",Cad,C--,C--,A,,
10193,C--,C--,6,A,"(0, 1, 5, 8)",Cad,C--,C--,A,,
10194,C--,C--,6,A,"(0, 1, 5, 8)",Cad,C--,C--,A,,
10195,C--,C--,6,A,"(0, 1, 5, 8)",Cad,C--,C--,A,,
10196,C--,C--,6,A,"(0, 1, 5, 8)",Cad,C--,C--,A,,
10197,C--,C--,6,A,"(0, 1, 5, 8)",Cad,C--,C--,A,,
10198,C--,C--,6,A,"(0, 1, 5, 8)",Cad,C--,C--,A,,
10199,C--,C--,6,A,"(0, 1, 5, 8)",Cad,C--,C--,A,,
10200,C--,C--,6,A,"(0, 1, 5, 8)",Cad,C--,C--,A,,
10201,C--,C--,6,A,"(0, 1, 5, 8)",Cad,C--,C--,A,,
10202,C--,C--,6,A,"(0, 1, 5, 8)",Cad,C--,C--,A,,
10203,C--,C--,6,A,"(0, 1, 5, 8)",Cad,C--,C--,A,,
10204,C--,C--,6,A,"(0, 1, 5, 8)",Cad,C--,C--,A,,
10205,C--,C--,6,A,"(0, 1, 5, 8)",Cad,C--,C--,A,,
10206,C--,C--,6,A,"(0, 1, 5, 8)",Cad,C--,C--,A,,
10207,C--,C--,6,A,"(0, 1, 5, 8)",Cad,C--,C--,A,,
10208,C--,C--,6,A,"(0, 1, 5, 8)",Cad,C--,C--,A,,
10209,C--,C--,6,A,"(0, 1, 5, 8)",Cad,C--,C--,A,,
10210,C--,C--,6,A,"(0, 1, 5, 8)",Cad,C--,C--,A,,
10211,C--,C--,6,A,"(0, 1, 5, 8)",Cad,C--,C--,A,,
10212,C--,C--,6,A,"(0, 1, 5, 8)",Cad,C--,C--,A,,
10213,C--,C--,6,A,"(0, 1, 5, 8)",Cad,C--,C--,A,,
10214,C--,C--,6,A,"(0, 1, 5, 8)",Cad,C--,C--,A,,
10215,C--,C--,6,A,"(0, 1, 5, 8)",Cad,C--,C--,A,,
10216,C--,C--,6,A,"(0, 1, 5, 8)",Cad,C--,C--,A,,
10217,C--,C--,6,A,"(0, 1, 5, 8)",Cad,C--,C--,A,,
10218,C--,C--,6,A,"(0, 1, 5, 8)",Cad,C--,C--,A,,
10219,C--,C--,6,A,"(0, 1, 5, 8)",Cad,C--,C--,A,,
10220,C--,C--,6,A,"(0, 1, 5, 8)",Cad,C--,C--,A,,
10221,C--,C--,6,A,"(0, 1, 5, 8)",Cad,C--,C--,A,,
10222,C--,C--,6,A,"(0, 1, 5, 8)",Cad,C--,C--,A,,
10223,C--,C--,6,A,"(0, 1, 5, 8)",Cad,C--,C--,A,,
10224,C--,C--,6,A,"(0, 1, 5, 8)",Cad,C--,C--,A,,
10225,C--,C--,6,A,"(0, 1, 5, 8)",Cad,C--,C--,A,,
10226,C--,C--,6,A,"(0, 1, 5, 8)",Cad,C--,C--,A,,
10227,C--,C--,6,A,"(0, 1, 5, 8)",Cad,C--,C--,A,,
10228,C--,C--,6,A,"(0, 1, 5, 8)",Cad,C--,C--,A,,
10229,C--,C--,6,A,"(0, 1, 5, 8)",Cad,C--,C--,A,,
10230,C--,C--,6,A,"(0, 1, 5, 8)",Cad,C--,C--,A,,
10231,C--,C--,6,A,"(0, 1, 5, 8)",Cad,C--,C--,A,,
10232,C--,C--,6,A,"(0, 1, 5, 8)",Cad,C--,C--,A,,
10233,C--,C--,6,A,"(0, 1, 5, 8)",Cad,C--,C--,A,,
10234,C--,C--,6,A,"(0, 1, 5, 8)",Cad,C--,C--,A,,
10235,C--,C--,6,A,"(0, 1, 5, 8)",Cad,C--,C--,A,,
10236,C--,C--,6,A,"(0, 1, 5, 8)",Cad,C--,C--,A,,
10237,C--,C--,6,A,"(0, 1, 5, 8)",Cad,C--,C--,A,,
10238,C--,C--,6,A,"(0, 1, 5, 8)",Cad,C--,C--,A,,
10239,C--,C--,6,A,"(0, 1, 5, 8)",Cad,C--,C--,A,,
