,Alto35,Bass35,HarmonicRhythm7,LocalKey38,PitchClassSet121,RomanNumeral31,Soprano35,Tenor35,TonicizedKey38,offset,measure
0,G,C,0,F,"(0, 4, 7)",I,C,E,F,0.0,1.0
1,G,C,1,F,"(0, 4, 7)",V,C,E,C,0.125,1.0
2,G,C,2,F,"(0, 4, 7)",V,C,E,C,0.25,1.0
3,G,C,2,F,"(0, 4, 7)",V,C,E,C,0.375,1.0
4,G,C,3,F,"(0, 4, 7)",V,C,E,C,0.5,1.0
5,G,C,3,F,"(0, 4, 7)",V,C,E,C,0.625,1.0
6,G,C,3,F,"(0, 4, 7)",V,C,E,C,0.75,1.0
7,G,C,3,F,"(0, 4, 7)",V,C,E,C,0.875,1.0
8,G,C,4,F,"(0, 4, 7)",V,C,E,F,1.0,1.0
9,G,C,4,F,"(0, 4, 7)",V,C,E,F,1.125,1.0
10,G,C,4,F,"(0, 4, 7)",V,C,E,F,1.25,1.0
11,G,C,4,F,"(0, 4, 7)",V,C,E,F,1.375,1.0
12,G,C,4,F,"(0, 4, 7)",V,C,E,F,1.5,1.0
13,G,C,4,F,"(0, 4, 7)",V,C,E,F,1.625,1.0
14,G,C,4,F,"(0, 4, 7)",V,C,E,F,1.75,1.0
15,G,C,4,F,"(0, 4, 7)",V,C,E,F,1.875,1.0
16,G,C,5,F,"(0, 4, 7)",V,C,E,F,2.0,1.0
17,G,C,5,F,"(0, 4, 7)",V,C,E,F,2.125,1.0
18,G,C,5,F,"(0, 4, 7)",V,C,E,F,2.25,1.0
19,G,C,5,F,"(0, 4, 7)",V,C,E,F,2.375,1.0
20,G,C,5,F,"(0, 4, 7)",V,C,E,F,2.5,1.0
21,G,C,5,F,"(0, 4, 7)",V,C,E,F,2.625,1.0
22,G,C,5,F,"(0, 4, 7)",V,C,E,F,2.75,1.0
23,G,C,5,F,"(0, 4, 7)",V,C,E,F,2.875,1.0
24,G,C,5,F,"(0, 4, 7)",V,C,E,C,3.0,1.0
25,G,C,5,F,"(0, 4, 7)",V,C,E,C,3.125,1.0
26,G,C,5,F,"(0, 4, 7)",V,C,E,C,3.25,1.0
27,G,C,5,F,"(0, 4, 7)",V,C,E,C,3.375,1.0
28,G,C,5,F,"(0, 4, 7)",V,C,E,C,3.5,1.0
29,G,C,5,F,"(0, 4, 7)",V,C,E,C,3.625,1.0
30,G,C,5,F,"(0, 4, 7)",V,C,E,C,3.75,1.0
31,G,C,5,F,"(0, 4, 7)",V,C,E,C,3.875,1.0
32,C,F,0,F,"(0, 4, 7)",I,C,A,F,4.0,2.0
33,C,F,1,F,"(0, 4, 7)",I,C,A,F,4.125,2.0
34,C,F,2,F,"(0, 4, 7)",I,C,A,C,4.25,2.0
35,C,F,2,F,"(0, 4, 7)",I,C,A,C,4.375,2.0
36,C,F,3,F,"(0, 4, 7)",I,C,A,F,4.5,2.0
37,C,F,3,F,"(0, 4, 7)",I,C,A,F,4.625,2.0
38,C,F,3,F,"(0, 4, 7)",I,C,A,F,4.75,2.0
39,C,F,3,F,"(0, 4, 7)",I,C,A,F,4.875,2.0
40,C,F,4,F,"(0, 4, 7)",vi,C,G,F,5.0,2.0
41,C,F,4,F,"(0, 4, 7)",vi,C,G,F,5.125,2.0
42,C,F,4,F,"(0, 4, 7)",vi,C,G,F,5.25,2.0
43,C,F,4,F,"(0, 4, 7)",vi,C,G,F,5.375,2.0
44,C,F,4,F,"(0, 4, 7)",vi,C,A,F,5.5,2.0
45,C,F,4,F,"(0, 4, 7)",vi,C,A,F,5.625,2.0
46,C,F,4,F,"(0, 4, 7)",vi,C,A,F,5.75,2.0
47,C,F,4,F,"(0, 4, 7)",vi,C,A,F,5.875,2.0
48,C,F,0,F,"(2, 5, 9)",vi,D,A,F,6.0,2.0
49,C,F,1,F,"(2, 5, 9)",vi,D,A,F,6.125,2.0
50,C,F,2,F,"(2, 5, 9)",vi,D,A,F,6.25,2.0
51,C,F,2,F,"(2, 5, 9)",vi,D,A,F,6.375,2.0
52,A,F,3,F,"(2, 5, 9)",vi,D,A,F,6.5,2.0
53,A,F,3,F,"(2, 5, 9)",vi,D,A,F,6.625,2.0
54,A,F,3,F,"(2, 5, 9)",vi,D,A,F,6.75,2.0
55,A,F,3,F,"(2, 5, 9)",vi,D,A,F,6.875,2.0
56,A,D,4,F,"(2, 5, 9)",ii,D,F,C,7.0,2.0
57,A,D,4,F,"(2, 5, 9)",ii,D,F,C,7.125,2.0
58,A,D,4,F,"(2, 5, 9)",ii,D,F,C,7.25,2.0
59,A,D,4,F,"(2, 5, 9)",ii,D,F,C,7.375,2.0
60,A,D,3,F,"(2, 5, 9)",ii,D,F,C,7.5,2.0
61,A,D,3,F,"(2, 5, 9)",ii,D,F,C,7.625,2.0
62,A,D,3,F,"(2, 5, 9)",ii,D,F,C,7.75,2.0
63,A,D,3,F,"(2, 5, 9)",ii,D,F,C,7.875,2.0
64,G,C,0,F,"(0, 4, 7)",V,C,E,F,8.0,3.0
65,G,C,1,F,"(0, 4, 7)",V,C,E,F,8.125,3.0
66,G,C,2,F,"(0, 4, 7)",V,C,E,F,8.25,3.0
67,G,C,2,F,"(0, 4, 7)",V,C,E,F,8.375,3.0
68,G,C,3,F,"(0, 4, 7)",V,C,E,F,8.5,3.0
69,G,C,3,F,"(0, 4, 7)",V,C,E,F,8.625,3.0
70,G,C,3,F,"(0, 4, 7)",V,C,E,F,8.75,3.0
71,G,C,3,F,"(0, 4, 7)",V,C,E,F,8.875,3.0
72,G,C,4,F,"(0, 4, 7)",V,C,E,F,9.0,3.0
73,G,C,4,F,"(0, 4, 7)",V,C,E,F,9.125,3.0
74,G,C,4,F,"(0, 4, 7)",V,C,E,F,9.25,3.0
75,G,C,4,F,"(0, 4, 7)",V,C,E,F,9.375,3.0
76,G,C,4,F,"(0, 4, 7)",V,C,E,F,9.5,3.0
77,G,C,4,F,"(0, 4, 7)",V,C,E,F,9.625,3.0
78,G,C,4,F,"(0, 4, 7)",V,C,E,F,9.75,3.0
79,G,C,4,F,"(0, 4, 7)",V,C,E,F,9.875,3.0
80,G,C,5,F,"(0, 4, 7)",V,C,E,F,10.0,3.0
81,G,C,5,F,"(0, 4, 7)",V,C,E,F,10.125,3.0
82,G,C,5,F,"(0, 4, 7)",V,C,E,F,10.25,3.0
83,G,C,5,F,"(0, 4, 7)",V,C,E,F,10.375,3.0
84,G,C,5,F,"(0, 4, 7)",V,C,E,F,10.5,3.0
85,G,C,5,F,"(0, 4, 7)",V,C,E,F,10.625,3.0
86,G,C,5,F,"(0, 4, 7)",V,C,E,F,10.75,3.0
87,G,C,5,F,"(0, 4, 7)",V,C,E,F,10.875,3.0
88,G,C,5,F,"(0, 4, 7)",V,C,E,F,11.0,3.0
89,G,C,5,F,"(0, 4, 7)",V,C,E,F,11.125,3.0
90,G,C,5,F,"(0, 4, 7)",V,C,E,F,11.25,3.0
91,G,C,5,F,"(0, 4, 7)",V,C,E,F,11.375,3.0
92,G,C,5,F,"(0, 4, 7)",V,C,E,F,11.5,3.0
93,G,C,5,F,"(0, 4, 7)",V,C,E,F,11.625,3.0
94,G,C,5,F,"(0, 4, 7)",V,C,E,F,11.75,3.0
95,G,C,5,F,"(0, 4, 7)",V,C,E,F,11.875,3.0
96,C,F,0,F,"(0, 5, 9)",I,F,A,F,12.0,4.0
97,C,F,1,F,"(0, 5, 9)",I,F,A,F,12.125,4.0
98,C,F,2,F,"(0, 5, 9)",I,F,A,F,12.25,4.0
99,C,F,2,F,"(0, 5, 9)",I,F,A,F,12.375,4.0
100,C,F,3,F,"(0, 5, 9)",I,F,A,F,12.5,4.0
101,C,F,3,F,"(0, 5, 9)",I,F,A,F,12.625,4.0
102,C,F,3,F,"(0, 5, 9)",I,F,A,F,12.75,4.0
103,C,F,3,F,"(0, 5, 9)",I,F,A,F,12.875,4.0
104,C,F,4,F,"(0, 5, 9)",I,F,A,F,13.0,4.0
105,C,F,4,F,"(0, 5, 9)",I,F,A,F,13.125,4.0
106,C,F,4,F,"(0, 5, 9)",I,F,A,F,13.25,4.0
107,C,F,4,F,"(0, 5, 9)",I,F,A,F,13.375,4.0
108,C,F,4,F,"(0, 5, 9)",I,F,A,F,13.5,4.0
109,C,F,4,F,"(0, 5, 9)",I,F,A,F,13.625,4.0
110,C,F,4,F,"(0, 5, 9)",I,F,A,F,13.75,4.0
111,C,F,4,F,"(0, 5, 9)",I,F,A,F,13.875,4.0
112,C,F,5,F,"(0, 5, 9)",I,F,A,F,14.0,4.0
113,C,F,5,F,"(0, 5, 9)",I,F,A,F,14.125,4.0
114,C,F,5,F,"(0, 5, 9)",I,F,A,F,14.25,4.0
115,C,F,5,F,"(0, 5, 9)",I,F,A,F,14.375,4.0
116,C,F,5,F,"(0, 5, 9)",I,F,A,F,14.5,4.0
117,C,F,5,F,"(0, 5, 9)",I,F,A,F,14.625,4.0
118,C,F,5,F,"(0, 5, 9)",I,F,A,F,14.75,4.0
119,C,F,5,F,"(0, 5, 9)",I,F,A,F,14.875,4.0
120,C,F,5,F,"(0, 5, 9)",I,F,A,F,15.0,4.0
121,C,F,5,F,"(0, 5, 9)",I,F,A,F,15.125,4.0
122,C,F,5,F,"(0, 5, 9)",I,F,A,F,15.25,4.0
123,C,F,5,F,"(0, 5, 9)",I,F,A,F,15.375,4.0
124,C,F,5,F,"(0, 5, 9)",I,F,A,F,15.5,4.0
125,C,F,5,F,"(0, 5, 9)",I,F,A,F,15.625,4.0
126,C,F,5,F,"(0, 5, 9)",I,F,A,F,15.75,4.0
127,C,F,5,F,"(0, 5, 9)",I,F,A,F,15.875,4.0
128,C,E,0,F,"(0, 4, 7)",V,C,E,F,16.0,5.0
129,C,E,1,F,"(0, 4, 7)",V,C,E,F,16.125,5.0
130,C,E,2,F,"(0, 4, 7)",V,C,E,F,16.25,5.0
131,C,E,2,F,"(0, 4, 7)",V,C,E,F,16.375,5.0
132,C,E,3,F,"(0, 4, 7)",V,C,E,F,16.5,5.0
133,C,E,3,F,"(0, 4, 7)",V,C,E,F,16.625,5.0
134,C,E,3,F,"(0, 4, 7)",V,C,E,F,16.75,5.0
135,C,E,3,F,"(0, 4, 7)",V,C,E,F,16.875,5.0
136,C,E,4,F,"(0, 4, 7)",V,C,E,F,17.0,5.0
137,C,E,4,F,"(0, 4, 7)",V,C,E,F,17.125,5.0
138,C,E,4,F,"(0, 4, 7)",V,C,E,F,17.25,5.0
139,C,E,4,F,"(0, 4, 7)",V,C,E,F,17.375,5.0
140,C,E,4,F,"(0, 4, 7)",V,C,E,F,17.5,5.0
141,C,E,4,F,"(0, 4, 7)",V,C,E,F,17.625,5.0
142,C,E,4,F,"(0, 4, 7)",V,C,E,F,17.75,5.0
143,C,E,4,F,"(0, 4, 7)",V,C,E,F,17.875,5.0
144,G,C,5,F,"(0, 4, 7)",V,C,E,F,18.0,5.0
145,G,C,5,F,"(0, 4, 7)",V,C,E,F,18.125,5.0
146,G,C,5,F,"(0, 4, 7)",V,C,E,F,18.25,5.0
147,G,C,5,F,"(0, 4, 7)",V,C,E,F,18.375,5.0
148,G,C,5,F,"(0, 4, 7)",V,C,E,F,18.5,5.0
149,G,C,5,F,"(0, 4, 7)",V,C,E,F,18.625,5.0
150,G,C,5,F,"(0, 4, 7)",V,C,E,F,18.75,5.0
151,G,C,5,F,"(0, 4, 7)",V,C,E,F,18.875,5.0
152,G,C,5,F,"(0, 4, 7)",V,C,E,F,19.0,5.0
153,G,C,5,F,"(0, 4, 7)",V,C,E,F,19.125,5.0
154,G,C,5,F,"(0, 4, 7)",V,C,E,F,19.25,5.0
155,G,C,5,F,"(0, 4, 7)",V,C,E,F,19.375,5.0
156,G,C,5,F,"(0, 4, 7)",V,C,E,F,19.5,5.0
157,G,C,5,F,"(0, 4, 7)",V,C,E,F,19.625,5.0
158,G,C,5,F,"(0, 4, 7)",V,C,E,F,19.75,5.0
159,G,C,5,F,"(0, 4, 7)",V,C,E,F,19.875,5.0
160,A,D,0,F,"(2, 5, 9)",V,D,F,C,20.0,6.0
161,D,D,1,F,"(2, 5, 9)",ii,C,F,C,20.125,6.0
162,D,D,2,F,"(2, 5, 9)",ii,C,F,C,20.25,6.0
163,D,D,2,F,"(2, 5, 9)",ii,C,F,C,20.375,6.0
164,A,D,3,F,"(2, 5, 9)",ii,C,F,C,20.5,6.0
165,A,D,3,F,"(2, 5, 9)",ii,C,F,C,20.625,6.0
166,A,D,3,F,"(2, 5, 9)",ii,C,F,C,20.75,6.0
167,A,D,3,F,"(2, 5, 9)",ii,C,F,C,20.875,6.0
168,D,D,4,F,"(2, 5, 9)",ii,C,F,C,21.0,6.0
169,A,D,4,F,"(2, 5, 9)",ii,C,F,C,21.125,6.0
170,A,D,4,F,"(2, 5, 9)",ii,C,F,C,21.25,6.0
171,A,D,4,F,"(2, 5, 9)",ii,C,F,C,21.375,6.0
172,D,D,4,F,"(2, 5, 9)",ii,C,F,C,21.5,6.0
173,D,D,4,F,"(2, 5, 9)",ii,C,F,C,21.625,6.0
174,D,D,4,F,"(2, 5, 9)",ii,C,F,C,21.75,6.0
175,D,D,4,F,"(2, 5, 9)",ii,C,F,C,21.875,6.0
176,D,G,0,F,"(2, 7, 11)",V,G,B,C,22.0,6.0
177,D,G,1,F,"(2, 7, 11)",V,G,B,C,22.125,6.0
178,D,G,2,F,"(2, 7, 11)",V,G,B,C,22.25,6.0
179,D,G,2,F,"(2, 7, 11)",V,G,B,C,22.375,6.0
180,D,G,3,F,"(2, 7, 11)",V,G,B,C,22.5,6.0
181,D,G,3,F,"(2, 7, 11)",V,G,B,C,22.625,6.0
182,D,G,3,F,"(2, 7, 11)",V,G,B,C,22.75,6.0
183,D,G,3,F,"(2, 7, 11)",V,G,B,C,22.875,6.0
184,D,G,4,F,"(2, 7, 11)",V,G,B,C,23.0,6.0
185,D,G,4,F,"(2, 7, 11)",V,G,B,C,23.125,6.0
186,D,G,4,F,"(2, 7, 11)",V,G,B,C,23.25,6.0
187,D,G,4,F,"(2, 7, 11)",V,G,B,C,23.375,6.0
188,D,G,4,F,"(2, 7, 11)",V,G,B,C,23.5,6.0
189,D,G,4,F,"(2, 7, 11)",V,G,B,C,23.625,6.0
190,D,G,4,F,"(2, 7, 11)",V,G,B,C,23.75,6.0
191,D,G,4,F,"(2, 7, 11)",V,G,B,C,23.875,6.0
192,G,C,0,F,"(0, 4, 7)",V,C,E,F,24.0,7.0
193,G,C,1,F,"(0, 4, 7)",V,C,E,F,24.125,7.0
194,G,C,2,F,"(0, 4, 7)",V,C,E,F,24.25,7.0
195,G,C,2,F,"(0, 4, 7)",V,C,E,F,24.375,7.0
196,G,C,3,F,"(0, 4, 7)",V,C,E,F,24.5,7.0
197,G,C,3,F,"(0, 4, 7)",V,C,E,F,24.625,7.0
198,G,C,3,F,"(0, 4, 7)",V,C,E,F,24.75,7.0
199,G,C,3,F,"(0, 4, 7)",V,C,E,F,24.875,7.0
200,G,C,4,F,"(0, 4, 7)",V,C,E,F,25.0,7.0
201,G,C,4,F,"(0, 4, 7)",V,C,E,F,25.125,7.0
202,G,C,4,F,"(0, 4, 7)",V,C,E,F,25.25,7.0
203,G,C,4,F,"(0, 4, 7)",V,C,E,F,25.375,7.0
204,G,C,4,F,"(0, 4, 7)",V,C,E,F,25.5,7.0
205,G,C,4,F,"(0, 4, 7)",V,C,E,F,25.625,7.0
206,G,C,4,F,"(0, 4, 7)",V,C,E,F,25.75,7.0
207,G,C,4,F,"(0, 4, 7)",V,C,E,F,25.875,7.0
208,G,C,5,F,"(0, 4, 7)",V,C,E,F,26.0,7.0
209,G,C,5,F,"(0, 4, 7)",V,C,E,F,26.125,7.0
210,G,C,5,F,"(0, 4, 7)",V,C,E,F,26.25,7.0
211,G,C,5,F,"(0, 4, 7)",V,C,E,F,26.375,7.0
212,G,C,5,F,"(0, 4, 7)",V,C,E,F,26.5,7.0
213,G,C,5,F,"(0, 4, 7)",V,C,E,F,26.625,7.0
214,G,C,5,F,"(0, 4, 7)",V,C,E,F,26.75,7.0
215,G,C,5,F,"(0, 4, 7)",V,C,E,F,26.875,7.0
216,G,C,5,F,"(0, 4, 7)",V,C,E,F,27.0,7.0
217,G,C,5,F,"(0, 4, 7)",V,C,E,F,27.125,7.0
218,G,C,5,F,"(0, 4, 7)",V,C,E,F,27.25,7.0
219,G,C,5,F,"(0, 4, 7)",V,C,E,F,27.375,7.0
220,G,C,5,F,"(0, 4, 7)",V,C,E,F,27.5,7.0
221,G,C,5,F,"(0, 4, 7)",V,C,E,F,27.625,7.0
222,G,C,5,F,"(0, 4, 7)",V,C,E,F,27.75,7.0
223,G,C,5,F,"(0, 4, 7)",V,C,E,F,27.875,7.0
224,C,C,0,F,"(0, 4, 7)",I,F,E,F,28.0,8.0
225,C,C,1,F,"(0, 4, 7)",I,F,E,F,28.125,8.0
226,C,C,2,F,"(0, 4, 7)",I,F,E,F,28.25,8.0
227,C,C,2,F,"(0, 4, 7)",I,F,E,F,28.375,8.0
228,C,C,3,F,"(0, 4, 7)",I,F,E,F,28.5,8.0
229,C,C,3,F,"(0, 4, 7)",I,F,E,F,28.625,8.0
230,C,C,3,F,"(0, 4, 7)",I,F,E,F,28.75,8.0
231,C,C,3,F,"(0, 4, 7)",I,F,E,F,28.875,8.0
232,G,C,4,F,"(0, 4, 7)",I,C,E,F,29.0,8.0
233,G,C,4,F,"(0, 4, 7)",I,C,E,F,29.125,8.0
234,G,C,4,F,"(0, 4, 7)",I,C,E,F,29.25,8.0
235,G,C,4,F,"(0, 4, 7)",I,C,E,F,29.375,8.0
236,G,C,4,F,"(0, 4, 7)",I,C,E,F,29.5,8.0
237,G,C,4,F,"(0, 4, 7)",I,C,E,F,29.625,8.0
238,G,C,4,F,"(0, 4, 7)",I,C,E,F,29.75,8.0
239,G,C,4,F,"(0, 4, 7)",I,C,E,F,29.875,8.0
240,F,B-,0,F,"(0, 5, 9)",I,B-,D,F,30.0,8.0
241,F,B-,1,F,"(0, 5, 9)",I,B-,D,F,30.125,8.0
242,F,B-,2,F,"(0, 5, 9)",I,B-,D,F,30.25,8.0
243,F,B-,2,F,"(0, 5, 9)",I,B-,D,F,30.375,8.0
244,F,B-,3,F,"(0, 5, 9)",I,B-,D,F,30.5,8.0
245,F,B-,3,F,"(0, 5, 9)",I,B-,D,F,30.625,8.0
246,F,B-,3,F,"(0, 5, 9)",I,B-,D,F,30.75,8.0
247,F,B-,3,F,"(0, 5, 9)",I,B-,D,F,30.875,8.0
248,F,A,0,F,"(0, 5, 9)",I,F,C,F,31.0,8.0
249,F,A,1,F,"(0, 5, 9)",I,F,C,F,31.125,8.0
250,F,A,2,F,"(0, 5, 9)",I,F,C,F,31.25,8.0
251,F,A,2,F,"(0, 5, 9)",I,F,C,F,31.375,8.0
252,F,A,3,F,"(0, 5, 9)",I,F,C,F,31.5,8.0
253,F,A,3,F,"(0, 5, 9)",I,F,C,F,31.625,8.0
254,F,A,3,F,"(0, 5, 9)",I,F,C,F,31.75,8.0
255,F,A,3,F,"(0, 5, 9)",I,F,C,F,31.875,8.0
256,C,F,0,F,"(0, 5, 9)",I,F,A,F,32.0,9.0
257,C,F,1,F,"(0, 5, 9)",I,F,A,F,32.125,9.0
258,C,F,2,F,"(0, 5, 9)",I,F,A,F,32.25,9.0
259,C,F,2,F,"(0, 5, 9)",I,F,A,F,32.375,9.0
260,C,F,3,F,"(0, 5, 9)",I,F,A,F,32.5,9.0
261,C,F,3,F,"(0, 5, 9)",I,F,A,F,32.625,9.0
262,C,F,3,F,"(0, 5, 9)",I,F,A,F,32.75,9.0
263,C,F,3,F,"(0, 5, 9)",I,F,A,F,32.875,9.0
264,C,C,4,F,"(0, 5, 9)",I,B-,E,F,33.0,9.0
265,C,C,4,F,"(0, 5, 9)",I,B-,E,F,33.125,9.0
266,C,C,4,F,"(0, 5, 9)",I,B-,E,F,33.25,9.0
267,C,C,4,F,"(0, 5, 9)",I,B-,E,F,33.375,9.0
268,C,C,4,F,"(0, 5, 9)",I,B-,E,F,33.5,9.0
269,C,C,4,F,"(0, 5, 9)",I,B-,E,F,33.625,9.0
270,C,C,4,F,"(0, 5, 9)",I,B-,E,F,33.75,9.0
271,C,C,4,F,"(0, 5, 9)",I,B-,E,F,33.875,9.0
272,F,B-,0,F,"(2, 5, 10)",IV,B-,D,F,34.0,9.0
273,F,B-,1,F,"(2, 5, 10)",IV,B-,D,F,34.125,9.0
274,F,B-,2,F,"(2, 5, 10)",IV,B-,D,F,34.25,9.0
275,F,B-,2,F,"(2, 5, 10)",IV,B-,D,F,34.375,9.0
276,F,B-,3,F,"(2, 5, 10)",IV,B-,D,F,34.5,9.0
277,F,B-,3,F,"(2, 5, 10)",IV,B-,D,F,34.625,9.0
278,F,B-,3,F,"(2, 5, 10)",IV,B-,D,F,34.75,9.0
279,F,B-,3,F,"(2, 5, 10)",IV,B-,D,F,34.875,9.0
280,F,B-,0,F,"(0, 5, 9)",V,G,C,F,35.0,9.0
281,F,B-,1,F,"(0, 5, 9)",V,F,C,F,35.125,9.0
282,F,B-,2,F,"(0, 5, 9)",V,F,C,F,35.25,9.0
283,F,B-,2,F,"(0, 5, 9)",V,F,C,F,35.375,9.0
284,G,C,3,F,"(0, 5, 9)",V,G,C,F,35.5,9.0
285,G,C,3,F,"(0, 5, 9)",V,G,E,F,35.625,9.0
286,G,C,3,F,"(0, 5, 9)",V,G,E,F,35.75,9.0
287,G,C,3,F,"(0, 5, 9)",V,G,E,F,35.875,9.0
288,C,F,0,F,"(0, 5, 9)",I,F,A,F,36.0,10.0
289,C,F,1,F,"(0, 5, 9)",I,F,A,F,36.125,10.0
290,C,F,2,F,"(0, 5, 9)",I,F,A,F,36.25,10.0
291,C,F,2,F,"(0, 5, 9)",I,F,A,F,36.375,10.0
292,C,F,3,F,"(0, 5, 9)",I,F,A,F,36.5,10.0
293,C,F,3,F,"(0, 5, 9)",I,F,A,F,36.625,10.0
294,C,F,3,F,"(0, 5, 9)",I,F,A,F,36.75,10.0
295,C,F,3,F,"(0, 5, 9)",I,F,A,F,36.875,10.0
296,C,F,0,F,"(0, 5, 9)",I,C,G,F,37.0,10.0
297,C,F,4,F,"(0, 5, 9)",I,C,G,F,37.125,10.0
298,C,F,4,F,"(0, 5, 9)",I,C,G,F,37.25,10.0
299,C,F,4,F,"(0, 5, 9)",I,C,G,F,37.375,10.0
300,C,F,4,F,"(0, 5, 9)",I,C,G,F,37.5,10.0
301,C,F,4,F,"(0, 5, 9)",I,C,G,F,37.625,10.0
302,C,F,4,F,"(0, 5, 9)",I,C,G,F,37.75,10.0
303,C,F,4,F,"(0, 5, 9)",I,C,G,F,37.875,10.0
304,C,F,0,F,"(0, 5, 9)",I,F,A,F,38.0,10.0
305,C,F,1,F,"(0, 5, 9)",I,F,A,F,38.125,10.0
306,C,F,2,F,"(0, 5, 9)",I,F,A,F,38.25,10.0
307,C,F,2,F,"(0, 5, 9)",I,F,A,F,38.375,10.0
308,C,F,3,F,"(0, 5, 9)",I,F,A,F,38.5,10.0
309,C,F,3,F,"(0, 5, 9)",I,F,A,F,38.625,10.0
310,C,F,3,F,"(0, 5, 9)",I,F,A,F,38.75,10.0
311,C,F,3,F,"(0, 5, 9)",I,F,A,F,38.875,10.0
312,B-,D,0,F,"(2, 5, 10)",IV,B-,F,F,39.0,10.0
313,B-,D,1,F,"(2, 5, 10)",IV,B-,F,F,39.125,10.0
314,B-,D,2,F,"(2, 5, 10)",IV,B-,F,F,39.25,10.0
315,B-,D,2,F,"(2, 5, 10)",IV,B-,F,F,39.375,10.0
316,B-,D,3,F,"(2, 5, 10)",IV,B-,F,F,39.5,10.0
317,B-,D,3,F,"(2, 5, 10)",IV,B-,F,F,39.625,10.0
318,B-,D,3,F,"(2, 5, 10)",IV,B-,F,F,39.75,10.0
319,B-,D,3,F,"(2, 5, 10)",IV,B-,F,F,39.875,10.0
320,G,C,0,F,"(0, 4, 7)",V,C,E,F,40.0,11.0
321,G,C,1,F,"(0, 4, 7)",V,C,E,F,40.125,11.0
322,G,C,2,F,"(0, 4, 7)",V,C,E,F,40.25,11.0
323,G,C,2,F,"(0, 4, 7)",V,C,E,F,40.375,11.0
324,G,C,3,F,"(0, 4, 7)",V,C,E,F,40.5,11.0
325,G,C,3,F,"(0, 4, 7)",V,C,E,F,40.625,11.0
326,G,C,3,F,"(0, 4, 7)",V,C,E,F,40.75,11.0
327,G,C,3,F,"(0, 4, 7)",V,C,E,F,40.875,11.0
328,G,C,4,F,"(0, 4, 7)",V,C,E,F,41.0,11.0
329,G,C,4,F,"(0, 4, 7)",V,C,E,F,41.125,11.0
330,G,C,4,F,"(0, 4, 7)",V,C,E,F,41.25,11.0
331,G,C,4,F,"(0, 4, 7)",V,C,E,F,41.375,11.0
332,G,C,4,F,"(0, 4, 7)",V,C,E,F,41.5,11.0
333,G,C,4,F,"(0, 4, 7)",V,C,E,F,41.625,11.0
334,G,C,4,F,"(0, 4, 7)",V,C,E,F,41.75,11.0
335,G,C,4,F,"(0, 4, 7)",V,C,E,F,41.875,11.0
336,G,C,5,F,"(0, 4, 7)",V,C,E,F,42.0,11.0
337,G,C,5,F,"(0, 4, 7)",V,C,E,F,42.125,11.0
338,G,C,5,F,"(0, 4, 7)",V,C,E,F,42.25,11.0
339,G,C,5,F,"(0, 4, 7)",V,C,E,F,42.375,11.0
340,G,C,5,F,"(0, 4, 7)",V,C,E,F,42.5,11.0
341,G,C,5,F,"(0, 4, 7)",V,C,E,F,42.625,11.0
342,G,C,5,F,"(0, 4, 7)",V,C,E,F,42.75,11.0
343,G,C,5,F,"(0, 4, 7)",V,C,E,F,42.875,11.0
344,G,C,5,F,"(0, 4, 7)",V,C,E,F,43.0,11.0
345,G,C,5,F,"(0, 4, 7)",V,C,E,F,43.125,11.0
346,G,C,5,F,"(0, 4, 7)",V,C,E,F,43.25,11.0
347,G,C,5,F,"(0, 4, 7)",V,C,E,F,43.375,11.0
348,G,C,5,F,"(0, 4, 7)",V,C,E,F,43.5,11.0
349,G,C,5,F,"(0, 4, 7)",V,C,E,F,43.625,11.0
350,G,C,5,F,"(0, 4, 7)",V,C,E,F,43.75,11.0
351,G,C,5,F,"(0, 4, 7)",V,C,E,F,43.875,11.0
352,C,F,0,F,"(0, 5, 9)",I,F,A,F,44.0,12.0
353,C,F,1,F,"(0, 5, 9)",I,F,A,F,44.125,12.0
354,C,F,2,F,"(0, 5, 9)",I,F,A,F,44.25,12.0
355,C,F,2,F,"(0, 5, 9)",I,F,A,F,44.375,12.0
356,C,F,3,F,"(0, 5, 9)",I,F,A,F,44.5,12.0
357,C,F,3,F,"(0, 5, 9)",I,F,A,F,44.625,12.0
358,C,F,3,F,"(0, 5, 9)",I,F,A,F,44.75,12.0
359,C,F,3,F,"(0, 5, 9)",I,F,A,F,44.875,12.0
360,C,F,4,F,"(0, 5, 9)",I,F,A,F,45.0,12.0
361,C,F,4,F,"(0, 5, 9)",I,F,A,F,45.125,12.0
362,C,F,4,F,"(0, 5, 9)",I,F,A,F,45.25,12.0
363,C,F,4,F,"(0, 5, 9)",I,F,A,F,45.375,12.0
364,C,F,4,F,"(0, 5, 9)",I,F,A,F,45.5,12.0
365,C,F,4,F,"(0, 5, 9)",I,F,A,F,45.625,12.0
366,C,F,4,F,"(0, 5, 9)",I,F,A,F,45.75,12.0
367,C,F,4,F,"(0, 5, 9)",I,F,A,F,45.875,12.0
368,C,F,5,F,"(0, 5, 9)",I,F,A,F,46.0,12.0
369,C,F,5,F,"(0, 5, 9)",I,F,A,F,46.125,12.0
370,C,F,5,F,"(0, 5, 9)",I,F,A,F,46.25,12.0
371,C,F,5,F,"(0, 5, 9)",I,F,A,F,46.375,12.0
372,C,F,5,F,"(0, 5, 9)",I,F,A,F,46.5,12.0
373,C,F,5,F,"(0, 5, 9)",I,F,A,F,46.625,12.0
374,C,F,5,F,"(0, 5, 9)",I,F,A,F,46.75,12.0
375,C,F,5,F,"(0, 5, 9)",I,F,A,F,46.875,12.0
376,C,F,5,F,"(0, 5, 9)",I,F,A,F,47.0,12.0
377,C,F,5,F,"(0, 5, 9)",I,F,A,F,47.125,12.0
378,C,F,5,F,"(0, 5, 9)",I,F,A,F,47.25,12.0
379,C,F,5,F,"(0, 5, 9)",I,F,A,F,47.375,12.0
380,C,F,5,F,"(0, 5, 9)",I,F,A,F,47.5,12.0
381,C,F,5,F,"(0, 5, 9)",I,F,A,F,47.625,12.0
382,C,F,5,F,"(0, 5, 9)",I,F,A,F,47.75,12.0
383,C,F,5,F,"(0, 5, 9)",I,F,A,F,47.875,12.0
384,C,F,0,F,"(0, 5, 9)",I,F,A,F,48.0,13.0
385,C,F,1,F,"(0, 5, 9)",I,F,A,F,48.125,13.0
386,C,F,2,F,"(0, 5, 9)",I,F,A,F,48.25,13.0
387,C,F,2,F,"(0, 5, 9)",I,F,A,F,48.375,13.0
388,C,F,3,F,"(0, 5, 9)",I,F,A,F,48.5,13.0
389,C,F,3,F,"(0, 5, 9)",I,F,A,F,48.625,13.0
390,C,F,3,F,"(0, 5, 9)",I,F,A,F,48.75,13.0
391,C,F,3,F,"(0, 5, 9)",I,F,A,F,48.875,13.0
392,C,F,4,F,"(0, 5, 9)",I,F,A,F,49.0,13.0
393,C,F,4,F,"(0, 5, 9)",I,F,A,F,49.125,13.0
394,C,F,4,F,"(0, 5, 9)",I,F,A,F,49.25,13.0
395,C,F,4,F,"(0, 5, 9)",I,F,A,F,49.375,13.0
396,C,F,4,F,"(0, 5, 9)",I,F,A,F,49.5,13.0
397,C,F,4,F,"(0, 5, 9)",I,F,A,F,49.625,13.0
398,C,F,4,F,"(0, 5, 9)",I,F,A,F,49.75,13.0
399,C,F,4,F,"(0, 5, 9)",I,F,A,F,49.875,13.0
400,C,F,5,F,"(0, 5, 9)",I,F,A,F,50.0,13.0
401,C,F,5,F,"(0, 5, 9)",I,F,A,F,50.125,13.0
402,C,F,5,F,"(0, 5, 9)",I,F,A,F,50.25,13.0
403,C,F,5,F,"(0, 5, 9)",I,F,A,F,50.375,13.0
404,C,F,5,F,"(0, 5, 9)",I,F,A,F,50.5,13.0
405,C,F,5,F,"(0, 5, 9)",I,F,A,F,50.625,13.0
406,C,F,5,F,"(0, 5, 9)",I,F,A,F,50.75,13.0
407,C,F,5,F,"(0, 5, 9)",I,F,A,F,50.875,13.0
408,C,C,5,F,"(0, 4, 7)",V,F,E,F,51.0,13.0
409,C,C,5,F,"(0, 4, 7)",V,F,E,F,51.125,13.0
410,C,C,5,F,"(0, 4, 7)",V,F,E,F,51.25,13.0
411,C,C,5,F,"(0, 4, 7)",V,F,E,F,51.375,13.0
412,C,C,5,F,"(0, 4, 7)",V,F,E,F,51.5,13.0
413,C,C,5,F,"(0, 4, 7)",V,F,E,F,51.625,13.0
414,C,C,5,F,"(0, 4, 7)",V,C,E,F,51.75,13.0
415,C,C,5,F,"(0, 4, 7)",V,C,E,F,51.875,13.0
416,C,F,0,F,"(0, 5, 9)",I,F,A,F,52.0,14.0
417,C,F,1,F,"(0, 5, 9)",I,F,A,F,52.125,14.0
418,C,F,2,F,"(0, 5, 9)",I,F,A,F,52.25,14.0
419,C,F,2,F,"(0, 5, 9)",I,F,A,F,52.375,14.0
420,C,F,3,F,"(0, 5, 9)",I,F,A,F,52.5,14.0
421,C,F,3,F,"(0, 5, 9)",I,F,A,F,52.625,14.0
422,C,F,3,F,"(0, 5, 9)",I,F,A,F,52.75,14.0
423,C,F,3,F,"(0, 5, 9)",I,F,A,F,52.875,14.0
424,C,E,0,F,"(0, 4, 7)",V,C,G,F,53.0,14.0
425,C,E,1,F,"(0, 4, 7)",V,C,G,F,53.125,14.0
426,C,E,2,F,"(0, 4, 7)",V,C,G,F,53.25,14.0
427,C,E,2,F,"(0, 4, 7)",V,C,G,F,53.375,14.0
428,C,E,3,F,"(0, 4, 7)",V,C,G,F,53.5,14.0
429,C,E,3,F,"(0, 4, 7)",V,C,G,F,53.625,14.0
430,C,E,3,F,"(0, 4, 7)",V,C,G,F,53.75,14.0
431,C,E,3,F,"(0, 4, 7)",V,C,G,F,53.875,14.0
432,C,F,0,F,"(0, 5, 9)",I,F,A,F,54.0,14.0
433,C,F,1,F,"(0, 5, 9)",I,F,A,F,54.125,14.0
434,C,F,2,F,"(0, 5, 9)",I,F,A,F,54.25,14.0
435,C,F,2,F,"(0, 5, 9)",I,F,A,F,54.375,14.0
436,C,F,3,F,"(0, 5, 9)",I,F,A,F,54.5,14.0
437,C,F,3,F,"(0, 5, 9)",I,F,A,F,54.625,14.0
438,C,F,3,F,"(0, 5, 9)",I,F,A,F,54.75,14.0
439,C,F,3,F,"(0, 5, 9)",I,F,A,F,54.875,14.0
440,A,D,0,F,"(0, 2, 5, 9)",V7,B,F,F,55.0,14.0
441,A,D,1,F,"(0, 2, 5, 9)",V7,B,F,F,55.125,14.0
442,A,D,2,F,"(0, 2, 5, 9)",V7,B,F,C,55.25,14.0
443,A,D,2,F,"(0, 2, 5, 9)",V7,B,F,C,55.375,14.0
444,A,D,3,F,"(0, 2, 5, 9)",V7,C,F,C,55.5,14.0
445,A,D,3,F,"(0, 2, 5, 9)",V7,C,F,C,55.625,14.0
446,A,D,3,F,"(0, 2, 5, 9)",V7,C,F,C,55.75,14.0
447,A,D,3,F,"(0, 2, 5, 9)",V7,C,F,C,55.875,14.0
448,G,C,0,F,"(0, 4, 7)",I,C,E,F,56.0,15.0
449,G,C,1,F,"(0, 4, 7)",I,F,E,F,56.125,15.0
450,G,C,2,F,"(0, 4, 7)",I,C,E,F,56.25,15.0
451,G,C,2,F,"(0, 4, 7)",I,C,E,F,56.375,15.0
452,G,C,3,F,"(0, 5, 9)",I,F,E,F,56.5,15.0
453,G,C,3,F,"(0, 5, 9)",I,F,E,F,56.625,15.0
454,G,C,3,F,"(0, 5, 9)",I,F,E,F,56.75,15.0
455,G,C,3,F,"(0, 5, 9)",I,F,E,F,56.875,15.0
456,G,C,4,F,"(0, 4, 7)",I,C,E,F,57.0,15.0
457,G,C,4,F,"(0, 4, 7)",I,C,E,F,57.125,15.0
458,G,C,4,F,"(0, 4, 7)",I,C,E,F,57.25,15.0
459,G,C,4,F,"(0, 4, 7)",I,C,E,F,57.375,15.0
460,G,C,4,F,"(0, 4, 7)",I,C,E,F,57.5,15.0
461,G,C,4,F,"(0, 4, 7)",I,C,E,F,57.625,15.0
462,G,C,4,F,"(0, 4, 7)",I,C,E,F,57.75,15.0
463,G,C,4,F,"(0, 4, 7)",I,C,E,F,57.875,15.0
464,G,C,5,F,"(0, 4, 7)",I,C,E,F,58.0,15.0
465,G,C,5,F,"(0, 4, 7)",I,C,E,F,58.125,15.0
466,G,C,5,F,"(0, 4, 7)",I,C,E,F,58.25,15.0
467,G,C,5,F,"(0, 4, 7)",I,C,E,F,58.375,15.0
468,G,C,5,F,"(0, 4, 7)",I,C,E,F,58.5,15.0
469,G,C,5,F,"(0, 4, 7)",I,C,E,F,58.625,15.0
470,G,C,5,F,"(0, 4, 7)",I,C,E,F,58.75,15.0
471,G,C,5,F,"(0, 4, 7)",I,C,E,F,58.875,15.0
472,G,C,5,F,"(0, 4, 7)",I,C,E,F,59.0,15.0
473,G,C,5,F,"(0, 4, 7)",I,C,E,F,59.125,15.0
474,G,C,5,F,"(0, 4, 7)",I,C,E,F,59.25,15.0
475,G,C,5,F,"(0, 4, 7)",I,C,E,F,59.375,15.0
476,G,C,5,F,"(0, 4, 7)",I,C,E,F,59.5,15.0
477,G,C,5,F,"(0, 4, 7)",I,C,E,F,59.625,15.0
478,G,C,5,F,"(0, 4, 7)",I,C,E,F,59.75,15.0
479,G,C,5,F,"(0, 4, 7)",V,C,E,F,59.875,15.0
480,C,F,0,F,"(0, 5, 9)",I,F,A,F,60.0,16.0
481,C,F,1,F,"(0, 5, 9)",I,F,A,F,60.125,16.0
482,C,F,2,F,"(0, 5, 9)",I,F,A,F,60.25,16.0
483,C,F,2,F,"(0, 5, 9)",I,F,A,F,60.375,16.0
484,C,F,3,F,"(0, 5, 9)",I,F,A,F,60.5,16.0
485,C,F,3,F,"(0, 5, 9)",I,F,A,F,60.625,16.0
486,C,F,3,F,"(0, 5, 9)",I,F,A,F,60.75,16.0
487,C,F,3,F,"(0, 5, 9)",I,F,A,F,60.875,16.0
488,C,F,4,F,"(0, 5, 9)",I,F,A,F,61.0,16.0
489,C,F,4,F,"(0, 5, 9)",I,F,A,F,61.125,16.0
490,C,F,4,F,"(0, 5, 9)",I,F,A,F,61.25,16.0
491,C,F,4,F,"(0, 5, 9)",I,F,A,F,61.375,16.0
492,C,F,4,F,"(0, 5, 9)",I,F,A,F,61.5,16.0
493,C,F,4,F,"(0, 5, 9)",I,F,A,F,61.625,16.0
494,C,F,4,F,"(0, 5, 9)",I,F,A,F,61.75,16.0
495,C,F,4,F,"(0, 5, 9)",I,F,A,F,61.875,16.0
496,C,F,0,F,"(0, 5, 9)",I,F,A,F,62.0,16.0
497,C,F,1,F,"(0, 5, 9)",I,F,A,F,62.125,16.0
498,C,F,2,F,"(0, 5, 9)",I,F,A,F,62.25,16.0
499,C,F,2,F,"(0, 5, 9)",I,F,A,F,62.375,16.0
500,C,F,3,F,"(0, 5, 9)",I,F,A,F,62.5,16.0
501,C,F,3,F,"(0, 5, 9)",I,F,A,F,62.625,16.0
502,C,F,3,F,"(0, 5, 9)",I,F,A,F,62.75,16.0
503,C,F,3,F,"(0, 5, 9)",I,F,A,F,62.875,16.0
504,C,F,4,F,"(0, 5, 9)",IV,F,A,F,63.0,16.0
505,C,F,4,F,"(0, 5, 9)",IV,F,A,F,63.125,16.0
506,C,F,4,F,"(0, 5, 9)",IV,F,A,F,63.25,16.0
507,C,F,4,F,"(0, 5, 9)",IV,F,A,F,63.375,16.0
508,C,F,4,F,"(0, 5, 9)",IV,F,A,F,63.5,16.0
509,C,F,4,F,"(0, 5, 9)",IV,F,A,F,63.625,16.0
510,C,F,4,F,"(0, 5, 9)",IV,F,A,F,63.75,16.0
511,C,F,4,F,"(0, 5, 9)",IV,F,A,F,63.875,16.0
512,C,E,0,F,"(0, 4, 7)",V,C,G,C,64.0,17.0
513,C,E,1,F,"(0, 4, 7)",V,C,G,F,64.125,17.0
514,C,E,2,F,"(0, 4, 7)",V,C,G,C,64.25,17.0
515,C,E,2,F,"(0, 4, 7)",V,C,G,C,64.375,17.0
516,C,E,3,F,"(0, 4, 7)",V,C,G,F,64.5,17.0
517,C,E,3,F,"(0, 4, 7)",V,C,G,F,64.625,17.0
518,C,E,3,F,"(0, 4, 7)",V,C,G,C,64.75,17.0
519,C,E,3,F,"(0, 4, 7)",V,C,G,C,64.875,17.0
520,G,E,4,F,"(0, 4, 7)",V,C,G,C,65.0,17.0
521,G,E,4,F,"(0, 4, 7)",V,C,E,C,65.125,17.0
522,G,E,4,F,"(0, 4, 7)",V,C,E,C,65.25,17.0
523,G,E,4,F,"(0, 4, 7)",V,C,E,C,65.375,17.0
524,G,E,4,F,"(0, 4, 7)",V,C,E,C,65.5,17.0
525,G,E,4,F,"(0, 4, 7)",V,C,E,C,65.625,17.0
526,G,E,4,F,"(0, 4, 7)",V,C,E,C,65.75,17.0
527,G,E,4,F,"(0, 4, 7)",V,C,E,C,65.875,17.0
528,G,C,5,F,"(0, 4, 7)",V,C,E,F,66.0,17.0
529,G,C,1,F,"(0, 4, 7)",V,C,E,F,66.125,17.0
530,G,C,2,F,"(0, 4, 7)",V,C,E,F,66.25,17.0
531,G,C,2,F,"(0, 4, 7)",V,C,E,F,66.375,17.0
532,G,C,3,F,"(0, 4, 7)",V,C,E,F,66.5,17.0
533,G,C,3,F,"(0, 4, 7)",V,C,E,F,66.625,17.0
534,G,C,3,F,"(0, 4, 7)",V,C,E,F,66.75,17.0
535,G,C,3,F,"(0, 4, 7)",V,C,E,F,66.875,17.0
536,G,E,4,F,"(0, 4, 7)",V,C,E,F,67.0,17.0
537,G,E,4,F,"(0, 4, 7)",V,C,E,F,67.125,17.0
538,G,E,4,F,"(0, 4, 7)",V,C,E,F,67.25,17.0
539,G,E,4,F,"(0, 4, 7)",V,C,E,F,67.375,17.0
540,G,E,4,F,"(0, 4, 7)",V,C,E,F,67.5,17.0
541,G,E,4,F,"(0, 4, 7)",V,C,E,F,67.625,17.0
542,G,E,4,F,"(0, 4, 7)",V,C,E,F,67.75,17.0
543,G,E,4,F,"(0, 4, 7)",V,C,E,F,67.875,17.0
544,D,F,0,F,"(0, 5, 9)",IV,F,A,C,68.0,18.0
545,D,F,1,F,"(0, 5, 9)",IV,F,A,C,68.125,18.0
546,D,F,2,F,"(0, 5, 9)",IV,F,A,C,68.25,18.0
547,D,F,2,F,"(0, 5, 9)",IV,F,A,C,68.375,18.0
548,D,F,3,F,"(0, 5, 9)",IV,F,A,C,68.5,18.0
549,D,F,3,F,"(0, 5, 9)",IV,F,A,C,68.625,18.0
550,D,F,3,F,"(0, 5, 9)",IV,F,A,C,68.75,18.0
551,D,F,3,F,"(0, 5, 9)",IV,F,A,C,68.875,18.0
552,D,F,4,F,"(2, 5, 7, 11)",V7,F,A,C,69.0,18.0
553,D,F,4,F,"(2, 5, 7, 11)",V7,F,A,C,69.125,18.0
554,D,F,4,F,"(2, 5, 7, 11)",V7,F,A,C,69.25,18.0
555,D,F,4,F,"(2, 5, 7, 11)",V7,F,A,C,69.375,18.0
556,D,F,4,F,"(2, 5, 7, 11)",V7,F,A,C,69.5,18.0
557,D,F,4,F,"(2, 5, 7, 11)",V7,F,A,C,69.625,18.0
558,D,F,4,F,"(2, 5, 7, 11)",V7,F,A,C,69.75,18.0
559,D,F,4,F,"(2, 5, 7, 11)",V7,F,A,C,69.875,18.0
560,D,G,0,F,"(2, 5, 7, 11)",V7,F,B,C,70.0,18.0
561,D,G,1,F,"(2, 5, 7, 11)",V7,F,B,C,70.125,18.0
562,D,G,2,F,"(2, 5, 7, 11)",V7,F,B,C,70.25,18.0
563,D,G,2,F,"(2, 5, 7, 11)",V7,F,B,C,70.375,18.0
564,D,G,3,F,"(2, 5, 7, 11)",V7,F,B,C,70.5,18.0
565,D,G,3,F,"(2, 5, 7, 11)",V7,F,B,C,70.625,18.0
566,D,G,3,F,"(2, 5, 7, 11)",V7,F,B,C,70.75,18.0
567,D,G,3,F,"(2, 5, 7, 11)",V7,F,B,C,70.875,18.0
568,D,G,4,F,"(0, 4, 7)",V,C,E,C,71.0,18.0
569,G,G,4,F,"(0, 4, 7)",V,C,E,C,71.125,18.0
570,G,G,4,F,"(0, 4, 7)",V,C,E,C,71.25,18.0
571,G,G,4,F,"(0, 4, 7)",V,C,E,C,71.375,18.0
572,G,G,4,F,"(0, 4, 7)",V,C,E,C,71.5,18.0
573,G,G,4,F,"(0, 4, 7)",V,C,E,C,71.625,18.0
574,G,C,4,F,"(0, 4, 7)",V,C,E,C,71.75,18.0
575,G,C,4,F,"(0, 4, 7)",V,C,E,C,71.875,18.0
576,G,C,0,F,"(0, 4, 7)",V,C,E,F,72.0,19.0
577,G,C,1,F,"(0, 4, 7)",V,C,E,F,72.125,19.0
578,G,C,2,F,"(0, 4, 7)",V,C,E,F,72.25,19.0
579,G,C,2,F,"(0, 4, 7)",V,C,E,F,72.375,19.0
580,G,C,3,F,"(0, 4, 7)",V,C,E,F,72.5,19.0
581,G,C,3,F,"(0, 4, 7)",V,C,E,F,72.625,19.0
582,G,C,3,F,"(0, 4, 7)",V,C,E,F,72.75,19.0
583,G,C,3,F,"(0, 4, 7)",V,C,E,F,72.875,19.0
584,G,C,4,F,"(0, 4, 7)",I,C,E,F,73.0,19.0
585,G,C,4,F,"(0, 4, 7)",I,C,E,F,73.125,19.0
586,G,C,4,F,"(0, 4, 7)",I,C,E,F,73.25,19.0
587,G,C,4,F,"(0, 4, 7)",I,C,E,F,73.375,19.0
588,G,C,4,F,"(0, 4, 7)",I,C,E,F,73.5,19.0
589,G,C,4,F,"(0, 4, 7)",I,C,E,F,73.625,19.0
590,G,C,4,F,"(0, 4, 7)",I,C,E,F,73.75,19.0
591,G,C,4,F,"(0, 4, 7)",I,C,E,F,73.875,19.0
592,G,C,5,F,"(0, 4, 7)",I,C,E,F,74.0,19.0
593,G,C,5,F,"(0, 4, 7)",I,C,E,F,74.125,19.0
594,G,C,5,F,"(0, 4, 7)",I,C,E,F,74.25,19.0
595,G,C,5,F,"(0, 4, 7)",I,C,E,F,74.375,19.0
596,G,C,5,F,"(0, 4, 7)",I,C,E,F,74.5,19.0
597,G,C,5,F,"(0, 4, 7)",I,C,E,F,74.625,19.0
598,G,C,5,F,"(0, 4, 7)",I,C,E,F,74.75,19.0
599,G,C,5,F,"(0, 4, 7)",I,C,E,F,74.875,19.0
600,G,C,5,F,"(0, 4, 7)",I,C,E,F,75.0,19.0
601,G,C,5,F,"(0, 4, 7)",I,C,E,F,75.125,19.0
602,G,C,5,F,"(0, 4, 7)",I,C,E,F,75.25,19.0
603,G,C,5,F,"(0, 4, 7)",I,C,E,F,75.375,19.0
604,G,C,5,F,"(0, 4, 7)",I,C,E,F,75.5,19.0
605,G,C,5,F,"(0, 4, 7)",I,C,E,F,75.625,19.0
606,G,C,5,F,"(0, 4, 7)",I,C,E,F,75.75,19.0
607,G,C,5,F,"(0, 4, 7)",I,C,E,F,75.875,19.0
608,C,F,0,F,"(0, 5, 9)",I,F,E,F,76.0,20.0
609,C,F,1,F,"(0, 5, 9)",I,F,E,F,76.125,20.0
610,C,F,2,F,"(0, 5, 9)",I,F,E,F,76.25,20.0
611,C,F,2,F,"(0, 5, 9)",I,F,E,F,76.375,20.0
612,C,C,3,F,"(0, 5, 9)",I,F,E,F,76.5,20.0
613,C,C,3,F,"(0, 5, 9)",I,F,E,F,76.625,20.0
614,C,C,3,F,"(0, 5, 9)",I,F,E,F,76.75,20.0
615,C,C,3,F,"(0, 5, 9)",I,F,E,F,76.875,20.0
616,C,C,4,F,"(0, 5, 9)",I,B-,E,F,77.0,20.0
617,G,C,4,F,"(0, 5, 9)",I,B-,E,F,77.125,20.0
618,G,C,4,F,"(0, 5, 9)",I,B-,E,F,77.25,20.0
619,G,C,4,F,"(0, 5, 9)",I,B-,E,F,77.375,20.0
620,C,C,4,F,"(0, 5, 9)",I,B-,E,F,77.5,20.0
621,C,C,4,F,"(0, 5, 9)",I,B-,E,F,77.625,20.0
622,G,C,4,F,"(0, 5, 9)",I,B-,E,F,77.75,20.0
623,G,C,4,F,"(0, 5, 9)",I,B-,E,F,77.875,20.0
624,F,B-,0,F,"(2, 5, 10)",IV,B-,D,F,78.0,20.0
625,F,B-,1,F,"(2, 5, 10)",IV,B-,D,F,78.125,20.0
626,F,B-,2,F,"(2, 5, 10)",IV,B-,D,F,78.25,20.0
627,F,B-,2,F,"(2, 5, 10)",IV,B-,D,F,78.375,20.0
628,F,B-,3,F,"(2, 5, 10)",IV,B-,D,F,78.5,20.0
629,F,B-,3,F,"(2, 5, 10)",IV,B-,D,F,78.625,20.0
630,F,B-,3,F,"(2, 5, 10)",IV,B-,D,F,78.75,20.0
631,F,B-,3,F,"(2, 5, 10)",IV,B-,D,F,78.875,20.0
632,F,A,0,F,"(0, 5, 9)",I,F,C,F,79.0,20.0
633,F,A,1,F,"(0, 5, 9)",I,F,C,F,79.125,20.0
634,F,A,2,F,"(0, 5, 9)",I,F,C,F,79.25,20.0
635,F,A,2,F,"(0, 5, 9)",I,F,C,F,79.375,20.0
636,F,A,3,F,"(0, 5, 9)",I,F,C,F,79.5,20.0
637,F,A,3,F,"(0, 5, 9)",I,F,C,F,79.625,20.0
638,F,A,3,F,"(0, 5, 9)",I,F,C,F,79.75,20.0
639,F,A,3,F,"(0, 5, 9)",I,F,C,F,79.875,20.0
640,C,F,0,F,"(0, 5, 9)",I,F,A,F,80.0,21.0
641,C,F,1,F,"(0, 5, 9)",I,F,A,F,80.125,21.0
642,C,F,2,F,"(0, 5, 9)",I,F,A,F,80.25,21.0
643,C,F,2,F,"(0, 5, 9)",I,F,A,F,80.375,21.0
644,C,F,3,F,"(0, 5, 9)",I,F,A,F,80.5,21.0
645,C,F,3,F,"(0, 5, 9)",I,F,A,F,80.625,21.0
646,C,F,3,F,"(0, 5, 9)",I,F,A,F,80.75,21.0
647,C,F,3,F,"(0, 5, 9)",I,F,A,F,80.875,21.0
648,C,F,4,F,"(0, 5, 9)",I,F,A,F,81.0,21.0
649,C,F,4,F,"(0, 5, 9)",I,F,A,F,81.125,21.0
650,C,F,4,F,"(0, 5, 9)",I,F,A,F,81.25,21.0
651,C,F,4,F,"(0, 5, 9)",I,F,A,F,81.375,21.0
652,C,F,4,F,"(0, 5, 9)",I,F,A,F,81.5,21.0
653,C,F,4,F,"(0, 5, 9)",I,F,A,F,81.625,21.0
654,C,F,4,F,"(0, 5, 9)",I,F,A,F,81.75,21.0
655,C,F,4,F,"(0, 5, 9)",I,F,A,F,81.875,21.0
656,F,B-,0,F,"(2, 5, 10)",IV,B-,D,F,82.0,21.0
657,F,B-,1,F,"(2, 5, 10)",IV,B-,D,F,82.125,21.0
658,F,B-,2,F,"(2, 5, 10)",IV,B-,D,F,82.25,21.0
659,F,B-,2,F,"(2, 5, 10)",IV,B-,D,F,82.375,21.0
660,F,B-,3,F,"(2, 5, 10)",IV,B-,D,F,82.5,21.0
661,F,B-,3,F,"(2, 5, 10)",IV,B-,D,F,82.625,21.0
662,F,B-,3,F,"(2, 5, 10)",IV,B-,D,F,82.75,21.0
663,F,B-,3,F,"(2, 5, 10)",IV,B-,D,F,82.875,21.0
664,E,B-,4,F,"(0, 4, 7, 10)",V7,G,D,F,83.0,21.0
665,E,B-,4,F,"(0, 4, 7, 10)",V7,G,D,F,83.125,21.0
666,E,B-,4,F,"(0, 4, 7, 10)",V7,G,D,F,83.25,21.0
667,E,B-,4,F,"(0, 4, 7, 10)",V7,G,D,F,83.375,21.0
668,E,B-,4,F,"(0, 4, 7, 10)",V7,G,D,F,83.5,21.0
669,E,B-,4,F,"(0, 4, 7, 10)",V7,G,D,F,83.625,21.0
670,E,B-,4,F,"(0, 4, 7, 10)",V7,G,D,F,83.75,21.0
671,E,B-,4,F,"(0, 4, 7, 10)",V7,G,D,F,83.875,21.0
672,F,A,0,F,"(0, 5, 9)",I,F,C,F,84.0,22.0
673,F,A,1,F,"(0, 5, 9)",I,F,C,F,84.125,22.0
674,F,A,2,F,"(0, 5, 9)",I,F,C,F,84.25,22.0
675,F,A,2,F,"(0, 5, 9)",I,F,C,F,84.375,22.0
676,F,A,3,F,"(0, 5, 9)",I,F,C,F,84.5,22.0
677,F,A,3,F,"(0, 5, 9)",I,F,C,F,84.625,22.0
678,F,A,3,F,"(0, 5, 9)",I,F,C,F,84.75,22.0
679,F,A,3,F,"(0, 5, 9)",I,F,C,F,84.875,22.0
680,E,E,0,F,"(0, 4, 7)",V,C,G,F,85.0,22.0
681,E,E,1,F,"(0, 4, 7)",V,C,G,F,85.125,22.0
682,E,E,2,F,"(0, 4, 7)",V,C,G,F,85.25,22.0
683,E,E,2,F,"(0, 4, 7)",V,C,G,F,85.375,22.0
684,E,E,3,F,"(0, 4, 7)",V,C,G,F,85.5,22.0
685,E,E,3,F,"(0, 4, 7)",V,C,G,F,85.625,22.0
686,E,E,3,F,"(0, 4, 7)",V,C,G,F,85.75,22.0
687,E,E,3,F,"(0, 4, 7)",V,C,G,F,85.875,22.0
688,D,F,0,F,"(0, 5, 9)",I,F,A,F,86.0,22.0
689,C,F,1,F,"(0, 5, 9)",I,F,A,F,86.125,22.0
690,C,F,2,F,"(0, 5, 9)",I,F,A,F,86.25,22.0
691,C,F,2,F,"(0, 5, 9)",I,F,A,F,86.375,22.0
692,C,F,3,F,"(0, 5, 9)",I,F,A,F,86.5,22.0
693,C,F,3,F,"(0, 5, 9)",IV,F,A,F,86.625,22.0
694,C,F,3,F,"(0, 5, 9)",IV,F,A,F,86.75,22.0
695,C,F,3,F,"(0, 5, 9)",IV,F,A,F,86.875,22.0
696,F,D,4,F,"(2, 5, 10)",IV,B-,F,F,87.0,22.0
697,F,D,4,F,"(2, 5, 10)",IV,B-,F,F,87.125,22.0
698,F,D,2,F,"(2, 5, 10)",IV,B-,F,F,87.25,22.0
699,F,D,2,F,"(2, 5, 10)",IV,B-,F,F,87.375,22.0
700,F,D,3,F,"(2, 5, 10)",IV,B-,F,F,87.5,22.0
701,F,D,3,F,"(2, 5, 10)",IV,B-,F,F,87.625,22.0
702,F,D,3,F,"(2, 5, 10)",IV,B-,F,F,87.75,22.0
703,F,D,3,F,"(2, 5, 10)",IV,B-,F,F,87.875,22.0
704,G,C,0,F,"(0, 5, 9)",I,F,F,F,88.0,23.0
705,G,C,1,F,"(0, 5, 9)",I,F,F,F,88.125,23.0
706,G,C,2,F,"(0, 5, 9)",I,F,F,F,88.25,23.0
707,G,C,2,F,"(0, 5, 9)",I,F,F,F,88.375,23.0
708,G,C,3,F,"(0, 5, 9)",I,F,F,F,88.5,23.0
709,G,C,3,F,"(0, 5, 9)",I,F,F,F,88.625,23.0
710,G,C,3,F,"(0, 5, 9)",I,F,F,F,88.75,23.0
711,G,C,3,F,"(0, 5, 9)",I,F,F,F,88.875,23.0
712,G,C,4,F,"(0, 5, 9)",I,F,F,F,89.0,23.0
713,G,C,4,F,"(0, 5, 9)",I,F,F,F,89.125,23.0
714,G,C,4,F,"(0, 5, 9)",I,F,F,F,89.25,23.0
715,G,C,4,F,"(0, 5, 9)",I,F,F,F,89.375,23.0
716,G,C,4,F,"(0, 5, 9)",I,F,F,F,89.5,23.0
717,G,C,4,F,"(0, 5, 9)",I,F,F,F,89.625,23.0
718,G,C,4,F,"(0, 5, 9)",I,F,F,F,89.75,23.0
719,G,C,4,F,"(0, 5, 9)",I,F,F,F,89.875,23.0
720,G,C,5,F,"(0, 4, 7)",I,C,E,F,90.0,23.0
721,G,C,5,F,"(0, 4, 7)",I,C,E,F,90.125,23.0
722,G,C,5,F,"(0, 4, 7)",I,C,E,F,90.25,23.0
723,G,C,5,F,"(0, 4, 7)",I,C,E,F,90.375,23.0
724,G,C,5,F,"(0, 4, 7)",I,C,E,F,90.5,23.0
725,G,C,5,F,"(0, 4, 7)",I,C,E,F,90.625,23.0
726,G,C,5,F,"(0, 4, 7)",I,C,E,F,90.75,23.0
727,G,C,5,F,"(0, 4, 7)",I,C,E,F,90.875,23.0
728,G,C,5,F,"(0, 4, 7)",V,C,E,F,91.0,23.0
729,G,C,5,F,"(0, 4, 7)",V,C,E,F,91.125,23.0
730,G,C,5,F,"(0, 4, 7)",V,C,E,F,91.25,23.0
731,G,C,5,F,"(0, 4, 7)",V,C,E,F,91.375,23.0
732,G,C,5,F,"(0, 4, 7)",V,C,E,F,91.5,23.0
733,G,C,5,F,"(0, 4, 7)",V,C,E,F,91.625,23.0
734,G,C,5,F,"(0, 4, 7)",V,C,E,F,91.75,23.0
735,G,C,5,F,"(0, 4, 7)",V,C,E,F,91.875,23.0
736,C,F,0,F,"(0, 5, 9)",I,F,A,F,92.0,24.0
737,C,F,1,F,"(0, 5, 9)",I,F,A,F,92.125,24.0
738,C,F,2,F,"(0, 5, 9)",I,F,A,F,92.25,24.0
739,C,F,2,F,"(0, 5, 9)",I,F,A,F,92.375,24.0
740,C,F,3,F,"(0, 5, 9)",I,F,A,F,92.5,24.0
741,C,F,3,F,"(0, 5, 9)",I,F,A,F,92.625,24.0
742,C,F,3,F,"(0, 5, 9)",I,F,A,F,92.75,24.0
743,C,F,3,F,"(0, 5, 9)",I,F,A,F,92.875,24.0
744,C,F,4,F,"(0, 5, 9)",I,F,A,F,93.0,24.0
745,C,F,4,F,"(0, 5, 9)",I,F,A,F,93.125,24.0
746,C,F,4,F,"(0, 5, 9)",I,F,A,F,93.25,24.0
747,C,F,4,F,"(0, 5, 9)",I,F,A,F,93.375,24.0
748,C,F,4,F,"(0, 5, 9)",I,F,A,F,93.5,24.0
749,C,F,4,F,"(0, 5, 9)",I,F,A,F,93.625,24.0
750,C,F,4,F,"(0, 5, 9)",I,F,A,F,93.75,24.0
751,C,F,4,F,"(0, 5, 9)",I,F,A,F,93.875,24.0
752,C,F,5,F,"(0, 5, 9)",I,F,A,F,94.0,24.0
753,C,F,5,F,"(0, 5, 9)",I,F,A,F,94.125,24.0
754,C,F,5,F,"(0, 5, 9)",I,F,A,F,94.25,24.0
755,C,F,5,F,"(0, 5, 9)",I,F,A,F,94.375,24.0
756,C,F,5,F,"(0, 5, 9)",I,F,A,F,94.5,24.0
757,C,F,5,F,"(0, 5, 9)",I,F,A,F,94.625,24.0
758,C,F,5,F,"(0, 5, 9)",I,F,A,F,94.75,24.0
759,C,F,5,F,"(0, 5, 9)",I,F,A,F,94.875,24.0
760,C,F,5,F,"(0, 5, 9)",I,F,A,F,95.0,24.0
761,C,F,5,F,"(0, 5, 9)",I,F,A,F,95.125,24.0
762,C,F,5,F,"(0, 5, 9)",I,F,A,F,95.25,24.0
763,C,F,5,F,"(0, 5, 9)",I,F,A,F,95.375,24.0
764,C,F,5,F,"(0, 5, 9)",I,F,A,F,95.5,24.0
765,C,F,5,F,"(0, 5, 9)",I,F,A,F,95.625,24.0
766,C,F,5,F,"(0, 5, 9)",I,F,A,F,95.75,24.0
767,C,F,5,F,"(0, 5, 9)",I,F,A,F,95.875,24.0
768,C,F,0,F,"(0, 5, 9)",I,F,A,F,96.0,25.0
769,C,F,1,F,"(0, 5, 9)",I,F,A,F,96.125,25.0
770,C,F,2,F,"(0, 5, 9)",I,F,A,F,96.25,25.0
771,C,F,2,F,"(0, 5, 9)",I,F,A,F,96.375,25.0
772,C,F,3,F,"(0, 5, 9)",I,F,A,F,96.5,25.0
773,C,F,3,F,"(0, 5, 9)",I,F,A,F,96.625,25.0
774,C,F,3,F,"(0, 5, 9)",I,F,A,F,96.75,25.0
775,C,F,3,F,"(0, 5, 9)",I,F,A,F,96.875,25.0
776,C,F,4,F,"(0, 5, 9)",I,F,A,F,97.0,25.0
777,C,F,4,F,"(0, 5, 9)",I,F,A,F,97.125,25.0
778,C,F,4,F,"(0, 5, 9)",I,F,A,F,97.25,25.0
779,C,F,4,F,"(0, 5, 9)",I,F,A,F,97.375,25.0
780,C,F,4,F,"(0, 5, 9)",I,F,A,F,97.5,25.0
781,C,F,4,F,"(0, 5, 9)",I,F,A,F,97.625,25.0
782,C,F,4,F,"(0, 5, 9)",I,F,A,F,97.75,25.0
783,C,F,4,F,"(0, 5, 9)",I,F,A,F,97.875,25.0
784,C,F,5,F,"(0, 5, 9)",I,F,A,F,98.0,25.0
785,C,F,5,F,"(0, 5, 9)",I,F,A,F,98.125,25.0
786,C,F,5,F,"(0, 5, 9)",I,F,A,F,98.25,25.0
787,C,F,5,F,"(0, 5, 9)",I,F,A,F,98.375,25.0
788,C,F,5,F,"(0, 5, 9)",I,F,A,F,98.5,25.0
789,C,F,5,F,"(0, 5, 9)",I,F,A,F,98.625,25.0
790,C,F,5,F,"(0, 5, 9)",I,F,A,F,98.75,25.0
791,C,F,5,F,"(0, 5, 9)",I,F,A,F,98.875,25.0
792,C,F,5,F,"(0, 5, 9)",I,F,A,F,99.0,25.0
793,C,F,5,F,"(0, 5, 9)",I,F,A,F,99.125,25.0
794,C,F,5,F,"(0, 5, 9)",I,F,A,F,99.25,25.0
795,C,F,5,F,"(0, 5, 9)",I,F,A,F,99.375,25.0
796,C,F,5,F,"(0, 5, 9)",I,F,A,F,99.5,25.0
797,C,F,5,F,"(0, 5, 9)",I,F,A,F,99.625,25.0
798,C,F,5,F,"(0, 5, 9)",I,F,A,F,99.75,25.0
799,C,F,5,F,"(0, 5, 9)",I,F,A,F,99.875,25.0
800,C,F,0,F,"(0, 4, 7)",I,C,E,F,100.0,26.0
801,C,F,1,F,"(0, 4, 7)",I,C,E,F,100.125,26.0
802,C,F,2,F,"(0, 4, 7)",I,C,E,F,100.25,26.0
803,C,F,2,F,"(0, 4, 7)",I,C,E,F,100.375,26.0
804,C,F,3,F,"(0, 4, 7)",I,C,E,F,100.5,26.0
805,C,F,3,F,"(0, 4, 7)",I,C,E,F,100.625,26.0
806,C,F,3,F,"(0, 4, 7)",I,C,E,F,100.75,26.0
807,C,F,3,F,"(0, 4, 7)",I,C,E,F,100.875,26.0
808,C,E,4,F,"(0, 4, 7)",V,C,G,F,101.0,26.0
809,C,E,1,F,"(0, 4, 7)",V,C,G,F,101.125,26.0
810,C,E,2,F,"(0, 4, 7)",V,C,G,F,101.25,26.0
811,C,E,4,F,"(0, 4, 7)",V,C,G,F,101.375,26.0
812,C,E,4,F,"(0, 4, 7)",V,C,G,F,101.5,26.0
813,C,E,4,F,"(0, 4, 7)",V,C,G,F,101.625,26.0
814,C,E,4,F,"(0, 4, 7)",V,C,G,F,101.75,26.0
815,C,E,4,F,"(0, 4, 7)",V,C,G,F,101.875,26.0
816,C,F,0,F,"(0, 5, 9)",I,F,A,F,102.0,26.0
817,C,F,1,F,"(0, 5, 9)",I,F,A,F,102.125,26.0
818,C,F,2,F,"(0, 5, 9)",I,F,A,F,102.25,26.0
819,C,F,2,F,"(0, 5, 9)",I,F,A,F,102.375,26.0
820,C,F,3,F,"(0, 5, 9)",I,F,A,F,102.5,26.0
821,C,F,3,F,"(0, 5, 9)",I,F,A,F,102.625,26.0
822,C,F,3,F,"(0, 5, 9)",I,F,A,F,102.75,26.0
823,C,F,3,F,"(0, 5, 9)",I,F,A,F,102.875,26.0
824,C,F,4,F,"(0, 5, 9)",I,F,A,F,103.0,26.0
825,C,F,4,F,"(0, 5, 9)",I,F,A,F,103.125,26.0
826,C,F,4,F,"(0, 5, 9)",I,F,A,F,103.25,26.0
827,C,F,4,F,"(0, 5, 9)",I,F,A,F,103.375,26.0
828,C,F,4,F,"(0, 5, 9)",I,F,A,F,103.5,26.0
829,C,F,4,F,"(0, 5, 9)",I,F,A,F,103.625,26.0
830,C,F,4,F,"(0, 5, 9)",I,F,A,F,103.75,26.0
831,C,F,4,F,"(0, 5, 9)",I,F,A,F,103.875,26.0
832,C,E,0,F,"(0, 4, 7)",V,C,G,F,104.0,27.0
833,C,E,1,F,"(0, 4, 7)",V,C,G,F,104.125,27.0
834,C,E,2,F,"(0, 4, 7)",V,C,G,F,104.25,27.0
835,C,E,2,F,"(0, 4, 7)",V,C,G,F,104.375,27.0
836,C,E,3,F,"(0, 4, 7)",V,C,G,F,104.5,27.0
837,C,E,3,F,"(0, 4, 7)",V,C,G,F,104.625,27.0
838,C,E,3,F,"(0, 4, 7)",V,C,G,F,104.75,27.0
839,C,E,3,F,"(0, 4, 7)",V,C,G,F,104.875,27.0
840,C,E,4,F,"(0, 4, 7)",V,C,G,F,105.0,27.0
841,C,E,4,F,"(0, 4, 7)",V,C,G,F,105.125,27.0
842,C,E,4,F,"(0, 4, 7)",V,C,G,F,105.25,27.0
843,C,E,4,F,"(0, 4, 7)",V,C,G,F,105.375,27.0
844,C,E,4,F,"(0, 4, 7)",V,C,G,F,105.5,27.0
845,C,E,4,F,"(0, 4, 7)",V,C,G,F,105.625,27.0
846,C,E,4,F,"(0, 4, 7)",V,C,G,F,105.75,27.0
847,C,E,4,F,"(0, 4, 7)",V,C,G,F,105.875,27.0
848,E,B-,0,F,"(0, 4, 7, 10)",V7,G,C,F,106.0,27.0
849,E,B-,1,F,"(0, 4, 7, 10)",V7,G,C,F,106.125,27.0
850,E,B-,2,F,"(0, 4, 7, 10)",V7,G,C,F,106.25,27.0
851,E,B-,2,F,"(0, 4, 7, 10)",V7,G,C,F,106.375,27.0
852,E,B-,3,F,"(0, 4, 7, 10)",V7,G,C,F,106.5,27.0
853,E,B-,3,F,"(0, 4, 7, 10)",V7,G,C,F,106.625,27.0
854,E,B-,3,F,"(0, 4, 7, 10)",V7,G,C,F,106.75,27.0
855,E,B-,3,F,"(0, 4, 7, 10)",V7,G,C,F,106.875,27.0
856,E,B-,4,F,"(0, 4, 7, 10)",V7,G,C,F,107.0,27.0
857,E,B-,4,F,"(0, 4, 7, 10)",V7,G,C,F,107.125,27.0
858,E,B-,4,F,"(0, 4, 7, 10)",V7,G,C,F,107.25,27.0
859,E,B-,4,F,"(0, 4, 7, 10)",V7,G,C,F,107.375,27.0
860,E,B-,4,F,"(0, 4, 7, 10)",V7,G,C,F,107.5,27.0
861,E,B-,4,F,"(0, 4, 7, 10)",V7,G,C,F,107.625,27.0
862,E,B-,4,F,"(0, 4, 7, 10)",V7,G,C,F,107.75,27.0
863,E,B-,4,F,"(0, 4, 7, 10)",V7,G,C,F,107.875,27.0
864,F,A,0,F,"(0, 5, 9)",I,F,C,F,108.0,28.0
865,F,A,1,F,"(0, 5, 9)",I,F,C,F,108.125,28.0
866,F,A,2,F,"(0, 5, 9)",I,F,C,F,108.25,28.0
867,F,A,2,F,"(0, 5, 9)",I,F,C,F,108.375,28.0
868,F,A,3,F,"(0, 5, 9)",I,F,C,F,108.5,28.0
869,F,A,3,F,"(0, 5, 9)",I,F,C,F,108.625,28.0
870,F,A,3,F,"(0, 5, 9)",I,F,C,F,108.75,28.0
871,F,A,3,F,"(0, 5, 9)",I,F,C,F,108.875,28.0
872,F,A,4,F,"(0, 5, 9)",I,F,C,F,109.0,28.0
873,F,A,4,F,"(0, 5, 9)",I,F,C,F,109.125,28.0
874,F,A,4,F,"(0, 5, 9)",I,F,C,F,109.25,28.0
875,F,A,4,F,"(0, 5, 9)",I,F,C,F,109.375,28.0
876,F,A,4,F,"(0, 5, 9)",I,F,C,F,109.5,28.0
877,F,A,4,F,"(0, 5, 9)",I,F,C,F,109.625,28.0
878,F,A,4,F,"(0, 5, 9)",I,F,C,F,109.75,28.0
879,F,A,4,F,"(0, 5, 9)",I,F,C,F,109.875,28.0
880,F,A,5,F,"(0, 5, 9)",I,F,C,F,110.0,28.0
881,F,A,5,F,"(0, 5, 9)",I,F,C,F,110.125,28.0
882,F,A,5,F,"(0, 5, 9)",I,F,C,F,110.25,28.0
883,F,A,5,F,"(0, 5, 9)",I,F,C,F,110.375,28.0
884,F,A,5,F,"(0, 5, 9)",I,F,C,F,110.5,28.0
885,F,A,5,F,"(0, 5, 9)",I,F,C,F,110.625,28.0
886,F,A,5,F,"(0, 5, 9)",I,F,C,F,110.75,28.0
887,F,A,5,F,"(0, 5, 9)",I,F,C,F,110.875,28.0
888,C,A,5,F,"(0, 5, 9)",I,F,C,F,111.0,28.0
889,C,A,5,F,"(0, 5, 9)",I,F,C,F,111.125,28.0
890,C,A,5,F,"(0, 5, 9)",I,F,C,F,111.25,28.0
891,C,A,5,F,"(0, 5, 9)",I,F,C,F,111.375,28.0
892,C,F,5,F,"(0, 5, 9)",I,F,C,F,111.5,28.0
893,C,F,5,F,"(0, 5, 9)",I,F,C,F,111.625,28.0
894,C,F,5,F,"(0, 5, 9)",I,F,C,F,111.75,28.0
895,C,F,5,F,"(0, 5, 9)",I,F,C,F,111.875,28.0
896,G,E,0,F,"(0, 4, 7)",V,C,G,F,112.0,29.0
897,G,E,1,F,"(0, 4, 7)",V,C,G,F,112.125,29.0
898,G,E,2,F,"(0, 4, 7)",V,C,G,F,112.25,29.0
899,G,E,2,F,"(0, 4, 7)",V,C,G,F,112.375,29.0
900,G,E,3,F,"(0, 4, 7)",V,C,G,F,112.5,29.0
901,G,E,3,F,"(0, 4, 7)",V,C,G,F,112.625,29.0
902,G,E,3,F,"(0, 4, 7)",V,C,G,F,112.75,29.0
903,G,E,3,F,"(0, 4, 7)",V,C,G,F,112.875,29.0
904,G,E,4,F,"(0, 4, 7)",V,C,G,F,113.0,29.0
905,G,E,4,F,"(0, 4, 7)",V,C,G,F,113.125,29.0
906,G,E,4,F,"(0, 4, 7)",V,C,G,F,113.25,29.0
907,G,E,4,F,"(0, 4, 7)",V,C,G,F,113.375,29.0
908,G,E,4,F,"(0, 4, 7)",V,C,G,F,113.5,29.0
909,G,E,4,F,"(0, 4, 7)",V,C,G,F,113.625,29.0
910,G,E,4,F,"(0, 4, 7)",V,C,G,C,113.75,29.0
911,G,E,4,F,"(0, 4, 7)",V,C,G,C,113.875,29.0
912,G,C,0,F,"(0, 4, 7)",V,C,E,F,114.0,29.0
913,G,C,1,F,"(0, 4, 7)",V,C,E,F,114.125,29.0
914,G,C,2,F,"(0, 4, 7)",V,C,E,F,114.25,29.0
915,G,C,2,F,"(0, 4, 7)",V,C,E,F,114.375,29.0
916,G,C,3,F,"(0, 4, 7)",V,C,E,F,114.5,29.0
917,G,C,3,F,"(0, 4, 7)",V,C,E,F,114.625,29.0
918,G,C,3,F,"(0, 4, 7)",V,C,E,F,114.75,29.0
919,G,C,3,F,"(0, 4, 7)",V,C,E,F,114.875,29.0
920,G,C,4,F,"(0, 4, 7)",V,C,E,F,115.0,29.0
921,G,C,4,F,"(0, 4, 7)",V,C,E,F,115.125,29.0
922,G,C,4,F,"(0, 4, 7)",V,C,E,F,115.25,29.0
923,G,C,4,F,"(0, 4, 7)",V,C,E,F,115.375,29.0
924,G,C,4,F,"(0, 4, 7)",V,C,E,F,115.5,29.0
925,G,C,4,F,"(0, 4, 7)",V,C,E,F,115.625,29.0
926,G,C,4,F,"(0, 4, 7)",V,C,E,F,115.75,29.0
927,G,C,4,F,"(0, 4, 7)",V,C,E,F,115.875,29.0
928,A,D,0,F,"(2, 5, 9)",ii,D,F,C,116.0,30.0
929,A,D,1,F,"(2, 5, 9)",ii,D,F,C,116.125,30.0
930,A,D,2,F,"(2, 5, 9)",ii,D,F,C,116.25,30.0
931,A,D,2,F,"(2, 5, 9)",ii,D,F,C,116.375,30.0
932,A,D,3,F,"(2, 5, 9)",ii,D,F,C,116.5,30.0
933,A,D,3,F,"(2, 5, 9)",ii,D,F,C,116.625,30.0
934,A,D,3,F,"(2, 5, 9)",ii,D,F,C,116.75,30.0
935,A,D,3,F,"(2, 5, 9)",ii,D,F,C,116.875,30.0
936,F,D,4,F,"(2, 5, 9)",ii,D,F,C,117.0,30.0
937,F,D,4,F,"(2, 5, 9)",ii,D,F,C,117.125,30.0
938,F,D,4,F,"(2, 5, 9)",ii,D,F,C,117.25,30.0
939,F,D,4,F,"(2, 5, 9)",ii,D,F,C,117.375,30.0
940,F,D,4,F,"(2, 5, 9)",ii,D,F,C,117.5,30.0
941,F,D,4,F,"(2, 5, 9)",ii,D,F,C,117.625,30.0
942,F,D,4,F,"(2, 5, 9)",ii,D,F,C,117.75,30.0
943,F,D,4,F,"(2, 5, 9)",ii,D,F,C,117.875,30.0
944,F,B,5,F,"(2, 5, 7, 11)",V7,G,D,C,118.0,30.0
945,F,B,5,F,"(2, 5, 7, 11)",V7,G,D,C,118.125,30.0
946,F,B,5,F,"(2, 5, 7, 11)",V7,G,D,C,118.25,30.0
947,F,B,5,F,"(2, 5, 7, 11)",V7,G,D,C,118.375,30.0
948,F,B,3,F,"(2, 5, 7, 11)",V7,G,D,C,118.5,30.0
949,F,B,3,F,"(2, 5, 7, 11)",V7,G,D,C,118.625,30.0
950,F,B,5,F,"(2, 5, 7, 11)",V7,G,D,C,118.75,30.0
951,F,B,5,F,"(2, 5, 7, 11)",V7,G,D,C,118.875,30.0
952,F,B,5,F,"(2, 5, 7, 11)",V7,G,D,C,119.0,30.0
953,F,B,5,F,"(2, 5, 7, 11)",V7,G,D,C,119.125,30.0
954,F,B,5,F,"(2, 5, 7, 11)",V7,G,D,C,119.25,30.0
955,F,B,5,F,"(2, 5, 7, 11)",V7,G,D,C,119.375,30.0
956,F,B,5,F,"(2, 5, 7, 11)",V7,G,D,C,119.5,30.0
957,F,B,5,F,"(2, 5, 7, 11)",V7,G,D,C,119.625,30.0
958,F,B,5,F,"(2, 5, 7, 11)",V7,G,D,C,119.75,30.0
959,F,B,5,F,"(2, 5, 7, 11)",V7,G,D,C,119.875,30.0
960,G,C,0,F,"(0, 4, 7)",V,C,E,C,120.0,31.0
961,G,C,1,F,"(0, 4, 7)",V,C,E,F,120.125,31.0
962,G,C,2,F,"(0, 4, 7)",V,C,E,C,120.25,31.0
963,G,C,2,F,"(0, 4, 7)",V,C,E,C,120.375,31.0
964,G,C,3,F,"(0, 4, 7)",V,C,E,F,120.5,31.0
965,G,C,3,F,"(0, 4, 7)",V,C,E,F,120.625,31.0
966,G,C,3,F,"(0, 4, 7)",V,C,E,F,120.75,31.0
967,G,C,3,F,"(0, 4, 7)",V,C,E,F,120.875,31.0
968,G,C,4,F,"(0, 4, 7)",V,C,E,F,121.0,31.0
969,G,C,4,F,"(0, 4, 7)",V,C,E,F,121.125,31.0
970,G,C,4,F,"(0, 4, 7)",V,C,E,F,121.25,31.0
971,G,C,4,F,"(0, 4, 7)",V,C,E,F,121.375,31.0
972,G,C,4,F,"(0, 4, 7)",V,C,E,F,121.5,31.0
973,G,C,4,F,"(0, 4, 7)",V,C,E,F,121.625,31.0
974,G,C,4,F,"(0, 4, 7)",V,C,E,F,121.75,31.0
975,G,C,4,F,"(0, 4, 7)",V,C,E,F,121.875,31.0
976,G,C,5,F,"(0, 4, 7)",V,C,E,F,122.0,31.0
977,G,C,5,F,"(0, 4, 7)",V,C,E,F,122.125,31.0
978,G,C,5,F,"(0, 4, 7)",V,C,E,F,122.25,31.0
979,G,C,5,F,"(0, 4, 7)",V,C,E,F,122.375,31.0
980,G,C,5,F,"(0, 4, 7)",V,C,E,F,122.5,31.0
981,G,C,5,F,"(0, 4, 7)",V,C,E,F,122.625,31.0
982,G,C,5,F,"(0, 4, 7)",V,C,E,F,122.75,31.0
983,G,C,5,F,"(0, 4, 7)",V,C,E,F,122.875,31.0
984,G,C,5,F,"(0, 4, 7)",V,C,E,F,123.0,31.0
985,G,C,5,F,"(0, 4, 7)",V,C,E,F,123.125,31.0
986,G,C,5,F,"(0, 4, 7)",V,C,E,F,123.25,31.0
987,G,C,5,F,"(0, 4, 7)",V,C,E,F,123.375,31.0
988,G,C,5,F,"(0, 4, 7)",V,C,E,F,123.5,31.0
989,G,C,5,F,"(0, 4, 7)",V,C,E,F,123.625,31.0
990,G,C,5,F,"(0, 4, 7)",V,C,E,F,123.75,31.0
991,G,C,5,F,"(0, 4, 7)",V,C,E,F,123.875,31.0
992,C,F,0,F,"(0, 4, 7)",I,F,E,F,124.0,32.0
993,C,F,1,F,"(0, 4, 7)",I,F,E,F,124.125,32.0
994,C,F,2,F,"(0, 4, 7)",I,F,E,F,124.25,32.0
995,C,F,2,F,"(0, 4, 7)",I,F,E,F,124.375,32.0
996,C,F,3,F,"(0, 4, 7)",I,F,E,F,124.5,32.0
997,C,F,3,F,"(0, 4, 7)",I,F,E,F,124.625,32.0
998,C,F,3,F,"(0, 4, 7)",I,F,E,F,124.75,32.0
999,C,F,3,F,"(0, 4, 7)",I,F,E,F,124.875,32.0
1000,G,C,4,F,"(0, 4, 7)",I,C,E,F,125.0,32.0
1001,G,C,1,F,"(0, 4, 7)",I,C,E,F,125.125,32.0
1002,G,C,4,F,"(0, 4, 7)",I,C,E,F,125.25,32.0
1003,G,C,2,F,"(0, 4, 7)",I,C,E,F,125.375,32.0
1004,G,C,3,F,"(0, 4, 7)",I,C,E,F,125.5,32.0
1005,G,C,3,F,"(0, 4, 7)",I,C,E,F,125.625,32.0
1006,G,C,3,F,"(0, 4, 7)",I,C,E,F,125.75,32.0
1007,G,C,3,F,"(0, 4, 7)",I,C,E,F,125.875,32.0
1008,C,F,0,F,"(2, 5, 9)",ii,D,A,F,126.0,32.0
1009,C,F,1,F,"(2, 5, 9)",ii,D,A,F,126.125,32.0
1010,C,F,2,F,"(2, 5, 9)",ii,D,A,F,126.25,32.0
1011,C,F,2,F,"(2, 5, 9)",ii,D,A,F,126.375,32.0
1012,C,F,3,F,"(2, 5, 9)",ii,D,A,F,126.5,32.0
1013,C,F,3,F,"(2, 5, 9)",ii,D,A,F,126.625,32.0
1014,C,F,3,F,"(2, 5, 9)",ii,D,A,F,126.75,32.0
1015,C,F,3,F,"(2, 5, 9)",ii,D,A,F,126.875,32.0
1016,C,E,0,F,"(0, 4, 7)",I,C,G,F,127.0,32.0
1017,C,E,1,F,"(0, 4, 7)",I,C,G,F,127.125,32.0
1018,C,E,2,F,"(0, 4, 7)",I,C,G,F,127.25,32.0
1019,C,E,2,F,"(0, 4, 7)",I,C,G,F,127.375,32.0
1020,C,E,3,F,"(0, 4, 7)",V,C,G,F,127.5,32.0
1021,C,E,3,F,"(0, 4, 7)",V,C,G,F,127.625,32.0
1022,C,E,3,F,"(0, 4, 7)",V,C,G,F,127.75,32.0
1023,C,E,3,F,"(0, 4, 7)",V,C,G,F,127.875,32.0
1024,A,D,0,F,"(2, 5, 9)",vi,D,F,F,128.0,33.0
1025,A,D,1,F,"(2, 5, 9)",vi,D,F,F,128.125,33.0
1026,A,D,2,F,"(2, 5, 9)",vi,D,F,F,128.25,33.0
1027,A,D,2,F,"(2, 5, 9)",vi,D,F,F,128.375,33.0
1028,A,D,3,F,"(2, 5, 9)",vi,D,F,F,128.5,33.0
1029,A,D,3,F,"(2, 5, 9)",vi,D,F,F,128.625,33.0
1030,A,D,3,F,"(2, 5, 9)",ii,D,F,F,128.75,33.0
1031,A,D,3,F,"(2, 5, 9)",ii,D,F,F,128.875,33.0
1032,G,C,0,F,"(0, 4, 7)",I,C,E,F,129.0,33.0
1033,G,C,1,F,"(0, 4, 7)",I,C,E,F,129.125,33.0
1034,G,C,2,F,"(0, 4, 7)",I,C,E,F,129.25,33.0
1035,G,C,2,F,"(0, 4, 7)",I,C,E,F,129.375,33.0
1036,G,C,3,F,"(0, 4, 7)",I,C,E,F,129.5,33.0
1037,G,C,3,F,"(0, 4, 7)",I,C,E,F,129.625,33.0
1038,G,C,3,F,"(0, 4, 7)",I,C,E,F,129.75,33.0
1039,G,C,3,F,"(0, 4, 7)",I,C,E,F,129.875,33.0
1040,C,F,0,F,"(2, 5, 9)",vi,D,A,F,130.0,33.0
1041,C,F,1,F,"(2, 5, 9)",vi,D,A,F,130.125,33.0
1042,C,F,2,F,"(2, 5, 9)",vi,D,A,F,130.25,33.0
1043,C,F,2,F,"(2, 5, 9)",vi,D,A,F,130.375,33.0
1044,C,F,3,F,"(2, 5, 9)",vi,D,A,F,130.5,33.0
1045,C,F,3,F,"(2, 5, 9)",vi,D,A,F,130.625,33.0
1046,C,F,3,F,"(2, 5, 9)",vi,D,A,F,130.75,33.0
1047,C,F,3,F,"(2, 5, 9)",vi,D,A,F,130.875,33.0
1048,C,C,0,F,"(0, 4, 7)",I,C,E,F,131.0,33.0
1049,G,C,1,F,"(0, 4, 7)",I,C,E,F,131.125,33.0
1050,C,C,2,F,"(0, 4, 7)",I,C,E,F,131.25,33.0
1051,G,C,2,F,"(0, 4, 7)",I,C,E,F,131.375,33.0
1052,G,C,3,F,"(0, 4, 7)",I,C,E,F,131.5,33.0
1053,G,C,3,F,"(0, 4, 7)",I,C,E,F,131.625,33.0
1054,G,C,3,F,"(0, 4, 7)",I,C,E,F,131.75,33.0
1055,G,C,3,F,"(0, 4, 7)",I,C,E,F,131.875,33.0
1056,G,C,0,F,"(0, 5, 9)",I,B-,D,F,132.0,34.0
1057,G,C,1,F,"(0, 5, 9)",I,B-,D,F,132.125,34.0
1058,G,C,2,F,"(0, 5, 9)",I,B-,D,F,132.25,34.0
1059,G,C,2,F,"(0, 5, 9)",I,B-,D,F,132.375,34.0
1060,G,C,3,F,"(0, 5, 9)",I,B-,D,F,132.5,34.0
1061,G,C,3,F,"(0, 5, 9)",I,B-,D,F,132.625,34.0
1062,G,C,3,F,"(0, 5, 9)",I,B-,D,F,132.75,34.0
1063,G,C,3,F,"(0, 5, 9)",I,B-,D,F,132.875,34.0
1064,G,B-,4,F,"(2, 7, 10)",ii,G,D,F,133.0,34.0
1065,G,B-,4,F,"(2, 7, 10)",ii,G,D,F,133.125,34.0
1066,G,B-,4,F,"(2, 7, 10)",ii,G,D,F,133.25,34.0
1067,G,B-,4,F,"(0, 4, 7, 10)",ii,G,D,F,133.375,34.0
1068,G,B-,4,F,"(2, 7, 10)",ii,G,D,F,133.5,34.0
1069,G,B-,4,F,"(2, 7, 10)",ii,G,D,F,133.625,34.0
1070,G,B-,4,F,"(2, 7, 10)",ii,G,D,F,133.75,34.0
1071,G,B-,4,F,"(2, 7, 10)",ii,G,D,F,133.875,34.0
1072,G,B-,5,F,"(0, 4, 7, 10)",V7,G,D,F,134.0,34.0
1073,G,B-,5,F,"(0, 4, 7, 10)",V7,G,D,F,134.125,34.0
1074,G,B-,5,F,"(0, 4, 7, 10)",V7,G,D,F,134.25,34.0
1075,G,B-,5,F,"(0, 4, 7, 10)",V7,G,D,F,134.375,34.0
1076,G,B-,5,F,"(0, 4, 7, 10)",V7,G,D,F,134.5,34.0
1077,G,B-,5,F,"(0, 4, 7, 10)",V7,G,D,F,134.625,34.0
1078,G,B-,5,F,"(0, 4, 7, 10)",V7,G,B-,F,134.75,34.0
1079,G,B-,5,F,"(0, 4, 7, 10)",V7,G,B-,F,134.875,34.0
1080,G,G,5,F,"(2, 7, 10)",ii,G,B-,F,135.0,34.0
1081,G,G,5,F,"(2, 7, 10)",ii,G,B-,F,135.125,34.0
1082,G,G,5,F,"(2, 7, 10)",ii,G,B-,F,135.25,34.0
1083,G,G,2,F,"(2, 7, 10)",ii,G,B-,F,135.375,34.0
1084,G,G,3,F,"(0, 4, 7, 10)",ii,G,B-,F,135.5,34.0
1085,G,G,3,F,"(0, 4, 7, 10)",ii,G,B-,F,135.625,34.0
1086,G,G,4,F,"(0, 4, 7, 10)",ii,G,B-,F,135.75,34.0
1087,G,G,4,F,"(0, 4, 7, 10)",ii,G,B-,F,135.875,34.0
1088,C,F,0,F,"(0, 5, 9)",I,F,A,F,136.0,35.0
1089,C,F,1,F,"(0, 4, 7)",I,F,A,F,136.125,35.0
1090,C,F,2,F,"(0, 4, 7)",I,F,A,F,136.25,35.0
1091,C,F,2,F,"(0, 4, 7)",I,F,A,F,136.375,35.0
1092,C,F,3,F,"(0, 4, 7)",I,F,A,F,136.5,35.0
1093,C,F,3,F,"(0, 4, 7)",I,F,A,F,136.625,35.0
1094,C,F,3,F,"(0, 4, 7)",I,F,A,F,136.75,35.0
1095,C,F,3,F,"(0, 4, 7)",I,F,A,F,136.875,35.0
1096,C,C,4,F,"(0, 4, 7)",I,C,E,F,137.0,35.0
1097,C,C,4,F,"(0, 4, 7)",I,C,E,F,137.125,35.0
1098,C,C,4,F,"(0, 4, 7)",I,C,E,F,137.25,35.0
1099,C,C,4,F,"(0, 4, 7)",I,C,E,F,137.375,35.0
1100,C,C,4,F,"(0, 4, 7)",I,C,E,F,137.5,35.0
1101,C,C,4,F,"(0, 4, 7)",I,C,E,F,137.625,35.0
1102,C,C,4,F,"(0, 4, 7)",I,C,E,F,137.75,35.0
1103,C,C,4,F,"(0, 4, 7)",I,C,E,F,137.875,35.0
1104,G,C,5,F,"(0, 4, 7, 10)",V,C,E,F,138.0,35.0
1105,G,C,5,F,"(0, 4, 7, 10)",V,C,E,F,138.125,35.0
1106,G,C,5,F,"(0, 4, 7, 10)",V,C,E,F,138.25,35.0
1107,G,C,5,F,"(0, 4, 7, 10)",V,C,E,F,138.375,35.0
1108,G,C,5,F,"(0, 4, 7, 10)",V,B-,E,F,138.5,35.0
1109,G,C,5,F,"(0, 4, 7, 10)",V,B-,E,F,138.625,35.0
1110,G,C,5,F,"(0, 4, 7, 10)",V,B-,E,F,138.75,35.0
1111,G,C,5,F,"(0, 4, 7, 10)",V,B-,E,F,138.875,35.0
1112,G,C,5,F,"(0, 4, 7, 10)",V,B-,E,F,139.0,35.0
1113,G,C,5,F,"(0, 4, 7, 10)",V,B-,E,F,139.125,35.0
1114,G,C,5,F,"(0, 4, 7, 10)",V,B-,E,F,139.25,35.0
1115,G,C,5,F,"(0, 4, 7, 10)",V,B-,E,F,139.375,35.0
1116,G,C,5,F,"(0, 4, 7, 10)",V,B-,E,F,139.5,35.0
1117,G,C,5,F,"(0, 4, 7, 10)",V,B-,E,F,139.625,35.0
1118,G,C,5,F,"(0, 4, 7, 10)",V,B-,E,F,139.75,35.0
1119,G,C,5,F,"(0, 4, 7, 10)",V,B-,E,F,139.875,35.0
1120,C,F,0,F,"(0, 5, 9)",I,F,A,F,140.0,36.0
1121,C,F,1,F,"(0, 5, 9)",I,F,A,F,140.125,36.0
1122,C,F,2,F,"(0, 5, 9)",I,F,A,F,140.25,36.0
1123,C,F,2,F,"(0, 5, 9)",I,F,A,F,140.375,36.0
1124,C,F,3,F,"(0, 5, 9)",I,F,A,F,140.5,36.0
1125,C,F,3,F,"(0, 5, 9)",I,F,A,F,140.625,36.0
1126,C,F,3,F,"(0, 5, 9)",I,F,A,F,140.75,36.0
1127,C,F,3,F,"(0, 5, 9)",I,F,A,F,140.875,36.0
1128,C,F,4,F,"(0, 5, 9)",I,F,A,F,141.0,36.0
1129,C,F,4,F,"(0, 5, 9)",I,F,A,F,141.125,36.0
1130,C,F,4,F,"(0, 5, 9)",I,F,A,F,141.25,36.0
1131,C,F,4,F,"(0, 5, 9)",I,F,A,F,141.375,36.0
1132,C,F,4,F,"(0, 5, 9)",I,F,A,F,141.5,36.0
1133,C,F,4,F,"(0, 5, 9)",I,F,A,F,141.625,36.0
1134,C,F,4,F,"(0, 5, 9)",I,F,A,F,141.75,36.0
1135,C,F,4,F,"(0, 5, 9)",I,F,A,F,141.875,36.0
1136,C,F,5,F,"(0, 5, 9)",I,F,A,F,142.0,36.0
1137,C,F,5,F,"(0, 5, 9)",I,F,A,F,142.125,36.0
1138,C,F,5,F,"(0, 5, 9)",I,F,A,F,142.25,36.0
1139,C,F,5,F,"(0, 5, 9)",I,F,A,F,142.375,36.0
1140,C,F,5,F,"(0, 5, 9)",I,F,A,F,142.5,36.0
1141,C,F,5,F,"(0, 5, 9)",I,F,A,F,142.625,36.0
1142,C,F,5,F,"(0, 5, 9)",I,F,A,F,142.75,36.0
1143,C,F,5,F,"(0, 5, 9)",I,F,A,F,142.875,36.0
1144,C,F,5,F,"(0, 5, 9)",I,F,A,F,143.0,36.0
1145,C,F,5,F,"(0, 5, 9)",I,F,A,F,143.125,36.0
1146,C,F,5,F,"(0, 5, 9)",I,F,A,F,143.25,36.0
1147,C,F,5,F,"(0, 5, 9)",I,F,A,F,143.375,36.0
1148,C,F,5,F,"(0, 5, 9)",I,F,A,F,143.5,36.0
1149,C,F,5,F,"(0, 5, 9)",I,F,A,F,143.625,36.0
1150,C,F,5,F,"(0, 5, 9)",I,F,A,F,143.75,36.0
1151,C,F,5,F,"(0, 5, 9)",I,F,A,F,143.875,36.0
1152,C,F,0,F,"(0, 5, 9)",I,F,A,F,144.0,37.0
1153,C,F,1,F,"(0, 5, 9)",I,F,A,F,144.125,37.0
1154,C,F,2,F,"(0, 5, 9)",I,F,A,F,144.25,37.0
1155,C,F,2,F,"(0, 5, 9)",I,F,A,F,144.375,37.0
1156,C,F,3,F,"(0, 5, 9)",I,F,A,F,144.5,37.0
1157,C,F,3,F,"(0, 5, 9)",I,F,A,F,144.625,37.0
1158,C,F,3,F,"(0, 5, 9)",I,F,A,F,144.75,37.0
1159,C,F,3,F,"(0, 5, 9)",I,F,A,F,144.875,37.0
1160,C,F,4,F,"(0, 5, 9)",I,F,A,F,145.0,37.0
1161,C,F,4,F,"(0, 5, 9)",I,F,A,F,145.125,37.0
1162,C,F,4,F,"(0, 5, 9)",I,F,A,F,145.25,37.0
1163,C,F,4,F,"(0, 5, 9)",I,F,A,F,145.375,37.0
1164,C,F,4,F,"(0, 5, 9)",I,F,A,F,145.5,37.0
1165,C,F,4,F,"(0, 5, 9)",I,F,A,F,145.625,37.0
1166,C,F,4,F,"(0, 5, 9)",I,F,A,F,145.75,37.0
1167,C,F,4,F,"(0, 5, 9)",I,F,A,F,145.875,37.0
1168,C,F,5,F,"(0, 5, 9)",I,F,A,F,146.0,37.0
1169,C,F,5,F,"(0, 5, 9)",I,F,A,F,146.125,37.0
1170,C,F,5,F,"(0, 5, 9)",I,F,A,F,146.25,37.0
1171,C,F,5,F,"(0, 5, 9)",I,F,A,F,146.375,37.0
1172,C,F,5,F,"(0, 5, 9)",I,F,A,F,146.5,37.0
1173,C,F,5,F,"(0, 5, 9)",I,F,A,F,146.625,37.0
1174,C,F,5,F,"(0, 5, 9)",I,F,A,F,146.75,37.0
1175,C,F,5,F,"(0, 5, 9)",I,F,A,F,146.875,37.0
1176,C,F,5,F,"(0, 5, 9)",I,F,A,F,147.0,37.0
1177,C,F,5,F,"(0, 5, 9)",I,F,A,F,147.125,37.0
1178,C,F,5,F,"(0, 5, 9)",I,F,A,F,147.25,37.0
1179,C,F,5,F,"(0, 5, 9)",I,F,A,F,147.375,37.0
1180,C,F,5,F,"(0, 5, 9)",I,F,A,F,147.5,37.0
1181,C,F,5,F,"(0, 5, 9)",I,F,A,F,147.625,37.0
1182,C,F,5,F,"(0, 5, 9)",I,F,A,F,147.75,37.0
1183,C,F,5,F,"(0, 5, 9)",I,F,A,F,147.875,37.0
1184,C,F,0,F,"(0, 5, 9)",I,F,A,F,148.0,38.0
1185,C,F,1,F,"(0, 5, 9)",I,F,A,F,148.125,38.0
1186,C,F,2,F,"(0, 5, 9)",I,F,A,F,148.25,38.0
1187,C,F,2,F,"(0, 5, 9)",I,F,A,F,148.375,38.0
1188,C,F,3,F,"(0, 5, 9)",I,F,A,F,148.5,38.0
1189,C,F,3,F,"(0, 5, 9)",I,F,A,F,148.625,38.0
1190,C,F,3,F,"(0, 5, 9)",I,F,A,F,148.75,38.0
1191,C,F,3,F,"(0, 5, 9)",I,F,A,F,148.875,38.0
1192,C,E,4,F,"(0, 4, 7)",V,C,G,F,149.0,38.0
1193,C,E,4,F,"(0, 4, 7)",V,C,G,F,149.125,38.0
1194,C,E,4,F,"(0, 4, 7)",V,C,G,F,149.25,38.0
1195,C,E,2,F,"(0, 4, 7)",V,C,G,F,149.375,38.0
1196,C,E,4,F,"(0, 4, 7)",V,C,G,F,149.5,38.0
1197,C,E,3,F,"(0, 4, 7)",V,C,G,F,149.625,38.0
1198,C,E,4,F,"(0, 4, 7)",V,C,G,F,149.75,38.0
1199,C,E,4,F,"(0, 4, 7)",V,C,G,F,149.875,38.0
1200,C,F,0,f,"(0, 5, 8)",i,F,A-,f,150.0,38.0
1201,C,F,1,f,"(0, 5, 8)",i,F,A-,f,150.125,38.0
1202,C,F,2,f,"(0, 5, 8)",i,F,A-,f,150.25,38.0
1203,C,F,2,f,"(0, 5, 8)",i,F,A-,f,150.375,38.0
1204,C,F,3,f,"(0, 5, 8)",i,F,A-,f,150.5,38.0
1205,C,F,3,f,"(0, 5, 8)",i,F,A-,f,150.625,38.0
1206,C,F,3,f,"(0, 5, 8)",i,F,A-,f,150.75,38.0
1207,C,F,3,f,"(0, 5, 8)",i,F,A-,f,150.875,38.0
1208,C,F,4,f,"(0, 5, 8)",i,F,A-,f,151.0,38.0
1209,C,F,4,f,"(0, 5, 8)",i,F,F,f,151.125,38.0
1210,C,F,4,f,"(0, 5, 8)",i,F,F,f,151.25,38.0
1211,C,F,4,f,"(0, 5, 8)",i,F,F,f,151.375,38.0
1212,C,F,4,f,"(0, 5, 8)",i,F,F,f,151.5,38.0
1213,C,F,4,f,"(0, 5, 8)",i,F,F,f,151.625,38.0
1214,C,F,4,f,"(0, 5, 8)",i,F,F,f,151.75,38.0
1215,C,F,4,f,"(0, 5, 8)",i,F,F,f,151.875,38.0
1216,G,C,0,f,"(0, 5, 8)",i,C,E,f,152.0,39.0
1217,G,C,1,f,"(0, 4, 7)",V,C,E,f,152.125,39.0
1218,G,C,2,f,"(0, 4, 7)",V,C,E,f,152.25,39.0
1219,G,C,2,f,"(0, 4, 7)",V,C,E,f,152.375,39.0
1220,G,C,3,f,"(0, 4, 7)",V,C,E,f,152.5,39.0
1221,G,C,3,f,"(0, 4, 7)",V,C,E,f,152.625,39.0
1222,G,C,3,f,"(0, 4, 7)",V,C,E,f,152.75,39.0
1223,G,C,3,f,"(0, 4, 7)",V,C,E,f,152.875,39.0
1224,G,C,4,f,"(0, 4, 7)",V,C,E,f,153.0,39.0
1225,G,C,4,f,"(0, 4, 7)",V,C,E,f,153.125,39.0
1226,G,C,4,f,"(0, 4, 7)",V,C,E,f,153.25,39.0
1227,G,C,4,f,"(0, 4, 7)",V,C,E,f,153.375,39.0
1228,G,C,4,f,"(0, 4, 7)",V,C,E,f,153.5,39.0
1229,G,C,4,f,"(0, 4, 7)",V,C,E,f,153.625,39.0
1230,G,C,4,f,"(0, 4, 7)",V,C,E,f,153.75,39.0
1231,G,C,4,f,"(0, 4, 7)",V,C,E,f,153.875,39.0
1232,G,C,5,f,"(0, 4, 7, 10)",V,C,E,f,154.0,39.0
1233,G,C,1,f,"(0, 4, 7, 10)",V,C,E,f,154.125,39.0
1234,G,C,5,f,"(0, 4, 7, 10)",V,C,E,f,154.25,39.0
1235,G,C,5,f,"(0, 4, 7, 10)",V,C,E,f,154.375,39.0
1236,G,C,5,f,"(0, 4, 7, 10)",V,C,E,f,154.5,39.0
1237,G,C,5,f,"(0, 4, 7, 10)",V,C,E,f,154.625,39.0
1238,G,C,5,f,"(0, 4, 7, 10)",V,C,E,f,154.75,39.0
1239,G,C,5,f,"(0, 4, 7, 10)",V,C,E,f,154.875,39.0
1240,G,C,4,f,"(0, 4, 7, 10)",V,C,E,f,155.0,39.0
1241,G,C,4,f,"(0, 4, 7, 10)",V,C,E,f,155.125,39.0
1242,G,C,4,f,"(0, 4, 7, 10)",V,C,E,f,155.25,39.0
1243,G,C,4,f,"(0, 4, 7, 10)",V,C,E,f,155.375,39.0
1244,G,C,4,f,"(0, 4, 7, 10)",V,C,E,f,155.5,39.0
1245,G,C,4,f,"(0, 4, 7, 10)",V,C,E,f,155.625,39.0
1246,G,C,4,f,"(0, 4, 7, 10)",V,C,E,f,155.75,39.0
1247,G,C,4,f,"(0, 4, 7, 10)",V,C,E,f,155.875,39.0
1248,C,F,0,f,"(0, 5, 8)",i,F,A-,f,156.0,40.0
1249,C,F,1,f,"(0, 5, 8)",i,F,A-,f,156.125,40.0
1250,C,F,2,f,"(0, 5, 8)",i,F,A-,f,156.25,40.0
1251,C,F,2,f,"(0, 5, 8)",i,F,A-,f,156.375,40.0
1252,C,F,3,f,"(0, 5, 8)",i,F,A-,f,156.5,40.0
1253,C,F,3,f,"(0, 5, 8)",i,F,A-,f,156.625,40.0
1254,C,F,3,f,"(0, 5, 8)",i,F,A-,f,156.75,40.0
1255,C,F,3,f,"(0, 5, 8)",i,F,A-,f,156.875,40.0
1256,C,F,4,f,"(0, 5, 8)",i,F,A-,f,157.0,40.0
1257,C,F,4,f,"(0, 5, 8)",i,F,A-,f,157.125,40.0
1258,C,F,4,f,"(0, 5, 8)",i,F,A-,f,157.25,40.0
1259,C,F,4,f,"(0, 5, 8)",i,F,A-,f,157.375,40.0
1260,C,F,4,f,"(0, 5, 8)",i,F,A-,f,157.5,40.0
1261,C,F,4,f,"(0, 5, 8)",i,F,A-,f,157.625,40.0
1262,C,F,4,f,"(0, 5, 8)",i,F,A-,f,157.75,40.0
1263,C,F,4,f,"(0, 5, 8)",i,F,A-,f,157.875,40.0
1264,C,F,5,f,"(0, 5, 8)",i,F,A-,f,158.0,40.0
1265,C,F,5,f,"(0, 5, 8)",i,F,A-,f,158.125,40.0
1266,C,F,5,f,"(0, 5, 8)",i,F,A-,f,158.25,40.0
1267,C,F,5,f,"(0, 5, 8)",i,F,A-,f,158.375,40.0
1268,C,F,5,f,"(0, 5, 8)",i,F,A-,f,158.5,40.0
1269,C,F,5,f,"(0, 5, 8)",i,F,A-,f,158.625,40.0
1270,C,F,5,f,"(0, 5, 8)",i,F,A-,f,158.75,40.0
1271,C,F,5,f,"(0, 5, 8)",i,F,A-,f,158.875,40.0
1272,C,F,5,f,"(0, 5, 8)",i,F,A-,f,159.0,40.0
1273,C,F,5,f,"(0, 5, 8)",i,F,A-,f,159.125,40.0
1274,C,F,5,f,"(0, 5, 8)",i,F,A-,f,159.25,40.0
1275,C,F,5,f,"(0, 5, 8)",i,F,A-,f,159.375,40.0
1276,C,F,5,f,"(0, 5, 8)",i,F,A-,f,159.5,40.0
1277,C,F,5,f,"(0, 5, 8)",i,F,A-,f,159.625,40.0
1278,C,F,5,f,"(0, 5, 8)",i,F,A-,f,159.75,40.0
1279,C,F,5,f,"(0, 5, 8)",i,F,A-,f,159.875,40.0
1280,E-,A,0,b-,"(0, 5, 9)",I,F,C,b-,160.0,41.0
1281,F,A,1,b-,"(0, 5, 9)",I,F,C,b-,160.125,41.0
1282,F,A,2,b-,"(0, 5, 9)",I,F,C,b-,160.25,41.0
1283,F,A,2,b-,"(0, 5, 9)",I,F,C,b-,160.375,41.0
1284,F,A,3,b-,"(0, 5, 9)",I,F,C,b-,160.5,41.0
1285,F,A,3,b-,"(0, 5, 9)",I,F,C,b-,160.625,41.0
1286,F,A,3,b-,"(0, 5, 9)",I,F,C,b-,160.75,41.0
1287,F,A,3,b-,"(0, 5, 9)",I,F,C,b-,160.875,41.0
1288,F,B-,0,b-,"(1, 5, 10)",i,B-,D-,b-,161.0,41.0
1289,F,B-,1,b-,"(1, 5, 10)",i,B-,D-,b-,161.125,41.0
1290,F,B-,2,b-,"(1, 5, 10)",i,B-,D-,b-,161.25,41.0
1291,F,B-,2,b-,"(1, 5, 10)",i,B-,D-,b-,161.375,41.0
1292,F,B-,3,b-,"(1, 5, 10)",i,B-,D-,b-,161.5,41.0
1293,F,B-,3,b-,"(1, 5, 10)",i,B-,D-,b-,161.625,41.0
1294,F,B-,3,b-,"(1, 5, 10)",i,B-,D-,b-,161.75,41.0
1295,F,B-,3,b-,"(1, 5, 10)",i,B-,D-,b-,161.875,41.0
1296,C,F,0,b-,"(0, 3, 5, 9)",V7,E-,A,b-,162.0,41.0
1297,C,F,1,b-,"(0, 3, 5, 9)",V7,E-,A,b-,162.125,41.0
1298,C,F,2,b-,"(0, 3, 5, 9)",V7,E-,A,b-,162.25,41.0
1299,C,F,2,b-,"(0, 3, 5, 9)",V7,E-,A,b-,162.375,41.0
1300,C,F,3,b-,"(0, 3, 5, 9)",V7,E-,A,b-,162.5,41.0
1301,C,F,3,b-,"(0, 3, 5, 9)",V7,E-,A,b-,162.625,41.0
1302,C,F,3,b-,"(0, 3, 5, 9)",V7,E-,A,b-,162.75,41.0
1303,C,F,3,b-,"(0, 3, 5, 9)",V7,E-,A,b-,162.875,41.0
1304,C,F,4,b-,"(0, 3, 5, 9)",V7,E-,A,b-,163.0,41.0
1305,C,F,4,b-,"(0, 3, 5, 9)",V7,E-,A,b-,163.125,41.0
1306,C,F,4,b-,"(0, 3, 5, 9)",V7,F,A,b-,163.25,41.0
1307,C,F,4,b-,"(0, 3, 5, 9)",V7,F,A,b-,163.375,41.0
1308,C,F,4,b-,"(0, 3, 5, 9)",V7,F,A,b-,163.5,41.0
1309,C,F,4,b-,"(0, 3, 5, 9)",V7,F,A,b-,163.625,41.0
1310,C,F,4,b-,"(0, 3, 5, 9)",V7,F,A,b-,163.75,41.0
1311,C,F,4,b-,"(0, 3, 5, 9)",V7,F,A,b-,163.875,41.0
1312,B-,D-,0,b-,"(1, 5, 10)",i,B-,F,b-,164.0,42.0
1313,B-,D-,1,b-,"(1, 5, 10)",i,B-,F,b-,164.125,42.0
1314,B-,D-,2,b-,"(1, 5, 10)",i,B-,F,b-,164.25,42.0
1315,B-,D-,2,b-,"(1, 5, 10)",i,B-,F,b-,164.375,42.0
1316,B-,D-,3,b-,"(1, 5, 10)",i,B-,F,b-,164.5,42.0
1317,B-,D-,3,b-,"(1, 5, 10)",i,B-,F,b-,164.625,42.0
1318,B-,D-,3,b-,"(1, 5, 10)",i,B-,F,b-,164.75,42.0
1319,B-,D-,3,b-,"(1, 5, 10)",i,B-,F,b-,164.875,42.0
1320,B-,D-,4,b-,"(1, 5, 10)",i,B-,F,b-,165.0,42.0
1321,B-,D-,4,b-,"(1, 5, 10)",i,B-,F,b-,165.125,42.0
1322,B-,D-,4,b-,"(1, 5, 10)",i,B-,F,b-,165.25,42.0
1323,B-,D-,4,b-,"(1, 5, 10)",i,B-,F,b-,165.375,42.0
1324,B-,D-,4,b-,"(1, 5, 10)",i,B-,F,b-,165.5,42.0
1325,B-,D-,4,b-,"(1, 5, 10)",i,B-,F,b-,165.625,42.0
1326,B-,D-,4,b-,"(1, 5, 10)",i,B-,F,b-,165.75,42.0
1327,B-,D-,4,b-,"(1, 5, 10)",i,B-,F,b-,165.875,42.0
1328,F,B-,0,b-,"(1, 5, 10)",i,B-,D-,b-,166.0,42.0
1329,F,B-,1,b-,"(1, 5, 10)",i,B-,D-,b-,166.125,42.0
1330,F,B-,2,b-,"(1, 5, 10)",i,B-,D-,b-,166.25,42.0
1331,F,B-,2,b-,"(1, 5, 10)",i,B-,D-,b-,166.375,42.0
1332,F,B-,3,b-,"(1, 5, 10)",i,B-,D-,b-,166.5,42.0
1333,F,B-,3,b-,"(1, 5, 10)",i,B-,D-,b-,166.625,42.0
1334,F,B-,3,b-,"(1, 5, 10)",i,B-,D-,b-,166.75,42.0
1335,F,B-,3,b-,"(1, 5, 10)",i,B-,D-,b-,166.875,42.0
1336,F,B-,4,b-,"(1, 5, 10)",i,B-,D-,b-,167.0,42.0
1337,F,B-,4,b-,"(1, 5, 10)",i,B-,D-,b-,167.125,42.0
1338,F,B-,4,b-,"(1, 5, 10)",i,B-,D-,b-,167.25,42.0
1339,F,B-,4,b-,"(1, 5, 10)",i,B-,D-,b-,167.375,42.0
1340,F,B-,4,b-,"(1, 5, 10)",i,B-,D-,b-,167.5,42.0
1341,F,B-,4,b-,"(1, 5, 10)",i,B-,D-,b-,167.625,42.0
1342,F,B-,4,b-,"(1, 5, 10)",i,B-,D-,b-,167.75,42.0
1343,F,B-,4,b-,"(1, 5, 10)",i,B-,D-,b-,167.875,42.0
1344,C,F,0,b-,"(0, 5, 9)",V,F,A,b-,168.0,43.0
1345,C,F,1,b-,"(0, 5, 9)",V,F,A,b-,168.125,43.0
1346,C,F,2,b-,"(0, 5, 9)",V,F,A,b-,168.25,43.0
1347,C,F,2,b-,"(0, 5, 9)",V,F,A,b-,168.375,43.0
1348,C,F,3,b-,"(0, 5, 9)",V,F,A,b-,168.5,43.0
1349,C,F,3,b-,"(0, 5, 9)",V,F,A,b-,168.625,43.0
1350,C,F,3,b-,"(0, 5, 9)",V,F,A,b-,168.75,43.0
1351,C,F,3,b-,"(0, 5, 9)",V,F,A,b-,168.875,43.0
1352,C,F,4,b-,"(0, 5, 9)",V,F,A,b-,169.0,43.0
1353,C,F,4,b-,"(0, 5, 9)",V,F,A,b-,169.125,43.0
1354,C,F,4,b-,"(0, 5, 9)",V,F,A,b-,169.25,43.0
1355,C,F,4,b-,"(0, 5, 9)",V,F,A,b-,169.375,43.0
1356,C,F,4,b-,"(0, 5, 9)",V,F,A,b-,169.5,43.0
1357,C,F,4,b-,"(0, 5, 9)",V,F,A,b-,169.625,43.0
1358,C,F,4,b-,"(0, 5, 9)",V,F,A,b-,169.75,43.0
1359,C,F,4,b-,"(0, 5, 9)",V,F,A,b-,169.875,43.0
1360,C,F,5,b-,"(0, 5, 9)",V,F,A,b-,170.0,43.0
1361,C,F,5,b-,"(0, 5, 9)",V,F,A,b-,170.125,43.0
1362,C,F,5,b-,"(0, 5, 9)",V,F,A,b-,170.25,43.0
1363,C,F,5,b-,"(0, 5, 9)",V,F,A,b-,170.375,43.0
1364,C,F,5,b-,"(0, 5, 9)",V,F,A,b-,170.5,43.0
1365,C,F,5,b-,"(0, 5, 9)",V,F,A,b-,170.625,43.0
1366,C,F,5,b-,"(0, 5, 9)",V,F,A,b-,170.75,43.0
1367,C,F,5,b-,"(0, 5, 9)",V,F,A,b-,170.875,43.0
1368,C,F,0,b-,"(0, 3, 5, 9)",V7,C,A,b-,171.0,43.0
1369,C,F,5,b-,"(0, 3, 5, 9)",V7,C,A,b-,171.125,43.0
1370,C,F,2,b-,"(0, 3, 5, 9)",V7,C,A,b-,171.25,43.0
1371,C,F,5,b-,"(0, 3, 5, 9)",V7,C,A,b-,171.375,43.0
1372,C,F,3,b-,"(0, 3, 5, 9)",V7,C,A,b-,171.5,43.0
1373,C,F,3,b-,"(0, 3, 5, 9)",V7,C,A,b-,171.625,43.0
1374,C,F,3,b-,"(0, 3, 5, 9)",V7,C,A,b-,171.75,43.0
1375,C,F,3,b-,"(0, 3, 5, 9)",V7,C,A,b-,171.875,43.0
1376,F,D-,0,b-,"(1, 5, 10)",i,B-,F,b-,172.0,44.0
1377,F,D-,1,b-,"(1, 5, 10)",i,B-,F,b-,172.125,44.0
1378,F,D-,2,b-,"(1, 5, 10)",i,B-,F,b-,172.25,44.0
1379,F,D-,2,b-,"(1, 5, 10)",i,B-,F,b-,172.375,44.0
1380,F,D-,3,b-,"(1, 5, 10)",i,B-,F,b-,172.5,44.0
1381,F,D-,3,b-,"(1, 5, 10)",i,B-,F,b-,172.625,44.0
1382,F,D-,3,b-,"(1, 5, 10)",i,B-,F,b-,172.75,44.0
1383,F,D-,3,b-,"(1, 5, 10)",i,B-,F,b-,172.875,44.0
1384,F,C,0,b-,"(0, 3, 5, 9)",V7,C,E-,b-,173.0,44.0
1385,F,C,1,b-,"(0, 3, 5, 9)",V7,C,E-,b-,173.125,44.0
1386,F,C,2,b-,"(0, 3, 5, 9)",V7,C,E-,b-,173.25,44.0
1387,F,C,2,b-,"(0, 3, 5, 9)",V7,C,E-,b-,173.375,44.0
1388,F,C,3,b-,"(0, 3, 5, 9)",V7,C,E-,b-,173.5,44.0
1389,F,C,3,b-,"(0, 3, 5, 9)",V7,C,E-,b-,173.625,44.0
1390,F,C,3,b-,"(0, 3, 5, 9)",V7,C,E-,b-,173.75,44.0
1391,F,C,3,b-,"(0, 3, 5, 9)",V7,C,E-,b-,173.875,44.0
1392,F,B-,0,b-,"(1, 5, 10)",iv,B-,D-,b-,174.0,44.0
1393,F,B-,1,b-,"(1, 5, 10)",i,B-,D-,b-,174.125,44.0
1394,F,B-,2,b-,"(1, 5, 10)",i,B-,D-,b-,174.25,44.0
1395,F,B-,2,b-,"(1, 5, 10)",i,B-,D-,b-,174.375,44.0
1396,F,B-,3,b-,"(1, 5, 10)",iv,B-,D-,b-,174.5,44.0
1397,F,B-,3,b-,"(1, 5, 10)",iv,B-,D-,b-,174.625,44.0
1398,F,B-,3,b-,"(1, 5, 10)",iv,B-,D-,b-,174.75,44.0
1399,F,B-,3,b-,"(1, 5, 10)",iv,B-,D-,b-,174.875,44.0
1400,A,E-,0,b-,"(0, 3, 5, 9)",V7,C,A,b-,175.0,44.0
1401,A,E-,1,b-,"(0, 3, 5, 9)",V7,C,F,b-,175.125,44.0
1402,A,E-,2,b-,"(0, 3, 5, 9)",V7,C,F,b-,175.25,44.0
1403,A,E-,2,b-,"(0, 3, 5, 9)",V7,C,F,b-,175.375,44.0
1404,A,E-,3,b-,"(0, 3, 5, 9)",V7,C,F,b-,175.5,44.0
1405,A,E-,3,b-,"(0, 3, 5, 9)",V7,C,F,b-,175.625,44.0
1406,A,E-,3,b-,"(0, 3, 5, 9)",V7,C,F,b-,175.75,44.0
1407,A,E-,3,b-,"(0, 3, 5, 9)",V7,C,F,b-,175.875,44.0
1408,B-,D-,0,b-,"(1, 5, 10)",iv,B-,F,b-,176.0,45.0
1409,B-,D-,1,b-,"(1, 5, 10)",iv,B-,F,b-,176.125,45.0
1410,B-,D-,2,b-,"(1, 5, 10)",iv,B-,F,b-,176.25,45.0
1411,B-,D-,2,b-,"(1, 5, 10)",iv,B-,F,b-,176.375,45.0
1412,B-,D-,3,b-,"(1, 5, 10)",iv,B-,F,b-,176.5,45.0
1413,B-,D-,3,b-,"(1, 5, 10)",iv,B-,F,b-,176.625,45.0
1414,B-,D-,3,b-,"(1, 5, 10)",iv,B-,F,b-,176.75,45.0
1415,B-,D-,3,b-,"(1, 5, 10)",iv,B-,F,b-,176.875,45.0
1416,A,C,0,b-,"(0, 3, 5, 9)",V7,A,E-,b-,177.0,45.0
1417,F,C,1,b-,"(0, 3, 5, 9)",V7,A,E-,b-,177.125,45.0
1418,F,C,2,b-,"(0, 3, 5, 9)",V7,A,E-,b-,177.25,45.0
1419,F,C,2,b-,"(0, 3, 5, 9)",V7,A,E-,b-,177.375,45.0
1420,F,C,3,b-,"(0, 3, 5, 9)",V7,A,E-,b-,177.5,45.0
1421,F,C,3,b-,"(0, 3, 5, 9)",V7,A,E-,b-,177.625,45.0
1422,F,C,3,b-,"(0, 3, 5, 9)",V7,A,E-,b-,177.75,45.0
1423,F,C,3,b-,"(0, 3, 5, 9)",V7,A,E-,b-,177.875,45.0
1424,F,B-,0,f,"(1, 5, 10)",iv,B-,D-,f,178.0,45.0
1425,F,B-,1,f,"(1, 5, 10)",iv,B-,D-,f,178.125,45.0
1426,F,B-,2,f,"(1, 5, 10)",iv,B-,D-,f,178.25,45.0
1427,F,B-,2,f,"(1, 5, 10)",iv,B-,D-,f,178.375,45.0
1428,F,B-,3,f,"(1, 5, 10)",iv,B-,D-,f,178.5,45.0
1429,F,B-,3,f,"(1, 5, 10)",iv,B-,D-,f,178.625,45.0
1430,F,B-,3,f,"(1, 5, 10)",iv,B-,D-,f,178.75,45.0
1431,F,B-,3,f,"(1, 5, 10)",iv,B-,D-,f,178.875,45.0
1432,E,G,0,f,"(0, 4, 7)",V,E,C,f,179.0,45.0
1433,E,G,1,f,"(0, 4, 7)",V,E,C,f,179.125,45.0
1434,E,G,2,f,"(0, 4, 7)",V,E,C,f,179.25,45.0
1435,E,G,2,f,"(0, 4, 7)",V,E,C,f,179.375,45.0
1436,E,G,3,f,"(0, 4, 7)",V,C,C,f,179.5,45.0
1437,E,G,3,f,"(0, 4, 7)",V,C,C,f,179.625,45.0
1438,E,G,3,f,"(0, 4, 7)",V,E,C,f,179.75,45.0
1439,E,G,3,f,"(0, 4, 7)",V,C,C,f,179.875,45.0
1440,F,A-,0,f,"(0, 5, 8)",i,F,C,f,180.0,46.0
1441,F,A-,1,f,"(0, 5, 8)",i,F,C,f,180.125,46.0
1442,F,A-,2,f,"(0, 5, 8)",i,F,C,f,180.25,46.0
1443,F,A-,2,f,"(0, 5, 8)",i,F,C,f,180.375,46.0
1444,F,A-,3,f,"(0, 5, 8)",i,F,C,f,180.5,46.0
1445,F,A-,3,f,"(0, 5, 8)",i,F,C,f,180.625,46.0
1446,F,A-,3,f,"(0, 5, 8)",i,F,C,f,180.75,46.0
1447,F,A-,3,f,"(0, 5, 8)",i,F,C,f,180.875,46.0
1448,C,E,0,f,"(0, 4, 7)",V,C,G,f,181.0,46.0
1449,C,E,1,f,"(0, 4, 7)",V,C,G,f,181.125,46.0
1450,C,E,2,f,"(0, 4, 7)",V,C,G,f,181.25,46.0
1451,C,E,2,f,"(0, 4, 7)",V,C,G,f,181.375,46.0
1452,C,E,3,f,"(0, 4, 7)",V,C,G,f,181.5,46.0
1453,C,E,3,f,"(0, 4, 7)",V,C,G,f,181.625,46.0
1454,C,E,3,f,"(0, 4, 7)",V,C,G,f,181.75,46.0
1455,C,E,3,f,"(0, 4, 7)",V,C,G,f,181.875,46.0
1456,C,F,0,f,"(0, 5, 8)",i,F,A-,f,182.0,46.0
1457,C,F,1,f,"(0, 5, 8)",i,F,A-,f,182.125,46.0
1458,C,F,2,f,"(0, 5, 8)",i,F,A-,f,182.25,46.0
1459,C,F,2,f,"(0, 5, 8)",i,F,A-,f,182.375,46.0
1460,C,F,3,f,"(0, 5, 8)",i,F,A-,f,182.5,46.0
1461,C,F,3,f,"(0, 5, 8)",i,F,A-,f,182.625,46.0
1462,C,F,3,f,"(0, 5, 8)",i,F,A-,f,182.75,46.0
1463,C,F,3,f,"(0, 5, 8)",i,F,A-,f,182.875,46.0
1464,B-,D-,0,f,"(1, 5, 10)",iv,B-,F,f,183.0,46.0
1465,B-,D-,1,f,"(1, 5, 10)",iv,B-,F,f,183.125,46.0
1466,B-,D-,2,f,"(1, 5, 10)",iv,B-,F,f,183.25,46.0
1467,B-,D-,2,f,"(1, 5, 10)",iv,B-,F,f,183.375,46.0
1468,B-,D-,3,f,"(1, 5, 10)",iv,B-,F,f,183.5,46.0
1469,B-,D-,3,f,"(1, 5, 10)",iv,B-,F,f,183.625,46.0
1470,B-,D-,3,f,"(1, 5, 10)",iv,B-,F,f,183.75,46.0
1471,B-,D-,3,f,"(1, 5, 10)",iv,B-,F,f,183.875,46.0
1472,G,C,0,f,"(0, 5, 8)",i,C,E,f,184.0,47.0
1473,A-,C,1,f,"(0, 5, 8)",i,C,E,f,184.125,47.0
1474,A-,C,2,f,"(0, 5, 8)",i,C,E,f,184.25,47.0
1475,A-,C,2,f,"(0, 5, 8)",i,C,E,f,184.375,47.0
1476,A-,C,3,f,"(0, 5, 8)",i,C,E,f,184.5,47.0
1477,A-,C,3,f,"(0, 5, 8)",i,C,E,f,184.625,47.0
1478,A-,C,3,f,"(0, 5, 8)",i,C,E,f,184.75,47.0
1479,A-,C,3,f,"(0, 5, 8)",Cad,C,E,f,184.875,47.0
1480,G,C,4,f,"(0, 5, 8)",Cad,C,E,f,185.0,47.0
1481,G,C,4,f,"(0, 5, 8)",Cad,C,E,f,185.125,47.0
1482,G,C,4,f,"(0, 5, 8)",Cad,C,E,f,185.25,47.0
1483,G,C,4,f,"(0, 5, 8)",Cad,C,E,f,185.375,47.0
1484,G,C,4,f,"(0, 4, 7)",Cad,C,E,f,185.5,47.0
1485,G,C,4,f,"(0, 4, 7)",Cad,C,E,f,185.625,47.0
1486,G,C,4,f,"(0, 4, 7)",Cad,C,E,f,185.75,47.0
1487,G,C,4,f,"(0, 4, 7)",Cad,C,E,f,185.875,47.0
1488,G,C,0,f,"(0, 4, 7, 10)",V,C,E,f,186.0,47.0
1489,G,C,1,f,"(0, 4, 7, 10)",V,C,E,f,186.125,47.0
1490,G,C,2,f,"(0, 4, 7, 10)",V,C,E,f,186.25,47.0
1491,G,C,2,f,"(0, 4, 7, 10)",V,C,E,f,186.375,47.0
1492,G,C,3,f,"(0, 4, 7, 10)",V,C,E,f,186.5,47.0
1493,G,C,3,f,"(0, 4, 7, 10)",V,C,E,f,186.625,47.0
1494,G,C,3,f,"(0, 4, 7, 10)",V,C,E,f,186.75,47.0
1495,G,C,3,f,"(0, 4, 7, 10)",V,C,E,f,186.875,47.0
1496,G,C,4,f,"(0, 4, 7, 10)",V7,B-,E,f,187.0,47.0
1497,G,C,4,f,"(0, 4, 7, 10)",V7,B-,E,f,187.125,47.0
1498,G,C,4,f,"(0, 4, 7, 10)",V7,B-,E,f,187.25,47.0
1499,G,C,4,f,"(0, 4, 7, 10)",V7,B-,E,f,187.375,47.0
1500,G,C,4,f,"(0, 4, 7, 10)",V7,B-,E,f,187.5,47.0
1501,G,C,4,f,"(0, 4, 7, 10)",V7,B-,E,f,187.625,47.0
1502,G,C,4,f,"(0, 4, 7, 10)",V7,B-,E,f,187.75,47.0
1503,G,C,4,f,"(0, 4, 7, 10)",V7,B-,E,f,187.875,47.0
1504,C,F,0,f,"(0, 5, 8)",i,F,A-,f,188.0,48.0
1505,C,F,1,f,"(0, 5, 8)",i,F,A-,f,188.125,48.0
1506,C,F,2,f,"(0, 5, 8)",i,F,A-,f,188.25,48.0
1507,C,F,2,f,"(0, 5, 8)",i,F,A-,f,188.375,48.0
1508,C,F,3,f,"(0, 5, 8)",i,F,A-,f,188.5,48.0
1509,C,F,3,f,"(0, 5, 8)",i,F,A-,f,188.625,48.0
1510,C,F,3,f,"(0, 5, 8)",i,F,A-,f,188.75,48.0
1511,C,F,3,f,"(0, 5, 8)",i,F,A-,f,188.875,48.0
1512,C,F,4,f,"(0, 5, 8)",i,F,A-,f,189.0,48.0
1513,C,F,4,f,"(0, 5, 8)",i,F,A-,f,189.125,48.0
1514,C,F,4,f,"(0, 5, 8)",i,F,A-,f,189.25,48.0
1515,C,F,4,f,"(0, 5, 8)",i,F,A-,f,189.375,48.0
1516,C,F,4,f,"(0, 5, 8)",i,F,A-,f,189.5,48.0
1517,C,F,4,f,"(0, 5, 8)",i,F,A-,f,189.625,48.0
1518,C,F,4,f,"(0, 5, 8)",i,F,A-,f,189.75,48.0
1519,C,F,4,f,"(0, 5, 8)",i,F,A-,f,189.875,48.0
1520,C,F,5,f,"(0, 5, 8)",i,F,A-,f,190.0,48.0
1521,C,F,5,f,"(0, 5, 8)",i,F,A-,f,190.125,48.0
1522,C,F,5,f,"(0, 5, 8)",i,F,A-,f,190.25,48.0
1523,C,F,5,f,"(0, 5, 8)",i,F,A-,f,190.375,48.0
1524,C,F,5,f,"(0, 5, 8)",i,F,A-,f,190.5,48.0
1525,C,F,5,f,"(0, 5, 8)",i,F,A-,f,190.625,48.0
1526,C,F,5,f,"(0, 5, 8)",i,F,A-,f,190.75,48.0
1527,C,F,5,f,"(0, 5, 8)",i,F,A-,f,190.875,48.0
1528,C,F,5,f,"(0, 5, 8)",i,F,A-,f,191.0,48.0
1529,C,F,5,f,"(0, 5, 8)",i,F,A-,f,191.125,48.0
1530,C,F,5,f,"(0, 5, 8)",i,F,A-,f,191.25,48.0
1531,C,F,5,f,"(0, 5, 8)",i,F,A-,f,191.375,48.0
1532,C,F,5,f,"(0, 5, 8)",i,F,A-,f,191.5,48.0
1533,C,F,5,f,"(0, 5, 8)",i,F,A-,f,191.625,48.0
1534,C,F,5,f,"(0, 5, 8)",i,F,A-,f,191.75,48.0
1535,C,F,5,f,"(0, 5, 8)",i,F,A-,f,191.875,48.0
1536,C,F,0,f,"(0, 5, 8)",i,F,A-,f,192.0,49.0
1537,C,F,1,f,"(0, 5, 8)",i,F,A-,f,192.125,49.0
1538,C,F,2,f,"(0, 5, 8)",i,F,A-,f,192.25,49.0
1539,C,F,2,f,"(0, 5, 8)",i,F,A-,f,192.375,49.0
1540,C,F,3,f,"(0, 5, 8)",i,F,A-,f,192.5,49.0
1541,C,F,3,f,"(0, 5, 8)",i,F,A-,f,192.625,49.0
1542,C,F,3,f,"(0, 5, 8)",i,F,A-,f,192.75,49.0
1543,C,F,3,f,"(0, 5, 8)",i,F,A-,f,192.875,49.0
1544,C,F,4,f,"(0, 5, 8)",i,F,A-,f,193.0,49.0
1545,C,F,4,f,"(0, 5, 8)",i,F,A-,f,193.125,49.0
1546,C,F,4,f,"(0, 5, 8)",i,F,A-,f,193.25,49.0
1547,C,F,4,f,"(0, 5, 8)",i,F,A-,f,193.375,49.0
1548,C,F,4,f,"(0, 5, 8)",i,F,A-,f,193.5,49.0
1549,C,F,4,f,"(0, 5, 8)",i,F,A-,f,193.625,49.0
1550,C,F,4,f,"(0, 5, 8)",i,F,A-,f,193.75,49.0
1551,C,F,4,f,"(0, 5, 8)",i,F,A-,f,193.875,49.0
1552,C,F,5,f,"(0, 5, 8)",i,F,A-,f,194.0,49.0
1553,C,F,5,f,"(0, 5, 8)",i,F,A-,f,194.125,49.0
1554,C,F,5,f,"(0, 5, 8)",i,F,A-,f,194.25,49.0
1555,C,F,5,f,"(0, 5, 8)",i,F,A-,f,194.375,49.0
1556,C,F,5,f,"(0, 5, 8)",i,F,A-,f,194.5,49.0
1557,C,F,5,f,"(0, 5, 8)",i,F,A-,f,194.625,49.0
1558,C,F,5,f,"(0, 5, 8)",i,F,A-,f,194.75,49.0
1559,C,F,5,f,"(0, 5, 8)",i,F,A-,f,194.875,49.0
1560,C,F,5,f,"(0, 5, 8)",i,F,A-,f,195.0,49.0
1561,C,F,5,f,"(0, 5, 8)",i,F,A-,f,195.125,49.0
1562,C,F,5,f,"(0, 5, 8)",i,F,A-,f,195.25,49.0
1563,C,F,5,f,"(0, 5, 8)",i,F,A-,f,195.375,49.0
1564,C,F,5,f,"(0, 5, 8)",i,F,A-,f,195.5,49.0
1565,C,F,5,f,"(0, 5, 8)",i,F,A-,f,195.625,49.0
1566,C,F,5,f,"(0, 5, 8)",i,F,A-,f,195.75,49.0
1567,C,F,5,f,"(0, 5, 8)",i,F,A-,f,195.875,49.0
1568,C,F,0,f,"(0, 5, 8)",i,F,A-,f,196.0,50.0
1569,C,F,1,f,"(0, 5, 8)",i,F,A-,f,196.125,50.0
1570,C,F,2,f,"(0, 5, 8)",i,F,A-,f,196.25,50.0
1571,C,F,2,f,"(0, 5, 8)",i,F,A-,f,196.375,50.0
1572,C,F,3,f,"(0, 5, 8)",i,F,A-,f,196.5,50.0
1573,C,F,3,f,"(0, 5, 8)",i,F,A-,f,196.625,50.0
1574,C,F,3,f,"(0, 5, 8)",i,F,A-,f,196.75,50.0
1575,C,F,3,f,"(0, 5, 8)",i,F,A-,f,196.875,50.0
1576,C,F,4,f,"(0, 5, 8)",i,F,A-,f,197.0,50.0
1577,C,F,4,f,"(0, 5, 8)",i,F,A-,f,197.125,50.0
1578,C,F,4,f,"(0, 5, 8)",i,F,A-,f,197.25,50.0
1579,C,F,4,f,"(0, 5, 8)",i,F,A-,f,197.375,50.0
1580,C,F,4,f,"(0, 5, 8)",i,F,A-,f,197.5,50.0
1581,C,F,4,f,"(0, 5, 8)",i,F,A-,f,197.625,50.0
1582,C,F,4,f,"(0, 5, 8)",i,F,A-,f,197.75,50.0
1583,C,F,4,f,"(0, 5, 8)",i,F,A-,f,197.875,50.0
1584,C,F,5,f,"(0, 5, 9)",I,F,A,F,198.0,50.0
1585,C,F,5,f,"(0, 5, 9)",I,F,A,F,198.125,50.0
1586,C,F,5,f,"(0, 5, 9)",I,F,A,F,198.25,50.0
1587,C,F,5,f,"(0, 5, 9)",I,F,A,F,198.375,50.0
1588,C,F,5,f,"(0, 5, 9)",I,F,A,F,198.5,50.0
1589,C,F,5,f,"(0, 5, 9)",I,F,A,F,198.625,50.0
1590,C,F,5,f,"(0, 5, 9)",I,F,A,F,198.75,50.0
1591,C,F,5,f,"(0, 5, 9)",I,F,A,F,198.875,50.0
1592,C,F,5,f,"(0, 5, 9)",i,F,A,F,199.0,50.0
1593,C,F,5,f,"(0, 5, 9)",i,F,A,F,199.125,50.0
1594,C,F,5,f,"(0, 5, 9)",i,F,A,F,199.25,50.0
1595,C,F,5,f,"(0, 5, 9)",i,F,A,F,199.375,50.0
1596,C,F,5,f,"(0, 5, 9)",i,F,A,F,199.5,50.0
1597,C,F,5,f,"(0, 5, 9)",i,F,A,F,199.625,50.0
1598,C,F,5,f,"(0, 5, 9)",i,F,A,F,199.75,50.0
1599,C,F,5,f,"(0, 5, 9)",i,F,A,F,199.875,50.0
1600,C,E,0,f,"(0, 4, 7)",V,C,G,F,200.0,51.0
1601,C,E,1,f,"(0, 4, 7)",V,C,G,F,200.125,51.0
1602,C,E,2,f,"(0, 4, 7)",V,C,G,F,200.25,51.0
1603,C,E,2,f,"(0, 4, 7)",V,C,G,F,200.375,51.0
1604,C,E,3,f,"(0, 4, 7)",V,C,G,F,200.5,51.0
1605,C,E,3,f,"(0, 4, 7)",V,C,G,F,200.625,51.0
1606,C,E,3,f,"(0, 4, 7)",V,C,G,F,200.75,51.0
1607,C,E,3,f,"(0, 4, 7)",V,C,G,F,200.875,51.0
1608,C,E,4,f,"(0, 4, 7)",V,C,G,F,201.0,51.0
1609,C,E,4,f,"(0, 4, 7)",V,C,G,F,201.125,51.0
1610,C,E,4,f,"(0, 4, 7)",V,C,G,F,201.25,51.0
1611,C,E,4,f,"(0, 4, 7)",V,C,G,F,201.375,51.0
1612,C,E,4,f,"(0, 4, 7)",V,C,G,F,201.5,51.0
1613,C,E,4,f,"(0, 4, 7)",V,C,G,F,201.625,51.0
1614,C,E,4,f,"(0, 4, 7)",V,C,G,F,201.75,51.0
1615,C,E,4,f,"(0, 4, 7)",V,C,G,F,201.875,51.0
1616,E,B-,0,f,"(0, 4, 7, 10)",V7,G,C,F,202.0,51.0
1617,E,B-,1,f,"(0, 4, 7, 10)",V7,G,C,F,202.125,51.0
1618,E,B-,2,f,"(0, 4, 7, 10)",V7,G,C,F,202.25,51.0
1619,E,B-,2,f,"(0, 4, 7, 10)",V7,G,C,F,202.375,51.0
1620,E,B-,3,f,"(0, 4, 7, 10)",V7,G,C,F,202.5,51.0
1621,E,B-,3,f,"(0, 4, 7, 10)",V7,G,C,F,202.625,51.0
1622,E,B-,3,f,"(0, 4, 7, 10)",V7,G,C,F,202.75,51.0
1623,E,B-,3,f,"(0, 4, 7, 10)",V7,G,C,F,202.875,51.0
1624,E,B-,4,f,"(0, 4, 7, 10)",V7,G,C,F,203.0,51.0
1625,E,B-,4,f,"(0, 4, 7, 10)",V7,G,C,F,203.125,51.0
1626,E,B-,4,f,"(0, 4, 7, 10)",V7,G,C,F,203.25,51.0
1627,E,B-,4,f,"(0, 4, 7, 10)",V7,G,C,F,203.375,51.0
1628,E,B-,4,f,"(0, 4, 7, 10)",V7,G,C,F,203.5,51.0
1629,E,B-,4,f,"(0, 4, 7, 10)",V7,G,C,F,203.625,51.0
1630,E,B-,4,f,"(0, 4, 7, 10)",V7,G,C,F,203.75,51.0
1631,E,B-,4,f,"(0, 4, 7, 10)",V7,G,C,F,203.875,51.0
1632,F,A,0,F,"(0, 5, 9)",I,F,C,F,204.0,52.0
1633,F,A,1,F,"(0, 5, 9)",I,F,C,F,204.125,52.0
1634,F,A,2,F,"(0, 5, 9)",I,F,C,F,204.25,52.0
1635,F,A,2,F,"(0, 5, 9)",I,F,C,F,204.375,52.0
1636,F,A,3,F,"(0, 5, 9)",I,F,C,F,204.5,52.0
1637,F,A,3,F,"(0, 5, 9)",I,F,C,F,204.625,52.0
1638,F,A,3,F,"(0, 5, 9)",I,F,C,F,204.75,52.0
1639,F,A,3,F,"(0, 5, 9)",I,F,C,F,204.875,52.0
1640,F,A,4,F,"(0, 5, 9)",I,F,C,F,205.0,52.0
1641,F,A,4,F,"(0, 5, 9)",I,F,C,F,205.125,52.0
1642,F,A,4,F,"(0, 5, 9)",I,F,C,F,205.25,52.0
1643,F,A,4,F,"(0, 5, 9)",I,F,C,F,205.375,52.0
1644,F,A,4,F,"(0, 5, 9)",I,F,C,F,205.5,52.0
1645,F,A,4,F,"(0, 5, 9)",I,F,C,F,205.625,52.0
1646,F,A,4,F,"(0, 5, 9)",I,F,C,F,205.75,52.0
1647,F,A,4,F,"(0, 5, 9)",I,F,C,F,205.875,52.0
1648,F,A,5,F,"(0, 5, 9)",I,F,C,F,206.0,52.0
1649,F,A-,5,F,"(0, 5, 9)",I,F,C,f,206.125,52.0
1650,F,A-,5,F,"(0, 5, 9)",I,F,C,f,206.25,52.0
1651,F,A-,5,F,"(0, 5, 9)",I,F,C,f,206.375,52.0
1652,C,A-,3,F,"(0, 5, 9)",I,F,C,f,206.5,52.0
1653,C,A-,3,F,"(0, 5, 9)",I,F,C,f,206.625,52.0
1654,C,A-,3,F,"(0, 5, 9)",I,F,C,f,206.75,52.0
1655,C,A-,3,F,"(0, 5, 8)",I,F,C,f,206.875,52.0
1656,C,A-,5,F,"(0, 6, 8)",V7,F,C,f,207.0,52.0
1657,C,A-,5,F,"(0, 6, 8)",V7,F,C,f,207.125,52.0
1658,C,A-,5,F,"(0, 6, 8)",V7,F,C,f,207.25,52.0
1659,C,A-,5,F,"(0, 6, 8)",V7,F,C,f,207.375,52.0
1660,C,A-,5,F,"(0, 6, 8)",V7,F,C,f,207.5,52.0
1661,C,A-,5,F,"(0, 6, 8)",V7,F,C,f,207.625,52.0
1662,C,A-,5,F,"(0, 6, 8)",V7,F,C,f,207.75,52.0
1663,C,A-,5,F,"(0, 6, 8)",V7,F,C,f,207.875,52.0
1664,D,G,0,F,"(0, 4, 7)",V7,C,C,C,208.0,53.0
1665,D,G,1,F,"(0, 4, 7)",V,C,C,C,208.125,53.0
1666,D,G,2,F,"(0, 4, 7)",V,C,C,C,208.25,53.0
1667,D,G,2,F,"(0, 4, 7)",V,C,C,C,208.375,53.0
1668,D,G,3,F,"(0, 4, 7)",V,C,C,C,208.5,53.0
1669,D,G,3,F,"(0, 4, 7)",V,C,C,C,208.625,53.0
1670,D,G,3,F,"(0, 4, 7)",V,C,C,C,208.75,53.0
1671,D,G,3,F,"(0, 4, 7)",V,C,C,C,208.875,53.0
1672,D,G,4,F,"(2, 7, 11)",V,C,C,C,209.0,53.0
1673,D,G,4,F,"(2, 7, 11)",V,C,C,C,209.125,53.0
1674,D,G,4,F,"(2, 7, 11)",V,C,C,C,209.25,53.0
1675,D,G,4,F,"(2, 7, 11)",V,C,C,C,209.375,53.0
1676,D,G,4,F,"(2, 7, 11)",V,C,C,C,209.5,53.0
1677,D,G,4,F,"(2, 7, 11)",V,C,C,F,209.625,53.0
1678,D,G,4,F,"(2, 7, 11)",V,C,C,C,209.75,53.0
1679,D,G,4,F,"(0, 4, 7)",V,C,C,C,209.875,53.0
1680,E,A,0,F,"(0, 4, 9)",V,A,C,F,210.0,53.0
1681,E,A,1,F,"(0, 4, 9)",iii,A,C,F,210.125,53.0
1682,E,A,2,F,"(0, 4, 9)",iii,A,C,F,210.25,53.0
1683,E,A,2,F,"(0, 4, 9)",iii,A,C,F,210.375,53.0
1684,E,A,3,F,"(0, 4, 9)",iii,A,C,F,210.5,53.0
1685,E,A,3,F,"(0, 4, 9)",iii,A,C,F,210.625,53.0
1686,E,A,3,F,"(0, 4, 9)",iii,A,C,F,210.75,53.0
1687,E,A,3,F,"(0, 4, 9)",iii,A,C,F,210.875,53.0
1688,E,A,4,F,"(0, 4, 9)",iii,A,C,F,211.0,53.0
1689,E,A,4,F,"(0, 4, 9)",vi,A,C,F,211.125,53.0
1690,E,A,4,F,"(0, 4, 9)",vi,A,C,F,211.25,53.0
1691,E,A,4,F,"(0, 4, 9)",vi,A,C,F,211.375,53.0
1692,E,A,4,F,"(0, 4, 9)",vi,A,C,F,211.5,53.0
1693,E,A,4,F,"(0, 4, 9)",iii,A,C,F,211.625,53.0
1694,E,A,4,F,"(0, 4, 9)",iii,A,C,F,211.75,53.0
1695,E,A,4,F,"(0, 4, 9)",iii,A,C,F,211.875,53.0
1696,D,F,0,F,"(2, 5, 9)",vi,D,A,F,212.0,54.0
1697,D,F,1,F,"(2, 5, 9)",vi,D,A,F,212.125,54.0
1698,D,F,2,F,"(2, 5, 9)",vi,D,A,F,212.25,54.0
1699,D,F,2,F,"(2, 5, 9)",vi,D,A,F,212.375,54.0
1700,D,F,3,F,"(2, 5, 9)",vi,D,A,F,212.5,54.0
1701,D,F,3,F,"(2, 5, 9)",vi,D,A,F,212.625,54.0
1702,D,F,3,F,"(2, 5, 9)",vi,D,A,F,212.75,54.0
1703,D,F,3,F,"(2, 5, 9)",vi,D,A,F,212.875,54.0
1704,D,F,4,F,"(2, 5, 9)",vi,D,A,F,213.0,54.0
1705,D,F,4,F,"(2, 5, 9)",ii,D,A,F,213.125,54.0
1706,D,F,4,F,"(2, 5, 9)",ii,D,A,F,213.25,54.0
1707,D,F,4,F,"(2, 5, 9)",ii,D,A,F,213.375,54.0
1708,D,F,4,F,"(2, 5, 9)",ii,D,A,F,213.5,54.0
1709,D,F,4,F,"(2, 5, 9)",ii,D,A,F,213.625,54.0
1710,D,F,4,F,"(2, 5, 9)",ii,D,A,F,213.75,54.0
1711,D,F,4,F,"(2, 5, 9)",ii,D,A,F,213.875,54.0
1712,D,G,0,F,"(2, 5, 7, 11)",V7,F,B,C,214.0,54.0
1713,D,G,1,F,"(2, 5, 7, 11)",V7,F,B,C,214.125,54.0
1714,D,G,2,F,"(2, 5, 7, 11)",V7,F,B,C,214.25,54.0
1715,D,G,2,F,"(2, 5, 7, 11)",V7,F,B,C,214.375,54.0
1716,D,G,3,F,"(2, 5, 7, 11)",V7,F,B,C,214.5,54.0
1717,D,G,3,F,"(2, 5, 7, 11)",V7,F,B,C,214.625,54.0
1718,D,G,3,F,"(2, 5, 7, 11)",V7,F,B,C,214.75,54.0
1719,D,G,3,F,"(2, 5, 7, 11)",V7,F,B,C,214.875,54.0
1720,D,G,0,F,"(2, 5, 7, 11)",V7,F,B,C,215.0,54.0
1721,D,G,1,F,"(2, 5, 7, 11)",V7,F,B,C,215.125,54.0
1722,D,G,2,F,"(2, 5, 7, 11)",V7,F,B,C,215.25,54.0
1723,D,G,2,F,"(2, 5, 7, 11)",V7,F,B,C,215.375,54.0
1724,D,G,3,F,"(2, 5, 7, 11)",V7,F,B,C,215.5,54.0
1725,D,G,3,F,"(2, 5, 7, 11)",V7,F,B,C,215.625,54.0
1726,D,G,3,F,"(2, 5, 7, 11)",V7,F,B,C,215.75,54.0
1727,D,G,3,F,"(2, 5, 7, 11)",V7,F,B,C,215.875,54.0
1728,G,C,0,F,"(0, 4, 7)",V,C,E,F,216.0,55.0
1729,G,C,1,F,"(0, 4, 7)",V,C,E,F,216.125,55.0
1730,G,C,2,F,"(0, 4, 7)",V,C,E,F,216.25,55.0
1731,G,C,2,F,"(0, 4, 7)",V,C,E,F,216.375,55.0
1732,G,C,3,F,"(0, 4, 7)",V,C,E,F,216.5,55.0
1733,G,C,3,F,"(0, 4, 7)",V,C,E,F,216.625,55.0
1734,G,C,3,F,"(0, 4, 7)",V,C,E,F,216.75,55.0
1735,G,C,3,F,"(0, 4, 7)",V,C,E,F,216.875,55.0
1736,G,C,4,F,"(0, 4, 7)",V,C,E,F,217.0,55.0
1737,G,C,4,F,"(0, 4, 7)",V,C,E,F,217.125,55.0
1738,G,C,4,F,"(0, 4, 7)",V,C,E,F,217.25,55.0
1739,G,C,4,F,"(0, 4, 7)",V,C,E,F,217.375,55.0
1740,G,C,4,F,"(0, 4, 7)",V,C,E,F,217.5,55.0
1741,G,C,4,F,"(0, 4, 7)",V,C,E,F,217.625,55.0
1742,G,C,4,F,"(0, 4, 7)",V,C,E,F,217.75,55.0
1743,G,C,4,F,"(0, 4, 7)",V,C,E,F,217.875,55.0
1744,G,C,5,F,"(0, 4, 7)",V,C,E,F,218.0,55.0
1745,G,C,5,F,"(0, 4, 7)",V,C,E,F,218.125,55.0
1746,G,C,5,F,"(0, 4, 7)",V,C,E,F,218.25,55.0
1747,G,C,5,F,"(0, 4, 7)",V,C,E,F,218.375,55.0
1748,G,C,5,F,"(0, 4, 7)",V,C,E,F,218.5,55.0
1749,G,C,5,F,"(0, 4, 7)",V,C,E,F,218.625,55.0
1750,G,C,5,F,"(0, 4, 7)",V,C,E,F,218.75,55.0
1751,G,C,5,F,"(0, 4, 7)",V,C,E,F,218.875,55.0
1752,G,C,5,F,"(0, 4, 7)",V,C,E,F,219.0,55.0
1753,G,C,5,F,"(0, 4, 7)",V,C,E,F,219.125,55.0
1754,G,C,5,F,"(0, 4, 7)",V,C,E,F,219.25,55.0
1755,G,C,5,F,"(0, 4, 7)",V,C,E,F,219.375,55.0
1756,G,C,5,F,"(0, 4, 7)",V,C,E,F,219.5,55.0
1757,G,C,5,F,"(0, 4, 7)",V,C,E,F,219.625,55.0
1758,G,C,5,F,"(0, 4, 7)",V,C,E,F,219.75,55.0
1759,G,C,5,F,"(0, 4, 7)",V,C,E,F,219.875,55.0
1760,C,F,0,F,"(0, 5, 9)",I,F,A,F,220.0,56.0
1761,C,F,1,F,"(0, 5, 9)",I,F,A,F,220.125,56.0
1762,C,F,2,F,"(0, 5, 9)",I,F,A,F,220.25,56.0
1763,C,F,2,F,"(0, 5, 9)",I,F,A,F,220.375,56.0
1764,C,F,3,F,"(0, 5, 9)",I,F,A,F,220.5,56.0
1765,C,F,3,F,"(0, 5, 9)",I,F,A,F,220.625,56.0
1766,C,F,3,F,"(0, 5, 9)",I,F,A,F,220.75,56.0
1767,C,F,3,F,"(0, 5, 9)",I,F,A,F,220.875,56.0
1768,F,A,4,F,"(0, 5, 9)",I,F,C,F,221.0,56.0
1769,F,A,4,F,"(0, 5, 9)",I,F,C,F,221.125,56.0
1770,F,A,4,F,"(0, 5, 9)",I,F,C,F,221.25,56.0
1771,F,A,4,F,"(0, 5, 9)",I,F,C,F,221.375,56.0
1772,F,A,3,F,"(0, 5, 9)",I,F,C,F,221.5,56.0
1773,F,A,3,F,"(0, 5, 9)",I,F,C,F,221.625,56.0
1774,F,A,4,F,"(0, 5, 9)",I,F,C,F,221.75,56.0
1775,F,A,4,F,"(0, 5, 9)",I,F,C,F,221.875,56.0
1776,F,B-,0,F,"(2, 5, 10)",IV,B-,D,F,222.0,56.0
1777,F,B-,1,F,"(2, 5, 10)",IV,B-,D,F,222.125,56.0
1778,F,B-,2,F,"(2, 5, 10)",IV,B-,D,F,222.25,56.0
1779,F,B-,2,F,"(2, 5, 10)",IV,B-,D,F,222.375,56.0
1780,F,B-,3,F,"(2, 5, 10)",IV,B-,D,F,222.5,56.0
1781,F,B-,3,F,"(2, 5, 10)",IV,B-,D,F,222.625,56.0
1782,F,B-,3,F,"(2, 5, 10)",IV,B-,D,F,222.75,56.0
1783,F,B-,3,F,"(2, 5, 10)",IV,B-,D,F,222.875,56.0
1784,F,A,0,F,"(0, 5, 9)",I,F,C,F,223.0,56.0
1785,F,A,1,F,"(0, 5, 9)",I,F,C,F,223.125,56.0
1786,F,A,2,F,"(0, 5, 9)",I,F,C,F,223.25,56.0
1787,F,A,2,F,"(0, 5, 9)",I,F,C,F,223.375,56.0
1788,F,A,3,F,"(0, 5, 9)",I,F,C,F,223.5,56.0
1789,F,A,3,F,"(0, 5, 9)",I,F,C,F,223.625,56.0
1790,F,A,3,F,"(0, 5, 9)",I,F,C,F,223.75,56.0
1791,F,A,3,F,"(0, 5, 9)",I,F,C,F,223.875,56.0
1792,C,F,0,F,"(0, 5, 9)",I,F,C,F,224.0,57.0
1793,C,F,1,F,"(0, 5, 9)",I,F,C,F,224.125,57.0
1794,C,F,2,F,"(0, 5, 9)",I,F,C,F,224.25,57.0
1795,C,F,2,F,"(0, 5, 9)",I,F,C,F,224.375,57.0
1796,C,F,3,F,"(0, 5, 9)",I,F,C,F,224.5,57.0
1797,C,F,3,F,"(0, 5, 9)",I,F,C,F,224.625,57.0
1798,C,F,3,F,"(0, 5, 9)",I,F,C,F,224.75,57.0
1799,C,F,3,F,"(0, 5, 9)",I,F,C,F,224.875,57.0
1800,F,A,4,F,"(0, 5, 9)",I,F,C,F,225.0,57.0
1801,F,A,4,F,"(0, 5, 9)",I,F,C,F,225.125,57.0
1802,F,A,4,F,"(0, 5, 9)",I,F,C,F,225.25,57.0
1803,F,A,2,F,"(0, 5, 9)",I,F,C,F,225.375,57.0
1804,F,A,3,F,"(0, 5, 9)",I,F,C,F,225.5,57.0
1805,F,A,3,F,"(0, 5, 9)",I,F,C,F,225.625,57.0
1806,F,A,3,F,"(0, 5, 9)",I,F,C,F,225.75,57.0
1807,F,A,3,F,"(0, 5, 9)",I,F,C,F,225.875,57.0
1808,F,B-,0,F,"(2, 5, 10)",IV,B-,D,F,226.0,57.0
1809,F,B-,1,F,"(2, 5, 10)",IV,B-,D,F,226.125,57.0
1810,F,B-,2,F,"(2, 5, 10)",IV,B-,D,F,226.25,57.0
1811,F,B-,2,F,"(2, 5, 10)",IV,B-,D,F,226.375,57.0
1812,F,B-,3,F,"(2, 5, 10)",IV,B-,D,F,226.5,57.0
1813,F,B-,3,F,"(2, 5, 10)",IV,B-,D,F,226.625,57.0
1814,F,B-,3,F,"(2, 5, 10)",IV,B-,D,F,226.75,57.0
1815,F,B-,3,F,"(2, 5, 10)",IV,B-,D,F,226.875,57.0
1816,E,B-,0,F,"(0, 4, 7, 10)",V7,C,C,F,227.0,57.0
1817,E,B-,1,F,"(0, 4, 7, 10)",V7,C,C,F,227.125,57.0
1818,E,B-,2,F,"(0, 4, 7, 10)",V7,C,C,F,227.25,57.0
1819,E,B-,2,F,"(0, 4, 7, 10)",V7,C,C,F,227.375,57.0
1820,E,B-,3,F,"(0, 4, 7, 10)",V7,C,C,F,227.5,57.0
1821,E,B-,3,F,"(0, 4, 7, 10)",V7,C,C,F,227.625,57.0
1822,E,B-,3,F,"(0, 4, 7, 10)",V7,C,C,F,227.75,57.0
1823,E,B-,3,F,"(0, 4, 7, 10)",V7,C,C,F,227.875,57.0
1824,F,A,0,F,"(0, 5, 9)",I,F,C,F,228.0,58.0
1825,F,A,1,F,"(0, 5, 9)",I,F,C,F,228.125,58.0
1826,F,A,2,F,"(0, 5, 9)",I,F,C,F,228.25,58.0
1827,F,A,2,F,"(0, 5, 9)",I,F,C,F,228.375,58.0
1828,F,A,3,F,"(0, 5, 9)",I,F,C,F,228.5,58.0
1829,F,A,3,F,"(0, 5, 9)",I,F,C,F,228.625,58.0
1830,F,A,3,F,"(0, 5, 9)",I,F,C,F,228.75,58.0
1831,F,A,3,F,"(0, 5, 9)",I,F,C,F,228.875,58.0
1832,F,B-,0,F,"(2, 5, 7, 10)",ii7,G,D,F,229.0,58.0
1833,F,B-,1,F,"(2, 5, 7, 10)",ii7,G,D,F,229.125,58.0
1834,F,B-,2,F,"(2, 5, 7, 10)",ii7,G,D,F,229.25,58.0
1835,F,B-,2,F,"(2, 5, 7, 10)",ii7,G,D,F,229.375,58.0
1836,F,B-,3,F,"(2, 5, 7, 10)",ii7,G,D,F,229.5,58.0
1837,F,B-,3,F,"(2, 5, 7, 10)",ii7,G,D,F,229.625,58.0
1838,F,B-,3,F,"(2, 5, 7, 10)",ii7,G,D,F,229.75,58.0
1839,F,B-,3,F,"(2, 5, 7, 10)",ii7,G,D,F,229.875,58.0
1840,A,C,0,F,"(0, 3, 5, 9)",V7,A,F,B-,230.0,58.0
1841,A,C,1,F,"(0, 3, 5, 9)",V7,C,F,B-,230.125,58.0
1842,A,C,2,F,"(0, 3, 5, 9)",V7,C,F,B-,230.25,58.0
1843,A,C,2,F,"(0, 3, 5, 9)",V7,C,F,B-,230.375,58.0
1844,A,C,3,F,"(0, 3, 5, 9)",V7,C,F,B-,230.5,58.0
1845,A,C,3,F,"(0, 3, 5, 9)",V7,C,F,B-,230.625,58.0
1846,A,C,3,F,"(0, 3, 5, 9)",V7,C,F,B-,230.75,58.0
1847,A,C,3,F,"(0, 3, 5, 9)",V7,C,F,B-,230.875,58.0
1848,B-,D,0,F,"(2, 5, 10)",IV,B-,F,F,231.0,58.0
1849,B-,D,1,F,"(2, 5, 10)",IV,B-,F,F,231.125,58.0
1850,B-,D,2,F,"(2, 5, 10)",IV,B-,F,F,231.25,58.0
1851,B-,D,2,F,"(2, 5, 10)",IV,B-,F,F,231.375,58.0
1852,B-,D,3,F,"(2, 5, 10)",IV,B-,F,F,231.5,58.0
1853,B-,D,3,F,"(2, 5, 10)",IV,B-,F,F,231.625,58.0
1854,B-,D,3,F,"(2, 5, 10)",IV,B-,F,F,231.75,58.0
1855,B-,D,3,F,"(2, 5, 10)",IV,B-,F,F,231.875,58.0
1856,C,E,0,F,"(0, 4, 7, 10)",V7,C,G,F,232.0,59.0
1857,C,E,1,F,"(0, 4, 7, 10)",V7,C,G,F,232.125,59.0
1858,C,E,2,F,"(0, 4, 7, 10)",V7,C,G,F,232.25,59.0
1859,C,E,2,F,"(0, 4, 7, 10)",V7,C,G,F,232.375,59.0
1860,C,E,3,F,"(0, 4, 7, 10)",V7,C,G,F,232.5,59.0
1861,C,E,3,F,"(0, 4, 7, 10)",V7,C,G,F,232.625,59.0
1862,C,E,3,F,"(0, 4, 7, 10)",V7,C,G,F,232.75,59.0
1863,C,E,3,F,"(0, 4, 7, 10)",V7,C,G,F,232.875,59.0
1864,C,F,0,F,"(0, 5, 9)",I,F,A,F,233.0,59.0
1865,C,F,1,F,"(0, 5, 9)",I,F,A,F,233.125,59.0
1866,C,F,2,F,"(0, 5, 9)",I,F,A,F,233.25,59.0
1867,C,F,2,F,"(0, 5, 9)",I,F,A,F,233.375,59.0
1868,C,F,3,F,"(0, 5, 9)",I,F,A,F,233.5,59.0
1869,C,F,3,F,"(0, 5, 9)",I,F,A,F,233.625,59.0
1870,C,F,3,F,"(0, 5, 9)",I,F,A,F,233.75,59.0
1871,C,F,3,F,"(0, 5, 9)",I,F,A,F,233.875,59.0
1872,G,D,0,F,"(2, 5, 7, 11)",V7,C,F,F,234.0,59.0
1873,G,D,1,F,"(2, 5, 7, 11)",V7,C,F,F,234.125,59.0
1874,G,D,2,F,"(2, 5, 7, 11)",V7,C,F,F,234.25,59.0
1875,G,D,2,F,"(2, 5, 7, 11)",V7,C,F,F,234.375,59.0
1876,G,D,3,F,"(2, 5, 7, 11)",V7,C,F,F,234.5,59.0
1877,G,D,3,F,"(2, 5, 7, 11)",V7,C,G,F,234.625,59.0
1878,G,D,3,F,"(2, 5, 7, 11)",V7,C,G,F,234.75,59.0
1879,G,D,3,F,"(2, 5, 7, 11)",V7,C,G,F,234.875,59.0
1880,G,C,0,F,"(0, 4, 7, 10)",V7,C,E,F,235.0,59.0
1881,G,C,1,F,"(0, 4, 7, 10)",V7,C,E,F,235.125,59.0
1882,G,C,2,F,"(0, 4, 7, 10)",V7,C,E,F,235.25,59.0
1883,G,C,2,F,"(0, 4, 7, 10)",V7,C,E,F,235.375,59.0
1884,G,C,3,F,"(0, 4, 7, 10)",V7,C,E,F,235.5,59.0
1885,G,C,3,F,"(0, 4, 7, 10)",V7,C,E,F,235.625,59.0
1886,G,C,3,F,"(0, 4, 7, 10)",V7,C,E,F,235.75,59.0
1887,G,C,3,F,"(0, 4, 7, 10)",V7,C,E,F,235.875,59.0
1888,C,F,0,F,"(0, 5, 9)",I,F,A,F,236.0,60.0
1889,C,F,1,F,"(0, 5, 9)",I,F,A,F,236.125,60.0
1890,C,F,2,F,"(0, 5, 9)",I,F,A,F,236.25,60.0
1891,C,F,2,F,"(0, 5, 9)",I,F,A,F,236.375,60.0
1892,C,F,3,F,"(0, 5, 9)",I,F,A,F,236.5,60.0
1893,C,F,3,F,"(0, 5, 9)",I,F,A,F,236.625,60.0
1894,C,F,3,F,"(0, 5, 9)",I,F,A,F,236.75,60.0
1895,C,F,3,F,"(0, 5, 9)",I,F,A,F,236.875,60.0
1896,C,F,4,F,"(0, 5, 9)",I,F,A,F,237.0,60.0
1897,C,F,4,F,"(0, 5, 9)",I,F,A,F,237.125,60.0
1898,C,F,4,F,"(0, 5, 9)",I,F,A,F,237.25,60.0
1899,C,F,4,F,"(0, 5, 9)",I,F,A,F,237.375,60.0
1900,C,F,4,F,"(0, 5, 9)",I,F,A,F,237.5,60.0
1901,C,F,4,F,"(0, 5, 9)",I,F,A,F,237.625,60.0
1902,C,F,4,F,"(0, 5, 9)",I,F,A,F,237.75,60.0
1903,C,F,4,F,"(0, 5, 9)",I,F,A,F,237.875,60.0
1904,C,F,0,F,"(0, 5, 9)",I,F,A,F,238.0,60.0
1905,C,F,1,F,"(0, 5, 9)",I,F,A,F,238.125,60.0
1906,C,F,2,F,"(0, 5, 9)",I,F,A,F,238.25,60.0
1907,C,F,2,F,"(0, 5, 9)",I,F,A,F,238.375,60.0
1908,C,F,3,F,"(0, 5, 9)",I,F,A,F,238.5,60.0
1909,C,F,3,F,"(0, 5, 9)",I,F,A,F,238.625,60.0
1910,C,F,3,F,"(0, 5, 9)",I,F,A,F,238.75,60.0
1911,C,F,3,F,"(0, 5, 9)",I,F,A,F,238.875,60.0
1912,C,F,4,F,"(0, 5, 9)",I,F,A,F,239.0,60.0
1913,C,F,4,F,"(0, 5, 9)",I,F,A,F,239.125,60.0
1914,C,F,4,F,"(0, 5, 9)",I,F,A,F,239.25,60.0
1915,C,F,4,F,"(0, 5, 9)",I,F,A,F,239.375,60.0
1916,C,F,4,F,"(0, 5, 9)",I,F,A,F,239.5,60.0
1917,C,F,4,F,"(0, 5, 9)",I,F,A,F,239.625,60.0
1918,C,F,4,F,"(0, 5, 9)",I,F,A,F,239.75,60.0
1919,C,F,4,F,"(0, 5, 9)",I,F,A,F,239.875,60.0
1920,C,F,0,F,"(0, 5, 9)",I,F,A,F,240.0,61.0
1921,C,F,1,F,"(0, 5, 9)",I,F,A,F,240.125,61.0
1922,C,F,2,F,"(0, 5, 9)",I,F,A,F,240.25,61.0
1923,C,F,2,F,"(0, 5, 9)",I,F,A,F,240.375,61.0
1924,C,F,2,F,"(0, 5, 9)",I,F,A,F,240.5,61.0
1925,C,F,3,F,"(0, 5, 9)",I,F,A,F,240.625,61.0
1926,C,F,3,F,"(0, 5, 9)",I,F,A,F,240.75,61.0
1927,C,F,3,F,"(0, 5, 9)",I,F,A,F,240.875,61.0
1928,C,F,4,F,"(0, 5, 9)",I,F,A,F,241.0,61.0
1929,C,F,4,F,"(0, 5, 9)",I,F,A,F,241.125,61.0
1930,C,F,4,F,"(0, 5, 9)",I,F,A,F,241.25,61.0
1931,C,F,4,F,"(0, 5, 9)",I,F,A,F,241.375,61.0
1932,C,F,4,F,"(0, 5, 9)",I,F,A,F,241.5,61.0
1933,C,F,4,F,"(0, 5, 9)",I,F,A,F,241.625,61.0
1934,C,F,4,F,"(0, 5, 9)",I,F,A,F,241.75,61.0
1935,C,F,4,F,"(0, 5, 9)",I,F,A,F,241.875,61.0
1936,C,F,5,F,"(0, 5, 9)",I,F,A,F,242.0,61.0
1937,C,F,5,F,"(0, 5, 9)",I,F,A,F,242.125,61.0
1938,C,F,5,F,"(0, 5, 9)",I,F,A,F,242.25,61.0
1939,C,F,5,F,"(0, 5, 9)",I,F,A,F,242.375,61.0
1940,C,F,5,F,"(0, 5, 9)",I,F,F,F,242.5,61.0
1941,C,F,5,F,"(0, 5, 9)",I,F,F,F,242.625,61.0
1942,C,F,5,F,"(0, 5, 9)",I,F,F,F,242.75,61.0
1943,C,F,5,F,"(0, 5, 9)",I,F,F,F,242.875,61.0
1944,C,F,5,F,"(0, 5, 9)",I,F,A,F,243.0,61.0
1945,C,F,5,F,"(0, 5, 9)",I,F,A,F,243.125,61.0
1946,C,F,5,F,"(0, 5, 9)",I,F,A,F,243.25,61.0
1947,C,F,5,F,"(0, 5, 9)",I,F,A,F,243.375,61.0
1948,C,F,5,F,"(0, 5, 9)",I,F,A,F,243.5,61.0
1949,C,F,5,F,"(0, 5, 9)",I,F,A,F,243.625,61.0
1950,C,F,5,F,"(0, 5, 9)",I,F,A,F,243.75,61.0
1951,C,F,5,F,"(0, 5, 9)",I,F,F,F,243.875,61.0
1952,C,F,0,F,"(0, 5, 9)",I,F,A,F,244.0,62.0
1953,C,F,1,F,"(0, 5, 9)",I,F,A,F,244.125,62.0
1954,C,F,2,F,"(0, 5, 9)",I,F,A,F,244.25,62.0
1955,C,F,2,F,"(0, 5, 9)",I,F,A,F,244.375,62.0
1956,C,F,3,F,"(0, 5, 9)",I,F,A,F,244.5,62.0
1957,C,F,3,F,"(0, 5, 9)",I,F,A,F,244.625,62.0
1958,C,F,3,F,"(0, 5, 9)",I,F,A,F,244.75,62.0
1959,C,F,3,F,"(0, 5, 9)",I,F,A,F,244.875,62.0
1960,B-,E,0,F,"(4, 7, 10)",viio,E,G,F,245.0,62.0
1961,B-,E,1,F,"(4, 7, 10)",viio,E,G,F,245.125,62.0
1962,B-,E,2,F,"(4, 7, 10)",viio,E,G,F,245.25,62.0
1963,B-,E,2,F,"(4, 7, 10)",viio,E,G,F,245.375,62.0
1964,B-,E,3,F,"(4, 7, 10)",viio,E,G,F,245.5,62.0
1965,B-,E,3,F,"(4, 7, 10)",viio,E,G,F,245.625,62.0
1966,B-,E,3,F,"(4, 7, 10)",viio,E,G,F,245.75,62.0
1967,B-,E,3,F,"(4, 7, 10)",viio,E,G,F,245.875,62.0
1968,C,F,0,F,"(0, 5, 9)",I,F,F,F,246.0,62.0
1969,C,F,1,F,"(0, 5, 9)",I,F,F,F,246.125,62.0
1970,C,F,2,F,"(0, 5, 9)",I,F,F,F,246.25,62.0
1971,C,F,2,F,"(0, 5, 9)",I,F,F,F,246.375,62.0
1972,C,F,3,F,"(0, 5, 9)",I,F,F,F,246.5,62.0
1973,C,F,3,F,"(0, 5, 9)",I,F,F,F,246.625,62.0
1974,C,F,3,F,"(0, 5, 9)",I,F,F,F,246.75,62.0
1975,C,F,3,F,"(0, 5, 9)",I,F,F,F,246.875,62.0
1976,B-,D,0,F,"(2, 5, 9)",IV,B-,F,F,247.0,62.0
1977,B-,D,1,F,"(2, 5, 9)",IV,B-,F,F,247.125,62.0
1978,B-,D,2,F,"(2, 5, 10)",IV,B-,F,F,247.25,62.0
1979,B-,D,2,F,"(2, 5, 9)",IV,B-,F,F,247.375,62.0
1980,B-,D,3,F,"(2, 5, 9)",IV,B-,F,F,247.5,62.0
1981,B-,D,3,F,"(2, 5, 9)",IV,B-,F,F,247.625,62.0
1982,B-,D,3,F,"(2, 5, 9)",IV,B-,F,F,247.75,62.0
1983,B-,D,3,F,"(2, 5, 9)",IV,B-,F,F,247.875,62.0
1984,G,C,0,F,"(0, 5, 9)",I,F,F,F,248.0,63.0
1985,C,C,1,F,"(0, 5, 9)",I,F,A,F,248.125,63.0
1986,C,C,2,F,"(0, 5, 9)",I,F,A,F,248.25,63.0
1987,C,C,2,F,"(0, 5, 9)",I,F,A,F,248.375,63.0
1988,C,C,3,F,"(0, 5, 9)",I,F,A,F,248.5,63.0
1989,C,C,3,F,"(0, 5, 9)",I,F,A,F,248.625,63.0
1990,C,C,3,F,"(0, 5, 9)",I,F,A,F,248.75,63.0
1991,C,C,3,F,"(0, 5, 9)",I,F,A,F,248.875,63.0
1992,C,F,4,F,"(0, 5, 9)",I,F,A,F,249.0,63.0
1993,C,F,4,F,"(0, 5, 9)",I,F,A,F,249.125,63.0
1994,C,F,4,F,"(0, 5, 9)",I,F,A,F,249.25,63.0
1995,C,F,4,F,"(0, 5, 9)",I,F,A,F,249.375,63.0
1996,C,F,4,F,"(0, 5, 9)",I,F,A,F,249.5,63.0
1997,C,F,4,F,"(0, 5, 9)",I,F,A,F,249.625,63.0
1998,C,F,4,F,"(0, 5, 9)",I,F,A,F,249.75,63.0
1999,C,F,4,F,"(0, 5, 9)",I,F,A,F,249.875,63.0
2000,C,C,0,F,"(0, 5, 9)",I,F,F,F,250.0,63.0
2001,G,C,1,F,"(0, 5, 9)",I,B-,F,F,250.125,63.0
2002,G,C,2,F,"(0, 5, 9)",I,B-,E,F,250.25,63.0
2003,G,C,2,F,"(0, 5, 9)",I,B-,E,F,250.375,63.0
2004,G,C,5,F,"(0, 5, 9)",I,B-,E,F,250.5,63.0
2005,G,C,5,F,"(0, 5, 9)",I,B-,E,F,250.625,63.0
2006,G,C,5,F,"(0, 5, 9)",I,B-,E,F,250.75,63.0
2007,G,C,5,F,"(0, 5, 9)",I,B-,E,F,250.875,63.0
2008,G,C,5,F,"(0, 5, 9)",I,B-,E,F,251.0,63.0
2009,G,C,5,F,"(0, 5, 9)",I,B-,E,F,251.125,63.0
2010,G,C,5,F,"(0, 5, 9)",I,B-,E,F,251.25,63.0
2011,G,C,5,F,"(0, 5, 9)",I,B-,E,F,251.375,63.0
2012,G,C,5,F,"(0, 5, 9)",I,B-,E,F,251.5,63.0
2013,G,C,5,F,"(0, 5, 9)",V,B-,E,F,251.625,63.0
2014,G,C,5,F,"(0, 5, 9)",V,B-,E,F,251.75,63.0
2015,G,C,5,F,"(0, 5, 9)",V,B-,E,F,251.875,63.0
2016,F,A,0,F,"(0, 5, 9)",I,F,C,F,252.0,64.0
2017,F,A,1,F,"(0, 5, 9)",I,F,C,F,252.125,64.0
2018,F,A,2,F,"(0, 5, 9)",I,F,C,F,252.25,64.0
2019,F,A,2,F,"(0, 5, 9)",I,F,C,F,252.375,64.0
2020,F,A,3,F,"(0, 5, 9)",I,F,C,F,252.5,64.0
2021,F,A,3,F,"(0, 5, 9)",I,F,C,F,252.625,64.0
2022,F,A,3,F,"(0, 5, 9)",I,F,C,F,252.75,64.0
2023,F,A,3,F,"(0, 5, 9)",I,F,C,F,252.875,64.0
2024,F,A,4,F,"(0, 5, 9)",I,F,C,F,253.0,64.0
2025,F,A,4,F,"(0, 5, 9)",I,F,C,F,253.125,64.0
2026,F,A,4,F,"(0, 5, 9)",I,F,C,F,253.25,64.0
2027,F,A,4,F,"(0, 5, 9)",I,F,C,F,253.375,64.0
2028,F,A,4,F,"(0, 5, 9)",I,F,C,F,253.5,64.0
2029,F,A,4,F,"(0, 5, 9)",I,F,C,F,253.625,64.0
2030,F,A,4,F,"(0, 5, 9)",I,F,C,F,253.75,64.0
2031,F,A,4,F,"(0, 5, 9)",I,F,C,F,253.875,64.0
2032,F,A,5,F,"(0, 5, 9)",I,F,C,F,254.0,64.0
2033,F,A,5,F,"(0, 5, 9)",I,F,C,F,254.125,64.0
2034,F,A,5,F,"(0, 5, 9)",I,F,C,F,254.25,64.0
2035,F,A,5,F,"(0, 5, 9)",I,F,C,F,254.375,64.0
2036,F,A,5,F,"(0, 5, 9)",I,F,C,F,254.5,64.0
2037,F,A,5,F,"(0, 5, 9)",I,F,C,F,254.625,64.0
2038,F,A,5,F,"(0, 5, 9)",I,F,C,F,254.75,64.0
2039,F,A,5,F,"(0, 5, 9)",I,F,C,F,254.875,64.0
2040,C,A,5,F,"(0, 5, 9)",I,F,C,F,255.0,64.0
2041,C,A,5,F,"(0, 5, 9)",I,F,C,F,255.125,64.0
2042,C,A,5,F,"(0, 5, 9)",I,F,C,F,255.25,64.0
2043,C,A,5,F,"(0, 5, 9)",I,F,C,F,255.375,64.0
2044,C,A,5,F,"(0, 5, 9)",I,F,C,F,255.5,64.0
2045,C,A,5,F,"(0, 5, 9)",I,F,C,F,255.625,64.0
2046,C,A,5,F,"(0, 5, 9)",I,F,C,F,255.75,64.0
2047,C,A,5,F,"(0, 5, 9)",I,F,C,F,255.875,64.0
2048,C,E,0,F,"(0, 4, 7)",V,C,G,F,256.0,65.0
2049,C,E,1,F,"(0, 4, 7)",V,C,G,F,256.125,65.0
2050,C,E,2,F,"(0, 4, 7)",V,C,G,F,256.25,65.0
2051,C,E,2,F,"(0, 4, 7)",V,C,G,F,256.375,65.0
2052,C,E,3,F,"(0, 4, 7)",V,C,G,F,256.5,65.0
2053,C,E,3,F,"(0, 4, 7)",V,C,G,F,256.625,65.0
2054,C,E,3,F,"(0, 4, 7)",V,C,G,F,256.75,65.0
2055,C,E,3,F,"(0, 4, 7)",V,C,G,F,256.875,65.0
2056,G,G,0,F,"(0, 4, 7)",V7,C,E,F,257.0,65.0
2057,G,G,1,F,"(0, 4, 7)",V7,C,E,F,257.125,65.0
2058,G,G,2,F,"(0, 4, 7)",V7,C,E,F,257.25,65.0
2059,G,G,2,F,"(0, 4, 7)",V7,C,E,F,257.375,65.0
2060,G,G,3,F,"(0, 4, 7)",V7,C,E,F,257.5,65.0
2061,G,G,3,F,"(0, 4, 7)",V7,C,E,F,257.625,65.0
2062,G,G,3,F,"(0, 4, 7)",V7,C,E,F,257.75,65.0
2063,G,G,3,F,"(0, 4, 7)",V7,C,E,F,257.875,65.0
2064,G,C,0,F,"(0, 4, 7)",V,C,E,F,258.0,65.0
2065,G,C,1,F,"(0, 4, 7)",V,C,E,F,258.125,65.0
2066,G,C,2,F,"(0, 4, 7)",V,C,E,F,258.25,65.0
2067,G,C,2,F,"(0, 4, 7)",V,C,E,F,258.375,65.0
2068,G,C,3,F,"(0, 4, 7)",V,C,E,F,258.5,65.0
2069,G,C,3,F,"(0, 4, 7)",V,C,E,F,258.625,65.0
2070,G,C,3,F,"(0, 4, 7)",V,C,E,F,258.75,65.0
2071,G,C,3,F,"(0, 4, 7)",V,C,E,F,258.875,65.0
2072,G,C,4,F,"(0, 4, 7)",V,C,E,F,259.0,65.0
2073,G,C,4,F,"(0, 4, 7)",V,C,E,F,259.125,65.0
2074,G,C,4,F,"(0, 4, 7)",V,C,E,F,259.25,65.0
2075,G,C,4,F,"(0, 4, 7)",V,C,E,F,259.375,65.0
2076,G,C,4,F,"(0, 4, 7)",V,C,E,F,259.5,65.0
2077,G,C,4,F,"(0, 4, 7)",V,C,E,F,259.625,65.0
2078,G,C,4,F,"(0, 4, 7)",V,C,E,F,259.75,65.0
2079,G,C,4,F,"(0, 4, 7)",V,C,E,F,259.875,65.0
2080,D,F,0,F,"(2, 5, 9)",I,F,A,F,260.0,66.0
2081,D,F,1,F,"(2, 5, 9)",I,F,A,F,260.125,66.0
2082,D,F,2,F,"(2, 5, 9)",I,F,A,F,260.25,66.0
2083,D,F,2,F,"(2, 5, 9)",I,F,A,F,260.375,66.0
2084,D,F,3,F,"(2, 5, 9)",I,F,A,F,260.5,66.0
2085,D,F,3,F,"(2, 5, 9)",I,F,A,F,260.625,66.0
2086,D,F,3,F,"(2, 5, 9)",I,F,A,F,260.75,66.0
2087,D,F,3,F,"(2, 5, 9)",I,F,A,F,260.875,66.0
2088,D,F,4,F,"(2, 5, 9)",I,F,F,F,261.0,66.0
2089,D,F,4,F,"(2, 5, 9)",I,F,F,F,261.125,66.0
2090,D,F,4,F,"(2, 5, 9)",I,F,F,F,261.25,66.0
2091,D,F,4,F,"(2, 5, 9)",I,F,F,F,261.375,66.0
2092,D,F,4,F,"(2, 5, 9)",I,F,D,F,261.5,66.0
2093,D,F,4,F,"(2, 5, 9)",I,F,D,F,261.625,66.0
2094,D,F,4,F,"(2, 5, 9)",I,F,D,F,261.75,66.0
2095,D,F,4,F,"(2, 5, 9)",I,F,D,F,261.875,66.0
2096,D,B,0,F,"(2, 5, 7, 11)",V7,G,D,C,262.0,66.0
2097,D,B,1,F,"(2, 5, 7, 11)",V7,G,D,C,262.125,66.0
2098,D,B,2,F,"(2, 5, 7, 11)",V7,G,D,C,262.25,66.0
2099,D,B,2,F,"(2, 5, 7, 11)",V7,G,D,C,262.375,66.0
2100,D,G,3,F,"(2, 5, 7, 11)",V7,G,D,C,262.5,66.0
2101,D,G,3,F,"(2, 5, 7, 11)",V7,G,D,C,262.625,66.0
2102,D,G,3,F,"(2, 5, 7, 11)",V7,G,D,C,262.75,66.0
2103,D,G,3,F,"(2, 5, 7, 11)",V7,G,D,C,262.875,66.0
2104,D,G,4,F,"(2, 5, 7, 11)",V7,G,D,C,263.0,66.0
2105,D,G,4,F,"(2, 5, 7, 11)",V7,G,B,C,263.125,66.0
2106,D,G,4,F,"(2, 5, 7, 11)",V7,G,D,C,263.25,66.0
2107,D,G,4,F,"(2, 5, 7, 11)",V7,G,B,C,263.375,66.0
2108,D,G,4,F,"(2, 5, 7, 11)",V7,G,B,C,263.5,66.0
2109,D,G,4,F,"(2, 5, 7, 11)",V7,G,B,C,263.625,66.0
2110,D,G,4,F,"(2, 5, 7, 11)",V7,G,B,C,263.75,66.0
2111,D,G,4,F,"(2, 5, 7, 11)",V7,G,B,C,263.875,66.0
2112,C,E,0,F,"(0, 4, 7)",V,C,G,F,264.0,67.0
2113,C,E,1,F,"(0, 4, 7)",V,C,G,F,264.125,67.0
2114,C,E,2,F,"(0, 4, 7)",V,C,G,F,264.25,67.0
2115,C,E,2,F,"(0, 4, 7)",V,C,G,F,264.375,67.0
2116,C,E,3,F,"(0, 4, 7)",V,C,G,F,264.5,67.0
2117,C,E,3,F,"(0, 4, 7)",V,C,G,F,264.625,67.0
2118,C,E,3,F,"(0, 4, 7)",V,C,G,F,264.75,67.0
2119,C,E,3,F,"(0, 4, 7)",V,C,G,F,264.875,67.0
2120,C,E,4,F,"(0, 4, 7)",V,C,G,F,265.0,67.0
2121,C,E,4,F,"(0, 4, 7)",V,C,G,F,265.125,67.0
2122,C,E,4,F,"(0, 4, 7)",V,C,G,F,265.25,67.0
2123,C,E,4,F,"(0, 4, 7)",V,C,G,F,265.375,67.0
2124,C,E,4,F,"(0, 4, 7)",V,C,E,F,265.5,67.0
2125,C,E,4,F,"(0, 4, 7)",V,C,E,F,265.625,67.0
2126,C,E,4,F,"(0, 4, 7)",V,C,E,F,265.75,67.0
2127,C,E,4,F,"(0, 4, 7)",V,C,E,F,265.875,67.0
2128,G,C,5,F,"(0, 4, 7)",V,C,E,F,266.0,67.0
2129,G,C,5,F,"(0, 4, 7)",V,C,E,F,266.125,67.0
2130,G,C,5,F,"(0, 4, 7)",V,C,E,F,266.25,67.0
2131,G,C,5,F,"(0, 4, 7)",V,C,E,F,266.375,67.0
2132,G,C,5,F,"(0, 4, 7)",V,C,E,F,266.5,67.0
2133,G,C,5,F,"(0, 4, 7)",V,C,E,F,266.625,67.0
2134,G,C,5,F,"(0, 4, 7)",V,C,E,F,266.75,67.0
2135,G,C,5,F,"(0, 4, 7)",V,C,E,F,266.875,67.0
2136,G,C,5,F,"(0, 4, 7)",V,C,E,F,267.0,67.0
2137,G,C,5,F,"(0, 4, 7)",V,C,E,F,267.125,67.0
2138,G,C,5,F,"(0, 4, 7)",V,C,E,F,267.25,67.0
2139,G,C,5,F,"(0, 4, 7)",V,C,E,F,267.375,67.0
2140,G,C,5,F,"(0, 4, 7)",V,C,E,F,267.5,67.0
2141,G,C,5,F,"(0, 4, 7)",V,C,E,F,267.625,67.0
2142,G,C,5,F,"(0, 4, 7)",V,C,E,F,267.75,67.0
2143,G,C,5,F,"(0, 4, 7)",V,C,E,F,267.875,67.0
2144,F,A,0,F,"(0, 5, 9)",I,F,C,F,268.0,68.0
2145,F,A,1,F,"(0, 5, 9)",I,F,C,F,268.125,68.0
2146,F,A,2,F,"(0, 5, 9)",I,F,C,F,268.25,68.0
2147,F,A,2,F,"(0, 5, 9)",I,F,C,F,268.375,68.0
2148,F,A,3,F,"(0, 5, 9)",I,F,C,F,268.5,68.0
2149,F,A,3,F,"(0, 5, 9)",I,F,C,F,268.625,68.0
2150,F,A,3,F,"(0, 5, 9)",I,F,C,F,268.75,68.0
2151,F,A,3,F,"(0, 5, 9)",I,F,C,F,268.875,68.0
2152,F,A,4,F,"(0, 5, 9)",I,F,C,F,269.0,68.0
2153,F,A,4,F,"(0, 5, 9)",I,F,C,F,269.125,68.0
2154,F,A,4,F,"(0, 5, 9)",I,F,C,F,269.25,68.0
2155,F,A,4,F,"(0, 5, 9)",I,F,C,F,269.375,68.0
2156,F,A,4,F,"(0, 5, 9)",I,F,C,F,269.5,68.0
2157,F,A,4,F,"(0, 5, 9)",I,F,C,F,269.625,68.0
2158,F,A,4,F,"(0, 5, 9)",I,F,C,F,269.75,68.0
2159,F,A,4,F,"(0, 5, 9)",I,F,C,F,269.875,68.0
2160,F,B-,0,F,"(2, 5, 10)",IV,B-,D,F,270.0,68.0
2161,F,B-,1,F,"(2, 5, 10)",IV,B-,D,F,270.125,68.0
2162,F,B-,2,F,"(2, 5, 10)",IV,B-,D,F,270.25,68.0
2163,F,B-,2,F,"(2, 5, 10)",IV,B-,D,F,270.375,68.0
2164,F,B-,3,F,"(2, 5, 10)",IV,B-,D,F,270.5,68.0
2165,F,B-,3,F,"(2, 5, 10)",IV,B-,D,F,270.625,68.0
2166,F,B-,3,F,"(2, 5, 10)",IV,B-,D,F,270.75,68.0
2167,F,B-,3,F,"(2, 5, 10)",IV,B-,D,F,270.875,68.0
2168,F,A,0,F,"(0, 5, 9)",I,F,C,F,271.0,68.0
2169,F,A,1,F,"(0, 5, 9)",I,F,C,F,271.125,68.0
2170,F,A,2,F,"(0, 5, 9)",I,F,C,F,271.25,68.0
2171,F,A,2,F,"(0, 5, 9)",I,F,C,F,271.375,68.0
2172,F,A,3,F,"(0, 5, 9)",I,F,C,F,271.5,68.0
2173,F,A,3,F,"(0, 5, 9)",I,F,C,F,271.625,68.0
2174,F,A,3,F,"(0, 5, 9)",I,F,C,F,271.75,68.0
2175,F,A,3,F,"(0, 5, 9)",I,F,C,F,271.875,68.0
2176,C,F,0,F,"(0, 5, 9)",I,F,A,F,272.0,69.0
2177,C,F,1,F,"(0, 5, 9)",I,F,A,F,272.125,69.0
2178,C,F,2,F,"(0, 5, 9)",I,F,A,F,272.25,69.0
2179,C,F,2,F,"(0, 5, 9)",I,F,A,F,272.375,69.0
2180,C,F,3,F,"(0, 5, 9)",I,F,A,F,272.5,69.0
2181,C,F,3,F,"(0, 5, 9)",I,F,A,F,272.625,69.0
2182,C,F,3,F,"(0, 5, 9)",I,F,A,F,272.75,69.0
2183,C,F,3,F,"(0, 5, 9)",I,F,A,F,272.875,69.0
2184,C,F,4,F,"(0, 5, 9)",I,F,A,F,273.0,69.0
2185,C,F,4,F,"(0, 5, 9)",I,F,A,F,273.125,69.0
2186,C,F,4,F,"(0, 5, 9)",I,F,A,F,273.25,69.0
2187,C,F,4,F,"(0, 5, 9)",I,F,A,F,273.375,69.0
2188,C,F,4,F,"(0, 5, 9)",I,F,A,F,273.5,69.0
2189,C,F,4,F,"(0, 5, 9)",I,F,A,F,273.625,69.0
2190,C,F,4,F,"(0, 5, 9)",I,F,A,F,273.75,69.0
2191,C,F,4,F,"(0, 5, 9)",I,F,A,F,273.875,69.0
2192,F,B-,0,F,"(2, 5, 10)",IV,B-,D,F,274.0,69.0
2193,F,B-,1,F,"(2, 5, 10)",IV,B-,D,F,274.125,69.0
2194,F,B-,2,F,"(2, 5, 10)",IV,B-,D,F,274.25,69.0
2195,F,B-,2,F,"(2, 5, 10)",IV,B-,D,F,274.375,69.0
2196,F,B-,3,F,"(2, 5, 10)",IV,B-,D,F,274.5,69.0
2197,F,B-,3,F,"(2, 5, 10)",IV,B-,D,F,274.625,69.0
2198,F,B-,3,F,"(2, 5, 10)",IV,B-,D,F,274.75,69.0
2199,F,B-,3,F,"(2, 5, 10)",IV,B-,D,F,274.875,69.0
2200,E,G,0,F,"(0, 4, 7, 10)",V7,E,B-,F,275.0,69.0
2201,E,G,1,F,"(0, 4, 7, 10)",V7,E,B-,F,275.125,69.0
2202,E,G,2,F,"(0, 4, 7, 10)",V7,E,B-,F,275.25,69.0
2203,E,G,2,F,"(0, 4, 7, 10)",V7,E,B-,F,275.375,69.0
2204,E,G,3,F,"(0, 4, 7, 10)",V7,E,B-,F,275.5,69.0
2205,E,G,3,F,"(0, 4, 7, 10)",V7,E,B-,F,275.625,69.0
2206,E,G,3,F,"(0, 4, 7, 10)",V7,E,B-,F,275.75,69.0
2207,E,G,3,F,"(0, 4, 7, 10)",V7,E,B-,F,275.875,69.0
2208,C,F,0,F,"(0, 5, 9)",I,F,A,F,276.0,70.0
2209,C,F,1,F,"(0, 5, 9)",I,F,A,F,276.125,70.0
2210,C,F,2,F,"(0, 5, 9)",I,F,A,F,276.25,70.0
2211,C,F,2,F,"(0, 5, 9)",I,F,A,F,276.375,70.0
2212,C,F,3,F,"(0, 5, 9)",I,F,A,F,276.5,70.0
2213,C,F,3,F,"(0, 5, 9)",I,F,A,F,276.625,70.0
2214,C,F,3,F,"(0, 5, 9)",I,F,A,F,276.75,70.0
2215,C,F,3,F,"(0, 5, 9)",I,F,A,F,276.875,70.0
2216,C,G,0,F,"(0, 4, 7, 10)",V7,F,B-,F,277.0,70.0
2217,C,G,1,F,"(0, 4, 7, 10)",V7,F,B-,F,277.125,70.0
2218,C,G,2,F,"(0, 4, 7, 10)",V7,F,B-,F,277.25,70.0
2219,C,G,2,F,"(0, 4, 7, 10)",V7,F,B-,F,277.375,70.0
2220,C,G,3,F,"(0, 4, 7, 10)",V7,B-,B-,F,277.5,70.0
2221,C,G,3,F,"(0, 4, 7, 10)",V7,B-,B-,F,277.625,70.0
2222,C,G,3,F,"(0, 4, 7, 10)",V7,B-,B-,F,277.75,70.0
2223,C,G,3,F,"(0, 4, 7, 10)",V7,B-,B-,F,277.875,70.0
2224,F,A,0,F,"(0, 5, 9)",I,F,C,F,278.0,70.0
2225,F,A,1,F,"(0, 5, 9)",I,F,C,F,278.125,70.0
2226,F,A,2,F,"(0, 5, 9)",I,F,C,F,278.25,70.0
2227,F,A,2,F,"(0, 5, 9)",I,F,C,F,278.375,70.0
2228,F,A,3,F,"(0, 5, 9)",I,F,C,F,278.5,70.0
2229,F,A,3,F,"(0, 5, 9)",I,F,C,F,278.625,70.0
2230,F,A,3,F,"(0, 5, 9)",I,F,C,F,278.75,70.0
2231,F,A,3,F,"(0, 5, 9)",I,F,C,F,278.875,70.0
2232,G,B-,0,F,"(2, 7, 10)",ii,G,D,F,279.0,70.0
2233,G,B-,1,F,"(2, 7, 10)",ii,G,D,F,279.125,70.0
2234,G,B-,2,F,"(2, 7, 10)",ii,G,D,F,279.25,70.0
2235,G,B-,2,F,"(2, 7, 10)",ii,G,D,F,279.375,70.0
2236,G,B-,3,F,"(2, 7, 10)",ii,G,D,F,279.5,70.0
2237,G,B-,3,F,"(2, 7, 10)",ii,G,D,F,279.625,70.0
2238,G,B-,3,F,"(2, 7, 10)",ii,G,D,F,279.75,70.0
2239,G,B-,3,F,"(2, 7, 10)",ii,G,D,F,279.875,70.0
2240,A,C,0,F,"(0, 5, 9)",I,B-,E,F,280.0,71.0
2241,A,C,1,F,"(0, 4, 7, 10)",I,B-,E,F,280.125,71.0
2242,A,C,2,F,"(0, 4, 7, 10)",I,B-,E,F,280.25,71.0
2243,A,C,2,F,"(0, 4, 7, 10)",I,B-,E,F,280.375,71.0
2244,A,C,3,F,"(0, 4, 7, 10)",I,B-,E,F,280.5,71.0
2245,A,C,3,F,"(0, 4, 7, 10)",I,B-,E,F,280.625,71.0
2246,A,C,3,F,"(0, 4, 7, 10)",I,B-,E,F,280.75,71.0
2247,A,C,3,F,"(0, 4, 7, 10)",I,B-,E,F,280.875,71.0
2248,G,C,4,F,"(0, 4, 7, 10)",I,B-,E,F,281.0,71.0
2249,G,C,4,F,"(0, 4, 7, 10)",I,B-,E,F,281.125,71.0
2250,G,C,4,F,"(0, 4, 7, 10)",I,B-,E,F,281.25,71.0
2251,G,C,4,F,"(0, 4, 7, 10)",I,B-,E,F,281.375,71.0
2252,G,C,4,F,"(0, 4, 7, 10)",I,B-,E,F,281.5,71.0
2253,G,C,4,F,"(0, 4, 7, 10)",I,B-,E,F,281.625,71.0
2254,G,C,4,F,"(0, 4, 7, 10)",I,B-,E,F,281.75,71.0
2255,G,C,4,F,"(0, 4, 7, 10)",I,B-,E,F,281.875,71.0
2256,G,C,5,F,"(0, 4, 7, 10)",V7,B-,E,F,282.0,71.0
2257,G,C,5,F,"(0, 4, 7, 10)",V7,B-,E,F,282.125,71.0
2258,G,C,5,F,"(0, 4, 7, 10)",V7,B-,E,F,282.25,71.0
2259,G,C,5,F,"(0, 4, 7, 10)",V7,B-,E,F,282.375,71.0
2260,G,C,5,F,"(0, 4, 7, 10)",V7,B-,E,F,282.5,71.0
2261,G,C,5,F,"(0, 4, 7, 10)",V7,B-,E,F,282.625,71.0
2262,G,C,5,F,"(0, 4, 7, 10)",V7,B-,E,F,282.75,71.0
2263,G,C,5,F,"(0, 4, 7, 10)",V7,B-,E,F,282.875,71.0
2264,G,C,5,F,"(0, 4, 7, 10)",V7,B-,E,F,283.0,71.0
2265,G,C,5,F,"(0, 4, 7, 10)",V7,B-,E,F,283.125,71.0
2266,G,C,5,F,"(0, 4, 7, 10)",V7,B-,E,F,283.25,71.0
2267,G,C,5,F,"(0, 4, 7, 10)",V7,B-,E,F,283.375,71.0
2268,G,C,5,F,"(0, 4, 7, 10)",V7,B-,E,F,283.5,71.0
2269,G,C,5,F,"(0, 4, 7, 10)",V7,B-,E,F,283.625,71.0
2270,G,C,5,F,"(0, 4, 7, 10)",V7,B-,E,F,283.75,71.0
2271,G,C,5,F,"(0, 4, 7, 10)",V7,B-,E,F,283.875,71.0
2272,C,F,0,F,"(0, 5, 9)",I,F,A,F,284.0,72.0
2273,C,F,1,F,"(0, 5, 9)",I,F,A,F,284.125,72.0
2274,C,F,2,F,"(0, 5, 9)",I,F,A,F,284.25,72.0
2275,C,F,2,F,"(0, 5, 9)",I,F,A,F,284.375,72.0
2276,C,F,3,F,"(0, 5, 9)",I,F,A,F,284.5,72.0
2277,C,F,3,F,"(0, 5, 9)",I,F,A,F,284.625,72.0
2278,C,F,3,F,"(0, 5, 9)",I,F,A,F,284.75,72.0
2279,C,F,3,F,"(0, 5, 9)",I,F,A,F,284.875,72.0
2280,C,F,4,F,"(0, 5, 9)",I,F,A,F,285.0,72.0
2281,C,F,4,F,"(0, 5, 9)",I,F,A,F,285.125,72.0
2282,C,F,4,F,"(0, 5, 9)",I,F,A,F,285.25,72.0
2283,C,F,4,F,"(0, 5, 9)",I,F,A,F,285.375,72.0
2284,C,F,4,F,"(0, 5, 9)",I,F,A,F,285.5,72.0
2285,C,F,4,F,"(0, 5, 9)",I,F,A,F,285.625,72.0
2286,C,F,4,F,"(0, 5, 9)",I,F,A,F,285.75,72.0
2287,C,F,4,F,"(0, 5, 9)",I,F,A,F,285.875,72.0
2288,C,F,5,F,"(0, 5, 9)",I,F,A,F,286.0,72.0
2289,C,F,5,F,"(0, 5, 9)",I,F,A,F,286.125,72.0
2290,C,F,5,F,"(0, 5, 9)",I,F,A,F,286.25,72.0
2291,C,F,5,F,"(0, 5, 9)",I,F,A,F,286.375,72.0
2292,C,F,5,F,"(0, 5, 9)",I,F,A,F,286.5,72.0
2293,C,F,5,F,"(0, 5, 9)",I,F,A,F,286.625,72.0
2294,C,F,5,F,"(0, 5, 9)",I,F,A,F,286.75,72.0
2295,C,F,5,F,"(0, 5, 9)",I,F,A,F,286.875,72.0
2296,C,F,5,F,"(0, 5, 9)",I,F,A,F,287.0,72.0
2297,C,F,5,F,"(0, 5, 9)",I,F,A,F,287.125,72.0
2298,C,F,5,F,"(0, 5, 9)",I,F,A,F,287.25,72.0
2299,C,F,5,F,"(0, 5, 9)",I,F,A,F,287.375,72.0
2300,C,F,5,F,"(0, 5, 9)",I,F,A,F,287.5,72.0
2301,C,F,5,F,"(0, 5, 9)",I,F,A,F,287.625,72.0
2302,C,F,5,F,"(0, 5, 9)",I,F,A,F,287.75,72.0
2303,C,F,5,F,"(0, 5, 9)",I,F,A,F,287.875,72.0
2304,C,F,0,F,"(0, 5, 9)",I,F,A,F,288.0,73.0
2305,C,F,1,F,"(0, 5, 9)",I,F,A,F,288.125,73.0
2306,C,F,2,F,"(0, 5, 9)",I,F,A,F,288.25,73.0
2307,C,F,2,F,"(0, 5, 9)",I,F,A,F,288.375,73.0
2308,C,F,3,F,"(0, 5, 9)",I,F,A,F,288.5,73.0
2309,C,F,3,F,"(0, 5, 9)",I,F,A,F,288.625,73.0
2310,C,F,3,F,"(0, 5, 9)",I,F,A,F,288.75,73.0
2311,C,F,3,F,"(0, 5, 9)",I,F,A,F,288.875,73.0
2312,C,F,4,F,"(0, 5, 9)",I,F,A,F,289.0,73.0
2313,C,F,4,F,"(0, 5, 9)",I,F,A,F,289.125,73.0
2314,C,F,4,F,"(0, 5, 9)",I,F,A,F,289.25,73.0
2315,C,F,4,F,"(0, 5, 9)",I,F,A,F,289.375,73.0
2316,C,F,4,F,"(0, 5, 9)",I,F,A,F,289.5,73.0
2317,C,F,4,F,"(0, 5, 9)",I,F,A,F,289.625,73.0
2318,C,F,4,F,"(0, 5, 9)",I,F,A,F,289.75,73.0
2319,C,F,4,F,"(0, 5, 9)",I,F,A,F,289.875,73.0
2320,C,F,5,F,"(0, 5, 9)",I,F,A,F,290.0,73.0
2321,C,F,5,F,"(0, 5, 9)",I,F,A,F,290.125,73.0
2322,C,F,5,F,"(0, 5, 9)",I,F,A,F,290.25,73.0
2323,C,F,5,F,"(0, 5, 9)",I,F,A,F,290.375,73.0
2324,C,F,5,F,"(0, 5, 9)",I,F,A,F,290.5,73.0
2325,C,F,5,F,"(0, 5, 9)",I,F,A,F,290.625,73.0
2326,C,F,5,F,"(0, 5, 9)",I,F,A,F,290.75,73.0
2327,C,F,5,F,"(0, 5, 9)",I,F,A,F,290.875,73.0
2328,C,F,5,F,"(0, 5, 9)",I,F,A,F,291.0,73.0
2329,C,F,5,F,"(0, 5, 9)",I,F,A,F,291.125,73.0
2330,C,F,5,F,"(0, 5, 9)",I,F,A,F,291.25,73.0
2331,C,F,5,F,"(0, 5, 9)",I,F,A,F,291.375,73.0
2332,C,F,5,F,"(0, 5, 9)",I,F,A,F,291.5,73.0
2333,C,F,5,F,"(0, 5, 9)",I,F,A,F,291.625,73.0
2334,C,F,5,F,"(0, 5, 9)",I,F,A,F,291.75,73.0
2335,C,F,5,F,"(0, 5, 9)",I,F,A,F,291.875,73.0
2336,C,F,0,F,"(0, 5, 9)",I,F,A,F,292.0,74.0
2337,C,F,1,F,"(0, 5, 9)",I,F,A,F,292.125,74.0
2338,C,F,2,F,"(0, 5, 9)",I,F,A,F,292.25,74.0
2339,C,F,2,F,"(0, 5, 9)",I,F,A,F,292.375,74.0
2340,C,F,3,F,"(0, 5, 9)",I,F,A,F,292.5,74.0
2341,C,F,3,F,"(0, 5, 9)",I,F,A,F,292.625,74.0
2342,C,F,3,F,"(0, 5, 9)",I,F,A,F,292.75,74.0
2343,C,F,3,F,"(0, 5, 9)",I,F,A,F,292.875,74.0
2344,C,F,4,F,"(0, 5, 9)",I,F,A,F,293.0,74.0
2345,C,F,4,F,"(0, 5, 9)",I,F,A,F,293.125,74.0
2346,C,F,4,F,"(0, 5, 9)",I,F,A,F,293.25,74.0
2347,C,F,4,F,"(0, 5, 9)",I,F,A,F,293.375,74.0
2348,C,F,4,F,"(0, 5, 9)",I,F,A,F,293.5,74.0
2349,C,F,4,F,"(0, 5, 9)",I,F,A,F,293.625,74.0
2350,C,F,4,F,"(0, 5, 9)",I,F,A,F,293.75,74.0
2351,C,F,4,F,"(0, 5, 9)",I,F,A,F,293.875,74.0
2352,C,F,5,F,"(0, 5, 9)",I,F,A,F,294.0,74.0
2353,C,F,5,F,"(0, 5, 9)",I,F,A,F,294.125,74.0
2354,C,F,5,F,"(0, 5, 9)",I,F,A,F,294.25,74.0
2355,C,F,5,F,"(0, 5, 9)",I,F,A,F,294.375,74.0
2356,C,F,5,F,"(0, 5, 9)",I,F,A,F,294.5,74.0
2357,C,F,5,F,"(0, 5, 9)",I,F,A,F,294.625,74.0
2358,C,F,5,F,"(0, 5, 9)",I,F,A,F,294.75,74.0
2359,C,F,5,F,"(0, 5, 9)",I,F,A,F,294.875,74.0
2360,C,F,5,F,"(0, 5, 9)",I,F,A,F,295.0,74.0
2361,C,F,5,F,"(0, 5, 9)",I,F,A,F,295.125,74.0
2362,C,F,5,F,"(0, 5, 9)",I,F,A,F,295.25,74.0
2363,C,F,5,F,"(0, 5, 9)",I,F,A,F,295.375,74.0
2364,C,F,5,F,"(0, 5, 9)",I,F,A,F,295.5,74.0
2365,C,F,5,F,"(0, 5, 9)",I,F,A,F,295.625,74.0
2366,C,F,5,F,"(0, 5, 9)",I,F,A,F,295.75,74.0
2367,C,F,5,F,"(0, 5, 9)",I,F,A,F,295.875,74.0
2368,G,C,0,F,"(0, 4, 7, 10)",V,B-,E,F,296.0,75.0
2369,G,C,1,F,"(0, 4, 7, 10)",V,B-,E,F,296.125,75.0
2370,G,C,2,F,"(0, 4, 7, 10)",V,B-,E,F,296.25,75.0
2371,G,C,2,F,"(0, 4, 7, 10)",V,B-,E,F,296.375,75.0
2372,G,C,3,F,"(0, 4, 7, 10)",V,B-,E,F,296.5,75.0
2373,G,C,3,F,"(0, 4, 7, 10)",V,B-,E,F,296.625,75.0
2374,G,C,3,F,"(0, 4, 7, 10)",V,B-,E,F,296.75,75.0
2375,G,C,3,F,"(0, 4, 7, 10)",V,B-,E,F,296.875,75.0
2376,G,C,4,F,"(0, 4, 7, 10)",V,B-,E,F,297.0,75.0
2377,G,C,4,F,"(0, 4, 7, 10)",V,B-,E,F,297.125,75.0
2378,G,C,4,F,"(0, 4, 7, 10)",V,B-,E,F,297.25,75.0
2379,G,C,4,F,"(0, 4, 7, 10)",V,B-,E,F,297.375,75.0
2380,G,C,4,F,"(0, 4, 7, 10)",V,B-,E,F,297.5,75.0
2381,G,C,4,F,"(0, 4, 7, 10)",V,B-,E,F,297.625,75.0
2382,G,C,4,F,"(0, 4, 7, 10)",V,B-,E,F,297.75,75.0
2383,G,C,4,F,"(0, 4, 7, 10)",V,B-,E,F,297.875,75.0
2384,G,C,0,F,"(0, 4, 7, 10)",V7,B-,E,F,298.0,75.0
2385,G,C,1,F,"(0, 4, 7, 10)",V7,B-,E,F,298.125,75.0
2386,G,C,2,F,"(0, 4, 7, 10)",V7,B-,E,F,298.25,75.0
2387,G,C,2,F,"(0, 4, 7, 10)",V7,B-,E,F,298.375,75.0
2388,G,C,3,F,"(0, 4, 7, 10)",V7,B-,E,F,298.5,75.0
2389,G,C,3,F,"(0, 4, 7, 10)",V7,B-,E,F,298.625,75.0
2390,G,C,3,F,"(0, 4, 7, 10)",V7,B-,E,F,298.75,75.0
2391,G,C,3,F,"(0, 4, 7, 10)",V7,B-,E,F,298.875,75.0
2392,G,C,4,F,"(0, 4, 7, 10)",V7,B-,E,F,299.0,75.0
2393,G,C,4,F,"(0, 4, 7, 10)",V7,B-,E,F,299.125,75.0
2394,G,C,4,F,"(0, 4, 7, 10)",V7,B-,E,F,299.25,75.0
2395,G,C,4,F,"(0, 4, 7, 10)",V7,B-,E,F,299.375,75.0
2396,G,C,4,F,"(0, 4, 7, 10)",V7,B-,E,F,299.5,75.0
2397,G,C,4,F,"(0, 4, 7, 10)",V7,B-,E,F,299.625,75.0
2398,G,C,4,F,"(0, 4, 7, 10)",V7,B-,E,F,299.75,75.0
2399,G,C,4,F,"(0, 4, 7, 10)",V7,B-,E,F,299.875,75.0
2400,C,F,0,F,"(0, 5, 9)",I,F,A,F,300.0,76.0
2401,C,F,1,F,"(0, 5, 9)",I,F,A,F,300.125,76.0
2402,C,F,2,F,"(0, 5, 9)",I,F,A,F,300.25,76.0
2403,C,F,2,F,"(0, 5, 9)",I,F,A,F,300.375,76.0
2404,C,F,3,F,"(0, 5, 9)",I,F,A,F,300.5,76.0
2405,C,F,3,F,"(0, 5, 9)",I,F,A,F,300.625,76.0
2406,C,F,3,F,"(0, 5, 9)",I,F,A,F,300.75,76.0
2407,C,F,3,F,"(0, 5, 9)",I,F,A,F,300.875,76.0
2408,C,F,4,F,"(0, 5, 9)",I,F,A,F,301.0,76.0
2409,C,F,4,F,"(0, 5, 9)",I,F,A,F,301.125,76.0
2410,C,F,4,F,"(0, 5, 9)",I,F,A,F,301.25,76.0
2411,C,F,4,F,"(0, 5, 9)",I,F,A,F,301.375,76.0
2412,C,F,4,F,"(0, 5, 9)",I,F,A,F,301.5,76.0
2413,C,F,4,F,"(0, 5, 9)",I,F,A,F,301.625,76.0
2414,C,F,4,F,"(0, 5, 9)",I,F,A,F,301.75,76.0
2415,C,F,4,F,"(0, 5, 9)",I,F,A,F,301.875,76.0
2416,C,F,5,F,"(0, 5, 9)",I,F,A,F,302.0,76.0
2417,C,F,5,F,"(0, 5, 9)",I,F,A,F,302.125,76.0
2418,C,F,5,F,"(0, 5, 9)",I,F,A,F,302.25,76.0
2419,C,F,5,F,"(0, 5, 9)",I,F,A,F,302.375,76.0
2420,C,F,5,F,"(0, 5, 9)",I,F,A,F,302.5,76.0
2421,C,F,5,F,"(0, 5, 9)",I,F,A,F,302.625,76.0
2422,C,F,5,F,"(0, 5, 9)",I,F,A,F,302.75,76.0
2423,C,F,5,F,"(0, 5, 9)",I,F,A,F,302.875,76.0
2424,C,C,0,F,"(0, 4, 7)",I,F,A,F,303.0,76.0
2425,C,C,1,F,"(0, 4, 7)",I,C,A,F,303.125,76.0
2426,C,C,2,F,"(0, 4, 7)",I,C,A,F,303.25,76.0
2427,C,C,2,F,"(0, 4, 7)",I,C,A,F,303.375,76.0
2428,C,C,3,F,"(0, 4, 7)",I,C,A,F,303.5,76.0
2429,C,C,3,F,"(0, 4, 7)",I,C,A,F,303.625,76.0
2430,C,C,3,F,"(0, 4, 7)",I,C,A,F,303.75,76.0
2431,C,C,3,F,"(0, 4, 7)",I,C,A,F,303.875,76.0
2432,G,C,0,F,"(0, 4, 7)",V,C,E,F,304.0,77.0
2433,G,C,1,F,"(0, 4, 7)",V,C,E,F,304.125,77.0
2434,G,C,2,F,"(0, 4, 7)",V,C,E,F,304.25,77.0
2435,G,C,2,F,"(0, 4, 7)",V,C,E,F,304.375,77.0
2436,G,C,3,F,"(0, 4, 7)",V,C,E,F,304.5,77.0
2437,G,C,3,F,"(0, 4, 7)",V,C,E,F,304.625,77.0
2438,G,C,3,F,"(0, 4, 7)",V,C,E,F,304.75,77.0
2439,G,C,3,F,"(0, 4, 7)",V,C,E,F,304.875,77.0
2440,G,C,4,F,"(0, 4, 7)",V,C,E,F,305.0,77.0
2441,G,C,4,F,"(0, 4, 7)",V,C,E,F,305.125,77.0
2442,G,C,4,F,"(0, 4, 7)",V,C,E,F,305.25,77.0
2443,G,C,4,F,"(0, 4, 7)",V,C,E,F,305.375,77.0
2444,G,C,4,F,"(0, 4, 7)",V,C,E,F,305.5,77.0
2445,G,C,4,F,"(0, 4, 7)",V,C,E,F,305.625,77.0
2446,G,C,4,F,"(0, 4, 7)",V,C,E,F,305.75,77.0
2447,G,C,4,F,"(0, 4, 7)",V,C,E,F,305.875,77.0
2448,G,C,5,F,"(0, 4, 7)",V,C,E,F,306.0,77.0
2449,G,C,5,F,"(0, 4, 7)",V,C,E,F,306.125,77.0
2450,G,C,5,F,"(0, 4, 7)",V,C,E,F,306.25,77.0
2451,G,C,5,F,"(0, 4, 7)",V,C,E,F,306.375,77.0
2452,G,C,5,F,"(0, 4, 7)",V,C,E,F,306.5,77.0
2453,G,C,5,F,"(0, 4, 7)",V,C,E,F,306.625,77.0
2454,G,C,5,F,"(0, 4, 7)",V,C,E,F,306.75,77.0
2455,G,C,5,F,"(0, 4, 7)",V,C,E,F,306.875,77.0
2456,G,C,5,F,"(0, 4, 7)",V,C,E,F,307.0,77.0
2457,G,C,5,F,"(0, 4, 7)",V,C,E,F,307.125,77.0
2458,G,C,5,F,"(0, 4, 7)",V,C,E,F,307.25,77.0
2459,G,C,5,F,"(0, 4, 7)",V,C,E,F,307.375,77.0
2460,G,C,5,F,"(0, 4, 7)",V,C,E,F,307.5,77.0
2461,G,C,5,F,"(0, 4, 7)",V,C,E,F,307.625,77.0
2462,G,C,5,F,"(0, 4, 7)",V,C,E,F,307.75,77.0
2463,G,C,5,F,"(0, 4, 7)",V,C,E,F,307.875,77.0
2464,C,F,0,F,"(0, 5, 9)",I,F,A,F,308.0,78.0
2465,C,F,1,F,"(0, 5, 9)",I,F,A,F,308.125,78.0
2466,C,F,2,F,"(0, 5, 9)",I,F,A,F,308.25,78.0
2467,C,F,2,F,"(0, 5, 9)",I,F,A,F,308.375,78.0
2468,C,F,3,F,"(0, 5, 9)",I,F,A,F,308.5,78.0
2469,C,F,3,F,"(0, 5, 9)",I,F,A,F,308.625,78.0
2470,C,F,3,F,"(0, 5, 9)",I,F,A,F,308.75,78.0
2471,C,F,3,F,"(0, 5, 9)",I,F,A,F,308.875,78.0
2472,C,F,4,F,"(0, 5, 9)",I,F,A,F,309.0,78.0
2473,C,F,4,F,"(0, 5, 9)",V7,F,A,F,309.125,78.0
2474,C,F,4,F,"(0, 5, 9)",V7,F,A,F,309.25,78.0
2475,C,F,4,F,"(0, 5, 9)",V7,F,A,F,309.375,78.0
2476,C,F,4,F,"(0, 5, 9)",V7,F,A,F,309.5,78.0
2477,C,F,4,F,"(0, 5, 9)",V7,F,A,F,309.625,78.0
2478,C,F,4,F,"(0, 5, 9)",V7,F,A,F,309.75,78.0
2479,C,F,4,F,"(0, 5, 9)",V7,F,A,F,309.875,78.0
2480,D,G,0,F,"(2, 5, 7, 11)",V7,F,B,C,310.0,78.0
2481,D,G,1,F,"(2, 5, 7, 11)",V7,F,B,C,310.125,78.0
2482,D,G,2,F,"(2, 5, 7, 11)",V7,F,B,C,310.25,78.0
2483,D,G,2,F,"(2, 5, 7, 11)",V7,F,B,C,310.375,78.0
2484,D,G,3,F,"(2, 5, 7, 11)",V7,F,B,C,310.5,78.0
2485,D,G,3,F,"(2, 5, 7, 11)",V7,F,B,C,310.625,78.0
2486,D,G,3,F,"(2, 5, 7, 11)",V7,F,B,C,310.75,78.0
2487,D,G,3,F,"(2, 5, 7, 11)",V7,F,B,C,310.875,78.0
2488,D,G,4,F,"(2, 5, 7, 11)",V7,F,B,C,311.0,78.0
2489,D,G,4,F,"(2, 5, 7, 11)",V7,F,B,C,311.125,78.0
2490,D,G,4,F,"(2, 5, 7, 11)",V7,F,B,C,311.25,78.0
2491,D,G,4,F,"(2, 5, 7, 11)",V7,F,B,C,311.375,78.0
2492,D,G,4,F,"(2, 5, 7, 11)",V7,F,B,C,311.5,78.0
2493,D,G,4,F,"(2, 5, 7, 11)",V7,F,B,C,311.625,78.0
2494,D,G,4,F,"(2, 5, 7, 11)",V7,F,B,C,311.75,78.0
2495,D,G,4,F,"(2, 5, 7, 11)",V7,F,B,C,311.875,78.0
2496,G,C,0,F,"(0, 4, 7)",V,C,E,F,312.0,79.0
2497,G,C,1,F,"(0, 4, 7)",V,C,E,F,312.125,79.0
2498,G,C,2,F,"(0, 4, 7)",V,C,E,F,312.25,79.0
2499,G,C,2,F,"(0, 4, 7)",V,C,E,F,312.375,79.0
2500,G,C,3,F,"(0, 4, 7)",V,C,E,F,312.5,79.0
2501,G,C,3,F,"(0, 4, 7)",V,C,E,F,312.625,79.0
2502,G,C,3,F,"(0, 4, 7)",V,C,E,F,312.75,79.0
2503,G,C,3,F,"(0, 4, 7)",V,C,E,F,312.875,79.0
2504,G,C,4,F,"(0, 4, 7)",V,C,E,F,313.0,79.0
2505,G,C,4,F,"(0, 4, 7)",V,C,E,F,313.125,79.0
2506,G,C,4,F,"(0, 4, 7)",V,C,E,F,313.25,79.0
2507,G,C,4,F,"(0, 4, 7)",V,C,E,F,313.375,79.0
2508,G,C,4,F,"(0, 4, 7)",V,C,E,F,313.5,79.0
2509,G,C,4,F,"(0, 4, 7)",V,C,E,F,313.625,79.0
2510,G,C,4,F,"(0, 4, 7)",V,C,E,F,313.75,79.0
2511,G,C,4,F,"(0, 4, 7)",V,C,E,F,313.875,79.0
2512,G,C,5,F,"(0, 4, 7)",V,C,E,F,314.0,79.0
2513,G,C,5,F,"(0, 4, 7)",V,C,E,F,314.125,79.0
2514,G,C,5,F,"(0, 4, 7)",V,C,E,F,314.25,79.0
2515,G,C,5,F,"(0, 4, 7)",V,C,E,F,314.375,79.0
2516,G,C,5,F,"(0, 4, 7)",V,C,E,F,314.5,79.0
2517,G,C,5,F,"(0, 4, 7)",V,C,E,F,314.625,79.0
2518,G,C,5,F,"(0, 4, 7)",V,C,E,F,314.75,79.0
2519,G,C,5,F,"(0, 4, 7)",V,C,E,F,314.875,79.0
2520,G,C,5,F,"(0, 4, 7)",V,C,E,F,315.0,79.0
2521,G,C,5,F,"(0, 4, 7)",V,C,E,F,315.125,79.0
2522,G,C,5,F,"(0, 4, 7)",V,C,E,F,315.25,79.0
2523,G,C,5,F,"(0, 4, 7)",V,C,E,F,315.375,79.0
2524,G,C,5,F,"(0, 4, 7)",V,C,E,F,315.5,79.0
2525,G,C,5,F,"(0, 4, 7)",V,C,E,F,315.625,79.0
2526,G,C,5,F,"(0, 4, 7)",V,C,E,F,315.75,79.0
2527,G,C,5,F,"(0, 4, 7)",V,C,E,F,315.875,79.0
2528,C,F,0,F,"(0, 4, 7)",I,C,A,F,316.0,80.0
2529,C,F,1,F,"(0, 4, 7)",I,C,A,F,316.125,80.0
2530,C,F,2,F,"(0, 4, 7)",I,C,A,F,316.25,80.0
2531,C,F,2,F,"(0, 4, 7)",I,C,A,F,316.375,80.0
2532,C,F,3,F,"(0, 4, 7)",I,C,A,F,316.5,80.0
2533,C,F,3,F,"(0, 4, 7)",I,C,A,F,316.625,80.0
2534,C,F,3,F,"(0, 4, 7)",I,C,A,F,316.75,80.0
2535,C,F,3,F,"(0, 4, 7)",I,C,A,F,316.875,80.0
2536,C,E,4,F,"(0, 4, 7)",I,C,E,F,317.0,80.0
2537,C,E,4,F,"(0, 4, 7)",I,C,E,F,317.125,80.0
2538,C,E,4,F,"(0, 4, 7)",I,C,E,F,317.25,80.0
2539,C,E,4,F,"(0, 4, 7)",I,C,E,F,317.375,80.0
2540,C,E,4,F,"(0, 4, 7)",I,C,E,F,317.5,80.0
2541,C,E,4,F,"(0, 4, 7)",I,C,E,F,317.625,80.0
2542,C,E,4,F,"(0, 4, 7)",I,C,E,F,317.75,80.0
2543,C,E,4,F,"(0, 4, 7)",I,C,E,F,317.875,80.0
2544,C,D,5,F,"(0, 4, 7)",I,C,F,F,318.0,80.0
2545,C,D,5,F,"(0, 4, 7)",I,C,F,F,318.125,80.0
2546,C,D,5,F,"(0, 4, 7)",I,C,F,F,318.25,80.0
2547,C,D,5,F,"(0, 4, 7)",I,C,F,F,318.375,80.0
2548,C,D,5,F,"(0, 4, 7)",I,C,F,F,318.5,80.0
2549,C,D,5,F,"(0, 4, 7)",I,C,F,F,318.625,80.0
2550,C,D,5,F,"(0, 4, 7)",I,C,F,F,318.75,80.0
2551,C,D,5,F,"(0, 4, 7)",I,C,F,F,318.875,80.0
2552,G,C,0,F,"(0, 4, 7)",I,C,E,F,319.0,80.0
2553,G,C,1,F,"(0, 4, 7)",I,C,E,F,319.125,80.0
2554,G,C,2,F,"(0, 4, 7)",I,C,E,F,319.25,80.0
2555,G,C,2,F,"(0, 4, 7)",I,C,E,F,319.375,80.0
2556,G,C,3,F,"(0, 4, 7)",I,C,E,F,319.5,80.0
2557,G,C,3,F,"(0, 4, 7)",I,C,E,F,319.625,80.0
2558,G,C,3,F,"(0, 4, 7)",I,C,E,F,319.75,80.0
2559,G,C,3,F,"(0, 4, 7)",I,C,E,F,319.875,80.0
2560,D,F,0,F,"(2, 5, 9)",vi,D,A,F,320.0,81.0
2561,D,F,1,F,"(2, 5, 9)",vi,D,A,F,320.125,81.0
2562,D,F,2,F,"(2, 5, 9)",vi,D,A,F,320.25,81.0
2563,D,F,2,F,"(2, 5, 9)",vi,D,A,F,320.375,81.0
2564,D,F,3,F,"(2, 5, 9)",vi,D,A,F,320.5,81.0
2565,D,F,3,F,"(2, 5, 9)",vi,D,A,F,320.625,81.0
2566,D,F,3,F,"(2, 5, 9)",vi,D,A,F,320.75,81.0
2567,D,F,3,F,"(2, 5, 9)",vi,D,A,F,320.875,81.0
2568,C,E,0,F,"(0, 4, 7)",I,C,E,F,321.0,81.0
2569,C,E,1,F,"(0, 4, 7)",I,C,E,F,321.125,81.0
2570,C,E,2,F,"(0, 4, 7)",I,C,E,F,321.25,81.0
2571,C,E,2,F,"(0, 4, 7)",I,C,E,F,321.375,81.0
2572,C,E,3,F,"(0, 4, 7)",I,C,E,F,321.5,81.0
2573,C,E,3,F,"(0, 4, 7)",I,C,E,F,321.625,81.0
2574,C,E,3,F,"(0, 4, 7)",I,C,E,F,321.75,81.0
2575,C,E,3,F,"(0, 4, 7)",I,C,E,F,321.875,81.0
2576,C,D,4,F,"(0, 4, 7)",I,C,F,F,322.0,81.0
2577,C,D,1,F,"(0, 4, 7)",I,C,F,F,322.125,81.0
2578,C,D,4,F,"(0, 4, 7)",I,C,F,F,322.25,81.0
2579,C,D,4,F,"(0, 4, 7)",I,C,F,F,322.375,81.0
2580,C,D,5,F,"(0, 4, 7)",I,C,F,F,322.5,81.0
2581,C,D,5,F,"(0, 4, 7)",I,C,F,F,322.625,81.0
2582,C,D,5,F,"(0, 4, 7)",I,C,F,F,322.75,81.0
2583,C,D,5,F,"(0, 4, 7)",I,C,F,F,322.875,81.0
2584,G,C,5,F,"(0, 4, 7)",V,C,E,F,323.0,81.0
2585,G,C,1,F,"(0, 4, 7)",V,C,E,F,323.125,81.0
2586,G,C,5,F,"(0, 4, 7)",V,C,E,F,323.25,81.0
2587,G,C,5,F,"(0, 4, 7)",V,C,E,F,323.375,81.0
2588,G,C,3,F,"(0, 4, 7)",V,C,E,F,323.5,81.0
2589,G,C,3,F,"(0, 4, 7)",V,C,E,F,323.625,81.0
2590,G,C,3,F,"(0, 4, 7)",V,C,E,F,323.75,81.0
2591,G,C,3,F,"(0, 4, 7)",V,C,E,F,323.875,81.0
2592,C,F,0,F,"(0, 5, 9)",I,F,A,F,324.0,82.0
2593,C,F,1,F,"(0, 5, 9)",I,F,A,F,324.125,82.0
2594,C,F,2,F,"(0, 5, 9)",I,F,A,F,324.25,82.0
2595,C,F,2,F,"(0, 5, 9)",I,F,A,F,324.375,82.0
2596,C,F,3,F,"(0, 5, 9)",I,F,A,F,324.5,82.0
2597,C,F,3,F,"(0, 5, 9)",I,F,A,F,324.625,82.0
2598,C,F,3,F,"(0, 5, 9)",I,F,A,F,324.75,82.0
2599,C,F,3,F,"(0, 5, 9)",I,F,A,F,324.875,82.0
2600,D,G,0,F,"(2, 7, 10)",ii,G,B-,F,325.0,82.0
2601,D,G,1,F,"(2, 7, 10)",ii,G,B-,F,325.125,82.0
2602,D,G,2,F,"(2, 7, 10)",ii,G,B-,F,325.25,82.0
2603,D,G,2,F,"(2, 7, 10)",ii,G,B-,F,325.375,82.0
2604,D,G,3,F,"(2, 7, 10)",ii,G,B-,F,325.5,82.0
2605,D,G,3,F,"(2, 7, 10)",ii,G,B-,F,325.625,82.0
2606,D,G,3,F,"(2, 7, 10)",ii,G,B-,F,325.75,82.0
2607,D,G,3,F,"(2, 7, 10)",ii,G,B-,F,325.875,82.0
2608,F,A,0,F,"(0, 5, 9)",I,F,C,F,326.0,82.0
2609,F,A,1,F,"(0, 5, 9)",I,F,C,F,326.125,82.0
2610,F,A,2,F,"(0, 5, 9)",I,F,C,F,326.25,82.0
2611,F,A,2,F,"(0, 5, 9)",I,F,C,F,326.375,82.0
2612,F,A,3,F,"(0, 5, 9)",I,F,C,F,326.5,82.0
2613,F,A,3,F,"(0, 5, 9)",I,F,C,F,326.625,82.0
2614,F,A,3,F,"(0, 5, 9)",I,F,C,F,326.75,82.0
2615,F,A,3,F,"(0, 5, 9)",I,F,C,F,326.875,82.0
2616,G,B-,0,F,"(2, 7, 10)",ii,G,D,F,327.0,82.0
2617,G,B-,1,F,"(2, 7, 10)",ii,G,D,F,327.125,82.0
2618,G,B-,2,F,"(2, 7, 10)",ii,G,D,F,327.25,82.0
2619,G,B-,2,F,"(2, 7, 10)",ii,G,D,F,327.375,82.0
2620,G,B-,3,F,"(2, 7, 10)",ii,G,D,F,327.5,82.0
2621,G,B-,3,F,"(2, 7, 10)",ii,G,D,F,327.625,82.0
2622,G,B-,3,F,"(2, 7, 10)",ii,G,D,F,327.75,82.0
2623,G,B-,3,F,"(2, 7, 10)",ii,G,D,F,327.875,82.0
2624,G,C,0,F,"(0, 4, 7, 10)",V,C,E,F,328.0,83.0
2625,G,C,1,F,"(0, 4, 7, 10)",V,B-,E,F,328.125,83.0
2626,G,C,2,F,"(0, 4, 7, 10)",V,B-,E,F,328.25,83.0
2627,G,C,2,F,"(0, 4, 7, 10)",V,B-,E,F,328.375,83.0
2628,G,C,3,F,"(0, 4, 7, 10)",V,B-,E,F,328.5,83.0
2629,G,C,3,F,"(0, 4, 7, 10)",V,B-,E,F,328.625,83.0
2630,G,C,3,F,"(0, 4, 7, 10)",V,B-,E,F,328.75,83.0
2631,G,C,3,F,"(0, 4, 7, 10)",V,B-,E,F,328.875,83.0
2632,G,C,4,F,"(0, 4, 7, 10)",V7,B-,E,F,329.0,83.0
2633,G,C,4,F,"(0, 4, 7, 10)",V7,B-,E,F,329.125,83.0
2634,G,C,4,F,"(0, 4, 7, 10)",V7,B-,E,F,329.25,83.0
2635,G,C,4,F,"(0, 4, 7, 10)",V7,B-,E,F,329.375,83.0
2636,G,C,4,F,"(0, 4, 7, 10)",V7,B-,E,F,329.5,83.0
2637,G,C,4,F,"(0, 4, 7, 10)",V7,B-,E,F,329.625,83.0
2638,G,C,4,F,"(0, 4, 7, 10)",V7,B-,E,F,329.75,83.0
2639,G,C,4,F,"(0, 4, 7, 10)",V7,B-,E,F,329.875,83.0
2640,G,C,5,F,"(0, 4, 7, 10)",V7,B-,E,F,330.0,83.0
2641,G,C,1,F,"(0, 4, 7, 10)",V7,B-,E,F,330.125,83.0
2642,G,C,2,F,"(0, 4, 7, 10)",V7,B-,E,F,330.25,83.0
2643,G,C,2,F,"(0, 4, 7, 10)",V7,B-,E,F,330.375,83.0
2644,G,C,5,F,"(0, 4, 7, 10)",V7,B-,E,F,330.5,83.0
2645,G,C,5,F,"(0, 4, 7, 10)",V7,B-,E,F,330.625,83.0
2646,G,C,5,F,"(0, 4, 7, 10)",V7,B-,E,F,330.75,83.0
2647,G,C,5,F,"(0, 4, 7, 10)",V7,B-,E,F,330.875,83.0
2648,G,C,5,F,"(0, 4, 7, 10)",V7,B-,E,F,331.0,83.0
2649,G,C,5,F,"(0, 4, 7, 10)",V7,B-,E,F,331.125,83.0
2650,G,C,5,F,"(0, 4, 7, 10)",V7,B-,E,F,331.25,83.0
2651,G,C,5,F,"(0, 4, 7, 10)",V7,B-,E,F,331.375,83.0
2652,G,C,5,F,"(0, 4, 7, 10)",V7,B-,E,F,331.5,83.0
2653,G,C,5,F,"(0, 4, 7, 10)",V7,B-,E,F,331.625,83.0
2654,G,C,5,F,"(0, 4, 7, 10)",V7,B-,E,F,331.75,83.0
2655,G,C,5,F,"(0, 4, 7, 10)",V7,B-,E,F,331.875,83.0
2656,C,F,0,F,"(0, 5, 9)",I,F,A,F,332.0,84.0
2657,C,F,1,F,"(0, 5, 9)",I,F,A,F,332.125,84.0
2658,C,F,2,F,"(0, 5, 9)",I,F,A,F,332.25,84.0
2659,C,F,2,F,"(0, 5, 9)",I,F,A,F,332.375,84.0
2660,C,F,3,F,"(0, 5, 9)",I,F,A,F,332.5,84.0
2661,C,F,3,F,"(0, 5, 9)",I,F,A,F,332.625,84.0
2662,C,F,3,F,"(0, 5, 9)",I,F,A,F,332.75,84.0
2663,C,F,3,F,"(0, 5, 9)",I,F,A,F,332.875,84.0
2664,C,F,4,F,"(0, 5, 9)",I,F,A,F,333.0,84.0
2665,C,F,4,F,"(0, 5, 9)",I,F,A,F,333.125,84.0
2666,C,F,4,F,"(0, 5, 9)",I,F,A,F,333.25,84.0
2667,C,F,4,F,"(0, 5, 9)",I,F,A,F,333.375,84.0
2668,C,F,4,F,"(0, 5, 9)",I,F,A,F,333.5,84.0
2669,C,F,4,F,"(0, 5, 9)",I,F,A,F,333.625,84.0
2670,C,F,4,F,"(0, 5, 9)",I,F,A,F,333.75,84.0
2671,C,F,4,F,"(0, 5, 9)",I,F,A,F,333.875,84.0
2672,G,C,0,F,"(0, 4, 7, 10)",V7,B-,E,F,334.0,84.0
2673,G,C,1,F,"(0, 4, 7, 10)",V7,B-,E,F,334.125,84.0
2674,G,C,2,F,"(0, 4, 7, 10)",V7,B-,E,F,334.25,84.0
2675,G,C,2,F,"(0, 4, 7, 10)",V7,B-,E,F,334.375,84.0
2676,G,C,3,F,"(0, 4, 7, 10)",V7,B-,E,F,334.5,84.0
2677,G,C,3,F,"(0, 4, 7, 10)",V7,B-,E,F,334.625,84.0
2678,G,C,3,F,"(0, 4, 7, 10)",V7,B-,E,F,334.75,84.0
2679,G,C,3,F,"(0, 4, 7, 10)",V7,B-,E,F,334.875,84.0
2680,G,C,4,F,"(0, 4, 7, 10)",V7,B-,E,F,335.0,84.0
2681,G,C,4,F,"(0, 4, 7, 10)",V7,B-,E,F,335.125,84.0
2682,G,C,4,F,"(0, 4, 7, 10)",V7,B-,E,F,335.25,84.0
2683,G,C,4,F,"(0, 4, 7, 10)",V7,B-,E,F,335.375,84.0
2684,G,C,4,F,"(0, 4, 7, 10)",V7,B-,E,F,335.5,84.0
2685,G,C,4,F,"(0, 4, 7, 10)",V7,B-,E,F,335.625,84.0
2686,G,C,4,F,"(0, 4, 7, 10)",V7,B-,E,F,335.75,84.0
2687,G,C,4,F,"(0, 4, 7, 10)",V7,B-,E,F,335.875,84.0
2688,C,F,0,F,"(0, 5, 9)",I,F,A,F,336.0,85.0
2689,C,F,1,F,"(0, 5, 9)",I,F,A,F,336.125,85.0
2690,C,F,2,F,"(0, 5, 9)",I,F,A,F,336.25,85.0
2691,C,F,2,F,"(0, 5, 9)",I,F,A,F,336.375,85.0
2692,C,F,3,F,"(0, 5, 9)",I,F,A,F,336.5,85.0
2693,C,F,3,F,"(0, 5, 9)",I,F,A,F,336.625,85.0
2694,C,F,3,F,"(0, 5, 9)",I,F,A,F,336.75,85.0
2695,C,F,3,F,"(0, 5, 9)",I,F,A,F,336.875,85.0
2696,C,F,4,F,"(0, 5, 9)",I,F,A,F,337.0,85.0
2697,C,F,4,F,"(0, 5, 9)",I,F,A,F,337.125,85.0
2698,C,F,4,F,"(0, 5, 9)",I,F,A,F,337.25,85.0
2699,C,F,4,F,"(0, 5, 9)",I,F,A,F,337.375,85.0
2700,C,F,4,F,"(0, 5, 9)",I,F,A,F,337.5,85.0
2701,C,F,4,F,"(0, 5, 9)",I,F,A,F,337.625,85.0
2702,C,F,4,F,"(0, 5, 9)",I,F,A,F,337.75,85.0
2703,C,F,4,F,"(0, 5, 9)",I,F,A,F,337.875,85.0
2704,G,C,5,F,"(0, 4, 7, 10)",V7,B-,E,F,338.0,85.0
2705,G,C,1,F,"(0, 4, 7, 10)",V7,B-,E,F,338.125,85.0
2706,G,C,2,F,"(0, 4, 7, 10)",V7,B-,E,F,338.25,85.0
2707,G,C,2,F,"(0, 4, 7, 10)",V7,B-,E,F,338.375,85.0
2708,G,C,3,F,"(0, 4, 7, 10)",V7,B-,E,F,338.5,85.0
2709,G,C,3,F,"(0, 4, 7, 10)",V7,B-,E,F,338.625,85.0
2710,G,C,3,F,"(0, 4, 7, 10)",V7,B-,E,F,338.75,85.0
2711,G,C,3,F,"(0, 4, 7, 10)",V7,B-,E,F,338.875,85.0
2712,G,C,5,F,"(0, 4, 7, 10)",V7,B-,E,F,339.0,85.0
2713,G,C,5,F,"(0, 4, 7, 10)",V7,B-,E,F,339.125,85.0
2714,G,C,5,F,"(0, 4, 7, 10)",V7,B-,E,F,339.25,85.0
2715,G,C,5,F,"(0, 4, 7, 10)",V7,B-,E,F,339.375,85.0
2716,G,C,5,F,"(0, 4, 7, 10)",V7,B-,E,F,339.5,85.0
2717,G,C,5,F,"(0, 4, 7, 10)",V7,B-,E,F,339.625,85.0
2718,G,C,5,F,"(0, 4, 7, 10)",V7,B-,E,F,339.75,85.0
2719,G,C,5,F,"(0, 4, 7, 10)",V7,B-,E,F,339.875,85.0
2720,C,F,0,F,"(0, 5, 9)",I,F,A,F,340.0,86.0
2721,C,F,1,F,"(0, 5, 9)",I,F,A,F,340.125,86.0
2722,C,F,2,F,"(0, 5, 9)",I,F,A,F,340.25,86.0
2723,C,F,2,F,"(0, 5, 9)",I,F,A,F,340.375,86.0
2724,C,F,3,F,"(0, 5, 9)",I,F,A,F,340.5,86.0
2725,C,F,3,F,"(0, 5, 9)",I,F,A,F,340.625,86.0
2726,C,F,3,F,"(0, 5, 9)",I,F,A,F,340.75,86.0
2727,C,F,3,F,"(0, 5, 9)",I,F,A,F,340.875,86.0
2728,C,F,4,F,"(0, 5, 9)",I,F,A,F,341.0,86.0
2729,C,F,4,F,"(0, 5, 9)",I,F,A,F,341.125,86.0
2730,C,F,4,F,"(0, 5, 9)",I,F,A,F,341.25,86.0
2731,C,F,4,F,"(0, 5, 9)",I,F,A,F,341.375,86.0
2732,C,F,4,F,"(0, 5, 9)",I,F,A,F,341.5,86.0
2733,C,F,4,F,"(0, 5, 9)",I,F,A,F,341.625,86.0
2734,C,F,4,F,"(0, 5, 9)",I,F,A,F,341.75,86.0
2735,C,F,4,F,"(0, 5, 9)",I,F,A,F,341.875,86.0
2736,C,F,5,F,"(0, 5, 9)",I,F,A,F,342.0,86.0
2737,C,F,5,F,"(0, 5, 9)",I,F,A,F,342.125,86.0
2738,C,F,5,F,"(0, 5, 9)",I,F,A,F,342.25,86.0
2739,C,F,5,F,"(0, 5, 9)",I,F,A,F,342.375,86.0
2740,C,F,5,F,"(0, 5, 9)",I,F,A,F,342.5,86.0
2741,C,F,5,F,"(0, 5, 9)",I,F,A,F,342.625,86.0
2742,C,F,5,F,"(0, 5, 9)",I,F,A,F,342.75,86.0
2743,C,F,5,F,"(0, 5, 9)",I,F,A,F,342.875,86.0
2744,C,F,5,F,"(0, 5, 9)",I,F,A,F,343.0,86.0
2745,C,F,5,F,"(0, 5, 9)",I,F,A,F,343.125,86.0
2746,C,F,5,F,"(0, 5, 9)",I,F,A,F,343.25,86.0
2747,C,F,5,F,"(0, 5, 9)",I,F,A,F,343.375,86.0
2748,C,F,5,F,"(0, 5, 9)",I,F,A,F,343.5,86.0
2749,C,F,5,F,"(0, 5, 9)",I,F,A,F,343.625,86.0
2750,C,F,5,F,"(0, 5, 9)",I,F,A,F,343.75,86.0
2751,C,F,5,F,"(0, 5, 9)",I,F,A,F,343.875,86.0
2752,C--,C--,6,A,"(0, 1, 5, 8)",Cad,C--,C--,A,,
2753,C--,C--,6,A,"(0, 1, 5, 8)",Cad,C--,C--,A,,
2754,C--,C--,6,A,"(0, 1, 5, 8)",Cad,C--,C--,A,,
2755,C--,C--,6,A,"(0, 1, 5, 8)",Cad,C--,C--,A,,
2756,C--,C--,6,A,"(0, 1, 5, 8)",Cad,C--,C--,A,,
2757,C--,C--,6,A,"(0, 1, 5, 8)",Cad,C--,C--,A,,
2758,C--,C--,6,A,"(0, 1, 5, 8)",Cad,C--,C--,A,,
2759,C--,C--,6,A,"(0, 1, 5, 8)",Cad,C--,C--,A,,
2760,C--,C--,6,A,"(0, 1, 5, 8)",Cad,C--,C--,A,,
2761,C--,C--,6,A,"(0, 1, 5, 8)",Cad,C--,C--,A,,
2762,C--,C--,6,A,"(0, 1, 5, 8)",Cad,C--,C--,A,,
2763,C--,C--,6,A,"(0, 1, 5, 8)",Cad,C--,C--,A,,
2764,C--,C--,6,A,"(0, 1, 5, 8)",Cad,C--,C--,A,,
2765,C--,C--,6,A,"(0, 1, 5, 8)",Cad,C--,C--,A,,
2766,C--,C--,6,A,"(0, 1, 5, 8)",Cad,C--,C--,A,,
2767,C--,C--,6,A,"(0, 1, 5, 8)",Cad,C--,C--,A,,
2768,C--,C--,6,A,"(0, 1, 5, 8)",Cad,C--,C--,A,,
2769,C--,C--,6,A,"(0, 1, 5, 8)",Cad,C--,C--,A,,
2770,C--,C--,6,A,"(0, 1, 5, 8)",Cad,C--,C--,A,,
2771,C--,C--,6,A,"(0, 1, 5, 8)",Cad,C--,C--,A,,
2772,C--,C--,6,A,"(0, 1, 5, 8)",Cad,C--,C--,A,,
2773,C--,C--,6,A,"(0, 1, 5, 8)",Cad,C--,C--,A,,
2774,C--,C--,6,A,"(0, 1, 5, 8)",Cad,C--,C--,A,,
2775,C--,C--,6,A,"(0, 1, 5, 8)",Cad,C--,C--,A,,
2776,C--,C--,6,A,"(0, 1, 5, 8)",Cad,C--,C--,A,,
2777,C--,C--,6,A,"(0, 1, 5, 8)",Cad,C--,C--,A,,
2778,C--,C--,6,A,"(0, 1, 5, 8)",Cad,C--,C--,A,,
2779,C--,C--,6,A,"(0, 1, 5, 8)",Cad,C--,C--,A,,
2780,C--,C--,6,A,"(0, 1, 5, 8)",Cad,C--,C--,A,,
2781,C--,C--,6,A,"(0, 1, 5, 8)",Cad,C--,C--,A,,
2782,C--,C--,6,A,"(0, 1, 5, 8)",Cad,C--,C--,A,,
2783,C--,C--,6,A,"(0, 1, 5, 8)",Cad,C--,C--,A,,
2784,C--,C--,6,A,"(0, 1, 5, 8)",Cad,C--,C--,A,,
2785,C--,C--,6,A,"(0, 1, 5, 8)",Cad,C--,C--,A,,
2786,C--,C--,6,A,"(0, 1, 5, 8)",Cad,C--,C--,A,,
2787,C--,C--,6,A,"(0, 1, 5, 8)",Cad,C--,C--,A,,
2788,C--,C--,6,A,"(0, 1, 5, 8)",Cad,C--,C--,A,,
2789,C--,C--,6,A,"(0, 1, 5, 8)",Cad,C--,C--,A,,
2790,C--,C--,6,A,"(0, 1, 5, 8)",Cad,C--,C--,A,,
2791,C--,C--,6,A,"(0, 1, 5, 8)",Cad,C--,C--,A,,
2792,C--,C--,6,A,"(0, 1, 5, 8)",Cad,C--,C--,A,,
2793,C--,C--,6,A,"(0, 1, 5, 8)",Cad,C--,C--,A,,
2794,C--,C--,6,A,"(0, 1, 5, 8)",Cad,C--,C--,A,,
2795,C--,C--,6,A,"(0, 1, 5, 8)",Cad,C--,C--,A,,
2796,C--,C--,6,A,"(0, 1, 5, 8)",Cad,C--,C--,A,,
2797,C--,C--,6,A,"(0, 1, 5, 8)",Cad,C--,C--,A,,
2798,C--,C--,6,A,"(0, 1, 5, 8)",Cad,C--,C--,A,,
2799,C--,C--,6,A,"(0, 1, 5, 8)",Cad,C--,C--,A,,
2800,C--,C--,6,A,"(0, 1, 5, 8)",Cad,C--,C--,A,,
2801,C--,C--,6,A,"(0, 1, 5, 8)",Cad,C--,C--,A,,
2802,C--,C--,6,A,"(0, 1, 5, 8)",Cad,C--,C--,A,,
2803,C--,C--,6,A,"(0, 1, 5, 8)",Cad,C--,C--,A,,
2804,C--,C--,6,A,"(0, 1, 5, 8)",Cad,C--,C--,A,,
2805,C--,C--,6,A,"(0, 1, 5, 8)",Cad,C--,C--,A,,
2806,C--,C--,6,A,"(0, 1, 5, 8)",Cad,C--,C--,A,,
2807,C--,C--,6,A,"(0, 1, 5, 8)",Cad,C--,C--,A,,
2808,C--,C--,6,A,"(0, 1, 5, 8)",Cad,C--,C--,A,,
2809,C--,C--,6,A,"(0, 1, 5, 8)",Cad,C--,C--,A,,
2810,C--,C--,6,A,"(0, 1, 5, 8)",Cad,C--,C--,A,,
2811,C--,C--,6,A,"(0, 1, 5, 8)",Cad,C--,C--,A,,
2812,C--,C--,6,A,"(0, 1, 5, 8)",Cad,C--,C--,A,,
2813,C--,C--,6,A,"(0, 1, 5, 8)",Cad,C--,C--,A,,
2814,C--,C--,6,A,"(0, 1, 5, 8)",Cad,C--,C--,A,,
2815,C--,C--,6,A,"(0, 1, 5, 8)",Cad,C--,C--,A,,
2816,C--,C--,6,A,"(0, 1, 5, 8)",Cad,C--,C--,A,,
2817,C--,C--,6,A,"(0, 1, 5, 8)",Cad,C--,C--,A,,
2818,C--,C--,6,A,"(0, 1, 5, 8)",Cad,C--,C--,A,,
2819,C--,C--,6,A,"(0, 1, 5, 8)",Cad,C--,C--,A,,
2820,C--,C--,6,A,"(0, 1, 5, 8)",Cad,C--,C--,A,,
2821,C--,C--,6,A,"(0, 1, 5, 8)",Cad,C--,C--,A,,
2822,C--,C--,6,A,"(0, 1, 5, 8)",Cad,C--,C--,A,,
2823,C--,C--,6,A,"(0, 1, 5, 8)",Cad,C--,C--,A,,
2824,C--,C--,6,A,"(0, 1, 5, 8)",Cad,C--,C--,A,,
2825,C--,C--,6,A,"(0, 1, 5, 8)",Cad,C--,C--,A,,
2826,C--,C--,6,A,"(0, 1, 5, 8)",Cad,C--,C--,A,,
2827,C--,C--,6,A,"(0, 1, 5, 8)",Cad,C--,C--,A,,
2828,C--,C--,6,A,"(0, 1, 5, 8)",Cad,C--,C--,A,,
2829,C--,C--,6,A,"(0, 1, 5, 8)",Cad,C--,C--,A,,
2830,C--,C--,6,A,"(0, 1, 5, 8)",Cad,C--,C--,A,,
2831,C--,C--,6,A,"(0, 1, 5, 8)",Cad,C--,C--,A,,
2832,C--,C--,6,A,"(0, 1, 5, 8)",Cad,C--,C--,A,,
2833,C--,C--,6,A,"(0, 1, 5, 8)",Cad,C--,C--,A,,
2834,C--,C--,6,A,"(0, 1, 5, 8)",Cad,C--,C--,A,,
2835,C--,C--,6,A,"(0, 1, 5, 8)",Cad,C--,C--,A,,
2836,C--,C--,6,A,"(0, 1, 5, 8)",Cad,C--,C--,A,,
2837,C--,C--,6,A,"(0, 1, 5, 8)",Cad,C--,C--,A,,
2838,C--,C--,6,A,"(0, 1, 5, 8)",Cad,C--,C--,A,,
2839,C--,C--,6,A,"(0, 1, 5, 8)",Cad,C--,C--,A,,
2840,C--,C--,6,A,"(0, 1, 5, 8)",Cad,C--,C--,A,,
2841,C--,C--,6,A,"(0, 1, 5, 8)",Cad,C--,C--,A,,
2842,C--,C--,6,A,"(0, 1, 5, 8)",Cad,C--,C--,A,,
2843,C--,C--,6,A,"(0, 1, 5, 8)",Cad,C--,C--,A,,
2844,C--,C--,6,A,"(0, 1, 5, 8)",Cad,C--,C--,A,,
2845,C--,C--,6,A,"(0, 1, 5, 8)",Cad,C--,C--,A,,
2846,C--,C--,6,A,"(0, 1, 5, 8)",Cad,C--,C--,A,,
2847,C--,C--,6,A,"(0, 1, 5, 8)",Cad,C--,C--,A,,
2848,C--,C--,6,A,"(0, 1, 5, 8)",Cad,C--,C--,A,,
2849,C--,C--,6,A,"(0, 1, 5, 8)",Cad,C--,C--,A,,
2850,C--,C--,6,A,"(0, 1, 5, 8)",Cad,C--,C--,A,,
2851,C--,C--,6,A,"(0, 1, 5, 8)",Cad,C--,C--,A,,
2852,C--,C--,6,A,"(0, 1, 5, 8)",Cad,C--,C--,A,,
2853,C--,C--,6,A,"(0, 1, 5, 8)",Cad,C--,C--,A,,
2854,C--,C--,6,A,"(0, 1, 5, 8)",Cad,C--,C--,A,,
2855,C--,C--,6,A,"(0, 1, 5, 8)",Cad,C--,C--,A,,
2856,C--,C--,6,A,"(0, 1, 5, 8)",Cad,C--,C--,A,,
2857,C--,C--,6,A,"(0, 1, 5, 8)",Cad,C--,C--,A,,
2858,C--,C--,6,A,"(0, 1, 5, 8)",Cad,C--,C--,A,,
2859,C--,C--,6,A,"(0, 1, 5, 8)",Cad,C--,C--,A,,
2860,C--,C--,6,A,"(0, 1, 5, 8)",Cad,C--,C--,A,,
2861,C--,C--,6,A,"(0, 1, 5, 8)",Cad,C--,C--,A,,
2862,C--,C--,6,A,"(0, 1, 5, 8)",Cad,C--,C--,A,,
2863,C--,C--,6,A,"(0, 1, 5, 8)",Cad,C--,C--,A,,
2864,C--,C--,6,A,"(0, 1, 5, 8)",Cad,C--,C--,A,,
2865,C--,C--,6,A,"(0, 1, 5, 8)",Cad,C--,C--,A,,
2866,C--,C--,6,A,"(0, 1, 5, 8)",Cad,C--,C--,A,,
2867,C--,C--,6,A,"(0, 1, 5, 8)",Cad,C--,C--,A,,
2868,C--,C--,6,A,"(0, 1, 5, 8)",Cad,C--,C--,A,,
2869,C--,C--,6,A,"(0, 1, 5, 8)",Cad,C--,C--,A,,
2870,C--,C--,6,A,"(0, 1, 5, 8)",Cad,C--,C--,A,,
2871,C--,C--,6,A,"(0, 1, 5, 8)",Cad,C--,C--,A,,
2872,C--,C--,6,A,"(0, 1, 5, 8)",Cad,C--,C--,A,,
2873,C--,C--,6,A,"(0, 1, 5, 8)",Cad,C--,C--,A,,
2874,C--,C--,6,A,"(0, 1, 5, 8)",Cad,C--,C--,A,,
2875,C--,C--,6,A,"(0, 1, 5, 8)",Cad,C--,C--,A,,
2876,C--,C--,6,A,"(0, 1, 5, 8)",Cad,C--,C--,A,,
2877,C--,C--,6,A,"(0, 1, 5, 8)",Cad,C--,C--,A,,
2878,C--,C--,6,A,"(0, 1, 5, 8)",Cad,C--,C--,A,,
2879,C--,C--,6,A,"(0, 1, 5, 8)",Cad,C--,C--,A,,
2880,C--,C--,6,A,"(0, 1, 5, 8)",Cad,C--,C--,A,,
2881,C--,C--,6,A,"(0, 1, 5, 8)",Cad,C--,C--,A,,
2882,C--,C--,6,A,"(0, 1, 5, 8)",Cad,C--,C--,A,,
2883,C--,C--,6,A,"(0, 1, 5, 8)",Cad,C--,C--,A,,
2884,C--,C--,6,A,"(0, 1, 5, 8)",Cad,C--,C--,A,,
2885,C--,C--,6,A,"(0, 1, 5, 8)",Cad,C--,C--,A,,
2886,C--,C--,6,A,"(0, 1, 5, 8)",Cad,C--,C--,A,,
2887,C--,C--,6,A,"(0, 1, 5, 8)",Cad,C--,C--,A,,
2888,C--,C--,6,A,"(0, 1, 5, 8)",Cad,C--,C--,A,,
2889,C--,C--,6,A,"(0, 1, 5, 8)",Cad,C--,C--,A,,
2890,C--,C--,6,A,"(0, 1, 5, 8)",Cad,C--,C--,A,,
2891,C--,C--,6,A,"(0, 1, 5, 8)",Cad,C--,C--,A,,
2892,C--,C--,6,A,"(0, 1, 5, 8)",Cad,C--,C--,A,,
2893,C--,C--,6,A,"(0, 1, 5, 8)",Cad,C--,C--,A,,
2894,C--,C--,6,A,"(0, 1, 5, 8)",Cad,C--,C--,A,,
2895,C--,C--,6,A,"(0, 1, 5, 8)",Cad,C--,C--,A,,
2896,C--,C--,6,A,"(0, 1, 5, 8)",Cad,C--,C--,A,,
2897,C--,C--,6,A,"(0, 1, 5, 8)",Cad,C--,C--,A,,
2898,C--,C--,6,A,"(0, 1, 5, 8)",Cad,C--,C--,A,,
2899,C--,C--,6,A,"(0, 1, 5, 8)",Cad,C--,C--,A,,
2900,C--,C--,6,A,"(0, 1, 5, 8)",Cad,C--,C--,A,,
2901,C--,C--,6,A,"(0, 1, 5, 8)",Cad,C--,C--,A,,
2902,C--,C--,6,A,"(0, 1, 5, 8)",Cad,C--,C--,A,,
2903,C--,C--,6,A,"(0, 1, 5, 8)",Cad,C--,C--,A,,
2904,C--,C--,6,A,"(0, 1, 5, 8)",Cad,C--,C--,A,,
2905,C--,C--,6,A,"(0, 1, 5, 8)",Cad,C--,C--,A,,
2906,C--,C--,6,A,"(0, 1, 5, 8)",Cad,C--,C--,A,,
2907,C--,C--,6,A,"(0, 1, 5, 8)",Cad,C--,C--,A,,
2908,C--,C--,6,A,"(0, 1, 5, 8)",Cad,C--,C--,A,,
2909,C--,C--,6,A,"(0, 1, 5, 8)",Cad,C--,C--,A,,
2910,C--,C--,6,A,"(0, 1, 5, 8)",Cad,C--,C--,A,,
2911,C--,C--,6,A,"(0, 1, 5, 8)",Cad,C--,C--,A,,
2912,C--,C--,6,A,"(0, 1, 5, 8)",Cad,C--,C--,A,,
2913,C--,C--,6,A,"(0, 1, 5, 8)",Cad,C--,C--,A,,
2914,C--,C--,6,A,"(0, 1, 5, 8)",Cad,C--,C--,A,,
2915,C--,C--,6,A,"(0, 1, 5, 8)",Cad,C--,C--,A,,
2916,C--,C--,6,A,"(0, 1, 5, 8)",Cad,C--,C--,A,,
2917,C--,C--,6,A,"(0, 1, 5, 8)",Cad,C--,C--,A,,
2918,C--,C--,6,A,"(0, 1, 5, 8)",Cad,C--,C--,A,,
2919,C--,C--,6,A,"(0, 1, 5, 8)",Cad,C--,C--,A,,
2920,C--,C--,6,A,"(0, 1, 5, 8)",Cad,C--,C--,A,,
2921,C--,C--,6,A,"(0, 1, 5, 8)",Cad,C--,C--,A,,
2922,C--,C--,6,A,"(0, 1, 5, 8)",Cad,C--,C--,A,,
2923,C--,C--,6,A,"(0, 1, 5, 8)",Cad,C--,C--,A,,
2924,C--,C--,6,A,"(0, 1, 5, 8)",Cad,C--,C--,A,,
2925,C--,C--,6,A,"(0, 1, 5, 8)",Cad,C--,C--,A,,
2926,C--,C--,6,A,"(0, 1, 5, 8)",Cad,C--,C--,A,,
2927,C--,C--,6,A,"(0, 1, 5, 8)",Cad,C--,C--,A,,
2928,C--,C--,6,A,"(0, 1, 5, 8)",Cad,C--,C--,A,,
2929,C--,C--,6,A,"(0, 1, 5, 8)",Cad,C--,C--,A,,
2930,C--,C--,6,A,"(0, 1, 5, 8)",Cad,C--,C--,A,,
2931,C--,C--,6,A,"(0, 1, 5, 8)",Cad,C--,C--,A,,
2932,C--,C--,6,A,"(0, 1, 5, 8)",Cad,C--,C--,A,,
2933,C--,C--,6,A,"(0, 1, 5, 8)",Cad,C--,C--,A,,
2934,C--,C--,6,A,"(0, 1, 5, 8)",Cad,C--,C--,A,,
2935,C--,C--,6,A,"(0, 1, 5, 8)",Cad,C--,C--,A,,
2936,C--,C--,6,A,"(0, 1, 5, 8)",Cad,C--,C--,A,,
2937,C--,C--,6,A,"(0, 1, 5, 8)",Cad,C--,C--,A,,
2938,C--,C--,6,A,"(0, 1, 5, 8)",Cad,C--,C--,A,,
2939,C--,C--,6,A,"(0, 1, 5, 8)",Cad,C--,C--,A,,
2940,C--,C--,6,A,"(0, 1, 5, 8)",Cad,C--,C--,A,,
2941,C--,C--,6,A,"(0, 1, 5, 8)",Cad,C--,C--,A,,
2942,C--,C--,6,A,"(0, 1, 5, 8)",Cad,C--,C--,A,,
2943,C--,C--,6,A,"(0, 1, 5, 8)",Cad,C--,C--,A,,
2944,C--,C--,6,A,"(0, 1, 5, 8)",Cad,C--,C--,A,,
2945,C--,C--,6,A,"(0, 1, 5, 8)",Cad,C--,C--,A,,
2946,C--,C--,6,A,"(0, 1, 5, 8)",Cad,C--,C--,A,,
2947,C--,C--,6,A,"(0, 1, 5, 8)",Cad,C--,C--,A,,
2948,C--,C--,6,A,"(0, 1, 5, 8)",Cad,C--,C--,A,,
2949,C--,C--,6,A,"(0, 1, 5, 8)",Cad,C--,C--,A,,
2950,C--,C--,6,A,"(0, 1, 5, 8)",Cad,C--,C--,A,,
2951,C--,C--,6,A,"(0, 1, 5, 8)",Cad,C--,C--,A,,
2952,C--,C--,6,A,"(0, 1, 5, 8)",Cad,C--,C--,A,,
2953,C--,C--,6,A,"(0, 1, 5, 8)",Cad,C--,C--,A,,
2954,C--,C--,6,A,"(0, 1, 5, 8)",Cad,C--,C--,A,,
2955,C--,C--,6,A,"(0, 1, 5, 8)",Cad,C--,C--,A,,
2956,C--,C--,6,A,"(0, 1, 5, 8)",Cad,C--,C--,A,,
2957,C--,C--,6,A,"(0, 1, 5, 8)",Cad,C--,C--,A,,
2958,C--,C--,6,A,"(0, 1, 5, 8)",Cad,C--,C--,A,,
2959,C--,C--,6,A,"(0, 1, 5, 8)",Cad,C--,C--,A,,
2960,C--,C--,6,A,"(0, 1, 5, 8)",Cad,C--,C--,A,,
2961,C--,C--,6,A,"(0, 1, 5, 8)",Cad,C--,C--,A,,
2962,C--,C--,6,A,"(0, 1, 5, 8)",Cad,C--,C--,A,,
2963,C--,C--,6,A,"(0, 1, 5, 8)",Cad,C--,C--,A,,
2964,C--,C--,6,A,"(0, 1, 5, 8)",Cad,C--,C--,A,,
2965,C--,C--,6,A,"(0, 1, 5, 8)",Cad,C--,C--,A,,
2966,C--,C--,6,A,"(0, 1, 5, 8)",Cad,C--,C--,A,,
2967,C--,C--,6,A,"(0, 1, 5, 8)",Cad,C--,C--,A,,
2968,C--,C--,6,A,"(0, 1, 5, 8)",Cad,C--,C--,A,,
2969,C--,C--,6,A,"(0, 1, 5, 8)",Cad,C--,C--,A,,
2970,C--,C--,6,A,"(0, 1, 5, 8)",Cad,C--,C--,A,,
2971,C--,C--,6,A,"(0, 1, 5, 8)",Cad,C--,C--,A,,
2972,C--,C--,6,A,"(0, 1, 5, 8)",Cad,C--,C--,A,,
2973,C--,C--,6,A,"(0, 1, 5, 8)",Cad,C--,C--,A,,
2974,C--,C--,6,A,"(0, 1, 5, 8)",Cad,C--,C--,A,,
2975,C--,C--,6,A,"(0, 1, 5, 8)",Cad,C--,C--,A,,
2976,C--,C--,6,A,"(0, 1, 5, 8)",Cad,C--,C--,A,,
2977,C--,C--,6,A,"(0, 1, 5, 8)",Cad,C--,C--,A,,
2978,C--,C--,6,A,"(0, 1, 5, 8)",Cad,C--,C--,A,,
2979,C--,C--,6,A,"(0, 1, 5, 8)",Cad,C--,C--,A,,
2980,C--,C--,6,A,"(0, 1, 5, 8)",Cad,C--,C--,A,,
2981,C--,C--,6,A,"(0, 1, 5, 8)",Cad,C--,C--,A,,
2982,C--,C--,6,A,"(0, 1, 5, 8)",Cad,C--,C--,A,,
2983,C--,C--,6,A,"(0, 1, 5, 8)",Cad,C--,C--,A,,
2984,C--,C--,6,A,"(0, 1, 5, 8)",Cad,C--,C--,A,,
2985,C--,C--,6,A,"(0, 1, 5, 8)",Cad,C--,C--,A,,
2986,C--,C--,6,A,"(0, 1, 5, 8)",Cad,C--,C--,A,,
2987,C--,C--,6,A,"(0, 1, 5, 8)",Cad,C--,C--,A,,
2988,C--,C--,6,A,"(0, 1, 5, 8)",Cad,C--,C--,A,,
2989,C--,C--,6,A,"(0, 1, 5, 8)",Cad,C--,C--,A,,
2990,C--,C--,6,A,"(0, 1, 5, 8)",Cad,C--,C--,A,,
2991,C--,C--,6,A,"(0, 1, 5, 8)",Cad,C--,C--,A,,
2992,C--,C--,6,A,"(0, 1, 5, 8)",Cad,C--,C--,A,,
2993,C--,C--,6,A,"(0, 1, 5, 8)",Cad,C--,C--,A,,
2994,C--,C--,6,A,"(0, 1, 5, 8)",Cad,C--,C--,A,,
2995,C--,C--,6,A,"(0, 1, 5, 8)",Cad,C--,C--,A,,
2996,C--,C--,6,A,"(0, 1, 5, 8)",Cad,C--,C--,A,,
2997,C--,C--,6,A,"(0, 1, 5, 8)",Cad,C--,C--,A,,
2998,C--,C--,6,A,"(0, 1, 5, 8)",Cad,C--,C--,A,,
2999,C--,C--,6,A,"(0, 1, 5, 8)",Cad,C--,C--,A,,
3000,C--,C--,6,A,"(0, 1, 5, 8)",Cad,C--,C--,A,,
3001,C--,C--,6,A,"(0, 1, 5, 8)",Cad,C--,C--,A,,
3002,C--,C--,6,A,"(0, 1, 5, 8)",Cad,C--,C--,A,,
3003,C--,C--,6,A,"(0, 1, 5, 8)",Cad,C--,C--,A,,
3004,C--,C--,6,A,"(0, 1, 5, 8)",Cad,C--,C--,A,,
3005,C--,C--,6,A,"(0, 1, 5, 8)",Cad,C--,C--,A,,
3006,C--,C--,6,A,"(0, 1, 5, 8)",Cad,C--,C--,A,,
3007,C--,C--,6,A,"(0, 1, 5, 8)",Cad,C--,C--,A,,
3008,C--,C--,6,A,"(0, 1, 5, 8)",Cad,C--,C--,A,,
3009,C--,C--,6,A,"(0, 1, 5, 8)",Cad,C--,C--,A,,
3010,C--,C--,6,A,"(0, 1, 5, 8)",Cad,C--,C--,A,,
3011,C--,C--,6,A,"(0, 1, 5, 8)",Cad,C--,C--,A,,
3012,C--,C--,6,A,"(0, 1, 5, 8)",Cad,C--,C--,A,,
3013,C--,C--,6,A,"(0, 1, 5, 8)",Cad,C--,C--,A,,
3014,C--,C--,6,A,"(0, 1, 5, 8)",Cad,C--,C--,A,,
3015,C--,C--,6,A,"(0, 1, 5, 8)",Cad,C--,C--,A,,
3016,C--,C--,6,A,"(0, 1, 5, 8)",Cad,C--,C--,A,,
3017,C--,C--,6,A,"(0, 1, 5, 8)",Cad,C--,C--,A,,
3018,C--,C--,6,A,"(0, 1, 5, 8)",Cad,C--,C--,A,,
3019,C--,C--,6,A,"(0, 1, 5, 8)",Cad,C--,C--,A,,
3020,C--,C--,6,A,"(0, 1, 5, 8)",Cad,C--,C--,A,,
3021,C--,C--,6,A,"(0, 1, 5, 8)",Cad,C--,C--,A,,
3022,C--,C--,6,A,"(0, 1, 5, 8)",Cad,C--,C--,A,,
3023,C--,C--,6,A,"(0, 1, 5, 8)",Cad,C--,C--,A,,
3024,C--,C--,6,A,"(0, 1, 5, 8)",Cad,C--,C--,A,,
3025,C--,C--,6,A,"(0, 1, 5, 8)",Cad,C--,C--,A,,
3026,C--,C--,6,A,"(0, 1, 5, 8)",Cad,C--,C--,A,,
3027,C--,C--,6,A,"(0, 1, 5, 8)",Cad,C--,C--,A,,
3028,C--,C--,6,A,"(0, 1, 5, 8)",Cad,C--,C--,A,,
3029,C--,C--,6,A,"(0, 1, 5, 8)",Cad,C--,C--,A,,
3030,C--,C--,6,A,"(0, 1, 5, 8)",Cad,C--,C--,A,,
3031,C--,C--,6,A,"(0, 1, 5, 8)",Cad,C--,C--,A,,
3032,C--,C--,6,A,"(0, 1, 5, 8)",Cad,C--,C--,A,,
3033,C--,C--,6,A,"(0, 1, 5, 8)",Cad,C--,C--,A,,
3034,C--,C--,6,A,"(0, 1, 5, 8)",Cad,C--,C--,A,,
3035,C--,C--,6,A,"(0, 1, 5, 8)",Cad,C--,C--,A,,
3036,C--,C--,6,A,"(0, 1, 5, 8)",Cad,C--,C--,A,,
3037,C--,C--,6,A,"(0, 1, 5, 8)",Cad,C--,C--,A,,
3038,C--,C--,6,A,"(0, 1, 5, 8)",Cad,C--,C--,A,,
3039,C--,C--,6,A,"(0, 1, 5, 8)",Cad,C--,C--,A,,
3040,C--,C--,6,A,"(0, 1, 5, 8)",Cad,C--,C--,A,,
3041,C--,C--,6,A,"(0, 1, 5, 8)",Cad,C--,C--,A,,
3042,C--,C--,6,A,"(0, 1, 5, 8)",Cad,C--,C--,A,,
3043,C--,C--,6,A,"(0, 1, 5, 8)",Cad,C--,C--,A,,
3044,C--,C--,6,A,"(0, 1, 5, 8)",Cad,C--,C--,A,,
3045,C--,C--,6,A,"(0, 1, 5, 8)",Cad,C--,C--,A,,
3046,C--,C--,6,A,"(0, 1, 5, 8)",Cad,C--,C--,A,,
3047,C--,C--,6,A,"(0, 1, 5, 8)",Cad,C--,C--,A,,
3048,C--,C--,6,A,"(0, 1, 5, 8)",Cad,C--,C--,A,,
3049,C--,C--,6,A,"(0, 1, 5, 8)",Cad,C--,C--,A,,
3050,C--,C--,6,A,"(0, 1, 5, 8)",Cad,C--,C--,A,,
3051,C--,C--,6,A,"(0, 1, 5, 8)",Cad,C--,C--,A,,
3052,C--,C--,6,A,"(0, 1, 5, 8)",Cad,C--,C--,A,,
3053,C--,C--,6,A,"(0, 1, 5, 8)",Cad,C--,C--,A,,
3054,C--,C--,6,A,"(0, 1, 5, 8)",Cad,C--,C--,A,,
3055,C--,C--,6,A,"(0, 1, 5, 8)",Cad,C--,C--,A,,
3056,C--,C--,6,A,"(0, 1, 5, 8)",Cad,C--,C--,A,,
3057,C--,C--,6,A,"(0, 1, 5, 8)",Cad,C--,C--,A,,
3058,C--,C--,6,A,"(0, 1, 5, 8)",Cad,C--,C--,A,,
3059,C--,C--,6,A,"(0, 1, 5, 8)",Cad,C--,C--,A,,
3060,C--,C--,6,A,"(0, 1, 5, 8)",Cad,C--,C--,A,,
3061,C--,C--,6,A,"(0, 1, 5, 8)",Cad,C--,C--,A,,
3062,C--,C--,6,A,"(0, 1, 5, 8)",Cad,C--,C--,A,,
3063,C--,C--,6,A,"(0, 1, 5, 8)",Cad,C--,C--,A,,
3064,C--,C--,6,A,"(0, 1, 5, 8)",Cad,C--,C--,A,,
3065,C--,C--,6,A,"(0, 1, 5, 8)",Cad,C--,C--,A,,
3066,C--,C--,6,A,"(0, 1, 5, 8)",Cad,C--,C--,A,,
3067,C--,C--,6,A,"(0, 1, 5, 8)",Cad,C--,C--,A,,
3068,C--,C--,6,A,"(0, 1, 5, 8)",Cad,C--,C--,A,,
3069,C--,C--,6,A,"(0, 1, 5, 8)",Cad,C--,C--,A,,
3070,C--,C--,6,A,"(0, 1, 5, 8)",Cad,C--,C--,A,,
3071,C--,C--,6,A,"(0, 1, 5, 8)",Cad,C--,C--,A,,
3072,C--,C--,6,A,"(0, 1, 5, 8)",Cad,C--,C--,A,,
3073,C--,C--,6,A,"(0, 1, 5, 8)",Cad,C--,C--,A,,
3074,C--,C--,6,A,"(0, 1, 5, 8)",Cad,C--,C--,A,,
3075,C--,C--,6,A,"(0, 1, 5, 8)",Cad,C--,C--,A,,
3076,C--,C--,6,A,"(0, 1, 5, 8)",Cad,C--,C--,A,,
3077,C--,C--,6,A,"(0, 1, 5, 8)",Cad,C--,C--,A,,
3078,C--,C--,6,A,"(0, 1, 5, 8)",Cad,C--,C--,A,,
3079,C--,C--,6,A,"(0, 1, 5, 8)",Cad,C--,C--,A,,
3080,C--,C--,6,A,"(0, 1, 5, 8)",Cad,C--,C--,A,,
3081,C--,C--,6,A,"(0, 1, 5, 8)",Cad,C--,C--,A,,
3082,C--,C--,6,A,"(0, 1, 5, 8)",Cad,C--,C--,A,,
3083,C--,C--,6,A,"(0, 1, 5, 8)",Cad,C--,C--,A,,
3084,C--,C--,6,A,"(0, 1, 5, 8)",Cad,C--,C--,A,,
3085,C--,C--,6,A,"(0, 1, 5, 8)",Cad,C--,C--,A,,
3086,C--,C--,6,A,"(0, 1, 5, 8)",Cad,C--,C--,A,,
3087,C--,C--,6,A,"(0, 1, 5, 8)",Cad,C--,C--,A,,
3088,C--,C--,6,A,"(0, 1, 5, 8)",Cad,C--,C--,A,,
3089,C--,C--,6,A,"(0, 1, 5, 8)",Cad,C--,C--,A,,
3090,C--,C--,6,A,"(0, 1, 5, 8)",Cad,C--,C--,A,,
3091,C--,C--,6,A,"(0, 1, 5, 8)",Cad,C--,C--,A,,
3092,C--,C--,6,A,"(0, 1, 5, 8)",Cad,C--,C--,A,,
3093,C--,C--,6,A,"(0, 1, 5, 8)",Cad,C--,C--,A,,
3094,C--,C--,6,A,"(0, 1, 5, 8)",Cad,C--,C--,A,,
3095,C--,C--,6,A,"(0, 1, 5, 8)",Cad,C--,C--,A,,
3096,C--,C--,6,A,"(0, 1, 5, 8)",Cad,C--,C--,A,,
3097,C--,C--,6,A,"(0, 1, 5, 8)",Cad,C--,C--,A,,
3098,C--,C--,6,A,"(0, 1, 5, 8)",Cad,C--,C--,A,,
3099,C--,C--,6,A,"(0, 1, 5, 8)",Cad,C--,C--,A,,
3100,C--,C--,6,A,"(0, 1, 5, 8)",Cad,C--,C--,A,,
3101,C--,C--,6,A,"(0, 1, 5, 8)",Cad,C--,C--,A,,
3102,C--,C--,6,A,"(0, 1, 5, 8)",Cad,C--,C--,A,,
3103,C--,C--,6,A,"(0, 1, 5, 8)",Cad,C--,C--,A,,
3104,C--,C--,6,A,"(0, 1, 5, 8)",Cad,C--,C--,A,,
3105,C--,C--,6,A,"(0, 1, 5, 8)",Cad,C--,C--,A,,
3106,C--,C--,6,A,"(0, 1, 5, 8)",Cad,C--,C--,A,,
3107,C--,C--,6,A,"(0, 1, 5, 8)",Cad,C--,C--,A,,
3108,C--,C--,6,A,"(0, 1, 5, 8)",Cad,C--,C--,A,,
3109,C--,C--,6,A,"(0, 1, 5, 8)",Cad,C--,C--,A,,
3110,C--,C--,6,A,"(0, 1, 5, 8)",Cad,C--,C--,A,,
3111,C--,C--,6,A,"(0, 1, 5, 8)",Cad,C--,C--,A,,
3112,C--,C--,6,A,"(0, 1, 5, 8)",Cad,C--,C--,A,,
3113,C--,C--,6,A,"(0, 1, 5, 8)",Cad,C--,C--,A,,
3114,C--,C--,6,A,"(0, 1, 5, 8)",Cad,C--,C--,A,,
3115,C--,C--,6,A,"(0, 1, 5, 8)",Cad,C--,C--,A,,
3116,C--,C--,6,A,"(0, 1, 5, 8)",Cad,C--,C--,A,,
3117,C--,C--,6,A,"(0, 1, 5, 8)",Cad,C--,C--,A,,
3118,C--,C--,6,A,"(0, 1, 5, 8)",Cad,C--,C--,A,,
3119,C--,C--,6,A,"(0, 1, 5, 8)",Cad,C--,C--,A,,
3120,C--,C--,6,A,"(0, 1, 5, 8)",Cad,C--,C--,A,,
3121,C--,C--,6,A,"(0, 1, 5, 8)",Cad,C--,C--,A,,
3122,C--,C--,6,A,"(0, 1, 5, 8)",Cad,C--,C--,A,,
3123,C--,C--,6,A,"(0, 1, 5, 8)",Cad,C--,C--,A,,
3124,C--,C--,6,A,"(0, 1, 5, 8)",Cad,C--,C--,A,,
3125,C--,C--,6,A,"(0, 1, 5, 8)",Cad,C--,C--,A,,
3126,C--,C--,6,A,"(0, 1, 5, 8)",Cad,C--,C--,A,,
3127,C--,C--,6,A,"(0, 1, 5, 8)",Cad,C--,C--,A,,
3128,C--,C--,6,A,"(0, 1, 5, 8)",Cad,C--,C--,A,,
3129,C--,C--,6,A,"(0, 1, 5, 8)",Cad,C--,C--,A,,
3130,C--,C--,6,A,"(0, 1, 5, 8)",Cad,C--,C--,A,,
3131,C--,C--,6,A,"(0, 1, 5, 8)",Cad,C--,C--,A,,
3132,C--,C--,6,A,"(0, 1, 5, 8)",Cad,C--,C--,A,,
3133,C--,C--,6,A,"(0, 1, 5, 8)",Cad,C--,C--,A,,
3134,C--,C--,6,A,"(0, 1, 5, 8)",Cad,C--,C--,A,,
3135,C--,C--,6,A,"(0, 1, 5, 8)",Cad,C--,C--,A,,
3136,C--,C--,6,A,"(0, 1, 5, 8)",Cad,C--,C--,A,,
3137,C--,C--,6,A,"(0, 1, 5, 8)",Cad,C--,C--,A,,
3138,C--,C--,6,A,"(0, 1, 5, 8)",Cad,C--,C--,A,,
3139,C--,C--,6,A,"(0, 1, 5, 8)",Cad,C--,C--,A,,
3140,C--,C--,6,A,"(0, 1, 5, 8)",Cad,C--,C--,A,,
3141,C--,C--,6,A,"(0, 1, 5, 8)",Cad,C--,C--,A,,
3142,C--,C--,6,A,"(0, 1, 5, 8)",Cad,C--,C--,A,,
3143,C--,C--,6,A,"(0, 1, 5, 8)",Cad,C--,C--,A,,
3144,C--,C--,6,A,"(0, 1, 5, 8)",Cad,C--,C--,A,,
3145,C--,C--,6,A,"(0, 1, 5, 8)",Cad,C--,C--,A,,
3146,C--,C--,6,A,"(0, 1, 5, 8)",Cad,C--,C--,A,,
3147,C--,C--,6,A,"(0, 1, 5, 8)",Cad,C--,C--,A,,
3148,C--,C--,6,A,"(0, 1, 5, 8)",Cad,C--,C--,A,,
3149,C--,C--,6,A,"(0, 1, 5, 8)",Cad,C--,C--,A,,
3150,C--,C--,6,A,"(0, 1, 5, 8)",Cad,C--,C--,A,,
3151,C--,C--,6,A,"(0, 1, 5, 8)",Cad,C--,C--,A,,
3152,C--,C--,6,A,"(0, 1, 5, 8)",Cad,C--,C--,A,,
3153,C--,C--,6,A,"(0, 1, 5, 8)",Cad,C--,C--,A,,
3154,C--,C--,6,A,"(0, 1, 5, 8)",Cad,C--,C--,A,,
3155,C--,C--,6,A,"(0, 1, 5, 8)",Cad,C--,C--,A,,
3156,C--,C--,6,A,"(0, 1, 5, 8)",Cad,C--,C--,A,,
3157,C--,C--,6,A,"(0, 1, 5, 8)",Cad,C--,C--,A,,
3158,C--,C--,6,A,"(0, 1, 5, 8)",Cad,C--,C--,A,,
3159,C--,C--,6,A,"(0, 1, 5, 8)",Cad,C--,C--,A,,
3160,C--,C--,6,A,"(0, 1, 5, 8)",Cad,C--,C--,A,,
3161,C--,C--,6,A,"(0, 1, 5, 8)",Cad,C--,C--,A,,
3162,C--,C--,6,A,"(0, 1, 5, 8)",Cad,C--,C--,A,,
3163,C--,C--,6,A,"(0, 1, 5, 8)",Cad,C--,C--,A,,
3164,C--,C--,6,A,"(0, 1, 5, 8)",Cad,C--,C--,A,,
3165,C--,C--,6,A,"(0, 1, 5, 8)",Cad,C--,C--,A,,
3166,C--,C--,6,A,"(0, 1, 5, 8)",Cad,C--,C--,A,,
3167,C--,C--,6,A,"(0, 1, 5, 8)",Cad,C--,C--,A,,
3168,C--,C--,6,A,"(0, 1, 5, 8)",Cad,C--,C--,A,,
3169,C--,C--,6,A,"(0, 1, 5, 8)",Cad,C--,C--,A,,
3170,C--,C--,6,A,"(0, 1, 5, 8)",Cad,C--,C--,A,,
3171,C--,C--,6,A,"(0, 1, 5, 8)",Cad,C--,C--,A,,
3172,C--,C--,6,A,"(0, 1, 5, 8)",Cad,C--,C--,A,,
3173,C--,C--,6,A,"(0, 1, 5, 8)",Cad,C--,C--,A,,
3174,C--,C--,6,A,"(0, 1, 5, 8)",Cad,C--,C--,A,,
3175,C--,C--,6,A,"(0, 1, 5, 8)",Cad,C--,C--,A,,
3176,C--,C--,6,A,"(0, 1, 5, 8)",Cad,C--,C--,A,,
3177,C--,C--,6,A,"(0, 1, 5, 8)",Cad,C--,C--,A,,
3178,C--,C--,6,A,"(0, 1, 5, 8)",Cad,C--,C--,A,,
3179,C--,C--,6,A,"(0, 1, 5, 8)",Cad,C--,C--,A,,
3180,C--,C--,6,A,"(0, 1, 5, 8)",Cad,C--,C--,A,,
3181,C--,C--,6,A,"(0, 1, 5, 8)",Cad,C--,C--,A,,
3182,C--,C--,6,A,"(0, 1, 5, 8)",Cad,C--,C--,A,,
3183,C--,C--,6,A,"(0, 1, 5, 8)",Cad,C--,C--,A,,
3184,C--,C--,6,A,"(0, 1, 5, 8)",Cad,C--,C--,A,,
3185,C--,C--,6,A,"(0, 1, 5, 8)",Cad,C--,C--,A,,
3186,C--,C--,6,A,"(0, 1, 5, 8)",Cad,C--,C--,A,,
3187,C--,C--,6,A,"(0, 1, 5, 8)",Cad,C--,C--,A,,
3188,C--,C--,6,A,"(0, 1, 5, 8)",Cad,C--,C--,A,,
3189,C--,C--,6,A,"(0, 1, 5, 8)",Cad,C--,C--,A,,
3190,C--,C--,6,A,"(0, 1, 5, 8)",Cad,C--,C--,A,,
3191,C--,C--,6,A,"(0, 1, 5, 8)",Cad,C--,C--,A,,
3192,C--,C--,6,A,"(0, 1, 5, 8)",Cad,C--,C--,A,,
3193,C--,C--,6,A,"(0, 1, 5, 8)",Cad,C--,C--,A,,
3194,C--,C--,6,A,"(0, 1, 5, 8)",Cad,C--,C--,A,,
3195,C--,C--,6,A,"(0, 1, 5, 8)",Cad,C--,C--,A,,
3196,C--,C--,6,A,"(0, 1, 5, 8)",Cad,C--,C--,A,,
3197,C--,C--,6,A,"(0, 1, 5, 8)",Cad,C--,C--,A,,
3198,C--,C--,6,A,"(0, 1, 5, 8)",Cad,C--,C--,A,,
3199,C--,C--,6,A,"(0, 1, 5, 8)",Cad,C--,C--,A,,
