,Alto35,Bass35,HarmonicRhythm7,LocalKey38,PitchClassSet121,RomanNumeral31,Soprano35,Tenor35,TonicizedKey38,offset,measure
0,A,D,0,G,"(2, 6, 9)",V,D,F#,G,0.0,0.0
1,A,D,1,G,"(2, 6, 9)",V,D,F#,G,0.125,0.0
2,A,D,2,G,"(2, 6, 9)",V,D,F#,G,0.25,0.0
3,A,D,2,G,"(2, 6, 9)",V,D,F#,G,0.375,0.0
4,A,D,0,G,"(0, 2, 6, 9)",V7,C,F#,G,0.5,1.0
5,A,D,1,G,"(0, 2, 6, 9)",V7,C,F#,G,0.625,1.0
6,A,D,2,G,"(0, 2, 6, 9)",V7,C,F#,G,0.75,1.0
7,A,D,2,G,"(0, 2, 6, 9)",V7,C,F#,G,0.875,1.0
8,A,D,3,G,"(0, 2, 6, 9)",V7,C,F#,G,1.0,1.0
9,A,D,3,G,"(0, 2, 6, 9)",V7,C,F#,G,1.125,1.0
10,A,D,3,G,"(0, 2, 6, 9)",V7,C,F#,G,1.25,1.0
11,A,D,3,G,"(0, 2, 6, 9)",V7,C,F#,G,1.375,1.0
12,A,D,4,G,"(0, 2, 6, 9)",V7,C,F#,G,1.5,1.0
13,A,D,4,G,"(0, 2, 6, 9)",V7,C,F#,G,1.625,1.0
14,A,D,4,G,"(0, 2, 6, 9)",V7,C,F#,G,1.75,1.0
15,A,D,4,G,"(0, 2, 6, 9)",V7,C,F#,G,1.875,1.0
16,A,D,4,G,"(0, 2, 6, 9)",V7,C,F#,G,2.0,1.0
17,A,D,4,G,"(0, 2, 6, 9)",V7,C,F#,G,2.125,1.0
18,A,D,4,G,"(0, 2, 6, 9)",V7,C,F#,G,2.25,1.0
19,A,D,4,G,"(0, 2, 6, 9)",V7,C,F#,G,2.375,1.0
20,A,D,3,G,"(0, 2, 6, 9)",V7,C,F#,G,2.5,1.0
21,A,D,3,G,"(0, 2, 6, 9)",V7,C,F#,G,2.625,1.0
22,A,D,3,G,"(0, 2, 6, 9)",V7,C,F#,G,2.75,1.0
23,A,D,3,G,"(0, 2, 6, 9)",V7,C,F#,G,2.875,1.0
24,A,D,4,G,"(0, 2, 6, 9)",V7,C,F#,G,3.0,1.0
25,A,D,4,G,"(0, 2, 6, 9)",V7,C,F#,G,3.125,1.0
26,A,D,4,G,"(0, 2, 6, 9)",V7,C,F#,G,3.25,1.0
27,A,D,4,G,"(0, 2, 6, 9)",V7,C,F#,G,3.375,1.0
28,D,G,0,G,"(2, 7, 11)",I,G,B,G,3.5,2.0
29,D,G,1,G,"(2, 7, 11)",I,G,B,G,3.625,2.0
30,D,G,2,G,"(2, 7, 11)",I,G,B,G,3.75,2.0
31,D,G,2,G,"(2, 7, 11)",I,G,B,G,3.875,2.0
32,D,G,3,G,"(2, 7, 11)",I,G,B,G,4.0,2.0
33,D,G,3,G,"(2, 7, 11)",I,G,B,G,4.125,2.0
34,D,G,3,G,"(2, 7, 11)",I,G,B,G,4.25,2.0
35,D,G,3,G,"(2, 7, 11)",I,G,B,G,4.375,2.0
36,D,G,4,G,"(2, 7, 11)",I,G,B,G,4.5,2.0
37,D,G,4,G,"(2, 7, 11)",I,G,B,G,4.625,2.0
38,D,G,4,G,"(2, 7, 11)",I,G,B,G,4.75,2.0
39,D,G,4,G,"(2, 7, 11)",I,G,B,G,4.875,2.0
40,D,G,4,G,"(2, 7, 11)",I,G,B,G,5.0,2.0
41,D,G,4,G,"(2, 7, 11)",I,G,B,G,5.125,2.0
42,D,G,4,G,"(2, 7, 11)",I,G,B,G,5.25,2.0
43,D,G,4,G,"(2, 7, 11)",I,G,B,G,5.375,2.0
44,D,G,5,G,"(2, 7, 11)",I,G,B,G,5.5,2.0
45,D,G,5,G,"(2, 7, 11)",I,G,B,G,5.625,2.0
46,D,G,5,G,"(2, 7, 11)",I,G,B,G,5.75,2.0
47,D,G,5,G,"(2, 7, 11)",I,G,B,G,5.875,2.0
48,D,G,5,G,"(2, 7, 11)",I,G,B,G,6.0,2.0
49,D,G,5,G,"(2, 7, 11)",I,G,B,G,6.125,2.0
50,D,G,5,G,"(2, 7, 11)",I,G,B,G,6.25,2.0
51,D,G,5,G,"(2, 7, 11)",I,G,B,G,6.375,2.0
52,G,B,0,G,"(2, 7, 11)",I,G,D,G,6.5,3.0
53,G,B,1,G,"(2, 7, 11)",I,G,D,G,6.625,3.0
54,G,B,2,G,"(2, 7, 11)",I,G,D,G,6.75,3.0
55,G,B,2,G,"(2, 7, 11)",I,G,D,G,6.875,3.0
56,G,B,3,G,"(2, 7, 11)",I,G,D,G,7.0,3.0
57,G,B,3,G,"(2, 7, 11)",I,G,D,G,7.125,3.0
58,G,B,3,G,"(2, 7, 11)",I,G,D,G,7.25,3.0
59,G,B,3,G,"(2, 7, 11)",I,G,D,G,7.375,3.0
60,D,G,4,G,"(2, 7, 11)",I,G,B,G,7.5,3.0
61,D,G,4,G,"(2, 7, 11)",I,G,B,G,7.625,3.0
62,D,G,4,G,"(2, 7, 11)",I,G,B,G,7.75,3.0
63,D,G,4,G,"(2, 7, 11)",I,G,B,G,7.875,3.0
64,E,C,0,G,"(0, 4, 9)",IV,A,E,G,8.0,3.0
65,E,C,1,G,"(0, 4, 9)",IV,A,E,G,8.125,3.0
66,E,C,2,G,"(0, 4, 9)",IV,A,E,G,8.25,3.0
67,E,C,2,G,"(0, 4, 9)",IV,A,E,G,8.375,3.0
68,E,C,3,G,"(0, 4, 9)",ii,A,E,G,8.5,3.0
69,E,C,3,G,"(0, 4, 9)",ii,A,E,G,8.625,3.0
70,E,C,3,G,"(0, 4, 9)",ii,A,E,G,8.75,3.0
71,E,C,3,G,"(0, 4, 9)",ii,A,E,G,8.875,3.0
72,E,A,4,G,"(0, 4, 9)",ii,A,E,G,9.0,3.0
73,E,A,4,G,"(0, 4, 9)",ii,A,E,G,9.125,3.0
74,E,A,4,G,"(0, 4, 9)",ii,A,E,G,9.25,3.0
75,E,A,4,G,"(0, 4, 9)",ii,A,E,G,9.375,3.0
76,A,D,0,G,"(2, 6, 9)",V,D,F#,G,9.5,4.0
77,A,D,1,G,"(2, 6, 9)",V,D,F#,G,9.625,4.0
78,A,D,2,G,"(2, 6, 9)",V,D,F#,G,9.75,4.0
79,A,D,2,G,"(2, 6, 9)",V,D,F#,G,9.875,4.0
80,A,D,3,G,"(2, 6, 9)",V,D,F#,G,10.0,4.0
81,A,D,3,G,"(2, 6, 9)",V,D,F#,G,10.125,4.0
82,A,D,3,G,"(2, 6, 9)",V,D,F#,G,10.25,4.0
83,A,D,3,G,"(2, 6, 9)",V,D,F#,G,10.375,4.0
84,A,D,4,G,"(2, 6, 9)",V,D,F#,G,10.5,4.0
85,A,D,4,G,"(2, 6, 9)",V,D,F#,G,10.625,4.0
86,A,D,4,G,"(2, 6, 9)",V,D,F#,G,10.75,4.0
87,A,D,4,G,"(2, 6, 9)",V,D,F#,G,10.875,4.0
88,A,D,4,G,"(2, 6, 9)",V,D,F#,G,11.0,4.0
89,A,D,4,G,"(2, 6, 9)",V,D,F#,G,11.125,4.0
90,A,D,4,G,"(2, 6, 9)",V,D,F#,G,11.25,4.0
91,A,D,4,G,"(2, 6, 9)",V,D,F#,G,11.375,4.0
92,A,D,5,G,"(2, 6, 9)",V,D,F#,G,11.5,4.0
93,A,D,5,G,"(2, 6, 9)",V,D,F#,G,11.625,4.0
94,A,D,5,G,"(2, 6, 9)",V,D,F#,G,11.75,4.0
95,A,D,5,G,"(2, 6, 9)",V,D,F#,G,11.875,4.0
96,A,D,5,G,"(2, 6, 9)",V,D,F#,G,12.0,4.0
97,A,D,5,G,"(2, 6, 9)",V,D,F#,G,12.125,4.0
98,A,D,5,G,"(2, 6, 9)",V,D,F#,G,12.25,4.0
99,A,D,5,G,"(2, 6, 9)",V,D,F#,G,12.375,4.0
100,D,G,0,G,"(2, 7, 11)",I,G,B,G,12.5,5.0
101,D,G,1,G,"(2, 7, 11)",I,G,B,G,12.625,5.0
102,D,G,2,G,"(2, 7, 11)",I,G,B,G,12.75,5.0
103,D,G,2,G,"(2, 7, 11)",I,G,B,G,12.875,5.0
104,D,G,3,G,"(2, 7, 11)",I,G,B,G,13.0,5.0
105,D,G,3,G,"(2, 7, 11)",I,G,B,G,13.125,5.0
106,D,G,3,G,"(2, 7, 11)",I,G,B,G,13.25,5.0
107,D,G,3,G,"(2, 7, 11)",I,G,B,G,13.375,5.0
108,D,G,4,G,"(2, 7, 11)",I,G,B,G,13.5,5.0
109,D,G,4,G,"(2, 7, 11)",I,G,B,G,13.625,5.0
110,D,G,4,G,"(2, 7, 11)",I,G,B,G,13.75,5.0
111,D,G,4,G,"(2, 7, 11)",I,G,B,G,13.875,5.0
112,D,G,4,G,"(2, 7, 11)",I,G,B,G,14.0,5.0
113,D,G,4,G,"(2, 7, 11)",I,G,B,G,14.125,5.0
114,D,G,4,G,"(2, 7, 11)",I,G,B,G,14.25,5.0
115,D,G,4,G,"(2, 7, 11)",I,G,B,G,14.375,5.0
116,D,G,5,G,"(0, 2, 6, 9)",I,G,B,G,14.5,5.0
117,D,G,5,G,"(0, 2, 6, 9)",I,G,B,G,14.625,5.0
118,D,G,5,G,"(0, 2, 6, 9)",I,G,B,G,14.75,5.0
119,D,G,5,G,"(0, 2, 6, 9)",I,G,B,G,14.875,5.0
120,D,G,5,G,"(0, 2, 6, 9)",I,G,B,G,15.0,5.0
121,D,G,5,G,"(0, 2, 6, 9)",I,G,B,G,15.125,5.0
122,D,G,5,G,"(0, 2, 6, 9)",I,G,B,G,15.25,5.0
123,D,G,5,G,"(0, 2, 6, 9)",I,G,B,G,15.375,5.0
124,D,G,0,G,"(2, 7, 11)",I,G,B,G,15.5,6.0
125,D,G,1,G,"(2, 7, 11)",I,G,B,G,15.625,6.0
126,D,G,2,G,"(2, 7, 11)",I,G,B,G,15.75,6.0
127,D,G,2,G,"(2, 7, 11)",I,G,B,G,15.875,6.0
128,D,G,3,G,"(2, 7, 11)",I,G,B,G,16.0,6.0
129,D,G,3,G,"(2, 7, 11)",I,G,B,G,16.125,6.0
130,D,G,3,G,"(2, 7, 11)",I,G,B,G,16.25,6.0
131,D,G,3,G,"(2, 7, 11)",I,G,B,G,16.375,6.0
132,D,G,4,G,"(2, 7, 11)",I,G,B,G,16.5,6.0
133,D,G,4,G,"(2, 7, 11)",I,G,B,G,16.625,6.0
134,D,G,4,G,"(2, 7, 11)",I,G,B,G,16.75,6.0
135,D,G,4,G,"(2, 7, 11)",I,G,B,G,16.875,6.0
136,G,C,0,G,"(0, 4, 9)",IV,A,E,G,17.0,6.0
137,E,C,1,G,"(0, 4, 9)",IV,A,E,G,17.125,6.0
138,E,C,2,G,"(0, 4, 9)",IV,A,E,G,17.25,6.0
139,E,C,2,G,"(0, 4, 9)",IV,A,E,G,17.375,6.0
140,E,C,3,G,"(0, 4, 9)",ii,A,E,G,17.5,6.0
141,E,C,3,G,"(0, 4, 9)",ii,A,E,G,17.625,6.0
142,E,C,3,G,"(0, 4, 9)",ii,A,E,G,17.75,6.0
143,E,C,3,G,"(0, 4, 9)",ii,A,E,G,17.875,6.0
144,E,A,4,G,"(0, 4, 9)",ii,A,E,G,18.0,6.0
145,E,A,4,G,"(0, 4, 9)",ii,A,E,G,18.125,6.0
146,E,A,4,G,"(0, 4, 9)",ii,A,E,G,18.25,6.0
147,E,A,4,G,"(0, 4, 9)",ii,A,E,G,18.375,6.0
148,B,D,0,G,"(2, 7, 11)",I,G,G,G,18.5,7.0
149,B,D,1,G,"(2, 7, 11)",I,G,G,G,18.625,7.0
150,B,D,2,G,"(2, 7, 11)",I,G,G,G,18.75,7.0
151,B,D,2,G,"(2, 7, 11)",I,G,G,G,18.875,7.0
152,B,D,3,G,"(2, 7, 11)",I,G,G,G,19.0,7.0
153,B,D,3,G,"(2, 7, 11)",I,G,G,G,19.125,7.0
154,B,D,3,G,"(2, 7, 11)",I,G,G,G,19.25,7.0
155,B,D,3,G,"(2, 7, 11)",I,G,G,G,19.375,7.0
156,B,D,4,G,"(2, 7, 11)",I,G,G,G,19.5,7.0
157,B,D,4,G,"(2, 7, 11)",I,G,G,G,19.625,7.0
158,B,D,4,G,"(2, 7, 11)",I,G,G,G,19.75,7.0
159,B,D,4,G,"(2, 7, 11)",I,G,G,G,19.875,7.0
160,A,D,4,G,"(0, 2, 6, 9)",V7,G,F#,G,20.0,7.0
161,A,D,4,G,"(0, 2, 6, 9)",V7,G,F#,G,20.125,7.0
162,A,D,4,G,"(0, 2, 6, 9)",V7,G,F#,G,20.25,7.0
163,A,D,2,G,"(0, 2, 6, 9)",V7,G,F#,G,20.375,7.0
164,A,F#,0,G,"(0, 2, 6, 9)",V7,C,F#,G,20.5,7.0
165,A,F#,1,G,"(0, 2, 6, 9)",V7,C,F#,G,20.625,7.0
166,A,F#,2,G,"(0, 2, 6, 9)",V7,C,F#,G,20.75,7.0
167,A,F#,2,G,"(0, 2, 6, 9)",V7,C,F#,G,20.875,7.0
168,A,C,0,G,"(0, 2, 6, 9)",viio,C,F#,G,21.0,7.0
169,A,C,1,G,"(0, 2, 6, 9)",viio,C,F#,G,21.125,7.0
170,A,C,2,G,"(0, 2, 6, 9)",viio,C,F#,G,21.25,7.0
171,A,C,2,G,"(0, 2, 6, 9)",viio,C,F#,G,21.375,7.0
172,D,G,0,G,"(2, 7, 11)",I,G,B,G,21.5,8.0
173,D,G,1,G,"(2, 7, 11)",I,G,B,G,21.625,8.0
174,D,G,2,G,"(2, 7, 11)",I,G,B,G,21.75,8.0
175,D,G,2,G,"(2, 7, 11)",I,G,B,G,21.875,8.0
176,D,G,3,G,"(2, 7, 11)",I,G,B,G,22.0,8.0
177,D,G,3,G,"(2, 7, 11)",I,G,B,G,22.125,8.0
178,D,G,3,G,"(2, 7, 11)",I,G,B,G,22.25,8.0
179,D,G,3,G,"(2, 7, 11)",I,G,B,G,22.375,8.0
180,D,G,4,G,"(2, 7, 11)",I,G,B,G,22.5,8.0
181,D,G,4,G,"(2, 7, 11)",I,G,B,G,22.625,8.0
182,D,G,4,G,"(2, 7, 11)",I,G,B,G,22.75,8.0
183,D,G,4,G,"(2, 7, 11)",I,G,B,G,22.875,8.0
184,D,G,4,G,"(2, 7, 11)",I,G,B,G,23.0,8.0
185,D,G,4,G,"(2, 7, 11)",I,G,B,G,23.125,8.0
186,D,G,4,G,"(2, 7, 11)",I,G,B,G,23.25,8.0
187,D,G,4,G,"(2, 7, 11)",I,G,B,G,23.375,8.0
188,D,G,5,G,"(2, 7, 11)",I,G,B,G,23.5,8.0
189,D,G,5,G,"(2, 7, 11)",I,G,B,G,23.625,8.0
190,D,G,5,G,"(2, 7, 11)",I,G,B,G,23.75,8.0
191,D,G,5,G,"(2, 7, 11)",I,G,B,G,23.875,8.0
192,D,G,5,G,"(2, 7, 11)",I,G,B,G,24.0,8.0
193,D,G,5,G,"(2, 7, 11)",I,G,B,G,24.125,8.0
194,D,G,5,G,"(2, 7, 11)",I,G,B,G,24.25,8.0
195,D,G,5,G,"(2, 7, 11)",I,G,B,G,24.375,8.0
196,B,E,0,G,"(2, 4, 8, 11)",V7,D,G#,a,24.5,9.0
197,B,E,1,G,"(2, 4, 8, 11)",V7,D,G#,a,24.625,9.0
198,B,E,2,G,"(2, 4, 8, 11)",V7,D,G#,a,24.75,9.0
199,B,E,2,G,"(2, 4, 8, 11)",V7,D,G#,a,24.875,9.0
200,B,E,3,G,"(2, 4, 8, 11)",V7,D,G#,a,25.0,9.0
201,B,E,3,G,"(2, 4, 8, 11)",V7,D,G#,a,25.125,9.0
202,B,E,3,G,"(2, 4, 8, 11)",V7,D,G#,a,25.25,9.0
203,B,E,3,G,"(2, 4, 8, 11)",V7,D,G#,a,25.375,9.0
204,B,E,4,G,"(2, 4, 8, 11)",V7,D,G#,a,25.5,9.0
205,B,E,4,G,"(2, 4, 8, 11)",V7,D,G#,a,25.625,9.0
206,B,E,4,G,"(2, 4, 8, 11)",V7,D,G#,a,25.75,9.0
207,B,E,4,G,"(2, 4, 8, 11)",V7,D,G#,a,25.875,9.0
208,B,E,4,G,"(2, 4, 8, 11)",V7,D,G#,G,26.0,9.0
209,B,E,4,G,"(2, 4, 8, 11)",V7,D,G#,G,26.125,9.0
210,B,E,4,G,"(2, 4, 8, 11)",V7,D,G#,G,26.25,9.0
211,B,E,4,G,"(2, 4, 8, 11)",V7,D,G#,G,26.375,9.0
212,B,E,5,G,"(2, 4, 8, 11)",V7,D,D,G,26.5,9.0
213,B,E,5,G,"(2, 4, 8, 11)",V7,D,D,G,26.625,9.0
214,B,E,5,G,"(2, 4, 8, 11)",V7,D,D,G,26.75,9.0
215,B,E,5,G,"(2, 4, 8, 11)",V7,D,D,G,26.875,9.0
216,B,E,5,G,"(2, 4, 8, 11)",V7,D,D,G,27.0,9.0
217,B,E,5,G,"(2, 4, 8, 11)",V7,D,D,G,27.125,9.0
218,B,E,5,G,"(2, 4, 8, 11)",V7,D,D,G,27.25,9.0
219,B,E,5,G,"(2, 4, 8, 11)",V7,D,D,G,27.375,9.0
220,C,E,0,G,"(0, 4, 9)",ii,A,A,G,27.5,10.0
221,C,E,1,G,"(0, 4, 9)",ii,A,A,G,27.625,10.0
222,C,E,2,G,"(0, 4, 9)",ii,A,A,G,27.75,10.0
223,C,E,2,G,"(0, 4, 9)",ii,A,A,G,27.875,10.0
224,A,E,3,G,"(0, 4, 9)",ii,A,A,G,28.0,10.0
225,A,E,3,G,"(0, 4, 9)",ii,A,A,G,28.125,10.0
226,A,E,3,G,"(0, 4, 9)",ii,A,A,G,28.25,10.0
227,A,E,3,G,"(0, 4, 9)",ii,A,A,G,28.375,10.0
228,A,E,4,G,"(0, 4, 9)",ii,A,A,G,28.5,10.0
229,A,E,4,G,"(0, 4, 9)",ii,A,A,G,28.625,10.0
230,A,E,4,G,"(0, 4, 9)",ii,A,A,G,28.75,10.0
231,A,E,4,G,"(0, 4, 9)",ii,A,A,G,28.875,10.0
232,A,E,4,G,"(0, 4, 9)",ii,A,A,G,29.0,10.0
233,A,E,4,G,"(0, 4, 9)",ii,A,A,G,29.125,10.0
234,A,E,4,G,"(0, 4, 9)",ii,A,A,G,29.25,10.0
235,A,E,4,G,"(0, 4, 9)",ii,A,A,G,29.375,10.0
236,A,E,5,G,"(0, 4, 9)",ii,A,A,G,29.5,10.0
237,A,E,5,G,"(0, 4, 9)",ii,A,A,G,29.625,10.0
238,A,E,5,G,"(0, 4, 9)",ii,A,A,G,29.75,10.0
239,A,E,5,G,"(0, 4, 9)",ii,A,A,G,29.875,10.0
240,A,E,5,G,"(0, 4, 9)",ii,A,A,G,30.0,10.0
241,A,E,5,G,"(0, 4, 9)",ii,A,A,G,30.125,10.0
242,A,E,5,G,"(0, 4, 9)",ii,A,A,G,30.25,10.0
243,A,E,5,G,"(0, 4, 9)",ii,A,A,G,30.375,10.0
244,A,D,0,G,"(0, 2, 6, 9)",V7,C,F#,G,30.5,11.0
245,A,D,1,G,"(0, 2, 6, 9)",V7,C,F#,G,30.625,11.0
246,A,D,2,G,"(0, 2, 6, 9)",V7,C,F#,G,30.75,11.0
247,A,D,2,G,"(0, 2, 6, 9)",V7,C,F#,G,30.875,11.0
248,A,D,3,G,"(0, 2, 6, 9)",V7,C,F#,G,31.0,11.0
249,A,D,3,G,"(0, 2, 6, 9)",V7,C,F#,G,31.125,11.0
250,A,D,3,G,"(0, 2, 6, 9)",V7,C,F#,G,31.25,11.0
251,A,D,3,G,"(0, 2, 6, 9)",V7,C,F#,G,31.375,11.0
252,A,D,4,G,"(0, 2, 6, 9)",V7,C,F#,G,31.5,11.0
253,A,D,4,G,"(0, 2, 6, 9)",V7,C,F#,G,31.625,11.0
254,A,D,4,G,"(0, 2, 6, 9)",V7,C,F#,G,31.75,11.0
255,A,D,4,G,"(0, 2, 6, 9)",V7,C,F#,G,31.875,11.0
256,A,D,4,G,"(0, 2, 6, 9)",V7,C,F#,G,32.0,11.0
257,A,D,4,G,"(0, 2, 6, 9)",V7,C,F#,G,32.125,11.0
258,A,D,4,G,"(0, 2, 6, 9)",V7,C,F#,G,32.25,11.0
259,A,D,4,G,"(0, 2, 6, 9)",V7,C,F#,G,32.375,11.0
260,A,D,5,G,"(0, 2, 6, 9)",V7,C,F#,G,32.5,11.0
261,A,D,5,G,"(0, 2, 6, 9)",V7,C,F#,G,32.625,11.0
262,A,D,5,G,"(0, 2, 6, 9)",V7,C,F#,G,32.75,11.0
263,A,D,5,G,"(0, 2, 6, 9)",V7,C,F#,G,32.875,11.0
264,A,D,5,G,"(0, 2, 6, 9)",V7,C,F#,G,33.0,11.0
265,A,D,5,G,"(0, 2, 6, 9)",V7,C,F#,G,33.125,11.0
266,A,D,5,G,"(0, 2, 6, 9)",V7,C,F#,G,33.25,11.0
267,A,D,5,G,"(0, 2, 6, 9)",V7,C,F#,G,33.375,11.0
268,D,D,0,G,"(2, 7, 11)",I,G,B,G,33.5,12.0
269,D,D,1,G,"(2, 7, 11)",I,G,B,G,33.625,12.0
270,D,D,2,G,"(2, 7, 11)",I,G,B,G,33.75,12.0
271,D,D,2,G,"(2, 7, 11)",I,G,B,G,33.875,12.0
272,D,G,3,G,"(2, 7, 11)",I,G,B,G,34.0,12.0
273,D,G,3,G,"(2, 7, 11)",I,G,B,G,34.125,12.0
274,D,G,3,G,"(2, 7, 11)",I,G,B,G,34.25,12.0
275,D,G,3,G,"(2, 7, 11)",I,G,B,G,34.375,12.0
276,D,G,4,G,"(2, 7, 11)",I,G,B,G,34.5,12.0
277,D,G,4,G,"(2, 7, 11)",I,G,B,G,34.625,12.0
278,D,G,4,G,"(2, 7, 11)",I,G,B,G,34.75,12.0
279,D,G,4,G,"(2, 7, 11)",I,G,B,G,34.875,12.0
280,D,G,4,G,"(2, 7, 11)",I,G,B,G,35.0,12.0
281,D,G,4,G,"(2, 7, 11)",I,G,B,G,35.125,12.0
282,D,G,4,G,"(2, 7, 11)",I,G,B,G,35.25,12.0
283,D,G,4,G,"(2, 7, 11)",I,G,B,G,35.375,12.0
284,B,G,5,G,"(2, 7, 11)",I,G,G,G,35.5,12.0
285,B,G,5,G,"(2, 7, 11)",I,G,G,G,35.625,12.0
286,B,G,5,G,"(2, 7, 11)",I,G,G,G,35.75,12.0
287,B,G,5,G,"(2, 7, 11)",I,G,G,G,35.875,12.0
288,B,G,5,G,"(2, 7, 11)",I,G,G,G,36.0,12.0
289,B,G,5,G,"(2, 7, 11)",I,G,G,G,36.125,12.0
290,B,G,5,G,"(2, 7, 11)",I,G,G,G,36.25,12.0
291,B,G,5,G,"(2, 7, 11)",I,G,G,G,36.375,12.0
292,A,E,0,G,"(1, 4, 7, 9)",V7,C#,G,D,36.5,13.0
293,A,E,1,G,"(1, 4, 7, 9)",V7,C#,G,D,36.625,13.0
294,A,E,2,G,"(1, 4, 7, 9)",V7,C#,G,D,36.75,13.0
295,A,E,2,G,"(1, 4, 7, 9)",V7,C#,G,D,36.875,13.0
296,A,E,3,G,"(1, 4, 7, 9)",V7,C#,G,D,37.0,13.0
297,A,E,3,G,"(1, 4, 7, 9)",V7,C#,G,D,37.125,13.0
298,A,E,3,G,"(1, 4, 7, 9)",V7,C#,G,D,37.25,13.0
299,A,E,3,G,"(1, 4, 7, 9)",V7,C#,G,D,37.375,13.0
300,A,E,4,G,"(1, 4, 7, 9)",V7,C#,G,D,37.5,13.0
301,A,E,4,G,"(1, 4, 7, 9)",V7,C#,G,D,37.625,13.0
302,A,E,4,G,"(1, 4, 7, 9)",V7,C#,G,D,37.75,13.0
303,A,E,4,G,"(1, 4, 7, 9)",V7,C#,G,D,37.875,13.0
304,A,E,4,G,"(1, 4, 7, 9)",V7,C#,G,D,38.0,13.0
305,A,E,4,G,"(1, 4, 7, 9)",V7,C#,G,D,38.125,13.0
306,A,E,4,G,"(1, 4, 7, 9)",V7,C#,G,D,38.25,13.0
307,A,E,4,G,"(1, 4, 7, 9)",V7,C#,G,D,38.375,13.0
308,A,E,5,G,"(1, 4, 7, 9)",V7,G,G,D,38.5,13.0
309,A,E,1,G,"(1, 4, 7, 9)",V7,G,G,D,38.625,13.0
310,A,E,5,G,"(1, 4, 7, 9)",V7,G,G,D,38.75,13.0
311,A,E,5,G,"(1, 4, 7, 9)",V7,G,G,D,38.875,13.0
312,A,E,5,G,"(1, 4, 7, 9)",V7,G,G,D,39.0,13.0
313,A,E,1,G,"(1, 4, 7, 9)",V7,G,G,D,39.125,13.0
314,A,E,5,G,"(1, 4, 7, 9)",V7,G,G,D,39.25,13.0
315,E,E,2,G,"(1, 4, 7, 9)",V7,G,G,D,39.375,13.0
316,A,D,0,G,"(2, 6, 9)",V,D,F#,G,39.5,14.0
317,A,D,1,G,"(2, 6, 9)",V,D,F#,G,39.625,14.0
318,A,D,2,G,"(2, 6, 9)",V,D,F#,G,39.75,14.0
319,A,D,2,G,"(2, 6, 9)",V,D,F#,G,39.875,14.0
320,A,D,3,G,"(2, 6, 9)",V,D,F#,G,40.0,14.0
321,A,D,3,G,"(2, 6, 9)",V,D,F#,G,40.125,14.0
322,A,D,3,G,"(2, 6, 9)",V,D,F#,G,40.25,14.0
323,A,D,3,G,"(2, 6, 9)",V,D,F#,G,40.375,14.0
324,A,D,4,G,"(2, 6, 9)",V,D,F#,G,40.5,14.0
325,A,D,4,G,"(2, 6, 9)",V,D,F#,G,40.625,14.0
326,A,D,4,G,"(2, 6, 9)",V,D,F#,G,40.75,14.0
327,A,D,4,G,"(2, 6, 9)",V,D,F#,G,40.875,14.0
328,A,D,4,G,"(2, 6, 9)",V,D,F#,G,41.0,14.0
329,A,D,4,G,"(2, 6, 9)",V,D,F#,G,41.125,14.0
330,A,D,4,G,"(2, 6, 9)",V,D,F#,G,41.25,14.0
331,A,D,4,G,"(2, 6, 9)",V,D,F#,G,41.375,14.0
332,A,D,5,G,"(2, 6, 9)",V,D,F#,G,41.5,14.0
333,A,D,5,G,"(2, 6, 9)",V,D,F#,G,41.625,14.0
334,A,D,5,G,"(2, 6, 9)",V,D,F#,G,41.75,14.0
335,A,D,5,G,"(2, 6, 9)",V,D,F#,G,41.875,14.0
336,A,D,5,G,"(2, 6, 9)",V,D,F#,G,42.0,14.0
337,A,D,5,G,"(2, 6, 9)",V,D,F#,G,42.125,14.0
338,A,D,5,G,"(2, 6, 9)",V,D,F#,G,42.25,14.0
339,A,D,5,G,"(2, 6, 9)",V,D,F#,G,42.375,14.0
340,A,D,0,G,"(0, 2, 6, 9)",V7,C,F#,G,42.5,15.0
341,A,D,1,G,"(0, 2, 6, 9)",V7,C,F#,G,42.625,15.0
342,A,D,2,G,"(0, 2, 6, 9)",V7,C,F#,G,42.75,15.0
343,A,D,2,G,"(0, 2, 6, 9)",V7,C,F#,G,42.875,15.0
344,A,D,3,G,"(0, 2, 6, 9)",V7,C,F#,G,43.0,15.0
345,A,D,3,G,"(0, 2, 6, 9)",V7,C,F#,G,43.125,15.0
346,A,D,3,G,"(0, 2, 6, 9)",V7,C,F#,G,43.25,15.0
347,A,D,3,G,"(0, 2, 6, 9)",V7,C,F#,G,43.375,15.0
348,A,D,4,G,"(0, 2, 6, 9)",V7,C,F#,G,43.5,15.0
349,A,D,4,G,"(0, 2, 6, 9)",V7,C,F#,G,43.625,15.0
350,A,D,4,G,"(0, 2, 6, 9)",V7,C,F#,G,43.75,15.0
351,A,D,4,G,"(0, 2, 6, 9)",V7,C,F#,G,43.875,15.0
352,D,D,4,G,"(0, 2, 6, 9)",V7,C,F#,G,44.0,15.0
353,D,D,4,G,"(0, 2, 6, 9)",V7,C,F#,G,44.125,15.0
354,D,D,4,G,"(0, 2, 6, 9)",V7,C,F#,G,44.25,15.0
355,D,D,4,G,"(0, 2, 6, 9)",V7,C,F#,G,44.375,15.0
356,D,G,3,G,"(2, 7, 11)",I,G,G,G,44.5,15.0
357,D,G,1,G,"(2, 7, 11)",I,G,B,G,44.625,15.0
358,D,G,3,G,"(2, 7, 11)",I,G,B,G,44.75,15.0
359,D,G,3,G,"(2, 7, 11)",I,G,B,G,44.875,15.0
360,D,G,5,G,"(2, 7, 11)",I,G,B,G,45.0,15.0
361,D,G,5,G,"(2, 7, 11)",I,G,B,G,45.125,15.0
362,D,G,5,G,"(2, 7, 11)",I,G,B,G,45.25,15.0
363,D,G,5,G,"(2, 7, 11)",I,G,B,G,45.375,15.0
364,A,D,0,G,"(2, 6, 9)",V,D,F#,G,45.5,16.0
365,A,D,1,G,"(2, 6, 9)",V,D,F#,G,45.625,16.0
366,A,D,2,G,"(2, 6, 9)",V,D,F#,G,45.75,16.0
367,A,D,2,G,"(2, 6, 9)",V,D,F#,G,45.875,16.0
368,A,D,3,G,"(2, 6, 9)",V,D,F#,G,46.0,16.0
369,A,D,3,G,"(2, 6, 9)",V,D,F#,G,46.125,16.0
370,A,D,3,G,"(2, 6, 9)",V,D,F#,G,46.25,16.0
371,A,D,3,G,"(2, 6, 9)",V,D,F#,G,46.375,16.0
372,A,D,4,G,"(2, 6, 9)",V,D,F#,G,46.5,16.0
373,A,D,4,G,"(2, 6, 9)",V,D,F#,G,46.625,16.0
374,A,D,4,G,"(2, 6, 9)",V,D,F#,G,46.75,16.0
375,A,D,4,G,"(2, 6, 9)",V,D,F#,G,46.875,16.0
376,A,D,4,G,"(2, 6, 9)",V,D,F#,G,47.0,16.0
377,A,D,4,G,"(2, 6, 9)",V,D,F#,G,47.125,16.0
378,A,D,4,G,"(2, 6, 9)",V,D,F#,G,47.25,16.0
379,A,D,4,G,"(2, 6, 9)",V,D,F#,G,47.375,16.0
380,A,D,5,G,"(2, 6, 9)",V,D,F#,G,47.5,16.0
381,A,D,5,G,"(2, 6, 9)",V,D,F#,G,47.625,16.0
382,A,D,5,G,"(2, 6, 9)",V,D,F#,G,47.75,16.0
383,A,D,5,G,"(2, 6, 9)",V,D,F#,G,47.875,16.0
384,A,D,5,G,"(2, 6, 9)",V,D,F#,G,48.0,16.0
385,A,D,5,G,"(2, 6, 9)",V,D,F#,G,48.125,16.0
386,A,D,5,G,"(2, 6, 9)",V,D,F#,G,48.25,16.0
387,A,D,5,G,"(2, 6, 9)",V,D,F#,G,48.375,16.0
388,D,G,0,G,"(2, 7, 11)",I,G,B,G,48.5,17.0
389,D,G,1,G,"(2, 7, 11)",I,G,B,G,48.625,17.0
390,D,G,2,G,"(2, 7, 11)",I,G,B,G,48.75,17.0
391,D,G,2,G,"(2, 7, 11)",I,G,B,G,48.875,17.0
392,D,G,3,G,"(2, 7, 11)",I,G,B,G,49.0,17.0
393,D,G,3,G,"(2, 7, 11)",I,G,B,G,49.125,17.0
394,D,G,3,G,"(2, 7, 11)",I,G,B,G,49.25,17.0
395,D,G,3,G,"(2, 7, 11)",I,G,B,G,49.375,17.0
396,D,G,4,G,"(2, 7, 11)",I,G,B,G,49.5,17.0
397,D,G,4,G,"(2, 7, 11)",I,G,B,G,49.625,17.0
398,D,G,4,G,"(2, 7, 11)",I,G,B,G,49.75,17.0
399,D,G,4,G,"(2, 7, 11)",I,G,B,G,49.875,17.0
400,D,G,4,G,"(2, 7, 11)",I,G,B,G,50.0,17.0
401,D,G,4,G,"(2, 7, 11)",I,G,B,G,50.125,17.0
402,D,G,4,G,"(2, 7, 11)",I,G,B,G,50.25,17.0
403,D,G,4,G,"(2, 7, 11)",I,G,B,G,50.375,17.0
404,D,G,5,G,"(2, 7, 11)",I,G,B,G,50.5,17.0
405,D,G,5,G,"(2, 7, 11)",I,G,B,G,50.625,17.0
406,D,G,5,G,"(2, 7, 11)",I,G,B,G,50.75,17.0
407,D,G,5,G,"(2, 7, 11)",I,G,B,G,50.875,17.0
408,D,G,5,G,"(2, 7, 11)",I,G,B,G,51.0,17.0
409,D,G,5,G,"(2, 7, 11)",I,G,B,G,51.125,17.0
410,D,G,5,G,"(2, 7, 11)",I,G,B,G,51.25,17.0
411,D,G,5,G,"(2, 7, 11)",I,G,B,G,51.375,17.0
412,D,G,0,G,"(2, 7, 11)",I,G,B,G,51.5,18.0
413,D,G,1,G,"(2, 7, 11)",I,G,B,G,51.625,18.0
414,D,G,2,G,"(2, 7, 11)",I,G,B,G,51.75,18.0
415,D,G,2,G,"(2, 7, 11)",I,G,B,G,51.875,18.0
416,D,G,3,G,"(2, 7, 11)",I,G,B,G,52.0,18.0
417,D,G,3,G,"(2, 7, 11)",I,G,B,G,52.125,18.0
418,D,G,3,G,"(2, 7, 11)",I,G,B,G,52.25,18.0
419,D,G,3,G,"(2, 7, 11)",I,G,B,G,52.375,18.0
420,D,G,4,G,"(2, 7, 11)",I,G,B,G,52.5,18.0
421,D,G,4,G,"(2, 7, 11)",I,G,B,G,52.625,18.0
422,D,G,4,G,"(2, 7, 11)",I,G,B,G,52.75,18.0
423,D,G,4,G,"(2, 7, 11)",I,G,B,G,52.875,18.0
424,D,G,4,G,"(0, 4, 7, 9)",ii7,G,B,G,53.0,18.0
425,E,G,4,G,"(0, 4, 7, 9)",ii7,G,B,G,53.125,18.0
426,E,G,4,G,"(0, 4, 7, 9)",ii7,G,B,G,53.25,18.0
427,E,G,4,G,"(0, 4, 7, 9)",ii7,G,B,G,53.375,18.0
428,E,G,5,G,"(0, 4, 7, 9)",ii7,A,E,G,53.5,18.0
429,E,G,5,G,"(0, 4, 7, 9)",ii7,A,E,G,53.625,18.0
430,E,G,5,G,"(0, 4, 7, 9)",ii7,A,E,G,53.75,18.0
431,E,G,5,G,"(0, 4, 7, 9)",ii7,A,E,G,53.875,18.0
432,E,G,5,G,"(0, 4, 7, 9)",ii7,A,E,G,54.0,18.0
433,E,G,5,G,"(0, 4, 7, 9)",ii7,A,E,G,54.125,18.0
434,E,G,5,G,"(0, 4, 7, 9)",ii7,A,E,G,54.25,18.0
435,E,G,5,G,"(0, 4, 7, 9)",ii7,A,E,G,54.375,18.0
436,A,D,0,G,"(2, 7, 11)",V7,G,G,G,54.5,19.0
437,A,D,1,G,"(2, 7, 11)",V7,G,G,G,54.625,19.0
438,A,D,2,G,"(2, 7, 11)",V7,G,G,G,54.75,19.0
439,A,D,2,G,"(2, 7, 11)",V7,G,G,G,54.875,19.0
440,A,D,3,G,"(2, 7, 11)",V7,G,B,G,55.0,19.0
441,A,D,3,G,"(2, 7, 11)",V7,G,B,G,55.125,19.0
442,A,D,3,G,"(2, 7, 11)",V7,G,B,G,55.25,19.0
443,A,D,3,G,"(2, 7, 11)",V7,G,B,G,55.375,19.0
444,A,D,4,G,"(2, 7, 11)",V7,G,F#,G,55.5,19.0
445,A,D,4,G,"(2, 7, 11)",V7,G,F#,G,55.625,19.0
446,A,D,4,G,"(0, 2, 6, 9)",V7,G,F#,G,55.75,19.0
447,A,D,4,G,"(0, 2, 6, 9)",V7,G,F#,G,55.875,19.0
448,A,D,4,G,"(0, 2, 6, 9)",V7,C,F#,G,56.0,19.0
449,A,D,4,G,"(0, 2, 6, 9)",V7,C,F#,G,56.125,19.0
450,A,D,4,G,"(0, 2, 6, 9)",V7,C,F#,G,56.25,19.0
451,A,D,2,G,"(0, 2, 6, 9)",V7,C,F#,G,56.375,19.0
452,A,F#,0,G,"(0, 2, 6, 9)",V7,C,F#,G,56.5,19.0
453,A,F#,1,G,"(0, 2, 6, 9)",V7,C,F#,G,56.625,19.0
454,A,F#,2,G,"(0, 2, 6, 9)",V7,C,F#,G,56.75,19.0
455,A,F#,2,G,"(0, 2, 6, 9)",V7,C,F#,G,56.875,19.0
456,A,C,0,G,"(0, 2, 6, 9)",V7,C,F#,G,57.0,19.0
457,A,C,4,G,"(0, 2, 6, 9)",V7,C,F#,G,57.125,19.0
458,A,C,2,G,"(0, 2, 6, 9)",V7,C,F#,G,57.25,19.0
459,A,C,4,G,"(0, 2, 6, 9)",V7,C,F#,G,57.375,19.0
460,D,G,0,G,"(2, 7, 11)",I,G,B,G,57.5,20.0
461,D,G,1,G,"(2, 7, 11)",I,G,B,G,57.625,20.0
462,D,G,2,G,"(2, 7, 11)",I,G,B,G,57.75,20.0
463,D,G,2,G,"(2, 7, 11)",I,G,B,G,57.875,20.0
464,D,G,3,G,"(2, 7, 11)",I,G,B,G,58.0,20.0
465,D,G,3,G,"(2, 7, 11)",I,G,B,G,58.125,20.0
466,D,G,3,G,"(2, 7, 11)",I,G,B,G,58.25,20.0
467,D,G,3,G,"(2, 7, 11)",I,G,B,G,58.375,20.0
468,D,G,4,G,"(2, 7, 11)",I,G,B,G,58.5,20.0
469,D,G,4,G,"(2, 7, 11)",I,G,B,G,58.625,20.0
470,D,G,4,G,"(2, 7, 11)",I,G,B,G,58.75,20.0
471,D,G,4,G,"(2, 7, 11)",I,G,B,G,58.875,20.0
472,D,G,0,G,"(2, 7, 11)",I,G,B,G,59.0,20.0
473,D,G,1,G,"(2, 7, 11)",I,G,B,G,59.125,20.0
474,D,G,2,G,"(2, 7, 11)",I,G,B,G,59.25,20.0
475,D,G,2,G,"(2, 7, 11)",I,G,B,G,59.375,20.0
476,D,G,3,G,"(2, 7, 11)",I,G,B,G,59.5,20.0
477,D,G,3,G,"(2, 7, 11)",I,G,B,G,59.625,20.0
478,D,G,3,G,"(2, 7, 11)",I,G,B,G,59.75,20.0
479,D,G,3,G,"(2, 7, 11)",I,G,B,G,59.875,20.0
480,D,G,4,G,"(2, 7, 11)",I,G,B,G,60.0,20.0
481,D,G,4,G,"(2, 7, 11)",I,G,B,G,60.125,20.0
482,D,G,4,G,"(2, 7, 11)",I,G,B,G,60.25,20.0
483,D,G,4,G,"(2, 7, 11)",I,G,B,G,60.375,20.0
484,D,G,0,G,"(2, 7, 11)",I,G,B,G,60.5,21.0
485,D,G,1,G,"(2, 7, 11)",I,G,B,G,60.625,21.0
486,D,G,2,G,"(2, 7, 11)",I,G,B,G,60.75,21.0
487,D,G,2,G,"(2, 7, 11)",I,G,B,G,60.875,21.0
488,D,G,3,G,"(2, 7, 11)",I,G,B,G,61.0,21.0
489,D,G,3,G,"(2, 7, 11)",I,G,B,G,61.125,21.0
490,D,G,3,G,"(2, 7, 11)",I,G,B,G,61.25,21.0
491,D,G,3,G,"(2, 7, 11)",I,G,B,G,61.375,21.0
492,D,G,4,G,"(2, 7, 11)",I,G,B,G,61.5,21.0
493,D,G,4,G,"(2, 7, 11)",I,G,B,G,61.625,21.0
494,D,G,4,G,"(2, 7, 11)",I,G,B,G,61.75,21.0
495,D,G,4,G,"(2, 7, 11)",I,G,B,G,61.875,21.0
496,D,G,4,G,"(2, 7, 11)",I,G,B,G,62.0,21.0
497,D,G,4,G,"(2, 7, 11)",I,G,B,G,62.125,21.0
498,D,G,4,G,"(2, 7, 11)",I,G,B,G,62.25,21.0
499,D,G,4,G,"(2, 7, 11)",I,G,B,G,62.375,21.0
500,D,G,5,G,"(2, 7, 11)",I,G,B,G,62.5,21.0
501,D,G,5,G,"(2, 7, 11)",I,G,B,G,62.625,21.0
502,D,G,5,G,"(2, 7, 11)",I,G,B,G,62.75,21.0
503,D,G,5,G,"(2, 7, 11)",I,G,B,G,62.875,21.0
504,D,G,5,G,"(2, 7, 11)",I,G,B,G,63.0,21.0
505,D,G,1,G,"(2, 7, 11)",I,G,B,G,63.125,21.0
506,D,G,5,G,"(2, 7, 11)",I,G,B,G,63.25,21.0
507,D,G,5,G,"(2, 7, 11)",I,G,B,G,63.375,21.0
508,D,G,0,G,"(2, 7, 11)",I,G,B,G,63.5,22.0
509,D,G,1,G,"(2, 7, 11)",I,G,B,G,63.625,22.0
510,D,G,2,G,"(2, 7, 11)",I,G,B,G,63.75,22.0
511,D,G,2,G,"(2, 7, 11)",I,G,B,G,63.875,22.0
512,D,G,3,G,"(2, 7, 11)",I,G,B,G,64.0,22.0
513,D,G,3,G,"(2, 7, 11)",I,G,B,G,64.125,22.0
514,D,G,3,G,"(2, 7, 11)",I,G,B,G,64.25,22.0
515,D,G,3,G,"(2, 7, 11)",I,G,B,G,64.375,22.0
516,D,G,4,G,"(2, 7, 11)",I,G,B,G,64.5,22.0
517,D,G,4,G,"(2, 7, 11)",I,G,B,G,64.625,22.0
518,D,G,4,G,"(2, 7, 11)",I,G,B,G,64.75,22.0
519,D,G,4,G,"(2, 7, 11)",I,G,B,G,64.875,22.0
520,D,G,4,G,"(2, 7, 11)",I,G,B,G,65.0,22.0
521,D,G,4,G,"(2, 7, 11)",I,G,B,G,65.125,22.0
522,D,G,4,G,"(2, 7, 11)",I,G,B,G,65.25,22.0
523,D,G,4,G,"(2, 7, 11)",I,G,B,G,65.375,22.0
524,D,G,5,G,"(2, 7, 11)",I,C,B,G,65.5,22.0
525,D,G,5,G,"(2, 7, 11)",I,C,B,G,65.625,22.0
526,D,G,5,G,"(2, 7, 11)",I,C,B,G,65.75,22.0
527,D,G,5,G,"(2, 7, 11)",I,C,B,G,65.875,22.0
528,D,G,5,G,"(2, 7, 11)",I,C,B,G,66.0,22.0
529,D,G,5,G,"(2, 7, 11)",I,C,B,G,66.125,22.0
530,D,G,5,G,"(2, 7, 11)",I,C,B,G,66.25,22.0
531,D,G,5,G,"(2, 7, 11)",I,C,B,G,66.375,22.0
532,D,G,0,G,"(2, 7, 11)",I,G,B,G,66.5,23.0
533,D,G,1,G,"(2, 7, 11)",I,G,B,G,66.625,23.0
534,D,G,2,G,"(2, 7, 11)",I,G,B,G,66.75,23.0
535,D,G,2,G,"(2, 7, 11)",I,G,B,G,66.875,23.0
536,D,G,3,G,"(2, 7, 11)",I,G,B,G,67.0,23.0
537,D,G,3,G,"(2, 7, 11)",I,G,B,G,67.125,23.0
538,D,G,3,G,"(2, 7, 11)",I,G,B,G,67.25,23.0
539,D,G,3,G,"(2, 7, 11)",I,G,B,G,67.375,23.0
540,D,G,4,G,"(2, 7, 11)",I,G,B,G,67.5,23.0
541,D,G,4,G,"(2, 7, 11)",I,G,B,G,67.625,23.0
542,D,G,4,G,"(2, 7, 11)",I,G,B,G,67.75,23.0
543,D,G,4,G,"(2, 7, 11)",I,G,B,G,67.875,23.0
544,D,G,4,G,"(2, 7, 11)",I,G,B,G,68.0,23.0
545,D,G,4,G,"(2, 7, 11)",I,G,B,G,68.125,23.0
546,D,G,4,G,"(2, 7, 11)",I,G,B,G,68.25,23.0
547,D,G,4,G,"(2, 7, 11)",I,G,B,G,68.375,23.0
548,D,G,5,G,"(2, 7, 11)",I,G,B,G,68.5,23.0
549,D,G,5,G,"(2, 7, 11)",I,G,B,G,68.625,23.0
550,D,G,5,G,"(2, 7, 11)",I,G,B,G,68.75,23.0
551,D,G,5,G,"(2, 7, 11)",I,G,B,G,68.875,23.0
552,D,G,5,G,"(2, 7, 11)",I,G,B,G,69.0,23.0
553,D,G,5,G,"(2, 7, 11)",I,G,B,G,69.125,23.0
554,D,G,5,G,"(2, 7, 11)",I,G,B,G,69.25,23.0
555,D,G,5,G,"(2, 7, 11)",I,G,B,G,69.375,23.0
556,G,B,0,G,"(2, 7, 11)",I,G,D,G,69.5,24.0
557,G,B,1,G,"(2, 7, 11)",I,G,D,G,69.625,24.0
558,G,B,2,G,"(2, 7, 11)",I,G,D,G,69.75,24.0
559,G,B,2,G,"(2, 7, 11)",I,G,D,G,69.875,24.0
560,G,B,3,G,"(2, 7, 11)",I,G,D,G,70.0,24.0
561,G,B,3,G,"(2, 7, 11)",I,G,D,G,70.125,24.0
562,G,B,3,G,"(2, 7, 11)",I,G,D,G,70.25,24.0
563,G,B,3,G,"(2, 7, 11)",I,G,D,G,70.375,24.0
564,G,B,4,G,"(2, 7, 11)",I,G,D,G,70.5,24.0
565,G,B,4,G,"(2, 7, 11)",I,G,D,G,70.625,24.0
566,G,B,4,G,"(2, 7, 11)",I,G,D,G,70.75,24.0
567,G,B,4,G,"(2, 7, 11)",I,G,D,G,70.875,24.0
568,G,C,0,G,"(0, 4, 7)",IV,C,E,G,71.0,24.0
569,G,C,1,G,"(0, 4, 7)",IV,C,E,G,71.125,24.0
570,G,C,2,G,"(0, 4, 7)",IV,C,E,G,71.25,24.0
571,G,C,2,G,"(0, 4, 7)",IV,C,E,G,71.375,24.0
572,G,C,3,G,"(0, 4, 7)",IV,C,E,G,71.5,24.0
573,G,C,3,G,"(0, 4, 7)",IV,C,E,G,71.625,24.0
574,G,C,3,G,"(0, 4, 7)",IV,C,E,G,71.75,24.0
575,G,C,3,G,"(0, 4, 7)",IV,C,E,G,71.875,24.0
576,G,C,4,G,"(0, 4, 7)",IV,C,E,G,72.0,24.0
577,G,C,4,G,"(0, 4, 7)",IV,C,E,G,72.125,24.0
578,G,C,4,G,"(0, 4, 7)",IV,C,E,G,72.25,24.0
579,G,C,4,G,"(0, 4, 7)",IV,C,E,G,72.375,24.0
580,A,D,0,G,"(2, 7, 11)",V,G,F#,G,72.5,25.0
581,A,D,1,G,"(2, 7, 11)",V,G,F#,G,72.625,25.0
582,A,D,2,G,"(2, 7, 11)",V,G,F#,G,72.75,25.0
583,A,D,2,G,"(2, 7, 11)",V,G,F#,G,72.875,25.0
584,A,D,3,G,"(2, 6, 9)",V,G,F#,G,73.0,25.0
585,A,D,3,G,"(2, 6, 9)",V,G,F#,G,73.125,25.0
586,A,D,3,G,"(2, 6, 9)",V,G,F#,G,73.25,25.0
587,A,D,3,G,"(2, 6, 9)",V,G,F#,G,73.375,25.0
588,A,D,4,G,"(2, 6, 9)",V,G,F#,G,73.5,25.0
589,A,D,4,G,"(2, 6, 9)",V,G,F#,G,73.625,25.0
590,A,D,4,G,"(2, 6, 9)",V,G,F#,G,73.75,25.0
591,A,D,4,G,"(2, 6, 9)",V,G,F#,G,73.875,25.0
592,A,D,4,G,"(2, 6, 9)",V,D,F#,G,74.0,25.0
593,A,D,4,G,"(2, 6, 9)",V,D,F#,G,74.125,25.0
594,A,D,4,G,"(2, 6, 9)",V,D,F#,G,74.25,25.0
595,A,D,4,G,"(2, 6, 9)",V,D,F#,G,74.375,25.0
596,A,D,5,G,"(2, 6, 9)",V,D,F#,G,74.5,25.0
597,A,D,5,G,"(2, 6, 9)",V,D,F#,G,74.625,25.0
598,A,D,5,G,"(2, 6, 9)",V,D,F#,G,74.75,25.0
599,A,D,5,G,"(2, 6, 9)",V,D,F#,G,74.875,25.0
600,A,D,4,G,"(2, 6, 9)",V,D,F#,G,75.0,25.0
601,A,D,4,G,"(2, 6, 9)",V,D,F#,G,75.125,25.0
602,A,D,4,G,"(2, 6, 9)",V,D,F#,G,75.25,25.0
603,A,D,4,G,"(2, 6, 9)",V,D,F#,G,75.375,25.0
604,D,G,0,G,"(2, 7, 11)",V7,G,B,G,75.5,26.0
605,D,G,1,G,"(0, 2, 6, 9)",V7,G,B,G,75.625,26.0
606,D,G,2,G,"(0, 2, 6, 9)",V7,G,B,G,75.75,26.0
607,D,G,2,G,"(0, 2, 6, 9)",V7,G,B,G,75.875,26.0
608,D,G,3,G,"(0, 2, 6, 9)",V7,G,B,G,76.0,26.0
609,D,G,3,G,"(0, 2, 6, 9)",V7,G,B,G,76.125,26.0
610,D,G,3,G,"(0, 2, 6, 9)",V7,G,B,G,76.25,26.0
611,D,G,3,G,"(0, 2, 6, 9)",V7,G,B,G,76.375,26.0
612,D,D,4,G,"(0, 2, 6, 9)",V7,G,B,G,76.5,26.0
613,D,D,4,G,"(0, 2, 6, 9)",V7,G,B,G,76.625,26.0
614,D,D,4,G,"(0, 2, 6, 9)",V7,G,B,G,76.75,26.0
615,D,D,4,G,"(0, 2, 6, 9)",V7,G,B,G,76.875,26.0
616,A,D,4,G,"(0, 2, 6, 9)",V7,G,F#,G,77.0,26.0
617,A,D,4,G,"(0, 2, 6, 9)",V7,G,F#,G,77.125,26.0
618,A,D,4,G,"(0, 2, 6, 9)",V7,G,F#,G,77.25,26.0
619,A,D,4,G,"(0, 2, 6, 9)",V7,G,F#,G,77.375,26.0
620,A,D,5,G,"(0, 2, 6, 9)",V7,G,F#,G,77.5,26.0
621,A,D,5,G,"(0, 2, 6, 9)",V7,G,F#,G,77.625,26.0
622,A,D,5,G,"(0, 2, 6, 9)",V7,G,F#,G,77.75,26.0
623,A,D,5,G,"(0, 2, 6, 9)",V7,G,F#,G,77.875,26.0
624,A,D,5,G,"(0, 2, 6, 9)",V7,G,F#,G,78.0,26.0
625,A,D,5,G,"(0, 2, 6, 9)",V7,G,F#,G,78.125,26.0
626,A,D,5,G,"(0, 2, 6, 9)",V7,G,F#,G,78.25,26.0
627,A,D,5,G,"(0, 2, 6, 9)",V7,G,F#,G,78.375,26.0
628,D,G,0,G,"(2, 7, 11)",I,G,B,G,78.5,27.0
629,D,G,1,G,"(2, 7, 11)",I,G,B,G,78.625,27.0
630,D,G,2,G,"(2, 7, 11)",I,G,B,G,78.75,27.0
631,D,G,2,G,"(2, 7, 11)",I,G,B,G,78.875,27.0
632,D,G,3,G,"(2, 7, 11)",I,G,B,G,79.0,27.0
633,D,G,3,G,"(2, 7, 11)",I,G,B,G,79.125,27.0
634,D,G,3,G,"(2, 7, 11)",I,G,B,G,79.25,27.0
635,D,G,3,G,"(2, 7, 11)",I,G,B,G,79.375,27.0
636,D,G,4,G,"(2, 7, 11)",I,G,B,G,79.5,27.0
637,D,G,4,G,"(2, 7, 11)",I,G,B,G,79.625,27.0
638,D,G,4,G,"(2, 7, 11)",I,G,B,G,79.75,27.0
639,D,G,4,G,"(2, 7, 11)",V7,G,B,G,79.875,27.0
640,G,C,0,G,"(0, 4, 7)",IV,C,E,G,80.0,27.0
641,G,C,1,G,"(0, 4, 7)",IV,C,E,G,80.125,27.0
642,G,C,2,G,"(0, 4, 7)",IV,C,E,G,80.25,27.0
643,E,C,2,G,"(0, 4, 7)",IV,C,E,G,80.375,27.0
644,E,G,5,G,"(0, 4, 7)",IV,C,G,G,80.5,27.0
645,E,G,5,G,"(0, 4, 7)",I,C,G,G,80.625,27.0
646,E,G,5,G,"(0, 4, 7)",I,C,G,G,80.75,27.0
647,E,G,5,G,"(0, 4, 7)",I,C,G,G,80.875,27.0
648,E,G,4,G,"(0, 4, 7)",I,C,G,G,81.0,27.0
649,E,G,4,G,"(0, 4, 7)",I,C,G,G,81.125,27.0
650,E,G,4,G,"(0, 4, 7)",I,C,G,G,81.25,27.0
651,E,G,4,G,"(0, 4, 7)",I,C,G,G,81.375,27.0
652,B,D,0,G,"(2, 7, 11)",I,C,G,G,81.5,28.0
653,D,D,1,G,"(2, 7, 11)",I,C,G,G,81.625,28.0
654,D,D,2,G,"(2, 7, 11)",I,C,G,G,81.75,28.0
655,D,D,2,G,"(2, 7, 11)",I,C,G,G,81.875,28.0
656,D,G,3,G,"(2, 7, 11)",I,G,G,G,82.0,28.0
657,D,G,3,G,"(2, 7, 11)",I,G,G,G,82.125,28.0
658,D,G,3,G,"(2, 7, 11)",I,G,G,G,82.25,28.0
659,D,G,3,G,"(2, 7, 11)",I,G,G,G,82.375,28.0
660,D,D,4,G,"(2, 7, 11)",I,G,G,G,82.5,28.0
661,D,D,4,G,"(2, 7, 11)",I,G,G,G,82.625,28.0
662,D,D,4,G,"(2, 7, 11)",I,G,G,G,82.75,28.0
663,D,D,4,G,"(2, 7, 11)",I,G,G,G,82.875,28.0
664,A,D,0,G,"(0, 2, 6, 9)",V7,C,F#,G,83.0,28.0
665,A,D,1,G,"(0, 2, 6, 9)",V7,C,F#,G,83.125,28.0
666,A,D,2,G,"(0, 2, 6, 9)",V7,C,F#,G,83.25,28.0
667,A,D,2,G,"(0, 2, 6, 9)",V7,C,F#,G,83.375,28.0
668,A,D,3,G,"(0, 2, 6, 9)",V7,C,F#,G,83.5,28.0
669,A,D,3,G,"(0, 2, 6, 9)",V7,C,F#,G,83.625,28.0
670,A,D,3,G,"(0, 2, 6, 9)",V7,C,F#,G,83.75,28.0
671,A,D,3,G,"(0, 2, 6, 9)",V7,C,F#,G,83.875,28.0
672,A,D,4,G,"(0, 2, 6, 9)",V7,C,F#,G,84.0,28.0
673,A,D,4,G,"(0, 2, 6, 9)",V7,C,F#,G,84.125,28.0
674,A,D,4,G,"(0, 2, 6, 9)",V7,C,F#,G,84.25,28.0
675,A,D,4,G,"(0, 2, 6, 9)",V7,C,F#,G,84.375,28.0
676,D,G,0,G,"(2, 7, 11)",I,G,B,G,84.5,29.0
677,D,G,1,G,"(2, 7, 11)",I,G,B,G,84.625,29.0
678,D,G,2,G,"(2, 7, 11)",I,G,B,G,84.75,29.0
679,D,G,2,G,"(2, 7, 11)",I,G,B,G,84.875,29.0
680,D,G,3,G,"(2, 7, 11)",I,G,B,G,85.0,29.0
681,D,G,3,G,"(2, 7, 11)",I,G,B,G,85.125,29.0
682,D,G,3,G,"(2, 7, 11)",I,G,B,G,85.25,29.0
683,D,G,3,G,"(2, 7, 11)",I,G,B,G,85.375,29.0
684,D,G,4,G,"(2, 7, 11)",I,G,B,G,85.5,29.0
685,D,G,4,G,"(2, 7, 11)",I,G,B,G,85.625,29.0
686,D,G,4,G,"(2, 7, 11)",I,G,B,G,85.75,29.0
687,D,G,4,G,"(2, 7, 11)",I,G,B,G,85.875,29.0
688,D,G,4,G,"(2, 7, 11)",I,G,B,G,86.0,29.0
689,D,G,4,G,"(2, 7, 11)",I,G,B,G,86.125,29.0
690,D,G,4,G,"(2, 7, 11)",I,G,B,G,86.25,29.0
691,D,G,4,G,"(2, 7, 11)",I,G,B,G,86.375,29.0
692,D,G,5,G,"(2, 7, 11)",I,G,B,G,86.5,29.0
693,D,G,5,G,"(2, 7, 11)",I,G,B,G,86.625,29.0
694,D,G,5,G,"(2, 7, 11)",I,G,B,G,86.75,29.0
695,D,G,5,G,"(2, 7, 11)",I,G,B,G,86.875,29.0
696,D,G,4,G,"(2, 7, 11)",I,G,B,G,87.0,29.0
697,D,G,4,G,"(2, 7, 11)",I,G,B,G,87.125,29.0
698,D,G,4,G,"(2, 7, 11)",I,G,B,G,87.25,29.0
699,D,G,4,G,"(2, 7, 11)",I,G,B,G,87.375,29.0
700,B,E,0,G,"(2, 4, 8, 11)",IV,E,B,G,87.5,30.0
701,B,E,1,G,"(4, 8, 11)",V,E,B,G,87.625,30.0
702,B,E,2,G,"(4, 8, 11)",V,E,B,G,87.75,30.0
703,B,E,2,G,"(4, 8, 11)",V,E,B,G,87.875,30.0
704,B,E,3,G,"(4, 8, 11)",V,E,B,G,88.0,30.0
705,B,E,3,G,"(4, 8, 11)",V,E,B,G,88.125,30.0
706,B,E,3,G,"(4, 8, 11)",V,E,B,G,88.25,30.0
707,B,E,3,G,"(4, 8, 11)",V,E,B,G,88.375,30.0
708,B,E,4,G,"(4, 8, 11)",V,E,B,G,88.5,30.0
709,B,E,4,G,"(4, 8, 11)",V,E,B,G,88.625,30.0
710,B,E,4,G,"(4, 8, 11)",V,E,B,G,88.75,30.0
711,B,E,4,G,"(4, 8, 11)",V,E,B,G,88.875,30.0
712,B,G#,4,G,"(2, 4, 8, 11)",V,E,B,a,89.0,30.0
713,B,G#,4,G,"(2, 4, 8, 11)",V,E,B,a,89.125,30.0
714,B,G#,4,G,"(2, 4, 8, 11)",V,E,B,a,89.25,30.0
715,B,G#,4,G,"(2, 4, 8, 11)",V,E,B,a,89.375,30.0
716,D,G#,5,G,"(2, 4, 8, 11)",V,E,B,a,89.5,30.0
717,D,G#,5,G,"(2, 4, 8, 11)",V,E,B,a,89.625,30.0
718,D,G#,5,G,"(2, 4, 8, 11)",V,E,B,a,89.75,30.0
719,D,G#,5,G,"(2, 4, 8, 11)",V,E,B,a,89.875,30.0
720,D,G#,5,G,"(2, 4, 8, 11)",V,E,B,G,90.0,30.0
721,D,G#,5,G,"(2, 4, 8, 11)",V,E,B,G,90.125,30.0
722,D,G#,5,G,"(2, 4, 8, 11)",V,E,B,G,90.25,30.0
723,D,G#,5,G,"(2, 4, 8, 11)",V,E,B,G,90.375,30.0
724,E,A,0,G,"(0, 4, 9)",ii,A,C,G,90.5,31.0
725,E,A,1,G,"(0, 4, 9)",ii,A,C,G,90.625,31.0
726,E,A,2,G,"(0, 4, 9)",ii,A,C,G,90.75,31.0
727,E,A,2,G,"(0, 4, 9)",ii,A,C,G,90.875,31.0
728,E,A,3,G,"(0, 4, 9)",ii,A,C,G,91.0,31.0
729,E,A,3,G,"(0, 4, 9)",ii,A,C,G,91.125,31.0
730,E,A,3,G,"(0, 4, 9)",ii,A,C,G,91.25,31.0
731,E,A,3,G,"(0, 4, 9)",ii,A,C,G,91.375,31.0
732,E,A,4,G,"(0, 4, 9)",ii,A,C,G,91.5,31.0
733,E,A,4,G,"(0, 4, 9)",ii,A,C,G,91.625,31.0
734,E,A,4,G,"(0, 4, 9)",ii,A,C,G,91.75,31.0
735,E,A,4,G,"(0, 4, 9)",ii,A,C,G,91.875,31.0
736,E,A,4,G,"(0, 4, 9)",ii,A,C,G,92.0,31.0
737,E,A,4,G,"(0, 4, 9)",ii,A,C,G,92.125,31.0
738,E,A,4,G,"(0, 4, 9)",ii,A,C,G,92.25,31.0
739,E,A,4,G,"(0, 4, 9)",ii,A,C,G,92.375,31.0
740,E,A,5,G,"(0, 4, 9)",ii,A,C,G,92.5,31.0
741,E,A,5,G,"(0, 4, 9)",ii,A,C,G,92.625,31.0
742,E,A,5,G,"(0, 4, 9)",ii,A,C,G,92.75,31.0
743,E,A,5,G,"(0, 4, 9)",ii,A,C,G,92.875,31.0
744,E,A,5,G,"(0, 4, 9)",ii,A,C,G,93.0,31.0
745,E,A,5,G,"(0, 4, 9)",ii,A,C,G,93.125,31.0
746,E,A,5,G,"(0, 4, 9)",ii,A,C,G,93.25,31.0
747,E,A,5,G,"(0, 4, 9)",ii,A,C,G,93.375,31.0
748,A,D,0,G,"(2, 6, 9)",V,D,F#,G,93.5,32.0
749,A,D,1,G,"(2, 6, 9)",V,D,F#,G,93.625,32.0
750,A,D,2,G,"(2, 6, 9)",V,D,F#,G,93.75,32.0
751,A,D,2,G,"(2, 6, 9)",V,D,F#,G,93.875,32.0
752,A,D,3,G,"(2, 6, 9)",V,D,F#,G,94.0,32.0
753,A,D,3,G,"(2, 6, 9)",V,D,F#,G,94.125,32.0
754,A,D,3,G,"(2, 6, 9)",V,D,F#,G,94.25,32.0
755,A,D,3,G,"(2, 6, 9)",V,D,F#,G,94.375,32.0
756,A,D,4,G,"(2, 6, 9)",V,D,F#,G,94.5,32.0
757,A,D,4,G,"(2, 6, 9)",V,D,F#,G,94.625,32.0
758,A,D,4,G,"(2, 6, 9)",V,D,F#,G,94.75,32.0
759,A,D,4,G,"(2, 6, 9)",V,D,F#,G,94.875,32.0
760,A,D,4,G,"(2, 6, 9)",V,D,F#,G,95.0,32.0
761,A,D,4,G,"(2, 6, 9)",V,D,F#,G,95.125,32.0
762,A,D,4,G,"(2, 6, 9)",V,D,F#,G,95.25,32.0
763,A,D,4,G,"(2, 6, 9)",V,D,F#,G,95.375,32.0
764,A,D,5,G,"(2, 6, 9)",V,D,F#,G,95.5,32.0
765,A,D,5,G,"(2, 6, 9)",V,D,F#,G,95.625,32.0
766,A,D,5,G,"(2, 6, 9)",V,D,F#,G,95.75,32.0
767,A,D,5,G,"(2, 6, 9)",V,D,F#,G,95.875,32.0
768,A,D,5,G,"(2, 6, 9)",V,D,F#,G,96.0,32.0
769,A,D,5,G,"(2, 6, 9)",V,D,F#,G,96.125,32.0
770,A,D,5,G,"(2, 6, 9)",V,D,F#,G,96.25,32.0
771,A,D,5,G,"(2, 6, 9)",V,D,F#,G,96.375,32.0
772,D,G,0,G,"(2, 7, 11)",I,G,B,G,96.5,33.0
773,D,G,1,G,"(2, 7, 11)",I,G,B,G,96.625,33.0
774,D,G,2,G,"(2, 7, 11)",I,G,B,G,96.75,33.0
775,D,G,2,G,"(2, 7, 11)",I,G,B,G,96.875,33.0
776,D,G,3,G,"(2, 7, 11)",I,G,B,G,97.0,33.0
777,D,G,3,G,"(2, 7, 11)",I,G,B,G,97.125,33.0
778,D,G,3,G,"(2, 7, 11)",I,G,B,G,97.25,33.0
779,D,G,3,G,"(2, 7, 11)",I,G,B,G,97.375,33.0
780,D,G,4,G,"(2, 7, 11)",I,G,B,G,97.5,33.0
781,D,G,4,G,"(2, 7, 11)",I,G,B,G,97.625,33.0
782,D,G,4,G,"(2, 7, 11)",I,G,B,G,97.75,33.0
783,D,G,4,G,"(2, 7, 11)",I,G,B,G,97.875,33.0
784,D,G,4,G,"(2, 7, 11)",I,G,B,G,98.0,33.0
785,D,G,4,G,"(2, 7, 11)",I,G,B,G,98.125,33.0
786,D,G,4,G,"(2, 7, 11)",I,G,B,G,98.25,33.0
787,D,G,4,G,"(2, 7, 11)",I,G,B,G,98.375,33.0
788,D,G,5,G,"(2, 7, 11)",I,G,B,G,98.5,33.0
789,D,G,5,G,"(2, 7, 11)",I,G,B,G,98.625,33.0
790,D,G,5,G,"(2, 7, 11)",I,G,B,G,98.75,33.0
791,D,G,5,G,"(2, 7, 11)",I,G,B,G,98.875,33.0
792,D,G,5,G,"(2, 7, 11)",I,G,B,G,99.0,33.0
793,D,G,5,G,"(2, 7, 11)",I,G,B,G,99.125,33.0
794,D,G,5,G,"(2, 7, 11)",I,G,B,G,99.25,33.0
795,D,G,5,G,"(2, 7, 11)",I,G,B,G,99.375,33.0
796,A,E,0,G,"(1, 4, 7, 9)",V7,C#,G,D,99.5,34.0
797,A,E,1,G,"(1, 4, 7, 9)",V7,C#,G,D,99.625,34.0
798,A,E,2,G,"(1, 4, 7, 9)",V7,C#,G,D,99.75,34.0
799,A,E,2,G,"(1, 4, 7, 9)",V7,C#,G,D,99.875,34.0
800,A,E,3,G,"(1, 4, 7, 9)",V7,C#,G,D,100.0,34.0
801,A,E,3,G,"(1, 4, 7, 9)",V7,C#,G,D,100.125,34.0
802,A,E,3,G,"(1, 4, 7, 9)",V7,C#,G,D,100.25,34.0
803,A,E,3,G,"(1, 4, 7, 9)",V7,C#,G,D,100.375,34.0
804,A,E,4,G,"(1, 4, 7, 9)",V7,C#,G,D,100.5,34.0
805,A,E,4,G,"(1, 4, 7, 9)",V7,C#,G,D,100.625,34.0
806,A,E,4,G,"(1, 4, 7, 9)",V7,C#,G,D,100.75,34.0
807,A,E,4,G,"(1, 4, 7, 9)",V7,C#,G,D,100.875,34.0
808,A,E,4,G,"(1, 4, 7, 9)",V7,C#,G,D,101.0,34.0
809,A,E,4,G,"(1, 4, 7, 9)",V7,C#,G,D,101.125,34.0
810,A,E,4,G,"(1, 4, 7, 9)",V7,C#,G,D,101.25,34.0
811,A,E,4,G,"(1, 4, 7, 9)",V7,C#,G,D,101.375,34.0
812,A,E,5,G,"(1, 4, 7, 9)",V7,C#,G,D,101.5,34.0
813,A,E,5,G,"(1, 4, 7, 9)",V7,C#,G,D,101.625,34.0
814,A,E,5,G,"(1, 4, 7, 9)",V7,C#,G,D,101.75,34.0
815,A,E,5,G,"(1, 4, 7, 9)",V7,C#,G,D,101.875,34.0
816,A,E,5,G,"(1, 4, 7, 9)",V7,C#,G,D,102.0,34.0
817,A,E,5,G,"(1, 4, 7, 9)",V7,C#,G,D,102.125,34.0
818,A,E,5,G,"(1, 4, 7, 9)",V7,C#,G,D,102.25,34.0
819,A,E,5,G,"(1, 4, 7, 9)",V7,C#,G,D,102.375,34.0
820,A,D,0,G,"(2, 6, 9)",V,D,F#,G,102.5,35.0
821,A,D,1,G,"(2, 6, 9)",V,D,F#,G,102.625,35.0
822,A,D,2,G,"(2, 6, 9)",V,D,F#,G,102.75,35.0
823,A,D,2,G,"(2, 6, 9)",V,D,F#,G,102.875,35.0
824,A,D,3,G,"(2, 6, 9)",V,D,F#,G,103.0,35.0
825,A,D,3,G,"(2, 6, 9)",V,D,F#,G,103.125,35.0
826,A,D,3,G,"(2, 6, 9)",V,D,F#,G,103.25,35.0
827,A,D,3,G,"(2, 6, 9)",V,D,F#,G,103.375,35.0
828,A,D,4,G,"(2, 6, 9)",V,D,F#,G,103.5,35.0
829,A,D,4,G,"(2, 6, 9)",V,D,F#,G,103.625,35.0
830,A,D,4,G,"(2, 6, 9)",V,D,F#,G,103.75,35.0
831,A,D,4,G,"(2, 6, 9)",V,D,F#,G,103.875,35.0
832,A,D,4,G,"(2, 6, 9)",V,D,F#,G,104.0,35.0
833,A,D,4,G,"(2, 6, 9)",V,D,F#,G,104.125,35.0
834,A,D,4,G,"(2, 6, 9)",V,D,F#,G,104.25,35.0
835,A,D,4,G,"(2, 6, 9)",V,D,F#,G,104.375,35.0
836,A,D,5,G,"(2, 6, 9)",V,D,F#,G,104.5,35.0
837,A,D,5,G,"(2, 6, 9)",V,D,F#,G,104.625,35.0
838,A,D,5,G,"(2, 6, 9)",V,D,F#,G,104.75,35.0
839,A,D,5,G,"(2, 6, 9)",V,D,F#,G,104.875,35.0
840,A,D,5,G,"(2, 6, 9)",V,D,F#,G,105.0,35.0
841,A,D,5,G,"(2, 6, 9)",V,D,F#,G,105.125,35.0
842,A,D,5,G,"(2, 6, 9)",V,D,F#,G,105.25,35.0
843,A,D,5,G,"(2, 6, 9)",V,D,F#,G,105.375,35.0
844,A,D,0,G,"(2, 6, 9)",V7,D,F#,G,105.5,36.0
845,A,D,1,G,"(0, 2, 6, 9)",V7,D,F#,G,105.625,36.0
846,A,D,2,G,"(0, 2, 6, 9)",V7,D,F#,G,105.75,36.0
847,A,D,2,G,"(0, 2, 6, 9)",V7,D,F#,G,105.875,36.0
848,A,D,3,G,"(0, 2, 6, 9)",V7,D,F#,G,106.0,36.0
849,A,D,3,G,"(0, 2, 6, 9)",V7,D,F#,G,106.125,36.0
850,A,D,3,G,"(0, 2, 6, 9)",V7,D,F#,G,106.25,36.0
851,A,D,3,G,"(0, 2, 6, 9)",V7,D,F#,G,106.375,36.0
852,A,D,4,G,"(0, 2, 6, 9)",V7,D,F#,G,106.5,36.0
853,A,D,4,G,"(0, 2, 6, 9)",V7,D,F#,G,106.625,36.0
854,A,D,4,G,"(0, 2, 6, 9)",V7,D,F#,G,106.75,36.0
855,A,D,4,G,"(0, 2, 6, 9)",V7,D,F#,G,106.875,36.0
856,A,D,0,G,"(2, 7, 11)",I,D,G,G,107.0,36.0
857,A,D,1,G,"(2, 7, 11)",I,D,G,G,107.125,36.0
858,A,D,2,G,"(2, 7, 11)",I,G,G,G,107.25,36.0
859,A,D,2,G,"(2, 7, 11)",I,G,G,G,107.375,36.0
860,A,D,5,G,"(2, 6, 9)",I,G,F#,G,107.5,36.0
861,A,D,5,G,"(2, 6, 9)",I,G,F#,G,107.625,36.0
862,A,D,5,G,"(2, 6, 9)",I,G,F#,G,107.75,36.0
863,A,D,5,G,"(2, 6, 9)",I,G,F#,G,107.875,36.0
864,A,D,5,G,"(2, 6, 9)",I,G,F#,G,108.0,36.0
865,A,D,5,G,"(2, 6, 9)",I,G,F#,G,108.125,36.0
866,A,D,5,G,"(2, 6, 9)",I,G,F#,G,108.25,36.0
867,A,D,5,G,"(2, 6, 9)",I,G,F#,G,108.375,36.0
868,A,D,0,G,"(2, 6, 9)",V,D,F#,G,108.5,37.0
869,A,D,1,G,"(2, 6, 9)",V,D,F#,G,108.625,37.0
870,A,D,2,G,"(2, 6, 9)",V,D,F#,G,108.75,37.0
871,A,D,2,G,"(2, 6, 9)",V,D,F#,G,108.875,37.0
872,A,D,3,G,"(2, 6, 9)",V,D,F#,G,109.0,37.0
873,A,D,3,G,"(2, 6, 9)",V,D,F#,G,109.125,37.0
874,A,D,3,G,"(2, 6, 9)",V,D,F#,G,109.25,37.0
875,A,D,3,G,"(2, 6, 9)",V,D,F#,G,109.375,37.0
876,A,D,4,G,"(2, 6, 9)",V,D,F#,G,109.5,37.0
877,A,D,4,G,"(2, 6, 9)",V,D,F#,G,109.625,37.0
878,A,D,4,G,"(2, 6, 9)",V,D,F#,G,109.75,37.0
879,A,D,4,G,"(2, 6, 9)",V,D,F#,G,109.875,37.0
880,A,D,4,G,"(2, 6, 9)",V,D,F#,G,110.0,37.0
881,A,D,4,G,"(2, 6, 9)",V,D,F#,G,110.125,37.0
882,A,D,4,G,"(2, 6, 9)",V,D,F#,G,110.25,37.0
883,A,D,4,G,"(2, 6, 9)",V,D,F#,G,110.375,37.0
884,A,D,5,G,"(2, 6, 9)",V,D,F#,G,110.5,37.0
885,A,D,5,G,"(2, 6, 9)",V,D,F#,G,110.625,37.0
886,A,D,5,G,"(2, 6, 9)",V,D,F#,G,110.75,37.0
887,A,D,5,G,"(2, 6, 9)",V,D,F#,G,110.875,37.0
888,A,D,5,G,"(2, 6, 9)",V,D,F#,G,111.0,37.0
889,A,D,5,G,"(2, 6, 9)",V,D,F#,G,111.125,37.0
890,A,D,5,G,"(2, 6, 9)",V,D,F#,G,111.25,37.0
891,A,D,5,G,"(2, 6, 9)",V,D,F#,G,111.375,37.0
892,D,G,0,G,"(2, 7, 11)",I,G,B,G,111.5,38.0
893,D,G,1,G,"(2, 7, 11)",I,G,B,G,111.625,38.0
894,D,G,2,G,"(2, 7, 11)",I,G,B,G,111.75,38.0
895,D,G,2,G,"(2, 7, 11)",I,G,B,G,111.875,38.0
896,D,G,3,G,"(2, 7, 11)",I,G,B,G,112.0,38.0
897,D,G,3,G,"(2, 7, 11)",I,G,B,G,112.125,38.0
898,D,G,3,G,"(2, 7, 11)",I,G,B,G,112.25,38.0
899,D,G,3,G,"(2, 7, 11)",I,G,B,G,112.375,38.0
900,D,D,4,G,"(2, 7, 11)",V7,G,B,G,112.5,38.0
901,D,D,4,G,"(2, 7, 11)",V7,G,B,G,112.625,38.0
902,D,D,4,G,"(2, 7, 11)",V7,G,B,G,112.75,38.0
903,D,D,4,G,"(2, 7, 11)",V7,G,B,G,112.875,38.0
904,A,D,4,G,"(0, 2, 6, 9)",V7,C,F#,G,113.0,38.0
905,A,D,4,G,"(0, 2, 6, 9)",V7,C,F#,G,113.125,38.0
906,A,D,4,G,"(0, 2, 6, 9)",V7,C,F#,G,113.25,38.0
907,A,D,2,G,"(0, 2, 6, 9)",V7,C,F#,G,113.375,38.0
908,A,D,5,G,"(0, 2, 6, 9)",V7,C,F#,G,113.5,38.0
909,A,D,5,G,"(0, 2, 6, 9)",V7,C,F#,G,113.625,38.0
910,A,D,5,G,"(0, 2, 6, 9)",V7,C,F#,G,113.75,38.0
911,A,D,5,G,"(0, 2, 6, 9)",V7,C,F#,G,113.875,38.0
912,A,D,5,G,"(0, 2, 6, 9)",V7,C,F#,G,114.0,38.0
913,A,D,5,G,"(0, 2, 6, 9)",V7,C,F#,G,114.125,38.0
914,A,D,5,G,"(0, 2, 6, 9)",V7,C,F#,G,114.25,38.0
915,A,D,5,G,"(0, 2, 6, 9)",V7,C,F#,G,114.375,38.0
916,D,G,0,G,"(2, 7, 11)",I,G,B,G,114.5,39.0
917,D,G,1,G,"(2, 7, 11)",I,G,B,G,114.625,39.0
918,D,G,2,G,"(2, 7, 11)",I,G,B,G,114.75,39.0
919,D,G,2,G,"(2, 7, 11)",I,G,B,G,114.875,39.0
920,D,G,3,G,"(2, 7, 11)",I,G,B,G,115.0,39.0
921,D,G,3,G,"(2, 7, 11)",I,G,B,G,115.125,39.0
922,D,G,3,G,"(2, 7, 11)",I,G,B,G,115.25,39.0
923,D,G,3,G,"(2, 7, 11)",I,G,B,G,115.375,39.0
924,D,G,4,G,"(2, 7, 11)",I,G,B,G,115.5,39.0
925,D,G,4,G,"(2, 7, 11)",I,G,B,G,115.625,39.0
926,D,G,4,G,"(2, 7, 11)",I,G,B,G,115.75,39.0
927,D,G,4,G,"(2, 7, 11)",I,G,B,G,115.875,39.0
928,G,C,0,G,"(0, 4, 7)",IV,C,E,G,116.0,39.0
929,G,C,1,G,"(0, 4, 7)",IV,C,E,G,116.125,39.0
930,G,C,2,G,"(0, 4, 7)",IV,C,E,G,116.25,39.0
931,G,C,2,G,"(0, 4, 7)",IV,C,E,G,116.375,39.0
932,D,G,3,G,"(0, 4, 7)",IV,C,C,G,116.5,39.0
933,D,G,3,G,"(0, 4, 7)",IV,C,B,G,116.625,39.0
934,D,G,3,G,"(0, 4, 7)",IV,C,C,G,116.75,39.0
935,D,G,3,G,"(0, 4, 7)",IV,C,B,G,116.875,39.0
936,D,G,4,G,"(0, 4, 7)",IV,C,E,G,117.0,39.0
937,D,G,4,G,"(0, 4, 7)",IV,C,E,G,117.125,39.0
938,C,G,4,G,"(0, 4, 7)",IV,C,E,G,117.25,39.0
939,C,G,4,G,"(0, 4, 7)",IV,C,E,G,117.375,39.0
940,B,D,0,G,"(2, 7, 11)",I,C,G,G,117.5,40.0
941,D,D,1,G,"(2, 7, 11)",I,C,G,G,117.625,40.0
942,D,D,2,G,"(2, 7, 11)",I,C,G,G,117.75,40.0
943,D,D,2,G,"(2, 7, 11)",I,C,G,G,117.875,40.0
944,D,G,3,G,"(2, 7, 11)",I,C,G,G,118.0,40.0
945,D,G,3,G,"(2, 7, 11)",I,G,G,G,118.125,40.0
946,D,G,3,G,"(2, 7, 11)",I,G,G,G,118.25,40.0
947,D,G,3,G,"(2, 7, 11)",I,G,G,G,118.375,40.0
948,D,G,4,G,"(2, 7, 11)",I,G,G,G,118.5,40.0
949,D,G,4,G,"(2, 7, 11)",I,G,G,G,118.625,40.0
950,D,D,4,G,"(2, 7, 11)",I,G,G,G,118.75,40.0
951,D,D,4,G,"(2, 7, 11)",I,G,G,G,118.875,40.0
952,A,D,0,G,"(0, 2, 6, 9)",V7,C,F#,G,119.0,40.0
953,A,D,1,G,"(0, 2, 6, 9)",V7,C,F#,G,119.125,40.0
954,A,D,2,G,"(0, 2, 6, 9)",V7,C,F#,G,119.25,40.0
955,A,D,2,G,"(0, 2, 6, 9)",V7,C,F#,G,119.375,40.0
956,A,D,3,G,"(0, 2, 6, 9)",V7,C,F#,G,119.5,40.0
957,A,D,3,G,"(0, 2, 6, 9)",V7,C,F#,G,119.625,40.0
958,A,D,3,G,"(0, 2, 6, 9)",V7,C,F#,G,119.75,40.0
959,A,D,3,G,"(0, 2, 6, 9)",V7,C,F#,G,119.875,40.0
960,A,D,4,G,"(0, 2, 6, 9)",V7,C,F#,G,120.0,40.0
961,A,D,4,G,"(0, 2, 6, 9)",V7,C,F#,G,120.125,40.0
962,A,D,4,G,"(0, 2, 6, 9)",V7,C,F#,G,120.25,40.0
963,A,D,4,G,"(0, 2, 6, 9)",V7,C,F#,G,120.375,40.0
964,D,G,0,G,"(2, 7, 11)",I,G,B,G,120.5,41.0
965,D,G,1,G,"(2, 7, 11)",I,G,B,G,120.625,41.0
966,D,G,2,G,"(2, 7, 11)",I,G,B,G,120.75,41.0
967,D,G,2,G,"(2, 7, 11)",I,G,B,G,120.875,41.0
968,D,G,3,G,"(2, 7, 11)",I,G,B,G,121.0,41.0
969,D,G,3,G,"(2, 7, 11)",I,G,B,G,121.125,41.0
970,D,G,3,G,"(2, 7, 11)",I,G,B,G,121.25,41.0
971,D,G,3,G,"(2, 7, 11)",I,G,B,G,121.375,41.0
972,D,G,4,G,"(2, 7, 11)",I,G,B,G,121.5,41.0
973,D,G,4,G,"(2, 7, 11)",I,G,B,G,121.625,41.0
974,D,G,4,G,"(2, 7, 11)",I,G,B,G,121.75,41.0
975,D,G,4,G,"(2, 7, 11)",I,G,B,G,121.875,41.0
976,D,G,4,G,"(2, 7, 11)",I,G,B,G,122.0,41.0
977,D,G,4,G,"(2, 7, 11)",I,G,B,G,122.125,41.0
978,D,G,4,G,"(2, 7, 11)",I,G,B,G,122.25,41.0
979,D,G,4,G,"(2, 7, 11)",I,G,B,G,122.375,41.0
980,D,G,5,G,"(2, 7, 11)",I,G,B,G,122.5,41.0
981,D,G,5,G,"(2, 7, 11)",I,G,B,G,122.625,41.0
982,D,G,5,G,"(2, 7, 11)",I,G,B,G,122.75,41.0
983,D,G,5,G,"(2, 7, 11)",I,G,B,G,122.875,41.0
984,D,G,4,G,"(2, 7, 11)",I,G,B,G,123.0,41.0
985,D,G,4,G,"(2, 7, 11)",I,G,B,G,123.125,41.0
986,D,G,4,G,"(2, 7, 11)",I,G,B,G,123.25,41.0
987,D,G,4,G,"(2, 7, 11)",I,G,B,G,123.375,41.0
988,D,G,0,G,"(2, 7, 11)",I,G,B,G,123.5,42.0
989,D,G,1,G,"(2, 7, 11)",I,G,B,G,123.625,42.0
990,D,G,2,G,"(2, 7, 11)",I,G,B,G,123.75,42.0
991,D,G,2,G,"(2, 7, 11)",I,G,B,G,123.875,42.0
992,D,G,3,G,"(2, 7, 11)",I,G,B,G,124.0,42.0
993,D,G,3,G,"(2, 7, 11)",I,G,B,G,124.125,42.0
994,D,G,3,G,"(2, 7, 11)",I,G,B,G,124.25,42.0
995,D,G,3,G,"(2, 7, 11)",I,G,B,G,124.375,42.0
996,D,G,4,G,"(2, 7, 11)",I,G,B,G,124.5,42.0
997,D,G,4,G,"(2, 7, 11)",I,G,B,G,124.625,42.0
998,D,G,4,G,"(2, 7, 11)",I,G,B,G,124.75,42.0
999,D,G,4,G,"(2, 7, 11)",I,G,B,G,124.875,42.0
1000,D,G,4,G,"(2, 7, 11)",I,G,B,G,125.0,42.0
1001,D,G,4,G,"(2, 7, 11)",I,G,B,G,125.125,42.0
1002,D,G,4,G,"(2, 7, 11)",I,G,B,G,125.25,42.0
1003,D,G,4,G,"(2, 7, 11)",I,G,B,G,125.375,42.0
1004,D,G,5,G,"(2, 7, 11)",I,G,B,G,125.5,42.0
1005,D,G,5,G,"(2, 7, 11)",I,G,B,G,125.625,42.0
1006,D,G,5,G,"(2, 7, 11)",I,G,B,G,125.75,42.0
1007,D,G,5,G,"(2, 7, 11)",I,G,B,G,125.875,42.0
1008,D,D,0,G,"(2, 7, 11)",I,G,F#,G,126.0,42.0
1009,D,D,1,G,"(2, 7, 11)",I,G,F#,G,126.125,42.0
1010,D,D,5,G,"(2, 7, 11)",I,G,F#,G,126.25,42.0
1011,D,D,2,G,"(2, 7, 11)",I,G,F#,G,126.375,42.0
1012,D,G,0,G,"(2, 7, 11)",I,G,B,G,126.5,43.0
1013,D,G,1,G,"(2, 7, 11)",I,G,B,G,126.625,43.0
1014,D,G,2,G,"(2, 7, 11)",I,G,B,G,126.75,43.0
1015,D,G,2,G,"(2, 7, 11)",I,G,B,G,126.875,43.0
1016,D,G,3,G,"(2, 7, 11)",I,G,B,G,127.0,43.0
1017,D,G,3,G,"(2, 7, 11)",I,G,B,G,127.125,43.0
1018,D,G,3,G,"(2, 7, 11)",I,G,B,G,127.25,43.0
1019,D,G,3,G,"(2, 7, 11)",I,G,B,G,127.375,43.0
1020,D,G,4,G,"(0, 2, 6, 9)",V7,C,B,G,127.5,43.0
1021,D,G,4,G,"(0, 2, 6, 9)",V7,C,F#,G,127.625,43.0
1022,D,G,4,G,"(0, 2, 6, 9)",V7,C,F#,G,127.75,43.0
1023,D,G,4,G,"(0, 2, 6, 9)",V7,C,F#,G,127.875,43.0
1024,A,F#,4,G,"(0, 2, 6, 9)",V7,C,F#,G,128.0,43.0
1025,A,F#,4,G,"(0, 2, 6, 9)",V7,C,F#,G,128.125,43.0
1026,A,F#,4,G,"(0, 2, 6, 9)",V7,C,F#,G,128.25,43.0
1027,A,F#,4,G,"(0, 2, 6, 9)",V7,C,F#,G,128.375,43.0
1028,A,F#,5,G,"(0, 2, 6, 9)",V7,C,F#,G,128.5,43.0
1029,A,F#,5,G,"(0, 2, 6, 9)",V7,C,F#,G,128.625,43.0
1030,A,F#,5,G,"(0, 2, 6, 9)",V7,C,F#,G,128.75,43.0
1031,A,F#,5,G,"(0, 2, 6, 9)",V7,C,F#,G,128.875,43.0
1032,A,F#,4,G,"(0, 2, 6, 9)",V7,C,F#,G,129.0,43.0
1033,A,F#,4,G,"(0, 2, 6, 9)",V7,C,F#,G,129.125,43.0
1034,A,F#,4,G,"(0, 2, 6, 9)",V7,C,F#,G,129.25,43.0
1035,A,F#,4,G,"(0, 2, 6, 9)",V7,C,F#,G,129.375,43.0
1036,D,G,0,G,"(2, 7, 11)",I,G,B,G,129.5,44.0
1037,D,G,1,G,"(2, 7, 11)",I,G,B,G,129.625,44.0
1038,D,G,2,G,"(2, 7, 11)",I,G,B,G,129.75,44.0
1039,D,G,2,G,"(2, 7, 11)",I,G,B,G,129.875,44.0
1040,D,G,3,G,"(2, 7, 11)",I,G,B,G,130.0,44.0
1041,D,G,3,G,"(2, 7, 11)",I,G,B,G,130.125,44.0
1042,D,G,3,G,"(2, 7, 11)",I,G,B,G,130.25,44.0
1043,D,G,3,G,"(2, 7, 11)",I,G,B,G,130.375,44.0
1044,D,G,4,G,"(2, 7, 11)",I,G,B,G,130.5,44.0
1045,D,G,4,G,"(2, 7, 11)",I,G,B,G,130.625,44.0
1046,D,G,4,G,"(2, 7, 11)",I,G,B,G,130.75,44.0
1047,D,G,4,G,"(2, 7, 11)",I,G,B,G,130.875,44.0
1048,D,G,4,G,"(2, 7, 11)",I,G,B,G,131.0,44.0
1049,D,G,4,G,"(2, 7, 11)",I,G,B,G,131.125,44.0
1050,D,G,4,G,"(2, 7, 11)",I,G,B,G,131.25,44.0
1051,D,G,4,G,"(2, 7, 11)",I,G,B,G,131.375,44.0
1052,D,G,5,G,"(2, 7, 11)",I,G,B,G,131.5,44.0
1053,D,G,5,G,"(2, 7, 11)",I,G,B,G,131.625,44.0
1054,D,G,5,G,"(2, 7, 11)",I,G,B,G,131.75,44.0
1055,D,G,5,G,"(2, 7, 11)",I,G,B,G,131.875,44.0
1056,D,G,5,G,"(2, 7, 11)",I,G,B,G,132.0,44.0
1057,D,G,5,G,"(2, 7, 11)",I,G,B,G,132.125,44.0
1058,D,G,5,G,"(2, 7, 11)",I,G,B,G,132.25,44.0
1059,D,G,5,G,"(2, 7, 11)",I,G,B,G,132.375,44.0
1060,D,B,0,G,"(2, 7, 11)",I,G,D,G,132.5,45.0
1061,D,G,1,G,"(2, 7, 11)",I,G,D,G,132.625,45.0
1062,D,G,2,G,"(2, 7, 11)",I,G,D,G,132.75,45.0
1063,D,G,2,G,"(2, 7, 11)",I,G,D,G,132.875,45.0
1064,D,G,3,G,"(2, 7, 11)",I,G,B,G,133.0,45.0
1065,D,G,3,G,"(2, 7, 11)",I,G,B,G,133.125,45.0
1066,D,G,3,G,"(2, 7, 11)",I,G,B,G,133.25,45.0
1067,D,G,3,G,"(2, 7, 11)",I,G,B,G,133.375,45.0
1068,D,G,4,G,"(2, 7, 11)",I,G,B,G,133.5,45.0
1069,D,G,4,G,"(2, 7, 11)",I,G,B,G,133.625,45.0
1070,D,G,4,G,"(2, 7, 11)",I,G,B,G,133.75,45.0
1071,D,G,4,G,"(2, 7, 11)",I,G,B,G,133.875,45.0
1072,E,C,0,G,"(0, 4, 7)",IV,G,E,G,134.0,45.0
1073,E,C,1,G,"(0, 4, 7)",IV,G,E,G,134.125,45.0
1074,E,C,2,G,"(0, 4, 7)",IV,G,E,G,134.25,45.0
1075,E,C,2,G,"(0, 4, 7)",IV,G,E,G,134.375,45.0
1076,G,C,3,G,"(0, 4, 7, 9)",IV,G,E,G,134.5,45.0
1077,G,C,1,G,"(0, 4, 7, 9)",IV,G,E,G,134.625,45.0
1078,G,C,3,G,"(0, 4, 7, 9)",IV,G,E,G,134.75,45.0
1079,G,C,3,G,"(0, 4, 7, 9)",IV,G,E,G,134.875,45.0
1080,G,C,0,G,"(2, 7, 11)",IV,G,E,G,135.0,45.0
1081,G,C,1,G,"(2, 7, 11)",IV,G,E,G,135.125,45.0
1082,G,C,4,G,"(2, 7, 11)",IV,G,E,G,135.25,45.0
1083,G,C,2,G,"(2, 7, 11)",IV,G,E,G,135.375,45.0
1084,A,D,0,G,"(2, 6, 9)",V,D,F#,G,135.5,46.0
1085,A,D,1,G,"(2, 6, 9)",V,D,F#,G,135.625,46.0
1086,A,D,2,G,"(2, 6, 9)",V,D,F#,G,135.75,46.0
1087,A,D,2,G,"(2, 6, 9)",V,D,F#,G,135.875,46.0
1088,A,D,3,G,"(2, 6, 9)",V,D,F#,G,136.0,46.0
1089,A,D,3,G,"(2, 6, 9)",V,D,F#,G,136.125,46.0
1090,A,D,3,G,"(2, 6, 9)",V,D,F#,G,136.25,46.0
1091,A,D,3,G,"(2, 6, 9)",V,D,F#,G,136.375,46.0
1092,A,D,4,G,"(2, 6, 9)",V,D,F#,G,136.5,46.0
1093,A,D,4,G,"(2, 6, 9)",V,D,F#,G,136.625,46.0
1094,A,D,4,G,"(2, 6, 9)",V,D,F#,G,136.75,46.0
1095,A,D,4,G,"(2, 6, 9)",V,D,F#,G,136.875,46.0
1096,A,D,4,G,"(2, 6, 9)",V,D,F#,G,137.0,46.0
1097,A,D,4,G,"(2, 6, 9)",V,D,F#,G,137.125,46.0
1098,A,D,4,G,"(2, 6, 9)",V,D,F#,G,137.25,46.0
1099,A,D,4,G,"(2, 6, 9)",V,D,F#,G,137.375,46.0
1100,A,D,5,G,"(2, 6, 9)",V7,D,F#,G,137.5,46.0
1101,A,D,5,G,"(2, 6, 9)",V7,D,F#,G,137.625,46.0
1102,A,D,5,G,"(2, 6, 9)",V7,D,F#,G,137.75,46.0
1103,A,D,5,G,"(2, 6, 9)",V7,D,F#,G,137.875,46.0
1104,A,D,5,G,"(0, 2, 6, 9)",V7,D,F#,G,138.0,46.0
1105,A,D,5,G,"(0, 2, 6, 9)",V7,D,F#,G,138.125,46.0
1106,A,D,5,G,"(0, 2, 6, 9)",V7,D,F#,G,138.25,46.0
1107,A,D,5,G,"(0, 2, 6, 9)",V7,D,F#,G,138.375,46.0
1108,D,G,0,G,"(2, 7, 11)",I,G,B,G,138.5,47.0
1109,D,G,1,G,"(2, 7, 11)",I,G,B,G,138.625,47.0
1110,D,G,2,G,"(2, 7, 11)",I,G,B,G,138.75,47.0
1111,D,G,2,G,"(2, 7, 11)",I,G,B,G,138.875,47.0
1112,D,G,3,G,"(2, 7, 11)",I,G,B,G,139.0,47.0
1113,D,G,3,G,"(2, 7, 11)",I,G,B,G,139.125,47.0
1114,D,G,3,G,"(2, 7, 11)",I,G,B,G,139.25,47.0
1115,D,G,3,G,"(2, 7, 11)",I,G,B,G,139.375,47.0
1116,D,G,4,G,"(2, 7, 11)",I,G,B,G,139.5,47.0
1117,D,G,4,G,"(2, 7, 11)",I,G,B,G,139.625,47.0
1118,D,G,4,G,"(2, 7, 11)",I,G,B,G,139.75,47.0
1119,D,G,4,G,"(2, 7, 11)",I,G,B,G,139.875,47.0
1120,F#,A,0,G,"(0, 2, 6, 9)",V7,A,C,G,140.0,47.0
1121,D,A,1,G,"(0, 2, 6, 9)",V7,A,C,G,140.125,47.0
1122,D,A,2,G,"(0, 2, 6, 9)",V7,A,C,G,140.25,47.0
1123,D,A,2,G,"(0, 2, 6, 9)",V7,A,C,G,140.375,47.0
1124,D,A,3,G,"(0, 2, 6, 9)",V7,A,C,G,140.5,47.0
1125,D,A,3,G,"(0, 2, 6, 9)",V7,A,C,G,140.625,47.0
1126,D,A,3,G,"(0, 2, 6, 9)",V7,A,C,G,140.75,47.0
1127,D,A,3,G,"(0, 2, 6, 9)",V7,A,C,G,140.875,47.0
1128,D,D,4,G,"(0, 2, 6, 9)",V7,G#,C,G,141.0,47.0
1129,D,D,4,G,"(0, 2, 6, 9)",V7,D,B,G,141.125,47.0
1130,D,D,4,G,"(0, 2, 6, 9)",V7,D,C,G,141.25,47.0
1131,D,D,4,G,"(0, 2, 6, 9)",V7,D,B,G,141.375,47.0
1132,D,B,0,G,"(2, 7, 11)",I,G,B,G,141.5,48.0
1133,D,B,1,G,"(2, 7, 11)",I,G,B,G,141.625,48.0
1134,D,B,2,G,"(2, 7, 11)",I,G,B,G,141.75,48.0
1135,D,B,2,G,"(2, 7, 11)",I,G,B,G,141.875,48.0
1136,D,G,3,G,"(2, 7, 11)",I,G,B,G,142.0,48.0
1137,D,G,3,G,"(2, 7, 11)",I,G,B,G,142.125,48.0
1138,D,G,3,G,"(2, 7, 11)",I,G,B,G,142.25,48.0
1139,D,G,3,G,"(2, 7, 11)",I,G,B,G,142.375,48.0
1140,G,G,4,G,"(2, 7, 11)",I,G,B,G,142.5,48.0
1141,G,G,4,G,"(2, 7, 11)",I,G,B,G,142.625,48.0
1142,G,G,4,G,"(2, 7, 11)",I,G,B,G,142.75,48.0
1143,G,G,4,G,"(2, 7, 11)",I,G,B,G,142.875,48.0
1144,E,C,0,G,"(0, 4, 7)",IV,G,E,G,143.0,48.0
1145,E,C,1,G,"(0, 4, 7)",IV,G,E,G,143.125,48.0
1146,E,C,2,G,"(0, 4, 7)",IV,G,E,G,143.25,48.0
1147,E,C,2,G,"(0, 4, 7)",IV,G,E,G,143.375,48.0
1148,G,C,3,G,"(0, 4, 7, 9)",IV,G,E,G,143.5,48.0
1149,G,C,1,G,"(0, 4, 7, 9)",IV,G,E,G,143.625,48.0
1150,G,C,3,G,"(0, 4, 7, 9)",IV,G,E,G,143.75,48.0
1151,G,C,3,G,"(0, 4, 7, 9)",IV,G,E,G,143.875,48.0
1152,G,B,0,G,"(2, 7, 11)",vi,G,E,G,144.0,48.0
1153,G,B,1,G,"(2, 7, 11)",I,G,E,G,144.125,48.0
1154,G,B,4,G,"(2, 7, 11)",I,G,E,G,144.25,48.0
1155,G,B,4,G,"(2, 7, 11)",I,G,E,G,144.375,48.0
1156,A,D,0,G,"(2, 7, 11)",I,G,F#,G,144.5,49.0
1157,A,D,1,G,"(2, 7, 11)",I,G,F#,G,144.625,49.0
1158,A,D,2,G,"(2, 7, 11)",I,G,F#,G,144.75,49.0
1159,A,D,2,G,"(2, 7, 11)",I,G,F#,G,144.875,49.0
1160,A,D,3,G,"(2, 7, 11)",I,G,F#,G,145.0,49.0
1161,A,D,3,G,"(2, 7, 11)",I,G,F#,G,145.125,49.0
1162,A,D,3,G,"(2, 7, 11)",I,G,F#,G,145.25,49.0
1163,A,D,3,G,"(2, 7, 11)",I,G,F#,G,145.375,49.0
1164,A,D,4,G,"(2, 6, 9)",V7,G,F#,G,145.5,49.0
1165,A,D,4,G,"(2, 6, 9)",V,G,F#,G,145.625,49.0
1166,A,D,4,G,"(2, 6, 9)",V,G,F#,G,145.75,49.0
1167,A,D,4,G,"(2, 6, 9)",V,G,F#,G,145.875,49.0
1168,A,D,4,G,"(2, 6, 9)",V7,D,F#,G,146.0,49.0
1169,A,D,4,G,"(2, 6, 9)",V7,D,F#,G,146.125,49.0
1170,A,D,4,G,"(2, 6, 9)",V7,D,F#,G,146.25,49.0
1171,A,D,4,G,"(2, 6, 9)",V7,D,F#,G,146.375,49.0
1172,A,D,3,G,"(2, 6, 9)",V7,D,F#,G,146.5,49.0
1173,A,D,3,G,"(2, 6, 9)",V7,D,F#,G,146.625,49.0
1174,A,D,3,G,"(2, 6, 9)",V7,D,F#,G,146.75,49.0
1175,A,D,3,G,"(2, 6, 9)",V7,D,F#,G,146.875,49.0
1176,A,D,4,G,"(2, 6, 9)",V7,D,F#,G,147.0,49.0
1177,A,D,4,G,"(2, 6, 9)",V7,D,F#,G,147.125,49.0
1178,A,D,4,G,"(2, 6, 9)",V7,D,F#,G,147.25,49.0
1179,A,D,4,G,"(2, 6, 9)",V7,D,F#,G,147.375,49.0
1180,D,G,0,G,"(2, 7, 11)",I,G,B,G,147.5,50.0
1181,D,G,1,G,"(2, 7, 11)",I,G,B,G,147.625,50.0
1182,D,G,2,G,"(2, 7, 11)",I,G,B,G,147.75,50.0
1183,D,G,2,G,"(2, 7, 11)",I,G,B,G,147.875,50.0
1184,D,G,3,G,"(2, 7, 11)",I,G,B,G,148.0,50.0
1185,D,G,3,G,"(2, 7, 11)",I,G,B,G,148.125,50.0
1186,D,G,3,G,"(2, 7, 11)",I,G,B,G,148.25,50.0
1187,D,G,3,G,"(2, 7, 11)",I,G,B,G,148.375,50.0
1188,D,G,4,G,"(2, 7, 11)",I,G,B,G,148.5,50.0
1189,D,G,4,G,"(2, 7, 11)",I,G,B,G,148.625,50.0
1190,D,G,4,G,"(2, 7, 11)",I,G,B,G,148.75,50.0
1191,D,G,4,G,"(2, 7, 11)",I,G,B,G,148.875,50.0
1192,D,G,4,G,"(2, 7, 11)",I,G,B,G,149.0,50.0
1193,D,G,4,G,"(2, 7, 11)",I,G,B,G,149.125,50.0
1194,D,G,4,G,"(2, 7, 11)",I,G,B,G,149.25,50.0
1195,D,G,4,G,"(2, 7, 11)",I,G,B,G,149.375,50.0
1196,D,G,5,G,"(2, 7, 11)",I,G,B,G,149.5,50.0
1197,D,G,5,G,"(2, 7, 11)",I,G,B,G,149.625,50.0
1198,D,G,5,G,"(2, 7, 11)",I,G,B,G,149.75,50.0
1199,D,G,5,G,"(2, 7, 11)",I,G,B,G,149.875,50.0
1200,D,G,5,G,"(2, 7, 11)",I,G,B,G,150.0,50.0
1201,D,G,5,G,"(2, 7, 11)",I,G,B,G,150.125,50.0
1202,D,G,5,G,"(2, 7, 11)",I,G,B,G,150.25,50.0
1203,D,G,5,G,"(2, 7, 11)",I,G,B,G,150.375,50.0
1204,B,E,0,G,"(4, 8, 11)",V,E,G#,a,150.5,51.0
1205,B,E,1,G,"(4, 8, 11)",V,E,G#,a,150.625,51.0
1206,B,E,2,G,"(4, 8, 11)",V,E,G#,a,150.75,51.0
1207,B,E,2,G,"(4, 8, 11)",V,E,G#,a,150.875,51.0
1208,B,E,3,G,"(4, 8, 11)",V,E,G#,a,151.0,51.0
1209,B,E,3,G,"(4, 8, 11)",V,E,G#,a,151.125,51.0
1210,B,E,3,G,"(4, 8, 11)",V,E,G#,a,151.25,51.0
1211,B,E,3,G,"(4, 8, 11)",V,E,G#,a,151.375,51.0
1212,B,E,4,G,"(4, 8, 11)",V,E,G#,a,151.5,51.0
1213,B,E,4,G,"(4, 8, 11)",V,E,G#,a,151.625,51.0
1214,B,E,4,G,"(4, 8, 11)",V,E,G#,a,151.75,51.0
1215,B,E,4,G,"(4, 8, 11)",V,E,G#,a,151.875,51.0
1216,B,E,4,G,"(4, 8, 11)",V,E,G#,a,152.0,51.0
1217,B,E,4,G,"(4, 8, 11)",V,E,G#,a,152.125,51.0
1218,B,E,4,G,"(4, 8, 11)",V,E,G#,a,152.25,51.0
1219,B,E,4,G,"(4, 8, 11)",V,E,G#,a,152.375,51.0
1220,B,E,5,G,"(2, 4, 8, 11)",V7,E,G#,a,152.5,51.0
1221,B,E,5,G,"(2, 4, 8, 11)",V7,E,G#,a,152.625,51.0
1222,B,E,5,G,"(2, 4, 8, 11)",V7,E,G#,a,152.75,51.0
1223,B,E,5,G,"(2, 4, 8, 11)",V7,E,G#,a,152.875,51.0
1224,B,E,5,G,"(2, 4, 8, 11)",V7,E,G#,a,153.0,51.0
1225,B,E,5,G,"(2, 4, 8, 11)",V7,E,G#,a,153.125,51.0
1226,B,E,5,G,"(2, 4, 8, 11)",V7,E,G#,a,153.25,51.0
1227,B,E,5,G,"(2, 4, 8, 11)",V7,E,G#,a,153.375,51.0
1228,A,C,0,G,"(0, 4, 9)",ii,A,E,G,153.5,52.0
1229,A,C,1,G,"(0, 4, 9)",ii,A,E,G,153.625,52.0
1230,A,C,2,G,"(0, 4, 9)",ii,A,E,G,153.75,52.0
1231,A,C,2,G,"(0, 4, 9)",ii,A,E,G,153.875,52.0
1232,A,C,3,G,"(0, 4, 9)",ii,A,E,G,154.0,52.0
1233,A,C,3,G,"(0, 4, 9)",ii,A,E,G,154.125,52.0
1234,A,C,3,G,"(0, 4, 9)",ii,A,E,G,154.25,52.0
1235,A,C,3,G,"(0, 4, 9)",ii,A,E,G,154.375,52.0
1236,E,E,0,G,"(0, 4, 9)",ii,A,E,G,154.5,52.0
1237,E,E,1,G,"(0, 4, 9)",ii,A,E,G,154.625,52.0
1238,E,E,2,G,"(0, 4, 9)",ii,A,E,G,154.75,52.0
1239,E,E,2,G,"(0, 4, 9)",ii,A,E,G,154.875,52.0
1240,E,A,0,G,"(0, 4, 9)",ii,A,C,G,155.0,52.0
1241,E,A,1,G,"(0, 4, 9)",ii,A,C,G,155.125,52.0
1242,E,A,2,G,"(0, 4, 9)",ii,A,C,G,155.25,52.0
1243,E,A,2,G,"(0, 4, 9)",ii,A,C,G,155.375,52.0
1244,E,A,3,G,"(0, 4, 9)",ii,A,C,G,155.5,52.0
1245,E,A,3,G,"(0, 4, 9)",ii,A,C,G,155.625,52.0
1246,E,A,3,G,"(0, 4, 9)",ii,A,C,G,155.75,52.0
1247,E,A,3,G,"(0, 4, 9)",ii,A,C,G,155.875,52.0
1248,E,A,4,G,"(0, 4, 9)",ii,A,C,G,156.0,52.0
1249,E,A,4,G,"(0, 4, 9)",ii,A,C,G,156.125,52.0
1250,E,A,4,G,"(0, 4, 9)",ii,A,C,G,156.25,52.0
1251,E,A,4,G,"(0, 4, 9)",ii,A,C,G,156.375,52.0
1252,A,D,0,G,"(2, 6, 9)",V,D,F#,G,156.5,53.0
1253,A,D,1,G,"(2, 6, 9)",V,D,F#,G,156.625,53.0
1254,A,D,2,G,"(2, 6, 9)",V,D,F#,G,156.75,53.0
1255,A,D,2,G,"(2, 6, 9)",V,D,F#,G,156.875,53.0
1256,A,D,3,G,"(2, 6, 9)",V,D,F#,G,157.0,53.0
1257,A,D,3,G,"(2, 6, 9)",V,D,F#,G,157.125,53.0
1258,A,D,3,G,"(2, 6, 9)",V,D,F#,G,157.25,53.0
1259,A,D,3,G,"(2, 6, 9)",V,D,F#,G,157.375,53.0
1260,A,D,4,G,"(2, 6, 9)",V,D,F#,G,157.5,53.0
1261,A,D,4,G,"(2, 6, 9)",V,D,F#,G,157.625,53.0
1262,A,D,4,G,"(2, 6, 9)",V,D,F#,G,157.75,53.0
1263,A,D,4,G,"(2, 6, 9)",V,D,F#,G,157.875,53.0
1264,A,D,4,G,"(2, 6, 9)",V,D,F#,G,158.0,53.0
1265,A,D,4,G,"(2, 6, 9)",V,D,F#,G,158.125,53.0
1266,A,D,4,G,"(2, 6, 9)",V,D,F#,G,158.25,53.0
1267,A,D,4,G,"(2, 6, 9)",V,D,F#,G,158.375,53.0
1268,A,D,5,G,"(0, 2, 6, 9)",V7,D,F#,G,158.5,53.0
1269,A,D,5,G,"(0, 2, 6, 9)",V7,D,F#,G,158.625,53.0
1270,A,D,5,G,"(0, 2, 6, 9)",V7,D,F#,G,158.75,53.0
1271,A,D,5,G,"(0, 2, 6, 9)",V7,D,F#,G,158.875,53.0
1272,A,D,5,G,"(0, 2, 6, 9)",V7,D,F#,G,159.0,53.0
1273,A,D,5,G,"(0, 2, 6, 9)",V7,D,F#,G,159.125,53.0
1274,A,D,5,G,"(0, 2, 6, 9)",V7,D,F#,G,159.25,53.0
1275,A,D,5,G,"(0, 2, 6, 9)",V7,D,F#,G,159.375,53.0
1276,G,B,0,G,"(2, 7, 11)",I,G,D,G,159.5,54.0
1277,G,B,1,G,"(2, 7, 11)",I,G,D,G,159.625,54.0
1278,G,B,2,G,"(2, 7, 11)",I,G,D,G,159.75,54.0
1279,G,B,2,G,"(2, 7, 11)",V7,G,D,G,159.875,54.0
1280,B,D,4,G,"(2, 7, 11)",V7,G,F#,G,160.0,54.0
1281,B,D,4,G,"(2, 7, 11)",I,G,F#,G,160.125,54.0
1282,B,D,4,G,"(2, 7, 11)",I,G,F#,G,160.25,54.0
1283,B,D,4,G,"(2, 7, 11)",I,G,F#,G,160.375,54.0
1284,A,D,4,G,"(2, 7, 11)",V7,G,F#,G,160.5,54.0
1285,A,D,4,G,"(2, 7, 11)",I,G,F#,G,160.625,54.0
1286,A,D,4,G,"(2, 7, 11)",I,G,F#,G,160.75,54.0
1287,A,D,4,G,"(2, 7, 11)",I,G,F#,G,160.875,54.0
1288,D,G,0,G,"(2, 7, 11)",I,G,B,G,161.0,54.0
1289,D,G,4,G,"(2, 7, 11)",I,G,B,G,161.125,54.0
1290,D,G,2,G,"(2, 7, 11)",I,G,B,G,161.25,54.0
1291,D,G,2,G,"(2, 7, 11)",I,G,B,G,161.375,54.0
1292,D,G,3,G,"(2, 7, 11)",I,G,B,G,161.5,54.0
1293,D,G,3,G,"(2, 7, 11)",I,G,B,G,161.625,54.0
1294,D,G,3,G,"(2, 7, 11)",I,G,B,G,161.75,54.0
1295,D,G,3,G,"(2, 7, 11)",I,G,B,G,161.875,54.0
1296,D,G,4,G,"(2, 7, 11)",I,G,B,G,162.0,54.0
1297,D,G,4,G,"(2, 7, 11)",I,G,B,G,162.125,54.0
1298,D,G,4,G,"(2, 7, 11)",I,G,B,G,162.25,54.0
1299,D,G,4,G,"(2, 7, 11)",I,G,B,G,162.375,54.0
1300,B,E,0,G,"(4, 7, 11)",vi,G,G,G,162.5,55.0
1301,B,E,1,G,"(4, 7, 11)",vi,G,G,G,162.625,55.0
1302,B,E,2,G,"(4, 7, 11)",vi,G,G,G,162.75,55.0
1303,B,E,2,G,"(4, 7, 11)",vi,G,G,G,162.875,55.0
1304,B,E,3,G,"(4, 7, 11)",vi,G,G,G,163.0,55.0
1305,B,E,3,G,"(4, 7, 11)",vi,G,G,G,163.125,55.0
1306,B,E,3,G,"(4, 7, 11)",vi,G,G,G,163.25,55.0
1307,B,E,3,G,"(4, 7, 11)",vi,G,G,G,163.375,55.0
1308,B,E,4,G,"(4, 7, 11)",vi,G,G,G,163.5,55.0
1309,B,E,4,G,"(2, 7, 11)",vi,G,G,G,163.625,55.0
1310,B,E,4,G,"(2, 7, 11)",vi,G,G,G,163.75,55.0
1311,B,E,4,G,"(2, 7, 11)",vi,G,G,G,163.875,55.0
1312,G,A,4,G,"(1, 4, 7, 9)",V7,G,E,G,164.0,55.0
1313,G,C#,4,G,"(1, 4, 7, 9)",V7,G,E,G,164.125,55.0
1314,G,C#,4,G,"(1, 4, 7, 9)",V7,G,E,G,164.25,55.0
1315,G,C#,4,G,"(1, 4, 7, 9)",V7,G,E,G,164.375,55.0
1316,G,A,5,G,"(1, 4, 7, 9)",V7,G,E,G,164.5,55.0
1317,G,A,5,G,"(1, 4, 7, 9)",V7,G,E,G,164.625,55.0
1318,G,A,5,G,"(1, 4, 7, 9)",V7,G,E,G,164.75,55.0
1319,G,A,5,G,"(1, 4, 7, 9)",V7,G,E,G,164.875,55.0
1320,A,D,4,G,"(1, 4, 7, 9)",V7,G,E,G,165.0,55.0
1321,A,D,4,G,"(1, 4, 7, 9)",V7,G,E,G,165.125,55.0
1322,A,D,4,G,"(1, 4, 7, 9)",V7,G,E,G,165.25,55.0
1323,A,D,4,G,"(1, 4, 7, 9)",V7,G,E,G,165.375,55.0
1324,A,D,0,G,"(2, 6, 9)",V,D,F#,G,165.5,56.0
1325,A,D,1,G,"(2, 6, 9)",V,D,F#,G,165.625,56.0
1326,A,D,2,G,"(2, 6, 9)",V,D,F#,G,165.75,56.0
1327,A,D,2,G,"(2, 6, 9)",V,D,F#,G,165.875,56.0
1328,A,D,3,G,"(2, 6, 9)",V,D,F#,G,166.0,56.0
1329,A,D,3,G,"(2, 6, 9)",V,D,F#,G,166.125,56.0
1330,A,D,3,G,"(2, 6, 9)",V,D,F#,G,166.25,56.0
1331,A,D,3,G,"(2, 6, 9)",V,D,F#,G,166.375,56.0
1332,A,D,4,G,"(2, 6, 9)",V,D,F#,G,166.5,56.0
1333,A,D,4,G,"(2, 6, 9)",V,D,F#,G,166.625,56.0
1334,A,D,4,G,"(2, 6, 9)",V,D,F#,G,166.75,56.0
1335,A,D,4,G,"(2, 6, 9)",V,D,F#,G,166.875,56.0
1336,A,D,4,G,"(2, 6, 9)",V,D,F#,G,167.0,56.0
1337,A,D,4,G,"(2, 6, 9)",V,D,F#,G,167.125,56.0
1338,A,D,4,G,"(2, 6, 9)",V,D,F#,G,167.25,56.0
1339,A,D,4,G,"(2, 6, 9)",V,D,F#,G,167.375,56.0
1340,A,D,5,G,"(2, 6, 9)",V,D,F#,G,167.5,56.0
1341,A,D,5,G,"(2, 6, 9)",V,D,F#,G,167.625,56.0
1342,A,D,5,G,"(2, 6, 9)",V,D,F#,G,167.75,56.0
1343,A,D,5,G,"(2, 6, 9)",V,D,F#,G,167.875,56.0
1344,A,D,5,G,"(2, 6, 9)",V,D,F#,G,168.0,56.0
1345,A,D,5,G,"(2, 6, 9)",V,D,F#,G,168.125,56.0
1346,A,D,5,G,"(2, 6, 9)",V,D,F#,G,168.25,56.0
1347,A,D,5,G,"(2, 6, 9)",V,D,F#,G,168.375,56.0
1348,A,D,0,G,"(0, 2, 6, 9)",V7,D,F#,G,168.5,57.0
1349,A,D,1,G,"(0, 2, 6, 9)",V7,D,F#,G,168.625,57.0
1350,A,D,2,G,"(0, 2, 6, 9)",V7,D,F#,G,168.75,57.0
1351,A,D,2,G,"(0, 2, 6, 9)",V7,D,F#,G,168.875,57.0
1352,A,D,3,G,"(0, 2, 6, 9)",I,D,F#,G,169.0,57.0
1353,A,D,3,G,"(0, 2, 6, 9)",I,D,F#,G,169.125,57.0
1354,A,D,3,G,"(0, 2, 6, 9)",I,D,F#,G,169.25,57.0
1355,A,D,3,G,"(0, 2, 6, 9)",I,D,F#,G,169.375,57.0
1356,D,D,4,G,"(2, 6, 9)",I,D,F#,G,169.5,57.0
1357,D,D,4,G,"(2, 6, 9)",I,D,F#,G,169.625,57.0
1358,D,D,4,G,"(2, 6, 9)",I,D,F#,G,169.75,57.0
1359,D,D,4,G,"(2, 6, 9)",I,D,F#,G,169.875,57.0
1360,D,D,4,G,"(2, 7, 11)",I,D,F#,G,170.0,57.0
1361,D,D,4,G,"(2, 7, 11)",I,D,F#,G,170.125,57.0
1362,D,D,4,G,"(2, 7, 11)",I,D,F#,G,170.25,57.0
1363,D,D,4,G,"(2, 7, 11)",I,D,F#,G,170.375,57.0
1364,D,D,5,G,"(2, 7, 11)",I,G,F#,G,170.5,57.0
1365,D,D,5,G,"(2, 7, 11)",I,G,F#,G,170.625,57.0
1366,D,D,5,G,"(2, 7, 11)",I,G,F#,G,170.75,57.0
1367,D,D,5,G,"(2, 7, 11)",I,G,F#,G,170.875,57.0
1368,D,D,4,G,"(2, 6, 9)",I,D,F#,G,171.0,57.0
1369,D,D,4,G,"(2, 6, 9)",I,D,F#,G,171.125,57.0
1370,D,D,4,G,"(2, 6, 9)",I,D,F#,G,171.25,57.0
1371,D,D,4,G,"(2, 6, 9)",I,D,F#,G,171.375,57.0
1372,A,D,0,G,"(2, 6, 9)",V,D,F#,G,171.5,58.0
1373,A,D,1,G,"(2, 6, 9)",V,D,F#,G,171.625,58.0
1374,A,D,2,G,"(2, 6, 9)",V,D,F#,G,171.75,58.0
1375,A,D,2,G,"(2, 6, 9)",V,D,F#,G,171.875,58.0
1376,A,D,3,G,"(2, 6, 9)",V,D,F#,G,172.0,58.0
1377,A,D,3,G,"(2, 6, 9)",V,D,F#,G,172.125,58.0
1378,A,D,3,G,"(2, 6, 9)",V,D,F#,G,172.25,58.0
1379,A,D,3,G,"(2, 6, 9)",V,D,F#,G,172.375,58.0
1380,A,D,4,G,"(2, 6, 9)",V,D,F#,G,172.5,58.0
1381,A,D,4,G,"(2, 6, 9)",V,D,F#,G,172.625,58.0
1382,A,D,4,G,"(2, 6, 9)",V,D,F#,G,172.75,58.0
1383,A,D,4,G,"(2, 6, 9)",V,D,F#,G,172.875,58.0
1384,A,D,4,G,"(2, 6, 9)",V7,D,F#,G,173.0,58.0
1385,A,D,4,G,"(2, 6, 9)",V7,D,F#,G,173.125,58.0
1386,A,D,4,G,"(2, 6, 9)",V7,D,F#,G,173.25,58.0
1387,A,D,4,G,"(2, 6, 9)",V7,D,F#,G,173.375,58.0
1388,A,D,5,G,"(0, 2, 6, 9)",V7,D,F#,G,173.5,58.0
1389,A,D,5,G,"(0, 2, 6, 9)",V7,D,F#,G,173.625,58.0
1390,A,D,5,G,"(0, 2, 6, 9)",V7,D,F#,G,173.75,58.0
1391,A,D,5,G,"(0, 2, 6, 9)",V7,D,F#,G,173.875,58.0
1392,A,D,5,G,"(0, 2, 6, 9)",V7,D,F#,G,174.0,58.0
1393,A,D,5,G,"(0, 2, 6, 9)",V7,D,F#,G,174.125,58.0
1394,A,D,5,G,"(0, 2, 6, 9)",V7,D,F#,G,174.25,58.0
1395,A,D,5,G,"(0, 2, 6, 9)",V7,D,F#,G,174.375,58.0
1396,D,G,0,G,"(2, 7, 11)",V7,G,B,G,174.5,59.0
1397,D,G,1,G,"(2, 7, 11)",I,G,B,G,174.625,59.0
1398,D,G,2,G,"(2, 7, 11)",I,G,B,G,174.75,59.0
1399,D,G,2,G,"(2, 7, 11)",I,G,B,G,174.875,59.0
1400,D,G,3,G,"(2, 7, 11)",I,G,B,G,175.0,59.0
1401,D,G,3,G,"(2, 7, 11)",I,G,B,G,175.125,59.0
1402,D,G,3,G,"(2, 7, 11)",I,G,B,G,175.25,59.0
1403,D,G,3,G,"(2, 7, 11)",V7,G,B,G,175.375,59.0
1404,D,G,4,G,"(2, 7, 11)",V7,G,B,G,175.5,59.0
1405,D,G,4,G,"(2, 7, 11)",V7,G,B,G,175.625,59.0
1406,D,G,4,G,"(2, 7, 11)",V7,G,B,G,175.75,59.0
1407,D,G,4,G,"(2, 7, 11)",V7,G,B,G,175.875,59.0
1408,D,A,0,G,"(0, 2, 6, 9)",V7,G,C,G,176.0,59.0
1409,D,A,1,G,"(0, 2, 6, 9)",V7,A,C,G,176.125,59.0
1410,D,A,2,G,"(0, 2, 6, 9)",V7,G,C,G,176.25,59.0
1411,D,A,2,G,"(0, 2, 6, 9)",V7,A,C,G,176.375,59.0
1412,D,A,3,G,"(0, 2, 6, 9)",V7,G,C,G,176.5,59.0
1413,D,A,3,G,"(0, 2, 6, 9)",V7,G,C,G,176.625,59.0
1414,D,A,3,G,"(0, 2, 6, 9)",V7,G,C,G,176.75,59.0
1415,D,A,3,G,"(0, 2, 6, 9)",V7,G,C,G,176.875,59.0
1416,D,A,4,G,"(0, 2, 6, 9)",V7,G,B,G,177.0,59.0
1417,D,D,4,G,"(0, 2, 6, 9)",V7,G,B,G,177.125,59.0
1418,D,D,4,G,"(0, 2, 6, 9)",V7,G,B,G,177.25,59.0
1419,D,D,4,G,"(0, 2, 6, 9)",V7,G,B,G,177.375,59.0
1420,D,B,0,G,"(2, 7, 11)",I,G,B,G,177.5,60.0
1421,D,B,1,G,"(2, 7, 11)",I,G,B,G,177.625,60.0
1422,D,B,2,G,"(2, 7, 11)",I,G,B,G,177.75,60.0
1423,D,B,2,G,"(2, 7, 11)",I,G,B,G,177.875,60.0
1424,D,G,3,G,"(2, 7, 11)",I,G,B,G,178.0,60.0
1425,D,G,3,G,"(2, 7, 11)",I,G,B,G,178.125,60.0
1426,D,G,3,G,"(2, 7, 11)",I,G,B,G,178.25,60.0
1427,D,G,3,G,"(2, 7, 11)",I,G,B,G,178.375,60.0
1428,G,G,4,G,"(2, 7, 11)",I,G,B,G,178.5,60.0
1429,G,G,4,G,"(2, 7, 11)",I,G,B,G,178.625,60.0
1430,G,G,4,G,"(2, 7, 11)",I,G,B,G,178.75,60.0
1431,G,G,4,G,"(2, 7, 11)",I,G,B,G,178.875,60.0
1432,E,C,0,G,"(2, 7, 11)",IV,G,E,G,179.0,60.0
1433,E,C,1,G,"(2, 7, 11)",IV,G,E,G,179.125,60.0
1434,E,C,4,G,"(2, 7, 11)",IV,G,E,G,179.25,60.0
1435,E,C,2,G,"(2, 7, 11)",IV,G,E,G,179.375,60.0
1436,E,C,5,G,"(2, 7, 11)",IV,G,E,G,179.5,60.0
1437,E,C,5,G,"(2, 7, 11)",IV,G,E,G,179.625,60.0
1438,E,C,5,G,"(2, 7, 11)",IV,G,E,G,179.75,60.0
1439,E,C,5,G,"(2, 7, 11)",IV,G,E,G,179.875,60.0
1440,G,G,0,G,"(2, 7, 11)",I,G,E,G,180.0,60.0
1441,G,B,4,G,"(2, 7, 11)",I,G,E,G,180.125,60.0
1442,G,B,4,G,"(2, 7, 11)",I,G,E,G,180.25,60.0
1443,G,B,4,G,"(2, 7, 11)",I,G,E,G,180.375,60.0
1444,A,D,0,G,"(2, 7, 11)",V7,G,F#,G,180.5,61.0
1445,A,D,1,G,"(2, 7, 11)",V7,G,F#,G,180.625,61.0
1446,A,D,2,G,"(2, 6, 9)",V7,G,F#,G,180.75,61.0
1447,A,D,2,G,"(2, 6, 9)",V7,G,F#,G,180.875,61.0
1448,A,D,3,G,"(2, 6, 9)",V7,G,F#,G,181.0,61.0
1449,A,D,3,G,"(2, 6, 9)",V7,G,F#,G,181.125,61.0
1450,A,D,3,G,"(2, 6, 9)",V7,G,F#,G,181.25,61.0
1451,A,D,3,G,"(2, 6, 9)",V7,G,F#,G,181.375,61.0
1452,A,D,4,G,"(2, 6, 9)",V7,G,F#,G,181.5,61.0
1453,A,D,4,G,"(2, 6, 9)",V7,G,F#,G,181.625,61.0
1454,A,D,4,G,"(2, 6, 9)",V7,G,F#,G,181.75,61.0
1455,A,D,4,G,"(2, 6, 9)",V7,G,F#,G,181.875,61.0
1456,A,D,4,G,"(2, 6, 9)",V7,D,F#,G,182.0,61.0
1457,A,D,4,G,"(2, 6, 9)",V7,D,F#,G,182.125,61.0
1458,A,D,4,G,"(2, 6, 9)",V7,D,F#,G,182.25,61.0
1459,A,D,4,G,"(2, 6, 9)",V7,D,F#,G,182.375,61.0
1460,A,D,5,G,"(2, 6, 9)",V7,D,F#,G,182.5,61.0
1461,A,D,5,G,"(2, 6, 9)",V7,D,F#,G,182.625,61.0
1462,A,D,5,G,"(2, 6, 9)",V7,D,F#,G,182.75,61.0
1463,A,D,5,G,"(2, 6, 9)",V7,D,F#,G,182.875,61.0
1464,A,D,5,G,"(2, 6, 9)",V7,D,F#,G,183.0,61.0
1465,A,D,5,G,"(2, 6, 9)",V7,D,F#,G,183.125,61.0
1466,A,D,5,G,"(2, 6, 9)",V7,D,F#,G,183.25,61.0
1467,A,D,5,G,"(2, 6, 9)",V7,D,F#,G,183.375,61.0
1468,D,G,0,G,"(2, 7, 11)",I,G,B,G,183.5,62.0
1469,D,G,1,G,"(2, 7, 11)",I,G,B,G,183.625,62.0
1470,D,G,2,G,"(2, 7, 11)",I,G,B,G,183.75,62.0
1471,D,G,2,G,"(2, 7, 11)",I,G,B,G,183.875,62.0
1472,D,G,3,G,"(2, 7, 11)",I,G,B,G,184.0,62.0
1473,D,G,3,G,"(2, 7, 11)",I,G,B,G,184.125,62.0
1474,D,G,3,G,"(2, 7, 11)",I,G,B,G,184.25,62.0
1475,D,G,3,G,"(2, 7, 11)",I,G,B,G,184.375,62.0
1476,D,G,4,G,"(2, 7, 11)",I,G,B,G,184.5,62.0
1477,D,G,4,G,"(2, 7, 11)",I,G,B,G,184.625,62.0
1478,D,G,4,G,"(2, 7, 11)",I,G,B,G,184.75,62.0
1479,D,G,4,G,"(2, 7, 11)",I,G,B,G,184.875,62.0
1480,D,G,4,G,"(2, 7, 11)",I,G,B,G,185.0,62.0
1481,D,G,1,G,"(2, 7, 11)",I,G,B,G,185.125,62.0
1482,D,G,2,G,"(2, 7, 11)",I,G,B,G,185.25,62.0
1483,D,G,2,G,"(2, 7, 11)",I,G,B,G,185.375,62.0
1484,D,G,3,G,"(2, 7, 11)",I,G,B,G,185.5,62.0
1485,D,G,3,G,"(2, 7, 11)",I,G,B,G,185.625,62.0
1486,D,G,3,G,"(2, 7, 11)",I,G,B,G,185.75,62.0
1487,D,G,3,G,"(2, 7, 11)",I,G,B,G,185.875,62.0
1488,D,G,4,G,"(2, 7, 11)",I,G,B,G,186.0,62.0
1489,D,G,4,G,"(2, 7, 11)",I,G,B,G,186.125,62.0
1490,D,G,4,G,"(2, 7, 11)",I,G,B,G,186.25,62.0
1491,D,G,4,G,"(2, 7, 11)",I,G,B,G,186.375,62.0
1492,D,G,0,G,"(2, 7, 11)",I,G,B,G,186.5,63.0
1493,D,G,1,G,"(2, 7, 11)",I,G,B,G,186.625,63.0
1494,D,G,2,G,"(2, 7, 11)",I,G,B,G,186.75,63.0
1495,D,G,2,G,"(2, 7, 11)",I,G,B,G,186.875,63.0
1496,D,G,3,G,"(2, 7, 11)",I,G,B,G,187.0,63.0
1497,D,G,3,G,"(2, 7, 11)",I,G,B,G,187.125,63.0
1498,D,G,3,G,"(2, 7, 11)",I,G,B,G,187.25,63.0
1499,D,G,3,G,"(2, 7, 11)",I,G,B,G,187.375,63.0
1500,D,G,4,G,"(2, 7, 11)",I,G,B,G,187.5,63.0
1501,D,G,4,G,"(2, 7, 11)",I,G,B,G,187.625,63.0
1502,D,G,4,G,"(2, 7, 11)",I,G,B,G,187.75,63.0
1503,D,G,4,G,"(2, 7, 11)",I,G,B,G,187.875,63.0
1504,D,G,4,G,"(2, 7, 11)",I,G,B,G,188.0,63.0
1505,D,G,4,G,"(2, 7, 11)",I,G,B,G,188.125,63.0
1506,D,G,4,G,"(2, 7, 11)",I,G,B,G,188.25,63.0
1507,D,G,4,G,"(2, 7, 11)",I,G,B,G,188.375,63.0
1508,D,G,5,G,"(2, 7, 11)",I,G,B,G,188.5,63.0
1509,D,G,5,G,"(2, 7, 11)",I,G,B,G,188.625,63.0
1510,D,G,5,G,"(2, 7, 11)",I,G,B,G,188.75,63.0
1511,D,G,5,G,"(2, 7, 11)",I,G,B,G,188.875,63.0
1512,D,G,5,G,"(2, 7, 11)",I,G,B,G,189.0,63.0
1513,D,G,5,G,"(2, 7, 11)",I,G,B,G,189.125,63.0
1514,D,G,5,G,"(2, 7, 11)",I,G,B,G,189.25,63.0
1515,D,G,5,G,"(2, 7, 11)",I,G,B,G,189.375,63.0
1516,D,G,0,G,"(0, 2, 6, 9)",V7,G,B,G,189.5,64.0
1517,D,G,1,G,"(0, 2, 6, 9)",V7,G,B,G,189.625,64.0
1518,D,G,2,G,"(0, 2, 6, 9)",V7,G,B,G,189.75,64.0
1519,D,G,2,G,"(0, 2, 6, 9)",V7,G,B,G,189.875,64.0
1520,D,G,3,G,"(0, 2, 6, 9)",V7,G,B,G,190.0,64.0
1521,D,G,3,G,"(0, 2, 6, 9)",V7,G,B,G,190.125,64.0
1522,D,G,3,G,"(0, 2, 6, 9)",V7,G,B,G,190.25,64.0
1523,D,G,3,G,"(0, 2, 6, 9)",V7,G,B,G,190.375,64.0
1524,D,D,4,G,"(0, 2, 6, 9)",V7,G,F#,G,190.5,64.0
1525,D,D,4,G,"(0, 2, 6, 9)",V7,C,F#,G,190.625,64.0
1526,A,D,4,G,"(0, 2, 6, 9)",V7,C,F#,G,190.75,64.0
1527,A,D,4,G,"(0, 2, 6, 9)",V7,C,F#,G,190.875,64.0
1528,A,D,4,G,"(0, 2, 6, 9)",V7,C,F#,G,191.0,64.0
1529,A,D,4,G,"(0, 2, 6, 9)",V7,C,F#,G,191.125,64.0
1530,A,D,4,G,"(0, 2, 6, 9)",V7,C,F#,G,191.25,64.0
1531,A,D,2,G,"(0, 2, 6, 9)",V7,C,F#,G,191.375,64.0
1532,A,D,5,G,"(0, 2, 6, 9)",V7,C,F#,G,191.5,64.0
1533,A,D,5,G,"(0, 2, 6, 9)",V7,C,F#,G,191.625,64.0
1534,A,D,5,G,"(0, 2, 6, 9)",V7,C,F#,G,191.75,64.0
1535,A,D,5,G,"(0, 2, 6, 9)",V7,C,F#,G,191.875,64.0
1536,A,D,5,G,"(0, 2, 6, 9)",V7,C,F#,G,192.0,64.0
1537,A,D,5,G,"(0, 2, 6, 9)",V7,C,F#,G,192.125,64.0
1538,A,D,5,G,"(0, 2, 6, 9)",V7,C,F#,G,192.25,64.0
1539,A,D,5,G,"(0, 2, 6, 9)",V7,C,F#,G,192.375,64.0
1540,D,G,0,G,"(2, 7, 11)",I,G,B,G,192.5,65.0
1541,D,G,1,G,"(2, 7, 11)",I,G,B,G,192.625,65.0
1542,D,G,2,G,"(2, 7, 11)",I,G,B,G,192.75,65.0
1543,D,G,2,G,"(2, 7, 11)",I,G,B,G,192.875,65.0
1544,D,G,3,G,"(2, 7, 11)",I,G,B,G,193.0,65.0
1545,D,G,3,G,"(2, 7, 11)",I,G,B,G,193.125,65.0
1546,D,G,3,G,"(2, 7, 11)",I,G,B,G,193.25,65.0
1547,D,G,3,G,"(2, 7, 11)",I,G,B,G,193.375,65.0
1548,D,G,4,G,"(2, 7, 11)",I,G,B,G,193.5,65.0
1549,D,G,4,G,"(2, 7, 11)",I,G,B,G,193.625,65.0
1550,D,G,4,G,"(2, 7, 11)",I,G,B,G,193.75,65.0
1551,D,G,4,G,"(2, 7, 11)",I,G,B,G,193.875,65.0
1552,D,G,4,G,"(2, 7, 11)",I,G,B,G,194.0,65.0
1553,D,G,4,G,"(2, 7, 11)",I,G,B,G,194.125,65.0
1554,D,G,4,G,"(2, 7, 11)",I,G,B,G,194.25,65.0
1555,D,G,4,G,"(2, 7, 11)",I,G,B,G,194.375,65.0
1556,D,G,5,G,"(2, 7, 11)",I,G,B,G,194.5,65.0
1557,D,G,5,G,"(2, 7, 11)",I,G,B,G,194.625,65.0
1558,D,G,5,G,"(2, 7, 11)",I,G,B,G,194.75,65.0
1559,D,G,5,G,"(2, 7, 11)",I,G,B,G,194.875,65.0
1560,D,G,5,G,"(2, 7, 11)",I,G,B,G,195.0,65.0
1561,D,G,5,G,"(2, 7, 11)",I,G,B,G,195.125,65.0
1562,D,G,5,G,"(2, 7, 11)",I,G,B,G,195.25,65.0
1563,D,G,5,G,"(2, 7, 11)",I,G,B,G,195.375,65.0
1564,D,G,0,G,"(2, 7, 11)",I,G,B,G,195.5,66.0
1565,D,G,1,G,"(2, 7, 11)",I,G,B,G,195.625,66.0
1566,D,G,2,G,"(2, 7, 11)",I,G,B,G,195.75,66.0
1567,D,G,2,G,"(2, 7, 11)",I,G,B,G,195.875,66.0
1568,D,G,3,G,"(2, 7, 11)",I,G,B,G,196.0,66.0
1569,D,G,3,G,"(2, 7, 11)",I,G,B,G,196.125,66.0
1570,D,G,3,G,"(2, 7, 11)",I,G,B,G,196.25,66.0
1571,D,G,3,G,"(2, 7, 11)",I,G,B,G,196.375,66.0
1572,D,G,4,G,"(2, 7, 11)",I,G,B,G,196.5,66.0
1573,D,G,4,G,"(2, 7, 11)",I,G,B,G,196.625,66.0
1574,D,G,4,G,"(2, 7, 11)",I,G,B,G,196.75,66.0
1575,D,G,4,G,"(2, 7, 11)",I,G,B,G,196.875,66.0
1576,G,C,0,G,"(0, 4, 7)",IV,C,E,G,197.0,66.0
1577,G,C,1,G,"(0, 4, 7)",IV,C,E,G,197.125,66.0
1578,G,C,2,G,"(0, 4, 7)",IV,C,E,G,197.25,66.0
1579,G,C,2,G,"(0, 4, 7)",IV,C,E,G,197.375,66.0
1580,G,C,3,G,"(0, 4, 7)",IV,C,E,G,197.5,66.0
1581,G,C,3,G,"(0, 4, 7)",IV,C,E,G,197.625,66.0
1582,G,C,3,G,"(0, 4, 7)",IV,C,E,G,197.75,66.0
1583,G,C,3,G,"(0, 4, 7)",IV,C,E,G,197.875,66.0
1584,G,C,4,G,"(0, 4, 7)",IV,C,E,G,198.0,66.0
1585,G,C,4,G,"(0, 4, 7)",IV,C,E,G,198.125,66.0
1586,G,C,4,G,"(0, 4, 7)",IV,C,E,G,198.25,66.0
1587,G,C,4,G,"(0, 4, 7)",IV,C,E,G,198.375,66.0
1588,A,D,0,G,"(0, 2, 6, 9)",V7,D,F#,G,198.5,67.0
1589,A,D,1,G,"(0, 2, 6, 9)",V7,C,F#,G,198.625,67.0
1590,A,D,2,G,"(0, 2, 6, 9)",V7,C,F#,G,198.75,67.0
1591,A,D,2,G,"(0, 2, 6, 9)",V7,C,F#,G,198.875,67.0
1592,A,D,3,G,"(0, 2, 6, 9)",V7,C,F#,G,199.0,67.0
1593,A,D,3,G,"(0, 2, 6, 9)",V7,C,F#,G,199.125,67.0
1594,A,D,3,G,"(0, 2, 6, 9)",V7,C,F#,G,199.25,67.0
1595,A,D,3,G,"(0, 2, 6, 9)",V7,C,F#,G,199.375,67.0
1596,A,D,4,G,"(0, 2, 6, 9)",V7,C,F#,G,199.5,67.0
1597,A,D,4,G,"(0, 2, 6, 9)",V7,C,F#,G,199.625,67.0
1598,A,D,4,G,"(0, 2, 6, 9)",V7,C,F#,G,199.75,67.0
1599,A,D,4,G,"(0, 2, 6, 9)",V7,C,F#,G,199.875,67.0
1600,A,D,4,G,"(0, 2, 6, 9)",V7,C,F#,G,200.0,67.0
1601,A,D,4,G,"(0, 2, 6, 9)",V7,C,F#,G,200.125,67.0
1602,A,D,4,G,"(0, 2, 6, 9)",V7,C,F#,G,200.25,67.0
1603,A,D,4,G,"(0, 2, 6, 9)",V7,C,F#,G,200.375,67.0
1604,A,D,5,G,"(0, 2, 6, 9)",V7,C,F#,G,200.5,67.0
1605,A,D,5,G,"(0, 2, 6, 9)",V7,C,F#,G,200.625,67.0
1606,A,D,5,G,"(0, 2, 6, 9)",V7,C,F#,G,200.75,67.0
1607,A,D,5,G,"(0, 2, 6, 9)",V7,C,F#,G,200.875,67.0
1608,A,D,5,G,"(0, 2, 6, 9)",V7,C,F#,G,201.0,67.0
1609,A,D,5,G,"(0, 2, 6, 9)",V7,C,F#,G,201.125,67.0
1610,A,D,5,G,"(0, 2, 6, 9)",V7,C,F#,G,201.25,67.0
1611,A,D,5,G,"(0, 2, 6, 9)",V7,C,F#,G,201.375,67.0
1612,D,G,0,G,"(2, 7, 11)",I,G,B,G,201.5,68.0
1613,D,G,1,G,"(2, 7, 11)",I,G,B,G,201.625,68.0
1614,D,G,2,G,"(2, 7, 11)",I,G,B,G,201.75,68.0
1615,D,G,2,G,"(2, 7, 11)",I,G,B,G,201.875,68.0
1616,D,G,3,G,"(2, 7, 11)",I,G,B,G,202.0,68.0
1617,D,G,3,G,"(2, 7, 11)",I,G,B,G,202.125,68.0
1618,D,G,3,G,"(2, 7, 11)",I,G,B,G,202.25,68.0
1619,D,G,3,G,"(2, 7, 11)",I,G,B,G,202.375,68.0
1620,D,G,4,G,"(2, 7, 11)",I,G,B,G,202.5,68.0
1621,D,G,4,G,"(2, 7, 11)",I,G,B,G,202.625,68.0
1622,D,G,4,G,"(2, 7, 11)",I,G,B,G,202.75,68.0
1623,D,G,4,G,"(2, 7, 11)",I,G,B,G,202.875,68.0
1624,F#,C,0,G,"(0, 2, 6, 9)",V7,A,A,G,203.0,68.0
1625,F#,C,1,G,"(0, 2, 6, 9)",V7,F#,A,G,203.125,68.0
1626,F#,C,2,G,"(0, 2, 6, 9)",V7,F#,A,G,203.25,68.0
1627,F#,C,2,G,"(0, 2, 6, 9)",V7,F#,A,G,203.375,68.0
1628,F#,C,3,G,"(0, 2, 6, 9)",V7,F#,A,G,203.5,68.0
1629,F#,C,3,G,"(0, 2, 6, 9)",V7,F#,A,G,203.625,68.0
1630,F#,C,3,G,"(0, 2, 6, 9)",V7,F#,A,G,203.75,68.0
1631,F#,C,3,G,"(0, 2, 6, 9)",V7,F#,A,G,203.875,68.0
1632,F#,C,4,G,"(0, 2, 6, 9)",V7,F#,A,G,204.0,68.0
1633,F#,C,4,G,"(0, 2, 6, 9)",V7,F#,A,G,204.125,68.0
1634,F#,C,4,G,"(0, 2, 6, 9)",V7,F#,A,G,204.25,68.0
1635,F#,C,4,G,"(0, 2, 6, 9)",V7,F#,A,G,204.375,68.0
1636,G,B,0,G,"(2, 7, 11)",I,G,D,G,204.5,69.0
1637,G,B,1,G,"(2, 7, 11)",I,G,D,G,204.625,69.0
1638,G,B,2,G,"(2, 7, 11)",I,G,D,G,204.75,69.0
1639,G,B,2,G,"(2, 7, 11)",I,G,D,G,204.875,69.0
1640,G,B,3,G,"(2, 7, 11)",I,G,D,G,205.0,69.0
1641,G,B,3,G,"(2, 7, 11)",I,G,D,G,205.125,69.0
1642,G,B,3,G,"(2, 7, 11)",I,G,D,G,205.25,69.0
1643,G,B,3,G,"(2, 7, 11)",I,G,D,G,205.375,69.0
1644,G,B,4,G,"(2, 7, 11)",I,G,D,G,205.5,69.0
1645,G,B,4,G,"(2, 7, 11)",I,G,D,G,205.625,69.0
1646,G,B,4,G,"(2, 7, 11)",I,G,D,G,205.75,69.0
1647,G,B,4,G,"(2, 7, 11)",I,G,D,G,205.875,69.0
1648,A,C,0,G,"(0, 4, 9)",ii,A,E,G,206.0,69.0
1649,A,C,1,G,"(0, 4, 9)",ii,A,E,G,206.125,69.0
1650,A,C,2,G,"(0, 4, 9)",ii,A,E,G,206.25,69.0
1651,A,C,2,G,"(0, 4, 9)",ii,A,E,G,206.375,69.0
1652,A,C,3,G,"(0, 4, 9)",ii,A,E,G,206.5,69.0
1653,A,C,3,G,"(0, 4, 9)",ii,A,E,G,206.625,69.0
1654,A,C,3,G,"(0, 4, 9)",ii,A,E,G,206.75,69.0
1655,A,C,3,G,"(0, 4, 9)",ii,A,E,G,206.875,69.0
1656,A,C,4,G,"(0, 4, 9)",ii,A,E,G,207.0,69.0
1657,A,C,4,G,"(0, 4, 9)",ii,A,E,G,207.125,69.0
1658,A,C,4,G,"(0, 4, 9)",ii,A,E,G,207.25,69.0
1659,A,C,4,G,"(0, 4, 9)",ii,A,E,G,207.375,69.0
1660,A,D,0,G,"(2, 7, 11)",V7,D,F#,G,207.5,70.0
1661,A,D,1,G,"(0, 2, 6, 9)",V7,D,F#,G,207.625,70.0
1662,A,D,2,G,"(0, 2, 6, 9)",V7,D,F#,G,207.75,70.0
1663,A,D,2,G,"(0, 2, 6, 9)",V7,D,F#,G,207.875,70.0
1664,A,D,3,G,"(0, 2, 6, 9)",V7,D,F#,G,208.0,70.0
1665,A,D,3,G,"(0, 2, 6, 9)",V7,D,F#,G,208.125,70.0
1666,A,D,3,G,"(0, 2, 6, 9)",V7,D,F#,G,208.25,70.0
1667,A,D,3,G,"(0, 2, 6, 9)",V7,D,F#,G,208.375,70.0
1668,A,D,4,G,"(0, 2, 6, 9)",V7,D,F#,G,208.5,70.0
1669,A,D,4,G,"(0, 2, 6, 9)",V7,D,F#,G,208.625,70.0
1670,A,D,4,G,"(0, 2, 6, 9)",V7,D,F#,G,208.75,70.0
1671,A,D,4,G,"(0, 2, 6, 9)",V7,D,F#,G,208.875,70.0
1672,A,D,0,G,"(0, 2, 6, 9)",V7,D,F#,G,209.0,70.0
1673,A,D,1,G,"(0, 2, 6, 9)",V7,D,F#,G,209.125,70.0
1674,A,D,2,G,"(0, 2, 6, 9)",V7,D,F#,G,209.25,70.0
1675,A,D,2,G,"(0, 2, 6, 9)",V7,D,F#,G,209.375,70.0
1676,A,D,3,G,"(0, 2, 6, 9)",V7,C,F#,G,209.5,70.0
1677,A,D,3,G,"(0, 2, 6, 9)",V7,C,F#,G,209.625,70.0
1678,A,D,3,G,"(0, 2, 6, 9)",V7,C,F#,G,209.75,70.0
1679,A,D,3,G,"(0, 2, 6, 9)",V7,C,F#,G,209.875,70.0
1680,A,D,4,G,"(0, 2, 6, 9)",V7,D,F#,G,210.0,70.0
1681,A,D,4,G,"(0, 2, 6, 9)",V7,D,F#,G,210.125,70.0
1682,A,D,4,G,"(0, 2, 6, 9)",V,D,F#,G,210.25,70.0
1683,A,D,4,G,"(0, 2, 6, 9)",V,D,F#,G,210.375,70.0
1684,D,D,0,G,"(0, 2, 6, 9)",V7,G,F#,G,210.5,71.0
1685,D,G,1,G,"(2, 7, 11)",V7,G,F#,G,210.625,71.0
1686,D,G,2,G,"(0, 2, 6, 9)",V7,G,F#,G,210.75,71.0
1687,D,G,2,G,"(2, 7, 11)",I,G,F#,G,210.875,71.0
1688,D,G,3,G,"(2, 7, 11)",I,G,B,G,211.0,71.0
1689,D,G,3,G,"(2, 7, 11)",I,G,B,G,211.125,71.0
1690,D,G,3,G,"(2, 7, 11)",I,G,B,G,211.25,71.0
1691,D,G,3,G,"(2, 7, 11)",I,G,B,G,211.375,71.0
1692,D,G,4,G,"(2, 7, 11)",I,G,B,G,211.5,71.0
1693,D,G,4,G,"(2, 7, 11)",I,G,B,G,211.625,71.0
1694,D,G,4,G,"(2, 7, 11)",I,G,B,G,211.75,71.0
1695,D,G,4,G,"(2, 7, 11)",I,G,B,G,211.875,71.0
1696,D,G,0,G,"(2, 7, 11)",I,G,B,G,212.0,71.0
1697,D,G,1,G,"(2, 7, 11)",I,G,B,G,212.125,71.0
1698,D,G,2,G,"(2, 7, 11)",I,G,B,G,212.25,71.0
1699,D,G,2,G,"(2, 7, 11)",I,G,B,G,212.375,71.0
1700,D,G,3,G,"(2, 7, 11)",I,G,B,G,212.5,71.0
1701,D,G,3,G,"(2, 7, 11)",I,G,B,G,212.625,71.0
1702,D,G,3,G,"(2, 7, 11)",I,G,B,G,212.75,71.0
1703,D,G,3,G,"(2, 7, 11)",I,G,B,G,212.875,71.0
1704,D,G,4,G,"(2, 7, 11)",I,G,B,G,213.0,71.0
1705,D,G,4,G,"(2, 7, 11)",I,G,B,G,213.125,71.0
1706,D,G,4,G,"(2, 7, 11)",I,G,B,G,213.25,71.0
1707,D,G,4,G,"(2, 7, 11)",I,G,B,G,213.375,71.0
1708,D,G#,0,G,"(2, 4, 8, 11)",V7,E,B,G,213.5,72.0
1709,D,G#,1,G,"(2, 4, 8, 11)",V7,E,B,G,213.625,72.0
1710,D,G#,3,G,"(2, 4, 8, 11)",V7,E,B,G,213.75,72.0
1711,D,G#,2,G,"(2, 4, 8, 11)",V7,E,B,G,213.875,72.0
1712,D,G#,3,G,"(2, 4, 8, 11)",V7,E,B,G,214.0,72.0
1713,D,G#,3,G,"(2, 4, 8, 11)",V7,E,B,G,214.125,72.0
1714,D,G#,3,G,"(2, 4, 8, 11)",V7,E,B,G,214.25,72.0
1715,D,G#,3,G,"(2, 4, 8, 11)",V7,E,B,G,214.375,72.0
1716,D,G#,4,G,"(2, 4, 8, 11)",V7,E,B,G,214.5,72.0
1717,D,G#,4,G,"(2, 4, 8, 11)",V7,E,B,G,214.625,72.0
1718,D,G#,4,G,"(2, 4, 8, 11)",V7,E,B,G,214.75,72.0
1719,D,G#,4,G,"(2, 4, 8, 11)",V7,E,B,G,214.875,72.0
1720,B,D,0,G,"(2, 4, 8, 11)",V7,D,B,G,215.0,72.0
1721,B,D,1,G,"(2, 4, 8, 11)",V7,D,B,G,215.125,72.0
1722,B,D,2,G,"(2, 4, 8, 11)",V7,D,B,G,215.25,72.0
1723,B,D,2,G,"(2, 4, 8, 11)",V7,D,B,G,215.375,72.0
1724,B,D,3,G,"(2, 4, 8, 11)",V7,D,B,G,215.5,72.0
1725,B,D,3,G,"(2, 4, 8, 11)",V7,D,B,G,215.625,72.0
1726,B,D,3,G,"(2, 4, 8, 11)",V7,D,B,G,215.75,72.0
1727,B,D,3,G,"(2, 4, 8, 11)",V7,D,B,G,215.875,72.0
1728,B,D,4,G,"(2, 4, 8, 11)",V7,D,B,G,216.0,72.0
1729,B,D,4,G,"(2, 4, 8, 11)",V7,D,B,G,216.125,72.0
1730,B,D,4,G,"(2, 4, 8, 11)",V7,D,B,G,216.25,72.0
1731,B,D,4,G,"(2, 4, 8, 11)",V7,D,B,G,216.375,72.0
1732,A,C,0,G,"(0, 4, 9)",ii,A,E,G,216.5,73.0
1733,A,C,1,G,"(0, 4, 9)",ii,A,E,G,216.625,73.0
1734,A,C,2,G,"(0, 4, 9)",ii,A,E,G,216.75,73.0
1735,A,C,2,G,"(0, 4, 9)",ii,A,E,G,216.875,73.0
1736,A,C,3,G,"(0, 4, 9)",ii,A,E,G,217.0,73.0
1737,A,C,3,G,"(0, 4, 9)",ii,A,E,G,217.125,73.0
1738,A,C,3,G,"(0, 4, 9)",ii,A,E,G,217.25,73.0
1739,A,C,3,G,"(0, 4, 9)",ii,A,E,G,217.375,73.0
1740,A,C,4,G,"(0, 4, 9)",ii,A,E,G,217.5,73.0
1741,A,C,4,G,"(0, 4, 9)",ii,A,E,G,217.625,73.0
1742,A,C,4,G,"(0, 4, 9)",ii,A,E,G,217.75,73.0
1743,A,C,4,G,"(0, 4, 9)",ii,A,E,G,217.875,73.0
1744,A,C,0,G,"(0, 4, 9)",ii,A,A,G,218.0,73.0
1745,A,A,4,G,"(0, 4, 9)",ii,A,A,G,218.125,73.0
1746,A,A,4,G,"(0, 4, 9)",ii,A,A,G,218.25,73.0
1747,A,A,4,G,"(0, 4, 9)",ii,A,A,G,218.375,73.0
1748,A,A,3,G,"(0, 4, 9)",ii,A,A,G,218.5,73.0
1749,A,A,3,G,"(0, 4, 9)",ii,A,A,G,218.625,73.0
1750,A,A,3,G,"(0, 4, 9)",ii,A,A,G,218.75,73.0
1751,A,A,3,G,"(0, 4, 9)",ii,A,A,G,218.875,73.0
1752,A,A,4,G,"(0, 4, 9)",ii,A,A,G,219.0,73.0
1753,A,A,4,G,"(0, 4, 9)",ii,A,A,G,219.125,73.0
1754,A,A,4,G,"(0, 4, 9)",ii,A,A,G,219.25,73.0
1755,A,A,4,G,"(0, 4, 9)",ii,A,A,G,219.375,73.0
1756,A,D,0,G,"(0, 2, 6, 9)",V,D,F#,G,219.5,74.0
1757,A,D,1,G,"(2, 6, 9)",V,D,F#,G,219.625,74.0
1758,A,D,2,G,"(0, 2, 6, 9)",V,D,F#,G,219.75,74.0
1759,A,D,2,G,"(0, 2, 6, 9)",V,D,F#,G,219.875,74.0
1760,A,D,3,G,"(2, 6, 9)",V,D,F#,G,220.0,74.0
1761,A,D,3,G,"(2, 6, 9)",V,D,F#,G,220.125,74.0
1762,A,D,3,G,"(2, 6, 9)",V,D,F#,G,220.25,74.0
1763,A,D,3,G,"(2, 6, 9)",V,D,F#,G,220.375,74.0
1764,A,D,4,G,"(0, 2, 6, 9)",V,D,F#,G,220.5,74.0
1765,A,D,4,G,"(0, 2, 6, 9)",V,D,F#,G,220.625,74.0
1766,A,D,4,G,"(0, 2, 6, 9)",V,D,F#,G,220.75,74.0
1767,A,D,4,G,"(0, 2, 6, 9)",V,D,F#,G,220.875,74.0
1768,A,C,0,G,"(0, 2, 6, 9)",V7,C,F#,G,221.0,74.0
1769,A,C,1,G,"(0, 2, 6, 9)",V7,C,F#,G,221.125,74.0
1770,A,C,2,G,"(0, 2, 6, 9)",V7,C,F#,G,221.25,74.0
1771,A,C,2,G,"(0, 2, 6, 9)",V7,C,F#,G,221.375,74.0
1772,A,C,3,G,"(0, 2, 6, 9)",V7,C,F#,G,221.5,74.0
1773,A,C,3,G,"(0, 2, 6, 9)",V7,C,F#,G,221.625,74.0
1774,A,C,3,G,"(0, 2, 6, 9)",V7,C,F#,G,221.75,74.0
1775,A,C,3,G,"(0, 2, 6, 9)",V7,C,F#,G,221.875,74.0
1776,A,D,4,G,"(0, 2, 6, 9)",V7,C,F#,G,222.0,74.0
1777,A,D,4,G,"(0, 2, 6, 9)",V7,C,F#,G,222.125,74.0
1778,A,D,4,G,"(0, 2, 6, 9)",V7,C,F#,G,222.25,74.0
1779,A,D,4,G,"(0, 2, 6, 9)",V7,C,F#,G,222.375,74.0
1780,G,B,0,G,"(2, 7, 11)",I,G,D,G,222.5,75.0
1781,G,B,1,G,"(2, 7, 11)",I,G,D,G,222.625,75.0
1782,G,B,2,G,"(2, 7, 11)",I,G,D,G,222.75,75.0
1783,G,B,2,G,"(2, 7, 11)",I,G,D,G,222.875,75.0
1784,G,B,3,G,"(2, 7, 11)",I,G,D,G,223.0,75.0
1785,G,B,3,G,"(2, 7, 11)",I,G,D,G,223.125,75.0
1786,G,B,3,G,"(2, 7, 11)",I,G,D,G,223.25,75.0
1787,G,B,3,G,"(2, 7, 11)",I,G,D,G,223.375,75.0
1788,G,B,4,G,"(2, 7, 11)",I,G,D,G,223.5,75.0
1789,G,B,4,G,"(2, 7, 11)",I,G,D,G,223.625,75.0
1790,G,B,4,G,"(2, 7, 11)",I,G,D,G,223.75,75.0
1791,G,B,4,G,"(2, 7, 11)",I,G,D,G,223.875,75.0
1792,D,G,4,G,"(2, 7, 11)",I,G,B,G,224.0,75.0
1793,D,G,4,G,"(2, 7, 11)",I,G,B,G,224.125,75.0
1794,D,G,4,G,"(2, 7, 11)",I,G,B,G,224.25,75.0
1795,D,G,4,G,"(2, 7, 11)",I,G,B,G,224.375,75.0
1796,D,G,5,G,"(2, 7, 11)",I,G,B,G,224.5,75.0
1797,D,G,5,G,"(2, 7, 11)",I,G,B,G,224.625,75.0
1798,D,G,5,G,"(2, 7, 11)",I,G,B,G,224.75,75.0
1799,D,G,5,G,"(2, 7, 11)",I,G,B,G,224.875,75.0
1800,D,G,4,G,"(2, 7, 11)",I,G,B,G,225.0,75.0
1801,D,G,4,G,"(2, 7, 11)",I,G,B,G,225.125,75.0
1802,D,G,4,G,"(2, 7, 11)",I,G,B,G,225.25,75.0
1803,D,G,4,G,"(2, 7, 11)",I,G,B,G,225.375,75.0
1804,B,E,0,G,"(1, 4, 7)",viio,C#,G,G,225.5,76.0
1805,B,E,1,G,"(1, 4, 7)",viio,C#,G,G,225.625,76.0
1806,B,E,2,G,"(1, 4, 7)",viio,C#,G,G,225.75,76.0
1807,B,E,2,G,"(1, 4, 7)",viio,C#,G,G,225.875,76.0
1808,B,E,3,G,"(1, 4, 7)",viio,C#,G,G,226.0,76.0
1809,B,E,3,G,"(1, 4, 7)",viio,C#,G,G,226.125,76.0
1810,B,E,3,G,"(1, 4, 7)",viio,C#,G,G,226.25,76.0
1811,B,E,3,G,"(1, 4, 7)",viio,C#,G,G,226.375,76.0
1812,B,E,4,G,"(1, 4, 7)",viio,C#,G,G,226.5,76.0
1813,B,E,4,G,"(1, 4, 7)",viio,C#,G,G,226.625,76.0
1814,B,E,4,G,"(1, 4, 7)",viio,C#,G,G,226.75,76.0
1815,B,E,4,G,"(1, 4, 7)",viio,C#,G,G,226.875,76.0
1816,C#,E,4,G,"(1, 4, 7)",viio,C#,G,G,227.0,76.0
1817,C#,E,4,G,"(1, 4, 7)",viio,C#,G,G,227.125,76.0
1818,C#,E,4,G,"(1, 4, 7)",viio,C#,G,G,227.25,76.0
1819,C#,E,4,G,"(1, 4, 7)",viio,C#,G,G,227.375,76.0
1820,C#,E,5,G,"(1, 4, 7)",viio,C#,G,G,227.5,76.0
1821,C#,E,5,G,"(1, 4, 7)",viio,C#,G,G,227.625,76.0
1822,C#,E,5,G,"(1, 4, 7)",viio,C#,G,G,227.75,76.0
1823,C#,E,5,G,"(1, 4, 7)",viio,C#,G,G,227.875,76.0
1824,C#,E,5,G,"(1, 4, 7)",viio,C#,G,G,228.0,76.0
1825,C#,E,5,G,"(1, 4, 7)",viio,C#,G,G,228.125,76.0
1826,C#,E,5,G,"(1, 4, 7)",viio,C#,G,G,228.25,76.0
1827,C#,E,5,G,"(1, 4, 7)",viio,C#,G,G,228.375,76.0
1828,A,D,0,G,"(2, 6, 9)",V,D,F#,G,228.5,77.0
1829,A,D,1,G,"(2, 6, 9)",V,D,F#,G,228.625,77.0
1830,A,D,2,G,"(2, 6, 9)",V,D,F#,G,228.75,77.0
1831,A,D,2,G,"(2, 6, 9)",V,D,F#,G,228.875,77.0
1832,A,D,3,G,"(2, 6, 9)",V,D,F#,G,229.0,77.0
1833,A,D,3,G,"(2, 6, 9)",V,D,F#,G,229.125,77.0
1834,A,D,3,G,"(2, 6, 9)",V,D,F#,G,229.25,77.0
1835,A,D,3,G,"(2, 6, 9)",V,D,F#,G,229.375,77.0
1836,A,D,4,G,"(2, 6, 9)",V,D,F#,G,229.5,77.0
1837,A,D,4,G,"(2, 6, 9)",V,D,F#,G,229.625,77.0
1838,A,D,4,G,"(2, 6, 9)",V,D,F#,G,229.75,77.0
1839,A,D,4,G,"(2, 6, 9)",V,D,F#,G,229.875,77.0
1840,A,D,4,G,"(2, 6, 9)",V,D,F#,G,230.0,77.0
1841,A,D,4,G,"(2, 6, 9)",V,D,F#,G,230.125,77.0
1842,A,D,4,G,"(2, 6, 9)",V,D,F#,G,230.25,77.0
1843,A,D,4,G,"(2, 6, 9)",V,D,F#,G,230.375,77.0
1844,A,D,5,G,"(2, 6, 9)",V,D,F#,G,230.5,77.0
1845,A,D,5,G,"(2, 6, 9)",V,D,F#,G,230.625,77.0
1846,A,D,5,G,"(2, 6, 9)",V,D,F#,G,230.75,77.0
1847,A,D,5,G,"(2, 6, 9)",V,D,F#,G,230.875,77.0
1848,A,D,5,G,"(2, 6, 9)",V,D,F#,G,231.0,77.0
1849,A,D,5,G,"(2, 6, 9)",V,D,F#,G,231.125,77.0
1850,A,D,5,G,"(2, 6, 9)",V,D,F#,G,231.25,77.0
1851,A,D,5,G,"(2, 6, 9)",V,D,F#,G,231.375,77.0
1852,D,D,0,G,"(0, 2, 6, 9)",V7,C,F#,G,231.5,78.0
1853,D,D,1,G,"(0, 2, 6, 9)",V7,C,F#,G,231.625,78.0
1854,D,D,2,G,"(0, 2, 6, 9)",V7,C,F#,G,231.75,78.0
1855,D,D,2,G,"(0, 2, 6, 9)",V7,C,F#,G,231.875,78.0
1856,D,D,3,G,"(0, 2, 6, 9)",V7,C,F#,G,232.0,78.0
1857,D,D,3,G,"(0, 2, 6, 9)",V7,C,F#,G,232.125,78.0
1858,D,D,3,G,"(0, 2, 6, 9)",V7,C,F#,G,232.25,78.0
1859,D,D,3,G,"(0, 2, 6, 9)",V7,C,F#,G,232.375,78.0
1860,D,D,4,G,"(0, 2, 6, 9)",V7,D,F#,G,232.5,78.0
1861,D,D,4,G,"(0, 2, 6, 9)",V7,D,F#,G,232.625,78.0
1862,D,D,4,G,"(0, 2, 6, 9)",V7,D,F#,G,232.75,78.0
1863,D,D,4,G,"(0, 2, 6, 9)",V7,D,F#,G,232.875,78.0
1864,D,G,0,G,"(2, 7, 11)",I,G,B,G,233.0,78.0
1865,D,G,1,G,"(2, 7, 11)",I,G,B,G,233.125,78.0
1866,D,G,2,G,"(2, 7, 11)",I,G,B,G,233.25,78.0
1867,D,G,2,G,"(2, 7, 11)",I,G,B,G,233.375,78.0
1868,D,G,3,G,"(2, 7, 11)",I,G,B,G,233.5,78.0
1869,D,G,3,G,"(2, 7, 11)",I,G,B,G,233.625,78.0
1870,D,G,3,G,"(2, 7, 11)",I,G,B,G,233.75,78.0
1871,D,G,3,G,"(2, 7, 11)",I,G,B,G,233.875,78.0
1872,D,G,4,G,"(2, 7, 11)",I,G,B,G,234.0,78.0
1873,D,G,4,G,"(2, 7, 11)",I,G,B,G,234.125,78.0
1874,D,G,4,G,"(2, 7, 11)",I,G,B,G,234.25,78.0
1875,D,G,4,G,"(2, 7, 11)",I,G,B,G,234.375,78.0
1876,A,D,0,G,"(2, 6, 9)",V,D,F#,G,234.5,79.0
1877,A,D,1,G,"(2, 6, 9)",V,D,F#,G,234.625,79.0
1878,A,D,2,G,"(2, 6, 9)",V,D,F#,G,234.75,79.0
1879,A,D,2,G,"(2, 6, 9)",V,D,F#,G,234.875,79.0
1880,A,D,3,G,"(2, 6, 9)",V,D,F#,G,235.0,79.0
1881,A,D,3,G,"(2, 6, 9)",V,D,F#,G,235.125,79.0
1882,A,D,3,G,"(2, 6, 9)",V,D,F#,G,235.25,79.0
1883,A,D,3,G,"(2, 6, 9)",V,D,F#,G,235.375,79.0
1884,A,D,4,G,"(2, 6, 9)",V,D,F#,G,235.5,79.0
1885,A,D,4,G,"(2, 6, 9)",V,D,F#,G,235.625,79.0
1886,A,D,4,G,"(2, 6, 9)",V,D,F#,G,235.75,79.0
1887,A,D,4,G,"(2, 6, 9)",V,D,F#,G,235.875,79.0
1888,A,D,4,G,"(2, 6, 9)",V,D,F#,G,236.0,79.0
1889,A,D,4,G,"(2, 6, 9)",V,D,F#,G,236.125,79.0
1890,A,D,4,G,"(2, 6, 9)",V,D,F#,G,236.25,79.0
1891,A,D,4,G,"(2, 6, 9)",V,D,F#,G,236.375,79.0
1892,A,D,5,G,"(2, 6, 9)",V,D,F#,G,236.5,79.0
1893,A,D,5,G,"(2, 6, 9)",V,D,F#,G,236.625,79.0
1894,A,D,5,G,"(2, 6, 9)",V,D,F#,G,236.75,79.0
1895,A,D,5,G,"(2, 6, 9)",V,D,F#,G,236.875,79.0
1896,A,D,5,G,"(2, 6, 9)",V,D,F#,G,237.0,79.0
1897,A,D,5,G,"(2, 6, 9)",V,D,F#,G,237.125,79.0
1898,A,D,5,G,"(2, 6, 9)",V,D,F#,G,237.25,79.0
1899,A,D,5,G,"(2, 6, 9)",V,D,F#,G,237.375,79.0
1900,D,G,0,G,"(2, 7, 11)",I,G,B,G,237.5,80.0
1901,D,G,1,G,"(2, 7, 11)",I,G,B,G,237.625,80.0
1902,D,G,2,G,"(2, 7, 11)",I,G,B,G,237.75,80.0
1903,D,G,2,G,"(2, 7, 11)",I,G,B,G,237.875,80.0
1904,D,G,3,G,"(2, 7, 11)",I,G,B,G,238.0,80.0
1905,D,G,3,G,"(2, 7, 11)",I,G,B,G,238.125,80.0
1906,D,G,3,G,"(2, 7, 11)",I,G,B,G,238.25,80.0
1907,D,G,3,G,"(2, 7, 11)",I,G,B,G,238.375,80.0
1908,D,G,4,G,"(2, 7, 11)",I,G,B,G,238.5,80.0
1909,D,G,4,G,"(2, 7, 11)",I,G,B,G,238.625,80.0
1910,D,G,4,G,"(2, 7, 11)",I,G,B,G,238.75,80.0
1911,D,G,4,G,"(2, 7, 11)",I,G,B,G,238.875,80.0
1912,F#,A,0,G,"(0, 2, 6, 9)",viio,F#,C,G,239.0,80.0
1913,F#,A,1,G,"(0, 2, 6, 9)",viio,F#,C,G,239.125,80.0
1914,F#,A,2,G,"(0, 2, 6, 9)",viio,F#,C,G,239.25,80.0
1915,F#,A,2,G,"(0, 2, 6, 9)",viio,F#,C,G,239.375,80.0
1916,F#,A,3,G,"(0, 2, 6, 9)",viio,F#,C,G,239.5,80.0
1917,F#,A,3,G,"(0, 2, 6, 9)",viio,F#,C,G,239.625,80.0
1918,F#,A,3,G,"(0, 2, 6, 9)",V7,F#,C,G,239.75,80.0
1919,F#,A,3,G,"(0, 2, 6, 9)",viio,F#,C,G,239.875,80.0
1920,C,C,4,G,"(2, 7, 11)",IV,C,C,G,240.0,80.0
1921,C,C,4,G,"(0, 4, 7)",IV,C,C,G,240.125,80.0
1922,C,C,4,G,"(0, 4, 7)",IV,C,C,G,240.25,80.0
1923,C,C,4,G,"(0, 4, 7)",IV,C,C,G,240.375,80.0
1924,G,B,0,G,"(2, 7, 11)",V,G,B,G,240.5,81.0
1925,G,B,1,G,"(2, 7, 11)",V,G,B,G,240.625,81.0
1926,G,B,2,G,"(2, 7, 11)",V,G,B,G,240.75,81.0
1927,G,B,2,G,"(2, 7, 11)",V,G,B,G,240.875,81.0
1928,G,B,3,G,"(2, 7, 11)",V,G,B,G,241.0,81.0
1929,G,B,3,G,"(2, 7, 11)",V,G,B,G,241.125,81.0
1930,G,B,3,G,"(2, 7, 11)",V,G,B,G,241.25,81.0
1931,G,B,3,G,"(2, 7, 11)",V,G,B,G,241.375,81.0
1932,G,B,4,G,"(2, 7, 11)",I,G,D,G,241.5,81.0
1933,G,B,4,G,"(2, 7, 11)",I,G,D,G,241.625,81.0
1934,G,B,4,G,"(2, 7, 11)",I,G,D,G,241.75,81.0
1935,G,B,4,G,"(2, 7, 11)",I,G,D,G,241.875,81.0
1936,G,C,0,G,"(0, 4, 7)",IV,C,E,G,242.0,81.0
1937,G,C,1,G,"(0, 4, 7)",IV,C,E,G,242.125,81.0
1938,G,C,2,G,"(0, 4, 7)",IV,C,E,G,242.25,81.0
1939,G,C,2,G,"(0, 4, 7)",IV,C,E,G,242.375,81.0
1940,G,C,3,G,"(0, 4, 7)",IV,C,E,G,242.5,81.0
1941,G,C,3,G,"(0, 4, 7)",IV,C,E,G,242.625,81.0
1942,G,C,3,G,"(0, 4, 7)",IV,C,E,G,242.75,81.0
1943,G,C,3,G,"(0, 4, 7)",IV,C,E,G,242.875,81.0
1944,G,C,4,G,"(0, 4, 7)",IV,C,E,G,243.0,81.0
1945,G,C,4,G,"(0, 4, 7)",IV,C,E,G,243.125,81.0
1946,G,C,4,G,"(0, 4, 7)",IV,C,E,G,243.25,81.0
1947,G,C,4,G,"(0, 4, 7)",IV,C,E,G,243.375,81.0
1948,B,D,0,G,"(2, 7, 11)",I,G,G,G,243.5,82.0
1949,B,D,1,G,"(2, 7, 11)",Cad,G,G,G,243.625,82.0
1950,B,D,2,G,"(2, 7, 11)",Cad,G,G,G,243.75,82.0
1951,B,D,2,G,"(2, 7, 11)",Cad,G,G,G,243.875,82.0
1952,B,D,3,G,"(2, 7, 11)",Cad,G,G,G,244.0,82.0
1953,B,D,3,G,"(2, 7, 11)",Cad,G,G,G,244.125,82.0
1954,B,D,3,G,"(2, 7, 11)",Cad,G,G,G,244.25,82.0
1955,B,D,3,G,"(2, 7, 11)",Cad,G,G,G,244.375,82.0
1956,D,D,4,G,"(2, 7, 11)",Cad,G,B,G,244.5,82.0
1957,D,D,4,G,"(2, 7, 11)",Cad,G,B,G,244.625,82.0
1958,D,D,4,G,"(2, 7, 11)",Cad,G,B,G,244.75,82.0
1959,D,D,4,G,"(2, 7, 11)",Cad,G,B,G,244.875,82.0
1960,A,D,0,G,"(0, 2, 6, 9)",V7,C,F#,G,245.0,82.0
1961,A,D,1,G,"(0, 2, 6, 9)",V7,C,F#,G,245.125,82.0
1962,A,D,2,G,"(0, 2, 6, 9)",V7,C,F#,G,245.25,82.0
1963,A,D,2,G,"(0, 2, 6, 9)",V7,C,F#,G,245.375,82.0
1964,A,D,3,G,"(0, 2, 6, 9)",V7,C,F#,G,245.5,82.0
1965,A,D,3,G,"(0, 2, 6, 9)",V7,C,F#,G,245.625,82.0
1966,A,D,3,G,"(0, 2, 6, 9)",V7,C,F#,G,245.75,82.0
1967,A,D,3,G,"(0, 2, 6, 9)",V7,C,F#,G,245.875,82.0
1968,A,D,4,G,"(0, 2, 6, 9)",V7,C,F#,G,246.0,82.0
1969,A,D,4,G,"(0, 2, 6, 9)",V7,C,F#,G,246.125,82.0
1970,A,D,4,G,"(0, 2, 6, 9)",V7,C,F#,G,246.25,82.0
1971,A,D,4,G,"(0, 2, 6, 9)",V7,C,F#,G,246.375,82.0
1972,A,D,0,G,"(0, 2, 6, 9)",V7,C,F#,G,246.5,83.0
1973,A,D,1,G,"(0, 2, 6, 9)",V7,C,F#,G,246.625,83.0
1974,A,D,2,G,"(0, 2, 6, 9)",V7,C,F#,G,246.75,83.0
1975,A,D,2,G,"(0, 2, 6, 9)",V7,C,F#,G,246.875,83.0
1976,A,D,3,G,"(0, 2, 6, 9)",V7,C,F#,G,247.0,83.0
1977,A,D,3,G,"(0, 2, 6, 9)",V7,C,F#,G,247.125,83.0
1978,A,D,3,G,"(0, 2, 6, 9)",V7,C,F#,G,247.25,83.0
1979,A,D,3,G,"(0, 2, 6, 9)",V7,C,F#,G,247.375,83.0
1980,D,G,0,G,"(0, 2, 6, 9)",V7,G,B,G,247.5,83.0
1981,D,G,1,G,"(0, 2, 6, 9)",V7,F#,B,G,247.625,83.0
1982,D,G,2,G,"(0, 2, 6, 9)",V7,F#,B,G,247.75,83.0
1983,D,G,2,G,"(0, 2, 6, 9)",V7,F#,B,G,247.875,83.0
1984,D,G,0,G,"(2, 7, 11)",I,G,B,G,248.0,83.0
1985,D,G,1,G,"(2, 7, 11)",I,G,B,G,248.125,83.0
1986,D,G,2,G,"(2, 7, 11)",I,G,B,G,248.25,83.0
1987,D,G,2,G,"(2, 7, 11)",I,G,B,G,248.375,83.0
1988,D,G,3,G,"(2, 7, 11)",I,G,B,G,248.5,83.0
1989,D,G,3,G,"(2, 7, 11)",I,G,B,G,248.625,83.0
1990,D,G,3,G,"(2, 7, 11)",I,G,B,G,248.75,83.0
1991,D,G,3,G,"(2, 7, 11)",I,G,B,G,248.875,83.0
1992,D,G,4,G,"(2, 7, 11)",I,G,B,G,249.0,83.0
1993,D,G,4,G,"(2, 7, 11)",I,G,B,G,249.125,83.0
1994,D,G,4,G,"(2, 7, 11)",I,G,B,G,249.25,83.0
1995,D,G,4,G,"(2, 7, 11)",I,G,B,G,249.375,83.0
1996,D,G,0,G,"(2, 7, 11)",I,G,B,G,249.5,84.0
1997,D,G,1,G,"(2, 7, 11)",I,G,B,G,249.625,84.0
1998,D,G,2,G,"(2, 7, 11)",I,G,B,G,249.75,84.0
1999,D,G,2,G,"(2, 7, 11)",I,G,B,G,249.875,84.0
2000,D,G,3,G,"(2, 7, 11)",I,G,B,G,250.0,84.0
2001,D,G,3,G,"(2, 7, 11)",I,G,B,G,250.125,84.0
2002,D,G,3,G,"(2, 7, 11)",I,G,B,G,250.25,84.0
2003,D,G,3,G,"(2, 7, 11)",I,G,B,G,250.375,84.0
2004,D,G,4,G,"(2, 7, 11)",I,G,B,G,250.5,84.0
2005,D,G,4,G,"(2, 7, 11)",I,G,B,G,250.625,84.0
2006,D,G,4,G,"(2, 7, 11)",I,G,B,G,250.75,84.0
2007,D,G,4,G,"(2, 7, 11)",I,G,B,G,250.875,84.0
2008,D,G,4,G,"(2, 7, 11)",I,G,B,G,251.0,84.0
2009,D,G,4,G,"(2, 7, 11)",I,G,B,G,251.125,84.0
2010,D,G,4,G,"(2, 7, 11)",I,G,B,G,251.25,84.0
2011,D,G,4,G,"(2, 7, 11)",I,G,B,G,251.375,84.0
2012,D,G,5,G,"(2, 7, 11)",I,G,B,G,251.5,84.0
2013,D,G,5,G,"(2, 7, 11)",I,G,B,G,251.625,84.0
2014,D,G,5,G,"(2, 7, 11)",I,G,B,G,251.75,84.0
2015,D,G,5,G,"(2, 7, 11)",I,G,B,G,251.875,84.0
2016,D,G,0,G,"(2, 7, 11)",I,G,B,G,252.0,84.0
2017,D,G,1,G,"(2, 7, 11)",I,G,B,G,252.125,84.0
2018,D,G,2,G,"(2, 7, 11)",I,G,B,G,252.25,84.0
2019,D,G,2,G,"(2, 7, 11)",I,G,B,G,252.375,84.0
2020,D,G,0,g,"(2, 7, 10)",i,G,B-,g,252.5,85.0
2021,D,G,1,g,"(2, 7, 10)",i,G,B-,g,252.625,85.0
2022,D,G,2,g,"(2, 7, 10)",i,G,B-,g,252.75,85.0
2023,D,G,2,g,"(2, 7, 10)",i,G,B-,g,252.875,85.0
2024,D,G,3,g,"(2, 7, 10)",i,G,B-,g,253.0,85.0
2025,D,G,3,g,"(2, 7, 10)",i,G,B-,g,253.125,85.0
2026,D,G,3,g,"(2, 7, 10)",i,G,B-,g,253.25,85.0
2027,D,G,3,g,"(2, 7, 10)",i,G,B-,g,253.375,85.0
2028,D,G,4,g,"(2, 7, 10)",i,G,B-,g,253.5,85.0
2029,D,G,4,g,"(2, 7, 10)",i,G,B-,g,253.625,85.0
2030,D,G,4,g,"(2, 7, 10)",i,G,B-,g,253.75,85.0
2031,D,G,4,g,"(2, 7, 10)",i,G,B-,g,253.875,85.0
2032,A,D,0,g,"(0, 2, 6, 9)",V7,C,F#,g,254.0,85.0
2033,A,D,1,g,"(0, 2, 6, 9)",V7,C,F#,g,254.125,85.0
2034,A,D,2,g,"(0, 2, 6, 9)",V7,C,F#,g,254.25,85.0
2035,A,D,2,g,"(0, 2, 6, 9)",V7,C,F#,g,254.375,85.0
2036,A,D,3,g,"(0, 2, 6, 9)",V7,C,F#,g,254.5,85.0
2037,A,D,3,g,"(0, 2, 6, 9)",V7,C,F#,g,254.625,85.0
2038,A,D,3,g,"(0, 2, 6, 9)",V7,C,F#,g,254.75,85.0
2039,A,D,3,g,"(0, 2, 6, 9)",V7,C,F#,g,254.875,85.0
2040,A,D,4,g,"(0, 2, 6, 9)",V7,C,F#,g,255.0,85.0
2041,A,D,4,g,"(0, 2, 6, 9)",V7,C,F#,g,255.125,85.0
2042,A,D,4,g,"(0, 2, 6, 9)",V7,C,F#,g,255.25,85.0
2043,A,D,4,g,"(0, 2, 6, 9)",V7,C,F#,g,255.375,85.0
2044,D,G,0,g,"(2, 7, 10)",i,G,B-,g,255.5,86.0
2045,D,G,1,g,"(2, 7, 10)",i,G,B-,g,255.625,86.0
2046,D,G,2,g,"(2, 7, 10)",i,G,B-,g,255.75,86.0
2047,D,G,2,g,"(2, 7, 10)",i,G,B-,g,255.875,86.0
2048,D,G,3,g,"(2, 7, 10)",i,G,B-,g,256.0,86.0
2049,D,G,3,g,"(2, 7, 10)",i,G,B-,g,256.125,86.0
2050,D,G,3,g,"(2, 7, 10)",i,G,B-,g,256.25,86.0
2051,D,G,3,g,"(2, 7, 10)",i,G,B-,g,256.375,86.0
2052,D,G,4,g,"(2, 7, 10)",i,G,B-,g,256.5,86.0
2053,D,G,4,g,"(2, 7, 10)",i,G,B-,g,256.625,86.0
2054,D,G,4,g,"(2, 7, 10)",i,G,B-,g,256.75,86.0
2055,D,G,4,g,"(2, 7, 10)",i,G,B-,g,256.875,86.0
2056,D,G,4,g,"(2, 7, 10)",i,G,B-,g,257.0,86.0
2057,D,G,4,g,"(2, 7, 10)",i,G,B-,g,257.125,86.0
2058,D,G,4,g,"(2, 7, 10)",i,G,B-,g,257.25,86.0
2059,D,G,4,g,"(2, 7, 10)",i,G,B-,g,257.375,86.0
2060,D,G,5,g,"(2, 7, 10)",i,G,B-,g,257.5,86.0
2061,D,G,5,g,"(2, 7, 10)",i,G,B-,g,257.625,86.0
2062,D,G,5,g,"(2, 7, 10)",i,G,B-,g,257.75,86.0
2063,D,G,5,g,"(2, 7, 10)",i,G,B-,g,257.875,86.0
2064,D,G,5,g,"(2, 7, 10)",i,G,B-,g,258.0,86.0
2065,D,G,5,g,"(2, 7, 10)",i,G,B-,g,258.125,86.0
2066,D,G,5,g,"(2, 7, 10)",i,G,B-,g,258.25,86.0
2067,D,G,5,g,"(2, 7, 10)",i,G,B-,g,258.375,86.0
2068,G,B-,0,g,"(2, 7, 10)",i,G,D,g,258.5,87.0
2069,G,B-,1,g,"(2, 7, 10)",i,G,D,g,258.625,87.0
2070,G,B-,2,g,"(2, 7, 10)",i,G,D,g,258.75,87.0
2071,G,B-,2,g,"(2, 7, 10)",i,G,D,g,258.875,87.0
2072,G,B-,3,g,"(2, 7, 10)",i,G,D,g,259.0,87.0
2073,G,B-,3,g,"(2, 7, 10)",i,G,D,g,259.125,87.0
2074,G,B-,3,g,"(2, 7, 10)",i,G,D,g,259.25,87.0
2075,G,B-,3,g,"(2, 7, 10)",i,G,D,g,259.375,87.0
2076,G,B-,4,g,"(2, 7, 10)",i,G,D,g,259.5,87.0
2077,G,B-,4,g,"(2, 7, 10)",i,G,D,g,259.625,87.0
2078,G,B-,4,g,"(2, 7, 10)",i,G,D,g,259.75,87.0
2079,G,B-,4,g,"(2, 7, 10)",i,G,D,g,259.875,87.0
2080,G,C,0,g,"(0, 3, 7)",iv,C,E-,g,260.0,87.0
2081,G,C,1,g,"(0, 3, 7)",iv,C,E-,g,260.125,87.0
2082,G,C,2,g,"(0, 3, 7)",iv,C,E-,g,260.25,87.0
2083,G,C,2,g,"(0, 3, 7)",iv,C,E-,g,260.375,87.0
2084,G,C,3,g,"(0, 3, 7)",iv,C,E-,g,260.5,87.0
2085,G,C,3,g,"(0, 3, 7)",iv,C,E-,g,260.625,87.0
2086,G,C,3,g,"(0, 3, 7)",iv,C,E-,g,260.75,87.0
2087,G,C,3,g,"(0, 3, 7)",iv,C,E-,g,260.875,87.0
2088,G,C,4,g,"(0, 3, 7)",iv,C,E-,g,261.0,87.0
2089,G,C,4,g,"(0, 3, 7)",iv,C,E-,g,261.125,87.0
2090,G,C,4,g,"(0, 3, 7)",iv,C,E-,g,261.25,87.0
2091,G,C,4,g,"(0, 3, 7)",iv,C,E-,g,261.375,87.0
2092,A,D,0,g,"(2, 6, 9)",V,D,F#,g,261.5,88.0
2093,A,D,1,g,"(2, 6, 9)",V,D,F#,g,261.625,88.0
2094,A,D,2,g,"(2, 6, 9)",V,D,F#,g,261.75,88.0
2095,A,D,2,g,"(2, 6, 9)",V,D,F#,g,261.875,88.0
2096,A,D,3,g,"(2, 6, 9)",V,D,F#,g,262.0,88.0
2097,A,D,3,g,"(2, 6, 9)",V,D,F#,g,262.125,88.0
2098,A,D,3,g,"(2, 6, 9)",V,D,F#,g,262.25,88.0
2099,A,D,3,g,"(2, 6, 9)",V,D,F#,g,262.375,88.0
2100,A,D,4,g,"(0, 2, 6, 9)",V,D,F#,g,262.5,88.0
2101,A,D,4,g,"(0, 2, 6, 9)",V,D,F#,g,262.625,88.0
2102,A,D,4,g,"(0, 2, 6, 9)",V,D,F#,g,262.75,88.0
2103,A,D,4,g,"(0, 2, 6, 9)",V,D,F#,g,262.875,88.0
2104,A,D,4,g,"(0, 2, 6, 9)",V,D,F#,g,263.0,88.0
2105,A,D,4,g,"(0, 2, 6, 9)",V,D,F#,g,263.125,88.0
2106,A,D,4,g,"(0, 2, 6, 9)",V,D,F#,g,263.25,88.0
2107,A,D,4,g,"(0, 2, 6, 9)",V,D,F#,g,263.375,88.0
2108,A,D,5,g,"(0, 2, 6, 9)",V,D,F#,g,263.5,88.0
2109,A,D,5,g,"(0, 2, 6, 9)",V,D,F#,g,263.625,88.0
2110,A,D,5,g,"(0, 2, 6, 9)",V,D,F#,g,263.75,88.0
2111,A,D,5,g,"(0, 2, 6, 9)",V,D,F#,g,263.875,88.0
2112,A,D,5,g,"(0, 2, 6, 9)",V,D,F#,g,264.0,88.0
2113,A,D,5,g,"(0, 2, 6, 9)",V,D,F#,g,264.125,88.0
2114,A,D,5,g,"(0, 2, 6, 9)",V,D,F#,g,264.25,88.0
2115,A,D,5,g,"(0, 2, 6, 9)",V,D,F#,g,264.375,88.0
2116,D,G,0,g,"(2, 5, 7, 11)",V7,D,B,c,264.5,89.0
2117,D,G,1,g,"(2, 5, 8, 11)",viio7,D,B,c,264.625,89.0
2118,D,G,2,g,"(2, 5, 8, 11)",viio7,D,B,c,264.75,89.0
2119,D,G,2,g,"(2, 5, 8, 11)",viio7,D,B,c,264.875,89.0
2120,D,G,3,g,"(2, 5, 8, 11)",viio7,D,B,c,265.0,89.0
2121,D,G,3,g,"(2, 5, 8, 11)",viio7,D,B,c,265.125,89.0
2122,D,G,3,g,"(2, 5, 8, 11)",viio7,D,B,c,265.25,89.0
2123,D,G,3,g,"(2, 5, 8, 11)",viio7,D,B,c,265.375,89.0
2124,D,G,4,g,"(2, 5, 7, 11)",viio7,D,B,c,265.5,89.0
2125,D,G,4,g,"(2, 5, 8, 11)",viio7,D,B,c,265.625,89.0
2126,D,G,4,g,"(2, 5, 8, 11)",viio7,D,B,c,265.75,89.0
2127,D,G,4,g,"(2, 5, 8, 11)",viio7,D,B,c,265.875,89.0
2128,D,G,4,g,"(2, 7, 11)",i,G,B,c,266.0,89.0
2129,D,G,4,g,"(0, 3, 7)",i,G,B,c,266.125,89.0
2130,D,G,4,g,"(0, 3, 7)",i,G,B,c,266.25,89.0
2131,D,G,4,g,"(0, 3, 7)",i,G,B,c,266.375,89.0
2132,D,G,3,g,"(0, 3, 7)",i,C,B,c,266.5,89.0
2133,D,G,3,g,"(0, 3, 7)",i,C,B,c,266.625,89.0
2134,D,G,3,g,"(0, 3, 7)",i,C,B,c,266.75,89.0
2135,D,G,5,g,"(0, 3, 7)",i,C,B,c,266.875,89.0
2136,D,G,5,g,"(0, 3, 7)",i,C,C,c,267.0,89.0
2137,D,G,5,g,"(0, 3, 7)",i,C,C,c,267.125,89.0
2138,D,G,5,g,"(0, 3, 7)",i,C,C,c,267.25,89.0
2139,D,G,5,g,"(0, 3, 7)",i,C,C,c,267.375,89.0
2140,D,G,0,g,"(2, 7, 11)",V,G,B,c,267.5,90.0
2141,D,G,1,g,"(2, 7, 11)",V,G,B,c,267.625,90.0
2142,D,G,2,g,"(2, 7, 11)",V,G,B,c,267.75,90.0
2143,D,G,2,g,"(2, 7, 11)",V,G,B,c,267.875,90.0
2144,D,G,3,g,"(2, 7, 11)",V,G,B,c,268.0,90.0
2145,D,G,3,g,"(2, 7, 11)",V,G,B,c,268.125,90.0
2146,D,G,3,g,"(2, 7, 11)",V,G,B,c,268.25,90.0
2147,D,G,3,g,"(2, 7, 11)",V,G,B,c,268.375,90.0
2148,D,G,4,g,"(2, 7, 11)",V,G,B,c,268.5,90.0
2149,D,G,4,g,"(2, 7, 11)",V,G,B,c,268.625,90.0
2150,D,G,4,g,"(2, 7, 11)",V,G,B,c,268.75,90.0
2151,D,G,4,g,"(2, 7, 11)",V,G,B,c,268.875,90.0
2152,G,C,0,g,"(0, 3, 7)",iv,C,E-,g,269.0,90.0
2153,G,C,1,g,"(0, 3, 7)",iv,C,E-,g,269.125,90.0
2154,G,C,2,g,"(0, 3, 7)",iv,C,E-,g,269.25,90.0
2155,G,C,2,g,"(0, 3, 7)",iv,C,E-,g,269.375,90.0
2156,G,C,3,g,"(0, 3, 7)",iv,C,E-,g,269.5,90.0
2157,G,C,3,g,"(0, 3, 7)",iv,C,E-,g,269.625,90.0
2158,G,C,3,g,"(0, 3, 7)",iv,C,E-,g,269.75,90.0
2159,G,C,3,g,"(0, 3, 7)",iv,C,E-,g,269.875,90.0
2160,G,C,4,g,"(0, 3, 7)",iv,C,E-,g,270.0,90.0
2161,G,C,4,g,"(0, 3, 7)",iv,C,E-,g,270.125,90.0
2162,G,C,4,g,"(0, 3, 7)",iv,C,E-,g,270.25,90.0
2163,G,C,4,g,"(0, 3, 7)",iv,C,E-,g,270.375,90.0
2164,B-,D,0,g,"(2, 7, 10)",i,G,G,g,270.5,91.0
2165,B-,D,1,g,"(2, 7, 10)",i,G,G,g,270.625,91.0
2166,B-,D,2,g,"(2, 7, 10)",i,G,G,g,270.75,91.0
2167,B-,D,2,g,"(2, 7, 10)",i,G,G,g,270.875,91.0
2168,B-,D,3,g,"(2, 7, 10)",i,G,G,g,271.0,91.0
2169,B-,D,3,g,"(2, 7, 10)",i,G,G,g,271.125,91.0
2170,B-,D,3,g,"(2, 7, 10)",i,G,G,g,271.25,91.0
2171,B-,D,3,g,"(2, 7, 10)",i,G,G,g,271.375,91.0
2172,B-,D,4,g,"(2, 7, 10)",i,G,G,g,271.5,91.0
2173,B-,D,4,g,"(2, 7, 10)",i,G,G,g,271.625,91.0
2174,B-,D,4,g,"(2, 7, 10)",i,G,G,g,271.75,91.0
2175,B-,D,4,g,"(2, 7, 10)",i,G,G,g,271.875,91.0
2176,A,D,0,g,"(0, 2, 6, 9)",V7,C,F#,g,272.0,91.0
2177,A,D,1,g,"(0, 2, 6, 9)",V7,C,F#,g,272.125,91.0
2178,A,D,2,g,"(0, 2, 6, 9)",V7,C,F#,g,272.25,91.0
2179,A,D,2,g,"(0, 2, 6, 9)",V7,C,F#,g,272.375,91.0
2180,A,D,3,g,"(0, 2, 6, 9)",V7,C,F#,g,272.5,91.0
2181,A,D,3,g,"(0, 2, 6, 9)",V7,C,F#,g,272.625,91.0
2182,A,D,3,g,"(0, 2, 6, 9)",V7,C,F#,g,272.75,91.0
2183,A,D,3,g,"(0, 2, 6, 9)",V7,C,F#,g,272.875,91.0
2184,A,D,4,g,"(0, 2, 6, 9)",V7,C,F#,g,273.0,91.0
2185,A,D,4,g,"(0, 2, 6, 9)",V7,C,F#,g,273.125,91.0
2186,A,D,4,g,"(0, 2, 6, 9)",V7,C,F#,g,273.25,91.0
2187,A,D,4,g,"(0, 2, 6, 9)",V7,C,F#,g,273.375,91.0
2188,D,G,0,g,"(2, 7, 10)",i,G,B-,g,273.5,92.0
2189,D,G,1,g,"(2, 7, 10)",i,G,B-,g,273.625,92.0
2190,D,G,2,g,"(2, 7, 10)",i,G,B-,g,273.75,92.0
2191,D,G,2,g,"(2, 7, 10)",i,G,B-,g,273.875,92.0
2192,D,G,3,g,"(2, 7, 10)",i,G,B-,g,274.0,92.0
2193,D,G,3,g,"(2, 7, 10)",i,G,B-,g,274.125,92.0
2194,D,G,3,g,"(2, 7, 10)",i,G,B-,g,274.25,92.0
2195,D,G,3,g,"(2, 7, 10)",i,G,B-,g,274.375,92.0
2196,D,G,4,g,"(2, 7, 10)",i,G,B-,g,274.5,92.0
2197,D,G,4,g,"(2, 7, 10)",i,G,B-,g,274.625,92.0
2198,D,G,4,g,"(2, 7, 10)",i,G,B-,g,274.75,92.0
2199,D,G,4,g,"(2, 7, 10)",i,G,B-,g,274.875,92.0
2200,D,G,4,g,"(2, 7, 10)",i,G,B-,g,275.0,92.0
2201,D,G,4,g,"(2, 7, 10)",i,G,B-,g,275.125,92.0
2202,D,G,2,g,"(2, 7, 10)",i,G,B-,g,275.25,92.0
2203,D,G,4,g,"(2, 7, 10)",i,G,B-,g,275.375,92.0
2204,D,G,3,g,"(2, 7, 10)",i,G,B-,g,275.5,92.0
2205,D,G,3,g,"(2, 7, 10)",i,G,B-,g,275.625,92.0
2206,D,G,3,g,"(2, 7, 10)",i,G,B-,g,275.75,92.0
2207,D,G,3,g,"(2, 7, 10)",i,G,B-,g,275.875,92.0
2208,D,G,0,g,"(2, 7, 10)",i,G,B-,g,276.0,92.0
2209,D,G,4,g,"(2, 7, 10)",i,G,B-,g,276.125,92.0
2210,D,G,4,g,"(2, 7, 10)",i,G,B-,g,276.25,92.0
2211,D,G,4,g,"(2, 7, 10)",i,G,B-,g,276.375,92.0
2212,A-,D,0,g,"(2, 5, 8, 11)",viio7,B,F,c,276.5,93.0
2213,A-,D,1,g,"(2, 5, 8, 11)",viio7,B,F,c,276.625,93.0
2214,A-,D,2,g,"(2, 5, 8, 11)",viio7,B,F,c,276.75,93.0
2215,A-,D,2,g,"(2, 5, 8, 11)",viio7,B,F,c,276.875,93.0
2216,A-,D,3,g,"(2, 5, 8, 11)",viio7,B,F,c,277.0,93.0
2217,A-,D,3,g,"(2, 5, 8, 11)",viio7,B,F,c,277.125,93.0
2218,A-,D,3,g,"(2, 5, 8, 11)",viio7,B,F,c,277.25,93.0
2219,A-,D,3,g,"(2, 5, 8, 11)",viio7,B,F,c,277.375,93.0
2220,A-,D,4,g,"(2, 5, 8, 11)",viio7,B,F,c,277.5,93.0
2221,A-,D,4,g,"(2, 5, 8, 11)",viio7,B,F,c,277.625,93.0
2222,A-,D,4,g,"(2, 5, 8, 11)",viio7,B,F,c,277.75,93.0
2223,A-,D,4,g,"(2, 5, 8, 11)",viio7,B,F,c,277.875,93.0
2224,A-,D,4,g,"(2, 5, 8, 11)",viio7,B,F,c,278.0,93.0
2225,A-,D,4,g,"(2, 5, 8, 11)",viio7,B,F,c,278.125,93.0
2226,A-,D,4,g,"(2, 5, 8, 11)",viio7,B,F,c,278.25,93.0
2227,A-,D,4,g,"(2, 5, 8, 11)",viio7,B,F,c,278.375,93.0
2228,A-,D,5,g,"(2, 5, 8, 11)",viio7,B,F,c,278.5,93.0
2229,A-,D,5,g,"(2, 5, 8, 11)",viio7,B,F,c,278.625,93.0
2230,A-,D,5,g,"(2, 5, 8, 11)",viio7,B,F,c,278.75,93.0
2231,A-,D,5,g,"(2, 5, 8, 11)",viio7,B,F,c,278.875,93.0
2232,B,D,5,g,"(2, 5, 8, 11)",viio7,B,F,c,279.0,93.0
2233,B,D,5,g,"(2, 5, 8, 11)",viio7,B,F,c,279.125,93.0
2234,B,D,5,g,"(2, 5, 8, 11)",viio7,B,F,c,279.25,93.0
2235,B,D,5,g,"(2, 5, 8, 11)",viio7,B,F,c,279.375,93.0
2236,G,C,0,g,"(0, 3, 7)",iv,C,E-,g,279.5,94.0
2237,G,C,1,g,"(0, 3, 7)",iv,C,E-,g,279.625,94.0
2238,G,C,2,g,"(0, 3, 7)",iv,C,E-,g,279.75,94.0
2239,G,C,2,g,"(0, 3, 7)",iv,C,E-,g,279.875,94.0
2240,G,C,3,g,"(0, 3, 7)",iv,C,E-,g,280.0,94.0
2241,G,C,3,g,"(0, 3, 7)",iv,C,E-,g,280.125,94.0
2242,G,C,3,g,"(0, 3, 7)",iv,C,E-,g,280.25,94.0
2243,G,C,3,g,"(0, 3, 7)",iv,C,E-,g,280.375,94.0
2244,G,C,4,g,"(0, 3, 7)",iv,C,E-,g,280.5,94.0
2245,G,C,4,g,"(0, 3, 7)",iv,C,E-,g,280.625,94.0
2246,G,C,4,g,"(0, 3, 7)",iv,C,E-,g,280.75,94.0
2247,G,C,4,g,"(0, 3, 7)",iv,C,E-,g,280.875,94.0
2248,G,C,4,g,"(0, 3, 7)",iv,C,E-,g,281.0,94.0
2249,G,C,4,g,"(0, 3, 7)",iv,C,E-,g,281.125,94.0
2250,G,C,4,g,"(0, 3, 7)",iv,C,E-,g,281.25,94.0
2251,G,C,4,g,"(0, 3, 7)",iv,C,E-,g,281.375,94.0
2252,G,C,5,g,"(0, 3, 7)",iv,C,E-,g,281.5,94.0
2253,G,C,5,g,"(0, 3, 7)",iv,C,E-,g,281.625,94.0
2254,G,C,5,g,"(0, 3, 7)",iv,C,E-,g,281.75,94.0
2255,G,C,5,g,"(0, 3, 7)",iv,C,E-,g,281.875,94.0
2256,G,C,5,g,"(0, 3, 7)",iv,C,E-,g,282.0,94.0
2257,G,C,5,g,"(0, 3, 7)",iv,C,E-,g,282.125,94.0
2258,G,C,5,g,"(0, 3, 7)",iv,C,E-,g,282.25,94.0
2259,G,C,5,g,"(0, 3, 7)",iv,C,E-,g,282.375,94.0
2260,B-,E-,0,g,"(3, 7, 10)",iv,E-,G,g,282.5,95.0
2261,B-,E-,1,g,"(3, 7, 10)",iv,E-,G,g,282.625,95.0
2262,B-,E-,2,g,"(3, 7, 10)",iv,E-,G,g,282.75,95.0
2263,B-,E-,2,g,"(3, 7, 10)",iv,E-,G,g,282.875,95.0
2264,B-,E-,3,g,"(3, 7, 10)",i,E-,G,g,283.0,95.0
2265,B-,E-,3,g,"(3, 7, 10)",i,E-,G,g,283.125,95.0
2266,B-,E-,3,g,"(3, 7, 10)",i,E-,G,g,283.25,95.0
2267,B-,E-,3,g,"(3, 7, 10)",i,E-,G,g,283.375,95.0
2268,C,E-,4,g,"(3, 7, 10)",i,E-,G,g,283.5,95.0
2269,C,E-,4,g,"(3, 7, 10)",i,E-,G,g,283.625,95.0
2270,C,E-,4,g,"(3, 7, 10)",i,E-,G,g,283.75,95.0
2271,C,E-,4,g,"(3, 7, 10)",i,E-,G,g,283.875,95.0
2272,A,E-,4,g,"(0, 3, 6, 9)",i,E-,G,g,284.0,95.0
2273,A,E-,4,g,"(0, 3, 6, 9)",i,E-,G,g,284.125,95.0
2274,A,E-,4,g,"(0, 3, 6, 9)",i,E-,G,g,284.25,95.0
2275,A,E-,4,g,"(0, 3, 6, 9)",i,E-,G,g,284.375,95.0
2276,A,E-,5,g,"(0, 3, 6, 9)",i,E-,F#,g,284.5,95.0
2277,A,E-,5,g,"(2, 6, 9)",i,E-,F#,g,284.625,95.0
2278,A,E-,5,g,"(2, 6, 9)",i,E-,F#,g,284.75,95.0
2279,A,E-,5,g,"(2, 6, 9)",i,E-,F#,g,284.875,95.0
2280,A,F#,5,g,"(2, 6, 9)",V7,D,F#,g,285.0,95.0
2281,A,F#,5,g,"(2, 6, 9)",V7,D,F#,g,285.125,95.0
2282,A,F#,5,g,"(2, 6, 9)",V7,D,F#,g,285.25,95.0
2283,A,F#,5,g,"(2, 6, 9)",V7,D,F#,g,285.375,95.0
2284,D,G,0,g,"(2, 7, 10)",i,G,B-,g,285.5,96.0
2285,D,G,1,g,"(2, 7, 10)",i,G,B-,g,285.625,96.0
2286,D,G,2,g,"(2, 7, 10)",i,G,B-,g,285.75,96.0
2287,D,G,2,g,"(2, 7, 10)",i,G,B-,g,285.875,96.0
2288,D,G,3,g,"(2, 7, 10)",i,G,B-,g,286.0,96.0
2289,D,G,3,g,"(2, 7, 10)",i,G,B-,g,286.125,96.0
2290,D,G,3,g,"(2, 7, 10)",i,G,B-,g,286.25,96.0
2291,D,G,3,g,"(2, 7, 10)",i,G,B-,g,286.375,96.0
2292,D,G,4,g,"(2, 7, 10)",i,G,B-,g,286.5,96.0
2293,D,G,4,g,"(2, 7, 10)",i,G,B-,g,286.625,96.0
2294,D,G,4,g,"(2, 7, 10)",i,G,B-,g,286.75,96.0
2295,D,G,4,g,"(2, 7, 10)",i,G,B-,g,286.875,96.0
2296,D,G,4,g,"(2, 7, 10)",i,G,B-,g,287.0,96.0
2297,D,G,4,g,"(2, 7, 10)",i,G,B-,g,287.125,96.0
2298,D,G,4,g,"(2, 7, 10)",i,G,B-,g,287.25,96.0
2299,D,G,4,g,"(2, 7, 10)",i,G,B-,g,287.375,96.0
2300,D,G,5,g,"(2, 7, 10)",i,G,B-,g,287.5,96.0
2301,D,G,5,g,"(2, 7, 10)",i,G,B-,g,287.625,96.0
2302,D,G,5,g,"(2, 7, 10)",i,G,B-,g,287.75,96.0
2303,D,G,5,g,"(2, 7, 10)",i,G,B-,g,287.875,96.0
2304,D,B-,5,g,"(2, 7, 10)",i,G,D,g,288.0,96.0
2305,D,B-,5,g,"(2, 7, 10)",i,G,D,g,288.125,96.0
2306,D,B-,5,g,"(2, 7, 10)",i,G,D,g,288.25,96.0
2307,D,B-,5,g,"(2, 7, 10)",i,G,D,g,288.375,96.0
2308,B-,E-,0,g,"(2, 3, 7, 10)",VI,G,G,g,288.5,97.0
2309,B-,E-,1,g,"(2, 3, 7, 10)",VI,G,G,g,288.625,97.0
2310,B-,E-,2,g,"(2, 3, 7, 10)",VI,G,G,g,288.75,97.0
2311,B-,E-,2,g,"(2, 3, 7, 10)",VI,G,G,g,288.875,97.0
2312,B-,E-,3,g,"(2, 3, 7, 10)",VI,G,G,g,289.0,97.0
2313,B-,E-,3,g,"(2, 3, 7, 10)",VI,G,G,g,289.125,97.0
2314,B-,E-,3,g,"(2, 3, 7, 10)",VI,G,G,g,289.25,97.0
2315,B-,E-,3,g,"(2, 3, 7, 10)",VI,G,G,g,289.375,97.0
2316,B-,E-,4,g,"(1, 3, 7, 10)",VI,C#,G,g,289.5,97.0
2317,B-,E-,4,g,"(1, 3, 7, 10)",Ger7,C#,G,g,289.625,97.0
2318,B-,E-,4,g,"(1, 3, 7, 10)",Ger7,C#,G,g,289.75,97.0
2319,B-,E-,4,g,"(1, 3, 7, 10)",Ger7,C#,G,g,289.875,97.0
2320,B-,E-,4,g,"(1, 3, 7, 10)",VI,D-,G,g,290.0,97.0
2321,B-,E-,4,g,"(1, 3, 7, 10)",VI,D-,G,g,290.125,97.0
2322,B-,E-,4,g,"(1, 3, 7, 10)",VI,D-,G,g,290.25,97.0
2323,B-,E-,4,g,"(1, 3, 7, 10)",VI,D-,G,g,290.375,97.0
2324,B-,E-,4,g,"(1, 3, 7, 10)",VI,D-,G,g,290.5,97.0
2325,B-,E-,4,g,"(1, 3, 7, 10)",VI,D-,G,g,290.625,97.0
2326,B-,E-,4,g,"(1, 3, 7, 10)",VI,D-,G,g,290.75,97.0
2327,B-,E-,4,g,"(1, 3, 7, 10)",VI,D-,G,g,290.875,97.0
2328,B-,E-,4,g,"(1, 3, 7, 10)",Ger7,C#,G,g,291.0,97.0
2329,B-,E-,4,g,"(1, 3, 7, 10)",Ger7,C#,G,g,291.125,97.0
2330,B-,E-,4,g,"(1, 3, 7, 10)",Ger7,C#,G,g,291.25,97.0
2331,B-,E-,4,g,"(1, 3, 7, 10)",Ger7,D-,G,g,291.375,97.0
2332,B-,D,0,g,"(1, 4, 7, 10)",viio7,G,G,g,291.5,98.0
2333,B-,D,1,g,"(1, 4, 7, 10)",viio7,G,G,g,291.625,98.0
2334,B-,D,2,g,"(1, 4, 7, 10)",viio7,G,G,g,291.75,98.0
2335,B-,D,2,g,"(1, 4, 7, 10)",viio7,G,G,g,291.875,98.0
2336,B-,D,3,g,"(1, 4, 7, 10)",viio7,G,G,g,292.0,98.0
2337,B-,D,3,g,"(1, 4, 7, 10)",viio7,G,G,g,292.125,98.0
2338,B-,D,3,g,"(1, 4, 7, 10)",viio7,G,G,g,292.25,98.0
2339,B-,D,3,g,"(1, 4, 7, 10)",viio7,G,G,g,292.375,98.0
2340,B-,D,4,g,"(1, 4, 7, 10)",viio7,G,G,g,292.5,98.0
2341,B-,D,4,g,"(1, 4, 7, 10)",viio7,G,G,g,292.625,98.0
2342,B-,D,4,g,"(1, 4, 7, 10)",viio7,G,G,g,292.75,98.0
2343,B-,D,4,g,"(1, 4, 7, 10)",viio7,G,G,g,292.875,98.0
2344,B,D,0,g,"(0, 2, 6, 9)",viio7,G,G,g,293.0,98.0
2345,B,D,4,g,"(0, 2, 6, 9)",viio7,G,G,g,293.125,98.0
2346,B,D,2,g,"(0, 2, 6, 9)",V7,G,G,g,293.25,98.0
2347,B,D,2,g,"(0, 2, 6, 9)",V7,G,G,g,293.375,98.0
2348,B,D,3,g,"(0, 2, 6, 9)",V7,B,F#,g,293.5,98.0
2349,B,D,3,g,"(0, 2, 6, 9)",V7,B,F#,g,293.625,98.0
2350,A,D,3,g,"(0, 2, 6, 9)",V7,B,F#,g,293.75,98.0
2351,A,D,3,g,"(0, 2, 6, 9)",V7,B,F#,g,293.875,98.0
2352,A,D,4,g,"(0, 2, 6, 9)",V7,G,F#,g,294.0,98.0
2353,A,D,4,g,"(0, 2, 6, 9)",V7,G,F#,g,294.125,98.0
2354,A,D,4,g,"(0, 2, 6, 9)",V7,G,F#,g,294.25,98.0
2355,A,D,4,g,"(0, 2, 6, 9)",V7,G,F#,g,294.375,98.0
2356,C,F#,0,g,"(0, 2, 6, 9)",V7,D,A,g,294.5,99.0
2357,C,F#,1,g,"(0, 2, 6, 9)",V7,D,A,g,294.625,99.0
2358,C,F#,2,g,"(0, 2, 6, 9)",V7,D,A,g,294.75,99.0
2359,C,F#,2,g,"(0, 2, 6, 9)",V7,D,A,g,294.875,99.0
2360,C,F#,3,g,"(0, 2, 6, 9)",V7,D,A,g,295.0,99.0
2361,C,F#,3,g,"(0, 2, 6, 9)",V7,D,A,g,295.125,99.0
2362,C,F#,3,g,"(0, 2, 6, 9)",V7,D,A,g,295.25,99.0
2363,C,F#,3,g,"(0, 2, 6, 9)",V7,D,A,g,295.375,99.0
2364,C,F#,4,g,"(0, 2, 6, 9)",V7,D,A,g,295.5,99.0
2365,C,F#,4,g,"(0, 2, 6, 9)",V7,D,A,g,295.625,99.0
2366,C,F#,4,g,"(0, 2, 6, 9)",V7,D,A,g,295.75,99.0
2367,C,F#,4,g,"(0, 2, 6, 9)",V7,D,A,g,295.875,99.0
2368,D,G,0,g,"(2, 7, 10)",i,G,B-,g,296.0,99.0
2369,D,G,1,g,"(2, 7, 10)",i,G,B-,g,296.125,99.0
2370,D,G,2,g,"(2, 7, 10)",i,G,B-,g,296.25,99.0
2371,D,G,2,g,"(2, 7, 10)",i,G,B-,g,296.375,99.0
2372,D,G,3,g,"(2, 7, 10)",i,G,B-,g,296.5,99.0
2373,D,G,3,g,"(2, 7, 10)",i,G,B-,g,296.625,99.0
2374,D,G,3,g,"(2, 7, 10)",i,G,B-,g,296.75,99.0
2375,D,G,3,g,"(2, 7, 10)",i,G,B-,g,296.875,99.0
2376,D,G,4,g,"(2, 7, 10)",i,G,B-,g,297.0,99.0
2377,D,G,4,g,"(2, 7, 10)",i,G,B-,g,297.125,99.0
2378,D,G,4,g,"(2, 7, 10)",i,G,B-,g,297.25,99.0
2379,D,G,4,g,"(2, 7, 10)",i,G,B-,g,297.375,99.0
2380,A,D,0,g,"(2, 6, 9)",V,D,F#,g,297.5,100.0
2381,A,D,1,g,"(2, 6, 9)",V,D,F#,g,297.625,100.0
2382,A,D,2,g,"(2, 6, 9)",V,D,F#,g,297.75,100.0
2383,A,D,2,g,"(2, 6, 9)",V,D,F#,g,297.875,100.0
2384,A,D,3,g,"(2, 6, 9)",V,D,F#,g,298.0,100.0
2385,A,D,3,g,"(2, 6, 9)",V,D,F#,g,298.125,100.0
2386,A,D,3,g,"(2, 6, 9)",V,D,F#,g,298.25,100.0
2387,A,D,3,g,"(2, 6, 9)",V,D,F#,g,298.375,100.0
2388,A,D,4,g,"(2, 6, 9)",V,D,F#,g,298.5,100.0
2389,A,D,4,g,"(2, 6, 9)",V,D,F#,g,298.625,100.0
2390,A,D,4,g,"(2, 6, 9)",V,D,F#,g,298.75,100.0
2391,A,D,4,g,"(2, 6, 9)",V,D,F#,g,298.875,100.0
2392,A,D,4,g,"(2, 6, 9)",V,D,F#,g,299.0,100.0
2393,A,D,4,g,"(2, 6, 9)",V,D,F#,g,299.125,100.0
2394,A,D,4,g,"(2, 6, 9)",V,D,F#,g,299.25,100.0
2395,A,D,4,g,"(2, 6, 9)",V,D,F#,g,299.375,100.0
2396,A,D,5,g,"(2, 6, 9)",V,D,F#,g,299.5,100.0
2397,A,D,5,g,"(2, 6, 9)",V,D,F#,g,299.625,100.0
2398,A,D,5,g,"(2, 6, 9)",V,D,F#,g,299.75,100.0
2399,A,D,5,g,"(2, 6, 9)",V,D,F#,g,299.875,100.0
2400,A,D,5,g,"(2, 6, 9)",V,D,F#,g,300.0,100.0
2401,A,D,5,g,"(2, 6, 9)",V,D,F#,g,300.125,100.0
2402,A,D,5,g,"(2, 6, 9)",V,D,F#,g,300.25,100.0
2403,A,D,5,g,"(2, 6, 9)",V,D,F#,g,300.375,100.0
2404,D,G,0,g,"(2, 5, 7, 11)",V7,F,B,c,300.5,101.0
2405,D,G,1,g,"(2, 5, 7, 11)",V7,F,B,c,300.625,101.0
2406,D,G,2,g,"(2, 5, 7, 11)",V7,F,B,c,300.75,101.0
2407,D,G,2,g,"(2, 5, 7, 11)",V7,F,B,c,300.875,101.0
2408,D,G,3,g,"(2, 5, 7, 11)",V7,F,B,c,301.0,101.0
2409,D,G,3,g,"(2, 5, 7, 11)",V7,F,B,c,301.125,101.0
2410,D,G,3,g,"(2, 5, 7, 11)",V7,F,B,c,301.25,101.0
2411,D,G,3,g,"(2, 5, 7, 11)",V7,F,B,c,301.375,101.0
2412,D,G,4,g,"(2, 5, 7, 11)",V7,F,B,c,301.5,101.0
2413,D,G,4,g,"(2, 5, 7, 11)",V7,F,B,c,301.625,101.0
2414,D,G,4,g,"(2, 5, 7, 11)",V7,F,B,c,301.75,101.0
2415,D,G,4,g,"(2, 5, 7, 11)",viio7,F,B,c,301.875,101.0
2416,D,G,4,g,"(0, 3, 7)",i,G,B,c,302.0,101.0
2417,D,G,4,g,"(0, 3, 7)",i,G,B,c,302.125,101.0
2418,D,G,4,g,"(0, 3, 7)",i,G,B,c,302.25,101.0
2419,D,G,4,g,"(0, 3, 7)",i,G,B,c,302.375,101.0
2420,D,G,5,g,"(0, 3, 7)",i,C,C,g,302.5,101.0
2421,D,G,5,g,"(0, 3, 7)",i,C,C,g,302.625,101.0
2422,D,G,5,g,"(0, 3, 7)",i,C,C,g,302.75,101.0
2423,D,G,5,g,"(0, 3, 7)",i,C,C,g,302.875,101.0
2424,D,G,5,g,"(0, 3, 7)",i,C,C,g,303.0,101.0
2425,D,G,5,g,"(0, 3, 7)",i,C,C,g,303.125,101.0
2426,D,G,5,g,"(0, 3, 7)",i,C,C,g,303.25,101.0
2427,D,G,5,g,"(0, 3, 7)",i,C,C,g,303.375,101.0
2428,D,G,0,g,"(2, 7, 11)",I,G,B,c,303.5,102.0
2429,D,G,1,g,"(2, 7, 11)",I,G,B,c,303.625,102.0
2430,D,G,2,g,"(2, 7, 11)",I,G,B,c,303.75,102.0
2431,D,G,2,g,"(2, 7, 11)",I,G,B,c,303.875,102.0
2432,D,G,3,g,"(2, 7, 11)",I,G,B,c,304.0,102.0
2433,D,G,3,g,"(2, 7, 11)",I,G,B,c,304.125,102.0
2434,D,G,3,g,"(2, 7, 11)",I,G,B,c,304.25,102.0
2435,D,G,3,g,"(2, 7, 11)",I,G,B,c,304.375,102.0
2436,D,G,4,g,"(2, 7, 11)",I,G,B,c,304.5,102.0
2437,D,G,4,g,"(2, 7, 11)",I,G,B,c,304.625,102.0
2438,D,G,4,g,"(2, 7, 11)",I,G,B,c,304.75,102.0
2439,D,G,4,g,"(2, 7, 11)",I,G,B,c,304.875,102.0
2440,G,C,0,g,"(0, 3, 7)",iv,C,E-,g,305.0,102.0
2441,G,C,1,g,"(0, 3, 7)",iv,C,E-,g,305.125,102.0
2442,G,C,2,g,"(0, 3, 7)",iv,C,E-,g,305.25,102.0
2443,G,C,2,g,"(0, 3, 7)",iv,C,E-,g,305.375,102.0
2444,G,C,3,g,"(0, 3, 7)",iv,C,E-,g,305.5,102.0
2445,G,C,3,g,"(0, 3, 7)",iv,C,E-,g,305.625,102.0
2446,G,C,3,g,"(0, 3, 7)",iv,C,E-,g,305.75,102.0
2447,G,C,3,g,"(0, 3, 7)",iv,C,E-,g,305.875,102.0
2448,G,C,4,g,"(0, 3, 7)",iv,C,E-,g,306.0,102.0
2449,G,C,4,g,"(0, 3, 7)",iv,C,E-,g,306.125,102.0
2450,G,C,4,g,"(0, 3, 7)",iv,C,E-,g,306.25,102.0
2451,G,C,4,g,"(0, 3, 7)",iv,C,E-,g,306.375,102.0
2452,B-,D,0,g,"(2, 7, 10)",i,B-,G,g,306.5,103.0
2453,B-,D,1,g,"(2, 7, 10)",i,B-,G,g,306.625,103.0
2454,B-,D,2,g,"(2, 7, 10)",i,B-,G,g,306.75,103.0
2455,B-,D,2,g,"(2, 7, 10)",i,B-,G,g,306.875,103.0
2456,B-,D,3,g,"(2, 7, 10)",i,B-,G,g,307.0,103.0
2457,B-,D,3,g,"(2, 7, 10)",i,B-,G,g,307.125,103.0
2458,B-,D,3,g,"(2, 7, 10)",i,B-,G,g,307.25,103.0
2459,B-,D,3,g,"(2, 7, 10)",i,B-,G,g,307.375,103.0
2460,B-,D,4,g,"(2, 7, 10)",i,G,G,g,307.5,103.0
2461,B-,D,4,g,"(2, 7, 10)",i,G,G,g,307.625,103.0
2462,B-,D,4,g,"(2, 7, 10)",i,G,G,g,307.75,103.0
2463,B-,D,4,g,"(2, 7, 10)",i,G,G,g,307.875,103.0
2464,A,D,0,g,"(0, 2, 6, 9)",V7,C,F#,g,308.0,103.0
2465,A,D,1,g,"(0, 2, 6, 9)",V7,C,F#,g,308.125,103.0
2466,A,D,2,g,"(0, 2, 6, 9)",V7,C,F#,g,308.25,103.0
2467,A,D,2,g,"(0, 2, 6, 9)",V7,C,F#,g,308.375,103.0
2468,A,D,3,g,"(0, 2, 6, 9)",V7,C,F#,g,308.5,103.0
2469,A,D,3,g,"(0, 2, 6, 9)",V7,C,F#,g,308.625,103.0
2470,A,D,3,g,"(0, 2, 6, 9)",V7,C,F#,g,308.75,103.0
2471,A,D,3,g,"(0, 2, 6, 9)",V7,C,F#,g,308.875,103.0
2472,A,D,4,g,"(0, 2, 6, 9)",V7,C,F#,g,309.0,103.0
2473,A,D,4,g,"(0, 2, 6, 9)",V7,C,F#,g,309.125,103.0
2474,A,D,4,g,"(0, 2, 6, 9)",V7,C,F#,g,309.25,103.0
2475,A,D,4,g,"(0, 2, 6, 9)",V7,C,F#,g,309.375,103.0
2476,D,G,0,g,"(0, 2, 6, 9)",V7,G,B-,g,309.5,104.0
2477,D,G,1,g,"(0, 2, 6, 9)",V7,G,B-,g,309.625,104.0
2478,D,G,2,g,"(0, 2, 6, 9)",V7,G,B-,g,309.75,104.0
2479,D,G,2,g,"(0, 2, 6, 9)",V7,G,B-,g,309.875,104.0
2480,D,G,3,g,"(0, 2, 6, 9)",V7,G,A,g,310.0,104.0
2481,D,G,3,g,"(0, 2, 6, 9)",V7,G,A,g,310.125,104.0
2482,D,G,3,g,"(0, 2, 6, 9)",V7,G,A,g,310.25,104.0
2483,D,G,3,g,"(0, 2, 6, 9)",V7,G,A,g,310.375,104.0
2484,D,G,4,g,"(0, 2, 6, 9)",V7,G,F#,g,310.5,104.0
2485,D,G,4,g,"(0, 2, 6, 9)",V7,G,F#,g,310.625,104.0
2486,D,G,4,g,"(0, 2, 6, 9)",V7,G,F#,g,310.75,104.0
2487,D,G,4,g,"(0, 2, 6, 9)",V7,G,F#,g,310.875,104.0
2488,D,G,0,g,"(2, 7, 10)",i,G,B-,g,311.0,104.0
2489,D,G,1,g,"(2, 7, 10)",i,G,B-,g,311.125,104.0
2490,D,G,2,g,"(2, 7, 10)",i,G,B-,g,311.25,104.0
2491,D,G,2,g,"(2, 7, 10)",i,G,B-,g,311.375,104.0
2492,D,G,3,g,"(2, 7, 10)",i,G,B-,g,311.5,104.0
2493,D,G,3,g,"(2, 7, 10)",i,G,B-,g,311.625,104.0
2494,D,G,3,g,"(2, 7, 10)",i,G,B-,g,311.75,104.0
2495,D,G,3,g,"(2, 7, 10)",i,G,B-,g,311.875,104.0
2496,D,G,4,g,"(2, 7, 10)",i,G,B-,g,312.0,104.0
2497,D,G,4,g,"(2, 7, 10)",i,G,B-,g,312.125,104.0
2498,D,G,4,g,"(2, 7, 10)",i,G,B-,g,312.25,104.0
2499,D,G,4,g,"(2, 7, 10)",i,G,B-,g,312.375,104.0
2500,D,G,3,g,"(2, 7, 10)",i,G,B-,g,312.5,105.0
2501,D,G,3,g,"(2, 7, 10)",i,G,B,g,312.625,105.0
2502,D,G,2,g,"(2, 7, 10)",i,G,B,g,312.75,105.0
2503,D,G,2,g,"(2, 7, 10)",i,G,B,g,312.875,105.0
2504,D,G,4,g,"(2, 7, 10)",i,G,B,g,313.0,105.0
2505,D,G,4,g,"(2, 7, 10)",i,G,B,g,313.125,105.0
2506,D,G,4,g,"(2, 7, 10)",i,G,B,g,313.25,105.0
2507,D,G,4,g,"(2, 7, 10)",i,G,B,g,313.375,105.0
2508,D,G,4,g,"(2, 7, 10)",i,G,B,g,313.5,105.0
2509,D,G,4,g,"(2, 7, 10)",i,G,B,g,313.625,105.0
2510,D,G,4,g,"(2, 7, 10)",i,G,B,g,313.75,105.0
2511,D,G,4,g,"(2, 7, 10)",i,G,B,g,313.875,105.0
2512,D,G,4,g,"(2, 7, 10)",i,G,B,g,314.0,105.0
2513,D,G,4,g,"(2, 7, 10)",i,G,B,g,314.125,105.0
2514,D,G,4,g,"(2, 7, 10)",i,G,B,g,314.25,105.0
2515,D,G,4,g,"(2, 7, 10)",i,G,B,g,314.375,105.0
2516,D,G,5,g,"(2, 7, 11)",i,G,B,g,314.5,105.0
2517,D,G,5,g,"(2, 7, 11)",i,G,B,g,314.625,105.0
2518,D,G,5,g,"(2, 7, 11)",i,G,B,g,314.75,105.0
2519,D,G,5,g,"(2, 7, 11)",i,G,B,g,314.875,105.0
2520,D,G,0,G,"(2, 7, 11)",i,G,B,G,315.0,105.0
2521,D,G,1,G,"(2, 7, 11)",i,G,B,G,315.125,105.0
2522,D,G,2,G,"(2, 7, 11)",i,G,B,G,315.25,105.0
2523,D,G,5,G,"(2, 7, 11)",i,G,B,G,315.375,105.0
2524,D,G,0,G,"(2, 7, 11)",I,G,B,G,315.5,106.0
2525,D,G,1,G,"(2, 7, 11)",I,G,B,G,315.625,106.0
2526,D,G,2,G,"(2, 7, 11)",I,G,B,G,315.75,106.0
2527,D,G,2,G,"(2, 7, 11)",I,G,B,G,315.875,106.0
2528,D,G,3,G,"(2, 7, 11)",I,G,B,G,316.0,106.0
2529,D,G,3,G,"(2, 7, 11)",I,G,B,G,316.125,106.0
2530,D,G,3,G,"(2, 7, 11)",I,G,B,G,316.25,106.0
2531,D,G,3,G,"(2, 7, 11)",I,G,B,G,316.375,106.0
2532,D,G,4,G,"(2, 7, 11)",I,G,B,G,316.5,106.0
2533,D,G,4,G,"(2, 7, 11)",I,G,B,G,316.625,106.0
2534,D,G,4,G,"(2, 7, 11)",I,G,B,G,316.75,106.0
2535,D,G,4,G,"(2, 7, 11)",I,G,B,G,316.875,106.0
2536,A,D,0,G,"(0, 2, 6, 9)",V7,C,F#,G,317.0,106.0
2537,A,D,1,G,"(0, 2, 6, 9)",V7,C,F#,G,317.125,106.0
2538,A,D,2,G,"(0, 2, 6, 9)",V7,C,F#,G,317.25,106.0
2539,A,D,2,G,"(0, 2, 6, 9)",V7,C,F#,G,317.375,106.0
2540,A,D,3,G,"(0, 2, 6, 9)",V7,C,F#,G,317.5,106.0
2541,A,D,3,G,"(0, 2, 6, 9)",V7,C,F#,G,317.625,106.0
2542,A,D,3,G,"(0, 2, 6, 9)",V7,C,F#,G,317.75,106.0
2543,A,D,3,G,"(0, 2, 6, 9)",V7,C,F#,G,317.875,106.0
2544,A,D,4,G,"(0, 2, 6, 9)",V7,C,F#,G,318.0,106.0
2545,A,D,4,G,"(0, 2, 6, 9)",V7,C,F#,G,318.125,106.0
2546,A,D,4,G,"(0, 2, 6, 9)",V7,C,F#,G,318.25,106.0
2547,A,D,4,G,"(0, 2, 6, 9)",V7,C,F#,G,318.375,106.0
2548,G,B,0,G,"(2, 7, 11)",I,G,D,G,318.5,107.0
2549,G,B,1,G,"(2, 7, 11)",I,G,D,G,318.625,107.0
2550,G,B,2,G,"(2, 7, 11)",I,G,D,G,318.75,107.0
2551,G,B,2,G,"(2, 7, 11)",I,G,D,G,318.875,107.0
2552,G,B,3,G,"(2, 7, 11)",I,G,D,G,319.0,107.0
2553,G,B,3,G,"(2, 7, 11)",I,G,D,G,319.125,107.0
2554,G,B,3,G,"(2, 7, 11)",I,G,D,G,319.25,107.0
2555,G,B,3,G,"(2, 7, 11)",I,G,D,G,319.375,107.0
2556,G,B,4,G,"(2, 7, 11)",I,G,D,G,319.5,107.0
2557,G,B,4,G,"(2, 7, 11)",I,G,D,G,319.625,107.0
2558,G,B,4,G,"(2, 7, 11)",I,G,D,G,319.75,107.0
2559,G,B,4,G,"(2, 7, 11)",V,G,D,G,319.875,107.0
2560,G,G,4,G,"(2, 7, 11)",I,G,B,G,320.0,107.0
2561,G,G,4,G,"(2, 7, 11)",I,G,B,G,320.125,107.0
2562,G,G,4,G,"(2, 7, 11)",I,G,B,G,320.25,107.0
2563,G,G,4,G,"(2, 7, 11)",I,G,B,G,320.375,107.0
2564,D,G,0,G,"(2, 7, 11)",I,G,B,G,320.5,107.0
2565,D,G,5,G,"(2, 7, 11)",I,G,B,G,320.625,107.0
2566,D,G,2,G,"(2, 7, 11)",I,G,B,G,320.75,107.0
2567,D,G,2,G,"(2, 7, 11)",I,G,B,G,320.875,107.0
2568,D,G,3,G,"(2, 7, 11)",I,G,B,G,321.0,107.0
2569,D,G,3,G,"(2, 7, 11)",I,G,B,G,321.125,107.0
2570,D,G,5,G,"(2, 7, 11)",I,G,B,G,321.25,107.0
2571,D,G,5,G,"(2, 7, 11)",I,G,B,G,321.375,107.0
2572,G,B,0,G,"(2, 7, 11)",I,G,D,G,321.5,108.0
2573,G,B,1,G,"(2, 7, 11)",I,G,D,G,321.625,108.0
2574,G,B,2,G,"(2, 7, 11)",I,G,D,G,321.75,108.0
2575,G,B,2,G,"(2, 7, 11)",I,G,D,G,321.875,108.0
2576,G,B,3,G,"(2, 7, 11)",I,G,D,G,322.0,108.0
2577,G,B,3,G,"(2, 7, 11)",I,G,D,G,322.125,108.0
2578,G,B,3,G,"(2, 7, 11)",I,G,D,G,322.25,108.0
2579,G,B,3,G,"(2, 7, 11)",I,G,D,G,322.375,108.0
2580,G,B,4,G,"(2, 7, 11)",I,G,D,G,322.5,108.0
2581,G,B,4,G,"(2, 7, 11)",I,G,D,G,322.625,108.0
2582,G,B,4,G,"(2, 7, 11)",I,G,D,G,322.75,108.0
2583,G,B,4,G,"(2, 7, 11)",I,G,D,G,322.875,108.0
2584,G,C,0,G,"(0, 4, 9)",ii,A,E,G,323.0,108.0
2585,A,C,1,G,"(0, 4, 9)",ii,A,E,G,323.125,108.0
2586,A,C,2,G,"(0, 4, 9)",ii,A,E,G,323.25,108.0
2587,A,C,2,G,"(0, 4, 9)",ii,A,E,G,323.375,108.0
2588,G,C,3,G,"(0, 4, 9)",ii,A,E,G,323.5,108.0
2589,G,C,3,G,"(0, 4, 9)",ii,A,E,G,323.625,108.0
2590,G,C,3,G,"(0, 4, 9)",ii,A,E,G,323.75,108.0
2591,G,C,3,G,"(0, 4, 9)",ii,A,E,G,323.875,108.0
2592,G,C,4,G,"(0, 4, 9)",ii,A,E,G,324.0,108.0
2593,G,C,4,G,"(0, 4, 9)",ii,A,E,G,324.125,108.0
2594,G,C,4,G,"(0, 4, 9)",ii,A,E,G,324.25,108.0
2595,G,C,4,G,"(0, 4, 9)",ii,A,E,G,324.375,108.0
2596,A,D,0,G,"(2, 6, 9)",V,D,F#,G,324.5,109.0
2597,A,D,1,G,"(2, 6, 9)",V,D,F#,G,324.625,109.0
2598,A,D,2,G,"(2, 6, 9)",V,D,F#,G,324.75,109.0
2599,A,D,2,G,"(2, 6, 9)",V,D,F#,G,324.875,109.0
2600,A,D,3,G,"(2, 6, 9)",V,D,F#,G,325.0,109.0
2601,A,D,3,G,"(2, 6, 9)",V,D,F#,G,325.125,109.0
2602,A,D,3,G,"(2, 6, 9)",V,D,F#,G,325.25,109.0
2603,A,D,3,G,"(2, 6, 9)",V,D,F#,G,325.375,109.0
2604,A,D,4,G,"(2, 6, 9)",V,D,F#,G,325.5,109.0
2605,A,D,4,G,"(2, 6, 9)",V,D,F#,G,325.625,109.0
2606,A,D,4,G,"(2, 6, 9)",V,D,F#,G,325.75,109.0
2607,A,D,4,G,"(2, 6, 9)",V,D,F#,G,325.875,109.0
2608,A,D,4,G,"(2, 6, 9)",V,D,F#,G,326.0,109.0
2609,A,D,4,G,"(2, 6, 9)",V,D,F#,G,326.125,109.0
2610,A,D,4,G,"(2, 6, 9)",V,D,F#,G,326.25,109.0
2611,A,D,4,G,"(2, 6, 9)",V,D,F#,G,326.375,109.0
2612,A,D,5,G,"(2, 6, 9)",V,D,F#,G,326.5,109.0
2613,A,D,5,G,"(2, 6, 9)",V,D,F#,G,326.625,109.0
2614,A,D,5,G,"(2, 6, 9)",V,D,F#,G,326.75,109.0
2615,A,D,5,G,"(2, 6, 9)",V,D,F#,G,326.875,109.0
2616,A,D,5,G,"(2, 6, 9)",V,D,F#,G,327.0,109.0
2617,A,D,5,G,"(2, 6, 9)",V,D,F#,G,327.125,109.0
2618,A,D,5,G,"(2, 6, 9)",V,D,F#,G,327.25,109.0
2619,A,D,5,G,"(2, 6, 9)",V,D,F#,G,327.375,109.0
2620,D,G,0,G,"(2, 7, 11)",I,G,B,G,327.5,110.0
2621,D,G,1,G,"(2, 7, 11)",I,G,B,G,327.625,110.0
2622,D,G,2,G,"(2, 7, 11)",I,G,B,G,327.75,110.0
2623,D,G,2,G,"(2, 7, 11)",I,G,B,G,327.875,110.0
2624,D,G,3,G,"(2, 7, 11)",I,G,B,G,328.0,110.0
2625,D,G,3,G,"(2, 7, 11)",I,G,B,G,328.125,110.0
2626,D,G,3,G,"(2, 7, 11)",I,G,B,G,328.25,110.0
2627,D,G,3,G,"(2, 7, 11)",I,G,B,G,328.375,110.0
2628,D,G,4,G,"(2, 7, 11)",I,G,B,G,328.5,110.0
2629,D,G,4,G,"(2, 7, 11)",I,G,B,G,328.625,110.0
2630,D,G,4,G,"(2, 7, 11)",I,G,B,G,328.75,110.0
2631,D,G,4,G,"(2, 7, 11)",I,G,B,G,328.875,110.0
2632,F#,A,0,G,"(0, 6, 9)",ii,G,C,G,329.0,110.0
2633,F#,A,1,G,"(0, 6, 9)",ii,G,C,G,329.125,110.0
2634,F#,A,2,G,"(0, 6, 9)",ii,G,C,G,329.25,110.0
2635,F#,A,2,G,"(0, 6, 9)",ii,G,C,G,329.375,110.0
2636,F#,A,3,G,"(0, 6, 9)",ii,G,C,G,329.5,110.0
2637,F#,A,3,G,"(0, 6, 9)",ii,G,C,G,329.625,110.0
2638,F#,A,3,G,"(0, 6, 9)",ii,G,C,G,329.75,110.0
2639,F#,A,3,G,"(0, 6, 9)",ii,G,C,G,329.875,110.0
2640,F#,A,4,G,"(0, 6, 9)",ii,G,C,G,330.0,110.0
2641,F#,A,4,G,"(0, 6, 9)",ii,G,C,G,330.125,110.0
2642,F#,A,4,G,"(0, 6, 9)",ii,G,C,G,330.25,110.0
2643,F#,A,4,G,"(0, 6, 9)",ii,G,C,G,330.375,110.0
2644,G,B,0,G,"(2, 7, 11)",I,G,D,G,330.5,111.0
2645,G,B,1,G,"(2, 7, 11)",I,G,D,G,330.625,111.0
2646,G,B,2,G,"(2, 7, 11)",I,G,D,G,330.75,111.0
2647,G,B,2,G,"(2, 7, 11)",I,G,D,G,330.875,111.0
2648,G,B,3,G,"(2, 7, 11)",I,G,D,G,331.0,111.0
2649,G,B,3,G,"(2, 7, 11)",I,G,D,G,331.125,111.0
2650,G,B,3,G,"(2, 7, 11)",I,G,D,G,331.25,111.0
2651,G,B,3,G,"(2, 7, 11)",I,G,D,G,331.375,111.0
2652,G,B,4,G,"(2, 7, 11)",I,G,D,G,331.5,111.0
2653,G,B,4,G,"(2, 7, 11)",I,G,D,G,331.625,111.0
2654,G,B,4,G,"(2, 7, 11)",I,G,D,G,331.75,111.0
2655,G,B,4,G,"(2, 7, 11)",I,G,D,G,331.875,111.0
2656,G,C,0,G,"(0, 4, 7)",IV,A,E,G,332.0,111.0
2657,G,C,1,G,"(0, 4, 7)",IV,A,E,G,332.125,111.0
2658,G,C,2,G,"(0, 4, 7)",IV,A,E,G,332.25,111.0
2659,G,C,2,G,"(0, 4, 7)",IV,A,E,G,332.375,111.0
2660,G,C,3,G,"(0, 4, 7, 9)",ii,A,E,G,332.5,111.0
2661,G,C,3,G,"(0, 4, 7, 9)",ii,A,E,G,332.625,111.0
2662,G,C,3,G,"(0, 4, 7, 9)",ii,A,E,G,332.75,111.0
2663,G,C,3,G,"(0, 4, 7, 9)",ii,A,E,G,332.875,111.0
2664,G,C,4,G,"(0, 4, 7, 9)",ii,A,E,G,333.0,111.0
2665,G,C,4,G,"(0, 4, 9)",ii,A,E,G,333.125,111.0
2666,G,C,4,G,"(0, 4, 7, 9)",ii,A,E,G,333.25,111.0
2667,G,C,4,G,"(0, 4, 9)",ii,A,E,G,333.375,111.0
2668,B,D,0,G,"(2, 7, 11)",I,G,G,G,333.5,112.0
2669,B,D,1,G,"(2, 7, 11)",I,G,G,G,333.625,112.0
2670,B,D,2,G,"(2, 7, 11)",I,G,G,G,333.75,112.0
2671,B,D,2,G,"(2, 7, 11)",I,G,G,G,333.875,112.0
2672,B,D,3,G,"(2, 7, 11)",I,G,G,G,334.0,112.0
2673,B,D,3,G,"(2, 7, 11)",I,G,G,G,334.125,112.0
2674,B,D,3,G,"(2, 7, 11)",I,G,G,G,334.25,112.0
2675,B,D,3,G,"(2, 7, 11)",I,G,G,G,334.375,112.0
2676,B,D,4,G,"(2, 7, 11)",I,G,G,G,334.5,112.0
2677,B,D,4,G,"(2, 7, 11)",I,G,G,G,334.625,112.0
2678,B,D,4,G,"(2, 7, 11)",I,G,G,G,334.75,112.0
2679,B,D,4,G,"(2, 7, 11)",I,G,G,G,334.875,112.0
2680,A,D,0,G,"(0, 2, 6, 9)",V7,C,F#,G,335.0,112.0
2681,A,D,1,G,"(0, 2, 6, 9)",V7,C,F#,G,335.125,112.0
2682,A,D,2,G,"(0, 2, 6, 9)",V7,C,F#,G,335.25,112.0
2683,A,D,2,G,"(0, 2, 6, 9)",V7,C,F#,G,335.375,112.0
2684,A,D,3,G,"(0, 2, 6, 9)",V7,C,F#,G,335.5,112.0
2685,A,D,3,G,"(0, 2, 6, 9)",V7,C,F#,G,335.625,112.0
2686,A,D,3,G,"(0, 2, 6, 9)",V7,C,F#,G,335.75,112.0
2687,A,D,3,G,"(0, 2, 6, 9)",V7,C,F#,G,335.875,112.0
2688,A,D,4,G,"(0, 2, 6, 9)",V7,C,F#,G,336.0,112.0
2689,A,D,4,G,"(0, 2, 6, 9)",V7,C,F#,G,336.125,112.0
2690,A,D,4,G,"(0, 2, 6, 9)",V7,C,F#,G,336.25,112.0
2691,A,D,4,G,"(0, 2, 6, 9)",V7,C,F#,G,336.375,112.0
2692,D,G,0,G,"(2, 7, 11)",I,G,B,G,336.5,113.0
2693,D,G,1,G,"(2, 7, 11)",I,G,B,G,336.625,113.0
2694,D,G,2,G,"(2, 7, 11)",I,G,B,G,336.75,113.0
2695,D,G,2,G,"(2, 7, 11)",I,G,B,G,336.875,113.0
2696,D,G,3,G,"(2, 7, 11)",I,G,B,G,337.0,113.0
2697,D,G,3,G,"(2, 7, 11)",I,G,B,G,337.125,113.0
2698,D,G,3,G,"(2, 7, 11)",I,G,B,G,337.25,113.0
2699,D,G,3,G,"(2, 7, 11)",I,G,B,G,337.375,113.0
2700,D,G,4,G,"(2, 7, 11)",I,G,B,G,337.5,113.0
2701,D,G,4,G,"(2, 7, 11)",I,G,B,G,337.625,113.0
2702,D,G,4,G,"(2, 7, 11)",I,G,B,G,337.75,113.0
2703,D,G,4,G,"(2, 7, 11)",I,G,B,G,337.875,113.0
2704,D,G,0,G,"(2, 7, 11)",I,G,B,G,338.0,113.0
2705,D,G,4,G,"(2, 7, 11)",I,G,B,G,338.125,113.0
2706,D,G,2,G,"(2, 7, 11)",I,G,B,G,338.25,113.0
2707,D,G,4,G,"(2, 7, 11)",I,G,B,G,338.375,113.0
2708,D,G,5,G,"(2, 7, 11)",I,G,B,G,338.5,113.0
2709,D,G,5,G,"(2, 7, 11)",I,G,B,G,338.625,113.0
2710,D,G,5,G,"(2, 7, 11)",I,G,B,G,338.75,113.0
2711,D,G,5,G,"(2, 7, 11)",I,G,B,G,338.875,113.0
2712,D,G,4,G,"(2, 7, 11)",I,G,B,G,339.0,113.0
2713,D,G,4,G,"(2, 7, 11)",I,G,B,G,339.125,113.0
2714,D,G,4,G,"(2, 7, 11)",I,G,B,G,339.25,113.0
2715,D,G,4,G,"(2, 7, 11)",I,G,B,G,339.375,113.0
2716,D,G#,0,G,"(2, 4, 8, 11)",V7,E,B,G,339.5,114.0
2717,D,G#,1,G,"(2, 4, 8, 11)",V7,E,B,G,339.625,114.0
2718,D,G#,2,G,"(2, 4, 8, 11)",V7,E,B,G,339.75,114.0
2719,D,G#,2,G,"(2, 4, 8, 11)",V7,E,B,G,339.875,114.0
2720,D,G#,3,G,"(2, 4, 8, 11)",V7,E,B,G,340.0,114.0
2721,D,G#,3,G,"(2, 4, 8, 11)",V7,E,B,G,340.125,114.0
2722,D,G#,3,G,"(2, 4, 8, 11)",V7,E,B,G,340.25,114.0
2723,D,G#,3,G,"(2, 4, 8, 11)",V7,E,B,G,340.375,114.0
2724,D,G#,4,G,"(2, 4, 8, 11)",V7,E,B,G,340.5,114.0
2725,D,G#,4,G,"(2, 4, 8, 11)",V7,E,B,G,340.625,114.0
2726,D,G#,4,G,"(2, 4, 8, 11)",V7,E,B,G,340.75,114.0
2727,D,G#,4,G,"(2, 4, 8, 11)",V7,E,B,G,340.875,114.0
2728,D,G#,4,G,"(2, 4, 8, 11)",V7,E,B,G,341.0,114.0
2729,D,G#,4,G,"(2, 4, 8, 11)",V7,E,B,G,341.125,114.0
2730,D,G#,4,G,"(2, 4, 8, 11)",V7,E,B,G,341.25,114.0
2731,D,G#,4,G,"(2, 4, 8, 11)",V7,E,B,G,341.375,114.0
2732,D,G#,5,G,"(2, 4, 8, 11)",V7,E,B,G,341.5,114.0
2733,D,G#,5,G,"(2, 4, 8, 11)",V7,E,B,G,341.625,114.0
2734,D,G#,5,G,"(2, 4, 8, 11)",V7,E,B,G,341.75,114.0
2735,D,G#,5,G,"(2, 4, 8, 11)",V7,E,B,G,341.875,114.0
2736,D,G#,5,G,"(2, 4, 8, 11)",V7,E,B,G,342.0,114.0
2737,D,G#,5,G,"(2, 4, 8, 11)",V7,E,B,G,342.125,114.0
2738,D,G#,5,G,"(2, 4, 8, 11)",V7,E,B,G,342.25,114.0
2739,D,G#,5,G,"(2, 4, 8, 11)",V7,E,B,G,342.375,114.0
2740,E,A,0,G,"(0, 4, 9)",ii,A,C,G,342.5,115.0
2741,E,A,1,G,"(0, 4, 9)",ii,A,C,G,342.625,115.0
2742,E,A,2,G,"(0, 4, 9)",ii,A,C,G,342.75,115.0
2743,E,A,2,G,"(0, 4, 9)",ii,A,C,G,342.875,115.0
2744,E,A,3,G,"(0, 4, 9)",ii,A,C,G,343.0,115.0
2745,E,A,3,G,"(0, 4, 9)",ii,A,C,G,343.125,115.0
2746,E,A,3,G,"(0, 4, 9)",ii,A,C,G,343.25,115.0
2747,E,A,3,G,"(0, 4, 9)",ii,A,C,G,343.375,115.0
2748,E,A,4,G,"(0, 4, 9)",ii,A,C,G,343.5,115.0
2749,E,A,4,G,"(0, 4, 9)",ii,A,C,G,343.625,115.0
2750,E,A,4,G,"(0, 4, 9)",ii,A,C,G,343.75,115.0
2751,E,A,4,G,"(0, 4, 9)",ii,A,C,G,343.875,115.0
2752,E,A,4,G,"(0, 4, 9)",ii,A,C,G,344.0,115.0
2753,E,A,4,G,"(0, 4, 9)",ii,A,C,G,344.125,115.0
2754,E,A,4,G,"(0, 4, 9)",ii,A,C,G,344.25,115.0
2755,E,A,4,G,"(0, 4, 9)",ii,A,C,G,344.375,115.0
2756,E,A,5,G,"(0, 4, 9)",ii,A,C,G,344.5,115.0
2757,E,A,5,G,"(0, 4, 9)",ii,A,C,G,344.625,115.0
2758,E,A,5,G,"(0, 4, 9)",ii,A,C,G,344.75,115.0
2759,E,A,5,G,"(0, 4, 9)",ii,A,C,G,344.875,115.0
2760,E,A,5,G,"(0, 4, 9)",ii,A,C,G,345.0,115.0
2761,E,A,5,G,"(0, 4, 9)",ii,A,C,G,345.125,115.0
2762,E,A,5,G,"(0, 4, 9)",ii,A,C,G,345.25,115.0
2763,E,A,5,G,"(0, 4, 9)",ii,A,C,G,345.375,115.0
2764,C,F#,0,G,"(0, 2, 6, 9)",V7,D,A,G,345.5,116.0
2765,C,F#,1,G,"(0, 2, 6, 9)",V7,D,A,G,345.625,116.0
2766,C,F#,2,G,"(0, 2, 6, 9)",V7,D,A,G,345.75,116.0
2767,C,F#,2,G,"(0, 2, 6, 9)",V7,D,A,G,345.875,116.0
2768,C,F#,3,G,"(0, 2, 6, 9)",V7,D,A,G,346.0,116.0
2769,C,F#,3,G,"(0, 2, 6, 9)",V7,D,A,G,346.125,116.0
2770,C,F#,3,G,"(0, 2, 6, 9)",V7,D,A,G,346.25,116.0
2771,C,F#,3,G,"(0, 2, 6, 9)",V7,D,A,G,346.375,116.0
2772,C,F#,4,G,"(0, 2, 6, 9)",V7,D,A,G,346.5,116.0
2773,C,F#,4,G,"(0, 2, 6, 9)",V7,D,A,G,346.625,116.0
2774,C,F#,4,G,"(0, 2, 6, 9)",V7,D,A,G,346.75,116.0
2775,C,F#,4,G,"(0, 2, 6, 9)",V7,D,A,G,346.875,116.0
2776,C,F#,4,G,"(0, 2, 6, 9)",V7,D,A,G,347.0,116.0
2777,C,F#,4,G,"(0, 2, 6, 9)",V7,D,A,G,347.125,116.0
2778,C,F#,4,G,"(0, 2, 6, 9)",V7,D,A,G,347.25,116.0
2779,C,F#,4,G,"(0, 2, 6, 9)",V7,D,A,G,347.375,116.0
2780,C,F#,5,G,"(0, 2, 6, 9)",V7,D,A,G,347.5,116.0
2781,C,F#,5,G,"(0, 2, 6, 9)",V7,D,A,G,347.625,116.0
2782,C,F#,5,G,"(0, 2, 6, 9)",V7,D,A,G,347.75,116.0
2783,C,F#,5,G,"(0, 2, 6, 9)",V7,D,A,G,347.875,116.0
2784,C,F#,5,G,"(0, 2, 6, 9)",V7,D,A,G,348.0,116.0
2785,C,F#,5,G,"(0, 2, 6, 9)",V7,D,A,G,348.125,116.0
2786,C,F#,5,G,"(0, 2, 6, 9)",V7,D,A,G,348.25,116.0
2787,C,F#,5,G,"(0, 2, 6, 9)",V7,D,A,G,348.375,116.0
2788,D,G,0,G,"(2, 7, 11)",I,G,B,G,348.5,117.0
2789,D,G,1,G,"(2, 7, 11)",I,G,B,G,348.625,117.0
2790,D,G,2,G,"(2, 7, 11)",I,G,B,G,348.75,117.0
2791,D,G,2,G,"(2, 7, 11)",I,G,B,G,348.875,117.0
2792,D,G,3,G,"(2, 7, 11)",I,G,B,G,349.0,117.0
2793,D,G,3,G,"(2, 7, 11)",I,G,B,G,349.125,117.0
2794,D,G,3,G,"(2, 7, 11)",I,G,B,G,349.25,117.0
2795,D,G,3,G,"(2, 7, 11)",I,G,B,G,349.375,117.0
2796,D,G,4,G,"(2, 7, 11)",I,G,B,G,349.5,117.0
2797,D,G,4,G,"(2, 7, 11)",I,G,B,G,349.625,117.0
2798,D,G,4,G,"(2, 7, 11)",I,G,B,G,349.75,117.0
2799,D,G,4,G,"(2, 7, 11)",I,G,B,G,349.875,117.0
2800,D,G,4,G,"(2, 7, 11)",I,G,B,G,350.0,117.0
2801,D,G,4,G,"(2, 7, 11)",I,G,B,G,350.125,117.0
2802,D,G,4,G,"(2, 7, 11)",I,G,B,G,350.25,117.0
2803,D,G,4,G,"(2, 7, 11)",I,G,B,G,350.375,117.0
2804,D,G,5,G,"(2, 7, 11)",I,G,B,G,350.5,117.0
2805,D,G,1,G,"(2, 7, 11)",I,G,B,G,350.625,117.0
2806,D,G,5,G,"(2, 7, 11)",I,G,B,G,350.75,117.0
2807,D,G,5,G,"(2, 7, 11)",I,G,B,G,350.875,117.0
2808,D,G,5,G,"(2, 7, 11)",I,G,B,G,351.0,117.0
2809,D,G,5,G,"(2, 7, 11)",I,G,B,G,351.125,117.0
2810,D,G,5,G,"(2, 7, 11)",I,G,B,G,351.25,117.0
2811,D,G,5,G,"(2, 7, 11)",I,G,B,G,351.375,117.0
2812,A,C#,0,G,"(1, 4, 7, 9)",V7,A,E,D,351.5,118.0
2813,A,C#,1,G,"(1, 4, 7, 9)",V7,A,E,D,351.625,118.0
2814,A,C#,2,G,"(1, 4, 7, 9)",V7,A,E,D,351.75,118.0
2815,A,C#,2,G,"(1, 4, 7, 9)",V7,A,E,D,351.875,118.0
2816,A,C#,3,G,"(1, 4, 7, 9)",V7,A,E,D,352.0,118.0
2817,A,C#,3,G,"(1, 4, 7, 9)",V7,A,E,D,352.125,118.0
2818,A,C#,3,G,"(1, 4, 7, 9)",V7,A,E,D,352.25,118.0
2819,A,C#,3,G,"(1, 4, 7, 9)",V7,A,E,D,352.375,118.0
2820,A,C#,4,G,"(1, 4, 7, 9)",V7,A,E,D,352.5,118.0
2821,A,C#,4,G,"(1, 4, 7, 9)",V7,A,E,D,352.625,118.0
2822,A,C#,4,G,"(1, 4, 7, 9)",V7,A,E,D,352.75,118.0
2823,A,C#,4,G,"(1, 4, 7, 9)",V7,A,E,D,352.875,118.0
2824,E,A,0,G,"(1, 4, 7, 9)",V7,G,C#,D,353.0,118.0
2825,E,A,1,G,"(1, 4, 7, 9)",V7,G,C#,D,353.125,118.0
2826,E,A,2,G,"(1, 4, 7, 9)",V7,G,C#,D,353.25,118.0
2827,E,A,2,G,"(1, 4, 7, 9)",V7,G,C#,D,353.375,118.0
2828,E,A,3,G,"(1, 4, 7, 9)",V7,G,C#,D,353.5,118.0
2829,E,A,3,G,"(1, 4, 7, 9)",V7,G,C#,D,353.625,118.0
2830,E,A,3,G,"(1, 4, 7, 9)",V7,G,C#,D,353.75,118.0
2831,E,A,3,G,"(1, 4, 7, 9)",V7,G,C#,D,353.875,118.0
2832,E,A,4,G,"(1, 4, 7, 9)",V7,G,C#,D,354.0,118.0
2833,E,A,4,G,"(1, 4, 7, 9)",V7,G,C#,D,354.125,118.0
2834,E,A,4,G,"(1, 4, 7, 9)",V7,G,C#,D,354.25,118.0
2835,E,A,4,G,"(1, 4, 7, 9)",V7,G,C#,D,354.375,118.0
2836,A,D,0,G,"(2, 6, 9)",I,D,F#,G,354.5,119.0
2837,A,D,1,G,"(2, 6, 9)",I,D,F#,G,354.625,119.0
2838,A,D,2,G,"(2, 6, 9)",I,D,F#,G,354.75,119.0
2839,A,D,2,G,"(2, 6, 9)",I,D,F#,G,354.875,119.0
2840,A,D,3,G,"(2, 6, 9)",I,D,F#,G,355.0,119.0
2841,A,D,3,G,"(2, 6, 9)",I,D,F#,G,355.125,119.0
2842,A,D,3,G,"(2, 6, 9)",I,D,F#,G,355.25,119.0
2843,A,D,3,G,"(2, 6, 9)",I,D,F#,G,355.375,119.0
2844,A,D,4,G,"(2, 6, 9)",I,D,F#,G,355.5,119.0
2845,A,D,4,G,"(2, 6, 9)",I,D,F#,G,355.625,119.0
2846,A,D,4,G,"(2, 6, 9)",I,D,F#,G,355.75,119.0
2847,A,D,4,G,"(2, 6, 9)",I,D,F#,G,355.875,119.0
2848,A,D,4,G,"(2, 6, 9)",V,D,F#,G,356.0,119.0
2849,A,D,4,G,"(2, 6, 9)",V,D,F#,G,356.125,119.0
2850,A,D,4,G,"(2, 6, 9)",V,D,F#,G,356.25,119.0
2851,A,D,4,G,"(2, 6, 9)",V,D,F#,G,356.375,119.0
2852,A,D,5,G,"(2, 6, 9)",V,D,F#,G,356.5,119.0
2853,A,D,5,G,"(2, 6, 9)",V,D,F#,G,356.625,119.0
2854,A,D,5,G,"(2, 6, 9)",V,D,F#,G,356.75,119.0
2855,A,D,5,G,"(2, 6, 9)",V,D,F#,G,356.875,119.0
2856,A,D,5,G,"(2, 6, 9)",V,D,F#,G,357.0,119.0
2857,A,D,5,G,"(2, 6, 9)",V,D,F#,G,357.125,119.0
2858,A,D,5,G,"(2, 6, 9)",V,D,F#,G,357.25,119.0
2859,A,D,5,G,"(2, 6, 9)",V,D,F#,G,357.375,119.0
2860,E,A,0,G,"(0, 2, 6, 9)",ii,A,C,G,357.5,120.0
2861,E,A,1,G,"(0, 2, 6, 9)",ii,A,C,G,357.625,120.0
2862,E,A,2,G,"(0, 2, 6, 9)",ii,A,C,G,357.75,120.0
2863,E,A,2,G,"(0, 2, 6, 9)",ii,A,C,G,357.875,120.0
2864,E,A,3,G,"(0, 2, 6, 9)",ii,A,C,G,358.0,120.0
2865,E,A,3,G,"(0, 2, 6, 9)",ii,A,C,G,358.125,120.0
2866,E,A,3,G,"(0, 2, 6, 9)",ii,A,C,G,358.25,120.0
2867,E,A,3,G,"(0, 2, 6, 9)",ii,A,C,G,358.375,120.0
2868,E,A,4,G,"(0, 2, 6, 9)",ii,A,C,G,358.5,120.0
2869,E,A,4,G,"(0, 2, 6, 9)",ii,A,C,G,358.625,120.0
2870,E,A,4,G,"(0, 2, 6, 9)",ii,A,C,G,358.75,120.0
2871,E,A,4,G,"(0, 2, 6, 9)",ii,A,C,G,358.875,120.0
2872,D,G,0,G,"(2, 7, 11)",I,G,B,G,359.0,120.0
2873,D,G,1,G,"(2, 7, 11)",I,G,B,G,359.125,120.0
2874,D,G,2,G,"(2, 7, 11)",I,G,B,G,359.25,120.0
2875,D,G,2,G,"(2, 7, 11)",I,G,B,G,359.375,120.0
2876,D,G,3,G,"(2, 7, 11)",I,G,B,G,359.5,120.0
2877,D,G,3,G,"(2, 7, 11)",I,G,B,G,359.625,120.0
2878,D,G,3,G,"(2, 7, 11)",I,G,B,G,359.75,120.0
2879,D,G,3,G,"(2, 7, 11)",I,G,B,G,359.875,120.0
2880,D,G,4,G,"(2, 7, 11)",I,G,B,G,360.0,120.0
2881,D,G,4,G,"(2, 7, 11)",I,G,B,G,360.125,120.0
2882,D,G,4,G,"(2, 7, 11)",I,G,B,G,360.25,120.0
2883,D,G,4,G,"(2, 7, 11)",I,G,B,G,360.375,120.0
2884,D,F#,0,G,"(2, 6, 9)",V,D,A,G,360.5,121.0
2885,D,F#,1,G,"(2, 6, 9)",V,D,A,G,360.625,121.0
2886,D,F#,2,G,"(2, 6, 9)",V,D,A,G,360.75,121.0
2887,D,F#,2,G,"(2, 6, 9)",V,D,A,G,360.875,121.0
2888,D,F#,3,G,"(2, 6, 9)",V,D,A,G,361.0,121.0
2889,D,F#,3,G,"(2, 6, 9)",V,D,A,G,361.125,121.0
2890,D,F#,3,G,"(2, 6, 9)",V,D,A,G,361.25,121.0
2891,D,F#,3,G,"(2, 6, 9)",V,D,A,G,361.375,121.0
2892,D,F#,4,G,"(2, 6, 9)",V,D,A,G,361.5,121.0
2893,D,F#,4,G,"(2, 6, 9)",V,D,A,G,361.625,121.0
2894,D,F#,4,G,"(2, 6, 9)",V,D,A,G,361.75,121.0
2895,D,F#,4,G,"(2, 6, 9)",V,D,A,G,361.875,121.0
2896,A,D,4,G,"(2, 6, 9)",V,D,F#,G,362.0,121.0
2897,A,D,4,G,"(2, 6, 9)",V,D,F#,G,362.125,121.0
2898,A,D,4,G,"(2, 6, 9)",V,D,F#,G,362.25,121.0
2899,A,D,4,G,"(2, 6, 9)",V,D,F#,G,362.375,121.0
2900,A,D,5,G,"(2, 6, 9)",V,D,F#,G,362.5,121.0
2901,A,D,5,G,"(2, 6, 9)",V,D,F#,G,362.625,121.0
2902,A,D,5,G,"(2, 6, 9)",V,D,F#,G,362.75,121.0
2903,A,D,5,G,"(2, 6, 9)",V,D,F#,G,362.875,121.0
2904,A,F#,5,G,"(2, 6, 9)",V,D,F#,G,363.0,121.0
2905,A,F#,5,G,"(2, 6, 9)",V,D,F#,G,363.125,121.0
2906,A,F#,5,G,"(2, 6, 9)",V,D,F#,G,363.25,121.0
2907,A,F#,5,G,"(2, 6, 9)",V,D,F#,G,363.375,121.0
2908,D,G,0,G,"(2, 7, 11)",I,G,B,G,363.5,122.0
2909,D,G,1,G,"(2, 7, 11)",I,G,B,G,363.625,122.0
2910,D,G,2,G,"(2, 7, 11)",I,G,B,G,363.75,122.0
2911,D,G,2,G,"(2, 7, 11)",I,G,B,G,363.875,122.0
2912,D,G,3,G,"(2, 7, 11)",I,G,B,G,364.0,122.0
2913,D,G,3,G,"(2, 7, 11)",I,G,B,G,364.125,122.0
2914,D,G,3,G,"(2, 7, 11)",I,G,B,G,364.25,122.0
2915,D,G,3,G,"(2, 7, 11)",I,G,B,G,364.375,122.0
2916,D,G,4,G,"(2, 7, 11)",I,G,B,G,364.5,122.0
2917,D,G,4,G,"(2, 7, 11)",I,G,B,G,364.625,122.0
2918,D,G,4,G,"(2, 7, 11)",I,G,B,G,364.75,122.0
2919,D,G,4,G,"(2, 7, 11)",I,G,B,G,364.875,122.0
2920,F#,A,0,G,"(0, 6, 9)",ii,G,C,G,365.0,122.0
2921,F#,A,1,G,"(0, 6, 9)",ii,G,C,G,365.125,122.0
2922,F#,A,2,G,"(0, 6, 9)",ii,G,C,G,365.25,122.0
2923,F#,A,2,G,"(0, 6, 9)",ii,G,C,G,365.375,122.0
2924,F#,A,3,G,"(0, 6, 9)",ii,G,C,G,365.5,122.0
2925,F#,A,3,G,"(0, 6, 9)",ii,G,C,G,365.625,122.0
2926,F#,A,3,G,"(0, 6, 9)",ii,G,C,G,365.75,122.0
2927,F#,A,3,G,"(0, 6, 9)",ii,G,C,G,365.875,122.0
2928,F#,A,4,G,"(0, 6, 9)",ii,G,C,G,366.0,122.0
2929,F#,A,4,G,"(0, 6, 9)",ii,G,C,G,366.125,122.0
2930,F#,A,4,G,"(0, 6, 9)",ii,G,C,G,366.25,122.0
2931,F#,A,4,G,"(0, 6, 9)",ii,G,C,G,366.375,122.0
2932,G,B,0,G,"(2, 7, 11)",I,G,D,G,366.5,123.0
2933,G,B,1,G,"(2, 7, 11)",I,G,D,G,366.625,123.0
2934,G,B,2,G,"(2, 7, 11)",I,G,D,G,366.75,123.0
2935,G,B,2,G,"(2, 7, 11)",I,G,D,G,366.875,123.0
2936,G,B,3,G,"(2, 7, 11)",I,G,D,G,367.0,123.0
2937,G,B,3,G,"(2, 7, 11)",I,G,D,G,367.125,123.0
2938,G,B,3,G,"(2, 7, 11)",I,G,D,G,367.25,123.0
2939,G,B,3,G,"(2, 7, 11)",I,G,D,G,367.375,123.0
2940,G,B,4,G,"(2, 7, 11)",I,G,D,G,367.5,123.0
2941,G,B,4,G,"(2, 7, 11)",I,G,D,G,367.625,123.0
2942,G,B,4,G,"(2, 7, 11)",I,G,D,G,367.75,123.0
2943,G,B,4,G,"(2, 7, 11)",I,G,D,G,367.875,123.0
2944,A,C,0,G,"(0, 4, 7, 9)",ii7,A,E,G,368.0,123.0
2945,A,C,1,G,"(0, 4, 7, 9)",ii,A,E,G,368.125,123.0
2946,A,C,2,G,"(0, 4, 7, 9)",ii,A,E,G,368.25,123.0
2947,A,C,2,G,"(0, 4, 7, 9)",ii,A,E,G,368.375,123.0
2948,G,C,3,G,"(0, 4, 7, 9)",ii,A,E,G,368.5,123.0
2949,G,C,3,G,"(0, 4, 7, 9)",ii,A,E,G,368.625,123.0
2950,G,C,3,G,"(0, 4, 7, 9)",ii,A,E,G,368.75,123.0
2951,G,C,3,G,"(0, 4, 7, 9)",ii,A,E,G,368.875,123.0
2952,G,C,4,G,"(0, 4, 7, 9)",ii,A,E,G,369.0,123.0
2953,G,C,4,G,"(0, 4, 7, 9)",ii,A,E,G,369.125,123.0
2954,G,C,4,G,"(0, 4, 7, 9)",ii,A,E,G,369.25,123.0
2955,G,C,4,G,"(0, 4, 7, 9)",ii,A,E,G,369.375,123.0
2956,A,D,0,G,"(2, 7, 11)",V7,G,F#,G,369.5,124.0
2957,A,D,1,G,"(0, 2, 6, 9)",V7,G,F#,G,369.625,124.0
2958,A,D,2,G,"(0, 2, 6, 9)",V7,G,F#,G,369.75,124.0
2959,A,D,2,G,"(0, 2, 6, 9)",V7,G,F#,G,369.875,124.0
2960,A,D,3,G,"(0, 2, 6, 9)",V7,G,F#,G,370.0,124.0
2961,A,D,3,G,"(0, 2, 6, 9)",V7,G,F#,G,370.125,124.0
2962,A,D,3,G,"(0, 2, 6, 9)",V7,G,F#,G,370.25,124.0
2963,A,D,3,G,"(0, 2, 6, 9)",V7,G,F#,G,370.375,124.0
2964,A,D,4,G,"(0, 2, 6, 9)",V7,C,F#,G,370.5,124.0
2965,A,D,4,G,"(0, 2, 6, 9)",V7,C,F#,G,370.625,124.0
2966,A,D,4,G,"(0, 2, 6, 9)",V7,C,F#,G,370.75,124.0
2967,A,D,4,G,"(0, 2, 6, 9)",V7,C,F#,G,370.875,124.0
2968,A,D,4,G,"(0, 2, 6, 9)",V7,C,F#,G,371.0,124.0
2969,A,D,4,G,"(0, 2, 6, 9)",V7,C,F#,G,371.125,124.0
2970,A,D,4,G,"(0, 2, 6, 9)",V7,C,F#,G,371.25,124.0
2971,A,D,2,G,"(0, 2, 6, 9)",V7,C,F#,G,371.375,124.0
2972,A,D,3,G,"(0, 2, 6, 9)",V7,C,F#,G,371.5,124.0
2973,A,D,3,G,"(0, 2, 6, 9)",V7,C,F#,G,371.625,124.0
2974,A,D,3,G,"(0, 2, 6, 9)",V7,C,F#,G,371.75,124.0
2975,A,D,3,G,"(0, 2, 6, 9)",V7,C,F#,G,371.875,124.0
2976,A,D,4,G,"(0, 2, 6, 9)",V7,C,F#,G,372.0,124.0
2977,A,D,4,G,"(0, 2, 6, 9)",V7,C,F#,G,372.125,124.0
2978,A,D,4,G,"(0, 2, 6, 9)",V7,C,F#,G,372.25,124.0
2979,A,D,4,G,"(0, 2, 6, 9)",V7,C,F#,G,372.375,124.0
2980,D,G,0,G,"(2, 7, 11)",I,G,B,G,372.5,125.0
2981,D,G,1,G,"(2, 7, 11)",I,G,B,G,372.625,125.0
2982,D,G,2,G,"(2, 7, 11)",I,G,B,G,372.75,125.0
2983,D,G,2,G,"(2, 7, 11)",I,G,B,G,372.875,125.0
2984,D,G,3,G,"(2, 7, 11)",I,G,B,G,373.0,125.0
2985,D,G,3,G,"(2, 7, 11)",I,G,B,G,373.125,125.0
2986,D,G,3,G,"(2, 7, 11)",I,G,B,G,373.25,125.0
2987,D,G,3,G,"(2, 7, 11)",I,G,B,G,373.375,125.0
2988,D,G,4,G,"(2, 7, 11)",I,G,B,G,373.5,125.0
2989,D,G,4,G,"(2, 7, 11)",I,G,B,G,373.625,125.0
2990,D,G,4,G,"(2, 7, 11)",I,G,B,G,373.75,125.0
2991,D,G,4,G,"(2, 7, 11)",I,G,B,G,373.875,125.0
2992,D,G,4,G,"(2, 7, 11)",I,G,B,G,374.0,125.0
2993,D,G,4,G,"(2, 7, 11)",I,G,B,G,374.125,125.0
2994,D,G,4,G,"(2, 7, 11)",I,G,B,G,374.25,125.0
2995,D,G,4,G,"(2, 7, 11)",I,G,B,G,374.375,125.0
2996,D,G,3,G,"(2, 7, 11)",I,G,B,G,374.5,125.0
2997,D,G,3,G,"(2, 7, 11)",I,G,B,G,374.625,125.0
2998,D,G,3,G,"(2, 7, 11)",I,G,B,G,374.75,125.0
2999,D,G,3,G,"(2, 7, 11)",I,G,B,G,374.875,125.0
3000,D,G,4,G,"(2, 7, 11)",I,G,B,G,375.0,125.0
3001,D,G,4,G,"(2, 7, 11)",I,G,B,G,375.125,125.0
3002,D,G,4,G,"(2, 7, 11)",I,G,B,G,375.25,125.0
3003,D,G,4,G,"(2, 7, 11)",I,G,B,G,375.375,125.0
3004,D,G,0,G,"(2, 7, 11)",I,G,B,G,375.5,126.0
3005,D,G,1,G,"(2, 7, 11)",I,G,B,G,375.625,126.0
3006,D,G,2,G,"(2, 7, 11)",I,G,B,G,375.75,126.0
3007,D,G,2,G,"(2, 7, 11)",I,G,B,G,375.875,126.0
3008,D,G,3,G,"(2, 7, 11)",I,G,B,G,376.0,126.0
3009,D,G,3,G,"(2, 7, 11)",I,G,B,G,376.125,126.0
3010,D,G,3,G,"(2, 7, 11)",I,G,B,G,376.25,126.0
3011,D,G,3,G,"(2, 7, 11)",I,G,B,G,376.375,126.0
3012,D,G,4,G,"(2, 7, 11)",I,G,B,G,376.5,126.0
3013,D,G,4,G,"(2, 7, 11)",I,G,B,G,376.625,126.0
3014,D,G,4,G,"(2, 7, 11)",I,G,B,G,376.75,126.0
3015,D,G,4,G,"(2, 7, 11)",I,G,B,G,376.875,126.0
3016,D,G,4,G,"(2, 7, 11)",I,G,B,G,377.0,126.0
3017,D,G,4,G,"(2, 7, 11)",I,G,B,G,377.125,126.0
3018,D,G,4,G,"(2, 7, 11)",I,G,B,G,377.25,126.0
3019,D,G,4,G,"(2, 7, 11)",I,G,B,G,377.375,126.0
3020,D,G,5,G,"(2, 7, 11)",I,G,B,G,377.5,126.0
3021,D,G,5,G,"(2, 7, 11)",I,G,B,G,377.625,126.0
3022,D,G,5,G,"(2, 7, 11)",I,G,B,G,377.75,126.0
3023,D,G,5,G,"(2, 7, 11)",I,G,B,G,377.875,126.0
3024,D,G,5,G,"(2, 7, 11)",I,G,B,G,378.0,126.0
3025,D,G,5,G,"(2, 7, 11)",I,G,B,G,378.125,126.0
3026,D,G,5,G,"(2, 7, 11)",I,G,B,G,378.25,126.0
3027,D,G,5,G,"(2, 7, 11)",I,G,B,G,378.375,126.0
3028,D,G,0,G,"(2, 7, 11)",I,G,B,G,378.5,127.0
3029,D,G,1,G,"(2, 7, 11)",I,G,B,G,378.625,127.0
3030,D,G,2,G,"(2, 7, 11)",I,G,B,G,378.75,127.0
3031,D,G,2,G,"(2, 7, 11)",I,G,B,G,378.875,127.0
3032,D,G,3,G,"(2, 7, 11)",I,G,B,G,379.0,127.0
3033,D,G,3,G,"(2, 7, 11)",I,G,B,G,379.125,127.0
3034,D,G,3,G,"(2, 7, 11)",I,G,B,G,379.25,127.0
3035,D,G,3,G,"(2, 7, 11)",I,G,B,G,379.375,127.0
3036,D,G,4,G,"(2, 7, 11)",I,G,B,G,379.5,127.0
3037,D,G,4,G,"(2, 7, 11)",I,G,B,G,379.625,127.0
3038,D,G,4,G,"(2, 7, 11)",I,G,B,G,379.75,127.0
3039,D,G,4,G,"(2, 7, 11)",I,G,B,G,379.875,127.0
3040,D,G,4,G,"(0, 2, 6, 9)",V7,G,F#,G,380.0,127.0
3041,D,F#,4,G,"(0, 2, 6, 9)",V7,G,F#,G,380.125,127.0
3042,D,F#,4,G,"(0, 2, 6, 9)",V7,G,F#,G,380.25,127.0
3043,D,F#,4,G,"(0, 2, 6, 9)",V7,D,F#,G,380.375,127.0
3044,A,F#,5,G,"(0, 2, 6, 9)",V7,C,F#,G,380.5,127.0
3045,A,F#,5,G,"(0, 2, 6, 9)",V7,C,F#,G,380.625,127.0
3046,A,F#,5,G,"(0, 2, 6, 9)",V7,C,F#,G,380.75,127.0
3047,A,F#,5,G,"(0, 2, 6, 9)",V7,C,F#,G,380.875,127.0
3048,A,F#,5,G,"(0, 2, 6, 9)",V7,C,F#,G,381.0,127.0
3049,A,F#,5,G,"(0, 2, 6, 9)",V7,C,F#,G,381.125,127.0
3050,A,F#,5,G,"(0, 2, 6, 9)",V7,C,F#,G,381.25,127.0
3051,A,F#,5,G,"(0, 2, 6, 9)",V7,C,F#,G,381.375,127.0
3052,D,G,0,G,"(2, 7, 11)",I,G,B,G,381.5,128.0
3053,D,G,1,G,"(2, 7, 11)",I,G,B,G,381.625,128.0
3054,D,G,2,G,"(2, 7, 11)",I,G,B,G,381.75,128.0
3055,D,G,2,G,"(2, 7, 11)",I,G,B,G,381.875,128.0
3056,D,G,3,G,"(2, 7, 11)",I,G,B,G,382.0,128.0
3057,D,G,3,G,"(2, 7, 11)",I,G,B,G,382.125,128.0
3058,D,G,3,G,"(2, 7, 11)",I,G,B,G,382.25,128.0
3059,D,G,3,G,"(2, 7, 11)",I,G,B,G,382.375,128.0
3060,D,G,4,G,"(2, 7, 11)",I,G,B,G,382.5,128.0
3061,D,G,4,G,"(2, 7, 11)",I,G,B,G,382.625,128.0
3062,D,G,4,G,"(2, 7, 11)",I,G,B,G,382.75,128.0
3063,D,G,4,G,"(2, 7, 11)",I,G,B,G,382.875,128.0
3064,D,G,4,G,"(2, 7, 11)",I,G,B,G,383.0,128.0
3065,D,G,4,G,"(2, 7, 11)",I,G,B,G,383.125,128.0
3066,D,G,4,G,"(2, 7, 11)",I,G,B,G,383.25,128.0
3067,D,G,4,G,"(2, 7, 11)",I,G,B,G,383.375,128.0
3068,D,G,5,G,"(2, 7, 11)",I,G,B,G,383.5,128.0
3069,D,G,5,G,"(2, 7, 11)",I,G,B,G,383.625,128.0
3070,D,G,5,G,"(2, 7, 11)",I,G,B,G,383.75,128.0
3071,D,G,5,G,"(2, 7, 11)",I,G,B,G,383.875,128.0
3072,D,G,5,G,"(2, 7, 11)",I,G,B,G,384.0,128.0
3073,D,G,5,G,"(2, 7, 11)",I,G,B,G,384.125,128.0
3074,D,G,5,G,"(2, 7, 11)",I,G,B,G,384.25,128.0
3075,D,G,5,G,"(2, 7, 11)",I,G,B,G,384.375,128.0
3076,D,B,0,G,"(2, 7, 11)",I,G,D,G,384.5,129.0
3077,D,B,1,G,"(2, 7, 11)",I,G,D,G,384.625,129.0
3078,D,B,2,G,"(2, 7, 11)",I,G,D,G,384.75,129.0
3079,D,B,2,G,"(2, 7, 11)",I,G,D,G,384.875,129.0
3080,D,B,3,G,"(2, 7, 11)",I,G,D,G,385.0,129.0
3081,D,B,3,G,"(2, 7, 11)",I,G,D,G,385.125,129.0
3082,D,B,3,G,"(2, 7, 11)",I,G,D,G,385.25,129.0
3083,D,B,3,G,"(2, 7, 11)",I,G,D,G,385.375,129.0
3084,D,B,4,G,"(2, 7, 11)",I,G,D,G,385.5,129.0
3085,D,B,4,G,"(2, 7, 11)",I,G,D,G,385.625,129.0
3086,D,B,4,G,"(2, 7, 11)",I,G,D,G,385.75,129.0
3087,D,B,4,G,"(2, 7, 11)",I,G,D,G,385.875,129.0
3088,G,C,0,G,"(0, 4, 7)",IV,C,E,G,386.0,129.0
3089,G,C,1,G,"(0, 4, 7)",IV,C,E,G,386.125,129.0
3090,G,C,2,G,"(0, 4, 7)",IV,C,E,G,386.25,129.0
3091,G,C,2,G,"(0, 4, 7)",IV,C,E,G,386.375,129.0
3092,G,C,3,G,"(0, 4, 7)",IV,C,E,G,386.5,129.0
3093,G,C,3,G,"(0, 4, 7)",IV,C,E,G,386.625,129.0
3094,G,C,3,G,"(0, 4, 7)",IV,C,E,G,386.75,129.0
3095,G,C,3,G,"(0, 4, 7)",IV,C,E,G,386.875,129.0
3096,G,C,4,G,"(0, 4, 7)",IV,C,E,G,387.0,129.0
3097,G,C,4,G,"(0, 4, 7)",IV,C,E,G,387.125,129.0
3098,G,C,4,G,"(0, 4, 7)",IV,C,E,G,387.25,129.0
3099,G,C,4,G,"(0, 4, 7)",IV,C,E,G,387.375,129.0
3100,A,D,0,G,"(2, 6, 9)",V,D,F#,G,387.5,130.0
3101,A,D,1,G,"(2, 6, 9)",V,D,F#,G,387.625,130.0
3102,A,D,2,G,"(2, 6, 9)",V,D,F#,G,387.75,130.0
3103,A,D,2,G,"(2, 6, 9)",V,D,F#,G,387.875,130.0
3104,A,D,3,G,"(2, 6, 9)",V,D,F#,G,388.0,130.0
3105,A,D,3,G,"(2, 6, 9)",V,D,F#,G,388.125,130.0
3106,A,D,3,G,"(2, 6, 9)",V,D,F#,G,388.25,130.0
3107,A,D,3,G,"(2, 6, 9)",V,D,F#,G,388.375,130.0
3108,A,D,4,G,"(2, 6, 9)",V,D,F#,G,388.5,130.0
3109,A,D,4,G,"(2, 6, 9)",V,D,F#,G,388.625,130.0
3110,A,D,4,G,"(2, 6, 9)",V,D,F#,G,388.75,130.0
3111,A,D,4,G,"(2, 6, 9)",V,D,F#,G,388.875,130.0
3112,A,D,4,G,"(2, 6, 9)",V,D,F#,G,389.0,130.0
3113,A,D,4,G,"(2, 6, 9)",V,D,F#,G,389.125,130.0
3114,A,D,4,G,"(2, 6, 9)",V,D,F#,G,389.25,130.0
3115,A,D,4,G,"(2, 6, 9)",V,D,F#,G,389.375,130.0
3116,A,D,5,G,"(2, 6, 9)",V,D,F#,G,389.5,130.0
3117,A,D,5,G,"(2, 6, 9)",V,D,F#,G,389.625,130.0
3118,A,D,5,G,"(2, 6, 9)",V,D,F#,G,389.75,130.0
3119,A,D,5,G,"(2, 6, 9)",V,D,F#,G,389.875,130.0
3120,A,D,5,G,"(2, 6, 9)",V,D,F#,G,390.0,130.0
3121,A,D,5,G,"(2, 6, 9)",V,D,F#,G,390.125,130.0
3122,A,D,5,G,"(2, 6, 9)",V,D,F#,G,390.25,130.0
3123,A,D,5,G,"(2, 6, 9)",V,D,F#,G,390.375,130.0
3124,D,G,0,G,"(2, 7, 11)",I,G,B,G,390.5,131.0
3125,D,G,1,G,"(2, 7, 11)",I,G,B,G,390.625,131.0
3126,D,G,2,G,"(2, 7, 11)",I,G,B,G,390.75,131.0
3127,D,G,2,G,"(2, 7, 11)",I,G,B,G,390.875,131.0
3128,D,G,3,G,"(2, 7, 11)",I,G,B,G,391.0,131.0
3129,D,G,3,G,"(2, 7, 11)",I,G,B,G,391.125,131.0
3130,D,G,3,G,"(2, 7, 11)",I,G,B,G,391.25,131.0
3131,D,G,3,G,"(2, 7, 11)",I,G,B,G,391.375,131.0
3132,D,G,4,G,"(2, 7, 11)",I,G,B,G,391.5,131.0
3133,D,G,4,G,"(2, 7, 11)",I,G,B,G,391.625,131.0
3134,D,G,4,G,"(2, 7, 11)",I,G,B,G,391.75,131.0
3135,D,G,4,G,"(2, 7, 11)",I,G,B,G,391.875,131.0
3136,D,A,0,G,"(0, 2, 6, 9)",V7,G,D,G,392.0,131.0
3137,D,A,1,G,"(0, 2, 6, 9)",V7,G,D,G,392.125,131.0
3138,D,A,2,G,"(0, 2, 6, 9)",V7,G,D,G,392.25,131.0
3139,D,A,2,G,"(0, 2, 6, 9)",V7,G,D,G,392.375,131.0
3140,D,A,3,G,"(0, 2, 6, 9)",V7,G,D,G,392.5,131.0
3141,D,A,3,G,"(0, 2, 6, 9)",V7,G,D,G,392.625,131.0
3142,D,A,3,G,"(0, 2, 6, 9)",V7,G,D,G,392.75,131.0
3143,D,A,3,G,"(0, 2, 6, 9)",V7,G,D,G,392.875,131.0
3144,D,A,4,G,"(0, 2, 6, 9)",V7,G,D,G,393.0,131.0
3145,D,A,4,G,"(0, 2, 6, 9)",V7,G,D,G,393.125,131.0
3146,D,A,4,G,"(0, 2, 6, 9)",V7,G,D,G,393.25,131.0
3147,D,A,4,G,"(0, 2, 6, 9)",V7,G,D,G,393.375,131.0
3148,G,B,0,G,"(2, 7, 11)",I,G,D,G,393.5,132.0
3149,G,B,1,G,"(2, 7, 11)",I,G,D,G,393.625,132.0
3150,G,B,2,G,"(2, 7, 11)",I,G,D,G,393.75,132.0
3151,G,B,2,G,"(2, 7, 11)",I,G,D,G,393.875,132.0
3152,G,B,3,G,"(2, 7, 11)",I,G,D,G,394.0,132.0
3153,G,B,3,G,"(2, 7, 11)",I,G,D,G,394.125,132.0
3154,G,B,3,G,"(2, 7, 11)",I,G,D,G,394.25,132.0
3155,G,B,3,G,"(2, 7, 11)",I,G,D,G,394.375,132.0
3156,G,B,4,G,"(2, 7, 11)",I,G,D,G,394.5,132.0
3157,G,B,4,G,"(2, 7, 11)",I,G,D,G,394.625,132.0
3158,G,B,4,G,"(2, 7, 11)",I,G,D,G,394.75,132.0
3159,G,B,4,G,"(2, 7, 11)",I,G,D,G,394.875,132.0
3160,G,C,0,G,"(0, 4, 7)",IV,C,E,G,395.0,132.0
3161,G,C,1,G,"(0, 4, 7)",IV,C,E,G,395.125,132.0
3162,G,C,2,G,"(0, 4, 7)",IV,C,E,G,395.25,132.0
3163,G,C,2,G,"(0, 4, 7)",IV,C,E,G,395.375,132.0
3164,G,C,3,G,"(0, 4, 7)",IV,C,E,G,395.5,132.0
3165,G,C,3,G,"(0, 4, 7)",IV,C,E,G,395.625,132.0
3166,G,C,3,G,"(0, 4, 7)",IV,C,E,G,395.75,132.0
3167,G,C,3,G,"(0, 4, 7)",IV,C,E,G,395.875,132.0
3168,G,C,4,G,"(0, 4, 7)",IV,C,E,G,396.0,132.0
3169,G,C,4,G,"(0, 4, 7)",IV,C,E,G,396.125,132.0
3170,G,C,4,G,"(0, 4, 7)",IV,C,E,G,396.25,132.0
3171,G,C,4,G,"(0, 4, 7)",IV,C,E,G,396.375,132.0
3172,G,D,0,G,"(2, 7, 11)",I,G,B,G,396.5,133.0
3173,G,D,1,G,"(2, 7, 11)",I,G,B,G,396.625,133.0
3174,G,D,2,G,"(2, 7, 11)",I,G,B,G,396.75,133.0
3175,G,D,2,G,"(2, 7, 11)",I,G,B,G,396.875,133.0
3176,G,D,3,G,"(2, 7, 11)",I,G,B,G,397.0,133.0
3177,G,D,3,G,"(2, 7, 11)",I,G,B,G,397.125,133.0
3178,G,D,3,G,"(2, 7, 11)",I,G,B,G,397.25,133.0
3179,G,D,3,G,"(2, 7, 11)",I,G,B,G,397.375,133.0
3180,G,D,4,G,"(2, 7, 11)",I,G,D,G,397.5,133.0
3181,G,D,4,G,"(2, 7, 11)",I,G,F#,G,397.625,133.0
3182,G,D,4,G,"(2, 7, 11)",I,G,F#,G,397.75,133.0
3183,G,D,4,G,"(2, 7, 11)",I,G,F#,G,397.875,133.0
3184,A,D,4,G,"(0, 2, 6, 9)",V7,C,F#,G,398.0,133.0
3185,A,D,4,G,"(0, 2, 6, 9)",V7,C,F#,G,398.125,133.0
3186,A,D,4,G,"(0, 2, 6, 9)",V7,C,F#,G,398.25,133.0
3187,A,D,4,G,"(0, 2, 6, 9)",V7,C,F#,G,398.375,133.0
3188,A,D,3,G,"(0, 2, 6, 9)",V7,C,F#,G,398.5,133.0
3189,A,D,3,G,"(0, 2, 6, 9)",V7,C,F#,G,398.625,133.0
3190,A,D,5,G,"(0, 2, 6, 9)",V7,C,F#,G,398.75,133.0
3191,A,D,5,G,"(0, 2, 6, 9)",V7,C,F#,G,398.875,133.0
3192,A,D,4,G,"(0, 2, 6, 9)",V7,C,F#,G,399.0,133.0
3193,A,D,4,G,"(0, 2, 6, 9)",V7,C,F#,G,399.125,133.0
3194,A,D,4,G,"(0, 2, 6, 9)",V7,C,F#,G,399.25,133.0
3195,A,D,4,G,"(0, 2, 6, 9)",V7,C,F#,G,399.375,133.0
3196,D,G,0,G,"(2, 7, 11)",I,G,B,G,399.5,134.0
3197,D,G,1,G,"(2, 7, 11)",I,G,B,G,399.625,134.0
3198,D,G,2,G,"(2, 7, 11)",I,G,B,G,399.75,134.0
3199,D,G,2,G,"(2, 7, 11)",V7,G,B,G,399.875,134.0
3200,G,B,0,G,"(2, 7, 11)",I,G,D,G,400.0,134.0
3201,G,B,4,G,"(2, 7, 11)",I,G,D,G,400.125,134.0
3202,G,B,2,G,"(2, 7, 11)",I,G,D,G,400.25,134.0
3203,G,B,2,G,"(2, 7, 11)",I,G,D,G,400.375,134.0
3204,G,B,3,G,"(2, 7, 11)",I,G,D,G,400.5,134.0
3205,G,B,3,G,"(2, 7, 11)",I,G,D,G,400.625,134.0
3206,G,B,4,G,"(2, 7, 11)",I,G,D,G,400.75,134.0
3207,G,B,4,G,"(2, 7, 11)",I,G,D,G,400.875,134.0
3208,D,B,4,G,"(2, 7, 11)",I,G,B,G,401.0,134.0
3209,D,B,4,G,"(2, 7, 11)",I,G,B,G,401.125,134.0
3210,D,B,4,G,"(2, 7, 11)",I,G,B,G,401.25,134.0
3211,D,B,4,G,"(2, 7, 11)",I,G,B,G,401.375,134.0
3212,D,B,5,G,"(2, 7, 11)",I,G,B,G,401.5,134.0
3213,D,B,5,G,"(2, 7, 11)",I,G,B,G,401.625,134.0
3214,D,B,5,G,"(2, 7, 11)",I,G,B,G,401.75,134.0
3215,D,B,5,G,"(2, 7, 11)",I,G,B,G,401.875,134.0
3216,D,B,5,G,"(2, 7, 11)",I,G,B,G,402.0,134.0
3217,D,B,5,G,"(2, 7, 11)",I,G,B,G,402.125,134.0
3218,D,B,5,G,"(2, 7, 11)",I,G,B,G,402.25,134.0
3219,D,B,5,G,"(2, 7, 11)",I,G,B,G,402.375,134.0
3220,D,G#,0,G,"(2, 4, 8, 11)",V7,D,B,a,402.5,135.0
3221,D,G#,1,G,"(2, 4, 8, 11)",V7,D,B,a,402.625,135.0
3222,D,G#,2,G,"(2, 4, 8, 11)",V7,D,B,a,402.75,135.0
3223,D,G#,2,G,"(2, 4, 8, 11)",V7,D,B,a,402.875,135.0
3224,D,G#,3,G,"(2, 4, 8, 11)",V7,E,B,a,403.0,135.0
3225,D,G#,3,G,"(2, 4, 8, 11)",V7,E,B,a,403.125,135.0
3226,D,G#,3,G,"(2, 4, 8, 11)",V7,E,B,a,403.25,135.0
3227,D,G#,3,G,"(2, 4, 8, 11)",V7,E,B,a,403.375,135.0
3228,D,G#,4,G,"(2, 4, 8, 11)",V7,E,B,a,403.5,135.0
3229,D,G#,4,G,"(2, 4, 8, 11)",V7,E,B,a,403.625,135.0
3230,D,G#,4,G,"(2, 4, 8, 11)",V7,E,B,a,403.75,135.0
3231,D,G#,4,G,"(2, 4, 8, 11)",V7,E,B,a,403.875,135.0
3232,D,G#,4,G,"(2, 4, 8, 11)",V7,E,B,a,404.0,135.0
3233,D,G#,4,G,"(2, 4, 8, 11)",V7,E,B,a,404.125,135.0
3234,D,G#,4,G,"(2, 4, 8, 11)",V7,E,B,a,404.25,135.0
3235,D,G#,4,G,"(2, 4, 8, 11)",V7,E,B,a,404.375,135.0
3236,E,G#,5,G,"(2, 4, 8, 11)",V7,E,B,G,404.5,135.0
3237,E,G#,5,G,"(2, 4, 8, 11)",V7,E,B,G,404.625,135.0
3238,E,G#,5,G,"(2, 4, 8, 11)",V7,E,B,G,404.75,135.0
3239,E,G#,5,G,"(2, 4, 8, 11)",V7,E,B,G,404.875,135.0
3240,D,G#,5,G,"(2, 4, 8, 11)",V7,E,B,G,405.0,135.0
3241,D,G#,5,G,"(2, 4, 8, 11)",V7,E,B,G,405.125,135.0
3242,D,G#,5,G,"(2, 4, 8, 11)",V7,E,B,G,405.25,135.0
3243,D,G#,5,G,"(2, 4, 8, 11)",V7,E,B,G,405.375,135.0
3244,E,A,0,G,"(0, 4, 9)",ii,A,C,G,405.5,136.0
3245,E,A,1,G,"(0, 4, 9)",ii,A,C,G,405.625,136.0
3246,E,A,2,G,"(0, 4, 9)",ii,A,C,G,405.75,136.0
3247,E,A,2,G,"(0, 4, 9)",ii,A,C,G,405.875,136.0
3248,E,A,3,G,"(0, 4, 9)",ii,A,C,G,406.0,136.0
3249,E,A,3,G,"(0, 4, 9)",ii,A,C,G,406.125,136.0
3250,E,A,3,G,"(0, 4, 9)",ii,A,C,G,406.25,136.0
3251,E,A,3,G,"(0, 4, 9)",ii,A,C,G,406.375,136.0
3252,E,A,4,G,"(0, 4, 9)",ii,A,C,G,406.5,136.0
3253,E,A,4,G,"(0, 4, 9)",ii,A,C,G,406.625,136.0
3254,E,A,4,G,"(0, 4, 9)",ii,A,C,G,406.75,136.0
3255,E,A,4,G,"(0, 4, 9)",ii,A,C,G,406.875,136.0
3256,E,A,4,G,"(0, 4, 9)",ii,A,C,G,407.0,136.0
3257,E,A,4,G,"(0, 4, 9)",ii,A,C,G,407.125,136.0
3258,E,A,4,G,"(0, 4, 9)",ii,A,C,G,407.25,136.0
3259,E,A,4,G,"(0, 4, 9)",ii,A,C,G,407.375,136.0
3260,E,A,5,G,"(0, 4, 9)",ii,A,C,G,407.5,136.0
3261,E,A,5,G,"(0, 4, 9)",ii,A,C,G,407.625,136.0
3262,E,A,5,G,"(0, 4, 9)",ii,A,C,G,407.75,136.0
3263,E,A,5,G,"(0, 4, 9)",ii,A,C,G,407.875,136.0
3264,E,A,5,G,"(0, 4, 9)",ii,A,C,G,408.0,136.0
3265,E,A,5,G,"(0, 4, 9)",ii,A,C,G,408.125,136.0
3266,E,A,5,G,"(0, 4, 9)",ii,A,C,G,408.25,136.0
3267,E,A,5,G,"(0, 4, 9)",ii,A,C,G,408.375,136.0
3268,A,D,0,G,"(0, 2, 6, 9)",V7,C,F#,G,408.5,137.0
3269,A,D,1,G,"(0, 2, 6, 9)",V7,C,F#,G,408.625,137.0
3270,A,D,2,G,"(0, 2, 6, 9)",V7,C,F#,G,408.75,137.0
3271,A,D,2,G,"(0, 2, 6, 9)",V7,C,F#,G,408.875,137.0
3272,A,D,3,G,"(0, 2, 6, 9)",V7,C,F#,G,409.0,137.0
3273,A,D,3,G,"(0, 2, 6, 9)",V7,C,F#,G,409.125,137.0
3274,A,D,3,G,"(0, 2, 6, 9)",V7,C,F#,G,409.25,137.0
3275,A,D,3,G,"(0, 2, 6, 9)",V7,C,F#,G,409.375,137.0
3276,A,D,4,G,"(0, 2, 6, 9)",V7,C,F#,G,409.5,137.0
3277,A,D,4,G,"(0, 2, 6, 9)",V7,C,F#,G,409.625,137.0
3278,A,D,4,G,"(0, 2, 6, 9)",V7,C,F#,G,409.75,137.0
3279,A,D,4,G,"(0, 2, 6, 9)",V7,C,F#,G,409.875,137.0
3280,A,D,4,G,"(0, 2, 6, 9)",V7,C,F#,G,410.0,137.0
3281,A,D,4,G,"(0, 2, 6, 9)",V7,C,F#,G,410.125,137.0
3282,A,D,4,G,"(0, 2, 6, 9)",V7,C,F#,G,410.25,137.0
3283,A,D,4,G,"(0, 2, 6, 9)",V7,C,F#,G,410.375,137.0
3284,A,D,5,G,"(0, 2, 6, 9)",V7,C,F#,G,410.5,137.0
3285,A,D,5,G,"(0, 2, 6, 9)",V7,C,F#,G,410.625,137.0
3286,A,D,5,G,"(0, 2, 6, 9)",V7,C,F#,G,410.75,137.0
3287,A,D,5,G,"(0, 2, 6, 9)",V7,C,F#,G,410.875,137.0
3288,A,D,5,G,"(0, 2, 6, 9)",V7,C,F#,G,411.0,137.0
3289,A,D,5,G,"(0, 2, 6, 9)",V7,C,F#,G,411.125,137.0
3290,A,D,5,G,"(0, 2, 6, 9)",V7,C,F#,G,411.25,137.0
3291,A,D,5,G,"(0, 2, 6, 9)",V7,C,F#,G,411.375,137.0
3292,D,G,0,G,"(2, 7, 11)",I,G,B,G,411.5,138.0
3293,D,G,1,G,"(2, 7, 11)",I,G,B,G,411.625,138.0
3294,D,G,2,G,"(2, 7, 11)",I,G,B,G,411.75,138.0
3295,D,G,2,G,"(2, 7, 11)",I,G,B,G,411.875,138.0
3296,D,G,3,G,"(2, 7, 11)",I,G,B,G,412.0,138.0
3297,D,G,3,G,"(2, 7, 11)",I,G,B,G,412.125,138.0
3298,D,G,3,G,"(2, 7, 11)",I,G,B,G,412.25,138.0
3299,D,G,3,G,"(2, 7, 11)",I,G,B,G,412.375,138.0
3300,D,G,4,G,"(2, 7, 11)",I,G,B,G,412.5,138.0
3301,D,G,4,G,"(2, 7, 11)",I,G,B,G,412.625,138.0
3302,D,G,4,G,"(2, 7, 11)",I,G,B,G,412.75,138.0
3303,D,G,4,G,"(2, 7, 11)",I,G,B,G,412.875,138.0
3304,D,G,4,G,"(2, 7, 11)",I,G,B,G,413.0,138.0
3305,D,G,4,G,"(2, 7, 11)",I,G,B,G,413.125,138.0
3306,D,G,4,G,"(2, 7, 11)",I,G,B,G,413.25,138.0
3307,D,G,4,G,"(2, 7, 11)",I,G,B,G,413.375,138.0
3308,D,G,5,G,"(2, 7, 11)",I,G,B,G,413.5,138.0
3309,D,G,5,G,"(2, 7, 11)",I,G,B,G,413.625,138.0
3310,D,G,5,G,"(2, 7, 11)",I,G,B,G,413.75,138.0
3311,D,G,5,G,"(2, 7, 11)",I,G,B,G,413.875,138.0
3312,D,G,5,G,"(2, 7, 11)",I,G,B,G,414.0,138.0
3313,D,G,5,G,"(2, 7, 11)",I,G,B,G,414.125,138.0
3314,D,G,5,G,"(2, 7, 11)",I,G,B,G,414.25,138.0
3315,D,G,5,G,"(2, 7, 11)",I,G,B,G,414.375,138.0
3316,C#,C#,0,G,"(1, 4, 7, 9)",V7,C#,G,D,414.5,139.0
3317,C#,E,1,G,"(1, 4, 7, 9)",V7,C#,G,D,414.625,139.0
3318,C#,E,2,G,"(1, 4, 7, 9)",V7,C#,G,D,414.75,139.0
3319,C#,E,2,G,"(1, 4, 7, 9)",V7,C#,G,D,414.875,139.0
3320,C#,E,3,G,"(1, 4, 7, 9)",V7,C#,G,D,415.0,139.0
3321,C#,E,3,G,"(1, 4, 7, 9)",V7,C#,G,D,415.125,139.0
3322,C#,E,3,G,"(1, 4, 7, 9)",V7,C#,G,D,415.25,139.0
3323,C#,E,3,G,"(1, 4, 7, 9)",V7,C#,G,D,415.375,139.0
3324,A,A,4,G,"(1, 4, 7, 9)",V7,C#,G,D,415.5,139.0
3325,A,E,4,G,"(1, 4, 7, 9)",V7,C#,G,D,415.625,139.0
3326,A,E,4,G,"(1, 4, 7, 9)",V7,C#,G,D,415.75,139.0
3327,A,E,4,G,"(1, 4, 7, 9)",V7,C#,G,D,415.875,139.0
3328,A,E,4,G,"(1, 4, 7, 9)",V7,C#,G,D,416.0,139.0
3329,A,E,4,G,"(1, 4, 7, 9)",V7,C#,G,D,416.125,139.0
3330,A,E,4,G,"(1, 4, 7, 9)",V7,C#,G,D,416.25,139.0
3331,A,E,4,G,"(1, 4, 7, 9)",V7,C#,G,D,416.375,139.0
3332,A,E,5,G,"(1, 4, 7, 9)",V7,C#,G,D,416.5,139.0
3333,A,E,5,G,"(1, 4, 7, 9)",V7,C#,G,D,416.625,139.0
3334,A,E,5,G,"(1, 4, 7, 9)",V7,C#,G,D,416.75,139.0
3335,A,E,5,G,"(1, 4, 7, 9)",V7,C#,G,D,416.875,139.0
3336,A,G,5,G,"(1, 4, 7, 9)",V7,C#,G,D,417.0,139.0
3337,A,G,5,G,"(1, 4, 7, 9)",V7,C#,G,D,417.125,139.0
3338,A,G,5,G,"(1, 4, 7, 9)",V7,C#,G,D,417.25,139.0
3339,A,D,5,G,"(1, 4, 7, 9)",V7,C#,G,D,417.375,139.0
3340,A,D,0,G,"(2, 6, 9)",V,D,F#,G,417.5,140.0
3341,A,D,1,G,"(2, 6, 9)",V,D,F#,G,417.625,140.0
3342,A,D,2,G,"(2, 6, 9)",V,D,F#,G,417.75,140.0
3343,A,D,2,G,"(2, 6, 9)",V,D,F#,G,417.875,140.0
3344,A,D,3,G,"(2, 6, 9)",V,D,F#,G,418.0,140.0
3345,A,D,3,G,"(2, 6, 9)",V,D,F#,G,418.125,140.0
3346,A,D,3,G,"(2, 6, 9)",V,D,F#,G,418.25,140.0
3347,A,D,3,G,"(2, 6, 9)",V,D,F#,G,418.375,140.0
3348,A,D,4,G,"(2, 6, 9)",V,D,F#,G,418.5,140.0
3349,A,D,4,G,"(2, 6, 9)",V,D,F#,G,418.625,140.0
3350,A,D,4,G,"(2, 6, 9)",V,D,F#,G,418.75,140.0
3351,A,D,4,G,"(2, 6, 9)",V,D,F#,G,418.875,140.0
3352,A,D,4,G,"(2, 6, 9)",V,D,F#,G,419.0,140.0
3353,A,D,4,G,"(2, 6, 9)",V,D,F#,G,419.125,140.0
3354,A,D,4,G,"(2, 6, 9)",V,D,F#,G,419.25,140.0
3355,A,D,4,G,"(2, 6, 9)",V,D,F#,G,419.375,140.0
3356,A,D,5,G,"(2, 6, 9)",V,D,F#,G,419.5,140.0
3357,A,D,5,G,"(2, 6, 9)",V,D,F#,G,419.625,140.0
3358,A,D,5,G,"(2, 6, 9)",V,D,F#,G,419.75,140.0
3359,A,D,5,G,"(2, 6, 9)",V,D,F#,G,419.875,140.0
3360,A,D,5,G,"(2, 6, 9)",V,D,F#,G,420.0,140.0
3361,A,D,5,G,"(2, 6, 9)",V,D,F#,G,420.125,140.0
3362,A,D,5,G,"(2, 6, 9)",V,D,F#,G,420.25,140.0
3363,A,D,5,G,"(2, 6, 9)",V,D,F#,G,420.375,140.0
3364,A,D,0,G,"(0, 2, 6, 9)",V7,D,F#,G,420.5,141.0
3365,A,D,1,G,"(0, 2, 6, 9)",V7,D,F#,G,420.625,141.0
3366,A,D,2,G,"(0, 2, 6, 9)",V7,D,F#,G,420.75,141.0
3367,A,D,2,G,"(0, 2, 6, 9)",V7,D,F#,G,420.875,141.0
3368,A,D,3,G,"(0, 2, 6, 9)",V7,D,F#,G,421.0,141.0
3369,A,D,3,G,"(0, 2, 6, 9)",V7,D,F#,G,421.125,141.0
3370,A,D,3,G,"(0, 2, 6, 9)",V7,D,F#,G,421.25,141.0
3371,A,D,3,G,"(0, 2, 6, 9)",V7,D,F#,G,421.375,141.0
3372,A,D,4,G,"(0, 2, 6, 9)",V7,D,F#,G,421.5,141.0
3373,A,D,4,G,"(0, 2, 6, 9)",V7,D,F#,G,421.625,141.0
3374,A,D,4,G,"(0, 2, 6, 9)",V7,D,F#,G,421.75,141.0
3375,A,D,4,G,"(0, 2, 6, 9)",V7,D,F#,G,421.875,141.0
3376,D,G,0,G,"(2, 7, 11)",I,G,B,G,422.0,141.0
3377,D,G,1,G,"(2, 7, 11)",I,G,B,G,422.125,141.0
3378,D,G,2,G,"(2, 7, 11)",I,G,B,G,422.25,141.0
3379,D,G,2,G,"(2, 7, 11)",I,G,B,G,422.375,141.0
3380,D,G,3,G,"(2, 7, 11)",I,G,B,G,422.5,141.0
3381,D,G,3,G,"(2, 7, 11)",I,G,B,G,422.625,141.0
3382,D,G,3,G,"(2, 7, 11)",I,G,B,G,422.75,141.0
3383,D,G,3,G,"(2, 7, 11)",I,G,B,G,422.875,141.0
3384,D,G,4,G,"(2, 7, 11)",I,G,B,G,423.0,141.0
3385,D,G,4,G,"(2, 7, 11)",I,G,B,G,423.125,141.0
3386,D,G,4,G,"(2, 7, 11)",I,G,B,G,423.25,141.0
3387,D,G,4,G,"(2, 7, 11)",I,G,B,G,423.375,141.0
3388,A,D,0,G,"(2, 6, 9)",V,D,F#,G,423.5,142.0
3389,A,D,1,G,"(2, 6, 9)",V,D,F#,G,423.625,142.0
3390,A,D,2,G,"(2, 6, 9)",V,D,F#,G,423.75,142.0
3391,A,D,2,G,"(2, 6, 9)",V,D,F#,G,423.875,142.0
3392,A,D,3,G,"(2, 6, 9)",V,D,F#,G,424.0,142.0
3393,A,D,3,G,"(2, 6, 9)",V,D,F#,G,424.125,142.0
3394,A,D,3,G,"(2, 6, 9)",V,D,F#,G,424.25,142.0
3395,A,D,3,G,"(2, 6, 9)",V,D,F#,G,424.375,142.0
3396,A,D,4,G,"(2, 6, 9)",V7,D,F#,G,424.5,142.0
3397,A,D,4,G,"(2, 6, 9)",V7,D,F#,G,424.625,142.0
3398,A,D,4,G,"(2, 6, 9)",V7,D,F#,G,424.75,142.0
3399,A,D,4,G,"(2, 6, 9)",V7,D,F#,G,424.875,142.0
3400,A,D,4,G,"(0, 2, 6, 9)",V7,G,F#,G,425.0,142.0
3401,A,D,4,G,"(0, 2, 6, 9)",V7,G,F#,G,425.125,142.0
3402,A,D,4,G,"(0, 2, 6, 9)",V7,G,F#,G,425.25,142.0
3403,A,D,4,G,"(0, 2, 6, 9)",V7,G,F#,G,425.375,142.0
3404,D,D,0,G,"(0, 2, 6, 9)",V7,G,D,G,425.5,142.0
3405,D,D,1,G,"(0, 2, 6, 9)",V7,G,D,G,425.625,142.0
3406,D,D,5,G,"(0, 2, 6, 9)",V7,G,D,G,425.75,142.0
3407,D,D,2,G,"(0, 2, 6, 9)",V7,G,D,G,425.875,142.0
3408,D,D,4,G,"(0, 2, 6, 9)",V7,G,F#,G,426.0,142.0
3409,A,D,4,G,"(0, 2, 6, 9)",V7,G,F#,G,426.125,142.0
3410,A,D,4,G,"(0, 2, 6, 9)",V7,G,F#,G,426.25,142.0
3411,A,D,4,G,"(0, 2, 6, 9)",V7,G,F#,G,426.375,142.0
3412,D,G,0,G,"(2, 7, 11)",I,G,B,G,426.5,143.0
3413,D,G,1,G,"(2, 7, 11)",I,G,B,G,426.625,143.0
3414,D,G,2,G,"(2, 7, 11)",I,G,B,G,426.75,143.0
3415,D,G,2,G,"(2, 7, 11)",I,G,B,G,426.875,143.0
3416,D,G,3,G,"(2, 7, 11)",I,G,B,G,427.0,143.0
3417,D,G,3,G,"(2, 7, 11)",I,G,B,G,427.125,143.0
3418,D,G,3,G,"(2, 7, 11)",I,G,B,G,427.25,143.0
3419,D,G,3,G,"(2, 7, 11)",I,G,B,G,427.375,143.0
3420,D,G,4,G,"(2, 7, 11)",I,G,B,G,427.5,143.0
3421,D,G,4,G,"(2, 7, 11)",I,G,B,G,427.625,143.0
3422,D,G,4,G,"(2, 7, 11)",I,G,B,G,427.75,143.0
3423,D,G,4,G,"(2, 7, 11)",I,G,B,G,427.875,143.0
3424,D,A,0,G,"(0, 2, 6, 9)",V7,G,D,G,428.0,143.0
3425,D,A,1,G,"(0, 2, 6, 9)",V7,G,D,G,428.125,143.0
3426,D,A,2,G,"(0, 2, 6, 9)",V7,G,D,G,428.25,143.0
3427,D,A,2,G,"(0, 2, 6, 9)",V7,G,D,G,428.375,143.0
3428,D,A,3,G,"(0, 2, 6, 9)",V7,G,D,G,428.5,143.0
3429,D,A,3,G,"(0, 2, 6, 9)",V7,G,D,G,428.625,143.0
3430,D,A,3,G,"(0, 2, 6, 9)",V7,G,D,G,428.75,143.0
3431,D,A,3,G,"(0, 2, 6, 9)",V7,G,D,G,428.875,143.0
3432,D,A,4,G,"(0, 2, 6, 9)",V7,G,D,G,429.0,143.0
3433,D,A,4,G,"(0, 2, 6, 9)",V7,G,D,G,429.125,143.0
3434,D,A,4,G,"(0, 2, 6, 9)",V7,G,D,G,429.25,143.0
3435,D,A,4,G,"(0, 2, 6, 9)",V7,G,D,G,429.375,143.0
3436,G,B,0,G,"(2, 7, 11)",I,G,D,G,429.5,144.0
3437,G,B,1,G,"(2, 7, 11)",I,G,D,G,429.625,144.0
3438,G,B,2,G,"(2, 7, 11)",I,G,D,G,429.75,144.0
3439,G,B,2,G,"(2, 7, 11)",I,G,D,G,429.875,144.0
3440,G,B,3,G,"(2, 7, 11)",I,G,D,G,430.0,144.0
3441,G,B,3,G,"(2, 7, 11)",I,G,D,G,430.125,144.0
3442,G,B,3,G,"(2, 7, 11)",I,G,D,G,430.25,144.0
3443,G,B,3,G,"(2, 7, 11)",I,G,D,G,430.375,144.0
3444,G,B,4,G,"(2, 7, 11)",I,G,D,G,430.5,144.0
3445,G,B,4,G,"(2, 7, 11)",I,G,D,G,430.625,144.0
3446,G,B,4,G,"(2, 7, 11)",I,G,D,G,430.75,144.0
3447,G,B,4,G,"(2, 7, 11)",I,G,D,G,430.875,144.0
3448,G,C,0,G,"(0, 4, 7)",IV,C,E,G,431.0,144.0
3449,G,C,1,G,"(0, 4, 7)",IV,C,E,G,431.125,144.0
3450,G,C,2,G,"(0, 4, 7)",IV,C,E,G,431.25,144.0
3451,G,C,2,G,"(0, 4, 7)",IV,C,E,G,431.375,144.0
3452,G,C,3,G,"(0, 4, 7)",IV,C,E,G,431.5,144.0
3453,G,C,3,G,"(0, 4, 7)",IV,C,E,G,431.625,144.0
3454,G,C,3,G,"(0, 4, 7)",IV,C,E,G,431.75,144.0
3455,G,C,3,G,"(0, 4, 7)",IV,C,E,G,431.875,144.0
3456,G,C,4,G,"(0, 4, 7)",IV,C,E,G,432.0,144.0
3457,G,C,4,G,"(0, 4, 7)",IV,C,E,G,432.125,144.0
3458,G,C,4,G,"(0, 4, 7)",IV,C,E,G,432.25,144.0
3459,G,C,4,G,"(0, 4, 7)",IV,C,E,G,432.375,144.0
3460,A,D,0,G,"(2, 7, 11)",I,G,D,G,432.5,145.0
3461,A,D,1,G,"(2, 7, 11)",I,G,D,G,432.625,145.0
3462,A,D,2,G,"(2, 7, 11)",I,G,D,G,432.75,145.0
3463,A,D,2,G,"(2, 7, 11)",I,G,D,G,432.875,145.0
3464,A,D,3,G,"(2, 7, 11)",I,G,D,G,433.0,145.0
3465,A,D,3,G,"(2, 7, 11)",I,G,F#,G,433.125,145.0
3466,A,D,3,G,"(2, 7, 11)",I,G,F#,G,433.25,145.0
3467,A,D,3,G,"(2, 7, 11)",I,G,F#,G,433.375,145.0
3468,A,D,4,G,"(0, 2, 6, 9)",I,G,F#,G,433.5,145.0
3469,A,D,4,G,"(0, 2, 6, 9)",I,G,F#,G,433.625,145.0
3470,A,D,4,G,"(0, 2, 6, 9)",I,G,F#,G,433.75,145.0
3471,A,D,4,G,"(0, 2, 6, 9)",I,G,F#,G,433.875,145.0
3472,A,D,4,G,"(0, 2, 6, 9)",V7,C,F#,G,434.0,145.0
3473,A,D,4,G,"(0, 2, 6, 9)",V7,C,F#,G,434.125,145.0
3474,A,D,4,G,"(0, 2, 6, 9)",V7,C,F#,G,434.25,145.0
3475,A,D,4,G,"(0, 2, 6, 9)",V7,C,F#,G,434.375,145.0
3476,A,D,5,G,"(0, 2, 6, 9)",V7,C,F#,G,434.5,145.0
3477,A,D,5,G,"(0, 2, 6, 9)",V7,C,F#,G,434.625,145.0
3478,A,D,5,G,"(0, 2, 6, 9)",V7,C,F#,G,434.75,145.0
3479,A,D,5,G,"(0, 2, 6, 9)",V7,C,F#,G,434.875,145.0
3480,A,D,5,G,"(0, 2, 6, 9)",V7,C,F#,G,435.0,145.0
3481,A,D,5,G,"(0, 2, 6, 9)",V7,C,F#,G,435.125,145.0
3482,A,D,5,G,"(0, 2, 6, 9)",V7,C,F#,G,435.25,145.0
3483,A,D,5,G,"(0, 2, 6, 9)",V7,C,F#,G,435.375,145.0
3484,D,G,0,G,"(2, 7, 11)",I,G,B,G,435.5,146.0
3485,D,G,1,G,"(2, 7, 11)",I,G,B,G,435.625,146.0
3486,D,G,2,G,"(2, 7, 11)",I,G,B,G,435.75,146.0
3487,D,G,2,G,"(2, 7, 11)",I,G,B,G,435.875,146.0
3488,D,G,3,G,"(2, 7, 11)",I,G,B,G,436.0,146.0
3489,D,G,3,G,"(2, 7, 11)",I,G,B,G,436.125,146.0
3490,D,G,3,G,"(2, 7, 11)",I,G,B,G,436.25,146.0
3491,D,G,3,G,"(2, 7, 11)",I,G,B,G,436.375,146.0
3492,D,G,4,G,"(2, 7, 11)",I,G,B,G,436.5,146.0
3493,D,G,4,G,"(2, 7, 11)",I,G,B,G,436.625,146.0
3494,D,G,4,G,"(2, 7, 11)",I,G,B,G,436.75,146.0
3495,D,G,4,G,"(2, 7, 11)",I,G,B,G,436.875,146.0
3496,D,D,4,G,"(2, 6, 9)",V,D,F#,G,437.0,146.0
3497,D,D,4,G,"(2, 6, 9)",V,D,F#,G,437.125,146.0
3498,D,D,2,G,"(2, 6, 9)",V,D,F#,G,437.25,146.0
3499,D,D,2,G,"(2, 6, 9)",V,D,F#,G,437.375,146.0
3500,A,D,5,G,"(2, 6, 9)",V,D,F#,G,437.5,146.0
3501,A,D,5,G,"(2, 6, 9)",V,D,F#,G,437.625,146.0
3502,A,D,5,G,"(2, 6, 9)",V,D,F#,G,437.75,146.0
3503,A,D,5,G,"(2, 6, 9)",V,D,F#,G,437.875,146.0
3504,A,D,4,G,"(2, 6, 9)",V,D,F#,G,438.0,146.0
3505,A,D,4,G,"(2, 6, 9)",V,D,F#,G,438.125,146.0
3506,A,D,4,G,"(2, 6, 9)",V,D,F#,G,438.25,146.0
3507,A,D,4,G,"(2, 6, 9)",V,D,F#,G,438.375,146.0
3508,G,B,0,G,"(2, 7, 11)",I,G,D,G,438.5,147.0
3509,G,B,1,G,"(2, 7, 11)",I,G,D,G,438.625,147.0
3510,G,B,2,G,"(2, 7, 11)",I,G,D,G,438.75,147.0
3511,G,B,2,G,"(2, 7, 11)",I,G,D,G,438.875,147.0
3512,G,B,3,G,"(2, 7, 11)",I,G,D,G,439.0,147.0
3513,G,B,3,G,"(2, 7, 11)",I,G,D,G,439.125,147.0
3514,G,B,3,G,"(2, 7, 11)",I,G,D,G,439.25,147.0
3515,G,B,3,G,"(2, 7, 11)",I,G,D,G,439.375,147.0
3516,G,B,4,G,"(2, 7, 11)",I,G,D,G,439.5,147.0
3517,G,B,4,G,"(2, 7, 11)",I,G,D,G,439.625,147.0
3518,F#,B,4,G,"(2, 7, 11)",I,G,D,G,439.75,147.0
3519,F#,B,4,G,"(2, 7, 11)",I,G,D,G,439.875,147.0
3520,F#,A,0,G,"(0, 2, 6, 9)",V7,F#,C,G,440.0,147.0
3521,F#,A,1,G,"(0, 2, 6, 9)",V7,F#,C,G,440.125,147.0
3522,F#,A,2,G,"(0, 2, 6, 9)",V7,F#,C,G,440.25,147.0
3523,F#,A,2,G,"(0, 2, 6, 9)",V7,F#,C,G,440.375,147.0
3524,F#,A,3,G,"(0, 2, 6, 9)",V7,F#,C,G,440.5,147.0
3525,F#,A,3,G,"(0, 2, 6, 9)",V7,F#,C,G,440.625,147.0
3526,F#,A,3,G,"(0, 2, 6, 9)",V7,F#,C,G,440.75,147.0
3527,F#,A,3,G,"(0, 2, 6, 9)",V7,F#,C,G,440.875,147.0
3528,F#,A,4,G,"(0, 2, 6, 9)",V7,F#,C,G,441.0,147.0
3529,F#,A,4,G,"(0, 2, 6, 9)",V7,F#,C,G,441.125,147.0
3530,F#,A,4,G,"(0, 2, 6, 9)",V7,F#,C,G,441.25,147.0
3531,F#,A,4,G,"(0, 2, 6, 9)",V7,F#,C,G,441.375,147.0
3532,D,G,0,G,"(2, 7, 11)",I,G,B,G,441.5,148.0
3533,D,G,1,G,"(2, 7, 11)",I,G,B,G,441.625,148.0
3534,D,G,2,G,"(2, 7, 11)",I,G,B,G,441.75,148.0
3535,D,G,2,G,"(2, 7, 11)",I,G,B,G,441.875,148.0
3536,D,G,3,G,"(2, 7, 11)",I,G,B,G,442.0,148.0
3537,D,G,3,G,"(2, 7, 11)",I,G,B,G,442.125,148.0
3538,D,G,3,G,"(2, 7, 11)",I,G,B,G,442.25,148.0
3539,D,G,3,G,"(2, 7, 11)",I,G,B,G,442.375,148.0
3540,D,G,4,G,"(2, 7, 11)",V,G,B,G,442.5,148.0
3541,D,G,4,G,"(2, 7, 11)",V,G,B,G,442.625,148.0
3542,D,G,4,G,"(2, 7, 11)",V,G,B,G,442.75,148.0
3543,D,G,4,G,"(2, 7, 11)",V,G,B,G,442.875,148.0
3544,D,F#,4,G,"(2, 6, 9)",V,D,F#,G,443.0,148.0
3545,D,F#,4,G,"(2, 6, 9)",V,D,F#,G,443.125,148.0
3546,D,F#,4,G,"(2, 6, 9)",V,D,F#,G,443.25,148.0
3547,D,F#,4,G,"(2, 6, 9)",V,D,F#,G,443.375,148.0
3548,D,D,5,G,"(2, 6, 9)",V,D,F#,G,443.5,148.0
3549,D,D,5,G,"(2, 6, 9)",V,D,F#,G,443.625,148.0
3550,D,D,5,G,"(2, 6, 9)",V,D,F#,G,443.75,148.0
3551,D,D,5,G,"(2, 6, 9)",V,D,F#,G,443.875,148.0
3552,D,D,5,G,"(2, 6, 9)",V,D,F#,G,444.0,148.0
3553,D,D,5,G,"(2, 6, 9)",V,D,F#,G,444.125,148.0
3554,D,D,5,G,"(2, 6, 9)",V,D,F#,G,444.25,148.0
3555,D,D,5,G,"(2, 6, 9)",V,D,F#,G,444.375,148.0
3556,D,G,0,G,"(2, 7, 11)",V7,G,B,G,444.5,149.0
3557,D,G,1,G,"(2, 7, 11)",I,G,B,G,444.625,149.0
3558,D,G,2,G,"(2, 7, 11)",I,G,B,G,444.75,149.0
3559,D,G,2,G,"(2, 7, 11)",I,G,B,G,444.875,149.0
3560,D,G,3,G,"(2, 7, 11)",V7,G,B,G,445.0,149.0
3561,D,G,3,G,"(2, 7, 11)",V7,G,B,G,445.125,149.0
3562,D,G,3,G,"(2, 7, 11)",V7,G,B,G,445.25,149.0
3563,D,G,3,G,"(2, 7, 11)",V7,G,B,G,445.375,149.0
3564,D,G,4,G,"(2, 7, 11)",V7,G,B,G,445.5,149.0
3565,D,G,4,G,"(0, 2, 6, 9)",V7,G,B,G,445.625,149.0
3566,D,G,4,G,"(0, 2, 6, 9)",V7,G,B,G,445.75,149.0
3567,D,G,4,G,"(0, 2, 6, 9)",V7,G,B,G,445.875,149.0
3568,A,D,0,G,"(0, 2, 6, 9)",V7,A,F#,G,446.0,149.0
3569,F#,F#,1,G,"(0, 2, 6, 9)",V7,A,F#,G,446.125,149.0
3570,F#,F#,2,G,"(0, 2, 6, 9)",V7,A,F#,G,446.25,149.0
3571,F#,F#,2,G,"(0, 2, 6, 9)",V7,A,F#,G,446.375,149.0
3572,F#,F#,3,G,"(0, 2, 6, 9)",V7,D,F#,G,446.5,149.0
3573,F#,F#,3,G,"(0, 2, 6, 9)",V7,D,F#,G,446.625,149.0
3574,F#,F#,3,G,"(0, 2, 6, 9)",V7,D,F#,G,446.75,149.0
3575,F#,F#,3,G,"(0, 2, 6, 9)",V7,D,F#,G,446.875,149.0
3576,A,F#,4,G,"(0, 2, 6, 9)",V7,D,F#,G,447.0,149.0
3577,F#,F#,4,G,"(0, 2, 6, 9)",V7,D,F#,G,447.125,149.0
3578,A,F#,4,G,"(0, 2, 6, 9)",V7,D,F#,G,447.25,149.0
3579,A,F#,4,G,"(0, 2, 6, 9)",V7,D,F#,G,447.375,149.0
3580,D,B,0,G,"(2, 7, 11)",I,G,D,G,447.5,150.0
3581,D,B,1,G,"(2, 7, 11)",I,G,D,G,447.625,150.0
3582,D,B,2,G,"(2, 7, 11)",I,G,D,G,447.75,150.0
3583,D,B,2,G,"(2, 7, 11)",I,G,D,G,447.875,150.0
3584,D,B,3,G,"(2, 7, 11)",I,G,D,G,448.0,150.0
3585,D,B,3,G,"(2, 7, 11)",I,G,D,G,448.125,150.0
3586,D,B,3,G,"(2, 7, 11)",I,G,D,G,448.25,150.0
3587,D,B,3,G,"(2, 7, 11)",I,G,D,G,448.375,150.0
3588,D,B,4,G,"(2, 7, 11)",I,G,D,G,448.5,150.0
3589,D,B,4,G,"(2, 7, 11)",I,G,D,G,448.625,150.0
3590,D,B,4,G,"(2, 7, 11)",I,G,D,G,448.75,150.0
3591,D,B,4,G,"(2, 7, 11)",I,G,D,G,448.875,150.0
3592,D,B,4,G,"(2, 6, 9)",V7,D,D,G,449.0,150.0
3593,D,F#,4,G,"(2, 6, 9)",V7,D,D,G,449.125,150.0
3594,D,F#,2,G,"(2, 6, 9)",V7,D,D,G,449.25,150.0
3595,D,F#,2,G,"(2, 6, 9)",V7,D,D,G,449.375,150.0
3596,D,F#,3,G,"(2, 6, 9)",V7,D,D,G,449.5,150.0
3597,D,F#,3,G,"(2, 6, 9)",V7,D,D,G,449.625,150.0
3598,D,F#,3,G,"(2, 6, 9)",V7,D,D,G,449.75,150.0
3599,D,F#,3,G,"(2, 6, 9)",V7,D,D,G,449.875,150.0
3600,D,F#,4,G,"(2, 6, 9)",V7,D,D,G,450.0,150.0
3601,D,F#,4,G,"(2, 6, 9)",V7,D,D,G,450.125,150.0
3602,D,F#,4,G,"(2, 6, 9)",V7,D,D,G,450.25,150.0
3603,D,F#,4,G,"(2, 6, 9)",V7,D,D,G,450.375,150.0
3604,F#,B,0,G,"(2, 7, 11)",V7,G,D,G,450.5,151.0
3605,F#,B,1,G,"(2, 7, 11)",V7,G,D,G,450.625,151.0
3606,F#,B,2,G,"(2, 7, 11)",V7,G,D,G,450.75,151.0
3607,F#,B,2,G,"(2, 7, 11)",V7,G,D,G,450.875,151.0
3608,F#,B,3,G,"(2, 7, 11)",V7,G,D,G,451.0,151.0
3609,F#,B,3,G,"(2, 7, 11)",V7,G,D,G,451.125,151.0
3610,F#,B,3,G,"(2, 7, 11)",V7,G,D,G,451.25,151.0
3611,F#,B,3,G,"(2, 7, 11)",V7,G,D,G,451.375,151.0
3612,F#,B,4,G,"(2, 7, 11)",V7,G,D,G,451.5,151.0
3613,F#,B,4,G,"(0, 2, 6, 9)",V7,G,D,G,451.625,151.0
3614,F#,B,4,G,"(0, 2, 6, 9)",V7,G,D,G,451.75,151.0
3615,F#,B,4,G,"(0, 2, 6, 9)",V7,G,D,G,451.875,151.0
3616,A,D,0,G,"(0, 2, 6, 9)",V7,C,F#,G,452.0,151.0
3617,A,D,1,G,"(0, 2, 6, 9)",V7,C,F#,G,452.125,151.0
3618,A,D,2,G,"(0, 2, 6, 9)",V7,C,F#,G,452.25,151.0
3619,A,D,2,G,"(0, 2, 6, 9)",V7,C,F#,G,452.375,151.0
3620,A,D,3,G,"(0, 2, 6, 9)",V7,C,F#,G,452.5,151.0
3621,A,D,3,G,"(0, 2, 6, 9)",V7,C,F#,G,452.625,151.0
3622,A,D,3,G,"(0, 2, 6, 9)",V7,C,F#,G,452.75,151.0
3623,A,D,3,G,"(0, 2, 6, 9)",V7,C,F#,G,452.875,151.0
3624,A,D,4,G,"(0, 2, 6, 9)",V7,C,F#,G,453.0,151.0
3625,A,D,4,G,"(0, 2, 6, 9)",V7,C,F#,G,453.125,151.0
3626,A,D,4,G,"(0, 2, 6, 9)",V7,C,F#,G,453.25,151.0
3627,A,D,4,G,"(0, 2, 6, 9)",V7,C,F#,G,453.375,151.0
3628,D,G,0,G,"(2, 7, 11)",I,G,B,G,453.5,152.0
3629,D,G,1,G,"(2, 7, 11)",I,G,B,G,453.625,152.0
3630,D,G,2,G,"(2, 7, 11)",I,G,B,G,453.75,152.0
3631,D,G,2,G,"(2, 7, 11)",I,G,B,G,453.875,152.0
3632,D,G,3,G,"(2, 7, 11)",I,G,B,G,454.0,152.0
3633,D,G,3,G,"(2, 7, 11)",I,G,B,G,454.125,152.0
3634,D,G,3,G,"(2, 7, 11)",I,G,B,G,454.25,152.0
3635,D,G,3,G,"(2, 7, 11)",I,G,B,G,454.375,152.0
3636,D,G,4,G,"(2, 7, 11)",V7,G,B,G,454.5,152.0
3637,D,G,4,G,"(2, 7, 11)",V7,G,B,G,454.625,152.0
3638,D,G,4,G,"(2, 7, 11)",V7,G,B,G,454.75,152.0
3639,D,G,4,G,"(2, 7, 11)",V7,G,B,G,454.875,152.0
3640,D,G,4,G,"(2, 6, 9)",V7,D,A,G,455.0,152.0
3641,D,F#,4,G,"(2, 6, 9)",V7,D,A,G,455.125,152.0
3642,D,F#,4,G,"(2, 6, 9)",V7,D,A,G,455.25,152.0
3643,D,F#,2,G,"(2, 6, 9)",V7,D,A,G,455.375,152.0
3644,D,F#,5,G,"(2, 6, 9)",V7,D,A,G,455.5,152.0
3645,D,F#,5,G,"(2, 6, 9)",V7,D,A,G,455.625,152.0
3646,D,F#,5,G,"(2, 6, 9)",V7,D,A,G,455.75,152.0
3647,D,F#,3,G,"(2, 6, 9)",V7,D,A,G,455.875,152.0
3648,D,F#,4,G,"(2, 6, 9)",V7,D,A,G,456.0,152.0
3649,D,F#,4,G,"(2, 6, 9)",V7,D,A,G,456.125,152.0
3650,D,F#,4,G,"(2, 6, 9)",V7,D,A,G,456.25,152.0
3651,D,F#,4,G,"(2, 6, 9)",V7,D,A,G,456.375,152.0
3652,D,G,0,G,"(2, 7, 11)",V7,G,B,G,456.5,153.0
3653,D,G,1,G,"(2, 7, 11)",V7,G,B,G,456.625,153.0
3654,D,G,2,G,"(2, 7, 11)",V7,G,B,G,456.75,153.0
3655,D,G,2,G,"(2, 7, 11)",V7,G,B,G,456.875,153.0
3656,D,G,3,G,"(2, 7, 11)",V7,G,B,G,457.0,153.0
3657,D,G,3,G,"(2, 7, 11)",V7,G,B,G,457.125,153.0
3658,D,G,3,G,"(2, 7, 11)",V7,G,B,G,457.25,153.0
3659,D,G,3,G,"(2, 7, 11)",V7,G,B,G,457.375,153.0
3660,D,G,4,G,"(2, 7, 11)",V7,G,B,G,457.5,153.0
3661,D,G,4,G,"(2, 7, 11)",V7,G,B,G,457.625,153.0
3662,D,G,4,G,"(2, 7, 11)",V7,G,B,G,457.75,153.0
3663,D,G,4,G,"(2, 7, 11)",V7,G,B,G,457.875,153.0
3664,D,G,4,G,"(0, 2, 6, 9)",V7,G,B,G,458.0,153.0
3665,D,G,4,G,"(0, 2, 6, 9)",V7,G,B,G,458.125,153.0
3666,D,G,4,G,"(0, 2, 6, 9)",V7,G,B,G,458.25,153.0
3667,D,G,4,G,"(0, 2, 6, 9)",V7,G,B,G,458.375,153.0
3668,D,G,5,G,"(0, 2, 6, 9)",V7,G,A,G,458.5,153.0
3669,D,G,5,G,"(0, 2, 6, 9)",V7,G,B,G,458.625,153.0
3670,D,G,5,G,"(0, 2, 6, 9)",V7,G,B,G,458.75,153.0
3671,D,G,5,G,"(0, 2, 6, 9)",V7,G,B,G,458.875,153.0
3672,D,G,5,G,"(0, 2, 6, 9)",V7,G,B,G,459.0,153.0
3673,D,G,5,G,"(0, 2, 6, 9)",V7,G,B,G,459.125,153.0
3674,D,G,5,G,"(0, 2, 6, 9)",V7,G,B,G,459.25,153.0
3675,D,G,5,G,"(0, 2, 6, 9)",V7,G,B,G,459.375,153.0
3676,D,B,0,G,"(2, 5, 8, 11)",viio7,G#,D,a,459.5,154.0
3677,D,B,1,G,"(2, 5, 8, 11)",viio7,G#,D,a,459.625,154.0
3678,D,B,2,G,"(2, 5, 8, 11)",viio7,G#,D,a,459.75,154.0
3679,D,B,2,G,"(2, 5, 8, 11)",viio7,G#,D,a,459.875,154.0
3680,D,B,3,G,"(2, 5, 8, 11)",viio7,G#,D,a,460.0,154.0
3681,D,B,3,G,"(2, 5, 8, 11)",viio7,G#,D,a,460.125,154.0
3682,D,B,3,G,"(2, 5, 8, 11)",viio7,G#,D,a,460.25,154.0
3683,D,B,3,G,"(2, 5, 8, 11)",viio7,G#,D,a,460.375,154.0
3684,D,B,4,G,"(2, 5, 8, 11)",viio7,B,D,a,460.5,154.0
3685,D,B,4,G,"(2, 5, 8, 11)",viio7,B,D,a,460.625,154.0
3686,D,B,4,G,"(2, 5, 8, 11)",viio7,B,D,a,460.75,154.0
3687,D,B,4,G,"(2, 5, 8, 11)",viio7,B,D,a,460.875,154.0
3688,D,B,4,G,"(2, 5, 8, 11)",viio7,B,D,a,461.0,154.0
3689,D,B,4,G,"(2, 5, 8, 11)",viio7,B,D,a,461.125,154.0
3690,D,B,4,G,"(2, 5, 8, 11)",viio7,B,D,a,461.25,154.0
3691,D,B,4,G,"(2, 5, 8, 11)",viio7,B,D,a,461.375,154.0
3692,D,B,5,G,"(2, 5, 8, 11)",viio7,B,D,a,461.5,154.0
3693,D,B,5,G,"(2, 5, 8, 11)",viio7,B,D,a,461.625,154.0
3694,D,B,5,G,"(2, 5, 8, 11)",viio7,B,D,a,461.75,154.0
3695,D,B,5,G,"(2, 5, 8, 11)",viio7,B,D,a,461.875,154.0
3696,D,B,5,G,"(2, 5, 8, 11)",viio7,B,D,a,462.0,154.0
3697,D,B,5,G,"(2, 5, 8, 11)",viio7,B,D,a,462.125,154.0
3698,D,B,5,G,"(2, 5, 8, 11)",viio7,B,D,a,462.25,154.0
3699,D,B,5,G,"(2, 5, 8, 11)",viio7,B,D,a,462.375,154.0
3700,D,G#,0,G,"(2, 4, 8, 11)",viio7,G#,B,a,462.5,155.0
3701,D,G#,1,G,"(2, 4, 8, 11)",viio7,G#,B,a,462.625,155.0
3702,D,G#,2,G,"(2, 4, 8, 11)",viio7,G#,B,a,462.75,155.0
3703,D,G#,2,G,"(2, 4, 8, 11)",viio7,G#,B,a,462.875,155.0
3704,D,G#,3,G,"(2, 4, 8, 11)",viio7,G#,B,a,463.0,155.0
3705,D,G#,3,G,"(2, 4, 8, 11)",viio7,G#,B,a,463.125,155.0
3706,D,G#,3,G,"(2, 4, 8, 11)",viio7,G#,B,a,463.25,155.0
3707,D,G#,3,G,"(2, 4, 8, 11)",viio7,G#,B,a,463.375,155.0
3708,D,G#,4,G,"(2, 4, 8, 11)",viio7,G#,B,a,463.5,155.0
3709,D,G#,4,G,"(2, 4, 8, 11)",viio7,G#,B,a,463.625,155.0
3710,D,G#,4,G,"(2, 4, 8, 11)",viio7,G#,B,a,463.75,155.0
3711,D,G#,4,G,"(2, 4, 8, 11)",viio7,G#,B,a,463.875,155.0
3712,D,D,4,G,"(2, 4, 8, 11)",viio7,B,B,a,464.0,155.0
3713,D,D,4,G,"(2, 4, 8, 11)",V7,B,B,a,464.125,155.0
3714,D,D,4,G,"(2, 4, 8, 11)",V7,B,B,a,464.25,155.0
3715,D,D,4,G,"(2, 4, 8, 11)",V7,B,B,a,464.375,155.0
3716,G#,D,5,G,"(2, 4, 8, 11)",viio7,B,B,a,464.5,155.0
3717,G#,D,5,G,"(2, 4, 8, 11)",V7,B,B,a,464.625,155.0
3718,G#,D,5,G,"(2, 4, 8, 11)",V7,B,B,a,464.75,155.0
3719,G#,D,5,G,"(2, 4, 8, 11)",V7,B,B,a,464.875,155.0
3720,G#,D,5,G,"(2, 4, 8, 11)",V7,B,B,a,465.0,155.0
3721,G#,D,5,G,"(2, 4, 8, 11)",V7,B,B,a,465.125,155.0
3722,G#,D,5,G,"(2, 4, 8, 11)",V7,B,B,a,465.25,155.0
3723,G#,D,5,G,"(2, 4, 8, 11)",V7,B,B,a,465.375,155.0
3724,A,C,0,G,"(0, 4, 9)",ii,A,E,G,465.5,156.0
3725,A,C,1,G,"(0, 4, 9)",ii,A,E,G,465.625,156.0
3726,A,C,2,G,"(0, 4, 9)",ii,A,E,G,465.75,156.0
3727,A,C,2,G,"(0, 4, 9)",ii,A,E,G,465.875,156.0
3728,A,C,3,G,"(0, 4, 9)",ii,A,E,G,466.0,156.0
3729,A,C,3,G,"(0, 4, 9)",ii,A,E,G,466.125,156.0
3730,A,C,3,G,"(0, 4, 9)",ii,A,E,G,466.25,156.0
3731,A,C,3,G,"(0, 4, 9)",ii,A,E,G,466.375,156.0
3732,G,C,4,G,"(0, 4, 9)",ii,A,E,G,466.5,156.0
3733,G,C,4,G,"(0, 4, 9)",ii,A,E,G,466.625,156.0
3734,G,C,4,G,"(0, 4, 9)",ii,A,E,G,466.75,156.0
3735,G,C,4,G,"(0, 4, 9)",ii,A,E,G,466.875,156.0
3736,G,C#,0,G,"(1, 4, 7, 10)",viio7,A,E,G,467.0,156.0
3737,G,C#,1,G,"(1, 4, 7, 10)",viio7,A#,E,G,467.125,156.0
3738,G,C#,2,G,"(1, 4, 7, 10)",viio7,A#,E,G,467.25,156.0
3739,G,C#,2,G,"(1, 4, 7, 10)",viio7,A#,E,G,467.375,156.0
3740,G,C#,3,G,"(1, 4, 7, 10)",viio7,B-,E,G,467.5,156.0
3741,G,C#,3,G,"(1, 4, 7, 10)",viio7,B-,E,G,467.625,156.0
3742,G,C#,3,G,"(1, 4, 7, 10)",viio7,B-,E,G,467.75,156.0
3743,G,C#,3,G,"(1, 4, 7, 10)",viio7,B-,E,G,467.875,156.0
3744,G,C#,4,G,"(1, 4, 7, 10)",viio7,B-,E,G,468.0,156.0
3745,G,C#,4,G,"(1, 4, 7, 10)",viio7,B-,E,G,468.125,156.0
3746,G,C#,4,G,"(1, 4, 7, 10)",viio7,B-,E,G,468.25,156.0
3747,G,C#,4,G,"(1, 4, 7, 10)",viio7,B-,E,G,468.375,156.0
3748,A,D,0,G,"(0, 2, 6, 9)",V7,C,F#,G,468.5,157.0
3749,A,D,1,G,"(0, 2, 6, 9)",V7,C,F#,G,468.625,157.0
3750,A,D,2,G,"(0, 2, 6, 9)",V7,C,F#,G,468.75,157.0
3751,A,D,2,G,"(0, 2, 6, 9)",V7,C,F#,G,468.875,157.0
3752,A,D,3,G,"(0, 2, 6, 9)",V7,C,F#,G,469.0,157.0
3753,A,D,3,G,"(0, 2, 6, 9)",V7,C,F#,G,469.125,157.0
3754,A,D,3,G,"(0, 2, 6, 9)",V7,C,F#,G,469.25,157.0
3755,A,D,3,G,"(0, 2, 6, 9)",V7,C,F#,G,469.375,157.0
3756,A,D,4,G,"(0, 2, 6, 9)",V7,C,F#,G,469.5,157.0
3757,A,D,4,G,"(0, 2, 6, 9)",V7,C,F#,G,469.625,157.0
3758,A,D,4,G,"(0, 2, 6, 9)",V7,C,F#,G,469.75,157.0
3759,A,D,4,G,"(0, 2, 6, 9)",V7,C,F#,G,469.875,157.0
3760,A,D,4,G,"(0, 2, 6, 9)",V7,C,F#,G,470.0,157.0
3761,A,D,4,G,"(0, 2, 6, 9)",V7,C,F#,G,470.125,157.0
3762,A,D,4,G,"(0, 2, 6, 9)",V7,C,F#,G,470.25,157.0
3763,A,D,4,G,"(0, 2, 6, 9)",V7,C,F#,G,470.375,157.0
3764,A,D,5,G,"(0, 2, 6, 9)",V7,C,F#,G,470.5,157.0
3765,A,D,5,G,"(0, 2, 6, 9)",V7,C,F#,G,470.625,157.0
3766,A,D,5,G,"(0, 2, 6, 9)",V7,C,F#,G,470.75,157.0
3767,A,D,5,G,"(0, 2, 6, 9)",V7,C,F#,G,470.875,157.0
3768,A,D,5,G,"(0, 2, 6, 9)",V7,C,F#,G,471.0,157.0
3769,A,D,5,G,"(0, 2, 6, 9)",V7,C,F#,G,471.125,157.0
3770,A,D,5,G,"(0, 2, 6, 9)",V7,C,F#,G,471.25,157.0
3771,A,D,5,G,"(0, 2, 6, 9)",V7,C,F#,G,471.375,157.0
3772,D,G,0,G,"(2, 7, 11)",I,G,B,G,471.5,158.0
3773,D,G,1,G,"(2, 7, 11)",I,G,B,G,471.625,158.0
3774,D,G,2,G,"(2, 7, 11)",I,G,B,G,471.75,158.0
3775,D,G,2,G,"(2, 7, 11)",I,G,B,G,471.875,158.0
3776,D,G,3,G,"(2, 7, 11)",I,G,B,G,472.0,158.0
3777,D,G,3,G,"(2, 7, 11)",I,G,B,G,472.125,158.0
3778,D,G,3,G,"(2, 7, 11)",I,G,B,G,472.25,158.0
3779,D,G,3,G,"(2, 7, 11)",I,G,B,G,472.375,158.0
3780,D,G,4,G,"(2, 7, 11)",I,G,B,G,472.5,158.0
3781,D,G,4,G,"(2, 7, 11)",I,G,B,G,472.625,158.0
3782,D,G,4,G,"(2, 7, 11)",I,G,B,G,472.75,158.0
3783,D,G,4,G,"(2, 7, 11)",I,G,B,G,472.875,158.0
3784,D,G,4,G,"(2, 7, 11)",I,G,B,G,473.0,158.0
3785,D,G,4,G,"(2, 7, 11)",I,G,B,G,473.125,158.0
3786,D,G,4,G,"(2, 7, 11)",I,G,B,G,473.25,158.0
3787,D,G,4,G,"(2, 7, 11)",I,G,B,G,473.375,158.0
3788,D,G,5,G,"(2, 7, 11)",I,G,B,G,473.5,158.0
3789,D,G,5,G,"(2, 7, 11)",I,G,B,G,473.625,158.0
3790,D,G,5,G,"(2, 7, 11)",I,G,B,G,473.75,158.0
3791,D,G,5,G,"(2, 7, 11)",I,G,B,G,473.875,158.0
3792,D,G,5,G,"(2, 7, 11)",I,G,B,G,474.0,158.0
3793,D,G,5,G,"(2, 7, 11)",I,G,B,G,474.125,158.0
3794,D,G,5,G,"(2, 7, 11)",I,G,B,G,474.25,158.0
3795,D,G,5,G,"(2, 7, 11)",I,G,B,G,474.375,158.0
3796,D,B,0,G,"(2, 4, 8, 11)",V7,G#,B,a,474.5,159.0
3797,D,B,1,G,"(2, 4, 8, 11)",V7,G#,B,a,474.625,159.0
3798,D,B,2,G,"(2, 4, 8, 11)",V7,G#,B,a,474.75,159.0
3799,D,B,2,G,"(2, 4, 8, 11)",V7,G#,B,a,474.875,159.0
3800,D,B,3,G,"(2, 4, 8, 11)",V7,G#,B,a,475.0,159.0
3801,D,B,3,G,"(2, 4, 8, 11)",V7,G#,B,a,475.125,159.0
3802,D,B,3,G,"(2, 4, 8, 11)",V7,G#,B,a,475.25,159.0
3803,D,B,3,G,"(2, 4, 8, 11)",V7,G#,B,a,475.375,159.0
3804,D,B,4,G,"(2, 4, 8, 11)",V7,G#,B,a,475.5,159.0
3805,D,B,4,G,"(2, 4, 8, 11)",V7,G#,B,a,475.625,159.0
3806,D,B,4,G,"(2, 4, 8, 11)",V7,G#,B,a,475.75,159.0
3807,D,B,4,G,"(2, 4, 8, 11)",V7,G#,B,a,475.875,159.0
3808,D,G#,4,G,"(2, 4, 8, 11)",V7,G#,B,a,476.0,159.0
3809,D,G#,4,G,"(2, 4, 8, 11)",V7,G#,B,a,476.125,159.0
3810,D,G#,4,G,"(2, 4, 8, 11)",V7,G#,B,a,476.25,159.0
3811,D,G#,4,G,"(2, 4, 8, 11)",V7,G#,B,a,476.375,159.0
3812,D,G#,5,G,"(2, 4, 8, 11)",V7,G#,B,a,476.5,159.0
3813,D,G#,5,G,"(2, 4, 8, 11)",V7,G#,B,a,476.625,159.0
3814,D,G#,5,G,"(2, 4, 8, 11)",V7,G#,B,a,476.75,159.0
3815,D,G#,5,G,"(2, 4, 8, 11)",V7,G#,B,a,476.875,159.0
3816,D,G#,5,G,"(2, 4, 8, 11)",V7,G#,B,a,477.0,159.0
3817,D,G#,5,G,"(2, 4, 8, 11)",V7,G#,B,a,477.125,159.0
3818,D,G#,5,G,"(2, 4, 8, 11)",V7,G#,B,a,477.25,159.0
3819,D,G#,5,G,"(2, 4, 8, 11)",V7,G#,B,a,477.375,159.0
3820,A,C,0,G,"(0, 4, 9)",ii,A,E,G,477.5,160.0
3821,A,C,1,G,"(0, 4, 9)",ii,A,E,G,477.625,160.0
3822,A,C,2,G,"(0, 4, 9)",ii,A,E,G,477.75,160.0
3823,A,C,2,G,"(0, 4, 9)",ii,A,E,G,477.875,160.0
3824,A,C,3,G,"(0, 4, 9)",ii,A,E,G,478.0,160.0
3825,A,C,3,G,"(0, 4, 9)",ii,A,E,G,478.125,160.0
3826,A,C,3,G,"(0, 4, 9)",ii,A,E,G,478.25,160.0
3827,A,C,3,G,"(0, 4, 9)",ii,A,E,G,478.375,160.0
3828,G,C,4,G,"(0, 4, 9)",ii,A,E,G,478.5,160.0
3829,G,C,4,G,"(0, 4, 9)",ii,A,E,G,478.625,160.0
3830,G,C,4,G,"(0, 4, 9)",ii,A,E,G,478.75,160.0
3831,G,C,4,G,"(0, 4, 9)",ii,A,E,G,478.875,160.0
3832,G,C,0,G,"(1, 4, 7, 10)",viio7,B-,E,G,479.0,160.0
3833,G,C,4,G,"(1, 4, 7, 10)",viio7,B-,E,d,479.125,160.0
3834,G,C,2,G,"(1, 4, 7, 10)",viio7,B-,E,g,479.25,160.0
3835,G,C,4,G,"(1, 4, 7, 10)",viio7,B-,E,g,479.375,160.0
3836,G,C,3,G,"(1, 4, 7, 10)",viio7,B-,E,g,479.5,160.0
3837,G,C,3,G,"(1, 4, 7, 10)",viio7,B-,E,g,479.625,160.0
3838,G,C,3,G,"(1, 4, 7, 10)",viio7,B-,E,g,479.75,160.0
3839,G,C,3,G,"(1, 4, 7, 10)",viio7,B-,E,d,479.875,160.0
3840,G,G,3,G,"(1, 4, 7, 10)",V7,G,G,G,480.0,160.0
3841,G,G,3,G,"(2, 7, 11)",V7,G,G,G,480.125,160.0
3842,G,G,4,G,"(2, 7, 11)",V7,G,G,G,480.25,160.0
3843,G,G,4,G,"(2, 7, 11)",V7,G,G,G,480.375,160.0
3844,B,D,0,G,"(2, 7, 11)",V7,G,G,G,480.5,161.0
3845,B,D,1,G,"(2, 7, 11)",I,G,G,G,480.625,161.0
3846,B,D,2,G,"(2, 7, 11)",I,G,G,G,480.75,161.0
3847,B,D,2,G,"(2, 7, 11)",I,G,G,G,480.875,161.0
3848,B,D,3,G,"(2, 7, 11)",I,G,G,G,481.0,161.0
3849,B,D,3,G,"(2, 7, 11)",I,G,G,G,481.125,161.0
3850,B,D,3,G,"(2, 7, 11)",I,G,G,G,481.25,161.0
3851,B,D,3,G,"(2, 7, 11)",I,G,G,G,481.375,161.0
3852,B,D,4,G,"(2, 7, 11)",V7,G,G,G,481.5,161.0
3853,B,D,4,G,"(2, 7, 11)",I,G,G,G,481.625,161.0
3854,B,D,4,G,"(2, 7, 11)",I,G,G,G,481.75,161.0
3855,B,D,4,G,"(2, 7, 11)",I,G,G,G,481.875,161.0
3856,A,D,0,G,"(0, 2, 6, 9)",V7,C,F#,G,482.0,161.0
3857,A,D,1,G,"(0, 2, 6, 9)",V7,C,F#,G,482.125,161.0
3858,A,D,2,G,"(0, 2, 6, 9)",V7,C,F#,G,482.25,161.0
3859,A,D,2,G,"(0, 2, 6, 9)",V7,C,F#,G,482.375,161.0
3860,A,D,3,G,"(0, 2, 6, 9)",V7,C,F#,G,482.5,161.0
3861,A,D,3,G,"(0, 2, 6, 9)",V7,C,F#,G,482.625,161.0
3862,A,D,3,G,"(0, 2, 6, 9)",V7,C,F#,G,482.75,161.0
3863,A,D,3,G,"(0, 2, 6, 9)",V7,C,F#,G,482.875,161.0
3864,A,D,4,G,"(0, 2, 6, 9)",V7,C,F#,G,483.0,161.0
3865,A,D,4,G,"(0, 2, 6, 9)",V7,C,F#,G,483.125,161.0
3866,A,D,4,G,"(0, 2, 6, 9)",V7,C,F#,G,483.25,161.0
3867,A,D,4,G,"(0, 2, 6, 9)",V7,C,F#,G,483.375,161.0
3868,D,G,0,G,"(2, 7, 11)",I,G,B,G,483.5,162.0
3869,D,G,1,G,"(2, 7, 11)",I,G,B,G,483.625,162.0
3870,D,G,2,G,"(2, 7, 11)",I,G,B,G,483.75,162.0
3871,D,G,2,G,"(2, 7, 11)",I,G,B,G,483.875,162.0
3872,D,G,3,G,"(2, 7, 11)",I,G,B,G,484.0,162.0
3873,D,G,3,G,"(2, 7, 11)",I,G,B,G,484.125,162.0
3874,D,G,3,G,"(2, 7, 11)",I,G,B,G,484.25,162.0
3875,D,G,3,G,"(2, 7, 11)",I,G,B,G,484.375,162.0
3876,D,G,4,G,"(2, 7, 11)",I,G,B,G,484.5,162.0
3877,D,G,4,G,"(2, 7, 11)",I,G,B,G,484.625,162.0
3878,D,G,4,G,"(2, 7, 11)",I,G,B,G,484.75,162.0
3879,D,G,4,G,"(2, 7, 11)",I,G,B,G,484.875,162.0
3880,D,G,4,G,"(2, 7, 11)",I,G,B,C,485.0,162.0
3881,D,G,4,G,"(2, 7, 11)",I,G,B,C,485.125,162.0
3882,D,G,4,G,"(2, 7, 11)",I,G,B,C,485.25,162.0
3883,D,G,4,G,"(2, 7, 11)",I,G,B,C,485.375,162.0
3884,D,G,5,G,"(2, 5, 7, 11)",V7,F,B,C,485.5,162.0
3885,D,G,5,G,"(2, 5, 7, 11)",V7,F,B,C,485.625,162.0
3886,D,G,5,G,"(2, 5, 7, 11)",V7,F,B,C,485.75,162.0
3887,D,G,5,G,"(2, 5, 7, 11)",V7,F,B,C,485.875,162.0
3888,D,G,5,C,"(2, 5, 7, 11)",V7,F,B,C,486.0,162.0
3889,D,G,5,C,"(2, 5, 7, 11)",V7,F,B,C,486.125,162.0
3890,D,G,5,C,"(2, 5, 7, 11)",V7,F,B,C,486.25,162.0
3891,D,G,5,C,"(2, 5, 7, 11)",V7,F,B,C,486.375,162.0
3892,C,G,0,G,"(0, 4, 7)",IV,C,C,C,486.5,163.0
3893,C,G,1,G,"(0, 4, 7)",IV,C,C,C,486.625,163.0
3894,C,G,2,G,"(0, 4, 7)",IV,C,C,C,486.75,163.0
3895,C,G,2,G,"(0, 4, 7)",IV,C,C,C,486.875,163.0
3896,C,G,3,G,"(0, 4, 7)",IV,C,C,C,487.0,163.0
3897,C,G,3,G,"(0, 4, 7)",IV,C,C,C,487.125,163.0
3898,C,G,3,G,"(0, 4, 7)",IV,C,C,C,487.25,163.0
3899,C,G,3,G,"(0, 4, 7)",IV,C,C,C,487.375,163.0
3900,C,G,4,G,"(0, 4, 7)",I,C,C,C,487.5,163.0
3901,C,G,4,G,"(0, 4, 7)",I,C,C,C,487.625,163.0
3902,C,G,4,G,"(0, 4, 7)",I,C,C,C,487.75,163.0
3903,C,G,4,G,"(0, 4, 7)",I,C,C,C,487.875,163.0
3904,D,G,0,G,"(2, 5, 7, 11)",V7,F,B,C,488.0,163.0
3905,D,G,1,C,"(2, 5, 7, 11)",V7,F,B,C,488.125,163.0
3906,D,G,2,C,"(2, 5, 7, 11)",V7,F,B,C,488.25,163.0
3907,D,G,2,C,"(2, 5, 7, 11)",V7,F,B,C,488.375,163.0
3908,D,G,3,C,"(2, 5, 7, 11)",V7,F,B,C,488.5,163.0
3909,D,G,3,C,"(2, 5, 7, 11)",V7,F,B,C,488.625,163.0
3910,D,G,3,C,"(2, 5, 7, 11)",V7,F,B,C,488.75,163.0
3911,D,G,3,C,"(2, 5, 7, 11)",V7,F,B,C,488.875,163.0
3912,D,G,4,C,"(2, 5, 7, 11)",V7,F,B,C,489.0,163.0
3913,D,G,4,C,"(2, 5, 7, 11)",V7,F,B,C,489.125,163.0
3914,D,G,4,C,"(2, 5, 7, 11)",V7,F,B,C,489.25,163.0
3915,D,G,4,C,"(2, 5, 7, 11)",V7,F,B,C,489.375,163.0
3916,C,G,0,G,"(0, 4, 7)",IV,C,C,G,489.5,164.0
3917,C,G,1,G,"(0, 4, 7)",IV,C,C,G,489.625,164.0
3918,C,G,2,G,"(0, 4, 7)",IV,C,C,G,489.75,164.0
3919,C,G,2,G,"(0, 4, 7)",IV,C,C,G,489.875,164.0
3920,C,G,3,G,"(0, 4, 7)",IV,C,C,G,490.0,164.0
3921,C,G,3,G,"(0, 4, 7)",IV,C,C,G,490.125,164.0
3922,C,G,3,G,"(0, 4, 7)",IV,C,C,G,490.25,164.0
3923,C,G,3,G,"(0, 4, 7)",IV,C,C,G,490.375,164.0
3924,C,G,4,G,"(0, 4, 7)",IV,C,A,G,490.5,164.0
3925,C,G,4,G,"(0, 4, 7)",IV,C,A,G,490.625,164.0
3926,C,G,4,G,"(0, 4, 7)",IV,C,A,G,490.75,164.0
3927,C,G,4,G,"(0, 4, 7)",IV,C,A,G,490.875,164.0
3928,C,G,4,G,"(0, 4, 7)",IV,C,A,G,491.0,164.0
3929,C,G,4,G,"(0, 2, 6, 9)",IV,C,A,G,491.125,164.0
3930,C,G,4,G,"(0, 2, 6, 9)",IV,C,A,G,491.25,164.0
3931,C,G,4,G,"(0, 2, 6, 9)",IV,C,A,G,491.375,164.0
3932,C,F#,0,G,"(0, 2, 6, 9)",V7,D,A,G,491.5,164.0
3933,C,F#,5,G,"(0, 2, 6, 9)",V7,D,A,G,491.625,164.0
3934,C,F#,5,G,"(0, 2, 6, 9)",V7,D,A,G,491.75,164.0
3935,C,F#,2,G,"(0, 2, 6, 9)",V7,D,A,G,491.875,164.0
3936,D,F#,3,G,"(0, 2, 6, 9)",V7,D,A,G,492.0,164.0
3937,D,F#,3,G,"(0, 2, 6, 9)",V,D,A,G,492.125,164.0
3938,D,F#,3,G,"(0, 2, 6, 9)",V,D,A,G,492.25,164.0
3939,D,F#,3,G,"(0, 2, 6, 9)",V,D,A,G,492.375,164.0
3940,D,G,0,G,"(2, 7, 11)",I,G,B,G,492.5,165.0
3941,D,G,1,G,"(2, 7, 11)",I,G,B,G,492.625,165.0
3942,D,G,2,G,"(2, 7, 11)",I,G,B,G,492.75,165.0
3943,D,G,2,G,"(2, 7, 11)",I,G,B,G,492.875,165.0
3944,D,G,3,G,"(2, 7, 11)",I,G,B,G,493.0,165.0
3945,D,G,3,G,"(2, 7, 11)",I,G,B,G,493.125,165.0
3946,D,G,3,G,"(2, 7, 11)",I,G,B,G,493.25,165.0
3947,D,G,3,G,"(2, 7, 11)",I,G,B,G,493.375,165.0
3948,D,G,4,G,"(2, 7, 11)",I,G,B,G,493.5,165.0
3949,D,G,4,G,"(2, 7, 11)",I,G,B,G,493.625,165.0
3950,D,G,4,G,"(2, 7, 11)",I,G,B,G,493.75,165.0
3951,D,G,4,G,"(2, 7, 11)",I,G,B,G,493.875,165.0
3952,D,F#,0,G,"(0, 2, 6, 9)",V7,D,A,G,494.0,165.0
3953,C,F#,4,G,"(0, 2, 6, 9)",V7,D,A,G,494.125,165.0
3954,C,F#,2,G,"(0, 2, 6, 9)",V7,D,A,G,494.25,165.0
3955,C,F#,2,G,"(0, 2, 6, 9)",V7,D,A,G,494.375,165.0
3956,C,F#,3,G,"(0, 2, 6, 9)",V7,D,A,G,494.5,165.0
3957,C,F#,3,G,"(0, 2, 6, 9)",V7,D,A,G,494.625,165.0
3958,C,F#,3,G,"(0, 2, 6, 9)",V7,D,A,G,494.75,165.0
3959,C,F#,3,G,"(0, 2, 6, 9)",V7,D,A,G,494.875,165.0
3960,C,F#,4,G,"(0, 2, 6, 9)",V7,D,A,G,495.0,165.0
3961,C,F#,4,G,"(0, 2, 6, 9)",V7,D,A,G,495.125,165.0
3962,C,F#,4,G,"(0, 2, 6, 9)",V7,D,A,G,495.25,165.0
3963,C,F#,4,G,"(0, 2, 6, 9)",V7,D,A,G,495.375,165.0
3964,D,G,0,G,"(2, 7, 11)",I,G,B,G,495.5,166.0
3965,D,G,1,G,"(2, 7, 11)",I,G,B,G,495.625,166.0
3966,D,G,2,G,"(2, 7, 11)",I,G,B,G,495.75,166.0
3967,D,G,2,G,"(2, 7, 11)",I,G,B,G,495.875,166.0
3968,D,G,3,G,"(2, 7, 11)",I,G,B,G,496.0,166.0
3969,D,G,3,G,"(2, 7, 11)",I,G,B,G,496.125,166.0
3970,D,G,3,G,"(2, 7, 11)",I,G,B,G,496.25,166.0
3971,D,G,3,G,"(2, 7, 11)",I,G,B,G,496.375,166.0
3972,D,G,4,G,"(2, 7, 11)",I,G,B,G,496.5,166.0
3973,D,G,4,G,"(2, 7, 11)",I,G,B,G,496.625,166.0
3974,D,G,4,G,"(2, 7, 11)",I,G,B,G,496.75,166.0
3975,D,G,4,G,"(2, 7, 11)",I,G,B,G,496.875,166.0
3976,D,G,4,G,"(2, 7, 11)",I,G,B,G,497.0,166.0
3977,D,G,4,G,"(2, 7, 11)",I,G,B,G,497.125,166.0
3978,D,G,4,G,"(2, 7, 11)",I,G,B,G,497.25,166.0
3979,D,G,4,G,"(2, 7, 11)",I,G,B,G,497.375,166.0
3980,B,F,0,C,"(2, 5, 7, 11)",V7,F,B,C,497.5,166.0
3981,B,F,1,C,"(2, 5, 7, 11)",V7,F,B,C,497.625,166.0
3982,B,F,2,C,"(2, 5, 7, 11)",V7,F,B,C,497.75,166.0
3983,B,F,2,C,"(2, 5, 7, 11)",V7,F,B,C,497.875,166.0
3984,B,F,3,C,"(2, 5, 7, 11)",V7,F,B,C,498.0,166.0
3985,B,F,3,C,"(2, 5, 7, 11)",V7,F,B,C,498.125,166.0
3986,B,F,3,C,"(2, 5, 7, 11)",V7,F,B,C,498.25,166.0
3987,B,F,3,C,"(2, 5, 7, 11)",V7,F,B,C,498.375,166.0
3988,C,G,0,C,"(0, 4, 7)",IV,C,C,C,498.5,167.0
3989,C,G,1,C,"(0, 4, 7)",IV,C,C,C,498.625,167.0
3990,C,G,2,C,"(0, 4, 7)",IV,C,C,C,498.75,167.0
3991,C,G,2,C,"(0, 4, 7)",IV,C,C,C,498.875,167.0
3992,C,G,3,C,"(0, 4, 7)",IV,C,C,C,499.0,167.0
3993,C,G,3,C,"(0, 4, 7)",IV,C,C,C,499.125,167.0
3994,C,G,3,C,"(0, 4, 7)",IV,C,C,C,499.25,167.0
3995,C,G,3,C,"(0, 4, 7)",IV,C,C,C,499.375,167.0
3996,C,G,4,C,"(0, 4, 7)",IV,C,C,C,499.5,167.0
3997,C,G,4,C,"(0, 4, 7)",IV,C,C,C,499.625,167.0
3998,C,G,4,C,"(0, 4, 7)",IV,C,C,C,499.75,167.0
3999,C,G,4,C,"(0, 4, 7)",IV,C,C,C,499.875,167.0
4000,D,G,0,G,"(2, 5, 7, 11)",V7,F,B,C,500.0,167.0
4001,D,G,1,G,"(2, 5, 7, 11)",V7,G,B,C,500.125,167.0
4002,D,G,2,G,"(2, 5, 7, 11)",V7,G,B,C,500.25,167.0
4003,D,G,2,G,"(2, 5, 7, 11)",V7,G,B,C,500.375,167.0
4004,D,F,3,C,"(2, 5, 7, 11)",V7,F,B,C,500.5,167.0
4005,D,F,3,C,"(2, 5, 7, 11)",V7,F,B,C,500.625,167.0
4006,D,F,3,C,"(2, 5, 7, 11)",V7,F,B,C,500.75,167.0
4007,D,F,3,C,"(2, 5, 7, 11)",V7,F,B,C,500.875,167.0
4008,B,F,4,C,"(2, 5, 7, 11)",V7,F,B,C,501.0,167.0
4009,B,F,4,C,"(2, 5, 7, 11)",V7,F,B,C,501.125,167.0
4010,B,F,4,C,"(2, 5, 7, 11)",V7,F,B,C,501.25,167.0
4011,B,F,4,C,"(2, 5, 7, 11)",V7,F,B,C,501.375,167.0
4012,C,G,0,G,"(0, 4, 7)",IV,C,C,G,501.5,168.0
4013,C,G,1,G,"(0, 4, 7)",IV,C,C,G,501.625,168.0
4014,C,G,2,G,"(0, 4, 7)",IV,C,C,G,501.75,168.0
4015,C,G,2,G,"(0, 4, 7)",IV,C,C,G,501.875,168.0
4016,C,G,3,G,"(0, 4, 7)",IV,C,C,G,502.0,168.0
4017,C,G,3,G,"(0, 4, 7)",IV,C,C,G,502.125,168.0
4018,C,G,3,G,"(0, 4, 7)",IV,C,C,G,502.25,168.0
4019,C,G,3,G,"(0, 4, 7)",IV,C,C,G,502.375,168.0
4020,C,G,4,G,"(0, 4, 7)",IV,C,A,G,502.5,168.0
4021,C,G,4,G,"(0, 4, 7)",IV,C,A,G,502.625,168.0
4022,C,G,4,G,"(0, 4, 7)",IV,C,A,G,502.75,168.0
4023,C,G,4,G,"(0, 4, 7)",IV,C,A,G,502.875,168.0
4024,C,G,4,G,"(0, 4, 7)",IV,C,A,G,503.0,168.0
4025,C,G,4,G,"(0, 4, 7)",IV,C,A,G,503.125,168.0
4026,C,G,4,G,"(0, 4, 7)",IV,C,A,G,503.25,168.0
4027,C,G,4,G,"(0, 4, 7)",IV,C,A,G,503.375,168.0
4028,C,F#,0,G,"(2, 6, 9)",V7,D,A,G,503.5,168.0
4029,C,F#,1,G,"(2, 6, 9)",V7,D,A,G,503.625,168.0
4030,C,F#,5,G,"(2, 6, 9)",V7,D,A,G,503.75,168.0
4031,C,F#,2,G,"(2, 6, 9)",V7,D,A,G,503.875,168.0
4032,C,F#,5,G,"(2, 6, 9)",V7,D,A,G,504.0,168.0
4033,C,F#,5,G,"(2, 6, 9)",V7,D,A,G,504.125,168.0
4034,C,F#,5,G,"(2, 6, 9)",V7,D,A,G,504.25,168.0
4035,C,F#,5,G,"(2, 6, 9)",V7,D,A,G,504.375,168.0
4036,D,G,0,G,"(2, 7, 11)",I,G,B,G,504.5,169.0
4037,D,G,1,G,"(2, 7, 11)",I,G,B,G,504.625,169.0
4038,D,G,2,G,"(2, 7, 11)",I,G,B,G,504.75,169.0
4039,D,G,2,G,"(2, 7, 11)",I,G,B,G,504.875,169.0
4040,D,G,3,G,"(2, 7, 11)",I,G,B,G,505.0,169.0
4041,D,G,3,G,"(2, 7, 11)",I,G,B,G,505.125,169.0
4042,D,G,3,G,"(2, 7, 11)",I,G,B,G,505.25,169.0
4043,D,G,3,G,"(2, 7, 11)",I,G,B,G,505.375,169.0
4044,D,G,4,G,"(2, 7, 11)",I,G,B,G,505.5,169.0
4045,D,G,4,G,"(2, 7, 11)",I,E,B,G,505.625,169.0
4046,D,G,4,G,"(2, 7, 11)",I,G,B,G,505.75,169.0
4047,D,G,4,G,"(2, 7, 11)",I,E,B,G,505.875,169.0
4048,D,F#,4,G,"(0, 2, 6, 9)",V7,D,A,G,506.0,169.0
4049,D,F#,4,G,"(0, 2, 6, 9)",V7,D,A,G,506.125,169.0
4050,D,F#,4,G,"(0, 2, 6, 9)",V7,D,A,G,506.25,169.0
4051,D,F#,2,G,"(0, 2, 6, 9)",V7,D,A,G,506.375,169.0
4052,C,F#,3,G,"(0, 2, 6, 9)",V7,D,A,G,506.5,169.0
4053,C,F#,3,G,"(0, 2, 6, 9)",V7,D,A,G,506.625,169.0
4054,C,F#,3,G,"(0, 2, 6, 9)",V7,D,A,G,506.75,169.0
4055,C,F#,3,G,"(0, 2, 6, 9)",V7,D,A,G,506.875,169.0
4056,C,F#,4,G,"(0, 2, 6, 9)",V7,D,A,G,507.0,169.0
4057,C,F#,4,G,"(0, 2, 6, 9)",V7,D,A,G,507.125,169.0
4058,C,F#,4,G,"(0, 2, 6, 9)",V7,D,A,G,507.25,169.0
4059,C,F#,4,G,"(0, 2, 6, 9)",V7,D,A,G,507.375,169.0
4060,D,G,0,G,"(2, 7, 11)",I,G,B,G,507.5,170.0
4061,D,G,1,G,"(2, 7, 11)",I,G,B,G,507.625,170.0
4062,D,G,2,G,"(2, 7, 11)",I,G,B,G,507.75,170.0
4063,D,G,2,G,"(2, 7, 11)",I,G,B,G,507.875,170.0
4064,D,G,3,G,"(2, 7, 11)",I,G,B,G,508.0,170.0
4065,D,G,3,G,"(2, 7, 11)",I,G,B,G,508.125,170.0
4066,D,G,3,G,"(2, 7, 11)",I,G,B,G,508.25,170.0
4067,D,G,3,G,"(2, 7, 11)",I,G,B,G,508.375,170.0
4068,D,G,4,G,"(2, 7, 11)",I,G,B,G,508.5,170.0
4069,D,G,4,G,"(2, 7, 11)",I,G,B,G,508.625,170.0
4070,D,G,4,G,"(2, 7, 11)",I,G,B,G,508.75,170.0
4071,D,G,4,G,"(2, 7, 11)",I,G,B,G,508.875,170.0
4072,D,G,4,G,"(2, 7, 11)",I,C,B,G,509.0,170.0
4073,D,G,4,G,"(2, 7, 11)",I,C,B,G,509.125,170.0
4074,D,G,4,G,"(2, 7, 11)",I,C,B,G,509.25,170.0
4075,D,G,4,G,"(2, 7, 11)",I,C,B,G,509.375,170.0
4076,C,F#,0,G,"(0, 2, 6, 9)",V7,D,A,G,509.5,170.0
4077,C,F#,1,G,"(0, 2, 6, 9)",V7,D,A,G,509.625,170.0
4078,C,F#,2,G,"(0, 2, 6, 9)",V7,D,A,G,509.75,170.0
4079,C,F#,2,G,"(0, 2, 6, 9)",V7,D,A,G,509.875,170.0
4080,C,F#,3,G,"(0, 2, 6, 9)",V7,D,A,G,510.0,170.0
4081,C,F#,3,G,"(0, 2, 6, 9)",V7,D,A,G,510.125,170.0
4082,C,F#,3,G,"(0, 2, 6, 9)",V7,D,A,G,510.25,170.0
4083,C,F#,3,G,"(0, 2, 6, 9)",V7,D,A,G,510.375,170.0
4084,D,G,0,G,"(2, 7, 11)",I,G,B,G,510.5,171.0
4085,D,G,1,G,"(2, 7, 11)",I,G,B,G,510.625,171.0
4086,D,G,2,G,"(2, 7, 11)",I,G,B,G,510.75,171.0
4087,D,G,2,G,"(2, 7, 11)",I,G,B,G,510.875,171.0
4088,D,G,3,G,"(2, 7, 11)",I,G,B,G,511.0,171.0
4089,D,G,3,G,"(2, 7, 11)",I,G,B,G,511.125,171.0
4090,D,G,3,G,"(2, 7, 11)",I,G,B,G,511.25,171.0
4091,D,G,3,G,"(2, 7, 11)",I,G,B,G,511.375,171.0
4092,D,G,4,G,"(2, 7, 11)",I,G,B,G,511.5,171.0
4093,D,G,4,G,"(2, 7, 11)",I,G,B,G,511.625,171.0
4094,D,G,4,G,"(2, 7, 11)",I,G,B,G,511.75,171.0
4095,D,G,4,G,"(2, 7, 11)",I,G,B,G,511.875,171.0
4096,D,G,4,G,"(2, 7, 11)",I,G,B,G,512.0,171.0
4097,D,G,4,G,"(2, 7, 11)",I,G,B,G,512.125,171.0
4098,D,G,4,G,"(2, 7, 11)",I,G,B,G,512.25,171.0
4099,D,G,4,G,"(2, 7, 11)",I,G,B,G,512.375,171.0
4100,C,F#,0,G,"(0, 2, 6, 9)",V7,D,A,G,512.5,171.0
4101,C,F#,1,G,"(0, 2, 6, 9)",V7,D,A,G,512.625,171.0
4102,C,F#,2,G,"(0, 2, 6, 9)",V7,D,A,G,512.75,171.0
4103,C,F#,2,G,"(0, 2, 6, 9)",V7,D,A,G,512.875,171.0
4104,C,F#,3,G,"(0, 2, 6, 9)",V7,D,A,G,513.0,171.0
4105,C,F#,3,G,"(0, 4, 6, 9)",V7,D,A,G,513.125,171.0
4106,C,F#,3,G,"(0, 2, 6, 9)",V7,D,A,G,513.25,171.0
4107,C,F#,3,G,"(0, 2, 6, 9)",V7,D,A,G,513.375,171.0
4108,D,G,0,G,"(2, 7, 11)",I,G,B,G,513.5,172.0
4109,D,G,1,G,"(2, 7, 11)",I,G,B,G,513.625,172.0
4110,D,G,2,G,"(2, 7, 11)",I,G,B,G,513.75,172.0
4111,D,G,2,G,"(2, 7, 11)",I,G,B,G,513.875,172.0
4112,D,G,3,G,"(2, 7, 11)",I,G,B,G,514.0,172.0
4113,D,G,3,G,"(2, 7, 11)",I,G,B,G,514.125,172.0
4114,D,G,3,G,"(2, 7, 11)",I,G,B,G,514.25,172.0
4115,D,G,3,G,"(2, 7, 11)",I,G,B,G,514.375,172.0
4116,D,G,4,G,"(2, 7, 11)",I,G,B,G,514.5,172.0
4117,D,G,4,G,"(2, 7, 11)",I,G,B,G,514.625,172.0
4118,D,G,4,G,"(2, 7, 11)",I,G,B,G,514.75,172.0
4119,D,G,4,G,"(2, 7, 11)",I,G,B,G,514.875,172.0
4120,D,G,4,G,"(2, 7, 11)",I,G,B,G,515.0,172.0
4121,D,G,4,G,"(2, 7, 11)",I,G,B,G,515.125,172.0
4122,D,G,4,G,"(2, 7, 11)",I,G,B,G,515.25,172.0
4123,D,G,4,G,"(2, 7, 11)",I,G,B,G,515.375,172.0
4124,D,G,5,G,"(2, 7, 11)",I,G,B,G,515.5,172.0
4125,D,G,5,G,"(2, 7, 11)",I,G,B,G,515.625,172.0
4126,D,G,5,G,"(2, 7, 11)",I,G,B,G,515.75,172.0
4127,D,G,5,G,"(2, 7, 11)",I,G,B,G,515.875,172.0
4128,D,G,5,G,"(2, 7, 11)",I,G,B,G,516.0,172.0
4129,D,G,5,G,"(2, 7, 11)",I,G,B,G,516.125,172.0
4130,D,G,5,G,"(2, 7, 11)",I,G,B,G,516.25,172.0
4131,D,G,5,G,"(2, 7, 11)",I,G,B,G,516.375,172.0
4132,D,G,6,G,"(2, 7, 11)",I,G,B,G,516.5,173.0
4133,D,G,6,G,"(2, 7, 11)",I,G,B,G,516.625,173.0
4134,D,G,6,G,"(2, 7, 11)",I,G,B,G,516.75,173.0
4135,D,G,6,G,"(2, 7, 11)",I,G,B,G,516.875,173.0
4136,D,G,6,G,"(2, 7, 11)",I,G,B,G,517.0,173.0
4137,D,G,6,G,"(2, 7, 11)",I,G,B,G,517.125,173.0
4138,D,G,6,G,"(2, 7, 11)",I,G,B,G,517.25,173.0
4139,D,G,6,G,"(2, 7, 11)",I,G,B,G,517.375,173.0
4140,D,G,4,G,"(2, 7, 11)",I,G,B,G,517.5,173.0
4141,D,G,4,G,"(2, 7, 11)",I,G,B,G,517.625,173.0
4142,D,G,4,G,"(2, 7, 11)",I,G,B,G,517.75,173.0
4143,D,G,4,G,"(2, 7, 11)",I,G,B,G,517.875,173.0
4144,D,G,4,G,"(2, 7, 11)",I,G,B,G,518.0,173.0
4145,D,G,4,G,"(2, 7, 11)",I,G,B,G,518.125,173.0
4146,D,G,4,G,"(2, 7, 11)",I,G,B,G,518.25,173.0
4147,D,G,4,G,"(2, 7, 11)",I,G,B,G,518.375,173.0
4148,D,G,5,G,"(2, 7, 11)",I,G,B,G,518.5,173.0
4149,D,G,5,G,"(2, 7, 11)",I,G,B,G,518.625,173.0
4150,D,G,5,G,"(2, 7, 11)",I,G,B,G,518.75,173.0
4151,D,G,5,G,"(2, 7, 11)",I,G,B,G,518.875,173.0
4152,D,G,5,G,"(2, 7, 11)",I,G,B,G,519.0,173.0
4153,D,G,5,G,"(2, 7, 11)",I,G,B,G,519.125,173.0
4154,D,G,6,G,"(2, 7, 11)",I,G,B,G,519.25,173.0
4155,D,G,6,G,"(2, 7, 11)",I,G,B,G,519.375,173.0
4156,C--,C--,6,A,"(0, 1, 5, 8)",Cad,C--,C--,A,,
4157,C--,C--,6,A,"(0, 1, 5, 8)",Cad,C--,C--,A,,
4158,C--,C--,6,A,"(0, 1, 5, 8)",Cad,C--,C--,A,,
4159,C--,C--,6,A,"(0, 1, 5, 8)",Cad,C--,C--,A,,
4160,C--,C--,6,A,"(0, 1, 5, 8)",Cad,C--,C--,A,,
4161,C--,C--,6,A,"(0, 1, 5, 8)",Cad,C--,C--,A,,
4162,C--,C--,6,A,"(0, 1, 5, 8)",Cad,C--,C--,A,,
4163,C--,C--,6,A,"(0, 1, 5, 8)",Cad,C--,C--,A,,
4164,C--,C--,6,A,"(0, 1, 5, 8)",Cad,C--,C--,A,,
4165,C--,C--,6,A,"(0, 1, 5, 8)",Cad,C--,C--,A,,
4166,C--,C--,6,A,"(0, 1, 5, 8)",Cad,C--,C--,A,,
4167,C--,C--,6,A,"(0, 1, 5, 8)",Cad,C--,C--,A,,
4168,C--,C--,6,A,"(0, 1, 5, 8)",Cad,C--,C--,A,,
4169,C--,C--,6,A,"(0, 1, 5, 8)",Cad,C--,C--,A,,
4170,C--,C--,6,A,"(0, 1, 5, 8)",Cad,C--,C--,A,,
4171,C--,C--,6,A,"(0, 1, 5, 8)",Cad,C--,C--,A,,
4172,C--,C--,6,A,"(0, 1, 5, 8)",Cad,C--,C--,A,,
4173,C--,C--,6,A,"(0, 1, 5, 8)",Cad,C--,C--,A,,
4174,C--,C--,6,A,"(0, 1, 5, 8)",Cad,C--,C--,A,,
4175,C--,C--,6,A,"(0, 1, 5, 8)",Cad,C--,C--,A,,
4176,C--,C--,6,A,"(0, 1, 5, 8)",Cad,C--,C--,A,,
4177,C--,C--,6,A,"(0, 1, 5, 8)",Cad,C--,C--,A,,
4178,C--,C--,6,A,"(0, 1, 5, 8)",Cad,C--,C--,A,,
4179,C--,C--,6,A,"(0, 1, 5, 8)",Cad,C--,C--,A,,
4180,C--,C--,6,A,"(0, 1, 5, 8)",Cad,C--,C--,A,,
4181,C--,C--,6,A,"(0, 1, 5, 8)",Cad,C--,C--,A,,
4182,C--,C--,6,A,"(0, 1, 5, 8)",Cad,C--,C--,A,,
4183,C--,C--,6,A,"(0, 1, 5, 8)",Cad,C--,C--,A,,
4184,C--,C--,6,A,"(0, 1, 5, 8)",Cad,C--,C--,A,,
4185,C--,C--,6,A,"(0, 1, 5, 8)",Cad,C--,C--,A,,
4186,C--,C--,6,A,"(0, 1, 5, 8)",Cad,C--,C--,A,,
4187,C--,C--,6,A,"(0, 1, 5, 8)",Cad,C--,C--,A,,
4188,C--,C--,6,A,"(0, 1, 5, 8)",Cad,C--,C--,A,,
4189,C--,C--,6,A,"(0, 1, 5, 8)",Cad,C--,C--,A,,
4190,C--,C--,6,A,"(0, 1, 5, 8)",Cad,C--,C--,A,,
4191,C--,C--,6,A,"(0, 1, 5, 8)",Cad,C--,C--,A,,
4192,C--,C--,6,A,"(0, 1, 5, 8)",Cad,C--,C--,A,,
4193,C--,C--,6,A,"(0, 1, 5, 8)",Cad,C--,C--,A,,
4194,C--,C--,6,A,"(0, 1, 5, 8)",Cad,C--,C--,A,,
4195,C--,C--,6,A,"(0, 1, 5, 8)",Cad,C--,C--,A,,
4196,C--,C--,6,A,"(0, 1, 5, 8)",Cad,C--,C--,A,,
4197,C--,C--,6,A,"(0, 1, 5, 8)",Cad,C--,C--,A,,
4198,C--,C--,6,A,"(0, 1, 5, 8)",Cad,C--,C--,A,,
4199,C--,C--,6,A,"(0, 1, 5, 8)",Cad,C--,C--,A,,
4200,C--,C--,6,A,"(0, 1, 5, 8)",Cad,C--,C--,A,,
4201,C--,C--,6,A,"(0, 1, 5, 8)",Cad,C--,C--,A,,
4202,C--,C--,6,A,"(0, 1, 5, 8)",Cad,C--,C--,A,,
4203,C--,C--,6,A,"(0, 1, 5, 8)",Cad,C--,C--,A,,
4204,C--,C--,6,A,"(0, 1, 5, 8)",Cad,C--,C--,A,,
4205,C--,C--,6,A,"(0, 1, 5, 8)",Cad,C--,C--,A,,
4206,C--,C--,6,A,"(0, 1, 5, 8)",Cad,C--,C--,A,,
4207,C--,C--,6,A,"(0, 1, 5, 8)",Cad,C--,C--,A,,
4208,C--,C--,6,A,"(0, 1, 5, 8)",Cad,C--,C--,A,,
4209,C--,C--,6,A,"(0, 1, 5, 8)",Cad,C--,C--,A,,
4210,C--,C--,6,A,"(0, 1, 5, 8)",Cad,C--,C--,A,,
4211,C--,C--,6,A,"(0, 1, 5, 8)",Cad,C--,C--,A,,
4212,C--,C--,6,A,"(0, 1, 5, 8)",Cad,C--,C--,A,,
4213,C--,C--,6,A,"(0, 1, 5, 8)",Cad,C--,C--,A,,
4214,C--,C--,6,A,"(0, 1, 5, 8)",Cad,C--,C--,A,,
4215,C--,C--,6,A,"(0, 1, 5, 8)",Cad,C--,C--,A,,
4216,C--,C--,6,A,"(0, 1, 5, 8)",Cad,C--,C--,A,,
4217,C--,C--,6,A,"(0, 1, 5, 8)",Cad,C--,C--,A,,
4218,C--,C--,6,A,"(0, 1, 5, 8)",Cad,C--,C--,A,,
4219,C--,C--,6,A,"(0, 1, 5, 8)",Cad,C--,C--,A,,
4220,C--,C--,6,A,"(0, 1, 5, 8)",Cad,C--,C--,A,,
4221,C--,C--,6,A,"(0, 1, 5, 8)",Cad,C--,C--,A,,
4222,C--,C--,6,A,"(0, 1, 5, 8)",Cad,C--,C--,A,,
4223,C--,C--,6,A,"(0, 1, 5, 8)",Cad,C--,C--,A,,
4224,C--,C--,6,A,"(0, 1, 5, 8)",Cad,C--,C--,A,,
4225,C--,C--,6,A,"(0, 1, 5, 8)",Cad,C--,C--,A,,
4226,C--,C--,6,A,"(0, 1, 5, 8)",Cad,C--,C--,A,,
4227,C--,C--,6,A,"(0, 1, 5, 8)",Cad,C--,C--,A,,
4228,C--,C--,6,A,"(0, 1, 5, 8)",Cad,C--,C--,A,,
4229,C--,C--,6,A,"(0, 1, 5, 8)",Cad,C--,C--,A,,
4230,C--,C--,6,A,"(0, 1, 5, 8)",Cad,C--,C--,A,,
4231,C--,C--,6,A,"(0, 1, 5, 8)",Cad,C--,C--,A,,
4232,C--,C--,6,A,"(0, 1, 5, 8)",Cad,C--,C--,A,,
4233,C--,C--,6,A,"(0, 1, 5, 8)",Cad,C--,C--,A,,
4234,C--,C--,6,A,"(0, 1, 5, 8)",Cad,C--,C--,A,,
4235,C--,C--,6,A,"(0, 1, 5, 8)",Cad,C--,C--,A,,
4236,C--,C--,6,A,"(0, 1, 5, 8)",Cad,C--,C--,A,,
4237,C--,C--,6,A,"(0, 1, 5, 8)",Cad,C--,C--,A,,
4238,C--,C--,6,A,"(0, 1, 5, 8)",Cad,C--,C--,A,,
4239,C--,C--,6,A,"(0, 1, 5, 8)",Cad,C--,C--,A,,
4240,C--,C--,6,A,"(0, 1, 5, 8)",Cad,C--,C--,A,,
4241,C--,C--,6,A,"(0, 1, 5, 8)",Cad,C--,C--,A,,
4242,C--,C--,6,A,"(0, 1, 5, 8)",Cad,C--,C--,A,,
4243,C--,C--,6,A,"(0, 1, 5, 8)",Cad,C--,C--,A,,
4244,C--,C--,6,A,"(0, 1, 5, 8)",Cad,C--,C--,A,,
4245,C--,C--,6,A,"(0, 1, 5, 8)",Cad,C--,C--,A,,
4246,C--,C--,6,A,"(0, 1, 5, 8)",Cad,C--,C--,A,,
4247,C--,C--,6,A,"(0, 1, 5, 8)",Cad,C--,C--,A,,
4248,C--,C--,6,A,"(0, 1, 5, 8)",Cad,C--,C--,A,,
4249,C--,C--,6,A,"(0, 1, 5, 8)",Cad,C--,C--,A,,
4250,C--,C--,6,A,"(0, 1, 5, 8)",Cad,C--,C--,A,,
4251,C--,C--,6,A,"(0, 1, 5, 8)",Cad,C--,C--,A,,
4252,C--,C--,6,A,"(0, 1, 5, 8)",Cad,C--,C--,A,,
4253,C--,C--,6,A,"(0, 1, 5, 8)",Cad,C--,C--,A,,
4254,C--,C--,6,A,"(0, 1, 5, 8)",Cad,C--,C--,A,,
4255,C--,C--,6,A,"(0, 1, 5, 8)",Cad,C--,C--,A,,
4256,C--,C--,6,A,"(0, 1, 5, 8)",Cad,C--,C--,A,,
4257,C--,C--,6,A,"(0, 1, 5, 8)",Cad,C--,C--,A,,
4258,C--,C--,6,A,"(0, 1, 5, 8)",Cad,C--,C--,A,,
4259,C--,C--,6,A,"(0, 1, 5, 8)",Cad,C--,C--,A,,
4260,C--,C--,6,A,"(0, 1, 5, 8)",Cad,C--,C--,A,,
4261,C--,C--,6,A,"(0, 1, 5, 8)",Cad,C--,C--,A,,
4262,C--,C--,6,A,"(0, 1, 5, 8)",Cad,C--,C--,A,,
4263,C--,C--,6,A,"(0, 1, 5, 8)",Cad,C--,C--,A,,
4264,C--,C--,6,A,"(0, 1, 5, 8)",Cad,C--,C--,A,,
4265,C--,C--,6,A,"(0, 1, 5, 8)",Cad,C--,C--,A,,
4266,C--,C--,6,A,"(0, 1, 5, 8)",Cad,C--,C--,A,,
4267,C--,C--,6,A,"(0, 1, 5, 8)",Cad,C--,C--,A,,
4268,C--,C--,6,A,"(0, 1, 5, 8)",Cad,C--,C--,A,,
4269,C--,C--,6,A,"(0, 1, 5, 8)",Cad,C--,C--,A,,
4270,C--,C--,6,A,"(0, 1, 5, 8)",Cad,C--,C--,A,,
4271,C--,C--,6,A,"(0, 1, 5, 8)",Cad,C--,C--,A,,
4272,C--,C--,6,A,"(0, 1, 5, 8)",Cad,C--,C--,A,,
4273,C--,C--,6,A,"(0, 1, 5, 8)",Cad,C--,C--,A,,
4274,C--,C--,6,A,"(0, 1, 5, 8)",Cad,C--,C--,A,,
4275,C--,C--,6,A,"(0, 1, 5, 8)",Cad,C--,C--,A,,
4276,C--,C--,6,A,"(0, 1, 5, 8)",Cad,C--,C--,A,,
4277,C--,C--,6,A,"(0, 1, 5, 8)",Cad,C--,C--,A,,
4278,C--,C--,6,A,"(0, 1, 5, 8)",Cad,C--,C--,A,,
4279,C--,C--,6,A,"(0, 1, 5, 8)",Cad,C--,C--,A,,
4280,C--,C--,6,A,"(0, 1, 5, 8)",Cad,C--,C--,A,,
4281,C--,C--,6,A,"(0, 1, 5, 8)",Cad,C--,C--,A,,
4282,C--,C--,6,A,"(0, 1, 5, 8)",Cad,C--,C--,A,,
4283,C--,C--,6,A,"(0, 1, 5, 8)",Cad,C--,C--,A,,
4284,C--,C--,6,A,"(0, 1, 5, 8)",Cad,C--,C--,A,,
4285,C--,C--,6,A,"(0, 1, 5, 8)",Cad,C--,C--,A,,
4286,C--,C--,6,A,"(0, 1, 5, 8)",Cad,C--,C--,A,,
4287,C--,C--,6,A,"(0, 1, 5, 8)",Cad,C--,C--,A,,
4288,C--,C--,6,A,"(0, 1, 5, 8)",Cad,C--,C--,A,,
4289,C--,C--,6,A,"(0, 1, 5, 8)",Cad,C--,C--,A,,
4290,C--,C--,6,A,"(0, 1, 5, 8)",Cad,C--,C--,A,,
4291,C--,C--,6,A,"(0, 1, 5, 8)",Cad,C--,C--,A,,
4292,C--,C--,6,A,"(0, 1, 5, 8)",Cad,C--,C--,A,,
4293,C--,C--,6,A,"(0, 1, 5, 8)",Cad,C--,C--,A,,
4294,C--,C--,6,A,"(0, 1, 5, 8)",Cad,C--,C--,A,,
4295,C--,C--,6,A,"(0, 1, 5, 8)",Cad,C--,C--,A,,
4296,C--,C--,6,A,"(0, 1, 5, 8)",Cad,C--,C--,A,,
4297,C--,C--,6,A,"(0, 1, 5, 8)",Cad,C--,C--,A,,
4298,C--,C--,6,A,"(0, 1, 5, 8)",Cad,C--,C--,A,,
4299,C--,C--,6,A,"(0, 1, 5, 8)",Cad,C--,C--,A,,
4300,C--,C--,6,A,"(0, 1, 5, 8)",Cad,C--,C--,A,,
4301,C--,C--,6,A,"(0, 1, 5, 8)",Cad,C--,C--,A,,
4302,C--,C--,6,A,"(0, 1, 5, 8)",Cad,C--,C--,A,,
4303,C--,C--,6,A,"(0, 1, 5, 8)",Cad,C--,C--,A,,
4304,C--,C--,6,A,"(0, 1, 5, 8)",Cad,C--,C--,A,,
4305,C--,C--,6,A,"(0, 1, 5, 8)",Cad,C--,C--,A,,
4306,C--,C--,6,A,"(0, 1, 5, 8)",Cad,C--,C--,A,,
4307,C--,C--,6,A,"(0, 1, 5, 8)",Cad,C--,C--,A,,
4308,C--,C--,6,A,"(0, 1, 5, 8)",Cad,C--,C--,A,,
4309,C--,C--,6,A,"(0, 1, 5, 8)",Cad,C--,C--,A,,
4310,C--,C--,6,A,"(0, 1, 5, 8)",Cad,C--,C--,A,,
4311,C--,C--,6,A,"(0, 1, 5, 8)",Cad,C--,C--,A,,
4312,C--,C--,6,A,"(0, 1, 5, 8)",Cad,C--,C--,A,,
4313,C--,C--,6,A,"(0, 1, 5, 8)",Cad,C--,C--,A,,
4314,C--,C--,6,A,"(0, 1, 5, 8)",Cad,C--,C--,A,,
4315,C--,C--,6,A,"(0, 1, 5, 8)",Cad,C--,C--,A,,
4316,C--,C--,6,A,"(0, 1, 5, 8)",Cad,C--,C--,A,,
4317,C--,C--,6,A,"(0, 1, 5, 8)",Cad,C--,C--,A,,
4318,C--,C--,6,A,"(0, 1, 5, 8)",Cad,C--,C--,A,,
4319,C--,C--,6,A,"(0, 1, 5, 8)",Cad,C--,C--,A,,
4320,C--,C--,6,A,"(0, 1, 5, 8)",Cad,C--,C--,A,,
4321,C--,C--,6,A,"(0, 1, 5, 8)",Cad,C--,C--,A,,
4322,C--,C--,6,A,"(0, 1, 5, 8)",Cad,C--,C--,A,,
4323,C--,C--,6,A,"(0, 1, 5, 8)",Cad,C--,C--,A,,
4324,C--,C--,6,A,"(0, 1, 5, 8)",Cad,C--,C--,A,,
4325,C--,C--,6,A,"(0, 1, 5, 8)",Cad,C--,C--,A,,
4326,C--,C--,6,A,"(0, 1, 5, 8)",Cad,C--,C--,A,,
4327,C--,C--,6,A,"(0, 1, 5, 8)",Cad,C--,C--,A,,
4328,C--,C--,6,A,"(0, 1, 5, 8)",Cad,C--,C--,A,,
4329,C--,C--,6,A,"(0, 1, 5, 8)",Cad,C--,C--,A,,
4330,C--,C--,6,A,"(0, 1, 5, 8)",Cad,C--,C--,A,,
4331,C--,C--,6,A,"(0, 1, 5, 8)",Cad,C--,C--,A,,
4332,C--,C--,6,A,"(0, 1, 5, 8)",Cad,C--,C--,A,,
4333,C--,C--,6,A,"(0, 1, 5, 8)",Cad,C--,C--,A,,
4334,C--,C--,6,A,"(0, 1, 5, 8)",Cad,C--,C--,A,,
4335,C--,C--,6,A,"(0, 1, 5, 8)",Cad,C--,C--,A,,
4336,C--,C--,6,A,"(0, 1, 5, 8)",Cad,C--,C--,A,,
4337,C--,C--,6,A,"(0, 1, 5, 8)",Cad,C--,C--,A,,
4338,C--,C--,6,A,"(0, 1, 5, 8)",Cad,C--,C--,A,,
4339,C--,C--,6,A,"(0, 1, 5, 8)",Cad,C--,C--,A,,
4340,C--,C--,6,A,"(0, 1, 5, 8)",Cad,C--,C--,A,,
4341,C--,C--,6,A,"(0, 1, 5, 8)",Cad,C--,C--,A,,
4342,C--,C--,6,A,"(0, 1, 5, 8)",Cad,C--,C--,A,,
4343,C--,C--,6,A,"(0, 1, 5, 8)",Cad,C--,C--,A,,
4344,C--,C--,6,A,"(0, 1, 5, 8)",Cad,C--,C--,A,,
4345,C--,C--,6,A,"(0, 1, 5, 8)",Cad,C--,C--,A,,
4346,C--,C--,6,A,"(0, 1, 5, 8)",Cad,C--,C--,A,,
4347,C--,C--,6,A,"(0, 1, 5, 8)",Cad,C--,C--,A,,
4348,C--,C--,6,A,"(0, 1, 5, 8)",Cad,C--,C--,A,,
4349,C--,C--,6,A,"(0, 1, 5, 8)",Cad,C--,C--,A,,
4350,C--,C--,6,A,"(0, 1, 5, 8)",Cad,C--,C--,A,,
4351,C--,C--,6,A,"(0, 1, 5, 8)",Cad,C--,C--,A,,
4352,C--,C--,6,A,"(0, 1, 5, 8)",Cad,C--,C--,A,,
4353,C--,C--,6,A,"(0, 1, 5, 8)",Cad,C--,C--,A,,
4354,C--,C--,6,A,"(0, 1, 5, 8)",Cad,C--,C--,A,,
4355,C--,C--,6,A,"(0, 1, 5, 8)",Cad,C--,C--,A,,
4356,C--,C--,6,A,"(0, 1, 5, 8)",Cad,C--,C--,A,,
4357,C--,C--,6,A,"(0, 1, 5, 8)",Cad,C--,C--,A,,
4358,C--,C--,6,A,"(0, 1, 5, 8)",Cad,C--,C--,A,,
4359,C--,C--,6,A,"(0, 1, 5, 8)",Cad,C--,C--,A,,
4360,C--,C--,6,A,"(0, 1, 5, 8)",Cad,C--,C--,A,,
4361,C--,C--,6,A,"(0, 1, 5, 8)",Cad,C--,C--,A,,
4362,C--,C--,6,A,"(0, 1, 5, 8)",Cad,C--,C--,A,,
4363,C--,C--,6,A,"(0, 1, 5, 8)",Cad,C--,C--,A,,
4364,C--,C--,6,A,"(0, 1, 5, 8)",Cad,C--,C--,A,,
4365,C--,C--,6,A,"(0, 1, 5, 8)",Cad,C--,C--,A,,
4366,C--,C--,6,A,"(0, 1, 5, 8)",Cad,C--,C--,A,,
4367,C--,C--,6,A,"(0, 1, 5, 8)",Cad,C--,C--,A,,
4368,C--,C--,6,A,"(0, 1, 5, 8)",Cad,C--,C--,A,,
4369,C--,C--,6,A,"(0, 1, 5, 8)",Cad,C--,C--,A,,
4370,C--,C--,6,A,"(0, 1, 5, 8)",Cad,C--,C--,A,,
4371,C--,C--,6,A,"(0, 1, 5, 8)",Cad,C--,C--,A,,
4372,C--,C--,6,A,"(0, 1, 5, 8)",Cad,C--,C--,A,,
4373,C--,C--,6,A,"(0, 1, 5, 8)",Cad,C--,C--,A,,
4374,C--,C--,6,A,"(0, 1, 5, 8)",Cad,C--,C--,A,,
4375,C--,C--,6,A,"(0, 1, 5, 8)",Cad,C--,C--,A,,
4376,C--,C--,6,A,"(0, 1, 5, 8)",Cad,C--,C--,A,,
4377,C--,C--,6,A,"(0, 1, 5, 8)",Cad,C--,C--,A,,
4378,C--,C--,6,A,"(0, 1, 5, 8)",Cad,C--,C--,A,,
4379,C--,C--,6,A,"(0, 1, 5, 8)",Cad,C--,C--,A,,
4380,C--,C--,6,A,"(0, 1, 5, 8)",Cad,C--,C--,A,,
4381,C--,C--,6,A,"(0, 1, 5, 8)",Cad,C--,C--,A,,
4382,C--,C--,6,A,"(0, 1, 5, 8)",Cad,C--,C--,A,,
4383,C--,C--,6,A,"(0, 1, 5, 8)",Cad,C--,C--,A,,
4384,C--,C--,6,A,"(0, 1, 5, 8)",Cad,C--,C--,A,,
4385,C--,C--,6,A,"(0, 1, 5, 8)",Cad,C--,C--,A,,
4386,C--,C--,6,A,"(0, 1, 5, 8)",Cad,C--,C--,A,,
4387,C--,C--,6,A,"(0, 1, 5, 8)",Cad,C--,C--,A,,
4388,C--,C--,6,A,"(0, 1, 5, 8)",Cad,C--,C--,A,,
4389,C--,C--,6,A,"(0, 1, 5, 8)",Cad,C--,C--,A,,
4390,C--,C--,6,A,"(0, 1, 5, 8)",Cad,C--,C--,A,,
4391,C--,C--,6,A,"(0, 1, 5, 8)",Cad,C--,C--,A,,
4392,C--,C--,6,A,"(0, 1, 5, 8)",Cad,C--,C--,A,,
4393,C--,C--,6,A,"(0, 1, 5, 8)",Cad,C--,C--,A,,
4394,C--,C--,6,A,"(0, 1, 5, 8)",Cad,C--,C--,A,,
4395,C--,C--,6,A,"(0, 1, 5, 8)",Cad,C--,C--,A,,
4396,C--,C--,6,A,"(0, 1, 5, 8)",Cad,C--,C--,A,,
4397,C--,C--,6,A,"(0, 1, 5, 8)",Cad,C--,C--,A,,
4398,C--,C--,6,A,"(0, 1, 5, 8)",Cad,C--,C--,A,,
4399,C--,C--,6,A,"(0, 1, 5, 8)",Cad,C--,C--,A,,
4400,C--,C--,6,A,"(0, 1, 5, 8)",Cad,C--,C--,A,,
4401,C--,C--,6,A,"(0, 1, 5, 8)",Cad,C--,C--,A,,
4402,C--,C--,6,A,"(0, 1, 5, 8)",Cad,C--,C--,A,,
4403,C--,C--,6,A,"(0, 1, 5, 8)",Cad,C--,C--,A,,
4404,C--,C--,6,A,"(0, 1, 5, 8)",Cad,C--,C--,A,,
4405,C--,C--,6,A,"(0, 1, 5, 8)",Cad,C--,C--,A,,
4406,C--,C--,6,A,"(0, 1, 5, 8)",Cad,C--,C--,A,,
4407,C--,C--,6,A,"(0, 1, 5, 8)",Cad,C--,C--,A,,
4408,C--,C--,6,A,"(0, 1, 5, 8)",Cad,C--,C--,A,,
4409,C--,C--,6,A,"(0, 1, 5, 8)",Cad,C--,C--,A,,
4410,C--,C--,6,A,"(0, 1, 5, 8)",Cad,C--,C--,A,,
4411,C--,C--,6,A,"(0, 1, 5, 8)",Cad,C--,C--,A,,
4412,C--,C--,6,A,"(0, 1, 5, 8)",Cad,C--,C--,A,,
4413,C--,C--,6,A,"(0, 1, 5, 8)",Cad,C--,C--,A,,
4414,C--,C--,6,A,"(0, 1, 5, 8)",Cad,C--,C--,A,,
4415,C--,C--,6,A,"(0, 1, 5, 8)",Cad,C--,C--,A,,
4416,C--,C--,6,A,"(0, 1, 5, 8)",Cad,C--,C--,A,,
4417,C--,C--,6,A,"(0, 1, 5, 8)",Cad,C--,C--,A,,
4418,C--,C--,6,A,"(0, 1, 5, 8)",Cad,C--,C--,A,,
4419,C--,C--,6,A,"(0, 1, 5, 8)",Cad,C--,C--,A,,
4420,C--,C--,6,A,"(0, 1, 5, 8)",Cad,C--,C--,A,,
4421,C--,C--,6,A,"(0, 1, 5, 8)",Cad,C--,C--,A,,
4422,C--,C--,6,A,"(0, 1, 5, 8)",Cad,C--,C--,A,,
4423,C--,C--,6,A,"(0, 1, 5, 8)",Cad,C--,C--,A,,
4424,C--,C--,6,A,"(0, 1, 5, 8)",Cad,C--,C--,A,,
4425,C--,C--,6,A,"(0, 1, 5, 8)",Cad,C--,C--,A,,
4426,C--,C--,6,A,"(0, 1, 5, 8)",Cad,C--,C--,A,,
4427,C--,C--,6,A,"(0, 1, 5, 8)",Cad,C--,C--,A,,
4428,C--,C--,6,A,"(0, 1, 5, 8)",Cad,C--,C--,A,,
4429,C--,C--,6,A,"(0, 1, 5, 8)",Cad,C--,C--,A,,
4430,C--,C--,6,A,"(0, 1, 5, 8)",Cad,C--,C--,A,,
4431,C--,C--,6,A,"(0, 1, 5, 8)",Cad,C--,C--,A,,
4432,C--,C--,6,A,"(0, 1, 5, 8)",Cad,C--,C--,A,,
4433,C--,C--,6,A,"(0, 1, 5, 8)",Cad,C--,C--,A,,
4434,C--,C--,6,A,"(0, 1, 5, 8)",Cad,C--,C--,A,,
4435,C--,C--,6,A,"(0, 1, 5, 8)",Cad,C--,C--,A,,
4436,C--,C--,6,A,"(0, 1, 5, 8)",Cad,C--,C--,A,,
4437,C--,C--,6,A,"(0, 1, 5, 8)",Cad,C--,C--,A,,
4438,C--,C--,6,A,"(0, 1, 5, 8)",Cad,C--,C--,A,,
4439,C--,C--,6,A,"(0, 1, 5, 8)",Cad,C--,C--,A,,
4440,C--,C--,6,A,"(0, 1, 5, 8)",Cad,C--,C--,A,,
4441,C--,C--,6,A,"(0, 1, 5, 8)",Cad,C--,C--,A,,
4442,C--,C--,6,A,"(0, 1, 5, 8)",Cad,C--,C--,A,,
4443,C--,C--,6,A,"(0, 1, 5, 8)",Cad,C--,C--,A,,
4444,C--,C--,6,A,"(0, 1, 5, 8)",Cad,C--,C--,A,,
4445,C--,C--,6,A,"(0, 1, 5, 8)",Cad,C--,C--,A,,
4446,C--,C--,6,A,"(0, 1, 5, 8)",Cad,C--,C--,A,,
4447,C--,C--,6,A,"(0, 1, 5, 8)",Cad,C--,C--,A,,
4448,C--,C--,6,A,"(0, 1, 5, 8)",Cad,C--,C--,A,,
4449,C--,C--,6,A,"(0, 1, 5, 8)",Cad,C--,C--,A,,
4450,C--,C--,6,A,"(0, 1, 5, 8)",Cad,C--,C--,A,,
4451,C--,C--,6,A,"(0, 1, 5, 8)",Cad,C--,C--,A,,
4452,C--,C--,6,A,"(0, 1, 5, 8)",Cad,C--,C--,A,,
4453,C--,C--,6,A,"(0, 1, 5, 8)",Cad,C--,C--,A,,
4454,C--,C--,6,A,"(0, 1, 5, 8)",Cad,C--,C--,A,,
4455,C--,C--,6,A,"(0, 1, 5, 8)",Cad,C--,C--,A,,
4456,C--,C--,6,A,"(0, 1, 5, 8)",Cad,C--,C--,A,,
4457,C--,C--,6,A,"(0, 1, 5, 8)",Cad,C--,C--,A,,
4458,C--,C--,6,A,"(0, 1, 5, 8)",Cad,C--,C--,A,,
4459,C--,C--,6,A,"(0, 1, 5, 8)",Cad,C--,C--,A,,
4460,C--,C--,6,A,"(0, 1, 5, 8)",Cad,C--,C--,A,,
4461,C--,C--,6,A,"(0, 1, 5, 8)",Cad,C--,C--,A,,
4462,C--,C--,6,A,"(0, 1, 5, 8)",Cad,C--,C--,A,,
4463,C--,C--,6,A,"(0, 1, 5, 8)",Cad,C--,C--,A,,
4464,C--,C--,6,A,"(0, 1, 5, 8)",Cad,C--,C--,A,,
4465,C--,C--,6,A,"(0, 1, 5, 8)",Cad,C--,C--,A,,
4466,C--,C--,6,A,"(0, 1, 5, 8)",Cad,C--,C--,A,,
4467,C--,C--,6,A,"(0, 1, 5, 8)",Cad,C--,C--,A,,
4468,C--,C--,6,A,"(0, 1, 5, 8)",Cad,C--,C--,A,,
4469,C--,C--,6,A,"(0, 1, 5, 8)",Cad,C--,C--,A,,
4470,C--,C--,6,A,"(0, 1, 5, 8)",Cad,C--,C--,A,,
4471,C--,C--,6,A,"(0, 1, 5, 8)",Cad,C--,C--,A,,
4472,C--,C--,6,A,"(0, 1, 5, 8)",Cad,C--,C--,A,,
4473,C--,C--,6,A,"(0, 1, 5, 8)",Cad,C--,C--,A,,
4474,C--,C--,6,A,"(0, 1, 5, 8)",Cad,C--,C--,A,,
4475,C--,C--,6,A,"(0, 1, 5, 8)",Cad,C--,C--,A,,
4476,C--,C--,6,A,"(0, 1, 5, 8)",Cad,C--,C--,A,,
4477,C--,C--,6,A,"(0, 1, 5, 8)",Cad,C--,C--,A,,
4478,C--,C--,6,A,"(0, 1, 5, 8)",Cad,C--,C--,A,,
4479,C--,C--,6,A,"(0, 1, 5, 8)",Cad,C--,C--,A,,
