,Alto35,Bass35,HarmonicRhythm7,LocalKey38,PitchClassSet121,RomanNumeral31,Soprano35,Tenor35,TonicizedKey38,offset,measure
0,C,A,0,F,"(0, 5, 9)",I,F,C,F,0.0,0.0
1,C,A,1,F,"(0, 5, 9)",I,F,C,F,0.125,0.0
2,C,A,2,F,"(0, 5, 9)",I,F,C,F,0.25,0.0
3,C,A,2,F,"(0, 5, 9)",I,F,C,F,0.375,0.0
4,C,A,3,F,"(0, 5, 9)",I,F,C,F,0.5,0.0
5,C,A,3,F,"(0, 5, 9)",I,F,C,F,0.625,0.0
6,C,A,3,F,"(0, 5, 9)",I,F,C,F,0.75,0.0
7,C,A,3,F,"(0, 5, 9)",I,F,C,F,0.875,0.0
8,C,F,0,F,"(0, 5, 9)",I,F,A,F,1.0,1.0
9,C,F,1,F,"(0, 5, 9)",I,F,A,F,1.125,1.0
10,C,F,2,F,"(0, 5, 9)",I,F,A,F,1.25,1.0
11,C,F,2,F,"(0, 5, 9)",I,F,A,F,1.375,1.0
12,C,F,3,F,"(0, 5, 9)",I,F,A,F,1.5,1.0
13,C,F,3,F,"(0, 5, 9)",I,F,A,F,1.625,1.0
14,C,F,3,F,"(0, 5, 9)",I,F,A,F,1.75,1.0
15,C,F,3,F,"(0, 5, 9)",I,F,A,F,1.875,1.0
16,C,F,4,F,"(0, 5, 9)",I,F,A,F,2.0,1.0
17,C,F,4,F,"(0, 5, 9)",I,F,A,F,2.125,1.0
18,C,F,4,F,"(0, 5, 9)",I,F,A,F,2.25,1.0
19,C,F,4,F,"(0, 5, 9)",I,F,A,F,2.375,1.0
20,C,F,4,F,"(0, 5, 9)",I,F,A,F,2.5,1.0
21,C,F,4,F,"(0, 5, 9)",I,F,A,F,2.625,1.0
22,C,F,4,F,"(0, 5, 9)",I,F,A,F,2.75,1.0
23,C,F,4,F,"(0, 5, 9)",I,F,A,F,2.875,1.0
24,G,C,0,F,"(0, 4, 7, 10)",I,B-,E,F,3.0,2.0
25,G,C,1,F,"(0, 4, 7, 10)",I,B-,E,F,3.125,2.0
26,G,C,2,F,"(0, 4, 7, 10)",I,B-,E,F,3.25,2.0
27,G,C,2,F,"(0, 4, 7, 10)",I,B-,E,F,3.375,2.0
28,G,C,3,F,"(0, 4, 7, 10)",I,B-,E,F,3.5,2.0
29,G,C,3,F,"(0, 4, 7, 10)",I,B-,E,F,3.625,2.0
30,G,C,3,F,"(0, 4, 7, 10)",I,B-,E,F,3.75,2.0
31,G,C,3,F,"(0, 4, 7, 10)",I,B-,E,F,3.875,2.0
32,C,C,4,F,"(0, 5, 9)",I,F,A,F,4.0,2.0
33,C,F,4,F,"(0, 5, 9)",I,F,A,F,4.125,2.0
34,C,F,4,F,"(0, 5, 9)",I,F,A,F,4.25,2.0
35,C,F,4,F,"(0, 5, 9)",I,F,A,F,4.375,2.0
36,C,F,4,F,"(0, 5, 9)",I,F,A,F,4.5,2.0
37,C,F,4,F,"(0, 5, 9)",I,F,A,F,4.625,2.0
38,C,F,4,F,"(0, 5, 9)",I,F,A,F,4.75,2.0
39,C,F,4,F,"(0, 5, 9)",I,F,A,F,4.875,2.0
40,G,C,0,F,"(0, 4, 7)",V,C,E,F,5.0,3.0
41,G,C,1,F,"(0, 4, 7)",V,C,E,F,5.125,3.0
42,G,C,2,F,"(0, 4, 7)",V,C,E,F,5.25,3.0
43,G,C,2,F,"(0, 4, 7)",V,C,E,F,5.375,3.0
44,G,C,3,F,"(0, 4, 7)",V,C,E,F,5.5,3.0
45,G,C,3,F,"(0, 4, 7)",V,C,E,F,5.625,3.0
46,G,C,3,F,"(0, 4, 7)",V,C,E,F,5.75,3.0
47,G,C,3,F,"(0, 4, 7)",V,C,E,F,5.875,3.0
48,G,C,4,F,"(0, 4, 7)",V,C,E,F,6.0,3.0
49,G,C,4,F,"(0, 4, 7)",V,C,E,F,6.125,3.0
50,G,C,4,F,"(0, 4, 7)",V,C,E,F,6.25,3.0
51,G,C,4,F,"(0, 4, 7)",V,C,E,F,6.375,3.0
52,G,C,4,F,"(0, 4, 7)",V,C,E,F,6.5,3.0
53,G,C,4,F,"(0, 4, 7)",V,C,E,F,6.625,3.0
54,G,C,4,F,"(0, 4, 7)",V,C,E,F,6.75,3.0
55,G,C,4,F,"(0, 4, 7)",V,C,E,F,6.875,3.0
56,G,C,0,F,"(0, 4, 7)",V,C,E,F,7.0,4.0
57,G,C,1,F,"(0, 4, 7)",V,C,E,F,7.125,4.0
58,G,C,2,F,"(0, 4, 7)",V,C,E,F,7.25,4.0
59,G,C,2,F,"(0, 4, 7)",V,C,E,F,7.375,4.0
60,G,C,3,F,"(0, 4, 7)",V,C,E,F,7.5,4.0
61,G,C,3,F,"(0, 4, 7)",V,C,E,F,7.625,4.0
62,G,C,3,F,"(0, 4, 7)",V,C,E,F,7.75,4.0
63,G,C,3,F,"(0, 4, 7)",V,C,E,F,7.875,4.0
64,G,C,4,F,"(0, 4, 7)",V,C,E,F,8.0,4.0
65,G,C,4,F,"(0, 5, 9)",V,C,E,F,8.125,4.0
66,G,C,4,F,"(0, 5, 9)",V,C,E,F,8.25,4.0
67,G,C,4,F,"(0, 5, 9)",V,C,E,F,8.375,4.0
68,G,C,4,F,"(0, 5, 9)",V,C,E,F,8.5,4.0
69,G,C,4,F,"(0, 5, 9)",V,C,E,F,8.625,4.0
70,G,C,4,F,"(0, 5, 9)",V,C,E,F,8.75,4.0
71,G,C,4,F,"(0, 5, 9)",V,C,E,F,8.875,4.0
72,C,F,0,F,"(0, 5, 9)",I,F,A,F,9.0,5.0
73,C,F,1,F,"(0, 5, 9)",I,F,A,F,9.125,5.0
74,C,F,2,F,"(0, 5, 9)",I,F,A,F,9.25,5.0
75,C,F,2,F,"(0, 5, 9)",I,F,A,F,9.375,5.0
76,C,F,3,F,"(0, 5, 9)",I,F,A,F,9.5,5.0
77,C,F,3,F,"(0, 5, 9)",I,F,A,F,9.625,5.0
78,C,F,3,F,"(0, 5, 9)",I,F,A,F,9.75,5.0
79,C,F,3,F,"(0, 5, 9)",I,F,A,F,9.875,5.0
80,C,F,4,F,"(0, 5, 9)",I,F,A,F,10.0,5.0
81,C,F,4,F,"(0, 5, 9)",I,F,A,F,10.125,5.0
82,C,F,4,F,"(0, 5, 9)",I,F,A,F,10.25,5.0
83,C,F,4,F,"(0, 5, 9)",I,F,A,F,10.375,5.0
84,C,F,4,F,"(0, 5, 9)",I,F,A,F,10.5,5.0
85,C,F,4,F,"(0, 5, 9)",I,F,A,F,10.625,5.0
86,C,F,4,F,"(0, 5, 9)",I,F,A,F,10.75,5.0
87,C,F,4,F,"(0, 5, 9)",I,F,A,F,10.875,5.0
88,G,C,0,F,"(0, 4, 7, 10)",I,B-,E,F,11.0,6.0
89,G,C,1,F,"(0, 4, 7, 10)",I,B-,E,F,11.125,6.0
90,G,C,2,F,"(0, 4, 7, 10)",I,B-,E,F,11.25,6.0
91,G,C,2,F,"(0, 4, 7, 10)",I,B-,E,F,11.375,6.0
92,G,C,3,F,"(0, 4, 7, 10)",I,B-,E,F,11.5,6.0
93,G,C,3,F,"(0, 4, 7, 10)",I,B-,E,F,11.625,6.0
94,G,C,3,F,"(0, 4, 7, 10)",I,B-,E,F,11.75,6.0
95,G,C,3,F,"(0, 4, 7, 10)",I,B-,E,F,11.875,6.0
96,C,F,4,F,"(0, 5, 9)",I,F,A,F,12.0,6.0
97,C,F,4,F,"(0, 5, 9)",I,F,A,F,12.125,6.0
98,C,F,4,F,"(0, 5, 9)",I,F,A,F,12.25,6.0
99,C,F,4,F,"(0, 5, 9)",I,F,A,F,12.375,6.0
100,C,F,4,F,"(0, 5, 9)",I,F,A,F,12.5,6.0
101,C,F,4,F,"(0, 5, 9)",I,F,A,F,12.625,6.0
102,C,F,4,F,"(0, 5, 9)",I,F,A,F,12.75,6.0
103,C,F,4,F,"(0, 5, 9)",I,F,A,F,12.875,6.0
104,G,B-,0,F,"(2, 7, 10)",ii,G,D,F,13.0,7.0
105,G,B-,1,F,"(2, 7, 10)",ii,G,D,F,13.125,7.0
106,G,B-,2,F,"(2, 7, 10)",ii,G,D,F,13.25,7.0
107,G,B-,2,F,"(2, 7, 10)",ii,G,D,F,13.375,7.0
108,G,B-,3,F,"(2, 7, 10)",ii,G,D,F,13.5,7.0
109,G,B-,3,F,"(2, 7, 10)",ii,G,D,F,13.625,7.0
110,G,B-,3,F,"(2, 7, 10)",ii,G,D,F,13.75,7.0
111,G,B-,3,F,"(2, 7, 10)",ii,G,D,F,13.875,7.0
112,G,C,0,F,"(0, 4, 7, 10)",V7,B-,E,F,14.0,7.0
113,G,C,1,F,"(0, 4, 7, 10)",V7,B-,E,F,14.125,7.0
114,G,C,2,F,"(0, 4, 7, 10)",V7,B-,E,F,14.25,7.0
115,G,C,2,F,"(0, 4, 7, 10)",V7,B-,E,F,14.375,7.0
116,G,C,3,F,"(0, 4, 7, 10)",V7,B-,E,F,14.5,7.0
117,G,C,3,F,"(0, 4, 7, 10)",V7,B-,E,F,14.625,7.0
118,G,C,3,F,"(0, 4, 7, 10)",V7,B-,E,F,14.75,7.0
119,G,C,3,F,"(0, 4, 7, 10)",V7,B-,E,F,14.875,7.0
120,C,F,0,F,"(0, 5, 9)",I,F,A,F,15.0,8.0
121,C,F,1,F,"(0, 5, 9)",I,F,A,F,15.125,8.0
122,C,F,2,F,"(0, 5, 9)",I,F,A,F,15.25,8.0
123,C,F,2,F,"(0, 5, 9)",I,F,A,F,15.375,8.0
124,C,F,3,F,"(0, 5, 9)",I,F,A,F,15.5,8.0
125,C,F,3,F,"(0, 5, 9)",I,F,A,F,15.625,8.0
126,C,F,3,F,"(0, 5, 9)",I,F,A,F,15.75,8.0
127,C,F,3,F,"(0, 5, 9)",I,F,A,F,15.875,8.0
128,C,F,4,F,"(0, 5, 9)",I,F,A,F,16.0,8.0
129,C,F,4,F,"(0, 5, 9)",I,F,A,F,16.125,8.0
130,C,F,4,F,"(0, 5, 9)",I,F,A,F,16.25,8.0
131,C,F,4,F,"(0, 5, 9)",I,F,A,F,16.375,8.0
132,C,F,4,F,"(0, 5, 9)",I,F,A,F,16.5,8.0
133,C,F,4,F,"(0, 5, 9)",I,F,A,F,16.625,8.0
134,C,F,4,F,"(0, 5, 9)",I,F,A,F,16.75,8.0
135,C,F,4,F,"(0, 5, 9)",I,F,A,F,16.875,8.0
136,C,F,0,F,"(0, 5, 9)",I,F,A,F,17.0,9.0
137,C,F,1,F,"(0, 5, 9)",I,F,A,F,17.125,9.0
138,C,F,2,F,"(0, 5, 9)",I,F,A,F,17.25,9.0
139,C,F,2,F,"(0, 5, 9)",I,F,A,F,17.375,9.0
140,C,F,3,F,"(0, 5, 9)",I,F,A,F,17.5,9.0
141,C,F,3,F,"(0, 5, 9)",I,F,A,F,17.625,9.0
142,C,F,3,F,"(0, 5, 9)",I,F,A,F,17.75,9.0
143,C,F,3,F,"(0, 5, 9)",I,F,A,F,17.875,9.0
144,C,F,4,F,"(0, 5, 9)",I,F,A,F,18.0,9.0
145,C,F,4,F,"(0, 5, 9)",I,F,A,F,18.125,9.0
146,C,F,4,F,"(0, 5, 9)",I,F,A,F,18.25,9.0
147,C,F,4,F,"(0, 5, 9)",I,F,A,F,18.375,9.0
148,C,F,4,F,"(0, 5, 9)",I,F,A,F,18.5,9.0
149,C,F,4,F,"(0, 5, 9)",I,F,A,F,18.625,9.0
150,C,F,4,F,"(0, 5, 9)",I,F,A,F,18.75,9.0
151,C,F,4,F,"(0, 5, 9)",I,F,A,F,18.875,9.0
152,C,F,0,F,"(0, 5, 9)",I,C,G,F,19.0,10.0
153,C,F,1,F,"(0, 5, 9)",I,C,G,F,19.125,10.0
154,C,F,2,F,"(0, 5, 9)",I,C,G,F,19.25,10.0
155,C,F,2,F,"(0, 5, 9)",I,C,G,F,19.375,10.0
156,C,F,3,F,"(0, 5, 9)",I,C,G,F,19.5,10.0
157,C,F,3,F,"(0, 5, 9)",I,C,G,F,19.625,10.0
158,C,F,3,F,"(0, 5, 9)",I,C,G,F,19.75,10.0
159,C,F,3,F,"(0, 5, 9)",I,C,G,F,19.875,10.0
160,C,F,4,F,"(0, 5, 9)",I,F,A,F,20.0,10.0
161,C,F,4,F,"(0, 5, 9)",I,F,A,F,20.125,10.0
162,C,F,2,F,"(0, 5, 9)",I,F,A,F,20.25,10.0
163,C,F,4,F,"(0, 5, 9)",I,F,A,F,20.375,10.0
164,C,F,3,F,"(0, 5, 9)",I,F,A,F,20.5,10.0
165,C,F,3,F,"(0, 5, 9)",I,F,A,F,20.625,10.0
166,C,F,3,F,"(0, 5, 9)",I,F,A,F,20.75,10.0
167,C,F,3,F,"(0, 5, 9)",I,F,A,F,20.875,10.0
168,G,C,0,F,"(0, 4, 7)",V,C,E,F,21.0,11.0
169,G,C,1,F,"(0, 4, 7)",V,C,E,F,21.125,11.0
170,G,C,2,F,"(0, 4, 7)",V,C,E,F,21.25,11.0
171,G,C,2,F,"(0, 4, 7)",V,C,E,F,21.375,11.0
172,G,C,3,F,"(0, 4, 7)",V,C,E,F,21.5,11.0
173,G,C,3,F,"(0, 4, 7)",V,C,E,F,21.625,11.0
174,G,C,3,F,"(0, 4, 7)",V,C,E,F,21.75,11.0
175,G,C,3,F,"(0, 4, 7)",V,C,E,F,21.875,11.0
176,G,C,4,F,"(0, 4, 7)",V,C,E,F,22.0,11.0
177,G,C,4,F,"(0, 4, 7)",V,C,E,F,22.125,11.0
178,G,C,4,F,"(0, 4, 7)",V,C,E,F,22.25,11.0
179,G,C,4,F,"(0, 4, 7)",V,C,E,F,22.375,11.0
180,G,C,4,F,"(0, 4, 7)",V,C,E,F,22.5,11.0
181,G,C,4,F,"(0, 4, 7)",V,C,E,F,22.625,11.0
182,G,C,4,F,"(0, 4, 7)",V,C,E,F,22.75,11.0
183,G,C,4,F,"(0, 4, 7)",V,C,E,F,22.875,11.0
184,G,C,0,F,"(0, 4, 7)",V,C,E,F,23.0,12.0
185,G,C,1,F,"(0, 4, 7)",V,C,E,F,23.125,12.0
186,G,C,2,F,"(0, 4, 7)",V,C,E,F,23.25,12.0
187,G,C,2,F,"(0, 4, 7)",V,C,E,F,23.375,12.0
188,G,C,3,F,"(0, 4, 7)",V,C,E,F,23.5,12.0
189,G,C,3,F,"(0, 4, 7)",V,C,E,F,23.625,12.0
190,G,C,3,F,"(0, 4, 7)",V,C,E,F,23.75,12.0
191,G,C,3,F,"(0, 4, 7)",V,C,E,F,23.875,12.0
192,G,C,4,F,"(0, 4, 7)",I,C,E,F,24.0,12.0
193,G,C,4,F,"(0, 5, 9)",I,F,E,F,24.125,12.0
194,G,C,4,F,"(0, 5, 9)",I,F,E,F,24.25,12.0
195,G,C,4,F,"(0, 5, 9)",I,F,E,F,24.375,12.0
196,G,C,4,F,"(0, 5, 9)",I,F,E,F,24.5,12.0
197,G,C,4,F,"(0, 5, 9)",I,F,E,F,24.625,12.0
198,G,C,4,F,"(0, 5, 9)",I,F,E,F,24.75,12.0
199,G,C,4,F,"(0, 5, 9)",I,F,E,F,24.875,12.0
200,C,F,0,F,"(0, 5, 9)",I,F,A,F,25.0,13.0
201,C,F,1,F,"(0, 5, 9)",I,F,A,F,25.125,13.0
202,C,F,2,F,"(0, 5, 9)",I,F,A,F,25.25,13.0
203,C,F,2,F,"(0, 5, 9)",I,F,A,F,25.375,13.0
204,C,F,3,F,"(0, 5, 9)",I,F,A,F,25.5,13.0
205,C,F,3,F,"(0, 5, 9)",I,F,A,F,25.625,13.0
206,C,F,3,F,"(0, 5, 9)",I,F,A,F,25.75,13.0
207,C,F,3,F,"(0, 5, 9)",I,F,A,F,25.875,13.0
208,C,F,4,F,"(0, 5, 9)",I,F,A,F,26.0,13.0
209,C,F,4,F,"(0, 5, 9)",I,F,A,F,26.125,13.0
210,C,F,4,F,"(0, 5, 9)",I,F,A,F,26.25,13.0
211,C,F,4,F,"(0, 5, 9)",I,F,A,F,26.375,13.0
212,C,F,4,F,"(0, 5, 9)",I,F,A,F,26.5,13.0
213,C,F,4,F,"(0, 5, 9)",I,F,A,F,26.625,13.0
214,C,F,4,F,"(0, 5, 9)",I,F,A,F,26.75,13.0
215,C,F,4,F,"(0, 5, 9)",I,F,A,F,26.875,13.0
216,C,E,0,F,"(0, 4, 7, 10)",I,C,G,F,27.0,14.0
217,C,E,1,F,"(0, 5, 9)",I,C,G,F,27.125,14.0
218,C,E,2,F,"(0, 5, 9)",I,C,G,F,27.25,14.0
219,C,E,2,F,"(0, 5, 9)",I,C,G,F,27.375,14.0
220,C,F,3,F,"(0, 5, 9)",I,C,G,F,27.5,14.0
221,C,F,3,F,"(0, 5, 9)",I,C,G,F,27.625,14.0
222,C,F,3,F,"(0, 5, 9)",I,C,G,F,27.75,14.0
223,C,F,3,F,"(0, 5, 9)",I,C,G,F,27.875,14.0
224,C,F,0,F,"(0, 5, 9)",I,F,A,F,28.0,14.0
225,C,F,1,F,"(0, 5, 9)",I,F,A,F,28.125,14.0
226,C,F,2,F,"(0, 5, 9)",I,F,A,F,28.25,14.0
227,C,F,2,F,"(0, 5, 9)",I,F,A,F,28.375,14.0
228,C,F,3,F,"(0, 5, 9)",I,F,A,F,28.5,14.0
229,C,F,3,F,"(0, 5, 9)",I,F,A,F,28.625,14.0
230,C,F,3,F,"(0, 5, 9)",I,F,A,F,28.75,14.0
231,C,F,3,F,"(0, 5, 9)",I,F,A,F,28.875,14.0
232,D,G,0,F,"(0, 4, 7)",V,C,G,F,29.0,15.0
233,D,G,1,F,"(0, 4, 7)",V,C,B,F,29.125,15.0
234,D,G,2,F,"(0, 4, 7)",V,C,B,F,29.25,15.0
235,D,G,2,F,"(0, 4, 7)",V,C,B,F,29.375,15.0
236,D,G,3,F,"(0, 4, 7)",V,C,B,F,29.5,15.0
237,D,G,3,F,"(0, 4, 7)",V,C,B,F,29.625,15.0
238,D,G,3,F,"(0, 4, 7)",V,C,B,F,29.75,15.0
239,D,G,3,F,"(0, 4, 7)",V,C,B,F,29.875,15.0
240,D,G,4,F,"(2, 5, 7, 11)",V,F,B,F,30.0,15.0
241,D,G,4,F,"(2, 5, 7, 11)",V,F,B,F,30.125,15.0
242,D,G,4,F,"(2, 5, 7, 11)",V,F,B,F,30.25,15.0
243,D,G,4,F,"(2, 5, 7, 11)",V,F,B,F,30.375,15.0
244,D,G,3,F,"(2, 5, 7, 11)",V,G,B,C,30.5,15.0
245,D,G,3,F,"(2, 5, 7, 11)",V,G,B,C,30.625,15.0
246,D,G,3,F,"(2, 5, 7, 11)",V,G,B,C,30.75,15.0
247,D,G,3,F,"(2, 5, 7, 11)",V,G,B,C,30.875,15.0
248,G,C,0,F,"(0, 4, 7)",V,C,E,F,31.0,16.0
249,G,C,1,F,"(0, 4, 7)",V,C,E,F,31.125,16.0
250,G,C,2,F,"(0, 4, 7)",V,C,E,F,31.25,16.0
251,G,C,2,F,"(0, 4, 7)",V,C,E,F,31.375,16.0
252,G,C,3,F,"(0, 4, 7)",V,C,E,F,31.5,16.0
253,G,C,3,F,"(0, 4, 7)",V,C,E,F,31.625,16.0
254,G,C,3,F,"(0, 4, 7)",V,C,E,F,31.75,16.0
255,G,C,3,F,"(0, 4, 7)",V,C,E,F,31.875,16.0
256,G,C,4,F,"(0, 4, 7)",V,C,E,F,32.0,16.0
257,G,C,4,F,"(0, 4, 7)",V,C,E,F,32.125,16.0
258,G,C,4,F,"(0, 4, 7)",V,C,E,F,32.25,16.0
259,G,C,4,F,"(0, 4, 7)",V,C,E,F,32.375,16.0
260,G,C,0,F,"(0, 4, 7)",V,C,E,F,32.5,16.0
261,G,C,4,F,"(0, 4, 7)",V,C,E,F,32.625,16.0
262,G,C,4,F,"(0, 4, 7)",V,C,E,F,32.75,16.0
263,G,C,4,F,"(0, 4, 7)",V,C,E,F,32.875,16.0
264,E,G,0,F,"(0, 4, 7)",V,C,C,F,33.0,17.0
265,E,G,1,F,"(0, 4, 7)",V,C,C,F,33.125,17.0
266,E,G,2,F,"(0, 4, 7)",V,C,C,F,33.25,17.0
267,E,G,2,F,"(0, 4, 7)",V,C,C,F,33.375,17.0
268,D,G,3,F,"(2, 7, 11)",V,G,B,C,33.5,17.0
269,D,G,3,F,"(2, 7, 11)",V,G,B,C,33.625,17.0
270,D,G,3,F,"(2, 7, 11)",V,G,B,C,33.75,17.0
271,D,G,3,F,"(2, 7, 11)",V,G,B,C,33.875,17.0
272,D,G,0,F,"(2, 7, 11)",V,G,B,C,34.0,17.0
273,D,G,1,F,"(2, 7, 11)",V,G,B,C,34.125,17.0
274,D,G,2,F,"(2, 7, 11)",V,G,B,C,34.25,17.0
275,D,G,2,F,"(2, 7, 11)",V,G,B,C,34.375,17.0
276,D,G,4,F,"(2, 7, 11)",V,G,B,C,34.5,17.0
277,D,G,4,F,"(2, 7, 11)",V,G,B,C,34.625,17.0
278,D,G,2,F,"(2, 7, 11)",V,G,B,C,34.75,17.0
279,D,G,4,F,"(2, 7, 11)",V,G,B,C,34.875,17.0
280,G,C,0,F,"(0, 4, 7)",I,C,E,F,35.0,18.0
281,G,C,1,F,"(0, 4, 7)",I,C,E,F,35.125,18.0
282,G,C,2,F,"(0, 4, 7)",I,C,E,F,35.25,18.0
283,G,C,2,F,"(0, 4, 7)",I,C,E,F,35.375,18.0
284,G,C,3,F,"(0, 4, 7)",I,C,E,F,35.5,18.0
285,G,C,3,F,"(0, 4, 7)",I,C,E,F,35.625,18.0
286,G,C,3,F,"(0, 4, 7)",I,C,E,F,35.75,18.0
287,G,C,3,F,"(0, 4, 7)",I,C,E,F,35.875,18.0
288,G,C,4,F,"(0, 4, 7)",I,C,E,F,36.0,18.0
289,G,C,4,F,"(0, 4, 7)",I,C,E,F,36.125,18.0
290,G,C,4,F,"(0, 4, 7)",I,C,E,F,36.25,18.0
291,G,C,4,F,"(0, 4, 7)",I,C,E,F,36.375,18.0
292,G,C,0,F,"(0, 4, 7)",I,C,E,F,36.5,18.0
293,G,C,1,F,"(0, 4, 7)",I,C,E,F,36.625,18.0
294,G,C,4,F,"(0, 4, 7)",I,C,E,F,36.75,18.0
295,G,C,4,F,"(0, 4, 7)",I,C,E,F,36.875,18.0
296,D,G,0,F,"(0, 4, 7)",V,C,B,C,37.0,19.0
297,D,G,1,F,"(0, 4, 7)",V,C,C,C,37.125,19.0
298,D,G,2,F,"(0, 4, 7)",V,C,C,C,37.25,19.0
299,D,G,2,F,"(0, 4, 7)",V,C,C,C,37.375,19.0
300,D,G,3,F,"(2, 7, 11)",V,G,B,C,37.5,19.0
301,D,G,3,F,"(2, 7, 11)",V,G,B,C,37.625,19.0
302,D,G,3,F,"(2, 7, 11)",V,G,B,C,37.75,19.0
303,D,G,3,F,"(2, 7, 11)",V,G,B,C,37.875,19.0
304,D,G,0,F,"(2, 7, 11)",V,G,B,C,38.0,19.0
305,D,G,1,F,"(2, 7, 11)",V,G,B,C,38.125,19.0
306,D,G,2,F,"(2, 7, 11)",V,G,B,C,38.25,19.0
307,D,G,2,F,"(2, 7, 11)",V,G,B,C,38.375,19.0
308,D,G,4,F,"(2, 7, 11)",V,G,B,C,38.5,19.0
309,D,G,4,F,"(2, 7, 11)",V,G,B,C,38.625,19.0
310,D,G,2,F,"(2, 7, 11)",V,G,B,C,38.75,19.0
311,D,G,4,F,"(2, 7, 11)",V,G,B,C,38.875,19.0
312,G,C,0,F,"(0, 4, 7)",I,C,E,F,39.0,20.0
313,G,C,1,F,"(0, 4, 7)",I,C,E,F,39.125,20.0
314,G,C,2,F,"(0, 4, 7)",I,C,E,F,39.25,20.0
315,G,C,2,F,"(0, 4, 7)",I,C,E,F,39.375,20.0
316,G,C,3,F,"(0, 4, 7)",I,C,E,F,39.5,20.0
317,G,C,3,F,"(0, 4, 7)",I,C,E,F,39.625,20.0
318,G,C,3,F,"(0, 4, 7)",I,C,E,F,39.75,20.0
319,G,C,3,F,"(0, 4, 7)",I,C,E,F,39.875,20.0
320,G,C,4,F,"(0, 4, 7)",I,C,E,F,40.0,20.0
321,G,C,4,F,"(0, 4, 7)",I,C,E,F,40.125,20.0
322,G,C,4,F,"(0, 4, 7)",I,C,E,F,40.25,20.0
323,G,C,4,F,"(0, 4, 7)",I,C,E,F,40.375,20.0
324,G,C,4,F,"(0, 4, 7)",I,C,E,F,40.5,20.0
325,G,C,4,F,"(0, 4, 7)",I,C,E,F,40.625,20.0
326,G,C,4,F,"(0, 4, 7)",I,C,E,F,40.75,20.0
327,G,C,4,F,"(0, 4, 7)",I,C,E,F,40.875,20.0
328,C,F,0,F,"(0, 5, 9)",I,F,A,F,41.0,21.0
329,C,F,1,F,"(0, 5, 9)",I,F,A,F,41.125,21.0
330,C,F,2,F,"(0, 5, 9)",I,F,A,F,41.25,21.0
331,C,F,2,F,"(0, 5, 9)",I,F,A,F,41.375,21.0
332,C,F,3,F,"(0, 5, 9)",I,F,A,F,41.5,21.0
333,C,F,3,F,"(0, 5, 9)",I,F,A,F,41.625,21.0
334,C,F,3,F,"(0, 5, 9)",I,F,A,F,41.75,21.0
335,C,F,3,F,"(0, 5, 9)",I,F,A,F,41.875,21.0
336,C,F,4,F,"(0, 5, 9)",I,F,A,F,42.0,21.0
337,C,F,4,F,"(0, 5, 9)",I,F,A,F,42.125,21.0
338,C,F,4,F,"(0, 5, 9)",I,F,A,F,42.25,21.0
339,C,F,4,F,"(0, 5, 9)",I,F,A,F,42.375,21.0
340,C,F,4,F,"(0, 5, 9)",I,F,A,F,42.5,21.0
341,C,F,4,F,"(0, 5, 9)",I,F,A,F,42.625,21.0
342,C,F,4,F,"(0, 5, 9)",I,F,A,F,42.75,21.0
343,C,F,4,F,"(0, 5, 9)",I,F,A,F,42.875,21.0
344,B-,E,0,F,"(0, 4, 7, 10)",V7,C,G,F,43.0,22.0
345,B-,E,1,F,"(0, 4, 7, 10)",V7,C,G,F,43.125,22.0
346,B-,E,2,F,"(0, 4, 7, 10)",V7,C,G,F,43.25,22.0
347,B-,E,2,F,"(0, 4, 7, 10)",V7,C,G,F,43.375,22.0
348,B-,E,3,F,"(0, 4, 7, 10)",V7,C,G,F,43.5,22.0
349,B-,E,3,F,"(0, 4, 7, 10)",V7,C,G,F,43.625,22.0
350,B-,E,3,F,"(0, 4, 7, 10)",V7,C,G,F,43.75,22.0
351,B-,E,3,F,"(0, 4, 7, 10)",V7,C,G,F,43.875,22.0
352,C,F,0,F,"(0, 5, 9)",I,F,A,F,44.0,22.0
353,C,F,1,F,"(0, 5, 9)",I,F,A,F,44.125,22.0
354,C,F,2,F,"(0, 5, 9)",I,F,A,F,44.25,22.0
355,C,F,2,F,"(0, 5, 9)",I,F,A,F,44.375,22.0
356,C,F,3,F,"(0, 5, 9)",I,F,A,F,44.5,22.0
357,C,F,3,F,"(0, 5, 9)",I,F,A,F,44.625,22.0
358,C,F,3,F,"(0, 5, 9)",I,F,A,F,44.75,22.0
359,C,F,3,F,"(0, 5, 9)",I,F,A,F,44.875,22.0
360,E,B-,0,F,"(0, 4, 7, 10)",V7,G,C,F,45.0,23.0
361,E,B-,1,F,"(0, 4, 7, 10)",V7,G,C,F,45.125,23.0
362,E,B-,2,F,"(0, 4, 7, 10)",V7,G,C,F,45.25,23.0
363,E,B-,2,F,"(0, 4, 7, 10)",V7,G,C,F,45.375,23.0
364,F,A,0,F,"(0, 5, 9)",I,F,C,F,45.5,23.0
365,F,A,1,F,"(0, 5, 9)",I,F,C,F,45.625,23.0
366,F,A,2,F,"(0, 5, 9)",I,F,C,F,45.75,23.0
367,F,A,2,F,"(0, 5, 9)",I,F,C,F,45.875,23.0
368,B-,E,0,F,"(0, 4, 7, 10)",I,C,G,F,46.0,23.0
369,B-,E,1,F,"(0, 4, 7, 10)",I,C,G,F,46.125,23.0
370,B-,E,2,F,"(0, 4, 7, 10)",I,C,G,F,46.25,23.0
371,B-,E,2,F,"(0, 4, 7, 10)",I,C,G,F,46.375,23.0
372,C,F,0,F,"(0, 5, 9)",I,F,A,F,46.5,23.0
373,C,F,1,F,"(0, 5, 9)",I,F,A,F,46.625,23.0
374,C,F,2,F,"(0, 5, 9)",I,F,A,F,46.75,23.0
375,C,F,2,F,"(0, 5, 9)",I,F,A,F,46.875,23.0
376,G,C,0,F,"(0, 4, 7)",V,C,E,F,47.0,24.0
377,G,C,1,F,"(0, 4, 7)",V,C,E,F,47.125,24.0
378,G,C,2,F,"(0, 4, 7)",V,C,E,F,47.25,24.0
379,G,C,2,F,"(0, 4, 7)",V,C,E,F,47.375,24.0
380,G,C,3,F,"(0, 4, 7)",V,C,E,F,47.5,24.0
381,G,C,3,F,"(0, 4, 7)",V,C,E,F,47.625,24.0
382,G,C,3,F,"(0, 4, 7)",V,C,E,F,47.75,24.0
383,G,C,3,F,"(0, 4, 7)",V,C,E,F,47.875,24.0
384,G,C,4,F,"(0, 4, 7)",V,C,E,F,48.0,24.0
385,G,C,4,F,"(0, 4, 7)",V,C,E,F,48.125,24.0
386,G,C,4,F,"(0, 4, 7)",V,C,E,F,48.25,24.0
387,G,C,4,F,"(0, 4, 7)",V,C,E,F,48.375,24.0
388,G,C,4,F,"(0, 4, 7)",V,C,E,F,48.5,24.0
389,G,C,4,F,"(0, 4, 7)",V,C,E,F,48.625,24.0
390,G,C,4,F,"(0, 4, 7)",V,C,E,F,48.75,24.0
391,G,C,4,F,"(0, 4, 7)",V,C,E,F,48.875,24.0
392,C,F,0,F,"(0, 5, 9)",I,F,A,F,49.0,25.0
393,C,F,1,F,"(0, 5, 9)",I,F,A,F,49.125,25.0
394,C,F,2,F,"(0, 5, 9)",I,F,A,F,49.25,25.0
395,C,F,2,F,"(0, 5, 9)",I,F,A,F,49.375,25.0
396,C,F,3,F,"(0, 5, 9)",I,F,A,F,49.5,25.0
397,C,F,3,F,"(0, 5, 9)",I,F,A,F,49.625,25.0
398,C,F,3,F,"(0, 5, 9)",I,F,A,F,49.75,25.0
399,C,F,3,F,"(0, 5, 9)",I,F,A,F,49.875,25.0
400,C,F,4,F,"(0, 5, 9)",I,F,A,F,50.0,25.0
401,C,F,4,F,"(0, 5, 9)",I,F,A,F,50.125,25.0
402,C,F,4,F,"(0, 5, 9)",I,F,A,F,50.25,25.0
403,C,F,4,F,"(0, 5, 9)",I,F,A,F,50.375,25.0
404,C,F,4,F,"(0, 5, 9)",I,F,A,F,50.5,25.0
405,C,F,4,F,"(0, 5, 9)",I,F,A,F,50.625,25.0
406,C,F,4,F,"(0, 5, 9)",I,F,A,F,50.75,25.0
407,C,F,4,F,"(0, 5, 9)",I,F,A,F,50.875,25.0
408,B-,E,0,F,"(0, 4, 7, 10)",V7,C,G,F,51.0,26.0
409,B-,E,1,F,"(0, 4, 7, 10)",V7,C,G,F,51.125,26.0
410,B-,E,2,F,"(0, 4, 7, 10)",V7,C,G,F,51.25,26.0
411,B-,E,2,F,"(0, 4, 7, 10)",V7,C,G,F,51.375,26.0
412,B-,E,3,F,"(0, 4, 7, 10)",V7,C,G,F,51.5,26.0
413,B-,E,3,F,"(0, 4, 7, 10)",V7,C,G,F,51.625,26.0
414,B-,E,3,F,"(0, 4, 7, 10)",V7,C,G,F,51.75,26.0
415,B-,E,3,F,"(0, 4, 7, 10)",V7,C,G,F,51.875,26.0
416,C,F,0,F,"(0, 5, 9)",I,F,A,F,52.0,26.0
417,C,F,1,F,"(0, 5, 9)",I,F,A,F,52.125,26.0
418,C,F,2,F,"(0, 5, 9)",I,F,A,F,52.25,26.0
419,C,F,2,F,"(0, 5, 9)",I,F,A,F,52.375,26.0
420,C,F,3,F,"(0, 5, 9)",I,F,A,F,52.5,26.0
421,C,F,3,F,"(0, 5, 9)",I,F,A,F,52.625,26.0
422,C,F,3,F,"(0, 5, 9)",I,F,A,F,52.75,26.0
423,C,F,3,F,"(0, 5, 9)",I,F,A,F,52.875,26.0
424,D,G,0,F,"(2, 5, 7, 11)",V7,F,B,C,53.0,27.0
425,D,G,1,F,"(2, 5, 7, 11)",V7,F,B,C,53.125,27.0
426,D,G,2,F,"(2, 5, 7, 11)",V7,F,B,C,53.25,27.0
427,D,G,2,F,"(2, 5, 7, 11)",V7,F,B,C,53.375,27.0
428,D,G,3,F,"(2, 5, 7, 11)",V7,F,B,C,53.5,27.0
429,D,G,3,F,"(2, 5, 7, 11)",V7,F,B,C,53.625,27.0
430,D,G,3,F,"(2, 5, 7, 11)",V7,F,B,C,53.75,27.0
431,D,G,3,F,"(2, 5, 7, 11)",V7,F,B,C,53.875,27.0
432,D,G,4,F,"(2, 5, 7, 11)",V7,F,B,C,54.0,27.0
433,D,G,4,F,"(2, 5, 7, 11)",V7,F,B,C,54.125,27.0
434,D,G,4,F,"(2, 5, 7, 11)",V7,F,B,C,54.25,27.0
435,D,G,4,F,"(2, 5, 7, 11)",V7,F,B,C,54.375,27.0
436,D,G,4,F,"(2, 5, 7, 11)",V7,F,B,C,54.5,27.0
437,D,G,4,F,"(2, 5, 7, 11)",V7,F,B,C,54.625,27.0
438,D,G,4,F,"(2, 5, 7, 11)",V7,F,B,C,54.75,27.0
439,D,G,4,F,"(2, 5, 7, 11)",V7,F,B,C,54.875,27.0
440,G,C,0,F,"(0, 4, 7)",V,C,E,F,55.0,28.0
441,G,C,1,F,"(0, 4, 7)",V,C,E,F,55.125,28.0
442,G,C,2,F,"(0, 4, 7)",V,C,E,F,55.25,28.0
443,G,C,2,F,"(0, 4, 7)",V,C,E,F,55.375,28.0
444,G,C,3,F,"(0, 4, 7)",V,C,E,F,55.5,28.0
445,G,C,3,F,"(0, 4, 7)",V,C,E,F,55.625,28.0
446,G,C,3,F,"(0, 4, 7)",V,C,E,F,55.75,28.0
447,G,C,3,F,"(0, 4, 7)",V,C,E,F,55.875,28.0
448,G,C,4,F,"(0, 4, 7)",V,C,E,F,56.0,28.0
449,G,C,4,F,"(0, 4, 7)",V,C,E,F,56.125,28.0
450,G,C,4,F,"(0, 4, 7)",V,C,E,F,56.25,28.0
451,G,C,4,F,"(0, 4, 7)",V,C,E,F,56.375,28.0
452,G,C,4,F,"(0, 4, 7)",V,C,E,F,56.5,28.0
453,G,C,4,F,"(0, 4, 7)",V,C,E,F,56.625,28.0
454,G,C,4,F,"(0, 4, 7)",V,C,E,F,56.75,28.0
455,G,C,4,F,"(0, 4, 7)",V,C,E,F,56.875,28.0
456,G,C,0,F,"(0, 4, 7)",V,C,E,C,57.0,29.0
457,G,C,1,F,"(0, 4, 7)",V,C,E,F,57.125,29.0
458,G,C,2,F,"(0, 4, 7)",V,C,E,C,57.25,29.0
459,G,C,2,F,"(0, 4, 7)",V,C,E,C,57.375,29.0
460,G,C,3,F,"(0, 4, 7)",V,C,E,C,57.5,29.0
461,G,C,3,F,"(0, 4, 7)",V,C,E,C,57.625,29.0
462,G,C,3,F,"(0, 4, 7)",V,C,E,C,57.75,29.0
463,G,C,3,F,"(0, 4, 7)",V,C,E,C,57.875,29.0
464,D,G,0,F,"(2, 5, 7, 11)",V7,F,B,C,58.0,29.0
465,D,G,1,F,"(2, 5, 7, 11)",V7,F,B,C,58.125,29.0
466,D,G,2,F,"(2, 5, 7, 11)",V7,F,B,C,58.25,29.0
467,D,G,2,F,"(2, 5, 7, 11)",V7,F,B,C,58.375,29.0
468,D,G,3,F,"(2, 5, 7, 11)",V7,F,B,C,58.5,29.0
469,D,G,3,F,"(2, 5, 7, 11)",V7,F,B,C,58.625,29.0
470,D,G,3,F,"(2, 5, 7, 11)",V7,F,B,C,58.75,29.0
471,D,G,3,F,"(2, 5, 7, 11)",V7,F,B,C,58.875,29.0
472,G,C,0,F,"(0, 4, 7)",I,C,E,F,59.0,30.0
473,G,C,1,F,"(0, 4, 7)",I,C,E,F,59.125,30.0
474,G,C,2,F,"(0, 4, 7)",I,C,E,F,59.25,30.0
475,G,C,2,F,"(0, 4, 7)",I,C,E,F,59.375,30.0
476,G,C,3,F,"(0, 4, 7)",I,C,E,F,59.5,30.0
477,G,C,3,F,"(0, 4, 7)",I,C,E,F,59.625,30.0
478,G,C,3,F,"(0, 4, 7)",I,C,E,F,59.75,30.0
479,G,C,3,F,"(0, 4, 7)",I,C,E,F,59.875,30.0
480,G,C,4,F,"(0, 4, 7)",V,C,E,F,60.0,30.0
481,G,C,4,F,"(0, 4, 7)",V,C,E,F,60.125,30.0
482,G,C,4,F,"(0, 4, 7)",V,C,E,F,60.25,30.0
483,G,C,4,F,"(0, 4, 7)",V,C,E,F,60.375,30.0
484,G,C,4,F,"(0, 4, 7)",V,C,E,F,60.5,30.0
485,G,C,4,F,"(0, 4, 7)",V,C,E,F,60.625,30.0
486,G,C,4,F,"(0, 4, 7)",V,C,E,F,60.75,30.0
487,G,C,4,F,"(0, 4, 7)",V,C,E,F,60.875,30.0
488,G,C,0,F,"(0, 4, 7)",V,C,E,C,61.0,31.0
489,G,C,1,F,"(0, 4, 7)",V,C,E,C,61.125,31.0
490,G,C,2,F,"(0, 4, 7)",V,C,E,C,61.25,31.0
491,G,C,2,F,"(0, 4, 7)",V,C,E,C,61.375,31.0
492,G,C,3,F,"(0, 4, 7)",V,C,E,C,61.5,31.0
493,G,C,3,F,"(0, 4, 7)",V,C,E,C,61.625,31.0
494,G,C,3,F,"(0, 4, 7)",V,C,E,C,61.75,31.0
495,G,C,3,F,"(0, 4, 7)",V,C,E,C,61.875,31.0
496,D,G,0,F,"(2, 5, 7, 11)",V7,F,B,C,62.0,31.0
497,D,G,1,F,"(2, 5, 7, 11)",V7,F,B,C,62.125,31.0
498,D,G,2,F,"(2, 5, 7, 11)",V7,F,B,C,62.25,31.0
499,D,G,2,F,"(2, 5, 7, 11)",V7,F,B,C,62.375,31.0
500,D,G,3,F,"(2, 5, 7, 11)",V7,F,B,C,62.5,31.0
501,D,G,3,F,"(2, 5, 7, 11)",V7,F,B,C,62.625,31.0
502,D,G,3,F,"(2, 5, 7, 11)",V7,F,B,C,62.75,31.0
503,D,G,3,F,"(2, 5, 7, 11)",V7,F,B,C,62.875,31.0
504,G,C,0,F,"(0, 4, 7)",I,C,E,F,63.0,32.0
505,G,C,1,F,"(0, 4, 7)",I,C,E,F,63.125,32.0
506,G,C,2,F,"(0, 4, 7)",I,C,E,F,63.25,32.0
507,G,C,2,F,"(0, 4, 7)",I,C,E,F,63.375,32.0
508,G,C,3,F,"(0, 4, 7)",I,C,E,F,63.5,32.0
509,G,C,3,F,"(0, 4, 7)",I,C,E,F,63.625,32.0
510,G,C,3,F,"(0, 4, 7)",I,C,E,F,63.75,32.0
511,G,C,3,F,"(0, 4, 7)",I,C,E,F,63.875,32.0
512,E,C,4,F,"(0, 4, 9)",I,C,E,F,64.0,32.0
513,E,C,4,F,"(0, 4, 9)",I,C,E,F,64.125,32.0
514,E,C,4,F,"(0, 4, 9)",I,C,E,F,64.25,32.0
515,E,C,4,F,"(0, 4, 9)",I,C,E,F,64.375,32.0
516,E,C,4,F,"(0, 4, 9)",I,C,E,F,64.5,32.0
517,E,C,4,F,"(0, 4, 9)",I,C,E,F,64.625,32.0
518,E,C,4,F,"(0, 4, 9)",I,C,E,F,64.75,32.0
519,E,C,4,F,"(0, 4, 9)",I,C,E,F,64.875,32.0
520,A,D,0,F,"(2, 7, 10)",IV,D,F,F,65.0,33.0
521,A,D,1,F,"(2, 7, 10)",IV,D,F,F,65.125,33.0
522,A,D,2,F,"(2, 7, 10)",IV,D,F,F,65.25,33.0
523,A,D,2,F,"(2, 7, 10)",IV,D,F,F,65.375,33.0
524,A,D,3,F,"(2, 7, 10)",IV,D,F,F,65.5,33.0
525,A,D,3,F,"(2, 7, 10)",IV,D,F,F,65.625,33.0
526,A,D,3,F,"(2, 7, 10)",I,D,F#,F,65.75,33.0
527,A,D,3,F,"(2, 7, 10)",I,D,F#,F,65.875,33.0
528,B-,D,4,F,"(2, 7, 10)",ii,G,F#,F,66.0,33.0
529,B-,D,4,F,"(2, 7, 10)",ii,G,F#,F,66.125,33.0
530,B-,D,4,F,"(2, 7, 10)",ii,G,F#,F,66.25,33.0
531,B-,D,4,F,"(2, 7, 10)",ii,G,F#,F,66.375,33.0
532,A,D,4,F,"(2, 7, 10)",ii,D,F#,F,66.5,33.0
533,A,D,4,F,"(2, 7, 10)",ii,D,F#,g,66.625,33.0
534,A,D,4,F,"(2, 7, 10)",ii,D,F#,g,66.75,33.0
535,A,D,4,F,"(2, 7, 10)",ii,D,F#,g,66.875,33.0
536,D,G,0,F,"(2, 7, 10)",ii,G,B-,F,67.0,34.0
537,D,G,1,F,"(2, 7, 10)",ii,G,B-,F,67.125,34.0
538,D,G,2,F,"(2, 7, 10)",ii,G,B-,F,67.25,34.0
539,D,G,2,F,"(2, 7, 10)",ii,G,B-,F,67.375,34.0
540,D,G,3,F,"(2, 7, 10)",ii,G,B-,F,67.5,34.0
541,D,G,3,F,"(2, 7, 10)",ii,G,B-,F,67.625,34.0
542,D,G,3,F,"(2, 7, 10)",ii,G,B-,F,67.75,34.0
543,D,G,3,F,"(2, 7, 10)",ii,G,B-,F,67.875,34.0
544,D,G,4,F,"(2, 7, 10)",ii,G,B-,F,68.0,34.0
545,D,G,4,F,"(2, 7, 10)",ii,G,B-,F,68.125,34.0
546,D,G,4,F,"(2, 7, 10)",ii,G,B-,F,68.25,34.0
547,D,G,4,F,"(2, 7, 10)",ii,G,B-,F,68.375,34.0
548,D,G,4,F,"(2, 7, 10)",ii,G,B-,F,68.5,34.0
549,D,G,4,F,"(2, 7, 10)",ii,G,B-,F,68.625,34.0
550,D,G,4,F,"(2, 7, 10)",ii,G,B-,F,68.75,34.0
551,D,G,4,F,"(2, 7, 10)",ii,G,B-,F,68.875,34.0
552,G,C,0,F,"(0, 4, 7)",ii,C,E,F,69.0,35.0
553,G,C,1,F,"(0, 4, 7)",viio,C,E,F,69.125,35.0
554,G,C,2,F,"(0, 4, 7)",viio,C,E,F,69.25,35.0
555,G,C,2,F,"(0, 4, 7)",viio,C,E,F,69.375,35.0
556,G,C,3,F,"(0, 4, 7)",viio,C,E,F,69.5,35.0
557,G,C,3,F,"(0, 4, 7)",viio,C,E,F,69.625,35.0
558,G,C,3,F,"(0, 4, 7)",viio,C,E,F,69.75,35.0
559,G,C,3,F,"(0, 4, 7)",viio,C,E,F,69.875,35.0
560,G,C,4,F,"(0, 4, 7)",I,C,E,F,70.0,35.0
561,G,C,4,F,"(0, 4, 7)",I,C,E,F,70.125,35.0
562,G,C,4,F,"(0, 4, 7)",I,C,E,F,70.25,35.0
563,G,C,4,F,"(0, 4, 7)",I,C,E,F,70.375,35.0
564,G,C,4,F,"(0, 4, 7)",V,C,E,F,70.5,35.0
565,G,C,4,F,"(0, 4, 7)",V,C,E,F,70.625,35.0
566,G,C,4,F,"(0, 4, 7)",V,C,E,F,70.75,35.0
567,G,C,4,F,"(0, 4, 7)",V,C,E,F,70.875,35.0
568,C,F,0,F,"(0, 5, 9)",I,F,A,F,71.0,36.0
569,C,F,1,F,"(0, 5, 9)",I,F,A,F,71.125,36.0
570,C,F,2,F,"(0, 5, 9)",I,F,A,F,71.25,36.0
571,C,F,2,F,"(0, 5, 9)",I,F,A,F,71.375,36.0
572,C,F,3,F,"(0, 5, 9)",I,F,A,F,71.5,36.0
573,C,F,3,F,"(0, 5, 9)",I,F,A,F,71.625,36.0
574,C,F,3,F,"(0, 5, 9)",I,F,A,F,71.75,36.0
575,C,F,3,F,"(0, 5, 9)",I,F,A,F,71.875,36.0
576,C,F,4,F,"(0, 5, 9)",I,F,A,F,72.0,36.0
577,C,F,4,F,"(0, 5, 9)",I,F,A,F,72.125,36.0
578,C,F,4,F,"(0, 5, 9)",I,F,A,F,72.25,36.0
579,C,F,4,F,"(0, 5, 9)",I,F,A,F,72.375,36.0
580,C,F,4,F,"(0, 5, 9)",I,F,A,F,72.5,36.0
581,C,F,4,F,"(0, 5, 9)",I,F,A,F,72.625,36.0
582,C,F,4,F,"(0, 5, 9)",I,F,A,F,72.75,36.0
583,C,F,4,F,"(0, 5, 9)",I,F,A,F,72.875,36.0
584,C,F,0,F,"(0, 5, 9)",I,F,A,F,73.0,37.0
585,C,F,1,F,"(0, 5, 9)",I,F,A,F,73.125,37.0
586,C,F,2,F,"(0, 5, 9)",I,F,A,F,73.25,37.0
587,C,F,2,F,"(0, 5, 9)",I,F,A,F,73.375,37.0
588,C,F,3,F,"(0, 5, 9)",I,F,A,F,73.5,37.0
589,C,F,3,F,"(0, 5, 9)",I,F,A,F,73.625,37.0
590,C,F,3,F,"(0, 5, 9)",I,F,A,F,73.75,37.0
591,C,F,3,F,"(0, 5, 9)",I,F,A,F,73.875,37.0
592,C,F,4,F,"(0, 5, 9)",I,F,A,F,74.0,37.0
593,C,F,4,F,"(0, 5, 9)",I,F,A,F,74.125,37.0
594,C,F,4,F,"(0, 5, 9)",I,F,A,F,74.25,37.0
595,C,F,4,F,"(0, 5, 9)",I,F,A,F,74.375,37.0
596,C,F,4,F,"(0, 5, 9)",I,F,A,F,74.5,37.0
597,C,F,4,F,"(0, 5, 9)",I,F,A,F,74.625,37.0
598,C,F,4,F,"(0, 5, 9)",I,F,A,F,74.75,37.0
599,C,F,4,F,"(0, 5, 9)",I,F,A,F,74.875,37.0
600,B-,E,0,F,"(0, 4, 7, 10)",I,C,G,F,75.0,38.0
601,B-,E,1,F,"(0, 4, 7, 10)",I,C,G,F,75.125,38.0
602,B-,E,2,F,"(0, 4, 7, 10)",I,C,G,F,75.25,38.0
603,B-,E,2,F,"(0, 4, 7, 10)",I,C,G,F,75.375,38.0
604,B-,E,3,F,"(0, 4, 7, 10)",I,C,G,F,75.5,38.0
605,C,E,3,F,"(0, 4, 7, 10)",I,C,G,F,75.625,38.0
606,C,E,3,F,"(0, 4, 7, 10)",I,C,G,F,75.75,38.0
607,C,E,3,F,"(0, 4, 7, 10)",I,C,G,F,75.875,38.0
608,C,F,0,F,"(0, 5, 9)",I,F,A,F,76.0,38.0
609,C,F,1,F,"(0, 5, 9)",I,F,A,F,76.125,38.0
610,C,F,2,F,"(0, 5, 9)",I,F,A,F,76.25,38.0
611,C,F,2,F,"(0, 5, 9)",I,F,A,F,76.375,38.0
612,C,F,3,F,"(0, 5, 9)",I,F,A,F,76.5,38.0
613,C,F,3,F,"(0, 5, 9)",I,F,A,F,76.625,38.0
614,C,F,3,F,"(0, 5, 9)",I,F,A,F,76.75,38.0
615,C,F,3,F,"(0, 5, 9)",I,F,A,F,76.875,38.0
616,F,B-,0,F,"(2, 5, 10)",IV,B-,D,F,77.0,39.0
617,F,B-,1,F,"(2, 5, 10)",IV,B-,D,F,77.125,39.0
618,F,B-,2,F,"(2, 5, 10)",IV,B-,D,F,77.25,39.0
619,F,B-,2,F,"(2, 5, 10)",IV,B-,D,F,77.375,39.0
620,F,B-,3,F,"(2, 5, 10)",IV,B-,D,F,77.5,39.0
621,F,B-,3,F,"(2, 5, 10)",IV,B-,D,F,77.625,39.0
622,F,B-,3,F,"(2, 5, 10)",IV,B-,D,F,77.75,39.0
623,F,B-,3,F,"(2, 5, 10)",IV,B-,D,F,77.875,39.0
624,G,C,0,F,"(0, 5, 9)",I,F,F,F,78.0,39.0
625,A,C,1,F,"(0, 5, 9)",I,F,F,F,78.125,39.0
626,A,C,2,F,"(0, 5, 9)",I,F,F,F,78.25,39.0
627,A,C,2,F,"(0, 5, 9)",I,F,F,F,78.375,39.0
628,G,C,0,F,"(0, 4, 7, 10)",V7,B-,E,F,78.5,39.0
629,G,C,1,F,"(0, 4, 7, 10)",V7,B-,E,F,78.625,39.0
630,G,C,2,F,"(0, 4, 7, 10)",V7,B-,E,F,78.75,39.0
631,G,C,2,F,"(0, 4, 7, 10)",V7,B-,E,F,78.875,39.0
632,C,F,0,F,"(0, 5, 9)",I,F,A,F,79.0,40.0
633,C,F,1,F,"(0, 5, 9)",I,F,A,F,79.125,40.0
634,C,F,2,F,"(0, 5, 9)",I,F,A,F,79.25,40.0
635,C,F,2,F,"(0, 5, 9)",I,F,A,F,79.375,40.0
636,C,F,3,F,"(0, 5, 9)",I,F,A,F,79.5,40.0
637,C,F,3,F,"(0, 5, 9)",I,F,A,F,79.625,40.0
638,C,F,3,F,"(0, 5, 9)",I,F,A,F,79.75,40.0
639,C,F,3,F,"(0, 5, 9)",I,F,A,F,79.875,40.0
640,C,F,3,F,"(0, 5, 9)",I,F,A,F,80.0,40.0
641,C,F,3,F,"(0, 5, 9)",I,F,A,F,80.125,40.0
642,C,F,3,F,"(0, 5, 9)",I,F,A,F,80.25,40.0
643,C,F,3,F,"(0, 5, 9)",I,F,A,F,80.375,40.0
644,C,F,4,F,"(0, 5, 9)",I,F,A,F,80.5,40.0
645,C,F,4,F,"(0, 5, 9)",I,F,A,F,80.625,40.0
646,C,F,4,F,"(0, 5, 9)",I,F,A,F,80.75,40.0
647,C,F,4,F,"(0, 5, 9)",I,F,A,F,80.875,40.0
648,E,G,0,F,"(0, 4, 7, 10)",V7,E,B-,F,81.0,41.0
649,G,G,1,F,"(0, 4, 7, 10)",V7,E,B-,F,81.125,41.0
650,E,G,2,F,"(0, 4, 7, 10)",V7,E,B-,F,81.25,41.0
651,E,G,2,F,"(0, 4, 7, 10)",V7,E,B-,F,81.375,41.0
652,G,C,0,F,"(0, 4, 7, 10)",V7,B-,E,F,81.5,41.0
653,G,C,1,F,"(0, 4, 7, 10)",V7,B-,E,F,81.625,41.0
654,G,C,2,F,"(0, 4, 7, 10)",V7,B-,E,F,81.75,41.0
655,G,C,2,F,"(0, 4, 7, 10)",V7,B-,E,F,81.875,41.0
656,G,C,3,F,"(0, 4, 7, 10)",V7,B-,E,F,82.0,41.0
657,G,C,1,F,"(0, 4, 7, 10)",V7,B-,E,F,82.125,41.0
658,G,C,3,F,"(0, 4, 7, 10)",V7,B-,E,F,82.25,41.0
659,G,C,3,F,"(0, 4, 7, 10)",V7,B-,E,F,82.375,41.0
660,G,C,4,F,"(0, 4, 7, 10)",V7,B-,E,F,82.5,41.0
661,G,C,4,F,"(0, 4, 7, 10)",V7,B-,E,F,82.625,41.0
662,G,C,2,F,"(0, 4, 7, 10)",V7,B-,E,F,82.75,41.0
663,G,C,4,F,"(0, 4, 7, 10)",V7,B-,E,F,82.875,41.0
664,C,F,0,F,"(0, 5, 9)",I,F,A,F,83.0,42.0
665,C,F,1,F,"(0, 5, 9)",I,F,A,F,83.125,42.0
666,C,F,2,F,"(0, 5, 9)",I,F,A,F,83.25,42.0
667,C,F,2,F,"(0, 5, 9)",I,F,A,F,83.375,42.0
668,C,F,3,F,"(0, 5, 9)",I,F,A,F,83.5,42.0
669,C,F,3,F,"(0, 5, 9)",I,F,A,F,83.625,42.0
670,C,F,3,F,"(0, 5, 9)",I,F,A,F,83.75,42.0
671,C,F,3,F,"(0, 5, 9)",I,F,A,F,83.875,42.0
672,C,F,4,F,"(0, 5, 9)",I,F,A,F,84.0,42.0
673,C,F,4,F,"(0, 5, 9)",I,F,A,F,84.125,42.0
674,C,F,4,F,"(0, 5, 9)",I,F,A,F,84.25,42.0
675,C,F,4,F,"(0, 5, 9)",I,F,A,F,84.375,42.0
676,C,C,4,F,"(0, 4, 7)",I,C,A,F,84.5,42.0
677,C,C,4,F,"(0, 4, 7)",I,C,E,F,84.625,42.0
678,C,C,4,F,"(0, 4, 7)",I,C,E,F,84.75,42.0
679,C,C,4,F,"(0, 4, 7)",I,C,E,F,84.875,42.0
680,C,E,0,F,"(0, 4, 7)",V,C,G,F,85.0,43.0
681,C,E,1,F,"(0, 4, 7)",V,C,G,F,85.125,43.0
682,C,E,2,F,"(0, 4, 7)",V,C,G,F,85.25,43.0
683,C,E,2,F,"(0, 4, 7)",V,C,G,F,85.375,43.0
684,C,E,3,F,"(0, 4, 7)",V7,C,G,F,85.5,43.0
685,C,E,3,F,"(0, 4, 7)",V7,C,G,F,85.625,43.0
686,C,E,3,F,"(0, 4, 7)",V7,C,G,F,85.75,43.0
687,C,E,3,F,"(0, 4, 7)",V7,C,G,F,85.875,43.0
688,G,E,4,F,"(0, 4, 7)",V7,C,G,F,86.0,43.0
689,B-,E,4,F,"(0, 4, 7)",V7,C,G,F,86.125,43.0
690,B-,E,4,F,"(0, 4, 7)",V7,C,G,F,86.25,43.0
691,B-,E,4,F,"(0, 4, 7)",V7,C,G,F,86.375,43.0
692,G,E,4,F,"(0, 4, 7, 10)",V7,C,E,F,86.5,43.0
693,G,E,4,F,"(0, 4, 7, 10)",V7,C,E,F,86.625,43.0
694,B-,E,4,F,"(0, 4, 7, 10)",V7,C,E,F,86.75,43.0
695,B-,E,4,F,"(0, 4, 7, 10)",V7,C,E,F,86.875,43.0
696,C,F,0,F,"(0, 5, 9)",I,F,A,F,87.0,44.0
697,C,F,1,F,"(0, 5, 9)",I,F,A,F,87.125,44.0
698,C,F,2,F,"(0, 5, 9)",I,F,A,F,87.25,44.0
699,C,F,2,F,"(0, 5, 9)",I,F,A,F,87.375,44.0
700,C,F,3,F,"(0, 5, 9)",I,F,A,F,87.5,44.0
701,C,F,3,F,"(0, 5, 9)",I,F,A,F,87.625,44.0
702,C,F,3,F,"(0, 5, 9)",I,F,A,F,87.75,44.0
703,C,F,3,F,"(0, 5, 9)",I,F,A,F,87.875,44.0
704,C,F,4,F,"(0, 5, 9)",I,F,A,F,88.0,44.0
705,C,F,4,F,"(0, 5, 9)",I,F,A,F,88.125,44.0
706,C,F,4,F,"(0, 5, 9)",I,F,A,F,88.25,44.0
707,C,F,4,F,"(0, 5, 9)",I,F,A,F,88.375,44.0
708,C,F,4,F,"(0, 5, 9)",I,F,A,F,88.5,44.0
709,C,F,4,F,"(0, 5, 9)",I,F,A,F,88.625,44.0
710,C,F,4,F,"(0, 5, 9)",I,F,A,F,88.75,44.0
711,C,F,4,F,"(0, 5, 9)",I,F,A,F,88.875,44.0
712,G,G,0,F,"(0, 4, 7, 10)",V7,B-,B-,F,89.0,45.0
713,G,G,1,F,"(0, 4, 7, 10)",V7,E,B-,F,89.125,45.0
714,G,G,2,F,"(0, 4, 7, 10)",V7,E,B-,F,89.25,45.0
715,G,G,2,F,"(0, 4, 7, 10)",V7,E,B-,F,89.375,45.0
716,G,G,3,F,"(0, 4, 7, 10)",V7,E,B-,F,89.5,45.0
717,G,G,3,F,"(0, 4, 7, 10)",V7,E,B-,F,89.625,45.0
718,G,G,3,F,"(0, 4, 7, 10)",V7,E,B-,F,89.75,45.0
719,G,G,3,F,"(0, 4, 7, 10)",V7,E,B-,F,89.875,45.0
720,G,G,4,F,"(0, 4, 7, 10)",V7,E,B-,F,90.0,45.0
721,G,G,4,F,"(0, 4, 7, 10)",V7,E,B-,F,90.125,45.0
722,G,G,4,F,"(0, 4, 7, 10)",V7,E,B-,F,90.25,45.0
723,G,G,4,F,"(0, 4, 7, 10)",V7,E,B-,F,90.375,45.0
724,G,G,4,F,"(0, 4, 7, 10)",V7,E,B-,F,90.5,45.0
725,G,G,4,F,"(0, 4, 7, 10)",V7,E,B-,F,90.625,45.0
726,G,G,4,F,"(0, 4, 7, 10)",V7,E,B-,F,90.75,45.0
727,G,G,4,F,"(0, 4, 7, 10)",V7,E,B-,F,90.875,45.0
728,C,F,0,F,"(0, 5, 9)",I,F,A,F,91.0,46.0
729,C,F,1,F,"(2, 5, 9)",I,D,F,F,91.125,46.0
730,C,F,2,F,"(0, 5, 9)",I,D,F,F,91.25,46.0
731,C,F,2,F,"(0, 5, 9)",I,D,F,F,91.375,46.0
732,A,F,3,F,"(2, 5, 9)",I,D,F,F,91.5,46.0
733,A,F,3,F,"(2, 5, 9)",I,D,F,F,91.625,46.0
734,A,F,3,F,"(2, 5, 9)",I,D,F,F,91.75,46.0
735,A,F,3,F,"(2, 5, 9)",I,D,F,F,91.875,46.0
736,A,D,4,F,"(2, 5, 9)",vi,D,F,F,92.0,46.0
737,A,D,4,F,"(2, 5, 9)",vi,D,F,F,92.125,46.0
738,A,D,2,F,"(2, 5, 9)",vi,D,F,F,92.25,46.0
739,A,D,2,F,"(2, 5, 9)",vi,D,F,F,92.375,46.0
740,A,D,3,F,"(2, 5, 9)",vi,D,F,F,92.5,46.0
741,A,D,3,F,"(2, 5, 9)",vi,D,F,F,92.625,46.0
742,A,D,3,F,"(2, 5, 9)",vi,D,F,F,92.75,46.0
743,A,D,3,F,"(2, 5, 9)",vi,D,F,F,92.875,46.0
744,G,B-,0,F,"(2, 7, 10)",ii,G,D,F,93.0,47.0
745,G,B-,1,F,"(2, 7, 10)",ii,G,D,F,93.125,47.0
746,G,B-,2,F,"(2, 7, 10)",ii,G,D,F,93.25,47.0
747,G,B-,2,F,"(2, 7, 10)",ii,G,D,F,93.375,47.0
748,G,B-,3,F,"(2, 7, 10)",ii,G,D,F,93.5,47.0
749,G,B-,3,F,"(2, 7, 10)",ii,G,D,F,93.625,47.0
750,G,B-,3,F,"(2, 7, 10)",ii,G,D,F,93.75,47.0
751,G,B-,3,F,"(2, 7, 10)",ii,G,D,F,93.875,47.0
752,G,C,0,F,"(0, 4, 7, 10)",V7,B-,E,F,94.0,47.0
753,G,C,1,F,"(0, 4, 7, 10)",V7,B-,E,F,94.125,47.0
754,G,C,2,F,"(0, 4, 7, 10)",V7,B-,E,F,94.25,47.0
755,G,C,2,F,"(0, 4, 7, 10)",V7,B-,E,F,94.375,47.0
756,G,C,3,F,"(0, 4, 7, 10)",V7,B-,E,F,94.5,47.0
757,G,C,3,F,"(0, 4, 7, 10)",V7,B-,E,F,94.625,47.0
758,G,C,3,F,"(0, 4, 7, 10)",V7,B-,E,F,94.75,47.0
759,G,C,3,F,"(0, 4, 7, 10)",V7,B-,E,F,94.875,47.0
760,C,F,0,F,"(0, 5, 9)",I,F,A,F,95.0,48.0
761,C,F,1,F,"(0, 5, 9)",I,F,A,F,95.125,48.0
762,C,F,2,F,"(0, 5, 9)",I,F,A,F,95.25,48.0
763,C,F,2,F,"(0, 5, 9)",I,F,A,F,95.375,48.0
764,C,F,3,F,"(0, 5, 9)",I,F,A,F,95.5,48.0
765,C,F,3,F,"(0, 5, 9)",I,F,A,F,95.625,48.0
766,C,F,3,F,"(0, 5, 9)",I,F,A,F,95.75,48.0
767,C,F,3,F,"(0, 5, 9)",I,F,A,F,95.875,48.0
768,G,C,0,F,"(0, 4, 7, 10)",V7,B-,E,F,96.0,48.0
769,G,C,1,F,"(0, 4, 7, 10)",V7,B-,E,F,96.125,48.0
770,G,C,2,F,"(0, 4, 7, 10)",V7,B-,E,F,96.25,48.0
771,G,C,2,F,"(0, 4, 7, 10)",V7,B-,E,F,96.375,48.0
772,G,C,3,F,"(0, 4, 7, 10)",V7,B-,E,F,96.5,48.0
773,G,C,3,F,"(0, 4, 7, 10)",V7,B-,E,F,96.625,48.0
774,G,C,3,F,"(0, 4, 7, 10)",V7,B-,E,F,96.75,48.0
775,G,C,3,F,"(0, 4, 7, 10)",V7,B-,E,F,96.875,48.0
776,C,F,0,F,"(0, 5, 9)",I,F,A,F,97.0,49.0
777,C,F,1,F,"(0, 5, 9)",I,F,A,F,97.125,49.0
778,C,F,2,F,"(0, 5, 9)",I,F,A,F,97.25,49.0
779,C,F,2,F,"(0, 5, 9)",I,F,A,F,97.375,49.0
780,C,F,3,F,"(0, 5, 9)",I,F,A,F,97.5,49.0
781,C,F,3,F,"(0, 5, 9)",I,F,A,F,97.625,49.0
782,C,F,3,F,"(0, 5, 9)",I,F,A,F,97.75,49.0
783,C,F,3,F,"(0, 5, 9)",I,F,A,F,97.875,49.0
784,C,F,4,F,"(0, 5, 9)",I,F,A,F,98.0,49.0
785,C,F,4,F,"(0, 5, 9)",I,F,A,F,98.125,49.0
786,C,F,4,F,"(0, 5, 9)",I,F,A,F,98.25,49.0
787,C,F,4,F,"(0, 5, 9)",I,F,A,F,98.375,49.0
788,C,F,4,F,"(0, 5, 9)",I,F,A,F,98.5,49.0
789,C,F,4,F,"(0, 5, 9)",I,F,A,F,98.625,49.0
790,C,F,4,F,"(0, 5, 9)",I,F,A,F,98.75,49.0
791,C,F,4,F,"(0, 5, 9)",I,F,A,F,98.875,49.0
792,C,F,0,F,"(0, 5, 9)",I,F,A,F,99.0,50.0
793,C,F,1,F,"(0, 5, 9)",I,F,A,F,99.125,50.0
794,C,F,2,F,"(0, 5, 9)",I,F,A,F,99.25,50.0
795,C,F,2,F,"(0, 5, 9)",I,F,A,F,99.375,50.0
796,C,F,3,F,"(0, 5, 9)",I,F,A,F,99.5,50.0
797,C,F,3,F,"(0, 5, 9)",I,F,A,F,99.625,50.0
798,C,F,3,F,"(0, 5, 9)",I,F,A,F,99.75,50.0
799,C,F,3,F,"(0, 5, 9)",I,F,A,F,99.875,50.0
800,C,F,0,F,"(0, 5, 9)",I,F,A,F,100.0,51.0
801,C,F,1,F,"(0, 5, 9)",I,F,A,F,100.125,51.0
802,C,F,2,F,"(0, 5, 9)",I,F,A,F,100.25,51.0
803,C,F,2,F,"(0, 5, 9)",I,F,A,F,100.375,51.0
804,C,F,3,F,"(0, 5, 9)",I,F,A,F,100.5,51.0
805,C,F,3,F,"(0, 5, 9)",I,F,A,F,100.625,51.0
806,C,F,3,F,"(0, 5, 9)",I,F,A,F,100.75,51.0
807,C,F,3,F,"(0, 5, 9)",I,F,A,F,100.875,51.0
808,C,F,4,F,"(0, 5, 9)",I,F,F,F,101.0,51.0
809,C,F,4,F,"(0, 5, 9)",I,F,F,F,101.125,51.0
810,C,F,4,F,"(0, 5, 9)",I,F,F,F,101.25,51.0
811,C,F,4,F,"(0, 5, 9)",I,F,F,F,101.375,51.0
812,C,F,4,F,"(0, 5, 9)",I,F,F,F,101.5,51.0
813,C,F,4,F,"(0, 5, 9)",I,F,F,F,101.625,51.0
814,C,F,4,F,"(0, 5, 9)",I,F,F,F,101.75,51.0
815,C,F,4,F,"(0, 5, 9)",I,F,F,F,101.875,51.0
816,G,C,0,F,"(0, 4, 7, 10)",V7,B-,E,F,102.0,52.0
817,G,C,1,F,"(0, 4, 7, 10)",V7,C,E,F,102.125,52.0
818,G,C,2,F,"(0, 4, 7, 10)",V7,C,E,F,102.25,52.0
819,G,C,2,F,"(0, 4, 7, 10)",V7,C,E,F,102.375,52.0
820,G,C,3,F,"(0, 4, 7, 10)",V7,C,E,F,102.5,52.0
821,G,C,3,F,"(0, 4, 7, 10)",V7,B-,E,F,102.625,52.0
822,G,C,3,F,"(0, 4, 7, 10)",V7,B-,E,F,102.75,52.0
823,G,C,3,F,"(0, 4, 7, 10)",V7,B-,E,F,102.875,52.0
824,C,C,4,F,"(0, 4, 7, 10)",I,B-,E,F,103.0,52.0
825,C,C,4,F,"(0, 4, 7, 10)",I,B-,E,F,103.125,52.0
826,C,C,4,F,"(0, 4, 7, 10)",I,B-,E,F,103.25,52.0
827,C,C,4,F,"(0, 4, 7, 10)",I,B-,E,F,103.375,52.0
828,C,F,4,F,"(0, 5, 9)",I,F,A,F,103.5,52.0
829,C,F,1,F,"(0, 5, 9)",I,F,A,F,103.625,52.0
830,C,F,4,F,"(0, 5, 9)",I,F,A,F,103.75,52.0
831,C,F,4,F,"(0, 5, 9)",I,F,A,F,103.875,52.0
832,G,C,0,F,"(0, 4, 7)",V,C,E,F,104.0,53.0
833,G,C,1,F,"(0, 4, 7)",V,C,E,F,104.125,53.0
834,G,C,2,F,"(0, 4, 7)",V,C,E,F,104.25,53.0
835,G,C,2,F,"(0, 4, 7)",V,C,E,F,104.375,53.0
836,G,C,3,F,"(0, 4, 7)",V,C,E,F,104.5,53.0
837,G,C,3,F,"(0, 4, 7)",V,C,E,F,104.625,53.0
838,G,C,3,F,"(0, 4, 7)",V,C,E,F,104.75,53.0
839,G,C,3,F,"(0, 4, 7)",V,C,E,F,104.875,53.0
840,G,C,4,F,"(0, 4, 7)",V,C,E,F,105.0,53.0
841,G,C,4,F,"(0, 4, 7)",V,C,E,F,105.125,53.0
842,G,C,4,F,"(0, 4, 7)",V,C,E,F,105.25,53.0
843,G,C,4,F,"(0, 4, 7)",V,C,E,F,105.375,53.0
844,G,C,4,F,"(0, 4, 7)",V,C,E,F,105.5,53.0
845,G,C,4,F,"(0, 4, 7)",V,C,E,F,105.625,53.0
846,G,C,4,F,"(0, 4, 7)",V,C,E,F,105.75,53.0
847,G,C,4,F,"(0, 4, 7)",V,C,E,F,105.875,53.0
848,G,C,0,F,"(0, 4, 7)",V,C,E,F,106.0,54.0
849,G,C,1,F,"(0, 4, 7)",V,C,E,F,106.125,54.0
850,G,C,2,F,"(0, 4, 7)",V,C,E,F,106.25,54.0
851,G,C,2,F,"(0, 4, 7)",V,C,E,F,106.375,54.0
852,G,C,3,F,"(0, 4, 7)",V,C,E,F,106.5,54.0
853,G,C,1,F,"(0, 4, 7)",V,C,E,F,106.625,54.0
854,G,C,2,F,"(0, 4, 7)",V,C,E,F,106.75,54.0
855,G,C,3,F,"(0, 4, 7)",V,C,E,F,106.875,54.0
856,G,C,4,F,"(0, 4, 7)",V,C,E,F,107.0,54.0
857,G,C,4,F,"(0, 4, 7)",V,C,E,F,107.125,54.0
858,G,C,4,F,"(0, 4, 7)",V,C,E,F,107.25,54.0
859,G,C,4,F,"(0, 4, 7)",V,C,E,F,107.375,54.0
860,G,C,4,F,"(0, 4, 7)",V,C,E,F,107.5,54.0
861,G,C,4,F,"(0, 4, 7)",V,C,E,F,107.625,54.0
862,G,C,4,F,"(0, 4, 7)",V,C,E,F,107.75,54.0
863,G,C,4,F,"(0, 4, 7)",V,C,E,F,107.875,54.0
864,F,C,0,F,"(0, 5, 9)",I,F,C,F,108.0,55.0
865,F,C,1,F,"(0, 5, 9)",I,F,C,F,108.125,55.0
866,F,C,2,F,"(0, 5, 9)",I,F,C,F,108.25,55.0
867,F,C,2,F,"(0, 5, 9)",I,F,C,F,108.375,55.0
868,F,C,3,F,"(0, 5, 9)",I,F,C,F,108.5,55.0
869,F,C,3,F,"(0, 5, 9)",I,F,C,F,108.625,55.0
870,F,C,3,F,"(0, 5, 9)",I,F,C,F,108.75,55.0
871,F,C,3,F,"(0, 5, 9)",I,F,C,F,108.875,55.0
872,F,A,4,F,"(0, 5, 9)",I,F,C,F,109.0,55.0
873,F,A,4,F,"(0, 5, 9)",I,F,C,F,109.125,55.0
874,F,A,4,F,"(0, 5, 9)",I,F,C,F,109.25,55.0
875,F,A,4,F,"(0, 5, 9)",I,F,C,F,109.375,55.0
876,F,F,4,F,"(0, 5, 9)",I,F,C,F,109.5,55.0
877,F,F,4,F,"(0, 5, 9)",I,F,C,F,109.625,55.0
878,F,F,4,F,"(0, 5, 9)",I,F,C,F,109.75,55.0
879,F,F,4,F,"(0, 5, 9)",I,F,C,F,109.875,55.0
880,G,C,0,F,"(0, 4, 7, 10)",I,C,E,F,110.0,56.0
881,G,C,1,F,"(0, 4, 7, 10)",V7,C,E,F,110.125,56.0
882,G,C,2,F,"(0, 4, 7, 10)",V7,C,E,F,110.25,56.0
883,G,C,2,F,"(0, 4, 7, 10)",V7,C,E,F,110.375,56.0
884,B-,C,3,F,"(0, 4, 7, 10)",V7,B-,E,F,110.5,56.0
885,G,C,3,F,"(0, 4, 7, 10)",V7,B-,E,F,110.625,56.0
886,G,C,3,F,"(0, 4, 7, 10)",V7,B-,E,F,110.75,56.0
887,G,C,3,F,"(0, 4, 7, 10)",V7,B-,E,F,110.875,56.0
888,C,C,4,F,"(0, 4, 7, 10)",V7,B-,E,F,111.0,56.0
889,C,C,4,F,"(0, 4, 7, 10)",V7,B-,E,F,111.125,56.0
890,C,C,4,F,"(0, 4, 7, 10)",V7,B-,E,F,111.25,56.0
891,C,C,4,F,"(0, 4, 7, 10)",V7,B-,E,F,111.375,56.0
892,C,F,0,F,"(0, 5, 9)",I,F,A,F,111.5,56.0
893,C,F,1,F,"(0, 5, 9)",I,F,A,F,111.625,56.0
894,C,F,2,F,"(0, 5, 9)",I,F,A,F,111.75,56.0
895,C,F,2,F,"(0, 5, 9)",I,F,A,F,111.875,56.0
896,F,B-,0,F,"(0, 5, 9)",I,B-,D,F,112.0,57.0
897,F,B-,1,F,"(0, 5, 9)",I,B-,D,F,112.125,57.0
898,F,B-,2,F,"(0, 5, 9)",I,F,D,F,112.25,57.0
899,F,B-,2,F,"(0, 5, 9)",I,B-,D,F,112.375,57.0
900,F,B-,3,F,"(2, 7, 10)",ii,G,D,F,112.5,57.0
901,F,B-,3,F,"(2, 5, 10)",ii,G,D,F,112.625,57.0
902,F,B-,3,F,"(2, 5, 10)",ii,G,D,F,112.75,57.0
903,F,B-,3,F,"(2, 5, 10)",ii,G,D,F,112.875,57.0
904,G,B-,4,F,"(2, 5, 10)",ii,B-,D,F,113.0,57.0
905,G,B-,4,F,"(2, 5, 10)",IV,B-,D,F,113.125,57.0
906,G,B-,4,F,"(2, 5, 10)",IV,B-,D,F,113.25,57.0
907,G,B-,4,F,"(2, 5, 10)",IV,B-,D,F,113.375,57.0
908,G,C,0,F,"(0, 4, 7, 10)",V7,B-,E,F,113.5,57.0
909,G,C,1,F,"(0, 4, 7, 10)",V7,B-,E,F,113.625,57.0
910,G,C,2,F,"(0, 4, 7, 10)",V7,B-,E,F,113.75,57.0
911,G,C,2,F,"(0, 4, 7, 10)",V7,B-,E,F,113.875,57.0
912,C,C,0,F,"(0, 5, 9)",I,F,E,F,114.0,58.0
913,C,C,1,F,"(0, 5, 9)",I,F,A,F,114.125,58.0
914,C,C,2,F,"(0, 5, 9)",I,F,A,F,114.25,58.0
915,C,C,2,F,"(0, 5, 9)",I,F,A,F,114.375,58.0
916,C,F,3,F,"(0, 5, 9)",I,F,A,F,114.5,58.0
917,C,F,3,F,"(0, 5, 9)",I,F,A,F,114.625,58.0
918,C,F,3,F,"(0, 5, 9)",I,F,A,F,114.75,58.0
919,C,F,3,F,"(0, 5, 9)",I,F,A,F,114.875,58.0
920,C,F,4,F,"(0, 5, 9)",I,F,A,F,115.0,58.0
921,C,F,4,F,"(0, 5, 9)",I,F,A,F,115.125,58.0
922,C,F,4,F,"(0, 5, 9)",I,F,A,F,115.25,58.0
923,C,F,4,F,"(0, 5, 9)",I,F,A,F,115.375,58.0
924,C,F,4,F,"(0, 5, 9)",I,F,A,F,115.5,58.0
925,C,F,4,F,"(0, 5, 9)",I,F,A,F,115.625,58.0
926,C,F,4,F,"(0, 5, 9)",I,F,A,F,115.75,58.0
927,C,F,4,F,"(0, 5, 9)",I,F,A,F,115.875,58.0
928,F,C,0,F,"(0, 5, 9)",I,F,C,F,116.0,59.0
929,F,C,1,F,"(0, 5, 9)",I,F,C,F,116.125,59.0
930,F,C,2,F,"(0, 5, 9)",I,F,C,F,116.25,59.0
931,F,C,2,F,"(0, 5, 9)",I,F,C,F,116.375,59.0
932,F,C,3,F,"(0, 5, 9)",I,F,C,F,116.5,59.0
933,F,C,3,F,"(0, 5, 9)",I,F,C,F,116.625,59.0
934,F,C,3,F,"(0, 5, 9)",I,F,C,F,116.75,59.0
935,F,C,3,F,"(0, 5, 9)",I,F,C,F,116.875,59.0
936,F,F,4,F,"(0, 5, 9)",I,F,C,F,117.0,59.0
937,F,F,4,F,"(0, 5, 9)",I,F,C,F,117.125,59.0
938,F,F,4,F,"(0, 5, 9)",I,F,C,F,117.25,59.0
939,F,F,4,F,"(0, 5, 9)",I,F,C,F,117.375,59.0
940,C,F,4,F,"(0, 5, 9)",I,F,C,F,117.5,59.0
941,C,F,4,F,"(0, 5, 9)",I,F,C,F,117.625,59.0
942,C,F,4,F,"(0, 5, 9)",I,F,A,F,117.75,59.0
943,C,F,4,F,"(0, 5, 9)",I,F,A,F,117.875,59.0
944,G,C,0,F,"(0, 4, 7, 10)",V7,C,E,F,118.0,60.0
945,G,C,1,F,"(0, 4, 7, 10)",V7,C,E,F,118.125,60.0
946,G,C,2,F,"(0, 4, 7, 10)",V7,C,E,F,118.25,60.0
947,G,C,2,F,"(0, 4, 7, 10)",V7,C,E,F,118.375,60.0
948,G,C,3,F,"(0, 4, 7, 10)",V7,B-,E,F,118.5,60.0
949,G,C,3,F,"(0, 4, 7, 10)",V7,B-,E,F,118.625,60.0
950,G,C,3,F,"(0, 4, 7, 10)",V7,B-,E,F,118.75,60.0
951,G,C,3,F,"(0, 4, 7, 10)",V7,B-,E,F,118.875,60.0
952,C,F,0,F,"(0, 5, 9)",I,F,A,F,119.0,60.0
953,C,F,1,F,"(0, 5, 9)",I,F,A,F,119.125,60.0
954,C,F,2,F,"(0, 5, 9)",I,F,A,F,119.25,60.0
955,C,F,2,F,"(0, 5, 9)",I,F,A,F,119.375,60.0
956,C,F,0,F,"(0, 5, 9)",I,F,A,F,119.5,60.0
957,C,F,1,F,"(0, 5, 9)",I,F,A,F,119.625,60.0
958,C,F,4,F,"(0, 5, 9)",I,F,A,F,119.75,60.0
959,C,F,4,F,"(0, 5, 9)",I,F,A,F,119.875,60.0
960,G,A,0,F,"(0, 4, 7)",V7,C,C,F,120.0,61.0
961,G,A,1,F,"(0, 4, 7)",V7,C,C,F,120.125,61.0
962,G,C,2,F,"(0, 4, 7)",V7,C,C,F,120.25,61.0
963,G,C,2,F,"(0, 4, 7)",V7,C,C,F,120.375,61.0
964,G,C,3,F,"(0, 4, 7)",V,C,E,F,120.5,61.0
965,G,C,3,F,"(0, 4, 7)",V,C,E,F,120.625,61.0
966,G,C,3,F,"(0, 4, 7)",V,C,E,F,120.75,61.0
967,G,C,3,F,"(0, 4, 7)",Cad,C,E,F,120.875,61.0
968,G,C,4,F,"(0, 4, 7)",I,C,E,F,121.0,61.0
969,G,C,4,F,"(0, 4, 7)",I,C,E,F,121.125,61.0
970,G,C,4,F,"(0, 4, 7)",I,C,E,F,121.25,61.0
971,G,C,4,F,"(0, 4, 7)",I,C,E,F,121.375,61.0
972,G,C,4,F,"(0, 4, 7)",Cad,C,E,F,121.5,61.0
973,G,C,4,F,"(0, 4, 7)",Cad,C,E,F,121.625,61.0
974,G,C,4,F,"(0, 4, 7)",Cad,C,E,F,121.75,61.0
975,G,C,4,F,"(0, 4, 7)",I,C,E,F,121.875,61.0
976,G,C,0,F,"(0, 4, 7)",I,C,E,F,122.0,62.0
977,G,C,1,F,"(0, 4, 7)",I,C,E,F,122.125,62.0
978,G,C,2,F,"(0, 4, 7)",I,C,E,F,122.25,62.0
979,G,C,2,F,"(0, 4, 7)",I,C,E,F,122.375,62.0
980,G,C,0,F,"(0, 4, 7)",V,C,E,F,122.5,62.0
981,G,C,1,F,"(0, 4, 7)",V,C,E,F,122.625,62.0
982,G,C,2,F,"(0, 4, 7)",V,C,E,F,122.75,62.0
983,G,C,3,F,"(0, 4, 7)",V,C,E,F,122.875,62.0
984,G,C,4,F,"(0, 4, 7)",V,C,E,F,123.0,62.0
985,G,C,4,F,"(0, 4, 7)",V,C,E,F,123.125,62.0
986,G,C,4,F,"(0, 4, 7)",V,C,E,F,123.25,62.0
987,G,C,4,F,"(0, 4, 7)",V,C,E,F,123.375,62.0
988,G,C,4,F,"(0, 4, 7)",V,C,E,F,123.5,62.0
989,G,C,4,F,"(0, 4, 7)",V,C,E,F,123.625,62.0
990,G,C,4,F,"(0, 4, 7)",V,C,E,F,123.75,62.0
991,G,C,4,F,"(0, 4, 7)",V,C,E,F,123.875,62.0
992,F,C,0,F,"(0, 5, 9)",I,F,C,F,124.0,63.0
993,F,C,1,F,"(0, 5, 9)",I,F,C,F,124.125,63.0
994,F,C,2,F,"(0, 5, 9)",I,F,C,F,124.25,63.0
995,F,C,2,F,"(0, 5, 9)",I,F,C,F,124.375,63.0
996,F,C,3,F,"(0, 5, 9)",I,F,C,F,124.5,63.0
997,F,C,3,F,"(0, 5, 9)",I,F,C,F,124.625,63.0
998,F,C,3,F,"(0, 5, 9)",I,F,C,F,124.75,63.0
999,F,C,3,F,"(0, 5, 9)",I,F,C,F,124.875,63.0
1000,F,A,4,F,"(0, 5, 9)",I,F,C,F,125.0,63.0
1001,F,A,4,F,"(0, 5, 9)",I,F,C,F,125.125,63.0
1002,F,A,4,F,"(0, 5, 9)",I,F,C,F,125.25,63.0
1003,F,A,4,F,"(0, 5, 9)",I,F,C,F,125.375,63.0
1004,F,F,4,F,"(0, 5, 9)",I,F,C,F,125.5,63.0
1005,F,F,4,F,"(0, 5, 9)",I,F,C,F,125.625,63.0
1006,F,F,4,F,"(0, 5, 9)",I,F,C,F,125.75,63.0
1007,F,F,4,F,"(0, 5, 9)",I,F,C,F,125.875,63.0
1008,G,C,0,F,"(0, 4, 7, 10)",V7,C,E,F,126.0,64.0
1009,G,C,1,F,"(0, 4, 7, 10)",V7,C,E,F,126.125,64.0
1010,G,C,2,F,"(0, 4, 7, 10)",V7,C,E,F,126.25,64.0
1011,G,C,2,F,"(0, 4, 7, 10)",V7,C,E,F,126.375,64.0
1012,B-,E,3,F,"(0, 4, 7, 10)",V7,B-,E,F,126.5,64.0
1013,B-,E,3,F,"(0, 4, 7, 10)",V7,B-,E,F,126.625,64.0
1014,B-,E,3,F,"(0, 4, 7, 10)",V7,B-,E,F,126.75,64.0
1015,B-,E,3,F,"(0, 4, 7, 10)",V7,B-,E,F,126.875,64.0
1016,C,F,0,F,"(0, 5, 9)",I,F,A,F,127.0,64.0
1017,C,F,1,F,"(0, 5, 9)",I,F,A,F,127.125,64.0
1018,C,F,2,F,"(0, 5, 9)",I,F,A,F,127.25,64.0
1019,C,F,4,F,"(0, 5, 9)",I,F,A,F,127.375,64.0
1020,C,F,0,F,"(0, 5, 9)",I,F,A,F,127.5,64.0
1021,C,F,1,F,"(0, 5, 9)",I,F,A,F,127.625,64.0
1022,C,F,4,F,"(0, 5, 9)",I,F,A,F,127.75,64.0
1023,C,F,4,F,"(0, 5, 9)",I,F,A,F,127.875,64.0
1024,C,A,0,F,"(0, 5, 9)",I,F,A,F,128.0,65.0
1025,C,A,1,F,"(0, 5, 9)",I,F,A,F,128.125,65.0
1026,C,A,2,F,"(0, 5, 9)",I,F,A,F,128.25,65.0
1027,C,A,2,F,"(0, 5, 9)",I,F,A,F,128.375,65.0
1028,E,G,3,F,"(0, 4, 7)",V7,G,A,F,128.5,65.0
1029,E,G,3,F,"(0, 4, 7)",V7,G,A,F,128.625,65.0
1030,E,G,3,F,"(0, 4, 7)",V7,G,A,F,128.75,65.0
1031,E,G,3,F,"(0, 4, 7)",V7,G,A,F,128.875,65.0
1032,D,F,4,F,"(0, 5, 9)",V7,F,A,F,129.0,65.0
1033,D,F,4,F,"(0, 5, 9)",V7,F,A,F,129.125,65.0
1034,D,F,4,F,"(0, 5, 9)",V7,F,A,F,129.25,65.0
1035,D,F,4,F,"(0, 5, 9)",V7,F,A,F,129.375,65.0
1036,D,G,0,F,"(2, 7, 11)",V,G,B,C,129.5,65.0
1037,D,G,1,F,"(2, 7, 11)",V,G,B,C,129.625,65.0
1038,D,G,2,F,"(2, 7, 11)",V,G,B,C,129.75,65.0
1039,D,G,2,F,"(2, 7, 11)",V,G,B,C,129.875,65.0
1040,G,C,0,F,"(0, 4, 7)",V,C,E,F,130.0,66.0
1041,G,C,1,F,"(0, 4, 7)",V,C,E,F,130.125,66.0
1042,G,C,2,F,"(0, 4, 7)",V,C,E,F,130.25,66.0
1043,G,C,2,F,"(0, 4, 7)",V,C,E,F,130.375,66.0
1044,G,C,3,F,"(0, 4, 7)",I,C,E,C,130.5,66.0
1045,G,C,3,F,"(0, 4, 7)",I,C,E,C,130.625,66.0
1046,G,C,3,F,"(0, 4, 7)",I,C,E,C,130.75,66.0
1047,G,C,3,F,"(0, 4, 7)",I,C,E,C,130.875,66.0
1048,G,C,4,F,"(0, 4, 7)",I,C,E,C,131.0,66.0
1049,G,C,4,F,"(0, 4, 7)",I,C,E,C,131.125,66.0
1050,G,C,4,F,"(0, 4, 7)",I,C,E,C,131.25,66.0
1051,G,C,4,F,"(0, 4, 7)",I,C,E,C,131.375,66.0
1052,G,C,0,F,"(0, 4, 7)",I,C,E,C,131.5,66.0
1053,G,C,1,F,"(0, 4, 7)",I,C,E,C,131.625,66.0
1054,G,C,2,F,"(0, 4, 7)",I,C,E,C,131.75,66.0
1055,G,C,4,F,"(0, 4, 7)",I,C,E,C,131.875,66.0
1056,G,C,0,C,"(0, 4, 7)",I,C,E,C,132.0,67.0
1057,G,C,1,C,"(0, 4, 7)",I,C,E,C,132.125,67.0
1058,G,C,2,C,"(0, 4, 7)",I,C,E,C,132.25,67.0
1059,G,C,2,C,"(0, 4, 7)",I,C,E,C,132.375,67.0
1060,G,C,3,C,"(0, 4, 7)",I,C,E,C,132.5,67.0
1061,G,C,3,C,"(0, 4, 7)",I,C,E,C,132.625,67.0
1062,G,C,3,C,"(0, 4, 7)",I,C,E,C,132.75,67.0
1063,G,C,3,C,"(0, 4, 7)",I,C,E,C,132.875,67.0
1064,G,D,0,C,"(2, 5, 7, 11)",V7,B,F,C,133.0,67.0
1065,G,D,1,C,"(2, 5, 7, 11)",V7,B,F,C,133.125,67.0
1066,G,D,2,C,"(2, 5, 7, 11)",V7,B,F,C,133.25,67.0
1067,G,D,2,C,"(2, 5, 7, 11)",V7,B,F,C,133.375,67.0
1068,G,D,3,C,"(2, 5, 7, 11)",V7,B,F,C,133.5,67.0
1069,G,D,3,F,"(2, 5, 7, 11)",V7,B,F,C,133.625,67.0
1070,G,D,3,F,"(2, 5, 7, 11)",V7,B,F,C,133.75,67.0
1071,G,D,3,F,"(2, 5, 7, 11)",V7,B,F,C,133.875,67.0
1072,G,C,0,C,"(0, 4, 7)",I,C,E,C,134.0,68.0
1073,G,C,1,C,"(0, 4, 7)",I,C,E,C,134.125,68.0
1074,G,C,2,C,"(0, 4, 7)",I,C,E,C,134.25,68.0
1075,G,C,2,C,"(0, 4, 7)",I,C,E,C,134.375,68.0
1076,G,C,3,C,"(0, 4, 7)",I,C,E,C,134.5,68.0
1077,G,C,3,C,"(0, 4, 7)",I,C,E,C,134.625,68.0
1078,G,C,3,C,"(0, 4, 7)",I,C,E,C,134.75,68.0
1079,G,C,3,C,"(0, 4, 7)",I,C,E,C,134.875,68.0
1080,G,C,4,C,"(0, 4, 7)",I,C,E,C,135.0,68.0
1081,G,C,4,C,"(0, 4, 7)",I,C,E,C,135.125,68.0
1082,G,C,4,C,"(0, 4, 7)",I,C,E,C,135.25,68.0
1083,G,C,4,C,"(0, 4, 7)",I,C,E,C,135.375,68.0
1084,G,C,4,C,"(0, 4, 7)",I,C,E,C,135.5,68.0
1085,G,C,4,C,"(0, 4, 7)",I,C,E,C,135.625,68.0
1086,G,C,4,C,"(0, 4, 7)",I,C,E,C,135.75,68.0
1087,G,C,4,C,"(0, 4, 7)",I,C,E,C,135.875,68.0
1088,G,C,0,C,"(0, 4, 7)",I,C,E,C,136.0,69.0
1089,G,C,1,C,"(0, 4, 7)",I,C,E,C,136.125,69.0
1090,G,C,2,C,"(0, 4, 7)",I,C,E,C,136.25,69.0
1091,G,C,2,C,"(0, 4, 7)",I,C,E,C,136.375,69.0
1092,G,C,3,C,"(0, 4, 7)",I,C,E,C,136.5,69.0
1093,G,C,3,C,"(0, 4, 7)",I,C,E,C,136.625,69.0
1094,G,C,3,C,"(0, 4, 7)",I,C,E,C,136.75,69.0
1095,G,C,3,C,"(0, 4, 7)",I,C,E,C,136.875,69.0
1096,G,D,0,C,"(2, 5, 7, 11)",V7,B,F,C,137.0,69.0
1097,G,D,1,C,"(2, 5, 7, 11)",V7,B,F,C,137.125,69.0
1098,G,D,2,C,"(2, 5, 7, 11)",V7,B,F,C,137.25,69.0
1099,G,D,2,C,"(2, 5, 7, 11)",V7,B,F,C,137.375,69.0
1100,D,D,3,C,"(2, 5, 7, 11)",V7,B,B,C,137.5,69.0
1101,D,D,3,C,"(2, 5, 7, 11)",V7,B,B,C,137.625,69.0
1102,D,D,3,C,"(2, 5, 7, 11)",V7,B,B,C,137.75,69.0
1103,D,D,3,C,"(2, 5, 7, 11)",V7,B,B,C,137.875,69.0
1104,G,C,0,C,"(0, 4, 7)",I,C,E,C,138.0,70.0
1105,G,C,1,C,"(0, 4, 7)",I,C,E,C,138.125,70.0
1106,G,C,2,C,"(0, 4, 7)",I,C,E,C,138.25,70.0
1107,G,C,2,C,"(0, 4, 7)",I,C,E,C,138.375,70.0
1108,G,C,3,C,"(0, 4, 7)",I,C,E,C,138.5,70.0
1109,G,C,3,C,"(0, 4, 7)",I,C,E,C,138.625,70.0
1110,G,C,3,C,"(0, 4, 7)",I,C,E,C,138.75,70.0
1111,G,C,3,C,"(0, 4, 7)",I,C,E,C,138.875,70.0
1112,G,C,4,C,"(0, 4, 7)",I,C,E,C,139.0,70.0
1113,G,C,4,C,"(0, 4, 7)",I,C,E,C,139.125,70.0
1114,G,C,4,C,"(0, 4, 7)",I,C,E,C,139.25,70.0
1115,G,C,4,C,"(0, 4, 7)",I,C,E,C,139.375,70.0
1116,G,C,4,C,"(0, 4, 7)",I,C,E,C,139.5,70.0
1117,G,C,4,C,"(0, 4, 7)",I,C,E,C,139.625,70.0
1118,G,C,4,C,"(0, 4, 7)",I,C,E,C,139.75,70.0
1119,G,C,4,C,"(0, 4, 7)",I,C,E,C,139.875,70.0
1120,F,F,0,F,"(0, 5, 9)",I,F,F,F,140.0,71.0
1121,F,F,1,F,"(0, 5, 9)",I,F,F,F,140.125,71.0
1122,F,F,2,F,"(0, 5, 9)",I,F,F,F,140.25,71.0
1123,F,F,2,F,"(0, 5, 9)",I,F,F,F,140.375,71.0
1124,F,F,3,F,"(0, 5, 9)",I,F,A,F,140.5,71.0
1125,F,F,3,F,"(0, 5, 9)",I,F,A,F,140.625,71.0
1126,F,F,3,F,"(0, 5, 9)",I,F,A,F,140.75,71.0
1127,F,F,3,F,"(0, 5, 9)",I,F,A,F,140.875,71.0
1128,C,F,4,F,"(0, 5, 9)",I,F,A,F,141.0,71.0
1129,C,F,4,F,"(0, 5, 9)",I,F,A,F,141.125,71.0
1130,C,F,4,F,"(0, 5, 9)",I,F,A,F,141.25,71.0
1131,C,F,4,F,"(0, 5, 9)",I,F,A,F,141.375,71.0
1132,C,F,4,F,"(0, 5, 9)",I,F,A,F,141.5,71.0
1133,C,F,4,F,"(0, 5, 9)",I,F,A,F,141.625,71.0
1134,C,C,4,F,"(0, 5, 9)",I,F,A,F,141.75,71.0
1135,C,F,4,F,"(0, 5, 9)",I,F,A,F,141.875,71.0
1136,B-,E,0,F,"(0, 4, 7, 10)",V7,C,G,F,142.0,72.0
1137,B-,E,1,F,"(0, 4, 7, 10)",V7,C,G,F,142.125,72.0
1138,B-,E,2,F,"(0, 4, 7, 10)",V7,C,G,F,142.25,72.0
1139,B-,E,2,F,"(0, 4, 7, 10)",V7,C,G,F,142.375,72.0
1140,B-,E,3,F,"(0, 4, 7, 10)",V7,C,G,F,142.5,72.0
1141,B-,E,3,F,"(0, 4, 7, 10)",V7,C,G,F,142.625,72.0
1142,B-,E,3,F,"(0, 4, 7, 10)",V7,C,G,F,142.75,72.0
1143,B-,E,3,F,"(0, 4, 7, 10)",V7,C,G,F,142.875,72.0
1144,C,F,0,F,"(0, 5, 9)",I,F,A,F,143.0,72.0
1145,C,F,1,F,"(0, 5, 9)",I,F,A,F,143.125,72.0
1146,C,F,2,F,"(0, 5, 9)",I,F,A,F,143.25,72.0
1147,C,F,2,F,"(0, 5, 9)",I,F,A,F,143.375,72.0
1148,C,F,3,F,"(0, 5, 9)",I,F,A,F,143.5,72.0
1149,C,F,3,F,"(0, 5, 9)",I,F,A,F,143.625,72.0
1150,C,F,3,F,"(0, 5, 9)",I,F,A,F,143.75,72.0
1151,C,F,3,F,"(0, 5, 9)",I,F,A,F,143.875,72.0
1152,E,B-,0,F,"(0, 4, 7, 10)",V7,G,C,F,144.0,73.0
1153,E,B-,1,F,"(0, 4, 7, 10)",V7,G,C,F,144.125,73.0
1154,E,B-,2,F,"(0, 4, 7, 10)",V7,G,C,F,144.25,73.0
1155,E,B-,2,F,"(0, 4, 7, 10)",V7,G,C,F,144.375,73.0
1156,E,A,0,F,"(0, 5, 9)",I,G,C,F,144.5,73.0
1157,E,A,1,F,"(0, 5, 9)",I,G,C,F,144.625,73.0
1158,E,A,3,F,"(0, 5, 9)",I,G,C,F,144.75,73.0
1159,E,A,2,F,"(0, 5, 9)",I,G,C,F,144.875,73.0
1160,C,E,0,F,"(0, 4, 7, 10)",V7,C,G,F,145.0,73.0
1161,C,E,1,F,"(0, 4, 7, 10)",V7,C,G,F,145.125,73.0
1162,C,E,2,F,"(0, 4, 7, 10)",V7,C,G,F,145.25,73.0
1163,C,E,2,F,"(0, 4, 7, 10)",V7,C,G,F,145.375,73.0
1164,C,F,0,F,"(0, 5, 9)",I,F,A,F,145.5,73.0
1165,C,F,1,F,"(0, 5, 9)",I,F,A,F,145.625,73.0
1166,C,F,2,F,"(0, 5, 9)",I,F,A,F,145.75,73.0
1167,C,F,2,F,"(0, 5, 9)",I,F,A,F,145.875,73.0
1168,G,C,0,C,"(0, 4, 7)",I,C,E,C,146.0,74.0
1169,G,C,1,C,"(0, 4, 7)",V,C,E,F,146.125,74.0
1170,G,C,2,C,"(0, 4, 7)",V,C,E,F,146.25,74.0
1171,G,C,2,C,"(0, 4, 7)",V,C,E,F,146.375,74.0
1172,G,C,3,C,"(0, 4, 7)",V,C,E,F,146.5,74.0
1173,G,C,3,C,"(0, 4, 7)",V,C,E,F,146.625,74.0
1174,G,C,3,C,"(0, 4, 7)",V,C,E,F,146.75,74.0
1175,G,C,3,C,"(0, 4, 7)",V,C,E,F,146.875,74.0
1176,G,C,4,C,"(0, 4, 7)",V,C,E,C,147.0,74.0
1177,G,C,4,C,"(0, 4, 7)",V,C,E,C,147.125,74.0
1178,G,C,4,C,"(0, 4, 7)",V,C,E,C,147.25,74.0
1179,G,C,4,C,"(0, 4, 7)",V,C,E,C,147.375,74.0
1180,G,C,4,C,"(0, 4, 7)",V,C,E,C,147.5,74.0
1181,G,C,4,C,"(0, 4, 7)",V,C,E,C,147.625,74.0
1182,G,C,4,C,"(0, 4, 7)",V,C,E,C,147.75,74.0
1183,G,C,4,C,"(0, 4, 7)",V,C,E,C,147.875,74.0
1184,F,C,0,F,"(0, 5, 9)",I,F,C,F,148.0,75.0
1185,F,C,1,F,"(0, 5, 9)",I,F,C,F,148.125,75.0
1186,F,C,2,F,"(0, 5, 9)",I,F,C,F,148.25,75.0
1187,F,C,2,F,"(0, 5, 9)",I,F,C,F,148.375,75.0
1188,F,F,3,F,"(0, 5, 9)",I,F,C,F,148.5,75.0
1189,F,F,3,F,"(0, 5, 9)",I,F,C,F,148.625,75.0
1190,F,F,3,F,"(0, 5, 9)",I,F,C,F,148.75,75.0
1191,F,F,3,F,"(0, 5, 9)",I,F,C,F,148.875,75.0
1192,C,F,4,F,"(0, 5, 9)",I,F,A,F,149.0,75.0
1193,C,F,4,F,"(0, 5, 9)",I,F,A,F,149.125,75.0
1194,C,F,4,F,"(0, 5, 9)",I,F,A,F,149.25,75.0
1195,C,F,4,F,"(0, 5, 9)",I,F,A,F,149.375,75.0
1196,C,F,4,F,"(0, 5, 9)",IV,F,A,F,149.5,75.0
1197,C,F,4,F,"(0, 5, 9)",IV,F,A,F,149.625,75.0
1198,C,F,4,F,"(0, 5, 9)",IV,F,A,F,149.75,75.0
1199,C,F,4,F,"(0, 5, 9)",IV,F,A,F,149.875,75.0
1200,B-,E,0,F,"(0, 4, 7, 10)",V7,C,G,F,150.0,76.0
1201,B-,E,1,C,"(0, 4, 7, 10)",V7,C,G,F,150.125,76.0
1202,B-,E,2,C,"(0, 4, 7, 10)",V7,C,G,F,150.25,76.0
1203,B-,E,2,C,"(0, 4, 7, 10)",V7,C,G,F,150.375,76.0
1204,B-,E,3,C,"(0, 4, 7, 10)",V7,C,G,F,150.5,76.0
1205,B-,E,3,C,"(0, 4, 7, 10)",V7,C,G,F,150.625,76.0
1206,B-,E,3,C,"(0, 4, 7, 10)",V7,C,G,F,150.75,76.0
1207,B-,E,3,C,"(0, 4, 7, 10)",V7,C,G,F,150.875,76.0
1208,C,F,0,C,"(0, 5, 9)",IV,F,A,C,151.0,76.0
1209,C,F,1,C,"(0, 5, 9)",IV,F,A,C,151.125,76.0
1210,C,F,2,C,"(0, 5, 9)",IV,F,A,C,151.25,76.0
1211,C,F,2,C,"(0, 5, 9)",IV,F,A,C,151.375,76.0
1212,C,F,3,C,"(0, 5, 9)",IV,F,A,C,151.5,76.0
1213,C,F,3,C,"(0, 5, 9)",IV,F,A,C,151.625,76.0
1214,C,F,3,C,"(0, 5, 9)",IV,F,A,C,151.75,76.0
1215,C,F,3,C,"(0, 5, 9)",IV,F,A,C,151.875,76.0
1216,D,G,0,C,"(2, 5, 7, 11)",V7,F,B,C,152.0,77.0
1217,D,G,1,C,"(2, 5, 7, 11)",V7,F,B,C,152.125,77.0
1218,D,G,2,C,"(2, 5, 7, 11)",V7,F,B,C,152.25,77.0
1219,D,G,2,C,"(2, 5, 7, 11)",V7,F,B,C,152.375,77.0
1220,D,G,3,C,"(2, 5, 7, 11)",V7,F,B,C,152.5,77.0
1221,D,G,3,C,"(2, 5, 7, 11)",V7,F,B,C,152.625,77.0
1222,D,G,3,C,"(2, 5, 7, 11)",V7,F,B,C,152.75,77.0
1223,D,G,3,C,"(2, 5, 7, 11)",V7,F,B,C,152.875,77.0
1224,D,G,4,C,"(2, 5, 7, 11)",V7,F,B,C,153.0,77.0
1225,D,G,4,C,"(2, 5, 7, 11)",V7,F,B,C,153.125,77.0
1226,D,G,4,C,"(2, 5, 7, 11)",V7,F,B,C,153.25,77.0
1227,D,G,4,C,"(2, 5, 7, 11)",V7,F,B,C,153.375,77.0
1228,D,G,4,C,"(2, 5, 7, 11)",V7,F,B,C,153.5,77.0
1229,D,G,4,C,"(2, 5, 7, 11)",V7,F,B,C,153.625,77.0
1230,D,G,4,C,"(2, 5, 7, 11)",V7,F,B,C,153.75,77.0
1231,D,G,4,C,"(2, 5, 7, 11)",V7,F,B,C,153.875,77.0
1232,G,C,0,C,"(0, 4, 7)",I,C,E,C,154.0,78.0
1233,G,C,1,C,"(0, 4, 7)",I,C,E,C,154.125,78.0
1234,G,C,2,C,"(0, 4, 7)",I,C,E,C,154.25,78.0
1235,G,C,2,C,"(0, 4, 7)",I,C,E,C,154.375,78.0
1236,G,C,3,C,"(0, 4, 7)",I,C,E,C,154.5,78.0
1237,G,C,3,C,"(0, 4, 7)",I,C,E,C,154.625,78.0
1238,G,C,3,C,"(0, 4, 7)",I,C,E,C,154.75,78.0
1239,G,C,3,C,"(0, 4, 7)",I,C,E,C,154.875,78.0
1240,G,C,4,C,"(0, 4, 7)",I,C,E,C,155.0,78.0
1241,G,C,4,C,"(0, 4, 7)",I,C,E,C,155.125,78.0
1242,G,C,4,C,"(0, 4, 7)",I,C,E,C,155.25,78.0
1243,G,C,4,C,"(0, 4, 7)",I,C,E,C,155.375,78.0
1244,G,C,4,C,"(0, 4, 7)",I,C,E,C,155.5,78.0
1245,G,C,4,C,"(0, 4, 7)",I,C,E,C,155.625,78.0
1246,G,C,4,C,"(0, 4, 7)",I,C,E,C,155.75,78.0
1247,G,C,4,C,"(0, 4, 7)",I,C,E,C,155.875,78.0
1248,E,G,0,C,"(0, 4, 7)",I,C,C,C,156.0,79.0
1249,D,G,1,C,"(0, 4, 7)",I,C,C,C,156.125,79.0
1250,E,G,2,C,"(0, 4, 7)",I,C,C,C,156.25,79.0
1251,E,G,2,C,"(0, 4, 7)",I,C,C,C,156.375,79.0
1252,E,G,3,C,"(0, 4, 7)",I,C,C,C,156.5,79.0
1253,G,G,3,C,"(0, 4, 7)",I,C,E,C,156.625,79.0
1254,E,G,3,C,"(0, 4, 7)",I,C,E,C,156.75,79.0
1255,E,G,3,C,"(0, 4, 7)",I,C,E,C,156.875,79.0
1256,D,G,4,C,"(0, 4, 7)",I,C,E,C,157.0,79.0
1257,D,G,4,C,"(0, 4, 7)",I,C,E,C,157.125,79.0
1258,D,G,4,C,"(0, 4, 7)",I,C,E,C,157.25,79.0
1259,D,G,4,C,"(0, 4, 7)",I,C,E,C,157.375,79.0
1260,D,D,0,C,"(2, 5, 7, 11)",V7,B,F,C,157.5,79.0
1261,B,D,1,C,"(2, 5, 11)",V7,B,F,C,157.625,79.0
1262,B,D,2,C,"(2, 5, 11)",V7,B,F,C,157.75,79.0
1263,B,D,2,C,"(2, 5, 11)",V7,B,F,C,157.875,79.0
1264,G,C,0,C,"(0, 4, 7)",I,C,E,C,158.0,80.0
1265,G,C,1,C,"(0, 4, 7)",I,C,E,C,158.125,80.0
1266,G,C,2,C,"(0, 4, 7)",I,C,E,C,158.25,80.0
1267,G,C,2,C,"(0, 4, 7)",I,C,E,C,158.375,80.0
1268,G,C,3,C,"(0, 4, 7)",I,C,E,C,158.5,80.0
1269,G,C,3,C,"(0, 4, 7)",I,C,E,C,158.625,80.0
1270,G,C,3,C,"(0, 4, 7)",I,C,E,C,158.75,80.0
1271,G,C,3,C,"(0, 4, 7)",I,C,E,C,158.875,80.0
1272,G,C,4,C,"(0, 4, 7)",I,C,E,C,159.0,80.0
1273,G,C,4,C,"(0, 4, 7)",I,C,E,C,159.125,80.0
1274,G,C,4,C,"(0, 4, 7)",I,C,E,C,159.25,80.0
1275,G,C,4,C,"(0, 4, 7)",I,C,E,C,159.375,80.0
1276,G,C,4,C,"(0, 4, 7)",I,C,E,C,159.5,80.0
1277,G,C,4,C,"(0, 4, 7)",I,C,E,C,159.625,80.0
1278,G,C,4,C,"(0, 4, 7)",I,C,E,C,159.75,80.0
1279,G,C,4,C,"(0, 4, 7)",I,C,E,C,159.875,80.0
1280,E,G,0,F,"(0, 4, 7)",V,C,C,C,160.0,81.0
1281,E,G,1,F,"(0, 4, 7)",V,C,C,C,160.125,81.0
1282,E,G,2,F,"(0, 4, 7)",V,C,C,C,160.25,81.0
1283,E,G,2,F,"(0, 4, 7)",V,C,C,C,160.375,81.0
1284,E,G,3,F,"(0, 4, 7)",V,C,C,C,160.5,81.0
1285,E,G,3,F,"(0, 4, 7)",V,C,C,C,160.625,81.0
1286,E,G,3,F,"(0, 4, 7)",V,C,C,C,160.75,81.0
1287,E,G,3,F,"(0, 4, 7)",V,C,C,C,160.875,81.0
1288,D,G,0,F,"(0, 4, 7)",V7,C,B,C,161.0,81.0
1289,D,G,4,F,"(0, 4, 7)",V7,C,B,C,161.125,81.0
1290,D,G,2,F,"(0, 4, 7)",V7,C,B,C,161.25,81.0
1291,D,G,2,F,"(0, 4, 7)",V7,C,B,C,161.375,81.0
1292,D,D,0,F,"(2, 5, 7, 11)",V7,B,F,C,161.5,81.0
1293,D,D,1,F,"(2, 5, 11)",viio,B,F,C,161.625,81.0
1294,D,D,2,F,"(2, 5, 7, 11)",viio,B,F,C,161.75,81.0
1295,D,D,2,F,"(2, 5, 7, 11)",viio,B,F,C,161.875,81.0
1296,G,C,0,F,"(0, 4, 7)",I,C,E,C,162.0,82.0
1297,G,C,1,F,"(0, 4, 7)",V,C,E,C,162.125,82.0
1298,G,C,2,F,"(0, 4, 7)",V,C,E,C,162.25,82.0
1299,G,C,2,F,"(0, 4, 7)",I,C,E,C,162.375,82.0
1300,G,C,3,F,"(0, 4, 7)",V,C,E,C,162.5,82.0
1301,G,C,3,F,"(0, 4, 7)",V,C,E,C,162.625,82.0
1302,G,C,3,F,"(0, 4, 7)",V,C,E,C,162.75,82.0
1303,G,C,3,F,"(0, 4, 7)",V,C,E,C,162.875,82.0
1304,G,C,4,F,"(0, 4, 7)",V,C,E,C,163.0,82.0
1305,G,C,4,F,"(0, 4, 7)",V,C,E,C,163.125,82.0
1306,G,C,4,F,"(0, 4, 7)",V,C,E,C,163.25,82.0
1307,G,C,4,F,"(0, 4, 7)",V,C,E,C,163.375,82.0
1308,G,C,4,F,"(0, 4, 7)",V,C,E,C,163.5,82.0
1309,G,C,4,F,"(0, 4, 7)",V,C,E,C,163.625,82.0
1310,G,C,4,F,"(0, 4, 7)",V,C,E,C,163.75,82.0
1311,G,C,4,F,"(0, 4, 7)",I,C,E,C,163.875,82.0
1312,A,A,0,F,"(2, 6, 9)",V7,C,A,g,164.0,83.0
1313,A,F#,1,F,"(2, 6, 9)",V7,C,A,g,164.125,83.0
1314,A,F#,2,F,"(2, 6, 9)",V7,C,A,g,164.25,83.0
1315,A,F#,2,F,"(2, 6, 9)",V7,C,A,g,164.375,83.0
1316,A,F#,3,F,"(2, 6, 9)",V,D,A,g,164.5,83.0
1317,A,F#,3,F,"(2, 6, 9)",V,D,A,g,164.625,83.0
1318,A,F#,3,F,"(2, 6, 9)",V,D,A,g,164.75,83.0
1319,A,F#,3,F,"(2, 6, 9)",V,D,A,g,164.875,83.0
1320,A,F#,4,F,"(2, 6, 9)",V,D,A,g,165.0,83.0
1321,A,F#,4,F,"(2, 6, 9)",V,D,A,g,165.125,83.0
1322,A,F#,4,F,"(2, 6, 9)",V,D,A,g,165.25,83.0
1323,A,F#,4,F,"(2, 6, 9)",V,D,A,g,165.375,83.0
1324,A,D,4,F,"(2, 6, 9)",V,D,F#,g,165.5,83.0
1325,A,D,4,F,"(2, 6, 9)",V,D,F#,g,165.625,83.0
1326,A,D,4,F,"(2, 6, 9)",V,D,F#,g,165.75,83.0
1327,A,D,4,F,"(2, 6, 9)",V,D,F#,g,165.875,83.0
1328,D,G,0,F,"(2, 7, 10)",ii,G,B-,F,166.0,84.0
1329,D,G,1,F,"(2, 7, 10)",ii,G,B-,F,166.125,84.0
1330,D,G,2,F,"(2, 7, 10)",ii,G,B-,F,166.25,84.0
1331,D,G,2,F,"(2, 7, 10)",ii,G,B-,F,166.375,84.0
1332,D,G,3,F,"(2, 7, 10)",ii,G,B-,F,166.5,84.0
1333,D,G,3,F,"(2, 7, 10)",ii,G,B-,F,166.625,84.0
1334,D,G,3,F,"(2, 7, 10)",ii,G,B-,F,166.75,84.0
1335,D,G,3,F,"(2, 7, 10)",ii,G,B-,F,166.875,84.0
1336,D,G,0,F,"(2, 5, 11)",viio,F,B,C,167.0,84.0
1337,D,G,1,F,"(2, 5, 11)",viio,F,B,C,167.125,84.0
1338,D,G,2,F,"(2, 5, 11)",viio,F,B,C,167.25,84.0
1339,D,G,2,F,"(2, 5, 11)",viio,F,B,C,167.375,84.0
1340,D,F,3,F,"(2, 5, 11)",viio,F,B,C,167.5,84.0
1341,D,F,3,F,"(2, 5, 11)",viio,F,B,C,167.625,84.0
1342,D,F,3,F,"(2, 5, 11)",viio,F,B,C,167.75,84.0
1343,D,F,3,F,"(2, 5, 11)",viio,F,B,C,167.875,84.0
1344,G,C,0,F,"(0, 4, 7)",V,C,E,F,168.0,85.0
1345,G,C,1,F,"(0, 4, 7)",V,C,E,F,168.125,85.0
1346,G,C,2,F,"(0, 4, 7)",V,C,E,F,168.25,85.0
1347,G,C,2,F,"(0, 4, 7)",V,C,E,F,168.375,85.0
1348,G,C,3,F,"(0, 4, 7)",V,C,E,F,168.5,85.0
1349,G,C,3,F,"(0, 4, 7)",V,C,E,F,168.625,85.0
1350,G,C,3,F,"(0, 4, 7)",V,C,E,F,168.75,85.0
1351,G,C,3,F,"(0, 4, 7)",V,C,E,F,168.875,85.0
1352,G,C,4,F,"(0, 4, 7)",V,C,E,F,169.0,85.0
1353,G,C,4,F,"(0, 4, 7)",V,C,E,F,169.125,85.0
1354,G,C,4,F,"(0, 4, 7)",V,C,E,F,169.25,85.0
1355,G,C,4,F,"(0, 4, 7)",V,C,E,F,169.375,85.0
1356,G,C,4,F,"(0, 4, 7)",V,C,E,F,169.5,85.0
1357,G,C,4,F,"(0, 4, 7)",V,C,E,F,169.625,85.0
1358,G,C,4,F,"(0, 4, 7)",V,C,E,F,169.75,85.0
1359,G,C,4,F,"(0, 4, 7)",V,C,E,F,169.875,85.0
1360,F,F,0,F,"(0, 5, 9)",I,F,A,F,170.0,86.0
1361,C,F,1,F,"(0, 5, 9)",I,F,A,F,170.125,86.0
1362,C,F,2,F,"(0, 5, 9)",I,F,A,F,170.25,86.0
1363,C,F,2,F,"(0, 5, 9)",I,F,A,F,170.375,86.0
1364,C,F,3,F,"(0, 5, 9)",I,F,A,F,170.5,86.0
1365,C,F,3,F,"(0, 5, 9)",I,F,A,F,170.625,86.0
1366,C,F,3,F,"(0, 5, 9)",I,F,A,F,170.75,86.0
1367,C,F,3,F,"(0, 5, 9)",I,F,A,F,170.875,86.0
1368,C,F,4,F,"(0, 5, 9)",I,F,A,F,171.0,86.0
1369,C,F,4,F,"(0, 5, 9)",I,F,A,F,171.125,86.0
1370,C,F,4,F,"(0, 5, 9)",I,F,A,F,171.25,86.0
1371,C,F,4,F,"(0, 5, 9)",I,F,A,F,171.375,86.0
1372,C,F,4,F,"(0, 5, 9)",I,F,A,F,171.5,86.0
1373,C,F,4,F,"(0, 5, 9)",I,F,A,F,171.625,86.0
1374,C,F,4,F,"(0, 5, 9)",I,F,A,F,171.75,86.0
1375,C,F,4,F,"(0, 5, 9)",I,F,A,F,171.875,86.0
1376,F,F,0,F,"(0, 5, 9)",I,F,C,F,172.0,87.0
1377,F,F,1,F,"(0, 5, 9)",I,F,C,F,172.125,87.0
1378,F,F,2,F,"(0, 5, 9)",I,F,C,F,172.25,87.0
1379,F,F,2,F,"(0, 5, 9)",I,F,C,F,172.375,87.0
1380,F,F,3,F,"(0, 5, 9)",I,F,C,F,172.5,87.0
1381,F,F,3,F,"(0, 5, 9)",I,F,C,F,172.625,87.0
1382,F,F,3,F,"(0, 5, 9)",I,F,C,F,172.75,87.0
1383,F,F,3,F,"(0, 5, 9)",I,F,C,F,172.875,87.0
1384,C,F,4,F,"(0, 5, 9)",I,F,C,F,173.0,87.0
1385,C,F,4,F,"(0, 5, 9)",I,F,C,F,173.125,87.0
1386,C,F,4,F,"(0, 5, 9)",I,F,C,F,173.25,87.0
1387,C,F,4,F,"(0, 5, 9)",I,F,C,F,173.375,87.0
1388,C,F,4,F,"(0, 5, 9)",I,F,A,F,173.5,87.0
1389,C,F,4,F,"(0, 5, 9)",I,F,A,F,173.625,87.0
1390,C,F,4,F,"(0, 5, 9)",I,F,A,F,173.75,87.0
1391,C,F,4,F,"(0, 5, 9)",I,F,A,F,173.875,87.0
1392,G,C,0,F,"(0, 4, 7, 10)",V7,C,G,F,174.0,88.0
1393,B-,C,1,F,"(0, 4, 7, 10)",V7,C,E,F,174.125,88.0
1394,B-,C,2,F,"(0, 4, 7, 10)",V7,C,E,F,174.25,88.0
1395,B-,C,2,F,"(0, 4, 7, 10)",V7,C,E,F,174.375,88.0
1396,G,C,3,F,"(0, 4, 7, 10)",V7,C,E,F,174.5,88.0
1397,G,C,3,F,"(0, 4, 7, 10)",V7,C,E,F,174.625,88.0
1398,G,C,3,F,"(0, 4, 7, 10)",V7,C,E,F,174.75,88.0
1399,G,C,3,F,"(0, 4, 7, 10)",V7,C,E,F,174.875,88.0
1400,C,F,0,F,"(0, 5, 9)",I,F,A,F,175.0,88.0
1401,C,F,1,F,"(0, 5, 9)",I,F,A,F,175.125,88.0
1402,C,F,2,F,"(0, 5, 9)",I,F,A,F,175.25,88.0
1403,C,F,2,F,"(0, 5, 9)",I,F,A,F,175.375,88.0
1404,C,F,3,F,"(0, 5, 9)",I,F,A,F,175.5,88.0
1405,C,F,3,F,"(0, 5, 9)",I,F,A,F,175.625,88.0
1406,C,F,3,F,"(0, 5, 9)",I,F,A,F,175.75,88.0
1407,C,F,3,F,"(0, 5, 9)",I,F,A,F,175.875,88.0
1408,F,B-,0,F,"(2, 5, 7, 10)",ii,G,D,F,176.0,89.0
1409,F,B-,1,F,"(2, 5, 7, 10)",ii,G,D,F,176.125,89.0
1410,F,B-,2,F,"(2, 5, 7, 10)",ii,G,D,F,176.25,89.0
1411,F,B-,2,F,"(2, 5, 7, 10)",ii,G,D,F,176.375,89.0
1412,F,B,3,F,"(2, 5, 7, 11)",V7,G,D,F,176.5,89.0
1413,F,B,3,F,"(2, 5, 7, 11)",V7,G,D,F,176.625,89.0
1414,F,B,3,F,"(2, 5, 7, 11)",V7,G,D,F,176.75,89.0
1415,F,B,3,F,"(2, 5, 7, 11)",V7,G,D,F,176.875,89.0
1416,G,C,0,F,"(0, 4, 7, 10)",I,B-,E,F,177.0,89.0
1417,G,C,1,F,"(0, 4, 7, 10)",I,B-,E,F,177.125,89.0
1418,G,C,2,F,"(0, 4, 7, 10)",I,B-,E,F,177.25,89.0
1419,G,C,2,F,"(0, 4, 7, 10)",I,B-,E,F,177.375,89.0
1420,G,C,3,F,"(0, 4, 7, 10)",V7,B-,E,F,177.5,89.0
1421,G,C,3,F,"(0, 4, 7, 10)",V7,B-,E,F,177.625,89.0
1422,G,C,3,F,"(0, 4, 7, 10)",V7,B-,E,F,177.75,89.0
1423,G,C,3,F,"(0, 4, 7, 10)",V7,B-,E,F,177.875,89.0
1424,C,F,0,F,"(0, 5, 9)",I,F,A,F,178.0,90.0
1425,C,F,1,F,"(0, 5, 9)",I,F,A,F,178.125,90.0
1426,C,F,2,F,"(0, 5, 9)",I,F,A,F,178.25,90.0
1427,C,F,2,F,"(0, 5, 9)",I,F,A,F,178.375,90.0
1428,C,F,3,F,"(0, 5, 9)",I,F,A,F,178.5,90.0
1429,C,F,3,F,"(0, 5, 9)",I,F,A,F,178.625,90.0
1430,C,F,3,F,"(0, 5, 9)",I,F,A,F,178.75,90.0
1431,C,F,3,F,"(0, 5, 9)",I,F,A,F,178.875,90.0
1432,C,F,4,F,"(0, 5, 9)",I,F,A,F,179.0,90.0
1433,C,F,4,F,"(0, 5, 9)",I,F,A,F,179.125,90.0
1434,C,F,4,F,"(0, 5, 9)",I,F,A,F,179.25,90.0
1435,C,F,4,F,"(0, 5, 9)",I,F,A,F,179.375,90.0
1436,C,F,4,F,"(0, 5, 9)",I,F,A,F,179.5,90.0
1437,C,F,4,F,"(0, 5, 9)",I,F,A,F,179.625,90.0
1438,C,F,4,F,"(0, 5, 9)",I,F,A,F,179.75,90.0
1439,C,F,4,F,"(0, 5, 9)",I,F,A,F,179.875,90.0
1440,G,C,0,F,"(0, 4, 7, 10)",V7,B-,E,F,180.0,91.0
1441,G,C,1,F,"(0, 4, 7, 10)",V7,B-,E,F,180.125,91.0
1442,G,C,2,F,"(0, 4, 7, 10)",V7,B-,E,F,180.25,91.0
1443,G,C,2,F,"(0, 4, 7, 10)",V7,B-,E,F,180.375,91.0
1444,G,C,3,F,"(0, 4, 7, 10)",V7,B-,E,F,180.5,91.0
1445,G,C,3,F,"(0, 4, 7, 10)",V7,B-,E,F,180.625,91.0
1446,G,C,3,F,"(0, 4, 7, 10)",V7,B-,E,F,180.75,91.0
1447,G,C,3,F,"(0, 4, 7, 10)",V7,B-,E,F,180.875,91.0
1448,G,C,0,F,"(0, 4, 7, 10)",V7,B-,E,F,181.0,91.0
1449,G,C,1,F,"(0, 4, 7, 10)",V7,B-,E,F,181.125,91.0
1450,G,C,2,F,"(0, 4, 7, 10)",V7,B-,E,F,181.25,91.0
1451,G,C,2,F,"(0, 4, 7, 10)",V7,B-,E,F,181.375,91.0
1452,G,C,3,F,"(0, 4, 7, 10)",V7,B-,E,F,181.5,91.0
1453,G,C,3,F,"(0, 4, 7, 10)",V7,B-,E,F,181.625,91.0
1454,G,C,3,F,"(0, 4, 7, 10)",V7,B-,E,F,181.75,91.0
1455,G,C,3,F,"(0, 4, 7, 10)",V7,B-,E,F,181.875,91.0
1456,A,C,0,F,"(0, 5, 9)",I,F,F,F,182.0,92.0
1457,A,C,1,F,"(0, 5, 9)",I,F,F,F,182.125,92.0
1458,A,C,2,F,"(0, 5, 9)",I,F,F,F,182.25,92.0
1459,A,C,2,F,"(0, 5, 9)",I,F,F,F,182.375,92.0
1460,A,C,3,F,"(0, 5, 9)",I,F,F,F,182.5,92.0
1461,A,C,3,F,"(0, 5, 9)",I,F,F,F,182.625,92.0
1462,A,C,3,F,"(0, 5, 9)",I,F,F,F,182.75,92.0
1463,A,C,3,F,"(0, 5, 9)",I,F,F,F,182.875,92.0
1464,A,C,0,F,"(0, 5, 9)",I,F,F,F,183.0,92.0
1465,A,C,1,F,"(0, 5, 9)",I,F,F,F,183.125,92.0
1466,A,C,4,F,"(0, 5, 9)",I,F,F,F,183.25,92.0
1467,A,C,4,F,"(0, 5, 9)",I,F,F,F,183.375,92.0
1468,A,C,3,F,"(0, 5, 9)",I,F,F,F,183.5,92.0
1469,A,C,3,F,"(0, 5, 9)",I,F,F,F,183.625,92.0
1470,A,C,4,F,"(0, 5, 9)",I,F,F,F,183.75,92.0
1471,A,C,4,F,"(0, 5, 9)",I,F,F,F,183.875,92.0
1472,G,C,0,F,"(0, 4, 7)",V,C,E,F,184.0,93.0
1473,G,C,1,F,"(0, 4, 7)",V,C,E,F,184.125,93.0
1474,G,C,2,F,"(0, 4, 7)",V,C,E,F,184.25,93.0
1475,G,C,2,F,"(0, 4, 7)",V,C,E,F,184.375,93.0
1476,G,C,3,F,"(0, 4, 7)",V,C,E,F,184.5,93.0
1477,G,C,3,F,"(0, 4, 7)",V,C,E,F,184.625,93.0
1478,G,C,3,F,"(0, 4, 7)",V,C,E,F,184.75,93.0
1479,G,C,3,F,"(0, 4, 7)",V,C,E,F,184.875,93.0
1480,G,C,4,F,"(0, 4, 7)",V,C,E,F,185.0,93.0
1481,G,C,4,F,"(0, 4, 7)",V,C,E,F,185.125,93.0
1482,G,C,4,F,"(0, 4, 7)",V,C,E,F,185.25,93.0
1483,G,C,4,F,"(0, 4, 7)",V,C,E,F,185.375,93.0
1484,G,C,4,F,"(0, 4, 7)",V7,C,E,F,185.5,93.0
1485,G,C,4,F,"(0, 4, 7)",V7,C,E,F,185.625,93.0
1486,G,C,4,F,"(0, 4, 7)",V7,C,E,F,185.75,93.0
1487,G,C,4,F,"(0, 4, 7)",V7,C,E,F,185.875,93.0
1488,C,F,0,F,"(0, 5, 9)",I,F,A,F,186.0,94.0
1489,C,F,1,F,"(0, 5, 9)",I,F,A,F,186.125,94.0
1490,C,F,2,F,"(0, 5, 9)",I,F,A,F,186.25,94.0
1491,C,F,2,F,"(0, 5, 9)",I,F,A,F,186.375,94.0
1492,C,F,3,F,"(0, 5, 9)",I,F,A,F,186.5,94.0
1493,C,F,3,F,"(0, 5, 9)",I,F,A,F,186.625,94.0
1494,C,F,3,F,"(0, 5, 9)",I,F,A,F,186.75,94.0
1495,C,F,3,F,"(0, 5, 9)",I,F,A,F,186.875,94.0
1496,C,F,4,F,"(0, 5, 9)",I,F,A,F,187.0,94.0
1497,C,F,4,F,"(0, 5, 9)",I,F,A,F,187.125,94.0
1498,C,F,4,F,"(0, 5, 9)",I,F,A,F,187.25,94.0
1499,C,F,4,F,"(0, 5, 9)",I,F,A,F,187.375,94.0
1500,C,F,4,F,"(0, 5, 9)",I,F,A,F,187.5,94.0
1501,C,F,4,F,"(0, 5, 9)",I,F,A,F,187.625,94.0
1502,C,F,4,F,"(0, 5, 9)",I,F,A,F,187.75,94.0
1503,C,F,4,F,"(0, 5, 9)",I,F,A,F,187.875,94.0
1504,G,C,0,F,"(0, 4, 7, 10)",V7,B-,E,F,188.0,95.0
1505,G,C,1,F,"(0, 4, 7, 10)",V7,B-,E,F,188.125,95.0
1506,G,C,2,F,"(0, 4, 7, 10)",V7,B-,E,F,188.25,95.0
1507,G,C,2,F,"(0, 4, 7, 10)",V7,B-,E,F,188.375,95.0
1508,G,C,3,F,"(0, 4, 7, 10)",V7,B-,E,F,188.5,95.0
1509,G,C,3,F,"(0, 4, 7, 10)",V7,B-,E,F,188.625,95.0
1510,G,C,3,F,"(0, 4, 7, 10)",V7,B-,E,F,188.75,95.0
1511,G,C,3,F,"(0, 4, 7, 10)",V7,B-,E,F,188.875,95.0
1512,G,C,0,F,"(0, 4, 7, 10)",V7,B-,E,F,189.0,95.0
1513,G,C,1,F,"(0, 4, 7, 10)",V7,B-,E,F,189.125,95.0
1514,G,C,2,F,"(0, 4, 7, 10)",V7,B-,E,F,189.25,95.0
1515,G,C,2,F,"(0, 4, 7, 10)",V7,B-,E,F,189.375,95.0
1516,G,C,3,F,"(0, 4, 7, 10)",V7,B-,E,F,189.5,95.0
1517,G,C,3,F,"(0, 4, 7, 10)",V7,B-,E,F,189.625,95.0
1518,G,C,3,F,"(0, 4, 7, 10)",V7,B-,E,F,189.75,95.0
1519,G,C,3,F,"(0, 4, 7, 10)",V7,B-,E,F,189.875,95.0
1520,C,F,0,F,"(0, 5, 9)",I,F,A,F,190.0,96.0
1521,C,F,1,F,"(0, 5, 9)",I,F,A,F,190.125,96.0
1522,C,F,2,F,"(0, 5, 9)",I,F,A,F,190.25,96.0
1523,C,F,2,F,"(0, 5, 9)",I,F,A,F,190.375,96.0
1524,C,F,3,F,"(0, 5, 9)",I,F,A,F,190.5,96.0
1525,C,F,3,F,"(0, 5, 9)",I,F,A,F,190.625,96.0
1526,C,F,3,F,"(0, 5, 9)",I,F,A,F,190.75,96.0
1527,C,F,3,F,"(0, 5, 9)",I,F,A,F,190.875,96.0
1528,A,D,0,F,"(2, 5, 9)",vi,D,F,F,191.0,96.0
1529,A,D,1,F,"(2, 5, 9)",vi,D,F,F,191.125,96.0
1530,A,D,2,F,"(2, 5, 9)",vi,D,F,F,191.25,96.0
1531,A,D,2,F,"(2, 5, 9)",vi,D,F,F,191.375,96.0
1532,A,D,3,F,"(2, 5, 9)",vi,D,F,F,191.5,96.0
1533,A,D,3,F,"(2, 5, 9)",vi,D,F,F,191.625,96.0
1534,A,D,3,F,"(2, 5, 9)",vi,D,F,F,191.75,96.0
1535,A,D,3,F,"(2, 5, 9)",vi,D,F,F,191.875,96.0
1536,G,B-,0,F,"(2, 7, 10)",ii,G,D,F,192.0,97.0
1537,G,B-,1,F,"(2, 7, 10)",ii,G,D,F,192.125,97.0
1538,G,B-,2,F,"(2, 7, 10)",ii,G,D,F,192.25,97.0
1539,G,B-,2,F,"(2, 7, 10)",ii,G,D,F,192.375,97.0
1540,G,B-,3,F,"(2, 7, 10)",ii,G,D,F,192.5,97.0
1541,G,B-,3,F,"(2, 7, 10)",ii,G,D,F,192.625,97.0
1542,G,B-,3,F,"(2, 7, 10)",ii,G,D,F,192.75,97.0
1543,G,B-,3,F,"(2, 7, 10)",ii,G,D,F,192.875,97.0
1544,G,C,0,F,"(0, 4, 7, 10)",V7,B-,E,F,193.0,97.0
1545,G,C,1,F,"(0, 4, 7, 10)",V7,B-,E,F,193.125,97.0
1546,G,C,2,F,"(0, 4, 7, 10)",V7,B-,E,F,193.25,97.0
1547,G,C,2,F,"(0, 4, 7, 10)",V7,B-,E,F,193.375,97.0
1548,G,C,3,F,"(0, 4, 7, 10)",V7,B-,E,F,193.5,97.0
1549,G,C,3,F,"(0, 4, 7, 10)",V7,B-,E,F,193.625,97.0
1550,G,C,3,F,"(0, 4, 7, 10)",V7,B-,E,F,193.75,97.0
1551,G,C,3,F,"(0, 4, 7, 10)",V7,B-,E,F,193.875,97.0
1552,C,F,0,F,"(0, 5, 9)",I,F,A,F,194.0,98.0
1553,C,F,1,F,"(0, 5, 9)",I,F,A,F,194.125,98.0
1554,C,F,2,F,"(0, 5, 9)",I,F,A,F,194.25,98.0
1555,C,F,2,F,"(0, 5, 9)",I,F,A,F,194.375,98.0
1556,C,F,3,F,"(0, 5, 9)",I,F,A,F,194.5,98.0
1557,C,F,3,F,"(0, 5, 9)",I,F,A,F,194.625,98.0
1558,C,F,3,F,"(0, 5, 9)",I,F,A,F,194.75,98.0
1559,C,F,3,F,"(0, 5, 9)",I,F,A,F,194.875,98.0
1560,G,C,0,F,"(0, 4, 7)",V,C,E,F,195.0,98.0
1561,G,C,1,F,"(0, 4, 7)",I,C,E,F,195.125,98.0
1562,G,C,2,F,"(0, 4, 7)",I,C,E,F,195.25,98.0
1563,G,C,2,F,"(0, 4, 7)",V,C,E,F,195.375,98.0
1564,G,C,3,F,"(0, 4, 7)",V,C,E,F,195.5,98.0
1565,G,C,3,F,"(0, 4, 7)",V,C,E,F,195.625,98.0
1566,G,C,4,F,"(0, 4, 7)",V,C,E,F,195.75,98.0
1567,G,C,4,F,"(0, 4, 7)",V,C,E,F,195.875,98.0
1568,C,F,0,F,"(0, 5, 9)",I,F,A,F,196.0,99.0
1569,C,F,1,F,"(0, 5, 9)",I,F,A,F,196.125,99.0
1570,C,F,2,F,"(0, 5, 9)",I,F,A,F,196.25,99.0
1571,C,F,2,F,"(0, 5, 9)",I,F,A,F,196.375,99.0
1572,C,F,3,F,"(0, 5, 9)",I,F,A,F,196.5,99.0
1573,C,F,3,F,"(0, 5, 9)",I,F,A,F,196.625,99.0
1574,C,F,3,F,"(0, 5, 9)",I,F,A,F,196.75,99.0
1575,C,F,3,F,"(0, 5, 9)",I,F,A,F,196.875,99.0
1576,C,F,4,F,"(0, 5, 9)",I,F,A,F,197.0,99.0
1577,C,F,4,F,"(0, 5, 9)",I,F,A,F,197.125,99.0
1578,C,F,4,F,"(0, 5, 9)",I,F,A,F,197.25,99.0
1579,C,F,4,F,"(0, 5, 9)",I,F,A,F,197.375,99.0
1580,C,F,4,F,"(0, 5, 9)",I,F,A,F,197.5,99.0
1581,C,F,4,F,"(0, 5, 9)",I,F,A,F,197.625,99.0
1582,C,F,4,F,"(0, 5, 9)",I,F,A,F,197.75,99.0
1583,C,F,4,F,"(0, 5, 9)",I,F,A,F,197.875,99.0
1584,C,A,0,F,"(0, 5, 9)",I,F,C,F,198.0,100.0
1585,C,F,1,F,"(0, 5, 9)",I,F,C,F,198.125,100.0
1586,C,F,2,F,"(0, 5, 9)",I,F,C,F,198.25,100.0
1587,C,F,2,F,"(0, 5, 9)",I,F,C,F,198.375,100.0
1588,C,F,3,F,"(0, 5, 9)",I,F,C,F,198.5,100.0
1589,C,F,3,F,"(0, 5, 9)",I,F,C,F,198.625,100.0
1590,C,F,3,F,"(0, 5, 9)",I,F,C,F,198.75,100.0
1591,C,F,3,F,"(0, 5, 9)",I,F,C,F,198.875,100.0
1592,C,F,0,F,"(0, 5, 9)",I,F,A,F,199.0,101.0
1593,C,F,1,F,"(0, 5, 9)",I,F,A,F,199.125,101.0
1594,C,F,2,F,"(0, 5, 9)",I,F,A,F,199.25,101.0
1595,C,F,2,F,"(0, 5, 9)",I,F,A,F,199.375,101.0
1596,C,F,3,F,"(0, 5, 9)",I,F,A,F,199.5,101.0
1597,C,F,3,F,"(0, 5, 9)",I,F,A,F,199.625,101.0
1598,C,F,3,F,"(0, 5, 9)",I,F,A,F,199.75,101.0
1599,C,F,3,F,"(0, 5, 9)",I,F,A,F,199.875,101.0
1600,C,F,0,F,"(0, 5, 9)",I,F,A,F,200.0,101.0
1601,C,F,1,F,"(0, 5, 9)",I,F,A,F,200.125,101.0
1602,C,F,2,F,"(0, 5, 9)",I,F,A,F,200.25,101.0
1603,C,F,4,F,"(0, 5, 9)",I,F,A,F,200.375,101.0
1604,C,F,4,F,"(0, 5, 9)",I,F,A,F,200.5,101.0
1605,C,F,4,F,"(0, 5, 9)",I,F,A,F,200.625,101.0
1606,C,F,4,F,"(0, 5, 9)",I,F,A,F,200.75,101.0
1607,C,F,4,F,"(0, 5, 9)",I,F,A,F,200.875,101.0
1608,B-,G,0,F,"(4, 7, 10)",ii,E,B-,F,201.0,102.0
1609,B-,G,1,F,"(4, 7, 10)",ii,E,B-,F,201.125,102.0
1610,B-,G,2,F,"(4, 7, 10)",ii,E,B-,F,201.25,102.0
1611,B-,G,2,F,"(4, 7, 10)",ii,E,B-,F,201.375,102.0
1612,B-,E,3,F,"(4, 7, 10)",viio,E,G,F,201.5,102.0
1613,B-,E,3,F,"(4, 7, 10)",viio,E,G,F,201.625,102.0
1614,B-,E,3,F,"(4, 7, 10)",viio,E,G,F,201.75,102.0
1615,B-,E,3,F,"(4, 7, 10)",viio,E,G,F,201.875,102.0
1616,C,F,0,F,"(0, 5, 9)",V7,F,G,F,202.0,102.0
1617,C,F,1,F,"(0, 5, 9)",V7,F,A,F,202.125,102.0
1618,C,F,2,F,"(0, 5, 9)",V7,F,A,F,202.25,102.0
1619,C,F,2,F,"(0, 5, 9)",V7,F,A,F,202.375,102.0
1620,C,F,3,F,"(0, 5, 9)",V7,F,A,F,202.5,102.0
1621,C,F,3,F,"(0, 5, 9)",V7,F,A,F,202.625,102.0
1622,C,F,3,F,"(0, 5, 9)",V7,F,A,F,202.75,102.0
1623,C,F,3,F,"(0, 5, 9)",V7,F,A,F,202.875,102.0
1624,G,C,0,F,"(0, 4, 7)",V,C,E,F,203.0,103.0
1625,G,C,1,F,"(0, 4, 7)",V,C,E,F,203.125,103.0
1626,G,C,2,F,"(0, 4, 7)",V,C,E,F,203.25,103.0
1627,G,C,2,F,"(0, 4, 7)",V,C,E,F,203.375,103.0
1628,G,C,3,F,"(0, 4, 7)",V,C,E,F,203.5,103.0
1629,G,C,3,F,"(0, 4, 7)",V,C,E,F,203.625,103.0
1630,G,C,3,F,"(0, 4, 7)",V,C,E,F,203.75,103.0
1631,G,C,3,F,"(0, 4, 7)",V,C,E,F,203.875,103.0
1632,G,C,4,F,"(0, 4, 7)",V,C,E,F,204.0,103.0
1633,G,C,4,F,"(0, 4, 7)",V,C,E,F,204.125,103.0
1634,G,C,4,F,"(0, 4, 7)",V,C,E,F,204.25,103.0
1635,G,C,4,F,"(0, 4, 7)",V,C,E,F,204.375,103.0
1636,G,C,0,F,"(0, 4, 7)",V,C,E,F,204.5,103.0
1637,G,C,4,F,"(0, 4, 7)",V,C,E,F,204.625,103.0
1638,G,C,4,F,"(0, 4, 7)",V,C,E,F,204.75,103.0
1639,G,C,4,F,"(0, 4, 7)",V,C,E,F,204.875,103.0
1640,G,C,0,F,"(0, 4, 7)",V,C,E,F,205.0,104.0
1641,G,C,1,F,"(0, 4, 7)",V,C,E,F,205.125,104.0
1642,G,C,2,F,"(0, 4, 7)",V,C,E,F,205.25,104.0
1643,G,C,2,F,"(0, 4, 7)",V,C,E,F,205.375,104.0
1644,G,C,3,F,"(0, 4, 7)",V,C,E,F,205.5,104.0
1645,G,C,3,F,"(0, 4, 7)",V,C,E,F,205.625,104.0
1646,G,C,3,F,"(0, 4, 7)",V,C,E,F,205.75,104.0
1647,G,C,3,F,"(0, 4, 7)",V,C,E,F,205.875,104.0
1648,G,C,4,F,"(0, 4, 7)",V,C,E,F,206.0,104.0
1649,G,C,4,F,"(0, 4, 7)",V,C,E,F,206.125,104.0
1650,G,C,4,F,"(0, 4, 7)",V,C,E,F,206.25,104.0
1651,G,C,4,F,"(0, 4, 7)",V,C,E,F,206.375,104.0
1652,E,A,0,F,"(0, 5, 9)",I,F,C,F,206.5,104.0
1653,C,A,1,F,"(0, 5, 9)",I,F,C,F,206.625,104.0
1654,C,A,2,F,"(0, 5, 9)",I,F,C,F,206.75,104.0
1655,C,A,2,F,"(0, 5, 9)",I,F,C,F,206.875,104.0
1656,C,F,0,F,"(0, 5, 9)",I,F,A,F,207.0,105.0
1657,C,F,1,F,"(0, 5, 9)",I,F,A,F,207.125,105.0
1658,C,F,2,F,"(0, 5, 9)",I,F,A,F,207.25,105.0
1659,C,F,2,F,"(0, 5, 9)",I,F,A,F,207.375,105.0
1660,C,F,3,F,"(0, 5, 9)",I,F,A,F,207.5,105.0
1661,C,F,3,F,"(0, 5, 9)",I,F,A,F,207.625,105.0
1662,C,F,3,F,"(0, 5, 9)",I,F,A,F,207.75,105.0
1663,C,F,3,F,"(0, 5, 9)",I,F,A,F,207.875,105.0
1664,C,F,0,F,"(0, 5, 9)",I,F,A,F,208.0,105.0
1665,C,F,1,F,"(0, 5, 9)",I,F,A,F,208.125,105.0
1666,C,F,2,F,"(0, 5, 9)",I,F,A,F,208.25,105.0
1667,C,F,2,F,"(0, 5, 9)",I,F,A,F,208.375,105.0
1668,C,F,0,F,"(0, 5, 9)",I,F,A,F,208.5,105.0
1669,C,F,1,F,"(0, 5, 9)",I,F,A,F,208.625,105.0
1670,C,F,4,F,"(0, 5, 9)",I,F,A,F,208.75,105.0
1671,C,F,4,F,"(0, 5, 9)",I,F,A,F,208.875,105.0
1672,B-,G,0,F,"(4, 7, 10)",ii,E,G,F,209.0,106.0
1673,B-,G,1,F,"(4, 7, 10)",ii,E,B-,F,209.125,106.0
1674,B-,G,2,F,"(4, 7, 10)",ii,E,G,F,209.25,106.0
1675,B-,G,2,F,"(4, 7, 10)",ii,E,G,F,209.375,106.0
1676,B-,E,3,F,"(4, 7, 10)",viio,E,G,F,209.5,106.0
1677,B-,E,3,F,"(4, 7, 10)",viio,E,G,F,209.625,106.0
1678,B-,E,3,F,"(4, 7, 10)",viio,E,G,F,209.75,106.0
1679,B-,E,3,F,"(4, 7, 10)",viio,E,G,F,209.875,106.0
1680,C,F,0,F,"(2, 5, 9)",ii,D,A,F,210.0,106.0
1681,C,F,1,F,"(2, 5, 9)",ii,D,A,F,210.125,106.0
1682,C,F,2,F,"(2, 5, 9)",ii,D,A,F,210.25,106.0
1683,C,F,2,F,"(2, 5, 9)",ii,D,A,F,210.375,106.0
1684,A,D,0,F,"(2, 5, 9)",vi,D,F,F,210.5,106.0
1685,A,D,1,F,"(2, 5, 9)",vi,D,F,F,210.625,106.0
1686,A,D,2,F,"(2, 5, 9)",vi,D,F,F,210.75,106.0
1687,A,D,2,F,"(2, 5, 9)",vi,D,F,F,210.875,106.0
1688,G,B-,0,F,"(2, 7, 10)",ii,G,D,F,211.0,107.0
1689,G,B-,1,F,"(2, 7, 10)",ii,G,D,F,211.125,107.0
1690,G,B-,2,F,"(2, 7, 10)",ii,G,D,F,211.25,107.0
1691,G,B-,2,F,"(2, 7, 10)",ii,G,D,F,211.375,107.0
1692,G,B,3,F,"(2, 7, 10)",ii,G,D,F,211.5,107.0
1693,G,B,3,F,"(2, 7, 10)",ii,G,D,F,211.625,107.0
1694,G,B,3,F,"(2, 7, 10)",ii,G,D,F,211.75,107.0
1695,G,B,3,F,"(2, 7, 10)",ii,G,D,F,211.875,107.0
1696,A,C,0,F,"(0, 5, 9)",Cad,F,F,F,212.0,107.0
1697,A,C,1,F,"(0, 5, 9)",Cad,F,F,F,212.125,107.0
1698,A,C,2,F,"(0, 5, 9)",Cad,F,F,F,212.25,107.0
1699,A,C,2,F,"(0, 5, 9)",Cad,F,F,F,212.375,107.0
1700,G,C,0,F,"(0, 4, 7, 10)",V7,B-,E,F,212.5,107.0
1701,G,C,1,F,"(0, 4, 7, 10)",V7,B-,E,F,212.625,107.0
1702,G,C,2,F,"(0, 4, 7, 10)",V7,B-,E,F,212.75,107.0
1703,G,C,2,F,"(0, 4, 7, 10)",V7,B-,E,F,212.875,107.0
1704,C,E,0,F,"(0, 4, 7, 10)",V7,B-,E,F,213.0,108.0
1705,C,E,1,F,"(0, 4, 7, 10)",V7,E,E,F,213.125,108.0
1706,C,E,2,F,"(0, 4, 7, 10)",V7,E,E,F,213.25,108.0
1707,C,E,2,F,"(0, 4, 7, 10)",V7,E,E,F,213.375,108.0
1708,C,C,3,F,"(0, 4, 7, 10)",V7,B-,E,F,213.5,108.0
1709,C,C,3,F,"(0, 4, 7, 10)",V7,B-,E,F,213.625,108.0
1710,C,C,3,F,"(0, 4, 7, 10)",V7,E,E,F,213.75,108.0
1711,C,C,3,F,"(0, 4, 7, 10)",V7,E,E,F,213.875,108.0
1712,C,F,0,F,"(0, 5, 9)",I,F,A,F,214.0,108.0
1713,C,F,1,F,"(0, 5, 9)",I,F,A,F,214.125,108.0
1714,C,F,2,F,"(0, 5, 9)",I,F,A,F,214.25,108.0
1715,C,F,2,F,"(0, 5, 9)",I,F,A,F,214.375,108.0
1716,C,F,3,F,"(0, 5, 9)",I,F,A,F,214.5,108.0
1717,C,F,3,F,"(0, 5, 9)",I,F,A,F,214.625,108.0
1718,C,F,3,F,"(0, 5, 9)",I,F,A,F,214.75,108.0
1719,C,F,3,F,"(0, 5, 9)",I,F,A,F,214.875,108.0
1720,C,F,0,F,"(0, 5, 9)",I,F,A,F,215.0,109.0
1721,C,F,1,F,"(0, 5, 9)",I,F,A,F,215.125,109.0
1722,C,F,2,F,"(0, 5, 9)",I,F,A,F,215.25,109.0
1723,C,F,2,F,"(0, 5, 9)",I,F,A,F,215.375,109.0
1724,C,F,3,F,"(0, 5, 9)",I,F,A,F,215.5,109.0
1725,C,F,3,F,"(0, 5, 9)",I,F,A,F,215.625,109.0
1726,C,F,3,F,"(0, 5, 9)",I,F,A,F,215.75,109.0
1727,C,F,3,F,"(0, 5, 9)",I,F,A,F,215.875,109.0
1728,C,F,0,F,"(0, 5, 9)",I,F,A,F,216.0,109.0
1729,C,F,1,F,"(0, 5, 9)",I,F,A,F,216.125,109.0
1730,C,F,2,F,"(0, 5, 9)",I,F,A,F,216.25,109.0
1731,C,F,2,F,"(0, 5, 9)",I,F,A,F,216.375,109.0
1732,C,F,0,F,"(0, 5, 9)",I,F,A,F,216.5,109.0
1733,C,F,3,F,"(0, 5, 9)",I,F,A,F,216.625,109.0
1734,C,F,3,F,"(0, 5, 9)",I,F,A,F,216.75,109.0
1735,C,F,3,F,"(0, 5, 9)",I,F,A,F,216.875,109.0
1736,D,G,0,F,"(4, 7, 10)",ii,E,G,F,217.0,110.0
1737,D,G,1,F,"(4, 7, 10)",ii,E,G,F,217.125,110.0
1738,D,G,2,F,"(4, 7, 10)",ii,E,G,F,217.25,110.0
1739,D,G,2,F,"(4, 7, 10)",ii,E,G,F,217.375,110.0
1740,B-,E,3,F,"(4, 7, 10)",viio,E,G,F,217.5,110.0
1741,B-,E,3,F,"(4, 7, 10)",viio,E,G,F,217.625,110.0
1742,B-,E,3,F,"(4, 7, 10)",viio,E,G,F,217.75,110.0
1743,B-,E,3,F,"(4, 7, 10)",viio,E,G,F,217.875,110.0
1744,C,F,0,F,"(0, 5, 9)",V7,G,G,F,218.0,110.0
1745,D,F,1,F,"(0, 5, 9)",V7,G,G,F,218.125,110.0
1746,D,F,4,F,"(0, 5, 9)",V7,G,G,F,218.25,110.0
1747,D,F,2,F,"(0, 5, 9)",V7,G,G,F,218.375,110.0
1748,F,B,0,F,"(2, 5, 7, 11)",V7,G,D,C,218.5,110.0
1749,F,B,1,F,"(2, 5, 7, 11)",V7,G,D,C,218.625,110.0
1750,F,B,2,F,"(2, 5, 7, 11)",V7,G,D,C,218.75,110.0
1751,F,B,2,F,"(2, 5, 7, 11)",V7,G,D,C,218.875,110.0
1752,G,C,0,F,"(0, 4, 7)",I,C,E,F,219.0,111.0
1753,G,C,1,F,"(0, 4, 7)",I,C,E,F,219.125,111.0
1754,G,C,2,F,"(0, 4, 7)",I,C,E,F,219.25,111.0
1755,G,C,2,F,"(0, 4, 7)",I,C,E,F,219.375,111.0
1756,G,C,3,F,"(0, 4, 7)",I,C,E,F,219.5,111.0
1757,G,C,3,F,"(0, 4, 7)",I,C,E,F,219.625,111.0
1758,G,C,3,F,"(0, 4, 7)",I,C,E,F,219.75,111.0
1759,G,C,3,F,"(0, 4, 7)",I,C,E,F,219.875,111.0
1760,G,C,4,F,"(0, 4, 7)",I,C,E,F,220.0,111.0
1761,G,C,4,F,"(0, 4, 7)",I,C,E,F,220.125,111.0
1762,G,C,4,F,"(0, 4, 7)",I,C,E,F,220.25,111.0
1763,G,C,4,F,"(0, 4, 7)",I,C,E,F,220.375,111.0
1764,G,C,4,F,"(0, 4, 7)",I,C,E,F,220.5,111.0
1765,G,C,4,F,"(0, 4, 7)",I,C,E,F,220.625,111.0
1766,G,C,4,F,"(0, 4, 7)",I,C,E,F,220.75,111.0
1767,G,C,4,F,"(0, 4, 7)",I,C,E,F,220.875,111.0
1768,G,C,0,F,"(0, 4, 7)",V7,C,E,C,221.0,112.0
1769,G,C,1,F,"(0, 4, 7)",V7,C,E,C,221.125,112.0
1770,G,C,2,F,"(0, 4, 7)",V7,C,E,C,221.25,112.0
1771,G,C,2,F,"(0, 4, 7)",V7,C,E,C,221.375,112.0
1772,G,C,3,F,"(0, 4, 7)",V7,C,E,C,221.5,112.0
1773,G,C,3,F,"(0, 4, 7)",V7,C,E,C,221.625,112.0
1774,G,C,3,F,"(0, 4, 7)",V7,C,E,C,221.75,112.0
1775,G,C,3,F,"(0, 4, 7)",V7,C,E,C,221.875,112.0
1776,G,C,0,F,"(0, 4, 7)",V7,C,E,C,222.0,112.0
1777,G,C,1,F,"(0, 4, 7)",V7,C,E,F,222.125,112.0
1778,G,C,4,F,"(0, 4, 7)",V7,C,E,F,222.25,112.0
1779,G,C,4,F,"(0, 4, 7)",V7,C,E,F,222.375,112.0
1780,E,C,0,F,"(0, 4, 9)",I,A,C,F,222.5,112.0
1781,E,C,1,F,"(0, 5, 9)",I,A,C,F,222.625,112.0
1782,E,C,2,F,"(0, 5, 9)",I,A,C,F,222.75,112.0
1783,E,C,2,F,"(0, 5, 9)",I,A,C,F,222.875,112.0
1784,C,F,0,F,"(0, 5, 9)",I,F,A,F,223.0,113.0
1785,C,F,1,F,"(0, 5, 9)",I,F,A,F,223.125,113.0
1786,C,F,2,F,"(0, 5, 9)",I,F,A,F,223.25,113.0
1787,C,F,2,F,"(0, 5, 9)",I,F,A,F,223.375,113.0
1788,C,F,3,F,"(0, 5, 9)",I,F,A,F,223.5,113.0
1789,C,F,3,F,"(0, 5, 9)",I,F,A,F,223.625,113.0
1790,C,F,3,F,"(0, 5, 9)",I,F,A,F,223.75,113.0
1791,C,F,3,F,"(0, 5, 9)",I,F,A,F,223.875,113.0
1792,C,F,0,F,"(0, 5, 9)",I,F,A,F,224.0,113.0
1793,C,F,1,F,"(0, 5, 9)",I,F,A,F,224.125,113.0
1794,C,F,2,F,"(0, 5, 9)",I,F,A,F,224.25,113.0
1795,C,F,2,F,"(0, 5, 9)",I,F,A,F,224.375,113.0
1796,C,F,0,F,"(0, 5, 9)",I,F,A,F,224.5,113.0
1797,C,F,4,F,"(0, 5, 9)",I,F,A,F,224.625,113.0
1798,C,F,4,F,"(0, 5, 9)",I,F,A,F,224.75,113.0
1799,C,F,4,F,"(0, 5, 9)",I,F,A,F,224.875,113.0
1800,B-,G,0,F,"(4, 7, 10)",ii,E,G,F,225.0,114.0
1801,D,G,1,F,"(4, 7, 10)",ii,E,G,F,225.125,114.0
1802,D,G,2,F,"(4, 7, 10)",ii,E,G,F,225.25,114.0
1803,D,G,2,F,"(4, 7, 10)",ii,E,G,F,225.375,114.0
1804,B-,E,3,F,"(4, 7, 10)",viio,E,G,F,225.5,114.0
1805,B-,E,3,F,"(4, 7, 10)",viio,E,G,F,225.625,114.0
1806,B-,E,3,F,"(4, 7, 10)",viio,E,G,F,225.75,114.0
1807,B-,E,3,F,"(4, 7, 10)",viio,E,G,F,225.875,114.0
1808,D,F,0,C,"(2, 5, 7, 11)",V7,F,G,C,226.0,114.0
1809,D,F,1,F,"(0, 5, 9)",V7,F,G,C,226.125,114.0
1810,D,F,2,C,"(0, 5, 9)",V7,F,G,C,226.25,114.0
1811,D,F,2,C,"(2, 5, 7, 11)",V7,F,G,C,226.375,114.0
1812,F,B,0,C,"(2, 5, 7, 11)",V7,G,D,C,226.5,114.0
1813,F,B,1,C,"(2, 5, 7, 11)",V7,G,D,C,226.625,114.0
1814,F,B,2,C,"(2, 5, 7, 11)",V7,G,D,C,226.75,114.0
1815,F,B,2,C,"(2, 5, 7, 11)",V7,G,D,C,226.875,114.0
1816,G,C,0,C,"(0, 4, 7)",I,C,E,C,227.0,115.0
1817,G,C,1,C,"(0, 4, 7)",I,C,E,C,227.125,115.0
1818,G,C,2,C,"(0, 4, 7)",I,C,E,C,227.25,115.0
1819,G,C,2,C,"(0, 4, 7)",I,C,E,C,227.375,115.0
1820,G,C,3,C,"(0, 4, 7)",I,C,E,C,227.5,115.0
1821,G,C,3,C,"(0, 4, 7)",I,C,E,C,227.625,115.0
1822,G,C,3,C,"(0, 4, 7)",I,C,E,C,227.75,115.0
1823,G,C,3,C,"(0, 4, 7)",I,C,E,C,227.875,115.0
1824,D,G,0,C,"(2, 5, 7, 11)",V7,F,B,C,228.0,115.0
1825,D,G,1,C,"(2, 5, 7, 11)",V7,F,B,C,228.125,115.0
1826,D,G,2,C,"(2, 5, 7, 11)",V7,F,B,C,228.25,115.0
1827,D,G,2,C,"(2, 5, 7, 11)",V7,F,B,C,228.375,115.0
1828,D,G,0,C,"(2, 5, 7, 11)",V7,F,B,C,228.5,115.0
1829,D,G,1,C,"(2, 5, 7, 11)",V7,F,B,C,228.625,115.0
1830,D,G,2,C,"(2, 5, 7, 11)",V7,F,B,C,228.75,115.0
1831,D,G,2,C,"(2, 5, 7, 11)",V7,F,B,C,228.875,115.0
1832,G,C,0,C,"(0, 4, 7)",I,C,E,C,229.0,116.0
1833,G,C,1,C,"(0, 4, 7)",I,C,E,C,229.125,116.0
1834,G,C,2,C,"(0, 4, 7)",I,C,E,C,229.25,116.0
1835,G,C,2,C,"(0, 4, 7)",I,C,E,C,229.375,116.0
1836,G,C,3,C,"(0, 4, 7)",I,C,E,C,229.5,116.0
1837,G,C,3,C,"(0, 4, 7)",I,C,E,C,229.625,116.0
1838,G,C,3,C,"(0, 4, 7)",I,C,E,C,229.75,116.0
1839,G,C,3,C,"(0, 4, 7)",I,C,E,C,229.875,116.0
1840,G,C,4,C,"(0, 4, 7)",I,C,E,C,230.0,116.0
1841,G,C,4,C,"(0, 4, 7)",I,C,E,C,230.125,116.0
1842,G,C,4,C,"(0, 4, 7)",I,C,E,C,230.25,116.0
1843,G,C,4,C,"(0, 4, 7)",I,C,E,C,230.375,116.0
1844,G,C,4,C,"(0, 4, 7)",I,C,E,C,230.5,116.0
1845,G,C,4,C,"(0, 4, 7)",I,C,E,C,230.625,116.0
1846,G,C,4,C,"(0, 4, 7)",I,C,E,C,230.75,116.0
1847,G,C,4,C,"(0, 4, 7)",I,C,E,C,230.875,116.0
1848,D,G,0,C,"(2, 5, 7, 11)",V7,F,B,C,231.0,117.0
1849,D,G,1,C,"(2, 5, 7, 11)",V7,F,B,C,231.125,117.0
1850,D,G,2,C,"(2, 5, 7, 11)",V7,F,B,C,231.25,117.0
1851,D,G,2,C,"(2, 5, 7, 11)",V7,F,B,C,231.375,117.0
1852,D,G,3,C,"(2, 5, 7, 11)",V7,G,B,C,231.5,117.0
1853,D,G,3,C,"(2, 5, 7, 11)",V7,G,B,C,231.625,117.0
1854,D,G,3,C,"(2, 5, 7, 11)",V7,G,B,C,231.75,117.0
1855,D,G,3,C,"(2, 5, 7, 11)",V7,G,B,C,231.875,117.0
1856,D,G,4,C,"(2, 5, 7, 11)",V7,F,B,C,232.0,117.0
1857,D,G,4,C,"(2, 5, 7, 11)",V7,F,B,C,232.125,117.0
1858,D,G,4,C,"(2, 5, 7, 11)",V7,F,B,C,232.25,117.0
1859,D,G,4,C,"(2, 5, 7, 11)",V7,F,B,C,232.375,117.0
1860,D,G,0,C,"(2, 5, 7, 11)",V7,F,B,C,232.5,117.0
1861,D,G,1,C,"(2, 5, 7, 11)",V7,F,B,C,232.625,117.0
1862,D,G,2,C,"(2, 5, 7, 11)",V7,F,B,C,232.75,117.0
1863,D,G,4,C,"(2, 5, 7, 11)",V7,F,B,C,232.875,117.0
1864,G,C,0,C,"(0, 4, 7)",I,C,E,C,233.0,118.0
1865,G,C,1,C,"(0, 4, 7)",I,C,E,C,233.125,118.0
1866,G,C,2,C,"(0, 4, 7)",I,C,E,C,233.25,118.0
1867,G,C,2,C,"(0, 4, 7)",I,C,E,C,233.375,118.0
1868,G,C,3,C,"(0, 4, 7)",I,C,E,C,233.5,118.0
1869,G,C,3,C,"(0, 4, 7)",I,C,E,C,233.625,118.0
1870,G,C,3,C,"(0, 4, 7)",I,C,E,C,233.75,118.0
1871,G,C,3,C,"(0, 4, 7)",I,C,E,C,233.875,118.0
1872,G,C,4,C,"(0, 4, 7)",I,C,E,C,234.0,118.0
1873,G,C,4,C,"(0, 4, 7)",I,C,E,C,234.125,118.0
1874,G,C,4,C,"(0, 4, 7)",I,C,E,C,234.25,118.0
1875,G,C,4,C,"(0, 4, 7)",I,C,E,C,234.375,118.0
1876,G,C,4,C,"(0, 4, 7)",I,C,E,C,234.5,118.0
1877,G,C,4,C,"(0, 4, 7)",I,C,E,C,234.625,118.0
1878,G,C,4,C,"(0, 4, 7)",I,C,E,C,234.75,118.0
1879,G,C,4,C,"(0, 4, 7)",I,C,E,C,234.875,118.0
1880,D,G,0,C,"(2, 5, 7, 11)",I,F,B,C,235.0,119.0
1881,D,G,1,C,"(2, 5, 7, 11)",V7,F,B,C,235.125,119.0
1882,D,G,2,C,"(2, 5, 7, 11)",V7,F,B,C,235.25,119.0
1883,D,G,2,C,"(2, 5, 7, 11)",V7,F,B,C,235.375,119.0
1884,D,G,3,C,"(2, 5, 7, 11)",V7,F,B,C,235.5,119.0
1885,D,G,3,C,"(2, 5, 7, 11)",V7,F,B,C,235.625,119.0
1886,D,G,3,C,"(2, 5, 7, 11)",V7,F,B,C,235.75,119.0
1887,D,G,3,C,"(2, 5, 7, 11)",V7,F,B,C,235.875,119.0
1888,D,G,4,C,"(2, 5, 7, 11)",V7,F,B,C,236.0,119.0
1889,D,G,4,C,"(2, 5, 7, 11)",V7,F,B,C,236.125,119.0
1890,D,G,4,C,"(2, 5, 7, 11)",V7,F,B,C,236.25,119.0
1891,D,G,4,C,"(2, 5, 7, 11)",V7,F,B,C,236.375,119.0
1892,D,G,4,C,"(2, 5, 7, 11)",V7,F,B,C,236.5,119.0
1893,D,G,4,C,"(2, 5, 7, 11)",V7,F,B,C,236.625,119.0
1894,D,G,4,C,"(2, 5, 7, 11)",V7,F,B,C,236.75,119.0
1895,D,G,4,C,"(2, 5, 7, 11)",V7,F,B,C,236.875,119.0
1896,G,C,0,C,"(0, 4, 7)",I,C,E,C,237.0,120.0
1897,G,C,1,C,"(0, 4, 7)",I,C,E,C,237.125,120.0
1898,G,C,2,C,"(0, 4, 7)",I,C,E,C,237.25,120.0
1899,G,C,2,C,"(0, 4, 7)",I,C,E,C,237.375,120.0
1900,G,C,3,C,"(0, 4, 7)",I,C,E,C,237.5,120.0
1901,G,C,3,C,"(0, 4, 7)",I,C,E,C,237.625,120.0
1902,G,C,3,C,"(0, 4, 7)",I,C,E,C,237.75,120.0
1903,G,C,3,C,"(0, 4, 7)",I,C,E,C,237.875,120.0
1904,G,C,4,C,"(0, 4, 7)",I,C,E,C,238.0,120.0
1905,G,C,4,C,"(0, 4, 7)",I,C,E,C,238.125,120.0
1906,G,C,4,C,"(0, 4, 7)",I,C,E,C,238.25,120.0
1907,G,C,4,C,"(0, 4, 7)",I,C,E,C,238.375,120.0
1908,G,C,4,C,"(0, 4, 7)",I,C,E,C,238.5,120.0
1909,G,C,4,C,"(0, 4, 7)",I,C,E,C,238.625,120.0
1910,G,C,4,C,"(0, 4, 7)",I,C,E,C,238.75,120.0
1911,G,C,4,C,"(0, 4, 7)",I,C,E,C,238.875,120.0
1912,D,C,0,C,"(0, 4, 7, 10)",V7,F,E,F,239.0,121.0
1913,D,C,1,C,"(0, 4, 7, 10)",V7,F,E,F,239.125,121.0
1914,D,C,2,C,"(0, 4, 7, 10)",V7,F,E,F,239.25,121.0
1915,D,C,2,C,"(0, 4, 7, 10)",V7,F,E,F,239.375,121.0
1916,D,C,3,F,"(0, 4, 7, 10)",V7,F,E,F,239.5,121.0
1917,D,C,3,F,"(0, 4, 7, 10)",V7,F,E,F,239.625,121.0
1918,D,C,3,F,"(0, 4, 7, 10)",V7,F,E,F,239.75,121.0
1919,D,C,3,C,"(0, 4, 7, 10)",V7,B-,E,F,239.875,121.0
1920,C,F,4,F,"(0, 5, 9)",I,F,E,F,240.0,121.0
1921,C,F,4,F,"(0, 5, 9)",I,F,E,F,240.125,121.0
1922,C,F,4,F,"(0, 5, 9)",I,F,E,F,240.25,121.0
1923,C,F,4,F,"(0, 5, 9)",I,F,E,F,240.375,121.0
1924,C,F,4,F,"(0, 5, 9)",I,F,E,F,240.5,121.0
1925,C,F,4,F,"(0, 5, 9)",I,F,E,F,240.625,121.0
1926,C,F,4,F,"(0, 5, 9)",I,F,E,F,240.75,121.0
1927,C,F,4,F,"(0, 5, 9)",I,F,E,F,240.875,121.0
1928,B-,B-,0,F,"(4, 7, 10)",V7,G,B-,F,241.0,122.0
1929,B-,G,1,F,"(4, 7, 10)",ii,G,B-,F,241.125,122.0
1930,B-,G,2,F,"(4, 7, 10)",ii,G,B-,F,241.25,122.0
1931,B-,G,2,F,"(4, 7, 10)",ii,G,B-,F,241.375,122.0
1932,B-,G,3,F,"(4, 7, 10)",ii,G,B-,F,241.5,122.0
1933,B-,G,3,F,"(4, 7, 10)",ii,G,B-,F,241.625,122.0
1934,B-,G,3,F,"(4, 7, 10)",ii,G,B-,F,241.75,122.0
1935,B-,G,3,F,"(4, 7, 10)",ii,G,B-,F,241.875,122.0
1936,C,F,0,F,"(0, 5, 9)",I,F,A,F,242.0,122.0
1937,C,F,1,F,"(0, 5, 9)",I,F,A,F,242.125,122.0
1938,C,F,2,F,"(0, 5, 9)",I,F,A,F,242.25,122.0
1939,C,F,2,F,"(0, 5, 9)",I,F,A,F,242.375,122.0
1940,C,F,3,F,"(0, 5, 9)",I,F,A,F,242.5,122.0
1941,C,F,3,F,"(0, 5, 9)",I,F,A,F,242.625,122.0
1942,C,F,3,F,"(0, 5, 9)",I,F,A,F,242.75,122.0
1943,C,F,3,F,"(0, 5, 9)",I,F,A,F,242.875,122.0
1944,E,B-,0,F,"(0, 4, 7, 10)",I,G,C,F,243.0,123.0
1945,E,B-,1,F,"(0, 4, 7, 10)",V7,G,C,F,243.125,123.0
1946,E,B-,2,F,"(0, 4, 7, 10)",V7,G,C,F,243.25,123.0
1947,E,B-,2,F,"(0, 4, 7, 10)",V7,G,C,F,243.375,123.0
1948,F,A,0,F,"(0, 5, 9)",I,F,C,F,243.5,123.0
1949,F,A,1,F,"(0, 5, 9)",I,F,C,F,243.625,123.0
1950,F,A,3,F,"(0, 5, 9)",I,F,C,F,243.75,123.0
1951,F,A,3,F,"(0, 5, 9)",I,F,C,F,243.875,123.0
1952,C,G,0,F,"(0, 4, 7, 10)",V7,E,B-,F,244.0,123.0
1953,C,G,1,F,"(0, 4, 7, 10)",V7,E,B-,F,244.125,123.0
1954,C,G,2,F,"(0, 4, 7, 10)",V7,E,B-,F,244.25,123.0
1955,C,G,2,F,"(0, 4, 7, 10)",V7,E,B-,F,244.375,123.0
1956,C,F,0,F,"(0, 5, 9)",I,F,A,F,244.5,123.0
1957,C,F,1,F,"(0, 5, 9)",I,F,A,F,244.625,123.0
1958,C,F,2,F,"(0, 5, 9)",I,F,A,F,244.75,123.0
1959,C,F,2,F,"(0, 5, 9)",I,F,A,F,244.875,123.0
1960,A,C,0,F,"(0, 5, 9)",I,C,E,F,245.0,124.0
1961,A,C,1,F,"(0, 5, 9)",I,C,E,F,245.125,124.0
1962,A,C,2,F,"(0, 5, 9)",I,C,E,F,245.25,124.0
1963,A,C,2,F,"(0, 5, 9)",I,C,E,F,245.375,124.0
1964,G,C,3,F,"(0, 4, 7)",V7,C,E,F,245.5,124.0
1965,G,C,3,F,"(0, 4, 7)",V7,C,E,F,245.625,124.0
1966,G,C,3,F,"(0, 4, 7)",V7,C,E,F,245.75,124.0
1967,G,C,3,F,"(0, 4, 7)",V7,C,E,F,245.875,124.0
1968,G,C,0,F,"(0, 4, 7)",V,C,E,F,246.0,124.0
1969,G,C,1,F,"(0, 4, 7)",V,C,E,F,246.125,124.0
1970,G,C,2,F,"(0, 4, 7)",V,C,E,F,246.25,124.0
1971,G,C,4,F,"(0, 4, 7)",V,C,E,F,246.375,124.0
1972,G,C,4,F,"(0, 4, 7)",V,C,E,F,246.5,124.0
1973,G,C,4,F,"(0, 4, 7)",V,C,E,F,246.625,124.0
1974,G,C,4,F,"(0, 4, 7)",V,C,E,F,246.75,124.0
1975,G,C,4,F,"(0, 4, 7)",V,C,E,F,246.875,124.0
1976,F,A,0,F,"(0, 5, 9)",I,F,C,F,247.0,125.0
1977,F,A,1,F,"(0, 5, 9)",I,F,C,F,247.125,125.0
1978,F,A,2,F,"(0, 5, 9)",I,F,C,F,247.25,125.0
1979,F,A,2,F,"(0, 5, 9)",I,F,C,F,247.375,125.0
1980,F,A,3,F,"(0, 5, 9)",I,F,C,F,247.5,125.0
1981,F,A,3,F,"(0, 5, 9)",I,F,C,F,247.625,125.0
1982,F,A,3,F,"(0, 5, 9)",I,F,C,F,247.75,125.0
1983,F,A,3,F,"(0, 5, 9)",I,F,C,F,247.875,125.0
1984,C,A,4,F,"(0, 5, 9)",I,F,C,F,248.0,125.0
1985,C,A,4,F,"(0, 5, 9)",I,F,C,F,248.125,125.0
1986,C,A,4,F,"(0, 5, 9)",I,F,C,F,248.25,125.0
1987,C,A,4,F,"(0, 5, 9)",I,F,C,F,248.375,125.0
1988,C,A,4,F,"(0, 5, 9)",I,F,C,F,248.5,125.0
1989,C,A,4,F,"(0, 5, 9)",I,F,C,F,248.625,125.0
1990,C,A,4,F,"(0, 5, 9)",I,F,C,F,248.75,125.0
1991,C,A,4,F,"(0, 5, 9)",I,F,C,F,248.875,125.0
1992,F,B-,0,F,"(0, 5, 9)",I,G,D,F,249.0,126.0
1993,F,B-,1,F,"(0, 5, 9)",I,G,D,F,249.125,126.0
1994,F,B-,2,F,"(0, 5, 9)",I,G,D,F,249.25,126.0
1995,F,B-,2,F,"(0, 5, 9)",I,G,D,F,249.375,126.0
1996,F,B-,3,F,"(0, 5, 9)",I,G,D,F,249.5,126.0
1997,F,B-,3,F,"(0, 5, 9)",I,G,D,F,249.625,126.0
1998,F,B-,3,F,"(0, 5, 9)",I,G,D,F,249.75,126.0
1999,F,B-,3,F,"(0, 5, 9)",I,G,D,F,249.875,126.0
2000,F,A,0,F,"(0, 5, 9)",I,F,C,F,250.0,126.0
2001,F,A,1,F,"(0, 5, 9)",I,F,C,F,250.125,126.0
2002,F,A,2,F,"(0, 5, 9)",I,F,C,F,250.25,126.0
2003,F,A,2,F,"(0, 5, 9)",I,F,C,F,250.375,126.0
2004,F,A,3,F,"(0, 5, 9)",I,F,C,F,250.5,126.0
2005,F,A,3,F,"(0, 5, 9)",I,F,C,F,250.625,126.0
2006,F,A,3,F,"(0, 5, 9)",I,F,C,F,250.75,126.0
2007,F,F,3,F,"(0, 5, 9)",I,F,C,F,250.875,126.0
2008,D,G,0,F,"(2, 5, 7, 11)",V7,F,B,C,251.0,127.0
2009,D,G,1,F,"(2, 5, 7, 11)",V7,F,B,C,251.125,127.0
2010,D,G,2,F,"(2, 5, 7, 11)",V7,F,B,C,251.25,127.0
2011,D,G,2,F,"(2, 5, 7, 11)",V7,F,B,C,251.375,127.0
2012,D,G,3,F,"(2, 5, 7, 11)",V7,F,B,C,251.5,127.0
2013,D,G,3,F,"(2, 5, 7, 11)",V7,F,B,C,251.625,127.0
2014,D,G,3,F,"(2, 5, 7, 11)",V7,F,B,C,251.75,127.0
2015,D,G,3,F,"(2, 5, 7, 11)",V7,F,B,C,251.875,127.0
2016,D,G,4,F,"(2, 5, 7, 11)",V7,F,B,C,252.0,127.0
2017,D,G,4,F,"(2, 5, 7, 11)",V7,F,B,C,252.125,127.0
2018,D,G,4,F,"(2, 5, 7, 11)",V7,F,B,C,252.25,127.0
2019,D,G,4,F,"(2, 5, 7, 11)",V7,F,B,C,252.375,127.0
2020,D,G,4,F,"(2, 5, 7, 11)",V7,F,B,C,252.5,127.0
2021,D,G,4,F,"(2, 5, 7, 11)",V7,F,B,C,252.625,127.0
2022,D,G,4,F,"(2, 5, 7, 11)",V7,F,B,C,252.75,127.0
2023,D,G,4,F,"(2, 5, 7, 11)",V7,F,B,C,252.875,127.0
2024,G,C,0,F,"(0, 4, 7)",V,C,E,F,253.0,128.0
2025,G,C,1,F,"(0, 4, 7)",V,C,E,F,253.125,128.0
2026,G,C,2,F,"(0, 4, 7)",V,C,E,F,253.25,128.0
2027,G,C,2,F,"(0, 4, 7)",V,C,E,F,253.375,128.0
2028,G,C,3,F,"(0, 4, 7)",V,C,E,F,253.5,128.0
2029,G,C,3,F,"(0, 4, 7)",V,C,E,F,253.625,128.0
2030,G,C,3,F,"(0, 4, 7)",V,C,E,F,253.75,128.0
2031,G,C,3,F,"(0, 4, 7)",V,C,E,F,253.875,128.0
2032,G,C,4,F,"(0, 4, 7)",V,C,E,F,254.0,128.0
2033,G,C,4,F,"(0, 4, 7)",V,C,E,C,254.125,128.0
2034,G,C,4,F,"(0, 4, 7)",V,C,E,C,254.25,128.0
2035,G,C,4,F,"(0, 4, 7)",V,C,E,C,254.375,128.0
2036,G,D,4,F,"(0, 4, 7)",V,C,E,C,254.5,128.0
2037,G,D,4,F,"(0, 4, 7)",I,C,F,C,254.625,128.0
2038,G,D,4,F,"(0, 4, 7)",I,C,F,C,254.75,128.0
2039,G,D,4,F,"(0, 4, 7)",I,C,E,C,254.875,128.0
2040,G,C,0,F,"(0, 4, 7)",V,C,E,F,255.0,129.0
2041,G,C,1,F,"(0, 4, 7)",V,C,E,F,255.125,129.0
2042,G,C,2,F,"(0, 4, 7)",V,C,E,F,255.25,129.0
2043,G,C,2,F,"(0, 4, 7)",V,C,E,F,255.375,129.0
2044,G,C,3,F,"(0, 4, 7)",V,C,E,F,255.5,129.0
2045,G,C,3,F,"(0, 4, 7)",V,C,E,F,255.625,129.0
2046,G,C,3,F,"(0, 4, 7)",V,C,E,F,255.75,129.0
2047,G,C,3,F,"(0, 4, 7)",V,C,E,F,255.875,129.0
2048,G,G,0,F,"(0, 4, 7)",V7,F,E,F,256.0,129.0
2049,D,G,1,F,"(0, 4, 7)",V7,F,E,C,256.125,129.0
2050,D,G,2,F,"(0, 4, 7)",V7,F,E,C,256.25,129.0
2051,D,G,2,F,"(0, 4, 7)",V7,F,E,C,256.375,129.0
2052,B,D,0,F,"(2, 5, 7, 11)",V7,B,F,C,256.5,129.0
2053,B,D,1,F,"(2, 5, 11)",viio,B,F,C,256.625,129.0
2054,B,D,2,F,"(2, 5, 11)",viio,B,F,C,256.75,129.0
2055,B,D,2,F,"(2, 5, 11)",viio,B,F,C,256.875,129.0
2056,G,C,0,F,"(0, 4, 7)",V,C,E,F,257.0,130.0
2057,G,C,1,F,"(0, 4, 7)",V,C,E,F,257.125,130.0
2058,G,C,2,F,"(0, 4, 7)",V,C,E,F,257.25,130.0
2059,G,C,2,F,"(0, 4, 7)",V,C,E,F,257.375,130.0
2060,G,C,3,F,"(0, 4, 7)",V,C,E,F,257.5,130.0
2061,G,C,3,F,"(0, 4, 7)",V,C,E,F,257.625,130.0
2062,G,C,3,F,"(0, 4, 7)",V,C,E,F,257.75,130.0
2063,G,C,3,F,"(0, 4, 7)",V,C,E,F,257.875,130.0
2064,G,C,4,F,"(0, 4, 7)",V,C,E,F,258.0,130.0
2065,G,C,4,F,"(0, 4, 7)",V,C,E,F,258.125,130.0
2066,G,C,4,F,"(0, 4, 7)",V,C,E,F,258.25,130.0
2067,G,C,4,F,"(0, 4, 7)",V,C,E,F,258.375,130.0
2068,G,C,4,F,"(0, 4, 7)",V,C,E,F,258.5,130.0
2069,G,C,4,F,"(0, 4, 7)",V,C,E,F,258.625,130.0
2070,G,C,4,F,"(0, 4, 7)",V,C,E,F,258.75,130.0
2071,G,C,4,F,"(0, 4, 7)",V,C,E,F,258.875,130.0
2072,G,C,0,F,"(0, 4, 7)",I,C,E,F,259.0,131.0
2073,G,C,1,F,"(0, 4, 7)",V,C,E,F,259.125,131.0
2074,G,C,2,F,"(0, 4, 7)",V,C,E,F,259.25,131.0
2075,G,C,2,F,"(0, 4, 7)",V,C,E,F,259.375,131.0
2076,G,C,3,F,"(0, 4, 7)",V,C,E,F,259.5,131.0
2077,G,C,3,F,"(0, 4, 7)",V,C,E,F,259.625,131.0
2078,G,C,3,F,"(0, 4, 7)",V,C,E,F,259.75,131.0
2079,G,C,3,F,"(0, 4, 7)",V,C,E,F,259.875,131.0
2080,G,G,0,F,"(0, 4, 7)",I,C,E,C,260.0,131.0
2081,D,G,1,F,"(0, 4, 7)",I,C,E,C,260.125,131.0
2082,D,G,2,F,"(0, 4, 7)",I,C,E,C,260.25,131.0
2083,D,G,2,F,"(0, 4, 7)",I,C,E,C,260.375,131.0
2084,D,D,0,F,"(2, 5, 7, 11)",V7,B,B,C,260.5,131.0
2085,D,D,1,F,"(2, 5, 7, 11)",viio,B,B,C,260.625,131.0
2086,D,D,2,F,"(2, 5, 7, 11)",viio,B,B,C,260.75,131.0
2087,D,D,2,F,"(2, 5, 7, 11)",viio,B,B,C,260.875,131.0
2088,G,C,0,F,"(0, 4, 7)",V,C,E,C,261.0,132.0
2089,G,C,1,F,"(0, 4, 7)",V,C,E,C,261.125,132.0
2090,G,C,2,F,"(0, 4, 7)",V,C,E,C,261.25,132.0
2091,G,C,2,F,"(0, 4, 7)",V,C,E,C,261.375,132.0
2092,G,C,3,F,"(0, 4, 7)",V,C,E,C,261.5,132.0
2093,G,C,3,F,"(0, 4, 7)",V,C,E,C,261.625,132.0
2094,G,C,3,F,"(0, 4, 7)",V,C,E,C,261.75,132.0
2095,G,C,3,F,"(0, 4, 7)",V,C,E,C,261.875,132.0
2096,G,C,4,F,"(0, 4, 7)",V,C,E,C,262.0,132.0
2097,G,C,4,F,"(0, 4, 7)",V,C,E,C,262.125,132.0
2098,G,C,4,F,"(0, 4, 7)",V,C,E,C,262.25,132.0
2099,G,C,4,F,"(0, 4, 7)",V,C,E,C,262.375,132.0
2100,G,C,4,F,"(0, 4, 7)",V,C,E,C,262.5,132.0
2101,G,C,4,F,"(0, 4, 7)",V,C,E,C,262.625,132.0
2102,G,C,4,F,"(0, 4, 7)",V,C,E,C,262.75,132.0
2103,G,C,4,F,"(0, 4, 7)",V,C,E,C,262.875,132.0
2104,A,D,0,F,"(2, 6, 9)",V,D,F#,C,263.0,133.0
2105,A,D,1,F,"(2, 6, 9)",V,D,F#,C,263.125,133.0
2106,A,D,2,F,"(2, 6, 9)",V,D,F#,C,263.25,133.0
2107,A,D,2,F,"(2, 6, 9)",V,D,F#,C,263.375,133.0
2108,A,D,3,F,"(2, 6, 9)",V,D,F#,C,263.5,133.0
2109,A,D,3,F,"(2, 6, 9)",V,D,F#,C,263.625,133.0
2110,A,D,3,F,"(2, 6, 9)",V,D,F#,C,263.75,133.0
2111,A,D,3,F,"(2, 6, 9)",V,D,F#,C,263.875,133.0
2112,A,D,4,F,"(2, 6, 9)",V,D,F#,g,264.0,133.0
2113,A,D,4,F,"(2, 6, 9)",V,D,F#,g,264.125,133.0
2114,A,D,4,F,"(2, 6, 9)",V,D,F#,g,264.25,133.0
2115,A,D,4,F,"(2, 6, 9)",V,D,F#,g,264.375,133.0
2116,D,F#,4,F,"(2, 6, 9)",V,D,A,g,264.5,133.0
2117,D,F#,4,F,"(2, 6, 9)",V,D,A,g,264.625,133.0
2118,D,F#,4,F,"(2, 6, 9)",V,D,A,g,264.75,133.0
2119,D,F#,4,F,"(2, 6, 9)",V,D,A,g,264.875,133.0
2120,D,G,0,F,"(2, 7, 10)",ii,G,B-,F,265.0,134.0
2121,D,G,1,F,"(2, 7, 10)",ii,G,B-,F,265.125,134.0
2122,D,G,2,F,"(2, 7, 10)",ii,G,B-,F,265.25,134.0
2123,D,G,2,F,"(2, 7, 10)",ii,G,B-,F,265.375,134.0
2124,D,G,3,F,"(2, 7, 10)",ii,G,B-,F,265.5,134.0
2125,D,G,3,F,"(2, 7, 10)",ii,G,B-,F,265.625,134.0
2126,D,G,3,F,"(2, 7, 10)",ii,G,B-,F,265.75,134.0
2127,D,G,3,F,"(2, 7, 10)",ii,G,B-,F,265.875,134.0
2128,D,G,4,F,"(2, 7, 10)",ii,G,B-,F,266.0,134.0
2129,D,G,4,F,"(2, 7, 10)",ii,G,B-,F,266.125,134.0
2130,D,G,4,F,"(2, 7, 10)",ii,G,B-,F,266.25,134.0
2131,D,G,4,F,"(2, 7, 10)",ii,G,B-,F,266.375,134.0
2132,D,G,4,F,"(2, 7, 10)",ii,G,B,F,266.5,134.0
2133,D,G,4,F,"(2, 7, 10)",ii,G,B,F,266.625,134.0
2134,D,G,4,F,"(2, 7, 10)",iii,G,B,F,266.75,134.0
2135,D,G,4,F,"(2, 7, 10)",iii,G,B,F,266.875,134.0
2136,C,E,0,F,"(0, 4, 7)",V,C,G,F,267.0,135.0
2137,C,E,1,F,"(0, 4, 7)",V,C,G,F,267.125,135.0
2138,C,E,2,F,"(0, 4, 7)",V,C,G,F,267.25,135.0
2139,C,E,2,F,"(0, 4, 7)",V,C,G,F,267.375,135.0
2140,C,E,3,F,"(0, 4, 7)",V,C,G,F,267.5,135.0
2141,C,E,3,F,"(0, 4, 7)",V,C,G,F,267.625,135.0
2142,C,E,3,F,"(0, 4, 7)",V,C,G,F,267.75,135.0
2143,C,E,3,F,"(0, 4, 7)",V,C,G,F,267.875,135.0
2144,C,E,4,F,"(0, 4, 7)",V,C,G,F,268.0,135.0
2145,C,E,4,F,"(0, 4, 7)",V,C,G,F,268.125,135.0
2146,C,E,4,F,"(0, 4, 7)",V,C,G,F,268.25,135.0
2147,C,E,4,F,"(0, 4, 7)",V,C,G,F,268.375,135.0
2148,C,E,4,F,"(0, 4, 7)",V,C,G,F,268.5,135.0
2149,C,E,4,F,"(0, 4, 7)",V,C,G,F,268.625,135.0
2150,C,E,4,F,"(0, 4, 7)",V,C,G,F,268.75,135.0
2151,C,E,4,F,"(0, 4, 7)",V,C,G,F,268.875,135.0
2152,C,F,0,F,"(0, 5, 9)",I,F,A,F,269.0,136.0
2153,C,F,1,F,"(0, 5, 9)",I,F,A,F,269.125,136.0
2154,C,F,2,F,"(0, 5, 9)",I,F,A,F,269.25,136.0
2155,C,F,2,F,"(0, 5, 9)",I,F,A,F,269.375,136.0
2156,C,F,3,F,"(0, 5, 9)",I,F,A,F,269.5,136.0
2157,C,F,3,F,"(0, 5, 9)",I,F,A,F,269.625,136.0
2158,C,F,3,F,"(0, 5, 9)",I,F,A,F,269.75,136.0
2159,C,F,3,F,"(0, 5, 9)",I,F,A,F,269.875,136.0
2160,C,F,4,F,"(0, 5, 9)",I,F,A,F,270.0,136.0
2161,C,F,4,F,"(0, 5, 9)",I,F,A,F,270.125,136.0
2162,C,F,4,F,"(0, 5, 9)",I,F,A,F,270.25,136.0
2163,C,F,4,F,"(0, 5, 9)",I,F,A,F,270.375,136.0
2164,C,F,0,F,"(0, 5, 9)",I,F,A,F,270.5,136.0
2165,C,F,1,F,"(0, 5, 9)",I,F,A,F,270.625,136.0
2166,C,F,2,F,"(0, 5, 9)",I,F,A,F,270.75,136.0
2167,C,F,2,F,"(0, 5, 9)",I,F,A,F,270.875,136.0
2168,C,F,0,F,"(0, 5, 9)",I,F,A,F,271.0,137.0
2169,C,F,1,F,"(0, 5, 9)",I,F,A,F,271.125,137.0
2170,C,F,2,F,"(0, 5, 9)",I,F,A,F,271.25,137.0
2171,C,F,2,F,"(0, 5, 9)",I,F,A,F,271.375,137.0
2172,C,F,3,F,"(0, 5, 9)",IV,F,A,F,271.5,137.0
2173,C,F,3,F,"(0, 5, 9)",I,F,A,F,271.625,137.0
2174,C,F,3,F,"(0, 5, 9)",I,F,A,F,271.75,137.0
2175,C,F,3,F,"(0, 5, 9)",I,F,A,F,271.875,137.0
2176,C,F,0,F,"(0, 5, 9)",I,F,A,F,272.0,137.0
2177,C,F,1,F,"(0, 5, 9)",I,F,A,F,272.125,137.0
2178,C,F,2,F,"(0, 5, 9)",I,F,A,F,272.25,137.0
2179,C,F,2,F,"(0, 5, 9)",I,F,A,F,272.375,137.0
2180,C,F,0,F,"(0, 5, 9)",I,F,A,F,272.5,137.0
2181,C,F,3,F,"(0, 5, 9)",I,F,A,F,272.625,137.0
2182,C,F,3,F,"(0, 5, 9)",I,F,A,F,272.75,137.0
2183,C,F,3,F,"(0, 5, 9)",I,F,A,F,272.875,137.0
2184,B-,G,0,F,"(4, 7, 10)",ii,E,B-,F,273.0,138.0
2185,B-,G,1,F,"(4, 7, 10)",ii,E,B-,F,273.125,138.0
2186,B-,G,2,F,"(4, 7, 10)",ii,E,G,F,273.25,138.0
2187,B-,G,2,F,"(4, 7, 10)",ii,E,G,F,273.375,138.0
2188,B-,E,3,F,"(4, 7, 10)",viio,E,G,F,273.5,138.0
2189,B-,E,3,F,"(4, 7, 10)",viio,E,G,F,273.625,138.0
2190,B-,E,3,F,"(4, 7, 10)",viio,E,G,F,273.75,138.0
2191,B-,E,3,F,"(4, 7, 10)",viio,E,G,F,273.875,138.0
2192,C,F,0,F,"(0, 5, 9)",ii,D,G,F,274.0,138.0
2193,C,F,1,F,"(0, 5, 9)",ii,D,A,F,274.125,138.0
2194,C,F,2,F,"(0, 5, 9)",ii,D,A,F,274.25,138.0
2195,C,F,2,F,"(0, 5, 9)",ii,D,A,F,274.375,138.0
2196,A,D,0,F,"(2, 5, 9)",vi,D,F,F,274.5,138.0
2197,A,D,1,F,"(2, 5, 9)",vi,D,F,F,274.625,138.0
2198,A,D,2,F,"(2, 5, 9)",vi,D,F,F,274.75,138.0
2199,A,D,2,F,"(2, 5, 9)",vi,D,F,F,274.875,138.0
2200,F,B-,0,F,"(2, 5, 10)",IV,B-,D,F,275.0,139.0
2201,F,B-,1,F,"(2, 5, 10)",IV,B-,D,F,275.125,139.0
2202,F,B-,2,F,"(2, 5, 10)",IV,B-,D,F,275.25,139.0
2203,F,B-,2,F,"(2, 5, 10)",IV,B-,D,F,275.375,139.0
2204,F,B-,3,F,"(2, 5, 10)",IV,B-,D,F,275.5,139.0
2205,F,B-,3,F,"(2, 5, 10)",IV,B-,D,F,275.625,139.0
2206,F,B-,3,F,"(2, 5, 10)",ii,B-,D,F,275.75,139.0
2207,F,B-,3,F,"(2, 5, 10)",ii,B-,D,F,275.875,139.0
2208,G,C,0,F,"(0, 4, 7)",Cad,B-,E,F,276.0,139.0
2209,G,C,1,F,"(0, 4, 7)",Cad,B-,E,F,276.125,139.0
2210,G,C,2,F,"(0, 4, 7)",Cad,B-,E,F,276.25,139.0
2211,G,C,2,F,"(0, 4, 7)",Cad,B-,E,F,276.375,139.0
2212,G,C,0,F,"(0, 4, 7, 10)",V7,B-,E,F,276.5,139.0
2213,G,C,1,F,"(0, 4, 7, 10)",V7,B-,E,F,276.625,139.0
2214,G,C,2,F,"(0, 4, 7, 10)",V7,B-,E,F,276.75,139.0
2215,G,C,2,F,"(0, 4, 7, 10)",V7,B-,E,F,276.875,139.0
2216,C,F,0,F,"(0, 5, 9)",I,F,A,F,277.0,140.0
2217,C,F,1,F,"(0, 5, 9)",I,F,A,F,277.125,140.0
2218,C,F,2,F,"(0, 5, 9)",I,F,A,F,277.25,140.0
2219,C,F,2,F,"(0, 5, 9)",I,F,A,F,277.375,140.0
2220,C,F,3,F,"(0, 5, 9)",I,F,A,F,277.5,140.0
2221,C,F,3,F,"(0, 5, 9)",I,F,A,F,277.625,140.0
2222,C,F,3,F,"(0, 5, 9)",I,F,A,F,277.75,140.0
2223,C,F,3,F,"(0, 5, 9)",I,F,A,F,277.875,140.0
2224,C,C,0,F,"(0, 5, 9)",V,F,A,F,278.0,140.0
2225,C,C,1,F,"(0, 5, 9)",V,F,A,F,278.125,140.0
2226,C,C,2,F,"(0, 5, 9)",V,F,A,F,278.25,140.0
2227,C,C,2,F,"(0, 5, 9)",V,F,A,F,278.375,140.0
2228,C,C,4,F,"(0, 5, 9)",V,F,A,F,278.5,140.0
2229,C,C,4,F,"(0, 5, 9)",V,F,A,F,278.625,140.0
2230,C,C,4,F,"(0, 5, 9)",V,F,A,F,278.75,140.0
2231,C,C,4,F,"(0, 5, 9)",V,F,A,F,278.875,140.0
2232,G,C,0,F,"(0, 4, 7, 10)",V7,B-,E,F,279.0,141.0
2233,G,C,1,F,"(0, 4, 7, 10)",V7,B-,E,F,279.125,141.0
2234,G,C,2,F,"(0, 4, 7, 10)",V7,B-,E,F,279.25,141.0
2235,G,C,2,F,"(0, 4, 7, 10)",V7,B-,E,F,279.375,141.0
2236,G,C,3,F,"(0, 4, 7, 10)",V7,B-,E,F,279.5,141.0
2237,G,C,3,F,"(0, 4, 7, 10)",V7,B-,E,F,279.625,141.0
2238,G,C,3,F,"(0, 4, 7, 10)",V7,B-,E,F,279.75,141.0
2239,G,C,3,F,"(0, 4, 7, 10)",V7,B-,E,F,279.875,141.0
2240,G,C,4,F,"(0, 4, 7, 10)",V7,B-,E,F,280.0,141.0
2241,G,C,4,F,"(0, 4, 7, 10)",V7,B-,E,F,280.125,141.0
2242,G,C,4,F,"(0, 4, 7, 10)",V7,B-,E,F,280.25,141.0
2243,G,C,4,F,"(0, 4, 7, 10)",V7,B-,E,F,280.375,141.0
2244,G,C,0,F,"(0, 4, 7, 10)",V7,B-,E,F,280.5,141.0
2245,G,C,4,F,"(0, 4, 7, 10)",V7,B-,E,F,280.625,141.0
2246,G,C,4,F,"(0, 4, 7, 10)",V7,B-,E,F,280.75,141.0
2247,G,C,4,F,"(0, 4, 7, 10)",V7,B-,E,F,280.875,141.0
2248,A,C,0,F,"(0, 5, 9)",I,F,F,F,281.0,142.0
2249,A,C,1,F,"(0, 5, 9)",I,F,F,F,281.125,142.0
2250,A,C,2,F,"(0, 5, 9)",I,F,F,F,281.25,142.0
2251,A,C,2,F,"(0, 5, 9)",I,F,F,F,281.375,142.0
2252,A,C,3,F,"(0, 5, 9)",I,F,F,F,281.5,142.0
2253,A,C,3,F,"(0, 5, 9)",I,F,F,F,281.625,142.0
2254,A,C,3,F,"(0, 5, 9)",I,F,F,F,281.75,142.0
2255,A,C,3,F,"(0, 5, 9)",I,F,F,F,281.875,142.0
2256,A,C,4,F,"(0, 5, 9)",I,F,F,F,282.0,142.0
2257,A,C,4,F,"(0, 5, 9)",I,F,F,F,282.125,142.0
2258,A,C,4,F,"(0, 5, 9)",I,F,F,F,282.25,142.0
2259,A,C,4,F,"(0, 5, 9)",I,F,F,F,282.375,142.0
2260,A,C,0,F,"(0, 5, 9)",I,F,F,F,282.5,142.0
2261,A,C,1,F,"(0, 5, 9)",I,F,F,F,282.625,142.0
2262,A,C,2,F,"(0, 5, 9)",I,F,F,F,282.75,142.0
2263,A,C,2,F,"(0, 5, 9)",I,F,F,F,282.875,142.0
2264,G,C,0,F,"(0, 4, 7)",V,C,E,F,283.0,143.0
2265,G,C,1,F,"(0, 4, 7)",V,C,E,F,283.125,143.0
2266,G,C,2,F,"(0, 4, 7)",V,C,E,F,283.25,143.0
2267,G,C,2,F,"(0, 4, 7)",V,C,E,F,283.375,143.0
2268,G,C,3,F,"(0, 4, 7)",V,C,E,F,283.5,143.0
2269,G,C,3,F,"(0, 4, 7)",V,C,E,F,283.625,143.0
2270,G,C,3,F,"(0, 4, 7)",V,C,E,F,283.75,143.0
2271,G,C,3,F,"(0, 4, 7)",V,C,E,F,283.875,143.0
2272,G,C,4,F,"(0, 4, 7)",V,C,E,F,284.0,143.0
2273,G,C,4,F,"(0, 4, 7)",V7,C,E,F,284.125,143.0
2274,G,C,4,F,"(0, 4, 7)",V7,C,E,F,284.25,143.0
2275,G,C,4,F,"(0, 4, 7)",V7,C,E,F,284.375,143.0
2276,G,C,4,F,"(0, 4, 7, 10)",V7,B-,E,F,284.5,143.0
2277,G,C,4,F,"(0, 4, 7, 10)",V7,B-,E,F,284.625,143.0
2278,G,C,4,F,"(0, 4, 7, 10)",V7,B-,E,F,284.75,143.0
2279,G,C,4,F,"(0, 4, 7, 10)",V7,B-,E,F,284.875,143.0
2280,C,F,0,F,"(0, 5, 9)",I,F,A,F,285.0,144.0
2281,C,F,1,F,"(0, 5, 9)",I,F,A,F,285.125,144.0
2282,C,F,2,F,"(0, 5, 9)",I,F,A,F,285.25,144.0
2283,C,F,2,F,"(0, 5, 9)",I,F,A,F,285.375,144.0
2284,C,F,3,F,"(0, 5, 9)",I,F,A,F,285.5,144.0
2285,C,F,3,F,"(0, 5, 9)",I,F,A,F,285.625,144.0
2286,C,F,3,F,"(0, 5, 9)",I,F,A,F,285.75,144.0
2287,C,F,3,F,"(0, 5, 9)",I,F,A,F,285.875,144.0
2288,C,F,4,F,"(0, 5, 9)",I,F,A,F,286.0,144.0
2289,C,F,4,F,"(0, 5, 9)",I,F,A,F,286.125,144.0
2290,C,F,4,F,"(0, 5, 9)",I,F,A,F,286.25,144.0
2291,C,F,4,F,"(0, 5, 9)",I,F,A,F,286.375,144.0
2292,C,F,4,F,"(0, 5, 9)",I,F,A,F,286.5,144.0
2293,C,F,4,F,"(0, 5, 9)",I,F,A,F,286.625,144.0
2294,C,F,4,F,"(0, 5, 9)",I,F,A,F,286.75,144.0
2295,C,F,4,F,"(0, 5, 9)",I,F,A,F,286.875,144.0
2296,G,C,0,F,"(0, 4, 7)",V,C,E,F,287.0,145.0
2297,G,C,1,F,"(0, 4, 7)",V,C,E,F,287.125,145.0
2298,G,C,2,F,"(0, 4, 7)",V,C,E,F,287.25,145.0
2299,G,C,2,F,"(0, 4, 7)",V,C,E,F,287.375,145.0
2300,G,C,3,F,"(0, 4, 7)",V,C,E,F,287.5,145.0
2301,G,C,3,F,"(0, 4, 7)",V,C,E,F,287.625,145.0
2302,G,C,3,F,"(0, 4, 7)",V,C,E,F,287.75,145.0
2303,G,C,3,F,"(0, 4, 7)",V,C,E,F,287.875,145.0
2304,G,C,4,F,"(0, 4, 7)",V,C,E,F,288.0,145.0
2305,G,C,4,F,"(0, 4, 7)",V,C,E,F,288.125,145.0
2306,G,C,4,F,"(0, 4, 7)",V,C,E,F,288.25,145.0
2307,G,C,4,F,"(0, 4, 7)",V,C,E,F,288.375,145.0
2308,B-,E,0,F,"(0, 4, 7, 10)",V7,C,G,F,288.5,145.0
2309,B-,E,1,F,"(0, 4, 7, 10)",V7,C,G,F,288.625,145.0
2310,B-,E,2,F,"(0, 4, 7, 10)",V7,C,G,F,288.75,145.0
2311,B-,E,2,F,"(0, 4, 7, 10)",V7,C,G,F,288.875,145.0
2312,C,F,0,F,"(0, 5, 9)",I,F,A,F,289.0,146.0
2313,C,F,1,F,"(0, 5, 9)",I,F,A,F,289.125,146.0
2314,C,F,2,F,"(0, 5, 9)",I,F,A,F,289.25,146.0
2315,C,F,2,F,"(0, 5, 9)",I,F,A,F,289.375,146.0
2316,C,F,0,F,"(0, 5, 9)",I,F,A,F,289.5,146.0
2317,C,F,1,F,"(0, 5, 9)",I,F,A,F,289.625,146.0
2318,C,F,2,F,"(0, 5, 9)",I,F,A,F,289.75,146.0
2319,C,F,2,F,"(0, 5, 9)",I,F,A,F,289.875,146.0
2320,C,F,0,F,"(0, 5, 9)",I,F,A,F,290.0,146.0
2321,C,F,4,F,"(0, 5, 9)",I,F,A,F,290.125,146.0
2322,C,F,4,F,"(0, 5, 9)",I,F,A,F,290.25,146.0
2323,C,F,4,F,"(0, 5, 9)",I,F,A,F,290.375,146.0
2324,F,A,0,F,"(0, 5, 9)",I,F,C,F,290.5,146.0
2325,F,A,1,F,"(0, 5, 9)",I,F,C,F,290.625,146.0
2326,F,A,4,F,"(0, 5, 9)",I,F,C,F,290.75,146.0
2327,F,A,4,F,"(0, 5, 9)",I,F,C,F,290.875,146.0
2328,G,B-,0,F,"(0, 4, 7, 10)",V7,B-,E,F,291.0,147.0
2329,G,B-,1,F,"(0, 4, 7, 10)",V7,B-,E,F,291.125,147.0
2330,G,B-,2,F,"(0, 4, 7, 10)",V7,B-,E,F,291.25,147.0
2331,G,B-,2,F,"(0, 4, 7, 10)",V7,B-,E,F,291.375,147.0
2332,G,B-,3,F,"(0, 4, 7, 10)",V7,B-,E,F,291.5,147.0
2333,G,B-,3,F,"(0, 4, 7, 10)",V7,B-,E,F,291.625,147.0
2334,G,B-,3,F,"(0, 4, 7, 10)",V7,B-,E,F,291.75,147.0
2335,G,B-,3,F,"(0, 4, 7, 10)",V7,B-,E,F,291.875,147.0
2336,G,C,0,F,"(0, 4, 7, 10)",V7,B-,E,F,292.0,147.0
2337,G,C,1,F,"(0, 4, 7, 10)",V7,B-,E,F,292.125,147.0
2338,G,C,2,F,"(0, 4, 7, 10)",V7,B-,E,F,292.25,147.0
2339,G,C,2,F,"(0, 4, 7, 10)",V7,B-,E,F,292.375,147.0
2340,G,C,3,F,"(0, 4, 7, 10)",V7,B-,E,F,292.5,147.0
2341,G,C,3,F,"(0, 4, 7, 10)",V7,B-,E,F,292.625,147.0
2342,G,C,3,F,"(0, 4, 7, 10)",V7,B-,E,F,292.75,147.0
2343,G,C,3,F,"(0, 4, 7, 10)",V7,B-,E,F,292.875,147.0
2344,C,F,0,F,"(0, 5, 9)",I,F,A,F,293.0,148.0
2345,C,F,1,F,"(0, 5, 9)",I,F,A,F,293.125,148.0
2346,C,F,2,F,"(0, 5, 9)",I,F,A,F,293.25,148.0
2347,C,F,2,F,"(0, 5, 9)",I,F,A,F,293.375,148.0
2348,C,F,3,F,"(0, 5, 9)",I,F,A,F,293.5,148.0
2349,C,F,3,F,"(0, 5, 9)",I,F,A,F,293.625,148.0
2350,C,F,3,F,"(0, 5, 9)",I,F,A,F,293.75,148.0
2351,C,F,3,F,"(0, 5, 9)",I,F,A,F,293.875,148.0
2352,G,C,0,F,"(0, 4, 7)",V,C,E,F,294.0,148.0
2353,G,C,4,F,"(0, 4, 7)",V,C,E,F,294.125,148.0
2354,G,C,2,F,"(0, 4, 7)",V,C,E,F,294.25,148.0
2355,G,C,4,F,"(0, 4, 7)",V,C,E,F,294.375,148.0
2356,G,C,3,F,"(0, 4, 7)",V,C,E,F,294.5,148.0
2357,G,C,3,F,"(0, 4, 7)",V,C,E,F,294.625,148.0
2358,G,C,3,F,"(0, 4, 7)",V,C,E,F,294.75,148.0
2359,G,C,3,F,"(0, 4, 7)",V,C,E,F,294.875,148.0
2360,C,F,0,F,"(0, 5, 9)",I,F,A,F,295.0,149.0
2361,C,F,1,F,"(0, 5, 9)",I,F,A,F,295.125,149.0
2362,C,F,2,F,"(0, 5, 9)",I,F,A,F,295.25,149.0
2363,C,F,2,F,"(0, 5, 9)",I,F,A,F,295.375,149.0
2364,C,F,3,F,"(0, 5, 9)",I,F,A,F,295.5,149.0
2365,C,F,3,F,"(0, 5, 9)",I,F,A,F,295.625,149.0
2366,C,F,3,F,"(0, 5, 9)",I,F,A,F,295.75,149.0
2367,C,F,3,F,"(0, 5, 9)",I,F,A,F,295.875,149.0
2368,C,F,4,F,"(0, 5, 9)",I,F,A,F,296.0,149.0
2369,C,F,4,F,"(0, 5, 9)",I,F,A,F,296.125,149.0
2370,C,F,4,F,"(0, 5, 9)",I,F,A,F,296.25,149.0
2371,C,F,4,F,"(0, 5, 9)",I,F,A,F,296.375,149.0
2372,C,F,4,F,"(0, 5, 9)",I,F,A,F,296.5,149.0
2373,C,F,4,F,"(0, 5, 9)",I,F,A,F,296.625,149.0
2374,C,F,4,F,"(0, 5, 9)",I,F,A,F,296.75,149.0
2375,C,F,4,F,"(0, 5, 9)",I,F,A,F,296.875,149.0
2376,G,C,0,F,"(0, 4, 7)",V,C,E,F,297.0,150.0
2377,G,C,1,F,"(0, 4, 7)",V,C,E,F,297.125,150.0
2378,G,C,2,F,"(0, 4, 7)",V,C,E,F,297.25,150.0
2379,G,C,2,F,"(0, 4, 7)",V,C,E,F,297.375,150.0
2380,G,C,3,F,"(0, 4, 7)",V,C,E,F,297.5,150.0
2381,G,C,3,F,"(0, 4, 7)",V,C,E,F,297.625,150.0
2382,G,C,3,F,"(0, 4, 7)",V,C,E,F,297.75,150.0
2383,G,C,3,F,"(0, 4, 7)",V,C,E,F,297.875,150.0
2384,F,A,0,F,"(0, 5, 9)",I,F,C,F,298.0,151.0
2385,F,A,1,F,"(0, 5, 9)",I,F,C,F,298.125,151.0
2386,F,A,2,F,"(0, 5, 9)",I,F,C,F,298.25,151.0
2387,F,A,2,F,"(0, 5, 9)",I,F,C,F,298.375,151.0
2388,F,A,3,F,"(0, 5, 9)",I,F,C,F,298.5,151.0
2389,F,A,3,F,"(0, 5, 9)",I,F,C,F,298.625,151.0
2390,F,A,3,F,"(0, 5, 9)",I,F,C,F,298.75,151.0
2391,F,A,3,F,"(0, 5, 9)",I,F,C,F,298.875,151.0
2392,C,F,4,F,"(0, 5, 9)",I,F,A,F,299.0,151.0
2393,C,F,4,F,"(0, 5, 9)",I,F,A,F,299.125,151.0
2394,C,F,4,F,"(0, 5, 9)",I,F,A,F,299.25,151.0
2395,C,F,4,F,"(0, 5, 9)",I,F,A,F,299.375,151.0
2396,C,F,4,F,"(0, 5, 9)",I,F,A,F,299.5,151.0
2397,C,F,4,F,"(0, 5, 9)",I,F,A,F,299.625,151.0
2398,C,F,4,F,"(0, 5, 9)",I,F,A,F,299.75,151.0
2399,C,F,4,F,"(0, 5, 9)",I,F,A,F,299.875,151.0
2400,B-,E,0,F,"(0, 4, 7, 10)",V7,C,G,F,300.0,152.0
2401,B-,E,1,F,"(0, 4, 7, 10)",V7,C,G,F,300.125,152.0
2402,B-,E,2,F,"(0, 4, 7, 10)",V7,C,G,F,300.25,152.0
2403,B-,E,2,F,"(0, 4, 7, 10)",V7,C,G,F,300.375,152.0
2404,B-,E,3,F,"(0, 4, 7, 10)",V7,C,G,F,300.5,152.0
2405,B-,E,3,F,"(0, 4, 7, 10)",V7,C,G,F,300.625,152.0
2406,B-,E,3,F,"(0, 4, 7, 10)",V7,C,G,F,300.75,152.0
2407,B-,E,3,F,"(0, 4, 7, 10)",V7,C,G,F,300.875,152.0
2408,C,F,0,F,"(0, 5, 9)",I,F,A,F,301.0,152.0
2409,C,F,1,F,"(0, 5, 9)",I,F,A,F,301.125,152.0
2410,C,F,2,F,"(0, 5, 9)",I,F,A,F,301.25,152.0
2411,C,F,2,F,"(0, 5, 9)",I,F,A,F,301.375,152.0
2412,C,F,3,F,"(0, 5, 9)",I,F,A,F,301.5,152.0
2413,C,F,3,F,"(0, 5, 9)",I,F,A,F,301.625,152.0
2414,C,F,3,F,"(0, 5, 9)",I,F,A,F,301.75,152.0
2415,C,F,3,F,"(0, 5, 9)",I,F,A,F,301.875,152.0
2416,G,C,0,F,"(0, 4, 7)",V,C,E,F,302.0,153.0
2417,G,C,1,F,"(0, 4, 7)",V,C,E,F,302.125,153.0
2418,G,C,2,F,"(0, 4, 7)",V,C,E,F,302.25,153.0
2419,G,C,2,F,"(0, 4, 7)",V,C,E,F,302.375,153.0
2420,G,C,3,F,"(0, 4, 7)",V,C,E,F,302.5,153.0
2421,G,C,3,F,"(0, 4, 7)",V,C,E,F,302.625,153.0
2422,G,C,3,F,"(0, 4, 7)",V,C,E,F,302.75,153.0
2423,G,C,3,F,"(0, 4, 7)",V,C,E,F,302.875,153.0
2424,G,C,4,F,"(0, 4, 7)",V,C,E,F,303.0,153.0
2425,G,C,4,F,"(0, 4, 7)",V,C,E,F,303.125,153.0
2426,G,C,4,F,"(0, 4, 7)",V,C,E,F,303.25,153.0
2427,G,C,4,F,"(0, 4, 7)",V,C,E,F,303.375,153.0
2428,G,C,4,F,"(0, 4, 7)",V,C,E,F,303.5,153.0
2429,G,C,4,F,"(0, 4, 7)",V,C,E,F,303.625,153.0
2430,G,C,4,F,"(0, 4, 7)",V,C,E,F,303.75,153.0
2431,G,C,4,F,"(0, 4, 7)",V,C,E,F,303.875,153.0
2432,G,C,0,F,"(0, 4, 7)",V,C,E,F,304.0,154.0
2433,G,C,1,F,"(0, 4, 7)",V,C,E,F,304.125,154.0
2434,G,C,2,F,"(0, 4, 7)",V,C,E,F,304.25,154.0
2435,G,C,2,F,"(0, 4, 7)",V,C,E,F,304.375,154.0
2436,G,C,3,F,"(0, 4, 7)",V,C,E,F,304.5,154.0
2437,G,C,3,F,"(0, 4, 7)",V,C,E,F,304.625,154.0
2438,G,C,3,F,"(0, 4, 7)",V,C,E,F,304.75,154.0
2439,G,C,3,F,"(0, 4, 7)",V,C,E,F,304.875,154.0
2440,G,C,4,F,"(0, 4, 7)",V,C,E,F,305.0,154.0
2441,G,C,4,F,"(0, 4, 7)",V,C,E,F,305.125,154.0
2442,G,C,4,F,"(0, 4, 7)",V,C,E,F,305.25,154.0
2443,G,C,2,F,"(0, 4, 7)",V,C,E,F,305.375,154.0
2444,G,C,4,F,"(0, 4, 7)",V,C,E,F,305.5,154.0
2445,G,C,4,F,"(0, 4, 7)",V,C,E,F,305.625,154.0
2446,G,C,4,F,"(0, 4, 7)",V,C,E,F,305.75,154.0
2447,G,C,4,F,"(0, 4, 7)",V,C,E,F,305.875,154.0
2448,F,A,0,F,"(0, 5, 9)",I,F,C,F,306.0,155.0
2449,F,A,1,F,"(0, 5, 9)",I,F,C,F,306.125,155.0
2450,F,A,2,F,"(0, 5, 9)",I,F,C,F,306.25,155.0
2451,F,A,2,F,"(0, 5, 9)",I,F,C,F,306.375,155.0
2452,F,A,3,F,"(0, 5, 9)",I,F,C,F,306.5,155.0
2453,F,A,3,F,"(0, 5, 9)",I,F,C,F,306.625,155.0
2454,F,A,3,F,"(0, 5, 9)",I,F,C,F,306.75,155.0
2455,F,A,3,F,"(0, 5, 9)",I,F,C,F,306.875,155.0
2456,C,F,0,F,"(0, 5, 9)",I,F,A,F,307.0,155.0
2457,C,F,1,F,"(0, 5, 9)",I,F,A,F,307.125,155.0
2458,C,F,2,F,"(0, 5, 9)",I,F,A,F,307.25,155.0
2459,C,F,4,F,"(0, 5, 9)",I,F,A,F,307.375,155.0
2460,C,F,4,F,"(0, 5, 9)",I,F,A,F,307.5,155.0
2461,C,F,3,F,"(0, 5, 9)",I,F,A,F,307.625,155.0
2462,C,F,4,F,"(0, 5, 9)",I,F,A,F,307.75,155.0
2463,C,F,4,F,"(0, 5, 9)",I,F,A,F,307.875,155.0
2464,B-,E,0,F,"(0, 4, 7, 10)",V7,C,G,F,308.0,156.0
2465,B-,E,1,F,"(0, 4, 7, 10)",V7,C,G,F,308.125,156.0
2466,B-,E,2,F,"(0, 4, 7, 10)",V7,C,G,F,308.25,156.0
2467,B-,E,2,F,"(0, 4, 7, 10)",V7,C,G,F,308.375,156.0
2468,B-,E,3,F,"(0, 4, 7, 10)",V7,C,G,F,308.5,156.0
2469,B-,E,3,F,"(0, 4, 7, 10)",V7,C,G,F,308.625,156.0
2470,B-,E,3,F,"(0, 4, 7, 10)",V7,C,G,F,308.75,156.0
2471,B-,E,3,F,"(0, 4, 7, 10)",V7,C,G,F,308.875,156.0
2472,C,F,0,F,"(0, 5, 9)",I,F,A,F,309.0,156.0
2473,C,F,1,F,"(0, 5, 9)",I,F,A,F,309.125,156.0
2474,C,F,2,F,"(0, 5, 9)",I,F,A,F,309.25,156.0
2475,C,F,2,F,"(0, 5, 9)",I,F,A,F,309.375,156.0
2476,C,F,3,F,"(0, 5, 9)",I,F,A,F,309.5,156.0
2477,C,F,3,F,"(0, 5, 9)",I,F,A,F,309.625,156.0
2478,C,F,3,F,"(0, 5, 9)",I,F,A,F,309.75,156.0
2479,C,F,3,F,"(0, 5, 9)",I,F,A,F,309.875,156.0
2480,G,B-,0,F,"(2, 7, 10)",ii,G,D,F,310.0,157.0
2481,G,B-,1,F,"(2, 7, 10)",ii,G,D,F,310.125,157.0
2482,G,B-,2,F,"(2, 7, 10)",ii,G,D,F,310.25,157.0
2483,G,B-,2,F,"(2, 7, 10)",ii,G,D,F,310.375,157.0
2484,G,B-,3,F,"(2, 7, 10)",ii,G,D,F,310.5,157.0
2485,G,B-,3,F,"(2, 7, 10)",ii,G,D,F,310.625,157.0
2486,G,B-,3,F,"(2, 7, 10)",ii,G,D,F,310.75,157.0
2487,G,B-,3,F,"(2, 7, 10)",ii,G,D,F,310.875,157.0
2488,G,C,0,F,"(0, 4, 7, 10)",V7,B-,E,F,311.0,157.0
2489,G,C,1,F,"(0, 4, 7, 10)",V7,B-,E,F,311.125,157.0
2490,G,C,2,F,"(0, 4, 7, 10)",V7,B-,E,F,311.25,157.0
2491,G,C,2,F,"(0, 4, 7, 10)",V7,B-,E,F,311.375,157.0
2492,G,C,3,F,"(0, 4, 7, 10)",V7,B-,E,F,311.5,157.0
2493,G,C,3,F,"(0, 4, 7, 10)",V7,B-,E,F,311.625,157.0
2494,G,C,3,F,"(0, 4, 7, 10)",V7,B-,E,F,311.75,157.0
2495,G,C,3,F,"(0, 4, 7, 10)",V7,B-,E,F,311.875,157.0
2496,C,F,0,F,"(0, 5, 9)",I,F,A,F,312.0,158.0
2497,C,F,1,F,"(0, 5, 9)",I,F,A,F,312.125,158.0
2498,C,F,2,F,"(0, 5, 9)",I,F,A,F,312.25,158.0
2499,C,F,2,F,"(0, 5, 9)",I,F,A,F,312.375,158.0
2500,C,F,3,F,"(0, 5, 9)",I,F,A,F,312.5,158.0
2501,C,F,3,F,"(0, 5, 9)",I,F,A,F,312.625,158.0
2502,C,F,3,F,"(0, 5, 9)",I,F,A,F,312.75,158.0
2503,C,F,3,F,"(0, 5, 9)",I,F,A,F,312.875,158.0
2504,C,F,4,F,"(0, 4, 7)",I,C,A,F,313.0,158.0
2505,C,F,4,F,"(0, 4, 7)",I,C,A,F,313.125,158.0
2506,C,C,4,F,"(0, 4, 7)",V,C,A,F,313.25,158.0
2507,C,C,4,F,"(0, 4, 7)",V,C,A,F,313.375,158.0
2508,C,C,4,F,"(0, 4, 7)",V,C,E,F,313.5,158.0
2509,C,C,4,F,"(0, 4, 7)",V,C,E,F,313.625,158.0
2510,C,C,4,F,"(0, 4, 7)",V,C,E,F,313.75,158.0
2511,C,C,4,F,"(0, 4, 7)",V,C,E,F,313.875,158.0
2512,C,F,0,F,"(0, 5, 9)",I,F,A,F,314.0,159.0
2513,C,F,1,F,"(0, 5, 9)",I,F,A,F,314.125,159.0
2514,C,F,2,F,"(0, 5, 9)",I,F,A,F,314.25,159.0
2515,C,F,2,F,"(0, 5, 9)",I,F,A,F,314.375,159.0
2516,C,F,3,F,"(0, 5, 9)",I,F,A,F,314.5,159.0
2517,C,F,3,F,"(0, 5, 9)",I,F,A,F,314.625,159.0
2518,C,F,3,F,"(0, 5, 9)",I,F,A,F,314.75,159.0
2519,C,F,3,F,"(0, 5, 9)",I,F,A,F,314.875,159.0
2520,C,F,4,F,"(0, 5, 9)",I,F,A,F,315.0,159.0
2521,C,F,4,F,"(0, 5, 9)",I,F,A,F,315.125,159.0
2522,C,F,4,F,"(0, 5, 9)",I,F,A,F,315.25,159.0
2523,C,F,4,F,"(0, 5, 9)",I,F,A,F,315.375,159.0
2524,C,F,4,F,"(0, 5, 9)",I,F,A,F,315.5,159.0
2525,C,F,4,F,"(0, 5, 9)",I,F,A,F,315.625,159.0
2526,C,F,4,F,"(0, 5, 9)",I,F,A,F,315.75,159.0
2527,C,F,4,F,"(0, 5, 9)",I,F,A,F,315.875,159.0
2528,G,C,0,F,"(0, 4, 7, 10)",V7,C,E,F,316.0,160.0
2529,G,C,1,F,"(0, 4, 7, 10)",V7,C,E,F,316.125,160.0
2530,G,C,2,F,"(0, 4, 7, 10)",V7,C,E,F,316.25,160.0
2531,G,C,2,F,"(0, 4, 7, 10)",V7,C,E,F,316.375,160.0
2532,G,C,3,F,"(0, 4, 7, 10)",V7,C,E,F,316.5,160.0
2533,G,C,3,F,"(0, 4, 7, 10)",V7,C,E,F,316.625,160.0
2534,G,C,3,F,"(0, 4, 7, 10)",V7,C,E,F,316.75,160.0
2535,G,C,3,F,"(0, 4, 7, 10)",V7,C,E,F,316.875,160.0
2536,C,F,4,F,"(0, 5, 9)",I,F,A,F,317.0,160.0
2537,C,F,4,F,"(0, 5, 9)",I,F,A,F,317.125,160.0
2538,C,F,4,F,"(0, 5, 9)",I,F,A,F,317.25,160.0
2539,C,F,4,F,"(0, 5, 9)",I,F,A,F,317.375,160.0
2540,C,F,4,F,"(0, 5, 9)",I,F,A,F,317.5,160.0
2541,C,F,4,F,"(0, 5, 9)",I,F,A,F,317.625,160.0
2542,C,F,4,F,"(0, 5, 9)",I,F,A,F,317.75,160.0
2543,C,F,4,F,"(0, 5, 9)",I,F,A,F,317.875,160.0
2544,G,C,0,F,"(0, 4, 7)",I,C,E,F,318.0,161.0
2545,G,C,1,F,"(0, 4, 7)",I,C,E,F,318.125,161.0
2546,G,C,2,F,"(0, 4, 7)",I,C,E,F,318.25,161.0
2547,G,C,2,F,"(0, 4, 7)",I,C,E,F,318.375,161.0
2548,G,C,3,F,"(0, 4, 7)",V7,C,E,F,318.5,161.0
2549,G,C,3,F,"(0, 4, 7)",V7,C,E,F,318.625,161.0
2550,G,C,3,F,"(0, 4, 7)",V7,C,E,F,318.75,161.0
2551,G,C,3,F,"(0, 4, 7)",V7,C,E,F,318.875,161.0
2552,G,C,4,F,"(0, 4, 7)",I,C,E,F,319.0,161.0
2553,G,C,1,F,"(0, 4, 7)",I,C,E,F,319.125,161.0
2554,G,C,4,F,"(0, 4, 7)",I,C,E,F,319.25,161.0
2555,G,C,2,F,"(0, 4, 7)",I,C,E,F,319.375,161.0
2556,G,C,4,F,"(0, 4, 7)",I,C,E,F,319.5,161.0
2557,G,C,4,F,"(0, 4, 7)",I,C,E,F,319.625,161.0
2558,G,C,4,F,"(0, 4, 7)",I,C,E,F,319.75,161.0
2559,G,C,4,F,"(0, 4, 7)",I,C,E,F,319.875,161.0
2560,G,D,0,F,"(0, 4, 7)",I,C,F,F,320.0,162.0
2561,G,D,1,F,"(0, 4, 7)",I,C,F,F,320.125,162.0
2562,G,D,2,F,"(0, 4, 7)",I,C,F,C,320.25,162.0
2563,G,D,2,F,"(0, 4, 7)",I,C,F,C,320.375,162.0
2564,G,C,3,F,"(0, 4, 7)",V,C,E,F,320.5,162.0
2565,G,C,3,F,"(0, 4, 7)",V,C,E,F,320.625,162.0
2566,G,C,3,F,"(0, 4, 7)",V,C,E,F,320.75,162.0
2567,G,C,2,F,"(0, 4, 7)",V,C,E,F,320.875,162.0
2568,G,C,4,F,"(0, 4, 7)",V,C,E,F,321.0,162.0
2569,G,C,4,F,"(0, 4, 7)",V,C,E,F,321.125,162.0
2570,G,C,4,F,"(0, 4, 7)",V,C,E,F,321.25,162.0
2571,G,C,4,F,"(0, 4, 7)",V,C,E,F,321.375,162.0
2572,G,C,4,F,"(0, 4, 7)",V,C,E,F,321.5,162.0
2573,G,C,4,F,"(0, 4, 7)",V,C,E,F,321.625,162.0
2574,G,C,4,F,"(0, 4, 7)",V,C,E,F,321.75,162.0
2575,G,C,4,F,"(0, 4, 7)",V,C,E,F,321.875,162.0
2576,C,F,0,F,"(0, 5, 9)",I,F,A,F,322.0,163.0
2577,C,F,1,F,"(0, 5, 9)",I,F,A,F,322.125,163.0
2578,C,F,2,F,"(0, 5, 9)",I,F,A,F,322.25,163.0
2579,C,F,2,F,"(0, 5, 9)",I,F,A,F,322.375,163.0
2580,C,F,3,F,"(0, 5, 9)",I,F,A,F,322.5,163.0
2581,C,F,3,F,"(0, 5, 9)",I,F,A,F,322.625,163.0
2582,C,F,3,F,"(0, 5, 9)",I,F,A,F,322.75,163.0
2583,C,F,3,F,"(0, 5, 9)",I,F,A,F,322.875,163.0
2584,C,F,4,F,"(0, 5, 9)",I,F,A,F,323.0,163.0
2585,C,F,4,F,"(0, 5, 9)",I,F,A,F,323.125,163.0
2586,C,F,4,F,"(0, 5, 9)",I,F,A,F,323.25,163.0
2587,C,F,4,F,"(0, 5, 9)",I,F,A,F,323.375,163.0
2588,C,F,4,F,"(0, 5, 9)",I,F,A,F,323.5,163.0
2589,C,F,4,F,"(0, 5, 9)",I,F,A,F,323.625,163.0
2590,C,F,4,F,"(0, 5, 9)",I,F,A,F,323.75,163.0
2591,C,F,4,F,"(0, 5, 9)",I,F,A,F,323.875,163.0
2592,G,C,0,F,"(0, 4, 7, 10)",V7,C,E,F,324.0,164.0
2593,G,C,1,F,"(0, 4, 7, 10)",V7,C,E,F,324.125,164.0
2594,G,C,2,F,"(0, 4, 7, 10)",V7,C,E,F,324.25,164.0
2595,G,C,2,F,"(0, 4, 7, 10)",V7,C,E,F,324.375,164.0
2596,G,C,3,F,"(0, 4, 7, 10)",V7,B-,E,F,324.5,164.0
2597,G,C,3,F,"(0, 4, 7, 10)",V7,B-,E,F,324.625,164.0
2598,G,C,3,F,"(0, 4, 7, 10)",V7,B-,E,F,324.75,164.0
2599,G,C,3,F,"(0, 4, 7, 10)",V7,B-,E,F,324.875,164.0
2600,C,F,0,F,"(0, 5, 9)",I,F,A,F,325.0,164.0
2601,C,F,1,F,"(0, 5, 9)",I,F,A,F,325.125,164.0
2602,C,F,4,F,"(0, 5, 9)",I,F,A,F,325.25,164.0
2603,C,F,2,F,"(0, 5, 9)",I,F,A,F,325.375,164.0
2604,C,F,4,F,"(0, 5, 9)",I,F,A,F,325.5,164.0
2605,C,F,4,F,"(0, 5, 9)",I,F,A,F,325.625,164.0
2606,C,F,4,F,"(0, 5, 9)",I,F,A,F,325.75,164.0
2607,C,F,4,F,"(0, 5, 9)",I,F,A,F,325.875,164.0
2608,E,G,0,F,"(4, 7, 10)",V7,E,G,F,326.0,165.0
2609,E,G,1,F,"(4, 7, 10)",V7,E,G,F,326.125,165.0
2610,E,G,2,F,"(4, 7, 10)",V7,E,G,F,326.25,165.0
2611,E,G,2,F,"(4, 7, 10)",V7,E,G,F,326.375,165.0
2612,E,G,3,F,"(4, 7, 10)",V7,E,G,F,326.5,165.0
2613,E,G,3,F,"(4, 7, 10)",V7,E,G,F,326.625,165.0
2614,E,G,3,F,"(4, 7, 10)",V7,E,G,F,326.75,165.0
2615,E,G,3,F,"(4, 7, 10)",V7,E,G,F,326.875,165.0
2616,D,D,0,F,"(2, 5, 7, 11)",V7,F,F,C,327.0,165.0
2617,D,D,1,F,"(2, 5, 7, 11)",V7,F,F,C,327.125,165.0
2618,D,D,2,F,"(2, 5, 7, 11)",V7,F,F,C,327.25,165.0
2619,D,D,2,F,"(2, 5, 7, 11)",V7,F,F,C,327.375,165.0
2620,D,D,3,F,"(2, 5, 7, 11)",V7,B,F,C,327.5,165.0
2621,D,D,3,F,"(2, 5, 7, 11)",V7,B,F,C,327.625,165.0
2622,D,D,3,F,"(2, 5, 7, 11)",V7,B,F,C,327.75,165.0
2623,D,D,3,F,"(2, 5, 7, 11)",V7,B,F,C,327.875,165.0
2624,G,C,0,F,"(0, 4, 7)",V,C,E,C,328.0,166.0
2625,G,C,1,F,"(0, 4, 7)",I,C,E,C,328.125,166.0
2626,G,C,2,F,"(0, 4, 7)",V,C,E,C,328.25,166.0
2627,G,C,2,F,"(0, 4, 7)",V,C,E,C,328.375,166.0
2628,G,C,3,F,"(0, 4, 7)",V,C,E,C,328.5,166.0
2629,G,C,3,F,"(0, 4, 7)",V,C,E,C,328.625,166.0
2630,G,C,3,F,"(0, 4, 7)",V,C,E,C,328.75,166.0
2631,G,C,3,F,"(0, 4, 7)",V,C,E,C,328.875,166.0
2632,G,C,4,F,"(0, 4, 7)",V,C,E,C,329.0,166.0
2633,G,C,4,F,"(0, 4, 7)",V,C,E,C,329.125,166.0
2634,G,C,4,F,"(0, 4, 7)",V,C,E,C,329.25,166.0
2635,G,C,4,F,"(0, 4, 7)",V,C,E,C,329.375,166.0
2636,E,G,0,F,"(0, 4, 7)",V,C,E,C,329.5,166.0
2637,E,G,1,F,"(0, 4, 7)",V,C,E,C,329.625,166.0
2638,E,G,4,F,"(0, 4, 7)",V,C,E,C,329.75,166.0
2639,E,E,4,F,"(0, 4, 7)",V,C,E,C,329.875,166.0
2640,G,C,0,F,"(0, 4, 7)",V,C,E,F,330.0,167.0
2641,G,C,1,F,"(0, 4, 7)",V,C,E,F,330.125,167.0
2642,G,C,2,F,"(0, 4, 7)",V,C,E,F,330.25,167.0
2643,G,C,2,F,"(0, 4, 7)",V,C,E,F,330.375,167.0
2644,G,C,3,F,"(0, 4, 7)",V,C,E,F,330.5,167.0
2645,G,C,3,F,"(0, 4, 7)",V,C,E,F,330.625,167.0
2646,G,C,3,F,"(0, 4, 7)",V,C,E,F,330.75,167.0
2647,G,C,3,F,"(0, 4, 7)",V,C,E,F,330.875,167.0
2648,G,G,0,F,"(0, 4, 7)",V7,G,E,F,331.0,167.0
2649,G,G,4,F,"(0, 4, 7)",V7,G,E,C,331.125,167.0
2650,G,G,2,F,"(0, 4, 7)",V7,G,E,C,331.25,167.0
2651,G,G,2,F,"(0, 4, 7)",V7,G,E,C,331.375,167.0
2652,G,D,0,F,"(2, 5, 7, 11)",V7,B,F,C,331.5,167.0
2653,G,D,1,F,"(2, 5, 7, 11)",V7,B,F,C,331.625,167.0
2654,G,D,2,F,"(2, 5, 7, 11)",V7,B,F,C,331.75,167.0
2655,G,D,2,F,"(2, 5, 7, 11)",V7,B,F,C,331.875,167.0
2656,G,C,0,F,"(0, 4, 7)",I,C,E,C,332.0,168.0
2657,G,C,1,F,"(0, 4, 7)",I,C,E,C,332.125,168.0
2658,G,C,2,F,"(0, 4, 7)",I,C,E,C,332.25,168.0
2659,G,C,2,F,"(0, 4, 7)",I,C,E,C,332.375,168.0
2660,G,C,3,F,"(0, 4, 7)",I,C,E,C,332.5,168.0
2661,G,C,3,F,"(0, 4, 7)",I,C,E,C,332.625,168.0
2662,G,C,3,F,"(0, 4, 7)",I,C,E,C,332.75,168.0
2663,G,C,3,F,"(0, 4, 7)",I,C,E,C,332.875,168.0
2664,G,C,4,F,"(0, 4, 7)",V,C,E,C,333.0,168.0
2665,G,C,4,F,"(0, 4, 7)",V,C,E,C,333.125,168.0
2666,G,C,4,F,"(0, 4, 7)",V,C,E,C,333.25,168.0
2667,G,C,4,F,"(0, 4, 7)",V,C,E,C,333.375,168.0
2668,E,G,0,F,"(0, 4, 7)",V,C,E,C,333.5,168.0
2669,E,G,1,F,"(0, 4, 7)",V,C,E,C,333.625,168.0
2670,E,G,4,F,"(0, 4, 7)",V,C,E,C,333.75,168.0
2671,E,G,4,F,"(0, 4, 7)",V,C,E,C,333.875,168.0
2672,G,C,0,F,"(0, 4, 7)",I,C,E,F,334.0,169.0
2673,G,C,1,F,"(0, 4, 7)",I,C,E,F,334.125,169.0
2674,G,C,2,F,"(0, 4, 7)",I,C,E,F,334.25,169.0
2675,G,C,2,F,"(0, 4, 7)",I,C,E,F,334.375,169.0
2676,G,C,3,F,"(0, 4, 7)",I,C,E,F,334.5,169.0
2677,G,C,3,F,"(0, 4, 7)",I,C,E,F,334.625,169.0
2678,G,C,3,F,"(0, 4, 7)",I,C,E,F,334.75,169.0
2679,G,C,3,F,"(0, 4, 7)",I,C,E,F,334.875,169.0
2680,G,G,0,F,"(0, 4, 7)",V7,C,E,C,335.0,169.0
2681,G,G,1,F,"(0, 4, 7)",V7,G,E,C,335.125,169.0
2682,G,G,2,F,"(0, 4, 7)",V7,G,E,C,335.25,169.0
2683,G,G,2,F,"(0, 4, 7)",V7,G,E,C,335.375,169.0
2684,G,D,0,F,"(2, 5, 7, 11)",V7,B,F,C,335.5,169.0
2685,G,D,1,F,"(2, 5, 7, 11)",V7,B,F,C,335.625,169.0
2686,G,D,2,F,"(2, 5, 7, 11)",V7,B,F,C,335.75,169.0
2687,G,D,2,F,"(2, 5, 7, 11)",V7,B,F,C,335.875,169.0
2688,G,C,0,F,"(0, 4, 7)",I,C,E,F,336.0,170.0
2689,G,C,1,F,"(0, 4, 7)",I,C,E,F,336.125,170.0
2690,G,C,2,F,"(0, 4, 7)",I,C,E,F,336.25,170.0
2691,G,C,2,F,"(0, 4, 7)",I,C,E,F,336.375,170.0
2692,G,C,3,F,"(0, 4, 7)",I,C,E,F,336.5,170.0
2693,G,C,3,F,"(0, 4, 7)",I,C,E,F,336.625,170.0
2694,G,C,3,F,"(0, 4, 7)",I,C,E,F,336.75,170.0
2695,G,C,3,F,"(0, 4, 7)",I,C,E,F,336.875,170.0
2696,G,C,0,F,"(0, 5, 9)",I,F,E,F,337.0,170.0
2697,G,C,1,F,"(0, 5, 9)",I,F,E,F,337.125,170.0
2698,G,C,2,F,"(0, 5, 9)",I,F,E,F,337.25,170.0
2699,G,C,2,F,"(0, 5, 9)",I,F,E,F,337.375,170.0
2700,G,C,3,F,"(0, 5, 9)",I,F,E,F,337.5,170.0
2701,G,C,3,F,"(0, 5, 9)",I,F,E,F,337.625,170.0
2702,G,C,3,F,"(0, 5, 9)",I,F,E,F,337.75,170.0
2703,G,C,3,F,"(0, 5, 9)",I,F,E,F,337.875,170.0
2704,F,A,0,F,"(0, 5, 9)",I,F,C,F,338.0,171.0
2705,F,A,1,F,"(0, 5, 9)",I,F,C,F,338.125,171.0
2706,F,A,2,F,"(0, 5, 9)",I,F,C,F,338.25,171.0
2707,F,A,2,F,"(0, 5, 9)",I,F,C,F,338.375,171.0
2708,F,A,3,F,"(0, 5, 9)",I,F,C,F,338.5,171.0
2709,F,A,3,F,"(0, 5, 9)",I,F,C,F,338.625,171.0
2710,F,A,3,F,"(0, 5, 9)",I,F,C,F,338.75,171.0
2711,F,A,3,F,"(0, 5, 9)",I,F,C,F,338.875,171.0
2712,C,F,4,F,"(0, 5, 9)",I,F,A,F,339.0,171.0
2713,C,F,1,F,"(0, 5, 9)",I,F,A,F,339.125,171.0
2714,C,F,4,F,"(0, 5, 9)",I,F,A,F,339.25,171.0
2715,C,F,4,F,"(0, 5, 9)",I,F,A,F,339.375,171.0
2716,C,F,4,F,"(0, 5, 9)",I,F,A,F,339.5,171.0
2717,C,F,4,F,"(0, 5, 9)",I,F,A,F,339.625,171.0
2718,C,F,4,F,"(0, 5, 9)",I,F,A,F,339.75,171.0
2719,C,F,4,F,"(0, 5, 9)",I,F,A,F,339.875,171.0
2720,C,E,0,F,"(0, 4, 7, 10)",V7,C,G,F,340.0,172.0
2721,C,E,1,F,"(0, 4, 7, 10)",V7,C,G,F,340.125,172.0
2722,C,E,2,F,"(0, 4, 7, 10)",V7,C,G,F,340.25,172.0
2723,C,E,2,F,"(0, 4, 7, 10)",V7,C,G,F,340.375,172.0
2724,C,E,3,F,"(0, 4, 7, 10)",V7,C,G,F,340.5,172.0
2725,C,E,3,F,"(0, 4, 7, 10)",V7,C,G,F,340.625,172.0
2726,C,E,3,F,"(0, 4, 7, 10)",V7,C,G,F,340.75,172.0
2727,C,E,3,F,"(0, 4, 7, 10)",V7,C,G,F,340.875,172.0
2728,C,F,0,F,"(0, 5, 9)",I,F,A,F,341.0,172.0
2729,C,F,1,F,"(0, 5, 9)",I,F,A,F,341.125,172.0
2730,C,F,2,F,"(0, 5, 9)",I,F,A,F,341.25,172.0
2731,C,F,2,F,"(0, 5, 9)",I,F,A,F,341.375,172.0
2732,C,F,3,F,"(0, 5, 9)",I,F,A,F,341.5,172.0
2733,C,F,3,F,"(0, 5, 9)",I,F,A,F,341.625,172.0
2734,C,F,3,F,"(0, 5, 9)",I,F,A,F,341.75,172.0
2735,C,F,3,F,"(0, 5, 9)",I,F,A,F,341.875,172.0
2736,G,C,0,F,"(0, 4, 7, 10)",V7,B-,E,F,342.0,173.0
2737,G,C,1,F,"(0, 4, 7, 10)",V7,B-,E,F,342.125,173.0
2738,G,C,2,F,"(0, 4, 7, 10)",V7,B-,E,F,342.25,173.0
2739,G,C,2,F,"(0, 4, 7, 10)",V7,B-,E,F,342.375,173.0
2740,G,C,3,F,"(0, 4, 7, 10)",I,B-,E,F,342.5,173.0
2741,G,C,3,F,"(0, 4, 7, 10)",I,B-,E,F,342.625,173.0
2742,G,C,3,F,"(0, 4, 7, 10)",I,B-,E,F,342.75,173.0
2743,G,C,3,F,"(0, 4, 7, 10)",I,B-,E,F,342.875,173.0
2744,G,C,0,F,"(0, 4, 7, 10)",V7,B-,E,F,343.0,173.0
2745,G,C,1,F,"(0, 4, 7, 10)",V7,B-,E,F,343.125,173.0
2746,G,C,2,F,"(0, 4, 7, 10)",V7,B-,E,F,343.25,173.0
2747,G,C,2,F,"(0, 4, 7, 10)",V7,B-,E,F,343.375,173.0
2748,A,C,0,F,"(0, 5, 9)",I,F,F,F,343.5,173.0
2749,A,C,1,F,"(0, 5, 9)",I,F,F,F,343.625,173.0
2750,A,C,2,F,"(0, 5, 9)",I,F,F,F,343.75,173.0
2751,A,C,2,F,"(0, 5, 9)",I,F,F,F,343.875,173.0
2752,G,C,0,F,"(0, 4, 7)",V7,C,E,F,344.0,174.0
2753,G,C,1,F,"(0, 4, 7)",V7,C,E,F,344.125,174.0
2754,G,C,2,F,"(0, 4, 7)",V7,C,E,F,344.25,174.0
2755,G,C,2,F,"(0, 4, 7)",V7,C,E,F,344.375,174.0
2756,G,C,3,F,"(0, 4, 7)",V7,C,E,F,344.5,174.0
2757,G,C,3,F,"(0, 4, 7)",V7,C,E,F,344.625,174.0
2758,G,C,3,F,"(0, 4, 7)",V7,C,E,F,344.75,174.0
2759,G,C,3,F,"(0, 4, 7)",V7,C,E,F,344.875,174.0
2760,A,C,0,F,"(0, 5, 9)",I,B-,E,F,345.0,174.0
2761,A,C,1,F,"(0, 5, 9)",I,B-,E,F,345.125,174.0
2762,A,C,2,F,"(0, 5, 9)",I,B-,E,F,345.25,174.0
2763,A,C,2,F,"(0, 5, 9)",I,B-,E,F,345.375,174.0
2764,G,C,3,F,"(0, 5, 9)",I,B-,E,F,345.5,174.0
2765,G,C,3,F,"(0, 5, 9)",I,B-,E,F,345.625,174.0
2766,G,C,3,F,"(0, 5, 9)",I,B-,E,F,345.75,174.0
2767,G,C,3,F,"(0, 5, 9)",I,B-,E,F,345.875,174.0
2768,F,A,0,F,"(0, 5, 9)",I,F,C,F,346.0,175.0
2769,F,A,1,F,"(0, 5, 9)",I,F,C,F,346.125,175.0
2770,F,A,2,F,"(0, 5, 9)",I,F,C,F,346.25,175.0
2771,F,A,2,F,"(0, 5, 9)",I,F,C,F,346.375,175.0
2772,F,A,3,F,"(0, 5, 9)",I,F,C,F,346.5,175.0
2773,F,A,3,F,"(0, 5, 9)",I,F,C,F,346.625,175.0
2774,F,A,3,F,"(0, 5, 9)",I,F,C,F,346.75,175.0
2775,F,A,3,F,"(0, 5, 9)",I,F,C,F,346.875,175.0
2776,C,F,4,F,"(0, 5, 9)",I,F,A,F,347.0,175.0
2777,C,F,4,F,"(0, 5, 9)",I,F,A,F,347.125,175.0
2778,C,F,4,F,"(0, 5, 9)",I,F,A,F,347.25,175.0
2779,C,F,4,F,"(0, 5, 9)",I,F,A,F,347.375,175.0
2780,C,F,4,F,"(0, 5, 9)",I,F,A,F,347.5,175.0
2781,C,F,4,F,"(0, 5, 9)",I,F,A,F,347.625,175.0
2782,C,F,4,F,"(0, 5, 9)",I,F,A,F,347.75,175.0
2783,C,F,4,F,"(0, 5, 9)",I,F,A,F,347.875,175.0
2784,B-,E,0,F,"(0, 4, 7, 10)",V7,C,G,F,348.0,176.0
2785,B-,E,1,F,"(0, 4, 7, 10)",V7,C,G,F,348.125,176.0
2786,B-,E,2,F,"(0, 4, 7, 10)",V7,C,G,F,348.25,176.0
2787,B-,E,2,F,"(0, 4, 7, 10)",V7,C,G,F,348.375,176.0
2788,B-,E,3,F,"(0, 4, 7, 10)",V7,C,G,F,348.5,176.0
2789,B-,E,3,F,"(0, 4, 7, 10)",V7,C,G,F,348.625,176.0
2790,B-,E,3,F,"(0, 4, 7, 10)",V7,C,G,F,348.75,176.0
2791,B-,E,3,F,"(0, 4, 7, 10)",V7,C,G,F,348.875,176.0
2792,C,F,0,F,"(0, 5, 9)",I,F,A,F,349.0,176.0
2793,C,F,1,F,"(0, 5, 9)",I,F,A,F,349.125,176.0
2794,C,F,2,F,"(0, 5, 9)",I,F,A,F,349.25,176.0
2795,C,F,2,F,"(0, 5, 9)",I,F,A,F,349.375,176.0
2796,C,F,3,F,"(0, 5, 9)",I,F,A,F,349.5,176.0
2797,C,F,3,F,"(0, 5, 9)",I,F,A,F,349.625,176.0
2798,C,F,3,F,"(0, 5, 9)",I,F,A,F,349.75,176.0
2799,C,F,3,F,"(0, 5, 9)",I,F,A,F,349.875,176.0
2800,A,D,0,F,"(2, 5, 9)",vi,D,F,F,350.0,177.0
2801,A,D,1,F,"(2, 5, 9)",vi,D,F,F,350.125,177.0
2802,A,D,2,F,"(2, 5, 9)",vi,D,F,F,350.25,177.0
2803,A,D,2,F,"(2, 5, 9)",vi,D,F,F,350.375,177.0
2804,A,D,3,F,"(2, 5, 9)",vi,D,F,F,350.5,177.0
2805,A,D,3,F,"(2, 5, 9)",vi,D,F,F,350.625,177.0
2806,A,D,3,F,"(2, 5, 9)",vi,D,F,F,350.75,177.0
2807,A,D,3,F,"(2, 5, 9)",vi,D,F,F,350.875,177.0
2808,D,G,0,F,"(2, 5, 7, 11)",V7,F,B,C,351.0,177.0
2809,D,G,1,F,"(2, 5, 7, 11)",V7,F,B,C,351.125,177.0
2810,D,G,2,F,"(2, 5, 7, 11)",V7,F,B,C,351.25,177.0
2811,D,G,2,F,"(2, 5, 7, 11)",V7,F,B,C,351.375,177.0
2812,D,G,3,F,"(2, 5, 7, 11)",V7,F,B,C,351.5,177.0
2813,D,G,3,F,"(2, 5, 7, 11)",V7,F,B,C,351.625,177.0
2814,D,G,3,F,"(2, 5, 7, 11)",V7,F,B,C,351.75,177.0
2815,D,G,3,F,"(2, 5, 7, 11)",V7,F,B,C,351.875,177.0
2816,G,C,0,F,"(0, 4, 7)",V,C,E,F,352.0,178.0
2817,G,C,1,F,"(0, 4, 7)",V,C,E,F,352.125,178.0
2818,G,C,2,F,"(0, 4, 7)",V,C,E,F,352.25,178.0
2819,G,C,2,F,"(0, 4, 7)",V,C,E,F,352.375,178.0
2820,G,C,3,F,"(0, 4, 7)",V,C,E,F,352.5,178.0
2821,G,C,3,F,"(0, 4, 7)",V,C,E,F,352.625,178.0
2822,G,C,3,F,"(0, 4, 7)",V,C,E,F,352.75,178.0
2823,G,C,3,F,"(0, 4, 7)",V,C,E,F,352.875,178.0
2824,G,C,4,F,"(0, 4, 7)",V,C,E,F,353.0,178.0
2825,G,C,4,F,"(0, 4, 7)",V,C,E,F,353.125,178.0
2826,G,C,4,F,"(0, 4, 7)",V,C,E,F,353.25,178.0
2827,G,C,4,F,"(0, 4, 7)",V,C,E,F,353.375,178.0
2828,G,C,4,F,"(0, 4, 7)",V,C,E,C,353.5,178.0
2829,G,C,4,F,"(0, 4, 7)",V,C,E,C,353.625,178.0
2830,G,C,4,F,"(0, 4, 7)",V,C,E,C,353.75,178.0
2831,G,C,4,F,"(0, 4, 7)",V,C,E,C,353.875,178.0
2832,D,G,0,F,"(0, 4, 7)",V7,F,B,C,354.0,179.0
2833,D,G,1,F,"(0, 4, 7)",V7,F,B,C,354.125,179.0
2834,D,G,2,F,"(0, 4, 7)",V7,F,B,C,354.25,179.0
2835,D,G,2,F,"(0, 4, 7)",V7,F,B,C,354.375,179.0
2836,D,G,3,F,"(0, 4, 7)",V7,F,B,C,354.5,179.0
2837,D,G,3,F,"(0, 4, 7)",V7,F,B,C,354.625,179.0
2838,D,G,3,F,"(0, 4, 7)",V7,F,B,C,354.75,179.0
2839,D,G,3,F,"(0, 4, 7)",V7,F,B,C,354.875,179.0
2840,D,G,0,F,"(2, 5, 7, 11)",V7,F,B,C,355.0,179.0
2841,D,G,4,F,"(2, 5, 7, 11)",V7,F,B,C,355.125,179.0
2842,D,G,4,F,"(2, 5, 7, 11)",V7,F,B,C,355.25,179.0
2843,D,G,4,F,"(2, 5, 7, 11)",V7,F,B,C,355.375,179.0
2844,D,G,4,F,"(2, 5, 7, 11)",V7,F,B,C,355.5,179.0
2845,D,G,4,F,"(2, 5, 7, 11)",V7,F,B,C,355.625,179.0
2846,D,G,4,F,"(2, 5, 7, 11)",V,F,B,C,355.75,179.0
2847,D,G,4,F,"(2, 5, 7, 11)",V7,F,B,C,355.875,179.0
2848,G,C,0,F,"(0, 4, 7)",V,C,E,C,356.0,180.0
2849,G,C,1,F,"(0, 4, 7)",V,C,E,C,356.125,180.0
2850,G,C,2,F,"(0, 4, 7)",V,C,E,C,356.25,180.0
2851,G,C,2,F,"(0, 4, 7)",V,C,E,C,356.375,180.0
2852,G,C,3,F,"(0, 4, 7)",V,C,E,F,356.5,180.0
2853,G,C,3,F,"(0, 4, 7)",V,C,E,C,356.625,180.0
2854,G,C,3,F,"(0, 4, 7)",V,C,E,C,356.75,180.0
2855,G,C,3,F,"(0, 4, 7)",V,C,E,C,356.875,180.0
2856,G,C,4,F,"(0, 4, 7)",V,C,E,C,357.0,180.0
2857,G,C,4,F,"(0, 4, 7)",V,C,E,C,357.125,180.0
2858,G,C,4,F,"(0, 4, 7)",V,C,E,C,357.25,180.0
2859,G,C,4,F,"(0, 4, 7)",V,C,E,C,357.375,180.0
2860,G,C,4,F,"(0, 4, 7)",V,C,E,C,357.5,180.0
2861,G,C,4,F,"(0, 4, 7)",V,C,E,C,357.625,180.0
2862,G,C,4,F,"(0, 4, 7)",V,C,E,C,357.75,180.0
2863,G,C,4,F,"(0, 4, 7)",V,C,E,C,357.875,180.0
2864,D,G,0,F,"(2, 5, 7, 11)",V7,F,B,C,358.0,181.0
2865,D,G,1,F,"(2, 5, 7, 11)",V7,F,B,C,358.125,181.0
2866,D,G,2,F,"(2, 5, 7, 11)",V7,F,B,C,358.25,181.0
2867,D,G,2,F,"(2, 5, 7, 11)",V7,F,B,C,358.375,181.0
2868,D,G,3,F,"(2, 5, 7, 11)",V7,F,B,C,358.5,181.0
2869,D,G,3,F,"(2, 5, 7, 11)",V7,F,B,C,358.625,181.0
2870,D,G,3,F,"(2, 5, 7, 11)",V7,F,B,C,358.75,181.0
2871,D,G,3,F,"(2, 5, 7, 11)",V7,F,B,C,358.875,181.0
2872,D,G,4,F,"(2, 5, 7, 11)",V7,F,B,C,359.0,181.0
2873,D,G,4,F,"(2, 5, 7, 11)",V7,F,B,C,359.125,181.0
2874,D,G,4,F,"(2, 5, 7, 11)",V7,F,B,C,359.25,181.0
2875,D,G,4,F,"(2, 5, 7, 11)",V7,F,B,C,359.375,181.0
2876,D,G,4,F,"(2, 5, 7, 11)",V7,F,B,C,359.5,181.0
2877,D,G,4,F,"(2, 5, 7, 11)",V7,F,B,C,359.625,181.0
2878,D,G,4,F,"(2, 5, 7, 11)",V7,F,B,C,359.75,181.0
2879,D,G,4,F,"(2, 5, 7, 11)",V7,F,B,C,359.875,181.0
2880,G,C,0,F,"(0, 4, 7)",I,C,E,C,360.0,182.0
2881,G,C,1,F,"(0, 4, 7)",I,C,E,F,360.125,182.0
2882,G,C,2,F,"(0, 4, 7)",I,C,E,F,360.25,182.0
2883,G,C,2,F,"(0, 4, 7)",I,C,E,C,360.375,182.0
2884,G,C,3,F,"(0, 4, 7)",I,C,E,F,360.5,182.0
2885,G,C,3,F,"(0, 4, 7)",I,C,E,F,360.625,182.0
2886,G,C,3,F,"(0, 4, 7)",I,C,E,F,360.75,182.0
2887,G,C,3,F,"(0, 4, 7)",I,C,E,F,360.875,182.0
2888,G,C,4,F,"(0, 4, 7)",I,C,E,F,361.0,182.0
2889,G,C,4,F,"(0, 4, 7)",I,C,E,F,361.125,182.0
2890,G,C,4,F,"(0, 4, 7)",I,C,E,F,361.25,182.0
2891,G,C,4,F,"(0, 4, 7)",I,C,E,F,361.375,182.0
2892,G,C,4,F,"(0, 4, 7)",I,C,E,F,361.5,182.0
2893,G,C,4,F,"(0, 4, 7)",I,C,E,F,361.625,182.0
2894,G,C,4,F,"(0, 4, 7)",I,C,E,F,361.75,182.0
2895,G,C,4,F,"(0, 4, 7)",I,C,E,F,361.875,182.0
2896,A,D,0,F,"(0, 2, 6, 9)",V7,C,F#,g,362.0,183.0
2897,A,D,1,F,"(0, 2, 6, 9)",V7,C,F#,g,362.125,183.0
2898,A,D,2,F,"(0, 2, 6, 9)",V7,C,F#,g,362.25,183.0
2899,A,D,2,F,"(0, 2, 6, 9)",V7,C,F#,g,362.375,183.0
2900,A,D,3,F,"(0, 2, 6, 9)",V7,C,F#,g,362.5,183.0
2901,A,D,3,F,"(0, 2, 6, 9)",V7,C,F#,g,362.625,183.0
2902,A,D,3,F,"(0, 2, 6, 9)",V7,C,F#,g,362.75,183.0
2903,A,D,3,F,"(0, 2, 6, 9)",V7,C,F#,g,362.875,183.0
2904,D,D,4,F,"(2, 7, 10)",V,D,F#,F,363.0,183.0
2905,D,D,4,F,"(2, 7, 10)",V,D,F#,F,363.125,183.0
2906,D,D,4,F,"(2, 7, 10)",V,D,F#,F,363.25,183.0
2907,D,D,4,F,"(2, 7, 10)",V,D,F#,F,363.375,183.0
2908,A,D,4,F,"(2, 6, 9)",V,D,F#,F,363.5,183.0
2909,A,D,4,F,"(2, 6, 9)",V,D,F#,F,363.625,183.0
2910,A,D,4,F,"(2, 6, 9)",V,D,F#,F,363.75,183.0
2911,A,D,4,F,"(2, 6, 9)",V,D,F#,F,363.875,183.0
2912,D,G,0,F,"(2, 7, 10)",ii,B-,B-,F,364.0,184.0
2913,D,G,1,F,"(2, 7, 10)",ii,B-,B-,F,364.125,184.0
2914,D,G,2,F,"(2, 7, 10)",ii,F,B-,F,364.25,184.0
2915,D,G,2,F,"(2, 7, 10)",ii,F,B-,F,364.375,184.0
2916,D,G,3,F,"(2, 7, 10)",ii,F,B-,F,364.5,184.0
2917,D,G,3,F,"(2, 7, 10)",ii,F,B-,F,364.625,184.0
2918,D,G,3,F,"(2, 7, 10)",ii,F,B-,F,364.75,184.0
2919,D,G,3,F,"(2, 7, 10)",ii,F,B-,F,364.875,184.0
2920,B-,G,4,F,"(4, 7, 10)",V7,B-,B-,F,365.0,184.0
2921,B-,G,4,F,"(4, 7, 10)",V7,B-,B-,F,365.125,184.0
2922,B-,G,4,F,"(4, 7, 10)",V7,B-,E,F,365.25,184.0
2923,B-,G,4,F,"(4, 7, 10)",V7,B-,E,F,365.375,184.0
2924,B-,D,4,F,"(2, 7, 10)",V7,B-,F,F,365.5,184.0
2925,B-,D,4,F,"(2, 7, 10)",V7,B-,F,F,365.625,184.0
2926,B-,D,4,F,"(2, 7, 10)",V7,B-,F,F,365.75,184.0
2927,B-,D,4,F,"(2, 7, 10)",V7,B-,F,F,365.875,184.0
2928,G,C,0,F,"(0, 4, 7, 10)",V7,C,E,F,366.0,185.0
2929,G,C,1,F,"(0, 4, 7, 10)",V7,C,E,F,366.125,185.0
2930,G,C,2,F,"(0, 4, 7, 10)",V7,C,E,F,366.25,185.0
2931,G,C,2,F,"(0, 4, 7, 10)",V7,C,E,F,366.375,185.0
2932,G,C,3,F,"(0, 4, 7, 10)",V7,C,E,F,366.5,185.0
2933,G,C,3,F,"(0, 4, 7, 10)",V7,C,E,F,366.625,185.0
2934,G,C,3,F,"(0, 4, 7, 10)",V7,C,E,F,366.75,185.0
2935,G,C,3,F,"(0, 4, 7, 10)",V7,C,E,F,366.875,185.0
2936,G,C,0,F,"(0, 4, 7)",I,C,E,F,367.0,185.0
2937,G,C,4,F,"(0, 4, 7)",I,C,E,F,367.125,185.0
2938,G,C,4,F,"(0, 4, 7)",I,C,E,F,367.25,185.0
2939,G,C,4,F,"(0, 4, 7)",I,C,E,F,367.375,185.0
2940,G,C,0,F,"(0, 4, 7)",V7,C,E,F,367.5,185.0
2941,G,C,1,F,"(0, 4, 7)",V7,C,E,F,367.625,185.0
2942,G,C,2,F,"(0, 4, 7)",V7,C,E,F,367.75,185.0
2943,G,C,4,F,"(0, 4, 7)",V7,C,E,F,367.875,185.0
2944,C,F,0,F,"(0, 5, 9)",I,F,A,F,368.0,186.0
2945,C,F,1,F,"(0, 5, 9)",I,F,A,F,368.125,186.0
2946,C,F,2,F,"(0, 5, 9)",I,F,A,F,368.25,186.0
2947,C,F,2,F,"(0, 5, 9)",I,F,A,F,368.375,186.0
2948,C,F,3,F,"(0, 5, 9)",I,F,A,F,368.5,186.0
2949,C,F,3,F,"(0, 5, 9)",I,F,A,F,368.625,186.0
2950,C,F,3,F,"(0, 5, 9)",I,F,A,F,368.75,186.0
2951,C,F,3,F,"(0, 5, 9)",I,F,A,F,368.875,186.0
2952,G,C,0,F,"(0, 4, 7, 10)",V7,B-,E,F,369.0,186.0
2953,G,C,1,F,"(0, 4, 7, 10)",V7,B-,E,F,369.125,186.0
2954,G,C,2,F,"(0, 4, 7, 10)",V7,B-,E,F,369.25,186.0
2955,G,C,2,F,"(0, 4, 7, 10)",V7,B-,E,F,369.375,186.0
2956,E,B-,0,F,"(0, 4, 7, 10)",V7,G,E,F,369.5,186.0
2957,E,B-,4,F,"(0, 4, 7, 10)",V7,G,E,F,369.625,186.0
2958,E,B-,4,F,"(0, 4, 7, 10)",V7,G,E,F,369.75,186.0
2959,E,B-,4,F,"(0, 4, 7, 10)",V7,G,E,F,369.875,186.0
2960,F,A,0,F,"(0, 5, 9)",I,F,C,F,370.0,187.0
2961,F,A,1,F,"(0, 5, 9)",I,F,C,F,370.125,187.0
2962,F,A,2,F,"(0, 5, 9)",I,F,C,F,370.25,187.0
2963,F,A,2,F,"(0, 5, 9)",I,F,C,F,370.375,187.0
2964,F,A,3,F,"(0, 5, 9)",I,F,C,F,370.5,187.0
2965,F,A,3,F,"(0, 5, 9)",I,F,C,F,370.625,187.0
2966,F,A,3,F,"(0, 5, 9)",I,F,C,F,370.75,187.0
2967,F,A,3,F,"(0, 5, 9)",I,F,C,F,370.875,187.0
2968,F,A,4,F,"(0, 5, 9)",I,F,C,F,371.0,187.0
2969,F,A,4,F,"(0, 5, 9)",I,F,C,F,371.125,187.0
2970,F,A,4,F,"(0, 5, 9)",I,F,C,F,371.25,187.0
2971,F,A,4,F,"(0, 5, 9)",I,F,C,F,371.375,187.0
2972,C,F,4,F,"(0, 5, 9)",I,F,A,F,371.5,187.0
2973,C,F,4,F,"(0, 5, 9)",I,F,A,F,371.625,187.0
2974,C,F,4,F,"(0, 5, 9)",I,F,A,F,371.75,187.0
2975,C,F,4,F,"(0, 5, 9)",I,F,A,F,371.875,187.0
2976,C,E,0,F,"(0, 4, 7, 10)",I,C,G,F,372.0,188.0
2977,C,E,1,F,"(0, 4, 7, 10)",I,C,G,F,372.125,188.0
2978,C,E,2,F,"(0, 4, 7, 10)",I,C,G,F,372.25,188.0
2979,C,E,2,F,"(0, 4, 7, 10)",I,C,G,F,372.375,188.0
2980,C,E,3,F,"(0, 4, 7, 10)",I,C,G,F,372.5,188.0
2981,C,C,3,F,"(0, 4, 7, 10)",I,C,G,F,372.625,188.0
2982,C,C,3,F,"(0, 4, 7, 10)",I,C,G,F,372.75,188.0
2983,C,C,3,F,"(0, 4, 7, 10)",I,C,G,F,372.875,188.0
2984,C,F,0,F,"(0, 5, 9)",I,D,A,F,373.0,188.0
2985,C,F,1,F,"(0, 5, 9)",I,D,A,F,373.125,188.0
2986,C,F,2,F,"(0, 5, 9)",I,D,A,F,373.25,188.0
2987,C,F,2,F,"(0, 5, 9)",I,D,A,F,373.375,188.0
2988,A,D,3,F,"(2, 5, 9)",IV,D,F,F,373.5,188.0
2989,A,D,3,F,"(2, 5, 9)",IV,D,F,F,373.625,188.0
2990,A,D,3,F,"(2, 5, 9)",IV,D,F,F,373.75,188.0
2991,A,D,3,F,"(2, 5, 9)",IV,D,F,F,373.875,188.0
2992,F,B-,0,F,"(2, 5, 10)",IV,G,D,F,374.0,189.0
2993,F,B-,1,F,"(2, 5, 10)",ii,G,D,F,374.125,189.0
2994,F,B-,2,F,"(2, 5, 10)",ii,G,D,F,374.25,189.0
2995,F,B-,2,F,"(2, 5, 10)",ii,G,D,F,374.375,189.0
2996,F,B-,3,F,"(2, 5, 10)",ii,G,D,F,374.5,189.0
2997,F,B-,3,F,"(2, 5, 10)",ii,G,D,F,374.625,189.0
2998,F,B-,3,F,"(2, 5, 10)",ii,G,D,F,374.75,189.0
2999,F,B-,3,F,"(2, 5, 10)",ii,G,D,F,374.875,189.0
3000,G,C,0,F,"(0, 4, 7)",V,C,E,F,375.0,189.0
3001,G,C,1,F,"(0, 4, 7)",V,C,E,F,375.125,189.0
3002,G,C,2,F,"(0, 4, 7)",V,C,E,F,375.25,189.0
3003,G,C,2,F,"(0, 4, 7)",V,C,E,F,375.375,189.0
3004,G,C,3,F,"(0, 4, 7)",V,C,E,F,375.5,189.0
3005,G,C,3,F,"(0, 4, 7)",V,C,E,F,375.625,189.0
3006,G,C,3,F,"(0, 4, 7)",V,C,E,F,375.75,189.0
3007,G,C,3,F,"(0, 4, 7)",V,C,E,F,375.875,189.0
3008,C,F,0,F,"(0, 5, 9)",I,F,A,F,376.0,190.0
3009,C,F,1,F,"(0, 5, 9)",I,F,A,F,376.125,190.0
3010,C,F,2,F,"(0, 5, 9)",I,F,A,F,376.25,190.0
3011,C,F,2,F,"(0, 5, 9)",I,F,A,F,376.375,190.0
3012,C,F,3,F,"(0, 5, 9)",I,F,A,F,376.5,190.0
3013,C,F,3,F,"(0, 5, 9)",I,F,A,F,376.625,190.0
3014,C,F,3,F,"(0, 5, 9)",I,F,A,F,376.75,190.0
3015,C,F,3,F,"(0, 5, 9)",I,F,A,F,376.875,190.0
3016,C,F,4,F,"(0, 5, 9)",I,F,A,F,377.0,190.0
3017,C,F,4,F,"(0, 5, 9)",I,F,A,F,377.125,190.0
3018,C,F,4,F,"(0, 5, 9)",I,F,A,F,377.25,190.0
3019,C,F,4,F,"(0, 5, 9)",I,F,A,F,377.375,190.0
3020,C,F,4,F,"(0, 5, 9)",I,F,A,F,377.5,190.0
3021,C,F,4,F,"(0, 5, 9)",I,F,A,F,377.625,190.0
3022,C,F,4,F,"(0, 5, 9)",I,F,A,F,377.75,190.0
3023,C,F,4,F,"(0, 5, 9)",I,F,A,F,377.875,190.0
3024,C,G,0,F,"(0, 4, 7, 10)",V7,E,B-,F,378.0,191.0
3025,C,G,1,F,"(0, 4, 7, 10)",V7,E,B-,F,378.125,191.0
3026,C,G,2,F,"(0, 4, 7, 10)",V7,E,B-,F,378.25,191.0
3027,C,G,2,F,"(0, 4, 7, 10)",V7,E,B-,F,378.375,191.0
3028,C,G,3,F,"(0, 4, 7, 10)",V7,E,B-,F,378.5,191.0
3029,C,G,3,F,"(0, 4, 7, 10)",V7,E,B-,F,378.625,191.0
3030,C,G,3,F,"(0, 4, 7, 10)",V7,E,B-,F,378.75,191.0
3031,C,G,3,F,"(0, 4, 7, 10)",V7,E,B-,F,378.875,191.0
3032,G,G,4,F,"(0, 4, 7, 10)",V7,B-,B-,F,379.0,191.0
3033,G,G,4,F,"(0, 4, 7, 10)",V7,B-,B-,F,379.125,191.0
3034,G,G,4,F,"(0, 4, 7, 10)",V7,B-,B-,F,379.25,191.0
3035,G,G,4,F,"(0, 4, 7, 10)",V7,B-,B-,F,379.375,191.0
3036,G,G,4,F,"(0, 4, 7, 10)",V7,B-,E,F,379.5,191.0
3037,G,G,4,F,"(0, 4, 7, 10)",V7,B-,E,F,379.625,191.0
3038,G,G,4,F,"(0, 4, 7, 10)",V7,B-,E,F,379.75,191.0
3039,G,G,4,F,"(0, 4, 7, 10)",V7,C,E,F,379.875,191.0
3040,C,F,0,F,"(0, 5, 9)",I,F,A,F,380.0,192.0
3041,C,F,1,F,"(0, 5, 9)",I,F,A,F,380.125,192.0
3042,C,F,2,F,"(0, 5, 9)",I,F,A,F,380.25,192.0
3043,C,F,2,F,"(0, 5, 9)",I,F,A,F,380.375,192.0
3044,C,F,3,F,"(0, 5, 9)",I,F,A,F,380.5,192.0
3045,C,F,3,F,"(0, 5, 9)",I,F,A,F,380.625,192.0
3046,C,F,3,F,"(0, 5, 9)",I,F,A,F,380.75,192.0
3047,C,F,3,F,"(0, 5, 9)",I,F,A,F,380.875,192.0
3048,C,F,0,F,"(0, 5, 9)",I,F,A,F,381.0,192.0
3049,C,F,1,F,"(0, 5, 9)",I,F,A,F,381.125,192.0
3050,C,F,2,F,"(0, 5, 9)",I,F,A,F,381.25,192.0
3051,C,F,2,F,"(0, 5, 9)",I,F,A,F,381.375,192.0
3052,C,F,0,F,"(0, 5, 9)",I,F,A,F,381.5,192.0
3053,C,F,1,F,"(0, 5, 9)",I,F,A,F,381.625,192.0
3054,C,F,2,F,"(0, 5, 9)",I,F,A,F,381.75,192.0
3055,C,F,2,F,"(0, 5, 9)",I,F,A,F,381.875,192.0
3056,E,G,0,F,"(0, 4, 7)",V,C,C,F,382.0,193.0
3057,E,G,1,F,"(0, 4, 7)",V,C,C,F,382.125,193.0
3058,E,G,2,F,"(0, 4, 7)",V,C,C,F,382.25,193.0
3059,E,G,2,F,"(0, 4, 7)",V,C,C,F,382.375,193.0
3060,E,G,3,F,"(0, 4, 7)",V,C,C,F,382.5,193.0
3061,E,G,3,F,"(0, 4, 7)",V,C,C,F,382.625,193.0
3062,E,G,3,F,"(0, 4, 7)",V,C,C,F,382.75,193.0
3063,E,G,3,F,"(0, 4, 7)",V,C,C,F,382.875,193.0
3064,E,G,4,F,"(0, 4, 7)",V,C,C,F,383.0,193.0
3065,E,G,4,F,"(0, 4, 7)",V,C,C,F,383.125,193.0
3066,E,G,4,F,"(0, 4, 7)",V,C,C,F,383.25,193.0
3067,E,G,4,F,"(0, 4, 7)",V,C,C,F,383.375,193.0
3068,E,G,4,F,"(0, 4, 7)",V,C,C,F,383.5,193.0
3069,E,G,4,F,"(0, 4, 7)",V,C,C,F,383.625,193.0
3070,E,G,4,F,"(0, 4, 7)",V,C,C,F,383.75,193.0
3071,E,G,4,F,"(0, 4, 7)",V,C,C,F,383.875,193.0
3072,F,A,0,F,"(0, 5, 9)",I,F,C,F,384.0,194.0
3073,F,A,1,F,"(0, 5, 9)",I,F,C,F,384.125,194.0
3074,F,A,2,F,"(0, 5, 9)",I,F,C,F,384.25,194.0
3075,F,A,2,F,"(0, 5, 9)",I,F,C,F,384.375,194.0
3076,F,A,3,F,"(0, 5, 9)",I,F,C,F,384.5,194.0
3077,F,A,3,F,"(0, 5, 9)",I,F,C,F,384.625,194.0
3078,F,A,3,F,"(0, 5, 9)",I,F,C,F,384.75,194.0
3079,F,A,3,F,"(0, 5, 9)",I,F,C,F,384.875,194.0
3080,F,A,0,F,"(0, 5, 9)",I,F,C,F,385.0,194.0
3081,F,A,1,F,"(0, 5, 9)",I,F,C,F,385.125,194.0
3082,F,A,2,F,"(0, 5, 9)",I,F,C,F,385.25,194.0
3083,F,A,2,F,"(0, 5, 9)",I,F,C,F,385.375,194.0
3084,F,A,4,F,"(0, 5, 9)",I,F,C,F,385.5,194.0
3085,F,A,4,F,"(0, 5, 9)",I,F,C,F,385.625,194.0
3086,F,A,4,F,"(0, 5, 9)",I,F,C,F,385.75,194.0
3087,F,A,4,F,"(0, 5, 9)",I,F,C,F,385.875,194.0
3088,G,B-,0,F,"(0, 4, 7, 10)",V7,G,C,F,386.0,195.0
3089,G,B-,1,F,"(0, 4, 7, 10)",V7,G,E,F,386.125,195.0
3090,G,B-,2,F,"(0, 4, 7, 10)",V7,G,E,F,386.25,195.0
3091,G,B-,2,F,"(0, 4, 7, 10)",V7,G,E,F,386.375,195.0
3092,E,B-,3,F,"(0, 4, 7, 10)",V7,G,E,F,386.5,195.0
3093,E,B-,3,F,"(0, 4, 7, 10)",V7,G,E,F,386.625,195.0
3094,E,B-,3,F,"(0, 4, 7, 10)",V7,G,E,F,386.75,195.0
3095,E,B-,3,F,"(0, 4, 7, 10)",V7,G,E,F,386.875,195.0
3096,G,G,4,F,"(0, 4, 7, 10)",V7,B-,B-,F,387.0,195.0
3097,G,C,4,F,"(0, 4, 7, 10)",V7,B-,B-,F,387.125,195.0
3098,G,C,4,F,"(0, 4, 7, 10)",V7,B-,E,F,387.25,195.0
3099,G,C,4,F,"(0, 4, 7, 10)",V7,B-,E,F,387.375,195.0
3100,G,C,4,F,"(0, 4, 7, 10)",V7,B-,E,F,387.5,195.0
3101,G,C,4,F,"(0, 4, 7, 10)",V7,B-,E,F,387.625,195.0
3102,G,C,4,F,"(0, 4, 7, 10)",V7,B-,E,F,387.75,195.0
3103,G,C,4,F,"(0, 4, 7, 10)",V7,B-,E,F,387.875,195.0
3104,C,F,0,F,"(0, 5, 9)",I,F,A,F,388.0,196.0
3105,C,F,1,F,"(0, 5, 9)",I,F,A,F,388.125,196.0
3106,C,F,2,F,"(0, 5, 9)",I,F,A,F,388.25,196.0
3107,C,F,2,F,"(0, 5, 9)",I,F,A,F,388.375,196.0
3108,C,F,3,F,"(0, 5, 9)",I,F,A,F,388.5,196.0
3109,C,F,3,F,"(0, 5, 9)",I,F,A,F,388.625,196.0
3110,C,F,3,F,"(0, 5, 9)",I,F,A,F,388.75,196.0
3111,C,F,3,F,"(0, 5, 9)",I,F,A,F,388.875,196.0
3112,A,F,0,F,"(0, 5, 9)",I,D,A,F,389.0,196.0
3113,A,F,1,F,"(2, 5, 9)",I,D,F,F,389.125,196.0
3114,A,F,4,F,"(2, 5, 9)",I,D,F,F,389.25,196.0
3115,A,F,4,F,"(2, 5, 9)",I,D,F,F,389.375,196.0
3116,C,F,0,F,"(0, 5, 9)",I,D,A,F,389.5,196.0
3117,C,F,1,F,"(0, 5, 9)",I,D,A,F,389.625,196.0
3118,C,F,2,F,"(0, 5, 9)",I,D,A,F,389.75,196.0
3119,C,F,2,F,"(0, 5, 9)",I,D,A,F,389.875,196.0
3120,D,G,0,F,"(2, 7, 10)",ii,G,B-,F,390.0,197.0
3121,D,G,1,F,"(2, 7, 10)",ii,G,B-,F,390.125,197.0
3122,D,G,2,F,"(2, 7, 10)",ii,G,B-,F,390.25,197.0
3123,D,G,2,F,"(2, 7, 10)",ii,G,B-,F,390.375,197.0
3124,D,G,3,F,"(2, 7, 10)",ii,G,B-,F,390.5,197.0
3125,D,G,3,F,"(2, 7, 10)",ii,G,B-,F,390.625,197.0
3126,D,G,3,F,"(2, 7, 10)",ii,G,B-,F,390.75,197.0
3127,D,G,3,F,"(2, 7, 10)",ii,G,B-,F,390.875,197.0
3128,G,C,0,F,"(0, 4, 7, 10)",V7,B-,E,F,391.0,197.0
3129,G,C,1,F,"(0, 4, 7, 10)",V7,B-,E,F,391.125,197.0
3130,G,C,2,F,"(0, 4, 7, 10)",V7,B-,E,F,391.25,197.0
3131,G,C,2,F,"(0, 4, 7, 10)",V7,B-,E,F,391.375,197.0
3132,G,C,4,F,"(0, 4, 7, 10)",V7,B-,E,F,391.5,197.0
3133,G,C,4,F,"(0, 4, 7, 10)",V7,B-,E,F,391.625,197.0
3134,G,C,4,F,"(0, 4, 7, 10)",V7,B-,E,F,391.75,197.0
3135,G,C,4,F,"(0, 4, 7, 10)",V7,B-,E,F,391.875,197.0
3136,F,A,0,F,"(0, 5, 9)",I,F,C,F,392.0,198.0
3137,F,A,1,F,"(0, 5, 9)",I,F,C,F,392.125,198.0
3138,F,A,2,F,"(0, 5, 9)",I,F,C,F,392.25,198.0
3139,F,A,2,F,"(0, 5, 9)",I,F,C,F,392.375,198.0
3140,F,A,3,F,"(0, 5, 9)",I,F,C,F,392.5,198.0
3141,F,A,3,F,"(0, 5, 9)",I,F,C,F,392.625,198.0
3142,F,A,3,F,"(0, 5, 9)",I,F,C,F,392.75,198.0
3143,F,A,3,F,"(0, 5, 9)",I,F,C,F,392.875,198.0
3144,E,B-,0,F,"(0, 4, 7, 10)",V7,B-,C,F,393.0,198.0
3145,E,B-,1,F,"(0, 4, 7, 10)",V7,B-,C,F,393.125,198.0
3146,E,B-,2,F,"(0, 4, 7, 10)",V7,B-,E,F,393.25,198.0
3147,E,B-,2,F,"(0, 4, 7, 10)",V7,B-,E,F,393.375,198.0
3148,E,B-,4,F,"(0, 4, 7, 10)",V7,B-,E,F,393.5,198.0
3149,E,B-,3,F,"(0, 4, 7, 10)",V7,B-,E,F,393.625,198.0
3150,E,B-,4,F,"(0, 4, 7, 10)",V7,B-,E,F,393.75,198.0
3151,E,B-,3,F,"(0, 4, 7, 10)",V7,B-,E,F,393.875,198.0
3152,F,A,0,F,"(0, 5, 9)",I,F,C,F,394.0,199.0
3153,F,A,1,F,"(0, 5, 9)",I,F,C,F,394.125,199.0
3154,F,A,2,F,"(0, 5, 9)",I,F,C,F,394.25,199.0
3155,F,A,2,F,"(0, 5, 9)",I,F,C,F,394.375,199.0
3156,F,A,3,F,"(0, 5, 9)",I,F,C,F,394.5,199.0
3157,F,A,3,F,"(0, 5, 9)",I,F,C,F,394.625,199.0
3158,F,A,3,F,"(0, 5, 9)",I,F,C,F,394.75,199.0
3159,F,A,3,F,"(0, 5, 9)",I,F,C,F,394.875,199.0
3160,F,F,4,F,"(0, 5, 9)",I,F,A,F,395.0,199.0
3161,F,F,4,F,"(0, 5, 9)",I,F,A,F,395.125,199.0
3162,F,F,4,F,"(0, 5, 9)",I,F,A,F,395.25,199.0
3163,F,F,4,F,"(0, 5, 9)",I,F,A,F,395.375,199.0
3164,F,F,4,F,"(0, 5, 9)",I,F,A,F,395.5,199.0
3165,F,F,4,F,"(0, 5, 9)",I,F,A,F,395.625,199.0
3166,F,F,4,F,"(0, 5, 9)",I,F,A,F,395.75,199.0
3167,C,F,4,F,"(0, 5, 9)",I,F,A,F,395.875,199.0
3168,C,F,0,F,"(0, 5, 9)",I,F,A,F,396.0,200.0
3169,C,F,1,F,"(0, 5, 9)",I,F,A,F,396.125,200.0
3170,C,F,2,F,"(0, 5, 9)",I,F,A,F,396.25,200.0
3171,C,F,2,F,"(0, 5, 9)",I,F,A,F,396.375,200.0
3172,C,F,3,F,"(0, 5, 9)",I,F,A,F,396.5,200.0
3173,C,F,3,F,"(0, 5, 9)",I,F,A,F,396.625,200.0
3174,C,F,3,F,"(0, 5, 9)",I,F,A,F,396.75,200.0
3175,C,F,3,F,"(0, 5, 9)",I,F,A,F,396.875,200.0
3176,C,F,0,F,"(0, 5, 9)",I,F,A,F,397.0,201.0
3177,C,F,1,F,"(0, 5, 9)",I,F,A,F,397.125,201.0
3178,C,F,2,F,"(0, 5, 9)",I,F,A,F,397.25,201.0
3179,C,F,2,F,"(0, 5, 9)",I,F,A,F,397.375,201.0
3180,C,F,3,F,"(0, 5, 9)",I,F,A,F,397.5,201.0
3181,C,F,3,F,"(0, 5, 9)",I,F,A,F,397.625,201.0
3182,C,F,3,F,"(0, 5, 9)",I,F,A,F,397.75,201.0
3183,C,F,3,F,"(0, 5, 9)",I,F,A,F,397.875,201.0
3184,C,F,4,F,"(0, 5, 9)",I,F,A,F,398.0,201.0
3185,C,F,4,F,"(0, 5, 9)",I,F,A,F,398.125,201.0
3186,C,F,4,F,"(0, 5, 9)",I,F,A,F,398.25,201.0
3187,C,F,4,F,"(0, 5, 9)",I,F,A,F,398.375,201.0
3188,C,F,4,F,"(0, 5, 9)",I,F,A,F,398.5,201.0
3189,C,F,4,F,"(0, 5, 9)",I,F,A,F,398.625,201.0
3190,C,F,4,F,"(0, 5, 9)",I,F,A,F,398.75,201.0
3191,C,F,4,F,"(0, 5, 9)",I,F,A,F,398.875,201.0
3192,B-,E,0,F,"(4, 7, 10)",V7,E,G,F,399.0,202.0
3193,B-,E,1,F,"(4, 7, 10)",viio,E,G,F,399.125,202.0
3194,B-,E,2,F,"(4, 7, 10)",viio,E,G,F,399.25,202.0
3195,B-,E,2,F,"(4, 7, 10)",viio,E,G,F,399.375,202.0
3196,B-,E,3,F,"(4, 7, 10)",viio,E,G,F,399.5,202.0
3197,B-,E,3,F,"(4, 7, 10)",viio,E,G,F,399.625,202.0
3198,B-,E,3,F,"(4, 7, 10)",viio,E,G,F,399.75,202.0
3199,B-,E,3,F,"(4, 7, 10)",V7,E,G,F,399.875,202.0
3200,C,F,4,F,"(0, 5, 9)",I,F,A,F,400.0,202.0
3201,C,F,1,F,"(0, 5, 9)",I,F,A,F,400.125,202.0
3202,C,F,2,F,"(0, 5, 9)",I,F,A,F,400.25,202.0
3203,C,F,4,F,"(0, 5, 9)",I,F,A,F,400.375,202.0
3204,C,F,4,F,"(0, 5, 9)",I,F,A,F,400.5,202.0
3205,C,F,4,F,"(0, 5, 9)",I,F,A,F,400.625,202.0
3206,C,F,4,F,"(0, 5, 9)",I,F,A,F,400.75,202.0
3207,C,F,4,F,"(0, 5, 9)",I,F,A,F,400.875,202.0
3208,D,G,0,F,"(2, 7, 10)",ii,F,B-,F,401.0,203.0
3209,D,G,1,F,"(2, 7, 10)",ii,G,B-,F,401.125,203.0
3210,D,G,2,F,"(2, 7, 10)",ii,G,B-,F,401.25,203.0
3211,D,G,2,F,"(2, 7, 10)",ii,G,B-,F,401.375,203.0
3212,F,A,0,F,"(0, 5, 9)",V7,F,C,F,401.5,203.0
3213,F,A,1,F,"(0, 5, 9)",V7,F,C,F,401.625,203.0
3214,F,A,3,F,"(0, 5, 9)",V7,F,C,F,401.75,203.0
3215,F,A,3,F,"(0, 5, 9)",V7,F,C,F,401.875,203.0
3216,F,B-,0,F,"(0, 4, 7, 10)",V7,G,D-,F,402.0,203.0
3217,F,B-,1,F,"(0, 4, 7, 10)",V7,G,D-,F,402.125,203.0
3218,F,B-,2,F,"(0, 4, 7, 10)",V7,G,D-,F,402.25,203.0
3219,F,B-,2,F,"(0, 4, 7, 10)",V7,G,D-,F,402.375,203.0
3220,F,A,0,F,"(0, 5, 9)",I,F,C,F,402.5,203.0
3221,F,A,1,F,"(0, 5, 9)",I,F,C,F,402.625,203.0
3222,F,A,2,F,"(0, 5, 9)",I,F,C,F,402.75,203.0
3223,F,A,2,F,"(0, 5, 9)",I,F,C,F,402.875,203.0
3224,C,G,0,F,"(0, 4, 7, 10)",ii,G,B-,F,403.0,204.0
3225,C,G,1,F,"(0, 4, 7, 10)",ii,G,B-,F,403.125,204.0
3226,C,G,2,F,"(0, 4, 7, 10)",ii,G,B-,F,403.25,204.0
3227,C,G,2,F,"(0, 4, 7, 10)",ii,G,B-,F,403.375,204.0
3228,C,G,3,F,"(0, 4, 7, 10)",V,F,B-,F,403.5,204.0
3229,C,G,3,F,"(0, 4, 7, 10)",V7,F,B-,F,403.625,204.0
3230,C,G,3,F,"(0, 4, 7, 10)",V7,F,B-,F,403.75,204.0
3231,C,G,3,F,"(0, 4, 7, 10)",V7,F,B-,F,403.875,204.0
3232,G,C,0,F,"(0, 4, 7)",V,C,E,F,404.0,204.0
3233,G,C,1,F,"(0, 4, 7)",V,C,E,F,404.125,204.0
3234,G,C,2,F,"(0, 4, 7)",V,C,E,F,404.25,204.0
3235,G,C,2,F,"(0, 4, 7)",V,C,E,F,404.375,204.0
3236,G,C,3,F,"(0, 4, 7)",V,C,E,F,404.5,204.0
3237,G,C,3,F,"(0, 4, 7)",V,C,E,F,404.625,204.0
3238,G,C,3,F,"(0, 4, 7)",V,C,E,F,404.75,204.0
3239,G,C,3,F,"(0, 4, 7)",V,C,E,F,404.875,204.0
3240,C,F,0,F,"(0, 5, 9)",I,F,A,F,405.0,205.0
3241,C,F,1,F,"(0, 5, 9)",I,F,A,F,405.125,205.0
3242,C,F,2,F,"(0, 5, 9)",I,F,A,F,405.25,205.0
3243,C,F,2,F,"(0, 5, 9)",I,F,A,F,405.375,205.0
3244,C,F,3,F,"(0, 5, 9)",I,F,A,F,405.5,205.0
3245,C,F,3,F,"(0, 5, 9)",I,F,A,F,405.625,205.0
3246,C,F,3,F,"(0, 5, 9)",I,F,A,F,405.75,205.0
3247,C,F,3,F,"(0, 5, 9)",I,F,A,F,405.875,205.0
3248,C,F,0,F,"(0, 5, 9)",I,F,A,F,406.0,205.0
3249,C,F,1,F,"(0, 5, 9)",I,F,A,F,406.125,205.0
3250,C,F,4,F,"(0, 5, 9)",I,F,A,F,406.25,205.0
3251,C,F,4,F,"(0, 5, 9)",I,F,A,F,406.375,205.0
3252,C,C,4,F,"(0, 5, 9)",I,F,A,F,406.5,205.0
3253,C,C,4,F,"(0, 5, 9)",I,F,A,F,406.625,205.0
3254,C,C,4,F,"(0, 5, 9)",I,F,A,F,406.75,205.0
3255,C,C,4,F,"(0, 5, 9)",I,F,A,F,406.875,205.0
3256,B-,E,0,F,"(4, 7, 10)",viio,E,G,F,407.0,206.0
3257,B-,E,1,F,"(4, 7, 10)",viio,E,G,F,407.125,206.0
3258,B-,E,2,F,"(4, 7, 10)",viio,E,G,F,407.25,206.0
3259,B-,E,2,F,"(4, 7, 10)",viio,E,G,F,407.375,206.0
3260,C,F,3,F,"(0, 5, 9)",I,F,G,F,407.5,206.0
3261,C,F,3,F,"(0, 5, 9)",I,F,G,F,407.625,206.0
3262,C,F,3,F,"(0, 5, 9)",I,F,G,F,407.75,206.0
3263,C,F,3,F,"(0, 5, 9)",I,F,G,F,407.875,206.0
3264,C,F,0,F,"(0, 5, 9)",I,F,A,F,408.0,206.0
3265,C,F,1,F,"(0, 5, 9)",I,F,A,F,408.125,206.0
3266,C,F,2,F,"(0, 5, 9)",I,F,A,F,408.25,206.0
3267,C,F,2,F,"(0, 5, 9)",I,F,A,F,408.375,206.0
3268,C,F,3,F,"(0, 5, 9)",I,F,A,F,408.5,206.0
3269,C,F,3,F,"(0, 5, 9)",I,F,A,F,408.625,206.0
3270,C,F,3,F,"(0, 5, 9)",I,F,A,F,408.75,206.0
3271,C,F,3,F,"(0, 5, 9)",I,F,A,F,408.875,206.0
3272,D,G,0,F,"(2, 7, 10)",ii,G,B-,F,409.0,207.0
3273,D,G,1,F,"(2, 7, 10)",ii,G,B-,F,409.125,207.0
3274,D,G,2,F,"(2, 7, 10)",ii,G,B-,F,409.25,207.0
3275,D,G,2,F,"(2, 7, 10)",ii,G,B-,F,409.375,207.0
3276,D,G,3,F,"(2, 7, 10)",ii,G,B-,F,409.5,207.0
3277,D,G,3,F,"(0, 4, 7, 10)",V7,G,B-,F,409.625,207.0
3278,D,G,3,F,"(0, 4, 7, 10)",V7,G,B-,F,409.75,207.0
3279,D,G,3,F,"(0, 4, 7, 10)",V7,G,B-,F,409.875,207.0
3280,E,G,4,F,"(0, 4, 7, 10)",V7,G,C,F,410.0,207.0
3281,E,G,4,F,"(0, 4, 7, 10)",V7,G,C,F,410.125,207.0
3282,E,G,4,F,"(0, 4, 7, 10)",V7,G,C,F,410.25,207.0
3283,E,G,4,F,"(0, 4, 7, 10)",V7,G,C,F,410.375,207.0
3284,E,G,0,F,"(4, 7, 10)",viio,E,B-,F,410.5,207.0
3285,E,G,1,F,"(4, 7, 10)",viio,E,B-,F,410.625,207.0
3286,E,G,2,F,"(4, 7, 10)",viio,E,B-,F,410.75,207.0
3287,E,G,2,F,"(4, 7, 10)",viio,E,B-,F,410.875,207.0
3288,C,F,0,F,"(0, 5, 9)",I,F,A,F,411.0,208.0
3289,C,F,1,F,"(0, 5, 9)",I,F,A,F,411.125,208.0
3290,C,F,2,F,"(0, 5, 9)",I,F,A,F,411.25,208.0
3291,C,F,2,F,"(0, 5, 9)",I,F,A,F,411.375,208.0
3292,C,F,3,F,"(0, 5, 9)",I,F,A,F,411.5,208.0
3293,C,F,3,F,"(0, 5, 9)",I,F,A,F,411.625,208.0
3294,C,F,3,F,"(0, 5, 9)",I,F,A,F,411.75,208.0
3295,C,F,3,F,"(0, 5, 9)",I,F,A,F,411.875,208.0
3296,C,F,4,F,"(0, 5, 9)",I,F,A,F,412.0,208.0
3297,C,F,4,F,"(0, 5, 9)",I,F,A,F,412.125,208.0
3298,C,F,4,F,"(0, 5, 9)",I,F,A,F,412.25,208.0
3299,C,F,4,F,"(0, 5, 9)",I,F,A,F,412.375,208.0
3300,C,F,4,F,"(0, 5, 9)",I,F,A,F,412.5,208.0
3301,C,F,4,F,"(0, 5, 9)",I,F,A,F,412.625,208.0
3302,C,F,4,F,"(0, 5, 9)",I,F,A,F,412.75,208.0
3303,C,F,4,F,"(0, 5, 9)",I,F,A,F,412.875,208.0
3304,C,F,0,F,"(0, 5, 9)",I,F,A,F,413.0,209.0
3305,C,F,1,F,"(0, 5, 9)",I,F,A,F,413.125,209.0
3306,C,F,2,F,"(0, 5, 9)",I,F,A,F,413.25,209.0
3307,C,F,2,F,"(0, 5, 9)",I,F,A,F,413.375,209.0
3308,C,F,3,F,"(0, 5, 9)",I,F,A,F,413.5,209.0
3309,C,F,3,F,"(0, 5, 9)",I,F,A,F,413.625,209.0
3310,C,F,3,F,"(0, 5, 9)",I,F,A,F,413.75,209.0
3311,C,F,3,F,"(0, 5, 9)",I,F,A,F,413.875,209.0
3312,C,F,4,F,"(0, 5, 9)",I,F,A,F,414.0,209.0
3313,C,F,4,F,"(0, 5, 9)",I,F,A,F,414.125,209.0
3314,C,F,4,F,"(0, 5, 9)",I,F,A,F,414.25,209.0
3315,C,F,4,F,"(0, 5, 9)",I,F,A,F,414.375,209.0
3316,C,F,4,F,"(0, 5, 9)",I,F,A,F,414.5,209.0
3317,C,F,4,F,"(0, 5, 9)",I,F,A,F,414.625,209.0
3318,C,F,4,F,"(0, 5, 9)",I,F,A,F,414.75,209.0
3319,C,F,4,F,"(0, 5, 9)",I,F,A,F,414.875,209.0
3320,B-,E,0,F,"(4, 7, 10)",V7,E,G,F,415.0,210.0
3321,B-,E,1,F,"(4, 7, 10)",viio,E,G,F,415.125,210.0
3322,B-,E,2,F,"(4, 7, 10)",viio,E,G,F,415.25,210.0
3323,B-,E,2,F,"(4, 7, 10)",viio,E,G,F,415.375,210.0
3324,C,C,3,F,"(0, 5, 9)",V7,F,G,F,415.5,210.0
3325,C,C,3,F,"(0, 5, 9)",V7,F,G,F,415.625,210.0
3326,C,C,3,F,"(0, 5, 9)",V7,F,G,F,415.75,210.0
3327,C,C,3,F,"(0, 5, 9)",V7,F,G,F,415.875,210.0
3328,C,F,0,F,"(0, 5, 9)",I,F,A,F,416.0,210.0
3329,C,F,1,F,"(0, 5, 9)",I,F,A,F,416.125,210.0
3330,C,F,2,F,"(0, 5, 9)",I,F,A,F,416.25,210.0
3331,C,F,2,F,"(0, 5, 9)",I,F,A,F,416.375,210.0
3332,C,F,3,F,"(0, 5, 9)",I,F,A,F,416.5,210.0
3333,C,F,3,F,"(0, 5, 9)",I,F,A,F,416.625,210.0
3334,C,F,3,F,"(0, 5, 9)",I,F,A,F,416.75,210.0
3335,C,F,3,F,"(0, 5, 9)",I,F,A,F,416.875,210.0
3336,G,G,0,F,"(0, 4, 7, 10)",V7,F,B-,F,417.0,211.0
3337,G,G,1,F,"(0, 4, 7, 10)",V7,G,B-,F,417.125,211.0
3338,E,G,2,F,"(0, 4, 7, 10)",V7,G,B-,F,417.25,211.0
3339,E,G,2,F,"(0, 4, 7, 10)",V7,G,B-,F,417.375,211.0
3340,E,A,0,F,"(0, 5, 9)",I,F,C,F,417.5,211.0
3341,E,A,3,F,"(0, 5, 9)",I,F,C,F,417.625,211.0
3342,E,A,3,F,"(0, 5, 9)",I,F,C,F,417.75,211.0
3343,E,A,3,F,"(0, 5, 9)",I,F,C,F,417.875,211.0
3344,E,B-,0,F,"(0, 4, 7, 10)",V7,G,C,F,418.0,211.0
3345,E,B-,1,F,"(0, 4, 7, 10)",V7,G,C,F,418.125,211.0
3346,E,B-,2,F,"(0, 4, 7, 10)",V7,G,C,F,418.25,211.0
3347,E,B-,2,F,"(0, 4, 7, 10)",V7,G,C,F,418.375,211.0
3348,F,A,0,F,"(0, 5, 9)",I,F,C,F,418.5,211.0
3349,F,A,1,F,"(0, 5, 9)",I,F,C,F,418.625,211.0
3350,F,A,2,F,"(0, 5, 9)",I,F,C,F,418.75,211.0
3351,F,A,2,F,"(0, 5, 9)",I,F,C,F,418.875,211.0
3352,C,G,0,F,"(0, 4, 7, 10)",V7,G,B-,F,419.0,212.0
3353,C,G,1,F,"(0, 4, 7, 10)",V7,F,B-,F,419.125,212.0
3354,C,G,2,F,"(0, 4, 7, 10)",V7,G,B-,F,419.25,212.0
3355,C,G,2,F,"(0, 4, 7, 10)",V7,G,B-,F,419.375,212.0
3356,C,G,3,F,"(0, 4, 7, 10)",V7,F,A,F,419.5,212.0
3357,C,G,3,F,"(0, 4, 7, 10)",V7,F,A,F,419.625,212.0
3358,C,G,3,F,"(0, 4, 7, 10)",V7,F,A,F,419.75,212.0
3359,C,G,3,F,"(0, 4, 7, 10)",V7,F,A,F,419.875,212.0
3360,G,C,0,F,"(0, 4, 7)",V,C,E,F,420.0,212.0
3361,G,C,1,F,"(0, 4, 7)",V,C,E,F,420.125,212.0
3362,G,C,2,F,"(0, 4, 7)",V,C,E,F,420.25,212.0
3363,G,C,2,F,"(0, 4, 7)",V,C,E,F,420.375,212.0
3364,G,C,3,F,"(0, 4, 7)",V,C,E,F,420.5,212.0
3365,G,C,3,F,"(0, 4, 7)",V,C,E,F,420.625,212.0
3366,G,C,3,F,"(0, 4, 7)",V,C,E,F,420.75,212.0
3367,G,C,3,F,"(0, 4, 7)",V,C,E,F,420.875,212.0
3368,C,F,0,F,"(0, 5, 9)",I,F,A,F,421.0,213.0
3369,C,F,1,F,"(0, 5, 9)",I,F,A,F,421.125,213.0
3370,C,F,2,F,"(0, 5, 9)",I,F,A,F,421.25,213.0
3371,C,F,2,F,"(0, 5, 9)",I,F,A,F,421.375,213.0
3372,C,F,3,F,"(0, 5, 9)",I,F,A,F,421.5,213.0
3373,C,F,3,F,"(0, 5, 9)",I,F,A,F,421.625,213.0
3374,C,F,3,F,"(0, 5, 9)",I,F,A,F,421.75,213.0
3375,C,F,3,F,"(0, 5, 9)",I,F,A,F,421.875,213.0
3376,C,F,4,F,"(0, 5, 9)",I,F,A,F,422.0,213.0
3377,C,F,1,F,"(0, 5, 9)",I,F,A,F,422.125,213.0
3378,C,F,4,F,"(0, 5, 9)",I,F,A,F,422.25,213.0
3379,C,F,4,F,"(0, 5, 9)",I,F,A,F,422.375,213.0
3380,C,C,4,F,"(0, 5, 9)",I,F,A,F,422.5,213.0
3381,C,C,4,F,"(0, 5, 9)",I,F,A,F,422.625,213.0
3382,C,C,4,F,"(0, 5, 9)",I,F,A,F,422.75,213.0
3383,C,C,4,F,"(0, 5, 9)",I,F,A,F,422.875,213.0
3384,B-,E,0,F,"(0, 4, 7, 10)",V7,C,G,F,423.0,214.0
3385,B-,E,1,F,"(0, 4, 7, 10)",V7,C,G,F,423.125,214.0
3386,B-,E,2,F,"(0, 4, 7, 10)",V7,C,G,F,423.25,214.0
3387,B-,E,2,F,"(0, 4, 7, 10)",V7,C,G,F,423.375,214.0
3388,B-,E,3,F,"(0, 4, 7, 10)",V7,C,G,F,423.5,214.0
3389,B-,E,3,F,"(0, 4, 7, 10)",V7,C,G,F,423.625,214.0
3390,B-,E,3,F,"(0, 4, 7, 10)",V7,C,G,F,423.75,214.0
3391,B-,E,3,F,"(0, 4, 7, 10)",V7,C,G,F,423.875,214.0
3392,C,F,0,F,"(0, 5, 9)",I,F,A,F,424.0,214.0
3393,C,F,1,F,"(0, 5, 9)",I,F,A,F,424.125,214.0
3394,C,F,2,F,"(0, 5, 9)",I,F,A,F,424.25,214.0
3395,C,F,2,F,"(0, 5, 9)",I,F,A,F,424.375,214.0
3396,C,F,3,F,"(0, 5, 9)",I,F,A,F,424.5,214.0
3397,C,F,3,F,"(0, 5, 9)",I,F,A,F,424.625,214.0
3398,C,F,3,F,"(0, 5, 9)",I,F,A,F,424.75,214.0
3399,C,F,3,F,"(0, 5, 9)",I,F,A,F,424.875,214.0
3400,E,G,0,F,"(0, 4, 7)",V,C,C,F,425.0,215.0
3401,E,G,1,F,"(0, 4, 7)",V,C,C,F,425.125,215.0
3402,E,G,2,F,"(0, 4, 7)",V,C,C,F,425.25,215.0
3403,E,G,2,F,"(0, 4, 7)",V,C,C,F,425.375,215.0
3404,E,G,3,F,"(0, 4, 7)",V,C,C,F,425.5,215.0
3405,E,G,3,F,"(0, 4, 7)",V,C,C,F,425.625,215.0
3406,E,G,3,F,"(0, 4, 7)",V,C,C,F,425.75,215.0
3407,E,G,3,F,"(0, 4, 7)",V,C,C,F,425.875,215.0
3408,D,A-,0,F,"(2, 5, 8, 11)",viio7,F,B,c,426.0,215.0
3409,D,A-,1,F,"(2, 5, 8, 11)",V7,F,B,c,426.125,215.0
3410,D,A-,2,F,"(2, 5, 8, 11)",V7,F,B,c,426.25,215.0
3411,D,A-,2,F,"(2, 5, 8, 11)",V7,F,B,c,426.375,215.0
3412,D,A-,3,F,"(2, 5, 8, 11)",V7,F,C,C,426.5,215.0
3413,D,A-,3,F,"(2, 5, 8, 11)",V7,F,C,C,426.625,215.0
3414,D,A-,3,F,"(2, 5, 8, 11)",V7,F,C,C,426.75,215.0
3415,D,A-,3,F,"(2, 5, 8, 11)",V7,F,C,C,426.875,215.0
3416,E,G,0,F,"(0, 4, 7)",V,C,C,F,427.0,216.0
3417,E,G,1,F,"(0, 4, 7)",V,C,C,F,427.125,216.0
3418,E,G,2,F,"(0, 4, 7)",V,C,C,F,427.25,216.0
3419,E,G,2,F,"(0, 4, 7)",V,C,C,F,427.375,216.0
3420,E,G,3,F,"(0, 4, 7)",V,C,C,F,427.5,216.0
3421,E,G,3,F,"(0, 4, 7)",V,C,C,F,427.625,216.0
3422,E,G,3,F,"(0, 4, 7)",V,C,C,F,427.75,216.0
3423,E,G,3,F,"(0, 4, 7)",V,C,C,F,427.875,216.0
3424,G,G,4,F,"(0, 4, 7)",V,F,C,F,428.0,216.0
3425,G,C,4,F,"(0, 4, 7)",V,F,C,F,428.125,216.0
3426,G,C,4,F,"(0, 4, 7)",V,F,C,F,428.25,216.0
3427,G,C,4,F,"(0, 4, 7)",V,F,C,F,428.375,216.0
3428,G,C,4,F,"(0, 4, 7)",V,C,E,F,428.5,216.0
3429,G,C,4,F,"(0, 4, 7)",V,C,E,F,428.625,216.0
3430,G,C,4,F,"(0, 4, 7)",V,C,E,F,428.75,216.0
3431,G,C,4,F,"(0, 4, 7)",V,C,E,F,428.875,216.0
3432,C,C,0,F,"(0, 4, 7)",V,C,E,F,429.0,217.0
3433,C,E,1,F,"(0, 4, 7)",V,C,G,F,429.125,217.0
3434,C,E,2,F,"(0, 4, 7)",V,C,G,F,429.25,217.0
3435,C,E,2,F,"(0, 4, 7)",V,C,G,F,429.375,217.0
3436,C,C,3,F,"(0, 4, 7)",V,C,E,F,429.5,217.0
3437,C,C,3,F,"(0, 4, 7)",V,C,E,F,429.625,217.0
3438,C,C,3,F,"(0, 4, 7)",V,C,E,F,429.75,217.0
3439,C,C,3,F,"(0, 4, 7)",V,C,E,F,429.875,217.0
3440,G,D,0,F,"(2, 5, 11)",viio,B,F,F,430.0,217.0
3441,G,D,1,F,"(2, 5, 11)",viio,B,F,F,430.125,217.0
3442,G,D,2,F,"(2, 5, 11)",ii,B,F,F,430.25,217.0
3443,G,D,2,F,"(2, 5, 11)",viio,B,F,F,430.375,217.0
3444,G,C,0,F,"(0, 4, 7)",V,C,E,F,430.5,217.0
3445,G,C,1,F,"(0, 4, 7)",V,C,E,F,430.625,217.0
3446,G,C,2,F,"(0, 4, 7)",V,C,E,F,430.75,217.0
3447,G,C,2,F,"(0, 4, 7)",V,C,E,F,430.875,217.0
3448,C,E,0,F,"(0, 4, 7)",V,C,G,F,431.0,218.0
3449,C,E,1,F,"(0, 4, 7)",V,C,G,F,431.125,218.0
3450,C,E,2,F,"(0, 4, 7)",V,C,G,F,431.25,218.0
3451,C,E,2,F,"(0, 4, 7)",V,C,G,F,431.375,218.0
3452,C,C,3,F,"(0, 4, 7)",V,C,G,F,431.5,218.0
3453,C,C,3,F,"(0, 4, 7)",V,C,G,F,431.625,218.0
3454,C,C,3,F,"(0, 4, 7)",V,C,G,F,431.75,218.0
3455,C,C,3,F,"(0, 4, 7)",V,C,G,F,431.875,218.0
3456,C,C,4,F,"(0, 4, 7)",V,C,E,F,432.0,218.0
3457,C,C,1,F,"(0, 4, 7)",V,C,E,F,432.125,218.0
3458,C,C,4,F,"(0, 4, 7)",V,C,E,F,432.25,218.0
3459,C,C,4,F,"(0, 4, 7)",V,C,E,F,432.375,218.0
3460,C,C,4,F,"(0, 4, 7)",V,C,E,F,432.5,218.0
3461,C,C,4,F,"(0, 4, 7)",V,C,E,F,432.625,218.0
3462,C,C,4,F,"(0, 4, 7)",V,C,E,F,432.75,218.0
3463,C,C,4,F,"(0, 4, 7)",V,C,E,F,432.875,218.0
3464,C,E,0,F,"(0, 4, 7)",V,C,G,F,433.0,219.0
3465,C,E,1,F,"(0, 4, 7)",V,C,G,F,433.125,219.0
3466,C,E,2,F,"(0, 4, 7)",V,C,G,F,433.25,219.0
3467,C,E,2,F,"(0, 4, 7)",V,C,G,F,433.375,219.0
3468,C,E,3,F,"(0, 4, 7)",V,C,G,F,433.5,219.0
3469,C,E,3,F,"(0, 4, 7)",V,C,G,F,433.625,219.0
3470,C,E,3,F,"(0, 4, 7)",V,C,E,F,433.75,219.0
3471,C,E,3,F,"(0, 4, 7)",V,C,E,F,433.875,219.0
3472,G,D,0,F,"(2, 5, 11)",viio,B,F,C,434.0,219.0
3473,G,D,1,F,"(2, 5, 11)",ii,B,F,C,434.125,219.0
3474,G,D,2,F,"(2, 5, 11)",ii,B,F,C,434.25,219.0
3475,G,D,2,F,"(2, 5, 11)",ii,B,F,C,434.375,219.0
3476,G,C,0,F,"(0, 4, 7)",V,C,E,F,434.5,219.0
3477,G,C,1,F,"(0, 4, 7)",V,C,E,F,434.625,219.0
3478,G,C,2,F,"(0, 4, 7)",V,C,E,F,434.75,219.0
3479,G,C,2,F,"(0, 4, 7)",V,C,E,F,434.875,219.0
3480,G,C,0,F,"(0, 4, 7)",V,C,E,F,435.0,220.0
3481,G,C,1,F,"(0, 4, 7)",V,C,E,F,435.125,220.0
3482,G,C,2,F,"(0, 4, 7)",V,C,E,F,435.25,220.0
3483,G,C,2,F,"(0, 4, 7)",V,C,E,F,435.375,220.0
3484,G,C,3,F,"(0, 4, 7)",V,C,E,F,435.5,220.0
3485,G,C,3,F,"(0, 4, 7)",V,C,E,F,435.625,220.0
3486,G,C,3,F,"(0, 4, 7)",V,C,E,F,435.75,220.0
3487,G,C,3,F,"(0, 4, 7)",V,C,E,F,435.875,220.0
3488,G,B,0,F,"(0, 4, 7)",V,G,D,C,436.0,220.0
3489,G,B,1,F,"(0, 4, 7)",V,G,D,C,436.125,220.0
3490,G,B,2,F,"(0, 4, 7)",V,G,D,C,436.25,220.0
3491,G,B,2,F,"(0, 4, 7)",V,G,D,C,436.375,220.0
3492,G,B,3,F,"(0, 4, 7)",V,G,D,C,436.5,220.0
3493,G,B,3,F,"(0, 4, 7)",V,G,D,C,436.625,220.0
3494,G,B,3,F,"(0, 4, 7)",V,G,D,C,436.75,220.0
3495,G,B,3,F,"(0, 4, 7)",V,G,D,C,436.875,220.0
3496,A,C,0,F,"(0, 5, 9)",I,F,F,F,437.0,221.0
3497,A,C,1,F,"(0, 5, 9)",I,F,F,F,437.125,221.0
3498,A,C,2,F,"(0, 5, 9)",I,F,F,F,437.25,221.0
3499,A,C,2,F,"(0, 5, 9)",I,F,F,F,437.375,221.0
3500,A,C,3,F,"(0, 5, 9)",I,F,F,F,437.5,221.0
3501,A,C,3,F,"(0, 5, 9)",I,F,F,F,437.625,221.0
3502,A,C,3,F,"(0, 5, 9)",I,F,F,F,437.75,221.0
3503,A,C,3,F,"(0, 5, 9)",I,F,F,F,437.875,221.0
3504,A,C,4,F,"(0, 5, 9)",I,F,F,F,438.0,221.0
3505,A,C,4,F,"(0, 5, 9)",I,F,F,F,438.125,221.0
3506,A,C,4,F,"(0, 5, 9)",I,F,F,F,438.25,221.0
3507,A,C,4,F,"(0, 5, 9)",I,F,F,F,438.375,221.0
3508,A,C,4,F,"(0, 5, 9)",I,F,F,F,438.5,221.0
3509,A,C,4,F,"(0, 5, 9)",I,F,F,F,438.625,221.0
3510,A,C,4,F,"(0, 5, 9)",I,F,F,F,438.75,221.0
3511,A,C,4,F,"(0, 5, 9)",I,F,F,F,438.875,221.0
3512,G,D-,0,F,"(1, 5, 9)",V+,B-,F,F,439.0,222.0
3513,G,D-,1,F,"(1, 5, 9)",V+,B-,F,F,439.125,222.0
3514,G,D-,2,F,"(1, 5, 9)",V+,B-,F,F,439.25,222.0
3515,G,D-,2,F,"(1, 5, 9)",V+,B-,F,F,439.375,222.0
3516,A,F,3,F,"(0, 5, 9)",I,F,F,F,439.5,222.0
3517,A,F,3,F,"(0, 5, 9)",I,F,F,F,439.625,222.0
3518,A,F,3,F,"(0, 5, 9)",I,F,F,F,439.75,222.0
3519,A,F,3,F,"(0, 5, 9)",I,F,F,F,439.875,222.0
3520,A,F,0,F,"(0, 5, 9)",I,F,F,F,440.0,222.0
3521,C,F,1,F,"(0, 5, 9)",I,F,F,F,440.125,222.0
3522,C,F,2,F,"(0, 5, 9)",I,F,F,F,440.25,222.0
3523,C,F,2,F,"(0, 5, 9)",I,F,F,F,440.375,222.0
3524,C,F,4,F,"(0, 5, 9)",I,F,F,F,440.5,222.0
3525,C,F,4,F,"(0, 5, 9)",I,F,F,F,440.625,222.0
3526,C,F,4,F,"(0, 5, 9)",I,F,F,F,440.75,222.0
3527,C,F,4,F,"(0, 5, 9)",I,F,F,F,440.875,222.0
3528,C#,F,0,F,"(1, 4, 7, 10)",V7,F,B-,F,441.0,223.0
3529,C#,F,1,F,"(1, 5, 9)",V7,F,A,F,441.125,223.0
3530,C#,F,2,F,"(1, 5, 9)",V7,F,A,F,441.25,223.0
3531,C#,F,2,F,"(1, 5, 9)",V7,F,A,F,441.375,223.0
3532,C,F,3,F,"(0, 5, 9)",I,F,A,F,441.5,223.0
3533,C,F,3,F,"(0, 5, 9)",I,F,A,F,441.625,223.0
3534,C,F,3,F,"(0, 5, 9)",I,F,A,F,441.75,223.0
3535,C,F,3,F,"(0, 5, 9)",I,F,A,F,441.875,223.0
3536,C,F,0,F,"(0, 5, 9)",V7,F,A,F,442.0,223.0
3537,C,F,1,F,"(0, 5, 9)",V7,F,A,F,442.125,223.0
3538,C,F,2,F,"(0, 5, 9)",V7,F,A,F,442.25,223.0
3539,C,F,2,F,"(0, 5, 9)",V7,F,A,F,442.375,223.0
3540,C,F,4,F,"(0, 5, 9)",I,F,A,F,442.5,223.0
3541,C,F,4,F,"(0, 5, 9)",I,F,A,F,442.625,223.0
3542,C,F,4,F,"(0, 5, 9)",I,F,A,F,442.75,223.0
3543,C,F,4,F,"(0, 5, 9)",I,F,A,F,442.875,223.0
3544,G,E,0,F,"(0, 4, 7)",V,C,G,F,443.0,224.0
3545,G,E,1,F,"(0, 4, 7)",V,C,G,F,443.125,224.0
3546,G,E,2,F,"(0, 4, 7)",V,C,G,F,443.25,224.0
3547,G,E,2,F,"(0, 4, 7)",V,C,G,F,443.375,224.0
3548,G,C,3,F,"(0, 4, 7)",V,C,E,F,443.5,224.0
3549,G,C,3,F,"(0, 4, 7)",V,C,E,F,443.625,224.0
3550,G,C,3,F,"(0, 4, 7)",V,C,E,F,443.75,224.0
3551,G,C,3,F,"(0, 4, 7)",V,C,E,F,443.875,224.0
3552,G,C,4,F,"(0, 4, 7)",V,C,E,F,444.0,224.0
3553,G,C,4,F,"(0, 4, 7)",V,C,E,F,444.125,224.0
3554,G,C,4,F,"(0, 4, 7)",V,C,E,F,444.25,224.0
3555,G,C,4,F,"(0, 4, 7)",V,C,E,F,444.375,224.0
3556,G,C,4,F,"(0, 4, 7)",V,C,E,F,444.5,224.0
3557,G,C,4,F,"(0, 4, 7)",V,C,E,F,444.625,224.0
3558,G,C,4,F,"(0, 4, 7)",V,C,E,F,444.75,224.0
3559,G,C,4,F,"(0, 4, 7)",V,C,E,F,444.875,224.0
3560,F,A,0,F,"(0, 5, 9)",I,F,C,F,445.0,225.0
3561,F,A,1,F,"(0, 5, 9)",I,F,C,F,445.125,225.0
3562,F,A,2,F,"(0, 5, 9)",I,F,C,F,445.25,225.0
3563,F,A,2,F,"(0, 5, 9)",I,F,C,F,445.375,225.0
3564,F,A,3,F,"(0, 5, 9)",I,F,C,F,445.5,225.0
3565,F,A,3,F,"(0, 5, 9)",I,F,C,F,445.625,225.0
3566,F,A,3,F,"(0, 5, 9)",I,F,C,F,445.75,225.0
3567,F,A,3,F,"(0, 5, 9)",I,F,C,F,445.875,225.0
3568,F,A,4,F,"(0, 5, 9)",I,F,C,F,446.0,225.0
3569,F,A,1,F,"(0, 5, 9)",I,F,C,F,446.125,225.0
3570,F,A,2,F,"(0, 5, 9)",I,F,C,F,446.25,225.0
3571,F,A,4,F,"(0, 5, 9)",I,F,C,F,446.375,225.0
3572,F,F,4,F,"(0, 5, 9)",I,F,C,F,446.5,225.0
3573,F,F,4,F,"(0, 5, 9)",I,F,C,F,446.625,225.0
3574,F,F,4,F,"(0, 5, 9)",I,F,C,F,446.75,225.0
3575,F,F,4,F,"(0, 5, 9)",I,F,C,F,446.875,225.0
3576,C#,G,0,F,"(1, 4, 7, 9)",viiø7,E,B-,F,447.0,226.0
3577,C#,G,1,F,"(1, 4, 7, 9)",viiø7,E,B-,F,447.125,226.0
3578,C#,G,2,F,"(1, 4, 7, 9)",viiø7,E,B-,F,447.25,226.0
3579,C#,G,2,F,"(1, 4, 7, 9)",viiø7,E,B-,F,447.375,226.0
3580,D,G,3,F,"(2, 5, 9)",ii,F,A,F,447.5,226.0
3581,D,G,3,F,"(2, 5, 9)",ii,F,A,F,447.625,226.0
3582,D,G,3,F,"(2, 5, 9)",ii,F,A,F,447.75,226.0
3583,D,G,3,F,"(2, 5, 9)",ii,F,A,F,447.875,226.0
3584,D,F,0,F,"(2, 5, 9)",vi,D,F,F,448.0,226.0
3585,D,F,1,F,"(2, 5, 9)",vi,D,F,F,448.125,226.0
3586,D,F,2,F,"(2, 5, 9)",vi,D,F,F,448.25,226.0
3587,D,F,2,F,"(2, 5, 9)",vi,D,F,F,448.375,226.0
3588,D,F,3,F,"(2, 5, 9)",vi,F,A,F,448.5,226.0
3589,D,F,3,F,"(2, 5, 9)",vi,F,A,F,448.625,226.0
3590,D,F,3,F,"(2, 5, 9)",vi,F,A,F,448.75,226.0
3591,D,F,3,F,"(2, 5, 9)",vi,F,A,F,448.875,226.0
3592,F,D,0,F,"(2, 5, 9)",ii,D,F,F,449.0,227.0
3593,F,D,1,F,"(2, 5, 9)",ii,D,F,F,449.125,227.0
3594,F,D,2,F,"(2, 5, 9)",ii,D,F,F,449.25,227.0
3595,F,D,2,F,"(2, 5, 9)",ii,D,F,F,449.375,227.0
3596,A,D,3,F,"(2, 5, 9)",ii,D,F,F,449.5,227.0
3597,A,D,3,F,"(2, 5, 9)",ii,D,F,F,449.625,227.0
3598,A,D,3,F,"(2, 5, 9)",ii,D,F,F,449.75,227.0
3599,A,D,3,F,"(2, 5, 9)",ii,D,F,F,449.875,227.0
3600,B,D,0,F,"(2, 5, 7, 11)",ii,B,F,C,450.0,227.0
3601,B,D,1,F,"(2, 5, 7, 11)",V7,B,F,C,450.125,227.0
3602,B,D,2,F,"(2, 5, 7, 11)",V7,B,F,C,450.25,227.0
3603,B,D,2,F,"(2, 5, 7, 11)",V7,B,F,C,450.375,227.0
3604,D,G,0,F,"(2, 5, 7, 11)",V,G,B,C,450.5,227.0
3605,D,G,1,F,"(2, 5, 7, 11)",V,G,B,C,450.625,227.0
3606,D,G,2,F,"(2, 5, 7, 11)",V,G,B,C,450.75,227.0
3607,D,G,2,F,"(2, 5, 7, 11)",V,G,B,C,450.875,227.0
3608,G,C,0,F,"(0, 4, 7)",V,C,E,F,451.0,228.0
3609,G,C,1,F,"(0, 4, 7)",V,C,E,F,451.125,228.0
3610,G,C,2,F,"(0, 4, 7)",V,C,E,F,451.25,228.0
3611,G,C,2,F,"(0, 4, 7)",V,C,E,F,451.375,228.0
3612,G,C,3,F,"(0, 4, 7)",V,C,E,F,451.5,228.0
3613,G,C,3,F,"(0, 4, 7)",V,C,E,F,451.625,228.0
3614,G,C,3,F,"(0, 4, 7)",V,C,E,F,451.75,228.0
3615,G,C,3,F,"(0, 4, 7)",V,C,E,F,451.875,228.0
3616,G,C,0,F,"(0, 4, 7)",V,C,E,F,452.0,228.0
3617,G,C,4,F,"(0, 4, 7)",V,C,E,F,452.125,228.0
3618,G,C,2,F,"(0, 4, 7)",V,C,E,F,452.25,228.0
3619,G,C,4,F,"(0, 4, 7)",V,C,E,F,452.375,228.0
3620,G,C,4,F,"(0, 4, 7)",V,C,E,F,452.5,228.0
3621,G,C,4,F,"(0, 4, 7)",V,C,E,F,452.625,228.0
3622,G,C,4,F,"(0, 4, 7)",V,C,E,F,452.75,228.0
3623,G,C,4,F,"(0, 4, 7)",V,C,E,F,452.875,228.0
3624,E,C,0,F,"(0, 4, 7)",V,C,E,C,453.0,229.0
3625,E,G,1,F,"(0, 4, 7)",V,C,C,C,453.125,229.0
3626,E,G,2,F,"(0, 4, 7)",V,C,C,C,453.25,229.0
3627,E,G,2,F,"(0, 4, 7)",V,C,C,C,453.375,229.0
3628,E,C,3,F,"(0, 4, 7)",V,C,E,C,453.5,229.0
3629,E,C,3,F,"(0, 4, 7)",V,C,E,C,453.625,229.0
3630,E,C,3,F,"(0, 4, 7)",V,C,E,C,453.75,229.0
3631,E,C,3,F,"(0, 4, 7)",V,C,E,C,453.875,229.0
3632,D,G,0,F,"(2, 5, 7, 11)",V7,F,B,C,454.0,229.0
3633,D,G,1,F,"(2, 5, 7, 11)",V7,F,B,C,454.125,229.0
3634,D,G,2,F,"(2, 5, 7, 11)",V7,F,B,C,454.25,229.0
3635,D,G,2,F,"(2, 5, 7, 11)",V7,F,B,C,454.375,229.0
3636,D,D,0,F,"(2, 5, 7, 11)",viio,B,F,C,454.5,229.0
3637,D,D,1,F,"(2, 5, 7, 11)",viio,B,F,C,454.625,229.0
3638,D,D,2,F,"(2, 5, 7, 11)",viio,B,F,C,454.75,229.0
3639,D,D,2,F,"(2, 5, 7, 11)",viio,B,F,C,454.875,229.0
3640,G,C,0,F,"(0, 4, 7)",V,C,E,C,455.0,230.0
3641,G,C,1,F,"(0, 4, 7)",V,C,E,F,455.125,230.0
3642,G,C,2,F,"(0, 4, 7)",V,C,E,F,455.25,230.0
3643,G,C,2,F,"(0, 4, 7)",V,C,E,F,455.375,230.0
3644,G,C,3,F,"(0, 4, 7)",V,C,E,F,455.5,230.0
3645,G,C,3,F,"(0, 4, 7)",V,C,E,F,455.625,230.0
3646,G,C,3,F,"(0, 4, 7)",V,C,E,F,455.75,230.0
3647,G,C,3,F,"(0, 4, 7)",V,C,E,F,455.875,230.0
3648,G,C,4,F,"(0, 4, 7)",V,C,E,F,456.0,230.0
3649,G,C,4,F,"(0, 4, 7)",V,C,E,F,456.125,230.0
3650,G,C,4,F,"(0, 4, 7)",V,C,E,F,456.25,230.0
3651,G,C,4,F,"(0, 4, 7)",V,C,E,F,456.375,230.0
3652,G,C,4,F,"(0, 4, 7)",V,C,E,F,456.5,230.0
3653,G,C,4,F,"(0, 4, 7)",V,C,E,F,456.625,230.0
3654,G,C,4,F,"(0, 4, 7)",V,C,E,C,456.75,230.0
3655,G,C,4,F,"(0, 4, 7)",V,C,E,C,456.875,230.0
3656,E,G,0,F,"(0, 4, 7)",V,C,C,C,457.0,231.0
3657,E,G,1,F,"(0, 4, 7)",V,C,C,C,457.125,231.0
3658,E,G,2,F,"(0, 4, 7)",V,C,C,C,457.25,231.0
3659,E,G,2,F,"(0, 4, 7)",V,C,C,C,457.375,231.0
3660,E,G,3,F,"(0, 4, 7)",V,C,C,C,457.5,231.0
3661,E,G,3,F,"(0, 4, 7)",V,C,C,C,457.625,231.0
3662,E,G,3,F,"(0, 4, 7)",V,C,C,C,457.75,231.0
3663,E,G,3,F,"(0, 4, 7)",V,C,C,C,457.875,231.0
3664,D,G,0,F,"(2, 5, 7, 11)",V7,F,B,C,458.0,231.0
3665,D,G,1,F,"(2, 5, 7, 11)",V7,F,B,C,458.125,231.0
3666,D,G,2,F,"(2, 5, 7, 11)",V7,F,B,C,458.25,231.0
3667,D,G,2,F,"(2, 5, 7, 11)",V7,F,B,C,458.375,231.0
3668,D,D,3,F,"(2, 5, 7, 11)",V7,F,B,C,458.5,231.0
3669,D,D,3,F,"(2, 5, 7, 11)",V7,F,B,C,458.625,231.0
3670,D,D,3,F,"(2, 5, 7, 11)",V7,F,B,C,458.75,231.0
3671,D,D,3,F,"(2, 5, 7, 11)",V7,F,B,C,458.875,231.0
3672,G,C,0,F,"(0, 4, 7)",I,C,E,C,459.0,232.0
3673,G,C,1,F,"(0, 4, 7)",I,C,E,F,459.125,232.0
3674,G,C,2,F,"(0, 4, 7)",I,C,E,F,459.25,232.0
3675,G,C,2,F,"(0, 4, 7)",I,C,E,F,459.375,232.0
3676,G,C,3,F,"(0, 4, 7)",I,C,E,F,459.5,232.0
3677,G,C,3,F,"(0, 4, 7)",I,C,E,F,459.625,232.0
3678,G,C,3,F,"(0, 4, 7)",I,C,E,C,459.75,232.0
3679,G,C,3,F,"(0, 4, 7)",I,C,E,C,459.875,232.0
3680,G,C,4,F,"(0, 4, 7)",I,C,E,C,460.0,232.0
3681,G,C,4,F,"(0, 4, 7)",I,C,E,C,460.125,232.0
3682,G,C,4,F,"(0, 4, 7)",I,C,E,C,460.25,232.0
3683,G,C,4,F,"(0, 4, 7)",I,C,E,C,460.375,232.0
3684,G,C,4,F,"(0, 4, 7)",I,C,E,C,460.5,232.0
3685,G,C,4,F,"(0, 4, 7)",I,C,E,C,460.625,232.0
3686,G,C,4,F,"(0, 4, 7)",I,C,E,C,460.75,232.0
3687,G,C,4,F,"(0, 4, 7)",I,C,E,C,460.875,232.0
3688,G,C,0,F,"(0, 3, 7)",V7,C,E-,g,461.0,233.0
3689,G,C,1,F,"(0, 3, 6, 9)",viio7,C,E-,g,461.125,233.0
3690,G,C,2,F,"(0, 3, 6, 9)",viio7,C,E-,g,461.25,233.0
3691,G,C,2,F,"(0, 3, 6, 9)",viio7,C,E-,g,461.375,233.0
3692,G,C,3,F,"(0, 3, 6, 9)",V7,C,E-,g,461.5,233.0
3693,G,C,3,F,"(0, 4, 7)",V7,C,E-,g,461.625,233.0
3694,G,C,3,F,"(0, 4, 7)",V7,C,E-,g,461.75,233.0
3695,G,C,3,F,"(0, 4, 7)",V7,C,E-,g,461.875,233.0
3696,F#,C,0,F,"(0, 2, 6, 9)",V7,A,A,g,462.0,233.0
3697,F#,C,1,F,"(0, 2, 6, 9)",V7,A,A,g,462.125,233.0
3698,F#,C,2,F,"(0, 2, 6, 9)",V7,A,A,g,462.25,233.0
3699,F#,C,2,F,"(0, 2, 6, 9)",V7,A,A,g,462.375,233.0
3700,F#,C,4,F,"(0, 2, 6, 9)",V7,A,A,g,462.5,233.0
3701,F#,C,4,F,"(0, 2, 6, 9)",V7,A,A,g,462.625,233.0
3702,F#,C,4,F,"(0, 2, 6, 9)",V7,A,A,g,462.75,233.0
3703,F#,C,4,F,"(0, 2, 6, 9)",V7,A,A,g,462.875,233.0
3704,D,G,0,F,"(2, 7, 10)",ii,G,B-,F,463.0,234.0
3705,D,G,1,F,"(2, 7, 10)",ii,G,B-,F,463.125,234.0
3706,D,G,2,F,"(2, 7, 10)",ii,G,B-,F,463.25,234.0
3707,D,G,2,F,"(2, 7, 10)",ii,G,B-,F,463.375,234.0
3708,D,G,3,F,"(2, 7, 10)",ii,G,B-,F,463.5,234.0
3709,D,G,3,F,"(2, 7, 10)",ii,G,B-,F,463.625,234.0
3710,D,G,3,F,"(2, 7, 10)",ii,G,B-,F,463.75,234.0
3711,D,G,3,F,"(2, 7, 10)",ii,G,B-,F,463.875,234.0
3712,G,G,4,F,"(2, 7, 10)",ii,G,B-,F,464.0,234.0
3713,G,G,4,F,"(2, 7, 10)",ii,G,B-,F,464.125,234.0
3714,G,G,4,F,"(2, 7, 10)",ii,G,B-,F,464.25,234.0
3715,G,G,4,F,"(2, 7, 10)",ii,G,B-,F,464.375,234.0
3716,G,G,4,F,"(2, 7, 10)",ii,G,B-,F,464.5,234.0
3717,G,G,4,F,"(2, 7, 10)",ii,G,B-,F,464.625,234.0
3718,G,G,4,F,"(2, 7, 10)",ii,G,B-,F,464.75,234.0
3719,G,G,4,F,"(2, 7, 10)",ii,G,B-,F,464.875,234.0
3720,G,B-,0,F,"(0, 4, 7, 10)",viio7,B-,E,F,465.0,235.0
3721,G,B-,1,F,"(0, 4, 7, 10)",viio7,B-,E,F,465.125,235.0
3722,G,B-,2,F,"(0, 4, 7, 10)",viio7,B-,E,F,465.25,235.0
3723,G,B-,2,F,"(0, 4, 7, 10)",viio7,B-,E,F,465.375,235.0
3724,G,B-,3,F,"(0, 4, 7, 10)",V7,B-,E,F,465.5,235.0
3725,G,B-,3,F,"(0, 4, 7, 10)",V7,B-,E,F,465.625,235.0
3726,G,B-,3,F,"(0, 4, 7, 10)",V7,B-,E,F,465.75,235.0
3727,G,B-,3,F,"(0, 4, 7, 10)",V7,B-,E,F,465.875,235.0
3728,G,C,4,F,"(0, 4, 7, 10)",V7,B-,E,F,466.0,235.0
3729,G,C,4,F,"(0, 4, 7, 10)",V7,B-,E,F,466.125,235.0
3730,G,C,4,F,"(0, 4, 7, 10)",V7,B-,E,F,466.25,235.0
3731,G,C,4,F,"(0, 4, 7, 10)",V7,B-,E,F,466.375,235.0
3732,G,C,4,F,"(0, 4, 7, 10)",V7,B-,E,F,466.5,235.0
3733,G,C,4,F,"(0, 4, 7, 10)",V7,B-,E,F,466.625,235.0
3734,G,C,4,F,"(0, 4, 7, 10)",V7,B-,E,F,466.75,235.0
3735,G,C,4,F,"(0, 4, 7, 10)",V7,B-,E,F,466.875,235.0
3736,C,F,0,F,"(0, 5, 9)",I,F,A,F,467.0,236.0
3737,C,F,1,F,"(0, 5, 9)",I,F,A,F,467.125,236.0
3738,C,F,2,F,"(0, 5, 9)",I,F,A,F,467.25,236.0
3739,C,F,2,F,"(0, 5, 9)",I,F,A,F,467.375,236.0
3740,C,F,3,F,"(0, 5, 9)",I,F,A,F,467.5,236.0
3741,C,F,3,F,"(0, 5, 9)",I,F,A,F,467.625,236.0
3742,C,F,3,F,"(0, 5, 9)",I,F,A,F,467.75,236.0
3743,C,F,3,F,"(0, 5, 9)",I,F,A,F,467.875,236.0
3744,C,F,4,F,"(0, 5, 9)",I,F,A,F,468.0,236.0
3745,C,A,4,F,"(0, 5, 9)",I,F,A,F,468.125,236.0
3746,C,A,4,F,"(0, 5, 9)",I,F,A,F,468.25,236.0
3747,C,A,4,F,"(0, 5, 9)",I,F,A,F,468.375,236.0
3748,C,F,4,F,"(0, 5, 9)",I,F,A,F,468.5,236.0
3749,C,F,4,F,"(0, 5, 9)",I,F,A,F,468.625,236.0
3750,C,F,4,F,"(0, 5, 9)",I,F,A,F,468.75,236.0
3751,C,F,4,F,"(0, 5, 9)",I,F,A,F,468.875,236.0
3752,F,A,0,F,"(0, 5, 9)",I,F,C,F,469.0,237.0
3753,F,A,1,F,"(0, 5, 9)",I,F,C,F,469.125,237.0
3754,F,A,2,F,"(0, 5, 9)",I,F,C,F,469.25,237.0
3755,F,A,2,F,"(0, 5, 9)",I,F,C,F,469.375,237.0
3756,G,C,3,F,"(0, 5, 9)",I,F,C,F,469.5,237.0
3757,G,C,3,F,"(0, 5, 9)",I,F,C,F,469.625,237.0
3758,G,C,3,F,"(0, 5, 9)",I,F,C,F,469.75,237.0
3759,G,C,3,F,"(0, 5, 9)",I,F,C,F,469.875,237.0
3760,C,F,0,F,"(0, 5, 9)",I,F,A,F,470.0,237.0
3761,C,F,1,F,"(0, 5, 9)",I,F,A,F,470.125,237.0
3762,C,F,2,F,"(0, 5, 9)",I,F,A,F,470.25,237.0
3763,C,F,2,F,"(0, 5, 9)",I,F,A,F,470.375,237.0
3764,C,F,0,F,"(0, 5, 9)",I,F,A,F,470.5,237.0
3765,C,F,1,F,"(0, 5, 9)",I,F,A,F,470.625,237.0
3766,C,F,2,F,"(0, 5, 9)",I,F,A,F,470.75,237.0
3767,C,F,2,F,"(0, 5, 9)",I,F,A,F,470.875,237.0
3768,G,G,0,F,"(2, 7, 10)",V7,G,B-,F,471.0,238.0
3769,G,G,1,F,"(2, 7, 10)",V7,G,B-,F,471.125,238.0
3770,G,G,2,F,"(2, 7, 10)",V7,G,B-,F,471.25,238.0
3771,G,G,2,F,"(2, 7, 10)",V7,G,B-,F,471.375,238.0
3772,G,G,3,F,"(0, 4, 7, 10)",V7,B-,E,F,471.5,238.0
3773,G,G,3,F,"(0, 4, 7, 10)",V7,B-,E,F,471.625,238.0
3774,G,G,3,F,"(0, 4, 7, 10)",V7,B-,E,F,471.75,238.0
3775,G,G,3,F,"(0, 4, 7, 10)",V7,B-,E,F,471.875,238.0
3776,C,F,0,F,"(2, 5, 9)",I,F,A,F,472.0,238.0
3777,C,F,1,F,"(0, 5, 9)",I,F,A,F,472.125,238.0
3778,C,F,2,F,"(0, 5, 9)",I,F,A,F,472.25,238.0
3779,C,F,2,F,"(0, 5, 9)",I,F,A,F,472.375,238.0
3780,A,D,0,F,"(2, 5, 9)",IV,D,F,F,472.5,238.0
3781,A,D,1,F,"(2, 5, 9)",IV,D,F,F,472.625,238.0
3782,A,D,2,F,"(2, 5, 9)",IV,D,F,F,472.75,238.0
3783,A,D,2,F,"(2, 5, 9)",IV,D,F,F,472.875,238.0
3784,F,F,0,F,"(2, 5, 7, 10)",ii,F,D,F,473.0,239.0
3785,F,B-,1,F,"(2, 5, 7, 10)",ii,F,D,F,473.125,239.0
3786,F,B-,2,F,"(2, 5, 7, 10)",ii,F,D,F,473.25,239.0
3787,F,B-,2,F,"(2, 5, 7, 10)",ii,F,D,F,473.375,239.0
3788,F,B-,3,F,"(2, 5, 7, 10)",ii,G,D,F,473.5,239.0
3789,F,B-,3,F,"(2, 5, 7, 10)",IV,G,D,F,473.625,239.0
3790,F,B-,3,F,"(2, 5, 7, 10)",ii,G,D,F,473.75,239.0
3791,F,B-,3,F,"(2, 5, 7, 10)",ii,G,D,F,473.875,239.0
3792,A,C,0,F,"(0, 5, 9)",Cad,A,E,F,474.0,239.0
3793,A,C,1,F,"(0, 5, 9)",Cad,F,E,F,474.125,239.0
3794,A,C,2,F,"(0, 5, 9)",Cad,F,E,F,474.25,239.0
3795,A,C,2,F,"(0, 5, 9)",Cad,F,E,F,474.375,239.0
3796,G,C,3,F,"(0, 4, 7, 10)",V7,C,E,F,474.5,239.0
3797,G,C,1,F,"(0, 4, 7, 10)",V7,C,E,F,474.625,239.0
3798,G,C,2,F,"(0, 4, 7, 10)",V7,C,E,F,474.75,239.0
3799,G,C,2,F,"(0, 4, 7, 10)",V7,C,E,F,474.875,239.0
3800,C,F,0,F,"(0, 5, 9)",I,F,A,F,475.0,240.0
3801,C,F,1,F,"(0, 5, 9)",I,F,A,F,475.125,240.0
3802,C,F,2,F,"(0, 5, 9)",I,F,A,F,475.25,240.0
3803,C,F,2,F,"(0, 5, 9)",I,F,A,F,475.375,240.0
3804,C,F,3,F,"(0, 5, 9)",I,F,A,F,475.5,240.0
3805,C,F,3,F,"(0, 5, 9)",I,F,A,F,475.625,240.0
3806,C,F,3,F,"(0, 5, 9)",I,F,A,F,475.75,240.0
3807,C,F,3,F,"(0, 5, 9)",I,F,A,F,475.875,240.0
3808,C,F,4,F,"(0, 5, 9)",I,F,A,F,476.0,240.0
3809,C,F,4,F,"(0, 5, 9)",I,F,A,F,476.125,240.0
3810,C,F,4,F,"(0, 5, 9)",I,F,A,F,476.25,240.0
3811,C,F,4,F,"(0, 5, 9)",I,F,A,F,476.375,240.0
3812,C,F,4,F,"(0, 5, 9)",I,F,A,F,476.5,240.0
3813,C,F,4,F,"(0, 5, 9)",I,F,A,F,476.625,240.0
3814,C,F,4,F,"(0, 5, 9)",I,F,A,F,476.75,240.0
3815,C,F,4,F,"(0, 5, 9)",I,F,A,F,476.875,240.0
3816,G,C,0,F,"(0, 4, 7)",V,C,E,F,477.0,241.0
3817,G,C,1,F,"(0, 4, 7)",V7,C,E,F,477.125,241.0
3818,G,C,2,F,"(0, 4, 7)",V7,C,E,F,477.25,241.0
3819,G,C,2,F,"(0, 4, 7)",V7,C,E,F,477.375,241.0
3820,G,C,3,F,"(0, 4, 7)",V7,C,E,F,477.5,241.0
3821,G,C,3,F,"(0, 4, 7)",V7,C,E,F,477.625,241.0
3822,G,C,3,F,"(0, 4, 7)",V7,C,E,F,477.75,241.0
3823,G,C,3,F,"(0, 4, 7)",V7,C,E,F,477.875,241.0
3824,G,C,4,F,"(0, 4, 7)",V7,C,E,F,478.0,241.0
3825,G,C,4,F,"(0, 4, 7, 10)",V7,C,E,F,478.125,241.0
3826,G,C,4,F,"(0, 4, 7, 10)",V7,C,E,F,478.25,241.0
3827,G,C,4,F,"(0, 4, 7, 10)",V7,C,E,F,478.375,241.0
3828,G,C,0,F,"(0, 4, 7, 10)",V7,B-,E,F,478.5,241.0
3829,G,C,4,F,"(0, 4, 7, 10)",V7,B-,E,F,478.625,241.0
3830,G,C,4,F,"(0, 4, 7, 10)",V7,B-,E,F,478.75,241.0
3831,G,C,2,F,"(0, 4, 7, 10)",V7,B-,E,F,478.875,241.0
3832,A,C,0,F,"(0, 5, 9)",I,F,F,F,479.0,242.0
3833,A,C,1,F,"(0, 5, 9)",I,F,F,F,479.125,242.0
3834,A,C,2,F,"(0, 5, 9)",I,F,F,F,479.25,242.0
3835,A,C,2,F,"(0, 5, 9)",I,F,F,F,479.375,242.0
3836,A,C,3,F,"(0, 5, 9)",I,F,F,F,479.5,242.0
3837,C,C,3,F,"(0, 5, 9)",I,F,F,F,479.625,242.0
3838,C,C,3,F,"(0, 5, 9)",I,F,F,F,479.75,242.0
3839,A,C,3,F,"(0, 5, 9)",I,F,F,F,479.875,242.0
3840,A,F,4,F,"(0, 5, 9)",I,F,F,F,480.0,242.0
3841,A,C,1,F,"(0, 5, 9)",I,F,F,F,480.125,242.0
3842,A,C,2,F,"(0, 5, 9)",I,F,F,F,480.25,242.0
3843,A,C,4,F,"(0, 5, 9)",I,F,F,F,480.375,242.0
3844,A,C,3,F,"(0, 5, 9)",I,F,F,F,480.5,242.0
3845,A,C,3,F,"(0, 5, 9)",I,F,F,F,480.625,242.0
3846,A,C,3,F,"(0, 5, 9)",I,F,F,F,480.75,242.0
3847,A,C,3,F,"(0, 5, 9)",I,F,F,F,480.875,242.0
3848,G,C,0,F,"(0, 4, 7, 10)",V7,B-,E,F,481.0,243.0
3849,G,C,1,F,"(0, 4, 7, 10)",V7,B-,E,F,481.125,243.0
3850,G,C,2,F,"(0, 4, 7, 10)",V7,B-,E,F,481.25,243.0
3851,G,C,2,F,"(0, 4, 7, 10)",V7,B-,E,F,481.375,243.0
3852,G,C,3,F,"(0, 4, 7, 10)",V7,B-,E,F,481.5,243.0
3853,G,C,3,F,"(0, 4, 7, 10)",V7,B-,E,F,481.625,243.0
3854,G,C,3,F,"(0, 4, 7, 10)",V7,B-,E,F,481.75,243.0
3855,G,C,3,F,"(0, 4, 7, 10)",V7,B-,E,F,481.875,243.0
3856,G,C,4,F,"(0, 4, 7, 10)",V7,B-,E,F,482.0,243.0
3857,G,C,4,F,"(0, 4, 7, 10)",V7,B-,E,F,482.125,243.0
3858,G,C,4,F,"(0, 4, 7, 10)",V7,B-,E,F,482.25,243.0
3859,G,C,4,F,"(0, 4, 7, 10)",V7,B-,E,F,482.375,243.0
3860,G,C,4,F,"(0, 4, 7, 10)",V7,B-,E,F,482.5,243.0
3861,G,C,4,F,"(0, 4, 7, 10)",V7,B-,E,F,482.625,243.0
3862,G,C,4,F,"(0, 4, 7, 10)",V7,B-,E,F,482.75,243.0
3863,G,C,4,F,"(0, 4, 7, 10)",V7,B-,E,F,482.875,243.0
3864,A,C,0,F,"(0, 5, 9)",I,F,F,F,483.0,244.0
3865,A,C,1,F,"(0, 5, 9)",I,F,F,F,483.125,244.0
3866,A,C,2,F,"(0, 5, 9)",I,F,F,F,483.25,244.0
3867,A,C,2,F,"(0, 5, 9)",I,F,F,F,483.375,244.0
3868,A,C,3,F,"(0, 5, 9)",I,F,F,F,483.5,244.0
3869,A,C,3,F,"(0, 5, 9)",I,F,F,F,483.625,244.0
3870,A,C,3,F,"(0, 5, 9)",I,F,F,F,483.75,244.0
3871,A,C,3,F,"(0, 5, 9)",I,F,F,F,483.875,244.0
3872,A,C,4,F,"(0, 5, 9)",I,F,F,F,484.0,244.0
3873,A,C,4,F,"(0, 5, 9)",I,F,F,F,484.125,244.0
3874,A,C,4,F,"(0, 5, 9)",I,F,F,F,484.25,244.0
3875,A,C,4,F,"(0, 5, 9)",I,F,F,F,484.375,244.0
3876,A,C,4,F,"(0, 5, 9)",I,F,F,F,484.5,244.0
3877,A,C,4,F,"(0, 5, 9)",I,F,F,F,484.625,244.0
3878,A,C,4,F,"(0, 5, 9)",I,F,F,F,484.75,244.0
3879,A,C,4,F,"(0, 5, 9)",I,F,F,F,484.875,244.0
3880,G,C,0,F,"(0, 4, 7, 10)",V7,B-,E,F,485.0,245.0
3881,G,C,1,F,"(0, 4, 7, 10)",V7,B-,E,F,485.125,245.0
3882,G,C,2,F,"(0, 4, 7, 10)",V7,B-,E,F,485.25,245.0
3883,G,C,2,F,"(0, 4, 7, 10)",V7,B-,E,F,485.375,245.0
3884,G,C,3,F,"(0, 4, 7, 10)",V7,B-,E,F,485.5,245.0
3885,G,C,3,F,"(0, 4, 7, 10)",V7,B-,E,F,485.625,245.0
3886,G,C,3,F,"(0, 4, 7, 10)",V7,B-,E,F,485.75,245.0
3887,G,C,3,F,"(0, 4, 7, 10)",V7,B-,E,F,485.875,245.0
3888,G,C,4,F,"(0, 4, 7, 10)",V7,B-,E,F,486.0,245.0
3889,G,C,4,F,"(0, 4, 7, 10)",V7,B-,E,F,486.125,245.0
3890,G,C,4,F,"(0, 4, 7, 10)",V7,B-,E,F,486.25,245.0
3891,G,C,4,F,"(0, 4, 7, 10)",V7,B-,E,F,486.375,245.0
3892,G,C,0,F,"(0, 4, 7, 10)",V7,B-,E,F,486.5,245.0
3893,G,C,4,F,"(0, 4, 7, 10)",V7,B-,E,F,486.625,245.0
3894,G,C,2,F,"(0, 4, 7, 10)",V7,B-,E,F,486.75,245.0
3895,G,C,2,F,"(0, 4, 7, 10)",V7,B-,E,F,486.875,245.0
3896,G,D,0,F,"(2, 5, 9)",ii,B-,F,F,487.0,246.0
3897,B-,D,1,F,"(2, 5, 9)",ii,B-,F,F,487.125,246.0
3898,B-,D,2,F,"(2, 5, 9)",ii,B-,F,F,487.25,246.0
3899,B-,D,2,F,"(2, 5, 9)",ii,B-,F,F,487.375,246.0
3900,B-,D,3,F,"(2, 5, 9)",ii,B-,F,F,487.5,246.0
3901,B-,D,3,F,"(2, 5, 9)",ii,B-,F,F,487.625,246.0
3902,B-,D,3,F,"(2, 5, 9)",ii,B-,F,F,487.75,246.0
3903,B-,D,3,F,"(2, 5, 9)",ii,B-,F,F,487.875,246.0
3904,B-,D,4,F,"(2, 5, 9)",ii,B-,F,F,488.0,246.0
3905,B-,D,4,F,"(2, 5, 9)",ii,B-,F,F,488.125,246.0
3906,B-,D,4,F,"(2, 5, 9)",ii,B-,F,F,488.25,246.0
3907,B-,D,4,F,"(2, 5, 9)",ii,B-,F,F,488.375,246.0
3908,G,D,4,F,"(2, 5, 9)",V7,B-,F,F,488.5,246.0
3909,G,D,4,F,"(2, 5, 9)",V7,B-,F,F,488.625,246.0
3910,G,D,4,F,"(2, 5, 9)",V7,B-,F,F,488.75,246.0
3911,G,D,4,F,"(2, 5, 9)",V7,B-,F,F,488.875,246.0
3912,G,B-,0,F,"(2, 7, 10)",ii,G,D,F,489.0,247.0
3913,G,B-,1,F,"(2, 7, 10)",ii,G,D,F,489.125,247.0
3914,G,B-,2,F,"(2, 7, 10)",ii,G,D,F,489.25,247.0
3915,G,B-,2,F,"(2, 7, 10)",ii,G,D,F,489.375,247.0
3916,G,B-,3,F,"(2, 7, 10)",ii,G,D,F,489.5,247.0
3917,G,B-,3,F,"(2, 7, 10)",ii,G,D,F,489.625,247.0
3918,G,B-,3,F,"(2, 7, 10)",ii,G,D,F,489.75,247.0
3919,G,B-,3,F,"(2, 7, 10)",ii,G,D,F,489.875,247.0
3920,G,C,0,F,"(0, 4, 7, 10)",V7,B-,E,F,490.0,247.0
3921,G,C,1,F,"(0, 4, 7, 10)",V7,B-,E,F,490.125,247.0
3922,G,C,2,F,"(0, 4, 7, 10)",V7,B-,E,F,490.25,247.0
3923,G,C,2,F,"(0, 4, 7, 10)",V7,B-,E,F,490.375,247.0
3924,G,C,3,F,"(0, 4, 7, 10)",V7,B-,E,F,490.5,247.0
3925,G,C,3,F,"(0, 4, 7, 10)",V7,B-,E,F,490.625,247.0
3926,G,C,3,F,"(0, 4, 7, 10)",V7,B-,E,F,490.75,247.0
3927,G,C,3,F,"(0, 4, 7, 10)",V7,B-,E,F,490.875,247.0
3928,C,F,0,F,"(0, 5, 9)",I,F,A,F,491.0,248.0
3929,C,F,1,F,"(0, 5, 9)",I,F,A,F,491.125,248.0
3930,C,F,2,F,"(0, 5, 9)",I,F,A,F,491.25,248.0
3931,C,F,2,F,"(0, 5, 9)",I,F,A,F,491.375,248.0
3932,C,F,3,F,"(0, 5, 9)",I,F,A,F,491.5,248.0
3933,C,F,3,F,"(0, 5, 9)",I,F,A,F,491.625,248.0
3934,C,F,3,F,"(0, 5, 9)",I,F,A,F,491.75,248.0
3935,C,F,3,F,"(0, 5, 9)",I,F,A,F,491.875,248.0
3936,G,C,0,F,"(0, 4, 7)",V,B-,E,F,492.0,248.0
3937,G,C,1,F,"(0, 4, 7)",V,B-,E,F,492.125,248.0
3938,G,C,2,F,"(0, 4, 7)",V,B-,E,F,492.25,248.0
3939,G,C,2,F,"(0, 4, 7)",V,B-,E,F,492.375,248.0
3940,G,C,3,F,"(0, 4, 7)",V,B-,E,F,492.5,248.0
3941,G,C,3,F,"(0, 4, 7)",V,B-,E,F,492.625,248.0
3942,G,C,3,F,"(0, 4, 7)",V,B-,E,F,492.75,248.0
3943,G,C,3,F,"(0, 4, 7)",V,B-,E,F,492.875,248.0
3944,C,F,0,F,"(0, 5, 9)",I,F,A,F,493.0,249.0
3945,C,F,1,F,"(0, 5, 9)",I,F,A,F,493.125,249.0
3946,C,F,2,F,"(0, 5, 9)",I,F,A,F,493.25,249.0
3947,C,F,2,F,"(0, 5, 9)",I,F,A,F,493.375,249.0
3948,C,F,3,F,"(0, 5, 9)",I,F,A,F,493.5,249.0
3949,C,F,3,F,"(0, 5, 9)",I,F,A,F,493.625,249.0
3950,C,F,3,F,"(0, 5, 9)",I,F,A,F,493.75,249.0
3951,C,F,3,F,"(0, 5, 9)",I,F,A,F,493.875,249.0
3952,C,F,4,F,"(0, 5, 9)",I,F,A,F,494.0,249.0
3953,C,F,4,F,"(0, 5, 9)",I,F,A,F,494.125,249.0
3954,C,F,4,F,"(0, 5, 9)",I,F,A,F,494.25,249.0
3955,C,F,4,F,"(0, 5, 9)",I,F,A,F,494.375,249.0
3956,C,F,4,F,"(0, 5, 9)",I,F,A,F,494.5,249.0
3957,C,F,4,F,"(0, 5, 9)",I,F,A,F,494.625,249.0
3958,C,F,4,F,"(0, 5, 9)",I,F,A,F,494.75,249.0
3959,C,F,4,F,"(0, 5, 9)",I,F,A,F,494.875,249.0
3960,C,F,0,F,"(0, 5, 9)",I,F,A,F,495.0,250.0
3961,C,F,1,F,"(0, 5, 9)",I,F,A,F,495.125,250.0
3962,C,F,2,F,"(0, 5, 9)",I,F,A,F,495.25,250.0
3963,C,F,2,F,"(0, 5, 9)",I,F,A,F,495.375,250.0
3964,C,F,3,F,"(0, 5, 9)",I,F,A,F,495.5,250.0
3965,C,F,3,F,"(0, 5, 9)",I,F,A,F,495.625,250.0
3966,C,F,3,F,"(0, 5, 9)",I,F,A,F,495.75,250.0
3967,C,F,3,F,"(0, 5, 9)",I,F,A,F,495.875,250.0
3968,C,F,0,F,"(0, 5, 9)",I,F,A,F,496.0,251.0
3969,C,F,1,F,"(0, 5, 9)",I,F,A,F,496.125,251.0
3970,C,F,2,F,"(0, 5, 9)",I,F,A,F,496.25,251.0
3971,C,F,2,F,"(0, 5, 9)",I,F,A,F,496.375,251.0
3972,C,F,3,F,"(0, 5, 9)",I,F,A,F,496.5,251.0
3973,C,F,3,F,"(0, 5, 9)",I,F,A,F,496.625,251.0
3974,C,F,3,F,"(0, 5, 9)",I,F,A,F,496.75,251.0
3975,C,F,3,F,"(0, 5, 9)",I,F,A,F,496.875,251.0
3976,C,F,4,F,"(0, 5, 9)",I,F,A,F,497.0,251.0
3977,C,F,4,F,"(0, 5, 9)",I,F,A,F,497.125,251.0
3978,C,F,4,F,"(0, 5, 9)",I,F,A,F,497.25,251.0
3979,C,F,4,F,"(0, 5, 9)",I,F,A,F,497.375,251.0
3980,C,F,4,F,"(0, 5, 9)",I,F,A,F,497.5,251.0
3981,C,F,4,F,"(0, 5, 9)",I,F,A,F,497.625,251.0
3982,C,F,4,F,"(0, 5, 9)",I,F,A,F,497.75,251.0
3983,C,F,4,F,"(0, 5, 9)",I,F,A,F,497.875,251.0
3984,F,B-,0,F,"(0, 4, 7, 10)",I,G,D,F,498.0,252.0
3985,E,B-,1,F,"(0, 4, 7, 10)",viio,G,D,F,498.125,252.0
3986,E,B-,2,F,"(0, 4, 7, 10)",viio,G,D,F,498.25,252.0
3987,E,B-,2,F,"(0, 4, 7, 10)",V7,G,D,F,498.375,252.0
3988,E,B-,3,F,"(0, 4, 7, 10)",V7,G,D,F,498.5,252.0
3989,E,B-,3,F,"(0, 4, 7, 10)",V7,G,D,F,498.625,252.0
3990,E,B-,3,F,"(0, 4, 7, 10)",V7,G,D,F,498.75,252.0
3991,E,B-,3,F,"(0, 4, 7, 10)",V7,G,D,F,498.875,252.0
3992,F,A,0,F,"(0, 5, 9)",I,F,C,F,499.0,252.0
3993,F,A,1,F,"(0, 5, 9)",I,F,C,F,499.125,252.0
3994,F,A,2,F,"(0, 5, 9)",I,F,C,F,499.25,252.0
3995,F,A,2,F,"(0, 5, 9)",I,F,C,F,499.375,252.0
3996,F,A,3,F,"(0, 5, 9)",I,F,C,F,499.5,252.0
3997,F,A,3,F,"(0, 5, 9)",I,F,C,F,499.625,252.0
3998,F,A,3,F,"(0, 5, 9)",I,F,C,F,499.75,252.0
3999,F,A,3,F,"(0, 5, 9)",I,F,C,F,499.875,252.0
4000,C,G,0,F,"(0, 4, 7, 10)",V7,F,B-,F,500.0,253.0
4001,C,G,1,F,"(0, 4, 7, 10)",V7,F,B-,F,500.125,253.0
4002,C,G,2,F,"(0, 4, 7, 10)",V7,F,B-,F,500.25,253.0
4003,C,G,2,F,"(0, 4, 7, 10)",V7,E,B-,F,500.375,253.0
4004,C,G,3,F,"(0, 4, 7, 10)",V7,F,B-,F,500.5,253.0
4005,C,G,3,F,"(0, 4, 7, 10)",V7,F,B-,F,500.625,253.0
4006,C,G,3,F,"(0, 4, 7, 10)",V7,F,B-,F,500.75,253.0
4007,C,G,3,F,"(0, 4, 7, 10)",V7,F,B-,F,500.875,253.0
4008,C,E,4,F,"(0, 4, 7, 10)",V7,E,B-,F,501.0,253.0
4009,C,E,4,F,"(0, 4, 7, 10)",V7,E,B-,F,501.125,253.0
4010,C,E,4,F,"(0, 4, 7, 10)",V7,E,B-,F,501.25,253.0
4011,C,E,4,F,"(0, 4, 7, 10)",V7,E,B-,F,501.375,253.0
4012,C,F,4,F,"(0, 5, 9)",I,F,A,F,501.5,253.0
4013,C,F,4,F,"(0, 5, 9)",I,F,A,F,501.625,253.0
4014,C,F,4,F,"(0, 5, 9)",I,F,A,F,501.75,253.0
4015,C,F,4,F,"(0, 5, 9)",I,F,A,F,501.875,253.0
4016,C,G,0,F,"(0, 4, 7, 10)",V7,G,B-,F,502.0,254.0
4017,C,G,1,F,"(0, 4, 7, 10)",V7,G,B-,F,502.125,254.0
4018,C,G,2,F,"(0, 4, 7, 10)",V7,G,B-,F,502.25,254.0
4019,C,G,2,F,"(0, 4, 7, 10)",V7,G,B-,F,502.375,254.0
4020,C,G,3,F,"(0, 4, 7, 10)",V7,G,B-,F,502.5,254.0
4021,C,G,3,F,"(0, 4, 7, 10)",V7,G,B-,F,502.625,254.0
4022,C,G,3,F,"(0, 4, 7, 10)",V7,G,B-,F,502.75,254.0
4023,C,G,3,F,"(0, 4, 7, 10)",V7,G,B-,F,502.875,254.0
4024,G,C,0,F,"(0, 4, 7)",V,F,E,F,503.0,254.0
4025,G,C,1,F,"(0, 4, 7)",V,F,E,F,503.125,254.0
4026,G,C,2,F,"(0, 4, 7)",V,F,E,F,503.25,254.0
4027,G,C,2,F,"(0, 4, 7)",V,F,E,F,503.375,254.0
4028,G,C,3,F,"(0, 4, 7)",V,F,E,F,503.5,254.0
4029,G,C,3,F,"(0, 4, 7)",V,F,E,F,503.625,254.0
4030,G,C,3,F,"(0, 4, 7)",V,F,E,F,503.75,254.0
4031,G,C,3,F,"(0, 4, 7)",V,F,E,F,503.875,254.0
4032,F,A,0,F,"(0, 5, 9)",I,F,A,F,504.0,255.0
4033,F,A,1,F,"(0, 5, 9)",I,F,A,F,504.125,255.0
4034,F,A,2,F,"(0, 5, 9)",I,F,A,F,504.25,255.0
4035,F,A,2,F,"(0, 5, 9)",I,F,A,F,504.375,255.0
4036,F,A,3,F,"(0, 5, 9)",I,F,C,F,504.5,255.0
4037,F,A,3,F,"(0, 5, 9)",I,F,C,F,504.625,255.0
4038,F,A,3,F,"(0, 5, 9)",I,F,C,F,504.75,255.0
4039,F,A,3,F,"(0, 5, 9)",I,F,C,F,504.875,255.0
4040,F,F,4,F,"(0, 5, 9)",I,F,A,F,505.0,255.0
4041,F,F,4,F,"(0, 5, 9)",I,F,A,F,505.125,255.0
4042,F,F,4,F,"(0, 5, 9)",I,F,A,F,505.25,255.0
4043,F,F,4,F,"(0, 5, 9)",I,F,A,F,505.375,255.0
4044,C,F,4,F,"(0, 5, 9)",I,F,A,F,505.5,255.0
4045,C,F,4,F,"(0, 5, 9)",I,F,A,F,505.625,255.0
4046,C,F,4,F,"(0, 5, 9)",I,F,A,F,505.75,255.0
4047,C,F,4,F,"(0, 5, 9)",I,F,A,F,505.875,255.0
4048,B-,C,0,F,"(0, 4, 7, 10)",V7,B-,E,F,506.0,256.0
4049,G,C,1,F,"(0, 4, 7, 10)",V7,B-,E,F,506.125,256.0
4050,G,C,2,F,"(0, 4, 7, 10)",V7,B-,E,F,506.25,256.0
4051,G,C,2,F,"(0, 4, 7, 10)",V7,B-,E,F,506.375,256.0
4052,B-,C,3,F,"(0, 4, 7, 10)",V7,B-,E,F,506.5,256.0
4053,B-,C,3,F,"(0, 4, 7, 10)",V7,B-,E,F,506.625,256.0
4054,B-,C,3,F,"(0, 4, 7, 10)",V7,B-,E,F,506.75,256.0
4055,B-,C,3,F,"(0, 4, 7, 10)",V7,B-,E,F,506.875,256.0
4056,C,F,0,F,"(0, 5, 9)",I,F,A,F,507.0,256.0
4057,C,F,1,F,"(0, 5, 9)",I,F,A,F,507.125,256.0
4058,C,F,2,F,"(0, 5, 9)",I,F,A,F,507.25,256.0
4059,C,F,2,F,"(0, 5, 9)",I,F,A,F,507.375,256.0
4060,C,F,4,F,"(0, 5, 9)",I,F,A,F,507.5,256.0
4061,C,F,4,F,"(0, 5, 9)",I,F,A,F,507.625,256.0
4062,C,F,4,F,"(0, 5, 9)",I,F,A,F,507.75,256.0
4063,C,F,4,F,"(0, 5, 9)",I,F,A,F,507.875,256.0
4064,G,B-,0,F,"(2, 7, 10)",ii,G,D,F,508.0,257.0
4065,G,B-,1,F,"(2, 7, 10)",ii,G,D,F,508.125,257.0
4066,G,B-,2,F,"(2, 7, 10)",ii,G,D,F,508.25,257.0
4067,G,B-,2,F,"(2, 7, 10)",ii,G,D,F,508.375,257.0
4068,G,B-,3,F,"(2, 7, 10)",ii,G,D,F,508.5,257.0
4069,G,B-,3,F,"(2, 7, 10)",ii,G,D,F,508.625,257.0
4070,G,B-,3,F,"(2, 7, 10)",ii,G,D,F,508.75,257.0
4071,G,B-,3,F,"(2, 7, 10)",ii,G,D,F,508.875,257.0
4072,G,C,0,F,"(0, 4, 7, 10)",V7,B-,E,F,509.0,257.0
4073,G,C,1,F,"(0, 4, 7, 10)",V7,B-,E,F,509.125,257.0
4074,G,C,2,F,"(0, 4, 7, 10)",V7,B-,E,F,509.25,257.0
4075,G,C,2,F,"(0, 4, 7, 10)",V7,B-,E,F,509.375,257.0
4076,G,C,3,F,"(0, 4, 7, 10)",V7,B-,E,F,509.5,257.0
4077,G,C,3,F,"(0, 4, 7, 10)",V7,B-,E,F,509.625,257.0
4078,G,C,3,F,"(0, 4, 7, 10)",V7,B-,E,F,509.75,257.0
4079,G,C,3,F,"(0, 4, 7, 10)",V7,B-,E,F,509.875,257.0
4080,F,A,0,F,"(0, 5, 9)",I,F,C,F,510.0,258.0
4081,F,A,1,F,"(0, 5, 9)",I,F,C,F,510.125,258.0
4082,F,A,2,F,"(0, 5, 9)",I,F,C,F,510.25,258.0
4083,F,A,2,F,"(0, 5, 9)",I,F,C,F,510.375,258.0
4084,F,A,3,F,"(0, 5, 9)",I,F,C,F,510.5,258.0
4085,F,A,3,F,"(0, 5, 9)",I,F,C,F,510.625,258.0
4086,F,A,3,F,"(0, 5, 9)",I,F,C,F,510.75,258.0
4087,F,A,3,F,"(0, 5, 9)",I,F,C,F,510.875,258.0
4088,A,C,0,F,"(0, 5, 9)",I,F,F,F,511.0,258.0
4089,A,C,1,F,"(0, 5, 9)",I,F,F,F,511.125,258.0
4090,A,C,2,F,"(0, 5, 9)",I,F,F,F,511.25,258.0
4091,A,C,4,F,"(0, 5, 9)",I,F,F,F,511.375,258.0
4092,A,C,3,F,"(0, 5, 9)",I,F,F,F,511.5,258.0
4093,A,C,3,F,"(0, 5, 9)",I,F,F,F,511.625,258.0
4094,A,C,4,F,"(0, 5, 9)",I,F,F,F,511.75,258.0
4095,A,C,3,F,"(0, 5, 9)",I,F,F,F,511.875,258.0
4096,C,F,0,F,"(0, 5, 9)",I,F,A,F,512.0,259.0
4097,C,F,1,F,"(0, 5, 9)",I,F,A,F,512.125,259.0
4098,C,F,2,F,"(0, 5, 9)",I,F,A,F,512.25,259.0
4099,C,F,2,F,"(0, 5, 9)",I,F,A,F,512.375,259.0
4100,C,F,3,F,"(0, 5, 9)",I,F,A,F,512.5,259.0
4101,C,F,3,F,"(0, 5, 9)",I,F,A,F,512.625,259.0
4102,C,F,3,F,"(0, 5, 9)",I,F,A,F,512.75,259.0
4103,C,F,3,F,"(0, 5, 9)",I,F,A,F,512.875,259.0
4104,C,F,4,F,"(0, 5, 9)",I,F,A,F,513.0,259.0
4105,C,F,4,F,"(0, 5, 9)",I,F,A,F,513.125,259.0
4106,C,F,4,F,"(0, 5, 9)",I,F,A,F,513.25,259.0
4107,C,F,4,F,"(0, 5, 9)",I,F,A,F,513.375,259.0
4108,C,F,0,F,"(0, 5, 9)",I,F,A,F,513.5,259.0
4109,C,F,1,F,"(0, 5, 9)",I,F,A,F,513.625,259.0
4110,C,F,2,F,"(0, 5, 9)",I,F,A,F,513.75,259.0
4111,C,F,2,F,"(0, 5, 9)",I,F,A,F,513.875,259.0
4112,E,B-,0,F,"(0, 4, 7, 10)",V7,G,C,F,514.0,260.0
4113,E,B-,1,F,"(0, 4, 7, 10)",V7,G,C,F,514.125,260.0
4114,E,B-,2,F,"(0, 4, 7, 10)",V7,G,C,F,514.25,260.0
4115,E,B-,2,F,"(0, 4, 7, 10)",V7,G,C,F,514.375,260.0
4116,E,B-,3,F,"(0, 4, 7, 10)",V7,G,C,F,514.5,260.0
4117,E,B-,3,F,"(0, 4, 7, 10)",V7,G,C,F,514.625,260.0
4118,E,B-,3,F,"(0, 4, 7, 10)",V7,G,C,F,514.75,260.0
4119,E,B-,3,F,"(0, 4, 7, 10)",V7,G,C,F,514.875,260.0
4120,F,A,0,F,"(0, 5, 9)",I,F,C,F,515.0,260.0
4121,F,A,1,F,"(0, 5, 9)",I,F,C,F,515.125,260.0
4122,F,A,2,F,"(0, 5, 9)",I,F,C,F,515.25,260.0
4123,F,A,2,F,"(0, 5, 9)",I,F,C,F,515.375,260.0
4124,F,A,3,F,"(0, 5, 9)",I,F,C,F,515.5,260.0
4125,F,A,3,F,"(0, 5, 9)",I,F,C,F,515.625,260.0
4126,F,A,3,F,"(0, 5, 9)",I,F,C,F,515.75,260.0
4127,F,A,3,F,"(0, 5, 9)",I,F,C,F,515.875,260.0
4128,C,G,0,F,"(0, 4, 7, 10)",V7,F,B-,F,516.0,261.0
4129,C,G,1,F,"(0, 4, 7, 10)",ii,F,B-,F,516.125,261.0
4130,C,G,2,F,"(0, 4, 7, 10)",ii,F,B-,F,516.25,261.0
4131,C,G,2,F,"(0, 4, 7, 10)",ii,F,B-,F,516.375,261.0
4132,C,G,3,F,"(0, 4, 7, 10)",V7,E,B-,F,516.5,261.0
4133,C,G,3,F,"(0, 4, 7, 10)",V7,E,B-,F,516.625,261.0
4134,C,G,3,F,"(0, 4, 7, 10)",V7,E,B-,F,516.75,261.0
4135,C,G,3,F,"(0, 4, 7, 10)",V7,E,B-,F,516.875,261.0
4136,C,G,4,F,"(0, 4, 7, 10)",V7,E,B-,F,517.0,261.0
4137,C,G,4,F,"(0, 4, 7, 10)",V7,E,B-,F,517.125,261.0
4138,C,G,4,F,"(0, 4, 7, 10)",V7,E,B-,F,517.25,261.0
4139,C,G,4,F,"(0, 4, 7, 10)",V7,E,B-,F,517.375,261.0
4140,C,G,4,F,"(0, 4, 7, 10)",V7,E,B-,F,517.5,261.0
4141,C,G,4,F,"(0, 4, 7, 10)",V7,E,B-,F,517.625,261.0
4142,C,G,4,F,"(0, 4, 7, 10)",V7,E,B-,F,517.75,261.0
4143,C,G,4,F,"(0, 4, 7, 10)",V7,E,B-,F,517.875,261.0
4144,G,C,0,F,"(0, 4, 7, 10)",V7,B-,E,F,518.0,262.0
4145,G,C,1,F,"(0, 4, 7, 10)",V7,B-,E,F,518.125,262.0
4146,G,C,2,F,"(0, 4, 7, 10)",V7,B-,E,F,518.25,262.0
4147,G,C,2,F,"(0, 4, 7, 10)",V7,B-,E,F,518.375,262.0
4148,G,C,3,F,"(0, 4, 7, 10)",V7,B-,E,F,518.5,262.0
4149,G,C,3,F,"(0, 4, 7, 10)",V7,B-,E,F,518.625,262.0
4150,G,C,3,F,"(0, 4, 7, 10)",V7,B-,E,F,518.75,262.0
4151,G,C,3,F,"(0, 4, 7, 10)",V7,B-,E,F,518.875,262.0
4152,A,C,0,F,"(0, 5, 9)",I,F,A,F,519.0,262.0
4153,A,C,1,F,"(0, 5, 9)",I,F,A,F,519.125,262.0
4154,A,C,2,F,"(0, 5, 9)",I,F,A,F,519.25,262.0
4155,A,C,2,F,"(0, 5, 9)",I,F,A,F,519.375,262.0
4156,A,C,3,F,"(0, 5, 9)",I,F,A,F,519.5,262.0
4157,A,C,3,F,"(0, 5, 9)",I,F,A,F,519.625,262.0
4158,G,C,3,F,"(0, 5, 9)",I,F,E,F,519.75,262.0
4159,G,C,3,F,"(0, 5, 9)",I,F,E,F,519.875,262.0
4160,D,F,0,F,"(2, 5, 9)",vi,D,A,F,520.0,263.0
4161,C,F,1,F,"(2, 5, 9)",vi,D,A,F,520.125,263.0
4162,C,F,2,F,"(2, 5, 9)",vi,D,A,F,520.25,263.0
4163,C,F,2,F,"(2, 5, 9)",vi,D,A,F,520.375,263.0
4164,C,F,3,F,"(2, 5, 9)",vi,D,A,F,520.5,263.0
4165,C,F,3,F,"(0, 5, 9)",vi,D,A,F,520.625,263.0
4166,C,F,3,F,"(0, 4, 7)",vi,C,A,F,520.75,263.0
4167,C,A,3,F,"(0, 4, 7)",vi,C,A,F,520.875,263.0
4168,E,A,0,F,"(0, 5, 9)",vi,F,C,F,521.0,263.0
4169,E,A,1,F,"(0, 5, 9)",vi,F,C,F,521.125,263.0
4170,E,A,2,F,"(0, 5, 9)",vi,F,C,F,521.25,263.0
4171,E,A,2,F,"(0, 5, 9)",vi,F,C,F,521.375,263.0
4172,E,A,0,F,"(0, 5, 9)",I,G,C,F,521.5,263.0
4173,F,A,1,F,"(0, 5, 9)",I,G,C,F,521.625,263.0
4174,F,A,0,F,"(0, 5, 9)",I,F,C,F,521.75,263.0
4175,F,A,2,F,"(0, 5, 9)",I,F,C,F,521.875,263.0
4176,E,B-,0,F,"(0, 4, 7, 10)",V7,G,C,F,522.0,264.0
4177,E,B-,1,F,"(0, 4, 7, 10)",V7,G,C,F,522.125,264.0
4178,E,B-,2,F,"(0, 4, 7, 10)",V7,G,C,F,522.25,264.0
4179,E,B-,2,F,"(0, 4, 7, 10)",V7,G,C,F,522.375,264.0
4180,E,B-,3,F,"(0, 4, 7, 10)",V7,G,C,F,522.5,264.0
4181,E,B-,3,F,"(0, 4, 7, 10)",V7,G,C,F,522.625,264.0
4182,E,B-,3,F,"(0, 4, 7, 10)",V7,G,C,F,522.75,264.0
4183,E,B-,3,F,"(0, 4, 7, 10)",V7,G,C,F,522.875,264.0
4184,F,A,0,F,"(0, 5, 9)",I,F,C,F,523.0,264.0
4185,F,A,1,F,"(0, 5, 9)",I,F,C,F,523.125,264.0
4186,F,A,2,F,"(0, 5, 9)",I,F,C,F,523.25,264.0
4187,F,A,2,F,"(0, 5, 9)",I,F,C,F,523.375,264.0
4188,F,A,3,F,"(0, 5, 9)",I,F,C,F,523.5,264.0
4189,F,A,3,F,"(0, 5, 9)",I,F,C,F,523.625,264.0
4190,F,A,3,F,"(0, 5, 9)",I,F,C,F,523.75,264.0
4191,F,A,3,F,"(0, 5, 9)",I,F,C,F,523.875,264.0
4192,E,G,0,F,"(0, 4, 7)",V,C,C,F,524.0,265.0
4193,E,G,1,F,"(0, 4, 7)",V,C,C,F,524.125,265.0
4194,E,G,2,F,"(0, 4, 7)",V,C,C,F,524.25,265.0
4195,E,G,2,F,"(0, 4, 7)",V,C,C,F,524.375,265.0
4196,E,G,3,F,"(0, 4, 7)",V,C,C,F,524.5,265.0
4197,E,G,3,F,"(0, 4, 7)",V,C,C,C,524.625,265.0
4198,E,G,3,F,"(0, 4, 7)",V,C,C,C,524.75,265.0
4199,E,G,3,F,"(0, 4, 7)",V,C,C,C,524.875,265.0
4200,D,G,0,F,"(2, 5, 7, 11)",V7,G,B,C,525.0,265.0
4201,D,G,1,F,"(2, 5, 7, 11)",V7,G,B,C,525.125,265.0
4202,D,G,2,F,"(2, 5, 7, 11)",V7,G,B,C,525.25,265.0
4203,D,G,2,F,"(2, 5, 7, 11)",V7,G,B,C,525.375,265.0
4204,F,G,0,F,"(2, 5, 7, 11)",V7,G,B,C,525.5,265.0
4205,F,G,3,F,"(2, 5, 7, 11)",V7,G,B,C,525.625,265.0
4206,F,G,3,F,"(2, 5, 7, 11)",V7,G,B,C,525.75,265.0
4207,F,G,3,F,"(2, 5, 7, 11)",V7,G,B,C,525.875,265.0
4208,G,C,0,C,"(0, 4, 7)",I,C,E,F,526.0,266.0
4209,G,C,1,C,"(0, 4, 7)",I,C,E,F,526.125,266.0
4210,G,C,2,C,"(0, 4, 7)",I,C,E,F,526.25,266.0
4211,G,C,2,C,"(0, 4, 7)",I,C,E,F,526.375,266.0
4212,G,C,3,C,"(0, 4, 7)",I,C,E,F,526.5,266.0
4213,G,C,3,C,"(0, 4, 7)",I,C,E,F,526.625,266.0
4214,G,C,3,C,"(0, 4, 7)",I,C,E,F,526.75,266.0
4215,G,C,3,C,"(0, 4, 7)",I,C,E,F,526.875,266.0
4216,G,C,0,C,"(0, 4, 7)",V7,C,E,C,527.0,266.0
4217,G,C,1,C,"(0, 4, 7)",V7,C,E,C,527.125,266.0
4218,G,C,2,C,"(0, 4, 7)",V7,C,E,C,527.25,266.0
4219,G,C,2,C,"(0, 4, 7)",V7,C,E,C,527.375,266.0
4220,C,E,0,C,"(0, 4, 7)",V,C,E,C,527.5,266.0
4221,C,E,1,C,"(0, 4, 7)",I,C,E,C,527.625,266.0
4222,C,E,2,C,"(0, 4, 7)",I,C,E,C,527.75,266.0
4223,C,E,2,C,"(0, 4, 7)",I,C,E,C,527.875,266.0
4224,E,G,0,C,"(0, 4, 7)",I,C,C,C,528.0,267.0
4225,E,G,1,C,"(0, 4, 7)",I,C,C,C,528.125,267.0
4226,E,G,2,C,"(0, 4, 7)",I,C,C,C,528.25,267.0
4227,E,G,2,C,"(0, 4, 7)",I,C,C,C,528.375,267.0
4228,E,G,3,C,"(0, 4, 7)",I,C,C,C,528.5,267.0
4229,E,G,3,C,"(0, 4, 7)",I,C,C,C,528.625,267.0
4230,E,G,3,C,"(0, 4, 7)",I,C,C,C,528.75,267.0
4231,E,G,3,C,"(0, 4, 7)",I,C,C,C,528.875,267.0
4232,D,G,0,C,"(2, 5, 7, 11)",V7,F,B,C,529.0,267.0
4233,D,G,1,C,"(2, 5, 7, 11)",V7,F,B,C,529.125,267.0
4234,D,G,2,C,"(2, 5, 7, 11)",V7,F,B,C,529.25,267.0
4235,D,G,2,C,"(2, 5, 7, 11)",V7,F,B,C,529.375,267.0
4236,D,G,3,C,"(2, 5, 7, 11)",V7,F,B,C,529.5,267.0
4237,D,G,3,C,"(2, 5, 7, 11)",V7,F,B,C,529.625,267.0
4238,D,G,3,C,"(2, 5, 7, 11)",V7,F,B,C,529.75,267.0
4239,D,G,3,C,"(2, 5, 7, 11)",V7,F,B,C,529.875,267.0
4240,G,C,0,C,"(0, 4, 7)",I,C,E,C,530.0,268.0
4241,G,C,1,C,"(0, 4, 7)",I,C,E,C,530.125,268.0
4242,G,C,2,C,"(0, 4, 7)",I,C,E,C,530.25,268.0
4243,G,C,2,C,"(0, 4, 7)",I,C,E,C,530.375,268.0
4244,G,C,3,C,"(0, 4, 7)",I,C,E,C,530.5,268.0
4245,G,C,3,C,"(0, 4, 7)",I,C,E,C,530.625,268.0
4246,G,C,3,C,"(0, 4, 7)",I,C,E,C,530.75,268.0
4247,G,C,3,C,"(0, 4, 7)",I,C,E,C,530.875,268.0
4248,G,C,4,C,"(0, 4, 7)",V7,C,E,C,531.0,268.0
4249,G,C,1,C,"(0, 4, 7)",V7,C,E,C,531.125,268.0
4250,G,C,4,C,"(0, 4, 7)",V7,C,E,C,531.25,268.0
4251,G,C,2,C,"(0, 4, 7)",V7,C,E,C,531.375,268.0
4252,C,E,0,C,"(0, 4, 7)",I,C,E,C,531.5,268.0
4253,C,E,1,C,"(0, 4, 7)",I,C,E,C,531.625,268.0
4254,C,E,4,C,"(0, 4, 7)",I,C,E,C,531.75,268.0
4255,C,E,2,C,"(0, 4, 7)",I,C,E,C,531.875,268.0
4256,E,G,0,C,"(0, 4, 7)",I,C,C,C,532.0,269.0
4257,E,G,1,C,"(0, 4, 7)",I,C,C,C,532.125,269.0
4258,E,G,2,C,"(0, 4, 7)",I,C,C,C,532.25,269.0
4259,E,G,2,C,"(0, 4, 7)",I,C,C,C,532.375,269.0
4260,E,G,3,C,"(0, 4, 7)",I,C,C,C,532.5,269.0
4261,E,G,3,C,"(0, 4, 7)",I,C,C,C,532.625,269.0
4262,E,G,3,C,"(0, 4, 7)",I,C,C,C,532.75,269.0
4263,E,G,3,C,"(0, 4, 7)",I,C,C,C,532.875,269.0
4264,D,G,0,C,"(2, 5, 7, 11)",V7,F,B,C,533.0,269.0
4265,D,G,1,C,"(2, 5, 7, 11)",V7,F,B,C,533.125,269.0
4266,D,G,2,C,"(2, 5, 7, 11)",V7,F,B,C,533.25,269.0
4267,D,G,2,C,"(2, 5, 7, 11)",V7,F,B,C,533.375,269.0
4268,D,G,3,C,"(2, 5, 7, 11)",V7,F,B,C,533.5,269.0
4269,D,G,3,C,"(2, 5, 7, 11)",V7,F,B,C,533.625,269.0
4270,D,G,3,C,"(2, 5, 7, 11)",V7,F,B,C,533.75,269.0
4271,D,G,3,C,"(2, 5, 7, 11)",V7,F,B,C,533.875,269.0
4272,G,C,0,C,"(0, 4, 7)",I,C,E,C,534.0,270.0
4273,G,C,1,C,"(0, 4, 7)",I,C,E,C,534.125,270.0
4274,G,C,2,C,"(0, 4, 7)",I,C,E,C,534.25,270.0
4275,G,C,2,C,"(0, 4, 7)",I,C,E,C,534.375,270.0
4276,G,C,3,C,"(0, 4, 7)",I,C,E,C,534.5,270.0
4277,G,C,3,C,"(0, 4, 7)",I,C,E,C,534.625,270.0
4278,G,C,3,C,"(0, 4, 7)",I,C,E,C,534.75,270.0
4279,G,C,3,C,"(0, 4, 7)",I,C,E,C,534.875,270.0
4280,G,C,4,C,"(0, 4, 7)",I,C,E,C,535.0,270.0
4281,G,C,4,C,"(0, 4, 7)",I,C,E,C,535.125,270.0
4282,G,C,4,C,"(0, 4, 7)",I,C,E,C,535.25,270.0
4283,G,C,4,C,"(0, 4, 7)",I,C,E,C,535.375,270.0
4284,G,C,4,C,"(0, 4, 7)",I,C,E,F,535.5,270.0
4285,G,C,4,C,"(0, 4, 7)",I,C,E,F,535.625,270.0
4286,G,C,4,C,"(0, 4, 7)",I,C,E,F,535.75,270.0
4287,G,C,4,C,"(0, 4, 7)",I,C,E,F,535.875,270.0
4288,C,F,0,F,"(0, 5, 9)",I,F,A,F,536.0,271.0
4289,C,F,1,F,"(0, 5, 9)",I,F,A,F,536.125,271.0
4290,C,F,2,F,"(0, 5, 9)",I,F,A,F,536.25,271.0
4291,C,F,2,F,"(0, 5, 9)",I,F,A,F,536.375,271.0
4292,C,F,3,F,"(0, 5, 9)",I,F,A,F,536.5,271.0
4293,C,F,3,F,"(0, 5, 9)",I,F,A,F,536.625,271.0
4294,C,F,3,F,"(0, 5, 9)",I,F,A,F,536.75,271.0
4295,C,F,3,F,"(0, 5, 9)",I,F,A,F,536.875,271.0
4296,C,F,4,F,"(0, 5, 9)",I,F,A,F,537.0,271.0
4297,C,F,4,F,"(0, 5, 9)",I,F,A,F,537.125,271.0
4298,C,F,4,F,"(0, 5, 9)",I,F,A,F,537.25,271.0
4299,C,F,4,F,"(0, 5, 9)",I,F,A,F,537.375,271.0
4300,C,F,4,F,"(0, 5, 9)",I,F,A,F,537.5,271.0
4301,C,F,4,F,"(0, 5, 9)",I,F,A,F,537.625,271.0
4302,C,F,4,F,"(0, 5, 9)",I,F,A,F,537.75,271.0
4303,C,F,4,F,"(0, 5, 9)",I,F,A,F,537.875,271.0
4304,G,B-,0,F,"(0, 4, 7, 10)",IV,B-,E,F,538.0,272.0
4305,G,B-,1,F,"(0, 4, 7, 10)",IV,B-,E,F,538.125,272.0
4306,G,B-,2,F,"(0, 4, 7, 10)",IV,B-,E,F,538.25,272.0
4307,G,B-,2,F,"(0, 4, 7, 10)",IV,B-,E,F,538.375,272.0
4308,G,B-,3,F,"(0, 4, 7, 10)",V7,B-,E,F,538.5,272.0
4309,G,B-,3,F,"(0, 4, 7, 10)",V7,B-,E,F,538.625,272.0
4310,G,B-,3,F,"(0, 4, 7, 10)",V7,B-,E,F,538.75,272.0
4311,G,B-,3,F,"(0, 4, 7, 10)",V7,B-,E,F,538.875,272.0
4312,F,F,0,F,"(0, 5, 9)",I,B-,E,F,539.0,272.0
4313,F,F,1,F,"(0, 5, 9)",I,B-,A,F,539.125,272.0
4314,F,F,2,F,"(0, 5, 9)",I,B-,A,F,539.25,272.0
4315,F,F,2,F,"(0, 5, 9)",I,B-,A,F,539.375,272.0
4316,F,F,4,F,"(0, 5, 9)",I,F,A,F,539.5,272.0
4317,F,F,4,F,"(0, 5, 9)",I,F,A,F,539.625,272.0
4318,F,F,4,F,"(0, 5, 9)",I,F,A,F,539.75,272.0
4319,F,F,4,F,"(0, 5, 9)",I,F,A,F,539.875,272.0
4320,E,B-,0,F,"(0, 4, 7, 10)",IV,G,C,F,540.0,273.0
4321,E,B-,1,F,"(0, 4, 7, 10)",V7,G,C,F,540.125,273.0
4322,E,B-,2,F,"(0, 4, 7, 10)",V7,G,C,F,540.25,273.0
4323,E,B-,2,F,"(0, 4, 7, 10)",V7,G,C,F,540.375,273.0
4324,F,A,0,F,"(0, 5, 9)",I,F,C,F,540.5,273.0
4325,F,A,1,F,"(0, 5, 9)",I,F,C,F,540.625,273.0
4326,F,A,3,F,"(0, 5, 9)",I,F,C,F,540.75,273.0
4327,F,A,2,F,"(0, 5, 9)",I,F,C,F,540.875,273.0
4328,C,G,0,F,"(0, 4, 7, 10)",V7,E,B-,F,541.0,273.0
4329,C,G,1,F,"(0, 4, 7, 10)",V7,E,B-,F,541.125,273.0
4330,C,G,2,F,"(0, 4, 7, 10)",V7,E,B-,F,541.25,273.0
4331,C,G,2,F,"(0, 4, 7, 10)",V7,E,B-,F,541.375,273.0
4332,C,F,0,F,"(0, 5, 9)",I,F,A,F,541.5,273.0
4333,C,F,1,F,"(0, 5, 9)",I,F,A,F,541.625,273.0
4334,C,F,2,F,"(0, 5, 9)",I,F,A,F,541.75,273.0
4335,C,F,2,F,"(0, 5, 9)",I,F,A,F,541.875,273.0
4336,G,C,0,F,"(0, 4, 7)",I,C,E,F,542.0,274.0
4337,G,C,1,F,"(0, 4, 7)",I,C,E,F,542.125,274.0
4338,G,C,2,F,"(0, 4, 7)",I,C,E,F,542.25,274.0
4339,G,C,2,F,"(0, 4, 7)",I,C,E,F,542.375,274.0
4340,G,C,3,F,"(0, 4, 7)",I,C,E,F,542.5,274.0
4341,G,C,3,F,"(0, 4, 7)",I,C,E,F,542.625,274.0
4342,G,C,3,F,"(0, 4, 7)",I,C,E,F,542.75,274.0
4343,G,C,3,F,"(0, 4, 7)",I,C,E,F,542.875,274.0
4344,G,C,4,F,"(0, 4, 7)",I,C,E,F,543.0,274.0
4345,G,C,4,F,"(0, 4, 7)",I,C,E,F,543.125,274.0
4346,G,C,4,F,"(0, 4, 7)",I,C,E,F,543.25,274.0
4347,G,C,4,F,"(0, 4, 7)",I,C,E,F,543.375,274.0
4348,G,C,4,F,"(0, 5, 9)",I,A,C,F,543.5,274.0
4349,G,C,4,F,"(0, 5, 9)",I,A,C,F,543.625,274.0
4350,G,C,4,F,"(0, 5, 9)",I,A,C,F,543.75,274.0
4351,G,C,4,F,"(0, 5, 9)",I,A,C,F,543.875,274.0
4352,E,A,0,F,"(2, 5, 9)",vi,A,C,F,544.0,275.0
4353,E,A,1,F,"(2, 5, 9)",vi,A,C,F,544.125,275.0
4354,E,A,2,F,"(2, 5, 9)",vi,A,C,F,544.25,275.0
4355,E,A,2,F,"(2, 5, 9)",vi,A,C,F,544.375,275.0
4356,E,A,3,F,"(2, 5, 9)",vi,A,C,F,544.5,275.0
4357,E,A,3,F,"(2, 5, 9)",vi,A,C,F,544.625,275.0
4358,E,A,3,F,"(2, 5, 9)",vi,A,C,F,544.75,275.0
4359,E,A,3,F,"(2, 5, 9)",vi,A,C,F,544.875,275.0
4360,C,F,0,F,"(0, 5, 9)",I,F,A,F,545.0,275.0
4361,C,F,1,F,"(0, 5, 9)",I,F,A,F,545.125,275.0
4362,C,F,2,F,"(0, 5, 9)",I,F,A,F,545.25,275.0
4363,C,F,2,F,"(0, 5, 9)",I,F,A,F,545.375,275.0
4364,C,F,3,F,"(0, 5, 9)",I,F,A,F,545.5,275.0
4365,C,F,3,F,"(0, 5, 9)",I,F,A,F,545.625,275.0
4366,C,F,3,F,"(0, 5, 9)",I,F,A,F,545.75,275.0
4367,C,F,3,F,"(0, 5, 9)",I,F,A,F,545.875,275.0
4368,G,B-,0,F,"(0, 4, 7, 10)",V7,G,D,F,546.0,276.0
4369,G,B-,1,F,"(0, 4, 7, 10)",V7,G,D,F,546.125,276.0
4370,G,B-,2,F,"(0, 4, 7, 10)",V7,G,D,F,546.25,276.0
4371,G,B-,2,F,"(0, 4, 7, 10)",V7,G,D,F,546.375,276.0
4372,E,B-,3,F,"(0, 4, 7, 10)",V7,G,D,F,546.5,276.0
4373,E,B-,3,F,"(0, 4, 7, 10)",V7,G,D,F,546.625,276.0
4374,E,B-,3,F,"(0, 4, 7, 10)",V7,G,D,F,546.75,276.0
4375,E,B-,3,F,"(0, 4, 7, 10)",V7,G,D,F,546.875,276.0
4376,F,A,0,C,"(0, 5, 9)",IV,F,C,F,547.0,276.0
4377,F,A,1,C,"(0, 5, 9)",IV,F,C,F,547.125,276.0
4378,F,A,2,C,"(0, 5, 9)",IV,F,C,F,547.25,276.0
4379,F,A,2,C,"(0, 5, 9)",IV,F,C,F,547.375,276.0
4380,F,A-,0,C,"(0, 2, 5, 8)",ii,F,C,C,547.5,276.0
4381,F,A-,3,C,"(0, 2, 5, 8)",iv,F,C,C,547.625,276.0
4382,F,A-,3,C,"(0, 2, 5, 8)",iv,F,C,C,547.75,276.0
4383,F,A-,3,C,"(0, 2, 5, 8)",iv,F,C,C,547.875,276.0
4384,D,G,0,C,"(2, 5, 7, 11)",V7,F,B,C,548.0,277.0
4385,D,G,1,C,"(2, 5, 7, 11)",V7,F,B,C,548.125,277.0
4386,D,G,2,C,"(2, 5, 7, 11)",V7,F,B,C,548.25,277.0
4387,D,G,2,C,"(2, 5, 7, 11)",V7,F,B,C,548.375,277.0
4388,D,G,3,C,"(2, 5, 7, 11)",V7,F,B,C,548.5,277.0
4389,D,G,3,C,"(2, 5, 7, 11)",V7,F,B,C,548.625,277.0
4390,D,G,3,C,"(2, 5, 7, 11)",V7,F,B,C,548.75,277.0
4391,D,G,3,C,"(2, 5, 7, 11)",V7,F,B,C,548.875,277.0
4392,D,G,0,C,"(2, 5, 7, 11)",V7,F,B,C,549.0,277.0
4393,D,G,1,C,"(2, 5, 7, 11)",V7,F,B,C,549.125,277.0
4394,D,G,2,C,"(2, 5, 7, 11)",V7,F,B,C,549.25,277.0
4395,D,G,2,C,"(2, 5, 7, 11)",V7,F,B,C,549.375,277.0
4396,D,G,0,C,"(2, 5, 7, 11)",V7,F,B,C,549.5,277.0
4397,D,G,1,C,"(2, 5, 7, 11)",V7,F,B,C,549.625,277.0
4398,D,G,2,C,"(2, 5, 7, 11)",V7,F,B,C,549.75,277.0
4399,D,G,2,C,"(2, 5, 7, 11)",V7,F,B,C,549.875,277.0
4400,G,C,0,C,"(0, 4, 7)",I,C,E,C,550.0,278.0
4401,G,C,1,C,"(0, 4, 7)",I,C,E,C,550.125,278.0
4402,G,C,2,C,"(0, 4, 7)",I,C,E,C,550.25,278.0
4403,G,C,2,C,"(0, 4, 7)",I,C,E,C,550.375,278.0
4404,G,C,3,C,"(0, 4, 7)",I,C,E,C,550.5,278.0
4405,G,C,3,C,"(0, 4, 7)",I,C,E,C,550.625,278.0
4406,G,C,3,C,"(0, 4, 7)",I,C,E,C,550.75,278.0
4407,G,C,3,C,"(0, 4, 7)",I,C,E,C,550.875,278.0
4408,G,C,4,C,"(0, 4, 7)",I,C,E,C,551.0,278.0
4409,G,C,4,C,"(0, 4, 7)",I,C,E,C,551.125,278.0
4410,G,C,4,C,"(0, 4, 7)",I,C,E,C,551.25,278.0
4411,G,C,4,C,"(0, 4, 7)",I,C,E,C,551.375,278.0
4412,G,C,4,C,"(0, 4, 7)",I,C,E,C,551.5,278.0
4413,G,C,4,C,"(0, 4, 7)",I,C,E,C,551.625,278.0
4414,G,C,4,C,"(0, 4, 7)",I,C,E,C,551.75,278.0
4415,G,C,4,C,"(0, 4, 7)",I,C,E,C,551.875,278.0
4416,E,G,0,C,"(0, 4, 7)",I,C,C,C,552.0,279.0
4417,E,G,1,C,"(0, 4, 7)",I,C,C,C,552.125,279.0
4418,E,G,2,C,"(0, 4, 7)",I,C,C,C,552.25,279.0
4419,E,G,2,C,"(0, 4, 7)",I,C,C,C,552.375,279.0
4420,E,G,3,C,"(0, 4, 7)",I,C,C,C,552.5,279.0
4421,E,G,3,C,"(0, 4, 7)",I,C,C,C,552.625,279.0
4422,E,G,3,C,"(0, 4, 7)",I,C,C,C,552.75,279.0
4423,E,G,3,C,"(0, 4, 7)",I,C,C,C,552.875,279.0
4424,D,G,0,C,"(2, 5, 7, 11)",V7,F,B,C,553.0,279.0
4425,D,G,1,C,"(2, 5, 7, 11)",V7,F,B,C,553.125,279.0
4426,D,G,2,C,"(2, 5, 7, 11)",V7,F,B,C,553.25,279.0
4427,D,G,2,C,"(2, 5, 7, 11)",V7,F,B,C,553.375,279.0
4428,D,G,3,C,"(2, 5, 7, 11)",V7,F,B,C,553.5,279.0
4429,D,G,3,C,"(2, 5, 7, 11)",V7,F,B,C,553.625,279.0
4430,D,G,3,C,"(2, 5, 7, 11)",V7,F,B,C,553.75,279.0
4431,D,G,3,C,"(2, 5, 7, 11)",V7,F,B,C,553.875,279.0
4432,G,C,0,C,"(0, 4, 7)",I,C,E,C,554.0,280.0
4433,G,C,1,C,"(0, 4, 7)",I,C,E,C,554.125,280.0
4434,G,C,2,C,"(0, 4, 7)",I,C,E,C,554.25,280.0
4435,G,C,2,C,"(0, 4, 7)",I,C,E,C,554.375,280.0
4436,G,C,3,C,"(0, 4, 7)",I,C,E,C,554.5,280.0
4437,G,C,3,C,"(0, 4, 7)",I,C,E,C,554.625,280.0
4438,G,C,3,C,"(0, 4, 7)",I,C,E,C,554.75,280.0
4439,G,C,3,C,"(0, 4, 7)",I,C,E,C,554.875,280.0
4440,G,C,4,C,"(0, 4, 7)",I,C,E,C,555.0,280.0
4441,G,C,4,C,"(0, 4, 7)",I,C,E,C,555.125,280.0
4442,G,C,4,C,"(0, 4, 7)",I,C,E,C,555.25,280.0
4443,G,C,4,C,"(0, 4, 7)",I,C,E,C,555.375,280.0
4444,G,C,4,C,"(0, 4, 7)",I,C,E,C,555.5,280.0
4445,G,C,4,C,"(0, 4, 7)",I,C,E,C,555.625,280.0
4446,G,C,4,C,"(0, 4, 7)",I,C,E,C,555.75,280.0
4447,G,C,4,C,"(0, 4, 7)",I,C,E,C,555.875,280.0
4448,E,G,0,C,"(0, 4, 7)",I,C,C,C,556.0,281.0
4449,E,G,1,C,"(0, 4, 7)",I,C,C,C,556.125,281.0
4450,E,G,2,C,"(0, 4, 7)",I,C,C,C,556.25,281.0
4451,E,G,2,C,"(0, 4, 7)",I,C,C,C,556.375,281.0
4452,E,G,3,C,"(0, 4, 7)",I,C,C,C,556.5,281.0
4453,E,G,3,C,"(0, 4, 7)",I,C,C,C,556.625,281.0
4454,E,G,3,C,"(0, 4, 7)",I,C,C,C,556.75,281.0
4455,E,G,3,C,"(0, 4, 7)",I,C,C,C,556.875,281.0
4456,D,G,0,C,"(2, 5, 7, 11)",V7,F,B,C,557.0,281.0
4457,D,G,1,C,"(2, 5, 7, 11)",V7,F,B,C,557.125,281.0
4458,D,G,2,C,"(2, 5, 7, 11)",V7,F,B,C,557.25,281.0
4459,D,G,2,C,"(2, 5, 7, 11)",V7,F,B,C,557.375,281.0
4460,D,G,3,C,"(2, 5, 7, 11)",V7,F,B,C,557.5,281.0
4461,D,G,3,C,"(2, 5, 7, 11)",V7,F,B,C,557.625,281.0
4462,D,G,3,C,"(2, 5, 7, 11)",V7,F,B,C,557.75,281.0
4463,D,G,3,C,"(2, 5, 7, 11)",V7,F,B,C,557.875,281.0
4464,G,C,0,C,"(0, 4, 7)",I,C,E,C,558.0,282.0
4465,G,C,1,C,"(0, 4, 7)",I,C,E,C,558.125,282.0
4466,G,C,2,C,"(0, 4, 7)",I,C,E,C,558.25,282.0
4467,G,C,2,C,"(0, 4, 7)",I,C,E,C,558.375,282.0
4468,G,C,3,C,"(0, 4, 7)",I,C,E,C,558.5,282.0
4469,G,C,3,C,"(0, 4, 7)",I,C,E,C,558.625,282.0
4470,G,C,3,C,"(0, 4, 7)",I,C,E,C,558.75,282.0
4471,G,C,3,C,"(0, 4, 7)",I,C,E,C,558.875,282.0
4472,G,C,4,C,"(0, 4, 7)",I,C,E,C,559.0,282.0
4473,G,C,4,C,"(0, 4, 7)",I,C,E,C,559.125,282.0
4474,G,C,4,C,"(0, 4, 7)",I,C,E,C,559.25,282.0
4475,G,C,4,C,"(0, 4, 7)",I,C,E,C,559.375,282.0
4476,E,A,0,C,"(0, 4, 9)",I,A,C,C,559.5,282.0
4477,E,A,1,C,"(0, 4, 9)",I,A,C,C,559.625,282.0
4478,E,A,2,C,"(0, 4, 9)",I,A,C,C,559.75,282.0
4479,E,A,4,C,"(0, 4, 9)",I,A,C,C,559.875,282.0
4480,D,F#,0,F,"(2, 6, 9)",V,D,A,g,560.0,283.0
4481,D,F#,1,F,"(2, 6, 9)",V,D,A,g,560.125,283.0
4482,D,F#,2,F,"(2, 6, 9)",V,D,A,g,560.25,283.0
4483,D,F#,2,F,"(2, 6, 9)",V,D,A,g,560.375,283.0
4484,D,F#,3,F,"(2, 6, 9)",V,D,A,g,560.5,283.0
4485,D,F#,3,F,"(2, 6, 9)",V,D,A,g,560.625,283.0
4486,D,F#,3,F,"(2, 6, 9)",V,D,A,g,560.75,283.0
4487,D,F#,3,F,"(2, 6, 9)",V,D,A,g,560.875,283.0
4488,D,F#,4,F,"(2, 6, 9)",V,D,A,g,561.0,283.0
4489,D,F#,4,F,"(2, 6, 9)",V,D,A,g,561.125,283.0
4490,D,F#,4,F,"(2, 6, 9)",V,D,A,g,561.25,283.0
4491,D,F#,4,F,"(2, 6, 9)",V,D,A,g,561.375,283.0
4492,A,D,4,F,"(2, 6, 9)",V,D,F#,g,561.5,283.0
4493,A,D,1,F,"(2, 6, 9)",V,D,F#,g,561.625,283.0
4494,A,D,2,F,"(2, 6, 9)",V,D,F#,g,561.75,283.0
4495,A,D,2,F,"(2, 6, 9)",V,D,F#,g,561.875,283.0
4496,D,G,0,F,"(2, 7, 10)",ii,G,B-,F,562.0,284.0
4497,D,G,1,F,"(2, 7, 10)",ii,G,B-,F,562.125,284.0
4498,D,G,2,F,"(2, 7, 10)",ii,G,B-,F,562.25,284.0
4499,D,G,2,F,"(2, 7, 10)",ii,G,B-,F,562.375,284.0
4500,D,G,3,F,"(2, 7, 10)",ii,G,B-,F,562.5,284.0
4501,D,G,3,F,"(2, 7, 10)",ii,G,B-,F,562.625,284.0
4502,D,G,3,F,"(2, 7, 10)",ii,G,B-,F,562.75,284.0
4503,D,G,3,F,"(2, 7, 10)",ii,G,B-,F,562.875,284.0
4504,D,G,4,F,"(2, 7, 10)",ii,G,B-,F,563.0,284.0
4505,D,G,4,F,"(2, 7, 10)",ii,G,B-,F,563.125,284.0
4506,D,G,4,F,"(2, 7, 10)",ii,G,B-,F,563.25,284.0
4507,D,G,4,F,"(2, 7, 10)",ii,G,B-,F,563.375,284.0
4508,D,G,4,F,"(2, 7, 10)",ii,G,B-,F,563.5,284.0
4509,D,G,4,F,"(2, 7, 10)",ii,G,B-,F,563.625,284.0
4510,D,G,4,F,"(2, 7, 10)",ii,G,B-,F,563.75,284.0
4511,D,G,4,F,"(2, 7, 10)",ii,G,B-,F,563.875,284.0
4512,G,C,0,F,"(0, 4, 7)",V,C,E,F,564.0,285.0
4513,G,C,1,F,"(0, 4, 7)",V,C,E,F,564.125,285.0
4514,G,C,2,F,"(0, 4, 7)",V,C,E,F,564.25,285.0
4515,G,C,2,F,"(0, 4, 7)",V,C,E,F,564.375,285.0
4516,G,C,3,F,"(0, 4, 7)",V,C,E,F,564.5,285.0
4517,G,C,3,F,"(0, 4, 7)",V,C,E,F,564.625,285.0
4518,G,C,3,F,"(0, 4, 7)",V,C,E,F,564.75,285.0
4519,G,C,3,F,"(0, 4, 7)",V,C,E,F,564.875,285.0
4520,G,E,4,F,"(0, 4, 7)",V,C,E,F,565.0,285.0
4521,G,E,4,F,"(0, 4, 7)",V,C,E,F,565.125,285.0
4522,G,E,4,F,"(0, 4, 7)",V,C,E,F,565.25,285.0
4523,G,E,4,F,"(0, 4, 7)",V,C,E,F,565.375,285.0
4524,G,E,4,F,"(0, 4, 7)",V,C,E,F,565.5,285.0
4525,G,E,4,F,"(0, 4, 7)",V,C,E,F,565.625,285.0
4526,G,E,4,F,"(0, 4, 7)",V,C,E,F,565.75,285.0
4527,G,E,4,F,"(0, 4, 7)",V,C,E,F,565.875,285.0
4528,C,F,0,F,"(0, 5, 9)",I,F,A,F,566.0,286.0
4529,C,F,1,F,"(0, 5, 9)",I,F,A,F,566.125,286.0
4530,C,F,2,F,"(0, 5, 9)",I,F,A,F,566.25,286.0
4531,C,F,2,F,"(0, 5, 9)",I,F,A,F,566.375,286.0
4532,C,F,3,F,"(0, 5, 9)",I,F,A,F,566.5,286.0
4533,C,F,3,F,"(0, 5, 9)",I,F,A,F,566.625,286.0
4534,C,F,3,F,"(0, 5, 9)",I,F,A,F,566.75,286.0
4535,C,F,3,F,"(0, 5, 9)",I,F,A,F,566.875,286.0
4536,C,A,4,F,"(0, 5, 9)",I,F,A,F,567.0,286.0
4537,C,A,4,F,"(0, 5, 9)",I,F,A,F,567.125,286.0
4538,C,A,4,F,"(0, 5, 9)",I,F,A,F,567.25,286.0
4539,C,A,4,F,"(0, 5, 9)",I,F,A,F,567.375,286.0
4540,C,F,4,F,"(0, 5, 9)",I,F,A,F,567.5,286.0
4541,C,F,4,F,"(0, 5, 9)",I,F,A,F,567.625,286.0
4542,C,F,4,F,"(0, 5, 9)",I,F,A,F,567.75,286.0
4543,C,F,4,F,"(0, 5, 9)",I,F,A,F,567.875,286.0
4544,F,F,0,F,"(0, 5, 9)",I,F,A,F,568.0,287.0
4545,F,F,1,F,"(0, 5, 9)",I,F,A,F,568.125,287.0
4546,F,F,2,F,"(0, 5, 9)",I,F,A,F,568.25,287.0
4547,F,F,2,F,"(0, 5, 9)",I,F,A,F,568.375,287.0
4548,F,F,3,F,"(0, 5, 9)",I,F,A,F,568.5,287.0
4549,F,F,3,F,"(0, 5, 9)",I,F,A,F,568.625,287.0
4550,F,F,3,F,"(0, 5, 9)",I,F,A,F,568.75,287.0
4551,F,F,3,F,"(0, 5, 9)",I,F,A,F,568.875,287.0
4552,C,F,4,F,"(0, 5, 9)",I,F,A,F,569.0,287.0
4553,C,F,4,F,"(0, 5, 9)",I,F,A,F,569.125,287.0
4554,C,F,4,F,"(0, 5, 9)",I,F,A,F,569.25,287.0
4555,C,F,4,F,"(0, 5, 9)",I,F,A,F,569.375,287.0
4556,C,F,4,F,"(0, 5, 9)",I,F,A,F,569.5,287.0
4557,C,F,4,F,"(0, 5, 9)",I,F,A,F,569.625,287.0
4558,C,F,4,F,"(0, 5, 9)",I,F,A,F,569.75,287.0
4559,C,F,4,F,"(0, 5, 9)",I,F,A,F,569.875,287.0
4560,C,E,0,F,"(0, 4, 7)",I,C,G,F,570.0,288.0
4561,C,E,1,F,"(0, 4, 7)",I,C,G,F,570.125,288.0
4562,C,E,2,F,"(0, 4, 7)",I,C,G,F,570.25,288.0
4563,C,E,2,F,"(0, 4, 7)",I,C,G,F,570.375,288.0
4564,B-,E,0,F,"(1, 4, 7, 10)",V7,G,G,F,570.5,288.0
4565,B-,E,1,F,"(1, 4, 7, 10)",viio,G,G,F,570.625,288.0
4566,B-,E,3,F,"(1, 4, 7, 10)",viio,G,G,F,570.75,288.0
4567,B-,E,2,F,"(1, 4, 7, 10)",viio,G,G,F,570.875,288.0
4568,B-,G,0,F,"(4, 7, 10)",ii,B-,G,F,571.0,288.0
4569,B-,G,1,F,"(4, 7, 10)",ii,B-,G,F,571.125,288.0
4570,B-,G,2,F,"(4, 7, 10)",ii,B-,G,F,571.25,288.0
4571,B-,G,2,F,"(4, 7, 10)",ii,B-,G,F,571.375,288.0
4572,A,D,0,F,"(2, 5, 9)",vi,D,F,F,571.5,288.0
4573,A,D,1,F,"(2, 5, 9)",vi,D,F,F,571.625,288.0
4574,A,D,2,F,"(2, 5, 9)",vi,D,F,F,571.75,288.0
4575,A,D,2,F,"(2, 5, 9)",vi,D,F,F,571.875,288.0
4576,F,B-,0,F,"(2, 5, 10)",IV,B-,D,F,572.0,289.0
4577,F,B-,1,F,"(2, 5, 10)",IV,B-,D,F,572.125,289.0
4578,F,B-,2,F,"(2, 5, 10)",IV,B-,D,F,572.25,289.0
4579,F,B-,2,F,"(2, 5, 10)",IV,B-,D,F,572.375,289.0
4580,F,B-,3,F,"(2, 5, 10)",IV,B-,D,F,572.5,289.0
4581,F,B-,1,F,"(2, 5, 10)",IV,B-,D,F,572.625,289.0
4582,F,B-,3,F,"(2, 5, 10)",IV,B-,D,F,572.75,289.0
4583,F,B-,3,F,"(2, 5, 10)",IV,B-,D,F,572.875,289.0
4584,G,C,0,F,"(0, 4, 7)",V,C,E,F,573.0,289.0
4585,G,C,1,F,"(0, 4, 7, 10)",V,C,E,F,573.125,289.0
4586,G,C,2,F,"(0, 4, 7, 10)",V,C,E,F,573.25,289.0
4587,G,C,2,F,"(0, 4, 7, 10)",V,C,E,F,573.375,289.0
4588,G,C,0,F,"(0, 4, 7, 10)",V7,B-,E,F,573.5,289.0
4589,G,C,1,F,"(0, 4, 7, 10)",V7,B-,E,F,573.625,289.0
4590,G,C,2,F,"(0, 4, 7, 10)",V7,B-,E,F,573.75,289.0
4591,G,C,2,F,"(0, 4, 7, 10)",V7,B-,E,F,573.875,289.0
4592,C,F,0,F,"(0, 5, 9)",I,F,A,F,574.0,290.0
4593,C,F,1,F,"(0, 5, 9)",I,F,A,F,574.125,290.0
4594,C,F,2,F,"(0, 5, 9)",I,F,A,F,574.25,290.0
4595,C,F,2,F,"(0, 5, 9)",I,F,A,F,574.375,290.0
4596,C,F,3,F,"(0, 5, 9)",I,F,A,F,574.5,290.0
4597,C,F,3,F,"(0, 5, 9)",I,F,A,F,574.625,290.0
4598,C,F,3,F,"(0, 5, 9)",I,F,A,F,574.75,290.0
4599,C,F,3,F,"(0, 5, 9)",I,F,A,F,574.875,290.0
4600,C,C,0,F,"(0, 5, 9)",V,F,A,F,575.0,290.0
4601,C,C,1,F,"(0, 5, 9)",V,F,A,F,575.125,290.0
4602,C,C,2,F,"(0, 5, 9)",V,F,A,F,575.25,290.0
4603,C,C,2,F,"(0, 5, 9)",V,F,E,F,575.375,290.0
4604,C,C,4,F,"(0, 5, 9)",V,F,E,F,575.5,290.0
4605,C,C,4,F,"(0, 5, 9)",V,F,E,F,575.625,290.0
4606,C,C,4,F,"(0, 5, 9)",V,F,E,F,575.75,290.0
4607,C,C,4,F,"(0, 5, 9)",V,F,E,F,575.875,290.0
4608,G,C,0,F,"(0, 4, 7, 10)",V,C,E,F,576.0,291.0
4609,G,C,1,F,"(0, 4, 7, 10)",V,B-,E,F,576.125,291.0
4610,G,C,2,F,"(0, 4, 7, 10)",V,B-,E,F,576.25,291.0
4611,G,C,2,F,"(0, 4, 7, 10)",V,B-,E,F,576.375,291.0
4612,G,C,3,F,"(0, 4, 7, 10)",V,B-,E,F,576.5,291.0
4613,G,C,3,F,"(0, 4, 7, 10)",V,B-,E,F,576.625,291.0
4614,G,C,3,F,"(0, 4, 7, 10)",V,B-,E,F,576.75,291.0
4615,G,C,3,F,"(0, 4, 7, 10)",V,B-,E,F,576.875,291.0
4616,G,C,4,F,"(0, 4, 7, 10)",V7,B-,E,F,577.0,291.0
4617,G,C,4,F,"(0, 4, 7, 10)",V7,B-,E,F,577.125,291.0
4618,G,C,4,F,"(0, 4, 7, 10)",V7,B-,E,F,577.25,291.0
4619,G,C,4,F,"(0, 4, 7, 10)",V7,B-,E,F,577.375,291.0
4620,G,C,4,F,"(0, 4, 7, 10)",V7,B-,E,F,577.5,291.0
4621,G,C,4,F,"(0, 4, 7, 10)",V7,B-,E,F,577.625,291.0
4622,G,C,4,F,"(0, 4, 7, 10)",V7,B-,E,F,577.75,291.0
4623,G,C,4,F,"(0, 4, 7, 10)",V7,B-,E,F,577.875,291.0
4624,C,F,0,F,"(0, 5, 9)",I,F,A,F,578.0,292.0
4625,C,F,1,F,"(0, 5, 9)",I,F,A,F,578.125,292.0
4626,C,F,2,F,"(0, 5, 9)",I,F,A,F,578.25,292.0
4627,C,F,2,F,"(0, 5, 9)",I,F,A,F,578.375,292.0
4628,C,F,3,F,"(0, 5, 9)",I,F,A,F,578.5,292.0
4629,C,F,3,F,"(0, 5, 9)",I,F,A,F,578.625,292.0
4630,C,F,3,F,"(0, 5, 9)",I,F,A,F,578.75,292.0
4631,C,F,3,F,"(0, 5, 9)",I,F,A,F,578.875,292.0
4632,C,F,4,F,"(0, 5, 9)",I,F,A,F,579.0,292.0
4633,C,F,4,F,"(0, 5, 9)",I,F,A,F,579.125,292.0
4634,C,F,4,F,"(0, 5, 9)",I,F,A,F,579.25,292.0
4635,C,F,4,F,"(0, 5, 9)",I,F,A,F,579.375,292.0
4636,C,F,4,F,"(0, 5, 9)",I,F,A,F,579.5,292.0
4637,C,F,4,F,"(0, 5, 9)",I,F,A,F,579.625,292.0
4638,C,F,4,F,"(0, 5, 9)",I,F,A,F,579.75,292.0
4639,C,F,4,F,"(0, 5, 9)",I,F,A,F,579.875,292.0
4640,G,C,0,F,"(0, 4, 7, 10)",V7,B-,E,F,580.0,293.0
4641,G,C,1,F,"(0, 4, 7, 10)",V7,B-,E,F,580.125,293.0
4642,G,C,2,F,"(0, 4, 7, 10)",V7,B-,E,F,580.25,293.0
4643,G,C,2,F,"(0, 4, 7, 10)",V7,B-,E,F,580.375,293.0
4644,G,C,3,F,"(0, 4, 7, 10)",V7,B-,E,F,580.5,293.0
4645,G,C,3,F,"(0, 4, 7, 10)",V7,B-,E,F,580.625,293.0
4646,G,C,3,F,"(0, 4, 7, 10)",V7,B-,E,F,580.75,293.0
4647,G,C,3,F,"(0, 4, 7, 10)",V7,B-,E,F,580.875,293.0
4648,G,C,4,F,"(0, 4, 7, 10)",V7,B-,E,F,581.0,293.0
4649,G,C,4,F,"(0, 4, 7, 10)",V7,B-,E,F,581.125,293.0
4650,G,C,4,F,"(0, 4, 7, 10)",V7,B-,E,F,581.25,293.0
4651,G,C,4,F,"(0, 4, 7, 10)",V7,B-,E,F,581.375,293.0
4652,G,C,4,F,"(0, 4, 7, 10)",V,B-,E,F,581.5,293.0
4653,G,C,4,F,"(0, 4, 7, 10)",V,B-,E,F,581.625,293.0
4654,G,C,4,F,"(0, 4, 7, 10)",V,B-,E,F,581.75,293.0
4655,G,C,4,F,"(0, 4, 7, 10)",V,B-,E,F,581.875,293.0
4656,C,C,0,F,"(0, 5, 9)",I,F,C,F,582.0,294.0
4657,C,C,1,F,"(0, 5, 9)",I,F,C,F,582.125,294.0
4658,C,C,2,F,"(0, 5, 9)",I,F,C,F,582.25,294.0
4659,C,C,2,F,"(0, 5, 9)",I,F,C,F,582.375,294.0
4660,C,A,3,F,"(0, 5, 9)",I,F,C,F,582.5,294.0
4661,C,A,3,F,"(0, 5, 9)",I,F,C,F,582.625,294.0
4662,C,A,3,F,"(0, 5, 9)",I,F,C,F,582.75,294.0
4663,C,A,3,F,"(0, 5, 9)",I,F,C,F,582.875,294.0
4664,C,F,4,F,"(0, 5, 9)",I,F,A,F,583.0,294.0
4665,C,F,4,F,"(0, 5, 9)",I,F,A,F,583.125,294.0
4666,C,F,4,F,"(0, 5, 9)",I,F,A,F,583.25,294.0
4667,C,F,4,F,"(0, 5, 9)",I,F,A,F,583.375,294.0
4668,C,F,4,F,"(0, 5, 9)",I,F,A,F,583.5,294.0
4669,C,F,4,F,"(0, 5, 9)",I,F,A,F,583.625,294.0
4670,C,F,4,F,"(0, 5, 9)",I,F,A,F,583.75,294.0
4671,C,F,4,F,"(0, 5, 9)",I,F,A,F,583.875,294.0
4672,G,C,0,F,"(0, 4, 7, 10)",V7,B-,E,F,584.0,295.0
4673,G,C,1,F,"(0, 4, 7, 10)",V7,B-,E,F,584.125,295.0
4674,G,C,2,F,"(0, 4, 7, 10)",V7,B-,E,F,584.25,295.0
4675,G,C,2,F,"(0, 4, 7, 10)",V7,B-,E,F,584.375,295.0
4676,G,C,3,F,"(0, 4, 7, 10)",V7,B-,E,F,584.5,295.0
4677,G,C,3,F,"(0, 4, 7, 10)",V7,B-,E,F,584.625,295.0
4678,G,C,3,F,"(0, 4, 7, 10)",V7,B-,E,F,584.75,295.0
4679,G,C,3,F,"(0, 4, 7, 10)",V7,B-,E,F,584.875,295.0
4680,G,C,4,F,"(0, 4, 7, 10)",V7,B-,E,F,585.0,295.0
4681,G,C,4,F,"(0, 4, 7, 10)",V7,B-,E,F,585.125,295.0
4682,G,C,4,F,"(0, 4, 7, 10)",V7,B-,E,F,585.25,295.0
4683,G,C,4,F,"(0, 4, 7, 10)",V7,B-,E,F,585.375,295.0
4684,G,C,4,F,"(0, 4, 7, 10)",V7,B-,E,F,585.5,295.0
4685,G,C,4,F,"(0, 4, 7, 10)",V7,B-,E,F,585.625,295.0
4686,G,C,4,F,"(0, 4, 7, 10)",V7,B-,E,F,585.75,295.0
4687,G,C,4,F,"(0, 4, 7, 10)",V7,B-,E,F,585.875,295.0
4688,C,F,0,F,"(0, 5, 9)",V7,F,A,F,586.0,296.0
4689,C,F,1,F,"(0, 5, 9)",I,F,A,F,586.125,296.0
4690,C,F,2,F,"(0, 5, 9)",I,F,A,F,586.25,296.0
4691,C,F,2,F,"(0, 5, 9)",I,F,A,F,586.375,296.0
4692,F,F,3,F,"(0, 5, 9)",I,F,F,F,586.5,296.0
4693,F,F,3,F,"(0, 5, 9)",I,F,F,F,586.625,296.0
4694,F,F,3,F,"(0, 5, 9)",I,F,F,F,586.75,296.0
4695,F,F,3,F,"(0, 5, 9)",I,F,F,F,586.875,296.0
4696,B,F,4,F,"(2, 5, 7, 11)",V7,D,A,F,587.0,296.0
4697,B,F,1,F,"(2, 5, 7, 11)",V7,D,A,F,587.125,296.0
4698,B,F,2,F,"(2, 5, 7, 11)",V7,D,A,F,587.25,296.0
4699,B,F,2,F,"(2, 5, 7, 11)",V7,D,A,F,587.375,296.0
4700,B,F,4,F,"(2, 5, 7, 11)",V7,D,G,F,587.5,296.0
4701,B,F,4,F,"(2, 5, 7, 11)",V7,D,G,F,587.625,296.0
4702,B,F,4,F,"(2, 5, 7, 11)",V7,D,G,F,587.75,296.0
4703,B,F,4,F,"(2, 5, 7, 11)",V7,D,G,F,587.875,296.0
4704,C,F,0,F,"(0, 5, 9)",I,F,A,F,588.0,297.0
4705,C,F,1,F,"(0, 5, 9)",I,F,A,F,588.125,297.0
4706,C,F,2,F,"(0, 5, 9)",I,F,A,F,588.25,297.0
4707,C,F,2,F,"(0, 5, 9)",I,F,A,F,588.375,297.0
4708,C,F,3,F,"(0, 5, 9)",I,F,A,F,588.5,297.0
4709,C,F,3,F,"(0, 5, 9)",I,F,A,F,588.625,297.0
4710,C,F,3,F,"(0, 5, 9)",I,F,A,F,588.75,297.0
4711,C,F,3,F,"(0, 5, 9)",I,F,A,F,588.875,297.0
4712,C,C,0,F,"(0, 4, 7, 10)",V7,B-,E,F,589.0,297.0
4713,C,C,1,F,"(0, 4, 7, 10)",V7,B-,E,F,589.125,297.0
4714,C,C,4,F,"(0, 4, 7, 10)",V7,B-,E,F,589.25,297.0
4715,C,C,2,F,"(0, 4, 7, 10)",V7,B-,E,F,589.375,297.0
4716,C,C,4,F,"(0, 4, 7, 10)",V7,B-,E,F,589.5,297.0
4717,G,C,4,F,"(0, 4, 7, 10)",V,B-,E,F,589.625,297.0
4718,G,C,4,F,"(0, 4, 7, 10)",V,B-,E,F,589.75,297.0
4719,G,C,2,F,"(0, 4, 7, 10)",V,B-,E,F,589.875,297.0
4720,C,F,0,F,"(0, 5, 9)",I,F,A,F,590.0,298.0
4721,C,F,1,F,"(0, 5, 9)",I,F,A,F,590.125,298.0
4722,C,F,2,F,"(0, 5, 9)",I,F,A,F,590.25,298.0
4723,C,F,2,F,"(0, 5, 9)",I,F,A,F,590.375,298.0
4724,C,F,3,F,"(0, 5, 9)",I,F,A,F,590.5,298.0
4725,C,F,3,F,"(0, 5, 9)",I,F,A,F,590.625,298.0
4726,C,F,3,F,"(0, 5, 9)",I,F,A,F,590.75,298.0
4727,C,F,3,F,"(0, 5, 9)",I,F,A,F,590.875,298.0
4728,C,F,4,F,"(0, 5, 9)",I,F,A,F,591.0,298.0
4729,C,F,4,F,"(0, 5, 9)",I,F,A,F,591.125,298.0
4730,C,F,4,F,"(0, 5, 9)",I,F,A,F,591.25,298.0
4731,C,F,4,F,"(0, 5, 9)",I,F,A,F,591.375,298.0
4732,C,C,4,F,"(0, 5, 9)",I,F,A,F,591.5,298.0
4733,C,C,1,F,"(0, 5, 9)",I,F,A,F,591.625,298.0
4734,C,C,4,F,"(0, 5, 9)",I,F,A,F,591.75,298.0
4735,C,C,4,F,"(0, 5, 9)",I,F,A,F,591.875,298.0
4736,C,F,0,F,"(0, 5, 9)",I,F,A,F,592.0,299.0
4737,C,F,1,F,"(0, 5, 9)",I,F,A,F,592.125,299.0
4738,C,F,2,F,"(0, 5, 9)",I,F,A,F,592.25,299.0
4739,C,F,2,F,"(0, 5, 9)",I,F,A,F,592.375,299.0
4740,C,F,3,F,"(0, 5, 9)",I,F,A,F,592.5,299.0
4741,C,F,3,F,"(0, 5, 9)",I,F,A,F,592.625,299.0
4742,C,F,3,F,"(0, 5, 9)",I,F,A,F,592.75,299.0
4743,C,F,3,F,"(0, 5, 9)",I,F,A,F,592.875,299.0
4744,C,F,4,F,"(0, 5, 9)",I,F,A,F,593.0,299.0
4745,C,F,4,F,"(0, 5, 9)",I,F,A,F,593.125,299.0
4746,C,F,4,F,"(0, 5, 9)",I,F,A,F,593.25,299.0
4747,C,F,4,F,"(0, 5, 9)",I,F,A,F,593.375,299.0
4748,C,F,4,F,"(0, 5, 9)",I,F,A,F,593.5,299.0
4749,C,F,4,F,"(0, 5, 9)",I,F,A,F,593.625,299.0
4750,C,F,4,F,"(0, 5, 9)",I,F,A,F,593.75,299.0
4751,C,F,4,F,"(0, 5, 9)",I,F,A,F,593.875,299.0
4752,C,C,0,F,"(0, 5, 9)",I,F,A,F,594.0,300.0
4753,C,C,1,F,"(0, 5, 9)",I,F,A,F,594.125,300.0
4754,C,C,2,F,"(0, 5, 9)",I,F,A,F,594.25,300.0
4755,C,C,2,F,"(0, 5, 9)",I,F,A,F,594.375,300.0
4756,C,C,3,F,"(0, 5, 9)",I,F,A,F,594.5,300.0
4757,C,C,3,F,"(0, 5, 9)",I,F,A,f,594.625,300.0
4758,C,C,3,f,"(0, 5, 9)",I,F,A,f,594.75,300.0
4759,C,C,3,f,"(0, 5, 9)",I,F,A,f,594.875,300.0
4760,C,F,0,f,"(0, 5, 8)",i,F,A-,f,595.0,301.0
4761,C,F,1,f,"(0, 5, 8)",i,F,A-,f,595.125,301.0
4762,C,F,2,f,"(0, 5, 8)",i,F,A-,f,595.25,301.0
4763,C,F,2,f,"(0, 5, 8)",i,F,A-,f,595.375,301.0
4764,C,F,3,f,"(0, 5, 8)",i,F,A-,f,595.5,301.0
4765,C,F,3,f,"(0, 5, 8)",i,F,A-,f,595.625,301.0
4766,C,F,3,f,"(0, 5, 8)",i,F,A-,f,595.75,301.0
4767,C,F,3,f,"(0, 5, 8)",i,F,A-,f,595.875,301.0
4768,C,F,4,f,"(0, 5, 8)",i,F,A-,f,596.0,301.0
4769,C,F,4,f,"(0, 5, 8)",i,F,A-,f,596.125,301.0
4770,C,F,4,f,"(0, 5, 8)",i,F,A-,f,596.25,301.0
4771,C,F,4,f,"(0, 5, 8)",i,F,A-,f,596.375,301.0
4772,C,F,4,f,"(0, 5, 8)",i,F,A-,f,596.5,301.0
4773,C,F,4,f,"(0, 5, 8)",i,F,A-,f,596.625,301.0
4774,C,F,4,f,"(0, 5, 8)",i,F,A-,f,596.75,301.0
4775,C,F,4,f,"(0, 5, 8)",i,F,A-,f,596.875,301.0
4776,B-,B-,0,f,"(1, 4, 7, 10)",viio7,B-,D-,f,597.0,302.0
4777,B-,B-,1,f,"(1, 4, 7, 10)",viio7,D-,D-,f,597.125,302.0
4778,B-,B-,2,f,"(1, 4, 7, 10)",viio7,D-,D-,f,597.25,302.0
4779,B-,B-,2,f,"(1, 4, 7, 10)",viio7,D-,D-,f,597.375,302.0
4780,B-,B-,3,f,"(1, 4, 7, 10)",viio7,D-,D-,f,597.5,302.0
4781,B-,B-,3,f,"(1, 4, 7, 10)",viio7,D-,D-,f,597.625,302.0
4782,B-,B-,3,f,"(1, 4, 7, 10)",viio7,D-,D-,f,597.75,302.0
4783,B-,B-,3,f,"(1, 4, 7, 10)",viio7,D-,D-,f,597.875,302.0
4784,B-,B-,4,f,"(1, 4, 7, 10)",viio7,D-,D-,f,598.0,302.0
4785,B-,B-,4,f,"(1, 4, 7, 10)",viio7,D-,D-,f,598.125,302.0
4786,B-,B-,4,f,"(1, 4, 7, 10)",viio7,D-,D-,f,598.25,302.0
4787,B-,B-,4,f,"(1, 4, 7, 10)",viio7,D-,D-,f,598.375,302.0
4788,C,F,0,f,"(0, 5, 8)",i,F,A-,f,598.5,302.0
4789,C,F,1,f,"(0, 5, 8)",i,F,A-,f,598.625,302.0
4790,C,F,4,f,"(0, 5, 8)",i,F,A-,f,598.75,302.0
4791,C,F,4,f,"(0, 5, 8)",i,F,A-,f,598.875,302.0
4792,C,F,0,f,"(0, 4, 7, 10)",i,F,A-,f,599.0,303.0
4793,C,F,1,f,"(0, 4, 7, 10)",V7,F,A-,f,599.125,303.0
4794,C,F,2,f,"(0, 4, 7, 10)",V7,F,A-,f,599.25,303.0
4795,C,F,2,f,"(0, 4, 7, 10)",V7,F,A-,f,599.375,303.0
4796,C,F,3,f,"(0, 5, 8)",i,F,A-,f,599.5,303.0
4797,C,F,3,f,"(0, 5, 8)",i,F,A-,f,599.625,303.0
4798,C,F,3,f,"(0, 5, 8)",i,F,A-,f,599.75,303.0
4799,C,F,3,f,"(0, 5, 8)",i,F,A-,f,599.875,303.0
4800,C,F,0,f,"(0, 5, 8)",i,F,A-,f,600.0,303.0
4801,C,F,1,f,"(0, 5, 8)",i,F,A-,f,600.125,303.0
4802,C,F,4,f,"(0, 5, 8)",i,F,A-,f,600.25,303.0
4803,C,F,2,f,"(0, 5, 8)",i,F,A-,f,600.375,303.0
4804,C,F,0,f,"(0, 5, 8)",i,F,A-,f,600.5,303.0
4805,C,F,1,f,"(0, 5, 8)",i,F,A-,f,600.625,303.0
4806,C,F,4,f,"(0, 5, 8)",i,F,A-,f,600.75,303.0
4807,C,F,4,f,"(0, 5, 8)",i,F,A-,f,600.875,303.0
4808,C,G,0,f,"(0, 4, 7, 10)",V7,E,B-,f,601.0,304.0
4809,C,G,1,f,"(0, 4, 7, 10)",V7,E,B-,f,601.125,304.0
4810,C,G,2,f,"(0, 4, 7, 10)",V7,E,B-,f,601.25,304.0
4811,C,G,2,f,"(0, 4, 7, 10)",V7,E,B-,f,601.375,304.0
4812,C,G,3,f,"(0, 4, 7, 10)",V7,E,B-,f,601.5,304.0
4813,C,G,3,f,"(0, 4, 7, 10)",V7,E,B-,f,601.625,304.0
4814,C,G,3,f,"(0, 4, 7, 10)",V7,E,B-,f,601.75,304.0
4815,C,G,3,f,"(0, 4, 7, 10)",V7,E,B-,f,601.875,304.0
4816,C,G,4,f,"(0, 4, 7, 10)",V7,E,B-,f,602.0,304.0
4817,C,G,4,f,"(0, 4, 7, 10)",V7,E,B-,f,602.125,304.0
4818,C,C,4,f,"(0, 4, 7, 10)",V7,E,B-,f,602.25,304.0
4819,C,C,4,f,"(0, 4, 7, 10)",V7,E,B-,f,602.375,304.0
4820,C,C,4,f,"(0, 4, 7, 10)",i,F,B-,f,602.5,304.0
4821,C,C,4,f,"(0, 4, 7, 10)",i,F,B-,f,602.625,304.0
4822,C,C,4,f,"(0, 4, 7, 10)",i,F,B-,f,602.75,304.0
4823,C,C,4,f,"(0, 4, 7, 10)",i,F,B-,f,602.875,304.0
4824,C,F,0,f,"(0, 5, 8)",i,F,A-,f,603.0,305.0
4825,C,F,1,f,"(0, 5, 8)",i,F,A-,f,603.125,305.0
4826,C,F,2,f,"(0, 5, 8)",i,F,A-,f,603.25,305.0
4827,C,F,2,f,"(0, 5, 8)",i,F,A-,f,603.375,305.0
4828,C,F,3,f,"(0, 5, 8)",i,F,A-,f,603.5,305.0
4829,C,F,3,f,"(0, 5, 8)",i,F,A-,f,603.625,305.0
4830,C,F,3,f,"(0, 5, 8)",i,F,A-,f,603.75,305.0
4831,C,F,3,f,"(0, 5, 8)",i,F,A-,f,603.875,305.0
4832,C,F,4,f,"(0, 5, 8)",i,F,A-,f,604.0,305.0
4833,C,F,4,f,"(0, 5, 8)",i,F,A-,f,604.125,305.0
4834,C,F,4,f,"(0, 5, 8)",i,F,A-,f,604.25,305.0
4835,C,F,4,f,"(0, 5, 8)",i,F,A-,f,604.375,305.0
4836,C,F,4,f,"(0, 5, 8)",i,F,A-,f,604.5,305.0
4837,C,F,4,f,"(0, 5, 8)",i,F,A-,f,604.625,305.0
4838,C,F,4,f,"(0, 5, 8)",i,F,A-,f,604.75,305.0
4839,C,F,4,f,"(0, 5, 8)",i,F,A-,f,604.875,305.0
4840,D-,B-,0,f,"(1, 4, 7, 10)",viio7,B-,D-,f,605.0,306.0
4841,D-,B-,1,f,"(1, 4, 7, 10)",viio7,B-,D-,f,605.125,306.0
4842,D-,B-,2,f,"(1, 4, 7, 10)",viio7,B-,D-,f,605.25,306.0
4843,D-,B-,2,f,"(1, 4, 7, 10)",viio7,B-,D-,f,605.375,306.0
4844,D-,B-,3,f,"(1, 4, 7, 10)",viio7,D-,D-,f,605.5,306.0
4845,D-,B-,3,f,"(1, 4, 7, 10)",viio7,B-,D-,f,605.625,306.0
4846,D-,B-,3,f,"(1, 4, 7, 10)",viio7,B-,D-,f,605.75,306.0
4847,D-,B-,3,f,"(1, 4, 7, 10)",viio7,B-,D-,f,605.875,306.0
4848,D-,B-,4,f,"(1, 4, 7, 10)",viio7,D-,D-,f,606.0,306.0
4849,D-,B-,4,f,"(1, 4, 7, 10)",viio7,B-,D-,f,606.125,306.0
4850,D-,B-,4,f,"(1, 4, 7, 10)",viio7,B-,D-,f,606.25,306.0
4851,D-,B-,4,f,"(1, 4, 7, 10)",viio7,B-,D-,f,606.375,306.0
4852,C,F,0,f,"(0, 5, 8)",i,F,A-,f,606.5,306.0
4853,C,F,1,f,"(0, 5, 8)",i,F,A-,f,606.625,306.0
4854,C,F,4,f,"(0, 5, 8)",i,F,A-,f,606.75,306.0
4855,C,F,4,f,"(0, 5, 8)",i,F,A-,f,606.875,306.0
4856,G,B-,0,f,"(1, 7, 10)",iv,G,D-,f,607.0,307.0
4857,G,B-,1,f,"(1, 7, 10)",iv,G,D-,f,607.125,307.0
4858,G,B-,2,f,"(1, 7, 10)",iv,G,D-,f,607.25,307.0
4859,G,B-,2,f,"(1, 7, 10)",iv,G,D-,f,607.375,307.0
4860,G,B-,3,f,"(1, 7, 10)",iv,G,D-,f,607.5,307.0
4861,G,B-,3,f,"(1, 7, 10)",iv,G,D-,f,607.625,307.0
4862,G,B-,3,f,"(1, 7, 10)",iv,G,D-,f,607.75,307.0
4863,G,B-,3,f,"(1, 7, 10)",iv,G,D-,f,607.875,307.0
4864,A-,C,0,f,"(0, 5, 8)",i,F,E,f,608.0,307.0
4865,A-,C,1,f,"(0, 5, 8)",i,F,E,f,608.125,307.0
4866,A-,C,2,f,"(0, 5, 8)",i,F,E,f,608.25,307.0
4867,A-,C,2,f,"(0, 5, 8)",i,F,E,f,608.375,307.0
4868,G,C,0,f,"(0, 4, 7, 10)",V7,B-,E,f,608.5,307.0
4869,G,C,1,f,"(0, 4, 7, 10)",V7,B-,E,f,608.625,307.0
4870,G,C,2,f,"(0, 4, 7, 10)",V7,B-,E,f,608.75,307.0
4871,G,C,2,f,"(0, 4, 7, 10)",V7,B-,E,f,608.875,307.0
4872,C,E,0,f,"(0, 4, 7, 10)",V,B-,E,f,609.0,308.0
4873,C,C,1,f,"(0, 4, 7, 10)",V7,B-,E,f,609.125,308.0
4874,C,C,2,f,"(0, 4, 7, 10)",V7,B-,E,f,609.25,308.0
4875,C,C,2,f,"(0, 4, 7, 10)",V7,B-,E,f,609.375,308.0
4876,C,C,3,f,"(0, 4, 7, 10)",V7,B-,E,f,609.5,308.0
4877,C,C,3,f,"(0, 4, 7, 10)",V7,B-,E,f,609.625,308.0
4878,C,C,3,f,"(0, 4, 7, 10)",V7,B-,E,f,609.75,308.0
4879,C,C,3,f,"(0, 4, 7, 10)",V7,B-,E,f,609.875,308.0
4880,C,F,4,f,"(0, 5, 8)",i,F,A-,f,610.0,308.0
4881,C,F,4,f,"(0, 5, 8)",i,F,A-,f,610.125,308.0
4882,C,F,4,f,"(0, 5, 8)",i,F,A-,f,610.25,308.0
4883,C,F,4,f,"(0, 5, 8)",i,F,A-,f,610.375,308.0
4884,C,F,4,f,"(0, 5, 8)",i,F,A-,f,610.5,308.0
4885,C,F,4,f,"(0, 5, 8)",i,F,A-,f,610.625,308.0
4886,C,F,4,f,"(0, 5, 8)",i,F,A-,f,610.75,308.0
4887,C,F,4,f,"(0, 5, 8)",i,F,A-,f,610.875,308.0
4888,C,F,0,f,"(0, 5, 8)",i,F,A-,f,611.0,309.0
4889,C,F,1,f,"(0, 5, 8)",i,F,A-,f,611.125,309.0
4890,C,F,2,f,"(0, 5, 8)",i,F,A-,f,611.25,309.0
4891,C,F,2,f,"(0, 5, 8)",i,F,A-,f,611.375,309.0
4892,C,F,3,f,"(0, 5, 8)",i,F,A-,f,611.5,309.0
4893,C,F,3,f,"(0, 5, 8)",i,F,A-,f,611.625,309.0
4894,C,F,3,f,"(0, 5, 8)",i,F,A-,f,611.75,309.0
4895,C,F,3,f,"(0, 5, 8)",i,F,A-,f,611.875,309.0
4896,C,F,4,f,"(0, 5, 8)",i,F,A-,f,612.0,309.0
4897,C,F,4,f,"(0, 5, 8)",i,F,A-,f,612.125,309.0
4898,C,F,4,f,"(0, 5, 8)",i,F,A-,f,612.25,309.0
4899,C,F,4,f,"(0, 5, 8)",i,F,A-,f,612.375,309.0
4900,C,F,4,f,"(0, 5, 8)",i,F,A-,f,612.5,309.0
4901,C,F,4,f,"(0, 5, 8)",i,F,A-,f,612.625,309.0
4902,C,F,4,f,"(0, 5, 8)",i,F,A-,f,612.75,309.0
4903,C,F,4,f,"(0, 5, 8)",i,F,A-,f,612.875,309.0
4904,F,B-,0,f,"(1, 5, 10)",iv,B-,D-,f,613.0,310.0
4905,F,B-,1,f,"(1, 5, 10)",iv,B-,D-,f,613.125,310.0
4906,F,B-,2,f,"(1, 5, 10)",iv,B-,D-,f,613.25,310.0
4907,F,B-,2,f,"(1, 5, 10)",iv,B-,D-,f,613.375,310.0
4908,F,B-,3,f,"(1, 5, 10)",iv,B-,D-,f,613.5,310.0
4909,F,B-,3,f,"(1, 5, 10)",iv,B-,D-,f,613.625,310.0
4910,F,B-,3,f,"(1, 5, 10)",iv,B-,D-,f,613.75,310.0
4911,F,B-,3,f,"(1, 5, 10)",iv,B-,D-,f,613.875,310.0
4912,F,B-,4,f,"(1, 5, 10)",iv,B-,D-,f,614.0,310.0
4913,F,B-,4,f,"(1, 5, 10)",iv,B-,D-,f,614.125,310.0
4914,F,B-,4,f,"(1, 5, 10)",iv,B-,D-,f,614.25,310.0
4915,F,B-,4,f,"(1, 5, 10)",iv,B-,D-,f,614.375,310.0
4916,F,B-,4,f,"(1, 5, 10)",iv,B-,D-,f,614.5,310.0
4917,F,B-,4,f,"(1, 5, 10)",iv,B-,D-,f,614.625,310.0
4918,F,B-,4,f,"(1, 5, 10)",iv,B-,D-,f,614.75,310.0
4919,F,B-,4,f,"(1, 5, 10)",iv,B-,D-,f,614.875,310.0
4920,D-,G,0,f,"(1, 7, 10)",iv,G,B-,f,615.0,311.0
4921,D-,G,1,f,"(1, 7, 10)",iv,G,B-,f,615.125,311.0
4922,D-,G,2,f,"(1, 7, 10)",iio,G,B-,f,615.25,311.0
4923,D-,G,2,f,"(1, 7, 10)",iio,G,B-,f,615.375,311.0
4924,D-,F,3,f,"(0, 5, 8)",i,D-,A-,f,615.5,311.0
4925,D-,F,3,f,"(0, 5, 8)",i,D-,A-,f,615.625,311.0
4926,D-,F,3,f,"(0, 5, 8)",i,D-,A-,f,615.75,311.0
4927,D-,F,3,f,"(0, 5, 8)",i,D-,A-,f,615.875,311.0
4928,D-,E,4,f,"(1, 4, 7, 10)",viio7,D-,A-,f,616.0,311.0
4929,D-,E,4,f,"(1, 4, 7, 10)",viio7,D-,A-,f,616.125,311.0
4930,D-,E,4,f,"(1, 4, 7, 10)",viio7,D-,A-,f,616.25,311.0
4931,D-,E,4,f,"(1, 4, 7, 10)",viio7,D-,A-,f,616.375,311.0
4932,D-,F,0,f,"(1, 5, 8)",VI,D-,A-,f,616.5,311.0
4933,D-,F,1,f,"(1, 5, 8)",VI,D-,A-,f,616.625,311.0
4934,D-,F,2,f,"(1, 5, 8)",VI,D-,A-,f,616.75,311.0
4935,D-,F,2,f,"(1, 5, 8)",VI,D-,A-,f,616.875,311.0
4936,D-,G,0,f,"(1, 7, 10)",iio,E,B-,f,617.0,312.0
4937,D-,G,1,f,"(1, 7, 10)",iio,E,B-,f,617.125,312.0
4938,D-,G,2,f,"(1, 7, 10)",iio,E,B-,f,617.25,312.0
4939,D-,G,2,f,"(1, 7, 10)",iio,E,B-,f,617.375,312.0
4940,D-,G,3,f,"(1, 7, 10)",iio,E,B-,f,617.5,312.0
4941,D-,G,3,f,"(1, 7, 10)",viio,E,B-,f,617.625,312.0
4942,D-,G,3,f,"(1, 7, 10)",iio,E,B-,f,617.75,312.0
4943,D-,G,3,f,"(1, 7, 10)",viio,E,B-,f,617.875,312.0
4944,D-,G,4,f,"(0, 4, 7, 10)",V,E,B-,f,618.0,312.0
4945,G,G,4,f,"(0, 4, 7, 10)",V,E,B-,f,618.125,312.0
4946,G,G,4,f,"(0, 4, 7, 10)",V,E,B-,f,618.25,312.0
4947,G,G,4,f,"(0, 4, 7, 10)",V,E,B-,f,618.375,312.0
4948,G,G,4,f,"(0, 4, 7, 10)",V,E,E,f,618.5,312.0
4949,G,G,4,f,"(0, 4, 7, 10)",V,E,E,f,618.625,312.0
4950,G,C,4,f,"(0, 4, 7, 10)",V,E,E,f,618.75,312.0
4951,G,C,4,f,"(0, 4, 7, 10)",V,E,E,f,618.875,312.0
4952,C,A-,0,f,"(0, 5, 8)",i,F,A-,f,619.0,313.0
4953,C,A-,1,f,"(0, 5, 8)",i,F,A-,f,619.125,313.0
4954,C,A-,2,f,"(0, 5, 8)",i,F,A-,f,619.25,313.0
4955,C,A-,2,f,"(0, 5, 8)",i,F,A-,f,619.375,313.0
4956,C,A-,3,f,"(0, 5, 8)",i,F,A-,f,619.5,313.0
4957,C,A-,3,f,"(0, 5, 8)",i,F,A-,f,619.625,313.0
4958,C,A-,3,f,"(0, 5, 8)",i,F,A-,f,619.75,313.0
4959,C,A-,3,f,"(0, 5, 8)",i,F,A-,f,619.875,313.0
4960,C,A-,4,f,"(0, 5, 8)",i,F,A-,f,620.0,313.0
4961,C,A-,4,f,"(0, 5, 8)",i,F,A-,f,620.125,313.0
4962,C,A-,4,f,"(0, 5, 8)",i,F,A-,f,620.25,313.0
4963,C,A-,4,f,"(0, 5, 8)",i,F,A-,f,620.375,313.0
4964,C,A-,4,f,"(0, 5, 8)",i,F,A-,f,620.5,313.0
4965,C,A-,4,f,"(0, 5, 8)",i,F,A-,f,620.625,313.0
4966,C,A-,4,f,"(0, 5, 8)",i,F,A-,f,620.75,313.0
4967,C,A-,4,f,"(0, 5, 8)",i,F,A-,f,620.875,313.0
4968,F,B-,0,f,"(1, 5, 10)",iv,B-,D-,f,621.0,314.0
4969,F,B-,1,f,"(1, 5, 10)",iv,B-,D-,f,621.125,314.0
4970,F,B-,2,f,"(1, 5, 10)",iv,B-,D-,f,621.25,314.0
4971,F,B-,2,f,"(1, 5, 10)",iv,B-,D-,f,621.375,314.0
4972,F,B-,3,f,"(1, 5, 10)",iv,B-,D-,f,621.5,314.0
4973,F,B-,3,f,"(1, 5, 10)",iv,B-,D-,f,621.625,314.0
4974,F,B-,3,f,"(1, 5, 10)",iv,B-,D-,f,621.75,314.0
4975,F,B-,3,f,"(1, 5, 10)",iv,B-,D-,f,621.875,314.0
4976,F,B-,4,f,"(1, 5, 10)",iv,B-,D-,f,622.0,314.0
4977,F,B-,4,f,"(1, 5, 10)",iv,B-,D-,f,622.125,314.0
4978,F,B-,4,f,"(1, 5, 10)",iv,B-,D-,f,622.25,314.0
4979,F,B-,4,f,"(1, 5, 10)",iv,B-,D-,f,622.375,314.0
4980,F,A-,0,f,"(0, 5, 8)",i,F,C,f,622.5,314.0
4981,F,A-,1,f,"(0, 5, 8)",i,F,C,f,622.625,314.0
4982,F,A-,2,f,"(0, 5, 8)",i,F,C,f,622.75,314.0
4983,F,A-,2,f,"(0, 5, 8)",i,F,C,f,622.875,314.0
4984,E-,G,0,f,"(0, 3, 7)",V,C,C,c,623.0,315.0
4985,E-,G,1,f,"(0, 3, 7)",i,C,C,c,623.125,315.0
4986,E-,G,2,f,"(0, 3, 7)",i,C,C,c,623.25,315.0
4987,E-,G,2,f,"(0, 3, 7)",i,C,C,c,623.375,315.0
4988,E-,G,3,f,"(0, 3, 7)",i,C,C,c,623.5,315.0
4989,E-,G,3,f,"(0, 3, 7)",i,C,C,c,623.625,315.0
4990,E-,G,3,f,"(0, 3, 7)",i,C,C,c,623.75,315.0
4991,E-,G,3,f,"(0, 3, 7)",i,C,C,c,623.875,315.0
4992,E-,G,4,f,"(0, 3, 7)",V,C,C,c,624.0,315.0
4993,E-,G,4,f,"(0, 3, 7)",V,C,C,c,624.125,315.0
4994,E-,G,4,f,"(0, 3, 7)",V,C,C,c,624.25,315.0
4995,E-,G,4,f,"(0, 3, 7)",V,C,C,c,624.375,315.0
4996,D,G,0,f,"(2, 7, 11)",V,G,B,c,624.5,315.0
4997,D,G,1,f,"(2, 7, 11)",V,G,B,c,624.625,315.0
4998,D,G,2,f,"(2, 7, 11)",V,G,B,c,624.75,315.0
4999,D,G,2,f,"(2, 7, 11)",V,G,B,c,624.875,315.0
5000,C,C,0,f,"(0, 3, 7)",i,C,E-,c,625.0,316.0
5001,C,C,1,f,"(0, 3, 7)",i,C,E-,c,625.125,316.0
5002,C,C,2,f,"(0, 3, 7)",i,C,E-,c,625.25,316.0
5003,C,C,2,f,"(0, 3, 7)",i,C,E-,c,625.375,316.0
5004,C,C,3,f,"(0, 3, 7)",i,C,E-,c,625.5,316.0
5005,C,C,3,f,"(0, 3, 7)",i,C,E-,c,625.625,316.0
5006,C,C,3,f,"(0, 3, 7)",i,C,E-,c,625.75,316.0
5007,C,C,3,f,"(0, 3, 7)",i,C,E-,c,625.875,316.0
5008,C,C,4,f,"(0, 3, 7)",i,C,C,c,626.0,316.0
5009,C,C,4,f,"(0, 3, 7)",i,C,C,c,626.125,316.0
5010,C,C,4,f,"(0, 3, 7)",i,C,C,c,626.25,316.0
5011,C,C,4,f,"(0, 3, 7)",i,C,C,c,626.375,316.0
5012,C,C,4,f,"(0, 3, 7)",i,C,C,c,626.5,316.0
5013,C,C,4,f,"(0, 3, 7)",i,C,C,c,626.625,316.0
5014,C,C,4,f,"(0, 3, 7)",i,C,C,c,626.75,316.0
5015,C,C,4,f,"(0, 3, 7)",i,C,C,c,626.875,316.0
5016,E-,G,0,c,"(0, 3, 7)",i,C,C,c,627.0,317.0
5017,E-,G,1,c,"(0, 3, 7)",i,C,C,c,627.125,317.0
5018,E-,G,2,c,"(0, 3, 7)",i,C,C,c,627.25,317.0
5019,E-,G,2,c,"(0, 3, 7)",i,C,C,c,627.375,317.0
5020,E-,G,3,c,"(0, 3, 7)",i,C,C,c,627.5,317.0
5021,E-,G,3,c,"(0, 3, 7)",i,C,C,c,627.625,317.0
5022,E-,G,3,c,"(0, 3, 7)",i,C,C,c,627.75,317.0
5023,E-,G,3,c,"(0, 3, 7)",i,C,C,c,627.875,317.0
5024,E-,G,4,c,"(0, 3, 7)",i,C,C,c,628.0,317.0
5025,E-,G,4,c,"(0, 3, 7)",i,C,C,c,628.125,317.0
5026,E-,G,4,c,"(0, 3, 7)",i,C,C,c,628.25,317.0
5027,E-,G,4,c,"(0, 3, 7)",i,C,C,c,628.375,317.0
5028,D,G,0,c,"(2, 5, 7, 11)",V7,F,B,c,628.5,317.0
5029,D,G,1,c,"(2, 5, 7, 11)",V7,F,B,c,628.625,317.0
5030,D,G,2,c,"(2, 5, 7, 11)",V7,F,B,c,628.75,317.0
5031,D,G,2,c,"(2, 5, 7, 11)",V7,F,B,c,628.875,317.0
5032,G,C,0,c,"(0, 3, 7)",i,C,E-,c,629.0,318.0
5033,G,C,1,c,"(0, 3, 7)",i,C,E-,c,629.125,318.0
5034,G,C,2,c,"(0, 3, 7)",i,C,E-,c,629.25,318.0
5035,G,C,2,c,"(0, 3, 7)",i,C,E-,c,629.375,318.0
5036,G,C,3,c,"(0, 3, 7)",i,C,E-,c,629.5,318.0
5037,G,C,3,c,"(0, 3, 7)",i,C,E-,c,629.625,318.0
5038,G,C,3,c,"(0, 3, 7)",i,C,E-,c,629.75,318.0
5039,G,C,3,c,"(0, 3, 7)",i,C,E-,c,629.875,318.0
5040,G,C,4,c,"(0, 3, 7)",i,C,E-,c,630.0,318.0
5041,G,C,4,c,"(0, 3, 7)",i,C,E-,c,630.125,318.0
5042,G,C,4,c,"(0, 3, 7)",i,C,E-,c,630.25,318.0
5043,G,C,4,c,"(0, 3, 7)",i,C,E-,c,630.375,318.0
5044,G,C,4,c,"(0, 3, 7)",i,C,E-,c,630.5,318.0
5045,G,C,4,c,"(0, 3, 7)",i,C,E-,c,630.625,318.0
5046,G,C,4,c,"(0, 3, 7)",i,C,E-,c,630.75,318.0
5047,G,C,4,c,"(0, 3, 7)",i,C,E-,c,630.875,318.0
5048,D,G,0,c,"(0, 3, 7)",i,C,C,c,631.0,319.0
5049,D,G,1,c,"(0, 3, 7)",i,C,C,c,631.125,319.0
5050,D,G,2,c,"(0, 3, 7)",i,C,C,c,631.25,319.0
5051,D,G,2,c,"(0, 3, 7)",i,C,C,c,631.375,319.0
5052,D,G,3,c,"(0, 3, 7)",i,C,C,c,631.5,319.0
5053,D,G,3,c,"(0, 3, 7)",i,C,C,c,631.625,319.0
5054,D,G,3,c,"(0, 3, 7)",i,C,C,c,631.75,319.0
5055,D,G,3,c,"(0, 3, 7)",i,C,C,c,631.875,319.0
5056,D,G,4,c,"(0, 3, 7)",i,C,B,c,632.0,319.0
5057,D,G,4,c,"(0, 3, 7)",i,C,B,c,632.125,319.0
5058,D,G,4,c,"(0, 3, 7)",i,C,B,c,632.25,319.0
5059,D,G,4,c,"(0, 3, 7)",i,C,B,c,632.375,319.0
5060,D,G,0,c,"(2, 5, 7, 11)",V7,F,B,c,632.5,319.0
5061,D,G,1,c,"(2, 5, 7, 11)",V7,F,B,c,632.625,319.0
5062,D,G,2,c,"(2, 5, 7, 11)",V7,F,B,c,632.75,319.0
5063,D,G,2,c,"(2, 5, 7, 11)",V7,F,B,c,632.875,319.0
5064,G,C,0,f,"(0, 3, 7)",i,C,E-,c,633.0,320.0
5065,G,C,1,f,"(0, 3, 7)",i,C,E-,c,633.125,320.0
5066,G,C,2,f,"(0, 3, 7)",i,C,E-,c,633.25,320.0
5067,G,C,2,f,"(0, 3, 7)",i,C,E-,c,633.375,320.0
5068,G,C,3,f,"(0, 3, 7)",i,C,E-,c,633.5,320.0
5069,G,C,3,f,"(0, 3, 7)",i,C,E-,c,633.625,320.0
5070,G,C,3,f,"(0, 3, 7)",i,C,E-,c,633.75,320.0
5071,G,C,3,f,"(0, 3, 7)",i,C,E-,c,633.875,320.0
5072,G,C,4,f,"(0, 3, 7)",i,C,E-,c,634.0,320.0
5073,G,C,4,f,"(0, 3, 7)",i,C,E-,c,634.125,320.0
5074,G,C,4,f,"(0, 3, 7)",i,C,E-,c,634.25,320.0
5075,G,C,4,f,"(0, 3, 7)",i,C,E-,c,634.375,320.0
5076,G,C,4,f,"(0, 3, 7)",i,C,E-,c,634.5,320.0
5077,G,C,4,f,"(0, 3, 7)",i,C,E-,c,634.625,320.0
5078,G,C,4,f,"(0, 3, 7)",i,C,E-,c,634.75,320.0
5079,G,C,4,f,"(0, 3, 7)",i,C,E-,c,634.875,320.0
5080,G,C,0,f,"(0, 3, 7)",i,C,E-,f,635.0,321.0
5081,G,C,1,f,"(0, 3, 7)",i,C,E-,f,635.125,321.0
5082,G,C,2,f,"(0, 3, 7)",i,C,E-,f,635.25,321.0
5083,G,C,2,f,"(0, 3, 7)",i,C,E-,f,635.375,321.0
5084,G,C,3,f,"(0, 3, 7)",i,C,E-,f,635.5,321.0
5085,G,C,3,f,"(0, 3, 7)",i,C,E-,f,635.625,321.0
5086,G,C,3,f,"(0, 3, 7)",i,C,E-,f,635.75,321.0
5087,G,C,3,f,"(0, 3, 7)",i,C,E-,f,635.875,321.0
5088,G,C,4,f,"(0, 3, 7)",i,C,E-,f,636.0,321.0
5089,G,C,4,f,"(0, 3, 7)",i,C,E,f,636.125,321.0
5090,G,C,4,f,"(0, 3, 7)",i,C,E,f,636.25,321.0
5091,G,C,4,f,"(0, 3, 7)",i,C,E,f,636.375,321.0
5092,G,C,4,f,"(0, 3, 7)",i,C,E,f,636.5,321.0
5093,G,C,4,f,"(0, 3, 7)",i,C,E,f,636.625,321.0
5094,G,C,4,f,"(0, 3, 7)",i,C,E,f,636.75,321.0
5095,G,C,4,f,"(0, 3, 7)",i,C,E,f,636.875,321.0
5096,D-,F,0,f,"(1, 5, 10)",iv,F,A-,f,637.0,322.0
5097,D-,F,1,f,"(0, 5, 8)",iv,F,A-,f,637.125,322.0
5098,D-,F,2,f,"(0, 5, 8)",iv,F,A-,f,637.25,322.0
5099,D-,F,2,f,"(0, 5, 8)",iv,F,A-,f,637.375,322.0
5100,C,F,3,f,"(0, 5, 8)",iv,F,A-,f,637.5,322.0
5101,C,F,3,f,"(0, 5, 8)",iv,F,A-,f,637.625,322.0
5102,C,F,3,f,"(0, 5, 8)",iv,F,A-,f,637.75,322.0
5103,C,F,3,f,"(0, 5, 8)",iv,F,A-,f,637.875,322.0
5104,C,F,4,f,"(0, 5, 8)",i,F,A-,f,638.0,322.0
5105,C,F,4,f,"(0, 5, 8)",i,F,A-,f,638.125,322.0
5106,C,F,4,f,"(0, 5, 8)",i,F,A-,f,638.25,322.0
5107,C,F,4,f,"(0, 5, 8)",i,F,A-,f,638.375,322.0
5108,C,F,4,f,"(0, 5, 8)",i,F,A-,f,638.5,322.0
5109,C,F,4,f,"(0, 5, 8)",i,F,A-,f,638.625,322.0
5110,C,F,4,f,"(0, 5, 8)",i,F,A-,f,638.75,322.0
5111,C,F,4,f,"(0, 5, 8)",i,F,A-,f,638.875,322.0
5112,D-,F,0,f,"(1, 5, 7, 10)",iv,F,A-,f,639.0,323.0
5113,D-,F,1,f,"(1, 5, 7, 10)",iiø7,F,A-,f,639.125,323.0
5114,D-,F,2,f,"(1, 5, 7, 10)",iiø7,F,A-,f,639.25,323.0
5115,D-,F,2,f,"(1, 5, 7, 10)",iiø7,F,A-,f,639.375,323.0
5116,C,F,3,f,"(0, 5, 8)",i,F,A-,f,639.5,323.0
5117,C,F,3,f,"(0, 5, 8)",i,F,A-,f,639.625,323.0
5118,C,F,3,f,"(0, 5, 8)",i,F,A-,f,639.75,323.0
5119,C,F,3,f,"(0, 5, 8)",i,F,A-,f,639.875,323.0
5120,C,F,4,f,"(0, 5, 8)",i,F,A-,f,640.0,323.0
5121,C,F,1,f,"(0, 5, 8)",i,F,A-,f,640.125,323.0
5122,C,F,2,f,"(0, 5, 8)",i,F,A-,f,640.25,323.0
5123,C,F,4,f,"(0, 5, 8)",i,F,A-,f,640.375,323.0
5124,C,F,0,f,"(0, 5, 8)",i,F,A-,f,640.5,323.0
5125,C,F,1,f,"(0, 5, 8)",i,F,A-,f,640.625,323.0
5126,C,F,4,f,"(0, 5, 8)",i,F,A-,f,640.75,323.0
5127,C,F,4,f,"(0, 5, 8)",i,F,A-,f,640.875,323.0
5128,G,C,0,f,"(0, 5, 8)",i,F,E,f,641.0,324.0
5129,G,C,1,f,"(0, 5, 8)",i,F,E,f,641.125,324.0
5130,G,C,2,f,"(0, 5, 8)",i,F,E,f,641.25,324.0
5131,G,C,2,f,"(0, 5, 8)",i,F,E,f,641.375,324.0
5132,G,C,3,f,"(0, 5, 8)",i,F,E,f,641.5,324.0
5133,G,C,3,f,"(0, 5, 8)",i,F,E,f,641.625,324.0
5134,G,C,3,f,"(0, 5, 8)",i,F,E,f,641.75,324.0
5135,G,C,3,f,"(0, 5, 8)",i,F,E,f,641.875,324.0
5136,G,C,4,f,"(0, 4, 7)",V,C,E,f,642.0,324.0
5137,G,C,1,f,"(0, 4, 7)",V,C,E,f,642.125,324.0
5138,G,C,4,f,"(0, 4, 7)",V,C,E,f,642.25,324.0
5139,G,C,4,f,"(0, 4, 7)",V,C,E,f,642.375,324.0
5140,G,C,4,f,"(0, 4, 7)",V,C,E,f,642.5,324.0
5141,G,C,4,f,"(0, 4, 7)",V,C,E,f,642.625,324.0
5142,G,C,4,f,"(0, 4, 7)",V,C,E,f,642.75,324.0
5143,G,C,4,f,"(0, 4, 7)",V,C,E,f,642.875,324.0
5144,G,C,0,f,"(0, 5, 8)",i,C,E,f,643.0,325.0
5145,G,C,1,f,"(0, 5, 8)",i,C,E,f,643.125,325.0
5146,G,C,2,f,"(0, 5, 8)",i,C,E,f,643.25,325.0
5147,G,C,2,f,"(0, 5, 8)",i,C,E,f,643.375,325.0
5148,G,C,3,f,"(0, 5, 8)",i,C,E,f,643.5,325.0
5149,G,C,3,f,"(0, 5, 8)",i,C,E,f,643.625,325.0
5150,G,C,3,f,"(0, 5, 8)",i,C,E,f,643.75,325.0
5151,G,C,3,f,"(0, 5, 8)",i,C,E,f,643.875,325.0
5152,G,C,4,f,"(0, 5, 8)",i,F,E,f,644.0,325.0
5153,G,C,4,f,"(0, 5, 8)",i,F,E,f,644.125,325.0
5154,G,C,4,f,"(0, 5, 8)",i,F,E,f,644.25,325.0
5155,G,C,4,f,"(0, 5, 8)",i,F,E,f,644.375,325.0
5156,G,C,4,f,"(0, 5, 8)",i,F,E,f,644.5,325.0
5157,G,C,4,f,"(0, 5, 8)",i,F,E,f,644.625,325.0
5158,G,C,4,f,"(0, 5, 8)",i,F,E,f,644.75,325.0
5159,G,C,4,f,"(0, 5, 8)",i,F,E,f,644.875,325.0
5160,C,F,0,f,"(0, 5, 8)",iv,F,A-,f,645.0,326.0
5161,C,F,1,f,"(0, 5, 8)",iv,F,A-,f,645.125,326.0
5162,C,F,2,f,"(0, 5, 8)",iv,F,A-,f,645.25,326.0
5163,C,F,2,f,"(0, 5, 8)",iv,F,A-,f,645.375,326.0
5164,C,F,3,f,"(0, 5, 8)",iv,F,A-,f,645.5,326.0
5165,C,F,3,f,"(0, 5, 8)",iv,F,A-,f,645.625,326.0
5166,C,F,3,f,"(0, 5, 8)",iv,F,A-,f,645.75,326.0
5167,C,F,3,f,"(0, 5, 8)",iv,F,A-,f,645.875,326.0
5168,C,F,4,f,"(0, 5, 8)",i,F,A-,f,646.0,326.0
5169,C,F,4,f,"(0, 5, 8)",i,F,A-,f,646.125,326.0
5170,C,F,4,f,"(0, 5, 8)",i,F,A-,f,646.25,326.0
5171,C,F,4,f,"(0, 5, 8)",i,F,A-,f,646.375,326.0
5172,C,F,4,f,"(0, 5, 8)",i,F,A-,f,646.5,326.0
5173,C,F,4,f,"(0, 5, 8)",i,F,A-,f,646.625,326.0
5174,C,F,4,f,"(0, 5, 8)",i,F,A-,f,646.75,326.0
5175,C,F,4,f,"(0, 5, 8)",i,F,A-,f,646.875,326.0
5176,D,G,0,f,"(0, 3, 7)",V,C,B,c,647.0,327.0
5177,D,G,1,f,"(0, 3, 7)",V,F,B,c,647.125,327.0
5178,D,G,2,f,"(0, 3, 7)",V,F,B,c,647.25,327.0
5179,D,G,2,f,"(0, 3, 7)",V,F,B,c,647.375,327.0
5180,D,G,3,f,"(0, 3, 7)",V,F,B,c,647.5,327.0
5181,D,G,3,f,"(0, 3, 7)",V,F,B,c,647.625,327.0
5182,D,G,3,f,"(0, 3, 7)",V,F,B,c,647.75,327.0
5183,D,G,3,f,"(0, 3, 7)",V,F,B,c,647.875,327.0
5184,D,G,4,f,"(2, 5, 7, 11)",V,F,B,c,648.0,327.0
5185,D,G,4,f,"(2, 5, 7, 11)",V7,F,B,c,648.125,327.0
5186,D,G,4,f,"(2, 5, 7, 11)",V7,F,B,c,648.25,327.0
5187,D,G,4,f,"(2, 5, 7, 11)",V7,F,B,c,648.375,327.0
5188,D,G,4,f,"(2, 5, 7, 11)",V,G,B,c,648.5,327.0
5189,D,G,4,f,"(2, 7, 11)",V,G,B,c,648.625,327.0
5190,D,G,4,f,"(2, 7, 11)",V,G,B,c,648.75,327.0
5191,D,G,4,f,"(2, 7, 11)",V,G,B,c,648.875,327.0
5192,G,C,0,c,"(0, 3, 7)",i,C,E-,c,649.0,328.0
5193,G,C,1,c,"(0, 3, 7)",i,C,E-,c,649.125,328.0
5194,G,C,2,c,"(0, 3, 7)",i,C,E-,c,649.25,328.0
5195,G,C,2,c,"(0, 3, 7)",i,C,E-,c,649.375,328.0
5196,G,C,3,c,"(0, 3, 7)",i,C,E-,c,649.5,328.0
5197,G,C,3,c,"(0, 3, 7)",i,C,E-,c,649.625,328.0
5198,G,C,3,c,"(0, 3, 7)",i,C,E-,c,649.75,328.0
5199,G,C,3,c,"(0, 3, 7)",i,C,E-,c,649.875,328.0
5200,G,C,4,c,"(0, 3, 7)",i,C,E-,c,650.0,328.0
5201,G,C,4,c,"(0, 3, 7)",i,C,E-,c,650.125,328.0
5202,G,C,4,c,"(0, 3, 7)",i,C,E-,c,650.25,328.0
5203,G,C,4,c,"(0, 3, 7)",i,C,E-,c,650.375,328.0
5204,G,C,4,c,"(0, 3, 7)",i,C,E-,c,650.5,328.0
5205,G,C,4,c,"(0, 3, 7)",i,C,E-,c,650.625,328.0
5206,G,C,4,c,"(0, 3, 7)",i,C,E-,c,650.75,328.0
5207,G,C,4,c,"(0, 3, 7)",i,C,E-,c,650.875,328.0
5208,C,C,0,c,"(0, 3, 7)",i,C,E-,c,651.0,329.0
5209,C,C,1,c,"(0, 3, 7)",i,C,E-,c,651.125,329.0
5210,C,C,2,c,"(0, 3, 7)",viio7,C,E-,c,651.25,329.0
5211,C,C,2,c,"(0, 3, 7)",viio7,C,E-,c,651.375,329.0
5212,C,C,3,c,"(0, 3, 6, 9)",viio7,C,A,c,651.5,329.0
5213,C,C,3,c,"(0, 3, 6, 9)",viio7,C,A,c,651.625,329.0
5214,C,C,3,c,"(0, 3, 6, 9)",viio7,C,A,c,651.75,329.0
5215,C,C,3,c,"(0, 3, 6, 9)",viio7,C,A,c,651.875,329.0
5216,D,G,0,c,"(0, 3, 7)",i,C,E-,c,652.0,329.0
5217,D,G,1,c,"(0, 3, 7)",i,C,E-,c,652.125,329.0
5218,D,G,4,c,"(0, 3, 7)",i,C,E-,c,652.25,329.0
5219,D,G,2,c,"(0, 3, 7)",i,C,E-,c,652.375,329.0
5220,D,G,0,c,"(2, 7, 11)",V,G,B,c,652.5,329.0
5221,D,G,1,c,"(2, 7, 11)",V,G,B,c,652.625,329.0
5222,D,G,2,c,"(2, 7, 11)",V,G,B,c,652.75,329.0
5223,D,G,2,c,"(2, 7, 11)",V,G,B,c,652.875,329.0
5224,G,C,0,c,"(0, 3, 7)",i,C,E-,c,653.0,330.0
5225,G,C,1,c,"(0, 3, 7)",i,C,E-,c,653.125,330.0
5226,G,C,2,c,"(0, 3, 7)",i,C,E-,c,653.25,330.0
5227,G,C,2,c,"(0, 3, 7)",i,C,E-,c,653.375,330.0
5228,G,C,3,c,"(0, 3, 7)",i,C,E-,c,653.5,330.0
5229,G,C,3,c,"(0, 3, 7)",i,C,E-,c,653.625,330.0
5230,G,C,3,c,"(0, 3, 7)",i,C,E-,c,653.75,330.0
5231,G,C,3,c,"(0, 3, 7)",i,C,E-,c,653.875,330.0
5232,G,C,4,c,"(0, 3, 7)",i,C,E-,c,654.0,330.0
5233,G,C,4,c,"(0, 3, 7)",i,C,E-,c,654.125,330.0
5234,G,C,4,c,"(0, 3, 7)",i,C,E-,c,654.25,330.0
5235,G,C,4,c,"(0, 3, 7)",i,C,E-,c,654.375,330.0
5236,G,C,4,c,"(0, 3, 7)",i,C,E-,c,654.5,330.0
5237,G,C,4,c,"(0, 3, 7)",i,C,E-,c,654.625,330.0
5238,G,C,4,c,"(0, 3, 7)",i,C,E-,c,654.75,330.0
5239,G,C,4,c,"(0, 3, 7)",i,C,E-,c,654.875,330.0
5240,C,C,0,f,"(0, 3, 7)",i,C,E-,c,655.0,331.0
5241,C,C,1,c,"(0, 3, 7)",i,C,E-,c,655.125,331.0
5242,C,C,2,c,"(0, 3, 7)",i,C,E-,c,655.25,331.0
5243,C,C,2,c,"(0, 3, 7)",i,C,E-,c,655.375,331.0
5244,C,C,3,f,"(0, 3, 7)",i,C,E-,c,655.5,331.0
5245,C,C,3,f,"(0, 3, 7)",i,C,E-,c,655.625,331.0
5246,C,C,3,f,"(0, 3, 7)",i,C,E-,c,655.75,331.0
5247,C,C,3,f,"(0, 3, 7)",i,C,E-,c,655.875,331.0
5248,D,G,0,c,"(0, 3, 7)",i,C,E-,c,656.0,331.0
5249,E-,G,4,c,"(0, 3, 7)",i,C,E-,c,656.125,331.0
5250,E-,G,2,c,"(0, 3, 7)",i,C,E-,c,656.25,331.0
5251,E-,G,2,c,"(0, 3, 7)",i,C,E-,c,656.375,331.0
5252,D,G,0,c,"(2, 7, 11)",V,G,B,c,656.5,331.0
5253,D,G,1,c,"(2, 7, 11)",V,G,B,c,656.625,331.0
5254,D,G,2,c,"(2, 7, 11)",V,G,B,c,656.75,331.0
5255,D,G,2,c,"(2, 7, 11)",V,G,B,c,656.875,331.0
5256,G,C,0,f,"(0, 3, 7)",i,C,E-,b-,657.0,332.0
5257,G,C,1,f,"(0, 3, 7)",i,C,E-,b-,657.125,332.0
5258,G,C,2,f,"(0, 3, 7)",i,C,E-,b-,657.25,332.0
5259,G,C,2,f,"(0, 3, 7)",i,C,E-,b-,657.375,332.0
5260,G,C,3,f,"(0, 3, 7)",i,C,E-,b-,657.5,332.0
5261,G,C,3,f,"(0, 3, 7)",i,C,E-,b-,657.625,332.0
5262,G,C,3,f,"(0, 3, 7)",i,C,E-,b-,657.75,332.0
5263,G,C,3,f,"(0, 3, 7)",i,C,E-,b-,657.875,332.0
5264,E-,C,4,f,"(0, 3, 6, 9)",iio,C,E-,b-,658.0,332.0
5265,E-,C,4,f,"(0, 3, 6, 9)",iio,C,E-,b-,658.125,332.0
5266,E-,C,4,f,"(0, 3, 6, 9)",iio,C,E-,b-,658.25,332.0
5267,E-,C,4,f,"(0, 3, 6, 9)",iio,C,E-,b-,658.375,332.0
5268,E-,C,4,f,"(0, 3, 6, 9)",iio,C,E-,b-,658.5,332.0
5269,E-,C,4,f,"(0, 3, 6, 9)",iio,C,E-,b-,658.625,332.0
5270,E-,C,4,f,"(0, 3, 6, 9)",iio,C,E-,b-,658.75,332.0
5271,E-,C,4,f,"(0, 3, 6, 9)",iio,C,E-,b-,658.875,332.0
5272,D-,F,0,f,"(1, 5, 10)",iv,D-,A-,f,659.0,333.0
5273,C,F,1,f,"(1, 5, 8)",iv,D-,A-,f,659.125,333.0
5274,C,F,2,f,"(1, 5, 8)",iv,D-,A-,f,659.25,333.0
5275,C,F,2,f,"(1, 5, 8)",iv,D-,A-,f,659.375,333.0
5276,C,F,3,f,"(1, 5, 8)",iv,F,A-,f,659.5,333.0
5277,C,F,3,f,"(1, 5, 8)",iv,F,A-,f,659.625,333.0
5278,C,F,3,f,"(1, 5, 8)",iv,F,A-,f,659.75,333.0
5279,C,F,3,f,"(1, 5, 8)",iv,F,A-,f,659.875,333.0
5280,C,F,4,f,"(0, 5, 8)",iv,F,A-,f,660.0,333.0
5281,C,F,4,f,"(0, 5, 8)",iv,F,A-,f,660.125,333.0
5282,C,F,4,f,"(0, 5, 8)",iv,F,A-,f,660.25,333.0
5283,C,F,4,f,"(0, 5, 8)",iv,F,A-,f,660.375,333.0
5284,C,F,4,f,"(0, 5, 8)",iv,F,A-,f,660.5,333.0
5285,C,F,4,f,"(0, 5, 8)",iv,F,A-,f,660.625,333.0
5286,C,F,4,f,"(0, 5, 8)",iv,F,A-,f,660.75,333.0
5287,C,F,4,f,"(0, 5, 8)",iv,F,A-,f,660.875,333.0
5288,F,B-,0,f,"(1, 5, 10)",iv,B-,D-,f,661.0,334.0
5289,F,B-,1,f,"(1, 5, 10)",iv,B-,D-,f,661.125,334.0
5290,F,B-,2,f,"(1, 5, 10)",iv,B-,D-,f,661.25,334.0
5291,F,B-,2,f,"(1, 5, 10)",iv,B-,D-,f,661.375,334.0
5292,F,B-,3,f,"(1, 5, 10)",iv,B-,D-,f,661.5,334.0
5293,F,B-,3,f,"(1, 5, 10)",iv,B-,D-,f,661.625,334.0
5294,F,B-,3,f,"(1, 5, 10)",iv,B-,D-,f,661.75,334.0
5295,F,B-,3,f,"(1, 5, 10)",iv,B-,D-,f,661.875,334.0
5296,F,B-,4,f,"(1, 5, 10)",iv,B-,D-,f,662.0,334.0
5297,F,B-,4,f,"(1, 5, 10)",iv,B-,D-,f,662.125,334.0
5298,F,B-,4,f,"(1, 5, 10)",iv,B-,D-,f,662.25,334.0
5299,F,B-,4,f,"(1, 5, 10)",iv,B-,D-,f,662.375,334.0
5300,F,B-,4,f,"(1, 5, 10)",iv,B-,D-,f,662.5,334.0
5301,F,B-,4,f,"(1, 5, 10)",iv,B-,D-,f,662.625,334.0
5302,F,B-,4,f,"(1, 5, 10)",iv,B-,D-,f,662.75,334.0
5303,F,B-,4,f,"(1, 5, 10)",iv,B-,D-,f,662.875,334.0
5304,G,C,0,f,"(0, 4, 7, 10)",i,C,E,f,663.0,335.0
5305,G,C,1,f,"(0, 4, 7, 10)",V7,C,E,f,663.125,335.0
5306,G,C,2,f,"(0, 4, 7, 10)",V7,C,E,f,663.25,335.0
5307,G,C,2,f,"(0, 4, 7, 10)",V7,C,E,f,663.375,335.0
5308,G,C,3,f,"(0, 4, 7, 10)",V7,B-,E,f,663.5,335.0
5309,G,C,3,f,"(0, 4, 7, 10)",V7,B-,E,f,663.625,335.0
5310,G,C,3,f,"(0, 4, 7, 10)",V7,B-,E,f,663.75,335.0
5311,G,C,3,f,"(0, 4, 7, 10)",V7,B-,E,f,663.875,335.0
5312,G,C,4,f,"(0, 4, 7, 10)",V7,C,E,f,664.0,335.0
5313,G,C,4,f,"(0, 4, 7, 10)",V7,C,E,f,664.125,335.0
5314,G,C,4,f,"(0, 4, 7, 10)",V7,C,E,f,664.25,335.0
5315,G,C,4,f,"(0, 4, 7, 10)",V7,C,E,f,664.375,335.0
5316,G,C,4,f,"(0, 4, 7)",V,C,E,f,664.5,335.0
5317,G,C,4,f,"(0, 4, 7)",V,C,E,f,664.625,335.0
5318,G,C,4,f,"(0, 4, 7)",V,C,E,f,664.75,335.0
5319,G,C,4,f,"(0, 4, 7)",V,C,E,f,664.875,335.0
5320,C,F,0,f,"(0, 5, 8)",i,F,A-,f,665.0,336.0
5321,C,F,1,f,"(0, 5, 8)",i,F,A-,f,665.125,336.0
5322,C,F,2,f,"(0, 5, 8)",i,F,A-,f,665.25,336.0
5323,C,F,2,f,"(0, 5, 8)",i,F,A-,f,665.375,336.0
5324,C,F,3,f,"(0, 5, 8)",i,F,A-,f,665.5,336.0
5325,C,F,3,f,"(0, 5, 8)",i,F,A-,f,665.625,336.0
5326,C,F,3,f,"(0, 5, 8)",i,F,A-,f,665.75,336.0
5327,C,F,3,f,"(0, 5, 8)",i,F,A-,f,665.875,336.0
5328,C,F,4,f,"(0, 5, 8)",i,F,A-,f,666.0,336.0
5329,C,F,4,f,"(0, 5, 8)",i,F,A-,f,666.125,336.0
5330,C,F,4,f,"(0, 5, 8)",i,F,A-,f,666.25,336.0
5331,C,F,4,f,"(0, 5, 8)",i,F,A-,f,666.375,336.0
5332,C,F,4,f,"(0, 5, 8)",i,F,A-,f,666.5,336.0
5333,C,F,4,f,"(0, 5, 8)",i,F,A-,f,666.625,336.0
5334,C,F,4,f,"(0, 5, 8)",i,F,A-,f,666.75,336.0
5335,C,F,4,f,"(0, 5, 8)",i,F,A-,f,666.875,336.0
5336,C,F,0,f,"(0, 5, 8)",i,F,A-,f,667.0,337.0
5337,C,F,1,f,"(0, 5, 8)",i,F,A-,f,667.125,337.0
5338,C,F,2,f,"(0, 5, 8)",i,F,A-,f,667.25,337.0
5339,C,F,2,f,"(0, 5, 8)",i,F,A-,f,667.375,337.0
5340,C,F,3,f,"(0, 5, 8)",i,F,A-,f,667.5,337.0
5341,C,F,3,f,"(0, 5, 8)",i,F,A-,f,667.625,337.0
5342,C,F,3,f,"(0, 5, 8)",i,F,A-,f,667.75,337.0
5343,C,F,3,f,"(0, 5, 8)",i,F,A-,f,667.875,337.0
5344,C,F,4,f,"(0, 5, 8)",i,F,A-,f,668.0,337.0
5345,C,F,4,f,"(0, 5, 8)",i,F,A-,f,668.125,337.0
5346,C,F,4,f,"(0, 5, 8)",i,F,A-,f,668.25,337.0
5347,C,F,4,f,"(0, 5, 8)",i,F,A-,f,668.375,337.0
5348,C,F,4,f,"(0, 5, 8)",i,F,A-,f,668.5,337.0
5349,C,F,4,f,"(0, 5, 8)",i,F,A-,f,668.625,337.0
5350,C,F,4,f,"(0, 5, 8)",i,F,A-,f,668.75,337.0
5351,C,F,4,f,"(0, 5, 8)",i,F,A-,f,668.875,337.0
5352,A-,D-,0,f,"(1, 5, 8)",VI,D-,F,f,669.0,338.0
5353,A-,D-,1,f,"(1, 5, 8)",VI,D-,F,f,669.125,338.0
5354,A-,D-,2,f,"(1, 5, 8)",VI,D-,F,f,669.25,338.0
5355,A-,D-,2,f,"(1, 5, 8)",VI,D-,F,f,669.375,338.0
5356,A-,D-,3,f,"(1, 5, 8)",VI,D-,F,f,669.5,338.0
5357,A-,D-,3,f,"(1, 5, 8)",VI,D-,F,f,669.625,338.0
5358,A-,D-,3,f,"(1, 5, 8)",VI,D-,F,f,669.75,338.0
5359,A-,D-,3,f,"(1, 5, 8)",VI,D-,F,f,669.875,338.0
5360,A-,D-,4,f,"(1, 5, 8)",VI,D-,F,f,670.0,338.0
5361,A-,D-,4,f,"(1, 5, 8)",VI,D-,F,f,670.125,338.0
5362,A-,D-,4,f,"(1, 5, 8)",VI,D-,F,f,670.25,338.0
5363,A-,D-,4,f,"(1, 5, 8)",VI,D-,F,f,670.375,338.0
5364,A-,D-,4,f,"(0, 5, 8)",i,F,F,f,670.5,338.0
5365,A-,C,4,f,"(0, 5, 8)",i,F,F,f,670.625,338.0
5366,A-,C,4,f,"(0, 5, 8)",i,F,F,f,670.75,338.0
5367,A-,C,4,f,"(0, 5, 8)",i,F,F,f,670.875,338.0
5368,G,B-,0,f,"(0, 4, 7, 10)",ii,G,D,f,671.0,339.0
5369,G,B-,1,f,"(0, 4, 7, 10)",V7,G,D,f,671.125,339.0
5370,G,B-,2,f,"(0, 4, 7, 10)",V7,G,D,f,671.25,339.0
5371,G,B-,2,f,"(0, 4, 7, 10)",V7,G,D,f,671.375,339.0
5372,G,B-,3,f,"(0, 4, 7, 10)",ii,G,D,f,671.5,339.0
5373,G,B-,3,f,"(0, 4, 7, 10)",V7,G,D,f,671.625,339.0
5374,G,B-,3,f,"(0, 4, 7, 10)",V7,G,D,f,671.75,339.0
5375,G,B-,3,f,"(0, 4, 7, 10)",V7,G,D,f,671.875,339.0
5376,G,C,0,f,"(0, 4, 7, 10)",V7,B-,E,f,672.0,339.0
5377,G,C,1,f,"(0, 4, 7, 10)",V7,B-,E,f,672.125,339.0
5378,G,C,2,f,"(0, 4, 7, 10)",V7,B-,E,f,672.25,339.0
5379,G,C,2,f,"(0, 4, 7, 10)",V7,B-,E,f,672.375,339.0
5380,G,C,3,f,"(0, 4, 7, 10)",V7,B-,E,f,672.5,339.0
5381,G,C,3,f,"(0, 4, 7, 10)",V7,B-,E,f,672.625,339.0
5382,G,C,3,f,"(0, 4, 7, 10)",V7,B-,E,f,672.75,339.0
5383,G,C,3,f,"(0, 4, 7, 10)",V7,B-,E,f,672.875,339.0
5384,C,F,0,f,"(0, 5, 8)",i,F,A-,f,673.0,340.0
5385,C,F,1,f,"(0, 5, 8)",i,F,A-,f,673.125,340.0
5386,C,F,2,f,"(0, 5, 8)",i,F,A-,f,673.25,340.0
5387,C,F,2,f,"(0, 5, 8)",i,F,A-,f,673.375,340.0
5388,C,F,3,f,"(0, 5, 8)",i,F,A-,f,673.5,340.0
5389,C,F,3,f,"(0, 5, 8)",i,F,A-,f,673.625,340.0
5390,C,F,3,f,"(0, 5, 8)",i,F,A-,f,673.75,340.0
5391,C,F,3,f,"(0, 5, 8)",i,F,A-,f,673.875,340.0
5392,C,F,4,f,"(0, 5, 8)",i,F,A-,f,674.0,340.0
5393,C,F,4,f,"(0, 5, 8)",i,F,A-,f,674.125,340.0
5394,C,F,4,f,"(0, 5, 8)",i,F,A-,f,674.25,340.0
5395,C,F,4,f,"(0, 5, 8)",i,F,A-,f,674.375,340.0
5396,C,F,4,f,"(0, 5, 8)",i,F,A-,f,674.5,340.0
5397,C,F,4,f,"(0, 5, 8)",i,F,A-,f,674.625,340.0
5398,C,F,4,f,"(0, 5, 8)",i,F,A-,f,674.75,340.0
5399,C,F,4,f,"(0, 5, 8)",i,F,A-,f,674.875,340.0
5400,G,C,0,f,"(0, 4, 7, 10)",V7,B-,E,f,675.0,341.0
5401,G,C,1,f,"(0, 4, 7, 10)",V7,B-,E,f,675.125,341.0
5402,G,C,2,f,"(0, 4, 7, 10)",V7,B-,E,f,675.25,341.0
5403,G,C,2,f,"(0, 4, 7, 10)",V7,B-,E,f,675.375,341.0
5404,G,C,3,f,"(0, 4, 7, 10)",V7,B-,E,f,675.5,341.0
5405,G,C,3,f,"(0, 4, 7, 10)",V7,B-,E,f,675.625,341.0
5406,G,C,3,f,"(0, 4, 7, 10)",V7,B-,E,f,675.75,341.0
5407,G,C,3,f,"(0, 4, 7, 10)",V7,B-,E,f,675.875,341.0
5408,G,C,4,f,"(0, 4, 7, 10)",V7,B-,E,f,676.0,341.0
5409,G,C,4,f,"(0, 4, 7, 10)",V7,B-,E,f,676.125,341.0
5410,G,C,4,f,"(0, 4, 7, 10)",V7,B-,E,f,676.25,341.0
5411,G,C,4,f,"(0, 4, 7, 10)",V7,B-,E,f,676.375,341.0
5412,G,C,4,f,"(0, 4, 7, 10)",V7,B-,E,f,676.5,341.0
5413,G,C,4,f,"(0, 4, 7, 10)",V7,B-,E,f,676.625,341.0
5414,G,C,4,f,"(0, 4, 7, 10)",V7,B-,E,f,676.75,341.0
5415,G,C,4,f,"(0, 4, 7, 10)",V7,B-,E,f,676.875,341.0
5416,A-,C,0,f,"(0, 5, 8)",i,F,F,f,677.0,342.0
5417,A-,C,1,f,"(0, 5, 8)",i,F,F,f,677.125,342.0
5418,A-,C,2,f,"(0, 5, 8)",i,F,F,f,677.25,342.0
5419,A-,C,2,f,"(0, 5, 8)",i,F,F,f,677.375,342.0
5420,A-,C,3,f,"(0, 5, 8)",i,F,F,f,677.5,342.0
5421,A-,C,3,f,"(0, 5, 8)",i,F,F,f,677.625,342.0
5422,A-,C,3,f,"(0, 5, 8)",i,F,F,f,677.75,342.0
5423,A-,C,3,f,"(0, 5, 8)",i,F,F,f,677.875,342.0
5424,A-,C,4,f,"(0, 5, 8)",i,F,F,f,678.0,342.0
5425,A-,C,4,f,"(0, 5, 8)",i,F,F,f,678.125,342.0
5426,A-,C,4,f,"(0, 5, 8)",i,F,F,f,678.25,342.0
5427,A-,C,4,f,"(0, 5, 8)",i,F,F,f,678.375,342.0
5428,A-,C,4,f,"(0, 5, 8)",i,F,F,f,678.5,342.0
5429,A-,C,4,f,"(0, 5, 8)",i,F,F,f,678.625,342.0
5430,A-,C,4,f,"(0, 5, 8)",i,F,F,f,678.75,342.0
5431,A-,C,4,f,"(0, 5, 8)",i,F,F,f,678.875,342.0
5432,G,C,0,f,"(0, 4, 7)",V,C,E,f,679.0,343.0
5433,G,C,1,f,"(0, 4, 7)",V,C,E,f,679.125,343.0
5434,G,C,2,f,"(0, 4, 7)",V,C,E,f,679.25,343.0
5435,G,C,2,f,"(0, 4, 7)",V,C,E,f,679.375,343.0
5436,G,C,3,f,"(0, 4, 7)",V,C,E,f,679.5,343.0
5437,G,C,3,f,"(0, 4, 7)",V,C,E,f,679.625,343.0
5438,G,C,3,f,"(0, 4, 7)",V,C,E,f,679.75,343.0
5439,G,C,3,f,"(0, 4, 7)",V,C,E,f,679.875,343.0
5440,G,C,4,f,"(0, 4, 7)",V,C,E,f,680.0,343.0
5441,G,C,4,f,"(0, 4, 7)",V,C,E,f,680.125,343.0
5442,G,C,4,f,"(0, 4, 7)",V,C,E,f,680.25,343.0
5443,G,C,4,f,"(0, 4, 7)",V,C,E,f,680.375,343.0
5444,G,C,4,f,"(0, 4, 7, 10)",V7,B-,E,f,680.5,343.0
5445,G,C,4,f,"(0, 4, 7, 10)",V7,B-,E,f,680.625,343.0
5446,G,C,4,f,"(0, 4, 7, 10)",V7,B-,E,f,680.75,343.0
5447,G,C,4,f,"(0, 4, 7, 10)",V7,B-,E,f,680.875,343.0
5448,A-,C,0,f,"(0, 5, 8)",i,F,F,f,681.0,344.0
5449,A-,C,1,f,"(0, 5, 8)",i,F,F,f,681.125,344.0
5450,A-,C,2,f,"(0, 5, 8)",i,F,F,f,681.25,344.0
5451,A-,C,2,f,"(0, 5, 8)",i,F,F,f,681.375,344.0
5452,A-,C,3,f,"(0, 5, 8)",i,F,F,f,681.5,344.0
5453,A-,C,3,f,"(0, 5, 8)",i,F,F,f,681.625,344.0
5454,A-,C,3,f,"(0, 5, 8)",i,F,F,f,681.75,344.0
5455,A-,C,3,f,"(0, 5, 8)",i,F,F,f,681.875,344.0
5456,A-,C,4,f,"(0, 5, 8)",i,F,F,f,682.0,344.0
5457,A-,C,4,f,"(0, 5, 8)",i,F,F,f,682.125,344.0
5458,A-,C,4,f,"(0, 5, 8)",i,F,F,f,682.25,344.0
5459,A-,C,4,f,"(0, 5, 8)",i,F,F,f,682.375,344.0
5460,A-,C,4,f,"(0, 5, 8)",i,F,F,f,682.5,344.0
5461,A-,C,4,f,"(0, 5, 8)",i,F,F,f,682.625,344.0
5462,A-,C,4,f,"(0, 5, 8)",i,F,F,f,682.75,344.0
5463,A-,C,4,f,"(0, 5, 8)",i,F,F,f,682.875,344.0
5464,G,C,0,f,"(0, 4, 7, 10)",V7,B-,E,f,683.0,345.0
5465,G,C,1,f,"(0, 4, 7, 10)",V7,B-,E,f,683.125,345.0
5466,G,C,2,f,"(0, 4, 7, 10)",V7,B-,E,f,683.25,345.0
5467,G,C,2,f,"(0, 4, 7, 10)",V7,B-,E,f,683.375,345.0
5468,G,C,3,f,"(0, 4, 7, 10)",V7,B-,E,f,683.5,345.0
5469,G,C,3,f,"(0, 4, 7, 10)",V7,B-,E,f,683.625,345.0
5470,G,C,3,f,"(0, 4, 7, 10)",V7,B-,E,f,683.75,345.0
5471,G,C,3,f,"(0, 4, 7, 10)",V7,B-,E,f,683.875,345.0
5472,G,C,4,f,"(0, 4, 7, 10)",V7,B-,E,f,684.0,345.0
5473,G,C,4,f,"(0, 4, 7, 10)",V7,B-,E,f,684.125,345.0
5474,G,C,4,f,"(0, 4, 7, 10)",V7,B-,E,f,684.25,345.0
5475,G,C,4,f,"(0, 4, 7, 10)",V7,B-,E,f,684.375,345.0
5476,G,C,4,f,"(0, 4, 7, 10)",V7,B-,E,f,684.5,345.0
5477,G,C,4,f,"(0, 4, 7, 10)",V7,B-,E,f,684.625,345.0
5478,G,C,4,f,"(0, 4, 7, 10)",V7,B-,E,f,684.75,345.0
5479,G,C,4,f,"(0, 4, 7, 10)",V7,B-,E,f,684.875,345.0
5480,D-,F,0,f,"(0, 5, 8)",VI,F,A-,f,685.0,346.0
5481,D-,F,1,f,"(0, 5, 8)",VI,F,A-,f,685.125,346.0
5482,D-,F,2,f,"(0, 5, 8)",VI,F,A-,f,685.25,346.0
5483,D-,F,2,f,"(0, 5, 8)",VI,F,A-,f,685.375,346.0
5484,D-,F,3,f,"(0, 5, 8)",VI,D-,A-,f,685.5,346.0
5485,D-,F,3,f,"(0, 5, 8)",VI,D-,A-,f,685.625,346.0
5486,D-,F,3,f,"(0, 5, 8)",VI,D-,A-,f,685.75,346.0
5487,D-,F,3,f,"(0, 5, 8)",VI,D-,A-,f,685.875,346.0
5488,A-,D-,4,f,"(1, 5, 8)",VI,D-,F,f,686.0,346.0
5489,A-,D-,4,f,"(1, 5, 8)",VI,D-,F,f,686.125,346.0
5490,A-,D-,4,f,"(1, 5, 8)",VI,D-,F,f,686.25,346.0
5491,A-,D-,4,f,"(1, 5, 8)",VI,D-,F,f,686.375,346.0
5492,A-,D-,4,f,"(1, 5, 8)",VI,D-,F,f,686.5,346.0
5493,A-,D-,4,f,"(1, 5, 8)",VI,D-,F,f,686.625,346.0
5494,A-,D-,4,f,"(1, 5, 8)",VI,D-,F,f,686.75,346.0
5495,A-,D-,4,f,"(1, 5, 8)",VI,D-,F,f,686.875,346.0
5496,G,B-,0,f,"(0, 4, 7, 10)",V7,G,D,f,687.0,347.0
5497,F,B-,1,f,"(0, 4, 7, 10)",V7,G,D,f,687.125,347.0
5498,F,B-,2,f,"(0, 4, 7, 10)",V7,G,D,f,687.25,347.0
5499,F,B-,2,f,"(0, 4, 7, 10)",V7,G,D,f,687.375,347.0
5500,G,B-,3,f,"(0, 4, 7, 10)",V7,G,D,f,687.5,347.0
5501,G,B-,3,f,"(0, 4, 7, 10)",V7,G,D,f,687.625,347.0
5502,G,B-,3,f,"(0, 4, 7, 10)",V7,G,D,f,687.75,347.0
5503,G,B-,3,f,"(0, 4, 7, 10)",V7,G,D,f,687.875,347.0
5504,G,C,0,f,"(0, 4, 7, 10)",V7,B-,E,f,688.0,347.0
5505,G,C,1,f,"(0, 4, 7, 10)",V7,B-,E,f,688.125,347.0
5506,G,C,2,f,"(0, 4, 7, 10)",V7,B-,E,f,688.25,347.0
5507,G,C,2,f,"(0, 4, 7, 10)",V7,B-,E,f,688.375,347.0
5508,G,C,3,f,"(0, 4, 7, 10)",V7,B-,E,f,688.5,347.0
5509,G,C,3,f,"(0, 4, 7, 10)",V7,B-,E,f,688.625,347.0
5510,G,C,3,f,"(0, 4, 7, 10)",V7,B-,E,f,688.75,347.0
5511,G,C,3,f,"(0, 4, 7, 10)",V7,B-,E,f,688.875,347.0
5512,C,F,0,f,"(0, 5, 8)",i,F,A-,f,689.0,348.0
5513,C,F,1,f,"(0, 5, 8)",i,F,A-,f,689.125,348.0
5514,C,F,2,f,"(0, 5, 8)",i,F,A-,f,689.25,348.0
5515,C,F,2,f,"(0, 5, 8)",i,F,A-,f,689.375,348.0
5516,C,F,3,f,"(0, 5, 8)",i,F,A-,f,689.5,348.0
5517,C,F,3,f,"(0, 5, 8)",i,F,A-,f,689.625,348.0
5518,C,F,3,f,"(0, 5, 8)",i,F,A-,f,689.75,348.0
5519,C,F,3,f,"(0, 5, 8)",i,F,A-,f,689.875,348.0
5520,C,F,4,f,"(0, 5, 8)",i,F,A-,f,690.0,348.0
5521,C,F,4,f,"(0, 5, 8)",i,F,A-,f,690.125,348.0
5522,C,F,4,f,"(0, 5, 8)",i,F,A-,f,690.25,348.0
5523,C,F,4,f,"(0, 5, 8)",i,F,A-,f,690.375,348.0
5524,C,F,4,f,"(0, 5, 8)",i,F,A-,f,690.5,348.0
5525,C,F,4,f,"(0, 5, 8)",i,F,A-,f,690.625,348.0
5526,C,F,4,f,"(0, 5, 8)",i,F,A-,f,690.75,348.0
5527,C,F,4,f,"(0, 5, 8)",i,F,A-,f,690.875,348.0
5528,C,F,0,f,"(0, 5, 8)",i,F,A-,f,691.0,349.0
5529,C,F,1,f,"(0, 5, 8)",i,F,A-,f,691.125,349.0
5530,C,F,2,f,"(0, 5, 8)",i,F,A-,f,691.25,349.0
5531,C,F,2,f,"(0, 5, 8)",i,F,A-,f,691.375,349.0
5532,C,F,3,f,"(0, 5, 8)",i,F,A-,f,691.5,349.0
5533,C,F,3,f,"(0, 5, 8)",i,F,A-,f,691.625,349.0
5534,C,F,3,f,"(0, 5, 8)",i,F,A-,f,691.75,349.0
5535,C,F,3,f,"(0, 5, 8)",i,F,A-,f,691.875,349.0
5536,C,F,4,f,"(0, 5, 8)",i,F,A-,f,692.0,349.0
5537,C,F,4,f,"(0, 5, 8)",i,F,A-,f,692.125,349.0
5538,C,F,4,f,"(0, 5, 8)",i,F,A-,f,692.25,349.0
5539,C,F,4,f,"(0, 5, 8)",i,F,A-,f,692.375,349.0
5540,C,F,4,f,"(0, 5, 8)",i,F,A-,f,692.5,349.0
5541,C,F,4,f,"(0, 5, 8)",i,F,A-,f,692.625,349.0
5542,C,F,4,f,"(0, 5, 8)",i,F,A-,f,692.75,349.0
5543,C,F,4,f,"(0, 5, 8)",i,F,A-,f,692.875,349.0
5544,G,C,0,f,"(0, 4, 7)",V,F,E,f,693.0,350.0
5545,G,C,1,f,"(0, 4, 7)",V,F,E,f,693.125,350.0
5546,G,C,2,f,"(0, 4, 7)",V,F,E,f,693.25,350.0
5547,G,C,2,f,"(0, 4, 7)",V,F,E,f,693.375,350.0
5548,G,C,3,f,"(0, 4, 7)",V,F,E,f,693.5,350.0
5549,G,C,3,f,"(0, 4, 7)",V,F,E,f,693.625,350.0
5550,G,C,3,f,"(0, 4, 7)",V,F,E,f,693.75,350.0
5551,G,C,3,f,"(0, 4, 7)",V,F,E,f,693.875,350.0
5552,C,F,0,F,"(0, 5, 9)",V,F,A,F,694.0,351.0
5553,C,F,1,F,"(0, 5, 9)",V,F,A,F,694.125,351.0
5554,C,F,2,F,"(0, 5, 9)",V,F,A,F,694.25,351.0
5555,C,F,2,F,"(0, 5, 9)",V,F,A,F,694.375,351.0
5556,C,F,3,F,"(0, 5, 9)",V,F,A,F,694.5,351.0
5557,C,F,3,F,"(0, 5, 9)",V,F,A,F,694.625,351.0
5558,C,F,3,F,"(0, 5, 9)",V,F,A,F,694.75,351.0
5559,C,F,3,F,"(0, 5, 9)",V,F,A,F,694.875,351.0
5560,C,F,4,F,"(0, 5, 9)",V,F,A,F,695.0,351.0
5561,C,F,4,F,"(0, 5, 9)",V,F,A,F,695.125,351.0
5562,C,F,4,F,"(0, 5, 9)",V,F,A,F,695.25,351.0
5563,C,F,4,F,"(0, 5, 9)",V,F,A,F,695.375,351.0
5564,C,F,4,F,"(0, 5, 9)",V,F,A,F,695.5,351.0
5565,C,F,4,F,"(0, 5, 9)",V,F,A,F,695.625,351.0
5566,C,F,4,F,"(0, 5, 9)",V,F,A,F,695.75,351.0
5567,C,F,4,F,"(0, 5, 9)",V,F,A,F,695.875,351.0
5568,C,F,5,F,"(0, 5, 9)",V,F,A,F,696.0,351.0
5569,C,F,5,F,"(0, 5, 9)",V,F,A,F,696.125,351.0
5570,C,F,5,F,"(0, 5, 9)",V,F,A,F,696.25,351.0
5571,C,F,5,F,"(0, 5, 9)",V,F,A,F,696.375,351.0
5572,C,F,5,F,"(0, 5, 9)",V,E-,A,F,696.5,351.0
5573,C,F,5,F,"(0, 5, 9)",V7,E-,A,F,696.625,351.0
5574,C,F,5,F,"(0, 5, 9)",V7,E-,A,F,696.75,351.0
5575,C,F,5,F,"(0, 5, 9)",V7,E-,A,F,696.875,351.0
5576,B,F,0,F,"(2, 5, 11)",V7,B,F,F,697.0,352.0
5577,B,F,1,F,"(2, 5, 11)",V7,B,F,F,697.125,352.0
5578,B,F,2,F,"(2, 5, 11)",V7,B,F,F,697.25,352.0
5579,B,F,2,F,"(2, 5, 11)",V7,B,F,F,697.375,352.0
5580,B,D,3,F,"(2, 5, 11)",viio,B,F,C,697.5,352.0
5581,B,D,3,F,"(2, 5, 11)",viio,B,F,C,697.625,352.0
5582,B,D,3,F,"(2, 5, 11)",viio,B,F,C,697.75,352.0
5583,B,D,3,F,"(2, 5, 11)",viio,B,F,C,697.875,352.0
5584,B,D,4,F,"(2, 5, 11)",viio,B,F,C,698.0,352.0
5585,B,D,4,F,"(2, 5, 11)",viio,B,F,C,698.125,352.0
5586,B,D,4,F,"(2, 5, 11)",viio,B,F,C,698.25,352.0
5587,B,D,4,F,"(2, 5, 11)",V7,B,F,C,698.375,352.0
5588,B-,E,0,F,"(0, 4, 7)",V,C,G,F,698.5,352.0
5589,B-,F,1,F,"(0, 4, 7)",V,C,G,F,698.625,352.0
5590,B-,E,2,F,"(0, 4, 7)",V,C,G,F,698.75,352.0
5591,B-,E,2,F,"(0, 4, 7)",V,C,G,F,698.875,352.0
5592,C,F,3,F,"(0, 5, 9)",V,C,G,F,699.0,352.0
5593,C,F,3,F,"(0, 5, 9)",V,C,G,F,699.125,352.0
5594,C,F,3,F,"(0, 5, 9)",V,C,G,F,699.25,352.0
5595,C,F,3,F,"(0, 5, 9)",V,C,G,F,699.375,352.0
5596,C,F,4,F,"(0, 5, 9)",V,F,A,F,699.5,352.0
5597,C,F,4,F,"(0, 5, 9)",V,F,A,F,699.625,352.0
5598,C,F,2,F,"(0, 5, 9)",V,F,A,F,699.75,352.0
5599,C,F,2,F,"(0, 5, 9)",V,F,A,F,699.875,352.0
5600,C,F,0,F,"(0, 5, 9)",I,F,A,F,700.0,353.0
5601,C,F,1,F,"(0, 5, 9)",I,F,A,F,700.125,353.0
5602,C,F,2,F,"(0, 5, 9)",I,F,A,F,700.25,353.0
5603,C,F,2,F,"(0, 5, 9)",I,F,A,F,700.375,353.0
5604,G,B-,0,F,"(4, 7, 10)",V7,G,G,F,700.5,353.0
5605,G,B-,1,F,"(4, 7, 10)",V7,G,G,F,700.625,353.0
5606,G,B-,2,F,"(4, 7, 10)",V7,G,G,F,700.75,353.0
5607,G,B-,2,F,"(4, 7, 10)",V7,G,G,F,700.875,353.0
5608,G,B-,3,F,"(4, 7, 10)",V7,G,G,F,701.0,353.0
5609,G,B-,3,F,"(4, 7, 10)",V7,G,G,F,701.125,353.0
5610,G,B-,3,F,"(4, 7, 10)",V7,G,G,F,701.25,353.0
5611,G,B-,3,F,"(4, 7, 10)",V7,G,G,F,701.375,353.0
5612,F,A,0,F,"(0, 5, 9)",V7,F,D,F,701.5,353.0
5613,F,A,1,F,"(0, 5, 9)",V7,F,D,F,701.625,353.0
5614,F,A,2,F,"(0, 5, 9)",V7,F,D,F,701.75,353.0
5615,F,A,2,F,"(0, 5, 9)",V7,F,D,F,701.875,353.0
5616,F,D,3,F,"(2, 5, 11)",V7,F,D,F,702.0,353.0
5617,F,B,1,F,"(2, 5, 11)",V7,F,D,F,702.125,353.0
5618,F,B,2,F,"(2, 5, 11)",V7,F,D,F,702.25,353.0
5619,F,B,3,F,"(2, 5, 11)",V7,F,D,F,702.375,353.0
5620,F,B,0,F,"(2, 5, 11)",V7,B,D,C,702.5,353.0
5621,F,B,1,F,"(2, 5, 11)",V7,B,D,C,702.625,353.0
5622,F,B,2,F,"(2, 5, 11)",V7,B,D,C,702.75,353.0
5623,F,B,4,F,"(2, 5, 11)",V7,B,D,C,702.875,353.0
5624,G,C,0,F,"(0, 4, 7)",I,C,E,F,703.0,354.0
5625,G,C,1,F,"(0, 5, 9)",I,F,E,F,703.125,354.0
5626,G,C,2,F,"(0, 5, 9)",I,F,E,F,703.25,354.0
5627,G,C,2,F,"(0, 5, 9)",I,F,E,F,703.375,354.0
5628,G,C,3,F,"(0, 5, 9)",I,F,E,F,703.5,354.0
5629,G,C,3,F,"(0, 5, 9)",I,F,E,F,703.625,354.0
5630,G,C,3,F,"(0, 5, 9)",I,F,E,F,703.75,354.0
5631,G,C,3,F,"(0, 5, 9)",I,F,E,F,703.875,354.0
5632,G,C,4,F,"(0, 4, 7)",V,C,E,F,704.0,354.0
5633,G,C,4,F,"(0, 4, 7)",V,C,E,F,704.125,354.0
5634,G,C,4,F,"(0, 4, 7)",V,C,E,F,704.25,354.0
5635,G,C,4,F,"(0, 4, 7)",V,C,E,F,704.375,354.0
5636,G,C,4,F,"(0, 4, 7)",V,C,E,F,704.5,354.0
5637,G,C,4,F,"(0, 4, 7)",V,C,E,F,704.625,354.0
5638,G,C,4,F,"(0, 4, 7)",V,C,E,F,704.75,354.0
5639,G,C,4,F,"(0, 4, 7)",V,C,E,F,704.875,354.0
5640,G,C,0,F,"(0, 4, 7, 10)",V7,B-,E,F,705.0,354.0
5641,G,C,1,F,"(0, 4, 7, 10)",V7,B-,E,F,705.125,354.0
5642,G,C,2,F,"(0, 4, 7, 10)",V7,B-,E,F,705.25,354.0
5643,G,C,2,F,"(0, 4, 7, 10)",V7,B-,E,F,705.375,354.0
5644,G,C,0,F,"(0, 4, 7, 10)",V7,B-,E,F,705.5,354.0
5645,G,C,1,F,"(0, 4, 7, 10)",V7,B-,E,F,705.625,354.0
5646,G,C,2,F,"(0, 4, 7, 10)",V7,B-,E,F,705.75,354.0
5647,G,C,2,F,"(0, 4, 7, 10)",V7,B-,E,F,705.875,354.0
5648,C,F,0,F,"(0, 5, 9)",I,F,A,F,706.0,355.0
5649,C,F,1,F,"(0, 5, 9)",I,F,A,F,706.125,355.0
5650,C,F,2,F,"(0, 5, 9)",I,F,A,F,706.25,355.0
5651,C,F,2,F,"(0, 5, 9)",I,F,A,F,706.375,355.0
5652,C,F,3,F,"(0, 5, 9)",I,F,A,F,706.5,355.0
5653,C,F,3,F,"(0, 5, 9)",I,F,A,F,706.625,355.0
5654,C,F,3,F,"(0, 5, 9)",I,F,A,F,706.75,355.0
5655,C,F,3,F,"(0, 5, 9)",I,F,A,F,706.875,355.0
5656,C,F,4,F,"(0, 5, 9)",I,F,A,F,707.0,355.0
5657,C,F,4,F,"(0, 5, 9)",I,F,A,F,707.125,355.0
5658,C,F,4,F,"(0, 5, 9)",I,F,A,F,707.25,355.0
5659,C,F,4,F,"(0, 5, 9)",I,F,A,F,707.375,355.0
5660,C,F,4,F,"(0, 5, 9)",I,F,A,F,707.5,355.0
5661,C,F,4,F,"(0, 5, 9)",I,F,A,F,707.625,355.0
5662,C,F,4,F,"(0, 5, 9)",I,F,A,F,707.75,355.0
5663,C,F,4,F,"(0, 5, 9)",I,F,A,F,707.875,355.0
5664,C,F,5,F,"(0, 5, 9)",I,F,A,F,708.0,355.0
5665,C,F,5,F,"(0, 5, 9)",I,F,A,F,708.125,355.0
5666,C,F,5,F,"(0, 5, 9)",I,F,A,F,708.25,355.0
5667,C,F,5,F,"(0, 5, 9)",I,F,A,F,708.375,355.0
5668,C,F,5,F,"(0, 3, 5, 9)",V7,E-,A,F,708.5,355.0
5669,C,F,5,F,"(0, 3, 5, 9)",V7,E-,A,F,708.625,355.0
5670,C,F,5,F,"(0, 3, 5, 9)",V7,E-,A,F,708.75,355.0
5671,C,F,5,F,"(0, 3, 5, 9)",V7,E-,A,F,708.875,355.0
5672,B,F,0,F,"(2, 5, 11)",V7,B,F,F,709.0,356.0
5673,A,F,1,F,"(2, 5, 11)",V7,B,F,F,709.125,356.0
5674,A,F,2,F,"(2, 5, 11)",V7,B,F,F,709.25,356.0
5675,A,F,2,F,"(2, 5, 11)",V7,B,F,F,709.375,356.0
5676,B,D,3,F,"(2, 5, 11)",viio,B,F,F,709.5,356.0
5677,B,D,3,F,"(2, 5, 11)",viio,B,F,F,709.625,356.0
5678,B,D,3,F,"(2, 5, 11)",viio,B,F,C,709.75,356.0
5679,B,D,3,F,"(2, 5, 11)",viio,B,F,C,709.875,356.0
5680,B,D,4,F,"(2, 5, 11)",viio,B,F,C,710.0,356.0
5681,B,D,4,F,"(2, 5, 11)",viio,B,F,C,710.125,356.0
5682,B,D,4,F,"(2, 5, 11)",viio,B,F,C,710.25,356.0
5683,B,D,4,F,"(2, 5, 11)",viio,B,F,C,710.375,356.0
5684,B-,E,0,F,"(4, 7, 10)",V7,B-,G,F,710.5,356.0
5685,B-,E,1,F,"(4, 7, 10)",viio,B-,G,F,710.625,356.0
5686,B-,E,2,F,"(4, 7, 10)",viio,B-,G,F,710.75,356.0
5687,B-,E,2,F,"(4, 7, 10)",viio,B-,G,F,710.875,356.0
5688,C,F,3,F,"(0, 5, 9)",I,B-,G,F,711.0,356.0
5689,C,F,3,F,"(0, 5, 9)",I,B-,G,F,711.125,356.0
5690,C,F,3,F,"(0, 5, 9)",I,B-,G,F,711.25,356.0
5691,C,F,3,F,"(0, 5, 9)",I,B-,G,F,711.375,356.0
5692,C,F,0,F,"(0, 5, 9)",I,F,A,F,711.5,356.0
5693,C,F,4,F,"(0, 5, 9)",I,F,A,F,711.625,356.0
5694,C,F,2,F,"(0, 5, 9)",I,F,A,F,711.75,356.0
5695,C,F,2,F,"(0, 5, 9)",I,F,A,F,711.875,356.0
5696,G,B-,0,F,"(2, 7, 10)",ii,G,D,F,712.0,357.0
5697,G,B-,1,F,"(2, 7, 10)",ii,G,D,F,712.125,357.0
5698,G,B-,2,F,"(2, 7, 10)",ii,G,D,F,712.25,357.0
5699,G,B-,2,F,"(2, 7, 10)",ii,G,D,F,712.375,357.0
5700,G,B-,3,F,"(2, 7, 10)",ii,G,D,F,712.5,357.0
5701,G,B-,3,F,"(2, 7, 10)",ii,G,D,F,712.625,357.0
5702,G,B-,3,F,"(2, 7, 10)",ii,G,D,F,712.75,357.0
5703,G,B-,3,F,"(2, 7, 10)",ii,G,D,F,712.875,357.0
5704,G,B-,4,F,"(2, 7, 10)",ii,G,D,F,713.0,357.0
5705,G,B-,4,F,"(2, 7, 10)",ii,G,D,F,713.125,357.0
5706,G,B-,4,F,"(2, 7, 10)",ii,G,D,F,713.25,357.0
5707,G,B-,4,F,"(2, 7, 10)",ii,G,D,F,713.375,357.0
5708,G,B-,4,F,"(2, 7, 10)",ii,G,D,F,713.5,357.0
5709,G,B-,4,F,"(2, 7, 10)",ii,G,D,F,713.625,357.0
5710,G,B-,4,F,"(2, 7, 10)",ii,G,D,F,713.75,357.0
5711,G,B-,4,F,"(2, 7, 10)",ii,G,D,F,713.875,357.0
5712,G,B-,5,F,"(0, 4, 7, 10)",V7,G,E,F,714.0,357.0
5713,G,B-,5,F,"(0, 4, 7, 10)",V7,G,E,F,714.125,357.0
5714,G,B-,5,F,"(0, 4, 7, 10)",V7,G,E,F,714.25,357.0
5715,G,B-,2,F,"(0, 4, 7, 10)",V7,G,E,F,714.375,357.0
5716,G,G,0,F,"(0, 4, 7, 10)",V7,E,B-,F,714.5,357.0
5717,G,G,1,F,"(0, 4, 7, 10)",V7,E,E,F,714.625,357.0
5718,G,G,2,F,"(0, 4, 7, 10)",V7,E,E,F,714.75,357.0
5719,G,G,2,F,"(0, 4, 7, 10)",V7,E,E,F,714.875,357.0
5720,G,B-,0,F,"(4, 7, 10)",V7,E,G,F,715.0,358.0
5721,G,B-,1,F,"(4, 7, 10)",V7,E,G,F,715.125,358.0
5722,G,B-,2,F,"(4, 7, 10)",V7,E,G,F,715.25,358.0
5723,G,B-,2,F,"(4, 7, 10)",V7,E,G,F,715.375,358.0
5724,G,B-,3,F,"(4, 7, 10)",V7,E,G,F,715.5,358.0
5725,G,B-,3,F,"(4, 7, 10)",V7,E,G,F,715.625,358.0
5726,G,B-,3,F,"(4, 7, 10)",V7,E,G,F,715.75,358.0
5727,G,B-,3,F,"(4, 7, 10)",V7,E,G,F,715.875,358.0
5728,F,F,0,F,"(0, 5, 9)",I,F,A,F,716.0,358.0
5729,F,F,1,F,"(0, 5, 9)",I,F,A,F,716.125,358.0
5730,F,F,2,F,"(0, 5, 9)",I,F,A,F,716.25,358.0
5731,F,F,2,F,"(0, 5, 9)",I,F,A,F,716.375,358.0
5732,F,A,3,F,"(0, 5, 9)",I,F,C,F,716.5,358.0
5733,F,A,1,F,"(0, 5, 9)",I,F,C,F,716.625,358.0
5734,F,A,2,F,"(0, 5, 9)",I,F,C,F,716.75,358.0
5735,F,A,3,F,"(0, 5, 9)",I,F,C,F,716.875,358.0
5736,F,A,5,F,"(0, 5, 9)",V7,F,C,F,717.0,358.0
5737,F,A,5,F,"(0, 5, 9)",V7,F,C,F,717.125,358.0
5738,F,A,5,F,"(0, 5, 9)",V7,F,C,F,717.25,358.0
5739,F,A,5,F,"(0, 5, 9)",V7,F,C,F,717.375,358.0
5740,F,A,5,F,"(0, 5, 9)",V7,F,C,F,717.5,358.0
5741,F,A,5,F,"(0, 5, 9)",V7,F,C,F,717.625,358.0
5742,F,A,5,F,"(0, 5, 9)",V7,F,C,F,717.75,358.0
5743,F,A,5,F,"(0, 5, 9)",V7,F,C,F,717.875,358.0
5744,C,F,0,F,"(0, 5, 9)",I,F,A,F,718.0,359.0
5745,C,F,1,F,"(0, 5, 9)",I,F,A,F,718.125,359.0
5746,C,F,2,F,"(0, 5, 9)",I,F,A,F,718.25,359.0
5747,C,F,2,F,"(0, 5, 9)",I,F,A,F,718.375,359.0
5748,C,F,3,F,"(0, 5, 9)",I,F,A,F,718.5,359.0
5749,C,F,3,F,"(0, 5, 9)",I,F,A,F,718.625,359.0
5750,C,F,3,F,"(0, 5, 9)",I,F,A,F,718.75,359.0
5751,C,F,3,F,"(0, 5, 9)",I,F,A,F,718.875,359.0
5752,C,F,4,F,"(0, 5, 9)",I,F,A,F,719.0,359.0
5753,C,F,4,F,"(0, 5, 9)",I,F,A,F,719.125,359.0
5754,C,F,4,F,"(0, 5, 9)",I,F,A,F,719.25,359.0
5755,C,F,4,F,"(0, 5, 9)",I,F,A,F,719.375,359.0
5756,C,F,4,F,"(0, 5, 9)",I,F,A,F,719.5,359.0
5757,C,F,4,F,"(0, 5, 9)",I,F,A,F,719.625,359.0
5758,C,F,4,F,"(0, 5, 9)",I,F,A,F,719.75,359.0
5759,C,F,4,F,"(0, 5, 9)",I,F,A,F,719.875,359.0
5760,C,F,0,F,"(0, 3, 5, 9)",V7,E-,A,B-,720.0,359.0
5761,C,F,1,F,"(0, 3, 5, 9)",V7,E-,A,B-,720.125,359.0
5762,C,F,2,F,"(0, 3, 5, 9)",V7,E-,A,B-,720.25,359.0
5763,C,F,5,F,"(0, 3, 5, 9)",V7,E-,A,B-,720.375,359.0
5764,C,F,3,F,"(0, 3, 5, 9)",V7,C,A,B-,720.5,359.0
5765,C,F,3,F,"(0, 3, 5, 9)",V7,C,A,B-,720.625,359.0
5766,C,F,3,F,"(0, 3, 5, 9)",V7,C,A,B-,720.75,359.0
5767,C,F,3,F,"(0, 3, 5, 9)",V7,C,A,B-,720.875,359.0
5768,C,F,0,F,"(2, 5, 10)",V7,B-,F,F,721.0,360.0
5769,C,F,1,F,"(0, 5, 9)",V7,D,F,F,721.125,360.0
5770,C,F,2,F,"(0, 5, 9)",V7,D,F,F,721.25,360.0
5771,C,F,2,F,"(0, 5, 9)",V7,D,F,F,721.375,360.0
5772,C,F,3,F,"(0, 5, 9)",V7,D,F,F,721.5,360.0
5773,C,F,3,F,"(0, 5, 9)",V7,C,F,F,721.625,360.0
5774,C,F,3,F,"(0, 5, 9)",V7,C,F,F,721.75,360.0
5775,C,F,3,F,"(0, 5, 9)",V7,C,F,F,721.875,360.0
5776,C,F,4,F,"(2, 5, 10)",V7,B-,F,F,722.0,360.0
5777,C,F,4,F,"(2, 5, 10)",V7,B-,F,F,722.125,360.0
5778,C,F,4,F,"(2, 5, 10)",V7,B-,F,F,722.25,360.0
5779,C,F,4,F,"(2, 5, 10)",V7,B-,F,F,722.375,360.0
5780,C,E,0,F,"(0, 4, 7, 10)",V7,C,G,F,722.5,360.0
5781,C,F,1,F,"(0, 4, 7, 10)",V7,C,G,F,722.625,360.0
5782,C,F,2,F,"(0, 5, 9)",V7,C,G,F,722.75,360.0
5783,C,F,2,F,"(0, 5, 9)",V7,C,G,F,722.875,360.0
5784,C,F,0,F,"(0, 5, 9)",I,F,A,F,723.0,360.0
5785,C,F,1,F,"(0, 5, 9)",I,F,A,F,723.125,360.0
5786,C,F,2,F,"(0, 5, 9)",I,F,A,F,723.25,360.0
5787,C,F,3,F,"(0, 5, 9)",I,F,A,F,723.375,360.0
5788,C,F,3,F,"(0, 5, 9)",I,F,A,F,723.5,360.0
5789,C,F,3,F,"(0, 5, 9)",I,F,A,F,723.625,360.0
5790,C,F,3,F,"(0, 5, 9)",I,F,A,F,723.75,360.0
5791,C,F,3,F,"(0, 5, 9)",I,F,A,F,723.875,360.0
5792,B-,D,0,F,"(2, 5, 10)",IV,B-,F,F,724.0,361.0
5793,B-,D,1,F,"(2, 5, 10)",IV,B-,F,F,724.125,361.0
5794,B-,D,2,F,"(2, 5, 10)",IV,B-,F,F,724.25,361.0
5795,B-,D,2,F,"(2, 5, 10)",IV,B-,F,F,724.375,361.0
5796,B-,D,3,F,"(2, 5, 10)",IV,B-,F,F,724.5,361.0
5797,B-,D,3,F,"(2, 5, 10)",IV,B-,F,F,724.625,361.0
5798,B-,D,3,F,"(2, 5, 10)",IV,B-,F,F,724.75,361.0
5799,B-,D,3,F,"(2, 5, 10)",IV,B-,F,F,724.875,361.0
5800,A,D,4,F,"(2, 5, 9)",V7,B,F,F,725.0,361.0
5801,A,D,4,F,"(2, 5, 9)",V7,B,F,F,725.125,361.0
5802,A,D,4,F,"(2, 5, 9)",V7,B,F,F,725.25,361.0
5803,A,D,4,F,"(2, 5, 9)",V7,B,F,F,725.375,361.0
5804,B,D,4,F,"(2, 5, 11)",V7,B,F,C,725.5,361.0
5805,B,D,4,F,"(2, 5, 11)",V7,B,F,C,725.625,361.0
5806,B,D,4,F,"(2, 5, 11)",V7,B,F,C,725.75,361.0
5807,B,D,4,F,"(2, 5, 11)",V7,B,F,C,725.875,361.0
5808,B,D,5,F,"(2, 5, 11)",viio,B,F,C,726.0,361.0
5809,B,D,5,F,"(2, 5, 11)",viio,B,F,C,726.125,361.0
5810,B,D,5,F,"(2, 5, 11)",viio,B,F,C,726.25,361.0
5811,B,D,5,F,"(2, 5, 11)",viio,B,F,C,726.375,361.0
5812,B,D,5,F,"(2, 5, 11)",viio,B,F,C,726.5,361.0
5813,B,D,5,F,"(2, 5, 11)",viio,B,F,C,726.625,361.0
5814,B,D,5,F,"(2, 5, 11)",viio,B,F,C,726.75,361.0
5815,B,D,5,F,"(2, 5, 11)",viio,B,F,C,726.875,361.0
5816,G,C,0,F,"(0, 5, 9)",I,C,E,F,727.0,362.0
5817,G,C,1,F,"(0, 5, 9)",I,F,E,F,727.125,362.0
5818,G,C,2,F,"(0, 5, 9)",I,F,E,F,727.25,362.0
5819,G,C,2,F,"(0, 5, 9)",I,F,E,F,727.375,362.0
5820,G,C,3,F,"(0, 5, 9)",I,F,E,F,727.5,362.0
5821,G,C,3,F,"(0, 5, 9)",I,F,E,F,727.625,362.0
5822,G,C,3,F,"(0, 5, 9)",I,F,E,F,727.75,362.0
5823,G,C,3,F,"(0, 5, 9)",I,F,E,F,727.875,362.0
5824,G,C,4,F,"(0, 4, 7)",V,C,E,F,728.0,362.0
5825,G,C,4,F,"(0, 4, 7)",V,C,E,F,728.125,362.0
5826,G,C,4,F,"(0, 4, 7)",V,C,E,F,728.25,362.0
5827,G,C,4,F,"(0, 4, 7)",V,C,E,F,728.375,362.0
5828,G,C,4,F,"(0, 4, 7)",V,C,E,F,728.5,362.0
5829,G,C,4,F,"(0, 4, 7)",V,C,E,F,728.625,362.0
5830,G,C,4,F,"(0, 4, 7)",V,C,E,F,728.75,362.0
5831,G,C,4,F,"(0, 4, 7)",V,C,E,F,728.875,362.0
5832,G,C,5,F,"(0, 4, 7)",V7,C,E,F,729.0,362.0
5833,G,C,5,F,"(0, 4, 7)",V7,C,E,F,729.125,362.0
5834,G,C,5,F,"(0, 4, 7)",V7,C,E,F,729.25,362.0
5835,G,C,5,F,"(0, 4, 7)",V7,C,E,F,729.375,362.0
5836,G,C,0,F,"(0, 4, 7, 10)",V7,C,E,F,729.5,362.0
5837,G,C,1,F,"(0, 4, 7, 10)",V7,C,E,F,729.625,362.0
5838,G,C,2,F,"(0, 4, 7, 10)",V7,C,E,F,729.75,362.0
5839,G,C,2,F,"(0, 4, 7, 10)",V7,C,E,F,729.875,362.0
5840,C,F,0,F,"(0, 5, 9)",I,F,A,F,730.0,363.0
5841,C,F,1,F,"(0, 5, 9)",I,F,A,F,730.125,363.0
5842,C,F,2,F,"(0, 5, 9)",I,F,A,F,730.25,363.0
5843,C,F,2,F,"(0, 5, 9)",I,F,A,F,730.375,363.0
5844,C,F,3,F,"(0, 5, 9)",I,F,A,F,730.5,363.0
5845,C,F,3,F,"(0, 5, 9)",I,F,A,F,730.625,363.0
5846,C,F,3,F,"(0, 5, 9)",I,F,A,F,730.75,363.0
5847,C,F,3,F,"(0, 5, 9)",I,F,A,F,730.875,363.0
5848,C,F,4,F,"(0, 5, 9)",I,F,A,F,731.0,363.0
5849,C,F,4,F,"(0, 5, 9)",I,F,A,F,731.125,363.0
5850,C,F,4,F,"(0, 5, 9)",I,F,A,F,731.25,363.0
5851,C,F,4,F,"(0, 5, 9)",I,F,A,F,731.375,363.0
5852,C,F,4,F,"(0, 5, 9)",I,F,A,F,731.5,363.0
5853,C,F,4,F,"(0, 5, 9)",I,F,A,F,731.625,363.0
5854,C,F,4,F,"(0, 5, 9)",I,F,A,F,731.75,363.0
5855,C,F,4,F,"(0, 5, 9)",I,F,A,F,731.875,363.0
5856,C,F,5,F,"(0, 5, 9)",I,E-,A,F,732.0,363.0
5857,C,F,5,F,"(0, 5, 9)",I,E-,A,F,732.125,363.0
5858,C,F,5,F,"(0, 5, 9)",I,E-,A,F,732.25,363.0
5859,C,F,5,F,"(0, 5, 9)",I,E-,A,F,732.375,363.0
5860,C,F,0,F,"(0, 3, 5, 9)",I,E-,A,F,732.5,363.0
5861,C,F,1,F,"(0, 3, 5, 9)",I,C,A,F,732.625,363.0
5862,C,F,2,F,"(0, 3, 5, 9)",I,C,A,F,732.75,363.0
5863,C,F,2,F,"(0, 3, 5, 9)",I,C,A,F,732.875,363.0
5864,C,F,0,F,"(0, 5, 9)",V7,B-,F,F,733.0,364.0
5865,C,F,1,F,"(0, 5, 9)",V7,D,F,F,733.125,364.0
5866,C,F,2,F,"(0, 5, 9)",V7,D,F,F,733.25,364.0
5867,C,F,2,F,"(0, 5, 9)",V7,D,F,F,733.375,364.0
5868,C,F,3,F,"(0, 5, 9)",V7,C,F,F,733.5,364.0
5869,C,F,3,F,"(0, 5, 9)",I,C,F,F,733.625,364.0
5870,C,F,3,F,"(0, 5, 9)",I,C,F,F,733.75,364.0
5871,C,F,3,F,"(0, 5, 9)",I,C,F,F,733.875,364.0
5872,C,F,4,F,"(0, 5, 9)",IV,C,F,F,734.0,364.0
5873,C,F,4,F,"(0, 5, 9)",IV,C,F,F,734.125,364.0
5874,C,F,4,F,"(0, 5, 9)",IV,C,F,F,734.25,364.0
5875,C,F,4,F,"(0, 5, 9)",IV,C,F,F,734.375,364.0
5876,C,F,0,F,"(0, 4, 7, 10)",V7,C,G,F,734.5,364.0
5877,C,F,1,F,"(0, 4, 7, 10)",V7,C,G,F,734.625,364.0
5878,C,F,2,F,"(0, 4, 7)",V7,C,G,F,734.75,364.0
5879,C,F,2,F,"(0, 4, 7)",V7,C,G,F,734.875,364.0
5880,C,F,0,F,"(0, 5, 9)",I,F,A,F,735.0,364.0
5881,C,F,1,F,"(0, 5, 9)",I,F,A,F,735.125,364.0
5882,C,F,2,F,"(0, 5, 9)",I,F,A,F,735.25,364.0
5883,C,F,2,F,"(0, 5, 9)",I,F,A,F,735.375,364.0
5884,C,F,3,F,"(0, 5, 9)",I,F,A,F,735.5,364.0
5885,C,F,3,F,"(0, 5, 9)",I,F,A,F,735.625,364.0
5886,C,F,3,F,"(0, 5, 9)",I,F,A,F,735.75,364.0
5887,C,F,3,F,"(0, 5, 9)",I,F,A,F,735.875,364.0
5888,G,G,0,F,"(0, 4, 7)",V,C,E,F,736.0,365.0
5889,G,C,1,F,"(0, 4, 7)",V,C,E,F,736.125,365.0
5890,G,C,2,F,"(0, 4, 7)",V,C,E,F,736.25,365.0
5891,G,C,2,F,"(0, 4, 7)",V,C,E,F,736.375,365.0
5892,G,C,3,F,"(0, 4, 7)",V,C,E,F,736.5,365.0
5893,G,C,3,F,"(0, 4, 7)",V,C,E,F,736.625,365.0
5894,G,C,3,F,"(0, 4, 7)",V,C,E,F,736.75,365.0
5895,G,C,3,F,"(0, 4, 7)",V,C,E,F,736.875,365.0
5896,G,C,4,F,"(0, 4, 7)",V,C,E,F,737.0,365.0
5897,G,C,4,F,"(0, 4, 7)",V,C,E,F,737.125,365.0
5898,G,C,4,F,"(0, 4, 7)",V,C,E,F,737.25,365.0
5899,G,C,4,F,"(0, 4, 7)",V,C,E,F,737.375,365.0
5900,G,C,4,F,"(0, 4, 7)",V,C,E,F,737.5,365.0
5901,G,C,4,F,"(0, 4, 7)",V,C,E,F,737.625,365.0
5902,G,C,4,F,"(0, 4, 7)",V,C,E,F,737.75,365.0
5903,G,C,4,F,"(0, 4, 7)",V,C,E,F,737.875,365.0
5904,G,G,0,F,"(0, 4, 7)",V7,C,E,F,738.0,365.0
5905,G,G,1,F,"(0, 4, 7)",V7,C,E,F,738.125,365.0
5906,G,G,2,F,"(0, 4, 7)",V7,C,E,F,738.25,365.0
5907,G,G,2,F,"(0, 4, 7)",V7,C,E,F,738.375,365.0
5908,D,D,0,F,"(2, 5, 7, 11)",IV,B,F,C,738.5,365.0
5909,D,D,1,F,"(2, 5, 7, 11)",IV,B,F,C,738.625,365.0
5910,D,D,2,F,"(2, 5, 7, 11)",IV,B,F,C,738.75,365.0
5911,D,D,2,F,"(2, 5, 7, 11)",IV,B,F,C,738.875,365.0
5912,G,C,0,F,"(0, 4, 7)",V,C,E,F,739.0,366.0
5913,G,C,1,F,"(0, 4, 7)",V,C,E,F,739.125,366.0
5914,G,C,2,F,"(0, 4, 7)",V,C,E,F,739.25,366.0
5915,G,C,2,F,"(0, 4, 7)",V,C,E,F,739.375,366.0
5916,G,C,3,F,"(0, 4, 7)",V,C,E,F,739.5,366.0
5917,G,C,3,F,"(0, 4, 7)",V,C,E,F,739.625,366.0
5918,G,C,3,F,"(0, 4, 7)",V,C,E,F,739.75,366.0
5919,G,C,3,F,"(0, 4, 7)",V,C,E,F,739.875,366.0
5920,G,C,4,F,"(0, 4, 7)",V,C,E,F,740.0,366.0
5921,G,C,4,F,"(0, 4, 7)",V,C,E,F,740.125,366.0
5922,G,C,4,F,"(0, 4, 7)",V,C,E,F,740.25,366.0
5923,G,C,4,F,"(0, 4, 7)",V,C,E,F,740.375,366.0
5924,G,C,4,F,"(0, 4, 7)",V,C,E,F,740.5,366.0
5925,G,C,4,F,"(0, 4, 7)",V,C,E,F,740.625,366.0
5926,G,C,4,F,"(0, 4, 7)",V,C,E,F,740.75,366.0
5927,G,C,4,F,"(0, 4, 7)",V,C,E,F,740.875,366.0
5928,G,C,5,F,"(0, 4, 7)",V,C,E,F,741.0,366.0
5929,G,C,5,F,"(0, 4, 7)",V,C,E,F,741.125,366.0
5930,G,C,5,F,"(0, 4, 7)",V,C,E,F,741.25,366.0
5931,G,C,5,F,"(0, 4, 7)",V,C,E,F,741.375,366.0
5932,G,C,5,F,"(0, 4, 7)",V,C,E,F,741.5,366.0
5933,G,C,5,F,"(0, 4, 7)",V,C,E,F,741.625,366.0
5934,G,C,5,F,"(0, 4, 7)",V,C,E,F,741.75,366.0
5935,G,C,5,F,"(0, 4, 7)",V,C,E,F,741.875,366.0
5936,D,G,0,F,"(0, 4, 7)",V,C,B,C,742.0,367.0
5937,E,G,1,F,"(0, 4, 7)",V,C,B,C,742.125,367.0
5938,E,G,2,F,"(0, 4, 7)",V,C,B,C,742.25,367.0
5939,E,G,2,F,"(0, 4, 7)",V,C,B,C,742.375,367.0
5940,C,G,3,F,"(0, 4, 7)",V,C,G,C,742.5,367.0
5941,C,G,3,F,"(0, 4, 7)",V,C,G,C,742.625,367.0
5942,C,G,3,F,"(0, 4, 7)",V,C,G,C,742.75,367.0
5943,C,G,3,F,"(0, 4, 7)",V,C,G,C,742.875,367.0
5944,C,G,4,F,"(0, 4, 7)",V,C,B,C,743.0,367.0
5945,D,G,4,F,"(0, 4, 7)",V,C,B,C,743.125,367.0
5946,C,G,4,F,"(0, 4, 7)",V,C,B,C,743.25,367.0
5947,D,G,4,F,"(0, 4, 7)",V,C,B,C,743.375,367.0
5948,D,G,4,F,"(0, 4, 7)",V7,C,G,C,743.5,367.0
5949,D,G,4,F,"(0, 4, 7)",V7,C,G,C,743.625,367.0
5950,D,G,4,F,"(0, 4, 7)",V7,C,G,C,743.75,367.0
5951,D,G,4,F,"(0, 4, 7)",V7,C,G,C,743.875,367.0
5952,D,G,0,F,"(2, 5, 7, 11)",V7,F,B,C,744.0,367.0
5953,D,G,1,F,"(2, 5, 7, 11)",V7,F,B,C,744.125,367.0
5954,D,G,2,F,"(2, 5, 7, 11)",V7,F,B,C,744.25,367.0
5955,D,G,2,F,"(2, 5, 7, 11)",V7,F,B,C,744.375,367.0
5956,D,G,3,F,"(2, 5, 7, 11)",V7,F,B,C,744.5,367.0
5957,D,G,3,F,"(2, 5, 7, 11)",V7,F,B,C,744.625,367.0
5958,D,G,3,F,"(2, 5, 7, 11)",V7,F,B,C,744.75,367.0
5959,D,G,3,F,"(2, 5, 7, 11)",V7,F,B,C,744.875,367.0
5960,G,C,0,F,"(0, 4, 7)",V,C,E,C,745.0,368.0
5961,G,C,1,F,"(0, 4, 7)",V,C,E,F,745.125,368.0
5962,G,C,2,F,"(0, 4, 7)",V,C,E,F,745.25,368.0
5963,G,C,2,F,"(0, 4, 7)",V,C,E,F,745.375,368.0
5964,G,C,3,F,"(0, 4, 7)",V,C,E,F,745.5,368.0
5965,G,C,3,F,"(0, 4, 7)",V,C,E,F,745.625,368.0
5966,G,C,3,F,"(0, 4, 7)",V,C,E,F,745.75,368.0
5967,G,C,3,F,"(0, 4, 7)",V,C,E,F,745.875,368.0
5968,G,C,4,F,"(0, 4, 7)",V,C,E,F,746.0,368.0
5969,G,C,4,F,"(0, 4, 7)",V,C,E,F,746.125,368.0
5970,G,C,4,F,"(0, 4, 7)",V,C,E,F,746.25,368.0
5971,G,C,4,F,"(0, 4, 7)",V,C,E,F,746.375,368.0
5972,G,C,4,F,"(0, 4, 7)",V,C,E,F,746.5,368.0
5973,G,C,4,F,"(0, 4, 7)",V,C,E,F,746.625,368.0
5974,G,C,4,F,"(0, 4, 7)",V,C,E,F,746.75,368.0
5975,G,C,4,F,"(0, 4, 7)",V,C,E,F,746.875,368.0
5976,G,C,5,F,"(0, 4, 7)",V,C,E,F,747.0,368.0
5977,G,C,5,F,"(0, 4, 7)",V,C,E,F,747.125,368.0
5978,G,C,5,F,"(0, 4, 7)",V,C,E,F,747.25,368.0
5979,G,C,5,F,"(0, 4, 7)",V,C,E,F,747.375,368.0
5980,G,C,5,F,"(0, 4, 7)",V,C,E,F,747.5,368.0
5981,G,C,5,F,"(0, 4, 7)",V,C,E,F,747.625,368.0
5982,G,C,5,F,"(0, 4, 7)",V,C,E,F,747.75,368.0
5983,G,C,5,F,"(0, 4, 7)",V,C,E,F,747.875,368.0
5984,E,G,0,F,"(0, 4, 7)",V,C,B,C,748.0,369.0
5985,E,G,1,F,"(0, 4, 7)",V,C,B,C,748.125,369.0
5986,E,G,2,F,"(0, 4, 7)",V,C,C,C,748.25,369.0
5987,E,G,2,F,"(0, 4, 7)",V,C,B,C,748.375,369.0
5988,E,G,3,F,"(0, 4, 7)",V,C,C,C,748.5,369.0
5989,E,G,3,F,"(0, 4, 7)",V,C,G,C,748.625,369.0
5990,E,G,3,F,"(0, 4, 7)",V,C,G,C,748.75,369.0
5991,E,G,3,F,"(0, 4, 7)",V,C,G,C,748.875,369.0
5992,C,G,4,F,"(0, 4, 7)",V,C,B,C,749.0,369.0
5993,C,G,4,F,"(0, 4, 7)",V,C,B,C,749.125,369.0
5994,E,G,4,F,"(0, 4, 7)",V,C,B,C,749.25,369.0
5995,E,G,4,F,"(0, 4, 7)",V,C,B,C,749.375,369.0
5996,C,G,4,F,"(0, 4, 7)",V,C,G,C,749.5,369.0
5997,C,G,4,F,"(0, 4, 7)",V,C,G,C,749.625,369.0
5998,C,G,4,F,"(0, 4, 7)",V,C,G,C,749.75,369.0
5999,C,G,4,F,"(0, 4, 7)",V,C,G,C,749.875,369.0
6000,D,G,0,F,"(2, 5, 7, 11)",V7,F,B,C,750.0,369.0
6001,D,G,1,F,"(2, 5, 7, 11)",V7,F,B,C,750.125,369.0
6002,D,G,2,F,"(2, 5, 7, 11)",V7,F,B,C,750.25,369.0
6003,D,G,2,F,"(2, 5, 7, 11)",V7,F,B,C,750.375,369.0
6004,D,G,3,F,"(2, 5, 7, 11)",V7,F,B,C,750.5,369.0
6005,D,G,3,F,"(2, 5, 7, 11)",V7,B,B,C,750.625,369.0
6006,D,G,3,F,"(2, 5, 7, 11)",V7,B,B,C,750.75,369.0
6007,D,G,3,F,"(2, 5, 7, 11)",V7,B,B,C,750.875,369.0
6008,G,C,0,F,"(0, 4, 7)",I,C,E,F,751.0,370.0
6009,G,C,1,F,"(0, 4, 7)",V,C,E,F,751.125,370.0
6010,G,C,2,F,"(0, 4, 7)",V,C,E,F,751.25,370.0
6011,G,C,2,F,"(0, 4, 7)",V,C,E,F,751.375,370.0
6012,G,C,3,F,"(0, 4, 7)",V,C,E,F,751.5,370.0
6013,G,C,3,F,"(0, 4, 7)",V,C,E,F,751.625,370.0
6014,G,C,3,F,"(0, 4, 7)",V,C,E,F,751.75,370.0
6015,G,C,3,F,"(0, 4, 7)",V,C,E,F,751.875,370.0
6016,G,C,4,F,"(0, 4, 7)",V,C,E,F,752.0,370.0
6017,G,C,4,F,"(0, 4, 7)",V,C,E,F,752.125,370.0
6018,G,C,4,F,"(0, 4, 7)",V,C,E,F,752.25,370.0
6019,G,C,4,F,"(0, 4, 7)",V,C,E,F,752.375,370.0
6020,G,C,4,F,"(0, 4, 7)",V,C,E,F,752.5,370.0
6021,G,C,4,F,"(0, 4, 7)",V,C,E,F,752.625,370.0
6022,G,C,4,F,"(0, 4, 7)",V,C,E,F,752.75,370.0
6023,G,C,4,F,"(0, 4, 7)",V,C,E,F,752.875,370.0
6024,G,C,5,F,"(0, 4, 7)",V,C,E,F,753.0,370.0
6025,G,C,5,F,"(0, 4, 7)",V,C,E,F,753.125,370.0
6026,G,C,5,F,"(0, 4, 7)",V,C,E,F,753.25,370.0
6027,G,C,5,F,"(0, 4, 7)",V,C,E,F,753.375,370.0
6028,G,C,5,F,"(0, 4, 7)",V,C,E,F,753.5,370.0
6029,G,C,5,F,"(0, 4, 7)",V,C,E,F,753.625,370.0
6030,G,C,5,F,"(0, 4, 7)",V,C,E,F,753.75,370.0
6031,G,C,5,F,"(0, 4, 7)",V,C,E,F,753.875,370.0
6032,C,F,0,F,"(0, 5, 9)",I,F,A,F,754.0,371.0
6033,C,F,1,F,"(0, 5, 9)",I,F,A,F,754.125,371.0
6034,C,F,2,F,"(0, 5, 9)",I,F,A,F,754.25,371.0
6035,C,F,2,F,"(0, 5, 9)",I,F,A,F,754.375,371.0
6036,C,F,3,F,"(0, 5, 9)",I,F,A,F,754.5,371.0
6037,C,F,3,F,"(0, 5, 9)",I,F,A,F,754.625,371.0
6038,C,F,3,F,"(0, 5, 9)",I,F,A,F,754.75,371.0
6039,C,F,3,F,"(0, 5, 9)",I,F,A,F,754.875,371.0
6040,C,F,4,F,"(0, 5, 9)",I,F,A,F,755.0,371.0
6041,C,F,4,F,"(0, 5, 9)",I,F,A,F,755.125,371.0
6042,C,F,4,F,"(0, 5, 9)",I,F,A,F,755.25,371.0
6043,C,F,4,F,"(0, 5, 9)",I,F,A,F,755.375,371.0
6044,C,F,4,F,"(0, 5, 9)",I,F,A,F,755.5,371.0
6045,C,F,4,F,"(0, 5, 9)",I,F,A,F,755.625,371.0
6046,C,F,4,F,"(0, 5, 9)",I,F,A,F,755.75,371.0
6047,C,F,4,F,"(0, 5, 9)",I,F,A,F,755.875,371.0
6048,C,F,5,F,"(0, 5, 9)",I,F,A,F,756.0,371.0
6049,C,F,5,F,"(0, 5, 9)",I,F,A,F,756.125,371.0
6050,C,F,5,F,"(0, 5, 9)",I,F,A,F,756.25,371.0
6051,C,F,5,F,"(0, 5, 9)",I,F,A,F,756.375,371.0
6052,C,F,5,F,"(0, 5, 9)",I,F,A,F,756.5,371.0
6053,C,F,5,F,"(0, 5, 9)",I,F,A,F,756.625,371.0
6054,C,F,5,F,"(0, 5, 9)",I,F,A,F,756.75,371.0
6055,C,F,5,F,"(0, 5, 9)",I,F,A,F,756.875,371.0
6056,C,E,0,F,"(0, 4, 7)",I,C,G,F,757.0,372.0
6057,C,E,1,F,"(0, 4, 7)",I,C,G,F,757.125,372.0
6058,C,E,2,F,"(0, 4, 7)",I,C,G,F,757.25,372.0
6059,C,E,2,F,"(0, 4, 7)",I,C,G,F,757.375,372.0
6060,C,E,3,F,"(0, 4, 7)",I,C,G,F,757.5,372.0
6061,C,E,3,F,"(0, 4, 7)",I,C,G,F,757.625,372.0
6062,C,E,3,F,"(0, 4, 7)",I,C,G,F,757.75,372.0
6063,C,E,3,F,"(0, 4, 7)",I,C,G,F,757.875,372.0
6064,C,E,4,F,"(0, 4, 7)",V7,C,G,F,758.0,372.0
6065,C,E,4,F,"(0, 4, 7)",V7,C,G,F,758.125,372.0
6066,C,E,4,F,"(0, 4, 7)",V7,C,E,F,758.25,372.0
6067,C,E,4,F,"(0, 4, 7)",V7,C,E,F,758.375,372.0
6068,G,C,4,F,"(0, 4, 7, 10)",V7,C,E,F,758.5,372.0
6069,G,C,4,F,"(0, 4, 7, 10)",V7,C,E,F,758.625,372.0
6070,G,C,4,F,"(0, 4, 7, 10)",V7,C,E,F,758.75,372.0
6071,G,C,4,F,"(0, 4, 7, 10)",V7,C,E,F,758.875,372.0
6072,C,F,0,F,"(0, 5, 9)",I,F,A,F,759.0,372.0
6073,C,F,1,F,"(0, 5, 9)",I,F,A,F,759.125,372.0
6074,C,F,2,F,"(0, 5, 9)",I,F,A,F,759.25,372.0
6075,C,F,2,F,"(0, 5, 9)",I,F,A,F,759.375,372.0
6076,C,C,3,F,"(0, 5, 9)",I,F,A,F,759.5,372.0
6077,C,C,3,F,"(0, 5, 9)",I,F,A,F,759.625,372.0
6078,C,C,3,F,"(0, 5, 9)",I,F,A,F,759.75,372.0
6079,C,C,3,F,"(0, 5, 9)",I,F,A,F,759.875,372.0
6080,G,C,0,F,"(0, 4, 7, 10)",I,C,E,F,760.0,373.0
6081,G,C,1,F,"(0, 4, 7, 10)",I,C,E,F,760.125,373.0
6082,G,C,2,F,"(0, 4, 7, 10)",I,C,E,F,760.25,373.0
6083,G,C,2,F,"(0, 4, 7, 10)",I,C,E,F,760.375,373.0
6084,G,C,3,F,"(0, 4, 7, 10)",V7,C,E,F,760.5,373.0
6085,G,C,3,F,"(0, 4, 7, 10)",V7,C,E,F,760.625,373.0
6086,G,C,3,F,"(0, 4, 7, 10)",V7,C,E,F,760.75,373.0
6087,G,C,3,F,"(0, 4, 7, 10)",V7,C,E,F,760.875,373.0
6088,G,C,4,F,"(0, 4, 7, 10)",V7,C,E,F,761.0,373.0
6089,G,C,4,F,"(0, 4, 7, 10)",V7,C,E,F,761.125,373.0
6090,G,C,4,F,"(0, 4, 7, 10)",V7,C,E,F,761.25,373.0
6091,G,C,4,F,"(0, 4, 7, 10)",V7,C,E,F,761.375,373.0
6092,F,A,0,F,"(0, 5, 9)",I,F,C,F,761.5,373.0
6093,F,A,1,F,"(0, 5, 9)",I,F,C,F,761.625,373.0
6094,F,A,2,F,"(0, 5, 9)",I,F,C,F,761.75,373.0
6095,F,A,2,F,"(0, 5, 9)",I,F,C,F,761.875,373.0
6096,C,G,0,F,"(0, 5, 9)",I,F,A,F,762.0,373.0
6097,C,G,3,F,"(0, 5, 9)",I,F,A,F,762.125,373.0
6098,C,G,3,F,"(0, 5, 9)",I,F,A,F,762.25,373.0
6099,C,G,3,F,"(0, 5, 9)",I,F,A,F,762.375,373.0
6100,C,F,0,F,"(0, 5, 9)",I,F,A,F,762.5,373.0
6101,C,F,1,F,"(0, 5, 9)",I,F,A,F,762.625,373.0
6102,C,F,2,F,"(0, 5, 9)",I,F,A,F,762.75,373.0
6103,C,F,2,F,"(0, 5, 9)",I,F,A,F,762.875,373.0
6104,G,C,0,F,"(0, 4, 7)",V,C,E,F,763.0,374.0
6105,G,C,1,F,"(0, 4, 7)",V,C,E,F,763.125,374.0
6106,G,C,2,F,"(0, 4, 7)",V,C,E,F,763.25,374.0
6107,G,C,2,F,"(0, 4, 7)",V,C,E,F,763.375,374.0
6108,G,C,3,F,"(0, 4, 7)",V,C,E,F,763.5,374.0
6109,G,C,3,F,"(0, 4, 7)",V,C,E,F,763.625,374.0
6110,G,C,3,F,"(0, 4, 7)",V,C,E,F,763.75,374.0
6111,G,C,3,F,"(0, 4, 7)",V,C,E,F,763.875,374.0
6112,G,C,4,F,"(0, 4, 7)",V,C,E,F,764.0,374.0
6113,G,C,4,F,"(0, 4, 7)",V,C,E,F,764.125,374.0
6114,G,C,4,F,"(0, 4, 7)",V,C,E,F,764.25,374.0
6115,G,C,4,F,"(0, 4, 7)",V,C,E,F,764.375,374.0
6116,G,C,4,F,"(0, 4, 7)",V7,C,E,F,764.5,374.0
6117,G,C,4,F,"(0, 4, 7)",V7,C,E,F,764.625,374.0
6118,G,C,4,F,"(0, 4, 7)",V7,C,E,F,764.75,374.0
6119,G,C,4,F,"(0, 4, 7)",V7,C,E,F,764.875,374.0
6120,G,C,5,F,"(0, 4, 7)",V,C,E,F,765.0,374.0
6121,G,C,5,F,"(0, 4, 7)",V,C,E,F,765.125,374.0
6122,G,C,5,F,"(0, 4, 7)",V,C,E,F,765.25,374.0
6123,G,C,5,F,"(0, 4, 7)",V,C,E,F,765.375,374.0
6124,G,C,4,F,"(0, 4, 7)",V,C,E,F,765.5,374.0
6125,G,C,4,F,"(0, 4, 7)",V,C,E,F,765.625,374.0
6126,G,C,4,F,"(0, 4, 7)",V,C,E,F,765.75,374.0
6127,G,C,4,F,"(0, 4, 7)",V,C,E,F,765.875,374.0
6128,C,F,0,F,"(0, 5, 9)",I,F,A,F,766.0,375.0
6129,C,F,1,F,"(0, 5, 9)",I,F,A,F,766.125,375.0
6130,C,F,2,F,"(0, 5, 9)",I,F,A,F,766.25,375.0
6131,C,F,2,F,"(0, 5, 9)",I,F,A,F,766.375,375.0
6132,C,F,3,F,"(0, 5, 9)",I,F,A,F,766.5,375.0
6133,C,F,3,F,"(0, 5, 9)",I,F,A,F,766.625,375.0
6134,C,F,3,F,"(0, 5, 9)",I,F,A,F,766.75,375.0
6135,C,F,3,F,"(0, 5, 9)",I,F,A,F,766.875,375.0
6136,C,F,4,F,"(0, 5, 9)",I,F,A,F,767.0,375.0
6137,C,F,4,F,"(0, 5, 9)",I,F,A,F,767.125,375.0
6138,C,F,4,F,"(0, 5, 9)",I,F,A,F,767.25,375.0
6139,C,F,4,F,"(0, 5, 9)",I,F,A,F,767.375,375.0
6140,C,F,0,F,"(0, 5, 9)",I,F,A,F,767.5,375.0
6141,C,F,1,F,"(0, 5, 9)",I,F,A,F,767.625,375.0
6142,C,F,2,F,"(0, 5, 9)",I,F,A,F,767.75,375.0
6143,C,F,2,F,"(0, 5, 9)",I,F,A,F,767.875,375.0
6144,C,F,5,F,"(0, 5, 9)",I,F,A,F,768.0,375.0
6145,C,F,5,F,"(0, 5, 9)",I,F,A,F,768.125,375.0
6146,C,F,5,F,"(0, 5, 9)",I,F,A,F,768.25,375.0
6147,C,F,5,F,"(0, 5, 9)",I,F,A,F,768.375,375.0
6148,C,F,5,F,"(0, 5, 9)",I,F,A,F,768.5,375.0
6149,C,F,5,F,"(0, 5, 9)",I,F,A,F,768.625,375.0
6150,C,F,5,F,"(0, 5, 9)",I,F,A,F,768.75,375.0
6151,C,F,5,F,"(0, 5, 9)",I,F,A,F,768.875,375.0
6152,C,E,0,F,"(0, 4, 7)",V7,C,G,F,769.0,376.0
6153,C,E,1,F,"(0, 4, 7)",V7,C,G,F,769.125,376.0
6154,C,E,2,F,"(0, 4, 7)",V7,C,G,F,769.25,376.0
6155,C,E,2,F,"(0, 4, 7)",V7,C,G,F,769.375,376.0
6156,C,E,3,F,"(0, 4, 7)",V7,C,G,F,769.5,376.0
6157,C,E,3,F,"(0, 4, 7)",V7,C,G,F,769.625,376.0
6158,C,E,3,F,"(0, 4, 7)",V7,C,G,F,769.75,376.0
6159,C,E,3,F,"(0, 4, 7)",V7,C,G,F,769.875,376.0
6160,B-,E,4,F,"(0, 4, 7, 10)",V7,C,G,F,770.0,376.0
6161,B-,E,4,F,"(0, 4, 7, 10)",V7,C,G,F,770.125,376.0
6162,B-,E,4,F,"(0, 4, 7, 10)",V7,C,G,F,770.25,376.0
6163,B-,E,4,F,"(0, 4, 7, 10)",V7,C,G,F,770.375,376.0
6164,B-,E,3,F,"(1, 4, 7, 10)",V7,C,G,F,770.5,376.0
6165,B-,E,3,F,"(1, 4, 7, 10)",V7,C,G,F,770.625,376.0
6166,B-,E,3,F,"(1, 4, 7, 10)",V7,C,G,F,770.75,376.0
6167,B-,E,3,F,"(1, 4, 7, 10)",V7,C,G,F,770.875,376.0
6168,D,F,0,F,"(2, 5, 9)",IV,D,A,F,771.0,376.0
6169,D,F,1,F,"(2, 5, 9)",IV,D,A,F,771.125,376.0
6170,D,F,2,F,"(2, 5, 9)",IV,D,A,F,771.25,376.0
6171,D,F,2,F,"(2, 5, 9)",IV,D,A,F,771.375,376.0
6172,D,F,3,F,"(2, 5, 9)",IV,D,A,F,771.5,376.0
6173,D,F,3,F,"(2, 5, 9)",IV,D,A,F,771.625,376.0
6174,D,F,3,F,"(2, 5, 9)",IV,D,A,F,771.75,376.0
6175,D,F,3,F,"(2, 5, 9)",IV,D,A,F,771.875,376.0
6176,E,G,0,F,"(0, 4, 7)",V,C,C,F,772.0,377.0
6177,C,G,1,F,"(0, 4, 7)",V,C,C,F,772.125,377.0
6178,C,G,2,F,"(0, 4, 7)",V,C,C,F,772.25,377.0
6179,C,G,2,F,"(0, 4, 7)",V,C,C,F,772.375,377.0
6180,C,G,3,F,"(0, 4, 7)",V,C,C,F,772.5,377.0
6181,C,G,3,F,"(0, 4, 7)",V,C,C,F,772.625,377.0
6182,C,G,3,F,"(0, 4, 7)",V,C,C,F,772.75,377.0
6183,C,G,3,F,"(0, 4, 7)",V,C,C,F,772.875,377.0
6184,C,G,4,F,"(0, 4, 7)",V,C,C,F,773.0,377.0
6185,C,G,4,F,"(0, 4, 7)",V,C,C,F,773.125,377.0
6186,C,G,4,F,"(0, 4, 7)",V,C,C,F,773.25,377.0
6187,C,G,4,F,"(0, 4, 7)",V,C,C,F,773.375,377.0
6188,D,G,0,F,"(0, 4, 7)",V7,C,G,C,773.5,377.0
6189,D,G,1,F,"(0, 4, 7)",V7,C,B,C,773.625,377.0
6190,D,G,2,F,"(0, 4, 7)",V7,C,B,C,773.75,377.0
6191,D,G,2,F,"(0, 4, 7)",V7,C,B,C,773.875,377.0
6192,D,G,3,F,"(2, 5, 7, 11)",V7,G,B,C,774.0,377.0
6193,D,G,3,F,"(2, 5, 7, 11)",V7,G,B,C,774.125,377.0
6194,D,G,3,F,"(2, 5, 7, 11)",V7,G,B,C,774.25,377.0
6195,D,G,3,F,"(2, 5, 7, 11)",V7,G,B,C,774.375,377.0
6196,D,G,4,F,"(2, 5, 7, 11)",V7,G,B,C,774.5,377.0
6197,D,G,4,F,"(2, 5, 7, 11)",V7,G,B,C,774.625,377.0
6198,D,G,4,F,"(2, 5, 7, 11)",V7,G,B,C,774.75,377.0
6199,D,G,4,F,"(2, 5, 7, 11)",V7,G,B,C,774.875,377.0
6200,G,C,0,F,"(0, 4, 7)",I,C,E,C,775.0,378.0
6201,G,C,1,F,"(0, 4, 7)",I,C,E,C,775.125,378.0
6202,G,C,2,F,"(0, 4, 7)",I,C,E,C,775.25,378.0
6203,G,C,2,F,"(0, 4, 7)",I,C,E,C,775.375,378.0
6204,G,C,3,F,"(0, 4, 7)",I,C,E,C,775.5,378.0
6205,G,C,3,F,"(0, 4, 7)",I,C,E,C,775.625,378.0
6206,G,C,3,F,"(0, 4, 7)",I,C,E,C,775.75,378.0
6207,G,C,3,F,"(0, 4, 7)",I,C,E,C,775.875,378.0
6208,G,C,4,F,"(0, 4, 7)",I,C,E,C,776.0,378.0
6209,G,C,4,F,"(0, 4, 7)",I,C,E,C,776.125,378.0
6210,G,C,4,F,"(0, 4, 7)",I,C,E,C,776.25,378.0
6211,G,C,4,F,"(0, 4, 7)",I,C,E,C,776.375,378.0
6212,G,C,4,F,"(0, 4, 7)",I,C,E,C,776.5,378.0
6213,G,C,4,F,"(0, 4, 7)",I,C,E,C,776.625,378.0
6214,G,C,4,F,"(0, 4, 7)",I,C,E,C,776.75,378.0
6215,G,C,4,F,"(0, 4, 7)",I,C,E,C,776.875,378.0
6216,G,C,5,F,"(0, 4, 7)",V,C,E,C,777.0,378.0
6217,G,C,5,F,"(0, 4, 7)",V,C,E,C,777.125,378.0
6218,G,C,5,F,"(0, 4, 7)",V,C,E,C,777.25,378.0
6219,G,C,5,F,"(0, 4, 7)",V,C,E,C,777.375,378.0
6220,G,C,5,F,"(0, 4, 7)",V,C,E,C,777.5,378.0
6221,G,C,5,F,"(0, 4, 7)",V,C,E,C,777.625,378.0
6222,G,C,5,F,"(0, 4, 7)",V,C,E,C,777.75,378.0
6223,G,C,5,F,"(0, 4, 7)",V,C,E,C,777.875,378.0
6224,E,G,0,F,"(0, 4, 7)",V,C,C,C,778.0,379.0
6225,E,G,1,F,"(0, 4, 7)",V,C,C,C,778.125,379.0
6226,E,G,2,F,"(0, 4, 7)",V,C,C,C,778.25,379.0
6227,E,G,2,F,"(0, 4, 7)",V,C,C,C,778.375,379.0
6228,E,G,3,F,"(0, 4, 7)",V,C,C,C,778.5,379.0
6229,E,G,3,F,"(0, 4, 7)",V,C,C,C,778.625,379.0
6230,E,G,3,F,"(0, 4, 7)",V,C,C,C,778.75,379.0
6231,E,G,3,F,"(0, 4, 7)",V,C,C,C,778.875,379.0
6232,E,G,4,F,"(0, 4, 7)",V,C,C,C,779.0,379.0
6233,E,G,4,F,"(0, 4, 7)",V,C,C,C,779.125,379.0
6234,E,G,4,F,"(0, 4, 7)",V,C,C,C,779.25,379.0
6235,E,G,4,F,"(0, 4, 7)",V,C,C,C,779.375,379.0
6236,E,G,4,F,"(0, 4, 7)",V,C,C,C,779.5,379.0
6237,E,G,4,F,"(0, 4, 7)",V,C,C,C,779.625,379.0
6238,E,G,4,F,"(0, 4, 7)",V,C,C,C,779.75,379.0
6239,E,G,4,F,"(0, 4, 7)",V,C,C,C,779.875,379.0
6240,D,G,0,F,"(2, 5, 7, 11)",V7,F,B,C,780.0,379.0
6241,D,G,1,F,"(2, 5, 7, 11)",V7,F,B,C,780.125,379.0
6242,D,G,2,F,"(2, 5, 7, 11)",V7,F,B,C,780.25,379.0
6243,D,G,2,F,"(2, 5, 7, 11)",V7,F,B,C,780.375,379.0
6244,D,G,3,F,"(2, 5, 7, 11)",V7,F,B,C,780.5,379.0
6245,D,G,3,F,"(2, 5, 7, 11)",V7,F,B,C,780.625,379.0
6246,D,G,3,F,"(2, 5, 7, 11)",V7,F,B,C,780.75,379.0
6247,D,G,3,F,"(2, 5, 7, 11)",V7,F,B,C,780.875,379.0
6248,G,C,0,F,"(0, 4, 7)",I,C,E,C,781.0,380.0
6249,G,C,1,F,"(0, 4, 7)",I,C,E,C,781.125,380.0
6250,G,C,2,F,"(0, 4, 7)",I,C,E,C,781.25,380.0
6251,G,C,2,F,"(0, 4, 7)",I,C,E,C,781.375,380.0
6252,G,C,3,F,"(0, 4, 7)",I,C,E,C,781.5,380.0
6253,G,C,3,F,"(0, 4, 7)",I,C,E,C,781.625,380.0
6254,G,C,3,F,"(0, 4, 7)",I,C,E,C,781.75,380.0
6255,G,C,3,F,"(0, 4, 7)",I,C,E,C,781.875,380.0
6256,G,C,4,F,"(0, 4, 7)",I,C,E,C,782.0,380.0
6257,G,C,4,F,"(0, 4, 7)",I,C,E,C,782.125,380.0
6258,G,C,4,F,"(0, 4, 7)",I,C,E,C,782.25,380.0
6259,G,C,4,F,"(0, 4, 7)",I,C,E,C,782.375,380.0
6260,G,C,4,F,"(0, 4, 7)",I,C,E,C,782.5,380.0
6261,G,C,4,F,"(0, 4, 7)",I,C,E,C,782.625,380.0
6262,G,C,4,F,"(0, 4, 7)",I,C,E,C,782.75,380.0
6263,G,C,4,F,"(0, 4, 7)",I,C,E,C,782.875,380.0
6264,G,C,5,C,"(0, 4, 7)",V,C,E,C,783.0,380.0
6265,G,C,5,C,"(0, 4, 7)",V,C,E,C,783.125,380.0
6266,G,C,5,C,"(0, 4, 7)",V,C,E,C,783.25,380.0
6267,G,C,5,C,"(0, 4, 7)",V,C,E,C,783.375,380.0
6268,G,C,5,C,"(0, 4, 7)",I,C,E,C,783.5,380.0
6269,G,C,5,C,"(0, 4, 7)",I,C,E,C,783.625,380.0
6270,G,C,5,C,"(0, 4, 7)",I,C,E,C,783.75,380.0
6271,G,C,5,C,"(0, 4, 7)",I,C,E,C,783.875,380.0
6272,E,G,0,C,"(0, 4, 7)",I,C,C,C,784.0,381.0
6273,E,G,1,F,"(0, 4, 7)",V,C,C,C,784.125,381.0
6274,E,G,2,F,"(0, 4, 7)",V,C,C,C,784.25,381.0
6275,E,G,2,F,"(0, 4, 7)",V,C,C,C,784.375,381.0
6276,E,G,3,F,"(0, 4, 7)",V,C,C,C,784.5,381.0
6277,E,G,3,F,"(0, 4, 7)",V,C,C,C,784.625,381.0
6278,E,G,3,F,"(0, 4, 7)",V,C,C,C,784.75,381.0
6279,E,G,3,F,"(0, 4, 7)",V,C,C,C,784.875,381.0
6280,E,G,4,F,"(0, 4, 7)",V,C,C,C,785.0,381.0
6281,E,G,4,F,"(0, 4, 7)",V,C,C,C,785.125,381.0
6282,E,G,4,F,"(0, 4, 7)",V,C,C,C,785.25,381.0
6283,E,G,4,F,"(0, 4, 7)",V,C,C,C,785.375,381.0
6284,E,G,4,F,"(0, 4, 7)",I,C,C,C,785.5,381.0
6285,E,G,4,F,"(0, 4, 7)",V,C,C,C,785.625,381.0
6286,E,G,4,F,"(0, 4, 7)",V,C,C,C,785.75,381.0
6287,E,G,4,F,"(0, 4, 7)",V,C,C,C,785.875,381.0
6288,D,G,0,F,"(2, 5, 7, 11)",V7,F,B,C,786.0,381.0
6289,D,G,1,F,"(2, 5, 7, 11)",V7,F,B,C,786.125,381.0
6290,D,G,2,F,"(2, 5, 7, 11)",V7,F,B,C,786.25,381.0
6291,D,G,2,F,"(2, 5, 7, 11)",V7,F,B,C,786.375,381.0
6292,D,G,3,F,"(2, 5, 7, 11)",V7,F,B,C,786.5,381.0
6293,D,G,3,F,"(2, 5, 7, 11)",V7,F,B,C,786.625,381.0
6294,D,G,3,F,"(2, 5, 7, 11)",V7,F,B,C,786.75,381.0
6295,D,G,3,F,"(2, 5, 7, 11)",V7,F,B,C,786.875,381.0
6296,G,C,0,F,"(0, 4, 7)",I,C,E,C,787.0,382.0
6297,G,C,1,F,"(0, 4, 7)",I,C,E,C,787.125,382.0
6298,G,C,2,F,"(0, 4, 7)",I,C,E,C,787.25,382.0
6299,G,C,2,F,"(0, 4, 7)",I,C,E,C,787.375,382.0
6300,G,C,3,F,"(0, 4, 7)",I,C,E,C,787.5,382.0
6301,G,C,3,F,"(0, 4, 7)",I,C,E,C,787.625,382.0
6302,G,C,3,F,"(0, 4, 7)",I,C,E,C,787.75,382.0
6303,G,C,3,F,"(0, 4, 7)",I,C,E,C,787.875,382.0
6304,G,C,4,F,"(0, 4, 7)",I,C,E,C,788.0,382.0
6305,G,C,4,F,"(0, 4, 7)",I,C,E,C,788.125,382.0
6306,G,C,4,F,"(0, 4, 7)",I,C,E,C,788.25,382.0
6307,G,C,4,F,"(0, 4, 7)",I,C,E,C,788.375,382.0
6308,G,C,4,F,"(0, 4, 7)",I,C,E,F,788.5,382.0
6309,G,C,4,F,"(0, 4, 7)",I,C,E,F,788.625,382.0
6310,G,C,4,F,"(0, 4, 7)",I,C,E,F,788.75,382.0
6311,G,C,4,F,"(0, 4, 7)",I,C,E,F,788.875,382.0
6312,G,C,5,F,"(0, 4, 7)",I,C,E,F,789.0,382.0
6313,G,C,5,F,"(0, 4, 7)",I,C,E,F,789.125,382.0
6314,G,C,5,F,"(0, 4, 7)",I,C,E,F,789.25,382.0
6315,G,C,5,F,"(0, 4, 7)",I,C,E,F,789.375,382.0
6316,G,C,5,F,"(0, 4, 7)",I,C,E,F,789.5,382.0
6317,G,C,5,F,"(0, 4, 7)",I,C,E,F,789.625,382.0
6318,G,C,5,F,"(0, 4, 7)",I,C,E,F,789.75,382.0
6319,G,C,5,F,"(0, 4, 7)",I,C,E,F,789.875,382.0
6320,C,F#,0,F,"(0, 2, 6, 9)",V7,D,A,g,790.0,383.0
6321,C,F#,1,F,"(0, 2, 6, 9)",V7,D,A,G,790.125,383.0
6322,C,F#,2,F,"(0, 2, 6, 9)",V7,D,A,G,790.25,383.0
6323,C,F#,2,F,"(0, 2, 6, 9)",V7,D,A,G,790.375,383.0
6324,C,F#,3,F,"(0, 2, 6, 9)",V7,D,A,g,790.5,383.0
6325,C,F#,3,F,"(0, 2, 6, 9)",V7,D,A,G,790.625,383.0
6326,C,F#,3,F,"(0, 2, 6, 9)",V7,D,A,G,790.75,383.0
6327,C,F#,3,F,"(0, 2, 6, 9)",V7,D,A,G,790.875,383.0
6328,C,F#,4,F,"(0, 2, 6, 9)",V7,D,A,G,791.0,383.0
6329,C,F#,4,F,"(0, 2, 6, 9)",V7,D,A,G,791.125,383.0
6330,C,F#,4,F,"(0, 2, 6, 9)",V7,D,A,G,791.25,383.0
6331,C,F#,4,F,"(0, 2, 6, 9)",V7,D,A,G,791.375,383.0
6332,C,F#,4,F,"(0, 2, 6, 9)",V7,D,A,G,791.5,383.0
6333,C,F#,4,F,"(0, 2, 6, 9)",V7,D,A,G,791.625,383.0
6334,C,F#,4,F,"(0, 2, 6, 9)",V7,D,A,G,791.75,383.0
6335,C,F#,4,F,"(0, 2, 6, 9)",V7,D,A,G,791.875,383.0
6336,C,F#,5,F,"(0, 2, 6, 9)",V7,D,A,g,792.0,383.0
6337,C,F#,5,F,"(0, 2, 6, 9)",V7,D,A,g,792.125,383.0
6338,C,F#,5,F,"(0, 2, 6, 9)",V7,D,A,g,792.25,383.0
6339,C,F#,5,F,"(0, 2, 6, 9)",V7,D,A,g,792.375,383.0
6340,C,F#,5,F,"(0, 2, 6, 9)",V7,D,A,g,792.5,383.0
6341,C,F#,5,F,"(0, 2, 6, 9)",V7,D,A,g,792.625,383.0
6342,C,F#,5,F,"(0, 2, 6, 9)",V7,D,A,g,792.75,383.0
6343,C,F#,5,F,"(0, 2, 6, 9)",V7,D,A,g,792.875,383.0
6344,D,G,0,F,"(2, 7, 10)",V,G,B-,F,793.0,384.0
6345,D,G,1,F,"(2, 7, 10)",ii,G,B-,F,793.125,384.0
6346,D,G,2,F,"(2, 7, 10)",ii,G,B-,F,793.25,384.0
6347,D,G,2,F,"(2, 7, 10)",ii,G,B-,F,793.375,384.0
6348,D,G,3,F,"(2, 7, 10)",ii,G,B-,F,793.5,384.0
6349,D,G,3,F,"(2, 7, 10)",ii,G,B-,F,793.625,384.0
6350,D,G,3,F,"(2, 7, 10)",ii,G,B-,F,793.75,384.0
6351,D,G,3,F,"(2, 7, 10)",ii,G,B-,F,793.875,384.0
6352,D,G,4,F,"(2, 7, 10)",ii,G,B-,F,794.0,384.0
6353,D,G,4,F,"(2, 7, 10)",ii,G,B-,F,794.125,384.0
6354,D,G,4,F,"(2, 7, 10)",ii,G,B-,F,794.25,384.0
6355,D,G,4,F,"(2, 7, 10)",ii,G,B-,F,794.375,384.0
6356,D,G,4,F,"(2, 7, 10)",ii,G,B-,F,794.5,384.0
6357,D,G,4,F,"(2, 7, 10)",ii,G,B-,F,794.625,384.0
6358,D,G,4,F,"(2, 7, 10)",ii,G,B-,F,794.75,384.0
6359,D,G,4,F,"(2, 7, 10)",ii,G,B-,F,794.875,384.0
6360,D,G,5,F,"(2, 7, 10)",ii,G,B-,F,795.0,384.0
6361,D,G,5,F,"(2, 7, 10)",ii,G,B-,F,795.125,384.0
6362,D,G,5,F,"(2, 7, 10)",ii,G,B-,F,795.25,384.0
6363,D,G,5,F,"(2, 7, 10)",ii,G,B-,F,795.375,384.0
6364,D,G,5,F,"(2, 7, 10)",ii,G,B-,F,795.5,384.0
6365,D,G,5,F,"(2, 7, 10)",ii,G,B-,F,795.625,384.0
6366,D,G,5,F,"(2, 7, 10)",ii,G,B-,F,795.75,384.0
6367,D,G,5,F,"(2, 7, 10)",ii,G,B-,F,795.875,384.0
6368,B-,E,0,F,"(0, 4, 7, 10)",V7,C,G,F,796.0,385.0
6369,B-,E,1,F,"(0, 4, 7, 10)",V7,C,G,F,796.125,385.0
6370,B-,E,2,F,"(0, 4, 7, 10)",V7,C,G,F,796.25,385.0
6371,B-,E,2,F,"(0, 4, 7, 10)",V7,C,G,F,796.375,385.0
6372,B-,E,3,F,"(0, 4, 7, 10)",V7,C,G,F,796.5,385.0
6373,B-,E,3,F,"(0, 4, 7, 10)",V7,C,G,F,796.625,385.0
6374,B-,E,3,F,"(0, 4, 7, 10)",V7,C,G,F,796.75,385.0
6375,B-,E,3,F,"(0, 4, 7, 10)",V7,C,G,F,796.875,385.0
6376,B-,E,4,F,"(0, 4, 7, 10)",V7,C,G,F,797.0,385.0
6377,B-,E,4,F,"(0, 4, 7, 10)",V7,C,G,F,797.125,385.0
6378,B-,E,4,F,"(0, 4, 7, 10)",V7,C,G,F,797.25,385.0
6379,B-,E,4,F,"(0, 4, 7, 10)",V7,C,G,F,797.375,385.0
6380,B-,E,4,F,"(0, 4, 7, 10)",V7,C,G,F,797.5,385.0
6381,B-,E,4,F,"(0, 4, 7, 10)",V7,C,G,F,797.625,385.0
6382,B-,E,4,F,"(0, 4, 7, 10)",V7,C,G,F,797.75,385.0
6383,B-,E,4,F,"(0, 4, 7, 10)",V7,C,G,F,797.875,385.0
6384,B-,E,5,F,"(0, 4, 7, 10)",V7,C,G,F,798.0,385.0
6385,B-,E,5,F,"(0, 4, 7, 10)",V7,C,G,F,798.125,385.0
6386,B-,E,5,F,"(0, 4, 7, 10)",V7,C,G,F,798.25,385.0
6387,B-,E,5,F,"(0, 4, 7, 10)",V7,C,G,F,798.375,385.0
6388,B-,E,5,F,"(0, 4, 7, 10)",V7,C,G,F,798.5,385.0
6389,B-,E,5,F,"(0, 4, 7, 10)",V7,C,G,F,798.625,385.0
6390,B-,E,5,F,"(0, 4, 7, 10)",V7,C,G,F,798.75,385.0
6391,B-,E,5,F,"(0, 4, 7, 10)",V7,C,G,F,798.875,385.0
6392,C,F,0,F,"(0, 5, 9)",I,F,A,F,799.0,386.0
6393,C,F,1,F,"(0, 5, 9)",I,F,A,F,799.125,386.0
6394,C,F,2,F,"(0, 5, 9)",I,F,A,F,799.25,386.0
6395,C,F,2,F,"(0, 5, 9)",I,F,A,F,799.375,386.0
6396,C,F,3,F,"(0, 5, 9)",I,F,A,F,799.5,386.0
6397,C,F,3,F,"(0, 5, 9)",I,F,A,F,799.625,386.0
6398,C,F,3,F,"(0, 5, 9)",I,F,A,F,799.75,386.0
6399,C,F,3,F,"(0, 5, 9)",I,F,A,F,799.875,386.0
6400,F,A,0,F,"(0, 5, 9)",I,F,C,F,800.0,386.0
6401,F,A,4,F,"(0, 5, 9)",I,F,C,F,800.125,386.0
6402,F,A,4,F,"(0, 5, 9)",I,F,C,F,800.25,386.0
6403,F,A,4,F,"(0, 5, 9)",I,F,C,F,800.375,386.0
6404,F,A,0,F,"(0, 5, 9)",I,F,C,F,800.5,386.0
6405,F,A,1,F,"(0, 5, 9)",I,F,C,F,800.625,386.0
6406,F,A,2,F,"(0, 5, 9)",I,F,C,F,800.75,386.0
6407,F,A,4,F,"(0, 5, 9)",I,F,C,F,800.875,386.0
6408,F,A,5,F,"(0, 5, 9)",I,F,C,F,801.0,386.0
6409,F,A,5,F,"(0, 5, 9)",I,F,C,F,801.125,386.0
6410,F,A,5,F,"(0, 5, 9)",I,F,C,F,801.25,386.0
6411,F,A,5,F,"(0, 5, 9)",I,F,C,F,801.375,386.0
6412,F,A,5,F,"(0, 5, 9)",I,F,C,F,801.5,386.0
6413,F,A,5,F,"(0, 5, 9)",I,F,C,F,801.625,386.0
6414,F,A,5,F,"(0, 5, 9)",I,F,C,F,801.75,386.0
6415,F,A,5,F,"(0, 5, 9)",I,F,C,F,801.875,386.0
6416,F,A,0,F,"(0, 5, 9)",I,F,C,F,802.0,387.0
6417,F,A,1,F,"(0, 5, 9)",I,F,C,F,802.125,387.0
6418,F,A,2,F,"(0, 5, 9)",I,F,C,F,802.25,387.0
6419,F,A,2,F,"(0, 5, 9)",I,F,C,F,802.375,387.0
6420,F,A,3,F,"(0, 5, 9)",I,F,C,F,802.5,387.0
6421,F,A,3,F,"(0, 5, 9)",I,F,C,F,802.625,387.0
6422,F,A,3,F,"(0, 5, 9)",I,F,C,F,802.75,387.0
6423,F,A,3,F,"(0, 5, 9)",I,F,C,F,802.875,387.0
6424,F,A,4,F,"(0, 5, 9)",I,F,C,F,803.0,387.0
6425,F,A,4,F,"(0, 5, 9)",I,F,C,F,803.125,387.0
6426,F,A,4,F,"(0, 5, 9)",I,F,C,F,803.25,387.0
6427,F,A,4,F,"(0, 5, 9)",I,F,C,F,803.375,387.0
6428,F,A,4,F,"(0, 5, 9)",I,F,C,F,803.5,387.0
6429,F,A,4,F,"(0, 5, 9)",I,F,C,F,803.625,387.0
6430,F,A,4,F,"(0, 5, 9)",I,F,C,F,803.75,387.0
6431,F,A,4,F,"(0, 5, 9)",I,F,C,F,803.875,387.0
6432,C,A,5,F,"(0, 5, 9)",I,F,C,F,804.0,387.0
6433,C,A,5,F,"(0, 5, 9)",I,F,C,F,804.125,387.0
6434,C,A,5,F,"(0, 5, 9)",I,F,C,F,804.25,387.0
6435,C,A,5,F,"(0, 5, 9)",I,F,C,F,804.375,387.0
6436,C,A,5,F,"(0, 5, 9)",I,F,C,F,804.5,387.0
6437,C,A,5,F,"(0, 5, 9)",I,F,C,F,804.625,387.0
6438,C,A,5,F,"(0, 5, 9)",I,F,C,F,804.75,387.0
6439,C,A,5,F,"(0, 5, 9)",I,F,C,F,804.875,387.0
6440,C,E,0,F,"(0, 4, 7)",V,C,G,F,805.0,388.0
6441,C,E,1,F,"(0, 4, 7)",V,C,G,F,805.125,388.0
6442,C,E,2,F,"(0, 4, 7)",V,C,G,F,805.25,388.0
6443,C,E,2,F,"(0, 4, 7)",V,C,G,F,805.375,388.0
6444,C,E,3,F,"(0, 4, 7)",V,C,G,F,805.5,388.0
6445,C,E,3,F,"(0, 4, 7)",V,C,G,F,805.625,388.0
6446,C,E,3,F,"(0, 4, 7)",V,C,G,F,805.75,388.0
6447,C,E,3,F,"(0, 4, 7)",V,C,G,F,805.875,388.0
6448,C,E,4,F,"(0, 4, 7)",V7,C,G,F,806.0,388.0
6449,C,E,4,F,"(0, 4, 7)",V7,C,G,F,806.125,388.0
6450,C,E,4,F,"(0, 4, 7)",V7,C,G,F,806.25,388.0
6451,C,E,4,F,"(0, 4, 7)",V7,C,G,F,806.375,388.0
6452,C,C,0,F,"(0, 4, 7, 10)",V7,C,E,F,806.5,388.0
6453,C,C,1,F,"(0, 4, 7, 10)",V7,C,A,F,806.625,388.0
6454,C,C,2,F,"(0, 4, 7, 10)",V7,C,A,F,806.75,388.0
6455,C,C,2,F,"(0, 4, 7, 10)",V7,C,A,F,806.875,388.0
6456,C,F,0,F,"(0, 5, 9)",I,D,A,F,807.0,388.0
6457,C,F,1,F,"(0, 5, 9)",I,D,A,F,807.125,388.0
6458,C,F,2,F,"(0, 5, 9)",I,D,A,F,807.25,388.0
6459,C,F,2,F,"(0, 5, 9)",I,D,A,F,807.375,388.0
6460,A,F,3,F,"(2, 5, 9)",I,D,A,F,807.5,388.0
6461,A,F,3,F,"(2, 5, 9)",I,D,A,F,807.625,388.0
6462,A,F,3,F,"(2, 5, 9)",I,D,A,F,807.75,388.0
6463,A,F,3,F,"(2, 5, 9)",I,D,A,F,807.875,388.0
6464,G,B-,0,F,"(2, 7, 10)",IV,G,D,F,808.0,389.0
6465,G,B-,1,F,"(2, 7, 10)",ii7,G,D,F,808.125,389.0
6466,G,B-,2,F,"(2, 7, 10)",ii7,G,D,F,808.25,389.0
6467,G,B-,2,F,"(2, 7, 10)",ii,G,D,F,808.375,389.0
6468,G,B-,3,F,"(2, 7, 10)",ii,G,D,F,808.5,389.0
6469,G,B-,3,F,"(2, 7, 10)",ii,G,D,F,808.625,389.0
6470,G,B-,3,F,"(2, 7, 10)",ii,G,D,F,808.75,389.0
6471,G,B-,3,F,"(2, 7, 10)",ii,G,D,F,808.875,389.0
6472,G,C,4,F,"(0, 4, 7, 10)",V7,C,E,F,809.0,389.0
6473,G,C,1,F,"(0, 4, 7, 10)",V7,C,E,F,809.125,389.0
6474,G,C,2,F,"(0, 4, 7, 10)",V7,C,E,F,809.25,389.0
6475,G,C,2,F,"(0, 4, 7, 10)",V7,C,E,F,809.375,389.0
6476,G,C,3,F,"(0, 4, 7, 10)",V7,C,E,F,809.5,389.0
6477,G,C,1,F,"(0, 4, 7, 10)",V7,C,E,F,809.625,389.0
6478,G,C,2,F,"(0, 4, 7, 10)",V7,C,E,F,809.75,389.0
6479,G,C,3,F,"(0, 4, 7, 10)",V7,C,E,F,809.875,389.0
6480,G,C,0,F,"(0, 4, 7, 10)",V7,C,E,F,810.0,389.0
6481,G,C,1,F,"(0, 4, 7, 10)",V7,C,E,F,810.125,389.0
6482,G,C,2,F,"(0, 4, 7, 10)",V7,C,E,F,810.25,389.0
6483,G,C,2,F,"(0, 4, 7, 10)",V7,C,E,F,810.375,389.0
6484,G,C,3,F,"(0, 4, 7, 10)",V7,C,E,F,810.5,389.0
6485,G,C,3,F,"(0, 4, 7, 10)",V7,B-,E,F,810.625,389.0
6486,G,C,4,F,"(0, 4, 7, 10)",V7,B-,E,F,810.75,389.0
6487,G,C,4,F,"(0, 4, 7, 10)",V7,B-,E,F,810.875,389.0
6488,C,F,0,F,"(0, 5, 9)",I,F,A,F,811.0,390.0
6489,C,F,1,F,"(0, 5, 9)",I,F,A,F,811.125,390.0
6490,C,F,2,F,"(0, 5, 9)",I,F,A,F,811.25,390.0
6491,C,F,2,F,"(0, 5, 9)",I,F,A,F,811.375,390.0
6492,C,F,3,F,"(0, 5, 9)",I,F,A,F,811.5,390.0
6493,C,F,3,F,"(0, 5, 9)",I,F,A,F,811.625,390.0
6494,C,F,3,F,"(0, 5, 9)",I,F,A,F,811.75,390.0
6495,C,F,3,F,"(0, 5, 9)",I,F,A,F,811.875,390.0
6496,C,F,4,F,"(0, 5, 9)",I,F,A,F,812.0,390.0
6497,C,F,4,F,"(0, 5, 9)",I,F,A,F,812.125,390.0
6498,C,F,4,F,"(0, 5, 9)",I,F,A,F,812.25,390.0
6499,C,F,4,F,"(0, 5, 9)",I,F,A,F,812.375,390.0
6500,C,F,4,F,"(0, 5, 9)",I,F,A,F,812.5,390.0
6501,C,F,4,F,"(0, 5, 9)",I,F,A,F,812.625,390.0
6502,C,F,4,F,"(0, 5, 9)",I,F,A,F,812.75,390.0
6503,C,F,4,F,"(0, 5, 9)",I,F,A,F,812.875,390.0
6504,C,F,5,F,"(0, 5, 9)",I,F,A,F,813.0,390.0
6505,C,F,5,F,"(0, 5, 9)",I,F,A,F,813.125,390.0
6506,C,F,5,F,"(0, 5, 9)",I,F,A,F,813.25,390.0
6507,C,F,5,F,"(0, 5, 9)",I,F,A,F,813.375,390.0
6508,C,F,5,F,"(0, 5, 9)",I,F,A,F,813.5,390.0
6509,C,F,5,F,"(0, 5, 9)",I,F,A,F,813.625,390.0
6510,C,F,5,F,"(0, 5, 9)",I,F,A,F,813.75,390.0
6511,C,F,5,F,"(0, 5, 9)",I,F,A,F,813.875,390.0
6512,G,C,0,F,"(0, 4, 7, 10)",V7,B-,E,F,814.0,391.0
6513,G,C,1,F,"(0, 4, 7, 10)",V7,B-,E,F,814.125,391.0
6514,G,C,2,F,"(0, 4, 7, 10)",V7,B-,E,F,814.25,391.0
6515,G,C,2,F,"(0, 4, 7, 10)",V7,B-,E,F,814.375,391.0
6516,G,C,3,F,"(0, 4, 7, 10)",V7,B-,E,F,814.5,391.0
6517,G,C,3,F,"(0, 4, 7, 10)",V7,B-,E,F,814.625,391.0
6518,G,C,3,F,"(0, 4, 7, 10)",V7,B-,E,F,814.75,391.0
6519,G,C,3,F,"(0, 4, 7, 10)",V7,B-,E,F,814.875,391.0
6520,G,C,4,F,"(0, 4, 7, 10)",V7,B-,E,F,815.0,391.0
6521,G,C,4,F,"(0, 4, 7, 10)",V7,B-,E,F,815.125,391.0
6522,G,C,4,F,"(0, 4, 7, 10)",V7,B-,E,F,815.25,391.0
6523,G,C,4,F,"(0, 4, 7, 10)",V7,B-,E,F,815.375,391.0
6524,G,C,4,F,"(0, 4, 7, 10)",V7,B-,E,F,815.5,391.0
6525,G,C,4,F,"(0, 4, 7, 10)",V7,B-,E,F,815.625,391.0
6526,G,C,4,F,"(0, 4, 7, 10)",V7,B-,E,F,815.75,391.0
6527,G,C,4,F,"(0, 4, 7, 10)",V7,B-,E,F,815.875,391.0
6528,G,C,5,F,"(0, 4, 7, 10)",V7,B-,E,F,816.0,391.0
6529,G,C,1,F,"(0, 4, 7, 10)",V7,B-,E,F,816.125,391.0
6530,G,C,2,F,"(0, 4, 7, 10)",V7,B-,E,F,816.25,391.0
6531,G,C,2,F,"(0, 4, 7, 10)",V7,B-,E,F,816.375,391.0
6532,G,C,5,F,"(0, 4, 7, 10)",V7,B-,E,F,816.5,391.0
6533,G,C,5,F,"(0, 4, 7, 10)",V7,B-,E,F,816.625,391.0
6534,G,C,5,F,"(0, 4, 7, 10)",V7,B-,E,F,816.75,391.0
6535,G,C,2,F,"(0, 4, 7, 10)",V7,B-,E,F,816.875,391.0
6536,C,F,0,F,"(0, 5, 9)",I,F,A,F,817.0,392.0
6537,C,F,1,F,"(0, 5, 9)",I,F,A,F,817.125,392.0
6538,C,F,2,F,"(0, 5, 9)",I,F,A,F,817.25,392.0
6539,C,F,2,F,"(0, 5, 9)",I,F,A,F,817.375,392.0
6540,C,F,3,F,"(0, 5, 9)",I,F,A,F,817.5,392.0
6541,C,F,3,F,"(0, 5, 9)",I,F,A,F,817.625,392.0
6542,C,F,3,F,"(0, 5, 9)",I,F,A,F,817.75,392.0
6543,C,F,3,F,"(0, 5, 9)",I,F,A,F,817.875,392.0
6544,C,F,4,F,"(0, 5, 9)",I,F,A,F,818.0,392.0
6545,C,F,4,F,"(0, 5, 9)",I,F,A,F,818.125,392.0
6546,C,F,4,F,"(0, 5, 9)",I,F,A,F,818.25,392.0
6547,C,F,4,F,"(0, 5, 9)",I,F,A,F,818.375,392.0
6548,C,F,4,F,"(0, 5, 9)",I,F,A,F,818.5,392.0
6549,C,F,4,F,"(0, 5, 9)",I,F,A,F,818.625,392.0
6550,C,F,4,F,"(0, 5, 9)",I,F,A,F,818.75,392.0
6551,C,F,4,F,"(0, 5, 9)",I,F,A,F,818.875,392.0
6552,C,F,5,F,"(0, 5, 9)",I,F,A,F,819.0,392.0
6553,C,F,5,F,"(0, 5, 9)",I,F,A,F,819.125,392.0
6554,C,F,5,F,"(0, 5, 9)",I,F,A,F,819.25,392.0
6555,C,F,5,F,"(0, 5, 9)",I,F,A,F,819.375,392.0
6556,C,F,5,F,"(0, 5, 9)",I,F,A,F,819.5,392.0
6557,C,F,5,F,"(0, 5, 9)",I,F,A,F,819.625,392.0
6558,C,F,5,F,"(0, 5, 9)",I,F,A,F,819.75,392.0
6559,C,F,5,F,"(0, 5, 9)",I,F,A,F,819.875,392.0
6560,G,C,0,F,"(0, 4, 7)",V,C,E,F,820.0,393.0
6561,G,C,1,F,"(0, 4, 7)",V,C,E,F,820.125,393.0
6562,G,C,2,F,"(0, 4, 7)",V,C,E,F,820.25,393.0
6563,G,C,2,F,"(0, 4, 7)",V,C,E,F,820.375,393.0
6564,G,C,3,F,"(0, 4, 7)",V,C,E,F,820.5,393.0
6565,G,C,3,F,"(0, 4, 7)",V,C,E,F,820.625,393.0
6566,G,C,3,F,"(0, 4, 7)",V,C,E,F,820.75,393.0
6567,G,C,3,F,"(0, 4, 7)",V,C,E,F,820.875,393.0
6568,G,C,4,F,"(0, 4, 7)",V,C,E,F,821.0,393.0
6569,G,C,4,F,"(0, 4, 7)",V,C,E,F,821.125,393.0
6570,G,C,4,F,"(0, 4, 7)",V,C,E,F,821.25,393.0
6571,G,C,4,F,"(0, 4, 7)",V,C,E,F,821.375,393.0
6572,G,C,4,F,"(0, 4, 7)",V,C,E,F,821.5,393.0
6573,G,C,4,F,"(0, 4, 7)",V7,C,E,F,821.625,393.0
6574,G,C,4,F,"(0, 4, 7)",V7,C,E,F,821.75,393.0
6575,G,C,4,F,"(0, 4, 7)",V7,C,E,F,821.875,393.0
6576,G,C,5,F,"(0, 4, 7)",V7,C,E,F,822.0,393.0
6577,G,C,5,F,"(0, 4, 7)",V7,C,E,F,822.125,393.0
6578,G,C,5,F,"(0, 4, 7)",V7,C,E,F,822.25,393.0
6579,G,C,5,F,"(0, 4, 7)",V7,C,E,F,822.375,393.0
6580,G,C,5,F,"(0, 4, 7, 10)",V7,C,E,F,822.5,393.0
6581,G,C,5,F,"(0, 4, 7, 10)",V7,C,E,F,822.625,393.0
6582,G,C,5,F,"(0, 4, 7, 10)",V7,C,E,F,822.75,393.0
6583,G,C,5,F,"(0, 4, 7, 10)",V7,C,E,F,822.875,393.0
6584,F,A,0,F,"(0, 5, 9)",I,F,C,F,823.0,394.0
6585,F,A,1,F,"(0, 5, 9)",I,F,C,F,823.125,394.0
6586,F,A,2,F,"(0, 5, 9)",I,F,C,F,823.25,394.0
6587,F,A,2,F,"(0, 5, 9)",I,F,C,F,823.375,394.0
6588,F,A,3,F,"(0, 5, 9)",I,F,C,F,823.5,394.0
6589,F,A,3,F,"(0, 5, 9)",I,F,C,F,823.625,394.0
6590,F,A,3,F,"(0, 5, 9)",I,F,C,F,823.75,394.0
6591,F,A,3,F,"(0, 5, 9)",I,F,C,F,823.875,394.0
6592,F,A,4,F,"(0, 5, 9)",I,F,C,F,824.0,394.0
6593,F,A,4,F,"(0, 5, 9)",I,F,C,F,824.125,394.0
6594,F,A,4,F,"(0, 5, 9)",I,F,C,F,824.25,394.0
6595,F,A,4,F,"(0, 5, 9)",I,F,C,F,824.375,394.0
6596,F,A,4,F,"(0, 5, 9)",I,F,C,F,824.5,394.0
6597,F,A,4,F,"(0, 5, 9)",I,F,C,F,824.625,394.0
6598,F,A,4,F,"(0, 5, 9)",I,F,C,F,824.75,394.0
6599,F,A,4,F,"(0, 5, 9)",I,F,C,F,824.875,394.0
6600,C,A,5,F,"(0, 5, 9)",I,F,C,F,825.0,394.0
6601,C,A,5,F,"(0, 5, 9)",I,F,C,F,825.125,394.0
6602,C,A,5,F,"(0, 5, 9)",I,F,C,F,825.25,394.0
6603,C,A,5,F,"(0, 5, 9)",I,F,C,F,825.375,394.0
6604,C,F,5,F,"(0, 5, 9)",I,F,C,F,825.5,394.0
6605,C,F,5,F,"(0, 5, 9)",I,F,C,F,825.625,394.0
6606,C,F,5,F,"(0, 5, 9)",I,F,C,F,825.75,394.0
6607,C,F,5,F,"(0, 5, 9)",I,F,C,F,825.875,394.0
6608,G,C,0,F,"(0, 4, 7, 10)",V7,B-,E,F,826.0,395.0
6609,G,C,1,F,"(0, 4, 7, 10)",V7,B-,E,F,826.125,395.0
6610,G,C,2,F,"(0, 4, 7, 10)",V7,B-,E,F,826.25,395.0
6611,G,C,2,F,"(0, 4, 7, 10)",V7,B-,E,F,826.375,395.0
6612,G,C,3,F,"(0, 4, 7, 10)",V7,B-,E,F,826.5,395.0
6613,G,C,3,F,"(0, 4, 7, 10)",V7,B-,E,F,826.625,395.0
6614,G,C,3,F,"(0, 4, 7, 10)",V7,B-,E,F,826.75,395.0
6615,G,C,3,F,"(0, 4, 7, 10)",V7,B-,E,F,826.875,395.0
6616,G,C,0,F,"(0, 4, 7, 10)",V7,B-,E,F,827.0,395.0
6617,G,C,4,F,"(0, 4, 7, 10)",V7,B-,E,F,827.125,395.0
6618,G,C,4,F,"(0, 4, 7, 10)",V7,B-,E,F,827.25,395.0
6619,G,C,2,F,"(0, 4, 7, 10)",V7,B-,E,F,827.375,395.0
6620,G,C,4,F,"(0, 4, 7, 10)",V7,B-,E,F,827.5,395.0
6621,G,C,4,F,"(0, 4, 7, 10)",V7,B-,E,F,827.625,395.0
6622,G,C,4,F,"(0, 4, 7, 10)",V7,B-,E,F,827.75,395.0
6623,G,C,4,F,"(0, 4, 7, 10)",V7,B-,E,F,827.875,395.0
6624,G,C,0,F,"(0, 4, 7, 10)",V7,B-,E,F,828.0,395.0
6625,G,C,1,F,"(0, 4, 7, 10)",V7,B-,E,F,828.125,395.0
6626,G,C,2,F,"(0, 4, 7, 10)",V7,B-,E,F,828.25,395.0
6627,G,C,2,F,"(0, 4, 7, 10)",V7,B-,E,F,828.375,395.0
6628,G,C,4,F,"(0, 4, 7, 10)",V7,C,E,F,828.5,395.0
6629,G,C,4,F,"(0, 4, 7, 10)",V7,C,E,F,828.625,395.0
6630,G,C,2,F,"(0, 4, 7, 10)",V7,C,E,F,828.75,395.0
6631,G,C,2,F,"(0, 4, 7, 10)",V7,C,E,F,828.875,395.0
6632,C,F,0,F,"(0, 5, 9)",I,F,A,F,829.0,396.0
6633,C,F,1,F,"(0, 5, 9)",I,F,A,F,829.125,396.0
6634,C,F,2,F,"(0, 5, 9)",I,F,A,F,829.25,396.0
6635,C,F,2,F,"(0, 5, 9)",I,F,A,F,829.375,396.0
6636,C,F,3,F,"(0, 5, 9)",I,F,A,F,829.5,396.0
6637,C,F,3,F,"(0, 5, 9)",I,F,A,F,829.625,396.0
6638,C,F,3,F,"(0, 5, 9)",I,F,A,F,829.75,396.0
6639,C,F,3,F,"(0, 5, 9)",I,F,A,F,829.875,396.0
6640,C,F,4,F,"(0, 5, 9)",I,F,A,F,830.0,396.0
6641,C,F,4,F,"(2, 5, 9)",I,F,A,F,830.125,396.0
6642,C,F,4,F,"(0, 5, 9)",I,F,A,F,830.25,396.0
6643,C,F,4,F,"(0, 5, 9)",I,F,A,F,830.375,396.0
6644,A,F,0,F,"(2, 5, 9)",I,D,A,F,830.5,396.0
6645,A,F,4,F,"(2, 5, 9)",I,D,A,F,830.625,396.0
6646,A,F,2,F,"(2, 5, 9)",I,D,A,F,830.75,396.0
6647,A,F,2,F,"(2, 5, 9)",I,D,A,F,830.875,396.0
6648,A,F,5,F,"(2, 5, 9)",I,D,A,F,831.0,396.0
6649,A,F,5,F,"(2, 5, 9)",I,D,A,F,831.125,396.0
6650,A,F,5,F,"(2, 5, 9)",I,D,A,F,831.25,396.0
6651,A,F,5,F,"(2, 5, 9)",I,D,A,F,831.375,396.0
6652,A,F,5,F,"(2, 5, 9)",I,D,A,F,831.5,396.0
6653,A,F,5,F,"(2, 5, 9)",I,D,A,F,831.625,396.0
6654,A,F,5,F,"(2, 5, 9)",I,D,A,F,831.75,396.0
6655,A,F,5,F,"(2, 5, 9)",I,D,A,F,831.875,396.0
6656,F,B-,0,F,"(2, 7, 10)",ii,G,D,F,832.0,397.0
6657,F,B-,1,F,"(2, 7, 10)",ii,G,D,F,832.125,397.0
6658,F,B-,2,F,"(2, 7, 10)",ii,G,D,F,832.25,397.0
6659,F,B-,2,F,"(2, 7, 10)",ii,G,D,F,832.375,397.0
6660,F,B-,3,F,"(2, 7, 10)",ii,G,D,F,832.5,397.0
6661,F,B-,3,F,"(2, 7, 10)",ii,G,D,F,832.625,397.0
6662,F,B-,3,F,"(2, 7, 10)",ii,G,D,F,832.75,397.0
6663,F,B-,3,F,"(2, 7, 10)",ii,G,D,F,832.875,397.0
6664,F,B-,4,F,"(2, 7, 10)",ii,G,D,F,833.0,397.0
6665,G,B-,4,F,"(2, 7, 10)",ii,G,D,F,833.125,397.0
6666,G,B-,4,F,"(2, 7, 10)",ii,G,D,F,833.25,397.0
6667,G,B-,4,F,"(2, 7, 10)",ii,G,D,F,833.375,397.0
6668,G,C,0,F,"(0, 4, 7, 10)",V7,B-,E,F,833.5,397.0
6669,G,C,1,F,"(0, 4, 7, 10)",V7,B-,E,F,833.625,397.0
6670,G,C,2,F,"(0, 4, 7, 10)",V7,B-,E,F,833.75,397.0
6671,G,C,2,F,"(0, 4, 7, 10)",V7,B-,E,F,833.875,397.0
6672,G,C,3,F,"(0, 4, 7, 10)",V7,B-,E,F,834.0,397.0
6673,G,C,3,F,"(0, 4, 7, 10)",V7,B-,E,F,834.125,397.0
6674,G,C,3,F,"(0, 4, 7, 10)",V7,B-,E,F,834.25,397.0
6675,G,C,3,F,"(0, 4, 7, 10)",V7,B-,E,F,834.375,397.0
6676,G,C,4,F,"(0, 4, 7, 10)",V7,B-,E,F,834.5,397.0
6677,G,C,4,F,"(0, 4, 7, 10)",V7,B-,E,F,834.625,397.0
6678,G,C,4,F,"(0, 4, 7, 10)",V7,B-,E,F,834.75,397.0
6679,G,C,4,F,"(0, 4, 7, 10)",V7,B-,E,F,834.875,397.0
6680,C,F,0,F,"(0, 5, 9)",I,F,A,F,835.0,398.0
6681,C,F,1,F,"(0, 5, 9)",I,F,A,F,835.125,398.0
6682,C,F,2,F,"(0, 5, 9)",I,F,A,F,835.25,398.0
6683,C,F,2,F,"(0, 5, 9)",I,F,A,F,835.375,398.0
6684,C,F,3,F,"(0, 5, 9)",I,F,A,F,835.5,398.0
6685,C,F,3,F,"(0, 5, 9)",I,F,A,F,835.625,398.0
6686,C,F,3,F,"(0, 5, 9)",I,F,A,F,835.75,398.0
6687,C,F,3,F,"(0, 5, 9)",I,F,A,F,835.875,398.0
6688,C,F,4,F,"(0, 5, 9)",I,F,A,F,836.0,398.0
6689,C,F,4,F,"(0, 5, 9)",I,F,A,F,836.125,398.0
6690,C,F,4,F,"(0, 5, 9)",I,F,A,F,836.25,398.0
6691,C,F,4,F,"(0, 5, 9)",I,F,A,F,836.375,398.0
6692,C,F,4,F,"(2, 5, 9)",I,F,A,F,836.5,398.0
6693,C,F,4,F,"(2, 5, 9)",I,F,A,F,836.625,398.0
6694,C,F,4,F,"(2, 5, 9)",I,F,A,F,836.75,398.0
6695,C,F,4,F,"(2, 5, 9)",I,F,A,F,836.875,398.0
6696,C,F,5,d,"(2, 5, 9)",I,D,A,F,837.0,398.0
6697,C,F,5,d,"(2, 5, 9)",I,D,A,F,837.125,398.0
6698,C,F,5,d,"(2, 5, 9)",I,D,A,F,837.25,398.0
6699,C,F,5,d,"(2, 5, 9)",I,D,A,F,837.375,398.0
6700,C,F,5,d,"(2, 5, 9)",I,D,A,F,837.5,398.0
6701,C,F,5,d,"(2, 5, 9)",I,D,A,F,837.625,398.0
6702,C,F,5,d,"(2, 5, 9)",I,D,A,F,837.75,398.0
6703,C,F,5,d,"(2, 5, 9)",I,D,A,F,837.875,398.0
6704,E,A,0,d,"(1, 4, 7, 9)",V7,G,C#,d,838.0,399.0
6705,E,A,1,d,"(1, 4, 7, 9)",V7,G,C#,d,838.125,399.0
6706,E,A,2,d,"(1, 4, 7, 9)",V7,G,C#,d,838.25,399.0
6707,E,A,2,d,"(1, 4, 7, 9)",V7,G,C#,d,838.375,399.0
6708,E,A,3,d,"(1, 4, 7, 9)",V7,G,C#,d,838.5,399.0
6709,E,A,3,d,"(1, 4, 7, 9)",V7,G,C#,d,838.625,399.0
6710,E,A,3,d,"(1, 4, 7, 9)",V7,G,C#,d,838.75,399.0
6711,E,A,3,d,"(1, 4, 7, 9)",V7,G,C#,d,838.875,399.0
6712,E,A,4,d,"(1, 4, 7, 9)",V7,G,C#,d,839.0,399.0
6713,E,A,4,d,"(1, 4, 7, 9)",V7,G,C#,d,839.125,399.0
6714,E,A,4,d,"(1, 4, 7, 9)",V7,G,C#,d,839.25,399.0
6715,E,A,4,d,"(1, 4, 7, 9)",V7,G,C#,d,839.375,399.0
6716,E,A,4,d,"(1, 4, 7, 9)",V7,G,C#,d,839.5,399.0
6717,E,A,4,d,"(1, 4, 7, 9)",V7,G,C#,d,839.625,399.0
6718,E,A,4,d,"(1, 4, 7, 9)",V7,G,C#,d,839.75,399.0
6719,E,A,4,d,"(1, 4, 7, 9)",V7,G,C#,d,839.875,399.0
6720,E,A,5,d,"(1, 4, 7, 9)",V7,G,C#,d,840.0,399.0
6721,E,A,5,d,"(1, 4, 7, 9)",V7,G,C#,d,840.125,399.0
6722,E,A,5,d,"(1, 4, 7, 9)",V7,G,C#,d,840.25,399.0
6723,E,A,5,d,"(1, 4, 7, 9)",V7,G,C#,d,840.375,399.0
6724,E,A,5,d,"(1, 4, 7, 9)",V7,G,C#,d,840.5,399.0
6725,E,A,5,d,"(1, 4, 7, 9)",V7,G,C#,d,840.625,399.0
6726,E,A,5,d,"(1, 4, 7, 9)",V7,G,C#,d,840.75,399.0
6727,E,A,5,d,"(1, 4, 7, 9)",V7,G,C#,d,840.875,399.0
6728,F,A,0,d,"(2, 5, 9)",i,D,D,d,841.0,400.0
6729,F,A,1,d,"(2, 5, 9)",i,D,D,d,841.125,400.0
6730,F,A,2,d,"(2, 5, 9)",i,D,D,d,841.25,400.0
6731,F,A,2,d,"(2, 5, 9)",i,D,D,d,841.375,400.0
6732,F,A,3,d,"(2, 5, 9)",i,D,D,d,841.5,400.0
6733,F,A,3,d,"(2, 5, 9)",i,D,D,d,841.625,400.0
6734,F,A,3,d,"(2, 5, 9)",i,D,D,d,841.75,400.0
6735,F,A,3,d,"(2, 5, 9)",i,D,D,d,841.875,400.0
6736,F,A,4,d,"(2, 5, 9)",i,D,D,d,842.0,400.0
6737,F,A,4,d,"(2, 5, 9)",i,D,D,d,842.125,400.0
6738,F,A,4,d,"(2, 5, 9)",i,D,D,d,842.25,400.0
6739,F,A,4,d,"(2, 5, 9)",i,D,D,d,842.375,400.0
6740,F,A,4,d,"(2, 5, 9)",i,D,D,d,842.5,400.0
6741,F,A,4,d,"(2, 5, 9)",i,D,D,d,842.625,400.0
6742,F,A,4,d,"(2, 5, 9)",i,D,D,d,842.75,400.0
6743,F,A,4,d,"(2, 5, 9)",i,D,D,d,842.875,400.0
6744,F,A,5,d,"(2, 5, 9)",i,D,D,d,843.0,400.0
6745,F,A,5,d,"(2, 5, 9)",i,D,D,d,843.125,400.0
6746,F,A,5,d,"(2, 5, 9)",i,D,D,d,843.25,400.0
6747,F,A,5,d,"(2, 5, 9)",i,D,D,d,843.375,400.0
6748,F,A,5,d,"(2, 5, 9)",i,D,D,d,843.5,400.0
6749,F,A,5,d,"(2, 5, 9)",i,D,D,d,843.625,400.0
6750,F,A,5,d,"(2, 5, 9)",i,D,D,d,843.75,400.0
6751,F,A,5,d,"(2, 5, 9)",i,D,D,d,843.875,400.0
6752,E,A,0,d,"(1, 4, 7, 9)",V7,G,C#,d,844.0,401.0
6753,E,A,1,d,"(1, 4, 7, 9)",V7,G,C#,d,844.125,401.0
6754,E,A,2,d,"(1, 4, 7, 9)",V7,G,C#,d,844.25,401.0
6755,E,A,2,d,"(1, 4, 7, 9)",V7,G,C#,d,844.375,401.0
6756,E,A,3,d,"(1, 4, 7, 9)",V7,G,C#,d,844.5,401.0
6757,E,A,3,d,"(1, 4, 7, 9)",V7,G,C#,d,844.625,401.0
6758,E,A,3,d,"(1, 4, 7, 9)",V7,G,C#,d,844.75,401.0
6759,E,A,3,d,"(1, 4, 7, 9)",V7,G,C#,d,844.875,401.0
6760,E,A,4,d,"(1, 4, 7, 9)",V7,G,C#,d,845.0,401.0
6761,E,A,4,d,"(1, 4, 7, 9)",V7,G,C#,d,845.125,401.0
6762,E,A,4,d,"(1, 4, 7, 9)",V7,G,C#,d,845.25,401.0
6763,E,A,4,d,"(1, 4, 7, 9)",V7,G,C#,d,845.375,401.0
6764,E,A,4,d,"(1, 4, 7, 9)",V7,G,C#,d,845.5,401.0
6765,E,A,4,d,"(1, 4, 7, 9)",V7,G,C#,d,845.625,401.0
6766,E,A,4,d,"(1, 4, 7, 9)",V7,G,C#,d,845.75,401.0
6767,E,A,4,d,"(1, 4, 7, 9)",V7,G,C#,d,845.875,401.0
6768,E,A,5,d,"(1, 4, 7, 9)",V7,G,C#,d,846.0,401.0
6769,E,A,5,d,"(1, 4, 7, 9)",V7,G,C#,d,846.125,401.0
6770,E,A,5,d,"(1, 4, 7, 9)",V7,G,C#,d,846.25,401.0
6771,E,A,5,d,"(1, 4, 7, 9)",V7,G,C#,d,846.375,401.0
6772,E,A,5,d,"(1, 4, 7, 9)",V7,G,C#,d,846.5,401.0
6773,E,A,5,d,"(1, 4, 7, 9)",V7,G,C#,d,846.625,401.0
6774,E,A,5,d,"(1, 4, 7, 9)",V7,G,C#,d,846.75,401.0
6775,E,A,5,d,"(1, 4, 7, 9)",V7,G,C#,d,846.875,401.0
6776,F,A,0,d,"(2, 5, 9)",i,D,D,d,847.0,402.0
6777,F,A,1,d,"(2, 5, 9)",i,D,D,d,847.125,402.0
6778,F,A,2,d,"(2, 5, 9)",i,D,D,d,847.25,402.0
6779,F,A,2,d,"(2, 5, 9)",i,D,D,d,847.375,402.0
6780,F,A,3,d,"(2, 5, 9)",i,D,D,d,847.5,402.0
6781,F,A,3,d,"(2, 5, 9)",i,D,D,d,847.625,402.0
6782,F,A,3,d,"(2, 5, 9)",i,D,D,d,847.75,402.0
6783,F,A,3,d,"(2, 5, 9)",i,D,D,d,847.875,402.0
6784,F,A,4,d,"(2, 5, 9)",i,D,D,d,848.0,402.0
6785,F,A,4,d,"(2, 5, 9)",i,D,D,d,848.125,402.0
6786,F,A,4,d,"(2, 5, 9)",i,D,D,d,848.25,402.0
6787,F,A,4,d,"(2, 5, 9)",i,D,D,d,848.375,402.0
6788,F,A,4,d,"(2, 5, 9)",i,D,D,d,848.5,402.0
6789,F,A,4,d,"(2, 5, 9)",i,D,D,d,848.625,402.0
6790,F,A,4,d,"(2, 5, 9)",i,D,D,d,848.75,402.0
6791,F,A,4,d,"(2, 5, 9)",i,D,D,d,848.875,402.0
6792,F,A,5,d,"(2, 5, 9)",i,D,D,d,849.0,402.0
6793,F,A,5,d,"(2, 5, 9)",i,D,D,d,849.125,402.0
6794,F,A,5,d,"(2, 5, 9)",i,D,D,d,849.25,402.0
6795,F,A,5,d,"(2, 5, 9)",i,D,D,d,849.375,402.0
6796,F,A,5,d,"(2, 5, 9)",i,D,D,d,849.5,402.0
6797,F,A,5,d,"(2, 5, 9)",i,D,D,d,849.625,402.0
6798,F,A,5,d,"(2, 5, 9)",i,D,D,d,849.75,402.0
6799,F,A,5,d,"(2, 5, 9)",i,D,D,d,849.875,402.0
6800,F,B-,0,d,"(2, 5, 10)",VI,B-,D,d,850.0,403.0
6801,F,B-,1,d,"(2, 5, 10)",VI,B-,D,d,850.125,403.0
6802,F,B-,2,d,"(2, 5, 10)",VI,B-,D,d,850.25,403.0
6803,F,B-,2,d,"(2, 5, 10)",VI,B-,D,d,850.375,403.0
6804,F,B-,3,d,"(2, 5, 10)",VI,B-,D,d,850.5,403.0
6805,F,B-,3,d,"(2, 5, 10)",VI,B-,D,d,850.625,403.0
6806,F,B-,3,d,"(2, 5, 10)",VI,B-,D,d,850.75,403.0
6807,F,B-,3,d,"(2, 5, 10)",VI,B-,D,d,850.875,403.0
6808,F,B-,4,d,"(2, 5, 10)",VI,B-,D,d,851.0,403.0
6809,F,B-,4,d,"(2, 5, 10)",VI,B-,D,d,851.125,403.0
6810,F,B-,4,d,"(2, 5, 10)",VI,B-,D,d,851.25,403.0
6811,F,B-,4,d,"(2, 5, 10)",VI,B-,D,d,851.375,403.0
6812,F,B-,4,d,"(2, 5, 10)",VI,B-,D,d,851.5,403.0
6813,F,B-,4,d,"(2, 5, 10)",VI,B-,D,d,851.625,403.0
6814,F,B-,4,d,"(2, 5, 10)",VI,B-,D,d,851.75,403.0
6815,F,B-,4,d,"(2, 5, 10)",VI,B-,D,d,851.875,403.0
6816,F,B-,5,d,"(2, 5, 10)",VI,B-,D,d,852.0,403.0
6817,F,B-,5,d,"(2, 5, 10)",VI,B-,D,d,852.125,403.0
6818,F,B-,5,d,"(2, 5, 10)",VI,B-,D,d,852.25,403.0
6819,F,B-,5,d,"(2, 5, 10)",VI,B-,D,d,852.375,403.0
6820,F,B-,5,d,"(2, 5, 10)",VI,B-,D,d,852.5,403.0
6821,F,B-,5,d,"(2, 5, 10)",VI,B-,D,d,852.625,403.0
6822,F,B-,5,d,"(2, 5, 10)",VI,B-,D,d,852.75,403.0
6823,F,B-,5,d,"(2, 5, 10)",VI,B-,D,d,852.875,403.0
6824,F,B-,0,d,"(2, 5, 8, 10)",Ger7,G#,D,d,853.0,404.0
6825,F,B-,1,d,"(2, 5, 8, 10)",Ger7,G#,D,d,853.125,404.0
6826,F,B-,2,d,"(2, 5, 8, 10)",Ger7,G#,D,d,853.25,404.0
6827,F,B-,2,d,"(2, 5, 8, 10)",Ger7,G#,D,d,853.375,404.0
6828,F,B-,3,d,"(2, 5, 8, 10)",Ger7,G#,D,d,853.5,404.0
6829,F,B-,3,d,"(2, 5, 8, 10)",Ger7,G#,D,d,853.625,404.0
6830,F,B-,3,d,"(2, 5, 8, 10)",Ger7,G#,D,d,853.75,404.0
6831,F,B-,3,d,"(2, 5, 8, 10)",Ger7,G#,D,d,853.875,404.0
6832,F,B-,4,d,"(2, 5, 8, 10)",Ger7,G#,D,d,854.0,404.0
6833,F,B-,4,d,"(2, 5, 8, 10)",Ger7,G#,D,d,854.125,404.0
6834,F,B-,4,d,"(2, 5, 8, 10)",Ger7,G#,D,d,854.25,404.0
6835,F,B-,4,d,"(2, 5, 8, 10)",Ger7,G#,D,d,854.375,404.0
6836,F,B-,4,d,"(2, 5, 8, 10)",Ger7,G#,D,d,854.5,404.0
6837,F,B-,4,d,"(2, 5, 8, 10)",Ger7,G#,D,d,854.625,404.0
6838,F,B-,4,d,"(2, 5, 8, 10)",Ger7,G#,D,d,854.75,404.0
6839,F,B-,4,d,"(2, 5, 8, 10)",Ger7,G#,D,d,854.875,404.0
6840,F,B-,5,d,"(2, 5, 8, 10)",Ger7,G#,D,d,855.0,404.0
6841,F,B-,5,d,"(2, 5, 8, 10)",Ger7,G#,D,d,855.125,404.0
6842,F,B-,5,d,"(2, 5, 8, 10)",Ger7,G#,D,d,855.25,404.0
6843,F,B-,5,d,"(2, 5, 8, 10)",Ger7,G#,D,d,855.375,404.0
6844,F,B-,5,d,"(2, 5, 8, 10)",Ger7,G#,D,d,855.5,404.0
6845,F,B-,5,d,"(2, 5, 8, 10)",Ger7,G#,D,d,855.625,404.0
6846,F,B-,5,d,"(2, 5, 8, 10)",Ger7,G#,D,d,855.75,404.0
6847,F,B-,5,d,"(2, 5, 8, 10)",Ger7,G#,D,d,855.875,404.0
6848,E,A,0,d,"(1, 4, 9)",V,A,C#,d,856.0,405.0
6849,E,A,1,d,"(1, 4, 9)",V,A,C#,d,856.125,405.0
6850,E,A,2,d,"(1, 4, 9)",V,A,C#,d,856.25,405.0
6851,E,A,2,d,"(1, 4, 9)",V,A,C#,d,856.375,405.0
6852,E,A,3,d,"(1, 4, 9)",V,A,C#,d,856.5,405.0
6853,E,A,3,d,"(1, 4, 9)",V,A,C#,d,856.625,405.0
6854,E,A,3,d,"(1, 4, 9)",V,A,C#,d,856.75,405.0
6855,E,A,3,d,"(1, 4, 9)",V,A,C#,d,856.875,405.0
6856,E,A,4,d,"(1, 4, 9)",V,A,C#,d,857.0,405.0
6857,E,A,4,d,"(1, 4, 9)",V,A,C#,d,857.125,405.0
6858,E,A,4,d,"(1, 4, 9)",V,A,C#,d,857.25,405.0
6859,E,A,4,d,"(1, 4, 9)",V,A,C#,d,857.375,405.0
6860,E,A,4,d,"(1, 4, 9)",V,A,C#,d,857.5,405.0
6861,E,A,4,d,"(1, 4, 9)",V,A,C#,d,857.625,405.0
6862,E,A,4,d,"(1, 4, 9)",V,A,C#,d,857.75,405.0
6863,E,A,4,d,"(1, 4, 9)",V,A,C#,d,857.875,405.0
6864,D,A,0,d,"(2, 5, 8, 11)",viio7,D,D,d,858.0,405.0
6865,D,A,1,d,"(2, 5, 8, 11)",viio7,D,D,d,858.125,405.0
6866,D,A,2,d,"(2, 5, 8, 11)",viio7,D,D,d,858.25,405.0
6867,D,A,2,d,"(2, 5, 8, 11)",viio7,D,D,d,858.375,405.0
6868,D,A,3,d,"(2, 5, 8, 11)",viio7,D,D,d,858.5,405.0
6869,D,A,3,d,"(2, 5, 8, 11)",viio7,D,D,d,858.625,405.0
6870,D,A,3,d,"(2, 5, 8, 11)",viio7,D,D,d,858.75,405.0
6871,D,A,3,d,"(2, 5, 8, 11)",viio7,D,D,d,858.875,405.0
6872,E,A,0,d,"(1, 4, 9)",V,A,C#,d,859.0,406.0
6873,E,A,1,d,"(1, 4, 9)",V,A,C#,d,859.125,406.0
6874,E,A,2,d,"(1, 4, 9)",V,A,C#,d,859.25,406.0
6875,E,A,2,d,"(1, 4, 9)",V,A,C#,d,859.375,406.0
6876,E,A,3,d,"(1, 4, 9)",V,A,C#,d,859.5,406.0
6877,E,A,3,d,"(1, 4, 9)",V,A,C#,d,859.625,406.0
6878,E,A,3,d,"(1, 4, 9)",V,A,C#,d,859.75,406.0
6879,E,A,3,d,"(1, 4, 9)",V,A,C#,d,859.875,406.0
6880,E,A,4,d,"(1, 4, 9)",V,A,C#,d,860.0,406.0
6881,E,A,4,d,"(1, 4, 9)",V,A,C#,d,860.125,406.0
6882,E,A,4,d,"(1, 4, 9)",V,A,C#,d,860.25,406.0
6883,E,A,4,d,"(1, 4, 9)",V,A,C#,d,860.375,406.0
6884,E,A,4,d,"(1, 4, 9)",V,A,C#,d,860.5,406.0
6885,E,A,4,d,"(1, 4, 9)",V,A,C#,d,860.625,406.0
6886,E,A,4,d,"(1, 4, 9)",V,A,C#,d,860.75,406.0
6887,E,A,4,d,"(1, 4, 9)",V,A,C#,d,860.875,406.0
6888,D,A,0,d,"(2, 5, 8, 11)",viio7,D,D,d,861.0,406.0
6889,D,A,1,d,"(2, 5, 8, 11)",viio7,D,D,d,861.125,406.0
6890,D,A,2,d,"(2, 5, 8, 11)",viio7,D,D,d,861.25,406.0
6891,D,A,2,d,"(2, 5, 8, 11)",viio7,D,D,d,861.375,406.0
6892,D,A,3,d,"(2, 5, 8, 11)",viio7,D,D,d,861.5,406.0
6893,D,A,3,d,"(2, 5, 8, 11)",viio7,D,D,d,861.625,406.0
6894,D,A,3,d,"(2, 5, 8, 11)",viio7,D,D,d,861.75,406.0
6895,D,A,3,d,"(2, 5, 8, 11)",viio7,D,D,d,861.875,406.0
6896,E,A,0,d,"(1, 4, 9)",V,A,C#,d,862.0,407.0
6897,E,A,1,d,"(1, 4, 9)",V,A,C#,d,862.125,407.0
6898,E,A,2,d,"(1, 4, 9)",V,A,C#,d,862.25,407.0
6899,E,A,2,d,"(1, 4, 9)",V,A,C#,d,862.375,407.0
6900,E,A,3,d,"(1, 4, 9)",V,A,C#,d,862.5,407.0
6901,E,A,3,d,"(1, 4, 9)",V,A,C#,d,862.625,407.0
6902,E,A,3,d,"(1, 4, 9)",V,A,C#,d,862.75,407.0
6903,E,A,3,d,"(1, 4, 9)",V,A,C#,d,862.875,407.0
6904,E,A,4,d,"(1, 4, 9)",V,A,C#,d,863.0,407.0
6905,E,A,4,d,"(1, 4, 9)",V,A,C#,d,863.125,407.0
6906,E,A,4,d,"(1, 4, 9)",V,A,C#,d,863.25,407.0
6907,E,A,4,d,"(1, 4, 9)",V,A,C#,d,863.375,407.0
6908,E,A,4,d,"(1, 4, 9)",V,A,C#,d,863.5,407.0
6909,E,A,4,d,"(1, 4, 9)",V,A,C#,d,863.625,407.0
6910,E,A,4,d,"(1, 4, 9)",V,A,C#,d,863.75,407.0
6911,E,A,4,d,"(1, 4, 9)",V,A,C#,d,863.875,407.0
6912,D,A,0,d,"(2, 5, 8, 11)",viio7,D,D,d,864.0,407.0
6913,D,A,1,d,"(2, 5, 8, 11)",viio7,D,D,d,864.125,407.0
6914,D,A,2,d,"(2, 5, 8, 11)",viio7,D,D,d,864.25,407.0
6915,D,A,2,d,"(2, 5, 8, 11)",viio7,D,D,d,864.375,407.0
6916,D,A,3,d,"(2, 5, 8, 11)",viio7,D,D,d,864.5,407.0
6917,D,A,3,d,"(2, 5, 8, 11)",viio7,D,D,d,864.625,407.0
6918,D,A,3,d,"(2, 5, 8, 11)",viio7,D,D,d,864.75,407.0
6919,D,A,3,d,"(2, 5, 8, 11)",viio7,D,D,d,864.875,407.0
6920,E,A,0,d,"(1, 4, 9)",V,A,C#,d,865.0,408.0
6921,E,A,1,d,"(1, 4, 9)",V,A,C#,d,865.125,408.0
6922,E,A,2,d,"(1, 4, 9)",V,A,C#,d,865.25,408.0
6923,E,A,2,d,"(1, 4, 9)",V,A,C#,d,865.375,408.0
6924,E,A,3,d,"(1, 4, 9)",V,A,C#,d,865.5,408.0
6925,E,A,3,d,"(1, 4, 9)",V,A,C#,d,865.625,408.0
6926,E,A,3,d,"(1, 4, 9)",V,A,C#,d,865.75,408.0
6927,E,A,3,d,"(1, 4, 9)",V,A,C#,d,865.875,408.0
6928,E,A,4,d,"(1, 4, 9)",V,A,C#,d,866.0,408.0
6929,E,A,4,d,"(1, 4, 9)",V,A,C#,d,866.125,408.0
6930,E,A,4,d,"(1, 4, 9)",V,A,C#,d,866.25,408.0
6931,E,A,4,d,"(1, 4, 9)",V,A,C#,d,866.375,408.0
6932,E,A,4,d,"(1, 4, 9)",V,A,C#,d,866.5,408.0
6933,E,A,4,d,"(1, 4, 9)",V,A,C#,d,866.625,408.0
6934,E,A,4,d,"(1, 4, 9)",V,A,C#,d,866.75,408.0
6935,E,A,4,d,"(1, 4, 9)",V,A,C#,d,866.875,408.0
6936,D,A,0,d,"(2, 5, 8, 11)",viio7,D,D,d,867.0,408.0
6937,D,A,1,d,"(2, 5, 8, 11)",viio7,D,D,d,867.125,408.0
6938,D,A,2,d,"(2, 5, 8, 11)",viio7,D,D,d,867.25,408.0
6939,D,A,2,d,"(2, 5, 8, 11)",viio7,D,D,d,867.375,408.0
6940,D,A,3,d,"(2, 5, 8, 11)",viio7,D,D,d,867.5,408.0
6941,D,A,3,d,"(2, 5, 8, 11)",viio7,D,D,d,867.625,408.0
6942,D,A,3,d,"(2, 5, 8, 11)",viio7,D,D,d,867.75,408.0
6943,D,A,3,d,"(2, 5, 8, 11)",viio7,D,D,d,867.875,408.0
6944,E,A,0,d,"(1, 4, 9)",V,A,C#,d,868.0,409.0
6945,E,A,1,d,"(1, 4, 9)",V,A,C#,d,868.125,409.0
6946,E,A,2,d,"(1, 4, 9)",V,A,C#,d,868.25,409.0
6947,E,A,2,d,"(1, 4, 9)",V,A,C#,d,868.375,409.0
6948,E,A,3,d,"(1, 4, 9)",V,A,C#,d,868.5,409.0
6949,E,A,3,d,"(1, 4, 9)",V,A,C#,d,868.625,409.0
6950,E,A,3,d,"(1, 4, 9)",V,A,C#,d,868.75,409.0
6951,E,A,3,d,"(1, 4, 9)",V,A,C#,d,868.875,409.0
6952,E,A,4,d,"(1, 4, 9)",V,A,C#,d,869.0,409.0
6953,E,A,4,d,"(1, 4, 9)",V,A,C#,d,869.125,409.0
6954,E,A,4,d,"(1, 4, 9)",V,A,C#,d,869.25,409.0
6955,E,A,4,d,"(1, 4, 9)",V,A,C#,d,869.375,409.0
6956,E,A,4,d,"(1, 4, 9)",V,A,C#,d,869.5,409.0
6957,E,A,4,d,"(1, 4, 9)",V,A,C#,d,869.625,409.0
6958,E,A,4,d,"(1, 4, 9)",V,A,C#,d,869.75,409.0
6959,E,A,4,d,"(1, 4, 9)",V,A,C#,d,869.875,409.0
6960,E,A,5,d,"(1, 4, 9)",V,A,C#,d,870.0,409.0
6961,E,A,5,d,"(1, 4, 9)",V,A,C#,d,870.125,409.0
6962,E,A,5,d,"(1, 4, 9)",V,A,C#,d,870.25,409.0
6963,E,A,5,d,"(1, 4, 9)",V,A,C#,d,870.375,409.0
6964,E,A,5,d,"(1, 4, 9)",V,D,C#,d,870.5,409.0
6965,E,A,5,d,"(1, 4, 9)",V,D,C#,d,870.625,409.0
6966,E,A,5,d,"(1, 4, 9)",V,D,C#,d,870.75,409.0
6967,E,A,5,d,"(1, 4, 9)",V,D,C#,d,870.875,409.0
6968,E,A,0,d,"(1, 4, 9)",V,A,C#,A,871.0,410.0
6969,E,A,1,d,"(1, 4, 9)",V,A,C#,A,871.125,410.0
6970,E,A,2,d,"(1, 4, 9)",V,A,C#,A,871.25,410.0
6971,E,A,2,d,"(1, 4, 9)",V,A,C#,A,871.375,410.0
6972,E,A,3,d,"(1, 4, 9)",V,A,C#,A,871.5,410.0
6973,E,A,3,d,"(1, 4, 9)",V,A,C#,A,871.625,410.0
6974,E,A,3,d,"(1, 4, 9)",V,A,C#,A,871.75,410.0
6975,E,A,3,d,"(1, 4, 9)",V,A,C#,A,871.875,410.0
6976,E,A,4,d,"(1, 4, 9)",V,A,C#,A,872.0,410.0
6977,E,A,4,d,"(1, 4, 9)",V,A,C#,A,872.125,410.0
6978,E,A,4,d,"(1, 4, 9)",V,A,C#,A,872.25,410.0
6979,E,A,4,d,"(1, 4, 9)",V,A,C#,A,872.375,410.0
6980,E,A,4,d,"(1, 4, 9)",V,A,C#,A,872.5,410.0
6981,E,A,4,d,"(1, 4, 9)",V,A,C#,A,872.625,410.0
6982,E,A,4,d,"(1, 4, 9)",V,A,C#,A,872.75,410.0
6983,E,A,4,d,"(1, 4, 9)",V,A,C#,A,872.875,410.0
6984,E,A,5,d,"(1, 4, 9)",V,A,C#,d,873.0,410.0
6985,E,A,5,d,"(1, 4, 9)",V,A,C#,d,873.125,410.0
6986,E,A,5,d,"(1, 4, 9)",V,A,C#,d,873.25,410.0
6987,E,A,5,d,"(1, 4, 9)",V,A,C#,d,873.375,410.0
6988,E,A,5,d,"(1, 4, 9)",V,A,C#,d,873.5,410.0
6989,E,A,5,d,"(1, 4, 9)",V,A,C#,d,873.625,410.0
6990,E,A,5,d,"(1, 4, 9)",V,A,C#,d,873.75,410.0
6991,E,A,5,d,"(1, 4, 9)",V,A,C#,d,873.875,410.0
6992,D,G#,0,d,"(1, 4, 9)",V7,D,C#,d,874.0,411.0
6993,D,G#,1,d,"(1, 4, 9)",V7,D,C#,d,874.125,411.0
6994,D,G#,2,d,"(1, 4, 9)",V7,D,C#,d,874.25,411.0
6995,D,G#,2,d,"(1, 4, 9)",V7,D,C#,d,874.375,411.0
6996,D,G#,3,d,"(1, 4, 9)",V7,D,C#,d,874.5,411.0
6997,D,G#,3,d,"(1, 4, 9)",V7,D,C#,d,874.625,411.0
6998,D,G#,3,d,"(1, 4, 9)",V7,D,C#,d,874.75,411.0
6999,D,G#,3,d,"(1, 4, 9)",V7,D,C#,d,874.875,411.0
7000,E,A,4,d,"(1, 4, 9)",V,A,C#,d,875.0,411.0
7001,E,A,4,d,"(1, 4, 9)",V,A,C#,d,875.125,411.0
7002,E,A,4,d,"(1, 4, 9)",V,A,C#,d,875.25,411.0
7003,E,A,4,d,"(1, 4, 9)",V,A,C#,d,875.375,411.0
7004,E,A,4,d,"(1, 4, 9)",V,A,C#,d,875.5,411.0
7005,E,A,1,d,"(1, 4, 9)",V,A,C#,d,875.625,411.0
7006,E,A,4,d,"(1, 4, 9)",V,D,C#,d,875.75,411.0
7007,E,A,4,d,"(1, 4, 9)",V,D,C#,d,875.875,411.0
7008,D,A,3,d,"(1, 4, 9)",V,D,C#,d,876.0,411.0
7009,D,A,3,d,"(1, 4, 9)",V,D,C#,d,876.125,411.0
7010,D,A,3,d,"(1, 4, 9)",V,D,C#,d,876.25,411.0
7011,D,A,3,d,"(1, 4, 9)",V,D,C#,d,876.375,411.0
7012,D,G#,4,d,"(1, 4, 9)",V7,D,C#,d,876.5,411.0
7013,D,G#,4,d,"(1, 4, 9)",V,D,C#,d,876.625,411.0
7014,D,G#,4,d,"(1, 4, 9)",V,D,C#,d,876.75,411.0
7015,D,G#,4,d,"(1, 4, 9)",V,D,C#,d,876.875,411.0
7016,E,A,0,d,"(1, 4, 9)",V,A,C#,A,877.0,412.0
7017,E,A,1,d,"(1, 4, 9)",V,A,C#,A,877.125,412.0
7018,E,A,2,d,"(1, 4, 9)",V,A,C#,A,877.25,412.0
7019,E,A,2,d,"(1, 4, 9)",V,A,C#,A,877.375,412.0
7020,E,A,3,d,"(1, 4, 9)",V,A,C#,A,877.5,412.0
7021,E,A,3,d,"(1, 4, 9)",V,A,C#,A,877.625,412.0
7022,E,A,3,d,"(1, 4, 9)",V,A,C#,A,877.75,412.0
7023,E,A,3,d,"(1, 4, 9)",V,A,C#,A,877.875,412.0
7024,E,A,4,d,"(1, 4, 9)",V,D,C#,A,878.0,412.0
7025,E,A,4,d,"(1, 4, 9)",V,D,C#,A,878.125,412.0
7026,E,A,4,d,"(1, 4, 9)",V,D,C#,A,878.25,412.0
7027,E,A,4,d,"(1, 4, 9)",V,D,C#,A,878.375,412.0
7028,E,A,4,d,"(1, 4, 9)",V,D,C#,d,878.5,412.0
7029,E,A,4,d,"(1, 4, 9)",V,D,C#,d,878.625,412.0
7030,E,A,4,d,"(1, 4, 9)",V,D,C#,d,878.75,412.0
7031,E,A,4,d,"(1, 4, 9)",V,D,C#,d,878.875,412.0
7032,E,A,0,d,"(1, 4, 9)",V,A,C#,d,879.0,412.0
7033,E,A,1,d,"(1, 4, 9)",V,A,C#,d,879.125,412.0
7034,E,A,2,d,"(1, 4, 9)",V,A,C#,d,879.25,412.0
7035,E,A,2,d,"(1, 4, 9)",V,A,C#,d,879.375,412.0
7036,E,A,5,d,"(1, 4, 9)",V,A,C#,d,879.5,412.0
7037,E,A,5,d,"(1, 4, 9)",V,A,C#,d,879.625,412.0
7038,E,A,5,d,"(1, 4, 9)",V,A,C#,d,879.75,412.0
7039,E,A,3,d,"(1, 4, 9)",V,A,C#,d,879.875,412.0
7040,D,G#,0,D,"(2, 8, 11)",V,G#,B,a,880.0,413.0
7041,D,G#,1,D,"(2, 8, 11)",V,G#,B,a,880.125,413.0
7042,D,G#,2,D,"(2, 8, 11)",V,G#,B,a,880.25,413.0
7043,D,G#,2,D,"(2, 8, 11)",V,G#,B,a,880.375,413.0
7044,D,G#,3,D,"(2, 8, 11)",V,E,B,a,880.5,413.0
7045,D,G#,3,D,"(2, 8, 11)",V,E,B,a,880.625,413.0
7046,D,G#,3,D,"(2, 8, 11)",V,E,B,a,880.75,413.0
7047,D,G#,3,D,"(2, 8, 11)",V,E,B,a,880.875,413.0
7048,D,G#,4,D,"(2, 8, 11)",V,G#,B,a,881.0,413.0
7049,D,G#,4,D,"(2, 8, 11)",V,G#,B,a,881.125,413.0
7050,D,G#,4,D,"(2, 8, 11)",V,G#,B,a,881.25,413.0
7051,D,G#,4,D,"(2, 8, 11)",V,G#,B,a,881.375,413.0
7052,D,G#,4,D,"(2, 8, 11)",V,G#,B,a,881.5,413.0
7053,D,G#,4,D,"(2, 8, 11)",V,G#,B,a,881.625,413.0
7054,D,G#,4,D,"(2, 8, 11)",V,G#,B,a,881.75,413.0
7055,D,G#,4,D,"(2, 8, 11)",V,G#,B,a,881.875,413.0
7056,D,G#,5,D,"(2, 8, 11)",V,G#,B,a,882.0,413.0
7057,D,G#,5,D,"(2, 8, 11)",V,G#,B,a,882.125,413.0
7058,D,G#,5,D,"(2, 8, 11)",V,G#,B,a,882.25,413.0
7059,D,G#,5,D,"(2, 8, 11)",V,G#,B,a,882.375,413.0
7060,D,G#,5,D,"(2, 8, 11)",V,G#,B,a,882.5,413.0
7061,D,G#,5,D,"(2, 8, 11)",V,G#,B,a,882.625,413.0
7062,D,G#,5,D,"(2, 8, 11)",V,G#,B,a,882.75,413.0
7063,D,G#,5,D,"(2, 8, 11)",V,G#,B,a,882.875,413.0
7064,D,G#,0,D,"(2, 8, 11)",V,G#,B,a,883.0,414.0
7065,D,G#,1,D,"(2, 8, 11)",V,G#,B,G,883.125,414.0
7066,D,G#,2,D,"(2, 8, 11)",V,G#,B,G,883.25,414.0
7067,D,G#,2,D,"(2, 8, 11)",V,G#,B,G,883.375,414.0
7068,D,G#,3,D,"(2, 8, 11)",V,G#,B,G,883.5,414.0
7069,D,G#,3,D,"(2, 8, 11)",V,G#,B,G,883.625,414.0
7070,D,G#,3,D,"(2, 8, 11)",V,G#,B,G,883.75,414.0
7071,D,G#,3,D,"(2, 8, 11)",V,G#,B,G,883.875,414.0
7072,D,G#,4,D,"(2, 8, 11)",V,G#,B,G,884.0,414.0
7073,D,G#,4,D,"(2, 8, 11)",V,G#,B,G,884.125,414.0
7074,D,G#,4,D,"(2, 8, 11)",V,G#,B,G,884.25,414.0
7075,D,G#,4,D,"(2, 8, 11)",V,G#,B,G,884.375,414.0
7076,D,G#,4,D,"(2, 8, 11)",V,G#,B,G,884.5,414.0
7077,D,G#,4,D,"(2, 8, 11)",V,G#,B,G,884.625,414.0
7078,D,G#,4,D,"(2, 8, 11)",V,G#,B,G,884.75,414.0
7079,D,G#,4,D,"(2, 8, 11)",V,G#,B,G,884.875,414.0
7080,D,G#,5,D,"(2, 8, 11)",V,G#,B,G,885.0,414.0
7081,D,G#,5,D,"(2, 8, 11)",V,G#,B,G,885.125,414.0
7082,D,G#,5,D,"(2, 8, 11)",V,G#,B,G,885.25,414.0
7083,D,G#,5,D,"(2, 8, 11)",V,G#,B,G,885.375,414.0
7084,D,G#,5,D,"(2, 8, 11)",V,G#,B,G,885.5,414.0
7085,D,G#,5,D,"(2, 8, 11)",V,G#,B,G,885.625,414.0
7086,D,G#,5,D,"(2, 8, 11)",V,G#,B,G,885.75,414.0
7087,D,G#,5,D,"(2, 8, 11)",V,G#,B,G,885.875,414.0
7088,D,G,0,G,"(2, 7, 11)",I,G,B,G,886.0,415.0
7089,D,G,1,G,"(2, 7, 11)",I,G,B,G,886.125,415.0
7090,D,G,2,G,"(2, 7, 11)",I,G,B,G,886.25,415.0
7091,D,G,2,G,"(2, 7, 11)",I,G,B,G,886.375,415.0
7092,D,G,3,G,"(2, 7, 11)",I,G,B,G,886.5,415.0
7093,D,G,3,G,"(2, 7, 11)",I,G,B,G,886.625,415.0
7094,D,G,3,G,"(2, 7, 11)",I,G,B,G,886.75,415.0
7095,D,G,3,G,"(2, 7, 11)",I,G,B,G,886.875,415.0
7096,D,G,4,G,"(2, 7, 11)",I,G,B,G,887.0,415.0
7097,D,G,4,G,"(2, 7, 11)",I,G,B,G,887.125,415.0
7098,D,G,4,G,"(2, 7, 11)",I,G,B,G,887.25,415.0
7099,D,G,4,G,"(2, 7, 11)",I,G,B,G,887.375,415.0
7100,D,G,4,G,"(2, 7, 11)",I,G,B,G,887.5,415.0
7101,D,G,4,G,"(2, 7, 11)",I,G,B,G,887.625,415.0
7102,D,G,4,G,"(2, 7, 11)",I,G,B,G,887.75,415.0
7103,D,G,4,G,"(2, 7, 11)",I,G,B,G,887.875,415.0
7104,D,G,5,G,"(2, 7, 11)",I,G,B,G,888.0,415.0
7105,D,G,5,G,"(2, 7, 11)",I,G,B,G,888.125,415.0
7106,D,G,5,G,"(2, 7, 11)",I,G,B,G,888.25,415.0
7107,D,G,5,G,"(2, 7, 11)",I,G,B,G,888.375,415.0
7108,D,G,5,G,"(2, 7, 11)",I,G,B,G,888.5,415.0
7109,D,G,5,G,"(2, 7, 11)",I,G,B,G,888.625,415.0
7110,D,G,5,G,"(2, 7, 11)",I,G,B,G,888.75,415.0
7111,D,G,5,G,"(2, 7, 11)",I,G,B,G,888.875,415.0
7112,D,G,0,G,"(2, 7, 11)",I,G,B,G,889.0,416.0
7113,D,G,1,G,"(2, 7, 11)",I,G,B,G,889.125,416.0
7114,D,G,2,G,"(2, 7, 11)",I,G,B,G,889.25,416.0
7115,D,G,2,G,"(2, 7, 11)",I,G,B,G,889.375,416.0
7116,D,G,3,G,"(2, 7, 11)",I,G,B,G,889.5,416.0
7117,D,G,3,G,"(2, 7, 11)",I,G,B,G,889.625,416.0
7118,D,G,3,G,"(2, 7, 11)",I,G,B,G,889.75,416.0
7119,D,G,3,G,"(2, 7, 11)",I,G,B,G,889.875,416.0
7120,D,G,4,G,"(2, 7, 11)",I,G,B,G,890.0,416.0
7121,D,G,4,G,"(2, 7, 11)",I,G,B,G,890.125,416.0
7122,D,G,4,G,"(2, 7, 11)",I,G,B,G,890.25,416.0
7123,D,G,4,G,"(2, 7, 11)",I,G,B,G,890.375,416.0
7124,D,G,4,G,"(2, 7, 11)",I,G,B,G,890.5,416.0
7125,D,G,4,G,"(2, 7, 11)",I,G,B,G,890.625,416.0
7126,D,G,4,G,"(2, 7, 11)",I,G,B,G,890.75,416.0
7127,D,G,4,G,"(2, 7, 11)",I,G,B,G,890.875,416.0
7128,D,G,5,G,"(2, 7, 11)",I,G,B,G,891.0,416.0
7129,D,G,5,G,"(2, 7, 11)",I,G,B,G,891.125,416.0
7130,D,G,5,G,"(2, 7, 11)",I,G,B,G,891.25,416.0
7131,D,G,5,G,"(2, 7, 11)",I,G,B,G,891.375,416.0
7132,D,G,5,G,"(2, 7, 11)",I,G,B,G,891.5,416.0
7133,D,G,5,G,"(2, 7, 11)",I,G,B,G,891.625,416.0
7134,D,G,5,G,"(2, 7, 11)",I,G,B,G,891.75,416.0
7135,D,G,5,G,"(2, 7, 11)",I,G,B,G,891.875,416.0
7136,D,F#,0,D,"(0, 2, 6, 9)",V7,D,A,G,892.0,417.0
7137,D,F#,1,D,"(0, 2, 6, 9)",V7,D,A,G,892.125,417.0
7138,D,F#,2,D,"(0, 2, 6, 9)",V7,D,A,G,892.25,417.0
7139,D,F#,2,D,"(0, 2, 6, 9)",V7,D,A,G,892.375,417.0
7140,D,F#,3,D,"(0, 2, 6, 9)",V7,D,A,G,892.5,417.0
7141,D,F#,3,D,"(0, 2, 6, 9)",V7,D,A,G,892.625,417.0
7142,D,F#,3,D,"(0, 2, 6, 9)",V7,D,A,G,892.75,417.0
7143,D,F#,3,D,"(0, 2, 6, 9)",V7,D,A,G,892.875,417.0
7144,F#,F#,4,D,"(0, 2, 6, 9)",V7,D,A,G,893.0,417.0
7145,F#,F#,4,D,"(0, 2, 6, 9)",V7,D,A,G,893.125,417.0
7146,F#,F#,4,D,"(0, 2, 6, 9)",V7,D,A,G,893.25,417.0
7147,F#,F#,4,D,"(0, 2, 6, 9)",V7,D,A,G,893.375,417.0
7148,F#,F#,4,D,"(0, 2, 6, 9)",V7,A,A,G,893.5,417.0
7149,F#,F#,4,D,"(0, 2, 6, 9)",V7,A,A,G,893.625,417.0
7150,F#,F#,4,D,"(0, 2, 6, 9)",V7,A,A,G,893.75,417.0
7151,F#,F#,4,D,"(0, 2, 6, 9)",V7,A,A,G,893.875,417.0
7152,G,B,0,D,"(2, 7, 11)",I,G,D,D,894.0,418.0
7153,G,B,1,D,"(2, 7, 11)",I,G,D,D,894.125,418.0
7154,G,B,2,D,"(2, 7, 11)",I,G,D,D,894.25,418.0
7155,G,B,2,D,"(2, 7, 11)",I,G,D,D,894.375,418.0
7156,G,B,3,D,"(2, 7, 11)",I,G,D,D,894.5,418.0
7157,G,B,3,D,"(2, 7, 11)",I,G,D,D,894.625,418.0
7158,G,B,3,D,"(2, 7, 11)",I,G,D,D,894.75,418.0
7159,G,B,3,D,"(2, 7, 11)",I,G,D,D,894.875,418.0
7160,F#,D,0,D,"(2, 6, 9)",I,D,D,D,895.0,418.0
7161,F#,D,1,D,"(2, 6, 9)",I,D,D,D,895.125,418.0
7162,F#,D,2,D,"(2, 6, 9)",I,D,D,D,895.25,418.0
7163,F#,D,2,D,"(2, 6, 9)",I,D,D,D,895.375,418.0
7164,F#,D,3,D,"(2, 6, 9)",I,D,D,D,895.5,418.0
7165,F#,D,3,D,"(2, 6, 9)",I,D,D,D,895.625,418.0
7166,F#,D,3,D,"(2, 6, 9)",I,D,D,D,895.75,418.0
7167,F#,D,3,D,"(2, 6, 9)",I,D,D,D,895.875,418.0
7168,D,G,0,D,"(2, 4, 7, 11)",ii7,E,B,D,896.0,419.0
7169,D,G,1,D,"(2, 4, 7, 11)",ii7,E,B,D,896.125,419.0
7170,D,G,2,D,"(2, 4, 7, 11)",ii7,E,B,D,896.25,419.0
7171,D,G,2,D,"(2, 4, 7, 11)",ii7,E,B,D,896.375,419.0
7172,D,G,3,D,"(2, 7, 11)",ii7,E,B,D,896.5,419.0
7173,D,G,3,D,"(2, 7, 11)",ii7,E,B,D,896.625,419.0
7174,D,G,3,D,"(2, 7, 11)",ii7,E,B,D,896.75,419.0
7175,D,G,3,D,"(2, 7, 11)",ii7,E,B,D,896.875,419.0
7176,D,G,0,D,"(4, 7, 11)",ii,E,B,D,897.0,419.0
7177,D,G,1,D,"(4, 7, 11)",ii,E,B,D,897.125,419.0
7178,D,G,2,D,"(4, 7, 11)",ii,E,B,D,897.25,419.0
7179,D,G,2,D,"(4, 7, 11)",ii,E,B,D,897.375,419.0
7180,D,G,4,D,"(2, 7, 11)",ii,E,B,D,897.5,419.0
7181,D,G,4,D,"(2, 7, 11)",ii,E,B,D,897.625,419.0
7182,D,G,4,D,"(2, 7, 11)",ii,E,B,D,897.75,419.0
7183,D,G,4,D,"(2, 7, 11)",ii,E,B,D,897.875,419.0
7184,A,C#,0,D,"(1, 4, 9)",V,A,E,D,898.0,420.0
7185,A,C#,1,D,"(1, 4, 9)",V,A,E,D,898.125,420.0
7186,A,C#,2,D,"(1, 4, 9)",V,A,E,D,898.25,420.0
7187,A,C#,2,D,"(1, 4, 9)",V,A,E,D,898.375,420.0
7188,A,C#,3,D,"(1, 4, 9)",V,A,E,D,898.5,420.0
7189,A,C#,3,D,"(1, 4, 9)",V,A,E,D,898.625,420.0
7190,A,C#,3,D,"(1, 4, 9)",V,A,E,D,898.75,420.0
7191,A,C#,3,D,"(1, 4, 9)",V,A,E,D,898.875,420.0
7192,A,A,0,D,"(1, 4, 9)",V,A,E,D,899.0,420.0
7193,A,A,1,D,"(1, 4, 9)",V,A,E,D,899.125,420.0
7194,A,A,2,D,"(1, 4, 9)",V,A,E,D,899.25,420.0
7195,A,A,2,D,"(1, 4, 9)",V,A,E,D,899.375,420.0
7196,A,A,3,D,"(1, 4, 9)",V,A,E,D,899.5,420.0
7197,A,A,3,D,"(1, 4, 9)",V,A,E,D,899.625,420.0
7198,A,A,3,D,"(1, 4, 9)",V,A,E,D,899.75,420.0
7199,E,A,3,D,"(1, 4, 9)",V,A,E,D,899.875,420.0
7200,A,F#,0,D,"(2, 6, 9)",I,D,A,D,900.0,421.0
7201,A,F#,1,D,"(2, 6, 9)",I,D,A,D,900.125,421.0
7202,A,F#,2,D,"(2, 6, 9)",I,D,A,D,900.25,421.0
7203,A,F#,2,D,"(2, 6, 9)",I,D,A,D,900.375,421.0
7204,A,F#,3,D,"(2, 6, 9)",I,D,A,G,900.5,421.0
7205,A,F#,3,D,"(2, 6, 9)",I,D,A,G,900.625,421.0
7206,A,F#,3,D,"(2, 6, 9)",I,D,A,G,900.75,421.0
7207,A,F#,3,D,"(2, 6, 9)",I,D,A,G,900.875,421.0
7208,A,F#,4,D,"(2, 6, 9)",I,D,A,G,901.0,421.0
7209,A,F#,4,D,"(2, 6, 9)",I,D,A,G,901.125,421.0
7210,A,F#,4,D,"(2, 6, 9)",I,D,A,G,901.25,421.0
7211,A,F#,4,D,"(2, 6, 9)",I,D,A,G,901.375,421.0
7212,A,C,0,D,"(0, 2, 6, 9)",V7,A,A,G,901.5,421.0
7213,A,C,4,D,"(0, 2, 6, 9)",V7,A,A,G,901.625,421.0
7214,A,C,4,D,"(0, 2, 6, 9)",V7,A,A,G,901.75,421.0
7215,A,C,4,D,"(0, 2, 6, 9)",V7,A,A,G,901.875,421.0
7216,G,B,0,D,"(2, 7, 11)",IV,G,D,D,902.0,422.0
7217,G,B,1,D,"(2, 7, 11)",IV,G,D,D,902.125,422.0
7218,G,B,2,D,"(2, 7, 11)",IV,G,D,D,902.25,422.0
7219,G,B,2,D,"(2, 7, 11)",IV,G,D,D,902.375,422.0
7220,G,B,3,D,"(2, 7, 11)",IV,G,D,D,902.5,422.0
7221,G,B,3,D,"(2, 7, 11)",IV,G,D,D,902.625,422.0
7222,G,B,3,D,"(2, 7, 11)",IV,G,D,D,902.75,422.0
7223,G,B,3,D,"(2, 7, 11)",IV,G,D,D,902.875,422.0
7224,F#,A,0,D,"(2, 6, 9)",I,D,D,D,903.0,422.0
7225,F#,A,1,D,"(2, 6, 9)",I,D,D,D,903.125,422.0
7226,F#,A,2,D,"(2, 6, 9)",I,D,D,D,903.25,422.0
7227,F#,A,2,D,"(2, 6, 9)",I,D,D,D,903.375,422.0
7228,F#,D,3,D,"(2, 6, 9)",I,D,D,D,903.5,422.0
7229,F#,D,3,D,"(2, 6, 9)",I,D,D,D,903.625,422.0
7230,F#,D,3,D,"(2, 6, 9)",I,D,D,D,903.75,422.0
7231,F#,D,3,D,"(2, 6, 9)",I,D,D,D,903.875,422.0
7232,E,G,0,D,"(4, 7, 11)",IV,E,B,D,904.0,423.0
7233,E,G,1,D,"(4, 7, 11)",ii,E,B,D,904.125,423.0
7234,E,G,2,D,"(4, 7, 11)",ii,E,B,D,904.25,423.0
7235,E,G,2,D,"(4, 7, 11)",ii,E,B,D,904.375,423.0
7236,E,G,3,D,"(4, 7, 11)",ii,E,B,D,904.5,423.0
7237,E,G,3,D,"(4, 7, 11)",ii,E,B,D,904.625,423.0
7238,E,G,3,D,"(4, 7, 11)",ii,E,B,D,904.75,423.0
7239,E,G,3,D,"(4, 7, 11)",ii,E,B,D,904.875,423.0
7240,C#,E,0,D,"(4, 7, 11)",viiø7,E,G,D,905.0,423.0
7241,C#,E,1,D,"(4, 7, 11)",viiø7,E,G,D,905.125,423.0
7242,C#,E,2,D,"(4, 7, 11)",viiø7,E,G,D,905.25,423.0
7243,C#,E,2,D,"(4, 7, 11)",viiø7,E,G,D,905.375,423.0
7244,C#,E,3,D,"(1, 4, 7)",viiø7,E,G,D,905.5,423.0
7245,C#,E,3,D,"(1, 4, 7)",viiø7,E,G,D,905.625,423.0
7246,C#,E,3,D,"(1, 4, 7)",viiø7,E,G,D,905.75,423.0
7247,C#,E,3,D,"(1, 4, 7)",viiø7,E,G,D,905.875,423.0
7248,D,F#,0,D,"(2, 6, 9)",I,D,A,D,906.0,424.0
7249,D,F#,1,D,"(2, 6, 9)",I,D,A,D,906.125,424.0
7250,D,F#,2,D,"(2, 6, 9)",I,D,A,D,906.25,424.0
7251,D,F#,2,D,"(2, 6, 9)",I,D,A,D,906.375,424.0
7252,D,F#,3,D,"(2, 6, 9)",I,D,A,D,906.5,424.0
7253,D,F#,3,D,"(2, 6, 9)",I,D,A,D,906.625,424.0
7254,D,F#,3,D,"(2, 6, 9)",I,D,A,D,906.75,424.0
7255,D,F#,3,D,"(2, 6, 9)",I,D,A,D,906.875,424.0
7256,D,F#,4,D,"(2, 6, 9)",I,D,A,D,907.0,424.0
7257,D,F#,4,D,"(2, 6, 9)",I,D,A,D,907.125,424.0
7258,D,F#,4,D,"(2, 6, 9)",I,D,A,D,907.25,424.0
7259,D,F#,4,D,"(2, 6, 9)",I,D,A,D,907.375,424.0
7260,D,F#,4,D,"(2, 6, 9)",I,D,A,D,907.5,424.0
7261,D,F#,4,D,"(2, 6, 9)",I,D,A,D,907.625,424.0
7262,D,F#,4,D,"(2, 6, 9)",I,D,A,D,907.75,424.0
7263,D,F#,4,D,"(2, 6, 9)",I,D,A,D,907.875,424.0
7264,D,F#,0,D,"(2, 6, 9)",I,D,F#,D,908.0,425.0
7265,A,F#,1,D,"(2, 6, 9)",I,D,F#,D,908.125,425.0
7266,A,F#,2,D,"(2, 6, 9)",I,D,F#,D,908.25,425.0
7267,A,F#,2,D,"(2, 6, 9)",I,D,F#,D,908.375,425.0
7268,A,F#,3,D,"(2, 6, 9)",I,D,F#,D,908.5,425.0
7269,A,F#,3,D,"(2, 6, 9)",I,D,F#,D,908.625,425.0
7270,A,F#,3,D,"(2, 6, 9)",I,D,F#,D,908.75,425.0
7271,A,F#,3,D,"(2, 6, 9)",I,D,F#,D,908.875,425.0
7272,A,F#,4,D,"(2, 6, 9)",I,D,F#,D,909.0,425.0
7273,A,F#,4,D,"(2, 6, 9)",I,D,F#,D,909.125,425.0
7274,A,F#,4,D,"(2, 6, 9)",I,D,F#,D,909.25,425.0
7275,A,F#,4,D,"(2, 6, 9)",I,D,F#,D,909.375,425.0
7276,A,F#,4,D,"(2, 6, 9)",I,D,F#,D,909.5,425.0
7277,A,D,4,D,"(2, 6, 9)",I,D,F#,D,909.625,425.0
7278,A,D,4,D,"(2, 6, 9)",I,D,F#,D,909.75,425.0
7279,A,D,4,D,"(2, 6, 9)",I,D,F#,D,909.875,425.0
7280,B,D,0,D,"(2, 7, 11)",IV,G,G,D,910.0,426.0
7281,B,D,1,D,"(2, 7, 11)",IV,G,F#,D,910.125,426.0
7282,B,D,2,D,"(2, 7, 11)",IV,G,F#,D,910.25,426.0
7283,B,D,2,D,"(2, 7, 11)",IV,G,F#,D,910.375,426.0
7284,A,D,3,D,"(2, 7, 11)",I,G,F#,D,910.5,426.0
7285,A,D,3,D,"(2, 7, 11)",I,G,F#,D,910.625,426.0
7286,A,D,3,D,"(2, 7, 11)",I,G,F#,D,910.75,426.0
7287,A,D,3,D,"(2, 7, 11)",I,G,F#,D,910.875,426.0
7288,A,D,0,D,"(2, 6, 9)",I,D,F#,D,911.0,426.0
7289,A,D,1,D,"(2, 6, 9)",I,D,F#,D,911.125,426.0
7290,A,D,2,D,"(2, 6, 9)",I,D,F#,D,911.25,426.0
7291,A,D,2,D,"(2, 6, 9)",I,D,F#,D,911.375,426.0
7292,A,D,3,D,"(2, 6, 9)",I,D,F#,D,911.5,426.0
7293,A,D,3,D,"(2, 6, 9)",I,D,F#,D,911.625,426.0
7294,A,D,3,D,"(2, 6, 9)",I,D,F#,D,911.75,426.0
7295,A,D,3,D,"(2, 6, 9)",I,D,F#,D,911.875,426.0
7296,G,D,0,D,"(2, 4, 7, 11)",ii7,G,G,D,912.0,427.0
7297,G,D,1,D,"(2, 4, 7, 11)",ii7,G,G,D,912.125,427.0
7298,G,D,2,D,"(2, 4, 7, 11)",ii7,G,G,D,912.25,427.0
7299,G,D,2,D,"(2, 4, 7, 11)",ii7,G,G,D,912.375,427.0
7300,G,D,3,D,"(2, 4, 7, 11)",ii7,G,G,D,912.5,427.0
7301,G,D,3,D,"(2, 4, 7, 11)",ii7,G,G,D,912.625,427.0
7302,G,D,3,D,"(2, 4, 7, 11)",ii7,G,G,D,912.75,427.0
7303,G,D,3,D,"(2, 4, 7, 11)",ii7,G,G,D,912.875,427.0
7304,G,D,4,D,"(1, 4, 7)",ii,G,E,D,913.0,427.0
7305,G,D,4,D,"(1, 4, 7)",viio,G,E,D,913.125,427.0
7306,G,D,4,D,"(1, 4, 7)",viio,G,E,D,913.25,427.0
7307,G,D,4,D,"(1, 4, 7)",viio,G,E,D,913.375,427.0
7308,G,D,4,D,"(1, 4, 7)",viio,G,E,D,913.5,427.0
7309,G,D,4,D,"(1, 4, 7)",viio,G,E,D,913.625,427.0
7310,G,D,4,D,"(1, 4, 7)",viio,G,E,D,913.75,427.0
7311,G,D,4,D,"(1, 4, 7)",viio,G,E,D,913.875,427.0
7312,A,D,0,D,"(1, 4, 9)",V,A,E,D,914.0,428.0
7313,A,D,1,D,"(1, 4, 9)",V,A,E,D,914.125,428.0
7314,A,D,2,D,"(1, 4, 9)",V,A,E,D,914.25,428.0
7315,A,D,2,D,"(1, 4, 9)",V,A,E,D,914.375,428.0
7316,A,D,3,D,"(1, 4, 9)",V,A,E,D,914.5,428.0
7317,A,D,3,D,"(1, 4, 9)",V,A,E,D,914.625,428.0
7318,A,D,3,D,"(1, 4, 9)",V,A,E,D,914.75,428.0
7319,A,D,3,D,"(1, 4, 9)",V,A,E,D,914.875,428.0
7320,A,D,4,D,"(2, 6, 9)",V,D,E,D,915.0,428.0
7321,A,D,4,D,"(2, 6, 9)",V,D,E,D,915.125,428.0
7322,A,D,4,D,"(2, 6, 9)",V,D,E,D,915.25,428.0
7323,A,D,4,D,"(2, 6, 9)",V,D,E,D,915.375,428.0
7324,A,D,4,D,"(1, 4, 9)",V,D,E,D,915.5,428.0
7325,A,D,4,D,"(1, 4, 9)",V,D,E,D,915.625,428.0
7326,A,D,4,D,"(1, 4, 9)",V,D,E,D,915.75,428.0
7327,A,D,4,D,"(1, 4, 9)",V,D,E,D,915.875,428.0
7328,A,D,0,D,"(2, 6, 9)",I,D,F#,D,916.0,429.0
7329,A,D,1,D,"(2, 6, 9)",I,D,F#,D,916.125,429.0
7330,A,D,2,D,"(2, 6, 9)",I,D,F#,D,916.25,429.0
7331,A,D,2,D,"(2, 6, 9)",I,D,F#,D,916.375,429.0
7332,A,D,3,D,"(2, 6, 9)",I,D,F#,D,916.5,429.0
7333,A,D,3,D,"(2, 6, 9)",I,D,F#,D,916.625,429.0
7334,A,D,3,D,"(2, 6, 9)",I,D,F#,D,916.75,429.0
7335,A,D,3,D,"(2, 6, 9)",I,D,F#,D,916.875,429.0
7336,A,D,4,D,"(2, 6, 9)",I,D,F#,D,917.0,429.0
7337,A,D,4,D,"(2, 6, 9)",I,D,F#,D,917.125,429.0
7338,A,D,4,D,"(2, 6, 9)",I,D,F#,D,917.25,429.0
7339,A,D,4,D,"(2, 6, 9)",I,D,F#,D,917.375,429.0
7340,A,D,4,D,"(2, 6, 9)",I,D,F#,D,917.5,429.0
7341,A,D,4,D,"(2, 6, 9)",I,D,F#,D,917.625,429.0
7342,A,D,4,D,"(2, 6, 9)",I,D,F#,D,917.75,429.0
7343,A,D,4,D,"(2, 6, 9)",I,D,F#,D,917.875,429.0
7344,B,D,0,D,"(2, 7, 11)",IV,G,G,D,918.0,430.0
7345,B,D,1,D,"(2, 7, 11)",IV,G,G,D,918.125,430.0
7346,B,D,2,D,"(2, 7, 11)",IV,G,G,D,918.25,430.0
7347,B,D,2,D,"(2, 7, 11)",IV,G,G,D,918.375,430.0
7348,A,D,3,D,"(2, 7, 11)",IV,G,F#,D,918.5,430.0
7349,A,D,3,D,"(2, 7, 11)",IV,G,F#,D,918.625,430.0
7350,A,D,3,D,"(2, 6, 9)",IV,G,F#,D,918.75,430.0
7351,A,D,3,D,"(2, 6, 9)",IV,G,F#,D,918.875,430.0
7352,A,D,0,D,"(2, 6, 9)",I,D,F#,D,919.0,430.0
7353,A,D,1,D,"(2, 6, 9)",I,D,F#,D,919.125,430.0
7354,A,D,2,D,"(2, 6, 9)",I,D,F#,D,919.25,430.0
7355,A,D,2,D,"(2, 6, 9)",I,D,F#,D,919.375,430.0
7356,A,D,3,D,"(2, 6, 9)",I,D,F#,D,919.5,430.0
7357,A,D,3,D,"(2, 6, 9)",I,D,F#,D,919.625,430.0
7358,A,D,3,D,"(2, 6, 9)",I,D,F#,D,919.75,430.0
7359,A,D,3,D,"(2, 6, 9)",I,D,F#,D,919.875,430.0
7360,G,D,0,D,"(2, 4, 7, 11)",ii,G,E,D,920.0,431.0
7361,G,D,1,D,"(2, 4, 7, 11)",ii,G,E,D,920.125,431.0
7362,G,D,2,D,"(2, 4, 7, 11)",ii,G,E,D,920.25,431.0
7363,G,D,2,D,"(2, 4, 7, 11)",ii,G,E,D,920.375,431.0
7364,G,D,3,D,"(2, 4, 7, 11)",ii,G,E,D,920.5,431.0
7365,G,D,3,D,"(2, 4, 7, 11)",ii,G,E,D,920.625,431.0
7366,G,D,3,D,"(2, 4, 7, 11)",ii,G,E,D,920.75,431.0
7367,G,D,3,D,"(2, 4, 7, 11)",ii,G,E,D,920.875,431.0
7368,E,D,4,D,"(1, 4, 7)",V7,G,E,D,921.0,431.0
7369,E,C#,4,D,"(1, 4, 7)",V7,G,E,D,921.125,431.0
7370,E,C#,4,D,"(1, 4, 7)",V7,G,E,D,921.25,431.0
7371,E,C#,4,D,"(1, 4, 7)",V7,G,E,D,921.375,431.0
7372,E,C#,4,D,"(1, 4, 7)",V7,G,E,D,921.5,431.0
7373,E,C#,4,D,"(1, 4, 7)",V7,G,E,D,921.625,431.0
7374,E,C#,4,D,"(1, 4, 7)",V7,G,E,D,921.75,431.0
7375,E,C#,4,D,"(1, 4, 7)",V7,G,E,D,921.875,431.0
7376,A,D,0,D,"(2, 6, 9)",I,D,F#,D,922.0,432.0
7377,A,D,1,D,"(2, 6, 9)",I,D,F#,D,922.125,432.0
7378,A,D,2,D,"(2, 6, 9)",I,D,F#,D,922.25,432.0
7379,A,D,2,D,"(2, 6, 9)",I,D,F#,D,922.375,432.0
7380,A,D,3,D,"(2, 6, 9)",I,D,F#,D,922.5,432.0
7381,A,D,3,D,"(2, 6, 9)",I,D,F#,D,922.625,432.0
7382,A,D,3,D,"(2, 6, 9)",I,D,F#,D,922.75,432.0
7383,A,D,3,D,"(2, 6, 9)",I,D,F#,D,922.875,432.0
7384,A,D,4,D,"(2, 6, 9)",I,D,F#,D,923.0,432.0
7385,A,D,4,D,"(2, 6, 9)",I,D,F#,D,923.125,432.0
7386,A,D,4,D,"(2, 6, 9)",I,D,F#,D,923.25,432.0
7387,A,D,4,D,"(2, 6, 9)",I,D,F#,D,923.375,432.0
7388,A,D,4,D,"(2, 6, 9)",I,D,F#,D,923.5,432.0
7389,A,D,4,D,"(2, 6, 9)",I,D,F#,D,923.625,432.0
7390,A,D,4,D,"(2, 6, 9)",I,D,F#,D,923.75,432.0
7391,A,D,4,D,"(2, 6, 9)",I,D,F#,D,923.875,432.0
7392,A,D,0,D,"(2, 5, 9)",I,D,F,B-,924.0,433.0
7393,A,D,1,D,"(2, 5, 9)",I,D,F,B-,924.125,433.0
7394,A,D,2,D,"(2, 5, 9)",I,D,F,B-,924.25,433.0
7395,A,D,2,D,"(2, 5, 9)",I,D,F,B-,924.375,433.0
7396,A,D,3,D,"(2, 5, 9)",I,D,F,B-,924.5,433.0
7397,A,D,3,D,"(2, 5, 9)",I,D,F,B-,924.625,433.0
7398,A,D,3,D,"(2, 5, 9)",I,D,F,B-,924.75,433.0
7399,A,D,3,D,"(2, 5, 9)",I,D,F,B-,924.875,433.0
7400,A,D,4,D,"(2, 5, 9)",I,D,F,B-,925.0,433.0
7401,A,D,4,D,"(2, 5, 9)",I,D,F,B-,925.125,433.0
7402,A,D,4,D,"(2, 5, 9)",I,D,F,B-,925.25,433.0
7403,A,D,4,D,"(2, 5, 9)",I,D,F,B-,925.375,433.0
7404,A,D,4,D,"(2, 5, 9)",V,D,F,B-,925.5,433.0
7405,A,D,4,D,"(2, 5, 9)",V,D,F,B-,925.625,433.0
7406,A,D,4,D,"(2, 5, 9)",V,D,F,B-,925.75,433.0
7407,A,D,4,D,"(2, 5, 9)",V,D,F,B-,925.875,433.0
7408,F,B-,0,B-,"(2, 5, 10)",I,B-,D,B-,926.0,434.0
7409,F,B-,1,B-,"(2, 5, 10)",I,B-,D,B-,926.125,434.0
7410,F,B-,2,B-,"(2, 5, 10)",I,B-,D,B-,926.25,434.0
7411,F,B-,2,B-,"(2, 5, 10)",I,B-,D,B-,926.375,434.0
7412,F,B-,3,B-,"(2, 5, 10)",I,B-,D,B-,926.5,434.0
7413,F,B-,3,B-,"(2, 5, 10)",I,B-,D,B-,926.625,434.0
7414,F,B-,3,B-,"(2, 5, 10)",I,B-,D,B-,926.75,434.0
7415,F,B-,3,B-,"(2, 5, 10)",I,B-,D,B-,926.875,434.0
7416,F,B-,4,B-,"(2, 5, 10)",I,B-,D,B-,927.0,434.0
7417,F,B-,4,B-,"(2, 5, 10)",I,B-,D,B-,927.125,434.0
7418,F,B-,4,B-,"(2, 5, 10)",I,B-,D,B-,927.25,434.0
7419,F,B-,4,B-,"(2, 5, 10)",I,B-,D,B-,927.375,434.0
7420,F,B-,0,B-,"(2, 5, 10)",V,B-,D,B-,927.5,434.0
7421,F,A,1,B-,"(2, 5, 10)",V,A,D,B-,927.625,434.0
7422,F,A,2,B-,"(2, 5, 10)",V,A,D,B-,927.75,434.0
7423,F,A,2,B-,"(2, 5, 10)",V,A,D,B-,927.875,434.0
7424,D,B-,0,g,"(2, 7, 10)",I,G,B-,B-,928.0,435.0
7425,D,G,1,B-,"(2, 7, 10)",i,G,B-,B-,928.125,435.0
7426,D,G,2,B-,"(2, 7, 10)",i,G,B-,B-,928.25,435.0
7427,D,G,2,B-,"(2, 7, 10)",i,G,B-,B-,928.375,435.0
7428,D,G,3,B-,"(2, 7, 10)",i,G,B-,B-,928.5,435.0
7429,D,G,3,B-,"(2, 7, 10)",i,G,B-,B-,928.625,435.0
7430,D,G,3,B-,"(2, 7, 10)",i,G,B-,B-,928.75,435.0
7431,D,G,3,B-,"(2, 7, 10)",i,G,B-,B-,928.875,435.0
7432,D,G,4,B-,"(2, 7, 10)",I,G,B-,B-,929.0,435.0
7433,D,G,4,B-,"(2, 7, 10)",I,G,B-,B-,929.125,435.0
7434,D,G,4,B-,"(2, 7, 10)",I,G,B-,B-,929.25,435.0
7435,D,G,4,B-,"(2, 7, 10)",I,G,B-,B-,929.375,435.0
7436,D,D,4,B-,"(2, 7, 10)",V,G,D,B-,929.5,435.0
7437,D,D,4,B-,"(2, 7, 10)",V,D,D,B-,929.625,435.0
7438,D,D,4,B-,"(2, 7, 10)",V,D,D,B-,929.75,435.0
7439,D,D,4,B-,"(2, 7, 10)",V,D,D,B-,929.875,435.0
7440,B-,E-,0,B-,"(3, 7, 10)",IV,E-,G,g,930.0,436.0
7441,B-,E-,1,B-,"(3, 7, 10)",IV,E-,G,B-,930.125,436.0
7442,B-,E-,2,B-,"(3, 7, 10)",IV,E-,G,B-,930.25,436.0
7443,B-,E-,2,B-,"(3, 7, 10)",IV,E-,G,B-,930.375,436.0
7444,B-,E-,3,B-,"(3, 7, 10)",IV,E-,G,B-,930.5,436.0
7445,B-,E-,3,B-,"(3, 7, 10)",IV,E-,G,B-,930.625,436.0
7446,B-,E-,3,B-,"(3, 7, 10)",IV,E-,G,B-,930.75,436.0
7447,B-,E-,3,B-,"(3, 7, 10)",IV,E-,G,B-,930.875,436.0
7448,B-,E-,4,B-,"(3, 7, 10)",IV,E-,G,g,931.0,436.0
7449,B-,E-,4,B-,"(3, 7, 10)",IV,E-,G,g,931.125,436.0
7450,B-,E-,4,B-,"(3, 7, 10)",IV,E-,G,g,931.25,436.0
7451,B-,E-,4,B-,"(3, 7, 10)",IV,E-,G,g,931.375,436.0
7452,B-,E-,4,B-,"(3, 7, 10)",I,E-,G,g,931.5,436.0
7453,B-,E-,4,B-,"(3, 7, 10)",I,G,G,g,931.625,436.0
7454,B-,E-,4,B-,"(3, 7, 10)",I,G,G,g,931.75,436.0
7455,B-,E-,4,B-,"(3, 7, 10)",I,G,G,g,931.875,436.0
7456,G,E-,0,B-,"(0, 3, 7)",IV,C,E-,B-,932.0,437.0
7457,G,E-,1,B-,"(0, 3, 7)",ii,C,E-,B-,932.125,437.0
7458,G,E-,2,B-,"(0, 3, 7)",ii,C,E-,B-,932.25,437.0
7459,G,E-,2,B-,"(0, 3, 7)",ii,C,E-,B-,932.375,437.0
7460,G,C,3,B-,"(0, 3, 7)",ii,C,E-,B-,932.5,437.0
7461,G,C,3,B-,"(0, 3, 7)",ii,C,E-,B-,932.625,437.0
7462,G,C,3,B-,"(0, 3, 7)",ii,C,E-,B-,932.75,437.0
7463,G,C,3,B-,"(0, 3, 7)",ii,C,E-,B-,932.875,437.0
7464,C,E-,4,B-,"(0, 3, 7)",ii,C,E-,B-,933.0,437.0
7465,C,E-,4,B-,"(0, 3, 7)",ii,C,E-,B-,933.125,437.0
7466,C,E-,4,B-,"(0, 3, 7)",ii,C,E-,B-,933.25,437.0
7467,C,E-,4,B-,"(0, 3, 7)",ii,C,E-,B-,933.375,437.0
7468,D,G,0,B-,"(2, 7, 10)",vi,G,B-,B-,933.5,437.0
7469,D,G,1,B-,"(2, 7, 10)",vi,G,B-,B-,933.625,437.0
7470,D,G,2,B-,"(2, 7, 10)",vi,G,B-,B-,933.75,437.0
7471,D,G,2,B-,"(2, 7, 10)",vi,G,B-,B-,933.875,437.0
7472,E-,A,0,B-,"(0, 5, 9)",V,F,C,B-,934.0,438.0
7473,E-,A,1,B-,"(0, 5, 9)",V,F,C,B-,934.125,438.0
7474,E-,A,2,B-,"(0, 5, 9)",V,F,C,B-,934.25,438.0
7475,E-,A,2,B-,"(0, 5, 9)",V,F,C,B-,934.375,438.0
7476,E-,A,3,B-,"(0, 5, 9)",V,F,C,B-,934.5,438.0
7477,E-,A,3,B-,"(0, 5, 9)",V,F,C,B-,934.625,438.0
7478,E-,A,3,B-,"(0, 5, 9)",V,F,C,B-,934.75,438.0
7479,E-,A,3,B-,"(0, 5, 9)",V,F,C,B-,934.875,438.0
7480,E,A,0,B-,"(0, 3, 5, 9)",V7,C,C,B-,935.0,438.0
7481,E,A,1,B-,"(0, 3, 5, 9)",V7,C,C,B-,935.125,438.0
7482,E,A,2,B-,"(0, 3, 5, 9)",V7,C,C,B-,935.25,438.0
7483,E,A,4,B-,"(0, 3, 5, 9)",V7,C,C,B-,935.375,438.0
7484,E-,A,3,B-,"(0, 3, 5, 9)",V7,C,C,B-,935.5,438.0
7485,E-,A,3,B-,"(0, 3, 5, 9)",V7,C,C,B-,935.625,438.0
7486,E-,A,4,B-,"(0, 3, 5, 9)",V7,C,C,B-,935.75,438.0
7487,E-,A,3,B-,"(0, 3, 5, 9)",V7,C,C,B-,935.875,438.0
7488,F,B-,0,B-,"(2, 5, 10)",I,B-,D,B-,936.0,439.0
7489,F,B-,1,B-,"(2, 5, 10)",I,B-,D,B-,936.125,439.0
7490,F,B-,2,B-,"(2, 5, 10)",I,B-,D,B-,936.25,439.0
7491,F,B-,2,B-,"(2, 5, 10)",I,B-,D,B-,936.375,439.0
7492,F,B-,3,B-,"(2, 5, 10)",I,B-,D,B-,936.5,439.0
7493,F,B-,3,B-,"(2, 5, 10)",I,B-,D,B-,936.625,439.0
7494,F,B-,3,B-,"(2, 5, 10)",I,B-,D,B-,936.75,439.0
7495,F,B-,3,B-,"(2, 5, 10)",I,B-,D,B-,936.875,439.0
7496,G,E-,0,B-,"(0, 3, 7)",ii,C,E-,B-,937.0,439.0
7497,G,E-,1,B-,"(0, 3, 7)",ii,C,E-,B-,937.125,439.0
7498,G,E-,2,B-,"(0, 3, 7)",ii,C,E-,B-,937.25,439.0
7499,G,E-,2,B-,"(0, 3, 7)",ii,C,E-,B-,937.375,439.0
7500,G,C,3,B-,"(0, 3, 7)",ii,C,E-,B-,937.5,439.0
7501,G,C,3,B-,"(0, 3, 7)",ii,C,E-,B-,937.625,439.0
7502,G,C,3,B-,"(0, 3, 7)",ii,C,E-,B-,937.75,439.0
7503,G,C,3,B-,"(0, 3, 7)",ii,C,E-,B-,937.875,439.0
7504,C,F,0,B-,"(0, 5, 9)",V,B-,A,B-,938.0,440.0
7505,C,F,1,B-,"(0, 5, 9)",V,B-,A,B-,938.125,440.0
7506,C,F,2,B-,"(0, 5, 9)",V,B-,A,B-,938.25,440.0
7507,C,F,2,B-,"(0, 5, 9)",V,B-,A,B-,938.375,440.0
7508,C,F,3,B-,"(0, 5, 9)",V,B-,A,B-,938.5,440.0
7509,C,F,3,B-,"(0, 5, 9)",V,B-,A,B-,938.625,440.0
7510,C,F,3,B-,"(0, 5, 9)",V,B-,A,B-,938.75,440.0
7511,C,F,3,B-,"(0, 5, 9)",V,B-,A,B-,938.875,440.0
7512,C,F,0,B-,"(0, 5, 9)",V,F,A,B-,939.0,440.0
7513,C,F,1,B-,"(0, 5, 9)",V,F,A,B-,939.125,440.0
7514,C,F,2,B-,"(0, 5, 9)",V,F,A,B-,939.25,440.0
7515,C,F,4,B-,"(0, 5, 9)",V,F,A,B-,939.375,440.0
7516,C,F,3,B-,"(0, 5, 9)",V,F,A,B-,939.5,440.0
7517,C,F,3,B-,"(0, 5, 9)",V,F,A,B-,939.625,440.0
7518,C,F,3,B-,"(0, 5, 9)",V,F,A,B-,939.75,440.0
7519,C,F,3,B-,"(0, 5, 9)",V,F,A,B-,939.875,440.0
7520,F,B-,0,B-,"(2, 5, 10)",I,B-,D,B-,940.0,441.0
7521,F,B-,1,B-,"(2, 5, 10)",I,B-,D,B-,940.125,441.0
7522,F,B-,2,B-,"(2, 5, 10)",I,B-,D,B-,940.25,441.0
7523,F,B-,2,B-,"(2, 5, 10)",I,B-,D,B-,940.375,441.0
7524,F,B-,3,B-,"(2, 5, 10)",I,B-,D,B-,940.5,441.0
7525,F,B-,3,B-,"(2, 5, 10)",I,B-,D,B-,940.625,441.0
7526,F,B-,3,B-,"(2, 5, 10)",I,B-,D,B-,940.75,441.0
7527,F,B-,3,B-,"(2, 5, 10)",I,B-,D,B-,940.875,441.0
7528,F,B-,4,B-,"(2, 5, 10)",I,B-,D,B-,941.0,441.0
7529,F,B-,4,B-,"(2, 5, 10)",I,B-,D,B-,941.125,441.0
7530,F,B-,4,B-,"(2, 5, 10)",I,B-,D,B-,941.25,441.0
7531,F,B-,4,B-,"(2, 5, 10)",I,B-,D,B-,941.375,441.0
7532,F,B-,4,B-,"(2, 5, 10)",I,B-,D,B-,941.5,441.0
7533,F,B-,4,B-,"(2, 5, 10)",I,B-,D,B-,941.625,441.0
7534,F,B-,4,B-,"(2, 5, 10)",I,B-,D,B-,941.75,441.0
7535,F,B-,4,B-,"(2, 5, 10)",I,B-,D,B-,941.875,441.0
7536,F,B-,0,B-,"(2, 5, 10)",I,B-,D,B-,942.0,442.0
7537,F,B-,1,B-,"(2, 5, 10)",I,B-,D,B-,942.125,442.0
7538,F,B-,2,B-,"(2, 5, 10)",I,B-,D,B-,942.25,442.0
7539,F,B-,2,B-,"(2, 5, 10)",I,B-,D,B-,942.375,442.0
7540,F,B-,3,B-,"(2, 5, 10)",I,B-,D,B-,942.5,442.0
7541,F,B-,3,B-,"(2, 5, 10)",I,B-,D,B-,942.625,442.0
7542,F,B-,3,B-,"(2, 5, 10)",I,B-,D,B-,942.75,442.0
7543,F,B-,3,B-,"(2, 5, 10)",I,B-,D,B-,942.875,442.0
7544,F,B-,4,B-,"(2, 5, 10)",I,B-,D,B-,943.0,442.0
7545,F,B-,4,B-,"(2, 5, 10)",I,B-,D,B-,943.125,442.0
7546,F,B-,4,B-,"(2, 5, 10)",I,B-,D,B-,943.25,442.0
7547,F,B-,4,B-,"(2, 5, 10)",I,B-,D,B-,943.375,442.0
7548,F,B-,4,B-,"(2, 5, 10)",I,B-,D,B-,943.5,442.0
7549,F,B-,4,B-,"(2, 5, 10)",I,B-,D,B-,943.625,442.0
7550,F,B-,4,B-,"(2, 5, 10)",I,B-,D,B-,943.75,442.0
7551,F,B-,4,B-,"(2, 5, 10)",I,B-,D,B-,943.875,442.0
7552,G,B-,0,B-,"(4, 7, 10)",viio,E,D,B-,944.0,443.0
7553,G,B-,1,B-,"(4, 7, 10)",viio,E,D,B-,944.125,443.0
7554,G,B-,2,B-,"(4, 7, 10)",viio,E,D,B-,944.25,443.0
7555,G,B-,2,B-,"(4, 7, 10)",viio,E,D,B-,944.375,443.0
7556,G,B-,3,B-,"(4, 7, 10)",viio,E,D,B-,944.5,443.0
7557,G,B-,3,B-,"(4, 7, 10)",viio,E,D,B-,944.625,443.0
7558,G,B-,3,B-,"(4, 7, 10)",viio,E,D,B-,944.75,443.0
7559,G,B-,3,B-,"(4, 7, 10)",viio,E,D,B-,944.875,443.0
7560,G,B-,4,B-,"(4, 7, 10)",viio,E,D,B-,945.0,443.0
7561,G,B-,4,B-,"(4, 7, 10)",viio,E,D,B-,945.125,443.0
7562,G,B-,4,B-,"(4, 7, 10)",viio,E,D,B-,945.25,443.0
7563,G,B-,4,B-,"(4, 7, 10)",viio,E,D,B-,945.375,443.0
7564,F,B-,0,B-,"(2, 5, 10)",I,B-,D,B-,945.5,443.0
7565,F,B-,1,B-,"(2, 5, 10)",I,B-,D,B-,945.625,443.0
7566,F,B-,4,B-,"(2, 5, 10)",I,B-,D,B-,945.75,443.0
7567,F,B-,2,B-,"(2, 5, 10)",I,B-,D,B-,945.875,443.0
7568,G,B-,0,B-,"(3, 7, 10)",I,E-,E-,B-,946.0,444.0
7569,G,B-,1,B-,"(3, 7, 10)",I,E-,E-,B-,946.125,444.0
7570,G,B-,2,B-,"(3, 7, 10)",I,E-,E-,B-,946.25,444.0
7571,G,B-,2,B-,"(3, 7, 10)",I,E-,E-,B-,946.375,444.0
7572,F,B-,3,B-,"(3, 7, 10)",I,E-,D,B-,946.5,444.0
7573,F,B-,3,B-,"(2, 5, 10)",I,E-,D,B-,946.625,444.0
7574,F,B-,3,B-,"(2, 5, 10)",I,E-,D,B-,946.75,444.0
7575,F,B-,3,B-,"(2, 5, 10)",I,E-,D,B-,946.875,444.0
7576,F,B-,4,B-,"(3, 7, 10)",I,B-,D,B-,947.0,444.0
7577,F,B-,4,B-,"(3, 7, 10)",I,B-,D,B-,947.125,444.0
7578,F,B-,4,B-,"(3, 7, 10)",I,B-,D,B-,947.25,444.0
7579,F,B-,4,B-,"(3, 7, 10)",I,B-,D,B-,947.375,444.0
7580,F,B-,0,B-,"(2, 5, 10)",I,B-,D,B-,947.5,444.0
7581,F,B-,1,B-,"(2, 5, 10)",I,B-,D,B-,947.625,444.0
7582,F,B-,2,B-,"(2, 5, 10)",I,B-,D,B-,947.75,444.0
7583,F,B-,2,B-,"(2, 5, 10)",I,B-,D,B-,947.875,444.0
7584,E-,B-,0,B-,"(0, 3, 5, 9)",I,B-,C,B-,948.0,445.0
7585,E-,B-,1,B-,"(0, 3, 5, 9)",V7,B-,C,B-,948.125,445.0
7586,E-,B-,2,B-,"(0, 3, 5, 9)",V7,B-,C,B-,948.25,445.0
7587,E-,B-,2,B-,"(0, 3, 5, 9)",V7,B-,C,B-,948.375,445.0
7588,E-,B-,3,B-,"(0, 3, 5, 9)",V7,B-,C,B-,948.5,445.0
7589,E-,B-,3,B-,"(0, 3, 5, 9)",V7,B-,C,B-,948.625,445.0
7590,E-,B-,3,B-,"(0, 3, 5, 9)",V7,B-,C,B-,948.75,445.0
7591,E-,B-,3,B-,"(0, 3, 5, 9)",V7,B-,C,B-,948.875,445.0
7592,E-,B-,4,B-,"(0, 3, 5, 9)",V7,B-,C,B-,949.0,445.0
7593,E-,B-,4,B-,"(0, 3, 5, 9)",V7,B-,C,B-,949.125,445.0
7594,E-,B-,4,B-,"(0, 3, 5, 9)",V7,B-,C,B-,949.25,445.0
7595,E-,B-,4,B-,"(0, 3, 5, 9)",V7,B-,C,B-,949.375,445.0
7596,F,B-,4,B-,"(0, 3, 5, 9)",V7,B-,C,B-,949.5,445.0
7597,F,B-,4,B-,"(0, 3, 5, 9)",V7,B-,C,B-,949.625,445.0
7598,F,B-,4,B-,"(0, 3, 5, 9)",V7,B-,C,B-,949.75,445.0
7599,F,B-,4,B-,"(0, 3, 5, 9)",V7,B-,C,B-,949.875,445.0
7600,F,B-,0,B-,"(1, 5, 10)",i,B-,D-,b-,950.0,446.0
7601,F,B-,1,B-,"(1, 5, 10)",i,B-,D-,b-,950.125,446.0
7602,F,B-,2,B-,"(1, 5, 10)",i,B-,D-,b-,950.25,446.0
7603,F,B-,2,B-,"(1, 5, 10)",i,B-,D-,b-,950.375,446.0
7604,F,B-,3,B-,"(1, 5, 10)",i,B-,D-,b-,950.5,446.0
7605,F,B-,3,B-,"(1, 5, 10)",i,B-,D-,b-,950.625,446.0
7606,F,B-,3,B-,"(1, 5, 10)",i,B-,D-,b-,950.75,446.0
7607,F,B-,3,B-,"(1, 5, 10)",i,B-,D-,b-,950.875,446.0
7608,F,B-,4,B-,"(1, 5, 10)",i,B-,D-,b-,951.0,446.0
7609,F,B-,4,B-,"(1, 5, 10)",i,B-,D-,b-,951.125,446.0
7610,F,B-,4,B-,"(1, 5, 10)",i,B-,D-,b-,951.25,446.0
7611,F,B-,4,B-,"(1, 5, 10)",i,B-,D-,b-,951.375,446.0
7612,F,B-,4,B-,"(1, 5, 10)",i,B-,D-,b-,951.5,446.0
7613,F,B-,4,B-,"(1, 5, 10)",i,B-,D-,b-,951.625,446.0
7614,F,B-,4,B-,"(1, 5, 10)",i,B-,D-,b-,951.75,446.0
7615,F,B-,4,B-,"(1, 5, 10)",i,B-,D-,b-,951.875,446.0
7616,E,A,0,B-,"(1, 4, 6, 10)",viio7,G-,C,b-,952.0,447.0
7617,E,G-,1,B-,"(1, 4, 6, 10)",viio7,G-,D-,b-,952.125,447.0
7618,E,G-,2,B-,"(1, 4, 6, 10)",viio7,G-,D-,b-,952.25,447.0
7619,E,G-,2,B-,"(1, 4, 6, 10)",viio7,G-,D-,b-,952.375,447.0
7620,E,G-,3,B-,"(1, 4, 6, 10)",viio7,G-,D-,b-,952.5,447.0
7621,E,G-,3,B-,"(1, 4, 6, 10)",viio7,G-,D-,b-,952.625,447.0
7622,E,G-,3,B-,"(1, 4, 6, 10)",viio7,G-,D-,b-,952.75,447.0
7623,G-,G-,3,B-,"(1, 4, 6, 10)",viio7,G-,D-,b-,952.875,447.0
7624,G-,G-,4,B-,"(1, 4, 6, 10)",V7,G-,D-,b-,953.0,447.0
7625,G-,B-,4,B-,"(1, 4, 6, 10)",V7,G-,D-,b-,953.125,447.0
7626,G-,B-,4,B-,"(1, 4, 6, 10)",V7,G-,D-,b-,953.25,447.0
7627,G-,B-,4,B-,"(1, 4, 6, 10)",V7,G-,D-,b-,953.375,447.0
7628,F,B-,4,B-,"(1, 5, 10)",i,B-,D-,b-,953.5,447.0
7629,F,B-,4,B-,"(1, 5, 10)",i,B-,D-,b-,953.625,447.0
7630,F,B-,4,B-,"(1, 5, 10)",i,B-,D-,b-,953.75,447.0
7631,F,B-,4,B-,"(1, 5, 10)",i,B-,D-,b-,953.875,447.0
7632,C,E-,0,B-,"(0, 3, 6, 10)",iv,C,G-,b-,954.0,448.0
7633,C,E-,1,B-,"(0, 3, 6, 9)",viio7,C,G-,b-,954.125,448.0
7634,C,E-,2,B-,"(0, 3, 6, 9)",viio7,C,G-,b-,954.25,448.0
7635,C,E-,2,B-,"(0, 3, 6, 9)",viio7,C,G-,b-,954.375,448.0
7636,C,E-,3,B-,"(0, 3, 6, 9)",viio7,C,G-,b-,954.5,448.0
7637,C,E-,3,B-,"(0, 3, 6, 9)",viio7,C,G-,b-,954.625,448.0
7638,C,E-,3,B-,"(0, 3, 6, 9)",viio7,C,G-,b-,954.75,448.0
7639,C,E-,3,B-,"(0, 3, 6, 9)",viio7,C,G-,b-,954.875,448.0
7640,D-,F,0,B-,"(1, 5, 10)",V7,B-,B-,b-,955.0,448.0
7641,C,F,1,B-,"(1, 5, 10)",V7,E-,B-,b-,955.125,448.0
7642,C,F,2,B-,"(1, 5, 10)",V7,E-,B-,b-,955.25,448.0
7643,C,F,2,B-,"(1, 5, 10)",V7,E-,B-,b-,955.375,448.0
7644,C,F,0,B-,"(0, 3, 5, 9)",V7,E-,A,b-,955.5,448.0
7645,C,F,1,B-,"(0, 3, 5, 9)",V7,E-,A,b-,955.625,448.0
7646,C,F,3,B-,"(0, 3, 5, 9)",V7,E-,A,b-,955.75,448.0
7647,C,F,3,B-,"(0, 3, 5, 9)",V7,E-,A,b-,955.875,448.0
7648,F,B-,0,B-,"(1, 5, 10)",V7,B-,D-,b-,956.0,449.0
7649,F,B-,1,B-,"(0, 3, 5, 9)",V7,B-,D-,b-,956.125,449.0
7650,F,B-,2,B-,"(0, 3, 5, 9)",V7,B-,D-,b-,956.25,449.0
7651,F,B-,2,B-,"(0, 3, 5, 9)",V7,B-,D-,b-,956.375,449.0
7652,F,B-,3,B-,"(0, 3, 5, 9)",V7,B-,D-,b-,956.5,449.0
7653,F,B-,3,B-,"(0, 3, 5, 9)",V7,B-,D-,b-,956.625,449.0
7654,F,B-,3,B-,"(0, 3, 5, 9)",V7,B-,D-,b-,956.75,449.0
7655,F,B-,3,B-,"(0, 3, 5, 9)",V7,B-,D-,b-,956.875,449.0
7656,F,B-,4,B-,"(1, 5, 10)",i,B-,D-,b-,957.0,449.0
7657,F,B-,4,B-,"(1, 5, 10)",i,B-,D-,b-,957.125,449.0
7658,F,B-,4,B-,"(1, 5, 10)",i,B-,D-,b-,957.25,449.0
7659,F,B-,4,B-,"(1, 5, 10)",i,B-,D-,b-,957.375,449.0
7660,F,B-,4,B-,"(1, 5, 10)",i,B-,D-,b-,957.5,449.0
7661,F,B-,4,B-,"(1, 5, 10)",i,B-,D-,b-,957.625,449.0
7662,F,B-,4,B-,"(1, 5, 10)",i,B-,D-,b-,957.75,449.0
7663,F,B-,4,B-,"(1, 5, 10)",i,B-,D-,b-,957.875,449.0
7664,F,B-,0,B-,"(1, 5, 10)",i,B-,D-,b-,958.0,450.0
7665,F,B-,1,b-,"(1, 5, 10)",i,B-,D-,b-,958.125,450.0
7666,F,B-,2,b-,"(1, 5, 10)",i,B-,D-,b-,958.25,450.0
7667,F,B-,2,b-,"(1, 5, 10)",i,B-,D-,b-,958.375,450.0
7668,F,B-,3,b-,"(1, 5, 10)",i,B-,D-,b-,958.5,450.0
7669,F,B-,3,b-,"(1, 5, 10)",i,B-,D-,b-,958.625,450.0
7670,F,B-,3,B-,"(1, 5, 10)",i,B-,D-,b-,958.75,450.0
7671,F,B-,3,B-,"(1, 5, 10)",i,B-,D-,b-,958.875,450.0
7672,F,B-,4,B-,"(1, 5, 10)",i,B-,D-,b-,959.0,450.0
7673,F,B-,4,B-,"(1, 5, 10)",i,B-,D-,b-,959.125,450.0
7674,F,B-,4,B-,"(1, 5, 10)",i,B-,D-,b-,959.25,450.0
7675,F,B-,4,B-,"(1, 5, 10)",i,B-,D-,b-,959.375,450.0
7676,F,B-,4,B-,"(1, 5, 10)",ii,B-,F,b-,959.5,450.0
7677,F,B-,4,B-,"(1, 5, 10)",ii,B-,F,b-,959.625,450.0
7678,F,B-,4,B-,"(1, 5, 10)",ii,B-,F,b-,959.75,450.0
7679,F,D-,4,B-,"(1, 5, 10)",ii,B-,F,b-,959.875,450.0
7680,D-,G-,0,D-,"(1, 6, 10)",I,G-,B-,D-,960.0,451.0
7681,D-,G-,1,G-,"(1, 6, 10)",I,G-,B-,D-,960.125,451.0
7682,D-,G-,2,D-,"(1, 6, 10)",I,G-,B-,D-,960.25,451.0
7683,D-,G-,2,D-,"(1, 6, 10)",I,G-,B-,D-,960.375,451.0
7684,D-,G-,3,D-,"(1, 6, 10)",I,G-,B-,D-,960.5,451.0
7685,D-,G-,3,D-,"(1, 6, 10)",I,G-,B-,D-,960.625,451.0
7686,D-,G-,3,D-,"(1, 6, 10)",I,G-,B-,D-,960.75,451.0
7687,D-,G-,3,D-,"(1, 6, 10)",I,G-,B-,D-,960.875,451.0
7688,D-,G-,4,D-,"(1, 6, 10)",I,G-,B-,D-,961.0,451.0
7689,D-,G-,4,D-,"(1, 6, 10)",I,G-,B-,D-,961.125,451.0
7690,D-,G-,4,D-,"(1, 6, 10)",I,G-,B-,D-,961.25,451.0
7691,D-,G-,4,D-,"(1, 6, 10)",I,G-,B-,D-,961.375,451.0
7692,D-,G-,4,D-,"(1, 6, 10)",I,G-,B-,D-,961.5,451.0
7693,D-,G-,4,D-,"(1, 6, 10)",I,G-,B-,D-,961.625,451.0
7694,D-,G-,4,D-,"(1, 6, 10)",I,G-,B-,D-,961.75,451.0
7695,D-,G-,4,D-,"(1, 6, 10)",I,G-,B-,D-,961.875,451.0
7696,B-,E-,0,D-,"(3, 6, 10)",ii,E-,G-,D-,962.0,452.0
7697,B-,E-,1,D-,"(3, 6, 10)",ii,E-,G-,D-,962.125,452.0
7698,B-,E-,2,D-,"(3, 6, 10)",ii,E-,G-,D-,962.25,452.0
7699,B-,E-,2,D-,"(3, 6, 10)",ii,E-,G-,D-,962.375,452.0
7700,B-,E-,3,D-,"(3, 6, 10)",ii,E-,G-,D-,962.5,452.0
7701,B-,E-,3,D-,"(3, 6, 10)",ii,E-,G-,D-,962.625,452.0
7702,B-,E-,3,D-,"(3, 6, 10)",ii,E-,G-,D-,962.75,452.0
7703,B-,E-,3,D-,"(3, 6, 10)",ii,E-,G-,D-,962.875,452.0
7704,B-,E-,4,D-,"(3, 6, 10)",ii,E-,G-,D-,963.0,452.0
7705,B-,E-,4,D-,"(3, 6, 10)",V+,G-,G-,D-,963.125,452.0
7706,B-,E-,4,D-,"(3, 6, 10)",V+,G-,G-,D-,963.25,452.0
7707,B-,E-,4,D-,"(3, 6, 10)",V+,G-,G-,D-,963.375,452.0
7708,B-,E-,4,D-,"(3, 6, 10)",V+,G-,G-,D-,963.5,452.0
7709,B-,E-,4,D-,"(3, 6, 10)",ii,G-,G-,D-,963.625,452.0
7710,B-,E-,4,D-,"(3, 6, 10)",ii,G-,G-,D-,963.75,452.0
7711,B-,E-,4,D-,"(3, 6, 10)",ii,G-,G-,D-,963.875,452.0
7712,B-,E-,0,D-,"(3, 6, 10)",ii,E-,G-,D-,964.0,453.0
7713,B-,E-,1,D-,"(3, 6, 10)",ii,E-,G-,D-,964.125,453.0
7714,B-,E-,2,D-,"(3, 6, 10)",ii,E-,G-,D-,964.25,453.0
7715,B-,E-,2,D-,"(3, 6, 10)",ii,E-,G-,D-,964.375,453.0
7716,B-,E-,3,D-,"(3, 6, 10)",ii,E-,G-,D-,964.5,453.0
7717,B-,E-,3,D-,"(3, 6, 10)",ii,E-,G-,D-,964.625,453.0
7718,B-,E-,3,D-,"(3, 6, 10)",ii,E-,G-,D-,964.75,453.0
7719,B-,E-,3,D-,"(3, 6, 10)",ii,E-,G-,D-,964.875,453.0
7720,B-,E-,4,D-,"(3, 6, 10)",ii,E-,G-,D-,965.0,453.0
7721,B-,E-,4,D-,"(3, 6, 10)",ii,E-,G-,D-,965.125,453.0
7722,B-,E-,4,D-,"(3, 6, 10)",ii,E-,G-,D-,965.25,453.0
7723,B-,E-,4,D-,"(3, 6, 10)",ii,E-,G-,D-,965.375,453.0
7724,A-,D-,0,D-,"(1, 5, 8)",I,D-,F,D-,965.5,453.0
7725,A-,D-,1,D-,"(1, 5, 8)",I,D-,F,D-,965.625,453.0
7726,A-,D-,2,D-,"(1, 5, 8)",I,D-,F,D-,965.75,453.0
7727,A-,D-,2,D-,"(1, 5, 8)",I,D-,F,D-,965.875,453.0
7728,E-,A-,0,D-,"(0, 3, 6, 8)",V7,G-,C,D-,966.0,454.0
7729,E-,A-,1,D-,"(0, 3, 6, 8)",V7,G-,C,D-,966.125,454.0
7730,E-,A-,2,D-,"(0, 3, 6, 8)",V7,G-,C,D-,966.25,454.0
7731,E-,A-,2,D-,"(0, 3, 6, 8)",V7,G-,C,D-,966.375,454.0
7732,E-,A-,3,D-,"(0, 3, 6, 8)",V7,G-,C,D-,966.5,454.0
7733,E-,A-,3,D-,"(0, 3, 6, 8)",V7,G-,C,D-,966.625,454.0
7734,E-,A-,3,D-,"(0, 3, 6, 8)",V7,G-,C,D-,966.75,454.0
7735,E-,A-,3,D-,"(0, 3, 6, 8)",V7,G-,C,D-,966.875,454.0
7736,E-,A-,4,D-,"(0, 3, 6, 8)",V7,G-,C,D-,967.0,454.0
7737,E-,A-,4,D-,"(0, 3, 6, 8)",V7,G-,C,D-,967.125,454.0
7738,E-,A-,4,D-,"(0, 3, 6, 8)",V7,G-,C,D-,967.25,454.0
7739,E-,A-,4,D-,"(0, 3, 6, 8)",V7,G-,C,D-,967.375,454.0
7740,E-,A-,4,D-,"(0, 3, 6, 8)",V7,G-,C,D-,967.5,454.0
7741,E-,A-,4,D-,"(0, 3, 6, 8)",V7,G-,C,D-,967.625,454.0
7742,E-,A-,4,D-,"(0, 3, 6, 8)",V7,G-,C,D-,967.75,454.0
7743,E-,A-,4,D-,"(0, 3, 6, 8)",V7,G-,C,D-,967.875,454.0
7744,E-,G-,0,D-,"(0, 3, 6, 8)",V7,E-,C,D-,968.0,455.0
7745,C,G-,1,D-,"(0, 3, 6, 8)",V7,E-,C,D-,968.125,455.0
7746,C,G-,2,D-,"(0, 3, 6, 8)",V7,E-,C,D-,968.25,455.0
7747,C,G-,2,D-,"(0, 3, 6, 8)",V7,E-,C,D-,968.375,455.0
7748,C,G-,3,D-,"(0, 3, 6, 8)",V7,E-,C,D-,968.5,455.0
7749,C,G-,3,D-,"(0, 3, 6, 8)",V7,E-,C,D-,968.625,455.0
7750,C,G-,3,D-,"(0, 3, 6, 8)",V7,E-,C,D-,968.75,455.0
7751,C,G-,3,D-,"(0, 3, 6, 8)",V7,E-,C,D-,968.875,455.0
7752,C,A-,4,D-,"(0, 3, 6, 8)",V7,E-,C,D-,969.0,455.0
7753,C,A-,4,D-,"(0, 3, 6, 8)",V7,E-,C,D-,969.125,455.0
7754,C,A-,4,D-,"(0, 3, 6, 8)",V7,E-,C,D-,969.25,455.0
7755,C,A-,4,D-,"(0, 3, 6, 8)",V7,E-,C,D-,969.375,455.0
7756,C,A-,4,D-,"(0, 3, 6, 8)",V7,E-,C,D-,969.5,455.0
7757,C,A-,4,D-,"(0, 3, 6, 8)",V7,E-,C,D-,969.625,455.0
7758,C,A-,4,D-,"(0, 3, 6, 8)",V7,E-,C,D-,969.75,455.0
7759,C,A-,4,D-,"(0, 3, 6, 8)",V7,E-,C,D-,969.875,455.0
7760,D-,F,0,D-,"(1, 5, 8)",I,D-,A-,D-,970.0,456.0
7761,D-,F,1,D-,"(1, 5, 8)",I,D-,A-,D-,970.125,456.0
7762,D-,F,2,D-,"(1, 5, 8)",I,D-,A-,D-,970.25,456.0
7763,D-,F,2,D-,"(1, 5, 8)",I,D-,A-,D-,970.375,456.0
7764,D-,F,3,D-,"(1, 5, 8)",I,D-,A-,D-,970.5,456.0
7765,D-,F,3,D-,"(1, 5, 8)",I,D-,A-,D-,970.625,456.0
7766,D-,F,3,D-,"(1, 5, 8)",I,D-,A-,D-,970.75,456.0
7767,D-,F,3,D-,"(1, 5, 8)",I,D-,A-,D-,970.875,456.0
7768,D-,G-,4,D-,"(1, 6, 10)",IV,D-,B-,D-,971.0,456.0
7769,D-,G-,4,D-,"(1, 6, 10)",IV,D-,B-,D-,971.125,456.0
7770,D-,G-,4,D-,"(1, 6, 10)",IV,D-,B-,D-,971.25,456.0
7771,D-,G-,4,D-,"(1, 6, 10)",IV,D-,B-,D-,971.375,456.0
7772,D-,G-,4,D-,"(1, 3, 6, 10)",ii,E-,B-,D-,971.5,456.0
7773,D-,G-,4,D-,"(1, 3, 6, 10)",ii,E-,B-,D-,971.625,456.0
7774,D-,G-,4,D-,"(3, 6, 10)",ii,E-,B-,D-,971.75,456.0
7775,D-,G-,4,D-,"(3, 6, 10)",ii,E-,B-,D-,971.875,456.0
7776,E-,A-,0,D-,"(1, 5, 8)",V7,D-,C,D-,972.0,457.0
7777,E-,A-,1,D-,"(0, 3, 8)",V7,D-,C,D-,972.125,457.0
7778,E-,A-,2,D-,"(0, 3, 8)",V7,D-,C,D-,972.25,457.0
7779,E-,A-,2,D-,"(1, 5, 8)",V7,D-,C,D-,972.375,457.0
7780,E-,A-,3,D-,"(0, 3, 8)",V7,D-,C,D-,972.5,457.0
7781,E-,A-,3,D-,"(0, 3, 8)",V7,D-,C,D-,972.625,457.0
7782,E-,A-,3,D-,"(0, 3, 8)",V7,D-,C,D-,972.75,457.0
7783,E-,A-,3,D-,"(0, 3, 8)",V7,D-,C,D-,972.875,457.0
7784,E-,A-,0,D-,"(0, 3, 8)",V,A-,C,D-,973.0,457.0
7785,E-,A-,1,D-,"(0, 3, 8)",V,A-,C,D-,973.125,457.0
7786,E-,A-,2,D-,"(0, 3, 8)",V,A-,C,D-,973.25,457.0
7787,E-,A-,2,D-,"(0, 3, 8)",V,A-,C,D-,973.375,457.0
7788,E-,A-,4,D-,"(0, 3, 8)",V,A-,C,D-,973.5,457.0
7789,E-,A-,4,D-,"(0, 3, 8)",V,A-,C,D-,973.625,457.0
7790,E-,A-,4,D-,"(0, 3, 8)",V,A-,C,D-,973.75,457.0
7791,E-,A-,4,D-,"(0, 3, 8)",V,A-,C,D-,973.875,457.0
7792,A-,D-,0,D-,"(1, 5, 8)",I,D-,F,D-,974.0,458.0
7793,A-,D-,1,D-,"(1, 5, 8)",I,D-,F,D-,974.125,458.0
7794,A-,D-,2,D-,"(1, 5, 8)",I,D-,F,D-,974.25,458.0
7795,A-,D-,2,D-,"(1, 5, 8)",I,D-,F,D-,974.375,458.0
7796,A-,D-,3,D-,"(1, 5, 8)",I,D-,F,D-,974.5,458.0
7797,A-,D-,3,D-,"(1, 5, 8)",I,D-,F,D-,974.625,458.0
7798,A-,D-,3,D-,"(1, 5, 8)",I,D-,F,D-,974.75,458.0
7799,A-,D-,3,D-,"(1, 5, 8)",I,D-,F,D-,974.875,458.0
7800,A-,D-,4,D-,"(1, 5, 8)",I,D-,F,D-,975.0,458.0
7801,A-,D-,4,D-,"(1, 5, 8)",I,D-,F,D-,975.125,458.0
7802,A-,D-,4,D-,"(1, 5, 8)",I,D-,F,D-,975.25,458.0
7803,A-,D-,4,D-,"(1, 5, 8)",I,D-,F,D-,975.375,458.0
7804,A-,D-,4,D-,"(1, 5, 8)",I,D-,F,D-,975.5,458.0
7805,A-,D-,4,D-,"(1, 5, 8)",I,D-,F,D-,975.625,458.0
7806,A-,D-,4,D-,"(1, 5, 8)",I,D-,F,D-,975.75,458.0
7807,A-,D-,4,D-,"(1, 5, 8)",I,D-,F,D-,975.875,458.0
7808,A-,D-,0,D-,"(1, 5, 8)",I,D-,F,D-,976.0,459.0
7809,A-,D-,1,D-,"(1, 5, 8)",I,D-,F,D-,976.125,459.0
7810,A-,D-,2,D-,"(1, 5, 8)",I,D-,F,D-,976.25,459.0
7811,A-,D-,2,D-,"(1, 5, 8)",I,D-,F,D-,976.375,459.0
7812,A-,D-,3,D-,"(1, 5, 8)",I,D-,F,D-,976.5,459.0
7813,A-,D-,3,D-,"(1, 5, 8)",I,D-,F,D-,976.625,459.0
7814,A-,D-,3,D-,"(1, 5, 8)",I,D-,F,D-,976.75,459.0
7815,A-,D-,3,D-,"(1, 5, 8)",I,D-,F,D-,976.875,459.0
7816,A-,D-,4,D-,"(1, 5, 8)",I,D-,F,D-,977.0,459.0
7817,A-,D-,4,D-,"(1, 5, 8)",I,D-,F,D-,977.125,459.0
7818,A-,D-,4,D-,"(1, 5, 8)",I,D-,F,D-,977.25,459.0
7819,A-,D-,4,D-,"(1, 5, 8)",I,D-,F,D-,977.375,459.0
7820,A-,D-,4,D-,"(1, 5, 8)",I,D-,F,D-,977.5,459.0
7821,A-,D-,4,D-,"(1, 5, 8)",I,D-,F,D-,977.625,459.0
7822,A-,D-,4,D-,"(1, 5, 8)",I,D-,F,D-,977.75,459.0
7823,A-,D-,4,D-,"(1, 5, 8)",I,D-,F,D-,977.875,459.0
7824,B-,D-,0,D-,"(1, 6, 10)",IV,G-,G-,D-,978.0,460.0
7825,B-,D-,1,D-,"(1, 6, 10)",IV,G-,G-,D-,978.125,460.0
7826,B-,D-,2,D-,"(1, 6, 10)",IV,G-,G-,D-,978.25,460.0
7827,B-,D-,2,D-,"(1, 6, 10)",IV,G-,G-,D-,978.375,460.0
7828,B-,D-,3,D-,"(1, 5, 8)",IV,G-,G-,D-,978.5,460.0
7829,B-,D-,3,D-,"(1, 5, 8)",IV,G-,G-,D-,978.625,460.0
7830,B-,D-,3,D-,"(1, 5, 8)",IV,G-,G-,D-,978.75,460.0
7831,B-,D-,3,D-,"(1, 5, 8)",IV,G-,G-,D-,978.875,460.0
7832,A-,D-,4,D-,"(1, 5, 8)",IV,D-,G-,D-,979.0,460.0
7833,A-,D-,4,D-,"(1, 5, 8)",IV,D-,G-,D-,979.125,460.0
7834,A-,D-,4,D-,"(1, 5, 8)",IV,D-,G-,D-,979.25,460.0
7835,A-,D-,4,D-,"(1, 5, 8)",IV,D-,G-,D-,979.375,460.0
7836,A-,D-,4,D-,"(1, 5, 8)",I,D-,F,D-,979.5,460.0
7837,A-,D-,4,D-,"(1, 5, 8)",I,D-,F,D-,979.625,460.0
7838,A-,D-,4,D-,"(1, 5, 8)",I,D-,F,D-,979.75,460.0
7839,A-,D-,4,D-,"(1, 5, 8)",I,D-,F,D-,979.875,460.0
7840,A-,D-,0,D-,"(1, 5, 8)",IV,D-,F,D-,980.0,461.0
7841,A-,D-,1,D-,"(1, 5, 8)",IV,D-,F,D-,980.125,461.0
7842,A-,D-,2,D-,"(1, 5, 8)",IV,D-,F,D-,980.25,461.0
7843,A-,D-,2,D-,"(1, 5, 8)",IV,D-,F,D-,980.375,461.0
7844,A-,D-,3,D-,"(1, 5, 8)",I,D-,F,D-,980.5,461.0
7845,A-,D-,3,D-,"(1, 5, 8)",I,D-,F,D-,980.625,461.0
7846,A-,D-,3,D-,"(1, 5, 8)",I,D-,F,D-,980.75,461.0
7847,A-,D-,3,D-,"(1, 5, 8)",I,D-,F,D-,980.875,461.0
7848,A-,D-,4,D-,"(1, 5, 8)",I,D-,F,D-,981.0,461.0
7849,A-,D-,4,D-,"(1, 5, 8)",I,D-,F,D-,981.125,461.0
7850,A-,D-,4,D-,"(1, 5, 8)",I,D-,F,D-,981.25,461.0
7851,A-,D-,4,D-,"(1, 5, 8)",I,D-,F,D-,981.375,461.0
7852,A-,D-,4,D-,"(1, 5, 8)",I,D-,F,D-,981.5,461.0
7853,A-,D-,4,D-,"(1, 5, 8)",I,D-,F,D-,981.625,461.0
7854,A-,D-,4,D-,"(1, 5, 8)",I,D-,F,D-,981.75,461.0
7855,A-,D-,4,D-,"(1, 5, 8)",I,D-,F,D-,981.875,461.0
7856,A-,D-,0,D-,"(0, 3, 6, 8)",V7,D-,E-,D-,982.0,462.0
7857,A-,D-,1,D-,"(0, 3, 6, 8)",V7,D-,E-,D-,982.125,462.0
7858,A-,D-,2,D-,"(0, 3, 6, 8)",V7,D-,E-,D-,982.25,462.0
7859,A-,D-,2,D-,"(0, 3, 6, 8)",V7,D-,E-,D-,982.375,462.0
7860,A-,D-,3,D-,"(0, 3, 6, 8)",V7,D-,E-,D-,982.5,462.0
7861,A-,D-,3,D-,"(0, 3, 6, 8)",V7,D-,E-,D-,982.625,462.0
7862,A-,D-,3,D-,"(0, 3, 6, 8)",V7,D-,E-,D-,982.75,462.0
7863,A-,D-,3,D-,"(0, 3, 6, 8)",V7,D-,E-,D-,982.875,462.0
7864,A-,D-,4,D-,"(0, 3, 6, 8)",V7,D-,E-,D-,983.0,462.0
7865,A-,D-,4,D-,"(0, 3, 6, 8)",I,D-,E-,D-,983.125,462.0
7866,A-,D-,4,D-,"(0, 3, 6, 8)",I,D-,E-,D-,983.25,462.0
7867,A-,D-,4,D-,"(0, 3, 6, 8)",I,D-,E-,D-,983.375,462.0
7868,A-,D-,4,D-,"(1, 5, 8)",I,D-,F,D-,983.5,462.0
7869,A-,D-,4,D-,"(1, 5, 8)",I,D-,F,D-,983.625,462.0
7870,A-,D-,4,D-,"(1, 5, 8)",I,D-,F,D-,983.75,462.0
7871,A-,D-,4,D-,"(1, 5, 8)",I,D-,F,D-,983.875,462.0
7872,A-,D-,0,D-,"(1, 5, 8)",I,D-,F,D-,984.0,463.0
7873,A-,D-,1,D-,"(1, 5, 8)",I,D-,F,D-,984.125,463.0
7874,A-,D-,2,D-,"(1, 5, 8)",I,D-,F,D-,984.25,463.0
7875,A-,D-,2,D-,"(1, 5, 8)",I,D-,F,D-,984.375,463.0
7876,A-,D-,3,D-,"(1, 5, 8)",I,D-,F,D-,984.5,463.0
7877,A-,D-,3,D-,"(1, 5, 8)",I,D-,F,D-,984.625,463.0
7878,A-,D-,3,D-,"(1, 5, 8)",I,D-,F,D-,984.75,463.0
7879,A-,D-,3,D-,"(1, 5, 8)",I,D-,F,D-,984.875,463.0
7880,A-,D-,4,D-,"(1, 5, 8)",I,D-,F,D-,985.0,463.0
7881,A-,D-,4,D-,"(1, 5, 8)",I,D-,F,D-,985.125,463.0
7882,A-,D-,4,D-,"(1, 5, 8)",I,D-,F,D-,985.25,463.0
7883,A-,D-,4,D-,"(1, 5, 8)",I,D-,F,D-,985.375,463.0
7884,A-,D-,4,D-,"(1, 5, 8)",I,D-,F,D-,985.5,463.0
7885,A-,D-,4,D-,"(1, 5, 8)",I,D-,F,D-,985.625,463.0
7886,A-,D-,4,D-,"(1, 5, 8)",I,D-,F,D-,985.75,463.0
7887,A-,D-,4,D-,"(1, 5, 8)",I,D-,F,D-,985.875,463.0
7888,B-,D-,0,D-,"(1, 5, 8)",IV,D-,G-,D-,986.0,464.0
7889,B-,D-,1,D-,"(1, 6, 10)",IV,D-,G-,D-,986.125,464.0
7890,B-,D-,2,D-,"(1, 6, 10)",IV,D-,G-,D-,986.25,464.0
7891,B-,D-,2,D-,"(1, 6, 10)",IV,D-,G-,D-,986.375,464.0
7892,B-,D-,3,D-,"(1, 5, 8)",IV,D-,G-,D-,986.5,464.0
7893,B-,D-,3,D-,"(1, 5, 8)",IV,D-,G-,D-,986.625,464.0
7894,B-,D-,3,D-,"(1, 5, 8)",IV,D-,G-,D-,986.75,464.0
7895,B-,D-,3,D-,"(1, 5, 8)",IV,D-,G-,D-,986.875,464.0
7896,A-,D-,4,D-,"(1, 5, 8)",IV,D-,G-,D-,987.0,464.0
7897,A-,D-,4,D-,"(1, 5, 8)",IV,D-,G-,D-,987.125,464.0
7898,A-,D-,4,D-,"(1, 5, 8)",IV,D-,G-,D-,987.25,464.0
7899,A-,D-,4,D-,"(1, 5, 8)",IV,D-,G-,D-,987.375,464.0
7900,A-,D-,0,D-,"(1, 5, 8)",I,D-,F,D-,987.5,464.0
7901,A-,D-,1,D-,"(1, 5, 8)",I,D-,F,D-,987.625,464.0
7902,A-,D-,4,D-,"(1, 5, 8)",I,D-,F,D-,987.75,464.0
7903,A-,D-,2,D-,"(1, 5, 8)",I,D-,F,D-,987.875,464.0
7904,E-,G-,0,D-,"(3, 6, 10)",ii,E-,B-,D-,988.0,465.0
7905,E-,G-,1,D-,"(3, 6, 10)",ii,E-,B-,D-,988.125,465.0
7906,E-,G-,2,D-,"(3, 6, 10)",ii,E-,B-,D-,988.25,465.0
7907,E-,G-,2,D-,"(3, 6, 10)",ii,E-,B-,D-,988.375,465.0
7908,E-,G-,3,D-,"(3, 6, 10)",ii,E-,B-,D-,988.5,465.0
7909,E-,G-,3,D-,"(3, 6, 10)",ii,E-,B-,D-,988.625,465.0
7910,E-,G-,3,D-,"(3, 6, 10)",ii,E-,B-,D-,988.75,465.0
7911,E-,G-,3,D-,"(3, 6, 10)",ii,E-,B-,D-,988.875,465.0
7912,E-,A-,0,D-,"(0, 3, 6, 8)",V7,G-,C,D-,989.0,465.0
7913,E-,A-,1,D-,"(0, 3, 6, 8)",V7,G-,C,D-,989.125,465.0
7914,E-,A-,2,D-,"(0, 3, 6, 8)",V7,G-,C,D-,989.25,465.0
7915,E-,A-,2,D-,"(0, 3, 6, 8)",V7,G-,C,D-,989.375,465.0
7916,E-,A-,3,D-,"(0, 3, 6, 8)",V7,G-,C,D-,989.5,465.0
7917,E-,A-,3,D-,"(0, 3, 6, 8)",V7,G-,C,D-,989.625,465.0
7918,E-,A-,3,D-,"(0, 3, 6, 8)",V7,G-,C,D-,989.75,465.0
7919,E-,A-,2,D-,"(0, 3, 6, 8)",V7,G-,C,D-,989.875,465.0
7920,A-,D-,0,D-,"(1, 5, 8)",I,D-,F,D-,990.0,466.0
7921,A-,D-,1,D-,"(1, 5, 8)",I,D-,F,D-,990.125,466.0
7922,A-,D-,2,D-,"(1, 5, 8)",I,D-,F,D-,990.25,466.0
7923,A-,D-,2,D-,"(1, 5, 8)",I,D-,F,D-,990.375,466.0
7924,A-,D-,3,D-,"(1, 5, 8)",I,D-,F,D-,990.5,466.0
7925,A-,D-,3,D-,"(1, 5, 8)",I,D-,F,D-,990.625,466.0
7926,A-,D-,3,D-,"(1, 5, 8)",I,D-,F,D-,990.75,466.0
7927,A-,D-,3,D-,"(1, 5, 8)",I,D-,F,D-,990.875,466.0
7928,A-,D-,4,D-,"(1, 5, 8)",I,D-,F,D-,991.0,466.0
7929,A-,D-,4,D-,"(1, 5, 8)",I,D-,F,D-,991.125,466.0
7930,A-,D-,4,D-,"(1, 5, 8)",I,D-,F,D-,991.25,466.0
7931,A-,D-,4,D-,"(1, 5, 8)",I,D-,F,D-,991.375,466.0
7932,A-,D-,4,D-,"(1, 5, 8)",I,D-,F,D-,991.5,466.0
7933,A-,D-,4,D-,"(1, 5, 8)",I,D-,F,D-,991.625,466.0
7934,A-,D-,4,D-,"(1, 5, 8)",I,D-,F,D-,991.75,466.0
7935,A-,D-,4,D-,"(1, 5, 8)",I,D-,F,D-,991.875,466.0
7936,A-,D-,0,D-,"(1, 5, 8)",I,D-,F,D-,992.0,467.0
7937,A-,D-,1,D-,"(1, 5, 8)",I,D-,F,D-,992.125,467.0
7938,A-,D-,2,D-,"(1, 5, 8)",I,D-,F,D-,992.25,467.0
7939,A-,D-,2,D-,"(1, 5, 8)",I,D-,F,D-,992.375,467.0
7940,A-,D-,3,D-,"(1, 5, 8)",I,D-,F,D-,992.5,467.0
7941,A-,D-,3,D-,"(1, 5, 8)",I,D-,F,D-,992.625,467.0
7942,A-,D-,3,D-,"(1, 5, 8)",I,D-,F,D-,992.75,467.0
7943,A-,D-,3,D-,"(1, 5, 8)",I,D-,F,D-,992.875,467.0
7944,A-,D-,4,D-,"(1, 5, 8)",I,D-,F,D-,993.0,467.0
7945,A-,D-,4,D-,"(1, 5, 8)",I,D-,F,D-,993.125,467.0
7946,A-,D-,4,D-,"(1, 5, 8)",I,D-,F,D-,993.25,467.0
7947,A-,D-,4,D-,"(1, 5, 8)",I,D-,F,D-,993.375,467.0
7948,A-,D-,4,D-,"(1, 5, 8)",I,D-,F,D-,993.5,467.0
7949,A-,D-,4,D-,"(1, 5, 8)",I,D-,F,D-,993.625,467.0
7950,A-,D-,4,D-,"(1, 5, 8)",I,D-,F,D-,993.75,467.0
7951,A-,D-,4,D-,"(1, 5, 8)",I,D-,F,D-,993.875,467.0
7952,F,B-,0,D-,"(1, 5, 10)",vi,B-,D-,D-,994.0,468.0
7953,F,B-,1,D-,"(1, 5, 10)",vi,B-,D-,D-,994.125,468.0
7954,F,B-,2,D-,"(1, 5, 10)",vi,B-,D-,D-,994.25,468.0
7955,F,B-,2,D-,"(1, 5, 10)",vi,B-,D-,D-,994.375,468.0
7956,F,B-,3,D-,"(1, 5, 10)",vi,B-,D-,D-,994.5,468.0
7957,F,B-,3,D-,"(1, 5, 10)",vi,B-,D-,D-,994.625,468.0
7958,F,B-,3,D-,"(1, 5, 10)",vi,B-,D-,D-,994.75,468.0
7959,F,B-,3,D-,"(1, 5, 10)",vi,B-,D-,D-,994.875,468.0
7960,F,B-,4,D-,"(1, 5, 10)",vi,B-,D-,D-,995.0,468.0
7961,F,B-,4,D-,"(1, 5, 10)",vi,B-,D-,D-,995.125,468.0
7962,F,B-,4,D-,"(1, 5, 10)",vi,B-,D-,D-,995.25,468.0
7963,F,B-,4,D-,"(1, 5, 10)",vi,B-,D-,D-,995.375,468.0
7964,F,B-,4,D-,"(1, 5, 10)",vi,B-,D-,D-,995.5,468.0
7965,F,B-,4,D-,"(1, 5, 10)",vi,B-,D-,D-,995.625,468.0
7966,F,B-,4,D-,"(1, 5, 10)",vi,B-,D-,D-,995.75,468.0
7967,F,B-,4,D-,"(1, 5, 10)",vi,B-,D-,D-,995.875,468.0
7968,D-,G,0,D-,"(1, 7, 10)",ii,G,B-,f,996.0,469.0
7969,D-,G,1,D-,"(1, 7, 10)",ii,G,B-,f,996.125,469.0
7970,D-,G,2,D-,"(1, 7, 10)",ii,G,B-,f,996.25,469.0
7971,D-,G,2,D-,"(1, 7, 10)",ii,G,B-,f,996.375,469.0
7972,D-,G,3,D-,"(1, 7, 10)",ii,G,B-,f,996.5,469.0
7973,D-,G,3,D-,"(1, 7, 10)",ii,G,B-,f,996.625,469.0
7974,D-,G,3,D-,"(1, 7, 10)",ii,G,B-,f,996.75,469.0
7975,D-,G,3,D-,"(1, 7, 10)",ii,G,B-,f,996.875,469.0
7976,D-,G,4,D-,"(1, 4, 7, 10)",V7,F,B-,f,997.0,469.0
7977,D-,G,4,D-,"(1, 4, 7, 10)",V7,F,B-,f,997.125,469.0
7978,D-,G,4,D-,"(1, 5, 7, 10)",V7,F,B-,f,997.25,469.0
7979,D-,G,4,D-,"(1, 5, 7, 10)",V7,F,B-,f,997.375,469.0
7980,D-,G,0,D-,"(1, 5, 8)",V7,D-,G,f,997.5,469.0
7981,D-,G,1,D-,"(1, 5, 8)",V7,D-,G,f,997.625,469.0
7982,D-,G,2,D-,"(1, 5, 8)",V7,D-,G,f,997.75,469.0
7983,D-,G,4,D-,"(1, 5, 8)",V7,D-,G,f,997.875,469.0
7984,C,E,0,f,"(0, 4, 7)",V,C,G,f,998.0,470.0
7985,C,E,1,f,"(0, 4, 7)",V,C,G,f,998.125,470.0
7986,C,E,2,f,"(0, 4, 7)",V,C,G,f,998.25,470.0
7987,C,E,2,f,"(0, 4, 7)",V,C,G,f,998.375,470.0
7988,C,E,3,f,"(0, 4, 7)",V,C,G,f,998.5,470.0
7989,C,E,3,f,"(0, 4, 7)",V,C,G,f,998.625,470.0
7990,C,E,3,f,"(0, 4, 7)",V,C,G,f,998.75,470.0
7991,C,E,3,f,"(0, 4, 7)",V,C,G,f,998.875,470.0
7992,C,E,4,f,"(0, 4, 7)",V,C,G,f,999.0,470.0
7993,C,E,4,f,"(0, 4, 7)",V,C,G,f,999.125,470.0
7994,C,E,4,f,"(0, 4, 7)",V,C,G,f,999.25,470.0
7995,C,E,4,f,"(0, 4, 7)",V,C,G,f,999.375,470.0
7996,C,E,4,f,"(0, 4, 7)",V,C,G,f,999.5,470.0
7997,C,E,4,f,"(0, 4, 7)",V,C,G,f,999.625,470.0
7998,C,E,4,f,"(0, 4, 7)",V,C,G,f,999.75,470.0
7999,C,E,4,f,"(0, 4, 7)",V,C,G,f,999.875,470.0
8000,C,F,0,f,"(0, 5, 8)",i,F,A-,f,1000.0,471.0
8001,C,F,1,f,"(0, 5, 8)",i,F,A-,f,1000.125,471.0
8002,C,F,2,f,"(0, 5, 8)",i,F,A-,f,1000.25,471.0
8003,C,F,2,f,"(0, 5, 8)",i,F,A-,f,1000.375,471.0
8004,C,F,3,f,"(0, 5, 8)",i,F,A-,f,1000.5,471.0
8005,C,F,3,f,"(0, 5, 8)",i,F,A-,f,1000.625,471.0
8006,C,F,3,f,"(0, 5, 8)",i,F,A-,f,1000.75,471.0
8007,C,F,3,f,"(0, 5, 8)",i,F,A-,f,1000.875,471.0
8008,C,F,4,f,"(0, 5, 8)",i,F,A-,f,1001.0,471.0
8009,C,F,4,f,"(0, 5, 8)",i,F,A-,f,1001.125,471.0
8010,C,F,4,f,"(0, 5, 8)",i,F,A-,f,1001.25,471.0
8011,C,F,4,f,"(0, 5, 8)",i,F,A-,f,1001.375,471.0
8012,C,F,4,f,"(0, 5, 8)",i,F,A-,f,1001.5,471.0
8013,C,F,4,f,"(0, 5, 8)",i,F,A-,f,1001.625,471.0
8014,C,F,4,f,"(0, 5, 8)",i,F,A-,f,1001.75,471.0
8015,C,F,4,f,"(0, 5, 8)",i,F,A-,f,1001.875,471.0
8016,A-,D-,0,D-,"(1, 5, 8)",VI,F,F,f,1002.0,472.0
8017,A-,D-,1,D-,"(1, 5, 8)",VI,F,F,f,1002.125,472.0
8018,A-,D-,2,D-,"(1, 5, 8)",VI,F,F,f,1002.25,472.0
8019,A-,D-,2,D-,"(1, 5, 8)",VI,F,F,f,1002.375,472.0
8020,A-,D-,3,D-,"(1, 5, 8)",VI,F,F,f,1002.5,472.0
8021,A-,D-,3,D-,"(1, 5, 8)",VI,F,F,f,1002.625,472.0
8022,A-,D-,3,D-,"(1, 5, 8)",VI,F,F,f,1002.75,472.0
8023,A-,D-,3,D-,"(1, 5, 8)",VI,F,F,f,1002.875,472.0
8024,A-,D-,4,f,"(1, 5, 8)",VI,F,F,f,1003.0,472.0
8025,A-,D-,4,f,"(1, 5, 8)",VI,F,F,f,1003.125,472.0
8026,A-,D-,4,f,"(1, 5, 8)",VI,F,F,f,1003.25,472.0
8027,A-,D-,4,f,"(1, 5, 8)",VI,F,F,f,1003.375,472.0
8028,A-,D-,4,f,"(1, 5, 8)",VI,F,F,f,1003.5,472.0
8029,A-,D-,4,f,"(1, 5, 8)",VI,F,F,f,1003.625,472.0
8030,A-,D-,4,f,"(1, 5, 8)",VI,F,F,f,1003.75,472.0
8031,A-,D-,4,f,"(1, 5, 8)",VI,F,F,f,1003.875,472.0
8032,F,B,0,f,"(2, 5, 7, 11)",V7,G,D,C,1004.0,473.0
8033,F,B,1,f,"(2, 5, 7, 11)",V7,G,D,c,1004.125,473.0
8034,F,B,2,f,"(2, 5, 7, 11)",V7,G,D,C,1004.25,473.0
8035,F,B,2,f,"(2, 5, 7, 11)",V7,G,D,C,1004.375,473.0
8036,F,B,3,f,"(2, 5, 7, 11)",V7,G,D,c,1004.5,473.0
8037,F,B,3,f,"(2, 5, 7, 11)",V7,G,D,C,1004.625,473.0
8038,F,B,3,f,"(2, 5, 7, 11)",V7,G,D,C,1004.75,473.0
8039,F,B,3,f,"(2, 5, 7, 11)",V7,G,D,C,1004.875,473.0
8040,F,B,4,f,"(2, 5, 7, 11)",V7,G,D,C,1005.0,473.0
8041,F,B,4,f,"(2, 5, 7, 11)",V7,G,D,C,1005.125,473.0
8042,F,B,4,f,"(2, 5, 7, 11)",V7,G,D,C,1005.25,473.0
8043,F,B,4,f,"(2, 5, 7, 11)",V7,G,D,C,1005.375,473.0
8044,F,B,4,f,"(2, 5, 7, 11)",viio7,G,D,C,1005.5,473.0
8045,F,B,4,f,"(2, 5, 7, 11)",viio7,G,D,C,1005.625,473.0
8046,F,B,4,f,"(2, 5, 7, 11)",viio7,G,D,C,1005.75,473.0
8047,F,B,4,f,"(2, 5, 7, 11)",viio7,G,D,C,1005.875,473.0
8048,G,C,0,f,"(0, 4, 7)",V,C,E,f,1006.0,474.0
8049,G,C,1,f,"(0, 4, 7)",V,C,E,f,1006.125,474.0
8050,G,C,2,f,"(0, 4, 7)",V,C,E,f,1006.25,474.0
8051,G,C,2,f,"(0, 4, 7)",V,C,E,f,1006.375,474.0
8052,G,C,3,f,"(0, 4, 7)",V,C,E,f,1006.5,474.0
8053,G,C,3,f,"(0, 4, 7)",V,C,E,f,1006.625,474.0
8054,G,C,3,f,"(0, 4, 7)",V,C,E,f,1006.75,474.0
8055,G,C,3,f,"(0, 4, 7)",V,C,E,f,1006.875,474.0
8056,G,C,4,f,"(0, 4, 7)",V,C,E,f,1007.0,474.0
8057,G,C,4,f,"(0, 4, 7)",V,C,E,f,1007.125,474.0
8058,G,C,4,f,"(0, 4, 7)",V,C,E,f,1007.25,474.0
8059,G,C,4,f,"(0, 4, 7)",V,C,E,f,1007.375,474.0
8060,G,C,4,f,"(0, 4, 7)",V,C,E,f,1007.5,474.0
8061,G,C,4,f,"(0, 4, 7)",V,C,E,f,1007.625,474.0
8062,G,C,4,f,"(0, 4, 7)",V,C,E,f,1007.75,474.0
8063,G,C,4,f,"(0, 4, 7)",V,C,E,f,1007.875,474.0
8064,G,C,0,f,"(0, 4, 7)",V,C,E,f,1008.0,475.0
8065,G,C,1,f,"(0, 4, 7)",V,C,E,f,1008.125,475.0
8066,G,C,2,f,"(0, 4, 7)",V,C,E,f,1008.25,475.0
8067,G,C,2,f,"(0, 4, 7)",V,C,E,f,1008.375,475.0
8068,G,C,3,f,"(0, 4, 7)",V,C,E,f,1008.5,475.0
8069,G,C,3,f,"(0, 4, 7)",V,C,E,f,1008.625,475.0
8070,G,C,3,f,"(0, 4, 7)",V,C,E,f,1008.75,475.0
8071,G,C,3,f,"(0, 4, 7)",V,C,E,f,1008.875,475.0
8072,G,C,4,f,"(0, 4, 7)",V,C,E,f,1009.0,475.0
8073,G,C,4,f,"(0, 4, 7)",V,C,E,f,1009.125,475.0
8074,G,C,4,f,"(0, 4, 7)",V,C,E,f,1009.25,475.0
8075,G,C,4,f,"(0, 4, 7)",V,C,E,f,1009.375,475.0
8076,G,C,4,f,"(0, 4, 7)",V,C,E,f,1009.5,475.0
8077,G,C,4,f,"(0, 4, 7)",V,C,E,f,1009.625,475.0
8078,G,C,4,f,"(0, 4, 7)",V,C,E,f,1009.75,475.0
8079,G,C,4,f,"(0, 4, 7)",V,C,E,f,1009.875,475.0
8080,A-,C,0,f,"(0, 5, 8)",i,F,F,f,1010.0,476.0
8081,A-,C,1,f,"(0, 5, 8)",i,F,F,f,1010.125,476.0
8082,A-,C,2,f,"(0, 5, 8)",i,F,F,f,1010.25,476.0
8083,A-,C,2,f,"(0, 5, 8)",i,F,F,f,1010.375,476.0
8084,A-,C,3,f,"(0, 5, 8)",i,F,F,f,1010.5,476.0
8085,A-,C,3,f,"(0, 5, 8)",i,F,F,f,1010.625,476.0
8086,A-,C,3,f,"(0, 5, 8)",i,F,F,f,1010.75,476.0
8087,A-,C,3,f,"(0, 5, 8)",i,F,F,f,1010.875,476.0
8088,A-,C,4,f,"(0, 5, 8)",i,F,F,f,1011.0,476.0
8089,A-,C,4,f,"(0, 5, 8)",i,F,F,f,1011.125,476.0
8090,A-,C,4,f,"(0, 5, 8)",i,F,F,f,1011.25,476.0
8091,A-,C,4,f,"(0, 5, 8)",i,F,F,f,1011.375,476.0
8092,A-,C,4,f,"(0, 5, 8)",i,F,F,f,1011.5,476.0
8093,A-,C,4,f,"(0, 5, 8)",i,F,F,f,1011.625,476.0
8094,A-,C,4,f,"(0, 5, 8)",i,F,F,f,1011.75,476.0
8095,A-,C,4,f,"(0, 5, 8)",i,F,F,f,1011.875,476.0
8096,B,B,0,f,"(2, 5, 8, 11)",viio7,B,F,c,1012.0,477.0
8097,D,B,1,f,"(2, 5, 8, 11)",viio7,B,F,c,1012.125,477.0
8098,D,B,2,f,"(2, 5, 8, 11)",viio7,B,F,c,1012.25,477.0
8099,B,B,2,f,"(2, 5, 8, 11)",viio7,B,F,c,1012.375,477.0
8100,B,B,3,f,"(2, 5, 8, 11)",viio7,B,F,c,1012.5,477.0
8101,B,B,3,f,"(2, 5, 8, 11)",viio7,B,F,c,1012.625,477.0
8102,B,B,3,f,"(2, 5, 8, 11)",viio7,B,F,c,1012.75,477.0
8103,B,B,3,f,"(2, 5, 8, 11)",viio7,B,F,c,1012.875,477.0
8104,B,B,4,f,"(2, 5, 8, 11)",viio7,B,F,c,1013.0,477.0
8105,B,B,4,f,"(2, 5, 8, 11)",viio7,B,F,c,1013.125,477.0
8106,B,B,4,f,"(2, 5, 8, 11)",viio7,B,F,c,1013.25,477.0
8107,B,B,4,f,"(2, 5, 8, 11)",viio7,B,F,c,1013.375,477.0
8108,B,B,4,f,"(2, 5, 8, 11)",viio7,F,F,c,1013.5,477.0
8109,B,B,4,f,"(2, 5, 8, 11)",viio7,F,F,c,1013.625,477.0
8110,B,B,4,f,"(2, 5, 8, 11)",viio7,F,F,c,1013.75,477.0
8111,B,B,4,f,"(2, 5, 8, 11)",viio7,F,F,c,1013.875,477.0
8112,G,C,0,f,"(0, 4, 7)",V,C,E,f,1014.0,478.0
8113,G,C,1,f,"(0, 4, 7)",V,C,E,f,1014.125,478.0
8114,G,C,2,f,"(0, 4, 7)",V,C,E,f,1014.25,478.0
8115,G,C,2,f,"(0, 4, 7)",V,C,E,f,1014.375,478.0
8116,G,C,3,f,"(0, 4, 7)",V,C,E,f,1014.5,478.0
8117,G,C,3,f,"(0, 4, 7)",V,C,E,f,1014.625,478.0
8118,G,C,3,f,"(0, 4, 7)",V,C,E,f,1014.75,478.0
8119,G,C,3,f,"(0, 4, 7)",V,C,E,f,1014.875,478.0
8120,G,C,4,f,"(0, 4, 7)",V,C,E,f,1015.0,478.0
8121,G,C,4,f,"(0, 4, 7)",V,C,E,f,1015.125,478.0
8122,G,C,4,f,"(0, 4, 7)",V,C,E,f,1015.25,478.0
8123,G,C,4,f,"(0, 4, 7)",V,C,E,f,1015.375,478.0
8124,G,C,4,f,"(0, 4, 7)",V,C,E,f,1015.5,478.0
8125,G,C,4,f,"(0, 4, 7)",V,C,E,f,1015.625,478.0
8126,G,C,4,f,"(0, 4, 7)",V,C,E,f,1015.75,478.0
8127,G,C,4,f,"(0, 4, 7)",V,C,E,f,1015.875,478.0
8128,G,C,0,C,"(0, 4, 7)",V,C,E,f,1016.0,479.0
8129,G,C,1,C,"(0, 4, 7)",V,C,E,f,1016.125,479.0
8130,G,C,2,C,"(0, 4, 7)",V,C,E,f,1016.25,479.0
8131,G,C,2,C,"(0, 4, 7)",V,C,E,f,1016.375,479.0
8132,G,C,3,C,"(0, 4, 7)",V,C,E,f,1016.5,479.0
8133,G,C,3,C,"(0, 4, 7)",V,C,E,f,1016.625,479.0
8134,G,C,3,C,"(0, 4, 7)",V,C,E,f,1016.75,479.0
8135,G,C,3,C,"(0, 4, 7)",V,C,E,f,1016.875,479.0
8136,G,C,4,f,"(0, 4, 7)",V,C,E,f,1017.0,479.0
8137,G,C,4,f,"(0, 4, 7)",V,C,E,f,1017.125,479.0
8138,G,C,4,f,"(0, 4, 7)",V,C,E,f,1017.25,479.0
8139,G,C,4,f,"(0, 4, 7)",V,C,E,f,1017.375,479.0
8140,G,C,4,f,"(0, 4, 7)",V,C,E,f,1017.5,479.0
8141,G,C,4,f,"(0, 4, 7)",V,C,E,f,1017.625,479.0
8142,G,C,4,f,"(0, 4, 7)",V,C,E,f,1017.75,479.0
8143,G,C,4,f,"(0, 4, 7)",V,C,E,f,1017.875,479.0
8144,A-,C,0,f,"(0, 5, 8)",i,F,F,f,1018.0,480.0
8145,A-,C,1,f,"(0, 5, 8)",i,F,F,f,1018.125,480.0
8146,A-,C,2,f,"(0, 5, 8)",i,F,F,f,1018.25,480.0
8147,A-,C,2,f,"(0, 5, 8)",i,F,F,f,1018.375,480.0
8148,A-,C,3,f,"(0, 5, 8)",i,F,F,f,1018.5,480.0
8149,A-,C,3,f,"(0, 5, 8)",i,F,F,f,1018.625,480.0
8150,A-,C,3,f,"(0, 5, 8)",i,F,F,f,1018.75,480.0
8151,A-,C,3,f,"(0, 5, 8)",i,F,F,f,1018.875,480.0
8152,A-,C,4,f,"(0, 5, 8)",i,F,F,f,1019.0,480.0
8153,A-,C,4,f,"(0, 5, 8)",i,F,F,f,1019.125,480.0
8154,A-,C,4,f,"(0, 5, 8)",i,F,F,f,1019.25,480.0
8155,A-,C,4,f,"(0, 5, 8)",i,F,F,f,1019.375,480.0
8156,A-,C,4,f,"(0, 5, 8)",i,F,F,f,1019.5,480.0
8157,A-,C,4,f,"(0, 5, 8)",i,F,F,f,1019.625,480.0
8158,A-,C,4,f,"(0, 5, 8)",i,F,F,f,1019.75,480.0
8159,A-,C,4,f,"(0, 5, 8)",i,F,F,f,1019.875,480.0
8160,B,B,0,C,"(2, 5, 8, 11)",viio7,B,F,c,1020.0,481.0
8161,B,B,1,C,"(2, 5, 8, 11)",viio7,B,F,c,1020.125,481.0
8162,B,B,2,C,"(2, 5, 8, 11)",viio7,B,F,c,1020.25,481.0
8163,B,B,2,C,"(2, 5, 8, 11)",viio7,B,F,c,1020.375,481.0
8164,B,B,3,C,"(2, 5, 8, 11)",viio7,B,F,c,1020.5,481.0
8165,B,B,3,C,"(2, 5, 8, 11)",viio7,B,F,c,1020.625,481.0
8166,B,B,3,C,"(2, 5, 8, 11)",viio7,B,F,c,1020.75,481.0
8167,B,B,3,C,"(2, 5, 8, 11)",viio7,B,F,c,1020.875,481.0
8168,B,B,4,C,"(2, 5, 8, 11)",viio7,B,F,c,1021.0,481.0
8169,B,B,4,C,"(2, 5, 8, 11)",viio7,B,F,c,1021.125,481.0
8170,B,B,4,C,"(2, 5, 8, 11)",viio7,B,F,c,1021.25,481.0
8171,B,B,4,C,"(2, 5, 8, 11)",viio7,B,F,c,1021.375,481.0
8172,B,B,4,C,"(2, 5, 8, 11)",viio7,F,F,c,1021.5,481.0
8173,B,B,4,C,"(2, 5, 8, 11)",viio7,B,F,c,1021.625,481.0
8174,B,B,4,C,"(2, 5, 8, 11)",viio7,B,F,c,1021.75,481.0
8175,B,B,4,C,"(2, 5, 8, 11)",viio7,B,F,c,1021.875,481.0
8176,G,C,0,C,"(0, 4, 7)",V,C,E,C,1022.0,482.0
8177,G,C,1,C,"(0, 4, 7)",V,C,E,C,1022.125,482.0
8178,G,C,2,C,"(0, 4, 7)",V,C,E,C,1022.25,482.0
8179,G,C,2,C,"(0, 4, 7)",V,C,E,C,1022.375,482.0
8180,G,C,3,C,"(0, 4, 7)",V,C,E,C,1022.5,482.0
8181,G,C,3,C,"(0, 4, 7)",V,C,E,C,1022.625,482.0
8182,G,C,3,C,"(0, 4, 7)",V,C,E,C,1022.75,482.0
8183,G,C,3,C,"(0, 4, 7)",V,C,E,C,1022.875,482.0
8184,G,C,4,C,"(0, 4, 7)",V,C,E,C,1023.0,482.0
8185,G,C,4,C,"(0, 4, 7)",V,C,E,C,1023.125,482.0
8186,G,C,4,C,"(0, 4, 7)",V,C,E,C,1023.25,482.0
8187,G,C,4,C,"(0, 4, 7)",V,C,E,C,1023.375,482.0
8188,G,C,4,C,"(0, 4, 7)",V,C,E,C,1023.5,482.0
8189,G,C,4,C,"(0, 4, 7)",V,C,E,C,1023.625,482.0
8190,G,C,4,C,"(0, 4, 7)",V,C,E,C,1023.75,482.0
8191,G,C,4,C,"(0, 4, 7)",V,C,E,C,1023.875,482.0
8192,B,B,0,C,"(2, 5, 8, 11)",viio7,B,F,c,1024.0,483.0
8193,B,B,1,C,"(2, 5, 8, 11)",viio7,B,F,c,1024.125,483.0
8194,B,B,2,C,"(2, 5, 8, 11)",viio7,B,F,c,1024.25,483.0
8195,B,B,2,C,"(2, 5, 8, 11)",viio7,B,F,c,1024.375,483.0
8196,B,B,3,C,"(2, 5, 8, 11)",viio7,B,F,c,1024.5,483.0
8197,B,B,3,C,"(2, 5, 8, 11)",viio7,B,F,c,1024.625,483.0
8198,B,B,3,C,"(2, 5, 8, 11)",viio7,B,F,c,1024.75,483.0
8199,B,B,3,C,"(2, 5, 8, 11)",viio7,B,F,c,1024.875,483.0
8200,B,B,4,C,"(2, 5, 8, 11)",viio7,B,F,c,1025.0,483.0
8201,B,B,4,C,"(2, 5, 8, 11)",viio7,B,F,c,1025.125,483.0
8202,B,B,4,C,"(2, 5, 8, 11)",viio7,B,F,c,1025.25,483.0
8203,B,B,4,C,"(2, 5, 8, 11)",viio7,B,F,c,1025.375,483.0
8204,B,B,4,C,"(2, 5, 8, 11)",viio7,F,F,c,1025.5,483.0
8205,B,B,4,C,"(2, 5, 8, 11)",viio7,F,F,c,1025.625,483.0
8206,B,B,4,C,"(2, 5, 8, 11)",viio7,F,F,c,1025.75,483.0
8207,B,B,4,C,"(2, 5, 8, 11)",viio7,F,F,c,1025.875,483.0
8208,G,C,0,C,"(0, 4, 7)",V,C,E,C,1026.0,484.0
8209,G,C,1,C,"(0, 4, 7)",V,C,E,C,1026.125,484.0
8210,G,C,2,C,"(0, 4, 7)",V,C,E,C,1026.25,484.0
8211,G,C,2,C,"(0, 4, 7)",V,C,E,C,1026.375,484.0
8212,G,C,3,C,"(0, 4, 7)",V,C,E,C,1026.5,484.0
8213,G,C,3,C,"(0, 4, 7)",V,C,E,C,1026.625,484.0
8214,G,C,3,C,"(0, 4, 7)",V,C,E,C,1026.75,484.0
8215,G,C,3,C,"(0, 4, 7)",V,C,E,C,1026.875,484.0
8216,G,C,4,C,"(0, 4, 7)",V,C,E,C,1027.0,484.0
8217,G,C,4,C,"(0, 4, 7)",V,C,E,C,1027.125,484.0
8218,G,C,4,C,"(0, 4, 7)",V,C,E,C,1027.25,484.0
8219,G,C,4,C,"(0, 4, 7)",V,C,E,C,1027.375,484.0
8220,G,C,4,C,"(0, 4, 7)",V,C,E,C,1027.5,484.0
8221,G,C,4,C,"(0, 4, 7)",V,C,E,C,1027.625,484.0
8222,G,C,4,C,"(0, 4, 7)",V,C,E,C,1027.75,484.0
8223,G,C,4,C,"(0, 4, 7)",V,C,E,C,1027.875,484.0
8224,B,B,0,C,"(2, 5, 8, 11)",viio7,F,F,c,1028.0,485.0
8225,B,B,1,C,"(2, 5, 8, 11)",viio7,F,F,c,1028.125,485.0
8226,B,B,2,C,"(2, 5, 8, 11)",viio7,F,F,c,1028.25,485.0
8227,B,B,2,C,"(2, 5, 8, 11)",viio7,F,F,c,1028.375,485.0
8228,B,B,3,C,"(2, 5, 8, 11)",viio7,F,F,c,1028.5,485.0
8229,B,B,3,C,"(2, 5, 8, 11)",viio7,F,F,c,1028.625,485.0
8230,B,B,3,C,"(2, 5, 8, 11)",viio7,F,F,c,1028.75,485.0
8231,B,B,3,C,"(2, 5, 8, 11)",viio7,F,F,c,1028.875,485.0
8232,B,B,4,C,"(2, 5, 8, 11)",viio7,F,F,c,1029.0,485.0
8233,B,B,4,C,"(2, 5, 8, 11)",viio7,F,F,c,1029.125,485.0
8234,B,B,4,C,"(2, 5, 8, 11)",viio7,F,F,c,1029.25,485.0
8235,B,B,4,C,"(2, 5, 8, 11)",viio7,F,F,c,1029.375,485.0
8236,B,B,4,C,"(2, 5, 8, 11)",viio7,F,F,c,1029.5,485.0
8237,B,B,4,C,"(2, 5, 8, 11)",viio7,F,F,c,1029.625,485.0
8238,B,B,4,C,"(2, 5, 8, 11)",viio7,F,F,c,1029.75,485.0
8239,B,B,4,C,"(2, 5, 8, 11)",viio7,F,F,c,1029.875,485.0
8240,G,C,0,C,"(0, 4, 7)",V,C,E,C,1030.0,486.0
8241,G,C,1,C,"(0, 4, 7)",V,C,E,C,1030.125,486.0
8242,G,C,2,C,"(0, 4, 7)",V,C,E,C,1030.25,486.0
8243,G,C,2,C,"(0, 4, 7)",V,C,E,C,1030.375,486.0
8244,G,C,3,C,"(0, 4, 7)",V,C,E,C,1030.5,486.0
8245,G,C,3,C,"(0, 4, 7)",V,C,E,C,1030.625,486.0
8246,G,C,3,C,"(0, 4, 7)",V,C,E,C,1030.75,486.0
8247,G,C,3,C,"(0, 4, 7)",V,C,E,C,1030.875,486.0
8248,G,C,4,C,"(0, 4, 7)",V,C,E,C,1031.0,486.0
8249,G,C,4,C,"(0, 4, 7)",V,C,E,C,1031.125,486.0
8250,G,C,4,C,"(0, 4, 7)",V,C,E,C,1031.25,486.0
8251,G,C,4,C,"(0, 4, 7)",V,C,E,C,1031.375,486.0
8252,G,C,4,C,"(0, 4, 7)",V,C,E,C,1031.5,486.0
8253,G,C,4,C,"(0, 4, 7)",V,C,E,C,1031.625,486.0
8254,G,C,4,C,"(0, 4, 7)",V,C,E,C,1031.75,486.0
8255,G,C,4,C,"(0, 4, 7)",V,C,E,C,1031.875,486.0
8256,G,C,0,C,"(0, 4, 7)",V,F,E,C,1032.0,487.0
8257,G,C,1,C,"(0, 4, 7)",V,F,E,C,1032.125,487.0
8258,G,C,2,C,"(0, 4, 7)",V,F,E,C,1032.25,487.0
8259,G,C,2,C,"(0, 4, 7)",V,F,E,C,1032.375,487.0
8260,G,C,3,C,"(0, 4, 7)",V,F,E,C,1032.5,487.0
8261,G,C,3,C,"(0, 4, 7)",V,C,E,C,1032.625,487.0
8262,G,C,3,C,"(0, 4, 7)",V,C,E,C,1032.75,487.0
8263,G,C,3,C,"(0, 4, 7)",V,C,E,C,1032.875,487.0
8264,G,C,4,C,"(0, 4, 7)",V,C,E,C,1033.0,487.0
8265,G,C,4,C,"(0, 4, 7)",V,C,E,C,1033.125,487.0
8266,G,C,4,C,"(0, 4, 7)",V,C,E,C,1033.25,487.0
8267,G,C,4,C,"(0, 4, 7)",V,C,E,C,1033.375,487.0
8268,G,C,4,C,"(0, 4, 7)",V,C,E,C,1033.5,487.0
8269,G,C,4,C,"(0, 4, 7)",V,C,E,C,1033.625,487.0
8270,G,C,4,C,"(0, 4, 7)",V,C,E,C,1033.75,487.0
8271,G,C,4,C,"(0, 4, 7)",V,C,E,C,1033.875,487.0
8272,G,C,0,C,"(0, 4, 7)",V,C,E,C,1034.0,488.0
8273,G,C,1,C,"(0, 4, 7)",V,C,E,C,1034.125,488.0
8274,G,C,2,C,"(0, 4, 7)",V,C,E,C,1034.25,488.0
8275,G,C,2,C,"(0, 4, 7)",V,C,E,C,1034.375,488.0
8276,G,C,3,C,"(0, 4, 7)",V,C,E,C,1034.5,488.0
8277,G,C,3,C,"(0, 4, 7)",V,C,E,C,1034.625,488.0
8278,G,C,3,C,"(0, 4, 7)",V,C,E,C,1034.75,488.0
8279,G,C,3,C,"(0, 4, 7)",V,C,E,C,1034.875,488.0
8280,G,C,4,C,"(0, 4, 7)",V,C,E,C,1035.0,488.0
8281,G,C,4,C,"(0, 4, 7)",V,C,E,C,1035.125,488.0
8282,G,C,4,C,"(0, 4, 7)",V,C,E,C,1035.25,488.0
8283,G,C,4,C,"(0, 4, 7)",V,C,E,C,1035.375,488.0
8284,G,C,4,C,"(0, 4, 7)",V,C,E,C,1035.5,488.0
8285,G,C,4,C,"(0, 4, 7)",V,C,E,C,1035.625,488.0
8286,G,C,4,C,"(0, 4, 7)",V,C,E,C,1035.75,488.0
8287,G,C,4,C,"(0, 4, 7)",V,C,E,C,1035.875,488.0
8288,G,G,0,C,"(2, 5, 7, 11)",V7,F,B,C,1036.0,489.0
8289,G,G,1,C,"(2, 5, 7, 11)",V7,F,B,C,1036.125,489.0
8290,G,G,2,C,"(2, 5, 7, 11)",V7,F,B,C,1036.25,489.0
8291,G,G,2,C,"(2, 5, 7, 11)",V7,F,B,C,1036.375,489.0
8292,G,G,3,C,"(2, 5, 7, 11)",V7,F,B,C,1036.5,489.0
8293,G,G,3,C,"(2, 5, 7, 11)",V7,F,B,C,1036.625,489.0
8294,G,G,3,C,"(2, 5, 7, 11)",V7,F,B,C,1036.75,489.0
8295,G,G,3,C,"(2, 5, 7, 11)",V7,F,B,C,1036.875,489.0
8296,G,G,4,C,"(2, 5, 7, 11)",V7,F,B,C,1037.0,489.0
8297,G,G,4,C,"(2, 5, 7, 11)",V7,F,B,C,1037.125,489.0
8298,G,G,4,C,"(2, 5, 7, 11)",V7,F,B,C,1037.25,489.0
8299,G,G,4,C,"(2, 5, 7, 11)",V7,F,B,C,1037.375,489.0
8300,G,G,4,C,"(2, 5, 7, 11)",V7,F,B,C,1037.5,489.0
8301,G,G,4,C,"(2, 5, 7, 11)",V7,F,B,C,1037.625,489.0
8302,G,G,4,C,"(2, 5, 7, 11)",V7,F,B,C,1037.75,489.0
8303,G,G,4,C,"(2, 5, 7, 11)",V7,F,B,C,1037.875,489.0
8304,G,C,0,C,"(0, 4, 7)",I,C,E,C,1038.0,490.0
8305,G,C,1,C,"(0, 4, 7)",V,C,E,C,1038.125,490.0
8306,G,C,2,C,"(0, 4, 7)",V,C,E,C,1038.25,490.0
8307,G,C,2,C,"(0, 4, 7)",V,C,E,C,1038.375,490.0
8308,G,C,3,C,"(0, 4, 7)",V,C,E,C,1038.5,490.0
8309,G,C,3,C,"(0, 4, 7)",V,C,E,C,1038.625,490.0
8310,G,C,3,C,"(0, 4, 7)",V,C,E,C,1038.75,490.0
8311,G,C,3,C,"(0, 4, 7)",V,C,E,C,1038.875,490.0
8312,G,C,4,C,"(0, 4, 7)",V,C,E,C,1039.0,490.0
8313,G,C,4,C,"(0, 4, 7)",V,C,E,C,1039.125,490.0
8314,G,C,4,C,"(0, 4, 7)",V,C,E,C,1039.25,490.0
8315,G,C,4,C,"(0, 4, 7)",V,C,E,C,1039.375,490.0
8316,G,C,4,C,"(0, 4, 7)",V7,C,E,C,1039.5,490.0
8317,G,C,4,C,"(0, 4, 7)",V,C,E,C,1039.625,490.0
8318,G,C,4,C,"(0, 4, 7)",V,C,E,C,1039.75,490.0
8319,G,C,4,C,"(0, 4, 7)",I,C,E,C,1039.875,490.0
8320,G,C,0,F,"(0, 4, 7)",I,C,E,F,1040.0,491.0
8321,G,C,1,F,"(0, 4, 7)",V,C,E,F,1040.125,491.0
8322,G,C,2,F,"(0, 4, 7)",V,C,E,F,1040.25,491.0
8323,G,C,2,F,"(0, 4, 7)",V,C,E,F,1040.375,491.0
8324,G,C,3,F,"(0, 4, 7)",V,C,E,F,1040.5,491.0
8325,G,C,3,F,"(0, 4, 7)",V,C,E,F,1040.625,491.0
8326,G,C,3,F,"(0, 4, 7)",V,C,E,F,1040.75,491.0
8327,G,C,3,F,"(0, 4, 7)",V,C,E,F,1040.875,491.0
8328,G,C,4,F,"(0, 4, 7)",V,C,E,F,1041.0,491.0
8329,G,C,4,F,"(0, 4, 7)",V,C,E,F,1041.125,491.0
8330,G,C,4,F,"(0, 4, 7)",V,C,E,F,1041.25,491.0
8331,G,C,4,F,"(0, 4, 7)",V,C,E,F,1041.375,491.0
8332,G,C,4,F,"(0, 4, 7)",V,C,E,F,1041.5,491.0
8333,G,C,4,F,"(0, 4, 7)",V,C,E,F,1041.625,491.0
8334,G,C,4,F,"(0, 4, 7)",V,C,E,F,1041.75,491.0
8335,G,C,4,F,"(0, 4, 7)",V,C,E,F,1041.875,491.0
8336,G,C,5,F,"(0, 4, 7)",V,C,E,F,1042.0,492.0
8337,G,C,5,F,"(0, 4, 7)",V,C,E,F,1042.125,492.0
8338,G,C,5,F,"(0, 4, 7)",V,C,E,F,1042.25,492.0
8339,G,C,5,F,"(0, 4, 7)",V,C,E,F,1042.375,492.0
8340,G,C,5,F,"(0, 4, 7)",V,C,E,F,1042.5,492.0
8341,G,C,5,F,"(0, 4, 7)",V,C,E,F,1042.625,492.0
8342,G,C,5,F,"(0, 4, 7)",V,C,E,F,1042.75,492.0
8343,G,C,5,F,"(0, 4, 7)",V,C,E,F,1042.875,492.0
8344,G,C,4,F,"(0, 4, 7)",V,C,E,F,1043.0,492.0
8345,G,C,4,F,"(0, 4, 7)",V,C,E,F,1043.125,492.0
8346,G,C,4,F,"(0, 4, 7)",V,C,E,F,1043.25,492.0
8347,G,C,4,F,"(0, 4, 7)",V,C,E,F,1043.375,492.0
8348,G,C,4,F,"(0, 4, 7)",V,C,E,F,1043.5,492.0
8349,G,C,4,F,"(0, 4, 7)",V,C,E,F,1043.625,492.0
8350,G,C,4,F,"(0, 4, 7)",V,C,E,F,1043.75,492.0
8351,G,C,4,F,"(0, 4, 7)",V,C,E,F,1043.875,492.0
8352,G,C,0,F,"(0, 4, 7)",I,C,E,F,1044.0,493.0
8353,G,C,1,F,"(0, 4, 7)",V,C,E,F,1044.125,493.0
8354,G,C,2,F,"(0, 4, 7)",V,C,E,F,1044.25,493.0
8355,G,C,2,F,"(0, 4, 7)",V,C,E,F,1044.375,493.0
8356,G,C,3,F,"(0, 4, 7)",V,C,E,F,1044.5,493.0
8357,G,C,3,F,"(0, 4, 7)",V,C,E,F,1044.625,493.0
8358,G,C,3,F,"(0, 4, 7)",V,C,E,F,1044.75,493.0
8359,G,C,3,F,"(0, 4, 7)",V,C,E,F,1044.875,493.0
8360,G,C,4,F,"(0, 4, 7)",V,F,E,F,1045.0,493.0
8361,G,C,4,F,"(0, 4, 7)",V,F,E,F,1045.125,493.0
8362,G,C,4,F,"(0, 4, 7)",V,F,E,F,1045.25,493.0
8363,G,C,4,F,"(0, 4, 7)",V,F,E,F,1045.375,493.0
8364,G,C,4,F,"(0, 4, 7)",V,F,E,F,1045.5,493.0
8365,G,C,4,F,"(0, 4, 7)",V,F,E,F,1045.625,493.0
8366,G,C,4,F,"(0, 4, 7)",V,F,E,F,1045.75,493.0
8367,G,C,4,F,"(0, 4, 7)",V,F,E,F,1045.875,493.0
8368,C,F,0,F,"(0, 5, 9)",I,F,A,F,1046.0,494.0
8369,C,F,1,F,"(0, 5, 9)",I,F,A,F,1046.125,494.0
8370,C,F,2,F,"(0, 5, 9)",I,F,A,F,1046.25,494.0
8371,C,F,2,F,"(0, 5, 9)",I,F,A,F,1046.375,494.0
8372,C,F,3,F,"(0, 5, 9)",I,F,A,F,1046.5,494.0
8373,C,F,3,F,"(0, 5, 9)",I,F,A,F,1046.625,494.0
8374,C,F,3,F,"(0, 5, 9)",I,F,A,F,1046.75,494.0
8375,C,F,3,F,"(0, 5, 9)",I,F,A,F,1046.875,494.0
8376,C,F,4,F,"(0, 5, 9)",I,F,A,F,1047.0,494.0
8377,C,F,4,F,"(0, 5, 9)",I,F,A,F,1047.125,494.0
8378,C,F,4,F,"(0, 5, 9)",I,F,A,F,1047.25,494.0
8379,C,F,4,F,"(0, 5, 9)",I,F,A,F,1047.375,494.0
8380,C,F,4,F,"(0, 5, 9)",I,F,A,F,1047.5,494.0
8381,C,F,4,F,"(0, 5, 9)",I,F,A,F,1047.625,494.0
8382,C,F,4,F,"(0, 5, 9)",I,F,A,F,1047.75,494.0
8383,C,F,4,F,"(0, 5, 9)",I,F,A,F,1047.875,494.0
8384,D,G,0,F,"(0, 4, 7, 10)",V7,F,B-,F,1048.0,495.0
8385,C,G,1,F,"(0, 4, 7, 10)",V7,F,B-,F,1048.125,495.0
8386,C,G,2,F,"(0, 4, 7, 10)",V7,F,B-,F,1048.25,495.0
8387,C,G,2,F,"(0, 4, 7, 10)",V7,F,B-,F,1048.375,495.0
8388,C,G,3,F,"(0, 4, 7, 10)",V,F,B-,F,1048.5,495.0
8389,C,G,3,F,"(0, 4, 7, 10)",V7,F,B-,F,1048.625,495.0
8390,C,G,3,F,"(0, 4, 7, 10)",V7,F,B-,F,1048.75,495.0
8391,C,G,3,F,"(0, 4, 7, 10)",V7,F,B-,F,1048.875,495.0
8392,C,F,4,F,"(0, 5, 9)",I,F,A,F,1049.0,495.0
8393,C,F,4,F,"(0, 5, 9)",I,F,A,F,1049.125,495.0
8394,C,F,4,F,"(0, 5, 9)",I,F,A,F,1049.25,495.0
8395,C,F,4,F,"(0, 5, 9)",I,F,A,F,1049.375,495.0
8396,C,F,4,F,"(0, 5, 9)",I,F,A,F,1049.5,495.0
8397,C,F,4,F,"(0, 5, 9)",I,F,A,F,1049.625,495.0
8398,C,F,4,F,"(0, 5, 9)",I,F,A,F,1049.75,495.0
8399,C,F,4,F,"(0, 5, 9)",I,F,A,F,1049.875,495.0
8400,C,E,0,F,"(0, 4, 7)",V,C,G,F,1050.0,496.0
8401,C,E,1,F,"(0, 4, 7)",V,C,G,F,1050.125,496.0
8402,C,E,2,F,"(0, 4, 7)",V,C,G,F,1050.25,496.0
8403,C,E,2,F,"(0, 4, 7)",V,C,G,F,1050.375,496.0
8404,C,E,3,F,"(0, 4, 7)",V,C,G,F,1050.5,496.0
8405,C,E,3,F,"(0, 4, 7)",V,C,G,F,1050.625,496.0
8406,C,E,3,F,"(0, 4, 7)",V,C,G,F,1050.75,496.0
8407,C,E,3,F,"(0, 4, 7)",V,C,G,F,1050.875,496.0
8408,A,D,0,F,"(0, 4, 7)",V7,C,F,F,1051.0,496.0
8409,A,D,1,F,"(0, 4, 7)",V7,C,F,F,1051.125,496.0
8410,A,D,2,F,"(0, 4, 7)",V7,C,F,F,1051.25,496.0
8411,A,D,2,F,"(0, 4, 7)",V7,C,F,F,1051.375,496.0
8412,A,D,3,F,"(0, 4, 7)",V7,C,F,F,1051.5,496.0
8413,A,D,3,F,"(0, 4, 7)",V7,C,F,F,1051.625,496.0
8414,A,D,3,F,"(0, 4, 7)",V7,C,F,F,1051.75,496.0
8415,A,D,3,F,"(0, 4, 7)",V7,C,F,F,1051.875,496.0
8416,G,C,0,F,"(0, 4, 7)",V,C,E,F,1052.0,497.0
8417,G,C,1,F,"(0, 4, 7)",V,C,E,F,1052.125,497.0
8418,G,C,2,F,"(0, 4, 7)",V,C,E,F,1052.25,497.0
8419,G,C,2,F,"(0, 4, 7)",V,C,E,F,1052.375,497.0
8420,G,C,3,F,"(0, 4, 7)",V,C,E,F,1052.5,497.0
8421,G,C,3,F,"(0, 4, 7)",V,C,E,F,1052.625,497.0
8422,G,C,3,F,"(0, 4, 7)",V,C,E,F,1052.75,497.0
8423,G,C,3,F,"(0, 4, 7)",V,C,E,F,1052.875,497.0
8424,G,C,4,F,"(0, 4, 7)",V,C,E,F,1053.0,497.0
8425,G,C,4,F,"(0, 4, 7)",V,C,E,F,1053.125,497.0
8426,G,C,4,F,"(0, 4, 7)",V,C,E,F,1053.25,497.0
8427,G,C,4,F,"(0, 4, 7)",V,C,E,F,1053.375,497.0
8428,G,C,4,F,"(0, 4, 7)",V,C,E,F,1053.5,497.0
8429,G,C,4,F,"(0, 4, 7)",V,C,E,F,1053.625,497.0
8430,G,C,4,F,"(0, 4, 7)",V,C,E,F,1053.75,497.0
8431,G,C,4,F,"(0, 4, 7)",V,C,E,F,1053.875,497.0
8432,F,A,0,F,"(0, 5, 9)",I,F,C,F,1054.0,498.0
8433,F,A,1,F,"(0, 5, 9)",I,F,C,F,1054.125,498.0
8434,F,A,2,F,"(0, 5, 9)",I,F,C,F,1054.25,498.0
8435,F,A,2,F,"(0, 5, 9)",I,F,C,F,1054.375,498.0
8436,F,F,3,F,"(0, 5, 9)",I,F,C,F,1054.5,498.0
8437,F,F,3,F,"(0, 5, 9)",I,F,C,F,1054.625,498.0
8438,F,F,3,F,"(0, 5, 9)",I,F,C,F,1054.75,498.0
8439,F,F,3,F,"(0, 5, 9)",I,F,C,F,1054.875,498.0
8440,F,F,4,F,"(0, 5, 9)",I,F,C,F,1055.0,498.0
8441,F,F,4,F,"(0, 5, 9)",I,F,C,F,1055.125,498.0
8442,F,F,4,F,"(0, 5, 9)",I,F,C,F,1055.25,498.0
8443,F,F,4,F,"(0, 5, 9)",I,F,C,F,1055.375,498.0
8444,F,F,4,F,"(0, 5, 9)",I,F,C,F,1055.5,498.0
8445,F,F,4,F,"(0, 5, 9)",I,F,C,F,1055.625,498.0
8446,F,F,4,F,"(0, 5, 9)",I,F,C,F,1055.75,498.0
8447,F,F,4,F,"(0, 5, 9)",I,F,C,F,1055.875,498.0
8448,C,G,0,F,"(0, 4, 7, 10)",V7,F,B-,F,1056.0,499.0
8449,C,G,1,F,"(0, 4, 7, 10)",V7,F,B-,F,1056.125,499.0
8450,C,G,2,F,"(0, 4, 7, 10)",V7,F,B-,F,1056.25,499.0
8451,C,G,2,F,"(0, 4, 7, 10)",V7,F,B-,F,1056.375,499.0
8452,C,G,3,F,"(0, 4, 7, 10)",V7,F,B-,F,1056.5,499.0
8453,C,G,3,F,"(0, 4, 7, 10)",V7,F,B-,F,1056.625,499.0
8454,C,G,3,F,"(0, 4, 7, 10)",V7,F,B-,F,1056.75,499.0
8455,C,G,3,F,"(0, 4, 7, 10)",V7,F,B-,F,1056.875,499.0
8456,C,F,4,F,"(0, 5, 9)",I,F,A,F,1057.0,499.0
8457,C,F,4,F,"(0, 5, 9)",I,F,A,F,1057.125,499.0
8458,C,F,4,F,"(0, 5, 9)",I,F,A,F,1057.25,499.0
8459,C,F,4,F,"(0, 5, 9)",I,F,A,F,1057.375,499.0
8460,C,F,4,F,"(0, 5, 9)",I,F,A,F,1057.5,499.0
8461,C,F,4,F,"(0, 5, 9)",I,F,A,F,1057.625,499.0
8462,C,F,4,F,"(0, 5, 9)",I,F,A,F,1057.75,499.0
8463,C,F,4,F,"(0, 5, 9)",I,F,A,F,1057.875,499.0
8464,G,B-,0,F,"(2, 7, 10)",ii,G,D,F,1058.0,500.0
8465,G,B-,1,F,"(2, 7, 10)",ii,G,D,F,1058.125,500.0
8466,G,B-,2,F,"(2, 7, 10)",ii,G,D,F,1058.25,500.0
8467,G,B-,2,F,"(2, 7, 10)",ii,G,D,F,1058.375,500.0
8468,G,B-,3,F,"(2, 7, 10)",ii,G,D,F,1058.5,500.0
8469,G,B-,3,F,"(2, 7, 10)",ii,G,D,F,1058.625,500.0
8470,G,B-,3,F,"(2, 7, 10)",ii,G,D,F,1058.75,500.0
8471,G,B-,3,F,"(2, 7, 10)",ii,G,D,F,1058.875,500.0
8472,G,C,0,F,"(0, 4, 7, 10)",V7,B-,E,F,1059.0,500.0
8473,G,C,1,F,"(0, 4, 7, 10)",V7,B-,E,F,1059.125,500.0
8474,G,C,2,F,"(0, 4, 7, 10)",V7,B-,E,F,1059.25,500.0
8475,G,C,2,F,"(0, 4, 7, 10)",V7,B-,E,F,1059.375,500.0
8476,G,C,3,F,"(0, 4, 7, 10)",V7,B-,E,F,1059.5,500.0
8477,G,C,3,F,"(0, 4, 7, 10)",V7,B-,E,F,1059.625,500.0
8478,G,C,3,F,"(0, 4, 7, 10)",V7,B-,E,F,1059.75,500.0
8479,G,C,3,F,"(0, 4, 7, 10)",V7,B-,E,F,1059.875,500.0
8480,A,C,0,F,"(0, 5, 9)",I,C,F,F,1060.0,501.0
8481,A,C,1,F,"(0, 5, 9)",I,C,F,F,1060.125,501.0
8482,A,C,2,F,"(0, 5, 9)",I,C,F,F,1060.25,501.0
8483,A,C,2,F,"(0, 5, 9)",I,C,F,F,1060.375,501.0
8484,A,C,3,F,"(0, 5, 9)",I,C,F,F,1060.5,501.0
8485,A,C,3,F,"(0, 5, 9)",I,C,F,F,1060.625,501.0
8486,A,C,3,F,"(0, 5, 9)",I,C,F,F,1060.75,501.0
8487,A,C,3,F,"(0, 5, 9)",I,C,F,F,1060.875,501.0
8488,A,C,4,F,"(0, 5, 9)",I,C,F,F,1061.0,501.0
8489,A,C,4,F,"(0, 5, 9)",I,C,F,F,1061.125,501.0
8490,A,C,4,F,"(0, 5, 9)",I,C,F,F,1061.25,501.0
8491,A,C,4,F,"(0, 5, 9)",I,C,F,F,1061.375,501.0
8492,A,C,4,F,"(0, 5, 9)",I,C,F,F,1061.5,501.0
8493,A,C,4,F,"(0, 5, 9)",I,C,F,F,1061.625,501.0
8494,A,C,4,F,"(0, 5, 9)",I,C,F,F,1061.75,501.0
8495,A,C,4,F,"(0, 5, 9)",I,C,F,F,1061.875,501.0
8496,C,F,0,F,"(0, 5, 9)",I,F,A,F,1062.0,502.0
8497,C,F,1,F,"(0, 5, 9)",I,F,A,F,1062.125,502.0
8498,C,F,2,F,"(0, 5, 9)",I,F,A,F,1062.25,502.0
8499,C,F,2,F,"(0, 5, 9)",I,F,A,F,1062.375,502.0
8500,C,F,3,F,"(0, 5, 9)",I,F,A,F,1062.5,502.0
8501,C,F,3,F,"(0, 5, 9)",I,F,A,F,1062.625,502.0
8502,C,F,3,F,"(0, 5, 9)",I,F,A,F,1062.75,502.0
8503,C,F,3,F,"(0, 5, 9)",I,F,A,F,1062.875,502.0
8504,C,F,4,F,"(0, 5, 9)",I,F,A,F,1063.0,502.0
8505,C,F,4,F,"(0, 5, 9)",I,F,A,F,1063.125,502.0
8506,C,F,4,F,"(0, 5, 9)",I,F,A,F,1063.25,502.0
8507,C,F,4,F,"(0, 5, 9)",I,F,A,F,1063.375,502.0
8508,C,F,4,F,"(0, 5, 9)",I,F,A,F,1063.5,502.0
8509,C,F,4,F,"(0, 5, 9)",I,F,A,F,1063.625,502.0
8510,C,F,4,F,"(0, 5, 9)",I,F,A,F,1063.75,502.0
8511,C,F,4,F,"(0, 5, 9)",I,F,A,F,1063.875,502.0
8512,C,F,0,F,"(0, 5, 9)",I,B-,F,F,1064.0,503.0
8513,C,F,1,F,"(0, 5, 9)",I,B-,F,F,1064.125,503.0
8514,C,F,2,F,"(0, 5, 9)",I,B-,F,F,1064.25,503.0
8515,C,F,2,F,"(0, 5, 9)",I,B-,F,F,1064.375,503.0
8516,C,F,3,F,"(0, 5, 9)",I,B-,F,F,1064.5,503.0
8517,C,F,3,F,"(0, 5, 9)",I,B-,F,F,1064.625,503.0
8518,C,F,3,F,"(0, 5, 9)",I,B-,F,F,1064.75,503.0
8519,C,F,3,F,"(0, 5, 9)",I,B-,F,F,1064.875,503.0
8520,C,F,4,F,"(0, 5, 9)",I,B-,F,F,1065.0,503.0
8521,C,F,4,F,"(0, 5, 9)",I,B-,F,F,1065.125,503.0
8522,C,F,4,F,"(0, 5, 9)",I,B-,F,F,1065.25,503.0
8523,C,F,4,F,"(0, 5, 9)",I,B-,F,F,1065.375,503.0
8524,C,F,4,F,"(0, 5, 9)",I,F,F,F,1065.5,503.0
8525,C,F,4,F,"(0, 5, 9)",I,F,F,F,1065.625,503.0
8526,C,F,4,F,"(0, 5, 9)",I,F,F,F,1065.75,503.0
8527,C,F,4,F,"(0, 5, 9)",I,F,F,F,1065.875,503.0
8528,F,B-,0,F,"(0, 5, 9)",I,F,C,F,1066.0,504.0
8529,F,B-,1,F,"(0, 5, 9)",I,F,C,F,1066.125,504.0
8530,F,B-,2,F,"(0, 5, 9)",I,F,C,F,1066.25,504.0
8531,F,B-,2,F,"(0, 5, 9)",I,F,C,F,1066.375,504.0
8532,F,B-,3,F,"(0, 5, 9)",I,F,C,F,1066.5,504.0
8533,F,B-,3,F,"(0, 5, 9)",I,F,C,F,1066.625,504.0
8534,F,B-,3,F,"(0, 5, 9)",I,F,C,F,1066.75,504.0
8535,F,B-,3,F,"(0, 5, 9)",I,F,C,F,1066.875,504.0
8536,F,A,4,F,"(0, 5, 9)",I,F,C,F,1067.0,504.0
8537,F,A,4,F,"(0, 5, 9)",I,F,C,F,1067.125,504.0
8538,F,A,4,F,"(0, 5, 9)",I,F,C,F,1067.25,504.0
8539,F,A,4,F,"(0, 5, 9)",I,F,C,F,1067.375,504.0
8540,F,A,4,F,"(0, 5, 9)",I,F,C,F,1067.5,504.0
8541,F,A,4,F,"(0, 5, 9)",I,F,C,F,1067.625,504.0
8542,F,A,4,F,"(0, 5, 9)",I,F,C,F,1067.75,504.0
8543,F,A,4,F,"(0, 5, 9)",I,F,C,F,1067.875,504.0
8544,F,B-,0,F,"(0, 4, 7, 10)",V7,G,D,F,1068.0,505.0
8545,F,B-,1,F,"(0, 4, 7, 10)",V7,G,D,F,1068.125,505.0
8546,F,B-,2,F,"(0, 4, 7, 10)",V7,G,D,F,1068.25,505.0
8547,F,B-,2,F,"(0, 4, 7, 10)",V7,G,D,F,1068.375,505.0
8548,F,B-,3,F,"(0, 4, 7, 10)",V7,G,D,F,1068.5,505.0
8549,F,B-,3,F,"(0, 4, 7, 10)",V7,G,D,F,1068.625,505.0
8550,F,B-,3,F,"(0, 4, 7, 10)",V7,G,D,F,1068.75,505.0
8551,F,B-,3,F,"(0, 4, 7, 10)",V7,G,D,F,1068.875,505.0
8552,F,B-,4,F,"(0, 4, 7, 10)",V7,G,D,F,1069.0,505.0
8553,F,B-,4,F,"(0, 4, 7, 10)",V7,G,D,F,1069.125,505.0
8554,F,B-,4,F,"(0, 4, 7, 10)",V7,G,D,F,1069.25,505.0
8555,F,B-,4,F,"(0, 4, 7, 10)",V7,G,D,F,1069.375,505.0
8556,G,C,4,F,"(0, 4, 7, 10)",V7,B-,E,F,1069.5,505.0
8557,G,C,4,F,"(0, 4, 7, 10)",V7,B-,E,F,1069.625,505.0
8558,G,C,4,F,"(0, 4, 7, 10)",V7,B-,E,F,1069.75,505.0
8559,G,C,4,F,"(0, 4, 7, 10)",V7,B-,E,F,1069.875,505.0
8560,C,F,0,F,"(0, 5, 9)",I,F,A,F,1070.0,506.0
8561,C,F,1,F,"(0, 5, 9)",I,F,A,F,1070.125,506.0
8562,C,F,2,F,"(0, 5, 9)",I,F,A,F,1070.25,506.0
8563,C,F,2,F,"(0, 5, 9)",I,F,A,F,1070.375,506.0
8564,C,F,3,F,"(0, 5, 9)",I,F,A,F,1070.5,506.0
8565,C,F,3,F,"(0, 5, 9)",I,F,A,F,1070.625,506.0
8566,C,F,3,F,"(0, 5, 9)",I,F,A,F,1070.75,506.0
8567,C,F,3,F,"(0, 5, 9)",I,F,A,F,1070.875,506.0
8568,C,F,4,F,"(0, 5, 9)",I,F,A,F,1071.0,506.0
8569,C,F,4,F,"(0, 5, 9)",I,F,A,F,1071.125,506.0
8570,C,F,4,F,"(0, 5, 9)",I,F,A,F,1071.25,506.0
8571,C,F,4,F,"(0, 5, 9)",I,F,A,F,1071.375,506.0
8572,C,F,4,F,"(0, 5, 9)",I,F,A,F,1071.5,506.0
8573,C,F,4,F,"(0, 5, 9)",I,F,A,F,1071.625,506.0
8574,C,F,4,F,"(0, 5, 9)",I,F,A,F,1071.75,506.0
8575,C,F,4,F,"(0, 5, 9)",I,F,A,F,1071.875,506.0
8576,C,F,0,F,"(0, 5, 9)",I,B-,F,F,1072.0,507.0
8577,C,C,1,F,"(0, 5, 9)",I,B-,F,F,1072.125,507.0
8578,C,C,2,F,"(0, 5, 9)",I,B-,F,F,1072.25,507.0
8579,C,C,2,F,"(0, 5, 9)",I,B-,F,F,1072.375,507.0
8580,C,C,3,F,"(0, 5, 9)",I,B-,F,F,1072.5,507.0
8581,C,C,3,F,"(0, 5, 9)",I,B-,F,F,1072.625,507.0
8582,C,C,3,F,"(0, 5, 9)",I,B-,F,F,1072.75,507.0
8583,C,C,3,F,"(0, 5, 9)",I,B-,F,F,1072.875,507.0
8584,C,F,4,F,"(0, 5, 9)",I,B-,F,F,1073.0,507.0
8585,C,F,4,F,"(0, 5, 9)",I,B-,F,F,1073.125,507.0
8586,C,F,4,F,"(0, 5, 9)",I,B-,F,F,1073.25,507.0
8587,C,F,4,F,"(0, 5, 9)",I,B-,F,F,1073.375,507.0
8588,C,F,4,F,"(0, 5, 9)",I,F,F,F,1073.5,507.0
8589,C,F,4,F,"(0, 5, 9)",I,F,F,F,1073.625,507.0
8590,C,F,4,F,"(0, 5, 9)",I,F,F,F,1073.75,507.0
8591,C,F,4,F,"(0, 5, 9)",I,F,F,F,1073.875,507.0
8592,F,B-,0,F,"(0, 4, 7, 10)",V7,B-,D,F,1074.0,508.0
8593,F,B-,1,F,"(0, 4, 7, 10)",V7,B-,D,F,1074.125,508.0
8594,F,B-,2,F,"(0, 4, 7, 10)",V7,B-,D,F,1074.25,508.0
8595,F,B-,2,F,"(0, 4, 7, 10)",V7,B-,D,F,1074.375,508.0
8596,G,B-,3,F,"(0, 4, 7, 10)",V7,B-,E,F,1074.5,508.0
8597,G,B-,3,F,"(0, 4, 7, 10)",V7,B-,E,F,1074.625,508.0
8598,G,C,3,F,"(0, 4, 7, 10)",V7,B-,E,F,1074.75,508.0
8599,G,C,3,F,"(0, 4, 7, 10)",V7,B-,E,F,1074.875,508.0
8600,G,G,0,F,"(0, 4, 7, 10)",V7,B-,B-,F,1075.0,508.0
8601,G,G,1,F,"(0, 4, 7, 10)",V7,B-,B-,F,1075.125,508.0
8602,G,G,2,F,"(0, 4, 7, 10)",V7,B-,B-,F,1075.25,508.0
8603,G,G,4,F,"(0, 4, 7, 10)",V7,B-,B-,F,1075.375,508.0
8604,G,G,4,F,"(0, 4, 7, 10)",V7,B-,E,F,1075.5,508.0
8605,G,G,4,F,"(0, 4, 7, 10)",V7,B-,E,F,1075.625,508.0
8606,G,G,4,F,"(0, 4, 7, 10)",V7,B-,E,F,1075.75,508.0
8607,G,G,4,F,"(0, 4, 7, 10)",V7,B-,E,F,1075.875,508.0
8608,C,F,0,F,"(0, 5, 9)",I,F,A,F,1076.0,509.0
8609,C,F,1,F,"(0, 5, 9)",I,F,A,F,1076.125,509.0
8610,C,F,2,F,"(0, 5, 9)",I,F,A,F,1076.25,509.0
8611,C,F,2,F,"(0, 5, 9)",I,F,A,F,1076.375,509.0
8612,C,F,3,F,"(0, 5, 9)",I,F,A,F,1076.5,509.0
8613,C,F,3,F,"(0, 5, 9)",I,F,A,F,1076.625,509.0
8614,C,F,3,F,"(0, 5, 9)",I,F,A,F,1076.75,509.0
8615,C,F,3,F,"(0, 5, 9)",I,F,A,F,1076.875,509.0
8616,C,F,4,F,"(0, 5, 9)",I,F,A,F,1077.0,509.0
8617,C,F,4,F,"(0, 5, 9)",I,F,A,F,1077.125,509.0
8618,C,F,4,F,"(0, 5, 9)",I,F,A,F,1077.25,509.0
8619,C,F,4,F,"(0, 5, 9)",I,F,A,F,1077.375,509.0
8620,C,F,4,F,"(0, 5, 9)",I,F,A,F,1077.5,509.0
8621,C,F,4,F,"(0, 5, 9)",I,F,A,F,1077.625,509.0
8622,C,F,4,F,"(0, 5, 9)",I,F,A,F,1077.75,509.0
8623,C,F,4,F,"(0, 5, 9)",I,F,A,F,1077.875,509.0
8624,G,C,0,F,"(0, 4, 7, 10)",V7,B-,E,F,1078.0,510.0
8625,G,C,1,F,"(0, 4, 7, 10)",V7,B-,E,F,1078.125,510.0
8626,G,C,2,F,"(0, 4, 7, 10)",V7,B-,E,F,1078.25,510.0
8627,G,C,2,F,"(0, 4, 7, 10)",V7,B-,E,F,1078.375,510.0
8628,G,C,3,F,"(0, 4, 7, 10)",V7,B-,E,F,1078.5,510.0
8629,G,C,3,F,"(0, 4, 7, 10)",V7,B-,E,F,1078.625,510.0
8630,G,C,3,F,"(0, 4, 7, 10)",V7,B-,E,F,1078.75,510.0
8631,G,C,3,F,"(0, 4, 7, 10)",V7,B-,E,F,1078.875,510.0
8632,G,C,4,F,"(0, 4, 7, 10)",V7,B-,E,F,1079.0,510.0
8633,G,C,4,F,"(0, 4, 7, 10)",V7,B-,E,F,1079.125,510.0
8634,G,C,4,F,"(0, 4, 7, 10)",V7,B-,E,F,1079.25,510.0
8635,G,C,4,F,"(0, 4, 7, 10)",V7,B-,E,F,1079.375,510.0
8636,G,C,4,F,"(0, 4, 7, 10)",V7,B-,E,F,1079.5,510.0
8637,G,C,4,F,"(0, 4, 7, 10)",V7,B-,E,F,1079.625,510.0
8638,G,C,4,F,"(0, 4, 7, 10)",V7,B-,E,F,1079.75,510.0
8639,G,C,4,F,"(0, 4, 7, 10)",V7,B-,E,F,1079.875,510.0
8640,C,F,0,F,"(0, 5, 9)",I,F,A,F,1080.0,511.0
8641,C,F,1,F,"(0, 5, 9)",I,F,A,F,1080.125,511.0
8642,C,F,2,F,"(0, 5, 9)",I,F,A,F,1080.25,511.0
8643,C,F,2,F,"(0, 5, 9)",I,F,A,F,1080.375,511.0
8644,C,F,3,F,"(0, 5, 9)",I,F,A,F,1080.5,511.0
8645,C,F,3,F,"(0, 5, 9)",I,F,A,F,1080.625,511.0
8646,C,F,3,F,"(0, 5, 9)",I,F,A,F,1080.75,511.0
8647,C,F,3,F,"(0, 5, 9)",I,F,A,F,1080.875,511.0
8648,C,F,0,F,"(2, 5, 9)",vi,D,A,F,1081.0,511.0
8649,C,F,1,F,"(2, 5, 9)",vi,D,A,F,1081.125,511.0
8650,C,F,2,F,"(2, 5, 9)",vi,D,A,F,1081.25,511.0
8651,C,F,2,F,"(2, 5, 9)",vi,D,A,F,1081.375,511.0
8652,C,F,3,F,"(2, 5, 9)",vi,D,A,F,1081.5,511.0
8653,C,F,3,F,"(2, 5, 9)",vi,D,A,F,1081.625,511.0
8654,C,F,4,F,"(2, 5, 9)",vi,D,A,F,1081.75,511.0
8655,C,F,4,F,"(2, 5, 9)",vi,D,A,F,1081.875,511.0
8656,G,B-,0,F,"(2, 7, 10)",ii,G,B-,F,1082.0,512.0
8657,G,B-,1,F,"(2, 7, 10)",ii,G,B-,F,1082.125,512.0
8658,G,B-,2,F,"(2, 7, 10)",ii,G,B-,F,1082.25,512.0
8659,G,B-,2,F,"(2, 7, 10)",ii,G,B-,F,1082.375,512.0
8660,G,B-,3,F,"(2, 7, 10)",ii,G,B-,F,1082.5,512.0
8661,G,B-,3,F,"(2, 7, 10)",ii,G,B-,F,1082.625,512.0
8662,G,B-,3,F,"(2, 7, 10)",ii,G,B-,F,1082.75,512.0
8663,G,B-,3,F,"(2, 7, 10)",ii,G,B-,F,1082.875,512.0
8664,G,C,0,F,"(0, 4, 7, 10)",V7,B-,E,F,1083.0,512.0
8665,G,C,1,F,"(0, 4, 7, 10)",V7,B-,E,F,1083.125,512.0
8666,G,C,2,F,"(0, 4, 7, 10)",V7,B-,E,F,1083.25,512.0
8667,G,C,2,F,"(0, 4, 7, 10)",V7,B-,E,F,1083.375,512.0
8668,G,C,3,F,"(0, 4, 7, 10)",V7,B-,E,F,1083.5,512.0
8669,G,C,3,F,"(0, 4, 7, 10)",V7,B-,E,F,1083.625,512.0
8670,G,C,3,F,"(0, 4, 7, 10)",V7,B-,E,F,1083.75,512.0
8671,G,C,3,F,"(0, 4, 7, 10)",V7,B-,E,F,1083.875,512.0
8672,C,F,0,F,"(0, 5, 9)",I,F,A,F,1084.0,513.0
8673,C,F,1,F,"(0, 5, 9)",I,F,A,F,1084.125,513.0
8674,C,F,2,F,"(0, 5, 9)",I,F,A,F,1084.25,513.0
8675,C,F,2,F,"(0, 5, 9)",I,F,A,F,1084.375,513.0
8676,C,F,3,F,"(0, 5, 9)",I,F,A,F,1084.5,513.0
8677,C,F,3,F,"(0, 5, 9)",I,F,A,F,1084.625,513.0
8678,C,F,3,F,"(0, 5, 9)",I,F,A,F,1084.75,513.0
8679,C,F,3,F,"(0, 5, 9)",I,F,A,F,1084.875,513.0
8680,C,F,4,F,"(0, 5, 9)",I,F,A,F,1085.0,513.0
8681,C,F,4,F,"(0, 5, 9)",I,F,A,F,1085.125,513.0
8682,C,F,4,F,"(0, 5, 9)",I,F,A,F,1085.25,513.0
8683,C,F,4,F,"(0, 5, 9)",I,F,A,F,1085.375,513.0
8684,C,F,4,F,"(0, 5, 9)",I,F,A,F,1085.5,513.0
8685,C,F,4,F,"(0, 5, 9)",I,F,A,F,1085.625,513.0
8686,C,F,4,F,"(0, 5, 9)",I,F,A,F,1085.75,513.0
8687,C,F,4,F,"(0, 5, 9)",I,F,A,F,1085.875,513.0
8688,G,C,0,F,"(0, 4, 7, 10)",V7,B-,E,F,1086.0,514.0
8689,G,C,1,F,"(0, 4, 7, 10)",V7,B-,E,F,1086.125,514.0
8690,G,C,2,F,"(0, 4, 7, 10)",V7,B-,E,F,1086.25,514.0
8691,G,C,2,F,"(0, 4, 7, 10)",V7,B-,E,F,1086.375,514.0
8692,G,C,3,F,"(0, 4, 7, 10)",V7,B-,E,F,1086.5,514.0
8693,G,C,3,F,"(0, 4, 7, 10)",V7,B-,E,F,1086.625,514.0
8694,G,C,3,F,"(0, 4, 7, 10)",V7,B-,E,F,1086.75,514.0
8695,G,C,3,F,"(0, 4, 7, 10)",V7,B-,E,F,1086.875,514.0
8696,G,C,4,F,"(0, 4, 7, 10)",V7,B-,E,F,1087.0,514.0
8697,G,C,4,F,"(0, 4, 7, 10)",V7,B-,E,F,1087.125,514.0
8698,G,C,4,F,"(0, 4, 7, 10)",V7,B-,E,F,1087.25,514.0
8699,G,C,4,F,"(0, 4, 7, 10)",V7,B-,E,F,1087.375,514.0
8700,G,C,4,F,"(0, 4, 7, 10)",V7,B-,E,F,1087.5,514.0
8701,G,C,4,F,"(0, 4, 7, 10)",V7,B-,E,F,1087.625,514.0
8702,G,C,4,F,"(0, 4, 7, 10)",V7,B-,E,F,1087.75,514.0
8703,G,C,4,F,"(0, 4, 7, 10)",V7,B-,E,F,1087.875,514.0
8704,C,F,0,F,"(0, 5, 9)",I,F,A,F,1088.0,515.0
8705,C,F,1,F,"(0, 5, 9)",I,F,A,F,1088.125,515.0
8706,C,F,2,F,"(0, 5, 9)",I,F,A,F,1088.25,515.0
8707,C,F,2,F,"(0, 5, 9)",I,F,A,F,1088.375,515.0
8708,C,F,3,F,"(0, 5, 9)",I,F,A,F,1088.5,515.0
8709,C,F,3,F,"(0, 5, 9)",I,F,A,F,1088.625,515.0
8710,C,F,3,F,"(0, 5, 9)",I,F,A,F,1088.75,515.0
8711,C,F,3,F,"(0, 5, 9)",I,F,A,F,1088.875,515.0
8712,C,F,0,F,"(2, 5, 9)",vi,D,A,F,1089.0,515.0
8713,C,F,1,F,"(2, 5, 9)",vi,D,A,F,1089.125,515.0
8714,C,F,2,F,"(2, 5, 9)",vi,D,A,F,1089.25,515.0
8715,C,F,2,F,"(2, 5, 9)",vi,D,A,F,1089.375,515.0
8716,C,F,3,F,"(2, 5, 9)",vi,D,A,F,1089.5,515.0
8717,C,F,3,F,"(2, 5, 9)",vi,D,A,F,1089.625,515.0
8718,C,F,4,F,"(2, 5, 9)",vi,D,A,F,1089.75,515.0
8719,C,F,4,F,"(2, 5, 9)",vi,D,A,F,1089.875,515.0
8720,G,B-,0,F,"(2, 7, 10)",ii,G,B-,F,1090.0,516.0
8721,G,B-,1,F,"(2, 7, 10)",ii,G,B-,F,1090.125,516.0
8722,G,B-,2,F,"(2, 7, 10)",ii,G,B-,F,1090.25,516.0
8723,G,B-,2,F,"(2, 7, 10)",ii,G,B-,F,1090.375,516.0
8724,G,B-,3,F,"(2, 7, 10)",ii,G,B-,F,1090.5,516.0
8725,G,B-,3,F,"(2, 7, 10)",ii,G,B-,F,1090.625,516.0
8726,G,B-,3,F,"(2, 7, 10)",ii,G,B-,F,1090.75,516.0
8727,G,B-,3,F,"(2, 7, 10)",ii,G,B-,F,1090.875,516.0
8728,G,C,4,F,"(0, 4, 7, 10)",V7,B-,E,F,1091.0,516.0
8729,G,C,1,F,"(0, 4, 7, 10)",V7,B-,E,F,1091.125,516.0
8730,G,C,2,F,"(0, 4, 7, 10)",V7,B-,E,F,1091.25,516.0
8731,G,C,2,F,"(0, 4, 7, 10)",V7,B-,E,F,1091.375,516.0
8732,G,C,4,F,"(0, 4, 7, 10)",V7,B-,E,F,1091.5,516.0
8733,G,C,4,F,"(0, 4, 7, 10)",V7,B-,E,F,1091.625,516.0
8734,G,C,4,F,"(0, 4, 7, 10)",V7,B-,E,F,1091.75,516.0
8735,G,C,4,F,"(0, 4, 7, 10)",V7,B-,E,F,1091.875,516.0
8736,C,F,0,F,"(0, 5, 9)",I,F,A,F,1092.0,517.0
8737,C,F,1,F,"(0, 5, 9)",I,F,A,F,1092.125,517.0
8738,C,F,2,F,"(0, 5, 9)",I,F,A,F,1092.25,517.0
8739,C,F,2,F,"(0, 5, 9)",I,F,A,F,1092.375,517.0
8740,C,F,3,F,"(0, 5, 9)",I,F,A,F,1092.5,517.0
8741,C,F,3,F,"(0, 5, 9)",I,F,A,F,1092.625,517.0
8742,C,F,3,F,"(0, 5, 9)",I,F,A,F,1092.75,517.0
8743,C,F,3,F,"(0, 5, 9)",I,F,A,F,1092.875,517.0
8744,C,F,4,F,"(0, 5, 9)",I,F,A,F,1093.0,517.0
8745,C,F,4,F,"(0, 5, 9)",I,F,A,F,1093.125,517.0
8746,C,F,4,F,"(0, 5, 9)",I,F,A,F,1093.25,517.0
8747,C,F,4,F,"(0, 5, 9)",I,F,A,F,1093.375,517.0
8748,C,F,4,F,"(0, 5, 9)",I,F,A,F,1093.5,517.0
8749,C,F,4,F,"(0, 5, 9)",I,F,A,F,1093.625,517.0
8750,C,F,4,F,"(0, 5, 9)",I,F,A,F,1093.75,517.0
8751,C,F,4,F,"(0, 5, 9)",I,F,A,F,1093.875,517.0
8752,C,F,0,F,"(0, 5, 9)",I,F,A,F,1094.0,518.0
8753,C,F,1,F,"(0, 5, 9)",I,F,A,F,1094.125,518.0
8754,C,F,2,F,"(0, 5, 9)",I,F,A,F,1094.25,518.0
8755,C,F,2,F,"(0, 5, 9)",I,F,A,F,1094.375,518.0
8756,C,F,3,F,"(0, 5, 9)",I,F,A,F,1094.5,518.0
8757,C,F,3,F,"(0, 5, 9)",I,F,A,F,1094.625,518.0
8758,C,F,3,F,"(0, 5, 9)",I,F,A,F,1094.75,518.0
8759,C,F,3,F,"(0, 5, 9)",I,F,A,F,1094.875,518.0
8760,C,F,4,F,"(0, 5, 9)",I,F,A,F,1095.0,518.0
8761,C,F,4,F,"(0, 5, 9)",I,F,A,F,1095.125,518.0
8762,C,F,4,F,"(0, 5, 9)",I,F,A,F,1095.25,518.0
8763,C,F,4,F,"(0, 5, 9)",I,F,A,F,1095.375,518.0
8764,C,F,4,F,"(0, 5, 9)",I,F,A,F,1095.5,518.0
8765,C,F,4,F,"(0, 5, 9)",I,F,A,F,1095.625,518.0
8766,C,F,4,F,"(0, 5, 9)",I,F,A,F,1095.75,518.0
8767,C,F,4,F,"(0, 5, 9)",I,F,A,F,1095.875,518.0
8768,G,C,0,F,"(0, 4, 7, 10)",V7,B-,E,F,1096.0,519.0
8769,G,C,1,F,"(0, 4, 7, 10)",V7,B-,E,F,1096.125,519.0
8770,G,C,2,F,"(0, 4, 7, 10)",V7,B-,E,F,1096.25,519.0
8771,G,C,2,F,"(0, 4, 7, 10)",V7,B-,E,F,1096.375,519.0
8772,G,C,3,F,"(0, 4, 7, 10)",V7,B-,E,F,1096.5,519.0
8773,G,C,3,F,"(0, 4, 7, 10)",V7,B-,E,F,1096.625,519.0
8774,G,C,3,F,"(0, 4, 7, 10)",V7,B-,E,F,1096.75,519.0
8775,G,C,3,F,"(0, 4, 7, 10)",V7,B-,E,F,1096.875,519.0
8776,G,C,4,F,"(0, 4, 7, 10)",V7,B-,E,F,1097.0,519.0
8777,G,C,4,F,"(0, 4, 7, 10)",V7,B-,E,F,1097.125,519.0
8778,G,C,4,F,"(0, 4, 7, 10)",V7,B-,E,F,1097.25,519.0
8779,G,C,4,F,"(0, 4, 7, 10)",V7,B-,E,F,1097.375,519.0
8780,G,C,4,F,"(0, 4, 7, 10)",V7,B-,E,F,1097.5,519.0
8781,G,C,4,F,"(0, 4, 7, 10)",V7,B-,E,F,1097.625,519.0
8782,G,C,4,F,"(0, 4, 7, 10)",V7,B-,E,F,1097.75,519.0
8783,G,C,4,F,"(0, 4, 7, 10)",V7,B-,E,F,1097.875,519.0
8784,G,C,0,F,"(0, 4, 7, 10)",V7,B-,E,F,1098.0,520.0
8785,G,C,1,F,"(0, 4, 7, 10)",V7,B-,E,F,1098.125,520.0
8786,G,C,2,F,"(0, 4, 7, 10)",V7,B-,E,F,1098.25,520.0
8787,G,C,2,F,"(0, 4, 7, 10)",V7,B-,E,F,1098.375,520.0
8788,G,C,3,F,"(0, 4, 7, 10)",V7,B-,E,F,1098.5,520.0
8789,G,C,3,F,"(0, 4, 7, 10)",V7,B-,E,F,1098.625,520.0
8790,G,C,3,F,"(0, 4, 7, 10)",V7,B-,E,F,1098.75,520.0
8791,G,C,3,F,"(0, 4, 7, 10)",V7,B-,E,F,1098.875,520.0
8792,G,C,4,F,"(0, 4, 7, 10)",V7,B-,E,F,1099.0,520.0
8793,G,C,4,F,"(0, 4, 7, 10)",V7,B-,E,F,1099.125,520.0
8794,G,C,4,F,"(0, 4, 7, 10)",V7,B-,E,F,1099.25,520.0
8795,G,C,4,F,"(0, 4, 7, 10)",V7,B-,E,F,1099.375,520.0
8796,G,C,4,F,"(0, 4, 7, 10)",V7,B-,E,F,1099.5,520.0
8797,G,C,4,F,"(0, 4, 7, 10)",V7,B-,E,F,1099.625,520.0
8798,G,C,4,F,"(0, 4, 7, 10)",V7,B-,E,F,1099.75,520.0
8799,G,C,4,F,"(0, 4, 7, 10)",V7,B-,E,F,1099.875,520.0
8800,C,F,0,F,"(0, 5, 9)",I,F,A,F,1100.0,521.0
8801,C,F,1,F,"(0, 5, 9)",I,F,A,F,1100.125,521.0
8802,C,F,2,F,"(0, 5, 9)",I,F,A,F,1100.25,521.0
8803,C,F,2,F,"(0, 5, 9)",I,F,A,F,1100.375,521.0
8804,C,F,3,F,"(0, 5, 9)",I,F,A,F,1100.5,521.0
8805,C,F,3,F,"(0, 5, 9)",I,F,A,F,1100.625,521.0
8806,C,F,3,F,"(0, 5, 9)",I,F,A,F,1100.75,521.0
8807,C,F,3,F,"(0, 5, 9)",I,F,A,F,1100.875,521.0
8808,C,F,4,F,"(0, 5, 9)",I,F,A,F,1101.0,521.0
8809,C,F,4,F,"(0, 5, 9)",I,F,A,F,1101.125,521.0
8810,C,F,4,F,"(0, 5, 9)",I,F,A,F,1101.25,521.0
8811,C,F,4,F,"(0, 5, 9)",I,F,A,F,1101.375,521.0
8812,C,F,4,F,"(0, 5, 9)",I,F,A,F,1101.5,521.0
8813,C,F,4,F,"(0, 5, 9)",I,F,A,F,1101.625,521.0
8814,C,F,4,F,"(0, 5, 9)",I,F,A,F,1101.75,521.0
8815,C,F,4,F,"(0, 5, 9)",V,F,A,F,1101.875,521.0
8816,C,F,0,F,"(0, 5, 9)",I,F,A,F,1102.0,522.0
8817,C,F,1,F,"(0, 5, 9)",I,F,A,F,1102.125,522.0
8818,C,F,2,F,"(0, 5, 9)",I,F,A,F,1102.25,522.0
8819,C,F,2,F,"(0, 5, 9)",I,F,A,F,1102.375,522.0
8820,C,F,3,F,"(0, 5, 9)",I,F,A,F,1102.5,522.0
8821,C,F,3,F,"(0, 5, 9)",I,F,A,F,1102.625,522.0
8822,C,F,3,F,"(0, 5, 9)",I,F,A,F,1102.75,522.0
8823,C,F,3,F,"(0, 5, 9)",I,F,A,F,1102.875,522.0
8824,C,F,4,F,"(0, 5, 9)",I,F,A,F,1103.0,522.0
8825,C,F,4,F,"(0, 5, 9)",I,F,A,F,1103.125,522.0
8826,C,F,4,F,"(0, 5, 9)",I,F,A,F,1103.25,522.0
8827,C,F,4,F,"(0, 5, 9)",I,F,A,F,1103.375,522.0
8828,C,F,4,F,"(0, 5, 9)",I,F,A,F,1103.5,522.0
8829,C,F,4,F,"(0, 5, 9)",I,F,A,F,1103.625,522.0
8830,C,F,4,F,"(0, 5, 9)",I,F,A,F,1103.75,522.0
8831,C,F,4,F,"(0, 5, 9)",I,F,A,F,1103.875,522.0
8832,C,F,0,F,"(0, 5, 9)",I,F,A,F,1104.0,523.0
8833,C,F,1,F,"(0, 5, 9)",I,F,A,F,1104.125,523.0
8834,C,F,2,F,"(0, 5, 9)",I,F,A,F,1104.25,523.0
8835,C,F,2,F,"(0, 5, 9)",I,F,A,F,1104.375,523.0
8836,C,F,3,F,"(0, 5, 9)",I,F,A,F,1104.5,523.0
8837,C,F,3,F,"(0, 5, 9)",I,F,A,F,1104.625,523.0
8838,C,F,3,F,"(0, 5, 9)",I,F,A,F,1104.75,523.0
8839,C,F,3,F,"(0, 5, 9)",I,F,A,F,1104.875,523.0
8840,C,F,4,F,"(0, 5, 9)",I,F,A,F,1105.0,523.0
8841,C,F,4,F,"(0, 5, 9)",I,F,A,F,1105.125,523.0
8842,C,F,4,F,"(0, 5, 9)",I,F,A,F,1105.25,523.0
8843,C,F,4,F,"(0, 5, 9)",I,F,A,F,1105.375,523.0
8844,C,F,4,F,"(0, 5, 9)",I,F,A,F,1105.5,523.0
8845,C,F,4,F,"(0, 5, 9)",I,F,A,F,1105.625,523.0
8846,C,F,4,F,"(0, 5, 9)",I,F,A,F,1105.75,523.0
8847,C,F,4,F,"(0, 5, 9)",I,F,A,F,1105.875,523.0
8848,G,C,0,F,"(0, 4, 7, 10)",V7,B-,E,F,1106.0,524.0
8849,G,C,1,F,"(0, 4, 7, 10)",V7,B-,E,F,1106.125,524.0
8850,G,C,2,F,"(0, 4, 7, 10)",V7,B-,E,F,1106.25,524.0
8851,G,C,2,F,"(0, 4, 7, 10)",V7,B-,E,F,1106.375,524.0
8852,G,C,3,F,"(0, 4, 7, 10)",V7,B-,E,F,1106.5,524.0
8853,G,C,3,F,"(0, 4, 7, 10)",V7,B-,E,F,1106.625,524.0
8854,G,C,3,F,"(0, 4, 7, 10)",V7,B-,E,F,1106.75,524.0
8855,G,C,3,F,"(0, 4, 7, 10)",V7,B-,E,F,1106.875,524.0
8856,G,C,4,F,"(0, 4, 7, 10)",V7,B-,E,F,1107.0,524.0
8857,G,C,4,F,"(0, 4, 7, 10)",V7,B-,E,F,1107.125,524.0
8858,G,C,4,F,"(0, 4, 7, 10)",V7,B-,E,F,1107.25,524.0
8859,G,C,4,F,"(0, 4, 7, 10)",V7,B-,E,F,1107.375,524.0
8860,G,C,4,F,"(0, 4, 7, 10)",V7,B-,E,F,1107.5,524.0
8861,G,C,4,F,"(0, 4, 7, 10)",V7,B-,E,F,1107.625,524.0
8862,G,C,4,F,"(0, 4, 7, 10)",V7,B-,E,F,1107.75,524.0
8863,G,C,4,F,"(0, 4, 7, 10)",V7,B-,E,F,1107.875,524.0
8864,C,F,0,F,"(0, 5, 9)",I,F,A,F,1108.0,525.0
8865,C,F,1,F,"(0, 5, 9)",I,F,A,F,1108.125,525.0
8866,C,F,2,F,"(0, 5, 9)",I,F,A,F,1108.25,525.0
8867,C,F,2,F,"(0, 5, 9)",I,F,A,F,1108.375,525.0
8868,C,F,3,F,"(0, 5, 9)",I,F,A,F,1108.5,525.0
8869,C,F,3,F,"(0, 5, 9)",I,F,A,F,1108.625,525.0
8870,C,F,3,F,"(0, 5, 9)",I,F,A,F,1108.75,525.0
8871,C,F,3,F,"(0, 5, 9)",I,F,A,F,1108.875,525.0
8872,C,F,4,F,"(0, 5, 9)",I,F,A,F,1109.0,525.0
8873,C,F,4,F,"(0, 5, 9)",I,F,A,F,1109.125,525.0
8874,C,F,4,F,"(0, 5, 9)",I,F,A,F,1109.25,525.0
8875,C,F,4,F,"(0, 5, 9)",I,F,A,F,1109.375,525.0
8876,C,F,4,F,"(0, 5, 9)",I,F,A,F,1109.5,525.0
8877,C,F,4,F,"(0, 5, 9)",I,F,A,F,1109.625,525.0
8878,C,F,4,F,"(0, 5, 9)",I,F,A,F,1109.75,525.0
8879,C,F,4,F,"(0, 5, 9)",I,F,A,F,1109.875,525.0
8880,C,F,0,F,"(0, 5, 9)",I,F,A,F,1110.0,526.0
8881,C,F,1,F,"(0, 5, 9)",I,F,A,F,1110.125,526.0
8882,C,F,2,F,"(0, 5, 9)",I,F,A,F,1110.25,526.0
8883,C,F,2,F,"(0, 5, 9)",I,F,A,F,1110.375,526.0
8884,C,F,3,F,"(0, 5, 9)",I,F,A,F,1110.5,526.0
8885,C,F,3,F,"(0, 5, 9)",I,F,A,F,1110.625,526.0
8886,C,F,3,F,"(0, 5, 9)",I,F,A,F,1110.75,526.0
8887,C,F,3,F,"(0, 5, 9)",I,F,A,F,1110.875,526.0
8888,C,F,4,F,"(0, 5, 9)",I,F,A,F,1111.0,526.0
8889,C,F,4,F,"(0, 5, 9)",I,F,A,F,1111.125,526.0
8890,C,F,4,F,"(0, 5, 9)",I,F,A,F,1111.25,526.0
8891,C,F,4,F,"(0, 5, 9)",I,F,A,F,1111.375,526.0
8892,C,F,4,F,"(0, 5, 9)",I,F,A,F,1111.5,526.0
8893,C,F,4,F,"(0, 5, 9)",I,F,A,F,1111.625,526.0
8894,C,F,4,F,"(0, 5, 9)",I,F,A,F,1111.75,526.0
8895,C,F,4,F,"(0, 5, 9)",I,F,A,F,1111.875,526.0
8896,C--,C--,6,A,"(0, 1, 5, 8)",Cad,C--,C--,A,,
8897,C--,C--,6,A,"(0, 1, 5, 8)",Cad,C--,C--,A,,
8898,C--,C--,6,A,"(0, 1, 5, 8)",Cad,C--,C--,A,,
8899,C--,C--,6,A,"(0, 1, 5, 8)",Cad,C--,C--,A,,
8900,C--,C--,6,A,"(0, 1, 5, 8)",Cad,C--,C--,A,,
8901,C--,C--,6,A,"(0, 1, 5, 8)",Cad,C--,C--,A,,
8902,C--,C--,6,A,"(0, 1, 5, 8)",Cad,C--,C--,A,,
8903,C--,C--,6,A,"(0, 1, 5, 8)",Cad,C--,C--,A,,
8904,C--,C--,6,A,"(0, 1, 5, 8)",Cad,C--,C--,A,,
8905,C--,C--,6,A,"(0, 1, 5, 8)",Cad,C--,C--,A,,
8906,C--,C--,6,A,"(0, 1, 5, 8)",Cad,C--,C--,A,,
8907,C--,C--,6,A,"(0, 1, 5, 8)",Cad,C--,C--,A,,
8908,C--,C--,6,A,"(0, 1, 5, 8)",Cad,C--,C--,A,,
8909,C--,C--,6,A,"(0, 1, 5, 8)",Cad,C--,C--,A,,
8910,C--,C--,6,A,"(0, 1, 5, 8)",Cad,C--,C--,A,,
8911,C--,C--,6,A,"(0, 1, 5, 8)",Cad,C--,C--,A,,
8912,C--,C--,6,A,"(0, 1, 5, 8)",Cad,C--,C--,A,,
8913,C--,C--,6,A,"(0, 1, 5, 8)",Cad,C--,C--,A,,
8914,C--,C--,6,A,"(0, 1, 5, 8)",Cad,C--,C--,A,,
8915,C--,C--,6,A,"(0, 1, 5, 8)",Cad,C--,C--,A,,
8916,C--,C--,6,A,"(0, 1, 5, 8)",Cad,C--,C--,A,,
8917,C--,C--,6,A,"(0, 1, 5, 8)",Cad,C--,C--,A,,
8918,C--,C--,6,A,"(0, 1, 5, 8)",Cad,C--,C--,A,,
8919,C--,C--,6,A,"(0, 1, 5, 8)",Cad,C--,C--,A,,
8920,C--,C--,6,A,"(0, 1, 5, 8)",Cad,C--,C--,A,,
8921,C--,C--,6,A,"(0, 1, 5, 8)",Cad,C--,C--,A,,
8922,C--,C--,6,A,"(0, 1, 5, 8)",Cad,C--,C--,A,,
8923,C--,C--,6,A,"(0, 1, 5, 8)",Cad,C--,C--,A,,
8924,C--,C--,6,A,"(0, 1, 5, 8)",Cad,C--,C--,A,,
8925,C--,C--,6,A,"(0, 1, 5, 8)",Cad,C--,C--,A,,
8926,C--,C--,6,A,"(0, 1, 5, 8)",Cad,C--,C--,A,,
8927,C--,C--,6,A,"(0, 1, 5, 8)",Cad,C--,C--,A,,
8928,C--,C--,6,A,"(0, 1, 5, 8)",Cad,C--,C--,A,,
8929,C--,C--,6,A,"(0, 1, 5, 8)",Cad,C--,C--,A,,
8930,C--,C--,6,A,"(0, 1, 5, 8)",Cad,C--,C--,A,,
8931,C--,C--,6,A,"(0, 1, 5, 8)",Cad,C--,C--,A,,
8932,C--,C--,6,A,"(0, 1, 5, 8)",Cad,C--,C--,A,,
8933,C--,C--,6,A,"(0, 1, 5, 8)",Cad,C--,C--,A,,
8934,C--,C--,6,A,"(0, 1, 5, 8)",Cad,C--,C--,A,,
8935,C--,C--,6,A,"(0, 1, 5, 8)",Cad,C--,C--,A,,
8936,C--,C--,6,A,"(0, 1, 5, 8)",Cad,C--,C--,A,,
8937,C--,C--,6,A,"(0, 1, 5, 8)",Cad,C--,C--,A,,
8938,C--,C--,6,A,"(0, 1, 5, 8)",Cad,C--,C--,A,,
8939,C--,C--,6,A,"(0, 1, 5, 8)",Cad,C--,C--,A,,
8940,C--,C--,6,A,"(0, 1, 5, 8)",Cad,C--,C--,A,,
8941,C--,C--,6,A,"(0, 1, 5, 8)",Cad,C--,C--,A,,
8942,C--,C--,6,A,"(0, 1, 5, 8)",Cad,C--,C--,A,,
8943,C--,C--,6,A,"(0, 1, 5, 8)",Cad,C--,C--,A,,
8944,C--,C--,6,A,"(0, 1, 5, 8)",Cad,C--,C--,A,,
8945,C--,C--,6,A,"(0, 1, 5, 8)",Cad,C--,C--,A,,
8946,C--,C--,6,A,"(0, 1, 5, 8)",Cad,C--,C--,A,,
8947,C--,C--,6,A,"(0, 1, 5, 8)",Cad,C--,C--,A,,
8948,C--,C--,6,A,"(0, 1, 5, 8)",Cad,C--,C--,A,,
8949,C--,C--,6,A,"(0, 1, 5, 8)",Cad,C--,C--,A,,
8950,C--,C--,6,A,"(0, 1, 5, 8)",Cad,C--,C--,A,,
8951,C--,C--,6,A,"(0, 1, 5, 8)",Cad,C--,C--,A,,
8952,C--,C--,6,A,"(0, 1, 5, 8)",Cad,C--,C--,A,,
8953,C--,C--,6,A,"(0, 1, 5, 8)",Cad,C--,C--,A,,
8954,C--,C--,6,A,"(0, 1, 5, 8)",Cad,C--,C--,A,,
8955,C--,C--,6,A,"(0, 1, 5, 8)",Cad,C--,C--,A,,
8956,C--,C--,6,A,"(0, 1, 5, 8)",Cad,C--,C--,A,,
8957,C--,C--,6,A,"(0, 1, 5, 8)",Cad,C--,C--,A,,
8958,C--,C--,6,A,"(0, 1, 5, 8)",Cad,C--,C--,A,,
8959,C--,C--,6,A,"(0, 1, 5, 8)",Cad,C--,C--,A,,
