,Alto35,Bass35,HarmonicRhythm7,LocalKey38,PitchClassSet121,RomanNumeral31,Soprano35,Tenor35,TonicizedKey38,offset,measure
0,B,E,0,E,"(4, 8, 11)",I,E,G#,E,0.0,1.0
1,B,E,1,E,"(4, 8, 11)",I,E,G#,E,0.125,1.0
2,B,E,2,E,"(4, 8, 11)",I,E,G#,E,0.25,1.0
3,B,E,2,E,"(4, 8, 11)",I,E,G#,E,0.375,1.0
4,B,E,3,E,"(4, 8, 11)",I,E,G#,E,0.5,1.0
5,B,E,3,E,"(4, 8, 11)",I,E,G#,E,0.625,1.0
6,B,E,3,E,"(4, 8, 11)",I,E,G#,E,0.75,1.0
7,B,E,3,E,"(4, 8, 11)",I,E,G#,E,0.875,1.0
8,B,E,4,E,"(4, 8, 11)",I,E,G#,E,1.0,1.0
9,B,E,4,E,"(4, 8, 11)",I,E,G#,E,1.125,1.0
10,B,E,4,E,"(4, 8, 11)",I,E,G#,E,1.25,1.0
11,B,E,4,E,"(4, 8, 11)",I,E,G#,E,1.375,1.0
12,B,E,4,E,"(4, 8, 11)",I,E,G#,E,1.5,1.0
13,B,E,4,E,"(4, 8, 11)",I,E,G#,E,1.625,1.0
14,B,E,4,E,"(4, 8, 11)",I,E,G#,E,1.75,1.0
15,B,E,4,E,"(4, 8, 11)",I,E,G#,E,1.875,1.0
16,B,E,5,E,"(4, 8, 11)",I,E,G#,E,2.0,1.0
17,B,E,5,E,"(4, 8, 11)",I,E,G#,E,2.125,1.0
18,B,E,5,E,"(4, 8, 11)",I,E,G#,E,2.25,1.0
19,B,E,5,E,"(4, 8, 11)",I,E,G#,E,2.375,1.0
20,B,E,5,E,"(4, 8, 11)",I,E,G#,E,2.5,1.0
21,B,E,5,E,"(4, 8, 11)",I,E,G#,E,2.625,1.0
22,B,E,5,E,"(4, 8, 11)",I,E,G#,E,2.75,1.0
23,B,E,5,E,"(4, 8, 11)",I,E,G#,E,2.875,1.0
24,B,E,5,E,"(4, 8, 11)",I,E,G#,E,3.0,1.0
25,B,E,5,E,"(4, 8, 11)",I,E,B,E,3.125,1.0
26,B,E,5,E,"(4, 8, 11)",I,E,B,E,3.25,1.0
27,B,E,5,E,"(4, 8, 11)",I,E,B,E,3.375,1.0
28,B,E,5,E,"(4, 8, 11)",I,E,B,E,3.5,1.0
29,B,E,5,E,"(4, 8, 11)",I,E,B,E,3.625,1.0
30,B,E,5,E,"(4, 8, 11)",I,E,B,E,3.75,1.0
31,B,E,5,E,"(4, 8, 11)",I,E,B,E,3.875,1.0
32,B,E,6,E,"(4, 8, 11)",I,E,G#,E,4.0,1.0
33,B,E,6,E,"(4, 8, 11)",I,E,G#,E,4.125,1.0
34,B,E,6,E,"(4, 8, 11)",I,E,G#,E,4.25,1.0
35,B,E,6,E,"(4, 8, 11)",I,E,G#,E,4.375,1.0
36,B,E,6,E,"(4, 8, 11)",I,E,G#,E,4.5,1.0
37,B,E,6,E,"(4, 8, 11)",I,E,G#,E,4.625,1.0
38,B,E,6,E,"(4, 8, 11)",I,E,G#,E,4.75,1.0
39,B,E,6,E,"(4, 8, 11)",I,E,G#,E,4.875,1.0
40,B,E,6,E,"(4, 8, 11)",I,E,G#,E,5.0,1.0
41,B,E,6,E,"(4, 8, 11)",I,E,G#,E,5.125,1.0
42,B,E,6,E,"(4, 8, 11)",I,E,G#,E,5.25,1.0
43,B,E,6,E,"(4, 8, 11)",I,E,G#,E,5.375,1.0
44,B,E,6,E,"(4, 8, 11)",I,E,G#,E,5.5,1.0
45,B,E,6,E,"(4, 8, 11)",I,E,G#,E,5.625,1.0
46,B,E,6,E,"(4, 8, 11)",I,E,G#,E,5.75,1.0
47,B,E,6,E,"(4, 8, 11)",I,E,G#,E,5.875,1.0
48,B,E,0,E,"(4, 8, 11)",I,E,G#,E,6.0,2.0
49,B,E,1,E,"(4, 8, 11)",I,E,G#,E,6.125,2.0
50,B,E,2,E,"(4, 8, 11)",I,E,G#,E,6.25,2.0
51,B,E,2,E,"(4, 8, 11)",I,E,G#,E,6.375,2.0
52,B,E,3,E,"(4, 8, 11)",I,E,G#,E,6.5,2.0
53,B,E,3,E,"(4, 8, 11)",I,E,G#,E,6.625,2.0
54,B,E,3,E,"(4, 8, 11)",I,E,G#,E,6.75,2.0
55,B,E,3,E,"(4, 8, 11)",I,E,G#,E,6.875,2.0
56,B,E,4,E,"(4, 8, 11)",I,E,G#,E,7.0,2.0
57,B,E,4,E,"(4, 8, 11)",I,E,G#,E,7.125,2.0
58,B,E,4,E,"(4, 8, 11)",I,E,G#,E,7.25,2.0
59,B,E,4,E,"(4, 8, 11)",I,E,G#,E,7.375,2.0
60,B,E,4,E,"(4, 8, 11)",I,E,G#,E,7.5,2.0
61,B,E,4,E,"(4, 8, 11)",I,E,G#,E,7.625,2.0
62,B,E,4,E,"(4, 8, 11)",I,E,G#,E,7.75,2.0
63,B,E,4,E,"(4, 8, 11)",I,E,G#,E,7.875,2.0
64,B,E,5,E,"(4, 8, 11)",I,E,G#,E,8.0,2.0
65,B,E,5,E,"(4, 8, 11)",I,E,G#,E,8.125,2.0
66,B,E,5,E,"(4, 8, 11)",I,E,G#,E,8.25,2.0
67,B,E,5,E,"(4, 8, 11)",I,E,G#,E,8.375,2.0
68,B,E,5,E,"(4, 8, 11)",I,E,G#,E,8.5,2.0
69,B,E,5,E,"(4, 8, 11)",I,E,G#,E,8.625,2.0
70,B,E,5,E,"(4, 8, 11)",I,E,G#,E,8.75,2.0
71,B,E,5,E,"(4, 8, 11)",I,E,G#,E,8.875,2.0
72,E,E,5,E,"(1, 4, 8)",vi,C#,G#,E,9.0,2.0
73,E,E,5,E,"(1, 4, 8)",vi,C#,G#,E,9.125,2.0
74,E,E,5,E,"(1, 4, 8)",vi,C#,G#,E,9.25,2.0
75,E,E,5,E,"(1, 4, 8)",vi,C#,G#,E,9.375,2.0
76,E,E,5,E,"(1, 4, 8)",vi,C#,G#,E,9.5,2.0
77,E,E,5,E,"(1, 4, 8)",vi,C#,G#,E,9.625,2.0
78,E,E,5,E,"(1, 4, 8)",vi,C#,G#,E,9.75,2.0
79,E,E,5,E,"(1, 4, 8)",vi,C#,G#,E,9.875,2.0
80,E,E,5,E,"(1, 4, 8)",vi,C#,G#,E,10.0,2.0
81,E,E,5,E,"(1, 4, 8)",vi,C#,G#,E,10.125,2.0
82,E,E,5,E,"(1, 4, 8)",vi,C#,G#,E,10.25,2.0
83,E,E,5,E,"(1, 4, 8)",vi,C#,G#,E,10.375,2.0
84,E,E,5,E,"(1, 4, 8)",vi,C#,G#,E,10.5,2.0
85,E,E,5,E,"(1, 4, 8)",vi,C#,G#,E,10.625,2.0
86,E,E,5,E,"(1, 4, 8)",vi,C#,G#,E,10.75,2.0
87,E,E,5,E,"(1, 4, 8)",vi,C#,G#,E,10.875,2.0
88,E,E,5,E,"(1, 4, 8)",vi,C#,G#,E,11.0,2.0
89,E,E,5,E,"(1, 4, 8)",vi,C#,G#,E,11.125,2.0
90,E,E,5,E,"(1, 4, 8)",vi,C#,G#,E,11.25,2.0
91,E,E,5,E,"(1, 4, 8)",vi,C#,G#,E,11.375,2.0
92,E,E,5,E,"(1, 4, 8)",vi,C#,G#,E,11.5,2.0
93,E,E,5,E,"(1, 4, 8)",vi,C#,G#,E,11.625,2.0
94,E,E,5,E,"(1, 4, 8)",vi,C#,G#,E,11.75,2.0
95,E,E,5,E,"(1, 4, 8)",vi,C#,G#,E,11.875,2.0
96,C#,F#,0,E,"(1, 6, 9)",ii,F#,A,E,12.0,3.0
97,C#,F#,1,E,"(1, 6, 9)",ii,F#,A,E,12.125,3.0
98,C#,F#,2,E,"(1, 6, 9)",ii,F#,A,E,12.25,3.0
99,C#,F#,2,E,"(1, 6, 9)",ii,F#,A,E,12.375,3.0
100,C#,F#,3,E,"(1, 6, 9)",ii,F#,A,E,12.5,3.0
101,C#,F#,3,E,"(1, 6, 9)",ii,F#,A,E,12.625,3.0
102,C#,F#,3,E,"(1, 6, 9)",ii,F#,A,E,12.75,3.0
103,C#,F#,3,E,"(1, 6, 9)",ii,F#,A,E,12.875,3.0
104,C#,F#,4,E,"(1, 6, 9)",ii,F#,A,E,13.0,3.0
105,C#,F#,4,E,"(1, 6, 9)",ii7,F#,A,E,13.125,3.0
106,C#,F#,4,E,"(1, 6, 9)",ii7,F#,A,E,13.25,3.0
107,C#,F#,4,E,"(1, 6, 9)",ii7,F#,A,E,13.375,3.0
108,C#,F#,4,E,"(1, 6, 9)",ii7,F#,A,E,13.5,3.0
109,C#,F#,4,E,"(1, 6, 9)",ii7,F#,A,E,13.625,3.0
110,C#,F#,4,E,"(1, 6, 9)",ii7,F#,A,E,13.75,3.0
111,C#,F#,4,E,"(1, 6, 9)",ii7,F#,A,E,13.875,3.0
112,C#,F#,5,E,"(1, 6, 9)",ii,F#,A,E,14.0,3.0
113,C#,F#,5,E,"(1, 6, 9)",ii,F#,A,E,14.125,3.0
114,C#,F#,5,E,"(1, 6, 9)",ii,F#,A,E,14.25,3.0
115,C#,F#,5,E,"(1, 6, 9)",ii,F#,A,E,14.375,3.0
116,C#,F#,5,E,"(1, 6, 9)",ii,F#,A,E,14.5,3.0
117,C#,F#,5,E,"(1, 6, 9)",ii,F#,A,E,14.625,3.0
118,C#,F#,5,E,"(1, 6, 9)",ii,F#,A,E,14.75,3.0
119,C#,F#,5,E,"(1, 6, 9)",ii,F#,A,E,14.875,3.0
120,C#,F#,5,E,"(1, 6, 9)",ii,F#,A,E,15.0,3.0
121,C#,F#,5,E,"(1, 6, 9)",ii,F#,A,E,15.125,3.0
122,C#,F#,5,E,"(1, 6, 9)",ii,F#,A,E,15.25,3.0
123,C#,F#,5,E,"(1, 6, 9)",ii,F#,A,E,15.375,3.0
124,C#,F#,3,E,"(1, 6, 9)",ii,F#,A,E,15.5,3.0
125,C#,F#,3,E,"(1, 6, 9)",ii,F#,A,E,15.625,3.0
126,C#,F#,3,E,"(1, 6, 9)",ii,F#,A,E,15.75,3.0
127,C#,F#,3,E,"(1, 6, 9)",ii,F#,A,E,15.875,3.0
128,C#,F#,4,E,"(1, 6, 9)",ii,F#,A,E,16.0,3.0
129,C#,F#,4,E,"(1, 6, 9)",ii,F#,A,E,16.125,3.0
130,C#,F#,4,E,"(1, 6, 9)",ii,F#,A,E,16.25,3.0
131,C#,F#,4,E,"(1, 6, 9)",ii,F#,A,E,16.375,3.0
132,B,G#,0,E,"(5, 8, 11)",viio,E#,B,f#,16.5,3.0
133,B,G#,1,E,"(5, 8, 11)",viio,E#,B,f#,16.625,3.0
134,B,G#,2,E,"(5, 8, 11)",viio,E#,B,f#,16.75,3.0
135,B,G#,2,E,"(5, 8, 11)",viio,E#,B,f#,16.875,3.0
136,B,G#,3,E,"(5, 8, 11)",viio,E#,B,f#,17.0,3.0
137,B,G#,3,E,"(5, 8, 11)",viio,E#,B,f#,17.125,3.0
138,B,G#,3,E,"(5, 8, 11)",viio,E#,B,f#,17.25,3.0
139,B,G#,3,E,"(5, 8, 11)",viio,E#,B,f#,17.375,3.0
140,B,G#,4,E,"(5, 8, 11)",viio,E#,B,f#,17.5,3.0
141,B,G#,4,E,"(5, 8, 11)",viio,E#,B,f#,17.625,3.0
142,B,G#,4,E,"(5, 8, 11)",viio,E#,B,f#,17.75,3.0
143,B,G#,4,E,"(5, 8, 11)",viio,E#,B,f#,17.875,3.0
144,F#,A,0,E,"(1, 6, 9)",ii,F#,C#,E,18.0,4.0
145,F#,A,1,E,"(1, 6, 9)",ii,F#,C#,E,18.125,4.0
146,F#,A,2,E,"(1, 6, 9)",ii,F#,C#,E,18.25,4.0
147,F#,A,2,E,"(1, 6, 9)",ii,F#,C#,E,18.375,4.0
148,F#,A,3,E,"(1, 6, 9)",iv,F#,C#,E,18.5,4.0
149,F#,A,3,E,"(1, 6, 9)",iv,F#,C#,E,18.625,4.0
150,F#,A,3,E,"(1, 6, 9)",iv,F#,C#,E,18.75,4.0
151,F#,A,3,E,"(1, 6, 9)",iv,F#,C#,E,18.875,4.0
152,F#,A,4,E,"(1, 6, 9)",iv,F#,C#,E,19.0,4.0
153,F#,A,4,E,"(1, 6, 9)",iv,F#,C#,E,19.125,4.0
154,F#,A,4,E,"(1, 6, 9)",iv,F#,C#,E,19.25,4.0
155,F#,A,4,E,"(1, 6, 9)",iv,F#,C#,E,19.375,4.0
156,F#,A,4,E,"(1, 6, 9)",iv,F#,C#,E,19.5,4.0
157,F#,A,4,E,"(1, 6, 9)",iv,F#,C#,E,19.625,4.0
158,F#,A,4,E,"(1, 6, 9)",iv,F#,C#,E,19.75,4.0
159,F#,A,4,E,"(1, 6, 9)",iv,F#,C#,E,19.875,4.0
160,F#,A,5,E,"(1, 6, 9)",iv,F#,C#,E,20.0,4.0
161,F#,A,5,E,"(1, 6, 9)",iv,F#,C#,E,20.125,4.0
162,F#,A,5,E,"(1, 6, 9)",iv,F#,C#,E,20.25,4.0
163,F#,A,5,E,"(1, 6, 9)",iv,F#,C#,E,20.375,4.0
164,F#,A,5,E,"(1, 6, 9)",iv,F#,C#,E,20.5,4.0
165,F#,A,5,E,"(1, 6, 9)",iv,F#,C#,E,20.625,4.0
166,F#,A,5,E,"(1, 6, 9)",iv,F#,C#,E,20.75,4.0
167,F#,A,5,E,"(1, 6, 9)",iv,F#,C#,E,20.875,4.0
168,F#,A,5,E,"(1, 6, 9)",iv,F#,C#,E,21.0,4.0
169,F#,A,5,E,"(1, 6, 9)",iv,F#,C#,E,21.125,4.0
170,F#,A,5,E,"(1, 6, 9)",iv,F#,C#,E,21.25,4.0
171,F#,A,5,E,"(1, 6, 9)",iv,F#,C#,E,21.375,4.0
172,F#,A,5,E,"(1, 6, 9)",iv,F#,C#,E,21.5,4.0
173,F#,A,5,E,"(1, 6, 9)",iv,F#,C#,E,21.625,4.0
174,F#,A,5,E,"(1, 6, 9)",iv,F#,C#,E,21.75,4.0
175,F#,A,5,E,"(1, 6, 9)",iv,F#,C#,E,21.875,4.0
176,F#,A,5,E,"(1, 6, 9)",iv,F#,C#,E,22.0,4.0
177,F#,A,5,E,"(1, 6, 9)",iv,F#,C#,E,22.125,4.0
178,F#,A,5,E,"(1, 6, 9)",iv,F#,C#,E,22.25,4.0
179,F#,A,6,E,"(1, 6, 9)",iv,F#,C#,E,22.375,4.0
180,F#,A,6,E,"(1, 6, 9)",iv,F#,C#,E,22.5,4.0
181,F#,A,6,E,"(1, 6, 9)",iv,F#,C#,E,22.625,4.0
182,F#,A,6,E,"(1, 6, 9)",iv,F#,C#,E,22.75,4.0
183,F#,A,6,E,"(1, 6, 9)",iv,F#,C#,E,22.875,4.0
184,E,A,6,E,"(1, 6, 9)",iv,F#,C#,E,23.0,4.0
185,E,A,6,E,"(1, 6, 9)",iv,F#,C#,E,23.125,4.0
186,E,A,6,E,"(1, 6, 9)",iv,F#,C#,E,23.25,4.0
187,E,A,6,E,"(1, 6, 9)",iv,F#,C#,E,23.375,4.0
188,E,A,6,E,"(1, 6, 9)",iv,F#,C#,E,23.5,4.0
189,E,A,6,E,"(1, 6, 9)",iv,F#,C#,E,23.625,4.0
190,E,A,6,E,"(1, 6, 9)",iv,F#,C#,E,23.75,4.0
191,E,A,6,E,"(1, 6, 9)",iv,F#,C#,E,23.875,4.0
192,D#,G#,0,E,"(0, 3, 8)",V,G#,B#,c#,24.0,5.0
193,D#,G#,1,E,"(0, 3, 8)",V,G#,B#,c#,24.125,5.0
194,D#,G#,2,E,"(0, 3, 8)",V,G#,B#,c#,24.25,5.0
195,D#,G#,2,E,"(0, 3, 8)",V,G#,B#,c#,24.375,5.0
196,D#,G#,3,c#,"(0, 3, 8)",V,G#,B#,c#,24.5,5.0
197,D#,G#,3,c#,"(0, 3, 8)",V,G#,B#,c#,24.625,5.0
198,D#,G#,3,c#,"(0, 3, 8)",V,G#,B#,c#,24.75,5.0
199,D#,G#,3,c#,"(0, 3, 8)",V,G#,B#,c#,24.875,5.0
200,D#,G#,4,c#,"(0, 3, 8)",V,G#,B#,c#,25.0,5.0
201,D#,G#,4,c#,"(0, 3, 8)",V,G#,B#,c#,25.125,5.0
202,D#,G#,4,c#,"(0, 3, 8)",V,G#,B#,c#,25.25,5.0
203,D#,G#,4,c#,"(0, 3, 8)",V,G#,B#,c#,25.375,5.0
204,D#,G#,4,c#,"(0, 3, 8)",V,G#,B#,c#,25.5,5.0
205,D#,G#,4,c#,"(0, 3, 8)",V,G#,B#,c#,25.625,5.0
206,D#,G#,4,c#,"(0, 3, 8)",V,G#,B#,c#,25.75,5.0
207,D#,G#,4,c#,"(0, 3, 8)",V,G#,B#,c#,25.875,5.0
208,D#,G#,5,E,"(0, 3, 8)",V,G#,B#,c#,26.0,5.0
209,D#,G#,5,E,"(0, 3, 8)",V,G#,B#,c#,26.125,5.0
210,D#,G#,5,E,"(0, 3, 8)",V,G#,B#,c#,26.25,5.0
211,D#,G#,5,E,"(0, 3, 8)",V,G#,B#,c#,26.375,5.0
212,D#,G#,5,E,"(0, 3, 8)",V,G#,B#,c#,26.5,5.0
213,D#,G#,5,E,"(0, 3, 8)",V,G#,B#,c#,26.625,5.0
214,D#,G#,5,E,"(0, 3, 8)",V,G#,B#,c#,26.75,5.0
215,D#,G#,5,E,"(0, 3, 8)",V,G#,B#,c#,26.875,5.0
216,D#,G#,5,E,"(0, 3, 8)",V,G#,B#,c#,27.0,5.0
217,D#,G#,5,E,"(0, 3, 8)",V,G#,B#,c#,27.125,5.0
218,D#,G#,5,E,"(0, 3, 8)",V,G#,B#,c#,27.25,5.0
219,D#,G#,5,E,"(0, 3, 8)",V,G#,B#,c#,27.375,5.0
220,D#,G#,5,E,"(0, 3, 8)",V,G#,B#,c#,27.5,5.0
221,D#,G#,5,E,"(0, 3, 8)",V,G#,B#,c#,27.625,5.0
222,D#,G#,5,E,"(0, 3, 8)",V,G#,B#,c#,27.75,5.0
223,D#,G#,5,E,"(0, 3, 8)",V,G#,B#,c#,27.875,5.0
224,D#,G#,4,E,"(0, 3, 8)",V,G#,B#,c#,28.0,5.0
225,D#,G#,4,E,"(0, 3, 8)",V,G#,B#,c#,28.125,5.0
226,D#,G#,6,E,"(0, 3, 8)",V,G#,B#,c#,28.25,5.0
227,D#,G#,6,E,"(0, 3, 8)",V,G#,B#,c#,28.375,5.0
228,D#,G#,4,E,"(0, 3, 8)",V,G#,B#,c#,28.5,5.0
229,D#,G#,4,E,"(0, 3, 6, 8)",V,G#,B#,c#,28.625,5.0
230,D#,G#,6,E,"(0, 3, 6, 8)",V,G#,B#,c#,28.75,5.0
231,D#,G#,6,E,"(0, 3, 6, 8)",V,G#,B#,c#,28.875,5.0
232,D#,G#,6,E,"(0, 3, 6, 8)",V7,G#,B#,c#,29.0,5.0
233,D#,G#,6,E,"(0, 3, 6, 8)",V7,G#,B#,c#,29.125,5.0
234,D#,G#,6,E,"(0, 3, 6, 8)",V7,G#,B#,c#,29.25,5.0
235,D#,G#,6,E,"(0, 3, 6, 8)",V7,G#,B#,c#,29.375,5.0
236,D#,G#,6,E,"(0, 3, 6, 8)",V7,G#,B#,c#,29.5,5.0
237,D#,G#,6,E,"(0, 3, 6, 8)",V7,G#,B#,c#,29.625,5.0
238,D#,G#,6,E,"(0, 3, 6, 8)",V7,G#,B#,c#,29.75,5.0
239,D#,G#,6,E,"(0, 3, 6, 8)",V7,G#,B#,c#,29.875,5.0
240,G#,C#,0,E,"(1, 4, 8)",i,C#,E,c#,30.0,6.0
241,G#,C#,1,E,"(1, 4, 8)",i,C#,E,c#,30.125,6.0
242,G#,C#,2,E,"(1, 4, 8)",i,C#,E,c#,30.25,6.0
243,G#,C#,2,E,"(1, 4, 8)",i,C#,E,c#,30.375,6.0
244,G#,C#,3,E,"(1, 4, 8)",i,C#,E,c#,30.5,6.0
245,G#,C#,3,E,"(1, 4, 8)",i,C#,E,c#,30.625,6.0
246,G#,C#,3,E,"(1, 4, 8)",i,C#,E,c#,30.75,6.0
247,G#,C#,3,E,"(1, 4, 8)",i,C#,E,c#,30.875,6.0
248,G#,C#,4,E,"(1, 4, 8)",i,C#,E,c#,31.0,6.0
249,G#,C#,4,E,"(1, 4, 8)",i,C#,E,c#,31.125,6.0
250,G#,C#,4,E,"(1, 4, 8)",i,C#,E,c#,31.25,6.0
251,G#,C#,4,E,"(1, 4, 8)",i,C#,E,c#,31.375,6.0
252,G#,C#,4,E,"(1, 4, 8)",i,C#,E,c#,31.5,6.0
253,G#,C#,4,E,"(1, 4, 8)",i,C#,E,c#,31.625,6.0
254,G#,C#,4,E,"(1, 4, 8)",i,C#,E,c#,31.75,6.0
255,G#,C#,4,E,"(1, 4, 8)",i,C#,E,c#,31.875,6.0
256,G#,C#,5,E,"(1, 4, 8)",i,C#,E,c#,32.0,6.0
257,G#,C#,5,E,"(1, 4, 8)",i,C#,E,c#,32.125,6.0
258,G#,C#,5,E,"(1, 4, 8)",i,C#,E,c#,32.25,6.0
259,G#,C#,5,E,"(1, 4, 8)",i,C#,E,c#,32.375,6.0
260,G#,C#,5,E,"(1, 4, 8)",i,C#,E,c#,32.5,6.0
261,G#,C#,5,E,"(1, 4, 8)",i,C#,E,c#,32.625,6.0
262,G#,C#,5,E,"(1, 4, 8)",i,C#,E,c#,32.75,6.0
263,G#,C#,5,E,"(1, 4, 8)",i,C#,E,c#,32.875,6.0
264,F#,C,0,E,"(0, 4, 6, 10)",V7,A#,E,c#,33.0,6.0
265,F#,C,1,E,"(0, 4, 6, 10)",V7,A#,E,c#,33.125,6.0
266,F#,C,2,E,"(0, 4, 6, 10)",V7,A#,E,c#,33.25,6.0
267,F#,C,2,E,"(0, 4, 6, 10)",V7,A#,E,c#,33.375,6.0
268,F#,C,3,E,"(0, 4, 6, 10)",V7,A#,E,c#,33.5,6.0
269,F#,C,3,E,"(0, 4, 6, 10)",V7,A#,E,c#,33.625,6.0
270,F#,C,3,E,"(0, 4, 6, 10)",V7,A#,E,c#,33.75,6.0
271,F#,C,3,E,"(0, 4, 6, 10)",V7,A#,E,c#,33.875,6.0
272,F#,C,4,E,"(0, 4, 6, 10)",V7,A#,E,E,34.0,6.0
273,F#,C,4,E,"(0, 4, 6, 10)",V7,A#,E,E,34.125,6.0
274,F#,C,4,E,"(0, 4, 6, 10)",V7,A#,E,E,34.25,6.0
275,F#,C,4,E,"(0, 4, 6, 10)",V7,A#,E,E,34.375,6.0
276,F#,C,4,E,"(0, 4, 6, 10)",V7,A#,E,E,34.5,6.0
277,F#,C,4,E,"(0, 4, 6, 10)",V7,A#,E,E,34.625,6.0
278,F#,C,4,E,"(0, 4, 6, 10)",V7,A#,E,E,34.75,6.0
279,F#,C,4,E,"(0, 4, 6, 10)",V7,A#,E,E,34.875,6.0
280,F#,C,5,E,"(0, 4, 6, 10)",V7,A#,E,E,35.0,6.0
281,F#,C,5,E,"(0, 4, 6, 10)",V7,A#,E,E,35.125,6.0
282,F#,C,2,E,"(0, 4, 6, 10)",V7,A#,E,E,35.25,6.0
283,F#,C,2,E,"(0, 4, 6, 10)",V7,A#,E,E,35.375,6.0
284,F#,C,6,E,"(0, 4, 6, 10)",V7,A#,E,E,35.5,6.0
285,F#,C,6,E,"(0, 4, 6, 10)",V7,A#,E,E,35.625,6.0
286,F#,C,6,E,"(0, 4, 6, 10)",V7,A#,E,E,35.75,6.0
287,F#,C,6,E,"(0, 4, 6, 10)",V7,A#,E,E,35.875,6.0
288,F#,B,0,E,"(3, 6, 9, 11)",V7,A,D#,E,36.0,7.0
289,F#,B,1,E,"(3, 6, 9, 11)",V7,A,D#,E,36.125,7.0
290,F#,B,2,E,"(3, 6, 9, 11)",V7,A,D#,E,36.25,7.0
291,F#,B,2,E,"(3, 6, 9, 11)",V7,A,D#,E,36.375,7.0
292,F#,B,3,E,"(3, 6, 9, 11)",V7,A,D#,E,36.5,7.0
293,F#,B,3,E,"(3, 6, 9, 11)",V7,A,D#,E,36.625,7.0
294,F#,B,3,E,"(3, 6, 9, 11)",V7,A,D#,E,36.75,7.0
295,F#,B,3,E,"(3, 6, 9, 11)",V7,A,D#,E,36.875,7.0
296,F#,B,4,E,"(3, 6, 9, 11)",V7,A,D#,E,37.0,7.0
297,F#,B,4,E,"(3, 6, 9, 11)",V7,A,D#,E,37.125,7.0
298,F#,B,4,E,"(3, 6, 9, 11)",V7,A,D#,E,37.25,7.0
299,F#,B,4,E,"(3, 6, 9, 11)",V7,A,D#,E,37.375,7.0
300,F#,B,4,E,"(3, 6, 9, 11)",V7,A,D#,E,37.5,7.0
301,F#,B,4,E,"(3, 6, 9, 11)",V7,A,D#,E,37.625,7.0
302,F#,B,4,E,"(3, 6, 9, 11)",V7,A,D#,E,37.75,7.0
303,F#,B,4,E,"(3, 6, 9, 11)",V7,A,D#,E,37.875,7.0
304,F#,B,5,E,"(3, 6, 9, 11)",V7,A,D#,E,38.0,7.0
305,F#,B,5,E,"(3, 6, 9, 11)",V7,A,D#,E,38.125,7.0
306,F#,B,5,E,"(3, 6, 9, 11)",V7,A,D#,E,38.25,7.0
307,F#,B,5,E,"(3, 6, 9, 11)",V7,A,D#,E,38.375,7.0
308,F#,B,5,E,"(3, 6, 9, 11)",V7,A,D#,E,38.5,7.0
309,F#,B,5,E,"(3, 6, 9, 11)",V7,A,D#,E,38.625,7.0
310,F#,B,5,E,"(3, 6, 9, 11)",V7,A,D#,E,38.75,7.0
311,F#,B,5,E,"(3, 6, 9, 11)",V7,A,D#,E,38.875,7.0
312,A,C#,5,E,"(1, 6, 9)",ii,F#,A,E,39.0,7.0
313,A,C#,5,E,"(1, 6, 9)",ii,F#,A,E,39.125,7.0
314,A,C#,5,E,"(1, 6, 9)",ii,F#,A,E,39.25,7.0
315,A,C#,5,E,"(1, 6, 9)",ii,F#,A,E,39.375,7.0
316,A,C#,5,E,"(1, 6, 9)",ii,F#,A,E,39.5,7.0
317,A,C#,5,E,"(1, 6, 9)",ii,F#,A,E,39.625,7.0
318,A,C#,5,E,"(1, 6, 9)",ii,F#,A,E,39.75,7.0
319,A,C#,5,E,"(1, 6, 9)",ii,F#,A,E,39.875,7.0
320,A,C#,4,E,"(1, 6, 9)",ii,F#,A,E,40.0,7.0
321,A,C#,4,E,"(1, 6, 9)",ii,F#,A,E,40.125,7.0
322,A,C#,4,E,"(1, 6, 9)",ii,F#,A,E,40.25,7.0
323,A,C#,4,E,"(1, 6, 9)",ii,F#,A,E,40.375,7.0
324,A,D#,0,E,"(3, 6, 9, 11)",V7,B,F#,E,40.5,7.0
325,A,D#,1,E,"(3, 6, 9, 11)",V7,B,F#,E,40.625,7.0
326,A,D#,2,E,"(3, 6, 9, 11)",V7,B,F#,E,40.75,7.0
327,A,D#,2,E,"(3, 6, 9, 11)",V7,B,F#,E,40.875,7.0
328,A,D#,3,E,"(3, 6, 9, 11)",V7,B,F#,E,41.0,7.0
329,A,D#,3,E,"(3, 6, 9, 11)",V7,B,F#,E,41.125,7.0
330,A,D#,3,E,"(3, 6, 9, 11)",V7,B,F#,E,41.25,7.0
331,A,D#,3,E,"(3, 6, 9, 11)",V7,B,F#,E,41.375,7.0
332,A,D#,4,E,"(3, 6, 9, 11)",V7,B,F#,E,41.5,7.0
333,A,D#,4,E,"(3, 6, 9, 11)",V7,B,F#,E,41.625,7.0
334,A,D#,4,E,"(3, 6, 9, 11)",V7,B,F#,E,41.75,7.0
335,A,D#,4,E,"(3, 6, 9, 11)",V7,B,F#,E,41.875,7.0
336,G#,C#,0,E,"(1, 4, 8)",i,C#,E,E,42.0,8.0
337,G#,C#,1,E,"(1, 4, 8)",vi,C#,E,E,42.125,8.0
338,G#,C#,2,E,"(1, 4, 8)",vi,C#,E,E,42.25,8.0
339,G#,C#,2,E,"(1, 4, 8)",vi,C#,E,E,42.375,8.0
340,G#,C#,3,E,"(1, 4, 8)",vi,C#,E,E,42.5,8.0
341,G#,C#,3,E,"(1, 4, 8)",vi,C#,E,E,42.625,8.0
342,G#,C#,3,E,"(1, 4, 8)",vi,C#,E,E,42.75,8.0
343,G#,C#,3,E,"(1, 4, 8)",i,C#,E,E,42.875,8.0
344,G#,C#,4,E,"(1, 4, 8)",i,C#,E,c#,43.0,8.0
345,G#,C#,4,E,"(1, 4, 8)",i,C#,E,c#,43.125,8.0
346,G#,C#,4,E,"(1, 4, 8)",i,C#,E,c#,43.25,8.0
347,G#,C#,4,E,"(1, 4, 8)",i,C#,E,c#,43.375,8.0
348,G#,C#,4,E,"(1, 4, 8)",i,C#,E,c#,43.5,8.0
349,G#,C#,4,E,"(1, 4, 8)",i,C#,E,E,43.625,8.0
350,G#,C#,4,E,"(1, 4, 8)",i,C#,E,E,43.75,8.0
351,G#,C#,4,E,"(1, 4, 8)",i,C#,E,E,43.875,8.0
352,G#,C#,5,E,"(1, 4, 8)",i,C#,E,E,44.0,8.0
353,G#,C#,5,E,"(1, 4, 8)",i,C#,E,E,44.125,8.0
354,G#,C#,5,E,"(1, 4, 8)",i,C#,E,E,44.25,8.0
355,G#,C#,5,E,"(1, 4, 8)",i,C#,E,E,44.375,8.0
356,G#,C#,5,E,"(1, 4, 8)",i,C#,E,E,44.5,8.0
357,G#,C#,5,E,"(1, 4, 8)",i,C#,E,E,44.625,8.0
358,G#,C#,5,E,"(1, 4, 8)",i,C#,E,E,44.75,8.0
359,G#,C#,5,E,"(1, 4, 8)",i,C#,E,E,44.875,8.0
360,F#,C,0,E,"(0, 4, 6, 10)",V7,A#,E,E,45.0,8.0
361,F#,C,1,E,"(0, 4, 6, 10)",V7,A#,E,E,45.125,8.0
362,F#,C,2,E,"(0, 4, 6, 10)",V7,A#,E,E,45.25,8.0
363,F#,C,2,E,"(0, 4, 6, 10)",V7,A#,E,E,45.375,8.0
364,F#,C,3,E,"(0, 4, 6, 10)",V7,A#,E,E,45.5,8.0
365,F#,C,3,E,"(0, 4, 6, 10)",V7,A#,E,E,45.625,8.0
366,F#,C,3,E,"(0, 4, 6, 10)",V7,A#,E,E,45.75,8.0
367,F#,C,3,E,"(0, 4, 6, 10)",V7,A#,E,E,45.875,8.0
368,F#,C,4,E,"(0, 4, 6, 10)",V7,A#,E,E,46.0,8.0
369,F#,C,4,E,"(0, 4, 6, 10)",V7,A#,E,E,46.125,8.0
370,F#,C,4,E,"(0, 4, 6, 10)",V7,A#,E,E,46.25,8.0
371,F#,C,4,E,"(0, 4, 6, 10)",V7,A#,E,E,46.375,8.0
372,F#,C,4,E,"(0, 4, 6, 10)",V7,A#,E,E,46.5,8.0
373,F#,C,4,E,"(0, 4, 6, 10)",V7,A#,E,E,46.625,8.0
374,F#,C,4,E,"(0, 4, 6, 10)",V7,A#,E,E,46.75,8.0
375,F#,C,4,E,"(0, 4, 6, 10)",V7,A#,E,E,46.875,8.0
376,F#,C,5,E,"(0, 4, 6, 10)",V7,A#,E,E,47.0,8.0
377,F#,C,5,E,"(0, 4, 6, 10)",V7,A#,E,E,47.125,8.0
378,F#,C,6,E,"(0, 4, 6, 10)",V7,A#,E,E,47.25,8.0
379,F#,C,6,E,"(0, 4, 6, 10)",V7,A#,E,E,47.375,8.0
380,F#,C,6,E,"(0, 4, 6, 10)",V7,A#,E,E,47.5,8.0
381,F#,C,6,E,"(0, 4, 6, 10)",V7,A#,E,E,47.625,8.0
382,F#,C,6,E,"(0, 4, 6, 10)",V7,A#,E,E,47.75,8.0
383,F#,C,6,E,"(0, 4, 6, 10)",V7,A#,E,E,47.875,8.0
384,F#,B,0,E,"(3, 6, 9, 11)",V7,B,D#,E,48.0,9.0
385,F#,B,1,E,"(3, 6, 9, 11)",V7,B,D#,E,48.125,9.0
386,F#,B,2,E,"(3, 6, 9, 11)",V7,B,D#,E,48.25,9.0
387,F#,B,2,E,"(3, 6, 9, 11)",V7,B,D#,E,48.375,9.0
388,F#,B,3,E,"(3, 6, 9, 11)",V7,A,D#,E,48.5,9.0
389,F#,B,3,E,"(3, 6, 9, 11)",V7,A,D#,E,48.625,9.0
390,F#,B,3,E,"(3, 6, 9, 11)",V7,A,D#,E,48.75,9.0
391,F#,B,3,E,"(3, 6, 9, 11)",V7,A,D#,E,48.875,9.0
392,F#,B,4,E,"(3, 6, 9, 11)",V7,A,D#,E,49.0,9.0
393,F#,B,4,E,"(3, 6, 9, 11)",V7,A,D#,E,49.125,9.0
394,F#,B,4,E,"(3, 6, 9, 11)",V7,A,D#,E,49.25,9.0
395,F#,B,4,E,"(3, 6, 9, 11)",V7,A,D#,E,49.375,9.0
396,F#,B,4,E,"(3, 6, 9, 11)",V7,A,D#,E,49.5,9.0
397,F#,B,4,E,"(3, 6, 9, 11)",V7,A,D#,E,49.625,9.0
398,F#,B,4,E,"(3, 6, 9, 11)",V7,A,D#,E,49.75,9.0
399,F#,B,4,E,"(3, 6, 9, 11)",V7,A,D#,E,49.875,9.0
400,F#,B,5,E,"(3, 6, 9, 11)",V7,A,D#,E,50.0,9.0
401,F#,B,5,E,"(3, 6, 9, 11)",V7,A,D#,E,50.125,9.0
402,F#,B,5,E,"(3, 6, 9, 11)",V7,A,D#,E,50.25,9.0
403,F#,B,5,E,"(3, 6, 9, 11)",V7,A,D#,E,50.375,9.0
404,F#,B,5,E,"(3, 6, 9, 11)",V7,A,D#,E,50.5,9.0
405,F#,B,5,E,"(3, 6, 9, 11)",V7,A,D#,E,50.625,9.0
406,F#,B,5,E,"(3, 6, 9, 11)",V7,A,D#,E,50.75,9.0
407,F#,B,5,E,"(3, 6, 9, 11)",V7,A,D#,E,50.875,9.0
408,B,E,0,A,"(2, 4, 8, 11)",V7,D,G#,A,51.0,9.0
409,B,E,1,A,"(2, 4, 8, 11)",V7,D,G#,A,51.125,9.0
410,B,E,2,A,"(2, 4, 8, 11)",V7,D,G#,A,51.25,9.0
411,B,E,2,A,"(2, 4, 8, 11)",V7,D,G#,A,51.375,9.0
412,B,E,3,A,"(2, 4, 8, 11)",V7,D,G#,A,51.5,9.0
413,B,E,3,A,"(2, 4, 8, 11)",V7,D,G#,A,51.625,9.0
414,B,E,3,A,"(2, 4, 8, 11)",V7,D,G#,A,51.75,9.0
415,B,E,3,A,"(2, 4, 8, 11)",V7,D,G#,A,51.875,9.0
416,B,E,4,A,"(2, 4, 8, 11)",V7,D,G#,A,52.0,9.0
417,B,E,4,A,"(2, 4, 8, 11)",V7,D,G#,A,52.125,9.0
418,B,E,4,A,"(2, 4, 8, 11)",V7,D,G#,A,52.25,9.0
419,B,E,4,A,"(2, 4, 8, 11)",V7,D,G#,A,52.375,9.0
420,B,E,4,A,"(2, 4, 8, 11)",V7,D,G#,A,52.5,9.0
421,B,E,4,A,"(2, 4, 8, 11)",V7,D,G#,A,52.625,9.0
422,B,E,4,A,"(2, 4, 8, 11)",V7,D,G#,A,52.75,9.0
423,B,E,4,A,"(2, 4, 8, 11)",V7,D,G#,A,52.875,9.0
424,B,E,4,A,"(2, 4, 8, 11)",V7,D,G#,A,53.0,9.0
425,B,E,4,A,"(2, 4, 8, 11)",V7,D,G#,A,53.125,9.0
426,B,E,4,A,"(2, 4, 8, 11)",V7,D,G#,A,53.25,9.0
427,B,E,4,A,"(2, 4, 8, 11)",V7,D,G#,A,53.375,9.0
428,B,E,4,A,"(2, 4, 8, 11)",V7,D,G#,A,53.5,9.0
429,B,E,4,A,"(2, 4, 8, 11)",V7,D,G#,A,53.625,9.0
430,B,E,4,A,"(2, 4, 8, 11)",V7,D,G#,A,53.75,9.0
431,B,E,6,A,"(2, 4, 8, 11)",V7,D,G#,A,53.875,9.0
432,C#,E,0,A,"(1, 4, 9)",I,A,A,A,54.0,10.0
433,C#,E,1,A,"(1, 4, 9)",I,A,A,A,54.125,10.0
434,C#,E,2,A,"(1, 4, 9)",I,A,A,A,54.25,10.0
435,C#,E,2,A,"(1, 4, 9)",I,A,A,A,54.375,10.0
436,C#,E,3,A,"(1, 4, 9)",I,A,A,A,54.5,10.0
437,C#,E,3,A,"(1, 4, 9)",I,A,A,A,54.625,10.0
438,C#,E,3,A,"(1, 4, 9)",I,A,A,A,54.75,10.0
439,C#,E,3,A,"(1, 4, 9)",I,A,A,A,54.875,10.0
440,C#,E,4,A,"(1, 4, 9)",I,A,A,A,55.0,10.0
441,C#,E,4,A,"(1, 4, 9)",I,A,A,A,55.125,10.0
442,C#,E,4,A,"(1, 4, 9)",I,A,A,A,55.25,10.0
443,C#,E,4,A,"(1, 4, 9)",I,A,A,A,55.375,10.0
444,B,E,0,A,"(4, 8, 11)",i,E,G#,A,55.5,10.0
445,B,E,1,A,"(0, 4, 8)",V+,E,G#,A,55.625,10.0
446,B,E,2,A,"(0, 4, 8)",V+,E,G#,A,55.75,10.0
447,B,E,2,A,"(0, 4, 8)",V+,E,G#,A,55.875,10.0
448,B,E,3,A,"(0, 4, 8)",V+,E,G#,A,56.0,10.0
449,B,E,3,A,"(0, 4, 8)",V+,E,G#,A,56.125,10.0
450,B,E,3,A,"(0, 4, 8)",V+,E,G#,A,56.25,10.0
451,B,E,3,A,"(0, 4, 8)",V+,E,G#,A,56.375,10.0
452,C#,E,0,A,"(1, 4, 9)",I,A,A,A,56.5,10.0
453,C#,E,1,A,"(1, 4, 9)",I,A,A,A,56.625,10.0
454,C#,E,2,A,"(1, 4, 9)",I,A,A,A,56.75,10.0
455,C#,E,4,A,"(1, 4, 9)",I,A,A,A,56.875,10.0
456,C#,E,0,A,"(1, 4, 9)",I,A,A,A,57.0,10.0
457,C#,E,1,A,"(1, 4, 9)",I,A,A,A,57.125,10.0
458,C#,E,2,A,"(1, 4, 9)",I,A,A,A,57.25,10.0
459,C#,E,2,A,"(1, 4, 9)",I,A,A,A,57.375,10.0
460,C#,E,3,A,"(1, 4, 9)",I,A,A,A,57.5,10.0
461,C#,E,3,A,"(1, 4, 9)",I,A,A,A,57.625,10.0
462,C#,E,3,A,"(1, 4, 9)",I,A,A,A,57.75,10.0
463,C#,E,3,A,"(1, 4, 9)",I,A,A,A,57.875,10.0
464,C#,E,0,A,"(1, 4, 9)",I,A,A,A,58.0,10.0
465,C#,E,4,A,"(1, 4, 9)",I,A,A,A,58.125,10.0
466,C#,E,4,A,"(1, 4, 9)",I,A,A,A,58.25,10.0
467,C#,E,4,A,"(1, 4, 9)",I,A,A,A,58.375,10.0
468,C#,E,4,A,"(1, 4, 9)",I,A,A,A,58.5,10.0
469,C#,E,4,A,"(1, 4, 9)",I,A,A,A,58.625,10.0
470,C#,E,4,A,"(1, 4, 9)",I,A,A,A,58.75,10.0
471,C#,E,4,A,"(1, 4, 9)",I,A,A,A,58.875,10.0
472,C#,E,5,A,"(1, 4, 9)",I,A,A,A,59.0,10.0
473,C#,E,5,A,"(1, 4, 9)",I,A,A,A,59.125,10.0
474,C#,E,5,A,"(1, 4, 9)",I,A,A,A,59.25,10.0
475,C#,E,5,A,"(1, 4, 9)",I,A,A,A,59.375,10.0
476,C#,E,5,A,"(1, 4, 9)",I,A,A,A,59.5,10.0
477,C#,E,5,A,"(1, 4, 9)",I,A,A,A,59.625,10.0
478,C#,E,5,A,"(1, 4, 9)",I,A,A,A,59.75,10.0
479,C#,E,5,A,"(1, 4, 9)",I,A,A,A,59.875,10.0
480,C#,E,0,A,"(1, 4, 9)",I,A,A,A,60.0,11.0
481,C#,E,1,A,"(1, 4, 9)",I,A,A,A,60.125,11.0
482,C#,E,2,A,"(1, 4, 9)",I,A,A,A,60.25,11.0
483,C#,E,2,A,"(1, 4, 9)",I,A,A,A,60.375,11.0
484,C#,E,3,A,"(1, 4, 9)",I,A,A,A,60.5,11.0
485,C#,E,3,A,"(1, 4, 9)",I,A,A,A,60.625,11.0
486,C#,E,3,A,"(1, 4, 9)",I,A,A,A,60.75,11.0
487,C#,E,3,A,"(1, 4, 9)",I,A,A,A,60.875,11.0
488,C#,E,4,A,"(1, 4, 9)",I,A,A,A,61.0,11.0
489,C#,E,4,A,"(1, 4, 9)",I,A,A,A,61.125,11.0
490,C#,E,4,A,"(1, 4, 9)",I,A,A,A,61.25,11.0
491,C#,E,4,A,"(1, 4, 9)",I,A,A,A,61.375,11.0
492,B,E,0,A,"(4, 8, 11)",I,E,G#,A,61.5,11.0
493,B,E,1,A,"(4, 8, 11)",I,E,G#,A,61.625,11.0
494,B,E,2,A,"(4, 8, 11)",I,E,G#,A,61.75,11.0
495,B,E,2,A,"(4, 8, 11)",I,E,G#,A,61.875,11.0
496,B,E,3,A,"(4, 8, 11)",V,E,G#,A,62.0,11.0
497,B,E,3,A,"(4, 8, 11)",V,E,G#,A,62.125,11.0
498,B,E,3,A,"(4, 8, 11)",V,E,G#,A,62.25,11.0
499,B,E,3,A,"(4, 8, 11)",V,E,G#,A,62.375,11.0
500,B,E,4,A,"(4, 8, 11)",V,E,G#,A,62.5,11.0
501,B,E,4,A,"(4, 8, 11)",V,E,G#,A,62.625,11.0
502,B,E,4,A,"(4, 8, 11)",V,E,G#,A,62.75,11.0
503,B,E,4,A,"(4, 8, 11)",V,E,G#,A,62.875,11.0
504,F#,E,0,A,"(3, 6, 9)",V7,D#,F#,E,63.0,11.0
505,B,E,1,A,"(3, 6, 9)",V7,D#,F#,E,63.125,11.0
506,B,E,2,A,"(3, 6, 9)",V7,D#,F#,E,63.25,11.0
507,B,E,2,A,"(3, 6, 9)",V7,D#,F#,E,63.375,11.0
508,B,E,3,A,"(3, 6, 9)",V7,D#,F#,E,63.5,11.0
509,B,E,3,A,"(3, 6, 9)",V7,D#,F#,E,63.625,11.0
510,B,E,3,A,"(3, 6, 9)",V7,D#,F#,E,63.75,11.0
511,B,E,3,A,"(3, 6, 9)",V7,D#,F#,E,63.875,11.0
512,B,E,4,A,"(3, 6, 9)",V7,E,F#,E,64.0,11.0
513,B,E,4,A,"(3, 6, 9)",V7,E,G#,E,64.125,11.0
514,B,E,4,A,"(3, 6, 9)",V7,E,G#,E,64.25,11.0
515,B,E,4,A,"(3, 6, 9)",V7,E,G#,E,64.375,11.0
516,B,E,0,A,"(4, 8, 11)",I,E,G#,E,64.5,11.0
517,B,E,1,A,"(4, 8, 11)",I,E,G#,E,64.625,11.0
518,B,E,2,A,"(4, 8, 11)",I,E,G#,E,64.75,11.0
519,B,E,2,A,"(4, 8, 11)",I,E,G#,E,64.875,11.0
520,B,E,3,A,"(4, 8, 11)",I,E,G#,E,65.0,11.0
521,B,E,3,A,"(4, 8, 11)",I,E,G#,E,65.125,11.0
522,B,E,3,A,"(4, 8, 11)",I,E,G#,E,65.25,11.0
523,B,E,3,A,"(4, 8, 11)",I,E,G#,E,65.375,11.0
524,B,E,4,A,"(4, 8, 11)",I,E,G#,E,65.5,11.0
525,B,E,4,A,"(4, 8, 11)",I,E,G#,E,65.625,11.0
526,B,E,4,A,"(4, 8, 11)",I,E,G#,E,65.75,11.0
527,B,E,4,A,"(4, 8, 11)",I,E,G#,A,65.875,11.0
528,C#,E,0,A,"(1, 4, 9)",I,A,A,A,66.0,12.0
529,C#,E,1,A,"(1, 4, 9)",I,A,A,A,66.125,12.0
530,C#,E,2,A,"(1, 4, 9)",I,A,A,A,66.25,12.0
531,C#,E,2,A,"(1, 4, 9)",I,A,A,A,66.375,12.0
532,C#,E,3,A,"(1, 4, 9)",I,A,A,A,66.5,12.0
533,C#,E,3,A,"(1, 4, 9)",I,A,A,A,66.625,12.0
534,C#,E,3,A,"(1, 4, 9)",I,A,A,A,66.75,12.0
535,C#,E,3,A,"(1, 4, 9)",I,A,A,A,66.875,12.0
536,C#,E,4,A,"(1, 4, 9)",I,A,A,A,67.0,12.0
537,C#,E,4,A,"(1, 4, 9)",I,A,A,A,67.125,12.0
538,C#,E,4,A,"(1, 4, 9)",I,A,A,A,67.25,12.0
539,C#,E,4,A,"(1, 4, 9)",I,A,A,A,67.375,12.0
540,E,G#,0,A,"(0, 3, 8)",V,G#,B#,A,67.5,12.0
541,E,G#,1,A,"(0, 4, 8)",V,G#,B#,A,67.625,12.0
542,E,G#,2,A,"(0, 4, 8)",V,G#,B#,A,67.75,12.0
543,E,G#,2,A,"(0, 4, 8)",V,G#,B#,A,67.875,12.0
544,E,G#,3,A,"(0, 4, 8)",V+,E,B#,A,68.0,12.0
545,E,G#,3,A,"(0, 4, 8)",V+,E,B#,A,68.125,12.0
546,E,G#,3,A,"(0, 4, 8)",V+,E,B#,A,68.25,12.0
547,E,G#,3,A,"(0, 4, 8)",V+,E,B#,A,68.375,12.0
548,E,A,0,A,"(1, 4, 9)",I,A,C#,A,68.5,12.0
549,E,A,1,A,"(1, 4, 9)",I,A,C#,A,68.625,12.0
550,E,A,2,A,"(1, 4, 9)",I,A,C#,A,68.75,12.0
551,E,A,2,A,"(1, 4, 9)",I,A,C#,A,68.875,12.0
552,C#,E,0,A,"(1, 4, 9)",I,A,G#,A,69.0,12.0
553,C#,E,1,A,"(1, 4, 9)",I,A,G#,A,69.125,12.0
554,C#,E,2,A,"(1, 4, 9)",I,A,G#,A,69.25,12.0
555,C#,E,2,A,"(1, 4, 9)",I,A,G#,A,69.375,12.0
556,C#,E,3,A,"(1, 4, 9)",I,A,G#,A,69.5,12.0
557,C#,E,3,A,"(1, 4, 9)",I,A,G#,A,69.625,12.0
558,C#,E,3,A,"(1, 4, 9)",I,A,G#,A,69.75,12.0
559,C#,E,3,A,"(1, 4, 9)",I,A,G#,A,69.875,12.0
560,C#,E,4,A,"(1, 4, 9)",I,A,G#,A,70.0,12.0
561,C#,E,4,A,"(1, 4, 9)",I,A,G#,A,70.125,12.0
562,C#,E,4,A,"(1, 4, 9)",I,A,G#,A,70.25,12.0
563,C#,E,4,A,"(1, 4, 9)",I,A,G#,A,70.375,12.0
564,E,A,0,A,"(1, 4, 9)",IV,A,C#,A,70.5,12.0
565,E,A,1,A,"(1, 4, 9)",IV,A,C#,A,70.625,12.0
566,E,A,2,A,"(1, 4, 9)",IV,A,C#,A,70.75,12.0
567,E,A,2,A,"(1, 4, 9)",IV,A,C#,A,70.875,12.0
568,E,A,3,A,"(1, 4, 9)",IV,A,C#,A,71.0,12.0
569,E,A,3,A,"(1, 4, 9)",IV,A,C#,A,71.125,12.0
570,E,A,3,A,"(1, 4, 9)",IV,A,C#,A,71.25,12.0
571,E,A,3,A,"(1, 4, 9)",IV,A,C#,A,71.375,12.0
572,E,A,4,A,"(1, 4, 9)",IV,A,C#,A,71.5,12.0
573,E,A,4,A,"(1, 4, 9)",IV,A,C#,A,71.625,12.0
574,E,A,4,A,"(1, 4, 9)",IV,A,C#,A,71.75,12.0
575,E,A,4,A,"(1, 4, 9)",IV,A,C#,A,71.875,12.0
576,E,G#,0,E,"(4, 8, 11)",V,E,B,A,72.0,13.0
577,E,G#,1,E,"(4, 8, 11)",V,E,B,A,72.125,13.0
578,E,G#,2,E,"(4, 8, 11)",V,E,B,A,72.25,13.0
579,E,G#,2,E,"(4, 8, 11)",V,E,B,A,72.375,13.0
580,E,G#,3,E,"(4, 8, 11)",V,E,B,A,72.5,13.0
581,E,G#,3,E,"(4, 8, 11)",V,E,B,A,72.625,13.0
582,E,G#,3,E,"(4, 8, 11)",V,E,B,A,72.75,13.0
583,E,G#,3,E,"(4, 8, 11)",V,E,B,A,72.875,13.0
584,E,G#,4,E,"(4, 8, 11)",V,E,B,A,73.0,13.0
585,E,G#,4,E,"(4, 8, 11)",V,E,B,A,73.125,13.0
586,E,G#,4,E,"(4, 8, 11)",V,E,B,A,73.25,13.0
587,E,G#,4,E,"(4, 8, 11)",V,E,B,A,73.375,13.0
588,E,G#,4,E,"(4, 8, 11)",V,E,B,A,73.5,13.0
589,E,G#,4,E,"(4, 8, 11)",V,E,B,A,73.625,13.0
590,E,G#,4,E,"(4, 8, 11)",V,E,B,A,73.75,13.0
591,E,G#,4,E,"(4, 8, 11)",V,E,B,A,73.875,13.0
592,E,G#,5,E,"(4, 8, 11)",V,E,B,A,74.0,13.0
593,E,G#,5,E,"(4, 8, 11)",V,E,B,A,74.125,13.0
594,E,G#,5,E,"(4, 8, 11)",V,E,B,A,74.25,13.0
595,E,G#,5,E,"(4, 8, 11)",V,E,B,A,74.375,13.0
596,E,G#,5,E,"(4, 8, 11)",V,E,B,A,74.5,13.0
597,E,G#,5,E,"(4, 8, 11)",V,E,B,A,74.625,13.0
598,E,G#,5,E,"(4, 8, 11)",V,E,B,A,74.75,13.0
599,E,G#,5,E,"(4, 8, 11)",V,E,B,A,74.875,13.0
600,E,G#,5,E,"(4, 8, 11)",V,E,B,A,75.0,13.0
601,E,G#,5,E,"(4, 8, 11)",V,E,B,A,75.125,13.0
602,E,G#,5,E,"(4, 8, 11)",V,E,B,A,75.25,13.0
603,E,G#,5,E,"(4, 8, 11)",V,E,B,A,75.375,13.0
604,E,G#,5,E,"(4, 8, 11)",V,E,B,A,75.5,13.0
605,E,G#,5,E,"(4, 8, 11)",V,E,B,A,75.625,13.0
606,E,G#,5,E,"(4, 8, 11)",V,E,B,A,75.75,13.0
607,E,G#,5,E,"(4, 8, 11)",V,E,B,A,75.875,13.0
608,E,G#,6,A,"(4, 8, 11)",V,E,B,A,76.0,13.0
609,E,G#,6,A,"(4, 8, 11)",V,E,B,A,76.125,13.0
610,E,G#,6,A,"(4, 8, 11)",V,E,B,A,76.25,13.0
611,E,G#,6,A,"(4, 8, 11)",V,E,B,A,76.375,13.0
612,E,G,0,E,"(4, 7, 11)",i,E,B,b,76.5,13.0
613,E,G,1,E,"(4, 7, 11)",i,E,B,b,76.625,13.0
614,E,G,2,E,"(4, 7, 11)",i,E,B,b,76.75,13.0
615,E,G,2,E,"(4, 7, 11)",i,E,B,b,76.875,13.0
616,E,G,3,E,"(4, 7, 11)",i,E,B,b,77.0,13.0
617,E,G,3,A,"(4, 7, 11)",i,E,B,b,77.125,13.0
618,E,G,3,A,"(4, 7, 11)",i,E,B,b,77.25,13.0
619,E,G,3,A,"(4, 7, 11)",i,E,B,b,77.375,13.0
620,E,G,4,A,"(4, 7, 11)",i,E,B,b,77.5,13.0
621,E,G,4,A,"(4, 7, 11)",i,E,B,b,77.625,13.0
622,E,G,4,A,"(4, 7, 11)",i,E,B,b,77.75,13.0
623,E,G,4,A,"(4, 7, 11)",i,E,B,b,77.875,13.0
624,C#,F#,0,A,"(1, 4, 6, 10)",V7,E,A#,b,78.0,14.0
625,C#,F#,1,A,"(1, 4, 6, 10)",V7,E,A#,b,78.125,14.0
626,C#,F#,2,A,"(1, 4, 6, 10)",V7,E,A#,b,78.25,14.0
627,C#,F#,2,A,"(1, 4, 6, 10)",V7,E,A#,b,78.375,14.0
628,C#,F#,3,A,"(1, 4, 6, 10)",V7,E,A#,b,78.5,14.0
629,C#,F#,3,A,"(1, 4, 6, 10)",V7,E,A#,b,78.625,14.0
630,C#,F#,3,A,"(1, 4, 6, 10)",V7,E,A#,b,78.75,14.0
631,C#,F#,3,A,"(1, 4, 6, 10)",V7,E,A#,b,78.875,14.0
632,C#,F#,4,A,"(1, 4, 6, 10)",V7,E,A#,b,79.0,14.0
633,C#,F#,4,A,"(1, 4, 6, 10)",V7,E,A#,b,79.125,14.0
634,C#,F#,4,A,"(1, 4, 6, 10)",V7,E,A#,b,79.25,14.0
635,C#,F#,4,A,"(1, 4, 6, 10)",V7,E,A#,b,79.375,14.0
636,C#,F#,4,A,"(1, 4, 6, 10)",V7,E,A#,b,79.5,14.0
637,C#,F#,4,A,"(1, 4, 6, 10)",V7,E,A#,b,79.625,14.0
638,C#,F#,4,b,"(1, 4, 6, 10)",V7,E,A#,b,79.75,14.0
639,C#,F#,4,b,"(1, 4, 6, 10)",V7,E,A#,b,79.875,14.0
640,E,A#,5,B,"(1, 4, 7, 10)",viio7,A#,C#,b,80.0,14.0
641,E,A#,1,B,"(1, 4, 7, 10)",viio7,A#,C#,b,80.125,14.0
642,E,A#,5,B,"(1, 4, 7, 10)",viio7,A#,C#,b,80.25,14.0
643,E,A#,5,B,"(1, 4, 7, 10)",viio7,A#,C#,b,80.375,14.0
644,E,A#,5,B,"(1, 4, 7, 10)",viio7,A#,C#,b,80.5,14.0
645,E,A#,5,B,"(1, 4, 7, 10)",viio7,A#,C#,b,80.625,14.0
646,E,A#,5,B,"(1, 4, 7, 10)",viio7,A#,C#,b,80.75,14.0
647,E,A#,5,B,"(1, 4, 7, 10)",viio7,A#,C#,b,80.875,14.0
648,E,A#,5,e,"(1, 4, 7, 10)",viio7,A#,C#,b,81.0,14.0
649,E,A#,5,e,"(1, 4, 7, 10)",viio7,A#,C#,b,81.125,14.0
650,E,A#,5,e,"(1, 4, 7, 10)",viio7,A#,C#,b,81.25,14.0
651,E,A#,5,e,"(1, 4, 7, 10)",viio7,A#,C#,b,81.375,14.0
652,E,A#,5,e,"(1, 4, 7, 10)",viio7,A#,C#,b,81.5,14.0
653,E,A#,5,e,"(1, 4, 7, 10)",viio7,A#,C#,b,81.625,14.0
654,E,A#,5,e,"(1, 4, 7, 10)",viio7,A#,C#,b,81.75,14.0
655,E,A#,5,e,"(1, 4, 7, 10)",viio7,A#,C#,b,81.875,14.0
656,E,A#,5,e,"(1, 4, 7, 10)",viio7,A#,C#,b,82.0,14.0
657,E,A#,5,e,"(1, 4, 7, 10)",viio7,A#,C#,b,82.125,14.0
658,E,A#,5,e,"(1, 4, 7, 10)",viio7,A#,C#,b,82.25,14.0
659,E,A#,5,e,"(1, 4, 7, 10)",viio7,A#,C#,b,82.375,14.0
660,E,G,0,e,"(1, 4, 7, 10)",viio7,E,C#,b,82.5,14.0
661,E,G,4,B,"(1, 4, 7, 10)",viio7,E,C#,b,82.625,14.0
662,E,G,4,B,"(1, 4, 7, 10)",viio7,E,C#,b,82.75,14.0
663,E,G,4,B,"(1, 4, 7, 10)",viio7,E,C#,b,82.875,14.0
664,E,G,5,B,"(1, 4, 7, 10)",viio7,E,C#,b,83.0,14.0
665,E,G,5,B,"(1, 4, 7, 10)",viio7,E,C#,b,83.125,14.0
666,E,G,5,B,"(1, 4, 7, 10)",viio7,E,C#,b,83.25,14.0
667,E,G,5,B,"(1, 4, 7, 10)",viio7,E,C#,b,83.375,14.0
668,E,G,4,B,"(1, 4, 7, 10)",viio7,E,C#,b,83.5,14.0
669,E,G,4,B,"(1, 4, 7, 10)",viio7,E,C#,b,83.625,14.0
670,E,G,4,B,"(1, 4, 7, 10)",viio7,E,C#,b,83.75,14.0
671,E,G,4,B,"(1, 4, 7, 10)",viio7,E,C#,b,83.875,14.0
672,C#,F#,0,B,"(1, 6, 10)",V,F#,A#,B,84.0,15.0
673,C#,F#,1,B,"(1, 6, 10)",V,F#,A#,B,84.125,15.0
674,C#,F#,2,B,"(1, 6, 10)",V,F#,A#,B,84.25,15.0
675,C#,F#,2,B,"(1, 6, 10)",V,F#,A#,B,84.375,15.0
676,C#,F#,3,B,"(1, 6, 10)",V,F#,A#,B,84.5,15.0
677,C#,F#,3,B,"(1, 6, 10)",V,F#,A#,B,84.625,15.0
678,C#,F#,3,B,"(1, 6, 10)",V,F#,A#,B,84.75,15.0
679,C#,F#,3,B,"(1, 6, 10)",V,F#,A#,B,84.875,15.0
680,C#,F#,4,B,"(1, 6, 10)",V,F#,A#,B,85.0,15.0
681,C#,F#,4,B,"(1, 6, 10)",V,F#,A#,B,85.125,15.0
682,C#,F#,4,B,"(1, 6, 10)",V,F#,A#,B,85.25,15.0
683,C#,F#,4,B,"(1, 6, 10)",V,F#,A#,B,85.375,15.0
684,C#,F#,0,B,"(1, 4, 6, 10)",V7,E,A#,b,85.5,15.0
685,C#,F#,4,B,"(1, 4, 6, 10)",V7,E,A#,b,85.625,15.0
686,C#,F#,4,B,"(1, 4, 6, 10)",V7,E,A#,b,85.75,15.0
687,C#,F#,4,B,"(1, 4, 6, 10)",V7,E,A#,b,85.875,15.0
688,C#,F#,3,B,"(1, 4, 6, 10)",viio7,C#,A#,b,86.0,15.0
689,C#,F#,3,B,"(1, 4, 6, 10)",viio7,C#,A#,b,86.125,15.0
690,C#,F#,3,B,"(1, 4, 6, 10)",viio7,C#,A#,b,86.25,15.0
691,C#,F#,3,B,"(1, 4, 6, 10)",viio7,C#,A#,b,86.375,15.0
692,C#,F#,4,B,"(1, 4, 6, 10)",viio7,C#,A#,b,86.5,15.0
693,C#,F#,4,B,"(1, 4, 6, 10)",viio7,C#,A#,b,86.625,15.0
694,C#,F#,4,B,"(1, 4, 6, 10)",viio7,C#,A#,b,86.75,15.0
695,C#,F#,4,B,"(1, 4, 6, 10)",viio7,C#,A#,b,86.875,15.0
696,E,A#,5,B,"(1, 4, 6, 10)",V7,F#,C#,B,87.0,15.0
697,E,A#,5,B,"(1, 4, 6, 10)",V7,F#,C#,B,87.125,15.0
698,E,A#,5,B,"(1, 4, 6, 10)",V7,F#,C#,B,87.25,15.0
699,E,A#,5,B,"(1, 4, 6, 10)",V7,F#,C#,B,87.375,15.0
700,E,A#,5,B,"(1, 4, 6, 10)",V7,F#,C#,B,87.5,15.0
701,E,A#,5,B,"(1, 4, 6, 10)",V7,F#,C#,B,87.625,15.0
702,E,A#,5,B,"(1, 4, 6, 10)",V7,F#,C#,B,87.75,15.0
703,E,A#,5,B,"(1, 4, 6, 10)",V7,F#,C#,B,87.875,15.0
704,E,A#,4,B,"(1, 4, 6, 10)",V7,F#,C#,B,88.0,15.0
705,E,A#,4,B,"(1, 4, 6, 10)",V7,F#,C#,B,88.125,15.0
706,E,A#,4,B,"(1, 4, 6, 10)",V7,F#,C#,B,88.25,15.0
707,E,A#,4,B,"(1, 4, 6, 10)",V7,F#,C#,B,88.375,15.0
708,E,A#,4,B,"(1, 4, 6, 10)",V7,F#,A#,B,88.5,15.0
709,C#,A#,4,B,"(1, 4, 6, 10)",V7,F#,A#,B,88.625,15.0
710,C#,A#,4,B,"(1, 4, 6, 10)",V7,F#,A#,B,88.75,15.0
711,C#,A#,4,B,"(1, 4, 6, 10)",V7,F#,A#,B,88.875,15.0
712,C#,F#,5,B,"(1, 4, 6, 10)",V7,E,A#,B,89.0,15.0
713,C#,F#,5,B,"(1, 4, 6, 10)",V7,E,A#,B,89.125,15.0
714,C#,F#,5,B,"(1, 4, 6, 10)",V7,E,A#,B,89.25,15.0
715,C#,F#,5,B,"(1, 4, 6, 10)",V7,E,A#,B,89.375,15.0
716,C#,F#,5,B,"(1, 4, 6, 10)",V7,E,A#,B,89.5,15.0
717,C#,F#,5,B,"(1, 4, 6, 10)",V7,E,A#,B,89.625,15.0
718,C#,F#,5,B,"(1, 4, 6, 10)",V7,E,A#,B,89.75,15.0
719,C#,F#,5,B,"(1, 4, 6, 10)",V7,E,A#,B,89.875,15.0
720,F#,B,0,B,"(3, 6, 9, 11)",V7,A,D#,e,90.0,16.0
721,F#,B,1,e,"(3, 6, 9, 11)",V7,A,D#,e,90.125,16.0
722,F#,B,2,e,"(3, 6, 9, 11)",V7,A,D#,e,90.25,16.0
723,F#,B,2,e,"(3, 6, 9, 11)",V7,A,D#,e,90.375,16.0
724,F#,B,3,e,"(3, 6, 9, 11)",V7,A,D#,e,90.5,16.0
725,F#,B,3,e,"(3, 6, 9, 11)",V7,A,D#,e,90.625,16.0
726,F#,B,3,e,"(3, 6, 9, 11)",V7,A,D#,e,90.75,16.0
727,F#,B,3,e,"(3, 6, 9, 11)",V7,A,D#,e,90.875,16.0
728,F#,B,4,e,"(3, 6, 9, 11)",V7,A,D#,e,91.0,16.0
729,F#,B,4,e,"(3, 6, 9, 11)",V7,A,D#,e,91.125,16.0
730,F#,B,4,e,"(3, 6, 9, 11)",V7,A,D#,e,91.25,16.0
731,F#,B,4,e,"(3, 6, 9, 11)",V7,A,D#,e,91.375,16.0
732,F#,B,4,e,"(3, 6, 9, 11)",V7,A,D#,e,91.5,16.0
733,F#,B,4,e,"(3, 6, 9, 11)",V7,A,D#,e,91.625,16.0
734,F#,B,4,e,"(3, 6, 9, 11)",V7,A,D#,e,91.75,16.0
735,F#,B,4,e,"(3, 6, 9, 11)",V7,A,D#,e,91.875,16.0
736,F#,B,5,e,"(3, 6, 9, 11)",V7,A,D#,e,92.0,16.0
737,F#,B,5,e,"(3, 6, 9, 11)",V7,A,D#,e,92.125,16.0
738,F#,B,5,e,"(3, 6, 9, 11)",V7,A,D#,e,92.25,16.0
739,F#,B,5,e,"(3, 6, 9, 11)",V7,A,D#,e,92.375,16.0
740,F#,B,5,e,"(3, 6, 9, 11)",V7,A,D#,e,92.5,16.0
741,F#,B,5,e,"(3, 6, 9, 11)",V7,A,D#,e,92.625,16.0
742,F#,B,5,e,"(3, 6, 9, 11)",V7,A,D#,e,92.75,16.0
743,F#,B,5,e,"(3, 6, 9, 11)",V7,A,D#,e,92.875,16.0
744,F#,B,5,e,"(3, 6, 9, 11)",V7,A,D#,e,93.0,16.0
745,F#,B,5,e,"(3, 6, 9, 11)",V7,A,D#,e,93.125,16.0
746,F#,B,5,e,"(3, 6, 9, 11)",V7,A,D#,e,93.25,16.0
747,F#,B,5,e,"(3, 6, 9, 11)",V7,A,D#,e,93.375,16.0
748,F#,B,5,e,"(3, 6, 9, 11)",V7,A,D#,e,93.5,16.0
749,F#,B,5,e,"(3, 6, 9, 11)",V7,A,D#,e,93.625,16.0
750,F#,B,5,e,"(3, 6, 9, 11)",V7,A,D#,e,93.75,16.0
751,F#,B,5,e,"(3, 6, 9, 11)",V7,A,D#,e,93.875,16.0
752,F#,B,5,e,"(3, 6, 9, 11)",V7,A,D#,e,94.0,16.0
753,F#,B,5,e,"(3, 6, 9, 11)",V7,A,D#,e,94.125,16.0
754,F#,B,5,e,"(3, 6, 9, 11)",V7,A,D#,e,94.25,16.0
755,F#,B,5,e,"(3, 6, 9, 11)",V7,A,D#,e,94.375,16.0
756,F#,C,0,e,"(0, 3, 6, 9)",iiø7,A,D#,e,94.5,16.0
757,F#,C,1,e,"(0, 3, 6, 9)",iiø7,A,D#,e,94.625,16.0
758,F#,C,2,e,"(0, 3, 6, 9)",iiø7,A,D#,e,94.75,16.0
759,F#,C,2,e,"(0, 3, 6, 9)",iiø7,A,D#,e,94.875,16.0
760,F#,C,3,e,"(0, 4, 6, 9)",iiø7,A,D#,e,95.0,16.0
761,F#,C,3,e,"(0, 4, 6, 9)",iiø7,A,D#,e,95.125,16.0
762,F#,C,3,e,"(0, 4, 6, 9)",iiø7,A,D#,e,95.25,16.0
763,F#,C,3,e,"(0, 4, 6, 9)",iiø7,A,D#,e,95.375,16.0
764,F#,C,4,e,"(0, 4, 6, 9)",iiø7,A,D#,e,95.5,16.0
765,F#,C,4,e,"(0, 4, 6, 9)",iiø7,A,D#,e,95.625,16.0
766,F#,C,4,e,"(0, 4, 6, 9)",iiø7,A,D#,e,95.75,16.0
767,F#,C,4,e,"(0, 4, 6, 9)",iiø7,A,D#,e,95.875,16.0
768,F#,B,0,e,"(3, 6, 9, 11)",V7,A,D#,e,96.0,17.0
769,F#,B,1,e,"(3, 6, 9, 11)",V7,A,D#,E,96.125,17.0
770,F#,B,2,e,"(3, 6, 9, 11)",V7,A,D#,E,96.25,17.0
771,F#,B,2,e,"(3, 6, 9, 11)",V7,A,D#,E,96.375,17.0
772,F#,B,3,e,"(3, 6, 9, 11)",V7,A,D#,E,96.5,17.0
773,F#,B,3,e,"(3, 6, 9, 11)",V7,A,D#,E,96.625,17.0
774,F#,B,3,e,"(3, 6, 9, 11)",V7,A,D#,E,96.75,17.0
775,F#,B,3,e,"(3, 6, 9, 11)",V7,A,D#,E,96.875,17.0
776,F#,B,4,e,"(3, 6, 9, 11)",V7,A,D#,e,97.0,17.0
777,F#,B,4,e,"(3, 6, 9, 11)",V7,A,D#,E,97.125,17.0
778,F#,B,4,e,"(3, 6, 9, 11)",V7,A,D#,e,97.25,17.0
779,F#,B,4,e,"(3, 6, 9, 11)",V7,A,D#,E,97.375,17.0
780,F#,A,0,E,"(3, 6, 9, 11)",V7,A,D#,e,97.5,17.0
781,F#,A,4,E,"(3, 6, 9, 11)",V7,A,D#,e,97.625,17.0
782,F#,A,4,E,"(3, 6, 9, 11)",V7,A,D#,e,97.75,17.0
783,F#,A,2,E,"(3, 6, 9, 11)",V7,A,D#,e,97.875,17.0
784,D#,A,3,E,"(0, 3, 6, 9)",V7,F#,D#,e,98.0,17.0
785,D#,A,3,E,"(0, 3, 6, 9)",viio7,F#,D#,e,98.125,17.0
786,D#,A,3,E,"(0, 3, 6, 9)",viio7,F#,D#,e,98.25,17.0
787,D#,A,3,E,"(0, 3, 6, 9)",viio7,F#,D#,e,98.375,17.0
788,D#,A,4,E,"(0, 3, 6, 9)",viio7,F#,D#,e,98.5,17.0
789,D#,A,4,E,"(0, 3, 6, 9)",viio7,F#,D#,e,98.625,17.0
790,D#,A,4,E,"(0, 3, 6, 9)",viio7,F#,D#,e,98.75,17.0
791,D#,A,4,E,"(0, 3, 6, 9)",viio7,F#,D#,e,98.875,17.0
792,D#,G#,5,E,"(3, 8, 11)",i,G#,B,E,99.0,17.0
793,D#,G#,5,E,"(3, 8, 11)",iii,G#,B,E,99.125,17.0
794,D#,G#,5,E,"(3, 8, 11)",iii,G#,B,E,99.25,17.0
795,D#,G#,5,E,"(3, 8, 11)",iii,G#,B,E,99.375,17.0
796,D#,G#,5,E,"(3, 8, 11)",iii,G#,B,E,99.5,17.0
797,D#,G#,5,E,"(3, 8, 11)",iii,G#,B,E,99.625,17.0
798,D#,G#,5,E,"(3, 8, 11)",iii,G#,B,E,99.75,17.0
799,D#,G#,5,E,"(3, 8, 11)",iii,G#,B,E,99.875,17.0
800,D#,G#,4,E,"(3, 8, 11)",iii,G#,B,E,100.0,17.0
801,D#,G#,4,E,"(3, 8, 11)",iii,G#,B,E,100.125,17.0
802,D#,G#,4,E,"(3, 8, 11)",iii,G#,B,E,100.25,17.0
803,D#,G#,4,E,"(3, 8, 11)",iii,G#,B,E,100.375,17.0
804,B,F#,0,E,"(3, 6, 9, 11)",V7,D#,A,E,100.5,17.0
805,B,F#,1,E,"(3, 6, 9, 11)",V7,D#,A,E,100.625,17.0
806,B,F#,2,E,"(3, 6, 9, 11)",V7,D#,A,E,100.75,17.0
807,B,F#,2,E,"(3, 6, 9, 11)",V7,D#,A,E,100.875,17.0
808,B,F#,3,E,"(3, 6, 9, 11)",V7,D#,A,E,101.0,17.0
809,B,F#,3,E,"(3, 6, 9, 11)",V7,D#,A,E,101.125,17.0
810,B,F#,3,E,"(3, 6, 9, 11)",V7,D#,A,E,101.25,17.0
811,B,F#,3,E,"(3, 6, 9, 11)",V7,D#,A,E,101.375,17.0
812,B,F#,4,E,"(3, 6, 9, 11)",V7,D#,A,E,101.5,17.0
813,B,F#,4,E,"(3, 6, 9, 11)",V7,D#,A,E,101.625,17.0
814,B,F#,4,E,"(3, 6, 9, 11)",V7,D#,A,E,101.75,17.0
815,B,F#,4,E,"(3, 6, 9, 11)",V7,D#,A,E,101.875,17.0
816,B,E,0,E,"(4, 8, 11)",I,E,G#,E,102.0,18.0
817,B,E,1,E,"(4, 8, 11)",I,E,G#,E,102.125,18.0
818,B,E,2,E,"(4, 8, 11)",I,E,G#,E,102.25,18.0
819,B,E,2,E,"(4, 8, 11)",I,E,G#,E,102.375,18.0
820,B,E,3,E,"(4, 8, 11)",I,E,G#,E,102.5,18.0
821,B,E,3,E,"(4, 8, 11)",I,E,G#,E,102.625,18.0
822,B,E,3,E,"(4, 8, 11)",I,E,G#,E,102.75,18.0
823,B,E,3,E,"(4, 8, 11)",I,E,G#,E,102.875,18.0
824,B,E,4,E,"(4, 8, 11)",I,E,G#,E,103.0,18.0
825,B,E,4,E,"(4, 8, 11)",I,E,G#,E,103.125,18.0
826,B,E,4,E,"(4, 8, 11)",I,E,G#,E,103.25,18.0
827,B,E,4,E,"(4, 8, 11)",I,E,G#,E,103.375,18.0
828,B,E,4,E,"(4, 8, 11)",I,E,G#,E,103.5,18.0
829,B,E,4,E,"(4, 8, 11)",I,E,G#,E,103.625,18.0
830,B,E,4,E,"(4, 8, 11)",I,E,G#,E,103.75,18.0
831,B,E,4,E,"(4, 8, 11)",I,E,G#,E,103.875,18.0
832,B,F#,0,E,"(3, 6, 9, 11)",V7,D#,A,E,104.0,18.0
833,B,F#,1,E,"(3, 6, 9, 11)",V7,D#,A,E,104.125,18.0
834,B,F#,2,E,"(3, 6, 9, 11)",V7,D#,A,E,104.25,18.0
835,B,F#,2,E,"(3, 6, 9, 11)",V7,D#,A,E,104.375,18.0
836,B,F#,3,E,"(3, 6, 9, 11)",V7,D#,A,E,104.5,18.0
837,B,F#,3,E,"(3, 6, 9, 11)",V7,D#,A,E,104.625,18.0
838,B,F#,3,E,"(3, 6, 9, 11)",V7,D#,A,E,104.75,18.0
839,B,F#,3,E,"(3, 6, 9, 11)",V7,D#,A,E,104.875,18.0
840,B,F#,4,E,"(3, 6, 9, 11)",V7,D#,A,E,105.0,18.0
841,B,F#,4,E,"(3, 6, 9, 11)",V7,D#,A,E,105.125,18.0
842,B,F#,4,E,"(3, 6, 9, 11)",V7,D#,A,E,105.25,18.0
843,B,F#,4,E,"(3, 6, 9, 11)",V7,D#,A,E,105.375,18.0
844,B,F#,4,E,"(3, 6, 9, 11)",V7,D#,A,E,105.5,18.0
845,B,F#,4,E,"(3, 6, 9, 11)",V7,D#,A,E,105.625,18.0
846,B,F#,4,E,"(3, 6, 9, 11)",V7,D#,A,E,105.75,18.0
847,B,F#,4,E,"(3, 6, 9, 11)",V7,D#,A,E,105.875,18.0
848,E,G#,0,E,"(4, 8, 11)",I,E,B,E,106.0,19.0
849,E,G#,1,E,"(4, 8, 11)",I,E,B,E,106.125,19.0
850,E,G#,2,E,"(4, 8, 11)",I,E,B,E,106.25,19.0
851,E,G#,2,E,"(4, 8, 11)",I,E,B,E,106.375,19.0
852,E,G#,3,E,"(4, 8, 11)",I,E,B,E,106.5,19.0
853,E,G#,3,E,"(4, 8, 11)",I,E,B,E,106.625,19.0
854,E,G#,3,E,"(4, 8, 11)",I,E,B,E,106.75,19.0
855,E,G#,3,E,"(4, 8, 11)",I,E,B,E,106.875,19.0
856,E,G#,4,E,"(4, 8, 11)",I,E,B#,E,107.0,19.0
857,E,G#,4,E,"(4, 8, 11)",I,E,B#,E,107.125,19.0
858,E,G#,4,E,"(4, 8, 11)",I,E,B#,E,107.25,19.0
859,E,G#,4,E,"(4, 8, 11)",I,E,B#,E,107.375,19.0
860,E,G#,4,E,"(4, 8, 11)",I,E,B#,E,107.5,19.0
861,E,G#,4,E,"(4, 8, 11)",I,E,B#,E,107.625,19.0
862,E,G#,4,E,"(4, 8, 11)",I,E,B#,E,107.75,19.0
863,E,G#,4,E,"(4, 8, 11)",I,E,B#,E,107.875,19.0
864,E,A,0,E,"(1, 4, 9)",IV,A,C#,E,108.0,19.0
865,E,A,1,E,"(1, 4, 9)",IV,A,C#,E,108.125,19.0
866,E,A,2,E,"(1, 4, 9)",IV,A,C#,E,108.25,19.0
867,E,A,2,E,"(1, 4, 9)",IV,A,C#,E,108.375,19.0
868,E,A,3,E,"(1, 4, 9)",IV,A,C#,E,108.5,19.0
869,E,A,3,E,"(1, 4, 9)",IV,A,C#,E,108.625,19.0
870,E,A,3,E,"(1, 4, 9)",IV,A,C#,E,108.75,19.0
871,E,A,3,E,"(1, 4, 9)",IV,A,C#,E,108.875,19.0
872,E,A#,0,E,"(1, 4, 7, 10)",viio7,G,C#,b,109.0,19.0
873,E,A#,1,E,"(1, 4, 7, 10)",viio7,G,C#,b,109.125,19.0
874,E,A#,2,E,"(1, 4, 7, 10)",viio7,G,C#,b,109.25,19.0
875,E,A#,2,E,"(1, 4, 7, 10)",viio7,G,C#,b,109.375,19.0
876,E,A#,3,E,"(1, 4, 7, 10)",viio7,G,C#,b,109.5,19.0
877,E,A#,3,E,"(1, 4, 7, 10)",viio7,G,C#,b,109.625,19.0
878,E,A#,3,E,"(1, 4, 7, 10)",viio7,G,C#,b,109.75,19.0
879,E,A#,3,E,"(1, 4, 7, 10)",viio7,G,C#,b,109.875,19.0
880,F#,B,0,E,"(3, 6, 11)",V,B,D#,E,110.0,20.0
881,F#,B,1,E,"(3, 6, 11)",V,B,D#,E,110.125,20.0
882,F#,B,2,E,"(3, 6, 11)",V,B,D#,E,110.25,20.0
883,F#,B,2,E,"(3, 6, 11)",V,B,D#,E,110.375,20.0
884,F#,B,3,E,"(3, 6, 11)",V,B,D#,E,110.5,20.0
885,F#,B,3,E,"(3, 6, 11)",V,B,D#,E,110.625,20.0
886,F#,B,3,E,"(3, 6, 11)",V,B,D#,E,110.75,20.0
887,F#,B,3,E,"(3, 6, 11)",V,B,D#,E,110.875,20.0
888,F#,B,4,E,"(3, 6, 11)",V,B,D#,E,111.0,20.0
889,F#,B,4,E,"(3, 6, 11)",V,B,D#,E,111.125,20.0
890,F#,B,4,E,"(3, 6, 11)",V,B,D#,E,111.25,20.0
891,F#,B,4,E,"(3, 6, 11)",V,B,D#,E,111.375,20.0
892,F#,B,4,E,"(3, 6, 11)",V,B,D#,E,111.5,20.0
893,F#,B,4,E,"(3, 6, 11)",V,B,D#,E,111.625,20.0
894,F#,B,4,E,"(3, 6, 11)",V,B,D#,E,111.75,20.0
895,F#,B,4,E,"(3, 6, 11)",V,B,D#,E,111.875,20.0
896,F#,B,5,E,"(3, 6, 11)",V,B,D#,E,112.0,20.0
897,F#,B,5,E,"(3, 6, 11)",V,B,D#,E,112.125,20.0
898,F#,B,5,E,"(3, 6, 11)",V,B,D#,E,112.25,20.0
899,F#,B,5,E,"(3, 6, 11)",V,B,D#,E,112.375,20.0
900,F#,B,5,E,"(3, 6, 11)",V,B,D#,E,112.5,20.0
901,F#,B,5,E,"(3, 6, 11)",V,B,D#,E,112.625,20.0
902,F#,B,5,E,"(3, 6, 11)",V,B,D#,E,112.75,20.0
903,F#,B,5,E,"(3, 6, 11)",V,B,D#,E,112.875,20.0
904,F#,B,5,E,"(3, 6, 11)",V,B,D#,E,113.0,20.0
905,F#,B,5,E,"(3, 6, 11)",V,B,D#,E,113.125,20.0
906,F#,B,5,E,"(3, 6, 11)",V,B,D#,E,113.25,20.0
907,F#,B,5,E,"(3, 6, 11)",V,B,D#,E,113.375,20.0
908,F#,B,5,E,"(3, 6, 11)",V,B,D#,E,113.5,20.0
909,F#,B,5,E,"(3, 6, 11)",V,B,D#,E,113.625,20.0
910,F#,B,5,E,"(3, 6, 11)",V,B,D#,E,113.75,20.0
911,F#,B,5,E,"(3, 6, 11)",V,B,D#,E,113.875,20.0
912,C#,F#,0,E,"(1, 4, 6, 10)",V7,E,A#,B,114.0,21.0
913,C#,F#,1,E,"(1, 4, 6, 10)",V7,E,A#,B,114.125,21.0
914,C#,F#,2,E,"(1, 4, 6, 10)",V7,E,A#,B,114.25,21.0
915,C#,F#,2,E,"(1, 4, 6, 10)",V7,E,A#,B,114.375,21.0
916,C#,F#,3,E,"(1, 4, 6, 10)",V7,E,A#,B,114.5,21.0
917,C#,F#,3,E,"(1, 4, 6, 10)",V7,E,A#,B,114.625,21.0
918,C#,F#,3,E,"(1, 4, 6, 10)",V7,E,A#,B,114.75,21.0
919,C#,F#,3,E,"(1, 4, 6, 10)",V7,E,A#,B,114.875,21.0
920,C#,F#,4,E,"(1, 4, 6, 10)",V7,E,A#,B,115.0,21.0
921,C#,F#,4,E,"(1, 4, 6, 10)",V7,E,A#,B,115.125,21.0
922,C#,F#,4,E,"(1, 4, 6, 10)",V7,E,A#,B,115.25,21.0
923,C#,F#,4,E,"(1, 4, 6, 10)",V7,E,A#,B,115.375,21.0
924,C#,F#,4,E,"(1, 4, 6, 10)",V7,E,A#,B,115.5,21.0
925,C#,F#,4,E,"(1, 4, 6, 10)",V7,E,A#,B,115.625,21.0
926,C#,F#,4,E,"(1, 4, 6, 10)",V7,E,A#,B,115.75,21.0
927,C#,F#,4,E,"(1, 4, 6, 10)",V7,E,A#,B,115.875,21.0
928,C#,F#,5,E,"(1, 4, 6, 10)",V7,E,A#,B,116.0,21.0
929,C#,F#,5,E,"(1, 4, 6, 10)",V7,E,A#,B,116.125,21.0
930,C#,F#,5,E,"(1, 4, 6, 10)",V7,E,A#,B,116.25,21.0
931,C#,F#,5,E,"(1, 4, 6, 10)",V7,E,A#,B,116.375,21.0
932,C#,F#,5,E,"(1, 4, 6, 10)",V7,E,A#,B,116.5,21.0
933,C#,F#,5,E,"(1, 4, 6, 10)",V7,E,A#,B,116.625,21.0
934,C#,F#,5,E,"(1, 4, 6, 10)",V7,E,A#,B,116.75,21.0
935,C#,F#,5,E,"(1, 4, 6, 10)",V7,E,A#,B,116.875,21.0
936,C#,F#,5,E,"(1, 4, 6, 10)",V7,E,A#,B,117.0,21.0
937,C#,F#,5,E,"(1, 4, 6, 10)",V7,E,A#,B,117.125,21.0
938,C#,F#,5,E,"(1, 4, 6, 10)",V7,E,A#,B,117.25,21.0
939,C#,F#,5,E,"(1, 4, 6, 10)",V7,E,A#,B,117.375,21.0
940,C#,F#,5,E,"(1, 4, 6, 10)",V7,E,A#,B,117.5,21.0
941,C#,F#,5,E,"(1, 4, 6, 10)",V7,E,A#,B,117.625,21.0
942,C#,F#,5,E,"(1, 4, 6, 10)",V7,E,A#,B,117.75,21.0
943,C#,F#,5,E,"(1, 4, 6, 10)",V7,E,A#,B,117.875,21.0
944,C#,F#,0,E,"(1, 4, 6, 10)",V7,E,A#,B,118.0,22.0
945,C#,F#,1,E,"(1, 4, 6, 10)",V7,E,A#,B,118.125,22.0
946,C#,F#,2,E,"(1, 4, 6, 10)",V7,E,A#,B,118.25,22.0
947,C#,F#,2,E,"(1, 4, 6, 10)",V7,E,A#,B,118.375,22.0
948,C#,F#,3,E,"(1, 4, 6, 10)",V7,E,A#,B,118.5,22.0
949,C#,F#,3,E,"(1, 4, 6, 10)",V7,E,A#,B,118.625,22.0
950,C#,F#,3,E,"(1, 4, 6, 10)",V7,E,A#,B,118.75,22.0
951,C#,F#,3,E,"(1, 4, 6, 10)",V7,E,A#,B,118.875,22.0
952,C#,F#,4,E,"(1, 4, 6, 10)",V7,E,A#,B,119.0,22.0
953,C#,F#,4,E,"(1, 4, 6, 10)",V7,E,A#,B,119.125,22.0
954,C#,F#,4,E,"(1, 4, 6, 10)",V7,E,A#,B,119.25,22.0
955,C#,F#,4,E,"(1, 4, 6, 10)",V7,E,A#,B,119.375,22.0
956,C#,F#,4,E,"(1, 4, 6, 10)",V7,E,A#,B,119.5,22.0
957,C#,F#,4,E,"(1, 4, 6, 10)",V7,E,A#,B,119.625,22.0
958,C#,F#,4,E,"(1, 4, 6, 10)",V7,E,A#,B,119.75,22.0
959,C#,F#,4,E,"(1, 4, 6, 10)",V7,E,A#,B,119.875,22.0
960,C#,F#,5,E,"(1, 4, 6, 10)",V7,E,A#,B,120.0,22.0
961,C#,F#,5,E,"(1, 4, 6, 10)",V7,E,A#,B,120.125,22.0
962,C#,F#,5,E,"(1, 4, 6, 10)",V7,E,A#,B,120.25,22.0
963,C#,F#,5,E,"(1, 4, 6, 10)",V7,E,A#,B,120.375,22.0
964,C#,F#,5,E,"(1, 4, 6, 10)",V7,E,A#,B,120.5,22.0
965,C#,F#,5,E,"(1, 4, 6, 10)",V7,E,A#,B,120.625,22.0
966,C#,F#,5,E,"(1, 4, 6, 10)",V7,E,A#,B,120.75,22.0
967,C#,F#,5,E,"(1, 4, 6, 10)",V7,E,A#,B,120.875,22.0
968,C#,F#,5,E,"(1, 4, 6, 10)",V7,E,A#,B,121.0,22.0
969,C#,F#,5,E,"(1, 4, 6, 10)",V7,E,A#,B,121.125,22.0
970,C#,F#,5,E,"(1, 4, 6, 10)",V7,E,A#,B,121.25,22.0
971,C#,F#,5,E,"(1, 4, 6, 10)",V7,E,A#,B,121.375,22.0
972,C#,F#,5,E,"(1, 4, 6, 10)",V7,E,A#,B,121.5,22.0
973,C#,F#,5,E,"(1, 4, 6, 10)",V7,E,A#,B,121.625,22.0
974,C#,F#,5,E,"(1, 4, 6, 10)",V7,E,A#,B,121.75,22.0
975,C#,F#,5,E,"(1, 4, 6, 10)",V7,E,A#,B,121.875,22.0
976,D#,A,0,E,"(3, 6, 9, 11)",V7,F#,B,E,122.0,23.0
977,D#,A,1,E,"(3, 6, 9, 11)",V7,F#,B,E,122.125,23.0
978,D#,A,2,E,"(3, 6, 9, 11)",V7,F#,B,E,122.25,23.0
979,D#,A,2,E,"(3, 6, 9, 11)",V7,F#,B,E,122.375,23.0
980,D#,A,3,E,"(3, 6, 9, 11)",V7,F#,B,E,122.5,23.0
981,D#,A,3,E,"(3, 6, 9, 11)",V7,F#,B,E,122.625,23.0
982,D#,A,3,E,"(3, 6, 9, 11)",V7,F#,B,E,122.75,23.0
983,D#,A,3,E,"(3, 6, 9, 11)",V7,F#,B,E,122.875,23.0
984,D#,A,4,E,"(3, 6, 9, 11)",V7,F#,B,E,123.0,23.0
985,D#,A,4,E,"(3, 6, 9, 11)",V7,F#,B,E,123.125,23.0
986,D#,A,4,E,"(3, 6, 9, 11)",V7,F#,B,E,123.25,23.0
987,D#,A,4,E,"(3, 6, 9, 11)",V7,F#,B,E,123.375,23.0
988,D#,A,4,E,"(3, 6, 9, 11)",V7,F#,B,E,123.5,23.0
989,D#,A,4,E,"(3, 6, 9, 11)",V7,F#,B,E,123.625,23.0
990,D#,A,4,E,"(3, 6, 9, 11)",V7,F#,B,E,123.75,23.0
991,D#,A,4,E,"(3, 6, 9, 11)",V7,F#,B,E,123.875,23.0
992,D#,A,5,E,"(3, 6, 9, 11)",V7,F#,B,E,124.0,23.0
993,D#,A,5,E,"(3, 6, 9, 11)",V7,F#,B,E,124.125,23.0
994,D#,A,5,E,"(3, 6, 9, 11)",V7,F#,B,E,124.25,23.0
995,D#,A,5,E,"(3, 6, 9, 11)",V7,F#,B,E,124.375,23.0
996,D#,A,5,E,"(3, 6, 9, 11)",V7,F#,B,E,124.5,23.0
997,D#,A,5,E,"(3, 6, 9, 11)",V7,F#,B,E,124.625,23.0
998,D#,A,5,E,"(3, 6, 9, 11)",V7,F#,B,E,124.75,23.0
999,D#,A,5,E,"(3, 6, 9, 11)",V7,F#,B,E,124.875,23.0
1000,D#,A,5,E,"(3, 6, 9, 11)",V7,F#,B,E,125.0,23.0
1001,D#,A,5,E,"(3, 6, 9, 11)",V7,F#,B,E,125.125,23.0
1002,D#,A,5,E,"(3, 6, 9, 11)",V7,F#,B,E,125.25,23.0
1003,D#,A,5,E,"(3, 6, 9, 11)",V7,F#,B,E,125.375,23.0
1004,D#,A,5,E,"(3, 6, 9, 11)",V7,F#,B,E,125.5,23.0
1005,D#,A,5,E,"(3, 6, 9, 11)",V7,F#,B,E,125.625,23.0
1006,D#,A,5,E,"(3, 6, 9, 11)",V7,F#,B,E,125.75,23.0
1007,D#,A,5,E,"(3, 6, 9, 11)",V7,F#,B,E,125.875,23.0
1008,E,G#,0,E,"(4, 8, 11)",I,E,B,E,126.0,24.0
1009,E,G#,1,E,"(4, 8, 11)",I,E,B,E,126.125,24.0
1010,E,G#,2,E,"(4, 8, 11)",I,E,B,E,126.25,24.0
1011,E,G#,2,E,"(4, 8, 11)",I,E,B,E,126.375,24.0
1012,E,G#,3,E,"(4, 8, 11)",I,E,B,E,126.5,24.0
1013,E,G#,3,E,"(4, 8, 11)",I,E,B,E,126.625,24.0
1014,E,G#,3,E,"(4, 8, 11)",I,E,B,E,126.75,24.0
1015,E,G#,3,E,"(4, 8, 11)",I,E,B,E,126.875,24.0
1016,E,G#,4,E,"(4, 8, 11)",I,E,B,E,127.0,24.0
1017,E,G#,4,E,"(4, 8, 11)",I,E,B,E,127.125,24.0
1018,E,G#,4,E,"(4, 8, 11)",I,E,B,E,127.25,24.0
1019,E,G#,4,E,"(4, 8, 11)",I,E,B,E,127.375,24.0
1020,E,G#,4,E,"(4, 8, 11)",I,E,B,E,127.5,24.0
1021,E,G#,4,E,"(4, 8, 11)",I,E,B,E,127.625,24.0
1022,E,G#,4,E,"(4, 8, 11)",I,E,B,E,127.75,24.0
1023,E,G#,4,E,"(4, 8, 11)",I,E,B,E,127.875,24.0
1024,E,G#,5,E,"(4, 8, 11)",I,E,B,E,128.0,24.0
1025,E,G#,5,E,"(4, 8, 11)",I,E,B,E,128.125,24.0
1026,E,G#,5,E,"(4, 8, 11)",I,E,B,E,128.25,24.0
1027,E,G#,5,E,"(4, 8, 11)",I,E,B,E,128.375,24.0
1028,E,G#,5,E,"(4, 8, 11)",I,E,B,E,128.5,24.0
1029,E,G#,5,E,"(4, 8, 11)",I,E,B,E,128.625,24.0
1030,E,G#,5,E,"(4, 8, 11)",I,E,B,E,128.75,24.0
1031,E,G#,5,E,"(4, 8, 11)",I,E,B,E,128.875,24.0
1032,E,G#,5,E,"(4, 8, 11)",I,E,B,E,129.0,24.0
1033,E,G#,5,E,"(4, 8, 11)",I,E,B,E,129.125,24.0
1034,E,G#,5,E,"(4, 8, 11)",I,E,B,E,129.25,24.0
1035,E,G#,5,E,"(4, 8, 11)",I,E,B,E,129.375,24.0
1036,E,G#,5,E,"(4, 8, 11)",I,E,B,E,129.5,24.0
1037,E,G#,5,E,"(4, 8, 11)",I,E,B,E,129.625,24.0
1038,E,G#,5,E,"(4, 8, 11)",I,E,B,E,129.75,24.0
1039,E,G#,5,E,"(4, 8, 11)",I,E,B,E,129.875,24.0
1040,E,G#,0,E,"(4, 8, 11)",I,E,B,E,130.0,25.0
1041,E,G#,1,E,"(4, 8, 11)",I,E,B,E,130.125,25.0
1042,E,G#,2,E,"(4, 8, 11)",I,E,B,E,130.25,25.0
1043,E,G#,2,E,"(4, 8, 11)",I,E,B,E,130.375,25.0
1044,E,G#,3,E,"(4, 8, 11)",I,E,B,E,130.5,25.0
1045,E,G#,3,E,"(4, 8, 11)",I,E,B,E,130.625,25.0
1046,E,G#,3,E,"(4, 8, 11)",I,E,B,E,130.75,25.0
1047,E,G#,3,E,"(4, 8, 11)",I,E,B,E,130.875,25.0
1048,E,G#,4,E,"(4, 8, 11)",I,E,B,E,131.0,25.0
1049,E,G#,4,E,"(4, 8, 11)",I,E,B,E,131.125,25.0
1050,E,G#,4,E,"(4, 8, 11)",I,E,B,E,131.25,25.0
1051,E,G#,4,E,"(4, 8, 11)",I,E,B,E,131.375,25.0
1052,E,G#,4,E,"(4, 8, 11)",I,E,B,E,131.5,25.0
1053,E,G#,4,E,"(4, 8, 11)",I,E,B,E,131.625,25.0
1054,E,G#,4,E,"(4, 8, 11)",I,E,B,E,131.75,25.0
1055,E,G#,4,E,"(4, 8, 11)",I,E,B,E,131.875,25.0
1056,E,A,0,E,"(4, 8, 11)",IV,A,C#,E,132.0,25.0
1057,E,A,1,E,"(4, 8, 11)",IV,A,C#,E,132.125,25.0
1058,E,A,2,E,"(4, 8, 11)",IV,A,C#,E,132.25,25.0
1059,E,A,2,E,"(4, 8, 11)",IV,A,C#,E,132.375,25.0
1060,E,A,3,E,"(4, 8, 11)",IV,E,C#,E,132.5,25.0
1061,E,A,3,E,"(4, 8, 11)",IV,E,C#,E,132.625,25.0
1062,E,A,3,E,"(4, 8, 11)",IV,E,C#,E,132.75,25.0
1063,E,A,3,E,"(4, 8, 11)",IV,E,C#,E,132.875,25.0
1064,E,A#,0,E,"(1, 4, 8, 10)",viio,E,C#,E,133.0,25.0
1065,E,A#,1,E,"(1, 4, 8, 10)",viio,E,C#,E,133.125,25.0
1066,E,A#,2,E,"(1, 4, 8, 10)",viio,E,C#,E,133.25,25.0
1067,E,A#,2,E,"(1, 4, 8, 10)",viio,E,C#,E,133.375,25.0
1068,E,A#,3,E,"(1, 4, 8, 10)",viio,E,C#,E,133.5,25.0
1069,E,A#,3,E,"(1, 4, 8, 10)",viio,E,C#,E,133.625,25.0
1070,E,A#,3,E,"(1, 4, 8, 10)",viio,E,C#,E,133.75,25.0
1071,E,A#,3,E,"(1, 4, 8, 10)",viio,E,C#,E,133.875,25.0
1072,G#,B,0,E,"(4, 8, 11)",I,E,E,E,134.0,26.0
1073,G#,B,1,E,"(4, 8, 11)",I,E,E,E,134.125,26.0
1074,G#,B,2,E,"(4, 8, 11)",I,E,E,E,134.25,26.0
1075,G#,B,2,E,"(4, 8, 11)",I,E,E,E,134.375,26.0
1076,G#,B,3,E,"(4, 8, 11)",I,E,E,E,134.5,26.0
1077,G#,B,3,E,"(4, 8, 11)",I,E,E,E,134.625,26.0
1078,G#,B,3,E,"(4, 8, 11)",I,E,E,E,134.75,26.0
1079,G#,B,3,E,"(4, 8, 11)",I,E,E,E,134.875,26.0
1080,G#,B,4,E,"(4, 8, 11)",I,E,E,E,135.0,26.0
1081,G#,B,1,E,"(4, 8, 11)",I,E,E,E,135.125,26.0
1082,G#,B,2,E,"(0, 4, 8)",I,E,E,E,135.25,26.0
1083,G#,B,2,E,"(0, 4, 8)",I,E,E,E,135.375,26.0
1084,G#,B,4,E,"(0, 4, 8)",I,G#,E,E,135.5,26.0
1085,G#,B,4,E,"(0, 4, 8)",I,G#,E,E,135.625,26.0
1086,G#,B,4,E,"(0, 4, 8)",I,G#,E,E,135.75,26.0
1087,G#,B,3,E,"(0, 4, 8)",I,G#,E,E,135.875,26.0
1088,G#,C#,0,E,"(1, 4, 8)",vi,C#,E,E,136.0,26.0
1089,G#,C#,1,E,"(1, 4, 8)",vi,C#,E,E,136.125,26.0
1090,G#,C#,2,E,"(1, 4, 8)",vi,C#,E,E,136.25,26.0
1091,G#,C#,2,E,"(1, 4, 8)",vi,C#,E,E,136.375,26.0
1092,G#,C#,3,E,"(1, 4, 8)",vi,C#,E,E,136.5,26.0
1093,G#,C#,3,E,"(1, 4, 8)",vi,C#,E,E,136.625,26.0
1094,G#,C#,3,E,"(1, 4, 8)",vi,C#,E,E,136.75,26.0
1095,G#,C#,3,E,"(1, 4, 8)",vi,C#,E,E,136.875,26.0
1096,E,A#,0,E,"(1, 4, 8, 10)",viio,A#,C#,E,137.0,26.0
1097,E,A#,1,E,"(1, 4, 8, 10)",viio,G#,C#,E,137.125,26.0
1098,E,A#,2,E,"(1, 4, 8, 10)",viio,F#,C#,E,137.25,26.0
1099,E,A#,2,E,"(1, 4, 8, 10)",viio,F#,C#,E,137.375,26.0
1100,E,A#,3,E,"(1, 4, 8, 10)",viio,G#,C#,E,137.5,26.0
1101,E,A#,3,E,"(1, 4, 8, 10)",viio,F#,C#,E,137.625,26.0
1102,E,A#,3,E,"(1, 4, 8, 10)",viio,F#,C#,E,137.75,26.0
1103,E,A#,3,E,"(1, 4, 8, 10)",viio,F#,C#,E,137.875,26.0
1104,G#,B,0,E,"(4, 8, 11)",I,E,E,E,138.0,27.0
1105,G#,B,1,E,"(4, 8, 11)",I,E,E,E,138.125,27.0
1106,G#,B,2,E,"(4, 8, 11)",I,E,E,E,138.25,27.0
1107,G#,B,2,E,"(4, 8, 11)",I,E,E,E,138.375,27.0
1108,G#,B,3,E,"(4, 8, 11)",I,E,E,E,138.5,27.0
1109,G#,B,3,E,"(4, 8, 11)",I,E,E,E,138.625,27.0
1110,G#,B,3,E,"(4, 8, 11)",I,E,E,E,138.75,27.0
1111,G#,B,3,E,"(4, 8, 11)",I,E,E,E,138.875,27.0
1112,G#,B,4,E,"(4, 8, 11)",I,E,E,E,139.0,27.0
1113,G#,B,4,E,"(4, 8, 11)",I,E,E,E,139.125,27.0
1114,G#,B,4,E,"(4, 8, 11)",I,E,E,E,139.25,27.0
1115,G#,B,4,E,"(4, 8, 11)",I,E,E,E,139.375,27.0
1116,G#,B,4,E,"(4, 8, 11)",I,E,E,E,139.5,27.0
1117,G#,B,4,E,"(4, 8, 11)",I,E,E,E,139.625,27.0
1118,G#,B,4,E,"(4, 8, 11)",I,E,E,E,139.75,27.0
1119,G#,B,4,E,"(4, 8, 11)",I,E,E,E,139.875,27.0
1120,G#,B,5,E,"(4, 8, 11)",I,E,G#,E,140.0,27.0
1121,G#,B,5,E,"(4, 8, 11)",I,E,G#,E,140.125,27.0
1122,G#,B,5,E,"(4, 8, 11)",I,E,G#,E,140.25,27.0
1123,G#,B,5,E,"(4, 8, 11)",I,E,G#,E,140.375,27.0
1124,G#,B,5,E,"(4, 8, 11)",I,E,G#,E,140.5,27.0
1125,G#,B,5,E,"(4, 8, 11)",I,E,G#,E,140.625,27.0
1126,G#,B,5,E,"(4, 8, 11)",I,E,G#,E,140.75,27.0
1127,G#,B,5,E,"(4, 8, 11)",I,E,G#,E,140.875,27.0
1128,B,E,5,E,"(4, 8, 11)",I,E,G#,E,141.0,27.0
1129,B,E,5,E,"(4, 8, 11)",I,E,G#,E,141.125,27.0
1130,B,E,5,E,"(4, 8, 11)",I,E,G#,E,141.25,27.0
1131,B,E,5,E,"(4, 8, 11)",I,E,G#,E,141.375,27.0
1132,B,E,5,E,"(4, 8, 11)",I,E,G#,E,141.5,27.0
1133,B,E,5,E,"(4, 8, 11)",I,E,G#,E,141.625,27.0
1134,B,E,5,E,"(4, 8, 11)",I,E,G#,E,141.75,27.0
1135,B,E,5,E,"(4, 8, 11)",I,E,G#,E,141.875,27.0
1136,E,G#,0,E,"(4, 8, 11)",I,E,B,E,142.0,28.0
1137,E,G#,1,E,"(4, 8, 11)",I,E,B,E,142.125,28.0
1138,E,G#,2,E,"(4, 8, 11)",I,E,B,E,142.25,28.0
1139,E,G#,2,E,"(4, 8, 11)",I,E,B,E,142.375,28.0
1140,E,G#,3,E,"(4, 8, 11)",I,E,B,E,142.5,28.0
1141,E,G#,3,E,"(4, 8, 11)",I,E,B,E,142.625,28.0
1142,E,G#,3,E,"(4, 8, 11)",I,E,B,E,142.75,28.0
1143,E,G#,3,E,"(4, 8, 11)",I,E,B,E,142.875,28.0
1144,E,G#,4,E,"(4, 8, 11)",I,E,B,E,143.0,28.0
1145,E,G#,4,E,"(4, 8, 11)",I,E,B,E,143.125,28.0
1146,E,G#,4,E,"(4, 8, 11)",I,E,B,E,143.25,28.0
1147,E,G#,4,E,"(4, 8, 11)",I,E,B,E,143.375,28.0
1148,E,G#,4,E,"(4, 8, 11)",I,E,B,E,143.5,28.0
1149,E,G#,4,E,"(4, 8, 11)",I,E,B,E,143.625,28.0
1150,E,G#,4,E,"(4, 8, 11)",I,E,B,E,143.75,28.0
1151,E,G#,4,E,"(4, 8, 11)",I,E,B,E,143.875,28.0
1152,F#,B,0,E,"(3, 6, 9, 11)",V7,A,D#,E,144.0,28.0
1153,F#,B,1,E,"(3, 6, 9, 11)",V7,A,D#,E,144.125,28.0
1154,F#,B,2,E,"(3, 6, 9, 11)",V7,A,D#,E,144.25,28.0
1155,F#,B,2,E,"(3, 6, 9, 11)",V7,A,D#,E,144.375,28.0
1156,F#,B,3,E,"(3, 6, 9, 11)",V7,A,D#,E,144.5,28.0
1157,F#,B,3,E,"(3, 6, 9, 11)",V7,A,D#,E,144.625,28.0
1158,F#,B,3,E,"(3, 6, 9, 11)",V7,A,D#,E,144.75,28.0
1159,F#,B,3,E,"(3, 6, 9, 11)",V7,A,D#,E,144.875,28.0
1160,F#,B,4,E,"(3, 6, 9, 11)",V7,A,D#,E,145.0,28.0
1161,F#,B,4,E,"(3, 6, 9, 11)",V7,A,D#,E,145.125,28.0
1162,F#,B,4,E,"(3, 6, 9, 11)",V7,A,D#,E,145.25,28.0
1163,F#,B,4,E,"(3, 6, 9, 11)",V7,A,D#,E,145.375,28.0
1164,F#,B,4,E,"(3, 6, 9, 11)",V7,A,D#,E,145.5,28.0
1165,F#,B,4,E,"(3, 6, 9, 11)",V7,A,D#,E,145.625,28.0
1166,F#,B,4,E,"(3, 6, 9, 11)",V7,A,D#,E,145.75,28.0
1167,F#,B,4,E,"(3, 6, 9, 11)",V7,A,D#,E,145.875,28.0
1168,B,E,0,E,"(4, 8, 11)",I,E,G#,E,146.0,29.0
1169,B,E,1,E,"(4, 8, 11)",I,E,G#,E,146.125,29.0
1170,B,E,2,E,"(4, 8, 11)",I,E,G#,E,146.25,29.0
1171,B,E,2,E,"(4, 8, 11)",I,E,G#,E,146.375,29.0
1172,B,E,3,E,"(4, 8, 11)",I,E,G#,E,146.5,29.0
1173,B,E,3,E,"(4, 8, 11)",I,E,G#,E,146.625,29.0
1174,B,E,3,E,"(4, 8, 11)",I,E,G#,E,146.75,29.0
1175,B,E,3,E,"(4, 8, 11)",I,E,G#,E,146.875,29.0
1176,B,E,4,E,"(4, 8, 11)",I,E,G#,E,147.0,29.0
1177,B,E,4,E,"(4, 8, 11)",I,E,G#,E,147.125,29.0
1178,B,E,4,E,"(4, 8, 11)",I,E,G#,E,147.25,29.0
1179,B,E,4,E,"(4, 8, 11)",I,E,G#,E,147.375,29.0
1180,B,E,4,E,"(4, 8, 11)",I,E,G#,E,147.5,29.0
1181,B,E,4,E,"(4, 8, 11)",I,E,G#,E,147.625,29.0
1182,B,E,4,E,"(4, 8, 11)",I,E,G#,E,147.75,29.0
1183,B,E,4,E,"(4, 8, 11)",I,E,G#,E,147.875,29.0
1184,B,E,5,E,"(4, 8, 11)",I,E,G#,E,148.0,29.0
1185,B,E,5,E,"(4, 8, 11)",I,E,G#,E,148.125,29.0
1186,B,E,5,E,"(4, 8, 11)",I,E,G#,E,148.25,29.0
1187,B,E,5,E,"(4, 8, 11)",I,E,G#,E,148.375,29.0
1188,B,E,5,E,"(4, 8, 11)",I,E,G#,E,148.5,29.0
1189,B,E,5,E,"(4, 8, 11)",I,E,G#,E,148.625,29.0
1190,B,E,5,E,"(4, 8, 11)",I,E,G#,E,148.75,29.0
1191,B,E,5,E,"(4, 8, 11)",I,E,G#,E,148.875,29.0
1192,B,E,5,E,"(4, 8, 11)",I,E,G#,E,149.0,29.0
1193,B,E,5,E,"(4, 8, 11)",I,E,G#,E,149.125,29.0
1194,B,E,5,E,"(4, 8, 11)",I,E,G#,E,149.25,29.0
1195,B,E,5,E,"(4, 8, 11)",I,E,G#,E,149.375,29.0
1196,B,E,5,E,"(4, 8, 11)",I,E,G#,E,149.5,29.0
1197,B,E,5,E,"(4, 8, 11)",I,E,G#,E,149.625,29.0
1198,B,E,5,E,"(4, 8, 11)",I,E,G#,E,149.75,29.0
1199,B,E,5,E,"(4, 8, 11)",I,E,G#,E,149.875,29.0
1200,G#,B,0,E,"(4, 8, 11)",I,E,E,E,150.0,30.0
1201,G#,B,1,E,"(4, 8, 11)",I,E,E,E,150.125,30.0
1202,G#,B,2,E,"(4, 8, 11)",I,E,E,E,150.25,30.0
1203,G#,B,2,E,"(4, 8, 11)",I,E,E,E,150.375,30.0
1204,G#,B,3,E,"(4, 8, 11)",I,E,E,E,150.5,30.0
1205,G#,B,3,E,"(4, 8, 11)",I,E,E,E,150.625,30.0
1206,G#,B,3,E,"(4, 8, 11)",I,E,E,E,150.75,30.0
1207,G#,B,3,E,"(4, 8, 11)",I,E,E,E,150.875,30.0
1208,G#,B,4,E,"(4, 8, 11)",I,E,E,E,151.0,30.0
1209,G#,B,4,E,"(4, 8, 11)",I,E,E,E,151.125,30.0
1210,G#,B,4,E,"(4, 8, 11)",I,E,E,E,151.25,30.0
1211,G#,B,4,E,"(4, 8, 11)",I,E,E,E,151.375,30.0
1212,G#,B,4,E,"(4, 8, 11)",I,E,E,E,151.5,30.0
1213,G#,B,4,E,"(4, 8, 11)",I,E,E,E,151.625,30.0
1214,G#,B,4,E,"(4, 8, 11)",I,E,E,E,151.75,30.0
1215,G#,B,4,E,"(4, 8, 11)",I,E,E,E,151.875,30.0
1216,B,E,5,E,"(4, 8, 11)",I,E,G#,E,152.0,30.0
1217,B,E,5,E,"(4, 8, 11)",I,E,G#,E,152.125,30.0
1218,B,E,5,E,"(4, 8, 11)",I,E,G#,E,152.25,30.0
1219,B,E,5,E,"(4, 8, 11)",I,E,G#,E,152.375,30.0
1220,B,E,5,E,"(4, 8, 11)",I,E,G#,E,152.5,30.0
1221,B,E,5,E,"(4, 8, 11)",I,E,G#,E,152.625,30.0
1222,B,E,5,E,"(4, 8, 11)",I,E,G#,E,152.75,30.0
1223,B,E,5,E,"(4, 8, 11)",I,E,G#,E,152.875,30.0
1224,B,B,5,E,"(4, 8, 11)",I,E,G#,E,153.0,30.0
1225,B,B,5,E,"(4, 8, 11)",I,E,G#,E,153.125,30.0
1226,B,B,5,E,"(4, 8, 11)",I,E,G#,E,153.25,30.0
1227,B,B,5,E,"(4, 8, 11)",I,E,G#,E,153.375,30.0
1228,B,B,5,E,"(4, 8, 11)",I,E,G#,E,153.5,30.0
1229,B,E,5,E,"(4, 8, 11)",I,E,G#,E,153.625,30.0
1230,B,E,5,E,"(4, 8, 11)",I,E,G#,E,153.75,30.0
1231,B,E,5,E,"(4, 8, 11)",I,E,G#,E,153.875,30.0
1232,A#,E,0,E,"(1, 4, 7, 10)",viio7,C#,G,b,154.0,31.0
1233,A#,E,1,E,"(1, 4, 7, 10)",viio7,C#,G,b,154.125,31.0
1234,A#,E,2,E,"(1, 4, 7, 10)",viio7,C#,G,b,154.25,31.0
1235,A#,E,2,E,"(1, 4, 7, 10)",viio7,C#,G,b,154.375,31.0
1236,A#,E,3,E,"(1, 4, 7, 10)",viio7,C#,G,b,154.5,31.0
1237,A#,E,3,E,"(1, 4, 7, 10)",viio7,C#,G,b,154.625,31.0
1238,A#,E,3,E,"(1, 4, 7, 10)",viio7,C#,G,b,154.75,31.0
1239,A#,E,3,E,"(1, 4, 7, 10)",viio7,C#,G,b,154.875,31.0
1240,A#,E,4,E,"(1, 4, 7, 10)",viio7,C#,G,b,155.0,31.0
1241,A#,E,4,E,"(1, 4, 7, 10)",viio7,C#,G,b,155.125,31.0
1242,A#,E,4,E,"(1, 4, 7, 10)",viio7,C#,G,b,155.25,31.0
1243,A#,E,4,E,"(1, 4, 7, 10)",viio7,C#,G,b,155.375,31.0
1244,A#,E,4,E,"(1, 4, 7, 10)",viio7,C#,G,b,155.5,31.0
1245,A#,E,4,E,"(1, 4, 7, 10)",viio7,C#,G,b,155.625,31.0
1246,A#,E,4,E,"(1, 4, 7, 10)",viio7,C#,G,b,155.75,31.0
1247,A#,E,4,E,"(1, 4, 7, 10)",viio7,C#,G,b,155.875,31.0
1248,E,A#,5,E,"(1, 4, 7, 10)",viio7,C#,C#,b,156.0,31.0
1249,E,A#,5,E,"(1, 4, 7, 10)",viio7,C#,C#,b,156.125,31.0
1250,E,A#,5,E,"(1, 4, 7, 10)",viio7,C#,C#,b,156.25,31.0
1251,E,A#,5,E,"(1, 4, 7, 10)",viio7,C#,C#,b,156.375,31.0
1252,E,A#,5,E,"(1, 4, 7, 10)",viio7,C#,C#,b,156.5,31.0
1253,E,A#,5,E,"(1, 4, 7, 10)",viio7,C#,C#,b,156.625,31.0
1254,E,A#,5,E,"(1, 4, 7, 10)",viio7,C#,C#,b,156.75,31.0
1255,E,A#,5,E,"(1, 4, 7, 10)",viio7,C#,C#,b,156.875,31.0
1256,E,E,5,E,"(1, 4, 7, 10)",viio7,E,A#,b,157.0,31.0
1257,C#,G,5,E,"(1, 4, 7, 10)",viio7,E,A#,b,157.125,31.0
1258,C#,E,5,E,"(1, 4, 7, 10)",viio7,E,A#,b,157.25,31.0
1259,C#,E,5,E,"(1, 4, 7, 10)",viio7,E,A#,b,157.375,31.0
1260,C#,G,5,E,"(1, 4, 7, 10)",viio7,E,A#,b,157.5,31.0
1261,C#,G,5,E,"(1, 4, 7, 10)",viio7,E,A#,b,157.625,31.0
1262,C#,G,5,E,"(1, 4, 7, 10)",viio7,E,A#,b,157.75,31.0
1263,C#,E,5,E,"(1, 4, 7, 10)",viio7,E,A#,b,157.875,31.0
1264,B,F#,0,E,"(3, 6, 9, 11)",V7,D#,A,E,158.0,32.0
1265,B,F#,1,E,"(3, 6, 9, 11)",V7,D#,A,E,158.125,32.0
1266,B,F#,2,E,"(3, 6, 9, 11)",V7,D#,A,E,158.25,32.0
1267,B,F#,2,E,"(3, 6, 9, 11)",V7,D#,A,E,158.375,32.0
1268,B,F#,3,E,"(3, 6, 9, 11)",V7,D#,A,E,158.5,32.0
1269,B,F#,3,E,"(3, 6, 9, 11)",V7,D#,A,E,158.625,32.0
1270,B,F#,3,E,"(3, 6, 9, 11)",V7,D#,A,E,158.75,32.0
1271,B,F#,3,E,"(3, 6, 9, 11)",V7,D#,A,E,158.875,32.0
1272,B,F#,4,E,"(3, 6, 9, 11)",V7,D#,A,E,159.0,32.0
1273,B,F#,4,E,"(3, 6, 9, 11)",V7,D#,A,E,159.125,32.0
1274,B,F#,4,E,"(3, 6, 9, 11)",V7,D#,A,E,159.25,32.0
1275,B,F#,4,E,"(3, 6, 9, 11)",V7,D#,A,E,159.375,32.0
1276,B,F#,4,E,"(3, 6, 9, 11)",V7,D#,A,E,159.5,32.0
1277,B,F#,4,E,"(3, 6, 9, 11)",V7,D#,A,E,159.625,32.0
1278,B,F#,4,E,"(3, 6, 9, 11)",V7,D#,A,E,159.75,32.0
1279,B,D#,4,E,"(3, 6, 9, 11)",viio7,D#,A,E,159.875,32.0
1280,F#,B,0,E,"(3, 6, 9, 11)",V7,A,D#,E,160.0,32.0
1281,F#,B,1,E,"(3, 6, 9, 11)",V7,A,D#,E,160.125,32.0
1282,F#,B,2,E,"(3, 6, 9, 11)",V7,A,D#,E,160.25,32.0
1283,F#,B,2,E,"(3, 6, 9, 11)",V7,A,D#,E,160.375,32.0
1284,F#,B,3,E,"(3, 6, 9, 11)",V7,A,D#,E,160.5,32.0
1285,F#,B,3,E,"(3, 6, 9, 11)",V7,A,D#,E,160.625,32.0
1286,F#,B,3,E,"(3, 6, 9, 11)",V7,A,D#,E,160.75,32.0
1287,F#,B,3,E,"(3, 6, 9, 11)",V7,A,D#,E,160.875,32.0
1288,F#,B,4,E,"(3, 6, 9, 11)",V7,A,D#,E,161.0,32.0
1289,F#,B,4,E,"(3, 6, 9, 11)",V7,A,D#,E,161.125,32.0
1290,F#,B,4,E,"(3, 6, 9, 11)",V7,A,D#,E,161.25,32.0
1291,F#,B,4,E,"(3, 6, 9, 11)",V7,A,D#,E,161.375,32.0
1292,F#,B,4,E,"(3, 6, 9, 11)",V7,A,D#,E,161.5,32.0
1293,F#,B,4,E,"(3, 6, 9, 11)",V7,A,D#,E,161.625,32.0
1294,F#,B,4,E,"(3, 6, 9, 11)",V7,A,D#,E,161.75,32.0
1295,F#,B,4,E,"(3, 6, 9, 11)",V7,A,D#,E,161.875,32.0
1296,E,G#,0,E,"(4, 8, 11)",I,E,B,E,162.0,33.0
1297,E,G#,1,E,"(4, 8, 11)",I,E,B,E,162.125,33.0
1298,E,G#,2,E,"(4, 8, 11)",I,E,B,E,162.25,33.0
1299,E,G#,2,E,"(4, 8, 11)",I,E,B,E,162.375,33.0
1300,E,G#,3,E,"(4, 8, 11)",I,E,B,E,162.5,33.0
1301,E,G#,3,E,"(4, 8, 11)",I,E,B,E,162.625,33.0
1302,E,G#,3,E,"(4, 8, 11)",I,E,B,E,162.75,33.0
1303,E,G#,3,E,"(4, 8, 11)",I,E,B,E,162.875,33.0
1304,E,G#,4,E,"(4, 8, 11)",I,E,B,E,163.0,33.0
1305,E,G#,4,E,"(4, 8, 11)",I,E,B,E,163.125,33.0
1306,E,G#,4,E,"(4, 8, 11)",I,E,B,E,163.25,33.0
1307,E,G#,4,E,"(4, 8, 11)",I,E,B,E,163.375,33.0
1308,B,E,4,E,"(4, 8, 11)",I,E,G#,E,163.5,33.0
1309,B,E,4,E,"(4, 8, 11)",I,E,G#,E,163.625,33.0
1310,B,E,4,E,"(4, 8, 11)",I,E,G#,E,163.75,33.0
1311,B,E,4,E,"(4, 8, 11)",I,E,G#,E,163.875,33.0
1312,B,E,5,E,"(4, 8, 11)",I,E,G#,E,164.0,33.0
1313,B,E,5,E,"(4, 8, 11)",I,E,G#,E,164.125,33.0
1314,B,E,5,E,"(4, 8, 11)",I,E,G#,E,164.25,33.0
1315,B,E,5,E,"(4, 8, 11)",I,E,G#,E,164.375,33.0
1316,B,E,5,E,"(4, 8, 11)",I,E,G#,E,164.5,33.0
1317,B,E,5,E,"(4, 8, 11)",I,E,G#,E,164.625,33.0
1318,B,E,5,E,"(4, 8, 11)",I,E,G#,E,164.75,33.0
1319,B,E,5,E,"(4, 8, 11)",I,E,G#,E,164.875,33.0
1320,E,G#,5,E,"(1, 4, 8)",vi,C#,C#,E,165.0,33.0
1321,E,G#,5,E,"(1, 4, 8)",vi,C#,C#,E,165.125,33.0
1322,E,G#,5,E,"(1, 4, 8)",vi,C#,C#,E,165.25,33.0
1323,E,G#,5,E,"(1, 4, 8)",vi,C#,C#,E,165.375,33.0
1324,E,G#,5,E,"(1, 4, 8)",vi,C#,C#,E,165.5,33.0
1325,E,G#,5,E,"(1, 4, 8)",vi,C#,C#,E,165.625,33.0
1326,E,G#,5,E,"(1, 4, 8)",vi,C#,C#,E,165.75,33.0
1327,E,G#,5,E,"(1, 4, 8)",vi,C#,C#,E,165.875,33.0
1328,E,G#,5,E,"(1, 4, 8)",vi,C#,C#,E,166.0,33.0
1329,E,G#,5,E,"(1, 4, 8)",vi,C#,C#,E,166.125,33.0
1330,E,G#,5,E,"(1, 4, 8)",vi,C#,C#,E,166.25,33.0
1331,E,G#,5,E,"(1, 4, 8)",vi,C#,C#,E,166.375,33.0
1332,E,G#,5,E,"(1, 4, 8)",vi,C#,C#,E,166.5,33.0
1333,E,G#,5,E,"(1, 4, 8)",vi,C#,C#,E,166.625,33.0
1334,E,G#,5,E,"(1, 4, 8)",vi,C#,C#,E,166.75,33.0
1335,E,G#,5,E,"(1, 4, 8)",vi,C#,C#,E,166.875,33.0
1336,E,G#,5,E,"(1, 4, 8)",vi,C#,C#,E,167.0,33.0
1337,E,G#,5,E,"(1, 4, 8)",vi,C#,C#,E,167.125,33.0
1338,E,G#,5,E,"(1, 4, 8)",vi,C#,C#,E,167.25,33.0
1339,E,G#,5,E,"(1, 4, 8)",vi,C#,C#,E,167.375,33.0
1340,E,G#,5,E,"(1, 4, 8)",I,C#,C#,E,167.5,33.0
1341,E,G#,5,E,"(1, 4, 8)",I,C#,C#,E,167.625,33.0
1342,E,G#,5,E,"(1, 4, 8)",I,C#,C#,E,167.75,33.0
1343,E,G#,5,E,"(1, 4, 8)",I,C#,C#,E,167.875,33.0
1344,C#,F#,0,E,"(1, 6, 9)",ii,F#,A,E,168.0,34.0
1345,C#,F#,1,E,"(1, 6, 9)",ii,F#,A,E,168.125,34.0
1346,C#,F#,2,E,"(1, 6, 9)",ii,F#,A,E,168.25,34.0
1347,C#,F#,2,E,"(1, 6, 9)",ii,F#,A,E,168.375,34.0
1348,C#,F#,3,E,"(1, 6, 9)",ii,F#,A,E,168.5,34.0
1349,C#,F#,3,E,"(1, 6, 9)",ii,F#,A,E,168.625,34.0
1350,C#,F#,3,E,"(1, 6, 9)",ii,F#,A,E,168.75,34.0
1351,C#,F#,3,E,"(1, 6, 9)",ii,F#,A,E,168.875,34.0
1352,C#,F#,4,E,"(1, 6, 9)",ii7,F#,A,E,169.0,34.0
1353,C#,F#,4,E,"(1, 6, 9)",ii7,F#,A,E,169.125,34.0
1354,C#,F#,4,E,"(1, 6, 9)",ii7,F#,A,E,169.25,34.0
1355,C#,F#,4,E,"(1, 6, 9)",ii7,F#,A,E,169.375,34.0
1356,C#,F#,4,E,"(1, 6, 9)",ii7,F#,A,E,169.5,34.0
1357,C#,F#,4,E,"(1, 6, 9)",ii7,F#,A,E,169.625,34.0
1358,C#,F#,4,E,"(1, 6, 9)",ii7,F#,A,E,169.75,34.0
1359,C#,F#,4,E,"(1, 6, 9)",ii7,F#,A,E,169.875,34.0
1360,C#,F#,5,E,"(1, 6, 9)",ii7,F#,A,E,170.0,34.0
1361,C#,F#,5,E,"(1, 6, 9)",ii7,F#,A,E,170.125,34.0
1362,C#,F#,5,E,"(1, 6, 9)",ii7,F#,A,E,170.25,34.0
1363,C#,F#,5,E,"(1, 6, 9)",ii7,F#,A,E,170.375,34.0
1364,C#,F#,5,E,"(1, 6, 9)",ii,F#,A,E,170.5,34.0
1365,C#,F#,5,E,"(1, 6, 9)",ii7,F#,A,E,170.625,34.0
1366,C#,F#,5,E,"(1, 6, 9)",ii7,F#,A,E,170.75,34.0
1367,C#,F#,5,E,"(1, 6, 9)",ii7,F#,A,E,170.875,34.0
1368,C#,F#,5,E,"(1, 6, 9)",ii,F#,A,E,171.0,34.0
1369,C#,F#,5,E,"(1, 6, 9)",ii,F#,A,E,171.125,34.0
1370,C#,F#,5,E,"(1, 6, 9)",ii,F#,A,E,171.25,34.0
1371,C#,F#,5,E,"(1, 6, 9)",ii,F#,A,E,171.375,34.0
1372,C#,F#,3,E,"(1, 6, 9)",ii,F#,A,E,171.5,34.0
1373,C#,F#,3,E,"(1, 6, 9)",ii,F#,A,E,171.625,34.0
1374,C#,F#,3,E,"(1, 6, 9)",ii,F#,A,E,171.75,34.0
1375,C#,F#,3,E,"(1, 6, 9)",ii,F#,A,E,171.875,34.0
1376,C#,F#,4,E,"(1, 6, 9)",ii,F#,A,E,172.0,34.0
1377,C#,F#,4,E,"(1, 6, 9)",ii,F#,A,E,172.125,34.0
1378,C#,F#,4,E,"(1, 6, 9)",ii,F#,A,E,172.25,34.0
1379,C#,F#,4,E,"(1, 6, 9)",ii,F#,A,E,172.375,34.0
1380,B,G#,0,E,"(5, 8, 11)",viio,E#,B,f#,172.5,34.0
1381,B,G#,1,E,"(5, 8, 11)",viio,E#,B,f#,172.625,34.0
1382,B,G#,2,E,"(5, 8, 11)",viio,E#,B,f#,172.75,34.0
1383,B,G#,2,E,"(5, 8, 11)",viio,E#,B,f#,172.875,34.0
1384,B,G#,3,E,"(5, 8, 11)",viio,E#,B,f#,173.0,34.0
1385,B,G#,3,E,"(5, 8, 11)",viio,E#,B,f#,173.125,34.0
1386,B,G#,3,E,"(5, 8, 11)",viio,E#,B,f#,173.25,34.0
1387,B,G#,3,E,"(5, 8, 11)",viio,E#,B,f#,173.375,34.0
1388,B,G#,4,E,"(5, 8, 11)",viio,E#,B,f#,173.5,34.0
1389,B,G#,4,E,"(5, 8, 11)",viio,E#,B,f#,173.625,34.0
1390,B,G#,4,E,"(5, 8, 11)",viio,E#,B,f#,173.75,34.0
1391,B,G#,4,E,"(5, 8, 11)",viio,E#,B,f#,173.875,34.0
1392,F#,A,0,E,"(1, 6, 9)",ii,F#,C#,E,174.0,35.0
1393,F#,A,1,E,"(1, 6, 9)",ii,F#,C#,E,174.125,35.0
1394,F#,A,2,E,"(1, 6, 9)",ii,F#,C#,E,174.25,35.0
1395,F#,A,2,E,"(1, 6, 9)",ii,F#,C#,E,174.375,35.0
1396,F#,A,3,E,"(1, 6, 9)",ii,F#,C#,E,174.5,35.0
1397,F#,A,3,E,"(1, 6, 9)",ii,F#,C#,E,174.625,35.0
1398,F#,A,3,E,"(1, 6, 9)",ii,F#,C#,E,174.75,35.0
1399,F#,A,3,E,"(1, 6, 9)",ii,F#,C#,E,174.875,35.0
1400,F#,A,4,E,"(1, 6, 9)",iv,F#,C#,E,175.0,35.0
1401,F#,A,4,E,"(1, 6, 9)",iv,F#,C#,E,175.125,35.0
1402,F#,A,4,E,"(1, 6, 9)",iv,F#,C#,E,175.25,35.0
1403,F#,A,4,E,"(1, 6, 9)",iv,F#,C#,E,175.375,35.0
1404,F#,A,4,E,"(1, 6, 9)",iv,F#,C#,E,175.5,35.0
1405,F#,A,4,E,"(1, 6, 9)",iv,F#,C#,E,175.625,35.0
1406,F#,A,4,E,"(1, 6, 9)",iv,F#,C#,E,175.75,35.0
1407,F#,A,4,E,"(1, 6, 9)",iv,F#,C#,E,175.875,35.0
1408,F#,A,5,E,"(1, 6, 9)",iv,F#,C#,E,176.0,35.0
1409,F#,A,5,E,"(1, 6, 9)",iv,F#,C#,E,176.125,35.0
1410,F#,A,5,E,"(1, 6, 9)",iv,F#,C#,E,176.25,35.0
1411,F#,A,5,E,"(1, 6, 9)",iv,F#,C#,E,176.375,35.0
1412,F#,A,5,E,"(1, 6, 9)",iv,F#,C#,E,176.5,35.0
1413,F#,A,5,E,"(1, 6, 9)",iv,F#,C#,E,176.625,35.0
1414,F#,A,5,E,"(1, 6, 9)",iv,F#,C#,E,176.75,35.0
1415,F#,A,5,E,"(1, 6, 9)",iv,F#,C#,E,176.875,35.0
1416,F#,A,5,E,"(1, 6, 9)",iv,F#,C#,E,177.0,35.0
1417,F#,A,5,E,"(1, 6, 9)",iv,F#,C#,E,177.125,35.0
1418,F#,A,5,E,"(1, 6, 9)",iv,F#,C#,E,177.25,35.0
1419,F#,A,5,E,"(1, 6, 9)",iv,F#,C#,E,177.375,35.0
1420,F#,A,5,E,"(1, 6, 9)",iv,F#,C#,E,177.5,35.0
1421,F#,A,5,E,"(1, 6, 9)",iv,F#,C#,E,177.625,35.0
1422,F#,A,5,E,"(1, 6, 9)",iv,F#,C#,E,177.75,35.0
1423,F#,A,5,E,"(1, 6, 9)",iv,F#,C#,E,177.875,35.0
1424,F#,A,5,E,"(1, 6, 9)",iv,F#,C#,E,178.0,35.0
1425,F#,A,5,E,"(1, 6, 9)",iv,F#,C#,E,178.125,35.0
1426,F#,A,5,E,"(1, 6, 9)",iv,F#,C#,E,178.25,35.0
1427,F#,A,6,E,"(1, 6, 9)",iv,F#,C#,E,178.375,35.0
1428,F#,A,6,E,"(1, 6, 9)",iv,F#,C#,E,178.5,35.0
1429,F#,A,6,E,"(1, 6, 9)",iv,F#,C#,E,178.625,35.0
1430,F#,A,6,E,"(1, 6, 9)",iv,F#,C#,E,178.75,35.0
1431,F#,A,6,E,"(1, 6, 9)",iv,F#,C#,E,178.875,35.0
1432,E,A,6,E,"(1, 6, 9)",iv,F#,C#,E,179.0,35.0
1433,E,A,6,E,"(1, 6, 9)",iv,F#,C#,E,179.125,35.0
1434,E,A,6,E,"(1, 6, 9)",iv,F#,C#,E,179.25,35.0
1435,E,A,6,E,"(1, 6, 9)",iv,F#,C#,E,179.375,35.0
1436,E,A,6,E,"(1, 6, 9)",iv,F#,C#,E,179.5,35.0
1437,E,A,6,E,"(1, 6, 9)",iv,F#,C#,E,179.625,35.0
1438,E,A,6,E,"(1, 6, 9)",iv,F#,C#,E,179.75,35.0
1439,E,A,6,E,"(1, 6, 9)",iv,F#,C#,E,179.875,35.0
1440,D#,G#,0,E,"(0, 3, 8)",V,G#,B#,c#,180.0,36.0
1441,D#,G#,1,E,"(0, 3, 8)",V,G#,B#,c#,180.125,36.0
1442,D#,G#,2,E,"(0, 3, 8)",V,G#,B#,c#,180.25,36.0
1443,D#,G#,2,E,"(0, 3, 8)",V,G#,B#,c#,180.375,36.0
1444,D#,G#,3,E,"(0, 3, 8)",V,G#,B#,c#,180.5,36.0
1445,D#,G#,3,E,"(0, 3, 8)",V,G#,B#,c#,180.625,36.0
1446,D#,G#,3,E,"(0, 3, 8)",V,G#,B#,c#,180.75,36.0
1447,D#,G#,3,E,"(0, 3, 8)",V,G#,B#,c#,180.875,36.0
1448,D#,G#,4,E,"(0, 3, 8)",V,G#,B#,c#,181.0,36.0
1449,D#,G#,4,c#,"(0, 3, 8)",V,G#,B#,c#,181.125,36.0
1450,D#,G#,4,E,"(0, 3, 8)",V,G#,B#,c#,181.25,36.0
1451,D#,G#,4,E,"(0, 3, 8)",V,G#,B#,c#,181.375,36.0
1452,D#,G#,4,c#,"(0, 3, 8)",V,G#,B#,c#,181.5,36.0
1453,D#,G#,4,c#,"(0, 3, 8)",V,G#,B#,c#,181.625,36.0
1454,D#,G#,4,E,"(0, 3, 8)",V,G#,B#,c#,181.75,36.0
1455,D#,G#,4,E,"(0, 3, 8)",V,G#,B#,c#,181.875,36.0
1456,D#,G#,5,E,"(0, 3, 8)",V,G#,B#,c#,182.0,36.0
1457,D#,G#,5,E,"(0, 3, 8)",V,G#,B#,c#,182.125,36.0
1458,D#,G#,5,E,"(0, 3, 8)",V,G#,B#,c#,182.25,36.0
1459,D#,G#,5,E,"(0, 3, 8)",V,G#,B#,c#,182.375,36.0
1460,D#,G#,5,E,"(0, 3, 8)",V,G#,B#,c#,182.5,36.0
1461,D#,G#,5,E,"(0, 3, 8)",V,G#,B#,c#,182.625,36.0
1462,D#,G#,5,E,"(0, 3, 8)",V,G#,B#,c#,182.75,36.0
1463,D#,G#,5,E,"(0, 3, 8)",V,G#,B#,c#,182.875,36.0
1464,D#,G#,5,E,"(0, 3, 8)",V,G#,B#,c#,183.0,36.0
1465,D#,G#,5,E,"(0, 3, 8)",V,G#,B#,c#,183.125,36.0
1466,D#,G#,5,E,"(0, 3, 8)",V,G#,B#,c#,183.25,36.0
1467,D#,G#,5,E,"(0, 3, 8)",V,G#,B#,c#,183.375,36.0
1468,D#,G#,5,E,"(0, 3, 8)",V,G#,B#,c#,183.5,36.0
1469,D#,G#,5,E,"(0, 3, 8)",V,G#,B#,c#,183.625,36.0
1470,D#,G#,5,E,"(0, 3, 8)",V,G#,B#,c#,183.75,36.0
1471,D#,G#,5,E,"(0, 3, 8)",V,G#,B#,c#,183.875,36.0
1472,D#,G#,4,E,"(0, 3, 8)",V,G#,B#,c#,184.0,36.0
1473,D#,G#,4,E,"(0, 3, 8)",V,G#,B#,c#,184.125,36.0
1474,D#,G#,6,E,"(0, 3, 8)",V,G#,B#,c#,184.25,36.0
1475,D#,G#,6,E,"(0, 3, 8)",V,G#,B#,c#,184.375,36.0
1476,D#,G#,4,E,"(0, 3, 8)",V,G#,B#,c#,184.5,36.0
1477,D#,G#,4,E,"(0, 3, 6, 8)",V,G#,B#,c#,184.625,36.0
1478,D#,G#,6,E,"(0, 3, 6, 8)",V,G#,B#,c#,184.75,36.0
1479,D#,G#,6,E,"(0, 3, 6, 8)",V,G#,B#,c#,184.875,36.0
1480,D#,G#,6,E,"(0, 3, 6, 8)",V7,G#,B#,c#,185.0,36.0
1481,D#,G#,6,E,"(0, 3, 6, 8)",V7,G#,B#,c#,185.125,36.0
1482,D#,G#,6,E,"(0, 3, 6, 8)",V7,G#,B#,c#,185.25,36.0
1483,D#,G#,6,E,"(0, 3, 6, 8)",V7,G#,B#,c#,185.375,36.0
1484,D#,G#,6,E,"(0, 3, 6, 8)",V7,G#,B#,c#,185.5,36.0
1485,D#,G#,6,E,"(0, 3, 6, 8)",V7,G#,B#,c#,185.625,36.0
1486,D#,G#,6,E,"(0, 3, 6, 8)",V7,G#,B#,c#,185.75,36.0
1487,D#,G#,6,E,"(0, 3, 6, 8)",V7,G#,B#,c#,185.875,36.0
1488,G#,C#,0,E,"(1, 4, 8)",i,C#,E,c#,186.0,37.0
1489,G#,C#,1,E,"(1, 4, 8)",i,C#,E,c#,186.125,37.0
1490,G#,C#,2,E,"(1, 4, 8)",i,C#,E,c#,186.25,37.0
1491,G#,C#,2,E,"(1, 4, 8)",i,C#,E,c#,186.375,37.0
1492,G#,C#,3,E,"(1, 4, 8)",i,C#,E,c#,186.5,37.0
1493,G#,C#,3,E,"(1, 4, 8)",i,C#,E,c#,186.625,37.0
1494,G#,C#,3,E,"(1, 4, 8)",i,C#,E,c#,186.75,37.0
1495,G#,C#,3,E,"(1, 4, 8)",i,C#,E,c#,186.875,37.0
1496,G#,C#,4,E,"(1, 4, 8)",i,C#,E,c#,187.0,37.0
1497,G#,C#,4,E,"(1, 4, 8)",i,C#,E,c#,187.125,37.0
1498,G#,C#,4,E,"(1, 4, 8)",i,C#,E,c#,187.25,37.0
1499,G#,C#,4,E,"(1, 4, 8)",i,C#,E,c#,187.375,37.0
1500,G#,C#,4,E,"(1, 4, 8)",i,C#,E,c#,187.5,37.0
1501,G#,C#,4,E,"(1, 4, 8)",i,C#,E,c#,187.625,37.0
1502,G#,C#,4,E,"(1, 4, 8)",i,C#,E,c#,187.75,37.0
1503,G#,C#,4,E,"(1, 4, 8)",i,C#,E,c#,187.875,37.0
1504,G#,C#,5,E,"(1, 4, 8)",i,C#,E,c#,188.0,37.0
1505,G#,C#,5,E,"(1, 4, 8)",i,C#,E,c#,188.125,37.0
1506,G#,C#,5,E,"(1, 4, 8)",i,C#,E,c#,188.25,37.0
1507,G#,C#,5,E,"(1, 4, 8)",i,C#,E,c#,188.375,37.0
1508,G#,C#,5,E,"(1, 4, 8)",i,C#,E,c#,188.5,37.0
1509,G#,C#,5,E,"(1, 4, 8)",i,C#,E,c#,188.625,37.0
1510,G#,C#,5,E,"(1, 4, 8)",i,C#,E,c#,188.75,37.0
1511,G#,C#,5,E,"(1, 4, 8)",i,C#,E,c#,188.875,37.0
1512,F#,C,0,E,"(0, 4, 6, 10)",V7,A#,E,c#,189.0,37.0
1513,F#,C,1,E,"(0, 4, 6, 10)",V7,A#,E,c#,189.125,37.0
1514,F#,C,2,E,"(0, 4, 6, 10)",V7,A#,E,c#,189.25,37.0
1515,F#,C,2,E,"(0, 4, 6, 10)",V7,A#,E,c#,189.375,37.0
1516,F#,C,3,E,"(0, 4, 6, 10)",V7,A#,E,c#,189.5,37.0
1517,F#,C,3,E,"(0, 4, 6, 10)",V7,A#,E,c#,189.625,37.0
1518,F#,C,3,E,"(0, 4, 6, 10)",V7,A#,E,c#,189.75,37.0
1519,F#,C,3,E,"(0, 4, 6, 10)",V7,A#,E,c#,189.875,37.0
1520,F#,C,4,E,"(0, 4, 6, 10)",V7,A#,E,E,190.0,37.0
1521,F#,C,4,E,"(0, 4, 6, 10)",V7,A#,E,E,190.125,37.0
1522,F#,C,4,E,"(0, 4, 6, 10)",V7,A#,E,E,190.25,37.0
1523,F#,C,4,E,"(0, 4, 6, 10)",V7,A#,E,E,190.375,37.0
1524,F#,C,4,E,"(0, 4, 6, 10)",V7,A#,E,E,190.5,37.0
1525,F#,C,4,E,"(0, 4, 6, 10)",V7,A#,E,E,190.625,37.0
1526,F#,C,4,E,"(0, 4, 6, 10)",V7,A#,E,E,190.75,37.0
1527,F#,C,4,E,"(0, 4, 6, 10)",V7,A#,E,E,190.875,37.0
1528,F#,C,5,E,"(0, 4, 6, 10)",V7,A#,E,E,191.0,37.0
1529,F#,C,5,E,"(0, 4, 6, 10)",V7,A#,E,E,191.125,37.0
1530,F#,C,2,E,"(0, 4, 6, 10)",V7,A#,E,E,191.25,37.0
1531,F#,C,2,E,"(0, 4, 6, 10)",V7,A#,E,E,191.375,37.0
1532,F#,C,6,E,"(0, 4, 6, 10)",V7,A#,E,E,191.5,37.0
1533,F#,C,6,E,"(0, 4, 6, 10)",V7,A#,E,E,191.625,37.0
1534,F#,C,6,E,"(0, 4, 6, 10)",V7,A#,E,E,191.75,37.0
1535,F#,C,6,E,"(0, 4, 6, 10)",V7,A#,E,E,191.875,37.0
1536,F#,B,0,E,"(3, 6, 9, 11)",V7,A,D#,E,192.0,38.0
1537,F#,B,1,E,"(3, 6, 9, 11)",V7,A,D#,E,192.125,38.0
1538,F#,B,2,E,"(3, 6, 9, 11)",V7,A,D#,E,192.25,38.0
1539,F#,B,2,E,"(3, 6, 9, 11)",V7,A,D#,E,192.375,38.0
1540,F#,B,3,E,"(3, 6, 9, 11)",V7,A,D#,E,192.5,38.0
1541,F#,B,3,E,"(3, 6, 9, 11)",V7,A,D#,E,192.625,38.0
1542,F#,B,3,E,"(3, 6, 9, 11)",V7,A,D#,E,192.75,38.0
1543,F#,B,3,E,"(3, 6, 9, 11)",V7,A,D#,E,192.875,38.0
1544,F#,B,4,E,"(3, 6, 9, 11)",V7,A,D#,E,193.0,38.0
1545,F#,B,4,E,"(3, 6, 9, 11)",V7,A,D#,E,193.125,38.0
1546,F#,B,4,E,"(3, 6, 9, 11)",V7,A,D#,E,193.25,38.0
1547,F#,B,4,E,"(3, 6, 9, 11)",V7,A,D#,E,193.375,38.0
1548,F#,B,4,E,"(3, 6, 9, 11)",V7,A,D#,E,193.5,38.0
1549,F#,B,4,E,"(3, 6, 9, 11)",V7,A,D#,E,193.625,38.0
1550,F#,B,4,E,"(3, 6, 9, 11)",V7,A,D#,E,193.75,38.0
1551,F#,B,4,E,"(3, 6, 9, 11)",V7,A,D#,E,193.875,38.0
1552,F#,B,5,E,"(3, 6, 9, 11)",V7,A,D#,E,194.0,38.0
1553,F#,B,5,E,"(3, 6, 9, 11)",V7,A,D#,E,194.125,38.0
1554,F#,B,5,E,"(3, 6, 9, 11)",V7,A,D#,E,194.25,38.0
1555,F#,B,5,E,"(3, 6, 9, 11)",V7,A,D#,E,194.375,38.0
1556,F#,B,5,E,"(3, 6, 9, 11)",V7,A,D#,E,194.5,38.0
1557,F#,B,5,E,"(3, 6, 9, 11)",V7,A,D#,E,194.625,38.0
1558,F#,B,5,E,"(3, 6, 9, 11)",V7,A,D#,E,194.75,38.0
1559,F#,B,5,E,"(3, 6, 9, 11)",V7,A,D#,E,194.875,38.0
1560,A,C#,5,E,"(1, 6, 9)",ii,F#,A,E,195.0,38.0
1561,A,C#,5,E,"(1, 6, 9)",ii,F#,A,E,195.125,38.0
1562,A,C#,5,E,"(1, 6, 9)",ii,F#,A,E,195.25,38.0
1563,A,C#,5,E,"(1, 6, 9)",ii,F#,A,E,195.375,38.0
1564,A,C#,5,E,"(1, 6, 9)",ii,F#,A,E,195.5,38.0
1565,A,C#,5,E,"(1, 6, 9)",ii,F#,A,E,195.625,38.0
1566,A,C#,5,E,"(1, 6, 9)",ii,F#,A,E,195.75,38.0
1567,A,C#,5,E,"(1, 6, 9)",ii,F#,A,E,195.875,38.0
1568,A,C#,4,E,"(1, 6, 9)",ii,F#,A,E,196.0,38.0
1569,A,C#,4,E,"(1, 6, 9)",ii,F#,A,E,196.125,38.0
1570,A,C#,4,E,"(1, 6, 9)",ii,F#,A,E,196.25,38.0
1571,A,C#,4,E,"(1, 6, 9)",ii,F#,A,E,196.375,38.0
1572,A,D#,0,E,"(3, 6, 9, 11)",V7,B,F#,E,196.5,38.0
1573,A,D#,1,E,"(3, 6, 9, 11)",V7,B,F#,E,196.625,38.0
1574,A,D#,2,E,"(3, 6, 9, 11)",V7,B,F#,E,196.75,38.0
1575,A,D#,2,E,"(3, 6, 9, 11)",V7,B,F#,E,196.875,38.0
1576,A,D#,5,E,"(3, 6, 9, 11)",V7,B,F#,E,197.0,38.0
1577,A,D#,5,E,"(3, 6, 9, 11)",V7,B,F#,E,197.125,38.0
1578,A,D#,5,E,"(3, 6, 9, 11)",V7,B,F#,E,197.25,38.0
1579,A,D#,3,E,"(3, 6, 9, 11)",V7,B,F#,E,197.375,38.0
1580,A,D#,4,E,"(3, 6, 9, 11)",V7,B,F#,E,197.5,38.0
1581,A,D#,4,E,"(3, 6, 9, 11)",V7,B,F#,E,197.625,38.0
1582,A,D#,4,E,"(3, 6, 9, 11)",V7,B,F#,E,197.75,38.0
1583,A,D#,4,E,"(3, 6, 9, 11)",V7,B,F#,E,197.875,38.0
1584,G#,C#,0,E,"(1, 4, 8)",i,C#,E,E,198.0,39.0
1585,G#,C#,1,E,"(1, 4, 8)",vi,C#,E,E,198.125,39.0
1586,G#,C#,2,E,"(1, 4, 8)",vi,C#,E,E,198.25,39.0
1587,G#,C#,2,E,"(1, 4, 8)",vi,C#,E,E,198.375,39.0
1588,G#,C#,3,E,"(1, 4, 8)",vi,C#,E,E,198.5,39.0
1589,G#,C#,3,E,"(1, 4, 8)",vi,C#,E,E,198.625,39.0
1590,G#,C#,3,E,"(1, 4, 8)",vi,C#,E,E,198.75,39.0
1591,G#,C#,3,E,"(1, 4, 8)",vi,C#,E,E,198.875,39.0
1592,G#,C#,4,E,"(1, 4, 8)",i,C#,E,c#,199.0,39.0
1593,G#,C#,4,E,"(1, 4, 8)",i,C#,E,c#,199.125,39.0
1594,G#,C#,4,E,"(1, 4, 8)",i,C#,E,c#,199.25,39.0
1595,G#,C#,4,E,"(1, 4, 8)",i,C#,E,c#,199.375,39.0
1596,G#,C#,4,E,"(1, 4, 8)",i,C#,E,c#,199.5,39.0
1597,G#,C#,4,E,"(1, 4, 8)",i,C#,E,E,199.625,39.0
1598,G#,C#,4,E,"(1, 4, 8)",i,C#,E,E,199.75,39.0
1599,G#,C#,4,E,"(1, 4, 8)",i,C#,E,E,199.875,39.0
1600,G#,C#,5,E,"(1, 4, 8)",i,C#,E,E,200.0,39.0
1601,G#,C#,5,E,"(1, 4, 8)",i,C#,E,E,200.125,39.0
1602,G#,C#,5,E,"(1, 4, 8)",i,C#,E,E,200.25,39.0
1603,G#,C#,5,E,"(1, 4, 8)",i,C#,E,E,200.375,39.0
1604,G#,C#,5,E,"(1, 4, 8)",i,C#,E,E,200.5,39.0
1605,G#,C#,5,E,"(1, 4, 8)",i,C#,E,E,200.625,39.0
1606,G#,C#,5,E,"(1, 4, 8)",i,C#,E,E,200.75,39.0
1607,G#,C#,5,E,"(1, 4, 8)",i,C#,E,E,200.875,39.0
1608,F#,C,0,E,"(0, 4, 6, 10)",V7,A#,E,E,201.0,39.0
1609,F#,C,1,E,"(0, 4, 6, 10)",V7,A#,E,E,201.125,39.0
1610,F#,C,2,E,"(0, 4, 6, 10)",V7,A#,E,E,201.25,39.0
1611,F#,C,2,E,"(0, 4, 6, 10)",V7,A#,E,E,201.375,39.0
1612,F#,C,3,E,"(0, 4, 6, 10)",V7,A#,E,E,201.5,39.0
1613,F#,C,3,E,"(0, 4, 6, 10)",V7,A#,E,E,201.625,39.0
1614,F#,C,3,E,"(0, 4, 6, 10)",V7,A#,E,E,201.75,39.0
1615,F#,C,3,E,"(0, 4, 6, 10)",V7,A#,E,E,201.875,39.0
1616,F#,C,4,E,"(0, 4, 6, 10)",V7,A#,E,E,202.0,39.0
1617,F#,C,4,E,"(0, 4, 6, 10)",V7,A#,E,E,202.125,39.0
1618,F#,C,4,E,"(0, 4, 6, 10)",V7,A#,E,E,202.25,39.0
1619,F#,C,4,E,"(0, 4, 6, 10)",V7,A#,E,E,202.375,39.0
1620,F#,C,4,E,"(0, 4, 6, 10)",V7,A#,E,E,202.5,39.0
1621,F#,C,4,E,"(0, 4, 6, 10)",V7,A#,E,E,202.625,39.0
1622,F#,C,4,E,"(0, 4, 6, 10)",V7,A#,E,E,202.75,39.0
1623,F#,C,4,E,"(0, 4, 6, 10)",V7,A#,E,E,202.875,39.0
1624,F#,C,5,E,"(0, 4, 6, 10)",V7,A#,E,E,203.0,39.0
1625,F#,C,5,E,"(0, 4, 6, 10)",V7,A#,E,E,203.125,39.0
1626,F#,C,6,E,"(0, 4, 6, 10)",V7,A#,E,E,203.25,39.0
1627,F#,C,6,E,"(0, 4, 6, 10)",V7,A#,E,E,203.375,39.0
1628,F#,C,6,E,"(0, 4, 6, 10)",V7,A#,E,E,203.5,39.0
1629,F#,C,6,E,"(0, 4, 6, 10)",V7,A#,E,E,203.625,39.0
1630,F#,C,6,E,"(0, 4, 6, 10)",V7,A#,E,E,203.75,39.0
1631,F#,C,6,E,"(0, 4, 6, 10)",V7,A#,E,E,203.875,39.0
1632,F#,B,0,E,"(3, 6, 9, 11)",V7,B,D#,E,204.0,40.0
1633,F#,B,1,E,"(3, 6, 9, 11)",V7,B,D#,E,204.125,40.0
1634,F#,B,2,E,"(3, 6, 9, 11)",V7,B,D#,E,204.25,40.0
1635,F#,B,2,E,"(3, 6, 9, 11)",V7,B,D#,E,204.375,40.0
1636,F#,B,3,E,"(3, 6, 9, 11)",V7,A,D#,E,204.5,40.0
1637,F#,B,3,E,"(3, 6, 9, 11)",V7,A,D#,E,204.625,40.0
1638,F#,B,3,E,"(3, 6, 9, 11)",V7,A,D#,E,204.75,40.0
1639,F#,B,3,E,"(3, 6, 9, 11)",V7,A,D#,E,204.875,40.0
1640,F#,B,4,E,"(3, 6, 9, 11)",V7,A,D#,E,205.0,40.0
1641,F#,B,4,E,"(3, 6, 9, 11)",V7,A,D#,E,205.125,40.0
1642,F#,B,4,E,"(3, 6, 9, 11)",V7,A,D#,E,205.25,40.0
1643,F#,B,4,E,"(3, 6, 9, 11)",V7,A,D#,E,205.375,40.0
1644,F#,B,4,E,"(3, 6, 9, 11)",V7,A,D#,E,205.5,40.0
1645,F#,B,4,E,"(3, 6, 9, 11)",V7,A,D#,E,205.625,40.0
1646,F#,B,4,E,"(3, 6, 9, 11)",V7,A,D#,E,205.75,40.0
1647,F#,B,4,E,"(3, 6, 9, 11)",V7,A,D#,E,205.875,40.0
1648,F#,B,5,E,"(3, 6, 9, 11)",V7,A,D#,E,206.0,40.0
1649,F#,B,5,E,"(3, 6, 9, 11)",V7,A,D#,E,206.125,40.0
1650,F#,B,5,E,"(3, 6, 9, 11)",V7,A,D#,E,206.25,40.0
1651,F#,B,5,E,"(3, 6, 9, 11)",V7,A,D#,E,206.375,40.0
1652,F#,B,5,E,"(3, 6, 9, 11)",V7,A,D#,E,206.5,40.0
1653,F#,B,5,E,"(3, 6, 9, 11)",V7,A,D#,E,206.625,40.0
1654,F#,B,5,E,"(3, 6, 9, 11)",V7,A,D#,E,206.75,40.0
1655,F#,B,5,E,"(3, 6, 9, 11)",V7,A,D#,E,206.875,40.0
1656,B,E,0,A,"(2, 4, 8, 11)",V7,D,G#,A,207.0,40.0
1657,B,E,1,A,"(2, 4, 8, 11)",V7,D,G#,A,207.125,40.0
1658,B,E,2,A,"(2, 4, 8, 11)",V7,D,G#,A,207.25,40.0
1659,B,E,2,A,"(2, 4, 8, 11)",V7,D,G#,A,207.375,40.0
1660,B,E,3,A,"(2, 4, 8, 11)",V7,D,G#,A,207.5,40.0
1661,B,E,3,A,"(2, 4, 8, 11)",V7,D,G#,A,207.625,40.0
1662,B,E,3,A,"(2, 4, 8, 11)",V7,D,G#,A,207.75,40.0
1663,B,E,3,A,"(2, 4, 8, 11)",V7,D,G#,A,207.875,40.0
1664,B,E,4,A,"(2, 4, 8, 11)",V7,D,G#,A,208.0,40.0
1665,B,E,4,A,"(2, 4, 8, 11)",V7,D,G#,A,208.125,40.0
1666,B,E,4,A,"(2, 4, 8, 11)",V7,D,G#,A,208.25,40.0
1667,B,E,4,A,"(2, 4, 8, 11)",V7,D,G#,A,208.375,40.0
1668,B,E,4,A,"(2, 4, 8, 11)",V7,E,G#,A,208.5,40.0
1669,B,E,4,A,"(2, 4, 8, 11)",V7,E,G#,A,208.625,40.0
1670,B,E,4,A,"(2, 4, 8, 11)",V7,E,G#,A,208.75,40.0
1671,B,E,4,A,"(2, 4, 8, 11)",V7,E,G#,A,208.875,40.0
1672,B,E,4,A,"(2, 4, 8, 11)",V7,E,G#,A,209.0,40.0
1673,B,E,4,A,"(2, 4, 8, 11)",V7,E,G#,A,209.125,40.0
1674,B,E,4,A,"(2, 4, 8, 11)",V7,E,G#,A,209.25,40.0
1675,B,E,4,A,"(2, 4, 8, 11)",V7,E,G#,A,209.375,40.0
1676,B,E,6,A,"(2, 4, 8, 11)",V7,E,G#,A,209.5,40.0
1677,B,E,6,A,"(2, 4, 8, 11)",V7,E,G#,A,209.625,40.0
1678,B,E,6,A,"(2, 4, 8, 11)",V7,E,G#,A,209.75,40.0
1679,B,E,6,A,"(2, 4, 8, 11)",V7,E,G#,A,209.875,40.0
1680,C#,E,0,A,"(1, 4, 9)",I,A,A,A,210.0,41.0
1681,C#,E,1,A,"(1, 4, 9)",I,A,A,A,210.125,41.0
1682,C#,E,2,A,"(1, 4, 9)",I,A,A,A,210.25,41.0
1683,C#,E,2,A,"(1, 4, 9)",I,A,A,A,210.375,41.0
1684,C#,E,3,A,"(1, 4, 9)",I,A,A,A,210.5,41.0
1685,C#,E,3,A,"(1, 4, 9)",I,A,A,A,210.625,41.0
1686,C#,E,3,A,"(1, 4, 9)",I,A,A,A,210.75,41.0
1687,C#,E,3,A,"(1, 4, 9)",I,A,A,A,210.875,41.0
1688,C#,E,4,A,"(1, 4, 9)",I,A,A,A,211.0,41.0
1689,C#,E,4,A,"(1, 4, 9)",I,A,A,A,211.125,41.0
1690,C#,E,4,A,"(1, 4, 9)",I,A,A,A,211.25,41.0
1691,C#,E,4,A,"(1, 4, 9)",I,A,A,A,211.375,41.0
1692,B,E,0,A,"(0, 4, 8)",i,E,G#,A,211.5,41.0
1693,B,E,1,A,"(0, 4, 8)",V+,E,G#,A,211.625,41.0
1694,B,E,2,A,"(0, 4, 8)",V+,E,G#,A,211.75,41.0
1695,B,E,2,A,"(0, 4, 8)",V+,E,G#,A,211.875,41.0
1696,B,E,3,A,"(0, 4, 8)",V+,E,G#,A,212.0,41.0
1697,B,E,3,A,"(0, 4, 8)",V+,E,G#,A,212.125,41.0
1698,B,E,3,A,"(0, 4, 8)",V+,E,G#,A,212.25,41.0
1699,B,E,3,A,"(0, 4, 8)",V+,E,G#,A,212.375,41.0
1700,C#,E,0,A,"(1, 4, 9)",I,A,A,A,212.5,41.0
1701,C#,E,1,A,"(1, 4, 9)",I,A,A,A,212.625,41.0
1702,C#,E,2,A,"(1, 4, 9)",I,A,A,A,212.75,41.0
1703,C#,E,4,A,"(1, 4, 9)",I,A,A,A,212.875,41.0
1704,C#,E,0,A,"(1, 4, 9)",I,A,A,A,213.0,41.0
1705,C#,E,1,A,"(1, 4, 9)",I,A,A,A,213.125,41.0
1706,C#,E,2,A,"(1, 4, 9)",I,A,A,A,213.25,41.0
1707,C#,E,2,A,"(1, 4, 9)",I,A,A,A,213.375,41.0
1708,C#,E,3,A,"(1, 4, 9)",I,A,A,A,213.5,41.0
1709,C#,E,3,A,"(1, 4, 9)",I,A,A,A,213.625,41.0
1710,C#,E,3,A,"(1, 4, 9)",I,A,A,A,213.75,41.0
1711,C#,E,3,A,"(1, 4, 9)",I,A,A,A,213.875,41.0
1712,C#,E,0,A,"(1, 4, 9)",I,A,A,A,214.0,41.0
1713,C#,E,4,A,"(1, 4, 9)",I,A,A,A,214.125,41.0
1714,C#,E,4,A,"(1, 4, 9)",I,A,A,A,214.25,41.0
1715,C#,E,4,A,"(1, 4, 9)",I,A,A,A,214.375,41.0
1716,C#,E,4,A,"(1, 4, 9)",I,A,A,A,214.5,41.0
1717,C#,E,4,A,"(1, 4, 9)",I,A,A,A,214.625,41.0
1718,C#,E,4,A,"(1, 4, 9)",I,A,A,A,214.75,41.0
1719,C#,E,4,A,"(1, 4, 9)",I,A,A,A,214.875,41.0
1720,C#,E,5,A,"(1, 4, 9)",I,A,A,A,215.0,41.0
1721,C#,E,5,A,"(1, 4, 9)",I,A,A,A,215.125,41.0
1722,C#,E,5,A,"(1, 4, 9)",I,A,A,A,215.25,41.0
1723,C#,E,5,A,"(1, 4, 9)",I,A,A,A,215.375,41.0
1724,C#,E,5,A,"(1, 4, 9)",I,A,A,A,215.5,41.0
1725,C#,E,5,A,"(1, 4, 9)",I,A,A,A,215.625,41.0
1726,C#,E,5,A,"(1, 4, 9)",I,A,A,A,215.75,41.0
1727,C#,E,5,A,"(1, 4, 9)",I,A,A,A,215.875,41.0
1728,C#,E,0,A,"(1, 4, 9)",I,A,A,A,216.0,42.0
1729,C#,E,1,A,"(1, 4, 9)",I,A,A,A,216.125,42.0
1730,C#,E,2,A,"(1, 4, 9)",I,A,A,A,216.25,42.0
1731,C#,E,2,A,"(1, 4, 9)",I,A,A,A,216.375,42.0
1732,C#,E,3,A,"(1, 4, 9)",I,A,A,A,216.5,42.0
1733,C#,E,3,A,"(1, 4, 9)",I,A,A,A,216.625,42.0
1734,C#,E,3,A,"(1, 4, 9)",I,A,A,A,216.75,42.0
1735,C#,E,3,A,"(1, 4, 9)",I,A,A,A,216.875,42.0
1736,C#,E,4,A,"(1, 4, 9)",I,A,A,A,217.0,42.0
1737,C#,E,4,A,"(1, 4, 9)",I,A,A,A,217.125,42.0
1738,C#,E,4,A,"(1, 4, 9)",I,A,A,A,217.25,42.0
1739,C#,E,4,A,"(1, 4, 9)",I,A,A,A,217.375,42.0
1740,B,E,0,A,"(4, 8, 11)",I,E,G#,A,217.5,42.0
1741,B,E,1,A,"(4, 8, 11)",I,E,G#,A,217.625,42.0
1742,B,E,2,A,"(4, 8, 11)",I,E,G#,A,217.75,42.0
1743,B,E,2,A,"(4, 8, 11)",I,E,G#,A,217.875,42.0
1744,B,E,3,A,"(4, 8, 11)",V,E,G#,A,218.0,42.0
1745,B,E,3,A,"(4, 8, 11)",V,E,G#,A,218.125,42.0
1746,B,E,3,A,"(4, 8, 11)",V,E,G#,A,218.25,42.0
1747,B,E,3,A,"(4, 8, 11)",V,E,G#,A,218.375,42.0
1748,B,E,4,A,"(4, 8, 11)",V,E,G#,A,218.5,42.0
1749,B,E,4,A,"(4, 8, 11)",V,E,G#,A,218.625,42.0
1750,B,E,4,A,"(4, 8, 11)",V,E,G#,A,218.75,42.0
1751,B,E,4,A,"(4, 8, 11)",V,E,G#,A,218.875,42.0
1752,F#,E,0,A,"(3, 6, 9)",V7,D#,F#,E,219.0,42.0
1753,F#,E,1,A,"(3, 6, 9)",V7,D#,F#,E,219.125,42.0
1754,F#,E,2,A,"(3, 6, 9)",V7,D#,F#,E,219.25,42.0
1755,F#,E,2,A,"(3, 6, 9)",V7,D#,F#,E,219.375,42.0
1756,B,E,3,A,"(3, 6, 9)",V7,D#,F#,E,219.5,42.0
1757,B,E,3,A,"(3, 6, 9)",V7,D#,F#,E,219.625,42.0
1758,B,E,3,A,"(3, 6, 9)",V7,D#,F#,E,219.75,42.0
1759,B,E,3,A,"(3, 6, 9)",V7,D#,F#,E,219.875,42.0
1760,B,E,4,A,"(3, 6, 9)",V7,D#,F#,E,220.0,42.0
1761,B,E,4,A,"(3, 6, 9)",V7,E,F#,E,220.125,42.0
1762,B,E,4,E,"(3, 6, 9)",V7,E,F#,E,220.25,42.0
1763,B,E,4,E,"(3, 6, 9)",V7,E,F#,E,220.375,42.0
1764,B,E,0,A,"(4, 8, 11)",I,E,G#,E,220.5,42.0
1765,B,E,1,A,"(4, 8, 11)",I,E,G#,E,220.625,42.0
1766,B,E,2,A,"(4, 8, 11)",I,E,G#,E,220.75,42.0
1767,B,E,2,A,"(4, 8, 11)",I,E,G#,E,220.875,42.0
1768,B,E,3,A,"(4, 8, 11)",I,E,G#,E,221.0,42.0
1769,B,E,3,A,"(4, 8, 11)",I,E,G#,E,221.125,42.0
1770,B,E,3,A,"(4, 8, 11)",I,E,G#,E,221.25,42.0
1771,B,E,3,A,"(4, 8, 11)",I,E,G#,E,221.375,42.0
1772,B,E,4,A,"(4, 8, 11)",V,E,G#,E,221.5,42.0
1773,B,E,4,A,"(4, 8, 11)",I,E,G#,E,221.625,42.0
1774,B,E,4,A,"(4, 8, 11)",I,E,G#,E,221.75,42.0
1775,B,E,4,A,"(4, 8, 11)",I,E,G#,E,221.875,42.0
1776,C#,E,0,A,"(1, 4, 9)",I,A,A,A,222.0,43.0
1777,C#,E,1,A,"(1, 4, 9)",I,A,A,A,222.125,43.0
1778,C#,E,2,A,"(1, 4, 9)",I,A,A,A,222.25,43.0
1779,C#,E,2,A,"(1, 4, 9)",I,A,A,A,222.375,43.0
1780,C#,E,3,A,"(1, 4, 9)",I,A,A,A,222.5,43.0
1781,C#,E,3,A,"(1, 4, 9)",I,A,A,A,222.625,43.0
1782,C#,E,3,A,"(1, 4, 9)",I,A,A,A,222.75,43.0
1783,C#,E,3,A,"(1, 4, 9)",I,A,A,A,222.875,43.0
1784,C#,E,4,A,"(1, 4, 9)",I,A,A,A,223.0,43.0
1785,C#,E,4,A,"(1, 4, 9)",I,A,A,A,223.125,43.0
1786,C#,E,4,A,"(1, 4, 9)",I,A,A,A,223.25,43.0
1787,C#,E,4,A,"(1, 4, 9)",I,A,A,A,223.375,43.0
1788,B,E,0,A,"(4, 8, 11)",I,E,G#,A,223.5,43.0
1789,C,E,1,A,"(4, 8, 11)",V+,E,G#,A,223.625,43.0
1790,C,E,2,A,"(4, 8, 11)",V+,E,G#,A,223.75,43.0
1791,C,E,4,A,"(4, 8, 11)",V+,E,G#,A,223.875,43.0
1792,B,E,5,A,"(4, 8, 11)",V,E,G#,A,224.0,43.0
1793,B,E,5,A,"(4, 8, 11)",V,E,G#,A,224.125,43.0
1794,B,E,5,A,"(4, 8, 11)",V,E,G#,A,224.25,43.0
1795,B,E,5,A,"(4, 8, 11)",V,E,G#,A,224.375,43.0
1796,C#,E,0,A,"(1, 4, 9)",I,A,A,A,224.5,43.0
1797,C#,E,1,A,"(1, 4, 9)",I,A,A,A,224.625,43.0
1798,C#,E,2,A,"(1, 4, 9)",I,A,A,A,224.75,43.0
1799,C#,E,5,A,"(1, 4, 9)",I,A,A,A,224.875,43.0
1800,A,C#,0,A,"(1, 4, 9)",I,A,E,A,225.0,43.0
1801,A,C#,1,A,"(1, 4, 9)",I,A,E,A,225.125,43.0
1802,A,C#,2,A,"(1, 4, 9)",I,A,E,A,225.25,43.0
1803,A,C#,2,A,"(1, 4, 9)",I,A,E,A,225.375,43.0
1804,A,C#,3,A,"(1, 4, 9)",I,A,E,A,225.5,43.0
1805,A,C#,3,A,"(1, 4, 9)",I,A,E,A,225.625,43.0
1806,A,C#,3,A,"(1, 4, 9)",I,A,E,A,225.75,43.0
1807,A,C#,3,A,"(1, 4, 9)",I,A,E,A,225.875,43.0
1808,A,C#,0,A,"(1, 4, 9)",I,A,E,A,226.0,43.0
1809,A,C#,4,A,"(1, 4, 9)",I,A,E,A,226.125,43.0
1810,A,C#,4,A,"(1, 4, 9)",I,A,E,A,226.25,43.0
1811,A,C#,4,A,"(1, 4, 9)",I,A,E,A,226.375,43.0
1812,E,A,0,A,"(1, 4, 9)",I,A,C#,A,226.5,43.0
1813,E,A,1,A,"(1, 4, 9)",I,A,C#,A,226.625,43.0
1814,E,A,2,A,"(1, 4, 9)",I,A,C#,A,226.75,43.0
1815,E,A,2,A,"(1, 4, 9)",I,A,C#,A,226.875,43.0
1816,E,A,3,A,"(1, 4, 9)",I,A,C#,A,227.0,43.0
1817,E,A,3,A,"(1, 4, 9)",I,A,C#,A,227.125,43.0
1818,E,A,3,A,"(1, 4, 9)",I,A,C#,A,227.25,43.0
1819,E,A,3,A,"(1, 4, 9)",I,A,C#,A,227.375,43.0
1820,E,A,4,A,"(1, 4, 9)",I,A,C#,A,227.5,43.0
1821,E,A,4,A,"(1, 4, 9)",I,A,C#,A,227.625,43.0
1822,E,A,4,A,"(1, 4, 9)",I,A,C#,A,227.75,43.0
1823,E,A,4,A,"(1, 4, 9)",I,A,C#,A,227.875,43.0
1824,E,G#,0,E,"(4, 8, 11)",V,E,B,A,228.0,44.0
1825,E,G#,1,A,"(4, 8, 11)",V,E,B,A,228.125,44.0
1826,E,G#,2,A,"(4, 8, 11)",V,E,B,A,228.25,44.0
1827,E,G#,2,A,"(4, 8, 11)",V,E,B,A,228.375,44.0
1828,E,G#,3,A,"(4, 8, 11)",V,E,B,A,228.5,44.0
1829,E,G#,3,A,"(4, 8, 11)",V,E,B,A,228.625,44.0
1830,E,G#,3,A,"(4, 8, 11)",V,E,B,A,228.75,44.0
1831,E,G#,3,A,"(4, 8, 11)",V,E,B,A,228.875,44.0
1832,E,G#,4,A,"(4, 8, 11)",V,E,B,A,229.0,44.0
1833,E,G#,4,A,"(4, 8, 11)",V,E,B,A,229.125,44.0
1834,E,G#,4,A,"(4, 8, 11)",V,E,B,A,229.25,44.0
1835,E,G#,4,A,"(4, 8, 11)",V,E,B,A,229.375,44.0
1836,E,G#,4,A,"(4, 8, 11)",V,E,B,A,229.5,44.0
1837,E,G#,4,A,"(4, 8, 11)",V,E,B,A,229.625,44.0
1838,E,G#,4,A,"(4, 8, 11)",V,E,B,A,229.75,44.0
1839,E,G#,4,A,"(4, 8, 11)",V,E,B,A,229.875,44.0
1840,E,G#,5,E,"(4, 8, 11)",V,E,B,A,230.0,44.0
1841,E,G#,5,E,"(4, 8, 11)",V,E,B,A,230.125,44.0
1842,E,G#,5,E,"(4, 8, 11)",V,E,B,A,230.25,44.0
1843,E,G#,5,E,"(4, 8, 11)",V,E,B,A,230.375,44.0
1844,E,G#,5,A,"(4, 8, 11)",V,E,B,A,230.5,44.0
1845,E,G#,5,A,"(4, 8, 11)",V,E,B,A,230.625,44.0
1846,E,G#,5,E,"(4, 8, 11)",V,E,B,A,230.75,44.0
1847,E,G#,5,A,"(4, 8, 11)",V,E,B,A,230.875,44.0
1848,E,G#,5,A,"(4, 8, 11)",V,E,B,A,231.0,44.0
1849,E,G#,5,A,"(4, 8, 11)",V,E,B,A,231.125,44.0
1850,E,G#,5,A,"(4, 8, 11)",V,E,B,A,231.25,44.0
1851,E,G#,5,A,"(4, 8, 11)",V,E,B,A,231.375,44.0
1852,E,G#,5,A,"(4, 8, 11)",V,E,B,A,231.5,44.0
1853,E,G#,5,A,"(4, 8, 11)",V,E,B,A,231.625,44.0
1854,E,G#,5,A,"(4, 8, 11)",V,E,B,A,231.75,44.0
1855,E,G#,5,A,"(4, 8, 11)",V,E,B,A,231.875,44.0
1856,E,G#,6,A,"(4, 8, 11)",V,E,B,A,232.0,44.0
1857,E,G#,6,A,"(4, 8, 11)",V,E,B,A,232.125,44.0
1858,E,G#,6,A,"(4, 8, 11)",V,E,B,A,232.25,44.0
1859,E,G#,6,A,"(4, 8, 11)",V,E,B,A,232.375,44.0
1860,E,G,0,A,"(4, 7, 11)",i,E,B,A,232.5,44.0
1861,E,G,1,A,"(4, 7, 11)",i,E,B,b,232.625,44.0
1862,E,G,2,A,"(4, 7, 11)",i,E,B,b,232.75,44.0
1863,E,G,2,A,"(4, 7, 11)",i,E,B,b,232.875,44.0
1864,E,G,3,A,"(4, 7, 11)",i,E,B,b,233.0,44.0
1865,E,G,3,A,"(4, 7, 11)",i,E,B,b,233.125,44.0
1866,E,G,3,A,"(4, 7, 11)",i,E,B,b,233.25,44.0
1867,E,G,3,A,"(4, 7, 11)",i,E,B,b,233.375,44.0
1868,E,G,4,A,"(4, 7, 11)",ii,E,B,A,233.5,44.0
1869,E,G,4,A,"(4, 7, 11)",ii,E,B,A,233.625,44.0
1870,E,G,4,A,"(4, 7, 11)",ii,E,B,A,233.75,44.0
1871,E,G,4,A,"(4, 7, 11)",ii,E,B,A,233.875,44.0
1872,C#,F#,0,A,"(1, 4, 6, 10)",V7,E,A#,b,234.0,45.0
1873,C#,F#,1,A,"(1, 4, 6, 10)",V7,E,A#,b,234.125,45.0
1874,C#,F#,2,A,"(1, 4, 6, 10)",V7,E,A#,b,234.25,45.0
1875,C#,F#,2,A,"(1, 4, 6, 10)",V7,E,A#,b,234.375,45.0
1876,C#,F#,3,A,"(1, 4, 6, 10)",V7,E,A#,b,234.5,45.0
1877,C#,F#,3,A,"(1, 4, 6, 10)",V7,E,A#,b,234.625,45.0
1878,C#,F#,3,A,"(1, 4, 6, 10)",V7,E,A#,b,234.75,45.0
1879,C#,F#,3,A,"(1, 4, 6, 10)",V7,E,A#,b,234.875,45.0
1880,C#,F#,4,A,"(1, 4, 6, 10)",V7,E,A#,b,235.0,45.0
1881,C#,F#,4,A,"(1, 4, 6, 10)",V7,E,A#,b,235.125,45.0
1882,C#,F#,4,A,"(1, 4, 6, 10)",V7,E,A#,b,235.25,45.0
1883,C#,F#,4,A,"(1, 4, 6, 10)",V7,E,A#,b,235.375,45.0
1884,C#,F#,4,A,"(1, 4, 6, 10)",V7,E,A#,b,235.5,45.0
1885,C#,F#,4,A,"(1, 4, 6, 10)",V7,E,A#,b,235.625,45.0
1886,C#,F#,4,A,"(1, 4, 6, 10)",V7,E,A#,b,235.75,45.0
1887,C#,F#,4,A,"(1, 4, 6, 10)",V7,E,A#,b,235.875,45.0
1888,C#,F#,5,A,"(1, 4, 6, 10)",V7,E,A#,b,236.0,45.0
1889,C#,F#,5,A,"(1, 4, 6, 10)",V7,E,A#,b,236.125,45.0
1890,C#,F#,5,B,"(1, 4, 6, 10)",V7,E,A#,b,236.25,45.0
1891,C#,F#,5,B,"(1, 4, 6, 10)",V7,E,A#,b,236.375,45.0
1892,C#,F#,5,A,"(1, 4, 6, 10)",V7,E,A#,b,236.5,45.0
1893,C#,F#,5,B,"(1, 4, 6, 10)",V7,E,A#,b,236.625,45.0
1894,C#,F#,5,B,"(1, 4, 6, 10)",V7,E,A#,b,236.75,45.0
1895,C#,F#,5,A,"(1, 4, 6, 10)",V7,E,A#,b,236.875,45.0
1896,C#,F#,5,A,"(1, 4, 6, 10)",V7,E,A#,b,237.0,45.0
1897,C#,F#,5,A,"(1, 4, 6, 10)",V7,E,A#,b,237.125,45.0
1898,C#,F#,5,A,"(1, 4, 6, 10)",V7,E,A#,b,237.25,45.0
1899,C#,F#,5,A,"(1, 4, 6, 10)",V7,E,A#,b,237.375,45.0
1900,C#,F#,5,A,"(1, 4, 6, 10)",V7,E,A#,b,237.5,45.0
1901,C#,F#,5,A,"(1, 4, 6, 10)",V7,E,A#,b,237.625,45.0
1902,C#,F#,5,A,"(1, 4, 6, 10)",V7,E,A#,b,237.75,45.0
1903,C#,F#,5,A,"(1, 4, 6, 10)",V7,E,A#,b,237.875,45.0
1904,C#,F#,6,A,"(1, 4, 6, 10)",V7,E,A#,b,238.0,45.0
1905,C#,F#,6,A,"(1, 4, 6, 10)",V7,E,A#,b,238.125,45.0
1906,C#,F#,6,A,"(1, 4, 6, 10)",V7,E,A#,b,238.25,45.0
1907,C#,F#,6,A,"(1, 4, 6, 10)",V7,E,A#,b,238.375,45.0
1908,E,G,0,A,"(1, 4, 7, 10)",viio7,E,C#,b,238.5,45.0
1909,E,G,1,A,"(1, 4, 7, 10)",viio7,E,C#,b,238.625,45.0
1910,E,G,2,A,"(1, 4, 7, 10)",viio7,E,C#,b,238.75,45.0
1911,E,G,2,A,"(1, 4, 7, 10)",viio7,E,C#,b,238.875,45.0
1912,E,G,3,A,"(1, 4, 7, 10)",viio7,E,C#,b,239.0,45.0
1913,E,G,3,A,"(1, 4, 7, 10)",viio7,E,C#,b,239.125,45.0
1914,E,G,3,A,"(1, 4, 7, 10)",viio7,E,C#,b,239.25,45.0
1915,E,G,3,A,"(1, 4, 7, 10)",viio7,E,C#,b,239.375,45.0
1916,E,G,4,A,"(1, 4, 7, 10)",viio7,E,C#,b,239.5,45.0
1917,E,G,4,A,"(1, 4, 7, 10)",viio7,E,C#,b,239.625,45.0
1918,E,G,4,A,"(1, 4, 7, 10)",viio7,E,C#,b,239.75,45.0
1919,E,G,4,A,"(1, 4, 7, 10)",viio7,E,C#,b,239.875,45.0
1920,C#,F#,0,B,"(1, 6, 10)",V,F#,A#,B,240.0,46.0
1921,C#,F#,1,B,"(1, 6, 10)",V,F#,A#,B,240.125,46.0
1922,C#,F#,2,B,"(1, 6, 10)",V,F#,A#,B,240.25,46.0
1923,C#,F#,2,B,"(1, 6, 10)",V,F#,A#,B,240.375,46.0
1924,C#,F#,3,B,"(1, 6, 10)",V,F#,A#,B,240.5,46.0
1925,C#,F#,3,B,"(1, 6, 10)",V,F#,A#,B,240.625,46.0
1926,C#,F#,3,B,"(1, 6, 10)",V,F#,A#,B,240.75,46.0
1927,C#,F#,3,B,"(1, 6, 10)",V,F#,A#,B,240.875,46.0
1928,C#,F#,4,B,"(1, 6, 10)",V,F#,A#,B,241.0,46.0
1929,C#,F#,4,B,"(1, 6, 10)",V,F#,A#,B,241.125,46.0
1930,C#,F#,4,B,"(1, 6, 10)",V,F#,A#,B,241.25,46.0
1931,C#,F#,4,B,"(1, 6, 10)",V,F#,A#,B,241.375,46.0
1932,C#,F#,4,B,"(1, 4, 6, 10)",V7,E,A#,B,241.5,46.0
1933,C#,F#,4,B,"(1, 4, 6, 10)",V7,E,A#,B,241.625,46.0
1934,C#,F#,4,B,"(1, 4, 6, 10)",V7,E,A#,B,241.75,46.0
1935,C#,F#,4,B,"(1, 4, 6, 10)",V7,E,A#,B,241.875,46.0
1936,C#,F#,3,B,"(1, 4, 6, 10)",V7,E,A#,b,242.0,46.0
1937,C#,F#,3,B,"(1, 4, 6, 10)",viio,E,A#,b,242.125,46.0
1938,C#,F#,3,B,"(1, 4, 6, 10)",V7,E,A#,b,242.25,46.0
1939,C#,F#,3,B,"(1, 4, 6, 10)",V7,E,A#,b,242.375,46.0
1940,C#,F#,4,B,"(1, 4, 6, 10)",V7,E,A#,b,242.5,46.0
1941,C#,F#,4,B,"(1, 4, 6, 10)",V7,E,A#,b,242.625,46.0
1942,C#,F#,4,B,"(1, 4, 6, 10)",V7,E,A#,b,242.75,46.0
1943,C#,F#,4,B,"(1, 4, 6, 10)",V7,E,A#,b,242.875,46.0
1944,E,A#,5,B,"(1, 4, 6, 10)",V7,F#,C#,B,243.0,46.0
1945,E,A#,5,B,"(1, 4, 6, 10)",V7,F#,C#,B,243.125,46.0
1946,E,A#,5,B,"(1, 4, 6, 10)",V7,F#,C#,B,243.25,46.0
1947,E,A#,5,B,"(1, 4, 6, 10)",V7,F#,C#,B,243.375,46.0
1948,E,A#,5,B,"(1, 4, 6, 10)",V7,F#,C#,B,243.5,46.0
1949,E,A#,5,B,"(1, 4, 6, 10)",V7,F#,C#,B,243.625,46.0
1950,E,A#,5,B,"(1, 4, 6, 10)",V7,F#,C#,B,243.75,46.0
1951,E,A#,5,B,"(1, 4, 6, 10)",V7,F#,C#,B,243.875,46.0
1952,E,A#,4,B,"(1, 4, 6, 10)",V7,F#,C#,B,244.0,46.0
1953,E,A#,4,B,"(1, 4, 6, 10)",V7,F#,C#,B,244.125,46.0
1954,E,A#,4,B,"(1, 4, 6, 10)",V7,F#,C#,B,244.25,46.0
1955,E,A#,4,B,"(1, 4, 6, 10)",V7,F#,C#,B,244.375,46.0
1956,C#,A#,4,B,"(1, 4, 6, 10)",V7,F#,A#,B,244.5,46.0
1957,C#,F#,4,B,"(1, 4, 6, 10)",V7,F#,A#,B,244.625,46.0
1958,C#,F#,4,B,"(1, 4, 6, 10)",V7,F#,A#,B,244.75,46.0
1959,C#,F#,4,B,"(1, 4, 6, 10)",V7,F#,A#,B,244.875,46.0
1960,C#,F#,5,B,"(1, 4, 6, 10)",V7,E,A#,B,245.0,46.0
1961,C#,F#,5,B,"(1, 4, 6, 10)",V7,E,A#,B,245.125,46.0
1962,C#,F#,5,B,"(1, 4, 6, 10)",V7,E,A#,B,245.25,46.0
1963,C#,F#,5,B,"(1, 4, 6, 10)",V7,E,A#,B,245.375,46.0
1964,C#,F#,5,B,"(1, 4, 6, 10)",V7,E,A#,B,245.5,46.0
1965,C#,F#,5,B,"(1, 4, 6, 10)",V7,E,A#,B,245.625,46.0
1966,C#,F#,5,B,"(1, 4, 6, 10)",V7,E,A#,B,245.75,46.0
1967,C#,F#,5,B,"(1, 4, 6, 10)",V7,E,A#,B,245.875,46.0
1968,F#,B,0,E,"(3, 6, 9, 11)",V7,A,D#,E,246.0,47.0
1969,F#,B,1,E,"(3, 6, 9, 11)",V7,A,D#,E,246.125,47.0
1970,F#,B,2,E,"(3, 6, 9, 11)",V7,A,D#,E,246.25,47.0
1971,F#,B,2,E,"(3, 6, 9, 11)",V7,A,D#,E,246.375,47.0
1972,F#,B,3,E,"(3, 6, 9, 11)",V7,A,D#,E,246.5,47.0
1973,F#,B,3,E,"(3, 6, 9, 11)",V7,A,D#,E,246.625,47.0
1974,F#,B,3,E,"(3, 6, 9, 11)",V7,A,D#,E,246.75,47.0
1975,F#,B,3,E,"(3, 6, 9, 11)",V7,A,D#,E,246.875,47.0
1976,F#,B,4,E,"(3, 6, 9, 11)",V7,A,D#,E,247.0,47.0
1977,F#,B,4,E,"(3, 6, 9, 11)",V7,A,D#,E,247.125,47.0
1978,F#,B,4,E,"(3, 6, 9, 11)",V7,A,D#,E,247.25,47.0
1979,F#,B,4,E,"(3, 6, 9, 11)",V7,A,D#,E,247.375,47.0
1980,F#,B,0,E,"(3, 6, 9, 11)",V7,A,D#,E,247.5,47.0
1981,F#,B,4,E,"(3, 6, 9, 11)",V7,A,D#,E,247.625,47.0
1982,F#,B,4,E,"(3, 6, 9, 11)",V7,A,D#,E,247.75,47.0
1983,F#,B,4,E,"(3, 6, 9, 11)",V7,A,D#,E,247.875,47.0
1984,F#,B,5,E,"(3, 6, 9, 11)",V7,A,D#,E,248.0,47.0
1985,F#,B,5,E,"(3, 6, 9, 11)",V7,A,D#,E,248.125,47.0
1986,F#,B,5,E,"(3, 6, 9, 11)",V7,A,D#,E,248.25,47.0
1987,F#,B,5,E,"(3, 6, 9, 11)",V7,A,D#,E,248.375,47.0
1988,F#,B,5,E,"(3, 6, 9, 11)",V7,A,D#,E,248.5,47.0
1989,F#,B,5,E,"(3, 6, 9, 11)",V7,A,D#,E,248.625,47.0
1990,F#,B,5,E,"(3, 6, 9, 11)",V7,A,D#,E,248.75,47.0
1991,F#,B,5,E,"(3, 6, 9, 11)",V7,A,D#,E,248.875,47.0
1992,F#,B,0,E,"(3, 6, 9, 11)",V7,A,D#,E,249.0,47.0
1993,F#,B,5,E,"(3, 6, 9, 11)",V7,A,D#,E,249.125,47.0
1994,F#,B,5,E,"(3, 6, 9, 11)",V7,A,D#,E,249.25,47.0
1995,F#,B,5,E,"(3, 6, 9, 11)",V7,A,D#,E,249.375,47.0
1996,F#,B,5,E,"(3, 6, 9, 11)",V7,A,D#,E,249.5,47.0
1997,F#,B,5,E,"(3, 6, 9, 11)",V7,A,D#,E,249.625,47.0
1998,F#,B,5,E,"(3, 6, 9, 11)",V7,A,D#,E,249.75,47.0
1999,F#,B,3,E,"(3, 6, 9, 11)",V7,A,D#,E,249.875,47.0
2000,F#,B,4,E,"(3, 6, 9, 11)",V7,A,D#,E,250.0,47.0
2001,F#,B,4,E,"(3, 6, 9, 11)",V7,A,D#,E,250.125,47.0
2002,F#,B,4,E,"(3, 6, 9, 11)",V7,A,D#,E,250.25,47.0
2003,F#,B,4,E,"(3, 6, 9, 11)",V7,A,D#,E,250.375,47.0
2004,F#,C,0,E,"(0, 4, 9)",iv,A,E,e,250.5,47.0
2005,F#,C,1,E,"(0, 4, 9)",iv,A,E,e,250.625,47.0
2006,F#,C,2,E,"(0, 4, 9)",iv,A,E,e,250.75,47.0
2007,F#,C,2,E,"(0, 4, 9)",iv,A,E,e,250.875,47.0
2008,A,C,3,E,"(0, 4, 9)",iv,A,E,e,251.0,47.0
2009,A,C,3,E,"(0, 4, 9)",iv,A,E,e,251.125,47.0
2010,A,C,3,E,"(0, 4, 9)",iv,A,E,e,251.25,47.0
2011,A,C,3,E,"(0, 4, 9)",iv,A,E,e,251.375,47.0
2012,A,C,4,E,"(0, 4, 9)",iv,A,E,e,251.5,47.0
2013,A,C,4,E,"(0, 4, 9)",iv,A,E,e,251.625,47.0
2014,A,C,4,E,"(0, 4, 9)",iv,A,E,e,251.75,47.0
2015,F#,C,4,E,"(0, 4, 9)",iv,A,E,e,251.875,47.0
2016,F#,B,0,E,"(3, 6, 9, 11)",V7,A,D#,E,252.0,48.0
2017,F#,B,1,E,"(3, 6, 9, 11)",V7,A,D#,E,252.125,48.0
2018,F#,B,2,E,"(3, 6, 9, 11)",V7,A,D#,E,252.25,48.0
2019,F#,B,2,E,"(3, 6, 9, 11)",V7,A,D#,E,252.375,48.0
2020,F#,B,3,E,"(3, 6, 9, 11)",V7,A,D#,E,252.5,48.0
2021,F#,B,3,E,"(3, 6, 9, 11)",V7,A,D#,E,252.625,48.0
2022,F#,B,3,E,"(3, 6, 9, 11)",V7,A,D#,E,252.75,48.0
2023,F#,B,3,E,"(3, 6, 9, 11)",V7,A,D#,E,252.875,48.0
2024,F#,B,4,E,"(3, 6, 9, 11)",V7,A,D#,E,253.0,48.0
2025,F#,B,4,E,"(3, 6, 9, 11)",V7,A,D#,E,253.125,48.0
2026,F#,B,4,E,"(3, 6, 9, 11)",V7,A,D#,E,253.25,48.0
2027,F#,B,4,E,"(3, 6, 9, 11)",V7,A,D#,E,253.375,48.0
2028,F#,A,0,E,"(0, 3, 6, 9)",viio7,F#,D#,e,253.5,48.0
2029,F#,A,1,E,"(0, 3, 6, 9)",viio7,F#,D#,e,253.625,48.0
2030,F#,A,2,E,"(0, 3, 6, 9)",viio7,F#,D#,e,253.75,48.0
2031,F#,A,2,E,"(0, 3, 6, 9)",viio7,F#,D#,e,253.875,48.0
2032,F#,A,5,E,"(0, 3, 6, 9)",viio7,F#,D#,e,254.0,48.0
2033,F#,A,5,E,"(0, 3, 6, 9)",viio7,F#,D#,e,254.125,48.0
2034,F#,A,5,E,"(0, 3, 6, 9)",viio7,F#,D#,e,254.25,48.0
2035,F#,A,3,E,"(0, 3, 6, 9)",viio7,F#,D#,e,254.375,48.0
2036,F#,A,4,E,"(0, 3, 6, 9)",viio7,F#,D#,e,254.5,48.0
2037,F#,A,4,E,"(0, 3, 6, 9)",viio7,F#,D#,e,254.625,48.0
2038,F#,A,4,E,"(0, 3, 6, 9)",viio7,F#,D#,e,254.75,48.0
2039,F#,A,4,E,"(0, 3, 6, 9)",viio7,F#,D#,e,254.875,48.0
2040,D#,G#,0,E,"(3, 8, 11)",i,G#,B,E,255.0,48.0
2041,D#,G#,1,E,"(3, 8, 11)",iii,G#,B,E,255.125,48.0
2042,D#,G#,2,E,"(3, 8, 11)",iii,G#,B,E,255.25,48.0
2043,D#,G#,2,E,"(3, 8, 11)",iii,G#,B,E,255.375,48.0
2044,D#,G#,3,E,"(3, 8, 11)",iii,G#,B,E,255.5,48.0
2045,D#,G#,3,E,"(3, 8, 11)",iii,G#,B,E,255.625,48.0
2046,D#,G#,3,E,"(3, 8, 11)",iii,G#,B,E,255.75,48.0
2047,D#,G#,3,E,"(3, 8, 11)",iii,G#,B,E,255.875,48.0
2048,D#,G#,4,E,"(3, 8, 11)",iii,G#,B,E,256.0,48.0
2049,D#,G#,4,E,"(3, 8, 11)",iii,G#,B,E,256.125,48.0
2050,D#,G#,4,E,"(3, 8, 11)",iii,G#,B,E,256.25,48.0
2051,D#,G#,4,E,"(3, 8, 11)",I,G#,B,E,256.375,48.0
2052,B,F#,0,E,"(3, 6, 9, 11)",V7,D#,A,E,256.5,48.0
2053,B,F#,1,E,"(3, 6, 9, 11)",V7,D#,A,E,256.625,48.0
2054,B,F#,2,E,"(3, 6, 9, 11)",V7,D#,A,E,256.75,48.0
2055,B,F#,2,E,"(3, 6, 9, 11)",V7,D#,A,E,256.875,48.0
2056,B,F#,3,E,"(3, 6, 9, 11)",V7,D#,A,E,257.0,48.0
2057,B,F#,3,E,"(3, 6, 9, 11)",V7,D#,A,E,257.125,48.0
2058,B,F#,3,E,"(3, 6, 9, 11)",V7,D#,A,E,257.25,48.0
2059,B,F#,3,E,"(3, 6, 9, 11)",V7,D#,A,E,257.375,48.0
2060,B,F#,4,E,"(3, 6, 9, 11)",V7,D#,A,E,257.5,48.0
2061,B,F#,4,E,"(3, 6, 9, 11)",V7,D#,A,E,257.625,48.0
2062,B,F#,4,E,"(3, 6, 9, 11)",V7,D#,A,E,257.75,48.0
2063,B,F#,4,E,"(3, 6, 9, 11)",V7,D#,A,E,257.875,48.0
2064,B,E,0,E,"(4, 8, 11)",I,E,G#,E,258.0,49.0
2065,B,E,1,E,"(4, 8, 11)",I,E,G#,E,258.125,49.0
2066,B,E,2,E,"(4, 8, 11)",I,E,G#,E,258.25,49.0
2067,B,E,2,E,"(4, 8, 11)",I,E,G#,E,258.375,49.0
2068,B,E,3,E,"(4, 8, 11)",I,E,G#,E,258.5,49.0
2069,B,E,3,E,"(4, 8, 11)",I,E,G#,E,258.625,49.0
2070,B,E,3,E,"(4, 8, 11)",I,E,G#,E,258.75,49.0
2071,B,E,3,E,"(4, 8, 11)",I,E,G#,E,258.875,49.0
2072,B,E,4,E,"(4, 8, 11)",I,E,G#,E,259.0,49.0
2073,B,E,4,E,"(4, 8, 11)",I,E,G#,E,259.125,49.0
2074,B,E,4,E,"(4, 8, 11)",I,E,G#,E,259.25,49.0
2075,B,E,4,E,"(4, 8, 11)",I,E,G#,E,259.375,49.0
2076,G#,B,0,E,"(4, 8, 11)",I,E,E,E,259.5,49.0
2077,G#,B,1,E,"(4, 8, 11)",I,E,E,E,259.625,49.0
2078,G#,B,2,E,"(4, 8, 11)",I,E,E,E,259.75,49.0
2079,G#,B,2,E,"(4, 8, 11)",I,E,E,E,259.875,49.0
2080,G#,B,3,E,"(4, 8, 11)",I,E,E,E,260.0,49.0
2081,G#,B,3,E,"(4, 8, 11)",I,E,E,E,260.125,49.0
2082,G#,B,3,E,"(4, 8, 11)",I,E,E,E,260.25,49.0
2083,G#,B,3,E,"(4, 8, 11)",I,E,E,E,260.375,49.0
2084,G#,B,4,E,"(4, 8, 11)",I,E,E,E,260.5,49.0
2085,G#,B,4,E,"(4, 8, 11)",I,E,E,E,260.625,49.0
2086,G#,B,4,E,"(4, 8, 11)",I,E,E,E,260.75,49.0
2087,G#,B,4,E,"(4, 8, 11)",I,E,E,E,260.875,49.0
2088,A,C#,0,E,"(1, 4, 9)",IV,A,E,E,261.0,49.0
2089,A,C#,1,E,"(1, 4, 9)",IV,A,E,E,261.125,49.0
2090,A,C#,2,E,"(1, 4, 9)",IV,A,E,E,261.25,49.0
2091,A,C#,2,E,"(1, 4, 9)",IV,A,E,E,261.375,49.0
2092,A,C#,3,E,"(1, 4, 9)",IV,A,E,E,261.5,49.0
2093,A,C#,3,E,"(1, 4, 9)",IV,A,E,E,261.625,49.0
2094,A,C#,3,E,"(1, 4, 9)",IV,A,E,E,261.75,49.0
2095,A,C#,3,E,"(1, 4, 9)",IV,A,E,E,261.875,49.0
2096,A,C#,4,E,"(1, 4, 9)",IV,A,E,E,262.0,49.0
2097,A,C#,4,E,"(1, 4, 9)",IV,A,E,E,262.125,49.0
2098,A,C#,4,E,"(1, 4, 9)",IV,A,E,E,262.25,49.0
2099,A,C#,4,E,"(1, 4, 9)",IV,A,E,E,262.375,49.0
2100,G#,B,0,E,"(4, 8, 11)",I,E,E,E,262.5,49.0
2101,G#,B,1,E,"(4, 8, 11)",I,E,E,E,262.625,49.0
2102,G#,B,2,E,"(4, 8, 11)",I,E,E,E,262.75,49.0
2103,G#,B,2,E,"(4, 8, 11)",I,E,E,E,262.875,49.0
2104,G#,B,3,E,"(4, 8, 11)",I,E,E,E,263.0,49.0
2105,G#,B,3,E,"(4, 8, 11)",I,E,E,E,263.125,49.0
2106,G#,B,3,E,"(4, 8, 11)",I,E,E,E,263.25,49.0
2107,G#,B,3,E,"(4, 8, 11)",I,E,E,E,263.375,49.0
2108,G#,B,4,E,"(4, 8, 11)",I,E,E,E,263.5,49.0
2109,G#,B,4,E,"(4, 8, 11)",I,E,E,E,263.625,49.0
2110,G#,B,4,E,"(4, 8, 11)",I,E,E,E,263.75,49.0
2111,G#,B,4,E,"(4, 8, 11)",I,E,E,E,263.875,49.0
2112,E,A#,0,E,"(1, 4, 7, 10)",viio7,G,C#,b,264.0,50.0
2113,E,A#,1,E,"(1, 4, 7, 10)",viio7,G,C#,b,264.125,50.0
2114,E,A#,2,E,"(1, 4, 7, 10)",viio7,G,C#,b,264.25,50.0
2115,E,A#,2,E,"(1, 4, 7, 10)",viio7,G,C#,b,264.375,50.0
2116,E,A#,3,E,"(1, 4, 7, 10)",viio7,G,C#,b,264.5,50.0
2117,E,A#,3,E,"(1, 4, 7, 10)",viio7,G,C#,b,264.625,50.0
2118,E,A#,3,E,"(1, 4, 7, 10)",viio7,G,C#,b,264.75,50.0
2119,E,A#,3,E,"(1, 4, 7, 10)",viio7,G,C#,b,264.875,50.0
2120,E,A#,4,E,"(1, 4, 7, 10)",viio7,G,C#,b,265.0,50.0
2121,E,A#,4,E,"(1, 4, 7, 10)",viio7,G,C#,b,265.125,50.0
2122,E,A#,4,E,"(1, 4, 7, 10)",viio7,G,C#,b,265.25,50.0
2123,E,A#,4,E,"(1, 4, 7, 10)",viio7,G,C#,b,265.375,50.0
2124,E,A#,4,E,"(1, 4, 7, 10)",viio7,G,C#,b,265.5,50.0
2125,E,A#,4,E,"(1, 4, 7, 10)",viio7,G,C#,b,265.625,50.0
2126,E,A#,4,E,"(1, 4, 7, 10)",viio7,G,C#,b,265.75,50.0
2127,E,A#,4,E,"(1, 4, 7, 10)",viio7,G,C#,b,265.875,50.0
2128,E,A#,5,E,"(1, 4, 7, 10)",viio7,G,C#,b,266.0,50.0
2129,E,A#,5,E,"(1, 4, 7, 10)",viio7,G,C#,b,266.125,50.0
2130,E,A#,5,E,"(1, 4, 7, 10)",viio7,G,C#,b,266.25,50.0
2131,E,A#,5,E,"(1, 4, 7, 10)",viio7,G,C#,b,266.375,50.0
2132,E,A#,5,E,"(1, 4, 7, 10)",viio7,G,C#,b,266.5,50.0
2133,E,A#,5,E,"(1, 4, 7, 10)",viio7,G,C#,b,266.625,50.0
2134,E,A#,5,E,"(1, 4, 7, 10)",viio7,G,C#,b,266.75,50.0
2135,E,A#,5,E,"(1, 4, 7, 10)",viio7,G,C#,b,266.875,50.0
2136,E,A#,5,E,"(1, 4, 7, 10)",viio7,G,C#,b,267.0,50.0
2137,E,A#,5,E,"(1, 4, 7, 10)",viio7,G,C#,b,267.125,50.0
2138,E,A#,5,E,"(1, 4, 7, 10)",viio7,G,C#,b,267.25,50.0
2139,E,A#,5,E,"(1, 4, 7, 10)",viio7,G,C#,b,267.375,50.0
2140,E,A#,5,E,"(1, 4, 7, 10)",viio7,G,C#,b,267.5,50.0
2141,E,A#,5,E,"(1, 4, 7, 10)",viio7,G,C#,b,267.625,50.0
2142,E,A#,5,E,"(1, 4, 7, 10)",viio7,G,C#,b,267.75,50.0
2143,E,A#,5,E,"(1, 4, 7, 10)",viio7,G,C#,b,267.875,50.0
2144,E,A#,6,E,"(1, 4, 7, 10)",viio7,G,C#,b,268.0,50.0
2145,E,A#,6,E,"(1, 4, 7, 10)",viio7,G,C#,b,268.125,50.0
2146,E,A#,6,E,"(1, 4, 7, 10)",viio7,G,C#,b,268.25,50.0
2147,E,A#,6,E,"(1, 4, 7, 10)",viio7,G,C#,b,268.375,50.0
2148,E,A#,6,E,"(1, 4, 7, 10)",viio7,G,C#,b,268.5,50.0
2149,E,A#,6,E,"(1, 4, 7, 10)",viio7,G,C#,b,268.625,50.0
2150,E,A#,6,E,"(1, 4, 7, 10)",V7,G,C#,b,268.75,50.0
2151,E,A#,6,E,"(1, 4, 7, 10)",V7,G,C#,b,268.875,50.0
2152,E,A#,6,E,"(1, 4, 7, 10)",V7,G,C#,b,269.0,50.0
2153,E,A#,6,E,"(1, 4, 7, 10)",V7,G,C#,b,269.125,50.0
2154,E,A#,6,E,"(1, 4, 7, 10)",V7,G,C#,b,269.25,50.0
2155,E,A#,6,E,"(1, 4, 7, 10)",V7,G,C#,b,269.375,50.0
2156,E,A#,6,E,"(1, 4, 7, 10)",V7,G,C#,b,269.5,50.0
2157,E,A#,6,E,"(1, 4, 7, 10)",V7,G,C#,b,269.625,50.0
2158,E,A#,6,E,"(1, 4, 7, 10)",V7,G,C#,b,269.75,50.0
2159,E,A#,6,E,"(1, 4, 7, 10)",V7,G,C#,b,269.875,50.0
2160,F#,B,0,E,"(3, 6, 9, 11)",V7,A,D#,E,270.0,51.0
2161,F#,B,1,E,"(3, 6, 9, 11)",V7,A,D#,E,270.125,51.0
2162,F#,B,2,E,"(3, 6, 9, 11)",V7,A,D#,E,270.25,51.0
2163,F#,B,2,E,"(3, 6, 9, 11)",V7,A,D#,E,270.375,51.0
2164,F#,B,3,E,"(3, 6, 9, 11)",V7,A,D#,E,270.5,51.0
2165,F#,B,3,E,"(3, 6, 9, 11)",V7,A,D#,E,270.625,51.0
2166,F#,B,3,E,"(3, 6, 9, 11)",V7,A,D#,E,270.75,51.0
2167,F#,B,3,E,"(3, 6, 9, 11)",V7,A,D#,E,270.875,51.0
2168,F#,B,4,E,"(3, 6, 9, 11)",V7,A,D#,E,271.0,51.0
2169,F#,B,4,E,"(3, 6, 9, 11)",V7,A,D#,E,271.125,51.0
2170,F#,B,4,E,"(3, 6, 9, 11)",V7,A,D#,E,271.25,51.0
2171,F#,B,4,E,"(3, 6, 9, 11)",V7,A,D#,E,271.375,51.0
2172,F#,B,4,E,"(3, 6, 9, 11)",V7,A,D#,E,271.5,51.0
2173,F#,B,4,E,"(3, 6, 9, 11)",V7,A,D#,E,271.625,51.0
2174,F#,B,4,E,"(3, 6, 9, 11)",V7,A,D#,E,271.75,51.0
2175,F#,B,4,E,"(3, 6, 9, 11)",V7,A,D#,E,271.875,51.0
2176,F#,B,5,E,"(3, 6, 9, 11)",V7,A,D#,E,272.0,51.0
2177,F#,B,5,E,"(3, 6, 9, 11)",V7,A,D#,E,272.125,51.0
2178,F#,B,5,E,"(3, 6, 9, 11)",V7,A,D#,E,272.25,51.0
2179,F#,B,5,E,"(3, 6, 9, 11)",V7,A,D#,E,272.375,51.0
2180,F#,B,5,E,"(3, 6, 9, 11)",V7,A,D#,E,272.5,51.0
2181,F#,B,5,E,"(3, 6, 9, 11)",V7,A,D#,E,272.625,51.0
2182,F#,B,5,E,"(3, 6, 9, 11)",V7,A,D#,E,272.75,51.0
2183,F#,B,5,E,"(3, 6, 9, 11)",V7,A,D#,E,272.875,51.0
2184,F#,B,5,E,"(3, 6, 9, 11)",V7,A,D#,E,273.0,51.0
2185,F#,B,5,E,"(3, 6, 9, 11)",V7,A,D#,E,273.125,51.0
2186,F#,B,5,E,"(3, 6, 9, 11)",V7,A,D#,E,273.25,51.0
2187,F#,B,5,E,"(3, 6, 9, 11)",V7,A,D#,E,273.375,51.0
2188,F#,B,5,E,"(3, 6, 9, 11)",V7,A,D#,E,273.5,51.0
2189,F#,B,5,E,"(3, 6, 9, 11)",V7,A,D#,E,273.625,51.0
2190,F#,B,5,E,"(3, 6, 9, 11)",V7,A,D#,E,273.75,51.0
2191,F#,B,5,E,"(3, 6, 9, 11)",V7,A,D#,E,273.875,51.0
2192,F#,B,4,E,"(3, 6, 9, 11)",V7,A,D#,E,274.0,51.0
2193,F#,B,4,E,"(3, 6, 9, 11)",V7,A,D#,E,274.125,51.0
2194,F#,B,2,E,"(3, 6, 9, 11)",V7,A,D#,E,274.25,51.0
2195,F#,B,2,E,"(3, 6, 9, 11)",V7,A,D#,E,274.375,51.0
2196,F#,B,3,E,"(3, 6, 9, 11)",V7,A,D#,E,274.5,51.0
2197,F#,B,3,E,"(3, 6, 9, 11)",V7,A,D#,E,274.625,51.0
2198,F#,B,3,E,"(3, 6, 9, 11)",V7,A,D#,E,274.75,51.0
2199,F#,B,3,E,"(3, 6, 9, 11)",V7,A,D#,E,274.875,51.0
2200,F#,B,4,E,"(3, 6, 9, 11)",V7,A,D#,E,275.0,51.0
2201,F#,B,4,E,"(3, 6, 9, 11)",V7,A,D#,E,275.125,51.0
2202,F#,B,4,E,"(3, 6, 9, 11)",V7,A,D#,E,275.25,51.0
2203,F#,B,4,E,"(3, 6, 9, 11)",V7,A,D#,E,275.375,51.0
2204,F#,B,4,E,"(3, 6, 9, 11)",V7,A,D#,E,275.5,51.0
2205,F#,B,4,E,"(3, 6, 9, 11)",V7,A,D#,E,275.625,51.0
2206,F#,B,4,E,"(3, 6, 9, 11)",V7,A,D#,E,275.75,51.0
2207,F#,B,4,E,"(3, 6, 9, 11)",V7,A,D#,E,275.875,51.0
2208,B,E,0,E,"(4, 8, 11)",I,E,G#,E,276.0,52.0
2209,B,E,1,E,"(4, 8, 11)",I,E,G#,E,276.125,52.0
2210,B,E,2,E,"(4, 8, 11)",I,E,G#,E,276.25,52.0
2211,B,E,2,E,"(4, 8, 11)",I,E,G#,E,276.375,52.0
2212,B,E,3,E,"(4, 8, 11)",I,E,G#,E,276.5,52.0
2213,B,E,3,E,"(4, 8, 11)",I,E,G#,E,276.625,52.0
2214,B,E,3,E,"(4, 8, 11)",I,E,G#,E,276.75,52.0
2215,B,E,3,E,"(4, 8, 11)",I,E,G#,E,276.875,52.0
2216,B,E,4,E,"(4, 8, 11)",I,E,G#,E,277.0,52.0
2217,B,E,4,E,"(4, 8, 11)",I,E,G#,E,277.125,52.0
2218,B,E,4,E,"(4, 8, 11)",I,E,G#,E,277.25,52.0
2219,B,E,4,E,"(4, 8, 11)",I,E,G#,E,277.375,52.0
2220,B,E,4,E,"(4, 8, 11)",I,E,G#,E,277.5,52.0
2221,B,E,4,E,"(4, 8, 11)",I,E,G#,E,277.625,52.0
2222,B,E,4,E,"(4, 8, 11)",I,E,G#,E,277.75,52.0
2223,B,E,4,E,"(4, 8, 11)",I,E,G#,E,277.875,52.0
2224,B,E,5,E,"(4, 8, 11)",I,E,G#,E,278.0,52.0
2225,B,E,5,E,"(4, 8, 11)",I,E,G#,E,278.125,52.0
2226,B,E,5,E,"(4, 8, 11)",I,E,G#,E,278.25,52.0
2227,B,E,5,E,"(4, 8, 11)",I,E,G#,E,278.375,52.0
2228,B,E,5,E,"(4, 8, 11)",I,E,G#,E,278.5,52.0
2229,B,E,5,E,"(4, 8, 11)",I,E,G#,E,278.625,52.0
2230,B,E,5,E,"(4, 8, 11)",I,E,G#,E,278.75,52.0
2231,B,E,5,E,"(4, 8, 11)",I,E,G#,E,278.875,52.0
2232,B,E,5,E,"(4, 8, 11)",I,E,G#,E,279.0,52.0
2233,B,E,5,E,"(4, 8, 11)",I,E,G#,E,279.125,52.0
2234,B,E,5,E,"(4, 8, 11)",I,E,G#,E,279.25,52.0
2235,B,E,5,E,"(4, 8, 11)",I,E,G#,E,279.375,52.0
2236,B,E,5,E,"(4, 8, 11)",I,E,G#,E,279.5,52.0
2237,B,E,5,E,"(4, 8, 11)",I,E,G#,E,279.625,52.0
2238,B,E,5,E,"(4, 8, 11)",I,E,G#,E,279.75,52.0
2239,B,E,5,E,"(4, 8, 11)",I,E,G#,E,279.875,52.0
2240,B,E,6,E,"(4, 8, 11)",I,E,G#,E,280.0,52.0
2241,B,E,6,E,"(4, 8, 11)",I,E,G#,E,280.125,52.0
2242,B,E,6,E,"(4, 8, 11)",I,E,G#,E,280.25,52.0
2243,B,E,6,E,"(4, 8, 11)",I,E,G#,E,280.375,52.0
2244,B,E,6,E,"(4, 8, 11)",I,E,G#,E,280.5,52.0
2245,B,E,6,E,"(4, 8, 11)",I,E,G#,E,280.625,52.0
2246,B,E,6,E,"(4, 8, 11)",I,E,G#,E,280.75,52.0
2247,B,E,6,E,"(4, 8, 11)",I,E,G#,E,280.875,52.0
2248,B,E,6,E,"(4, 8, 11)",I,E,G#,E,281.0,52.0
2249,B,E,6,E,"(4, 8, 11)",I,E,G#,E,281.125,52.0
2250,B,E,6,E,"(4, 8, 11)",I,E,G#,E,281.25,52.0
2251,B,E,6,E,"(4, 8, 11)",I,E,G#,E,281.375,52.0
2252,B,E,6,E,"(4, 8, 11)",I,E,G#,E,281.5,52.0
2253,B,E,6,E,"(4, 8, 11)",I,E,G#,E,281.625,52.0
2254,B,E,6,E,"(4, 8, 11)",I,E,G#,E,281.75,52.0
2255,B,E,6,E,"(4, 8, 11)",I,E,G#,E,281.875,52.0
2256,G#,C#,0,E,"(1, 4, 8)",vi,C#,E,E,282.0,53.0
2257,G#,C#,1,E,"(1, 4, 8)",vi,C#,E,c#,282.125,53.0
2258,G#,C#,2,E,"(1, 4, 8)",vi,C#,E,c#,282.25,53.0
2259,G#,C#,2,E,"(1, 4, 8)",vi,C#,E,c#,282.375,53.0
2260,G#,C#,3,E,"(1, 4, 8)",vi,C#,E,c#,282.5,53.0
2261,G#,C#,3,E,"(1, 4, 8)",vi,C#,E,c#,282.625,53.0
2262,G#,C#,3,E,"(1, 4, 8)",vi,C#,E,c#,282.75,53.0
2263,G#,C#,3,E,"(1, 4, 8)",vi,C#,E,c#,282.875,53.0
2264,G#,C#,4,E,"(1, 4, 8)",vi,C#,E,c#,283.0,53.0
2265,G#,C#,4,E,"(1, 4, 8)",vi,C#,E,c#,283.125,53.0
2266,G#,C#,4,E,"(1, 4, 8)",vi,C#,E,c#,283.25,53.0
2267,G#,C#,4,E,"(1, 4, 8)",vi,C#,E,c#,283.375,53.0
2268,G#,C#,4,E,"(1, 4, 8)",vi,C#,E,c#,283.5,53.0
2269,G#,C#,4,E,"(1, 4, 8)",vi,C#,E,c#,283.625,53.0
2270,G#,C#,4,E,"(1, 4, 8)",vi,C#,E,c#,283.75,53.0
2271,G#,C#,4,E,"(1, 4, 8)",vi,C#,E,c#,283.875,53.0
2272,G#,C#,5,E,"(1, 4, 8)",i,C#,E,c#,284.0,53.0
2273,G#,C#,5,E,"(1, 4, 8)",i,C#,E,c#,284.125,53.0
2274,G#,C#,5,E,"(1, 4, 8)",i,C#,E,c#,284.25,53.0
2275,G#,C#,5,E,"(1, 4, 8)",i,C#,E,c#,284.375,53.0
2276,G#,C#,5,E,"(1, 4, 8)",i,C#,E,c#,284.5,53.0
2277,G#,C#,5,E,"(1, 4, 8)",i,C#,E,c#,284.625,53.0
2278,G#,C#,5,E,"(1, 4, 8)",i,C#,E,c#,284.75,53.0
2279,G#,C#,5,E,"(1, 4, 8)",i,C#,E,c#,284.875,53.0
2280,G#,C#,5,E,"(1, 4, 8)",i,C#,E,c#,285.0,53.0
2281,G#,C#,5,E,"(1, 4, 8)",i,C#,E,c#,285.125,53.0
2282,G#,C#,5,E,"(1, 4, 8)",i,C#,E,c#,285.25,53.0
2283,G#,C#,5,E,"(1, 4, 8)",i,C#,E,c#,285.375,53.0
2284,G#,C#,5,E,"(1, 4, 8)",i,C#,E,c#,285.5,53.0
2285,G#,C#,5,E,"(1, 4, 8)",i,C#,E,c#,285.625,53.0
2286,G#,C#,5,E,"(1, 4, 8)",i,C#,E,c#,285.75,53.0
2287,G#,C#,5,E,"(1, 4, 8)",i,C#,E,c#,285.875,53.0
2288,G#,C#,5,E,"(1, 4, 8)",i,C#,E,c#,286.0,53.0
2289,G#,C#,5,E,"(1, 4, 8)",i,C#,E,c#,286.125,53.0
2290,G#,C#,5,E,"(1, 4, 8)",i,C#,E,c#,286.25,53.0
2291,G#,C#,5,E,"(1, 4, 8)",i,C#,E,c#,286.375,53.0
2292,G#,C#,6,E,"(1, 4, 8)",i,C#,E,c#,286.5,53.0
2293,G#,C#,6,E,"(1, 4, 8)",i,C#,E,c#,286.625,53.0
2294,G#,C#,6,E,"(1, 4, 8)",i,C#,E,c#,286.75,53.0
2295,G#,C#,6,E,"(1, 4, 8)",i,C#,E,c#,286.875,53.0
2296,G#,C#,6,E,"(1, 4, 8)",i,C#,E,c#,287.0,53.0
2297,G#,C#,6,E,"(1, 4, 8)",i,C#,E,c#,287.125,53.0
2298,G#,C#,6,E,"(1, 4, 8)",i,C#,E,c#,287.25,53.0
2299,G#,C#,6,E,"(1, 4, 8)",i,C#,E,c#,287.375,53.0
2300,E,G#,6,E,"(1, 4, 8)",i,C#,E,c#,287.5,53.0
2301,E,G#,6,E,"(1, 4, 8)",i,C#,E,c#,287.625,53.0
2302,E,G#,6,E,"(1, 4, 8)",i,C#,E,c#,287.75,53.0
2303,E,G#,6,E,"(1, 4, 8)",i,C#,E,c#,287.875,53.0
2304,D#,G#,0,c#,"(0, 3, 8)",V,G#,B#,c#,288.0,54.0
2305,D#,G#,1,c#,"(0, 3, 8)",V,G#,B#,c#,288.125,54.0
2306,D#,G#,2,c#,"(0, 3, 8)",V,G#,B#,c#,288.25,54.0
2307,D#,G#,2,c#,"(0, 3, 8)",V,G#,B#,c#,288.375,54.0
2308,D#,G#,3,c#,"(0, 3, 8)",V,G#,B#,c#,288.5,54.0
2309,D#,G#,3,c#,"(0, 3, 8)",V,G#,B#,c#,288.625,54.0
2310,D#,G#,3,c#,"(0, 3, 8)",V,G#,B#,c#,288.75,54.0
2311,D#,G#,3,c#,"(0, 3, 8)",V,G#,B#,c#,288.875,54.0
2312,D#,G#,4,c#,"(0, 3, 8)",V,G#,B#,c#,289.0,54.0
2313,D#,G#,4,c#,"(0, 3, 8)",V,G#,B#,c#,289.125,54.0
2314,D#,G#,4,c#,"(0, 3, 8)",V,G#,B#,c#,289.25,54.0
2315,D#,G#,4,c#,"(0, 3, 8)",V,G#,B#,c#,289.375,54.0
2316,D#,G#,4,c#,"(0, 3, 8)",V,G#,B#,c#,289.5,54.0
2317,D#,G#,4,c#,"(0, 3, 8)",V,G#,B#,c#,289.625,54.0
2318,D#,G#,4,c#,"(0, 3, 8)",V,G#,B#,c#,289.75,54.0
2319,D#,G#,4,c#,"(0, 3, 8)",V,G#,B#,c#,289.875,54.0
2320,D#,G#,5,E,"(0, 3, 8)",V,G#,B#,c#,290.0,54.0
2321,D#,G#,5,E,"(0, 3, 8)",V,G#,B#,c#,290.125,54.0
2322,D#,G#,5,E,"(0, 3, 8)",V,G#,B#,c#,290.25,54.0
2323,D#,G#,5,E,"(0, 3, 8)",V,G#,B#,c#,290.375,54.0
2324,D#,G#,5,E,"(0, 3, 8)",V,G#,B#,c#,290.5,54.0
2325,D#,G#,5,E,"(0, 3, 8)",V,G#,B#,c#,290.625,54.0
2326,D#,G#,5,E,"(0, 3, 8)",V,G#,B#,c#,290.75,54.0
2327,D#,G#,5,E,"(0, 3, 8)",V,G#,B#,c#,290.875,54.0
2328,D#,G#,5,E,"(0, 3, 8)",V,G#,B#,c#,291.0,54.0
2329,D#,G#,5,E,"(0, 3, 8)",V,G#,B#,c#,291.125,54.0
2330,D#,G#,5,E,"(0, 3, 8)",V,G#,B#,c#,291.25,54.0
2331,D#,G#,5,E,"(0, 3, 8)",V,G#,B#,c#,291.375,54.0
2332,D#,G#,5,E,"(0, 3, 8)",V,G#,B#,c#,291.5,54.0
2333,D#,G#,5,E,"(0, 3, 8)",V,G#,B#,c#,291.625,54.0
2334,D#,G#,5,E,"(0, 3, 8)",V,G#,B#,c#,291.75,54.0
2335,D#,G#,5,E,"(0, 3, 8)",V,G#,B#,c#,291.875,54.0
2336,D#,G#,4,E,"(0, 3, 8)",V,G#,B#,c#,292.0,54.0
2337,D#,G#,4,E,"(0, 3, 8)",V,G#,B#,c#,292.125,54.0
2338,D#,G#,4,E,"(0, 3, 8)",V,G#,B#,c#,292.25,54.0
2339,D#,G#,6,E,"(0, 3, 8)",V,G#,B#,c#,292.375,54.0
2340,D#,G#,4,E,"(0, 3, 8)",V,G#,B#,c#,292.5,54.0
2341,D#,G#,4,E,"(0, 3, 8)",V,G#,B#,c#,292.625,54.0
2342,D#,G#,4,E,"(0, 3, 8)",V,G#,B#,c#,292.75,54.0
2343,D#,G#,6,E,"(0, 3, 8)",V,G#,B#,c#,292.875,54.0
2344,D#,G#,6,E,"(0, 3, 6, 8)",V,G#,B#,c#,293.0,54.0
2345,D#,G#,6,E,"(0, 3, 6, 8)",V,G#,B#,c#,293.125,54.0
2346,D#,G#,6,E,"(0, 3, 6, 8)",V,G#,B#,c#,293.25,54.0
2347,D#,G#,6,E,"(0, 3, 6, 8)",V,G#,B#,c#,293.375,54.0
2348,D#,G#,6,E,"(0, 3, 6, 8)",V7,G#,B#,c#,293.5,54.0
2349,D#,G#,6,E,"(0, 3, 6, 8)",V7,G#,B#,c#,293.625,54.0
2350,D#,G#,6,E,"(0, 3, 6, 8)",V7,G#,B#,c#,293.75,54.0
2351,D#,G#,6,E,"(0, 3, 6, 8)",V7,G#,B#,c#,293.875,54.0
2352,G#,C#,0,E,"(1, 4, 8)",i,C#,E,c#,294.0,55.0
2353,G#,C#,1,E,"(1, 4, 8)",i,C#,E,c#,294.125,55.0
2354,G#,C#,2,E,"(1, 4, 8)",i,C#,E,c#,294.25,55.0
2355,G#,C#,2,E,"(1, 4, 8)",i,C#,E,c#,294.375,55.0
2356,G#,C#,3,E,"(1, 4, 8)",i,C#,E,c#,294.5,55.0
2357,G#,C#,3,E,"(1, 4, 8)",i,C#,E,c#,294.625,55.0
2358,G#,C#,3,E,"(1, 4, 8)",i,C#,E,c#,294.75,55.0
2359,G#,C#,3,E,"(1, 4, 8)",i,C#,E,c#,294.875,55.0
2360,G#,C#,4,E,"(1, 4, 8)",i,C#,E,c#,295.0,55.0
2361,G#,C#,4,E,"(1, 4, 8)",i,C#,E,c#,295.125,55.0
2362,G#,C#,4,E,"(1, 4, 8)",i,C#,E,c#,295.25,55.0
2363,G#,C#,4,E,"(1, 4, 8)",i,C#,E,c#,295.375,55.0
2364,G#,C#,4,E,"(1, 4, 8)",i,C#,E,c#,295.5,55.0
2365,G#,C#,4,E,"(1, 4, 8)",i,C#,E,c#,295.625,55.0
2366,G#,C#,4,E,"(1, 4, 8)",i,C#,E,c#,295.75,55.0
2367,G#,C#,4,E,"(1, 4, 8)",i,C#,E,c#,295.875,55.0
2368,G#,C#,5,E,"(1, 4, 8)",i,C#,E,c#,296.0,55.0
2369,G#,C#,5,E,"(1, 4, 8)",i,C#,E,c#,296.125,55.0
2370,G#,C#,5,E,"(1, 4, 8)",i,C#,E,c#,296.25,55.0
2371,G#,C#,5,E,"(1, 4, 8)",i,C#,E,c#,296.375,55.0
2372,G#,C#,5,E,"(1, 4, 8)",i,C#,E,c#,296.5,55.0
2373,G#,C#,5,E,"(1, 4, 8)",i,C#,E,c#,296.625,55.0
2374,G#,C#,5,E,"(1, 4, 8)",i,C#,E,c#,296.75,55.0
2375,G#,C#,5,E,"(1, 4, 8)",i,C#,E,c#,296.875,55.0
2376,E,A#,0,E,"(1, 4, 6, 10)",V7,F#,C#,B,297.0,55.0
2377,E,A#,1,E,"(1, 4, 6, 10)",V7,F#,C#,B,297.125,55.0
2378,E,A#,2,E,"(1, 4, 6, 10)",V7,F#,C#,B,297.25,55.0
2379,E,A#,2,E,"(1, 4, 6, 10)",V7,F#,C#,B,297.375,55.0
2380,E,A#,3,E,"(1, 4, 6, 10)",V7,F#,C#,B,297.5,55.0
2381,E,A#,3,E,"(1, 4, 6, 10)",V7,F#,C#,B,297.625,55.0
2382,E,A#,3,E,"(1, 4, 6, 10)",V7,F#,C#,B,297.75,55.0
2383,E,A#,3,E,"(1, 4, 6, 10)",V7,F#,C#,B,297.875,55.0
2384,E,A#,4,E,"(1, 4, 6, 10)",V7,F#,C#,B,298.0,55.0
2385,E,A#,4,E,"(1, 4, 6, 10)",V7,F#,C#,B,298.125,55.0
2386,E,A#,4,E,"(1, 4, 6, 10)",V7,F#,C#,B,298.25,55.0
2387,E,A#,4,E,"(1, 4, 6, 10)",V7,F#,C#,B,298.375,55.0
2388,E,A#,4,E,"(1, 4, 6, 10)",V7,F#,C#,B,298.5,55.0
2389,E,A#,4,E,"(1, 4, 6, 10)",V7,F#,C#,B,298.625,55.0
2390,E,A#,4,E,"(1, 4, 6, 10)",V7,F#,C#,B,298.75,55.0
2391,E,A#,4,E,"(1, 4, 6, 10)",V7,F#,C#,B,298.875,55.0
2392,E,F#,5,E,"(1, 4, 6, 10)",V7,E,C#,B,299.0,55.0
2393,E,F#,5,E,"(1, 4, 6, 10)",V7,E,C#,B,299.125,55.0
2394,E,F#,5,E,"(1, 4, 6, 10)",V7,E,C#,B,299.25,55.0
2395,E,F#,5,E,"(1, 4, 6, 10)",V7,E,C#,B,299.375,55.0
2396,E,F#,5,E,"(1, 4, 6, 10)",V7,E,C#,B,299.5,55.0
2397,E,F#,5,E,"(1, 4, 6, 10)",V7,E,C#,B,299.625,55.0
2398,E,F#,5,E,"(1, 4, 6, 10)",V7,E,C#,B,299.75,55.0
2399,E,F#,5,E,"(1, 4, 6, 10)",V7,E,C#,B,299.875,55.0
2400,G#,B,0,E,"(4, 8, 11)",I,E,E,E,300.0,56.0
2401,G#,B,1,E,"(4, 8, 11)",I,E,E,E,300.125,56.0
2402,G#,B,2,E,"(4, 8, 11)",I,E,E,E,300.25,56.0
2403,G#,B,2,E,"(4, 8, 11)",I,E,E,E,300.375,56.0
2404,G#,B,3,E,"(4, 8, 11)",I,E,E,E,300.5,56.0
2405,G#,B,3,E,"(4, 8, 11)",I,E,E,E,300.625,56.0
2406,G#,B,3,E,"(4, 8, 11)",I,E,E,E,300.75,56.0
2407,G#,B,3,E,"(4, 8, 11)",I,E,E,E,300.875,56.0
2408,G#,B,4,E,"(4, 8, 11)",I,E,E,E,301.0,56.0
2409,G#,B,4,E,"(4, 8, 11)",I,E,G#,E,301.125,56.0
2410,G#,B,4,E,"(4, 8, 11)",I,E,E,E,301.25,56.0
2411,G#,B,4,E,"(4, 8, 11)",I,E,G#,E,301.375,56.0
2412,E,G#,4,E,"(4, 8, 11)",I,E,B,E,301.5,56.0
2413,E,G#,4,E,"(4, 8, 11)",I,E,B,E,301.625,56.0
2414,E,G#,4,E,"(4, 8, 11)",I,E,B,E,301.75,56.0
2415,E,G#,4,E,"(4, 8, 11)",I,E,B,E,301.875,56.0
2416,E,G#,5,E,"(4, 8, 11)",I,E,B,E,302.0,56.0
2417,E,G#,5,E,"(4, 8, 11)",I,E,B,E,302.125,56.0
2418,E,G#,5,E,"(4, 8, 11)",I,E,B,E,302.25,56.0
2419,E,G#,5,E,"(4, 8, 11)",I,E,B,E,302.375,56.0
2420,E,G#,5,E,"(4, 8, 11)",I,E,B,E,302.5,56.0
2421,E,G#,5,E,"(4, 8, 11)",I,E,B,E,302.625,56.0
2422,E,G#,5,E,"(4, 8, 11)",I,E,B,E,302.75,56.0
2423,E,G#,5,E,"(4, 8, 11)",I,E,B,E,302.875,56.0
2424,C#,F##,0,E,"(1, 4, 7, 10)",viio7,E,A#,g#,303.0,56.0
2425,C#,F##,1,E,"(1, 4, 7, 10)",viio7,E,A#,g#,303.125,56.0
2426,C#,F##,2,E,"(1, 4, 7, 10)",viio7,E,A#,g#,303.25,56.0
2427,C#,F##,2,E,"(1, 4, 7, 10)",viio7,E,A#,g#,303.375,56.0
2428,C#,F##,3,E,"(1, 4, 7, 10)",viio7,E,A#,g#,303.5,56.0
2429,C#,F##,3,E,"(1, 4, 7, 10)",viio7,E,A#,g#,303.625,56.0
2430,C#,F##,3,E,"(1, 4, 7, 10)",viio7,E,A#,g#,303.75,56.0
2431,C#,F##,3,E,"(1, 4, 7, 10)",viio7,E,A#,g#,303.875,56.0
2432,C#,F##,4,E,"(1, 4, 7, 10)",viio7,E,A#,g#,304.0,56.0
2433,C#,F##,4,E,"(1, 4, 7, 10)",viio7,E,A#,g#,304.125,56.0
2434,C#,F##,4,E,"(1, 4, 7, 10)",viio7,E,A#,g#,304.25,56.0
2435,C#,F##,4,E,"(1, 4, 7, 10)",viio7,E,A#,g#,304.375,56.0
2436,D#,F#,0,E,"(3, 6, 9)",viio,D#,A,E,304.5,56.0
2437,D#,F#,1,E,"(3, 6, 9)",viio,D#,A,E,304.625,56.0
2438,D#,F#,2,E,"(3, 6, 9)",viio,D#,A,E,304.75,56.0
2439,D#,F#,2,E,"(3, 6, 9)",viio,D#,A,E,304.875,56.0
2440,D#,F#,3,E,"(3, 6, 9)",viio,D#,A,E,305.0,56.0
2441,D#,F#,3,E,"(3, 6, 9)",viio,D#,A,E,305.125,56.0
2442,D#,F#,3,E,"(3, 6, 9)",viio,D#,A,E,305.25,56.0
2443,D#,F#,3,E,"(3, 6, 9)",viio,D#,A,E,305.375,56.0
2444,D#,F#,4,E,"(3, 6, 9)",viio,D#,A,E,305.5,56.0
2445,D#,F#,4,E,"(3, 6, 9)",viio,D#,A,E,305.625,56.0
2446,D#,F#,4,E,"(3, 6, 9)",viio,D#,A,E,305.75,56.0
2447,D#,F#,4,E,"(3, 6, 9)",viio,D#,A,E,305.875,56.0
2448,B,E,0,E,"(4, 8, 11)",I,E,G#,E,306.0,57.0
2449,B,E,1,E,"(4, 8, 11)",I,E,G#,E,306.125,57.0
2450,B,E,2,E,"(4, 8, 11)",I,E,G#,E,306.25,57.0
2451,B,E,2,E,"(4, 8, 11)",I,E,G#,E,306.375,57.0
2452,B,E,3,E,"(4, 8, 11)",I,E,G#,E,306.5,57.0
2453,B,E,3,E,"(4, 8, 11)",I,E,G#,E,306.625,57.0
2454,B,E,3,E,"(4, 8, 11)",I,E,G#,E,306.75,57.0
2455,B,E,3,E,"(4, 8, 11)",I,E,G#,E,306.875,57.0
2456,B,E,4,E,"(4, 8, 11)",I,E,G#,E,307.0,57.0
2457,B,E,4,E,"(4, 8, 11)",I,E,G#,E,307.125,57.0
2458,B,E,4,E,"(4, 8, 11)",I,E,G#,E,307.25,57.0
2459,B,E,4,E,"(4, 8, 11)",I,E,G#,E,307.375,57.0
2460,E#,B,0,E,"(2, 5, 8, 11)",viio7,G#,D,f#,307.5,57.0
2461,E#,B,1,E,"(2, 5, 8, 11)",viio7,G#,D,f#,307.625,57.0
2462,E#,B,2,E,"(2, 5, 8, 11)",viio7,G#,D,f#,307.75,57.0
2463,E#,B,2,E,"(2, 5, 8, 11)",viio7,G#,D,f#,307.875,57.0
2464,E#,B,3,E,"(2, 5, 8, 11)",viio7,G#,D,f#,308.0,57.0
2465,E#,B,3,E,"(2, 5, 8, 11)",viio7,G#,D,f#,308.125,57.0
2466,E#,B,3,E,"(2, 5, 8, 11)",viio7,G#,D,f#,308.25,57.0
2467,E#,B,3,E,"(2, 5, 8, 11)",viio7,G#,D,f#,308.375,57.0
2468,E#,B,4,E,"(2, 5, 8, 11)",viio7,G#,D,f#,308.5,57.0
2469,E#,B,4,E,"(2, 5, 8, 11)",viio7,G#,D,f#,308.625,57.0
2470,E#,B,4,E,"(2, 5, 8, 11)",viio7,G#,D,f#,308.75,57.0
2471,E#,B,4,E,"(2, 5, 8, 11)",viio7,G#,D,f#,308.875,57.0
2472,F#,A,0,E,"(1, 6, 9)",ii,F#,C#,E,309.0,57.0
2473,F#,A,1,E,"(1, 6, 9)",ii,F#,C#,E,309.125,57.0
2474,F#,A,2,E,"(1, 6, 9)",ii,F#,C#,E,309.25,57.0
2475,F#,A,2,E,"(1, 6, 9)",ii,F#,C#,E,309.375,57.0
2476,F#,A,3,E,"(1, 6, 9)",ii,F#,C#,E,309.5,57.0
2477,F#,A,3,E,"(1, 6, 9)",ii,F#,C#,E,309.625,57.0
2478,F#,A,3,E,"(1, 6, 9)",ii,F#,C#,E,309.75,57.0
2479,F#,A,3,E,"(1, 6, 9)",ii,F#,C#,E,309.875,57.0
2480,F#,A,4,E,"(1, 6, 9)",ii,F#,C#,E,310.0,57.0
2481,F#,A,4,E,"(1, 6, 9)",ii,F#,C#,E,310.125,57.0
2482,F#,A,4,E,"(1, 6, 9)",ii,F#,C#,E,310.25,57.0
2483,F#,A,4,E,"(1, 6, 9)",ii,F#,C#,E,310.375,57.0
2484,B,E#,0,E,"(2, 5, 8, 11)",viio7,D,G#,f#,310.5,57.0
2485,B,E#,1,E,"(2, 5, 8, 11)",viio7,D,G#,f#,310.625,57.0
2486,B,E#,2,E,"(2, 5, 8, 11)",viio7,D,G#,f#,310.75,57.0
2487,B,E#,2,E,"(2, 5, 8, 11)",viio7,D,G#,f#,310.875,57.0
2488,B,E#,3,E,"(2, 5, 8, 11)",viio7,D,G#,f#,311.0,57.0
2489,B,E#,3,E,"(2, 5, 8, 11)",viio7,D,G#,f#,311.125,57.0
2490,B,E#,3,E,"(2, 5, 8, 11)",viio7,D,G#,f#,311.25,57.0
2491,B,E#,3,E,"(2, 5, 8, 11)",viio7,D,G#,f#,311.375,57.0
2492,B,E#,4,E,"(2, 5, 8, 11)",viio7,D,G#,f#,311.5,57.0
2493,B,E#,4,E,"(2, 5, 8, 11)",viio7,D,G#,f#,311.625,57.0
2494,B,E#,4,E,"(2, 5, 8, 11)",viio7,D,G#,f#,311.75,57.0
2495,B,E#,4,E,"(2, 5, 8, 11)",viio7,D,G#,f#,311.875,57.0
2496,C#,F#,0,E,"(1, 6, 9)",ii,F#,A,E,312.0,58.0
2497,C#,F#,1,E,"(1, 6, 9)",ii,F#,A,E,312.125,58.0
2498,C#,F#,2,E,"(1, 6, 9)",ii,F#,A,E,312.25,58.0
2499,C#,F#,2,E,"(1, 6, 9)",ii,F#,A,E,312.375,58.0
2500,C#,F#,3,E,"(1, 6, 9)",ii,F#,A,E,312.5,58.0
2501,C#,F#,3,E,"(1, 6, 9)",ii,F#,A,E,312.625,58.0
2502,C#,F#,3,E,"(1, 6, 9)",ii,F#,A,E,312.75,58.0
2503,C#,F#,3,E,"(1, 6, 9)",ii,F#,A,E,312.875,58.0
2504,C#,F#,4,E,"(1, 6, 9)",ii,F#,A,E,313.0,58.0
2505,C#,F#,4,E,"(1, 6, 9)",ii,F#,A,E,313.125,58.0
2506,C#,F#,4,E,"(1, 6, 9)",ii,F#,A,E,313.25,58.0
2507,C#,F#,4,E,"(1, 6, 9)",ii,F#,A,E,313.375,58.0
2508,C#,F#,4,E,"(1, 6, 9)",ii,F#,A,E,313.5,58.0
2509,C#,F#,4,E,"(1, 6, 9)",ii,F#,A,E,313.625,58.0
2510,C#,F#,4,E,"(1, 6, 9)",ii,F#,A,E,313.75,58.0
2511,C#,F#,4,E,"(1, 6, 9)",ii,F#,A,E,313.875,58.0
2512,C#,F#,5,E,"(1, 6, 9)",ii,F#,A,E,314.0,58.0
2513,C#,F#,5,E,"(1, 6, 9)",ii,F#,A,E,314.125,58.0
2514,C#,F#,5,E,"(1, 6, 9)",ii,F#,A,E,314.25,58.0
2515,C#,F#,5,E,"(1, 6, 9)",ii,F#,A,E,314.375,58.0
2516,C#,F#,5,E,"(1, 6, 9)",ii,F#,A,E,314.5,58.0
2517,C#,F#,5,E,"(1, 6, 9)",ii,F#,A,E,314.625,58.0
2518,C#,F#,5,E,"(1, 6, 9)",ii,F#,A,E,314.75,58.0
2519,C#,F#,5,E,"(1, 6, 9)",ii,F#,A,E,314.875,58.0
2520,F#,B,0,E,"(3, 6, 9, 11)",V7,A,D#,E,315.0,58.0
2521,F#,B,1,E,"(3, 6, 9, 11)",V7,A,D#,E,315.125,58.0
2522,F#,B,2,E,"(3, 6, 9, 11)",V7,A,D#,E,315.25,58.0
2523,F#,B,2,E,"(3, 6, 9, 11)",V7,A,D#,E,315.375,58.0
2524,F#,B,3,E,"(3, 6, 9, 11)",V7,A,D#,E,315.5,58.0
2525,F#,B,3,E,"(3, 6, 9, 11)",V7,A,D#,E,315.625,58.0
2526,F#,B,3,E,"(3, 6, 9, 11)",V7,A,D#,E,315.75,58.0
2527,F#,B,3,E,"(3, 6, 9, 11)",V7,A,D#,E,315.875,58.0
2528,F#,B,4,E,"(3, 6, 9, 11)",V7,A,D#,E,316.0,58.0
2529,F#,B,4,E,"(3, 6, 9, 11)",V7,A,D#,E,316.125,58.0
2530,F#,B,4,E,"(3, 6, 9, 11)",V7,A,D#,E,316.25,58.0
2531,F#,B,4,E,"(3, 6, 9, 11)",V7,A,D#,E,316.375,58.0
2532,F#,B,3,E,"(3, 6, 9, 11)",V7,A,D#,E,316.5,58.0
2533,F#,B,3,E,"(3, 6, 9, 11)",V7,A,D#,E,316.625,58.0
2534,F#,B,3,E,"(3, 6, 9, 11)",V7,A,D#,E,316.75,58.0
2535,F#,B,3,E,"(3, 6, 9, 11)",V7,A,D#,E,316.875,58.0
2536,F#,B,4,E,"(3, 6, 9, 11)",V7,A,D#,E,317.0,58.0
2537,F#,B,3,E,"(3, 6, 9, 11)",V7,A,D#,E,317.125,58.0
2538,F#,B,3,E,"(3, 6, 9, 11)",V7,A,D#,E,317.25,58.0
2539,F#,B,3,E,"(3, 6, 9, 11)",V7,A,D#,E,317.375,58.0
2540,F#,B,4,E,"(3, 6, 9, 11)",V7,A,D#,E,317.5,58.0
2541,F#,B,4,E,"(3, 6, 9, 11)",V7,A,D#,E,317.625,58.0
2542,F#,B,4,E,"(3, 6, 9, 11)",V7,A,D#,E,317.75,58.0
2543,F#,B,4,E,"(3, 6, 9, 11)",V7,A,D#,E,317.875,58.0
2544,B,E,0,E,"(4, 8, 11)",I,E,G#,E,318.0,59.0
2545,B,E,1,E,"(4, 8, 11)",I,E,G#,E,318.125,59.0
2546,B,E,2,E,"(4, 8, 11)",I,E,G#,E,318.25,59.0
2547,B,E,2,E,"(4, 8, 11)",I,E,G#,E,318.375,59.0
2548,B,E,3,E,"(4, 8, 11)",I,E,G#,E,318.5,59.0
2549,B,E,3,E,"(4, 8, 11)",I,E,G#,E,318.625,59.0
2550,B,E,3,E,"(4, 8, 11)",I,E,G#,E,318.75,59.0
2551,B,E,3,E,"(4, 8, 11)",I,E,G#,E,318.875,59.0
2552,B,E,4,E,"(4, 8, 11)",I,E,G#,E,319.0,59.0
2553,B,E,4,E,"(4, 8, 11)",I,E,G#,E,319.125,59.0
2554,B,E,4,E,"(4, 8, 11)",I,E,G#,E,319.25,59.0
2555,B,E,4,E,"(4, 8, 11)",I,E,G#,E,319.375,59.0
2556,B,E,4,E,"(4, 8, 11)",I,E,G#,E,319.5,59.0
2557,B,E,4,E,"(4, 8, 11)",I,E,G#,E,319.625,59.0
2558,B,E,4,E,"(4, 8, 11)",I,E,G#,E,319.75,59.0
2559,B,E,4,E,"(4, 8, 11)",I,E,G#,E,319.875,59.0
2560,B,E,5,E,"(4, 8, 11)",I,E,G#,E,320.0,59.0
2561,B,E,5,E,"(4, 8, 11)",I,E,G#,E,320.125,59.0
2562,B,E,2,E,"(4, 8, 11)",I,E,G#,E,320.25,59.0
2563,B,E,5,E,"(4, 8, 11)",I,E,G#,E,320.375,59.0
2564,B,E,5,E,"(4, 8, 11)",I,E,G#,E,320.5,59.0
2565,B,E,5,E,"(4, 8, 11)",I,E,G#,E,320.625,59.0
2566,B,E,5,E,"(4, 8, 11)",I,E,G#,E,320.75,59.0
2567,B,E,5,E,"(4, 8, 11)",I,E,G#,E,320.875,59.0
2568,E,G#,5,E,"(4, 8, 11)",I,E,B,E,321.0,59.0
2569,E,G#,5,E,"(4, 8, 11)",I,E,B,E,321.125,59.0
2570,E,G#,5,E,"(4, 8, 11)",I,E,B,E,321.25,59.0
2571,E,G#,5,E,"(4, 8, 11)",I,E,B,E,321.375,59.0
2572,E,G#,5,E,"(4, 8, 11)",I,E,B,E,321.5,59.0
2573,E,G#,5,E,"(4, 8, 11)",I,E,B,E,321.625,59.0
2574,E,G#,5,E,"(4, 8, 11)",I,E,B,E,321.75,59.0
2575,E,G#,5,E,"(4, 8, 11)",I,E,B,E,321.875,59.0
2576,E,G#,5,E,"(4, 8, 11)",I,E,B,E,322.0,59.0
2577,E,G#,5,E,"(4, 8, 11)",I,E,B,E,322.125,59.0
2578,E,G#,5,E,"(4, 8, 11)",I,E,B,E,322.25,59.0
2579,E,G#,5,E,"(4, 8, 11)",I,E,B,E,322.375,59.0
2580,E,E,5,E,"(4, 8, 11)",I,E,G#,E,322.5,59.0
2581,E,E,5,E,"(4, 8, 11)",I,E,G#,E,322.625,59.0
2582,E,E,5,E,"(4, 8, 11)",I,E,G#,E,322.75,59.0
2583,E,E,6,E,"(4, 8, 11)",I,E,G#,E,322.875,59.0
2584,E,E,5,E,"(4, 8, 11)",I,E,G#,E,323.0,59.0
2585,E,E,5,E,"(4, 8, 11)",I,E,G#,E,323.125,59.0
2586,E,E,5,E,"(4, 8, 11)",I,E,G#,E,323.25,59.0
2587,E,E,5,E,"(4, 8, 11)",I,E,G#,E,323.375,59.0
2588,E,E,5,E,"(4, 8, 11)",I,E,G#,E,323.5,59.0
2589,E,E,5,E,"(4, 8, 11)",I,E,G#,E,323.625,59.0
2590,E,E,5,E,"(4, 8, 11)",I,E,G#,E,323.75,59.0
2591,E,E,5,E,"(4, 8, 11)",I,E,G#,E,323.875,59.0
2592,B,E,0,E,"(4, 8, 11)",I,E,G#,E,324.0,60.0
2593,B,E,1,E,"(4, 8, 11)",I,E,G#,E,324.125,60.0
2594,B,E,2,E,"(4, 8, 11)",I,E,G#,E,324.25,60.0
2595,B,E,2,E,"(4, 8, 11)",I,E,G#,E,324.375,60.0
2596,B,E,3,E,"(4, 8, 11)",I,E,G#,E,324.5,60.0
2597,B,E,3,E,"(4, 8, 11)",I,E,G#,E,324.625,60.0
2598,B,E,3,E,"(4, 8, 11)",I,E,G#,E,324.75,60.0
2599,B,E,3,E,"(4, 8, 11)",I,E,G#,E,324.875,60.0
2600,B,E,4,E,"(4, 8, 11)",I,E,G#,E,325.0,60.0
2601,B,E,4,E,"(4, 8, 11)",I,E,G#,E,325.125,60.0
2602,B,E,4,E,"(4, 8, 11)",I,E,G#,E,325.25,60.0
2603,B,E,4,E,"(4, 8, 11)",I,E,G#,E,325.375,60.0
2604,B,E,4,E,"(4, 8, 11)",I,E,G#,E,325.5,60.0
2605,B,E,4,E,"(4, 8, 11)",I,E,G#,E,325.625,60.0
2606,B,E,4,E,"(4, 8, 11)",I,E,G#,E,325.75,60.0
2607,B,E,4,E,"(4, 8, 11)",I,E,G#,E,325.875,60.0
2608,B,E,5,E,"(4, 8, 11)",I,E,G#,E,326.0,60.0
2609,B,E,5,E,"(4, 8, 11)",I,E,G#,E,326.125,60.0
2610,B,E,5,E,"(4, 8, 11)",I,E,G#,E,326.25,60.0
2611,B,E,5,E,"(4, 8, 11)",I,E,G#,E,326.375,60.0
2612,B,E,5,E,"(4, 8, 11)",I,E,G#,E,326.5,60.0
2613,B,E,5,E,"(4, 8, 11)",I,E,G#,E,326.625,60.0
2614,B,E,5,E,"(4, 8, 11)",I,E,G#,E,326.75,60.0
2615,B,E,5,E,"(4, 8, 11)",I,E,G#,E,326.875,60.0
2616,E,G#,5,E,"(4, 8, 11)",I,E,B,E,327.0,60.0
2617,E,G#,5,E,"(4, 8, 11)",I,E,B,E,327.125,60.0
2618,E,G#,5,E,"(4, 8, 11)",I,E,B,E,327.25,60.0
2619,E,G#,5,E,"(4, 8, 11)",I,E,B,E,327.375,60.0
2620,E,G#,5,E,"(4, 8, 11)",I,E,B,E,327.5,60.0
2621,E,G#,5,E,"(4, 8, 11)",I,E,B,E,327.625,60.0
2622,E,G#,5,E,"(4, 8, 11)",I,E,B,E,327.75,60.0
2623,E,G#,5,E,"(4, 8, 11)",I,E,B,E,327.875,60.0
2624,E,G#,5,E,"(4, 8, 11)",I,E,B,E,328.0,60.0
2625,E,G#,5,E,"(4, 8, 11)",I,E,B,E,328.125,60.0
2626,E,G#,5,E,"(4, 8, 11)",I,E,B,E,328.25,60.0
2627,E,G#,5,E,"(4, 8, 11)",I,E,B,E,328.375,60.0
2628,B,E,6,E,"(4, 8, 11)",I,E,G#,E,328.5,60.0
2629,B,E,6,E,"(4, 8, 11)",I,E,G#,E,328.625,60.0
2630,B,E,6,E,"(4, 8, 11)",I,E,G#,E,328.75,60.0
2631,B,E,6,E,"(4, 8, 11)",I,E,G#,E,328.875,60.0
2632,B,E,5,E,"(4, 8, 11)",I,E,G#,E,329.0,60.0
2633,B,E,5,E,"(4, 8, 11)",I,E,G#,E,329.125,60.0
2634,B,E,5,E,"(4, 8, 11)",I,E,G#,E,329.25,60.0
2635,B,E,5,E,"(4, 8, 11)",I,E,G#,E,329.375,60.0
2636,B,E,6,E,"(4, 8, 11)",I,E,G#,E,329.5,60.0
2637,B,E,6,E,"(4, 8, 11)",I,E,G#,E,329.625,60.0
2638,B,E,6,E,"(4, 8, 11)",I,E,G#,E,329.75,60.0
2639,B,E,6,E,"(4, 8, 11)",I,E,G#,E,329.875,60.0
2640,B,B,0,E,"(4, 8, 11)",I,E,E,E,330.0,61.0
2641,B,B,1,E,"(4, 8, 11)",I,E,E,E,330.125,61.0
2642,B,B,2,E,"(4, 8, 11)",I,E,E,E,330.25,61.0
2643,B,B,2,E,"(4, 8, 11)",I,E,E,E,330.375,61.0
2644,B,B,3,E,"(4, 8, 11)",I,E,E,E,330.5,61.0
2645,B,B,3,E,"(4, 8, 11)",I,E,E,E,330.625,61.0
2646,B,B,3,E,"(4, 8, 11)",I,E,E,E,330.75,61.0
2647,B,B,3,E,"(4, 8, 11)",I,E,E,E,330.875,61.0
2648,B,B,4,E,"(4, 8, 11)",I,E,E,E,331.0,61.0
2649,B,B,4,E,"(4, 8, 11)",I,E,E,E,331.125,61.0
2650,B,B,4,E,"(4, 8, 11)",I,E,E,E,331.25,61.0
2651,B,B,4,E,"(4, 8, 11)",I,E,E,E,331.375,61.0
2652,E,G#,4,E,"(4, 8, 11)",I,E,B,E,331.5,61.0
2653,E,G#,4,E,"(4, 8, 11)",I,E,B,E,331.625,61.0
2654,E,G#,4,E,"(4, 8, 11)",I,E,B,E,331.75,61.0
2655,E,G#,4,E,"(4, 8, 11)",I,E,B,E,331.875,61.0
2656,E,G#,5,E,"(4, 8, 11)",I,E,B,E,332.0,61.0
2657,E,G#,5,E,"(4, 8, 11)",I,E,B,E,332.125,61.0
2658,E,G#,5,E,"(4, 8, 11)",I,E,B,E,332.25,61.0
2659,E,G#,5,E,"(4, 8, 11)",I,E,B,E,332.375,61.0
2660,E,G#,5,E,"(4, 8, 11)",I,E,B,E,332.5,61.0
2661,E,G#,5,E,"(4, 8, 11)",I,E,B,E,332.625,61.0
2662,E,G#,5,E,"(4, 8, 11)",I,E,B,E,332.75,61.0
2663,E,G#,5,E,"(4, 8, 11)",I,E,B,E,332.875,61.0
2664,B,E,5,E,"(4, 8, 11)",I,E,G#,E,333.0,61.0
2665,B,E,5,E,"(4, 8, 11)",I,E,G#,E,333.125,61.0
2666,B,E,5,E,"(4, 8, 11)",I,E,G#,E,333.25,61.0
2667,B,E,5,E,"(4, 8, 11)",I,E,G#,E,333.375,61.0
2668,B,E,5,E,"(4, 8, 11)",I,E,G#,E,333.5,61.0
2669,B,E,5,E,"(4, 8, 11)",I,E,G#,E,333.625,61.0
2670,B,E,5,E,"(4, 8, 11)",I,E,G#,E,333.75,61.0
2671,B,E,5,E,"(4, 8, 11)",I,E,G#,E,333.875,61.0
2672,B,E,6,E,"(4, 8, 11)",I,E,G#,E,334.0,61.0
2673,B,E,6,E,"(4, 8, 11)",I,E,G#,E,334.125,61.0
2674,B,E,6,E,"(4, 8, 11)",I,E,G#,E,334.25,61.0
2675,B,E,6,E,"(4, 8, 11)",I,E,G#,E,334.375,61.0
2676,B,E,6,E,"(4, 8, 11)",I,E,G#,E,334.5,61.0
2677,B,E,6,E,"(4, 8, 11)",I,E,G#,E,334.625,61.0
2678,B,E,6,E,"(4, 8, 11)",I,E,G#,E,334.75,61.0
2679,B,E,6,E,"(4, 8, 11)",I,E,G#,E,334.875,61.0
2680,B,E,6,E,"(4, 8, 11)",I,E,G#,E,335.0,61.0
2681,B,E,6,E,"(4, 8, 11)",I,E,G#,E,335.125,61.0
2682,B,E,6,E,"(4, 8, 11)",I,E,G#,E,335.25,61.0
2683,B,E,6,E,"(4, 8, 11)",I,E,G#,E,335.375,61.0
2684,B,E,6,E,"(4, 8, 11)",I,E,G#,E,335.5,61.0
2685,B,E,6,E,"(4, 8, 11)",I,E,G#,E,335.625,61.0
2686,B,E,6,E,"(4, 8, 11)",I,E,G#,E,335.75,61.0
2687,B,E,6,E,"(4, 8, 11)",I,E,G#,E,335.875,61.0
2688,B,E,6,E,"(4, 8, 11)",I,E,G#,E,336.0,62.0
2689,B,E,6,E,"(4, 8, 11)",I,E,G#,E,336.125,62.0
2690,B,E,6,E,"(4, 8, 11)",I,E,G#,E,336.25,62.0
2691,B,E,6,E,"(4, 8, 11)",I,E,G#,E,336.375,62.0
2692,B,E,6,E,"(4, 8, 11)",I,E,G#,E,336.5,62.0
2693,B,E,6,E,"(4, 8, 11)",I,E,G#,E,336.625,62.0
2694,B,E,6,E,"(4, 8, 11)",I,E,G#,E,336.75,62.0
2695,B,E,6,E,"(4, 8, 11)",I,E,G#,E,336.875,62.0
2696,B,E,6,E,"(4, 8, 11)",I,E,G#,E,337.0,62.0
2697,B,E,6,E,"(4, 8, 11)",I,E,G#,E,337.125,62.0
2698,B,E,6,E,"(4, 8, 11)",I,E,G#,E,337.25,62.0
2699,B,E,6,E,"(4, 8, 11)",I,E,G#,E,337.375,62.0
2700,B,E,6,E,"(4, 8, 11)",I,E,G#,E,337.5,62.0
2701,B,E,6,E,"(4, 8, 11)",I,E,G#,E,337.625,62.0
2702,B,E,6,E,"(4, 8, 11)",I,E,G#,E,337.75,62.0
2703,B,E,6,E,"(4, 8, 11)",I,E,G#,E,337.875,62.0
2704,B,E,5,E,"(4, 8, 11)",I,E,G#,E,338.0,62.0
2705,B,E,5,E,"(4, 8, 11)",I,E,G#,E,338.125,62.0
2706,B,E,5,E,"(4, 8, 11)",I,E,G#,E,338.25,62.0
2707,B,E,5,E,"(4, 8, 11)",I,E,G#,E,338.375,62.0
2708,B,E,5,E,"(4, 8, 11)",I,E,G#,E,338.5,62.0
2709,B,E,5,E,"(4, 8, 11)",I,E,G#,E,338.625,62.0
2710,B,E,5,E,"(4, 8, 11)",I,E,G#,E,338.75,62.0
2711,B,E,5,E,"(4, 8, 11)",I,E,G#,E,338.875,62.0
2712,B,E,6,E,"(4, 8, 11)",I,E,G#,E,339.0,62.0
2713,B,E,6,E,"(4, 8, 11)",I,E,G#,E,339.125,62.0
2714,B,E,6,E,"(4, 8, 11)",I,E,G#,E,339.25,62.0
2715,B,E,6,E,"(4, 8, 11)",I,E,G#,E,339.375,62.0
2716,B,E,6,E,"(4, 8, 11)",I,E,G#,E,339.5,62.0
2717,B,E,6,E,"(4, 8, 11)",I,E,G#,E,339.625,62.0
2718,B,E,6,E,"(4, 8, 11)",I,E,G#,E,339.75,62.0
2719,B,E,6,E,"(4, 8, 11)",I,E,G#,E,339.875,62.0
2720,B,E,6,E,"(4, 8, 11)",I,E,G#,E,340.0,62.0
2721,B,E,6,E,"(4, 8, 11)",I,E,G#,E,340.125,62.0
2722,B,E,6,E,"(4, 8, 11)",I,E,G#,E,340.25,62.0
2723,B,E,6,E,"(4, 8, 11)",I,E,G#,E,340.375,62.0
2724,B,E,6,E,"(4, 8, 11)",I,E,G#,E,340.5,62.0
2725,B,E,6,E,"(4, 8, 11)",I,E,G#,E,340.625,62.0
2726,B,E,6,E,"(4, 8, 11)",I,E,G#,E,340.75,62.0
2727,B,E,6,E,"(4, 8, 11)",I,E,G#,E,340.875,62.0
2728,B,E,6,E,"(4, 8, 11)",I,E,G#,E,341.0,62.0
2729,B,E,6,E,"(4, 8, 11)",I,E,G#,E,341.125,62.0
2730,B,E,6,E,"(4, 8, 11)",I,E,G#,E,341.25,62.0
2731,B,E,6,E,"(4, 8, 11)",I,E,G#,E,341.375,62.0
2732,B,E,6,E,"(4, 8, 11)",I,E,G#,E,341.5,62.0
2733,B,E,6,E,"(4, 8, 11)",I,E,G#,E,341.625,62.0
2734,B,E,6,E,"(4, 8, 11)",I,E,G#,E,341.75,62.0
2735,B,E,6,E,"(4, 8, 11)",I,E,G#,E,341.875,62.0
2736,B,E,6,E,"(4, 8, 11)",I,E,G#,E,342.0,63.0
2737,B,E,6,E,"(4, 8, 11)",I,E,G#,E,342.125,63.0
2738,B,E,6,E,"(4, 8, 11)",I,E,G#,E,342.25,63.0
2739,B,E,6,E,"(4, 8, 11)",I,E,G#,E,342.375,63.0
2740,B,E,6,E,"(4, 8, 11)",I,E,G#,E,342.5,63.0
2741,B,E,6,E,"(4, 8, 11)",I,E,G#,E,342.625,63.0
2742,B,E,6,E,"(4, 8, 11)",I,E,G#,E,342.75,63.0
2743,B,E,6,E,"(4, 8, 11)",I,E,G#,E,342.875,63.0
2744,B,E,6,E,"(4, 8, 11)",I,E,G#,E,343.0,63.0
2745,B,E,6,E,"(4, 8, 11)",I,E,G#,E,343.125,63.0
2746,B,E,6,E,"(4, 8, 11)",I,E,G#,E,343.25,63.0
2747,B,E,6,E,"(4, 8, 11)",I,E,G#,E,343.375,63.0
2748,B,E,6,E,"(4, 8, 11)",I,E,G#,E,343.5,63.0
2749,B,E,6,E,"(4, 8, 11)",I,E,G#,E,343.625,63.0
2750,B,E,6,E,"(4, 8, 11)",I,E,G#,E,343.75,63.0
2751,B,E,6,E,"(4, 8, 11)",I,E,G#,E,343.875,63.0
2752,B,E,6,E,"(4, 8, 11)",I,E,G#,E,344.0,63.0
2753,B,E,6,E,"(4, 8, 11)",I,E,G#,E,344.125,63.0
2754,B,E,6,E,"(4, 8, 11)",I,E,G#,E,344.25,63.0
2755,B,E,6,E,"(4, 8, 11)",I,E,G#,E,344.375,63.0
2756,B,E,6,E,"(4, 8, 11)",I,E,G#,E,344.5,63.0
2757,B,E,6,E,"(4, 8, 11)",I,E,G#,E,344.625,63.0
2758,B,E,6,E,"(4, 8, 11)",I,E,G#,E,344.75,63.0
2759,B,E,6,E,"(4, 8, 11)",I,E,G#,E,344.875,63.0
2760,B,E,6,E,"(4, 8, 11)",I,E,G#,E,345.0,63.0
2761,B,E,6,E,"(4, 8, 11)",I,E,G#,E,345.125,63.0
2762,B,E,6,E,"(4, 8, 11)",I,E,G#,E,345.25,63.0
2763,B,E,6,E,"(4, 8, 11)",I,E,G#,E,345.375,63.0
2764,B,E,6,E,"(4, 8, 11)",I,E,G#,E,345.5,63.0
2765,B,E,6,E,"(4, 8, 11)",I,E,G#,E,345.625,63.0
2766,B,E,6,E,"(4, 8, 11)",I,E,G#,E,345.75,63.0
2767,B,E,6,E,"(4, 8, 11)",I,E,G#,E,345.875,63.0
2768,B,E,6,E,"(4, 8, 11)",I,E,G#,E,346.0,63.0
2769,B,E,6,E,"(4, 8, 11)",I,E,G#,E,346.125,63.0
2770,B,E,6,E,"(4, 8, 11)",I,E,G#,E,346.25,63.0
2771,B,E,6,E,"(4, 8, 11)",I,E,G#,E,346.375,63.0
2772,B,E,6,E,"(4, 8, 11)",I,E,G#,E,346.5,63.0
2773,B,E,6,E,"(4, 8, 11)",I,E,G#,E,346.625,63.0
2774,B,E,6,E,"(4, 8, 11)",I,E,G#,E,346.75,63.0
2775,B,E,6,E,"(4, 8, 11)",I,E,G#,E,346.875,63.0
2776,B,E,6,E,"(4, 8, 11)",I,E,G#,E,347.0,63.0
2777,B,E,6,E,"(4, 8, 11)",I,E,G#,E,347.125,63.0
2778,B,E,6,E,"(4, 8, 11)",I,E,G#,E,347.25,63.0
2779,B,E,6,E,"(4, 8, 11)",I,E,G#,E,347.375,63.0
2780,B,E,6,E,"(4, 8, 11)",I,E,G#,E,347.5,63.0
2781,B,E,6,E,"(4, 8, 11)",I,E,G#,E,347.625,63.0
2782,B,E,6,E,"(4, 8, 11)",I,E,G#,E,347.75,63.0
2783,B,E,6,E,"(4, 8, 11)",I,E,G#,E,347.875,63.0
2784,C--,C--,6,A,"(0, 1, 5, 8)",Cad,C--,C--,A,,
2785,C--,C--,6,A,"(0, 1, 5, 8)",Cad,C--,C--,A,,
2786,C--,C--,6,A,"(0, 1, 5, 8)",Cad,C--,C--,A,,
2787,C--,C--,6,A,"(0, 1, 5, 8)",Cad,C--,C--,A,,
2788,C--,C--,6,A,"(0, 1, 5, 8)",Cad,C--,C--,A,,
2789,C--,C--,6,A,"(0, 1, 5, 8)",Cad,C--,C--,A,,
2790,C--,C--,6,A,"(0, 1, 5, 8)",Cad,C--,C--,A,,
2791,C--,C--,6,A,"(0, 1, 5, 8)",Cad,C--,C--,A,,
2792,C--,C--,6,A,"(0, 1, 5, 8)",Cad,C--,C--,A,,
2793,C--,C--,6,A,"(0, 1, 5, 8)",Cad,C--,C--,A,,
2794,C--,C--,6,A,"(0, 1, 5, 8)",Cad,C--,C--,A,,
2795,C--,C--,6,A,"(0, 1, 5, 8)",Cad,C--,C--,A,,
2796,C--,C--,6,A,"(0, 1, 5, 8)",Cad,C--,C--,A,,
2797,C--,C--,6,A,"(0, 1, 5, 8)",Cad,C--,C--,A,,
2798,C--,C--,6,A,"(0, 1, 5, 8)",Cad,C--,C--,A,,
2799,C--,C--,6,A,"(0, 1, 5, 8)",Cad,C--,C--,A,,
2800,C--,C--,6,A,"(0, 1, 5, 8)",Cad,C--,C--,A,,
2801,C--,C--,6,A,"(0, 1, 5, 8)",Cad,C--,C--,A,,
2802,C--,C--,6,A,"(0, 1, 5, 8)",Cad,C--,C--,A,,
2803,C--,C--,6,A,"(0, 1, 5, 8)",Cad,C--,C--,A,,
2804,C--,C--,6,A,"(0, 1, 5, 8)",Cad,C--,C--,A,,
2805,C--,C--,6,A,"(0, 1, 5, 8)",Cad,C--,C--,A,,
2806,C--,C--,6,A,"(0, 1, 5, 8)",Cad,C--,C--,A,,
2807,C--,C--,6,A,"(0, 1, 5, 8)",Cad,C--,C--,A,,
2808,C--,C--,6,A,"(0, 1, 5, 8)",Cad,C--,C--,A,,
2809,C--,C--,6,A,"(0, 1, 5, 8)",Cad,C--,C--,A,,
2810,C--,C--,6,A,"(0, 1, 5, 8)",Cad,C--,C--,A,,
2811,C--,C--,6,A,"(0, 1, 5, 8)",Cad,C--,C--,A,,
2812,C--,C--,6,A,"(0, 1, 5, 8)",Cad,C--,C--,A,,
2813,C--,C--,6,A,"(0, 1, 5, 8)",Cad,C--,C--,A,,
2814,C--,C--,6,A,"(0, 1, 5, 8)",Cad,C--,C--,A,,
2815,C--,C--,6,A,"(0, 1, 5, 8)",Cad,C--,C--,A,,
2816,C--,C--,6,A,"(0, 1, 5, 8)",Cad,C--,C--,A,,
2817,C--,C--,6,A,"(0, 1, 5, 8)",Cad,C--,C--,A,,
2818,C--,C--,6,A,"(0, 1, 5, 8)",Cad,C--,C--,A,,
2819,C--,C--,6,A,"(0, 1, 5, 8)",Cad,C--,C--,A,,
2820,C--,C--,6,A,"(0, 1, 5, 8)",Cad,C--,C--,A,,
2821,C--,C--,6,A,"(0, 1, 5, 8)",Cad,C--,C--,A,,
2822,C--,C--,6,A,"(0, 1, 5, 8)",Cad,C--,C--,A,,
2823,C--,C--,6,A,"(0, 1, 5, 8)",Cad,C--,C--,A,,
2824,C--,C--,6,A,"(0, 1, 5, 8)",Cad,C--,C--,A,,
2825,C--,C--,6,A,"(0, 1, 5, 8)",Cad,C--,C--,A,,
2826,C--,C--,6,A,"(0, 1, 5, 8)",Cad,C--,C--,A,,
2827,C--,C--,6,A,"(0, 1, 5, 8)",Cad,C--,C--,A,,
2828,C--,C--,6,A,"(0, 1, 5, 8)",Cad,C--,C--,A,,
2829,C--,C--,6,A,"(0, 1, 5, 8)",Cad,C--,C--,A,,
2830,C--,C--,6,A,"(0, 1, 5, 8)",Cad,C--,C--,A,,
2831,C--,C--,6,A,"(0, 1, 5, 8)",Cad,C--,C--,A,,
2832,C--,C--,6,A,"(0, 1, 5, 8)",Cad,C--,C--,A,,
2833,C--,C--,6,A,"(0, 1, 5, 8)",Cad,C--,C--,A,,
2834,C--,C--,6,A,"(0, 1, 5, 8)",Cad,C--,C--,A,,
2835,C--,C--,6,A,"(0, 1, 5, 8)",Cad,C--,C--,A,,
2836,C--,C--,6,A,"(0, 1, 5, 8)",Cad,C--,C--,A,,
2837,C--,C--,6,A,"(0, 1, 5, 8)",Cad,C--,C--,A,,
2838,C--,C--,6,A,"(0, 1, 5, 8)",Cad,C--,C--,A,,
2839,C--,C--,6,A,"(0, 1, 5, 8)",Cad,C--,C--,A,,
2840,C--,C--,6,A,"(0, 1, 5, 8)",Cad,C--,C--,A,,
2841,C--,C--,6,A,"(0, 1, 5, 8)",Cad,C--,C--,A,,
2842,C--,C--,6,A,"(0, 1, 5, 8)",Cad,C--,C--,A,,
2843,C--,C--,6,A,"(0, 1, 5, 8)",Cad,C--,C--,A,,
2844,C--,C--,6,A,"(0, 1, 5, 8)",Cad,C--,C--,A,,
2845,C--,C--,6,A,"(0, 1, 5, 8)",Cad,C--,C--,A,,
2846,C--,C--,6,A,"(0, 1, 5, 8)",Cad,C--,C--,A,,
2847,C--,C--,6,A,"(0, 1, 5, 8)",Cad,C--,C--,A,,
2848,C--,C--,6,A,"(0, 1, 5, 8)",Cad,C--,C--,A,,
2849,C--,C--,6,A,"(0, 1, 5, 8)",Cad,C--,C--,A,,
2850,C--,C--,6,A,"(0, 1, 5, 8)",Cad,C--,C--,A,,
2851,C--,C--,6,A,"(0, 1, 5, 8)",Cad,C--,C--,A,,
2852,C--,C--,6,A,"(0, 1, 5, 8)",Cad,C--,C--,A,,
2853,C--,C--,6,A,"(0, 1, 5, 8)",Cad,C--,C--,A,,
2854,C--,C--,6,A,"(0, 1, 5, 8)",Cad,C--,C--,A,,
2855,C--,C--,6,A,"(0, 1, 5, 8)",Cad,C--,C--,A,,
2856,C--,C--,6,A,"(0, 1, 5, 8)",Cad,C--,C--,A,,
2857,C--,C--,6,A,"(0, 1, 5, 8)",Cad,C--,C--,A,,
2858,C--,C--,6,A,"(0, 1, 5, 8)",Cad,C--,C--,A,,
2859,C--,C--,6,A,"(0, 1, 5, 8)",Cad,C--,C--,A,,
2860,C--,C--,6,A,"(0, 1, 5, 8)",Cad,C--,C--,A,,
2861,C--,C--,6,A,"(0, 1, 5, 8)",Cad,C--,C--,A,,
2862,C--,C--,6,A,"(0, 1, 5, 8)",Cad,C--,C--,A,,
2863,C--,C--,6,A,"(0, 1, 5, 8)",Cad,C--,C--,A,,
2864,C--,C--,6,A,"(0, 1, 5, 8)",Cad,C--,C--,A,,
2865,C--,C--,6,A,"(0, 1, 5, 8)",Cad,C--,C--,A,,
2866,C--,C--,6,A,"(0, 1, 5, 8)",Cad,C--,C--,A,,
2867,C--,C--,6,A,"(0, 1, 5, 8)",Cad,C--,C--,A,,
2868,C--,C--,6,A,"(0, 1, 5, 8)",Cad,C--,C--,A,,
2869,C--,C--,6,A,"(0, 1, 5, 8)",Cad,C--,C--,A,,
2870,C--,C--,6,A,"(0, 1, 5, 8)",Cad,C--,C--,A,,
2871,C--,C--,6,A,"(0, 1, 5, 8)",Cad,C--,C--,A,,
2872,C--,C--,6,A,"(0, 1, 5, 8)",Cad,C--,C--,A,,
2873,C--,C--,6,A,"(0, 1, 5, 8)",Cad,C--,C--,A,,
2874,C--,C--,6,A,"(0, 1, 5, 8)",Cad,C--,C--,A,,
2875,C--,C--,6,A,"(0, 1, 5, 8)",Cad,C--,C--,A,,
2876,C--,C--,6,A,"(0, 1, 5, 8)",Cad,C--,C--,A,,
2877,C--,C--,6,A,"(0, 1, 5, 8)",Cad,C--,C--,A,,
2878,C--,C--,6,A,"(0, 1, 5, 8)",Cad,C--,C--,A,,
2879,C--,C--,6,A,"(0, 1, 5, 8)",Cad,C--,C--,A,,
2880,C--,C--,6,A,"(0, 1, 5, 8)",Cad,C--,C--,A,,
2881,C--,C--,6,A,"(0, 1, 5, 8)",Cad,C--,C--,A,,
2882,C--,C--,6,A,"(0, 1, 5, 8)",Cad,C--,C--,A,,
2883,C--,C--,6,A,"(0, 1, 5, 8)",Cad,C--,C--,A,,
2884,C--,C--,6,A,"(0, 1, 5, 8)",Cad,C--,C--,A,,
2885,C--,C--,6,A,"(0, 1, 5, 8)",Cad,C--,C--,A,,
2886,C--,C--,6,A,"(0, 1, 5, 8)",Cad,C--,C--,A,,
2887,C--,C--,6,A,"(0, 1, 5, 8)",Cad,C--,C--,A,,
2888,C--,C--,6,A,"(0, 1, 5, 8)",Cad,C--,C--,A,,
2889,C--,C--,6,A,"(0, 1, 5, 8)",Cad,C--,C--,A,,
2890,C--,C--,6,A,"(0, 1, 5, 8)",Cad,C--,C--,A,,
2891,C--,C--,6,A,"(0, 1, 5, 8)",Cad,C--,C--,A,,
2892,C--,C--,6,A,"(0, 1, 5, 8)",Cad,C--,C--,A,,
2893,C--,C--,6,A,"(0, 1, 5, 8)",Cad,C--,C--,A,,
2894,C--,C--,6,A,"(0, 1, 5, 8)",Cad,C--,C--,A,,
2895,C--,C--,6,A,"(0, 1, 5, 8)",Cad,C--,C--,A,,
2896,C--,C--,6,A,"(0, 1, 5, 8)",Cad,C--,C--,A,,
2897,C--,C--,6,A,"(0, 1, 5, 8)",Cad,C--,C--,A,,
2898,C--,C--,6,A,"(0, 1, 5, 8)",Cad,C--,C--,A,,
2899,C--,C--,6,A,"(0, 1, 5, 8)",Cad,C--,C--,A,,
2900,C--,C--,6,A,"(0, 1, 5, 8)",Cad,C--,C--,A,,
2901,C--,C--,6,A,"(0, 1, 5, 8)",Cad,C--,C--,A,,
2902,C--,C--,6,A,"(0, 1, 5, 8)",Cad,C--,C--,A,,
2903,C--,C--,6,A,"(0, 1, 5, 8)",Cad,C--,C--,A,,
2904,C--,C--,6,A,"(0, 1, 5, 8)",Cad,C--,C--,A,,
2905,C--,C--,6,A,"(0, 1, 5, 8)",Cad,C--,C--,A,,
2906,C--,C--,6,A,"(0, 1, 5, 8)",Cad,C--,C--,A,,
2907,C--,C--,6,A,"(0, 1, 5, 8)",Cad,C--,C--,A,,
2908,C--,C--,6,A,"(0, 1, 5, 8)",Cad,C--,C--,A,,
2909,C--,C--,6,A,"(0, 1, 5, 8)",Cad,C--,C--,A,,
2910,C--,C--,6,A,"(0, 1, 5, 8)",Cad,C--,C--,A,,
2911,C--,C--,6,A,"(0, 1, 5, 8)",Cad,C--,C--,A,,
2912,C--,C--,6,A,"(0, 1, 5, 8)",Cad,C--,C--,A,,
2913,C--,C--,6,A,"(0, 1, 5, 8)",Cad,C--,C--,A,,
2914,C--,C--,6,A,"(0, 1, 5, 8)",Cad,C--,C--,A,,
2915,C--,C--,6,A,"(0, 1, 5, 8)",Cad,C--,C--,A,,
2916,C--,C--,6,A,"(0, 1, 5, 8)",Cad,C--,C--,A,,
2917,C--,C--,6,A,"(0, 1, 5, 8)",Cad,C--,C--,A,,
2918,C--,C--,6,A,"(0, 1, 5, 8)",Cad,C--,C--,A,,
2919,C--,C--,6,A,"(0, 1, 5, 8)",Cad,C--,C--,A,,
2920,C--,C--,6,A,"(0, 1, 5, 8)",Cad,C--,C--,A,,
2921,C--,C--,6,A,"(0, 1, 5, 8)",Cad,C--,C--,A,,
2922,C--,C--,6,A,"(0, 1, 5, 8)",Cad,C--,C--,A,,
2923,C--,C--,6,A,"(0, 1, 5, 8)",Cad,C--,C--,A,,
2924,C--,C--,6,A,"(0, 1, 5, 8)",Cad,C--,C--,A,,
2925,C--,C--,6,A,"(0, 1, 5, 8)",Cad,C--,C--,A,,
2926,C--,C--,6,A,"(0, 1, 5, 8)",Cad,C--,C--,A,,
2927,C--,C--,6,A,"(0, 1, 5, 8)",Cad,C--,C--,A,,
2928,C--,C--,6,A,"(0, 1, 5, 8)",Cad,C--,C--,A,,
2929,C--,C--,6,A,"(0, 1, 5, 8)",Cad,C--,C--,A,,
2930,C--,C--,6,A,"(0, 1, 5, 8)",Cad,C--,C--,A,,
2931,C--,C--,6,A,"(0, 1, 5, 8)",Cad,C--,C--,A,,
2932,C--,C--,6,A,"(0, 1, 5, 8)",Cad,C--,C--,A,,
2933,C--,C--,6,A,"(0, 1, 5, 8)",Cad,C--,C--,A,,
2934,C--,C--,6,A,"(0, 1, 5, 8)",Cad,C--,C--,A,,
2935,C--,C--,6,A,"(0, 1, 5, 8)",Cad,C--,C--,A,,
2936,C--,C--,6,A,"(0, 1, 5, 8)",Cad,C--,C--,A,,
2937,C--,C--,6,A,"(0, 1, 5, 8)",Cad,C--,C--,A,,
2938,C--,C--,6,A,"(0, 1, 5, 8)",Cad,C--,C--,A,,
2939,C--,C--,6,A,"(0, 1, 5, 8)",Cad,C--,C--,A,,
2940,C--,C--,6,A,"(0, 1, 5, 8)",Cad,C--,C--,A,,
2941,C--,C--,6,A,"(0, 1, 5, 8)",Cad,C--,C--,A,,
2942,C--,C--,6,A,"(0, 1, 5, 8)",Cad,C--,C--,A,,
2943,C--,C--,6,A,"(0, 1, 5, 8)",Cad,C--,C--,A,,
2944,C--,C--,6,A,"(0, 1, 5, 8)",Cad,C--,C--,A,,
2945,C--,C--,6,A,"(0, 1, 5, 8)",Cad,C--,C--,A,,
2946,C--,C--,6,A,"(0, 1, 5, 8)",Cad,C--,C--,A,,
2947,C--,C--,6,A,"(0, 1, 5, 8)",Cad,C--,C--,A,,
2948,C--,C--,6,A,"(0, 1, 5, 8)",Cad,C--,C--,A,,
2949,C--,C--,6,A,"(0, 1, 5, 8)",Cad,C--,C--,A,,
2950,C--,C--,6,A,"(0, 1, 5, 8)",Cad,C--,C--,A,,
2951,C--,C--,6,A,"(0, 1, 5, 8)",Cad,C--,C--,A,,
2952,C--,C--,6,A,"(0, 1, 5, 8)",Cad,C--,C--,A,,
2953,C--,C--,6,A,"(0, 1, 5, 8)",Cad,C--,C--,A,,
2954,C--,C--,6,A,"(0, 1, 5, 8)",Cad,C--,C--,A,,
2955,C--,C--,6,A,"(0, 1, 5, 8)",Cad,C--,C--,A,,
2956,C--,C--,6,A,"(0, 1, 5, 8)",Cad,C--,C--,A,,
2957,C--,C--,6,A,"(0, 1, 5, 8)",Cad,C--,C--,A,,
2958,C--,C--,6,A,"(0, 1, 5, 8)",Cad,C--,C--,A,,
2959,C--,C--,6,A,"(0, 1, 5, 8)",Cad,C--,C--,A,,
2960,C--,C--,6,A,"(0, 1, 5, 8)",Cad,C--,C--,A,,
2961,C--,C--,6,A,"(0, 1, 5, 8)",Cad,C--,C--,A,,
2962,C--,C--,6,A,"(0, 1, 5, 8)",Cad,C--,C--,A,,
2963,C--,C--,6,A,"(0, 1, 5, 8)",Cad,C--,C--,A,,
2964,C--,C--,6,A,"(0, 1, 5, 8)",Cad,C--,C--,A,,
2965,C--,C--,6,A,"(0, 1, 5, 8)",Cad,C--,C--,A,,
2966,C--,C--,6,A,"(0, 1, 5, 8)",Cad,C--,C--,A,,
2967,C--,C--,6,A,"(0, 1, 5, 8)",Cad,C--,C--,A,,
2968,C--,C--,6,A,"(0, 1, 5, 8)",Cad,C--,C--,A,,
2969,C--,C--,6,A,"(0, 1, 5, 8)",Cad,C--,C--,A,,
2970,C--,C--,6,A,"(0, 1, 5, 8)",Cad,C--,C--,A,,
2971,C--,C--,6,A,"(0, 1, 5, 8)",Cad,C--,C--,A,,
2972,C--,C--,6,A,"(0, 1, 5, 8)",Cad,C--,C--,A,,
2973,C--,C--,6,A,"(0, 1, 5, 8)",Cad,C--,C--,A,,
2974,C--,C--,6,A,"(0, 1, 5, 8)",Cad,C--,C--,A,,
2975,C--,C--,6,A,"(0, 1, 5, 8)",Cad,C--,C--,A,,
2976,C--,C--,6,A,"(0, 1, 5, 8)",Cad,C--,C--,A,,
2977,C--,C--,6,A,"(0, 1, 5, 8)",Cad,C--,C--,A,,
2978,C--,C--,6,A,"(0, 1, 5, 8)",Cad,C--,C--,A,,
2979,C--,C--,6,A,"(0, 1, 5, 8)",Cad,C--,C--,A,,
2980,C--,C--,6,A,"(0, 1, 5, 8)",Cad,C--,C--,A,,
2981,C--,C--,6,A,"(0, 1, 5, 8)",Cad,C--,C--,A,,
2982,C--,C--,6,A,"(0, 1, 5, 8)",Cad,C--,C--,A,,
2983,C--,C--,6,A,"(0, 1, 5, 8)",Cad,C--,C--,A,,
2984,C--,C--,6,A,"(0, 1, 5, 8)",Cad,C--,C--,A,,
2985,C--,C--,6,A,"(0, 1, 5, 8)",Cad,C--,C--,A,,
2986,C--,C--,6,A,"(0, 1, 5, 8)",Cad,C--,C--,A,,
2987,C--,C--,6,A,"(0, 1, 5, 8)",Cad,C--,C--,A,,
2988,C--,C--,6,A,"(0, 1, 5, 8)",Cad,C--,C--,A,,
2989,C--,C--,6,A,"(0, 1, 5, 8)",Cad,C--,C--,A,,
2990,C--,C--,6,A,"(0, 1, 5, 8)",Cad,C--,C--,A,,
2991,C--,C--,6,A,"(0, 1, 5, 8)",Cad,C--,C--,A,,
2992,C--,C--,6,A,"(0, 1, 5, 8)",Cad,C--,C--,A,,
2993,C--,C--,6,A,"(0, 1, 5, 8)",Cad,C--,C--,A,,
2994,C--,C--,6,A,"(0, 1, 5, 8)",Cad,C--,C--,A,,
2995,C--,C--,6,A,"(0, 1, 5, 8)",Cad,C--,C--,A,,
2996,C--,C--,6,A,"(0, 1, 5, 8)",Cad,C--,C--,A,,
2997,C--,C--,6,A,"(0, 1, 5, 8)",Cad,C--,C--,A,,
2998,C--,C--,6,A,"(0, 1, 5, 8)",Cad,C--,C--,A,,
2999,C--,C--,6,A,"(0, 1, 5, 8)",Cad,C--,C--,A,,
3000,C--,C--,6,A,"(0, 1, 5, 8)",Cad,C--,C--,A,,
3001,C--,C--,6,A,"(0, 1, 5, 8)",Cad,C--,C--,A,,
3002,C--,C--,6,A,"(0, 1, 5, 8)",Cad,C--,C--,A,,
3003,C--,C--,6,A,"(0, 1, 5, 8)",Cad,C--,C--,A,,
3004,C--,C--,6,A,"(0, 1, 5, 8)",Cad,C--,C--,A,,
3005,C--,C--,6,A,"(0, 1, 5, 8)",Cad,C--,C--,A,,
3006,C--,C--,6,A,"(0, 1, 5, 8)",Cad,C--,C--,A,,
3007,C--,C--,6,A,"(0, 1, 5, 8)",Cad,C--,C--,A,,
3008,C--,C--,6,A,"(0, 1, 5, 8)",Cad,C--,C--,A,,
3009,C--,C--,6,A,"(0, 1, 5, 8)",Cad,C--,C--,A,,
3010,C--,C--,6,A,"(0, 1, 5, 8)",Cad,C--,C--,A,,
3011,C--,C--,6,A,"(0, 1, 5, 8)",Cad,C--,C--,A,,
3012,C--,C--,6,A,"(0, 1, 5, 8)",Cad,C--,C--,A,,
3013,C--,C--,6,A,"(0, 1, 5, 8)",Cad,C--,C--,A,,
3014,C--,C--,6,A,"(0, 1, 5, 8)",Cad,C--,C--,A,,
3015,C--,C--,6,A,"(0, 1, 5, 8)",Cad,C--,C--,A,,
3016,C--,C--,6,A,"(0, 1, 5, 8)",Cad,C--,C--,A,,
3017,C--,C--,6,A,"(0, 1, 5, 8)",Cad,C--,C--,A,,
3018,C--,C--,6,A,"(0, 1, 5, 8)",Cad,C--,C--,A,,
3019,C--,C--,6,A,"(0, 1, 5, 8)",Cad,C--,C--,A,,
3020,C--,C--,6,A,"(0, 1, 5, 8)",Cad,C--,C--,A,,
3021,C--,C--,6,A,"(0, 1, 5, 8)",Cad,C--,C--,A,,
3022,C--,C--,6,A,"(0, 1, 5, 8)",Cad,C--,C--,A,,
3023,C--,C--,6,A,"(0, 1, 5, 8)",Cad,C--,C--,A,,
3024,C--,C--,6,A,"(0, 1, 5, 8)",Cad,C--,C--,A,,
3025,C--,C--,6,A,"(0, 1, 5, 8)",Cad,C--,C--,A,,
3026,C--,C--,6,A,"(0, 1, 5, 8)",Cad,C--,C--,A,,
3027,C--,C--,6,A,"(0, 1, 5, 8)",Cad,C--,C--,A,,
3028,C--,C--,6,A,"(0, 1, 5, 8)",Cad,C--,C--,A,,
3029,C--,C--,6,A,"(0, 1, 5, 8)",Cad,C--,C--,A,,
3030,C--,C--,6,A,"(0, 1, 5, 8)",Cad,C--,C--,A,,
3031,C--,C--,6,A,"(0, 1, 5, 8)",Cad,C--,C--,A,,
3032,C--,C--,6,A,"(0, 1, 5, 8)",Cad,C--,C--,A,,
3033,C--,C--,6,A,"(0, 1, 5, 8)",Cad,C--,C--,A,,
3034,C--,C--,6,A,"(0, 1, 5, 8)",Cad,C--,C--,A,,
3035,C--,C--,6,A,"(0, 1, 5, 8)",Cad,C--,C--,A,,
3036,C--,C--,6,A,"(0, 1, 5, 8)",Cad,C--,C--,A,,
3037,C--,C--,6,A,"(0, 1, 5, 8)",Cad,C--,C--,A,,
3038,C--,C--,6,A,"(0, 1, 5, 8)",Cad,C--,C--,A,,
3039,C--,C--,6,A,"(0, 1, 5, 8)",Cad,C--,C--,A,,
3040,C--,C--,6,A,"(0, 1, 5, 8)",Cad,C--,C--,A,,
3041,C--,C--,6,A,"(0, 1, 5, 8)",Cad,C--,C--,A,,
3042,C--,C--,6,A,"(0, 1, 5, 8)",Cad,C--,C--,A,,
3043,C--,C--,6,A,"(0, 1, 5, 8)",Cad,C--,C--,A,,
3044,C--,C--,6,A,"(0, 1, 5, 8)",Cad,C--,C--,A,,
3045,C--,C--,6,A,"(0, 1, 5, 8)",Cad,C--,C--,A,,
3046,C--,C--,6,A,"(0, 1, 5, 8)",Cad,C--,C--,A,,
3047,C--,C--,6,A,"(0, 1, 5, 8)",Cad,C--,C--,A,,
3048,C--,C--,6,A,"(0, 1, 5, 8)",Cad,C--,C--,A,,
3049,C--,C--,6,A,"(0, 1, 5, 8)",Cad,C--,C--,A,,
3050,C--,C--,6,A,"(0, 1, 5, 8)",Cad,C--,C--,A,,
3051,C--,C--,6,A,"(0, 1, 5, 8)",Cad,C--,C--,A,,
3052,C--,C--,6,A,"(0, 1, 5, 8)",Cad,C--,C--,A,,
3053,C--,C--,6,A,"(0, 1, 5, 8)",Cad,C--,C--,A,,
3054,C--,C--,6,A,"(0, 1, 5, 8)",Cad,C--,C--,A,,
3055,C--,C--,6,A,"(0, 1, 5, 8)",Cad,C--,C--,A,,
3056,C--,C--,6,A,"(0, 1, 5, 8)",Cad,C--,C--,A,,
3057,C--,C--,6,A,"(0, 1, 5, 8)",Cad,C--,C--,A,,
3058,C--,C--,6,A,"(0, 1, 5, 8)",Cad,C--,C--,A,,
3059,C--,C--,6,A,"(0, 1, 5, 8)",Cad,C--,C--,A,,
3060,C--,C--,6,A,"(0, 1, 5, 8)",Cad,C--,C--,A,,
3061,C--,C--,6,A,"(0, 1, 5, 8)",Cad,C--,C--,A,,
3062,C--,C--,6,A,"(0, 1, 5, 8)",Cad,C--,C--,A,,
3063,C--,C--,6,A,"(0, 1, 5, 8)",Cad,C--,C--,A,,
3064,C--,C--,6,A,"(0, 1, 5, 8)",Cad,C--,C--,A,,
3065,C--,C--,6,A,"(0, 1, 5, 8)",Cad,C--,C--,A,,
3066,C--,C--,6,A,"(0, 1, 5, 8)",Cad,C--,C--,A,,
3067,C--,C--,6,A,"(0, 1, 5, 8)",Cad,C--,C--,A,,
3068,C--,C--,6,A,"(0, 1, 5, 8)",Cad,C--,C--,A,,
3069,C--,C--,6,A,"(0, 1, 5, 8)",Cad,C--,C--,A,,
3070,C--,C--,6,A,"(0, 1, 5, 8)",Cad,C--,C--,A,,
3071,C--,C--,6,A,"(0, 1, 5, 8)",Cad,C--,C--,A,,
3072,C--,C--,6,A,"(0, 1, 5, 8)",Cad,C--,C--,A,,
3073,C--,C--,6,A,"(0, 1, 5, 8)",Cad,C--,C--,A,,
3074,C--,C--,6,A,"(0, 1, 5, 8)",Cad,C--,C--,A,,
3075,C--,C--,6,A,"(0, 1, 5, 8)",Cad,C--,C--,A,,
3076,C--,C--,6,A,"(0, 1, 5, 8)",Cad,C--,C--,A,,
3077,C--,C--,6,A,"(0, 1, 5, 8)",Cad,C--,C--,A,,
3078,C--,C--,6,A,"(0, 1, 5, 8)",Cad,C--,C--,A,,
3079,C--,C--,6,A,"(0, 1, 5, 8)",Cad,C--,C--,A,,
3080,C--,C--,6,A,"(0, 1, 5, 8)",Cad,C--,C--,A,,
3081,C--,C--,6,A,"(0, 1, 5, 8)",Cad,C--,C--,A,,
3082,C--,C--,6,A,"(0, 1, 5, 8)",Cad,C--,C--,A,,
3083,C--,C--,6,A,"(0, 1, 5, 8)",Cad,C--,C--,A,,
3084,C--,C--,6,A,"(0, 1, 5, 8)",Cad,C--,C--,A,,
3085,C--,C--,6,A,"(0, 1, 5, 8)",Cad,C--,C--,A,,
3086,C--,C--,6,A,"(0, 1, 5, 8)",Cad,C--,C--,A,,
3087,C--,C--,6,A,"(0, 1, 5, 8)",Cad,C--,C--,A,,
3088,C--,C--,6,A,"(0, 1, 5, 8)",Cad,C--,C--,A,,
3089,C--,C--,6,A,"(0, 1, 5, 8)",Cad,C--,C--,A,,
3090,C--,C--,6,A,"(0, 1, 5, 8)",Cad,C--,C--,A,,
3091,C--,C--,6,A,"(0, 1, 5, 8)",Cad,C--,C--,A,,
3092,C--,C--,6,A,"(0, 1, 5, 8)",Cad,C--,C--,A,,
3093,C--,C--,6,A,"(0, 1, 5, 8)",Cad,C--,C--,A,,
3094,C--,C--,6,A,"(0, 1, 5, 8)",Cad,C--,C--,A,,
3095,C--,C--,6,A,"(0, 1, 5, 8)",Cad,C--,C--,A,,
3096,C--,C--,6,A,"(0, 1, 5, 8)",Cad,C--,C--,A,,
3097,C--,C--,6,A,"(0, 1, 5, 8)",Cad,C--,C--,A,,
3098,C--,C--,6,A,"(0, 1, 5, 8)",Cad,C--,C--,A,,
3099,C--,C--,6,A,"(0, 1, 5, 8)",Cad,C--,C--,A,,
3100,C--,C--,6,A,"(0, 1, 5, 8)",Cad,C--,C--,A,,
3101,C--,C--,6,A,"(0, 1, 5, 8)",Cad,C--,C--,A,,
3102,C--,C--,6,A,"(0, 1, 5, 8)",Cad,C--,C--,A,,
3103,C--,C--,6,A,"(0, 1, 5, 8)",Cad,C--,C--,A,,
3104,C--,C--,6,A,"(0, 1, 5, 8)",Cad,C--,C--,A,,
3105,C--,C--,6,A,"(0, 1, 5, 8)",Cad,C--,C--,A,,
3106,C--,C--,6,A,"(0, 1, 5, 8)",Cad,C--,C--,A,,
3107,C--,C--,6,A,"(0, 1, 5, 8)",Cad,C--,C--,A,,
3108,C--,C--,6,A,"(0, 1, 5, 8)",Cad,C--,C--,A,,
3109,C--,C--,6,A,"(0, 1, 5, 8)",Cad,C--,C--,A,,
3110,C--,C--,6,A,"(0, 1, 5, 8)",Cad,C--,C--,A,,
3111,C--,C--,6,A,"(0, 1, 5, 8)",Cad,C--,C--,A,,
3112,C--,C--,6,A,"(0, 1, 5, 8)",Cad,C--,C--,A,,
3113,C--,C--,6,A,"(0, 1, 5, 8)",Cad,C--,C--,A,,
3114,C--,C--,6,A,"(0, 1, 5, 8)",Cad,C--,C--,A,,
3115,C--,C--,6,A,"(0, 1, 5, 8)",Cad,C--,C--,A,,
3116,C--,C--,6,A,"(0, 1, 5, 8)",Cad,C--,C--,A,,
3117,C--,C--,6,A,"(0, 1, 5, 8)",Cad,C--,C--,A,,
3118,C--,C--,6,A,"(0, 1, 5, 8)",Cad,C--,C--,A,,
3119,C--,C--,6,A,"(0, 1, 5, 8)",Cad,C--,C--,A,,
3120,C--,C--,6,A,"(0, 1, 5, 8)",Cad,C--,C--,A,,
3121,C--,C--,6,A,"(0, 1, 5, 8)",Cad,C--,C--,A,,
3122,C--,C--,6,A,"(0, 1, 5, 8)",Cad,C--,C--,A,,
3123,C--,C--,6,A,"(0, 1, 5, 8)",Cad,C--,C--,A,,
3124,C--,C--,6,A,"(0, 1, 5, 8)",Cad,C--,C--,A,,
3125,C--,C--,6,A,"(0, 1, 5, 8)",Cad,C--,C--,A,,
3126,C--,C--,6,A,"(0, 1, 5, 8)",Cad,C--,C--,A,,
3127,C--,C--,6,A,"(0, 1, 5, 8)",Cad,C--,C--,A,,
3128,C--,C--,6,A,"(0, 1, 5, 8)",Cad,C--,C--,A,,
3129,C--,C--,6,A,"(0, 1, 5, 8)",Cad,C--,C--,A,,
3130,C--,C--,6,A,"(0, 1, 5, 8)",Cad,C--,C--,A,,
3131,C--,C--,6,A,"(0, 1, 5, 8)",Cad,C--,C--,A,,
3132,C--,C--,6,A,"(0, 1, 5, 8)",Cad,C--,C--,A,,
3133,C--,C--,6,A,"(0, 1, 5, 8)",Cad,C--,C--,A,,
3134,C--,C--,6,A,"(0, 1, 5, 8)",Cad,C--,C--,A,,
3135,C--,C--,6,A,"(0, 1, 5, 8)",Cad,C--,C--,A,,
3136,C--,C--,6,A,"(0, 1, 5, 8)",Cad,C--,C--,A,,
3137,C--,C--,6,A,"(0, 1, 5, 8)",Cad,C--,C--,A,,
3138,C--,C--,6,A,"(0, 1, 5, 8)",Cad,C--,C--,A,,
3139,C--,C--,6,A,"(0, 1, 5, 8)",Cad,C--,C--,A,,
3140,C--,C--,6,A,"(0, 1, 5, 8)",Cad,C--,C--,A,,
3141,C--,C--,6,A,"(0, 1, 5, 8)",Cad,C--,C--,A,,
3142,C--,C--,6,A,"(0, 1, 5, 8)",Cad,C--,C--,A,,
3143,C--,C--,6,A,"(0, 1, 5, 8)",Cad,C--,C--,A,,
3144,C--,C--,6,A,"(0, 1, 5, 8)",Cad,C--,C--,A,,
3145,C--,C--,6,A,"(0, 1, 5, 8)",Cad,C--,C--,A,,
3146,C--,C--,6,A,"(0, 1, 5, 8)",Cad,C--,C--,A,,
3147,C--,C--,6,A,"(0, 1, 5, 8)",Cad,C--,C--,A,,
3148,C--,C--,6,A,"(0, 1, 5, 8)",Cad,C--,C--,A,,
3149,C--,C--,6,A,"(0, 1, 5, 8)",Cad,C--,C--,A,,
3150,C--,C--,6,A,"(0, 1, 5, 8)",Cad,C--,C--,A,,
3151,C--,C--,6,A,"(0, 1, 5, 8)",Cad,C--,C--,A,,
3152,C--,C--,6,A,"(0, 1, 5, 8)",Cad,C--,C--,A,,
3153,C--,C--,6,A,"(0, 1, 5, 8)",Cad,C--,C--,A,,
3154,C--,C--,6,A,"(0, 1, 5, 8)",Cad,C--,C--,A,,
3155,C--,C--,6,A,"(0, 1, 5, 8)",Cad,C--,C--,A,,
3156,C--,C--,6,A,"(0, 1, 5, 8)",Cad,C--,C--,A,,
3157,C--,C--,6,A,"(0, 1, 5, 8)",Cad,C--,C--,A,,
3158,C--,C--,6,A,"(0, 1, 5, 8)",Cad,C--,C--,A,,
3159,C--,C--,6,A,"(0, 1, 5, 8)",Cad,C--,C--,A,,
3160,C--,C--,6,A,"(0, 1, 5, 8)",Cad,C--,C--,A,,
3161,C--,C--,6,A,"(0, 1, 5, 8)",Cad,C--,C--,A,,
3162,C--,C--,6,A,"(0, 1, 5, 8)",Cad,C--,C--,A,,
3163,C--,C--,6,A,"(0, 1, 5, 8)",Cad,C--,C--,A,,
3164,C--,C--,6,A,"(0, 1, 5, 8)",Cad,C--,C--,A,,
3165,C--,C--,6,A,"(0, 1, 5, 8)",Cad,C--,C--,A,,
3166,C--,C--,6,A,"(0, 1, 5, 8)",Cad,C--,C--,A,,
3167,C--,C--,6,A,"(0, 1, 5, 8)",Cad,C--,C--,A,,
3168,C--,C--,6,A,"(0, 1, 5, 8)",Cad,C--,C--,A,,
3169,C--,C--,6,A,"(0, 1, 5, 8)",Cad,C--,C--,A,,
3170,C--,C--,6,A,"(0, 1, 5, 8)",Cad,C--,C--,A,,
3171,C--,C--,6,A,"(0, 1, 5, 8)",Cad,C--,C--,A,,
3172,C--,C--,6,A,"(0, 1, 5, 8)",Cad,C--,C--,A,,
3173,C--,C--,6,A,"(0, 1, 5, 8)",Cad,C--,C--,A,,
3174,C--,C--,6,A,"(0, 1, 5, 8)",Cad,C--,C--,A,,
3175,C--,C--,6,A,"(0, 1, 5, 8)",Cad,C--,C--,A,,
3176,C--,C--,6,A,"(0, 1, 5, 8)",Cad,C--,C--,A,,
3177,C--,C--,6,A,"(0, 1, 5, 8)",Cad,C--,C--,A,,
3178,C--,C--,6,A,"(0, 1, 5, 8)",Cad,C--,C--,A,,
3179,C--,C--,6,A,"(0, 1, 5, 8)",Cad,C--,C--,A,,
3180,C--,C--,6,A,"(0, 1, 5, 8)",Cad,C--,C--,A,,
3181,C--,C--,6,A,"(0, 1, 5, 8)",Cad,C--,C--,A,,
3182,C--,C--,6,A,"(0, 1, 5, 8)",Cad,C--,C--,A,,
3183,C--,C--,6,A,"(0, 1, 5, 8)",Cad,C--,C--,A,,
3184,C--,C--,6,A,"(0, 1, 5, 8)",Cad,C--,C--,A,,
3185,C--,C--,6,A,"(0, 1, 5, 8)",Cad,C--,C--,A,,
3186,C--,C--,6,A,"(0, 1, 5, 8)",Cad,C--,C--,A,,
3187,C--,C--,6,A,"(0, 1, 5, 8)",Cad,C--,C--,A,,
3188,C--,C--,6,A,"(0, 1, 5, 8)",Cad,C--,C--,A,,
3189,C--,C--,6,A,"(0, 1, 5, 8)",Cad,C--,C--,A,,
3190,C--,C--,6,A,"(0, 1, 5, 8)",Cad,C--,C--,A,,
3191,C--,C--,6,A,"(0, 1, 5, 8)",Cad,C--,C--,A,,
3192,C--,C--,6,A,"(0, 1, 5, 8)",Cad,C--,C--,A,,
3193,C--,C--,6,A,"(0, 1, 5, 8)",Cad,C--,C--,A,,
3194,C--,C--,6,A,"(0, 1, 5, 8)",Cad,C--,C--,A,,
3195,C--,C--,6,A,"(0, 1, 5, 8)",Cad,C--,C--,A,,
3196,C--,C--,6,A,"(0, 1, 5, 8)",Cad,C--,C--,A,,
3197,C--,C--,6,A,"(0, 1, 5, 8)",Cad,C--,C--,A,,
3198,C--,C--,6,A,"(0, 1, 5, 8)",Cad,C--,C--,A,,
3199,C--,C--,6,A,"(0, 1, 5, 8)",Cad,C--,C--,A,,
