,Alto35,Bass35,HarmonicRhythm7,LocalKey38,PitchClassSet121,RomanNumeral31,Soprano35,Tenor35,TonicizedKey38,offset,measure
0,G,G,0,c,"(2, 7, 11)",V,G,D,c,0.0,1.0
1,G,G,1,c,"(2, 7, 11)",V,G,D,c,0.125,1.0
2,G,B,2,c,"(2, 7, 11)",V,G,D,c,0.25,1.0
3,G,B,2,c,"(2, 7, 11)",V,G,D,c,0.375,1.0
4,D,G,3,c,"(2, 5, 7, 11)",V7,G,D,c,0.5,1.0
5,D,G,3,c,"(2, 5, 7, 11)",V7,G,D,c,0.625,1.0
6,D,G,3,c,"(2, 5, 7, 11)",V7,G,D,c,0.75,1.0
7,D,G,3,c,"(2, 5, 7, 11)",V7,G,D,c,0.875,1.0
8,D,G,4,c,"(2, 5, 7, 11)",V7,G,D,c,1.0,1.0
9,F,G,4,c,"(2, 5, 7, 11)",V7,G,D,c,1.125,1.0
10,F,G,4,c,"(2, 5, 7, 11)",V7,G,D,c,1.25,1.0
11,F,G,4,c,"(2, 5, 7, 11)",V7,G,D,c,1.375,1.0
12,F,G,4,c,"(2, 5, 7, 11)",V7,G,D,c,1.5,1.0
13,F,G,4,c,"(2, 5, 7, 11)",V7,G,D,c,1.625,1.0
14,F,G,4,c,"(2, 5, 7, 11)",V7,G,D,c,1.75,1.0
15,F,G,4,c,"(2, 5, 7, 11)",V7,G,D,c,1.875,1.0
16,F,G,5,c,"(2, 5, 7, 11)",V7,G,D,c,2.0,1.0
17,F,G,5,c,"(2, 5, 7, 11)",V7,G,D,c,2.125,1.0
18,F,G,5,c,"(2, 5, 7, 11)",V7,G,D,c,2.25,1.0
19,F,G,5,c,"(2, 5, 7, 11)",V7,G,D,c,2.375,1.0
20,F,G,5,c,"(2, 5, 7, 11)",V7,G,D,c,2.5,1.0
21,F,G,5,c,"(2, 5, 7, 11)",V7,G,D,c,2.625,1.0
22,F,G,5,c,"(2, 5, 7, 11)",V7,G,D,c,2.75,1.0
23,F,G,5,c,"(2, 5, 7, 11)",V7,G,D,c,2.875,1.0
24,F,G,5,c,"(2, 5, 7, 11)",V7,G,D,c,3.0,1.0
25,F,G,5,c,"(2, 5, 7, 11)",V7,G,D,c,3.125,1.0
26,F,G,5,c,"(2, 5, 7, 11)",V7,G,D,c,3.25,1.0
27,F,G,5,c,"(2, 5, 7, 11)",V7,G,D,c,3.375,1.0
28,F,G,5,c,"(2, 5, 7, 11)",V7,G,D,c,3.5,1.0
29,F,G,5,c,"(2, 5, 7, 11)",V7,G,D,c,3.625,1.0
30,F,G,5,c,"(2, 5, 7, 11)",V7,G,D,c,3.75,1.0
31,F,G,5,c,"(2, 5, 7, 11)",V7,G,D,c,3.875,1.0
32,F,G,0,c,"(2, 5, 7, 11)",V7,G,D,c,4.0,2.0
33,F,G,1,c,"(2, 5, 7, 11)",V7,G,D,c,4.125,2.0
34,F,G,2,c,"(2, 5, 7, 11)",V7,G,D,c,4.25,2.0
35,F,G,2,c,"(2, 5, 7, 11)",V7,G,D,c,4.375,2.0
36,F,G,3,c,"(2, 5, 7, 11)",V7,G,D,c,4.5,2.0
37,F,G,3,c,"(2, 5, 7, 11)",V7,G,D,c,4.625,2.0
38,F,G,3,c,"(2, 5, 7, 11)",V7,G,D,c,4.75,2.0
39,F,G,3,c,"(2, 5, 7, 11)",V7,G,D,c,4.875,2.0
40,F,G,4,c,"(2, 5, 7, 11)",V7,G,D,c,5.0,2.0
41,F,G,4,c,"(2, 5, 7, 11)",V7,G,D,c,5.125,2.0
42,F,G,4,c,"(2, 5, 7, 11)",V7,G,D,c,5.25,2.0
43,F,G,4,c,"(2, 5, 7, 11)",V7,G,D,c,5.375,2.0
44,F,G,4,c,"(2, 5, 7, 11)",V7,G,D,c,5.5,2.0
45,F,G,4,c,"(2, 5, 7, 11)",V7,G,D,c,5.625,2.0
46,F,G,4,c,"(2, 5, 7, 11)",V7,G,D,c,5.75,2.0
47,F,G,4,c,"(2, 5, 7, 11)",V7,G,D,c,5.875,2.0
48,G,C,5,c,"(0, 3, 7)",i,C,E-,c,6.0,2.0
49,G,C,5,c,"(0, 3, 7)",i,C,E-,c,6.125,2.0
50,G,C,5,c,"(0, 3, 7)",i,C,E-,c,6.25,2.0
51,G,C,5,c,"(0, 3, 7)",i,C,E-,c,6.375,2.0
52,G,C,5,c,"(0, 3, 7)",i,C,E-,c,6.5,2.0
53,G,C,5,c,"(0, 3, 7)",i,C,E-,c,6.625,2.0
54,G,C,5,c,"(0, 3, 7)",i,C,E-,c,6.75,2.0
55,G,C,5,c,"(0, 3, 7)",i,C,E-,c,6.875,2.0
56,G,C,0,c,"(0, 3, 7)",iv,C,E-,c,7.0,2.0
57,G,C,1,c,"(0, 3, 7)",iv,C,E-,c,7.125,2.0
58,G,C,2,c,"(0, 3, 7)",iv,C,E-,c,7.25,2.0
59,G,C,2,c,"(0, 3, 7)",iv,C,E-,c,7.375,2.0
60,G,C,3,c,"(0, 3, 7)",iv,C,E-,c,7.5,2.0
61,G,C,3,c,"(0, 3, 7)",iv,C,E-,c,7.625,2.0
62,G,C,3,c,"(0, 3, 7)",iv,C,E-,c,7.75,2.0
63,G,C,3,c,"(0, 3, 7)",V7,C,E-,c,7.875,2.0
64,F,B,0,c,"(2, 5, 7, 11)",V7,G,D,c,8.0,3.0
65,F,B,1,c,"(2, 5, 7, 11)",V7,G,D,c,8.125,3.0
66,F,B,2,c,"(2, 5, 7, 11)",V7,G,D,c,8.25,3.0
67,F,B,2,c,"(2, 5, 7, 11)",V7,G,D,c,8.375,3.0
68,F,B,3,c,"(2, 5, 7, 11)",V7,G,D,c,8.5,3.0
69,F,B,3,c,"(2, 5, 7, 11)",V7,G,D,c,8.625,3.0
70,F,B,3,c,"(2, 5, 7, 11)",V7,G,D,c,8.75,3.0
71,F,B,3,c,"(2, 5, 7, 11)",V7,G,D,c,8.875,3.0
72,F,B,4,c,"(2, 5, 7, 11)",V7,G,D,c,9.0,3.0
73,F,B,4,c,"(2, 5, 7, 11)",V7,G,D,c,9.125,3.0
74,F,B,4,c,"(2, 5, 7, 11)",V7,G,D,c,9.25,3.0
75,F,B,4,c,"(2, 5, 7, 11)",V7,G,D,c,9.375,3.0
76,F,B,4,c,"(2, 5, 7, 11)",V7,G,D,c,9.5,3.0
77,F,B,4,c,"(2, 5, 7, 11)",V7,G,D,c,9.625,3.0
78,F,B,4,c,"(2, 5, 7, 11)",V7,G,D,c,9.75,3.0
79,F,B,4,c,"(2, 5, 7, 11)",V7,G,D,c,9.875,3.0
80,F,B,5,c,"(2, 5, 7, 11)",V7,G,D,c,10.0,3.0
81,F,B,5,c,"(2, 5, 7, 11)",V7,G,D,c,10.125,3.0
82,F,B,5,c,"(2, 5, 7, 11)",V7,G,D,c,10.25,3.0
83,F,B,5,c,"(2, 5, 7, 11)",V7,G,D,c,10.375,3.0
84,F,B,5,c,"(2, 5, 7, 11)",V7,G,D,c,10.5,3.0
85,F,B,5,c,"(2, 5, 7, 11)",V7,G,D,c,10.625,3.0
86,F,B,5,c,"(2, 5, 7, 11)",V7,G,D,c,10.75,3.0
87,F,B,5,c,"(2, 5, 7, 11)",V7,G,D,c,10.875,3.0
88,F,B,5,c,"(2, 5, 7, 11)",V7,G,D,c,11.0,3.0
89,F,B,5,c,"(2, 5, 7, 11)",V7,G,D,c,11.125,3.0
90,F,B,5,c,"(2, 5, 7, 11)",V7,G,D,c,11.25,3.0
91,F,B,5,c,"(2, 5, 7, 11)",V7,G,D,c,11.375,3.0
92,F,B,5,c,"(2, 5, 7, 11)",V7,G,D,c,11.5,3.0
93,F,B,5,c,"(2, 5, 7, 11)",V7,G,D,c,11.625,3.0
94,F,B,5,c,"(2, 5, 7, 11)",V7,G,D,c,11.75,3.0
95,F,B,5,c,"(2, 5, 7, 11)",V7,G,D,c,11.875,3.0
96,F,B,0,c,"(2, 5, 7, 11)",V7,G,D,c,12.0,4.0
97,F,B,1,c,"(2, 5, 7, 11)",V7,G,D,c,12.125,4.0
98,F,B,2,c,"(2, 5, 7, 11)",V7,G,D,c,12.25,4.0
99,F,B,2,c,"(2, 5, 7, 11)",V7,G,D,c,12.375,4.0
100,F,B,3,c,"(2, 5, 7, 11)",V7,G,D,c,12.5,4.0
101,F,B,3,c,"(2, 5, 7, 11)",V7,G,D,c,12.625,4.0
102,F,B,3,c,"(2, 5, 7, 11)",V7,G,D,c,12.75,4.0
103,F,B,3,c,"(2, 5, 7, 11)",V7,G,D,c,12.875,4.0
104,F,B,4,c,"(2, 5, 7, 11)",V7,G,D,c,13.0,4.0
105,F,B,4,c,"(2, 5, 7, 11)",V7,G,D,c,13.125,4.0
106,F,B,4,c,"(2, 5, 7, 11)",V7,G,D,c,13.25,4.0
107,F,B,4,c,"(2, 5, 7, 11)",V7,G,D,c,13.375,4.0
108,F,B,4,c,"(2, 5, 7, 11)",V7,G,D,c,13.5,4.0
109,F,B,4,c,"(2, 5, 7, 11)",V7,G,D,c,13.625,4.0
110,F,B,4,c,"(2, 5, 7, 11)",V7,G,D,c,13.75,4.0
111,F,B,4,c,"(2, 5, 7, 11)",V7,G,D,c,13.875,4.0
112,G,C,0,c,"(0, 3, 7)",i,C,E-,c,14.0,4.0
113,G,C,5,c,"(0, 3, 7)",i,C,E-,c,14.125,4.0
114,G,C,5,c,"(0, 3, 7)",i,C,E-,c,14.25,4.0
115,G,C,5,c,"(0, 3, 7)",i,C,E-,c,14.375,4.0
116,G,C,3,c,"(0, 3, 7)",i,C,E-,c,14.5,4.0
117,G,C,3,c,"(0, 3, 7)",i,C,E-,c,14.625,4.0
118,G,C,3,c,"(0, 3, 7)",i,C,E-,c,14.75,4.0
119,G,C,3,c,"(0, 3, 7)",i,C,E-,c,14.875,4.0
120,F,C,0,c,"(0, 3, 7)",iv,C,E-,c,15.0,4.0
121,G,C,1,c,"(0, 3, 7)",iv,C,E-,c,15.125,4.0
122,G,C,2,c,"(0, 3, 7)",iv,C,E-,c,15.25,4.0
123,G,C,2,c,"(0, 3, 7)",iv,C,E-,c,15.375,4.0
124,G,C,3,c,"(0, 3, 7)",iv,C,E-,c,15.5,4.0
125,G,C,3,c,"(0, 3, 7)",iv,C,E-,c,15.625,4.0
126,G,C,3,c,"(0, 3, 7)",iv,C,E-,c,15.75,4.0
127,F,C,3,c,"(0, 3, 7)",V7,C,E-,c,15.875,4.0
128,F,B,0,c,"(2, 5, 7, 11)",V7,G,D,c,16.0,5.0
129,F,B,1,c,"(2, 5, 7, 11)",V7,G,D,c,16.125,5.0
130,F,B,2,c,"(2, 5, 7, 11)",V7,G,D,c,16.25,5.0
131,F,B,2,c,"(2, 5, 7, 11)",V7,G,D,c,16.375,5.0
132,F,B,3,c,"(2, 5, 7, 11)",V7,G,D,c,16.5,5.0
133,F,B,3,c,"(2, 5, 7, 11)",V7,G,D,c,16.625,5.0
134,F,B,3,c,"(2, 5, 7, 11)",V7,G,D,c,16.75,5.0
135,F,B,3,c,"(2, 5, 7, 11)",V7,G,D,c,16.875,5.0
136,F,B,4,c,"(2, 5, 7, 11)",V7,G,D,c,17.0,5.0
137,F,B,4,c,"(2, 5, 7, 11)",V7,G,D,c,17.125,5.0
138,F,B,4,c,"(2, 5, 7, 11)",V7,G,D,c,17.25,5.0
139,F,B,4,c,"(2, 5, 7, 11)",V7,G,D,c,17.375,5.0
140,F,B,4,c,"(2, 5, 7, 11)",V7,G,D,c,17.5,5.0
141,F,B,4,c,"(2, 5, 7, 11)",V7,G,D,c,17.625,5.0
142,F,B,4,c,"(2, 5, 7, 11)",V7,G,D,c,17.75,5.0
143,F,B,4,c,"(2, 5, 7, 11)",V7,G,D,c,17.875,5.0
144,F,B,5,c,"(2, 5, 7, 11)",V7,G,D,c,18.0,5.0
145,F,B,5,c,"(2, 5, 7, 11)",V7,G,D,c,18.125,5.0
146,F,B,5,c,"(2, 5, 7, 11)",V7,G,D,c,18.25,5.0
147,F,B,5,c,"(2, 5, 7, 11)",V7,G,D,c,18.375,5.0
148,F,B,5,c,"(2, 5, 7, 11)",V7,G,D,c,18.5,5.0
149,F,B,5,c,"(2, 5, 7, 11)",V7,G,D,c,18.625,5.0
150,F,B,5,c,"(2, 5, 7, 11)",V7,G,D,c,18.75,5.0
151,F,B,5,c,"(2, 5, 7, 11)",V7,G,D,c,18.875,5.0
152,F,B,5,c,"(2, 5, 7, 11)",V7,G,D,c,19.0,5.0
153,F,B,5,c,"(2, 5, 7, 11)",V7,G,D,c,19.125,5.0
154,F,B,5,c,"(2, 5, 7, 11)",V7,G,D,c,19.25,5.0
155,F,B,5,c,"(2, 5, 7, 11)",V7,G,D,c,19.375,5.0
156,F,B,5,c,"(2, 5, 7, 11)",V7,G,D,c,19.5,5.0
157,F,B,5,c,"(2, 5, 7, 11)",V7,G,D,c,19.625,5.0
158,F,B,5,c,"(2, 5, 7, 11)",V7,G,D,c,19.75,5.0
159,F,B,5,c,"(2, 5, 7, 11)",V7,G,D,c,19.875,5.0
160,F,B,0,c,"(2, 5, 7, 11)",V7,G,D,c,20.0,6.0
161,F,B,1,c,"(2, 5, 7, 11)",V7,G,D,c,20.125,6.0
162,F,B,2,c,"(2, 5, 7, 11)",V7,G,D,c,20.25,6.0
163,F,B,2,c,"(2, 5, 7, 11)",V7,G,D,c,20.375,6.0
164,F,B,3,c,"(2, 5, 7, 11)",V7,G,D,c,20.5,6.0
165,F,B,3,c,"(2, 5, 7, 11)",V7,G,D,c,20.625,6.0
166,F,B,3,c,"(2, 5, 7, 11)",V7,G,D,c,20.75,6.0
167,F,B,3,c,"(2, 5, 7, 11)",V7,G,D,c,20.875,6.0
168,F,B,4,c,"(2, 5, 7, 11)",V7,G,D,c,21.0,6.0
169,F,B,4,c,"(2, 5, 7, 11)",V7,G,D,c,21.125,6.0
170,F,B,4,c,"(2, 5, 7, 11)",V7,G,D,c,21.25,6.0
171,F,B,4,c,"(2, 5, 7, 11)",V7,G,D,c,21.375,6.0
172,F,B,4,c,"(2, 5, 7, 11)",V7,G,D,c,21.5,6.0
173,F,B,4,c,"(2, 5, 7, 11)",V7,G,D,c,21.625,6.0
174,F,B,4,c,"(2, 5, 7, 11)",V7,G,D,c,21.75,6.0
175,F,B,4,c,"(2, 5, 7, 11)",V7,G,D,c,21.875,6.0
176,F,B,5,c,"(2, 5, 7, 11)",V7,G,D,c,22.0,6.0
177,F,B,5,c,"(2, 5, 7, 11)",V7,G,D,c,22.125,6.0
178,F,B,5,c,"(2, 5, 7, 11)",V7,G,D,c,22.25,6.0
179,F,B,5,c,"(2, 5, 7, 11)",V7,G,D,c,22.375,6.0
180,F,B,5,c,"(2, 5, 7, 11)",V7,G,D,c,22.5,6.0
181,F,B,5,c,"(2, 5, 7, 11)",V7,G,D,c,22.625,6.0
182,F,B,5,c,"(2, 5, 7, 11)",V7,G,D,c,22.75,6.0
183,F,B,5,c,"(2, 5, 7, 11)",V7,G,D,c,22.875,6.0
184,F,B,5,c,"(2, 5, 7, 11)",V7,G,D,c,23.0,6.0
185,F,B,5,c,"(2, 5, 7, 11)",V7,G,D,c,23.125,6.0
186,F,B,5,c,"(2, 5, 7, 11)",V7,G,D,c,23.25,6.0
187,F,B,5,c,"(2, 5, 7, 11)",V7,G,D,c,23.375,6.0
188,F,B,5,c,"(2, 5, 7, 11)",V7,G,D,c,23.5,6.0
189,F,B,5,c,"(2, 5, 7, 11)",V7,G,D,c,23.625,6.0
190,F,B,5,c,"(2, 5, 7, 11)",V7,G,D,c,23.75,6.0
191,F,B,5,c,"(2, 5, 7, 11)",V7,G,D,c,23.875,6.0
192,G,C,0,c,"(0, 3, 7)",i,C,E-,c,24.0,7.0
193,G,C,1,c,"(0, 3, 7)",i,C,E-,c,24.125,7.0
194,G,C,2,c,"(0, 3, 7)",i,C,E-,c,24.25,7.0
195,G,C,2,c,"(0, 3, 7)",i,C,E-,c,24.375,7.0
196,G,C,3,c,"(0, 3, 7)",i,C,E-,c,24.5,7.0
197,G,C,3,c,"(0, 3, 7)",i,C,E-,c,24.625,7.0
198,G,C,3,c,"(0, 3, 7)",i,C,E-,c,24.75,7.0
199,G,C,3,c,"(0, 3, 7)",i,C,E-,c,24.875,7.0
200,G,C,4,c,"(0, 3, 7)",i,C,E-,c,25.0,7.0
201,G,C,4,c,"(0, 3, 7)",i,C,E-,c,25.125,7.0
202,G,C,4,c,"(0, 3, 7)",i,C,E-,c,25.25,7.0
203,G,C,4,c,"(0, 3, 7)",i,C,E-,c,25.375,7.0
204,G,C,4,c,"(0, 3, 7)",i,C,E-,c,25.5,7.0
205,G,C,4,c,"(0, 3, 7)",i,C,E-,c,25.625,7.0
206,G,C,4,c,"(0, 3, 7)",i,C,E-,c,25.75,7.0
207,G,C,4,c,"(0, 3, 7)",i,C,E-,c,25.875,7.0
208,G,C,5,c,"(0, 3, 7)",i,C,E-,c,26.0,7.0
209,G,C,5,c,"(0, 3, 7)",i,C,E-,c,26.125,7.0
210,G,C,5,c,"(0, 3, 7)",i,C,E-,c,26.25,7.0
211,G,C,5,c,"(0, 3, 7)",i,C,E-,c,26.375,7.0
212,G,C,5,c,"(0, 3, 7)",i,C,E-,c,26.5,7.0
213,G,C,5,c,"(0, 3, 7)",i,C,E-,c,26.625,7.0
214,G,C,5,c,"(0, 3, 7)",i,C,E-,c,26.75,7.0
215,G,C,5,c,"(0, 3, 7)",i,C,E-,c,26.875,7.0
216,G,C,5,c,"(0, 3, 7)",i,C,E-,c,27.0,7.0
217,G,C,5,c,"(0, 3, 7)",i,C,E-,c,27.125,7.0
218,G,C,5,c,"(0, 3, 7)",i,C,E-,c,27.25,7.0
219,G,C,5,c,"(0, 3, 7)",i,C,E-,c,27.375,7.0
220,G,C,5,c,"(0, 3, 7)",i,C,E-,c,27.5,7.0
221,G,C,5,c,"(0, 3, 7)",i,C,E-,c,27.625,7.0
222,G,C,5,c,"(0, 3, 7)",i,C,E-,c,27.75,7.0
223,G,C,5,c,"(0, 3, 7)",i,C,E-,c,27.875,7.0
224,G,C,0,c,"(0, 3, 7)",i,C,E-,c,28.0,8.0
225,G,C,1,c,"(0, 3, 7)",i,C,E-,c,28.125,8.0
226,G,C,2,c,"(0, 3, 7)",i,C,E-,c,28.25,8.0
227,G,C,2,c,"(0, 3, 7)",i,C,E-,c,28.375,8.0
228,G,C,3,c,"(0, 3, 7)",i,C,E-,c,28.5,8.0
229,G,C,3,c,"(0, 3, 7)",i,C,E-,c,28.625,8.0
230,G,C,3,c,"(0, 3, 7)",i,C,E-,c,28.75,8.0
231,G,C,3,c,"(0, 3, 7)",i,C,E-,c,28.875,8.0
232,G,C,4,c,"(0, 3, 7)",i,C,E-,c,29.0,8.0
233,G,C,4,c,"(0, 3, 7)",i,C,E-,c,29.125,8.0
234,G,C,4,c,"(0, 3, 7)",i,C,E-,c,29.25,8.0
235,G,C,4,c,"(0, 3, 7)",i,C,E-,c,29.375,8.0
236,G,C,4,c,"(0, 3, 7)",i,C,E-,c,29.5,8.0
237,G,C,4,c,"(0, 3, 7)",i,C,E-,c,29.625,8.0
238,G,C,4,c,"(0, 3, 7)",i,C,E-,c,29.75,8.0
239,G,C,4,c,"(0, 3, 7)",i,C,E-,c,29.875,8.0
240,G,C,5,c,"(0, 3, 7)",i,A-,E-,c,30.0,8.0
241,G,C,5,c,"(0, 3, 7)",i,A-,E-,c,30.125,8.0
242,G,C,5,c,"(0, 3, 7)",i,A-,E-,c,30.25,8.0
243,G,C,5,c,"(0, 3, 7)",i,A-,E-,c,30.375,8.0
244,G,C,5,c,"(0, 3, 7)",i,A-,E-,c,30.5,8.0
245,G,C,5,c,"(0, 3, 7)",i,A-,E-,c,30.625,8.0
246,G,C,5,c,"(0, 3, 7)",i,A-,E-,c,30.75,8.0
247,G,C,5,c,"(0, 3, 7)",i,A-,E-,c,30.875,8.0
248,G,C,5,c,"(0, 3, 7)",i,A-,E-,c,31.0,8.0
249,G,C,5,c,"(0, 3, 7)",i,A-,E-,c,31.125,8.0
250,G,C,5,c,"(0, 3, 7)",i,A-,E-,c,31.25,8.0
251,G,C,5,c,"(0, 3, 7)",i,A-,E-,c,31.375,8.0
252,G,C,5,c,"(0, 3, 7)",i,A-,E-,c,31.5,8.0
253,G,C,5,c,"(0, 3, 7)",i,A-,E-,c,31.625,8.0
254,G,C,5,c,"(0, 3, 7)",i,A-,E-,c,31.75,8.0
255,G,C,5,c,"(0, 3, 7)",i,A-,E-,c,31.875,8.0
256,G,C,0,c,"(0, 3, 7)",i,C,E-,c,32.0,9.0
257,G,C,1,c,"(0, 3, 7)",i,C,E-,c,32.125,9.0
258,G,C,2,c,"(0, 3, 7)",i,C,E-,c,32.25,9.0
259,G,C,2,c,"(0, 3, 7)",i,C,E-,c,32.375,9.0
260,G,C,3,c,"(0, 3, 7)",i,C,E-,c,32.5,9.0
261,G,C,3,c,"(0, 3, 7)",i,C,E-,c,32.625,9.0
262,G,C,3,c,"(0, 3, 7)",i,C,E-,c,32.75,9.0
263,G,C,3,c,"(0, 3, 7)",i,C,E-,c,32.875,9.0
264,G,C,4,c,"(0, 3, 7)",i,C,E-,c,33.0,9.0
265,G,C,4,c,"(0, 3, 7)",i,C,E-,c,33.125,9.0
266,G,C,4,c,"(0, 3, 7)",i,C,E-,c,33.25,9.0
267,G,C,4,c,"(0, 3, 7)",i,C,E-,c,33.375,9.0
268,G,C,4,c,"(0, 3, 7)",i,C,E-,c,33.5,9.0
269,G,C,4,c,"(0, 3, 7)",i,C,E-,c,33.625,9.0
270,G,C,4,c,"(0, 3, 7)",i,C,E-,c,33.75,9.0
271,G,C,4,c,"(0, 3, 7)",i,C,E-,c,33.875,9.0
272,G,C,5,c,"(0, 3, 7)",i,C,E-,c,34.0,9.0
273,G,C,5,c,"(0, 3, 7)",i,C,E-,c,34.125,9.0
274,G,C,5,c,"(0, 3, 7)",i,C,E-,c,34.25,9.0
275,G,C,5,c,"(0, 3, 7)",i,C,E-,c,34.375,9.0
276,G,C,5,c,"(0, 3, 7)",i,C,E-,c,34.5,9.0
277,G,C,5,c,"(0, 3, 7)",i,C,E-,c,34.625,9.0
278,G,C,5,c,"(0, 3, 7)",i,C,E-,c,34.75,9.0
279,G,C,5,c,"(0, 3, 7)",i,C,E-,c,34.875,9.0
280,G,C,5,c,"(0, 3, 7)",i,C,E-,c,35.0,9.0
281,G,C,5,c,"(0, 3, 7)",i,C,E-,c,35.125,9.0
282,G,C,5,c,"(0, 3, 7)",i,C,E-,c,35.25,9.0
283,G,C,5,c,"(0, 3, 7)",i,C,E-,c,35.375,9.0
284,G,C,5,c,"(0, 3, 7)",i,C,E-,c,35.5,9.0
285,G,C,5,c,"(0, 3, 7)",i,C,E-,c,35.625,9.0
286,G,C,5,c,"(0, 3, 7)",i,C,E-,c,35.75,9.0
287,G,C,5,c,"(0, 3, 7)",i,C,E-,c,35.875,9.0
288,G,C,0,c,"(0, 3, 7)",i,C,E-,c,36.0,10.0
289,G,C,1,c,"(0, 3, 7)",i,C,E-,c,36.125,10.0
290,G,C,2,c,"(0, 3, 7)",i,C,E-,c,36.25,10.0
291,G,C,2,c,"(0, 3, 7)",i,C,E-,c,36.375,10.0
292,G,C,3,c,"(0, 3, 7)",i,C,E-,c,36.5,10.0
293,G,C,3,c,"(0, 3, 7)",i,C,E-,c,36.625,10.0
294,G,C,3,c,"(0, 3, 7)",i,C,E-,c,36.75,10.0
295,G,C,3,c,"(0, 3, 7)",i,C,E-,c,36.875,10.0
296,G,C,4,c,"(0, 3, 7)",i,C,E-,c,37.0,10.0
297,G,C,4,c,"(0, 3, 7)",i,C,E-,c,37.125,10.0
298,G,C,4,c,"(0, 3, 7)",i,C,E-,c,37.25,10.0
299,G,C,4,c,"(0, 3, 7)",i,C,E-,c,37.375,10.0
300,G,C,4,c,"(0, 3, 7)",i,C,E-,c,37.5,10.0
301,G,C,4,c,"(0, 3, 7)",i,C,E-,c,37.625,10.0
302,G,C,4,c,"(0, 3, 7)",i,C,E-,c,37.75,10.0
303,G,C,4,c,"(0, 3, 7)",i,C,E-,c,37.875,10.0
304,G,C,5,c,"(0, 3, 7)",i,C,E-,c,38.0,10.0
305,G,C,5,c,"(0, 3, 7)",i,C,E-,c,38.125,10.0
306,G,C,5,c,"(0, 3, 7)",i,C,E-,c,38.25,10.0
307,G,C,5,c,"(0, 3, 7)",i,C,E-,c,38.375,10.0
308,G,C,5,c,"(0, 3, 7)",i,C,E-,c,38.5,10.0
309,G,C,5,c,"(0, 3, 7)",i,C,E-,c,38.625,10.0
310,G,C,5,c,"(0, 3, 7)",i,C,E-,c,38.75,10.0
311,G,C,5,c,"(0, 3, 7)",i,C,E-,c,38.875,10.0
312,G,C,5,c,"(0, 3, 7)",i,C,E-,c,39.0,10.0
313,G,C,5,c,"(0, 3, 7)",i,C,E-,c,39.125,10.0
314,G,C,5,c,"(0, 3, 7)",i,C,E-,c,39.25,10.0
315,G,C,5,c,"(0, 3, 7)",i,C,E-,c,39.375,10.0
316,G,C,5,c,"(0, 3, 7)",i,C,E-,c,39.5,10.0
317,G,C,5,c,"(0, 3, 7)",i,C,E-,c,39.625,10.0
318,G,C,5,c,"(0, 3, 7)",i,C,E-,c,39.75,10.0
319,G,C,5,c,"(0, 3, 7)",i,C,E-,c,39.875,10.0
320,G,C,0,c,"(0, 3, 7)",i,C,E-,c,40.0,11.0
321,G,C,1,c,"(0, 3, 7)",i,C,E-,c,40.125,11.0
322,G,C,2,c,"(0, 3, 7)",i,C,E-,c,40.25,11.0
323,G,C,2,c,"(0, 3, 7)",i,C,E-,c,40.375,11.0
324,G,C,3,c,"(0, 3, 7)",i,C,E-,c,40.5,11.0
325,G,C,3,c,"(0, 3, 7)",i,C,E-,c,40.625,11.0
326,G,C,3,c,"(0, 3, 7)",i,C,E-,c,40.75,11.0
327,G,C,3,c,"(0, 3, 7)",i,C,E-,c,40.875,11.0
328,G,C,4,c,"(0, 3, 7)",i,C,E-,c,41.0,11.0
329,G,C,4,c,"(0, 3, 7)",i,C,E-,c,41.125,11.0
330,G,C,4,c,"(0, 3, 7)",i,C,E-,c,41.25,11.0
331,G,C,4,c,"(0, 3, 7)",i,C,E-,c,41.375,11.0
332,G,C,4,c,"(0, 3, 7)",i,C,E-,c,41.5,11.0
333,G,C,4,c,"(0, 3, 7)",i,C,E-,c,41.625,11.0
334,G,C,4,c,"(0, 3, 7)",i,C,E-,c,41.75,11.0
335,G,C,4,c,"(0, 3, 7)",i,C,E-,c,41.875,11.0
336,G,C,5,c,"(0, 3, 7)",i,C,E-,c,42.0,11.0
337,G,C,5,c,"(0, 3, 7)",i,C,E-,c,42.125,11.0
338,G,C,5,c,"(0, 3, 7)",i,C,E-,c,42.25,11.0
339,G,C,5,c,"(0, 3, 7)",i,C,E-,c,42.375,11.0
340,G,C,5,c,"(0, 3, 7)",i,C,E-,c,42.5,11.0
341,G,C,5,c,"(0, 3, 7)",i,C,E-,c,42.625,11.0
342,G,C,5,c,"(0, 3, 7)",i,C,E-,c,42.75,11.0
343,G,C,5,c,"(0, 3, 7)",i,C,E-,c,42.875,11.0
344,G,C,5,c,"(0, 3, 7)",i,C,E-,c,43.0,11.0
345,G,C,5,c,"(0, 3, 7)",i,C,E-,c,43.125,11.0
346,G,C,5,c,"(0, 3, 7)",i,C,E-,c,43.25,11.0
347,G,C,5,c,"(0, 3, 7)",i,C,E-,c,43.375,11.0
348,G,C,5,c,"(0, 3, 7)",i,C,E-,c,43.5,11.0
349,G,C,5,c,"(0, 3, 7)",i,C,E-,c,43.625,11.0
350,G,C,5,c,"(0, 3, 7)",i,C,E-,c,43.75,11.0
351,G,C,5,c,"(0, 3, 7)",i,C,E-,c,43.875,11.0
352,G,C,0,c,"(0, 3, 7)",i,C,E-,c,44.0,12.0
353,G,C,1,c,"(0, 3, 7)",i,C,E-,c,44.125,12.0
354,G,C,2,c,"(0, 3, 7)",i,C,E-,c,44.25,12.0
355,G,C,2,c,"(0, 3, 7)",i,C,E-,c,44.375,12.0
356,G,C,3,c,"(0, 3, 7)",i,C,E-,c,44.5,12.0
357,G,C,3,c,"(0, 3, 7)",i,C,E-,c,44.625,12.0
358,G,C,3,c,"(0, 3, 7)",i,C,E-,c,44.75,12.0
359,G,C,3,c,"(0, 3, 7)",i,C,E-,c,44.875,12.0
360,G,C,4,c,"(0, 3, 7)",i,C,E-,c,45.0,12.0
361,G,C,4,c,"(0, 3, 7)",i,C,E-,c,45.125,12.0
362,G,C,4,c,"(0, 3, 7)",i,C,E-,c,45.25,12.0
363,G,C,4,c,"(0, 3, 7)",i,C,E-,c,45.375,12.0
364,G,C,4,c,"(0, 3, 7)",i,C,E-,c,45.5,12.0
365,G,C,4,c,"(0, 3, 7)",i,C,E-,c,45.625,12.0
366,G,C,4,c,"(0, 3, 7)",i,C,E-,c,45.75,12.0
367,G,C,4,c,"(0, 3, 7)",i,C,E-,c,45.875,12.0
368,G,C,5,c,"(0, 3, 7)",i,C,E-,c,46.0,12.0
369,G,C,5,c,"(0, 3, 7)",i,C,E-,c,46.125,12.0
370,G,C,5,c,"(0, 3, 7)",i,C,E-,c,46.25,12.0
371,G,C,5,c,"(0, 3, 7)",i,C,E-,c,46.375,12.0
372,G,C,5,c,"(0, 3, 7)",i,C,E-,c,46.5,12.0
373,G,C,5,c,"(0, 3, 7)",i,C,E-,c,46.625,12.0
374,G,C,5,c,"(0, 3, 7)",i,C,E-,c,46.75,12.0
375,G,C,5,c,"(0, 3, 7)",i,C,E-,c,46.875,12.0
376,G,C,5,c,"(0, 3, 7)",i,C,E-,c,47.0,12.0
377,G,C,5,c,"(0, 3, 7)",i,C,E-,c,47.125,12.0
378,G,C,5,c,"(0, 3, 7)",i,C,E-,c,47.25,12.0
379,G,C,5,c,"(0, 3, 7)",i,C,E-,c,47.375,12.0
380,G,C,5,c,"(0, 3, 7)",i,C,E-,c,47.5,12.0
381,G,C,5,c,"(0, 3, 7)",i,C,E-,c,47.625,12.0
382,G,C,5,c,"(0, 3, 7)",i,C,E-,c,47.75,12.0
383,G,C,5,c,"(0, 3, 7)",i,C,E-,c,47.875,12.0
384,G,C,0,c,"(0, 3, 7)",i,C,E-,c,48.0,13.0
385,G,C,1,c,"(0, 3, 7)",i,C,E-,c,48.125,13.0
386,G,C,2,c,"(0, 3, 7)",i,C,E-,c,48.25,13.0
387,G,C,2,c,"(0, 3, 7)",i,C,E-,c,48.375,13.0
388,G,C,3,c,"(0, 3, 7)",i,C,E-,c,48.5,13.0
389,G,C,3,c,"(0, 3, 7)",i,C,E-,c,48.625,13.0
390,G,C,3,c,"(0, 3, 7)",i,C,E-,c,48.75,13.0
391,G,C,3,c,"(0, 3, 7)",i,C,E-,c,48.875,13.0
392,G,C,4,c,"(0, 3, 7)",i,C,E-,c,49.0,13.0
393,G,C,4,c,"(0, 3, 7)",i,C,E-,c,49.125,13.0
394,G,C,4,c,"(0, 3, 7)",i,C,E-,c,49.25,13.0
395,G,C,4,c,"(0, 3, 7)",i,C,E-,c,49.375,13.0
396,G,C,4,c,"(0, 3, 7)",i,C,E-,c,49.5,13.0
397,G,C,4,c,"(0, 3, 7)",i,C,E-,c,49.625,13.0
398,G,C,4,c,"(0, 3, 7)",i,C,E-,c,49.75,13.0
399,G,C,4,c,"(0, 3, 7)",i,C,E-,c,49.875,13.0
400,G,C,5,c,"(0, 3, 7)",i,C,E-,c,50.0,13.0
401,G,C,5,c,"(0, 3, 7)",i,C,E-,c,50.125,13.0
402,G,C,5,c,"(0, 3, 7)",i,C,E-,c,50.25,13.0
403,G,C,5,c,"(0, 3, 7)",i,C,E-,c,50.375,13.0
404,G,C,5,c,"(0, 3, 7)",i,C,E-,c,50.5,13.0
405,G,C,5,c,"(0, 3, 7)",i,C,E-,c,50.625,13.0
406,G,C,5,c,"(0, 3, 7)",i,C,E-,c,50.75,13.0
407,G,C,5,c,"(0, 3, 7)",i,C,E-,c,50.875,13.0
408,G,C,5,c,"(0, 3, 7)",i,C,E-,c,51.0,13.0
409,G,C,5,c,"(0, 3, 7)",i,C,E-,c,51.125,13.0
410,G,C,5,c,"(0, 3, 7)",i,C,E-,c,51.25,13.0
411,G,C,5,c,"(0, 3, 7)",i,C,E-,c,51.375,13.0
412,G,C,5,c,"(0, 3, 7)",i,C,E-,c,51.5,13.0
413,G,C,5,c,"(0, 3, 7)",i,C,E-,c,51.625,13.0
414,G,C,5,c,"(0, 3, 7)",i,C,E-,c,51.75,13.0
415,G,C,5,c,"(0, 3, 7)",i,C,E-,c,51.875,13.0
416,A,C,0,c,"(0, 3, 6, 9)",i,A,E-,g,52.0,14.0
417,A,C,1,c,"(0, 3, 6, 9)",viio7,A,E-,g,52.125,14.0
418,A,C,2,c,"(0, 3, 6, 9)",viio7,A,E-,g,52.25,14.0
419,A,C,2,c,"(0, 3, 6, 9)",viio7,A,E-,g,52.375,14.0
420,A,C,3,c,"(0, 3, 6, 9)",viio7,A,E-,g,52.5,14.0
421,A,C,3,c,"(0, 3, 6, 9)",viio7,A,E-,g,52.625,14.0
422,A,C,3,c,"(0, 3, 6, 9)",viio7,A,E-,g,52.75,14.0
423,A,C,3,c,"(0, 3, 6, 9)",viio7,A,E-,g,52.875,14.0
424,A,C,4,c,"(0, 3, 6, 9)",viio7,A,E-,g,53.0,14.0
425,A,C,4,c,"(0, 3, 6, 9)",viio7,A,E-,g,53.125,14.0
426,A,C,4,c,"(0, 3, 6, 9)",viio7,A,E-,g,53.25,14.0
427,A,C,4,c,"(0, 3, 6, 9)",viio7,A,E-,g,53.375,14.0
428,A,C,4,c,"(0, 3, 6, 9)",viio7,A,E-,g,53.5,14.0
429,A,C,4,c,"(0, 3, 6, 9)",viio7,A,E-,g,53.625,14.0
430,A,C,4,c,"(0, 3, 6, 9)",viio7,A,E-,g,53.75,14.0
431,A,C,4,c,"(0, 3, 6, 9)",viio7,A,E-,g,53.875,14.0
432,A,C,5,c,"(0, 3, 6, 9)",viio7,A,E-,g,54.0,14.0
433,A,C,5,c,"(0, 3, 6, 9)",viio7,A,E-,g,54.125,14.0
434,A,C,5,c,"(0, 3, 6, 9)",viio7,A,E-,g,54.25,14.0
435,A,C,5,c,"(0, 3, 6, 9)",viio7,A,E-,g,54.375,14.0
436,A,C,5,c,"(0, 3, 6, 9)",viio7,A,E-,g,54.5,14.0
437,A,C,5,c,"(0, 3, 6, 9)",viio7,A,E-,g,54.625,14.0
438,A,C,5,c,"(0, 3, 6, 9)",viio7,A,E-,g,54.75,14.0
439,A,C,5,c,"(0, 3, 6, 9)",viio7,A,E-,g,54.875,14.0
440,C,C,5,c,"(0, 3, 6, 9)",viio7,A,E-,g,55.0,14.0
441,C,C,5,c,"(0, 3, 6, 9)",viio7,A,E-,g,55.125,14.0
442,C,C,5,c,"(0, 3, 6, 9)",viio7,A,E-,g,55.25,14.0
443,C,C,5,c,"(0, 3, 6, 9)",viio7,A,E-,g,55.375,14.0
444,C,C,5,c,"(0, 3, 6, 9)",viio7,A,E-,g,55.5,14.0
445,C,C,5,c,"(0, 3, 6, 9)",viio7,A,E-,g,55.625,14.0
446,C,C,5,c,"(0, 3, 6, 9)",viio7,A,E-,g,55.75,14.0
447,C,C,5,c,"(0, 3, 6, 9)",viio7,A,E-,g,55.875,14.0
448,G,B,0,c,"(2, 7, 11)",V,G,D,c,56.0,15.0
449,G,B,1,c,"(2, 7, 11)",V,G,D,c,56.125,15.0
450,G,B,2,c,"(2, 7, 11)",V,G,D,c,56.25,15.0
451,G,B,2,c,"(2, 7, 11)",V,G,D,c,56.375,15.0
452,G,B,3,c,"(2, 7, 11)",V,G,D,c,56.5,15.0
453,G,B,3,c,"(2, 7, 11)",V,G,D,c,56.625,15.0
454,G,B,3,c,"(2, 7, 11)",V,G,D,c,56.75,15.0
455,G,B,3,c,"(2, 7, 11)",V,G,D,c,56.875,15.0
456,G,B,4,c,"(2, 7, 11)",V,G,D,c,57.0,15.0
457,G,B,4,c,"(2, 7, 11)",V,G,D,c,57.125,15.0
458,G,B,4,c,"(2, 7, 11)",V,G,D,c,57.25,15.0
459,G,B,4,c,"(2, 7, 11)",V,G,D,c,57.375,15.0
460,G,B,4,c,"(2, 7, 11)",V,G,D,c,57.5,15.0
461,G,B,4,c,"(2, 7, 11)",V,G,D,c,57.625,15.0
462,G,B,4,c,"(2, 7, 11)",V,G,D,c,57.75,15.0
463,G,B,4,c,"(2, 7, 11)",V,G,D,c,57.875,15.0
464,G,B-,5,c,"(2, 7, 10)",V7,G,D,c,58.0,15.0
465,G,B-,5,c,"(2, 7, 10)",V7,G,D,c,58.125,15.0
466,G,B-,5,c,"(2, 7, 10)",V7,G,D,c,58.25,15.0
467,G,B-,5,c,"(2, 7, 10)",V7,G,D,c,58.375,15.0
468,G,B-,3,c,"(2, 7, 10)",V7,G,D,c,58.5,15.0
469,G,B-,3,c,"(2, 7, 10)",V7,G,D,c,58.625,15.0
470,G,B-,3,c,"(2, 7, 10)",V7,G,D,c,58.75,15.0
471,G,B-,3,c,"(2, 7, 10)",V7,G,D,c,58.875,15.0
472,G,B-,4,c,"(1, 4, 7, 10)",V7,G,D,c,59.0,15.0
473,G,B-,4,c,"(1, 4, 7, 10)",V7,G,D,c,59.125,15.0
474,G,B-,4,c,"(1, 4, 7, 10)",V7,G,D,c,59.25,15.0
475,G,B-,4,c,"(1, 4, 7, 10)",V7,G,D,c,59.375,15.0
476,G,B-,4,c,"(1, 4, 7, 10)",V7,G,D,c,59.5,15.0
477,G,B-,4,c,"(1, 4, 7, 10)",V7,G,D,c,59.625,15.0
478,G,B-,4,c,"(1, 4, 7, 10)",V7,G,D,c,59.75,15.0
479,G,B-,4,c,"(1, 4, 7, 10)",V7,G,D,c,59.875,15.0
480,F,A,0,c,"(0, 5, 9)",IV,F,C,C,60.0,16.0
481,F,A,1,c,"(0, 5, 9)",IV,F,C,C,60.125,16.0
482,F,A,2,c,"(0, 5, 9)",IV,F,C,C,60.25,16.0
483,F,A,2,c,"(0, 5, 9)",IV,F,C,C,60.375,16.0
484,F,A,3,c,"(0, 5, 9)",IV,F,C,C,60.5,16.0
485,F,A,3,c,"(0, 5, 9)",IV,F,C,C,60.625,16.0
486,F,A,3,c,"(0, 5, 9)",IV,F,C,C,60.75,16.0
487,F,A,3,c,"(0, 5, 9)",IV,F,C,C,60.875,16.0
488,F,A,4,c,"(0, 5, 9)",IV,F,C,C,61.0,16.0
489,F,A,4,c,"(0, 5, 9)",IV,F,C,C,61.125,16.0
490,F,A,4,c,"(0, 5, 9)",IV,F,C,C,61.25,16.0
491,F,A,4,c,"(0, 5, 9)",IV,F,C,C,61.375,16.0
492,F,A,4,c,"(0, 5, 9)",IV,F,C,C,61.5,16.0
493,F,A,4,c,"(0, 5, 9)",IV,F,C,C,61.625,16.0
494,F,A,4,c,"(0, 5, 9)",IV,F,C,C,61.75,16.0
495,F,A,4,c,"(0, 5, 9)",IV,F,C,C,61.875,16.0
496,F,A-,5,c,"(0, 5, 8)",iv,F,C,c,62.0,16.0
497,F,A-,5,c,"(0, 5, 8)",iv,F,C,c,62.125,16.0
498,F,A-,5,c,"(0, 5, 8)",iv,F,C,c,62.25,16.0
499,F,A-,5,c,"(0, 5, 8)",iv,F,C,c,62.375,16.0
500,F,A-,5,c,"(0, 5, 8)",iv,F,C,c,62.5,16.0
501,F,A-,5,c,"(0, 5, 8)",iv,F,C,c,62.625,16.0
502,F,A-,5,c,"(0, 5, 8)",iv,F,C,c,62.75,16.0
503,F,A-,5,c,"(0, 5, 8)",iv,F,C,c,62.875,16.0
504,F,A-,5,c,"(0, 5, 8)",iv,F,C,c,63.0,16.0
505,F,A-,5,c,"(0, 5, 8)",iv,F,C,c,63.125,16.0
506,F,A-,5,c,"(0, 5, 8)",iv,F,C,c,63.25,16.0
507,F,A-,5,c,"(0, 5, 8)",iv,F,C,c,63.375,16.0
508,F,A-,5,c,"(0, 5, 8)",iv,F,C,c,63.5,16.0
509,F,A-,5,c,"(0, 5, 8)",iv,F,C,c,63.625,16.0
510,F,A-,5,c,"(0, 5, 8)",iv,F,C,c,63.75,16.0
511,F,A-,5,c,"(0, 5, 8)",iv,F,C,c,63.875,16.0
512,E,G,0,c,"(0, 4, 7)",I,C,C,C,64.0,17.0
513,E,G,1,c,"(0, 4, 7)",I,C,C,C,64.125,17.0
514,E,G,2,c,"(0, 4, 7)",I,C,C,C,64.25,17.0
515,E,G,2,c,"(0, 4, 7)",I,C,C,C,64.375,17.0
516,E,G,3,c,"(0, 4, 7)",I,C,C,C,64.5,17.0
517,E,G,3,c,"(0, 4, 7)",I,C,C,C,64.625,17.0
518,E,G,3,c,"(0, 4, 7)",I,C,C,C,64.75,17.0
519,E,G,3,c,"(0, 4, 7)",I,C,C,C,64.875,17.0
520,E,G,4,c,"(0, 4, 7)",I,C,C,C,65.0,17.0
521,E,G,4,c,"(0, 4, 7)",I,C,C,C,65.125,17.0
522,E,G,4,c,"(0, 4, 7)",I,C,C,C,65.25,17.0
523,E,G,4,c,"(0, 4, 7)",I,C,C,C,65.375,17.0
524,E,G,4,c,"(0, 4, 7)",I,C,C,C,65.5,17.0
525,E,G,4,c,"(0, 4, 7)",I,C,C,C,65.625,17.0
526,E,G,4,c,"(0, 4, 7)",I,C,C,C,65.75,17.0
527,E,G,4,c,"(0, 4, 7)",I,C,C,C,65.875,17.0
528,E,G,5,c,"(0, 4, 7)",I,C,C,C,66.0,17.0
529,E,G,5,c,"(0, 4, 7)",I,C,C,C,66.125,17.0
530,E,G,5,c,"(0, 4, 7)",I,C,C,C,66.25,17.0
531,E,G,5,c,"(0, 4, 7)",I,C,C,C,66.375,17.0
532,E,G,5,c,"(0, 4, 7)",I,C,C,C,66.5,17.0
533,E,G,5,c,"(0, 4, 7)",I,C,C,C,66.625,17.0
534,E,G,5,c,"(0, 4, 7)",I,C,C,C,66.75,17.0
535,E,G,5,c,"(0, 4, 7)",I,C,C,C,66.875,17.0
536,C,G,5,c,"(0, 4, 7)",I,C,C,C,67.0,17.0
537,C,G,5,c,"(0, 4, 7)",I,C,C,C,67.125,17.0
538,C,G,5,c,"(0, 4, 7)",I,C,C,C,67.25,17.0
539,C,G,5,c,"(0, 4, 7)",I,C,C,C,67.375,17.0
540,C,G,5,c,"(0, 4, 7)",VI,C,C,C,67.5,17.0
541,C,G,5,c,"(0, 4, 7)",VI,C,C,c,67.625,17.0
542,C,G,5,c,"(0, 4, 7)",VI,C,C,c,67.75,17.0
543,C,G,5,c,"(0, 4, 7)",VI,C,C,c,67.875,17.0
544,D,G,0,c,"(2, 7, 11)",V,G,B,c,68.0,18.0
545,D,G,1,c,"(2, 7, 11)",V,G,B,c,68.125,18.0
546,D,G,2,c,"(2, 7, 11)",V,G,B,c,68.25,18.0
547,D,G,2,c,"(2, 7, 11)",V,G,B,c,68.375,18.0
548,D,G,3,c,"(2, 7, 11)",V,G,B,c,68.5,18.0
549,D,G,3,c,"(2, 7, 11)",V,G,B,c,68.625,18.0
550,D,G,3,c,"(2, 7, 11)",V,G,B,c,68.75,18.0
551,D,G,3,c,"(2, 7, 11)",V,G,B,c,68.875,18.0
552,D,G,0,c,"(2, 5, 7, 11)",V7,G,B,c,69.0,18.0
553,D,G,1,c,"(2, 5, 7, 11)",V7,G,B,c,69.125,18.0
554,D,G,2,c,"(2, 5, 7, 11)",V7,G,B,c,69.25,18.0
555,D,G,2,c,"(2, 5, 7, 11)",V7,G,B,c,69.375,18.0
556,D,G,4,c,"(2, 5, 7, 11)",V7,G,B,c,69.5,18.0
557,D,G,4,c,"(2, 5, 7, 11)",V7,G,B,c,69.625,18.0
558,D,G,4,c,"(2, 5, 7, 11)",V7,G,B,c,69.75,18.0
559,D,G,4,c,"(2, 5, 7, 11)",V7,G,B,c,69.875,18.0
560,D,G,5,c,"(2, 5, 7, 11)",V7,A-,B,c,70.0,18.0
561,D,G,5,c,"(2, 5, 7, 11)",V7,A-,B,c,70.125,18.0
562,D,G,5,c,"(2, 5, 7, 11)",V7,A-,B,c,70.25,18.0
563,D,G,5,c,"(2, 5, 7, 11)",V7,A-,B,c,70.375,18.0
564,D,G,5,c,"(2, 5, 7, 11)",V7,A-,B,c,70.5,18.0
565,D,G,5,c,"(2, 5, 7, 11)",V7,A-,B,c,70.625,18.0
566,D,G,5,c,"(2, 5, 7, 11)",V7,A-,B,c,70.75,18.0
567,D,G,5,c,"(2, 5, 7, 11)",V7,A-,B,c,70.875,18.0
568,D,G,5,c,"(2, 5, 7, 11)",V7,A-,B,c,71.0,18.0
569,D,G,5,c,"(2, 5, 7, 11)",V7,A-,B,c,71.125,18.0
570,D,G,5,c,"(2, 5, 7, 11)",V7,A-,B,c,71.25,18.0
571,D,G,5,c,"(2, 5, 7, 11)",V7,A-,B,c,71.375,18.0
572,D,G,5,c,"(2, 5, 7, 11)",V7,A-,B,c,71.5,18.0
573,D,G,5,c,"(2, 5, 7, 11)",V7,A-,B,c,71.625,18.0
574,D,G,5,c,"(2, 5, 7, 11)",V7,A-,B,c,71.75,18.0
575,D,G,5,c,"(2, 5, 7, 11)",V7,A-,B,c,71.875,18.0
576,G,C,0,c,"(0, 3, 7)",i,C,E-,c,72.0,19.0
577,G,C,1,c,"(0, 3, 7)",i,C,E-,c,72.125,19.0
578,G,C,2,c,"(0, 3, 7)",i,C,E-,c,72.25,19.0
579,G,C,2,c,"(0, 3, 7)",i,C,E-,c,72.375,19.0
580,G,C,3,c,"(0, 3, 7)",i,C,E-,c,72.5,19.0
581,G,C,3,c,"(0, 3, 7)",i,C,E-,c,72.625,19.0
582,G,C,3,c,"(0, 3, 7)",i,C,E-,c,72.75,19.0
583,G,C,3,c,"(0, 3, 7)",i,C,E-,c,72.875,19.0
584,G,C,4,c,"(0, 3, 7)",i,C,E-,c,73.0,19.0
585,G,C,4,c,"(0, 3, 7)",i,C,E-,c,73.125,19.0
586,G,C,4,c,"(0, 3, 7)",i,C,E-,c,73.25,19.0
587,G,C,4,c,"(0, 3, 7)",i,C,E-,c,73.375,19.0
588,G,C,4,c,"(0, 3, 7)",i,C,E-,c,73.5,19.0
589,G,C,4,c,"(0, 3, 7)",i,C,E-,c,73.625,19.0
590,G,C,4,c,"(0, 3, 7)",i,C,E-,c,73.75,19.0
591,G,C,4,c,"(0, 3, 7)",i,C,E-,c,73.875,19.0
592,G,C,5,c,"(0, 3, 7)",i,C,E-,c,74.0,19.0
593,G,C,5,c,"(0, 3, 7)",i,C,E-,c,74.125,19.0
594,G,C,5,c,"(0, 3, 7)",i,C,E-,c,74.25,19.0
595,G,C,5,c,"(0, 3, 7)",i,C,E-,c,74.375,19.0
596,G,C,5,c,"(0, 3, 7)",i,C,E-,c,74.5,19.0
597,G,C,5,c,"(0, 3, 7)",i,C,E-,c,74.625,19.0
598,G,C,5,c,"(0, 3, 7)",i,C,E-,c,74.75,19.0
599,G,C,5,c,"(0, 3, 7)",i,C,E-,c,74.875,19.0
600,G,C,5,c,"(0, 3, 7)",i,C,E-,c,75.0,19.0
601,G,C,5,c,"(0, 3, 7)",i,C,E-,c,75.125,19.0
602,G,C,5,c,"(0, 3, 7)",i,C,E-,c,75.25,19.0
603,G,C,5,c,"(0, 3, 7)",i,C,E-,c,75.375,19.0
604,G,C,5,c,"(0, 3, 7)",i,C,E-,c,75.5,19.0
605,G,C,5,c,"(0, 3, 7)",i,C,E-,c,75.625,19.0
606,G,C,5,c,"(0, 3, 7)",i,C,E-,c,75.75,19.0
607,G,C,5,c,"(0, 3, 7)",i,C,E-,c,75.875,19.0
608,G,C,0,c,"(0, 3, 7)",i,C,E-,c,76.0,20.0
609,G,C,1,c,"(0, 3, 7)",i,C,E-,c,76.125,20.0
610,G,C,2,c,"(0, 3, 7)",i,C,E-,c,76.25,20.0
611,G,C,2,c,"(0, 3, 7)",i,C,E-,c,76.375,20.0
612,G,C,3,c,"(0, 3, 7)",i,C,E-,c,76.5,20.0
613,G,C,3,c,"(0, 3, 7)",i,C,E-,c,76.625,20.0
614,G,C,3,c,"(0, 3, 7)",i,C,E-,c,76.75,20.0
615,G,C,3,c,"(0, 3, 7)",i,C,E-,c,76.875,20.0
616,G,C,4,c,"(0, 3, 7)",i,C,E-,c,77.0,20.0
617,G,C,4,c,"(0, 3, 7)",i,C,E-,c,77.125,20.0
618,G,C,4,c,"(0, 3, 7)",i,C,E-,c,77.25,20.0
619,G,C,4,c,"(0, 3, 7)",i,C,E-,c,77.375,20.0
620,G,C,4,c,"(0, 3, 7)",i,C,E-,c,77.5,20.0
621,G,C,4,c,"(0, 3, 7)",i,C,E-,c,77.625,20.0
622,G,C,4,c,"(0, 3, 7)",i,C,E-,c,77.75,20.0
623,G,C,4,c,"(0, 3, 7)",i,C,E-,c,77.875,20.0
624,G,C,5,c,"(0, 3, 7)",i,C,E-,c,78.0,20.0
625,G,C,5,c,"(0, 3, 7)",i,C,E-,c,78.125,20.0
626,G,C,5,c,"(0, 3, 7)",i,C,E-,c,78.25,20.0
627,G,C,5,c,"(0, 3, 7)",i,C,E-,c,78.375,20.0
628,G,C,5,c,"(0, 3, 7)",i,C,E-,c,78.5,20.0
629,G,C,5,c,"(0, 3, 7)",i,C,E-,c,78.625,20.0
630,G,C,5,c,"(0, 3, 7)",i,C,E-,c,78.75,20.0
631,G,C,5,c,"(0, 3, 7)",i,C,E-,c,78.875,20.0
632,G,C,5,c,"(0, 3, 7)",i,C,E-,c,79.0,20.0
633,G,C,5,c,"(0, 3, 7)",i,C,E-,c,79.125,20.0
634,G,C,5,c,"(0, 3, 7)",i,C,E-,c,79.25,20.0
635,G,C,5,c,"(0, 3, 7)",i,C,E-,c,79.375,20.0
636,G,C,5,c,"(0, 3, 7)",i,C,E-,c,79.5,20.0
637,G,C,5,c,"(0, 3, 7)",i,C,E-,c,79.625,20.0
638,G,C,5,c,"(0, 3, 7)",i,C,E-,c,79.75,20.0
639,G,C,5,c,"(0, 3, 7)",i,C,E-,c,79.875,20.0
640,G,C,0,c,"(0, 3, 7)",i,C,E-,c,80.0,21.0
641,G,C,1,c,"(0, 3, 7)",i,C,E-,c,80.125,21.0
642,G,C,2,c,"(0, 3, 7)",i,C,E-,c,80.25,21.0
643,G,C,2,c,"(0, 3, 7)",i,C,E-,c,80.375,21.0
644,G,C,3,c,"(0, 3, 7)",i,C,E-,c,80.5,21.0
645,G,C,3,c,"(0, 3, 7)",i,C,E-,c,80.625,21.0
646,G,C,3,c,"(0, 3, 7)",i,C,E-,c,80.75,21.0
647,G,C,3,c,"(0, 3, 7)",i,C,E-,c,80.875,21.0
648,G,C,4,c,"(0, 3, 7)",i,C,E-,c,81.0,21.0
649,G,C,4,c,"(0, 3, 7)",i,C,E-,c,81.125,21.0
650,G,C,4,c,"(0, 3, 7)",i,C,E-,c,81.25,21.0
651,G,C,4,c,"(0, 3, 7)",i,C,E-,c,81.375,21.0
652,G,C,4,c,"(0, 3, 7)",i,C,E-,c,81.5,21.0
653,G,C,4,c,"(0, 3, 7)",i,C,E-,c,81.625,21.0
654,G,C,4,c,"(0, 3, 7)",i,C,E-,c,81.75,21.0
655,G,C,4,c,"(0, 3, 7)",i,C,E-,c,81.875,21.0
656,G,C,5,c,"(0, 3, 7)",i,C,E-,c,82.0,21.0
657,G,C,5,c,"(0, 3, 7)",i,C,E-,c,82.125,21.0
658,G,C,5,c,"(0, 3, 7)",i,C,E-,c,82.25,21.0
659,G,C,5,c,"(0, 3, 7)",i,C,E-,c,82.375,21.0
660,G,C,5,c,"(0, 3, 7)",i,C,E-,c,82.5,21.0
661,G,C,5,c,"(0, 3, 7)",i,C,E-,c,82.625,21.0
662,G,C,5,c,"(0, 3, 7)",i,C,E-,c,82.75,21.0
663,G,C,5,c,"(0, 3, 7)",i,C,E-,c,82.875,21.0
664,G,C,5,c,"(0, 3, 7)",i,C,E-,c,83.0,21.0
665,G,C,5,c,"(0, 3, 7)",i,C,E-,c,83.125,21.0
666,G,C,5,c,"(0, 3, 7)",i,C,E-,c,83.25,21.0
667,G,C,5,c,"(0, 3, 7)",i,C,E-,c,83.375,21.0
668,G,C,5,c,"(0, 3, 7)",i,C,E-,c,83.5,21.0
669,G,C,5,c,"(0, 3, 7)",i,C,E-,c,83.625,21.0
670,G,C,5,c,"(0, 3, 7)",i,C,E-,c,83.75,21.0
671,G,C,5,c,"(0, 3, 7)",i,C,E-,c,83.875,21.0
672,G,C,0,c,"(0, 3, 7)",i,C,E-,c,84.0,22.0
673,G,C,1,c,"(0, 3, 7)",i,C,E-,c,84.125,22.0
674,G,C,2,c,"(0, 3, 7)",i,C,E-,c,84.25,22.0
675,G,C,2,c,"(0, 3, 7)",i,C,E-,c,84.375,22.0
676,G,C,3,c,"(0, 3, 7)",i,C,E-,c,84.5,22.0
677,G,C,3,c,"(0, 3, 7)",i,C,E-,c,84.625,22.0
678,G,C,3,c,"(0, 3, 7)",i,C,E-,c,84.75,22.0
679,G,C,3,c,"(0, 3, 7)",i,C,E-,c,84.875,22.0
680,G,C,4,c,"(0, 3, 7)",i,C,E-,c,85.0,22.0
681,G,C,4,c,"(0, 3, 7)",i,C,E-,c,85.125,22.0
682,G,C,4,c,"(0, 3, 7)",i,C,E-,c,85.25,22.0
683,G,C,4,c,"(0, 3, 7)",i,C,E-,c,85.375,22.0
684,G,C,4,c,"(0, 3, 7)",i,C,E-,c,85.5,22.0
685,G,C,4,c,"(0, 3, 7)",i,C,E-,c,85.625,22.0
686,G,C,4,c,"(0, 3, 7)",i,C,E-,c,85.75,22.0
687,G,C,4,c,"(0, 3, 7)",i,C,E-,c,85.875,22.0
688,G,C,5,c,"(0, 3, 7)",i,C,E-,c,86.0,22.0
689,G,C,5,c,"(0, 3, 7)",i,C,E-,c,86.125,22.0
690,G,C,5,c,"(0, 3, 7)",i,C,E-,c,86.25,22.0
691,G,C,5,c,"(0, 3, 7)",i,C,E-,c,86.375,22.0
692,G,C,5,c,"(0, 3, 7)",i,C,E-,c,86.5,22.0
693,G,C,5,c,"(0, 3, 7)",i,C,E-,c,86.625,22.0
694,G,C,5,c,"(0, 3, 7)",i,C,E-,c,86.75,22.0
695,G,C,5,c,"(0, 3, 7)",i,C,E-,c,86.875,22.0
696,G,C,5,c,"(0, 3, 7)",i,C,E-,c,87.0,22.0
697,G,C,5,c,"(0, 3, 7)",i,C,E-,c,87.125,22.0
698,G,C,5,c,"(0, 3, 7)",i,C,E-,c,87.25,22.0
699,G,C,5,c,"(0, 3, 7)",i,C,E-,c,87.375,22.0
700,G,C,5,c,"(0, 3, 7)",i,C,E-,c,87.5,22.0
701,G,C,5,c,"(0, 3, 7)",i,C,E-,c,87.625,22.0
702,G,C,5,c,"(0, 3, 7)",i,C,E-,c,87.75,22.0
703,G,C,5,c,"(0, 3, 7)",i,C,E-,c,87.875,22.0
704,G,C,0,c,"(0, 3, 7)",i,C,E-,c,88.0,23.0
705,G,C,1,c,"(0, 3, 7)",i,C,E-,c,88.125,23.0
706,G,C,2,c,"(0, 3, 7)",i,C,E-,c,88.25,23.0
707,G,C,2,c,"(0, 3, 7)",i,C,E-,c,88.375,23.0
708,G,C,3,c,"(0, 3, 7)",i,C,E-,c,88.5,23.0
709,G,C,3,c,"(0, 3, 7)",i,C,E-,c,88.625,23.0
710,G,C,3,c,"(0, 3, 7)",i,C,E-,c,88.75,23.0
711,G,C,3,c,"(0, 3, 7)",i,C,E-,c,88.875,23.0
712,G,C,4,c,"(0, 3, 7)",i,C,E-,c,89.0,23.0
713,G,C,4,c,"(0, 3, 7)",i,C,E-,c,89.125,23.0
714,G,C,4,c,"(0, 3, 7)",i,C,E-,c,89.25,23.0
715,G,C,4,c,"(0, 3, 7)",i,C,E-,c,89.375,23.0
716,G,C,4,c,"(0, 3, 7)",i,C,E-,c,89.5,23.0
717,G,C,4,c,"(0, 3, 7)",i,C,E-,c,89.625,23.0
718,G,C,4,c,"(0, 3, 7)",i,C,E-,c,89.75,23.0
719,G,C,4,c,"(0, 3, 7)",i,C,E-,c,89.875,23.0
720,G,C,5,c,"(0, 3, 7)",i,C,E-,c,90.0,23.0
721,G,C,5,c,"(0, 3, 7)",i,C,E-,c,90.125,23.0
722,G,C,5,c,"(0, 3, 7)",i,C,E-,c,90.25,23.0
723,G,C,5,c,"(0, 3, 7)",i,C,E-,c,90.375,23.0
724,G,C,5,c,"(0, 3, 7)",i,C,E-,c,90.5,23.0
725,G,C,5,c,"(0, 3, 7)",i,C,E-,c,90.625,23.0
726,G,C,5,c,"(0, 3, 7)",i,C,E-,c,90.75,23.0
727,G,C,5,c,"(0, 3, 7)",i,C,E-,c,90.875,23.0
728,G,C,5,c,"(0, 3, 7)",i,C,E-,c,91.0,23.0
729,G,C,5,c,"(0, 3, 7)",i,C,E-,c,91.125,23.0
730,G,C,5,c,"(0, 3, 7)",i,C,E-,c,91.25,23.0
731,G,C,5,c,"(0, 3, 7)",i,C,E-,c,91.375,23.0
732,G,C,5,c,"(0, 3, 7)",i,C,E-,c,91.5,23.0
733,G,C,5,c,"(0, 3, 7)",i,C,E-,c,91.625,23.0
734,G,C,5,c,"(0, 3, 7)",i,C,E-,c,91.75,23.0
735,G,C,5,c,"(0, 3, 7)",i,C,E-,c,91.875,23.0
736,C,F,0,c,"(0, 3, 5, 9)",V7,A,A,B-,92.0,24.0
737,C,F,1,c,"(0, 3, 5, 9)",V7,E-,A,B-,92.125,24.0
738,C,F,2,c,"(0, 3, 5, 9)",V7,E-,A,B-,92.25,24.0
739,C,F,2,c,"(0, 3, 5, 9)",V7,E-,A,B-,92.375,24.0
740,C,F,3,c,"(0, 3, 5, 9)",V7,E-,A,B-,92.5,24.0
741,C,F,3,c,"(0, 3, 5, 9)",V7,E-,A,B-,92.625,24.0
742,C,F,3,c,"(0, 3, 5, 9)",V7,E-,A,B-,92.75,24.0
743,C,F,3,c,"(0, 3, 5, 9)",V7,E-,A,B-,92.875,24.0
744,C,F,4,c,"(0, 3, 5, 9)",V7,E-,A,B-,93.0,24.0
745,C,F,4,c,"(0, 3, 5, 9)",V7,E-,A,B-,93.125,24.0
746,C,F,4,c,"(0, 3, 5, 9)",V7,E-,A,B-,93.25,24.0
747,C,F,4,c,"(0, 3, 5, 9)",V7,E-,A,B-,93.375,24.0
748,C,F,4,c,"(0, 3, 5, 9)",V7,E-,A,B-,93.5,24.0
749,C,F,4,c,"(0, 3, 5, 9)",V7,E-,A,B-,93.625,24.0
750,C,F,4,c,"(0, 3, 5, 9)",V7,E-,A,B-,93.75,24.0
751,C,F,4,c,"(0, 3, 5, 9)",V7,E-,A,B-,93.875,24.0
752,C,F,5,c,"(0, 3, 5, 9)",V7,E-,A,B-,94.0,24.0
753,C,F,5,c,"(0, 3, 5, 9)",V7,E-,A,B-,94.125,24.0
754,C,F,5,c,"(0, 3, 5, 9)",V7,E-,A,B-,94.25,24.0
755,C,F,5,c,"(0, 3, 5, 9)",V7,E-,A,B-,94.375,24.0
756,C,F,5,c,"(0, 3, 5, 9)",V7,E-,A,B-,94.5,24.0
757,C,F,5,c,"(0, 3, 5, 9)",V7,E-,A,B-,94.625,24.0
758,C,F,5,c,"(0, 3, 5, 9)",V7,E-,A,B-,94.75,24.0
759,C,F,5,c,"(0, 3, 5, 9)",V7,E-,A,B-,94.875,24.0
760,C,F,5,c,"(0, 3, 5, 9)",V7,E-,A,B-,95.0,24.0
761,C,F,5,c,"(0, 3, 5, 9)",V7,E-,A,B-,95.125,24.0
762,C,F,5,c,"(0, 3, 5, 9)",V7,E-,A,B-,95.25,24.0
763,C,F,5,c,"(0, 3, 5, 9)",V7,E-,A,B-,95.375,24.0
764,C,F,5,c,"(0, 3, 5, 9)",V7,E-,A,B-,95.5,24.0
765,C,F,5,c,"(0, 3, 5, 9)",V7,E-,A,B-,95.625,24.0
766,C,F,5,c,"(0, 3, 5, 9)",V7,E-,A,B-,95.75,24.0
767,C,F,5,c,"(0, 3, 5, 9)",V7,E-,A,B-,95.875,24.0
768,B-,B-,0,c,"(2, 5, 10)",V7,B-,D,E-,96.0,25.0
769,F,B-,1,c,"(2, 5, 10)",V,B-,D,E-,96.125,25.0
770,F,B-,2,c,"(2, 5, 10)",V,B-,D,E-,96.25,25.0
771,F,B-,2,c,"(2, 5, 10)",V,B-,D,E-,96.375,25.0
772,F,B-,3,c,"(2, 5, 10)",V7,B-,D,E-,96.5,25.0
773,F,B-,3,c,"(2, 5, 10)",V7,B-,D,E-,96.625,25.0
774,F,B-,3,c,"(2, 5, 10)",V7,B-,D,E-,96.75,25.0
775,F,B-,3,c,"(2, 5, 10)",V7,B-,D,E-,96.875,25.0
776,F,B-,4,c,"(2, 5, 10)",V7,B-,D,E-,97.0,25.0
777,F,B-,4,c,"(2, 5, 10)",V7,B-,D,E-,97.125,25.0
778,F,B-,4,c,"(2, 5, 10)",V7,B-,D,E-,97.25,25.0
779,F,B-,4,c,"(2, 5, 10)",V7,B-,D,E-,97.375,25.0
780,F,B-,4,c,"(2, 5, 10)",V7,B-,D,E-,97.5,25.0
781,F,B-,4,c,"(2, 5, 10)",V7,B-,D,E-,97.625,25.0
782,B-,B-,4,c,"(2, 5, 10)",V7,B-,D,E-,97.75,25.0
783,B-,B-,4,B-,"(2, 5, 10)",V7,B-,D,E-,97.875,25.0
784,B-,B-,5,c,"(2, 5, 10)",V7,B-,D,E-,98.0,25.0
785,B-,B-,5,c,"(2, 5, 10)",V7,B-,D,E-,98.125,25.0
786,B-,B-,5,c,"(2, 5, 10)",V7,B-,D,E-,98.25,25.0
787,B-,B-,5,c,"(2, 5, 10)",V7,B-,D,E-,98.375,25.0
788,B-,B-,5,c,"(2, 5, 10)",V7,B-,D,E-,98.5,25.0
789,B-,B-,5,c,"(2, 5, 10)",V7,B-,D,E-,98.625,25.0
790,B-,B-,5,c,"(2, 5, 10)",V7,B-,D,E-,98.75,25.0
791,B-,B-,5,c,"(2, 5, 10)",V7,B-,D,E-,98.875,25.0
792,B-,B-,5,c,"(2, 5, 10)",V7,B-,D,E-,99.0,25.0
793,B-,B-,5,c,"(2, 5, 10)",V7,B-,D,E-,99.125,25.0
794,B-,B-,5,c,"(2, 5, 10)",V7,B-,D,E-,99.25,25.0
795,B-,B-,5,c,"(2, 5, 10)",V7,B-,D,E-,99.375,25.0
796,F,B-,5,c,"(2, 5, 10)",V7,B-,D,B-,99.5,25.0
797,F,B-,5,c,"(2, 5, 10)",V7,B-,D,B-,99.625,25.0
798,F,B-,5,c,"(2, 5, 10)",V7,B-,D,B-,99.75,25.0
799,F,B-,5,c,"(2, 5, 10)",V7,B-,D,B-,99.875,25.0
800,E,E,0,c,"(0, 4, 7, 10)",V7,E,G,f,100.0,26.0
801,E,E,1,c,"(0, 4, 7, 10)",V7,E,G,f,100.125,26.0
802,E,E,2,c,"(0, 4, 7, 10)",V7,E,G,f,100.25,26.0
803,E,E,2,c,"(0, 4, 7, 10)",V7,E,G,f,100.375,26.0
804,E,E,3,c,"(0, 4, 7, 10)",V7,E,G,f,100.5,26.0
805,E,E,3,c,"(0, 4, 7, 10)",V7,E,G,f,100.625,26.0
806,E,E,3,c,"(0, 4, 7, 10)",V7,E,G,f,100.75,26.0
807,E,E,3,c,"(0, 4, 7, 10)",V7,E,G,f,100.875,26.0
808,E,E,4,c,"(0, 4, 7, 10)",V7,E,G,f,101.0,26.0
809,E,E,4,B-,"(0, 4, 7, 10)",V7,E,G,f,101.125,26.0
810,E,E,4,B-,"(0, 4, 7, 10)",V7,E,G,f,101.25,26.0
811,E,E,4,B-,"(0, 4, 7, 10)",V7,E,G,f,101.375,26.0
812,F,B-,4,c,"(0, 4, 7, 10)",V7,B-,G,f,101.5,26.0
813,F,B-,4,B-,"(0, 4, 7, 10)",V7,B-,G,f,101.625,26.0
814,F,B-,4,B-,"(0, 4, 7, 10)",V7,B-,G,f,101.75,26.0
815,F,B-,4,B-,"(0, 4, 7, 10)",V7,B-,G,f,101.875,26.0
816,F,B-,5,B-,"(2, 5, 10)",V7,B-,B-,f,102.0,26.0
817,F,B-,5,B-,"(2, 5, 10)",V7,B-,B-,f,102.125,26.0
818,F,B-,5,B-,"(2, 5, 10)",V7,B-,B-,f,102.25,26.0
819,F,B-,5,B-,"(2, 5, 10)",V7,B-,B-,f,102.375,26.0
820,F,B-,5,B-,"(2, 5, 10)",V7,B-,B-,f,102.5,26.0
821,F,B-,5,B-,"(2, 5, 10)",V7,B-,B-,f,102.625,26.0
822,F,B-,5,B-,"(2, 5, 10)",V7,B-,B-,f,102.75,26.0
823,F,B-,5,B-,"(2, 5, 10)",V7,B-,B-,f,102.875,26.0
824,F,B-,0,B-,"(2, 5, 10)",V7,B-,B-,b-,103.0,26.0
825,F,B-,5,B-,"(2, 5, 10)",V7,B-,B-,b-,103.125,26.0
826,F,B-,5,B-,"(2, 5, 10)",V7,B-,B-,b-,103.25,26.0
827,F,B-,5,B-,"(2, 5, 10)",V7,B-,B-,b-,103.375,26.0
828,F,B-,3,B-,"(2, 5, 10)",V7,B-,B-,b-,103.5,26.0
829,F,B-,3,B-,"(2, 5, 10)",V7,B-,B-,b-,103.625,26.0
830,F,B-,3,B-,"(2, 5, 10)",V7,B-,B-,b-,103.75,26.0
831,F,B-,3,B-,"(2, 5, 10)",V7,B-,B-,b-,103.875,26.0
832,F,B-,0,B-,"(2, 5, 10)",V,B-,D,B-,104.0,27.0
833,F,B-,1,B-,"(2, 5, 10)",V,B-,D,B-,104.125,27.0
834,F,B-,2,B-,"(2, 5, 10)",V,B-,D,B-,104.25,27.0
835,F,B-,2,B-,"(2, 5, 10)",V,B-,D,B-,104.375,27.0
836,F,B-,3,B-,"(2, 5, 10)",V,B-,D,B-,104.5,27.0
837,F,B-,3,B-,"(2, 5, 10)",V,B-,D,B-,104.625,27.0
838,F,B-,3,B-,"(2, 5, 10)",V,B-,D,B-,104.75,27.0
839,F,B-,3,B-,"(2, 5, 10)",V,B-,D,B-,104.875,27.0
840,F,B-,4,B-,"(2, 5, 10)",V,B-,D,B-,105.0,27.0
841,F,B-,4,B-,"(2, 5, 10)",V,B-,D,B-,105.125,27.0
842,F,B-,4,B-,"(2, 5, 10)",V,B-,D,B-,105.25,27.0
843,F,B-,4,B-,"(2, 5, 10)",V,B-,D,B-,105.375,27.0
844,F,B-,4,B-,"(2, 5, 10)",V,B-,D,B-,105.5,27.0
845,F,B-,4,B-,"(2, 5, 10)",V,B-,D,B-,105.625,27.0
846,F,B-,4,B-,"(2, 5, 10)",V,B-,D,B-,105.75,27.0
847,F,B-,4,B-,"(2, 5, 10)",V7,B-,D,B-,105.875,27.0
848,F,B-,5,B-,"(2, 5, 10)",V7,B-,D,B-,106.0,27.0
849,F,B-,5,B-,"(2, 5, 10)",V7,B-,D,B-,106.125,27.0
850,F,B-,5,B-,"(2, 5, 10)",V7,B-,D,B-,106.25,27.0
851,F,B-,5,B-,"(2, 5, 10)",V7,B-,D,B-,106.375,27.0
852,F,B-,5,B-,"(2, 5, 10)",V7,B-,D,B-,106.5,27.0
853,F,B-,5,B-,"(2, 5, 10)",V7,B-,D,B-,106.625,27.0
854,F,B-,5,B-,"(2, 5, 10)",V7,B-,D,B-,106.75,27.0
855,F,B-,5,B-,"(2, 5, 10)",V7,B-,D,B-,106.875,27.0
856,C,F,0,B-,"(0, 3, 5, 9)",V7,E-,A,B-,107.0,27.0
857,C,F,1,B-,"(0, 3, 5, 9)",V7,E-,A,B-,107.125,27.0
858,C,F,5,B-,"(0, 3, 5, 9)",V7,E-,A,B-,107.25,27.0
859,C,F,2,B-,"(0, 3, 5, 9)",V7,E-,A,B-,107.375,27.0
860,C,F,3,B-,"(0, 3, 5, 9)",V7,E-,A,B-,107.5,27.0
861,C,F,3,B-,"(0, 3, 5, 9)",V7,E-,A,B-,107.625,27.0
862,C,F,3,B-,"(0, 3, 5, 9)",V7,E-,A,B-,107.75,27.0
863,C,F,3,B-,"(0, 3, 5, 9)",V7,E-,A,B-,107.875,27.0
864,F,B-,0,B-,"(2, 5, 10)",V,B-,D,B-,108.0,28.0
865,F,B-,1,B-,"(2, 5, 10)",V,B-,D,B-,108.125,28.0
866,F,B-,2,e-,"(2, 5, 10)",V,B-,D,B-,108.25,28.0
867,F,B-,2,e-,"(2, 5, 10)",V,B-,D,B-,108.375,28.0
868,F,B-,3,e-,"(2, 5, 10)",V,B-,D,B-,108.5,28.0
869,F,B-,3,e-,"(2, 5, 10)",V,B-,D,B-,108.625,28.0
870,F,B-,3,e-,"(2, 5, 10)",V,B-,D,B-,108.75,28.0
871,F,B-,3,e-,"(2, 5, 10)",V,B-,D,B-,108.875,28.0
872,F,B-,4,e-,"(2, 5, 10)",V,B-,D,B-,109.0,28.0
873,F,B-,4,e-,"(2, 5, 10)",V,B-,D,B-,109.125,28.0
874,F,B-,4,e-,"(2, 5, 10)",V,B-,D,B-,109.25,28.0
875,F,B-,4,e-,"(2, 5, 10)",V,B-,D,B-,109.375,28.0
876,F,B-,4,e-,"(2, 5, 10)",V7,B-,D,B-,109.5,28.0
877,F,B-,4,e-,"(2, 5, 10)",V7,B-,D,B-,109.625,28.0
878,F,B-,4,e-,"(2, 5, 10)",V7,B-,D,B-,109.75,28.0
879,F,B-,4,e-,"(2, 5, 10)",V7,B-,D,B-,109.875,28.0
880,F,B-,5,e-,"(2, 5, 10)",V7,B-,D,B-,110.0,28.0
881,F,B-,5,e-,"(2, 5, 10)",N,B-,D,B-,110.125,28.0
882,F,B-,5,e-,"(2, 5, 10)",N,B-,D,B-,110.25,28.0
883,F,B-,5,e-,"(2, 5, 10)",N,B-,D,B-,110.375,28.0
884,F,B-,5,e-,"(2, 5, 10)",N,B-,D,B-,110.5,28.0
885,F,B-,5,e-,"(2, 5, 10)",N,B-,D,B-,110.625,28.0
886,F,B-,5,e-,"(2, 5, 10)",N,B-,D,B-,110.75,28.0
887,F,B-,5,e-,"(2, 5, 10)",N,B-,D,B-,110.875,28.0
888,F,B-,5,e-,"(2, 5, 10)",N,B-,D,B-,111.0,28.0
889,F,B-,5,e-,"(2, 5, 10)",N,B-,D,B-,111.125,28.0
890,F,B-,5,e-,"(2, 5, 10)",N,B-,D,B-,111.25,28.0
891,F,B-,5,e-,"(2, 5, 10)",N,B-,D,B-,111.375,28.0
892,F,B-,5,e-,"(2, 5, 10)",N,B-,D,B-,111.5,28.0
893,F,B-,5,e-,"(2, 5, 10)",N,B-,D,E-,111.625,28.0
894,F,B-,5,e-,"(2, 5, 10)",N,B-,D,E-,111.75,28.0
895,F,B-,5,e-,"(2, 5, 10)",N,B-,D,E-,111.875,28.0
896,D#,G#,0,d#,"(3, 8, 11)",i,G#,B,d#,112.0,29.0
897,D#,G#,1,d#,"(3, 8, 11)",i,G#,B,d#,112.125,29.0
898,D#,G#,2,d#,"(3, 8, 11)",i,G#,B,d#,112.25,29.0
899,D#,G#,2,d#,"(3, 8, 11)",i,G#,B,d#,112.375,29.0
900,D#,G#,3,d#,"(3, 8, 11)",i,G#,B,d#,112.5,29.0
901,D#,G#,3,d#,"(3, 8, 11)",i,G#,B,d#,112.625,29.0
902,D#,G#,3,d#,"(3, 8, 11)",i,G#,B,d#,112.75,29.0
903,D#,G#,3,d#,"(3, 8, 11)",i,G#,B,d#,112.875,29.0
904,D#,G#,4,d#,"(3, 8, 11)",i,G#,B,d#,113.0,29.0
905,D#,G#,4,d#,"(3, 8, 11)",i,G#,B,d#,113.125,29.0
906,D#,G#,4,d#,"(3, 8, 11)",i,G#,B,d#,113.25,29.0
907,D#,G#,4,d#,"(3, 8, 11)",i,G#,B,d#,113.375,29.0
908,D#,G#,4,d#,"(3, 8, 11)",i,G#,B,d#,113.5,29.0
909,D#,G#,4,d#,"(3, 8, 11)",i,G#,B,d#,113.625,29.0
910,D#,G#,4,d#,"(3, 8, 11)",i,G#,B,d#,113.75,29.0
911,D#,G#,4,d#,"(3, 8, 11)",i,G#,B,d#,113.875,29.0
912,D#,G#,5,d#,"(3, 8, 11)",i,G#,B,d#,114.0,29.0
913,D#,G#,5,d#,"(3, 8, 11)",i,G#,B,d#,114.125,29.0
914,D#,G#,5,d#,"(3, 8, 11)",i,G#,B,d#,114.25,29.0
915,D#,G#,5,d#,"(3, 8, 11)",i,G#,B,d#,114.375,29.0
916,D#,G#,5,d#,"(3, 8, 11)",i,G#,B,d#,114.5,29.0
917,D#,G#,5,d#,"(3, 8, 11)",i,G#,B,d#,114.625,29.0
918,D#,G#,5,d#,"(3, 8, 11)",i,G#,B,d#,114.75,29.0
919,D#,G#,5,d#,"(3, 8, 11)",i,G#,B,d#,114.875,29.0
920,D#,G#,5,d#,"(3, 8, 11)",i,G#,B,d#,115.0,29.0
921,D#,G#,5,d#,"(3, 8, 11)",i,G#,B,d#,115.125,29.0
922,D#,G#,5,d#,"(3, 8, 11)",i,G#,B,d#,115.25,29.0
923,D#,G#,5,d#,"(3, 8, 11)",i,G#,B,d#,115.375,29.0
924,D#,G#,5,d#,"(3, 8, 11)",i,G#,B,d#,115.5,29.0
925,B,G#,5,d#,"(3, 8, 11)",i,G#,B,d#,115.625,29.0
926,B,G#,5,d#,"(3, 8, 11)",i,G#,B,d#,115.75,29.0
927,B,G#,5,d#,"(3, 8, 11)",i,G#,B,d#,115.875,29.0
928,A#,D#,0,d#,"(3, 6, 10)",i,D#,F#,B,116.0,30.0
929,A#,D#,1,d#,"(3, 6, 10)",i,D#,F#,B,116.125,30.0
930,A#,D#,2,d#,"(3, 6, 10)",i,D#,F#,B,116.25,30.0
931,A#,D#,2,d#,"(3, 6, 10)",i,D#,F#,B,116.375,30.0
932,A#,D#,3,d#,"(3, 6, 10)",i,D#,F#,B,116.5,30.0
933,A#,D#,3,d#,"(3, 6, 10)",i,D#,F#,B,116.625,30.0
934,A#,D#,3,d#,"(3, 6, 10)",i,D#,F#,B,116.75,30.0
935,A#,D#,3,d#,"(3, 6, 10)",i,D#,F#,B,116.875,30.0
936,A#,D#,4,d#,"(3, 6, 10)",i,D#,F#,B,117.0,30.0
937,A#,D#,4,d#,"(3, 6, 10)",i,D#,F#,B,117.125,30.0
938,A#,D#,4,d#,"(3, 6, 10)",i,D#,F#,B,117.25,30.0
939,A#,D#,4,d#,"(3, 6, 10)",i,D#,F#,B,117.375,30.0
940,A#,D#,4,d#,"(3, 6, 10)",i,D#,F#,B,117.5,30.0
941,A#,D#,4,d#,"(3, 6, 10)",i,D#,F#,B,117.625,30.0
942,A#,D#,4,d#,"(3, 6, 10)",i,D#,F#,B,117.75,30.0
943,A#,D#,4,d#,"(3, 6, 10)",i,D#,F#,B,117.875,30.0
944,A#,D#,5,d#,"(3, 6, 10)",i,D#,F#,B,118.0,30.0
945,A#,D#,5,d#,"(3, 6, 10)",i,D#,F#,B,118.125,30.0
946,A#,D#,5,d#,"(3, 6, 10)",i,D#,F#,B,118.25,30.0
947,A#,D#,5,d#,"(3, 6, 10)",i,D#,F#,B,118.375,30.0
948,A#,D#,5,d#,"(3, 6, 10)",i,D#,F#,B,118.5,30.0
949,A#,D#,5,d#,"(3, 6, 10)",i,D#,F#,B,118.625,30.0
950,A#,D#,5,d#,"(3, 6, 10)",i,D#,F#,B,118.75,30.0
951,A#,D#,5,d#,"(3, 6, 10)",i,D#,F#,B,118.875,30.0
952,A#,F#,5,d#,"(3, 6, 10)",i,D#,F#,B,119.0,30.0
953,A#,F#,5,d#,"(3, 6, 10)",i,D#,F#,B,119.125,30.0
954,A#,F#,5,d#,"(3, 6, 10)",i,D#,F#,B,119.25,30.0
955,A#,F#,5,d#,"(3, 6, 10)",i,D#,F#,B,119.375,30.0
956,A#,F#,5,d#,"(3, 6, 10)",i,F#,F#,B,119.5,30.0
957,A#,F#,5,d#,"(3, 6, 10)",i,F#,F#,B,119.625,30.0
958,A#,F#,5,d#,"(3, 6, 10)",i,F#,F#,B,119.75,30.0
959,A#,F#,5,d#,"(3, 6, 10)",i,F#,F#,B,119.875,30.0
960,C#,F#,0,c#,"(1, 6, 9)",iv,F#,A,c#,120.0,31.0
961,C#,F#,1,f#,"(1, 6, 9)",iv,F#,A,f#,120.125,31.0
962,C#,F#,2,f#,"(1, 6, 9)",iv,F#,A,f#,120.25,31.0
963,C#,F#,2,f#,"(1, 6, 9)",iv,F#,A,f#,120.375,31.0
964,C#,F#,3,f#,"(1, 6, 9)",iv,F#,A,c#,120.5,31.0
965,C#,F#,3,f#,"(1, 6, 9)",iv,F#,A,f#,120.625,31.0
966,C#,F#,3,f#,"(1, 6, 9)",iv,F#,A,c#,120.75,31.0
967,C#,F#,3,f#,"(1, 6, 9)",iv,F#,A,c#,120.875,31.0
968,C#,F#,4,f#,"(1, 6, 9)",iv,F#,A,c#,121.0,31.0
969,C#,F#,4,f#,"(1, 6, 9)",iv,F#,A,c#,121.125,31.0
970,C#,F#,4,f#,"(1, 6, 9)",iv,F#,A,c#,121.25,31.0
971,C#,F#,4,f#,"(1, 6, 9)",iv,F#,A,c#,121.375,31.0
972,C#,F#,4,f#,"(1, 6, 9)",iv,F#,A,c#,121.5,31.0
973,C#,F#,4,f#,"(1, 6, 9)",iv,F#,A,c#,121.625,31.0
974,C#,F#,4,f#,"(1, 6, 9)",iv,F#,A,c#,121.75,31.0
975,C#,F#,4,f#,"(1, 6, 9)",iv,F#,A,c#,121.875,31.0
976,C#,F#,5,f#,"(1, 6, 9)",iv,F#,A,c#,122.0,31.0
977,C#,F#,5,f#,"(1, 6, 9)",iv,F#,A,c#,122.125,31.0
978,C#,F#,5,f#,"(1, 6, 9)",iv,F#,A,c#,122.25,31.0
979,C#,F#,5,f#,"(1, 6, 9)",iv,F#,A,c#,122.375,31.0
980,C#,F#,5,f#,"(1, 6, 9)",iv,F#,A,c#,122.5,31.0
981,C#,F#,5,f#,"(1, 6, 9)",iv,F#,A,c#,122.625,31.0
982,C#,F#,5,f#,"(1, 6, 9)",iv,F#,A,c#,122.75,31.0
983,C#,F#,5,f#,"(1, 6, 9)",iv,F#,A,c#,122.875,31.0
984,C#,F#,5,f#,"(1, 6, 9)",i,F#,A,c#,123.0,31.0
985,C#,F#,5,f#,"(1, 6, 9)",i,F#,A,c#,123.125,31.0
986,C#,F#,5,f#,"(1, 6, 9)",i,F#,A,c#,123.25,31.0
987,C#,F#,5,f#,"(1, 6, 9)",i,F#,A,c#,123.375,31.0
988,C#,F#,5,c#,"(1, 6, 9)",i,F#,A,c#,123.5,31.0
989,C#,F#,5,c#,"(1, 6, 9)",i,F#,A,c#,123.625,31.0
990,C#,F#,5,c#,"(1, 6, 9)",i,F#,A,c#,123.75,31.0
991,C#,F#,5,c#,"(1, 6, 9)",i,F#,A,c#,123.875,31.0
992,G#,C#,0,c#,"(1, 4, 8)",i,C#,E,c#,124.0,32.0
993,G#,C#,1,c#,"(1, 4, 8)",i,C#,E,c#,124.125,32.0
994,G#,C#,2,c#,"(1, 4, 8)",i,C#,E,c#,124.25,32.0
995,G#,C#,2,c#,"(1, 4, 8)",i,C#,E,c#,124.375,32.0
996,G#,C#,3,c#,"(1, 4, 8)",i,C#,E,c#,124.5,32.0
997,G#,C#,3,c#,"(1, 4, 8)",i,C#,E,c#,124.625,32.0
998,G#,C#,3,c#,"(1, 4, 8)",i,C#,E,c#,124.75,32.0
999,G#,C#,3,c#,"(1, 4, 8)",i,C#,E,c#,124.875,32.0
1000,G#,C#,4,c#,"(1, 4, 8)",i,C#,E,c#,125.0,32.0
1001,G#,C#,4,c#,"(1, 4, 8)",i,C#,E,c#,125.125,32.0
1002,G#,C#,4,c#,"(1, 4, 8)",i,C#,E,c#,125.25,32.0
1003,G#,C#,4,c#,"(1, 4, 8)",i,C#,E,c#,125.375,32.0
1004,G#,C#,4,c#,"(1, 4, 8)",i,C#,E,c#,125.5,32.0
1005,G#,C#,4,c#,"(1, 4, 8)",i,C#,E,c#,125.625,32.0
1006,G#,C#,4,c#,"(1, 4, 8)",i,C#,E,c#,125.75,32.0
1007,G#,C#,4,c#,"(1, 4, 8)",i,C#,E,c#,125.875,32.0
1008,C#,C#,5,c#,"(1, 4, 8)",i,C#,E,c#,126.0,32.0
1009,C#,C#,5,c#,"(1, 4, 8)",i,C#,E,c#,126.125,32.0
1010,C#,C#,5,c#,"(1, 4, 8)",i,C#,E,c#,126.25,32.0
1011,C#,C#,5,c#,"(1, 4, 8)",i,C#,E,c#,126.375,32.0
1012,C#,C#,5,c#,"(1, 4, 8)",i,C#,E,c#,126.5,32.0
1013,C#,C#,5,c#,"(1, 4, 8)",i,C#,E,c#,126.625,32.0
1014,C#,C#,5,c#,"(1, 4, 8)",i,C#,E,c#,126.75,32.0
1015,C#,C#,5,c#,"(1, 4, 8)",i,C#,E,c#,126.875,32.0
1016,C#,C#,5,c#,"(1, 4, 8)",i,C#,E,c#,127.0,32.0
1017,C#,C#,5,c#,"(1, 4, 8)",i,C#,E,c#,127.125,32.0
1018,C#,C#,5,c#,"(1, 4, 8)",i,C#,E,c#,127.25,32.0
1019,C#,C#,5,c#,"(1, 4, 8)",i,C#,E,c#,127.375,32.0
1020,E,C#,5,c#,"(1, 4, 8)",i,C#,E,c#,127.5,32.0
1021,E,C#,5,c#,"(1, 4, 8)",i,C#,E,c#,127.625,32.0
1022,E,C#,5,c#,"(1, 4, 8)",i,C#,E,c#,127.75,32.0
1023,E,C#,5,c#,"(1, 4, 8)",i,C#,E,c#,127.875,32.0
1024,F#,B#,0,c#,"(0, 3, 6, 8)",V7,G#,D#,c#,128.0,33.0
1025,F#,B#,1,c#,"(0, 3, 6, 8)",V7,F#,D#,c#,128.125,33.0
1026,F#,B#,2,c#,"(0, 3, 6, 8)",V7,F#,D#,c#,128.25,33.0
1027,F#,B#,2,c#,"(0, 3, 6, 8)",V7,F#,D#,c#,128.375,33.0
1028,F#,B#,3,c#,"(0, 3, 6, 8)",V7,F#,D#,c#,128.5,33.0
1029,F#,B#,3,c#,"(0, 3, 6, 8)",V7,F#,D#,c#,128.625,33.0
1030,F#,B#,3,c#,"(0, 3, 6, 8)",V7,F#,D#,c#,128.75,33.0
1031,F#,B#,3,c#,"(0, 3, 6, 8)",V7,F#,D#,c#,128.875,33.0
1032,F#,B#,4,c#,"(0, 3, 6, 8)",V7,F#,D#,c#,129.0,33.0
1033,F#,B#,4,c#,"(0, 3, 6, 8)",V7,F#,D#,c#,129.125,33.0
1034,F#,B#,4,c#,"(0, 3, 6, 8)",V7,F#,D#,c#,129.25,33.0
1035,F#,B#,4,c#,"(0, 3, 6, 8)",V7,F#,D#,c#,129.375,33.0
1036,F#,B#,4,c#,"(0, 3, 6, 8)",V7,F#,D#,c#,129.5,33.0
1037,F#,B#,4,c#,"(0, 3, 6, 8)",V7,F#,D#,c#,129.625,33.0
1038,F#,B#,4,c#,"(0, 3, 6, 8)",V7,F#,D#,c#,129.75,33.0
1039,F#,B#,4,c#,"(0, 3, 6, 8)",V7,F#,D#,c#,129.875,33.0
1040,F#,B#,5,c#,"(0, 3, 6, 8)",V7,F#,D#,c#,130.0,33.0
1041,F#,B#,5,c#,"(0, 3, 6, 8)",V7,F#,D#,c#,130.125,33.0
1042,F#,B#,5,c#,"(0, 3, 6, 8)",V7,F#,D#,c#,130.25,33.0
1043,F#,B#,5,c#,"(0, 3, 6, 8)",V7,F#,D#,c#,130.375,33.0
1044,F#,B#,5,c#,"(0, 3, 6, 8)",V7,F#,D#,c#,130.5,33.0
1045,F#,B#,5,c#,"(0, 3, 6, 8)",V7,F#,D#,c#,130.625,33.0
1046,F#,B#,5,c#,"(0, 3, 6, 8)",V7,F#,D#,c#,130.75,33.0
1047,F#,B#,5,c#,"(0, 3, 6, 8)",V7,F#,D#,c#,130.875,33.0
1048,F#,B#,5,c#,"(0, 3, 6, 8)",V7,F#,D#,c#,131.0,33.0
1049,F#,B#,5,c#,"(0, 3, 6, 8)",V7,F#,D#,c#,131.125,33.0
1050,F#,B#,5,c#,"(0, 3, 6, 8)",V7,F#,D#,c#,131.25,33.0
1051,F#,B#,5,c#,"(0, 3, 6, 8)",V7,F#,D#,c#,131.375,33.0
1052,F#,B#,5,c#,"(0, 3, 6, 8)",V7,F#,D#,c#,131.5,33.0
1053,F#,B#,5,c#,"(0, 3, 6, 8)",V7,F#,D#,c#,131.625,33.0
1054,F#,B#,5,c#,"(0, 3, 6, 8)",V7,F#,F#,c#,131.75,33.0
1055,F#,B#,5,c#,"(0, 3, 6, 8)",V7,F#,F#,c#,131.875,33.0
1056,A-,D,0,c,"(2, 5, 8, 11)",viio7,B,F,e-,132.0,34.0
1057,A-,D,1,c,"(2, 5, 8, 11)",viio7,B,F,e-,132.125,34.0
1058,A-,D,2,c,"(2, 5, 8, 11)",viio7,B,F,e-,132.25,34.0
1059,A-,D,2,c,"(2, 5, 8, 11)",viio7,B,F,e-,132.375,34.0
1060,A-,D,3,c,"(2, 5, 8, 11)",viio7,B,F,e-,132.5,34.0
1061,A-,D,3,c,"(2, 5, 8, 11)",viio7,B,F,e-,132.625,34.0
1062,A-,D,3,c,"(2, 5, 8, 11)",viio7,B,F,e-,132.75,34.0
1063,A-,D,3,c,"(2, 5, 8, 11)",viio7,B,F,e-,132.875,34.0
1064,A-,D,4,c,"(2, 5, 8, 11)",viio7,B,F,e-,133.0,34.0
1065,A-,D,4,c,"(2, 5, 8, 11)",viio7,B,F,e-,133.125,34.0
1066,A-,D,4,c,"(2, 5, 8, 11)",viio7,B,F,e-,133.25,34.0
1067,A-,D,4,c,"(2, 5, 8, 11)",viio7,B,F,e-,133.375,34.0
1068,A-,D,4,c,"(2, 5, 8, 11)",viio7,B,F,e-,133.5,34.0
1069,A-,D,4,c,"(2, 5, 8, 11)",viio7,B,F,e-,133.625,34.0
1070,A-,D,4,c,"(2, 5, 8, 11)",viio7,B,F,e-,133.75,34.0
1071,A-,D,4,c,"(2, 5, 8, 11)",viio7,B,F,e-,133.875,34.0
1072,A-,D,5,c,"(2, 5, 8, 10)",V7,D,F,e-,134.0,34.0
1073,A-,D,5,c,"(2, 5, 8, 10)",V7,D,F,e-,134.125,34.0
1074,A-,D,5,c,"(2, 5, 8, 10)",V7,D,F,e-,134.25,34.0
1075,A-,D,5,c,"(2, 5, 8, 10)",V7,D,F,e-,134.375,34.0
1076,A-,D,5,c,"(2, 5, 8, 10)",V7,D,F,e-,134.5,34.0
1077,A-,D,5,c,"(2, 5, 8, 10)",V7,D,F,e-,134.625,34.0
1078,A-,D,5,c,"(2, 5, 8, 10)",V7,D,F,e-,134.75,34.0
1079,A-,D,5,c,"(2, 5, 8, 10)",V7,D,F,e-,134.875,34.0
1080,A-,D,5,c,"(2, 5, 8, 10)",V7,D,F,e-,135.0,34.0
1081,B-,D,5,f,"(2, 5, 8, 10)",V7,B-,F,e-,135.125,34.0
1082,B-,D,5,f,"(2, 5, 8, 10)",V7,B-,F,e-,135.25,34.0
1083,B-,D,5,f,"(2, 5, 8, 10)",V7,B-,F,e-,135.375,34.0
1084,B-,D,5,f,"(2, 5, 8, 10)",V7,B-,F,e-,135.5,34.0
1085,B-,D,5,f,"(2, 5, 8, 10)",V7,B-,F,e-,135.625,34.0
1086,B-,D,5,f,"(2, 5, 8, 10)",V7,B-,F,e-,135.75,34.0
1087,B-,D,5,f,"(2, 5, 8, 10)",V7,B-,F,e-,135.875,34.0
1088,B-,E,0,f,"(1, 4, 7, 10)",viio7,D-,G,f,136.0,35.0
1089,B-,E,1,f,"(1, 4, 7, 10)",viio7,D-,G,f,136.125,35.0
1090,B-,E,2,f,"(1, 4, 7, 10)",viio7,D-,G,f,136.25,35.0
1091,B-,E,2,f,"(1, 4, 7, 10)",viio7,D-,G,f,136.375,35.0
1092,B-,E,3,f,"(1, 4, 7, 10)",viio7,D-,G,f,136.5,35.0
1093,B-,E,3,f,"(1, 4, 7, 10)",viio7,D-,G,f,136.625,35.0
1094,B-,E,3,f,"(1, 4, 7, 10)",viio7,D-,G,f,136.75,35.0
1095,B-,E,3,f,"(1, 4, 7, 10)",viio7,D-,G,f,136.875,35.0
1096,B-,E,4,f,"(1, 4, 7, 10)",viio7,D-,G,f,137.0,35.0
1097,B-,E,4,f,"(1, 4, 7, 10)",viio7,D-,G,f,137.125,35.0
1098,B-,E,4,f,"(1, 4, 7, 10)",viio7,D-,G,f,137.25,35.0
1099,B-,E,4,f,"(1, 4, 7, 10)",viio7,D-,G,f,137.375,35.0
1100,B-,E,4,f,"(1, 4, 7, 10)",viio7,D-,G,f,137.5,35.0
1101,B-,E,4,f,"(1, 4, 7, 10)",viio7,D-,G,f,137.625,35.0
1102,B-,E,4,f,"(1, 4, 7, 10)",viio7,D-,G,f,137.75,35.0
1103,B-,E,4,f,"(1, 4, 7, 10)",viio7,D-,G,f,137.875,35.0
1104,B-,E,5,f,"(1, 4, 7, 10)",viio7,D-,G,f,138.0,35.0
1105,B-,E,5,f,"(1, 4, 7, 10)",viio7,D-,G,f,138.125,35.0
1106,B-,E,5,f,"(1, 4, 7, 10)",viio7,D-,G,f,138.25,35.0
1107,B-,E,5,f,"(1, 4, 7, 10)",viio7,D-,G,f,138.375,35.0
1108,B-,E,5,f,"(1, 4, 7, 10)",viio7,C,G,f,138.5,35.0
1109,B-,E,5,f,"(1, 4, 7, 10)",viio7,C,G,f,138.625,35.0
1110,B-,E,5,f,"(1, 4, 7, 10)",viio7,C,G,f,138.75,35.0
1111,B-,E,5,f,"(1, 4, 7, 10)",viio7,C,G,f,138.875,35.0
1112,B-,E,5,f,"(1, 4, 7, 10)",viio7,C,G,f,139.0,35.0
1113,B-,E,5,f,"(1, 4, 7, 10)",viio7,C,G,f,139.125,35.0
1114,B-,E,5,f,"(1, 4, 7, 10)",viio7,C,G,f,139.25,35.0
1115,B-,E,5,f,"(1, 4, 7, 10)",viio7,C,G,f,139.375,35.0
1116,B-,E,5,f,"(1, 4, 7, 10)",viio7,C,G,f,139.5,35.0
1117,B-,E,5,f,"(1, 4, 7, 10)",viio7,C,G,f,139.625,35.0
1118,B-,E,5,f,"(1, 4, 7, 10)",viio7,C,G,f,139.75,35.0
1119,B-,E,5,f,"(1, 4, 7, 10)",viio7,C,G,f,139.875,35.0
1120,B-,E,0,f,"(1, 4, 7, 10)",V7,C,G,f,140.0,36.0
1121,B-,E,1,f,"(0, 4, 7, 10)",V7,C,G,f,140.125,36.0
1122,B-,E,2,f,"(0, 4, 7, 10)",V7,C,G,f,140.25,36.0
1123,B-,E,2,f,"(0, 4, 7, 10)",V7,C,G,f,140.375,36.0
1124,B-,E,3,f,"(1, 4, 7, 10)",V7,C,G,f,140.5,36.0
1125,B-,E,3,f,"(1, 4, 7, 10)",V7,C,G,f,140.625,36.0
1126,B-,E,3,f,"(1, 4, 7, 10)",V7,C,G,f,140.75,36.0
1127,B-,E,3,f,"(1, 4, 7, 10)",V7,C,G,f,140.875,36.0
1128,B-,E,4,f,"(1, 4, 7, 10)",V7,C,G,f,141.0,36.0
1129,B-,E,4,f,"(1, 4, 7, 10)",V7,C,G,f,141.125,36.0
1130,B-,E,4,f,"(1, 4, 7, 10)",V7,C,G,f,141.25,36.0
1131,B-,E,4,f,"(1, 4, 7, 10)",V7,C,G,f,141.375,36.0
1132,B-,E,4,f,"(1, 4, 7, 10)",V7,C,G,f,141.5,36.0
1133,B-,E,4,f,"(1, 4, 7, 10)",V7,C,G,f,141.625,36.0
1134,B-,E,4,f,"(0, 4, 7, 10)",V7,C,G,f,141.75,36.0
1135,B-,E,4,f,"(0, 4, 7, 10)",V7,C,G,f,141.875,36.0
1136,B-,E,5,f,"(0, 4, 7, 10)",V7,C,G,f,142.0,36.0
1137,B-,E,5,f,"(0, 4, 7, 10)",V7,C,G,f,142.125,36.0
1138,B-,E,5,f,"(0, 4, 7, 10)",V7,C,G,f,142.25,36.0
1139,B-,E,5,f,"(0, 4, 7, 10)",V7,C,G,f,142.375,36.0
1140,B-,E,5,f,"(0, 4, 7, 10)",V7,C,G,f,142.5,36.0
1141,B-,E,5,f,"(0, 4, 7, 10)",V7,C,G,f,142.625,36.0
1142,B-,E,5,f,"(0, 4, 7, 10)",V7,C,G,f,142.75,36.0
1143,B-,E,5,f,"(0, 4, 7, 10)",V7,C,G,f,142.875,36.0
1144,B-,E,5,f,"(0, 4, 7, 10)",V7,C,G,f,143.0,36.0
1145,B-,E,5,f,"(0, 4, 7, 10)",V7,C,G,f,143.125,36.0
1146,B-,E,5,f,"(0, 4, 7, 10)",V7,C,G,f,143.25,36.0
1147,B-,E,5,f,"(0, 4, 7, 10)",V7,C,G,f,143.375,36.0
1148,B-,E,5,f,"(0, 4, 7, 10)",V7,C,G,f,143.5,36.0
1149,B-,E,5,f,"(0, 4, 7, 10)",V7,D-,G,f,143.625,36.0
1150,B-,E,5,f,"(0, 4, 7, 10)",V7,D-,G,f,143.75,36.0
1151,B-,E,5,f,"(0, 4, 7, 10)",V7,D-,G,f,143.875,36.0
1152,C,F,0,f,"(0, 5, 8)",i,F,A-,f,144.0,37.0
1153,C,F,1,f,"(0, 5, 8)",i,F,A-,f,144.125,37.0
1154,C,F,2,f,"(0, 5, 8)",i,F,A-,f,144.25,37.0
1155,C,F,2,f,"(0, 5, 8)",i,F,A-,f,144.375,37.0
1156,C,F,3,f,"(0, 5, 8)",i,F,A-,f,144.5,37.0
1157,C,F,3,f,"(0, 5, 8)",i,F,A-,f,144.625,37.0
1158,C,F,3,f,"(0, 5, 8)",i,F,A-,f,144.75,37.0
1159,C,F,3,f,"(0, 5, 8)",i,F,A-,f,144.875,37.0
1160,C,F,4,f,"(0, 5, 8)",i,F,A-,f,145.0,37.0
1161,C,F,4,f,"(0, 5, 8)",i,F,A-,f,145.125,37.0
1162,C,F,4,f,"(0, 5, 8)",i,F,A-,f,145.25,37.0
1163,C,F,4,f,"(0, 5, 8)",i,F,A-,f,145.375,37.0
1164,C,F,4,f,"(0, 5, 8)",i,F,A-,f,145.5,37.0
1165,C,F,4,f,"(0, 5, 8)",i,F,A-,f,145.625,37.0
1166,C,F,4,f,"(0, 5, 8)",i,F,A-,f,145.75,37.0
1167,C,F,4,f,"(0, 5, 8)",i,F,A-,f,145.875,37.0
1168,C,F,5,f,"(0, 5, 8)",i,F,A-,f,146.0,37.0
1169,C,F,5,f,"(0, 5, 8)",i,F,A-,f,146.125,37.0
1170,C,F,5,f,"(0, 5, 8)",i,F,A-,f,146.25,37.0
1171,C,F,5,f,"(0, 5, 8)",i,F,A-,f,146.375,37.0
1172,C,F,5,f,"(0, 5, 8)",i,F,A-,f,146.5,37.0
1173,C,F,5,f,"(0, 5, 8)",i,F,A-,f,146.625,37.0
1174,C,F,5,f,"(0, 5, 8)",i,F,A-,f,146.75,37.0
1175,C,F,5,f,"(0, 5, 8)",i,F,A-,f,146.875,37.0
1176,C,F,5,f,"(0, 5, 8)",i,F,A-,f,147.0,37.0
1177,C,F,5,f,"(0, 5, 8)",i,F,A-,f,147.125,37.0
1178,C,F,5,f,"(0, 5, 8)",i,F,A-,f,147.25,37.0
1179,C,F,5,f,"(0, 5, 8)",i,F,A-,f,147.375,37.0
1180,C,F,5,f,"(0, 5, 8)",i,F,A-,f,147.5,37.0
1181,C,F,5,f,"(0, 5, 8)",i,F,A-,f,147.625,37.0
1182,C,F,5,f,"(0, 5, 8)",i,F,A-,f,147.75,37.0
1183,C,F,5,f,"(0, 5, 8)",i,F,A-,f,147.875,37.0
1184,A-,D-,0,f,"(1, 5, 8)",iv,F,F,f,148.0,38.0
1185,A-,D-,1,f,"(1, 5, 8)",iv,F,F,f,148.125,38.0
1186,A-,D-,2,f,"(1, 5, 8)",iv,F,F,f,148.25,38.0
1187,A-,D-,2,f,"(1, 5, 8)",iv,F,F,f,148.375,38.0
1188,A-,D-,3,f,"(1, 5, 8)",iv,F,F,f,148.5,38.0
1189,A-,D-,3,f,"(1, 5, 8)",iv,F,F,f,148.625,38.0
1190,A-,D-,3,f,"(1, 5, 8)",iv,F,F,f,148.75,38.0
1191,A-,D-,3,f,"(1, 5, 8)",iv,F,F,f,148.875,38.0
1192,A-,D-,4,f,"(1, 5, 8)",iv,F,F,f,149.0,38.0
1193,A-,D-,4,f,"(1, 5, 8)",iv,F,F,f,149.125,38.0
1194,A-,D-,4,f,"(1, 5, 8)",iv,F,F,f,149.25,38.0
1195,A-,D-,4,f,"(1, 5, 8)",iv,F,F,f,149.375,38.0
1196,A-,D-,4,f,"(1, 5, 8)",iv,F,F,f,149.5,38.0
1197,A-,D-,4,f,"(1, 5, 8)",iv,F,F,f,149.625,38.0
1198,A-,D-,4,f,"(1, 5, 8)",iv,F,F,f,149.75,38.0
1199,A-,D-,4,f,"(1, 5, 8)",iv,F,F,f,149.875,38.0
1200,A-,D-,5,f,"(1, 5, 8)",VI,D-,F,f,150.0,38.0
1201,A-,D-,5,f,"(1, 5, 8)",VI,D-,F,f,150.125,38.0
1202,A-,D-,5,f,"(1, 5, 8)",VI,D-,F,f,150.25,38.0
1203,A-,D-,5,f,"(1, 5, 8)",VI,D-,F,f,150.375,38.0
1204,A-,D-,5,f,"(1, 5, 8)",VI,D-,F,f,150.5,38.0
1205,A-,D-,5,f,"(1, 5, 8)",VI,D-,F,f,150.625,38.0
1206,A-,D-,5,f,"(1, 5, 8)",VI,D-,F,f,150.75,38.0
1207,A-,D-,5,f,"(1, 5, 8)",VI,D-,F,f,150.875,38.0
1208,A-,D-,5,f,"(1, 5, 8)",VI,D-,F,f,151.0,38.0
1209,A-,D-,5,f,"(1, 5, 8)",VI,D-,F,f,151.125,38.0
1210,A-,D-,5,f,"(1, 5, 8)",VI,D-,F,f,151.25,38.0
1211,A-,D-,5,f,"(1, 5, 8)",VI,D-,F,f,151.375,38.0
1212,A-,D-,5,f,"(1, 5, 8)",VI,D-,F,f,151.5,38.0
1213,A-,D-,5,f,"(1, 5, 8)",VI,D-,F,f,151.625,38.0
1214,A-,D-,5,f,"(1, 5, 8)",VI,D-,F,f,151.75,38.0
1215,A-,D-,5,f,"(1, 5, 8)",VI,D-,F,f,151.875,38.0
1216,C,F,0,f,"(0, 5, 8)",i,F,A-,f,152.0,39.0
1217,C,F,1,f,"(0, 5, 8)",i,F,A-,f,152.125,39.0
1218,C,F,2,f,"(0, 5, 8)",i,F,A-,f,152.25,39.0
1219,C,F,2,f,"(0, 5, 8)",i,F,A-,f,152.375,39.0
1220,C,F,3,f,"(0, 5, 8)",i,F,A-,f,152.5,39.0
1221,C,F,3,f,"(0, 5, 8)",i,F,A-,f,152.625,39.0
1222,C,F,3,f,"(0, 5, 8)",i,F,A-,f,152.75,39.0
1223,C,F,3,f,"(0, 5, 8)",i,F,A-,f,152.875,39.0
1224,C,F,4,f,"(0, 5, 8)",i,F,A-,f,153.0,39.0
1225,C,F,4,f,"(0, 5, 8)",i,F,A-,f,153.125,39.0
1226,C,F,4,f,"(0, 5, 8)",i,F,A-,f,153.25,39.0
1227,C,F,4,f,"(0, 5, 8)",i,F,A-,f,153.375,39.0
1228,C,F,4,f,"(0, 5, 8)",i,F,A-,f,153.5,39.0
1229,C,F,4,f,"(0, 5, 8)",i,F,A-,f,153.625,39.0
1230,C,F,4,f,"(0, 5, 8)",i,F,A-,f,153.75,39.0
1231,C,F,4,f,"(0, 5, 8)",i,F,A-,f,153.875,39.0
1232,C,F,5,f,"(0, 5, 8)",i,F,A-,f,154.0,39.0
1233,C,F,5,f,"(0, 5, 8)",i,F,A-,f,154.125,39.0
1234,C,F,5,f,"(0, 5, 8)",i,F,A-,f,154.25,39.0
1235,C,F,5,f,"(0, 5, 8)",i,F,A-,f,154.375,39.0
1236,C,F,5,f,"(0, 5, 8)",i,F,A-,f,154.5,39.0
1237,C,F,5,f,"(0, 5, 8)",i,F,A-,f,154.625,39.0
1238,C,F,5,f,"(0, 5, 8)",i,F,A-,f,154.75,39.0
1239,C,F,5,f,"(0, 5, 8)",i,F,A-,f,154.875,39.0
1240,C,F,5,f,"(0, 5, 8)",i,F,A-,f,155.0,39.0
1241,C,F,5,f,"(0, 5, 8)",i,F,A-,f,155.125,39.0
1242,C,F,5,f,"(0, 5, 8)",i,F,A-,f,155.25,39.0
1243,C,F,5,f,"(0, 5, 8)",i,F,A-,f,155.375,39.0
1244,C,F,5,f,"(0, 5, 8)",i,F,A-,f,155.5,39.0
1245,C,F,5,f,"(0, 5, 8)",i,F,A-,f,155.625,39.0
1246,C,F,5,f,"(0, 5, 8)",i,F,A-,f,155.75,39.0
1247,C,F,5,f,"(0, 5, 8)",i,F,A-,f,155.875,39.0
1248,A-,F,0,f,"(0, 5, 8)",i,F,F,c,156.0,40.0
1249,A-,F,1,f,"(0, 2, 5, 8)",i,F,F,c,156.125,40.0
1250,A-,F,2,f,"(0, 5, 8)",i,F,F,c,156.25,40.0
1251,A-,F,2,f,"(0, 5, 8)",i,F,F,c,156.375,40.0
1252,A-,F,3,f,"(0, 5, 8)",i,F,F,c,156.5,40.0
1253,A-,F,3,f,"(0, 5, 8)",i,F,F,c,156.625,40.0
1254,A-,F,3,f,"(0, 5, 8)",i,F,F,c,156.75,40.0
1255,A-,F,3,f,"(0, 5, 8)",i,F,F,c,156.875,40.0
1256,A-,F,4,f,"(0, 5, 8)",i,F,F,c,157.0,40.0
1257,A-,F,4,f,"(0, 5, 8)",i,F,F,c,157.125,40.0
1258,A-,F,4,f,"(0, 5, 8)",i,F,F,c,157.25,40.0
1259,A-,F,4,f,"(0, 5, 8)",i,F,F,c,157.375,40.0
1260,A-,F,4,f,"(0, 5, 8)",i,F,F,c,157.5,40.0
1261,A-,F,4,f,"(0, 5, 8)",i,F,F,c,157.625,40.0
1262,A-,F,4,f,"(0, 5, 8)",i,F,F,c,157.75,40.0
1263,A-,F,4,f,"(0, 5, 8)",i,F,F,c,157.875,40.0
1264,A-,A-,5,f,"(0, 5, 8)",iiø7,F,F,c,158.0,40.0
1265,A-,A-,5,f,"(0, 5, 8)",iiø7,F,F,c,158.125,40.0
1266,A-,A-,5,f,"(0, 5, 8)",iiø7,F,F,c,158.25,40.0
1267,A-,A-,5,f,"(0, 5, 8)",iiø7,F,F,c,158.375,40.0
1268,A-,A-,5,f,"(0, 5, 8)",iiø7,F,F,c,158.5,40.0
1269,A-,A-,5,f,"(0, 5, 8)",iiø7,F,F,c,158.625,40.0
1270,A-,A-,5,f,"(0, 5, 8)",iiø7,F,F,c,158.75,40.0
1271,A-,A-,5,f,"(0, 5, 8)",iiø7,F,F,c,158.875,40.0
1272,A-,A-,5,f,"(2, 5, 8, 11)",iiø7,F,F,c,159.0,40.0
1273,A-,A-,5,f,"(2, 5, 8, 11)",iiø7,F,F,c,159.125,40.0
1274,A-,A-,5,f,"(2, 5, 8, 11)",iiø7,F,F,c,159.25,40.0
1275,A-,A-,5,f,"(2, 5, 8, 11)",iiø7,F,F,c,159.375,40.0
1276,A-,A-,5,f,"(2, 5, 8, 11)",iiø7,F,F,c,159.5,40.0
1277,A-,A-,5,f,"(2, 5, 8, 11)",iiø7,F,F,c,159.625,40.0
1278,A-,A-,5,f,"(2, 5, 8, 11)",iiø7,F,F,c,159.75,40.0
1279,A-,A-,5,f,"(2, 5, 8, 11)",viio7,F,F,c,159.875,40.0
1280,D,G,0,c,"(2, 5, 7, 11)",V7,F,B,c,160.0,41.0
1281,D,G,1,c,"(2, 5, 7, 11)",V7,F,B,c,160.125,41.0
1282,D,G,2,c,"(2, 5, 7, 11)",V7,F,B,c,160.25,41.0
1283,D,G,2,c,"(2, 5, 7, 11)",V7,F,B,c,160.375,41.0
1284,D,G,3,c,"(2, 5, 7, 11)",V7,F,B,c,160.5,41.0
1285,D,G,3,c,"(2, 5, 7, 11)",V7,F,B,c,160.625,41.0
1286,D,G,3,c,"(2, 5, 7, 11)",V7,F,B,c,160.75,41.0
1287,D,G,3,c,"(2, 5, 7, 11)",V7,F,B,c,160.875,41.0
1288,D,G,4,c,"(2, 5, 7, 11)",V7,F,B,c,161.0,41.0
1289,D,G,4,c,"(2, 5, 7, 11)",V7,F,B,c,161.125,41.0
1290,D,G,4,c,"(2, 5, 7, 11)",V7,F,B,c,161.25,41.0
1291,D,G,4,c,"(2, 5, 7, 11)",V7,F,B,c,161.375,41.0
1292,D,G,4,c,"(2, 5, 7, 11)",V7,F,B,c,161.5,41.0
1293,D,G,4,c,"(2, 5, 7, 11)",V7,F,B,c,161.625,41.0
1294,D,G,4,c,"(2, 5, 7, 11)",V7,F,B,c,161.75,41.0
1295,D,G,4,c,"(2, 5, 7, 11)",V7,F,B,c,161.875,41.0
1296,D,G,5,c,"(2, 5, 7, 11)",V7,F,B,c,162.0,41.0
1297,D,G,5,c,"(2, 5, 7, 11)",V7,F,B,c,162.125,41.0
1298,D,G,5,c,"(2, 5, 7, 11)",V7,F,B,c,162.25,41.0
1299,D,G,5,c,"(2, 5, 7, 11)",V7,F,B,c,162.375,41.0
1300,D,G,5,c,"(2, 5, 7, 11)",V7,F,B,c,162.5,41.0
1301,D,G,5,c,"(2, 5, 7, 11)",V7,F,B,c,162.625,41.0
1302,D,G,5,c,"(2, 5, 7, 11)",V7,F,B,c,162.75,41.0
1303,D,G,5,c,"(2, 5, 7, 11)",V7,F,B,c,162.875,41.0
1304,D,G,5,c,"(2, 5, 7, 11)",V7,F,B,c,163.0,41.0
1305,D,G,5,c,"(2, 5, 7, 11)",V7,F,B,c,163.125,41.0
1306,D,G,5,c,"(2, 5, 7, 11)",V7,F,B,c,163.25,41.0
1307,D,G,5,c,"(2, 5, 7, 11)",V7,F,B,c,163.375,41.0
1308,D,G,5,c,"(2, 5, 7, 11)",V7,F,B,c,163.5,41.0
1309,D,G,5,c,"(2, 5, 7, 11)",V7,F,B,c,163.625,41.0
1310,D,G,5,c,"(2, 5, 7, 11)",V7,F,B,c,163.75,41.0
1311,D,G,5,c,"(2, 5, 7, 11)",V7,F,B,c,163.875,41.0
1312,D,G,0,c,"(2, 5, 7, 11)",V7,F,B,c,164.0,42.0
1313,D,G,1,c,"(2, 5, 7, 11)",V7,F,B,c,164.125,42.0
1314,D,G,2,c,"(2, 5, 7, 11)",V7,F,B,c,164.25,42.0
1315,D,G,2,c,"(2, 5, 7, 11)",V7,F,B,c,164.375,42.0
1316,D,G,3,c,"(2, 5, 7, 11)",V7,F,B,c,164.5,42.0
1317,D,G,3,c,"(2, 5, 7, 11)",V7,F,B,c,164.625,42.0
1318,D,G,3,c,"(2, 5, 7, 11)",V7,F,B,c,164.75,42.0
1319,D,G,3,c,"(2, 5, 7, 11)",V7,F,B,c,164.875,42.0
1320,D,G,4,c,"(2, 5, 7, 11)",V7,F,B,c,165.0,42.0
1321,D,G,4,c,"(2, 5, 7, 11)",V7,F,B,c,165.125,42.0
1322,D,G,4,c,"(2, 5, 7, 11)",V7,F,B,c,165.25,42.0
1323,D,G,4,c,"(2, 5, 7, 11)",V7,F,B,c,165.375,42.0
1324,D,G,4,c,"(2, 5, 7, 11)",V7,F,B,c,165.5,42.0
1325,D,G,4,c,"(2, 5, 7, 11)",V7,F,B,c,165.625,42.0
1326,D,G,4,c,"(2, 5, 7, 11)",V7,F,B,c,165.75,42.0
1327,D,G,4,c,"(2, 5, 7, 11)",V7,F,B,c,165.875,42.0
1328,G,C,5,c,"(0, 3, 7)",i,C,C,c,166.0,42.0
1329,G,C,5,c,"(0, 3, 7)",i,C,E-,c,166.125,42.0
1330,G,C,5,c,"(0, 3, 7)",i,C,E-,c,166.25,42.0
1331,G,C,5,c,"(0, 3, 7)",i,C,E-,c,166.375,42.0
1332,G,C,3,c,"(0, 3, 7)",i,C,E-,c,166.5,42.0
1333,G,C,3,c,"(0, 3, 7)",i,C,E-,c,166.625,42.0
1334,G,C,3,c,"(0, 3, 7)",i,C,E-,c,166.75,42.0
1335,G,C,3,c,"(0, 3, 7)",i,C,E-,c,166.875,42.0
1336,C,C,0,c,"(0, 3, 7)",i,C,E-,c,167.0,42.0
1337,G,C,1,c,"(0, 3, 7)",i,C,E-,c,167.125,42.0
1338,G,C,2,c,"(0, 3, 7)",i,C,E-,c,167.25,42.0
1339,G,C,2,c,"(0, 3, 7)",i,C,E-,c,167.375,42.0
1340,G,C,3,c,"(0, 3, 7)",i,C,E-,c,167.5,42.0
1341,G,C,3,c,"(0, 3, 7)",i,C,E-,c,167.625,42.0
1342,G,C,3,c,"(0, 3, 7)",i,C,E-,c,167.75,42.0
1343,G,C,3,c,"(0, 3, 7)",i,C,E-,c,167.875,42.0
1344,F,B,0,c,"(2, 5, 7, 11)",V7,G,D,c,168.0,43.0
1345,F,B,1,c,"(2, 5, 7, 11)",V7,G,D,c,168.125,43.0
1346,F,B,2,c,"(2, 5, 7, 11)",V7,G,D,c,168.25,43.0
1347,F,B,2,c,"(2, 5, 7, 11)",V7,G,D,c,168.375,43.0
1348,F,B,3,c,"(2, 5, 7, 11)",V7,G,D,c,168.5,43.0
1349,F,B,3,c,"(2, 5, 7, 11)",V7,G,D,c,168.625,43.0
1350,F,B,3,c,"(2, 5, 7, 11)",V7,G,D,c,168.75,43.0
1351,F,B,3,c,"(2, 5, 7, 11)",V7,G,D,c,168.875,43.0
1352,F,B,4,c,"(2, 5, 7, 11)",V7,G,D,c,169.0,43.0
1353,F,B,4,c,"(2, 5, 7, 11)",V7,G,D,c,169.125,43.0
1354,F,B,4,c,"(2, 5, 7, 11)",V7,G,D,c,169.25,43.0
1355,F,B,4,c,"(2, 5, 7, 11)",V7,G,D,c,169.375,43.0
1356,F,B,4,c,"(2, 5, 7, 11)",V7,G,D,c,169.5,43.0
1357,F,B,4,c,"(2, 5, 7, 11)",V7,G,D,c,169.625,43.0
1358,F,B,4,c,"(2, 5, 7, 11)",V7,G,D,c,169.75,43.0
1359,F,B,4,c,"(2, 5, 7, 11)",V7,G,D,c,169.875,43.0
1360,F,B,5,c,"(2, 5, 7, 11)",V7,G,D,c,170.0,43.0
1361,F,B,5,c,"(2, 5, 7, 11)",V7,G,D,c,170.125,43.0
1362,F,B,5,c,"(2, 5, 7, 11)",V7,G,D,c,170.25,43.0
1363,F,B,5,c,"(2, 5, 7, 11)",V7,G,D,c,170.375,43.0
1364,F,B,5,c,"(2, 5, 7, 11)",V7,G,D,c,170.5,43.0
1365,F,B,5,c,"(2, 5, 7, 11)",V7,G,D,c,170.625,43.0
1366,F,B,5,c,"(2, 5, 7, 11)",V7,G,D,c,170.75,43.0
1367,F,B,5,c,"(2, 5, 7, 11)",V7,G,D,c,170.875,43.0
1368,F,B,5,c,"(2, 5, 7, 11)",V7,G,D,c,171.0,43.0
1369,F,B,5,c,"(2, 5, 7, 11)",V7,G,D,c,171.125,43.0
1370,F,B,5,c,"(2, 5, 7, 11)",V7,G,D,c,171.25,43.0
1371,F,B,5,c,"(2, 5, 7, 11)",V7,G,D,c,171.375,43.0
1372,F,B,5,c,"(2, 5, 7, 11)",V7,G,D,c,171.5,43.0
1373,F,B,5,c,"(2, 5, 7, 11)",V7,G,D,c,171.625,43.0
1374,F,B,5,c,"(2, 5, 7, 11)",V7,G,D,c,171.75,43.0
1375,F,B,5,c,"(2, 5, 7, 11)",V7,G,D,c,171.875,43.0
1376,F,B,0,c,"(2, 5, 7, 11)",V7,G,D,c,172.0,44.0
1377,F,B,1,c,"(2, 5, 7, 11)",V7,G,D,c,172.125,44.0
1378,F,B,2,c,"(2, 5, 7, 11)",V7,G,D,c,172.25,44.0
1379,F,B,2,c,"(2, 5, 7, 11)",V7,G,D,c,172.375,44.0
1380,F,B,3,c,"(2, 5, 7, 11)",V7,G,D,c,172.5,44.0
1381,F,B,3,c,"(2, 5, 7, 11)",V7,G,D,c,172.625,44.0
1382,F,B,3,c,"(2, 5, 7, 11)",V7,G,D,c,172.75,44.0
1383,F,B,3,c,"(2, 5, 7, 11)",V7,G,D,c,172.875,44.0
1384,F,B,4,c,"(2, 5, 7, 11)",V7,G,D,c,173.0,44.0
1385,F,B,4,c,"(2, 5, 7, 11)",V7,G,D,c,173.125,44.0
1386,F,B,4,c,"(2, 5, 7, 11)",V7,G,D,c,173.25,44.0
1387,F,B,4,c,"(2, 5, 7, 11)",V7,G,D,c,173.375,44.0
1388,F,B,4,c,"(2, 5, 7, 11)",V7,G,D,c,173.5,44.0
1389,F,B,4,c,"(2, 5, 7, 11)",V7,G,D,c,173.625,44.0
1390,F,B,4,c,"(2, 5, 7, 11)",V7,G,D,c,173.75,44.0
1391,F,B,4,c,"(2, 5, 7, 11)",V7,G,D,c,173.875,44.0
1392,G,C,0,c,"(0, 3, 7)",i,C,E-,c,174.0,44.0
1393,G,C,5,c,"(0, 3, 7)",i,C,E-,c,174.125,44.0
1394,G,C,5,c,"(0, 3, 7)",i,C,E-,c,174.25,44.0
1395,G,C,5,c,"(0, 3, 7)",i,C,E-,c,174.375,44.0
1396,G,C,3,c,"(0, 3, 7)",i,C,E-,c,174.5,44.0
1397,G,C,3,c,"(0, 3, 7)",i,C,E-,c,174.625,44.0
1398,G,C,3,c,"(0, 3, 7)",i,C,E-,c,174.75,44.0
1399,G,C,3,c,"(0, 3, 7)",i,C,E-,c,174.875,44.0
1400,G,C,0,c,"(0, 3, 7)",i,C,E-,c,175.0,44.0
1401,G,C,1,c,"(0, 3, 7)",i,C,E-,c,175.125,44.0
1402,G,C,2,c,"(0, 3, 7)",i,C,E-,c,175.25,44.0
1403,G,C,2,c,"(0, 3, 7)",i,C,E-,c,175.375,44.0
1404,G,C,3,c,"(0, 3, 7)",i,C,E-,c,175.5,44.0
1405,G,C,3,c,"(0, 3, 7)",i,C,E-,c,175.625,44.0
1406,G,C,3,c,"(0, 3, 7)",i,C,E-,c,175.75,44.0
1407,G,C,3,c,"(0, 3, 7)",i,C,E-,c,175.875,44.0
1408,F,B,0,c,"(2, 5, 7, 11)",V7,G,D,c,176.0,45.0
1409,F,B,1,c,"(2, 5, 7, 11)",V7,G,D,c,176.125,45.0
1410,F,B,2,c,"(2, 5, 7, 11)",V7,G,D,c,176.25,45.0
1411,F,B,2,c,"(2, 5, 7, 11)",V7,G,D,c,176.375,45.0
1412,F,B,3,c,"(2, 5, 7, 11)",V7,G,D,c,176.5,45.0
1413,F,B,3,c,"(2, 5, 7, 11)",V7,G,D,c,176.625,45.0
1414,F,B,3,c,"(2, 5, 7, 11)",V7,G,D,c,176.75,45.0
1415,F,B,3,c,"(2, 5, 7, 11)",V7,G,D,c,176.875,45.0
1416,F,B,4,c,"(2, 5, 7, 11)",V7,G,D,c,177.0,45.0
1417,F,B,4,c,"(2, 5, 7, 11)",V7,G,D,c,177.125,45.0
1418,F,B,4,c,"(2, 5, 7, 11)",V7,G,D,c,177.25,45.0
1419,F,B,4,c,"(2, 5, 7, 11)",V7,G,D,c,177.375,45.0
1420,F,B,4,c,"(2, 5, 7, 11)",V7,G,D,c,177.5,45.0
1421,F,B,4,c,"(2, 5, 7, 11)",V7,G,D,c,177.625,45.0
1422,F,B,4,c,"(2, 5, 7, 11)",V7,G,D,c,177.75,45.0
1423,F,B,4,c,"(2, 5, 7, 11)",V7,G,D,c,177.875,45.0
1424,F,B,5,c,"(2, 5, 7, 11)",V7,G,D,c,178.0,45.0
1425,F,B,5,c,"(2, 5, 7, 11)",V7,G,D,c,178.125,45.0
1426,F,B,5,c,"(2, 5, 7, 11)",V7,G,D,c,178.25,45.0
1427,F,B,5,c,"(2, 5, 7, 11)",V7,G,D,c,178.375,45.0
1428,F,B,5,c,"(2, 5, 7, 11)",V7,G,D,c,178.5,45.0
1429,F,B,5,c,"(2, 5, 7, 11)",V7,G,D,c,178.625,45.0
1430,F,B,5,c,"(2, 5, 7, 11)",V7,G,D,c,178.75,45.0
1431,F,B,5,c,"(2, 5, 7, 11)",V7,G,D,c,178.875,45.0
1432,F,B,5,c,"(2, 5, 7, 11)",V7,G,D,c,179.0,45.0
1433,F,B,5,c,"(2, 5, 7, 11)",V7,G,D,c,179.125,45.0
1434,F,B,5,c,"(2, 5, 7, 11)",V7,G,D,c,179.25,45.0
1435,F,B,5,c,"(2, 5, 7, 11)",V7,G,D,c,179.375,45.0
1436,F,B,5,c,"(2, 5, 7, 11)",V7,G,D,c,179.5,45.0
1437,F,B,5,c,"(2, 5, 7, 11)",V7,G,D,c,179.625,45.0
1438,F,B,5,c,"(2, 5, 7, 11)",V7,G,D,c,179.75,45.0
1439,F,B,5,c,"(2, 5, 7, 11)",V7,G,D,c,179.875,45.0
1440,F,B,0,c,"(2, 5, 7, 11)",V7,G,D,c,180.0,46.0
1441,F,B,1,c,"(2, 5, 7, 11)",V7,G,D,c,180.125,46.0
1442,F,B,2,c,"(2, 5, 7, 11)",V7,G,D,c,180.25,46.0
1443,F,B,2,c,"(2, 5, 7, 11)",V7,G,D,c,180.375,46.0
1444,F,B,3,c,"(2, 5, 7, 11)",V7,G,D,c,180.5,46.0
1445,F,B,3,c,"(2, 5, 7, 11)",V7,G,D,c,180.625,46.0
1446,F,B,3,c,"(2, 5, 7, 11)",V7,G,D,c,180.75,46.0
1447,F,B,3,c,"(2, 5, 7, 11)",V7,G,D,c,180.875,46.0
1448,F,B,4,c,"(2, 5, 7, 11)",V7,G,D,c,181.0,46.0
1449,F,B,4,c,"(2, 5, 7, 11)",V7,G,D,c,181.125,46.0
1450,F,B,4,c,"(2, 5, 7, 11)",V7,G,D,c,181.25,46.0
1451,F,B,4,c,"(2, 5, 7, 11)",V7,G,D,c,181.375,46.0
1452,F,B,4,c,"(2, 5, 7, 11)",V7,G,D,c,181.5,46.0
1453,F,B,4,c,"(2, 5, 7, 11)",V7,G,D,c,181.625,46.0
1454,F,B,4,c,"(2, 5, 7, 11)",V7,G,D,c,181.75,46.0
1455,F,B,4,c,"(2, 5, 7, 11)",V7,G,D,c,181.875,46.0
1456,F,B,5,c,"(2, 5, 7, 11)",V7,G,D,c,182.0,46.0
1457,F,B,5,c,"(2, 5, 7, 11)",V7,G,D,c,182.125,46.0
1458,F,B,5,c,"(2, 5, 7, 11)",V7,G,D,c,182.25,46.0
1459,F,B,5,c,"(2, 5, 7, 11)",V7,G,D,c,182.375,46.0
1460,F,B,5,c,"(2, 5, 7, 11)",V7,G,D,c,182.5,46.0
1461,F,B,5,c,"(2, 5, 7, 11)",V7,G,D,c,182.625,46.0
1462,F,B,5,c,"(2, 5, 7, 11)",V7,G,D,c,182.75,46.0
1463,F,B,5,c,"(2, 5, 7, 11)",V7,G,D,c,182.875,46.0
1464,F,B,5,c,"(2, 5, 7, 11)",V7,G,D,c,183.0,46.0
1465,F,B,5,c,"(2, 5, 7, 11)",V7,G,D,c,183.125,46.0
1466,F,B,5,c,"(2, 5, 7, 11)",V7,G,D,c,183.25,46.0
1467,F,B,5,c,"(2, 5, 7, 11)",V7,G,D,c,183.375,46.0
1468,F,B,5,c,"(2, 5, 7, 11)",V7,G,D,c,183.5,46.0
1469,F,B,5,c,"(2, 5, 7, 11)",V7,G,D,c,183.625,46.0
1470,F,B,5,c,"(2, 5, 7, 11)",V7,G,D,c,183.75,46.0
1471,F,B,5,c,"(2, 5, 7, 11)",V7,G,D,c,183.875,46.0
1472,G,C,0,c,"(0, 3, 7)",i,C,E-,c,184.0,47.0
1473,G,C,1,c,"(0, 3, 7)",i,C,E-,c,184.125,47.0
1474,G,C,2,c,"(0, 3, 7)",i,C,E-,c,184.25,47.0
1475,G,C,2,c,"(0, 3, 7)",i,C,E-,c,184.375,47.0
1476,G,C,3,c,"(0, 3, 7)",i,C,E-,c,184.5,47.0
1477,G,C,3,c,"(0, 3, 7)",i,C,E-,c,184.625,47.0
1478,G,C,3,c,"(0, 3, 7)",i,C,E-,c,184.75,47.0
1479,G,C,3,c,"(0, 3, 7)",i,C,E-,c,184.875,47.0
1480,G,C,4,c,"(0, 3, 7)",i,C,E-,c,185.0,47.0
1481,G,C,4,c,"(0, 3, 7)",i,C,E-,c,185.125,47.0
1482,G,C,4,c,"(0, 3, 7)",i,C,E-,c,185.25,47.0
1483,G,C,4,c,"(0, 3, 7)",i,C,E-,c,185.375,47.0
1484,G,C,4,c,"(0, 3, 7)",i,C,E-,c,185.5,47.0
1485,G,C,4,c,"(0, 3, 7)",i,C,E-,c,185.625,47.0
1486,G,C,4,c,"(0, 3, 7)",i,C,E-,c,185.75,47.0
1487,G,C,4,c,"(0, 3, 7)",i,C,E-,c,185.875,47.0
1488,G,C,5,c,"(0, 3, 7)",i,C,E-,c,186.0,47.0
1489,G,C,5,c,"(0, 3, 7)",i,C,E-,c,186.125,47.0
1490,G,C,5,c,"(0, 3, 7)",i,C,E-,c,186.25,47.0
1491,G,C,5,c,"(0, 3, 7)",i,C,E-,c,186.375,47.0
1492,G,C,5,c,"(0, 3, 7)",i,C,E-,c,186.5,47.0
1493,G,C,5,c,"(0, 3, 7)",i,C,E-,c,186.625,47.0
1494,G,C,5,c,"(0, 3, 7)",i,C,E-,c,186.75,47.0
1495,G,C,5,c,"(0, 3, 7)",i,C,E-,c,186.875,47.0
1496,G,C,5,c,"(0, 3, 7)",i,C,E-,c,187.0,47.0
1497,G,C,5,c,"(0, 3, 7)",i,C,E-,c,187.125,47.0
1498,G,C,5,c,"(0, 3, 7)",i,C,E-,c,187.25,47.0
1499,G,C,5,c,"(0, 3, 7)",i,C,E-,c,187.375,47.0
1500,G,C,5,c,"(0, 3, 7)",i,C,E-,c,187.5,47.0
1501,G,C,5,c,"(0, 3, 7)",i,C,E-,c,187.625,47.0
1502,G,C,5,c,"(0, 3, 7)",i,C,E-,c,187.75,47.0
1503,G,C,5,c,"(0, 3, 7)",i,C,E-,c,187.875,47.0
1504,G,C,0,c,"(0, 3, 7)",i,C,E-,c,188.0,48.0
1505,G,C,1,c,"(0, 3, 7)",i,C,E-,c,188.125,48.0
1506,G,C,2,c,"(0, 3, 7)",i,C,E-,c,188.25,48.0
1507,G,C,2,c,"(0, 3, 7)",i,C,E-,c,188.375,48.0
1508,G,C,3,c,"(0, 3, 7)",i,C,E-,c,188.5,48.0
1509,G,C,3,c,"(0, 3, 7)",i,C,E-,c,188.625,48.0
1510,G,C,3,c,"(0, 3, 7)",i,C,E-,c,188.75,48.0
1511,G,C,3,c,"(0, 3, 7)",i,C,E-,c,188.875,48.0
1512,G,C,4,c,"(0, 3, 7)",i,C,E-,c,189.0,48.0
1513,G,C,4,c,"(0, 3, 7)",i,C,E-,c,189.125,48.0
1514,G,C,4,c,"(0, 3, 7)",i,C,E-,c,189.25,48.0
1515,G,C,4,c,"(0, 3, 7)",i,C,E-,c,189.375,48.0
1516,G,C,4,c,"(0, 3, 7)",i,C,E-,c,189.5,48.0
1517,G,C,4,c,"(0, 3, 7)",i,C,E-,c,189.625,48.0
1518,G,C,4,c,"(0, 3, 7)",i,C,E-,c,189.75,48.0
1519,G,C,4,c,"(0, 3, 7)",i,C,E-,c,189.875,48.0
1520,G,C,5,c,"(0, 3, 7)",i,A-,E-,c,190.0,48.0
1521,G,C,5,c,"(0, 3, 7)",i,A-,E-,c,190.125,48.0
1522,G,C,5,c,"(0, 3, 7)",i,A-,E-,c,190.25,48.0
1523,G,C,5,c,"(0, 3, 7)",i,A-,E-,c,190.375,48.0
1524,G,C,5,c,"(0, 3, 7)",i,A-,E-,c,190.5,48.0
1525,G,C,5,c,"(0, 3, 7)",i,A-,E-,c,190.625,48.0
1526,G,C,5,c,"(0, 3, 7)",i,A-,E-,c,190.75,48.0
1527,G,C,5,c,"(0, 3, 7)",i,A-,E-,c,190.875,48.0
1528,G,C,5,c,"(0, 3, 7)",i,A-,E-,c,191.0,48.0
1529,G,C,5,c,"(0, 3, 7)",i,A-,E-,c,191.125,48.0
1530,G,C,5,c,"(0, 3, 7)",i,A-,E-,c,191.25,48.0
1531,G,C,5,c,"(0, 3, 7)",i,A-,E-,c,191.375,48.0
1532,G,C,5,c,"(0, 3, 7)",i,A-,E-,c,191.5,48.0
1533,G,C,5,c,"(0, 3, 7)",i,A-,E-,c,191.625,48.0
1534,G,C,5,c,"(0, 3, 7)",i,A-,E-,c,191.75,48.0
1535,G,C,5,c,"(0, 3, 7)",i,A-,E-,c,191.875,48.0
1536,G,C,0,c,"(0, 3, 7)",i,C,E-,c,192.0,49.0
1537,G,C,1,c,"(0, 3, 7)",i,C,E-,c,192.125,49.0
1538,G,C,2,c,"(0, 3, 7)",i,C,E-,c,192.25,49.0
1539,G,C,2,c,"(0, 3, 7)",i,C,E-,c,192.375,49.0
1540,G,C,3,c,"(0, 3, 7)",i,C,E-,c,192.5,49.0
1541,G,C,3,c,"(0, 3, 7)",i,C,E-,c,192.625,49.0
1542,G,C,3,c,"(0, 3, 7)",i,C,E-,c,192.75,49.0
1543,G,C,3,c,"(0, 3, 7)",i,C,E-,c,192.875,49.0
1544,G,C,4,c,"(0, 3, 7)",i,C,E-,c,193.0,49.0
1545,G,C,4,c,"(0, 3, 7)",i,C,E-,c,193.125,49.0
1546,G,C,4,c,"(0, 3, 7)",i,C,E-,c,193.25,49.0
1547,G,C,4,c,"(0, 3, 7)",i,C,E-,c,193.375,49.0
1548,G,C,4,c,"(0, 3, 7)",i,C,E-,c,193.5,49.0
1549,G,C,4,c,"(0, 3, 7)",i,C,E-,c,193.625,49.0
1550,G,C,4,c,"(0, 3, 7)",i,C,E-,c,193.75,49.0
1551,G,C,4,c,"(0, 3, 7)",i,C,E-,c,193.875,49.0
1552,G,C,5,c,"(0, 3, 7)",i,C,E-,c,194.0,49.0
1553,G,C,5,c,"(0, 3, 7)",i,C,E-,c,194.125,49.0
1554,G,C,5,c,"(0, 3, 7)",i,C,E-,c,194.25,49.0
1555,G,C,5,c,"(0, 3, 7)",i,C,E-,c,194.375,49.0
1556,G,C,5,c,"(0, 3, 7)",i,C,E-,c,194.5,49.0
1557,G,C,5,c,"(0, 3, 7)",i,C,E-,c,194.625,49.0
1558,G,C,5,c,"(0, 3, 7)",i,C,E-,c,194.75,49.0
1559,G,C,5,c,"(0, 3, 7)",i,C,E-,c,194.875,49.0
1560,G,C,5,c,"(0, 3, 7)",i,C,E-,c,195.0,49.0
1561,G,C,5,c,"(0, 3, 7)",i,C,E-,c,195.125,49.0
1562,G,C,5,c,"(0, 3, 7)",i,C,E-,c,195.25,49.0
1563,G,C,5,c,"(0, 3, 7)",i,C,E-,c,195.375,49.0
1564,G,C,5,c,"(0, 3, 7)",i,C,E-,c,195.5,49.0
1565,G,C,5,c,"(0, 3, 7)",i,C,E-,c,195.625,49.0
1566,G,C,5,c,"(0, 3, 7)",i,C,E-,c,195.75,49.0
1567,G,C,5,c,"(0, 3, 7)",i,C,E-,c,195.875,49.0
1568,G,C,0,c,"(0, 3, 7)",i,C,E-,c,196.0,50.0
1569,G,C,1,c,"(0, 3, 7)",i,C,E-,c,196.125,50.0
1570,G,C,2,c,"(0, 3, 7)",i,C,E-,c,196.25,50.0
1571,G,C,2,c,"(0, 3, 7)",i,C,E-,c,196.375,50.0
1572,G,C,3,c,"(0, 3, 7)",i,C,E-,c,196.5,50.0
1573,G,C,3,c,"(0, 3, 7)",i,C,E-,c,196.625,50.0
1574,G,C,3,c,"(0, 3, 7)",i,C,E-,c,196.75,50.0
1575,G,C,3,c,"(0, 3, 7)",i,C,E-,c,196.875,50.0
1576,G,C,4,c,"(0, 3, 7)",i,C,E-,c,197.0,50.0
1577,G,C,4,c,"(0, 3, 7)",i,C,E-,c,197.125,50.0
1578,G,C,4,c,"(0, 3, 7)",i,C,E-,c,197.25,50.0
1579,G,C,4,c,"(0, 3, 7)",i,C,E-,c,197.375,50.0
1580,G,C,4,c,"(0, 3, 7)",i,C,E-,c,197.5,50.0
1581,G,C,4,c,"(0, 3, 7)",i,C,E-,c,197.625,50.0
1582,G,C,4,c,"(0, 3, 7)",i,C,E-,c,197.75,50.0
1583,G,C,4,c,"(0, 3, 7)",i,C,E-,c,197.875,50.0
1584,G,C,5,c,"(0, 3, 7)",i,C,E-,c,198.0,50.0
1585,G,C,5,c,"(0, 3, 7)",i,C,E-,c,198.125,50.0
1586,G,C,5,c,"(0, 3, 7)",i,C,E-,c,198.25,50.0
1587,G,C,5,c,"(0, 3, 7)",i,C,E-,c,198.375,50.0
1588,G,C,5,c,"(0, 3, 7)",i,C,E-,c,198.5,50.0
1589,G,C,5,c,"(0, 3, 7)",i,C,E-,c,198.625,50.0
1590,G,C,5,c,"(0, 3, 7)",i,C,E-,c,198.75,50.0
1591,G,C,5,c,"(0, 3, 7)",i,C,E-,c,198.875,50.0
1592,G,C,5,c,"(0, 3, 7)",i,C,E-,c,199.0,50.0
1593,G,C,5,c,"(0, 3, 7)",i,C,E-,c,199.125,50.0
1594,G,C,5,c,"(0, 3, 7)",i,C,E-,c,199.25,50.0
1595,G,C,5,c,"(0, 3, 7)",i,C,E-,c,199.375,50.0
1596,G,C,5,c,"(0, 3, 7)",i,C,E-,c,199.5,50.0
1597,G,C,5,c,"(0, 3, 7)",i,C,E-,c,199.625,50.0
1598,G,C,5,c,"(0, 3, 7)",i,C,E-,c,199.75,50.0
1599,G,C,5,c,"(0, 3, 7)",i,C,E-,c,199.875,50.0
1600,G,C,0,c,"(0, 3, 7)",i,C,E-,c,200.0,51.0
1601,G,C,1,c,"(0, 3, 7)",i,C,E-,c,200.125,51.0
1602,G,C,2,c,"(0, 3, 7)",i,C,E-,c,200.25,51.0
1603,G,C,2,c,"(0, 3, 7)",i,C,E-,c,200.375,51.0
1604,G,C,3,c,"(0, 3, 7)",i,C,E-,c,200.5,51.0
1605,G,C,3,c,"(0, 3, 7)",i,C,E-,c,200.625,51.0
1606,G,C,3,c,"(0, 3, 7)",i,C,E-,c,200.75,51.0
1607,G,C,3,c,"(0, 3, 7)",i,C,E-,c,200.875,51.0
1608,G,C,4,c,"(0, 3, 7)",i,C,E-,c,201.0,51.0
1609,G,C,4,c,"(0, 3, 7)",i,C,E-,c,201.125,51.0
1610,G,C,4,c,"(0, 3, 7)",i,C,E-,c,201.25,51.0
1611,G,C,4,c,"(0, 3, 7)",i,C,E-,c,201.375,51.0
1612,G,C,4,c,"(0, 3, 7)",i,C,E-,c,201.5,51.0
1613,G,C,4,c,"(0, 3, 7)",i,C,E-,c,201.625,51.0
1614,G,C,4,c,"(0, 3, 7)",i,C,E-,c,201.75,51.0
1615,G,C,4,c,"(0, 3, 7)",i,C,E-,c,201.875,51.0
1616,G,C,5,c,"(0, 3, 7)",i,C,E-,c,202.0,51.0
1617,G,C,5,c,"(0, 3, 7)",i,C,E-,c,202.125,51.0
1618,G,C,5,c,"(0, 3, 7)",i,C,E-,c,202.25,51.0
1619,G,C,5,c,"(0, 3, 7)",i,C,E-,c,202.375,51.0
1620,G,C,5,c,"(0, 3, 7)",i,C,E-,c,202.5,51.0
1621,G,C,5,c,"(0, 3, 7)",i,C,E-,c,202.625,51.0
1622,G,C,5,c,"(0, 3, 7)",i,C,E-,c,202.75,51.0
1623,G,C,5,c,"(0, 3, 7)",i,C,E-,c,202.875,51.0
1624,G,C,5,c,"(0, 3, 7)",i,C,E-,c,203.0,51.0
1625,G,C,5,c,"(0, 3, 7)",i,C,E-,c,203.125,51.0
1626,G,C,5,c,"(0, 3, 7)",i,C,E-,c,203.25,51.0
1627,G,C,5,c,"(0, 3, 7)",i,C,E-,c,203.375,51.0
1628,G,C,5,c,"(0, 3, 7)",i,C,E-,c,203.5,51.0
1629,G,C,5,c,"(0, 3, 7)",i,C,E-,c,203.625,51.0
1630,G,C,5,c,"(0, 3, 7)",i,C,E-,c,203.75,51.0
1631,G,C,5,c,"(0, 3, 7)",i,C,E-,c,203.875,51.0
1632,G,C,0,c,"(0, 3, 7)",i,C,E-,c,204.0,52.0
1633,G,C,1,c,"(0, 3, 7)",i,C,E-,c,204.125,52.0
1634,G,C,2,c,"(0, 3, 7)",i,C,E-,c,204.25,52.0
1635,G,C,2,c,"(0, 3, 7)",i,C,E-,c,204.375,52.0
1636,G,C,3,c,"(0, 3, 7)",i,C,E-,c,204.5,52.0
1637,G,C,3,c,"(0, 3, 7)",i,C,E-,c,204.625,52.0
1638,G,C,3,c,"(0, 3, 7)",i,C,E-,c,204.75,52.0
1639,G,C,3,c,"(0, 3, 7)",i,C,E-,c,204.875,52.0
1640,G,C,4,c,"(0, 3, 7)",i,C,E-,c,205.0,52.0
1641,G,C,4,c,"(0, 3, 7)",i,C,E-,c,205.125,52.0
1642,G,C,4,c,"(0, 3, 7)",i,C,E-,c,205.25,52.0
1643,G,C,4,c,"(0, 3, 7)",i,C,E-,c,205.375,52.0
1644,G,C,4,c,"(0, 3, 7)",i,C,E-,c,205.5,52.0
1645,G,C,4,c,"(0, 3, 7)",i,C,E-,c,205.625,52.0
1646,G,C,4,c,"(0, 3, 7)",i,C,E-,c,205.75,52.0
1647,G,C,4,c,"(0, 3, 7)",i,C,E-,c,205.875,52.0
1648,G,C,5,c,"(0, 3, 7)",i,C,E-,c,206.0,52.0
1649,G,C,5,c,"(0, 3, 7)",i,C,E-,c,206.125,52.0
1650,G,C,5,c,"(0, 3, 7)",i,C,E-,c,206.25,52.0
1651,G,C,5,c,"(0, 3, 7)",i,C,E-,c,206.375,52.0
1652,G,C,5,c,"(0, 3, 7)",i,C,E-,c,206.5,52.0
1653,G,C,5,c,"(0, 3, 7)",i,C,E-,c,206.625,52.0
1654,G,C,5,c,"(0, 3, 7)",i,C,E-,c,206.75,52.0
1655,G,C,5,c,"(0, 3, 7)",i,C,E-,c,206.875,52.0
1656,G,C,5,c,"(0, 3, 7)",i,C,E-,c,207.0,52.0
1657,G,C,5,c,"(0, 3, 7)",i,C,E-,c,207.125,52.0
1658,G,C,5,c,"(0, 3, 7)",i,C,E-,c,207.25,52.0
1659,G,C,5,c,"(0, 3, 7)",i,C,E-,c,207.375,52.0
1660,G,C,5,c,"(0, 3, 7)",i,C,E-,c,207.5,52.0
1661,G,C,5,c,"(0, 3, 7)",i,C,E-,c,207.625,52.0
1662,G,C,5,c,"(0, 3, 7)",i,C,E-,c,207.75,52.0
1663,G,C,5,c,"(0, 3, 7)",i,C,E-,c,207.875,52.0
1664,G,C,0,c,"(0, 3, 7)",i,C,E-,c,208.0,53.0
1665,G,C,1,c,"(0, 3, 7)",i,C,E-,c,208.125,53.0
1666,G,C,2,c,"(0, 3, 7)",i,C,E-,c,208.25,53.0
1667,G,C,2,c,"(0, 3, 7)",i,C,E-,c,208.375,53.0
1668,G,C,3,c,"(0, 3, 7)",i,C,E-,c,208.5,53.0
1669,G,C,3,c,"(0, 3, 7)",i,C,E-,c,208.625,53.0
1670,G,C,3,c,"(0, 3, 7)",i,C,E-,c,208.75,53.0
1671,G,C,3,c,"(0, 3, 7)",i,C,E-,c,208.875,53.0
1672,G,C,4,c,"(0, 3, 7)",i,C,E-,c,209.0,53.0
1673,G,C,4,c,"(0, 3, 7)",i,C,E-,c,209.125,53.0
1674,G,C,4,c,"(0, 3, 7)",i,C,E-,c,209.25,53.0
1675,G,C,4,c,"(0, 3, 7)",i,C,E-,c,209.375,53.0
1676,G,C,4,c,"(0, 3, 7)",i,C,E-,c,209.5,53.0
1677,G,C,4,c,"(0, 3, 7)",i,C,E-,c,209.625,53.0
1678,G,C,4,c,"(0, 3, 7)",i,C,E-,c,209.75,53.0
1679,G,C,4,c,"(0, 3, 7)",i,C,E-,c,209.875,53.0
1680,G,C,5,c,"(0, 3, 7)",i,C,E-,c,210.0,53.0
1681,G,C,5,c,"(0, 3, 7)",i,C,E-,c,210.125,53.0
1682,G,C,5,c,"(0, 3, 7)",i,C,E-,c,210.25,53.0
1683,G,C,5,c,"(0, 3, 7)",i,C,E-,c,210.375,53.0
1684,G,C,5,c,"(0, 3, 7)",i,C,E-,c,210.5,53.0
1685,G,C,5,c,"(0, 3, 7)",i,C,E-,c,210.625,53.0
1686,G,C,5,c,"(0, 3, 7)",i,C,E-,c,210.75,53.0
1687,G,C,5,c,"(0, 3, 7)",i,C,E-,c,210.875,53.0
1688,G,C,5,c,"(0, 3, 7)",i,C,E-,c,211.0,53.0
1689,G,C,5,c,"(0, 3, 7)",i,C,E-,c,211.125,53.0
1690,G,C,5,c,"(0, 3, 7)",i,C,E-,c,211.25,53.0
1691,G,C,5,c,"(0, 3, 7)",i,C,E-,c,211.375,53.0
1692,G,C,5,c,"(0, 3, 7)",i,C,E-,c,211.5,53.0
1693,G,C,5,c,"(0, 3, 7)",i,C,E-,c,211.625,53.0
1694,G,C,5,c,"(0, 3, 7)",i,C,E-,c,211.75,53.0
1695,G,C,5,c,"(0, 3, 7)",i,C,E-,c,211.875,53.0
1696,A,C,0,c,"(0, 3, 6, 9)",i,A,E-,g,212.0,54.0
1697,A,C,1,c,"(0, 3, 6, 9)",viio7,A,E-,g,212.125,54.0
1698,A,C,2,c,"(0, 3, 6, 9)",viio7,A,E-,g,212.25,54.0
1699,A,C,2,c,"(0, 3, 6, 9)",viio7,A,E-,g,212.375,54.0
1700,A,C,3,c,"(0, 3, 6, 9)",viio7,A,E-,g,212.5,54.0
1701,A,C,3,c,"(0, 3, 6, 9)",viio7,A,E-,g,212.625,54.0
1702,A,C,3,c,"(0, 3, 6, 9)",viio7,A,E-,g,212.75,54.0
1703,A,C,3,c,"(0, 3, 6, 9)",viio7,A,E-,g,212.875,54.0
1704,A,C,4,c,"(0, 3, 6, 9)",viio7,A,E-,g,213.0,54.0
1705,A,C,4,c,"(0, 3, 6, 9)",viio7,A,E-,g,213.125,54.0
1706,A,C,4,c,"(0, 3, 6, 9)",viio7,A,E-,g,213.25,54.0
1707,A,C,4,c,"(0, 3, 6, 9)",viio7,A,E-,g,213.375,54.0
1708,A,C,4,c,"(0, 3, 6, 9)",viio7,A,E-,g,213.5,54.0
1709,A,C,4,c,"(0, 3, 6, 9)",viio7,A,E-,g,213.625,54.0
1710,A,C,4,c,"(0, 3, 6, 9)",viio7,A,E-,g,213.75,54.0
1711,A,C,4,c,"(0, 3, 6, 9)",viio7,A,E-,g,213.875,54.0
1712,A,C,5,c,"(0, 3, 6, 9)",viio7,A,E-,g,214.0,54.0
1713,A,C,5,c,"(0, 3, 6, 9)",viio7,A,E-,g,214.125,54.0
1714,A,C,5,c,"(0, 3, 6, 9)",viio7,A,E-,g,214.25,54.0
1715,A,C,5,c,"(0, 3, 6, 9)",viio7,A,E-,g,214.375,54.0
1716,A,C,5,c,"(0, 3, 6, 9)",viio7,A,E-,g,214.5,54.0
1717,A,C,5,c,"(0, 3, 6, 9)",viio7,A,E-,g,214.625,54.0
1718,A,C,5,c,"(0, 3, 6, 9)",viio7,A,E-,g,214.75,54.0
1719,A,C,5,c,"(0, 3, 6, 9)",viio7,A,E-,g,214.875,54.0
1720,C,C,5,c,"(0, 3, 6, 9)",viio7,A,E-,g,215.0,54.0
1721,C,C,5,c,"(0, 3, 6, 9)",viio7,A,E-,g,215.125,54.0
1722,C,C,5,c,"(0, 3, 6, 9)",viio7,A,E-,g,215.25,54.0
1723,C,C,5,c,"(0, 3, 6, 9)",viio7,A,E-,g,215.375,54.0
1724,C,C,5,c,"(0, 3, 6, 9)",viio7,A,E-,g,215.5,54.0
1725,C,C,5,c,"(0, 3, 6, 9)",viio7,A,E-,g,215.625,54.0
1726,C,C,5,c,"(0, 3, 6, 9)",viio7,A,E-,g,215.75,54.0
1727,C,C,5,c,"(0, 3, 6, 9)",viio7,A,E-,g,215.875,54.0
1728,G,B,0,c,"(2, 7, 11)",V,G,D,c,216.0,55.0
1729,G,B,1,c,"(2, 7, 11)",V,G,D,c,216.125,55.0
1730,G,B,2,c,"(2, 7, 11)",V,G,D,c,216.25,55.0
1731,G,B,2,c,"(2, 7, 11)",V,G,D,c,216.375,55.0
1732,G,B,3,c,"(2, 7, 11)",V,G,D,c,216.5,55.0
1733,G,B,3,c,"(2, 7, 11)",V,G,D,c,216.625,55.0
1734,G,B,3,c,"(2, 7, 11)",V,G,D,c,216.75,55.0
1735,G,B,3,c,"(2, 7, 11)",V,G,D,c,216.875,55.0
1736,G,B,4,c,"(2, 7, 11)",V,G,D,c,217.0,55.0
1737,G,B,4,c,"(2, 7, 11)",V,G,D,c,217.125,55.0
1738,G,B,4,c,"(2, 7, 11)",V,G,D,c,217.25,55.0
1739,G,B,4,c,"(2, 7, 11)",V,G,D,c,217.375,55.0
1740,G,B,4,c,"(2, 7, 11)",V,G,D,c,217.5,55.0
1741,G,B,4,c,"(2, 7, 11)",V,G,D,c,217.625,55.0
1742,G,B,4,c,"(2, 7, 11)",V,G,D,c,217.75,55.0
1743,G,B,4,c,"(2, 7, 11)",V,G,D,c,217.875,55.0
1744,G,B-,5,c,"(2, 7, 10)",viio,G,D-,c,218.0,55.0
1745,G,B-,5,c,"(2, 7, 10)",V7,G,D-,f,218.125,55.0
1746,G,B-,2,c,"(2, 7, 10)",V7,G,D-,f,218.25,55.0
1747,G,B-,5,c,"(2, 7, 10)",V7,G,D-,f,218.375,55.0
1748,G,B-,3,c,"(2, 7, 10)",V7,G,D-,f,218.5,55.0
1749,G,B-,3,c,"(2, 7, 10)",V7,G,D-,f,218.625,55.0
1750,G,B-,3,c,"(2, 7, 10)",V7,G,D-,f,218.75,55.0
1751,G,B-,3,c,"(2, 7, 10)",V7,G,D-,f,218.875,55.0
1752,G,B-,4,c,"(1, 7, 10)",viio,G,D-,f,219.0,55.0
1753,G,B-,4,c,"(1, 7, 10)",viio,G,D-,f,219.125,55.0
1754,G,B-,4,c,"(1, 7, 10)",V7,G,D-,f,219.25,55.0
1755,G,B-,4,c,"(1, 7, 10)",V7,G,D-,f,219.375,55.0
1756,G,B-,4,c,"(1, 7, 10)",viio,G,D-,f,219.5,55.0
1757,G,B-,4,c,"(1, 7, 10)",viio,G,D-,f,219.625,55.0
1758,G,B-,4,c,"(1, 7, 10)",V7,G,D-,f,219.75,55.0
1759,G,B-,4,c,"(1, 7, 10)",viio,G,D-,c,219.875,55.0
1760,F,A,0,c,"(0, 5, 9)",IV,F,C,C,220.0,56.0
1761,F,A,1,c,"(0, 5, 9)",IV,F,C,C,220.125,56.0
1762,F,A,2,c,"(0, 5, 9)",IV,F,C,C,220.25,56.0
1763,F,A,2,c,"(0, 5, 9)",IV,F,C,C,220.375,56.0
1764,F,A,3,c,"(0, 5, 9)",IV,F,C,C,220.5,56.0
1765,F,A,3,c,"(0, 5, 9)",IV,F,C,C,220.625,56.0
1766,F,A,3,c,"(0, 5, 9)",IV,F,C,C,220.75,56.0
1767,F,A,3,c,"(0, 5, 9)",IV,F,C,C,220.875,56.0
1768,F,A,4,c,"(0, 5, 9)",IV,F,C,C,221.0,56.0
1769,F,A,4,c,"(0, 5, 9)",IV,F,C,C,221.125,56.0
1770,F,A,4,c,"(0, 5, 9)",IV,F,C,C,221.25,56.0
1771,F,A,4,c,"(0, 5, 9)",IV,F,C,C,221.375,56.0
1772,F,A,4,c,"(0, 5, 9)",IV,F,C,C,221.5,56.0
1773,F,A,4,c,"(0, 5, 9)",IV,F,C,C,221.625,56.0
1774,F,A,4,c,"(0, 5, 9)",IV,F,C,C,221.75,56.0
1775,F,A,4,c,"(0, 5, 9)",IV,F,C,C,221.875,56.0
1776,F,A-,5,c,"(0, 5, 8)",iv,F,C,c,222.0,56.0
1777,F,A-,5,c,"(0, 5, 8)",iv,F,C,c,222.125,56.0
1778,F,A-,5,c,"(0, 5, 8)",iv,F,C,c,222.25,56.0
1779,F,A-,5,c,"(0, 5, 8)",iv,F,C,c,222.375,56.0
1780,F,A-,3,c,"(0, 5, 8)",iv,F,C,c,222.5,56.0
1781,F,A-,3,c,"(0, 5, 8)",iv,F,C,c,222.625,56.0
1782,F,A-,5,c,"(0, 5, 8)",iv,F,C,c,222.75,56.0
1783,F,A-,3,c,"(0, 5, 8)",iv,F,C,c,222.875,56.0
1784,F,A-,4,c,"(0, 5, 8)",iv,F,C,c,223.0,56.0
1785,F,A-,4,c,"(0, 5, 8)",iv,F,C,c,223.125,56.0
1786,F,A-,4,c,"(0, 5, 8)",iv,F,C,c,223.25,56.0
1787,F,A-,4,c,"(0, 5, 8)",iv,F,C,c,223.375,56.0
1788,F,A-,4,c,"(0, 5, 8)",iv,F,C,c,223.5,56.0
1789,F,A-,4,c,"(0, 5, 8)",iv,F,C,c,223.625,56.0
1790,F,A-,4,c,"(0, 5, 8)",iv,F,C,c,223.75,56.0
1791,F,A-,4,c,"(0, 5, 8)",iv,F,C,c,223.875,56.0
1792,E,G,0,c,"(0, 4, 7)",V7,C,C,c,224.0,57.0
1793,E,G,1,c,"(0, 4, 7)",i,C,C,c,224.125,57.0
1794,E,G,2,c,"(0, 4, 7)",i,C,C,c,224.25,57.0
1795,E,G,2,c,"(0, 4, 7)",i,C,C,c,224.375,57.0
1796,E,G,3,c,"(0, 4, 7)",i,C,C,c,224.5,57.0
1797,E,G,3,c,"(0, 4, 7)",i,C,C,c,224.625,57.0
1798,E,G,3,c,"(0, 4, 7)",i,C,C,c,224.75,57.0
1799,E,G,3,c,"(0, 4, 7)",i,C,C,c,224.875,57.0
1800,E,G,4,c,"(0, 4, 7)",i,C,C,c,225.0,57.0
1801,E,G,4,c,"(0, 4, 7)",i,C,C,c,225.125,57.0
1802,E,G,4,c,"(0, 4, 7)",i,C,C,c,225.25,57.0
1803,E,G,4,c,"(0, 4, 7)",i,C,C,c,225.375,57.0
1804,E-,G,4,c,"(0, 3, 7)",i,C,C,c,225.5,57.0
1805,E-,G,4,c,"(0, 3, 7)",i,C,C,c,225.625,57.0
1806,E-,G,4,c,"(0, 3, 7)",i,C,C,c,225.75,57.0
1807,E-,G,4,c,"(0, 3, 7)",i,C,C,c,225.875,57.0
1808,C,C,0,c,"(0, 3, 7)",i,C,C,c,226.0,57.0
1809,C,C,1,c,"(0, 3, 7)",i,C,C,c,226.125,57.0
1810,C,C,5,c,"(0, 3, 7)",i,C,C,c,226.25,57.0
1811,C,C,5,c,"(0, 3, 7)",i,C,C,c,226.375,57.0
1812,C,C,3,c,"(0, 3, 7)",i,C,C,c,226.5,57.0
1813,C,C,3,c,"(0, 3, 7)",i,C,C,c,226.625,57.0
1814,C,C,3,c,"(0, 3, 7)",i,C,C,c,226.75,57.0
1815,C,C,3,c,"(0, 3, 7)",i,C,C,c,226.875,57.0
1816,C,C,4,c,"(0, 3, 7)",viio7,C,C,c,227.0,57.0
1817,C,C,4,c,"(0, 3, 7)",viio7,C,C,c,227.125,57.0
1818,C,C,4,c,"(0, 3, 7)",viio7,C,C,c,227.25,57.0
1819,C,C,4,c,"(0, 3, 7)",viio7,C,C,c,227.375,57.0
1820,C,C,4,c,"(0, 3, 6, 9)",viio7,C,C,c,227.5,57.0
1821,C,C,4,c,"(0, 3, 6, 9)",viio7,C,C,c,227.625,57.0
1822,C,C,4,c,"(0, 3, 6, 9)",viio7,C,C,c,227.75,57.0
1823,C,C,4,c,"(0, 3, 6, 9)",viio7,C,C,c,227.875,57.0
1824,D,G,0,c,"(2, 7, 11)",V,G,B,c,228.0,58.0
1825,D,G,1,c,"(2, 7, 11)",V,G,B,c,228.125,58.0
1826,D,G,2,c,"(2, 7, 11)",V,G,B,c,228.25,58.0
1827,D,G,2,c,"(2, 7, 11)",V,G,B,c,228.375,58.0
1828,D,G,3,c,"(2, 7, 11)",V,G,B,c,228.5,58.0
1829,D,G,3,c,"(2, 7, 11)",V,G,B,c,228.625,58.0
1830,D,G,3,c,"(2, 7, 11)",V,G,B,c,228.75,58.0
1831,D,G,3,c,"(2, 7, 11)",V,G,B,c,228.875,58.0
1832,D,G,0,c,"(2, 5, 7, 11)",V7,G,B,c,229.0,58.0
1833,D,G,1,c,"(2, 5, 7, 11)",V7,G,B,c,229.125,58.0
1834,D,G,2,c,"(2, 5, 7, 11)",V7,G,B,c,229.25,58.0
1835,D,G,2,c,"(2, 5, 7, 11)",V7,G,B,c,229.375,58.0
1836,D,G,4,c,"(2, 5, 7, 11)",V7,G,B,c,229.5,58.0
1837,D,G,3,c,"(2, 5, 7, 11)",V7,G,B,c,229.625,58.0
1838,D,G,4,c,"(2, 5, 7, 11)",V7,G,B,c,229.75,58.0
1839,D,G,4,c,"(2, 5, 7, 11)",V7,G,B,c,229.875,58.0
1840,D,G,5,c,"(2, 5, 7, 11)",V7,A-,B,c,230.0,58.0
1841,D,G,5,c,"(2, 5, 7, 11)",V7,A-,B,c,230.125,58.0
1842,D,G,5,c,"(2, 5, 7, 11)",V7,A-,B,c,230.25,58.0
1843,D,G,5,c,"(2, 5, 7, 11)",V7,A-,B,c,230.375,58.0
1844,D,G,5,c,"(2, 5, 7, 11)",V7,A-,B,c,230.5,58.0
1845,D,G,5,c,"(2, 5, 7, 11)",V7,A-,B,c,230.625,58.0
1846,D,G,5,c,"(2, 5, 7, 11)",V7,A-,B,c,230.75,58.0
1847,D,G,5,c,"(2, 5, 7, 11)",V7,A-,B,c,230.875,58.0
1848,D,G,5,c,"(2, 5, 7, 11)",V7,A-,B,c,231.0,58.0
1849,D,G,5,c,"(2, 5, 7, 11)",V7,A-,B,c,231.125,58.0
1850,D,G,5,c,"(2, 5, 7, 11)",V7,A-,B,c,231.25,58.0
1851,D,G,5,c,"(2, 5, 7, 11)",V7,A-,B,c,231.375,58.0
1852,D,G,5,c,"(2, 5, 7, 11)",V7,A-,B,c,231.5,58.0
1853,D,G,5,c,"(2, 5, 7, 11)",V7,A-,B,c,231.625,58.0
1854,D,G,5,c,"(2, 5, 7, 11)",V7,A-,B,c,231.75,58.0
1855,D,G,5,c,"(2, 5, 7, 11)",V7,A-,B,c,231.875,58.0
1856,G,C,0,c,"(0, 3, 7)",i,C,E-,c,232.0,59.0
1857,G,C,1,c,"(0, 3, 7)",i,C,E-,c,232.125,59.0
1858,G,C,2,c,"(0, 3, 7)",i,C,E-,c,232.25,59.0
1859,G,C,2,c,"(0, 3, 7)",i,C,E-,c,232.375,59.0
1860,G,C,3,c,"(0, 3, 7)",i,C,E-,c,232.5,59.0
1861,G,C,3,c,"(0, 3, 7)",i,C,E-,c,232.625,59.0
1862,G,C,3,c,"(0, 3, 7)",i,C,E-,c,232.75,59.0
1863,G,C,3,c,"(0, 3, 7)",i,C,E-,c,232.875,59.0
1864,G,C,4,c,"(0, 3, 7)",i,C,E-,c,233.0,59.0
1865,G,C,4,c,"(0, 3, 7)",i,C,E-,c,233.125,59.0
1866,G,C,4,c,"(0, 3, 7)",i,C,E-,c,233.25,59.0
1867,G,C,4,c,"(0, 3, 7)",i,C,E-,c,233.375,59.0
1868,G,C,4,c,"(0, 3, 7)",i,C,E-,c,233.5,59.0
1869,G,C,4,c,"(0, 3, 7)",i,C,E-,c,233.625,59.0
1870,G,C,4,c,"(0, 3, 7)",i,C,E-,c,233.75,59.0
1871,G,C,4,c,"(0, 3, 7)",i,C,E-,c,233.875,59.0
1872,G,C,5,c,"(0, 3, 7)",i,C,E-,c,234.0,59.0
1873,G,C,5,c,"(0, 3, 7)",i,C,E-,c,234.125,59.0
1874,G,C,5,c,"(0, 3, 7)",i,C,E-,c,234.25,59.0
1875,G,C,5,c,"(0, 3, 7)",i,C,E-,c,234.375,59.0
1876,G,C,5,c,"(0, 3, 7)",i,C,E-,c,234.5,59.0
1877,G,C,5,c,"(0, 3, 7)",i,C,E-,c,234.625,59.0
1878,G,C,5,c,"(0, 3, 7)",i,C,E-,c,234.75,59.0
1879,G,C,5,c,"(0, 3, 7)",i,C,E-,c,234.875,59.0
1880,G,C,5,c,"(0, 3, 7)",i,C,E-,c,235.0,59.0
1881,G,C,5,c,"(0, 3, 7)",i,C,E-,c,235.125,59.0
1882,G,C,5,c,"(0, 3, 7)",i,C,E-,c,235.25,59.0
1883,G,C,5,c,"(0, 3, 7)",i,C,E-,c,235.375,59.0
1884,G,C,5,c,"(0, 3, 7)",i,C,E-,c,235.5,59.0
1885,G,C,5,c,"(0, 3, 7)",i,C,E-,c,235.625,59.0
1886,G,C,5,c,"(0, 3, 7)",i,C,E-,c,235.75,59.0
1887,G,C,5,c,"(0, 3, 7)",i,C,E-,c,235.875,59.0
1888,G,C,0,c,"(0, 3, 7)",i,C,E-,c,236.0,60.0
1889,G,C,1,c,"(0, 3, 7)",i,C,E-,c,236.125,60.0
1890,G,C,2,c,"(0, 3, 7)",i,C,E-,c,236.25,60.0
1891,G,C,2,c,"(0, 3, 7)",i,C,E-,c,236.375,60.0
1892,G,C,3,c,"(0, 3, 7)",i,C,E-,c,236.5,60.0
1893,G,C,3,c,"(0, 3, 7)",i,C,E-,c,236.625,60.0
1894,G,C,3,c,"(0, 3, 7)",i,C,E-,c,236.75,60.0
1895,G,C,3,c,"(0, 3, 7)",i,C,E-,c,236.875,60.0
1896,G,C,4,c,"(0, 3, 7)",i,C,E-,c,237.0,60.0
1897,G,C,4,c,"(0, 3, 7)",i,C,E-,c,237.125,60.0
1898,G,C,4,c,"(0, 3, 7)",i,C,E-,c,237.25,60.0
1899,G,C,4,c,"(0, 3, 7)",i,C,E-,c,237.375,60.0
1900,G,C,4,c,"(0, 3, 7)",i,C,E-,c,237.5,60.0
1901,G,C,4,c,"(0, 3, 7)",i,C,E-,c,237.625,60.0
1902,G,C,4,c,"(0, 3, 7)",i,C,E-,c,237.75,60.0
1903,G,C,4,c,"(0, 3, 7)",i,C,E-,c,237.875,60.0
1904,G,C,0,c,"(0, 3, 7)",i,C,E,c,238.0,60.0
1905,G,C,1,c,"(0, 3, 7)",i,C,E,c,238.125,60.0
1906,G,C,2,c,"(0, 3, 7)",i,C,E,c,238.25,60.0
1907,G,C,2,c,"(0, 3, 7)",i,C,E,c,238.375,60.0
1908,G,C,3,c,"(0, 3, 7)",i,C,E,c,238.5,60.0
1909,G,C,3,c,"(0, 3, 7)",i,C,E,c,238.625,60.0
1910,G,C,3,c,"(0, 3, 7)",i,C,E,c,238.75,60.0
1911,G,C,3,c,"(0, 3, 7)",i,C,E,c,238.875,60.0
1912,G,C,4,c,"(0, 3, 7)",i,C,E-,c,239.0,60.0
1913,G,C,4,c,"(0, 3, 7)",i,C,E-,c,239.125,60.0
1914,G,C,4,c,"(0, 3, 7)",i,C,E-,c,239.25,60.0
1915,G,C,4,c,"(0, 3, 7)",i,C,E-,c,239.375,60.0
1916,G,C,4,c,"(0, 3, 7)",i,C,E-,c,239.5,60.0
1917,G,C,4,c,"(0, 3, 7)",i,C,E-,c,239.625,60.0
1918,G,C,4,c,"(0, 3, 7)",i,C,E-,c,239.75,60.0
1919,G,C,4,c,"(0, 3, 7)",V,C,E-,c,239.875,60.0
1920,G,C,0,c,"(0, 3, 7)",i,C,E-,c,240.0,61.0
1921,G,C,1,c,"(0, 3, 7)",i,C,E-,c,240.125,61.0
1922,G,C,2,c,"(0, 3, 7)",i,C,E-,c,240.25,61.0
1923,G,C,2,c,"(0, 3, 7)",i,C,E-,c,240.375,61.0
1924,G,C,3,c,"(0, 3, 7)",i,C,E-,c,240.5,61.0
1925,G,C,3,c,"(0, 3, 7)",i,C,E-,c,240.625,61.0
1926,G,C,3,c,"(0, 3, 7)",i,C,E-,c,240.75,61.0
1927,G,C,3,c,"(0, 3, 7)",i,C,E-,c,240.875,61.0
1928,G,C,4,c,"(0, 3, 7)",i,C,E-,c,241.0,61.0
1929,G,C,4,c,"(0, 3, 7)",i,C,E-,c,241.125,61.0
1930,G,C,4,c,"(0, 3, 7)",i,C,E-,c,241.25,61.0
1931,G,C,4,c,"(0, 3, 7)",i,C,E-,c,241.375,61.0
1932,G,C,4,c,"(0, 3, 7)",i,C,E-,c,241.5,61.0
1933,G,C,4,c,"(0, 3, 7)",i,C,E-,c,241.625,61.0
1934,G,C,4,c,"(0, 3, 7)",i,C,E-,c,241.75,61.0
1935,G,C,4,c,"(0, 3, 7)",i,C,E-,c,241.875,61.0
1936,G,C,5,c,"(0, 3, 7)",i,C,E-,c,242.0,61.0
1937,G,C,5,c,"(0, 3, 7)",i,C,E-,c,242.125,61.0
1938,G,C,5,c,"(0, 3, 7)",i,C,E-,c,242.25,61.0
1939,G,C,5,c,"(0, 3, 7)",i,C,E-,c,242.375,61.0
1940,G,C,5,c,"(0, 3, 7)",i,C,E-,c,242.5,61.0
1941,G,C,5,c,"(0, 3, 7)",i,C,E-,c,242.625,61.0
1942,G,C,5,c,"(0, 3, 7)",i,C,E-,c,242.75,61.0
1943,G,C,5,c,"(0, 3, 7)",i,C,E-,c,242.875,61.0
1944,G,C,5,c,"(0, 3, 7)",i,C,E-,c,243.0,61.0
1945,G,C,5,c,"(0, 3, 7)",i,C,E-,c,243.125,61.0
1946,G,C,5,c,"(0, 3, 7)",i,C,E-,c,243.25,61.0
1947,G,C,5,c,"(0, 3, 7)",i,C,E-,c,243.375,61.0
1948,G,C,5,c,"(0, 3, 7)",i,C,E-,c,243.5,61.0
1949,G,C,5,c,"(0, 3, 7)",i,C,E-,c,243.625,61.0
1950,G,C,5,c,"(0, 3, 7)",i,C,E-,c,243.75,61.0
1951,G,C,5,c,"(0, 3, 7)",i,C,E-,c,243.875,61.0
1952,G,C,0,c,"(0, 3, 7)",i,C,E-,c,244.0,62.0
1953,G,C,1,c,"(0, 3, 7)",i,C,E-,c,244.125,62.0
1954,G,C,2,c,"(0, 3, 7)",i,C,E-,c,244.25,62.0
1955,G,C,2,c,"(0, 3, 7)",i,C,E-,c,244.375,62.0
1956,G,C,3,c,"(0, 3, 7)",i,C,E-,c,244.5,62.0
1957,G,C,3,c,"(0, 3, 7)",i,C,E-,c,244.625,62.0
1958,G,C,3,c,"(0, 3, 7)",i,C,E-,c,244.75,62.0
1959,G,C,3,c,"(0, 3, 7)",i,C,E-,c,244.875,62.0
1960,G,C,4,c,"(0, 3, 7)",i,C,E-,c,245.0,62.0
1961,G,C,4,c,"(0, 3, 7)",i,C,E-,c,245.125,62.0
1962,G,C,4,c,"(0, 3, 7)",i,C,E-,c,245.25,62.0
1963,G,C,4,c,"(0, 3, 7)",i,C,E-,c,245.375,62.0
1964,G,C,4,c,"(0, 3, 7)",i,C,E-,c,245.5,62.0
1965,G,C,4,c,"(0, 3, 7)",i,C,E-,c,245.625,62.0
1966,G,C,4,c,"(0, 3, 7)",i,C,E-,c,245.75,62.0
1967,G,C,4,c,"(0, 3, 7)",i,C,E-,c,245.875,62.0
1968,G,C,5,c,"(0, 3, 7)",i,C,E-,c,246.0,62.0
1969,G,C,5,c,"(0, 3, 7)",i,C,E-,c,246.125,62.0
1970,G,C,5,c,"(0, 3, 7)",i,C,E-,c,246.25,62.0
1971,G,C,5,c,"(0, 3, 7)",i,C,E-,c,246.375,62.0
1972,G,C,5,c,"(0, 3, 7)",i,C,E-,c,246.5,62.0
1973,G,C,5,c,"(0, 3, 7)",i,C,E-,c,246.625,62.0
1974,G,C,5,c,"(0, 3, 7)",i,C,E-,c,246.75,62.0
1975,G,C,5,c,"(0, 3, 7)",i,C,E-,c,246.875,62.0
1976,G,C,5,c,"(0, 3, 7)",i,C,E-,c,247.0,62.0
1977,G,C,5,c,"(0, 3, 7)",i,C,E-,c,247.125,62.0
1978,G,C,5,c,"(0, 3, 7)",i,C,E-,c,247.25,62.0
1979,G,C,5,c,"(0, 3, 7)",i,C,E-,c,247.375,62.0
1980,G,C,5,c,"(0, 3, 7)",i,C,E-,c,247.5,62.0
1981,G,C,5,c,"(0, 3, 7)",i,C,E-,c,247.625,62.0
1982,G,C,5,c,"(0, 3, 7)",i,C,E-,c,247.75,62.0
1983,G,C,5,c,"(0, 3, 7)",i,C,E-,c,247.875,62.0
1984,G,C,0,c,"(0, 3, 7)",i,C,E-,c,248.0,63.0
1985,G,C,1,c,"(0, 3, 7)",i,C,E-,c,248.125,63.0
1986,G,C,2,c,"(0, 3, 7)",i,C,E-,c,248.25,63.0
1987,G,C,2,c,"(0, 3, 7)",i,C,E-,c,248.375,63.0
1988,G,C,3,c,"(0, 3, 7)",i,C,E-,c,248.5,63.0
1989,G,C,3,c,"(0, 3, 7)",i,C,E-,c,248.625,63.0
1990,G,C,3,c,"(0, 3, 7)",i,C,E-,c,248.75,63.0
1991,G,C,3,c,"(0, 3, 7)",i,C,E-,c,248.875,63.0
1992,G,C,4,c,"(0, 3, 7)",i,C,E-,c,249.0,63.0
1993,G,C,4,c,"(0, 3, 7)",i,C,E-,c,249.125,63.0
1994,G,C,4,c,"(0, 3, 7)",i,C,E-,c,249.25,63.0
1995,G,C,4,c,"(0, 3, 7)",i,C,E-,c,249.375,63.0
1996,G,C,4,c,"(0, 3, 7)",i,C,E-,c,249.5,63.0
1997,G,C,4,c,"(0, 3, 7)",i,C,E-,c,249.625,63.0
1998,G,C,4,c,"(0, 3, 7)",i,C,E-,c,249.75,63.0
1999,G,C,4,c,"(0, 3, 7)",i,C,E-,c,249.875,63.0
2000,G,C,5,c,"(0, 3, 7)",i,C,E-,c,250.0,63.0
2001,G,C,5,c,"(0, 3, 7)",i,C,E-,c,250.125,63.0
2002,G,C,5,c,"(0, 3, 7)",i,C,E-,c,250.25,63.0
2003,G,C,5,c,"(0, 3, 7)",i,C,E-,c,250.375,63.0
2004,G,C,5,c,"(0, 3, 7)",i,C,E-,c,250.5,63.0
2005,G,C,5,c,"(0, 3, 7)",i,C,E-,c,250.625,63.0
2006,G,C,5,c,"(0, 3, 7)",i,C,E-,c,250.75,63.0
2007,G,C,5,c,"(0, 3, 7)",i,C,E-,c,250.875,63.0
2008,G,C,5,c,"(0, 3, 7)",i,C,E-,c,251.0,63.0
2009,G,C,5,c,"(0, 3, 7)",i,C,E-,c,251.125,63.0
2010,G,C,5,c,"(0, 3, 7)",i,C,E-,c,251.25,63.0
2011,G,C,5,c,"(0, 3, 7)",i,C,E-,c,251.375,63.0
2012,G,C,5,c,"(0, 3, 7)",i,C,E-,c,251.5,63.0
2013,G,C,5,c,"(0, 3, 7)",i,C,E-,c,251.625,63.0
2014,G,C,5,c,"(0, 3, 7)",i,C,E-,c,251.75,63.0
2015,G,C,5,c,"(0, 3, 7)",i,C,E-,c,251.875,63.0
2016,A,C,0,c,"(0, 3, 6, 9)",viio7,A,E-,b-,252.0,64.0
2017,A,C,1,c,"(0, 3, 6, 9)",viio7,A,E-,b-,252.125,64.0
2018,A,C,2,c,"(0, 3, 6, 9)",viio7,A,E-,b-,252.25,64.0
2019,A,C,2,c,"(0, 3, 6, 9)",viio7,A,E-,b-,252.375,64.0
2020,A,C,3,c,"(0, 3, 6, 9)",viio7,A,E-,b-,252.5,64.0
2021,A,C,3,c,"(0, 3, 6, 9)",viio7,A,E-,b-,252.625,64.0
2022,A,C,3,c,"(0, 3, 6, 9)",viio7,A,E-,b-,252.75,64.0
2023,A,C,3,c,"(0, 3, 6, 9)",viio7,A,E-,b-,252.875,64.0
2024,A,C,4,c,"(0, 3, 6, 9)",viio7,A,E-,b-,253.0,64.0
2025,A,C,4,c,"(0, 3, 6, 9)",viio7,A,E-,b-,253.125,64.0
2026,A,C,4,c,"(0, 3, 6, 9)",viio7,A,E-,b-,253.25,64.0
2027,A,C,4,c,"(0, 3, 6, 9)",viio7,A,E-,b-,253.375,64.0
2028,A,C,4,c,"(0, 3, 6, 9)",viio7,A,E-,b-,253.5,64.0
2029,A,C,4,c,"(0, 3, 6, 9)",viio7,A,E-,b-,253.625,64.0
2030,A,C,4,c,"(0, 3, 6, 9)",viio7,A,E-,b-,253.75,64.0
2031,A,C,4,c,"(0, 3, 6, 9)",viio7,A,E-,b-,253.875,64.0
2032,A,C,5,c,"(0, 3, 6, 9)",viio7,A,E-,b-,254.0,64.0
2033,A,C,5,c,"(0, 3, 6, 9)",viio7,A,E-,b-,254.125,64.0
2034,A,C,5,c,"(0, 3, 6, 9)",viio7,A,E-,b-,254.25,64.0
2035,A,C,5,c,"(0, 3, 6, 9)",viio7,A,E-,b-,254.375,64.0
2036,A,C,5,c,"(0, 3, 6, 9)",viio7,A,E-,b-,254.5,64.0
2037,A,C,5,c,"(0, 3, 6, 9)",viio7,A,E-,b-,254.625,64.0
2038,A,C,5,c,"(0, 3, 6, 9)",viio7,A,E-,b-,254.75,64.0
2039,A,C,5,c,"(0, 3, 6, 9)",viio7,A,E-,b-,254.875,64.0
2040,A,C,5,c,"(0, 3, 6, 9)",viio7,A,E-,b-,255.0,64.0
2041,A,C,5,c,"(0, 3, 6, 9)",viio7,A,E-,b-,255.125,64.0
2042,A,C,5,c,"(0, 3, 6, 9)",viio7,A,E-,b-,255.25,64.0
2043,A,C,5,c,"(0, 3, 6, 9)",viio7,A,E-,b-,255.375,64.0
2044,A,C,5,c,"(0, 3, 6, 9)",viio7,A,E-,b-,255.5,64.0
2045,A,C,5,c,"(0, 3, 6, 9)",viio7,A,E-,b-,255.625,64.0
2046,A,C,5,c,"(0, 3, 6, 9)",viio7,A,E-,b-,255.75,64.0
2047,A,C,5,c,"(0, 3, 6, 9)",viio7,A,E-,b-,255.875,64.0
2048,B-,D-,0,c,"(1, 5, 10)",N,B-,F,b-,256.0,65.0
2049,B-,D-,1,c,"(1, 6, 10)",N,B-,F,b-,256.125,65.0
2050,B-,D-,2,c,"(1, 6, 10)",N,B-,F,b-,256.25,65.0
2051,B-,D-,2,c,"(1, 6, 10)",N,B-,F,b-,256.375,65.0
2052,B-,D-,3,c,"(1, 6, 10)",N,B-,F,b-,256.5,65.0
2053,B-,D-,3,c,"(1, 6, 10)",N,B-,F,b-,256.625,65.0
2054,B-,D-,3,c,"(1, 6, 10)",N,B-,F,b-,256.75,65.0
2055,B-,D-,3,c,"(1, 6, 10)",N,B-,F,b-,256.875,65.0
2056,B-,D-,4,c,"(1, 6, 10)",iv,B-,F,b-,257.0,65.0
2057,B-,D-,4,c,"(1, 6, 10)",iv,B-,F,b-,257.125,65.0
2058,B-,D-,4,c,"(1, 6, 10)",iv,B-,F,b-,257.25,65.0
2059,B-,D-,4,c,"(1, 6, 10)",iv,B-,F,b-,257.375,65.0
2060,B-,D-,4,c,"(1, 6, 10)",N,B-,F,b-,257.5,65.0
2061,B-,D-,4,c,"(1, 6, 10)",N,B-,F,b-,257.625,65.0
2062,B-,D-,4,c,"(1, 6, 10)",N,B-,F,b-,257.75,65.0
2063,B-,D-,4,c,"(1, 6, 10)",N,B-,F,b-,257.875,65.0
2064,B-,D-,5,c,"(1, 6, 10)",N,B-,F,b-,258.0,65.0
2065,B-,D-,5,c,"(1, 6, 10)",N,B-,F,b-,258.125,65.0
2066,B-,D-,5,c,"(1, 6, 10)",N,B-,F,b-,258.25,65.0
2067,B-,D-,5,c,"(1, 6, 10)",N,B-,F,b-,258.375,65.0
2068,B-,D-,5,c,"(1, 6, 10)",N,B-,F,b-,258.5,65.0
2069,B-,D-,5,c,"(1, 6, 10)",N,B-,F,b-,258.625,65.0
2070,B-,D-,5,c,"(1, 6, 10)",N,B-,F,b-,258.75,65.0
2071,B-,D-,5,c,"(1, 6, 10)",N,B-,F,b-,258.875,65.0
2072,B-,D-,5,c,"(1, 6, 10)",N,B-,F,b-,259.0,65.0
2073,B-,D-,5,c,"(1, 6, 10)",N,B-,F,b-,259.125,65.0
2074,B-,D-,5,c,"(1, 6, 10)",N,B-,F,b-,259.25,65.0
2075,B-,D-,5,c,"(1, 6, 10)",N,B-,F,b-,259.375,65.0
2076,B-,D-,5,c,"(1, 6, 10)",iv,B-,F,b-,259.5,65.0
2077,B-,D-,5,c,"(1, 6, 10)",iv,B-,F,b-,259.625,65.0
2078,B-,D-,5,c,"(1, 6, 10)",iv,B-,F,b-,259.75,65.0
2079,B-,D-,5,c,"(1, 6, 10)",iv,B-,F,b-,259.875,65.0
2080,B-,D-,0,c,"(1, 4, 7, 10)",iv,B-,F,f,260.0,66.0
2081,B-,D-,1,c,"(1, 4, 7, 10)",iv,B-,F,f,260.125,66.0
2082,B-,D-,2,c,"(1, 4, 7, 10)",iv,B-,F,f,260.25,66.0
2083,B-,D-,2,c,"(1, 4, 7, 10)",iv,B-,F,f,260.375,66.0
2084,B-,D-,3,c,"(1, 4, 7, 10)",iv,B-,F,f,260.5,66.0
2085,B-,D-,3,c,"(1, 4, 7, 10)",iv,B-,F,f,260.625,66.0
2086,B-,D-,3,c,"(1, 4, 7, 10)",iv,B-,F,f,260.75,66.0
2087,B-,D-,3,c,"(1, 4, 7, 10)",iv,B-,F,f,260.875,66.0
2088,B-,D-,4,c,"(1, 4, 7, 10)",viio7,B-,F,f,261.0,66.0
2089,B-,D-,4,c,"(1, 4, 7, 10)",viio7,B-,F,f,261.125,66.0
2090,B-,D-,4,c,"(1, 4, 7, 10)",viio7,B-,F,f,261.25,66.0
2091,B-,D-,4,c,"(1, 4, 7, 10)",viio7,B-,F,f,261.375,66.0
2092,B-,D-,4,c,"(1, 4, 7, 10)",viio7,B-,F,f,261.5,66.0
2093,B-,D-,4,c,"(1, 4, 7, 10)",viio7,B-,F,f,261.625,66.0
2094,B-,D-,4,c,"(1, 4, 7, 10)",viio7,B-,F,f,261.75,66.0
2095,B-,D-,4,c,"(1, 4, 7, 10)",viio7,B-,F,f,261.875,66.0
2096,B-,D-,5,c,"(1, 4, 7, 10)",viio7,B-,E,f,262.0,66.0
2097,B-,D-,5,c,"(1, 4, 7, 10)",viio7,B-,E,f,262.125,66.0
2098,B-,D-,5,c,"(1, 4, 7, 10)",viio7,B-,E,f,262.25,66.0
2099,B-,D-,5,c,"(1, 4, 7, 10)",viio7,B-,E,f,262.375,66.0
2100,B-,D-,5,c,"(1, 4, 7, 10)",viio7,B-,E,f,262.5,66.0
2101,B-,D-,5,c,"(1, 4, 7, 10)",viio7,B-,E,f,262.625,66.0
2102,B-,D-,5,c,"(1, 4, 7, 10)",viio7,B-,E,f,262.75,66.0
2103,B-,D-,5,c,"(1, 4, 7, 10)",viio7,B-,E,f,262.875,66.0
2104,B-,D-,5,c,"(1, 4, 7, 10)",viio7,B-,E,f,263.0,66.0
2105,B-,D-,5,c,"(1, 4, 7, 10)",viio7,B-,E,f,263.125,66.0
2106,B-,D-,5,c,"(1, 4, 7, 10)",viio7,B-,E,f,263.25,66.0
2107,B-,D-,5,c,"(1, 4, 7, 10)",viio7,B-,E,f,263.375,66.0
2108,B-,D-,5,c,"(1, 4, 7, 10)",viio7,B-,E,f,263.5,66.0
2109,B-,D-,5,c,"(1, 4, 7, 10)",viio7,B-,E,f,263.625,66.0
2110,B-,D-,5,c,"(1, 4, 7, 10)",viio7,B-,E,f,263.75,66.0
2111,B-,D-,5,c,"(1, 4, 7, 10)",viio7,B-,E,f,263.875,66.0
2112,A-,C-,0,c,"(4, 8, 11)",VI,A-,A-,a,264.0,67.0
2113,A-,C-,1,c,"(4, 8, 11)",VI,A-,A-,a-,264.125,67.0
2114,A-,C-,2,c,"(4, 8, 11)",VI,F-,A-,a-,264.25,67.0
2115,A-,C-,2,c,"(4, 8, 11)",VI,F-,A-,a-,264.375,67.0
2116,A-,C-,3,c,"(4, 8, 11)",VI,F-,A-,a-,264.5,67.0
2117,A-,C-,3,c,"(4, 8, 11)",VI,F-,A-,a-,264.625,67.0
2118,A-,C-,3,c,"(4, 8, 11)",VI,F-,A-,a-,264.75,67.0
2119,A-,C-,3,c,"(4, 8, 11)",VI,F-,A-,a-,264.875,67.0
2120,A-,C-,4,c,"(4, 8, 11)",VI,F-,A-,a-,265.0,67.0
2121,A-,C-,4,c,"(4, 8, 11)",VI,F-,A-,a-,265.125,67.0
2122,A-,C-,4,c,"(4, 8, 11)",VI,F-,A-,a-,265.25,67.0
2123,A-,C-,4,c,"(4, 8, 11)",VI,F-,A-,a-,265.375,67.0
2124,A-,C-,4,c,"(4, 8, 11)",VI,F-,A-,a-,265.5,67.0
2125,A-,C-,4,c,"(4, 8, 11)",VI,F-,A-,a-,265.625,67.0
2126,A-,C-,4,c,"(4, 8, 11)",VI,F-,A-,a-,265.75,67.0
2127,A-,C-,4,c,"(4, 8, 11)",VI,F-,A-,a-,265.875,67.0
2128,A-,C-,5,c,"(4, 8, 11)",VI,A-,A-,c,266.0,67.0
2129,A-,C-,5,c,"(4, 8, 11)",VI,A-,A-,c,266.125,67.0
2130,A-,C-,5,c,"(4, 8, 11)",VI,A-,A-,c,266.25,67.0
2131,A-,C-,5,c,"(4, 8, 11)",VI,A-,A-,c,266.375,67.0
2132,A-,C-,5,c,"(4, 8, 11)",VI,A-,A-,c,266.5,67.0
2133,A-,C-,5,c,"(4, 8, 11)",VI,A-,A-,c,266.625,67.0
2134,A-,C-,5,c,"(4, 8, 11)",VI,A-,A-,c,266.75,67.0
2135,A-,C-,5,c,"(4, 8, 11)",VI,A-,A-,c,266.875,67.0
2136,A-,C-,5,c,"(4, 8, 11)",VI,A-,A-,c,267.0,67.0
2137,A-,C-,5,c,"(4, 8, 11)",VI,A-,A-,c,267.125,67.0
2138,A-,C-,5,c,"(4, 8, 11)",VI,A-,A-,c,267.25,67.0
2139,A-,C-,5,c,"(4, 8, 11)",VI,A-,A-,c,267.375,67.0
2140,A-,C-,5,c,"(4, 8, 11)",VI,A-,A-,c,267.5,67.0
2141,A-,C-,5,c,"(4, 8, 11)",VI,A-,A-,c,267.625,67.0
2142,A-,C-,5,c,"(4, 8, 11)",VI,A-,A-,c,267.75,67.0
2143,A-,C-,5,c,"(4, 8, 11)",VI,A-,A-,c,267.875,67.0
2144,F,C-,0,c,"(3, 6, 11)",VI,A-,E-,c,268.0,68.0
2145,F,C-,1,c,"(2, 5, 8, 11)",VI,A-,E-,c,268.125,68.0
2146,F,C-,2,c,"(2, 5, 8, 11)",VI,A-,E-,c,268.25,68.0
2147,F,C-,2,c,"(2, 5, 8, 11)",VI,A-,E-,c,268.375,68.0
2148,F,C-,3,c,"(2, 5, 8, 11)",iv,A-,A-,c,268.5,68.0
2149,F,C-,3,c,"(2, 5, 8, 11)",iv,A-,A-,c,268.625,68.0
2150,F,C-,3,c,"(2, 5, 8, 11)",iv,A-,A-,c,268.75,68.0
2151,F,C-,3,c,"(2, 5, 8, 11)",iv,A-,A-,c,268.875,68.0
2152,F,C-,4,c,"(2, 5, 8, 11)",iv,A-,A-,c,269.0,68.0
2153,F,C-,4,c,"(2, 5, 8, 11)",iv,A-,A-,c,269.125,68.0
2154,F,C-,4,c,"(2, 5, 8, 11)",iv,A-,A-,c,269.25,68.0
2155,F,C-,4,c,"(2, 5, 8, 11)",iv,A-,A-,c,269.375,68.0
2156,F,C-,4,c,"(2, 5, 8, 11)",iv,A-,A-,c,269.5,68.0
2157,F,C-,4,c,"(2, 5, 8, 11)",iv,A-,A-,c,269.625,68.0
2158,F,C-,4,c,"(2, 5, 8, 11)",viio7,A-,A-,c,269.75,68.0
2159,F,C-,4,c,"(2, 5, 8, 11)",viio7,A-,A-,c,269.875,68.0
2160,F,B,5,c,"(2, 5, 8, 11)",V7,A-,D,c,270.0,68.0
2161,F,B,5,c,"(2, 5, 8, 11)",V7,A-,D,c,270.125,68.0
2162,F,B,5,c,"(2, 5, 8, 11)",V7,A-,D,c,270.25,68.0
2163,F,B,5,c,"(2, 5, 8, 11)",V7,A-,D,c,270.375,68.0
2164,F,B,5,c,"(2, 5, 8, 11)",V7,A-,D,c,270.5,68.0
2165,F,B,5,c,"(2, 5, 8, 11)",V7,A-,D,c,270.625,68.0
2166,F,B,5,c,"(2, 5, 8, 11)",V7,A-,D,c,270.75,68.0
2167,F,B,5,c,"(2, 5, 8, 11)",V7,A-,D,c,270.875,68.0
2168,F,B,5,c,"(2, 5, 8, 11)",V7,A-,D,c,271.0,68.0
2169,F,B,5,c,"(2, 5, 8, 11)",V7,A-,D,c,271.125,68.0
2170,F,B,5,c,"(2, 5, 8, 11)",V7,A-,D,c,271.25,68.0
2171,F,B,5,c,"(2, 5, 8, 11)",V7,A-,D,c,271.375,68.0
2172,F,B,5,c,"(2, 5, 8, 11)",V7,A-,D,c,271.5,68.0
2173,F,B,5,c,"(2, 5, 8, 11)",V7,A-,D,c,271.625,68.0
2174,F,B,5,c,"(2, 5, 8, 11)",V7,A-,D,c,271.75,68.0
2175,F,B,5,c,"(2, 5, 8, 11)",V7,A-,D,c,271.875,68.0
2176,G,B-,0,c,"(3, 7, 10)",I,E-,E-,E-,272.0,69.0
2177,G,B-,1,c,"(3, 7, 10)",I,E-,E-,E-,272.125,69.0
2178,G,B-,2,c,"(3, 7, 10)",I,E-,E-,E-,272.25,69.0
2179,G,B-,2,c,"(3, 7, 10)",I,E-,E-,E-,272.375,69.0
2180,G,B-,3,c,"(3, 7, 10)",I,E-,E-,E-,272.5,69.0
2181,G,B-,3,c,"(3, 7, 10)",I,E-,E-,E-,272.625,69.0
2182,G,B-,3,c,"(3, 7, 10)",I,E-,E-,E-,272.75,69.0
2183,G,B-,3,c,"(3, 7, 10)",I,E-,E-,E-,272.875,69.0
2184,G,B-,4,c,"(3, 7, 10)",I,E-,E-,E-,273.0,69.0
2185,G,B-,4,c,"(3, 7, 10)",I,E-,E-,E-,273.125,69.0
2186,G,B-,4,c,"(3, 7, 10)",I,E-,E-,E-,273.25,69.0
2187,G,B-,4,c,"(3, 7, 10)",I,E-,E-,E-,273.375,69.0
2188,G,B-,4,c,"(3, 7, 10)",I,E-,E-,E-,273.5,69.0
2189,G,B-,4,c,"(3, 7, 10)",I,E-,E-,E-,273.625,69.0
2190,G,B-,4,c,"(3, 7, 10)",I,E-,E-,E-,273.75,69.0
2191,G,B-,4,c,"(3, 7, 10)",I,E-,E-,E-,273.875,69.0
2192,G,B-,5,c,"(3, 7, 10)",I,E-,E-,E-,274.0,69.0
2193,G,B-,5,c,"(3, 7, 10)",I,E-,E-,E-,274.125,69.0
2194,G,B-,5,c,"(3, 7, 10)",I,E-,E-,E-,274.25,69.0
2195,G,B-,5,c,"(3, 7, 10)",I,E-,E-,E-,274.375,69.0
2196,G,B-,5,c,"(3, 7, 10)",I,E-,E-,E-,274.5,69.0
2197,G,B-,5,c,"(3, 7, 10)",I,E-,E-,E-,274.625,69.0
2198,G,B-,5,c,"(3, 7, 10)",I,E-,E-,E-,274.75,69.0
2199,G,B-,5,c,"(3, 7, 10)",I,E-,E-,E-,274.875,69.0
2200,G,B-,5,c,"(3, 7, 10)",I,E-,E-,E-,275.0,69.0
2201,G,B-,5,c,"(3, 7, 10)",I,E-,E-,E-,275.125,69.0
2202,G,B-,5,c,"(3, 7, 10)",I,E-,E-,E-,275.25,69.0
2203,G,B-,5,c,"(3, 7, 10)",I,E-,E-,E-,275.375,69.0
2204,G,B-,5,c,"(3, 7, 10)",I,E-,E-,E-,275.5,69.0
2205,G,B-,5,c,"(3, 7, 10)",I,E-,E-,E-,275.625,69.0
2206,G,B-,5,c,"(3, 7, 10)",I,E-,E-,E-,275.75,69.0
2207,G,B-,5,c,"(3, 7, 10)",I,E-,E-,E-,275.875,69.0
2208,G,B,0,c,"(2, 7, 11)",V,G,D,c,276.0,70.0
2209,G,B,1,c,"(2, 7, 11)",V,G,D,c,276.125,70.0
2210,G,B,2,c,"(2, 7, 11)",V,G,D,c,276.25,70.0
2211,G,B,2,c,"(2, 7, 11)",V,G,D,c,276.375,70.0
2212,G,B,3,c,"(2, 7, 11)",V,G,D,c,276.5,70.0
2213,G,B,3,c,"(2, 7, 11)",V,G,D,c,276.625,70.0
2214,G,B,3,c,"(2, 7, 11)",V,G,D,c,276.75,70.0
2215,G,B,3,c,"(2, 7, 11)",V,G,D,c,276.875,70.0
2216,G,B,4,c,"(2, 7, 11)",V,G,D,c,277.0,70.0
2217,G,B,4,c,"(2, 7, 11)",V,G,D,c,277.125,70.0
2218,G,B,4,c,"(2, 7, 11)",V,G,D,c,277.25,70.0
2219,G,B,4,c,"(2, 7, 11)",V,G,D,c,277.375,70.0
2220,G,B,4,c,"(2, 7, 11)",V,G,D,c,277.5,70.0
2221,G,B,4,c,"(2, 7, 11)",V,G,D,c,277.625,70.0
2222,G,B,4,c,"(2, 7, 11)",V,G,D,c,277.75,70.0
2223,G,B,4,c,"(2, 7, 11)",V,G,D,c,277.875,70.0
2224,G,B,5,c,"(2, 7, 11)",V,G,D,c,278.0,70.0
2225,G,B,5,c,"(2, 7, 11)",V,G,D,c,278.125,70.0
2226,G,B,5,c,"(2, 7, 11)",V,G,D,c,278.25,70.0
2227,G,B,5,c,"(2, 7, 11)",V,G,D,c,278.375,70.0
2228,G,B,5,c,"(2, 7, 11)",V,G,D,c,278.5,70.0
2229,G,B,5,c,"(2, 7, 11)",V,G,D,c,278.625,70.0
2230,G,B,5,c,"(2, 7, 11)",V,G,D,c,278.75,70.0
2231,G,B,5,c,"(2, 7, 11)",V,G,D,c,278.875,70.0
2232,G,B,5,c,"(2, 7, 11)",V,G,D,c,279.0,70.0
2233,G,B,5,c,"(2, 7, 11)",V,G,D,c,279.125,70.0
2234,G,B,5,c,"(2, 7, 11)",V,G,D,c,279.25,70.0
2235,G,B,5,c,"(2, 7, 11)",V,G,D,c,279.375,70.0
2236,G,B,5,c,"(2, 5, 7, 11)",V,G,D,c,279.5,70.0
2237,G,B,5,c,"(2, 5, 7, 11)",V,G,D,c,279.625,70.0
2238,G,B,5,c,"(2, 5, 7, 11)",V,G,D,c,279.75,70.0
2239,G,B,5,c,"(2, 5, 7, 11)",V,G,D,c,279.875,70.0
2240,G,C,0,c,"(0, 3, 7)",i,C,E-,c,280.0,71.0
2241,G,C,1,c,"(0, 3, 7)",i,C,E-,c,280.125,71.0
2242,G,C,2,c,"(0, 3, 7)",i,C,E-,c,280.25,71.0
2243,G,C,2,c,"(0, 3, 7)",i,C,E-,c,280.375,71.0
2244,G,C,3,c,"(0, 3, 7)",i,C,E-,c,280.5,71.0
2245,G,C,3,c,"(0, 3, 7)",i,C,E-,c,280.625,71.0
2246,G,C,3,c,"(0, 3, 7)",i,C,E-,c,280.75,71.0
2247,G,C,3,c,"(0, 3, 7)",i,C,E-,c,280.875,71.0
2248,G,C,4,c,"(0, 3, 7)",i,C,E-,c,281.0,71.0
2249,G,C,4,c,"(0, 3, 7)",i,C,E-,c,281.125,71.0
2250,G,C,4,c,"(0, 3, 7)",i,C,E-,c,281.25,71.0
2251,G,C,4,c,"(0, 3, 7)",i,C,E-,c,281.375,71.0
2252,G,C,4,c,"(0, 3, 7)",i,C,E-,c,281.5,71.0
2253,G,C,4,c,"(0, 3, 7)",i,C,E-,c,281.625,71.0
2254,G,C,4,c,"(0, 3, 7)",i,C,E-,c,281.75,71.0
2255,G,C,4,c,"(0, 3, 7)",i,C,E-,c,281.875,71.0
2256,G,C,5,c,"(0, 3, 7)",i,C,E-,c,282.0,71.0
2257,G,C,5,c,"(0, 3, 7)",i,C,E-,c,282.125,71.0
2258,G,C,5,c,"(0, 3, 7)",i,C,E-,c,282.25,71.0
2259,G,C,5,c,"(0, 3, 7)",i,C,E-,c,282.375,71.0
2260,G,C,5,c,"(0, 3, 7)",i,C,E-,c,282.5,71.0
2261,G,C,5,c,"(0, 3, 7)",i,C,E-,c,282.625,71.0
2262,G,C,5,c,"(0, 3, 7)",i,C,E-,c,282.75,71.0
2263,G,C,5,c,"(0, 3, 7)",i,C,E-,c,282.875,71.0
2264,G,C,5,c,"(0, 3, 7)",i,C,E-,c,283.0,71.0
2265,G,C,5,c,"(0, 3, 7)",i,C,E-,c,283.125,71.0
2266,G,C,5,c,"(0, 3, 7)",i,C,E-,c,283.25,71.0
2267,G,C,5,c,"(0, 3, 7)",i,C,E-,c,283.375,71.0
2268,G,C,5,c,"(0, 3, 7)",i,C,E-,c,283.5,71.0
2269,G,C,5,c,"(0, 3, 7)",i,C,E-,c,283.625,71.0
2270,G,C,5,c,"(0, 3, 7)",i,C,E-,c,283.75,71.0
2271,G,C,5,c,"(0, 3, 7)",i,C,E-,c,283.875,71.0
2272,D-,F,0,c,"(1, 5, 8)",iv,F,A-,c,284.0,72.0
2273,D-,F,1,c,"(1, 5, 8)",iv,D-,A-,c,284.125,72.0
2274,D-,F,2,c,"(1, 5, 8)",iv,D-,A-,c,284.25,72.0
2275,D-,F,2,c,"(1, 5, 8)",iv,D-,A-,c,284.375,72.0
2276,D-,F,3,c,"(1, 5, 8)",iv,D-,A-,c,284.5,72.0
2277,D-,F,3,c,"(1, 5, 8)",iv,D-,A-,c,284.625,72.0
2278,D-,F,3,c,"(1, 5, 8)",iv,D-,A-,c,284.75,72.0
2279,D-,F,3,c,"(1, 5, 8)",iv,D-,A-,c,284.875,72.0
2280,D-,F,4,c,"(1, 5, 8)",iv,D-,A-,c,285.0,72.0
2281,D-,F,4,c,"(1, 5, 8)",VI,D-,A-,c,285.125,72.0
2282,D-,F,4,c,"(1, 5, 8)",VI,D-,A-,c,285.25,72.0
2283,D-,F,4,c,"(1, 5, 8)",VI,D-,A-,c,285.375,72.0
2284,D-,F,4,c,"(1, 5, 8)",VI,D-,A-,c,285.5,72.0
2285,D-,F,4,c,"(1, 5, 8)",VI,D-,A-,c,285.625,72.0
2286,D-,F,4,c,"(1, 5, 8)",VI,D-,A-,c,285.75,72.0
2287,D-,F,4,c,"(1, 5, 8)",VI,D-,A-,c,285.875,72.0
2288,D-,F,5,c,"(1, 5, 8)",VI,D-,A-,c,286.0,72.0
2289,D-,F,5,c,"(1, 5, 8)",VI,D-,A-,c,286.125,72.0
2290,D-,F,5,c,"(1, 5, 8)",VI,D-,A-,c,286.25,72.0
2291,D-,F,5,c,"(1, 5, 8)",VI,D-,A-,c,286.375,72.0
2292,D-,F,5,c,"(1, 5, 8)",VI,D-,A-,c,286.5,72.0
2293,D-,F,5,c,"(1, 5, 8)",VI,D-,A-,c,286.625,72.0
2294,D-,F,5,c,"(1, 5, 8)",VI,D-,A-,c,286.75,72.0
2295,D-,F,5,c,"(1, 5, 8)",VI,D-,A-,c,286.875,72.0
2296,D-,F,5,c,"(1, 5, 8)",VI,D-,A-,c,287.0,72.0
2297,D-,F,5,c,"(1, 5, 8)",VI,D-,A-,c,287.125,72.0
2298,D-,F,5,c,"(1, 5, 8)",VI,D-,A-,c,287.25,72.0
2299,D-,F,5,c,"(1, 5, 8)",VI,D-,A-,c,287.375,72.0
2300,D-,F,5,c,"(1, 5, 8)",VI,D-,A-,c,287.5,72.0
2301,D-,F,5,c,"(1, 5, 8)",VI,D-,A-,c,287.625,72.0
2302,D-,F,5,c,"(1, 5, 8)",VI,D-,A-,c,287.75,72.0
2303,D-,F,5,c,"(1, 5, 8)",VI,D-,A-,c,287.875,72.0
2304,C,G,0,c,"(0, 3, 7)",i,C,C,c,288.0,73.0
2305,C,G,1,c,"(0, 3, 7)",i,C,C,c,288.125,73.0
2306,C,G,2,c,"(0, 3, 7)",i,C,C,c,288.25,73.0
2307,C,G,2,c,"(0, 3, 7)",i,C,C,c,288.375,73.0
2308,C,G,3,c,"(0, 3, 7)",i,C,C,c,288.5,73.0
2309,C,G,3,c,"(0, 3, 7)",i,C,C,c,288.625,73.0
2310,C,G,3,c,"(0, 3, 7)",i,C,C,c,288.75,73.0
2311,C,G,3,c,"(0, 3, 7)",i,C,C,c,288.875,73.0
2312,C,G,4,c,"(0, 3, 7)",i,C,C,c,289.0,73.0
2313,C,G,4,c,"(0, 3, 7)",i,C,C,c,289.125,73.0
2314,C,G,4,c,"(0, 3, 7)",i,C,C,c,289.25,73.0
2315,C,G,4,c,"(0, 3, 7)",i,C,C,c,289.375,73.0
2316,C,C,4,c,"(0, 3, 7)",i,C,C,c,289.5,73.0
2317,C,C,4,c,"(0, 3, 7)",i,C,C,c,289.625,73.0
2318,C,C,4,c,"(0, 3, 7)",i,C,C,c,289.75,73.0
2319,C,C,4,c,"(0, 3, 7)",i,C,C,c,289.875,73.0
2320,C,C,5,c,"(0, 3, 7)",i,C,C,c,290.0,73.0
2321,C,C,5,c,"(0, 3, 7)",i,C,C,c,290.125,73.0
2322,C,C,5,c,"(0, 3, 7)",i,C,C,c,290.25,73.0
2323,C,C,5,c,"(0, 3, 7)",i,C,C,c,290.375,73.0
2324,C,C,5,c,"(0, 3, 7)",i,C,C,c,290.5,73.0
2325,C,C,5,c,"(0, 3, 7)",viio7,C,C,c,290.625,73.0
2326,C,C,5,c,"(0, 3, 7)",viio7,C,C,c,290.75,73.0
2327,C,C,5,c,"(0, 3, 7)",viio7,C,C,c,290.875,73.0
2328,E-,C,5,c,"(0, 3, 6, 9)",viio7,C,C,c,291.0,73.0
2329,E-,C,5,c,"(0, 3, 6, 9)",viio7,C,C,c,291.125,73.0
2330,E-,C,5,c,"(0, 3, 6, 9)",viio7,C,C,c,291.25,73.0
2331,E-,C,5,c,"(0, 3, 6, 9)",viio7,C,C,c,291.375,73.0
2332,E-,A,5,c,"(0, 3, 6, 9)",viio7,A,C,c,291.5,73.0
2333,E-,A,5,c,"(0, 3, 6, 9)",viio7,A,C,c,291.625,73.0
2334,E-,A,5,c,"(0, 3, 6, 9)",viio7,A,C,c,291.75,73.0
2335,E-,A,5,c,"(0, 3, 6, 9)",viio7,A,C,c,291.875,73.0
2336,G,C,0,c,"(0, 3, 7)",i,C,E-,c,292.0,74.0
2337,G,C,1,c,"(0, 3, 7)",i,C,E-,c,292.125,74.0
2338,G,C,2,c,"(0, 3, 7)",i,C,E-,c,292.25,74.0
2339,G,C,2,c,"(0, 3, 7)",i,C,E-,c,292.375,74.0
2340,C,C,3,c,"(0, 3, 7)",i,C,E-,c,292.5,74.0
2341,G,C,3,c,"(0, 3, 7)",i,C,E-,c,292.625,74.0
2342,G,C,3,c,"(0, 3, 7)",i,C,E-,c,292.75,74.0
2343,G,C,3,c,"(0, 3, 7)",i,C,E-,c,292.875,74.0
2344,C,C,4,c,"(0, 3, 7)",i,C,E-,c,293.0,74.0
2345,C,C,4,c,"(0, 3, 7)",i,C,E-,c,293.125,74.0
2346,C,C,4,c,"(0, 3, 7)",i,C,E-,c,293.25,74.0
2347,C,C,4,c,"(0, 3, 7)",i,C,E-,c,293.375,74.0
2348,C,C,4,c,"(0, 3, 7)",i,C,E-,c,293.5,74.0
2349,C,C,4,c,"(0, 3, 7)",i,C,E-,c,293.625,74.0
2350,C,C,4,c,"(0, 3, 7)",i,C,E-,c,293.75,74.0
2351,C,C,4,c,"(0, 3, 7)",i,C,E-,c,293.875,74.0
2352,C,C,5,c,"(0, 3, 7)",viio7,C,E-,c,294.0,74.0
2353,C,C,5,c,"(0, 3, 7)",viio7,C,E-,c,294.125,74.0
2354,C,C,5,c,"(0, 3, 7)",viio7,C,E-,c,294.25,74.0
2355,C,C,5,c,"(0, 3, 7)",viio7,C,E-,c,294.375,74.0
2356,C,C,5,c,"(0, 3, 7)",viio7,C,E-,c,294.5,74.0
2357,C,C,5,c,"(0, 3, 7)",viio7,C,E-,c,294.625,74.0
2358,C,C,5,c,"(0, 3, 7)",viio7,C,E-,c,294.75,74.0
2359,C,C,5,c,"(0, 3, 7)",viio7,C,A,c,294.875,74.0
2360,C,C,5,c,"(0, 3, 7)",V7,C,A,c,295.0,74.0
2361,C,C,5,c,"(0, 3, 7)",V7,C,A,c,295.125,74.0
2362,C,C,5,c,"(0, 3, 6, 9)",V7,C,A,c,295.25,74.0
2363,C,C,5,c,"(0, 3, 6, 9)",V7,C,A,c,295.375,74.0
2364,C,C,5,c,"(0, 3, 6, 9)",V7,C,A,c,295.5,74.0
2365,C,C,5,c,"(0, 3, 6, 9)",V7,C,A,c,295.625,74.0
2366,C,C,5,c,"(0, 3, 6, 9)",V7,C,A,c,295.75,74.0
2367,C,C,5,c,"(0, 3, 6, 9)",V7,C,A,c,295.875,74.0
2368,D,G,0,c,"(2, 5, 7, 11)",V7,F,B,c,296.0,75.0
2369,D,G,1,c,"(2, 5, 7, 11)",V7,F,B,c,296.125,75.0
2370,D,G,2,c,"(2, 5, 7, 11)",V7,F,B,c,296.25,75.0
2371,D,G,2,c,"(2, 5, 7, 11)",V7,F,B,c,296.375,75.0
2372,D,G,3,c,"(2, 5, 7, 11)",V7,F,B,c,296.5,75.0
2373,D,G,3,c,"(2, 5, 7, 11)",V7,F,B,c,296.625,75.0
2374,D,G,3,c,"(2, 5, 7, 11)",V7,F,B,c,296.75,75.0
2375,D,G,3,c,"(2, 5, 7, 11)",V7,F,B,c,296.875,75.0
2376,D,G,4,c,"(2, 5, 7, 11)",V7,F,B,c,297.0,75.0
2377,D,G,4,c,"(2, 5, 7, 11)",V7,F,B,c,297.125,75.0
2378,D,G,4,c,"(2, 5, 7, 11)",V7,F,B,c,297.25,75.0
2379,D,G,4,c,"(2, 5, 7, 11)",V7,F,B,c,297.375,75.0
2380,D,G,4,c,"(2, 5, 7, 11)",V7,F,B,c,297.5,75.0
2381,D,G,4,c,"(2, 5, 7, 11)",V7,F,B,c,297.625,75.0
2382,D,G,4,c,"(2, 5, 7, 11)",V7,F,B,c,297.75,75.0
2383,D,G,4,c,"(2, 5, 7, 11)",V7,F,B,c,297.875,75.0
2384,D,G,5,c,"(2, 5, 7, 11)",V7,F,B,c,298.0,75.0
2385,D,G,5,c,"(2, 5, 7, 11)",V7,F,B,c,298.125,75.0
2386,D,G,5,c,"(2, 5, 7, 11)",V7,F,B,c,298.25,75.0
2387,D,G,5,c,"(2, 5, 7, 11)",V7,F,B,c,298.375,75.0
2388,D,G,5,c,"(2, 5, 7, 11)",V7,F,B,c,298.5,75.0
2389,D,G,5,c,"(2, 5, 7, 11)",V7,F,B,c,298.625,75.0
2390,D,G,5,c,"(2, 5, 7, 11)",V7,F,B,c,298.75,75.0
2391,D,G,5,c,"(2, 5, 7, 11)",V7,F,B,c,298.875,75.0
2392,D,G,5,c,"(2, 5, 7, 11)",V7,F,B,c,299.0,75.0
2393,D,G,5,c,"(2, 5, 7, 11)",V7,F,B,c,299.125,75.0
2394,D,G,5,c,"(2, 5, 7, 11)",V7,F,B,c,299.25,75.0
2395,D,G,5,c,"(2, 5, 7, 11)",V7,F,B,c,299.375,75.0
2396,D,G,5,c,"(2, 5, 7, 11)",V7,F,B,c,299.5,75.0
2397,D,G,5,c,"(2, 5, 7, 11)",V7,F,B,c,299.625,75.0
2398,D,G,5,c,"(2, 5, 7, 11)",V7,F,B,c,299.75,75.0
2399,D,G,5,c,"(2, 5, 7, 11)",V7,F,B,c,299.875,75.0
2400,D,G,0,c,"(2, 5, 7, 11)",V7,C,B,c,300.0,76.0
2401,D,G,1,c,"(2, 5, 7, 11)",V7,C,B,c,300.125,76.0
2402,D,G,2,c,"(2, 5, 7, 11)",V7,C,B,c,300.25,76.0
2403,D,G,2,c,"(2, 5, 7, 11)",V7,C,B,c,300.375,76.0
2404,D,G,3,c,"(2, 5, 7, 11)",V7,C,B,c,300.5,76.0
2405,D,G,3,c,"(2, 5, 7, 11)",V7,C,B,c,300.625,76.0
2406,D,G,3,c,"(2, 5, 7, 11)",V7,C,B,c,300.75,76.0
2407,D,G,3,c,"(2, 5, 7, 11)",V7,C,B,c,300.875,76.0
2408,D,G,4,c,"(2, 5, 7, 11)",V7,C,B,c,301.0,76.0
2409,D,G,4,c,"(2, 5, 7, 11)",V7,C,B,c,301.125,76.0
2410,D,G,4,c,"(2, 5, 7, 11)",V7,C,B,c,301.25,76.0
2411,D,G,4,c,"(2, 5, 7, 11)",V7,C,B,c,301.375,76.0
2412,D,G,4,c,"(2, 5, 7, 11)",V7,C,B,c,301.5,76.0
2413,D,G,4,c,"(2, 5, 7, 11)",V7,C,B,c,301.625,76.0
2414,D,G,4,c,"(2, 5, 7, 11)",V7,C,B,c,301.75,76.0
2415,D,G,4,c,"(2, 5, 7, 11)",V7,C,B,c,301.875,76.0
2416,D,G,5,c,"(2, 5, 7, 11)",V7,C,B,c,302.0,76.0
2417,D,G,5,c,"(2, 5, 7, 11)",V7,C,B,c,302.125,76.0
2418,D,G,5,c,"(2, 5, 7, 11)",V7,C,B,c,302.25,76.0
2419,D,G,5,c,"(2, 5, 7, 11)",V7,C,B,c,302.375,76.0
2420,D,G,5,c,"(2, 5, 7, 11)",V7,C,B,c,302.5,76.0
2421,D,G,5,c,"(2, 5, 7, 11)",V7,C,B,c,302.625,76.0
2422,D,G,5,c,"(2, 5, 7, 11)",V7,C,B,c,302.75,76.0
2423,D,G,5,c,"(2, 5, 7, 11)",V7,C,B,c,302.875,76.0
2424,G,G,5,c,"(0, 3, 7)",V7,C,B,c,303.0,76.0
2425,G,G,5,c,"(0, 3, 7)",V7,C,B,c,303.125,76.0
2426,G,G,5,c,"(0, 3, 7)",V7,C,B,c,303.25,76.0
2427,G,G,5,c,"(0, 3, 7)",V7,C,B,c,303.375,76.0
2428,G,G,5,c,"(0, 3, 7)",V7,C,G,c,303.5,76.0
2429,G,G,5,c,"(0, 3, 7)",V7,C,G,c,303.625,76.0
2430,G,G,5,c,"(0, 3, 7)",V7,C,G,c,303.75,76.0
2431,G,G,5,c,"(0, 3, 7)",V7,C,G,c,303.875,76.0
2432,G,C,0,c,"(0, 3, 7)",i,C,E,c,304.0,77.0
2433,G,C,1,c,"(0, 3, 7)",V7,C,E,c,304.125,77.0
2434,G,C,2,c,"(0, 4, 7)",V7,C,E,c,304.25,77.0
2435,G,C,2,c,"(0, 4, 7)",V7,C,E,c,304.375,77.0
2436,G,C,3,c,"(0, 3, 7)",i,C,E,f,304.5,77.0
2437,G,C,3,c,"(0, 3, 7)",i,C,E,f,304.625,77.0
2438,G,C,3,c,"(0, 4, 7)",i,C,E,f,304.75,77.0
2439,G,C,3,c,"(0, 4, 7)",i,C,E,f,304.875,77.0
2440,G,C,4,c,"(0, 4, 7)",V7,C,E,f,305.0,77.0
2441,G,C,4,c,"(0, 4, 7)",V7,C,E,f,305.125,77.0
2442,G,C,4,c,"(0, 4, 7)",V7,C,E,f,305.25,77.0
2443,G,C,4,c,"(0, 4, 7)",V7,C,E,f,305.375,77.0
2444,G,C,4,c,"(0, 4, 7)",V7,C,E,f,305.5,77.0
2445,G,C,4,c,"(0, 4, 7)",V7,C,E,f,305.625,77.0
2446,G,C,4,c,"(0, 4, 7)",V7,C,E,f,305.75,77.0
2447,G,C,4,c,"(0, 4, 7)",V7,C,E,f,305.875,77.0
2448,G,C,5,c,"(0, 4, 7)",V7,C,E,f,306.0,77.0
2449,G,C,5,c,"(0, 4, 7)",V7,C,E,f,306.125,77.0
2450,G,C,5,c,"(0, 4, 7)",V7,C,E,f,306.25,77.0
2451,G,C,5,c,"(0, 4, 7)",V7,C,E,f,306.375,77.0
2452,G,C,5,c,"(0, 4, 7)",V7,C,E,f,306.5,77.0
2453,G,C,5,c,"(0, 4, 7)",V7,C,E,f,306.625,77.0
2454,G,C,5,c,"(0, 4, 7)",V7,C,E,f,306.75,77.0
2455,G,C,5,c,"(0, 4, 7)",V7,C,E,f,306.875,77.0
2456,G,C,5,c,"(0, 4, 7)",V7,C,E,f,307.0,77.0
2457,G,C,5,c,"(0, 4, 7)",V7,C,E,f,307.125,77.0
2458,G,C,5,c,"(0, 4, 7)",V7,C,E,f,307.25,77.0
2459,G,C,5,c,"(0, 4, 7)",V7,C,E,f,307.375,77.0
2460,G,C,5,c,"(0, 4, 7)",V7,C,E,f,307.5,77.0
2461,G,C,5,c,"(0, 4, 7)",V7,C,E,f,307.625,77.0
2462,G,C,5,c,"(0, 4, 7)",V7,C,E,f,307.75,77.0
2463,G,C,5,c,"(0, 4, 7)",V7,C,E,f,307.875,77.0
2464,C,F,0,c,"(0, 5, 8)",iv,F,A-,c,308.0,78.0
2465,C,F,1,c,"(0, 5, 8)",iv,F,A-,c,308.125,78.0
2466,C,F,2,c,"(0, 5, 8)",iv,F,A-,c,308.25,78.0
2467,C,F,2,c,"(0, 5, 8)",iv,F,A-,c,308.375,78.0
2468,C,F,3,c,"(0, 5, 8)",iv,F,A-,c,308.5,78.0
2469,C,F,3,c,"(0, 5, 8)",iv,F,A-,c,308.625,78.0
2470,C,F,3,c,"(0, 5, 8)",iv,F,A-,c,308.75,78.0
2471,C,F,3,c,"(0, 5, 8)",iv,F,A-,c,308.875,78.0
2472,C,F,4,c,"(0, 5, 8)",iv,F,A-,c,309.0,78.0
2473,C,F,4,c,"(0, 5, 8)",iv,F,A-,c,309.125,78.0
2474,C,F,4,c,"(0, 5, 8)",iv,F,A-,c,309.25,78.0
2475,C,F,4,c,"(0, 5, 8)",iv,F,A-,c,309.375,78.0
2476,C,F,4,c,"(0, 5, 8)",iv,F,A-,c,309.5,78.0
2477,C,F,4,c,"(0, 5, 8)",iv,F,A-,c,309.625,78.0
2478,C,F,4,c,"(0, 5, 8)",iv,F,A-,c,309.75,78.0
2479,C,F,4,c,"(0, 5, 8)",iv,F,A-,c,309.875,78.0
2480,C,F,5,c,"(0, 5, 8)",iv,D,A-,c,310.0,78.0
2481,C,F,5,c,"(0, 5, 8)",iv,D,A-,c,310.125,78.0
2482,C,F,5,c,"(0, 5, 8)",iv,D,A-,c,310.25,78.0
2483,C,F,5,c,"(0, 5, 8)",iv,D,A-,c,310.375,78.0
2484,C,F,5,c,"(0, 5, 8)",iiø7,D,A-,c,310.5,78.0
2485,C,F,5,c,"(0, 5, 8)",iiø7,D,A-,c,310.625,78.0
2486,C,F,5,c,"(0, 5, 8)",iiø7,D,A-,c,310.75,78.0
2487,C,F,5,c,"(0, 5, 8)",iiø7,D,A-,c,310.875,78.0
2488,C,F,5,c,"(0, 2, 5, 8)",iiø7,D,A-,c,311.0,78.0
2489,C,F,1,c,"(0, 2, 5, 8)",iio,D,A-,c,311.125,78.0
2490,C,F,5,c,"(0, 2, 5, 8)",iio,D,A-,c,311.25,78.0
2491,C,F,5,c,"(0, 2, 5, 8)",iio,D,A-,c,311.375,78.0
2492,C,F,5,c,"(0, 2, 5, 8)",iio,D,A-,c,311.5,78.0
2493,C,F,5,c,"(0, 2, 5, 8)",iio,D,A-,c,311.625,78.0
2494,C,F,5,c,"(0, 2, 5, 8)",viio7,D,A-,c,311.75,78.0
2495,C,F,5,c,"(0, 2, 5, 8)",viio7,D,A-,c,311.875,78.0
2496,G,C,0,c,"(0, 4, 7)",V7,C,E,f,312.0,79.0
2497,G,C,1,c,"(0, 4, 7)",V7,C,E,f,312.125,79.0
2498,G,C,2,c,"(0, 4, 7)",V7,C,E,f,312.25,79.0
2499,G,C,2,c,"(0, 4, 7)",V7,C,E,f,312.375,79.0
2500,G,C,3,c,"(0, 4, 7)",V7,C,E,f,312.5,79.0
2501,G,C,3,c,"(0, 4, 7)",V7,C,E,f,312.625,79.0
2502,G,C,3,c,"(0, 4, 7)",V7,C,E,f,312.75,79.0
2503,G,C,3,c,"(0, 4, 7)",V7,C,E,f,312.875,79.0
2504,G,C,4,c,"(0, 4, 7, 10)",V7,C,E,f,313.0,79.0
2505,G,C,4,c,"(0, 4, 7, 10)",V7,C,E,f,313.125,79.0
2506,G,C,4,c,"(0, 4, 7, 10)",V7,C,E,f,313.25,79.0
2507,G,C,4,c,"(0, 4, 7, 10)",V7,C,E,f,313.375,79.0
2508,G,C,4,c,"(0, 4, 7, 10)",V7,C,E,f,313.5,79.0
2509,G,C,4,c,"(0, 4, 7, 10)",V7,C,E,f,313.625,79.0
2510,G,C,4,c,"(0, 4, 7, 10)",V7,C,E,f,313.75,79.0
2511,G,C,4,c,"(0, 4, 7, 10)",V7,C,E,f,313.875,79.0
2512,G,C,5,c,"(0, 4, 7, 10)",V7,C,E,f,314.0,79.0
2513,G,C,5,c,"(0, 4, 7, 10)",V7,C,E,f,314.125,79.0
2514,G,C,5,c,"(0, 4, 7, 10)",V7,C,E,f,314.25,79.0
2515,G,C,5,c,"(0, 4, 7, 10)",V7,C,E,f,314.375,79.0
2516,G,C,5,c,"(0, 4, 7, 10)",V7,C,E,f,314.5,79.0
2517,G,C,5,c,"(0, 4, 7, 10)",V7,C,E,f,314.625,79.0
2518,G,C,5,c,"(0, 4, 7, 10)",V7,C,E,f,314.75,79.0
2519,G,C,5,c,"(0, 4, 7, 10)",V7,C,E,f,314.875,79.0
2520,G,C,5,c,"(0, 4, 7, 10)",V7,C,E,f,315.0,79.0
2521,G,C,5,c,"(0, 4, 7, 10)",V7,C,E,f,315.125,79.0
2522,G,C,5,c,"(0, 4, 7, 10)",V7,C,E,f,315.25,79.0
2523,G,C,5,c,"(0, 4, 7, 10)",V7,C,E,f,315.375,79.0
2524,G,E,5,c,"(0, 4, 7, 10)",V7,C,E,f,315.5,79.0
2525,G,C,5,c,"(0, 4, 7, 10)",V7,C,E,f,315.625,79.0
2526,G,C,5,c,"(0, 4, 7, 10)",V7,C,E,f,315.75,79.0
2527,G,E,5,c,"(0, 4, 7, 10)",V7,C,E,f,315.875,79.0
2528,C,F,0,c,"(0, 5, 8)",i,F,A-,c,316.0,80.0
2529,C,F,1,c,"(0, 5, 8)",i,F,A-,c,316.125,80.0
2530,C,F,2,c,"(0, 5, 8)",i,F,A-,c,316.25,80.0
2531,C,F,2,c,"(0, 5, 8)",i,F,A-,c,316.375,80.0
2532,C,F,3,c,"(0, 5, 8)",i,F,A-,c,316.5,80.0
2533,C,F,3,c,"(0, 5, 8)",i,F,A-,c,316.625,80.0
2534,C,F,3,c,"(0, 5, 8)",i,F,A-,c,316.75,80.0
2535,C,F,3,c,"(0, 5, 8)",i,F,A-,c,316.875,80.0
2536,C,F,4,c,"(0, 5, 8)",i,F,A-,c,317.0,80.0
2537,C,F,4,c,"(0, 5, 8)",i,F,A-,c,317.125,80.0
2538,C,F,4,c,"(0, 5, 8)",i,F,A-,c,317.25,80.0
2539,C,F,4,c,"(0, 5, 8)",i,F,A-,c,317.375,80.0
2540,C,F,4,c,"(0, 5, 8)",i,F,A-,c,317.5,80.0
2541,C,F,4,c,"(0, 5, 8)",i,F,A-,c,317.625,80.0
2542,C,F,4,c,"(0, 5, 8)",i,F,A-,c,317.75,80.0
2543,C,F,4,c,"(0, 5, 8)",i,F,A-,c,317.875,80.0
2544,C,F,5,c,"(0, 5, 8)",iv,F,A-,c,318.0,80.0
2545,C,F,5,c,"(0, 5, 8)",i,F,A-,c,318.125,80.0
2546,C,F,5,c,"(0, 5, 8)",i,F,A-,c,318.25,80.0
2547,C,F,5,c,"(0, 5, 8)",i,F,A-,c,318.375,80.0
2548,C,F,5,c,"(0, 5, 8)",i,F,A-,c,318.5,80.0
2549,C,F,5,c,"(0, 5, 8)",i,F,A-,c,318.625,80.0
2550,C,F,5,c,"(0, 5, 8)",i,F,A-,c,318.75,80.0
2551,C,F,5,c,"(0, 5, 8)",i,F,A-,c,318.875,80.0
2552,C,F,0,c,"(0, 5, 8)",iiø7,F,A-,c,319.0,80.0
2553,C,F,1,c,"(2, 5, 8, 11)",viio7,F,A-,c,319.125,80.0
2554,C,F,2,c,"(2, 5, 8, 11)",viio7,F,A-,c,319.25,80.0
2555,C,F,2,c,"(2, 5, 8, 11)",viio7,F,A-,c,319.375,80.0
2556,F,F,3,c,"(2, 5, 8, 11)",viio7,F,A-,c,319.5,80.0
2557,F,F,3,c,"(2, 5, 8, 11)",viio7,F,A-,c,319.625,80.0
2558,F,F,3,c,"(2, 5, 8, 11)",viio7,F,A-,c,319.75,80.0
2559,C,F,3,c,"(2, 5, 8, 11)",viio7,F,A-,c,319.875,80.0
2560,G,C,0,C,"(0, 4, 7)",I,C,E,F,320.0,81.0
2561,G,C,1,C,"(0, 4, 7)",I,C,E,f,320.125,81.0
2562,G,C,2,C,"(0, 4, 7)",I,C,E,f,320.25,81.0
2563,G,C,2,C,"(0, 4, 7)",I,C,E,f,320.375,81.0
2564,G,C,3,C,"(0, 4, 7, 10)",I,C,E,f,320.5,81.0
2565,G,C,3,C,"(0, 4, 7, 10)",I,C,E,f,320.625,81.0
2566,G,C,3,C,"(0, 4, 7, 10)",I,C,E,f,320.75,81.0
2567,G,C,3,C,"(0, 4, 7, 10)",I,C,E,f,320.875,81.0
2568,G,C,4,C,"(0, 4, 7, 10)",I,C,E,f,321.0,81.0
2569,G,C,4,C,"(0, 4, 7, 10)",I,C,E,f,321.125,81.0
2570,G,C,4,C,"(0, 4, 7, 10)",I,C,E,f,321.25,81.0
2571,G,C,4,C,"(0, 4, 7, 10)",I,C,E,f,321.375,81.0
2572,G,C,4,C,"(0, 4, 7, 10)",I,C,E,f,321.5,81.0
2573,G,C,4,C,"(0, 4, 7, 10)",I,C,E,f,321.625,81.0
2574,G,C,4,C,"(0, 4, 7, 10)",I,C,E,f,321.75,81.0
2575,G,C,4,C,"(0, 4, 7, 10)",I,C,E,f,321.875,81.0
2576,G,C,5,C,"(0, 4, 7, 10)",V7,B-,E,f,322.0,81.0
2577,G,C,5,C,"(0, 4, 7, 10)",V7,B-,E,f,322.125,81.0
2578,G,C,5,C,"(0, 4, 7, 10)",V7,B-,E,f,322.25,81.0
2579,G,C,5,C,"(0, 4, 7, 10)",V7,B-,E,f,322.375,81.0
2580,G,C,5,C,"(0, 4, 7, 10)",V7,B-,E,f,322.5,81.0
2581,G,C,5,C,"(0, 4, 7, 10)",V7,B-,E,f,322.625,81.0
2582,G,C,5,C,"(0, 4, 7, 10)",V7,B-,E,f,322.75,81.0
2583,G,C,5,C,"(0, 4, 7, 10)",V7,B-,E,f,322.875,81.0
2584,G,C,5,C,"(0, 4, 7, 10)",V7,B-,E,f,323.0,81.0
2585,G,C,5,C,"(0, 4, 7, 10)",V7,B-,E,f,323.125,81.0
2586,G,C,5,C,"(0, 4, 7, 10)",V7,B-,E,f,323.25,81.0
2587,G,C,5,C,"(0, 4, 7, 10)",V7,B-,E,f,323.375,81.0
2588,G,C,5,C,"(0, 4, 7, 10)",V7,B-,E,f,323.5,81.0
2589,G,C,5,C,"(0, 4, 7, 10)",V7,B-,E,f,323.625,81.0
2590,G,C,5,C,"(0, 4, 7, 10)",V7,B-,E,f,323.75,81.0
2591,G,C,5,C,"(0, 4, 7, 10)",V7,B-,E,f,323.875,81.0
2592,E,B-,0,C,"(0, 4, 7, 10)",V7,G,C,f,324.0,82.0
2593,E,B-,1,C,"(0, 4, 7, 10)",V7,G,C,f,324.125,82.0
2594,E,B-,2,C,"(0, 4, 7, 10)",V7,G,C,f,324.25,82.0
2595,E,B-,2,C,"(0, 4, 7, 10)",V7,G,C,f,324.375,82.0
2596,E,B-,3,C,"(0, 4, 7, 10)",V7,G,C,f,324.5,82.0
2597,E,B-,3,C,"(0, 4, 7, 10)",V7,G,C,f,324.625,82.0
2598,E,B-,3,C,"(0, 4, 7, 10)",V7,G,C,f,324.75,82.0
2599,E,B-,3,C,"(0, 4, 7, 10)",V7,G,C,f,324.875,82.0
2600,E,B-,4,C,"(0, 4, 7, 10)",V7,G,C,f,325.0,82.0
2601,E,B-,4,C,"(0, 4, 7, 10)",V7,G,C,f,325.125,82.0
2602,E,B-,4,C,"(0, 4, 7, 10)",V7,G,C,f,325.25,82.0
2603,E,B-,4,C,"(0, 4, 7, 10)",V7,G,C,f,325.375,82.0
2604,E,B-,4,C,"(0, 4, 7, 10)",V7,G,C,f,325.5,82.0
2605,E,B-,4,C,"(0, 4, 7, 10)",V7,G,C,f,325.625,82.0
2606,E,B-,4,C,"(0, 4, 7, 10)",V7,G,C,f,325.75,82.0
2607,E,B-,4,C,"(0, 4, 7, 10)",V7,G,C,f,325.875,82.0
2608,E,B-,5,C,"(0, 4, 7, 10)",V7,G,C,f,326.0,82.0
2609,E,B-,5,C,"(0, 4, 7, 10)",V7,G,C,f,326.125,82.0
2610,E,B-,5,C,"(0, 4, 7, 10)",V7,G,C,f,326.25,82.0
2611,E,B-,5,C,"(0, 4, 7, 10)",V7,G,C,f,326.375,82.0
2612,E,B-,5,C,"(0, 4, 7, 10)",V7,G,C,f,326.5,82.0
2613,E,B-,5,C,"(0, 4, 7, 10)",V7,G,C,f,326.625,82.0
2614,E,B-,5,C,"(0, 4, 7, 10)",V7,G,C,f,326.75,82.0
2615,E,B-,5,C,"(0, 4, 7, 10)",V7,G,C,f,326.875,82.0
2616,E,B-,5,C,"(0, 4, 7, 10)",V7,G,C,f,327.0,82.0
2617,E,B-,5,C,"(0, 4, 7, 10)",V7,G,C,f,327.125,82.0
2618,E,B-,5,C,"(0, 4, 7, 10)",V7,G,C,f,327.25,82.0
2619,E,B-,5,C,"(0, 4, 7, 10)",V7,G,C,f,327.375,82.0
2620,E,E,5,C,"(0, 4, 7, 10)",V7,G,C,f,327.5,82.0
2621,E,E,5,C,"(0, 4, 7, 10)",V7,G,C,f,327.625,82.0
2622,E,E,5,C,"(0, 4, 7, 10)",V7,G,C,f,327.75,82.0
2623,E,E,5,C,"(0, 4, 7, 10)",V7,G,C,f,327.875,82.0
2624,C,F,0,F,"(0, 5, 9)",IV,F,A,F,328.0,83.0
2625,C,F,1,C,"(0, 5, 9)",IV,F,A,C,328.125,83.0
2626,C,F,2,C,"(0, 5, 9)",IV,F,A,C,328.25,83.0
2627,C,F,2,C,"(0, 5, 9)",IV,F,A,C,328.375,83.0
2628,C,F,3,C,"(0, 5, 9)",IV,F,A,C,328.5,83.0
2629,C,F,3,C,"(0, 5, 9)",IV,F,A,C,328.625,83.0
2630,C,F,3,C,"(0, 5, 9)",IV,F,A,C,328.75,83.0
2631,C,F,3,C,"(0, 5, 9)",IV,F,A,C,328.875,83.0
2632,C,F,4,C,"(0, 5, 9)",IV,F,A,C,329.0,83.0
2633,C,F,4,C,"(0, 5, 9)",IV,F,A,C,329.125,83.0
2634,C,F,4,C,"(0, 5, 9)",IV,F,A,C,329.25,83.0
2635,C,F,4,C,"(0, 5, 9)",IV,F,A,C,329.375,83.0
2636,C,F,4,C,"(0, 5, 9)",IV,F,A,C,329.5,83.0
2637,C,F,4,C,"(0, 5, 9)",IV,F,A,C,329.625,83.0
2638,C,F,4,C,"(0, 5, 9)",IV,F,A,C,329.75,83.0
2639,C,F,4,C,"(0, 5, 9)",IV,F,A,C,329.875,83.0
2640,C,F,0,C,"(0, 5, 8)",iv,F,A-,f,330.0,83.0
2641,C,F,1,f,"(0, 5, 8)",iv,F,A-,f,330.125,83.0
2642,C,F,2,f,"(0, 5, 8)",iv,F,A-,f,330.25,83.0
2643,C,F,2,f,"(0, 5, 8)",iv,F,A-,f,330.375,83.0
2644,C,F,3,f,"(0, 5, 8)",iv,F,A-,f,330.5,83.0
2645,C,F,3,f,"(0, 5, 8)",iv,F,A-,f,330.625,83.0
2646,C,F,3,f,"(0, 5, 8)",iv,F,A-,f,330.75,83.0
2647,C,F,3,f,"(0, 5, 8)",iv,F,A-,f,330.875,83.0
2648,C,F,4,f,"(0, 5, 8)",iv,F,A-,f,331.0,83.0
2649,C,F,4,f,"(0, 5, 8)",iv,F,A-,f,331.125,83.0
2650,C,F,4,f,"(0, 5, 8)",iv,F,A-,f,331.25,83.0
2651,C,F,4,f,"(0, 5, 8)",iv,F,A-,f,331.375,83.0
2652,C,F,4,f,"(0, 5, 8)",iv,F,A-,f,331.5,83.0
2653,C,F,4,f,"(0, 5, 8)",iv,F,A-,f,331.625,83.0
2654,C,F,4,f,"(0, 5, 8)",iv,F,A-,f,331.75,83.0
2655,C,F,4,f,"(0, 5, 8)",iv,F,A-,f,331.875,83.0
2656,G,C,0,C,"(0, 4, 7)",V,C,E,C,332.0,84.0
2657,G,C,1,C,"(0, 4, 7)",V,C,E,C,332.125,84.0
2658,G,C,2,C,"(0, 4, 7)",V,C,E,C,332.25,84.0
2659,G,C,2,C,"(0, 4, 7)",V,C,E,C,332.375,84.0
2660,G,C,3,C,"(0, 4, 7)",V,C,E,C,332.5,84.0
2661,G,C,3,C,"(0, 4, 7)",V,C,E,C,332.625,84.0
2662,G,C,3,C,"(0, 4, 7)",V,C,E,C,332.75,84.0
2663,G,C,3,C,"(0, 4, 7)",V,C,E,C,332.875,84.0
2664,G,C,4,C,"(0, 4, 7)",V,C,E,C,333.0,84.0
2665,G,C,4,C,"(0, 4, 7)",V,C,E,C,333.125,84.0
2666,G,C,4,C,"(0, 4, 7)",V,C,E,C,333.25,84.0
2667,G,C,4,C,"(0, 4, 7)",V,C,E,C,333.375,84.0
2668,G,C,4,C,"(0, 4, 7)",V,C,E,C,333.5,84.0
2669,G,C,4,C,"(0, 4, 7)",V,C,E,C,333.625,84.0
2670,G,C,4,C,"(0, 4, 7)",V,C,E,C,333.75,84.0
2671,G,C,4,C,"(0, 4, 7)",V,C,E,C,333.875,84.0
2672,G,C,5,C,"(0, 4, 7)",V,C,E,C,334.0,84.0
2673,G,C,5,C,"(0, 4, 7)",V,C,E,C,334.125,84.0
2674,G,C,5,C,"(0, 4, 7)",V,C,E,C,334.25,84.0
2675,G,C,5,C,"(0, 4, 7)",V,C,E,C,334.375,84.0
2676,G,C,5,C,"(0, 4, 7)",V,C,E,C,334.5,84.0
2677,G,C,5,C,"(0, 4, 7)",V,C,E,C,334.625,84.0
2678,G,C,5,C,"(0, 4, 7)",V,C,E,C,334.75,84.0
2679,G,C,5,C,"(0, 4, 7)",V,C,E,C,334.875,84.0
2680,G,C,5,C,"(0, 4, 7)",V,C,E,C,335.0,84.0
2681,G,C,5,C,"(0, 4, 7)",V,C,E,C,335.125,84.0
2682,G,C,5,C,"(0, 4, 7)",V,C,E,C,335.25,84.0
2683,G,C,5,C,"(0, 4, 7)",V,C,E,C,335.375,84.0
2684,G,C,5,C,"(0, 4, 7)",V,C,E,C,335.5,84.0
2685,G,C,5,C,"(0, 4, 7)",V,C,E,C,335.625,84.0
2686,G,C,5,C,"(0, 4, 7)",V,C,E,C,335.75,84.0
2687,G,C,5,C,"(0, 4, 7)",V,C,E,C,335.875,84.0
2688,C--,C--,6,A,"(0, 1, 5, 8)",Cad,C--,C--,A,,
2689,C--,C--,6,A,"(0, 1, 5, 8)",Cad,C--,C--,A,,
2690,C--,C--,6,A,"(0, 1, 5, 8)",Cad,C--,C--,A,,
2691,C--,C--,6,A,"(0, 1, 5, 8)",Cad,C--,C--,A,,
2692,C--,C--,6,A,"(0, 1, 5, 8)",Cad,C--,C--,A,,
2693,C--,C--,6,A,"(0, 1, 5, 8)",Cad,C--,C--,A,,
2694,C--,C--,6,A,"(0, 1, 5, 8)",Cad,C--,C--,A,,
2695,C--,C--,6,A,"(0, 1, 5, 8)",Cad,C--,C--,A,,
2696,C--,C--,6,A,"(0, 1, 5, 8)",Cad,C--,C--,A,,
2697,C--,C--,6,A,"(0, 1, 5, 8)",Cad,C--,C--,A,,
2698,C--,C--,6,A,"(0, 1, 5, 8)",Cad,C--,C--,A,,
2699,C--,C--,6,A,"(0, 1, 5, 8)",Cad,C--,C--,A,,
2700,C--,C--,6,A,"(0, 1, 5, 8)",Cad,C--,C--,A,,
2701,C--,C--,6,A,"(0, 1, 5, 8)",Cad,C--,C--,A,,
2702,C--,C--,6,A,"(0, 1, 5, 8)",Cad,C--,C--,A,,
2703,C--,C--,6,A,"(0, 1, 5, 8)",Cad,C--,C--,A,,
2704,C--,C--,6,A,"(0, 1, 5, 8)",Cad,C--,C--,A,,
2705,C--,C--,6,A,"(0, 1, 5, 8)",Cad,C--,C--,A,,
2706,C--,C--,6,A,"(0, 1, 5, 8)",Cad,C--,C--,A,,
2707,C--,C--,6,A,"(0, 1, 5, 8)",Cad,C--,C--,A,,
2708,C--,C--,6,A,"(0, 1, 5, 8)",Cad,C--,C--,A,,
2709,C--,C--,6,A,"(0, 1, 5, 8)",Cad,C--,C--,A,,
2710,C--,C--,6,A,"(0, 1, 5, 8)",Cad,C--,C--,A,,
2711,C--,C--,6,A,"(0, 1, 5, 8)",Cad,C--,C--,A,,
2712,C--,C--,6,A,"(0, 1, 5, 8)",Cad,C--,C--,A,,
2713,C--,C--,6,A,"(0, 1, 5, 8)",Cad,C--,C--,A,,
2714,C--,C--,6,A,"(0, 1, 5, 8)",Cad,C--,C--,A,,
2715,C--,C--,6,A,"(0, 1, 5, 8)",Cad,C--,C--,A,,
2716,C--,C--,6,A,"(0, 1, 5, 8)",Cad,C--,C--,A,,
2717,C--,C--,6,A,"(0, 1, 5, 8)",Cad,C--,C--,A,,
2718,C--,C--,6,A,"(0, 1, 5, 8)",Cad,C--,C--,A,,
2719,C--,C--,6,A,"(0, 1, 5, 8)",Cad,C--,C--,A,,
2720,C--,C--,6,A,"(0, 1, 5, 8)",Cad,C--,C--,A,,
2721,C--,C--,6,A,"(0, 1, 5, 8)",Cad,C--,C--,A,,
2722,C--,C--,6,A,"(0, 1, 5, 8)",Cad,C--,C--,A,,
2723,C--,C--,6,A,"(0, 1, 5, 8)",Cad,C--,C--,A,,
2724,C--,C--,6,A,"(0, 1, 5, 8)",Cad,C--,C--,A,,
2725,C--,C--,6,A,"(0, 1, 5, 8)",Cad,C--,C--,A,,
2726,C--,C--,6,A,"(0, 1, 5, 8)",Cad,C--,C--,A,,
2727,C--,C--,6,A,"(0, 1, 5, 8)",Cad,C--,C--,A,,
2728,C--,C--,6,A,"(0, 1, 5, 8)",Cad,C--,C--,A,,
2729,C--,C--,6,A,"(0, 1, 5, 8)",Cad,C--,C--,A,,
2730,C--,C--,6,A,"(0, 1, 5, 8)",Cad,C--,C--,A,,
2731,C--,C--,6,A,"(0, 1, 5, 8)",Cad,C--,C--,A,,
2732,C--,C--,6,A,"(0, 1, 5, 8)",Cad,C--,C--,A,,
2733,C--,C--,6,A,"(0, 1, 5, 8)",Cad,C--,C--,A,,
2734,C--,C--,6,A,"(0, 1, 5, 8)",Cad,C--,C--,A,,
2735,C--,C--,6,A,"(0, 1, 5, 8)",Cad,C--,C--,A,,
2736,C--,C--,6,A,"(0, 1, 5, 8)",Cad,C--,C--,A,,
2737,C--,C--,6,A,"(0, 1, 5, 8)",Cad,C--,C--,A,,
2738,C--,C--,6,A,"(0, 1, 5, 8)",Cad,C--,C--,A,,
2739,C--,C--,6,A,"(0, 1, 5, 8)",Cad,C--,C--,A,,
2740,C--,C--,6,A,"(0, 1, 5, 8)",Cad,C--,C--,A,,
2741,C--,C--,6,A,"(0, 1, 5, 8)",Cad,C--,C--,A,,
2742,C--,C--,6,A,"(0, 1, 5, 8)",Cad,C--,C--,A,,
2743,C--,C--,6,A,"(0, 1, 5, 8)",Cad,C--,C--,A,,
2744,C--,C--,6,A,"(0, 1, 5, 8)",Cad,C--,C--,A,,
2745,C--,C--,6,A,"(0, 1, 5, 8)",Cad,C--,C--,A,,
2746,C--,C--,6,A,"(0, 1, 5, 8)",Cad,C--,C--,A,,
2747,C--,C--,6,A,"(0, 1, 5, 8)",Cad,C--,C--,A,,
2748,C--,C--,6,A,"(0, 1, 5, 8)",Cad,C--,C--,A,,
2749,C--,C--,6,A,"(0, 1, 5, 8)",Cad,C--,C--,A,,
2750,C--,C--,6,A,"(0, 1, 5, 8)",Cad,C--,C--,A,,
2751,C--,C--,6,A,"(0, 1, 5, 8)",Cad,C--,C--,A,,
2752,C--,C--,6,A,"(0, 1, 5, 8)",Cad,C--,C--,A,,
2753,C--,C--,6,A,"(0, 1, 5, 8)",Cad,C--,C--,A,,
2754,C--,C--,6,A,"(0, 1, 5, 8)",Cad,C--,C--,A,,
2755,C--,C--,6,A,"(0, 1, 5, 8)",Cad,C--,C--,A,,
2756,C--,C--,6,A,"(0, 1, 5, 8)",Cad,C--,C--,A,,
2757,C--,C--,6,A,"(0, 1, 5, 8)",Cad,C--,C--,A,,
2758,C--,C--,6,A,"(0, 1, 5, 8)",Cad,C--,C--,A,,
2759,C--,C--,6,A,"(0, 1, 5, 8)",Cad,C--,C--,A,,
2760,C--,C--,6,A,"(0, 1, 5, 8)",Cad,C--,C--,A,,
2761,C--,C--,6,A,"(0, 1, 5, 8)",Cad,C--,C--,A,,
2762,C--,C--,6,A,"(0, 1, 5, 8)",Cad,C--,C--,A,,
2763,C--,C--,6,A,"(0, 1, 5, 8)",Cad,C--,C--,A,,
2764,C--,C--,6,A,"(0, 1, 5, 8)",Cad,C--,C--,A,,
2765,C--,C--,6,A,"(0, 1, 5, 8)",Cad,C--,C--,A,,
2766,C--,C--,6,A,"(0, 1, 5, 8)",Cad,C--,C--,A,,
2767,C--,C--,6,A,"(0, 1, 5, 8)",Cad,C--,C--,A,,
2768,C--,C--,6,A,"(0, 1, 5, 8)",Cad,C--,C--,A,,
2769,C--,C--,6,A,"(0, 1, 5, 8)",Cad,C--,C--,A,,
2770,C--,C--,6,A,"(0, 1, 5, 8)",Cad,C--,C--,A,,
2771,C--,C--,6,A,"(0, 1, 5, 8)",Cad,C--,C--,A,,
2772,C--,C--,6,A,"(0, 1, 5, 8)",Cad,C--,C--,A,,
2773,C--,C--,6,A,"(0, 1, 5, 8)",Cad,C--,C--,A,,
2774,C--,C--,6,A,"(0, 1, 5, 8)",Cad,C--,C--,A,,
2775,C--,C--,6,A,"(0, 1, 5, 8)",Cad,C--,C--,A,,
2776,C--,C--,6,A,"(0, 1, 5, 8)",Cad,C--,C--,A,,
2777,C--,C--,6,A,"(0, 1, 5, 8)",Cad,C--,C--,A,,
2778,C--,C--,6,A,"(0, 1, 5, 8)",Cad,C--,C--,A,,
2779,C--,C--,6,A,"(0, 1, 5, 8)",Cad,C--,C--,A,,
2780,C--,C--,6,A,"(0, 1, 5, 8)",Cad,C--,C--,A,,
2781,C--,C--,6,A,"(0, 1, 5, 8)",Cad,C--,C--,A,,
2782,C--,C--,6,A,"(0, 1, 5, 8)",Cad,C--,C--,A,,
2783,C--,C--,6,A,"(0, 1, 5, 8)",Cad,C--,C--,A,,
2784,C--,C--,6,A,"(0, 1, 5, 8)",Cad,C--,C--,A,,
2785,C--,C--,6,A,"(0, 1, 5, 8)",Cad,C--,C--,A,,
2786,C--,C--,6,A,"(0, 1, 5, 8)",Cad,C--,C--,A,,
2787,C--,C--,6,A,"(0, 1, 5, 8)",Cad,C--,C--,A,,
2788,C--,C--,6,A,"(0, 1, 5, 8)",Cad,C--,C--,A,,
2789,C--,C--,6,A,"(0, 1, 5, 8)",Cad,C--,C--,A,,
2790,C--,C--,6,A,"(0, 1, 5, 8)",Cad,C--,C--,A,,
2791,C--,C--,6,A,"(0, 1, 5, 8)",Cad,C--,C--,A,,
2792,C--,C--,6,A,"(0, 1, 5, 8)",Cad,C--,C--,A,,
2793,C--,C--,6,A,"(0, 1, 5, 8)",Cad,C--,C--,A,,
2794,C--,C--,6,A,"(0, 1, 5, 8)",Cad,C--,C--,A,,
2795,C--,C--,6,A,"(0, 1, 5, 8)",Cad,C--,C--,A,,
2796,C--,C--,6,A,"(0, 1, 5, 8)",Cad,C--,C--,A,,
2797,C--,C--,6,A,"(0, 1, 5, 8)",Cad,C--,C--,A,,
2798,C--,C--,6,A,"(0, 1, 5, 8)",Cad,C--,C--,A,,
2799,C--,C--,6,A,"(0, 1, 5, 8)",Cad,C--,C--,A,,
2800,C--,C--,6,A,"(0, 1, 5, 8)",Cad,C--,C--,A,,
2801,C--,C--,6,A,"(0, 1, 5, 8)",Cad,C--,C--,A,,
2802,C--,C--,6,A,"(0, 1, 5, 8)",Cad,C--,C--,A,,
2803,C--,C--,6,A,"(0, 1, 5, 8)",Cad,C--,C--,A,,
2804,C--,C--,6,A,"(0, 1, 5, 8)",Cad,C--,C--,A,,
2805,C--,C--,6,A,"(0, 1, 5, 8)",Cad,C--,C--,A,,
2806,C--,C--,6,A,"(0, 1, 5, 8)",Cad,C--,C--,A,,
2807,C--,C--,6,A,"(0, 1, 5, 8)",Cad,C--,C--,A,,
2808,C--,C--,6,A,"(0, 1, 5, 8)",Cad,C--,C--,A,,
2809,C--,C--,6,A,"(0, 1, 5, 8)",Cad,C--,C--,A,,
2810,C--,C--,6,A,"(0, 1, 5, 8)",Cad,C--,C--,A,,
2811,C--,C--,6,A,"(0, 1, 5, 8)",Cad,C--,C--,A,,
2812,C--,C--,6,A,"(0, 1, 5, 8)",Cad,C--,C--,A,,
2813,C--,C--,6,A,"(0, 1, 5, 8)",Cad,C--,C--,A,,
2814,C--,C--,6,A,"(0, 1, 5, 8)",Cad,C--,C--,A,,
2815,C--,C--,6,A,"(0, 1, 5, 8)",Cad,C--,C--,A,,
2816,C--,C--,6,A,"(0, 1, 5, 8)",Cad,C--,C--,A,,
2817,C--,C--,6,A,"(0, 1, 5, 8)",Cad,C--,C--,A,,
2818,C--,C--,6,A,"(0, 1, 5, 8)",Cad,C--,C--,A,,
2819,C--,C--,6,A,"(0, 1, 5, 8)",Cad,C--,C--,A,,
2820,C--,C--,6,A,"(0, 1, 5, 8)",Cad,C--,C--,A,,
2821,C--,C--,6,A,"(0, 1, 5, 8)",Cad,C--,C--,A,,
2822,C--,C--,6,A,"(0, 1, 5, 8)",Cad,C--,C--,A,,
2823,C--,C--,6,A,"(0, 1, 5, 8)",Cad,C--,C--,A,,
2824,C--,C--,6,A,"(0, 1, 5, 8)",Cad,C--,C--,A,,
2825,C--,C--,6,A,"(0, 1, 5, 8)",Cad,C--,C--,A,,
2826,C--,C--,6,A,"(0, 1, 5, 8)",Cad,C--,C--,A,,
2827,C--,C--,6,A,"(0, 1, 5, 8)",Cad,C--,C--,A,,
2828,C--,C--,6,A,"(0, 1, 5, 8)",Cad,C--,C--,A,,
2829,C--,C--,6,A,"(0, 1, 5, 8)",Cad,C--,C--,A,,
2830,C--,C--,6,A,"(0, 1, 5, 8)",Cad,C--,C--,A,,
2831,C--,C--,6,A,"(0, 1, 5, 8)",Cad,C--,C--,A,,
2832,C--,C--,6,A,"(0, 1, 5, 8)",Cad,C--,C--,A,,
2833,C--,C--,6,A,"(0, 1, 5, 8)",Cad,C--,C--,A,,
2834,C--,C--,6,A,"(0, 1, 5, 8)",Cad,C--,C--,A,,
2835,C--,C--,6,A,"(0, 1, 5, 8)",Cad,C--,C--,A,,
2836,C--,C--,6,A,"(0, 1, 5, 8)",Cad,C--,C--,A,,
2837,C--,C--,6,A,"(0, 1, 5, 8)",Cad,C--,C--,A,,
2838,C--,C--,6,A,"(0, 1, 5, 8)",Cad,C--,C--,A,,
2839,C--,C--,6,A,"(0, 1, 5, 8)",Cad,C--,C--,A,,
2840,C--,C--,6,A,"(0, 1, 5, 8)",Cad,C--,C--,A,,
2841,C--,C--,6,A,"(0, 1, 5, 8)",Cad,C--,C--,A,,
2842,C--,C--,6,A,"(0, 1, 5, 8)",Cad,C--,C--,A,,
2843,C--,C--,6,A,"(0, 1, 5, 8)",Cad,C--,C--,A,,
2844,C--,C--,6,A,"(0, 1, 5, 8)",Cad,C--,C--,A,,
2845,C--,C--,6,A,"(0, 1, 5, 8)",Cad,C--,C--,A,,
2846,C--,C--,6,A,"(0, 1, 5, 8)",Cad,C--,C--,A,,
2847,C--,C--,6,A,"(0, 1, 5, 8)",Cad,C--,C--,A,,
2848,C--,C--,6,A,"(0, 1, 5, 8)",Cad,C--,C--,A,,
2849,C--,C--,6,A,"(0, 1, 5, 8)",Cad,C--,C--,A,,
2850,C--,C--,6,A,"(0, 1, 5, 8)",Cad,C--,C--,A,,
2851,C--,C--,6,A,"(0, 1, 5, 8)",Cad,C--,C--,A,,
2852,C--,C--,6,A,"(0, 1, 5, 8)",Cad,C--,C--,A,,
2853,C--,C--,6,A,"(0, 1, 5, 8)",Cad,C--,C--,A,,
2854,C--,C--,6,A,"(0, 1, 5, 8)",Cad,C--,C--,A,,
2855,C--,C--,6,A,"(0, 1, 5, 8)",Cad,C--,C--,A,,
2856,C--,C--,6,A,"(0, 1, 5, 8)",Cad,C--,C--,A,,
2857,C--,C--,6,A,"(0, 1, 5, 8)",Cad,C--,C--,A,,
2858,C--,C--,6,A,"(0, 1, 5, 8)",Cad,C--,C--,A,,
2859,C--,C--,6,A,"(0, 1, 5, 8)",Cad,C--,C--,A,,
2860,C--,C--,6,A,"(0, 1, 5, 8)",Cad,C--,C--,A,,
2861,C--,C--,6,A,"(0, 1, 5, 8)",Cad,C--,C--,A,,
2862,C--,C--,6,A,"(0, 1, 5, 8)",Cad,C--,C--,A,,
2863,C--,C--,6,A,"(0, 1, 5, 8)",Cad,C--,C--,A,,
2864,C--,C--,6,A,"(0, 1, 5, 8)",Cad,C--,C--,A,,
2865,C--,C--,6,A,"(0, 1, 5, 8)",Cad,C--,C--,A,,
2866,C--,C--,6,A,"(0, 1, 5, 8)",Cad,C--,C--,A,,
2867,C--,C--,6,A,"(0, 1, 5, 8)",Cad,C--,C--,A,,
2868,C--,C--,6,A,"(0, 1, 5, 8)",Cad,C--,C--,A,,
2869,C--,C--,6,A,"(0, 1, 5, 8)",Cad,C--,C--,A,,
2870,C--,C--,6,A,"(0, 1, 5, 8)",Cad,C--,C--,A,,
2871,C--,C--,6,A,"(0, 1, 5, 8)",Cad,C--,C--,A,,
2872,C--,C--,6,A,"(0, 1, 5, 8)",Cad,C--,C--,A,,
2873,C--,C--,6,A,"(0, 1, 5, 8)",Cad,C--,C--,A,,
2874,C--,C--,6,A,"(0, 1, 5, 8)",Cad,C--,C--,A,,
2875,C--,C--,6,A,"(0, 1, 5, 8)",Cad,C--,C--,A,,
2876,C--,C--,6,A,"(0, 1, 5, 8)",Cad,C--,C--,A,,
2877,C--,C--,6,A,"(0, 1, 5, 8)",Cad,C--,C--,A,,
2878,C--,C--,6,A,"(0, 1, 5, 8)",Cad,C--,C--,A,,
2879,C--,C--,6,A,"(0, 1, 5, 8)",Cad,C--,C--,A,,
2880,C--,C--,6,A,"(0, 1, 5, 8)",Cad,C--,C--,A,,
2881,C--,C--,6,A,"(0, 1, 5, 8)",Cad,C--,C--,A,,
2882,C--,C--,6,A,"(0, 1, 5, 8)",Cad,C--,C--,A,,
2883,C--,C--,6,A,"(0, 1, 5, 8)",Cad,C--,C--,A,,
2884,C--,C--,6,A,"(0, 1, 5, 8)",Cad,C--,C--,A,,
2885,C--,C--,6,A,"(0, 1, 5, 8)",Cad,C--,C--,A,,
2886,C--,C--,6,A,"(0, 1, 5, 8)",Cad,C--,C--,A,,
2887,C--,C--,6,A,"(0, 1, 5, 8)",Cad,C--,C--,A,,
2888,C--,C--,6,A,"(0, 1, 5, 8)",Cad,C--,C--,A,,
2889,C--,C--,6,A,"(0, 1, 5, 8)",Cad,C--,C--,A,,
2890,C--,C--,6,A,"(0, 1, 5, 8)",Cad,C--,C--,A,,
2891,C--,C--,6,A,"(0, 1, 5, 8)",Cad,C--,C--,A,,
2892,C--,C--,6,A,"(0, 1, 5, 8)",Cad,C--,C--,A,,
2893,C--,C--,6,A,"(0, 1, 5, 8)",Cad,C--,C--,A,,
2894,C--,C--,6,A,"(0, 1, 5, 8)",Cad,C--,C--,A,,
2895,C--,C--,6,A,"(0, 1, 5, 8)",Cad,C--,C--,A,,
2896,C--,C--,6,A,"(0, 1, 5, 8)",Cad,C--,C--,A,,
2897,C--,C--,6,A,"(0, 1, 5, 8)",Cad,C--,C--,A,,
2898,C--,C--,6,A,"(0, 1, 5, 8)",Cad,C--,C--,A,,
2899,C--,C--,6,A,"(0, 1, 5, 8)",Cad,C--,C--,A,,
2900,C--,C--,6,A,"(0, 1, 5, 8)",Cad,C--,C--,A,,
2901,C--,C--,6,A,"(0, 1, 5, 8)",Cad,C--,C--,A,,
2902,C--,C--,6,A,"(0, 1, 5, 8)",Cad,C--,C--,A,,
2903,C--,C--,6,A,"(0, 1, 5, 8)",Cad,C--,C--,A,,
2904,C--,C--,6,A,"(0, 1, 5, 8)",Cad,C--,C--,A,,
2905,C--,C--,6,A,"(0, 1, 5, 8)",Cad,C--,C--,A,,
2906,C--,C--,6,A,"(0, 1, 5, 8)",Cad,C--,C--,A,,
2907,C--,C--,6,A,"(0, 1, 5, 8)",Cad,C--,C--,A,,
2908,C--,C--,6,A,"(0, 1, 5, 8)",Cad,C--,C--,A,,
2909,C--,C--,6,A,"(0, 1, 5, 8)",Cad,C--,C--,A,,
2910,C--,C--,6,A,"(0, 1, 5, 8)",Cad,C--,C--,A,,
2911,C--,C--,6,A,"(0, 1, 5, 8)",Cad,C--,C--,A,,
2912,C--,C--,6,A,"(0, 1, 5, 8)",Cad,C--,C--,A,,
2913,C--,C--,6,A,"(0, 1, 5, 8)",Cad,C--,C--,A,,
2914,C--,C--,6,A,"(0, 1, 5, 8)",Cad,C--,C--,A,,
2915,C--,C--,6,A,"(0, 1, 5, 8)",Cad,C--,C--,A,,
2916,C--,C--,6,A,"(0, 1, 5, 8)",Cad,C--,C--,A,,
2917,C--,C--,6,A,"(0, 1, 5, 8)",Cad,C--,C--,A,,
2918,C--,C--,6,A,"(0, 1, 5, 8)",Cad,C--,C--,A,,
2919,C--,C--,6,A,"(0, 1, 5, 8)",Cad,C--,C--,A,,
2920,C--,C--,6,A,"(0, 1, 5, 8)",Cad,C--,C--,A,,
2921,C--,C--,6,A,"(0, 1, 5, 8)",Cad,C--,C--,A,,
2922,C--,C--,6,A,"(0, 1, 5, 8)",Cad,C--,C--,A,,
2923,C--,C--,6,A,"(0, 1, 5, 8)",Cad,C--,C--,A,,
2924,C--,C--,6,A,"(0, 1, 5, 8)",Cad,C--,C--,A,,
2925,C--,C--,6,A,"(0, 1, 5, 8)",Cad,C--,C--,A,,
2926,C--,C--,6,A,"(0, 1, 5, 8)",Cad,C--,C--,A,,
2927,C--,C--,6,A,"(0, 1, 5, 8)",Cad,C--,C--,A,,
2928,C--,C--,6,A,"(0, 1, 5, 8)",Cad,C--,C--,A,,
2929,C--,C--,6,A,"(0, 1, 5, 8)",Cad,C--,C--,A,,
2930,C--,C--,6,A,"(0, 1, 5, 8)",Cad,C--,C--,A,,
2931,C--,C--,6,A,"(0, 1, 5, 8)",Cad,C--,C--,A,,
2932,C--,C--,6,A,"(0, 1, 5, 8)",Cad,C--,C--,A,,
2933,C--,C--,6,A,"(0, 1, 5, 8)",Cad,C--,C--,A,,
2934,C--,C--,6,A,"(0, 1, 5, 8)",Cad,C--,C--,A,,
2935,C--,C--,6,A,"(0, 1, 5, 8)",Cad,C--,C--,A,,
2936,C--,C--,6,A,"(0, 1, 5, 8)",Cad,C--,C--,A,,
2937,C--,C--,6,A,"(0, 1, 5, 8)",Cad,C--,C--,A,,
2938,C--,C--,6,A,"(0, 1, 5, 8)",Cad,C--,C--,A,,
2939,C--,C--,6,A,"(0, 1, 5, 8)",Cad,C--,C--,A,,
2940,C--,C--,6,A,"(0, 1, 5, 8)",Cad,C--,C--,A,,
2941,C--,C--,6,A,"(0, 1, 5, 8)",Cad,C--,C--,A,,
2942,C--,C--,6,A,"(0, 1, 5, 8)",Cad,C--,C--,A,,
2943,C--,C--,6,A,"(0, 1, 5, 8)",Cad,C--,C--,A,,
2944,C--,C--,6,A,"(0, 1, 5, 8)",Cad,C--,C--,A,,
2945,C--,C--,6,A,"(0, 1, 5, 8)",Cad,C--,C--,A,,
2946,C--,C--,6,A,"(0, 1, 5, 8)",Cad,C--,C--,A,,
2947,C--,C--,6,A,"(0, 1, 5, 8)",Cad,C--,C--,A,,
2948,C--,C--,6,A,"(0, 1, 5, 8)",Cad,C--,C--,A,,
2949,C--,C--,6,A,"(0, 1, 5, 8)",Cad,C--,C--,A,,
2950,C--,C--,6,A,"(0, 1, 5, 8)",Cad,C--,C--,A,,
2951,C--,C--,6,A,"(0, 1, 5, 8)",Cad,C--,C--,A,,
2952,C--,C--,6,A,"(0, 1, 5, 8)",Cad,C--,C--,A,,
2953,C--,C--,6,A,"(0, 1, 5, 8)",Cad,C--,C--,A,,
2954,C--,C--,6,A,"(0, 1, 5, 8)",Cad,C--,C--,A,,
2955,C--,C--,6,A,"(0, 1, 5, 8)",Cad,C--,C--,A,,
2956,C--,C--,6,A,"(0, 1, 5, 8)",Cad,C--,C--,A,,
2957,C--,C--,6,A,"(0, 1, 5, 8)",Cad,C--,C--,A,,
2958,C--,C--,6,A,"(0, 1, 5, 8)",Cad,C--,C--,A,,
2959,C--,C--,6,A,"(0, 1, 5, 8)",Cad,C--,C--,A,,
2960,C--,C--,6,A,"(0, 1, 5, 8)",Cad,C--,C--,A,,
2961,C--,C--,6,A,"(0, 1, 5, 8)",Cad,C--,C--,A,,
2962,C--,C--,6,A,"(0, 1, 5, 8)",Cad,C--,C--,A,,
2963,C--,C--,6,A,"(0, 1, 5, 8)",Cad,C--,C--,A,,
2964,C--,C--,6,A,"(0, 1, 5, 8)",Cad,C--,C--,A,,
2965,C--,C--,6,A,"(0, 1, 5, 8)",Cad,C--,C--,A,,
2966,C--,C--,6,A,"(0, 1, 5, 8)",Cad,C--,C--,A,,
2967,C--,C--,6,A,"(0, 1, 5, 8)",Cad,C--,C--,A,,
2968,C--,C--,6,A,"(0, 1, 5, 8)",Cad,C--,C--,A,,
2969,C--,C--,6,A,"(0, 1, 5, 8)",Cad,C--,C--,A,,
2970,C--,C--,6,A,"(0, 1, 5, 8)",Cad,C--,C--,A,,
2971,C--,C--,6,A,"(0, 1, 5, 8)",Cad,C--,C--,A,,
2972,C--,C--,6,A,"(0, 1, 5, 8)",Cad,C--,C--,A,,
2973,C--,C--,6,A,"(0, 1, 5, 8)",Cad,C--,C--,A,,
2974,C--,C--,6,A,"(0, 1, 5, 8)",Cad,C--,C--,A,,
2975,C--,C--,6,A,"(0, 1, 5, 8)",Cad,C--,C--,A,,
2976,C--,C--,6,A,"(0, 1, 5, 8)",Cad,C--,C--,A,,
2977,C--,C--,6,A,"(0, 1, 5, 8)",Cad,C--,C--,A,,
2978,C--,C--,6,A,"(0, 1, 5, 8)",Cad,C--,C--,A,,
2979,C--,C--,6,A,"(0, 1, 5, 8)",Cad,C--,C--,A,,
2980,C--,C--,6,A,"(0, 1, 5, 8)",Cad,C--,C--,A,,
2981,C--,C--,6,A,"(0, 1, 5, 8)",Cad,C--,C--,A,,
2982,C--,C--,6,A,"(0, 1, 5, 8)",Cad,C--,C--,A,,
2983,C--,C--,6,A,"(0, 1, 5, 8)",Cad,C--,C--,A,,
2984,C--,C--,6,A,"(0, 1, 5, 8)",Cad,C--,C--,A,,
2985,C--,C--,6,A,"(0, 1, 5, 8)",Cad,C--,C--,A,,
2986,C--,C--,6,A,"(0, 1, 5, 8)",Cad,C--,C--,A,,
2987,C--,C--,6,A,"(0, 1, 5, 8)",Cad,C--,C--,A,,
2988,C--,C--,6,A,"(0, 1, 5, 8)",Cad,C--,C--,A,,
2989,C--,C--,6,A,"(0, 1, 5, 8)",Cad,C--,C--,A,,
2990,C--,C--,6,A,"(0, 1, 5, 8)",Cad,C--,C--,A,,
2991,C--,C--,6,A,"(0, 1, 5, 8)",Cad,C--,C--,A,,
2992,C--,C--,6,A,"(0, 1, 5, 8)",Cad,C--,C--,A,,
2993,C--,C--,6,A,"(0, 1, 5, 8)",Cad,C--,C--,A,,
2994,C--,C--,6,A,"(0, 1, 5, 8)",Cad,C--,C--,A,,
2995,C--,C--,6,A,"(0, 1, 5, 8)",Cad,C--,C--,A,,
2996,C--,C--,6,A,"(0, 1, 5, 8)",Cad,C--,C--,A,,
2997,C--,C--,6,A,"(0, 1, 5, 8)",Cad,C--,C--,A,,
2998,C--,C--,6,A,"(0, 1, 5, 8)",Cad,C--,C--,A,,
2999,C--,C--,6,A,"(0, 1, 5, 8)",Cad,C--,C--,A,,
3000,C--,C--,6,A,"(0, 1, 5, 8)",Cad,C--,C--,A,,
3001,C--,C--,6,A,"(0, 1, 5, 8)",Cad,C--,C--,A,,
3002,C--,C--,6,A,"(0, 1, 5, 8)",Cad,C--,C--,A,,
3003,C--,C--,6,A,"(0, 1, 5, 8)",Cad,C--,C--,A,,
3004,C--,C--,6,A,"(0, 1, 5, 8)",Cad,C--,C--,A,,
3005,C--,C--,6,A,"(0, 1, 5, 8)",Cad,C--,C--,A,,
3006,C--,C--,6,A,"(0, 1, 5, 8)",Cad,C--,C--,A,,
3007,C--,C--,6,A,"(0, 1, 5, 8)",Cad,C--,C--,A,,
3008,C--,C--,6,A,"(0, 1, 5, 8)",Cad,C--,C--,A,,
3009,C--,C--,6,A,"(0, 1, 5, 8)",Cad,C--,C--,A,,
3010,C--,C--,6,A,"(0, 1, 5, 8)",Cad,C--,C--,A,,
3011,C--,C--,6,A,"(0, 1, 5, 8)",Cad,C--,C--,A,,
3012,C--,C--,6,A,"(0, 1, 5, 8)",Cad,C--,C--,A,,
3013,C--,C--,6,A,"(0, 1, 5, 8)",Cad,C--,C--,A,,
3014,C--,C--,6,A,"(0, 1, 5, 8)",Cad,C--,C--,A,,
3015,C--,C--,6,A,"(0, 1, 5, 8)",Cad,C--,C--,A,,
3016,C--,C--,6,A,"(0, 1, 5, 8)",Cad,C--,C--,A,,
3017,C--,C--,6,A,"(0, 1, 5, 8)",Cad,C--,C--,A,,
3018,C--,C--,6,A,"(0, 1, 5, 8)",Cad,C--,C--,A,,
3019,C--,C--,6,A,"(0, 1, 5, 8)",Cad,C--,C--,A,,
3020,C--,C--,6,A,"(0, 1, 5, 8)",Cad,C--,C--,A,,
3021,C--,C--,6,A,"(0, 1, 5, 8)",Cad,C--,C--,A,,
3022,C--,C--,6,A,"(0, 1, 5, 8)",Cad,C--,C--,A,,
3023,C--,C--,6,A,"(0, 1, 5, 8)",Cad,C--,C--,A,,
3024,C--,C--,6,A,"(0, 1, 5, 8)",Cad,C--,C--,A,,
3025,C--,C--,6,A,"(0, 1, 5, 8)",Cad,C--,C--,A,,
3026,C--,C--,6,A,"(0, 1, 5, 8)",Cad,C--,C--,A,,
3027,C--,C--,6,A,"(0, 1, 5, 8)",Cad,C--,C--,A,,
3028,C--,C--,6,A,"(0, 1, 5, 8)",Cad,C--,C--,A,,
3029,C--,C--,6,A,"(0, 1, 5, 8)",Cad,C--,C--,A,,
3030,C--,C--,6,A,"(0, 1, 5, 8)",Cad,C--,C--,A,,
3031,C--,C--,6,A,"(0, 1, 5, 8)",Cad,C--,C--,A,,
3032,C--,C--,6,A,"(0, 1, 5, 8)",Cad,C--,C--,A,,
3033,C--,C--,6,A,"(0, 1, 5, 8)",Cad,C--,C--,A,,
3034,C--,C--,6,A,"(0, 1, 5, 8)",Cad,C--,C--,A,,
3035,C--,C--,6,A,"(0, 1, 5, 8)",Cad,C--,C--,A,,
3036,C--,C--,6,A,"(0, 1, 5, 8)",Cad,C--,C--,A,,
3037,C--,C--,6,A,"(0, 1, 5, 8)",Cad,C--,C--,A,,
3038,C--,C--,6,A,"(0, 1, 5, 8)",Cad,C--,C--,A,,
3039,C--,C--,6,A,"(0, 1, 5, 8)",Cad,C--,C--,A,,
3040,C--,C--,6,A,"(0, 1, 5, 8)",Cad,C--,C--,A,,
3041,C--,C--,6,A,"(0, 1, 5, 8)",Cad,C--,C--,A,,
3042,C--,C--,6,A,"(0, 1, 5, 8)",Cad,C--,C--,A,,
3043,C--,C--,6,A,"(0, 1, 5, 8)",Cad,C--,C--,A,,
3044,C--,C--,6,A,"(0, 1, 5, 8)",Cad,C--,C--,A,,
3045,C--,C--,6,A,"(0, 1, 5, 8)",Cad,C--,C--,A,,
3046,C--,C--,6,A,"(0, 1, 5, 8)",Cad,C--,C--,A,,
3047,C--,C--,6,A,"(0, 1, 5, 8)",Cad,C--,C--,A,,
3048,C--,C--,6,A,"(0, 1, 5, 8)",Cad,C--,C--,A,,
3049,C--,C--,6,A,"(0, 1, 5, 8)",Cad,C--,C--,A,,
3050,C--,C--,6,A,"(0, 1, 5, 8)",Cad,C--,C--,A,,
3051,C--,C--,6,A,"(0, 1, 5, 8)",Cad,C--,C--,A,,
3052,C--,C--,6,A,"(0, 1, 5, 8)",Cad,C--,C--,A,,
3053,C--,C--,6,A,"(0, 1, 5, 8)",Cad,C--,C--,A,,
3054,C--,C--,6,A,"(0, 1, 5, 8)",Cad,C--,C--,A,,
3055,C--,C--,6,A,"(0, 1, 5, 8)",Cad,C--,C--,A,,
3056,C--,C--,6,A,"(0, 1, 5, 8)",Cad,C--,C--,A,,
3057,C--,C--,6,A,"(0, 1, 5, 8)",Cad,C--,C--,A,,
3058,C--,C--,6,A,"(0, 1, 5, 8)",Cad,C--,C--,A,,
3059,C--,C--,6,A,"(0, 1, 5, 8)",Cad,C--,C--,A,,
3060,C--,C--,6,A,"(0, 1, 5, 8)",Cad,C--,C--,A,,
3061,C--,C--,6,A,"(0, 1, 5, 8)",Cad,C--,C--,A,,
3062,C--,C--,6,A,"(0, 1, 5, 8)",Cad,C--,C--,A,,
3063,C--,C--,6,A,"(0, 1, 5, 8)",Cad,C--,C--,A,,
3064,C--,C--,6,A,"(0, 1, 5, 8)",Cad,C--,C--,A,,
3065,C--,C--,6,A,"(0, 1, 5, 8)",Cad,C--,C--,A,,
3066,C--,C--,6,A,"(0, 1, 5, 8)",Cad,C--,C--,A,,
3067,C--,C--,6,A,"(0, 1, 5, 8)",Cad,C--,C--,A,,
3068,C--,C--,6,A,"(0, 1, 5, 8)",Cad,C--,C--,A,,
3069,C--,C--,6,A,"(0, 1, 5, 8)",Cad,C--,C--,A,,
3070,C--,C--,6,A,"(0, 1, 5, 8)",Cad,C--,C--,A,,
3071,C--,C--,6,A,"(0, 1, 5, 8)",Cad,C--,C--,A,,
3072,C--,C--,6,A,"(0, 1, 5, 8)",Cad,C--,C--,A,,
3073,C--,C--,6,A,"(0, 1, 5, 8)",Cad,C--,C--,A,,
3074,C--,C--,6,A,"(0, 1, 5, 8)",Cad,C--,C--,A,,
3075,C--,C--,6,A,"(0, 1, 5, 8)",Cad,C--,C--,A,,
3076,C--,C--,6,A,"(0, 1, 5, 8)",Cad,C--,C--,A,,
3077,C--,C--,6,A,"(0, 1, 5, 8)",Cad,C--,C--,A,,
3078,C--,C--,6,A,"(0, 1, 5, 8)",Cad,C--,C--,A,,
3079,C--,C--,6,A,"(0, 1, 5, 8)",Cad,C--,C--,A,,
3080,C--,C--,6,A,"(0, 1, 5, 8)",Cad,C--,C--,A,,
3081,C--,C--,6,A,"(0, 1, 5, 8)",Cad,C--,C--,A,,
3082,C--,C--,6,A,"(0, 1, 5, 8)",Cad,C--,C--,A,,
3083,C--,C--,6,A,"(0, 1, 5, 8)",Cad,C--,C--,A,,
3084,C--,C--,6,A,"(0, 1, 5, 8)",Cad,C--,C--,A,,
3085,C--,C--,6,A,"(0, 1, 5, 8)",Cad,C--,C--,A,,
3086,C--,C--,6,A,"(0, 1, 5, 8)",Cad,C--,C--,A,,
3087,C--,C--,6,A,"(0, 1, 5, 8)",Cad,C--,C--,A,,
3088,C--,C--,6,A,"(0, 1, 5, 8)",Cad,C--,C--,A,,
3089,C--,C--,6,A,"(0, 1, 5, 8)",Cad,C--,C--,A,,
3090,C--,C--,6,A,"(0, 1, 5, 8)",Cad,C--,C--,A,,
3091,C--,C--,6,A,"(0, 1, 5, 8)",Cad,C--,C--,A,,
3092,C--,C--,6,A,"(0, 1, 5, 8)",Cad,C--,C--,A,,
3093,C--,C--,6,A,"(0, 1, 5, 8)",Cad,C--,C--,A,,
3094,C--,C--,6,A,"(0, 1, 5, 8)",Cad,C--,C--,A,,
3095,C--,C--,6,A,"(0, 1, 5, 8)",Cad,C--,C--,A,,
3096,C--,C--,6,A,"(0, 1, 5, 8)",Cad,C--,C--,A,,
3097,C--,C--,6,A,"(0, 1, 5, 8)",Cad,C--,C--,A,,
3098,C--,C--,6,A,"(0, 1, 5, 8)",Cad,C--,C--,A,,
3099,C--,C--,6,A,"(0, 1, 5, 8)",Cad,C--,C--,A,,
3100,C--,C--,6,A,"(0, 1, 5, 8)",Cad,C--,C--,A,,
3101,C--,C--,6,A,"(0, 1, 5, 8)",Cad,C--,C--,A,,
3102,C--,C--,6,A,"(0, 1, 5, 8)",Cad,C--,C--,A,,
3103,C--,C--,6,A,"(0, 1, 5, 8)",Cad,C--,C--,A,,
3104,C--,C--,6,A,"(0, 1, 5, 8)",Cad,C--,C--,A,,
3105,C--,C--,6,A,"(0, 1, 5, 8)",Cad,C--,C--,A,,
3106,C--,C--,6,A,"(0, 1, 5, 8)",Cad,C--,C--,A,,
3107,C--,C--,6,A,"(0, 1, 5, 8)",Cad,C--,C--,A,,
3108,C--,C--,6,A,"(0, 1, 5, 8)",Cad,C--,C--,A,,
3109,C--,C--,6,A,"(0, 1, 5, 8)",Cad,C--,C--,A,,
3110,C--,C--,6,A,"(0, 1, 5, 8)",Cad,C--,C--,A,,
3111,C--,C--,6,A,"(0, 1, 5, 8)",Cad,C--,C--,A,,
3112,C--,C--,6,A,"(0, 1, 5, 8)",Cad,C--,C--,A,,
3113,C--,C--,6,A,"(0, 1, 5, 8)",Cad,C--,C--,A,,
3114,C--,C--,6,A,"(0, 1, 5, 8)",Cad,C--,C--,A,,
3115,C--,C--,6,A,"(0, 1, 5, 8)",Cad,C--,C--,A,,
3116,C--,C--,6,A,"(0, 1, 5, 8)",Cad,C--,C--,A,,
3117,C--,C--,6,A,"(0, 1, 5, 8)",Cad,C--,C--,A,,
3118,C--,C--,6,A,"(0, 1, 5, 8)",Cad,C--,C--,A,,
3119,C--,C--,6,A,"(0, 1, 5, 8)",Cad,C--,C--,A,,
3120,C--,C--,6,A,"(0, 1, 5, 8)",Cad,C--,C--,A,,
3121,C--,C--,6,A,"(0, 1, 5, 8)",Cad,C--,C--,A,,
3122,C--,C--,6,A,"(0, 1, 5, 8)",Cad,C--,C--,A,,
3123,C--,C--,6,A,"(0, 1, 5, 8)",Cad,C--,C--,A,,
3124,C--,C--,6,A,"(0, 1, 5, 8)",Cad,C--,C--,A,,
3125,C--,C--,6,A,"(0, 1, 5, 8)",Cad,C--,C--,A,,
3126,C--,C--,6,A,"(0, 1, 5, 8)",Cad,C--,C--,A,,
3127,C--,C--,6,A,"(0, 1, 5, 8)",Cad,C--,C--,A,,
3128,C--,C--,6,A,"(0, 1, 5, 8)",Cad,C--,C--,A,,
3129,C--,C--,6,A,"(0, 1, 5, 8)",Cad,C--,C--,A,,
3130,C--,C--,6,A,"(0, 1, 5, 8)",Cad,C--,C--,A,,
3131,C--,C--,6,A,"(0, 1, 5, 8)",Cad,C--,C--,A,,
3132,C--,C--,6,A,"(0, 1, 5, 8)",Cad,C--,C--,A,,
3133,C--,C--,6,A,"(0, 1, 5, 8)",Cad,C--,C--,A,,
3134,C--,C--,6,A,"(0, 1, 5, 8)",Cad,C--,C--,A,,
3135,C--,C--,6,A,"(0, 1, 5, 8)",Cad,C--,C--,A,,
3136,C--,C--,6,A,"(0, 1, 5, 8)",Cad,C--,C--,A,,
3137,C--,C--,6,A,"(0, 1, 5, 8)",Cad,C--,C--,A,,
3138,C--,C--,6,A,"(0, 1, 5, 8)",Cad,C--,C--,A,,
3139,C--,C--,6,A,"(0, 1, 5, 8)",Cad,C--,C--,A,,
3140,C--,C--,6,A,"(0, 1, 5, 8)",Cad,C--,C--,A,,
3141,C--,C--,6,A,"(0, 1, 5, 8)",Cad,C--,C--,A,,
3142,C--,C--,6,A,"(0, 1, 5, 8)",Cad,C--,C--,A,,
3143,C--,C--,6,A,"(0, 1, 5, 8)",Cad,C--,C--,A,,
3144,C--,C--,6,A,"(0, 1, 5, 8)",Cad,C--,C--,A,,
3145,C--,C--,6,A,"(0, 1, 5, 8)",Cad,C--,C--,A,,
3146,C--,C--,6,A,"(0, 1, 5, 8)",Cad,C--,C--,A,,
3147,C--,C--,6,A,"(0, 1, 5, 8)",Cad,C--,C--,A,,
3148,C--,C--,6,A,"(0, 1, 5, 8)",Cad,C--,C--,A,,
3149,C--,C--,6,A,"(0, 1, 5, 8)",Cad,C--,C--,A,,
3150,C--,C--,6,A,"(0, 1, 5, 8)",Cad,C--,C--,A,,
3151,C--,C--,6,A,"(0, 1, 5, 8)",Cad,C--,C--,A,,
3152,C--,C--,6,A,"(0, 1, 5, 8)",Cad,C--,C--,A,,
3153,C--,C--,6,A,"(0, 1, 5, 8)",Cad,C--,C--,A,,
3154,C--,C--,6,A,"(0, 1, 5, 8)",Cad,C--,C--,A,,
3155,C--,C--,6,A,"(0, 1, 5, 8)",Cad,C--,C--,A,,
3156,C--,C--,6,A,"(0, 1, 5, 8)",Cad,C--,C--,A,,
3157,C--,C--,6,A,"(0, 1, 5, 8)",Cad,C--,C--,A,,
3158,C--,C--,6,A,"(0, 1, 5, 8)",Cad,C--,C--,A,,
3159,C--,C--,6,A,"(0, 1, 5, 8)",Cad,C--,C--,A,,
3160,C--,C--,6,A,"(0, 1, 5, 8)",Cad,C--,C--,A,,
3161,C--,C--,6,A,"(0, 1, 5, 8)",Cad,C--,C--,A,,
3162,C--,C--,6,A,"(0, 1, 5, 8)",Cad,C--,C--,A,,
3163,C--,C--,6,A,"(0, 1, 5, 8)",Cad,C--,C--,A,,
3164,C--,C--,6,A,"(0, 1, 5, 8)",Cad,C--,C--,A,,
3165,C--,C--,6,A,"(0, 1, 5, 8)",Cad,C--,C--,A,,
3166,C--,C--,6,A,"(0, 1, 5, 8)",Cad,C--,C--,A,,
3167,C--,C--,6,A,"(0, 1, 5, 8)",Cad,C--,C--,A,,
3168,C--,C--,6,A,"(0, 1, 5, 8)",Cad,C--,C--,A,,
3169,C--,C--,6,A,"(0, 1, 5, 8)",Cad,C--,C--,A,,
3170,C--,C--,6,A,"(0, 1, 5, 8)",Cad,C--,C--,A,,
3171,C--,C--,6,A,"(0, 1, 5, 8)",Cad,C--,C--,A,,
3172,C--,C--,6,A,"(0, 1, 5, 8)",Cad,C--,C--,A,,
3173,C--,C--,6,A,"(0, 1, 5, 8)",Cad,C--,C--,A,,
3174,C--,C--,6,A,"(0, 1, 5, 8)",Cad,C--,C--,A,,
3175,C--,C--,6,A,"(0, 1, 5, 8)",Cad,C--,C--,A,,
3176,C--,C--,6,A,"(0, 1, 5, 8)",Cad,C--,C--,A,,
3177,C--,C--,6,A,"(0, 1, 5, 8)",Cad,C--,C--,A,,
3178,C--,C--,6,A,"(0, 1, 5, 8)",Cad,C--,C--,A,,
3179,C--,C--,6,A,"(0, 1, 5, 8)",Cad,C--,C--,A,,
3180,C--,C--,6,A,"(0, 1, 5, 8)",Cad,C--,C--,A,,
3181,C--,C--,6,A,"(0, 1, 5, 8)",Cad,C--,C--,A,,
3182,C--,C--,6,A,"(0, 1, 5, 8)",Cad,C--,C--,A,,
3183,C--,C--,6,A,"(0, 1, 5, 8)",Cad,C--,C--,A,,
3184,C--,C--,6,A,"(0, 1, 5, 8)",Cad,C--,C--,A,,
3185,C--,C--,6,A,"(0, 1, 5, 8)",Cad,C--,C--,A,,
3186,C--,C--,6,A,"(0, 1, 5, 8)",Cad,C--,C--,A,,
3187,C--,C--,6,A,"(0, 1, 5, 8)",Cad,C--,C--,A,,
3188,C--,C--,6,A,"(0, 1, 5, 8)",Cad,C--,C--,A,,
3189,C--,C--,6,A,"(0, 1, 5, 8)",Cad,C--,C--,A,,
3190,C--,C--,6,A,"(0, 1, 5, 8)",Cad,C--,C--,A,,
3191,C--,C--,6,A,"(0, 1, 5, 8)",Cad,C--,C--,A,,
3192,C--,C--,6,A,"(0, 1, 5, 8)",Cad,C--,C--,A,,
3193,C--,C--,6,A,"(0, 1, 5, 8)",Cad,C--,C--,A,,
3194,C--,C--,6,A,"(0, 1, 5, 8)",Cad,C--,C--,A,,
3195,C--,C--,6,A,"(0, 1, 5, 8)",Cad,C--,C--,A,,
3196,C--,C--,6,A,"(0, 1, 5, 8)",Cad,C--,C--,A,,
3197,C--,C--,6,A,"(0, 1, 5, 8)",Cad,C--,C--,A,,
3198,C--,C--,6,A,"(0, 1, 5, 8)",Cad,C--,C--,A,,
3199,C--,C--,6,A,"(0, 1, 5, 8)",Cad,C--,C--,A,,
