,Alto35,Bass35,HarmonicRhythm7,LocalKey38,PitchClassSet121,RomanNumeral31,Soprano35,Tenor35,TonicizedKey38,offset,measure
0,G,C,0,C,"(0, 4, 7)",I,C,E,C,0.0,1.0
1,G,C,1,C,"(0, 4, 7)",I,C,E,C,0.125,1.0
2,G,C,2,C,"(0, 4, 7)",I,C,E,C,0.25,1.0
3,G,C,2,C,"(0, 4, 7)",I,C,E,C,0.375,1.0
4,G,C,3,C,"(0, 4, 7)",I,C,E,C,0.5,1.0
5,G,C,3,C,"(0, 4, 7)",I,C,E,C,0.625,1.0
6,G,C,3,C,"(0, 4, 7)",I,C,E,C,0.75,1.0
7,G,C,3,C,"(0, 4, 7)",I,C,E,C,0.875,1.0
8,C,E,4,C,"(0, 4, 7)",I,C,G,C,1.0,1.0
9,C,E,4,C,"(0, 4, 7)",I,C,G,C,1.125,1.0
10,C,E,4,C,"(0, 4, 7)",I,C,G,C,1.25,1.0
11,C,E,4,C,"(0, 4, 7)",I,C,G,C,1.375,1.0
12,C,E,4,C,"(0, 4, 7)",I,C,G,C,1.5,1.0
13,C,E,4,C,"(0, 4, 7)",I,C,G,C,1.625,1.0
14,C,E,4,C,"(0, 4, 7)",I,C,G,C,1.75,1.0
15,C,E,4,C,"(0, 4, 7)",I,C,G,C,1.875,1.0
16,D,F,0,C,"(2, 5, 9)",ii,D,A,C,2.0,1.0
17,D,F,1,C,"(2, 5, 9)",ii,D,A,C,2.125,1.0
18,D,F,2,C,"(2, 5, 9)",ii,D,A,C,2.25,1.0
19,D,F,2,C,"(2, 5, 9)",ii,D,A,C,2.375,1.0
20,D,F,3,C,"(2, 5, 9)",ii,D,A,C,2.5,1.0
21,D,F,3,C,"(2, 5, 9)",ii,D,A,C,2.625,1.0
22,D,F,3,C,"(2, 5, 9)",ii,D,A,C,2.75,1.0
23,D,F,3,C,"(2, 5, 9)",ii,D,A,C,2.875,1.0
24,D,G,0,C,"(2, 7, 11)",V,G,B,C,3.0,2.0
25,D,G,1,C,"(2, 7, 11)",V,G,B,C,3.125,2.0
26,D,G,2,C,"(2, 7, 11)",V,G,B,C,3.25,2.0
27,D,G,2,C,"(2, 7, 11)",V,G,B,C,3.375,2.0
28,D,G,3,C,"(2, 7, 11)",V,G,B,C,3.5,2.0
29,D,G,3,C,"(2, 7, 11)",V,G,B,C,3.625,2.0
30,D,G,3,C,"(2, 7, 11)",V,G,B,C,3.75,2.0
31,D,G,3,C,"(2, 7, 11)",V,G,B,C,3.875,2.0
32,D,G,4,C,"(2, 7, 11)",V,G,B,C,4.0,2.0
33,D,G,4,C,"(2, 7, 11)",V,G,B,C,4.125,2.0
34,D,G,4,C,"(2, 7, 11)",V,G,B,C,4.25,2.0
35,D,G,4,C,"(2, 7, 11)",V,G,B,C,4.375,2.0
36,D,G,0,C,"(2, 7, 11)",V,G,B,C,4.5,2.0
37,D,G,4,C,"(2, 7, 11)",V,G,B,C,4.625,2.0
38,D,G,4,C,"(2, 7, 11)",V,G,B,C,4.75,2.0
39,D,G,4,C,"(2, 7, 11)",V,G,B,C,4.875,2.0
40,G,B,3,C,"(2, 7, 11)",V,G,D,C,5.0,2.0
41,G,B,3,C,"(2, 7, 11)",V,G,D,C,5.125,2.0
42,G,B,2,C,"(2, 7, 11)",V,G,D,C,5.25,2.0
43,G,B,3,C,"(2, 7, 11)",V,G,D,C,5.375,2.0
44,G,B,3,C,"(2, 7, 11)",V,G,D,C,5.5,2.0
45,G,B,3,C,"(2, 7, 11)",V,G,D,C,5.625,2.0
46,G,B,3,C,"(2, 7, 11)",V,G,D,C,5.75,2.0
47,G,B,3,C,"(2, 7, 11)",V,G,D,C,5.875,2.0
48,G,C,0,C,"(0, 4, 7)",I,C,E,C,6.0,3.0
49,G,C,1,C,"(0, 4, 7)",I,C,E,C,6.125,3.0
50,G,C,2,C,"(0, 4, 7)",I,C,E,C,6.25,3.0
51,G,C,2,C,"(0, 4, 7)",I,C,E,C,6.375,3.0
52,G,C,3,C,"(0, 4, 7)",I,C,E,C,6.5,3.0
53,G,C,3,C,"(0, 4, 7)",I,C,E,C,6.625,3.0
54,G,C,3,C,"(0, 4, 7)",I,C,E,C,6.75,3.0
55,G,C,3,C,"(0, 4, 7)",I,C,E,C,6.875,3.0
56,E,A,0,C,"(0, 4, 9)",vi,A,C,C,7.0,3.0
57,E,A,1,C,"(0, 4, 9)",vi,A,C,C,7.125,3.0
58,E,A,2,C,"(0, 4, 9)",vi,A,C,C,7.25,3.0
59,E,A,2,C,"(0, 4, 9)",vi,A,C,C,7.375,3.0
60,E,A,3,C,"(0, 4, 9)",vi,A,C,C,7.5,3.0
61,E,A,3,C,"(0, 4, 9)",vi,A,C,C,7.625,3.0
62,E,A,3,C,"(0, 4, 9)",vi,A,C,C,7.75,3.0
63,E,A,3,C,"(0, 4, 9)",vi,A,C,C,7.875,3.0
64,D,F,0,C,"(2, 5, 9)",ii,D,A,C,8.0,3.0
65,D,F,1,C,"(2, 5, 9)",ii,D,A,C,8.125,3.0
66,D,F,2,C,"(2, 5, 9)",ii,D,A,C,8.25,3.0
67,D,F,2,C,"(2, 5, 9)",ii,D,A,C,8.375,3.0
68,D,F,3,C,"(2, 5, 9)",ii,D,A,C,8.5,3.0
69,D,F,3,C,"(2, 5, 9)",ii,D,A,C,8.625,3.0
70,D,F,3,C,"(2, 5, 9)",ii,D,A,C,8.75,3.0
71,D,F,3,C,"(2, 5, 9)",ii,D,A,C,8.875,3.0
72,E,G,0,C,"(0, 4, 7)",Cad,C,C,C,9.0,4.0
73,E,G,1,C,"(0, 4, 7)",I,C,C,C,9.125,4.0
74,E,G,2,C,"(0, 4, 7)",I,C,C,C,9.25,4.0
75,E,G,2,C,"(0, 4, 7)",I,C,C,C,9.375,4.0
76,E,G,3,C,"(0, 4, 7)",I,C,C,C,9.5,4.0
77,E,G,3,C,"(0, 4, 7)",I,C,C,C,9.625,4.0
78,E,G,3,C,"(0, 4, 7)",I,C,C,C,9.75,4.0
79,E,G,3,C,"(0, 4, 7)",I,C,C,C,9.875,4.0
80,D,G#,0,C,"(2, 5, 8, 11)",viio7,F,B,a,10.0,4.0
81,D,G#,1,C,"(2, 5, 8, 11)",viio7,F,B,a,10.125,4.0
82,D,G#,2,C,"(2, 5, 8, 11)",viio7,F,B,a,10.25,4.0
83,D,G#,2,C,"(2, 5, 8, 11)",viio7,F,B,a,10.375,4.0
84,D,G#,3,C,"(2, 5, 8, 11)",viio7,F,B,a,10.5,4.0
85,D,G#,3,C,"(2, 5, 8, 11)",viio7,F,B,a,10.625,4.0
86,D,G#,3,C,"(2, 5, 8, 11)",viio7,F,B,a,10.75,4.0
87,D,G#,3,C,"(2, 5, 8, 11)",viio7,F,B,a,10.875,4.0
88,E,A,0,C,"(0, 4, 9)",vi,A,C,C,11.0,4.0
89,E,A,1,C,"(0, 4, 9)",vi,A,C,C,11.125,4.0
90,E,A,2,C,"(0, 4, 9)",vi,A,C,C,11.25,4.0
91,E,A,2,C,"(0, 4, 9)",vi,A,C,C,11.375,4.0
92,E,A,3,C,"(0, 4, 9)",vi,A,C,C,11.5,4.0
93,E,A,3,C,"(0, 4, 9)",vi,A,C,C,11.625,4.0
94,E,A,3,C,"(0, 4, 9)",vi,A,C,C,11.75,4.0
95,E,A,3,C,"(0, 4, 9)",vi,A,C,C,11.875,4.0
96,D,F,0,C,"(2, 5, 9)",ii,D,A,C,12.0,5.0
97,D,F,1,C,"(2, 5, 9)",ii,D,A,C,12.125,5.0
98,D,F,2,C,"(2, 5, 9)",ii,D,A,C,12.25,5.0
99,D,F,2,C,"(2, 5, 9)",ii,D,A,C,12.375,5.0
100,D,F,3,C,"(2, 5, 9)",ii,D,A,C,12.5,5.0
101,D,F,3,C,"(2, 5, 9)",ii,D,A,C,12.625,5.0
102,D,F,3,C,"(2, 5, 9)",ii,D,A,C,12.75,5.0
103,D,F,3,C,"(2, 5, 9)",ii,D,A,C,12.875,5.0
104,D,G,0,C,"(2, 7, 11)",Cad,C,B,C,13.0,5.0
105,D,G,1,C,"(2, 7, 11)",Cad,C,B,C,13.125,5.0
106,D,G,2,C,"(2, 7, 11)",Cad,C,B,C,13.25,5.0
107,D,G,2,C,"(2, 7, 11)",Cad,C,B,C,13.375,5.0
108,D,G,3,C,"(2, 7, 11)",Cad,C,B,C,13.5,5.0
109,D,G,3,C,"(2, 7, 11)",Cad,C,B,C,13.625,5.0
110,D,G,3,C,"(2, 7, 11)",Cad,C,B,C,13.75,5.0
111,D,G,3,C,"(2, 7, 11)",Cad,C,B,C,13.875,5.0
112,D,G,0,C,"(2, 7, 11)",V,G,B,C,14.0,5.0
113,D,G,1,C,"(2, 7, 11)",V,G,B,C,14.125,5.0
114,D,G,2,C,"(2, 7, 11)",V,G,B,C,14.25,5.0
115,D,G,2,C,"(2, 7, 11)",V,G,B,C,14.375,5.0
116,D,G,3,C,"(2, 7, 11)",V,G,B,C,14.5,5.0
117,D,G,3,C,"(2, 7, 11)",V,G,B,C,14.625,5.0
118,D,G,3,C,"(2, 7, 11)",V,G,B,C,14.75,5.0
119,D,G,3,C,"(2, 7, 11)",V,G,B,C,14.875,5.0
120,G,C,0,C,"(0, 4, 7)",I,C,E,C,15.0,6.0
121,G,C,1,C,"(0, 4, 7)",I,C,E,C,15.125,6.0
122,G,C,2,C,"(0, 4, 7)",I,C,E,C,15.25,6.0
123,G,C,2,C,"(0, 4, 7)",I,C,E,C,15.375,6.0
124,G,C,3,C,"(0, 4, 7)",I,C,E,C,15.5,6.0
125,G,C,3,C,"(0, 4, 7)",I,C,E,C,15.625,6.0
126,G,C,3,C,"(0, 4, 7)",I,C,E,C,15.75,6.0
127,G,C,3,C,"(0, 4, 7)",I,C,E,C,15.875,6.0
128,G,C,4,C,"(0, 4, 7)",I,C,E,C,16.0,6.0
129,G,C,4,C,"(0, 4, 7)",I,C,E,C,16.125,6.0
130,G,C,4,C,"(0, 4, 7)",I,C,E,C,16.25,6.0
131,G,C,4,C,"(0, 4, 7)",I,C,E,C,16.375,6.0
132,G,C,4,C,"(0, 4, 7)",I,C,E,C,16.5,6.0
133,G,C,4,C,"(0, 4, 7)",I,C,E,C,16.625,6.0
134,G,C,4,C,"(0, 4, 7)",I,C,E,C,16.75,6.0
135,G,C,4,C,"(0, 4, 7)",I,C,E,C,16.875,6.0
136,G,C,5,C,"(0, 4, 7)",I,C,E,C,17.0,6.0
137,G,C,5,C,"(0, 4, 7)",I,C,E,C,17.125,6.0
138,G,C,5,C,"(0, 4, 7)",I,C,E,C,17.25,6.0
139,G,C,5,C,"(0, 4, 7)",I,C,E,C,17.375,6.0
140,G,C,5,C,"(0, 4, 7)",I,C,E,C,17.5,6.0
141,G,C,5,C,"(0, 4, 7)",I,C,E,C,17.625,6.0
142,G,C,5,C,"(0, 4, 7)",I,C,E,C,17.75,6.0
143,G,C,5,C,"(0, 4, 7)",I,C,E,C,17.875,6.0
144,G,C,0,C,"(0, 4, 7)",I,C,E,C,18.0,7.0
145,G,C,1,C,"(0, 4, 7)",I,C,E,C,18.125,7.0
146,G,C,2,C,"(0, 4, 7)",I,C,E,C,18.25,7.0
147,G,C,2,C,"(0, 4, 7)",I,C,E,C,18.375,7.0
148,G,C,3,C,"(0, 4, 7)",I,C,E,C,18.5,7.0
149,G,C,3,C,"(0, 4, 7)",I,C,E,C,18.625,7.0
150,G,C,3,C,"(0, 4, 7)",I,C,E,C,18.75,7.0
151,G,C,3,C,"(0, 4, 7)",I,C,E,C,18.875,7.0
152,G,C,4,C,"(0, 4, 7)",I,C,E,C,19.0,7.0
153,G,C,4,C,"(0, 4, 7)",I,C,E,C,19.125,7.0
154,G,C,4,C,"(0, 4, 7)",I,C,E,C,19.25,7.0
155,G,C,4,C,"(0, 4, 7)",I,C,E,C,19.375,7.0
156,G,C,4,C,"(0, 4, 7)",I,C,E,C,19.5,7.0
157,G,C,4,C,"(0, 4, 7)",I,C,E,C,19.625,7.0
158,G,C,4,C,"(0, 4, 7)",I,C,E,C,19.75,7.0
159,G,C,4,C,"(0, 4, 7)",I,C,E,C,19.875,7.0
160,G,C,5,C,"(0, 4, 7)",I,C,E,C,20.0,7.0
161,G,C,5,C,"(0, 4, 7)",I,C,E,C,20.125,7.0
162,G,C,5,C,"(0, 4, 7)",I,C,E,C,20.25,7.0
163,G,C,5,C,"(0, 4, 7)",I,C,E,C,20.375,7.0
164,G,C,5,C,"(0, 4, 7)",I,C,E,C,20.5,7.0
165,G,C,5,C,"(0, 4, 7)",I,C,E,C,20.625,7.0
166,G,C,5,C,"(0, 4, 7)",I,C,E,C,20.75,7.0
167,G,C,5,C,"(0, 4, 7)",I,C,E,C,20.875,7.0
168,G,C,0,C,"(0, 4, 7)",I,C,E,C,21.0,8.0
169,G,C,1,C,"(0, 4, 7)",I,C,E,C,21.125,8.0
170,G,C,2,C,"(0, 4, 7)",I,C,E,C,21.25,8.0
171,G,C,2,C,"(0, 4, 7)",I,C,E,C,21.375,8.0
172,G,C,3,C,"(0, 4, 7)",I,C,E,C,21.5,8.0
173,G,C,3,C,"(0, 4, 7)",I,C,E,C,21.625,8.0
174,G,C,3,C,"(0, 4, 7)",I,C,E,C,21.75,8.0
175,G,C,3,C,"(0, 4, 7)",I,C,E,C,21.875,8.0
176,G,C,4,C,"(0, 4, 7)",I,C,E,C,22.0,8.0
177,G,C,4,C,"(0, 4, 7)",I,C,E,C,22.125,8.0
178,G,C,4,C,"(0, 4, 7)",I,C,E,C,22.25,8.0
179,G,C,4,C,"(0, 4, 7)",I,C,E,C,22.375,8.0
180,G,C,4,C,"(0, 4, 7)",I,C,E,C,22.5,8.0
181,G,C,4,C,"(0, 4, 7)",I,C,E,C,22.625,8.0
182,G,C,4,C,"(0, 4, 7)",I,C,E,C,22.75,8.0
183,G,C,4,C,"(0, 4, 7)",I,C,E,C,22.875,8.0
184,G,C,5,C,"(0, 4, 7)",I,C,E,C,23.0,8.0
185,G,C,5,C,"(0, 4, 7)",I,C,C,C,23.125,8.0
186,G,C,5,C,"(0, 4, 7)",I,C,C,C,23.25,8.0
187,G,C,5,C,"(0, 4, 7)",I,C,C,C,23.375,8.0
188,G,C,5,C,"(0, 4, 7)",I,C,C,C,23.5,8.0
189,G,C,5,C,"(0, 4, 7)",I,C,C,C,23.625,8.0
190,G,C,5,C,"(0, 4, 7)",I,C,C,C,23.75,8.0
191,G,C,5,C,"(0, 4, 7)",I,C,C,C,23.875,8.0
192,D,G,0,C,"(2, 5, 7, 11)",V7,F,B,C,24.0,9.0
193,D,G,1,C,"(2, 5, 7, 11)",V7,F,B,C,24.125,9.0
194,D,G,2,C,"(2, 5, 7, 11)",V7,F,B,C,24.25,9.0
195,D,G,2,C,"(2, 5, 7, 11)",V7,F,B,C,24.375,9.0
196,D,G,3,C,"(2, 5, 7, 11)",V7,F,B,C,24.5,9.0
197,D,G,3,C,"(2, 5, 7, 11)",V7,F,B,C,24.625,9.0
198,D,G,3,C,"(2, 5, 7, 11)",V7,F,B,C,24.75,9.0
199,D,G,3,C,"(2, 5, 7, 11)",V7,F,B,C,24.875,9.0
200,D,G,4,C,"(2, 5, 7, 11)",V7,F,B,C,25.0,9.0
201,D,G,4,C,"(2, 5, 7, 11)",V7,F,B,C,25.125,9.0
202,D,G,4,C,"(2, 5, 7, 11)",V7,F,B,C,25.25,9.0
203,D,G,4,C,"(2, 5, 7, 11)",V7,F,B,C,25.375,9.0
204,D,G,4,C,"(2, 5, 7, 11)",V7,F,B,C,25.5,9.0
205,D,G,4,C,"(2, 5, 7, 11)",V7,F,B,C,25.625,9.0
206,D,G,4,C,"(2, 5, 7, 11)",V7,F,B,C,25.75,9.0
207,D,G,4,C,"(2, 5, 7, 11)",V7,F,B,C,25.875,9.0
208,D,G,5,C,"(2, 5, 7, 11)",V7,F,B,C,26.0,9.0
209,D,G,5,C,"(2, 5, 7, 11)",V7,F,B,C,26.125,9.0
210,D,G,5,C,"(2, 5, 7, 11)",V7,F,B,C,26.25,9.0
211,D,G,5,C,"(2, 5, 7, 11)",V7,F,B,C,26.375,9.0
212,D,G,5,C,"(2, 5, 7, 11)",V7,F,B,C,26.5,9.0
213,D,G,5,C,"(2, 5, 7, 11)",V7,F,B,C,26.625,9.0
214,D,G,5,C,"(2, 5, 7, 11)",V7,F,B,C,26.75,9.0
215,D,G,5,C,"(2, 5, 7, 11)",V7,F,B,C,26.875,9.0
216,D,G,0,C,"(2, 5, 7, 11)",V7,F,B,C,27.0,10.0
217,D,G,1,C,"(2, 5, 7, 11)",V7,F,B,C,27.125,10.0
218,D,G,2,C,"(2, 5, 7, 11)",V7,F,B,C,27.25,10.0
219,D,G,2,C,"(2, 5, 7, 11)",V7,F,B,C,27.375,10.0
220,D,G,3,C,"(2, 5, 7, 11)",V7,F,B,C,27.5,10.0
221,D,G,3,C,"(2, 5, 7, 11)",V7,F,B,C,27.625,10.0
222,D,G,3,C,"(2, 5, 7, 11)",V7,F,B,C,27.75,10.0
223,D,G,3,C,"(2, 5, 7, 11)",V7,F,B,C,27.875,10.0
224,D,G,4,C,"(2, 5, 7, 11)",V7,F,B,C,28.0,10.0
225,D,G,4,C,"(2, 5, 7, 11)",V7,F,B,C,28.125,10.0
226,D,G,4,C,"(2, 5, 7, 11)",V7,F,B,C,28.25,10.0
227,D,G,4,C,"(2, 5, 7, 11)",V7,F,B,C,28.375,10.0
228,D,G,4,C,"(2, 5, 7, 11)",V7,F,B,C,28.5,10.0
229,D,G,4,C,"(2, 5, 7, 11)",V7,F,B,C,28.625,10.0
230,D,G,4,C,"(2, 5, 7, 11)",V7,F,B,C,28.75,10.0
231,D,G,4,C,"(2, 5, 7, 11)",V7,F,B,C,28.875,10.0
232,D,G,5,C,"(2, 5, 7, 11)",V,F,B,C,29.0,10.0
233,D,G,5,C,"(2, 5, 7, 11)",V,F,B,C,29.125,10.0
234,D,G,5,C,"(2, 5, 7, 11)",V,F,B,C,29.25,10.0
235,D,G,5,C,"(2, 5, 7, 11)",V,F,B,C,29.375,10.0
236,D,G,5,C,"(2, 5, 7, 11)",V,F,B,C,29.5,10.0
237,D,G,5,C,"(2, 5, 7, 11)",V,F,B,C,29.625,10.0
238,D,G,5,C,"(2, 5, 7, 11)",V,F,B,C,29.75,10.0
239,D,G,5,C,"(2, 5, 7, 11)",V,F,B,C,29.875,10.0
240,G,C,0,C,"(0, 4, 7)",I,C,E,C,30.0,11.0
241,G,C,1,C,"(0, 4, 7)",I,C,E,C,30.125,11.0
242,G,C,2,C,"(0, 4, 7)",I,C,E,C,30.25,11.0
243,G,C,2,C,"(0, 4, 7)",I,C,E,C,30.375,11.0
244,G,C,3,C,"(0, 4, 7)",I,C,E,C,30.5,11.0
245,G,C,3,C,"(0, 4, 7)",I,C,E,C,30.625,11.0
246,G,C,3,C,"(0, 4, 7)",I,C,E,C,30.75,11.0
247,G,C,3,C,"(0, 4, 7)",I,C,E,C,30.875,11.0
248,G,C,4,C,"(0, 4, 7)",I,C,E,C,31.0,11.0
249,G,C,4,C,"(0, 4, 7)",I,C,E,C,31.125,11.0
250,G,C,4,C,"(0, 4, 7)",I,C,E,C,31.25,11.0
251,G,C,4,C,"(0, 4, 7)",I,C,E,C,31.375,11.0
252,G,C,4,C,"(0, 4, 7)",I,C,E,C,31.5,11.0
253,G,C,4,C,"(0, 4, 7)",I,C,E,C,31.625,11.0
254,G,C,4,C,"(0, 4, 7)",I,C,E,C,31.75,11.0
255,G,C,4,C,"(0, 4, 7)",I,C,E,C,31.875,11.0
256,G,C,0,C,"(0, 4, 7)",I,C,E,C,32.0,11.0
257,G,C,1,C,"(0, 4, 7)",I,C,E,C,32.125,11.0
258,G,C,2,C,"(0, 4, 7)",I,C,E,C,32.25,11.0
259,G,C,2,C,"(0, 4, 7)",I,C,E,C,32.375,11.0
260,G,C,5,C,"(0, 4, 7)",I,C,E,C,32.5,11.0
261,G,C,5,C,"(0, 4, 7)",I,C,E,C,32.625,11.0
262,G,C,5,C,"(0, 4, 7)",I,C,E,C,32.75,11.0
263,G,C,5,C,"(0, 4, 7)",I,C,E,C,32.875,11.0
264,G,C,0,C,"(0, 4, 7)",I,C,E,C,33.0,12.0
265,G,C,1,C,"(0, 4, 7)",I,C,E,C,33.125,12.0
266,G,C,2,C,"(0, 4, 7)",I,C,E,C,33.25,12.0
267,G,C,2,C,"(0, 4, 7)",I,C,E,C,33.375,12.0
268,G,C,3,C,"(0, 4, 7)",I,C,E,C,33.5,12.0
269,G,C,3,C,"(0, 4, 7)",I,C,E,C,33.625,12.0
270,G,C,3,C,"(0, 4, 7)",I,C,E,C,33.75,12.0
271,G,C,3,C,"(0, 4, 7)",I,C,E,C,33.875,12.0
272,G,C,4,C,"(0, 4, 7)",I,C,E,C,34.0,12.0
273,G,C,4,C,"(0, 4, 7)",I,C,E,C,34.125,12.0
274,G,C,4,C,"(0, 4, 7)",I,C,E,C,34.25,12.0
275,G,C,4,C,"(0, 4, 7)",I,C,E,C,34.375,12.0
276,E,A,0,C,"(0, 5, 9)",IV,F,C,C,34.5,12.0
277,E,A,1,C,"(0, 5, 9)",IV,F,C,C,34.625,12.0
278,E,A,4,C,"(0, 5, 9)",IV,F,C,C,34.75,12.0
279,E,A,2,C,"(0, 5, 9)",IV,F,C,C,34.875,12.0
280,C,E,0,C,"(0, 4, 7)",I,C,G,C,35.0,12.0
281,C,E,1,C,"(0, 4, 7)",I,C,G,C,35.125,12.0
282,C,E,2,C,"(0, 4, 7)",I,C,G,C,35.25,12.0
283,C,E,3,C,"(0, 4, 7)",I,C,G,C,35.375,12.0
284,C,E,3,C,"(0, 4, 7)",I,C,G,C,35.5,12.0
285,C,E,3,C,"(0, 4, 7)",I,C,G,C,35.625,12.0
286,C,E,3,C,"(0, 4, 7)",I,C,G,C,35.75,12.0
287,C,E,3,C,"(0, 4, 7)",I,C,G,C,35.875,12.0
288,C,F,0,C,"(2, 5, 9)",ii,D,A,C,36.0,13.0
289,D,F,1,C,"(2, 5, 9)",ii,D,A,C,36.125,13.0
290,D,F,2,C,"(2, 5, 9)",ii,D,A,C,36.25,13.0
291,D,F,2,C,"(2, 5, 9)",ii,D,A,C,36.375,13.0
292,D,F,3,C,"(2, 5, 9)",ii,D,F,C,36.5,13.0
293,D,D,3,C,"(2, 5, 9)",ii,D,F,C,36.625,13.0
294,D,D,3,C,"(2, 5, 9)",ii,D,F,C,36.75,13.0
295,D,D,3,C,"(2, 5, 9)",ii,D,F,C,36.875,13.0
296,D,G,0,C,"(2, 5, 7, 11)",I,C,B,C,37.0,13.0
297,D,G,1,C,"(0, 4, 7)",I,C,B,C,37.125,13.0
298,D,G,2,C,"(0, 4, 7)",I,C,B,C,37.25,13.0
299,D,G,2,C,"(0, 4, 7)",I,C,B,C,37.375,13.0
300,D,G,3,C,"(2, 5, 7, 11)",I,C,B,C,37.5,13.0
301,D,G,3,C,"(2, 5, 7, 11)",I,C,B,C,37.625,13.0
302,D,G,3,C,"(2, 5, 7, 11)",I,C,B,C,37.75,13.0
303,D,G,3,C,"(2, 5, 7, 11)",I,C,B,C,37.875,13.0
304,D,G,0,C,"(2, 5, 7, 11)",V7,F,B,C,38.0,13.0
305,D,G,1,C,"(2, 5, 7, 11)",V7,F,B,C,38.125,13.0
306,D,G,2,C,"(2, 5, 7, 11)",V7,F,B,C,38.25,13.0
307,D,G,2,C,"(2, 5, 7, 11)",V7,F,B,C,38.375,13.0
308,D,G,3,C,"(2, 5, 7, 11)",V7,F,B,C,38.5,13.0
309,D,G,3,C,"(2, 5, 7, 11)",V7,F,B,C,38.625,13.0
310,D,G,3,C,"(2, 5, 7, 11)",V7,F,B,C,38.75,13.0
311,D,G,3,C,"(2, 5, 7, 11)",V7,F,B,C,38.875,13.0
312,G,C,0,C,"(0, 4, 7)",I,C,E,C,39.0,14.0
313,G,C,1,C,"(0, 4, 7)",I,C,E,C,39.125,14.0
314,G,C,2,C,"(0, 4, 7)",I,C,E,C,39.25,14.0
315,G,C,2,C,"(0, 4, 7)",I,C,E,C,39.375,14.0
316,G,C,3,C,"(0, 4, 7)",I,C,E,C,39.5,14.0
317,G,C,3,C,"(0, 4, 7)",I,C,E,C,39.625,14.0
318,G,C,3,C,"(0, 4, 7)",I,C,E,C,39.75,14.0
319,G,C,3,C,"(0, 4, 7)",I,C,E,C,39.875,14.0
320,G,C,4,C,"(0, 4, 7)",I,C,E,C,40.0,14.0
321,G,C,4,C,"(0, 4, 7)",I,C,E,C,40.125,14.0
322,G,C,4,C,"(0, 4, 7)",I,C,E,C,40.25,14.0
323,G,C,4,C,"(0, 4, 7)",I,C,E,C,40.375,14.0
324,G,C,4,C,"(0, 4, 7)",I,C,E,C,40.5,14.0
325,G,C,4,C,"(0, 4, 7)",I,C,E,C,40.625,14.0
326,G,C,4,C,"(0, 4, 7)",I,C,E,C,40.75,14.0
327,G,C,4,C,"(0, 4, 7)",I,C,E,C,40.875,14.0
328,G,C,5,C,"(0, 4, 7)",I,C,E,C,41.0,14.0
329,G,C,5,C,"(0, 4, 7)",I,C,E,C,41.125,14.0
330,G,C,5,C,"(0, 4, 7)",I,C,E,C,41.25,14.0
331,G,C,5,C,"(0, 4, 7)",I,C,E,C,41.375,14.0
332,G,C,5,C,"(0, 4, 7)",I,C,E,C,41.5,14.0
333,G,C,5,C,"(0, 4, 7)",I,C,E,C,41.625,14.0
334,G,C,5,C,"(0, 4, 7)",I,C,E,C,41.75,14.0
335,G,C,5,C,"(0, 4, 7)",I,C,E,C,41.875,14.0
336,G,C,0,C,"(0, 4, 7)",I,C,E,C,42.0,15.0
337,G,C,1,C,"(0, 4, 7)",I,C,E,C,42.125,15.0
338,G,C,2,C,"(0, 4, 7)",I,C,E,C,42.25,15.0
339,G,C,2,C,"(0, 4, 7)",I,C,E,C,42.375,15.0
340,G,C,3,C,"(0, 4, 7)",I,C,E,C,42.5,15.0
341,G,C,3,C,"(0, 4, 7)",I,C,E,C,42.625,15.0
342,G,C,3,C,"(0, 4, 7)",I,C,E,C,42.75,15.0
343,G,C,3,C,"(0, 4, 7)",I,C,E,C,42.875,15.0
344,E,A,4,C,"(0, 4, 9)",vi,A,C,C,43.0,15.0
345,E,A,4,C,"(0, 4, 9)",vi,A,C,C,43.125,15.0
346,E,A,4,C,"(0, 4, 9)",vi,A,C,C,43.25,15.0
347,E,A,4,C,"(0, 4, 9)",vi,A,C,C,43.375,15.0
348,E,A,4,C,"(0, 4, 9)",vi,A,C,C,43.5,15.0
349,E,A,4,C,"(0, 4, 9)",vi,A,C,C,43.625,15.0
350,E,A,4,C,"(0, 4, 9)",vi,A,C,C,43.75,15.0
351,E,A,4,C,"(0, 4, 9)",vi,A,C,C,43.875,15.0
352,A,D,0,C,"(2, 5, 9)",ii,D,F,C,44.0,15.0
353,A,D,1,C,"(2, 5, 9)",ii,D,F,C,44.125,15.0
354,A,D,2,C,"(2, 5, 9)",ii,D,F,C,44.25,15.0
355,A,D,2,C,"(2, 5, 9)",ii,D,F,C,44.375,15.0
356,D,D,3,C,"(2, 5, 9)",ii,D,F,C,44.5,15.0
357,D,D,3,C,"(2, 5, 9)",ii,D,F,C,44.625,15.0
358,D,D,3,C,"(2, 5, 9)",ii,D,A,C,44.75,15.0
359,D,D,3,C,"(2, 5, 9)",ii,D,A,C,44.875,15.0
360,D,G,0,C,"(2, 7, 11)",V,G,B,C,45.0,16.0
361,D,G,1,C,"(2, 7, 11)",V,G,B,C,45.125,16.0
362,D,G,2,C,"(2, 7, 11)",V,G,B,C,45.25,16.0
363,D,G,2,C,"(2, 7, 11)",V,G,B,C,45.375,16.0
364,D,G,3,C,"(2, 7, 11)",V,G,B,C,45.5,16.0
365,D,G,3,C,"(2, 7, 11)",V,G,B,C,45.625,16.0
366,D,G,3,C,"(2, 7, 11)",V,G,B,C,45.75,16.0
367,D,G,3,C,"(2, 7, 11)",V,G,B,C,45.875,16.0
368,D,G,4,C,"(2, 7, 11)",V,G,B,C,46.0,16.0
369,D,G,4,C,"(2, 7, 11)",V,G,B,C,46.125,16.0
370,D,G,4,C,"(2, 7, 11)",V,G,B,C,46.25,16.0
371,D,G,4,C,"(2, 7, 11)",V,G,B,C,46.375,16.0
372,D,G,4,C,"(2, 7, 11)",V,G,B,C,46.5,16.0
373,D,G,4,C,"(2, 7, 11)",V,G,B,C,46.625,16.0
374,D,G,4,C,"(2, 7, 11)",V,G,B,C,46.75,16.0
375,D,G,4,C,"(2, 7, 11)",V,G,B,C,46.875,16.0
376,D,G,0,C,"(2, 7, 11)",V,G,B,C,47.0,16.0
377,D,G,1,C,"(2, 7, 11)",V,G,B,C,47.125,16.0
378,D,G,2,C,"(2, 7, 11)",V,G,B,C,47.25,16.0
379,D,G,2,C,"(2, 7, 11)",V,G,B,C,47.375,16.0
380,D,G,3,C,"(2, 7, 11)",V,G,B,C,47.5,16.0
381,D,G,3,C,"(2, 7, 11)",V,G,B,C,47.625,16.0
382,D,G,3,C,"(2, 7, 11)",V,G,B,C,47.75,16.0
383,D,G,3,C,"(2, 7, 11)",V,G,B,C,47.875,16.0
384,G,C,0,C,"(0, 4, 7)",I,C,E,C,48.0,17.0
385,G,C,1,C,"(0, 4, 7)",I,C,E,C,48.125,17.0
386,G,C,2,C,"(0, 4, 7)",I,C,E,C,48.25,17.0
387,G,C,2,C,"(0, 4, 7)",I,C,E,C,48.375,17.0
388,G,C,3,C,"(0, 4, 7)",I,C,E,C,48.5,17.0
389,G,C,3,C,"(0, 4, 7)",I,C,E,C,48.625,17.0
390,G,C,3,C,"(0, 4, 7)",I,C,E,C,48.75,17.0
391,G,C,3,C,"(0, 4, 7)",I,C,E,C,48.875,17.0
392,G,C,4,C,"(0, 4, 7)",I,C,E,C,49.0,17.0
393,G,C,4,C,"(0, 4, 7)",I,C,E,C,49.125,17.0
394,G,C,4,C,"(0, 4, 7)",I,C,E,C,49.25,17.0
395,G,C,4,C,"(0, 4, 7)",I,C,E,C,49.375,17.0
396,E,A,0,C,"(1, 4, 9)",V,A,C#,d,49.5,17.0
397,E,A,1,C,"(1, 4, 9)",V,A,C#,d,49.625,17.0
398,E,A,2,C,"(1, 4, 9)",V,A,C#,d,49.75,17.0
399,E,A,2,C,"(1, 4, 9)",V,A,C#,d,49.875,17.0
400,A,D,0,C,"(2, 5, 9)",ii,D,F,C,50.0,17.0
401,A,D,1,C,"(2, 5, 9)",ii,D,F,C,50.125,17.0
402,A,D,2,C,"(2, 5, 9)",ii,D,F,C,50.25,17.0
403,A,D,3,C,"(2, 5, 9)",ii,D,F,C,50.375,17.0
404,A,D,4,C,"(2, 5, 9)",ii,D,F,C,50.5,17.0
405,A,D,4,C,"(2, 5, 9)",ii,D,F,C,50.625,17.0
406,A,D,4,C,"(2, 5, 9)",ii,D,F,C,50.75,17.0
407,A,D,4,C,"(2, 5, 9)",ii,D,F,C,50.875,17.0
408,D,G,0,C,"(2, 5, 7, 11)",V7,F,B,C,51.0,18.0
409,D,G,1,C,"(2, 5, 7, 11)",V7,F,B,C,51.125,18.0
410,D,G,2,C,"(2, 5, 7, 11)",V7,F,B,C,51.25,18.0
411,D,G,2,C,"(2, 5, 7, 11)",V7,F,B,C,51.375,18.0
412,D,G,3,C,"(0, 4, 7)",I,C,C,C,51.5,18.0
413,D,G,3,C,"(0, 4, 7)",I,C,C,C,51.625,18.0
414,D,G,3,C,"(0, 4, 7)",I,C,C,C,51.75,18.0
415,D,G,3,C,"(0, 4, 7)",I,C,C,C,51.875,18.0
416,D,G,4,C,"(0, 4, 7)",I,C,B,C,52.0,18.0
417,D,G,1,C,"(0, 4, 7)",I,C,B,C,52.125,18.0
418,D,G,2,C,"(0, 4, 7)",I,C,B,C,52.25,18.0
419,D,G,2,C,"(0, 4, 7)",I,C,B,C,52.375,18.0
420,D,F,0,C,"(2, 5, 7, 11)",V7,D,B,C,52.5,18.0
421,D,F,1,C,"(2, 5, 7, 11)",V7,D,B,C,52.625,18.0
422,D,F,2,C,"(2, 5, 7, 11)",V7,D,B,C,52.75,18.0
423,D,F,2,C,"(2, 5, 7, 11)",V7,D,B,C,52.875,18.0
424,C,E,0,C,"(0, 4, 7)",I,C,G,C,53.0,18.0
425,C,E,1,C,"(0, 4, 7)",I,C,G,C,53.125,18.0
426,C,E,2,C,"(0, 4, 7)",I,C,G,C,53.25,18.0
427,C,E,2,C,"(0, 4, 7)",I,C,G,C,53.375,18.0
428,B-,E,0,C,"(1, 4, 7, 10)",V7,C#,G,d,53.5,18.0
429,B-,E,1,C,"(1, 4, 7, 10)",viio7,C#,G,d,53.625,18.0
430,B-,E,2,C,"(1, 4, 7, 10)",viio7,C#,G,d,53.75,18.0
431,B-,E,2,C,"(1, 4, 7, 10)",viio7,C#,G,d,53.875,18.0
432,A,F,0,C,"(2, 5, 9)",V,D,A,C,54.0,19.0
433,D,F,1,C,"(2, 5, 9)",ii,D,A,C,54.125,19.0
434,D,F,2,C,"(2, 5, 9)",ii,D,A,C,54.25,19.0
435,D,F,2,C,"(2, 5, 9)",ii,D,A,C,54.375,19.0
436,D,F,3,C,"(2, 5, 9)",ii,D,A,C,54.5,19.0
437,D,F,3,C,"(2, 5, 9)",ii,D,A,C,54.625,19.0
438,D,F,3,C,"(2, 5, 9)",ii,D,A,C,54.75,19.0
439,D,F,3,C,"(2, 5, 9)",ii,D,A,C,54.875,19.0
440,D,F,4,C,"(2, 5, 9)",ii,D,A,C,55.0,19.0
441,D,F,4,C,"(2, 5, 9)",ii,D,A,C,55.125,19.0
442,D,F,4,C,"(2, 5, 9)",ii,D,A,C,55.25,19.0
443,D,F,4,C,"(2, 5, 9)",ii,D,A,C,55.375,19.0
444,D,G,0,C,"(0, 4, 7)",I,C,C,C,55.5,19.0
445,D,G,1,C,"(0, 4, 7)",I,C,C,C,55.625,19.0
446,D,G,2,C,"(0, 4, 7)",I,C,C,C,55.75,19.0
447,D,G,2,C,"(0, 4, 7)",I,C,C,C,55.875,19.0
448,D,G,3,C,"(2, 5, 7, 11)",V7,F,B,C,56.0,19.0
449,D,G,3,C,"(2, 5, 7, 11)",V7,F,B,C,56.125,19.0
450,D,G,3,C,"(2, 5, 7, 11)",V7,F,B,C,56.25,19.0
451,D,G,3,C,"(2, 5, 7, 11)",V7,F,B,C,56.375,19.0
452,D,G,4,C,"(2, 5, 7, 11)",V7,F,B,C,56.5,19.0
453,D,G,1,C,"(2, 5, 7, 11)",V7,F,B,C,56.625,19.0
454,D,G,2,C,"(2, 5, 7, 11)",V7,F,B,C,56.75,19.0
455,D,G,2,C,"(2, 5, 7, 11)",V7,F,B,C,56.875,19.0
456,G,C,0,C,"(0, 4, 7)",I,C,E,C,57.0,20.0
457,G,C,1,C,"(0, 4, 7)",I,C,E,C,57.125,20.0
458,G,C,2,C,"(0, 4, 7)",I,C,E,C,57.25,20.0
459,G,C,2,C,"(0, 4, 7)",I,C,E,C,57.375,20.0
460,G,C,3,C,"(0, 4, 7)",I,C,E,C,57.5,20.0
461,G,C,3,C,"(0, 4, 7)",I,C,E,C,57.625,20.0
462,G,C,3,C,"(0, 4, 7)",I,C,E,C,57.75,20.0
463,G,C,3,C,"(0, 4, 7)",I,C,E,C,57.875,20.0
464,G,C,4,C,"(0, 4, 7)",I,C,E,C,58.0,20.0
465,G,C,4,C,"(0, 4, 7)",I,C,E,C,58.125,20.0
466,G,C,4,C,"(0, 4, 7)",I,C,E,C,58.25,20.0
467,G,C,4,C,"(0, 4, 7)",I,C,E,C,58.375,20.0
468,G,C,0,C,"(0, 4, 7)",I,C,E,C,58.5,20.0
469,G,C,1,C,"(0, 4, 7)",I,C,E,C,58.625,20.0
470,G,C,4,C,"(0, 4, 7)",I,C,E,C,58.75,20.0
471,G,C,4,C,"(0, 4, 7)",I,C,E,C,58.875,20.0
472,G,C,3,C,"(0, 4, 7)",I,C,E,C,59.0,20.0
473,G,C,3,C,"(0, 4, 7)",I,C,E,C,59.125,20.0
474,G,C,3,C,"(0, 4, 7)",I,C,E,C,59.25,20.0
475,G,C,3,C,"(0, 4, 7)",I,C,E,C,59.375,20.0
476,G,C,4,C,"(0, 4, 7)",I,C,E,C,59.5,20.0
477,G,C,4,C,"(0, 4, 7)",I,C,E,C,59.625,20.0
478,G,C,4,C,"(0, 4, 7)",I,C,E,C,59.75,20.0
479,G,C,4,C,"(0, 4, 7)",I,C,E,C,59.875,20.0
480,G,E,0,C,"(0, 4, 7)",I,C,G,C,60.0,21.0
481,G,E,1,C,"(0, 4, 7)",I,C,G,C,60.125,21.0
482,G,E,2,C,"(0, 4, 7)",I,C,G,C,60.25,21.0
483,G,E,2,C,"(0, 4, 7)",I,C,G,C,60.375,21.0
484,G,E,3,C,"(0, 4, 7)",I,C,G,C,60.5,21.0
485,G,E,3,C,"(0, 4, 7)",I,C,G,C,60.625,21.0
486,G,E,3,C,"(0, 4, 7)",I,C,G,C,60.75,21.0
487,G,E,3,C,"(0, 4, 7)",I,C,G,C,60.875,21.0
488,G,E,4,C,"(0, 4, 7)",I,C,G,C,61.0,21.0
489,G,E,4,C,"(0, 4, 7)",I,C,G,C,61.125,21.0
490,G,E,4,C,"(0, 4, 7)",I,C,G,C,61.25,21.0
491,G,E,4,C,"(0, 4, 7)",I,C,G,C,61.375,21.0
492,G,C,4,C,"(0, 4, 7)",I,C,G,C,61.5,21.0
493,G,C,4,C,"(0, 4, 7)",I,C,G,C,61.625,21.0
494,G,C,4,C,"(0, 4, 7)",I,C,G,C,61.75,21.0
495,G,C,4,C,"(0, 4, 7)",I,C,G,C,61.875,21.0
496,G,C,5,C,"(0, 4, 7)",I,C,G,C,62.0,21.0
497,G,C,5,C,"(0, 4, 7)",I,C,G,C,62.125,21.0
498,G,C,5,C,"(0, 4, 7)",I,C,G,C,62.25,21.0
499,G,C,5,C,"(0, 4, 7)",I,C,G,C,62.375,21.0
500,G,B-,0,C,"(2, 7, 10)",ii,G,G,C,62.5,21.0
501,G,B-,1,C,"(2, 7, 10)",ii,G,G,C,62.625,21.0
502,G,B-,2,C,"(2, 7, 10)",ii,G,G,C,62.75,21.0
503,G,B-,5,C,"(2, 7, 10)",ii,G,G,C,62.875,21.0
504,E,A,0,C,"(1, 4, 7, 9)",V7,G,C#,d,63.0,22.0
505,E,A,1,C,"(1, 4, 7, 9)",V7,G,C#,d,63.125,22.0
506,E,A,2,C,"(1, 4, 7, 9)",V7,G,C#,d,63.25,22.0
507,E,A,2,C,"(1, 4, 7, 9)",V7,G,C#,d,63.375,22.0
508,E,A,3,C,"(1, 4, 7, 9)",V7,G,C#,d,63.5,22.0
509,E,A,3,C,"(1, 4, 7, 9)",V7,G,C#,d,63.625,22.0
510,E,A,3,C,"(1, 4, 7, 9)",V7,G,C#,d,63.75,22.0
511,E,A,3,C,"(1, 4, 7, 9)",V7,G,C#,d,63.875,22.0
512,E,A,4,C,"(1, 4, 7, 9)",V7,G,C#,d,64.0,22.0
513,E,A,4,C,"(1, 4, 7, 9)",V7,G,C#,d,64.125,22.0
514,E,A,4,C,"(1, 4, 7, 9)",V7,G,C#,d,64.25,22.0
515,E,A,4,C,"(1, 4, 7, 9)",V7,G,C#,d,64.375,22.0
516,E,A,0,C,"(2, 5, 9)",ii,G,C#,d,64.5,22.0
517,E,A,1,C,"(2, 5, 9)",ii,G,C#,d,64.625,22.0
518,E,A,4,C,"(2, 5, 9)",ii,G,C#,d,64.75,22.0
519,E,A,4,C,"(2, 5, 9)",ii,G,C#,d,64.875,22.0
520,E,A,3,C,"(1, 4, 7, 9)",V7,G,C#,d,65.0,22.0
521,E,A,3,C,"(1, 4, 7, 9)",V7,G,C#,d,65.125,22.0
522,E,A,3,C,"(1, 4, 7, 9)",V7,G,C#,d,65.25,22.0
523,E,A,3,C,"(1, 4, 7, 9)",V7,G,C#,d,65.375,22.0
524,E,A,0,C,"(1, 4, 7, 9)",V7,G,C#,d,65.5,22.0
525,E,A,4,C,"(1, 4, 7, 9)",V7,G,C#,d,65.625,22.0
526,E,A,2,C,"(1, 4, 7, 9)",V7,G,C#,d,65.75,22.0
527,E,A,2,C,"(1, 4, 7, 9)",V7,G,C#,d,65.875,22.0
528,A,D,0,C,"(2, 5, 9)",ii,D,F,C,66.0,23.0
529,A,D,1,C,"(2, 5, 9)",ii,D,F,C,66.125,23.0
530,A,D,2,C,"(2, 5, 9)",ii,D,F,C,66.25,23.0
531,A,D,2,C,"(2, 5, 9)",ii,D,F,C,66.375,23.0
532,A,D,3,C,"(2, 5, 9)",ii,D,F,C,66.5,23.0
533,A,D,3,C,"(2, 5, 9)",ii,D,F,C,66.625,23.0
534,A,D,3,C,"(2, 5, 9)",ii,D,F,C,66.75,23.0
535,A,D,3,C,"(2, 5, 9)",ii,D,F,C,66.875,23.0
536,A,D,4,C,"(2, 5, 9)",ii,D,F,C,67.0,23.0
537,A,D,4,C,"(2, 5, 9)",ii,D,F,C,67.125,23.0
538,A,D,4,C,"(2, 5, 9)",ii,D,F,C,67.25,23.0
539,A,D,4,C,"(2, 5, 9)",ii,D,F,C,67.375,23.0
540,F,D,4,C,"(2, 5, 9)",ii,D,F,C,67.5,23.0
541,F,D,4,C,"(2, 5, 9)",ii,D,F,C,67.625,23.0
542,F,D,4,C,"(2, 5, 9)",ii,D,F,C,67.75,23.0
543,F,D,4,C,"(2, 5, 9)",ii,D,F,C,67.875,23.0
544,F,B,5,C,"(2, 5, 11)",viio,D,F,C,68.0,23.0
545,F,B,5,C,"(2, 5, 11)",viio,B,D,C,68.125,23.0
546,F,B,5,C,"(2, 5, 11)",viio,D,D,C,68.25,23.0
547,F,B,5,C,"(2, 5, 11)",viio,D,D,C,68.375,23.0
548,F,D,0,C,"(2, 5, 8, 11)",viio7,F,F,C,68.5,23.0
549,F,D,1,C,"(2, 5, 8, 11)",viio7,F,F,C,68.625,23.0
550,F,D,5,C,"(2, 5, 8, 11)",viio7,F,F,C,68.75,23.0
551,F,D,5,C,"(2, 5, 8, 11)",viio7,F,F,C,68.875,23.0
552,D,G,0,C,"(2, 5, 7, 11)",V7,F,B,C,69.0,24.0
553,D,G,1,C,"(2, 5, 7, 11)",V7,F,B,C,69.125,24.0
554,D,G,2,C,"(2, 5, 7, 11)",V7,F,B,C,69.25,24.0
555,D,G,2,C,"(2, 5, 7, 11)",V7,F,B,C,69.375,24.0
556,D,G,3,C,"(2, 5, 7, 11)",V7,F,B,C,69.5,24.0
557,D,G,3,C,"(2, 5, 7, 11)",V7,F,B,C,69.625,24.0
558,D,G,3,C,"(2, 5, 7, 11)",V7,F,B,C,69.75,24.0
559,D,G,3,C,"(2, 5, 7, 11)",V7,F,B,C,69.875,24.0
560,D,G,4,C,"(2, 5, 7, 11)",V7,F,B,C,70.0,24.0
561,D,G,4,C,"(2, 5, 7, 11)",V7,F,B,C,70.125,24.0
562,D,G,4,C,"(2, 5, 7, 11)",V7,F,B,C,70.25,24.0
563,D,G,4,C,"(2, 5, 7, 11)",V7,F,B,C,70.375,24.0
564,D,G,4,C,"(2, 5, 7, 11)",V7,C,B,C,70.5,24.0
565,D,G,1,C,"(2, 5, 7, 11)",V7,C,B,C,70.625,24.0
566,D,G,4,C,"(2, 5, 7, 11)",V7,C,B,C,70.75,24.0
567,D,G,4,C,"(2, 5, 7, 11)",V7,C,B,C,70.875,24.0
568,D,G,0,C,"(2, 5, 7, 11)",V7,F,B,C,71.0,24.0
569,D,G,1,C,"(2, 5, 7, 11)",V7,F,B,C,71.125,24.0
570,D,G,2,C,"(2, 5, 7, 11)",V7,F,B,C,71.25,24.0
571,D,G,2,C,"(2, 5, 7, 11)",V7,F,B,C,71.375,24.0
572,D,G,0,C,"(2, 5, 7, 11)",V7,F,B,C,71.5,24.0
573,D,G,1,C,"(2, 5, 7, 11)",V7,F,B,C,71.625,24.0
574,D,G,2,C,"(2, 5, 7, 11)",V7,F,B,C,71.75,24.0
575,D,G,2,C,"(2, 5, 7, 11)",V7,F,B,C,71.875,24.0
576,G,C,0,C,"(0, 4, 7)",I,C,E,C,72.0,25.0
577,G,C,1,C,"(0, 4, 7)",I,C,E,C,72.125,25.0
578,G,C,2,C,"(0, 4, 7)",I,C,E,C,72.25,25.0
579,G,C,2,C,"(0, 4, 7)",I,C,E,C,72.375,25.0
580,G,C,3,C,"(0, 4, 7)",I,C,E,C,72.5,25.0
581,G,C,3,C,"(0, 4, 7)",I,C,E,C,72.625,25.0
582,G,C,3,C,"(0, 4, 7)",I,C,E,C,72.75,25.0
583,G,C,3,C,"(0, 4, 7)",I,C,E,C,72.875,25.0
584,G,C,0,C,"(0, 4, 7)",I,F,E,C,73.0,25.0
585,G,C,1,C,"(0, 5, 9)",I,F,E,C,73.125,25.0
586,G,C,2,C,"(0, 5, 9)",I,F,E,C,73.25,25.0
587,G,C,2,C,"(0, 5, 9)",I,F,E,C,73.375,25.0
588,G,C,0,C,"(0, 4, 7)",I,C,E,C,73.5,25.0
589,G,C,1,C,"(0, 4, 7)",I,C,E,C,73.625,25.0
590,G,C,4,C,"(0, 4, 7)",I,C,E,C,73.75,25.0
591,G,C,4,C,"(0, 4, 7)",I,C,E,C,73.875,25.0
592,G,C,0,C,"(0, 2, 5, 9)",ii7,C,E,C,74.0,25.0
593,G,C,1,C,"(0, 2, 5, 9)",ii7,C,E,C,74.125,25.0
594,G,C,2,C,"(0, 2, 5, 9)",ii7,C,E,C,74.25,25.0
595,G,C,2,C,"(0, 2, 5, 9)",ii7,C,E,C,74.375,25.0
596,G,C,0,C,"(0, 4, 7)",I,C,E,C,74.5,25.0
597,G,C,1,C,"(0, 4, 7)",I,C,E,C,74.625,25.0
598,G,C,2,C,"(0, 4, 7)",I,C,E,C,74.75,25.0
599,G,C,2,C,"(0, 4, 7)",I,C,E,C,74.875,25.0
600,E,A,0,C,"(0, 4, 7)",I,C,C,C,75.0,26.0
601,E,A,1,C,"(0, 4, 7)",I,C,C,C,75.125,26.0
602,E,A,2,C,"(0, 4, 7)",I,C,C,C,75.25,26.0
603,E,A,2,C,"(0, 4, 7)",I,C,C,C,75.375,26.0
604,E,G,3,C,"(0, 4, 7)",I,C,C,C,75.5,26.0
605,E,C,3,C,"(0, 4, 7)",I,C,C,C,75.625,26.0
606,E,C,3,C,"(0, 4, 7)",I,C,C,C,75.75,26.0
607,E,C,3,C,"(0, 4, 7)",I,C,C,C,75.875,26.0
608,E,G,4,C,"(0, 4, 7)",I,C,C,C,76.0,26.0
609,E,G,4,C,"(0, 4, 7)",I,C,C,C,76.125,26.0
610,E,G,4,C,"(0, 4, 7)",I,C,C,C,76.25,26.0
611,E,G,4,C,"(0, 4, 7)",I,C,C,C,76.375,26.0
612,G,C,0,C,"(0, 4, 7)",I,C,C,C,76.5,26.0
613,G,C,1,C,"(0, 4, 7)",I,C,E,C,76.625,26.0
614,G,C,2,C,"(0, 4, 7)",I,C,E,C,76.75,26.0
615,G,C,2,C,"(0, 4, 7)",I,C,E,C,76.875,26.0
616,G,C,3,C,"(0, 4, 7)",I,C,E,C,77.0,26.0
617,G,C,3,C,"(0, 4, 7)",I,C,E,C,77.125,26.0
618,G,C,3,C,"(0, 4, 7)",I,C,E,C,77.25,26.0
619,G,C,3,C,"(0, 4, 7)",I,C,E,C,77.375,26.0
620,G,C,4,C,"(0, 4, 7)",I,C,E,C,77.5,26.0
621,G,C,4,C,"(0, 4, 7)",I,C,E,C,77.625,26.0
622,G,C,4,C,"(0, 4, 7)",I,C,E,C,77.75,26.0
623,G,C,4,C,"(0, 4, 7)",I,C,E,C,77.875,26.0
624,C,F,0,C,"(0, 5, 9)",IV,F,A,C,78.0,27.0
625,C,F,1,C,"(0, 5, 9)",IV,F,A,C,78.125,27.0
626,C,F,2,C,"(0, 5, 9)",IV,F,A,C,78.25,27.0
627,C,F,2,C,"(0, 5, 9)",IV,F,A,C,78.375,27.0
628,D,F,3,C,"(2, 5, 9)",ii,D,A,C,78.5,27.0
629,D,F,1,C,"(2, 5, 9)",ii,D,A,C,78.625,27.0
630,D,F,2,C,"(2, 5, 9)",ii,D,A,C,78.75,27.0
631,D,F,3,C,"(2, 5, 9)",ii,D,A,C,78.875,27.0
632,D,G,0,C,"(2, 5, 7, 11)",V7,F,B,C,79.0,27.0
633,D,G,1,C,"(2, 5, 7, 11)",V7,F,B,C,79.125,27.0
634,D,G,2,C,"(2, 5, 7, 11)",V7,F,B,C,79.25,27.0
635,D,G,2,C,"(2, 5, 7, 11)",V7,F,B,C,79.375,27.0
636,D,G,0,C,"(0, 4, 7)",I,C,B,C,79.5,27.0
637,D,G,1,C,"(0, 4, 7)",I,C,B,C,79.625,27.0
638,D,G,2,C,"(0, 4, 7)",I,C,B,C,79.75,27.0
639,E,G,3,C,"(0, 4, 7)",I,C,B,C,79.875,27.0
640,D,G,0,C,"(2, 5, 7, 11)",V,C,B,C,80.0,27.0
641,D,G,1,C,"(2, 5, 7, 11)",V,C,B,C,80.125,27.0
642,D,G,2,C,"(2, 5, 7, 11)",V,C,B,C,80.25,27.0
643,D,G,5,C,"(2, 5, 7, 11)",V,C,B,C,80.375,27.0
644,D,G,0,C,"(2, 5, 7, 11)",V7,F,B,C,80.5,27.0
645,D,G,1,C,"(2, 5, 7, 11)",V7,F,B,C,80.625,27.0
646,D,G,2,C,"(2, 5, 7, 11)",V7,F,B,C,80.75,27.0
647,D,G,2,C,"(2, 5, 7, 11)",V7,F,B,C,80.875,27.0
648,G,C,0,C,"(2, 5, 7, 11)",V7,F,E,C,81.0,28.0
649,G,C,1,C,"(2, 5, 7, 11)",V7,F,B,C,81.125,28.0
650,G,C,2,C,"(2, 5, 7, 11)",V7,F,E,C,81.25,28.0
651,G,C,2,C,"(2, 5, 7, 11)",V7,F,E,C,81.375,28.0
652,G,G,3,C,"(2, 5, 7, 11)",V7,F,B,C,81.5,28.0
653,G,G,3,C,"(2, 5, 7, 11)",V7,F,B,C,81.625,28.0
654,G,G,3,C,"(2, 5, 7, 11)",V7,F,B,C,81.75,28.0
655,G,G,3,C,"(2, 5, 7, 11)",V7,F,B,C,81.875,28.0
656,G,C,0,C,"(0, 4, 7)",I,C,E,C,82.0,28.0
657,G,C,1,C,"(0, 4, 7)",I,C,E,C,82.125,28.0
658,G,C,2,C,"(0, 4, 7)",I,C,E,C,82.25,28.0
659,G,C,2,C,"(0, 4, 7)",I,C,E,C,82.375,28.0
660,G,C,3,C,"(0, 4, 7)",I,C,E,C,82.5,28.0
661,G,C,3,C,"(0, 4, 7)",I,C,E,C,82.625,28.0
662,G,C,3,C,"(0, 4, 7)",I,C,E,C,82.75,28.0
663,G,C,3,C,"(0, 4, 7)",I,C,E,C,82.875,28.0
664,G,C,5,C,"(0, 4, 7)",I,C,E,C,83.0,28.0
665,G,C,5,C,"(0, 4, 7)",I,C,E,C,83.125,28.0
666,G,C,5,C,"(0, 4, 7)",I,C,E,C,83.25,28.0
667,G,C,5,C,"(0, 4, 7)",I,C,E,C,83.375,28.0
668,G,C,5,C,"(0, 4, 7)",I,C,E,C,83.5,28.0
669,G,C,5,C,"(0, 4, 7)",I,C,E,C,83.625,28.0
670,G,C,5,C,"(0, 4, 7)",I,C,E,C,83.75,28.0
671,G,C,5,C,"(0, 4, 7)",I,C,E,C,83.875,28.0
672,G,C,0,C,"(0, 4, 7)",I,C,E,C,84.0,29.0
673,G,C,1,C,"(0, 4, 7)",I,C,E,C,84.125,29.0
674,G,C,2,C,"(0, 4, 7)",I,C,E,C,84.25,29.0
675,G,C,2,C,"(0, 4, 7)",I,C,E,C,84.375,29.0
676,G,C,3,C,"(0, 4, 7)",I,C,E,C,84.5,29.0
677,G,C,3,C,"(0, 4, 7)",I,C,E,C,84.625,29.0
678,G,C,3,C,"(0, 4, 7)",I,C,E,C,84.75,29.0
679,G,C,3,C,"(0, 4, 7)",I,C,E,C,84.875,29.0
680,G,C,4,C,"(0, 4, 7)",I,C,E,C,85.0,29.0
681,G,C,4,C,"(0, 4, 7)",I,C,E,C,85.125,29.0
682,G,C,4,C,"(0, 4, 7)",I,C,E,C,85.25,29.0
683,G,C,4,C,"(0, 4, 7)",I,C,E,C,85.375,29.0
684,G,C#,0,C,"(1, 4, 7, 9)",V7,A,E,C,85.5,29.0
685,G,C#,1,C,"(1, 4, 7, 9)",V7,A,E,C,85.625,29.0
686,G,C#,4,C,"(1, 4, 7, 9)",V7,A,E,C,85.75,29.0
687,G,C#,2,C,"(1, 4, 7, 9)",V7,A,E,C,85.875,29.0
688,A,D,0,C,"(2, 6, 9)",ii,D,F#,C,86.0,29.0
689,A,D,1,C,"(2, 6, 9)",V7,D,F#,C,86.125,29.0
690,A,D,2,C,"(2, 6, 9)",V7,D,F#,C,86.25,29.0
691,A,D,2,C,"(2, 6, 9)",V7,D,F#,C,86.375,29.0
692,A,D,3,C,"(2, 6, 9)",V7,D,F#,G,86.5,29.0
693,A,D,3,C,"(2, 6, 9)",V7,D,F#,G,86.625,29.0
694,A,D,3,C,"(2, 6, 9)",V7,D,F#,G,86.75,29.0
695,A,D,3,C,"(2, 6, 9)",V7,D,F#,G,86.875,29.0
696,D,G,0,C,"(2, 7, 11)",V,G,B,C,87.0,30.0
697,D,G,1,C,"(2, 7, 11)",V,G,B,C,87.125,30.0
698,D,G,2,C,"(2, 7, 11)",V,G,B,C,87.25,30.0
699,D,G,2,C,"(2, 7, 11)",V,G,B,C,87.375,30.0
700,D,G,3,C,"(2, 7, 11)",V,G,B,C,87.5,30.0
701,D,G,3,C,"(2, 7, 11)",V,G,B,C,87.625,30.0
702,D,G,3,C,"(2, 7, 11)",V,G,B,C,87.75,30.0
703,D,G,3,C,"(2, 7, 11)",V,G,B,C,87.875,30.0
704,D,G,4,C,"(2, 7, 11)",V,G,B,C,88.0,30.0
705,D,G,4,C,"(2, 7, 11)",V,G,B,C,88.125,30.0
706,D,G,4,C,"(2, 7, 11)",V,G,B,C,88.25,30.0
707,D,G,4,C,"(2, 7, 11)",V,G,B,C,88.375,30.0
708,D,G,4,C,"(2, 7, 11)",V,G,B,C,88.5,30.0
709,D,G,4,C,"(2, 7, 11)",V,G,B,C,88.625,30.0
710,D,G,4,C,"(2, 7, 11)",V,G,B,C,88.75,30.0
711,D,G,4,C,"(2, 7, 11)",V,G,B,C,88.875,30.0
712,D,G,5,C,"(2, 7, 11)",V,G,B,C,89.0,30.0
713,D,G,5,C,"(2, 7, 11)",V,G,B,C,89.125,30.0
714,D,G,5,C,"(2, 7, 11)",V,G,B,C,89.25,30.0
715,D,G,5,C,"(2, 7, 11)",V,G,B,C,89.375,30.0
716,D,G,5,C,"(2, 7, 11)",V,G,B,C,89.5,30.0
717,D,G,5,C,"(2, 7, 11)",V,G,B,C,89.625,30.0
718,D,G,5,C,"(2, 7, 11)",V,G,B,C,89.75,30.0
719,D,G,5,C,"(2, 7, 11)",V,G,B,C,89.875,30.0
720,G,C,0,C,"(0, 4, 7)",I,C,E,C,90.0,31.0
721,G,C,1,C,"(0, 4, 7)",I,C,E,C,90.125,31.0
722,G,C,2,C,"(0, 4, 7)",I,C,E,C,90.25,31.0
723,G,C,2,C,"(0, 4, 7)",I,C,E,C,90.375,31.0
724,G,C,3,C,"(0, 4, 7)",I,C,E,C,90.5,31.0
725,G,C,3,C,"(0, 4, 7)",I,C,E,C,90.625,31.0
726,G,C,3,C,"(0, 4, 7)",I,C,E,C,90.75,31.0
727,G,C,3,C,"(0, 4, 7)",I,C,E,C,90.875,31.0
728,G,C,4,C,"(0, 4, 7)",I,C,E,C,91.0,31.0
729,G,C,4,C,"(0, 4, 7)",I,C,E,C,91.125,31.0
730,G,C,4,C,"(0, 4, 7)",I,C,E,C,91.25,31.0
731,G,C,4,C,"(0, 4, 7)",I,C,E,C,91.375,31.0
732,G,C,4,C,"(0, 4, 7)",I,C,E,C,91.5,31.0
733,G,C,4,C,"(0, 4, 7)",I,C,E,C,91.625,31.0
734,G,C,4,C,"(0, 4, 7)",I,C,E,C,91.75,31.0
735,G,C,4,C,"(0, 4, 7)",I,C,E,C,91.875,31.0
736,D,D,0,C,"(2, 5, 9)",ii,D,F,C,92.0,31.0
737,A,D,5,C,"(2, 5, 9)",ii,D,F,C,92.125,31.0
738,A,D,2,C,"(2, 5, 9)",ii,D,F,C,92.25,31.0
739,A,D,5,C,"(2, 5, 9)",ii,D,F,C,92.375,31.0
740,A,D,0,C,"(2, 5, 9)",ii,D,F,C,92.5,31.0
741,A,D,1,C,"(2, 5, 9)",ii,D,F,C,92.625,31.0
742,A,D,2,C,"(2, 5, 9)",ii,D,F,C,92.75,31.0
743,A,D,2,C,"(2, 5, 9)",ii,D,F,C,92.875,31.0
744,E,G,0,C,"(0, 4, 7)",I,C,C,C,93.0,32.0
745,E,G,1,C,"(0, 4, 7)",I,C,C,C,93.125,32.0
746,E,G,2,C,"(0, 4, 7)",I,C,C,C,93.25,32.0
747,E,G,2,C,"(0, 4, 7)",I,C,C,C,93.375,32.0
748,E,G,3,C,"(0, 4, 7)",I,C,C,C,93.5,32.0
749,E,G,3,C,"(0, 4, 7)",I,C,C,C,93.625,32.0
750,E,G,3,C,"(0, 4, 7)",I,C,C,C,93.75,32.0
751,E,G,3,C,"(0, 4, 7)",I,C,C,C,93.875,32.0
752,D,G#,0,C,"(2, 5, 8, 11)",viio7,F,B,C,94.0,32.0
753,D,G#,1,C,"(2, 5, 8, 11)",viio7,F,B,C,94.125,32.0
754,D,G#,2,C,"(2, 5, 8, 11)",viio7,F,B,C,94.25,32.0
755,D,G#,2,C,"(2, 5, 8, 11)",viio7,F,B,C,94.375,32.0
756,D,G#,3,C,"(2, 4, 8, 11)",viio7,E,B,a,94.5,32.0
757,D,G#,3,C,"(2, 4, 8, 11)",viio7,E,B,a,94.625,32.0
758,D,G#,3,C,"(2, 4, 8, 11)",viio7,E,B,a,94.75,32.0
759,D,G#,3,C,"(2, 4, 8, 11)",viio7,E,B,a,94.875,32.0
760,E,A,0,C,"(0, 4, 9)",V7,A,C,C,95.0,32.0
761,E,A,1,C,"(0, 4, 9)",V7,A,C,C,95.125,32.0
762,E,A,2,C,"(0, 4, 9)",V7,E,C,C,95.25,32.0
763,E,A,2,C,"(0, 4, 9)",V7,E,C,C,95.375,32.0
764,E,G,0,C,"(1, 4, 7, 10)",viio7,E,B-,d,95.5,32.0
765,E,G,1,C,"(1, 4, 7, 10)",viio7,G,B-,d,95.625,32.0
766,E,G,3,C,"(1, 4, 7, 10)",viio7,G,B-,d,95.75,32.0
767,E,G,2,C,"(1, 4, 7, 10)",viio7,G,B-,d,95.875,32.0
768,D,F,0,C,"(2, 5, 9)",ii,D,A,C,96.0,33.0
769,D,F,1,C,"(2, 5, 9)",ii,D,A,C,96.125,33.0
770,D,F,2,C,"(2, 5, 9)",ii,D,A,C,96.25,33.0
771,D,F,2,C,"(2, 5, 9)",ii,D,A,C,96.375,33.0
772,D,F,3,C,"(2, 5, 9)",ii,D,A,C,96.5,33.0
773,D,F,3,C,"(2, 5, 9)",ii,D,A,C,96.625,33.0
774,D,F,3,C,"(2, 5, 9)",ii,D,A,C,96.75,33.0
775,D,F,3,C,"(2, 5, 9)",ii,D,A,C,96.875,33.0
776,D,G,0,C,"(0, 4, 7)",Cad,C,B,C,97.0,33.0
777,D,G,1,C,"(0, 4, 7)",Cad,C,C,C,97.125,33.0
778,D,G,2,C,"(0, 4, 7)",Cad,C,C,C,97.25,33.0
779,D,G,2,C,"(0, 4, 7)",Cad,C,C,C,97.375,33.0
780,D,G,3,C,"(0, 4, 7)",I,C,B,C,97.5,33.0
781,D,G,3,C,"(0, 4, 7)",I,C,B,C,97.625,33.0
782,D,G,3,C,"(0, 4, 7)",I,C,B,C,97.75,33.0
783,D,G,3,C,"(0, 4, 7)",I,C,B,C,97.875,33.0
784,D,G,0,C,"(2, 5, 7, 11)",V7,F,B,C,98.0,33.0
785,D,G,1,C,"(2, 5, 7, 11)",V7,F,B,C,98.125,33.0
786,D,G,2,C,"(2, 5, 7, 11)",V7,F,B,C,98.25,33.0
787,D,G,2,C,"(2, 5, 7, 11)",V7,F,B,C,98.375,33.0
788,D,G,0,C,"(2, 5, 7, 11)",V7,F,B,C,98.5,33.0
789,D,G,1,C,"(2, 5, 7, 11)",V7,F,B,C,98.625,33.0
790,D,G,3,C,"(2, 5, 7, 11)",V7,F,B,C,98.75,33.0
791,D,G,3,C,"(2, 5, 7, 11)",V7,F,B,C,98.875,33.0
792,G,C,0,C,"(0, 4, 7)",I,C,E,C,99.0,34.0
793,G,C,1,C,"(0, 4, 7)",I,C,E,C,99.125,34.0
794,G,C,2,C,"(0, 4, 7)",I,C,E,C,99.25,34.0
795,G,C,2,C,"(0, 4, 7)",I,C,E,C,99.375,34.0
796,G,C,3,C,"(0, 4, 7)",I,C,E,C,99.5,34.0
797,G,C,3,C,"(0, 4, 7)",I,C,E,C,99.625,34.0
798,G,C,3,C,"(0, 4, 7)",I,C,E,C,99.75,34.0
799,G,C,3,C,"(0, 4, 7)",I,C,E,C,99.875,34.0
800,G,C,4,C,"(0, 4, 7)",I,C,E,C,100.0,34.0
801,G,C,4,C,"(0, 4, 7)",I,C,E,C,100.125,34.0
802,G,C,4,C,"(0, 4, 7)",I,C,E,C,100.25,34.0
803,G,C,4,C,"(0, 4, 7)",I,C,E,C,100.375,34.0
804,G,B,0,C,"(2, 7, 11)",V,G,D,C,100.5,34.0
805,G,B,1,C,"(2, 7, 11)",V,G,D,C,100.625,34.0
806,G,B,2,C,"(2, 7, 11)",V,G,D,C,100.75,34.0
807,G,B,2,C,"(2, 7, 11)",V,G,D,C,100.875,34.0
808,G,C,3,C,"(0, 4, 7)",I,C,E,C,101.0,34.0
809,G,C,3,C,"(0, 4, 7)",I,C,E,C,101.125,34.0
810,G,C,3,C,"(0, 4, 7)",I,C,E,C,101.25,34.0
811,G,C,3,C,"(0, 4, 7)",I,C,E,C,101.375,34.0
812,G,D,0,C,"(2, 5, 7, 11)",V,C,F,C,101.5,34.0
813,G,D,1,C,"(2, 5, 7, 11)",V7,C,F,C,101.625,34.0
814,G,D,4,C,"(2, 5, 7, 11)",V7,C,F,C,101.75,34.0
815,G,D,4,C,"(2, 5, 7, 11)",V7,C,F,C,101.875,34.0
816,G,C,0,C,"(0, 4, 7)",I,C,G,C,102.0,35.0
817,G,C,1,C,"(0, 4, 7)",I,C,G,C,102.125,35.0
818,G,C,2,C,"(0, 4, 7)",I,C,G,C,102.25,35.0
819,G,C,2,C,"(0, 4, 7)",I,C,G,C,102.375,35.0
820,G,C,3,C,"(0, 4, 7)",I,C,G,C,102.5,35.0
821,G,C,3,C,"(0, 4, 7)",I,C,G,C,102.625,35.0
822,G,C,3,C,"(0, 4, 7)",I,C,E,C,102.75,35.0
823,G,C,3,C,"(0, 4, 7)",I,C,E,C,102.875,35.0
824,G,C,4,C,"(0, 4, 7)",I,C,G,C,103.0,35.0
825,G,C,4,C,"(0, 4, 7)",I,C,G,C,103.125,35.0
826,G,C,4,C,"(0, 4, 7)",I,C,G,C,103.25,35.0
827,G,C,4,C,"(0, 4, 7)",I,C,G,C,103.375,35.0
828,G,C,4,C,"(0, 4, 7)",I,C,G,C,103.5,35.0
829,G,C,4,C,"(0, 4, 7)",I,C,G,C,103.625,35.0
830,G,C,4,C,"(0, 4, 7)",I,C,G,C,103.75,35.0
831,G,C,4,C,"(0, 4, 7)",I,C,G,C,103.875,35.0
832,C,C,5,C,"(0, 4, 7)",I,C,G,C,104.0,35.0
833,C,C,5,C,"(0, 4, 7)",I,C,G,C,104.125,35.0
834,C,C,5,C,"(0, 4, 7)",I,C,G,C,104.25,35.0
835,C,C,5,C,"(0, 4, 7)",I,C,G,C,104.375,35.0
836,C,E,5,C,"(0, 4, 7)",I,C,G,C,104.5,35.0
837,C,E,5,C,"(0, 4, 7)",I,C,G,C,104.625,35.0
838,C,E,5,C,"(0, 4, 7)",I,C,G,C,104.75,35.0
839,C,E,5,C,"(0, 4, 7)",I,C,G,C,104.875,35.0
840,C,E,0,C,"(0, 4, 7)",I,C,G,C,105.0,36.0
841,C,E,1,C,"(0, 4, 7)",I,C,G,C,105.125,36.0
842,C,E,2,C,"(0, 4, 7)",I,C,G,C,105.25,36.0
843,C,E,2,C,"(0, 4, 7)",I,C,G,C,105.375,36.0
844,C,E,3,C,"(0, 4, 7)",I,C,G,C,105.5,36.0
845,C,E,3,C,"(0, 4, 7)",I,C,G,C,105.625,36.0
846,C,E,3,C,"(0, 4, 7)",I,C,G,C,105.75,36.0
847,C,E,3,C,"(0, 4, 7)",I,C,G,C,105.875,36.0
848,C,E,4,C,"(0, 4, 7)",I,C,G,C,106.0,36.0
849,C,E,4,C,"(0, 4, 7)",I,C,G,C,106.125,36.0
850,C,E,4,C,"(0, 4, 7)",I,C,G,C,106.25,36.0
851,C,E,4,C,"(0, 4, 7)",I,C,G,C,106.375,36.0
852,G,E,4,C,"(0, 4, 7)",I,C,G,C,106.5,36.0
853,G,E,4,C,"(0, 4, 7)",I,C,G,C,106.625,36.0
854,G,E,4,C,"(0, 4, 7)",I,C,G,C,106.75,36.0
855,G,E,4,C,"(0, 4, 7)",I,C,G,C,106.875,36.0
856,G,C,5,C,"(0, 4, 7)",I,C,E,C,107.0,36.0
857,G,C,5,C,"(0, 4, 7)",I,C,E,C,107.125,36.0
858,G,C,5,C,"(0, 4, 7)",I,C,E,C,107.25,36.0
859,G,C,5,C,"(0, 4, 7)",I,C,E,C,107.375,36.0
860,G,C,5,C,"(0, 4, 7)",I,C,E,C,107.5,36.0
861,G,C,5,C,"(0, 4, 7)",I,C,E,C,107.625,36.0
862,G,C,5,C,"(0, 4, 7)",I,C,E,C,107.75,36.0
863,G,C,5,C,"(0, 4, 7)",I,C,E,C,107.875,36.0
864,G,D,0,C,"(2, 5, 7, 11)",V7,G,F,C,108.0,37.0
865,G,D,1,C,"(2, 5, 7, 11)",V7,G,F,C,108.125,37.0
866,G,D,2,C,"(2, 5, 7, 11)",V7,G,F,C,108.25,37.0
867,G,D,2,C,"(2, 5, 7, 11)",V7,G,F,C,108.375,37.0
868,G,G,3,C,"(2, 5, 7, 11)",V7,G,B,C,108.5,37.0
869,G,G,3,C,"(2, 5, 7, 11)",V7,G,B,C,108.625,37.0
870,G,G,3,C,"(2, 5, 7, 11)",V7,G,B,C,108.75,37.0
871,G,G,3,C,"(2, 5, 7, 11)",V7,G,B,C,108.875,37.0
872,D,G,4,C,"(2, 5, 7, 11)",V7,F,B,C,109.0,37.0
873,D,G,4,C,"(2, 5, 7, 11)",V7,F,B,C,109.125,37.0
874,D,G,4,C,"(2, 5, 7, 11)",V7,F,B,C,109.25,37.0
875,D,G,4,C,"(2, 5, 7, 11)",V7,F,B,C,109.375,37.0
876,D,G,4,C,"(2, 5, 7, 11)",V7,G,B,C,109.5,37.0
877,D,G,4,C,"(2, 5, 7, 11)",V7,G,B,C,109.625,37.0
878,D,G,4,C,"(2, 5, 7, 11)",V7,G,B,C,109.75,37.0
879,D,G,4,C,"(2, 5, 7, 11)",V7,G,B,C,109.875,37.0
880,G,B,5,C,"(2, 5, 7, 11)",V7,G,B,C,110.0,37.0
881,G,B,5,C,"(2, 5, 7, 11)",V7,G,B,C,110.125,37.0
882,G,B,5,C,"(2, 5, 7, 11)",V7,G,B,C,110.25,37.0
883,G,B,5,C,"(2, 5, 7, 11)",V7,G,B,C,110.375,37.0
884,G,C#,5,C,"(1, 4, 7)",V7,C#,E,C,110.5,37.0
885,G,C#,1,C,"(1, 4, 7)",V7,C#,E,C,110.625,37.0
886,G,C#,2,C,"(1, 4, 7)",V7,C#,E,C,110.75,37.0
887,G,C#,2,C,"(1, 4, 7)",V7,C#,E,C,110.875,37.0
888,D,G,0,C,"(2, 5, 7, 11)",V7,G,B,C,111.0,38.0
889,D,G,1,C,"(2, 5, 7, 11)",V7,G,B,C,111.125,38.0
890,D,G,2,C,"(2, 5, 7, 11)",V7,G,B,C,111.25,38.0
891,D,G,2,C,"(2, 5, 7, 11)",V7,G,B,C,111.375,38.0
892,D,G,3,C,"(2, 5, 7, 11)",V7,G,B,C,111.5,38.0
893,D,G,3,C,"(2, 5, 7, 11)",V7,G,B,C,111.625,38.0
894,D,G,3,C,"(2, 5, 7, 11)",V7,G,B,C,111.75,38.0
895,D,G,3,C,"(2, 5, 7, 11)",V7,G,B,C,111.875,38.0
896,D,G,4,C,"(2, 5, 7, 11)",V7,F,B,C,112.0,38.0
897,D,G,4,C,"(2, 5, 7, 11)",V7,F,B,C,112.125,38.0
898,D,G,4,C,"(2, 5, 7, 11)",V7,F,B,C,112.25,38.0
899,D,G,4,C,"(2, 5, 7, 11)",V7,F,B,C,112.375,38.0
900,G,G,0,C,"(2, 5, 7, 11)",V7,G,F,C,112.5,38.0
901,G,G,1,C,"(2, 5, 7, 11)",V7,G,F,C,112.625,38.0
902,G,G,2,C,"(2, 5, 7, 11)",V7,G,F,C,112.75,38.0
903,G,G,2,C,"(2, 5, 7, 11)",V7,G,F,C,112.875,38.0
904,G,C,0,C,"(0, 4, 7)",I,C,E,C,113.0,38.0
905,G,C,1,C,"(0, 4, 7)",I,C,E,C,113.125,38.0
906,G,C,2,C,"(0, 4, 7)",I,C,E,C,113.25,38.0
907,G,C,2,C,"(0, 4, 7)",I,C,E,C,113.375,38.0
908,G,B,0,C,"(2, 7, 11)",V,G,D,C,113.5,38.0
909,G,B,1,C,"(2, 7, 11)",V,G,D,C,113.625,38.0
910,G,B,2,C,"(2, 7, 11)",V,G,D,C,113.75,38.0
911,G,B,2,C,"(2, 7, 11)",V,G,D,C,113.875,38.0
912,G,C,0,C,"(0, 4, 7)",I,C,E,C,114.0,39.0
913,G,C,1,C,"(0, 4, 7)",I,C,E,C,114.125,39.0
914,G,C,2,C,"(0, 4, 7)",I,C,E,C,114.25,39.0
915,G,C,2,C,"(0, 4, 7)",I,C,E,C,114.375,39.0
916,G,C,3,C,"(0, 4, 7)",I,C,E,C,114.5,39.0
917,G,C,3,C,"(0, 4, 7)",I,C,E,C,114.625,39.0
918,G,C,3,C,"(0, 4, 7)",I,C,E,C,114.75,39.0
919,G,C,3,C,"(0, 4, 7)",I,C,E,C,114.875,39.0
920,G,C,4,C,"(0, 4, 7)",I,C,E,C,115.0,39.0
921,G,C,4,C,"(0, 4, 7)",I,C,E,C,115.125,39.0
922,G,C,4,C,"(0, 4, 7)",I,C,E,C,115.25,39.0
923,G,C,4,C,"(0, 4, 7)",I,C,E,C,115.375,39.0
924,G,C,4,C,"(0, 4, 7)",I,C,E,C,115.5,39.0
925,G,C,4,C,"(0, 4, 7)",I,C,E,C,115.625,39.0
926,G,C,4,C,"(0, 4, 7)",I,C,E,C,115.75,39.0
927,G,C,4,C,"(0, 4, 7)",I,C,E,C,115.875,39.0
928,G,C,5,C,"(0, 4, 7)",I,C,E,C,116.0,39.0
929,G,C,5,C,"(0, 4, 7)",I,C,E,C,116.125,39.0
930,G,C,5,C,"(0, 4, 7)",I,C,E,C,116.25,39.0
931,G,C,5,C,"(0, 4, 7)",I,C,E,C,116.375,39.0
932,G,C,5,C,"(0, 4, 7)",I,C,E,C,116.5,39.0
933,G,C,5,C,"(0, 4, 7)",I,C,E,C,116.625,39.0
934,G,C,5,C,"(0, 4, 7)",I,C,E,C,116.75,39.0
935,G,C,5,C,"(0, 4, 7)",I,C,E,C,116.875,39.0
936,G,C,0,C,"(0, 4, 7)",I,C,E,C,117.0,40.0
937,G,C,1,C,"(0, 4, 7)",I,C,E,C,117.125,40.0
938,G,C,2,C,"(0, 4, 7)",I,C,E,C,117.25,40.0
939,G,C,2,C,"(0, 4, 7)",I,C,E,C,117.375,40.0
940,G,C,3,C,"(0, 4, 7)",I,C,E,C,117.5,40.0
941,G,C,3,C,"(0, 4, 7)",I,C,E,C,117.625,40.0
942,G,C,3,C,"(0, 4, 7)",I,C,E,C,117.75,40.0
943,G,C,3,C,"(0, 4, 7)",I,C,E,C,117.875,40.0
944,G,C,4,C,"(0, 4, 7)",I,C,E,C,118.0,40.0
945,G,C,4,C,"(0, 4, 7)",I,C,E,C,118.125,40.0
946,G,C,4,C,"(0, 4, 7)",I,C,E,C,118.25,40.0
947,G,C,4,C,"(0, 4, 7)",I,C,E,C,118.375,40.0
948,A,D,0,C,"(2, 5, 11)",V7,C,F,C,118.5,40.0
949,A,D,1,C,"(2, 5, 11)",V7,C,F,C,118.625,40.0
950,A,D,2,C,"(2, 5, 11)",V7,C,F,C,118.75,40.0
951,A,D,2,C,"(2, 5, 11)",V7,C,F,C,118.875,40.0
952,B-,E,0,C,"(0, 4, 7)",I,C,G,C,119.0,40.0
953,B-,E,1,C,"(0, 4, 7)",I,C,G,C,119.125,40.0
954,B-,E,2,C,"(0, 4, 7)",I,C,G,C,119.25,40.0
955,B-,E,2,C,"(0, 4, 7)",I,C,G,C,119.375,40.0
956,C,E,3,C,"(0, 4, 7)",I,C,G,C,119.5,40.0
957,C,E,3,C,"(0, 4, 7)",I,C,G,C,119.625,40.0
958,C,E,3,C,"(0, 4, 7)",I,C,G,C,119.75,40.0
959,C,E,3,C,"(0, 4, 7)",I,C,G,C,119.875,40.0
960,C,F,0,C,"(0, 5, 9)",IV,F,A,C,120.0,41.0
961,C,F,1,C,"(0, 5, 9)",IV,F,A,C,120.125,41.0
962,C,F,0,C,"(0, 5, 9)",IV,F,A,C,120.25,41.0
963,C,F,2,C,"(2, 5, 9)",IV,F,A,C,120.375,41.0
964,A,F,3,C,"(2, 5, 9)",IV,D,F,C,120.5,41.0
965,A,F,3,C,"(2, 5, 9)",IV,D,F,C,120.625,41.0
966,A,F,3,C,"(2, 5, 9)",IV,D,F,C,120.75,41.0
967,A,F,3,C,"(2, 5, 9)",IV,D,F,C,120.875,41.0
968,C,C,0,C,"(0, 4, 7)",I,C,G,C,121.0,41.0
969,C,C,1,C,"(0, 4, 7)",I,C,G,C,121.125,41.0
970,C,C,2,C,"(0, 4, 7)",I,C,G,C,121.25,41.0
971,C,C,2,C,"(0, 4, 7)",I,C,G,C,121.375,41.0
972,G,C,0,C,"(0, 4, 7)",I,C,E,C,121.5,41.0
973,G,C,1,C,"(0, 4, 7)",I,C,E,C,121.625,41.0
974,G,C,2,C,"(0, 4, 7)",I,C,E,C,121.75,41.0
975,G,C,2,C,"(0, 4, 7)",I,C,E,C,121.875,41.0
976,G,G,0,C,"(2, 5, 7, 11)",V7,G,B,C,122.0,41.0
977,G,G,1,C,"(2, 5, 7, 11)",V7,G,B,C,122.125,41.0
978,G,G,2,C,"(2, 5, 7, 11)",V7,G,B,C,122.25,41.0
979,G,G,2,C,"(2, 5, 7, 11)",V7,G,B,C,122.375,41.0
980,D,B,3,C,"(2, 5, 7, 11)",V7,G,D,C,122.5,41.0
981,D,G,3,C,"(2, 5, 7, 11)",V7,G,D,C,122.625,41.0
982,D,G,3,C,"(2, 5, 7, 11)",V7,G,D,C,122.75,41.0
983,D,G,3,C,"(2, 5, 7, 11)",V7,G,D,C,122.875,41.0
984,G,C,0,C,"(0, 4, 7)",I,C,E,C,123.0,42.0
985,G,C,1,C,"(0, 4, 7)",I,C,E,C,123.125,42.0
986,G,C,2,C,"(0, 4, 7)",I,C,E,C,123.25,42.0
987,G,C,2,C,"(0, 4, 7)",I,C,E,C,123.375,42.0
988,G,C,3,C,"(0, 4, 7)",I,C,E,C,123.5,42.0
989,G,C,3,C,"(0, 4, 7)",I,C,E,C,123.625,42.0
990,G,C,3,C,"(0, 4, 7)",I,C,E,C,123.75,42.0
991,G,C,3,C,"(0, 4, 7)",I,C,E,C,123.875,42.0
992,G,C,4,C,"(0, 4, 7)",I,C,E,C,124.0,42.0
993,G,C,4,C,"(0, 4, 7)",I,C,E,C,124.125,42.0
994,G,C,4,C,"(0, 4, 7)",I,C,E,C,124.25,42.0
995,G,C,4,C,"(0, 4, 7)",I,C,E,C,124.375,42.0
996,G,C,4,C,"(0, 4, 7)",I,C,E,C,124.5,42.0
997,G,C,4,C,"(0, 4, 7)",I,C,E,C,124.625,42.0
998,G,C,4,C,"(0, 4, 7)",I,C,E,C,124.75,42.0
999,G,C,4,C,"(0, 4, 7)",I,C,E,C,124.875,42.0
1000,G,C,5,C,"(0, 4, 7)",I,C,E,C,125.0,42.0
1001,G,C,5,C,"(0, 4, 7)",I,C,E,C,125.125,42.0
1002,G,C,5,C,"(0, 4, 7)",I,C,E,C,125.25,42.0
1003,G,C,5,C,"(0, 4, 7)",I,C,E,C,125.375,42.0
1004,G,C,5,C,"(0, 4, 7)",I,C,E,C,125.5,42.0
1005,G,C,5,C,"(0, 4, 7)",I,C,E,C,125.625,42.0
1006,G,C,5,C,"(0, 4, 7)",I,C,E,C,125.75,42.0
1007,G,C,5,C,"(0, 4, 7)",I,C,E,C,125.875,42.0
1008,G,C,0,C,"(0, 4, 7)",I,C,E,C,126.0,43.0
1009,G,C,1,C,"(0, 4, 7)",I,C,E,C,126.125,43.0
1010,G,C,2,C,"(0, 4, 7)",I,C,E,C,126.25,43.0
1011,G,C,2,C,"(0, 4, 7)",I,C,E,C,126.375,43.0
1012,G,C,3,C,"(0, 4, 7)",I,C,E,C,126.5,43.0
1013,G,C,3,C,"(0, 4, 7)",I,C,E,C,126.625,43.0
1014,G,C,3,C,"(0, 4, 7)",I,C,E,C,126.75,43.0
1015,G,C,3,C,"(0, 4, 7)",I,C,E,C,126.875,43.0
1016,G,C,4,C,"(0, 4, 7)",I,C,E,C,127.0,43.0
1017,G,C,4,C,"(0, 4, 7)",I,C,E,C,127.125,43.0
1018,G,C,4,C,"(0, 4, 7)",I,C,E,C,127.25,43.0
1019,G,C,4,C,"(0, 4, 7)",I,C,E,C,127.375,43.0
1020,G,C,4,C,"(0, 4, 7)",I,C,E,C,127.5,43.0
1021,G,C,4,C,"(0, 4, 7)",I,C,E,C,127.625,43.0
1022,G,C,4,C,"(0, 4, 7)",I,C,E,C,127.75,43.0
1023,G,C,4,C,"(0, 4, 7)",I,C,E,C,127.875,43.0
1024,D,F,0,C,"(2, 5, 9)",ii,D,A,C,128.0,43.0
1025,D,F,1,C,"(2, 5, 9)",ii,D,A,C,128.125,43.0
1026,D,F,2,C,"(2, 5, 9)",ii,D,A,C,128.25,43.0
1027,D,F,2,C,"(2, 5, 9)",ii,D,A,C,128.375,43.0
1028,D,F,3,C,"(2, 5, 9)",ii,D,A,C,128.5,43.0
1029,D,F,3,C,"(2, 5, 9)",ii,D,A,C,128.625,43.0
1030,D,F,3,C,"(2, 5, 9)",ii,D,A,C,128.75,43.0
1031,D,F,3,C,"(2, 5, 9)",ii,D,A,C,128.875,43.0
1032,D,G,0,C,"(2, 7, 11)",V7,G,B,C,129.0,44.0
1033,D,G,1,C,"(2, 7, 11)",V7,G,B,C,129.125,44.0
1034,D,G,2,C,"(2, 7, 11)",V7,G,B,C,129.25,44.0
1035,D,G,2,C,"(2, 7, 11)",V7,G,B,C,129.375,44.0
1036,D,G,3,C,"(2, 7, 11)",V7,G,B,C,129.5,44.0
1037,D,G,3,C,"(2, 7, 11)",V7,G,B,C,129.625,44.0
1038,D,G,3,C,"(2, 7, 11)",V7,G,B,C,129.75,44.0
1039,D,G,3,C,"(2, 7, 11)",V7,G,B,C,129.875,44.0
1040,D,G,4,C,"(2, 7, 11)",V,G,B,C,130.0,44.0
1041,D,G,4,C,"(2, 7, 11)",V,G,B,C,130.125,44.0
1042,D,G,4,C,"(2, 7, 11)",V,G,B,C,130.25,44.0
1043,D,G,4,C,"(2, 7, 11)",V,G,B,C,130.375,44.0
1044,D,A,0,C,"(2, 7, 11)",V,G,C,C,130.5,44.0
1045,D,A,1,C,"(2, 7, 11)",V,G,C,C,130.625,44.0
1046,D,A,2,C,"(2, 7, 11)",V,G,C,C,130.75,44.0
1047,D,A,2,C,"(2, 7, 11)",V,G,C,C,130.875,44.0
1048,D,G,0,C,"(2, 7, 11)",V,G,B,C,131.0,44.0
1049,D,G,1,C,"(2, 7, 11)",V,G,B,C,131.125,44.0
1050,D,G,2,C,"(2, 7, 11)",V,G,B,C,131.25,44.0
1051,D,G,2,C,"(2, 7, 11)",V,G,B,C,131.375,44.0
1052,D,G,3,C,"(2, 7, 11)",V,G,B,C,131.5,44.0
1053,D,G,3,C,"(2, 7, 11)",V,G,B,C,131.625,44.0
1054,D,G,3,C,"(2, 7, 11)",V,G,B,C,131.75,44.0
1055,D,G,3,C,"(2, 7, 11)",V,G,B,C,131.875,44.0
1056,G,C,0,C,"(0, 4, 7)",I,C,E,C,132.0,45.0
1057,G,C,1,C,"(0, 4, 7)",I,C,E,C,132.125,45.0
1058,G,C,2,C,"(0, 4, 7)",I,C,E,C,132.25,45.0
1059,G,C,2,C,"(0, 4, 7)",I,C,E,C,132.375,45.0
1060,G,C,3,C,"(0, 4, 7)",I,C,E,C,132.5,45.0
1061,G,C,3,C,"(0, 4, 7)",I,C,E,C,132.625,45.0
1062,G,C,3,C,"(0, 4, 7)",I,C,E,C,132.75,45.0
1063,G,C,3,C,"(0, 4, 7)",I,C,E,C,132.875,45.0
1064,G,C,4,C,"(0, 4, 7)",I,C,E,C,133.0,45.0
1065,G,C,4,C,"(0, 4, 7)",I,C,E,C,133.125,45.0
1066,G,C,4,C,"(0, 4, 7)",I,C,E,C,133.25,45.0
1067,G,C,4,C,"(0, 4, 7)",I,C,E,C,133.375,45.0
1068,G,C,4,C,"(0, 4, 7)",I,C,E,C,133.5,45.0
1069,G,C,4,C,"(0, 4, 7)",I,C,E,C,133.625,45.0
1070,G,C,4,C,"(0, 4, 7)",I,C,E,C,133.75,45.0
1071,G,C,4,C,"(0, 4, 7)",I,C,E,C,133.875,45.0
1072,D,D,0,C,"(2, 5, 9)",ii,D,A,C,134.0,45.0
1073,D,D,1,C,"(2, 5, 9)",ii,D,A,C,134.125,45.0
1074,D,D,2,C,"(2, 5, 9)",ii,D,A,C,134.25,45.0
1075,D,D,2,C,"(2, 5, 9)",ii,D,A,C,134.375,45.0
1076,D,D,3,C,"(2, 5, 9)",ii,D,A,C,134.5,45.0
1077,D,D,3,C,"(2, 5, 9)",ii,D,A,C,134.625,45.0
1078,D,D,3,C,"(2, 5, 9)",ii,D,A,C,134.75,45.0
1079,D,D,3,C,"(2, 5, 9)",ii,D,A,C,134.875,45.0
1080,D,G,0,C,"(0, 4, 7)",I,C,B,C,135.0,46.0
1081,D,G,1,C,"(0, 4, 7)",I,C,B,C,135.125,46.0
1082,D,G,2,C,"(0, 4, 7)",I,C,B,C,135.25,46.0
1083,D,G,2,C,"(0, 4, 7)",I,C,B,C,135.375,46.0
1084,E,G,3,C,"(0, 4, 7)",I,C,C,C,135.5,46.0
1085,E,G,3,C,"(0, 4, 7)",I,C,C,C,135.625,46.0
1086,E,G,3,C,"(0, 4, 7)",I,C,C,C,135.75,46.0
1087,E,G,3,C,"(0, 4, 7)",I,C,C,C,135.875,46.0
1088,D,G,0,C,"(2, 5, 7, 11)",V7,F,B,C,136.0,46.0
1089,D,G,1,C,"(2, 5, 7, 11)",V7,F,B,C,136.125,46.0
1090,D,G,2,C,"(2, 5, 7, 11)",V7,F,B,C,136.25,46.0
1091,D,G,2,C,"(2, 5, 7, 11)",V7,F,B,C,136.375,46.0
1092,D,G,0,C,"(2, 7, 11)",V,G,B,C,136.5,46.0
1093,D,G,1,C,"(2, 7, 11)",V,G,B,C,136.625,46.0
1094,D,G,3,C,"(2, 7, 11)",V,G,B,C,136.75,46.0
1095,D,G,3,C,"(2, 7, 11)",V,G,B,C,136.875,46.0
1096,G,C,0,C,"(0, 4, 7)",I,C,E,C,137.0,46.0
1097,G,C,1,C,"(0, 4, 7)",I,C,E,C,137.125,46.0
1098,G,C,2,C,"(0, 4, 7)",I,C,E,C,137.25,46.0
1099,G,C,2,C,"(0, 4, 7)",I,C,E,C,137.375,46.0
1100,G,C,0,C,"(0, 4, 7, 10)",V7,C,E,C,137.5,46.0
1101,G,E,1,C,"(1, 4, 7, 10)",V7,B-,E,d,137.625,46.0
1102,G,E,2,C,"(1, 4, 7, 10)",V7,B-,E,d,137.75,46.0
1103,G,E,2,C,"(1, 4, 7, 10)",V7,B-,E,C,137.875,46.0
1104,A,D,0,C,"(2, 5, 9)",ii,D,F,C,138.0,47.0
1105,A,D,1,C,"(2, 5, 9)",ii,D,F,C,138.125,47.0
1106,A,D,2,C,"(2, 5, 9)",ii,D,F,C,138.25,47.0
1107,A,D,2,C,"(2, 5, 9)",ii,D,F,C,138.375,47.0
1108,A,D,3,C,"(2, 5, 9)",ii,D,F,C,138.5,47.0
1109,A,D,3,C,"(2, 5, 9)",ii,D,F,C,138.625,47.0
1110,A,D,3,C,"(2, 5, 9)",ii,D,F,C,138.75,47.0
1111,A,D,3,C,"(2, 5, 9)",ii,D,F,C,138.875,47.0
1112,D,G,0,C,"(2, 7, 11)",ii,C,B,C,139.0,47.0
1113,D,G,1,C,"(2, 7, 11)",V,C,B,C,139.125,47.0
1114,D,G,2,C,"(2, 7, 11)",Cad,C,B,C,139.25,47.0
1115,D,G,2,C,"(0, 4, 7)",Cad,C,B,C,139.375,47.0
1116,D,G,3,C,"(0, 4, 7)",Cad,C,C,C,139.5,47.0
1117,D,G,3,C,"(0, 4, 7)",Cad,C,C,C,139.625,47.0
1118,D,G,3,C,"(0, 4, 7)",Cad,C,C,C,139.75,47.0
1119,D,G,3,C,"(0, 4, 7)",Cad,C,C,C,139.875,47.0
1120,D,G,0,C,"(2, 7, 11)",V,G,B,C,140.0,47.0
1121,D,G,1,C,"(2, 7, 11)",V,G,B,C,140.125,47.0
1122,D,G,2,C,"(2, 7, 11)",V,G,B,C,140.25,47.0
1123,D,G,2,C,"(2, 7, 11)",V,G,B,C,140.375,47.0
1124,D,G,3,C,"(2, 7, 11)",V,G,B,C,140.5,47.0
1125,D,G,3,C,"(2, 7, 11)",V,G,B,C,140.625,47.0
1126,D,G,3,C,"(2, 7, 11)",V,G,B,C,140.75,47.0
1127,D,G,3,C,"(2, 7, 11)",V,G,B,C,140.875,47.0
1128,G,C,0,C,"(0, 4, 7)",I,C,E,C,141.0,48.0
1129,G,C,1,C,"(0, 4, 7)",I,C,E,C,141.125,48.0
1130,G,C,2,C,"(0, 4, 7)",I,C,E,C,141.25,48.0
1131,G,C,2,C,"(0, 4, 7)",I,C,E,C,141.375,48.0
1132,G,C,3,C,"(0, 4, 7)",I,C,E,C,141.5,48.0
1133,G,C,3,C,"(0, 4, 7)",I,C,E,C,141.625,48.0
1134,G,C,3,C,"(0, 4, 7)",I,C,E,C,141.75,48.0
1135,G,C,3,C,"(0, 4, 7)",I,C,E,C,141.875,48.0
1136,G,C,4,C,"(0, 4, 7)",I,C,E,C,142.0,48.0
1137,G,C,4,C,"(0, 4, 7)",I,C,E,C,142.125,48.0
1138,G,C,4,C,"(0, 4, 7)",I,C,E,C,142.25,48.0
1139,G,C,4,C,"(0, 4, 7)",I,C,E,C,142.375,48.0
1140,G,C,4,C,"(0, 4, 7)",I,C,E,C,142.5,48.0
1141,G,C,4,C,"(0, 4, 7)",I,C,E,C,142.625,48.0
1142,G,C,4,C,"(0, 4, 7)",I,C,E,C,142.75,48.0
1143,G,C,4,C,"(0, 4, 7)",I,C,E,C,142.875,48.0
1144,G,C,5,C,"(0, 4, 7)",I,C,E,C,143.0,48.0
1145,G,C,5,C,"(0, 4, 7)",I,C,E,C,143.125,48.0
1146,G,C,5,C,"(0, 4, 7)",I,C,E,C,143.25,48.0
1147,G,C,5,C,"(0, 4, 7)",I,C,E,C,143.375,48.0
1148,G,C,5,C,"(0, 4, 7)",I,C,E,C,143.5,48.0
1149,G,C,5,C,"(0, 4, 7)",I,C,E,C,143.625,48.0
1150,G,C,5,C,"(0, 4, 7)",I,C,E,C,143.75,48.0
1151,G,C,5,C,"(0, 4, 7)",I,C,E,C,143.875,48.0
1152,G,C,0,C,"(0, 4, 7)",I,C,E,C,144.0,49.0
1153,G,C,1,C,"(0, 4, 7)",I,C,E,C,144.125,49.0
1154,G,C,2,C,"(0, 4, 7)",I,C,E,C,144.25,49.0
1155,G,C,2,C,"(0, 4, 7)",I,C,E,C,144.375,49.0
1156,G,C,3,C,"(0, 4, 7)",I,C,E,C,144.5,49.0
1157,G,C,3,C,"(0, 4, 7)",I,C,E,C,144.625,49.0
1158,G,C,3,C,"(0, 4, 7)",I,C,E,C,144.75,49.0
1159,G,C,3,C,"(0, 4, 7)",I,C,E,C,144.875,49.0
1160,G,C,4,C,"(0, 4, 7)",I,C,E,C,145.0,49.0
1161,G,C,4,C,"(0, 4, 7)",I,C,E,C,145.125,49.0
1162,G,C,4,C,"(0, 4, 7)",I,C,E,C,145.25,49.0
1163,G,C,4,C,"(0, 4, 7)",I,C,E,C,145.375,49.0
1164,G,C,4,C,"(0, 4, 7)",I,C,E,C,145.5,49.0
1165,G,C,4,C,"(0, 4, 7)",I,C,E,C,145.625,49.0
1166,G,C,4,C,"(0, 4, 7)",I,C,E,C,145.75,49.0
1167,G,C,4,C,"(0, 4, 7)",I,C,E,C,145.875,49.0
1168,G,D,0,C,"(2, 5, 7, 10)",V7,B-,F,C,146.0,49.0
1169,B-,D,1,C,"(2, 5, 7, 10)",ii7,B-,F,C,146.125,49.0
1170,B-,D,2,C,"(2, 5, 7, 10)",ii7,B-,F,C,146.25,49.0
1171,B-,D,2,C,"(2, 5, 7, 10)",ii7,B-,F,C,146.375,49.0
1172,B-,D,3,C,"(2, 5, 7, 10)",ii7,B-,F,C,146.5,49.0
1173,B-,D,3,C,"(2, 5, 7, 10)",ii7,B-,F,C,146.625,49.0
1174,B-,D,3,C,"(2, 5, 7, 10)",ii7,B-,F,C,146.75,49.0
1175,B-,D,3,C,"(2, 5, 7, 10)",ii7,B-,F,C,146.875,49.0
1176,G,C#,0,C,"(1, 4, 7, 9)",V7,A,E,d,147.0,50.0
1177,G,C#,1,C,"(1, 4, 7, 9)",V7,A,E,d,147.125,50.0
1178,G,C#,2,C,"(1, 4, 7, 9)",V7,A,E,d,147.25,50.0
1179,G,C#,2,C,"(1, 4, 7, 9)",V7,A,E,d,147.375,50.0
1180,G,C#,3,C,"(1, 4, 7, 9)",V7,A,E,d,147.5,50.0
1181,G,C#,3,C,"(1, 4, 7, 9)",V7,A,E,d,147.625,50.0
1182,G,C#,3,C,"(1, 4, 7, 9)",V7,A,E,d,147.75,50.0
1183,G,C#,3,C,"(1, 4, 7, 9)",V7,A,E,d,147.875,50.0
1184,G,C#,4,C,"(1, 4, 7, 9)",V7,A,E,d,148.0,50.0
1185,G,C#,4,C,"(1, 4, 7, 9)",V7,A,E,d,148.125,50.0
1186,G,C#,4,C,"(1, 4, 7, 9)",V7,A,E,d,148.25,50.0
1187,G,C#,4,C,"(1, 4, 7, 9)",V7,A,E,d,148.375,50.0
1188,A,D,0,C,"(2, 5, 9)",ii,D,F,d,148.5,50.0
1189,A,D,1,C,"(2, 5, 9)",ii,D,F,d,148.625,50.0
1190,A,D,2,C,"(2, 5, 9)",ii,D,F,d,148.75,50.0
1191,A,D,2,C,"(2, 5, 9)",ii,D,F,d,148.875,50.0
1192,A,D,3,C,"(2, 5, 9)",ii,D,F,d,149.0,50.0
1193,A,D,3,C,"(2, 5, 9)",ii,D,F,d,149.125,50.0
1194,A,D,3,C,"(2, 5, 9)",ii,D,F,d,149.25,50.0
1195,A,D,3,C,"(2, 5, 9)",ii,D,F,d,149.375,50.0
1196,E,C#,0,C,"(1, 4, 7, 9)",V7,C#,E,d,149.5,50.0
1197,E,C#,1,C,"(1, 4, 7, 9)",V7,C#,E,d,149.625,50.0
1198,E,C#,2,C,"(1, 4, 7, 9)",V7,C#,E,d,149.75,50.0
1199,E,C#,2,C,"(1, 4, 7, 9)",V7,C#,E,d,149.875,50.0
1200,A,D,0,C,"(2, 5, 9)",ii,D,F,C,150.0,51.0
1201,A,D,1,C,"(2, 5, 9)",ii,D,F,C,150.125,51.0
1202,A,D,2,C,"(2, 5, 9)",ii,D,F,C,150.25,51.0
1203,A,D,2,C,"(2, 5, 9)",ii,D,F,C,150.375,51.0
1204,A,D,3,C,"(2, 5, 9)",ii,D,F,C,150.5,51.0
1205,A,D,3,C,"(2, 5, 9)",ii,D,F,C,150.625,51.0
1206,A,D,3,C,"(2, 5, 9)",ii,D,F,C,150.75,51.0
1207,A,D,3,C,"(2, 5, 9)",ii,D,F,C,150.875,51.0
1208,A,D,4,C,"(2, 5, 9)",ii,D,F,C,151.0,51.0
1209,A,D,4,C,"(2, 5, 9)",ii,D,F,C,151.125,51.0
1210,A,D,4,C,"(2, 5, 9)",ii,D,F,C,151.25,51.0
1211,A,D,4,C,"(2, 5, 9)",ii,D,F,C,151.375,51.0
1212,A,D,4,C,"(2, 5, 9)",ii,D,F,C,151.5,51.0
1213,A,D,4,C,"(2, 5, 9)",ii,D,F,C,151.625,51.0
1214,A,D,4,C,"(2, 5, 9)",ii,D,F,C,151.75,51.0
1215,A,D,4,C,"(2, 5, 9)",ii,D,F,C,151.875,51.0
1216,G#,D,0,C,"(0, 2, 5, 8)",iiø7,D,F,C,152.0,51.0
1217,G#,D,1,C,"(0, 2, 5, 8)",iiø7,D,F,C,152.125,51.0
1218,G#,D,2,C,"(0, 2, 5, 8)",iiø7,D,F,C,152.25,51.0
1219,G#,D,2,C,"(0, 2, 5, 8)",iiø7,D,F,C,152.375,51.0
1220,G#,D,3,C,"(0, 2, 5, 8)",iiø7,D,F,c,152.5,51.0
1221,G#,D,3,C,"(0, 2, 5, 8)",iiø7,D,F,c,152.625,51.0
1222,G#,D,3,C,"(0, 2, 5, 8)",iiø7,D,F,c,152.75,51.0
1223,G#,D,3,C,"(0, 2, 5, 8)",iiø7,D,F,c,152.875,51.0
1224,F,B,0,C,"(2, 5, 7, 11)",V7,G,D,C,153.0,52.0
1225,F,B,1,C,"(2, 5, 7, 11)",V7,G,D,C,153.125,52.0
1226,F,B,2,C,"(2, 5, 7, 11)",V7,G,D,C,153.25,52.0
1227,F,B,2,C,"(2, 5, 7, 11)",V7,G,D,C,153.375,52.0
1228,F,B,3,C,"(2, 5, 7, 11)",V7,G,D,C,153.5,52.0
1229,F,B,3,C,"(2, 5, 7, 11)",V7,G,D,C,153.625,52.0
1230,F,B,3,C,"(2, 5, 7, 11)",V7,G,D,C,153.75,52.0
1231,F,B,3,C,"(2, 5, 7, 11)",V7,G,D,C,153.875,52.0
1232,F,B,4,C,"(2, 5, 7, 11)",V7,G,D,C,154.0,52.0
1233,F,B,4,C,"(2, 5, 7, 11)",V7,G,D,C,154.125,52.0
1234,F,B,4,C,"(2, 5, 7, 11)",V7,G,D,C,154.25,52.0
1235,F,B,4,C,"(2, 5, 7, 11)",V7,G,D,C,154.375,52.0
1236,G,C,0,C,"(0, 4, 7)",I,C,E,C,154.5,52.0
1237,G,C,1,C,"(0, 4, 7)",I,C,E,C,154.625,52.0
1238,G,C,2,C,"(0, 4, 7)",I,C,E,C,154.75,52.0
1239,G,C,2,C,"(0, 4, 7)",I,C,E,C,154.875,52.0
1240,G,G,3,C,"(0, 4, 7)",I,C,B,C,155.0,52.0
1241,G,G,3,C,"(0, 4, 7)",I,C,B,C,155.125,52.0
1242,G,G,3,C,"(0, 4, 7)",I,C,B,C,155.25,52.0
1243,G,G,3,C,"(0, 4, 7)",I,C,B,C,155.375,52.0
1244,D,G,0,C,"(2, 5, 7, 11)",V7,F,B,C,155.5,52.0
1245,D,G,1,C,"(2, 5, 7, 11)",V7,F,B,C,155.625,52.0
1246,D,G,2,C,"(2, 5, 7, 11)",V7,F,B,C,155.75,52.0
1247,D,G,2,C,"(2, 5, 7, 11)",V7,F,B,C,155.875,52.0
1248,G,C,0,C,"(0, 4, 7)",I,C,E,C,156.0,53.0
1249,G,C,1,C,"(0, 4, 7)",I,C,E,C,156.125,53.0
1250,G,C,2,C,"(0, 4, 7)",I,C,E,C,156.25,53.0
1251,G,C,2,C,"(0, 4, 7)",I,C,E,C,156.375,53.0
1252,G,C,3,C,"(0, 4, 7)",I,C,E,C,156.5,53.0
1253,G,C,3,C,"(0, 4, 7)",I,C,E,C,156.625,53.0
1254,G,C,3,C,"(0, 4, 7)",I,C,E,C,156.75,53.0
1255,G,C,3,C,"(0, 4, 7)",I,C,E,C,156.875,53.0
1256,C,C,0,C,"(0, 5, 9)",IV,F,C,C,157.0,53.0
1257,C,C,1,C,"(0, 5, 9)",IV,F,C,C,157.125,53.0
1258,C,C,2,C,"(0, 5, 9)",IV,F,C,C,157.25,53.0
1259,C,C,2,C,"(0, 5, 9)",IV,F,C,C,157.375,53.0
1260,E,G,0,C,"(0, 4, 7)",I,C,C,C,157.5,53.0
1261,E,G,1,C,"(0, 4, 7)",I,C,C,C,157.625,53.0
1262,E,G,2,C,"(0, 4, 7)",I,C,C,C,157.75,53.0
1263,E,G,2,C,"(0, 4, 7)",I,C,C,C,157.875,53.0
1264,C,F,0,C,"(0, 4, 7)",I,F,C,C,158.0,53.0
1265,C,F,1,C,"(0, 4, 7)",I,F,C,C,158.125,53.0
1266,C,F,2,C,"(0, 4, 7)",I,F,C,C,158.25,53.0
1267,C,F,2,C,"(0, 4, 7)",I,F,C,C,158.375,53.0
1268,C,C,0,C,"(0, 4, 7)",I,C,C,C,158.5,53.0
1269,C,C,1,C,"(0, 4, 7)",I,C,C,C,158.625,53.0
1270,C,C,2,C,"(0, 4, 7)",I,C,C,C,158.75,53.0
1271,C,C,2,C,"(0, 4, 7)",I,C,C,C,158.875,53.0
1272,E,B-,0,C,"(0, 4, 7, 10)",V7,G,C,F,159.0,54.0
1273,E,B-,1,C,"(0, 4, 7, 10)",viio,G,C,F,159.125,54.0
1274,E,B-,2,C,"(0, 4, 7, 10)",viio,G,C,F,159.25,54.0
1275,E,B-,2,C,"(0, 4, 7, 10)",viio,G,C,F,159.375,54.0
1276,E,B-,3,C,"(0, 4, 7, 10)",viio,G,C,F,159.5,54.0
1277,E,B-,3,C,"(0, 4, 7, 10)",viio,G,C,F,159.625,54.0
1278,E,B-,3,C,"(0, 4, 7, 10)",viio,G,C,F,159.75,54.0
1279,E,B-,3,C,"(0, 4, 7, 10)",I,G,C,F,159.875,54.0
1280,E,E,0,C,"(0, 4, 7)",I,C,C,C,160.0,54.0
1281,E,E,1,C,"(0, 4, 7)",I,C,C,C,160.125,54.0
1282,E,E,2,C,"(0, 4, 7)",I,C,C,C,160.25,54.0
1283,E,E,4,C,"(0, 4, 7)",I,C,C,C,160.375,54.0
1284,E,A,0,C,"(0, 5, 9)",IV,F,C,C,160.5,54.0
1285,F,A,1,C,"(0, 5, 9)",IV,F,C,C,160.625,54.0
1286,F,A,2,C,"(0, 5, 9)",IV,F,C,C,160.75,54.0
1287,F,A,2,C,"(0, 5, 9)",IV,F,C,C,160.875,54.0
1288,C,E,0,C,"(0, 4, 7)",I,C,G,C,161.0,54.0
1289,C,E,1,C,"(0, 4, 7)",I,C,G,C,161.125,54.0
1290,C,E,2,C,"(0, 4, 7)",I,C,G,C,161.25,54.0
1291,C,E,2,C,"(0, 4, 7)",I,C,G,C,161.375,54.0
1292,C,E,0,C,"(0, 4, 7)",I,C,G,C,161.5,54.0
1293,C,E,1,C,"(0, 4, 7)",I,C,G,C,161.625,54.0
1294,C,E,2,C,"(0, 4, 7)",I,C,G,C,161.75,54.0
1295,C,E,2,C,"(0, 4, 7)",I,C,G,C,161.875,54.0
1296,C,F,0,C,"(0, 2, 5, 9)",IV,F,A,C,162.0,55.0
1297,C,F,1,C,"(0, 2, 5, 9)",IV,F,A,C,162.125,55.0
1298,C,F,2,C,"(0, 2, 5, 9)",IV,F,A,C,162.25,55.0
1299,C,F,2,C,"(0, 2, 5, 9)",IV,F,A,C,162.375,55.0
1300,A,F,3,C,"(0, 2, 5, 9)",IV,D,F,C,162.5,55.0
1301,A,F,1,C,"(0, 2, 5, 9)",IV,D,F,C,162.625,55.0
1302,A,F,2,C,"(0, 2, 5, 9)",IV,D,F,C,162.75,55.0
1303,A,F,3,C,"(0, 2, 5, 9)",IV,D,F,C,162.875,55.0
1304,D,G,0,C,"(2, 7, 11)",V,C,B,C,163.0,55.0
1305,D,G,1,C,"(2, 7, 11)",Cad,C,B,C,163.125,55.0
1306,D,G,2,C,"(2, 7, 11)",Cad,C,B,C,163.25,55.0
1307,D,G,2,C,"(2, 7, 11)",Cad,C,B,C,163.375,55.0
1308,G,G,0,C,"(0, 4, 7)",Cad,C,E,C,163.5,55.0
1309,G,G,1,C,"(0, 4, 7)",Cad,C,E,C,163.625,55.0
1310,G,G,2,C,"(0, 4, 7)",Cad,C,E,C,163.75,55.0
1311,G,G,2,C,"(0, 4, 7)",Cad,C,E,C,163.875,55.0
1312,D,G,0,C,"(2, 7, 11)",V,G,B,C,164.0,55.0
1313,D,G,1,C,"(2, 7, 11)",V,G,B,C,164.125,55.0
1314,D,G,2,C,"(2, 7, 11)",V,G,B,C,164.25,55.0
1315,D,G,2,C,"(2, 7, 11)",V,G,B,C,164.375,55.0
1316,D,G,3,C,"(2, 7, 11)",V,G,B,C,164.5,55.0
1317,D,G,3,C,"(2, 7, 11)",V,G,B,C,164.625,55.0
1318,D,G,3,C,"(2, 7, 11)",V,G,B,C,164.75,55.0
1319,D,G,3,C,"(2, 7, 11)",V,G,B,C,164.875,55.0
1320,G,C,0,C,"(0, 4, 7)",I,C,E,C,165.0,56.0
1321,G,C,1,C,"(0, 4, 7)",I,C,E,C,165.125,56.0
1322,G,C,2,C,"(0, 4, 7)",I,C,E,C,165.25,56.0
1323,G,C,2,C,"(0, 4, 7)",I,C,E,C,165.375,56.0
1324,G,C,3,C,"(0, 4, 7)",I,C,E,C,165.5,56.0
1325,G,C,3,C,"(0, 4, 7)",I,C,E,C,165.625,56.0
1326,G,C,3,C,"(0, 4, 7)",I,C,E,C,165.75,56.0
1327,G,C,3,C,"(0, 4, 7)",I,C,E,C,165.875,56.0
1328,G,C,4,C,"(0, 4, 7)",I,C,E,C,166.0,56.0
1329,G,C,4,C,"(0, 4, 7)",I,C,E,C,166.125,56.0
1330,G,C,4,C,"(0, 4, 7)",I,C,E,C,166.25,56.0
1331,G,C,4,C,"(0, 4, 7)",I,C,E,C,166.375,56.0
1332,G,C,4,C,"(0, 4, 7)",I,C,E,C,166.5,56.0
1333,G,C,4,C,"(0, 4, 7)",I,C,E,C,166.625,56.0
1334,G,C,4,C,"(0, 4, 7)",I,C,E,C,166.75,56.0
1335,G,C,4,C,"(0, 4, 7)",I,C,E,C,166.875,56.0
1336,G,C,5,C,"(0, 4, 7)",I,C,E,C,167.0,56.0
1337,G,C,5,C,"(0, 4, 7)",I,C,E,C,167.125,56.0
1338,G,C,5,C,"(0, 4, 7)",I,C,E,C,167.25,56.0
1339,G,C,5,C,"(0, 4, 7)",I,C,E,C,167.375,56.0
1340,G,C,3,C,"(0, 4, 7)",I,C,E,C,167.5,56.0
1341,G,C,3,C,"(0, 4, 7)",I,C,E,C,167.625,56.0
1342,G,C,3,C,"(0, 4, 7)",I,C,E,C,167.75,56.0
1343,G,C,3,C,"(0, 4, 7)",I,C,E,C,167.875,56.0
1344,G,E,0,C,"(0, 4, 7)",I,C,E,C,168.0,57.0
1345,G,E,1,C,"(0, 4, 7)",I,C,E,C,168.125,57.0
1346,G,E,2,C,"(0, 4, 7)",I,C,E,C,168.25,57.0
1347,G,E,2,C,"(0, 4, 7)",I,C,E,C,168.375,57.0
1348,C,E,3,C,"(0, 4, 7)",I,C,G,C,168.5,57.0
1349,C,E,3,C,"(0, 4, 7)",I,C,G,C,168.625,57.0
1350,C,E,3,C,"(0, 4, 7)",I,C,G,C,168.75,57.0
1351,C,E,3,C,"(0, 4, 7)",I,C,G,C,168.875,57.0
1352,E,A,0,C,"(1, 4, 7, 9)",V7,G,C#,d,169.0,57.0
1353,E,A,1,C,"(1, 4, 7, 9)",V7,G,C#,d,169.125,57.0
1354,E,A,2,C,"(1, 4, 7, 9)",V7,G,C#,d,169.25,57.0
1355,E,A,2,C,"(1, 4, 7, 9)",V7,G,C#,d,169.375,57.0
1356,E,A,3,C,"(1, 4, 7, 9)",V7,G,C#,d,169.5,57.0
1357,E,A,3,C,"(1, 4, 7, 9)",V7,G,C#,d,169.625,57.0
1358,E,A,3,C,"(1, 4, 7, 9)",V7,G,C#,d,169.75,57.0
1359,E,A,3,C,"(1, 4, 7, 9)",V7,G,C#,d,169.875,57.0
1360,A,D,0,C,"(2, 5, 9)",ii,D,F,C,170.0,57.0
1361,A,D,1,C,"(2, 5, 9)",ii,D,F,C,170.125,57.0
1362,A,D,2,C,"(2, 5, 9)",ii,D,F,C,170.25,57.0
1363,A,D,2,C,"(2, 5, 9)",ii,D,F,C,170.375,57.0
1364,A,D,3,C,"(2, 5, 9)",ii,D,F,C,170.5,57.0
1365,A,D,3,C,"(2, 5, 9)",ii,D,F,C,170.625,57.0
1366,A,D,3,C,"(2, 5, 9)",ii,D,F,C,170.75,57.0
1367,A,D,3,C,"(2, 5, 9)",ii,D,F,C,170.875,57.0
1368,D,G,0,C,"(2, 7, 11)",V,C,G,C,171.0,58.0
1369,D,G,1,C,"(2, 7, 11)",V,C,G,C,171.125,58.0
1370,D,G,2,C,"(2, 7, 11)",V,C,G,C,171.25,58.0
1371,D,G,2,C,"(2, 7, 11)",V,C,G,C,171.375,58.0
1372,C,E,0,C,"(0, 4, 7)",I,C,G,C,171.5,58.0
1373,C,E,1,C,"(0, 4, 7)",I,C,G,C,171.625,58.0
1374,C,E,3,C,"(0, 4, 7)",I,C,G,C,171.75,58.0
1375,C,E,3,C,"(0, 4, 7)",I,C,G,C,171.875,58.0
1376,B,F,0,C,"(2, 5, 7, 11)",V7,D,G,C,172.0,58.0
1377,B,F,1,C,"(2, 5, 7, 11)",V7,D,G,C,172.125,58.0
1378,B,F,2,C,"(2, 5, 7, 11)",V7,D,G,C,172.25,58.0
1379,B,F,2,C,"(2, 5, 7, 11)",V7,D,G,C,172.375,58.0
1380,B,F,3,C,"(2, 5, 7, 11)",V7,D,G,C,172.5,58.0
1381,B,F,3,C,"(2, 5, 7, 11)",V7,D,G,C,172.625,58.0
1382,B,F,3,C,"(2, 5, 7, 11)",V7,D,G,C,172.75,58.0
1383,B,F,3,C,"(2, 5, 7, 11)",V7,D,G,C,172.875,58.0
1384,C,E,0,C,"(0, 4, 7)",I,C,G,C,173.0,58.0
1385,C,E,1,C,"(0, 4, 7)",I,C,G,C,173.125,58.0
1386,C,E,2,C,"(0, 4, 7)",I,C,G,C,173.25,58.0
1387,C,E,2,C,"(0, 4, 7)",I,C,G,C,173.375,58.0
1388,C,E,3,C,"(0, 4, 7)",I,C,G,C,173.5,58.0
1389,C,E,3,C,"(0, 4, 7)",I,C,G,C,173.625,58.0
1390,C,E,3,C,"(0, 4, 7)",I,C,G,C,173.75,58.0
1391,C,E,3,C,"(0, 4, 7)",I,C,G,C,173.875,58.0
1392,E,G,0,C,"(0, 4, 7, 10)",V7,G,C,F,174.0,59.0
1393,E,G,1,C,"(0, 4, 7, 10)",V7,G,C,F,174.125,59.0
1394,E,G,2,C,"(0, 4, 7, 10)",V7,G,C,F,174.25,59.0
1395,E,G,2,C,"(0, 4, 7, 10)",V7,G,C,F,174.375,59.0
1396,E,G,3,C,"(0, 4, 7, 10)",V7,E,C,F,174.5,59.0
1397,E,G,3,C,"(0, 4, 7, 10)",V7,E,C,F,174.625,59.0
1398,E,G,3,C,"(0, 4, 7, 10)",V7,E,C,F,174.75,59.0
1399,E,G,3,C,"(0, 4, 7, 10)",V7,E,C,F,174.875,59.0
1400,E,B-,0,C,"(0, 4, 7, 10)",V7,G,C,F,175.0,59.0
1401,E,B-,1,C,"(0, 4, 7, 10)",V7,G,C,F,175.125,59.0
1402,E,B-,2,C,"(0, 4, 7, 10)",V7,G,C,F,175.25,59.0
1403,E,B-,2,C,"(0, 4, 7, 10)",V7,G,C,F,175.375,59.0
1404,E,B-,3,C,"(0, 4, 7, 10)",V7,G,C,F,175.5,59.0
1405,E,B-,3,C,"(0, 4, 7, 10)",V7,G,C,F,175.625,59.0
1406,E,B-,3,C,"(0, 4, 7, 10)",V7,G,C,F,175.75,59.0
1407,E,B-,3,C,"(0, 4, 7, 10)",V7,G,C,F,175.875,59.0
1408,F,A,0,C,"(0, 5, 9)",IV,F,C,C,176.0,59.0
1409,F,A,1,C,"(0, 5, 9)",IV,F,C,C,176.125,59.0
1410,F,A,2,C,"(0, 5, 9)",IV,F,C,C,176.25,59.0
1411,F,A,2,C,"(0, 5, 9)",IV,F,C,C,176.375,59.0
1412,F,A,3,C,"(0, 5, 9)",IV,F,C,C,176.5,59.0
1413,F,A,3,C,"(0, 5, 9)",IV,F,C,C,176.625,59.0
1414,F,A,3,C,"(0, 5, 9)",IV,F,C,C,176.75,59.0
1415,F,A,3,C,"(0, 5, 9)",IV,F,C,C,176.875,59.0
1416,E,G,0,C,"(0, 4, 7)",Cad,C,C,C,177.0,60.0
1417,E,G,1,C,"(0, 4, 7)",Cad,C,C,C,177.125,60.0
1418,E,G,2,C,"(0, 4, 7)",Cad,C,C,C,177.25,60.0
1419,E,G,2,C,"(0, 4, 7)",Cad,C,C,C,177.375,60.0
1420,E,G,3,C,"(0, 4, 7)",I,C,C,C,177.5,60.0
1421,E,G,3,C,"(0, 4, 7)",I,C,C,C,177.625,60.0
1422,E,G,3,C,"(0, 4, 7)",I,C,C,C,177.75,60.0
1423,E,G,3,C,"(0, 4, 7)",I,C,C,C,177.875,60.0
1424,B,F,0,C,"(2, 5, 7, 11)",V7,D,G,C,178.0,60.0
1425,B,F,1,C,"(2, 5, 7, 11)",V7,D,G,C,178.125,60.0
1426,B,F,2,C,"(2, 5, 7, 11)",V7,D,G,C,178.25,60.0
1427,B,F,2,C,"(2, 5, 7, 11)",V7,D,G,C,178.375,60.0
1428,B,F,3,C,"(2, 5, 7, 11)",V7,D,G,C,178.5,60.0
1429,B,F,3,C,"(2, 5, 7, 11)",V7,D,G,C,178.625,60.0
1430,B,F,3,C,"(2, 5, 7, 11)",V7,D,G,C,178.75,60.0
1431,B,F,3,C,"(2, 5, 7, 11)",V7,D,G,C,178.875,60.0
1432,B-,E,0,C,"(1, 4, 7, 10)",V7,C#,G,d,179.0,60.0
1433,C#,E,1,C,"(1, 4, 7, 10)",V7,C#,G,d,179.125,60.0
1434,C#,E,2,C,"(1, 4, 7, 10)",V7,C#,G,d,179.25,60.0
1435,C#,E,2,C,"(1, 4, 7, 10)",V7,C#,G,d,179.375,60.0
1436,C#,E,3,C,"(1, 4, 7, 10)",viio7,E,G,d,179.5,60.0
1437,C#,E,3,C,"(1, 4, 7, 10)",viio7,E,G,d,179.625,60.0
1438,C#,E,3,C,"(1, 4, 7, 10)",viio7,E,G,d,179.75,60.0
1439,C#,E,3,C,"(1, 4, 7, 10)",viio7,E,G,d,179.875,60.0
1440,D,F,0,C,"(2, 5, 9)",ii,D,A,C,180.0,61.0
1441,D,F,1,C,"(2, 5, 9)",ii,D,A,C,180.125,61.0
1442,D,F,2,C,"(2, 5, 9)",ii,D,A,C,180.25,61.0
1443,D,F,2,C,"(2, 5, 9)",ii,D,A,C,180.375,61.0
1444,D,F,3,C,"(2, 5, 9)",ii,D,A,C,180.5,61.0
1445,D,F,3,C,"(2, 5, 9)",ii,D,A,C,180.625,61.0
1446,D,F,3,C,"(2, 5, 9)",ii,D,A,C,180.75,61.0
1447,D,F,3,C,"(2, 5, 9)",ii,D,A,C,180.875,61.0
1448,D,G,0,C,"(2, 5, 7, 11)",ii,D,B,C,181.0,61.0
1449,D,G,1,C,"(2, 7, 11)",ii,D,B,C,181.125,61.0
1450,D,G,2,C,"(2, 7, 11)",ii,D,B,C,181.25,61.0
1451,D,G,2,C,"(2, 7, 11)",ii,D,B,C,181.375,61.0
1452,C,E,0,C,"(0, 4, 7)",I,C,G,C,181.5,61.0
1453,C,E,1,C,"(0, 4, 7)",I,C,G,C,181.625,61.0
1454,C,E,2,C,"(0, 4, 7)",I,C,G,C,181.75,61.0
1455,C,E,2,C,"(0, 4, 7)",I,C,G,C,181.875,61.0
1456,D,G,0,C,"(0, 4, 7)",I,C,B,C,182.0,61.0
1457,D,G,1,C,"(0, 4, 7)",V7,C,B,C,182.125,61.0
1458,D,G,2,C,"(0, 4, 7)",V7,C,B,C,182.25,61.0
1459,D,G,2,C,"(0, 4, 7)",V7,C,B,C,182.375,61.0
1460,B,D,0,C,"(2, 5, 11)",viio,B,F,C,182.5,61.0
1461,B,D,1,C,"(2, 5, 11)",viio,B,F,C,182.625,61.0
1462,B,D,2,C,"(2, 5, 11)",viio,B,F,C,182.75,61.0
1463,B,D,2,C,"(2, 5, 11)",viio,B,F,C,182.875,61.0
1464,G,C,0,C,"(0, 4, 7)",I,C,E,C,183.0,62.0
1465,G,C,1,C,"(0, 4, 7)",I,C,E,C,183.125,62.0
1466,G,C,2,C,"(0, 4, 7)",I,C,E,C,183.25,62.0
1467,G,C,2,C,"(0, 4, 7)",I,C,E,C,183.375,62.0
1468,G,C,3,C,"(0, 4, 7)",I,C,E,C,183.5,62.0
1469,G,C,3,C,"(0, 4, 7)",I,C,E,C,183.625,62.0
1470,G,C,3,C,"(0, 4, 7)",I,C,E,C,183.75,62.0
1471,G,C,3,C,"(0, 4, 7)",I,C,E,C,183.875,62.0
1472,G,C,4,C,"(0, 4, 7)",I,C,E,C,184.0,62.0
1473,G,C,4,C,"(0, 4, 7)",I,C,E,C,184.125,62.0
1474,G,C,4,C,"(0, 4, 7)",I,C,E,C,184.25,62.0
1475,G,C,4,C,"(0, 4, 7)",I,C,E,C,184.375,62.0
1476,G,C,4,C,"(0, 4, 7)",I,C,E,C,184.5,62.0
1477,G,C,4,C,"(0, 4, 7)",I,C,E,C,184.625,62.0
1478,G,C,4,C,"(0, 4, 7)",I,C,E,C,184.75,62.0
1479,G,C,4,C,"(0, 4, 7)",I,C,E,C,184.875,62.0
1480,G,C,5,C,"(0, 4, 7)",I,C,E,C,185.0,62.0
1481,G,C,5,C,"(0, 4, 7)",I,C,E,C,185.125,62.0
1482,G,C,5,C,"(0, 4, 7)",I,C,E,C,185.25,62.0
1483,G,C,5,C,"(0, 4, 7)",I,C,E,C,185.375,62.0
1484,G,C,5,C,"(0, 4, 7)",I,C,E,C,185.5,62.0
1485,G,C,5,C,"(0, 4, 7)",I,C,E,C,185.625,62.0
1486,G,C,5,C,"(0, 4, 7)",I,C,E,C,185.75,62.0
1487,G,C,5,C,"(0, 4, 7)",I,C,E,C,185.875,62.0
1488,E,B-,0,C,"(0, 4, 7, 10)",V7,G,C,F,186.0,63.0
1489,E,B-,1,C,"(0, 4, 7, 10)",V7,G,C,F,186.125,63.0
1490,E,B-,2,C,"(0, 4, 7, 10)",V7,G,C,F,186.25,63.0
1491,E,B-,2,C,"(0, 4, 7, 10)",V7,G,C,F,186.375,63.0
1492,E,B-,3,C,"(0, 4, 7, 10)",V7,G,C,F,186.5,63.0
1493,E,B-,3,C,"(0, 4, 7, 10)",V7,G,C,F,186.625,63.0
1494,E,B-,3,C,"(0, 4, 7, 10)",V7,G,C,F,186.75,63.0
1495,E,B-,3,C,"(0, 4, 7, 10)",V7,G,C,F,186.875,63.0
1496,E,B-,4,C,"(0, 4, 7, 10)",V7,G,C,F,187.0,63.0
1497,E,B-,4,C,"(0, 4, 7, 10)",V7,G,C,F,187.125,63.0
1498,E,B-,4,C,"(0, 4, 7, 10)",V7,G,C,F,187.25,63.0
1499,E,B-,4,C,"(0, 4, 7, 10)",V7,G,C,F,187.375,63.0
1500,E,B-,4,C,"(0, 4, 7, 10)",V7,G,C,F,187.5,63.0
1501,E,B-,4,C,"(0, 4, 7, 10)",V7,G,C,F,187.625,63.0
1502,E,B-,4,C,"(0, 4, 7, 10)",V7,G,C,F,187.75,63.0
1503,E,B-,4,C,"(0, 4, 7, 10)",V7,G,C,F,187.875,63.0
1504,E,B-,5,C,"(0, 4, 7, 10)",V7,G,C,F,188.0,63.0
1505,E,B-,5,C,"(0, 4, 7, 10)",V7,G,C,F,188.125,63.0
1506,E,B-,5,C,"(0, 4, 7, 10)",V7,G,C,F,188.25,63.0
1507,E,B-,5,C,"(0, 4, 7, 10)",V7,G,C,F,188.375,63.0
1508,E,B-,5,C,"(0, 4, 7, 10)",V7,G,C,F,188.5,63.0
1509,E,B-,5,C,"(0, 4, 7, 10)",V7,G,C,F,188.625,63.0
1510,E,B-,5,C,"(0, 4, 7, 10)",V7,G,C,F,188.75,63.0
1511,E,B-,5,C,"(0, 4, 7, 10)",V7,G,C,F,188.875,63.0
1512,E,A,0,C,"(1, 4, 7, 9)",V7,G,C#,d,189.0,64.0
1513,E,A,1,C,"(1, 4, 7, 9)",V7,G,C#,d,189.125,64.0
1514,E,A,2,C,"(1, 4, 7, 9)",V7,G,C#,d,189.25,64.0
1515,E,A,2,C,"(1, 4, 7, 9)",V7,G,C#,d,189.375,64.0
1516,E,A,3,C,"(1, 4, 7, 9)",V7,G,C#,d,189.5,64.0
1517,E,A,3,C,"(1, 4, 7, 9)",V7,G,C#,d,189.625,64.0
1518,E,A,3,C,"(1, 4, 7, 9)",V7,G,C#,d,189.75,64.0
1519,E,A,3,C,"(1, 4, 7, 9)",V7,G,C#,d,189.875,64.0
1520,E,A,4,C,"(1, 4, 7, 9)",V7,G,C#,d,190.0,64.0
1521,E,A,4,C,"(1, 4, 7, 9)",V7,G,C#,d,190.125,64.0
1522,E,A,4,C,"(1, 4, 7, 9)",V7,G,C#,d,190.25,64.0
1523,E,A,4,C,"(1, 4, 7, 9)",V7,G,C#,d,190.375,64.0
1524,A,D,0,C,"(2, 5, 9)",ii,D,F,C,190.5,64.0
1525,A,D,1,C,"(2, 5, 9)",ii,D,F,C,190.625,64.0
1526,A,D,2,C,"(2, 5, 9)",ii,D,F,C,190.75,64.0
1527,A,D,2,C,"(2, 5, 9)",ii,D,F,C,190.875,64.0
1528,A,C#,0,C,"(1, 4, 9)",V,A,E,d,191.0,64.0
1529,A,C#,1,C,"(1, 4, 9)",V,A,E,d,191.125,64.0
1530,A,C#,2,C,"(1, 4, 9)",V,A,E,d,191.25,64.0
1531,A,C#,2,C,"(1, 4, 9)",V,A,E,d,191.375,64.0
1532,A,C#,3,C,"(1, 4, 9)",V,A,E,d,191.5,64.0
1533,A,C#,3,C,"(1, 4, 9)",V,A,E,d,191.625,64.0
1534,A,C#,3,C,"(1, 4, 9)",V,A,E,d,191.75,64.0
1535,A,C#,3,C,"(1, 4, 9)",V,A,E,d,191.875,64.0
1536,F,A-,0,C,"(0, 2, 5, 8)",iiø7,F,C,c,192.0,65.0
1537,D,A-,1,C,"(0, 2, 5, 8)",iiø7,F,C,c,192.125,65.0
1538,D,A-,2,C,"(0, 2, 5, 8)",iiø7,F,C,c,192.25,65.0
1539,D,A-,2,C,"(0, 2, 5, 8)",iiø7,F,C,c,192.375,65.0
1540,D,A-,3,C,"(0, 2, 5, 8)",iiø7,F,C,c,192.5,65.0
1541,D,A-,3,C,"(0, 2, 5, 8)",iiø7,F,C,c,192.625,65.0
1542,D,A-,3,C,"(0, 2, 5, 8)",iiø7,F,C,c,192.75,65.0
1543,D,A-,3,C,"(0, 2, 5, 8)",iiø7,F,C,c,192.875,65.0
1544,D,A-,0,C,"(0, 2, 5, 8)",iiø7,F,C,c,193.0,65.0
1545,D,A-,1,C,"(0, 2, 5, 8)",iiø7,F,C,c,193.125,65.0
1546,D,A-,2,C,"(0, 2, 5, 8)",iiø7,F,C,c,193.25,65.0
1547,D,A-,2,C,"(0, 2, 5, 8)",iiø7,F,C,c,193.375,65.0
1548,D,A-,3,C,"(0, 2, 5, 8)",iiø7,F,C,c,193.5,65.0
1549,D,A-,3,C,"(0, 2, 5, 8)",iiø7,F,C,c,193.625,65.0
1550,D,A-,3,C,"(0, 2, 5, 8)",iiø7,F,C,c,193.75,65.0
1551,D,A-,3,C,"(0, 2, 5, 8)",iiø7,F,C,c,193.875,65.0
1552,D,A-,0,C,"(0, 2, 5, 8)",iiø7,F,C,c,194.0,65.0
1553,D,A-,1,C,"(0, 2, 5, 8)",iiø7,F,C,c,194.125,65.0
1554,D,A-,2,C,"(0, 2, 5, 8)",iiø7,F,C,c,194.25,65.0
1555,D,A-,2,C,"(0, 2, 5, 8)",iiø7,F,C,c,194.375,65.0
1556,D,A-,3,C,"(0, 2, 5, 8)",iiø7,F,C,c,194.5,65.0
1557,D,A-,3,C,"(0, 2, 5, 8)",iiø7,F,C,c,194.625,65.0
1558,D,A-,3,C,"(0, 2, 5, 8)",iiø7,F,C,c,194.75,65.0
1559,D,A-,3,C,"(0, 2, 5, 8)",iiø7,F,C,c,194.875,65.0
1560,D,G,0,C,"(2, 5, 7, 11)",V7,F,B,C,195.0,66.0
1561,D,G,1,C,"(2, 5, 7, 11)",V7,F,B,C,195.125,66.0
1562,D,G,2,C,"(2, 5, 7, 11)",V7,F,B,C,195.25,66.0
1563,D,G,2,C,"(2, 5, 7, 11)",V7,F,B,C,195.375,66.0
1564,D,G,3,C,"(2, 5, 7, 11)",V7,F,B,C,195.5,66.0
1565,D,G,3,C,"(2, 5, 7, 11)",V7,F,B,C,195.625,66.0
1566,D,G,3,C,"(2, 5, 7, 11)",V7,F,B,C,195.75,66.0
1567,D,G,3,C,"(2, 5, 7, 11)",V7,F,B,C,195.875,66.0
1568,D,G,0,C,"(2, 5, 7, 11)",V7,F,B,C,196.0,66.0
1569,D,G,1,C,"(2, 5, 7, 11)",V7,F,B,C,196.125,66.0
1570,D,G,2,C,"(2, 5, 7, 11)",V7,F,B,C,196.25,66.0
1571,D,G,2,C,"(2, 5, 7, 11)",V7,F,B,C,196.375,66.0
1572,E,G,0,C,"(0, 4, 7)",I,C,C,C,196.5,66.0
1573,E,G,1,C,"(0, 4, 7)",I,C,C,C,196.625,66.0
1574,E,G,2,C,"(0, 4, 7)",I,C,C,C,196.75,66.0
1575,E,G,2,C,"(0, 4, 7)",I,C,C,C,196.875,66.0
1576,D,G,0,C,"(2, 5, 7, 11)",V7,F,B,C,197.0,66.0
1577,D,G,1,C,"(2, 5, 7, 11)",V7,F,B,C,197.125,66.0
1578,D,G,2,C,"(2, 5, 7, 11)",V7,F,B,C,197.25,66.0
1579,D,G,2,C,"(2, 5, 7, 11)",V7,F,B,C,197.375,66.0
1580,D,G,3,C,"(2, 5, 7, 11)",V7,F,B,C,197.5,66.0
1581,D,G,3,C,"(2, 5, 7, 11)",V7,F,B,C,197.625,66.0
1582,D,G,3,C,"(2, 5, 7, 11)",V7,F,B,C,197.75,66.0
1583,D,G,3,C,"(2, 5, 7, 11)",V7,F,B,C,197.875,66.0
1584,G,C,0,C,"(0, 4, 7)",I,C,E,C,198.0,67.0
1585,G,C,1,C,"(0, 4, 7)",I,C,E,C,198.125,67.0
1586,G,C,2,C,"(0, 4, 7)",I,C,E,C,198.25,67.0
1587,G,C,2,C,"(0, 4, 7)",I,C,E,C,198.375,67.0
1588,G,C,3,C,"(0, 4, 7)",I,C,E,C,198.5,67.0
1589,G,C,3,C,"(0, 4, 7)",I,C,E,C,198.625,67.0
1590,G,C,3,C,"(0, 4, 7)",I,C,E,C,198.75,67.0
1591,G,C,3,C,"(0, 4, 7)",I,C,E,C,198.875,67.0
1592,G,C,4,C,"(0, 4, 7)",I,C,E,C,199.0,67.0
1593,G,C,4,C,"(0, 4, 7)",I,C,E,C,199.125,67.0
1594,G,C,4,C,"(0, 4, 7)",I,C,E,C,199.25,67.0
1595,G,C,4,C,"(0, 4, 7)",I,C,E,C,199.375,67.0
1596,G,C,4,C,"(0, 4, 7)",I,C,E,C,199.5,67.0
1597,G,C,4,C,"(0, 4, 7)",I,C,E,C,199.625,67.0
1598,G,C,4,C,"(0, 4, 7)",I,C,E,C,199.75,67.0
1599,G,C,4,C,"(0, 4, 7)",I,C,E,C,199.875,67.0
1600,E,G,0,C,"(0, 4, 7)",I,C,E,C,200.0,67.0
1601,E,G,5,C,"(0, 4, 7)",I,C,E,C,200.125,67.0
1602,E,G,5,C,"(0, 4, 7)",I,C,E,C,200.25,67.0
1603,E,G,5,C,"(0, 4, 7)",I,C,E,C,200.375,67.0
1604,E,C,3,C,"(0, 4, 7)",I,C,E,C,200.5,67.0
1605,E,C,3,C,"(0, 4, 7)",I,C,E,C,200.625,67.0
1606,E,C,3,C,"(0, 4, 7)",I,C,E,C,200.75,67.0
1607,E,C,3,C,"(0, 4, 7)",I,C,E,C,200.875,67.0
1608,G,C,0,C,"(0, 4, 7)",I,C,E,C,201.0,68.0
1609,G,C,1,C,"(0, 4, 7)",I,C,E,C,201.125,68.0
1610,G,C,2,C,"(0, 4, 7)",I,C,E,C,201.25,68.0
1611,G,C,2,C,"(0, 4, 7)",I,C,E,C,201.375,68.0
1612,G,C,3,C,"(0, 4, 7)",I,C,E,C,201.5,68.0
1613,G,C,3,C,"(0, 4, 7)",I,C,E,C,201.625,68.0
1614,G,C,3,C,"(0, 4, 7)",I,C,E,C,201.75,68.0
1615,G,C,3,C,"(0, 4, 7)",I,C,E,C,201.875,68.0
1616,G,C,4,C,"(0, 4, 7)",I,C,E,C,202.0,68.0
1617,G,C,4,C,"(0, 4, 7)",I,C,E,C,202.125,68.0
1618,G,C,4,C,"(0, 4, 7)",I,C,E,C,202.25,68.0
1619,G,C,4,C,"(0, 4, 7)",I,C,E,C,202.375,68.0
1620,G,C,4,C,"(0, 4, 7)",I,C,E,C,202.5,68.0
1621,G,C,4,C,"(0, 4, 7)",I,C,E,C,202.625,68.0
1622,G,C,4,C,"(0, 4, 7)",I,C,E,C,202.75,68.0
1623,G,C,4,C,"(0, 4, 7)",I,C,E,C,202.875,68.0
1624,G,C,0,C,"(0, 4, 7)",I,C,E,C,203.0,68.0
1625,G,C,1,C,"(0, 4, 7)",I,C,E,C,203.125,68.0
1626,G,C,2,C,"(0, 4, 7)",I,C,E,C,203.25,68.0
1627,G,C,2,C,"(0, 4, 7)",I,C,E,C,203.375,68.0
1628,C,E,0,C,"(0, 4, 7)",I,C,G,C,203.5,68.0
1629,C,E,1,C,"(0, 4, 8)",V+,C,G#,C,203.625,68.0
1630,C,E,2,C,"(0, 4, 8)",V+,C,G#,C,203.75,68.0
1631,C,E,2,C,"(0, 4, 8)",V+,C,G#,C,203.875,68.0
1632,C,F,0,C,"(0, 2, 5, 9)",ii7,D,A,C,204.0,69.0
1633,C,F,1,C,"(0, 2, 5, 9)",ii7,D,A,C,204.125,69.0
1634,C,F,2,C,"(0, 2, 5, 9)",ii7,D,A,C,204.25,69.0
1635,C,F,2,C,"(0, 2, 5, 9)",ii7,D,A,C,204.375,69.0
1636,C,F,3,C,"(0, 2, 5, 9)",ii7,D,A,C,204.5,69.0
1637,C,F,3,C,"(0, 2, 5, 9)",ii7,D,A,C,204.625,69.0
1638,C,F,3,C,"(0, 2, 5, 9)",ii7,D,A,C,204.75,69.0
1639,C,F,3,C,"(0, 2, 5, 9)",ii7,D,A,C,204.875,69.0
1640,D,G,0,C,"(2, 7, 11)",V,G,B,C,205.0,69.0
1641,D,G,1,C,"(2, 7, 11)",V,G,B,C,205.125,69.0
1642,D,G,2,C,"(2, 7, 11)",V,G,B,C,205.25,69.0
1643,D,G,2,C,"(2, 7, 11)",V,G,B,C,205.375,69.0
1644,D,G,3,C,"(2, 7, 11)",V,G,B,C,205.5,69.0
1645,D,G,3,C,"(2, 7, 11)",V,G,B,C,205.625,69.0
1646,D,G,3,C,"(2, 7, 11)",V,G,B,C,205.75,69.0
1647,D,G,3,C,"(2, 7, 11)",V,G,B,C,205.875,69.0
1648,D,G,0,C,"(2, 7, 11)",V,G,B,C,206.0,69.0
1649,D,G,1,C,"(2, 7, 11)",V,G,B,C,206.125,69.0
1650,D,G,2,C,"(2, 7, 11)",V,G,B,C,206.25,69.0
1651,D,G,4,C,"(2, 7, 11)",V,G,B,C,206.375,69.0
1652,D,G,4,C,"(2, 7, 11)",V,G,B,C,206.5,69.0
1653,D,G,4,C,"(2, 7, 11)",V,G,D,C,206.625,69.0
1654,D,G,4,C,"(2, 7, 11)",V,G,D,C,206.75,69.0
1655,D,G,4,C,"(2, 7, 11)",V,G,B,C,206.875,69.0
1656,G,C,0,C,"(0, 4, 7)",I,C,E,C,207.0,70.0
1657,G,C,1,C,"(0, 4, 7)",I,C,E,C,207.125,70.0
1658,G,C,2,C,"(0, 4, 7)",I,C,E,C,207.25,70.0
1659,G,C,2,C,"(0, 4, 7)",I,C,E,C,207.375,70.0
1660,G,C,3,C,"(0, 4, 7)",I,C,E,C,207.5,70.0
1661,G,C,3,C,"(0, 4, 7)",I,C,E,C,207.625,70.0
1662,G,C,3,C,"(0, 4, 7)",I,C,E,C,207.75,70.0
1663,G,C,3,C,"(0, 4, 7)",I,C,E,C,207.875,70.0
1664,G,C,4,C,"(0, 4, 7)",I,C,E,C,208.0,70.0
1665,G,C,4,C,"(0, 4, 7)",I,C,E,C,208.125,70.0
1666,G,C,4,C,"(0, 4, 7)",I,C,E,C,208.25,70.0
1667,G,C,4,C,"(0, 4, 7)",I,C,E,C,208.375,70.0
1668,G,C,4,C,"(0, 4, 7)",I,C,E,C,208.5,70.0
1669,G,C,4,C,"(0, 4, 7)",I,C,E,C,208.625,70.0
1670,G,C,4,C,"(0, 4, 7)",I,C,E,C,208.75,70.0
1671,G,C,4,C,"(0, 4, 7)",I,C,E,C,208.875,70.0
1672,G,C,5,C,"(0, 4, 7)",I,C,E,C,209.0,70.0
1673,G,C,5,C,"(0, 4, 7)",I,C,E,C,209.125,70.0
1674,G,C,5,C,"(0, 4, 7)",I,C,E,C,209.25,70.0
1675,G,C,5,C,"(0, 4, 7)",I,C,E,C,209.375,70.0
1676,G,C,5,C,"(0, 4, 7)",I,C,E,C,209.5,70.0
1677,G,C,5,C,"(0, 4, 7)",I,C,E,C,209.625,70.0
1678,G,C,5,C,"(0, 4, 7)",I,C,E,C,209.75,70.0
1679,G,C,5,C,"(0, 4, 7)",I,C,E,C,209.875,70.0
1680,G,C,0,c,"(0, 3, 8)",VI,A-,E-,c,210.0,71.0
1681,E-,C,1,c,"(0, 3, 8)",VI,A-,E-,c,210.125,71.0
1682,E-,C,2,c,"(0, 3, 8)",VI,A-,E-,c,210.25,71.0
1683,E-,C,2,c,"(0, 3, 8)",VI,A-,E-,c,210.375,71.0
1684,E-,C,3,c,"(0, 3, 8)",VI,A-,E-,c,210.5,71.0
1685,E-,C,3,c,"(0, 3, 8)",VI,A-,E-,c,210.625,71.0
1686,E-,C,3,c,"(0, 3, 8)",VI,A-,E-,c,210.75,71.0
1687,E-,C,3,c,"(0, 3, 8)",VI,A-,E-,c,210.875,71.0
1688,E-,A-,0,c,"(0, 3, 8)",iv,A-,C,c,211.0,71.0
1689,E-,A-,1,c,"(0, 3, 8)",iv,A-,C,c,211.125,71.0
1690,E-,A-,2,c,"(0, 3, 8)",iv,A-,C,c,211.25,71.0
1691,E-,A-,2,c,"(0, 3, 8)",iv,A-,C,c,211.375,71.0
1692,E-,A-,3,c,"(0, 3, 8)",iv,A-,C,c,211.5,71.0
1693,E-,A-,3,c,"(0, 3, 8)",iv,A-,C,c,211.625,71.0
1694,E-,A-,3,c,"(0, 3, 8)",iv,A-,C,c,211.75,71.0
1695,E-,A-,3,c,"(0, 3, 8)",iv,A-,C,c,211.875,71.0
1696,C,F,0,c,"(0, 2, 5, 8)",iiø7,D,A-,c,212.0,71.0
1697,C,F,1,c,"(0, 2, 5, 8)",iiø7,D,A-,c,212.125,71.0
1698,C,F,2,c,"(0, 2, 5, 8)",iiø7,D,A-,c,212.25,71.0
1699,C,F,2,c,"(0, 2, 5, 8)",iiø7,D,A-,c,212.375,71.0
1700,C,F,3,c,"(0, 2, 5, 8)",iiø7,D,A-,c,212.5,71.0
1701,C,F,3,c,"(0, 2, 5, 8)",iiø7,D,A-,c,212.625,71.0
1702,C,F,3,c,"(0, 2, 5, 8)",iiø7,D,A-,c,212.75,71.0
1703,C,F,3,c,"(0, 2, 5, 8)",iiø7,D,A-,c,212.875,71.0
1704,D,G,0,c,"(2, 7, 11)",V,G,B,c,213.0,72.0
1705,D,G,1,c,"(2, 7, 11)",V,G,B,c,213.125,72.0
1706,D,G,2,c,"(2, 7, 11)",V,G,B,c,213.25,72.0
1707,D,G,2,c,"(2, 7, 11)",V,G,B,c,213.375,72.0
1708,D,G,3,c,"(2, 7, 11)",V,G,B,c,213.5,72.0
1709,D,G,3,c,"(2, 7, 11)",V,G,B,c,213.625,72.0
1710,D,G,3,c,"(2, 7, 11)",V,G,B,c,213.75,72.0
1711,D,G,3,c,"(2, 7, 11)",V,G,B,c,213.875,72.0
1712,D,G,4,c,"(2, 7, 11)",V,G,B,c,214.0,72.0
1713,D,G,4,c,"(2, 7, 11)",V,G,B,c,214.125,72.0
1714,D,G,4,c,"(2, 7, 11)",V,G,B,c,214.25,72.0
1715,D,G,4,c,"(2, 7, 11)",V,G,B,c,214.375,72.0
1716,D,G,4,c,"(2, 7, 11)",V,G,B,c,214.5,72.0
1717,D,G,4,c,"(2, 7, 11)",V,G,B,c,214.625,72.0
1718,D,G,4,c,"(2, 7, 11)",V,G,B,c,214.75,72.0
1719,D,G,4,c,"(2, 7, 11)",V,G,B,c,214.875,72.0
1720,D,G,5,c,"(2, 7, 11)",V,G,B,c,215.0,72.0
1721,D,G,5,c,"(2, 7, 11)",V,G,B,c,215.125,72.0
1722,D,G,5,c,"(2, 7, 11)",V,G,B,c,215.25,72.0
1723,D,G,5,c,"(2, 7, 11)",V,G,B,c,215.375,72.0
1724,D,G,5,c,"(2, 7, 11)",V,G,B,c,215.5,72.0
1725,D,G,5,c,"(2, 7, 11)",V,G,B,c,215.625,72.0
1726,D,G,5,c,"(2, 7, 11)",V,G,B,c,215.75,72.0
1727,D,G,5,c,"(2, 7, 11)",V,G,B,c,215.875,72.0
1728,G,C,0,c,"(0, 3, 7)",i,C,E-,c,216.0,73.0
1729,G,C,1,c,"(0, 3, 7)",i,C,E-,c,216.125,73.0
1730,G,C,2,c,"(0, 3, 7)",i,C,E-,c,216.25,73.0
1731,G,C,2,c,"(0, 3, 7)",i,C,E-,c,216.375,73.0
1732,G,C,3,c,"(0, 3, 7)",i,C,E-,c,216.5,73.0
1733,G,C,3,c,"(0, 3, 7)",i,C,E-,c,216.625,73.0
1734,G,C,3,c,"(0, 3, 7)",i,C,E-,c,216.75,73.0
1735,G,C,3,c,"(0, 3, 7)",i,C,E-,c,216.875,73.0
1736,G,C,4,c,"(0, 3, 7)",i,C,E-,c,217.0,73.0
1737,G,C,4,c,"(0, 3, 7)",i,C,E-,c,217.125,73.0
1738,G,C,4,c,"(0, 3, 7)",i,C,E-,c,217.25,73.0
1739,G,C,4,c,"(0, 3, 7)",i,C,E-,c,217.375,73.0
1740,G,C,3,c,"(0, 3, 7)",i,C,E-,c,217.5,73.0
1741,G,C,3,c,"(0, 3, 7)",i,C,E-,c,217.625,73.0
1742,G,C,3,c,"(0, 3, 7)",i,C,E-,c,217.75,73.0
1743,G,C,3,c,"(0, 3, 7)",i,C,E-,c,217.875,73.0
1744,F,A-,0,c,"(0, 5, 8)",i,F,C,c,218.0,73.0
1745,F,A-,1,c,"(0, 5, 8)",i,F,C,c,218.125,73.0
1746,F,A-,2,c,"(0, 5, 8)",i,F,C,c,218.25,73.0
1747,F,A-,2,c,"(0, 5, 8)",i,F,C,c,218.375,73.0
1748,F,A-,3,c,"(0, 5, 8)",i,F,C,c,218.5,73.0
1749,F,A-,3,c,"(0, 5, 8)",i,F,C,c,218.625,73.0
1750,F,A-,3,c,"(0, 5, 8)",i,F,C,c,218.75,73.0
1751,F,A-,3,c,"(0, 5, 8)",i,F,C,c,218.875,73.0
1752,G,B-,0,c,"(3, 7, 10)",V7,E-,E-,E-,219.0,74.0
1753,G,B-,1,c,"(3, 7, 10)",V7,E-,E-,E-,219.125,74.0
1754,G,B-,2,c,"(3, 7, 10)",V7,E-,E-,E-,219.25,74.0
1755,G,B-,2,c,"(3, 7, 10)",V7,E-,E-,E-,219.375,74.0
1756,G,B-,3,c,"(3, 7, 10)",V7,E-,E-,E-,219.5,74.0
1757,G,B-,3,c,"(3, 7, 10)",V7,E-,E-,E-,219.625,74.0
1758,G,B-,3,c,"(3, 7, 10)",V7,E-,E-,E-,219.75,74.0
1759,G,B-,3,c,"(3, 7, 10)",V7,E-,E-,E-,219.875,74.0
1760,F,B,0,c,"(2, 5, 8, 11)",viio7,A-,D,c,220.0,74.0
1761,F,B,1,c,"(2, 5, 8, 11)",viio7,A-,D,c,220.125,74.0
1762,F,B,2,c,"(2, 5, 8, 11)",viio7,A-,D,c,220.25,74.0
1763,F,B,2,c,"(2, 5, 8, 11)",viio7,A-,D,c,220.375,74.0
1764,F,B,3,c,"(2, 5, 8, 11)",viio7,A-,D,c,220.5,74.0
1765,F,B,3,c,"(2, 5, 8, 11)",viio7,A-,D,c,220.625,74.0
1766,F,B,3,c,"(2, 5, 8, 11)",viio7,A-,D,c,220.75,74.0
1767,F,B,3,c,"(2, 5, 8, 11)",viio7,A-,D,c,220.875,74.0
1768,G,C,0,c,"(0, 3, 7)",i,C,E-,c,221.0,74.0
1769,G,C,1,c,"(0, 3, 7)",i,C,E-,c,221.125,74.0
1770,G,C,2,c,"(0, 3, 7)",i,C,E-,c,221.25,74.0
1771,G,C,2,c,"(0, 3, 7)",i,C,E-,c,221.375,74.0
1772,G,C,3,c,"(0, 3, 7)",i,C,E-,c,221.5,74.0
1773,G,C,3,c,"(0, 3, 7)",i,C,E-,c,221.625,74.0
1774,G,C,3,c,"(0, 3, 7)",i,C,E-,c,221.75,74.0
1775,G,C,3,c,"(0, 3, 7)",i,C,E-,c,221.875,74.0
1776,D-,F,0,c,"(1, 5, 8)",Ger7,D-,A-,c,222.0,75.0
1777,D-,F,1,c,"(1, 5, 8)",iv7,D-,A-,c,222.125,75.0
1778,D-,F,2,c,"(1, 5, 8)",iv7,D-,A-,c,222.25,75.0
1779,D-,F,2,c,"(1, 5, 8)",iv7,D-,A-,c,222.375,75.0
1780,D-,F,3,c,"(1, 5, 8)",iv7,D-,A-,c,222.5,75.0
1781,D-,F,3,c,"(1, 5, 8)",iv7,D-,A-,c,222.625,75.0
1782,D-,F,3,c,"(1, 5, 8)",iv7,D-,A-,c,222.75,75.0
1783,D-,F,3,c,"(1, 5, 8)",iv7,D-,A-,c,222.875,75.0
1784,C,F,0,c,"(0, 3, 6, 9)",viio7,E-,A,b-,223.0,75.0
1785,C,F,1,c,"(0, 3, 6, 9)",viio7,E-,A,g,223.125,75.0
1786,C,F,2,c,"(0, 3, 6, 9)",viio7,E-,A,g,223.25,75.0
1787,C,F,2,c,"(0, 3, 6, 9)",viio7,E-,A,g,223.375,75.0
1788,C,F,3,c,"(0, 3, 6, 9)",viio7,E-,A,g,223.5,75.0
1789,C,F,3,c,"(0, 3, 6, 9)",viio7,E-,A,g,223.625,75.0
1790,C,F,3,c,"(0, 3, 6, 9)",viio7,E-,A,g,223.75,75.0
1791,C,F,3,c,"(0, 3, 6, 9)",viio7,E-,A,g,223.875,75.0
1792,D,G,0,c,"(2, 5, 7, 11)",V7,F,B,c,224.0,75.0
1793,D,G,1,c,"(2, 5, 7, 11)",V7,F,B,c,224.125,75.0
1794,D,G,2,c,"(2, 5, 7, 11)",V7,F,B,c,224.25,75.0
1795,D,G,2,c,"(2, 5, 7, 11)",V7,F,B,c,224.375,75.0
1796,D,G,3,c,"(2, 5, 7, 11)",V7,F,B,c,224.5,75.0
1797,D,G,3,c,"(2, 5, 7, 11)",V7,F,B,c,224.625,75.0
1798,D,G,3,c,"(2, 5, 7, 11)",V7,F,B,c,224.75,75.0
1799,D,G,3,c,"(2, 5, 7, 11)",V7,F,B,c,224.875,75.0
1800,G,C,0,c,"(0, 3, 7)",i,C,E-,c,225.0,76.0
1801,G,C,1,c,"(0, 3, 7)",i,C,E-,c,225.125,76.0
1802,G,C,2,c,"(0, 3, 7)",i,C,E-,c,225.25,76.0
1803,G,C,2,c,"(0, 3, 7)",i,C,E-,c,225.375,76.0
1804,G,C,3,c,"(0, 3, 7)",i,C,E-,c,225.5,76.0
1805,G,C,3,c,"(0, 3, 7)",i,C,E-,c,225.625,76.0
1806,G,C,3,c,"(0, 3, 7)",i,C,E-,c,225.75,76.0
1807,G,C,3,c,"(0, 3, 7)",i,C,E-,c,225.875,76.0
1808,G,C,4,c,"(0, 3, 7)",i,C,E-,c,226.0,76.0
1809,G,C,4,c,"(0, 3, 7)",i,C,E-,c,226.125,76.0
1810,G,C,4,c,"(0, 3, 7)",i,C,E-,c,226.25,76.0
1811,G,C,4,c,"(0, 3, 7)",i,C,E-,c,226.375,76.0
1812,G,C,4,c,"(0, 3, 7)",i,C,E-,c,226.5,76.0
1813,G,C,4,c,"(0, 3, 7)",i,C,E-,c,226.625,76.0
1814,G,C,4,c,"(0, 3, 7)",i,C,E-,c,226.75,76.0
1815,G,C,4,c,"(0, 3, 7)",i,C,E-,c,226.875,76.0
1816,E-,A-,0,c,"(0, 3, 8)",i,C,C,c,227.0,76.0
1817,E-,A-,1,c,"(0, 3, 8)",i,C,C,c,227.125,76.0
1818,E-,A-,2,c,"(0, 3, 8)",i,C,C,c,227.25,76.0
1819,E-,A-,2,c,"(0, 3, 8)",i,C,C,c,227.375,76.0
1820,E-,A-,3,c,"(0, 3, 8)",i,C,C,c,227.5,76.0
1821,E-,A-,3,c,"(0, 3, 8)",i,C,C,c,227.625,76.0
1822,E-,A-,3,c,"(0, 3, 8)",i,C,C,c,227.75,76.0
1823,E-,A-,3,c,"(0, 3, 8)",i,C,C,c,227.875,76.0
1824,B-,E-,0,E-,"(3, 7, 10)",I,E-,G,E-,228.0,77.0
1825,B-,E-,1,c,"(3, 7, 10)",I,E-,G,E-,228.125,77.0
1826,B-,E-,2,c,"(3, 7, 10)",I,E-,G,E-,228.25,77.0
1827,B-,E-,2,c,"(3, 7, 10)",I,E-,G,E-,228.375,77.0
1828,B-,E-,3,c,"(3, 7, 10)",I,E-,G,E-,228.5,77.0
1829,B-,E-,3,c,"(3, 7, 10)",I,E-,G,E-,228.625,77.0
1830,B-,E-,3,c,"(3, 7, 10)",I,E-,G,E-,228.75,77.0
1831,B-,E-,3,c,"(3, 7, 10)",I,E-,G,E-,228.875,77.0
1832,B-,E-,4,c,"(3, 7, 10)",I,E-,G,E-,229.0,77.0
1833,B-,E-,4,c,"(3, 7, 10)",I,E-,G,E-,229.125,77.0
1834,B-,E-,4,c,"(3, 7, 10)",I,E-,G,E-,229.25,77.0
1835,B-,E-,4,c,"(3, 7, 10)",I,E-,G,E-,229.375,77.0
1836,B-,E-,4,c,"(3, 7, 10)",I,E-,G,E-,229.5,77.0
1837,B-,E-,4,c,"(3, 7, 10)",I,E-,G,E-,229.625,77.0
1838,B-,E-,4,c,"(3, 7, 10)",I,E-,G,E-,229.75,77.0
1839,B-,E-,4,c,"(3, 7, 10)",I,E-,G,E-,229.875,77.0
1840,B-,E-,0,c,"(3, 7, 10)",I,E-,G,E-,230.0,77.0
1841,B-,E-,1,c,"(3, 7, 10)",I,E-,G,E-,230.125,77.0
1842,B-,E-,2,c,"(3, 7, 10)",I,E-,G,E-,230.25,77.0
1843,B-,E-,2,c,"(3, 7, 10)",I,E-,G,E-,230.375,77.0
1844,B-,E-,3,c,"(3, 7, 10)",I,E-,G,E-,230.5,77.0
1845,B-,E-,3,c,"(3, 7, 10)",I,E-,G,E-,230.625,77.0
1846,B-,E-,3,c,"(3, 7, 10)",I,E-,G,E-,230.75,77.0
1847,B-,E-,3,c,"(3, 7, 10)",I,E-,G,E-,230.875,77.0
1848,B-,E-,0,c,"(3, 7, 10)",I,E-,G,E-,231.0,78.0
1849,B-,E-,1,c,"(3, 7, 10)",I,E-,G,E-,231.125,78.0
1850,B-,E-,2,c,"(3, 7, 10)",I,E-,G,E-,231.25,78.0
1851,B-,E-,2,c,"(3, 7, 10)",I,E-,G,E-,231.375,78.0
1852,B-,E-,3,c,"(3, 7, 10)",I,E-,G,E-,231.5,78.0
1853,B-,E-,3,c,"(3, 7, 10)",I,E-,G,E-,231.625,78.0
1854,B-,E-,3,c,"(3, 7, 10)",I,E-,G,E-,231.75,78.0
1855,B-,E-,3,c,"(3, 7, 10)",I,E-,G,E-,231.875,78.0
1856,B,G,0,c,"(2, 5, 7, 11)",V7,B,G,c,232.0,78.0
1857,B,G,1,c,"(2, 5, 7, 11)",V7,B,G,c,232.125,78.0
1858,B,G,2,c,"(2, 5, 7, 11)",V7,B,G,c,232.25,78.0
1859,B,G,2,c,"(2, 5, 7, 11)",V7,B,G,c,232.375,78.0
1860,B,G,3,c,"(2, 5, 7, 11)",V7,B,G,c,232.5,78.0
1861,B,G,3,c,"(2, 5, 7, 11)",V7,B,G,c,232.625,78.0
1862,B,G,3,c,"(2, 5, 7, 11)",V7,B,G,c,232.75,78.0
1863,B,G,3,c,"(2, 5, 7, 11)",V7,B,G,c,232.875,78.0
1864,G,C,0,c,"(0, 3, 7)",i,C,E-,c,233.0,78.0
1865,G,C,1,c,"(0, 3, 7)",i,C,E-,c,233.125,78.0
1866,G,C,2,c,"(0, 3, 7)",i,C,E-,c,233.25,78.0
1867,G,C,2,c,"(0, 3, 7)",i,C,E-,c,233.375,78.0
1868,G,C,3,c,"(0, 3, 7)",i,C,E-,c,233.5,78.0
1869,G,C,3,c,"(0, 3, 7)",i,C,E-,c,233.625,78.0
1870,G,C,3,c,"(0, 3, 7)",i,C,E-,c,233.75,78.0
1871,G,C,3,c,"(0, 3, 7)",i,C,E-,c,233.875,78.0
1872,E-,A-,0,c,"(0, 3, 5, 8)",iiø7,F,C,c,234.0,79.0
1873,E-,A-,1,c,"(0, 3, 5, 8)",iiø7,F,C,c,234.125,79.0
1874,E-,A-,2,c,"(0, 3, 5, 8)",iiø7,F,C,c,234.25,79.0
1875,E-,A-,2,c,"(0, 3, 5, 8)",iiø7,F,C,c,234.375,79.0
1876,E-,A-,3,c,"(0, 3, 5, 8)",iiø7,F,C,c,234.5,79.0
1877,E-,A-,3,c,"(0, 3, 5, 8)",iiø7,F,C,c,234.625,79.0
1878,E-,A-,3,c,"(0, 3, 5, 8)",iiø7,F,C,c,234.75,79.0
1879,E-,A-,3,c,"(0, 3, 5, 8)",iiø7,F,C,c,234.875,79.0
1880,E-,A-,4,c,"(0, 3, 5, 8)",iiø7,F,C,c,235.0,79.0
1881,E-,A-,4,c,"(0, 3, 5, 8)",iiø7,F,C,c,235.125,79.0
1882,E-,A-,4,c,"(0, 3, 5, 8)",iiø7,F,C,c,235.25,79.0
1883,E-,A-,4,c,"(0, 3, 5, 8)",iiø7,F,C,c,235.375,79.0
1884,E-,A-,4,c,"(0, 3, 5, 8)",iiø7,F,C,c,235.5,79.0
1885,E-,A-,4,c,"(0, 3, 5, 8)",iiø7,F,C,c,235.625,79.0
1886,E-,A-,4,c,"(0, 3, 5, 8)",iiø7,F,C,c,235.75,79.0
1887,E-,A-,4,c,"(0, 3, 5, 8)",iiø7,F,C,c,235.875,79.0
1888,E-,A-,5,c,"(0, 3, 5, 8)",iiø7,F,C,c,236.0,79.0
1889,E-,A-,5,c,"(0, 3, 5, 8)",iiø7,F,C,c,236.125,79.0
1890,E-,A-,5,c,"(0, 3, 5, 8)",iiø7,F,C,c,236.25,79.0
1891,E-,A-,5,c,"(0, 3, 5, 8)",iiø7,F,C,c,236.375,79.0
1892,E-,A-,5,c,"(0, 3, 5, 8)",iiø7,F,C,c,236.5,79.0
1893,E-,A-,5,c,"(0, 3, 5, 8)",iiø7,F,C,c,236.625,79.0
1894,E-,A-,5,c,"(0, 3, 5, 8)",iiø7,F,C,c,236.75,79.0
1895,E-,A-,5,c,"(0, 3, 5, 8)",iiø7,F,C,c,236.875,79.0
1896,D,G,0,c,"(2, 5, 7, 11)",V7,F,B,c,237.0,80.0
1897,D,G,1,c,"(2, 5, 7, 11)",V7,F,B,c,237.125,80.0
1898,D,G,2,c,"(2, 5, 7, 11)",V7,F,B,c,237.25,80.0
1899,D,G,2,c,"(2, 5, 7, 11)",V7,F,B,c,237.375,80.0
1900,D,G,3,c,"(2, 5, 7, 11)",V7,F,B,c,237.5,80.0
1901,D,G,3,c,"(2, 5, 7, 11)",V7,F,B,C,237.625,80.0
1902,D,G,3,c,"(2, 5, 7, 11)",V7,F,B,C,237.75,80.0
1903,D,G,3,c,"(2, 5, 7, 11)",V7,F,B,C,237.875,80.0
1904,E-,A,4,c,"(0, 3, 5, 9)",V7,F,C,C,238.0,80.0
1905,E-,A,4,c,"(0, 3, 5, 9)",V7,F,C,C,238.125,80.0
1906,E-,A,4,c,"(0, 3, 5, 9)",V7,F,C,C,238.25,80.0
1907,E-,A,4,c,"(0, 3, 5, 9)",V7,F,C,C,238.375,80.0
1908,E-,A,3,c,"(0, 3, 5, 9)",V7,F,C,C,238.5,80.0
1909,E-,A,3,c,"(0, 3, 5, 9)",V7,F,C,C,238.625,80.0
1910,E-,A,3,c,"(0, 3, 5, 9)",V7,F,C,C,238.75,80.0
1911,E-,A,3,c,"(0, 3, 5, 9)",V7,F,C,C,238.875,80.0
1912,F,B,0,c,"(2, 5, 7, 11)",V7,G,D,c,239.0,80.0
1913,F,B,1,c,"(2, 5, 7, 11)",V7,G,D,c,239.125,80.0
1914,F,B,2,c,"(2, 5, 7, 11)",V7,G,D,c,239.25,80.0
1915,F,B,2,c,"(2, 5, 7, 11)",V7,G,D,c,239.375,80.0
1916,F,B,3,c,"(2, 5, 7, 11)",V7,G,D,c,239.5,80.0
1917,F,B,3,c,"(2, 5, 7, 11)",V7,G,D,c,239.625,80.0
1918,F,B,3,c,"(2, 5, 7, 11)",V7,G,D,c,239.75,80.0
1919,F,B,3,c,"(2, 5, 7, 11)",V7,G,D,c,239.875,80.0
1920,G,C,0,c,"(0, 3, 7)",i,C,E-,c,240.0,81.0
1921,G,C,1,c,"(0, 3, 7)",i,C,E-,c,240.125,81.0
1922,G,C,2,c,"(0, 3, 7)",i,C,E-,c,240.25,81.0
1923,G,C,2,c,"(0, 3, 7)",i,C,E-,c,240.375,81.0
1924,G,C,3,c,"(0, 3, 7)",i,C,E-,c,240.5,81.0
1925,G,C,3,c,"(0, 3, 7)",i,C,E-,c,240.625,81.0
1926,G,C,3,c,"(0, 3, 7)",i,C,E-,c,240.75,81.0
1927,G,C,3,c,"(0, 3, 7)",i,C,E-,c,240.875,81.0
1928,D,G,0,c,"(0, 3, 7)",V,C,B,c,241.0,81.0
1929,D,G,1,c,"(0, 3, 7)",V,C,B,c,241.125,81.0
1930,D,G,2,c,"(0, 3, 7)",V,C,B,c,241.25,81.0
1931,D,G,2,c,"(0, 3, 7)",V,C,B,c,241.375,81.0
1932,D,G,3,c,"(0, 3, 7)",V,C,B,c,241.5,81.0
1933,D,G,3,c,"(0, 3, 7)",V,C,B,c,241.625,81.0
1934,D,G,3,c,"(0, 3, 7)",V,C,B,c,241.75,81.0
1935,D,G,3,c,"(0, 3, 7)",V,C,B,c,241.875,81.0
1936,D,G,0,c,"(2, 5, 7, 11)",V7,B,B,c,242.0,81.0
1937,D,F,1,c,"(2, 5, 11)",V7,B,B,c,242.125,81.0
1938,D,F,2,c,"(2, 5, 11)",V7,B,B,c,242.25,81.0
1939,D,F,2,c,"(2, 5, 11)",V7,B,B,c,242.375,81.0
1940,D,G,3,c,"(2, 5, 11)",V7,B,B,c,242.5,81.0
1941,D,G,3,c,"(2, 5, 11)",V7,B,B,c,242.625,81.0
1942,D,G,3,c,"(2, 5, 11)",V7,B,B,c,242.75,81.0
1943,D,G,3,c,"(2, 5, 11)",viio7,B,B,c,242.875,81.0
1944,C,E-,0,c,"(0, 3, 7)",I,C,G,C,243.0,82.0
1945,C,E-,1,c,"(0, 3, 7)",I,C,G,C,243.125,82.0
1946,C,E-,2,c,"(0, 3, 7)",I,C,G,C,243.25,82.0
1947,C,E-,2,c,"(0, 3, 7)",I,C,G,C,243.375,82.0
1948,C,E-,3,c,"(0, 3, 7)",I,C,G,C,243.5,82.0
1949,C,E-,3,c,"(0, 3, 7)",I,C,G,C,243.625,82.0
1950,C,E-,3,c,"(0, 3, 7)",I,C,G,C,243.75,82.0
1951,C,E-,3,c,"(0, 3, 7)",I,C,G,C,243.875,82.0
1952,C,E,4,c,"(0, 4, 7)",I,C,G,C,244.0,82.0
1953,C,E,4,c,"(0, 4, 7)",I,C,G,C,244.125,82.0
1954,C,E,4,c,"(0, 4, 7)",I,C,G,C,244.25,82.0
1955,C,E,4,c,"(0, 4, 7)",I,C,G,C,244.375,82.0
1956,C,E,4,c,"(0, 4, 7)",I,C,G,C,244.5,82.0
1957,C,E,4,c,"(0, 4, 7)",I,C,G,C,244.625,82.0
1958,C,E,4,c,"(0, 4, 7)",I,C,G,C,244.75,82.0
1959,C,E,4,c,"(0, 4, 7)",I,C,G,C,244.875,82.0
1960,B-,E,0,c,"(0, 4, 7, 10)",V7,C,G,f,245.0,82.0
1961,B-,E,1,c,"(0, 4, 7, 10)",V7,C,G,f,245.125,82.0
1962,B-,E,2,c,"(0, 4, 7, 10)",V7,C,G,f,245.25,82.0
1963,B-,E,2,c,"(0, 4, 7, 10)",V7,C,G,f,245.375,82.0
1964,B-,E,3,c,"(0, 4, 7, 10)",V7,C,G,f,245.5,82.0
1965,B-,E,3,c,"(0, 4, 7, 10)",V7,C,G,f,245.625,82.0
1966,B-,E,3,c,"(0, 4, 7, 10)",V7,C,G,f,245.75,82.0
1967,B-,E,3,c,"(0, 4, 7, 10)",V7,C,G,f,245.875,82.0
1968,D-,F,0,c,"(1, 5, 8)",iv,D-,A-,c,246.0,83.0
1969,C,F,1,c,"(1, 5, 8)",iv,D-,A-,c,246.125,83.0
1970,C,F,2,c,"(1, 5, 8)",iv,D-,A-,c,246.25,83.0
1971,C,F,2,c,"(1, 5, 8)",iv,D-,A-,c,246.375,83.0
1972,C,F,3,c,"(1, 5, 8)",iv,D-,A-,c,246.5,83.0
1973,C,F,3,c,"(1, 5, 8)",iv,D-,A-,c,246.625,83.0
1974,C,F,3,c,"(1, 5, 8)",iv,D-,A-,c,246.75,83.0
1975,C,F,3,c,"(1, 5, 8)",iv,D-,A-,c,246.875,83.0
1976,C,G,0,c,"(0, 3, 7)",i,C,C,c,247.0,83.0
1977,C,G,1,c,"(0, 3, 7)",i,C,C,c,247.125,83.0
1978,C,G,2,c,"(0, 3, 7)",i,C,C,c,247.25,83.0
1979,C,G,2,c,"(0, 3, 7)",i,C,C,c,247.375,83.0
1980,C,G,3,c,"(0, 3, 7)",i,C,C,c,247.5,83.0
1981,C,G,3,c,"(0, 3, 7)",i,C,C,c,247.625,83.0
1982,C,G,3,c,"(0, 3, 7)",i,C,C,c,247.75,83.0
1983,C,G,3,c,"(0, 3, 7)",i,C,C,c,247.875,83.0
1984,D,G,0,c,"(2, 5, 7, 11)",V7,F,B,c,248.0,83.0
1985,D,G,1,c,"(2, 5, 7, 11)",V7,F,B,c,248.125,83.0
1986,D,G,2,c,"(2, 5, 7, 11)",V7,F,B,c,248.25,83.0
1987,D,G,2,c,"(2, 5, 7, 11)",V7,F,B,c,248.375,83.0
1988,D,G,3,c,"(2, 5, 7, 11)",V7,F,B,c,248.5,83.0
1989,D,G,3,c,"(2, 5, 7, 11)",V7,F,B,c,248.625,83.0
1990,D,G,3,c,"(2, 5, 7, 11)",V7,F,B,c,248.75,83.0
1991,D,G,3,c,"(2, 5, 7, 11)",V7,F,B,c,248.875,83.0
1992,G,C,0,c,"(2, 5, 7, 11)",V7,C,F,c,249.0,84.0
1993,G,C,1,C,"(2, 5, 7, 11)",V7,C,F,c,249.125,84.0
1994,G,C,2,C,"(2, 5, 7, 11)",V7,C,F,c,249.25,84.0
1995,G,C,2,C,"(2, 5, 7, 11)",V7,C,F,c,249.375,84.0
1996,G,C,3,C,"(2, 5, 7, 11)",V7,C,F,c,249.5,84.0
1997,G,C,3,C,"(2, 5, 7, 11)",V7,C,F,c,249.625,84.0
1998,G,C,3,C,"(2, 5, 7, 11)",V7,C,F,c,249.75,84.0
1999,G,C,3,C,"(2, 5, 7, 11)",V7,C,F,c,249.875,84.0
2000,G,C,0,C,"(0, 3, 7)",i,C,E-,c,250.0,84.0
2001,G,C,1,C,"(0, 3, 7)",i,C,E-,c,250.125,84.0
2002,G,C,2,C,"(0, 3, 7)",i,C,E-,c,250.25,84.0
2003,G,C,2,C,"(0, 3, 7)",i,C,E-,c,250.375,84.0
2004,G,C,3,C,"(0, 3, 7)",i,C,E-,c,250.5,84.0
2005,G,C,3,C,"(0, 3, 7)",i,C,E-,c,250.625,84.0
2006,G,C,3,C,"(0, 3, 7)",i,C,E-,c,250.75,84.0
2007,G,C,3,C,"(0, 3, 7)",i,C,E-,c,250.875,84.0
2008,G,C,4,C,"(0, 3, 7)",i,C,E-,c,251.0,84.0
2009,G,C,4,C,"(0, 3, 7)",i,C,E-,c,251.125,84.0
2010,G,C,4,C,"(0, 3, 7)",i,C,E-,c,251.25,84.0
2011,G,C,4,C,"(0, 3, 7)",i,C,E-,c,251.375,84.0
2012,G,C,5,C,"(0, 3, 7)",i,C,E-,c,251.5,84.0
2013,G,C,5,C,"(0, 3, 7)",i,C,E-,c,251.625,84.0
2014,G,C,5,C,"(0, 3, 7)",i,C,E-,c,251.75,84.0
2015,G,C,5,C,"(0, 3, 7)",i,C,E-,c,251.875,84.0
2016,G,C,0,C,"(0, 4, 7)",I,C,E,C,252.0,84.0
2017,G,C,1,C,"(0, 4, 7)",I,C,E,C,252.125,84.0
2018,G,C,2,C,"(0, 4, 7)",I,C,E,C,252.25,84.0
2019,G,C,2,C,"(0, 4, 7)",I,C,E,C,252.375,84.0
2020,G,C,3,C,"(0, 4, 7)",I,C,E,C,252.5,84.0
2021,G,C,3,C,"(0, 4, 7)",I,C,E,C,252.625,84.0
2022,G,C,3,C,"(0, 4, 7)",I,C,E,C,252.75,84.0
2023,G,C,3,C,"(0, 4, 7)",I,C,E,C,252.875,84.0
2024,G,C,0,C,"(0, 4, 7)",I,C,E,C,253.0,85.0
2025,G,C,1,C,"(0, 4, 7)",I,C,E,C,253.125,85.0
2026,G,C,2,C,"(0, 4, 7)",I,C,E,C,253.25,85.0
2027,G,C,2,C,"(0, 4, 7)",I,C,E,C,253.375,85.0
2028,G,C,3,C,"(0, 4, 7)",I,C,E,C,253.5,85.0
2029,G,C,3,C,"(0, 4, 7)",I,C,E,C,253.625,85.0
2030,G,C,3,C,"(0, 4, 7)",I,C,E,C,253.75,85.0
2031,G,C,3,C,"(0, 4, 7)",I,C,E,C,253.875,85.0
2032,G,C,4,C,"(0, 4, 7)",I,C,E,C,254.0,85.0
2033,G,C,4,C,"(0, 4, 7)",I,C,E,C,254.125,85.0
2034,G,C,4,C,"(0, 4, 7)",I,C,E,C,254.25,85.0
2035,G,C,4,C,"(0, 4, 7)",I,C,E,C,254.375,85.0
2036,G,D,0,C,"(2, 5, 7, 11)",V7,B,F,C,254.5,85.0
2037,G,D,1,C,"(2, 5, 7, 11)",V7,B,F,C,254.625,85.0
2038,G,D,2,C,"(2, 5, 7, 11)",V7,B,F,C,254.75,85.0
2039,G,D,2,C,"(2, 5, 7, 11)",V7,B,F,C,254.875,85.0
2040,C,E,0,C,"(0, 4, 7)",I,C,G,C,255.0,85.0
2041,C,E,1,C,"(0, 4, 7)",I,C,G,C,255.125,85.0
2042,C,E,2,C,"(0, 4, 7)",I,C,G,C,255.25,85.0
2043,C,E,2,C,"(0, 4, 7)",I,C,G,C,255.375,85.0
2044,C,E,3,C,"(0, 4, 7)",I,C,G,C,255.5,85.0
2045,C,E,3,C,"(0, 4, 7)",I,C,G,C,255.625,85.0
2046,G,D,0,C,"(2, 5, 7, 11)",V7,C,G,C,255.75,85.0
2047,G,D,2,C,"(2, 5, 7, 11)",V7,C,G,C,255.875,85.0
2048,G,C,0,C,"(0, 4, 7)",I,C,E,C,256.0,85.0
2049,G,C,1,C,"(0, 4, 7)",I,C,E,C,256.125,85.0
2050,G,C,2,C,"(0, 4, 7)",I,C,E,C,256.25,85.0
2051,G,C,2,C,"(0, 4, 7)",I,C,E,C,256.375,85.0
2052,G,C,3,C,"(0, 4, 7)",I,C,E,C,256.5,85.0
2053,G,C,3,C,"(0, 4, 7)",I,C,E,C,256.625,85.0
2054,C,F,4,C,"(2, 5, 9)",ii,D,A,C,256.75,85.0
2055,D,F,2,C,"(2, 5, 9)",ii,D,A,C,256.875,85.0
2056,D,G,0,C,"(2, 7, 11)",V,G,B,C,257.0,86.0
2057,D,G,1,C,"(2, 7, 11)",V,G,B,C,257.125,86.0
2058,D,G,2,C,"(2, 7, 11)",V,G,B,C,257.25,86.0
2059,D,G,2,C,"(2, 7, 11)",V,G,B,C,257.375,86.0
2060,D,G,3,C,"(2, 7, 11)",V,G,B,C,257.5,86.0
2061,D,G,3,C,"(2, 7, 11)",V,G,B,C,257.625,86.0
2062,D,G,3,C,"(2, 7, 11)",V,G,B,C,257.75,86.0
2063,D,G,3,C,"(2, 7, 11)",V,G,B,C,257.875,86.0
2064,D,G,4,C,"(2, 7, 11)",V,G,B,C,258.0,86.0
2065,D,G,4,C,"(2, 7, 11)",V,G,B,C,258.125,86.0
2066,D,G,4,C,"(2, 7, 11)",V,G,B,C,258.25,86.0
2067,D,G,4,C,"(2, 7, 11)",V,G,B,C,258.375,86.0
2068,E,A,0,C,"(0, 4, 7, 9)",Cad,G,C,C,258.5,86.0
2069,E,A,1,C,"(0, 4, 7, 9)",Cad,G,C,C,258.625,86.0
2070,E,A,2,C,"(0, 4, 7, 9)",Cad,G,C,C,258.75,86.0
2071,E,A,2,C,"(0, 4, 7, 9)",Cad,G,C,C,258.875,86.0
2072,G,B,0,C,"(2, 7, 11)",V,G,D,C,259.0,86.0
2073,G,B,1,C,"(2, 7, 11)",V,G,D,C,259.125,86.0
2074,G,B,2,C,"(2, 7, 11)",V,G,D,C,259.25,86.0
2075,G,B,2,C,"(2, 7, 11)",V,G,D,C,259.375,86.0
2076,G,B,3,C,"(2, 7, 11)",V,G,D,C,259.5,86.0
2077,G,B,3,C,"(2, 7, 11)",V,G,D,C,259.625,86.0
2078,G,B,3,C,"(2, 7, 11)",V,G,D,C,259.75,86.0
2079,G,B,3,C,"(2, 7, 11)",V,G,D,C,259.875,86.0
2080,E,A,0,C,"(2, 7, 11)",V,G,B,C,260.0,86.0
2081,E,A,1,C,"(2, 7, 11)",V,G,D,C,260.125,86.0
2082,E,A,2,C,"(2, 7, 11)",V,G,D,C,260.25,86.0
2083,E,A,2,C,"(2, 7, 11)",V,G,D,C,260.375,86.0
2084,D,A,3,C,"(2, 7, 11)",V,G,B,C,260.5,86.0
2085,D,A,3,C,"(2, 7, 11)",V,G,B,C,260.625,86.0
2086,D,B,3,C,"(2, 7, 11)",V,G,B,C,260.75,86.0
2087,D,B,3,C,"(2, 7, 11)",V,G,B,C,260.875,86.0
2088,G,C,0,C,"(0, 4, 7)",I,C,E,C,261.0,87.0
2089,G,C,1,C,"(0, 4, 7)",I,C,E,C,261.125,87.0
2090,G,C,2,C,"(0, 4, 7)",I,C,E,C,261.25,87.0
2091,G,C,2,C,"(0, 4, 7)",I,C,E,C,261.375,87.0
2092,G,C,3,C,"(0, 4, 7)",I,C,E,C,261.5,87.0
2093,G,C,3,C,"(0, 4, 7)",I,C,E,C,261.625,87.0
2094,G,C,3,C,"(0, 4, 7)",I,C,E,C,261.75,87.0
2095,G,C,3,C,"(0, 4, 7)",I,C,E,C,261.875,87.0
2096,G,C,4,C,"(0, 4, 7)",I,C,E,C,262.0,87.0
2097,G,C,4,C,"(0, 4, 7)",I,C,E,C,262.125,87.0
2098,G,C,4,C,"(0, 4, 7)",I,C,E,C,262.25,87.0
2099,G,C,4,C,"(0, 4, 7)",I,C,E,C,262.375,87.0
2100,G,B,0,C,"(2, 7, 11)",V,G,D,C,262.5,87.0
2101,G,B,1,C,"(2, 7, 11)",V,G,D,C,262.625,87.0
2102,G,B,2,C,"(2, 7, 11)",V,G,D,C,262.75,87.0
2103,G,B,2,C,"(2, 7, 11)",V,G,D,C,262.875,87.0
2104,G,C,0,C,"(0, 4, 7)",I,C,E,C,263.0,87.0
2105,G,C,1,C,"(0, 4, 7)",I,C,E,C,263.125,87.0
2106,G,C,2,C,"(0, 4, 7)",I,C,E,C,263.25,87.0
2107,G,C,2,C,"(0, 4, 7)",I,C,E,C,263.375,87.0
2108,G,C,3,C,"(0, 4, 7)",I,C,E,C,263.5,87.0
2109,G,C,3,C,"(0, 4, 7)",I,C,E,C,263.625,87.0
2110,G,C,3,C,"(0, 4, 7)",I,C,E,C,263.75,87.0
2111,G,C,3,C,"(0, 4, 7)",I,C,E,C,263.875,87.0
2112,F,A,0,C,"(0, 5, 9)",IV,F,C,C,264.0,87.0
2113,F,A,1,C,"(0, 5, 9)",IV,F,C,C,264.125,87.0
2114,F,F,2,C,"(0, 5, 9)",IV,F,C,C,264.25,87.0
2115,F,F,2,C,"(0, 5, 9)",IV,F,C,C,264.375,87.0
2116,F,F,3,C,"(0, 5, 9)",IV,F,C,C,264.5,87.0
2117,F,F,3,C,"(0, 5, 9)",IV,F,C,C,264.625,87.0
2118,F,F,3,C,"(0, 5, 9)",IV,F,C,C,264.75,87.0
2119,F,F,3,C,"(0, 5, 9)",IV,F,C,C,264.875,87.0
2120,E,G,0,C,"(0, 4, 7)",I,C,C,C,265.0,88.0
2121,E,G,1,C,"(0, 4, 7)",I,C,C,C,265.125,88.0
2122,E,G,2,C,"(0, 4, 7)",I,C,C,C,265.25,88.0
2123,E,G,2,C,"(0, 4, 7)",I,C,C,C,265.375,88.0
2124,E,G,3,C,"(0, 4, 7)",I,C,C,C,265.5,88.0
2125,E,G,3,C,"(0, 4, 7)",I,C,C,C,265.625,88.0
2126,E,G,3,C,"(0, 4, 7)",I,C,C,C,265.75,88.0
2127,E,G,3,C,"(0, 4, 7)",I,C,C,C,265.875,88.0
2128,D,G#,0,C,"(2, 5, 8, 11)",viio7,F,B,a,266.0,88.0
2129,D,G#,1,C,"(2, 5, 8, 11)",viio7,F,B,a,266.125,88.0
2130,D,G#,2,C,"(2, 5, 8, 11)",viio7,F,B,a,266.25,88.0
2131,D,G#,2,C,"(2, 5, 8, 11)",viio7,F,B,a,266.375,88.0
2132,D,G#,3,C,"(2, 5, 8, 11)",viio7,F,B,a,266.5,88.0
2133,D,G#,3,C,"(2, 5, 8, 11)",viio7,F,B,a,266.625,88.0
2134,D,G#,3,C,"(2, 5, 8, 11)",viio7,F,B,a,266.75,88.0
2135,D,G#,3,C,"(2, 5, 8, 11)",viio7,F,B,a,266.875,88.0
2136,E,A,0,C,"(0, 4, 9)",vi,A,C,C,267.0,88.0
2137,E,A,1,C,"(0, 4, 9)",vi,A,C,C,267.125,88.0
2138,E,A,2,C,"(0, 4, 9)",vi,A,C,C,267.25,88.0
2139,E,A,2,C,"(0, 4, 9)",vi,A,C,C,267.375,88.0
2140,E,A,3,C,"(0, 4, 9)",vi,A,C,C,267.5,88.0
2141,E,A,3,C,"(0, 4, 9)",vi,A,C,C,267.625,88.0
2142,E,A,3,C,"(0, 4, 9)",vi,A,C,C,267.75,88.0
2143,E,A,3,C,"(0, 4, 9)",vi,A,C,C,267.875,88.0
2144,C#,G,0,C,"(1, 4, 7, 10)",viio7,E,B-,d,268.0,88.0
2145,C#,G,1,C,"(1, 4, 7, 10)",viio7,E,B-,d,268.125,88.0
2146,C#,G,2,C,"(1, 4, 7, 10)",viio7,E,B-,d,268.25,88.0
2147,C#,G,2,C,"(1, 4, 7, 10)",viio7,E,B-,d,268.375,88.0
2148,C#,G,3,C,"(1, 4, 7, 10)",viio7,E,B-,d,268.5,88.0
2149,C#,G,3,C,"(1, 4, 7, 10)",viio7,E,B-,d,268.625,88.0
2150,C#,G,3,C,"(1, 4, 7, 10)",viio7,E,B-,d,268.75,88.0
2151,C#,G,3,C,"(1, 4, 7, 10)",viio7,E,B-,d,268.875,88.0
2152,D,F,0,C,"(2, 5, 9)",ii,D,A,C,269.0,89.0
2153,D,F,1,C,"(2, 5, 9)",ii,D,A,C,269.125,89.0
2154,D,F,2,C,"(2, 5, 9)",ii,D,A,C,269.25,89.0
2155,D,F,2,C,"(2, 5, 9)",ii,D,A,C,269.375,89.0
2156,D,F,3,C,"(2, 5, 9)",ii,D,A,C,269.5,89.0
2157,D,F,3,C,"(2, 5, 9)",ii,D,A,C,269.625,89.0
2158,D,F,3,C,"(2, 5, 9)",ii,D,A,C,269.75,89.0
2159,D,F,3,C,"(2, 5, 9)",ii,D,A,C,269.875,89.0
2160,A,D,4,C,"(2, 5, 9)",ii,D,F,C,270.0,89.0
2161,A,D,4,C,"(2, 5, 9)",ii,D,F,C,270.125,89.0
2162,A,D,4,C,"(2, 5, 9)",ii,D,F,C,270.25,89.0
2163,A,D,4,C,"(2, 5, 9)",ii,D,F,C,270.375,89.0
2164,A,D,4,C,"(2, 5, 9)",ii,D,F,C,270.5,89.0
2165,A,D,4,C,"(2, 5, 9)",ii,D,F,C,270.625,89.0
2166,A,D,4,C,"(2, 5, 9)",ii,D,F,C,270.75,89.0
2167,A,D,4,C,"(2, 5, 9)",ii,D,F,C,270.875,89.0
2168,E,G,0,C,"(0, 4, 7)",Cad,C,C,C,271.0,89.0
2169,E,G,1,C,"(0, 4, 7)",Cad,C,C,C,271.125,89.0
2170,E,G,2,C,"(0, 4, 7)",Cad,C,C,C,271.25,89.0
2171,E,G,2,C,"(0, 4, 7)",Cad,C,C,C,271.375,89.0
2172,E,G,3,C,"(0, 4, 7)",Cad,C,C,C,271.5,89.0
2173,E,G,3,C,"(0, 4, 7)",Cad,C,C,C,271.625,89.0
2174,E,G,3,C,"(0, 4, 7)",Cad,C,C,C,271.75,89.0
2175,E,G,3,C,"(0, 4, 7)",Cad,C,C,C,271.875,89.0
2176,D,G,0,C,"(2, 7, 11)",V,G,B,C,272.0,89.0
2177,D,G,1,C,"(2, 7, 11)",V,G,B,C,272.125,89.0
2178,D,G,2,C,"(2, 7, 11)",V,G,B,C,272.25,89.0
2179,D,G,2,C,"(2, 7, 11)",V,G,B,C,272.375,89.0
2180,D,G,3,C,"(2, 7, 11)",V,G,B,C,272.5,89.0
2181,D,G,3,C,"(2, 7, 11)",V,G,B,C,272.625,89.0
2182,D,G,4,C,"(2, 7, 11)",V,G,B,C,272.75,89.0
2183,D,G,4,C,"(2, 7, 11)",V,G,B,C,272.875,89.0
2184,G,C,0,C,"(0, 4, 7)",I,C,E,C,273.0,90.0
2185,G,C,1,C,"(0, 4, 7)",I,C,E,C,273.125,90.0
2186,G,C,2,C,"(0, 4, 7)",I,C,E,C,273.25,90.0
2187,G,C,2,C,"(0, 4, 7)",I,C,E,C,273.375,90.0
2188,G,C,3,C,"(0, 4, 7)",I,C,E,C,273.5,90.0
2189,G,C,3,C,"(0, 4, 7)",I,C,E,C,273.625,90.0
2190,G,C,3,C,"(0, 4, 7)",I,C,E,C,273.75,90.0
2191,G,C,3,C,"(0, 4, 7)",I,C,E,C,273.875,90.0
2192,G,C,4,C,"(0, 4, 7)",I,C,E,C,274.0,90.0
2193,G,C,4,C,"(0, 4, 7)",I,C,E,C,274.125,90.0
2194,G,C,4,C,"(0, 4, 7)",I,C,E,C,274.25,90.0
2195,G,C,4,C,"(0, 4, 7)",I,C,E,C,274.375,90.0
2196,G,C,4,C,"(0, 4, 7)",I,C,E,C,274.5,90.0
2197,G,C,4,C,"(0, 4, 7)",I,C,E,C,274.625,90.0
2198,G,C,4,C,"(0, 4, 7)",I,C,E,C,274.75,90.0
2199,G,C,4,C,"(0, 4, 7)",I,C,E,C,274.875,90.0
2200,G,C,5,C,"(0, 4, 7)",I,C,E,C,275.0,90.0
2201,G,C,5,C,"(0, 4, 7)",I,C,E,C,275.125,90.0
2202,G,C,5,C,"(0, 4, 7)",I,C,E,C,275.25,90.0
2203,G,C,5,C,"(0, 4, 7)",I,C,E,C,275.375,90.0
2204,G,C,5,C,"(0, 4, 7)",I,C,E,C,275.5,90.0
2205,G,C,5,C,"(0, 4, 7)",I,C,E,C,275.625,90.0
2206,G,C,5,C,"(0, 4, 7)",I,C,E,C,275.75,90.0
2207,G,C,5,C,"(0, 4, 7)",I,C,E,C,275.875,90.0
2208,C,E,5,C,"(0, 4, 7)",I,C,G,C,276.0,90.0
2209,C,E,1,C,"(0, 4, 7)",I,C,G,C,276.125,90.0
2210,C,E,2,C,"(0, 4, 7)",I,C,G,C,276.25,90.0
2211,C,E,5,C,"(0, 4, 7)",I,C,G,C,276.375,90.0
2212,C,E,3,C,"(0, 4, 7)",I,C,G,C,276.5,90.0
2213,C,E,3,C,"(0, 4, 7)",I,C,G,C,276.625,90.0
2214,C,E,3,C,"(0, 4, 7)",I,C,G,C,276.75,90.0
2215,C,E,3,C,"(0, 4, 7)",I,C,G,C,276.875,90.0
2216,C,E,0,C,"(0, 4, 7)",I,C,G,C,277.0,91.0
2217,C,E,1,C,"(0, 4, 7)",I,C,G,C,277.125,91.0
2218,C,E,2,C,"(0, 4, 7)",I,C,G,C,277.25,91.0
2219,C,E,2,C,"(0, 4, 7)",I,C,G,C,277.375,91.0
2220,C,E,3,C,"(0, 4, 7)",I,C,G,C,277.5,91.0
2221,C,E,3,C,"(0, 4, 7)",I,C,G,C,277.625,91.0
2222,C,E,3,C,"(0, 4, 7)",I,C,G,C,277.75,91.0
2223,C,E,3,C,"(0, 4, 7)",I,C,G,C,277.875,91.0
2224,C,E,4,C,"(0, 4, 7)",I,C,G,C,278.0,91.0
2225,C,E,4,C,"(0, 4, 7)",I,C,G,C,278.125,91.0
2226,C,E,4,C,"(0, 4, 7)",I,C,G,C,278.25,91.0
2227,C,E,4,C,"(0, 4, 7)",I,C,G,C,278.375,91.0
2228,C,E,4,C,"(0, 4, 7)",I,C,G,C,278.5,91.0
2229,C,E,4,C,"(0, 4, 7)",I,C,G,C,278.625,91.0
2230,C,E,4,C,"(0, 4, 7)",I,C,G,C,278.75,91.0
2231,C,E,4,C,"(0, 4, 7)",I,C,G,C,278.875,91.0
2232,C,E,5,C,"(0, 4, 7)",I,C,G,C,279.0,91.0
2233,C,E,5,C,"(0, 4, 7)",I,C,G,C,279.125,91.0
2234,C,E,5,C,"(0, 4, 7)",I,C,G,C,279.25,91.0
2235,C,E,5,C,"(0, 4, 7)",I,C,G,C,279.375,91.0
2236,C,E,5,C,"(0, 4, 7)",I,C,G,C,279.5,91.0
2237,C,E,5,C,"(0, 4, 7)",I,C,G,C,279.625,91.0
2238,C,E,5,C,"(0, 4, 7)",I,C,G,C,279.75,91.0
2239,C,E,5,C,"(0, 4, 7)",I,C,G,C,279.875,91.0
2240,G,D,0,C,"(2, 5, 7, 11)",V7,B,F,C,280.0,91.0
2241,G,D,1,C,"(2, 5, 7, 11)",V7,B,F,C,280.125,91.0
2242,G,D,2,C,"(2, 5, 7, 11)",V7,B,F,C,280.25,91.0
2243,G,D,2,C,"(2, 5, 7, 11)",V7,B,F,C,280.375,91.0
2244,G,D,3,C,"(2, 5, 7, 11)",V7,B,F,C,280.5,91.0
2245,G,D,3,C,"(2, 5, 7, 11)",V7,B,F,C,280.625,91.0
2246,G,C#,4,C,"(2, 5, 7, 11)",V7,B-,E,C,280.75,91.0
2247,G,C#,4,C,"(2, 5, 7, 11)",V7,B-,E,C,280.875,91.0
2248,G,D,0,C,"(2, 5, 7, 11)",V7,B,F,C,281.0,92.0
2249,G,D,1,C,"(2, 5, 7, 11)",V7,B,F,C,281.125,92.0
2250,G,D,2,C,"(2, 5, 7, 11)",V7,B,F,C,281.25,92.0
2251,G,D,2,C,"(2, 5, 7, 11)",V7,B,F,C,281.375,92.0
2252,G,D,3,C,"(2, 5, 7, 11)",V7,B,F,C,281.5,92.0
2253,G,D,3,C,"(2, 5, 7, 11)",V7,B,F,C,281.625,92.0
2254,G,D,3,C,"(2, 5, 7, 11)",V7,B,F,C,281.75,92.0
2255,G,D,3,C,"(2, 5, 7, 11)",V7,B,F,C,281.875,92.0
2256,G,D,4,C,"(2, 5, 7, 11)",V7,B,F,C,282.0,92.0
2257,G,D,4,C,"(2, 5, 7, 11)",V7,B,F,C,282.125,92.0
2258,G,D,4,C,"(2, 5, 7, 11)",V7,B,F,C,282.25,92.0
2259,G,D,4,C,"(2, 5, 7, 11)",V7,B,F,C,282.375,92.0
2260,G,D,4,C,"(2, 5, 7, 11)",V7,B,F,C,282.5,92.0
2261,G,D,4,C,"(2, 5, 7, 11)",V7,B,F,C,282.625,92.0
2262,G,D,4,C,"(2, 5, 7, 11)",V7,B,F,C,282.75,92.0
2263,G,D,4,C,"(2, 5, 7, 11)",V7,B,F,C,282.875,92.0
2264,G,D,5,C,"(2, 5, 7, 11)",V7,B,F,C,283.0,92.0
2265,G,D,5,C,"(2, 5, 7, 11)",V7,B,F,C,283.125,92.0
2266,G,D,5,C,"(2, 5, 7, 11)",V7,B,F,C,283.25,92.0
2267,G,D,5,C,"(2, 5, 7, 11)",V7,B,F,C,283.375,92.0
2268,G,D,5,C,"(2, 5, 7, 11)",V7,B,F,C,283.5,92.0
2269,G,D,5,C,"(2, 5, 7, 11)",V7,B,F,C,283.625,92.0
2270,G,D,5,C,"(2, 5, 7, 11)",V7,B,F,C,283.75,92.0
2271,G,D,5,C,"(2, 5, 7, 11)",V7,B,F,C,283.875,92.0
2272,G,D,5,C,"(2, 5, 7, 11)",V7,B,F,C,284.0,92.0
2273,G,D,5,C,"(2, 5, 7, 11)",V7,B,F,C,284.125,92.0
2274,G,D,5,C,"(2, 5, 7, 11)",V7,B,F,C,284.25,92.0
2275,G,D,5,C,"(2, 5, 7, 11)",V7,B,F,C,284.375,92.0
2276,G,D,3,C,"(2, 5, 7, 11)",V7,B,F,C,284.5,92.0
2277,G,D,3,C,"(2, 5, 7, 11)",V7,B,F,C,284.625,92.0
2278,G,D,5,C,"(2, 5, 7, 11)",V7,B,F,C,284.75,92.0
2279,G,D,5,C,"(2, 5, 7, 11)",V7,B,F,C,284.875,92.0
2280,G,D,0,C,"(2, 5, 7, 11)",V7,B,F,C,285.0,93.0
2281,G,D,1,C,"(2, 5, 7, 11)",V7,B,F,C,285.125,93.0
2282,G,D,2,C,"(2, 5, 7, 11)",V7,B,F,C,285.25,93.0
2283,G,D,2,C,"(2, 5, 7, 11)",V7,B,F,C,285.375,93.0
2284,G,D,3,C,"(2, 5, 7, 11)",V7,B,F,C,285.5,93.0
2285,G,D,3,C,"(2, 5, 7, 11)",V7,B,F,C,285.625,93.0
2286,G,D,3,C,"(2, 5, 7, 11)",V7,B,F,C,285.75,93.0
2287,G,D,3,C,"(2, 5, 7, 11)",V7,B,F,C,285.875,93.0
2288,G,D,4,C,"(2, 5, 7, 11)",V7,B,F,C,286.0,93.0
2289,G,D,4,C,"(2, 5, 7, 11)",V7,B,F,C,286.125,93.0
2290,G,D,4,C,"(2, 5, 7, 11)",V7,B,F,C,286.25,93.0
2291,G,D,4,C,"(2, 5, 7, 11)",V7,B,F,C,286.375,93.0
2292,G,D,4,C,"(2, 5, 7, 11)",V7,B,F,C,286.5,93.0
2293,G,D,4,C,"(2, 5, 7, 11)",V7,B,F,C,286.625,93.0
2294,G,D,4,C,"(2, 5, 7, 11)",V7,B,F,C,286.75,93.0
2295,G,D,4,C,"(2, 5, 7, 11)",V7,B,F,C,286.875,93.0
2296,G,D,5,C,"(2, 5, 7, 11)",V7,B,F,C,287.0,93.0
2297,G,D,5,C,"(2, 5, 7, 11)",V7,B,F,C,287.125,93.0
2298,G,D,5,C,"(2, 5, 7, 11)",V7,B,F,C,287.25,93.0
2299,G,D,5,C,"(2, 5, 7, 11)",V7,B,F,C,287.375,93.0
2300,G,D,5,C,"(2, 5, 7, 11)",V7,B,F,C,287.5,93.0
2301,G,D,5,C,"(2, 5, 7, 11)",V7,B,F,C,287.625,93.0
2302,G,D,5,C,"(2, 5, 7, 11)",V7,B,F,C,287.75,93.0
2303,G,D,5,C,"(2, 5, 7, 11)",V7,B,F,C,287.875,93.0
2304,G,C,0,C,"(0, 4, 7)",I,C,E,C,288.0,93.0
2305,G,C,1,C,"(0, 4, 7)",I,C,E,C,288.125,93.0
2306,G,C,2,C,"(0, 4, 7)",I,C,E,C,288.25,93.0
2307,G,C,2,C,"(0, 4, 7)",I,C,E,C,288.375,93.0
2308,G,C,3,C,"(0, 4, 7)",I,C,E,C,288.5,93.0
2309,G,C,3,C,"(0, 4, 7)",I,C,E,C,288.625,93.0
2310,C,F,4,C,"(2, 5, 9)",IV,D,A,C,288.75,93.0
2311,C,F,4,C,"(2, 5, 9)",IV,D,E,C,288.875,93.0
2312,B,E,0,C,"(4, 8, 11)",V,E,G#,a,289.0,94.0
2313,B,E,1,C,"(4, 8, 11)",V,E,G#,a,289.125,94.0
2314,B,E,2,C,"(4, 8, 11)",V,E,G#,a,289.25,94.0
2315,B,E,2,C,"(4, 8, 11)",V,E,G#,a,289.375,94.0
2316,B,E,3,C,"(4, 8, 11)",V,E,G#,a,289.5,94.0
2317,B,E,3,C,"(4, 8, 11)",V,E,G#,a,289.625,94.0
2318,B,E,3,C,"(4, 8, 11)",V,E,G#,a,289.75,94.0
2319,B,E,3,C,"(4, 8, 11)",V,E,G#,a,289.875,94.0
2320,B,E,4,C,"(4, 8, 11)",V,E,G#,a,290.0,94.0
2321,B,E,4,C,"(4, 8, 11)",V,E,G#,a,290.125,94.0
2322,B,E,4,C,"(4, 8, 11)",V,E,G#,a,290.25,94.0
2323,B,E,4,C,"(4, 8, 11)",V,E,G#,a,290.375,94.0
2324,B,E,4,C,"(4, 8, 11)",V,E,G#,a,290.5,94.0
2325,B,E,4,C,"(4, 8, 11)",V,E,G#,a,290.625,94.0
2326,B,E,4,C,"(4, 8, 11)",V,E,G#,a,290.75,94.0
2327,B,E,4,C,"(4, 8, 11)",V,E,G#,a,290.875,94.0
2328,B,E,5,C,"(4, 8, 11)",V,E,G#,a,291.0,94.0
2329,B,E,5,C,"(4, 8, 11)",V,E,G#,a,291.125,94.0
2330,B,E,5,C,"(4, 8, 11)",V,E,G#,a,291.25,94.0
2331,B,E,5,C,"(4, 8, 11)",V,E,G#,a,291.375,94.0
2332,B,E,5,C,"(4, 8, 11)",V,E,G#,a,291.5,94.0
2333,B,E,5,C,"(4, 8, 11)",V,E,G#,a,291.625,94.0
2334,B,E,5,C,"(4, 8, 11)",V,E,G#,a,291.75,94.0
2335,B,E,5,C,"(4, 8, 11)",V,E,G#,a,291.875,94.0
2336,B,E,5,C,"(4, 8, 11)",V,E,G#,a,292.0,94.0
2337,B,E,5,C,"(4, 8, 11)",V,E,G#,a,292.125,94.0
2338,B,E,5,C,"(4, 8, 11)",V,E,G#,a,292.25,94.0
2339,B,E,5,C,"(4, 8, 11)",V,E,G#,a,292.375,94.0
2340,B,E,3,C,"(4, 8, 11)",V,E,G#,a,292.5,94.0
2341,B,E,3,C,"(4, 8, 11)",V,E,G#,a,292.625,94.0
2342,B,E,5,C,"(4, 8, 11)",V,E,G#,a,292.75,94.0
2343,B,E,5,C,"(4, 8, 11)",V,E,G#,a,292.875,94.0
2344,B,E,0,C,"(4, 8, 11)",V,E,G#,a,293.0,95.0
2345,B,E,1,C,"(4, 8, 11)",V,E,G#,a,293.125,95.0
2346,B,E,2,C,"(4, 8, 11)",V,E,G#,a,293.25,95.0
2347,B,E,2,C,"(4, 8, 11)",V,E,G#,a,293.375,95.0
2348,B,E,3,C,"(4, 8, 11)",V,E,G#,a,293.5,95.0
2349,B,E,3,C,"(4, 8, 11)",V,E,G#,a,293.625,95.0
2350,B,E,3,C,"(4, 8, 11)",V,E,G#,a,293.75,95.0
2351,B,E,3,C,"(4, 8, 11)",V,E,G#,a,293.875,95.0
2352,B,E,4,C,"(4, 8, 11)",V,E,G#,a,294.0,95.0
2353,B,E,4,C,"(4, 8, 11)",V,E,G#,a,294.125,95.0
2354,B,E,4,C,"(4, 8, 11)",V,E,G#,a,294.25,95.0
2355,B,E,4,C,"(4, 8, 11)",V,E,G#,a,294.375,95.0
2356,B,E,4,C,"(4, 8, 11)",V,E,G#,a,294.5,95.0
2357,B,E,4,C,"(4, 8, 11)",V,E,G#,a,294.625,95.0
2358,B,E,4,C,"(4, 8, 11)",V,E,G#,a,294.75,95.0
2359,B,E,4,C,"(4, 8, 11)",V,E,G#,a,294.875,95.0
2360,E,A,0,C,"(0, 4, 9)",vi,A,C,C,295.0,95.0
2361,E,A,1,C,"(0, 4, 9)",vi,A,C,C,295.125,95.0
2362,E,A,2,C,"(0, 4, 9)",vi,A,C,C,295.25,95.0
2363,E,A,2,C,"(0, 4, 9)",vi,A,C,C,295.375,95.0
2364,E,A,3,C,"(0, 4, 9)",vi,A,C,C,295.5,95.0
2365,E,A,3,C,"(0, 4, 9)",vi,A,C,C,295.625,95.0
2366,E,A,3,C,"(0, 4, 9)",vi,A,C,C,295.75,95.0
2367,E,A,3,C,"(0, 4, 9)",vi,A,C,C,295.875,95.0
2368,E,A,4,C,"(0, 4, 9)",vi,A,C,C,296.0,95.0
2369,E,A,4,C,"(0, 4, 9)",vi,A,C,C,296.125,95.0
2370,E,A,4,C,"(0, 4, 9)",vi,A,C,C,296.25,95.0
2371,E,A,4,C,"(0, 4, 9)",vi,A,C,C,296.375,95.0
2372,E,A,4,C,"(0, 4, 9)",vi,A,C,C,296.5,95.0
2373,E,A,4,C,"(0, 4, 9)",vi,A,C,C,296.625,95.0
2374,E,A,4,C,"(0, 4, 9)",vi,A,C,C,296.75,95.0
2375,E,A,4,C,"(0, 4, 9)",vi,A,C,C,296.875,95.0
2376,E,B-,0,C,"(0, 4, 7, 10)",V7,G,C,F,297.0,96.0
2377,E,B-,1,C,"(0, 4, 7, 10)",V7,G,C,F,297.125,96.0
2378,E,B-,2,C,"(0, 4, 7, 10)",V7,G,C,F,297.25,96.0
2379,E,B-,2,C,"(0, 4, 7, 10)",V7,G,C,F,297.375,96.0
2380,E,B-,3,C,"(0, 4, 7, 10)",V7,G,C,F,297.5,96.0
2381,E,B-,3,C,"(0, 4, 7, 10)",V7,G,C,F,297.625,96.0
2382,E,B-,3,C,"(0, 4, 7, 10)",V7,G,C,F,297.75,96.0
2383,E,B-,3,C,"(0, 4, 7, 10)",V7,G,C,F,297.875,96.0
2384,E,B-,4,C,"(0, 4, 7, 10)",V7,G,C,F,298.0,96.0
2385,E,B-,4,C,"(0, 4, 7, 10)",V7,G,C,F,298.125,96.0
2386,E,B-,4,C,"(0, 4, 7, 10)",V7,G,C,F,298.25,96.0
2387,E,B-,4,C,"(0, 4, 7, 10)",V7,G,C,C,298.375,96.0
2388,E,B-,4,C,"(0, 4, 7, 10)",V7,G,C,C,298.5,96.0
2389,E,B-,4,C,"(0, 4, 7, 10)",V7,G,C,C,298.625,96.0
2390,E,C,4,C,"(0, 4, 7, 10)",V7,G,C,C,298.75,96.0
2391,E,C,4,C,"(0, 4, 7, 10)",V7,G,C,C,298.875,96.0
2392,B-,E,0,C,"(0, 4, 7, 10)",V7,C,G,F,299.0,96.0
2393,B-,E,1,C,"(0, 4, 7, 10)",V7,C,G,F,299.125,96.0
2394,B-,E,2,C,"(0, 4, 7, 10)",V7,C,G,F,299.25,96.0
2395,B-,E,2,C,"(0, 4, 7, 10)",V7,C,G,F,299.375,96.0
2396,B-,E,3,C,"(0, 4, 7, 10)",V7,C,G,F,299.5,96.0
2397,B-,E,3,C,"(0, 4, 7, 10)",V7,C,G,F,299.625,96.0
2398,B-,E,3,C,"(0, 4, 7, 10)",V7,C,G,F,299.75,96.0
2399,B-,E,3,C,"(0, 4, 7, 10)",V7,C,G,F,299.875,96.0
2400,G,C,5,C,"(0, 4, 7, 10)",V7,C,E,F,300.0,96.0
2401,G,C,5,C,"(0, 4, 7, 10)",V7,C,E,F,300.125,96.0
2402,G,C,5,C,"(0, 4, 7, 10)",V7,C,E,F,300.25,96.0
2403,G,C,5,C,"(0, 4, 7, 10)",V7,C,E,F,300.375,96.0
2404,G,C,5,C,"(0, 4, 7, 10)",V7,C,E,F,300.5,96.0
2405,G,C,5,C,"(0, 4, 7, 10)",V7,C,E,F,300.625,96.0
2406,G,C,5,C,"(0, 4, 7, 10)",V7,C,E,F,300.75,96.0
2407,G,C,5,C,"(0, 4, 7, 10)",V7,C,E,F,300.875,96.0
2408,C,F,0,C,"(0, 5, 9)",IV,F,A,C,301.0,97.0
2409,C,F,1,C,"(0, 5, 9)",IV,F,A,C,301.125,97.0
2410,C,F,2,C,"(0, 5, 9)",IV,F,A,C,301.25,97.0
2411,C,F,2,C,"(0, 5, 9)",IV,F,A,C,301.375,97.0
2412,C,F,3,C,"(0, 5, 9)",IV,F,A,C,301.5,97.0
2413,C,F,3,C,"(0, 5, 9)",IV,F,A,C,301.625,97.0
2414,C,F,3,C,"(0, 5, 9)",IV,F,A,C,301.75,97.0
2415,C,F,3,C,"(0, 5, 9)",IV,F,A,C,301.875,97.0
2416,C,F,4,C,"(0, 5, 9)",IV,F,A,C,302.0,97.0
2417,C,F,4,C,"(0, 5, 9)",IV,F,A,C,302.125,97.0
2418,C,F,4,C,"(0, 5, 9)",IV,F,A,C,302.25,97.0
2419,C,F,4,C,"(0, 5, 9)",IV,F,A,C,302.375,97.0
2420,C,F,4,C,"(0, 4, 7)",IV,C,A,C,302.5,97.0
2421,C,F,4,C,"(0, 4, 7)",IV,C,A,C,302.625,97.0
2422,C,F,4,C,"(0, 4, 7)",IV,C,A,C,302.75,97.0
2423,C,F,4,C,"(0, 4, 7)",IV,C,A,C,302.875,97.0
2424,E,G,0,C,"(0, 4, 7)",I,C,C,C,303.0,97.0
2425,E,G,1,C,"(0, 4, 7)",I,C,C,C,303.125,97.0
2426,E,G,2,C,"(0, 4, 7)",I,C,C,C,303.25,97.0
2427,E,G,2,C,"(0, 4, 7)",I,C,C,C,303.375,97.0
2428,E,G,3,C,"(0, 4, 7)",I,C,C,C,303.5,97.0
2429,E,G,3,C,"(0, 4, 7)",I,C,C,C,303.625,97.0
2430,E,G,3,C,"(0, 4, 7)",I,C,C,C,303.75,97.0
2431,E,G,3,C,"(0, 4, 7)",I,C,C,C,303.875,97.0
2432,D,G,0,C,"(2, 5, 7, 11)",V7,F,B,C,304.0,97.0
2433,D,G,1,C,"(2, 5, 7, 11)",V7,F,B,C,304.125,97.0
2434,D,G,2,C,"(2, 5, 7, 11)",V7,F,B,C,304.25,97.0
2435,D,G,2,C,"(2, 5, 7, 11)",V7,F,B,C,304.375,97.0
2436,D,G,3,C,"(2, 5, 7, 11)",V7,F,B,C,304.5,97.0
2437,D,G,3,C,"(2, 5, 7, 11)",V7,F,B,C,304.625,97.0
2438,D,G,3,C,"(2, 5, 7, 11)",V7,F,B,C,304.75,97.0
2439,D,G,3,C,"(2, 5, 7, 11)",V7,F,B,C,304.875,97.0
2440,G,C,0,C,"(0, 4, 7)",I,C,E,C,305.0,98.0
2441,G,C,1,C,"(0, 4, 7)",I,C,E,C,305.125,98.0
2442,G,C,2,C,"(0, 4, 7)",I,C,E,C,305.25,98.0
2443,G,C,2,C,"(0, 4, 7)",I,C,E,C,305.375,98.0
2444,G,C,3,C,"(0, 4, 7)",I,C,E,C,305.5,98.0
2445,G,C,3,C,"(0, 4, 7)",I,C,E,C,305.625,98.0
2446,G,C,3,C,"(0, 4, 7)",I,C,E,C,305.75,98.0
2447,G,C,3,C,"(0, 4, 7)",I,C,E,C,305.875,98.0
2448,G,C,4,C,"(0, 4, 7)",I,C,E,C,306.0,98.0
2449,G,C,4,C,"(0, 4, 7)",I,C,E,C,306.125,98.0
2450,G,C,4,C,"(0, 4, 7)",I,C,E,C,306.25,98.0
2451,G,C,4,C,"(0, 4, 7)",I,C,E,C,306.375,98.0
2452,G,C,4,C,"(0, 4, 7)",I,C,E,C,306.5,98.0
2453,G,C,4,C,"(0, 4, 7)",I,C,E,C,306.625,98.0
2454,G,C,4,C,"(0, 4, 7)",I,C,E,C,306.75,98.0
2455,G,C,4,C,"(0, 4, 7)",I,C,E,C,306.875,98.0
2456,G,C,5,C,"(0, 4, 7)",I,C,E,C,307.0,98.0
2457,G,C,5,C,"(0, 4, 7)",I,F,E,C,307.125,98.0
2458,G,C,5,C,"(0, 4, 7)",I,F,E,C,307.25,98.0
2459,G,C,5,C,"(0, 4, 7)",I,F,E,C,307.375,98.0
2460,G,C,5,C,"(0, 4, 7)",I,F,E,C,307.5,98.0
2461,G,C,5,C,"(0, 4, 7)",I,F,E,C,307.625,98.0
2462,G,C,5,C,"(0, 4, 7)",I,F,E,C,307.75,98.0
2463,G,C,5,C,"(0, 4, 7)",I,F,E,C,307.875,98.0
2464,G,C,5,C,"(0, 4, 7)",I,F,E,C,308.0,98.0
2465,G,C,5,C,"(0, 4, 7)",I,F,E,C,308.125,98.0
2466,G,C,5,C,"(0, 4, 7)",I,F,E,C,308.25,98.0
2467,G,C,5,C,"(0, 4, 7)",I,F,E,C,308.375,98.0
2468,G,C,5,C,"(2, 5, 7, 11)",V7,F,E,C,308.5,98.0
2469,G,C,5,C,"(2, 5, 7, 11)",V7,F,E,C,308.625,98.0
2470,G,C,5,C,"(2, 5, 7, 11)",V7,F,E,C,308.75,98.0
2471,G,C,5,C,"(2, 5, 7, 11)",V7,F,E,C,308.875,98.0
2472,G,C,0,C,"(0, 4, 7)",I,C,E,C,309.0,99.0
2473,G,C,1,C,"(0, 4, 7)",I,C,E,C,309.125,99.0
2474,G,C,2,C,"(0, 4, 7)",I,C,E,C,309.25,99.0
2475,G,C,2,C,"(0, 4, 7)",I,C,E,C,309.375,99.0
2476,G,C,3,C,"(0, 4, 7)",I,C,E,C,309.5,99.0
2477,G,C,3,C,"(0, 4, 7)",I,C,E,C,309.625,99.0
2478,G,C,3,C,"(0, 4, 7)",I,C,E,C,309.75,99.0
2479,G,C,3,C,"(0, 4, 7)",I,C,E,C,309.875,99.0
2480,G,C,4,C,"(0, 4, 7)",I,C,E,C,310.0,99.0
2481,G,C,4,C,"(0, 4, 7)",I,C,E,C,310.125,99.0
2482,G,C,4,C,"(0, 4, 7)",I,C,E,C,310.25,99.0
2483,G,C,4,C,"(0, 4, 7)",I,C,E,C,310.375,99.0
2484,G,D,0,C,"(2, 7, 11)",V,C,G,C,310.5,99.0
2485,G,D,1,C,"(2, 7, 11)",V,C,G,C,310.625,99.0
2486,G,D,2,C,"(2, 7, 11)",V,C,G,C,310.75,99.0
2487,G,D,2,C,"(2, 7, 11)",V,C,G,C,310.875,99.0
2488,G,E,0,C,"(0, 4, 7)",I,C,G,C,311.0,99.0
2489,G,E,1,C,"(0, 4, 7)",I,C,G,C,311.125,99.0
2490,G,E,2,C,"(0, 4, 7)",I,C,G,C,311.25,99.0
2491,G,E,2,C,"(0, 4, 7)",I,C,G,C,311.375,99.0
2492,B,E,0,C,"(0, 4, 7)",V,C,G,C,311.5,99.0
2493,B,E,1,C,"(0, 4, 7)",V,C,G,C,311.625,99.0
2494,B,E,2,C,"(0, 4, 7)",V,C,G,C,311.75,99.0
2495,B,E,2,C,"(0, 4, 7)",V,C,G,C,311.875,99.0
2496,C,E,0,C,"(0, 4, 7)",I,C,G,C,312.0,99.0
2497,C,E,1,C,"(0, 4, 7)",I,C,G,C,312.125,99.0
2498,C,E,2,C,"(0, 4, 7)",I,C,G,C,312.25,99.0
2499,C,E,2,C,"(0, 4, 7)",I,C,G,C,312.375,99.0
2500,D,F,0,C,"(2, 5, 9)",ii,D,A,C,312.5,99.0
2501,D,F,1,C,"(2, 5, 9)",ii,D,A,C,312.625,99.0
2502,D,F,2,C,"(2, 5, 9)",ii,D,A,C,312.75,99.0
2503,D,F,2,C,"(2, 5, 9)",ii,D,A,C,312.875,99.0
2504,D,G,0,C,"(2, 7, 11)",V,G,B,C,313.0,100.0
2505,D,G,1,C,"(2, 7, 11)",V,G,B,C,313.125,100.0
2506,D,G,2,C,"(2, 7, 11)",V,G,B,C,313.25,100.0
2507,D,G,2,C,"(2, 7, 11)",V,G,B,C,313.375,100.0
2508,D,G,3,C,"(2, 7, 11)",V,G,B,C,313.5,100.0
2509,D,G,3,C,"(2, 7, 11)",V,G,B,C,313.625,100.0
2510,D,G,3,C,"(2, 7, 11)",V,G,B,C,313.75,100.0
2511,D,G,3,C,"(2, 7, 11)",V,G,B,C,313.875,100.0
2512,D,G,4,C,"(2, 7, 11)",V,G,B,C,314.0,100.0
2513,D,G,4,C,"(2, 7, 11)",V,G,B,C,314.125,100.0
2514,D,G,4,C,"(2, 7, 11)",V,G,B,C,314.25,100.0
2515,D,G,4,C,"(2, 7, 11)",V,G,B,C,314.375,100.0
2516,D,G,4,C,"(2, 7, 11)",V,G,B,C,314.5,100.0
2517,D,G,4,C,"(2, 7, 11)",V,G,B,C,314.625,100.0
2518,D,G,4,C,"(2, 7, 11)",V,G,B,C,314.75,100.0
2519,D,G,4,C,"(2, 7, 11)",V7,G,B,C,314.875,100.0
2520,D,G,0,C,"(2, 7, 11)",V,G,B,C,315.0,100.0
2521,D,G,1,C,"(2, 7, 11)",V,G,B,C,315.125,100.0
2522,D,G,2,C,"(2, 7, 11)",V,G,B,C,315.25,100.0
2523,D,G,2,C,"(2, 7, 11)",V,G,B,C,315.375,100.0
2524,D,G,3,C,"(2, 7, 11)",V,G,B,C,315.5,100.0
2525,D,G,3,C,"(2, 7, 11)",V,G,B,C,315.625,100.0
2526,D,G,3,C,"(2, 7, 11)",V,G,B,C,315.75,100.0
2527,D,G,3,C,"(2, 7, 11)",V,G,B,C,315.875,100.0
2528,D,G,0,C,"(2, 7, 11)",V,G,B,C,316.0,100.0
2529,D,G,1,C,"(2, 7, 11)",V,G,B,C,316.125,100.0
2530,D,G,2,C,"(2, 7, 11)",V,G,B,C,316.25,100.0
2531,D,G,2,C,"(2, 7, 11)",V,G,B,C,316.375,100.0
2532,D,B,0,C,"(2, 7, 11)",V,G,D,C,316.5,100.0
2533,D,B,1,C,"(2, 7, 11)",V,G,D,C,316.625,100.0
2534,D,B,2,C,"(2, 7, 11)",V,G,D,C,316.75,100.0
2535,D,B,2,C,"(2, 7, 11)",V,G,D,C,316.875,100.0
2536,G,C,0,C,"(0, 4, 7)",I,C,E,C,317.0,101.0
2537,G,C,1,C,"(0, 4, 7)",I,C,E,C,317.125,101.0
2538,G,C,2,C,"(0, 4, 7)",I,C,E,C,317.25,101.0
2539,G,C,2,C,"(0, 4, 7)",I,C,E,C,317.375,101.0
2540,G,C,3,C,"(0, 4, 7)",I,C,E,C,317.5,101.0
2541,G,C,3,C,"(0, 4, 7)",I,C,E,C,317.625,101.0
2542,G,C,3,C,"(0, 4, 7)",I,C,E,C,317.75,101.0
2543,G,C,3,C,"(0, 4, 7)",I,C,E,C,317.875,101.0
2544,G,C,4,C,"(0, 4, 7)",I,C,E,C,318.0,101.0
2545,G,C,1,C,"(0, 4, 7)",I,C,E,C,318.125,101.0
2546,G,C,2,C,"(0, 4, 7)",I,C,E,C,318.25,101.0
2547,G,C,4,C,"(0, 4, 7)",I,C,E,C,318.375,101.0
2548,G,C,0,C,"(2, 7, 11)",V,G,D,C,318.5,101.0
2549,G,B,1,C,"(2, 7, 11)",V,G,D,C,318.625,101.0
2550,G,B,2,C,"(2, 7, 11)",V,G,D,C,318.75,101.0
2551,G,B,2,C,"(2, 7, 11)",V,G,D,C,318.875,101.0
2552,G,C,0,C,"(0, 4, 7)",I,C,E,F,319.0,101.0
2553,G,C,1,C,"(0, 4, 7)",I,C,E,F,319.125,101.0
2554,G,C,2,C,"(0, 4, 7)",I,C,E,F,319.25,101.0
2555,G,C,2,C,"(0, 4, 7)",I,C,E,F,319.375,101.0
2556,G,C,3,C,"(0, 4, 7, 10)",V7,B-,E,F,319.5,101.0
2557,G,C,3,C,"(0, 4, 7, 10)",V7,B-,E,F,319.625,101.0
2558,G,C,3,C,"(0, 4, 7, 10)",V7,B-,E,F,319.75,101.0
2559,G,C,3,C,"(0, 4, 7, 10)",V7,B-,E,F,319.875,101.0
2560,F,A,0,C,"(0, 5, 9)",IV,F,C,C,320.0,101.0
2561,F,A,1,C,"(0, 5, 9)",IV,F,C,C,320.125,101.0
2562,F,A,2,C,"(0, 5, 9)",IV,F,C,C,320.25,101.0
2563,F,A,2,C,"(0, 5, 9)",IV,F,C,C,320.375,101.0
2564,C,F,0,C,"(0, 5, 9)",ii,F,A,C,320.5,101.0
2565,C,F,1,C,"(0, 5, 9)",ii,F,A,C,320.625,101.0
2566,C,F,2,C,"(0, 5, 9)",ii,F,A,C,320.75,101.0
2567,C,F,2,C,"(0, 5, 9)",ii,F,A,C,320.875,101.0
2568,E,G,0,C,"(0, 4, 7)",I,C,C,C,321.0,102.0
2569,E,G,1,C,"(0, 4, 7)",I,C,C,C,321.125,102.0
2570,E,G,2,C,"(0, 4, 7)",I,C,C,C,321.25,102.0
2571,E,G,2,C,"(0, 4, 7)",I,C,C,C,321.375,102.0
2572,E,G,3,C,"(0, 4, 7)",I,C,C,C,321.5,102.0
2573,E,G,3,C,"(0, 4, 7)",I,C,C,C,321.625,102.0
2574,E,G,3,C,"(0, 4, 7)",I,C,C,C,321.75,102.0
2575,E,G,3,C,"(0, 4, 7)",I,C,C,C,321.875,102.0
2576,E,G,4,C,"(0, 4, 7)",I,C,C,C,322.0,102.0
2577,E,G,4,C,"(0, 4, 7)",I,C,C,C,322.125,102.0
2578,E,G,4,C,"(0, 4, 7)",I,C,C,C,322.25,102.0
2579,E,G,4,C,"(0, 4, 7)",I,C,C,C,322.375,102.0
2580,B,F,0,C,"(2, 5, 7, 11)",V7,D,G,C,322.5,102.0
2581,B,F,1,C,"(2, 5, 7, 11)",V7,D,G,C,322.625,102.0
2582,B,F,2,C,"(2, 5, 7, 11)",V7,D,G,C,322.75,102.0
2583,B,F,2,C,"(2, 5, 7, 11)",V7,D,G,C,322.875,102.0
2584,C,E,0,C,"(0, 4, 7)",I,C,G,C,323.0,102.0
2585,C,E,1,C,"(0, 4, 7)",I,C,G,C,323.125,102.0
2586,C,E,2,C,"(0, 4, 7)",I,C,G,C,323.25,102.0
2587,C,E,2,C,"(0, 4, 7)",I,C,G,C,323.375,102.0
2588,B,E,0,C,"(2, 7, 11)",V,C,G,C,323.5,102.0
2589,B,E,1,C,"(2, 7, 11)",V,C,G,C,323.625,102.0
2590,B,E,2,C,"(2, 7, 11)",V,C,G,C,323.75,102.0
2591,B,E,2,C,"(2, 7, 11)",V,C,G,C,323.875,102.0
2592,C,E,0,C,"(0, 4, 7)",I,C,G,C,324.0,102.0
2593,C,E,1,C,"(0, 4, 7)",I,C,G,C,324.125,102.0
2594,C,E,2,C,"(0, 4, 7)",I,C,G,C,324.25,102.0
2595,C,E,2,C,"(0, 4, 7)",I,C,G,C,324.375,102.0
2596,E,A,0,C,"(1, 4, 7, 9)",V7,G,C#,d,324.5,102.0
2597,E,A,1,C,"(1, 4, 7, 9)",V7,G,C#,d,324.625,102.0
2598,E,A,2,C,"(1, 4, 7, 9)",V7,G,C#,d,324.75,102.0
2599,E,A,2,C,"(1, 4, 7, 9)",V7,G,C#,d,324.875,102.0
2600,A,D,0,C,"(2, 5, 9)",ii,D,F,C,325.0,103.0
2601,A,D,1,C,"(2, 5, 9)",ii,D,F,C,325.125,103.0
2602,A,D,2,C,"(2, 5, 9)",ii,D,F,C,325.25,103.0
2603,A,D,2,C,"(2, 5, 9)",ii,D,F,C,325.375,103.0
2604,A,D,3,C,"(2, 5, 9)",ii,D,F,C,325.5,103.0
2605,A,D,3,C,"(2, 5, 9)",ii,D,F,C,325.625,103.0
2606,A,D,3,C,"(2, 5, 9)",ii,D,F,C,325.75,103.0
2607,A,D,3,C,"(2, 5, 9)",ii,D,F,C,325.875,103.0
2608,D,F,0,C,"(2, 5, 9)",ii,D,A,C,326.0,103.0
2609,D,F,1,C,"(2, 5, 9)",ii,D,A,C,326.125,103.0
2610,D,F,2,C,"(2, 5, 9)",ii,D,A,C,326.25,103.0
2611,D,F,2,C,"(2, 5, 9)",ii,D,A,C,326.375,103.0
2612,D,A,0,C,"(2, 5, 9)",ii,F,A,C,326.5,103.0
2613,D,A,1,C,"(2, 5, 9)",ii,F,C,C,326.625,103.0
2614,D,A,2,C,"(2, 5, 9)",ii,F,C,C,326.75,103.0
2615,D,A,2,C,"(2, 5, 9)",ii,F,C,C,326.875,103.0
2616,C,G,0,C,"(0, 4, 7)",I,C,C,C,327.0,103.0
2617,C,G,1,C,"(0, 4, 7)",I,C,C,C,327.125,103.0
2618,C,G,2,C,"(0, 4, 7)",I,C,C,C,327.25,103.0
2619,C,G,2,C,"(0, 4, 7)",I,C,C,C,327.375,103.0
2620,D,G,3,C,"(0, 3, 6, 9)",V7,C,C,C,327.5,103.0
2621,D,G,1,C,"(0, 3, 6, 9)",V7,C,C,C,327.625,103.0
2622,D,G,3,C,"(0, 3, 6, 9)",V7,C,C,C,327.75,103.0
2623,D,G,3,C,"(0, 3, 6, 9)",V7,C,C,C,327.875,103.0
2624,D,G,0,C,"(2, 5, 7, 11)",V,G,B,C,328.0,103.0
2625,D,G,1,C,"(2, 7, 11)",V,G,B,C,328.125,103.0
2626,D,G,2,C,"(2, 7, 11)",V,G,B,C,328.25,103.0
2627,D,G,2,C,"(2, 7, 11)",V,G,B,C,328.375,103.0
2628,D,G,0,C,"(2, 5, 7, 11)",V7,F,B,C,328.5,103.0
2629,D,G,1,C,"(2, 5, 7, 11)",V7,F,B,C,328.625,103.0
2630,D,G,2,C,"(2, 5, 7, 11)",V7,F,B,C,328.75,103.0
2631,D,G,2,C,"(2, 5, 7, 11)",V7,F,B,C,328.875,103.0
2632,G,C,0,C,"(0, 4, 7)",I,C,E,C,329.0,104.0
2633,G,C,1,C,"(0, 4, 7)",I,C,E,C,329.125,104.0
2634,G,C,2,C,"(0, 4, 7)",I,C,E,C,329.25,104.0
2635,G,C,2,C,"(0, 4, 7)",I,C,E,C,329.375,104.0
2636,G,C,3,C,"(0, 4, 7)",I,C,E,C,329.5,104.0
2637,G,C,3,C,"(0, 4, 7)",I,C,E,C,329.625,104.0
2638,G,C,3,C,"(0, 4, 7)",I,C,E,C,329.75,104.0
2639,G,C,3,C,"(0, 4, 7)",I,C,E,C,329.875,104.0
2640,G,C,4,C,"(0, 4, 7)",I,C,E,C,330.0,104.0
2641,G,C,4,C,"(0, 4, 7)",I,C,E,C,330.125,104.0
2642,G,C,4,C,"(0, 4, 7)",I,C,E,C,330.25,104.0
2643,G,C,4,C,"(0, 4, 7)",I,C,E,C,330.375,104.0
2644,G,C,4,C,"(0, 4, 7)",I,C,E,C,330.5,104.0
2645,G,C,4,C,"(0, 4, 7)",I,C,E,C,330.625,104.0
2646,G,C,4,C,"(0, 4, 7)",I,C,E,C,330.75,104.0
2647,G,C,4,C,"(0, 4, 7)",I,C,E,C,330.875,104.0
2648,G,C,5,C,"(0, 4, 7)",I,C,E,C,331.0,104.0
2649,G,C,5,C,"(0, 4, 7)",I,C,E,C,331.125,104.0
2650,G,C,5,C,"(0, 4, 7)",I,C,E,C,331.25,104.0
2651,G,C,5,C,"(0, 4, 7)",I,C,E,C,331.375,104.0
2652,G,C,5,C,"(0, 4, 7)",I,C,E,C,331.5,104.0
2653,G,C,5,C,"(0, 4, 7)",I,C,E,C,331.625,104.0
2654,G,C,5,C,"(0, 4, 7)",I,C,E,C,331.75,104.0
2655,G,C,5,C,"(0, 4, 7)",I,C,E,C,331.875,104.0
2656,G,C,5,C,"(0, 4, 7)",I,C,E,C,332.0,104.0
2657,G,C,5,C,"(0, 4, 7)",I,C,E,C,332.125,104.0
2658,G,C,5,C,"(0, 4, 7)",I,C,E,C,332.25,104.0
2659,G,C,5,C,"(0, 4, 7)",I,C,E,C,332.375,104.0
2660,G,C,5,C,"(0, 4, 7)",I,C,E,C,332.5,104.0
2661,G,C,5,C,"(0, 4, 7)",I,C,E,C,332.625,104.0
2662,G,C,5,C,"(0, 4, 7)",I,C,E,C,332.75,104.0
2663,G,C,5,C,"(0, 4, 7)",I,C,E,C,332.875,104.0
2664,C,E,0,C,"(0, 4, 7)",I,C,G,C,333.0,105.0
2665,C,E,1,C,"(0, 4, 7)",I,C,G,C,333.125,105.0
2666,C,E,2,C,"(0, 4, 7)",I,C,G,C,333.25,105.0
2667,C,E,2,C,"(0, 4, 7)",I,C,G,C,333.375,105.0
2668,C,E,3,C,"(0, 4, 7)",I,C,G,C,333.5,105.0
2669,C,E,3,C,"(0, 4, 7)",I,C,G,C,333.625,105.0
2670,C,E,3,C,"(0, 4, 7)",I,C,G,C,333.75,105.0
2671,C,E,3,C,"(0, 4, 7)",I,C,G,C,333.875,105.0
2672,C,E,4,C,"(0, 4, 7)",I,C,G,C,334.0,105.0
2673,C,E,4,C,"(0, 4, 7)",I,C,G,C,334.125,105.0
2674,C,E,4,C,"(0, 4, 7)",I,C,G,C,334.25,105.0
2675,C,E,4,C,"(0, 4, 7)",I,C,G,C,334.375,105.0
2676,B-,E,0,C,"(1, 4, 7, 10)",V7,G,G,F,334.5,105.0
2677,B-,D,1,C,"(1, 4, 7, 10)",viio,G,G,F,334.625,105.0
2678,B-,D,2,C,"(1, 4, 7, 10)",viio,G,G,F,334.75,105.0
2679,B-,D,2,C,"(1, 4, 7, 10)",viio,G,G,F,334.875,105.0
2680,G,C#,3,C,"(1, 4, 7, 9)",viio,G,C#,d,335.0,105.0
2681,G,C#,3,C,"(1, 4, 7, 9)",viio,G,C#,d,335.125,105.0
2682,G,C#,3,C,"(1, 4, 7, 9)",viio,G,C#,d,335.25,105.0
2683,G,C#,3,C,"(1, 4, 7, 9)",viio,G,C#,d,335.375,105.0
2684,G,C#,4,C,"(1, 4, 7, 10)",viio,G,C#,d,335.5,105.0
2685,G,C#,4,C,"(1, 4, 7, 10)",viio,G,C#,d,335.625,105.0
2686,G,C#,4,C,"(1, 4, 7, 10)",viio,G,C#,d,335.75,105.0
2687,G,C#,4,C,"(1, 4, 7, 10)",viio,G,C#,d,335.875,105.0
2688,E,A,5,C,"(1, 4, 7, 9)",V7,G,C#,d,336.0,105.0
2689,E,A,5,C,"(1, 4, 7, 9)",V7,G,C#,d,336.125,105.0
2690,E,A,5,C,"(1, 4, 7, 9)",V7,G,C#,d,336.25,105.0
2691,E,A,5,C,"(1, 4, 7, 9)",V7,G,C#,d,336.375,105.0
2692,E,B-,5,C,"(1, 4, 7, 9)",V7,G,C#,d,336.5,105.0
2693,E,B-,5,C,"(1, 4, 7, 9)",V7,G,C#,d,336.625,105.0
2694,E,B-,5,C,"(1, 4, 7, 9)",V7,G,C#,d,336.75,105.0
2695,E,B-,5,C,"(1, 4, 7, 9)",V7,G,C#,d,336.875,105.0
2696,E,A,0,C,"(1, 4, 7, 9)",V7,G,C#,d,337.0,106.0
2697,E,A,1,C,"(1, 4, 7, 9)",V7,G,C#,d,337.125,106.0
2698,E,A,2,C,"(1, 4, 7, 9)",V7,G,C#,d,337.25,106.0
2699,E,A,2,C,"(1, 4, 7, 9)",V7,G,C#,d,337.375,106.0
2700,E,A,3,C,"(1, 4, 7, 9)",V7,G,C#,d,337.5,106.0
2701,E,A,3,C,"(1, 4, 7, 9)",V7,G,C#,d,337.625,106.0
2702,E,A,3,C,"(1, 4, 7, 9)",V7,G,C#,d,337.75,106.0
2703,E,A,3,C,"(1, 4, 7, 9)",V7,G,C#,d,337.875,106.0
2704,F,D,0,C,"(2, 5, 9)",ii,D,F,C,338.0,106.0
2705,F,D,1,C,"(2, 5, 9)",ii,D,F,C,338.125,106.0
2706,F,D,2,C,"(2, 5, 9)",ii,D,F,C,338.25,106.0
2707,F,D,2,C,"(2, 5, 9)",ii,D,F,C,338.375,106.0
2708,F,D,3,C,"(2, 5, 9)",V7,D,F,C,338.5,106.0
2709,F,D,3,C,"(2, 5, 9)",V7,D,F,C,338.625,106.0
2710,F,D,3,C,"(2, 5, 9)",V7,D,F,C,338.75,106.0
2711,F,D,3,C,"(2, 5, 9)",V7,D,F,C,338.875,106.0
2712,E,A,0,C,"(1, 4, 9)",V,A,C#,d,339.0,106.0
2713,E,A,1,C,"(1, 4, 9)",V,A,C#,d,339.125,106.0
2714,E,A,2,C,"(1, 4, 9)",V,A,C#,d,339.25,106.0
2715,E,A,2,C,"(1, 4, 9)",V,A,C#,d,339.375,106.0
2716,E,A,3,C,"(1, 4, 9)",V,A,C#,d,339.5,106.0
2717,E,A,3,C,"(1, 4, 9)",V,A,C#,d,339.625,106.0
2718,E,A,3,C,"(1, 4, 9)",V,A,C#,d,339.75,106.0
2719,E,A,3,C,"(1, 4, 9)",V,A,C#,d,339.875,106.0
2720,E,A,4,C,"(1, 4, 9)",V,A,C#,d,340.0,106.0
2721,E,A,4,C,"(1, 4, 9)",V,A,C#,d,340.125,106.0
2722,E,A,4,C,"(1, 4, 9)",V,A,C#,d,340.25,106.0
2723,E,A,4,C,"(1, 4, 9)",V,A,C#,d,340.375,106.0
2724,E,A,4,C,"(2, 5, 9)",V,A,C#,d,340.5,106.0
2725,E,A,4,C,"(2, 5, 9)",V,A,C#,d,340.625,106.0
2726,E,A,4,C,"(2, 5, 9)",V,A,C#,d,340.75,106.0
2727,E,A,4,C,"(2, 5, 9)",V,A,C#,d,340.875,106.0
2728,A,D,0,C,"(2, 5, 9)",ii,D,F,C,341.0,107.0
2729,A,D,1,C,"(2, 5, 9)",ii,D,F,C,341.125,107.0
2730,A,D,2,C,"(2, 5, 9)",ii,D,F,C,341.25,107.0
2731,A,D,2,C,"(2, 5, 9)",ii,D,F,C,341.375,107.0
2732,A,D,3,C,"(2, 5, 9)",ii,D,F,C,341.5,107.0
2733,A,D,3,C,"(2, 5, 9)",ii,D,F,C,341.625,107.0
2734,A,D,3,C,"(2, 5, 9)",ii,D,F,C,341.75,107.0
2735,A,D,3,C,"(2, 5, 9)",ii,D,F,C,341.875,107.0
2736,A,D,4,C,"(2, 5, 9)",ii,D,F,C,342.0,107.0
2737,A,D,4,C,"(2, 5, 9)",ii,D,F,C,342.125,107.0
2738,A,D,4,C,"(2, 5, 9)",ii,D,F,C,342.25,107.0
2739,A,D,4,C,"(2, 5, 9)",ii,D,F,C,342.375,107.0
2740,F,D,0,C,"(2, 5, 9)",ii,D,F,C,342.5,107.0
2741,F,D,1,C,"(2, 5, 8, 11)",viio7,D,F,C,342.625,107.0
2742,F,D,4,C,"(2, 5, 8, 11)",viio7,D,F,C,342.75,107.0
2743,F,D,4,C,"(2, 5, 8, 11)",viio7,D,F,C,342.875,107.0
2744,F,B,0,C,"(2, 5, 8, 11)",viio7,F,D,c,343.0,107.0
2745,F,B,1,C,"(2, 5, 8, 11)",viio7,F,D,c,343.125,107.0
2746,F,B,2,C,"(2, 5, 8, 11)",viio7,F,D,c,343.25,107.0
2747,F,B,2,C,"(2, 5, 8, 11)",viio7,F,D,c,343.375,107.0
2748,F,A-,0,C,"(2, 5, 8, 11)",viio7,F,C,c,343.5,107.0
2749,F,A-,1,C,"(2, 5, 8, 11)",viio7,F,C,c,343.625,107.0
2750,F,A-,2,C,"(2, 5, 8, 11)",viio7,F,C,c,343.75,107.0
2751,F,A-,2,C,"(2, 5, 8, 11)",viio7,F,C,c,343.875,107.0
2752,D,G,0,C,"(2, 5, 7, 11)",V7,F,B,c,344.0,107.0
2753,D,G,1,C,"(2, 5, 7, 11)",V7,F,B,c,344.125,107.0
2754,D,G,2,C,"(2, 5, 7, 11)",V7,F,B,c,344.25,107.0
2755,D,G,2,C,"(2, 5, 7, 11)",V7,F,B,c,344.375,107.0
2756,F,A-,0,C,"(0, 5, 8)",viio7,F,C,c,344.5,107.0
2757,F,A-,1,C,"(0, 5, 8)",i,F,C,c,344.625,107.0
2758,F,A-,2,C,"(0, 5, 8)",i,F,C,c,344.75,107.0
2759,F,A-,2,C,"(0, 5, 8)",i,F,C,c,344.875,107.0
2760,D,G,0,C,"(2, 5, 7, 11)",V7,F,B,C,345.0,108.0
2761,D,G,1,C,"(2, 5, 7, 11)",V7,F,B,C,345.125,108.0
2762,D,G,2,C,"(2, 5, 7, 11)",V7,F,B,C,345.25,108.0
2763,D,G,2,C,"(2, 5, 7, 11)",V7,F,B,C,345.375,108.0
2764,D,G,3,C,"(2, 5, 7, 11)",V7,F,B,C,345.5,108.0
2765,D,G,3,C,"(2, 5, 7, 11)",V7,F,B,C,345.625,108.0
2766,D,G,3,C,"(2, 5, 7, 11)",V7,F,B,C,345.75,108.0
2767,D,G,3,C,"(2, 5, 7, 11)",V7,F,B,C,345.875,108.0
2768,D,G,4,C,"(2, 5, 7, 11)",V7,F,B,C,346.0,108.0
2769,D,G,4,C,"(0, 4, 7)",V7,F,B,C,346.125,108.0
2770,D,G,4,C,"(0, 4, 7)",V7,F,B,C,346.25,108.0
2771,D,G,4,C,"(0, 4, 7)",V7,F,B,C,346.375,108.0
2772,D,G,4,C,"(0, 4, 7)",V7,C,B,C,346.5,108.0
2773,D,G,4,C,"(0, 4, 7)",V7,C,B,C,346.625,108.0
2774,D,G,4,C,"(0, 4, 7)",V7,C,B,C,346.75,108.0
2775,D,G,4,C,"(0, 4, 7)",V7,C,B,C,346.875,108.0
2776,D,G,0,C,"(2, 7, 11)",V,G,B,C,347.0,108.0
2777,D,G,1,C,"(2, 7, 11)",V,G,B,C,347.125,108.0
2778,D,G,2,C,"(2, 7, 11)",V,G,B,C,347.25,108.0
2779,D,G,2,C,"(2, 7, 11)",V,G,B,C,347.375,108.0
2780,D,G,3,C,"(2, 7, 11)",V,G,B,C,347.5,108.0
2781,D,G,3,C,"(2, 7, 11)",V,G,B,C,347.625,108.0
2782,D,G,3,C,"(2, 7, 11)",V,G,B,C,347.75,108.0
2783,D,G,3,C,"(2, 7, 11)",V,G,B,C,347.875,108.0
2784,D,G,4,C,"(2, 5, 7, 11)",V7,G,B,C,348.0,108.0
2785,D,G,4,C,"(2, 5, 7, 11)",V7,F,B,C,348.125,108.0
2786,D,G,4,C,"(2, 5, 7, 11)",V7,F,B,C,348.25,108.0
2787,D,G,4,C,"(2, 5, 7, 11)",V7,F,B,C,348.375,108.0
2788,D,G,4,C,"(2, 5, 7, 11)",V7,G,B,C,348.5,108.0
2789,D,G,4,C,"(2, 5, 7, 11)",V,G,B,C,348.625,108.0
2790,D,G,4,C,"(2, 5, 7, 11)",V,G,B,C,348.75,108.0
2791,D,G,4,C,"(2, 5, 7, 11)",V,G,B,C,348.875,108.0
2792,G,C,0,C,"(0, 4, 7)",I,C,E,C,349.0,109.0
2793,G,C,1,C,"(0, 4, 7)",I,C,E,C,349.125,109.0
2794,G,C,2,C,"(0, 4, 7)",I,C,E,C,349.25,109.0
2795,G,C,2,C,"(0, 4, 7)",I,C,E,C,349.375,109.0
2796,G,C,3,C,"(0, 4, 7)",I,C,E,C,349.5,109.0
2797,G,C,3,C,"(0, 4, 7)",I,C,E,C,349.625,109.0
2798,G,C,3,C,"(0, 4, 7)",I,C,E,C,349.75,109.0
2799,G,C,3,C,"(0, 4, 7)",I,C,E,C,349.875,109.0
2800,G,C,4,C,"(0, 4, 7)",I,C,E,C,350.0,109.0
2801,G,C,4,C,"(0, 4, 7)",I,C,E,C,350.125,109.0
2802,G,C,4,C,"(0, 4, 7)",I,C,E,C,350.25,109.0
2803,G,C,4,C,"(0, 4, 7)",I,C,E,C,350.375,109.0
2804,G,C,4,C,"(0, 4, 7)",I,C,E,C,350.5,109.0
2805,G,C,4,C,"(0, 4, 7)",I,C,E,C,350.625,109.0
2806,G,C,4,C,"(0, 4, 7)",I,C,E,C,350.75,109.0
2807,G,C,4,C,"(0, 4, 7)",I,C,E,C,350.875,109.0
2808,F,A,0,C,"(0, 5, 9)",I,F,C,C,351.0,109.0
2809,F,A,1,C,"(0, 5, 9)",I,F,C,C,351.125,109.0
2810,F,A,2,C,"(0, 5, 9)",I,F,C,C,351.25,109.0
2811,F,A,2,C,"(0, 5, 9)",I,F,C,C,351.375,109.0
2812,E,G,0,C,"(0, 4, 7)",I,F,C,C,351.5,109.0
2813,E,G,1,C,"(0, 4, 7)",I,F,C,C,351.625,109.0
2814,E,G,2,C,"(0, 4, 7)",I,F,C,C,351.75,109.0
2815,E,G,2,C,"(0, 4, 7)",I,F,C,C,351.875,109.0
2816,D,F,0,C,"(2, 5, 9)",ii,D,A,C,352.0,109.0
2817,D,F,1,C,"(2, 5, 9)",ii,D,A,C,352.125,109.0
2818,D,F,2,C,"(2, 5, 9)",ii,D,A,C,352.25,109.0
2819,D,F,2,C,"(2, 5, 9)",ii,D,A,C,352.375,109.0
2820,C,E,0,C,"(0, 4, 7)",I,C,G,C,352.5,109.0
2821,C,E,1,C,"(0, 4, 7)",I,C,G,C,352.625,109.0
2822,C,E,2,C,"(0, 4, 7)",I,C,G,C,352.75,109.0
2823,C,E,2,C,"(0, 4, 7)",I,C,G,C,352.875,109.0
2824,G,C,0,C,"(0, 4, 7)",I,C,E,C,353.0,110.0
2825,G,C,1,C,"(0, 4, 7)",I,C,E,C,353.125,110.0
2826,G,C,2,C,"(0, 4, 7)",I,C,E,C,353.25,110.0
2827,G,C,2,C,"(0, 4, 7)",I,C,E,C,353.375,110.0
2828,G,C,3,C,"(0, 4, 7)",I,C,E,C,353.5,110.0
2829,G,C,3,C,"(0, 4, 7)",I,C,E,C,353.625,110.0
2830,G,C,3,C,"(0, 4, 7)",I,C,E,C,353.75,110.0
2831,G,C,3,C,"(0, 4, 7)",I,C,E,C,353.875,110.0
2832,G,C,4,C,"(0, 4, 7)",I,C,E,C,354.0,110.0
2833,G,C,4,C,"(0, 4, 7)",I,C,E,C,354.125,110.0
2834,G,C,4,C,"(0, 4, 7)",I,C,E,C,354.25,110.0
2835,G,C,4,C,"(0, 4, 7)",I,C,E,C,354.375,110.0
2836,G,D,0,C,"(0, 4, 7)",IV,C,F,C,354.5,110.0
2837,G,D,1,C,"(0, 4, 7)",IV,C,F,C,354.625,110.0
2838,G,D,2,C,"(0, 4, 7)",IV,C,F,C,354.75,110.0
2839,G,D,2,C,"(0, 4, 7)",IV,C,F,C,354.875,110.0
2840,C,E,0,C,"(0, 4, 7)",I,C,G,C,355.0,110.0
2841,C,E,1,C,"(0, 4, 7)",I,C,G,C,355.125,110.0
2842,C,E,2,C,"(0, 4, 7)",I,C,G,C,355.25,110.0
2843,C,E,2,C,"(0, 4, 7)",I,C,G,C,355.375,110.0
2844,C,E,0,C,"(0, 4, 7)",I,C,G,C,355.5,110.0
2845,C,E,1,C,"(0, 4, 7)",I,C,G,C,355.625,110.0
2846,C,E,2,C,"(0, 4, 7)",I,C,G,C,355.75,110.0
2847,C,E,2,C,"(0, 4, 7)",I,C,G,C,355.875,110.0
2848,C,E,0,C,"(0, 4, 7)",V,C,G,C,356.0,110.0
2849,C,E,1,C,"(0, 4, 7)",I,C,G,C,356.125,110.0
2850,C,E,2,C,"(0, 4, 7)",I,C,G,C,356.25,110.0
2851,C,E,2,C,"(0, 4, 7)",I,C,G,C,356.375,110.0
2852,C,E,0,C,"(0, 4, 8)",V+,C,G,C,356.5,110.0
2853,C,E,1,C,"(0, 4, 8)",V+,C,G,C,356.625,110.0
2854,C,E,2,C,"(0, 4, 8)",V+,C,G,C,356.75,110.0
2855,C,E,2,C,"(0, 4, 8)",V+,C,G,C,356.875,110.0
2856,C,F,0,C,"(0, 5, 9)",IV,F,A,C,357.0,111.0
2857,C,F,1,C,"(0, 5, 9)",IV,F,A,C,357.125,111.0
2858,C,F,2,C,"(0, 5, 9)",IV,F,A,C,357.25,111.0
2859,C,F,2,C,"(0, 5, 9)",IV,F,A,C,357.375,111.0
2860,C,F,3,C,"(0, 5, 9)",IV,F,A,C,357.5,111.0
2861,C,F,3,C,"(0, 5, 9)",IV,F,A,C,357.625,111.0
2862,C,F,3,C,"(0, 5, 9)",IV,F,A,C,357.75,111.0
2863,C,F,3,C,"(0, 5, 9)",IV,F,A,C,357.875,111.0
2864,C,F,0,C,"(0, 5, 9)",IV,F,A,C,358.0,111.0
2865,C,F,1,C,"(0, 5, 9)",IV,F,A,C,358.125,111.0
2866,C,F,2,C,"(0, 5, 9)",IV,F,A,C,358.25,111.0
2867,C,F,2,C,"(0, 5, 9)",IV,F,A,C,358.375,111.0
2868,C,F,4,C,"(0, 5, 9)",IV,F,A,C,358.5,111.0
2869,C,F,4,C,"(0, 5, 9)",IV,F,A,C,358.625,111.0
2870,C,F,4,C,"(0, 5, 9)",IV,F,A,C,358.75,111.0
2871,C,F,4,C,"(0, 5, 9)",IV,F,A,C,358.875,111.0
2872,D,G,0,C,"(2, 7, 11)",V,G,B,C,359.0,111.0
2873,D,G,1,C,"(2, 7, 11)",V,G,B,C,359.125,111.0
2874,D,G,2,C,"(2, 7, 11)",V,G,B,C,359.25,111.0
2875,D,G,2,C,"(2, 7, 11)",V,G,B,C,359.375,111.0
2876,D,G,3,C,"(2, 7, 11)",V,G,B,C,359.5,111.0
2877,D,G,3,C,"(2, 7, 11)",V,G,B,C,359.625,111.0
2878,D,G,3,C,"(2, 7, 11)",V,G,B,C,359.75,111.0
2879,D,G,3,C,"(2, 7, 11)",V,G,B,C,359.875,111.0
2880,D,G,0,C,"(2, 7, 11)",V,G,B,C,360.0,111.0
2881,D,G,1,C,"(2, 7, 11)",V,G,B,C,360.125,111.0
2882,D,G,2,C,"(2, 7, 11)",V,G,B,C,360.25,111.0
2883,D,G,4,C,"(2, 7, 11)",V,G,B,C,360.375,111.0
2884,D,G,3,C,"(2, 7, 11)",V,G,B,C,360.5,111.0
2885,D,G,3,C,"(2, 7, 11)",V,G,B,C,360.625,111.0
2886,D,G,3,C,"(2, 7, 11)",V,G,B,C,360.75,111.0
2887,D,G,3,C,"(2, 7, 11)",V,G,B,C,360.875,111.0
2888,G,C,0,C,"(0, 4, 7)",I,C,E,C,361.0,112.0
2889,G,C,1,C,"(0, 4, 7)",I,C,E,C,361.125,112.0
2890,G,C,2,C,"(0, 4, 7)",I,C,E,C,361.25,112.0
2891,G,C,2,C,"(0, 4, 7)",I,C,E,C,361.375,112.0
2892,G,C,3,C,"(0, 4, 7)",I,C,E,C,361.5,112.0
2893,G,C,3,C,"(0, 4, 7)",I,C,E,C,361.625,112.0
2894,G,C,3,C,"(0, 4, 7)",I,C,E,C,361.75,112.0
2895,G,C,3,C,"(0, 4, 7)",I,C,E,C,361.875,112.0
2896,G,C,4,C,"(0, 4, 7)",I,C,E,C,362.0,112.0
2897,G,C,4,C,"(0, 4, 7)",I,C,E,C,362.125,112.0
2898,G,C,4,C,"(0, 4, 7)",I,C,E,C,362.25,112.0
2899,G,C,4,C,"(0, 4, 7)",I,C,E,C,362.375,112.0
2900,G,C,4,C,"(0, 4, 7)",I,C,E,C,362.5,112.0
2901,G,C,4,C,"(0, 4, 7)",I,C,E,C,362.625,112.0
2902,G,C,4,C,"(0, 4, 7)",I,C,E,C,362.75,112.0
2903,G,C,4,C,"(0, 4, 7)",I,C,E,C,362.875,112.0
2904,G,C,5,C,"(0, 4, 7)",I,C,E,C,363.0,112.0
2905,G,C,5,C,"(0, 4, 7)",I,C,E,C,363.125,112.0
2906,G,C,5,C,"(0, 4, 7)",I,C,E,C,363.25,112.0
2907,G,C,5,C,"(0, 4, 7)",I,C,E,C,363.375,112.0
2908,G,C,5,C,"(0, 4, 7)",I,C,E,C,363.5,112.0
2909,G,C,5,C,"(0, 4, 7)",I,C,E,C,363.625,112.0
2910,G,C,5,C,"(0, 4, 7)",I,C,E,C,363.75,112.0
2911,G,C,5,C,"(0, 4, 7)",I,C,E,C,363.875,112.0
2912,G,C,5,C,"(0, 4, 7)",I,C,E,C,364.0,112.0
2913,G,C,5,C,"(0, 4, 7)",I,C,E,C,364.125,112.0
2914,G,C,5,C,"(0, 4, 7)",I,C,E,C,364.25,112.0
2915,G,C,5,C,"(0, 4, 7)",I,C,E,C,364.375,112.0
2916,G,C,5,C,"(0, 4, 7)",I,C,E,C,364.5,112.0
2917,G,C,5,C,"(0, 4, 7)",I,C,E,C,364.625,112.0
2918,G,C,5,C,"(0, 4, 7)",I,C,E,C,364.75,112.0
2919,G,C,5,C,"(0, 4, 7)",I,C,E,C,364.875,112.0
2920,C,E,0,C,"(0, 4, 7)",I,C,G,C,365.0,113.0
2921,C,E,1,C,"(0, 4, 7)",I,C,G,C,365.125,113.0
2922,C,E,2,C,"(0, 4, 7)",I,C,G,C,365.25,113.0
2923,C,E,2,C,"(0, 4, 7)",I,C,G,C,365.375,113.0
2924,C,E,3,C,"(0, 4, 7)",I,C,G,C,365.5,113.0
2925,C,E,3,C,"(0, 4, 7)",I,C,G,C,365.625,113.0
2926,C,E,3,C,"(0, 4, 7)",I,C,G,C,365.75,113.0
2927,C,E,3,C,"(0, 4, 7)",I,C,G,C,365.875,113.0
2928,C,E,4,C,"(0, 4, 7)",I,C,G,C,366.0,113.0
2929,C,E,4,C,"(0, 4, 7)",I,C,G,C,366.125,113.0
2930,C,E,4,C,"(0, 4, 7)",I,C,G,C,366.25,113.0
2931,C,E,4,C,"(0, 4, 7)",I,C,G,C,366.375,113.0
2932,C,E,4,C,"(0, 4, 7)",I,C,G,C,366.5,113.0
2933,C,E,4,C,"(0, 4, 7)",I,C,G,C,366.625,113.0
2934,C,E,4,C,"(0, 4, 7)",I,C,G,C,366.75,113.0
2935,C,E,4,C,"(0, 4, 7)",I,C,G,C,366.875,113.0
2936,C,E,5,C,"(0, 4, 7)",V,C,G,C,367.0,113.0
2937,C,E,5,C,"(0, 4, 7)",V,C,G,C,367.125,113.0
2938,C,E,5,C,"(0, 4, 7)",V,C,G,C,367.25,113.0
2939,C,E,5,C,"(0, 4, 7)",V,C,G,C,367.375,113.0
2940,C,E,5,C,"(0, 4, 7)",V,C,G,C,367.5,113.0
2941,C,E,5,C,"(0, 4, 7)",V,C,G,C,367.625,113.0
2942,C,E,5,C,"(0, 4, 7)",V,C,G,C,367.75,113.0
2943,C,E,5,C,"(0, 4, 7)",V,C,G,C,367.875,113.0
2944,C,E,5,C,"(0, 4, 7)",V,C,G,C,368.0,113.0
2945,C,E,5,C,"(0, 4, 7)",V,C,G,C,368.125,113.0
2946,C,E,5,C,"(0, 4, 7)",V,C,G,C,368.25,113.0
2947,C,E,5,C,"(0, 4, 7)",V,C,G,C,368.375,113.0
2948,B,E,5,C,"(0, 4, 7)",V,C,G,C,368.5,113.0
2949,B,E,5,C,"(0, 4, 7)",V,C,G,C,368.625,113.0
2950,B,E,5,C,"(0, 4, 7)",V,C,G,C,368.75,113.0
2951,B,E,5,C,"(0, 4, 7)",V,C,G,C,368.875,113.0
2952,B,E,0,C,"(1, 4, 7)",V7,C#,G,C,369.0,114.0
2953,B,E,1,C,"(1, 4, 7)",viio,C#,G,C,369.125,114.0
2954,B,E,2,C,"(1, 4, 7)",viio,C#,G,C,369.25,114.0
2955,B,E,2,C,"(1, 4, 7)",viio,C#,G,C,369.375,114.0
2956,B,E,3,C,"(1, 4, 7)",viio,C#,G,C,369.5,114.0
2957,B,E,3,C,"(1, 4, 7)",viio,C#,G,C,369.625,114.0
2958,B,E,3,C,"(1, 4, 7)",viio,C#,G,C,369.75,114.0
2959,B,E,3,C,"(1, 4, 7)",viio,C#,G,C,369.875,114.0
2960,G,D,0,C,"(2, 5, 7, 11)",V7,B,F,C,370.0,114.0
2961,B,D,1,C,"(2, 5, 7, 11)",V7,B,F,C,370.125,114.0
2962,B,D,2,C,"(2, 5, 7, 11)",V7,B,F,C,370.25,114.0
2963,B,D,2,C,"(2, 5, 7, 11)",V7,B,F,C,370.375,114.0
2964,B,D,3,C,"(2, 5, 7, 11)",V7,B,F,C,370.5,114.0
2965,B,D,3,C,"(2, 5, 7, 11)",V7,B,F,C,370.625,114.0
2966,B,D,3,C,"(2, 5, 7, 11)",V7,B,F,C,370.75,114.0
2967,B,D,3,C,"(2, 5, 7, 11)",V7,B,F,C,370.875,114.0
2968,G,C,0,C,"(0, 4, 7)",I,C,E,C,371.0,114.0
2969,G,C,1,C,"(0, 4, 7)",I,C,E,C,371.125,114.0
2970,G,C,2,C,"(0, 4, 7)",I,C,E,C,371.25,114.0
2971,G,C,2,C,"(0, 4, 7)",I,C,E,C,371.375,114.0
2972,G,C,3,C,"(0, 4, 7)",I,C,E,C,371.5,114.0
2973,G,C,3,C,"(0, 4, 7)",I,C,E,C,371.625,114.0
2974,G,C,3,C,"(0, 4, 7)",I,C,E,C,371.75,114.0
2975,G,C,3,C,"(0, 4, 7)",I,C,E,C,371.875,114.0
2976,G,C,0,C,"(0, 4, 7)",I,C,E,C,372.0,114.0
2977,G,C,1,C,"(0, 4, 7)",I,C,E,C,372.125,114.0
2978,G,C,2,C,"(0, 4, 7)",I,C,E,C,372.25,114.0
2979,G,C,2,C,"(0, 4, 7)",I,C,E,C,372.375,114.0
2980,G,C,3,C,"(0, 4, 7)",I,C,E,C,372.5,114.0
2981,G,C,3,C,"(0, 4, 7)",I,C,E,C,372.625,114.0
2982,G,C,3,C,"(0, 4, 7)",I,C,E,C,372.75,114.0
2983,G,C,3,C,"(0, 4, 7)",I,C,E,C,372.875,114.0
2984,G,D,0,C,"(2, 5, 7, 11)",V7,B,F,C,373.0,115.0
2985,G,D,1,C,"(2, 5, 7, 11)",V7,B,F,C,373.125,115.0
2986,G,D,2,C,"(2, 5, 7, 11)",V7,B,F,C,373.25,115.0
2987,G,D,2,C,"(2, 5, 7, 11)",V7,B,F,C,373.375,115.0
2988,G,D,3,C,"(2, 5, 7, 11)",V7,B,F,C,373.5,115.0
2989,G,D,3,C,"(2, 5, 7, 11)",V7,B,F,C,373.625,115.0
2990,G,D,3,C,"(2, 5, 7, 11)",V7,B,F,C,373.75,115.0
2991,G,D,3,C,"(2, 5, 7, 11)",V7,B,F,C,373.875,115.0
2992,G,D,4,C,"(2, 5, 7, 11)",V7,B,F,C,374.0,115.0
2993,G,D,4,C,"(2, 5, 7, 11)",V7,B,F,C,374.125,115.0
2994,G,D,4,C,"(2, 5, 7, 11)",V7,B,F,C,374.25,115.0
2995,G,D,4,C,"(2, 5, 7, 11)",V7,B,F,C,374.375,115.0
2996,G,C#,0,C,"(2, 5, 7, 11)",V7,B,E,C,374.5,115.0
2997,G,C#,1,C,"(2, 5, 7, 11)",V7,B,E,C,374.625,115.0
2998,G,C#,2,C,"(2, 5, 7, 11)",V7,B,E,C,374.75,115.0
2999,G,C#,2,C,"(2, 5, 7, 11)",V7,B,E,C,374.875,115.0
3000,G,D,0,C,"(2, 5, 7, 11)",V7,B,F,C,375.0,115.0
3001,G,D,1,C,"(2, 5, 7, 11)",V7,B,F,C,375.125,115.0
3002,G,D,2,C,"(2, 5, 7, 11)",V7,B,F,C,375.25,115.0
3003,G,D,2,C,"(2, 5, 7, 11)",V7,B,F,C,375.375,115.0
3004,G,D,3,C,"(2, 5, 7, 11)",V7,B,E,C,375.5,115.0
3005,G,D,3,C,"(2, 5, 7, 11)",V7,B,E,C,375.625,115.0
3006,G,D,3,C,"(2, 5, 7, 11)",V7,B,E,C,375.75,115.0
3007,G,D,3,C,"(2, 5, 7, 11)",V7,B,E,C,375.875,115.0
3008,G,D,0,C,"(2, 5, 7, 11)",V7,B,F,C,376.0,115.0
3009,G,D,1,C,"(2, 5, 7, 11)",V7,B,F,C,376.125,115.0
3010,G,D,2,C,"(2, 5, 7, 11)",V7,B,F,C,376.25,115.0
3011,G,D,2,C,"(2, 5, 7, 11)",V7,B,F,C,376.375,115.0
3012,G,C#,0,C,"(0, 4, 7)",V7,C#,E,C,376.5,115.0
3013,G,C#,1,C,"(0, 4, 7)",V7,C#,E,C,376.625,115.0
3014,G,C#,2,C,"(0, 4, 7)",V7,C#,E,C,376.75,115.0
3015,G,C#,2,C,"(0, 4, 7)",V7,C#,E,C,376.875,115.0
3016,D,D,0,C,"(2, 5, 7, 11)",V7,B,F,C,377.0,116.0
3017,G,D,1,C,"(2, 5, 7, 11)",V7,B,F,C,377.125,116.0
3018,G,D,2,C,"(2, 5, 7, 11)",V7,F,F,C,377.25,116.0
3019,G,D,2,C,"(2, 5, 7, 11)",V7,F,F,C,377.375,116.0
3020,G,D,3,C,"(2, 5, 7, 11)",V7,B,F,C,377.5,116.0
3021,G,D,3,C,"(2, 5, 7, 11)",V7,B,F,C,377.625,116.0
3022,G,D,3,C,"(2, 5, 7, 11)",V7,B,F,C,377.75,116.0
3023,G,D,3,C,"(2, 5, 7, 11)",V7,B,F,C,377.875,116.0
3024,G,C,0,C,"(0, 4, 7)",I,C,E,C,378.0,116.0
3025,G,C,1,C,"(0, 4, 7)",I,C,E,C,378.125,116.0
3026,G,C,2,C,"(0, 4, 7)",I,C,E,C,378.25,116.0
3027,G,C,2,C,"(0, 4, 7)",I,C,E,C,378.375,116.0
3028,G,C,3,C,"(0, 4, 7)",I,C,E,C,378.5,116.0
3029,G,C,3,C,"(0, 4, 7)",I,C,E,C,378.625,116.0
3030,G,C,3,C,"(0, 4, 7)",I,C,E,C,378.75,116.0
3031,G,C,3,C,"(0, 4, 7)",I,C,E,C,378.875,116.0
3032,D,G,0,C,"(2, 7, 11)",V,F,B,C,379.0,116.0
3033,D,G,1,C,"(2, 7, 11)",V,G,B,C,379.125,116.0
3034,D,G,2,C,"(2, 7, 11)",V,G,B,C,379.25,116.0
3035,D,G,2,C,"(2, 7, 11)",V,G,B,C,379.375,116.0
3036,D,G,3,C,"(2, 7, 11)",V,G,B,C,379.5,116.0
3037,D,G,3,C,"(2, 7, 11)",V,G,B,C,379.625,116.0
3038,D,G,3,C,"(2, 7, 11)",V,G,B,C,379.75,116.0
3039,D,G,3,C,"(2, 7, 11)",V,G,B,C,379.875,116.0
3040,D,G,4,C,"(2, 5, 7, 11)",V7,F,B,C,380.0,116.0
3041,D,G,4,C,"(2, 5, 7, 11)",V7,F,B,C,380.125,116.0
3042,D,G,4,C,"(2, 5, 7, 11)",V7,F,B,C,380.25,116.0
3043,D,G,4,C,"(2, 5, 7, 11)",V7,F,B,C,380.375,116.0
3044,D,G,4,C,"(2, 5, 7, 11)",V7,C,B,C,380.5,116.0
3045,D,G,4,C,"(2, 5, 7, 11)",V7,C,B,C,380.625,116.0
3046,D,G,4,C,"(2, 5, 7, 11)",V7,C,B,C,380.75,116.0
3047,D,G,4,C,"(2, 5, 7, 11)",V7,C,B,C,380.875,116.0
3048,G,C,0,C,"(0, 4, 7)",I,C,E,C,381.0,117.0
3049,G,C,1,C,"(0, 4, 7)",I,C,E,C,381.125,117.0
3050,G,C,2,C,"(0, 4, 7)",I,C,E,C,381.25,117.0
3051,G,C,2,C,"(0, 4, 7)",I,C,E,C,381.375,117.0
3052,G,C,3,C,"(0, 4, 7)",I,C,E,C,381.5,117.0
3053,G,C,3,C,"(0, 4, 7)",I,C,E,C,381.625,117.0
3054,G,C,3,C,"(0, 4, 7)",I,C,E,C,381.75,117.0
3055,G,C,3,C,"(0, 4, 7)",I,C,E,C,381.875,117.0
3056,G,C,4,C,"(0, 4, 7)",I,C,E,C,382.0,117.0
3057,G,C,4,C,"(0, 4, 7)",I,C,E,C,382.125,117.0
3058,G,C,4,C,"(0, 4, 7)",I,C,E,C,382.25,117.0
3059,G,C,4,C,"(0, 4, 7)",I,C,E,C,382.375,117.0
3060,G,C,4,C,"(0, 4, 7)",I,C,E,C,382.5,117.0
3061,G,C,4,C,"(0, 4, 7)",I,C,E,C,382.625,117.0
3062,G,C,4,C,"(0, 4, 7)",I,C,E,C,382.75,117.0
3063,G,C,4,C,"(0, 4, 7)",I,C,E,C,382.875,117.0
3064,F,A,0,C,"(0, 5, 9)",IV,F,C,C,383.0,117.0
3065,F,A,1,C,"(0, 5, 9)",IV,F,C,C,383.125,117.0
3066,F,A,2,C,"(0, 5, 9)",IV,F,C,C,383.25,117.0
3067,F,A,2,C,"(0, 5, 9)",IV,F,C,C,383.375,117.0
3068,E,G,0,C,"(0, 4, 7)",I,C,C,C,383.5,117.0
3069,E,G,1,C,"(0, 4, 7)",I,C,C,C,383.625,117.0
3070,E,G,2,C,"(0, 4, 7)",I,C,C,C,383.75,117.0
3071,E,G,2,C,"(0, 4, 7)",I,C,C,C,383.875,117.0
3072,D,F,0,C,"(2, 5, 9)",ii,D,A,C,384.0,117.0
3073,D,F,1,C,"(2, 5, 9)",ii,D,A,C,384.125,117.0
3074,D,F,2,C,"(2, 5, 9)",ii,D,A,C,384.25,117.0
3075,D,F,2,C,"(2, 5, 9)",ii,D,A,C,384.375,117.0
3076,C,E,0,C,"(0, 4, 7)",I,C,G,C,384.5,117.0
3077,C,E,1,C,"(0, 4, 7)",I,C,G,C,384.625,117.0
3078,C,E,2,C,"(0, 4, 7)",I,C,G,C,384.75,117.0
3079,C,E,2,C,"(0, 4, 7)",I,C,G,C,384.875,117.0
3080,G,C,0,C,"(0, 4, 7)",I,C,E,C,385.0,118.0
3081,G,C,1,C,"(0, 4, 7)",I,C,E,C,385.125,118.0
3082,G,C,2,C,"(0, 4, 7)",I,C,E,C,385.25,118.0
3083,G,C,2,C,"(0, 4, 7)",I,C,E,C,385.375,118.0
3084,G,C,3,C,"(0, 4, 7)",I,C,E,C,385.5,118.0
3085,G,C,3,C,"(0, 4, 7)",I,C,E,C,385.625,118.0
3086,G,C,3,C,"(0, 4, 7)",I,C,E,C,385.75,118.0
3087,G,C,3,C,"(0, 4, 7)",I,C,E,C,385.875,118.0
3088,G,C,4,C,"(0, 4, 7)",I,C,E,C,386.0,118.0
3089,G,C,4,C,"(0, 4, 7)",I,C,E,C,386.125,118.0
3090,G,C,4,C,"(0, 4, 7)",I,C,E,C,386.25,118.0
3091,G,C,4,C,"(0, 4, 7)",I,C,E,C,386.375,118.0
3092,G,C,0,C,"(0, 4, 7)",I,C,F,C,386.5,118.0
3093,G,C,1,C,"(0, 4, 7)",IV,C,F,C,386.625,118.0
3094,G,C,2,C,"(0, 4, 7)",I,C,F,C,386.75,118.0
3095,G,C,2,C,"(0, 4, 7)",I,C,F,C,386.875,118.0
3096,C,E,0,C,"(0, 4, 7)",I,C,G,C,387.0,118.0
3097,C,E,1,C,"(0, 4, 7)",I,C,G,C,387.125,118.0
3098,C,E,2,C,"(0, 4, 7)",I,C,G,C,387.25,118.0
3099,C,E,2,C,"(0, 4, 7)",I,C,G,C,387.375,118.0
3100,C,E,0,C,"(0, 4, 7)",I,C,G,C,387.5,118.0
3101,C,E,1,C,"(0, 4, 7)",I,C,G,C,387.625,118.0
3102,C,E,2,C,"(0, 4, 7)",I,C,G,C,387.75,118.0
3103,C,E,2,C,"(0, 4, 7)",I,C,G,C,387.875,118.0
3104,C,E,0,C,"(0, 4, 7)",I,C,G,C,388.0,118.0
3105,C,E,1,C,"(0, 4, 7)",I,C,G,C,388.125,118.0
3106,C,E,2,C,"(0, 4, 7)",I,C,G,C,388.25,118.0
3107,C,E,2,C,"(0, 4, 7)",I,C,G,C,388.375,118.0
3108,C,E,0,C,"(0, 4, 7)",I,C,G,C,388.5,118.0
3109,C,E,1,C,"(0, 4, 8)",I,C,G#,C,388.625,118.0
3110,C,E,2,C,"(0, 4, 8)",I,C,G#,C,388.75,118.0
3111,C,E,2,C,"(0, 4, 8)",I,C,G#,C,388.875,118.0
3112,C,F,0,C,"(0, 5, 9)",IV,F,A,C,389.0,119.0
3113,C,F,1,C,"(0, 5, 9)",IV,F,A,C,389.125,119.0
3114,C,F,2,C,"(0, 5, 9)",IV,F,A,C,389.25,119.0
3115,C,F,2,C,"(0, 5, 9)",IV,F,A,C,389.375,119.0
3116,C,F,3,C,"(0, 5, 9)",IV,F,A,C,389.5,119.0
3117,C,F,3,C,"(0, 5, 9)",IV,F,A,C,389.625,119.0
3118,C,F,3,C,"(0, 5, 9)",IV,F,A,C,389.75,119.0
3119,C,F,3,C,"(0, 5, 9)",IV,F,A,C,389.875,119.0
3120,C,F,0,C,"(0, 5, 9)",IV,F,A,C,390.0,119.0
3121,C,F,1,C,"(0, 5, 9)",IV,F,A,C,390.125,119.0
3122,C,F,2,C,"(0, 5, 9)",IV,F,A,C,390.25,119.0
3123,C,F,4,C,"(0, 5, 9)",IV,F,A,C,390.375,119.0
3124,C,F,4,C,"(0, 5, 9)",IV,F,A,C,390.5,119.0
3125,C,F,4,C,"(0, 5, 9)",IV,F,A,C,390.625,119.0
3126,C,F,4,C,"(0, 5, 9)",IV,F,A,C,390.75,119.0
3127,C,F,4,C,"(0, 5, 9)",IV,F,A,C,390.875,119.0
3128,D,G,0,C,"(2, 7, 11)",V,G,B,C,391.0,119.0
3129,D,G,1,C,"(2, 7, 11)",V,G,B,C,391.125,119.0
3130,D,G,2,C,"(2, 7, 11)",V,G,B,C,391.25,119.0
3131,D,G,2,C,"(2, 7, 11)",V,G,B,C,391.375,119.0
3132,D,G,3,C,"(2, 7, 11)",V,G,B,C,391.5,119.0
3133,D,G,3,C,"(2, 7, 11)",V,G,B,C,391.625,119.0
3134,D,G,3,C,"(2, 7, 11)",V,G,B,C,391.75,119.0
3135,D,G,3,C,"(2, 7, 11)",V,G,B,C,391.875,119.0
3136,D,G,4,C,"(2, 7, 11)",V,G,B,C,392.0,119.0
3137,D,G,4,C,"(2, 7, 11)",V,G,B,C,392.125,119.0
3138,D,G,4,C,"(2, 7, 11)",V,G,B,C,392.25,119.0
3139,D,G,4,C,"(2, 7, 11)",V,G,B,C,392.375,119.0
3140,D,G,4,C,"(2, 7, 11)",V,G,B,C,392.5,119.0
3141,D,G,4,C,"(2, 7, 11)",V,G,B,C,392.625,119.0
3142,D,G,4,C,"(2, 7, 11)",V,G,B,C,392.75,119.0
3143,D,G,4,C,"(2, 7, 11)",V,G,B,C,392.875,119.0
3144,G,C,0,C,"(0, 4, 7)",I,C,E,C,393.0,120.0
3145,G,C,1,C,"(0, 4, 7)",I,C,E,C,393.125,120.0
3146,G,C,2,C,"(0, 4, 7)",I,C,E,C,393.25,120.0
3147,G,C,2,C,"(0, 4, 7)",I,C,E,C,393.375,120.0
3148,G,C,3,C,"(0, 4, 7)",I,C,E,C,393.5,120.0
3149,G,C,3,C,"(0, 4, 7)",I,C,E,C,393.625,120.0
3150,G,C,3,C,"(0, 4, 7)",I,C,E,C,393.75,120.0
3151,G,C,3,C,"(0, 4, 7)",I,C,E,C,393.875,120.0
3152,G,C,4,C,"(0, 4, 7)",I,C,E,C,394.0,120.0
3153,G,C,4,C,"(0, 4, 7)",I,C,E,C,394.125,120.0
3154,G,C,4,C,"(0, 4, 7)",I,C,E,C,394.25,120.0
3155,G,C,4,C,"(0, 4, 7)",I,C,E,C,394.375,120.0
3156,G,C,4,C,"(0, 4, 7)",I,C,E,C,394.5,120.0
3157,G,C,1,C,"(0, 4, 7)",I,C,E,C,394.625,120.0
3158,G,C,4,C,"(0, 4, 7)",I,C,E,C,394.75,120.0
3159,G,C,2,C,"(0, 4, 7)",I,C,E,C,394.875,120.0
3160,C,E,0,C,"(0, 4, 7)",I,C,G,C,395.0,120.0
3161,C,E,1,C,"(0, 4, 7)",I,C,G,C,395.125,120.0
3162,C,E,2,C,"(0, 4, 7)",I,C,G,C,395.25,120.0
3163,C,E,2,C,"(0, 4, 7)",I,C,G,C,395.375,120.0
3164,C,E,0,C,"(0, 4, 7)",I,C,G,C,395.5,120.0
3165,C,E,1,C,"(0, 4, 7)",I,C,G,C,395.625,120.0
3166,C,E,2,C,"(0, 4, 7)",I,C,G,C,395.75,120.0
3167,C,E,2,C,"(0, 4, 7)",I,C,G,C,395.875,120.0
3168,C,E,0,C,"(0, 4, 7)",V,C,G,C,396.0,120.0
3169,C,E,1,C,"(0, 4, 7)",V,C,G,C,396.125,120.0
3170,C,E,2,C,"(0, 4, 7)",V,C,G,C,396.25,120.0
3171,C,E,2,C,"(0, 4, 7)",V,C,G,C,396.375,120.0
3172,C,E,3,C,"(0, 4, 7)",V,C,G#,C,396.5,120.0
3173,C,E,1,C,"(0, 4, 8)",V,C,G#,C,396.625,120.0
3174,C,E,3,C,"(0, 4, 8)",V,C,G#,C,396.75,120.0
3175,C,E,3,C,"(0, 4, 8)",V,C,G#,C,396.875,120.0
3176,C,F,0,C,"(0, 5, 9)",IV,F,A,C,397.0,121.0
3177,C,F,1,C,"(0, 5, 9)",IV,F,A,C,397.125,121.0
3178,C,F,2,C,"(0, 5, 9)",IV,F,A,C,397.25,121.0
3179,C,F,2,C,"(0, 5, 9)",IV,F,A,C,397.375,121.0
3180,C,F,3,C,"(0, 5, 9)",I,F,A,C,397.5,121.0
3181,C,F,3,C,"(0, 5, 9)",I,F,A,C,397.625,121.0
3182,C,F,3,C,"(0, 5, 9)",I,F,A,C,397.75,121.0
3183,C,F,3,C,"(0, 5, 9)",I,F,A,C,397.875,121.0
3184,C,F,0,C,"(0, 5, 9)",I,F,A,C,398.0,121.0
3185,C,F,1,C,"(0, 5, 9)",I,F,A,C,398.125,121.0
3186,C,F,2,C,"(0, 5, 9)",I,F,A,C,398.25,121.0
3187,C,F,2,C,"(0, 5, 9)",I,F,A,C,398.375,121.0
3188,C,F,0,C,"(0, 5, 9)",I,F,A,C,398.5,121.0
3189,C,E,1,C,"(0, 5, 9)",I,F,A,C,398.625,121.0
3190,C,E,2,C,"(0, 5, 9)",I,F,A,C,398.75,121.0
3191,C,E,2,C,"(0, 5, 9)",I,F,A,C,398.875,121.0
3192,C,F,0,C,"(0, 5, 9)",I,F,A,C,399.0,121.0
3193,C,F,1,C,"(0, 5, 9)",I,F,A,C,399.125,121.0
3194,C,F,2,C,"(0, 5, 9)",I,F,A,C,399.25,121.0
3195,C,F,2,C,"(0, 5, 9)",I,F,A,C,399.375,121.0
3196,C,E,0,C,"(0, 5, 9)",I,F,A,C,399.5,121.0
3197,C,E,1,C,"(0, 5, 9)",I,F,G#,C,399.625,121.0
3198,C,E,2,C,"(0, 5, 9)",I,F,G#,C,399.75,121.0
3199,C,E,3,C,"(4, 8, 11)",I,E,G#,C,399.875,121.0
3200,C,F,0,F,"(0, 5, 9)",I,F,A,F,400.0,121.0
3201,C,F,1,F,"(0, 5, 9)",I,F,A,F,400.125,121.0
3202,C,F,2,F,"(0, 5, 9)",I,F,A,F,400.25,121.0
3203,C,F,2,F,"(0, 5, 9)",I,F,A,F,400.375,121.0
3204,C,E,0,F,"(0, 4, 8)",V,E,G,F,400.5,121.0
3205,C,E,1,F,"(0, 4, 8)",V,C,G,F,400.625,121.0
3206,C,E,2,F,"(0, 4, 8)",V,C,G,F,400.75,121.0
3207,C,E,2,F,"(0, 4, 8)",V,C,G,F,400.875,121.0
3208,C,F,0,F,"(0, 5, 9)",I,F,A,F,401.0,122.0
3209,C,F,1,F,"(0, 5, 9)",I,F,A,F,401.125,122.0
3210,C,F,2,F,"(0, 5, 9)",I,F,A,F,401.25,122.0
3211,C,F,2,F,"(0, 5, 9)",I,F,A,F,401.375,122.0
3212,C,F,3,F,"(0, 5, 9)",I,F,A,F,401.5,122.0
3213,C,F,3,F,"(0, 5, 9)",I,F,A,F,401.625,122.0
3214,C,F,3,F,"(0, 5, 9)",I,F,A,F,401.75,122.0
3215,C,F,3,F,"(0, 5, 9)",I,F,A,F,401.875,122.0
3216,C,F,4,F,"(0, 5, 9)",I,F,A,F,402.0,122.0
3217,C,F,4,F,"(0, 5, 9)",I,F,A,F,402.125,122.0
3218,C,F,4,F,"(0, 5, 9)",I,F,A,F,402.25,122.0
3219,C,F,4,F,"(0, 5, 9)",I,F,A,F,402.375,122.0
3220,C,F,4,F,"(0, 5, 9)",I,F,A,F,402.5,122.0
3221,C,F,4,F,"(0, 5, 9)",I,F,A,F,402.625,122.0
3222,C,F,4,F,"(0, 5, 9)",I,F,A,F,402.75,122.0
3223,C,F,4,F,"(0, 5, 9)",I,F,A,F,402.875,122.0
3224,C,F,5,F,"(0, 5, 9)",I,F,A,F,403.0,122.0
3225,C,F,5,F,"(0, 5, 9)",I,F,A,F,403.125,122.0
3226,C,F,5,F,"(0, 5, 9)",I,F,A,F,403.25,122.0
3227,C,F,5,F,"(0, 5, 9)",I,F,A,F,403.375,122.0
3228,C,F,5,F,"(0, 5, 9)",I,F,A,F,403.5,122.0
3229,C,F,5,F,"(0, 5, 9)",I,F,A,F,403.625,122.0
3230,C,F,5,F,"(0, 5, 9)",I,F,A,F,403.75,122.0
3231,C,F,5,F,"(0, 5, 9)",I,F,A,F,403.875,122.0
3232,C,F,5,F,"(0, 5, 9)",I,F,A,F,404.0,122.0
3233,C,F,5,F,"(0, 5, 9)",I,F,A,F,404.125,122.0
3234,C,F,5,F,"(0, 5, 9)",I,F,A,F,404.25,122.0
3235,C,F,5,F,"(0, 5, 9)",I,F,A,F,404.375,122.0
3236,C,F,5,F,"(0, 5, 9)",I,F,A,F,404.5,122.0
3237,C,F,5,F,"(0, 5, 9)",I,F,A,F,404.625,122.0
3238,C,F,5,F,"(0, 5, 9)",I,F,A,F,404.75,122.0
3239,C,F,5,F,"(0, 5, 9)",I,F,A,F,404.875,122.0
3240,C,F,0,F,"(0, 5, 9)",I,F,A,F,405.0,123.0
3241,C,F,1,F,"(0, 5, 9)",I,F,A,F,405.125,123.0
3242,C,F,2,F,"(0, 5, 9)",I,F,A,F,405.25,123.0
3243,C,F,2,F,"(0, 5, 9)",I,F,A,F,405.375,123.0
3244,C,F,3,F,"(0, 5, 9)",I,F,A,F,405.5,123.0
3245,C,F,3,F,"(0, 5, 9)",I,F,A,F,405.625,123.0
3246,C,F,3,F,"(0, 5, 9)",I,F,A,F,405.75,123.0
3247,C,F,3,F,"(0, 5, 9)",I,F,A,F,405.875,123.0
3248,C,F,4,F,"(0, 5, 9)",I,F,A,F,406.0,123.0
3249,C,F,4,F,"(0, 5, 9)",I,F,A,F,406.125,123.0
3250,C,F,4,F,"(0, 5, 9)",I,F,A,F,406.25,123.0
3251,C,F,4,F,"(0, 5, 9)",I,F,A,F,406.375,123.0
3252,C,F,4,F,"(0, 5, 9)",I,F,A,F,406.5,123.0
3253,C,F,4,F,"(0, 5, 9)",I,F,A,F,406.625,123.0
3254,C,F,4,F,"(0, 5, 9)",I,F,A,F,406.75,123.0
3255,C,F,4,F,"(0, 5, 9)",I,F,A,F,406.875,123.0
3256,C,F,5,F,"(0, 5, 9)",I,F,A,F,407.0,123.0
3257,C,F,5,F,"(0, 5, 9)",I,F,A,F,407.125,123.0
3258,C,F,5,F,"(0, 5, 9)",I,F,A,F,407.25,123.0
3259,C,F,5,F,"(0, 5, 9)",I,F,A,F,407.375,123.0
3260,C,F,5,F,"(0, 5, 9)",I,F,A,F,407.5,123.0
3261,C,F,5,F,"(0, 5, 9)",I,F,A,F,407.625,123.0
3262,C,F,5,F,"(0, 5, 9)",I,F,A,F,407.75,123.0
3263,C,F,5,F,"(0, 5, 9)",I,F,A,F,407.875,123.0
3264,C,F,5,F,"(0, 5, 9)",I,F,A,F,408.0,123.0
3265,C,F,5,F,"(0, 5, 9)",I,F,A,F,408.125,123.0
3266,C,F,5,F,"(0, 5, 9)",I,F,A,F,408.25,123.0
3267,C,F,5,F,"(0, 5, 9)",I,F,A,F,408.375,123.0
3268,C,F,5,F,"(0, 5, 9)",I,F,A,F,408.5,123.0
3269,C,F,5,F,"(0, 5, 9)",I,F,A,F,408.625,123.0
3270,C,F,5,F,"(0, 5, 9)",I,F,A,F,408.75,123.0
3271,C,F,5,F,"(0, 5, 9)",I,F,A,F,408.875,123.0
3272,C,F,0,F,"(2, 5, 9)",vi,D,A,F,409.0,124.0
3273,C,F,1,F,"(2, 5, 9)",vi,D,A,F,409.125,124.0
3274,C,F,2,F,"(2, 5, 9)",vi,D,A,F,409.25,124.0
3275,C,F,2,F,"(2, 5, 9)",vi,D,A,F,409.375,124.0
3276,A,F,3,F,"(2, 5, 9)",vi,D,A,F,409.5,124.0
3277,A,F,3,F,"(2, 5, 9)",vi,D,A,F,409.625,124.0
3278,A,F,3,F,"(2, 5, 9)",vi,D,A,F,409.75,124.0
3279,A,F,3,F,"(2, 5, 9)",vi,D,A,F,409.875,124.0
3280,A,D,4,F,"(2, 5, 9)",vi,D,F,F,410.0,124.0
3281,A,D,4,F,"(2, 5, 9)",vi,D,F,F,410.125,124.0
3282,A,D,4,F,"(2, 5, 9)",vi,D,F,F,410.25,124.0
3283,A,D,4,F,"(2, 5, 9)",vi,D,F,F,410.375,124.0
3284,A,D,4,F,"(2, 5, 9)",vi,D,F,F,410.5,124.0
3285,A,D,4,F,"(2, 5, 9)",vi,D,F,F,410.625,124.0
3286,A,D,4,F,"(2, 5, 9)",vi,D,F,F,410.75,124.0
3287,A,D,3,F,"(2, 5, 9)",vi,D,F,F,410.875,124.0
3288,G,B-,0,F,"(2, 7, 10)",ii,G,D,F,411.0,124.0
3289,G,B-,1,F,"(2, 7, 10)",ii,G,D,F,411.125,124.0
3290,G,B-,2,F,"(2, 7, 10)",ii,G,D,F,411.25,124.0
3291,G,B-,2,F,"(2, 7, 10)",ii,G,D,F,411.375,124.0
3292,G,B-,3,F,"(2, 7, 10)",ii,G,D,F,411.5,124.0
3293,G,B-,3,F,"(2, 7, 10)",ii,G,D,F,411.625,124.0
3294,G,B-,3,F,"(2, 7, 10)",ii,G,D,F,411.75,124.0
3295,G,B-,3,F,"(2, 7, 10)",ii,G,D,F,411.875,124.0
3296,E,A,0,F,"(1, 4, 9)",V,A,C#,d,412.0,125.0
3297,E,A,1,F,"(1, 4, 9)",V,A,C#,d,412.125,125.0
3298,E,A,2,F,"(1, 4, 9)",V,A,C#,d,412.25,125.0
3299,E,A,2,F,"(1, 4, 9)",V,A,C#,d,412.375,125.0
3300,E,A,3,F,"(1, 4, 9)",V,A,C#,d,412.5,125.0
3301,E,A,3,F,"(1, 4, 9)",V,A,C#,d,412.625,125.0
3302,E,A,3,F,"(1, 4, 9)",V,A,C#,d,412.75,125.0
3303,E,A,3,F,"(1, 4, 9)",V,A,C#,d,412.875,125.0
3304,E,A,4,F,"(1, 4, 9)",V,A,C#,d,413.0,125.0
3305,E,A,4,F,"(1, 4, 9)",V,A,C#,d,413.125,125.0
3306,E,A,4,F,"(1, 4, 9)",V,A,C#,d,413.25,125.0
3307,E,A,4,F,"(1, 4, 9)",V,A,C#,d,413.375,125.0
3308,E,A,4,F,"(1, 4, 9)",V,G,C#,d,413.5,125.0
3309,E,A,4,F,"(1, 4, 9)",V,G,C#,d,413.625,125.0
3310,E,A,4,F,"(1, 4, 9)",V,G,C#,d,413.75,125.0
3311,E,A,4,F,"(1, 4, 9)",V,G,C#,d,413.875,125.0
3312,E,A,5,F,"(1, 4, 7, 9)",V7,G,C#,d,414.0,125.0
3313,E,A,5,F,"(1, 4, 7, 9)",V7,G,C#,d,414.125,125.0
3314,E,A,5,F,"(1, 4, 7, 9)",V7,G,C#,d,414.25,125.0
3315,E,A,5,F,"(1, 4, 7, 9)",V7,G,C#,d,414.375,125.0
3316,E,A,5,F,"(1, 4, 7, 9)",V7,G,C#,d,414.5,125.0
3317,E,A,5,F,"(1, 4, 7, 9)",V7,G,C#,d,414.625,125.0
3318,E,A,5,F,"(1, 4, 7, 9)",V7,G,C#,d,414.75,125.0
3319,E,A,5,F,"(1, 4, 7, 9)",V7,G,C#,d,414.875,125.0
3320,F#,C,0,F,"(0, 3, 6, 9)",viio7,A,E-,g,415.0,126.0
3321,F#,C,1,F,"(0, 3, 6, 9)",viio7,A,E-,g,415.125,126.0
3322,F#,C,2,F,"(0, 3, 6, 9)",viio7,A,E-,g,415.25,126.0
3323,F#,C,2,F,"(0, 3, 6, 9)",viio7,A,E-,g,415.375,126.0
3324,F#,C,3,F,"(0, 3, 6, 9)",viio7,A,E-,g,415.5,126.0
3325,F#,C,3,F,"(0, 3, 6, 9)",viio7,A,E-,g,415.625,126.0
3326,F#,C,3,F,"(0, 3, 6, 9)",viio7,A,E-,g,415.75,126.0
3327,F#,C,3,F,"(0, 3, 6, 9)",viio7,A,E-,g,415.875,126.0
3328,F#,C,4,F,"(0, 3, 6, 9)",viio7,A,E-,g,416.0,126.0
3329,F#,C,4,F,"(0, 3, 6, 9)",viio7,A,E-,g,416.125,126.0
3330,F#,C,4,F,"(0, 3, 6, 9)",viio7,A,E-,g,416.25,126.0
3331,F#,C,4,F,"(0, 3, 6, 9)",viio7,A,E-,g,416.375,126.0
3332,F#,C,4,F,"(0, 3, 6, 9)",viio7,A,E-,g,416.5,126.0
3333,F#,C,4,F,"(0, 3, 6, 9)",viio7,A,E-,g,416.625,126.0
3334,F#,C,4,F,"(0, 3, 6, 9)",viio7,A,E-,g,416.75,126.0
3335,F#,C,4,F,"(0, 3, 6, 9)",viio7,A,E-,g,416.875,126.0
3336,F#,C,5,F,"(0, 3, 6, 9)",viio7,A,E-,g,417.0,126.0
3337,F#,C,5,F,"(0, 3, 6, 9)",viio7,A,E-,g,417.125,126.0
3338,F#,C,5,F,"(0, 3, 6, 9)",viio7,A,E-,g,417.25,126.0
3339,F#,C,5,F,"(0, 3, 6, 9)",viio7,A,E-,g,417.375,126.0
3340,G,B-,0,F,"(2, 7, 10)",ii,G,D,F,417.5,126.0
3341,G,B-,1,F,"(2, 7, 10)",ii,G,D,F,417.625,126.0
3342,G,B-,2,F,"(2, 7, 10)",ii,G,D,F,417.75,126.0
3343,G,B-,2,F,"(2, 7, 10)",ii,G,D,F,417.875,126.0
3344,A,C,0,F,"(0, 5, 9)",Cad,F,F,F,418.0,127.0
3345,A,C,1,F,"(0, 5, 9)",Cad,F,F,F,418.125,127.0
3346,A,C,2,F,"(0, 5, 9)",I,F,F,F,418.25,127.0
3347,A,C,2,F,"(0, 5, 9)",I,F,F,F,418.375,127.0
3348,A,C,3,F,"(0, 5, 9)",I,F,F,F,418.5,127.0
3349,A,C,3,F,"(0, 5, 9)",I,F,F,F,418.625,127.0
3350,A,C,3,F,"(0, 5, 9)",I,F,F,F,418.75,127.0
3351,A,C,3,F,"(0, 5, 9)",Cad,F,F,F,418.875,127.0
3352,G,C#,0,F,"(1, 4, 7, 10)",viio7,B-,E,d,419.0,127.0
3353,G,C#,1,F,"(1, 4, 7, 10)",viio7,B-,E,d,419.125,127.0
3354,G,C#,2,F,"(1, 4, 7, 10)",viio7,B-,E,d,419.25,127.0
3355,G,C#,2,F,"(1, 4, 7, 10)",viio7,B-,E,d,419.375,127.0
3356,G,C#,3,F,"(1, 4, 7, 10)",viio7,B-,E,d,419.5,127.0
3357,G,C#,3,F,"(1, 4, 7, 10)",viio7,B-,E,d,419.625,127.0
3358,G,C#,3,F,"(1, 4, 7, 10)",viio7,B-,E,d,419.75,127.0
3359,G,C#,3,F,"(1, 4, 7, 10)",viio7,B-,E,d,419.875,127.0
3360,A,D,0,F,"(2, 5, 9)",vi,D,F,F,420.0,127.0
3361,A,D,1,F,"(2, 5, 9)",vi,D,F,F,420.125,127.0
3362,A,D,2,F,"(2, 5, 9)",vi,D,F,F,420.25,127.0
3363,A,D,2,F,"(2, 5, 9)",vi,D,F,F,420.375,127.0
3364,A,D,3,F,"(2, 5, 9)",vi,D,F,F,420.5,127.0
3365,A,D,3,F,"(2, 5, 9)",vi,D,F,F,420.625,127.0
3366,A,D,3,F,"(2, 5, 9)",vi,D,F,F,420.75,127.0
3367,A,D,3,F,"(2, 5, 9)",vi,D,F,F,420.875,127.0
3368,G,B-,0,F,"(2, 7, 10)",ii,G,D,F,421.0,128.0
3369,G,B-,1,F,"(2, 7, 10)",ii,G,D,F,421.125,128.0
3370,G,B-,2,F,"(2, 7, 10)",ii,G,D,F,421.25,128.0
3371,G,B-,2,F,"(2, 7, 10)",ii,G,D,F,421.375,128.0
3372,G,B-,3,F,"(2, 7, 10)",ii,G,D,F,421.5,128.0
3373,G,B-,3,F,"(2, 7, 10)",ii,G,D,F,421.625,128.0
3374,G,B-,3,F,"(2, 7, 10)",ii,G,D,F,421.75,128.0
3375,G,B-,3,F,"(2, 7, 10)",ii,G,D,F,421.875,128.0
3376,A,C,0,F,"(0, 5, 9)",Cad,F,F,F,422.0,128.0
3377,A,C,1,F,"(0, 5, 9)",I,F,F,F,422.125,128.0
3378,A,C,2,F,"(0, 5, 9)",I,F,F,F,422.25,128.0
3379,A,C,2,F,"(0, 5, 9)",I,F,F,F,422.375,128.0
3380,A,C,3,F,"(0, 5, 9)",I,F,F,F,422.5,128.0
3381,A,C,3,F,"(0, 5, 9)",I,F,F,F,422.625,128.0
3382,A,C,3,F,"(0, 5, 9)",I,F,F,F,422.75,128.0
3383,A,C,3,F,"(0, 5, 9)",I,F,F,F,422.875,128.0
3384,G,C#,0,C,"(1, 4, 7, 10)",viio7,B-,E,d,423.0,128.0
3385,G,C#,1,C,"(1, 4, 7, 10)",viio7,B-,E,d,423.125,128.0
3386,G,C#,2,C,"(1, 4, 7, 10)",viio7,B-,E,d,423.25,128.0
3387,G,C#,2,C,"(1, 4, 7, 10)",viio7,B-,E,d,423.375,128.0
3388,G,C#,3,C,"(1, 4, 7, 10)",viio7,B-,E,d,423.5,128.0
3389,G,C#,3,C,"(1, 4, 7, 10)",viio7,B-,E,d,423.625,128.0
3390,G,C#,3,C,"(1, 4, 7, 10)",viio7,B-,E,d,423.75,128.0
3391,G,C#,3,C,"(1, 4, 7, 10)",viio7,B-,E,d,423.875,128.0
3392,A,D,0,C,"(2, 5, 9)",ii,D,F,C,424.0,129.0
3393,A,D,1,C,"(2, 5, 9)",ii,D,F,C,424.125,129.0
3394,A,D,2,C,"(2, 5, 9)",ii,D,F,C,424.25,129.0
3395,A,D,2,C,"(2, 5, 9)",ii,D,F,C,424.375,129.0
3396,A,F,0,C,"(2, 5, 9)",ii,D,A,C,424.5,129.0
3397,D,F,1,C,"(2, 5, 9)",ii,D,A,C,424.625,129.0
3398,D,F,2,C,"(2, 5, 9)",ii,D,A,C,424.75,129.0
3399,D,F,2,C,"(2, 5, 9)",ii,D,A,C,424.875,129.0
3400,D,G,0,C,"(0, 4, 7)",Cad,C,C,C,425.0,129.0
3401,D,G,1,C,"(0, 4, 7)",Cad,C,C,C,425.125,129.0
3402,D,G,2,C,"(0, 4, 7)",Cad,C,C,C,425.25,129.0
3403,D,G,2,C,"(0, 4, 7)",Cad,C,C,C,425.375,129.0
3404,D,G,3,C,"(0, 4, 7)",Cad,C,C,C,425.5,129.0
3405,D,G,3,C,"(0, 4, 7)",Cad,C,C,C,425.625,129.0
3406,D,G,3,C,"(0, 4, 7)",Cad,C,C,C,425.75,129.0
3407,D,G,3,C,"(0, 4, 7)",Cad,C,C,C,425.875,129.0
3408,D,G,0,C,"(2, 5, 7, 11)",V7,F,B,C,426.0,129.0
3409,D,G,1,C,"(2, 5, 7, 11)",V7,F,B,C,426.125,129.0
3410,D,G,2,C,"(2, 5, 7, 11)",V7,F,B,C,426.25,129.0
3411,D,G,2,C,"(2, 5, 7, 11)",V7,F,B,C,426.375,129.0
3412,D,G,3,C,"(2, 5, 7, 11)",V7,F,B,C,426.5,129.0
3413,D,G,3,C,"(2, 5, 7, 11)",V7,F,B,C,426.625,129.0
3414,D,G,3,C,"(2, 5, 7, 11)",V7,F,B,C,426.75,129.0
3415,D,G,3,C,"(2, 5, 7, 11)",V7,F,B,C,426.875,129.0
3416,G,C,0,C,"(0, 4, 7)",I,C,E,C,427.0,130.0
3417,G,C,1,C,"(0, 4, 7)",I,C,E,C,427.125,130.0
3418,G,C,2,C,"(0, 4, 7)",I,C,E,C,427.25,130.0
3419,G,C,2,C,"(0, 4, 7)",I,C,E,C,427.375,130.0
3420,G,C,3,C,"(0, 4, 7)",I,C,E,C,427.5,130.0
3421,G,C,3,C,"(0, 4, 7)",I,C,E,C,427.625,130.0
3422,G,C,3,C,"(0, 4, 7)",I,C,E,C,427.75,130.0
3423,G,C,3,C,"(0, 4, 7)",I,C,E,C,427.875,130.0
3424,G,C,4,C,"(0, 4, 7)",I,C,E,C,428.0,130.0
3425,G,C,4,C,"(0, 4, 7)",I,C,E,C,428.125,130.0
3426,G,C,4,C,"(0, 4, 7)",I,C,E,C,428.25,130.0
3427,G,C,4,C,"(0, 4, 7)",I,C,E,C,428.375,130.0
3428,G,C,4,C,"(0, 4, 7)",I,C,E,C,428.5,130.0
3429,G,C,4,C,"(0, 4, 7)",I,C,E,C,428.625,130.0
3430,G,C,4,C,"(0, 4, 7)",I,C,E,C,428.75,130.0
3431,G,C,4,C,"(0, 4, 7)",I,C,E,C,428.875,130.0
3432,D,F,0,C,"(2, 5, 9)",ii,D,A,C,429.0,130.0
3433,D,F,1,C,"(2, 5, 9)",ii,D,A,C,429.125,130.0
3434,D,F,2,C,"(2, 5, 9)",ii,D,A,C,429.25,130.0
3435,D,F,2,C,"(2, 5, 9)",ii,D,A,C,429.375,130.0
3436,D,F,3,C,"(2, 5, 9)",ii,D,A,C,429.5,130.0
3437,D,F,3,C,"(2, 5, 9)",ii,D,A,C,429.625,130.0
3438,D,F,3,C,"(2, 5, 9)",ii,D,A,C,429.75,130.0
3439,D,F,3,C,"(2, 5, 9)",ii,D,A,C,429.875,130.0
3440,D,G,0,C,"(2, 7, 11)",V,G,B,C,430.0,131.0
3441,D,G,1,C,"(2, 7, 11)",V,G,B,C,430.125,131.0
3442,D,G,2,C,"(2, 7, 11)",V,G,B,C,430.25,131.0
3443,D,G,2,C,"(2, 7, 11)",V,G,B,C,430.375,131.0
3444,D,G,3,C,"(2, 7, 11)",V,G,B,C,430.5,131.0
3445,D,G,3,C,"(2, 7, 11)",V,G,B,C,430.625,131.0
3446,D,G,3,C,"(2, 7, 11)",V,G,B,C,430.75,131.0
3447,D,G,3,C,"(2, 7, 11)",V,G,B,C,430.875,131.0
3448,D,G,4,C,"(2, 7, 11)",V,G,B,C,431.0,131.0
3449,D,G,4,C,"(2, 7, 11)",V,G,B,C,431.125,131.0
3450,D,G,4,C,"(2, 7, 11)",V,G,B,C,431.25,131.0
3451,D,G,4,C,"(2, 7, 11)",V,G,B,C,431.375,131.0
3452,D,A,0,C,"(2, 7, 11)",V7,G,C,C,431.5,131.0
3453,E,A,1,C,"(2, 7, 11)",V7,G,C,C,431.625,131.0
3454,E,A,2,C,"(2, 7, 11)",V7,G,C,C,431.75,131.0
3455,E,A,2,C,"(2, 7, 11)",V7,G,C,C,431.875,131.0
3456,G,B,0,C,"(2, 7, 11)",V,G,D,C,432.0,131.0
3457,G,B,1,C,"(2, 7, 11)",V,G,D,C,432.125,131.0
3458,G,B,2,C,"(2, 7, 11)",V,G,D,C,432.25,131.0
3459,G,B,2,C,"(2, 7, 11)",V,G,D,C,432.375,131.0
3460,D,B,3,C,"(2, 7, 11)",V,G,D,C,432.5,131.0
3461,D,B,3,C,"(2, 7, 11)",V,G,D,C,432.625,131.0
3462,D,B,3,C,"(2, 7, 11)",V,G,D,C,432.75,131.0
3463,D,B,3,C,"(2, 7, 11)",V,G,D,C,432.875,131.0
3464,G,C,0,C,"(0, 4, 7)",I,C,E,C,433.0,132.0
3465,G,C,1,C,"(0, 4, 7)",I,C,E,C,433.125,132.0
3466,G,C,2,C,"(0, 4, 7)",I,C,E,C,433.25,132.0
3467,G,C,2,C,"(0, 4, 7)",I,C,E,C,433.375,132.0
3468,G,C,3,C,"(0, 4, 7)",I,C,E,C,433.5,132.0
3469,G,C,3,C,"(0, 4, 7)",I,C,E,C,433.625,132.0
3470,G,C,3,C,"(0, 4, 7)",I,C,E,C,433.75,132.0
3471,G,C,3,C,"(0, 4, 7)",I,C,E,C,433.875,132.0
3472,G,C,4,C,"(0, 4, 7)",I,C,E,C,434.0,132.0
3473,G,C,4,C,"(0, 4, 7)",I,C,E,C,434.125,132.0
3474,G,C,4,C,"(0, 4, 7)",I,C,E,C,434.25,132.0
3475,G,C,4,C,"(0, 4, 7)",I,C,E,C,434.375,132.0
3476,G,C,4,C,"(0, 4, 7)",I,C,E,C,434.5,132.0
3477,G,C,4,C,"(0, 4, 7)",I,C,E,C,434.625,132.0
3478,G,C,4,C,"(0, 4, 7)",I,C,E,C,434.75,132.0
3479,G,C,4,C,"(0, 4, 7)",I,C,E,C,434.875,132.0
3480,D,F,0,C,"(2, 5, 9)",ii,D,A,C,435.0,132.0
3481,D,F,1,C,"(2, 5, 9)",ii,D,A,C,435.125,132.0
3482,D,F,2,C,"(2, 5, 9)",ii,D,A,C,435.25,132.0
3483,D,F,2,C,"(2, 5, 9)",ii,D,A,C,435.375,132.0
3484,D,F,3,C,"(2, 5, 9)",ii,D,A,C,435.5,132.0
3485,D,F,3,C,"(2, 5, 9)",ii,D,A,C,435.625,132.0
3486,C,F,3,C,"(2, 5, 9)",ii,D,A,C,435.75,132.0
3487,C,F,3,C,"(2, 5, 9)",ii,D,A,C,435.875,132.0
3488,D,G,0,C,"(2, 5, 7, 11)",V7,F,B,C,436.0,133.0
3489,D,G,1,C,"(2, 5, 7, 11)",V7,F,B,C,436.125,133.0
3490,D,G,2,C,"(2, 5, 7, 11)",V7,F,B,C,436.25,133.0
3491,D,G,2,C,"(2, 5, 7, 11)",V7,F,B,C,436.375,133.0
3492,D,G,3,C,"(2, 5, 7, 11)",V7,F,B,C,436.5,133.0
3493,D,G,3,C,"(2, 5, 7, 11)",V7,F,B,C,436.625,133.0
3494,D,G,3,C,"(2, 5, 7, 11)",V7,F,B,C,436.75,133.0
3495,D,G,3,C,"(2, 5, 7, 11)",V7,F,B,C,436.875,133.0
3496,D,G,4,C,"(2, 5, 7, 11)",V7,F,B,C,437.0,133.0
3497,D,G,4,C,"(2, 5, 7, 11)",V7,F,B,C,437.125,133.0
3498,D,G,4,C,"(2, 5, 7, 11)",V7,F,B,C,437.25,133.0
3499,D,G,4,C,"(2, 5, 7, 11)",V7,F,B,C,437.375,133.0
3500,D,G#,0,C,"(2, 5, 8, 11)",viio7,F,B,C,437.5,133.0
3501,D,G#,1,C,"(2, 5, 8, 11)",viio7,F,B,C,437.625,133.0
3502,D,G#,2,C,"(2, 5, 8, 11)",viio7,F,B,C,437.75,133.0
3503,D,G#,2,C,"(2, 5, 8, 11)",viio7,F,B,C,437.875,133.0
3504,E,A,0,C,"(0, 5, 9)",vi,F,C,C,438.0,133.0
3505,E,A,1,C,"(0, 5, 9)",vi,A,C,C,438.125,133.0
3506,E,A,2,C,"(0, 5, 9)",vi,A,C,C,438.25,133.0
3507,E,A,2,C,"(0, 5, 9)",vi,A,C,C,438.375,133.0
3508,E,A,0,C,"(1, 4, 7, 9)",V7,E,A,d,438.5,133.0
3509,E,G,3,C,"(1, 4, 7, 9)",V7,E,A,d,438.625,133.0
3510,E,G,2,C,"(1, 4, 7, 9)",V7,E,A,d,438.75,133.0
3511,E,G,2,C,"(1, 4, 7, 9)",V7,E,A,d,438.875,133.0
3512,C,F,0,C,"(2, 5, 9)",ii,D,A,C,439.0,134.0
3513,C,F,1,C,"(2, 5, 9)",ii,D,A,C,439.125,134.0
3514,C,F,2,C,"(2, 5, 9)",ii,D,A,C,439.25,134.0
3515,C,F,2,C,"(2, 5, 9)",ii,D,A,C,439.375,134.0
3516,C,F,3,C,"(2, 5, 9)",ii,D,A,C,439.5,134.0
3517,C,F,3,C,"(2, 5, 9)",ii,D,A,C,439.625,134.0
3518,C,F,3,C,"(2, 5, 9)",ii,D,A,C,439.75,134.0
3519,C,F,3,C,"(2, 5, 9)",ii,D,A,C,439.875,134.0
3520,D,G,0,C,"(2, 7, 11)",iii,G,B,C,440.0,134.0
3521,D,G,1,C,"(2, 7, 11)",V,G,B,C,440.125,134.0
3522,D,G,2,C,"(2, 7, 11)",V,G,B,C,440.25,134.0
3523,D,G,2,C,"(2, 7, 11)",V,G,B,C,440.375,134.0
3524,D,G,3,C,"(2, 7, 11)",V,G,B,C,440.5,134.0
3525,D,G,3,C,"(2, 7, 11)",V,G,B,C,440.625,134.0
3526,D,G,3,C,"(2, 7, 11)",V,G,B,C,440.75,134.0
3527,D,G,3,C,"(2, 7, 11)",V,G,B,C,440.875,134.0
3528,D,G,0,C,"(2, 7, 11)",V,G,B,C,441.0,134.0
3529,D,G,1,C,"(2, 7, 11)",V,G,B,C,441.125,134.0
3530,D,G,2,C,"(2, 7, 11)",V,G,B,C,441.25,134.0
3531,D,G,2,C,"(2, 7, 11)",V,G,B,C,441.375,134.0
3532,D,G,3,C,"(2, 7, 11)",V,G,B,C,441.5,134.0
3533,D,G,3,C,"(2, 7, 11)",V,G,B,C,441.625,134.0
3534,D,G,3,C,"(2, 7, 11)",V,G,B,C,441.75,134.0
3535,D,G,3,C,"(2, 7, 11)",V,G,B,C,441.875,134.0
3536,G,C,0,C,"(0, 4, 7)",I,C,E,C,442.0,135.0
3537,G,C,1,C,"(0, 4, 7)",I,C,E,C,442.125,135.0
3538,G,C,2,C,"(0, 4, 7)",I,C,E,C,442.25,135.0
3539,G,C,2,C,"(0, 4, 7)",I,C,E,C,442.375,135.0
3540,G,C,3,C,"(0, 4, 7)",I,C,E,C,442.5,135.0
3541,G,C,3,C,"(0, 4, 7)",I,C,E,C,442.625,135.0
3542,G,C,3,C,"(0, 4, 7)",I,C,E,C,442.75,135.0
3543,G,C,3,C,"(0, 4, 7)",I,C,E,C,442.875,135.0
3544,G,C,4,C,"(0, 4, 7)",I,C,E,C,443.0,135.0
3545,G,C,4,C,"(0, 4, 7)",I,C,E,C,443.125,135.0
3546,G,C,4,C,"(0, 4, 7)",I,C,E,C,443.25,135.0
3547,G,C,4,C,"(0, 4, 7)",I,C,E,C,443.375,135.0
3548,G,C,4,C,"(0, 4, 7)",I,C,E,C,443.5,135.0
3549,G,C,4,C,"(0, 4, 7)",I,C,E,C,443.625,135.0
3550,G,C,4,C,"(0, 4, 7)",I,C,E,C,443.75,135.0
3551,G,C,4,C,"(0, 4, 7)",I,C,E,C,443.875,135.0
3552,G,C,5,C,"(0, 4, 7)",I,C,E,C,444.0,135.0
3553,G,C,5,C,"(0, 4, 7)",I,C,E,C,444.125,135.0
3554,G,C,5,C,"(0, 4, 7)",I,C,E,C,444.25,135.0
3555,G,C,5,C,"(0, 4, 7)",I,C,E,C,444.375,135.0
3556,G,C,5,C,"(0, 4, 7)",I,C,E,C,444.5,135.0
3557,G,C,5,C,"(0, 4, 7)",I,C,E,C,444.625,135.0
3558,G,C,5,C,"(0, 4, 7)",I,C,E,C,444.75,135.0
3559,G,C,5,C,"(0, 4, 7)",I,C,E,C,444.875,135.0
3560,G,C,0,C,"(0, 4, 7, 10)",V7,B-,E,F,445.0,136.0
3561,G,C,1,C,"(0, 4, 7, 10)",V7,B-,E,F,445.125,136.0
3562,G,C,2,C,"(0, 4, 7, 10)",V7,B-,E,F,445.25,136.0
3563,G,C,2,C,"(0, 4, 7, 10)",V7,B-,E,F,445.375,136.0
3564,G,C,3,C,"(0, 4, 7, 10)",V7,B-,E,F,445.5,136.0
3565,G,C,3,C,"(0, 4, 7, 10)",V7,B-,E,F,445.625,136.0
3566,G,C,3,C,"(0, 4, 7, 10)",V7,B-,E,F,445.75,136.0
3567,G,C,3,C,"(0, 4, 7, 10)",V7,B-,E,F,445.875,136.0
3568,G,C,4,C,"(0, 4, 7, 10)",V7,B-,E,F,446.0,136.0
3569,G,C,4,C,"(0, 4, 7, 10)",V7,B-,E,F,446.125,136.0
3570,G,C,4,C,"(0, 4, 7, 10)",V7,B-,E,F,446.25,136.0
3571,G,C,4,C,"(0, 4, 7, 10)",V7,B-,E,F,446.375,136.0
3572,G,C,4,C,"(0, 4, 7, 10)",V7,B-,E,F,446.5,136.0
3573,G,C,4,C,"(0, 4, 7, 10)",V7,B-,E,F,446.625,136.0
3574,G,C,4,C,"(0, 4, 7, 10)",V7,B-,E,F,446.75,136.0
3575,G,C,4,C,"(0, 4, 7, 10)",V7,B-,E,F,446.875,136.0
3576,G,C,5,C,"(0, 4, 7, 10)",V7,B-,E,F,447.0,136.0
3577,G,C,5,C,"(0, 4, 7, 10)",V7,B-,E,F,447.125,136.0
3578,G,C,5,C,"(0, 4, 7, 10)",V7,B-,E,F,447.25,136.0
3579,G,C,5,C,"(0, 4, 7, 10)",V7,B-,E,F,447.375,136.0
3580,G,C,5,C,"(0, 4, 7, 10)",V7,B-,E,F,447.5,136.0
3581,G,C,5,C,"(0, 4, 7, 10)",V7,B-,E,F,447.625,136.0
3582,G,C,5,C,"(0, 4, 7, 10)",V7,B-,E,F,447.75,136.0
3583,G,C,5,C,"(0, 4, 7, 10)",V7,B-,E,F,447.875,136.0
3584,G,C,0,C,"(0, 4, 7, 10)",V7,B-,E,F,448.0,137.0
3585,G,C,1,C,"(0, 4, 7, 10)",V7,B-,E,F,448.125,137.0
3586,G,C,2,C,"(0, 4, 7, 10)",V7,B-,E,F,448.25,137.0
3587,G,C,2,C,"(0, 4, 7, 10)",V7,B-,E,F,448.375,137.0
3588,G,C,3,C,"(0, 4, 7, 10)",V7,B-,E,F,448.5,137.0
3589,G,C,3,C,"(0, 4, 7, 10)",V7,B-,E,F,448.625,137.0
3590,G,C,3,C,"(0, 4, 7, 10)",V7,B-,E,F,448.75,137.0
3591,G,C,3,C,"(0, 4, 7, 10)",V7,B-,E,F,448.875,137.0
3592,G,C,4,C,"(0, 4, 7, 10)",V7,B-,E,F,449.0,137.0
3593,G,C,4,C,"(0, 4, 7, 10)",V7,B-,E,F,449.125,137.0
3594,G,C,4,C,"(0, 4, 7, 10)",V7,B-,E,F,449.25,137.0
3595,G,C,4,C,"(0, 4, 7, 10)",V7,B-,E,F,449.375,137.0
3596,G,C,4,C,"(0, 4, 7)",I,C,E,F,449.5,137.0
3597,G,C,4,C,"(0, 4, 7)",I,C,E,F,449.625,137.0
3598,G,C,4,C,"(0, 4, 7)",I,C,E,F,449.75,137.0
3599,G,C,4,C,"(0, 4, 7)",I,C,E,F,449.875,137.0
3600,G,C,3,C,"(0, 4, 7)",I,C,E,F,450.0,137.0
3601,G,C,3,C,"(0, 4, 7)",I,C,E,F,450.125,137.0
3602,G,C,3,C,"(0, 4, 7)",I,C,E,F,450.25,137.0
3603,G,C,3,C,"(0, 4, 7)",I,C,E,F,450.375,137.0
3604,G,C,4,C,"(0, 4, 7)",I,C,E,F,450.5,137.0
3605,G,C,4,C,"(0, 4, 7)",I,C,E,F,450.625,137.0
3606,G,C,4,C,"(0, 4, 7)",I,C,E,F,450.75,137.0
3607,G,C,4,C,"(0, 4, 7)",I,C,E,F,450.875,137.0
3608,F,A,0,C,"(0, 5, 9)",IV,F,C,C,451.0,138.0
3609,F,A,1,C,"(0, 5, 9)",IV,F,C,C,451.125,138.0
3610,F,A,2,C,"(0, 5, 9)",IV,F,C,C,451.25,138.0
3611,F,A,2,C,"(0, 5, 9)",IV,F,C,C,451.375,138.0
3612,F,A,3,C,"(0, 5, 9)",IV,F,C,C,451.5,138.0
3613,F,A,3,C,"(0, 5, 9)",IV,F,C,C,451.625,138.0
3614,F,A,3,C,"(0, 5, 9)",IV,F,C,C,451.75,138.0
3615,F,A,3,C,"(0, 5, 9)",IV,F,C,C,451.875,138.0
3616,F,A,4,C,"(0, 5, 9)",IV,F,C,C,452.0,138.0
3617,F,A,4,C,"(0, 5, 9)",IV,F,C,C,452.125,138.0
3618,F,A,4,C,"(0, 5, 9)",IV,F,C,C,452.25,138.0
3619,F,A,4,C,"(0, 5, 9)",IV,F,C,C,452.375,138.0
3620,F,A,4,C,"(0, 5, 9)",IV,F,C,C,452.5,138.0
3621,F,A,4,C,"(0, 5, 9)",IV,F,C,C,452.625,138.0
3622,F,A,4,C,"(0, 5, 9)",IV,F,C,C,452.75,138.0
3623,F,A,4,C,"(0, 5, 9)",IV,F,C,C,452.875,138.0
3624,F,A,5,C,"(0, 5, 9)",IV,F,C,C,453.0,138.0
3625,F,A,5,C,"(0, 5, 9)",IV,F,C,C,453.125,138.0
3626,F,A,5,C,"(0, 5, 9)",IV,F,C,C,453.25,138.0
3627,F,A,5,C,"(0, 5, 9)",IV,F,C,C,453.375,138.0
3628,F,F,5,C,"(0, 5, 9)",IV,F,C,C,453.5,138.0
3629,F,F,5,C,"(0, 5, 9)",IV,F,C,C,453.625,138.0
3630,F,F,5,C,"(0, 5, 9)",IV,F,C,C,453.75,138.0
3631,F,F,5,C,"(0, 5, 9)",IV,F,C,C,453.875,138.0
3632,F,C,0,C,"(0, 5, 9)",IV,F,F,C,454.0,139.0
3633,F,C,1,C,"(0, 5, 9)",IV,F,F,C,454.125,139.0
3634,F,C,2,C,"(0, 5, 9)",IV,F,F,C,454.25,139.0
3635,A,C,2,C,"(0, 5, 9)",IV,F,F,C,454.375,139.0
3636,A,C,3,C,"(0, 5, 9)",IV,F,F,C,454.5,139.0
3637,A,C,3,C,"(0, 5, 9)",IV,F,F,C,454.625,139.0
3638,A,C,3,C,"(0, 5, 9)",IV,F,F,C,454.75,139.0
3639,A,C,3,C,"(0, 5, 9)",IV,F,F,C,454.875,139.0
3640,A,C,4,C,"(0, 5, 9)",IV,F,F,C,455.0,139.0
3641,A,C,4,C,"(0, 5, 9)",IV,F,F,C,455.125,139.0
3642,A,C,4,C,"(0, 5, 9)",IV,F,F,C,455.25,139.0
3643,A,C,4,C,"(0, 5, 9)",IV,F,F,C,455.375,139.0
3644,G,C,4,C,"(0, 4, 7)",I,C,E,C,455.5,139.0
3645,G,C,4,C,"(0, 4, 7)",I,C,E,C,455.625,139.0
3646,G,C,4,C,"(0, 4, 7)",I,C,E,C,455.75,139.0
3647,G,C,4,C,"(0, 4, 7)",I,C,E,C,455.875,139.0
3648,F#,C,0,C,"(0, 4, 7)",V7,C,D,C,456.0,139.0
3649,F#,C,1,C,"(0, 3, 6, 9)",V7,C,D,C,456.125,139.0
3650,F#,C,2,C,"(0, 3, 6, 9)",V7,C,D,C,456.25,139.0
3651,F#,C,2,C,"(0, 3, 6, 9)",V7,C,D,C,456.375,139.0
3652,F#,C,3,C,"(0, 3, 6, 9)",V7,C,E-,C,456.5,139.0
3653,F#,C,3,C,"(0, 3, 6, 9)",viio7,C,E-,C,456.625,139.0
3654,F#,C,3,C,"(0, 3, 6, 9)",viio7,C,E-,C,456.75,139.0
3655,F#,C,3,C,"(0, 3, 6, 9)",viio7,C,E-,C,456.875,139.0
3656,G,C,0,C,"(0, 4, 7)",I,C,E,C,457.0,140.0
3657,G,C,1,C,"(0, 4, 7)",I,C,E,C,457.125,140.0
3658,G,C,2,C,"(0, 4, 7)",I,C,E,C,457.25,140.0
3659,G,C,2,C,"(0, 4, 7)",I,C,E,C,457.375,140.0
3660,G,C,3,C,"(0, 4, 7)",I,C,E,C,457.5,140.0
3661,G,C,3,C,"(0, 4, 7)",I,C,E,C,457.625,140.0
3662,G,C,3,C,"(0, 4, 7)",I,C,E,C,457.75,140.0
3663,G,C,3,C,"(0, 4, 7)",I,C,E,C,457.875,140.0
3664,G,C,4,C,"(0, 4, 7)",I,C,E,C,458.0,140.0
3665,G,C,4,C,"(0, 4, 7)",I,C,E,C,458.125,140.0
3666,G,C,4,C,"(0, 4, 7)",I,C,E,C,458.25,140.0
3667,G,C,4,C,"(0, 4, 7)",I,C,E,C,458.375,140.0
3668,G,G,0,C,"(0, 4, 7)",V7,G,E,C,458.5,140.0
3669,G,G,1,C,"(0, 4, 7)",V7,G,E,C,458.625,140.0
3670,G,G,2,C,"(0, 4, 7)",V7,G,E,C,458.75,140.0
3671,G,G,2,C,"(0, 4, 7)",V7,G,E,C,458.875,140.0
3672,C,F,0,C,"(0, 5, 9)",V7,F,A,C,459.0,140.0
3673,C,F,1,C,"(0, 5, 9)",V7,F,A,C,459.125,140.0
3674,C,F,2,C,"(0, 5, 9)",V7,F,A,C,459.25,140.0
3675,C,F,2,C,"(0, 5, 9)",V7,F,A,C,459.375,140.0
3676,C,C,0,C,"(0, 4, 7)",I,C,G,C,459.5,140.0
3677,C,C,1,C,"(0, 4, 7)",I,C,G,C,459.625,140.0
3678,C,C,2,C,"(0, 4, 7)",I,C,G,C,459.75,140.0
3679,C,C,3,C,"(0, 4, 7)",I,C,G,C,459.875,140.0
3680,G,C,0,C,"(0, 4, 7)",I,C,E,C,460.0,141.0
3681,G,C,1,C,"(0, 4, 7)",I,C,E,C,460.125,141.0
3682,G,C,2,C,"(0, 4, 7)",I,C,E,C,460.25,141.0
3683,G,C,2,C,"(0, 4, 7)",I,C,E,C,460.375,141.0
3684,G,C,3,C,"(0, 4, 7)",I,C,E,C,460.5,141.0
3685,G,C,3,C,"(0, 4, 7)",I,C,E,C,460.625,141.0
3686,G,C,3,C,"(0, 4, 7)",I,C,E,C,460.75,141.0
3687,G,C,3,C,"(0, 4, 7)",I,C,E,C,460.875,141.0
3688,G,C,4,C,"(0, 4, 7)",I,C,E,C,461.0,141.0
3689,G,C,4,C,"(0, 4, 7)",I,C,E,C,461.125,141.0
3690,G,C,4,C,"(0, 4, 7)",I,C,E,C,461.25,141.0
3691,G,C,4,C,"(0, 4, 7)",I,C,E,C,461.375,141.0
3692,A,A,0,C,"(0, 5, 9)",I,F,C,C,461.5,141.0
3693,A,A,1,C,"(0, 5, 9)",I,F,C,C,461.625,141.0
3694,A,A,2,C,"(0, 5, 9)",I,F,C,C,461.75,141.0
3695,A,A,2,C,"(0, 5, 9)",I,F,C,C,461.875,141.0
3696,B,E,0,C,"(4, 7, 10)",I,E,G,C,462.0,141.0
3697,B,E,1,C,"(4, 7, 10)",iii,E,G,C,462.125,141.0
3698,B,E,2,C,"(4, 7, 10)",iii,E,G,C,462.25,141.0
3699,B,E,2,C,"(4, 7, 10)",iii,E,G,C,462.375,141.0
3700,B,E,3,C,"(4, 7, 10)",V,E,G,C,462.5,141.0
3701,B,E,3,C,"(4, 7, 10)",V,E,G,C,462.625,141.0
3702,B,E,3,C,"(4, 8, 11)",V,E,G,C,462.75,141.0
3703,B,E,3,C,"(4, 8, 11)",iii,E,G,C,462.875,141.0
3704,C,F,0,C,"(0, 5, 9)",IV,D,A,C,463.0,142.0
3705,C,F,1,C,"(0, 5, 9)",IV,D,A,C,463.125,142.0
3706,C,F,2,C,"(0, 5, 9)",IV,D,A,C,463.25,142.0
3707,C,F,2,C,"(0, 5, 9)",IV,D,A,C,463.375,142.0
3708,C,F,3,C,"(2, 5, 9)",ii,D,A,C,463.5,142.0
3709,C,F,3,C,"(2, 5, 9)",ii,D,A,C,463.625,142.0
3710,C,F,3,C,"(2, 5, 9)",ii,D,A,C,463.75,142.0
3711,C,F,3,C,"(2, 5, 9)",ii,D,A,C,463.875,142.0
3712,D,G,0,C,"(2, 7, 11)",ii,G,B,C,464.0,142.0
3713,D,G,1,C,"(2, 7, 11)",ii,G,B,C,464.125,142.0
3714,D,G,2,C,"(2, 7, 11)",ii,G,B,C,464.25,142.0
3715,D,G,2,C,"(2, 7, 11)",ii,G,B,C,464.375,142.0
3716,D,G,0,C,"(0, 4, 7)",V,C,B,C,464.5,142.0
3717,D,G,1,C,"(0, 4, 7)",V,C,B,C,464.625,142.0
3718,D,G,2,C,"(0, 4, 7)",V,C,B,C,464.75,142.0
3719,D,G,2,C,"(0, 4, 7)",V,C,B,C,464.875,142.0
3720,D,G,0,C,"(2, 7, 11)",V,G,B,C,465.0,142.0
3721,D,G,1,C,"(2, 7, 11)",V,G,B,C,465.125,142.0
3722,D,G,2,C,"(2, 7, 11)",V,G,B,C,465.25,142.0
3723,D,G,2,C,"(2, 7, 11)",V,G,B,C,465.375,142.0
3724,D,G,3,C,"(2, 7, 11)",V,G,B,C,465.5,142.0
3725,D,G,1,C,"(2, 7, 11)",V,G,B,C,465.625,142.0
3726,D,G,3,C,"(2, 7, 11)",V,G,B,C,465.75,142.0
3727,D,G,3,C,"(2, 7, 11)",V,G,B,C,465.875,142.0
3728,G,C,0,C,"(0, 4, 7)",I,C,E,C,466.0,143.0
3729,G,C,1,C,"(0, 4, 7)",I,C,E,C,466.125,143.0
3730,G,C,2,C,"(0, 4, 7)",I,C,E,C,466.25,143.0
3731,G,C,2,C,"(0, 4, 7)",I,C,E,C,466.375,143.0
3732,G,C,3,C,"(0, 4, 7)",I,C,E,C,466.5,143.0
3733,G,C,3,C,"(0, 4, 7)",I,C,E,C,466.625,143.0
3734,G,C,3,C,"(0, 4, 7)",I,C,E,C,466.75,143.0
3735,G,C,3,C,"(0, 4, 7)",I,C,E,C,466.875,143.0
3736,G,C,4,C,"(0, 4, 7)",I,C,E,C,467.0,143.0
3737,G,C,4,C,"(0, 4, 7)",I,C,E,C,467.125,143.0
3738,G,C,4,C,"(0, 4, 7)",I,C,E,C,467.25,143.0
3739,G,C,4,C,"(0, 4, 7)",I,C,E,C,467.375,143.0
3740,G,C,4,C,"(0, 4, 7)",I,C,E,C,467.5,143.0
3741,G,C,4,C,"(0, 4, 7)",I,C,E,C,467.625,143.0
3742,G,C,4,C,"(0, 4, 7)",I,C,E,C,467.75,143.0
3743,G,C,4,C,"(0, 4, 7)",I,C,E,C,467.875,143.0
3744,G,C,5,C,"(0, 4, 7)",I,C,E,C,468.0,143.0
3745,G,C,5,C,"(0, 4, 7)",I,C,E,C,468.125,143.0
3746,G,C,5,C,"(0, 4, 7)",I,C,E,C,468.25,143.0
3747,G,C,5,C,"(0, 4, 7)",I,C,E,C,468.375,143.0
3748,G,C,5,C,"(0, 4, 7)",I,C,E,C,468.5,143.0
3749,G,C,5,C,"(0, 4, 7)",I,C,E,C,468.625,143.0
3750,G,C,5,C,"(0, 4, 7)",I,C,E,C,468.75,143.0
3751,G,C,5,C,"(0, 4, 7)",I,C,E,C,468.875,143.0
3752,E,B-,0,C,"(0, 4, 7, 10)",V7,G,C,F,469.0,144.0
3753,E,B-,1,C,"(0, 4, 7, 10)",V7,G,C,F,469.125,144.0
3754,E,B-,2,C,"(0, 4, 7, 10)",V7,G,C,F,469.25,144.0
3755,E,B-,2,C,"(0, 4, 7, 10)",V7,G,C,F,469.375,144.0
3756,E,B-,3,C,"(0, 4, 7, 10)",V7,G,C,F,469.5,144.0
3757,E,B-,3,C,"(0, 4, 7, 10)",V7,G,C,F,469.625,144.0
3758,E,B-,3,C,"(0, 4, 7, 10)",V7,G,C,F,469.75,144.0
3759,E,B-,3,C,"(0, 4, 7, 10)",V7,G,C,F,469.875,144.0
3760,E,B-,4,C,"(0, 4, 7, 10)",V7,G,C,F,470.0,144.0
3761,E,B-,4,C,"(0, 4, 7, 10)",V7,G,C,F,470.125,144.0
3762,E,B-,4,C,"(0, 4, 7, 10)",V7,G,C,F,470.25,144.0
3763,E,B-,4,C,"(0, 4, 7, 10)",V7,G,C,F,470.375,144.0
3764,E,B-,4,C,"(0, 4, 7, 10)",V7,G,C,F,470.5,144.0
3765,E,B-,4,C,"(0, 4, 7, 10)",V7,G,C,F,470.625,144.0
3766,E,B-,4,C,"(0, 4, 7, 10)",V7,G,C,F,470.75,144.0
3767,E,B-,4,C,"(0, 4, 7, 10)",V7,G,C,F,470.875,144.0
3768,E,B-,5,C,"(0, 4, 7, 10)",V7,G,C,F,471.0,144.0
3769,E,B-,5,C,"(0, 4, 7, 10)",V7,G,C,F,471.125,144.0
3770,E,B-,5,C,"(0, 4, 7, 10)",V7,G,C,F,471.25,144.0
3771,E,B-,5,C,"(0, 4, 7, 10)",V7,G,C,F,471.375,144.0
3772,E,B-,5,C,"(0, 4, 7, 10)",V7,G,C,F,471.5,144.0
3773,E,B-,5,C,"(0, 4, 7, 10)",V7,G,C,F,471.625,144.0
3774,E,B-,5,C,"(0, 4, 7, 10)",V7,G,C,F,471.75,144.0
3775,E,B-,5,C,"(0, 4, 7, 10)",V7,G,C,F,471.875,144.0
3776,E,B-,0,C,"(0, 4, 7, 10)",V7,G,C,F,472.0,145.0
3777,E,B-,1,C,"(0, 4, 7, 10)",V7,G,C,F,472.125,145.0
3778,E,B-,2,C,"(0, 4, 7, 10)",V7,G,C,F,472.25,145.0
3779,E,B-,2,C,"(0, 4, 7, 10)",V7,G,C,F,472.375,145.0
3780,E,B-,3,C,"(0, 4, 7, 10)",V7,G,C,F,472.5,145.0
3781,E,B-,3,C,"(0, 4, 7, 10)",V7,G,C,F,472.625,145.0
3782,E,B-,3,C,"(0, 4, 7, 10)",V7,G,C,F,472.75,145.0
3783,E,B-,3,C,"(0, 4, 7, 10)",V7,G,C,F,472.875,145.0
3784,E,B-,4,C,"(0, 4, 7, 10)",V7,G,C,F,473.0,145.0
3785,E,B-,4,C,"(0, 4, 7, 10)",V7,G,C,F,473.125,145.0
3786,E,B-,4,C,"(0, 4, 7, 10)",V7,G,C,F,473.25,145.0
3787,E,B-,4,C,"(0, 4, 7, 10)",V7,G,C,F,473.375,145.0
3788,F,A,0,C,"(0, 5, 9)",I,F,C,C,473.5,145.0
3789,F,A,1,C,"(0, 5, 9)",I,F,C,C,473.625,145.0
3790,F,A,2,C,"(0, 5, 9)",I,F,C,C,473.75,145.0
3791,F,A,2,C,"(0, 5, 9)",I,F,C,C,473.875,145.0
3792,E,G,0,C,"(0, 4, 7)",I,F,C,C,474.0,145.0
3793,E,G,1,C,"(0, 4, 7)",I,C,C,C,474.125,145.0
3794,E,G,3,C,"(0, 4, 7)",I,C,C,C,474.25,145.0
3795,E,G,3,C,"(0, 4, 7)",I,C,C,C,474.375,145.0
3796,E,G,4,C,"(0, 4, 7)",I,F,C,C,474.5,145.0
3797,E,G,4,C,"(0, 4, 7)",I,F,C,C,474.625,145.0
3798,E,G,4,C,"(0, 4, 7)",I,F,C,C,474.75,145.0
3799,E,G,4,C,"(0, 4, 7)",I,F,C,C,474.875,145.0
3800,F,A,0,C,"(0, 5, 9)",IV,F,C,C,475.0,146.0
3801,F,A,1,C,"(0, 5, 9)",IV,F,C,C,475.125,146.0
3802,F,A,2,C,"(0, 5, 9)",IV,F,C,C,475.25,146.0
3803,F,A,2,C,"(0, 5, 9)",IV,F,C,C,475.375,146.0
3804,F,A,3,C,"(0, 5, 9)",IV,F,C,C,475.5,146.0
3805,F,A,3,C,"(0, 5, 9)",IV,F,C,C,475.625,146.0
3806,F,A,3,C,"(0, 5, 9)",IV,F,C,C,475.75,146.0
3807,F,A,3,C,"(0, 5, 9)",IV,F,C,C,475.875,146.0
3808,F,A,4,C,"(0, 5, 9)",IV,F,C,C,476.0,146.0
3809,F,A,4,C,"(0, 5, 9)",IV,F,C,C,476.125,146.0
3810,F,A,4,C,"(0, 5, 9)",IV,F,C,C,476.25,146.0
3811,F,A,4,C,"(0, 5, 9)",IV,F,C,C,476.375,146.0
3812,F,A,4,C,"(0, 5, 9)",IV,F,C,C,476.5,146.0
3813,F,A,4,C,"(0, 5, 9)",IV,F,C,C,476.625,146.0
3814,F,A,4,C,"(0, 5, 9)",IV,F,C,C,476.75,146.0
3815,F,A,4,C,"(0, 5, 9)",IV,F,C,C,476.875,146.0
3816,F,A,5,C,"(0, 5, 9)",IV,F,C,C,477.0,146.0
3817,F,A,5,C,"(0, 5, 9)",IV,F,C,C,477.125,146.0
3818,F,A,5,C,"(0, 5, 9)",IV,F,C,C,477.25,146.0
3819,F,A,5,C,"(0, 5, 9)",IV,F,C,C,477.375,146.0
3820,F,A,5,C,"(0, 5, 9)",IV,F,C,C,477.5,146.0
3821,F,A,5,C,"(0, 5, 9)",IV,F,C,C,477.625,146.0
3822,F,A,5,C,"(0, 5, 9)",IV,F,C,C,477.75,146.0
3823,F,A,5,C,"(0, 5, 9)",IV,F,C,C,477.875,146.0
3824,F,A,0,C,"(0, 5, 9)",IV,F,C,C,478.0,147.0
3825,F,A,1,C,"(0, 5, 9)",IV,F,C,C,478.125,147.0
3826,F,A,2,C,"(0, 5, 9)",IV,F,C,C,478.25,147.0
3827,F,A,2,C,"(0, 5, 9)",IV,F,C,C,478.375,147.0
3828,F,A,3,C,"(0, 5, 9)",IV,F,C,C,478.5,147.0
3829,F,A,3,C,"(0, 5, 9)",IV,F,C,C,478.625,147.0
3830,F,A,3,C,"(0, 5, 9)",IV,F,C,C,478.75,147.0
3831,F,A,3,C,"(0, 5, 9)",IV,F,C,C,478.875,147.0
3832,F,A,4,C,"(0, 5, 9)",IV,F,C,C,479.0,147.0
3833,F,A,4,C,"(0, 5, 9)",IV,F,C,C,479.125,147.0
3834,F,A,4,C,"(0, 5, 9)",IV,F,C,C,479.25,147.0
3835,F,A,4,C,"(0, 5, 9)",IV,F,C,C,479.375,147.0
3836,E,G,0,C,"(0, 4, 7)",I,C,C,C,479.5,147.0
3837,E,G,1,C,"(0, 4, 7)",I,C,C,C,479.625,147.0
3838,E,G,2,C,"(0, 4, 7)",I,C,C,C,479.75,147.0
3839,E,G,2,C,"(0, 4, 7)",I,C,C,C,479.875,147.0
3840,C,F,0,C,"(0, 2, 5, 9)",ii7,D,A,C,480.0,147.0
3841,C,F,1,C,"(0, 2, 5, 9)",ii7,D,A,C,480.125,147.0
3842,C,F,2,C,"(0, 2, 5, 9)",ii7,D,A,C,480.25,147.0
3843,C,F,5,C,"(0, 2, 5, 9)",ii7,D,A,C,480.375,147.0
3844,C,F#,0,C,"(0, 3, 6, 9)",viio7,D,A,C,480.5,147.0
3845,C,F#,1,C,"(0, 3, 6, 9)",viio7,C,A,C,480.625,147.0
3846,C,F#,2,C,"(0, 3, 6, 9)",viio7,C,A,C,480.75,147.0
3847,C,F#,2,C,"(0, 3, 6, 9)",viio7,C,A,C,480.875,147.0
3848,E,G,0,C,"(0, 4, 7)",I,C,C,C,481.0,148.0
3849,E,G,1,C,"(0, 4, 7)",I,C,C,C,481.125,148.0
3850,E,G,2,C,"(0, 4, 7)",I,C,C,C,481.25,148.0
3851,E,G,2,C,"(0, 4, 7)",I,C,C,C,481.375,148.0
3852,E,G,3,C,"(0, 4, 7)",I,C,C,C,481.5,148.0
3853,E,G,3,C,"(0, 4, 7)",I,C,C,C,481.625,148.0
3854,E,G,3,C,"(0, 4, 7)",I,C,C,C,481.75,148.0
3855,E,G,3,C,"(0, 4, 7)",I,C,C,C,481.875,148.0
3856,F,A,0,C,"(0, 5, 9)",IV,F,C,C,482.0,148.0
3857,F,A,1,C,"(0, 5, 9)",IV,F,C,C,482.125,148.0
3858,F,A,2,C,"(0, 5, 9)",IV,F,C,C,482.25,148.0
3859,F,A,2,C,"(0, 5, 9)",IV,F,C,C,482.375,148.0
3860,E,G,0,C,"(0, 4, 7)",I,C,C,C,482.5,148.0
3861,E,G,1,C,"(0, 4, 7)",I,C,C,C,482.625,148.0
3862,E,G,2,C,"(0, 4, 7)",I,C,C,C,482.75,148.0
3863,E,G,2,C,"(0, 4, 7)",I,C,C,C,482.875,148.0
3864,D,G,0,C,"(2, 5, 11)",viio,F,B,C,483.0,148.0
3865,D,G,1,C,"(2, 5, 11)",viio,F,B,C,483.125,148.0
3866,D,G,2,C,"(2, 5, 11)",viio,F,B,C,483.25,148.0
3867,D,G,2,C,"(2, 5, 11)",viio,F,B,C,483.375,148.0
3868,C,E,0,C,"(0, 4, 7)",I,C,G,C,483.5,148.0
3869,C,E,1,C,"(0, 4, 7)",I,C,G,C,483.625,148.0
3870,C,E,2,C,"(0, 4, 7)",I,C,G,C,483.75,148.0
3871,C,E,2,C,"(0, 4, 7)",I,C,G,C,483.875,148.0
3872,G,C,0,C,"(0, 4, 7)",I,C,E,C,484.0,149.0
3873,G,C,1,C,"(0, 4, 7)",I,C,E,C,484.125,149.0
3874,G,C,2,C,"(0, 4, 7)",I,C,E,C,484.25,149.0
3875,G,C,2,C,"(0, 4, 7)",I,C,E,C,484.375,149.0
3876,G,C,3,C,"(0, 4, 7)",I,C,E,C,484.5,149.0
3877,G,C,3,C,"(0, 4, 7)",I,C,E,C,484.625,149.0
3878,G,C,3,C,"(0, 4, 7)",I,C,E,C,484.75,149.0
3879,G,C,3,C,"(0, 4, 7)",I,C,E,C,484.875,149.0
3880,G,C,4,C,"(0, 4, 7)",I,A,E,C,485.0,149.0
3881,G,C,4,C,"(0, 4, 7)",I,A,E,C,485.125,149.0
3882,G,C,4,C,"(0, 4, 7)",I,A,E,C,485.25,149.0
3883,G,C,4,C,"(0, 4, 7)",I,A,E,C,485.375,149.0
3884,A,D,0,C,"(2, 5, 9)",ii,D,F,C,485.5,149.0
3885,A,D,1,C,"(2, 5, 9)",ii,B,F,C,485.625,149.0
3886,A,D,2,C,"(2, 5, 9)",ii,B,F,C,485.75,149.0
3887,A,D,2,C,"(2, 5, 9)",ii,B,F,C,485.875,149.0
3888,C,E,0,C,"(0, 4, 7)",I,C,G,C,486.0,149.0
3889,C,E,1,C,"(0, 4, 7)",I,C,G,C,486.125,149.0
3890,C,E,2,C,"(0, 4, 7)",I,C,G,C,486.25,149.0
3891,C,E,2,C,"(0, 4, 7)",I,C,G,C,486.375,149.0
3892,G,E,3,C,"(0, 4, 7)",I,C,G,C,486.5,149.0
3893,G,E,3,C,"(0, 4, 7)",I,C,G,C,486.625,149.0
3894,G,E,3,C,"(0, 4, 7)",I,C,G,C,486.75,149.0
3895,G,E,3,C,"(0, 4, 7)",I,C,G,C,486.875,149.0
3896,D,F,0,C,"(2, 5, 9)",ii,D,A,C,487.0,150.0
3897,D,F,1,C,"(2, 5, 9)",ii,D,A,C,487.125,150.0
3898,D,F,2,C,"(2, 5, 9)",ii,D,A,C,487.25,150.0
3899,D,F,2,C,"(2, 5, 9)",ii,D,A,C,487.375,150.0
3900,D,F,3,C,"(2, 5, 9)",ii,D,A,C,487.5,150.0
3901,D,F,3,C,"(2, 5, 9)",ii,D,A,C,487.625,150.0
3902,D,F,3,C,"(2, 5, 9)",ii,D,A,C,487.75,150.0
3903,D,F,3,C,"(2, 5, 9)",ii,D,A,C,487.875,150.0
3904,D,G,0,C,"(0, 4, 7)",Cad,C,C,C,488.0,150.0
3905,D,G,1,C,"(0, 4, 7)",Cad,C,C,C,488.125,150.0
3906,D,G,2,C,"(0, 4, 7)",Cad,C,C,C,488.25,150.0
3907,D,G,2,C,"(0, 4, 7)",Cad,C,C,C,488.375,150.0
3908,E,G,3,C,"(0, 4, 7)",Cad,C,C,C,488.5,150.0
3909,E,G,3,C,"(0, 4, 7)",Cad,C,C,C,488.625,150.0
3910,E,G,3,C,"(0, 4, 7)",Cad,C,C,C,488.75,150.0
3911,E,G,3,C,"(0, 4, 7)",Cad,C,C,C,488.875,150.0
3912,D,G,0,C,"(2, 7, 11)",V,G,B,C,489.0,150.0
3913,D,G,1,C,"(2, 7, 11)",V,G,B,C,489.125,150.0
3914,D,G,2,C,"(2, 7, 11)",V,G,B,C,489.25,150.0
3915,D,G,2,C,"(2, 7, 11)",V,G,B,C,489.375,150.0
3916,D,G,3,C,"(2, 7, 11)",V,G,B,C,489.5,150.0
3917,D,G,3,C,"(2, 7, 11)",V,G,B,C,489.625,150.0
3918,D,G,3,C,"(2, 7, 11)",V,G,B,C,489.75,150.0
3919,D,G,3,C,"(2, 7, 11)",V,G,B,C,489.875,150.0
3920,G,C,0,C,"(0, 4, 7)",I,C,E,C,490.0,151.0
3921,G,C,1,C,"(0, 4, 7)",I,C,E,C,490.125,151.0
3922,G,C,2,C,"(0, 4, 7)",I,C,E,C,490.25,151.0
3923,G,C,2,C,"(0, 4, 7)",I,C,E,C,490.375,151.0
3924,G,C,3,C,"(0, 4, 7)",I,C,E,C,490.5,151.0
3925,G,C,3,C,"(0, 4, 7)",I,C,E,C,490.625,151.0
3926,G,C,3,C,"(0, 4, 7)",I,C,E,C,490.75,151.0
3927,G,C,3,C,"(0, 4, 7)",I,C,E,C,490.875,151.0
3928,G,C,4,C,"(0, 4, 9)",vi,A,C,C,491.0,151.0
3929,E,C,4,C,"(0, 4, 9)",vi,A,C,C,491.125,151.0
3930,E,C,2,C,"(0, 4, 9)",vi,A,C,C,491.25,151.0
3931,E,C,2,C,"(0, 4, 9)",vi,A,C,C,491.375,151.0
3932,E,G,0,C,"(2, 7, 11)",I,E,B,C,491.5,151.0
3933,E,G,1,C,"(2, 7, 11)",I,E,B,C,491.625,151.0
3934,E,G,2,C,"(2, 7, 11)",I,E,B,C,491.75,151.0
3935,E,G,2,C,"(2, 7, 11)",I,E,B,C,491.875,151.0
3936,D,F,0,C,"(2, 5, 9)",ii,D,A,C,492.0,151.0
3937,D,F,1,C,"(2, 5, 9)",ii,D,A,C,492.125,151.0
3938,D,F,2,C,"(2, 5, 9)",ii,D,A,C,492.25,151.0
3939,D,F,2,C,"(2, 5, 9)",ii,D,A,C,492.375,151.0
3940,C,E,0,C,"(0, 4, 7)",I,C,G,C,492.5,151.0
3941,C,E,1,C,"(0, 4, 7)",I,C,G,C,492.625,151.0
3942,C,E,2,C,"(0, 4, 7)",I,C,G,C,492.75,151.0
3943,C,E,2,C,"(0, 4, 7)",I,C,G,C,492.875,151.0
3944,C,F,0,C,"(0, 5, 9)",IV,F,A,C,493.0,152.0
3945,C,F,1,C,"(0, 5, 9)",IV,F,A,C,493.125,152.0
3946,C,F,2,C,"(0, 5, 9)",IV,F,A,C,493.25,152.0
3947,C,F,2,C,"(0, 5, 9)",IV,F,A,C,493.375,152.0
3948,C,E,0,C,"(0, 5, 9)",I,C,A,C,493.5,152.0
3949,C,E,1,C,"(0, 5, 9)",I,C,A,C,493.625,152.0
3950,C,E,2,C,"(0, 5, 9)",I,C,A,C,493.75,152.0
3951,C,E,2,C,"(0, 5, 9)",I,C,A,C,493.875,152.0
3952,C,F,0,C,"(0, 5, 9)",ii,D,A,C,494.0,152.0
3953,C,F,1,C,"(0, 5, 9)",ii,D,A,C,494.125,152.0
3954,C,F,2,C,"(0, 5, 9)",ii,D,A,C,494.25,152.0
3955,C,F,2,C,"(0, 5, 9)",ii,D,A,C,494.375,152.0
3956,A,D,0,C,"(2, 5, 9)",ii,D,F,C,494.5,152.0
3957,A,D,1,C,"(2, 5, 9)",ii,D,F,C,494.625,152.0
3958,A,D,2,C,"(2, 5, 9)",ii,D,F,C,494.75,152.0
3959,A,D,2,C,"(2, 5, 9)",ii,D,F,C,494.875,152.0
3960,D,G,0,C,"(2, 5, 7, 11)",V7,F,B,C,495.0,152.0
3961,D,G,1,C,"(2, 5, 7, 11)",V7,F,B,C,495.125,152.0
3962,D,G,2,C,"(2, 5, 7, 11)",V7,F,B,C,495.25,152.0
3963,D,G,2,C,"(2, 5, 7, 11)",V7,F,B,C,495.375,152.0
3964,D,G,3,C,"(2, 5, 7, 11)",V7,F,B,C,495.5,152.0
3965,D,G,3,C,"(2, 5, 7, 11)",V7,F,B,C,495.625,152.0
3966,D,G,3,C,"(2, 5, 7, 11)",V7,F,B,C,495.75,152.0
3967,D,G,3,C,"(2, 5, 7, 11)",V7,F,B,C,495.875,152.0
3968,G,C,0,C,"(0, 4, 7)",I,C,E,C,496.0,153.0
3969,G,C,1,C,"(0, 4, 7)",I,C,E,C,496.125,153.0
3970,G,C,2,C,"(0, 4, 7)",I,C,E,C,496.25,153.0
3971,G,C,2,C,"(0, 4, 7)",I,C,E,C,496.375,153.0
3972,G,C,3,C,"(0, 4, 7)",I,C,E,C,496.5,153.0
3973,G,C,3,C,"(0, 4, 7)",I,C,E,C,496.625,153.0
3974,G,C,3,C,"(0, 4, 7)",I,C,E,C,496.75,153.0
3975,G,C,3,C,"(0, 4, 7)",I,C,E,C,496.875,153.0
3976,F,C,0,C,"(0, 5, 9)",IV,F,C,C,497.0,153.0
3977,F,C,1,C,"(0, 5, 9)",IV,F,C,C,497.125,153.0
3978,F,C,2,C,"(0, 5, 9)",IV,F,C,C,497.25,153.0
3979,F,C,2,C,"(0, 5, 9)",IV,F,C,C,497.375,153.0
3980,E,G,0,C,"(0, 4, 7)",I,C,C,C,497.5,153.0
3981,E,G,1,C,"(0, 4, 7)",I,C,C,C,497.625,153.0
3982,E,G,2,C,"(0, 4, 7)",I,C,C,C,497.75,153.0
3983,E,G,2,C,"(0, 4, 7)",I,C,C,C,497.875,153.0
3984,D,F,0,C,"(2, 5, 9)",ii,F,A,C,498.0,153.0
3985,D,F,1,C,"(2, 5, 9)",ii,F,A,C,498.125,153.0
3986,D,F,2,C,"(2, 5, 9)",ii,F,A,C,498.25,153.0
3987,D,F,2,C,"(2, 5, 9)",ii,F,A,C,498.375,153.0
3988,C,E,0,C,"(0, 4, 7)",I,C,G,C,498.5,153.0
3989,C,E,1,C,"(0, 4, 7)",I,C,G,C,498.625,153.0
3990,C,E,2,C,"(0, 4, 7)",I,C,G,C,498.75,153.0
3991,C,E,2,C,"(0, 4, 7)",I,C,G,C,498.875,153.0
3992,C,F,0,C,"(0, 5, 9)",IV,F,A,C,499.0,154.0
3993,C,F,1,C,"(0, 5, 9)",IV,F,A,C,499.125,154.0
3994,C,F,2,C,"(0, 5, 9)",IV,F,A,C,499.25,154.0
3995,C,F,2,C,"(0, 5, 9)",IV,F,A,C,499.375,154.0
3996,C,F,0,C,"(0, 5, 9)",I,C,A,C,499.5,154.0
3997,C,E,1,C,"(0, 5, 9)",I,C,A,C,499.625,154.0
3998,C,E,3,C,"(0, 5, 9)",I,C,A,C,499.75,154.0
3999,C,E,3,C,"(0, 5, 9)",I,C,A,C,499.875,154.0
4000,C,F,0,C,"(0, 5, 9)",ii,D,A,C,500.0,154.0
4001,C,F,1,C,"(0, 5, 9)",ii,D,A,C,500.125,154.0
4002,C,F,2,C,"(0, 5, 9)",ii,D,A,C,500.25,154.0
4003,C,F,2,C,"(0, 5, 9)",ii,D,A,C,500.375,154.0
4004,A,D,0,C,"(2, 5, 9)",ii,D,F,C,500.5,154.0
4005,A,D,1,C,"(2, 5, 9)",ii,D,F,C,500.625,154.0
4006,A,D,2,C,"(2, 5, 9)",ii,D,F,C,500.75,154.0
4007,A,D,2,C,"(2, 5, 9)",ii,D,F,C,500.875,154.0
4008,D,G,0,C,"(2, 5, 7, 11)",V7,F,B,C,501.0,154.0
4009,D,G,1,C,"(2, 5, 7, 11)",V7,F,B,C,501.125,154.0
4010,D,G,2,C,"(2, 5, 7, 11)",V7,F,B,C,501.25,154.0
4011,D,G,2,C,"(2, 5, 7, 11)",V7,F,B,C,501.375,154.0
4012,D,G,3,C,"(2, 5, 7, 11)",V7,F,B,C,501.5,154.0
4013,D,G,3,C,"(2, 5, 7, 11)",V7,F,B,C,501.625,154.0
4014,D,G,3,C,"(2, 5, 7, 11)",V7,F,B,C,501.75,154.0
4015,D,G,3,C,"(2, 5, 7, 11)",V7,F,B,C,501.875,154.0
4016,G,C,0,C,"(0, 4, 7)",I,C,E,C,502.0,155.0
4017,G,C,1,C,"(0, 4, 7)",I,C,E,C,502.125,155.0
4018,G,C,2,C,"(0, 4, 7)",I,C,E,C,502.25,155.0
4019,G,C,2,C,"(0, 4, 7)",I,C,E,C,502.375,155.0
4020,G,C,3,C,"(0, 4, 7)",I,C,E,C,502.5,155.0
4021,G,C,3,C,"(0, 4, 7)",I,C,E,C,502.625,155.0
4022,G,C,3,C,"(0, 4, 7)",I,C,E,C,502.75,155.0
4023,G,C,3,C,"(0, 4, 7)",I,C,E,C,502.875,155.0
4024,G,C,4,C,"(0, 4, 7)",I,C,E,C,503.0,155.0
4025,G,C,4,C,"(0, 4, 7)",I,C,E,C,503.125,155.0
4026,G,C,4,C,"(0, 4, 7)",I,C,E,C,503.25,155.0
4027,G,C,4,C,"(0, 4, 7)",I,C,E,C,503.375,155.0
4028,G,C,0,C,"(0, 4, 7)",I,C,E,C,503.5,155.0
4029,G,C,1,C,"(0, 4, 7)",I,C,E,C,503.625,155.0
4030,G,C,2,C,"(0, 4, 7)",I,C,E,C,503.75,155.0
4031,G,C,2,C,"(0, 4, 7)",I,C,E,C,503.875,155.0
4032,G,C,0,C,"(0, 4, 7)",I,C,E,C,504.0,155.0
4033,G,C,1,C,"(0, 4, 7)",I,C,E,C,504.125,155.0
4034,G,C,2,C,"(0, 4, 7)",I,C,E,C,504.25,155.0
4035,G,C,2,C,"(0, 4, 7)",I,C,E,C,504.375,155.0
4036,G,G,0,C,"(2, 7, 11)",V,C,E,C,504.5,155.0
4037,G,G,1,C,"(2, 7, 11)",V,G,B,C,504.625,155.0
4038,G,G,2,C,"(2, 7, 11)",V,G,B,C,504.75,155.0
4039,G,G,4,C,"(2, 7, 11)",V,G,B,C,504.875,155.0
4040,G,C,0,C,"(0, 4, 7)",I,C,E,C,505.0,156.0
4041,G,C,1,C,"(0, 4, 7)",I,C,E,C,505.125,156.0
4042,G,C,2,C,"(0, 4, 7)",I,C,E,C,505.25,156.0
4043,G,C,2,C,"(0, 4, 7)",I,C,E,C,505.375,156.0
4044,G,C,3,C,"(0, 4, 7)",I,C,E,C,505.5,156.0
4045,G,C,3,C,"(0, 4, 7)",I,C,E,C,505.625,156.0
4046,G,C,3,C,"(0, 4, 7)",I,C,E,C,505.75,156.0
4047,G,C,3,C,"(0, 4, 7)",I,C,E,C,505.875,156.0
4048,G,C,4,C,"(0, 4, 7)",I,C,E,C,506.0,156.0
4049,G,C,4,C,"(0, 4, 7)",I,C,E,C,506.125,156.0
4050,G,C,4,C,"(0, 4, 7)",I,C,E,C,506.25,156.0
4051,G,C,4,C,"(0, 4, 7)",I,C,E,C,506.375,156.0
4052,G,C,4,C,"(0, 4, 7)",I,C,E,C,506.5,156.0
4053,G,C,4,C,"(0, 4, 7)",I,C,E,C,506.625,156.0
4054,G,C,4,C,"(0, 4, 7)",I,C,E,C,506.75,156.0
4055,G,C,4,C,"(0, 4, 7)",I,C,E,C,506.875,156.0
4056,G,C,5,C,"(0, 4, 7)",I,C,E,C,507.0,156.0
4057,G,C,5,C,"(0, 4, 7)",I,C,E,C,507.125,156.0
4058,G,C,5,C,"(0, 4, 7)",I,C,E,C,507.25,156.0
4059,G,C,5,C,"(0, 4, 7)",I,C,E,C,507.375,156.0
4060,G,C,5,C,"(0, 4, 7)",I,C,E,C,507.5,156.0
4061,G,C,5,C,"(0, 4, 7)",I,C,E,C,507.625,156.0
4062,G,C,5,C,"(0, 4, 7)",I,C,E,C,507.75,156.0
4063,G,C,5,C,"(0, 4, 7)",I,C,E,C,507.875,156.0
4064,C--,C--,6,A,"(0, 1, 5, 8)",Cad,C--,C--,A,,
4065,C--,C--,6,A,"(0, 1, 5, 8)",Cad,C--,C--,A,,
4066,C--,C--,6,A,"(0, 1, 5, 8)",Cad,C--,C--,A,,
4067,C--,C--,6,A,"(0, 1, 5, 8)",Cad,C--,C--,A,,
4068,C--,C--,6,A,"(0, 1, 5, 8)",Cad,C--,C--,A,,
4069,C--,C--,6,A,"(0, 1, 5, 8)",Cad,C--,C--,A,,
4070,C--,C--,6,A,"(0, 1, 5, 8)",Cad,C--,C--,A,,
4071,C--,C--,6,A,"(0, 1, 5, 8)",Cad,C--,C--,A,,
4072,C--,C--,6,A,"(0, 1, 5, 8)",Cad,C--,C--,A,,
4073,C--,C--,6,A,"(0, 1, 5, 8)",Cad,C--,C--,A,,
4074,C--,C--,6,A,"(0, 1, 5, 8)",Cad,C--,C--,A,,
4075,C--,C--,6,A,"(0, 1, 5, 8)",Cad,C--,C--,A,,
4076,C--,C--,6,A,"(0, 1, 5, 8)",Cad,C--,C--,A,,
4077,C--,C--,6,A,"(0, 1, 5, 8)",Cad,C--,C--,A,,
4078,C--,C--,6,A,"(0, 1, 5, 8)",Cad,C--,C--,A,,
4079,C--,C--,6,A,"(0, 1, 5, 8)",Cad,C--,C--,A,,
4080,C--,C--,6,A,"(0, 1, 5, 8)",Cad,C--,C--,A,,
4081,C--,C--,6,A,"(0, 1, 5, 8)",Cad,C--,C--,A,,
4082,C--,C--,6,A,"(0, 1, 5, 8)",Cad,C--,C--,A,,
4083,C--,C--,6,A,"(0, 1, 5, 8)",Cad,C--,C--,A,,
4084,C--,C--,6,A,"(0, 1, 5, 8)",Cad,C--,C--,A,,
4085,C--,C--,6,A,"(0, 1, 5, 8)",Cad,C--,C--,A,,
4086,C--,C--,6,A,"(0, 1, 5, 8)",Cad,C--,C--,A,,
4087,C--,C--,6,A,"(0, 1, 5, 8)",Cad,C--,C--,A,,
4088,C--,C--,6,A,"(0, 1, 5, 8)",Cad,C--,C--,A,,
4089,C--,C--,6,A,"(0, 1, 5, 8)",Cad,C--,C--,A,,
4090,C--,C--,6,A,"(0, 1, 5, 8)",Cad,C--,C--,A,,
4091,C--,C--,6,A,"(0, 1, 5, 8)",Cad,C--,C--,A,,
4092,C--,C--,6,A,"(0, 1, 5, 8)",Cad,C--,C--,A,,
4093,C--,C--,6,A,"(0, 1, 5, 8)",Cad,C--,C--,A,,
4094,C--,C--,6,A,"(0, 1, 5, 8)",Cad,C--,C--,A,,
4095,C--,C--,6,A,"(0, 1, 5, 8)",Cad,C--,C--,A,,
4096,C--,C--,6,A,"(0, 1, 5, 8)",Cad,C--,C--,A,,
4097,C--,C--,6,A,"(0, 1, 5, 8)",Cad,C--,C--,A,,
4098,C--,C--,6,A,"(0, 1, 5, 8)",Cad,C--,C--,A,,
4099,C--,C--,6,A,"(0, 1, 5, 8)",Cad,C--,C--,A,,
4100,C--,C--,6,A,"(0, 1, 5, 8)",Cad,C--,C--,A,,
4101,C--,C--,6,A,"(0, 1, 5, 8)",Cad,C--,C--,A,,
4102,C--,C--,6,A,"(0, 1, 5, 8)",Cad,C--,C--,A,,
4103,C--,C--,6,A,"(0, 1, 5, 8)",Cad,C--,C--,A,,
4104,C--,C--,6,A,"(0, 1, 5, 8)",Cad,C--,C--,A,,
4105,C--,C--,6,A,"(0, 1, 5, 8)",Cad,C--,C--,A,,
4106,C--,C--,6,A,"(0, 1, 5, 8)",Cad,C--,C--,A,,
4107,C--,C--,6,A,"(0, 1, 5, 8)",Cad,C--,C--,A,,
4108,C--,C--,6,A,"(0, 1, 5, 8)",Cad,C--,C--,A,,
4109,C--,C--,6,A,"(0, 1, 5, 8)",Cad,C--,C--,A,,
4110,C--,C--,6,A,"(0, 1, 5, 8)",Cad,C--,C--,A,,
4111,C--,C--,6,A,"(0, 1, 5, 8)",Cad,C--,C--,A,,
4112,C--,C--,6,A,"(0, 1, 5, 8)",Cad,C--,C--,A,,
4113,C--,C--,6,A,"(0, 1, 5, 8)",Cad,C--,C--,A,,
4114,C--,C--,6,A,"(0, 1, 5, 8)",Cad,C--,C--,A,,
4115,C--,C--,6,A,"(0, 1, 5, 8)",Cad,C--,C--,A,,
4116,C--,C--,6,A,"(0, 1, 5, 8)",Cad,C--,C--,A,,
4117,C--,C--,6,A,"(0, 1, 5, 8)",Cad,C--,C--,A,,
4118,C--,C--,6,A,"(0, 1, 5, 8)",Cad,C--,C--,A,,
4119,C--,C--,6,A,"(0, 1, 5, 8)",Cad,C--,C--,A,,
4120,C--,C--,6,A,"(0, 1, 5, 8)",Cad,C--,C--,A,,
4121,C--,C--,6,A,"(0, 1, 5, 8)",Cad,C--,C--,A,,
4122,C--,C--,6,A,"(0, 1, 5, 8)",Cad,C--,C--,A,,
4123,C--,C--,6,A,"(0, 1, 5, 8)",Cad,C--,C--,A,,
4124,C--,C--,6,A,"(0, 1, 5, 8)",Cad,C--,C--,A,,
4125,C--,C--,6,A,"(0, 1, 5, 8)",Cad,C--,C--,A,,
4126,C--,C--,6,A,"(0, 1, 5, 8)",Cad,C--,C--,A,,
4127,C--,C--,6,A,"(0, 1, 5, 8)",Cad,C--,C--,A,,
4128,C--,C--,6,A,"(0, 1, 5, 8)",Cad,C--,C--,A,,
4129,C--,C--,6,A,"(0, 1, 5, 8)",Cad,C--,C--,A,,
4130,C--,C--,6,A,"(0, 1, 5, 8)",Cad,C--,C--,A,,
4131,C--,C--,6,A,"(0, 1, 5, 8)",Cad,C--,C--,A,,
4132,C--,C--,6,A,"(0, 1, 5, 8)",Cad,C--,C--,A,,
4133,C--,C--,6,A,"(0, 1, 5, 8)",Cad,C--,C--,A,,
4134,C--,C--,6,A,"(0, 1, 5, 8)",Cad,C--,C--,A,,
4135,C--,C--,6,A,"(0, 1, 5, 8)",Cad,C--,C--,A,,
4136,C--,C--,6,A,"(0, 1, 5, 8)",Cad,C--,C--,A,,
4137,C--,C--,6,A,"(0, 1, 5, 8)",Cad,C--,C--,A,,
4138,C--,C--,6,A,"(0, 1, 5, 8)",Cad,C--,C--,A,,
4139,C--,C--,6,A,"(0, 1, 5, 8)",Cad,C--,C--,A,,
4140,C--,C--,6,A,"(0, 1, 5, 8)",Cad,C--,C--,A,,
4141,C--,C--,6,A,"(0, 1, 5, 8)",Cad,C--,C--,A,,
4142,C--,C--,6,A,"(0, 1, 5, 8)",Cad,C--,C--,A,,
4143,C--,C--,6,A,"(0, 1, 5, 8)",Cad,C--,C--,A,,
4144,C--,C--,6,A,"(0, 1, 5, 8)",Cad,C--,C--,A,,
4145,C--,C--,6,A,"(0, 1, 5, 8)",Cad,C--,C--,A,,
4146,C--,C--,6,A,"(0, 1, 5, 8)",Cad,C--,C--,A,,
4147,C--,C--,6,A,"(0, 1, 5, 8)",Cad,C--,C--,A,,
4148,C--,C--,6,A,"(0, 1, 5, 8)",Cad,C--,C--,A,,
4149,C--,C--,6,A,"(0, 1, 5, 8)",Cad,C--,C--,A,,
4150,C--,C--,6,A,"(0, 1, 5, 8)",Cad,C--,C--,A,,
4151,C--,C--,6,A,"(0, 1, 5, 8)",Cad,C--,C--,A,,
4152,C--,C--,6,A,"(0, 1, 5, 8)",Cad,C--,C--,A,,
4153,C--,C--,6,A,"(0, 1, 5, 8)",Cad,C--,C--,A,,
4154,C--,C--,6,A,"(0, 1, 5, 8)",Cad,C--,C--,A,,
4155,C--,C--,6,A,"(0, 1, 5, 8)",Cad,C--,C--,A,,
4156,C--,C--,6,A,"(0, 1, 5, 8)",Cad,C--,C--,A,,
4157,C--,C--,6,A,"(0, 1, 5, 8)",Cad,C--,C--,A,,
4158,C--,C--,6,A,"(0, 1, 5, 8)",Cad,C--,C--,A,,
4159,C--,C--,6,A,"(0, 1, 5, 8)",Cad,C--,C--,A,,
4160,C--,C--,6,A,"(0, 1, 5, 8)",Cad,C--,C--,A,,
4161,C--,C--,6,A,"(0, 1, 5, 8)",Cad,C--,C--,A,,
4162,C--,C--,6,A,"(0, 1, 5, 8)",Cad,C--,C--,A,,
4163,C--,C--,6,A,"(0, 1, 5, 8)",Cad,C--,C--,A,,
4164,C--,C--,6,A,"(0, 1, 5, 8)",Cad,C--,C--,A,,
4165,C--,C--,6,A,"(0, 1, 5, 8)",Cad,C--,C--,A,,
4166,C--,C--,6,A,"(0, 1, 5, 8)",Cad,C--,C--,A,,
4167,C--,C--,6,A,"(0, 1, 5, 8)",Cad,C--,C--,A,,
4168,C--,C--,6,A,"(0, 1, 5, 8)",Cad,C--,C--,A,,
4169,C--,C--,6,A,"(0, 1, 5, 8)",Cad,C--,C--,A,,
4170,C--,C--,6,A,"(0, 1, 5, 8)",Cad,C--,C--,A,,
4171,C--,C--,6,A,"(0, 1, 5, 8)",Cad,C--,C--,A,,
4172,C--,C--,6,A,"(0, 1, 5, 8)",Cad,C--,C--,A,,
4173,C--,C--,6,A,"(0, 1, 5, 8)",Cad,C--,C--,A,,
4174,C--,C--,6,A,"(0, 1, 5, 8)",Cad,C--,C--,A,,
4175,C--,C--,6,A,"(0, 1, 5, 8)",Cad,C--,C--,A,,
4176,C--,C--,6,A,"(0, 1, 5, 8)",Cad,C--,C--,A,,
4177,C--,C--,6,A,"(0, 1, 5, 8)",Cad,C--,C--,A,,
4178,C--,C--,6,A,"(0, 1, 5, 8)",Cad,C--,C--,A,,
4179,C--,C--,6,A,"(0, 1, 5, 8)",Cad,C--,C--,A,,
4180,C--,C--,6,A,"(0, 1, 5, 8)",Cad,C--,C--,A,,
4181,C--,C--,6,A,"(0, 1, 5, 8)",Cad,C--,C--,A,,
4182,C--,C--,6,A,"(0, 1, 5, 8)",Cad,C--,C--,A,,
4183,C--,C--,6,A,"(0, 1, 5, 8)",Cad,C--,C--,A,,
4184,C--,C--,6,A,"(0, 1, 5, 8)",Cad,C--,C--,A,,
4185,C--,C--,6,A,"(0, 1, 5, 8)",Cad,C--,C--,A,,
4186,C--,C--,6,A,"(0, 1, 5, 8)",Cad,C--,C--,A,,
4187,C--,C--,6,A,"(0, 1, 5, 8)",Cad,C--,C--,A,,
4188,C--,C--,6,A,"(0, 1, 5, 8)",Cad,C--,C--,A,,
4189,C--,C--,6,A,"(0, 1, 5, 8)",Cad,C--,C--,A,,
4190,C--,C--,6,A,"(0, 1, 5, 8)",Cad,C--,C--,A,,
4191,C--,C--,6,A,"(0, 1, 5, 8)",Cad,C--,C--,A,,
4192,C--,C--,6,A,"(0, 1, 5, 8)",Cad,C--,C--,A,,
4193,C--,C--,6,A,"(0, 1, 5, 8)",Cad,C--,C--,A,,
4194,C--,C--,6,A,"(0, 1, 5, 8)",Cad,C--,C--,A,,
4195,C--,C--,6,A,"(0, 1, 5, 8)",Cad,C--,C--,A,,
4196,C--,C--,6,A,"(0, 1, 5, 8)",Cad,C--,C--,A,,
4197,C--,C--,6,A,"(0, 1, 5, 8)",Cad,C--,C--,A,,
4198,C--,C--,6,A,"(0, 1, 5, 8)",Cad,C--,C--,A,,
4199,C--,C--,6,A,"(0, 1, 5, 8)",Cad,C--,C--,A,,
4200,C--,C--,6,A,"(0, 1, 5, 8)",Cad,C--,C--,A,,
4201,C--,C--,6,A,"(0, 1, 5, 8)",Cad,C--,C--,A,,
4202,C--,C--,6,A,"(0, 1, 5, 8)",Cad,C--,C--,A,,
4203,C--,C--,6,A,"(0, 1, 5, 8)",Cad,C--,C--,A,,
4204,C--,C--,6,A,"(0, 1, 5, 8)",Cad,C--,C--,A,,
4205,C--,C--,6,A,"(0, 1, 5, 8)",Cad,C--,C--,A,,
4206,C--,C--,6,A,"(0, 1, 5, 8)",Cad,C--,C--,A,,
4207,C--,C--,6,A,"(0, 1, 5, 8)",Cad,C--,C--,A,,
4208,C--,C--,6,A,"(0, 1, 5, 8)",Cad,C--,C--,A,,
4209,C--,C--,6,A,"(0, 1, 5, 8)",Cad,C--,C--,A,,
4210,C--,C--,6,A,"(0, 1, 5, 8)",Cad,C--,C--,A,,
4211,C--,C--,6,A,"(0, 1, 5, 8)",Cad,C--,C--,A,,
4212,C--,C--,6,A,"(0, 1, 5, 8)",Cad,C--,C--,A,,
4213,C--,C--,6,A,"(0, 1, 5, 8)",Cad,C--,C--,A,,
4214,C--,C--,6,A,"(0, 1, 5, 8)",Cad,C--,C--,A,,
4215,C--,C--,6,A,"(0, 1, 5, 8)",Cad,C--,C--,A,,
4216,C--,C--,6,A,"(0, 1, 5, 8)",Cad,C--,C--,A,,
4217,C--,C--,6,A,"(0, 1, 5, 8)",Cad,C--,C--,A,,
4218,C--,C--,6,A,"(0, 1, 5, 8)",Cad,C--,C--,A,,
4219,C--,C--,6,A,"(0, 1, 5, 8)",Cad,C--,C--,A,,
4220,C--,C--,6,A,"(0, 1, 5, 8)",Cad,C--,C--,A,,
4221,C--,C--,6,A,"(0, 1, 5, 8)",Cad,C--,C--,A,,
4222,C--,C--,6,A,"(0, 1, 5, 8)",Cad,C--,C--,A,,
4223,C--,C--,6,A,"(0, 1, 5, 8)",Cad,C--,C--,A,,
4224,C--,C--,6,A,"(0, 1, 5, 8)",Cad,C--,C--,A,,
4225,C--,C--,6,A,"(0, 1, 5, 8)",Cad,C--,C--,A,,
4226,C--,C--,6,A,"(0, 1, 5, 8)",Cad,C--,C--,A,,
4227,C--,C--,6,A,"(0, 1, 5, 8)",Cad,C--,C--,A,,
4228,C--,C--,6,A,"(0, 1, 5, 8)",Cad,C--,C--,A,,
4229,C--,C--,6,A,"(0, 1, 5, 8)",Cad,C--,C--,A,,
4230,C--,C--,6,A,"(0, 1, 5, 8)",Cad,C--,C--,A,,
4231,C--,C--,6,A,"(0, 1, 5, 8)",Cad,C--,C--,A,,
4232,C--,C--,6,A,"(0, 1, 5, 8)",Cad,C--,C--,A,,
4233,C--,C--,6,A,"(0, 1, 5, 8)",Cad,C--,C--,A,,
4234,C--,C--,6,A,"(0, 1, 5, 8)",Cad,C--,C--,A,,
4235,C--,C--,6,A,"(0, 1, 5, 8)",Cad,C--,C--,A,,
4236,C--,C--,6,A,"(0, 1, 5, 8)",Cad,C--,C--,A,,
4237,C--,C--,6,A,"(0, 1, 5, 8)",Cad,C--,C--,A,,
4238,C--,C--,6,A,"(0, 1, 5, 8)",Cad,C--,C--,A,,
4239,C--,C--,6,A,"(0, 1, 5, 8)",Cad,C--,C--,A,,
4240,C--,C--,6,A,"(0, 1, 5, 8)",Cad,C--,C--,A,,
4241,C--,C--,6,A,"(0, 1, 5, 8)",Cad,C--,C--,A,,
4242,C--,C--,6,A,"(0, 1, 5, 8)",Cad,C--,C--,A,,
4243,C--,C--,6,A,"(0, 1, 5, 8)",Cad,C--,C--,A,,
4244,C--,C--,6,A,"(0, 1, 5, 8)",Cad,C--,C--,A,,
4245,C--,C--,6,A,"(0, 1, 5, 8)",Cad,C--,C--,A,,
4246,C--,C--,6,A,"(0, 1, 5, 8)",Cad,C--,C--,A,,
4247,C--,C--,6,A,"(0, 1, 5, 8)",Cad,C--,C--,A,,
4248,C--,C--,6,A,"(0, 1, 5, 8)",Cad,C--,C--,A,,
4249,C--,C--,6,A,"(0, 1, 5, 8)",Cad,C--,C--,A,,
4250,C--,C--,6,A,"(0, 1, 5, 8)",Cad,C--,C--,A,,
4251,C--,C--,6,A,"(0, 1, 5, 8)",Cad,C--,C--,A,,
4252,C--,C--,6,A,"(0, 1, 5, 8)",Cad,C--,C--,A,,
4253,C--,C--,6,A,"(0, 1, 5, 8)",Cad,C--,C--,A,,
4254,C--,C--,6,A,"(0, 1, 5, 8)",Cad,C--,C--,A,,
4255,C--,C--,6,A,"(0, 1, 5, 8)",Cad,C--,C--,A,,
4256,C--,C--,6,A,"(0, 1, 5, 8)",Cad,C--,C--,A,,
4257,C--,C--,6,A,"(0, 1, 5, 8)",Cad,C--,C--,A,,
4258,C--,C--,6,A,"(0, 1, 5, 8)",Cad,C--,C--,A,,
4259,C--,C--,6,A,"(0, 1, 5, 8)",Cad,C--,C--,A,,
4260,C--,C--,6,A,"(0, 1, 5, 8)",Cad,C--,C--,A,,
4261,C--,C--,6,A,"(0, 1, 5, 8)",Cad,C--,C--,A,,
4262,C--,C--,6,A,"(0, 1, 5, 8)",Cad,C--,C--,A,,
4263,C--,C--,6,A,"(0, 1, 5, 8)",Cad,C--,C--,A,,
4264,C--,C--,6,A,"(0, 1, 5, 8)",Cad,C--,C--,A,,
4265,C--,C--,6,A,"(0, 1, 5, 8)",Cad,C--,C--,A,,
4266,C--,C--,6,A,"(0, 1, 5, 8)",Cad,C--,C--,A,,
4267,C--,C--,6,A,"(0, 1, 5, 8)",Cad,C--,C--,A,,
4268,C--,C--,6,A,"(0, 1, 5, 8)",Cad,C--,C--,A,,
4269,C--,C--,6,A,"(0, 1, 5, 8)",Cad,C--,C--,A,,
4270,C--,C--,6,A,"(0, 1, 5, 8)",Cad,C--,C--,A,,
4271,C--,C--,6,A,"(0, 1, 5, 8)",Cad,C--,C--,A,,
4272,C--,C--,6,A,"(0, 1, 5, 8)",Cad,C--,C--,A,,
4273,C--,C--,6,A,"(0, 1, 5, 8)",Cad,C--,C--,A,,
4274,C--,C--,6,A,"(0, 1, 5, 8)",Cad,C--,C--,A,,
4275,C--,C--,6,A,"(0, 1, 5, 8)",Cad,C--,C--,A,,
4276,C--,C--,6,A,"(0, 1, 5, 8)",Cad,C--,C--,A,,
4277,C--,C--,6,A,"(0, 1, 5, 8)",Cad,C--,C--,A,,
4278,C--,C--,6,A,"(0, 1, 5, 8)",Cad,C--,C--,A,,
4279,C--,C--,6,A,"(0, 1, 5, 8)",Cad,C--,C--,A,,
4280,C--,C--,6,A,"(0, 1, 5, 8)",Cad,C--,C--,A,,
4281,C--,C--,6,A,"(0, 1, 5, 8)",Cad,C--,C--,A,,
4282,C--,C--,6,A,"(0, 1, 5, 8)",Cad,C--,C--,A,,
4283,C--,C--,6,A,"(0, 1, 5, 8)",Cad,C--,C--,A,,
4284,C--,C--,6,A,"(0, 1, 5, 8)",Cad,C--,C--,A,,
4285,C--,C--,6,A,"(0, 1, 5, 8)",Cad,C--,C--,A,,
4286,C--,C--,6,A,"(0, 1, 5, 8)",Cad,C--,C--,A,,
4287,C--,C--,6,A,"(0, 1, 5, 8)",Cad,C--,C--,A,,
4288,C--,C--,6,A,"(0, 1, 5, 8)",Cad,C--,C--,A,,
4289,C--,C--,6,A,"(0, 1, 5, 8)",Cad,C--,C--,A,,
4290,C--,C--,6,A,"(0, 1, 5, 8)",Cad,C--,C--,A,,
4291,C--,C--,6,A,"(0, 1, 5, 8)",Cad,C--,C--,A,,
4292,C--,C--,6,A,"(0, 1, 5, 8)",Cad,C--,C--,A,,
4293,C--,C--,6,A,"(0, 1, 5, 8)",Cad,C--,C--,A,,
4294,C--,C--,6,A,"(0, 1, 5, 8)",Cad,C--,C--,A,,
4295,C--,C--,6,A,"(0, 1, 5, 8)",Cad,C--,C--,A,,
4296,C--,C--,6,A,"(0, 1, 5, 8)",Cad,C--,C--,A,,
4297,C--,C--,6,A,"(0, 1, 5, 8)",Cad,C--,C--,A,,
4298,C--,C--,6,A,"(0, 1, 5, 8)",Cad,C--,C--,A,,
4299,C--,C--,6,A,"(0, 1, 5, 8)",Cad,C--,C--,A,,
4300,C--,C--,6,A,"(0, 1, 5, 8)",Cad,C--,C--,A,,
4301,C--,C--,6,A,"(0, 1, 5, 8)",Cad,C--,C--,A,,
4302,C--,C--,6,A,"(0, 1, 5, 8)",Cad,C--,C--,A,,
4303,C--,C--,6,A,"(0, 1, 5, 8)",Cad,C--,C--,A,,
4304,C--,C--,6,A,"(0, 1, 5, 8)",Cad,C--,C--,A,,
4305,C--,C--,6,A,"(0, 1, 5, 8)",Cad,C--,C--,A,,
4306,C--,C--,6,A,"(0, 1, 5, 8)",Cad,C--,C--,A,,
4307,C--,C--,6,A,"(0, 1, 5, 8)",Cad,C--,C--,A,,
4308,C--,C--,6,A,"(0, 1, 5, 8)",Cad,C--,C--,A,,
4309,C--,C--,6,A,"(0, 1, 5, 8)",Cad,C--,C--,A,,
4310,C--,C--,6,A,"(0, 1, 5, 8)",Cad,C--,C--,A,,
4311,C--,C--,6,A,"(0, 1, 5, 8)",Cad,C--,C--,A,,
4312,C--,C--,6,A,"(0, 1, 5, 8)",Cad,C--,C--,A,,
4313,C--,C--,6,A,"(0, 1, 5, 8)",Cad,C--,C--,A,,
4314,C--,C--,6,A,"(0, 1, 5, 8)",Cad,C--,C--,A,,
4315,C--,C--,6,A,"(0, 1, 5, 8)",Cad,C--,C--,A,,
4316,C--,C--,6,A,"(0, 1, 5, 8)",Cad,C--,C--,A,,
4317,C--,C--,6,A,"(0, 1, 5, 8)",Cad,C--,C--,A,,
4318,C--,C--,6,A,"(0, 1, 5, 8)",Cad,C--,C--,A,,
4319,C--,C--,6,A,"(0, 1, 5, 8)",Cad,C--,C--,A,,
4320,C--,C--,6,A,"(0, 1, 5, 8)",Cad,C--,C--,A,,
4321,C--,C--,6,A,"(0, 1, 5, 8)",Cad,C--,C--,A,,
4322,C--,C--,6,A,"(0, 1, 5, 8)",Cad,C--,C--,A,,
4323,C--,C--,6,A,"(0, 1, 5, 8)",Cad,C--,C--,A,,
4324,C--,C--,6,A,"(0, 1, 5, 8)",Cad,C--,C--,A,,
4325,C--,C--,6,A,"(0, 1, 5, 8)",Cad,C--,C--,A,,
4326,C--,C--,6,A,"(0, 1, 5, 8)",Cad,C--,C--,A,,
4327,C--,C--,6,A,"(0, 1, 5, 8)",Cad,C--,C--,A,,
4328,C--,C--,6,A,"(0, 1, 5, 8)",Cad,C--,C--,A,,
4329,C--,C--,6,A,"(0, 1, 5, 8)",Cad,C--,C--,A,,
4330,C--,C--,6,A,"(0, 1, 5, 8)",Cad,C--,C--,A,,
4331,C--,C--,6,A,"(0, 1, 5, 8)",Cad,C--,C--,A,,
4332,C--,C--,6,A,"(0, 1, 5, 8)",Cad,C--,C--,A,,
4333,C--,C--,6,A,"(0, 1, 5, 8)",Cad,C--,C--,A,,
4334,C--,C--,6,A,"(0, 1, 5, 8)",Cad,C--,C--,A,,
4335,C--,C--,6,A,"(0, 1, 5, 8)",Cad,C--,C--,A,,
4336,C--,C--,6,A,"(0, 1, 5, 8)",Cad,C--,C--,A,,
4337,C--,C--,6,A,"(0, 1, 5, 8)",Cad,C--,C--,A,,
4338,C--,C--,6,A,"(0, 1, 5, 8)",Cad,C--,C--,A,,
4339,C--,C--,6,A,"(0, 1, 5, 8)",Cad,C--,C--,A,,
4340,C--,C--,6,A,"(0, 1, 5, 8)",Cad,C--,C--,A,,
4341,C--,C--,6,A,"(0, 1, 5, 8)",Cad,C--,C--,A,,
4342,C--,C--,6,A,"(0, 1, 5, 8)",Cad,C--,C--,A,,
4343,C--,C--,6,A,"(0, 1, 5, 8)",Cad,C--,C--,A,,
4344,C--,C--,6,A,"(0, 1, 5, 8)",Cad,C--,C--,A,,
4345,C--,C--,6,A,"(0, 1, 5, 8)",Cad,C--,C--,A,,
4346,C--,C--,6,A,"(0, 1, 5, 8)",Cad,C--,C--,A,,
4347,C--,C--,6,A,"(0, 1, 5, 8)",Cad,C--,C--,A,,
4348,C--,C--,6,A,"(0, 1, 5, 8)",Cad,C--,C--,A,,
4349,C--,C--,6,A,"(0, 1, 5, 8)",Cad,C--,C--,A,,
4350,C--,C--,6,A,"(0, 1, 5, 8)",Cad,C--,C--,A,,
4351,C--,C--,6,A,"(0, 1, 5, 8)",Cad,C--,C--,A,,
4352,C--,C--,6,A,"(0, 1, 5, 8)",Cad,C--,C--,A,,
4353,C--,C--,6,A,"(0, 1, 5, 8)",Cad,C--,C--,A,,
4354,C--,C--,6,A,"(0, 1, 5, 8)",Cad,C--,C--,A,,
4355,C--,C--,6,A,"(0, 1, 5, 8)",Cad,C--,C--,A,,
4356,C--,C--,6,A,"(0, 1, 5, 8)",Cad,C--,C--,A,,
4357,C--,C--,6,A,"(0, 1, 5, 8)",Cad,C--,C--,A,,
4358,C--,C--,6,A,"(0, 1, 5, 8)",Cad,C--,C--,A,,
4359,C--,C--,6,A,"(0, 1, 5, 8)",Cad,C--,C--,A,,
4360,C--,C--,6,A,"(0, 1, 5, 8)",Cad,C--,C--,A,,
4361,C--,C--,6,A,"(0, 1, 5, 8)",Cad,C--,C--,A,,
4362,C--,C--,6,A,"(0, 1, 5, 8)",Cad,C--,C--,A,,
4363,C--,C--,6,A,"(0, 1, 5, 8)",Cad,C--,C--,A,,
4364,C--,C--,6,A,"(0, 1, 5, 8)",Cad,C--,C--,A,,
4365,C--,C--,6,A,"(0, 1, 5, 8)",Cad,C--,C--,A,,
4366,C--,C--,6,A,"(0, 1, 5, 8)",Cad,C--,C--,A,,
4367,C--,C--,6,A,"(0, 1, 5, 8)",Cad,C--,C--,A,,
4368,C--,C--,6,A,"(0, 1, 5, 8)",Cad,C--,C--,A,,
4369,C--,C--,6,A,"(0, 1, 5, 8)",Cad,C--,C--,A,,
4370,C--,C--,6,A,"(0, 1, 5, 8)",Cad,C--,C--,A,,
4371,C--,C--,6,A,"(0, 1, 5, 8)",Cad,C--,C--,A,,
4372,C--,C--,6,A,"(0, 1, 5, 8)",Cad,C--,C--,A,,
4373,C--,C--,6,A,"(0, 1, 5, 8)",Cad,C--,C--,A,,
4374,C--,C--,6,A,"(0, 1, 5, 8)",Cad,C--,C--,A,,
4375,C--,C--,6,A,"(0, 1, 5, 8)",Cad,C--,C--,A,,
4376,C--,C--,6,A,"(0, 1, 5, 8)",Cad,C--,C--,A,,
4377,C--,C--,6,A,"(0, 1, 5, 8)",Cad,C--,C--,A,,
4378,C--,C--,6,A,"(0, 1, 5, 8)",Cad,C--,C--,A,,
4379,C--,C--,6,A,"(0, 1, 5, 8)",Cad,C--,C--,A,,
4380,C--,C--,6,A,"(0, 1, 5, 8)",Cad,C--,C--,A,,
4381,C--,C--,6,A,"(0, 1, 5, 8)",Cad,C--,C--,A,,
4382,C--,C--,6,A,"(0, 1, 5, 8)",Cad,C--,C--,A,,
4383,C--,C--,6,A,"(0, 1, 5, 8)",Cad,C--,C--,A,,
4384,C--,C--,6,A,"(0, 1, 5, 8)",Cad,C--,C--,A,,
4385,C--,C--,6,A,"(0, 1, 5, 8)",Cad,C--,C--,A,,
4386,C--,C--,6,A,"(0, 1, 5, 8)",Cad,C--,C--,A,,
4387,C--,C--,6,A,"(0, 1, 5, 8)",Cad,C--,C--,A,,
4388,C--,C--,6,A,"(0, 1, 5, 8)",Cad,C--,C--,A,,
4389,C--,C--,6,A,"(0, 1, 5, 8)",Cad,C--,C--,A,,
4390,C--,C--,6,A,"(0, 1, 5, 8)",Cad,C--,C--,A,,
4391,C--,C--,6,A,"(0, 1, 5, 8)",Cad,C--,C--,A,,
4392,C--,C--,6,A,"(0, 1, 5, 8)",Cad,C--,C--,A,,
4393,C--,C--,6,A,"(0, 1, 5, 8)",Cad,C--,C--,A,,
4394,C--,C--,6,A,"(0, 1, 5, 8)",Cad,C--,C--,A,,
4395,C--,C--,6,A,"(0, 1, 5, 8)",Cad,C--,C--,A,,
4396,C--,C--,6,A,"(0, 1, 5, 8)",Cad,C--,C--,A,,
4397,C--,C--,6,A,"(0, 1, 5, 8)",Cad,C--,C--,A,,
4398,C--,C--,6,A,"(0, 1, 5, 8)",Cad,C--,C--,A,,
4399,C--,C--,6,A,"(0, 1, 5, 8)",Cad,C--,C--,A,,
4400,C--,C--,6,A,"(0, 1, 5, 8)",Cad,C--,C--,A,,
4401,C--,C--,6,A,"(0, 1, 5, 8)",Cad,C--,C--,A,,
4402,C--,C--,6,A,"(0, 1, 5, 8)",Cad,C--,C--,A,,
4403,C--,C--,6,A,"(0, 1, 5, 8)",Cad,C--,C--,A,,
4404,C--,C--,6,A,"(0, 1, 5, 8)",Cad,C--,C--,A,,
4405,C--,C--,6,A,"(0, 1, 5, 8)",Cad,C--,C--,A,,
4406,C--,C--,6,A,"(0, 1, 5, 8)",Cad,C--,C--,A,,
4407,C--,C--,6,A,"(0, 1, 5, 8)",Cad,C--,C--,A,,
4408,C--,C--,6,A,"(0, 1, 5, 8)",Cad,C--,C--,A,,
4409,C--,C--,6,A,"(0, 1, 5, 8)",Cad,C--,C--,A,,
4410,C--,C--,6,A,"(0, 1, 5, 8)",Cad,C--,C--,A,,
4411,C--,C--,6,A,"(0, 1, 5, 8)",Cad,C--,C--,A,,
4412,C--,C--,6,A,"(0, 1, 5, 8)",Cad,C--,C--,A,,
4413,C--,C--,6,A,"(0, 1, 5, 8)",Cad,C--,C--,A,,
4414,C--,C--,6,A,"(0, 1, 5, 8)",Cad,C--,C--,A,,
4415,C--,C--,6,A,"(0, 1, 5, 8)",Cad,C--,C--,A,,
4416,C--,C--,6,A,"(0, 1, 5, 8)",Cad,C--,C--,A,,
4417,C--,C--,6,A,"(0, 1, 5, 8)",Cad,C--,C--,A,,
4418,C--,C--,6,A,"(0, 1, 5, 8)",Cad,C--,C--,A,,
4419,C--,C--,6,A,"(0, 1, 5, 8)",Cad,C--,C--,A,,
4420,C--,C--,6,A,"(0, 1, 5, 8)",Cad,C--,C--,A,,
4421,C--,C--,6,A,"(0, 1, 5, 8)",Cad,C--,C--,A,,
4422,C--,C--,6,A,"(0, 1, 5, 8)",Cad,C--,C--,A,,
4423,C--,C--,6,A,"(0, 1, 5, 8)",Cad,C--,C--,A,,
4424,C--,C--,6,A,"(0, 1, 5, 8)",Cad,C--,C--,A,,
4425,C--,C--,6,A,"(0, 1, 5, 8)",Cad,C--,C--,A,,
4426,C--,C--,6,A,"(0, 1, 5, 8)",Cad,C--,C--,A,,
4427,C--,C--,6,A,"(0, 1, 5, 8)",Cad,C--,C--,A,,
4428,C--,C--,6,A,"(0, 1, 5, 8)",Cad,C--,C--,A,,
4429,C--,C--,6,A,"(0, 1, 5, 8)",Cad,C--,C--,A,,
4430,C--,C--,6,A,"(0, 1, 5, 8)",Cad,C--,C--,A,,
4431,C--,C--,6,A,"(0, 1, 5, 8)",Cad,C--,C--,A,,
4432,C--,C--,6,A,"(0, 1, 5, 8)",Cad,C--,C--,A,,
4433,C--,C--,6,A,"(0, 1, 5, 8)",Cad,C--,C--,A,,
4434,C--,C--,6,A,"(0, 1, 5, 8)",Cad,C--,C--,A,,
4435,C--,C--,6,A,"(0, 1, 5, 8)",Cad,C--,C--,A,,
4436,C--,C--,6,A,"(0, 1, 5, 8)",Cad,C--,C--,A,,
4437,C--,C--,6,A,"(0, 1, 5, 8)",Cad,C--,C--,A,,
4438,C--,C--,6,A,"(0, 1, 5, 8)",Cad,C--,C--,A,,
4439,C--,C--,6,A,"(0, 1, 5, 8)",Cad,C--,C--,A,,
4440,C--,C--,6,A,"(0, 1, 5, 8)",Cad,C--,C--,A,,
4441,C--,C--,6,A,"(0, 1, 5, 8)",Cad,C--,C--,A,,
4442,C--,C--,6,A,"(0, 1, 5, 8)",Cad,C--,C--,A,,
4443,C--,C--,6,A,"(0, 1, 5, 8)",Cad,C--,C--,A,,
4444,C--,C--,6,A,"(0, 1, 5, 8)",Cad,C--,C--,A,,
4445,C--,C--,6,A,"(0, 1, 5, 8)",Cad,C--,C--,A,,
4446,C--,C--,6,A,"(0, 1, 5, 8)",Cad,C--,C--,A,,
4447,C--,C--,6,A,"(0, 1, 5, 8)",Cad,C--,C--,A,,
4448,C--,C--,6,A,"(0, 1, 5, 8)",Cad,C--,C--,A,,
4449,C--,C--,6,A,"(0, 1, 5, 8)",Cad,C--,C--,A,,
4450,C--,C--,6,A,"(0, 1, 5, 8)",Cad,C--,C--,A,,
4451,C--,C--,6,A,"(0, 1, 5, 8)",Cad,C--,C--,A,,
4452,C--,C--,6,A,"(0, 1, 5, 8)",Cad,C--,C--,A,,
4453,C--,C--,6,A,"(0, 1, 5, 8)",Cad,C--,C--,A,,
4454,C--,C--,6,A,"(0, 1, 5, 8)",Cad,C--,C--,A,,
4455,C--,C--,6,A,"(0, 1, 5, 8)",Cad,C--,C--,A,,
4456,C--,C--,6,A,"(0, 1, 5, 8)",Cad,C--,C--,A,,
4457,C--,C--,6,A,"(0, 1, 5, 8)",Cad,C--,C--,A,,
4458,C--,C--,6,A,"(0, 1, 5, 8)",Cad,C--,C--,A,,
4459,C--,C--,6,A,"(0, 1, 5, 8)",Cad,C--,C--,A,,
4460,C--,C--,6,A,"(0, 1, 5, 8)",Cad,C--,C--,A,,
4461,C--,C--,6,A,"(0, 1, 5, 8)",Cad,C--,C--,A,,
4462,C--,C--,6,A,"(0, 1, 5, 8)",Cad,C--,C--,A,,
4463,C--,C--,6,A,"(0, 1, 5, 8)",Cad,C--,C--,A,,
4464,C--,C--,6,A,"(0, 1, 5, 8)",Cad,C--,C--,A,,
4465,C--,C--,6,A,"(0, 1, 5, 8)",Cad,C--,C--,A,,
4466,C--,C--,6,A,"(0, 1, 5, 8)",Cad,C--,C--,A,,
4467,C--,C--,6,A,"(0, 1, 5, 8)",Cad,C--,C--,A,,
4468,C--,C--,6,A,"(0, 1, 5, 8)",Cad,C--,C--,A,,
4469,C--,C--,6,A,"(0, 1, 5, 8)",Cad,C--,C--,A,,
4470,C--,C--,6,A,"(0, 1, 5, 8)",Cad,C--,C--,A,,
4471,C--,C--,6,A,"(0, 1, 5, 8)",Cad,C--,C--,A,,
4472,C--,C--,6,A,"(0, 1, 5, 8)",Cad,C--,C--,A,,
4473,C--,C--,6,A,"(0, 1, 5, 8)",Cad,C--,C--,A,,
4474,C--,C--,6,A,"(0, 1, 5, 8)",Cad,C--,C--,A,,
4475,C--,C--,6,A,"(0, 1, 5, 8)",Cad,C--,C--,A,,
4476,C--,C--,6,A,"(0, 1, 5, 8)",Cad,C--,C--,A,,
4477,C--,C--,6,A,"(0, 1, 5, 8)",Cad,C--,C--,A,,
4478,C--,C--,6,A,"(0, 1, 5, 8)",Cad,C--,C--,A,,
4479,C--,C--,6,A,"(0, 1, 5, 8)",Cad,C--,C--,A,,
