,Alto35,Bass35,HarmonicRhythm7,LocalKey38,PitchClassSet121,RomanNumeral31,Soprano35,Tenor35,TonicizedKey38,offset,measure
0,B,E,0,A,"(4, 8, 11)",V,E,G#,A,0.0,1.0
1,B,E,1,A,"(4, 8, 11)",V,E,G#,A,0.125,1.0
2,B,E,2,A,"(4, 8, 11)",V,E,G#,A,0.25,1.0
3,B,E,2,A,"(4, 8, 11)",V,E,G#,A,0.375,1.0
4,B,E,3,A,"(4, 8, 11)",V,E,G#,A,0.5,1.0
5,B,E,3,A,"(4, 8, 11)",V,E,G#,A,0.625,1.0
6,B,E,3,A,"(4, 8, 11)",V,E,G#,A,0.75,1.0
7,B,E,3,A,"(4, 8, 11)",V,E,G#,A,0.875,1.0
8,B,E,4,A,"(4, 8, 11)",V,E,G#,A,1.0,1.0
9,B,E,4,A,"(4, 8, 11)",V,E,G#,A,1.125,1.0
10,B,E,4,A,"(4, 8, 11)",V,E,G#,A,1.25,1.0
11,B,E,4,A,"(4, 8, 11)",V,E,G#,A,1.375,1.0
12,B,E,4,A,"(4, 8, 11)",V,E,G#,A,1.5,1.0
13,B,E,4,A,"(4, 8, 11)",V,E,G#,A,1.625,1.0
14,B,E,4,A,"(4, 8, 11)",V,E,G#,A,1.75,1.0
15,B,E,4,A,"(4, 8, 11)",V,E,G#,A,1.875,1.0
16,E,A,0,A,"(1, 4, 9)",I,A,C#,A,2.0,2.0
17,E,A,1,A,"(1, 4, 9)",I,A,C#,A,2.125,2.0
18,E,A,2,A,"(1, 4, 9)",I,A,C#,A,2.25,2.0
19,E,A,2,A,"(1, 4, 9)",I,A,C#,A,2.375,2.0
20,E,A,3,A,"(1, 4, 9)",I,A,C#,A,2.5,2.0
21,E,A,3,A,"(1, 4, 9)",I,A,C#,A,2.625,2.0
22,E,A,3,A,"(1, 4, 9)",I,A,C#,A,2.75,2.0
23,E,A,3,A,"(1, 4, 9)",I,A,C#,A,2.875,2.0
24,E,A,4,A,"(1, 4, 9)",I,A,C#,A,3.0,2.0
25,E,A,4,A,"(1, 4, 9)",I,A,C#,A,3.125,2.0
26,E,A,4,A,"(1, 4, 9)",I,A,C#,A,3.25,2.0
27,E,A,4,A,"(1, 4, 9)",I,A,C#,A,3.375,2.0
28,A,D,4,A,"(1, 4, 9)",IV,D,D,A,3.5,2.0
29,A,D,4,A,"(1, 4, 9)",IV,D,D,A,3.625,2.0
30,A,D,4,A,"(1, 4, 9)",IV,D,D,A,3.75,2.0
31,A,D,4,A,"(1, 4, 9)",IV,D,D,A,3.875,2.0
32,D,G#,0,A,"(2, 4, 8, 11)",V7,E,B,A,4.0,3.0
33,D,G#,1,A,"(2, 4, 8, 11)",V7,E,B,A,4.125,3.0
34,D,G#,2,A,"(2, 4, 8, 11)",V7,E,B,A,4.25,3.0
35,D,G#,2,A,"(2, 4, 8, 11)",V7,E,B,A,4.375,3.0
36,D,G#,3,A,"(2, 4, 8, 11)",V7,E,B,A,4.5,3.0
37,D,G#,3,A,"(2, 4, 8, 11)",V7,E,B,A,4.625,3.0
38,D,G#,3,A,"(2, 4, 8, 11)",V7,E,B,A,4.75,3.0
39,D,G#,3,A,"(2, 4, 8, 11)",V7,E,B,A,4.875,3.0
40,D,G#,4,A,"(2, 4, 8, 11)",V7,E,B,A,5.0,3.0
41,D,G#,4,A,"(2, 4, 8, 11)",V7,E,B,A,5.125,3.0
42,D,G#,4,A,"(2, 4, 8, 11)",V7,E,B,A,5.25,3.0
43,D,G#,4,A,"(2, 4, 8, 11)",V7,E,B,A,5.375,3.0
44,D,G#,4,A,"(2, 4, 8, 11)",V7,E,B,A,5.5,3.0
45,D,G#,4,A,"(2, 4, 8, 11)",V7,E,B,A,5.625,3.0
46,D,G#,4,A,"(2, 4, 8, 11)",V7,E,B,A,5.75,3.0
47,D,G#,4,A,"(2, 4, 8, 11)",V7,E,B,A,5.875,3.0
48,E,A,0,A,"(1, 4, 9)",I,A,C#,A,6.0,4.0
49,E,A,1,A,"(1, 4, 9)",I,A,C#,A,6.125,4.0
50,E,A,2,A,"(1, 4, 9)",I,A,C#,A,6.25,4.0
51,E,A,2,A,"(1, 4, 9)",I,A,C#,A,6.375,4.0
52,E,A,3,A,"(1, 4, 9)",I,A,C#,A,6.5,4.0
53,E,A,3,A,"(1, 4, 9)",I,A,C#,A,6.625,4.0
54,E,A,3,A,"(1, 4, 9)",I,A,C#,A,6.75,4.0
55,E,A,3,A,"(1, 4, 9)",I,A,C#,A,6.875,4.0
56,E,B,0,A,"(2, 4, 8, 11)",V7,G#,D,A,7.0,4.0
57,E,B,1,A,"(2, 8, 11)",V7,G#,D,A,7.125,4.0
58,E,B,2,A,"(2, 8, 11)",V7,G#,D,A,7.25,4.0
59,E,B,2,A,"(2, 8, 11)",V7,G#,D,A,7.375,4.0
60,E,A,0,A,"(1, 4, 9)",I,A,C#,A,7.5,4.0
61,E,A,1,A,"(1, 4, 9)",I,A,C#,A,7.625,4.0
62,E,A,2,A,"(1, 4, 9)",I,A,C#,A,7.75,4.0
63,E,A,2,A,"(1, 4, 9)",I,A,C#,A,7.875,4.0
64,C#,E,0,A,"(1, 4, 9)",I,E,G#,A,8.0,5.0
65,C#,E,1,A,"(1, 4, 9)",I,E,G#,A,8.125,5.0
66,C#,E,2,A,"(1, 4, 9)",I,E,G#,A,8.25,5.0
67,C#,E,2,A,"(1, 4, 9)",I,E,G#,A,8.375,5.0
68,B,E,3,A,"(4, 8, 11)",V,E,G#,A,8.5,5.0
69,B,E,3,A,"(4, 8, 11)",V,E,G#,A,8.625,5.0
70,B,E,3,A,"(4, 8, 11)",V,E,G#,A,8.75,5.0
71,B,E,3,A,"(4, 8, 11)",V,E,G#,A,8.875,5.0
72,B,E,4,A,"(4, 8, 11)",V,E,G#,A,9.0,5.0
73,B,E,4,A,"(4, 8, 11)",V,E,G#,A,9.125,5.0
74,B,E,4,A,"(4, 8, 11)",V,E,G#,A,9.25,5.0
75,B,E,4,A,"(4, 8, 11)",V,E,G#,A,9.375,5.0
76,B,E,4,A,"(4, 8, 11)",V,E,G#,A,9.5,5.0
77,B,E,4,A,"(4, 8, 11)",V,E,G#,A,9.625,5.0
78,B,E,4,A,"(4, 8, 11)",V,E,G#,A,9.75,5.0
79,B,E,4,A,"(4, 8, 11)",V,E,G#,A,9.875,5.0
80,E,A,0,A,"(1, 4, 9)",I,A,C#,A,10.0,6.0
81,E,A,1,A,"(1, 4, 9)",I,A,C#,A,10.125,6.0
82,E,A,2,A,"(1, 4, 9)",I,A,C#,A,10.25,6.0
83,E,A,2,A,"(1, 4, 9)",I,A,C#,A,10.375,6.0
84,E,A,3,A,"(1, 4, 9)",I,A,C#,A,10.5,6.0
85,E,A,3,A,"(1, 4, 9)",I,A,C#,A,10.625,6.0
86,E,A,3,A,"(1, 4, 9)",I,A,C#,A,10.75,6.0
87,E,A,3,A,"(1, 4, 9)",I,A,C#,A,10.875,6.0
88,E,A,4,A,"(1, 4, 9)",I,A,C#,A,11.0,6.0
89,E,A,4,A,"(1, 4, 9)",I,A,C#,A,11.125,6.0
90,E,A,4,A,"(1, 4, 9)",I,A,C#,A,11.25,6.0
91,E,A,4,A,"(1, 4, 9)",I,A,C#,A,11.375,6.0
92,A,D,4,A,"(2, 6, 9)",IV,D,F#,A,11.5,6.0
93,A,D,4,A,"(2, 6, 9)",IV,D,F#,A,11.625,6.0
94,A,D,4,A,"(2, 6, 9)",IV,D,F#,A,11.75,6.0
95,A,D,2,A,"(2, 6, 9)",IV,D,F#,A,11.875,6.0
96,D,G#,0,A,"(2, 4, 8, 11)",V7,E,B,A,12.0,7.0
97,D,G#,1,A,"(2, 4, 8, 11)",V7,E,B,A,12.125,7.0
98,D,G#,2,A,"(2, 4, 8, 11)",V7,E,B,A,12.25,7.0
99,D,G#,2,A,"(2, 4, 8, 11)",V7,E,B,A,12.375,7.0
100,D,G#,3,A,"(2, 4, 8, 11)",V7,E,B,A,12.5,7.0
101,D,G#,3,A,"(2, 4, 8, 11)",V7,E,B,A,12.625,7.0
102,D,G#,3,A,"(2, 4, 8, 11)",V7,E,B,A,12.75,7.0
103,D,G#,3,A,"(2, 4, 8, 11)",V7,E,B,A,12.875,7.0
104,D,G#,4,A,"(2, 4, 8, 11)",V7,E,B,A,13.0,7.0
105,D,G#,4,A,"(2, 4, 8, 11)",V7,E,B,A,13.125,7.0
106,D,G#,4,A,"(2, 4, 8, 11)",V7,E,B,A,13.25,7.0
107,D,G#,4,A,"(2, 4, 8, 11)",V7,E,B,A,13.375,7.0
108,D,G#,4,A,"(2, 4, 8, 11)",V7,E,B,A,13.5,7.0
109,D,G#,4,A,"(2, 4, 8, 11)",V7,E,B,A,13.625,7.0
110,D,G#,4,A,"(2, 4, 8, 11)",V7,E,B,A,13.75,7.0
111,D,G#,4,A,"(2, 4, 8, 11)",V7,E,B,A,13.875,7.0
112,E,A,0,A,"(1, 4, 9)",I,A,C#,A,14.0,8.0
113,E,A,1,A,"(1, 4, 9)",I,A,C#,A,14.125,8.0
114,E,A,2,A,"(1, 4, 9)",I,A,C#,A,14.25,8.0
115,E,A,2,A,"(1, 4, 9)",I,A,C#,A,14.375,8.0
116,E,A,3,A,"(1, 4, 9)",I,A,C#,A,14.5,8.0
117,E,A,3,A,"(1, 4, 9)",I,A,C#,A,14.625,8.0
118,E,A,3,A,"(1, 4, 9)",I,A,C#,A,14.75,8.0
119,E,A,3,A,"(1, 4, 9)",I,A,C#,A,14.875,8.0
120,E,B,0,A,"(2, 4, 8, 11)",V7,G#,D,A,15.0,8.0
121,E,B,1,A,"(2, 8, 11)",V7,G#,D,A,15.125,8.0
122,E,B,2,A,"(2, 8, 11)",V7,G#,D,A,15.25,8.0
123,E,B,2,A,"(2, 8, 11)",V7,G#,D,A,15.375,8.0
124,E,A,0,A,"(1, 4, 9)",I,A,C#,A,15.5,8.0
125,E,A,1,A,"(1, 4, 9)",I,A,C#,A,15.625,8.0
126,E,A,2,A,"(1, 4, 9)",I,A,C#,A,15.75,8.0
127,E,A,2,A,"(1, 4, 9)",I,A,C#,A,15.875,8.0
128,C#,E,0,A,"(1, 4, 9)",I,A,A,A,16.0,9.0
129,C#,E,1,A,"(1, 4, 9)",I,A,A,A,16.125,9.0
130,C#,E,2,A,"(1, 4, 9)",I,A,A,A,16.25,9.0
131,C#,E,2,A,"(1, 4, 9)",I,A,A,A,16.375,9.0
132,B,E,3,A,"(4, 8, 11)",V,E,G#,A,16.5,9.0
133,B,E,3,A,"(4, 8, 11)",V,E,G#,A,16.625,9.0
134,B,E,2,A,"(4, 8, 11)",V,E,G#,A,16.75,9.0
135,B,E,2,A,"(4, 8, 11)",V,E,G#,A,16.875,9.0
136,B,E,4,A,"(4, 8, 11)",V,E,G#,A,17.0,9.0
137,B,E,4,A,"(4, 8, 11)",V,E,G#,A,17.125,9.0
138,B,E,4,A,"(4, 8, 11)",V,E,G#,A,17.25,9.0
139,B,E,4,A,"(4, 8, 11)",V,E,G#,A,17.375,9.0
140,B,E,4,A,"(4, 8, 11)",V,E,G#,A,17.5,9.0
141,B,E,4,A,"(4, 8, 11)",V,E,G#,A,17.625,9.0
142,B,E,4,A,"(4, 8, 11)",V,E,G#,A,17.75,9.0
143,B,E,4,A,"(4, 8, 11)",V,E,G#,A,17.875,9.0
144,B,D#,0,A,"(3, 6, 11)",V,B,F#,E,18.0,10.0
145,B,D#,1,A,"(3, 6, 11)",V,B,F#,E,18.125,10.0
146,B,D#,2,A,"(3, 6, 11)",V,B,F#,E,18.25,10.0
147,B,D#,2,A,"(3, 6, 11)",V,B,F#,E,18.375,10.0
148,B,D#,3,A,"(3, 6, 11)",V,B,F#,E,18.5,10.0
149,B,D#,3,A,"(3, 6, 11)",V,B,F#,E,18.625,10.0
150,B,D#,3,A,"(3, 6, 11)",V,B,F#,E,18.75,10.0
151,B,D#,3,A,"(3, 6, 11)",V,B,F#,E,18.875,10.0
152,B,D#,4,A,"(3, 6, 11)",V,B,F#,E,19.0,10.0
153,B,D#,4,A,"(3, 6, 11)",V,B,F#,E,19.125,10.0
154,B,D#,4,A,"(3, 6, 11)",V,B,F#,E,19.25,10.0
155,B,D#,4,A,"(3, 6, 11)",V,B,F#,E,19.375,10.0
156,B,D#,4,A,"(3, 6, 11)",V,B,F#,E,19.5,10.0
157,B,D#,4,A,"(3, 6, 11)",V,B,F#,E,19.625,10.0
158,B,D#,4,A,"(3, 6, 11)",V,B,F#,E,19.75,10.0
159,B,D#,4,A,"(3, 6, 11)",V,B,F#,E,19.875,10.0
160,B,E,0,A,"(4, 8, 11)",V,E,G#,A,20.0,11.0
161,B,E,1,A,"(4, 8, 11)",V,E,G#,A,20.125,11.0
162,B,E,2,A,"(4, 8, 11)",V,E,G#,A,20.25,11.0
163,B,E,2,A,"(4, 8, 11)",V,E,G#,A,20.375,11.0
164,B,E,3,A,"(4, 8, 11)",V,E,G#,A,20.5,11.0
165,B,E,3,A,"(4, 8, 11)",V,E,G#,A,20.625,11.0
166,B,E,3,A,"(4, 8, 11)",V,E,G#,A,20.75,11.0
167,B,E,3,A,"(4, 8, 11)",V,E,G#,A,20.875,11.0
168,B,E,4,A,"(4, 8, 11)",V,E,G#,A,21.0,11.0
169,B,E,4,A,"(4, 8, 11)",V,E,G#,A,21.125,11.0
170,B,E,4,A,"(4, 8, 11)",V,E,G#,A,21.25,11.0
171,B,E,4,A,"(4, 8, 11)",V,E,G#,A,21.375,11.0
172,B,E,4,A,"(4, 8, 11)",V,E,G#,A,21.5,11.0
173,B,E,4,A,"(4, 8, 11)",V,E,G#,A,21.625,11.0
174,B,E,4,A,"(4, 8, 11)",V,E,G#,A,21.75,11.0
175,B,E,4,A,"(4, 8, 11)",V,E,G#,A,21.875,11.0
176,B,D#,0,A,"(3, 6, 11)",V,B,F#,E,22.0,12.0
177,B,D#,1,A,"(3, 6, 11)",V,B,F#,E,22.125,12.0
178,B,D#,2,A,"(3, 6, 11)",V,B,F#,E,22.25,12.0
179,B,D#,2,A,"(3, 6, 11)",V,B,F#,E,22.375,12.0
180,B,D#,3,A,"(3, 6, 11)",V,B,F#,E,22.5,12.0
181,B,D#,3,A,"(3, 6, 11)",V,B,F#,E,22.625,12.0
182,B,D#,3,A,"(3, 6, 11)",V,B,F#,E,22.75,12.0
183,B,D#,3,A,"(3, 6, 11)",V,B,F#,E,22.875,12.0
184,B,D#,4,A,"(3, 6, 11)",V,B,F#,E,23.0,12.0
185,B,D#,4,A,"(3, 6, 11)",V,B,F#,E,23.125,12.0
186,B,D#,4,A,"(3, 6, 11)",V,B,F#,E,23.25,12.0
187,B,D#,4,A,"(3, 6, 11)",V,B,F#,E,23.375,12.0
188,B,D#,4,A,"(3, 6, 11)",V,B,F#,E,23.5,12.0
189,B,D#,4,A,"(3, 6, 11)",V,B,F#,E,23.625,12.0
190,B,D#,4,A,"(3, 6, 11)",V,B,F#,E,23.75,12.0
191,B,D#,4,A,"(3, 6, 11)",V,B,F#,E,23.875,12.0
192,B,E,0,A,"(4, 8, 11)",V,E,G#,A,24.0,13.0
193,B,E,1,A,"(4, 8, 11)",V,E,G#,A,24.125,13.0
194,B,E,2,A,"(4, 8, 11)",V,E,G#,A,24.25,13.0
195,B,E,2,A,"(4, 8, 11)",V,E,G#,A,24.375,13.0
196,B,E,3,A,"(4, 8, 11)",V,E,G#,A,24.5,13.0
197,B,E,3,A,"(4, 8, 11)",V,E,G#,A,24.625,13.0
198,B,E,3,A,"(4, 8, 11)",V,E,G#,A,24.75,13.0
199,B,E,3,A,"(4, 8, 11)",V,E,G#,A,24.875,13.0
200,B,E,4,A,"(4, 8, 11)",V,E,G#,A,25.0,13.0
201,B,E,4,A,"(4, 8, 11)",V,E,G#,A,25.125,13.0
202,B,E,4,A,"(4, 8, 11)",V,E,G#,A,25.25,13.0
203,B,E,4,A,"(4, 8, 11)",V,E,G#,A,25.375,13.0
204,E,G#,4,A,"(4, 8, 11)",V,E,B,A,25.5,13.0
205,E,G#,4,A,"(4, 8, 11)",V,E,B,A,25.625,13.0
206,E,G#,4,A,"(4, 8, 11)",V,E,B,A,25.75,13.0
207,E,G#,4,A,"(4, 8, 11)",V,E,B,A,25.875,13.0
208,E,A,0,A,"(1, 4, 9)",I,A,C#,A,26.0,14.0
209,E,A,1,A,"(1, 4, 9)",I,A,C#,A,26.125,14.0
210,E,A,2,A,"(1, 4, 9)",I,A,C#,A,26.25,14.0
211,E,A,2,A,"(1, 4, 9)",I,A,C#,A,26.375,14.0
212,E,A,3,A,"(1, 4, 9)",I,A,C#,A,26.5,14.0
213,E,A,3,A,"(1, 4, 9)",I,A,C#,A,26.625,14.0
214,E,A,3,A,"(1, 4, 9)",I,A,C#,A,26.75,14.0
215,E,A,3,A,"(1, 4, 9)",I,A,C#,A,26.875,14.0
216,F#,B,4,A,"(3, 6, 11)",V,B,D#,E,27.0,14.0
217,F#,B,1,A,"(3, 6, 11)",V,B,D#,E,27.125,14.0
218,F#,B,2,A,"(3, 6, 11)",V,B,D#,E,27.25,14.0
219,F#,B,2,A,"(3, 6, 11)",V,B,D#,E,27.375,14.0
220,F#,B,3,A,"(3, 6, 11)",V,B,D#,E,27.5,14.0
221,F#,B,3,A,"(3, 6, 11)",V,B,D#,E,27.625,14.0
222,F#,B,3,A,"(3, 6, 11)",V,B,D#,E,27.75,14.0
223,F#,B,3,A,"(3, 6, 11)",V,B,D#,E,27.875,14.0
224,E,G#,0,A,"(4, 8, 11)",V,E,B,A,28.0,15.0
225,E,G#,1,A,"(4, 8, 11)",V,E,B,A,28.125,15.0
226,E,G#,2,A,"(4, 8, 11)",V,E,B,A,28.25,15.0
227,E,G#,2,A,"(4, 8, 11)",V,E,B,A,28.375,15.0
228,E,G#,3,A,"(4, 8, 11)",V,E,B,A,28.5,15.0
229,E,G#,3,A,"(4, 8, 11)",V,E,B,A,28.625,15.0
230,E,G#,3,A,"(4, 8, 11)",V,E,B,A,28.75,15.0
231,E,G#,3,A,"(4, 8, 11)",V,E,B,A,28.875,15.0
232,E,G#,4,A,"(4, 8, 11)",V,E,B,A,29.0,15.0
233,E,G#,4,A,"(4, 8, 11)",V,E,B,A,29.125,15.0
234,E,G#,4,A,"(4, 8, 11)",V,E,B,A,29.25,15.0
235,E,G#,4,A,"(4, 8, 11)",V,E,B,A,29.375,15.0
236,E,G#,4,A,"(4, 8, 11)",V,E,B,A,29.5,15.0
237,E,G#,4,A,"(4, 8, 11)",V,E,B,A,29.625,15.0
238,E,G#,4,A,"(4, 8, 11)",V,E,B,A,29.75,15.0
239,E,G#,4,A,"(4, 8, 11)",V,E,B,A,29.875,15.0
240,E,A,0,A,"(1, 4, 9)",I,A,C#,A,30.0,16.0
241,E,A,1,A,"(1, 4, 9)",I,A,C#,A,30.125,16.0
242,E,A,2,A,"(1, 4, 9)",I,A,C#,A,30.25,16.0
243,E,A,2,A,"(1, 4, 9)",I,A,C#,A,30.375,16.0
244,E,A,3,A,"(1, 4, 9)",I,A,C#,A,30.5,16.0
245,E,A,3,A,"(1, 4, 9)",I,A,C#,A,30.625,16.0
246,E,A,3,A,"(1, 4, 9)",I,A,C#,A,30.75,16.0
247,E,A,3,A,"(1, 4, 9)",I,A,C#,A,30.875,16.0
248,F#,B,0,A,"(3, 6, 11)",V,B,D#,E,31.0,16.0
249,F#,B,1,A,"(3, 6, 11)",V,B,D#,E,31.125,16.0
250,F#,B,2,A,"(3, 6, 11)",V,B,D#,E,31.25,16.0
251,F#,B,2,A,"(3, 6, 11)",V,B,D#,E,31.375,16.0
252,F#,B,3,A,"(3, 6, 11)",V,B,D#,E,31.5,16.0
253,F#,B,3,A,"(3, 6, 11)",V,B,D#,E,31.625,16.0
254,F#,B,3,A,"(3, 6, 11)",V,B,D#,E,31.75,16.0
255,F#,B,3,A,"(3, 6, 11)",V,B,D#,E,31.875,16.0
256,E,G#,0,A,"(4, 8, 11)",V,E,B,A,32.0,17.0
257,E,G#,1,A,"(4, 8, 11)",V,E,B,A,32.125,17.0
258,E,G#,2,A,"(4, 8, 11)",V,E,B,A,32.25,17.0
259,E,G#,2,A,"(4, 8, 11)",V,E,B,A,32.375,17.0
260,E,G#,3,A,"(4, 8, 11)",V,E,B,A,32.5,17.0
261,E,G#,3,A,"(4, 8, 11)",V,E,B,A,32.625,17.0
262,E,G#,3,A,"(4, 8, 11)",V,E,B,A,32.75,17.0
263,E,G#,3,A,"(4, 8, 11)",V,E,B,A,32.875,17.0
264,E,G#,4,A,"(4, 8, 11)",V,E,B,A,33.0,17.0
265,B,G#,4,A,"(4, 8, 11)",V,E,B,A,33.125,17.0
266,E,G#,4,A,"(4, 8, 11)",V,E,B,A,33.25,17.0
267,E,G#,4,A,"(4, 8, 11)",V,E,B,A,33.375,17.0
268,E,G#,4,A,"(4, 8, 11)",V,E,B,A,33.5,17.0
269,E,G#,4,A,"(4, 8, 11)",V,E,B,A,33.625,17.0
270,E,G#,4,A,"(4, 8, 11)",V,E,B,A,33.75,17.0
271,E,G#,4,A,"(4, 8, 11)",V,E,B,A,33.875,17.0
272,E,A,0,A,"(1, 4, 9)",I,A,C#,A,34.0,18.0
273,E,A,1,A,"(1, 4, 9)",I,A,C#,A,34.125,18.0
274,E,A,2,A,"(1, 4, 9)",I,A,C#,A,34.25,18.0
275,E,A,2,A,"(1, 4, 9)",I,A,C#,A,34.375,18.0
276,E,A,3,A,"(1, 4, 9)",I,A,C#,A,34.5,18.0
277,E,A,3,A,"(1, 4, 9)",I,A,C#,A,34.625,18.0
278,E,A,3,A,"(1, 4, 9)",I,A,C#,A,34.75,18.0
279,E,A,3,A,"(1, 4, 9)",I,A,C#,A,34.875,18.0
280,F#,B,0,A,"(3, 6, 11)",V,B,D#,E,35.0,18.0
281,F#,B,1,A,"(3, 6, 11)",V,B,D#,E,35.125,18.0
282,F#,B,2,A,"(3, 6, 11)",V,B,D#,E,35.25,18.0
283,F#,B,2,A,"(3, 6, 11)",V,B,D#,E,35.375,18.0
284,F#,B,3,A,"(3, 6, 11)",V,B,D#,E,35.5,18.0
285,F#,B,3,A,"(3, 6, 11)",V,B,D#,E,35.625,18.0
286,F#,B,3,A,"(3, 6, 11)",V,B,D#,E,35.75,18.0
287,F#,B,3,A,"(3, 6, 11)",V,B,D#,E,35.875,18.0
288,E,G#,0,A,"(4, 8, 11)",V,E,B,A,36.0,19.0
289,E,G#,1,A,"(4, 8, 11)",V,E,B,A,36.125,19.0
290,E,G#,2,A,"(4, 8, 11)",V,E,B,A,36.25,19.0
291,E,G#,2,A,"(4, 8, 11)",V,E,B,A,36.375,19.0
292,E,G#,3,A,"(4, 8, 11)",V,E,B,A,36.5,19.0
293,E,G#,3,A,"(4, 8, 11)",V,E,B,A,36.625,19.0
294,E,G#,3,A,"(4, 8, 11)",V,E,B,A,36.75,19.0
295,E,G#,3,A,"(4, 8, 11)",V,E,B,A,36.875,19.0
296,B,G#,4,A,"(4, 8, 11)",V,E,B,A,37.0,19.0
297,B,G#,4,A,"(4, 8, 11)",V,E,B,A,37.125,19.0
298,B,G#,4,A,"(4, 8, 11)",V,E,B,A,37.25,19.0
299,B,G#,4,A,"(4, 8, 11)",V,E,B,A,37.375,19.0
300,E,G#,4,A,"(4, 8, 11)",V,E,B,A,37.5,19.0
301,E,G#,4,A,"(4, 8, 11)",V,E,B,A,37.625,19.0
302,E,G#,4,A,"(4, 8, 11)",V,E,B,A,37.75,19.0
303,E,G#,4,A,"(4, 8, 11)",V,E,B,A,37.875,19.0
304,E,A,0,A,"(1, 4, 9)",I,A,C#,A,38.0,20.0
305,E,A,1,A,"(1, 4, 9)",I,A,C#,A,38.125,20.0
306,E,A,2,A,"(1, 4, 9)",I,A,C#,A,38.25,20.0
307,E,A,2,A,"(1, 4, 9)",I,A,C#,A,38.375,20.0
308,E,A,3,A,"(1, 4, 9)",I,A,C#,A,38.5,20.0
309,E,A,3,A,"(1, 4, 9)",I,A,C#,A,38.625,20.0
310,E,A,3,A,"(1, 4, 9)",I,A,C#,E,38.75,20.0
311,E,A,3,A,"(1, 4, 9)",I,A,C#,E,38.875,20.0
312,F#,B,0,A,"(3, 6, 11)",V,B,D#,E,39.0,20.0
313,F#,B,1,A,"(3, 6, 11)",V,B,D#,E,39.125,20.0
314,F#,B,2,A,"(3, 6, 11)",V,B,D#,E,39.25,20.0
315,F#,B,2,A,"(3, 6, 11)",V,B,D#,E,39.375,20.0
316,F#,B,3,A,"(3, 6, 11)",V,B,D#,E,39.5,20.0
317,F#,B,3,A,"(3, 6, 11)",V,B,D#,E,39.625,20.0
318,F#,B,3,A,"(3, 6, 11)",V,B,D#,E,39.75,20.0
319,F#,B,3,A,"(3, 6, 11)",V,B,D#,E,39.875,20.0
320,E,G#,0,A,"(4, 8, 11)",V,E,B,E,40.0,21.0
321,E,G#,1,A,"(4, 8, 11)",V,E,B,E,40.125,21.0
322,E,G#,2,A,"(4, 8, 11)",V,E,B,E,40.25,21.0
323,E,G#,2,A,"(4, 8, 11)",V,E,B,E,40.375,21.0
324,E,G#,3,A,"(4, 8, 11)",V,E,B,E,40.5,21.0
325,E,G#,3,A,"(4, 8, 11)",V,E,B,E,40.625,21.0
326,E,G#,3,A,"(4, 8, 11)",V,E,B,E,40.75,21.0
327,E,G#,3,A,"(4, 8, 11)",V,E,B,E,40.875,21.0
328,A,D#,0,A,"(3, 6, 9, 11)",V7,B,F#,E,41.0,21.0
329,A,D#,1,A,"(3, 6, 9, 11)",V7,B,F#,E,41.125,21.0
330,A,D#,2,A,"(3, 6, 9, 11)",V7,B,F#,E,41.25,21.0
331,A,D#,2,A,"(3, 6, 9, 11)",V7,B,F#,E,41.375,21.0
332,A,D#,3,A,"(3, 6, 9, 11)",V7,B,F#,E,41.5,21.0
333,A,D#,3,A,"(3, 6, 9, 11)",V7,B,F#,E,41.625,21.0
334,A,D#,3,A,"(3, 6, 9, 11)",V7,B,F#,E,41.75,21.0
335,A,D#,3,A,"(3, 6, 9, 11)",V7,B,F#,E,41.875,21.0
336,B,E,0,A,"(4, 8, 11)",V,E,G#,E,42.0,22.0
337,B,E,1,A,"(4, 8, 11)",V,E,G#,A,42.125,22.0
338,B,E,2,A,"(4, 8, 11)",V,E,G#,E,42.25,22.0
339,B,E,2,A,"(4, 8, 11)",V,E,G#,E,42.375,22.0
340,B,E,3,A,"(4, 8, 11)",V,E,G#,A,42.5,22.0
341,B,E,3,A,"(4, 8, 11)",V,E,G#,A,42.625,22.0
342,B,E,3,A,"(4, 8, 11)",V,E,G#,A,42.75,22.0
343,B,E,3,A,"(4, 8, 11)",V,E,G#,A,42.875,22.0
344,F#,B,0,A,"(3, 6, 11)",V,B,D#,E,43.0,22.0
345,F#,B,1,A,"(3, 6, 11)",V,B,D#,E,43.125,22.0
346,F#,B,2,A,"(3, 6, 11)",V,B,D#,E,43.25,22.0
347,F#,B,2,A,"(3, 6, 11)",V,B,D#,E,43.375,22.0
348,F#,B,3,A,"(3, 6, 11)",V,B,D#,E,43.5,22.0
349,F#,B,3,A,"(3, 6, 11)",V,B,D#,E,43.625,22.0
350,F#,B,3,A,"(3, 6, 11)",V,B,D#,E,43.75,22.0
351,F#,B,3,A,"(3, 6, 11)",V,B,D#,E,43.875,22.0
352,F#,B,0,A,"(3, 6, 11)",V,B,D#,E,44.0,23.0
353,F#,B,1,A,"(3, 6, 11)",V,B,D#,E,44.125,23.0
354,F#,B,2,A,"(3, 6, 11)",V,B,D#,E,44.25,23.0
355,F#,B,2,A,"(3, 6, 11)",V,B,D#,E,44.375,23.0
356,F#,B,3,A,"(3, 6, 11)",V,B,D#,E,44.5,23.0
357,F#,B,3,A,"(3, 6, 11)",V,B,D#,E,44.625,23.0
358,F#,B,3,A,"(3, 6, 11)",V,B,D#,E,44.75,23.0
359,F#,B,3,A,"(3, 6, 11)",V,B,D#,E,44.875,23.0
360,F#,B,4,A,"(3, 6, 11)",V,B,D#,E,45.0,23.0
361,F#,B,4,A,"(3, 6, 11)",V,B,D#,E,45.125,23.0
362,F#,B,4,A,"(3, 6, 11)",V,B,D#,E,45.25,23.0
363,F#,B,4,A,"(3, 6, 11)",V,B,D#,E,45.375,23.0
364,F#,B,4,A,"(3, 6, 11)",V,B,D#,E,45.5,23.0
365,F#,B,4,A,"(3, 6, 11)",V,B,D#,E,45.625,23.0
366,F#,B,4,A,"(3, 6, 11)",V,B,D#,E,45.75,23.0
367,F#,B,4,A,"(3, 6, 11)",V,B,D#,E,45.875,23.0
368,B,E,0,A,"(4, 8, 11)",V,E,G#,A,46.0,24.0
369,B,E,1,A,"(4, 8, 11)",V,E,G#,A,46.125,24.0
370,B,E,2,A,"(4, 8, 11)",V,E,G#,A,46.25,24.0
371,B,E,2,A,"(4, 8, 11)",V,E,G#,A,46.375,24.0
372,B,E,3,A,"(4, 8, 11)",V,E,G#,A,46.5,24.0
373,B,E,3,A,"(4, 8, 11)",V,E,G#,A,46.625,24.0
374,B,E,3,A,"(4, 8, 11)",V,E,G#,A,46.75,24.0
375,B,E,3,A,"(4, 8, 11)",V,E,G#,A,46.875,24.0
376,B,E,4,A,"(4, 8, 11)",V,E,G#,A,47.0,24.0
377,B,E,4,A,"(4, 8, 11)",V,E,G#,A,47.125,24.0
378,B,E,4,A,"(4, 8, 11)",V,E,G#,A,47.25,24.0
379,B,E,4,A,"(4, 8, 11)",V,E,G#,A,47.375,24.0
380,B,E,4,A,"(4, 8, 11)",V,E,G#,A,47.5,24.0
381,B,E,4,A,"(4, 8, 11)",V,E,G#,A,47.625,24.0
382,B,E,4,A,"(4, 8, 11)",V,E,G#,A,47.75,24.0
383,B,E,4,A,"(4, 8, 11)",V,E,G#,A,47.875,24.0
384,B,E,0,A,"(4, 8, 11)",V,E,G#,A,48.0,25.0
385,B,E,1,A,"(4, 8, 11)",V,E,G#,A,48.125,25.0
386,B,E,2,A,"(4, 8, 11)",V,E,G#,A,48.25,25.0
387,B,E,2,A,"(4, 8, 11)",V,E,G#,A,48.375,25.0
388,B,E,3,A,"(4, 8, 11)",V,E,G#,A,48.5,25.0
389,B,E,3,A,"(4, 8, 11)",V,E,G#,A,48.625,25.0
390,B,E,3,A,"(4, 8, 11)",V,E,G#,A,48.75,25.0
391,B,E,3,A,"(4, 8, 11)",V,E,G#,A,48.875,25.0
392,F#,A#,0,A,"(1, 4, 6, 10)",viio,F#,C#,b,49.0,25.0
393,F#,A#,1,A,"(1, 4, 6, 10)",V7,F#,C#,b,49.125,25.0
394,F#,A#,2,A,"(1, 4, 6, 10)",V7,F#,C#,b,49.25,25.0
395,F#,A#,2,A,"(1, 4, 6, 10)",V7,F#,C#,b,49.375,25.0
396,F#,A#,3,A,"(1, 4, 6, 10)",V7,F#,C#,b,49.5,25.0
397,F#,A#,3,A,"(1, 4, 6, 10)",V7,F#,C#,b,49.625,25.0
398,F#,A#,3,A,"(1, 4, 6, 10)",V7,F#,C#,b,49.75,25.0
399,F#,A#,3,A,"(1, 4, 6, 10)",V7,F#,C#,b,49.875,25.0
400,F#,B,0,A,"(2, 6, 11)",ii,B,D,A,50.0,26.0
401,F#,B,1,A,"(2, 6, 11)",ii,B,D,A,50.125,26.0
402,F#,B,2,A,"(2, 6, 11)",ii,B,D,A,50.25,26.0
403,F#,B,2,A,"(2, 6, 11)",ii,B,D,A,50.375,26.0
404,F#,B,3,A,"(2, 4, 8, 11)",V7,G#,D,A,50.5,26.0
405,F#,B,3,A,"(2, 4, 8, 11)",V7,G#,D,A,50.625,26.0
406,F#,B,3,A,"(2, 4, 8, 11)",V7,G#,D,A,50.75,26.0
407,F#,B,3,A,"(2, 4, 8, 11)",V7,G#,D,A,50.875,26.0
408,D,G#,0,A,"(2, 4, 8, 11)",V7,E,B,A,51.0,26.0
409,D,G#,1,A,"(2, 4, 8, 11)",V7,E,B,A,51.125,26.0
410,D,G#,2,A,"(2, 4, 8, 11)",V7,E,B,A,51.25,26.0
411,D,G#,2,A,"(2, 4, 8, 11)",V7,E,B,A,51.375,26.0
412,D,G#,4,A,"(2, 4, 8, 11)",V7,E,B,A,51.5,26.0
413,D,G#,4,A,"(2, 4, 8, 11)",V7,E,B,A,51.625,26.0
414,D,G#,4,A,"(2, 4, 8, 11)",V7,E,B,A,51.75,26.0
415,D,G#,4,A,"(2, 4, 8, 11)",V7,E,B,A,51.875,26.0
416,E,A,0,A,"(1, 4, 9)",I,A,C#,A,52.0,27.0
417,E,A,1,A,"(1, 4, 9)",I,A,C#,A,52.125,27.0
418,E,A,2,A,"(1, 4, 9)",I,A,C#,A,52.25,27.0
419,E,A,2,A,"(1, 4, 9)",I,A,C#,A,52.375,27.0
420,E,A,3,A,"(1, 4, 9)",I,A,C#,A,52.5,27.0
421,E,A,3,A,"(1, 4, 9)",I,A,C#,A,52.625,27.0
422,E,A,3,A,"(1, 4, 9)",I,A,C#,A,52.75,27.0
423,E,A,3,A,"(1, 4, 9)",I,A,C#,A,52.875,27.0
424,E,A,4,A,"(1, 4, 9)",I,A,C#,A,53.0,27.0
425,E,A,4,A,"(1, 4, 9)",I,A,C#,A,53.125,27.0
426,E,A,4,A,"(1, 4, 9)",I,A,C#,A,53.25,27.0
427,E,A,4,A,"(1, 4, 9)",I,A,C#,A,53.375,27.0
428,E,A,0,A,"(1, 4, 9)",I,A,C#,A,53.5,27.0
429,E,A,1,A,"(1, 4, 9)",I,A,C#,A,53.625,27.0
430,E,A,4,A,"(1, 4, 9)",I,A,C#,A,53.75,27.0
431,E,A,4,A,"(1, 4, 9)",I,A,C#,A,53.875,27.0
432,B,E,0,A,"(4, 8, 11)",I,E,G#,A,54.0,28.0
433,B,E,1,A,"(4, 8, 11)",V,E,G#,A,54.125,28.0
434,B,E,2,A,"(4, 8, 11)",V,E,G#,A,54.25,28.0
435,B,E,2,A,"(4, 8, 11)",V,E,G#,A,54.375,28.0
436,B,E,3,A,"(4, 8, 11)",V,E,G#,A,54.5,28.0
437,B,E,3,A,"(4, 8, 11)",V,E,G#,A,54.625,28.0
438,B,E,3,A,"(4, 8, 11)",V,E,G#,A,54.75,28.0
439,B,E,3,A,"(4, 8, 11)",V,E,G#,A,54.875,28.0
440,B,E,4,A,"(4, 8, 11)",V,E,G#,A,55.0,28.0
441,B,E,4,A,"(4, 8, 11)",V,E,G#,A,55.125,28.0
442,B,E,4,A,"(4, 8, 11)",V,E,G#,A,55.25,28.0
443,B,E,4,A,"(4, 8, 11)",V,E,G#,A,55.375,28.0
444,B,E,4,A,"(4, 8, 11)",V7,E,G#,A,55.5,28.0
445,B,E,4,A,"(4, 8, 11)",V7,E,G#,A,55.625,28.0
446,B,E,4,A,"(4, 8, 11)",V7,E,G#,A,55.75,28.0
447,B,E,4,A,"(4, 8, 11)",V7,E,G#,A,55.875,28.0
448,E,A,0,A,"(1, 4, 9)",I,A,C#,A,56.0,29.0
449,E,A,1,A,"(1, 4, 9)",I,A,C#,A,56.125,29.0
450,E,A,2,A,"(1, 4, 9)",I,A,C#,A,56.25,29.0
451,E,A,2,A,"(1, 4, 9)",I,A,C#,A,56.375,29.0
452,E,A,3,A,"(1, 4, 9)",I,A,C#,A,56.5,29.0
453,E,A,3,A,"(1, 4, 9)",I,A,C#,A,56.625,29.0
454,E,A,3,A,"(1, 4, 9)",I,A,C#,A,56.75,29.0
455,E,A,3,A,"(1, 4, 9)",I,A,C#,A,56.875,29.0
456,E,A,4,A,"(1, 4, 9)",I,A,C#,A,57.0,29.0
457,E,A,4,A,"(1, 4, 9)",I,A,C#,A,57.125,29.0
458,E,A,4,A,"(1, 4, 9)",I,A,C#,A,57.25,29.0
459,E,A,4,A,"(1, 4, 9)",I,A,C#,A,57.375,29.0
460,A,D,4,A,"(2, 6, 9)",IV,D,F#,A,57.5,29.0
461,A,D,4,A,"(2, 6, 9)",IV,D,F#,A,57.625,29.0
462,A,D,4,A,"(2, 6, 9)",IV,D,F#,A,57.75,29.0
463,A,D,4,A,"(2, 6, 9)",IV,D,F#,A,57.875,29.0
464,D,G#,0,A,"(2, 4, 8, 11)",V7,E,B,A,58.0,30.0
465,D,G#,1,A,"(2, 4, 8, 11)",V7,E,B,A,58.125,30.0
466,D,G#,2,A,"(2, 4, 8, 11)",V7,E,B,A,58.25,30.0
467,D,G#,2,A,"(2, 4, 8, 11)",V7,E,B,A,58.375,30.0
468,D,G#,3,A,"(2, 4, 8, 11)",V7,E,B,A,58.5,30.0
469,D,G#,3,A,"(2, 4, 8, 11)",V7,E,B,A,58.625,30.0
470,D,G#,3,A,"(2, 4, 8, 11)",V7,E,B,A,58.75,30.0
471,D,G#,3,A,"(2, 4, 8, 11)",V7,E,B,A,58.875,30.0
472,D,G#,4,A,"(2, 4, 8, 11)",V7,E,B,A,59.0,30.0
473,D,G#,4,A,"(2, 4, 8, 11)",V7,E,B,A,59.125,30.0
474,D,G#,4,A,"(2, 4, 8, 11)",V7,E,B,A,59.25,30.0
475,D,G#,4,A,"(2, 4, 8, 11)",V7,E,B,A,59.375,30.0
476,D,G#,4,A,"(2, 4, 8, 11)",V7,E,B,A,59.5,30.0
477,D,G#,4,A,"(2, 4, 8, 11)",V7,E,B,A,59.625,30.0
478,D,G#,4,A,"(2, 4, 8, 11)",V7,E,B,A,59.75,30.0
479,D,G#,4,A,"(2, 4, 8, 11)",V7,E,B,A,59.875,30.0
480,E,A,0,A,"(1, 4, 9)",I,A,C#,A,60.0,31.0
481,E,A,1,A,"(1, 4, 9)",I,A,C#,A,60.125,31.0
482,E,A,2,A,"(1, 4, 9)",I,A,C#,A,60.25,31.0
483,E,A,2,A,"(1, 4, 9)",I,A,C#,A,60.375,31.0
484,E,A,3,A,"(1, 4, 9)",I,A,C#,A,60.5,31.0
485,E,A,3,A,"(1, 4, 9)",I,A,C#,A,60.625,31.0
486,E,A,3,A,"(1, 4, 9)",I,A,C#,A,60.75,31.0
487,E,A,3,A,"(1, 4, 9)",I,A,C#,A,60.875,31.0
488,E,A,4,A,"(1, 4, 9)",I,A,C#,A,61.0,31.0
489,E,A,4,A,"(1, 4, 9)",I,A,C#,A,61.125,31.0
490,E,A,4,A,"(1, 4, 9)",I,A,C#,A,61.25,31.0
491,E,A,4,A,"(1, 4, 9)",I,A,C#,A,61.375,31.0
492,A,D,4,A,"(1, 4, 9)",IV,D,F#,A,61.5,31.0
493,A,D,4,A,"(1, 4, 9)",IV,D,F#,A,61.625,31.0
494,A,D,4,A,"(1, 4, 9)",IV,D,F#,A,61.75,31.0
495,A,D,4,A,"(1, 4, 9)",IV,D,F#,A,61.875,31.0
496,D,G#,0,A,"(2, 4, 8, 11)",V7,E,B,A,62.0,32.0
497,D,G#,1,A,"(2, 4, 8, 11)",V7,E,B,A,62.125,32.0
498,D,G#,2,A,"(2, 4, 8, 11)",V7,E,B,A,62.25,32.0
499,D,G#,2,A,"(2, 4, 8, 11)",V7,E,B,A,62.375,32.0
500,D,G#,3,A,"(2, 4, 8, 11)",V7,E,B,A,62.5,32.0
501,D,G#,3,A,"(2, 4, 8, 11)",V7,E,B,A,62.625,32.0
502,D,G#,3,A,"(2, 4, 8, 11)",V7,E,B,A,62.75,32.0
503,D,G#,3,A,"(2, 4, 8, 11)",V7,E,B,A,62.875,32.0
504,D,G#,4,A,"(2, 4, 8, 11)",V7,E,B,A,63.0,32.0
505,D,G#,4,A,"(2, 4, 8, 11)",V7,E,B,A,63.125,32.0
506,D,G#,4,A,"(2, 4, 8, 11)",V7,E,B,A,63.25,32.0
507,D,G#,4,A,"(2, 4, 8, 11)",V7,E,B,A,63.375,32.0
508,D,G#,4,A,"(2, 4, 8, 11)",V7,E,B,A,63.5,32.0
509,D,G#,4,A,"(2, 4, 8, 11)",V7,E,B,A,63.625,32.0
510,D,G#,4,A,"(2, 4, 8, 11)",V7,E,B,A,63.75,32.0
511,D,G#,4,A,"(2, 4, 8, 11)",V7,E,B,A,63.875,32.0
512,E,A,0,A,"(1, 4, 9)",I,A,C#,A,64.0,33.0
513,E,A,1,A,"(1, 4, 9)",I,A,C#,A,64.125,33.0
514,E,A,2,A,"(1, 4, 9)",I,A,C#,A,64.25,33.0
515,E,A,2,A,"(1, 4, 9)",I,A,C#,A,64.375,33.0
516,E,A,3,A,"(1, 4, 9)",I,A,C#,A,64.5,33.0
517,E,A,3,A,"(1, 4, 9)",I,A,C#,A,64.625,33.0
518,E,A,3,A,"(1, 4, 9)",I,A,C#,A,64.75,33.0
519,E,A,3,A,"(1, 4, 9)",I,A,C#,A,64.875,33.0
520,B,E,0,A,"(1, 4, 9)",I,A,G#,A,65.0,33.0
521,B,E,1,A,"(1, 4, 9)",I,A,G#,A,65.125,33.0
522,B,E,2,A,"(1, 4, 9)",I,A,G#,A,65.25,33.0
523,B,E,2,A,"(1, 4, 9)",I,A,G#,A,65.375,33.0
524,B,E,3,A,"(1, 4, 9)",I,A,G#,A,65.5,33.0
525,B,E,3,A,"(1, 4, 9)",I,A,G#,A,65.625,33.0
526,B,E,3,A,"(1, 4, 9)",I,A,G#,A,65.75,33.0
527,B,E,3,A,"(1, 4, 9)",I,A,G#,A,65.875,33.0
528,A,D,0,A,"(1, 4, 9)",I,D,F#,A,66.0,34.0
529,A,D,1,A,"(1, 4, 9)",I,D,F#,A,66.125,34.0
530,A,D,2,A,"(1, 4, 9)",I,D,F#,A,66.25,34.0
531,A,D,2,A,"(1, 4, 9)",I,D,F#,A,66.375,34.0
532,A,D,3,A,"(2, 6, 9)",IV,D,F#,A,66.5,34.0
533,A,D,3,A,"(2, 6, 9)",IV,D,F#,A,66.625,34.0
534,A,D,3,A,"(2, 6, 9)",IV,D,F#,A,66.75,34.0
535,A,D,3,A,"(2, 6, 9)",IV,D,F#,A,66.875,34.0
536,A,D,4,A,"(1, 4, 9)",I,D,F#,A,67.0,34.0
537,A,D,4,A,"(1, 4, 9)",I,D,F#,A,67.125,34.0
538,A,D,4,A,"(1, 4, 9)",I,D,F#,A,67.25,34.0
539,A,D,4,A,"(1, 4, 9)",I,D,F#,A,67.375,34.0
540,A,D,0,A,"(2, 6, 9)",IV,D,F#,A,67.5,34.0
541,A,D,1,A,"(2, 6, 9)",IV,D,F#,A,67.625,34.0
542,A,D,4,A,"(2, 6, 9)",IV,D,F#,A,67.75,34.0
543,A,D,4,A,"(2, 6, 9)",IV,D,F#,A,67.875,34.0
544,C#,E,0,A,"(1, 4, 9)",I,A,A,A,68.0,35.0
545,C#,E,1,A,"(1, 4, 9)",I,A,A,A,68.125,35.0
546,C#,E,2,A,"(1, 4, 9)",I,A,A,A,68.25,35.0
547,C#,E,2,A,"(1, 4, 9)",I,A,A,A,68.375,35.0
548,C#,E,3,A,"(1, 4, 9)",I,A,A,A,68.5,35.0
549,C#,E,3,A,"(1, 4, 9)",I,A,A,A,68.625,35.0
550,C#,E,3,A,"(1, 4, 9)",I,A,A,A,68.75,35.0
551,C#,E,3,A,"(1, 4, 9)",I,A,A,A,68.875,35.0
552,B,E,0,A,"(4, 8, 11)",V,E,G#,A,69.0,35.0
553,B,E,1,A,"(4, 8, 11)",V,E,G#,A,69.125,35.0
554,B,E,2,A,"(4, 8, 11)",V,E,G#,A,69.25,35.0
555,B,E,2,A,"(4, 8, 11)",V,E,G#,A,69.375,35.0
556,B,E,3,A,"(4, 8, 11)",V,E,G#,A,69.5,35.0
557,B,E,3,A,"(4, 8, 11)",V,E,G#,A,69.625,35.0
558,B,E,3,A,"(4, 8, 11)",V,E,G#,A,69.75,35.0
559,B,E,3,A,"(4, 8, 11)",V,E,G#,A,69.875,35.0
560,A,D,0,A,"(2, 6, 9)",I,D,F#,A,70.0,36.0
561,A,D,1,A,"(2, 6, 9)",I,D,F#,A,70.125,36.0
562,A,D,2,A,"(2, 6, 9)",I,D,F#,A,70.25,36.0
563,A,D,2,A,"(2, 6, 9)",I,D,F#,A,70.375,36.0
564,A,D,3,A,"(2, 6, 9)",IV,D,F#,A,70.5,36.0
565,A,D,3,A,"(2, 6, 9)",IV,D,F#,A,70.625,36.0
566,A,D,3,A,"(2, 6, 9)",IV,D,F#,A,70.75,36.0
567,A,D,3,A,"(2, 6, 9)",IV,D,F#,A,70.875,36.0
568,A,D,4,A,"(1, 4, 9)",I,A,F#,A,71.0,36.0
569,A,D,4,A,"(1, 4, 9)",I,A,F#,A,71.125,36.0
570,A,D,4,A,"(1, 4, 9)",I,A,F#,A,71.25,36.0
571,A,D,4,A,"(1, 4, 9)",I,A,F#,A,71.375,36.0
572,A,D,0,A,"(2, 6, 9)",IV,D,F#,A,71.5,36.0
573,A,D,1,A,"(2, 6, 9)",IV,D,F#,A,71.625,36.0
574,A,D,4,A,"(2, 6, 9)",IV,D,F#,A,71.75,36.0
575,A,D,4,A,"(2, 6, 9)",IV,D,F#,A,71.875,36.0
576,C#,E,0,A,"(1, 4, 9)",I,A,A,A,72.0,37.0
577,C#,E,1,A,"(1, 4, 9)",I,A,A,A,72.125,37.0
578,C#,E,2,A,"(1, 4, 9)",I,A,A,A,72.25,37.0
579,C#,E,2,A,"(1, 4, 9)",I,A,A,A,72.375,37.0
580,C#,E,3,A,"(1, 4, 9)",I,A,G#,A,72.5,37.0
581,C#,E,3,A,"(1, 4, 9)",I,A,G#,A,72.625,37.0
582,C#,E,3,A,"(1, 4, 9)",I,A,G#,A,72.75,37.0
583,C#,E,3,A,"(1, 4, 9)",I,A,G#,A,72.875,37.0
584,B,E,0,A,"(4, 8, 11)",V,E,G#,A,73.0,37.0
585,B,E,1,A,"(4, 8, 11)",V,E,G#,A,73.125,37.0
586,B,E,2,A,"(4, 8, 11)",V,E,G#,A,73.25,37.0
587,B,E,2,A,"(4, 8, 11)",V,E,G#,A,73.375,37.0
588,B,E,3,A,"(4, 8, 11)",V,E,G#,A,73.5,37.0
589,B,E,3,A,"(4, 8, 11)",V,E,G#,A,73.625,37.0
590,B,E,3,A,"(4, 8, 11)",V,E,G#,A,73.75,37.0
591,B,E,3,A,"(4, 8, 11)",V,E,G#,A,73.875,37.0
592,E,A,0,A,"(1, 4, 9)",I,A,C#,A,74.0,38.0
593,E,A,1,A,"(1, 4, 9)",I,A,C#,A,74.125,38.0
594,E,A,2,A,"(1, 4, 9)",I,A,C#,A,74.25,38.0
595,E,A,2,A,"(1, 4, 9)",I,A,C#,A,74.375,38.0
596,E,A,3,A,"(1, 4, 9)",I,A,C#,A,74.5,38.0
597,E,A,3,A,"(1, 4, 9)",I,A,C#,A,74.625,38.0
598,E,A,3,A,"(1, 4, 9)",I,A,C#,A,74.75,38.0
599,E,A,3,A,"(1, 4, 9)",I,A,C#,A,74.875,38.0
600,E,A,4,A,"(1, 4, 9)",I,A,C#,A,75.0,38.0
601,E,A,4,A,"(1, 4, 9)",I,A,C#,A,75.125,38.0
602,E,A,4,A,"(1, 4, 9)",I,A,C#,A,75.25,38.0
603,E,A,4,A,"(1, 4, 9)",I,A,C#,A,75.375,38.0
604,E,A,4,A,"(1, 4, 9)",I,A,C#,A,75.5,38.0
605,E,A,4,A,"(1, 4, 9)",I,A,C#,A,75.625,38.0
606,E,A,4,A,"(1, 4, 9)",I,A,C#,A,75.75,38.0
607,E,A,4,A,"(1, 4, 9)",I,A,C#,A,75.875,38.0
608,E,A,0,A,"(1, 4, 9)",I,A,C#,A,76.0,39.0
609,E,A,1,A,"(1, 4, 9)",I,A,C#,A,76.125,39.0
610,E,A,2,A,"(1, 4, 9)",I,A,C#,A,76.25,39.0
611,E,A,2,A,"(1, 4, 9)",I,A,C#,A,76.375,39.0
612,E,A,3,A,"(1, 4, 9)",I,A,C#,A,76.5,39.0
613,E,A,3,A,"(1, 4, 9)",I,A,C#,A,76.625,39.0
614,E,A,3,A,"(1, 4, 9)",I,A,C#,A,76.75,39.0
615,E,A,3,A,"(1, 4, 9)",I,A,C#,A,76.875,39.0
616,E,A,4,A,"(1, 4, 9)",I,A,C#,A,77.0,39.0
617,E,A,4,A,"(1, 4, 9)",I,A,C#,A,77.125,39.0
618,E,A,4,A,"(1, 4, 9)",I,A,C#,A,77.25,39.0
619,E,A,4,A,"(1, 4, 9)",I,A,C#,A,77.375,39.0
620,B,E,0,A,"(4, 8, 11)",V,E,G#,A,77.5,39.0
621,B,E,1,A,"(4, 8, 11)",V,E,G#,A,77.625,39.0
622,B,E,4,A,"(4, 8, 11)",V,E,G#,A,77.75,39.0
623,B,E,2,A,"(4, 8, 11)",V,E,G#,A,77.875,39.0
624,E,A,0,A,"(1, 4, 9)",I,A,C#,A,78.0,40.0
625,E,A,1,A,"(1, 4, 9)",I,A,C#,A,78.125,40.0
626,E,A,2,A,"(1, 4, 9)",I,A,C#,A,78.25,40.0
627,E,A,2,A,"(1, 4, 9)",I,A,C#,A,78.375,40.0
628,E,A,3,A,"(1, 4, 9)",I,A,C#,A,78.5,40.0
629,E,A,3,A,"(1, 4, 9)",I,A,C#,A,78.625,40.0
630,E,A,3,A,"(1, 4, 9)",I,A,C#,A,78.75,40.0
631,E,A,3,A,"(1, 4, 9)",I,A,C#,A,78.875,40.0
632,E,A,4,A,"(1, 4, 9)",I,A,C#,A,79.0,40.0
633,E,A,4,A,"(1, 4, 9)",I,A,C#,A,79.125,40.0
634,E,A,4,A,"(1, 4, 9)",I,A,C#,A,79.25,40.0
635,E,A,4,A,"(1, 4, 9)",I,A,C#,A,79.375,40.0
636,E,A,4,A,"(1, 4, 9)",I,A,C#,A,79.5,40.0
637,E,A,4,A,"(1, 4, 9)",I,A,C#,A,79.625,40.0
638,E,A,4,A,"(1, 4, 9)",I,A,C#,A,79.75,40.0
639,E,A,4,A,"(1, 4, 9)",I,A,C#,A,79.875,40.0
640,E,G#,0,A,"(4, 8, 11)",V7,E,B,A,80.0,41.0
641,E,G#,1,A,"(4, 8, 11)",V7,E,B,A,80.125,41.0
642,E,G#,2,A,"(4, 8, 11)",V7,E,B,A,80.25,41.0
643,E,G#,2,A,"(4, 8, 11)",V7,E,B,A,80.375,41.0
644,E,G#,3,A,"(4, 8, 11)",V7,E,B,A,80.5,41.0
645,E,G#,3,A,"(4, 8, 11)",V7,E,B,A,80.625,41.0
646,E,G#,3,A,"(4, 8, 11)",V7,E,B,A,80.75,41.0
647,E,G#,3,A,"(4, 8, 11)",V7,E,B,A,80.875,41.0
648,D,G#,4,A,"(2, 4, 8, 11)",V7,E,B,A,81.0,41.0
649,D,G#,4,A,"(2, 4, 8, 11)",V7,E,B,A,81.125,41.0
650,D,G#,4,A,"(2, 4, 8, 11)",V7,E,B,A,81.25,41.0
651,D,G#,4,A,"(2, 4, 8, 11)",V7,E,B,A,81.375,41.0
652,D,G#,4,A,"(2, 4, 8, 11)",V7,E,B,A,81.5,41.0
653,D,G#,4,A,"(2, 4, 8, 11)",V7,E,B,A,81.625,41.0
654,D,G#,4,A,"(2, 4, 8, 11)",V7,E,B,A,81.75,41.0
655,D,G#,4,A,"(2, 4, 8, 11)",V7,E,B,A,81.875,41.0
656,E,A,0,A,"(1, 4, 9)",I,A,C#,A,82.0,42.0
657,E,A,1,A,"(1, 4, 9)",I,A,C#,A,82.125,42.0
658,E,A,2,A,"(1, 4, 9)",I,A,C#,A,82.25,42.0
659,E,A,2,A,"(1, 4, 9)",I,A,C#,A,82.375,42.0
660,E,A,3,A,"(1, 4, 9)",I,A,C#,A,82.5,42.0
661,E,A,3,A,"(1, 4, 9)",I,A,C#,A,82.625,42.0
662,E,A,3,A,"(1, 4, 9)",I,A,C#,A,82.75,42.0
663,E,A,3,A,"(1, 4, 9)",I,A,C#,A,82.875,42.0
664,E,A,4,A,"(1, 4, 9)",I,A,C#,A,83.0,42.0
665,E,A,4,A,"(1, 4, 9)",I,A,C#,A,83.125,42.0
666,E,A,4,A,"(1, 4, 9)",I,A,C#,A,83.25,42.0
667,E,A,4,A,"(1, 4, 9)",I,A,C#,A,83.375,42.0
668,E,A,4,A,"(1, 4, 9)",I,A,C#,A,83.5,42.0
669,E,A,4,A,"(1, 4, 9)",I,A,C#,A,83.625,42.0
670,E,A,4,A,"(1, 4, 9)",I,A,C#,A,83.75,42.0
671,E,A,4,A,"(1, 4, 9)",I,A,C#,A,83.875,42.0
672,B,E,0,A,"(4, 8, 11)",I,E,G#,A,84.0,43.0
673,B,E,1,A,"(4, 8, 11)",I,E,G#,A,84.125,43.0
674,B,E,2,A,"(4, 8, 11)",I,E,G#,A,84.25,43.0
675,B,E,2,A,"(4, 8, 11)",I,E,G#,A,84.375,43.0
676,B,E,3,A,"(4, 8, 11)",V,E,G#,A,84.5,43.0
677,B,E,3,A,"(4, 8, 11)",V,E,G#,A,84.625,43.0
678,B,E,3,A,"(4, 8, 11)",V,E,G#,A,84.75,43.0
679,B,E,3,A,"(4, 8, 11)",V,E,G#,A,84.875,43.0
680,B,E,4,A,"(4, 8, 11)",V,E,G#,A,85.0,43.0
681,B,E,4,A,"(4, 8, 11)",V,E,G#,A,85.125,43.0
682,B,E,4,A,"(4, 8, 11)",V,E,G#,A,85.25,43.0
683,B,E,4,A,"(4, 8, 11)",V,E,G#,A,85.375,43.0
684,B,E,4,A,"(4, 8, 11)",V,E,G#,A,85.5,43.0
685,B,E,4,A,"(4, 8, 11)",V,E,G#,A,85.625,43.0
686,B,E,4,A,"(4, 8, 11)",V,E,G#,A,85.75,43.0
687,B,E,4,A,"(4, 8, 11)",V,E,G#,A,85.875,43.0
688,E,A,0,A,"(1, 4, 9)",I,A,C#,A,86.0,44.0
689,E,A,1,A,"(1, 4, 9)",I,A,C#,A,86.125,44.0
690,E,A,2,A,"(1, 4, 9)",I,A,C#,A,86.25,44.0
691,E,A,2,A,"(1, 4, 9)",I,A,C#,A,86.375,44.0
692,E,A,3,A,"(1, 4, 9)",I,A,C#,A,86.5,44.0
693,E,A,3,A,"(1, 4, 9)",I,A,C#,A,86.625,44.0
694,E,A,3,A,"(1, 4, 9)",I,A,C#,A,86.75,44.0
695,E,A,3,A,"(1, 4, 9)",I,A,C#,A,86.875,44.0
696,E,A,4,A,"(1, 4, 9)",I,A,C#,A,87.0,44.0
697,E,A,4,A,"(1, 4, 9)",I,A,C#,A,87.125,44.0
698,E,A,4,A,"(1, 4, 9)",I,A,C#,A,87.25,44.0
699,E,A,4,A,"(1, 4, 9)",I,A,C#,A,87.375,44.0
700,E,A,4,A,"(1, 4, 9)",I,A,C#,A,87.5,44.0
701,E,A,4,A,"(1, 4, 9)",I,A,C#,A,87.625,44.0
702,E,A,4,A,"(1, 4, 9)",I,A,C#,A,87.75,44.0
703,E,A,4,A,"(1, 4, 9)",I,A,C#,A,87.875,44.0
704,E,G#,0,A,"(4, 8, 11)",V7,E,B,A,88.0,45.0
705,E,G#,1,A,"(4, 8, 11)",V7,E,B,A,88.125,45.0
706,E,G#,2,A,"(4, 8, 11)",V7,E,B,A,88.25,45.0
707,E,G#,2,A,"(4, 8, 11)",V7,E,B,A,88.375,45.0
708,E,G#,3,A,"(4, 8, 11)",V7,E,B,A,88.5,45.0
709,E,G#,3,A,"(4, 8, 11)",V7,E,B,A,88.625,45.0
710,E,G#,3,A,"(4, 8, 11)",V7,E,B,A,88.75,45.0
711,E,G#,3,A,"(4, 8, 11)",V7,E,B,A,88.875,45.0
712,E,G#,4,A,"(2, 4, 8, 11)",V7,E,B,A,89.0,45.0
713,D,G#,4,A,"(2, 4, 8, 11)",V7,E,B,A,89.125,45.0
714,D,G#,4,A,"(2, 4, 8, 11)",V7,E,B,A,89.25,45.0
715,D,G#,4,A,"(2, 4, 8, 11)",V7,E,B,A,89.375,45.0
716,D,G#,4,A,"(2, 4, 8, 11)",V7,E,B,A,89.5,45.0
717,D,G#,4,A,"(2, 4, 8, 11)",V7,E,B,A,89.625,45.0
718,D,G#,4,A,"(2, 4, 8, 11)",V7,E,B,A,89.75,45.0
719,D,G#,4,A,"(2, 4, 8, 11)",V7,E,B,A,89.875,45.0
720,E,A,0,A,"(1, 4, 9)",I,A,C#,A,90.0,46.0
721,E,A,1,A,"(1, 4, 9)",I,A,C#,A,90.125,46.0
722,E,A,2,A,"(1, 4, 9)",I,A,C#,A,90.25,46.0
723,E,A,2,A,"(1, 4, 9)",I,A,C#,A,90.375,46.0
724,E,A,3,A,"(1, 4, 9)",I,A,C#,A,90.5,46.0
725,E,A,3,A,"(1, 4, 9)",I,A,C#,A,90.625,46.0
726,E,A,3,A,"(1, 4, 9)",I,A,C#,A,90.75,46.0
727,E,A,3,A,"(1, 4, 9)",I,A,C#,A,90.875,46.0
728,E,A,4,A,"(1, 4, 9)",I,A,C#,A,91.0,46.0
729,E,A,4,A,"(1, 4, 9)",I,A,C#,A,91.125,46.0
730,E,A,4,A,"(1, 4, 9)",I,A,C#,A,91.25,46.0
731,E,A,4,A,"(1, 4, 9)",I,A,C#,A,91.375,46.0
732,E,A,4,A,"(1, 4, 9)",I,A,C#,A,91.5,46.0
733,E,A,4,A,"(1, 4, 9)",I,A,C#,A,91.625,46.0
734,E,A,4,A,"(1, 4, 9)",I,A,C#,A,91.75,46.0
735,E,A,4,A,"(1, 4, 9)",I,A,C#,A,91.875,46.0
736,B,E,0,A,"(4, 8, 11)",I,B,G#,A,92.0,47.0
737,B,E,1,A,"(4, 8, 11)",I,B,G#,A,92.125,47.0
738,B,E,2,A,"(4, 8, 11)",I,E,G#,A,92.25,47.0
739,B,E,2,A,"(4, 8, 11)",I,E,G#,A,92.375,47.0
740,B,E,3,A,"(4, 8, 11)",I,E,G#,A,92.5,47.0
741,B,E,3,A,"(4, 8, 11)",I,E,G#,A,92.625,47.0
742,B,E,3,A,"(4, 8, 11)",I,E,G#,A,92.75,47.0
743,B,E,3,A,"(4, 8, 11)",I,E,G#,A,92.875,47.0
744,B,E,4,A,"(4, 8, 11)",I,E,G#,A,93.0,47.0
745,B,E,4,A,"(4, 8, 11)",I,E,G#,A,93.125,47.0
746,B,E,4,A,"(4, 8, 11)",I,E,G#,A,93.25,47.0
747,B,E,4,A,"(4, 8, 11)",I,E,G#,A,93.375,47.0
748,B,E,4,A,"(4, 8, 11)",I,E,G#,A,93.5,47.0
749,B,E,4,A,"(4, 8, 11)",I,E,G#,A,93.625,47.0
750,B,E,4,A,"(4, 8, 11)",I,E,G#,A,93.75,47.0
751,B,E,4,A,"(4, 8, 11)",I,E,G#,A,93.875,47.0
752,B,D#,0,A,"(3, 6, 11)",V,B,F#,E,94.0,48.0
753,B,D#,1,A,"(3, 6, 11)",V,B,F#,E,94.125,48.0
754,B,D#,2,A,"(3, 6, 11)",V,B,F#,E,94.25,48.0
755,B,D#,2,A,"(3, 6, 11)",V,B,F#,E,94.375,48.0
756,B,D#,3,A,"(3, 6, 11)",V,B,F#,E,94.5,48.0
757,B,D#,3,A,"(3, 6, 11)",V,B,F#,E,94.625,48.0
758,B,D#,3,A,"(3, 6, 11)",V,B,F#,E,94.75,48.0
759,B,D#,3,A,"(3, 6, 11)",V,B,F#,E,94.875,48.0
760,A,D#,4,A,"(3, 6, 11)",V7,B,F#,E,95.0,48.0
761,A,D#,4,A,"(3, 6, 9, 11)",V7,B,F#,E,95.125,48.0
762,A,D#,4,A,"(3, 6, 9, 11)",V7,B,F#,E,95.25,48.0
763,A,D#,4,A,"(3, 6, 9, 11)",V7,B,F#,E,95.375,48.0
764,A,D#,4,A,"(3, 6, 9, 11)",V7,B,F#,E,95.5,48.0
765,A,D#,4,A,"(3, 6, 9, 11)",V7,B,F#,E,95.625,48.0
766,A,D#,4,A,"(3, 6, 9, 11)",V7,B,F#,E,95.75,48.0
767,A,D#,4,A,"(3, 6, 9, 11)",V7,B,F#,E,95.875,48.0
768,B,E,0,A,"(4, 8, 11)",I,E,G#,E,96.0,49.0
769,B,E,1,A,"(4, 8, 11)",I,E,G#,A,96.125,49.0
770,B,E,2,A,"(4, 8, 11)",I,E,G#,A,96.25,49.0
771,B,E,2,A,"(4, 8, 11)",I,E,G#,A,96.375,49.0
772,B,E,3,A,"(4, 8, 11)",I,E,G#,A,96.5,49.0
773,B,E,3,A,"(4, 8, 11)",I,E,G#,A,96.625,49.0
774,B,E,3,A,"(4, 8, 11)",I,E,G#,A,96.75,49.0
775,B,E,3,A,"(4, 8, 11)",I,E,G#,A,96.875,49.0
776,B,E,4,A,"(4, 8, 11)",I,E,G#,A,97.0,49.0
777,B,E,4,A,"(4, 8, 11)",I,E,G#,A,97.125,49.0
778,B,E,4,A,"(4, 8, 11)",I,E,G#,A,97.25,49.0
779,B,E,4,A,"(4, 8, 11)",I,E,G#,A,97.375,49.0
780,B,E,4,A,"(4, 8, 11)",I,E,G#,A,97.5,49.0
781,B,E,4,A,"(4, 8, 11)",I,E,G#,A,97.625,49.0
782,B,E,4,A,"(4, 8, 11)",I,E,G#,A,97.75,49.0
783,B,E,4,A,"(4, 8, 11)",I,E,G#,A,97.875,49.0
784,A,D#,0,A,"(3, 6, 11)",V7,B,F#,E,98.0,50.0
785,A,D#,1,A,"(3, 6, 11)",V7,B,F#,E,98.125,50.0
786,A,D#,2,A,"(3, 6, 11)",V7,B,F#,E,98.25,50.0
787,A,D#,2,A,"(3, 6, 11)",V7,B,F#,E,98.375,50.0
788,A,D#,3,A,"(3, 6, 11)",V7,B,F#,E,98.5,50.0
789,A,D#,3,A,"(3, 6, 11)",V7,B,F#,E,98.625,50.0
790,A,D#,3,A,"(3, 6, 11)",V7,B,F#,E,98.75,50.0
791,A,D#,3,A,"(3, 6, 11)",V7,B,F#,E,98.875,50.0
792,A,D#,4,A,"(3, 6, 9, 11)",V7,B,F#,E,99.0,50.0
793,A,D#,4,A,"(3, 6, 9, 11)",V7,B,F#,E,99.125,50.0
794,A,D#,4,A,"(3, 6, 9, 11)",V7,B,F#,E,99.25,50.0
795,A,D#,4,A,"(3, 6, 9, 11)",V7,B,F#,E,99.375,50.0
796,A,D#,4,A,"(3, 6, 9, 11)",V7,B,F#,E,99.5,50.0
797,A,D#,4,A,"(3, 6, 9, 11)",V7,B,F#,E,99.625,50.0
798,A,D#,4,A,"(3, 6, 9, 11)",V7,B,F#,E,99.75,50.0
799,A,D#,4,A,"(3, 6, 9, 11)",V7,B,F#,E,99.875,50.0
800,B,E,0,A,"(4, 8, 11)",I,E,G#,E,100.0,51.0
801,B,E,1,A,"(4, 8, 11)",I,E,G#,E,100.125,51.0
802,B,E,2,A,"(4, 8, 11)",I,E,G#,E,100.25,51.0
803,B,E,2,A,"(4, 8, 11)",I,E,G#,E,100.375,51.0
804,B,E,3,A,"(4, 8, 11)",I,E,G#,E,100.5,51.0
805,B,E,3,A,"(4, 8, 11)",I,E,G#,E,100.625,51.0
806,B,E,3,A,"(4, 8, 11)",I,E,G#,E,100.75,51.0
807,B,E,3,A,"(4, 8, 11)",I,E,G#,E,100.875,51.0
808,B,E,4,A,"(4, 8, 11)",I,E,G#,E,101.0,51.0
809,B,E,4,A,"(4, 8, 11)",I,E,G#,E,101.125,51.0
810,B,E,4,A,"(4, 8, 11)",I,E,G#,E,101.25,51.0
811,B,E,4,A,"(4, 8, 11)",I,E,G#,E,101.375,51.0
812,B,E,4,A,"(4, 8, 11)",I,E,G#,E,101.5,51.0
813,B,E,4,A,"(4, 8, 11)",I,E,G#,E,101.625,51.0
814,B,E,4,A,"(4, 8, 11)",I,E,G#,E,101.75,51.0
815,B,E,4,A,"(4, 8, 11)",I,E,G#,E,101.875,51.0
816,E,A,0,A,"(1, 4, 9)",viio,A,A,E,102.0,52.0
817,E,A,1,A,"(1, 4, 9)",ii,A,A,E,102.125,52.0
818,E,A,2,A,"(1, 4, 9)",ii,A,A,E,102.25,52.0
819,E,A,2,A,"(1, 4, 9)",viio,A,A,E,102.375,52.0
820,D#,F#,3,A,"(3, 6, 9, 11)",V7,A,A,E,102.5,52.0
821,D#,F#,3,A,"(3, 6, 9, 11)",V7,A,A,E,102.625,52.0
822,D#,F#,3,A,"(3, 6, 9, 11)",V7,A,A,E,102.75,52.0
823,D#,F#,3,A,"(3, 6, 9, 11)",V7,A,A,E,102.875,52.0
824,F#,B,0,A,"(3, 6, 9, 11)",V7,A,D#,E,103.0,52.0
825,F#,B,1,A,"(3, 6, 9, 11)",V7,A,D#,E,103.125,52.0
826,F#,B,2,A,"(3, 6, 9, 11)",V7,A,D#,E,103.25,52.0
827,F#,B,2,A,"(3, 6, 9, 11)",V7,A,D#,E,103.375,52.0
828,F#,B,3,A,"(3, 6, 9, 11)",V7,A,D#,E,103.5,52.0
829,F#,B,3,A,"(3, 6, 9, 11)",V7,A,D#,E,103.625,52.0
830,F#,B,3,A,"(3, 6, 9, 11)",V7,A,D#,E,103.75,52.0
831,F#,B,3,A,"(3, 6, 9, 11)",V7,A,D#,E,103.875,52.0
832,B,E,0,A,"(4, 8, 11)",V,E,G#,E,104.0,53.0
833,B,E,1,A,"(4, 8, 11)",V,E,G#,E,104.125,53.0
834,B,E,2,A,"(4, 8, 11)",V,E,G#,E,104.25,53.0
835,B,E,2,A,"(4, 8, 11)",V,E,G#,E,104.375,53.0
836,B,E,3,A,"(4, 8, 11)",V,E,G#,E,104.5,53.0
837,B,E,3,A,"(4, 8, 11)",V,E,G#,E,104.625,53.0
838,B,E,3,A,"(4, 8, 11)",V,E,G#,E,104.75,53.0
839,B,E,3,A,"(4, 8, 11)",V,E,G#,E,104.875,53.0
840,B,E,4,A,"(4, 8, 11)",V,E,G#,E,105.0,53.0
841,B,E,4,A,"(4, 8, 11)",V,E,G#,E,105.125,53.0
842,B,E,4,A,"(4, 8, 11)",V,E,G#,E,105.25,53.0
843,B,E,4,A,"(4, 8, 11)",V,E,G#,E,105.375,53.0
844,B,G#,4,A,"(4, 8, 11)",I,E,G#,E,105.5,53.0
845,B,G#,4,A,"(4, 8, 11)",I,E,G#,E,105.625,53.0
846,B,G#,4,A,"(4, 8, 11)",I,E,G#,E,105.75,53.0
847,B,G#,4,A,"(4, 8, 11)",I,E,G#,E,105.875,53.0
848,E,A,0,A,"(1, 4, 9)",ii,A,C#,E,106.0,54.0
849,E,A,1,A,"(1, 4, 9)",ii,A,C#,E,106.125,54.0
850,E,A,2,A,"(1, 4, 9)",ii,A,C#,E,106.25,54.0
851,E,A,2,A,"(1, 4, 9)",ii,A,C#,E,106.375,54.0
852,D#,A,3,A,"(3, 6, 9, 11)",V7,A,A,E,106.5,54.0
853,D#,F#,3,A,"(3, 6, 9, 11)",V7,A,A,E,106.625,54.0
854,D#,F#,3,A,"(3, 6, 9, 11)",V7,A,A,E,106.75,54.0
855,D#,F#,3,A,"(3, 6, 9, 11)",V7,A,A,E,106.875,54.0
856,F#,B,0,A,"(3, 6, 9, 11)",V7,A,D#,E,107.0,54.0
857,F#,B,1,A,"(3, 6, 9, 11)",V7,A,D#,E,107.125,54.0
858,F#,B,2,A,"(3, 6, 9, 11)",V7,A,D#,E,107.25,54.0
859,F#,B,2,A,"(3, 6, 9, 11)",V7,A,D#,E,107.375,54.0
860,F#,B,3,A,"(3, 6, 9, 11)",V7,A,D#,E,107.5,54.0
861,F#,B,3,A,"(3, 6, 9, 11)",V7,A,D#,E,107.625,54.0
862,F#,B,3,A,"(3, 6, 9, 11)",V7,A,D#,E,107.75,54.0
863,F#,B,3,A,"(3, 6, 9, 11)",V7,A,D#,E,107.875,54.0
864,B,E,0,A,"(4, 8, 11)",V,E,G#,E,108.0,55.0
865,B,E,1,A,"(4, 8, 11)",V,E,G#,E,108.125,55.0
866,B,E,2,A,"(4, 8, 11)",V,E,G#,E,108.25,55.0
867,B,E,2,A,"(4, 8, 11)",V,E,G#,E,108.375,55.0
868,B,E,3,A,"(4, 8, 11)",V,E,G#,E,108.5,55.0
869,B,E,3,A,"(4, 8, 11)",V,E,G#,E,108.625,55.0
870,B,E,3,A,"(4, 8, 11)",V,E,G#,E,108.75,55.0
871,B,E,3,A,"(4, 8, 11)",V,E,G#,E,108.875,55.0
872,B,E,4,A,"(4, 8, 11)",V,E,G#,E,109.0,55.0
873,B,E,4,A,"(4, 8, 11)",V,E,G#,E,109.125,55.0
874,B,E,4,A,"(4, 8, 11)",V,E,G#,E,109.25,55.0
875,B,E,4,A,"(4, 8, 11)",V,E,G#,E,109.375,55.0
876,B,E,4,A,"(4, 8, 11)",V,E,G#,E,109.5,55.0
877,B,G#,4,A,"(4, 8, 11)",V,E,G#,E,109.625,55.0
878,B,G#,4,A,"(4, 8, 11)",V,E,G#,E,109.75,55.0
879,B,G#,4,A,"(4, 8, 11)",V,E,G#,E,109.875,55.0
880,E,A,0,A,"(1, 4, 9)",ii,A,C#,E,110.0,56.0
881,E,A,1,A,"(1, 4, 9)",ii,A,C#,E,110.125,56.0
882,E,A,2,A,"(1, 4, 9)",ii,A,C#,E,110.25,56.0
883,E,A,2,A,"(1, 4, 9)",ii,A,C#,E,110.375,56.0
884,D#,A,3,A,"(1, 4, 6, 9)",V7,A,A,E,110.5,56.0
885,D#,A,3,A,"(3, 6, 9, 11)",V7,A,A,E,110.625,56.0
886,D#,A,3,A,"(3, 6, 9, 11)",V7,A,A,E,110.75,56.0
887,D#,A,3,A,"(3, 6, 9, 11)",V7,A,A,E,110.875,56.0
888,F#,B,0,A,"(3, 6, 9, 11)",V7,A,D#,E,111.0,56.0
889,F#,B,1,A,"(3, 6, 9, 11)",V7,A,D#,E,111.125,56.0
890,F#,B,2,A,"(3, 6, 9, 11)",V7,A,D#,E,111.25,56.0
891,F#,B,2,A,"(3, 6, 9, 11)",V7,A,D#,E,111.375,56.0
892,F#,B,3,A,"(3, 6, 9, 11)",V7,A,D#,E,111.5,56.0
893,F#,B,3,A,"(3, 6, 9, 11)",V7,A,D#,E,111.625,56.0
894,F#,B,3,A,"(3, 6, 9, 11)",V7,A,D#,E,111.75,56.0
895,F#,B,3,A,"(3, 6, 9, 11)",V7,A,D#,E,111.875,56.0
896,B,E,0,A,"(4, 8, 11)",V,E,G#,E,112.0,57.0
897,B,E,1,A,"(4, 8, 11)",V,E,G#,E,112.125,57.0
898,B,E,2,A,"(4, 8, 11)",V,E,G#,E,112.25,57.0
899,B,E,2,A,"(4, 8, 11)",V,E,G#,E,112.375,57.0
900,B,E,3,A,"(4, 8, 11)",V,E,G#,E,112.5,57.0
901,B,E,3,A,"(4, 8, 11)",V,E,G#,E,112.625,57.0
902,B,E,3,A,"(4, 8, 11)",V,E,G#,E,112.75,57.0
903,B,E,3,A,"(4, 8, 11)",V,E,G#,E,112.875,57.0
904,B,E,4,A,"(4, 8, 11)",V,E,G#,E,113.0,57.0
905,B,E,4,A,"(4, 8, 11)",V,E,G#,E,113.125,57.0
906,B,E,4,A,"(4, 8, 11)",V,E,G#,E,113.25,57.0
907,B,E,4,A,"(4, 8, 11)",V,E,G#,E,113.375,57.0
908,B,G#,4,A,"(4, 8, 11)",V,E,G#,E,113.5,57.0
909,B,G#,4,A,"(4, 8, 11)",V,E,G#,E,113.625,57.0
910,B,G#,4,A,"(4, 8, 11)",V,E,G#,E,113.75,57.0
911,B,G#,4,A,"(4, 8, 11)",V,E,G#,E,113.875,57.0
912,E,A,0,A,"(1, 4, 9)",I,A,C#,E,114.0,58.0
913,E,A,1,E,"(1, 4, 9)",ii,A,C#,E,114.125,58.0
914,E,A,2,E,"(1, 4, 9)",ii,A,C#,E,114.25,58.0
915,E,A,2,E,"(1, 4, 9)",ii,A,C#,E,114.375,58.0
916,D#,A,3,A,"(3, 6, 9, 11)",V7,A,A,E,114.5,58.0
917,D#,A,3,A,"(3, 6, 9, 11)",V7,A,A,E,114.625,58.0
918,D#,A,3,E,"(3, 6, 9, 11)",V7,A,A,E,114.75,58.0
919,D#,A,3,E,"(3, 6, 9, 11)",V7,A,A,E,114.875,58.0
920,F#,B,0,A,"(3, 6, 9, 11)",V7,A,D#,E,115.0,58.0
921,F#,B,1,A,"(3, 6, 9, 11)",V7,A,D#,E,115.125,58.0
922,F#,B,2,A,"(3, 6, 9, 11)",V7,A,D#,E,115.25,58.0
923,F#,B,2,A,"(3, 6, 9, 11)",V7,A,D#,E,115.375,58.0
924,F#,B,3,A,"(3, 6, 9, 11)",V7,A,D#,E,115.5,58.0
925,F#,B,3,A,"(3, 6, 9, 11)",V7,A,D#,E,115.625,58.0
926,F#,B,3,A,"(3, 6, 9, 11)",V7,A,D#,E,115.75,58.0
927,F#,B,3,A,"(3, 6, 9, 11)",V7,A,D#,E,115.875,58.0
928,B,E,0,E,"(4, 8, 11)",V,E,G#,E,116.0,59.0
929,B,E,1,A,"(4, 8, 11)",V,E,G#,E,116.125,59.0
930,B,E,2,E,"(4, 8, 11)",V,E,G#,E,116.25,59.0
931,B,E,2,E,"(4, 8, 11)",V,E,G#,E,116.375,59.0
932,B,E,3,A,"(4, 8, 11)",V,E,G#,E,116.5,59.0
933,B,E,3,A,"(4, 8, 11)",V,E,G#,E,116.625,59.0
934,B,E,3,A,"(4, 8, 11)",V,E,G#,E,116.75,59.0
935,B,E,3,A,"(4, 8, 11)",V,E,G#,E,116.875,59.0
936,F#,D#,0,A,"(3, 6, 9, 11)",V7,B,F#,E,117.0,59.0
937,F#,D#,1,A,"(3, 6, 9, 11)",V7,B,F#,E,117.125,59.0
938,F#,D#,2,A,"(3, 6, 9, 11)",V7,B,F#,E,117.25,59.0
939,F#,D#,2,A,"(3, 6, 9, 11)",V7,B,F#,E,117.375,59.0
940,F#,B,3,A,"(3, 6, 9, 11)",V7,B,D#,E,117.5,59.0
941,F#,B,3,A,"(3, 6, 9, 11)",V7,B,D#,E,117.625,59.0
942,F#,B,3,A,"(3, 6, 9, 11)",V7,B,D#,E,117.75,59.0
943,F#,B,3,A,"(3, 6, 9, 11)",V7,B,D#,E,117.875,59.0
944,B,E,0,E,"(4, 8, 11)",I,E,G#,E,118.0,60.0
945,B,E,1,A,"(4, 8, 11)",I,E,G#,E,118.125,60.0
946,B,E,2,E,"(4, 8, 11)",V,E,G#,E,118.25,60.0
947,B,E,2,A,"(4, 8, 11)",V,E,G#,E,118.375,60.0
948,B,E,3,E,"(4, 8, 11)",V,E,G#,E,118.5,60.0
949,B,E,3,E,"(4, 8, 11)",V,E,G#,E,118.625,60.0
950,B,E,3,E,"(4, 8, 11)",V,E,G#,E,118.75,60.0
951,B,E,3,E,"(4, 8, 11)",V,E,G#,E,118.875,60.0
952,F#,B,0,E,"(3, 6, 9, 11)",V7,A,D#,E,119.0,60.0
953,F#,B,1,E,"(3, 6, 9, 11)",V7,A,D#,E,119.125,60.0
954,F#,B,2,E,"(3, 6, 9, 11)",V7,A,D#,E,119.25,60.0
955,F#,B,2,E,"(3, 6, 9, 11)",V7,A,D#,E,119.375,60.0
956,F#,B,3,E,"(3, 6, 9, 11)",V7,A,D#,E,119.5,60.0
957,F#,B,3,E,"(3, 6, 9, 11)",V7,A,D#,E,119.625,60.0
958,F#,B,3,E,"(3, 6, 9, 11)",V7,A,D#,E,119.75,60.0
959,F#,B,3,E,"(3, 6, 9, 11)",V7,A,D#,E,119.875,60.0
960,F#,B,0,A,"(3, 6, 9, 11)",V7,A,D#,E,120.0,61.0
961,F#,B,1,A,"(3, 6, 9, 11)",V7,A,D#,E,120.125,61.0
962,F#,B,2,A,"(3, 6, 9, 11)",V7,A,D#,E,120.25,61.0
963,F#,B,2,A,"(3, 6, 9, 11)",V7,A,D#,E,120.375,61.0
964,F#,B,3,A,"(3, 6, 9, 11)",V7,A,D#,E,120.5,61.0
965,F#,B,3,A,"(3, 6, 9, 11)",V7,A,D#,E,120.625,61.0
966,F#,B,3,A,"(3, 6, 9, 11)",V7,A,D#,E,120.75,61.0
967,F#,B,3,A,"(3, 6, 9, 11)",V7,A,D#,E,120.875,61.0
968,F#,B,4,E,"(3, 6, 9, 11)",V7,A,D#,E,121.0,61.0
969,F#,B,4,E,"(3, 6, 9, 11)",V7,A,D#,E,121.125,61.0
970,F#,B,4,E,"(3, 6, 9, 11)",V7,A,D#,E,121.25,61.0
971,F#,B,4,E,"(3, 6, 9, 11)",V7,A,D#,E,121.375,61.0
972,F#,B,4,E,"(3, 6, 9, 11)",V7,A,D#,E,121.5,61.0
973,F#,B,4,E,"(3, 6, 9, 11)",V7,A,D#,E,121.625,61.0
974,F#,B,4,E,"(3, 6, 9, 11)",V7,A,D#,E,121.75,61.0
975,F#,B,4,E,"(3, 6, 9, 11)",V7,A,D#,E,121.875,61.0
976,B,E,0,A,"(4, 8, 11)",I,E,G#,E,122.0,62.0
977,B,E,1,A,"(4, 8, 11)",I,E,G#,E,122.125,62.0
978,B,E,2,A,"(4, 8, 11)",I,E,G#,E,122.25,62.0
979,B,E,2,A,"(4, 8, 11)",I,E,G#,E,122.375,62.0
980,B,E,3,A,"(4, 8, 11)",I,E,G#,E,122.5,62.0
981,B,E,3,A,"(4, 8, 11)",I,E,G#,E,122.625,62.0
982,B,E,3,A,"(4, 8, 11)",I,E,G#,E,122.75,62.0
983,B,E,3,A,"(4, 8, 11)",I,E,G#,E,122.875,62.0
984,B,E,4,A,"(4, 8, 11)",I,E,G#,A,123.0,62.0
985,B,E,4,A,"(4, 8, 11)",I,E,G#,A,123.125,62.0
986,B,E,4,A,"(4, 8, 11)",I,E,G#,E,123.25,62.0
987,B,E,4,A,"(4, 8, 11)",I,E,G#,E,123.375,62.0
988,G#,C#,0,A,"(4, 8, 11)",I,A,E,E,123.5,62.0
989,G#,C#,4,A,"(1, 4, 9)",I,A,E,E,123.625,62.0
990,E,C#,4,A,"(1, 4, 9)",I,A,E,E,123.75,62.0
991,E,C#,4,A,"(1, 4, 9)",I,A,E,E,123.875,62.0
992,E,A#,0,A,"(1, 4, 6, 10)",V7,F#,C#,b,124.0,63.0
993,E,A#,1,A,"(1, 4, 6, 10)",V7,F#,C#,b,124.125,63.0
994,E,A#,2,A,"(1, 4, 6, 10)",V7,F#,C#,b,124.25,63.0
995,E,A#,2,A,"(1, 4, 6, 10)",V7,F#,C#,b,124.375,63.0
996,E,A#,3,A,"(1, 4, 6, 10)",V7,F#,C#,b,124.5,63.0
997,E,A#,3,A,"(1, 4, 6, 10)",V7,F#,C#,b,124.625,63.0
998,E,A#,3,A,"(1, 4, 6, 10)",V7,F#,C#,b,124.75,63.0
999,E,A#,3,A,"(1, 4, 6, 10)",V7,F#,C#,b,124.875,63.0
1000,E,A#,4,A,"(1, 4, 6, 10)",V7,F#,C#,b,125.0,63.0
1001,E,A#,4,A,"(1, 4, 6, 10)",V7,F#,C#,b,125.125,63.0
1002,E,A#,4,A,"(1, 4, 6, 10)",V7,F#,C#,b,125.25,63.0
1003,E,A#,4,A,"(1, 4, 6, 10)",V7,F#,C#,b,125.375,63.0
1004,E,A#,4,A,"(1, 4, 6, 10)",IV,F#,C#,b,125.5,63.0
1005,E,A#,4,A,"(1, 4, 6, 10)",IV,F#,C#,b,125.625,63.0
1006,E,A#,4,A,"(1, 4, 6, 10)",IV,F#,C#,b,125.75,63.0
1007,E,A#,4,A,"(1, 4, 6, 10)",IV,F#,C#,b,125.875,63.0
1008,F#,B,0,A,"(2, 6, 11)",ii,B,D,A,126.0,64.0
1009,F#,B,1,A,"(2, 6, 11)",ii,B,D,A,126.125,64.0
1010,F#,B,2,A,"(2, 6, 11)",ii,B,D,A,126.25,64.0
1011,F#,B,2,A,"(2, 6, 11)",ii,B,D,A,126.375,64.0
1012,F#,B,3,A,"(2, 6, 11)",ii,B,D,A,126.5,64.0
1013,F#,B,3,A,"(2, 6, 11)",ii,B,D,A,126.625,64.0
1014,E,B,3,A,"(2, 6, 11)",ii,B,D,A,126.75,64.0
1015,E,B,3,A,"(2, 6, 11)",ii,B,D,A,126.875,64.0
1016,E,B,4,A,"(2, 4, 8, 11)",V7,B,D,A,127.0,64.0
1017,E,B,4,A,"(2, 4, 8, 11)",V7,B,D,A,127.125,64.0
1018,E,B,4,A,"(2, 4, 8, 11)",V7,B,D,A,127.25,64.0
1019,E,B,4,A,"(2, 4, 8, 11)",V7,B,D,A,127.375,64.0
1020,E,G#,4,A,"(2, 4, 8, 11)",V7,E,B,A,127.5,64.0
1021,E,G#,4,A,"(2, 4, 8, 11)",V7,E,B,A,127.625,64.0
1022,E,G#,4,A,"(2, 4, 8, 11)",V7,E,B,A,127.75,64.0
1023,E,G#,4,A,"(2, 4, 8, 11)",V7,E,B,A,127.875,64.0
1024,E,A,0,A,"(1, 4, 9)",I,A,C#,A,128.0,65.0
1025,E,A,1,A,"(1, 4, 9)",I,A,C#,A,128.125,65.0
1026,E,A,2,A,"(1, 4, 9)",I,A,C#,A,128.25,65.0
1027,E,A,2,A,"(1, 4, 9)",I,A,C#,A,128.375,65.0
1028,E,A,3,A,"(1, 4, 9)",I,A,C#,A,128.5,65.0
1029,E,A,3,A,"(1, 4, 9)",I,A,C#,A,128.625,65.0
1030,E,A,3,A,"(1, 4, 9)",I,A,C#,A,128.75,65.0
1031,E,A,3,A,"(1, 4, 9)",I,A,C#,A,128.875,65.0
1032,E,B,0,A,"(2, 4, 8, 11)",V7,G#,C#,A,129.0,65.0
1033,E,B,1,A,"(2, 4, 8, 11)",V7,G#,D,A,129.125,65.0
1034,E,B,2,A,"(2, 4, 8, 11)",V7,G#,D,A,129.25,65.0
1035,E,B,2,A,"(2, 4, 8, 11)",V7,G#,D,A,129.375,65.0
1036,E,A,0,A,"(1, 4, 9)",I,A,C#,A,129.5,65.0
1037,E,A,1,A,"(1, 4, 9)",I,A,C#,A,129.625,65.0
1038,E,A,3,A,"(1, 4, 9)",I,A,C#,A,129.75,65.0
1039,E,A,2,A,"(1, 4, 9)",I,A,C#,A,129.875,65.0
1040,B,E,0,A,"(4, 8, 11)",V,E,G#,A,130.0,66.0
1041,B,E,1,A,"(4, 8, 11)",V,E,G#,A,130.125,66.0
1042,B,E,2,A,"(4, 8, 11)",V,E,G#,A,130.25,66.0
1043,B,E,2,A,"(4, 8, 11)",V,E,G#,A,130.375,66.0
1044,B,E,3,A,"(4, 8, 11)",V,E,G#,A,130.5,66.0
1045,B,E,3,A,"(4, 8, 11)",V,E,G#,A,130.625,66.0
1046,B,E,3,A,"(4, 8, 11)",V,E,G#,A,130.75,66.0
1047,B,E,3,A,"(4, 8, 11)",V,E,G#,A,130.875,66.0
1048,B,E,4,A,"(4, 8, 11)",V,E,G#,A,131.0,66.0
1049,B,E,4,A,"(4, 8, 11)",V,E,G#,A,131.125,66.0
1050,B,E,4,A,"(4, 8, 11)",V,E,G#,A,131.25,66.0
1051,B,E,4,A,"(4, 8, 11)",V,E,G#,A,131.375,66.0
1052,B,E,4,A,"(4, 8, 11)",V,E,G#,A,131.5,66.0
1053,B,E,4,A,"(4, 8, 11)",V,E,G#,A,131.625,66.0
1054,B,E,4,A,"(4, 8, 11)",V,E,G#,A,131.75,66.0
1055,B,E,4,A,"(4, 8, 11)",V,E,G#,A,131.875,66.0
1056,E,A,0,A,"(1, 4, 9)",I,A,C#,A,132.0,67.0
1057,E,A,1,A,"(1, 4, 9)",I,A,C#,A,132.125,67.0
1058,E,A,2,A,"(1, 4, 9)",I,A,C#,A,132.25,67.0
1059,E,A,2,A,"(1, 4, 9)",I,A,C#,A,132.375,67.0
1060,E,A,3,A,"(1, 4, 9)",I,A,C#,A,132.5,67.0
1061,E,A,3,A,"(1, 4, 9)",I,A,C#,A,132.625,67.0
1062,E,A,3,A,"(1, 4, 9)",I,A,C#,A,132.75,67.0
1063,E,A,3,A,"(1, 4, 9)",I,A,C#,A,132.875,67.0
1064,E,A,4,A,"(1, 4, 9)",I,A,C#,A,133.0,67.0
1065,E,A,4,A,"(1, 4, 9)",I,A,C#,A,133.125,67.0
1066,E,A,4,A,"(1, 4, 9)",I,A,C#,A,133.25,67.0
1067,E,A,4,A,"(1, 4, 9)",I,A,C#,A,133.375,67.0
1068,E,A,4,A,"(1, 4, 9)",I,A,C#,A,133.5,67.0
1069,E,A,4,A,"(1, 4, 9)",I,A,C#,A,133.625,67.0
1070,E,A,4,A,"(1, 4, 9)",I,A,C#,A,133.75,67.0
1071,E,A,4,A,"(1, 4, 9)",I,A,C#,A,133.875,67.0
1072,E,G#,0,A,"(4, 8, 11)",V7,E,B,A,134.0,68.0
1073,E,G#,1,A,"(4, 8, 11)",V7,E,B,A,134.125,68.0
1074,E,G#,2,A,"(4, 8, 11)",V7,E,B,A,134.25,68.0
1075,E,G#,2,A,"(4, 8, 11)",V7,E,B,A,134.375,68.0
1076,E,G#,3,A,"(4, 8, 11)",V7,E,B,A,134.5,68.0
1077,E,G#,3,A,"(4, 8, 11)",V7,E,B,A,134.625,68.0
1078,E,G#,3,A,"(4, 8, 11)",V7,E,B,A,134.75,68.0
1079,E,G#,3,A,"(4, 8, 11)",V7,E,B,A,134.875,68.0
1080,E,G#,4,A,"(4, 8, 11)",V7,E,B,A,135.0,68.0
1081,E,G#,4,A,"(4, 8, 11)",V7,E,B,A,135.125,68.0
1082,E,G#,4,A,"(2, 4, 8, 11)",V7,E,B,A,135.25,68.0
1083,E,G#,4,A,"(2, 4, 8, 11)",V7,E,B,A,135.375,68.0
1084,E,G#,4,A,"(2, 4, 8, 11)",V7,E,B,A,135.5,68.0
1085,E,G#,4,A,"(2, 4, 8, 11)",V7,E,B,A,135.625,68.0
1086,E,G#,4,A,"(2, 4, 8, 11)",V7,E,B,A,135.75,68.0
1087,E,G#,4,A,"(2, 4, 8, 11)",V7,E,B,A,135.875,68.0
1088,E,A,0,A,"(1, 4, 9)",I,A,C#,A,136.0,69.0
1089,E,A,1,A,"(1, 4, 9)",I,A,C#,A,136.125,69.0
1090,E,A,2,A,"(1, 4, 9)",I,A,C#,A,136.25,69.0
1091,E,A,2,A,"(1, 4, 9)",I,A,C#,A,136.375,69.0
1092,E,A,3,A,"(1, 4, 9)",I,A,C#,A,136.5,69.0
1093,E,A,3,A,"(1, 4, 9)",I,A,C#,A,136.625,69.0
1094,E,A,3,A,"(1, 4, 9)",I,A,C#,A,136.75,69.0
1095,E,A,3,A,"(1, 4, 9)",I,A,C#,A,136.875,69.0
1096,E,A,4,A,"(1, 4, 9)",I,A,C#,A,137.0,69.0
1097,E,A,4,A,"(1, 4, 9)",I,A,C#,A,137.125,69.0
1098,E,A,4,A,"(1, 4, 9)",I,A,C#,A,137.25,69.0
1099,E,A,4,A,"(1, 4, 9)",I,A,C#,A,137.375,69.0
1100,E,A,4,A,"(1, 4, 9)",I,A,C#,A,137.5,69.0
1101,E,A,4,A,"(1, 4, 9)",I,A,C#,A,137.625,69.0
1102,E,A,4,A,"(1, 4, 9)",I,A,C#,A,137.75,69.0
1103,E,A,4,A,"(1, 4, 9)",I,A,C#,A,137.875,69.0
1104,E,G#,0,A,"(4, 8, 11)",V7,E,B,A,138.0,70.0
1105,E,G#,1,A,"(4, 8, 11)",V7,E,B,A,138.125,70.0
1106,E,G#,2,A,"(4, 8, 11)",V7,E,B,A,138.25,70.0
1107,E,G#,2,A,"(4, 8, 11)",V7,E,B,A,138.375,70.0
1108,E,G#,3,A,"(4, 8, 11)",V7,E,B,A,138.5,70.0
1109,E,G#,3,A,"(4, 8, 11)",V7,E,B,A,138.625,70.0
1110,E,G#,3,A,"(2, 4, 8, 11)",V7,E,B,A,138.75,70.0
1111,E,G#,3,A,"(2, 4, 8, 11)",V7,E,B,A,138.875,70.0
1112,E,G#,4,A,"(2, 4, 8, 11)",V7,E,B,A,139.0,70.0
1113,E,G#,4,A,"(2, 4, 8, 11)",V7,E,B,A,139.125,70.0
1114,E,G#,4,A,"(2, 4, 8, 11)",V7,E,B,A,139.25,70.0
1115,E,G#,4,A,"(2, 4, 8, 11)",V7,E,B,A,139.375,70.0
1116,D,G#,4,A,"(2, 4, 8, 11)",V7,E,B,A,139.5,70.0
1117,D,G#,4,A,"(2, 4, 8, 11)",V7,E,B,A,139.625,70.0
1118,D,G#,4,A,"(2, 4, 8, 11)",V7,E,B,A,139.75,70.0
1119,D,G#,4,A,"(2, 4, 8, 11)",V7,E,B,A,139.875,70.0
1120,E,A,0,A,"(1, 4, 9)",I,A,C#,A,140.0,71.0
1121,E,A,1,A,"(1, 4, 9)",I,A,C#,A,140.125,71.0
1122,E,A,2,A,"(1, 4, 9)",I,A,C#,A,140.25,71.0
1123,E,A,2,A,"(1, 4, 9)",I,A,C#,A,140.375,71.0
1124,E,A,3,A,"(1, 4, 9)",I,A,C#,A,140.5,71.0
1125,E,A,3,A,"(1, 4, 9)",I,A,C#,A,140.625,71.0
1126,E,A,3,A,"(1, 4, 9)",I,A,C#,A,140.75,71.0
1127,E,A,3,A,"(1, 4, 9)",I,A,C#,A,140.875,71.0
1128,E,A,4,A,"(1, 4, 9)",I,A,C#,A,141.0,71.0
1129,E,A,4,A,"(1, 4, 9)",I,A,C#,A,141.125,71.0
1130,E,A,4,A,"(1, 4, 9)",I,A,C#,A,141.25,71.0
1131,E,A,4,A,"(1, 4, 9)",I,A,C#,A,141.375,71.0
1132,B,D,0,A,"(2, 4, 8, 11)",V7,D,F#,A,141.5,71.0
1133,B,D,1,A,"(2, 4, 8, 11)",V7,D,F#,A,141.625,71.0
1134,B,D,2,A,"(2, 4, 8, 11)",V7,D,F#,A,141.75,71.0
1135,B,D,2,A,"(2, 4, 8, 11)",V7,D,F#,A,141.875,71.0
1136,C#,F#,0,A,"(2, 6, 9)",IV,D,A,A,142.0,72.0
1137,C#,F#,1,A,"(2, 6, 9)",IV,D,A,A,142.125,72.0
1138,C#,F#,2,A,"(2, 6, 9)",IV,D,A,A,142.25,72.0
1139,C#,F#,2,A,"(2, 6, 9)",IV,D,A,A,142.375,72.0
1140,C#,F#,3,A,"(1, 4, 9)",I,A,A,A,142.5,72.0
1141,C#,F#,3,A,"(1, 4, 9)",I,A,A,A,142.625,72.0
1142,C#,F#,3,A,"(1, 4, 9)",I,A,A,A,142.75,72.0
1143,C#,F#,3,A,"(1, 4, 9)",I,A,A,A,142.875,72.0
1144,A,D,0,A,"(2, 6, 9)",I,D,A,A,143.0,72.0
1145,A,D,4,A,"(2, 6, 9)",I,D,A,A,143.125,72.0
1146,A,D,2,A,"(2, 6, 9)",I,D,A,A,143.25,72.0
1147,A,D,2,A,"(2, 6, 9)",I,D,A,A,143.375,72.0
1148,A,D,4,A,"(2, 6, 9)",IV,D,F#,A,143.5,72.0
1149,A,D,4,A,"(2, 6, 9)",IV,D,F#,A,143.625,72.0
1150,A,D,4,A,"(2, 6, 9)",IV,D,F#,A,143.75,72.0
1151,A,D,4,A,"(2, 6, 9)",IV,D,F#,A,143.875,72.0
1152,B,E,0,A,"(2, 4, 8, 11)",V7,D,G#,A,144.0,73.0
1153,B,E,1,A,"(2, 4, 8, 11)",V7,D,G#,A,144.125,73.0
1154,B,E,2,A,"(2, 4, 8, 11)",V7,D,G#,A,144.25,73.0
1155,B,E,2,A,"(2, 4, 8, 11)",V7,D,G#,A,144.375,73.0
1156,B,E,3,A,"(2, 4, 8, 11)",V7,D,G#,A,144.5,73.0
1157,B,E,3,A,"(2, 4, 8, 11)",V7,D,G#,A,144.625,73.0
1158,B,E,3,A,"(2, 4, 8, 11)",V7,D,G#,A,144.75,73.0
1159,B,E,3,A,"(2, 4, 8, 11)",V7,D,G#,A,144.875,73.0
1160,B,E,4,A,"(2, 4, 8, 11)",V7,D,G#,A,145.0,73.0
1161,B,E,4,A,"(2, 4, 8, 11)",V7,D,G#,A,145.125,73.0
1162,B,E,4,A,"(2, 4, 8, 11)",V7,D,G#,A,145.25,73.0
1163,B,E,4,A,"(2, 4, 8, 11)",V7,D,G#,A,145.375,73.0
1164,B,E,4,A,"(2, 4, 8, 11)",V7,D,G#,A,145.5,73.0
1165,B,E,4,A,"(2, 4, 8, 11)",V7,D,G#,A,145.625,73.0
1166,B,E,4,A,"(2, 4, 8, 11)",V7,D,G#,A,145.75,73.0
1167,B,E,4,A,"(2, 4, 8, 11)",V7,D,G#,A,145.875,73.0
1168,D,F#,0,A,"(2, 6, 9)",IV,D,A,A,146.0,74.0
1169,D,F#,1,A,"(2, 6, 9)",IV,D,A,A,146.125,74.0
1170,D,F#,2,A,"(2, 6, 9)",IV,D,A,A,146.25,74.0
1171,D,F#,2,A,"(2, 6, 9)",IV,D,A,A,146.375,74.0
1172,D,F#,3,A,"(2, 6, 9)",IV,D,A,A,146.5,74.0
1173,D,F#,3,A,"(2, 6, 9)",IV,D,A,A,146.625,74.0
1174,D,F#,3,A,"(2, 6, 9)",IV,D,A,A,146.75,74.0
1175,D,F#,3,A,"(2, 6, 9)",IV,D,A,A,146.875,74.0
1176,D,F#,4,A,"(2, 6, 9)",IV,D,A,A,147.0,74.0
1177,D,F#,4,A,"(2, 6, 9)",IV,D,A,A,147.125,74.0
1178,D,F#,4,A,"(2, 6, 9)",IV,D,A,A,147.25,74.0
1179,D,F#,4,A,"(2, 6, 9)",IV,D,A,A,147.375,74.0
1180,D,F#,4,A,"(2, 6, 9)",IV,D,A,A,147.5,74.0
1181,D,F#,4,A,"(2, 6, 9)",IV,D,A,A,147.625,74.0
1182,D,F#,4,A,"(2, 6, 9)",IV,D,A,A,147.75,74.0
1183,D,F#,4,A,"(2, 6, 9)",IV,D,A,A,147.875,74.0
1184,B,E,0,A,"(2, 4, 8, 11)",V7,D,G#,A,148.0,75.0
1185,B,E,1,A,"(2, 4, 8, 11)",V7,D,G#,A,148.125,75.0
1186,B,E,2,A,"(2, 4, 8, 11)",V7,D,G#,A,148.25,75.0
1187,B,E,2,A,"(2, 4, 8, 11)",V7,D,G#,A,148.375,75.0
1188,B,E,3,A,"(2, 4, 8, 11)",V7,D,G#,A,148.5,75.0
1189,B,E,3,A,"(2, 4, 8, 11)",V7,D,G#,A,148.625,75.0
1190,B,E,3,A,"(2, 4, 8, 11)",V7,D,G#,A,148.75,75.0
1191,B,E,3,A,"(2, 4, 8, 11)",V7,D,G#,A,148.875,75.0
1192,B,E,4,A,"(2, 4, 8, 11)",V7,D,G#,A,149.0,75.0
1193,B,E,4,A,"(2, 4, 8, 11)",V7,D,G#,A,149.125,75.0
1194,B,E,4,A,"(2, 4, 8, 11)",V7,D,G#,A,149.25,75.0
1195,B,E,4,A,"(2, 4, 8, 11)",V7,D,G#,A,149.375,75.0
1196,B,E,4,A,"(2, 4, 8, 11)",V7,D,G#,A,149.5,75.0
1197,B,E,4,A,"(2, 4, 8, 11)",V7,D,G#,A,149.625,75.0
1198,B,E,4,A,"(2, 4, 8, 11)",V7,D,G#,A,149.75,75.0
1199,B,E,2,A,"(2, 4, 8, 11)",V7,D,G#,A,149.875,75.0
1200,E,A,0,A,"(1, 4, 9)",I,A,C#,A,150.0,76.0
1201,E,A,1,A,"(1, 4, 9)",I,A,C#,A,150.125,76.0
1202,E,A,2,A,"(1, 4, 9)",I,A,C#,A,150.25,76.0
1203,E,A,2,A,"(1, 4, 9)",I,A,C#,A,150.375,76.0
1204,E,A,3,A,"(1, 4, 9)",I,A,C#,A,150.5,76.0
1205,E,A,3,A,"(1, 4, 9)",I,A,C#,A,150.625,76.0
1206,E,A,3,A,"(1, 4, 9)",I,A,C#,A,150.75,76.0
1207,E,A,3,A,"(1, 4, 9)",I,A,C#,A,150.875,76.0
1208,E,A,4,A,"(1, 4, 9)",I,A,C#,A,151.0,76.0
1209,E,A,4,A,"(1, 4, 9)",I,A,C#,A,151.125,76.0
1210,E,A,4,A,"(1, 4, 9)",I,A,C#,A,151.25,76.0
1211,E,A,4,A,"(1, 4, 9)",I,A,C#,A,151.375,76.0
1212,E,A,4,A,"(1, 4, 9)",I,A,C#,A,151.5,76.0
1213,E,A,4,A,"(1, 4, 9)",I,A,C#,A,151.625,76.0
1214,E,A,4,A,"(1, 4, 9)",I,A,C#,A,151.75,76.0
1215,E,A,4,A,"(1, 4, 9)",I,A,C#,A,151.875,76.0
1216,E,A,0,A,"(1, 4, 9)",I,A,C#,A,152.0,77.0
1217,E,A,1,A,"(1, 4, 9)",I,A,C#,A,152.125,77.0
1218,E,A,2,A,"(1, 4, 9)",I,A,C#,A,152.25,77.0
1219,E,A,2,A,"(1, 4, 9)",I,A,C#,A,152.375,77.0
1220,E,A,3,A,"(1, 4, 9)",I,A,C#,A,152.5,77.0
1221,E,A,3,A,"(1, 4, 9)",I,A,C#,A,152.625,77.0
1222,E,A,3,A,"(1, 4, 9)",I,A,C#,A,152.75,77.0
1223,E,A,3,A,"(1, 4, 9)",I,A,C#,A,152.875,77.0
1224,E,A,4,A,"(1, 4, 9)",I,A,C#,A,153.0,77.0
1225,E,A,4,A,"(1, 4, 9)",I,A,C#,A,153.125,77.0
1226,E,A,4,A,"(1, 4, 9)",I,A,C#,A,153.25,77.0
1227,E,A,4,A,"(1, 4, 9)",I,A,C#,A,153.375,77.0
1228,E,A,4,A,"(1, 4, 9)",I,A,C#,A,153.5,77.0
1229,E,A,4,A,"(1, 4, 9)",I,A,C#,A,153.625,77.0
1230,E,A,4,A,"(1, 4, 9)",I,A,C#,A,153.75,77.0
1231,E,A,4,A,"(1, 4, 9)",I,A,C#,A,153.875,77.0
1232,E,A,0,A,"(1, 4, 9)",I,A,C#,A,154.0,78.0
1233,E,A,1,A,"(1, 4, 9)",I,A,C#,A,154.125,78.0
1234,E,A,2,A,"(1, 4, 9)",I,A,C#,A,154.25,78.0
1235,E,A,2,A,"(1, 4, 9)",I,A,C#,A,154.375,78.0
1236,E,A,3,A,"(1, 4, 9)",I,A,C#,A,154.5,78.0
1237,E,A,3,A,"(1, 4, 9)",I,A,C#,A,154.625,78.0
1238,E,A,3,A,"(1, 4, 9)",I,A,C#,A,154.75,78.0
1239,E,A,3,A,"(1, 4, 9)",I,A,C#,A,154.875,78.0
1240,E,A,4,A,"(1, 4, 9)",I,A,C#,A,155.0,78.0
1241,E,A,4,A,"(1, 4, 9)",I,A,C#,A,155.125,78.0
1242,E,A,4,A,"(1, 4, 9)",I,A,C#,A,155.25,78.0
1243,E,A,4,A,"(1, 4, 9)",I,A,C#,A,155.375,78.0
1244,E,A,4,A,"(1, 4, 9)",I,A,C#,A,155.5,78.0
1245,E,A,4,A,"(1, 4, 9)",I,A,C#,A,155.625,78.0
1246,E,A,4,A,"(1, 4, 9)",I,A,C#,A,155.75,78.0
1247,E,A,4,A,"(1, 4, 9)",I,A,C#,A,155.875,78.0
1248,E,A,0,A,"(1, 4, 9)",I,A,C#,A,156.0,79.0
1249,E,A,1,A,"(1, 4, 9)",I,A,C#,A,156.125,79.0
1250,E,A,2,A,"(1, 4, 9)",I,A,C#,A,156.25,79.0
1251,E,A,2,A,"(1, 4, 9)",I,A,C#,A,156.375,79.0
1252,E,A,3,A,"(1, 4, 9)",I,A,C#,A,156.5,79.0
1253,E,A,3,A,"(1, 4, 9)",I,A,C#,A,156.625,79.0
1254,E,A,3,A,"(1, 4, 9)",I,A,C#,A,156.75,79.0
1255,E,A,3,A,"(1, 4, 9)",I,A,C#,A,156.875,79.0
1256,E,A,4,A,"(1, 4, 9)",I,A,G#,A,157.0,79.0
1257,E,A,4,A,"(1, 4, 9)",I,A,G#,A,157.125,79.0
1258,E,A,4,A,"(1, 4, 9)",I,A,G#,A,157.25,79.0
1259,E,A,4,A,"(1, 4, 9)",I,A,G#,A,157.375,79.0
1260,B,D,0,A,"(2, 4, 8, 11)",V7,B,E,A,157.5,79.0
1261,B,D,1,A,"(2, 4, 8, 11)",V7,D,E,A,157.625,79.0
1262,B,D,2,A,"(2, 4, 8, 11)",V7,D,E,A,157.75,79.0
1263,B,D,2,A,"(2, 4, 8, 11)",V7,D,E,A,157.875,79.0
1264,E,A,0,A,"(1, 4, 9)",I,A,C#,A,158.0,80.0
1265,E,A,1,A,"(1, 4, 9)",I,A,C#,A,158.125,80.0
1266,E,A,2,A,"(1, 4, 9)",I,A,C#,A,158.25,80.0
1267,E,A,2,A,"(1, 4, 9)",I,A,C#,A,158.375,80.0
1268,E,A,3,A,"(1, 4, 9)",I,A,C#,A,158.5,80.0
1269,E,A,3,A,"(1, 4, 9)",I,A,C#,A,158.625,80.0
1270,E,A,3,A,"(1, 4, 9)",I,A,C#,A,158.75,80.0
1271,E,A,3,A,"(1, 4, 9)",I,A,C#,A,158.875,80.0
1272,D,G#,0,A,"(2, 4, 8, 11)",V7,E,B,A,159.0,80.0
1273,D,G#,1,A,"(2, 4, 8, 11)",V7,E,B,A,159.125,80.0
1274,D,G#,2,A,"(2, 4, 8, 11)",V7,E,B,A,159.25,80.0
1275,D,G#,2,A,"(2, 4, 8, 11)",V7,E,B,A,159.375,80.0
1276,E,A,0,A,"(1, 4, 9)",I,A,C#,A,159.5,80.0
1277,E,A,1,A,"(1, 4, 9)",I,A,C#,A,159.625,80.0
1278,E,A,2,A,"(1, 4, 9)",I,A,C#,A,159.75,80.0
1279,E,A,3,A,"(1, 4, 9)",I,A,C#,A,159.875,80.0
1280,B,E,0,A,"(4, 8, 11)",I,E,G#,A,160.0,81.0
1281,B,E,1,A,"(4, 8, 11)",I,E,G#,A,160.125,81.0
1282,B,E,2,A,"(4, 8, 11)",I,E,G#,A,160.25,81.0
1283,B,E,2,A,"(4, 8, 11)",I,E,G#,A,160.375,81.0
1284,B,E,3,A,"(4, 8, 11)",I,E,G#,A,160.5,81.0
1285,B,E,3,A,"(4, 8, 11)",I,E,G#,A,160.625,81.0
1286,B,E,3,A,"(4, 8, 11)",I,E,G#,A,160.75,81.0
1287,B,E,3,A,"(4, 8, 11)",I,E,G#,A,160.875,81.0
1288,B,E,4,A,"(4, 8, 11)",V,E,G#,A,161.0,81.0
1289,B,E,4,A,"(4, 8, 11)",V,E,G#,A,161.125,81.0
1290,B,E,4,A,"(4, 8, 11)",V,E,G#,A,161.25,81.0
1291,B,E,4,A,"(4, 8, 11)",V,E,G#,A,161.375,81.0
1292,B,E,4,A,"(4, 8, 11)",V,E,G#,A,161.5,81.0
1293,B,E,4,A,"(4, 8, 11)",V,E,G#,A,161.625,81.0
1294,B,E,4,A,"(4, 8, 11)",V,E,G#,A,161.75,81.0
1295,B,E,4,A,"(4, 8, 11)",V,E,G#,A,161.875,81.0
1296,B,E,0,A,"(4, 8, 11)",I,E,G#,A,162.0,82.0
1297,B,E,1,A,"(4, 8, 11)",I,A,G#,A,162.125,82.0
1298,B,E,2,A,"(4, 8, 11)",I,A,G#,A,162.25,82.0
1299,B,E,2,A,"(4, 8, 11)",I,A,G#,A,162.375,82.0
1300,E,E,3,A,"(4, 8, 11)",I,A,G#,A,162.5,82.0
1301,E,E,3,A,"(4, 8, 11)",I,A,G#,A,162.625,82.0
1302,E,E,3,A,"(4, 8, 11)",I,A,G#,A,162.75,82.0
1303,E,E,3,A,"(4, 8, 11)",I,A,G#,A,162.875,82.0
1304,E,E,4,A,"(4, 8, 11)",I,A,G#,A,163.0,82.0
1305,E,E,4,A,"(4, 8, 11)",I,A,G#,A,163.125,82.0
1306,E,E,4,A,"(4, 8, 11)",I,A,G#,A,163.25,82.0
1307,E,E,4,A,"(4, 8, 11)",I,A,G#,A,163.375,82.0
1308,B,E,4,A,"(4, 8, 11)",I,A,G#,A,163.5,82.0
1309,B,E,4,A,"(4, 8, 11)",I,A,G#,A,163.625,82.0
1310,B,E,4,A,"(4, 8, 11)",I,A,G#,A,163.75,82.0
1311,B,E,4,A,"(4, 8, 11)",I,A,G#,A,163.875,82.0
1312,B,E,0,A,"(4, 8, 11)",I,E,G#,A,164.0,83.0
1313,B,E,1,A,"(4, 8, 11)",I,E,G#,A,164.125,83.0
1314,B,E,2,A,"(4, 8, 11)",I,E,G#,A,164.25,83.0
1315,B,E,2,A,"(4, 8, 11)",I,E,G#,A,164.375,83.0
1316,B,E,3,A,"(4, 8, 11)",I,E,G#,A,164.5,83.0
1317,B,E,3,A,"(4, 8, 11)",I,E,G#,A,164.625,83.0
1318,B,E,3,A,"(4, 8, 11)",I,E,G#,A,164.75,83.0
1319,B,E,3,A,"(4, 8, 11)",I,E,G#,A,164.875,83.0
1320,B,E,4,A,"(4, 8, 11)",V7,E,G#,A,165.0,83.0
1321,B,E,4,A,"(4, 8, 11)",V7,E,G#,A,165.125,83.0
1322,B,E,4,A,"(4, 8, 11)",V7,E,G#,A,165.25,83.0
1323,B,E,4,A,"(4, 8, 11)",V7,E,G#,A,165.375,83.0
1324,B,D,0,A,"(2, 4, 8, 11)",V7,B,E,A,165.5,83.0
1325,B,D,1,A,"(2, 4, 8, 11)",V7,B,E,A,165.625,83.0
1326,B,D,4,A,"(2, 4, 8, 11)",V7,B,E,A,165.75,83.0
1327,B,D,4,A,"(2, 4, 8, 11)",V7,B,E,A,165.875,83.0
1328,E,A,0,A,"(1, 4, 9)",I,A,C#,A,166.0,84.0
1329,E,A,1,A,"(1, 4, 9)",I,A,C#,A,166.125,84.0
1330,E,A,2,A,"(1, 4, 9)",I,A,C#,A,166.25,84.0
1331,E,A,2,A,"(1, 4, 9)",I,A,C#,A,166.375,84.0
1332,E,A,3,A,"(1, 4, 9)",I,A,C#,A,166.5,84.0
1333,E,A,3,A,"(1, 4, 9)",I,A,C#,A,166.625,84.0
1334,E,A,3,A,"(1, 4, 9)",I,A,C#,A,166.75,84.0
1335,E,A,3,A,"(1, 4, 9)",I,A,C#,A,166.875,84.0
1336,E,G#,0,A,"(2, 4, 8, 11)",V7,E,B,A,167.0,84.0
1337,E,G#,1,A,"(2, 4, 8, 11)",V7,E,B,A,167.125,84.0
1338,E,G#,2,A,"(2, 4, 8, 11)",V7,E,B,A,167.25,84.0
1339,E,G#,2,A,"(2, 4, 8, 11)",V7,E,B,A,167.375,84.0
1340,E,A,0,A,"(1, 4, 9)",I,A,C#,A,167.5,84.0
1341,E,A,1,A,"(1, 4, 9)",I,A,C#,A,167.625,84.0
1342,E,A,2,A,"(1, 4, 9)",I,A,C#,A,167.75,84.0
1343,E,A,2,A,"(1, 4, 9)",I,A,C#,A,167.875,84.0
1344,B,E,0,A,"(4, 8, 11)",V,E,G#,A,168.0,85.0
1345,B,E,1,A,"(4, 8, 11)",V,E,G#,A,168.125,85.0
1346,B,E,2,A,"(4, 8, 11)",V,E,G#,A,168.25,85.0
1347,B,E,2,A,"(4, 8, 11)",V,E,G#,A,168.375,85.0
1348,B,E,3,A,"(4, 8, 11)",V,E,G#,A,168.5,85.0
1349,B,E,3,A,"(4, 8, 11)",V,E,G#,A,168.625,85.0
1350,B,E,3,A,"(4, 8, 11)",V,E,G#,A,168.75,85.0
1351,B,E,3,A,"(4, 8, 11)",V,E,G#,A,168.875,85.0
1352,B,E,4,A,"(4, 8, 11)",V,E,G#,A,169.0,85.0
1353,B,E,4,A,"(4, 8, 11)",V,E,G#,A,169.125,85.0
1354,B,E,4,A,"(4, 8, 11)",V,E,G#,A,169.25,85.0
1355,B,E,4,A,"(4, 8, 11)",V,E,G#,A,169.375,85.0
1356,B,E,4,A,"(4, 8, 11)",V,E,G#,A,169.5,85.0
1357,B,E,4,A,"(4, 8, 11)",V,E,G#,A,169.625,85.0
1358,B,E,4,A,"(4, 8, 11)",V,E,G#,A,169.75,85.0
1359,B,E,4,A,"(4, 8, 11)",V,E,G#,A,169.875,85.0
1360,B,D#,0,A,"(3, 6, 11)",V,B,F#,E,170.0,86.0
1361,B,D#,1,A,"(3, 6, 11)",V,B,F#,E,170.125,86.0
1362,B,D#,2,A,"(3, 6, 11)",V,B,F#,E,170.25,86.0
1363,B,D#,2,A,"(3, 6, 11)",V,B,F#,E,170.375,86.0
1364,B,D#,3,A,"(3, 6, 11)",V,B,F#,E,170.5,86.0
1365,B,D#,3,A,"(3, 6, 11)",V,B,F#,E,170.625,86.0
1366,B,D#,3,A,"(3, 6, 11)",V,B,F#,E,170.75,86.0
1367,B,D#,3,A,"(3, 6, 11)",V,B,F#,E,170.875,86.0
1368,B,D#,4,A,"(3, 6, 11)",V,B,F#,E,171.0,86.0
1369,B,D#,4,A,"(3, 6, 11)",V,B,F#,E,171.125,86.0
1370,B,D#,4,A,"(3, 6, 11)",V,B,F#,E,171.25,86.0
1371,B,D#,4,A,"(3, 6, 11)",V,B,F#,E,171.375,86.0
1372,B,D#,4,A,"(3, 6, 11)",V,B,F#,E,171.5,86.0
1373,B,D#,4,A,"(3, 6, 11)",V,B,F#,E,171.625,86.0
1374,B,D#,4,A,"(3, 6, 11)",V,B,F#,E,171.75,86.0
1375,B,D#,4,A,"(3, 6, 11)",V,B,F#,E,171.875,86.0
1376,B,E,0,A,"(4, 8, 11)",V,E,G#,A,172.0,87.0
1377,B,E,1,A,"(4, 8, 11)",V,E,G#,A,172.125,87.0
1378,B,E,2,A,"(4, 8, 11)",V,E,G#,A,172.25,87.0
1379,B,E,2,A,"(4, 8, 11)",V,E,G#,A,172.375,87.0
1380,B,E,3,A,"(4, 8, 11)",V,E,G#,A,172.5,87.0
1381,B,E,3,A,"(4, 8, 11)",V,E,G#,A,172.625,87.0
1382,B,E,3,A,"(4, 8, 11)",V,E,G#,A,172.75,87.0
1383,B,E,3,A,"(4, 8, 11)",V,E,G#,A,172.875,87.0
1384,B,E,4,A,"(4, 8, 11)",V,E,G#,A,173.0,87.0
1385,B,E,4,A,"(4, 8, 11)",V,E,G#,A,173.125,87.0
1386,B,E,4,A,"(4, 8, 11)",V,E,G#,A,173.25,87.0
1387,B,E,4,A,"(4, 8, 11)",V,E,G#,A,173.375,87.0
1388,B,E,4,A,"(4, 8, 11)",V,E,G#,A,173.5,87.0
1389,B,E,4,A,"(4, 8, 11)",V,E,G#,A,173.625,87.0
1390,B,E,4,A,"(4, 8, 11)",V,E,G#,A,173.75,87.0
1391,B,E,4,A,"(4, 8, 11)",V,E,G#,A,173.875,87.0
1392,B,D#,0,A,"(4, 8, 11)",V,B,F#,E,174.0,88.0
1393,B,D#,1,A,"(3, 6, 11)",V,B,F#,E,174.125,88.0
1394,B,D#,2,A,"(3, 6, 11)",V,B,F#,E,174.25,88.0
1395,B,D#,2,A,"(3, 6, 11)",V,B,F#,E,174.375,88.0
1396,B,D#,3,A,"(3, 6, 11)",V,B,F#,E,174.5,88.0
1397,B,D#,3,A,"(3, 6, 11)",V,B,F#,E,174.625,88.0
1398,B,D#,3,A,"(3, 6, 11)",V,B,F#,E,174.75,88.0
1399,B,D#,3,A,"(3, 6, 11)",V,B,F#,E,174.875,88.0
1400,B,D#,4,A,"(3, 6, 11)",V,B,F#,E,175.0,88.0
1401,B,D#,4,A,"(3, 6, 11)",V,B,F#,E,175.125,88.0
1402,B,D#,4,A,"(3, 6, 11)",V,B,F#,E,175.25,88.0
1403,B,D#,4,A,"(3, 6, 11)",V,B,F#,E,175.375,88.0
1404,B,D#,4,A,"(3, 6, 11)",V,B,F#,E,175.5,88.0
1405,B,D#,4,A,"(3, 6, 11)",V,B,F#,E,175.625,88.0
1406,B,D#,4,A,"(3, 6, 11)",V,B,F#,E,175.75,88.0
1407,B,D#,4,A,"(3, 6, 11)",V,B,F#,E,175.875,88.0
1408,B,E,0,A,"(4, 8, 11)",V,E,G#,A,176.0,89.0
1409,B,E,1,A,"(4, 8, 11)",V,E,G#,A,176.125,89.0
1410,B,E,2,A,"(4, 8, 11)",V,E,G#,A,176.25,89.0
1411,B,E,2,A,"(4, 8, 11)",V,E,G#,A,176.375,89.0
1412,B,E,3,A,"(4, 8, 11)",V,E,G#,A,176.5,89.0
1413,B,E,3,A,"(4, 8, 11)",V,E,G#,A,176.625,89.0
1414,B,E,3,A,"(4, 8, 11)",V,E,G#,A,176.75,89.0
1415,B,E,3,A,"(4, 8, 11)",V,E,G#,A,176.875,89.0
1416,B,E,4,A,"(4, 8, 11)",V,E,G#,A,177.0,89.0
1417,B,E,4,A,"(4, 8, 11)",V,E,G#,A,177.125,89.0
1418,B,E,4,A,"(4, 8, 11)",V,E,G#,A,177.25,89.0
1419,B,E,4,A,"(4, 8, 11)",V,E,G#,A,177.375,89.0
1420,B,E,4,A,"(4, 8, 11)",V,E,G#,A,177.5,89.0
1421,B,E,4,A,"(4, 8, 11)",V,E,G#,A,177.625,89.0
1422,B,E,4,A,"(4, 8, 11)",V,E,G#,A,177.75,89.0
1423,B,E,4,A,"(4, 8, 11)",V,E,G#,A,177.875,89.0
1424,E,A,0,A,"(1, 4, 9)",I,A,C#,A,178.0,90.0
1425,E,A,1,A,"(1, 4, 9)",I,A,C#,A,178.125,90.0
1426,E,A,2,A,"(1, 4, 9)",I,A,C#,A,178.25,90.0
1427,E,A,2,A,"(1, 4, 9)",I,A,C#,A,178.375,90.0
1428,E,A,3,A,"(1, 4, 9)",I,A,C#,E,178.5,90.0
1429,E,A,3,A,"(1, 4, 9)",I,A,C#,E,178.625,90.0
1430,E,A,3,A,"(1, 4, 9)",I,A,C#,E,178.75,90.0
1431,E,A,3,A,"(1, 4, 9)",I,A,C#,E,178.875,90.0
1432,B,B,4,A,"(3, 6, 9, 11)",V,B,D#,E,179.0,90.0
1433,B,B,4,A,"(3, 6, 9, 11)",V,B,D#,E,179.125,90.0
1434,B,B,4,A,"(3, 6, 9, 11)",V,B,D#,E,179.25,90.0
1435,B,B,4,A,"(3, 6, 9, 11)",V,B,D#,E,179.375,90.0
1436,F#,B,4,A,"(3, 6, 9, 11)",V,B,D#,E,179.5,90.0
1437,F#,B,4,A,"(3, 6, 9, 11)",V,B,D#,E,179.625,90.0
1438,F#,B,4,A,"(3, 6, 9, 11)",V,B,D#,E,179.75,90.0
1439,F#,B,4,A,"(3, 6, 9, 11)",V,B,D#,E,179.875,90.0
1440,E,G#,0,A,"(4, 8, 11)",V,E,B,A,180.0,91.0
1441,E,G#,1,A,"(4, 8, 11)",V,E,B,A,180.125,91.0
1442,E,G#,2,A,"(4, 8, 11)",V,E,B,A,180.25,91.0
1443,E,G#,2,A,"(4, 8, 11)",V,E,B,A,180.375,91.0
1444,E,G#,3,A,"(4, 8, 11)",V,E,B,A,180.5,91.0
1445,E,G#,3,A,"(4, 8, 11)",V,E,B,A,180.625,91.0
1446,E,G#,3,A,"(4, 8, 11)",V,E,B,A,180.75,91.0
1447,E,G#,3,A,"(4, 8, 11)",V,E,B,A,180.875,91.0
1448,B,G#,4,A,"(4, 8, 11)",V,E,B,A,181.0,91.0
1449,B,E,4,A,"(4, 8, 11)",V,E,B,A,181.125,91.0
1450,B,E,4,A,"(4, 8, 11)",V,E,B,A,181.25,91.0
1451,B,E,4,A,"(4, 8, 11)",V,E,B,A,181.375,91.0
1452,E,G#,4,A,"(4, 8, 11)",V,E,G#,A,181.5,91.0
1453,E,G#,4,A,"(4, 8, 11)",V,E,G#,A,181.625,91.0
1454,E,G#,4,A,"(4, 8, 11)",V,E,G#,A,181.75,91.0
1455,E,G#,4,A,"(4, 8, 11)",V,E,G#,A,181.875,91.0
1456,E,A,0,A,"(1, 4, 9)",I,A,C#,A,182.0,92.0
1457,E,A,1,A,"(1, 4, 9)",I,A,C#,A,182.125,92.0
1458,E,A,2,A,"(1, 4, 9)",I,A,C#,A,182.25,92.0
1459,E,A,2,A,"(1, 4, 9)",I,A,C#,A,182.375,92.0
1460,E,A,3,A,"(1, 4, 9)",I,A,C#,A,182.5,92.0
1461,E,A,3,A,"(1, 4, 9)",I,A,C#,A,182.625,92.0
1462,E,A,3,A,"(1, 4, 9)",I,A,C#,A,182.75,92.0
1463,E,A,3,A,"(1, 4, 9)",I,A,C#,A,182.875,92.0
1464,E,A,4,A,"(1, 4, 9)",V7,A,C#,E,183.0,92.0
1465,E,A,4,A,"(1, 4, 9)",V7,A,C#,E,183.125,92.0
1466,E,A,4,A,"(1, 4, 9)",V7,A,C#,E,183.25,92.0
1467,E,A,4,A,"(1, 4, 9)",V7,A,C#,E,183.375,92.0
1468,D#,A,4,A,"(1, 4, 9)",V7,A,C#,E,183.5,92.0
1469,D#,A,4,A,"(1, 4, 9)",V7,A,C#,E,183.625,92.0
1470,D#,A,4,A,"(1, 4, 9)",V7,A,C#,E,183.75,92.0
1471,D#,A,4,A,"(1, 4, 9)",V7,A,C#,E,183.875,92.0
1472,E,G#,0,A,"(4, 8, 11)",V,E,B,A,184.0,93.0
1473,E,G#,1,A,"(4, 8, 11)",V,E,B,A,184.125,93.0
1474,E,G#,2,A,"(4, 8, 11)",V,E,B,A,184.25,93.0
1475,E,G#,2,A,"(4, 8, 11)",V,E,B,A,184.375,93.0
1476,E,G#,3,A,"(4, 8, 11)",V,E,B,A,184.5,93.0
1477,E,G#,3,A,"(4, 8, 11)",V,E,B,A,184.625,93.0
1478,E,G#,3,A,"(4, 8, 11)",V,E,B,A,184.75,93.0
1479,E,G#,3,A,"(4, 8, 11)",V,E,B,A,184.875,93.0
1480,E,G#,4,A,"(4, 8, 11)",V,E,B,A,185.0,93.0
1481,E,G#,4,A,"(4, 8, 11)",V,E,B,A,185.125,93.0
1482,E,G#,4,A,"(4, 8, 11)",V,E,B,A,185.25,93.0
1483,E,G#,4,A,"(4, 8, 11)",V,E,B,A,185.375,93.0
1484,E,G#,4,A,"(4, 8, 11)",V,E,B,A,185.5,93.0
1485,E,G#,4,A,"(4, 8, 11)",V,E,B,A,185.625,93.0
1486,E,G#,4,A,"(4, 8, 11)",V,E,B,A,185.75,93.0
1487,E,G#,4,A,"(4, 8, 11)",V,E,B,A,185.875,93.0
1488,E,A,0,A,"(1, 4, 9)",I,A,C#,A,186.0,94.0
1489,E,A,1,A,"(1, 4, 9)",I,A,C#,A,186.125,94.0
1490,E,A,2,A,"(1, 4, 9)",I,A,C#,A,186.25,94.0
1491,E,A,2,A,"(1, 4, 9)",I,A,C#,A,186.375,94.0
1492,E,A,3,A,"(1, 4, 9)",I,A,C#,A,186.5,94.0
1493,E,A,3,A,"(1, 4, 9)",I,A,C#,A,186.625,94.0
1494,E,A,3,A,"(1, 4, 9)",I,A,C#,A,186.75,94.0
1495,E,A,3,A,"(1, 4, 9)",I,A,C#,A,186.875,94.0
1496,B,B,0,A,"(3, 6, 11)",V,B,D#,E,187.0,94.0
1497,B,B,4,A,"(3, 6, 11)",V,B,D#,E,187.125,94.0
1498,B,B,2,A,"(3, 6, 11)",V,B,D#,E,187.25,94.0
1499,B,B,2,A,"(3, 6, 11)",V,B,D#,E,187.375,94.0
1500,F#,B,4,A,"(3, 6, 11)",V,B,D#,E,187.5,94.0
1501,F#,B,4,A,"(3, 6, 11)",V,B,D#,E,187.625,94.0
1502,F#,B,4,A,"(3, 6, 11)",V,B,D#,E,187.75,94.0
1503,F#,B,4,A,"(3, 6, 11)",V,B,D#,E,187.875,94.0
1504,E,G#,0,A,"(4, 8, 11)",V,E,B,A,188.0,95.0
1505,E,G#,1,A,"(4, 8, 11)",V,E,B,A,188.125,95.0
1506,E,G#,2,A,"(4, 8, 11)",V,E,B,A,188.25,95.0
1507,E,G#,2,A,"(4, 8, 11)",V,E,B,A,188.375,95.0
1508,E,G#,3,A,"(4, 8, 11)",V,E,B,A,188.5,95.0
1509,E,G#,3,A,"(4, 8, 11)",V,E,B,A,188.625,95.0
1510,E,G#,3,A,"(4, 8, 11)",V,E,B,A,188.75,95.0
1511,E,G#,3,A,"(4, 8, 11)",V,E,B,A,188.875,95.0
1512,B,E,4,A,"(4, 8, 11)",V,E,G#,A,189.0,95.0
1513,B,E,4,A,"(4, 8, 11)",V,E,G#,A,189.125,95.0
1514,B,E,4,A,"(4, 8, 11)",V,E,G#,A,189.25,95.0
1515,B,E,4,A,"(4, 8, 11)",V,E,G#,A,189.375,95.0
1516,B,E,4,A,"(4, 8, 11)",V,E,G#,A,189.5,95.0
1517,B,E,4,A,"(4, 8, 11)",V,E,G#,A,189.625,95.0
1518,B,E,4,A,"(4, 8, 11)",V,E,G#,A,189.75,95.0
1519,B,E,4,A,"(4, 8, 11)",V,E,G#,A,189.875,95.0
1520,E,A,0,A,"(1, 4, 9)",I,A,C#,A,190.0,96.0
1521,E,A,1,A,"(1, 4, 9)",I,A,C#,A,190.125,96.0
1522,E,A,2,A,"(1, 4, 9)",I,A,C#,A,190.25,96.0
1523,E,A,2,A,"(1, 4, 9)",I,A,C#,A,190.375,96.0
1524,E,A,3,A,"(1, 4, 9)",I,A,C#,A,190.5,96.0
1525,E,A,3,A,"(1, 4, 9)",I,A,C#,A,190.625,96.0
1526,E,A,3,A,"(1, 4, 9)",I,A,C#,A,190.75,96.0
1527,E,A,3,A,"(1, 4, 9)",I,A,C#,A,190.875,96.0
1528,E,A,4,A,"(1, 4, 9)",V7,A,C#,E,191.0,96.0
1529,E,A,4,A,"(1, 4, 9)",V7,A,C#,E,191.125,96.0
1530,E,A,4,A,"(1, 4, 9)",V7,A,C#,E,191.25,96.0
1531,E,A,4,A,"(1, 4, 9)",V7,A,C#,E,191.375,96.0
1532,E,A,4,A,"(1, 4, 9)",V7,A,C#,E,191.5,96.0
1533,D#,A,4,A,"(1, 4, 9)",V7,A,C#,E,191.625,96.0
1534,F#,A,4,A,"(1, 4, 9)",V7,A,C#,E,191.75,96.0
1535,F#,A,4,A,"(1, 4, 9)",V7,A,C#,E,191.875,96.0
1536,E,G#,0,A,"(4, 8, 11)",V,E,G#,E,192.0,97.0
1537,E,G#,1,A,"(4, 8, 11)",V,E,G#,E,192.125,97.0
1538,E,G#,2,A,"(4, 8, 11)",V,E,G#,E,192.25,97.0
1539,E,G#,2,A,"(4, 8, 11)",V,E,G#,E,192.375,97.0
1540,D#,G#,3,A,"(4, 8, 11)",V,E,G#,E,192.5,97.0
1541,D#,G#,3,A,"(4, 8, 11)",V,E,G#,E,192.625,97.0
1542,D#,G#,3,A,"(4, 8, 11)",V,E,G#,E,192.75,97.0
1543,D#,G#,3,A,"(4, 8, 11)",V,E,G#,E,192.875,97.0
1544,D#,G#,4,A,"(4, 8, 11)",V,E,G#,E,193.0,97.0
1545,D#,G#,4,A,"(4, 8, 11)",V,E,G#,E,193.125,97.0
1546,D#,G#,4,A,"(4, 8, 11)",V,E,G#,E,193.25,97.0
1547,D#,G#,4,A,"(4, 8, 11)",V,E,G#,E,193.375,97.0
1548,A,D#,0,A,"(3, 6, 9)",V7,D#,F#,E,193.5,97.0
1549,A,D#,1,A,"(3, 6, 9)",V7,D#,F#,E,193.625,97.0
1550,A,D#,2,A,"(3, 6, 9)",V7,D#,F#,E,193.75,97.0
1551,A,D#,2,A,"(3, 6, 9)",V7,D#,F#,E,193.875,97.0
1552,B,E,0,A,"(4, 8, 11)",V,E,G#,A,194.0,98.0
1553,B,E,1,A,"(4, 8, 11)",V,E,G#,A,194.125,98.0
1554,B,E,2,A,"(4, 8, 11)",V,E,G#,A,194.25,98.0
1555,B,E,2,A,"(4, 8, 11)",V,E,G#,A,194.375,98.0
1556,B,E,3,A,"(4, 8, 11)",V,E,G#,A,194.5,98.0
1557,B,E,3,A,"(4, 8, 11)",V,E,G#,A,194.625,98.0
1558,B,E,3,A,"(4, 8, 11)",V,E,G#,A,194.75,98.0
1559,B,E,3,A,"(4, 8, 11)",V,E,G#,A,194.875,98.0
1560,B,F#,0,A,"(3, 6, 9, 11)",V7,D#,A,E,195.0,98.0
1561,B,F#,1,A,"(3, 6, 9, 11)",V7,D#,A,E,195.125,98.0
1562,B,F#,2,A,"(3, 6, 9, 11)",V7,D#,A,E,195.25,98.0
1563,B,F#,2,A,"(3, 6, 9, 11)",V7,D#,A,E,195.375,98.0
1564,F#,F#,3,A,"(3, 6, 9, 11)",V7,D#,A,E,195.5,98.0
1565,F#,F#,3,A,"(3, 6, 9, 11)",V7,F#,A,E,195.625,98.0
1566,F#,F#,3,A,"(3, 6, 9, 11)",V7,F#,A,E,195.75,98.0
1567,F#,F#,3,A,"(3, 6, 9, 11)",V7,F#,A,E,195.875,98.0
1568,F#,F#,0,A,"(3, 6, 9, 11)",V7,E,B,E,196.0,99.0
1569,F#,F#,1,A,"(3, 6, 9, 11)",V7,E,B,E,196.125,99.0
1570,F#,F#,2,A,"(3, 6, 9, 11)",V7,E,B,E,196.25,99.0
1571,F#,F#,2,A,"(3, 6, 9, 11)",V7,E,B,E,196.375,99.0
1572,F#,F#,3,A,"(3, 6, 9, 11)",V7,E,B,E,196.5,99.0
1573,F#,F#,3,A,"(3, 6, 9, 11)",V7,E,B,E,196.625,99.0
1574,F#,F#,3,A,"(3, 6, 9, 11)",V7,E,B,E,196.75,99.0
1575,F#,F#,3,A,"(3, 6, 9, 11)",V7,E,B,E,196.875,99.0
1576,F#,F#,4,A,"(3, 6, 9, 11)",V7,E,B,E,197.0,99.0
1577,F#,F#,4,A,"(3, 6, 9, 11)",V7,E,B,E,197.125,99.0
1578,F#,F#,4,A,"(3, 6, 9, 11)",V7,E,B,E,197.25,99.0
1579,F#,F#,4,A,"(3, 6, 9, 11)",V7,E,B,E,197.375,99.0
1580,F#,F#,4,A,"(3, 6, 9, 11)",V7,E,B,E,197.5,99.0
1581,F#,F#,4,A,"(3, 6, 9, 11)",V7,E,B,E,197.625,99.0
1582,F#,F#,4,A,"(3, 6, 9, 11)",V7,E,B,E,197.75,99.0
1583,F#,F#,4,A,"(3, 6, 9, 11)",V7,E,B,E,197.875,99.0
1584,B,E,0,A,"(4, 8, 11)",V,E,G#,A,198.0,100.0
1585,B,E,1,A,"(4, 8, 11)",V,E,G#,A,198.125,100.0
1586,B,E,2,A,"(4, 8, 11)",V,E,G#,A,198.25,100.0
1587,B,E,2,A,"(4, 8, 11)",V,E,G#,A,198.375,100.0
1588,B,E,3,A,"(4, 8, 11)",V,E,G#,A,198.5,100.0
1589,B,E,3,A,"(4, 8, 11)",V,E,G#,A,198.625,100.0
1590,B,E,3,A,"(4, 8, 11)",V,E,G#,A,198.75,100.0
1591,B,E,3,A,"(4, 8, 11)",V,E,G#,A,198.875,100.0
1592,B,E,4,A,"(4, 8, 11)",V,E,G#,A,199.0,100.0
1593,B,E,4,A,"(4, 8, 11)",V,E,G#,A,199.125,100.0
1594,B,E,4,A,"(4, 8, 11)",V,E,G#,A,199.25,100.0
1595,B,E,4,A,"(4, 8, 11)",V,E,G#,A,199.375,100.0
1596,B,E,4,A,"(4, 8, 11)",V,E,G#,A,199.5,100.0
1597,B,E,4,A,"(4, 8, 11)",V,E,G#,A,199.625,100.0
1598,B,E,4,A,"(4, 8, 11)",V,E,G#,A,199.75,100.0
1599,B,E,4,A,"(4, 8, 11)",V,E,G#,A,199.875,100.0
1600,C#,F#,0,A,"(1, 4, 6, 10)",V7,E,A#,A,200.0,101.0
1601,C#,F#,1,A,"(1, 4, 6, 10)",V7,E,A#,A,200.125,101.0
1602,C#,F#,2,A,"(1, 4, 6, 10)",V7,E,A#,b,200.25,101.0
1603,C#,F#,2,A,"(1, 4, 6, 10)",V7,E,A#,b,200.375,101.0
1604,C#,F#,3,A,"(1, 4, 6, 10)",V7,E,A#,b,200.5,101.0
1605,C#,F#,3,A,"(1, 4, 6, 10)",V7,E,A#,b,200.625,101.0
1606,C#,F#,3,A,"(1, 4, 6, 10)",V7,E,A#,b,200.75,101.0
1607,C#,F#,3,A,"(1, 4, 6, 10)",V7,E,A#,b,200.875,101.0
1608,C#,F#,4,A,"(1, 4, 6, 10)",V7,E,A#,b,201.0,101.0
1609,C#,F#,4,A,"(1, 4, 6, 10)",V7,E,A#,b,201.125,101.0
1610,C#,F#,4,A,"(1, 4, 6, 10)",V7,E,A#,b,201.25,101.0
1611,C#,F#,4,A,"(1, 4, 6, 10)",V7,E,A#,b,201.375,101.0
1612,C#,F#,4,A,"(1, 4, 6, 10)",V7,E,A#,b,201.5,101.0
1613,C#,F#,4,A,"(1, 4, 6, 10)",V7,E,A#,b,201.625,101.0
1614,C#,F#,4,A,"(1, 4, 6, 10)",V7,E,A#,b,201.75,101.0
1615,C#,F#,4,A,"(1, 4, 6, 10)",V7,E,A#,b,201.875,101.0
1616,F#,B,0,A,"(2, 4, 8, 11)",ii,B,D,A,202.0,102.0
1617,F#,B,1,A,"(2, 4, 8, 11)",V7,B,D,A,202.125,102.0
1618,F#,B,2,A,"(2, 4, 8, 11)",V7,B,D,A,202.25,102.0
1619,F#,B,2,A,"(2, 4, 8, 11)",V7,B,D,A,202.375,102.0
1620,F#,B,3,A,"(2, 4, 8, 11)",V7,B,D,A,202.5,102.0
1621,F#,B,3,A,"(2, 4, 8, 11)",V7,B,D,A,202.625,102.0
1622,F#,B,3,A,"(2, 4, 8, 11)",V7,B,D,A,202.75,102.0
1623,F#,B,3,A,"(2, 4, 8, 11)",V7,B,D,A,202.875,102.0
1624,B,E,4,A,"(2, 4, 8, 11)",V7,B,G#,A,203.0,102.0
1625,B,E,4,A,"(2, 4, 8, 11)",V7,B,G#,A,203.125,102.0
1626,B,E,4,A,"(2, 4, 8, 11)",V7,B,G#,A,203.25,102.0
1627,B,E,4,A,"(2, 4, 8, 11)",V7,D,G#,A,203.375,102.0
1628,B,E,4,A,"(2, 4, 8, 11)",V7,D,G#,A,203.5,102.0
1629,B,E,4,A,"(2, 4, 8, 11)",V7,D,G#,A,203.625,102.0
1630,B,E,4,A,"(2, 4, 8, 11)",V7,D,G#,A,203.75,102.0
1631,B,E,4,A,"(2, 4, 8, 11)",V7,D,G#,A,203.875,102.0
1632,E,A,0,A,"(1, 4, 9)",I,A,C#,A,204.0,103.0
1633,E,A,1,A,"(1, 4, 9)",I,A,C#,A,204.125,103.0
1634,E,A,2,A,"(1, 4, 9)",I,A,C#,A,204.25,103.0
1635,E,A,2,A,"(1, 4, 9)",I,A,C#,A,204.375,103.0
1636,E,A,3,A,"(1, 4, 9)",I,A,C#,A,204.5,103.0
1637,E,A,3,A,"(1, 4, 9)",I,A,C#,A,204.625,103.0
1638,E,A,3,A,"(1, 4, 9)",I,A,C#,A,204.75,103.0
1639,E,A,3,A,"(1, 4, 9)",I,A,C#,A,204.875,103.0
1640,E,A,4,A,"(1, 4, 9)",I,A,C#,A,205.0,103.0
1641,E,A,4,A,"(1, 4, 9)",I,A,C#,A,205.125,103.0
1642,E,A,4,A,"(1, 4, 9)",I,A,C#,A,205.25,103.0
1643,E,A,4,A,"(1, 4, 9)",I,A,C#,A,205.375,103.0
1644,E,A,4,A,"(1, 4, 9)",I,A,C#,A,205.5,103.0
1645,E,A,4,A,"(1, 4, 9)",I,A,C#,A,205.625,103.0
1646,E,A,4,A,"(1, 4, 9)",I,A,C#,A,205.75,103.0
1647,E,A,4,A,"(1, 4, 9)",I,A,C#,A,205.875,103.0
1648,B,E,0,A,"(4, 8, 11)",V,E,G#,A,206.0,104.0
1649,B,E,1,A,"(4, 8, 11)",V,E,G#,A,206.125,104.0
1650,B,E,2,A,"(4, 8, 11)",V,E,G#,A,206.25,104.0
1651,B,E,2,A,"(4, 8, 11)",V,E,G#,A,206.375,104.0
1652,B,E,3,A,"(4, 8, 11)",V,E,G#,A,206.5,104.0
1653,B,E,3,A,"(4, 8, 11)",V,E,G#,A,206.625,104.0
1654,B,E,3,A,"(4, 8, 11)",V,E,G#,A,206.75,104.0
1655,B,E,3,A,"(4, 8, 11)",V,E,G#,A,206.875,104.0
1656,B,E,4,A,"(4, 8, 11)",V,E,G#,A,207.0,104.0
1657,B,E,4,A,"(4, 8, 11)",V,E,G#,A,207.125,104.0
1658,B,E,4,A,"(4, 8, 11)",V,E,G#,A,207.25,104.0
1659,B,E,4,A,"(4, 8, 11)",V,E,G#,A,207.375,104.0
1660,B,E,4,A,"(4, 8, 11)",V,E,G#,A,207.5,104.0
1661,B,E,4,A,"(4, 8, 11)",V,E,G#,A,207.625,104.0
1662,B,E,4,A,"(4, 8, 11)",V,E,G#,A,207.75,104.0
1663,B,E,4,A,"(4, 8, 11)",V,E,G#,A,207.875,104.0
1664,E,E,0,A,"(1, 4, 9)",I,A,G#,A,208.0,105.0
1665,E,E,1,A,"(1, 4, 9)",I,A,G#,A,208.125,105.0
1666,E,E,2,A,"(1, 4, 9)",I,A,G#,A,208.25,105.0
1667,E,E,2,A,"(1, 4, 9)",I,A,G#,A,208.375,105.0
1668,E,E,3,A,"(1, 4, 9)",I,A,A,A,208.5,105.0
1669,E,E,3,A,"(1, 4, 9)",I,A,A,A,208.625,105.0
1670,E,E,3,A,"(1, 4, 9)",I,A,A,A,208.75,105.0
1671,E,E,3,A,"(1, 4, 9)",I,A,A,A,208.875,105.0
1672,E,E,4,A,"(1, 4, 9)",I,A,A,A,209.0,105.0
1673,E,E,4,A,"(1, 4, 9)",I,A,A,A,209.125,105.0
1674,E,E,4,A,"(1, 4, 9)",I,A,A,A,209.25,105.0
1675,E,E,4,A,"(1, 4, 9)",I,A,A,A,209.375,105.0
1676,E,E,4,A,"(1, 4, 9)",I,A,A,A,209.5,105.0
1677,E,E,4,A,"(1, 4, 9)",I,A,G#,A,209.625,105.0
1678,E,E,4,A,"(1, 4, 9)",I,A,A,A,209.75,105.0
1679,E,E,4,A,"(1, 4, 9)",I,A,A,A,209.875,105.0
1680,E,E,0,A,"(1, 4, 9)",I,A,G#,A,210.0,106.0
1681,B,E,1,A,"(1, 4, 9)",I,A,G#,A,210.125,106.0
1682,E,E,2,A,"(1, 4, 9)",I,A,G#,A,210.25,106.0
1683,E,E,2,A,"(1, 4, 9)",I,A,G#,A,210.375,106.0
1684,B,E,3,A,"(1, 4, 9)",I,A,G#,A,210.5,106.0
1685,B,E,3,A,"(1, 4, 9)",I,A,G#,A,210.625,106.0
1686,B,E,3,A,"(1, 4, 9)",I,A,G#,A,210.75,106.0
1687,B,E,3,A,"(1, 4, 9)",I,A,G#,A,210.875,106.0
1688,B,E,4,A,"(1, 4, 9)",I,A,G#,A,211.0,106.0
1689,B,E,4,A,"(1, 4, 9)",I,A,G#,A,211.125,106.0
1690,B,E,4,A,"(1, 4, 9)",I,A,G#,A,211.25,106.0
1691,B,E,4,A,"(1, 4, 9)",I,A,G#,A,211.375,106.0
1692,B,E,4,A,"(2, 4, 8, 11)",I,A,G#,A,211.5,106.0
1693,B,E,4,A,"(2, 4, 8, 11)",I,A,G#,A,211.625,106.0
1694,B,E,4,A,"(2, 4, 8, 11)",I,A,G#,A,211.75,106.0
1695,B,E,4,A,"(2, 4, 8, 11)",I,A,G#,A,211.875,106.0
1696,A,C#,0,A,"(1, 4, 9)",I,A,E,A,212.0,107.0
1697,A,C#,1,A,"(1, 4, 9)",I,A,E,A,212.125,107.0
1698,A,C#,2,A,"(1, 4, 9)",I,A,E,A,212.25,107.0
1699,A,C#,2,A,"(1, 4, 9)",I,A,E,A,212.375,107.0
1700,A,C#,3,A,"(1, 4, 9)",I,A,E,A,212.5,107.0
1701,A,C#,3,A,"(1, 4, 9)",I,A,E,A,212.625,107.0
1702,A,C#,3,A,"(1, 4, 9)",I,A,E,A,212.75,107.0
1703,A,C#,3,A,"(1, 4, 9)",I,A,E,A,212.875,107.0
1704,E,A,0,A,"(1, 4, 9)",I,A,C#,A,213.0,107.0
1705,E,A,1,A,"(1, 4, 9)",I,A,C#,A,213.125,107.0
1706,E,A,2,A,"(1, 4, 9)",I,A,C#,A,213.25,107.0
1707,E,A,2,A,"(1, 4, 9)",I,A,C#,A,213.375,107.0
1708,E,A,3,A,"(1, 4, 9)",I,A,C#,A,213.5,107.0
1709,E,A,3,A,"(1, 4, 9)",I,A,C#,A,213.625,107.0
1710,E,A,3,A,"(1, 4, 9)",I,A,C#,A,213.75,107.0
1711,E,A,3,A,"(1, 4, 9)",I,A,C#,A,213.875,107.0
1712,D,G#,0,A,"(2, 4, 8, 11)",V7,E,B,A,214.0,108.0
1713,D,G#,1,A,"(2, 4, 8, 11)",V7,E,B,A,214.125,108.0
1714,D,G#,2,A,"(2, 4, 8, 11)",V7,E,B,A,214.25,108.0
1715,D,G#,2,A,"(2, 4, 8, 11)",V7,E,B,A,214.375,108.0
1716,D,G#,3,A,"(2, 4, 8, 11)",V7,E,B,A,214.5,108.0
1717,D,G#,3,A,"(2, 4, 8, 11)",V7,E,B,A,214.625,108.0
1718,D,G#,3,A,"(2, 4, 8, 11)",V7,E,B,A,214.75,108.0
1719,D,G#,3,A,"(2, 4, 8, 11)",V7,E,B,A,214.875,108.0
1720,D,G#,4,A,"(2, 4, 8, 11)",V7,E,B,A,215.0,108.0
1721,D,G#,4,A,"(2, 4, 8, 11)",V7,E,B,A,215.125,108.0
1722,D,G#,4,A,"(2, 4, 8, 11)",V7,E,B,A,215.25,108.0
1723,D,G#,4,A,"(2, 4, 8, 11)",V7,E,B,A,215.375,108.0
1724,D,G#,4,A,"(2, 4, 8, 11)",V7,E,B,A,215.5,108.0
1725,D,G#,4,A,"(2, 4, 8, 11)",V7,E,B,A,215.625,108.0
1726,D,G#,4,A,"(2, 4, 8, 11)",V7,E,B,A,215.75,108.0
1727,D,G#,4,A,"(2, 4, 8, 11)",V7,E,B,A,215.875,108.0
1728,E,A,0,A,"(1, 4, 9)",I,A,C#,A,216.0,109.0
1729,E,A,1,A,"(1, 4, 9)",I,A,C#,A,216.125,109.0
1730,E,A,2,A,"(1, 4, 9)",I,A,C#,A,216.25,109.0
1731,E,A,2,A,"(1, 4, 9)",I,A,C#,A,216.375,109.0
1732,E,A,3,A,"(1, 4, 9)",I,A,C#,A,216.5,109.0
1733,E,A,3,A,"(1, 4, 9)",I,A,C#,A,216.625,109.0
1734,E,A,3,A,"(1, 4, 9)",I,A,C#,A,216.75,109.0
1735,E,A,3,A,"(1, 4, 9)",I,A,C#,A,216.875,109.0
1736,B,D,0,A,"(2, 4, 8, 11)",V7,B,G#,A,217.0,109.0
1737,B,D,1,A,"(2, 4, 8, 11)",V7,B,G#,A,217.125,109.0
1738,B,D,2,A,"(2, 4, 8, 11)",V7,B,G#,A,217.25,109.0
1739,B,D,2,A,"(2, 4, 8, 11)",V7,B,G#,A,217.375,109.0
1740,B,E,3,A,"(2, 4, 8, 11)",V7,D,G#,A,217.5,109.0
1741,B,E,3,A,"(2, 4, 8, 11)",V7,D,G#,A,217.625,109.0
1742,B,E,3,A,"(2, 4, 8, 11)",V7,D,G#,A,217.75,109.0
1743,B,E,2,A,"(2, 4, 8, 11)",V7,D,G#,A,217.875,109.0
1744,A,A,0,A,"(1, 4, 9)",I,A,C#,A,218.0,110.0
1745,E,A,1,A,"(1, 4, 9)",I,A,C#,A,218.125,110.0
1746,E,A,2,A,"(1, 4, 9)",I,A,C#,A,218.25,110.0
1747,E,A,2,A,"(1, 4, 9)",I,A,C#,A,218.375,110.0
1748,A,A,3,A,"(1, 4, 9)",I,A,F#,A,218.5,110.0
1749,A,A,3,A,"(1, 4, 9)",I,A,F#,A,218.625,110.0
1750,A,A,3,A,"(1, 4, 9)",I,A,F#,A,218.75,110.0
1751,A,A,3,A,"(1, 4, 9)",I,A,F#,A,218.875,110.0
1752,A,D,4,A,"(2, 6, 9)",I,D,F#,A,219.0,110.0
1753,A,D,4,A,"(2, 6, 9)",I,D,F#,A,219.125,110.0
1754,A,D,4,A,"(2, 6, 9)",I,D,F#,A,219.25,110.0
1755,A,D,4,A,"(2, 6, 9)",I,D,F#,A,219.375,110.0
1756,A,D,4,A,"(2, 6, 9)",IV,D,F#,A,219.5,110.0
1757,A,D,4,A,"(2, 6, 9)",IV,D,F#,A,219.625,110.0
1758,A,D,4,A,"(2, 6, 9)",IV,D,F#,A,219.75,110.0
1759,A,D,4,A,"(2, 6, 9)",IV,D,F#,A,219.875,110.0
1760,A,D,0,A,"(1, 4, 9)",I,A,E,A,220.0,111.0
1761,A,D,1,A,"(1, 4, 9)",I,A,E,A,220.125,111.0
1762,A,D,2,A,"(1, 4, 9)",I,A,E,A,220.25,111.0
1763,A,D,2,A,"(1, 4, 9)",I,A,E,A,220.375,111.0
1764,A,D,3,A,"(2, 4, 8, 11)",I,D,F#,A,220.5,111.0
1765,A,D,3,A,"(2, 4, 8, 11)",I,D,G#,A,220.625,111.0
1766,A,D,3,A,"(2, 4, 8, 11)",I,D,G#,A,220.75,111.0
1767,A,D,3,A,"(2, 4, 8, 11)",I,D,G#,A,220.875,111.0
1768,B,E,0,A,"(2, 4, 8, 11)",I,D,G#,A,221.0,111.0
1769,B,E,1,A,"(2, 4, 8, 11)",I,D,G#,A,221.125,111.0
1770,B,E,4,A,"(2, 4, 8, 11)",I,D,G#,A,221.25,111.0
1771,B,E,2,A,"(2, 4, 8, 11)",V7,D,G#,A,221.375,111.0
1772,B,E,4,A,"(2, 4, 8, 11)",V7,D,G#,A,221.5,111.0
1773,B,E,4,A,"(2, 4, 8, 11)",V7,D,G#,A,221.625,111.0
1774,B,E,4,A,"(2, 4, 8, 11)",V7,D,G#,A,221.75,111.0
1775,B,E,4,A,"(2, 4, 8, 11)",V7,D,G#,A,221.875,111.0
1776,E,A,0,A,"(1, 4, 9)",I,A,C#,A,222.0,112.0
1777,E,A,1,A,"(1, 4, 9)",I,A,C#,A,222.125,112.0
1778,E,A,2,A,"(1, 4, 9)",I,A,C#,A,222.25,112.0
1779,E,A,2,A,"(1, 4, 9)",I,A,C#,A,222.375,112.0
1780,E,A,3,A,"(1, 4, 9)",I,A,C#,A,222.5,112.0
1781,E,A,3,A,"(1, 4, 9)",I,A,C#,A,222.625,112.0
1782,E,A,3,A,"(1, 4, 9)",I,A,C#,A,222.75,112.0
1783,E,A,3,A,"(1, 4, 9)",I,A,C#,A,222.875,112.0
1784,E,A,4,A,"(1, 4, 9)",I,A,C#,A,223.0,112.0
1785,E,A,4,A,"(1, 4, 9)",I,A,C#,A,223.125,112.0
1786,E,A,4,A,"(1, 4, 9)",I,A,C#,A,223.25,112.0
1787,E,A,4,A,"(1, 4, 9)",I,A,C#,A,223.375,112.0
1788,E,A,4,A,"(2, 6, 9)",I,D,C#,A,223.5,112.0
1789,E,A,4,A,"(2, 6, 9)",I,D,C#,A,223.625,112.0
1790,E,A,4,A,"(2, 6, 9)",I,D,C#,A,223.75,112.0
1791,E,A,4,A,"(2, 6, 9)",I,D,C#,A,223.875,112.0
1792,B,E,0,A,"(2, 4, 8, 11)",I,E,G#,A,224.0,113.0
1793,B,E,1,A,"(2, 4, 8, 11)",I,D,G#,A,224.125,113.0
1794,B,E,2,A,"(2, 4, 8, 11)",I,D,G#,A,224.25,113.0
1795,B,E,2,A,"(2, 4, 8, 11)",I,D,G#,A,224.375,113.0
1796,B,E,3,A,"(2, 4, 8, 11)",V7,D,G#,A,224.5,113.0
1797,B,E,3,A,"(2, 4, 8, 11)",V7,D,G#,A,224.625,113.0
1798,B,E,3,A,"(2, 4, 8, 11)",V7,D,G#,A,224.75,113.0
1799,B,E,3,A,"(2, 4, 8, 11)",V7,D,G#,A,224.875,113.0
1800,B,E,0,A,"(4, 8, 11)",V,E,G#,A,225.0,113.0
1801,B,E,1,A,"(4, 8, 11)",V,E,G#,A,225.125,113.0
1802,B,E,2,A,"(4, 8, 11)",V,E,G#,A,225.25,113.0
1803,B,E,2,A,"(4, 8, 11)",V,E,G#,A,225.375,113.0
1804,B,E,0,A,"(4, 8, 11)",V,E,G#,A,225.5,113.0
1805,B,E,4,A,"(4, 8, 11)",V,E,G#,A,225.625,113.0
1806,B,E,4,A,"(4, 8, 11)",V,E,G#,A,225.75,113.0
1807,B,E,2,A,"(4, 8, 11)",V,E,G#,A,225.875,113.0
1808,E,A,0,A,"(1, 4, 9)",I,A,C#,A,226.0,114.0
1809,E,A,1,A,"(1, 4, 9)",I,A,C#,A,226.125,114.0
1810,E,A,2,A,"(1, 4, 9)",I,A,C#,A,226.25,114.0
1811,E,A,2,A,"(1, 4, 9)",I,A,C#,A,226.375,114.0
1812,E,A,3,A,"(1, 4, 9)",I,A,C#,A,226.5,114.0
1813,E,A,3,A,"(1, 4, 9)",I,A,C#,A,226.625,114.0
1814,E,A,3,A,"(1, 4, 9)",I,A,C#,A,226.75,114.0
1815,E,A,3,A,"(1, 4, 9)",I,A,C#,A,226.875,114.0
1816,E,A,4,A,"(1, 4, 9)",I,A,C#,A,227.0,114.0
1817,E,A,4,A,"(1, 4, 9)",I,A,C#,A,227.125,114.0
1818,E,A,4,A,"(1, 4, 9)",I,A,C#,A,227.25,114.0
1819,E,A,4,A,"(1, 4, 9)",I,A,C#,A,227.375,114.0
1820,E,A,4,A,"(1, 4, 9)",I,A,C#,A,227.5,114.0
1821,E,A,4,A,"(1, 4, 9)",I,A,C#,A,227.625,114.0
1822,E,A,4,A,"(1, 4, 9)",I,A,C#,A,227.75,114.0
1823,E,A,4,A,"(1, 4, 9)",I,A,C#,A,227.875,114.0
1824,E,A,0,A,"(1, 4, 9)",I,A,C#,A,228.0,115.0
1825,E,A,1,A,"(1, 4, 9)",I,A,C#,A,228.125,115.0
1826,E,A,2,A,"(1, 4, 9)",I,A,C#,A,228.25,115.0
1827,E,A,2,A,"(1, 4, 9)",I,A,C#,A,228.375,115.0
1828,E,A,3,A,"(1, 4, 9)",I,A,C#,A,228.5,115.0
1829,E,A,3,A,"(1, 4, 9)",I,A,C#,A,228.625,115.0
1830,E,A,3,A,"(1, 4, 9)",I,A,C#,A,228.75,115.0
1831,E,A,3,A,"(1, 4, 9)",I,A,C#,A,228.875,115.0
1832,E,A,4,A,"(1, 4, 9)",I,A,C#,A,229.0,115.0
1833,E,A,4,A,"(1, 4, 9)",I,A,C#,A,229.125,115.0
1834,E,A,4,A,"(1, 4, 9)",I,A,C#,A,229.25,115.0
1835,E,A,4,A,"(1, 4, 9)",I,A,C#,A,229.375,115.0
1836,B,E,4,A,"(4, 8, 11)",V,E,G#,A,229.5,115.0
1837,B,E,4,A,"(4, 8, 11)",V,E,G#,A,229.625,115.0
1838,B,E,4,A,"(4, 8, 11)",V,E,G#,A,229.75,115.0
1839,B,E,2,A,"(4, 8, 11)",V,E,G#,A,229.875,115.0
1840,E,A,0,A,"(1, 4, 9)",I,A,C#,A,230.0,116.0
1841,E,A,1,A,"(1, 4, 9)",I,A,C#,A,230.125,116.0
1842,E,A,2,A,"(1, 4, 9)",I,A,C#,A,230.25,116.0
1843,E,A,2,A,"(1, 4, 9)",I,A,C#,A,230.375,116.0
1844,E,A,3,A,"(1, 4, 9)",I,A,C#,A,230.5,116.0
1845,E,A,3,A,"(1, 4, 9)",I,A,C#,A,230.625,116.0
1846,E,A,3,A,"(1, 4, 9)",I,A,C#,A,230.75,116.0
1847,E,A,3,A,"(1, 4, 9)",I,A,C#,A,230.875,116.0
1848,E,A,4,A,"(1, 4, 9)",I,A,C#,A,231.0,116.0
1849,E,A,4,A,"(1, 4, 9)",I,A,C#,A,231.125,116.0
1850,E,A,4,A,"(1, 4, 9)",I,A,C#,A,231.25,116.0
1851,E,A,4,A,"(1, 4, 9)",I,A,C#,A,231.375,116.0
1852,E,A,4,A,"(1, 4, 9)",I,A,C#,A,231.5,116.0
1853,E,A,4,A,"(1, 4, 9)",I,A,C#,A,231.625,116.0
1854,E,A,4,A,"(1, 4, 9)",I,A,C#,A,231.75,116.0
1855,E,A,4,A,"(1, 4, 9)",I,A,C#,A,231.875,116.0
1856,D,G#,0,A,"(2, 4, 8, 11)",V7,E,B,A,232.0,117.0
1857,D,G#,1,A,"(2, 4, 8, 11)",V7,E,B,A,232.125,117.0
1858,D,G#,2,A,"(2, 4, 8, 11)",V7,E,B,A,232.25,117.0
1859,D,G#,2,A,"(2, 4, 8, 11)",V7,E,B,A,232.375,117.0
1860,D,G#,3,A,"(2, 4, 8, 11)",V7,E,B,A,232.5,117.0
1861,D,G#,3,A,"(2, 4, 8, 11)",V7,E,B,A,232.625,117.0
1862,D,G#,3,A,"(2, 4, 8, 11)",V7,E,B,A,232.75,117.0
1863,D,G#,3,A,"(2, 4, 8, 11)",V7,E,B,A,232.875,117.0
1864,D,G#,4,A,"(2, 4, 8, 11)",V7,E,B,A,233.0,117.0
1865,D,G#,4,A,"(2, 4, 8, 11)",V7,E,B,A,233.125,117.0
1866,D,G#,4,A,"(2, 4, 8, 11)",V7,E,B,A,233.25,117.0
1867,D,G#,4,A,"(2, 4, 8, 11)",V7,E,B,A,233.375,117.0
1868,D,G#,4,A,"(2, 4, 8, 11)",V7,E,B,A,233.5,117.0
1869,D,G#,4,A,"(2, 4, 8, 11)",V7,E,B,A,233.625,117.0
1870,D,G#,4,A,"(2, 4, 8, 11)",V7,E,B,A,233.75,117.0
1871,D,G#,4,A,"(2, 4, 8, 11)",V7,E,B,A,233.875,117.0
1872,E,A,0,A,"(1, 4, 9)",I,A,C#,A,234.0,118.0
1873,E,A,1,A,"(1, 4, 9)",I,A,C#,A,234.125,118.0
1874,E,A,2,A,"(1, 4, 9)",I,A,C#,A,234.25,118.0
1875,E,A,2,A,"(1, 4, 9)",I,A,C#,A,234.375,118.0
1876,E,A,3,A,"(1, 4, 9)",I,A,C#,A,234.5,118.0
1877,E,A,3,A,"(1, 4, 9)",I,A,C#,A,234.625,118.0
1878,E,A,3,A,"(1, 4, 9)",I,A,C#,A,234.75,118.0
1879,E,A,3,A,"(1, 4, 9)",I,A,C#,A,234.875,118.0
1880,D,G#,0,A,"(2, 4, 8, 11)",V7,E,B,A,235.0,118.0
1881,D,G#,1,A,"(2, 4, 8, 11)",V7,G#,B,A,235.125,118.0
1882,D,G#,2,A,"(2, 4, 8, 11)",V7,G#,B,A,235.25,118.0
1883,D,G#,2,A,"(2, 4, 8, 11)",V7,G#,B,A,235.375,118.0
1884,E,A,0,A,"(1, 4, 9)",I,A,C#,A,235.5,118.0
1885,E,A,1,A,"(1, 4, 9)",I,A,C#,A,235.625,118.0
1886,E,A,2,A,"(1, 4, 9)",I,A,C#,A,235.75,118.0
1887,E,A,2,A,"(1, 4, 9)",I,A,C#,A,235.875,118.0
1888,B,E,0,A,"(4, 8, 11)",V,E,G#,A,236.0,119.0
1889,B,E,1,A,"(4, 8, 11)",V,E,G#,A,236.125,119.0
1890,B,E,2,A,"(4, 8, 11)",V,E,G#,A,236.25,119.0
1891,B,E,2,A,"(4, 8, 11)",V,E,G#,A,236.375,119.0
1892,B,E,3,A,"(4, 8, 11)",V,E,G#,A,236.5,119.0
1893,B,E,3,A,"(4, 8, 11)",V,E,G#,A,236.625,119.0
1894,B,E,3,A,"(4, 8, 11)",V,E,G#,A,236.75,119.0
1895,B,E,3,A,"(4, 8, 11)",V,E,G#,A,236.875,119.0
1896,B,E,4,A,"(4, 8, 11)",V,E,G#,A,237.0,119.0
1897,B,E,4,A,"(4, 8, 11)",V,E,G#,A,237.125,119.0
1898,B,E,4,A,"(4, 8, 11)",V,E,G#,A,237.25,119.0
1899,B,E,4,A,"(4, 8, 11)",V,E,G#,A,237.375,119.0
1900,B,E,4,A,"(4, 8, 11)",V,E,G#,A,237.5,119.0
1901,B,E,4,A,"(4, 8, 11)",V,E,G#,A,237.625,119.0
1902,B,E,4,A,"(4, 8, 11)",V,E,G#,A,237.75,119.0
1903,B,E,4,A,"(4, 8, 11)",V,E,G#,A,237.875,119.0
1904,E,A,0,A,"(1, 4, 9)",I,A,C#,A,238.0,120.0
1905,E,A,1,A,"(1, 4, 9)",I,A,C#,A,238.125,120.0
1906,E,A,2,A,"(1, 4, 9)",I,A,C#,A,238.25,120.0
1907,E,A,2,A,"(1, 4, 9)",I,A,C#,A,238.375,120.0
1908,E,A,3,A,"(1, 4, 9)",I,A,C#,A,238.5,120.0
1909,E,A,3,A,"(1, 4, 9)",I,A,C#,A,238.625,120.0
1910,E,A,3,A,"(1, 4, 9)",I,A,C#,A,238.75,120.0
1911,E,A,3,A,"(1, 4, 9)",I,A,C#,A,238.875,120.0
1912,E,A,4,A,"(1, 4, 9)",I,A,C#,A,239.0,120.0
1913,E,A,4,A,"(1, 4, 9)",I,A,C#,A,239.125,120.0
1914,E,A,4,A,"(1, 4, 9)",I,A,C#,A,239.25,120.0
1915,E,A,4,A,"(1, 4, 9)",V7,A,C#,A,239.375,120.0
1916,E,A,4,A,"(1, 4, 9)",I,A,C#,A,239.5,120.0
1917,E,A,4,A,"(1, 4, 9)",I,A,C#,A,239.625,120.0
1918,E,A,4,A,"(1, 4, 9)",I,A,C#,A,239.75,120.0
1919,E,A,4,A,"(1, 4, 9)",I,A,C#,A,239.875,120.0
1920,D,G#,0,A,"(2, 4, 8, 11)",V7,E,B,A,240.0,121.0
1921,D,G#,1,A,"(2, 4, 8, 11)",V7,E,B,A,240.125,121.0
1922,D,G#,2,A,"(2, 4, 8, 11)",V7,E,B,A,240.25,121.0
1923,D,G#,2,A,"(2, 4, 8, 11)",V7,E,B,A,240.375,121.0
1924,D,G#,3,A,"(2, 4, 8, 11)",V7,E,B,A,240.5,121.0
1925,D,G#,3,A,"(2, 4, 8, 11)",V7,E,B,A,240.625,121.0
1926,D,G#,3,A,"(2, 4, 8, 11)",V7,E,B,A,240.75,121.0
1927,D,G#,3,A,"(2, 4, 8, 11)",V7,E,B,A,240.875,121.0
1928,D,G#,4,A,"(2, 4, 8, 11)",V7,E,B,A,241.0,121.0
1929,D,G#,4,A,"(2, 4, 8, 11)",V7,E,B,A,241.125,121.0
1930,D,G#,4,A,"(2, 4, 8, 11)",V7,E,B,A,241.25,121.0
1931,D,G#,4,A,"(2, 4, 8, 11)",V7,E,B,A,241.375,121.0
1932,D,G#,0,A,"(2, 4, 8, 11)",V7,E,B,A,241.5,121.0
1933,D,G#,4,A,"(2, 4, 8, 11)",V7,E,B,A,241.625,121.0
1934,D,G#,4,A,"(2, 4, 8, 11)",V7,E,B,A,241.75,121.0
1935,D,G#,4,A,"(2, 4, 8, 11)",V7,E,B,A,241.875,121.0
1936,E,A,0,A,"(1, 4, 9)",I,A,C#,A,242.0,122.0
1937,E,A,1,A,"(1, 4, 9)",I,A,C#,A,242.125,122.0
1938,E,A,2,A,"(1, 4, 9)",I,A,C#,A,242.25,122.0
1939,E,A,2,A,"(1, 4, 9)",I,A,C#,A,242.375,122.0
1940,E,A,3,A,"(1, 4, 9)",I,A,C#,A,242.5,122.0
1941,E,A,3,A,"(1, 4, 9)",I,A,C#,A,242.625,122.0
1942,E,A,3,A,"(1, 4, 9)",I,A,C#,A,242.75,122.0
1943,E,A,3,A,"(1, 4, 9)",I,A,C#,A,242.875,122.0
1944,D,G#,0,A,"(2, 4, 8, 11)",V7,G#,B,A,243.0,122.0
1945,D,G#,1,A,"(2, 4, 8, 11)",V7,G#,B,A,243.125,122.0
1946,D,G#,2,A,"(2, 4, 8, 11)",V7,G#,B,A,243.25,122.0
1947,D,G#,2,A,"(2, 4, 8, 11)",V7,G#,B,A,243.375,122.0
1948,E,A,0,A,"(1, 4, 9)",I,A,C#,A,243.5,122.0
1949,E,A,1,A,"(1, 4, 9)",I,A,C#,A,243.625,122.0
1950,E,A,2,A,"(1, 4, 9)",I,A,C#,A,243.75,122.0
1951,E,A,2,A,"(1, 4, 9)",I,A,C#,A,243.875,122.0
1952,B,E,0,A,"(4, 8, 11)",V,E,G#,A,244.0,123.0
1953,B,E,1,A,"(4, 8, 11)",V,E,G#,A,244.125,123.0
1954,B,E,2,A,"(4, 8, 11)",V,E,G#,A,244.25,123.0
1955,B,E,2,A,"(4, 8, 11)",V,E,G#,A,244.375,123.0
1956,B,E,3,A,"(4, 8, 11)",V,E,G#,A,244.5,123.0
1957,B,E,3,A,"(4, 8, 11)",V,E,G#,A,244.625,123.0
1958,B,E,3,A,"(4, 8, 11)",V,E,G#,A,244.75,123.0
1959,B,E,3,A,"(4, 8, 11)",V,E,G#,A,244.875,123.0
1960,B,E,4,A,"(4, 8, 11)",V,E,G#,A,245.0,123.0
1961,B,E,4,A,"(4, 8, 11)",V,E,G#,A,245.125,123.0
1962,B,E,4,A,"(4, 8, 11)",V,E,G#,A,245.25,123.0
1963,B,E,4,A,"(4, 8, 11)",V,E,G#,A,245.375,123.0
1964,B,E,4,A,"(4, 8, 11)",V,E,G#,A,245.5,123.0
1965,B,E,4,A,"(4, 8, 11)",V,E,G#,A,245.625,123.0
1966,B,E,4,A,"(4, 8, 11)",V,E,G#,A,245.75,123.0
1967,B,E,4,A,"(4, 8, 11)",V,E,G#,A,245.875,123.0
1968,B,D#,0,A,"(3, 6, 11)",V,B,F#,E,246.0,124.0
1969,B,D#,1,A,"(3, 6, 11)",V,B,F#,E,246.125,124.0
1970,B,D#,2,A,"(3, 6, 11)",V,B,F#,E,246.25,124.0
1971,B,D#,2,A,"(3, 6, 11)",V,B,F#,E,246.375,124.0
1972,A,D#,3,A,"(3, 6, 11)",V,B,F#,E,246.5,124.0
1973,A,D#,3,A,"(3, 6, 11)",V,B,F#,E,246.625,124.0
1974,A,D#,3,A,"(3, 6, 11)",V,B,F#,E,246.75,124.0
1975,A,D#,3,A,"(3, 6, 11)",V,B,F#,E,246.875,124.0
1976,A,D#,0,A,"(3, 6, 9, 11)",V7,B,F#,E,247.0,124.0
1977,A,D#,1,A,"(3, 6, 9, 11)",V7,B,F#,E,247.125,124.0
1978,A,D#,2,A,"(3, 6, 9, 11)",V7,B,F#,E,247.25,124.0
1979,A,D#,2,A,"(3, 6, 9, 11)",V7,B,F#,E,247.375,124.0
1980,A,D#,3,A,"(3, 6, 9, 11)",V7,B,F#,E,247.5,124.0
1981,A,D#,3,A,"(3, 6, 9, 11)",V7,B,F#,E,247.625,124.0
1982,A,D#,3,A,"(3, 6, 9, 11)",V7,B,F#,E,247.75,124.0
1983,A,D#,3,A,"(3, 6, 9, 11)",V7,B,F#,E,247.875,124.0
1984,B,E,0,A,"(4, 8, 11)",V,E,G#,A,248.0,125.0
1985,B,E,1,A,"(4, 8, 11)",V,E,G#,A,248.125,125.0
1986,B,E,2,A,"(4, 8, 11)",V,E,G#,A,248.25,125.0
1987,B,E,2,A,"(4, 8, 11)",V,E,G#,A,248.375,125.0
1988,B,E,3,A,"(4, 8, 11)",V,E,G#,A,248.5,125.0
1989,B,E,3,A,"(4, 8, 11)",V,E,G#,A,248.625,125.0
1990,B,E,3,A,"(4, 8, 11)",V,E,G#,A,248.75,125.0
1991,B,E,3,A,"(4, 8, 11)",V,E,G#,A,248.875,125.0
1992,B,E,4,A,"(4, 8, 11)",V,E,G#,A,249.0,125.0
1993,B,E,4,A,"(4, 8, 11)",V,E,G#,A,249.125,125.0
1994,B,E,4,A,"(4, 8, 11)",V,E,G#,A,249.25,125.0
1995,B,E,4,A,"(4, 8, 11)",V,E,G#,A,249.375,125.0
1996,B,E,4,A,"(4, 8, 11)",V,E,G#,A,249.5,125.0
1997,B,E,4,A,"(4, 8, 11)",V,E,G#,A,249.625,125.0
1998,B,E,4,A,"(4, 8, 11)",V,E,G#,A,249.75,125.0
1999,B,E,4,A,"(4, 8, 11)",V,E,G#,A,249.875,125.0
2000,B,D#,0,A,"(3, 6, 11)",V,B,F#,E,250.0,126.0
2001,B,D#,1,A,"(3, 6, 11)",V7,B,F#,E,250.125,126.0
2002,B,D#,2,A,"(3, 6, 11)",V7,B,F#,E,250.25,126.0
2003,B,D#,2,A,"(3, 6, 11)",V7,B,F#,E,250.375,126.0
2004,B,D#,3,A,"(3, 6, 9, 11)",V7,B,F#,E,250.5,126.0
2005,B,D#,3,A,"(3, 6, 9, 11)",V7,B,F#,E,250.625,126.0
2006,B,D#,3,A,"(3, 6, 9, 11)",V7,B,F#,E,250.75,126.0
2007,B,D#,3,A,"(3, 6, 9, 11)",V7,B,F#,E,250.875,126.0
2008,A,D#,0,A,"(3, 6, 9, 11)",V7,B,F#,E,251.0,126.0
2009,A,D#,1,A,"(3, 6, 9, 11)",V7,B,F#,E,251.125,126.0
2010,A,D#,2,A,"(3, 6, 9, 11)",V7,B,F#,E,251.25,126.0
2011,A,D#,2,A,"(3, 6, 9, 11)",V7,B,F#,E,251.375,126.0
2012,A,D#,3,A,"(3, 6, 9, 11)",V7,B,F#,E,251.5,126.0
2013,A,D#,3,A,"(3, 6, 9, 11)",V7,B,F#,E,251.625,126.0
2014,A,D#,3,A,"(3, 6, 9, 11)",V7,B,F#,E,251.75,126.0
2015,A,D#,3,A,"(3, 6, 9, 11)",V7,B,F#,E,251.875,126.0
2016,B,E,0,A,"(4, 8, 11)",V,E,G#,A,252.0,127.0
2017,B,E,1,A,"(4, 8, 11)",V,E,G#,A,252.125,127.0
2018,B,E,2,A,"(4, 8, 11)",V,E,G#,A,252.25,127.0
2019,B,E,2,A,"(4, 8, 11)",V,E,G#,A,252.375,127.0
2020,B,E,3,A,"(4, 8, 11)",V,E,G#,A,252.5,127.0
2021,B,E,3,A,"(4, 8, 11)",V,E,G#,A,252.625,127.0
2022,B,E,3,A,"(4, 8, 11)",V,E,G#,A,252.75,127.0
2023,B,E,3,A,"(4, 8, 11)",V,E,G#,A,252.875,127.0
2024,E,G#,4,A,"(4, 8, 11)",V,E,B,A,253.0,127.0
2025,E,G#,4,A,"(4, 8, 11)",V,E,B,A,253.125,127.0
2026,E,G#,4,A,"(4, 8, 11)",V,E,B,A,253.25,127.0
2027,E,G#,4,A,"(4, 8, 11)",V,E,B,A,253.375,127.0
2028,E,G#,4,A,"(4, 8, 11)",V,E,B,A,253.5,127.0
2029,E,G#,4,A,"(4, 8, 11)",V,E,B,A,253.625,127.0
2030,E,G#,4,A,"(4, 8, 11)",V,E,B,A,253.75,127.0
2031,E,G#,3,A,"(4, 8, 11)",V,E,B,A,253.875,127.0
2032,E,A,0,A,"(1, 4, 9)",I,A,C#,A,254.0,128.0
2033,E,A,1,A,"(1, 4, 9)",vi,A,C#,A,254.125,128.0
2034,E,A,2,A,"(1, 4, 9)",vi,A,C#,A,254.25,128.0
2035,E,A,2,A,"(1, 4, 9)",vi,A,C#,A,254.375,128.0
2036,E,A,3,A,"(1, 4, 9)",ii,F#,C#,A,254.5,128.0
2037,E,A,3,A,"(1, 4, 9)",ii,F#,C#,A,254.625,128.0
2038,E,A,3,A,"(1, 4, 6, 9)",ii,F#,C#,A,254.75,128.0
2039,E,A,3,A,"(1, 4, 6, 9)",ii,F#,C#,A,254.875,128.0
2040,F#,B,0,A,"(3, 6, 9, 11)",V7,A,D#,E,255.0,128.0
2041,F#,B,1,A,"(3, 6, 9, 11)",V7,A,D#,E,255.125,128.0
2042,F#,B,2,A,"(3, 6, 9, 11)",V7,A,D#,E,255.25,128.0
2043,F#,B,2,A,"(3, 6, 9, 11)",V7,A,D#,E,255.375,128.0
2044,F#,B,3,A,"(3, 6, 9, 11)",V7,A,D#,E,255.5,128.0
2045,F#,B,3,A,"(3, 6, 9, 11)",V7,A,D#,E,255.625,128.0
2046,F#,B,3,A,"(3, 6, 9, 11)",V7,A,D#,E,255.75,128.0
2047,F#,B,3,A,"(3, 6, 9, 11)",V7,A,D#,E,255.875,128.0
2048,B,E,0,A,"(4, 8, 11)",I,E,G#,E,256.0,129.0
2049,B,E,1,A,"(4, 8, 11)",I,E,G#,E,256.125,129.0
2050,B,E,2,A,"(4, 8, 11)",I,E,G#,E,256.25,129.0
2051,B,E,2,A,"(4, 8, 11)",I,E,G#,A,256.375,129.0
2052,B,E,3,A,"(4, 8, 11)",I,E,G#,A,256.5,129.0
2053,B,E,3,A,"(4, 8, 11)",I,E,G#,A,256.625,129.0
2054,B,E,3,A,"(4, 8, 11)",I,E,G#,A,256.75,129.0
2055,B,E,3,A,"(4, 8, 11)",I,E,G#,A,256.875,129.0
2056,B,E,4,A,"(4, 8, 11)",I,E,G#,A,257.0,129.0
2057,B,E,4,A,"(4, 8, 11)",I,E,G#,A,257.125,129.0
2058,B,E,4,A,"(4, 8, 11)",I,E,G#,A,257.25,129.0
2059,B,E,4,A,"(4, 8, 11)",I,E,G#,A,257.375,129.0
2060,B,E,0,A,"(4, 8, 11)",V,E,G#,A,257.5,129.0
2061,B,E,1,A,"(4, 8, 11)",V,E,G#,A,257.625,129.0
2062,B,E,2,A,"(4, 8, 11)",V,E,G#,A,257.75,129.0
2063,B,E,2,A,"(4, 8, 11)",V,E,G#,A,257.875,129.0
2064,E,A,0,A,"(1, 4, 9)",I,A,C#,A,258.0,130.0
2065,E,A,1,A,"(1, 4, 9)",IV,A,C#,A,258.125,130.0
2066,E,A,2,A,"(1, 4, 9)",IV,A,C#,A,258.25,130.0
2067,E,A,2,A,"(1, 4, 9)",IV,A,C#,A,258.375,130.0
2068,E,A,3,A,"(1, 4, 9)",IV,A,C#,A,258.5,130.0
2069,E,A,3,A,"(1, 4, 9)",IV,A,C#,A,258.625,130.0
2070,E,A,3,A,"(1, 4, 9)",IV,A,C#,A,258.75,130.0
2071,E,A,3,A,"(1, 4, 9)",IV,A,C#,A,258.875,130.0
2072,F#,B,0,A,"(3, 6, 9, 11)",V7,A,D#,A,259.0,130.0
2073,F#,B,1,A,"(3, 6, 9, 11)",V7,A,D#,E,259.125,130.0
2074,F#,B,2,A,"(3, 6, 9, 11)",V7,A,D#,E,259.25,130.0
2075,F#,B,2,A,"(3, 6, 9, 11)",V7,A,D#,E,259.375,130.0
2076,F#,A,3,A,"(3, 6, 9, 11)",I,A,D#,A,259.5,130.0
2077,E,A,3,A,"(3, 6, 9, 11)",I,A,D#,A,259.625,130.0
2078,E,A,3,A,"(1, 4, 9)",I,A,D#,A,259.75,130.0
2079,E,A,3,A,"(1, 4, 9)",I,A,D#,A,259.875,130.0
2080,B,E,0,A,"(4, 8, 11)",V,E,G#,A,260.0,131.0
2081,B,E,1,A,"(4, 8, 11)",V,E,G#,A,260.125,131.0
2082,B,E,2,A,"(4, 8, 11)",V,E,G#,A,260.25,131.0
2083,B,E,2,A,"(4, 8, 11)",V,E,G#,A,260.375,131.0
2084,B,E,3,A,"(4, 8, 11)",V,E,G#,A,260.5,131.0
2085,B,E,3,A,"(4, 8, 11)",V,E,G#,A,260.625,131.0
2086,B,E,3,A,"(4, 8, 11)",V,E,G#,A,260.75,131.0
2087,B,E,3,A,"(4, 8, 11)",V,E,G#,A,260.875,131.0
2088,B,E,4,A,"(4, 8, 11)",V,E,G#,A,261.0,131.0
2089,B,E,4,A,"(4, 8, 11)",V,E,G#,A,261.125,131.0
2090,B,E,4,A,"(4, 8, 11)",V,E,G#,A,261.25,131.0
2091,B,E,4,A,"(4, 8, 11)",V,E,G#,A,261.375,131.0
2092,E,G#,0,A,"(4, 8, 11)",V,E,B,A,261.5,131.0
2093,E,G#,4,A,"(4, 8, 11)",V,E,B,A,261.625,131.0
2094,E,G#,4,A,"(4, 8, 11)",V,E,B,A,261.75,131.0
2095,E,G#,4,A,"(4, 8, 11)",V,E,B,A,261.875,131.0
2096,E,A,0,A,"(1, 4, 9)",vi,A,C#,A,262.0,132.0
2097,E,A,1,A,"(1, 4, 9)",vi,F#,C#,A,262.125,132.0
2098,E,A,2,A,"(1, 4, 9)",vi,F#,C#,A,262.25,132.0
2099,E,A,2,A,"(1, 4, 9)",vi,F#,C#,A,262.375,132.0
2100,E,A,3,A,"(1, 4, 6, 9)",ii,F#,C#,A,262.5,132.0
2101,E,A,3,A,"(1, 4, 6, 9)",ii,F#,C#,A,262.625,132.0
2102,E,A,3,A,"(1, 4, 6, 9)",ii,F#,C#,A,262.75,132.0
2103,E,A,3,A,"(1, 4, 6, 9)",ii,F#,C#,A,262.875,132.0
2104,F#,B,0,A,"(3, 6, 9, 11)",V7,A,D#,E,263.0,132.0
2105,F#,B,1,A,"(3, 6, 9, 11)",V7,A,D#,E,263.125,132.0
2106,F#,B,2,A,"(3, 6, 9, 11)",V7,A,D#,E,263.25,132.0
2107,F#,B,2,A,"(3, 6, 9, 11)",V7,A,D#,E,263.375,132.0
2108,F#,B,3,A,"(3, 6, 9, 11)",V7,A,D#,E,263.5,132.0
2109,F#,B,3,A,"(3, 6, 9, 11)",V7,A,D#,E,263.625,132.0
2110,F#,B,3,A,"(3, 6, 9, 11)",V7,A,D#,E,263.75,132.0
2111,F#,B,3,A,"(3, 6, 9, 11)",V7,A,D#,E,263.875,132.0
2112,B,E,0,A,"(4, 8, 11)",I,E,G#,E,264.0,133.0
2113,B,E,1,A,"(4, 8, 11)",I,E,G#,E,264.125,133.0
2114,B,E,2,A,"(4, 8, 11)",I,E,G#,E,264.25,133.0
2115,B,E,2,A,"(4, 8, 11)",I,E,G#,E,264.375,133.0
2116,B,E,3,A,"(4, 8, 11)",I,E,G#,E,264.5,133.0
2117,B,E,3,A,"(4, 8, 11)",I,E,G#,E,264.625,133.0
2118,B,E,3,A,"(4, 8, 11)",I,E,G#,E,264.75,133.0
2119,B,E,3,A,"(4, 8, 11)",I,E,G#,E,264.875,133.0
2120,B,E,4,A,"(4, 8, 11)",I,E,G#,E,265.0,133.0
2121,B,E,4,A,"(4, 8, 11)",I,E,G#,E,265.125,133.0
2122,B,E,4,A,"(4, 8, 11)",I,E,G#,E,265.25,133.0
2123,B,E,4,A,"(4, 8, 11)",I,E,G#,E,265.375,133.0
2124,B,E,0,A,"(4, 8, 11)",V,E,G#,A,265.5,133.0
2125,B,E,1,A,"(4, 8, 11)",V,E,G#,A,265.625,133.0
2126,B,E,2,A,"(4, 8, 11)",V,E,G#,A,265.75,133.0
2127,B,E,2,A,"(4, 8, 11)",V,E,G#,A,265.875,133.0
2128,E,A,0,A,"(1, 4, 9)",I,A,C#,A,266.0,134.0
2129,E,A,1,A,"(1, 4, 9)",IV,A,C#,A,266.125,134.0
2130,E,A,2,A,"(1, 4, 9)",IV,A,C#,A,266.25,134.0
2131,E,A,2,A,"(1, 4, 9)",IV,A,C#,A,266.375,134.0
2132,E,A,3,A,"(1, 4, 9)",IV,A,C#,A,266.5,134.0
2133,E,A,3,A,"(1, 4, 9)",IV,A,C#,A,266.625,134.0
2134,E,A,3,A,"(1, 4, 9)",IV,A,C#,A,266.75,134.0
2135,E,A,3,A,"(1, 4, 9)",IV,A,C#,A,266.875,134.0
2136,F#,B,0,A,"(3, 6, 9, 11)",V7,A,D#,E,267.0,134.0
2137,F#,B,1,A,"(3, 6, 9, 11)",V7,A,D#,E,267.125,134.0
2138,F#,B,2,A,"(3, 6, 9, 11)",V7,A,D#,E,267.25,134.0
2139,F#,B,2,A,"(3, 6, 9, 11)",V7,A,D#,E,267.375,134.0
2140,F#,B,3,A,"(3, 6, 9, 11)",V7,A,D#,A,267.5,134.0
2141,F#,B,3,A,"(3, 6, 9, 11)",V7,A,D#,A,267.625,134.0
2142,F#,B,3,A,"(3, 6, 9, 11)",V7,A,D#,E,267.75,134.0
2143,F#,B,3,A,"(3, 6, 9, 11)",V7,A,D#,A,267.875,134.0
2144,B,E,0,A,"(4, 8, 11)",V,E,G#,A,268.0,135.0
2145,B,E,1,A,"(4, 8, 11)",V,E,G#,A,268.125,135.0
2146,B,E,2,A,"(4, 8, 11)",V,E,G#,A,268.25,135.0
2147,B,E,2,A,"(4, 8, 11)",V,E,G#,A,268.375,135.0
2148,B,E,3,A,"(4, 8, 11)",V,E,G#,A,268.5,135.0
2149,B,E,3,A,"(4, 8, 11)",V,E,G#,A,268.625,135.0
2150,B,E,3,A,"(4, 8, 11)",V,E,G#,A,268.75,135.0
2151,B,E,3,A,"(4, 8, 11)",V,E,G#,A,268.875,135.0
2152,B,D#,0,A,"(3, 6, 11)",V,B,F#,E,269.0,135.0
2153,B,D#,1,A,"(3, 6, 11)",V,B,F#,E,269.125,135.0
2154,B,D#,2,A,"(3, 6, 11)",V,B,F#,E,269.25,135.0
2155,B,D#,2,A,"(3, 6, 11)",V,B,F#,E,269.375,135.0
2156,B,D#,3,A,"(3, 6, 11)",V,B,F#,E,269.5,135.0
2157,B,D#,3,A,"(3, 6, 11)",V,B,F#,E,269.625,135.0
2158,B,D#,3,A,"(3, 6, 11)",V,B,F#,E,269.75,135.0
2159,B,D#,3,A,"(3, 6, 11)",V,B,F#,E,269.875,135.0
2160,B,E,0,A,"(4, 8, 11)",V,E,G#,E,270.0,136.0
2161,B,E,1,A,"(4, 8, 11)",I,E,G#,E,270.125,136.0
2162,B,E,2,A,"(4, 8, 11)",I,E,G#,E,270.25,136.0
2163,B,E,2,A,"(4, 8, 11)",I,E,G#,E,270.375,136.0
2164,B,E,3,A,"(4, 8, 11)",I,E,G#,E,270.5,136.0
2165,B,E,3,A,"(4, 8, 11)",I,E,G#,E,270.625,136.0
2166,B,E,3,A,"(4, 8, 11)",I,E,G#,E,270.75,136.0
2167,B,E,3,A,"(4, 8, 11)",I,E,G#,E,270.875,136.0
2168,F#,B,0,A,"(3, 6, 9, 11)",V7,A,D#,E,271.0,136.0
2169,F#,B,1,A,"(3, 6, 9, 11)",V,A,D#,E,271.125,136.0
2170,F#,B,2,A,"(3, 6, 9, 11)",V,A,D#,E,271.25,136.0
2171,F#,B,2,A,"(3, 6, 9, 11)",V,A,D#,E,271.375,136.0
2172,F#,B,3,A,"(3, 6, 9, 11)",V,A,D#,E,271.5,136.0
2173,F#,B,3,A,"(3, 6, 9, 11)",V,A,D#,E,271.625,136.0
2174,F#,B,3,A,"(3, 6, 9, 11)",V,A,D#,E,271.75,136.0
2175,F#,B,3,A,"(3, 6, 9, 11)",V,A,D#,E,271.875,136.0
2176,F#,B,0,A,"(3, 6, 9, 11)",V7,A,D#,E,272.0,137.0
2177,F#,B,1,A,"(3, 6, 9, 11)",V7,A,D#,E,272.125,137.0
2178,F#,B,2,A,"(3, 6, 9, 11)",V7,A,D#,E,272.25,137.0
2179,F#,B,2,A,"(3, 6, 9, 11)",V7,A,D#,E,272.375,137.0
2180,F#,B,3,A,"(3, 6, 9, 11)",V7,A,D#,E,272.5,137.0
2181,F#,B,3,A,"(3, 6, 9, 11)",V7,A,D#,E,272.625,137.0
2182,F#,B,3,A,"(3, 6, 9, 11)",V7,A,D#,E,272.75,137.0
2183,F#,B,3,A,"(3, 6, 9, 11)",V7,A,D#,E,272.875,137.0
2184,F#,B,4,A,"(3, 6, 9, 11)",V7,A,D#,E,273.0,137.0
2185,F#,B,4,A,"(3, 6, 9, 11)",V7,A,D#,E,273.125,137.0
2186,F#,B,4,A,"(3, 6, 9, 11)",V7,A,D#,E,273.25,137.0
2187,F#,B,4,A,"(3, 6, 9, 11)",V7,A,D#,E,273.375,137.0
2188,F#,B,4,A,"(3, 6, 9, 11)",V7,A,D#,E,273.5,137.0
2189,F#,B,4,A,"(3, 6, 9, 11)",V7,A,D#,E,273.625,137.0
2190,F#,B,4,A,"(3, 6, 9, 11)",V7,A,D#,E,273.75,137.0
2191,F#,B,4,A,"(3, 6, 9, 11)",V7,A,D#,E,273.875,137.0
2192,B,E,0,A,"(4, 8, 11)",V,E,G#,A,274.0,138.0
2193,B,E,1,A,"(4, 8, 11)",V,E,G#,A,274.125,138.0
2194,B,E,2,A,"(4, 8, 11)",V,E,G#,A,274.25,138.0
2195,B,E,2,A,"(4, 8, 11)",V,E,G#,A,274.375,138.0
2196,B,E,3,A,"(4, 8, 11)",V,E,G#,A,274.5,138.0
2197,B,E,3,A,"(4, 8, 11)",V,E,G#,A,274.625,138.0
2198,B,E,3,A,"(4, 8, 11)",V,E,G#,A,274.75,138.0
2199,B,E,3,A,"(4, 8, 11)",V,E,G#,A,274.875,138.0
2200,B,E,4,A,"(4, 8, 11)",V,E,G#,A,275.0,138.0
2201,B,E,4,A,"(4, 8, 11)",V,E,G#,A,275.125,138.0
2202,B,E,4,A,"(4, 8, 11)",V,E,G#,A,275.25,138.0
2203,B,E,4,A,"(4, 8, 11)",V,E,G#,A,275.375,138.0
2204,B,E,4,A,"(4, 8, 11)",V,E,G#,A,275.5,138.0
2205,B,E,4,A,"(4, 8, 11)",V,E,G#,A,275.625,138.0
2206,B,E,4,A,"(4, 8, 11)",V,E,G#,A,275.75,138.0
2207,B,E,4,A,"(4, 8, 11)",V,E,G#,A,275.875,138.0
2208,B,E,0,A,"(4, 8, 11)",V,E,G#,A,276.0,139.0
2209,B,E,1,A,"(4, 8, 11)",V,E,G#,A,276.125,139.0
2210,B,E,2,A,"(4, 8, 11)",V,E,G#,A,276.25,139.0
2211,B,E,2,A,"(4, 8, 11)",V,E,G#,A,276.375,139.0
2212,B,E,3,A,"(4, 8, 11)",V,E,G#,A,276.5,139.0
2213,B,E,3,A,"(4, 8, 11)",V,E,G#,A,276.625,139.0
2214,B,E,3,A,"(4, 8, 11)",V,E,G#,A,276.75,139.0
2215,B,E,3,A,"(4, 8, 11)",V,E,G#,A,276.875,139.0
2216,B,E,0,A,"(4, 8, 11)",V,E,G#,A,277.0,139.0
2217,B,E,1,A,"(4, 8, 11)",V,F#,G#,A,277.125,139.0
2218,B,E,4,A,"(4, 8, 11)",V,F#,G#,A,277.25,139.0
2219,B,E,2,A,"(4, 8, 11)",V,F#,G#,A,277.375,139.0
2220,E,E,3,A,"(4, 8, 11)",I,F#,C#,A,277.5,139.0
2221,E,E,3,A,"(4, 8, 11)",I,F#,C#,A,277.625,139.0
2222,E,E,4,A,"(4, 8, 11)",I,F#,C#,A,277.75,139.0
2223,E,E,3,A,"(4, 8, 11)",I,F#,C#,A,277.875,139.0
2224,F#,B,0,A,"(2, 6, 11)",ii,B,D#,A,278.0,140.0
2225,F#,B,1,A,"(3, 6, 11)",ii,B,D#,A,278.125,140.0
2226,F#,B,2,A,"(3, 6, 11)",ii,B,D#,A,278.25,140.0
2227,F#,B,2,A,"(3, 6, 11)",ii,B,D#,A,278.375,140.0
2228,F#,B,3,A,"(3, 6, 11)",V,B,D#,A,278.5,140.0
2229,F#,B,3,A,"(4, 8, 11)",V,B,D#,A,278.625,140.0
2230,F#,B,3,A,"(4, 8, 11)",V,B,D#,A,278.75,140.0
2231,F#,B,3,A,"(4, 8, 11)",V,B,D#,A,278.875,140.0
2232,B,B,0,A,"(4, 8, 11)",V,E,B,A,279.0,140.0
2233,B,B,1,A,"(4, 8, 11)",V,E,B,A,279.125,140.0
2234,B,B,4,A,"(4, 8, 11)",V,E,B,A,279.25,140.0
2235,B,B,4,A,"(4, 8, 11)",V,E,B,A,279.375,140.0
2236,E,G#,0,A,"(4, 8, 11)",V,E,B,A,279.5,140.0
2237,E,G#,1,A,"(4, 8, 11)",V,E,B,A,279.625,140.0
2238,E,G#,4,A,"(4, 8, 11)",V,E,B,A,279.75,140.0
2239,E,G#,2,A,"(4, 8, 11)",V,E,B,A,279.875,140.0
2240,E,A,0,A,"(1, 4, 9)",I,A,C#,A,280.0,141.0
2241,E,A,1,A,"(1, 4, 9)",I,A,C#,A,280.125,141.0
2242,E,A,2,A,"(1, 4, 9)",I,A,C#,A,280.25,141.0
2243,E,A,2,A,"(1, 4, 9)",I,A,C#,A,280.375,141.0
2244,E,A,3,A,"(1, 4, 9)",I,A,C#,A,280.5,141.0
2245,E,A,3,A,"(1, 4, 9)",I,A,C#,A,280.625,141.0
2246,E,A,3,A,"(1, 4, 9)",I,A,C#,A,280.75,141.0
2247,E,A,3,A,"(1, 4, 9)",I,A,C#,A,280.875,141.0
2248,D,G#,0,A,"(2, 4, 8, 11)",V7,E,B,A,281.0,141.0
2249,D,G#,1,A,"(2, 8, 11)",V7,G#,B,A,281.125,141.0
2250,D,G#,2,A,"(2, 8, 11)",V7,G#,B,A,281.25,141.0
2251,D,G#,2,A,"(2, 8, 11)",V7,G#,B,A,281.375,141.0
2252,E,A,0,A,"(1, 4, 9)",I,A,C#,A,281.5,141.0
2253,E,A,1,A,"(1, 4, 9)",I,A,C#,A,281.625,141.0
2254,E,A,2,A,"(1, 4, 9)",I,A,C#,A,281.75,141.0
2255,E,A,2,A,"(1, 4, 9)",I,A,C#,A,281.875,141.0
2256,B,E,0,A,"(4, 8, 11)",I,E,G#,A,282.0,142.0
2257,B,E,1,A,"(4, 8, 11)",V,E,G#,A,282.125,142.0
2258,B,E,2,A,"(4, 8, 11)",V,E,G#,A,282.25,142.0
2259,B,E,2,A,"(4, 8, 11)",V,E,G#,A,282.375,142.0
2260,B,E,3,A,"(4, 8, 11)",V,E,G#,A,282.5,142.0
2261,B,E,3,A,"(4, 8, 11)",V,E,G#,A,282.625,142.0
2262,B,E,3,A,"(4, 8, 11)",V,E,G#,A,282.75,142.0
2263,B,E,3,A,"(4, 8, 11)",V,E,G#,A,282.875,142.0
2264,B,E,4,A,"(4, 8, 11)",V,E,G#,A,283.0,142.0
2265,B,E,4,A,"(4, 8, 11)",V,E,G#,A,283.125,142.0
2266,B,E,4,A,"(4, 8, 11)",V,E,G#,A,283.25,142.0
2267,B,E,4,A,"(4, 8, 11)",V,E,G#,A,283.375,142.0
2268,B,E,4,A,"(4, 8, 11)",V,E,G#,A,283.5,142.0
2269,B,E,4,A,"(4, 8, 11)",V,E,G#,A,283.625,142.0
2270,B,E,4,A,"(4, 8, 11)",V,E,G#,A,283.75,142.0
2271,B,E,4,A,"(4, 8, 11)",V,E,G#,A,283.875,142.0
2272,E,A,0,A,"(1, 4, 9)",I,A,C#,A,284.0,143.0
2273,E,A,1,A,"(1, 4, 9)",I,A,C#,A,284.125,143.0
2274,E,A,2,A,"(1, 4, 9)",I,A,C#,A,284.25,143.0
2275,E,A,2,A,"(1, 4, 9)",I,A,C#,A,284.375,143.0
2276,E,A,3,A,"(1, 4, 9)",I,A,C#,A,284.5,143.0
2277,E,A,3,A,"(1, 4, 9)",I,A,C#,A,284.625,143.0
2278,E,A,3,A,"(1, 4, 9)",I,A,C#,A,284.75,143.0
2279,E,A,3,A,"(1, 4, 9)",I,A,C#,A,284.875,143.0
2280,E,A,0,A,"(1, 4, 9)",I,A,C#,A,285.0,143.0
2281,E,A,1,A,"(1, 4, 9)",I,A,C#,A,285.125,143.0
2282,E,A,2,A,"(1, 4, 9)",I,A,C#,A,285.25,143.0
2283,E,A,2,A,"(1, 4, 9)",I,A,C#,A,285.375,143.0
2284,E,A,3,A,"(1, 4, 9)",I,A,C#,A,285.5,143.0
2285,E,A,3,A,"(1, 4, 9)",I,A,C#,A,285.625,143.0
2286,E,A,3,A,"(1, 4, 9)",I,A,C#,A,285.75,143.0
2287,E,A,3,A,"(1, 4, 9)",I,A,C#,A,285.875,143.0
2288,D,G#,0,A,"(2, 4, 8, 11)",V7,E,B,A,286.0,144.0
2289,D,G#,1,A,"(2, 4, 8, 11)",V7,E,B,A,286.125,144.0
2290,D,G#,2,A,"(2, 4, 8, 11)",V7,E,B,A,286.25,144.0
2291,D,G#,2,A,"(2, 4, 8, 11)",V7,E,B,A,286.375,144.0
2292,D,G#,3,A,"(2, 4, 8, 11)",V7,E,B,A,286.5,144.0
2293,D,G#,3,A,"(2, 4, 8, 11)",V7,E,B,A,286.625,144.0
2294,D,G#,3,A,"(2, 4, 8, 11)",V7,E,B,A,286.75,144.0
2295,D,G#,3,A,"(2, 4, 8, 11)",V7,E,B,A,286.875,144.0
2296,D,G#,4,A,"(2, 4, 8, 11)",V7,E,B,A,287.0,144.0
2297,D,G#,4,A,"(2, 4, 8, 11)",V7,E,B,A,287.125,144.0
2298,D,G#,4,A,"(2, 4, 8, 11)",V7,E,B,A,287.25,144.0
2299,D,G#,4,A,"(2, 4, 8, 11)",V7,E,B,A,287.375,144.0
2300,D,G#,4,A,"(2, 4, 8, 11)",V7,E,B,A,287.5,144.0
2301,D,G#,4,A,"(2, 4, 8, 11)",V7,E,B,A,287.625,144.0
2302,D,G#,4,A,"(2, 4, 8, 11)",V7,E,B,A,287.75,144.0
2303,D,G#,4,A,"(2, 4, 8, 11)",V7,E,B,A,287.875,144.0
2304,E,A,0,A,"(1, 4, 9)",I,A,C#,A,288.0,145.0
2305,E,A,1,A,"(1, 4, 9)",I,A,C#,A,288.125,145.0
2306,E,A,2,A,"(1, 4, 9)",I,A,C#,A,288.25,145.0
2307,E,A,2,A,"(1, 4, 9)",I,A,C#,A,288.375,145.0
2308,E,A,3,A,"(1, 4, 9)",I,A,C#,A,288.5,145.0
2309,E,A,3,A,"(1, 4, 9)",I,A,C#,A,288.625,145.0
2310,E,A,3,A,"(1, 4, 9)",I,A,C#,A,288.75,145.0
2311,E,A,3,A,"(1, 4, 9)",I,A,C#,A,288.875,145.0
2312,E,A,0,A,"(1, 4, 9)",I,A,C#,A,289.0,145.0
2313,E,A,1,A,"(1, 4, 9)",I,A,C#,A,289.125,145.0
2314,E,A,2,A,"(1, 4, 9)",I,A,C#,A,289.25,145.0
2315,E,A,2,A,"(1, 4, 9)",I,A,C#,A,289.375,145.0
2316,E,A,3,A,"(1, 4, 9)",I,A,C#,A,289.5,145.0
2317,E,A,3,A,"(1, 4, 9)",I,A,C#,A,289.625,145.0
2318,E,A,3,A,"(1, 4, 9)",I,A,C#,A,289.75,145.0
2319,E,A,3,A,"(1, 4, 9)",I,A,C#,A,289.875,145.0
2320,D,G#,0,A,"(2, 4, 8, 11)",V7,E,B,A,290.0,146.0
2321,D,G#,1,A,"(2, 4, 8, 11)",V,E,B,A,290.125,146.0
2322,D,G#,2,A,"(2, 4, 8, 11)",V,E,B,A,290.25,146.0
2323,D,G#,2,A,"(2, 4, 8, 11)",V,E,B,A,290.375,146.0
2324,D,G#,3,A,"(2, 4, 8, 11)",V7,E,B,A,290.5,146.0
2325,D,G#,3,A,"(2, 4, 8, 11)",V7,E,B,A,290.625,146.0
2326,D,G#,3,A,"(2, 4, 8, 11)",V7,E,B,A,290.75,146.0
2327,D,G#,3,A,"(2, 4, 8, 11)",V7,E,B,A,290.875,146.0
2328,D,G#,4,A,"(2, 4, 8, 11)",V7,E,B,A,291.0,146.0
2329,D,G#,4,A,"(2, 4, 8, 11)",V7,E,B,A,291.125,146.0
2330,D,G#,4,A,"(2, 4, 8, 11)",V7,E,B,A,291.25,146.0
2331,D,G#,4,A,"(2, 4, 8, 11)",V7,E,B,A,291.375,146.0
2332,D,G#,4,A,"(2, 4, 8, 11)",V7,E,B,A,291.5,146.0
2333,D,G#,4,A,"(2, 4, 8, 11)",V7,E,B,A,291.625,146.0
2334,D,G#,4,A,"(2, 4, 8, 11)",V7,E,B,A,291.75,146.0
2335,D,G#,4,A,"(2, 4, 8, 11)",V7,E,B,A,291.875,146.0
2336,E,A,0,A,"(1, 4, 9)",I,A,C#,A,292.0,147.0
2337,E,A,1,A,"(1, 4, 9)",I,A,C#,A,292.125,147.0
2338,E,A,2,A,"(1, 4, 9)",I,A,C#,A,292.25,147.0
2339,E,A,2,A,"(1, 4, 9)",I,A,C#,A,292.375,147.0
2340,E,A,3,A,"(1, 4, 9)",I,A,C#,A,292.5,147.0
2341,E,A,3,A,"(1, 4, 9)",I,A,C#,A,292.625,147.0
2342,E,A,3,A,"(1, 4, 9)",I,A,C#,A,292.75,147.0
2343,E,A,3,A,"(1, 4, 9)",I,A,C#,A,292.875,147.0
2344,B,E,0,A,"(2, 4, 8, 11)",V7,D,G#,A,293.0,147.0
2345,B,E,1,A,"(2, 4, 8, 11)",V7,D,G#,A,293.125,147.0
2346,B,E,2,A,"(2, 4, 8, 11)",V7,D,G#,A,293.25,147.0
2347,B,E,2,A,"(2, 4, 8, 11)",V7,D,G#,A,293.375,147.0
2348,B,E,3,A,"(2, 4, 8, 11)",V7,D,G#,A,293.5,147.0
2349,B,E,3,A,"(2, 4, 8, 11)",V7,D,G#,A,293.625,147.0
2350,B,E,3,A,"(2, 4, 8, 11)",V7,D,G#,A,293.75,147.0
2351,B,E,3,A,"(2, 4, 8, 11)",V7,D,G#,A,293.875,147.0
2352,E,A,0,A,"(1, 4, 9)",I,A,C#,A,294.0,148.0
2353,E,A,1,A,"(1, 4, 9)",I,A,C#,A,294.125,148.0
2354,E,A,2,A,"(1, 4, 9)",I,A,C#,A,294.25,148.0
2355,E,A,2,A,"(1, 4, 9)",I,A,C#,A,294.375,148.0
2356,A,D,0,A,"(2, 6, 9)",IV,D,F#,A,294.5,148.0
2357,A,D,1,A,"(2, 6, 9)",IV,D,F#,A,294.625,148.0
2358,A,D,2,A,"(2, 6, 9)",IV,D,F#,A,294.75,148.0
2359,A,D,2,A,"(2, 6, 9)",IV,D,F#,A,294.875,148.0
2360,E,A,0,A,"(1, 4, 9)",I,A,C#,A,295.0,148.0
2361,E,A,1,A,"(1, 4, 9)",I,A,C#,A,295.125,148.0
2362,E,A,2,A,"(1, 4, 9)",I,A,C#,A,295.25,148.0
2363,E,A,2,A,"(1, 4, 9)",I,A,C#,A,295.375,148.0
2364,A,D,0,A,"(2, 6, 9)",IV,D,F#,A,295.5,148.0
2365,A,D,1,A,"(2, 6, 9)",IV,D,F#,A,295.625,148.0
2366,A,D,2,A,"(2, 6, 9)",IV,D,F#,A,295.75,148.0
2367,A,D,2,A,"(2, 6, 9)",IV,D,F#,A,295.875,148.0
2368,C#,E,0,A,"(1, 4, 9)",I,A,A,A,296.0,149.0
2369,C#,E,1,A,"(1, 4, 9)",I,A,A,A,296.125,149.0
2370,C#,E,2,A,"(1, 4, 9)",I,A,A,A,296.25,149.0
2371,C#,E,2,A,"(1, 4, 9)",I,A,A,A,296.375,149.0
2372,C#,E,3,A,"(1, 4, 9)",I,A,A,A,296.5,149.0
2373,C#,E,3,A,"(1, 4, 9)",I,A,A,A,296.625,149.0
2374,C#,E,3,A,"(1, 4, 9)",I,A,A,A,296.75,149.0
2375,C#,E,3,A,"(1, 4, 9)",I,A,A,A,296.875,149.0
2376,B,E,0,A,"(4, 8, 11)",V,D,G#,A,297.0,149.0
2377,B,E,1,A,"(4, 8, 11)",V,D,G#,A,297.125,149.0
2378,B,E,2,A,"(4, 8, 11)",V,D,G#,A,297.25,149.0
2379,B,E,2,A,"(4, 8, 11)",V,D,G#,A,297.375,149.0
2380,B,E,3,A,"(2, 4, 8, 11)",V7,D,G#,A,297.5,149.0
2381,B,E,3,A,"(2, 4, 8, 11)",V7,D,G#,A,297.625,149.0
2382,B,E,3,A,"(2, 4, 8, 11)",V7,D,G#,A,297.75,149.0
2383,B,E,3,A,"(2, 4, 8, 11)",V7,D,G#,A,297.875,149.0
2384,A,C#,0,A,"(1, 4, 9)",I,A,E,A,298.0,150.0
2385,A,C#,1,A,"(1, 4, 9)",I,A,E,A,298.125,150.0
2386,A,C#,2,A,"(1, 4, 9)",I,A,E,A,298.25,150.0
2387,A,C#,2,A,"(1, 4, 9)",I,A,E,A,298.375,150.0
2388,A,D,0,A,"(2, 6, 9)",IV,D,F#,A,298.5,150.0
2389,A,D,1,A,"(2, 6, 9)",IV,D,F#,A,298.625,150.0
2390,A,D,3,A,"(2, 6, 9)",IV,D,F#,A,298.75,150.0
2391,A,D,3,A,"(2, 6, 9)",IV,D,F#,A,298.875,150.0
2392,E,C#,0,A,"(1, 4, 9)",I,A,C#,A,299.0,150.0
2393,E,C#,1,A,"(1, 4, 9)",I,A,C#,A,299.125,150.0
2394,E,C#,2,A,"(1, 4, 9)",I,A,C#,A,299.25,150.0
2395,E,A,2,A,"(1, 4, 9)",I,A,C#,A,299.375,150.0
2396,A,D,0,A,"(2, 6, 9)",IV,D,F#,A,299.5,150.0
2397,A,D,1,A,"(2, 6, 9)",IV,D,F#,A,299.625,150.0
2398,A,D,0,A,"(2, 6, 9)",IV,D,F#,A,299.75,150.0
2399,A,D,2,A,"(2, 6, 9)",IV,D,F#,A,299.875,150.0
2400,C#,E,0,A,"(1, 4, 9)",I,A,A,A,300.0,151.0
2401,C#,E,1,A,"(1, 4, 9)",I,A,A,A,300.125,151.0
2402,C#,E,2,A,"(1, 4, 9)",I,A,A,A,300.25,151.0
2403,C#,E,2,A,"(1, 4, 9)",I,A,A,A,300.375,151.0
2404,C#,E,3,A,"(1, 4, 9)",I,A,A,A,300.5,151.0
2405,C#,E,3,A,"(1, 4, 9)",I,A,A,A,300.625,151.0
2406,C#,E,3,A,"(1, 4, 9)",I,A,A,A,300.75,151.0
2407,C#,E,3,A,"(1, 4, 9)",I,A,A,A,300.875,151.0
2408,B,E,0,A,"(4, 8, 11)",V,E,G#,A,301.0,151.0
2409,B,E,1,A,"(4, 8, 11)",V,E,G#,A,301.125,151.0
2410,B,E,2,A,"(4, 8, 11)",V,E,G#,A,301.25,151.0
2411,B,E,2,A,"(4, 8, 11)",V,E,G#,A,301.375,151.0
2412,B,E,3,A,"(2, 4, 8, 11)",V,D,G#,A,301.5,151.0
2413,B,E,3,A,"(2, 4, 8, 11)",V,D,G#,A,301.625,151.0
2414,B,E,3,A,"(2, 4, 8, 11)",V,D,G#,A,301.75,151.0
2415,B,E,3,A,"(2, 4, 8, 11)",V,D,G#,A,301.875,151.0
2416,E,A,0,A,"(1, 4, 9)",I,A,C#,A,302.0,152.0
2417,E,A,1,A,"(1, 4, 9)",I,A,C#,A,302.125,152.0
2418,E,A,2,A,"(1, 4, 9)",I,A,C#,A,302.25,152.0
2419,E,A,2,A,"(1, 4, 9)",I,A,C#,A,302.375,152.0
2420,E,A,3,A,"(1, 4, 9)",I,A,C#,A,302.5,152.0
2421,E,A,3,A,"(1, 4, 9)",I,A,C#,A,302.625,152.0
2422,E,A,3,A,"(1, 4, 9)",I,A,C#,A,302.75,152.0
2423,E,A,3,A,"(1, 4, 9)",I,A,C#,A,302.875,152.0
2424,E,A,4,A,"(1, 4, 9)",I,A,C#,A,303.0,152.0
2425,E,A,4,A,"(1, 4, 9)",I,A,C#,A,303.125,152.0
2426,E,A,4,A,"(1, 4, 9)",I,A,C#,A,303.25,152.0
2427,E,A,4,A,"(1, 4, 9)",I,A,C#,A,303.375,152.0
2428,E,A,4,A,"(1, 4, 9)",I,A,C#,A,303.5,152.0
2429,E,A,4,A,"(1, 4, 9)",I,A,C#,A,303.625,152.0
2430,E,A,4,A,"(1, 4, 9)",I,A,C#,A,303.75,152.0
2431,E,A,4,A,"(1, 4, 9)",I,A,C#,A,303.875,152.0
2432,E,A,0,A,"(1, 4, 9)",I,A,C#,A,304.0,153.0
2433,E,A,1,A,"(1, 4, 9)",I,A,C#,A,304.125,153.0
2434,E,A,2,A,"(1, 4, 9)",I,A,C#,A,304.25,153.0
2435,E,A,2,A,"(1, 4, 9)",I,A,C#,A,304.375,153.0
2436,E,A,3,A,"(1, 4, 9)",I,A,C#,A,304.5,153.0
2437,E,A,3,A,"(1, 4, 9)",I,A,C#,A,304.625,153.0
2438,E,A,3,A,"(1, 4, 9)",I,A,C#,A,304.75,153.0
2439,E,A,3,A,"(1, 4, 9)",I,A,C#,A,304.875,153.0
2440,E,A,4,A,"(1, 4, 9)",I,A,C#,A,305.0,153.0
2441,E,A,4,A,"(1, 4, 9)",I,A,C#,A,305.125,153.0
2442,E,A,4,A,"(1, 4, 9)",I,A,C#,A,305.25,153.0
2443,E,A,4,A,"(1, 4, 9)",I,A,C#,A,305.375,153.0
2444,B,E,0,A,"(1, 4, 9)",V,E,G#,A,305.5,153.0
2445,B,E,1,A,"(4, 8, 11)",V,E,G#,A,305.625,153.0
2446,B,E,2,A,"(4, 8, 11)",V,E,G#,A,305.75,153.0
2447,B,E,2,A,"(4, 8, 11)",V,E,G#,A,305.875,153.0
2448,E,A,0,A,"(1, 4, 9)",I,A,C#,A,306.0,154.0
2449,E,A,1,A,"(1, 4, 9)",I,A,C#,A,306.125,154.0
2450,E,A,2,A,"(1, 4, 9)",I,A,C#,A,306.25,154.0
2451,E,A,2,A,"(1, 4, 9)",I,A,C#,A,306.375,154.0
2452,E,A,3,A,"(1, 4, 9)",I,A,C#,A,306.5,154.0
2453,E,A,3,A,"(1, 4, 9)",I,A,C#,A,306.625,154.0
2454,E,A,3,A,"(1, 4, 9)",I,A,C#,A,306.75,154.0
2455,E,A,3,A,"(1, 4, 9)",I,A,C#,A,306.875,154.0
2456,E,A,4,A,"(1, 4, 9)",I,A,C#,A,307.0,154.0
2457,E,A,4,A,"(1, 4, 9)",I,A,C#,A,307.125,154.0
2458,E,A,4,A,"(1, 4, 9)",I,A,C#,A,307.25,154.0
2459,E,A,4,A,"(1, 4, 9)",I,A,C#,A,307.375,154.0
2460,E,A,0,A,"(1, 4, 9)",IV,D,C#,A,307.5,154.0
2461,E,A,1,A,"(1, 4, 9)",IV,D,C#,A,307.625,154.0
2462,E,A,4,A,"(1, 4, 9)",IV,D,C#,A,307.75,154.0
2463,E,A,4,A,"(1, 4, 9)",IV,D,C#,A,307.875,154.0
2464,E,G#,0,A,"(4, 8, 11)",V,E,B,A,308.0,155.0
2465,E,G#,1,A,"(4, 8, 11)",V,E,B,A,308.125,155.0
2466,E,G#,2,A,"(4, 8, 11)",V,E,B,A,308.25,155.0
2467,E,G#,2,A,"(4, 8, 11)",V,E,B,A,308.375,155.0
2468,E,G#,3,A,"(4, 8, 11)",V,E,B,A,308.5,155.0
2469,E,G#,3,A,"(4, 8, 11)",V,E,B,A,308.625,155.0
2470,E,G#,3,A,"(4, 8, 11)",V,E,B,A,308.75,155.0
2471,E,G#,3,A,"(4, 8, 11)",V,E,B,A,308.875,155.0
2472,E,G#,0,A,"(4, 8, 11)",V,E,B,A,309.0,155.0
2473,E,G#,1,A,"(4, 8, 11)",V,E,B,A,309.125,155.0
2474,E,G#,2,A,"(4, 8, 11)",V,E,B,A,309.25,155.0
2475,E,G#,2,A,"(2, 4, 8, 11)",V,E,B,A,309.375,155.0
2476,B,E,0,A,"(2, 4, 8, 11)",V7,D,G#,A,309.5,155.0
2477,B,E,1,A,"(2, 4, 8, 11)",V7,D,G#,A,309.625,155.0
2478,B,E,2,A,"(2, 4, 8, 11)",V7,D,G#,A,309.75,155.0
2479,B,E,2,A,"(2, 4, 8, 11)",V7,D,G#,A,309.875,155.0
2480,E,A,0,A,"(1, 4, 9)",I,A,C#,A,310.0,156.0
2481,E,A,1,A,"(1, 4, 9)",I,A,C#,A,310.125,156.0
2482,E,A,2,A,"(1, 4, 9)",I,A,C#,A,310.25,156.0
2483,E,A,2,A,"(1, 4, 9)",I,A,C#,A,310.375,156.0
2484,E,A,3,A,"(1, 4, 9)",I,A,C#,A,310.5,156.0
2485,E,A,3,A,"(1, 4, 9)",I,A,C#,A,310.625,156.0
2486,E,A,3,A,"(1, 4, 9)",I,A,C#,A,310.75,156.0
2487,E,A,3,A,"(1, 4, 9)",I,A,C#,A,310.875,156.0
2488,E,B,0,A,"(2, 4, 8, 11)",V7,G#,D,A,311.0,156.0
2489,E,B,1,A,"(2, 4, 8, 11)",V7,G#,D,A,311.125,156.0
2490,E,B,2,A,"(2, 4, 8, 11)",V7,G#,D,A,311.25,156.0
2491,E,B,2,A,"(2, 4, 8, 11)",V7,G#,D,A,311.375,156.0
2492,E,A,0,A,"(1, 4, 9)",I,A,C#,A,311.5,156.0
2493,E,A,1,A,"(1, 4, 9)",I,A,C#,A,311.625,156.0
2494,E,A,2,A,"(1, 4, 9)",I,A,C#,A,311.75,156.0
2495,E,A,2,A,"(1, 4, 9)",I,A,C#,A,311.875,156.0
2496,C#,E,0,A,"(1, 4, 9)",I,E,G#,A,312.0,157.0
2497,C#,E,1,A,"(1, 4, 9)",I,E,G#,A,312.125,157.0
2498,C#,E,2,A,"(1, 4, 9)",I,E,G#,A,312.25,157.0
2499,C#,E,2,A,"(1, 4, 9)",I,E,G#,A,312.375,157.0
2500,B,E,0,A,"(4, 8, 11)",V,E,G#,A,312.5,157.0
2501,B,E,1,A,"(4, 8, 11)",V,E,G#,A,312.625,157.0
2502,B,E,2,A,"(4, 8, 11)",V,E,G#,A,312.75,157.0
2503,B,E,3,A,"(4, 8, 11)",V,E,G#,A,312.875,157.0
2504,B,E,4,A,"(4, 8, 11)",V,E,G#,A,313.0,157.0
2505,B,E,4,A,"(4, 8, 11)",V,E,G#,A,313.125,157.0
2506,B,E,4,A,"(4, 8, 11)",V,E,G#,A,313.25,157.0
2507,B,E,4,A,"(4, 8, 11)",V,E,G#,A,313.375,157.0
2508,B,E,4,A,"(4, 8, 11)",V,E,G#,A,313.5,157.0
2509,B,E,4,A,"(4, 8, 11)",V,E,G#,A,313.625,157.0
2510,B,E,4,A,"(4, 8, 11)",V,E,G#,A,313.75,157.0
2511,B,E,4,A,"(4, 8, 11)",V,E,G#,A,313.875,157.0
2512,E,A,0,A,"(1, 4, 9)",I,A,C#,A,314.0,158.0
2513,E,A,1,A,"(1, 4, 9)",I,A,C#,A,314.125,158.0
2514,E,A,2,A,"(1, 4, 9)",I,A,C#,A,314.25,158.0
2515,E,A,2,A,"(1, 4, 9)",I,A,C#,A,314.375,158.0
2516,E,A,3,A,"(1, 4, 9)",I,A,C#,A,314.5,158.0
2517,E,A,3,A,"(1, 4, 9)",I,A,C#,A,314.625,158.0
2518,E,A,3,A,"(1, 4, 9)",I,A,C#,A,314.75,158.0
2519,E,A,3,A,"(1, 4, 9)",I,A,C#,A,314.875,158.0
2520,E,A,4,A,"(1, 4, 9)",I,A,C#,A,315.0,158.0
2521,E,A,4,A,"(1, 4, 9)",I,A,C#,A,315.125,158.0
2522,E,A,4,A,"(1, 4, 9)",I,A,C#,A,315.25,158.0
2523,E,A,4,A,"(1, 4, 9)",I,A,C#,A,315.375,158.0
2524,E,A,0,A,"(1, 4, 9)",IV,D,D,A,315.5,158.0
2525,E,A,1,A,"(1, 4, 9)",IV,D,D,A,315.625,158.0
2526,E,A,2,A,"(1, 4, 9)",IV,D,D,A,315.75,158.0
2527,E,A,2,A,"(1, 4, 9)",IV,D,D,A,315.875,158.0
2528,E,G#,0,A,"(4, 8, 11)",V,E,B,A,316.0,159.0
2529,E,G#,1,A,"(4, 8, 11)",V,E,B,A,316.125,159.0
2530,E,G#,2,A,"(4, 8, 11)",V,E,B,A,316.25,159.0
2531,E,G#,2,A,"(4, 8, 11)",V,E,B,A,316.375,159.0
2532,E,G#,3,A,"(4, 8, 11)",V,E,B,A,316.5,159.0
2533,E,G#,3,A,"(4, 8, 11)",V,E,B,A,316.625,159.0
2534,E,G#,3,A,"(4, 8, 11)",V,E,B,A,316.75,159.0
2535,E,G#,3,A,"(4, 8, 11)",V,E,B,A,316.875,159.0
2536,E,G#,0,A,"(4, 8, 11)",V,E,B,A,317.0,159.0
2537,E,G#,1,A,"(4, 8, 11)",V,E,B,A,317.125,159.0
2538,E,G#,2,A,"(4, 8, 11)",V,E,B,A,317.25,159.0
2539,E,G#,2,A,"(4, 8, 11)",V,E,B,A,317.375,159.0
2540,B,E,0,A,"(2, 4, 8, 11)",V7,D,G#,A,317.5,159.0
2541,B,E,1,A,"(2, 4, 8, 11)",V7,D,G#,A,317.625,159.0
2542,B,E,2,A,"(2, 4, 8, 11)",V7,D,G#,A,317.75,159.0
2543,B,E,2,A,"(2, 4, 8, 11)",V7,D,G#,A,317.875,159.0
2544,E,A,0,A,"(1, 4, 9)",I,A,C#,A,318.0,160.0
2545,E,A,1,A,"(1, 4, 9)",I,A,C#,A,318.125,160.0
2546,E,A,2,A,"(1, 4, 9)",I,A,C#,A,318.25,160.0
2547,E,A,2,A,"(1, 4, 9)",I,A,C#,A,318.375,160.0
2548,E,A,3,A,"(1, 4, 9)",I,A,C#,A,318.5,160.0
2549,E,A,3,A,"(1, 4, 9)",I,A,C#,A,318.625,160.0
2550,E,A,3,A,"(1, 4, 9)",I,A,C#,A,318.75,160.0
2551,E,A,3,A,"(1, 4, 9)",I,A,C#,A,318.875,160.0
2552,E,B,0,A,"(2, 4, 8, 11)",V7,G#,D,A,319.0,160.0
2553,E,B,1,A,"(2, 4, 8, 11)",V7,G#,D,A,319.125,160.0
2554,E,B,2,A,"(2, 4, 8, 11)",V7,G#,D,A,319.25,160.0
2555,E,B,2,A,"(2, 4, 8, 11)",V7,G#,D,A,319.375,160.0
2556,E,A,0,A,"(1, 4, 9)",I,A,C#,A,319.5,160.0
2557,E,A,1,A,"(1, 4, 9)",I,A,C#,A,319.625,160.0
2558,E,A,2,A,"(1, 4, 9)",I,A,C#,A,319.75,160.0
2559,E,A,0,A,"(1, 4, 9)",I,A,C#,A,319.875,160.0
2560,C#,E,0,A,"(1, 4, 9)",I,A,A,E,320.0,161.0
2561,C#,E,1,A,"(1, 4, 9)",I,A,A,A,320.125,161.0
2562,C#,E,2,A,"(1, 4, 9)",I,A,A,A,320.25,161.0
2563,C#,E,2,A,"(1, 4, 9)",I,A,A,A,320.375,161.0
2564,B,E,0,A,"(4, 8, 11)",V,E,G#,A,320.5,161.0
2565,B,E,1,A,"(4, 8, 11)",V,E,G#,A,320.625,161.0
2566,B,E,2,A,"(4, 8, 11)",V,E,G#,A,320.75,161.0
2567,B,E,2,A,"(4, 8, 11)",V,E,G#,A,320.875,161.0
2568,B,E,4,A,"(4, 8, 11)",V,E,G#,E,321.0,161.0
2569,B,E,4,A,"(4, 8, 11)",V,E,G#,E,321.125,161.0
2570,B,E,4,A,"(4, 8, 11)",V,E,G#,E,321.25,161.0
2571,B,E,2,A,"(4, 8, 11)",V,E,G#,E,321.375,161.0
2572,B,E,4,A,"(4, 8, 11)",V,E,G#,E,321.5,161.0
2573,B,E,4,A,"(4, 8, 11)",V,E,G#,E,321.625,161.0
2574,B,E,4,A,"(4, 8, 11)",V,E,G#,E,321.75,161.0
2575,B,E,4,A,"(4, 8, 11)",V,E,G#,E,321.875,161.0
2576,B,D#,0,A,"(3, 6, 11)",V,B,F#,E,322.0,162.0
2577,B,D#,1,A,"(3, 6, 11)",V,B,F#,E,322.125,162.0
2578,B,D#,2,A,"(3, 6, 11)",V,B,F#,E,322.25,162.0
2579,B,D#,2,A,"(3, 6, 11)",V,B,F#,E,322.375,162.0
2580,B,D#,3,A,"(3, 6, 11)",V,B,F#,E,322.5,162.0
2581,B,D#,3,A,"(3, 6, 11)",V,B,F#,E,322.625,162.0
2582,B,D#,3,A,"(3, 6, 11)",V,B,F#,E,322.75,162.0
2583,B,D#,3,A,"(3, 6, 11)",V,B,F#,E,322.875,162.0
2584,B,D#,4,A,"(3, 6, 11)",V,B,F#,E,323.0,162.0
2585,B,D#,4,A,"(3, 6, 11)",V,B,F#,E,323.125,162.0
2586,B,D#,4,A,"(3, 6, 11)",V,B,F#,E,323.25,162.0
2587,B,D#,4,A,"(3, 6, 11)",V,B,F#,E,323.375,162.0
2588,B,D#,0,A,"(3, 6, 9, 11)",V7,D#,F#,E,323.5,162.0
2589,B,D#,1,A,"(3, 6, 9, 11)",V7,D#,F#,E,323.625,162.0
2590,B,D#,2,A,"(3, 6, 9, 11)",V7,D#,F#,E,323.75,162.0
2591,B,D#,2,A,"(3, 6, 9, 11)",V7,D#,F#,E,323.875,162.0
2592,B,E,0,E,"(4, 8, 11)",V,E,G#,E,324.0,163.0
2593,B,E,1,E,"(4, 8, 11)",I,E,G#,E,324.125,163.0
2594,B,E,2,E,"(4, 8, 11)",I,E,G#,E,324.25,163.0
2595,B,E,2,E,"(4, 8, 11)",I,E,G#,E,324.375,163.0
2596,B,E,3,E,"(4, 8, 11)",I,E,G#,E,324.5,163.0
2597,B,E,3,E,"(4, 8, 11)",I,E,G#,E,324.625,163.0
2598,B,E,3,E,"(4, 8, 11)",I,E,G#,E,324.75,163.0
2599,B,E,3,E,"(4, 8, 11)",I,E,G#,E,324.875,163.0
2600,B,E,4,E,"(4, 8, 11)",I,E,G#,E,325.0,163.0
2601,B,E,4,E,"(4, 8, 11)",I,E,G#,E,325.125,163.0
2602,B,E,4,E,"(4, 8, 11)",I,E,G#,E,325.25,163.0
2603,B,E,4,E,"(4, 8, 11)",I,E,G#,E,325.375,163.0
2604,B,E,4,E,"(4, 8, 11)",V,E,G#,E,325.5,163.0
2605,B,E,4,E,"(4, 8, 11)",V,E,G#,E,325.625,163.0
2606,B,E,4,E,"(4, 8, 11)",V,E,G#,E,325.75,163.0
2607,B,E,4,E,"(4, 8, 11)",V,E,G#,E,325.875,163.0
2608,B,D#,0,A,"(3, 6, 11)",V,B,F#,E,326.0,164.0
2609,B,D#,1,A,"(3, 6, 11)",V,B,F#,E,326.125,164.0
2610,B,D#,2,A,"(3, 6, 11)",V,B,F#,E,326.25,164.0
2611,B,D#,2,A,"(3, 6, 11)",V,B,F#,E,326.375,164.0
2612,B,D#,3,A,"(3, 6, 11)",V,B,F#,E,326.5,164.0
2613,B,D#,3,A,"(3, 6, 11)",V,B,F#,E,326.625,164.0
2614,B,D#,3,A,"(3, 6, 11)",V,B,F#,E,326.75,164.0
2615,B,D#,3,A,"(3, 6, 11)",V,B,F#,E,326.875,164.0
2616,B,D#,4,A,"(3, 6, 11)",V7,B,F#,E,327.0,164.0
2617,B,D#,4,A,"(3, 6, 11)",V7,B,F#,E,327.125,164.0
2618,B,D#,4,A,"(3, 6, 11)",V7,B,F#,E,327.25,164.0
2619,B,D#,4,A,"(3, 6, 11)",V7,B,F#,E,327.375,164.0
2620,B,D#,4,A,"(3, 6, 9, 11)",V7,B,F#,E,327.5,164.0
2621,B,D#,4,A,"(3, 6, 9, 11)",V7,B,F#,E,327.625,164.0
2622,B,D#,4,A,"(3, 6, 9, 11)",V7,B,F#,E,327.75,164.0
2623,B,D#,4,A,"(3, 6, 9, 11)",V7,B,F#,E,327.875,164.0
2624,B,E,0,E,"(4, 8, 11)",I,E,G#,E,328.0,165.0
2625,B,E,1,A,"(4, 8, 11)",I,E,G#,E,328.125,165.0
2626,B,E,2,A,"(4, 8, 11)",I,E,G#,E,328.25,165.0
2627,B,E,2,A,"(4, 8, 11)",I,E,G#,E,328.375,165.0
2628,B,E,3,A,"(4, 8, 11)",I,E,G#,E,328.5,165.0
2629,B,E,3,A,"(4, 8, 11)",I,E,G#,E,328.625,165.0
2630,B,E,3,A,"(4, 8, 11)",I,E,G#,E,328.75,165.0
2631,B,E,3,A,"(4, 8, 11)",I,E,G#,E,328.875,165.0
2632,B,E,4,A,"(4, 8, 11)",I,E,G#,E,329.0,165.0
2633,B,E,4,A,"(4, 8, 11)",I,E,G#,E,329.125,165.0
2634,B,E,4,A,"(4, 8, 11)",I,E,G#,E,329.25,165.0
2635,B,E,4,A,"(4, 8, 11)",I,E,G#,E,329.375,165.0
2636,B,E,4,A,"(4, 8, 11)",I,E,G#,E,329.5,165.0
2637,B,E,4,A,"(4, 8, 11)",I,E,G#,E,329.625,165.0
2638,B,E,4,A,"(4, 8, 11)",I,E,G#,E,329.75,165.0
2639,B,E,4,A,"(4, 8, 11)",I,E,G#,E,329.875,165.0
2640,E,A,0,A,"(1, 4, 9)",IV,A,C#,A,330.0,166.0
2641,E,A,1,A,"(1, 4, 9)",IV,A,C#,A,330.125,166.0
2642,E,A,2,A,"(1, 4, 9)",IV,A,C#,A,330.25,166.0
2643,E,A,2,A,"(1, 4, 9)",IV,A,C#,A,330.375,166.0
2644,E,A,3,A,"(1, 4, 9)",IV,A,C#,A,330.5,166.0
2645,E,A,3,A,"(1, 4, 9)",IV,A,C#,A,330.625,166.0
2646,E,A,3,A,"(1, 4, 9)",IV,A,C#,A,330.75,166.0
2647,E,A,3,A,"(1, 4, 9)",IV,A,C#,A,330.875,166.0
2648,F#,B,0,A,"(3, 6, 9, 11)",V7,A,D#,E,331.0,166.0
2649,F#,B,1,A,"(3, 6, 9, 11)",V7,A,D#,E,331.125,166.0
2650,F#,B,2,A,"(3, 6, 9, 11)",V7,A,D#,E,331.25,166.0
2651,F#,B,2,A,"(3, 6, 9, 11)",V7,A,D#,E,331.375,166.0
2652,F#,B,3,A,"(3, 6, 9, 11)",V7,F#,D#,E,331.5,166.0
2653,F#,B,3,A,"(3, 6, 9, 11)",V7,F#,D#,E,331.625,166.0
2654,F#,B,3,A,"(3, 6, 9, 11)",V7,F#,D#,E,331.75,166.0
2655,F#,B,3,A,"(3, 6, 9, 11)",V7,F#,D#,E,331.875,166.0
2656,E,G#,0,A,"(4, 8, 11)",I,E,B,E,332.0,167.0
2657,E,G#,1,A,"(4, 8, 11)",V,E,B,E,332.125,167.0
2658,E,G#,2,A,"(4, 8, 11)",V,E,B,E,332.25,167.0
2659,E,G#,2,A,"(4, 8, 11)",V,E,B,E,332.375,167.0
2660,E,G#,3,A,"(4, 8, 11)",V,E,B,E,332.5,167.0
2661,E,G#,3,A,"(4, 8, 11)",V,E,B,E,332.625,167.0
2662,E,G#,3,A,"(4, 8, 11)",V,E,B,E,332.75,167.0
2663,E,G#,3,A,"(4, 8, 11)",V,E,B,E,332.875,167.0
2664,E,G#,4,A,"(4, 8, 11)",V,E,B,E,333.0,167.0
2665,E,G#,4,A,"(4, 8, 11)",V,E,B,E,333.125,167.0
2666,E,G#,4,A,"(4, 8, 11)",V,E,B,E,333.25,167.0
2667,E,G#,4,A,"(4, 8, 11)",V,E,B,E,333.375,167.0
2668,E,E,4,A,"(4, 8, 11)",V,E,B,A,333.5,167.0
2669,E,E,4,A,"(4, 8, 11)",V,E,B,A,333.625,167.0
2670,E,E,4,A,"(4, 8, 11)",V,E,B,A,333.75,167.0
2671,E,E,4,A,"(4, 8, 11)",V,E,B,A,333.875,167.0
2672,E,A,0,A,"(1, 4, 9)",I,A,C#,A,334.0,168.0
2673,E,A,1,A,"(1, 4, 9)",I,A,C#,A,334.125,168.0
2674,E,A,2,A,"(1, 4, 9)",I,A,C#,A,334.25,168.0
2675,E,A,2,A,"(1, 4, 9)",I,A,C#,A,334.375,168.0
2676,E,A,3,A,"(1, 4, 9)",I,A,C#,A,334.5,168.0
2677,E,A,3,A,"(1, 4, 9)",I,A,C#,A,334.625,168.0
2678,E,A,3,A,"(1, 4, 9)",I,A,C#,A,334.75,168.0
2679,E,A,3,A,"(1, 4, 9)",I,A,C#,A,334.875,168.0
2680,F#,B,0,A,"(2, 6, 9, 11)",ii,B,D,A,335.0,168.0
2681,F#,B,1,A,"(2, 6, 9, 11)",ii,B,D,A,335.125,168.0
2682,F#,B,2,A,"(2, 6, 9, 11)",ii,B,D,A,335.25,168.0
2683,F#,B,2,A,"(2, 6, 9, 11)",ii,B,D,A,335.375,168.0
2684,D#,A,0,A,"(3, 6, 9, 11)",V7,F#,B,E,335.5,168.0
2685,D#,A,1,A,"(3, 6, 9, 11)",V7,F#,B,E,335.625,168.0
2686,D#,A,2,A,"(3, 6, 9, 11)",V7,F#,B,E,335.75,168.0
2687,D#,A,2,A,"(3, 6, 9, 11)",V7,F#,B,E,335.875,168.0
2688,E,G#,0,A,"(4, 8, 11)",V,E,B,E,336.0,169.0
2689,E,G#,1,A,"(4, 8, 11)",V,E,B,A,336.125,169.0
2690,E,G#,2,A,"(4, 8, 11)",V,E,B,A,336.25,169.0
2691,E,G#,2,A,"(4, 8, 11)",V,E,B,A,336.375,169.0
2692,E,G#,3,A,"(4, 8, 11)",V,E,B,A,336.5,169.0
2693,E,G#,3,A,"(4, 8, 11)",V,E,B,A,336.625,169.0
2694,E,G#,3,A,"(4, 8, 11)",V,E,B,A,336.75,169.0
2695,E,G#,3,A,"(4, 8, 11)",V,E,B,A,336.875,169.0
2696,B,E,0,A,"(4, 8, 11)",V,E,G#,A,337.0,169.0
2697,B,E,1,A,"(4, 8, 11)",V,E,G#,A,337.125,169.0
2698,B,E,2,A,"(4, 8, 11)",V,E,G#,A,337.25,169.0
2699,B,E,2,A,"(4, 8, 11)",V,E,G#,A,337.375,169.0
2700,B,E,3,A,"(4, 8, 11)",V,E,G#,A,337.5,169.0
2701,B,E,3,A,"(4, 8, 11)",V,E,G#,A,337.625,169.0
2702,B,E,3,A,"(4, 8, 11)",V,E,G#,A,337.75,169.0
2703,B,E,3,A,"(4, 8, 11)",V,E,G#,A,337.875,169.0
2704,E,A,0,A,"(1, 4, 9)",I,A,C#,A,338.0,170.0
2705,E,A,1,A,"(1, 4, 9)",I,A,C#,A,338.125,170.0
2706,E,A,2,A,"(1, 4, 9)",I,A,C#,A,338.25,170.0
2707,E,A,2,A,"(1, 4, 9)",I,A,C#,A,338.375,170.0
2708,E,A,3,A,"(1, 4, 9)",I,A,C#,A,338.5,170.0
2709,E,A,3,A,"(1, 4, 9)",I,A,C#,A,338.625,170.0
2710,E,A,3,A,"(1, 4, 9)",I,A,C#,A,338.75,170.0
2711,E,A,3,A,"(1, 4, 9)",I,A,C#,A,338.875,170.0
2712,F#,B,0,A,"(3, 6, 9, 11)",V7,A,D#,E,339.0,170.0
2713,F#,B,1,A,"(3, 6, 9, 11)",V7,B,D#,E,339.125,170.0
2714,F#,B,2,A,"(3, 6, 9, 11)",V7,B,D#,E,339.25,170.0
2715,F#,B,2,A,"(3, 6, 9, 11)",V7,B,D#,E,339.375,170.0
2716,F#,B,3,A,"(3, 6, 9, 11)",V7,F#,D#,E,339.5,170.0
2717,F#,B,3,A,"(3, 6, 9, 11)",V7,F#,D#,E,339.625,170.0
2718,F#,B,3,A,"(3, 6, 9, 11)",V7,F#,D#,E,339.75,170.0
2719,F#,B,3,A,"(3, 6, 9, 11)",V7,F#,D#,E,339.875,170.0
2720,E,G#,0,A,"(4, 8, 11)",V,E,B,E,340.0,171.0
2721,E,G#,1,A,"(4, 8, 11)",V,E,B,A,340.125,171.0
2722,E,G#,2,A,"(4, 8, 11)",V,E,B,A,340.25,171.0
2723,E,G#,2,A,"(4, 8, 11)",V,E,B,A,340.375,171.0
2724,E,G#,3,A,"(4, 8, 11)",V,E,B,A,340.5,171.0
2725,E,G#,3,A,"(4, 8, 11)",V,E,B,A,340.625,171.0
2726,E,G#,3,A,"(4, 8, 11)",V,E,B,E,340.75,171.0
2727,E,G#,3,A,"(4, 8, 11)",V,E,B,E,340.875,171.0
2728,E,G#,4,A,"(4, 8, 11)",V,E,B,A,341.0,171.0
2729,E,G#,4,A,"(4, 8, 11)",V,E,B,A,341.125,171.0
2730,E,G#,4,A,"(4, 8, 11)",V,E,B,A,341.25,171.0
2731,E,G#,4,A,"(4, 8, 11)",V,E,B,A,341.375,171.0
2732,E,E,4,A,"(4, 8, 11)",V,E,B,A,341.5,171.0
2733,B,E,4,A,"(4, 8, 11)",V,E,B,A,341.625,171.0
2734,E,E,4,A,"(4, 8, 11)",V,E,B,A,341.75,171.0
2735,E,E,4,A,"(4, 8, 11)",V,E,B,A,341.875,171.0
2736,E,A,0,A,"(1, 4, 9)",I,A,C#,A,342.0,172.0
2737,E,A,1,A,"(1, 4, 9)",I,A,C#,A,342.125,172.0
2738,E,A,2,A,"(1, 4, 9)",I,A,C#,A,342.25,172.0
2739,E,A,2,A,"(1, 4, 9)",I,A,C#,A,342.375,172.0
2740,E,A,3,A,"(1, 4, 9)",I,A,C#,A,342.5,172.0
2741,E,A,3,A,"(1, 4, 9)",I,A,C#,A,342.625,172.0
2742,E,A,3,A,"(1, 4, 9)",I,A,C#,A,342.75,172.0
2743,E,A,3,A,"(1, 4, 9)",I,A,C#,A,342.875,172.0
2744,F#,B,0,A,"(2, 6, 9, 11)",ii,B,D,A,343.0,172.0
2745,F#,B,1,A,"(2, 6, 9, 11)",ii,B,D,A,343.125,172.0
2746,F#,B,2,A,"(2, 6, 9, 11)",ii,B,D,A,343.25,172.0
2747,F#,B,2,A,"(2, 6, 9, 11)",ii,B,D,A,343.375,172.0
2748,D#,A,0,A,"(3, 6, 9, 11)",V7,F#,B,E,343.5,172.0
2749,D#,A,1,A,"(3, 6, 9, 11)",V7,F#,B,E,343.625,172.0
2750,D#,A,2,A,"(3, 6, 9, 11)",V7,F#,B,E,343.75,172.0
2751,D#,A,2,A,"(3, 6, 9, 11)",V7,F#,B,E,343.875,172.0
2752,E,G#,0,A,"(4, 8, 11)",V,E,B,A,344.0,173.0
2753,E,G#,1,A,"(4, 8, 11)",V,E,B,A,344.125,173.0
2754,E,G#,2,A,"(4, 8, 11)",V,E,B,A,344.25,173.0
2755,E,G#,2,A,"(4, 8, 11)",V,E,B,A,344.375,173.0
2756,E,G#,3,A,"(4, 8, 11)",V,E,B,A,344.5,173.0
2757,E,G#,3,A,"(4, 8, 11)",V,E,B,A,344.625,173.0
2758,E,G#,3,A,"(4, 8, 11)",V,E,B,A,344.75,173.0
2759,E,G#,3,A,"(4, 8, 11)",V,E,B,A,344.875,173.0
2760,B,D#,0,A,"(3, 6, 9, 11)",V7,B,F#,E,345.0,173.0
2761,B,D#,1,A,"(3, 6, 9, 11)",V7,B,F#,E,345.125,173.0
2762,B,D#,2,A,"(3, 6, 9, 11)",V7,B,F#,E,345.25,173.0
2763,B,D#,2,A,"(3, 6, 9, 11)",V7,B,F#,E,345.375,173.0
2764,B,D#,3,A,"(3, 6, 9, 11)",V7,B,F#,E,345.5,173.0
2765,B,D#,3,A,"(3, 6, 9, 11)",V7,B,F#,E,345.625,173.0
2766,B,D#,3,A,"(3, 6, 9, 11)",V7,B,F#,E,345.75,173.0
2767,B,D#,3,A,"(3, 6, 9, 11)",V7,B,F#,E,345.875,173.0
2768,B,E,0,A,"(4, 8, 11)",I,E,G#,E,346.0,174.0
2769,B,E,1,A,"(4, 8, 11)",I,E,G#,E,346.125,174.0
2770,B,E,2,A,"(4, 8, 11)",I,E,G#,E,346.25,174.0
2771,B,E,2,A,"(4, 8, 11)",I,E,G#,E,346.375,174.0
2772,B,E,3,A,"(4, 8, 11)",I,E,G#,E,346.5,174.0
2773,B,E,3,A,"(4, 8, 11)",I,E,G#,E,346.625,174.0
2774,B,E,3,A,"(4, 8, 11)",I,E,G#,E,346.75,174.0
2775,B,E,3,A,"(4, 8, 11)",I,E,G#,E,346.875,174.0
2776,F#,B,0,A,"(3, 6, 11)",V,B,D#,E,347.0,174.0
2777,F#,B,1,A,"(3, 6, 11)",V,B,D#,E,347.125,174.0
2778,F#,B,2,A,"(3, 6, 11)",V,B,D#,E,347.25,174.0
2779,F#,B,2,A,"(3, 6, 11)",V,B,D#,E,347.375,174.0
2780,F#,B,3,A,"(3, 6, 11)",V,B,D#,E,347.5,174.0
2781,F#,B,3,A,"(3, 6, 11)",V,B,D#,E,347.625,174.0
2782,F#,B,3,A,"(3, 6, 11)",V,B,D#,E,347.75,174.0
2783,F#,B,3,A,"(3, 6, 11)",V,B,D#,E,347.875,174.0
2784,F#,B,0,A,"(3, 6, 11)",V,B,D#,E,348.0,175.0
2785,F#,B,1,A,"(3, 6, 11)",V,B,D#,E,348.125,175.0
2786,F#,B,2,A,"(3, 6, 11)",V,B,D#,E,348.25,175.0
2787,F#,B,2,A,"(3, 6, 11)",V,B,D#,E,348.375,175.0
2788,F#,B,3,A,"(3, 6, 11)",V,B,D#,E,348.5,175.0
2789,F#,B,3,A,"(3, 6, 11)",V,B,D#,E,348.625,175.0
2790,F#,B,3,A,"(3, 6, 11)",V,B,D#,E,348.75,175.0
2791,F#,B,3,A,"(3, 6, 11)",V,B,D#,E,348.875,175.0
2792,F#,B,4,A,"(3, 6, 11)",V,B,D#,E,349.0,175.0
2793,F#,B,4,A,"(3, 6, 11)",V,B,D#,E,349.125,175.0
2794,F#,B,4,A,"(3, 6, 11)",V,B,D#,E,349.25,175.0
2795,F#,B,4,A,"(3, 6, 11)",V,B,D#,E,349.375,175.0
2796,F#,B,4,A,"(3, 6, 11)",V,B,D#,E,349.5,175.0
2797,F#,B,4,A,"(3, 6, 11)",V,B,D#,E,349.625,175.0
2798,F#,B,4,A,"(3, 6, 11)",V,B,D#,E,349.75,175.0
2799,F#,B,4,A,"(4, 8, 11)",V,B,D#,E,349.875,175.0
2800,B,E,0,A,"(4, 8, 11)",V,E,G#,E,350.0,176.0
2801,B,E,1,A,"(4, 8, 11)",V,E,G#,E,350.125,176.0
2802,B,E,2,A,"(4, 8, 11)",V,E,G#,E,350.25,176.0
2803,B,E,2,A,"(4, 8, 11)",V,E,G#,E,350.375,176.0
2804,B,E,3,A,"(4, 8, 11)",V,E,G#,A,350.5,176.0
2805,B,E,3,A,"(4, 8, 11)",V,E,G#,A,350.625,176.0
2806,B,E,3,A,"(4, 8, 11)",V,E,G#,A,350.75,176.0
2807,B,E,3,A,"(4, 8, 11)",V,E,G#,A,350.875,176.0
2808,B,E,4,A,"(4, 8, 11)",V,E,G#,A,351.0,176.0
2809,B,E,4,A,"(4, 8, 11)",V,E,G#,A,351.125,176.0
2810,B,E,4,A,"(4, 8, 11)",V,E,G#,A,351.25,176.0
2811,B,E,4,A,"(4, 8, 11)",V,E,G#,A,351.375,176.0
2812,B,E,4,A,"(4, 8, 11)",V,E,G#,A,351.5,176.0
2813,B,E,4,A,"(4, 8, 11)",V,E,G#,A,351.625,176.0
2814,B,E,4,A,"(4, 8, 11)",V,E,G#,A,351.75,176.0
2815,B,E,4,A,"(4, 8, 11)",V,E,G#,A,351.875,176.0
2816,B,E,0,A,"(4, 8, 11)",I,E,E,A,352.0,177.0
2817,B,E,1,A,"(4, 8, 11)",I,E,E,A,352.125,177.0
2818,B,E,2,A,"(4, 8, 11)",I,E,E,A,352.25,177.0
2819,B,E,2,A,"(4, 8, 11)",I,E,E,A,352.375,177.0
2820,E,E,3,A,"(4, 8, 11)",I,E,E,A,352.5,177.0
2821,E,E,3,A,"(4, 8, 11)",I,E,E,A,352.625,177.0
2822,E,E,3,A,"(4, 8, 11)",I,E,E,A,352.75,177.0
2823,E,E,3,A,"(4, 8, 11)",I,E,E,A,352.875,177.0
2824,E,E,4,A,"(4, 8, 11)",I,E,E,A,353.0,177.0
2825,E,B,4,A,"(4, 8, 11)",I,E,E,A,353.125,177.0
2826,E,B,4,A,"(4, 8, 11)",I,E,E,A,353.25,177.0
2827,E,B,4,A,"(4, 8, 11)",I,E,E,A,353.375,177.0
2828,E,A#,0,A,"(1, 4, 6, 10)",V7,F#,C#,b,353.5,177.0
2829,E,A#,1,A,"(1, 4, 6, 10)",V7,F#,C#,b,353.625,177.0
2830,E,A#,2,A,"(1, 4, 6, 10)",V7,F#,C#,b,353.75,177.0
2831,E,A#,2,A,"(1, 4, 6, 10)",V7,F#,C#,b,353.875,177.0
2832,F#,B,0,A,"(2, 6, 11)",ii,B,D,A,354.0,178.0
2833,F#,B,1,A,"(2, 6, 11)",ii,B,D,A,354.125,178.0
2834,F#,B,2,A,"(2, 6, 11)",ii,B,D,A,354.25,178.0
2835,F#,B,2,A,"(2, 6, 11)",ii,B,D,A,354.375,178.0
2836,F#,B,3,A,"(2, 6, 11)",ii,B,D,A,354.5,178.0
2837,F#,B,3,A,"(2, 6, 11)",ii,B,D,A,354.625,178.0
2838,F#,B,3,A,"(2, 6, 11)",ii,B,D,A,354.75,178.0
2839,F#,B,3,A,"(2, 6, 11)",ii,B,D,A,354.875,178.0
2840,E,B,0,A,"(2, 4, 8, 11)",ii,G#,D,A,355.0,178.0
2841,E,B,1,A,"(2, 4, 8, 11)",ii,G#,D,A,355.125,178.0
2842,E,B,2,A,"(2, 4, 8, 11)",ii,G#,D,A,355.25,178.0
2843,E,B,2,A,"(2, 4, 8, 11)",ii,G#,D,A,355.375,178.0
2844,E,G#,0,A,"(2, 4, 8, 11)",V7,E,B,A,355.5,178.0
2845,E,G#,1,A,"(2, 4, 8, 11)",V7,E,B,A,355.625,178.0
2846,E,G#,2,A,"(2, 4, 8, 11)",V7,E,B,A,355.75,178.0
2847,E,G#,2,A,"(2, 4, 8, 11)",V7,E,B,A,355.875,178.0
2848,E,A,0,A,"(1, 4, 9)",I,A,C#,A,356.0,179.0
2849,E,A,1,A,"(1, 4, 9)",I,A,C#,A,356.125,179.0
2850,E,A,2,A,"(1, 4, 9)",I,A,C#,A,356.25,179.0
2851,E,A,2,A,"(1, 4, 9)",I,A,C#,A,356.375,179.0
2852,E,A,3,A,"(1, 4, 9)",I,A,C#,A,356.5,179.0
2853,E,A,3,A,"(1, 4, 9)",I,A,C#,A,356.625,179.0
2854,E,A,3,A,"(1, 4, 9)",I,A,C#,A,356.75,179.0
2855,E,A,3,A,"(1, 4, 9)",I,A,C#,A,356.875,179.0
2856,E,B,0,A,"(2, 8, 11)",V7,G#,D,A,357.0,179.0
2857,E,B,1,A,"(2, 8, 11)",viio,G#,D,A,357.125,179.0
2858,E,B,2,A,"(2, 8, 11)",viio,G#,D,A,357.25,179.0
2859,E,B,2,A,"(2, 8, 11)",viio,G#,D,A,357.375,179.0
2860,E,A,0,A,"(1, 4, 9)",I,A,C#,A,357.5,179.0
2861,E,A,1,A,"(1, 4, 9)",I,A,C#,A,357.625,179.0
2862,E,A,2,A,"(1, 4, 9)",I,A,C#,A,357.75,179.0
2863,E,A,2,A,"(1, 4, 9)",I,A,C#,A,357.875,179.0
2864,B,E,0,A,"(4, 8, 11)",V,E,G#,A,358.0,180.0
2865,B,E,1,A,"(4, 8, 11)",V,E,G#,A,358.125,180.0
2866,B,E,2,A,"(4, 8, 11)",V,E,G#,A,358.25,180.0
2867,B,E,2,A,"(4, 8, 11)",V,E,G#,A,358.375,180.0
2868,B,E,3,A,"(4, 8, 11)",V,E,G#,A,358.5,180.0
2869,B,E,3,A,"(4, 8, 11)",V,E,G#,A,358.625,180.0
2870,B,E,3,A,"(4, 8, 11)",V,E,G#,A,358.75,180.0
2871,B,E,3,A,"(4, 8, 11)",V,E,G#,A,358.875,180.0
2872,B,E,0,A,"(4, 8, 11)",V,E,G#,A,359.0,180.0
2873,B,E,4,A,"(4, 8, 11)",V,E,G#,A,359.125,180.0
2874,B,E,2,A,"(4, 8, 11)",V,E,G#,A,359.25,180.0
2875,B,E,4,A,"(4, 8, 11)",V,E,G#,A,359.375,180.0
2876,B,E,4,A,"(4, 8, 11)",V,E,G#,A,359.5,180.0
2877,B,E,4,A,"(4, 8, 11)",V,E,G#,A,359.625,180.0
2878,B,E,4,A,"(4, 8, 11)",V,E,G#,A,359.75,180.0
2879,B,E,4,A,"(4, 8, 11)",V,E,G#,A,359.875,180.0
2880,E,A,0,A,"(1, 4, 9)",I,A,C#,A,360.0,181.0
2881,E,A,1,A,"(1, 4, 9)",I,A,C#,A,360.125,181.0
2882,E,A,2,A,"(1, 4, 9)",I,A,C#,A,360.25,181.0
2883,E,A,2,A,"(1, 4, 9)",I,A,C#,A,360.375,181.0
2884,E,A,3,A,"(1, 4, 9)",I,A,C#,A,360.5,181.0
2885,E,A,3,A,"(1, 4, 9)",I,A,C#,A,360.625,181.0
2886,E,A,3,A,"(1, 4, 9)",I,A,C#,A,360.75,181.0
2887,E,A,3,A,"(1, 4, 9)",I,A,C#,A,360.875,181.0
2888,E,A,4,A,"(1, 4, 9)",I,A,C#,A,361.0,181.0
2889,E,A,4,A,"(1, 4, 9)",I,A,C#,A,361.125,181.0
2890,E,A,4,A,"(1, 4, 9)",I,A,C#,A,361.25,181.0
2891,E,A,4,A,"(1, 4, 9)",I,A,C#,A,361.375,181.0
2892,E,A,0,A,"(1, 4, 9)",IV,A,D,A,361.5,181.0
2893,E,A,1,A,"(1, 4, 9)",IV,A,D,A,361.625,181.0
2894,E,A,2,A,"(1, 4, 9)",IV,A,D,A,361.75,181.0
2895,E,A,2,A,"(1, 4, 9)",IV,A,D,A,361.875,181.0
2896,E,G#,0,A,"(4, 8, 11)",V,E,B,A,362.0,182.0
2897,E,G#,1,A,"(4, 8, 11)",V,E,B,A,362.125,182.0
2898,E,G#,2,A,"(4, 8, 11)",V,E,B,A,362.25,182.0
2899,E,G#,2,A,"(4, 8, 11)",V,E,B,A,362.375,182.0
2900,E,G#,3,A,"(4, 8, 11)",V,E,B,A,362.5,182.0
2901,E,G#,3,A,"(4, 8, 11)",V,E,B,A,362.625,182.0
2902,E,G#,3,A,"(4, 8, 11)",V,E,B,A,362.75,182.0
2903,E,G#,3,A,"(4, 8, 11)",V,E,B,A,362.875,182.0
2904,E,G#,0,A,"(4, 8, 11)",V,E,B,A,363.0,182.0
2905,E,G#,1,A,"(4, 8, 11)",V,E,B,A,363.125,182.0
2906,E,G#,2,A,"(4, 8, 11)",V,E,B,A,363.25,182.0
2907,E,G#,2,A,"(4, 8, 11)",V,E,B,A,363.375,182.0
2908,B,E,0,A,"(2, 4, 8, 11)",V7,D,G#,A,363.5,182.0
2909,B,E,1,A,"(2, 4, 8, 11)",V7,D,G#,A,363.625,182.0
2910,B,E,2,A,"(2, 4, 8, 11)",V7,D,G#,A,363.75,182.0
2911,B,E,2,A,"(2, 4, 8, 11)",V7,D,G#,A,363.875,182.0
2912,E,A,0,A,"(1, 4, 9)",I,A,C#,A,364.0,183.0
2913,E,A,1,A,"(1, 4, 9)",I,A,C#,A,364.125,183.0
2914,E,A,2,A,"(1, 4, 9)",I,A,C#,A,364.25,183.0
2915,E,A,2,A,"(1, 4, 9)",I,A,C#,A,364.375,183.0
2916,E,A,3,A,"(1, 4, 9)",I,A,C#,A,364.5,183.0
2917,E,A,3,A,"(1, 4, 9)",I,A,C#,A,364.625,183.0
2918,E,A,3,A,"(1, 4, 9)",I,A,C#,A,364.75,183.0
2919,E,A,3,A,"(1, 4, 9)",I,A,C#,A,364.875,183.0
2920,E,A,4,A,"(1, 4, 9)",I,A,C#,A,365.0,183.0
2921,E,A,4,A,"(1, 4, 9)",I,A,C#,A,365.125,183.0
2922,E,A,4,A,"(1, 4, 9)",I,A,C#,A,365.25,183.0
2923,E,A,4,A,"(1, 4, 9)",I,A,C#,A,365.375,183.0
2924,E,A,0,A,"(1, 4, 9)",IV,A,D,A,365.5,183.0
2925,E,A,1,A,"(1, 4, 9)",IV,A,D,A,365.625,183.0
2926,E,A,2,A,"(1, 4, 9)",IV,A,D,A,365.75,183.0
2927,E,A,2,A,"(1, 4, 9)",IV,A,D,A,365.875,183.0
2928,E,G#,0,A,"(4, 8, 11)",V,E,B,A,366.0,184.0
2929,E,G#,1,A,"(4, 8, 11)",V,E,B,A,366.125,184.0
2930,E,G#,2,A,"(4, 8, 11)",V,E,B,A,366.25,184.0
2931,E,G#,2,A,"(4, 8, 11)",V,E,B,A,366.375,184.0
2932,E,G#,3,A,"(4, 8, 11)",V,E,B,A,366.5,184.0
2933,E,G#,3,A,"(4, 8, 11)",V,E,B,A,366.625,184.0
2934,E,G#,3,A,"(4, 8, 11)",V,E,B,A,366.75,184.0
2935,E,G#,3,A,"(4, 8, 11)",V,E,B,A,366.875,184.0
2936,E,G#,0,A,"(4, 8, 11)",V,E,B,A,367.0,184.0
2937,E,G#,1,A,"(4, 8, 11)",V,E,B,A,367.125,184.0
2938,E,G#,2,A,"(4, 8, 11)",V,E,B,A,367.25,184.0
2939,E,G#,2,A,"(4, 8, 11)",V,E,B,A,367.375,184.0
2940,B,E,0,A,"(2, 4, 8, 11)",V7,D,G#,A,367.5,184.0
2941,B,E,1,A,"(2, 4, 8, 11)",V7,D,G#,A,367.625,184.0
2942,B,E,2,A,"(2, 4, 8, 11)",V7,D,G#,A,367.75,184.0
2943,B,E,2,A,"(2, 4, 8, 11)",V7,D,G#,A,367.875,184.0
2944,E,A,0,A,"(1, 4, 9)",I,A,C#,A,368.0,185.0
2945,E,A,1,A,"(1, 4, 9)",I,A,C#,A,368.125,185.0
2946,E,A,2,A,"(1, 4, 9)",I,A,C#,A,368.25,185.0
2947,E,A,2,A,"(1, 4, 9)",I,A,C#,A,368.375,185.0
2948,E,A,3,A,"(1, 4, 9)",I,A,C#,A,368.5,185.0
2949,E,A,3,A,"(1, 4, 9)",I,A,C#,A,368.625,185.0
2950,E,A,3,A,"(1, 4, 9)",I,A,C#,A,368.75,185.0
2951,E,A,3,A,"(1, 4, 9)",I,A,C#,A,368.875,185.0
2952,B,D,0,A,"(2, 6, 11)",ii,B,F#,A,369.0,185.0
2953,B,D,1,A,"(2, 6, 11)",ii,B,F#,A,369.125,185.0
2954,B,D,2,A,"(2, 6, 11)",ii,B,F#,A,369.25,185.0
2955,B,D,2,A,"(2, 6, 11)",ii,B,F#,A,369.375,185.0
2956,B,E,0,A,"(4, 8, 11)",V,E,G#,A,369.5,185.0
2957,B,E,1,A,"(4, 8, 11)",V,E,G#,A,369.625,185.0
2958,B,E,2,A,"(4, 8, 11)",V,E,G#,A,369.75,185.0
2959,B,E,2,A,"(4, 8, 11)",V,E,G#,A,369.875,185.0
2960,E,A,0,A,"(1, 4, 9)",I,A,C#,A,370.0,186.0
2961,E,A,1,A,"(1, 4, 9)",I,A,C#,A,370.125,186.0
2962,E,A,2,A,"(1, 4, 9)",I,A,C#,A,370.25,186.0
2963,E,A,2,A,"(1, 4, 9)",I,A,C#,A,370.375,186.0
2964,E,A,3,A,"(1, 4, 9)",I,A,C#,A,370.5,186.0
2965,E,A,3,A,"(1, 4, 9)",I,A,C#,A,370.625,186.0
2966,E,A,3,A,"(1, 4, 9)",I,A,C#,A,370.75,186.0
2967,E,A,3,A,"(1, 4, 9)",I,A,C#,A,370.875,186.0
2968,E,A,0,A,"(1, 4, 9)",I,A,C#,A,371.0,186.0
2969,E,A,1,A,"(1, 4, 9)",I,A,C#,A,371.125,186.0
2970,E,A,2,A,"(1, 4, 9)",I,A,C#,A,371.25,186.0
2971,E,A,2,A,"(1, 4, 9)",I,A,C#,A,371.375,186.0
2972,A,D,0,A,"(2, 6, 9)",IV,D,F#,A,371.5,186.0
2973,A,D,1,A,"(2, 6, 9)",IV,D,F#,A,371.625,186.0
2974,A,D,2,A,"(2, 6, 9)",IV,D,F#,A,371.75,186.0
2975,A,D,2,A,"(2, 6, 9)",IV,D,F#,A,371.875,186.0
2976,E,A,0,A,"(1, 4, 9)",I,A,E,A,372.0,187.0
2977,E,C#,1,A,"(1, 4, 9)",I,A,E,A,372.125,187.0
2978,E,C#,2,A,"(1, 4, 9)",I,A,E,A,372.25,187.0
2979,E,C#,2,A,"(1, 4, 9)",I,A,E,A,372.375,187.0
2980,E,C#,3,A,"(1, 4, 9)",I,A,E,A,372.5,187.0
2981,E,C#,3,A,"(1, 4, 9)",I,A,E,A,372.625,187.0
2982,E,C#,3,A,"(1, 4, 9)",I,A,E,A,372.75,187.0
2983,E,C#,3,A,"(1, 4, 9)",I,A,E,A,372.875,187.0
2984,B,E,0,A,"(4, 8, 11)",V,E,G#,A,373.0,187.0
2985,B,E,4,A,"(4, 8, 11)",V,E,G#,A,373.125,187.0
2986,B,E,4,A,"(4, 8, 11)",V,E,G#,A,373.25,187.0
2987,B,E,4,A,"(4, 8, 11)",V,E,G#,A,373.375,187.0
2988,B,E,0,A,"(4, 8, 11)",V,E,G#,A,373.5,187.0
2989,B,E,1,A,"(4, 8, 11)",V,E,G#,A,373.625,187.0
2990,B,E,4,A,"(4, 8, 11)",V,E,G#,A,373.75,187.0
2991,B,E,4,A,"(4, 8, 11)",V,E,G#,A,373.875,187.0
2992,E,A,0,A,"(1, 4, 9)",I,A,C#,A,374.0,188.0
2993,E,A,1,A,"(1, 4, 9)",I,A,C#,A,374.125,188.0
2994,E,A,2,A,"(1, 4, 9)",I,A,C#,A,374.25,188.0
2995,E,A,2,A,"(1, 4, 9)",I,A,C#,A,374.375,188.0
2996,E,A,3,A,"(1, 4, 9)",I,A,C#,A,374.5,188.0
2997,E,A,3,A,"(1, 4, 9)",I,A,C#,A,374.625,188.0
2998,E,A,3,A,"(1, 4, 9)",I,A,C#,A,374.75,188.0
2999,E,A,3,A,"(1, 4, 9)",I,A,C#,A,374.875,188.0
3000,E,A,0,A,"(1, 4, 9)",I,D,C#,A,375.0,188.0
3001,E,A,1,A,"(1, 4, 9)",I,D,C#,A,375.125,188.0
3002,E,A,2,A,"(1, 4, 9)",I,D,C#,A,375.25,188.0
3003,E,A,2,A,"(1, 4, 9)",I,D,C#,A,375.375,188.0
3004,A,D,0,A,"(2, 6, 9)",IV,D,F#,A,375.5,188.0
3005,A,D,1,A,"(2, 6, 9)",IV,D,F#,A,375.625,188.0
3006,A,D,2,A,"(2, 6, 9)",IV,D,F#,A,375.75,188.0
3007,A,D,2,A,"(2, 6, 9)",IV,D,F#,A,375.875,188.0
3008,E,C#,0,A,"(1, 4, 9)",I,A,C#,A,376.0,189.0
3009,E,C#,1,A,"(1, 4, 9)",I,A,C#,A,376.125,189.0
3010,E,C#,2,A,"(1, 4, 9)",I,A,C#,A,376.25,189.0
3011,E,C#,2,A,"(1, 4, 9)",I,A,C#,A,376.375,189.0
3012,E,C#,3,A,"(1, 4, 9)",I,A,E,A,376.5,189.0
3013,E,C#,3,A,"(1, 4, 9)",I,A,E,A,376.625,189.0
3014,E,C#,3,A,"(1, 4, 9)",I,A,E,A,376.75,189.0
3015,E,C#,3,A,"(1, 4, 9)",I,A,E,A,376.875,189.0
3016,B,E,4,A,"(4, 8, 11)",V,E,G#,A,377.0,189.0
3017,B,E,4,A,"(4, 8, 11)",V,E,G#,A,377.125,189.0
3018,B,E,4,A,"(4, 8, 11)",V,E,G#,A,377.25,189.0
3019,B,E,4,A,"(4, 8, 11)",V,E,G#,A,377.375,189.0
3020,B,E,4,A,"(4, 8, 11)",V,E,G#,A,377.5,189.0
3021,B,E,4,A,"(4, 8, 11)",V,E,G#,A,377.625,189.0
3022,B,E,4,A,"(4, 8, 11)",V,E,G#,A,377.75,189.0
3023,B,E,4,A,"(4, 8, 11)",V,E,G#,A,377.875,189.0
3024,E,A,0,A,"(1, 4, 9)",I,A,C#,A,378.0,190.0
3025,E,A,1,A,"(1, 4, 9)",I,A,C#,A,378.125,190.0
3026,E,A,2,A,"(1, 4, 9)",I,A,C#,A,378.25,190.0
3027,E,A,2,A,"(1, 4, 9)",I,A,C#,A,378.375,190.0
3028,E,A,3,A,"(1, 4, 9)",I,A,C#,A,378.5,190.0
3029,E,A,3,A,"(1, 4, 9)",I,A,C#,A,378.625,190.0
3030,E,A,3,A,"(1, 4, 9)",I,A,C#,A,378.75,190.0
3031,E,A,3,A,"(1, 4, 9)",I,A,C#,A,378.875,190.0
3032,E,A,4,A,"(1, 4, 9)",I,A,C#,A,379.0,190.0
3033,E,A,4,A,"(1, 4, 9)",I,A,C#,A,379.125,190.0
3034,E,A,4,A,"(1, 4, 9)",I,A,C#,A,379.25,190.0
3035,E,A,4,A,"(1, 4, 9)",I,A,C#,A,379.375,190.0
3036,E,A,4,A,"(1, 4, 9)",I,A,C#,A,379.5,190.0
3037,E,A,4,A,"(1, 4, 9)",I,A,C#,A,379.625,190.0
3038,E,A,4,A,"(1, 4, 9)",I,A,C#,A,379.75,190.0
3039,E,A,4,A,"(1, 4, 9)",I,A,C#,A,379.875,190.0
3040,E,A,0,A,"(1, 4, 9)",I,A,C#,A,380.0,191.0
3041,E,A,1,A,"(1, 4, 9)",I,A,C#,A,380.125,191.0
3042,E,A,2,A,"(1, 4, 9)",I,A,C#,A,380.25,191.0
3043,E,A,2,A,"(1, 4, 9)",I,A,C#,A,380.375,191.0
3044,E,A,3,A,"(1, 4, 9)",I,A,C#,A,380.5,191.0
3045,E,A,3,A,"(1, 4, 9)",I,A,C#,A,380.625,191.0
3046,E,A,3,A,"(1, 4, 9)",I,A,C#,A,380.75,191.0
3047,E,A,3,A,"(1, 4, 9)",I,A,C#,A,380.875,191.0
3048,E,A,4,A,"(1, 4, 9)",I,A,C#,A,381.0,191.0
3049,E,A,4,A,"(1, 4, 9)",I,A,C#,A,381.125,191.0
3050,E,A,4,A,"(1, 4, 9)",I,A,C#,A,381.25,191.0
3051,E,A,4,A,"(1, 4, 9)",I,A,C#,A,381.375,191.0
3052,E,A,4,A,"(1, 4, 9)",I,A,C#,A,381.5,191.0
3053,E,A,4,A,"(1, 4, 9)",I,A,C#,A,381.625,191.0
3054,E,A,4,A,"(1, 4, 9)",I,A,C#,A,381.75,191.0
3055,E,A,4,A,"(1, 4, 9)",I,A,C#,A,381.875,191.0
3056,E,A,0,A,"(1, 4, 9)",I,A,C#,A,382.0,192.0
3057,E,A,1,A,"(1, 4, 9)",I,A,C#,A,382.125,192.0
3058,E,A,2,A,"(1, 4, 9)",I,A,C#,A,382.25,192.0
3059,E,A,2,A,"(1, 4, 9)",I,A,C#,A,382.375,192.0
3060,E,A,3,A,"(1, 4, 9)",I,A,C#,A,382.5,192.0
3061,E,A,3,A,"(1, 4, 9)",I,A,C#,A,382.625,192.0
3062,E,A,3,A,"(1, 4, 9)",I,A,C#,A,382.75,192.0
3063,E,A,3,A,"(1, 4, 9)",I,A,C#,A,382.875,192.0
3064,E,A,4,A,"(1, 4, 9)",I,A,C#,A,383.0,192.0
3065,E,A,4,A,"(1, 4, 9)",I,A,C#,A,383.125,192.0
3066,E,A,4,A,"(1, 4, 9)",I,A,C#,A,383.25,192.0
3067,E,A,4,A,"(1, 4, 9)",I,A,C#,A,383.375,192.0
3068,E,A,4,A,"(1, 4, 9)",I,A,C#,A,383.5,192.0
3069,E,A,4,A,"(1, 4, 9)",I,A,C#,A,383.625,192.0
3070,E,A,4,A,"(1, 4, 9)",I,A,C#,A,383.75,192.0
3071,E,A,4,A,"(1, 4, 9)",I,A,C#,A,383.875,192.0
3072,E,G#,0,A,"(4, 8, 11)",V,E,B,A,384.0,193.0
3073,E,G#,1,A,"(4, 8, 11)",V,E,B,A,384.125,193.0
3074,E,G#,2,A,"(4, 8, 11)",V,E,B,A,384.25,193.0
3075,E,G#,2,A,"(4, 8, 11)",V,E,B,A,384.375,193.0
3076,E,G#,3,A,"(4, 8, 11)",V,E,B,A,384.5,193.0
3077,E,G#,3,A,"(4, 8, 11)",V,E,B,A,384.625,193.0
3078,E,G#,3,A,"(4, 8, 11)",V,E,B,A,384.75,193.0
3079,E,G#,3,A,"(4, 8, 11)",V,E,B,A,384.875,193.0
3080,E,G#,4,A,"(4, 8, 11)",V,E,B,A,385.0,193.0
3081,E,G#,4,A,"(4, 8, 11)",V,E,B,A,385.125,193.0
3082,E,G#,4,A,"(4, 8, 11)",V,E,B,A,385.25,193.0
3083,E,G#,4,A,"(4, 8, 11)",V,E,B,A,385.375,193.0
3084,D,G#,4,A,"(2, 4, 8, 11)",V7,E,B,A,385.5,193.0
3085,D,G#,4,A,"(2, 4, 8, 11)",V7,E,B,A,385.625,193.0
3086,D,G#,4,A,"(2, 4, 8, 11)",V7,E,B,A,385.75,193.0
3087,D,G#,4,A,"(2, 4, 8, 11)",V7,E,B,A,385.875,193.0
3088,E,A,0,A,"(1, 4, 9)",I,A,C#,A,386.0,194.0
3089,E,A,1,A,"(1, 4, 9)",I,A,C#,A,386.125,194.0
3090,E,A,2,A,"(1, 4, 9)",I,A,C#,A,386.25,194.0
3091,E,A,2,A,"(1, 4, 9)",I,A,C#,A,386.375,194.0
3092,E,A,3,A,"(1, 4, 9)",I,A,C#,A,386.5,194.0
3093,E,A,3,A,"(1, 4, 9)",I,A,C#,A,386.625,194.0
3094,E,A,3,A,"(1, 4, 9)",I,A,C#,A,386.75,194.0
3095,E,A,3,A,"(1, 4, 9)",I,A,C#,A,386.875,194.0
3096,D,G#,0,A,"(2, 4, 8, 11)",V7,E,B,A,387.0,194.0
3097,D,G#,1,A,"(2, 4, 8, 11)",V7,E,B,A,387.125,194.0
3098,D,G#,2,A,"(2, 4, 8, 11)",V7,E,B,A,387.25,194.0
3099,D,G#,2,A,"(2, 4, 8, 11)",V7,E,B,A,387.375,194.0
3100,D,G#,3,A,"(2, 4, 8, 11)",V7,E,B,A,387.5,194.0
3101,D,G#,3,A,"(2, 4, 8, 11)",V7,E,B,A,387.625,194.0
3102,E,A,0,A,"(1, 4, 9)",I,A,C#,A,387.75,194.0
3103,E,A,1,A,"(1, 4, 9)",I,A,C#,A,387.875,194.0
3104,B,E,0,A,"(1, 4, 9)",I,E,G#,A,388.0,195.0
3105,B,E,1,A,"(1, 4, 9)",I,E,G#,A,388.125,195.0
3106,B,E,2,A,"(1, 4, 9)",I,E,G#,A,388.25,195.0
3107,B,E,2,A,"(1, 4, 9)",I,E,G#,A,388.375,195.0
3108,B,E,3,A,"(4, 8, 11)",I,E,G#,A,388.5,195.0
3109,B,E,3,A,"(4, 8, 11)",I,E,G#,A,388.625,195.0
3110,B,E,3,A,"(4, 8, 11)",V,E,G#,A,388.75,195.0
3111,B,E,3,A,"(4, 8, 11)",V,E,G#,A,388.875,195.0
3112,B,E,0,A,"(4, 8, 11)",V,E,G#,A,389.0,195.0
3113,B,E,1,A,"(4, 8, 11)",V,E,G#,A,389.125,195.0
3114,B,E,2,A,"(4, 8, 11)",V,E,G#,A,389.25,195.0
3115,B,E,2,A,"(4, 8, 11)",V,E,G#,A,389.375,195.0
3116,B,E,3,A,"(4, 8, 11)",V,E,G#,A,389.5,195.0
3117,B,E,3,A,"(4, 8, 11)",V,E,G#,A,389.625,195.0
3118,B,E,3,A,"(4, 8, 11)",V,E,G#,A,389.75,195.0
3119,B,E,3,A,"(4, 8, 11)",V,E,G#,A,389.875,195.0
3120,E,A,0,A,"(1, 4, 9)",I,A,C#,A,390.0,196.0
3121,E,A,1,A,"(1, 4, 9)",I,A,C#,A,390.125,196.0
3122,E,A,2,A,"(1, 4, 9)",I,A,C#,A,390.25,196.0
3123,E,A,2,A,"(1, 4, 9)",I,A,C#,A,390.375,196.0
3124,E,A,3,A,"(1, 4, 9)",I,A,C#,A,390.5,196.0
3125,E,A,3,A,"(1, 4, 9)",I,A,C#,A,390.625,196.0
3126,E,A,3,A,"(1, 4, 9)",I,A,C#,A,390.75,196.0
3127,E,A,3,A,"(1, 4, 9)",I,A,C#,A,390.875,196.0
3128,E,A,4,A,"(1, 4, 9)",I,A,C#,A,391.0,196.0
3129,E,A,4,A,"(1, 4, 9)",I,A,C#,A,391.125,196.0
3130,E,A,4,A,"(1, 4, 9)",I,A,C#,A,391.25,196.0
3131,E,A,4,A,"(1, 4, 9)",I,A,C#,A,391.375,196.0
3132,A,A,4,A,"(1, 4, 9)",I,A,A,A,391.5,196.0
3133,A,A,4,A,"(1, 4, 9)",I,A,A,A,391.625,196.0
3134,A,A,4,A,"(1, 4, 9)",I,A,A,A,391.75,196.0
3135,A,A,4,A,"(1, 4, 9)",I,A,A,A,391.875,196.0
3136,E,G#,0,A,"(4, 8, 11)",V,E,B,A,392.0,197.0
3137,E,G#,1,A,"(4, 8, 11)",V,E,B,A,392.125,197.0
3138,E,G#,2,A,"(4, 8, 11)",V,E,B,A,392.25,197.0
3139,E,G#,2,A,"(4, 8, 11)",V,E,B,A,392.375,197.0
3140,E,G#,3,A,"(4, 8, 11)",V,E,B,A,392.5,197.0
3141,E,G#,3,A,"(4, 8, 11)",V,E,B,A,392.625,197.0
3142,E,G#,3,A,"(4, 8, 11)",V,E,B,A,392.75,197.0
3143,E,G#,3,A,"(4, 8, 11)",V,E,B,A,392.875,197.0
3144,E,G#,4,A,"(2, 4, 8, 11)",V7,E,B,A,393.0,197.0
3145,D,G#,1,A,"(2, 4, 8, 11)",V7,E,B,A,393.125,197.0
3146,D,G#,2,A,"(2, 4, 8, 11)",V7,E,B,A,393.25,197.0
3147,D,G#,4,A,"(2, 4, 8, 11)",V7,E,B,A,393.375,197.0
3148,D,G#,4,A,"(2, 4, 8, 11)",V7,E,B,A,393.5,197.0
3149,D,G#,4,A,"(2, 4, 8, 11)",V7,E,B,A,393.625,197.0
3150,D,G#,4,A,"(2, 4, 8, 11)",V7,E,B,A,393.75,197.0
3151,D,G#,4,A,"(2, 4, 8, 11)",V7,E,B,A,393.875,197.0
3152,E,A,0,A,"(1, 4, 9)",I,A,C#,A,394.0,198.0
3153,E,A,1,A,"(1, 4, 9)",I,A,C#,A,394.125,198.0
3154,E,A,2,A,"(1, 4, 9)",I,A,C#,A,394.25,198.0
3155,E,A,2,A,"(1, 4, 9)",I,A,C#,A,394.375,198.0
3156,E,A,3,A,"(1, 4, 9)",I,A,C#,A,394.5,198.0
3157,E,A,3,A,"(1, 4, 9)",I,A,C#,A,394.625,198.0
3158,E,A,3,A,"(1, 4, 9)",I,A,C#,A,394.75,198.0
3159,E,A,3,A,"(1, 4, 9)",I,A,C#,A,394.875,198.0
3160,D,G#,0,A,"(2, 4, 8, 11)",V7,E,B,A,395.0,198.0
3161,D,G#,1,A,"(2, 4, 8, 11)",V7,E,B,A,395.125,198.0
3162,D,G#,2,A,"(2, 4, 8, 11)",V7,E,B,A,395.25,198.0
3163,D,G#,2,A,"(2, 4, 8, 11)",V7,E,B,A,395.375,198.0
3164,D,G#,3,A,"(2, 4, 8, 11)",V7,E,B,A,395.5,198.0
3165,D,G#,3,A,"(2, 4, 8, 11)",V7,E,B,A,395.625,198.0
3166,E,A,0,A,"(1, 4, 9)",I,A,C#,A,395.75,198.0
3167,E,A,1,A,"(1, 4, 9)",I,A,C#,A,395.875,198.0
3168,B,E,0,A,"(1, 4, 9)",I,E,G#,A,396.0,199.0
3169,B,E,1,A,"(1, 4, 9)",I,E,G#,A,396.125,199.0
3170,B,E,2,A,"(1, 4, 9)",I,E,G#,A,396.25,199.0
3171,B,E,2,A,"(1, 4, 9)",I,E,G#,A,396.375,199.0
3172,B,E,3,A,"(4, 8, 11)",I,E,G#,A,396.5,199.0
3173,B,E,3,A,"(4, 8, 11)",I,E,G#,A,396.625,199.0
3174,B,E,3,A,"(4, 8, 11)",I,E,G#,A,396.75,199.0
3175,B,E,3,A,"(4, 8, 11)",I,E,G#,A,396.875,199.0
3176,B,E,0,A,"(4, 8, 11)",V,E,G#,A,397.0,199.0
3177,B,E,1,A,"(4, 8, 11)",V,E,G#,A,397.125,199.0
3178,B,E,2,A,"(4, 8, 11)",V,E,G#,A,397.25,199.0
3179,B,E,2,A,"(4, 8, 11)",V,E,G#,A,397.375,199.0
3180,B,E,3,A,"(4, 8, 11)",V,E,G#,A,397.5,199.0
3181,B,E,3,A,"(4, 8, 11)",V,E,G#,A,397.625,199.0
3182,B,E,3,A,"(4, 8, 11)",V,E,G#,A,397.75,199.0
3183,B,E,3,A,"(4, 8, 11)",V,E,G#,A,397.875,199.0
3184,B,D#,0,A,"(3, 6, 11)",V,B,F#,E,398.0,200.0
3185,B,D#,1,A,"(3, 6, 11)",V,B,F#,E,398.125,200.0
3186,B,D#,2,A,"(3, 6, 11)",V,B,F#,E,398.25,200.0
3187,B,D#,2,A,"(3, 6, 11)",V,B,F#,E,398.375,200.0
3188,B,D#,3,A,"(3, 6, 11)",V,B,F#,E,398.5,200.0
3189,B,D#,3,A,"(3, 6, 11)",V,B,F#,E,398.625,200.0
3190,B,D#,3,A,"(3, 6, 11)",V,B,F#,E,398.75,200.0
3191,B,D#,3,A,"(3, 6, 11)",V,B,F#,E,398.875,200.0
3192,A,D#,0,A,"(3, 6, 9, 11)",V7,B,F#,E,399.0,200.0
3193,A,D#,1,A,"(3, 6, 9, 11)",V7,B,F#,E,399.125,200.0
3194,A,D#,2,A,"(3, 6, 9, 11)",V7,B,F#,E,399.25,200.0
3195,A,D#,2,A,"(3, 6, 9, 11)",V7,B,F#,E,399.375,200.0
3196,A,D#,3,A,"(3, 6, 9, 11)",V7,B,F#,E,399.5,200.0
3197,A,D#,3,A,"(3, 6, 9, 11)",V7,B,F#,E,399.625,200.0
3198,A,D#,3,A,"(3, 6, 9, 11)",V7,B,F#,E,399.75,200.0
3199,A,D#,3,A,"(3, 6, 9, 11)",V7,B,F#,E,399.875,200.0
3200,B,E,0,E,"(4, 8, 11)",I,E,G#,E,400.0,201.0
3201,B,E,1,E,"(4, 8, 11)",I,E,G#,E,400.125,201.0
3202,B,E,2,E,"(4, 8, 11)",I,E,G#,E,400.25,201.0
3203,B,E,2,E,"(4, 8, 11)",I,E,G#,E,400.375,201.0
3204,B,E,3,E,"(4, 8, 11)",I,E,G#,E,400.5,201.0
3205,B,E,3,E,"(4, 8, 11)",I,E,G#,E,400.625,201.0
3206,B,E,3,E,"(4, 8, 11)",I,E,G#,E,400.75,201.0
3207,B,E,3,E,"(4, 8, 11)",I,E,G#,E,400.875,201.0
3208,B,E,4,E,"(4, 8, 11)",I,E,G#,E,401.0,201.0
3209,B,E,4,E,"(4, 8, 11)",I,E,G#,E,401.125,201.0
3210,B,E,4,E,"(4, 8, 11)",I,E,G#,E,401.25,201.0
3211,B,E,4,E,"(4, 8, 11)",I,E,G#,E,401.375,201.0
3212,B,E,4,E,"(4, 8, 11)",I,E,G#,E,401.5,201.0
3213,B,E,4,E,"(4, 8, 11)",I,E,G#,E,401.625,201.0
3214,B,E,4,E,"(4, 8, 11)",I,E,G#,E,401.75,201.0
3215,B,E,4,E,"(4, 8, 11)",I,E,G#,E,401.875,201.0
3216,B,D#,0,E,"(3, 6, 9, 11)",V7,B,F#,E,402.0,202.0
3217,B,D#,1,E,"(3, 6, 11)",V7,B,F#,E,402.125,202.0
3218,B,D#,2,E,"(3, 6, 11)",V7,B,F#,E,402.25,202.0
3219,B,D#,2,E,"(3, 6, 11)",V7,B,F#,E,402.375,202.0
3220,B,D#,3,E,"(3, 6, 9, 11)",V7,B,F#,E,402.5,202.0
3221,B,D#,3,E,"(3, 6, 9, 11)",V7,B,F#,E,402.625,202.0
3222,B,D#,3,E,"(3, 6, 9, 11)",V7,B,F#,E,402.75,202.0
3223,B,D#,3,E,"(3, 6, 9, 11)",V7,B,F#,E,402.875,202.0
3224,A,D#,0,E,"(3, 6, 9, 11)",V7,B,F#,E,403.0,202.0
3225,A,D#,1,E,"(3, 6, 9, 11)",V7,B,F#,E,403.125,202.0
3226,A,D#,2,E,"(3, 6, 9, 11)",V7,B,F#,E,403.25,202.0
3227,A,D#,2,E,"(3, 6, 9, 11)",V7,B,F#,E,403.375,202.0
3228,A,D#,4,E,"(3, 6, 9, 11)",V7,B,F#,E,403.5,202.0
3229,A,D#,4,E,"(3, 6, 9, 11)",V7,B,F#,E,403.625,202.0
3230,A,D#,4,E,"(3, 6, 9, 11)",V7,B,F#,E,403.75,202.0
3231,A,D#,4,E,"(3, 6, 9, 11)",V7,B,F#,E,403.875,202.0
3232,B,E,0,E,"(4, 8, 11)",I,E,G#,E,404.0,203.0
3233,B,E,1,E,"(4, 8, 11)",I,E,G#,E,404.125,203.0
3234,B,E,2,E,"(4, 8, 11)",I,E,G#,E,404.25,203.0
3235,B,E,2,E,"(4, 8, 11)",I,E,G#,E,404.375,203.0
3236,B,E,3,E,"(4, 8, 11)",I,E,G#,E,404.5,203.0
3237,B,E,3,E,"(4, 8, 11)",I,E,G#,E,404.625,203.0
3238,B,E,3,E,"(4, 8, 11)",I,E,G#,E,404.75,203.0
3239,B,E,3,E,"(4, 8, 11)",I,E,G#,E,404.875,203.0
3240,B,E,4,E,"(4, 8, 11)",I,E,G#,E,405.0,203.0
3241,B,E,4,E,"(4, 8, 11)",I,E,G#,E,405.125,203.0
3242,B,E,4,E,"(4, 8, 11)",I,E,G#,E,405.25,203.0
3243,B,E,4,E,"(4, 8, 11)",I,E,G#,E,405.375,203.0
3244,B,E,4,E,"(4, 8, 11)",I,E,G#,E,405.5,203.0
3245,B,E,4,E,"(4, 8, 11)",I,E,G#,E,405.625,203.0
3246,B,E,4,E,"(4, 8, 11)",I,E,G#,E,405.75,203.0
3247,B,E,4,E,"(4, 8, 11)",I,E,G#,E,405.875,203.0
3248,E,A,0,E,"(1, 4, 9)",IV,A,C#,E,406.0,204.0
3249,E,A,1,E,"(1, 4, 9)",IV,A,C#,E,406.125,204.0
3250,E,A,2,E,"(1, 4, 9)",IV,A,C#,E,406.25,204.0
3251,E,A,2,E,"(1, 4, 9)",IV,A,C#,E,406.375,204.0
3252,E,A,3,E,"(1, 4, 9)",ii7,A,C#,E,406.5,204.0
3253,E,A,3,E,"(1, 4, 9)",ii7,A,C#,E,406.625,204.0
3254,E,A,3,E,"(1, 4, 9)",ii7,A,C#,E,406.75,204.0
3255,E,A,3,E,"(1, 4, 9)",ii7,A,C#,E,406.875,204.0
3256,D#,A,4,E,"(3, 6, 9, 11)",V7,F#,B,E,407.0,204.0
3257,D#,A,4,E,"(3, 6, 9, 11)",V7,F#,B,E,407.125,204.0
3258,D#,A,4,E,"(3, 6, 9, 11)",V7,F#,B,E,407.25,204.0
3259,D#,A,4,E,"(3, 6, 9, 11)",V7,F#,B,E,407.375,204.0
3260,D#,A,4,E,"(3, 6, 9, 11)",V7,F#,B,E,407.5,204.0
3261,D#,A,4,E,"(3, 6, 9, 11)",V7,F#,B,E,407.625,204.0
3262,D#,A,4,E,"(3, 6, 9, 11)",V7,F#,B,E,407.75,204.0
3263,D#,A,4,E,"(3, 6, 9, 11)",V7,F#,B,E,407.875,204.0
3264,E,G#,0,E,"(4, 8, 11)",I,E,B,E,408.0,205.0
3265,E,G#,1,E,"(4, 8, 11)",I,E,B,E,408.125,205.0
3266,E,G#,2,E,"(4, 8, 11)",I,E,B,E,408.25,205.0
3267,E,G#,2,E,"(4, 8, 11)",I,E,B,E,408.375,205.0
3268,E,G#,3,E,"(4, 8, 11)",I,E,B,E,408.5,205.0
3269,E,G#,3,E,"(4, 8, 11)",I,E,B,E,408.625,205.0
3270,E,G#,3,E,"(4, 8, 11)",I,E,B,E,408.75,205.0
3271,E,G#,3,E,"(4, 8, 11)",I,E,B,E,408.875,205.0
3272,E,G#,4,E,"(4, 8, 11)",I,E,B,E,409.0,205.0
3273,E,G#,4,E,"(4, 8, 11)",I,E,B,E,409.125,205.0
3274,E,G#,4,E,"(4, 8, 11)",I,E,B,E,409.25,205.0
3275,E,G#,4,E,"(4, 8, 11)",I,E,B,E,409.375,205.0
3276,E,G#,4,E,"(4, 8, 11)",I,E,B,E,409.5,205.0
3277,E,G#,4,E,"(4, 8, 11)",I,E,B,E,409.625,205.0
3278,E,G#,4,E,"(4, 8, 11)",I,E,B,E,409.75,205.0
3279,E,G#,4,E,"(4, 8, 11)",I,E,B,E,409.875,205.0
3280,G#,C#,0,E,"(3, 6, 9, 11)",V7,B,E,E,410.0,206.0
3281,G#,D#,1,E,"(3, 6, 9, 11)",V7,B,E,E,410.125,206.0
3282,G#,D#,2,E,"(3, 6, 9, 11)",V7,B,E,E,410.25,206.0
3283,G#,D#,2,E,"(3, 6, 9, 11)",V7,B,E,E,410.375,206.0
3284,G#,D#,3,E,"(3, 6, 9, 11)",V7,B,E,E,410.5,206.0
3285,G#,D#,3,E,"(3, 6, 9, 11)",V7,B,E,E,410.625,206.0
3286,G#,D#,3,E,"(3, 6, 9, 11)",V7,B,E,E,410.75,206.0
3287,G#,D#,3,E,"(3, 6, 9, 11)",V7,B,E,E,410.875,206.0
3288,A,D#,0,E,"(3, 6, 9, 11)",V7,B,F#,E,411.0,206.0
3289,A,D#,1,E,"(3, 6, 9, 11)",V7,B,F#,E,411.125,206.0
3290,A,D#,2,E,"(3, 6, 9, 11)",V7,B,F#,E,411.25,206.0
3291,A,D#,2,E,"(3, 6, 9, 11)",V7,B,F#,E,411.375,206.0
3292,A,D#,3,E,"(3, 6, 9, 11)",V7,B,F#,E,411.5,206.0
3293,A,D#,3,E,"(3, 6, 9, 11)",V7,B,F#,E,411.625,206.0
3294,A,D#,3,E,"(3, 6, 9, 11)",V7,B,F#,E,411.75,206.0
3295,A,D#,3,E,"(3, 6, 9, 11)",V7,B,F#,E,411.875,206.0
3296,B,E,0,E,"(4, 8, 11)",I,E,G#,E,412.0,207.0
3297,B,E,1,E,"(4, 8, 11)",I,E,G#,E,412.125,207.0
3298,B,E,2,E,"(4, 8, 11)",I,E,G#,E,412.25,207.0
3299,B,E,2,E,"(4, 8, 11)",I,E,G#,E,412.375,207.0
3300,B,E,3,E,"(4, 8, 11)",I,E,G#,E,412.5,207.0
3301,B,E,3,E,"(4, 8, 11)",I,E,G#,E,412.625,207.0
3302,B,E,3,E,"(4, 8, 11)",I,E,G#,E,412.75,207.0
3303,B,E,3,E,"(4, 8, 11)",I,E,G#,E,412.875,207.0
3304,B,E,4,E,"(4, 8, 11)",I,E,G#,E,413.0,207.0
3305,B,E,4,E,"(4, 8, 11)",I,E,G#,E,413.125,207.0
3306,B,E,4,E,"(4, 8, 11)",I,E,G#,E,413.25,207.0
3307,B,E,4,E,"(4, 8, 11)",I,E,G#,E,413.375,207.0
3308,B,E,4,E,"(4, 8, 11)",I,E,G#,E,413.5,207.0
3309,B,E,4,E,"(4, 8, 11)",I,E,G#,E,413.625,207.0
3310,B,E,4,E,"(4, 8, 11)",I,E,G#,E,413.75,207.0
3311,B,E,4,E,"(4, 8, 11)",I,E,G#,E,413.875,207.0
3312,E,A,0,E,"(1, 4, 9)",IV,A,C#,E,414.0,208.0
3313,E,A,1,E,"(1, 4, 9)",IV,A,C#,E,414.125,208.0
3314,E,A,2,E,"(1, 4, 9)",ii7,A,C#,E,414.25,208.0
3315,E,A,2,E,"(1, 4, 9)",ii7,A,C#,E,414.375,208.0
3316,E,A,3,E,"(1, 4, 9)",ii7,A,C#,E,414.5,208.0
3317,E,A,3,E,"(1, 4, 9)",ii7,A,C#,E,414.625,208.0
3318,E,A,3,E,"(1, 4, 9)",ii7,A,C#,E,414.75,208.0
3319,E,A,3,E,"(1, 4, 9)",ii7,A,C#,E,414.875,208.0
3320,D#,A,4,E,"(3, 6, 9, 11)",V7,F#,B,E,415.0,208.0
3321,D#,A,4,E,"(3, 6, 9, 11)",V7,F#,B,E,415.125,208.0
3322,D#,A,4,E,"(3, 6, 9, 11)",V7,F#,B,E,415.25,208.0
3323,D#,A,4,E,"(3, 6, 9, 11)",V7,F#,B,E,415.375,208.0
3324,D#,A,4,E,"(3, 6, 9, 11)",V7,F#,B,E,415.5,208.0
3325,D#,A,4,E,"(3, 6, 9, 11)",V7,F#,B,E,415.625,208.0
3326,D#,A,4,E,"(3, 6, 9, 11)",V7,F#,B,E,415.75,208.0
3327,D#,A,4,E,"(3, 6, 9, 11)",V7,F#,B,E,415.875,208.0
3328,E,G#,0,E,"(4, 8, 11)",I,E,B,E,416.0,209.0
3329,E,G#,1,E,"(4, 8, 11)",I,E,B,E,416.125,209.0
3330,E,G#,2,E,"(4, 8, 11)",I,E,B,E,416.25,209.0
3331,E,G#,2,E,"(4, 8, 11)",I,E,B,E,416.375,209.0
3332,E,G#,3,E,"(4, 8, 11)",I,E,B,E,416.5,209.0
3333,E,G#,3,E,"(4, 8, 11)",I,E,B,E,416.625,209.0
3334,E,G#,3,E,"(4, 8, 11)",I,E,B,E,416.75,209.0
3335,E,G#,3,E,"(4, 8, 11)",I,E,B,E,416.875,209.0
3336,E,G#,4,E,"(4, 8, 11)",I,E,B,E,417.0,209.0
3337,E,G#,4,E,"(4, 8, 11)",I,E,B,E,417.125,209.0
3338,E,G#,4,E,"(4, 8, 11)",I,E,B,E,417.25,209.0
3339,E,G#,4,E,"(4, 8, 11)",I,E,B,E,417.375,209.0
3340,E,G#,4,E,"(4, 8, 11)",I,E,B,E,417.5,209.0
3341,E,G#,4,E,"(4, 8, 11)",I,E,B,E,417.625,209.0
3342,E,G#,4,E,"(4, 8, 11)",I,E,B,E,417.75,209.0
3343,E,G#,4,E,"(4, 8, 11)",I,E,B,E,417.875,209.0
3344,G#,C#,0,E,"(3, 6, 9, 11)",V7,B,E,E,418.0,210.0
3345,G#,C#,1,E,"(3, 6, 9, 11)",V7,B,E,E,418.125,210.0
3346,G#,D#,2,E,"(3, 6, 9, 11)",V7,B,E,E,418.25,210.0
3347,G#,D#,2,E,"(3, 6, 9, 11)",V7,B,E,E,418.375,210.0
3348,G#,D#,3,E,"(3, 6, 9, 11)",V7,B,E,E,418.5,210.0
3349,G#,D#,3,E,"(3, 6, 9, 11)",V7,B,E,E,418.625,210.0
3350,G#,D#,3,E,"(3, 6, 9, 11)",V7,B,E,E,418.75,210.0
3351,G#,D#,3,E,"(3, 6, 9, 11)",V7,B,E,E,418.875,210.0
3352,A,D#,0,E,"(3, 6, 9, 11)",V7,B,F#,E,419.0,210.0
3353,A,D#,1,E,"(3, 6, 9, 11)",V7,B,F#,E,419.125,210.0
3354,A,D#,2,E,"(3, 6, 9, 11)",V7,B,F#,E,419.25,210.0
3355,A,D#,2,E,"(3, 6, 9, 11)",V7,B,F#,E,419.375,210.0
3356,A,D#,3,E,"(3, 6, 9, 11)",V7,B,F#,E,419.5,210.0
3357,A,D#,3,E,"(3, 6, 9, 11)",V7,B,F#,E,419.625,210.0
3358,A,D#,3,E,"(3, 6, 9, 11)",V7,B,F#,E,419.75,210.0
3359,A,D#,3,E,"(3, 6, 9, 11)",V7,B,F#,E,419.875,210.0
3360,B,E,0,E,"(4, 8, 11)",I,E,G#,E,420.0,211.0
3361,B,E,1,E,"(4, 8, 11)",I,E,G#,E,420.125,211.0
3362,B,E,2,E,"(4, 8, 11)",I,E,G#,E,420.25,211.0
3363,B,E,2,E,"(4, 8, 11)",I,E,G#,E,420.375,211.0
3364,B,E,3,E,"(4, 8, 11)",I,E,G#,E,420.5,211.0
3365,B,E,3,E,"(4, 8, 11)",I,E,G#,E,420.625,211.0
3366,B,E,3,E,"(4, 8, 11)",I,E,G#,E,420.75,211.0
3367,B,E,3,E,"(4, 8, 11)",I,E,G#,E,420.875,211.0
3368,B,F#,0,A,"(3, 6, 9, 11)",V7,D#,A,E,421.0,211.0
3369,B,F#,1,A,"(3, 6, 9, 11)",V7,D#,A,E,421.125,211.0
3370,B,F#,2,A,"(3, 6, 9, 11)",V7,D#,A,E,421.25,211.0
3371,B,F#,2,A,"(3, 6, 9, 11)",V7,D#,A,E,421.375,211.0
3372,D#,F#,3,A,"(3, 6, 9, 11)",V7,D#,B,E,421.5,211.0
3373,D#,F#,3,A,"(3, 6, 9, 11)",V7,D#,B,E,421.625,211.0
3374,D#,F#,3,A,"(3, 6, 9, 11)",V7,D#,B,E,421.75,211.0
3375,D#,F#,3,A,"(3, 6, 9, 11)",V7,D#,B,E,421.875,211.0
3376,E,G#,0,E,"(4, 8, 11)",I,E,B,E,422.0,212.0
3377,E,G#,1,A,"(4, 8, 11)",I,E,B,E,422.125,212.0
3378,E,G#,2,A,"(4, 8, 11)",I,E,B,E,422.25,212.0
3379,E,G#,2,A,"(4, 8, 11)",I,E,B,E,422.375,212.0
3380,E,G#,3,A,"(4, 8, 11)",I,E,B,E,422.5,212.0
3381,E,G#,3,A,"(4, 8, 11)",I,E,B,E,422.625,212.0
3382,E,G#,3,A,"(4, 8, 11)",I,E,B,E,422.75,212.0
3383,E,G#,3,A,"(4, 8, 11)",I,E,B,E,422.875,212.0
3384,B,D#,0,A,"(3, 6, 11)",V,B,F#,E,423.0,212.0
3385,B,D#,1,A,"(3, 6, 11)",V,B,F#,E,423.125,212.0
3386,B,D#,2,A,"(3, 6, 11)",V,B,F#,E,423.25,212.0
3387,B,D#,2,A,"(3, 6, 11)",V,B,F#,E,423.375,212.0
3388,B,D#,3,A,"(3, 6, 11)",V,B,F#,E,423.5,212.0
3389,B,D#,3,A,"(3, 6, 11)",V,B,F#,E,423.625,212.0
3390,B,D#,3,A,"(3, 6, 11)",V,B,F#,E,423.75,212.0
3391,B,D#,3,A,"(3, 6, 11)",V,B,F#,E,423.875,212.0
3392,B,D#,0,A,"(3, 6, 11)",V,B,F#,E,424.0,213.0
3393,B,D#,1,A,"(3, 6, 11)",V,B,F#,E,424.125,213.0
3394,B,D#,2,A,"(3, 6, 11)",V,B,F#,E,424.25,213.0
3395,B,D#,2,A,"(3, 6, 11)",V,B,F#,E,424.375,213.0
3396,B,D#,3,A,"(3, 6, 11)",V,B,F#,E,424.5,213.0
3397,B,D#,3,A,"(3, 6, 11)",V,B,F#,E,424.625,213.0
3398,B,D#,3,A,"(3, 6, 11)",V,B,F#,E,424.75,213.0
3399,B,D#,3,A,"(3, 6, 11)",V,B,F#,E,424.875,213.0
3400,B,D#,4,A,"(3, 6, 11)",V,B,F#,E,425.0,213.0
3401,B,D#,4,A,"(3, 6, 11)",V,B,F#,E,425.125,213.0
3402,B,D#,4,A,"(3, 6, 11)",V,B,F#,E,425.25,213.0
3403,B,D#,4,A,"(3, 6, 11)",V,B,F#,E,425.375,213.0
3404,B,D#,4,A,"(3, 6, 11)",V,B,F#,E,425.5,213.0
3405,B,D#,4,A,"(3, 6, 11)",V,B,F#,E,425.625,213.0
3406,B,D#,4,A,"(3, 6, 11)",V,B,F#,E,425.75,213.0
3407,B,D#,4,A,"(3, 6, 11)",V,B,F#,E,425.875,213.0
3408,B,E,0,A,"(4, 8, 11)",V,E,G#,E,426.0,214.0
3409,B,E,1,A,"(4, 8, 11)",V,E,G#,E,426.125,214.0
3410,B,E,2,A,"(4, 8, 11)",V,E,G#,E,426.25,214.0
3411,B,E,2,A,"(4, 8, 11)",V,E,G#,E,426.375,214.0
3412,B,E,3,A,"(4, 8, 11)",V,E,G#,E,426.5,214.0
3413,B,E,3,A,"(4, 8, 11)",V,E,G#,E,426.625,214.0
3414,B,E,3,A,"(4, 8, 11)",V,E,G#,E,426.75,214.0
3415,B,E,3,A,"(4, 8, 11)",V,E,G#,E,426.875,214.0
3416,B,E,4,A,"(4, 8, 11)",V,E,G#,E,427.0,214.0
3417,B,E,4,A,"(4, 8, 11)",V,E,G#,E,427.125,214.0
3418,B,E,4,A,"(4, 8, 11)",V,E,G#,E,427.25,214.0
3419,B,E,4,A,"(4, 8, 11)",V,E,G#,E,427.375,214.0
3420,B,E,4,A,"(4, 8, 11)",V,E,G#,E,427.5,214.0
3421,B,E,4,A,"(4, 8, 11)",V,E,G#,E,427.625,214.0
3422,B,E,4,A,"(4, 8, 11)",V,E,G#,E,427.75,214.0
3423,B,E,4,A,"(4, 8, 11)",V,E,G#,E,427.875,214.0
3424,B,E,5,A,"(4, 8, 11)",V,E,G#,E,428.0,214.0
3425,B,E,5,A,"(4, 8, 11)",V,E,G#,E,428.125,214.0
3426,B,E,5,A,"(4, 8, 11)",V,E,G#,E,428.25,214.0
3427,B,E,5,A,"(4, 8, 11)",V,E,G#,E,428.375,214.0
3428,B,E,5,A,"(4, 8, 11)",V,E,G#,E,428.5,214.0
3429,B,E,5,A,"(4, 8, 11)",V,E,G#,E,428.625,214.0
3430,B,E,5,A,"(4, 8, 11)",V,E,G#,E,428.75,214.0
3431,B,E,5,A,"(4, 8, 11)",V,E,G#,E,428.875,214.0
3432,B,E,0,A,"(4, 8, 11)",V,E,G#,E,429.0,215.0
3433,B,E,1,A,"(4, 8, 11)",V,E,G#,E,429.125,215.0
3434,B,E,2,A,"(4, 8, 11)",V,E,G#,E,429.25,215.0
3435,B,E,2,A,"(4, 8, 11)",V,E,G#,E,429.375,215.0
3436,B,E,3,A,"(4, 8, 11)",V,E,G#,E,429.5,215.0
3437,B,E,3,A,"(4, 8, 11)",V,E,G#,E,429.625,215.0
3438,B,E,3,A,"(4, 8, 11)",V,E,G#,E,429.75,215.0
3439,B,E,3,A,"(4, 8, 11)",V,E,G#,E,429.875,215.0
3440,B,E,4,A,"(4, 8, 11)",V,E,G#,E,430.0,215.0
3441,B,E,4,A,"(4, 8, 11)",V,E,G#,E,430.125,215.0
3442,B,E,4,A,"(4, 8, 11)",V,E,G#,E,430.25,215.0
3443,E,E,4,A,"(4, 8, 11)",V,E,G#,E,430.375,215.0
3444,E,A#,0,A,"(1, 4, 6, 10)",V7,F#,C#,b,430.5,215.0
3445,E,A#,1,A,"(1, 4, 6, 10)",V7,F#,C#,b,430.625,215.0
3446,E,A#,2,A,"(1, 4, 6, 10)",V7,F#,C#,b,430.75,215.0
3447,E,A#,2,A,"(1, 4, 6, 10)",V7,F#,C#,b,430.875,215.0
3448,E,A#,3,A,"(1, 4, 6, 10)",V7,F#,C#,b,431.0,215.0
3449,E,A#,3,A,"(1, 4, 6, 10)",V7,F#,C#,b,431.125,215.0
3450,E,A#,3,A,"(1, 4, 6, 10)",V7,F#,C#,b,431.25,215.0
3451,E,A#,3,A,"(1, 4, 6, 10)",V7,F#,C#,b,431.375,215.0
3452,E,A#,4,A,"(1, 4, 6, 10)",V7,F#,C#,b,431.5,215.0
3453,E,A#,4,A,"(1, 4, 6, 10)",V7,F#,C#,b,431.625,215.0
3454,E,A#,4,A,"(1, 4, 6, 10)",V7,F#,C#,b,431.75,215.0
3455,E,A#,4,A,"(1, 4, 6, 10)",V7,F#,C#,b,431.875,215.0
3456,F#,B,0,A,"(2, 6, 11)",ii,B,D,A,432.0,216.0
3457,F#,B,1,A,"(2, 6, 11)",ii,B,D,A,432.125,216.0
3458,F#,B,2,A,"(2, 6, 11)",ii,B,D,A,432.25,216.0
3459,F#,B,2,A,"(2, 6, 11)",ii,B,D,A,432.375,216.0
3460,F#,B,3,A,"(2, 6, 11)",ii,B,D,A,432.5,216.0
3461,F#,B,3,A,"(2, 6, 11)",ii,B,D,A,432.625,216.0
3462,F#,B,3,A,"(2, 6, 11)",ii,B,D,A,432.75,216.0
3463,F#,B,3,A,"(2, 6, 11)",ii,B,D,A,432.875,216.0
3464,F#,B,4,A,"(2, 6, 11)",ii,B,D,A,433.0,216.0
3465,F#,B,4,A,"(2, 6, 11)",ii,B,D,A,433.125,216.0
3466,F#,B,4,A,"(2, 6, 11)",ii,B,D,A,433.25,216.0
3467,F#,B,4,A,"(2, 6, 11)",ii,B,D,A,433.375,216.0
3468,D,G#,0,A,"(2, 4, 8, 11)",V7,E,B,A,433.5,216.0
3469,D,G#,1,A,"(2, 4, 8, 11)",V7,E,B,A,433.625,216.0
3470,D,G#,2,A,"(2, 4, 8, 11)",V7,E,B,A,433.75,216.0
3471,D,G#,2,A,"(2, 4, 8, 11)",V7,E,B,A,433.875,216.0
3472,D,G#,3,A,"(2, 4, 8, 11)",V7,E,B,A,434.0,216.0
3473,D,G#,3,A,"(2, 4, 8, 11)",V7,E,B,A,434.125,216.0
3474,D,G#,3,A,"(2, 4, 8, 11)",V7,E,B,A,434.25,216.0
3475,D,G#,3,A,"(2, 4, 8, 11)",V7,E,B,A,434.375,216.0
3476,D,G#,4,A,"(2, 4, 8, 11)",V7,E,B,A,434.5,216.0
3477,D,G#,4,A,"(2, 4, 8, 11)",V7,E,B,A,434.625,216.0
3478,D,G#,4,A,"(2, 4, 8, 11)",V7,E,B,A,434.75,216.0
3479,D,G#,4,A,"(2, 4, 8, 11)",V7,E,B,A,434.875,216.0
3480,E,A,0,A,"(1, 4, 9)",I,A,C#,A,435.0,217.0
3481,E,A,1,A,"(1, 4, 9)",I,A,C#,A,435.125,217.0
3482,E,A,2,A,"(1, 4, 9)",I,A,C#,A,435.25,217.0
3483,E,A,2,A,"(1, 4, 9)",I,A,C#,A,435.375,217.0
3484,E,A,3,A,"(1, 4, 9)",I,A,C#,A,435.5,217.0
3485,E,A,3,A,"(1, 4, 9)",I,A,C#,A,435.625,217.0
3486,E,A,3,A,"(1, 4, 9)",I,A,C#,A,435.75,217.0
3487,E,A,3,A,"(1, 4, 9)",I,A,C#,A,435.875,217.0
3488,E,A,4,A,"(1, 4, 9)",I,A,C#,A,436.0,217.0
3489,E,A,4,A,"(1, 4, 9)",I,A,C#,A,436.125,217.0
3490,E,A,4,A,"(1, 4, 9)",I,A,C#,A,436.25,217.0
3491,E,A,4,A,"(1, 4, 9)",I,A,C#,A,436.375,217.0
3492,E,B,0,A,"(2, 4, 8, 11)",V7,G#,D,A,436.5,217.0
3493,E,B,1,A,"(2, 4, 8, 11)",V7,G#,D,A,436.625,217.0
3494,E,B,2,A,"(2, 4, 8, 11)",V7,G#,D,A,436.75,217.0
3495,E,B,2,A,"(2, 4, 8, 11)",V7,G#,D,A,436.875,217.0
3496,E,B,3,A,"(2, 4, 8, 11)",V7,G#,D,A,437.0,217.0
3497,E,B,3,A,"(2, 4, 8, 11)",V7,G#,D,A,437.125,217.0
3498,E,B,3,A,"(2, 4, 8, 11)",V7,G#,D,A,437.25,217.0
3499,E,B,3,A,"(2, 4, 8, 11)",V7,G#,D,A,437.375,217.0
3500,E,A,0,A,"(1, 4, 9)",I,A,C#,A,437.5,217.0
3501,E,A,1,A,"(1, 4, 9)",I,A,C#,A,437.625,217.0
3502,E,A,2,A,"(1, 4, 9)",I,A,C#,A,437.75,217.0
3503,E,A,2,A,"(1, 4, 9)",I,A,C#,A,437.875,217.0
3504,C#,E,0,A,"(1, 4, 9)",I,A,A,A,438.0,218.0
3505,C#,E,1,A,"(1, 4, 9)",I,A,A,A,438.125,218.0
3506,C#,E,2,A,"(1, 4, 9)",I,A,A,A,438.25,218.0
3507,C#,E,2,A,"(1, 4, 9)",I,A,A,A,438.375,218.0
3508,C#,E,3,A,"(1, 4, 9)",I,A,A,A,438.5,218.0
3509,C#,E,3,A,"(1, 4, 9)",I,A,A,A,438.625,218.0
3510,C#,E,3,A,"(1, 4, 9)",I,A,A,A,438.75,218.0
3511,C#,E,3,A,"(1, 4, 9)",I,A,A,A,438.875,218.0
3512,B,E,4,A,"(4, 8, 11)",I,E,G#,A,439.0,218.0
3513,B,E,4,A,"(4, 8, 11)",I,E,G#,A,439.125,218.0
3514,B,E,4,A,"(4, 8, 11)",I,E,G#,A,439.25,218.0
3515,B,E,4,A,"(4, 8, 11)",I,E,G#,A,439.375,218.0
3516,B,E,0,A,"(4, 8, 11)",V,E,G#,A,439.5,218.0
3517,B,E,1,A,"(4, 8, 11)",V,E,G#,A,439.625,218.0
3518,B,E,2,A,"(4, 8, 11)",V,E,G#,A,439.75,218.0
3519,B,E,2,A,"(4, 8, 11)",V,E,G#,A,439.875,218.0
3520,B,E,3,A,"(4, 8, 11)",V,E,G#,A,440.0,218.0
3521,B,E,3,A,"(4, 8, 11)",V,E,G#,A,440.125,218.0
3522,B,E,3,A,"(4, 8, 11)",V,E,G#,A,440.25,218.0
3523,B,E,3,A,"(4, 8, 11)",V,E,G#,A,440.375,218.0
3524,B,E,4,A,"(4, 8, 11)",V,E,G#,A,440.5,218.0
3525,B,E,4,A,"(4, 8, 11)",V,E,G#,A,440.625,218.0
3526,B,E,4,A,"(4, 8, 11)",V,E,G#,A,440.75,218.0
3527,B,E,4,A,"(4, 8, 11)",V,E,G#,A,440.875,218.0
3528,E,A,0,A,"(1, 4, 9)",I,A,C#,A,441.0,219.0
3529,E,A,1,A,"(1, 4, 9)",I,A,C#,A,441.125,219.0
3530,E,A,2,A,"(1, 4, 9)",I,A,C#,A,441.25,219.0
3531,E,A,2,A,"(1, 4, 9)",I,A,C#,A,441.375,219.0
3532,E,A,3,A,"(1, 4, 9)",I,A,A,A,441.5,219.0
3533,E,A,3,A,"(1, 4, 9)",I,A,A,A,441.625,219.0
3534,E,A,3,A,"(1, 4, 9)",I,A,A,A,441.75,219.0
3535,E,A,3,A,"(1, 4, 9)",I,A,A,A,441.875,219.0
3536,E,A,4,A,"(1, 4, 9)",I,A,A,A,442.0,219.0
3537,E,A,4,A,"(1, 4, 9)",I,A,C#,A,442.125,219.0
3538,E,A,4,A,"(1, 4, 9)",I,A,A,A,442.25,219.0
3539,E,A,4,A,"(1, 4, 9)",I,A,C#,A,442.375,219.0
3540,E,A,4,A,"(1, 4, 9)",I,A,A,A,442.5,219.0
3541,E,A,4,A,"(1, 4, 9)",I,A,A,A,442.625,219.0
3542,E,A,4,A,"(1, 4, 9)",I,A,A,A,442.75,219.0
3543,E,A,4,A,"(1, 4, 9)",I,A,A,A,442.875,219.0
3544,E,G#,0,A,"(4, 8, 11)",V,E,B,A,443.0,220.0
3545,E,G#,1,A,"(4, 8, 11)",V,E,B,A,443.125,220.0
3546,E,G#,2,A,"(4, 8, 11)",V,E,B,A,443.25,220.0
3547,E,G#,2,A,"(4, 8, 11)",V,E,B,A,443.375,220.0
3548,E,G#,3,A,"(4, 8, 11)",V,E,B,A,443.5,220.0
3549,E,G#,3,A,"(4, 8, 11)",V,E,B,A,443.625,220.0
3550,E,G#,3,A,"(4, 8, 11)",V,E,B,A,443.75,220.0
3551,E,G#,3,A,"(4, 8, 11)",V,E,B,A,443.875,220.0
3552,E,G#,4,A,"(4, 8, 11)",V7,E,B,A,444.0,220.0
3553,E,G#,4,A,"(4, 8, 11)",V7,E,B,A,444.125,220.0
3554,E,G#,4,A,"(4, 8, 11)",V7,E,B,A,444.25,220.0
3555,E,G#,4,A,"(4, 8, 11)",V7,E,B,A,444.375,220.0
3556,D,G#,4,A,"(2, 4, 8, 11)",V7,E,B,A,444.5,220.0
3557,D,G#,4,A,"(2, 4, 8, 11)",V7,E,B,A,444.625,220.0
3558,D,G#,4,A,"(2, 4, 8, 11)",V7,E,B,A,444.75,220.0
3559,D,G#,4,A,"(2, 4, 8, 11)",V7,E,B,A,444.875,220.0
3560,E,A,0,A,"(1, 4, 9)",I,A,C#,A,445.0,221.0
3561,E,A,1,A,"(1, 4, 9)",I,A,C#,A,445.125,221.0
3562,E,A,2,A,"(1, 4, 9)",I,A,C#,A,445.25,221.0
3563,E,A,2,A,"(1, 4, 9)",I,A,C#,A,445.375,221.0
3564,E,A,3,A,"(1, 4, 9)",I,A,C#,A,445.5,221.0
3565,E,A,3,A,"(1, 4, 9)",I,A,C#,A,445.625,221.0
3566,E,A,3,A,"(1, 4, 9)",I,A,C#,A,445.75,221.0
3567,E,A,3,A,"(1, 4, 9)",I,A,C#,A,445.875,221.0
3568,E,A,4,A,"(1, 4, 9)",I,A,C#,A,446.0,221.0
3569,E,A,4,A,"(1, 4, 9)",I,A,C#,A,446.125,221.0
3570,E,A,4,A,"(1, 4, 9)",I,A,C#,A,446.25,221.0
3571,E,A,4,A,"(1, 4, 9)",I,A,C#,A,446.375,221.0
3572,E,A,4,A,"(1, 4, 9)",I,A,C#,A,446.5,221.0
3573,E,A,4,A,"(1, 4, 9)",I,A,C#,A,446.625,221.0
3574,E,A,4,A,"(1, 4, 9)",I,A,C#,A,446.75,221.0
3575,E,A,4,A,"(1, 4, 9)",I,A,C#,A,446.875,221.0
3576,E,G#,0,A,"(4, 8, 11)",V7,E,B,A,447.0,222.0
3577,E,G#,1,A,"(4, 8, 11)",V7,E,B,A,447.125,222.0
3578,E,G#,2,A,"(4, 8, 11)",V7,E,B,A,447.25,222.0
3579,E,G#,2,A,"(4, 8, 11)",V7,E,B,A,447.375,222.0
3580,E,G#,3,A,"(4, 8, 11)",V7,E,B,A,447.5,222.0
3581,E,G#,3,A,"(4, 8, 11)",V7,E,B,A,447.625,222.0
3582,E,G#,3,A,"(4, 8, 11)",V7,E,B,A,447.75,222.0
3583,E,G#,3,A,"(2, 4, 8, 11)",V7,E,B,A,447.875,222.0
3584,D,G#,4,A,"(2, 4, 8, 11)",V7,E,B,A,448.0,222.0
3585,D,G#,4,A,"(2, 4, 8, 11)",V7,E,B,A,448.125,222.0
3586,D,G#,4,A,"(2, 4, 8, 11)",V7,E,B,A,448.25,222.0
3587,D,G#,4,A,"(2, 4, 8, 11)",V7,E,B,A,448.375,222.0
3588,D,G#,4,A,"(2, 4, 8, 11)",V7,E,B,A,448.5,222.0
3589,D,G#,4,A,"(2, 4, 8, 11)",V7,E,B,A,448.625,222.0
3590,D,G#,4,A,"(2, 4, 8, 11)",V7,E,B,A,448.75,222.0
3591,D,G#,4,A,"(2, 4, 8, 11)",V7,E,B,A,448.875,222.0
3592,E,A,0,A,"(1, 4, 9)",I,A,C#,A,449.0,223.0
3593,E,A,1,A,"(1, 4, 9)",I,A,C#,A,449.125,223.0
3594,E,A,2,A,"(1, 4, 9)",I,A,C#,A,449.25,223.0
3595,E,A,2,A,"(1, 4, 9)",I,A,C#,A,449.375,223.0
3596,E,A,3,A,"(1, 4, 9)",I,A,C#,A,449.5,223.0
3597,E,A,3,A,"(1, 4, 9)",I,A,C#,A,449.625,223.0
3598,E,A,3,A,"(1, 4, 9)",I,A,C#,A,449.75,223.0
3599,E,A,3,A,"(1, 4, 9)",I,A,C#,A,449.875,223.0
3600,B,E,0,A,"(2, 4, 8, 11)",V7,D,G#,A,450.0,223.0
3601,B,E,1,A,"(2, 4, 8, 11)",V7,D,G#,A,450.125,223.0
3602,B,E,2,A,"(2, 4, 8, 11)",V7,D,G#,A,450.25,223.0
3603,B,E,2,A,"(2, 4, 8, 11)",V7,D,G#,A,450.375,223.0
3604,B,E,3,A,"(2, 4, 8, 11)",V7,D,G#,A,450.5,223.0
3605,B,E,3,A,"(2, 4, 8, 11)",V7,D,G#,A,450.625,223.0
3606,B,E,3,A,"(2, 4, 8, 11)",V7,D,G#,A,450.75,223.0
3607,B,E,3,A,"(2, 4, 8, 11)",V7,D,G#,A,450.875,223.0
3608,E,A,0,A,"(1, 4, 9)",I,A,C#,A,451.0,224.0
3609,E,A,1,A,"(1, 4, 9)",I,A,C#,A,451.125,224.0
3610,E,A,2,A,"(1, 4, 9)",I,A,C#,A,451.25,224.0
3611,E,A,2,A,"(1, 4, 9)",I,A,C#,A,451.375,224.0
3612,E,A,3,A,"(1, 4, 9)",I,A,C#,A,451.5,224.0
3613,E,A,3,A,"(1, 4, 9)",I,A,C#,A,451.625,224.0
3614,E,A,3,A,"(1, 4, 9)",I,A,C#,A,451.75,224.0
3615,E,A,3,A,"(1, 4, 9)",I,A,C#,A,451.875,224.0
3616,E,A,0,A,"(1, 4, 9)",I,A,C#,A,452.0,224.0
3617,E,A,1,A,"(1, 4, 9)",I,A,C#,A,452.125,224.0
3618,E,A,2,A,"(1, 4, 9)",I,A,C#,A,452.25,224.0
3619,E,E,2,A,"(1, 4, 9)",I,A,C#,A,452.375,224.0
3620,B,E,0,A,"(2, 4, 8, 11)",I,D,G#,A,452.5,224.0
3621,B,E,1,A,"(2, 4, 8, 11)",V7,D,G#,A,452.625,224.0
3622,B,E,3,A,"(2, 4, 8, 11)",V7,D,G#,A,452.75,224.0
3623,B,E,3,A,"(2, 4, 8, 11)",V7,D,G#,A,452.875,224.0
3624,E,A,0,A,"(1, 4, 9)",I,A,C#,A,453.0,225.0
3625,E,A,1,A,"(1, 4, 9)",I,A,C#,A,453.125,225.0
3626,E,A,2,A,"(1, 4, 9)",I,A,C#,A,453.25,225.0
3627,E,A,2,A,"(1, 4, 9)",I,A,C#,A,453.375,225.0
3628,E,A,3,A,"(1, 4, 9)",I,A,C#,A,453.5,225.0
3629,E,A,3,A,"(1, 4, 9)",I,A,C#,A,453.625,225.0
3630,E,A,3,A,"(1, 4, 9)",I,A,C#,A,453.75,225.0
3631,E,A,3,A,"(1, 4, 9)",I,A,C#,A,453.875,225.0
3632,E,A,0,A,"(2, 4, 8, 11)",V7,A,C#,A,454.0,225.0
3633,E,A,1,A,"(2, 4, 8, 11)",V7,A,C#,A,454.125,225.0
3634,E,A,2,A,"(2, 4, 8, 11)",V7,A,C#,A,454.25,225.0
3635,E,A,2,A,"(2, 4, 8, 11)",V7,A,C#,A,454.375,225.0
3636,B,E,3,A,"(2, 4, 8, 11)",V7,D,G#,A,454.5,225.0
3637,B,E,3,A,"(2, 4, 8, 11)",V7,D,G#,A,454.625,225.0
3638,B,E,3,A,"(2, 4, 8, 11)",V7,D,G#,A,454.75,225.0
3639,B,E,3,A,"(2, 4, 8, 11)",V7,D,G#,A,454.875,225.0
3640,E,A,0,A,"(1, 4, 9)",I,A,C#,A,455.0,226.0
3641,E,A,1,A,"(1, 4, 9)",I,A,C#,A,455.125,226.0
3642,E,A,2,A,"(1, 4, 9)",I,A,C#,A,455.25,226.0
3643,E,A,2,A,"(1, 4, 9)",I,A,C#,A,455.375,226.0
3644,E,A,3,A,"(1, 4, 9)",I,A,C#,A,455.5,226.0
3645,E,A,3,A,"(1, 4, 9)",I,A,C#,A,455.625,226.0
3646,E,A,3,A,"(1, 4, 9)",I,A,C#,A,455.75,226.0
3647,E,A,3,A,"(1, 4, 9)",I,A,C#,A,455.875,226.0
3648,E,E,0,A,"(1, 4, 9)",I,A,G#,A,456.0,226.0
3649,E,E,1,A,"(1, 4, 9)",I,D,G#,A,456.125,226.0
3650,E,E,2,A,"(1, 4, 9)",I,D,G#,A,456.25,226.0
3651,E,E,2,A,"(1, 4, 9)",I,D,G#,A,456.375,226.0
3652,B,E,0,A,"(2, 4, 8, 11)",V7,D,G#,A,456.5,226.0
3653,B,E,1,A,"(2, 4, 8, 11)",V7,D,G#,A,456.625,226.0
3654,B,E,3,A,"(2, 4, 8, 11)",V7,D,G#,A,456.75,226.0
3655,B,E,3,A,"(2, 4, 8, 11)",V7,D,G#,A,456.875,226.0
3656,E,A,0,A,"(1, 4, 9)",I,A,C#,A,457.0,227.0
3657,E,A,1,A,"(1, 4, 9)",I,A,C#,A,457.125,227.0
3658,E,A,2,A,"(1, 4, 9)",I,A,C#,A,457.25,227.0
3659,E,A,2,A,"(1, 4, 9)",I,A,C#,A,457.375,227.0
3660,E,A,3,A,"(1, 4, 9)",I,A,C#,A,457.5,227.0
3661,E,A,3,A,"(1, 4, 9)",I,A,C#,A,457.625,227.0
3662,E,A,3,A,"(1, 4, 9)",I,A,C#,A,457.75,227.0
3663,E,A,3,A,"(1, 4, 9)",I,A,C#,A,457.875,227.0
3664,E,A,0,A,"(2, 4, 8, 11)",V7,A,C#,A,458.0,227.0
3665,E,A,1,A,"(2, 4, 8, 11)",V7,A,C#,A,458.125,227.0
3666,E,A,2,A,"(2, 4, 8, 11)",V7,A,C#,A,458.25,227.0
3667,E,A,2,A,"(2, 4, 8, 11)",V7,A,C#,A,458.375,227.0
3668,B,E,3,A,"(2, 4, 8, 11)",V7,D,G#,A,458.5,227.0
3669,B,E,3,A,"(2, 4, 8, 11)",V7,D,G#,A,458.625,227.0
3670,B,E,3,A,"(2, 4, 8, 11)",V7,D,G#,A,458.75,227.0
3671,B,E,3,A,"(2, 4, 8, 11)",V7,D,G#,A,458.875,227.0
3672,E,A,0,A,"(1, 4, 9)",I,A,C#,A,459.0,228.0
3673,E,A,1,A,"(1, 4, 9)",I,A,C#,A,459.125,228.0
3674,E,A,2,A,"(1, 4, 9)",I,A,C#,A,459.25,228.0
3675,E,A,2,A,"(1, 4, 9)",I,A,C#,A,459.375,228.0
3676,E,A,3,A,"(1, 4, 9)",I,A,C#,A,459.5,228.0
3677,E,A,3,A,"(1, 4, 9)",I,A,C#,A,459.625,228.0
3678,E,A,3,A,"(1, 4, 9)",I,A,C#,A,459.75,228.0
3679,E,A,3,A,"(1, 4, 9)",I,A,C#,A,459.875,228.0
3680,E,A,4,A,"(1, 4, 9)",I,A,C#,A,460.0,228.0
3681,E,A,4,A,"(1, 4, 9)",I,A,C#,A,460.125,228.0
3682,E,A,4,A,"(1, 4, 9)",I,A,C#,A,460.25,228.0
3683,E,A,4,A,"(1, 4, 9)",I,A,C#,A,460.375,228.0
3684,E,A,4,A,"(1, 4, 9)",I,A,C#,A,460.5,228.0
3685,E,A,4,A,"(1, 4, 9)",I,A,C#,A,460.625,228.0
3686,E,A,4,A,"(1, 4, 9)",I,A,C#,A,460.75,228.0
3687,E,A,4,A,"(1, 4, 9)",I,A,C#,A,460.875,228.0
3688,E,A,0,A,"(1, 4, 9)",I,A,C#,A,461.0,229.0
3689,E,A,1,A,"(1, 4, 9)",I,A,C#,A,461.125,229.0
3690,E,A,2,A,"(1, 4, 9)",I,A,C#,A,461.25,229.0
3691,E,A,2,A,"(1, 4, 9)",I,A,C#,A,461.375,229.0
3692,E,A,3,A,"(1, 4, 9)",I,A,C#,A,461.5,229.0
3693,E,A,3,A,"(1, 4, 9)",I,A,C#,A,461.625,229.0
3694,E,A,3,A,"(1, 4, 9)",I,A,C#,A,461.75,229.0
3695,E,A,3,A,"(1, 4, 9)",I,A,C#,A,461.875,229.0
3696,E,A,4,A,"(1, 4, 9)",I,A,C#,A,462.0,229.0
3697,E,A,4,A,"(1, 4, 9)",I,A,C#,A,462.125,229.0
3698,E,A,4,A,"(1, 4, 9)",I,A,C#,A,462.25,229.0
3699,E,A,4,A,"(1, 4, 9)",I,A,C#,A,462.375,229.0
3700,B,E,0,A,"(4, 8, 11)",I,E,G#,A,462.5,229.0
3701,B,E,1,A,"(4, 8, 11)",I,E,G#,A,462.625,229.0
3702,B,E,2,A,"(4, 8, 11)",I,E,G#,A,462.75,229.0
3703,B,E,2,A,"(4, 8, 11)",I,E,G#,A,462.875,229.0
3704,E,A,0,a,"(0, 4, 9)",i,A,C,a,463.0,230.0
3705,E,A,1,a,"(0, 4, 9)",i,A,C,a,463.125,230.0
3706,E,A,2,a,"(0, 4, 9)",i,A,C,a,463.25,230.0
3707,E,A,2,a,"(0, 4, 9)",i,A,C,a,463.375,230.0
3708,E,A,3,a,"(0, 4, 9)",i,A,C,a,463.5,230.0
3709,E,A,3,a,"(0, 4, 9)",i,A,C,a,463.625,230.0
3710,E,A,3,a,"(0, 4, 9)",i,A,C,a,463.75,230.0
3711,E,A,3,a,"(0, 4, 9)",i,A,C,a,463.875,230.0
3712,E,A,4,a,"(0, 4, 9)",i,A,C,a,464.0,230.0
3713,E,A,4,a,"(0, 4, 9)",i,A,C,a,464.125,230.0
3714,E,A,4,a,"(0, 4, 9)",i,A,C,a,464.25,230.0
3715,E,A,4,a,"(0, 4, 9)",i,A,C,a,464.375,230.0
3716,E,A,4,a,"(0, 4, 9)",i,A,C,a,464.5,230.0
3717,E,A,4,a,"(0, 4, 9)",i,A,C,a,464.625,230.0
3718,E,A,4,a,"(0, 4, 9)",i,A,C,a,464.75,230.0
3719,E,A,4,a,"(0, 4, 9)",i,A,C,a,464.875,230.0
3720,E,G#,0,a,"(4, 8, 11)",V,E,B,a,465.0,231.0
3721,E,G#,1,a,"(4, 8, 11)",V,E,B,a,465.125,231.0
3722,E,G#,2,a,"(4, 8, 11)",V,E,B,a,465.25,231.0
3723,E,G#,2,a,"(4, 8, 11)",V,E,B,a,465.375,231.0
3724,E,G#,3,a,"(4, 8, 11)",V,E,B,a,465.5,231.0
3725,E,G#,3,a,"(4, 8, 11)",V,E,B,a,465.625,231.0
3726,E,G#,3,a,"(4, 8, 11)",V,E,B,a,465.75,231.0
3727,E,G#,3,a,"(4, 8, 11)",V,E,B,a,465.875,231.0
3728,E,G#,4,a,"(4, 8, 11)",V,E,B,a,466.0,231.0
3729,E,G#,4,a,"(4, 8, 11)",V,E,B,a,466.125,231.0
3730,E,G#,4,a,"(4, 8, 11)",V,E,B,a,466.25,231.0
3731,E,G#,4,a,"(4, 8, 11)",V,E,B,a,466.375,231.0
3732,E,G#,4,a,"(4, 8, 11)",V7,F,B,a,466.5,231.0
3733,E,G#,4,a,"(4, 8, 11)",V7,F,B,a,466.625,231.0
3734,E,G#,4,a,"(4, 8, 11)",V7,F,B,a,466.75,231.0
3735,E,G#,4,a,"(4, 8, 11)",V7,F,B,a,466.875,231.0
3736,E,A,0,a,"(0, 4, 9)",i,A,C,a,467.0,232.0
3737,E,A,1,a,"(0, 4, 9)",i,A,C,a,467.125,232.0
3738,E,A,2,a,"(0, 4, 9)",i,A,C,a,467.25,232.0
3739,E,A,2,a,"(0, 4, 9)",i,A,C,a,467.375,232.0
3740,E,A,3,a,"(0, 4, 9)",i,A,C,a,467.5,232.0
3741,E,A,3,a,"(0, 4, 9)",i,A,C,a,467.625,232.0
3742,E,A,3,a,"(0, 4, 9)",i,A,C,a,467.75,232.0
3743,E,A,3,a,"(0, 4, 9)",i,A,C,a,467.875,232.0
3744,E,A,4,a,"(0, 4, 9)",i,A,C,a,468.0,232.0
3745,E,A,4,a,"(0, 4, 9)",i,A,C,a,468.125,232.0
3746,E,A,4,a,"(0, 4, 9)",i,A,C,a,468.25,232.0
3747,E,A,4,a,"(0, 4, 9)",i,A,C,a,468.375,232.0
3748,E,A,4,a,"(0, 4, 9)",i,A,C,a,468.5,232.0
3749,E,A,4,a,"(0, 4, 9)",i,A,C,a,468.625,232.0
3750,E,A,4,a,"(0, 4, 9)",i,A,C,a,468.75,232.0
3751,E,A,4,a,"(0, 4, 9)",i,A,C,a,468.875,232.0
3752,B,E,0,a,"(4, 8, 11)",V,E,G#,a,469.0,233.0
3753,B,E,1,a,"(4, 8, 11)",V,E,G#,a,469.125,233.0
3754,B,E,2,a,"(4, 8, 11)",V,E,G#,a,469.25,233.0
3755,B,E,2,a,"(4, 8, 11)",V,E,G#,a,469.375,233.0
3756,B,E,3,a,"(4, 8, 11)",V,E,G#,a,469.5,233.0
3757,B,E,3,a,"(4, 8, 11)",V,E,G#,a,469.625,233.0
3758,B,E,3,a,"(4, 8, 11)",V,E,G#,a,469.75,233.0
3759,B,E,3,a,"(4, 8, 11)",V,E,G#,a,469.875,233.0
3760,B,E,4,a,"(4, 8, 11)",V,E,G#,a,470.0,233.0
3761,B,E,4,a,"(4, 8, 11)",V,E,G#,a,470.125,233.0
3762,B,E,4,a,"(4, 8, 11)",V,E,G#,a,470.25,233.0
3763,B,E,4,a,"(4, 8, 11)",V,E,G#,a,470.375,233.0
3764,B,E,4,a,"(4, 8, 11)",V,E,G#,a,470.5,233.0
3765,B,E,4,a,"(4, 8, 11)",V,E,G#,a,470.625,233.0
3766,B,E,4,a,"(4, 8, 11)",V,E,G#,a,470.75,233.0
3767,B,E,4,a,"(4, 8, 11)",V,E,G#,a,470.875,233.0
3768,E,A,0,a,"(0, 4, 9)",i,A,C,a,471.0,234.0
3769,E,A,1,a,"(0, 4, 9)",i,A,C,a,471.125,234.0
3770,E,A,2,a,"(0, 4, 9)",i,A,C,a,471.25,234.0
3771,E,A,2,a,"(0, 4, 9)",i,A,C,a,471.375,234.0
3772,E,A,3,a,"(0, 4, 9)",i,A,C,a,471.5,234.0
3773,E,A,3,a,"(0, 4, 9)",i,A,C,a,471.625,234.0
3774,E,A,3,a,"(0, 4, 9)",i,A,C,a,471.75,234.0
3775,E,A,3,a,"(0, 4, 9)",i,A,C,a,471.875,234.0
3776,E,A,4,a,"(0, 4, 9)",i,A,C,a,472.0,234.0
3777,E,A,4,a,"(0, 4, 9)",i,A,C,a,472.125,234.0
3778,E,A,4,a,"(0, 4, 9)",i,A,C,a,472.25,234.0
3779,E,A,4,a,"(0, 4, 9)",i,A,C,a,472.375,234.0
3780,E,A,4,a,"(0, 4, 9)",i,A,C,a,472.5,234.0
3781,E,A,4,a,"(0, 4, 9)",i,A,C,a,472.625,234.0
3782,E,A,4,a,"(0, 4, 9)",i,A,C,a,472.75,234.0
3783,E,A,4,a,"(0, 4, 9)",i,A,C,a,472.875,234.0
3784,E,G#,0,a,"(4, 8, 11)",V,E,B,a,473.0,235.0
3785,E,G#,1,a,"(4, 8, 11)",V,E,B,a,473.125,235.0
3786,E,G#,2,a,"(4, 8, 11)",V,E,B,a,473.25,235.0
3787,E,G#,2,a,"(4, 8, 11)",V,E,B,a,473.375,235.0
3788,E,G#,3,a,"(4, 8, 11)",V,E,B,a,473.5,235.0
3789,E,G#,3,a,"(4, 8, 11)",V,E,B,a,473.625,235.0
3790,E,G#,3,a,"(4, 8, 11)",V,E,B,a,473.75,235.0
3791,E,G#,3,a,"(4, 8, 11)",V,E,B,a,473.875,235.0
3792,E,G#,4,a,"(4, 8, 11)",V,E,B,a,474.0,235.0
3793,E,G#,4,a,"(4, 8, 11)",V,E,B,a,474.125,235.0
3794,E,G#,4,a,"(4, 8, 11)",V,E,B,a,474.25,235.0
3795,E,G#,4,a,"(4, 8, 11)",V,E,B,a,474.375,235.0
3796,E,G#,4,a,"(4, 8, 11)",V7,F,B,a,474.5,235.0
3797,E,G#,4,a,"(4, 8, 11)",V7,F,B,a,474.625,235.0
3798,E,G#,4,a,"(4, 8, 11)",V7,F,B,a,474.75,235.0
3799,E,G#,4,a,"(4, 8, 11)",V7,F,B,a,474.875,235.0
3800,E,A,0,a,"(0, 4, 9)",i,A,C,a,475.0,236.0
3801,E,A,1,a,"(0, 4, 9)",i,A,C,a,475.125,236.0
3802,E,A,2,a,"(0, 4, 9)",i,A,C,a,475.25,236.0
3803,E,A,2,a,"(0, 4, 9)",i,A,C,a,475.375,236.0
3804,E,A,3,a,"(0, 4, 9)",i,A,C,a,475.5,236.0
3805,E,A,3,a,"(0, 4, 9)",i,A,C,a,475.625,236.0
3806,E,A,3,a,"(0, 4, 9)",i,A,C,a,475.75,236.0
3807,E,A,3,a,"(0, 4, 9)",i,A,C,a,475.875,236.0
3808,E,A,4,a,"(0, 4, 9)",i,A,C,a,476.0,236.0
3809,E,A,4,a,"(0, 4, 9)",i,A,C,a,476.125,236.0
3810,E,A,4,a,"(0, 4, 9)",i,A,C,a,476.25,236.0
3811,E,A,4,a,"(0, 4, 9)",i,A,C,a,476.375,236.0
3812,E,A,4,a,"(0, 4, 9)",i,A,C,a,476.5,236.0
3813,E,A,4,a,"(0, 4, 9)",i,A,C,a,476.625,236.0
3814,E,A,4,a,"(0, 4, 9)",i,A,C,a,476.75,236.0
3815,E,A,4,a,"(0, 4, 9)",i,A,C,a,476.875,236.0
3816,B,E,0,a,"(4, 8, 11)",V,E,G#,a,477.0,237.0
3817,B,E,1,a,"(4, 8, 11)",V,E,G#,a,477.125,237.0
3818,B,E,2,a,"(4, 8, 11)",V,E,G#,a,477.25,237.0
3819,B,E,2,a,"(4, 8, 11)",V,E,G#,a,477.375,237.0
3820,B,E,3,a,"(4, 8, 11)",V,E,G#,a,477.5,237.0
3821,B,E,3,a,"(4, 8, 11)",V,E,G#,a,477.625,237.0
3822,B,E,3,a,"(4, 8, 11)",V,E,G#,a,477.75,237.0
3823,B,E,3,a,"(4, 8, 11)",V,E,G#,a,477.875,237.0
3824,B,E,4,a,"(4, 8, 11)",V,E,G#,a,478.0,237.0
3825,B,E,4,a,"(4, 8, 11)",V,E,G#,a,478.125,237.0
3826,B,E,4,a,"(4, 8, 11)",V,E,G#,a,478.25,237.0
3827,B,E,4,a,"(4, 8, 11)",V,E,G#,a,478.375,237.0
3828,B,E,4,a,"(4, 8, 11)",V,E,G#,a,478.5,237.0
3829,B,E,4,a,"(4, 8, 11)",V,E,G#,a,478.625,237.0
3830,B,E,4,a,"(4, 8, 11)",V,E,G#,a,478.75,237.0
3831,B,E,4,a,"(4, 8, 11)",V,E,G#,a,478.875,237.0
3832,B,D#,0,a,"(3, 6, 11)",V,B,F#,E,479.0,238.0
3833,B,D#,1,a,"(3, 6, 11)",V,B,F#,E,479.125,238.0
3834,B,D#,2,a,"(3, 6, 11)",V,B,F#,E,479.25,238.0
3835,B,D#,2,a,"(3, 6, 11)",V,B,F#,E,479.375,238.0
3836,B,D#,3,a,"(3, 6, 11)",V,B,F#,E,479.5,238.0
3837,B,D#,3,a,"(3, 6, 11)",V,B,F#,E,479.625,238.0
3838,B,D#,3,a,"(3, 6, 11)",V,B,F#,E,479.75,238.0
3839,B,D#,3,a,"(3, 6, 11)",i,B,F#,e,479.875,238.0
3840,B,D#,0,e,"(3, 6, 11)",V,B,F#,e,480.0,238.0
3841,B,D#,1,e,"(3, 6, 11)",V,B,F#,e,480.125,238.0
3842,B,D#,2,e,"(3, 6, 11)",V,B,F#,e,480.25,238.0
3843,B,D#,2,e,"(3, 6, 11)",V,B,F#,e,480.375,238.0
3844,B,D#,3,e,"(3, 6, 11)",V,B,F#,e,480.5,238.0
3845,B,D#,3,e,"(3, 6, 11)",V,B,F#,e,480.625,238.0
3846,B,D#,3,e,"(3, 6, 11)",V,B,F#,e,480.75,238.0
3847,B,D#,3,e,"(3, 6, 11)",V,B,F#,e,480.875,238.0
3848,B,E,0,e,"(4, 7, 11)",i,E,G,e,481.0,239.0
3849,B,E,1,e,"(4, 7, 11)",i,E,G,e,481.125,239.0
3850,B,E,2,e,"(4, 7, 11)",i,E,G,e,481.25,239.0
3851,B,E,2,e,"(4, 7, 11)",i,E,G,e,481.375,239.0
3852,B,E,3,e,"(4, 7, 11)",i,E,G,e,481.5,239.0
3853,B,E,3,e,"(4, 7, 11)",i,E,G,e,481.625,239.0
3854,B,E,3,e,"(4, 7, 11)",i,E,G,e,481.75,239.0
3855,B,E,3,e,"(4, 7, 11)",i,E,G,e,481.875,239.0
3856,B,E,4,e,"(4, 7, 11)",i,E,G,e,482.0,239.0
3857,B,E,4,e,"(4, 7, 11)",i,E,G,e,482.125,239.0
3858,B,E,4,e,"(4, 7, 11)",i,E,G,e,482.25,239.0
3859,B,E,4,e,"(4, 7, 11)",i,E,G,e,482.375,239.0
3860,B,E,4,e,"(4, 7, 11)",i,E,G,e,482.5,239.0
3861,B,E,4,e,"(4, 7, 11)",i,E,G,e,482.625,239.0
3862,B,E,4,e,"(4, 7, 11)",i,E,G,e,482.75,239.0
3863,B,E,4,e,"(4, 7, 11)",i,E,G,e,482.875,239.0
3864,B,D#,0,e,"(3, 6, 11)",V,B,F#,e,483.0,240.0
3865,B,D#,1,e,"(3, 6, 11)",V,B,F#,e,483.125,240.0
3866,B,D#,2,e,"(3, 6, 11)",V,B,F#,e,483.25,240.0
3867,B,D#,2,e,"(3, 6, 11)",V,B,F#,e,483.375,240.0
3868,B,D#,3,e,"(3, 6, 11)",V,B,F#,e,483.5,240.0
3869,B,D#,3,e,"(3, 6, 11)",V,B,F#,e,483.625,240.0
3870,B,D#,3,e,"(3, 6, 11)",V,B,F#,e,483.75,240.0
3871,B,D#,3,e,"(3, 6, 11)",V,B,F#,e,483.875,240.0
3872,B,D#,4,e,"(3, 6, 11)",V,B,F#,e,484.0,240.0
3873,B,D#,4,e,"(3, 6, 11)",V,B,F#,e,484.125,240.0
3874,B,D#,4,e,"(3, 6, 11)",V,B,F#,e,484.25,240.0
3875,B,D#,4,e,"(3, 6, 11)",V,B,F#,e,484.375,240.0
3876,B,D#,4,e,"(3, 6, 11)",V,B,F#,e,484.5,240.0
3877,B,D#,4,e,"(3, 6, 11)",V,B,F#,e,484.625,240.0
3878,B,D#,4,e,"(3, 6, 11)",V,B,F#,e,484.75,240.0
3879,B,D#,4,e,"(3, 6, 11)",V,B,F#,e,484.875,240.0
3880,B,E,0,e,"(4, 7, 11)",i,E,G,e,485.0,241.0
3881,B,E,1,e,"(4, 7, 11)",i,E,G,e,485.125,241.0
3882,B,E,2,e,"(4, 7, 11)",i,E,G,e,485.25,241.0
3883,B,E,2,e,"(4, 7, 11)",i,E,G,e,485.375,241.0
3884,B,E,3,e,"(4, 7, 11)",i,E,G,e,485.5,241.0
3885,B,E,3,e,"(4, 7, 11)",i,E,G,e,485.625,241.0
3886,B,E,3,e,"(4, 7, 11)",i,E,G,e,485.75,241.0
3887,B,E,3,e,"(4, 7, 11)",i,E,G,e,485.875,241.0
3888,B,E,4,e,"(4, 7, 11)",i,E,G,e,486.0,241.0
3889,B,E,4,e,"(4, 7, 11)",i,E,G,e,486.125,241.0
3890,B,E,4,e,"(4, 7, 11)",i,E,G,e,486.25,241.0
3891,B,E,4,e,"(4, 7, 11)",i,E,G,e,486.375,241.0
3892,B,E,4,e,"(4, 7, 11)",i,E,G,e,486.5,241.0
3893,B,E,4,e,"(4, 7, 11)",i,E,G,e,486.625,241.0
3894,B,E,4,e,"(4, 7, 11)",i,E,G,e,486.75,241.0
3895,B,E,4,e,"(4, 7, 11)",i,E,G,e,486.875,241.0
3896,E,A,0,e,"(0, 4, 9)",iv,A,C,e,487.0,242.0
3897,E,A,1,e,"(0, 3, 6, 9)",iv,A,C,e,487.125,242.0
3898,E,A,2,e,"(0, 3, 6, 9)",iv,A,C,e,487.25,242.0
3899,E,A,2,e,"(0, 3, 6, 9)",iv,A,C,e,487.375,242.0
3900,E,A,3,e,"(0, 3, 6, 9)",iio,A,C,e,487.5,242.0
3901,E,A,3,e,"(0, 3, 6, 9)",iio,A,C,e,487.625,242.0
3902,E,A,3,e,"(0, 3, 6, 9)",iio,A,C,e,487.75,242.0
3903,E,A,3,e,"(0, 3, 6, 9)",iio,A,C,e,487.875,242.0
3904,D#,A,4,e,"(0, 3, 6, 9)",viio7,F#,C,e,488.0,242.0
3905,D#,A,4,e,"(0, 3, 6, 9)",viio7,F#,C,e,488.125,242.0
3906,D#,A,4,e,"(0, 3, 6, 9)",viio7,F#,C,e,488.25,242.0
3907,D#,A,4,e,"(0, 3, 6, 9)",viio7,F#,C,e,488.375,242.0
3908,D#,A,4,e,"(0, 3, 6, 9)",viio7,D#,C,e,488.5,242.0
3909,D#,A,4,e,"(0, 3, 6, 9)",viio7,F#,C,e,488.625,242.0
3910,D#,A,4,e,"(0, 3, 6, 9)",viio7,D#,C,e,488.75,242.0
3911,D#,A,4,e,"(0, 3, 6, 9)",viio7,F#,C,e,488.875,242.0
3912,E,G,0,e,"(4, 7, 11)",i,E,B,e,489.0,243.0
3913,E,G,1,e,"(4, 7, 11)",i,E,B,e,489.125,243.0
3914,E,G,2,e,"(4, 7, 11)",i,E,B,e,489.25,243.0
3915,E,G,2,e,"(4, 7, 11)",i,E,B,e,489.375,243.0
3916,E,G,3,e,"(4, 7, 11)",i,E,B,e,489.5,243.0
3917,E,G,3,e,"(4, 7, 11)",i,E,B,e,489.625,243.0
3918,E,G,3,e,"(4, 7, 11)",i,E,B,e,489.75,243.0
3919,E,G,3,e,"(4, 7, 11)",i,E,B,e,489.875,243.0
3920,E,G,4,e,"(4, 7, 11)",i,E,B,e,490.0,243.0
3921,E,G,4,e,"(4, 7, 11)",i,E,B,e,490.125,243.0
3922,E,G,4,e,"(4, 7, 11)",i,E,B,e,490.25,243.0
3923,E,G,4,e,"(4, 7, 11)",i,E,B,e,490.375,243.0
3924,E,G,4,e,"(4, 7, 11)",i,E,B,e,490.5,243.0
3925,E,G,4,e,"(4, 7, 11)",i,E,B,e,490.625,243.0
3926,E,G,4,e,"(4, 7, 11)",i,E,B,e,490.75,243.0
3927,E,G,4,e,"(4, 7, 11)",i,E,B,e,490.875,243.0
3928,E,A,0,e,"(0, 4, 9)",iio,A,C,e,491.0,244.0
3929,E,A,1,e,"(0, 3, 6, 9)",iio,A,C,e,491.125,244.0
3930,E,A,2,e,"(0, 3, 6, 9)",iio,A,C,e,491.25,244.0
3931,E,A,2,e,"(0, 3, 6, 9)",iio,A,C,e,491.375,244.0
3932,E,A,3,e,"(0, 3, 6, 9)",iio,A,C,e,491.5,244.0
3933,E,A,3,e,"(0, 3, 6, 9)",iio,A,C,e,491.625,244.0
3934,E,A,3,e,"(0, 3, 6, 9)",iio,A,C,e,491.75,244.0
3935,E,A,3,e,"(0, 3, 6, 9)",iio,A,C,e,491.875,244.0
3936,D#,A,4,e,"(0, 3, 6, 9)",viio7,F#,C,e,492.0,244.0
3937,D#,A,4,e,"(0, 3, 6, 9)",viio7,F#,C,e,492.125,244.0
3938,D#,A,4,e,"(0, 3, 6, 9)",viio7,F#,C,e,492.25,244.0
3939,D#,A,4,e,"(0, 3, 6, 9)",viio7,F#,C,e,492.375,244.0
3940,D#,A,4,e,"(0, 3, 6, 9)",viio7,F#,C,e,492.5,244.0
3941,D#,A,4,e,"(0, 3, 6, 9)",viio7,F#,C,e,492.625,244.0
3942,D#,A,4,e,"(0, 3, 6, 9)",viio7,F#,C,e,492.75,244.0
3943,D#,A,4,e,"(0, 3, 6, 9)",viio7,F#,C,e,492.875,244.0
3944,E,G,0,e,"(4, 7, 11)",i,E,B,e,493.0,245.0
3945,E,G,1,e,"(4, 7, 11)",i,E,B,e,493.125,245.0
3946,E,G,2,e,"(4, 7, 11)",i,E,B,e,493.25,245.0
3947,E,G,2,e,"(4, 7, 11)",i,E,B,e,493.375,245.0
3948,E,G,3,e,"(4, 7, 11)",i,E,B,e,493.5,245.0
3949,E,G,3,e,"(4, 7, 11)",i,E,B,e,493.625,245.0
3950,E,G,3,e,"(4, 7, 11)",i,E,B,e,493.75,245.0
3951,E,G,3,e,"(4, 7, 11)",i,E,B,e,493.875,245.0
3952,B,E,0,e,"(4, 7, 11)",i,E,G,e,494.0,245.0
3953,B,E,1,e,"(4, 7, 11)",i,E,G,e,494.125,245.0
3954,B,E,4,e,"(4, 7, 11)",i,E,G,e,494.25,245.0
3955,B,E,4,e,"(4, 7, 11)",i,E,G,e,494.375,245.0
3956,B,E,4,e,"(4, 7, 11)",i,E,G,e,494.5,245.0
3957,E,E,4,e,"(4, 7, 11)",i,E,G,e,494.625,245.0
3958,E,E,4,e,"(4, 7, 11)",i,E,G,e,494.75,245.0
3959,E,E,4,e,"(4, 7, 11)",i,E,B,e,494.875,245.0
3960,E,A,0,e,"(0, 4, 9)",iio,A,C,e,495.0,246.0
3961,E,A,1,e,"(0, 4, 9)",iv,A,C,e,495.125,246.0
3962,E,A,2,e,"(0, 4, 9)",iio,A,C,e,495.25,246.0
3963,E,A,2,e,"(0, 4, 9)",iio,A,C,e,495.375,246.0
3964,E,A,3,e,"(0, 3, 6, 9)",iio,A,C,e,495.5,246.0
3965,E,A,3,e,"(0, 3, 6, 9)",iio,A,C,e,495.625,246.0
3966,E,A,3,e,"(0, 3, 6, 9)",iio,A,C,e,495.75,246.0
3967,E,A,3,e,"(0, 3, 6, 9)",iio,A,C,e,495.875,246.0
3968,D#,A,4,e,"(0, 3, 6, 9)",viio7,F#,C,e,496.0,246.0
3969,D#,A,4,e,"(0, 3, 6, 9)",viio7,F#,C,e,496.125,246.0
3970,D#,A,4,e,"(0, 3, 6, 9)",viio7,F#,C,e,496.25,246.0
3971,D#,A,4,e,"(0, 3, 6, 9)",viio7,F#,C,e,496.375,246.0
3972,D#,A,4,e,"(0, 3, 6, 9)",viio7,F#,C,e,496.5,246.0
3973,D#,A,4,e,"(0, 3, 6, 9)",viio7,F#,C,e,496.625,246.0
3974,D#,A,4,e,"(0, 3, 6, 9)",viio7,F#,C,e,496.75,246.0
3975,D#,A,4,e,"(0, 3, 6, 9)",viio7,F#,C,e,496.875,246.0
3976,E,G,0,e,"(4, 7, 11)",i,E,B,e,497.0,247.0
3977,E,G,1,e,"(4, 7, 11)",i,E,B,e,497.125,247.0
3978,E,G,2,e,"(4, 7, 11)",i,E,B,e,497.25,247.0
3979,E,G,2,e,"(4, 7, 11)",i,E,B,e,497.375,247.0
3980,E,G,3,e,"(4, 7, 11)",i,E,B,e,497.5,247.0
3981,E,G,3,e,"(4, 7, 11)",i,E,B,e,497.625,247.0
3982,E,G,3,e,"(4, 7, 11)",i,E,B,e,497.75,247.0
3983,E,G,3,e,"(4, 7, 11)",i,E,B,e,497.875,247.0
3984,E,G,4,e,"(4, 7, 11)",i,E,B,e,498.0,247.0
3985,E,G,4,e,"(4, 7, 11)",i,E,B,e,498.125,247.0
3986,E,G,4,e,"(4, 7, 11)",i,E,B,e,498.25,247.0
3987,E,G,4,e,"(4, 7, 11)",i,E,B,e,498.375,247.0
3988,E,G,4,e,"(4, 7, 11)",i,E,B,e,498.5,247.0
3989,E,G,4,e,"(4, 7, 11)",i,E,B,e,498.625,247.0
3990,E,G,4,e,"(4, 7, 11)",i,E,B,e,498.75,247.0
3991,E,G,4,e,"(4, 7, 11)",i,E,B,e,498.875,247.0
3992,E,A,0,e,"(0, 4, 9)",iv,A,C,e,499.0,248.0
3993,E,A,1,e,"(0, 3, 6, 9)",iv,A,C,e,499.125,248.0
3994,E,A,2,e,"(0, 3, 6, 9)",iv,A,C,e,499.25,248.0
3995,E,A,2,e,"(0, 3, 6, 9)",iv,A,C,e,499.375,248.0
3996,E,A,3,e,"(0, 3, 6, 9)",iv,A,C,e,499.5,248.0
3997,E,A,3,e,"(0, 3, 6, 9)",iv,A,C,e,499.625,248.0
3998,E,A,3,e,"(0, 3, 6, 9)",iv,A,C,e,499.75,248.0
3999,E,A,3,e,"(0, 3, 6, 9)",iv,A,C,e,499.875,248.0
4000,D#,A,0,e,"(0, 3, 6, 9)",viio7,F#,C,e,500.0,248.0
4001,D#,A,1,e,"(0, 3, 6, 9)",viio7,F#,C,e,500.125,248.0
4002,D#,A,2,e,"(0, 3, 6, 9)",viio7,F#,C,e,500.25,248.0
4003,D#,A,2,e,"(0, 3, 6, 9)",viio7,F#,C,e,500.375,248.0
4004,D#,F#,3,e,"(0, 3, 6, 9)",viio7,F#,A,e,500.5,248.0
4005,D#,F#,3,e,"(0, 3, 6, 9)",viio7,F#,A,e,500.625,248.0
4006,D#,F#,3,e,"(0, 3, 6, 9)",viio7,F#,A,e,500.75,248.0
4007,D#,F#,3,e,"(0, 3, 6, 9)",viio7,F#,A,e,500.875,248.0
4008,E,A#,0,e,"(1, 4, 7, 10)",viio7,E,E,e,501.0,249.0
4009,E,A#,1,e,"(1, 4, 7, 10)",viio7,E,E,e,501.125,249.0
4010,E,A#,2,e,"(1, 4, 7, 10)",viio7,E,E,e,501.25,249.0
4011,E,A#,2,e,"(1, 4, 7, 10)",viio7,E,E,e,501.375,249.0
4012,E,G,3,e,"(4, 7, 11)",i,E,B,e,501.5,249.0
4013,E,G,3,e,"(4, 7, 11)",V7,E,B,e,501.625,249.0
4014,E,G,3,e,"(4, 7, 11)",V7,E,B,e,501.75,249.0
4015,E,G,3,e,"(4, 7, 11)",V7,E,B,e,501.875,249.0
4016,F#,B,0,e,"(3, 6, 9, 11)",V,B,D#,e,502.0,249.0
4017,F#,B,1,e,"(3, 6, 9, 11)",V,B,D#,e,502.125,249.0
4018,F#,B,2,e,"(3, 6, 9, 11)",V,B,D#,e,502.25,249.0
4019,F#,B,2,e,"(3, 6, 9, 11)",V,B,D#,e,502.375,249.0
4020,F#,F#,0,e,"(3, 6, 9)",viio,D#,D#,e,502.5,249.0
4021,F#,F#,1,e,"(3, 6, 9)",viio,D#,D#,e,502.625,249.0
4022,F#,F#,2,e,"(3, 6, 9)",viio,D#,D#,e,502.75,249.0
4023,F#,F#,2,e,"(3, 6, 9)",viio,D#,D#,e,502.875,249.0
4024,B,B,0,e,"(4, 7, 11)",i,E,E,e,503.0,250.0
4025,B,B,1,e,"(4, 7, 11)",i,E,E,e,503.125,250.0
4026,B,B,2,e,"(4, 7, 11)",i,E,E,e,503.25,250.0
4027,B,B,2,e,"(4, 7, 11)",i,E,E,e,503.375,250.0
4028,B,E,3,e,"(4, 7, 11)",i,E,G,e,503.5,250.0
4029,B,E,3,e,"(4, 7, 11)",i,E,G,e,503.625,250.0
4030,B,E,3,e,"(4, 7, 11)",i,E,G,e,503.75,250.0
4031,B,E,3,e,"(4, 7, 11)",i,E,G,e,503.875,250.0
4032,F#,B,0,e,"(3, 6, 9, 11)",V,B,D#,e,504.0,250.0
4033,F#,B,1,e,"(3, 6, 9, 11)",V,B,D#,e,504.125,250.0
4034,F#,B,2,e,"(3, 6, 9, 11)",V,B,D#,e,504.25,250.0
4035,F#,B,2,e,"(3, 6, 9, 11)",V,B,D#,e,504.375,250.0
4036,F#,F#,0,e,"(3, 6, 9)",viio,D#,D#,e,504.5,250.0
4037,F#,F#,1,e,"(3, 6, 9)",viio,D#,D#,e,504.625,250.0
4038,F#,F#,2,e,"(3, 6, 9)",viio,D#,D#,e,504.75,250.0
4039,F#,F#,2,e,"(3, 6, 9)",viio,D#,D#,e,504.875,250.0
4040,G,B,0,e,"(4, 7, 11)",i,E,E,e,505.0,251.0
4041,G,B,1,e,"(4, 7, 11)",i,E,E,e,505.125,251.0
4042,G,B,2,e,"(4, 7, 11)",i,E,E,e,505.25,251.0
4043,G,B,2,e,"(4, 7, 11)",i,E,E,e,505.375,251.0
4044,G,B,3,e,"(4, 7, 11)",i,E,E,e,505.5,251.0
4045,G,B,3,e,"(4, 7, 11)",i,E,E,e,505.625,251.0
4046,G,B,3,e,"(4, 7, 11)",i,E,E,e,505.75,251.0
4047,G,B,3,e,"(4, 7, 11)",i,E,E,e,505.875,251.0
4048,G,B,4,e,"(4, 7, 11)",i,E,E,e,506.0,251.0
4049,G,B,4,e,"(4, 7, 11)",i,E,E,e,506.125,251.0
4050,G,B,4,e,"(4, 7, 11)",i,E,E,e,506.25,251.0
4051,G,B,4,e,"(4, 7, 11)",i,E,E,e,506.375,251.0
4052,G,B,4,e,"(4, 7, 11)",i,E,E,e,506.5,251.0
4053,G,B,4,e,"(4, 7, 11)",i,E,E,e,506.625,251.0
4054,G,B,4,e,"(4, 7, 11)",i,E,E,e,506.75,251.0
4055,G,B,4,e,"(4, 7, 11)",i,E,E,e,506.875,251.0
4056,F#,B,0,e,"(3, 6, 9, 11)",V,B,D#,e,507.0,252.0
4057,F#,B,1,e,"(3, 6, 9, 11)",V7,B,D#,e,507.125,252.0
4058,F#,B,2,e,"(3, 6, 9, 11)",V7,B,D#,e,507.25,252.0
4059,F#,B,2,e,"(3, 6, 9, 11)",V7,B,D#,e,507.375,252.0
4060,F#,B,3,e,"(3, 6, 9, 11)",V7,B,D#,e,507.5,252.0
4061,F#,B,3,e,"(3, 6, 9, 11)",V7,B,D#,e,507.625,252.0
4062,F#,B,3,e,"(3, 6, 9, 11)",V7,B,D#,e,507.75,252.0
4063,F#,B,3,e,"(3, 6, 9, 11)",V7,B,D#,e,507.875,252.0
4064,F#,B,4,e,"(3, 6, 9, 11)",V7,A,D#,e,508.0,252.0
4065,F#,B,4,e,"(3, 6, 9, 11)",V7,A,D#,e,508.125,252.0
4066,F#,B,4,e,"(3, 6, 9, 11)",V7,A,D#,e,508.25,252.0
4067,F#,B,4,e,"(3, 6, 9, 11)",V7,A,D#,e,508.375,252.0
4068,F#,B,4,e,"(3, 6, 9, 11)",V7,A,D#,e,508.5,252.0
4069,F#,B,4,e,"(3, 6, 9, 11)",V7,A,D#,e,508.625,252.0
4070,F#,B,4,e,"(3, 6, 9, 11)",V7,A,D#,e,508.75,252.0
4071,F#,B,4,e,"(3, 6, 9, 11)",V7,A,D#,e,508.875,252.0
4072,F#,B,0,e,"(3, 6, 9, 11)",V7,A,D#,e,509.0,253.0
4073,F#,B,1,e,"(3, 6, 9, 11)",V7,A,D#,e,509.125,253.0
4074,F#,B,2,e,"(3, 6, 9, 11)",V7,A,D#,e,509.25,253.0
4075,F#,B,2,e,"(3, 6, 9, 11)",V7,A,D#,e,509.375,253.0
4076,F#,B,3,e,"(3, 6, 9, 11)",V7,A,D#,e,509.5,253.0
4077,F#,B,3,e,"(3, 6, 9, 11)",V7,A,D#,e,509.625,253.0
4078,F#,B,3,e,"(3, 6, 9, 11)",V7,A,D#,e,509.75,253.0
4079,F#,B,3,e,"(3, 6, 9, 11)",V7,A,D#,e,509.875,253.0
4080,F#,B,4,e,"(3, 6, 9, 11)",V7,A,D#,e,510.0,253.0
4081,F#,B,4,e,"(3, 6, 9, 11)",V7,A,D#,e,510.125,253.0
4082,F#,B,4,e,"(3, 6, 9, 11)",V7,A,D#,e,510.25,253.0
4083,F#,B,4,e,"(3, 6, 9, 11)",V7,A,D#,e,510.375,253.0
4084,F#,B,4,e,"(3, 6, 9, 11)",V7,A,D#,e,510.5,253.0
4085,F#,B,4,e,"(3, 6, 9, 11)",V7,A,D#,e,510.625,253.0
4086,F#,B,4,e,"(3, 6, 9, 11)",V7,A,D#,e,510.75,253.0
4087,F#,B,4,a,"(3, 6, 9, 11)",V7,A,D#,e,510.875,253.0
4088,B,E,0,a,"(4, 8, 11)",V,E,G#,e,511.0,254.0
4089,B,E,1,a,"(4, 8, 11)",I,E,G#,a,511.125,254.0
4090,B,E,2,a,"(4, 8, 11)",I,E,G#,a,511.25,254.0
4091,B,E,2,a,"(4, 8, 11)",I,E,G#,a,511.375,254.0
4092,B,E,3,a,"(4, 8, 11)",I,E,G#,a,511.5,254.0
4093,B,E,3,a,"(4, 8, 11)",I,E,G#,a,511.625,254.0
4094,B,E,3,a,"(4, 8, 11)",I,E,G,a,511.75,254.0
4095,B,E,3,a,"(4, 8, 11)",I,E,G#,a,511.875,254.0
4096,B,E,4,a,"(4, 8, 11)",I,E,G,a,512.0,254.0
4097,B,E,4,a,"(4, 8, 11)",I,E,G,a,512.125,254.0
4098,B,E,4,a,"(4, 8, 11)",I,E,G,a,512.25,254.0
4099,B,E,4,a,"(4, 8, 11)",I,E,G,a,512.375,254.0
4100,B,E,4,a,"(4, 8, 11)",I,E,G,a,512.5,254.0
4101,B,E,4,a,"(4, 8, 11)",I,E,G,a,512.625,254.0
4102,B,E,4,a,"(4, 8, 11)",I,E,G,a,512.75,254.0
4103,B,E,4,a,"(4, 8, 11)",I,E,G,a,512.875,254.0
4104,A,D,0,a,"(2, 5, 9)",iv,D,F,a,513.0,255.0
4105,A,D,1,a,"(2, 5, 9)",iv,D,F,a,513.125,255.0
4106,A,D,2,a,"(2, 5, 9)",iv,D,F,a,513.25,255.0
4107,A,D,2,a,"(2, 5, 9)",iv,D,F,a,513.375,255.0
4108,A,D,3,a,"(2, 5, 9)",iv,D,F,a,513.5,255.0
4109,A,D,3,a,"(2, 5, 9)",iv,D,F,a,513.625,255.0
4110,A,D,3,a,"(2, 5, 9)",iv,D,F,a,513.75,255.0
4111,A,D,3,a,"(2, 5, 9)",iv,D,F,a,513.875,255.0
4112,A,D,4,a,"(2, 5, 9)",iv,D,F,a,514.0,255.0
4113,A,D,4,a,"(2, 5, 9)",iv,D,F,a,514.125,255.0
4114,A,D,4,a,"(2, 5, 9)",iv,D,F,a,514.25,255.0
4115,A,D,4,a,"(2, 5, 9)",iv,D,F,a,514.375,255.0
4116,A,D,4,a,"(2, 5, 9)",iv,D,F,a,514.5,255.0
4117,A,D,4,a,"(2, 5, 9)",iv,D,F,a,514.625,255.0
4118,A,D,4,a,"(2, 5, 9)",iv,D,F,a,514.75,255.0
4119,A,D,4,a,"(2, 5, 9)",iv,D,F,a,514.875,255.0
4120,E,B,0,a,"(2, 4, 8, 11)",V7,G#,D,a,515.0,256.0
4121,E,B,1,a,"(2, 4, 8, 11)",V7,G#,D,a,515.125,256.0
4122,E,B,2,a,"(2, 4, 8, 11)",V7,G#,D,a,515.25,256.0
4123,E,B,2,a,"(2, 4, 8, 11)",V7,G#,D,a,515.375,256.0
4124,E,B,3,a,"(2, 4, 8, 11)",V7,G#,D,a,515.5,256.0
4125,E,B,3,a,"(2, 4, 8, 11)",V7,G#,D,a,515.625,256.0
4126,E,B,3,a,"(2, 4, 8, 11)",V7,G#,D,a,515.75,256.0
4127,E,B,3,a,"(2, 4, 8, 11)",V7,G#,D,a,515.875,256.0
4128,E,B,4,a,"(2, 4, 8, 11)",V7,G#,D,a,516.0,256.0
4129,E,B,4,a,"(2, 4, 8, 11)",V7,G#,D,a,516.125,256.0
4130,E,B,4,a,"(2, 4, 8, 11)",V7,G#,D,a,516.25,256.0
4131,E,B,4,a,"(2, 4, 8, 11)",V7,G#,D,a,516.375,256.0
4132,E,B,4,a,"(2, 4, 8, 11)",V7,G#,D,a,516.5,256.0
4133,E,B,4,a,"(2, 4, 8, 11)",V7,G#,D,a,516.625,256.0
4134,E,B,4,a,"(2, 4, 8, 11)",V7,G#,D,a,516.75,256.0
4135,E,B,4,a,"(2, 4, 8, 11)",V7,G#,D,a,516.875,256.0
4136,E,A,0,a,"(0, 4, 9)",i,A,C,a,517.0,257.0
4137,E,A,1,a,"(0, 4, 9)",i,A,C,a,517.125,257.0
4138,E,A,2,a,"(0, 4, 9)",i,A,C,a,517.25,257.0
4139,E,A,2,a,"(0, 4, 9)",i,A,C,a,517.375,257.0
4140,E,A,3,a,"(0, 4, 9)",i,A,C,a,517.5,257.0
4141,E,A,3,a,"(0, 4, 9)",i,A,C,a,517.625,257.0
4142,E,A,3,a,"(0, 4, 9)",i,A,C,a,517.75,257.0
4143,E,A,3,a,"(0, 4, 9)",i,A,C,a,517.875,257.0
4144,E,A,4,a,"(0, 4, 9)",i,A,C,a,518.0,257.0
4145,E,A,4,a,"(0, 4, 9)",i,A,C,a,518.125,257.0
4146,E,A,4,a,"(0, 4, 9)",i,A,C,a,518.25,257.0
4147,E,A,4,a,"(0, 4, 9)",i,A,C,a,518.375,257.0
4148,E,A,4,a,"(0, 4, 9)",i,A,C,a,518.5,257.0
4149,E,A,4,a,"(0, 4, 9)",i,A,C,a,518.625,257.0
4150,E,A,4,a,"(0, 4, 9)",i,A,C,a,518.75,257.0
4151,E,A,4,a,"(0, 4, 9)",i,A,C,a,518.875,257.0
4152,B,E,0,a,"(2, 4, 8, 11)",V7,D,G#,a,519.0,258.0
4153,B,E,1,a,"(2, 4, 8, 11)",V7,D,G#,a,519.125,258.0
4154,B,E,2,a,"(2, 4, 8, 11)",V7,D,G#,a,519.25,258.0
4155,B,E,2,a,"(2, 4, 8, 11)",V7,D,G#,a,519.375,258.0
4156,B,E,3,a,"(2, 4, 8, 11)",V7,D,G#,a,519.5,258.0
4157,B,E,3,a,"(2, 4, 8, 11)",V7,D,G#,a,519.625,258.0
4158,B,E,3,a,"(2, 4, 8, 11)",V7,D,G#,a,519.75,258.0
4159,B,E,3,a,"(2, 4, 8, 11)",V7,D,G#,a,519.875,258.0
4160,B,E,4,a,"(2, 4, 8, 11)",V7,D,G#,a,520.0,258.0
4161,B,E,4,a,"(2, 4, 8, 11)",V7,D,G#,a,520.125,258.0
4162,B,E,4,a,"(2, 4, 8, 11)",V7,D,G#,a,520.25,258.0
4163,B,E,4,a,"(2, 4, 8, 11)",V7,D,G#,a,520.375,258.0
4164,B,E,4,a,"(2, 4, 8, 11)",V7,D,G#,a,520.5,258.0
4165,B,E,4,a,"(2, 4, 8, 11)",V7,D,G#,a,520.625,258.0
4166,B,E,4,a,"(2, 4, 8, 11)",V7,D,G#,a,520.75,258.0
4167,B,E,4,a,"(2, 4, 8, 11)",V7,D,G#,a,520.875,258.0
4168,E,A,0,a,"(0, 4, 9)",i,A,C,a,521.0,259.0
4169,E,A,1,a,"(0, 4, 9)",i,A,C,a,521.125,259.0
4170,E,A,2,a,"(0, 4, 9)",i,A,C,a,521.25,259.0
4171,E,A,2,a,"(0, 4, 9)",i,A,C,a,521.375,259.0
4172,E,A,3,a,"(0, 4, 9)",i,A,C,a,521.5,259.0
4173,E,A,3,a,"(0, 4, 9)",i,A,C,a,521.625,259.0
4174,E,A,3,a,"(0, 4, 9)",i,A,C,a,521.75,259.0
4175,E,A,3,a,"(0, 4, 9)",i,A,C,a,521.875,259.0
4176,E,A,4,a,"(0, 4, 9)",i,A,C,a,522.0,259.0
4177,E,A,4,a,"(0, 4, 9)",i,A,C,a,522.125,259.0
4178,E,A,4,a,"(0, 4, 9)",i,A,C,a,522.25,259.0
4179,E,A,4,a,"(0, 4, 9)",i,A,C,a,522.375,259.0
4180,E,A,4,a,"(0, 4, 9)",i,A,C,a,522.5,259.0
4181,E,A,4,a,"(0, 4, 9)",i,A,C,a,522.625,259.0
4182,E,A,4,a,"(0, 4, 9)",i,A,C,a,522.75,259.0
4183,E,A,4,a,"(0, 4, 9)",i,A,C,a,522.875,259.0
4184,D,G#,0,a,"(2, 5, 8, 11)",V7,F,B,a,523.0,260.0
4185,D,G#,1,a,"(2, 5, 8, 11)",V7,F,B,a,523.125,260.0
4186,D,G#,2,a,"(2, 5, 8, 11)",V7,F,B,a,523.25,260.0
4187,D,G#,2,a,"(2, 5, 8, 11)",V7,F,B,a,523.375,260.0
4188,D,G#,3,a,"(2, 5, 8, 11)",V7,E,B,a,523.5,260.0
4189,D,G#,3,a,"(2, 5, 8, 11)",V7,E,B,a,523.625,260.0
4190,D,G#,3,a,"(2, 5, 8, 11)",V7,E,B,a,523.75,260.0
4191,D,G#,3,a,"(2, 5, 8, 11)",V7,E,B,a,523.875,260.0
4192,D,G#,4,a,"(2, 4, 8, 11)",V7,E,B,a,524.0,260.0
4193,D,G#,4,a,"(2, 4, 8, 11)",V7,E,B,a,524.125,260.0
4194,D,G#,4,a,"(2, 4, 8, 11)",V7,E,B,a,524.25,260.0
4195,D,G#,4,a,"(2, 4, 8, 11)",V7,E,B,a,524.375,260.0
4196,D,G#,4,a,"(2, 4, 8, 11)",V7,E,B,a,524.5,260.0
4197,D,G#,4,a,"(2, 4, 8, 11)",V7,E,B,a,524.625,260.0
4198,D,G#,4,a,"(2, 4, 8, 11)",V7,E,B,a,524.75,260.0
4199,D,G#,4,a,"(2, 4, 8, 11)",V7,E,B,a,524.875,260.0
4200,E,A,0,a,"(0, 4, 9)",i,A,C,a,525.0,261.0
4201,E,A,1,a,"(0, 4, 9)",i,A,C,a,525.125,261.0
4202,E,A,2,a,"(0, 4, 9)",i,A,C,a,525.25,261.0
4203,E,A,2,a,"(0, 4, 9)",i,A,C,a,525.375,261.0
4204,E,A,3,a,"(0, 4, 9)",i,A,C,a,525.5,261.0
4205,E,A,3,a,"(0, 4, 9)",i,A,C,a,525.625,261.0
4206,E,A,3,a,"(0, 4, 9)",i,A,C,a,525.75,261.0
4207,E,A,3,a,"(0, 4, 9)",i,A,C,a,525.875,261.0
4208,E,A,4,a,"(0, 4, 9)",i,A,C,a,526.0,261.0
4209,E,A,4,a,"(0, 4, 9)",i,A,C,a,526.125,261.0
4210,E,A,4,a,"(0, 4, 9)",i,A,C,a,526.25,261.0
4211,E,A,4,a,"(0, 4, 9)",i,A,C,a,526.375,261.0
4212,E,A,4,a,"(0, 4, 9)",i,F,C,a,526.5,261.0
4213,E,A,4,a,"(0, 4, 9)",i,F,C,a,526.625,261.0
4214,E,A,4,a,"(0, 4, 9)",i,F,C,a,526.75,261.0
4215,E,A,4,a,"(0, 4, 9)",i,F,C,a,526.875,261.0
4216,D,G#,0,a,"(4, 8, 11)",V7,E,B,a,527.0,262.0
4217,D,G#,1,a,"(4, 8, 11)",V7,E,B,a,527.125,262.0
4218,E,G#,2,a,"(4, 8, 11)",V7,E,B,a,527.25,262.0
4219,E,G#,2,a,"(4, 8, 11)",V7,E,B,a,527.375,262.0
4220,E,G#,3,a,"(4, 8, 11)",V7,E,B,a,527.5,262.0
4221,E,G#,3,a,"(4, 8, 11)",V7,E,B,a,527.625,262.0
4222,E,G#,3,a,"(4, 8, 11)",V7,E,B,a,527.75,262.0
4223,E,G#,3,a,"(4, 8, 11)",V7,E,B,a,527.875,262.0
4224,D,G#,4,a,"(2, 4, 8, 11)",V7,E,B,a,528.0,262.0
4225,D,G#,4,a,"(2, 4, 8, 11)",V7,E,B,a,528.125,262.0
4226,D,G#,4,a,"(2, 4, 8, 11)",V7,E,B,a,528.25,262.0
4227,D,G#,4,a,"(2, 4, 8, 11)",V7,E,B,a,528.375,262.0
4228,D,G#,4,a,"(2, 4, 8, 11)",V7,E,B,a,528.5,262.0
4229,D,G#,4,a,"(2, 4, 8, 11)",V7,E,B,a,528.625,262.0
4230,D,G#,4,a,"(2, 4, 8, 11)",V7,E,B,a,528.75,262.0
4231,D,G#,4,a,"(2, 4, 8, 11)",V7,E,B,a,528.875,262.0
4232,E,A,0,a,"(0, 4, 9)",i,A,C,a,529.0,263.0
4233,E,A,1,a,"(0, 4, 9)",i,A,C,a,529.125,263.0
4234,E,A,2,a,"(0, 4, 9)",i,A,C,a,529.25,263.0
4235,E,A,2,a,"(0, 4, 9)",i,A,C,a,529.375,263.0
4236,E,A,3,a,"(0, 4, 9)",i,A,C,a,529.5,263.0
4237,E,A,3,a,"(0, 4, 9)",i,A,C,a,529.625,263.0
4238,E,A,3,a,"(0, 4, 9)",i,A,C,a,529.75,263.0
4239,E,A,3,a,"(0, 4, 9)",i,A,C,a,529.875,263.0
4240,G#,D,0,a,"(2, 4, 8, 11)",V7,B,G#,a,530.0,263.0
4241,G#,D,1,a,"(2, 4, 8, 11)",V7,G#,G#,a,530.125,263.0
4242,G#,D,2,a,"(2, 4, 8, 11)",V7,G#,G#,a,530.25,263.0
4243,G#,D,2,a,"(2, 4, 8, 11)",V7,G#,G#,a,530.375,263.0
4244,B,E,3,a,"(2, 4, 8, 11)",V7,D,G#,a,530.5,263.0
4245,B,E,3,a,"(2, 4, 8, 11)",V7,D,G#,a,530.625,263.0
4246,B,E,3,a,"(2, 4, 8, 11)",V7,D,G#,a,530.75,263.0
4247,B,E,3,a,"(2, 4, 8, 11)",V7,D,G#,a,530.875,263.0
4248,A,C,0,a,"(0, 4, 9)",VI,A,A,a,531.0,264.0
4249,A,C,1,a,"(0, 4, 9)",VI,A,A,a,531.125,264.0
4250,A,C,2,a,"(0, 4, 9)",VI,A,A,a,531.25,264.0
4251,A,F,2,a,"(0, 4, 9)",VI,A,A,a,531.375,264.0
4252,C,F,3,a,"(0, 5, 9)",VI,F,A,a,531.5,264.0
4253,C,F,3,a,"(0, 5, 9)",VI,F,A,a,531.625,264.0
4254,C,F,3,a,"(0, 5, 9)",VI,F,A,a,531.75,264.0
4255,C,F,3,a,"(0, 5, 9)",VI,F,A,a,531.875,264.0
4256,C,F,4,a,"(2, 5, 9)",VI,D,A,a,532.0,264.0
4257,C,F,4,a,"(2, 5, 9)",VI,D,A,a,532.125,264.0
4258,C,F,4,a,"(2, 5, 9)",VI,D,A,a,532.25,264.0
4259,C,F,4,a,"(2, 5, 9)",VI,D,A,a,532.375,264.0
4260,D,F,0,a,"(2, 5, 9)",iv,D,A,a,532.5,264.0
4261,D,F,1,a,"(2, 5, 9)",iv,D,A,a,532.625,264.0
4262,D,F,2,a,"(2, 5, 9)",iv,D,A,a,532.75,264.0
4263,D,F,2,a,"(2, 5, 9)",iv,D,A,a,532.875,264.0
4264,C,E,0,a,"(0, 4, 9)",i,A,A,a,533.0,265.0
4265,C,E,1,a,"(0, 4, 9)",i,A,A,a,533.125,265.0
4266,C,E,2,a,"(0, 4, 9)",i,A,A,a,533.25,265.0
4267,C,E,2,a,"(0, 4, 9)",i,A,A,a,533.375,265.0
4268,C,E,3,a,"(0, 4, 9)",i,A,A,a,533.5,265.0
4269,C,E,3,a,"(0, 4, 9)",i,A,A,a,533.625,265.0
4270,C,E,3,a,"(0, 4, 9)",i,A,A,a,533.75,265.0
4271,C,E,3,a,"(0, 4, 9)",i,A,A,a,533.875,265.0
4272,B,E,0,a,"(2, 4, 8, 11)",V,D,G#,a,534.0,265.0
4273,B,E,1,a,"(2, 4, 8, 11)",V7,D,G#,a,534.125,265.0
4274,B,E,2,a,"(2, 4, 8, 11)",V7,D,G#,a,534.25,265.0
4275,B,E,2,a,"(2, 4, 8, 11)",V7,D,G#,a,534.375,265.0
4276,B,E,3,a,"(2, 4, 8, 11)",V7,D,G#,a,534.5,265.0
4277,B,E,3,a,"(2, 4, 8, 11)",V7,D,G#,a,534.625,265.0
4278,B,E,3,a,"(2, 4, 8, 11)",V7,D,G#,a,534.75,265.0
4279,B,E,3,a,"(2, 4, 8, 11)",V7,D,G#,a,534.875,265.0
4280,A,C,0,a,"(0, 4, 9)",VI,A,A,a,535.0,266.0
4281,A,C,1,a,"(0, 4, 9)",VI,A,A,a,535.125,266.0
4282,A,C,2,a,"(0, 4, 9)",VI,A,A,a,535.25,266.0
4283,A,C,2,a,"(0, 4, 9)",VI,A,A,a,535.375,266.0
4284,C,F,3,a,"(0, 5, 9)",VI,F,A,a,535.5,266.0
4285,C,F,3,a,"(0, 5, 9)",VI,F,A,a,535.625,266.0
4286,C,F,3,a,"(0, 5, 9)",VI,F,A,a,535.75,266.0
4287,C,F,3,a,"(0, 5, 9)",VI,F,A,a,535.875,266.0
4288,C,F,4,a,"(2, 5, 9)",VI,D,A,a,536.0,266.0
4289,C,F,4,a,"(2, 5, 9)",VI,D,A,a,536.125,266.0
4290,C,F,4,a,"(2, 5, 9)",VI,D,A,a,536.25,266.0
4291,C,F,4,a,"(2, 5, 9)",VI,D,A,a,536.375,266.0
4292,D,F,0,a,"(2, 5, 9)",iv,D,A,a,536.5,266.0
4293,D,F,1,a,"(2, 5, 9)",iv,D,A,a,536.625,266.0
4294,D,F,2,a,"(2, 5, 9)",iv,D,A,a,536.75,266.0
4295,D,F,2,a,"(2, 5, 9)",iv,D,A,a,536.875,266.0
4296,C,E,0,a,"(0, 4, 9)",i,A,A,a,537.0,267.0
4297,C,E,1,a,"(0, 4, 9)",i,A,A,a,537.125,267.0
4298,C,E,2,a,"(0, 4, 9)",i,A,A,a,537.25,267.0
4299,C,E,2,a,"(0, 4, 9)",i,A,A,a,537.375,267.0
4300,C,E,3,a,"(0, 4, 9)",i,A,A,a,537.5,267.0
4301,C,E,3,a,"(0, 4, 9)",i,A,A,a,537.625,267.0
4302,C,E,3,a,"(0, 4, 9)",i,A,A,a,537.75,267.0
4303,C,E,3,a,"(0, 4, 9)",i,A,A,a,537.875,267.0
4304,B,E,0,a,"(2, 4, 8, 11)",V,D,G#,a,538.0,267.0
4305,B,E,1,a,"(2, 4, 8, 11)",V7,D,G#,a,538.125,267.0
4306,B,E,2,a,"(2, 4, 8, 11)",V7,D,G#,a,538.25,267.0
4307,B,E,2,a,"(2, 4, 8, 11)",V7,D,G#,a,538.375,267.0
4308,B,E,3,a,"(2, 4, 8, 11)",V7,D,G#,a,538.5,267.0
4309,B,E,3,a,"(2, 4, 8, 11)",V7,D,G#,a,538.625,267.0
4310,B,E,3,a,"(2, 4, 8, 11)",V7,D,G#,a,538.75,267.0
4311,B,E,3,a,"(2, 4, 8, 11)",V7,D,G#,a,538.875,267.0
4312,E,A,0,a,"(0, 4, 9)",i,A,C,a,539.0,268.0
4313,E,A,1,a,"(0, 4, 9)",i,A,C,a,539.125,268.0
4314,E,A,2,a,"(0, 4, 9)",i,A,C,a,539.25,268.0
4315,E,A,2,a,"(0, 4, 9)",i,A,C,a,539.375,268.0
4316,E,A,3,a,"(0, 4, 9)",i,A,C,a,539.5,268.0
4317,E,A,3,a,"(0, 4, 9)",i,A,C,a,539.625,268.0
4318,E,A,3,a,"(0, 4, 9)",i,A,C,a,539.75,268.0
4319,E,A,3,a,"(0, 4, 9)",i,A,C,a,539.875,268.0
4320,E,A,4,a,"(0, 4, 9)",i,A,C,a,540.0,268.0
4321,E,A,4,a,"(0, 4, 9)",i,A,C,a,540.125,268.0
4322,E,A,4,a,"(0, 4, 9)",i,A,C,a,540.25,268.0
4323,E,A,4,a,"(0, 4, 9)",i,A,C,a,540.375,268.0
4324,E,A,4,a,"(0, 4, 9)",i,A,C,a,540.5,268.0
4325,E,A,4,a,"(0, 4, 9)",i,A,C,a,540.625,268.0
4326,E,A,4,a,"(0, 4, 9)",i,A,C,a,540.75,268.0
4327,E,A,4,a,"(0, 4, 9)",i,A,C,a,540.875,268.0
4328,E,A,0,a,"(0, 4, 9)",i,A,C,a,541.0,269.0
4329,E,A,1,a,"(0, 4, 9)",i,A,C,a,541.125,269.0
4330,E,A,2,a,"(0, 4, 9)",i,A,C,a,541.25,269.0
4331,E,A,2,a,"(0, 4, 9)",i,A,C,a,541.375,269.0
4332,E,A,3,a,"(0, 4, 9)",i,A,C,a,541.5,269.0
4333,E,A,3,a,"(0, 4, 9)",i,A,C,a,541.625,269.0
4334,E,A,3,a,"(0, 4, 9)",i,A,C,a,541.75,269.0
4335,E,A,3,a,"(0, 4, 9)",i,A,C,a,541.875,269.0
4336,E,A,4,a,"(0, 4, 9)",i,A,C,a,542.0,269.0
4337,E,A,4,a,"(0, 4, 9)",i,A,C,a,542.125,269.0
4338,E,A,4,a,"(0, 4, 9)",i,A,C,a,542.25,269.0
4339,E,A,4,a,"(0, 4, 9)",i,A,C,a,542.375,269.0
4340,E,A,4,a,"(0, 4, 9)",i,A,C,a,542.5,269.0
4341,E,A,4,a,"(0, 4, 9)",i,A,C,a,542.625,269.0
4342,E,A,4,a,"(0, 4, 9)",i,A,C,a,542.75,269.0
4343,E,A,4,a,"(0, 4, 9)",i,A,C,a,542.875,269.0
4344,E,A,5,a,"(0, 4, 9)",i,A,C,a,543.0,269.0
4345,E,A,5,a,"(0, 4, 9)",i,A,C,a,543.125,269.0
4346,E,A,5,a,"(0, 4, 9)",i,A,C,a,543.25,269.0
4347,E,A,5,a,"(0, 4, 9)",i,A,C,a,543.375,269.0
4348,E,A,0,A,"(1, 4, 9)",i,A,C,a,543.5,269.0
4349,E,A,1,A,"(1, 4, 9)",i,A,C,a,543.625,269.0
4350,E,A,2,A,"(1, 4, 9)",i,A,C,a,543.75,269.0
4351,E,A,2,A,"(1, 4, 9)",i,A,C,a,543.875,269.0
4352,E,A,0,A,"(1, 4, 9)",I,A,C#,A,544.0,270.0
4353,E,A,1,A,"(1, 4, 9)",I,A,C#,A,544.125,270.0
4354,E,A,2,A,"(1, 4, 9)",I,A,C#,A,544.25,270.0
4355,E,A,2,A,"(1, 4, 9)",I,A,C#,A,544.375,270.0
4356,E,A,3,A,"(1, 4, 9)",I,A,C#,A,544.5,270.0
4357,E,A,3,A,"(1, 4, 9)",I,A,C#,A,544.625,270.0
4358,E,A,3,A,"(1, 4, 9)",I,A,C#,A,544.75,270.0
4359,E,A,3,A,"(1, 4, 9)",I,A,C#,A,544.875,270.0
4360,E,A,4,A,"(1, 4, 9)",I,A,C#,A,545.0,270.0
4361,E,A,4,A,"(1, 4, 9)",I,A,C#,A,545.125,270.0
4362,E,A,4,A,"(1, 4, 9)",I,A,C#,A,545.25,270.0
4363,E,A,4,A,"(1, 4, 9)",I,A,C#,A,545.375,270.0
4364,E,A,4,A,"(1, 4, 9)",I,A,C#,A,545.5,270.0
4365,E,A,4,A,"(1, 4, 9)",I,A,C#,A,545.625,270.0
4366,E,A,4,A,"(1, 4, 9)",I,A,C#,A,545.75,270.0
4367,E,A,4,A,"(1, 4, 9)",I,A,C#,A,545.875,270.0
4368,E,A,5,A,"(1, 4, 9)",I,A,C#,A,546.0,270.0
4369,E,A,5,A,"(1, 4, 9)",I,A,C#,A,546.125,270.0
4370,E,A,5,A,"(1, 4, 9)",I,A,C#,A,546.25,270.0
4371,E,A,5,A,"(1, 4, 9)",I,A,C#,A,546.375,270.0
4372,E,A,5,A,"(1, 4, 9)",I,A,C#,A,546.5,270.0
4373,E,A,5,A,"(1, 4, 9)",I,A,C#,A,546.625,270.0
4374,E,A,5,A,"(1, 4, 9)",I,A,C#,A,546.75,270.0
4375,E,A,5,A,"(1, 4, 9)",I,A,C#,A,546.875,270.0
4376,E,G#,0,A,"(4, 8, 11)",V,E,B,A,547.0,271.0
4377,E,G#,1,A,"(4, 8, 11)",V,E,B,A,547.125,271.0
4378,E,G#,2,A,"(4, 8, 11)",V,E,B,A,547.25,271.0
4379,E,G#,2,A,"(4, 8, 11)",V,E,B,A,547.375,271.0
4380,E,G#,3,A,"(4, 8, 11)",V,E,B,A,547.5,271.0
4381,E,G#,3,A,"(4, 8, 11)",V,E,B,A,547.625,271.0
4382,E,G#,3,A,"(4, 8, 11)",V,E,B,A,547.75,271.0
4383,E,G#,3,A,"(4, 8, 11)",V,E,B,A,547.875,271.0
4384,E,G#,4,A,"(4, 8, 11)",V,E,B,A,548.0,271.0
4385,E,G#,4,A,"(4, 8, 11)",V,E,B,A,548.125,271.0
4386,E,G#,4,A,"(4, 8, 11)",V,E,B,A,548.25,271.0
4387,E,G#,4,A,"(4, 8, 11)",V,E,B,A,548.375,271.0
4388,E,G#,4,A,"(4, 8, 11)",V,E,B,A,548.5,271.0
4389,E,G#,4,A,"(4, 8, 11)",V,E,B,A,548.625,271.0
4390,E,G#,4,A,"(4, 8, 11)",V,E,B,A,548.75,271.0
4391,E,G#,4,A,"(4, 8, 11)",V,E,B,A,548.875,271.0
4392,E,G#,5,A,"(4, 8, 11)",V,E,B,A,549.0,271.0
4393,E,G#,5,A,"(4, 8, 11)",V,E,B,A,549.125,271.0
4394,E,G#,5,A,"(4, 8, 11)",V,E,B,A,549.25,271.0
4395,E,G#,5,A,"(4, 8, 11)",V,E,B,A,549.375,271.0
4396,E,G#,5,A,"(4, 8, 11)",V,E,B,A,549.5,271.0
4397,E,G#,5,A,"(4, 8, 11)",V,E,B,A,549.625,271.0
4398,E,G#,5,A,"(4, 8, 11)",V,E,B,A,549.75,271.0
4399,E,G#,5,A,"(4, 8, 11)",V,E,B,A,549.875,271.0
4400,E,A,0,A,"(1, 4, 9)",I,A,C#,A,550.0,272.0
4401,E,A,1,A,"(1, 4, 9)",I,A,C#,A,550.125,272.0
4402,E,A,2,A,"(1, 4, 9)",I,A,C#,A,550.25,272.0
4403,E,A,2,A,"(1, 4, 9)",I,A,C#,A,550.375,272.0
4404,E,A,3,A,"(1, 4, 9)",I,A,C#,A,550.5,272.0
4405,E,A,3,A,"(1, 4, 9)",I,A,C#,A,550.625,272.0
4406,E,A,3,A,"(1, 4, 9)",I,A,C#,A,550.75,272.0
4407,E,A,3,A,"(1, 4, 9)",I,A,C#,A,550.875,272.0
4408,E,A,4,A,"(1, 4, 9)",I,A,C#,A,551.0,272.0
4409,E,A,4,A,"(1, 4, 9)",I,A,C#,A,551.125,272.0
4410,E,A,4,A,"(1, 4, 9)",I,A,C#,A,551.25,272.0
4411,E,A,4,A,"(1, 4, 9)",I,A,C#,A,551.375,272.0
4412,B,E,0,A,"(2, 4, 8, 11)",V7,A,G#,A,551.5,272.0
4413,B,E,1,A,"(2, 4, 8, 11)",V7,A,G#,A,551.625,272.0
4414,B,E,2,A,"(2, 4, 8, 11)",V7,A,G#,A,551.75,272.0
4415,B,E,2,A,"(2, 4, 8, 11)",V7,A,G#,A,551.875,272.0
4416,B,E,3,A,"(2, 4, 8, 11)",V7,A,G#,A,552.0,272.0
4417,B,E,3,A,"(2, 4, 8, 11)",V7,A,G#,A,552.125,272.0
4418,B,E,3,A,"(2, 4, 8, 11)",V7,A,G#,A,552.25,272.0
4419,B,E,3,A,"(2, 4, 8, 11)",V7,A,G#,A,552.375,272.0
4420,E,A,4,A,"(1, 4, 9)",I,A,C#,A,552.5,272.0
4421,E,A,4,A,"(1, 4, 9)",I,A,C#,A,552.625,272.0
4422,E,A,2,A,"(1, 4, 9)",I,A,C#,A,552.75,272.0
4423,E,A,2,A,"(1, 4, 9)",I,A,C#,A,552.875,272.0
4424,B,E,0,A,"(4, 8, 11)",V,E,G#,A,553.0,273.0
4425,B,E,1,A,"(4, 8, 11)",V,E,G#,A,553.125,273.0
4426,B,E,2,A,"(4, 8, 11)",V,E,G#,A,553.25,273.0
4427,B,E,2,A,"(4, 8, 11)",V,E,G#,A,553.375,273.0
4428,B,E,3,A,"(4, 8, 11)",V,E,G#,A,553.5,273.0
4429,B,E,3,A,"(4, 8, 11)",V,E,G#,A,553.625,273.0
4430,B,E,3,A,"(4, 8, 11)",V,E,G#,A,553.75,273.0
4431,B,E,3,A,"(4, 8, 11)",V,E,G#,A,553.875,273.0
4432,B,E,4,A,"(4, 8, 11)",V,E,G#,A,554.0,273.0
4433,B,E,4,A,"(4, 8, 11)",V,E,G#,A,554.125,273.0
4434,B,E,4,A,"(4, 8, 11)",V,E,G#,A,554.25,273.0
4435,B,E,4,A,"(4, 8, 11)",V,E,G#,A,554.375,273.0
4436,B,E,0,A,"(4, 8, 11)",V,E,G#,A,554.5,273.0
4437,B,E,1,A,"(4, 8, 11)",V,E,G#,A,554.625,273.0
4438,B,E,2,A,"(4, 8, 11)",V,E,G#,A,554.75,273.0
4439,B,E,2,A,"(4, 8, 11)",V,E,G#,A,554.875,273.0
4440,B,E,3,A,"(4, 8, 11)",V,E,G#,A,555.0,273.0
4441,B,E,3,A,"(4, 8, 11)",V,E,G#,A,555.125,273.0
4442,B,E,3,A,"(4, 8, 11)",V,E,G#,A,555.25,273.0
4443,B,E,3,A,"(4, 8, 11)",V,E,G#,A,555.375,273.0
4444,B,E,4,A,"(4, 8, 11)",V,E,G#,A,555.5,273.0
4445,B,E,4,A,"(4, 8, 11)",V,E,G#,A,555.625,273.0
4446,B,E,4,A,"(4, 8, 11)",V,E,G#,A,555.75,273.0
4447,B,E,4,A,"(4, 8, 11)",V,E,G#,A,555.875,273.0
4448,E,A,0,A,"(1, 4, 9)",I,A,C#,A,556.0,274.0
4449,E,A,1,A,"(1, 4, 9)",I,A,C#,A,556.125,274.0
4450,E,A,2,A,"(1, 4, 9)",I,A,C#,A,556.25,274.0
4451,E,A,2,A,"(1, 4, 9)",I,A,C#,A,556.375,274.0
4452,E,A,3,A,"(1, 4, 9)",I,A,C#,A,556.5,274.0
4453,E,A,3,A,"(1, 4, 9)",I,A,C#,A,556.625,274.0
4454,E,A,3,A,"(1, 4, 9)",I,A,C#,A,556.75,274.0
4455,E,A,3,A,"(1, 4, 9)",I,A,C#,A,556.875,274.0
4456,E,A,4,A,"(1, 4, 9)",I,A,C#,A,557.0,274.0
4457,E,A,4,A,"(1, 4, 9)",I,A,C#,A,557.125,274.0
4458,E,A,4,A,"(1, 4, 9)",I,A,C#,A,557.25,274.0
4459,E,A,4,A,"(1, 4, 9)",I,A,C#,A,557.375,274.0
4460,E,A,4,A,"(1, 4, 9)",I,A,C#,A,557.5,274.0
4461,E,A,4,A,"(1, 4, 9)",I,A,C#,A,557.625,274.0
4462,E,A,2,A,"(1, 4, 9)",I,A,C#,A,557.75,274.0
4463,E,A,4,A,"(1, 4, 9)",I,A,C#,A,557.875,274.0
4464,E,A,5,A,"(1, 4, 9)",I,A,C#,A,558.0,274.0
4465,E,A,5,A,"(1, 4, 9)",I,A,C#,A,558.125,274.0
4466,E,A,5,A,"(1, 4, 9)",I,A,C#,A,558.25,274.0
4467,E,A,5,A,"(1, 4, 9)",I,A,C#,A,558.375,274.0
4468,E,A,5,A,"(1, 4, 9)",I,A,C#,A,558.5,274.0
4469,E,A,5,A,"(1, 4, 9)",I,A,C#,A,558.625,274.0
4470,E,A,5,A,"(1, 4, 9)",I,A,C#,A,558.75,274.0
4471,E,A,5,A,"(1, 4, 9)",I,A,C#,A,558.875,274.0
4472,E,G#,0,A,"(4, 8, 11)",V,E,B,A,559.0,275.0
4473,E,G#,1,A,"(4, 8, 11)",V,E,B,A,559.125,275.0
4474,E,G#,2,A,"(4, 8, 11)",V,E,B,A,559.25,275.0
4475,E,G#,2,A,"(4, 8, 11)",V,E,B,A,559.375,275.0
4476,E,G#,3,A,"(4, 8, 11)",V,E,B,A,559.5,275.0
4477,E,G#,3,A,"(4, 8, 11)",V,E,B,A,559.625,275.0
4478,E,G#,3,A,"(4, 8, 11)",V,E,B,A,559.75,275.0
4479,E,G#,3,A,"(4, 8, 11)",I,E,B,A,559.875,275.0
4480,B,E,0,A,"(4, 8, 11)",I,E,G#,E,560.0,275.0
4481,B,E,1,A,"(4, 8, 11)",I,E,G#,A,560.125,275.0
4482,B,E,2,A,"(4, 8, 11)",I,E,G#,A,560.25,275.0
4483,B,E,2,A,"(4, 8, 11)",I,E,G#,A,560.375,275.0
4484,B,E,4,A,"(4, 8, 11)",I,E,G#,A,560.5,275.0
4485,B,E,1,A,"(4, 8, 11)",I,E,G#,A,560.625,275.0
4486,B,E,4,A,"(4, 8, 11)",I,E,G#,A,560.75,275.0
4487,B,E,4,A,"(4, 8, 11)",I,E,G#,A,560.875,275.0
4488,B,E,4,A,"(4, 8, 11)",I,E,G#,A,561.0,275.0
4489,B,E,4,A,"(4, 8, 11)",I,E,G#,A,561.125,275.0
4490,B,E,4,A,"(4, 8, 11)",I,E,G#,A,561.25,275.0
4491,B,E,4,A,"(4, 8, 11)",I,E,G#,A,561.375,275.0
4492,B,E,4,A,"(4, 8, 11)",I,E,G#,A,561.5,275.0
4493,B,E,4,A,"(4, 8, 11)",I,E,G#,A,561.625,275.0
4494,B,E,4,A,"(4, 8, 11)",I,E,G#,A,561.75,275.0
4495,B,E,4,A,"(4, 8, 11)",I,E,G#,A,561.875,275.0
4496,E,A,0,A,"(1, 4, 9)",I,A,C#,A,562.0,276.0
4497,E,A,1,A,"(1, 4, 9)",I,A,C#,A,562.125,276.0
4498,E,A,2,A,"(1, 4, 9)",I,A,C#,A,562.25,276.0
4499,E,A,2,A,"(1, 4, 9)",I,A,C#,A,562.375,276.0
4500,E,A,3,A,"(1, 4, 9)",I,A,C#,A,562.5,276.0
4501,E,A,3,A,"(1, 4, 9)",I,A,C#,A,562.625,276.0
4502,E,A,3,A,"(1, 4, 9)",I,A,C#,A,562.75,276.0
4503,E,A,3,A,"(1, 4, 9)",I,A,C#,A,562.875,276.0
4504,E,A,4,A,"(1, 4, 9)",I,A,C#,A,563.0,276.0
4505,E,A,4,A,"(1, 4, 9)",I,A,C#,A,563.125,276.0
4506,E,A,4,A,"(1, 4, 9)",I,A,C#,A,563.25,276.0
4507,E,A,4,A,"(1, 4, 9)",I,A,C#,A,563.375,276.0
4508,B,E,0,A,"(2, 4, 8, 11)",V7,A,G#,A,563.5,276.0
4509,B,E,1,A,"(2, 4, 8, 11)",V7,A,G#,A,563.625,276.0
4510,B,E,2,A,"(2, 4, 8, 11)",V7,A,G#,A,563.75,276.0
4511,B,E,2,A,"(2, 4, 8, 11)",V7,A,G#,A,563.875,276.0
4512,E,E,3,A,"(2, 4, 8, 11)",V7,A,G#,A,564.0,276.0
4513,E,E,3,A,"(2, 4, 8, 11)",V7,A,G#,A,564.125,276.0
4514,E,E,3,A,"(2, 4, 8, 11)",V7,A,G#,A,564.25,276.0
4515,E,E,3,A,"(2, 4, 8, 11)",V7,A,G#,A,564.375,276.0
4516,E,A,4,A,"(1, 4, 9)",I,A,C#,A,564.5,276.0
4517,E,A,4,A,"(1, 4, 9)",I,A,C#,A,564.625,276.0
4518,E,A,2,A,"(1, 4, 9)",I,A,C#,A,564.75,276.0
4519,E,A,2,A,"(1, 4, 9)",I,A,C#,A,564.875,276.0
4520,B,E,0,A,"(4, 8, 11)",V,E,G#,A,565.0,277.0
4521,B,E,1,A,"(4, 8, 11)",V,E,G#,A,565.125,277.0
4522,B,E,2,A,"(4, 8, 11)",V,E,G#,A,565.25,277.0
4523,B,E,2,A,"(4, 8, 11)",V,E,G#,A,565.375,277.0
4524,B,E,3,A,"(4, 8, 11)",V,E,G#,A,565.5,277.0
4525,B,E,3,A,"(4, 8, 11)",V,E,G#,A,565.625,277.0
4526,B,E,3,A,"(4, 8, 11)",V,E,G#,A,565.75,277.0
4527,B,E,3,A,"(4, 8, 11)",V,E,G#,A,565.875,277.0
4528,B,E,4,A,"(4, 8, 11)",V,E,G#,A,566.0,277.0
4529,B,E,4,A,"(4, 8, 11)",V,E,G#,A,566.125,277.0
4530,B,E,4,A,"(4, 8, 11)",V,E,G#,A,566.25,277.0
4531,B,E,4,A,"(4, 8, 11)",V,E,G#,A,566.375,277.0
4532,B,E,0,A,"(4, 8, 11)",V,E,G#,A,566.5,277.0
4533,B,E,1,A,"(4, 8, 11)",V,E,G#,A,566.625,277.0
4534,B,E,2,A,"(4, 8, 11)",V,E,G#,A,566.75,277.0
4535,B,E,2,A,"(4, 8, 11)",V,E,G#,A,566.875,277.0
4536,B,E,3,A,"(4, 8, 11)",V,E,G#,A,567.0,277.0
4537,B,E,3,A,"(4, 8, 11)",V,E,G#,A,567.125,277.0
4538,B,E,3,A,"(4, 8, 11)",V,E,G#,A,567.25,277.0
4539,B,E,3,A,"(4, 8, 11)",V,E,G#,A,567.375,277.0
4540,B,E,4,A,"(4, 8, 11)",V,E,G#,A,567.5,277.0
4541,B,E,4,A,"(4, 8, 11)",V,E,G#,E,567.625,277.0
4542,B,E,4,A,"(4, 8, 11)",V,E,G#,E,567.75,277.0
4543,B,E,4,A,"(4, 8, 11)",V,E,G#,E,567.875,277.0
4544,B,D#,0,A,"(3, 6, 11)",V,B,F#,E,568.0,278.0
4545,B,D#,1,A,"(3, 6, 11)",V,B,F#,E,568.125,278.0
4546,B,D#,2,A,"(3, 6, 11)",V,B,F#,E,568.25,278.0
4547,B,D#,2,A,"(3, 6, 11)",V,B,F#,E,568.375,278.0
4548,B,D#,3,A,"(3, 6, 11)",V,B,F#,E,568.5,278.0
4549,B,D#,3,A,"(3, 6, 11)",V,B,F#,E,568.625,278.0
4550,B,D#,3,A,"(3, 6, 11)",V,B,F#,E,568.75,278.0
4551,B,D#,3,A,"(3, 6, 11)",V,B,F#,E,568.875,278.0
4552,F#,D#,4,A,"(3, 6, 11)",V,B,F#,E,569.0,278.0
4553,B,D#,4,A,"(3, 6, 11)",V,B,F#,E,569.125,278.0
4554,B,D#,4,A,"(3, 6, 11)",V,B,F#,E,569.25,278.0
4555,B,D#,4,A,"(3, 6, 11)",V,B,F#,E,569.375,278.0
4556,B,D#,4,A,"(3, 6, 11)",V,B,F#,E,569.5,278.0
4557,B,D#,4,A,"(3, 6, 11)",V,B,F#,E,569.625,278.0
4558,B,D#,4,A,"(3, 6, 11)",V,B,F#,E,569.75,278.0
4559,B,D#,4,A,"(3, 6, 11)",V,B,F#,E,569.875,278.0
4560,B,D#,5,A,"(3, 6, 11)",V,B,F#,E,570.0,278.0
4561,B,D#,5,A,"(3, 6, 11)",V,B,F#,E,570.125,278.0
4562,B,D#,5,A,"(3, 6, 11)",V,B,F#,E,570.25,278.0
4563,B,D#,5,A,"(3, 6, 11)",V,B,F#,E,570.375,278.0
4564,B,D#,5,A,"(3, 6, 11)",V,B,F#,E,570.5,278.0
4565,B,D#,5,A,"(3, 6, 11)",V,B,F#,E,570.625,278.0
4566,B,D#,5,A,"(3, 6, 11)",V,B,F#,E,570.75,278.0
4567,B,D#,5,A,"(3, 6, 11)",V,B,F#,E,570.875,278.0
4568,B,E,0,A,"(4, 8, 11)",V,E,G#,E,571.0,279.0
4569,B,E,1,A,"(4, 8, 11)",V,E,G#,A,571.125,279.0
4570,B,E,2,A,"(4, 8, 11)",V,E,G#,A,571.25,279.0
4571,B,E,2,A,"(4, 8, 11)",V,E,G#,A,571.375,279.0
4572,B,E,3,A,"(4, 8, 11)",V,E,G#,E,571.5,279.0
4573,B,E,3,A,"(4, 8, 11)",V,E,G#,E,571.625,279.0
4574,B,E,3,A,"(4, 8, 11)",V,E,G#,E,571.75,279.0
4575,B,E,3,A,"(4, 8, 11)",V,E,G#,E,571.875,279.0
4576,B,E,4,A,"(4, 8, 11)",V,E,G#,E,572.0,279.0
4577,B,E,4,A,"(4, 8, 11)",V,E,G#,E,572.125,279.0
4578,B,E,4,A,"(4, 8, 11)",V,E,G#,E,572.25,279.0
4579,B,E,4,A,"(4, 8, 11)",V,E,G#,E,572.375,279.0
4580,B,E,4,A,"(4, 8, 11)",I,E,G#,E,572.5,279.0
4581,B,E,4,A,"(4, 8, 11)",I,E,G#,E,572.625,279.0
4582,B,E,2,A,"(4, 8, 11)",I,E,G#,E,572.75,279.0
4583,B,E,2,A,"(4, 8, 11)",I,E,G#,E,572.875,279.0
4584,B,E,5,A,"(4, 8, 11)",I,E,G#,E,573.0,279.0
4585,B,E,5,A,"(4, 8, 11)",V,E,G#,E,573.125,279.0
4586,B,E,5,A,"(4, 8, 11)",V,E,G#,E,573.25,279.0
4587,B,E,5,A,"(4, 8, 11)",V,E,G#,E,573.375,279.0
4588,B,B,5,A,"(4, 8, 11)",I,E,G#,E,573.5,279.0
4589,B,B,5,A,"(4, 8, 11)",I,E,G#,E,573.625,279.0
4590,B,B,2,A,"(4, 8, 11)",I,E,G#,E,573.75,279.0
4591,B,B,2,A,"(4, 8, 11)",I,E,G#,E,573.875,279.0
4592,B,D#,0,A,"(3, 6, 11)",V,B,F#,E,574.0,280.0
4593,B,D#,1,A,"(3, 6, 11)",V,B,F#,E,574.125,280.0
4594,B,D#,2,A,"(3, 6, 11)",V,B,F#,E,574.25,280.0
4595,B,D#,2,A,"(3, 6, 11)",V,B,F#,E,574.375,280.0
4596,B,D#,3,A,"(3, 6, 11)",V,B,F#,E,574.5,280.0
4597,B,D#,3,A,"(3, 6, 11)",V,B,F#,E,574.625,280.0
4598,B,D#,3,A,"(3, 6, 11)",V,B,F#,E,574.75,280.0
4599,B,D#,3,A,"(3, 6, 11)",V,B,F#,E,574.875,280.0
4600,F#,D#,4,A,"(3, 6, 11)",V,B,F#,E,575.0,280.0
4601,F#,D#,4,A,"(3, 6, 11)",V,B,F#,E,575.125,280.0
4602,F#,D#,4,A,"(3, 6, 11)",V,B,F#,E,575.25,280.0
4603,F#,D#,4,A,"(3, 6, 11)",V,B,F#,E,575.375,280.0
4604,F#,D#,4,A,"(3, 6, 11)",V,B,F#,E,575.5,280.0
4605,B,D#,4,A,"(3, 6, 11)",V,B,F#,E,575.625,280.0
4606,B,D#,4,A,"(3, 6, 11)",V,B,F#,E,575.75,280.0
4607,B,D#,4,A,"(3, 6, 11)",V,B,F#,E,575.875,280.0
4608,F#,D#,5,A,"(3, 6, 11)",V,B,F#,E,576.0,280.0
4609,B,D#,5,A,"(3, 6, 11)",V,B,F#,E,576.125,280.0
4610,B,D#,5,A,"(3, 6, 11)",V,B,F#,E,576.25,280.0
4611,B,D#,5,A,"(3, 6, 11)",V,B,F#,E,576.375,280.0
4612,B,D#,5,A,"(3, 6, 11)",V,B,F#,E,576.5,280.0
4613,B,D#,5,A,"(3, 6, 11)",V,B,F#,E,576.625,280.0
4614,B,D#,5,A,"(3, 6, 11)",V,B,F#,E,576.75,280.0
4615,B,D#,5,A,"(3, 6, 11)",V,B,F#,E,576.875,280.0
4616,B,E,0,A,"(4, 8, 11)",I,E,G#,E,577.0,281.0
4617,B,E,1,A,"(4, 8, 11)",I,E,G#,E,577.125,281.0
4618,B,E,2,A,"(4, 8, 11)",I,E,G#,E,577.25,281.0
4619,B,E,2,A,"(4, 8, 11)",I,E,G#,E,577.375,281.0
4620,B,E,3,A,"(4, 8, 11)",V,E,G#,E,577.5,281.0
4621,B,E,3,A,"(4, 8, 11)",V,E,G#,E,577.625,281.0
4622,B,E,3,A,"(4, 8, 11)",V,E,G#,E,577.75,281.0
4623,B,E,3,A,"(4, 8, 11)",V,E,G#,E,577.875,281.0
4624,B,E,4,A,"(4, 8, 11)",V,E,G#,E,578.0,281.0
4625,B,E,4,A,"(4, 8, 11)",V,E,G#,E,578.125,281.0
4626,B,E,4,A,"(4, 8, 11)",V,E,G#,E,578.25,281.0
4627,B,E,4,A,"(4, 8, 11)",V,E,G#,E,578.375,281.0
4628,B,E,0,A,"(4, 8, 11)",I,E,G#,E,578.5,281.0
4629,B,E,1,A,"(4, 8, 11)",I,E,G#,E,578.625,281.0
4630,B,E,2,A,"(4, 8, 11)",I,E,G#,E,578.75,281.0
4631,B,E,2,A,"(4, 8, 11)",I,E,G#,E,578.875,281.0
4632,B,E,3,A,"(4, 8, 11)",I,E,G#,E,579.0,281.0
4633,B,E,3,A,"(4, 8, 11)",I,E,G#,E,579.125,281.0
4634,B,E,3,A,"(4, 8, 11)",I,E,G#,E,579.25,281.0
4635,B,E,3,A,"(4, 8, 11)",I,E,G#,E,579.375,281.0
4636,B,E,4,A,"(4, 8, 11)",I,E,G#,E,579.5,281.0
4637,B,E,4,A,"(4, 8, 11)",I,E,G#,E,579.625,281.0
4638,B,E,4,A,"(4, 8, 11)",I,E,G#,E,579.75,281.0
4639,B,E,4,A,"(4, 8, 11)",I,E,G#,E,579.875,281.0
4640,E,A,0,A,"(1, 4, 9)",IV,A,C#,E,580.0,282.0
4641,E,A,1,A,"(1, 4, 9)",IV,A,C#,E,580.125,282.0
4642,E,A,2,A,"(1, 4, 9)",IV,A,C#,E,580.25,282.0
4643,E,A,2,A,"(1, 4, 9)",IV,A,C#,E,580.375,282.0
4644,E,A,3,A,"(1, 4, 9)",IV,A,C#,E,580.5,282.0
4645,E,A,3,A,"(1, 4, 9)",IV,A,C#,E,580.625,282.0
4646,E,A,3,A,"(1, 4, 9)",IV,A,C#,E,580.75,282.0
4647,E,A,3,A,"(1, 4, 9)",IV,A,C#,E,580.875,282.0
4648,E,A,4,A,"(1, 4, 9)",ii7,A,C#,E,581.0,282.0
4649,E,A,4,A,"(1, 4, 9)",ii,A,C#,E,581.125,282.0
4650,E,A,4,A,"(1, 4, 9)",ii7,A,C#,E,581.25,282.0
4651,E,A,4,A,"(1, 4, 9)",ii7,A,C#,E,581.375,282.0
4652,F#,B,0,A,"(3, 6, 9, 11)",V7,A,D#,E,581.5,282.0
4653,F#,B,1,A,"(3, 6, 9, 11)",V7,A,D#,E,581.625,282.0
4654,F#,B,2,A,"(3, 6, 9, 11)",V7,A,D#,E,581.75,282.0
4655,F#,B,2,A,"(3, 6, 9, 11)",V7,A,D#,E,581.875,282.0
4656,F#,B,3,A,"(3, 6, 9, 11)",V7,A,D#,E,582.0,282.0
4657,F#,B,3,A,"(3, 6, 9, 11)",V7,A,D#,E,582.125,282.0
4658,F#,B,3,A,"(3, 6, 9, 11)",V7,A,D#,E,582.25,282.0
4659,F#,B,3,A,"(3, 6, 9, 11)",V7,A,D#,E,582.375,282.0
4660,F#,B,4,A,"(3, 6, 9, 11)",V7,A,D#,E,582.5,282.0
4661,F#,B,4,A,"(3, 6, 9, 11)",V7,A,D#,E,582.625,282.0
4662,F#,B,4,A,"(3, 6, 9, 11)",V7,A,D#,E,582.75,282.0
4663,F#,B,4,A,"(3, 6, 9, 11)",V7,A,D#,E,582.875,282.0
4664,B,E,0,A,"(4, 8, 11)",I,E,G#,E,583.0,283.0
4665,B,E,1,A,"(4, 8, 11)",I,E,G#,E,583.125,283.0
4666,B,E,2,A,"(4, 8, 11)",I,E,G#,E,583.25,283.0
4667,B,E,2,A,"(4, 8, 11)",I,E,G#,E,583.375,283.0
4668,B,E,3,A,"(4, 8, 11)",I,E,G#,E,583.5,283.0
4669,B,E,3,A,"(4, 8, 11)",I,E,G#,E,583.625,283.0
4670,B,E,3,A,"(4, 8, 11)",I,E,G#,E,583.75,283.0
4671,B,E,3,A,"(4, 8, 11)",I,E,G#,E,583.875,283.0
4672,B,E,4,A,"(4, 8, 11)",I,E,G#,E,584.0,283.0
4673,B,E,4,A,"(4, 8, 11)",I,E,G#,E,584.125,283.0
4674,B,E,4,A,"(4, 8, 11)",I,E,G#,E,584.25,283.0
4675,B,E,4,A,"(4, 8, 11)",I,E,G#,E,584.375,283.0
4676,B,E,4,A,"(4, 8, 11)",I,E,G#,E,584.5,283.0
4677,B,E,4,A,"(4, 8, 11)",I,E,G#,E,584.625,283.0
4678,B,E,4,A,"(4, 8, 11)",I,E,G#,E,584.75,283.0
4679,B,E,4,A,"(4, 8, 11)",I,E,G#,E,584.875,283.0
4680,B,E,5,A,"(4, 8, 11)",I,E,G#,E,585.0,283.0
4681,B,E,5,A,"(4, 8, 11)",I,E,G#,E,585.125,283.0
4682,B,E,5,A,"(4, 8, 11)",I,E,G#,E,585.25,283.0
4683,B,E,5,A,"(4, 8, 11)",I,E,G#,E,585.375,283.0
4684,B,E,5,A,"(4, 8, 11)",I,E,G#,E,585.5,283.0
4685,B,E,5,A,"(4, 8, 11)",I,E,G#,E,585.625,283.0
4686,B,E,5,A,"(4, 8, 11)",I,E,G#,E,585.75,283.0
4687,B,E,5,A,"(4, 8, 11)",I,E,G#,E,585.875,283.0
4688,E,A,0,A,"(1, 4, 9)",I,A,C#,E,586.0,284.0
4689,E,A,1,A,"(1, 4, 9)",IV,A,C#,E,586.125,284.0
4690,E,A,2,A,"(1, 4, 9)",IV,A,C#,E,586.25,284.0
4691,E,A,2,A,"(1, 4, 9)",IV,A,C#,E,586.375,284.0
4692,E,A,3,A,"(1, 4, 9)",IV,A,C#,E,586.5,284.0
4693,E,A,3,A,"(1, 4, 9)",IV,A,C#,E,586.625,284.0
4694,E,A,3,A,"(1, 4, 9)",IV,A,C#,E,586.75,284.0
4695,E,A,3,A,"(1, 4, 9)",IV,A,C#,E,586.875,284.0
4696,E,A,4,A,"(1, 4, 9)",IV,A,C#,E,587.0,284.0
4697,E,A,4,A,"(1, 4, 9)",IV,A,C#,E,587.125,284.0
4698,E,A,4,A,"(1, 4, 9)",ii7,A,C#,E,587.25,284.0
4699,E,A,4,A,"(1, 4, 9)",ii7,A,C#,E,587.375,284.0
4700,F#,B,0,A,"(3, 6, 9, 11)",V7,A,D#,E,587.5,284.0
4701,F#,B,1,A,"(3, 6, 9, 11)",V7,A,D#,E,587.625,284.0
4702,F#,B,2,A,"(3, 6, 9, 11)",V7,A,D#,E,587.75,284.0
4703,F#,B,2,A,"(3, 6, 9, 11)",V7,A,D#,E,587.875,284.0
4704,F#,B,3,A,"(3, 6, 9, 11)",V7,A,D#,E,588.0,284.0
4705,F#,B,3,A,"(3, 6, 9, 11)",V7,A,D#,E,588.125,284.0
4706,F#,B,3,A,"(3, 6, 9, 11)",V7,A,D#,E,588.25,284.0
4707,F#,B,3,A,"(3, 6, 9, 11)",V7,A,D#,E,588.375,284.0
4708,F#,B,4,A,"(3, 6, 9, 11)",V7,A,D#,E,588.5,284.0
4709,F#,B,4,A,"(3, 6, 9, 11)",V7,A,D#,E,588.625,284.0
4710,F#,B,4,A,"(3, 6, 9, 11)",V7,A,D#,E,588.75,284.0
4711,F#,B,4,A,"(3, 6, 9, 11)",V7,A,D#,E,588.875,284.0
4712,B,E,0,A,"(4, 8, 11)",I,E,G#,E,589.0,285.0
4713,B,E,1,A,"(4, 8, 11)",I,E,G#,E,589.125,285.0
4714,B,E,2,A,"(4, 8, 11)",I,E,G#,E,589.25,285.0
4715,B,E,2,A,"(4, 8, 11)",I,E,G#,E,589.375,285.0
4716,B,E,3,A,"(4, 8, 11)",I,E,G#,E,589.5,285.0
4717,B,E,3,A,"(4, 8, 11)",I,E,G#,E,589.625,285.0
4718,B,E,3,A,"(4, 8, 11)",I,E,G#,E,589.75,285.0
4719,B,E,3,A,"(4, 8, 11)",I,E,G#,E,589.875,285.0
4720,B,E,4,A,"(4, 8, 11)",I,E,G#,E,590.0,285.0
4721,B,E,4,A,"(4, 8, 11)",I,E,G#,E,590.125,285.0
4722,B,E,4,A,"(4, 8, 11)",I,E,G#,E,590.25,285.0
4723,B,E,4,A,"(4, 8, 11)",I,E,G#,E,590.375,285.0
4724,B,E,4,A,"(4, 8, 11)",I,E,G#,E,590.5,285.0
4725,B,E,4,A,"(4, 8, 11)",I,E,G#,E,590.625,285.0
4726,B,E,4,A,"(4, 8, 11)",I,E,G#,E,590.75,285.0
4727,B,E,4,A,"(4, 8, 11)",I,E,G#,E,590.875,285.0
4728,B,E,5,A,"(4, 8, 11)",I,E,G#,E,591.0,285.0
4729,B,E,5,A,"(4, 8, 11)",I,E,G#,E,591.125,285.0
4730,B,E,5,A,"(4, 8, 11)",I,E,G#,E,591.25,285.0
4731,B,E,5,A,"(4, 8, 11)",I,E,G#,E,591.375,285.0
4732,B,E,5,A,"(4, 8, 11)",I,E,G#,E,591.5,285.0
4733,B,E,5,A,"(4, 8, 11)",I,E,G#,E,591.625,285.0
4734,B,E,5,A,"(4, 8, 11)",I,E,G#,E,591.75,285.0
4735,B,E,5,A,"(4, 8, 11)",I,E,G#,E,591.875,285.0
4736,E,A,0,A,"(1, 4, 9)",I,A,C#,E,592.0,286.0
4737,E,A,1,A,"(1, 4, 9)",IV,A,C#,E,592.125,286.0
4738,E,A,2,A,"(1, 4, 9)",IV,A,C#,E,592.25,286.0
4739,E,A,2,A,"(1, 4, 9)",IV,A,C#,E,592.375,286.0
4740,E,A,3,A,"(1, 4, 9)",IV,A,C#,E,592.5,286.0
4741,E,A,3,A,"(1, 4, 9)",IV,A,C#,E,592.625,286.0
4742,E,A,3,A,"(1, 4, 9)",IV,A,C#,E,592.75,286.0
4743,E,A,3,A,"(1, 4, 9)",IV,A,C#,E,592.875,286.0
4744,E,A,4,A,"(1, 4, 9)",IV,A,C#,E,593.0,286.0
4745,E,A,4,A,"(1, 4, 9)",IV,A,C#,E,593.125,286.0
4746,E,A,4,A,"(1, 4, 9)",IV,A,C#,E,593.25,286.0
4747,E,A,4,A,"(1, 4, 9)",IV,A,C#,E,593.375,286.0
4748,F#,B,0,A,"(3, 6, 9, 11)",V7,A,D#,E,593.5,286.0
4749,F#,B,1,A,"(3, 6, 9, 11)",V7,A,D#,E,593.625,286.0
4750,F#,B,2,A,"(3, 6, 9, 11)",V7,A,D#,E,593.75,286.0
4751,F#,B,2,A,"(3, 6, 9, 11)",V7,A,D#,E,593.875,286.0
4752,F#,B,3,A,"(3, 6, 9, 11)",V7,A,D#,E,594.0,286.0
4753,F#,B,3,A,"(3, 6, 9, 11)",V7,A,D#,E,594.125,286.0
4754,F#,B,3,A,"(3, 6, 9, 11)",V7,A,D#,E,594.25,286.0
4755,F#,B,3,A,"(3, 6, 9, 11)",V7,A,D#,E,594.375,286.0
4756,F#,B,4,A,"(3, 6, 9, 11)",V7,A,D#,E,594.5,286.0
4757,F#,B,4,A,"(3, 6, 9, 11)",V7,A,D#,E,594.625,286.0
4758,F#,B,4,A,"(3, 6, 9, 11)",V7,A,D#,E,594.75,286.0
4759,F#,B,4,A,"(3, 6, 9, 11)",V7,A,D#,E,594.875,286.0
4760,B,E,0,A,"(4, 8, 11)",I,E,G#,E,595.0,287.0
4761,B,E,1,A,"(4, 8, 11)",I,E,G#,E,595.125,287.0
4762,B,E,2,A,"(4, 8, 11)",I,E,G#,E,595.25,287.0
4763,B,E,2,A,"(4, 8, 11)",I,E,G#,E,595.375,287.0
4764,B,E,3,A,"(4, 8, 11)",I,E,G#,E,595.5,287.0
4765,B,E,3,A,"(4, 8, 11)",I,E,G#,E,595.625,287.0
4766,B,E,3,A,"(4, 8, 11)",I,E,G#,E,595.75,287.0
4767,B,E,3,A,"(4, 8, 11)",I,E,G#,E,595.875,287.0
4768,B,E,4,A,"(4, 8, 11)",I,E,G#,E,596.0,287.0
4769,B,E,4,A,"(4, 8, 11)",I,E,G#,E,596.125,287.0
4770,B,E,4,A,"(4, 8, 11)",I,E,G#,E,596.25,287.0
4771,B,E,4,A,"(4, 8, 11)",I,E,G#,E,596.375,287.0
4772,B,E,4,A,"(4, 8, 11)",I,E,G#,E,596.5,287.0
4773,B,E,4,A,"(4, 8, 11)",I,E,G#,E,596.625,287.0
4774,B,E,4,A,"(4, 8, 11)",I,E,G#,E,596.75,287.0
4775,B,E,4,A,"(4, 8, 11)",I,E,G#,E,596.875,287.0
4776,B,E,5,A,"(4, 8, 11)",I,E,G#,E,597.0,287.0
4777,B,E,5,A,"(4, 8, 11)",I,E,G#,E,597.125,287.0
4778,B,E,5,A,"(4, 8, 11)",I,E,G#,E,597.25,287.0
4779,B,E,5,A,"(4, 8, 11)",I,E,G#,E,597.375,287.0
4780,B,E,5,A,"(4, 8, 11)",I,E,G#,E,597.5,287.0
4781,B,E,5,A,"(4, 8, 11)",I,E,G#,E,597.625,287.0
4782,B,E,5,A,"(4, 8, 11)",I,E,G#,E,597.75,287.0
4783,B,E,5,A,"(4, 8, 11)",I,E,G#,E,597.875,287.0
4784,E,A,0,A,"(1, 4, 9)",I,A,C#,E,598.0,288.0
4785,E,A,1,A,"(1, 4, 9)",IV,A,C#,E,598.125,288.0
4786,E,A,2,A,"(1, 4, 9)",IV,A,C#,E,598.25,288.0
4787,E,A,2,A,"(1, 4, 9)",IV,A,C#,E,598.375,288.0
4788,E,A,3,A,"(1, 4, 9)",IV,A,C#,E,598.5,288.0
4789,E,A,3,A,"(1, 4, 9)",IV,A,C#,E,598.625,288.0
4790,E,A,3,A,"(1, 4, 9)",IV,A,C#,E,598.75,288.0
4791,E,A,3,A,"(1, 4, 9)",IV,A,C#,E,598.875,288.0
4792,E,A,4,A,"(1, 4, 9)",IV,A,C#,E,599.0,288.0
4793,E,A,4,A,"(1, 4, 9)",ii,A,C#,E,599.125,288.0
4794,E,A,4,A,"(1, 4, 9)",ii,A,C#,E,599.25,288.0
4795,E,A,4,A,"(1, 4, 9)",ii,A,C#,E,599.375,288.0
4796,F#,B,0,A,"(3, 6, 9, 11)",V7,A,D#,E,599.5,288.0
4797,F#,B,1,A,"(3, 6, 9, 11)",V7,A,D#,E,599.625,288.0
4798,F#,B,2,A,"(3, 6, 9, 11)",V7,A,D#,E,599.75,288.0
4799,F#,B,2,A,"(3, 6, 9, 11)",V7,A,D#,E,599.875,288.0
4800,F#,B,3,A,"(3, 6, 9, 11)",V7,A,D#,E,600.0,288.0
4801,F#,B,3,A,"(3, 6, 9, 11)",V7,A,D#,E,600.125,288.0
4802,F#,B,3,A,"(3, 6, 9, 11)",V7,A,D#,E,600.25,288.0
4803,F#,B,3,A,"(3, 6, 9, 11)",V7,A,D#,E,600.375,288.0
4804,F#,A,4,A,"(3, 6, 9, 11)",V7,A,D#,E,600.5,288.0
4805,F#,A,4,A,"(3, 6, 9, 11)",V7,A,D#,E,600.625,288.0
4806,F#,A,4,A,"(3, 6, 9, 11)",V7,A,D#,E,600.75,288.0
4807,F#,A,4,A,"(3, 6, 9, 11)",V7,A,D#,E,600.875,288.0
4808,F#,B,0,A,"(4, 8, 11)",V,E,D#,E,601.0,289.0
4809,F#,B,1,A,"(4, 8, 11)",V,E,D#,E,601.125,289.0
4810,F#,B,2,A,"(4, 8, 11)",V,E,D#,E,601.25,289.0
4811,F#,B,2,A,"(4, 8, 11)",V,E,D#,E,601.375,289.0
4812,F#,B,3,A,"(4, 8, 11)",V,E,D#,E,601.5,289.0
4813,F#,B,3,A,"(4, 8, 11)",V,E,D#,E,601.625,289.0
4814,F#,B,3,A,"(4, 8, 11)",V,E,D#,E,601.75,289.0
4815,F#,B,3,A,"(4, 8, 11)",V,E,D#,E,601.875,289.0
4816,F#,B,4,A,"(4, 8, 11)",V,E,D#,E,602.0,289.0
4817,F#,B,4,A,"(4, 8, 11)",V,E,D#,E,602.125,289.0
4818,F#,B,4,A,"(4, 8, 11)",V,E,D#,E,602.25,289.0
4819,F#,B,4,A,"(4, 8, 11)",V,E,D#,E,602.375,289.0
4820,F#,B,4,A,"(4, 8, 11)",V,E,D#,E,602.5,289.0
4821,F#,B,4,A,"(3, 6, 11)",V,B,D#,E,602.625,289.0
4822,F#,B,4,A,"(3, 6, 11)",V,B,D#,E,602.75,289.0
4823,F#,B,4,A,"(3, 6, 11)",V,B,D#,E,602.875,289.0
4824,F#,B,5,A,"(3, 6, 11)",V,B,D#,E,603.0,289.0
4825,F#,B,5,A,"(3, 6, 11)",V,B,D#,E,603.125,289.0
4826,F#,B,5,A,"(3, 6, 11)",V,B,D#,E,603.25,289.0
4827,F#,B,5,A,"(3, 6, 11)",V,B,D#,E,603.375,289.0
4828,F#,B,5,A,"(3, 6, 11)",V,B,D#,E,603.5,289.0
4829,F#,B,5,A,"(3, 6, 11)",V,B,D#,E,603.625,289.0
4830,F#,B,5,A,"(3, 6, 11)",V,B,D#,E,603.75,289.0
4831,F#,B,5,A,"(3, 6, 11)",V,B,D#,E,603.875,289.0
4832,G#,B,0,A,"(4, 8, 11)",V7,E,G#,E,604.0,290.0
4833,G#,B,1,A,"(4, 8, 11)",V,E,E,E,604.125,290.0
4834,G#,B,2,A,"(4, 8, 11)",V,E,E,E,604.25,290.0
4835,G#,B,2,A,"(4, 8, 11)",V,E,E,E,604.375,290.0
4836,G#,B,3,A,"(4, 8, 11)",V,E,E,E,604.5,290.0
4837,G#,B,3,A,"(4, 8, 11)",V,E,E,E,604.625,290.0
4838,G#,B,3,A,"(4, 8, 11)",V,E,E,E,604.75,290.0
4839,G#,B,3,A,"(4, 8, 11)",V,E,E,E,604.875,290.0
4840,G#,B,4,A,"(4, 8, 11)",V,E,E,E,605.0,290.0
4841,G#,B,4,A,"(4, 8, 11)",V,E,E,E,605.125,290.0
4842,G#,B,4,A,"(4, 8, 11)",V,E,E,E,605.25,290.0
4843,G#,B,4,A,"(4, 8, 11)",V,E,E,E,605.375,290.0
4844,F#,B,0,A,"(3, 6, 9, 11)",V7,A,D#,E,605.5,290.0
4845,F#,B,1,A,"(3, 6, 9, 11)",V7,B,D#,E,605.625,290.0
4846,F#,B,2,A,"(3, 6, 9, 11)",V7,B,D#,E,605.75,290.0
4847,F#,B,2,A,"(3, 6, 9, 11)",V7,B,D#,E,605.875,290.0
4848,F#,B,3,A,"(3, 6, 9, 11)",V7,A,D#,E,606.0,290.0
4849,F#,B,3,A,"(3, 6, 9, 11)",V7,A,D#,E,606.125,290.0
4850,F#,B,3,A,"(3, 6, 9, 11)",V7,A,D#,E,606.25,290.0
4851,F#,B,3,A,"(3, 6, 9, 11)",V7,A,D#,E,606.375,290.0
4852,F#,B,4,A,"(3, 6, 9, 11)",V7,A,D#,E,606.5,290.0
4853,F#,B,4,A,"(3, 6, 9, 11)",V7,A,D#,E,606.625,290.0
4854,F#,B,4,A,"(3, 6, 9, 11)",V7,A,D#,E,606.75,290.0
4855,F#,B,4,A,"(3, 6, 9, 11)",V7,A,D#,E,606.875,290.0
4856,F#,B,0,A,"(3, 6, 9, 11)",V7,A,D#,E,607.0,291.0
4857,F#,B,1,A,"(3, 6, 9, 11)",V7,A,D#,E,607.125,291.0
4858,F#,B,2,A,"(3, 6, 9, 11)",V7,A,D#,E,607.25,291.0
4859,F#,B,2,A,"(3, 6, 9, 11)",V7,A,D#,E,607.375,291.0
4860,F#,B,3,A,"(3, 6, 9, 11)",V7,A,D#,E,607.5,291.0
4861,F#,B,3,A,"(3, 6, 9, 11)",V7,A,D#,E,607.625,291.0
4862,F#,B,3,A,"(3, 6, 9, 11)",V7,A,D#,E,607.75,291.0
4863,F#,B,3,A,"(3, 6, 9, 11)",V7,A,D#,E,607.875,291.0
4864,F#,B,4,A,"(3, 6, 9, 11)",V7,A,D#,E,608.0,291.0
4865,F#,B,4,A,"(3, 6, 9, 11)",V7,A,D#,E,608.125,291.0
4866,F#,B,4,A,"(3, 6, 9, 11)",V7,A,D#,E,608.25,291.0
4867,F#,B,4,A,"(3, 6, 9, 11)",V7,A,D#,E,608.375,291.0
4868,F#,B,4,A,"(3, 6, 9, 11)",V7,A,D#,E,608.5,291.0
4869,F#,B,4,A,"(3, 6, 9, 11)",V7,A,D#,E,608.625,291.0
4870,F#,B,4,A,"(3, 6, 9, 11)",V7,A,D#,E,608.75,291.0
4871,F#,B,4,A,"(3, 6, 9, 11)",V7,A,D#,E,608.875,291.0
4872,F#,B,5,A,"(3, 6, 9, 11)",V7,A,D#,E,609.0,291.0
4873,F#,B,5,A,"(3, 6, 9, 11)",V7,A,D#,E,609.125,291.0
4874,F#,B,5,A,"(3, 6, 9, 11)",V7,A,D#,E,609.25,291.0
4875,F#,B,5,A,"(3, 6, 9, 11)",V7,A,D#,E,609.375,291.0
4876,F#,B,5,A,"(3, 6, 9, 11)",V7,A,D#,E,609.5,291.0
4877,F#,B,5,A,"(3, 6, 9, 11)",V7,A,D#,E,609.625,291.0
4878,F#,B,5,A,"(3, 6, 9, 11)",V7,A,D#,E,609.75,291.0
4879,F#,B,5,A,"(3, 6, 9, 11)",V7,A,D#,E,609.875,291.0
4880,B,E,0,A,"(4, 8, 11)",V,E,G#,A,610.0,292.0
4881,B,E,1,A,"(4, 8, 11)",V,E,G#,A,610.125,292.0
4882,B,E,2,A,"(4, 8, 11)",V,E,G#,A,610.25,292.0
4883,B,E,2,A,"(4, 8, 11)",V,E,G#,A,610.375,292.0
4884,B,E,3,A,"(4, 8, 11)",V,E,G#,A,610.5,292.0
4885,B,E,3,A,"(4, 8, 11)",V,E,G#,A,610.625,292.0
4886,B,E,3,A,"(4, 8, 11)",V,E,G#,A,610.75,292.0
4887,B,E,3,A,"(4, 8, 11)",V,E,G#,A,610.875,292.0
4888,B,E,4,A,"(4, 8, 11)",V,E,G#,A,611.0,292.0
4889,B,E,4,A,"(4, 8, 11)",V,E,G#,A,611.125,292.0
4890,B,E,4,A,"(4, 8, 11)",V,E,G#,A,611.25,292.0
4891,B,E,4,A,"(4, 8, 11)",V,E,G#,A,611.375,292.0
4892,B,E,4,A,"(4, 8, 11)",V,E,G#,A,611.5,292.0
4893,B,E,4,A,"(4, 8, 11)",I,E,G#,A,611.625,292.0
4894,B,E,4,A,"(4, 8, 11)",I,E,G#,A,611.75,292.0
4895,B,E,4,A,"(4, 8, 11)",I,E,G#,A,611.875,292.0
4896,B,E,5,A,"(4, 8, 11)",V,E,G#,A,612.0,292.0
4897,B,E,5,A,"(4, 8, 11)",V,E,G#,A,612.125,292.0
4898,B,E,5,A,"(4, 8, 11)",V,E,G#,A,612.25,292.0
4899,B,E,5,A,"(4, 8, 11)",V,E,G#,A,612.375,292.0
4900,B,E,5,A,"(4, 8, 11)",I,E,G#,A,612.5,292.0
4901,B,E,5,A,"(4, 8, 11)",I,E,G#,A,612.625,292.0
4902,B,E,5,A,"(4, 8, 11)",I,E,G#,A,612.75,292.0
4903,B,E,5,A,"(4, 8, 11)",I,E,G#,A,612.875,292.0
4904,A#,E,0,A,"(1, 4, 6, 10)",V7,C#,F#,b,613.0,293.0
4905,A#,E,1,A,"(1, 4, 6, 10)",V7,C#,F#,b,613.125,293.0
4906,A#,E,2,A,"(1, 4, 6, 10)",V7,C#,F#,b,613.25,293.0
4907,A#,E,2,A,"(1, 4, 6, 10)",V7,C#,F#,b,613.375,293.0
4908,A#,E,3,A,"(1, 4, 6, 10)",V7,C#,F#,b,613.5,293.0
4909,A#,E,3,A,"(1, 4, 6, 10)",V7,C#,F#,b,613.625,293.0
4910,A#,E,3,A,"(1, 4, 6, 10)",V7,C#,F#,b,613.75,293.0
4911,A#,E,3,A,"(1, 4, 6, 10)",V7,C#,F#,b,613.875,293.0
4912,A#,E,4,A,"(1, 4, 6, 10)",V7,C#,F#,b,614.0,293.0
4913,A#,E,4,A,"(1, 4, 6, 10)",V7,C#,F#,b,614.125,293.0
4914,A#,E,4,A,"(1, 4, 6, 10)",V7,C#,F#,b,614.25,293.0
4915,A#,E,4,A,"(1, 4, 6, 10)",V7,C#,F#,b,614.375,293.0
4916,A#,E,4,A,"(1, 4, 6, 10)",V7,C#,F#,b,614.5,293.0
4917,A#,E,4,A,"(1, 4, 6, 10)",V7,C#,F#,b,614.625,293.0
4918,A#,E,4,A,"(1, 4, 6, 10)",V7,C#,F#,b,614.75,293.0
4919,A#,E,4,A,"(1, 4, 6, 10)",V7,C#,F#,b,614.875,293.0
4920,A#,E,5,A,"(1, 4, 6, 10)",V7,C#,F#,b,615.0,293.0
4921,A#,E,5,A,"(1, 4, 6, 10)",V7,C#,F#,b,615.125,293.0
4922,A#,E,5,A,"(1, 4, 6, 10)",V7,C#,F#,b,615.25,293.0
4923,A#,E,5,A,"(1, 4, 6, 10)",V7,C#,F#,b,615.375,293.0
4924,A#,E,5,A,"(1, 4, 6, 10)",V7,C#,F#,b,615.5,293.0
4925,A#,E,5,A,"(1, 4, 6, 10)",V7,C#,F#,b,615.625,293.0
4926,A#,E,5,A,"(1, 4, 6, 10)",V7,C#,F#,b,615.75,293.0
4927,A#,E,5,A,"(1, 4, 6, 10)",V7,C#,F#,b,615.875,293.0
4928,B,D,0,A,"(2, 6, 11)",ii,B,F#,A,616.0,294.0
4929,B,D,1,A,"(2, 6, 11)",ii,B,F#,A,616.125,294.0
4930,B,D,2,A,"(2, 6, 11)",ii,B,F#,A,616.25,294.0
4931,B,D,2,A,"(2, 6, 11)",ii,B,F#,A,616.375,294.0
4932,B,D,3,A,"(2, 6, 11)",ii,B,F#,A,616.5,294.0
4933,B,D,3,A,"(2, 6, 11)",ii,B,F#,A,616.625,294.0
4934,B,D,3,A,"(2, 6, 11)",ii,B,F#,A,616.75,294.0
4935,B,D,3,A,"(2, 6, 11)",ii,B,F#,A,616.875,294.0
4936,B,D,4,A,"(2, 6, 11)",ii,B,F#,A,617.0,294.0
4937,B,D,4,A,"(2, 6, 11)",ii,B,F#,A,617.125,294.0
4938,B,D,4,A,"(2, 6, 11)",ii,B,F#,A,617.25,294.0
4939,B,D,4,A,"(2, 6, 11)",ii,B,F#,A,617.375,294.0
4940,G#,D,4,A,"(2, 4, 8, 11)",V7,B,E,A,617.5,294.0
4941,G#,D,4,A,"(2, 4, 8, 11)",V7,B,E,A,617.625,294.0
4942,G#,D,4,A,"(2, 4, 8, 11)",V7,B,E,A,617.75,294.0
4943,G#,D,4,A,"(2, 4, 8, 11)",V7,B,E,A,617.875,294.0
4944,G#,D,3,A,"(2, 4, 8, 11)",V7,B,E,A,618.0,294.0
4945,G#,D,3,A,"(2, 4, 8, 11)",V7,B,E,A,618.125,294.0
4946,G#,D,3,A,"(2, 4, 8, 11)",V7,B,E,A,618.25,294.0
4947,G#,D,3,A,"(2, 4, 8, 11)",V7,B,E,A,618.375,294.0
4948,G#,D,5,A,"(2, 4, 8, 11)",V7,B,E,A,618.5,294.0
4949,G#,D,5,A,"(2, 4, 8, 11)",V7,B,E,A,618.625,294.0
4950,G#,D,5,A,"(2, 4, 8, 11)",V7,B,E,A,618.75,294.0
4951,G#,D,5,A,"(2, 4, 8, 11)",V7,B,E,A,618.875,294.0
4952,A,C#,0,A,"(1, 4, 9)",I,A,E,A,619.0,295.0
4953,A,C#,1,A,"(1, 4, 9)",I,A,E,A,619.125,295.0
4954,A,C#,2,A,"(1, 4, 9)",I,A,E,A,619.25,295.0
4955,A,C#,2,A,"(1, 4, 9)",I,A,E,A,619.375,295.0
4956,A,C#,3,A,"(1, 4, 9)",I,A,E,A,619.5,295.0
4957,A,C#,3,A,"(1, 4, 9)",I,A,E,A,619.625,295.0
4958,A,C#,3,A,"(1, 4, 9)",I,A,E,A,619.75,295.0
4959,A,C#,3,A,"(1, 4, 9)",I,A,E,A,619.875,295.0
4960,A,C#,4,A,"(1, 4, 9)",I,A,E,A,620.0,295.0
4961,A,C#,4,A,"(1, 4, 9)",I,A,E,A,620.125,295.0
4962,A,C#,4,A,"(1, 4, 9)",I,A,E,A,620.25,295.0
4963,A,C#,4,A,"(1, 4, 9)",I,A,E,A,620.375,295.0
4964,E,B,0,A,"(2, 4, 8, 11)",V7,G#,D,A,620.5,295.0
4965,E,B,1,A,"(2, 4, 8, 11)",V7,G#,D,A,620.625,295.0
4966,E,B,2,A,"(2, 4, 8, 11)",V7,G#,D,A,620.75,295.0
4967,E,B,2,A,"(2, 4, 8, 11)",V7,G#,D,A,620.875,295.0
4968,E,B,3,A,"(2, 4, 8, 11)",V7,G#,D,A,621.0,295.0
4969,E,B,3,A,"(2, 4, 8, 11)",V7,G#,D,A,621.125,295.0
4970,E,B,3,A,"(2, 4, 8, 11)",V7,G#,D,A,621.25,295.0
4971,E,B,3,A,"(2, 4, 8, 11)",V7,G#,D,A,621.375,295.0
4972,E,A,0,A,"(1, 4, 9)",I,A,C#,A,621.5,295.0
4973,E,A,1,A,"(1, 4, 9)",I,A,C#,A,621.625,295.0
4974,E,A,2,A,"(1, 4, 9)",I,A,C#,A,621.75,295.0
4975,E,A,2,A,"(1, 4, 9)",I,A,C#,A,621.875,295.0
4976,B,E,0,A,"(4, 8, 11)",V,E,G#,A,622.0,296.0
4977,B,E,1,A,"(4, 8, 11)",V,E,G#,A,622.125,296.0
4978,B,E,2,A,"(4, 8, 11)",V,E,G#,A,622.25,296.0
4979,B,E,2,A,"(4, 8, 11)",V,E,G#,A,622.375,296.0
4980,B,E,3,A,"(4, 8, 11)",V,E,G#,A,622.5,296.0
4981,B,E,3,A,"(4, 8, 11)",V,E,G#,A,622.625,296.0
4982,B,E,3,A,"(4, 8, 11)",V,E,G#,A,622.75,296.0
4983,B,E,3,A,"(4, 8, 11)",V,E,G#,A,622.875,296.0
4984,B,E,4,A,"(4, 8, 11)",V,E,G#,A,623.0,296.0
4985,B,E,4,A,"(4, 8, 11)",V,E,G#,A,623.125,296.0
4986,B,E,4,A,"(4, 8, 11)",V,E,G#,A,623.25,296.0
4987,B,E,4,A,"(4, 8, 11)",V,E,G#,A,623.375,296.0
4988,B,E,0,A,"(4, 8, 11)",V,E,G#,A,623.5,296.0
4989,B,E,1,A,"(4, 8, 11)",V,E,G#,A,623.625,296.0
4990,B,E,2,A,"(4, 8, 11)",V,E,G#,A,623.75,296.0
4991,B,E,4,A,"(4, 8, 11)",V,E,G#,A,623.875,296.0
4992,B,E,3,A,"(4, 8, 11)",V,E,G#,A,624.0,296.0
4993,B,E,3,A,"(4, 8, 11)",V,E,G#,A,624.125,296.0
4994,B,E,3,A,"(4, 8, 11)",V,E,G#,A,624.25,296.0
4995,B,E,3,A,"(4, 8, 11)",V,E,G#,A,624.375,296.0
4996,B,E,4,A,"(4, 8, 11)",V,E,G#,A,624.5,296.0
4997,B,E,4,A,"(4, 8, 11)",V,E,G#,A,624.625,296.0
4998,B,E,4,A,"(4, 8, 11)",V,E,G#,A,624.75,296.0
4999,B,E,4,A,"(4, 8, 11)",V,E,G#,A,624.875,296.0
5000,E,A,0,A,"(1, 4, 9)",I,A,C#,A,625.0,297.0
5001,E,A,1,A,"(1, 4, 9)",I,A,C#,A,625.125,297.0
5002,E,A,2,A,"(1, 4, 9)",I,A,C#,A,625.25,297.0
5003,E,A,2,A,"(1, 4, 9)",I,A,C#,A,625.375,297.0
5004,E,A,3,A,"(1, 4, 9)",I,A,C#,A,625.5,297.0
5005,E,A,3,A,"(1, 4, 9)",I,A,C#,A,625.625,297.0
5006,E,A,3,A,"(1, 4, 9)",I,A,C#,A,625.75,297.0
5007,E,A,3,A,"(1, 4, 9)",I,A,C#,A,625.875,297.0
5008,E,A,4,A,"(1, 4, 9)",I,A,C#,A,626.0,297.0
5009,E,A,4,A,"(1, 4, 9)",I,A,C#,A,626.125,297.0
5010,E,A,4,A,"(1, 4, 9)",I,A,C#,A,626.25,297.0
5011,E,A,4,A,"(1, 4, 9)",I,A,C#,A,626.375,297.0
5012,E,A,4,A,"(1, 4, 9)",I,A,C#,A,626.5,297.0
5013,E,A,4,A,"(1, 4, 9)",I,A,C#,A,626.625,297.0
5014,E,A,2,A,"(1, 4, 9)",I,A,C#,A,626.75,297.0
5015,E,A,4,A,"(1, 4, 9)",I,A,C#,A,626.875,297.0
5016,E,A,5,A,"(1, 4, 9)",I,A,C#,A,627.0,297.0
5017,E,A,5,A,"(1, 4, 9)",I,A,C#,A,627.125,297.0
5018,E,A,5,A,"(1, 4, 9)",I,A,C#,A,627.25,297.0
5019,E,A,5,A,"(1, 4, 9)",I,A,C#,A,627.375,297.0
5020,E,A,5,A,"(1, 4, 9)",I,A,C#,A,627.5,297.0
5021,E,A,5,A,"(1, 4, 9)",I,A,C#,A,627.625,297.0
5022,E,A,5,A,"(1, 4, 9)",I,A,C#,A,627.75,297.0
5023,E,A,5,A,"(1, 4, 9)",I,A,C#,A,627.875,297.0
5024,E,G#,0,A,"(4, 8, 11)",V,E,B,A,628.0,298.0
5025,E,G#,1,A,"(4, 8, 11)",V,E,B,A,628.125,298.0
5026,E,G#,2,A,"(4, 8, 11)",V,E,B,A,628.25,298.0
5027,E,G#,2,A,"(4, 8, 11)",V,E,B,A,628.375,298.0
5028,E,G#,3,A,"(4, 8, 11)",V,E,B,A,628.5,298.0
5029,E,G#,3,A,"(4, 8, 11)",V,E,B,A,628.625,298.0
5030,E,G#,3,A,"(4, 8, 11)",V,E,B,A,628.75,298.0
5031,E,G#,3,A,"(4, 8, 11)",V,E,B,A,628.875,298.0
5032,E,G#,4,A,"(4, 8, 11)",V,E,B,A,629.0,298.0
5033,E,G#,4,A,"(4, 8, 11)",V,E,B,A,629.125,298.0
5034,E,G#,4,A,"(4, 8, 11)",V,E,B,A,629.25,298.0
5035,E,G#,4,A,"(4, 8, 11)",V,E,B,A,629.375,298.0
5036,E,G#,4,A,"(4, 8, 11)",V,E,B,A,629.5,298.0
5037,E,G#,4,A,"(4, 8, 11)",V,E,B,A,629.625,298.0
5038,E,G#,4,A,"(4, 8, 11)",V,E,B,A,629.75,298.0
5039,E,G#,4,A,"(4, 8, 11)",V,E,B,A,629.875,298.0
5040,E,G#,5,A,"(4, 8, 11)",V7,E,B,A,630.0,298.0
5041,E,G#,5,A,"(4, 8, 11)",V7,E,B,A,630.125,298.0
5042,E,G#,5,A,"(4, 8, 11)",V7,E,B,A,630.25,298.0
5043,E,G#,5,A,"(4, 8, 11)",V7,E,B,A,630.375,298.0
5044,E,G#,4,A,"(4, 8, 11)",V7,E,B,A,630.5,298.0
5045,E,G#,4,A,"(4, 8, 11)",V7,E,B,A,630.625,298.0
5046,E,G#,4,A,"(4, 8, 11)",V7,E,B,A,630.75,298.0
5047,E,G#,4,A,"(4, 8, 11)",V7,E,B,A,630.875,298.0
5048,E,A,0,A,"(1, 4, 9)",I,A,C#,A,631.0,299.0
5049,E,A,1,A,"(1, 4, 9)",I,A,C#,A,631.125,299.0
5050,E,A,2,A,"(1, 4, 9)",I,A,C#,A,631.25,299.0
5051,E,A,2,A,"(1, 4, 9)",I,A,C#,A,631.375,299.0
5052,E,A,3,A,"(1, 4, 9)",I,A,C#,A,631.5,299.0
5053,E,A,3,A,"(1, 4, 9)",I,A,C#,A,631.625,299.0
5054,E,A,3,A,"(1, 4, 9)",I,A,C#,A,631.75,299.0
5055,E,A,3,A,"(1, 4, 9)",I,A,C#,A,631.875,299.0
5056,E,A,4,A,"(1, 4, 9)",I,A,C#,A,632.0,299.0
5057,E,A,4,A,"(1, 4, 9)",I,A,C#,A,632.125,299.0
5058,E,A,4,A,"(1, 4, 9)",I,A,C#,A,632.25,299.0
5059,E,A,4,A,"(1, 4, 9)",I,A,C#,A,632.375,299.0
5060,E,A,0,A,"(1, 4, 9)",I,A,C#,A,632.5,299.0
5061,E,A,1,A,"(1, 4, 9)",I,A,C#,A,632.625,299.0
5062,E,A,2,A,"(1, 4, 9)",I,A,C#,A,632.75,299.0
5063,E,A,2,A,"(1, 4, 9)",I,A,C#,A,632.875,299.0
5064,E,A,5,A,"(1, 4, 9)",I,A,C#,A,633.0,299.0
5065,E,A,5,A,"(1, 4, 9)",I,A,C#,A,633.125,299.0
5066,E,A,5,A,"(1, 4, 9)",I,A,C#,A,633.25,299.0
5067,E,A,5,A,"(1, 4, 9)",I,A,C#,A,633.375,299.0
5068,E,A,4,A,"(1, 4, 9)",I,A,C#,A,633.5,299.0
5069,E,A,4,A,"(1, 4, 9)",I,A,C#,A,633.625,299.0
5070,E,A,4,A,"(1, 4, 9)",I,A,C#,A,633.75,299.0
5071,E,A,4,A,"(1, 4, 9)",I,A,C#,A,633.875,299.0
5072,E,G#,0,A,"(4, 8, 11)",V,E,B,A,634.0,300.0
5073,E,G#,1,A,"(4, 8, 11)",V,E,B,A,634.125,300.0
5074,E,G#,2,A,"(4, 8, 11)",V,E,B,A,634.25,300.0
5075,E,G#,2,A,"(4, 8, 11)",V,E,B,A,634.375,300.0
5076,E,G#,3,A,"(4, 8, 11)",V,E,B,A,634.5,300.0
5077,E,G#,3,A,"(4, 8, 11)",V,E,B,A,634.625,300.0
5078,E,G#,3,A,"(4, 8, 11)",V,E,B,A,634.75,300.0
5079,E,G#,3,A,"(4, 8, 11)",V,E,B,A,634.875,300.0
5080,E,G#,4,A,"(4, 8, 11)",V,E,B,A,635.0,300.0
5081,E,G#,4,A,"(4, 8, 11)",V,E,B,A,635.125,300.0
5082,E,G#,4,A,"(4, 8, 11)",V,E,B,A,635.25,300.0
5083,E,G#,4,A,"(4, 8, 11)",V,E,B,A,635.375,300.0
5084,E,G#,4,A,"(4, 8, 11)",V,E,B,A,635.5,300.0
5085,E,G#,4,A,"(4, 8, 11)",V,E,B,A,635.625,300.0
5086,E,G#,4,A,"(4, 8, 11)",V,E,B,A,635.75,300.0
5087,E,G#,4,A,"(4, 8, 11)",V,E,B,A,635.875,300.0
5088,E,G#,5,A,"(4, 8, 11)",V,E,B,A,636.0,300.0
5089,E,G#,5,A,"(4, 8, 11)",V7,E,B,A,636.125,300.0
5090,E,G#,5,A,"(4, 8, 11)",V7,E,B,A,636.25,300.0
5091,E,G#,5,A,"(4, 8, 11)",V7,E,B,A,636.375,300.0
5092,E,G#,4,A,"(4, 8, 11)",V7,E,B,A,636.5,300.0
5093,E,G#,4,A,"(2, 4, 8, 11)",V7,E,B,A,636.625,300.0
5094,E,G#,4,A,"(2, 4, 8, 11)",V7,E,B,A,636.75,300.0
5095,E,G#,4,A,"(2, 4, 8, 11)",V7,E,B,A,636.875,300.0
5096,E,A,0,A,"(1, 4, 9)",I,A,C#,A,637.0,301.0
5097,E,A,1,A,"(1, 4, 9)",I,A,C#,A,637.125,301.0
5098,E,A,2,A,"(1, 4, 9)",I,A,C#,A,637.25,301.0
5099,E,A,2,A,"(1, 4, 9)",I,A,C#,A,637.375,301.0
5100,E,A,3,A,"(1, 4, 9)",I,A,C#,A,637.5,301.0
5101,E,A,3,A,"(1, 4, 9)",I,A,C#,A,637.625,301.0
5102,E,A,3,A,"(1, 4, 9)",I,A,C#,A,637.75,301.0
5103,E,A,3,A,"(1, 4, 9)",I,A,C#,A,637.875,301.0
5104,E,A,4,A,"(1, 4, 9)",I,A,C#,A,638.0,301.0
5105,E,A,4,A,"(1, 4, 9)",I,A,C#,A,638.125,301.0
5106,E,A,4,A,"(1, 4, 9)",I,A,C#,A,638.25,301.0
5107,E,A,4,A,"(1, 4, 9)",I,A,C#,A,638.375,301.0
5108,B,E,0,A,"(4, 8, 11)",V,E,G#,A,638.5,301.0
5109,B,E,1,A,"(4, 8, 11)",V,E,G#,A,638.625,301.0
5110,B,E,2,A,"(4, 8, 11)",V,E,G#,A,638.75,301.0
5111,B,E,2,A,"(4, 8, 11)",V,E,G#,A,638.875,301.0
5112,B,E,3,A,"(4, 8, 11)",V,E,G#,A,639.0,301.0
5113,B,E,3,A,"(4, 8, 11)",V7,E,G#,A,639.125,301.0
5114,B,E,3,A,"(4, 8, 11)",V,E,G#,A,639.25,301.0
5115,B,E,3,A,"(4, 8, 11)",V7,E,G#,A,639.375,301.0
5116,B,E,4,A,"(4, 8, 11)",V7,E,G#,A,639.5,301.0
5117,B,E,4,A,"(4, 8, 11)",V7,E,G#,A,639.625,301.0
5118,B,E,4,A,"(4, 8, 11)",V7,E,G#,A,639.75,301.0
5119,B,E,4,A,"(4, 8, 11)",I,E,G#,A,639.875,301.0
5120,E,A,0,A,"(1, 4, 9)",I,A,C#,A,640.0,302.0
5121,E,A,1,A,"(1, 4, 9)",I,A,C#,A,640.125,302.0
5122,E,A,2,A,"(1, 4, 9)",I,A,C#,A,640.25,302.0
5123,E,A,2,A,"(1, 4, 9)",I,A,C#,A,640.375,302.0
5124,E,A,3,A,"(1, 4, 9)",I,A,C#,A,640.5,302.0
5125,E,A,3,A,"(1, 4, 9)",I,A,C#,A,640.625,302.0
5126,E,A,3,A,"(1, 4, 9)",I,A,C#,A,640.75,302.0
5127,E,A,3,A,"(1, 4, 9)",I,A,C#,A,640.875,302.0
5128,E,A,4,A,"(1, 4, 9)",I,A,C#,A,641.0,302.0
5129,E,A,4,A,"(1, 4, 9)",I,A,C#,A,641.125,302.0
5130,E,A,4,A,"(1, 4, 9)",I,A,C#,A,641.25,302.0
5131,E,A,4,A,"(1, 4, 9)",I,A,C#,A,641.375,302.0
5132,E,A,4,A,"(1, 4, 9)",I,A,C#,A,641.5,302.0
5133,E,A,4,A,"(1, 4, 9)",I,A,C#,A,641.625,302.0
5134,E,A,4,A,"(1, 4, 9)",I,A,C#,A,641.75,302.0
5135,E,A,4,A,"(1, 4, 9)",I,A,C#,A,641.875,302.0
5136,E,A,3,A,"(1, 4, 9)",I,D,C#,A,642.0,302.0
5137,E,A,3,A,"(1, 4, 9)",I,D,C#,A,642.125,302.0
5138,E,A,3,A,"(1, 4, 9)",I,D,C#,A,642.25,302.0
5139,E,A,3,A,"(1, 4, 9)",I,D,C#,A,642.375,302.0
5140,E,A,4,A,"(1, 4, 9)",I,D,F#,A,642.5,302.0
5141,E,A,4,A,"(1, 4, 9)",I,D,F#,A,642.625,302.0
5142,E,A,4,A,"(1, 4, 9)",I,D,F#,A,642.75,302.0
5143,E,A,4,A,"(1, 4, 9)",I,D,F#,A,642.875,302.0
5144,E,E,0,A,"(1, 4, 9)",I,A,C#,A,643.0,303.0
5145,E,E,1,A,"(1, 4, 9)",I,A,C#,A,643.125,303.0
5146,E,E,2,A,"(1, 4, 9)",I,A,C#,A,643.25,303.0
5147,E,E,2,A,"(1, 4, 9)",I,A,C#,A,643.375,303.0
5148,E,E,3,A,"(1, 4, 9)",I,A,C#,A,643.5,303.0
5149,E,E,3,A,"(1, 4, 9)",I,A,C#,A,643.625,303.0
5150,E,E,3,A,"(1, 4, 9)",I,A,C#,A,643.75,303.0
5151,E,E,3,A,"(1, 4, 9)",I,A,C#,A,643.875,303.0
5152,B,E,4,A,"(2, 4, 8, 11)",V7,D,G#,A,644.0,303.0
5153,B,E,4,A,"(2, 4, 8, 11)",V7,D,G#,A,644.125,303.0
5154,B,E,4,A,"(2, 4, 8, 11)",V7,D,G#,A,644.25,303.0
5155,B,E,4,A,"(2, 4, 8, 11)",V7,D,G#,A,644.375,303.0
5156,B,E,0,A,"(2, 4, 8, 11)",V7,D,G#,A,644.5,303.0
5157,B,E,1,A,"(2, 4, 8, 11)",V7,D,G#,A,644.625,303.0
5158,B,E,2,A,"(2, 4, 8, 11)",V7,D,G#,A,644.75,303.0
5159,B,E,2,A,"(2, 4, 8, 11)",V7,D,G#,A,644.875,303.0
5160,B,E,3,A,"(2, 4, 8, 11)",V7,D,G#,A,645.0,303.0
5161,B,E,3,A,"(2, 4, 8, 11)",V7,D,G#,A,645.125,303.0
5162,B,E,3,A,"(2, 4, 8, 11)",V7,D,G#,A,645.25,303.0
5163,B,E,3,A,"(2, 4, 8, 11)",V7,D,G#,A,645.375,303.0
5164,B,E,4,A,"(2, 4, 8, 11)",V7,D,G#,A,645.5,303.0
5165,B,E,4,A,"(2, 4, 8, 11)",V7,D,G#,A,645.625,303.0
5166,B,E,4,A,"(2, 4, 8, 11)",V7,D,G#,A,645.75,303.0
5167,B,E,4,A,"(2, 4, 8, 11)",V7,D,G#,A,645.875,303.0
5168,E,A,0,A,"(1, 4, 9)",I,A,C#,A,646.0,304.0
5169,E,A,1,A,"(1, 4, 9)",I,A,C#,A,646.125,304.0
5170,E,A,2,A,"(1, 4, 9)",I,A,C#,A,646.25,304.0
5171,E,A,2,A,"(1, 4, 9)",I,A,C#,A,646.375,304.0
5172,E,A,3,A,"(1, 4, 9)",I,A,C#,A,646.5,304.0
5173,E,A,3,A,"(1, 4, 9)",I,A,C#,A,646.625,304.0
5174,E,A,3,A,"(1, 4, 9)",I,A,C#,A,646.75,304.0
5175,E,A,3,A,"(1, 4, 9)",I,A,C#,A,646.875,304.0
5176,E,A,4,A,"(1, 4, 9)",I,A,C#,A,647.0,304.0
5177,E,A,4,A,"(1, 4, 9)",I,A,C#,A,647.125,304.0
5178,E,A,4,A,"(1, 4, 9)",I,A,C#,A,647.25,304.0
5179,E,A,4,A,"(1, 4, 9)",I,A,C#,A,647.375,304.0
5180,E,A,0,A,"(1, 4, 9)",I,A,C#,A,647.5,304.0
5181,E,A,1,A,"(1, 4, 9)",I,D,C#,A,647.625,304.0
5182,E,A,2,A,"(1, 4, 9)",I,D,C#,A,647.75,304.0
5183,E,A,2,A,"(1, 4, 9)",I,D,C#,A,647.875,304.0
5184,E,A,3,A,"(1, 4, 9)",I,D,F#,A,648.0,304.0
5185,E,A,3,A,"(1, 4, 9)",I,D,F#,A,648.125,304.0
5186,E,A,3,A,"(1, 4, 9)",I,D,F#,A,648.25,304.0
5187,E,A,3,A,"(1, 4, 9)",I,D,F#,A,648.375,304.0
5188,A,D,4,A,"(2, 6, 9)",I,D,F#,A,648.5,304.0
5189,A,D,4,A,"(2, 6, 9)",I,D,F#,A,648.625,304.0
5190,A,D,4,A,"(2, 6, 9)",I,D,F#,A,648.75,304.0
5191,A,D,4,A,"(2, 6, 9)",I,D,F#,A,648.875,304.0
5192,B,E,0,A,"(1, 4, 9)",I,A,G#,A,649.0,305.0
5193,B,E,1,A,"(1, 4, 9)",I,A,G#,A,649.125,305.0
5194,B,E,2,A,"(1, 4, 9)",I,A,G#,A,649.25,305.0
5195,B,E,2,A,"(1, 4, 9)",I,A,G#,A,649.375,305.0
5196,B,E,3,A,"(1, 4, 9)",I,A,G#,A,649.5,305.0
5197,B,E,3,A,"(1, 4, 9)",I,A,G#,A,649.625,305.0
5198,B,E,3,A,"(1, 4, 9)",I,A,G#,A,649.75,305.0
5199,B,E,3,A,"(1, 4, 9)",I,A,G#,A,649.875,305.0
5200,B,E,4,A,"(2, 4, 8, 11)",V7,D,G#,A,650.0,305.0
5201,B,E,4,A,"(2, 4, 8, 11)",V7,D,G#,A,650.125,305.0
5202,B,E,4,A,"(2, 4, 8, 11)",V7,D,G#,A,650.25,305.0
5203,B,E,4,A,"(2, 4, 8, 11)",V7,D,G#,A,650.375,305.0
5204,B,E,0,A,"(2, 4, 8, 11)",V7,D,G#,A,650.5,305.0
5205,B,E,1,A,"(2, 4, 8, 11)",V7,D,G#,A,650.625,305.0
5206,B,E,2,A,"(2, 4, 8, 11)",V7,D,G#,A,650.75,305.0
5207,B,E,2,A,"(2, 4, 8, 11)",V7,D,G#,A,650.875,305.0
5208,B,E,3,A,"(2, 4, 8, 11)",V7,D,G#,A,651.0,305.0
5209,B,E,3,A,"(2, 4, 8, 11)",V7,D,G#,A,651.125,305.0
5210,B,E,3,A,"(2, 4, 8, 11)",V7,D,G#,A,651.25,305.0
5211,B,E,3,A,"(2, 4, 8, 11)",V7,D,G#,A,651.375,305.0
5212,B,E,4,A,"(2, 4, 8, 11)",V7,D,G#,A,651.5,305.0
5213,B,E,4,A,"(2, 4, 8, 11)",V7,D,G#,A,651.625,305.0
5214,B,E,4,A,"(2, 4, 8, 11)",V7,D,G#,A,651.75,305.0
5215,B,E,4,A,"(2, 4, 8, 11)",V7,D,G#,A,651.875,305.0
5216,E,A,0,A,"(1, 4, 9)",I,A,C#,A,652.0,306.0
5217,E,A,1,A,"(1, 4, 9)",I,A,C#,A,652.125,306.0
5218,E,A,2,A,"(1, 4, 9)",I,A,C#,A,652.25,306.0
5219,E,A,2,A,"(1, 4, 9)",I,A,C#,A,652.375,306.0
5220,E,A,3,A,"(1, 4, 9)",I,A,C#,A,652.5,306.0
5221,E,A,3,A,"(1, 4, 9)",I,A,C#,A,652.625,306.0
5222,E,A,3,A,"(1, 4, 9)",I,A,C#,A,652.75,306.0
5223,E,A,3,A,"(1, 4, 9)",I,A,C#,A,652.875,306.0
5224,E,A,4,A,"(1, 4, 9)",I,A,C#,A,653.0,306.0
5225,E,A,4,A,"(1, 4, 9)",I,A,C#,A,653.125,306.0
5226,E,A,4,A,"(1, 4, 9)",I,A,C#,A,653.25,306.0
5227,E,A,4,A,"(1, 4, 9)",I,A,C#,A,653.375,306.0
5228,E,A,0,A,"(1, 4, 9)",I,A,C#,A,653.5,306.0
5229,E,A,4,A,"(1, 4, 9)",I,A,C#,A,653.625,306.0
5230,E,A,4,A,"(1, 4, 9)",I,A,C#,A,653.75,306.0
5231,E,A,4,A,"(1, 4, 9)",I,A,C#,A,653.875,306.0
5232,E,A,3,A,"(1, 4, 9)",I,A,C#,A,654.0,306.0
5233,E,A,3,A,"(1, 4, 9)",I,A,C#,A,654.125,306.0
5234,E,A,3,A,"(1, 4, 9)",I,A,C#,A,654.25,306.0
5235,E,A,3,A,"(1, 4, 9)",I,A,C#,A,654.375,306.0
5236,E,A,4,A,"(1, 4, 9)",I,A,C#,A,654.5,306.0
5237,E,A,4,A,"(1, 4, 9)",I,A,C#,A,654.625,306.0
5238,E,A,4,A,"(1, 4, 9)",I,A,C#,A,654.75,306.0
5239,E,A,4,A,"(1, 4, 9)",I,A,C#,A,654.875,306.0
5240,E,A,0,A,"(1, 4, 9)",I,A,C#,A,655.0,307.0
5241,E,A,1,A,"(1, 4, 9)",I,A,C#,A,655.125,307.0
5242,E,A,2,A,"(1, 4, 9)",I,A,C#,A,655.25,307.0
5243,E,A,2,A,"(1, 4, 9)",I,A,C#,A,655.375,307.0
5244,E,A,3,A,"(1, 4, 9)",I,A,C#,A,655.5,307.0
5245,E,A,3,A,"(1, 4, 9)",I,A,C#,A,655.625,307.0
5246,E,A,3,A,"(1, 4, 9)",I,A,C#,A,655.75,307.0
5247,E,A,3,A,"(1, 4, 9)",I,A,C#,A,655.875,307.0
5248,E,A,4,A,"(1, 4, 9)",I,A,C#,A,656.0,307.0
5249,E,A,4,A,"(1, 4, 9)",I,A,C#,A,656.125,307.0
5250,E,A,4,A,"(1, 4, 9)",I,A,C#,A,656.25,307.0
5251,E,A,4,A,"(1, 4, 9)",I,A,C#,A,656.375,307.0
5252,B,E,0,A,"(4, 8, 11)",I,A,G#,A,656.5,307.0
5253,B,E,1,A,"(4, 8, 11)",V,A,G#,A,656.625,307.0
5254,B,E,2,A,"(4, 8, 11)",V,A,G#,A,656.75,307.0
5255,B,E,2,A,"(4, 8, 11)",V,A,G#,A,656.875,307.0
5256,C#,E,0,A,"(1, 4, 9)",I,A,A,A,657.0,308.0
5257,C#,E,1,A,"(1, 4, 9)",I,A,C#,A,657.125,308.0
5258,C#,E,2,A,"(1, 4, 9)",I,A,C#,A,657.25,308.0
5259,C#,E,2,A,"(1, 4, 9)",I,A,C#,A,657.375,308.0
5260,C#,E,3,A,"(1, 4, 9)",I,A,A,A,657.5,308.0
5261,C#,E,3,A,"(1, 4, 9)",I,A,C#,A,657.625,308.0
5262,C#,E,3,A,"(1, 4, 9)",I,A,A,A,657.75,308.0
5263,C#,E,3,A,"(1, 4, 9)",I,A,A,A,657.875,308.0
5264,C#,A,4,A,"(1, 4, 9)",I,A,C#,A,658.0,308.0
5265,C#,A,4,A,"(1, 4, 9)",I,A,C#,A,658.125,308.0
5266,C#,A,4,A,"(1, 4, 9)",I,A,C#,A,658.25,308.0
5267,C#,A,4,A,"(1, 4, 9)",I,A,C#,A,658.375,308.0
5268,C#,E,4,A,"(1, 4, 9)",I,A,C#,A,658.5,308.0
5269,C#,E,4,A,"(1, 4, 9)",I,A,C#,A,658.625,308.0
5270,C#,E,4,A,"(1, 4, 9)",I,A,C#,A,658.75,308.0
5271,C#,E,4,A,"(1, 4, 9)",I,A,C#,A,658.875,308.0
5272,B,E,0,A,"(2, 4, 8, 11)",V7,D,G#,A,659.0,309.0
5273,B,E,1,A,"(2, 4, 8, 11)",V7,D,G#,A,659.125,309.0
5274,B,E,2,A,"(2, 4, 8, 11)",V7,D,G#,A,659.25,309.0
5275,B,E,2,A,"(2, 4, 8, 11)",V7,D,G#,A,659.375,309.0
5276,B,E,3,A,"(2, 4, 8, 11)",V7,D,G#,A,659.5,309.0
5277,B,E,3,A,"(2, 4, 8, 11)",V7,D,G#,A,659.625,309.0
5278,B,E,3,A,"(2, 4, 8, 11)",V7,D,G#,A,659.75,309.0
5279,B,E,3,A,"(2, 4, 8, 11)",V7,D,G#,A,659.875,309.0
5280,B,E,4,A,"(2, 4, 8, 11)",V7,D,G#,A,660.0,309.0
5281,B,E,4,A,"(2, 4, 8, 11)",V7,D,G#,A,660.125,309.0
5282,B,E,4,A,"(2, 4, 8, 11)",V7,D,G#,A,660.25,309.0
5283,B,E,4,A,"(2, 4, 8, 11)",V7,D,G#,A,660.375,309.0
5284,B,E,4,A,"(2, 4, 8, 11)",V7,D,G#,A,660.5,309.0
5285,B,E,4,A,"(2, 4, 8, 11)",V7,D,G#,A,660.625,309.0
5286,B,E,4,A,"(2, 4, 8, 11)",V7,D,G#,A,660.75,309.0
5287,B,E,4,A,"(2, 4, 8, 11)",V7,D,G#,A,660.875,309.0
5288,E,A,0,A,"(1, 4, 9)",I,A,C#,A,661.0,310.0
5289,E,A,1,A,"(1, 4, 9)",I,A,C#,A,661.125,310.0
5290,E,A,2,A,"(1, 4, 9)",I,A,C#,A,661.25,310.0
5291,E,A,2,A,"(1, 4, 9)",I,A,C#,A,661.375,310.0
5292,E,A,3,A,"(1, 4, 9)",I,A,C#,A,661.5,310.0
5293,E,A,3,A,"(1, 4, 9)",I,A,C#,A,661.625,310.0
5294,E,A,3,A,"(1, 4, 9)",I,A,C#,A,661.75,310.0
5295,E,A,3,A,"(1, 4, 9)",I,A,C#,A,661.875,310.0
5296,E,A,0,A,"(2, 4, 8, 11)",V7,A,C#,A,662.0,310.0
5297,E,A,1,A,"(2, 4, 8, 11)",V7,A,C#,A,662.125,310.0
5298,E,A,2,A,"(2, 4, 8, 11)",V7,A,C#,A,662.25,310.0
5299,E,A,2,A,"(2, 4, 8, 11)",V7,A,C#,A,662.375,310.0
5300,E,A,0,A,"(1, 4, 9)",IV,A,C#,A,662.5,310.0
5301,E,A,3,A,"(1, 4, 9)",IV,A,C#,A,662.625,310.0
5302,E,A,2,A,"(1, 4, 9)",IV,A,C#,A,662.75,310.0
5303,E,A,2,A,"(1, 4, 9)",IV,A,C#,A,662.875,310.0
5304,B,E,0,A,"(2, 4, 8, 11)",V7,E,G#,A,663.0,311.0
5305,B,E,1,A,"(2, 4, 8, 11)",V7,E,G#,A,663.125,311.0
5306,B,E,2,A,"(2, 4, 8, 11)",V7,E,G#,A,663.25,311.0
5307,B,E,2,A,"(2, 4, 8, 11)",V7,E,G#,A,663.375,311.0
5308,B,E,3,A,"(2, 4, 8, 11)",V7,E,G#,A,663.5,311.0
5309,B,E,3,A,"(2, 4, 8, 11)",V7,E,G#,A,663.625,311.0
5310,B,E,3,A,"(2, 4, 8, 11)",V7,E,G#,A,663.75,311.0
5311,B,E,3,A,"(2, 4, 8, 11)",V7,E,G#,A,663.875,311.0
5312,B,E,4,A,"(2, 4, 8, 11)",V7,D,G#,A,664.0,311.0
5313,B,E,4,A,"(2, 4, 8, 11)",V7,D,G#,A,664.125,311.0
5314,B,E,4,A,"(2, 4, 8, 11)",V7,D,G#,A,664.25,311.0
5315,B,E,4,A,"(2, 4, 8, 11)",V7,D,G#,A,664.375,311.0
5316,B,B,4,A,"(2, 4, 8, 11)",V7,A,G#,A,664.5,311.0
5317,B,B,4,A,"(2, 4, 8, 11)",V7,A,G#,A,664.625,311.0
5318,B,B,4,A,"(2, 4, 8, 11)",V7,A,E,A,664.75,311.0
5319,B,B,4,A,"(2, 4, 8, 11)",V7,A,G#,A,664.875,311.0
5320,A,C#,0,A,"(1, 4, 9)",I,A,E,A,665.0,312.0
5321,A,C#,1,A,"(1, 4, 9)",I,A,E,A,665.125,312.0
5322,A,C#,2,A,"(1, 4, 9)",I,A,E,A,665.25,312.0
5323,A,C#,2,A,"(1, 4, 9)",I,A,E,A,665.375,312.0
5324,A,C#,3,A,"(1, 4, 9)",I,A,E,A,665.5,312.0
5325,A,C#,3,A,"(1, 4, 9)",I,A,E,A,665.625,312.0
5326,A,C#,3,A,"(1, 4, 9)",I,A,E,A,665.75,312.0
5327,A,C#,3,A,"(1, 4, 9)",I,A,E,A,665.875,312.0
5328,A,C#,4,A,"(1, 4, 9)",I,A,E,A,666.0,312.0
5329,A,C#,4,A,"(1, 4, 9)",I,A,E,A,666.125,312.0
5330,A,C#,4,A,"(1, 4, 9)",I,A,E,A,666.25,312.0
5331,A,C#,4,A,"(1, 4, 9)",I,A,E,A,666.375,312.0
5332,A,E,4,A,"(1, 4, 9)",I,A,E,A,666.5,312.0
5333,A,E,4,A,"(1, 4, 9)",I,A,E,A,666.625,312.0
5334,A,E,4,A,"(1, 4, 9)",I,A,E,A,666.75,312.0
5335,A,E,4,A,"(1, 4, 9)",I,A,E,A,666.875,312.0
5336,B,E,0,A,"(2, 4, 8, 11)",V7,D,G#,A,667.0,313.0
5337,B,E,1,A,"(2, 4, 8, 11)",V7,D,G#,A,667.125,313.0
5338,B,E,2,A,"(2, 4, 8, 11)",V7,D,G#,A,667.25,313.0
5339,B,E,2,A,"(2, 4, 8, 11)",V7,D,G#,A,667.375,313.0
5340,B,E,3,A,"(2, 4, 8, 11)",V7,D,G#,A,667.5,313.0
5341,B,E,3,A,"(2, 4, 8, 11)",V7,D,G#,A,667.625,313.0
5342,B,E,3,A,"(2, 4, 8, 11)",V7,D,G#,A,667.75,313.0
5343,B,E,3,A,"(2, 4, 8, 11)",V7,D,G#,A,667.875,313.0
5344,B,E,4,A,"(2, 4, 8, 11)",V7,D,G#,A,668.0,313.0
5345,B,E,4,A,"(2, 4, 8, 11)",V7,D,G#,A,668.125,313.0
5346,B,E,4,A,"(2, 4, 8, 11)",V7,D,G#,A,668.25,313.0
5347,B,E,4,A,"(2, 4, 8, 11)",V7,D,G#,A,668.375,313.0
5348,B,E,4,A,"(2, 4, 8, 11)",V7,D,G#,A,668.5,313.0
5349,B,E,4,A,"(2, 4, 8, 11)",V7,D,G#,A,668.625,313.0
5350,B,E,4,A,"(2, 4, 8, 11)",V7,D,G#,A,668.75,313.0
5351,B,E,4,A,"(2, 4, 8, 11)",V7,D,G#,A,668.875,313.0
5352,E,A,0,A,"(1, 4, 9)",I,A,C#,A,669.0,314.0
5353,E,A,1,A,"(1, 4, 9)",I,A,C#,A,669.125,314.0
5354,E,A,2,A,"(1, 4, 9)",I,A,C#,A,669.25,314.0
5355,E,A,2,A,"(1, 4, 9)",I,A,C#,A,669.375,314.0
5356,E,A,3,A,"(1, 4, 9)",I,A,C#,A,669.5,314.0
5357,E,A,3,A,"(1, 4, 9)",I,A,C#,A,669.625,314.0
5358,E,A,3,A,"(1, 4, 9)",I,A,C#,A,669.75,314.0
5359,E,A,3,A,"(1, 4, 9)",I,A,C#,A,669.875,314.0
5360,E,B,0,A,"(2, 4, 8, 11)",V7,A,C#,A,670.0,314.0
5361,E,B,1,A,"(2, 4, 8, 11)",V7,A,C#,A,670.125,314.0
5362,E,B,2,A,"(2, 4, 8, 11)",V7,A,C#,A,670.25,314.0
5363,E,B,2,A,"(2, 4, 8, 11)",V7,A,C#,A,670.375,314.0
5364,E,A,0,A,"(1, 4, 9)",IV,A,C#,A,670.5,314.0
5365,E,A,3,A,"(1, 4, 9)",IV,A,C#,A,670.625,314.0
5366,E,A,2,A,"(1, 4, 9)",IV,A,C#,A,670.75,314.0
5367,E,A,2,A,"(1, 4, 9)",IV,A,C#,A,670.875,314.0
5368,B,E,0,A,"(4, 8, 11)",V,E,G#,A,671.0,315.0
5369,B,E,1,A,"(4, 8, 11)",V,E,G#,A,671.125,315.0
5370,B,E,2,A,"(4, 8, 11)",V,E,G#,A,671.25,315.0
5371,B,E,2,A,"(4, 8, 11)",V,E,G#,A,671.375,315.0
5372,B,E,3,A,"(4, 8, 11)",V,E,G#,A,671.5,315.0
5373,B,E,3,A,"(4, 8, 11)",V,E,G#,A,671.625,315.0
5374,B,E,3,A,"(4, 8, 11)",V,E,G#,A,671.75,315.0
5375,B,E,3,A,"(4, 8, 11)",V,E,G#,A,671.875,315.0
5376,B,E,4,A,"(4, 8, 11)",V,E,G#,A,672.0,315.0
5377,B,E,4,A,"(4, 8, 11)",V,E,G#,A,672.125,315.0
5378,B,E,4,A,"(4, 8, 11)",V,E,G#,A,672.25,315.0
5379,B,E,4,A,"(4, 8, 11)",V,E,G#,A,672.375,315.0
5380,B,E,4,A,"(4, 8, 11)",V,E,G#,A,672.5,315.0
5381,B,E,4,A,"(4, 8, 11)",V,E,G#,A,672.625,315.0
5382,B,E,4,A,"(4, 8, 11)",V,E,G#,A,672.75,315.0
5383,B,E,4,A,"(4, 8, 11)",V,E,G#,A,672.875,315.0
5384,B,B,0,A,"(3, 6, 11)",V,B,D#,A,673.0,316.0
5385,B,B,1,A,"(3, 6, 11)",V,B,D#,A,673.125,316.0
5386,B,B,2,A,"(3, 6, 11)",V,B,D#,A,673.25,316.0
5387,B,B,2,A,"(3, 6, 11)",V,B,D#,A,673.375,316.0
5388,B,B,3,A,"(3, 6, 11)",V,B,D#,A,673.5,316.0
5389,B,B,3,A,"(3, 6, 11)",V,B,D#,A,673.625,316.0
5390,B,B,3,A,"(3, 6, 11)",V,B,D#,A,673.75,316.0
5391,B,B,3,A,"(3, 6, 11)",V,B,D#,A,673.875,316.0
5392,B,B,4,A,"(3, 6, 11)",V,B,D#,A,674.0,316.0
5393,B,B,4,A,"(3, 6, 11)",V,B,D#,A,674.125,316.0
5394,B,B,4,A,"(3, 6, 11)",V,B,D#,A,674.25,316.0
5395,B,B,4,A,"(3, 6, 11)",V,B,D#,A,674.375,316.0
5396,B,B,4,A,"(3, 6, 11)",V,B,D#,A,674.5,316.0
5397,B,B,4,A,"(3, 6, 11)",V,B,D#,A,674.625,316.0
5398,B,B,4,A,"(3, 6, 11)",V,B,D#,A,674.75,316.0
5399,B,B,4,A,"(3, 6, 11)",V,B,D#,A,674.875,316.0
5400,B,E,0,A,"(4, 8, 11)",V,E,G#,A,675.0,317.0
5401,B,E,1,A,"(4, 8, 11)",V,E,G#,A,675.125,317.0
5402,B,E,2,A,"(4, 8, 11)",V,E,G#,A,675.25,317.0
5403,B,E,2,A,"(4, 8, 11)",V,E,G#,A,675.375,317.0
5404,B,E,3,A,"(4, 8, 11)",V,E,G#,A,675.5,317.0
5405,B,E,3,A,"(4, 8, 11)",V,E,G#,A,675.625,317.0
5406,B,E,3,A,"(4, 8, 11)",V,E,G#,A,675.75,317.0
5407,B,E,3,A,"(4, 8, 11)",V,E,G#,A,675.875,317.0
5408,B,E,4,A,"(4, 8, 11)",V,E,G#,A,676.0,317.0
5409,B,E,4,A,"(4, 8, 11)",V,E,G#,A,676.125,317.0
5410,B,E,4,A,"(4, 8, 11)",V,E,G#,A,676.25,317.0
5411,B,E,4,A,"(4, 8, 11)",V,E,G#,A,676.375,317.0
5412,B,E,4,A,"(4, 8, 11)",V,E,G#,A,676.5,317.0
5413,B,E,4,A,"(4, 8, 11)",V,E,G#,A,676.625,317.0
5414,B,E,4,A,"(4, 8, 11)",V,E,G#,A,676.75,317.0
5415,B,E,4,A,"(4, 8, 11)",V,E,G#,A,676.875,317.0
5416,B,B,0,A,"(3, 6, 11)",V,B,D#,E,677.0,318.0
5417,F#,B,1,A,"(3, 6, 11)",V,B,D#,E,677.125,318.0
5418,F#,B,2,A,"(3, 6, 11)",V,B,D#,E,677.25,318.0
5419,F#,B,2,A,"(3, 6, 11)",V,B,D#,E,677.375,318.0
5420,F#,B,3,A,"(3, 6, 11)",V,B,D#,E,677.5,318.0
5421,F#,B,3,A,"(3, 6, 11)",V,B,D#,E,677.625,318.0
5422,F#,B,3,A,"(3, 6, 11)",V,B,D#,E,677.75,318.0
5423,F#,B,3,A,"(3, 6, 11)",V,B,D#,E,677.875,318.0
5424,F#,B,4,A,"(3, 6, 11)",V,B,D#,E,678.0,318.0
5425,F#,B,4,A,"(3, 6, 11)",V,B,D#,E,678.125,318.0
5426,F#,B,4,A,"(3, 6, 11)",V,B,D#,E,678.25,318.0
5427,F#,B,4,A,"(3, 6, 11)",V,B,D#,E,678.375,318.0
5428,F#,B,4,A,"(3, 6, 11)",V,B,D#,E,678.5,318.0
5429,F#,B,4,A,"(3, 6, 11)",V,B,D#,E,678.625,318.0
5430,F#,B,4,A,"(3, 6, 11)",V,B,D#,E,678.75,318.0
5431,F#,B,4,A,"(3, 6, 11)",V,B,D#,E,678.875,318.0
5432,B,E,0,A,"(4, 8, 11)",V,E,G#,A,679.0,319.0
5433,B,E,1,A,"(4, 8, 11)",V,E,G#,A,679.125,319.0
5434,B,E,2,A,"(4, 8, 11)",V,E,G#,A,679.25,319.0
5435,B,E,2,A,"(4, 8, 11)",V,E,G#,A,679.375,319.0
5436,B,E,3,A,"(4, 8, 11)",V,E,G#,A,679.5,319.0
5437,B,E,3,A,"(4, 8, 11)",V,E,G#,A,679.625,319.0
5438,B,E,3,A,"(4, 8, 11)",V,E,G#,A,679.75,319.0
5439,B,E,3,A,"(4, 8, 11)",V,E,G#,A,679.875,319.0
5440,B,E,4,A,"(4, 8, 11)",V,E,G#,A,680.0,319.0
5441,B,E,4,A,"(4, 8, 11)",V,E,G#,A,680.125,319.0
5442,B,E,4,A,"(4, 8, 11)",V,E,G#,A,680.25,319.0
5443,B,E,4,A,"(4, 8, 11)",V,E,G#,A,680.375,319.0
5444,B,E,4,A,"(4, 8, 11)",V,E,G#,A,680.5,319.0
5445,B,E,4,A,"(4, 8, 11)",V,E,G#,A,680.625,319.0
5446,B,E,4,A,"(4, 8, 11)",V,E,G#,A,680.75,319.0
5447,B,E,4,A,"(4, 8, 11)",V,E,G#,A,680.875,319.0
5448,E,E,0,A,"(4, 8, 11)",I,A,G#,E,681.0,320.0
5449,E,E,1,A,"(4, 8, 11)",I,A,G#,E,681.125,320.0
5450,E,E,2,A,"(4, 8, 11)",I,A,G#,E,681.25,320.0
5451,E,E,2,A,"(4, 8, 11)",I,A,G#,E,681.375,320.0
5452,B,E,3,A,"(4, 8, 11)",I,A,G#,E,681.5,320.0
5453,B,E,3,A,"(4, 8, 11)",I,A,G#,E,681.625,320.0
5454,B,E,3,A,"(4, 8, 11)",I,A,G#,E,681.75,320.0
5455,B,E,3,A,"(4, 8, 11)",I,A,G#,E,681.875,320.0
5456,B,E,4,A,"(4, 8, 11)",V,A,G#,E,682.0,320.0
5457,B,E,4,A,"(4, 8, 11)",V,A,G#,E,682.125,320.0
5458,B,E,4,A,"(4, 8, 11)",V,A,G#,E,682.25,320.0
5459,B,E,4,A,"(4, 8, 11)",V,A,G#,E,682.375,320.0
5460,B,B,4,A,"(4, 8, 11)",V,A,D#,E,682.5,320.0
5461,B,B,4,A,"(4, 8, 11)",V,A,D#,E,682.625,320.0
5462,B,B,4,A,"(4, 8, 11)",V,A,D#,E,682.75,320.0
5463,B,B,4,A,"(4, 8, 11)",V,A,D#,E,682.875,320.0
5464,B,E,0,A,"(4, 8, 11)",V,E,G#,E,683.0,321.0
5465,B,E,1,A,"(4, 8, 11)",V,E,G#,E,683.125,321.0
5466,E,E,2,A,"(4, 8, 11)",V,E,G#,A,683.25,321.0
5467,E,E,2,A,"(4, 8, 11)",V,E,G#,A,683.375,321.0
5468,E,E,3,A,"(4, 8, 11)",V,E,G#,A,683.5,321.0
5469,E,E,3,A,"(4, 8, 11)",V,E,G#,A,683.625,321.0
5470,E,E,3,A,"(4, 8, 11)",V,E,G#,A,683.75,321.0
5471,E,E,3,A,"(4, 8, 11)",V,E,G#,A,683.875,321.0
5472,B,E,4,A,"(4, 8, 11)",V,E,G#,A,684.0,321.0
5473,B,E,4,A,"(4, 8, 11)",V,E,G#,A,684.125,321.0
5474,B,E,4,A,"(4, 8, 11)",V,E,G#,A,684.25,321.0
5475,B,E,4,A,"(4, 8, 11)",V,E,G#,A,684.375,321.0
5476,B,E,4,A,"(4, 8, 11)",V,E,G#,A,684.5,321.0
5477,B,E,4,A,"(4, 8, 11)",V,E,G#,A,684.625,321.0
5478,B,E,4,A,"(4, 8, 11)",V,E,G#,A,684.75,321.0
5479,B,E,4,A,"(4, 8, 11)",V,E,G#,A,684.875,321.0
5480,E,A,0,A,"(1, 4, 9)",V,A,C#,E,685.0,322.0
5481,E,A,1,A,"(1, 4, 9)",V,A,C#,E,685.125,322.0
5482,E,A,2,A,"(1, 4, 9)",V,A,C#,E,685.25,322.0
5483,E,A,2,A,"(1, 4, 9)",V,A,C#,E,685.375,322.0
5484,E,A,3,A,"(1, 4, 9)",V,A,C#,E,685.5,322.0
5485,E,A,3,A,"(1, 4, 9)",V,A,C#,E,685.625,322.0
5486,E,A,3,A,"(1, 4, 9)",V,A,C#,E,685.75,322.0
5487,E,A,3,A,"(1, 4, 9)",V,A,C#,E,685.875,322.0
5488,F#,B,0,A,"(3, 6, 11)",V,A,D#,E,686.0,322.0
5489,F#,B,1,A,"(3, 6, 11)",V,A,D#,E,686.125,322.0
5490,F#,B,4,A,"(3, 6, 11)",V,A,D#,E,686.25,322.0
5491,F#,B,4,A,"(3, 6, 11)",V,A,D#,E,686.375,322.0
5492,F#,B,4,A,"(3, 6, 11)",V,B,D#,E,686.5,322.0
5493,F#,B,4,A,"(3, 6, 11)",V,B,D#,E,686.625,322.0
5494,F#,B,4,A,"(3, 6, 11)",V,B,D#,E,686.75,322.0
5495,F#,B,4,A,"(3, 6, 11)",V,B,D#,E,686.875,322.0
5496,E,G#,0,A,"(4, 8, 11)",V,E,B,E,687.0,323.0
5497,E,G#,1,A,"(4, 8, 11)",V,E,B,E,687.125,323.0
5498,E,G#,2,A,"(4, 8, 11)",V,E,B,E,687.25,323.0
5499,E,G#,2,A,"(4, 8, 11)",V,E,B,E,687.375,323.0
5500,E,G#,3,A,"(4, 8, 11)",V,E,B,E,687.5,323.0
5501,E,G#,3,A,"(4, 8, 11)",V,E,B,E,687.625,323.0
5502,E,G#,3,A,"(4, 8, 11)",V,E,B,E,687.75,323.0
5503,E,G#,3,A,"(4, 8, 11)",V,E,B,E,687.875,323.0
5504,E,G#,4,A,"(4, 8, 11)",V,E,B,E,688.0,323.0
5505,E,G#,4,A,"(4, 8, 11)",V,E,B,E,688.125,323.0
5506,E,G#,4,A,"(4, 8, 11)",V,E,B,E,688.25,323.0
5507,E,G#,4,A,"(4, 8, 11)",V,E,B,E,688.375,323.0
5508,E,G#,4,A,"(4, 8, 11)",V,E,B,E,688.5,323.0
5509,E,E,4,A,"(4, 8, 11)",V,E,B,E,688.625,323.0
5510,E,E,4,A,"(4, 8, 11)",V,E,B,E,688.75,323.0
5511,E,E,4,A,"(4, 8, 11)",V,E,B,E,688.875,323.0
5512,E,A,0,A,"(4, 8, 11)",I,A,G#,E,689.0,324.0
5513,E,A,1,A,"(4, 8, 11)",I,A,A,E,689.125,324.0
5514,E,E,2,A,"(4, 8, 11)",I,A,A,E,689.25,324.0
5515,E,E,2,A,"(4, 8, 11)",I,A,A,E,689.375,324.0
5516,E,E,3,A,"(4, 8, 11)",I,A,G#,E,689.5,324.0
5517,E,E,3,A,"(4, 8, 11)",I,A,G#,E,689.625,324.0
5518,E,E,3,A,"(4, 8, 11)",I,A,G#,E,689.75,324.0
5519,E,E,3,A,"(4, 8, 11)",I,A,G#,E,689.875,324.0
5520,B,E,4,A,"(4, 8, 11)",V,A,G#,E,690.0,324.0
5521,B,E,4,A,"(4, 8, 11)",V,A,G#,E,690.125,324.0
5522,B,E,4,A,"(4, 8, 11)",V,A,G#,E,690.25,324.0
5523,B,E,4,A,"(4, 8, 11)",V,A,G#,E,690.375,324.0
5524,B,B,4,A,"(3, 6, 9, 11)",V,B,D#,E,690.5,324.0
5525,B,B,4,A,"(3, 6, 9, 11)",V,B,D#,E,690.625,324.0
5526,B,B,4,A,"(3, 6, 11)",V,B,D#,E,690.75,324.0
5527,B,B,4,A,"(3, 6, 11)",V,B,D#,E,690.875,324.0
5528,B,E,0,A,"(4, 8, 11)",V,E,G#,E,691.0,325.0
5529,B,E,1,A,"(4, 8, 11)",V,E,G#,E,691.125,325.0
5530,B,E,2,A,"(4, 8, 11)",V,E,G#,E,691.25,325.0
5531,B,E,2,A,"(4, 8, 11)",V,E,G#,E,691.375,325.0
5532,E,E,3,A,"(4, 8, 11)",V,E,G#,E,691.5,325.0
5533,B,E,3,A,"(4, 8, 11)",V,E,G#,E,691.625,325.0
5534,B,E,3,A,"(4, 8, 11)",V,E,G#,E,691.75,325.0
5535,B,E,3,A,"(4, 8, 11)",V,E,G#,E,691.875,325.0
5536,B,E,4,A,"(4, 8, 11)",V,E,G#,E,692.0,325.0
5537,B,E,4,A,"(4, 8, 11)",V,E,G#,E,692.125,325.0
5538,B,E,4,A,"(4, 8, 11)",V,E,G#,E,692.25,325.0
5539,B,E,4,A,"(4, 8, 11)",V,E,G#,E,692.375,325.0
5540,B,G#,4,A,"(4, 8, 11)",V,E,G#,E,692.5,325.0
5541,B,G#,4,A,"(4, 8, 11)",V,E,G#,E,692.625,325.0
5542,B,G#,4,A,"(4, 8, 11)",V,E,G#,E,692.75,325.0
5543,B,G#,4,A,"(4, 8, 11)",V,E,G#,E,692.875,325.0
5544,E,A,0,A,"(1, 4, 9)",I,A,G#,E,693.0,326.0
5545,E,A,1,A,"(1, 4, 9)",I,A,A,E,693.125,326.0
5546,E,A,2,A,"(1, 4, 9)",I,A,A,E,693.25,326.0
5547,E,A,2,A,"(1, 4, 9)",I,A,A,E,693.375,326.0
5548,E,A,3,A,"(1, 4, 9)",I,A,G#,E,693.5,326.0
5549,E,A,3,A,"(4, 8, 11)",I,A,G#,E,693.625,326.0
5550,E,A,3,A,"(1, 4, 9)",I,A,G#,E,693.75,326.0
5551,E,A,3,A,"(1, 4, 9)",I,A,G#,E,693.875,326.0
5552,B,A,4,A,"(4, 8, 11)",V,A,D#,E,694.0,326.0
5553,B,A,4,A,"(4, 8, 11)",V,A,D#,E,694.125,326.0
5554,B,A,4,A,"(4, 8, 11)",V,A,D#,E,694.25,326.0
5555,B,A,4,A,"(4, 8, 11)",V,A,D#,E,694.375,326.0
5556,B,B,4,A,"(3, 6, 9, 11)",V,B,D#,E,694.5,326.0
5557,B,B,4,A,"(3, 6, 11)",V,B,D#,E,694.625,326.0
5558,B,B,4,A,"(3, 6, 11)",V,B,D#,E,694.75,326.0
5559,B,B,4,A,"(3, 6, 11)",V,B,D#,E,694.875,326.0
5560,B,E,0,A,"(4, 8, 11)",V,E,G#,E,695.0,327.0
5561,B,E,1,A,"(4, 8, 11)",V,E,G#,E,695.125,327.0
5562,B,E,2,A,"(4, 8, 11)",V,E,G#,E,695.25,327.0
5563,B,E,2,A,"(4, 8, 11)",V,E,G#,E,695.375,327.0
5564,B,E,3,A,"(4, 8, 11)",V,E,G#,E,695.5,327.0
5565,B,E,3,A,"(4, 8, 11)",V,E,G#,E,695.625,327.0
5566,B,E,3,A,"(4, 8, 11)",V,E,G#,E,695.75,327.0
5567,B,E,3,A,"(4, 8, 11)",V,E,G#,E,695.875,327.0
5568,B,G#,4,A,"(4, 8, 11)",V,E,G#,E,696.0,327.0
5569,B,G#,4,A,"(4, 8, 11)",V,E,G#,E,696.125,327.0
5570,B,G#,4,A,"(4, 8, 11)",V,E,G#,E,696.25,327.0
5571,B,G#,4,A,"(4, 8, 11)",V,E,G#,E,696.375,327.0
5572,B,D#,0,A,"(4, 8, 11)",V,B,F#,E,696.5,327.0
5573,B,D#,1,A,"(3, 6, 11)",V,B,F#,E,696.625,327.0
5574,B,D#,2,A,"(3, 6, 11)",V,B,F#,E,696.75,327.0
5575,B,D#,2,A,"(3, 6, 11)",V,B,F#,E,696.875,327.0
5576,B,E,0,A,"(4, 8, 11)",V,A,G#,E,697.0,328.0
5577,B,E,1,A,"(4, 8, 11)",V,A,G#,E,697.125,328.0
5578,B,E,2,A,"(4, 8, 11)",V,A,G#,E,697.25,328.0
5579,B,E,2,A,"(4, 8, 11)",V,A,G#,E,697.375,328.0
5580,B,E,3,A,"(4, 8, 11)",I,E,G#,E,697.5,328.0
5581,B,E,3,A,"(4, 8, 11)",I,E,G#,E,697.625,328.0
5582,B,E,3,A,"(4, 8, 11)",I,E,G#,E,697.75,328.0
5583,B,E,3,A,"(4, 8, 11)",I,E,G#,E,697.875,328.0
5584,B,E,4,A,"(4, 8, 11)",V,A,G#,E,698.0,328.0
5585,B,B,4,A,"(4, 8, 11)",V,A,G#,E,698.125,328.0
5586,B,B,4,A,"(4, 8, 11)",V,A,G#,E,698.25,328.0
5587,B,B,4,A,"(4, 8, 11)",V,A,G#,E,698.375,328.0
5588,B,B,4,A,"(4, 8, 11)",V,E,D#,E,698.5,328.0
5589,B,B,4,A,"(4, 8, 11)",V,B,D#,E,698.625,328.0
5590,B,B,4,A,"(4, 8, 11)",V,B,D#,E,698.75,328.0
5591,B,B,4,A,"(4, 8, 11)",V,B,D#,E,698.875,328.0
5592,B,B,0,A,"(3, 6, 11)",V,B,D#,E,699.0,329.0
5593,B,B,1,A,"(4, 8, 11)",V,B,D#,E,699.125,329.0
5594,B,B,2,A,"(3, 6, 11)",V,B,D#,E,699.25,329.0
5595,B,B,2,A,"(4, 8, 11)",V,B,D#,E,699.375,329.0
5596,B,B,3,A,"(4, 8, 11)",V,B,D#,E,699.5,329.0
5597,B,B,3,A,"(4, 8, 11)",V,B,D#,E,699.625,329.0
5598,B,B,3,A,"(4, 8, 11)",V,B,D#,E,699.75,329.0
5599,B,B,3,A,"(4, 8, 11)",V,B,D#,E,699.875,329.0
5600,B,B,4,A,"(4, 8, 11)",V,B,D#,E,700.0,329.0
5601,B,B,4,A,"(4, 8, 11)",V,B,D#,E,700.125,329.0
5602,B,B,4,A,"(4, 8, 11)",V,B,D#,E,700.25,329.0
5603,B,B,4,A,"(4, 8, 11)",V,B,D#,E,700.375,329.0
5604,B,B,4,A,"(4, 8, 11)",V,B,D#,E,700.5,329.0
5605,B,B,4,A,"(4, 8, 11)",V,B,D#,E,700.625,329.0
5606,B,B,4,A,"(4, 8, 11)",V,E,D#,E,700.75,329.0
5607,B,B,4,A,"(4, 8, 11)",V,E,D#,E,700.875,329.0
5608,B,E,0,A,"(4, 8, 11)",V,E,G#,E,701.0,330.0
5609,B,E,1,A,"(4, 8, 11)",V,E,G#,E,701.125,330.0
5610,B,E,2,A,"(4, 8, 11)",V,E,G#,E,701.25,330.0
5611,B,E,2,A,"(4, 8, 11)",V,E,G#,E,701.375,330.0
5612,B,E,3,A,"(4, 8, 11)",I,E,G#,E,701.5,330.0
5613,B,E,3,A,"(4, 8, 11)",I,E,G#,E,701.625,330.0
5614,B,E,3,A,"(4, 8, 11)",I,E,G#,E,701.75,330.0
5615,B,E,3,A,"(4, 8, 11)",I,E,G#,E,701.875,330.0
5616,B,E,4,A,"(4, 8, 11)",I,E,G#,E,702.0,330.0
5617,B,E,4,A,"(4, 8, 11)",I,E,G#,E,702.125,330.0
5618,B,E,4,A,"(4, 8, 11)",I,E,G#,E,702.25,330.0
5619,B,E,4,A,"(4, 8, 11)",I,E,G#,E,702.375,330.0
5620,B,E,4,A,"(4, 8, 11)",I,E,G#,E,702.5,330.0
5621,B,E,4,A,"(4, 8, 11)",I,E,G#,E,702.625,330.0
5622,B,E,4,A,"(4, 8, 11)",I,E,G#,E,702.75,330.0
5623,B,E,4,A,"(4, 8, 11)",I,E,G#,E,702.875,330.0
5624,E,A#,0,A,"(1, 4, 6, 10)",V7,F#,C#,b,703.0,331.0
5625,E,A#,1,A,"(1, 4, 6, 10)",V7,F#,C#,b,703.125,331.0
5626,E,A#,2,A,"(1, 4, 6, 10)",V7,F#,C#,b,703.25,331.0
5627,E,A#,2,A,"(1, 4, 6, 10)",V7,F#,C#,b,703.375,331.0
5628,E,A#,3,A,"(1, 4, 6, 10)",V7,F#,C#,b,703.5,331.0
5629,E,A#,3,A,"(1, 4, 6, 10)",V7,F#,C#,b,703.625,331.0
5630,E,A#,3,A,"(1, 4, 6, 10)",V7,F#,C#,b,703.75,331.0
5631,E,A#,3,A,"(1, 4, 6, 10)",V7,F#,C#,b,703.875,331.0
5632,E,A#,4,A,"(1, 4, 6, 10)",V7,F#,C#,b,704.0,331.0
5633,E,A#,4,A,"(1, 4, 6, 10)",V7,F#,C#,b,704.125,331.0
5634,E,A#,4,A,"(1, 4, 6, 10)",V7,F#,C#,b,704.25,331.0
5635,E,A#,4,A,"(1, 4, 6, 10)",V7,F#,C#,b,704.375,331.0
5636,E,A#,4,A,"(1, 4, 6, 10)",V7,F#,C#,b,704.5,331.0
5637,E,A#,4,A,"(1, 4, 6, 10)",V7,F#,C#,b,704.625,331.0
5638,E,A#,4,A,"(1, 4, 6, 10)",V7,F#,C#,b,704.75,331.0
5639,E,A#,4,A,"(1, 4, 6, 10)",V7,F#,C#,b,704.875,331.0
5640,F#,B,0,A,"(2, 6, 11)",ii,B,D#,A,705.0,332.0
5641,F#,B,1,A,"(2, 6, 11)",ii,B,D#,A,705.125,332.0
5642,F#,B,2,A,"(2, 6, 11)",ii,B,D#,A,705.25,332.0
5643,F#,B,2,A,"(2, 6, 11)",ii,B,D#,A,705.375,332.0
5644,F#,B,3,A,"(2, 6, 11)",ii,B,D#,A,705.5,332.0
5645,F#,B,3,A,"(2, 6, 11)",ii,B,D#,A,705.625,332.0
5646,F#,B,3,A,"(2, 6, 11)",ii,B,D#,A,705.75,332.0
5647,F#,B,3,A,"(2, 6, 11)",ii,B,D#,A,705.875,332.0
5648,F#,B,4,A,"(2, 6, 11)",ii,B,D,A,706.0,332.0
5649,F#,B,4,A,"(2, 6, 11)",ii,B,D,A,706.125,332.0
5650,F#,B,4,A,"(2, 6, 11)",ii,B,D,A,706.25,332.0
5651,F#,B,4,A,"(2, 6, 11)",ii,B,D,A,706.375,332.0
5652,D,G#,0,A,"(2, 4, 8, 11)",V7,E,B,A,706.5,332.0
5653,D,G#,1,A,"(2, 4, 8, 11)",V7,E,B,A,706.625,332.0
5654,D,G#,2,A,"(2, 4, 8, 11)",V7,E,B,A,706.75,332.0
5655,D,G#,2,A,"(2, 4, 8, 11)",V7,E,B,A,706.875,332.0
5656,E,A,0,A,"(1, 4, 9)",I,A,C#,A,707.0,333.0
5657,E,A,1,A,"(1, 4, 9)",I,A,C#,A,707.125,333.0
5658,E,A,2,A,"(1, 4, 9)",I,A,C#,A,707.25,333.0
5659,E,A,2,A,"(1, 4, 9)",I,A,C#,A,707.375,333.0
5660,E,A,3,A,"(1, 4, 9)",I,A,C#,A,707.5,333.0
5661,E,A,3,A,"(1, 4, 9)",I,A,C#,A,707.625,333.0
5662,E,A,3,A,"(1, 4, 9)",I,A,C#,A,707.75,333.0
5663,E,A,3,A,"(1, 4, 9)",I,A,C#,A,707.875,333.0
5664,E,G#,0,A,"(2, 4, 8, 11)",V7,E,B,A,708.0,333.0
5665,E,G#,1,A,"(2, 4, 8, 11)",V7,E,B,A,708.125,333.0
5666,E,G#,2,A,"(2, 4, 8, 11)",V7,E,B,A,708.25,333.0
5667,E,G#,2,A,"(2, 4, 8, 11)",V7,E,B,A,708.375,333.0
5668,E,A,0,A,"(1, 4, 9)",I,A,C#,A,708.5,333.0
5669,E,A,1,A,"(1, 4, 9)",I,A,C#,A,708.625,333.0
5670,E,A,2,A,"(1, 4, 9)",I,A,C#,A,708.75,333.0
5671,E,A,2,A,"(1, 4, 9)",I,A,C#,A,708.875,333.0
5672,B,E,0,A,"(1, 4, 9)",I,E,G#,A,709.0,334.0
5673,B,E,1,A,"(1, 4, 9)",I,A,G#,A,709.125,334.0
5674,B,E,2,A,"(1, 4, 9)",I,A,G#,A,709.25,334.0
5675,B,E,2,A,"(1, 4, 9)",I,A,G#,A,709.375,334.0
5676,B,E,3,A,"(4, 8, 11)",I,E,G#,A,709.5,334.0
5677,B,E,3,A,"(4, 8, 11)",I,E,G#,A,709.625,334.0
5678,B,E,3,A,"(4, 8, 11)",I,E,G#,A,709.75,334.0
5679,B,E,3,A,"(4, 8, 11)",I,E,G#,A,709.875,334.0
5680,B,E,0,A,"(4, 8, 11)",V,E,G#,A,710.0,334.0
5681,B,E,1,A,"(4, 8, 11)",V,E,G#,A,710.125,334.0
5682,B,E,2,A,"(4, 8, 11)",V,E,G#,A,710.25,334.0
5683,B,E,2,A,"(4, 8, 11)",V,E,G#,A,710.375,334.0
5684,B,E,4,A,"(4, 8, 11)",V,E,G#,A,710.5,334.0
5685,B,E,4,A,"(4, 8, 11)",V,E,G#,A,710.625,334.0
5686,B,E,4,A,"(4, 8, 11)",V,E,G#,A,710.75,334.0
5687,B,E,4,A,"(4, 8, 11)",V,E,G#,A,710.875,334.0
5688,A,C#,0,A,"(1, 4, 9)",I,A,E,A,711.0,335.0
5689,A,C#,1,A,"(1, 4, 9)",I,A,E,A,711.125,335.0
5690,A,C#,2,A,"(1, 4, 9)",I,A,E,A,711.25,335.0
5691,A,C#,2,A,"(1, 4, 9)",I,A,E,A,711.375,335.0
5692,A,C#,3,A,"(1, 4, 9)",I,A,E,A,711.5,335.0
5693,A,C#,3,A,"(1, 4, 9)",I,A,E,A,711.625,335.0
5694,A,C#,3,A,"(1, 4, 9)",I,A,E,A,711.75,335.0
5695,A,C#,3,A,"(1, 4, 9)",I,A,E,A,711.875,335.0
5696,A,C#,4,A,"(1, 4, 9)",I,A,E,A,712.0,335.0
5697,A,C#,4,A,"(1, 4, 9)",I,A,E,A,712.125,335.0
5698,A,C#,4,A,"(1, 4, 9)",I,A,E,A,712.25,335.0
5699,A,C#,4,A,"(1, 4, 9)",I,A,E,A,712.375,335.0
5700,A,C#,4,A,"(1, 4, 9)",I,A,E,A,712.5,335.0
5701,A,C#,4,A,"(1, 4, 9)",I,A,E,A,712.625,335.0
5702,A,C#,4,A,"(1, 4, 9)",I,A,E,A,712.75,335.0
5703,A,C#,4,A,"(1, 4, 9)",I,A,E,A,712.875,335.0
5704,B,E,0,A,"(2, 4, 8, 11)",V7,E,G#,A,713.0,336.0
5705,B,E,1,A,"(2, 4, 8, 11)",V7,E,G#,A,713.125,336.0
5706,B,E,2,A,"(2, 4, 8, 11)",V7,E,G#,A,713.25,336.0
5707,B,E,2,A,"(2, 4, 8, 11)",V7,E,G#,A,713.375,336.0
5708,B,E,3,A,"(2, 4, 8, 11)",V7,E,G#,A,713.5,336.0
5709,B,E,3,A,"(2, 4, 8, 11)",V7,E,G#,A,713.625,336.0
5710,B,E,3,A,"(2, 4, 8, 11)",V7,E,G#,A,713.75,336.0
5711,B,E,3,A,"(2, 4, 8, 11)",V7,E,G#,A,713.875,336.0
5712,B,E,4,A,"(2, 4, 8, 11)",V7,E,G#,A,714.0,336.0
5713,B,E,4,A,"(2, 4, 8, 11)",V7,E,G#,A,714.125,336.0
5714,B,E,4,A,"(2, 4, 8, 11)",V7,E,G#,A,714.25,336.0
5715,B,E,4,A,"(2, 4, 8, 11)",V7,E,G#,A,714.375,336.0
5716,B,E,4,A,"(2, 4, 8, 11)",V7,E,G#,A,714.5,336.0
5717,B,E,4,A,"(2, 4, 8, 11)",V7,E,G#,A,714.625,336.0
5718,B,E,4,A,"(2, 4, 8, 11)",V7,E,G#,A,714.75,336.0
5719,B,E,4,A,"(2, 4, 8, 11)",V7,E,G#,A,714.875,336.0
5720,E,A,0,A,"(1, 4, 9)",I,A,C#,A,715.0,337.0
5721,E,A,1,A,"(1, 4, 9)",I,A,C#,A,715.125,337.0
5722,E,A,2,A,"(1, 4, 9)",I,A,C#,A,715.25,337.0
5723,E,A,2,A,"(1, 4, 9)",I,A,C#,A,715.375,337.0
5724,E,A,3,A,"(1, 4, 9)",I,A,C#,A,715.5,337.0
5725,E,A,3,A,"(1, 4, 9)",I,A,C#,A,715.625,337.0
5726,E,A,3,A,"(1, 4, 9)",I,A,C#,A,715.75,337.0
5727,E,A,3,A,"(1, 4, 9)",I,A,C#,A,715.875,337.0
5728,E,A,4,A,"(1, 4, 9)",I,A,C#,A,716.0,337.0
5729,E,A,4,A,"(1, 4, 9)",I,A,C#,A,716.125,337.0
5730,E,A,4,A,"(1, 4, 9)",I,A,C#,A,716.25,337.0
5731,E,A,4,A,"(1, 4, 9)",I,A,C#,A,716.375,337.0
5732,E,A,4,A,"(1, 4, 9)",I,A,C#,A,716.5,337.0
5733,E,A,4,A,"(1, 4, 9)",I,A,C#,A,716.625,337.0
5734,E,A,4,A,"(1, 4, 9)",I,A,C#,A,716.75,337.0
5735,E,A,4,A,"(1, 4, 9)",I,A,C#,A,716.875,337.0
5736,B,E,0,A,"(2, 4, 8, 11)",V7,E,G#,A,717.0,338.0
5737,B,E,1,A,"(2, 4, 8, 11)",V7,E,G#,A,717.125,338.0
5738,B,E,2,A,"(2, 4, 8, 11)",V7,E,G#,A,717.25,338.0
5739,B,E,2,A,"(2, 4, 8, 11)",V7,E,G#,A,717.375,338.0
5740,B,E,3,A,"(2, 4, 8, 11)",V7,E,G#,A,717.5,338.0
5741,B,E,3,A,"(2, 4, 8, 11)",V7,E,G#,A,717.625,338.0
5742,B,E,3,A,"(2, 4, 8, 11)",V7,E,G#,A,717.75,338.0
5743,B,E,3,A,"(2, 4, 8, 11)",V7,E,G#,A,717.875,338.0
5744,B,E,4,A,"(2, 4, 8, 11)",V7,E,G#,A,718.0,338.0
5745,B,E,4,A,"(2, 4, 8, 11)",V7,E,G#,A,718.125,338.0
5746,B,E,4,A,"(2, 4, 8, 11)",V7,E,G#,A,718.25,338.0
5747,B,E,4,A,"(2, 4, 8, 11)",V7,E,G#,A,718.375,338.0
5748,B,E,4,A,"(2, 4, 8, 11)",V7,E,G#,A,718.5,338.0
5749,B,E,4,A,"(2, 4, 8, 11)",V7,E,G#,A,718.625,338.0
5750,B,E,4,A,"(2, 4, 8, 11)",V7,E,G#,A,718.75,338.0
5751,B,E,4,A,"(2, 4, 8, 11)",V7,E,G#,A,718.875,338.0
5752,E,A,0,A,"(1, 4, 9)",I,A,C#,A,719.0,339.0
5753,E,A,1,A,"(1, 4, 9)",I,A,C#,A,719.125,339.0
5754,E,A,2,A,"(1, 4, 9)",I,A,C#,A,719.25,339.0
5755,E,A,2,A,"(1, 4, 9)",I,A,C#,A,719.375,339.0
5756,E,A,3,A,"(1, 4, 9)",I,A,C#,A,719.5,339.0
5757,E,A,3,A,"(1, 4, 9)",I,A,C#,A,719.625,339.0
5758,E,A,3,A,"(1, 4, 9)",I,A,C#,A,719.75,339.0
5759,E,A,3,A,"(1, 4, 9)",I,A,C#,A,719.875,339.0
5760,B,E,0,A,"(2, 4, 8, 11)",V7,D,G#,A,720.0,339.0
5761,B,E,1,A,"(2, 4, 8, 11)",V7,D,G#,A,720.125,339.0
5762,B,E,2,A,"(2, 4, 8, 11)",V7,D,G#,A,720.25,339.0
5763,B,E,2,A,"(2, 4, 8, 11)",V7,D,G#,A,720.375,339.0
5764,B,E,3,A,"(2, 4, 8, 11)",V7,D,G#,A,720.5,339.0
5765,B,E,3,A,"(2, 4, 8, 11)",V7,D,G#,A,720.625,339.0
5766,B,E,3,A,"(2, 4, 8, 11)",V7,D,G#,A,720.75,339.0
5767,B,E,3,A,"(2, 4, 8, 11)",V7,D,G#,A,720.875,339.0
5768,E,A,0,A,"(1, 4, 9)",I,A,C#,A,721.0,340.0
5769,E,A,1,A,"(1, 4, 9)",I,A,C#,A,721.125,340.0
5770,E,A,2,A,"(1, 4, 9)",I,A,C#,A,721.25,340.0
5771,E,A,2,A,"(1, 4, 9)",I,A,C#,A,721.375,340.0
5772,E,A,3,A,"(1, 4, 9)",I,A,C#,A,721.5,340.0
5773,E,A,3,A,"(1, 4, 9)",I,A,C#,A,721.625,340.0
5774,E,A,3,A,"(1, 4, 9)",I,A,C#,A,721.75,340.0
5775,E,A,3,A,"(1, 4, 9)",I,A,C#,A,721.875,340.0
5776,A,D,4,A,"(2, 6, 9)",IV,D,F#,A,722.0,340.0
5777,A,D,1,A,"(2, 6, 9)",IV,D,F#,A,722.125,340.0
5778,A,D,2,A,"(2, 6, 9)",IV,D,F#,A,722.25,340.0
5779,A,D,2,A,"(2, 6, 9)",IV,D,F#,A,722.375,340.0
5780,A,D,0,A,"(2, 6, 9)",IV,D,F#,A,722.5,340.0
5781,A,D,1,A,"(2, 6, 9)",IV,D,F#,A,722.625,340.0
5782,A,D,4,A,"(2, 6, 9)",IV,D,F#,A,722.75,340.0
5783,A,D,2,A,"(2, 6, 9)",IV,D,F#,A,722.875,340.0
5784,E,E,0,A,"(1, 4, 9)",I,A,C#,A,723.0,341.0
5785,E,E,1,A,"(1, 4, 9)",I,A,C#,A,723.125,341.0
5786,E,E,2,A,"(1, 4, 9)",I,A,C#,A,723.25,341.0
5787,E,E,2,A,"(1, 4, 9)",I,A,C#,A,723.375,341.0
5788,B,E,3,A,"(2, 4, 8, 11)",V7,D,G#,A,723.5,341.0
5789,B,E,3,A,"(2, 4, 8, 11)",V7,D,G#,A,723.625,341.0
5790,B,E,3,A,"(2, 4, 8, 11)",V7,D,G#,A,723.75,341.0
5791,B,E,3,A,"(2, 4, 8, 11)",V7,D,G#,A,723.875,341.0
5792,B,E,4,A,"(2, 4, 8, 11)",V7,D,G#,A,724.0,341.0
5793,B,E,1,A,"(2, 4, 8, 11)",V7,D,G#,A,724.125,341.0
5794,B,E,4,A,"(2, 4, 8, 11)",V7,D,G#,A,724.25,341.0
5795,B,E,2,A,"(2, 4, 8, 11)",V7,D,G#,A,724.375,341.0
5796,B,E,4,A,"(2, 4, 8, 11)",V7,D,G#,A,724.5,341.0
5797,B,E,4,A,"(2, 4, 8, 11)",V7,D,G#,A,724.625,341.0
5798,B,E,4,A,"(2, 4, 8, 11)",V7,D,G#,A,724.75,341.0
5799,B,E,4,A,"(2, 4, 8, 11)",V7,D,G#,A,724.875,341.0
5800,C#,F#,0,A,"(2, 6, 9)",I,D,A,A,725.0,342.0
5801,C#,F#,1,A,"(2, 6, 9)",I,D,A,A,725.125,342.0
5802,C#,F#,2,A,"(2, 6, 9)",I,D,A,A,725.25,342.0
5803,C#,F#,2,A,"(2, 6, 9)",I,D,A,A,725.375,342.0
5804,A,C#,3,A,"(1, 4, 9)",I,A,A,A,725.5,342.0
5805,A,C#,3,A,"(1, 4, 9)",I,A,A,A,725.625,342.0
5806,A,C#,3,A,"(1, 4, 9)",I,A,A,A,725.75,342.0
5807,A,C#,3,A,"(1, 4, 9)",I,A,A,A,725.875,342.0
5808,A,D,0,A,"(2, 6, 9)",IV,D,F#,A,726.0,342.0
5809,A,D,1,A,"(2, 6, 9)",IV,D,F#,A,726.125,342.0
5810,A,D,2,A,"(2, 6, 9)",IV,D,F#,A,726.25,342.0
5811,A,D,2,A,"(2, 6, 9)",IV,D,F#,A,726.375,342.0
5812,A,D,0,A,"(2, 6, 9)",IV,D,F#,A,726.5,342.0
5813,A,D,1,A,"(2, 6, 9)",IV,D,F#,A,726.625,342.0
5814,A,D,4,A,"(2, 6, 9)",IV,D,F#,A,726.75,342.0
5815,A,D,4,A,"(2, 6, 9)",IV,D,F#,A,726.875,342.0
5816,C#,E,0,A,"(1, 4, 9)",I,A,G#,A,727.0,343.0
5817,C#,E,1,A,"(1, 4, 9)",I,A,G#,A,727.125,343.0
5818,C#,E,2,A,"(1, 4, 9)",I,A,G#,A,727.25,343.0
5819,C#,E,2,A,"(1, 4, 9)",I,A,G#,A,727.375,343.0
5820,B,E,3,A,"(2, 4, 8, 11)",V7,D,G#,A,727.5,343.0
5821,B,E,3,A,"(2, 4, 8, 11)",V7,D,G#,A,727.625,343.0
5822,B,E,3,A,"(2, 4, 8, 11)",V7,D,G#,A,727.75,343.0
5823,B,E,3,A,"(2, 4, 8, 11)",V7,D,G#,A,727.875,343.0
5824,B,E,4,A,"(2, 4, 8, 11)",V7,D,G#,A,728.0,343.0
5825,B,E,4,A,"(2, 4, 8, 11)",V7,D,G#,A,728.125,343.0
5826,B,E,4,A,"(2, 4, 8, 11)",V7,D,G#,A,728.25,343.0
5827,B,E,2,A,"(2, 4, 8, 11)",V7,D,G#,A,728.375,343.0
5828,B,E,4,A,"(2, 4, 8, 11)",V7,D,G#,A,728.5,343.0
5829,B,E,4,A,"(2, 4, 8, 11)",V7,D,G#,A,728.625,343.0
5830,B,E,4,A,"(2, 4, 8, 11)",V7,D,G#,A,728.75,343.0
5831,B,E,4,A,"(2, 4, 8, 11)",V7,D,G#,A,728.875,343.0
5832,C#,E,0,A,"(1, 4, 9)",I,A,A,A,729.0,344.0
5833,C#,E,1,A,"(1, 4, 9)",I,A,A,A,729.125,344.0
5834,C#,E,2,A,"(1, 4, 9)",I,A,A,A,729.25,344.0
5835,C#,E,2,A,"(1, 4, 9)",I,A,A,A,729.375,344.0
5836,C#,E,3,A,"(1, 4, 9)",I,A,A,A,729.5,344.0
5837,C#,E,3,A,"(1, 4, 9)",I,A,A,A,729.625,344.0
5838,C#,E,3,A,"(1, 4, 9)",I,A,A,A,729.75,344.0
5839,C#,E,3,A,"(1, 4, 9)",I,A,A,A,729.875,344.0
5840,C#,E,4,A,"(1, 4, 9)",I,A,A,A,730.0,344.0
5841,C#,E,4,A,"(1, 4, 9)",I,A,A,A,730.125,344.0
5842,C#,E,4,A,"(1, 4, 9)",I,A,A,A,730.25,344.0
5843,C#,E,4,A,"(1, 4, 9)",I,A,A,A,730.375,344.0
5844,C#,E,4,A,"(1, 4, 9)",I,A,A,A,730.5,344.0
5845,C#,E,4,A,"(1, 4, 9)",I,A,A,A,730.625,344.0
5846,C#,E,4,A,"(1, 4, 9)",I,A,A,A,730.75,344.0
5847,C#,E,4,A,"(1, 4, 9)",I,A,A,A,730.875,344.0
5848,E,E,0,A,"(1, 4, 9)",I,A,A,A,731.0,345.0
5849,E,E,1,A,"(1, 4, 9)",I,A,A,A,731.125,345.0
5850,E,E,2,A,"(1, 4, 9)",I,A,A,A,731.25,345.0
5851,E,E,2,A,"(1, 4, 9)",I,A,A,A,731.375,345.0
5852,E,E,3,A,"(1, 4, 9)",I,A,A,A,731.5,345.0
5853,E,E,3,A,"(1, 4, 9)",I,A,A,A,731.625,345.0
5854,E,E,3,A,"(1, 4, 9)",I,A,A,A,731.75,345.0
5855,E,E,3,A,"(1, 4, 9)",I,A,A,A,731.875,345.0
5856,E,E,4,A,"(1, 4, 9)",I,A,A,A,732.0,345.0
5857,E,E,4,A,"(1, 4, 9)",I,A,A,A,732.125,345.0
5858,E,E,4,A,"(1, 4, 9)",I,A,A,A,732.25,345.0
5859,E,E,4,A,"(1, 4, 9)",I,A,A,A,732.375,345.0
5860,B,E,4,A,"(4, 8, 11)",I,E,G#,A,732.5,345.0
5861,B,E,4,A,"(4, 8, 11)",I,E,G#,A,732.625,345.0
5862,B,E,4,A,"(4, 8, 11)",I,E,G#,A,732.75,345.0
5863,B,E,4,A,"(4, 8, 11)",I,E,G#,A,732.875,345.0
5864,E,A,0,A,"(1, 4, 9)",I,A,C#,A,733.0,346.0
5865,E,A,1,A,"(1, 4, 9)",I,A,C#,A,733.125,346.0
5866,E,A,2,A,"(1, 4, 9)",I,A,C#,A,733.25,346.0
5867,E,A,2,A,"(1, 4, 9)",I,A,C#,A,733.375,346.0
5868,E,A,3,A,"(1, 4, 9)",I,A,C#,A,733.5,346.0
5869,E,A,3,A,"(1, 4, 9)",I,A,C#,A,733.625,346.0
5870,E,A,3,A,"(1, 4, 9)",I,A,C#,A,733.75,346.0
5871,E,A,3,A,"(1, 4, 9)",I,A,C#,A,733.875,346.0
5872,E,A,4,A,"(1, 4, 9)",I,A,C#,A,734.0,346.0
5873,E,A,4,A,"(1, 4, 9)",I,A,C#,A,734.125,346.0
5874,E,A,4,A,"(1, 4, 9)",I,A,C#,A,734.25,346.0
5875,E,A,4,A,"(1, 4, 9)",I,A,C#,A,734.375,346.0
5876,E,A,4,A,"(1, 4, 9)",I,A,C#,A,734.5,346.0
5877,E,A,4,A,"(1, 4, 9)",I,A,C#,A,734.625,346.0
5878,E,A,4,A,"(1, 4, 9)",I,A,C#,A,734.75,346.0
5879,E,A,4,A,"(1, 4, 9)",I,A,C#,A,734.875,346.0
5880,B,E,0,A,"(4, 8, 11)",V,E,G#,A,735.0,347.0
5881,B,E,1,A,"(4, 8, 11)",V,E,G#,A,735.125,347.0
5882,B,E,2,A,"(4, 8, 11)",V,E,G#,A,735.25,347.0
5883,B,E,2,A,"(4, 8, 11)",V,E,G#,A,735.375,347.0
5884,B,E,3,A,"(4, 8, 11)",V,E,G#,A,735.5,347.0
5885,B,E,3,A,"(4, 8, 11)",V,E,G#,A,735.625,347.0
5886,B,E,3,A,"(4, 8, 11)",V,E,G#,A,735.75,347.0
5887,B,E,3,A,"(4, 8, 11)",V,E,G#,A,735.875,347.0
5888,B,E,4,A,"(4, 8, 11)",V,E,G#,A,736.0,347.0
5889,B,E,4,A,"(4, 8, 11)",V,E,G#,A,736.125,347.0
5890,B,E,4,A,"(4, 8, 11)",V,E,G#,A,736.25,347.0
5891,B,E,4,A,"(4, 8, 11)",V,E,G#,A,736.375,347.0
5892,B,E,4,A,"(4, 8, 11)",V,E,G#,A,736.5,347.0
5893,B,E,4,A,"(4, 8, 11)",V,E,G#,A,736.625,347.0
5894,B,E,4,A,"(4, 8, 11)",V,E,G#,A,736.75,347.0
5895,B,E,4,A,"(4, 8, 11)",V,E,G#,A,736.875,347.0
5896,E,A,0,A,"(1, 4, 9)",I,A,C#,A,737.0,348.0
5897,E,A,1,A,"(1, 4, 9)",I,A,C#,A,737.125,348.0
5898,E,A,2,A,"(1, 4, 9)",I,A,C#,A,737.25,348.0
5899,E,A,2,A,"(1, 4, 9)",I,A,C#,A,737.375,348.0
5900,E,A,3,A,"(1, 4, 9)",I,A,C#,A,737.5,348.0
5901,E,A,3,A,"(1, 4, 9)",I,A,C#,A,737.625,348.0
5902,E,A,3,A,"(1, 4, 9)",I,A,C#,A,737.75,348.0
5903,E,A,3,A,"(1, 4, 9)",I,A,C#,A,737.875,348.0
5904,E,A,4,A,"(1, 4, 9)",I,A,C#,A,738.0,348.0
5905,E,A,4,A,"(1, 4, 9)",I,A,C#,A,738.125,348.0
5906,E,A,4,A,"(1, 4, 9)",I,A,C#,A,738.25,348.0
5907,E,A,4,A,"(1, 4, 9)",I,A,C#,A,738.375,348.0
5908,E,A,4,A,"(1, 4, 9)",I,A,C#,A,738.5,348.0
5909,E,A,4,A,"(1, 4, 9)",I,A,C#,A,738.625,348.0
5910,E,A,4,A,"(1, 4, 9)",I,A,C#,A,738.75,348.0
5911,E,A,4,A,"(1, 4, 9)",I,A,C#,A,738.875,348.0
5912,B,E,0,A,"(4, 8, 11)",V,E,G#,A,739.0,349.0
5913,B,E,1,A,"(4, 8, 11)",V,E,G#,A,739.125,349.0
5914,B,E,2,A,"(4, 8, 11)",V,E,G#,A,739.25,349.0
5915,B,E,2,A,"(4, 8, 11)",V,E,G#,A,739.375,349.0
5916,B,E,3,A,"(4, 8, 11)",V,E,G#,A,739.5,349.0
5917,B,E,3,A,"(4, 8, 11)",V,E,G#,A,739.625,349.0
5918,B,E,3,A,"(4, 8, 11)",V,E,G#,A,739.75,349.0
5919,B,E,3,A,"(4, 8, 11)",V,E,G#,A,739.875,349.0
5920,B,E,4,A,"(4, 8, 11)",V,E,G#,A,740.0,349.0
5921,B,E,4,A,"(4, 8, 11)",V,E,G#,A,740.125,349.0
5922,B,E,4,A,"(4, 8, 11)",V,E,G#,A,740.25,349.0
5923,B,E,4,A,"(4, 8, 11)",V,E,G#,A,740.375,349.0
5924,B,E,4,A,"(4, 8, 11)",V,E,G#,A,740.5,349.0
5925,B,E,4,A,"(4, 8, 11)",V,E,G#,A,740.625,349.0
5926,B,E,4,A,"(4, 8, 11)",V,E,G#,A,740.75,349.0
5927,B,E,4,A,"(4, 8, 11)",V,E,G#,A,740.875,349.0
5928,E,A,0,A,"(1, 4, 9)",I,A,C#,A,741.0,350.0
5929,E,A,1,A,"(1, 4, 9)",I,A,C#,A,741.125,350.0
5930,E,A,2,A,"(1, 4, 9)",I,A,C#,A,741.25,350.0
5931,E,A,2,A,"(1, 4, 9)",I,A,C#,A,741.375,350.0
5932,E,A,3,A,"(1, 4, 9)",I,A,C#,A,741.5,350.0
5933,E,A,3,A,"(1, 4, 9)",I,A,C#,A,741.625,350.0
5934,E,A,3,A,"(1, 4, 9)",I,A,C#,A,741.75,350.0
5935,E,A,3,A,"(1, 4, 9)",I,A,C#,A,741.875,350.0
5936,E,A,4,A,"(1, 4, 9)",I,A,C#,A,742.0,350.0
5937,E,A,4,A,"(1, 4, 9)",I,A,C#,A,742.125,350.0
5938,E,A,4,A,"(1, 4, 9)",I,A,C#,A,742.25,350.0
5939,E,A,4,A,"(1, 4, 9)",I,A,C#,A,742.375,350.0
5940,E,A,4,A,"(1, 4, 9)",I,A,C#,A,742.5,350.0
5941,E,A,4,A,"(1, 4, 9)",I,A,C#,A,742.625,350.0
5942,E,A,4,A,"(1, 4, 9)",I,A,C#,A,742.75,350.0
5943,E,A,4,A,"(1, 4, 9)",I,A,C#,A,742.875,350.0
5944,B,E,0,A,"(4, 8, 11)",V,E,G#,A,743.0,351.0
5945,B,E,1,A,"(4, 8, 11)",V,E,G#,A,743.125,351.0
5946,B,E,2,A,"(4, 8, 11)",V,E,G#,A,743.25,351.0
5947,B,E,2,A,"(4, 8, 11)",V,E,G#,A,743.375,351.0
5948,B,E,3,A,"(4, 8, 11)",V,E,G#,A,743.5,351.0
5949,B,E,3,A,"(4, 8, 11)",V,E,G#,A,743.625,351.0
5950,B,E,3,A,"(4, 8, 11)",V,E,G#,A,743.75,351.0
5951,B,E,3,A,"(4, 8, 11)",V,E,G#,A,743.875,351.0
5952,B,E,4,A,"(4, 8, 11)",V,E,G#,A,744.0,351.0
5953,B,E,4,A,"(4, 8, 11)",V,E,G#,A,744.125,351.0
5954,B,E,4,A,"(4, 8, 11)",V,E,G#,A,744.25,351.0
5955,B,E,4,A,"(4, 8, 11)",V,E,G#,A,744.375,351.0
5956,B,E,4,A,"(4, 8, 11)",V,E,G#,A,744.5,351.0
5957,B,E,4,A,"(4, 8, 11)",V,E,G#,A,744.625,351.0
5958,B,E,4,A,"(4, 8, 11)",V,E,G#,A,744.75,351.0
5959,B,E,4,A,"(4, 8, 11)",V,E,G#,A,744.875,351.0
5960,E,A,0,A,"(1, 4, 9)",I,A,C#,A,745.0,352.0
5961,E,A,1,A,"(1, 4, 9)",I,A,C#,A,745.125,352.0
5962,E,A,2,A,"(1, 4, 9)",I,A,C#,A,745.25,352.0
5963,E,A,2,A,"(1, 4, 9)",I,A,C#,A,745.375,352.0
5964,E,A,3,A,"(1, 4, 9)",I,A,C#,A,745.5,352.0
5965,E,A,3,A,"(1, 4, 9)",I,A,C#,A,745.625,352.0
5966,E,A,3,A,"(1, 4, 9)",I,A,C#,A,745.75,352.0
5967,E,A,3,A,"(1, 4, 9)",I,A,C#,A,745.875,352.0
5968,E,A,4,A,"(1, 4, 9)",I,A,C#,A,746.0,352.0
5969,E,A,4,A,"(1, 4, 9)",I,A,C#,A,746.125,352.0
5970,E,A,4,A,"(1, 4, 9)",I,A,C#,A,746.25,352.0
5971,E,A,4,A,"(1, 4, 9)",I,A,C#,A,746.375,352.0
5972,E,A,4,A,"(1, 4, 9)",I,A,C#,A,746.5,352.0
5973,E,A,4,A,"(1, 4, 9)",I,A,C#,A,746.625,352.0
5974,E,A,4,A,"(1, 4, 9)",I,A,C#,A,746.75,352.0
5975,E,A,4,A,"(1, 4, 9)",I,A,C#,A,746.875,352.0
5976,B,E,0,A,"(4, 8, 11)",V,E,G#,A,747.0,353.0
5977,B,E,1,A,"(4, 8, 11)",V,E,G#,A,747.125,353.0
5978,B,E,2,A,"(4, 8, 11)",V,E,G#,A,747.25,353.0
5979,B,E,2,A,"(4, 8, 11)",V,E,G#,A,747.375,353.0
5980,B,E,3,A,"(4, 8, 11)",V,E,G#,A,747.5,353.0
5981,B,E,3,A,"(4, 8, 11)",V,E,G#,A,747.625,353.0
5982,B,E,3,A,"(4, 8, 11)",V,E,G#,A,747.75,353.0
5983,B,E,3,A,"(4, 8, 11)",V,E,G#,A,747.875,353.0
5984,B,E,4,A,"(4, 8, 11)",V,E,G#,A,748.0,353.0
5985,B,E,4,A,"(4, 8, 11)",V,E,G#,A,748.125,353.0
5986,B,E,4,A,"(4, 8, 11)",V,E,G#,A,748.25,353.0
5987,B,E,4,A,"(4, 8, 11)",V,E,G#,A,748.375,353.0
5988,B,E,4,A,"(4, 8, 11)",V,E,G#,A,748.5,353.0
5989,B,E,4,A,"(4, 8, 11)",V,E,G#,A,748.625,353.0
5990,B,E,4,A,"(4, 8, 11)",V,E,G#,A,748.75,353.0
5991,B,E,4,A,"(4, 8, 11)",V,E,G#,A,748.875,353.0
5992,B,D#,0,A,"(3, 6, 11)",V,B,F#,E,749.0,354.0
5993,B,D#,1,A,"(3, 6, 11)",V,B,F#,E,749.125,354.0
5994,B,D#,2,A,"(3, 6, 11)",V,B,F#,E,749.25,354.0
5995,B,D#,2,A,"(3, 6, 11)",V,B,F#,E,749.375,354.0
5996,B,D#,3,A,"(3, 6, 11)",V,B,F#,E,749.5,354.0
5997,B,D#,3,A,"(3, 6, 11)",V,B,F#,E,749.625,354.0
5998,B,D#,3,A,"(3, 6, 11)",V,B,F#,E,749.75,354.0
5999,B,D#,3,A,"(3, 6, 11)",V,B,F#,E,749.875,354.0
6000,B,D#,4,A,"(3, 6, 11)",V,B,F#,E,750.0,354.0
6001,B,D#,4,A,"(3, 6, 11)",V,B,F#,E,750.125,354.0
6002,B,D#,4,A,"(3, 6, 11)",V,B,F#,E,750.25,354.0
6003,B,D#,4,A,"(3, 6, 11)",V,B,F#,E,750.375,354.0
6004,B,D#,4,A,"(3, 6, 11)",V,B,F#,A,750.5,354.0
6005,B,D#,4,A,"(3, 6, 11)",V,B,F#,A,750.625,354.0
6006,B,D#,4,A,"(3, 6, 11)",V,B,F#,A,750.75,354.0
6007,B,D#,4,A,"(3, 6, 11)",V,B,F#,A,750.875,354.0
6008,E,G#,0,A,"(4, 8, 11)",V,E,B,A,751.0,355.0
6009,E,G#,1,A,"(4, 8, 11)",V,E,B,A,751.125,355.0
6010,E,G#,2,A,"(4, 8, 11)",V,E,B,A,751.25,355.0
6011,E,G#,2,A,"(4, 8, 11)",V,E,B,A,751.375,355.0
6012,E,G#,3,A,"(4, 8, 11)",V,E,B,A,751.5,355.0
6013,E,G#,3,A,"(4, 8, 11)",V,E,B,A,751.625,355.0
6014,E,G#,3,A,"(4, 8, 11)",V,E,B,A,751.75,355.0
6015,E,G#,3,A,"(4, 8, 11)",V,E,B,A,751.875,355.0
6016,E,G#,4,A,"(4, 8, 11)",V,E,B,A,752.0,355.0
6017,E,G#,4,A,"(4, 8, 11)",V,E,B,A,752.125,355.0
6018,E,G#,4,A,"(4, 8, 11)",V,E,B,A,752.25,355.0
6019,E,G#,4,A,"(4, 8, 11)",V,E,B,A,752.375,355.0
6020,E,G#,4,A,"(4, 8, 11)",V,E,B,A,752.5,355.0
6021,E,G#,4,A,"(4, 8, 11)",V,E,B,A,752.625,355.0
6022,E,G#,4,A,"(4, 8, 11)",V,E,B,A,752.75,355.0
6023,E,G#,4,A,"(4, 8, 11)",V,E,B,A,752.875,355.0
6024,B,D#,0,A,"(3, 6, 11)",V,B,F#,E,753.0,356.0
6025,B,D#,1,A,"(3, 6, 11)",V,B,F#,E,753.125,356.0
6026,B,D#,2,A,"(3, 6, 11)",V,B,F#,E,753.25,356.0
6027,B,D#,2,A,"(3, 6, 11)",V,B,F#,E,753.375,356.0
6028,B,D#,3,A,"(3, 6, 11)",V,B,F#,E,753.5,356.0
6029,B,D#,3,A,"(3, 6, 11)",V,B,F#,E,753.625,356.0
6030,B,D#,3,A,"(3, 6, 11)",V,B,F#,E,753.75,356.0
6031,B,D#,3,A,"(3, 6, 11)",V,B,F#,E,753.875,356.0
6032,B,D#,4,A,"(3, 6, 11)",V,B,F#,E,754.0,356.0
6033,B,D#,4,A,"(3, 6, 11)",V,B,F#,E,754.125,356.0
6034,B,D#,4,A,"(3, 6, 11)",V,B,F#,E,754.25,356.0
6035,B,D#,4,A,"(3, 6, 11)",V,B,F#,E,754.375,356.0
6036,B,D#,4,A,"(3, 6, 11)",V,B,F#,E,754.5,356.0
6037,B,D#,4,A,"(3, 6, 11)",V,B,F#,E,754.625,356.0
6038,B,D#,4,A,"(3, 6, 11)",V,B,F#,E,754.75,356.0
6039,B,D#,4,A,"(3, 6, 11)",V,B,F#,E,754.875,356.0
6040,E,G#,0,A,"(4, 8, 11)",V,E,B,A,755.0,357.0
6041,E,G#,1,A,"(4, 8, 11)",V,E,B,A,755.125,357.0
6042,E,G#,2,A,"(4, 8, 11)",V,E,B,A,755.25,357.0
6043,E,G#,2,A,"(4, 8, 11)",V,E,B,A,755.375,357.0
6044,E,G#,3,A,"(4, 8, 11)",V,E,B,A,755.5,357.0
6045,E,G#,3,A,"(4, 8, 11)",V,E,B,A,755.625,357.0
6046,E,G#,3,A,"(4, 8, 11)",V,E,B,A,755.75,357.0
6047,E,G#,3,A,"(4, 8, 11)",V,E,B,A,755.875,357.0
6048,E,G#,4,A,"(4, 8, 11)",V,E,B,A,756.0,357.0
6049,E,G#,4,A,"(4, 8, 11)",V,E,B,A,756.125,357.0
6050,E,G#,4,A,"(4, 8, 11)",V,E,B,A,756.25,357.0
6051,E,G#,4,A,"(4, 8, 11)",V,E,B,A,756.375,357.0
6052,E,G#,4,A,"(4, 8, 11)",V,E,B,A,756.5,357.0
6053,E,G#,4,A,"(4, 8, 11)",V,E,B,A,756.625,357.0
6054,E,G#,4,A,"(4, 8, 11)",V,E,B,A,756.75,357.0
6055,E,G#,4,A,"(4, 8, 11)",V,E,B,A,756.875,357.0
6056,E,A,0,A,"(1, 4, 9)",I,A,C#,A,757.0,358.0
6057,E,A,1,A,"(1, 4, 9)",I,A,C#,A,757.125,358.0
6058,E,A,2,A,"(1, 4, 9)",I,A,C#,A,757.25,358.0
6059,E,A,2,A,"(1, 4, 9)",I,A,C#,A,757.375,358.0
6060,E,A,3,A,"(1, 4, 9)",I,A,C#,A,757.5,358.0
6061,E,A,3,A,"(1, 4, 9)",I,A,C#,A,757.625,358.0
6062,E,A,3,A,"(1, 4, 9)",I,A,C#,A,757.75,358.0
6063,E,A,3,A,"(1, 4, 9)",I,A,C#,A,757.875,358.0
6064,E,A,4,A,"(1, 4, 9)",I,A,C#,A,758.0,358.0
6065,E,A,4,A,"(1, 4, 9)",I,A,C#,A,758.125,358.0
6066,E,A,4,A,"(1, 4, 9)",I,A,C#,A,758.25,358.0
6067,E,A,4,A,"(1, 4, 9)",I,A,C#,A,758.375,358.0
6068,E,A,4,A,"(1, 4, 9)",I,A,C#,A,758.5,358.0
6069,E,A,4,A,"(1, 4, 9)",I,A,C#,A,758.625,358.0
6070,E,A,4,A,"(1, 4, 9)",I,A,C#,A,758.75,358.0
6071,E,A,4,A,"(1, 4, 9)",I,A,C#,A,758.875,358.0
6072,E,G#,0,A,"(4, 8, 11)",I,E,C#,A,759.0,359.0
6073,E,G#,1,A,"(4, 8, 11)",V,E,C#,A,759.125,359.0
6074,E,G#,2,A,"(4, 8, 11)",V,E,C#,A,759.25,359.0
6075,E,G#,2,A,"(4, 8, 11)",V,E,C#,A,759.375,359.0
6076,E,G#,3,A,"(4, 8, 11)",V,E,C#,A,759.5,359.0
6077,E,G#,3,A,"(4, 8, 11)",V,E,C#,A,759.625,359.0
6078,E,G#,3,A,"(4, 8, 11)",V,E,C#,A,759.75,359.0
6079,E,G#,3,A,"(4, 8, 11)",V,E,C#,A,759.875,359.0
6080,E,G#,0,A,"(4, 8, 11)",V,E,B,A,760.0,359.0
6081,E,G#,4,A,"(4, 8, 11)",V,E,B,A,760.125,359.0
6082,E,G#,4,A,"(4, 8, 11)",V,E,B,A,760.25,359.0
6083,E,G#,4,A,"(4, 8, 11)",V,E,B,A,760.375,359.0
6084,E,G#,4,A,"(4, 8, 11)",V,E,B,A,760.5,359.0
6085,E,G#,4,A,"(4, 8, 11)",V,E,B,A,760.625,359.0
6086,E,G#,4,A,"(4, 8, 11)",V,E,B,A,760.75,359.0
6087,E,G#,4,A,"(4, 8, 11)",V,E,B,A,760.875,359.0
6088,D#,A,0,A,"(1, 4, 9)",I,A,C#,A,761.0,360.0
6089,D#,A,1,A,"(1, 4, 9)",V7,A,C#,E,761.125,360.0
6090,D#,A,2,A,"(1, 4, 9)",V7,A,C#,E,761.25,360.0
6091,D#,A,2,A,"(1, 4, 9)",V7,A,C#,E,761.375,360.0
6092,D#,A,3,A,"(1, 4, 9)",V7,A,C#,E,761.5,360.0
6093,D#,A,3,A,"(1, 4, 9)",V7,A,C#,E,761.625,360.0
6094,D#,A,3,A,"(1, 4, 9)",V7,A,C#,E,761.75,360.0
6095,D#,A,3,A,"(1, 4, 9)",V7,A,C#,E,761.875,360.0
6096,E,A,4,A,"(1, 4, 9)",ii7,F#,C#,A,762.0,360.0
6097,E,A,4,A,"(1, 4, 9)",ii7,F#,C#,A,762.125,360.0
6098,E,A,4,A,"(1, 4, 9)",ii7,F#,C#,A,762.25,360.0
6099,E,A,4,A,"(1, 4, 9)",ii7,F#,C#,A,762.375,360.0
6100,D#,A,0,A,"(3, 6, 9, 11)",V7,F#,C#,E,762.5,360.0
6101,D#,A,1,A,"(3, 6, 9, 11)",V7,F#,C#,E,762.625,360.0
6102,D#,A,2,A,"(3, 6, 9, 11)",V7,F#,C#,E,762.75,360.0
6103,D#,A,2,A,"(3, 6, 9, 11)",V7,F#,C#,E,762.875,360.0
6104,E,G#,0,A,"(4, 8, 11)",V,E,B,E,763.0,361.0
6105,E,G#,1,A,"(4, 8, 11)",V,E,B,E,763.125,361.0
6106,E,G#,2,A,"(4, 8, 11)",V,E,B,E,763.25,361.0
6107,E,G#,2,A,"(4, 8, 11)",V,E,B,E,763.375,361.0
6108,B,G#,3,A,"(4, 8, 11)",V7,E,B,E,763.5,361.0
6109,B,G#,3,A,"(4, 8, 11)",V7,E,B,E,763.625,361.0
6110,B,G#,2,A,"(4, 8, 11)",V7,E,B,E,763.75,361.0
6111,B,G#,2,A,"(4, 8, 11)",V7,E,B,E,763.875,361.0
6112,B,E,0,A,"(4, 8, 11)",V,E,G#,E,764.0,361.0
6113,B,E,1,A,"(4, 8, 11)",V,E,G#,A,764.125,361.0
6114,B,E,2,A,"(4, 8, 11)",V,E,G#,E,764.25,361.0
6115,B,E,2,A,"(4, 8, 11)",V,E,G#,A,764.375,361.0
6116,B,E,3,A,"(4, 8, 11)",V,E,G#,A,764.5,361.0
6117,B,E,3,A,"(4, 8, 11)",V,E,G#,A,764.625,361.0
6118,B,E,3,A,"(4, 8, 11)",V,E,G#,A,764.75,361.0
6119,B,E,3,A,"(4, 8, 11)",V,E,G#,A,764.875,361.0
6120,E,A,0,A,"(1, 4, 9)",I,A,C#,A,765.0,362.0
6121,E,A,1,A,"(1, 4, 9)",I,A,C#,A,765.125,362.0
6122,E,A,2,A,"(1, 4, 9)",I,A,C#,A,765.25,362.0
6123,E,A,2,A,"(1, 4, 9)",I,A,C#,A,765.375,362.0
6124,E,A,3,A,"(1, 4, 9)",I,A,C#,A,765.5,362.0
6125,E,A,3,A,"(1, 4, 9)",I,A,C#,A,765.625,362.0
6126,E,A,3,A,"(1, 4, 9)",I,A,C#,A,765.75,362.0
6127,E,A,3,A,"(1, 4, 9)",I,A,C#,A,765.875,362.0
6128,E,A,4,A,"(1, 4, 9)",I,A,C#,A,766.0,362.0
6129,E,A,4,A,"(1, 4, 9)",I,A,C#,A,766.125,362.0
6130,E,A,4,A,"(1, 4, 9)",I,A,C#,A,766.25,362.0
6131,E,A,4,A,"(1, 4, 9)",I,A,C#,A,766.375,362.0
6132,E,A,4,A,"(1, 4, 9)",I,A,C#,A,766.5,362.0
6133,E,A,4,A,"(1, 4, 9)",I,A,C#,A,766.625,362.0
6134,E,A,4,A,"(1, 4, 9)",I,A,C#,A,766.75,362.0
6135,E,A,4,A,"(1, 4, 9)",I,A,C#,A,766.875,362.0
6136,E,E,0,A,"(4, 8, 11)",V,E,G#,A,767.0,363.0
6137,E,E,1,A,"(4, 8, 11)",V,E,G#,A,767.125,363.0
6138,E,E,2,A,"(4, 8, 11)",V,E,G#,A,767.25,363.0
6139,E,E,2,A,"(4, 8, 11)",V,E,G#,A,767.375,363.0
6140,E,E,3,A,"(4, 8, 11)",V,E,G#,A,767.5,363.0
6141,E,E,3,A,"(4, 8, 11)",V,E,G#,A,767.625,363.0
6142,E,E,3,A,"(4, 8, 11)",V,E,G#,A,767.75,363.0
6143,E,E,3,A,"(4, 8, 11)",V,E,G#,A,767.875,363.0
6144,E,G#,0,A,"(4, 8, 11)",V,E,B,A,768.0,363.0
6145,E,G#,4,A,"(4, 8, 11)",V,E,B,A,768.125,363.0
6146,E,G#,2,A,"(4, 8, 11)",V,E,B,A,768.25,363.0
6147,E,G#,4,A,"(4, 8, 11)",V,E,B,A,768.375,363.0
6148,E,G#,4,A,"(4, 8, 11)",V,E,B,A,768.5,363.0
6149,E,G#,4,A,"(4, 8, 11)",V,E,B,A,768.625,363.0
6150,E,G#,4,A,"(4, 8, 11)",V,E,B,A,768.75,363.0
6151,E,G#,4,A,"(4, 8, 11)",V,E,B,A,768.875,363.0
6152,D#,A,0,A,"(1, 4, 9)",I,A,C#,A,769.0,364.0
6153,D#,A,1,A,"(1, 4, 9)",V7,A,C#,E,769.125,364.0
6154,D#,A,2,A,"(1, 4, 9)",V7,A,C#,E,769.25,364.0
6155,D#,A,2,A,"(1, 4, 9)",V7,A,C#,E,769.375,364.0
6156,D#,A,3,A,"(1, 4, 9)",V7,A,C#,E,769.5,364.0
6157,D#,A,3,A,"(1, 4, 9)",V7,A,C#,E,769.625,364.0
6158,D#,A,3,A,"(1, 4, 9)",V7,A,C#,E,769.75,364.0
6159,D#,A,3,A,"(1, 4, 9)",V7,A,C#,E,769.875,364.0
6160,E,A,0,A,"(1, 4, 9)",I,A,C#,A,770.0,364.0
6161,E,A,1,A,"(1, 4, 9)",IV,A,C#,A,770.125,364.0
6162,E,A,2,A,"(1, 4, 9)",I,A,C#,E,770.25,364.0
6163,E,A,2,A,"(1, 4, 9)",I,A,C#,E,770.375,364.0
6164,D#,A,0,A,"(3, 6, 9)",V7,F#,D#,E,770.5,364.0
6165,D#,A,1,A,"(3, 6, 9)",V7,F#,D#,E,770.625,364.0
6166,D#,A,2,A,"(3, 6, 9)",V7,F#,D#,E,770.75,364.0
6167,D#,A,2,A,"(3, 6, 9)",V7,F#,D#,E,770.875,364.0
6168,E,G#,0,A,"(4, 8, 11)",V,E,B,E,771.0,365.0
6169,E,G#,1,A,"(4, 8, 11)",V,E,B,A,771.125,365.0
6170,E,G#,2,A,"(4, 8, 11)",V,E,B,A,771.25,365.0
6171,E,G#,2,A,"(4, 8, 11)",V,E,B,A,771.375,365.0
6172,E,G#,3,A,"(4, 8, 11)",V,E,B,A,771.5,365.0
6173,E,G#,3,A,"(4, 8, 11)",V,E,B,A,771.625,365.0
6174,E,G#,3,A,"(4, 8, 11)",V,E,B,A,771.75,365.0
6175,E,G#,3,A,"(4, 8, 11)",V,E,B,A,771.875,365.0
6176,E,G#,4,A,"(4, 8, 11)",V,E,B,E,772.0,365.0
6177,E,G#,4,A,"(4, 8, 11)",V,E,B,E,772.125,365.0
6178,E,G#,4,A,"(4, 8, 11)",V,E,B,E,772.25,365.0
6179,E,G#,4,A,"(4, 8, 11)",V,E,B,E,772.375,365.0
6180,D#,D#,0,A,"(3, 6, 9, 11)",V7,B,F#,E,772.5,365.0
6181,D#,D#,1,A,"(3, 6, 9, 11)",V7,B,F#,E,772.625,365.0
6182,D#,D#,2,A,"(3, 6, 9, 11)",V7,B,F#,E,772.75,365.0
6183,D#,D#,2,A,"(3, 6, 9, 11)",V7,B,F#,E,772.875,365.0
6184,B,E,0,A,"(4, 8, 11)",V,E,G#,A,773.0,366.0
6185,B,E,1,A,"(4, 8, 11)",V,E,G#,A,773.125,366.0
6186,B,E,2,A,"(4, 8, 11)",V,E,G#,A,773.25,366.0
6187,B,E,2,A,"(4, 8, 11)",V,E,G#,A,773.375,366.0
6188,B,E,3,A,"(4, 8, 11)",V,E,G#,A,773.5,366.0
6189,B,E,3,A,"(4, 8, 11)",V,E,G#,A,773.625,366.0
6190,B,E,3,A,"(4, 8, 11)",V,E,G#,A,773.75,366.0
6191,B,E,3,A,"(4, 8, 11)",V,E,G#,A,773.875,366.0
6192,F#,B,0,A,"(3, 6, 11)",V,B,D#,E,774.0,366.0
6193,F#,B,1,A,"(3, 6, 11)",V,B,D#,E,774.125,366.0
6194,F#,B,2,A,"(3, 6, 11)",V,B,D#,E,774.25,366.0
6195,F#,B,2,A,"(3, 6, 11)",V,B,D#,E,774.375,366.0
6196,F#,B,3,A,"(3, 6, 11)",V,B,D#,E,774.5,366.0
6197,F#,B,3,A,"(3, 6, 11)",V,B,D#,E,774.625,366.0
6198,F#,B,3,A,"(3, 6, 11)",V,B,D#,E,774.75,366.0
6199,F#,B,3,A,"(3, 6, 11)",V,B,D#,E,774.875,366.0
6200,F#,B,0,A,"(3, 6, 11)",V,B,D#,E,775.0,367.0
6201,F#,B,1,A,"(3, 6, 11)",V,B,D#,E,775.125,367.0
6202,F#,B,2,A,"(3, 6, 11)",V,B,D#,E,775.25,367.0
6203,F#,B,2,A,"(3, 6, 11)",V,B,D#,E,775.375,367.0
6204,F#,B,3,A,"(3, 6, 11)",V,B,D#,E,775.5,367.0
6205,F#,B,3,A,"(3, 6, 11)",V,B,D#,E,775.625,367.0
6206,F#,B,3,A,"(3, 6, 11)",V,B,D#,E,775.75,367.0
6207,F#,B,3,A,"(3, 6, 11)",V,B,D#,E,775.875,367.0
6208,F#,B,4,A,"(3, 6, 11)",V,B,D#,E,776.0,367.0
6209,F#,B,4,A,"(3, 6, 11)",V,B,D#,E,776.125,367.0
6210,F#,B,4,A,"(3, 6, 11)",V,B,D#,E,776.25,367.0
6211,F#,B,4,A,"(3, 6, 11)",V,B,D#,E,776.375,367.0
6212,F#,B,4,A,"(3, 6, 11)",V,B,D#,E,776.5,367.0
6213,F#,B,4,A,"(3, 6, 11)",V,B,D#,E,776.625,367.0
6214,F#,B,4,A,"(3, 6, 11)",V,B,D#,E,776.75,367.0
6215,F#,B,4,A,"(3, 6, 11)",V,B,D#,E,776.875,367.0
6216,B,E,0,A,"(4, 8, 11)",V,E,G#,A,777.0,368.0
6217,B,E,1,A,"(4, 8, 11)",V,E,G#,A,777.125,368.0
6218,B,E,2,A,"(4, 8, 11)",V,E,G#,A,777.25,368.0
6219,B,E,2,A,"(4, 8, 11)",V,E,G#,A,777.375,368.0
6220,B,E,3,A,"(4, 8, 11)",V,E,G#,A,777.5,368.0
6221,B,E,3,A,"(4, 8, 11)",V,E,G#,A,777.625,368.0
6222,B,E,3,A,"(4, 8, 11)",V,E,G#,A,777.75,368.0
6223,B,E,3,A,"(4, 8, 11)",V,E,G#,A,777.875,368.0
6224,B,E,4,A,"(4, 8, 11)",V,E,G#,A,778.0,368.0
6225,B,E,4,A,"(4, 8, 11)",V,E,G#,A,778.125,368.0
6226,B,E,4,A,"(4, 8, 11)",V,E,G#,A,778.25,368.0
6227,B,E,4,A,"(4, 8, 11)",V,E,G#,A,778.375,368.0
6228,B,E,4,A,"(4, 8, 11)",V,E,G#,A,778.5,368.0
6229,B,E,4,A,"(4, 8, 11)",V,E,G#,A,778.625,368.0
6230,B,E,4,A,"(4, 8, 11)",V,E,G#,A,778.75,368.0
6231,B,E,4,A,"(4, 8, 11)",V,E,G#,A,778.875,368.0
6232,B,E,5,A,"(4, 8, 11)",V,E,G#,A,779.0,368.0
6233,B,E,5,A,"(4, 8, 11)",V,E,G#,A,779.125,368.0
6234,B,E,5,A,"(4, 8, 11)",V,E,G#,A,779.25,368.0
6235,B,E,5,A,"(4, 8, 11)",V,E,G#,A,779.375,368.0
6236,B,E,5,A,"(4, 8, 11)",V,E,G#,A,779.5,368.0
6237,B,E,5,A,"(4, 8, 11)",V,E,G#,A,779.625,368.0
6238,B,E,5,A,"(4, 8, 11)",V,E,G#,A,779.75,368.0
6239,B,E,5,A,"(4, 8, 11)",V,E,G#,A,779.875,368.0
6240,B,E,5,A,"(4, 8, 11)",V,E,G#,A,780.0,368.0
6241,B,E,5,A,"(4, 8, 11)",V,E,G#,A,780.125,368.0
6242,B,E,5,A,"(4, 8, 11)",V,E,G#,A,780.25,368.0
6243,B,E,5,A,"(4, 8, 11)",V,E,G#,A,780.375,368.0
6244,B,E,5,A,"(4, 8, 11)",V,E,G#,A,780.5,368.0
6245,B,E,5,A,"(4, 8, 11)",V,E,G#,A,780.625,368.0
6246,B,E,5,A,"(4, 8, 11)",V,E,G#,A,780.75,368.0
6247,B,E,5,A,"(4, 8, 11)",V,E,G#,A,780.875,368.0
6248,E,A#,0,A,"(1, 4, 6, 10)",V7,F#,C#,b,781.0,369.0
6249,E,A#,1,A,"(1, 4, 6, 10)",V7,F#,C#,b,781.125,369.0
6250,E,A#,2,A,"(1, 4, 6, 10)",V7,F#,C#,b,781.25,369.0
6251,E,A#,2,A,"(1, 4, 6, 10)",V7,F#,C#,b,781.375,369.0
6252,E,A#,3,A,"(1, 4, 6, 10)",V7,F#,C#,b,781.5,369.0
6253,E,A#,3,A,"(1, 4, 6, 10)",V7,F#,C#,b,781.625,369.0
6254,E,A#,3,A,"(1, 4, 6, 10)",V7,F#,C#,b,781.75,369.0
6255,E,A#,3,A,"(1, 4, 6, 10)",V7,F#,C#,b,781.875,369.0
6256,E,A#,4,A,"(1, 4, 6, 10)",V7,F#,C#,b,782.0,369.0
6257,E,A#,4,A,"(1, 4, 6, 10)",V7,F#,C#,b,782.125,369.0
6258,E,A#,4,A,"(1, 4, 6, 10)",V7,F#,C#,b,782.25,369.0
6259,E,A#,4,A,"(1, 4, 6, 10)",V7,F#,C#,b,782.375,369.0
6260,E,A#,4,A,"(1, 4, 6, 10)",V7,F#,C#,b,782.5,369.0
6261,E,A#,4,A,"(1, 4, 6, 10)",V7,F#,C#,b,782.625,369.0
6262,E,A#,4,A,"(1, 4, 6, 10)",V7,F#,C#,b,782.75,369.0
6263,E,A#,4,A,"(1, 4, 6, 10)",V7,F#,C#,b,782.875,369.0
6264,E,A#,5,A,"(1, 4, 6, 10)",V7,F#,C#,b,783.0,369.0
6265,E,A#,5,A,"(1, 4, 6, 10)",V7,F#,C#,b,783.125,369.0
6266,E,A#,5,A,"(1, 4, 6, 10)",V7,F#,C#,b,783.25,369.0
6267,E,A#,5,A,"(1, 4, 6, 10)",V7,F#,C#,b,783.375,369.0
6268,E,A#,5,A,"(1, 4, 6, 10)",V7,F#,C#,b,783.5,369.0
6269,E,A#,5,A,"(1, 4, 6, 10)",V7,F#,C#,b,783.625,369.0
6270,E,A#,5,A,"(1, 4, 6, 10)",V7,F#,C#,b,783.75,369.0
6271,E,A#,5,A,"(1, 4, 6, 10)",V7,F#,C#,b,783.875,369.0
6272,E,A#,5,A,"(1, 4, 6, 10)",V7,F#,C#,b,784.0,369.0
6273,E,A#,5,A,"(1, 4, 6, 10)",V7,F#,C#,b,784.125,369.0
6274,E,A#,5,A,"(1, 4, 6, 10)",V7,F#,C#,b,784.25,369.0
6275,E,A#,5,A,"(1, 4, 6, 10)",V7,F#,C#,b,784.375,369.0
6276,E,A#,5,A,"(1, 4, 6, 10)",V7,F#,C#,b,784.5,369.0
6277,E,A#,5,A,"(1, 4, 6, 10)",V7,F#,C#,b,784.625,369.0
6278,E,A#,5,A,"(1, 4, 6, 10)",V7,F#,C#,b,784.75,369.0
6279,E,A#,5,A,"(1, 4, 6, 10)",V7,F#,C#,b,784.875,369.0
6280,F#,B,0,A,"(2, 6, 11)",ii,B,D,A,785.0,370.0
6281,F#,B,1,A,"(2, 6, 11)",ii,B,D,A,785.125,370.0
6282,F#,B,2,A,"(2, 6, 11)",ii,B,D,A,785.25,370.0
6283,F#,B,2,A,"(2, 6, 11)",ii,B,D,A,785.375,370.0
6284,F#,B,3,A,"(2, 6, 11)",ii,B,D,A,785.5,370.0
6285,F#,B,3,A,"(2, 6, 11)",ii,B,D,A,785.625,370.0
6286,F#,B,3,A,"(2, 6, 11)",ii,B,D,A,785.75,370.0
6287,F#,B,3,A,"(2, 6, 11)",ii,B,D,A,785.875,370.0
6288,F#,B,4,A,"(2, 6, 11)",ii,B,D,A,786.0,370.0
6289,F#,B,4,A,"(2, 6, 11)",ii,B,D,A,786.125,370.0
6290,F#,B,4,A,"(2, 6, 11)",ii,B,D,A,786.25,370.0
6291,F#,B,4,A,"(2, 6, 11)",ii,B,D,A,786.375,370.0
6292,F#,B,4,A,"(2, 6, 11)",ii,B,D,A,786.5,370.0
6293,F#,B,4,A,"(2, 6, 11)",ii,B,D,A,786.625,370.0
6294,F#,B,4,A,"(2, 6, 11)",ii,B,D,A,786.75,370.0
6295,F#,B,4,A,"(2, 6, 11)",ii,B,D,A,786.875,370.0
6296,E,G#,0,A,"(2, 4, 8, 11)",V7,E,B,A,787.0,370.0
6297,D,G#,1,A,"(2, 4, 8, 11)",V7,E,B,A,787.125,370.0
6298,D,G#,2,A,"(2, 4, 8, 11)",V7,E,B,A,787.25,370.0
6299,D,G#,2,A,"(2, 4, 8, 11)",V7,E,B,A,787.375,370.0
6300,D,G#,3,A,"(2, 4, 8, 11)",V7,E,B,A,787.5,370.0
6301,D,G#,3,A,"(2, 4, 8, 11)",V7,E,B,A,787.625,370.0
6302,D,G#,3,A,"(2, 4, 8, 11)",V7,E,B,A,787.75,370.0
6303,D,G#,3,A,"(2, 4, 8, 11)",V7,E,B,A,787.875,370.0
6304,D,G#,4,A,"(2, 4, 8, 11)",V7,E,B,A,788.0,370.0
6305,D,G#,4,A,"(2, 4, 8, 11)",V7,E,B,A,788.125,370.0
6306,D,G#,4,A,"(2, 4, 8, 11)",V7,E,B,A,788.25,370.0
6307,D,G#,4,A,"(2, 4, 8, 11)",V7,E,B,A,788.375,370.0
6308,D,G#,4,A,"(2, 4, 8, 11)",V7,E,B,A,788.5,370.0
6309,D,G#,4,A,"(2, 4, 8, 11)",V7,E,B,A,788.625,370.0
6310,D,G#,4,A,"(2, 4, 8, 11)",V7,E,B,A,788.75,370.0
6311,D,G#,4,A,"(2, 4, 8, 11)",V7,E,B,A,788.875,370.0
6312,E,A,0,A,"(1, 4, 9)",I,A,C#,A,789.0,371.0
6313,E,A,1,A,"(1, 4, 9)",I,A,C#,A,789.125,371.0
6314,E,A,2,A,"(1, 4, 9)",I,A,C#,A,789.25,371.0
6315,E,A,2,A,"(1, 4, 9)",I,A,C#,A,789.375,371.0
6316,E,A,3,A,"(1, 4, 9)",I,A,C#,A,789.5,371.0
6317,E,A,3,A,"(1, 4, 9)",I,A,C#,A,789.625,371.0
6318,E,A,3,A,"(1, 4, 9)",I,A,C#,A,789.75,371.0
6319,E,A,3,A,"(1, 4, 9)",I,A,C#,A,789.875,371.0
6320,E,A,4,A,"(1, 4, 9)",I,A,C#,A,790.0,371.0
6321,E,A,4,A,"(1, 4, 9)",I,A,C#,A,790.125,371.0
6322,E,A,4,A,"(1, 4, 9)",I,A,C#,A,790.25,371.0
6323,E,A,4,A,"(1, 4, 9)",I,A,C#,A,790.375,371.0
6324,E,A,4,A,"(1, 4, 9)",I,A,C#,A,790.5,371.0
6325,E,A,4,A,"(1, 4, 9)",I,A,C#,A,790.625,371.0
6326,E,A,4,A,"(1, 4, 9)",I,A,C#,A,790.75,371.0
6327,E,A,4,A,"(1, 4, 9)",I,A,C#,A,790.875,371.0
6328,E,B,0,A,"(2, 4, 8, 11)",V7,A,D,A,791.0,371.0
6329,E,B,1,A,"(2, 4, 8, 11)",V7,A,D,A,791.125,371.0
6330,E,B,2,A,"(2, 4, 8, 11)",V7,A,D,A,791.25,371.0
6331,E,B,2,A,"(2, 4, 8, 11)",V7,A,D,A,791.375,371.0
6332,B,E,3,A,"(2, 4, 8, 11)",V7,A,G#,A,791.5,371.0
6333,B,E,3,A,"(2, 4, 8, 11)",V7,A,G#,A,791.625,371.0
6334,B,E,3,A,"(2, 4, 8, 11)",V7,A,G#,A,791.75,371.0
6335,B,E,3,A,"(2, 4, 8, 11)",V7,A,G#,A,791.875,371.0
6336,E,A,0,A,"(1, 4, 9)",I,A,C#,A,792.0,371.0
6337,E,A,1,A,"(1, 4, 9)",I,A,C#,A,792.125,371.0
6338,E,A,2,A,"(1, 4, 9)",I,A,C#,A,792.25,371.0
6339,E,A,2,A,"(1, 4, 9)",I,A,C#,A,792.375,371.0
6340,E,A,3,A,"(1, 4, 9)",I,A,C#,A,792.5,371.0
6341,E,A,3,A,"(1, 4, 9)",I,A,C#,A,792.625,371.0
6342,E,A,3,A,"(1, 4, 9)",I,A,C#,A,792.75,371.0
6343,E,A,3,A,"(1, 4, 9)",I,A,C#,A,792.875,371.0
6344,B,E,0,A,"(4, 8, 11)",I,A,G#,A,793.0,372.0
6345,B,E,1,A,"(4, 8, 11)",I,E,G#,A,793.125,372.0
6346,B,E,2,A,"(4, 8, 11)",I,E,G#,A,793.25,372.0
6347,B,E,2,A,"(4, 8, 11)",I,E,G#,A,793.375,372.0
6348,B,E,3,A,"(4, 8, 11)",I,E,G#,A,793.5,372.0
6349,B,E,3,A,"(4, 8, 11)",I,E,G#,A,793.625,372.0
6350,B,E,3,A,"(4, 8, 11)",I,E,G#,A,793.75,372.0
6351,B,E,3,A,"(4, 8, 11)",I,E,G#,A,793.875,372.0
6352,B,E,4,A,"(4, 8, 11)",V,E,G#,A,794.0,372.0
6353,B,E,4,A,"(4, 8, 11)",V,E,G#,A,794.125,372.0
6354,B,E,4,A,"(4, 8, 11)",V,E,G#,A,794.25,372.0
6355,B,E,4,A,"(4, 8, 11)",V,E,G#,A,794.375,372.0
6356,B,E,4,A,"(4, 8, 11)",V,E,G#,A,794.5,372.0
6357,B,E,4,A,"(4, 8, 11)",V,E,G#,A,794.625,372.0
6358,B,E,4,A,"(4, 8, 11)",V,E,G#,A,794.75,372.0
6359,B,E,4,A,"(4, 8, 11)",V,E,G#,A,794.875,372.0
6360,B,E,0,A,"(4, 8, 11)",V,E,G#,A,795.0,372.0
6361,B,E,1,A,"(4, 8, 11)",V,E,G#,A,795.125,372.0
6362,B,E,2,A,"(4, 8, 11)",V,E,G#,A,795.25,372.0
6363,B,E,2,A,"(4, 8, 11)",V,E,G#,A,795.375,372.0
6364,B,E,3,A,"(4, 8, 11)",V,E,G#,A,795.5,372.0
6365,B,E,3,A,"(4, 8, 11)",V,E,G#,A,795.625,372.0
6366,B,E,3,A,"(4, 8, 11)",V,E,G#,A,795.75,372.0
6367,B,E,3,A,"(4, 8, 11)",V,E,G#,A,795.875,372.0
6368,B,E,4,A,"(4, 8, 11)",V,E,G#,A,796.0,372.0
6369,B,E,4,A,"(4, 8, 11)",V,E,G#,A,796.125,372.0
6370,B,E,4,A,"(4, 8, 11)",V,E,G#,A,796.25,372.0
6371,B,E,4,A,"(4, 8, 11)",V,E,G#,A,796.375,372.0
6372,B,E,4,A,"(4, 8, 11)",V,E,G#,A,796.5,372.0
6373,B,E,4,A,"(4, 8, 11)",V,E,G#,A,796.625,372.0
6374,B,E,4,A,"(4, 8, 11)",V,E,G#,A,796.75,372.0
6375,B,E,4,A,"(4, 8, 11)",V,E,G#,A,796.875,372.0
6376,E,A,0,A,"(1, 4, 9)",I,A,C#,A,797.0,373.0
6377,E,A,1,A,"(1, 4, 9)",I,A,C#,A,797.125,373.0
6378,E,A,2,A,"(1, 4, 9)",I,A,C#,A,797.25,373.0
6379,E,A,2,A,"(1, 4, 9)",I,A,C#,A,797.375,373.0
6380,E,A,3,A,"(1, 4, 9)",I,A,C#,A,797.5,373.0
6381,E,A,3,A,"(1, 4, 9)",I,A,C#,A,797.625,373.0
6382,E,A,3,A,"(1, 4, 9)",I,A,C#,A,797.75,373.0
6383,E,A,3,A,"(1, 4, 9)",I,A,C#,A,797.875,373.0
6384,E,A,4,A,"(1, 4, 9)",I,A,C#,A,798.0,373.0
6385,E,A,4,A,"(1, 4, 9)",I,A,C#,A,798.125,373.0
6386,E,A,4,A,"(1, 4, 9)",I,A,C#,A,798.25,373.0
6387,E,A,4,A,"(1, 4, 9)",I,A,C#,A,798.375,373.0
6388,E,A,4,A,"(1, 4, 9)",I,A,C#,A,798.5,373.0
6389,E,A,4,A,"(1, 4, 9)",I,A,C#,A,798.625,373.0
6390,E,A,4,A,"(1, 4, 9)",I,A,C#,A,798.75,373.0
6391,E,A,4,A,"(1, 4, 9)",I,A,C#,A,798.875,373.0
6392,B,E,0,A,"(4, 8, 11)",V7,E,G#,A,799.0,374.0
6393,B,E,1,A,"(2, 4, 8, 11)",V7,D,G#,A,799.125,374.0
6394,B,E,2,A,"(2, 4, 8, 11)",V7,D,G#,A,799.25,374.0
6395,B,E,2,A,"(2, 4, 8, 11)",V7,D,G#,A,799.375,374.0
6396,B,E,3,A,"(2, 4, 8, 11)",V7,D,G#,A,799.5,374.0
6397,B,E,3,A,"(2, 4, 8, 11)",V7,D,G#,A,799.625,374.0
6398,B,E,3,A,"(2, 4, 8, 11)",V7,D,G#,A,799.75,374.0
6399,B,E,3,A,"(2, 4, 8, 11)",V7,E,G#,A,799.875,374.0
6400,B,E,0,A,"(2, 4, 8, 11)",V7,D,G#,A,800.0,374.0
6401,B,E,1,A,"(2, 4, 8, 11)",V7,D,G#,A,800.125,374.0
6402,B,E,2,A,"(2, 4, 8, 11)",V7,D,G#,A,800.25,374.0
6403,B,E,2,A,"(2, 4, 8, 11)",V7,D,G#,A,800.375,374.0
6404,B,E,3,A,"(2, 4, 8, 11)",V7,D,G#,A,800.5,374.0
6405,B,E,3,A,"(2, 4, 8, 11)",V7,D,G#,A,800.625,374.0
6406,B,G#,3,A,"(2, 4, 8, 11)",V7,D,G#,A,800.75,374.0
6407,B,G#,3,A,"(2, 4, 8, 11)",V7,D,G#,A,800.875,374.0
6408,E,A,0,A,"(1, 4, 9)",I,A,C#,A,801.0,375.0
6409,E,A,1,A,"(1, 4, 9)",I,A,C#,A,801.125,375.0
6410,E,A,2,A,"(1, 4, 9)",I,A,C#,A,801.25,375.0
6411,E,A,2,A,"(1, 4, 9)",I,A,C#,A,801.375,375.0
6412,E,A,3,A,"(1, 4, 9)",I,A,C#,A,801.5,375.0
6413,E,A,3,A,"(1, 4, 9)",I,A,C#,A,801.625,375.0
6414,E,A,3,A,"(1, 4, 9)",I,A,C#,A,801.75,375.0
6415,E,A,3,A,"(1, 4, 9)",I,A,C#,A,801.875,375.0
6416,E,A,4,A,"(1, 4, 9)",I,A,C#,A,802.0,375.0
6417,E,A,4,A,"(1, 4, 9)",I,A,C#,A,802.125,375.0
6418,E,A,4,A,"(1, 4, 9)",I,A,C#,A,802.25,375.0
6419,E,A,4,A,"(1, 4, 9)",I,A,C#,A,802.375,375.0
6420,E,A,4,A,"(1, 4, 9)",I,A,C#,A,802.5,375.0
6421,E,A,4,A,"(1, 4, 9)",I,A,C#,A,802.625,375.0
6422,E,A,4,A,"(1, 4, 9)",I,A,C#,A,802.75,375.0
6423,E,A,4,A,"(1, 4, 9)",I,A,C#,A,802.875,375.0
6424,B,E,0,A,"(2, 4, 8, 11)",V7,D,G#,A,803.0,376.0
6425,B,E,1,A,"(2, 4, 8, 11)",V7,D,G#,A,803.125,376.0
6426,B,E,2,A,"(2, 4, 8, 11)",V7,D,G#,A,803.25,376.0
6427,B,E,2,A,"(2, 4, 8, 11)",V7,D,G#,A,803.375,376.0
6428,B,E,3,A,"(2, 4, 8, 11)",V7,D,G#,A,803.5,376.0
6429,B,E,3,A,"(2, 4, 8, 11)",V7,D,G#,A,803.625,376.0
6430,B,E,3,A,"(2, 4, 8, 11)",V7,D,G#,A,803.75,376.0
6431,B,E,3,A,"(2, 4, 8, 11)",V7,D,G#,A,803.875,376.0
6432,B,E,4,A,"(2, 4, 8, 11)",V7,D,G#,A,804.0,376.0
6433,B,E,4,A,"(2, 4, 8, 11)",V7,D,G#,A,804.125,376.0
6434,B,E,4,A,"(2, 4, 8, 11)",V7,D,G#,A,804.25,376.0
6435,B,E,4,A,"(2, 4, 8, 11)",V7,D,G#,A,804.375,376.0
6436,B,E,4,A,"(2, 4, 8, 11)",V7,D,G#,A,804.5,376.0
6437,B,E,4,A,"(2, 4, 8, 11)",V7,D,G#,A,804.625,376.0
6438,B,E,4,A,"(2, 4, 8, 11)",V7,D,G#,A,804.75,376.0
6439,B,E,4,A,"(2, 4, 8, 11)",V7,D,G#,A,804.875,376.0
6440,E,A,0,A,"(1, 4, 9)",I,A,C#,A,805.0,377.0
6441,E,A,1,A,"(1, 4, 9)",I,A,C#,A,805.125,377.0
6442,E,A,2,A,"(1, 4, 9)",I,F#,C#,A,805.25,377.0
6443,E,A,2,A,"(1, 4, 9)",I,A,C#,A,805.375,377.0
6444,E,A,3,A,"(1, 6, 9)",I,F#,C#,A,805.5,377.0
6445,E,A,3,A,"(1, 6, 9)",I,F#,C#,A,805.625,377.0
6446,E,A,3,A,"(1, 6, 9)",I,F#,C#,A,805.75,377.0
6447,E,A,3,A,"(1, 6, 9)",I,F#,C#,A,805.875,377.0
6448,B,D,0,A,"(2, 4, 8, 11)",V7,B,F#,A,806.0,377.0
6449,B,D,1,A,"(2, 4, 8, 11)",V7,B,F#,A,806.125,377.0
6450,B,D,2,A,"(2, 4, 8, 11)",V7,B,F#,A,806.25,377.0
6451,B,D,2,A,"(2, 4, 8, 11)",V7,B,F#,A,806.375,377.0
6452,B,E,3,A,"(2, 4, 8, 11)",V7,B,G#,A,806.5,377.0
6453,B,E,3,A,"(2, 4, 8, 11)",V7,B,G#,A,806.625,377.0
6454,B,E,3,A,"(2, 4, 8, 11)",V7,B,G#,A,806.75,377.0
6455,B,E,3,A,"(2, 4, 8, 11)",V7,D,G#,A,806.875,377.0
6456,E,A,0,A,"(1, 4, 9)",I,A,C#,A,807.0,378.0
6457,E,A,1,A,"(1, 4, 9)",I,A,C#,A,807.125,378.0
6458,E,A,2,A,"(1, 4, 9)",I,A,C#,A,807.25,378.0
6459,E,A,2,A,"(1, 4, 9)",I,A,C#,A,807.375,378.0
6460,E,A,3,A,"(1, 4, 9)",I,A,C#,A,807.5,378.0
6461,E,A,3,A,"(1, 4, 9)",I,A,C#,A,807.625,378.0
6462,E,A,3,A,"(1, 4, 9)",I,A,C#,A,807.75,378.0
6463,E,A,3,A,"(1, 4, 9)",I,A,C#,A,807.875,378.0
6464,E,A,0,A,"(1, 4, 9)",I,A,C#,A,808.0,378.0
6465,E,A,4,A,"(1, 4, 9)",I,A,C#,A,808.125,378.0
6466,E,A,2,A,"(1, 4, 9)",I,A,C#,A,808.25,378.0
6467,E,A,4,A,"(1, 4, 9)",I,A,C#,A,808.375,378.0
6468,E,A,4,A,"(1, 4, 9)",I,A,C#,A,808.5,378.0
6469,E,A,4,A,"(1, 4, 9)",I,A,C#,A,808.625,378.0
6470,E,A,4,A,"(1, 4, 9)",I,A,C#,A,808.75,378.0
6471,E,A,4,A,"(1, 4, 9)",I,A,C#,A,808.875,378.0
6472,E,E,0,A,"(1, 4, 9)",I,A,C#,A,809.0,379.0
6473,E,E,1,A,"(1, 4, 9)",I,A,C#,A,809.125,379.0
6474,E,E,2,A,"(1, 4, 9)",I,A,C#,A,809.25,379.0
6475,E,E,2,A,"(1, 4, 9)",I,A,C#,A,809.375,379.0
6476,E,E,3,A,"(1, 4, 9)",V7,A,C#,A,809.5,379.0
6477,E,E,3,A,"(1, 4, 9)",V7,A,C#,A,809.625,379.0
6478,E,E,3,A,"(1, 4, 9)",V7,A,C#,A,809.75,379.0
6479,E,E,3,A,"(1, 4, 9)",V7,A,C#,A,809.875,379.0
6480,E,E,4,A,"(1, 4, 9)",V7,A,G#,A,810.0,379.0
6481,B,E,4,A,"(1, 4, 9)",V7,A,G#,A,810.125,379.0
6482,B,E,4,A,"(1, 4, 9)",V7,A,G#,A,810.25,379.0
6483,B,E,4,A,"(1, 4, 9)",V7,A,G#,A,810.375,379.0
6484,B,E,4,A,"(1, 4, 9)",V7,A,G#,A,810.5,379.0
6485,B,E,4,A,"(1, 4, 9)",V7,A,G#,A,810.625,379.0
6486,B,E,4,A,"(1, 4, 9)",V7,A,G#,A,810.75,379.0
6487,B,E,4,A,"(1, 4, 9)",V7,A,G#,A,810.875,379.0
6488,E,A,0,A,"(1, 4, 9)",I,A,C#,A,811.0,380.0
6489,E,A,1,A,"(1, 4, 9)",I,A,C#,A,811.125,380.0
6490,E,A,2,A,"(1, 4, 9)",I,A,C#,A,811.25,380.0
6491,E,A,2,A,"(1, 4, 9)",I,A,C#,A,811.375,380.0
6492,E,A,3,A,"(1, 4, 9)",I,A,C#,A,811.5,380.0
6493,E,A,3,A,"(1, 4, 9)",I,A,C#,A,811.625,380.0
6494,E,A,3,A,"(1, 4, 9)",I,A,C#,A,811.75,380.0
6495,E,A,3,A,"(1, 4, 9)",I,A,C#,A,811.875,380.0
6496,E,A,4,A,"(1, 4, 9)",I,A,C#,A,812.0,380.0
6497,E,A,4,A,"(1, 4, 9)",I,A,C#,A,812.125,380.0
6498,E,A,4,A,"(1, 4, 9)",I,A,C#,A,812.25,380.0
6499,E,A,4,A,"(1, 4, 9)",I,A,C#,A,812.375,380.0
6500,E,A,4,A,"(1, 4, 9)",I,A,C#,A,812.5,380.0
6501,E,A,4,A,"(1, 4, 9)",I,A,C#,A,812.625,380.0
6502,E,A,4,A,"(1, 4, 9)",I,A,C#,A,812.75,380.0
6503,E,A,4,A,"(1, 4, 9)",I,A,C#,A,812.875,380.0
6504,E,E,0,A,"(1, 4, 9)",I,A,C#,A,813.0,381.0
6505,E,E,1,A,"(1, 4, 9)",I,A,C#,A,813.125,381.0
6506,E,E,2,A,"(1, 4, 9)",I,A,C#,A,813.25,381.0
6507,E,E,2,A,"(1, 4, 9)",I,A,C#,A,813.375,381.0
6508,B,E,3,A,"(1, 4, 9)",I,A,C#,A,813.5,381.0
6509,B,E,3,A,"(1, 4, 9)",I,A,C#,A,813.625,381.0
6510,B,E,3,A,"(1, 4, 9)",I,A,C#,A,813.75,381.0
6511,B,E,3,A,"(1, 4, 9)",I,A,C#,A,813.875,381.0
6512,B,E,4,A,"(1, 4, 9)",V7,A,G#,A,814.0,381.0
6513,B,E,4,A,"(1, 4, 9)",V7,A,G#,A,814.125,381.0
6514,B,E,4,A,"(1, 4, 9)",V7,A,G#,A,814.25,381.0
6515,B,E,4,A,"(1, 4, 9)",V7,A,G#,A,814.375,381.0
6516,B,E,4,A,"(1, 4, 9)",V7,A,G#,A,814.5,381.0
6517,B,E,4,A,"(1, 4, 9)",V7,A,G#,A,814.625,381.0
6518,B,E,4,A,"(1, 4, 9)",V7,A,G#,A,814.75,381.0
6519,B,E,4,A,"(1, 4, 9)",V7,A,G#,A,814.875,381.0
6520,E,A,0,A,"(1, 4, 9)",I,A,C#,A,815.0,382.0
6521,E,A,1,A,"(1, 4, 9)",I,A,C#,A,815.125,382.0
6522,E,A,2,A,"(1, 4, 9)",I,A,C#,A,815.25,382.0
6523,E,A,2,A,"(1, 4, 9)",I,A,C#,A,815.375,382.0
6524,E,A,3,A,"(1, 4, 9)",I,A,C#,A,815.5,382.0
6525,E,A,3,A,"(1, 4, 9)",I,A,C#,A,815.625,382.0
6526,E,A,3,A,"(1, 4, 9)",I,A,C#,A,815.75,382.0
6527,E,A,3,A,"(1, 4, 9)",I,A,C#,A,815.875,382.0
6528,E,A,4,A,"(1, 4, 9)",I,A,C#,A,816.0,382.0
6529,E,A,4,A,"(1, 4, 9)",I,A,C#,A,816.125,382.0
6530,E,A,4,A,"(1, 4, 9)",I,A,C#,A,816.25,382.0
6531,E,A,4,A,"(1, 4, 9)",I,A,C#,A,816.375,382.0
6532,E,A,4,A,"(1, 4, 9)",I,A,C#,A,816.5,382.0
6533,E,A,4,A,"(1, 4, 9)",I,A,C#,A,816.625,382.0
6534,E,A,4,A,"(1, 4, 9)",I,A,C#,A,816.75,382.0
6535,E,A,4,A,"(1, 4, 9)",I,A,C#,A,816.875,382.0
6536,E,A,0,A,"(1, 4, 9)",I,A,C#,A,817.0,383.0
6537,E,A,1,A,"(1, 4, 9)",I,A,C#,A,817.125,383.0
6538,E,A,2,A,"(1, 4, 9)",I,A,C#,A,817.25,383.0
6539,E,A,2,A,"(1, 4, 9)",I,A,C#,A,817.375,383.0
6540,E,A,3,A,"(1, 4, 9)",I,A,C#,A,817.5,383.0
6541,E,A,3,A,"(1, 4, 9)",I,A,C#,A,817.625,383.0
6542,E,A,3,A,"(1, 4, 9)",I,A,C#,A,817.75,383.0
6543,E,A,3,A,"(1, 4, 9)",I,A,C#,A,817.875,383.0
6544,E,A,4,A,"(1, 4, 9)",I,A,C#,A,818.0,383.0
6545,E,A,4,A,"(1, 4, 9)",I,A,C#,A,818.125,383.0
6546,E,A,4,A,"(1, 4, 9)",I,A,C#,A,818.25,383.0
6547,E,A,4,A,"(1, 4, 9)",I,A,C#,A,818.375,383.0
6548,B,E,0,A,"(4, 8, 11)",V,E,G#,A,818.5,383.0
6549,B,E,1,A,"(4, 8, 11)",V,E,G#,A,818.625,383.0
6550,B,E,2,A,"(4, 8, 11)",V,E,G#,A,818.75,383.0
6551,B,E,2,A,"(4, 8, 11)",V,E,G#,A,818.875,383.0
6552,E,A,0,A,"(1, 4, 9)",I,A,C#,A,819.0,384.0
6553,E,A,1,A,"(1, 4, 9)",I,A,C#,A,819.125,384.0
6554,E,A,2,A,"(1, 4, 9)",I,A,C#,A,819.25,384.0
6555,E,A,2,A,"(1, 4, 9)",I,A,C#,A,819.375,384.0
6556,E,A,3,A,"(1, 4, 9)",I,A,C#,A,819.5,384.0
6557,E,A,3,A,"(1, 4, 9)",I,A,C#,A,819.625,384.0
6558,E,A,3,A,"(1, 4, 9)",I,A,C#,A,819.75,384.0
6559,E,A,3,A,"(1, 4, 9)",I,A,C#,A,819.875,384.0
6560,E,A,4,A,"(1, 4, 9)",I,A,C#,A,820.0,384.0
6561,E,A,4,A,"(1, 4, 9)",I,A,C#,A,820.125,384.0
6562,E,A,4,A,"(1, 4, 9)",I,A,C#,A,820.25,384.0
6563,E,A,4,A,"(1, 4, 9)",I,A,C#,A,820.375,384.0
6564,E,A,4,A,"(1, 4, 9)",I,A,C#,A,820.5,384.0
6565,E,A,4,A,"(1, 4, 9)",I,A,C#,A,820.625,384.0
6566,E,A,4,A,"(1, 4, 9)",I,A,C#,A,820.75,384.0
6567,E,A,4,A,"(1, 4, 9)",I,A,C#,A,820.875,384.0
6568,D,G#,0,A,"(2, 4, 8, 11)",V7,E,B,A,821.0,385.0
6569,D,G#,1,A,"(2, 4, 8, 11)",V7,E,B,A,821.125,385.0
6570,D,G#,2,A,"(2, 4, 8, 11)",V7,E,B,A,821.25,385.0
6571,D,G#,2,A,"(2, 4, 8, 11)",V7,E,B,A,821.375,385.0
6572,D,G#,3,A,"(2, 4, 8, 11)",V7,E,B,A,821.5,385.0
6573,D,G#,3,A,"(2, 4, 8, 11)",V7,E,B,A,821.625,385.0
6574,D,G#,3,A,"(2, 4, 8, 11)",V7,E,B,A,821.75,385.0
6575,D,G#,3,A,"(2, 4, 8, 11)",V7,E,B,A,821.875,385.0
6576,D,G#,4,A,"(2, 4, 8, 11)",V7,E,B,A,822.0,385.0
6577,D,G#,4,A,"(2, 4, 8, 11)",V7,E,B,A,822.125,385.0
6578,D,G#,4,A,"(2, 4, 8, 11)",V7,E,B,A,822.25,385.0
6579,D,G#,4,A,"(2, 4, 8, 11)",V7,E,B,A,822.375,385.0
6580,D,G#,4,A,"(2, 4, 8, 11)",V7,E,B,A,822.5,385.0
6581,D,G#,4,A,"(2, 4, 8, 11)",V7,E,B,A,822.625,385.0
6582,D,G#,4,A,"(2, 4, 8, 11)",V7,E,B,A,822.75,385.0
6583,D,G#,4,A,"(2, 4, 8, 11)",V7,E,B,A,822.875,385.0
6584,E,A,0,A,"(1, 4, 9)",I,A,C#,A,823.0,386.0
6585,E,A,1,A,"(1, 4, 9)",I,A,C#,A,823.125,386.0
6586,E,A,2,A,"(1, 4, 9)",I,A,C#,A,823.25,386.0
6587,E,A,2,A,"(1, 4, 9)",I,A,C#,A,823.375,386.0
6588,E,A,3,A,"(1, 4, 9)",I,A,C#,A,823.5,386.0
6589,E,A,3,A,"(1, 4, 9)",I,A,C#,A,823.625,386.0
6590,E,A,3,A,"(1, 4, 9)",I,A,C#,A,823.75,386.0
6591,E,A,3,A,"(1, 4, 9)",I,A,C#,A,823.875,386.0
6592,E,A,4,A,"(1, 4, 9)",I,A,C#,A,824.0,386.0
6593,E,A,4,A,"(1, 4, 9)",I,A,C#,A,824.125,386.0
6594,E,A,4,A,"(1, 4, 9)",I,A,C#,A,824.25,386.0
6595,E,A,4,A,"(1, 4, 9)",I,A,C#,A,824.375,386.0
6596,E,B,4,A,"(2, 4, 8, 11)",V7,G#,D,A,824.5,386.0
6597,E,B,4,A,"(2, 4, 8, 11)",V7,G#,D,A,824.625,386.0
6598,E,B,4,A,"(2, 4, 8, 11)",V7,G#,D,A,824.75,386.0
6599,E,B,4,A,"(2, 4, 8, 11)",V7,G#,D,A,824.875,386.0
6600,E,A,0,A,"(1, 4, 9)",I,A,C#,A,825.0,387.0
6601,E,A,1,A,"(1, 4, 9)",I,A,C#,A,825.125,387.0
6602,E,A,2,A,"(1, 4, 9)",I,A,C#,A,825.25,387.0
6603,E,A,2,A,"(1, 4, 9)",I,A,C#,A,825.375,387.0
6604,E,A,3,A,"(1, 4, 9)",I,A,C#,A,825.5,387.0
6605,E,A,3,A,"(1, 4, 9)",I,A,C#,A,825.625,387.0
6606,E,A,3,A,"(1, 4, 9)",I,A,C#,A,825.75,387.0
6607,E,A,3,A,"(1, 4, 9)",I,A,C#,A,825.875,387.0
6608,B,E,0,A,"(4, 8, 11)",V,E,G#,A,826.0,387.0
6609,B,E,1,A,"(4, 8, 11)",V,E,G#,A,826.125,387.0
6610,B,E,2,A,"(4, 8, 11)",V,E,G#,A,826.25,387.0
6611,B,E,2,A,"(4, 8, 11)",V,E,G#,A,826.375,387.0
6612,B,E,3,A,"(4, 8, 11)",V,E,G#,A,826.5,387.0
6613,B,E,3,A,"(4, 8, 11)",V,E,G#,A,826.625,387.0
6614,B,E,3,A,"(4, 8, 11)",V,E,G#,A,826.75,387.0
6615,B,E,3,A,"(4, 8, 11)",V,E,G#,A,826.875,387.0
6616,E,A,0,A,"(1, 4, 9)",I,A,C#,A,827.0,388.0
6617,E,A,1,A,"(1, 4, 9)",I,A,C#,A,827.125,388.0
6618,E,A,2,A,"(1, 4, 9)",I,A,C#,A,827.25,388.0
6619,E,A,2,A,"(1, 4, 9)",I,A,C#,A,827.375,388.0
6620,E,A,3,A,"(1, 4, 9)",I,A,C#,A,827.5,388.0
6621,E,A,3,A,"(1, 4, 9)",I,A,C#,A,827.625,388.0
6622,E,A,3,A,"(1, 4, 9)",I,A,C#,A,827.75,388.0
6623,E,A,3,A,"(1, 4, 9)",I,A,C#,A,827.875,388.0
6624,E,A,4,A,"(1, 4, 9)",I,A,C#,A,828.0,388.0
6625,E,A,4,A,"(1, 4, 9)",I,A,C#,A,828.125,388.0
6626,E,A,4,A,"(1, 4, 9)",I,A,C#,A,828.25,388.0
6627,E,A,4,A,"(1, 4, 9)",I,A,C#,A,828.375,388.0
6628,E,A,4,A,"(1, 4, 9)",I,A,C#,A,828.5,388.0
6629,E,A,4,A,"(1, 4, 9)",I,A,C#,A,828.625,388.0
6630,E,A,4,A,"(1, 4, 9)",I,A,C#,A,828.75,388.0
6631,E,A,4,A,"(1, 4, 9)",I,A,C#,A,828.875,388.0
6632,D,G#,0,A,"(2, 4, 8, 11)",V7,E,B,A,829.0,389.0
6633,D,G#,1,A,"(2, 4, 8, 11)",V7,E,B,A,829.125,389.0
6634,D,G#,2,A,"(2, 4, 8, 11)",V7,E,B,A,829.25,389.0
6635,D,G#,2,A,"(2, 4, 8, 11)",V7,E,B,A,829.375,389.0
6636,D,G#,3,A,"(2, 4, 8, 11)",V7,E,B,A,829.5,389.0
6637,D,G#,3,A,"(2, 4, 8, 11)",V7,E,B,A,829.625,389.0
6638,D,G#,3,A,"(2, 4, 8, 11)",V7,E,B,A,829.75,389.0
6639,D,G#,3,A,"(2, 4, 8, 11)",V7,E,B,A,829.875,389.0
6640,D,G#,4,A,"(2, 4, 8, 11)",V7,E,B,A,830.0,389.0
6641,D,G#,4,A,"(2, 4, 8, 11)",V7,E,B,A,830.125,389.0
6642,D,G#,4,A,"(2, 4, 8, 11)",V7,E,B,A,830.25,389.0
6643,D,G#,4,A,"(2, 4, 8, 11)",V7,E,B,A,830.375,389.0
6644,D,G#,4,A,"(2, 4, 8, 11)",V7,E,B,A,830.5,389.0
6645,D,G#,4,A,"(2, 4, 8, 11)",V7,E,B,A,830.625,389.0
6646,D,G#,4,A,"(2, 4, 8, 11)",V7,E,B,A,830.75,389.0
6647,D,G#,4,A,"(2, 4, 8, 11)",V7,E,B,A,830.875,389.0
6648,E,A,0,A,"(1, 4, 9)",I,A,C#,A,831.0,390.0
6649,E,A,1,A,"(1, 4, 9)",I,A,C#,A,831.125,390.0
6650,E,A,2,A,"(1, 4, 9)",I,A,C#,A,831.25,390.0
6651,E,A,2,A,"(1, 4, 9)",I,A,C#,A,831.375,390.0
6652,E,A,3,A,"(1, 4, 9)",I,A,C#,A,831.5,390.0
6653,E,A,3,A,"(1, 4, 9)",I,A,C#,A,831.625,390.0
6654,E,A,3,A,"(1, 4, 9)",I,A,C#,A,831.75,390.0
6655,E,A,3,A,"(1, 4, 9)",I,A,C#,A,831.875,390.0
6656,E,B,0,A,"(2, 6, 11)",V7,B,D,A,832.0,390.0
6657,E,B,1,A,"(2, 6, 11)",V7,B,D,A,832.125,390.0
6658,E,B,2,A,"(2, 6, 11)",V7,B,D,A,832.25,390.0
6659,E,B,2,A,"(2, 6, 11)",V7,B,D,A,832.375,390.0
6660,F#,B,3,A,"(2, 6, 11)",V7,B,D,A,832.5,390.0
6661,F#,B,3,A,"(2, 6, 11)",V7,B,D,A,832.625,390.0
6662,F#,B,3,A,"(2, 6, 11)",V7,B,D,A,832.75,390.0
6663,F#,B,3,A,"(2, 6, 11)",V7,B,D,A,832.875,390.0
6664,E,A,0,A,"(1, 4, 9)",I,A,C#,A,833.0,391.0
6665,E,A,1,A,"(1, 4, 9)",I,A,C#,A,833.125,391.0
6666,E,A,2,A,"(1, 4, 9)",I,A,C#,A,833.25,391.0
6667,E,A,2,A,"(1, 4, 9)",I,A,C#,A,833.375,391.0
6668,E,A,3,A,"(1, 4, 9)",I,A,C#,A,833.5,391.0
6669,E,A,3,A,"(1, 4, 9)",I,A,C#,A,833.625,391.0
6670,E,A,3,A,"(1, 4, 9)",I,A,C#,A,833.75,391.0
6671,E,A,3,A,"(1, 4, 9)",I,A,C#,A,833.875,391.0
6672,E,A,0,A,"(4, 8, 11)",I,A,C#,A,834.0,391.0
6673,E,E,1,A,"(4, 8, 11)",V,E,C#,A,834.125,391.0
6674,E,E,2,A,"(4, 8, 11)",V,E,C#,A,834.25,391.0
6675,E,E,2,A,"(4, 8, 11)",V,E,C#,A,834.375,391.0
6676,E,E,4,A,"(4, 8, 11)",V,E,C#,A,834.5,391.0
6677,E,E,4,A,"(4, 8, 11)",V,E,C#,A,834.625,391.0
6678,E,E,4,A,"(4, 8, 11)",V,E,C#,A,834.75,391.0
6679,E,E,4,A,"(4, 8, 11)",V,E,C#,A,834.875,391.0
6680,A,D#,0,A,"(3, 6, 9, 11)",V7,B,F#,E,835.0,392.0
6681,A,D#,1,A,"(3, 6, 9, 11)",V7,B,F#,E,835.125,392.0
6682,A,D#,2,A,"(3, 6, 9, 11)",V7,B,F#,E,835.25,392.0
6683,A,D#,2,A,"(3, 6, 9, 11)",V7,B,F#,E,835.375,392.0
6684,A,D#,3,A,"(3, 6, 9, 11)",V7,B,F#,E,835.5,392.0
6685,A,D#,3,A,"(3, 6, 9, 11)",V7,B,F#,E,835.625,392.0
6686,A,D#,3,A,"(3, 6, 9, 11)",V7,B,F#,E,835.75,392.0
6687,A,D#,3,A,"(3, 6, 9, 11)",V7,B,F#,E,835.875,392.0
6688,A,D#,4,A,"(3, 6, 9, 11)",V7,B,F#,E,836.0,392.0
6689,A,D#,4,A,"(3, 6, 9, 11)",V7,B,F#,E,836.125,392.0
6690,A,D#,4,A,"(3, 6, 9, 11)",V7,B,F#,E,836.25,392.0
6691,A,D#,4,A,"(3, 6, 9, 11)",V7,B,F#,E,836.375,392.0
6692,A,D#,4,A,"(3, 6, 9, 11)",V7,B,F#,E,836.5,392.0
6693,A,D#,4,A,"(3, 6, 9, 11)",V7,B,F#,E,836.625,392.0
6694,A,D#,4,A,"(3, 6, 9, 11)",V7,B,F#,E,836.75,392.0
6695,A,D#,4,A,"(3, 6, 9, 11)",V7,B,F#,E,836.875,392.0
6696,B,E,0,A,"(4, 8, 11)",V,E,G#,A,837.0,393.0
6697,B,E,1,A,"(4, 8, 11)",V,E,G#,A,837.125,393.0
6698,B,E,2,A,"(4, 8, 11)",V,E,G#,A,837.25,393.0
6699,B,E,2,A,"(4, 8, 11)",V,E,G#,A,837.375,393.0
6700,B,E,3,A,"(4, 8, 11)",V,E,G#,A,837.5,393.0
6701,B,E,3,A,"(4, 8, 11)",V,E,G#,A,837.625,393.0
6702,B,E,3,A,"(4, 8, 11)",V,E,G#,A,837.75,393.0
6703,B,E,3,A,"(4, 8, 11)",V,E,G#,A,837.875,393.0
6704,B,E,4,A,"(4, 8, 11)",V,E,G#,A,838.0,393.0
6705,B,E,4,A,"(4, 8, 11)",V,E,G#,A,838.125,393.0
6706,B,E,4,A,"(4, 8, 11)",V,E,G#,A,838.25,393.0
6707,B,E,4,A,"(4, 8, 11)",V,E,G#,A,838.375,393.0
6708,B,E,4,A,"(4, 8, 11)",V,E,G#,A,838.5,393.0
6709,B,E,4,A,"(4, 8, 11)",V,E,G#,A,838.625,393.0
6710,B,E,4,A,"(4, 8, 11)",V,E,G#,A,838.75,393.0
6711,B,E,4,A,"(4, 8, 11)",V,E,G#,A,838.875,393.0
6712,A,D#,0,A,"(3, 6, 9, 11)",V7,B,F#,E,839.0,394.0
6713,A,D#,1,A,"(3, 6, 9, 11)",V7,B,F#,E,839.125,394.0
6714,A,D#,2,A,"(3, 6, 9, 11)",V7,B,F#,E,839.25,394.0
6715,A,D#,2,A,"(3, 6, 9, 11)",V7,B,F#,E,839.375,394.0
6716,A,D#,3,A,"(3, 6, 9, 11)",V7,B,F#,E,839.5,394.0
6717,A,D#,3,A,"(3, 6, 9, 11)",V7,B,F#,E,839.625,394.0
6718,A,D#,3,A,"(3, 6, 9, 11)",V7,B,F#,E,839.75,394.0
6719,A,D#,3,A,"(3, 6, 9, 11)",V7,B,F#,E,839.875,394.0
6720,A,D#,4,A,"(3, 6, 9, 11)",V7,B,F#,E,840.0,394.0
6721,A,D#,4,A,"(3, 6, 9, 11)",V7,B,F#,E,840.125,394.0
6722,A,D#,4,A,"(3, 6, 9, 11)",V7,B,F#,E,840.25,394.0
6723,A,D#,4,A,"(3, 6, 9, 11)",V7,B,F#,E,840.375,394.0
6724,A,D#,4,A,"(3, 6, 9, 11)",V7,B,F#,E,840.5,394.0
6725,A,D#,4,A,"(3, 6, 9, 11)",V7,B,F#,E,840.625,394.0
6726,A,D#,4,A,"(3, 6, 9, 11)",V7,B,F#,E,840.75,394.0
6727,A,D#,4,A,"(3, 6, 9, 11)",V7,B,F#,E,840.875,394.0
6728,B,E,0,A,"(4, 8, 11)",V,E,G#,A,841.0,395.0
6729,B,E,1,A,"(4, 8, 11)",V,E,G#,A,841.125,395.0
6730,B,E,2,A,"(4, 8, 11)",V,E,G#,A,841.25,395.0
6731,B,E,2,A,"(4, 8, 11)",V,E,G#,A,841.375,395.0
6732,B,E,3,A,"(4, 8, 11)",V,E,G#,A,841.5,395.0
6733,B,E,3,A,"(4, 8, 11)",V,E,G#,A,841.625,395.0
6734,B,E,3,A,"(4, 8, 11)",V,E,G#,A,841.75,395.0
6735,B,E,3,A,"(4, 8, 11)",V,E,G#,A,841.875,395.0
6736,B,E,4,A,"(4, 8, 11)",V,E,G#,A,842.0,395.0
6737,B,E,4,A,"(4, 8, 11)",V,E,G#,A,842.125,395.0
6738,B,E,4,A,"(4, 8, 11)",V,E,G#,A,842.25,395.0
6739,B,E,4,A,"(4, 8, 11)",V,E,G#,A,842.375,395.0
6740,B,E,4,A,"(4, 8, 11)",V,E,G#,A,842.5,395.0
6741,B,E,4,A,"(4, 8, 11)",V,E,G#,A,842.625,395.0
6742,B,E,4,A,"(4, 8, 11)",V,E,G#,A,842.75,395.0
6743,B,E,4,A,"(4, 8, 11)",V,E,G#,A,842.875,395.0
6744,E,A,0,A,"(1, 4, 9)",I,A,C#,A,843.0,396.0
6745,E,A,1,A,"(1, 4, 9)",I,A,C#,A,843.125,396.0
6746,E,A,2,A,"(1, 4, 9)",I,A,C#,A,843.25,396.0
6747,E,A,2,A,"(1, 4, 9)",I,A,C#,A,843.375,396.0
6748,E,A,3,A,"(1, 4, 9)",I,A,C#,A,843.5,396.0
6749,E,A,3,A,"(1, 4, 9)",I,A,C#,A,843.625,396.0
6750,E,A,3,A,"(1, 4, 9)",I,A,C#,A,843.75,396.0
6751,E,A,3,A,"(1, 4, 9)",I,A,C#,A,843.875,396.0
6752,E,A,4,A,"(1, 4, 9)",I,A,C#,A,844.0,396.0
6753,E,A,4,A,"(1, 4, 9)",I,A,C#,A,844.125,396.0
6754,E,A,4,A,"(1, 4, 9)",I,A,C#,A,844.25,396.0
6755,E,A,4,A,"(1, 4, 9)",I,A,C#,A,844.375,396.0
6756,D#,A,4,A,"(3, 6, 9, 11)",V7,F#,B,E,844.5,396.0
6757,D#,A,4,A,"(3, 6, 9, 11)",V7,F#,B,E,844.625,396.0
6758,D#,A,4,A,"(3, 6, 9, 11)",V7,F#,B,E,844.75,396.0
6759,D#,A,4,A,"(3, 6, 9, 11)",V7,F#,B,E,844.875,396.0
6760,E,G#,0,A,"(4, 8, 11)",V,E,B,A,845.0,397.0
6761,E,G#,1,A,"(4, 8, 11)",V,E,B,A,845.125,397.0
6762,E,G#,2,A,"(4, 8, 11)",V,E,B,A,845.25,397.0
6763,E,G#,2,A,"(4, 8, 11)",V,E,B,A,845.375,397.0
6764,E,G#,3,A,"(4, 8, 11)",V,E,B,A,845.5,397.0
6765,E,G#,3,A,"(4, 8, 11)",V,E,B,A,845.625,397.0
6766,E,G#,3,A,"(4, 8, 11)",V,E,B,A,845.75,397.0
6767,E,G#,3,A,"(4, 8, 11)",V,E,B,A,845.875,397.0
6768,E,G#,4,A,"(4, 8, 11)",V,E,B,A,846.0,397.0
6769,E,G#,4,A,"(4, 8, 11)",V,E,B,A,846.125,397.0
6770,E,G#,4,A,"(4, 8, 11)",V,E,B,A,846.25,397.0
6771,E,G#,4,A,"(4, 8, 11)",V,E,B,A,846.375,397.0
6772,E,G#,4,A,"(4, 8, 11)",V,E,B,A,846.5,397.0
6773,E,G#,4,A,"(4, 8, 11)",V,E,B,A,846.625,397.0
6774,E,G#,4,A,"(4, 8, 11)",V,E,B,A,846.75,397.0
6775,E,G#,4,A,"(4, 8, 11)",V,E,B,A,846.875,397.0
6776,E,A,0,A,"(1, 4, 9)",I,A,C#,A,847.0,398.0
6777,E,A,1,A,"(1, 4, 9)",I,A,C#,A,847.125,398.0
6778,E,A,2,A,"(1, 4, 9)",I,A,C#,A,847.25,398.0
6779,E,A,2,A,"(1, 4, 9)",I,A,C#,A,847.375,398.0
6780,E,A,3,A,"(1, 4, 9)",I,A,C#,A,847.5,398.0
6781,E,A,3,A,"(1, 4, 9)",I,A,C#,A,847.625,398.0
6782,E,A,3,A,"(1, 4, 9)",I,A,C#,A,847.75,398.0
6783,E,A,3,A,"(1, 4, 9)",I,A,C#,A,847.875,398.0
6784,E,A,4,A,"(1, 4, 9)",I,A,C#,A,848.0,398.0
6785,E,A,4,A,"(1, 4, 9)",I,A,C#,A,848.125,398.0
6786,E,A,4,A,"(1, 4, 9)",I,A,C#,A,848.25,398.0
6787,E,A,4,A,"(1, 4, 9)",I,A,C#,A,848.375,398.0
6788,D#,A,4,A,"(3, 6, 9)",viio,F#,C#,E,848.5,398.0
6789,D#,A,4,A,"(3, 6, 9)",viio,F#,C#,E,848.625,398.0
6790,D#,A,4,A,"(3, 6, 9)",viio,F#,C#,E,848.75,398.0
6791,D#,A,4,A,"(3, 6, 9)",viio,F#,C#,E,848.875,398.0
6792,E,G#,0,A,"(4, 8, 11)",V,E,B,A,849.0,399.0
6793,E,G#,1,A,"(4, 8, 11)",V,E,B,A,849.125,399.0
6794,E,G#,2,A,"(4, 8, 11)",V,E,B,A,849.25,399.0
6795,E,G#,2,A,"(4, 8, 11)",V,E,B,A,849.375,399.0
6796,E,G#,3,A,"(4, 8, 11)",V,E,B,A,849.5,399.0
6797,E,G#,3,A,"(4, 8, 11)",V,E,B,A,849.625,399.0
6798,E,G#,3,A,"(4, 8, 11)",V,E,B,A,849.75,399.0
6799,E,G#,3,A,"(4, 8, 11)",V,E,B,A,849.875,399.0
6800,E,G#,4,A,"(4, 8, 11)",V,E,B,A,850.0,399.0
6801,E,G#,4,A,"(4, 8, 11)",V,E,B,A,850.125,399.0
6802,E,G#,4,A,"(4, 8, 11)",V,E,B,A,850.25,399.0
6803,E,G#,4,A,"(4, 8, 11)",V,E,B,A,850.375,399.0
6804,E,G#,4,A,"(4, 8, 11)",V,E,B,A,850.5,399.0
6805,E,G#,4,A,"(4, 8, 11)",V,E,B,A,850.625,399.0
6806,E,G#,4,A,"(4, 8, 11)",V,E,B,A,850.75,399.0
6807,E,G#,4,A,"(4, 8, 11)",V,E,B,A,850.875,399.0
6808,E,A,0,A,"(1, 4, 9)",I,A,C#,A,851.0,400.0
6809,E,A,1,A,"(1, 4, 9)",I,A,C#,A,851.125,400.0
6810,E,A,2,A,"(1, 4, 9)",I,A,C#,A,851.25,400.0
6811,E,A,2,A,"(1, 4, 9)",I,A,C#,A,851.375,400.0
6812,E,A,3,A,"(1, 4, 9)",I,A,C#,A,851.5,400.0
6813,E,A,3,A,"(1, 4, 9)",I,A,C#,A,851.625,400.0
6814,E,A,3,A,"(1, 4, 9)",I,A,C#,A,851.75,400.0
6815,E,A,3,A,"(1, 4, 9)",I,A,C#,A,851.875,400.0
6816,E,A,4,A,"(1, 4, 9)",I,A,C#,A,852.0,400.0
6817,E,A,4,A,"(1, 4, 9)",I,A,C#,A,852.125,400.0
6818,E,A,4,A,"(1, 4, 9)",I,A,C#,A,852.25,400.0
6819,E,A,4,A,"(1, 4, 9)",I,A,C#,A,852.375,400.0
6820,D#,A,4,A,"(3, 6, 9, 11)",V7,F#,B,E,852.5,400.0
6821,D#,A,4,A,"(3, 6, 9, 11)",V7,F#,B,E,852.625,400.0
6822,D#,A,4,A,"(3, 6, 9, 11)",V7,F#,B,E,852.75,400.0
6823,D#,A,4,A,"(3, 6, 9, 11)",V7,F#,B,E,852.875,400.0
6824,E,G#,0,A,"(4, 8, 11)",V,E,B,A,853.0,401.0
6825,E,G#,1,A,"(4, 8, 11)",V,E,B,A,853.125,401.0
6826,E,G#,2,A,"(4, 8, 11)",V,E,B,A,853.25,401.0
6827,E,G#,2,A,"(4, 8, 11)",V,E,B,A,853.375,401.0
6828,E,G#,3,A,"(4, 8, 11)",V,E,B,A,853.5,401.0
6829,E,G#,3,A,"(4, 8, 11)",V,E,B,A,853.625,401.0
6830,E,G#,3,A,"(4, 8, 11)",V,E,B,A,853.75,401.0
6831,E,G#,3,A,"(4, 8, 11)",V,E,B,A,853.875,401.0
6832,E,G#,4,A,"(4, 8, 11)",V,E,B,A,854.0,401.0
6833,E,G#,4,A,"(4, 8, 11)",V,E,B,A,854.125,401.0
6834,E,G#,4,A,"(4, 8, 11)",V,E,B,A,854.25,401.0
6835,E,G#,4,A,"(4, 8, 11)",V,E,B,A,854.375,401.0
6836,E,G#,4,A,"(4, 8, 11)",V,E,B,A,854.5,401.0
6837,E,G#,4,A,"(4, 8, 11)",V,E,B,A,854.625,401.0
6838,E,G#,4,A,"(4, 8, 11)",V,E,B,A,854.75,401.0
6839,E,G#,4,A,"(4, 8, 11)",V,E,B,A,854.875,401.0
6840,E,A,0,A,"(1, 4, 9)",I,A,C#,A,855.0,402.0
6841,E,A,1,A,"(1, 4, 9)",I,A,C#,A,855.125,402.0
6842,E,A,2,A,"(1, 4, 9)",I,A,C#,A,855.25,402.0
6843,E,A,2,A,"(1, 4, 9)",I,A,C#,A,855.375,402.0
6844,E,A,3,A,"(1, 4, 9)",I,A,C#,A,855.5,402.0
6845,E,A,3,A,"(1, 4, 9)",I,A,C#,A,855.625,402.0
6846,E,A,3,A,"(1, 4, 9)",I,A,C#,A,855.75,402.0
6847,E,A,3,A,"(1, 4, 9)",I,A,C#,A,855.875,402.0
6848,E,A,4,A,"(1, 4, 9)",I,A,C#,A,856.0,402.0
6849,E,A,4,A,"(1, 4, 9)",I,A,C#,A,856.125,402.0
6850,E,A,4,A,"(1, 4, 9)",I,A,C#,A,856.25,402.0
6851,E,A,4,A,"(1, 4, 9)",I,A,C#,A,856.375,402.0
6852,D#,A,4,A,"(3, 6, 9)",viio,A,C#,E,856.5,402.0
6853,D#,A,4,A,"(3, 6, 9)",viio,A,C#,E,856.625,402.0
6854,D#,A,4,A,"(3, 6, 9)",viio,A,C#,E,856.75,402.0
6855,D#,A,4,A,"(3, 6, 9)",viio,A,C#,E,856.875,402.0
6856,B,E,0,A,"(4, 8, 11)",V,E,G#,A,857.0,403.0
6857,B,E,1,A,"(4, 8, 11)",V,E,G#,A,857.125,403.0
6858,B,E,2,A,"(4, 8, 11)",V,E,G#,A,857.25,403.0
6859,B,E,2,A,"(4, 8, 11)",V,E,G#,A,857.375,403.0
6860,B,E,3,A,"(4, 8, 11)",V,E,G#,A,857.5,403.0
6861,B,E,3,A,"(4, 8, 11)",V,E,G#,A,857.625,403.0
6862,B,E,3,A,"(4, 8, 11)",V,E,G#,A,857.75,403.0
6863,B,E,3,A,"(4, 8, 11)",V,E,G#,A,857.875,403.0
6864,B,E,4,A,"(4, 8, 11)",V,E,G#,A,858.0,403.0
6865,B,E,4,A,"(4, 8, 11)",V,E,G#,A,858.125,403.0
6866,B,E,4,A,"(4, 8, 11)",V,E,G#,A,858.25,403.0
6867,B,E,4,A,"(4, 8, 11)",V,E,G#,A,858.375,403.0
6868,B,E,4,A,"(4, 8, 11)",V,E,G#,A,858.5,403.0
6869,B,E,4,A,"(4, 8, 11)",V,E,G#,A,858.625,403.0
6870,B,E,4,A,"(4, 8, 11)",V,E,G#,A,858.75,403.0
6871,B,E,4,A,"(4, 8, 11)",V,E,G#,A,858.875,403.0
6872,B,D#,0,A,"(3, 6, 11)",V,B,F#,E,859.0,404.0
6873,B,D#,1,A,"(3, 6, 11)",V,B,F#,E,859.125,404.0
6874,B,D#,2,A,"(3, 6, 11)",V,B,F#,E,859.25,404.0
6875,B,D#,2,A,"(3, 6, 11)",V,B,F#,E,859.375,404.0
6876,B,D#,3,A,"(3, 6, 11)",V,B,F#,E,859.5,404.0
6877,B,D#,3,A,"(3, 6, 11)",V,B,F#,E,859.625,404.0
6878,B,D#,3,A,"(3, 6, 11)",V,B,F#,E,859.75,404.0
6879,B,D#,3,A,"(3, 6, 11)",V,B,F#,E,859.875,404.0
6880,B,D#,4,A,"(3, 6, 11)",V,B,D#,E,860.0,404.0
6881,B,D#,4,A,"(3, 6, 11)",V,B,D#,E,860.125,404.0
6882,B,D#,4,A,"(3, 6, 11)",V,B,D#,E,860.25,404.0
6883,B,D#,4,A,"(3, 6, 11)",V,B,D#,E,860.375,404.0
6884,B,D#,4,A,"(3, 6, 11)",V,B,D#,E,860.5,404.0
6885,B,D#,4,A,"(3, 6, 11)",V,B,D#,E,860.625,404.0
6886,B,D#,4,A,"(3, 6, 11)",V,B,D#,E,860.75,404.0
6887,B,D#,4,A,"(3, 6, 11)",V,B,D#,E,860.875,404.0
6888,B,D#,0,A,"(3, 6, 11)",V,B,G#,E,861.0,405.0
6889,B,D#,1,A,"(3, 6, 11)",V,B,G#,E,861.125,405.0
6890,B,D#,2,A,"(3, 6, 11)",V,B,G#,E,861.25,405.0
6891,B,D#,2,A,"(3, 6, 11)",V,B,G#,E,861.375,405.0
6892,B,D#,3,A,"(3, 6, 11)",V,B,G#,E,861.5,405.0
6893,B,D#,3,A,"(3, 6, 11)",V,B,G#,E,861.625,405.0
6894,B,D#,3,A,"(3, 6, 11)",V,B,G#,E,861.75,405.0
6895,B,D#,3,A,"(3, 6, 11)",V,B,G#,E,861.875,405.0
6896,B,D#,4,A,"(3, 6, 11)",V,B,G#,E,862.0,405.0
6897,B,D#,4,A,"(3, 6, 11)",V,B,G#,E,862.125,405.0
6898,B,D#,4,A,"(3, 6, 11)",V,B,G#,E,862.25,405.0
6899,B,D#,4,A,"(3, 6, 11)",V,B,G#,E,862.375,405.0
6900,B,D#,4,A,"(3, 6, 11)",V,B,G#,E,862.5,405.0
6901,B,D#,4,A,"(3, 6, 11)",V,B,G#,E,862.625,405.0
6902,B,D#,4,A,"(3, 6, 11)",V,B,G#,E,862.75,405.0
6903,B,D#,4,A,"(3, 6, 11)",V,B,G#,E,862.875,405.0
6904,B,E,0,A,"(4, 8, 11)",V,E,G#,A,863.0,406.0
6905,B,E,1,A,"(4, 8, 11)",V,E,G#,A,863.125,406.0
6906,B,E,2,A,"(4, 8, 11)",V,E,G#,A,863.25,406.0
6907,B,E,2,A,"(4, 8, 11)",V,E,G#,A,863.375,406.0
6908,B,E,3,A,"(4, 8, 11)",V,E,G#,A,863.5,406.0
6909,B,E,3,A,"(4, 8, 11)",V,E,G#,A,863.625,406.0
6910,B,E,3,A,"(4, 8, 11)",V,E,G#,A,863.75,406.0
6911,B,E,3,A,"(4, 8, 11)",V,E,G#,A,863.875,406.0
6912,G#,C#,4,A,"(4, 8, 11)",I,B,E,A,864.0,406.0
6913,G#,C#,4,A,"(4, 8, 11)",I,B,E,A,864.125,406.0
6914,G#,C#,4,A,"(4, 8, 11)",I,B,E,A,864.25,406.0
6915,G#,C#,4,A,"(4, 8, 11)",I,B,E,A,864.375,406.0
6916,G#,B,4,A,"(4, 8, 11)",V,B,E,A,864.5,406.0
6917,G#,B,4,A,"(4, 8, 11)",V,B,E,A,864.625,406.0
6918,G#,B,4,A,"(4, 8, 11)",V,B,E,A,864.75,406.0
6919,G#,B,4,A,"(4, 8, 11)",V,B,E,A,864.875,406.0
6920,E,A#,0,A,"(1, 4, 6, 10)",V7,F#,C#,b,865.0,407.0
6921,E,A#,1,A,"(1, 4, 6, 10)",V7,F#,C#,b,865.125,407.0
6922,E,A#,2,A,"(1, 4, 6, 10)",V7,F#,C#,b,865.25,407.0
6923,E,A#,2,A,"(1, 4, 6, 10)",V7,F#,C#,b,865.375,407.0
6924,E,A#,3,A,"(1, 4, 6, 10)",V7,F#,C#,b,865.5,407.0
6925,E,A#,3,A,"(1, 4, 6, 10)",V7,F#,C#,b,865.625,407.0
6926,E,A#,3,A,"(1, 4, 6, 10)",V7,F#,C#,b,865.75,407.0
6927,E,A#,3,A,"(1, 4, 6, 10)",V7,F#,C#,b,865.875,407.0
6928,E,A#,4,A,"(1, 4, 6, 10)",V7,F#,C#,b,866.0,407.0
6929,E,A#,4,A,"(1, 4, 6, 10)",V7,F#,C#,b,866.125,407.0
6930,E,A#,4,A,"(1, 4, 6, 10)",V7,F#,C#,b,866.25,407.0
6931,E,A#,4,A,"(1, 4, 6, 10)",V7,F#,C#,b,866.375,407.0
6932,E,A#,4,A,"(1, 4, 6, 10)",V7,F#,C#,b,866.5,407.0
6933,E,A#,4,A,"(1, 4, 6, 10)",V7,F#,C#,b,866.625,407.0
6934,E,A#,4,A,"(1, 4, 6, 10)",V7,F#,C#,b,866.75,407.0
6935,E,A#,4,A,"(1, 4, 6, 10)",V7,F#,C#,b,866.875,407.0
6936,F#,B,0,A,"(3, 6, 11)",ii,B,D#,A,867.0,408.0
6937,F#,B,1,A,"(3, 6, 11)",ii,B,D#,A,867.125,408.0
6938,F#,B,2,A,"(3, 6, 11)",ii,B,D#,A,867.25,408.0
6939,F#,B,2,A,"(3, 6, 11)",ii,B,D#,A,867.375,408.0
6940,F#,B,3,A,"(3, 6, 11)",ii,B,D#,A,867.5,408.0
6941,F#,B,3,A,"(3, 6, 11)",ii,B,D#,A,867.625,408.0
6942,F#,B,3,A,"(3, 6, 11)",ii,B,D#,A,867.75,408.0
6943,F#,B,3,A,"(3, 6, 11)",V,B,D#,A,867.875,408.0
6944,B,E,0,A,"(2, 4, 8, 11)",V7,E,G#,A,868.0,408.0
6945,B,G#,1,A,"(2, 4, 8, 11)",V7,E,B,A,868.125,408.0
6946,B,G#,2,A,"(2, 4, 8, 11)",V7,E,B,A,868.25,408.0
6947,B,G#,2,A,"(2, 4, 8, 11)",V7,E,B,A,868.375,408.0
6948,D,G#,3,A,"(2, 4, 8, 11)",V7,E,B,A,868.5,408.0
6949,D,G#,3,A,"(2, 4, 8, 11)",V7,E,B,A,868.625,408.0
6950,D,G#,3,A,"(2, 4, 8, 11)",V7,E,B,A,868.75,408.0
6951,D,G#,3,A,"(2, 4, 8, 11)",V7,E,B,A,868.875,408.0
6952,E,A,0,A,"(1, 4, 9)",I,A,C#,A,869.0,409.0
6953,E,A,1,A,"(1, 4, 9)",I,A,C#,A,869.125,409.0
6954,E,A,2,A,"(1, 4, 9)",I,A,C#,A,869.25,409.0
6955,E,A,2,A,"(1, 4, 9)",I,A,C#,A,869.375,409.0
6956,E,A,3,A,"(1, 4, 9)",I,A,C#,A,869.5,409.0
6957,E,A,3,A,"(1, 4, 9)",I,A,C#,A,869.625,409.0
6958,E,A,3,A,"(1, 4, 9)",I,A,C#,A,869.75,409.0
6959,E,A,3,A,"(1, 4, 9)",I,A,C#,A,869.875,409.0
6960,A,A,0,A,"(1, 4, 9)",I,D,F#,A,870.0,409.0
6961,A,A,1,A,"(1, 4, 9)",I,D,F#,A,870.125,409.0
6962,A,A,2,A,"(1, 4, 9)",I,D,F#,A,870.25,409.0
6963,A,A,2,A,"(1, 4, 9)",I,D,F#,A,870.375,409.0
6964,A,A,3,A,"(1, 4, 9)",I,D,F#,A,870.5,409.0
6965,A,A,3,A,"(1, 4, 9)",I,D,F#,A,870.625,409.0
6966,A,A,3,A,"(1, 4, 9)",I,D,F#,A,870.75,409.0
6967,A,A,3,A,"(1, 4, 9)",I,D,F#,A,870.875,409.0
6968,B,E,0,A,"(4, 8, 11)",V7,E,G#,A,871.0,410.0
6969,B,E,1,A,"(4, 8, 11)",V7,E,G#,A,871.125,410.0
6970,B,E,2,A,"(4, 8, 11)",V7,E,G#,A,871.25,410.0
6971,B,E,2,A,"(4, 8, 11)",V7,E,G#,A,871.375,410.0
6972,B,E,3,A,"(4, 8, 11)",V7,E,G#,A,871.5,410.0
6973,B,E,3,A,"(4, 8, 11)",V7,E,G#,A,871.625,410.0
6974,B,E,3,A,"(4, 8, 11)",V7,E,G#,A,871.75,410.0
6975,B,E,3,A,"(4, 8, 11)",V7,E,G#,A,871.875,410.0
6976,B,E,4,A,"(4, 8, 11)",V7,E,G#,A,872.0,410.0
6977,B,E,4,A,"(4, 8, 11)",V7,E,G#,A,872.125,410.0
6978,B,E,4,A,"(4, 8, 11)",V7,E,G#,A,872.25,410.0
6979,B,E,4,A,"(4, 8, 11)",V7,E,G#,A,872.375,410.0
6980,B,E,4,A,"(4, 8, 11)",V7,E,G#,A,872.5,410.0
6981,B,E,4,A,"(4, 8, 11)",V7,E,G#,A,872.625,410.0
6982,B,E,4,A,"(4, 8, 11)",V7,E,G#,A,872.75,410.0
6983,B,E,4,A,"(4, 8, 11)",V7,E,G#,A,872.875,410.0
6984,E,A,0,A,"(1, 4, 9)",I,A,C#,A,873.0,411.0
6985,E,A,1,A,"(1, 4, 9)",I,A,C#,A,873.125,411.0
6986,E,A,2,A,"(1, 4, 9)",I,A,C#,A,873.25,411.0
6987,E,A,2,A,"(1, 4, 9)",I,A,C#,A,873.375,411.0
6988,E,A,3,A,"(1, 4, 9)",I,A,C#,A,873.5,411.0
6989,E,A,3,A,"(1, 4, 9)",I,A,C#,A,873.625,411.0
6990,E,A,3,A,"(1, 4, 9)",I,A,C#,A,873.75,411.0
6991,E,A,3,A,"(1, 4, 9)",I,A,C#,A,873.875,411.0
6992,E,A,4,A,"(1, 4, 9)",I,A,C#,A,874.0,411.0
6993,E,A,4,A,"(1, 4, 9)",I,A,C#,A,874.125,411.0
6994,E,A,4,A,"(1, 4, 9)",I,A,C#,A,874.25,411.0
6995,E,A,4,A,"(1, 4, 9)",I,A,C#,A,874.375,411.0
6996,E,A,4,A,"(1, 4, 9)",I,A,C#,A,874.5,411.0
6997,E,A,4,A,"(1, 4, 9)",I,A,C#,A,874.625,411.0
6998,E,A,4,A,"(1, 4, 9)",I,A,C#,A,874.75,411.0
6999,E,A,4,A,"(1, 4, 9)",I,A,C#,A,874.875,411.0
7000,D,G#,0,A,"(2, 4, 8, 11)",V7,E,B,A,875.0,412.0
7001,D,G#,1,A,"(2, 4, 8, 11)",V7,E,B,A,875.125,412.0
7002,D,G#,2,A,"(2, 4, 8, 11)",V7,E,B,A,875.25,412.0
7003,D,G#,2,A,"(2, 4, 8, 11)",V7,E,B,A,875.375,412.0
7004,D,G#,3,A,"(2, 4, 8, 11)",V7,E,B,A,875.5,412.0
7005,D,G#,3,A,"(2, 4, 8, 11)",V7,E,B,A,875.625,412.0
7006,D,G#,3,A,"(2, 4, 8, 11)",V7,E,B,A,875.75,412.0
7007,D,G#,3,A,"(2, 4, 8, 11)",V7,E,B,A,875.875,412.0
7008,D,G#,4,A,"(2, 4, 8, 11)",V7,E,B,A,876.0,412.0
7009,D,G#,4,A,"(2, 4, 8, 11)",V7,E,B,A,876.125,412.0
7010,D,G#,4,A,"(2, 4, 8, 11)",V7,E,B,A,876.25,412.0
7011,D,G#,4,A,"(2, 4, 8, 11)",V7,E,B,A,876.375,412.0
7012,D,G#,4,A,"(2, 4, 8, 11)",V7,E,B,A,876.5,412.0
7013,D,G#,4,A,"(2, 4, 8, 11)",V7,E,B,A,876.625,412.0
7014,D,G#,4,A,"(2, 4, 8, 11)",V7,E,B,A,876.75,412.0
7015,D,G#,4,A,"(2, 4, 8, 11)",V7,E,B,A,876.875,412.0
7016,E,A,0,A,"(1, 4, 9)",I,A,C#,A,877.0,413.0
7017,E,A,1,A,"(1, 4, 9)",I,A,C#,A,877.125,413.0
7018,E,A,2,A,"(1, 4, 9)",I,A,C#,A,877.25,413.0
7019,E,A,2,A,"(1, 4, 9)",I,A,C#,A,877.375,413.0
7020,E,A,3,A,"(1, 4, 9)",I,A,C#,A,877.5,413.0
7021,E,A,3,A,"(1, 4, 9)",I,A,C#,A,877.625,413.0
7022,E,A,3,A,"(1, 4, 9)",I,A,C#,A,877.75,413.0
7023,E,A,3,A,"(1, 4, 9)",I,A,C#,A,877.875,413.0
7024,E,A,4,A,"(1, 4, 9)",I,A,C#,A,878.0,413.0
7025,E,A,4,A,"(1, 4, 9)",I,A,C#,A,878.125,413.0
7026,E,A,4,A,"(1, 4, 9)",I,A,C#,A,878.25,413.0
7027,E,A,4,A,"(1, 4, 9)",I,A,C#,A,878.375,413.0
7028,E,A,4,A,"(1, 4, 9)",I,A,C#,A,878.5,413.0
7029,E,A,4,A,"(1, 4, 9)",I,A,C#,A,878.625,413.0
7030,E,A,4,A,"(1, 4, 9)",I,A,C#,A,878.75,413.0
7031,E,A,4,A,"(1, 4, 9)",I,A,C#,A,878.875,413.0
7032,D,G#,0,A,"(2, 4, 8, 11)",V7,E,B,A,879.0,414.0
7033,D,G#,1,A,"(2, 4, 8, 11)",V7,E,B,A,879.125,414.0
7034,D,G#,2,A,"(2, 4, 8, 11)",V7,E,B,A,879.25,414.0
7035,D,G#,2,A,"(2, 4, 8, 11)",V7,E,B,A,879.375,414.0
7036,D,G#,3,A,"(2, 4, 8, 11)",V7,E,B,A,879.5,414.0
7037,D,G#,3,A,"(2, 4, 8, 11)",V7,E,B,A,879.625,414.0
7038,D,G#,3,A,"(2, 4, 8, 11)",V7,E,B,A,879.75,414.0
7039,D,G#,3,A,"(2, 4, 8, 11)",V7,E,B,A,879.875,414.0
7040,D,G#,4,A,"(2, 4, 8, 11)",V7,E,B,A,880.0,414.0
7041,D,G#,1,A,"(2, 4, 8, 11)",V7,E,B,A,880.125,414.0
7042,D,G#,2,A,"(2, 4, 8, 11)",V7,E,B,A,880.25,414.0
7043,D,G#,4,A,"(2, 4, 8, 11)",V7,E,B,A,880.375,414.0
7044,D,G#,3,A,"(2, 4, 8, 11)",V7,E,B,A,880.5,414.0
7045,D,G#,3,A,"(2, 4, 8, 11)",V7,E,B,A,880.625,414.0
7046,D,G#,4,A,"(2, 4, 8, 11)",V7,E,B,A,880.75,414.0
7047,D,G#,3,A,"(2, 4, 8, 11)",V7,E,B,A,880.875,414.0
7048,E,A,0,A,"(1, 4, 9)",I,A,C#,A,881.0,415.0
7049,E,A,1,A,"(1, 4, 9)",I,A,C#,A,881.125,415.0
7050,E,A,2,A,"(1, 4, 9)",I,A,C#,A,881.25,415.0
7051,E,A,2,A,"(1, 4, 9)",I,A,C#,A,881.375,415.0
7052,E,A,3,A,"(1, 4, 9)",I,A,C#,A,881.5,415.0
7053,E,A,3,A,"(1, 4, 9)",I,A,C#,A,881.625,415.0
7054,E,A,3,A,"(1, 4, 9)",I,A,C#,A,881.75,415.0
7055,E,A,3,A,"(1, 4, 9)",I,A,C#,A,881.875,415.0
7056,E,A,4,A,"(1, 4, 9)",I,A,C#,A,882.0,415.0
7057,E,A,4,A,"(1, 4, 9)",I,A,C#,A,882.125,415.0
7058,E,A,4,A,"(1, 4, 9)",I,A,C#,A,882.25,415.0
7059,E,A,4,A,"(1, 4, 9)",I,A,C#,A,882.375,415.0
7060,B,E,4,A,"(2, 4, 8, 11)",V7,D,G#,A,882.5,415.0
7061,B,E,1,A,"(2, 4, 8, 11)",V7,D,G#,A,882.625,415.0
7062,B,E,4,A,"(2, 4, 8, 11)",V7,D,G#,A,882.75,415.0
7063,B,E,2,A,"(2, 4, 8, 11)",V7,D,G#,A,882.875,415.0
7064,E,A,0,A,"(1, 4, 9)",I,A,C#,A,883.0,416.0
7065,E,A,1,A,"(1, 4, 9)",I,A,C#,A,883.125,416.0
7066,E,A,2,A,"(1, 4, 9)",I,A,C#,A,883.25,416.0
7067,E,A,2,A,"(1, 4, 9)",I,A,C#,A,883.375,416.0
7068,E,A,3,A,"(1, 4, 9)",I,A,C#,A,883.5,416.0
7069,E,A,3,A,"(1, 4, 9)",I,A,C#,A,883.625,416.0
7070,E,A,3,A,"(1, 4, 9)",I,A,C#,A,883.75,416.0
7071,E,A,3,A,"(1, 4, 9)",I,A,C#,A,883.875,416.0
7072,A,D,0,A,"(2, 6, 9)",I,D,F#,A,884.0,416.0
7073,A,D,1,A,"(2, 6, 9)",I,D,F#,A,884.125,416.0
7074,A,D,2,A,"(2, 6, 9)",I,D,F#,A,884.25,416.0
7075,A,D,2,A,"(2, 6, 9)",I,D,F#,A,884.375,416.0
7076,A,D,3,A,"(2, 6, 9)",I,D,F#,A,884.5,416.0
7077,A,D,3,A,"(2, 6, 9)",V7,D,F#,A,884.625,416.0
7078,A,D,3,A,"(2, 6, 9)",V7,D,F#,A,884.75,416.0
7079,A,D,3,A,"(2, 6, 9)",I,D,F#,A,884.875,416.0
7080,B,E,0,A,"(2, 4, 8, 11)",I,D,G#,A,885.0,417.0
7081,B,E,1,A,"(2, 4, 8, 11)",I,D,G#,A,885.125,417.0
7082,B,E,2,A,"(2, 4, 8, 11)",I,D,G#,A,885.25,417.0
7083,B,E,2,A,"(2, 4, 8, 11)",I,D,G#,A,885.375,417.0
7084,B,E,3,A,"(2, 4, 8, 11)",I,D,G#,A,885.5,417.0
7085,B,E,3,A,"(2, 4, 8, 11)",I,D,G#,A,885.625,417.0
7086,B,E,3,A,"(2, 4, 8, 11)",I,D,G#,A,885.75,417.0
7087,B,E,3,A,"(2, 4, 8, 11)",I,D,G#,A,885.875,417.0
7088,B,E,4,A,"(2, 4, 8, 11)",V,D,G#,A,886.0,417.0
7089,B,E,4,A,"(2, 4, 8, 11)",V7,D,G#,A,886.125,417.0
7090,B,E,4,A,"(2, 4, 8, 11)",V7,D,G#,A,886.25,417.0
7091,B,E,4,A,"(2, 4, 8, 11)",V7,D,G#,A,886.375,417.0
7092,B,E,4,A,"(2, 4, 8, 11)",V7,D,G#,A,886.5,417.0
7093,B,E,4,A,"(2, 4, 8, 11)",V7,D,G#,A,886.625,417.0
7094,B,E,4,A,"(2, 4, 8, 11)",V7,D,G#,A,886.75,417.0
7095,B,E,4,A,"(2, 4, 8, 11)",V7,D,G#,A,886.875,417.0
7096,E,A,0,A,"(1, 4, 9)",I,A,C#,A,887.0,418.0
7097,E,A,1,A,"(1, 4, 9)",I,A,C#,A,887.125,418.0
7098,E,A,2,A,"(1, 4, 9)",I,A,C#,A,887.25,418.0
7099,E,A,2,A,"(1, 4, 9)",I,A,C#,A,887.375,418.0
7100,E,A,3,A,"(1, 4, 9)",I,A,C#,A,887.5,418.0
7101,E,A,3,A,"(1, 4, 9)",I,A,C#,A,887.625,418.0
7102,E,A,3,A,"(1, 4, 9)",I,A,C#,A,887.75,418.0
7103,E,A,3,A,"(1, 4, 9)",I,A,C#,A,887.875,418.0
7104,A,D,0,A,"(2, 6, 9)",V7,D,F#,A,888.0,418.0
7105,A,D,1,A,"(2, 6, 9)",V7,D,F#,A,888.125,418.0
7106,A,D,2,A,"(2, 6, 9)",V7,D,F#,A,888.25,418.0
7107,A,D,2,A,"(2, 6, 9)",V7,D,F#,A,888.375,418.0
7108,A,D,3,A,"(2, 6, 9)",V7,D,F#,A,888.5,418.0
7109,A,D#,3,A,"(2, 6, 9)",V7,D,F#,A,888.625,418.0
7110,A,D#,3,A,"(2, 6, 9)",V7,D,F#,A,888.75,418.0
7111,A,D#,3,A,"(2, 6, 9)",V7,D,F#,A,888.875,418.0
7112,B,E,0,A,"(2, 4, 8, 11)",I,D,G#,A,889.0,419.0
7113,B,E,1,A,"(2, 4, 8, 11)",I,D,G#,A,889.125,419.0
7114,B,E,2,A,"(2, 4, 8, 11)",I,D,G#,A,889.25,419.0
7115,B,E,2,A,"(2, 4, 8, 11)",I,D,G#,A,889.375,419.0
7116,B,E,3,A,"(2, 4, 8, 11)",V,D,G#,A,889.5,419.0
7117,B,E,3,A,"(2, 4, 8, 11)",V,D,G#,A,889.625,419.0
7118,B,E,3,A,"(2, 4, 8, 11)",V,D,G#,A,889.75,419.0
7119,B,E,3,A,"(2, 4, 8, 11)",V,D,G#,A,889.875,419.0
7120,B,E,4,A,"(2, 4, 8, 11)",V,D,G#,A,890.0,419.0
7121,B,E,4,A,"(2, 4, 8, 11)",V,D,G#,A,890.125,419.0
7122,B,E,4,A,"(2, 4, 8, 11)",V,D,G#,A,890.25,419.0
7123,B,E,4,A,"(2, 4, 8, 11)",V,D,G#,A,890.375,419.0
7124,B,E,4,A,"(2, 4, 8, 11)",V7,D,G#,A,890.5,419.0
7125,B,E,4,A,"(2, 4, 8, 11)",V7,D,G#,A,890.625,419.0
7126,B,E,4,A,"(2, 4, 8, 11)",V7,D,G#,A,890.75,419.0
7127,B,E,4,A,"(2, 4, 8, 11)",V7,D,G#,A,890.875,419.0
7128,E,A,0,A,"(1, 4, 9)",I,A,C#,A,891.0,420.0
7129,E,A,1,A,"(1, 4, 9)",I,A,C#,A,891.125,420.0
7130,E,A,2,A,"(1, 4, 9)",I,A,C#,A,891.25,420.0
7131,E,A,2,A,"(1, 4, 9)",I,A,C#,A,891.375,420.0
7132,E,A,3,A,"(1, 4, 9)",I,A,C#,A,891.5,420.0
7133,E,A,3,A,"(1, 4, 9)",I,A,C#,A,891.625,420.0
7134,E,A,3,A,"(1, 4, 9)",I,A,C#,A,891.75,420.0
7135,E,A,3,A,"(1, 4, 9)",I,A,C#,A,891.875,420.0
7136,E,A,4,A,"(1, 4, 9)",I,A,C#,A,892.0,420.0
7137,E,A,4,A,"(1, 4, 9)",I,A,C#,A,892.125,420.0
7138,E,A,4,A,"(1, 4, 9)",I,A,C#,A,892.25,420.0
7139,E,A,4,A,"(1, 4, 9)",I,A,C#,A,892.375,420.0
7140,E,A,4,A,"(1, 4, 9)",I,A,C#,A,892.5,420.0
7141,E,A,4,A,"(1, 4, 9)",I,A,C#,A,892.625,420.0
7142,E,A,4,A,"(1, 4, 9)",I,A,C#,A,892.75,420.0
7143,E,A,4,A,"(1, 4, 9)",I,A,C#,A,892.875,420.0
7144,E,A,0,A,"(1, 4, 9)",I,A,C#,A,893.0,421.0
7145,E,A,1,A,"(1, 4, 9)",I,A,C#,A,893.125,421.0
7146,E,A,2,A,"(1, 4, 9)",I,A,C#,A,893.25,421.0
7147,E,A,2,A,"(1, 4, 9)",I,A,C#,A,893.375,421.0
7148,E,A,3,A,"(1, 4, 9)",I,A,C#,A,893.5,421.0
7149,E,A,3,A,"(1, 4, 9)",I,A,C#,A,893.625,421.0
7150,E,A,3,A,"(1, 4, 9)",I,A,C#,A,893.75,421.0
7151,E,A,3,A,"(1, 4, 9)",I,A,C#,A,893.875,421.0
7152,E,A,4,A,"(1, 4, 9)",I,A,C#,A,894.0,421.0
7153,E,A,4,A,"(1, 4, 9)",I,A,C#,A,894.125,421.0
7154,E,A,4,A,"(1, 4, 9)",I,A,C#,A,894.25,421.0
7155,E,A,4,A,"(1, 4, 9)",I,A,C#,A,894.375,421.0
7156,E,A,4,A,"(1, 4, 9)",I,A,C#,A,894.5,421.0
7157,E,A,4,A,"(1, 4, 9)",I,A,C#,A,894.625,421.0
7158,E,A,4,A,"(1, 4, 9)",I,A,C#,A,894.75,421.0
7159,E,A,4,A,"(1, 4, 9)",I,A,C#,A,894.875,421.0
7160,E,A,5,A,"(1, 4, 9)",I,A,C#,A,895.0,421.0
7161,E,A,5,A,"(1, 4, 9)",I,A,C#,A,895.125,421.0
7162,E,A,5,A,"(1, 4, 9)",I,A,C#,A,895.25,421.0
7163,E,A,5,A,"(1, 4, 9)",I,A,C#,A,895.375,421.0
7164,E,A,5,A,"(1, 4, 9)",I,A,C#,A,895.5,421.0
7165,E,A,5,A,"(1, 4, 9)",I,A,C#,A,895.625,421.0
7166,E,A,5,A,"(1, 4, 9)",I,A,C#,A,895.75,421.0
7167,E,A,5,A,"(1, 4, 9)",I,A,C#,A,895.875,421.0
7168,E,A,0,A,"(1, 4, 9)",I,A,C#,A,896.0,422.0
7169,E,A,1,A,"(1, 4, 9)",I,A,C#,A,896.125,422.0
7170,E,A,2,A,"(1, 4, 9)",I,A,C#,A,896.25,422.0
7171,E,A,2,A,"(1, 4, 9)",I,A,C#,A,896.375,422.0
7172,E,A,3,A,"(1, 4, 9)",I,A,C#,A,896.5,422.0
7173,E,A,3,A,"(1, 4, 9)",I,A,C#,A,896.625,422.0
7174,E,A,3,A,"(1, 4, 9)",I,A,C#,A,896.75,422.0
7175,E,A,3,A,"(1, 4, 9)",I,A,C#,A,896.875,422.0
7176,E,A,0,A,"(1, 4, 9)",V7,A,C#,A,897.0,422.0
7177,E,A,4,A,"(1, 4, 9)",V7,A,C#,A,897.125,422.0
7178,E,A,2,A,"(1, 4, 9)",V7,A,C#,A,897.25,422.0
7179,E,A,2,A,"(1, 4, 9)",V7,A,C#,A,897.375,422.0
7180,E,A,3,A,"(1, 4, 9)",I,A,C#,A,897.5,422.0
7181,E,A,3,A,"(1, 4, 9)",I,A,C#,A,897.625,422.0
7182,E,A,3,A,"(1, 4, 9)",I,A,C#,A,897.75,422.0
7183,E,A,3,A,"(1, 4, 9)",I,A,C#,A,897.875,422.0
7184,E,A,0,A,"(1, 4, 9)",I,A,C#,A,898.0,422.0
7185,E,A,5,A,"(1, 4, 9)",I,A,C#,A,898.125,422.0
7186,E,A,5,A,"(1, 4, 9)",I,A,C#,A,898.25,422.0
7187,E,A,5,A,"(1, 4, 9)",I,A,C#,A,898.375,422.0
7188,E,D,5,A,"(1, 4, 9)",I,D,F#,A,898.5,422.0
7189,E,D,5,A,"(1, 4, 9)",I,D,F#,A,898.625,422.0
7190,E,D,5,A,"(1, 4, 9)",I,D,F#,A,898.75,422.0
7191,E,D,5,A,"(1, 4, 9)",I,D,F#,A,898.875,422.0
7192,B,E,0,A,"(4, 8, 11)",V,E,G#,A,899.0,423.0
7193,B,E,1,A,"(4, 8, 11)",V,E,G#,A,899.125,423.0
7194,B,E,2,A,"(4, 8, 11)",V,E,G#,A,899.25,423.0
7195,B,E,2,A,"(4, 8, 11)",V,E,G#,A,899.375,423.0
7196,B,E,3,A,"(4, 8, 11)",V,E,G#,A,899.5,423.0
7197,B,E,3,A,"(4, 8, 11)",V,E,G#,A,899.625,423.0
7198,B,E,3,A,"(4, 8, 11)",V,E,G#,A,899.75,423.0
7199,B,E,3,A,"(4, 8, 11)",V,E,G#,A,899.875,423.0
7200,B,E,4,A,"(4, 8, 11)",V,E,G#,A,900.0,423.0
7201,B,E,4,A,"(4, 8, 11)",V,E,G#,A,900.125,423.0
7202,B,E,4,A,"(4, 8, 11)",V,E,G#,A,900.25,423.0
7203,B,E,4,A,"(4, 8, 11)",V,E,G#,A,900.375,423.0
7204,B,E,0,A,"(2, 4, 8, 11)",V7,E,G#,A,900.5,423.0
7205,B,E,1,A,"(2, 4, 8, 11)",V7,D,G#,A,900.625,423.0
7206,B,E,2,A,"(2, 4, 8, 11)",V7,D,G#,A,900.75,423.0
7207,B,E,2,A,"(2, 4, 8, 11)",V7,D,G#,A,900.875,423.0
7208,B,E,5,A,"(2, 4, 8, 11)",V7,B,G#,A,901.0,423.0
7209,B,E,5,A,"(2, 4, 8, 11)",V7,B,G#,A,901.125,423.0
7210,B,E,5,A,"(2, 4, 8, 11)",V7,B,G#,A,901.25,423.0
7211,B,E,5,A,"(2, 4, 8, 11)",V7,B,G#,A,901.375,423.0
7212,B,E,4,A,"(2, 4, 8, 11)",V7,B,G#,A,901.5,423.0
7213,B,E,4,A,"(2, 4, 8, 11)",V7,D,G#,A,901.625,423.0
7214,B,E,4,A,"(2, 4, 8, 11)",V7,D,G#,A,901.75,423.0
7215,B,E,4,A,"(2, 4, 8, 11)",V7,D,G#,A,901.875,423.0
7216,A,C#,0,A,"(1, 4, 9)",I,A,E,A,902.0,424.0
7217,A,C#,1,A,"(1, 4, 9)",I,A,E,A,902.125,424.0
7218,A,C#,2,A,"(1, 4, 9)",I,A,E,A,902.25,424.0
7219,A,C#,2,A,"(1, 4, 9)",I,A,E,A,902.375,424.0
7220,A,C#,3,A,"(1, 4, 9)",I,A,E,A,902.5,424.0
7221,A,C#,3,A,"(1, 4, 9)",I,A,E,A,902.625,424.0
7222,A,C#,3,A,"(1, 4, 9)",I,A,E,A,902.75,424.0
7223,A,C#,3,A,"(1, 4, 9)",I,A,E,A,902.875,424.0
7224,A,C#,4,A,"(1, 4, 9)",I,A,E,A,903.0,424.0
7225,A,C#,4,A,"(1, 4, 9)",I,A,E,A,903.125,424.0
7226,A,C#,4,A,"(1, 4, 9)",I,A,E,A,903.25,424.0
7227,A,C#,4,A,"(1, 4, 9)",I,A,E,A,903.375,424.0
7228,A,D,0,A,"(1, 4, 9)",I,A,F#,A,903.5,424.0
7229,A,D,4,A,"(1, 4, 9)",I,A,F#,A,903.625,424.0
7230,A,D,4,A,"(1, 4, 9)",I,A,F#,A,903.75,424.0
7231,A,D,2,A,"(1, 4, 9)",I,A,F#,A,903.875,424.0
7232,A,D,5,A,"(1, 4, 9)",I,A,F#,A,904.0,424.0
7233,A,D,5,A,"(1, 4, 9)",I,A,F#,A,904.125,424.0
7234,A,D,5,A,"(1, 4, 9)",I,A,F#,A,904.25,424.0
7235,A,D,5,A,"(1, 4, 9)",I,A,F#,A,904.375,424.0
7236,A,C#,5,A,"(1, 4, 9)",I,A,F#,A,904.5,424.0
7237,A,C#,5,A,"(1, 4, 9)",I,A,F#,A,904.625,424.0
7238,A,C#,5,A,"(1, 4, 9)",I,A,F#,A,904.75,424.0
7239,A,C#,5,A,"(1, 4, 9)",I,A,F#,A,904.875,424.0
7240,F#,B,0,A,"(4, 8, 11)",V,A,E,A,905.0,425.0
7241,E,B,1,A,"(4, 8, 11)",V,A,E,A,905.125,425.0
7242,E,B,2,A,"(4, 8, 11)",V,A,E,A,905.25,425.0
7243,E,B,2,A,"(4, 8, 11)",V,A,E,A,905.375,425.0
7244,E,B,3,A,"(4, 8, 11)",V,A,E,A,905.5,425.0
7245,E,B,3,A,"(4, 8, 11)",V,A,E,A,905.625,425.0
7246,E,B,3,A,"(4, 8, 11)",V,A,E,A,905.75,425.0
7247,E,B,3,A,"(4, 8, 11)",V,A,E,A,905.875,425.0
7248,E,A,4,A,"(4, 8, 11)",V,A,C#,A,906.0,425.0
7249,E,A,4,A,"(4, 8, 11)",V,A,C#,A,906.125,425.0
7250,E,A,4,A,"(4, 8, 11)",V,A,C#,A,906.25,425.0
7251,E,A,4,A,"(4, 8, 11)",V,A,C#,A,906.375,425.0
7252,E,A,4,A,"(4, 8, 11)",V,A,C#,A,906.5,425.0
7253,E,A,4,A,"(4, 8, 11)",V,A,C#,A,906.625,425.0
7254,E,A,4,A,"(4, 8, 11)",V,A,C#,A,906.75,425.0
7255,E,A,4,A,"(4, 8, 11)",V,A,C#,A,906.875,425.0
7256,E,A,5,A,"(4, 8, 11)",V,E,C#,A,907.0,425.0
7257,E,A,5,A,"(4, 8, 11)",I,E,C#,A,907.125,425.0
7258,E,A,5,A,"(4, 8, 11)",I,E,C#,A,907.25,425.0
7259,E,A,5,A,"(4, 8, 11)",I,E,C#,A,907.375,425.0
7260,E,E,5,A,"(4, 8, 11)",I,E,G#,A,907.5,425.0
7261,E,E,5,A,"(4, 8, 11)",I,E,G#,A,907.625,425.0
7262,E,E,5,A,"(4, 8, 11)",I,E,G#,A,907.75,425.0
7263,E,E,5,A,"(4, 8, 11)",I,E,G#,A,907.875,425.0
7264,E,A,0,A,"(1, 4, 9)",I,A,C#,A,908.0,426.0
7265,E,A,1,A,"(1, 4, 9)",I,A,C#,A,908.125,426.0
7266,E,A,2,A,"(1, 4, 9)",I,A,C#,A,908.25,426.0
7267,E,A,2,A,"(1, 4, 9)",I,A,C#,A,908.375,426.0
7268,E,A,3,A,"(1, 4, 9)",I,A,C#,A,908.5,426.0
7269,E,A,3,A,"(1, 4, 9)",I,A,C#,A,908.625,426.0
7270,E,A,3,A,"(1, 4, 9)",I,A,C#,A,908.75,426.0
7271,E,A,3,A,"(1, 4, 9)",I,A,C#,A,908.875,426.0
7272,E,A,4,A,"(1, 4, 9)",I,A,C#,A,909.0,426.0
7273,E,A,4,A,"(1, 4, 9)",I,A,C#,A,909.125,426.0
7274,E,A,4,A,"(1, 4, 9)",I,A,C#,A,909.25,426.0
7275,E,A,4,A,"(1, 4, 9)",I,A,C#,A,909.375,426.0
7276,E,A,4,A,"(1, 4, 9)",I,A,C#,A,909.5,426.0
7277,E,A,4,A,"(1, 4, 9)",I,A,C#,A,909.625,426.0
7278,E,A,4,A,"(1, 4, 9)",I,A,C#,A,909.75,426.0
7279,E,A,4,A,"(1, 4, 9)",I,A,C#,A,909.875,426.0
7280,E,A,0,A,"(1, 4, 9)",I,A,C#,A,910.0,426.0
7281,E,A,5,A,"(1, 4, 9)",I,A,F#,A,910.125,426.0
7282,E,D,5,A,"(1, 4, 9)",I,A,F#,A,910.25,426.0
7283,E,D,5,A,"(1, 4, 9)",I,A,F#,A,910.375,426.0
7284,A,D,5,A,"(2, 6, 9)",I,D,F#,A,910.5,426.0
7285,A,D,5,A,"(2, 6, 9)",I,D,F#,A,910.625,426.0
7286,A,D,5,A,"(2, 6, 9)",I,D,F#,A,910.75,426.0
7287,A,D,5,A,"(2, 6, 9)",I,D,F#,A,910.875,426.0
7288,B,E,0,A,"(4, 8, 11)",V,E,G#,A,911.0,427.0
7289,B,E,1,A,"(4, 8, 11)",V,E,G#,A,911.125,427.0
7290,B,E,2,A,"(4, 8, 11)",V,E,G#,A,911.25,427.0
7291,B,E,2,A,"(4, 8, 11)",V,E,G#,A,911.375,427.0
7292,B,E,3,A,"(4, 8, 11)",V,E,G#,A,911.5,427.0
7293,B,E,3,A,"(4, 8, 11)",V,E,G#,A,911.625,427.0
7294,B,E,3,A,"(4, 8, 11)",V,E,G#,A,911.75,427.0
7295,B,E,3,A,"(4, 8, 11)",V,E,G#,A,911.875,427.0
7296,B,E,4,A,"(4, 8, 11)",V,E,G#,A,912.0,427.0
7297,B,E,4,A,"(4, 8, 11)",V,E,G#,A,912.125,427.0
7298,B,E,4,A,"(4, 8, 11)",V,E,G#,A,912.25,427.0
7299,B,E,4,A,"(4, 8, 11)",V,E,G#,A,912.375,427.0
7300,B,E,0,A,"(2, 4, 8, 11)",V7,E,G#,A,912.5,427.0
7301,B,E,1,A,"(2, 4, 8, 11)",V7,D,G#,A,912.625,427.0
7302,B,E,2,A,"(2, 4, 8, 11)",V7,D,G#,A,912.75,427.0
7303,B,E,2,A,"(2, 4, 8, 11)",V7,D,G#,A,912.875,427.0
7304,B,E,3,A,"(2, 4, 8, 11)",V7,B,G#,A,913.0,427.0
7305,B,E,3,A,"(2, 4, 8, 11)",V7,B,G#,A,913.125,427.0
7306,B,E,3,A,"(2, 4, 8, 11)",V7,B,G#,A,913.25,427.0
7307,B,E,3,A,"(2, 4, 8, 11)",V7,B,G#,A,913.375,427.0
7308,B,E,4,A,"(2, 4, 8, 11)",V7,B,G#,A,913.5,427.0
7309,B,E,4,A,"(2, 4, 8, 11)",V7,B,G#,A,913.625,427.0
7310,B,E,4,A,"(2, 4, 8, 11)",V7,B,G#,A,913.75,427.0
7311,B,E,4,A,"(2, 4, 8, 11)",V7,B,G#,A,913.875,427.0
7312,A,C#,0,A,"(1, 4, 9)",I,A,E,A,914.0,428.0
7313,A,C#,1,A,"(1, 4, 9)",I,A,E,A,914.125,428.0
7314,A,C#,2,A,"(1, 4, 9)",I,A,E,A,914.25,428.0
7315,A,C#,2,A,"(1, 4, 9)",I,A,E,A,914.375,428.0
7316,A,C#,3,A,"(1, 4, 9)",I,A,E,A,914.5,428.0
7317,A,C#,3,A,"(1, 4, 9)",I,A,E,A,914.625,428.0
7318,A,C#,3,A,"(1, 4, 9)",I,A,E,A,914.75,428.0
7319,A,C#,3,A,"(1, 4, 9)",I,A,E,A,914.875,428.0
7320,A,C#,4,A,"(1, 4, 9)",I,A,E,A,915.0,428.0
7321,A,C#,4,A,"(1, 4, 9)",I,A,E,A,915.125,428.0
7322,A,C#,4,A,"(1, 4, 9)",I,A,E,A,915.25,428.0
7323,A,C#,4,A,"(1, 4, 9)",I,A,E,A,915.375,428.0
7324,A,D,0,A,"(1, 4, 9)",IV,A,F#,A,915.5,428.0
7325,A,D,4,A,"(1, 4, 9)",I,A,F#,A,915.625,428.0
7326,A,D,2,A,"(1, 4, 9)",I,A,F#,A,915.75,428.0
7327,A,D,2,A,"(1, 4, 9)",I,A,F#,A,915.875,428.0
7328,A,D,3,A,"(1, 4, 9)",I,A,F#,A,916.0,428.0
7329,A,D,3,A,"(1, 4, 9)",I,A,F#,A,916.125,428.0
7330,A,D,3,A,"(1, 4, 9)",I,A,F#,A,916.25,428.0
7331,A,D,3,A,"(1, 4, 9)",I,A,F#,A,916.375,428.0
7332,A,C#,4,A,"(1, 4, 9)",I,A,F#,A,916.5,428.0
7333,A,C#,4,A,"(1, 4, 9)",I,A,F#,A,916.625,428.0
7334,A,C#,4,A,"(1, 4, 9)",I,A,F#,A,916.75,428.0
7335,A,C#,4,A,"(1, 4, 9)",I,A,F#,A,916.875,428.0
7336,F#,B,0,A,"(4, 8, 11)",I,A,E,A,917.0,429.0
7337,F#,B,1,A,"(4, 8, 11)",V,A,E,A,917.125,429.0
7338,F#,B,2,A,"(4, 8, 11)",V,A,E,A,917.25,429.0
7339,F#,B,2,A,"(4, 8, 11)",V,A,E,A,917.375,429.0
7340,F#,B,3,A,"(4, 8, 11)",V,A,E,A,917.5,429.0
7341,F#,B,3,A,"(4, 8, 11)",I,A,E,A,917.625,429.0
7342,F#,B,3,A,"(4, 8, 11)",I,A,E,A,917.75,429.0
7343,F#,B,3,A,"(4, 8, 11)",I,A,E,A,917.875,429.0
7344,F#,B,0,A,"(4, 8, 11)",V7,A,C#,A,918.0,429.0
7345,F#,B,4,A,"(4, 8, 11)",V7,A,C#,E,918.125,429.0
7346,F#,B,4,A,"(4, 8, 11)",V7,A,C#,E,918.25,429.0
7347,F#,B,4,A,"(4, 8, 11)",V7,A,C#,E,918.375,429.0
7348,F#,B,4,A,"(4, 8, 11)",V,A,E,E,918.5,429.0
7349,F#,B,4,A,"(4, 8, 11)",V,A,E,E,918.625,429.0
7350,F#,B,4,A,"(4, 8, 11)",V,A,E,E,918.75,429.0
7351,F#,B,4,A,"(4, 8, 11)",V,A,E,E,918.875,429.0
7352,F#,B,3,A,"(4, 8, 11)",V,E,E,E,919.0,429.0
7353,F#,B,3,A,"(4, 8, 11)",V,E,E,E,919.125,429.0
7354,F#,B,3,A,"(4, 8, 11)",V,E,E,E,919.25,429.0
7355,F#,B,3,A,"(4, 8, 11)",V,E,E,E,919.375,429.0
7356,F#,B,0,A,"(3, 6, 11)",V,A,E,E,919.5,429.0
7357,F#,B,4,A,"(3, 6, 11)",V,A,E,E,919.625,429.0
7358,F#,B,4,A,"(3, 6, 11)",V,A,E,E,919.75,429.0
7359,F#,B,4,A,"(3, 6, 11)",V,A,E,E,919.875,429.0
7360,F#,B,0,A,"(3, 6, 9, 11)",V7,A,D#,E,920.0,430.0
7361,F#,B,1,A,"(3, 6, 9, 11)",V7,A,D#,E,920.125,430.0
7362,F#,B,2,A,"(3, 6, 9, 11)",V7,A,D#,E,920.25,430.0
7363,F#,B,2,A,"(3, 6, 9, 11)",V7,A,D#,E,920.375,430.0
7364,F#,B,3,A,"(3, 6, 9, 11)",V7,A,D#,E,920.5,430.0
7365,F#,B,3,A,"(3, 6, 9, 11)",V7,A,D#,E,920.625,430.0
7366,F#,B,3,A,"(3, 6, 9, 11)",V7,A,D#,E,920.75,430.0
7367,F#,B,3,A,"(3, 6, 9, 11)",V7,A,D#,E,920.875,430.0
7368,F#,B,4,A,"(3, 6, 9, 11)",V7,A,D#,E,921.0,430.0
7369,F#,B,4,A,"(3, 6, 9, 11)",V7,A,D#,E,921.125,430.0
7370,F#,B,4,A,"(3, 6, 9, 11)",V7,A,D#,E,921.25,430.0
7371,F#,B,4,A,"(3, 6, 9, 11)",V7,A,D#,E,921.375,430.0
7372,F#,B,4,A,"(3, 6, 9, 11)",V7,A,D#,E,921.5,430.0
7373,F#,B,4,A,"(3, 6, 9, 11)",V7,A,D#,E,921.625,430.0
7374,F#,B,4,A,"(3, 6, 9, 11)",V7,A,D#,E,921.75,430.0
7375,F#,B,4,A,"(3, 6, 9, 11)",V7,A,D#,E,921.875,430.0
7376,F#,B,5,A,"(3, 6, 9, 11)",V7,A,D#,E,922.0,430.0
7377,F#,B,5,A,"(3, 6, 9, 11)",V7,A,D#,E,922.125,430.0
7378,F#,B,5,A,"(3, 6, 9, 11)",V7,A,D#,E,922.25,430.0
7379,F#,B,5,A,"(3, 6, 9, 11)",V7,A,D#,E,922.375,430.0
7380,F#,B,5,A,"(3, 6, 9, 11)",V7,A,D#,E,922.5,430.0
7381,F#,B,5,A,"(3, 6, 9, 11)",V7,A,D#,E,922.625,430.0
7382,F#,B,5,A,"(3, 6, 9, 11)",V7,A,D#,E,922.75,430.0
7383,F#,B,5,A,"(3, 6, 9, 11)",V7,A,D#,E,922.875,430.0
7384,E,G#,0,A,"(4, 8, 11)",I,E,B,E,923.0,431.0
7385,E,G#,1,A,"(4, 8, 11)",I,E,B,A,923.125,431.0
7386,E,G#,2,A,"(4, 8, 11)",I,E,B,A,923.25,431.0
7387,E,G#,2,A,"(4, 8, 11)",I,E,B,A,923.375,431.0
7388,E,G#,3,A,"(4, 8, 11)",I,E,B,A,923.5,431.0
7389,E,G#,3,A,"(4, 8, 11)",I,E,B,A,923.625,431.0
7390,E,G#,3,A,"(4, 8, 11)",I,E,B,A,923.75,431.0
7391,E,G#,3,A,"(4, 8, 11)",I,E,B,A,923.875,431.0
7392,E,A,4,A,"(4, 8, 11)",I,E,B,E,924.0,431.0
7393,E,A,4,A,"(4, 8, 11)",I,E,B,E,924.125,431.0
7394,E,A,4,A,"(4, 8, 11)",I,E,B,E,924.25,431.0
7395,E,A,4,A,"(4, 8, 11)",I,E,B,E,924.375,431.0
7396,B,E,0,A,"(4, 8, 11)",I,E,G#,E,924.5,431.0
7397,B,E,1,A,"(4, 8, 11)",V,E,G#,E,924.625,431.0
7398,B,E,2,A,"(4, 8, 11)",V,E,G#,E,924.75,431.0
7399,B,E,2,A,"(4, 8, 11)",V,E,G#,E,924.875,431.0
7400,B,E,3,A,"(4, 8, 11)",I,E,G#,A,925.0,431.0
7401,B,E,3,A,"(4, 8, 11)",I,E,G#,A,925.125,431.0
7402,B,E,3,A,"(4, 8, 11)",I,E,G#,A,925.25,431.0
7403,B,E,3,A,"(4, 8, 11)",I,E,G#,A,925.375,431.0
7404,B,E,4,A,"(4, 8, 11)",I,E,G#,A,925.5,431.0
7405,B,E,4,A,"(4, 8, 11)",I,E,G#,A,925.625,431.0
7406,B,E,4,A,"(4, 8, 11)",I,E,G#,E,925.75,431.0
7407,B,E,4,A,"(4, 8, 11)",I,E,G#,A,925.875,431.0
7408,F#,B,0,A,"(3, 6, 9, 11)",V7,A,D#,E,926.0,432.0
7409,F#,B,1,A,"(3, 6, 9, 11)",V7,A,D#,E,926.125,432.0
7410,F#,B,2,A,"(3, 6, 9, 11)",V7,A,D#,E,926.25,432.0
7411,F#,B,2,A,"(3, 6, 9, 11)",V7,A,D#,E,926.375,432.0
7412,F#,B,3,A,"(3, 6, 9, 11)",V7,A,D#,E,926.5,432.0
7413,F#,B,3,A,"(3, 6, 9, 11)",V7,A,D#,E,926.625,432.0
7414,F#,B,3,A,"(3, 6, 9, 11)",V7,A,D#,E,926.75,432.0
7415,F#,B,3,A,"(3, 6, 9, 11)",V7,A,D#,E,926.875,432.0
7416,F#,B,4,A,"(3, 6, 9, 11)",V7,A,D#,E,927.0,432.0
7417,F#,B,4,A,"(3, 6, 9, 11)",V7,A,D#,E,927.125,432.0
7418,F#,B,4,A,"(3, 6, 9, 11)",V7,A,D#,E,927.25,432.0
7419,F#,B,4,A,"(3, 6, 9, 11)",V7,A,D#,E,927.375,432.0
7420,F#,B,4,A,"(3, 6, 9, 11)",V7,A,D#,E,927.5,432.0
7421,F#,B,4,A,"(3, 6, 9, 11)",V7,A,D#,E,927.625,432.0
7422,F#,B,4,A,"(3, 6, 9, 11)",V7,A,D#,E,927.75,432.0
7423,F#,B,4,A,"(3, 6, 9, 11)",V7,A,D#,E,927.875,432.0
7424,F#,B,5,A,"(3, 6, 9, 11)",V7,A,D#,E,928.0,432.0
7425,F#,B,5,A,"(3, 6, 9, 11)",V7,A,D#,E,928.125,432.0
7426,F#,B,5,A,"(3, 6, 9, 11)",V7,A,D#,E,928.25,432.0
7427,F#,B,5,A,"(3, 6, 9, 11)",V7,A,D#,E,928.375,432.0
7428,F#,B,5,A,"(3, 6, 9, 11)",V7,A,D#,E,928.5,432.0
7429,F#,B,5,A,"(3, 6, 9, 11)",V7,A,D#,E,928.625,432.0
7430,F#,B,5,A,"(3, 6, 9, 11)",V7,A,D#,E,928.75,432.0
7431,F#,B,5,A,"(3, 6, 9, 11)",V7,A,D#,E,928.875,432.0
7432,E,G#,0,A,"(4, 8, 11)",I,E,B,E,929.0,433.0
7433,E,G#,1,A,"(4, 8, 11)",I,E,B,E,929.125,433.0
7434,E,G#,2,A,"(4, 8, 11)",I,E,B,E,929.25,433.0
7435,E,G#,2,A,"(4, 8, 11)",I,E,B,E,929.375,433.0
7436,E,E,3,A,"(4, 8, 11)",I,E,B,A,929.5,433.0
7437,E,E,3,A,"(4, 8, 11)",I,E,B,A,929.625,433.0
7438,E,E,3,A,"(4, 8, 11)",I,E,B,A,929.75,433.0
7439,E,E,3,A,"(4, 8, 11)",I,E,B,A,929.875,433.0
7440,E,A,4,A,"(4, 8, 11)",I,E,B,E,930.0,433.0
7441,E,A,4,A,"(4, 8, 11)",I,E,B,E,930.125,433.0
7442,E,A,4,A,"(4, 8, 11)",I,E,B,E,930.25,433.0
7443,E,A,4,A,"(4, 8, 11)",I,E,B,E,930.375,433.0
7444,B,E,0,A,"(4, 8, 11)",V,E,G#,E,930.5,433.0
7445,B,E,1,A,"(4, 8, 11)",V,E,G#,E,930.625,433.0
7446,B,E,2,A,"(4, 8, 11)",V,E,G#,E,930.75,433.0
7447,B,E,2,A,"(4, 8, 11)",V,E,G#,E,930.875,433.0
7448,B,E,3,A,"(4, 8, 11)",V,E,G#,A,931.0,433.0
7449,B,E,3,A,"(4, 8, 11)",V,E,G#,A,931.125,433.0
7450,B,E,3,A,"(4, 8, 11)",V,E,G#,A,931.25,433.0
7451,B,E,3,A,"(4, 8, 11)",V,E,G#,A,931.375,433.0
7452,B,E,4,A,"(4, 8, 11)",I,E,G#,A,931.5,433.0
7453,B,E,4,A,"(4, 8, 11)",I,E,G#,A,931.625,433.0
7454,B,E,4,A,"(4, 8, 11)",I,E,G#,A,931.75,433.0
7455,B,E,4,A,"(4, 8, 11)",I,E,G#,A,931.875,433.0
7456,A,C#,0,A,"(1, 4, 9)",I,A,E,E,932.0,434.0
7457,A,C#,1,A,"(1, 4, 9)",I,A,E,E,932.125,434.0
7458,A,C#,2,A,"(1, 4, 9)",I,A,E,E,932.25,434.0
7459,A,C#,2,A,"(1, 4, 9)",I,A,E,E,932.375,434.0
7460,A,C#,3,A,"(1, 4, 9)",I,A,E,E,932.5,434.0
7461,A,C#,3,A,"(1, 4, 9)",I,A,E,E,932.625,434.0
7462,A,C#,3,A,"(1, 4, 9)",I,A,E,E,932.75,434.0
7463,A,C#,3,A,"(1, 4, 9)",I,A,E,E,932.875,434.0
7464,A,E,4,A,"(1, 4, 9)",I,A,E,E,933.0,434.0
7465,A,E,4,A,"(1, 4, 9)",I,A,E,E,933.125,434.0
7466,A,E,4,A,"(1, 4, 9)",I,A,E,E,933.25,434.0
7467,A,E,4,A,"(1, 4, 9)",I,A,E,E,933.375,434.0
7468,A,D#,0,A,"(3, 6, 9, 11)",V7,A,F#,E,933.5,434.0
7469,A,D#,1,A,"(3, 6, 9, 11)",V7,A,F#,E,933.625,434.0
7470,A,D#,2,A,"(3, 6, 9, 11)",V7,A,F#,E,933.75,434.0
7471,A,D#,2,A,"(3, 6, 9, 11)",V7,A,F#,E,933.875,434.0
7472,A,D#,3,A,"(3, 6, 9, 11)",V7,A,F#,E,934.0,434.0
7473,A,B,3,A,"(3, 6, 9, 11)",V7,A,F#,E,934.125,434.0
7474,A,B,3,A,"(3, 6, 9, 11)",V7,A,F#,E,934.25,434.0
7475,A,B,3,A,"(3, 6, 9, 11)",V7,A,F#,E,934.375,434.0
7476,A,D#,4,A,"(3, 6, 9, 11)",V7,A,F#,E,934.5,434.0
7477,A,D#,4,A,"(3, 6, 9, 11)",V7,A,F#,E,934.625,434.0
7478,A,D#,4,A,"(3, 6, 9, 11)",V7,A,F#,E,934.75,434.0
7479,A,D#,4,A,"(3, 6, 9, 11)",V7,A,F#,E,934.875,434.0
7480,B,E,0,A,"(4, 8, 11)",V,E,G#,E,935.0,435.0
7481,B,E,1,A,"(4, 8, 11)",V,E,G#,E,935.125,435.0
7482,B,E,2,A,"(4, 8, 11)",V,E,G#,E,935.25,435.0
7483,B,E,2,A,"(4, 8, 11)",V,E,G#,E,935.375,435.0
7484,B,E,3,A,"(4, 8, 11)",V,E,G#,E,935.5,435.0
7485,B,E,3,A,"(4, 8, 11)",V,E,G#,E,935.625,435.0
7486,B,E,3,A,"(4, 8, 11)",V,E,G#,E,935.75,435.0
7487,B,E,3,A,"(4, 8, 11)",V,E,G#,E,935.875,435.0
7488,B,E,4,A,"(4, 8, 11)",V,E,G#,E,936.0,435.0
7489,B,E,4,A,"(4, 8, 11)",I,E,G#,E,936.125,435.0
7490,B,E,4,A,"(4, 8, 11)",I,E,G#,E,936.25,435.0
7491,B,E,4,A,"(4, 8, 11)",I,E,G#,E,936.375,435.0
7492,B,E,4,A,"(4, 8, 11)",I,E,G#,E,936.5,435.0
7493,B,E,4,A,"(4, 8, 11)",I,E,G#,E,936.625,435.0
7494,B,E,4,A,"(4, 8, 11)",I,E,G#,E,936.75,435.0
7495,B,E,4,A,"(4, 8, 11)",I,E,G#,E,936.875,435.0
7496,B,E,5,A,"(4, 8, 11)",I,E,G#,E,937.0,435.0
7497,B,E,5,A,"(4, 8, 11)",I,E,G#,E,937.125,435.0
7498,B,E,5,A,"(4, 8, 11)",I,E,G#,E,937.25,435.0
7499,B,E,5,A,"(4, 8, 11)",I,E,G#,E,937.375,435.0
7500,B,E,5,A,"(4, 8, 11)",I,E,G#,A,937.5,435.0
7501,B,E,5,A,"(4, 8, 11)",I,E,G#,A,937.625,435.0
7502,B,E,5,A,"(4, 8, 11)",I,E,G#,A,937.75,435.0
7503,B,E,5,A,"(4, 8, 11)",I,E,G#,A,937.875,435.0
7504,A,C#,0,A,"(1, 4, 9)",I,A,E,E,938.0,436.0
7505,A,C#,1,A,"(1, 4, 9)",I,A,E,E,938.125,436.0
7506,A,C#,2,A,"(1, 4, 9)",I,A,E,E,938.25,436.0
7507,A,C#,2,A,"(1, 4, 9)",I,A,E,E,938.375,436.0
7508,A,C#,3,A,"(1, 4, 9)",I,A,E,E,938.5,436.0
7509,A,C#,3,A,"(1, 4, 9)",I,A,E,E,938.625,436.0
7510,A,A,3,A,"(1, 4, 9)",I,A,E,E,938.75,436.0
7511,A,A,3,A,"(1, 4, 9)",I,A,E,E,938.875,436.0
7512,A,E,4,A,"(1, 4, 9)",I,A,E,E,939.0,436.0
7513,A,E,4,A,"(1, 4, 9)",I,A,E,E,939.125,436.0
7514,A,E,4,A,"(1, 4, 9)",I,A,E,E,939.25,436.0
7515,A,E,4,A,"(1, 4, 9)",I,A,E,E,939.375,436.0
7516,A,D#,0,A,"(3, 6, 9, 11)",V7,A,F#,E,939.5,436.0
7517,A,D#,1,A,"(3, 6, 9, 11)",V7,A,F#,E,939.625,436.0
7518,A,D#,2,A,"(3, 6, 9, 11)",V7,A,F#,E,939.75,436.0
7519,A,D#,2,A,"(3, 6, 9, 11)",V7,A,F#,E,939.875,436.0
7520,A,D#,3,A,"(3, 6, 9, 11)",V7,A,F#,E,940.0,436.0
7521,A,D#,3,A,"(3, 6, 9, 11)",V7,A,F#,E,940.125,436.0
7522,A,B,3,A,"(3, 6, 9, 11)",V7,A,F#,E,940.25,436.0
7523,A,D#,3,A,"(3, 6, 9, 11)",V7,A,F#,E,940.375,436.0
7524,A,D#,4,A,"(3, 6, 9, 11)",V7,A,F#,E,940.5,436.0
7525,A,D#,4,A,"(3, 6, 9, 11)",V7,A,F#,E,940.625,436.0
7526,A,D#,4,A,"(3, 6, 9, 11)",V7,A,F#,E,940.75,436.0
7527,A,D#,4,A,"(3, 6, 9, 11)",V7,A,F#,E,940.875,436.0
7528,B,E,0,A,"(4, 8, 11)",V,E,G#,E,941.0,437.0
7529,B,E,1,A,"(4, 8, 11)",V,E,G#,E,941.125,437.0
7530,B,E,2,A,"(4, 8, 11)",V,E,G#,E,941.25,437.0
7531,B,E,2,A,"(4, 8, 11)",V,E,G#,E,941.375,437.0
7532,B,E,3,A,"(4, 8, 11)",V,E,G#,E,941.5,437.0
7533,B,E,3,A,"(4, 8, 11)",V,E,G#,E,941.625,437.0
7534,B,E,3,A,"(4, 8, 11)",V,E,G#,E,941.75,437.0
7535,B,E,3,A,"(4, 8, 11)",V,E,G#,E,941.875,437.0
7536,B,E,4,A,"(4, 8, 11)",V,E,G#,E,942.0,437.0
7537,B,E,4,A,"(4, 8, 11)",V,E,G#,E,942.125,437.0
7538,B,E,4,A,"(4, 8, 11)",V,E,G#,E,942.25,437.0
7539,B,E,4,A,"(4, 8, 11)",V,E,G#,E,942.375,437.0
7540,B,E,4,A,"(4, 8, 11)",I,E,G#,A,942.5,437.0
7541,B,E,1,A,"(4, 8, 11)",I,E,G#,A,942.625,437.0
7542,B,E,2,A,"(4, 8, 11)",I,E,G#,A,942.75,437.0
7543,B,E,2,A,"(4, 8, 11)",I,E,G#,A,942.875,437.0
7544,B,E,5,A,"(4, 8, 11)",I,E,G#,A,943.0,437.0
7545,B,E,5,A,"(4, 8, 11)",I,E,G#,A,943.125,437.0
7546,B,E,5,A,"(4, 8, 11)",I,E,G#,A,943.25,437.0
7547,B,E,5,A,"(4, 8, 11)",I,E,G#,A,943.375,437.0
7548,B,E,5,A,"(4, 8, 11)",I,E,G#,A,943.5,437.0
7549,B,E,5,A,"(4, 8, 11)",I,E,G#,A,943.625,437.0
7550,B,E,5,A,"(4, 8, 11)",I,E,G#,A,943.75,437.0
7551,B,E,5,A,"(4, 8, 11)",I,E,G#,A,943.875,437.0
7552,A,C#,0,A,"(1, 4, 9)",I,A,E,E,944.0,438.0
7553,A,C#,1,A,"(1, 4, 9)",I,A,E,E,944.125,438.0
7554,A,C#,2,A,"(1, 4, 9)",I,A,E,E,944.25,438.0
7555,A,C#,2,A,"(1, 4, 9)",I,A,E,E,944.375,438.0
7556,A,C#,3,A,"(1, 4, 9)",I,A,E,E,944.5,438.0
7557,A,C#,3,A,"(1, 4, 9)",I,A,E,E,944.625,438.0
7558,A,C#,3,A,"(1, 4, 9)",I,A,E,E,944.75,438.0
7559,A,C#,3,A,"(1, 4, 9)",I,A,E,E,944.875,438.0
7560,A,A,4,A,"(1, 4, 9)",I,A,E,E,945.0,438.0
7561,A,E,4,A,"(1, 4, 9)",I,A,E,E,945.125,438.0
7562,A,E,4,A,"(1, 4, 9)",I,A,E,E,945.25,438.0
7563,A,E,4,A,"(1, 4, 9)",I,A,E,E,945.375,438.0
7564,A,D#,0,A,"(3, 6, 9, 11)",V7,A,F#,E,945.5,438.0
7565,A,D#,1,A,"(3, 6, 9, 11)",V7,A,F#,E,945.625,438.0
7566,A,D#,2,A,"(3, 6, 9, 11)",V7,A,F#,E,945.75,438.0
7567,A,D#,2,A,"(3, 6, 9, 11)",V7,A,F#,E,945.875,438.0
7568,A,D#,3,A,"(3, 6, 9, 11)",V7,A,F#,E,946.0,438.0
7569,A,D#,3,A,"(3, 6, 9, 11)",V7,A,F#,E,946.125,438.0
7570,A,D#,3,A,"(3, 6, 9, 11)",V7,A,F#,E,946.25,438.0
7571,A,D#,3,A,"(3, 6, 9, 11)",V7,A,F#,E,946.375,438.0
7572,A,D#,4,A,"(3, 6, 9, 11)",V7,A,F#,E,946.5,438.0
7573,A,D#,4,A,"(3, 6, 9, 11)",V7,A,F#,E,946.625,438.0
7574,A,D#,4,A,"(3, 6, 9, 11)",V7,A,F#,E,946.75,438.0
7575,A,D#,4,A,"(3, 6, 9, 11)",V7,A,F#,E,946.875,438.0
7576,B,E,0,A,"(4, 8, 11)",I,E,G#,E,947.0,439.0
7577,B,E,1,A,"(4, 8, 11)",I,E,G#,E,947.125,439.0
7578,B,E,2,A,"(4, 8, 11)",I,E,G#,E,947.25,439.0
7579,B,E,2,A,"(4, 8, 11)",I,E,G#,E,947.375,439.0
7580,B,E,3,A,"(4, 8, 11)",I,E,G#,E,947.5,439.0
7581,B,E,3,A,"(4, 8, 11)",I,E,G#,E,947.625,439.0
7582,B,E,3,A,"(4, 8, 11)",I,E,G#,E,947.75,439.0
7583,B,E,3,A,"(4, 8, 11)",I,E,G#,E,947.875,439.0
7584,B,E,4,A,"(4, 8, 11)",I,E,G#,E,948.0,439.0
7585,B,E,4,A,"(4, 8, 11)",I,E,G#,E,948.125,439.0
7586,B,E,4,A,"(4, 8, 11)",I,E,G#,E,948.25,439.0
7587,B,E,4,A,"(4, 8, 11)",I,E,G#,E,948.375,439.0
7588,B,E,4,A,"(4, 8, 11)",I,E,G#,E,948.5,439.0
7589,B,E,4,A,"(4, 8, 11)",I,E,G#,E,948.625,439.0
7590,B,E,4,A,"(4, 8, 11)",I,E,G#,E,948.75,439.0
7591,B,E,4,A,"(4, 8, 11)",I,E,G#,E,948.875,439.0
7592,B,E,5,A,"(4, 8, 11)",I,E,G#,E,949.0,439.0
7593,B,E,5,A,"(4, 8, 11)",I,E,G#,E,949.125,439.0
7594,B,E,5,A,"(4, 8, 11)",I,E,G#,E,949.25,439.0
7595,B,E,5,A,"(4, 8, 11)",I,E,G#,E,949.375,439.0
7596,B,E,5,A,"(4, 8, 11)",I,E,G#,E,949.5,439.0
7597,B,E,5,A,"(4, 8, 11)",I,E,G#,E,949.625,439.0
7598,B,E,5,A,"(4, 8, 11)",I,E,G#,E,949.75,439.0
7599,B,E,5,A,"(4, 8, 11)",I,E,G#,E,949.875,439.0
7600,A,C#,0,A,"(1, 4, 9)",I,A,E,E,950.0,440.0
7601,A,C#,1,A,"(1, 4, 9)",I,A,E,E,950.125,440.0
7602,A,C#,2,A,"(1, 4, 9)",I,A,E,E,950.25,440.0
7603,A,C#,2,A,"(1, 4, 9)",I,A,E,E,950.375,440.0
7604,A,C#,3,A,"(1, 4, 9)",I,A,E,E,950.5,440.0
7605,A,C#,3,A,"(1, 4, 9)",I,A,E,E,950.625,440.0
7606,A,C#,3,A,"(1, 4, 9)",I,A,E,E,950.75,440.0
7607,A,A,3,A,"(1, 4, 9)",I,A,E,E,950.875,440.0
7608,A,E,4,A,"(1, 4, 9)",I,A,E,E,951.0,440.0
7609,A,E,4,A,"(1, 4, 9)",I,A,E,E,951.125,440.0
7610,A,E,4,A,"(1, 4, 9)",I,A,E,E,951.25,440.0
7611,A,E,4,A,"(1, 4, 9)",I,A,E,E,951.375,440.0
7612,A,D#,0,A,"(3, 6, 9, 11)",V7,A,F#,E,951.5,440.0
7613,A,D#,1,A,"(3, 6, 9, 11)",V7,A,F#,E,951.625,440.0
7614,A,D#,2,A,"(3, 6, 9, 11)",V7,A,F#,E,951.75,440.0
7615,A,D#,2,A,"(3, 6, 9, 11)",V7,A,F#,E,951.875,440.0
7616,A,D#,3,A,"(3, 6, 9, 11)",V7,A,F#,E,952.0,440.0
7617,A,D#,3,A,"(3, 6, 9, 11)",V7,A,F#,E,952.125,440.0
7618,A,D#,3,A,"(3, 6, 9, 11)",V7,A,F#,E,952.25,440.0
7619,A,D#,3,A,"(3, 6, 9, 11)",V7,A,F#,E,952.375,440.0
7620,A,D#,4,A,"(3, 6, 9, 11)",V7,A,F#,E,952.5,440.0
7621,A,D#,4,A,"(3, 6, 9, 11)",V7,A,F#,E,952.625,440.0
7622,A,D#,4,A,"(3, 6, 9, 11)",V7,A,F#,E,952.75,440.0
7623,A,D#,4,A,"(3, 6, 9, 11)",V7,A,F#,E,952.875,440.0
7624,B,E,0,A,"(4, 8, 11)",I,E,G#,E,953.0,441.0
7625,B,E,1,A,"(4, 8, 11)",I,E,G#,E,953.125,441.0
7626,B,E,2,A,"(4, 8, 11)",I,E,G#,E,953.25,441.0
7627,B,E,2,A,"(4, 8, 11)",I,E,G#,E,953.375,441.0
7628,B,E,3,A,"(4, 8, 11)",I,E,G#,E,953.5,441.0
7629,B,E,3,A,"(4, 8, 11)",I,E,G#,E,953.625,441.0
7630,B,E,3,A,"(4, 8, 11)",I,E,G#,E,953.75,441.0
7631,B,E,3,A,"(4, 8, 11)",I,E,G#,E,953.875,441.0
7632,B,E,4,A,"(4, 8, 11)",I,E,G#,E,954.0,441.0
7633,B,E,4,A,"(4, 8, 11)",I,E,G#,E,954.125,441.0
7634,B,E,4,A,"(4, 8, 11)",I,E,G#,E,954.25,441.0
7635,B,E,4,A,"(4, 8, 11)",I,E,G#,E,954.375,441.0
7636,B,B,0,A,"(3, 6, 9, 11)",V,E,D#,E,954.5,441.0
7637,B,B,1,A,"(3, 6, 9, 11)",V,E,D#,E,954.625,441.0
7638,B,B,2,A,"(3, 6, 9, 11)",V,E,D#,E,954.75,441.0
7639,F#,B,2,A,"(3, 6, 9, 11)",V,E,D#,E,954.875,441.0
7640,F#,B,3,A,"(3, 6, 9, 11)",V,E,D#,E,955.0,441.0
7641,F#,B,3,A,"(3, 6, 9, 11)",V,E,D#,E,955.125,441.0
7642,F#,B,3,A,"(3, 6, 9, 11)",V,E,D#,E,955.25,441.0
7643,F#,B,3,A,"(3, 6, 9, 11)",V,E,D#,E,955.375,441.0
7644,F#,B,4,A,"(3, 6, 9, 11)",V,E,D#,E,955.5,441.0
7645,F#,B,4,A,"(3, 6, 9, 11)",V,E,D#,E,955.625,441.0
7646,F#,B,4,A,"(3, 6, 9, 11)",V,E,D#,E,955.75,441.0
7647,F#,B,4,A,"(3, 6, 9, 11)",V,E,D#,E,955.875,441.0
7648,E,G#,0,A,"(4, 8, 11)",I,E,B,E,956.0,442.0
7649,E,G#,1,A,"(4, 8, 11)",I,E,B,E,956.125,442.0
7650,E,G#,2,A,"(4, 8, 11)",I,E,B,E,956.25,442.0
7651,E,G#,2,A,"(4, 8, 11)",I,E,B,E,956.375,442.0
7652,E,G#,3,E,"(4, 8, 11)",I,E,B,E,956.5,442.0
7653,E,G#,3,A,"(4, 8, 11)",I,E,B,E,956.625,442.0
7654,E,G#,3,E,"(4, 8, 11)",I,E,B,E,956.75,442.0
7655,E,G#,3,E,"(4, 8, 11)",I,E,B,E,956.875,442.0
7656,B,E,4,A,"(4, 8, 11)",V,E,B,E,957.0,442.0
7657,B,E,4,A,"(4, 8, 11)",V,E,B,E,957.125,442.0
7658,B,E,4,E,"(4, 8, 11)",V,E,B,E,957.25,442.0
7659,B,E,4,A,"(4, 8, 11)",V,E,B,E,957.375,442.0
7660,B,B,4,A,"(4, 8, 11)",V,E,B,E,957.5,442.0
7661,B,B,4,A,"(4, 8, 11)",V,E,B,E,957.625,442.0
7662,B,B,4,A,"(4, 8, 11)",V,E,B,E,957.75,442.0
7663,B,B,4,A,"(4, 8, 11)",V,E,B,E,957.875,442.0
7664,B,B,5,A,"(4, 8, 11)",V,E,B,E,958.0,442.0
7665,B,B,5,A,"(4, 8, 11)",V,E,B,E,958.125,442.0
7666,B,B,5,A,"(4, 8, 11)",V,E,B,E,958.25,442.0
7667,B,B,5,A,"(4, 8, 11)",V,E,B,E,958.375,442.0
7668,B,B,5,A,"(3, 6, 11)",V,B,B,E,958.5,442.0
7669,B,B,5,A,"(3, 6, 11)",V,B,B,E,958.625,442.0
7670,B,B,5,A,"(3, 6, 11)",V,B,D#,E,958.75,442.0
7671,B,B,5,A,"(3, 6, 11)",V,B,D#,E,958.875,442.0
7672,B,B,0,A,"(3, 6, 11)",V,B,D#,E,959.0,443.0
7673,B,B,1,A,"(3, 6, 11)",V,B,D#,E,959.125,443.0
7674,B,B,2,A,"(3, 6, 11)",V,B,D#,E,959.25,443.0
7675,B,B,2,A,"(3, 6, 11)",V,B,D#,E,959.375,443.0
7676,B,B,3,A,"(3, 6, 11)",V,B,D#,E,959.5,443.0
7677,B,B,3,A,"(3, 6, 11)",V,B,D#,E,959.625,443.0
7678,B,B,3,A,"(3, 6, 11)",V,B,D#,E,959.75,443.0
7679,B,B,3,A,"(4, 8, 11)",I,B,B,E,959.875,443.0
7680,B,B,4,A,"(3, 6, 11)",V7,B,B,A,960.0,443.0
7681,B,B,4,A,"(3, 6, 11)",V7,B,B,A,960.125,443.0
7682,B,B,5,A,"(3, 6, 11)",V7,B,B,A,960.25,443.0
7683,B,B,5,A,"(3, 6, 11)",V7,B,D#,A,960.375,443.0
7684,B,B,5,A,"(3, 6, 11)",V7,B,D#,A,960.5,443.0
7685,B,B,5,A,"(3, 6, 11)",V7,B,D#,A,960.625,443.0
7686,B,B,5,A,"(3, 6, 11)",V7,B,D#,A,960.75,443.0
7687,B,B,5,A,"(3, 6, 11)",V7,B,D#,A,960.875,443.0
7688,B,B,5,A,"(3, 6, 11)",V7,B,D#,A,961.0,443.0
7689,B,B,5,A,"(3, 6, 11)",V7,B,D#,A,961.125,443.0
7690,B,B,5,A,"(3, 6, 11)",V7,B,D#,A,961.25,443.0
7691,B,B,5,A,"(3, 6, 11)",V7,B,D#,A,961.375,443.0
7692,B,B,5,A,"(3, 6, 11)",V7,B,D#,A,961.5,443.0
7693,B,B,5,A,"(3, 6, 11)",V7,B,D#,A,961.625,443.0
7694,B,B,5,A,"(3, 6, 11)",V7,B,D#,A,961.75,443.0
7695,B,B,5,A,"(3, 6, 11)",V7,B,D#,A,961.875,443.0
7696,B,E,0,A,"(4, 8, 11)",V,E,G#,A,962.0,444.0
7697,B,E,1,A,"(4, 8, 11)",V,E,G#,A,962.125,444.0
7698,B,E,2,A,"(4, 8, 11)",V,E,G#,A,962.25,444.0
7699,B,E,2,A,"(4, 8, 11)",V,E,G#,A,962.375,444.0
7700,B,E,3,A,"(4, 8, 11)",V,E,G#,A,962.5,444.0
7701,B,E,3,A,"(4, 8, 11)",V,E,G#,A,962.625,444.0
7702,B,E,3,A,"(4, 8, 11)",V,E,G#,A,962.75,444.0
7703,B,E,3,A,"(4, 8, 11)",V,E,G#,A,962.875,444.0
7704,B,E,4,A,"(4, 8, 11)",V,E,G#,A,963.0,444.0
7705,B,E,4,A,"(4, 8, 11)",V,E,G#,A,963.125,444.0
7706,B,E,4,A,"(4, 8, 11)",V,E,G#,A,963.25,444.0
7707,B,E,4,A,"(4, 8, 11)",V,E,G#,A,963.375,444.0
7708,B,E,4,A,"(4, 8, 11)",V,E,G#,A,963.5,444.0
7709,B,E,4,A,"(4, 8, 11)",V,E,G#,A,963.625,444.0
7710,B,E,4,A,"(4, 8, 11)",V,E,G#,A,963.75,444.0
7711,B,E,4,A,"(4, 8, 11)",V,E,G#,A,963.875,444.0
7712,B,E,5,A,"(4, 8, 11)",V,E,G#,A,964.0,444.0
7713,B,E,5,A,"(4, 8, 11)",V,E,G#,A,964.125,444.0
7714,B,E,5,A,"(4, 8, 11)",V,E,G#,A,964.25,444.0
7715,B,E,5,A,"(4, 8, 11)",V,E,G#,A,964.375,444.0
7716,B,E,5,A,"(4, 8, 11)",V,E,G#,A,964.5,444.0
7717,B,E,5,A,"(4, 8, 11)",V,E,G#,A,964.625,444.0
7718,B,E,5,A,"(4, 8, 11)",V,E,G#,A,964.75,444.0
7719,B,E,5,A,"(4, 8, 11)",V,E,G#,A,964.875,444.0
7720,B,E,0,A,"(4, 8, 11)",V,E,G#,A,965.0,445.0
7721,B,E,1,A,"(4, 8, 11)",V,E,G#,b,965.125,445.0
7722,B,E,2,A,"(4, 8, 11)",V,E,G#,b,965.25,445.0
7723,B,E,2,A,"(4, 8, 11)",V,E,G#,b,965.375,445.0
7724,B,E,3,A,"(4, 8, 11)",V,E,G#,b,965.5,445.0
7725,B,E,3,A,"(4, 8, 11)",V,E,G#,b,965.625,445.0
7726,B,E,3,A,"(4, 8, 11)",V,E,G#,b,965.75,445.0
7727,B,E,3,A,"(4, 8, 11)",V,E,G#,b,965.875,445.0
7728,C#,E,4,A,"(1, 4, 6, 10)",V,E,A#,b,966.0,445.0
7729,C#,E,4,A,"(1, 4, 6, 10)",V,E,A#,b,966.125,445.0
7730,C#,E,4,A,"(1, 4, 6, 10)",V,E,A#,b,966.25,445.0
7731,C#,E,4,A,"(1, 4, 6, 10)",V,E,A#,b,966.375,445.0
7732,C#,F#,0,A,"(1, 4, 6, 10)",V,E,A#,b,966.5,445.0
7733,C#,F#,1,A,"(1, 4, 6, 10)",V,E,A#,b,966.625,445.0
7734,C#,F#,2,A,"(1, 4, 6, 10)",V,E,A#,b,966.75,445.0
7735,C#,F#,2,A,"(1, 4, 6, 10)",V,E,A#,b,966.875,445.0
7736,C#,F#,3,A,"(1, 4, 6, 10)",V,E,A#,b,967.0,445.0
7737,C#,F#,3,A,"(1, 4, 6, 10)",V,E,A#,b,967.125,445.0
7738,C#,F#,3,A,"(1, 4, 6, 10)",V,E,A#,b,967.25,445.0
7739,C#,F#,3,A,"(1, 4, 6, 10)",V,E,A#,b,967.375,445.0
7740,C#,F#,0,A,"(1, 4, 6, 10)",V,F#,A#,b,967.5,445.0
7741,C#,F#,1,A,"(1, 4, 6, 10)",V,F#,A#,b,967.625,445.0
7742,C#,F#,2,A,"(1, 4, 6, 10)",V,F#,A#,b,967.75,445.0
7743,C#,F#,2,A,"(1, 4, 6, 10)",V,F#,A#,b,967.875,445.0
7744,B,D,0,A,"(2, 6, 11)",ii,B,F#,A,968.0,446.0
7745,B,D,1,A,"(2, 6, 11)",ii,B,F#,A,968.125,446.0
7746,B,D,2,A,"(2, 6, 11)",ii,B,F#,A,968.25,446.0
7747,B,D,2,A,"(2, 6, 11)",ii,B,F#,A,968.375,446.0
7748,B,D,3,A,"(2, 6, 11)",ii,B,F#,A,968.5,446.0
7749,B,D,3,A,"(2, 6, 11)",ii,B,F#,A,968.625,446.0
7750,B,D,3,A,"(2, 6, 11)",ii,B,F#,A,968.75,446.0
7751,B,D,3,A,"(2, 6, 11)",ii,B,F#,A,968.875,446.0
7752,B,D,4,A,"(2, 6, 11)",ii,B,F#,A,969.0,446.0
7753,B,D,4,A,"(2, 6, 11)",ii,B,F#,A,969.125,446.0
7754,B,D,4,A,"(2, 6, 11)",ii,B,F#,A,969.25,446.0
7755,B,D,4,A,"(2, 6, 11)",ii,B,F#,A,969.375,446.0
7756,B,E,0,A,"(2, 6, 11)",V,E,G#,A,969.5,446.0
7757,B,E,1,A,"(2, 6, 11)",V,E,G#,A,969.625,446.0
7758,B,E,2,A,"(2, 6, 11)",V,E,G#,A,969.75,446.0
7759,B,E,2,A,"(2, 6, 11)",V,E,G#,A,969.875,446.0
7760,B,E,3,A,"(2, 6, 11)",V,E,G#,A,970.0,446.0
7761,B,E,3,A,"(2, 6, 11)",V,E,G#,A,970.125,446.0
7762,B,E,3,A,"(2, 6, 11)",V,E,G#,A,970.25,446.0
7763,B,E,3,A,"(2, 6, 11)",V,E,G#,A,970.375,446.0
7764,B,E,0,A,"(2, 6, 11)",V7,B,F#,A,970.5,446.0
7765,B,E,1,A,"(2, 6, 11)",V7,B,F#,A,970.625,446.0
7766,B,E,2,A,"(2, 6, 11)",V7,B,F#,A,970.75,446.0
7767,B,E,2,A,"(2, 6, 11)",V7,B,F#,A,970.875,446.0
7768,A,C#,0,A,"(1, 4, 9)",I,A,E,A,971.0,447.0
7769,A,C#,1,A,"(1, 4, 9)",I,A,E,A,971.125,447.0
7770,A,C#,2,A,"(1, 4, 9)",I,A,E,A,971.25,447.0
7771,A,C#,2,A,"(1, 4, 9)",I,A,E,A,971.375,447.0
7772,A,C#,3,A,"(1, 4, 9)",I,A,E,A,971.5,447.0
7773,A,C#,3,A,"(1, 4, 9)",I,A,E,A,971.625,447.0
7774,A,C#,3,A,"(1, 4, 9)",I,A,E,A,971.75,447.0
7775,A,C#,3,A,"(1, 4, 9)",I,A,E,A,971.875,447.0
7776,A,C#,4,A,"(1, 4, 9)",I,A,E,A,972.0,447.0
7777,A,C#,4,A,"(1, 4, 9)",I,A,E,A,972.125,447.0
7778,A,C#,4,A,"(1, 4, 9)",I,A,E,A,972.25,447.0
7779,A,C#,4,A,"(1, 4, 9)",I,A,E,A,972.375,447.0
7780,G#,D,0,A,"(2, 4, 8, 11)",V7,B,E,A,972.5,447.0
7781,G#,D,1,A,"(2, 4, 8, 11)",V7,B,E,A,972.625,447.0
7782,G#,D,2,A,"(2, 4, 8, 11)",V7,B,E,A,972.75,447.0
7783,G#,D,2,A,"(2, 4, 8, 11)",V7,B,E,A,972.875,447.0
7784,G#,D,3,A,"(2, 4, 8, 11)",V7,B,E,A,973.0,447.0
7785,G#,D,3,A,"(2, 4, 8, 11)",V7,B,E,A,973.125,447.0
7786,G#,D,3,A,"(2, 4, 8, 11)",V7,B,E,A,973.25,447.0
7787,G#,D,3,A,"(2, 4, 8, 11)",V7,B,E,A,973.375,447.0
7788,A,C#,0,A,"(1, 4, 9)",I,A,E,A,973.5,447.0
7789,A,C#,1,A,"(1, 4, 9)",I,A,E,A,973.625,447.0
7790,A,C#,2,A,"(1, 4, 9)",I,A,E,A,973.75,447.0
7791,A,C#,2,A,"(1, 4, 9)",I,A,E,A,973.875,447.0
7792,E,B,0,A,"(2, 4, 8, 11)",V7,A,D,A,974.0,448.0
7793,E,B,1,A,"(2, 4, 8, 11)",V7,A,D,A,974.125,448.0
7794,E,B,2,A,"(2, 4, 8, 11)",V7,A,D,A,974.25,448.0
7795,E,B,2,A,"(2, 4, 8, 11)",V7,A,D,A,974.375,448.0
7796,E,B,3,A,"(2, 4, 8, 11)",V7,A,D,A,974.5,448.0
7797,E,B,3,A,"(2, 4, 8, 11)",V7,A,D,A,974.625,448.0
7798,E,B,3,A,"(2, 4, 8, 11)",V7,A,D,A,974.75,448.0
7799,E,B,3,A,"(2, 4, 8, 11)",V7,A,D,A,974.875,448.0
7800,E,A,0,A,"(1, 4, 9)",I,A,C#,A,975.0,448.0
7801,E,A,1,A,"(1, 4, 9)",I,A,C#,A,975.125,448.0
7802,E,A,2,A,"(1, 4, 9)",I,A,C#,A,975.25,448.0
7803,E,A,2,A,"(1, 4, 9)",I,A,C#,A,975.375,448.0
7804,B,E,0,A,"(4, 8, 11)",V,E,G#,A,975.5,448.0
7805,B,E,1,A,"(4, 8, 11)",V,E,G#,A,975.625,448.0
7806,B,E,2,A,"(4, 8, 11)",V,E,G#,A,975.75,448.0
7807,B,E,2,A,"(4, 8, 11)",V,E,G#,A,975.875,448.0
7808,B,E,3,A,"(4, 8, 11)",V,E,G#,A,976.0,448.0
7809,B,E,3,A,"(4, 8, 11)",V,E,G#,A,976.125,448.0
7810,B,E,3,A,"(4, 8, 11)",V,E,G#,A,976.25,448.0
7811,B,E,3,A,"(4, 8, 11)",V,E,G#,A,976.375,448.0
7812,B,E,4,A,"(4, 8, 11)",V,E,G#,A,976.5,448.0
7813,B,E,4,A,"(4, 8, 11)",V,E,G#,A,976.625,448.0
7814,B,E,4,A,"(4, 8, 11)",V,E,G#,A,976.75,448.0
7815,B,E,4,A,"(4, 8, 11)",V,E,G#,A,976.875,448.0
7816,E,A,0,A,"(1, 4, 9)",I,A,C#,A,977.0,449.0
7817,E,A,1,A,"(1, 4, 9)",I,A,C#,A,977.125,449.0
7818,E,A,2,A,"(1, 4, 9)",I,A,C#,A,977.25,449.0
7819,E,A,2,A,"(1, 4, 9)",I,A,C#,A,977.375,449.0
7820,E,A,3,A,"(1, 4, 9)",I,A,C#,A,977.5,449.0
7821,E,A,3,A,"(1, 4, 9)",I,A,C#,A,977.625,449.0
7822,E,A,3,A,"(1, 4, 9)",I,A,C#,A,977.75,449.0
7823,E,A,3,A,"(1, 4, 9)",I,A,C#,A,977.875,449.0
7824,E,A,4,A,"(1, 4, 9)",I,A,C#,A,978.0,449.0
7825,E,A,4,A,"(1, 4, 9)",I,A,C#,A,978.125,449.0
7826,E,A,2,A,"(1, 4, 9)",I,A,C#,A,978.25,449.0
7827,E,A,2,A,"(1, 4, 9)",I,A,C#,A,978.375,449.0
7828,E,A,0,A,"(1, 4, 9)",I,A,C#,A,978.5,449.0
7829,E,A,1,A,"(1, 4, 9)",I,A,C#,A,978.625,449.0
7830,E,A,2,A,"(1, 4, 9)",I,A,C#,A,978.75,449.0
7831,E,A,2,A,"(1, 4, 9)",I,A,C#,A,978.875,449.0
7832,E,A,0,A,"(1, 4, 9)",I,A,C#,A,979.0,449.0
7833,E,A,1,A,"(1, 4, 9)",I,A,C#,A,979.125,449.0
7834,E,A,2,A,"(1, 4, 9)",I,A,C#,A,979.25,449.0
7835,E,A,2,A,"(1, 4, 9)",I,A,C#,A,979.375,449.0
7836,A,D,0,A,"(2, 6, 9)",I,D,F#,A,979.5,449.0
7837,A,D,1,A,"(2, 6, 9)",I,D,F#,A,979.625,449.0
7838,A,D,2,A,"(2, 6, 9)",I,D,F#,A,979.75,449.0
7839,A,D,2,A,"(2, 6, 9)",I,D,F#,A,979.875,449.0
7840,B,E,0,A,"(4, 8, 11)",V,E,G#,A,980.0,450.0
7841,B,E,1,A,"(4, 8, 11)",V,E,G#,A,980.125,450.0
7842,B,E,2,A,"(4, 8, 11)",V,E,G#,A,980.25,450.0
7843,B,E,2,A,"(4, 8, 11)",V,E,G#,A,980.375,450.0
7844,B,E,3,A,"(4, 8, 11)",V,E,G#,A,980.5,450.0
7845,B,E,3,A,"(4, 8, 11)",V,E,G#,A,980.625,450.0
7846,B,E,3,A,"(4, 8, 11)",V,E,G#,A,980.75,450.0
7847,B,E,3,A,"(4, 8, 11)",V,E,G#,A,980.875,450.0
7848,B,E,4,A,"(4, 8, 11)",V,E,G#,A,981.0,450.0
7849,B,E,4,A,"(4, 8, 11)",V,E,G#,A,981.125,450.0
7850,B,E,4,A,"(4, 8, 11)",V,E,G#,A,981.25,450.0
7851,B,E,4,A,"(4, 8, 11)",V,E,G#,A,981.375,450.0
7852,B,E,0,A,"(4, 8, 11)",V,E,G#,A,981.5,450.0
7853,B,E,1,A,"(4, 8, 11)",V,E,G#,A,981.625,450.0
7854,B,E,2,A,"(4, 8, 11)",V,E,G#,A,981.75,450.0
7855,B,E,2,A,"(4, 8, 11)",V,E,G#,A,981.875,450.0
7856,B,B,0,A,"(2, 4, 8, 11)",V7,B,D,A,982.0,450.0
7857,B,B,3,A,"(2, 4, 8, 11)",V7,B,D,A,982.125,450.0
7858,B,B,3,A,"(2, 4, 8, 11)",V7,B,D,A,982.25,450.0
7859,B,B,3,A,"(2, 4, 8, 11)",V7,B,D,A,982.375,450.0
7860,B,B,4,A,"(2, 4, 8, 11)",V7,B,D,A,982.5,450.0
7861,B,E,4,A,"(2, 4, 8, 11)",V7,B,D,A,982.625,450.0
7862,B,E,4,A,"(2, 4, 8, 11)",V7,B,D,A,982.75,450.0
7863,B,E,4,A,"(2, 4, 8, 11)",V7,B,G#,A,982.875,450.0
7864,A,C#,0,A,"(1, 4, 9)",I,A,E,A,983.0,451.0
7865,E,C#,1,A,"(1, 4, 9)",I,A,E,A,983.125,451.0
7866,E,C#,2,A,"(1, 4, 9)",I,A,E,A,983.25,451.0
7867,E,C#,2,A,"(1, 4, 9)",I,A,E,A,983.375,451.0
7868,E,C#,3,A,"(1, 4, 9)",I,A,E,A,983.5,451.0
7869,E,C#,3,A,"(1, 4, 9)",I,A,E,A,983.625,451.0
7870,E,A,3,A,"(1, 4, 9)",I,A,E,A,983.75,451.0
7871,E,A,3,A,"(1, 4, 9)",I,A,E,A,983.875,451.0
7872,E,A,4,A,"(1, 4, 9)",I,A,C#,A,984.0,451.0
7873,E,A,4,A,"(1, 4, 9)",I,A,C#,A,984.125,451.0
7874,E,A,4,A,"(1, 4, 9)",I,A,C#,A,984.25,451.0
7875,E,A,4,A,"(1, 4, 9)",I,A,C#,A,984.375,451.0
7876,E,C#,0,A,"(1, 4, 9)",I,A,E,A,984.5,451.0
7877,E,C#,1,A,"(1, 4, 9)",I,A,E,A,984.625,451.0
7878,E,C#,2,A,"(1, 4, 9)",I,A,E,A,984.75,451.0
7879,E,C#,2,A,"(1, 4, 9)",I,A,E,A,984.875,451.0
7880,A,D,0,A,"(1, 4, 9)",I,A,E,A,985.0,451.0
7881,A,D,1,A,"(1, 4, 9)",I,A,E,A,985.125,451.0
7882,A,D,2,A,"(1, 4, 9)",I,A,E,A,985.25,451.0
7883,A,D,2,A,"(1, 4, 9)",I,A,E,A,985.375,451.0
7884,A,D,0,A,"(2, 6, 9)",I,D,F#,A,985.5,451.0
7885,A,D,1,A,"(2, 6, 9)",I,D,F#,A,985.625,451.0
7886,A,D,2,A,"(2, 6, 9)",I,D,F#,A,985.75,451.0
7887,A,D,2,A,"(2, 6, 9)",I,D,F#,A,985.875,451.0
7888,B,E,0,A,"(4, 8, 11)",V,E,G#,A,986.0,452.0
7889,B,E,1,A,"(4, 8, 11)",V,E,G#,A,986.125,452.0
7890,B,E,2,A,"(4, 8, 11)",V,E,G#,A,986.25,452.0
7891,B,E,2,A,"(4, 8, 11)",V,E,G#,A,986.375,452.0
7892,B,E,3,A,"(4, 8, 11)",V,E,G#,A,986.5,452.0
7893,B,E,3,A,"(4, 8, 11)",V,E,G#,A,986.625,452.0
7894,B,E,3,A,"(4, 8, 11)",V,E,G#,A,986.75,452.0
7895,B,E,3,A,"(4, 8, 11)",V,E,G#,A,986.875,452.0
7896,B,E,4,A,"(4, 8, 11)",V,E,G#,A,987.0,452.0
7897,B,E,4,A,"(4, 8, 11)",V,E,G#,A,987.125,452.0
7898,B,E,4,A,"(4, 8, 11)",V,E,G#,A,987.25,452.0
7899,B,E,4,A,"(4, 8, 11)",V,E,G#,A,987.375,452.0
7900,B,E,0,A,"(2, 4, 8, 11)",V,E,G#,A,987.5,452.0
7901,B,E,1,A,"(2, 4, 8, 11)",V,E,G#,A,987.625,452.0
7902,B,E,2,A,"(2, 4, 8, 11)",V,E,G#,A,987.75,452.0
7903,B,E,2,A,"(2, 4, 8, 11)",V,E,G#,A,987.875,452.0
7904,B,E,3,A,"(2, 4, 8, 11)",V7,B,G#,A,988.0,452.0
7905,B,E,3,A,"(2, 4, 8, 11)",V7,B,D,A,988.125,452.0
7906,B,E,3,A,"(2, 4, 8, 11)",V7,B,D,A,988.25,452.0
7907,B,E,3,A,"(2, 4, 8, 11)",V7,B,G#,A,988.375,452.0
7908,B,E,4,A,"(2, 4, 8, 11)",V7,B,G#,A,988.5,452.0
7909,B,E,4,A,"(2, 4, 8, 11)",V7,D,G#,A,988.625,452.0
7910,B,E,4,A,"(2, 4, 8, 11)",V7,D,G#,A,988.75,452.0
7911,B,E,4,A,"(2, 4, 8, 11)",V7,D,G#,A,988.875,452.0
7912,A,C#,0,A,"(1, 4, 9)",I,A,E,A,989.0,453.0
7913,A,C#,1,A,"(1, 4, 9)",I,A,E,A,989.125,453.0
7914,A,C#,2,A,"(1, 4, 9)",I,A,E,A,989.25,453.0
7915,A,C#,2,A,"(1, 4, 9)",I,A,E,A,989.375,453.0
7916,E,C#,3,A,"(1, 4, 9)",I,A,E,A,989.5,453.0
7917,E,C#,3,A,"(1, 4, 9)",I,A,E,A,989.625,453.0
7918,E,C#,3,A,"(1, 4, 9)",I,A,E,A,989.75,453.0
7919,E,C#,3,A,"(1, 4, 9)",I,A,E,A,989.875,453.0
7920,A,C#,4,A,"(1, 4, 9)",I,A,E,A,990.0,453.0
7921,A,C#,4,A,"(1, 4, 9)",I,A,E,A,990.125,453.0
7922,A,C#,4,A,"(1, 4, 9)",I,A,E,A,990.25,453.0
7923,A,C#,4,A,"(1, 4, 9)",I,A,E,A,990.375,453.0
7924,B,E,0,A,"(2, 4, 8, 11)",V7,G#,D,A,990.5,453.0
7925,B,E,1,A,"(2, 4, 8, 11)",V7,D,D,A,990.625,453.0
7926,B,E,2,A,"(2, 4, 8, 11)",V7,D,D,A,990.75,453.0
7927,B,E,2,A,"(2, 4, 8, 11)",V7,D,D,A,990.875,453.0
7928,B,E,3,A,"(2, 4, 8, 11)",V7,D,G#,A,991.0,453.0
7929,B,E,3,A,"(2, 4, 8, 11)",V7,D,G#,A,991.125,453.0
7930,B,E,3,A,"(2, 4, 8, 11)",V7,D,G#,A,991.25,453.0
7931,B,E,3,A,"(2, 4, 8, 11)",V7,D,G#,A,991.375,453.0
7932,B,E,4,A,"(2, 4, 8, 11)",V7,D,G#,A,991.5,453.0
7933,B,E,4,A,"(2, 4, 8, 11)",V7,D,G#,A,991.625,453.0
7934,B,E,4,A,"(2, 4, 8, 11)",V7,D,G#,A,991.75,453.0
7935,B,E,4,A,"(2, 4, 8, 11)",V7,D,G#,A,991.875,453.0
7936,E,A,0,A,"(1, 4, 9)",I,A,C#,A,992.0,454.0
7937,E,A,1,A,"(1, 4, 9)",I,A,C#,A,992.125,454.0
7938,E,A,2,A,"(1, 4, 9)",I,A,C#,A,992.25,454.0
7939,E,A,2,A,"(1, 4, 9)",I,A,C#,A,992.375,454.0
7940,E,A,3,A,"(1, 4, 9)",I,A,C#,A,992.5,454.0
7941,E,A,3,A,"(1, 4, 9)",I,A,C#,A,992.625,454.0
7942,E,A,3,A,"(1, 4, 9)",I,A,C#,A,992.75,454.0
7943,E,A,3,A,"(1, 4, 9)",I,A,C#,A,992.875,454.0
7944,E,A,4,A,"(1, 4, 9)",I,A,C#,A,993.0,454.0
7945,E,A,4,A,"(1, 4, 9)",I,A,C#,A,993.125,454.0
7946,E,A,4,A,"(1, 4, 9)",I,A,C#,A,993.25,454.0
7947,E,A,4,A,"(1, 4, 9)",I,A,C#,A,993.375,454.0
7948,E,A,0,A,"(1, 4, 9)",I,D,C#,A,993.5,454.0
7949,E,A,1,A,"(2, 6, 9)",I,D,C#,A,993.625,454.0
7950,E,A,2,A,"(2, 6, 9)",I,D,C#,A,993.75,454.0
7951,E,A,4,A,"(2, 6, 9)",I,D,C#,A,993.875,454.0
7952,A,A,3,A,"(2, 6, 9)",IV,D,A,A,994.0,454.0
7953,A,A,3,A,"(2, 6, 9)",IV,D,A,A,994.125,454.0
7954,A,A,3,A,"(2, 6, 9)",IV,D,A,A,994.25,454.0
7955,A,D,3,A,"(2, 6, 9)",IV,D,A,A,994.375,454.0
7956,A,D,0,A,"(2, 6, 9)",IV,D,F#,A,994.5,454.0
7957,A,D,1,A,"(2, 6, 9)",IV,D,F#,A,994.625,454.0
7958,A,D,2,A,"(2, 6, 9)",IV,D,F#,A,994.75,454.0
7959,A,D,2,A,"(2, 6, 9)",IV,D,F#,A,994.875,454.0
7960,E,C#,0,A,"(1, 4, 9)",I,A,E,A,995.0,455.0
7961,E,C#,1,A,"(1, 4, 9)",I,A,E,A,995.125,455.0
7962,E,C#,2,A,"(1, 4, 9)",I,A,E,A,995.25,455.0
7963,E,C#,2,A,"(1, 4, 9)",I,A,E,A,995.375,455.0
7964,E,C#,3,A,"(1, 4, 9)",I,A,E,A,995.5,455.0
7965,E,C#,3,A,"(1, 4, 9)",I,A,E,A,995.625,455.0
7966,E,C#,3,A,"(1, 4, 9)",I,A,E,A,995.75,455.0
7967,E,C#,3,A,"(1, 4, 9)",I,A,E,A,995.875,455.0
7968,A,C#,4,A,"(1, 4, 9)",I,A,E,A,996.0,455.0
7969,A,C#,4,A,"(1, 4, 9)",I,A,E,A,996.125,455.0
7970,A,C#,4,A,"(1, 4, 9)",I,A,E,A,996.25,455.0
7971,A,C#,4,A,"(1, 4, 9)",I,A,E,A,996.375,455.0
7972,G#,E,0,A,"(2, 4, 8, 11)",V7,G#,D,A,996.5,455.0
7973,G#,E,1,A,"(2, 4, 8, 11)",V7,G#,D,A,996.625,455.0
7974,E,E,2,A,"(2, 4, 8, 11)",V7,G#,D,A,996.75,455.0
7975,E,E,2,A,"(2, 4, 8, 11)",V7,G#,D,A,996.875,455.0
7976,B,E,3,A,"(2, 4, 8, 11)",V7,D,G#,A,997.0,455.0
7977,B,E,3,A,"(2, 4, 8, 11)",V7,D,G#,A,997.125,455.0
7978,B,E,3,A,"(2, 4, 8, 11)",V7,D,G#,A,997.25,455.0
7979,B,E,3,A,"(2, 4, 8, 11)",V7,D,G#,A,997.375,455.0
7980,B,E,4,A,"(2, 4, 8, 11)",V7,D,G#,A,997.5,455.0
7981,B,E,4,A,"(2, 4, 8, 11)",V7,D,G#,A,997.625,455.0
7982,B,E,4,A,"(2, 4, 8, 11)",V7,D,G#,A,997.75,455.0
7983,B,E,4,A,"(2, 4, 8, 11)",V7,D,G#,A,997.875,455.0
7984,E,A,0,A,"(1, 4, 9)",I,A,C#,A,998.0,456.0
7985,E,A,1,A,"(1, 4, 9)",I,A,C#,A,998.125,456.0
7986,E,A,2,A,"(1, 4, 9)",I,A,C#,A,998.25,456.0
7987,E,A,2,A,"(1, 4, 9)",I,A,C#,A,998.375,456.0
7988,E,A,3,A,"(1, 4, 9)",I,A,C#,A,998.5,456.0
7989,E,A,3,A,"(1, 4, 9)",I,A,C#,A,998.625,456.0
7990,E,A,3,A,"(1, 4, 9)",I,A,C#,A,998.75,456.0
7991,E,A,3,A,"(1, 4, 9)",I,A,C#,A,998.875,456.0
7992,E,A,4,A,"(1, 4, 9)",I,A,C#,A,999.0,456.0
7993,E,A,4,A,"(1, 4, 9)",I,A,C#,A,999.125,456.0
7994,E,A,4,A,"(1, 4, 9)",I,A,C#,A,999.25,456.0
7995,E,A,4,A,"(1, 4, 9)",I,A,C#,A,999.375,456.0
7996,E,A,0,A,"(2, 6, 9)",I,D,C#,A,999.5,456.0
7997,A,A,1,A,"(2, 6, 9)",I,D,C#,A,999.625,456.0
7998,A,A,2,A,"(2, 6, 9)",I,D,C#,A,999.75,456.0
7999,A,A,2,A,"(2, 6, 9)",I,D,C#,A,999.875,456.0
8000,A,A,3,A,"(2, 6, 9)",IV,D,A,A,1000.0,456.0
8001,A,A,3,A,"(2, 6, 9)",IV,D,A,A,1000.125,456.0
8002,A,A,3,A,"(2, 6, 9)",IV,D,A,A,1000.25,456.0
8003,A,A,3,A,"(2, 6, 9)",IV,D,A,A,1000.375,456.0
8004,A,D,0,A,"(2, 6, 9)",IV,D,F#,A,1000.5,456.0
8005,A,D,1,A,"(2, 6, 9)",IV,D,F#,A,1000.625,456.0
8006,A,D,2,A,"(2, 6, 9)",IV,D,F#,A,1000.75,456.0
8007,A,D,2,A,"(2, 6, 9)",IV,D,F#,A,1000.875,456.0
8008,E,C#,0,A,"(1, 4, 9)",I,A,E,A,1001.0,457.0
8009,E,C#,1,A,"(1, 4, 9)",I,A,E,A,1001.125,457.0
8010,E,C#,2,A,"(1, 4, 9)",I,A,E,A,1001.25,457.0
8011,E,C#,2,A,"(1, 4, 9)",I,A,E,A,1001.375,457.0
8012,E,C#,3,A,"(1, 4, 9)",I,A,E,A,1001.5,457.0
8013,E,C#,3,A,"(1, 4, 9)",I,A,E,A,1001.625,457.0
8014,E,C#,3,A,"(1, 4, 9)",I,A,E,A,1001.75,457.0
8015,E,C#,3,A,"(1, 4, 9)",I,A,E,A,1001.875,457.0
8016,A,C#,4,A,"(1, 4, 9)",I,A,E,A,1002.0,457.0
8017,A,C#,4,A,"(1, 4, 9)",I,A,E,A,1002.125,457.0
8018,A,C#,4,A,"(1, 4, 9)",I,A,E,A,1002.25,457.0
8019,A,C#,4,A,"(1, 4, 9)",I,A,E,A,1002.375,457.0
8020,G#,E,0,A,"(2, 4, 8, 11)",V7,G#,D,A,1002.5,457.0
8021,G#,E,1,A,"(2, 4, 8, 11)",V7,G#,D,A,1002.625,457.0
8022,G#,E,2,A,"(2, 4, 8, 11)",V7,G#,D,A,1002.75,457.0
8023,G#,E,2,A,"(2, 4, 8, 11)",V7,G#,D,A,1002.875,457.0
8024,B,E,3,A,"(2, 4, 8, 11)",V7,D,G#,A,1003.0,457.0
8025,B,E,3,A,"(2, 4, 8, 11)",V7,D,G#,A,1003.125,457.0
8026,B,E,3,A,"(2, 4, 8, 11)",V7,D,G#,A,1003.25,457.0
8027,B,E,3,A,"(2, 4, 8, 11)",V7,D,G#,A,1003.375,457.0
8028,B,E,4,A,"(2, 4, 8, 11)",V7,D,G#,A,1003.5,457.0
8029,B,E,4,A,"(2, 4, 8, 11)",V7,D,G#,A,1003.625,457.0
8030,B,E,4,A,"(2, 4, 8, 11)",V7,D,G#,A,1003.75,457.0
8031,B,E,4,A,"(2, 4, 8, 11)",V7,D,G#,A,1003.875,457.0
8032,E,A,0,A,"(1, 4, 9)",I,A,C#,A,1004.0,458.0
8033,E,A,1,A,"(1, 4, 9)",I,A,C#,A,1004.125,458.0
8034,E,A,2,A,"(1, 4, 9)",I,A,C#,A,1004.25,458.0
8035,E,A,2,A,"(1, 4, 9)",I,A,C#,A,1004.375,458.0
8036,E,A,3,A,"(1, 4, 9)",I,A,C#,A,1004.5,458.0
8037,E,A,3,A,"(1, 4, 9)",I,A,C#,A,1004.625,458.0
8038,E,A,3,A,"(1, 4, 9)",I,A,C#,A,1004.75,458.0
8039,E,A,3,A,"(1, 4, 9)",I,A,C#,A,1004.875,458.0
8040,E,A,4,A,"(1, 4, 9)",I,A,C#,A,1005.0,458.0
8041,E,A,4,A,"(1, 4, 9)",I,A,C#,A,1005.125,458.0
8042,E,A,4,A,"(1, 4, 9)",I,A,C#,A,1005.25,458.0
8043,E,A,4,A,"(1, 4, 9)",I,A,C#,A,1005.375,458.0
8044,E,A,0,A,"(1, 4, 9)",I,A,C#,A,1005.5,458.0
8045,E,A,1,A,"(1, 4, 9)",I,A,C#,A,1005.625,458.0
8046,E,A,2,A,"(1, 4, 9)",I,A,C#,A,1005.75,458.0
8047,E,A,2,A,"(1, 4, 9)",I,A,C#,A,1005.875,458.0
8048,E,A,3,A,"(1, 4, 9)",I,A,C#,A,1006.0,458.0
8049,E,A,3,A,"(1, 4, 9)",I,A,C#,A,1006.125,458.0
8050,E,A,3,A,"(1, 4, 9)",I,A,C#,A,1006.25,458.0
8051,E,A,3,A,"(1, 4, 9)",I,A,C#,A,1006.375,458.0
8052,E,A,4,A,"(1, 4, 9)",I,A,C#,A,1006.5,458.0
8053,E,A,4,A,"(1, 4, 9)",I,A,C#,A,1006.625,458.0
8054,E,A,4,A,"(1, 4, 9)",I,A,C#,A,1006.75,458.0
8055,E,A,4,A,"(1, 4, 9)",I,A,C#,A,1006.875,458.0
8056,E,A,0,A,"(1, 4, 9)",I,A,C#,A,1007.0,459.0
8057,E,A,1,A,"(1, 4, 9)",I,A,C#,A,1007.125,459.0
8058,E,A,2,A,"(1, 4, 9)",I,A,C#,A,1007.25,459.0
8059,E,A,2,A,"(1, 4, 9)",I,A,C#,A,1007.375,459.0
8060,E,A,3,A,"(1, 4, 9)",I,A,C#,A,1007.5,459.0
8061,E,A,3,A,"(1, 4, 9)",I,A,C#,A,1007.625,459.0
8062,E,A,3,A,"(1, 4, 9)",I,A,C#,A,1007.75,459.0
8063,E,A,3,A,"(1, 4, 9)",I,A,C#,A,1007.875,459.0
8064,E,A,4,A,"(1, 4, 9)",I,A,C#,A,1008.0,459.0
8065,E,A,4,A,"(1, 4, 9)",I,A,C#,A,1008.125,459.0
8066,E,A,4,A,"(1, 4, 9)",I,A,C#,A,1008.25,459.0
8067,E,A,4,A,"(1, 4, 9)",I,A,C#,A,1008.375,459.0
8068,E,A,4,A,"(1, 4, 9)",I,A,C#,A,1008.5,459.0
8069,E,A,4,A,"(1, 4, 9)",I,A,C#,A,1008.625,459.0
8070,E,A,4,A,"(1, 4, 9)",I,A,C#,A,1008.75,459.0
8071,E,A,4,A,"(1, 4, 9)",I,A,C#,A,1008.875,459.0
8072,E,A,5,A,"(1, 4, 9)",I,A,C#,A,1009.0,459.0
8073,E,A,5,A,"(1, 4, 9)",I,A,C#,A,1009.125,459.0
8074,E,A,5,A,"(1, 4, 9)",I,A,C#,A,1009.25,459.0
8075,E,A,5,A,"(1, 4, 9)",I,A,C#,A,1009.375,459.0
8076,E,A,5,A,"(1, 4, 9)",I,A,C#,A,1009.5,459.0
8077,E,A,5,A,"(1, 4, 9)",I,A,C#,A,1009.625,459.0
8078,E,A,5,A,"(1, 4, 9)",I,A,C#,A,1009.75,459.0
8079,E,A,5,A,"(1, 4, 9)",I,A,C#,A,1009.875,459.0
8080,B,E,0,A,"(4, 8, 11)",V,E,G#,A,1010.0,459.0
8081,B,E,1,A,"(4, 8, 11)",V,E,G#,A,1010.125,459.0
8082,B,E,2,A,"(4, 8, 11)",V,E,G#,A,1010.25,459.0
8083,B,E,2,A,"(4, 8, 11)",V,E,G#,A,1010.375,459.0
8084,B,E,3,A,"(4, 8, 11)",V,E,G#,A,1010.5,459.0
8085,B,E,3,A,"(4, 8, 11)",V,E,G#,A,1010.625,459.0
8086,B,E,3,A,"(4, 8, 11)",V,E,G#,A,1010.75,459.0
8087,B,E,3,A,"(4, 8, 11)",V,E,G#,A,1010.875,459.0
8088,E,A,0,A,"(1, 4, 9)",I,A,C#,A,1011.0,460.0
8089,E,A,1,A,"(1, 4, 9)",I,A,C#,A,1011.125,460.0
8090,E,A,2,A,"(1, 4, 9)",I,A,C#,A,1011.25,460.0
8091,E,A,2,A,"(1, 4, 9)",I,A,C#,A,1011.375,460.0
8092,E,A,3,A,"(1, 4, 9)",I,A,C#,A,1011.5,460.0
8093,E,A,3,A,"(1, 4, 9)",I,A,C#,A,1011.625,460.0
8094,E,A,3,A,"(1, 4, 9)",I,A,C#,A,1011.75,460.0
8095,E,A,3,A,"(1, 4, 9)",I,A,C#,A,1011.875,460.0
8096,E,A,4,A,"(1, 4, 9)",I,A,C#,A,1012.0,460.0
8097,E,A,4,A,"(1, 4, 9)",I,A,C#,A,1012.125,460.0
8098,E,A,4,A,"(1, 4, 9)",I,A,C#,A,1012.25,460.0
8099,E,A,4,A,"(1, 4, 9)",I,A,C#,A,1012.375,460.0
8100,E,A,4,A,"(1, 4, 9)",I,A,C#,A,1012.5,460.0
8101,E,A,4,A,"(1, 4, 9)",I,A,C#,A,1012.625,460.0
8102,E,A,4,A,"(1, 4, 9)",I,A,C#,A,1012.75,460.0
8103,E,A,4,A,"(1, 4, 9)",I,A,C#,A,1012.875,460.0
8104,E,A,5,A,"(1, 4, 9)",I,A,C#,A,1013.0,460.0
8105,E,A,5,A,"(1, 4, 9)",I,A,C#,A,1013.125,460.0
8106,E,A,5,A,"(1, 4, 9)",I,A,C#,A,1013.25,460.0
8107,E,A,5,A,"(1, 4, 9)",I,A,C#,A,1013.375,460.0
8108,E,A,5,A,"(1, 4, 9)",I,A,C#,A,1013.5,460.0
8109,E,A,5,A,"(1, 4, 9)",I,A,C#,A,1013.625,460.0
8110,E,A,5,A,"(1, 4, 9)",I,A,C#,A,1013.75,460.0
8111,E,A,5,A,"(1, 4, 9)",I,A,C#,A,1013.875,460.0
8112,E,A,5,A,"(1, 4, 9)",I,A,C#,A,1014.0,460.0
8113,E,A,5,A,"(1, 4, 9)",I,A,C#,A,1014.125,460.0
8114,E,A,5,A,"(1, 4, 9)",I,A,C#,A,1014.25,460.0
8115,E,A,5,A,"(1, 4, 9)",I,A,C#,A,1014.375,460.0
8116,E,A,5,A,"(1, 4, 9)",I,A,C#,A,1014.5,460.0
8117,E,A,5,A,"(1, 4, 9)",I,A,C#,A,1014.625,460.0
8118,E,A,5,A,"(1, 4, 9)",I,A,C#,A,1014.75,460.0
8119,E,A,5,A,"(1, 4, 9)",I,A,C#,A,1014.875,460.0
8120,D#,A,0,A,"(3, 6, 9, 11)",V7,D#,B,A,1015.0,461.0
8121,D#,A,1,A,"(3, 6, 9, 11)",V7,E,B,A,1015.125,461.0
8122,D#,A,2,A,"(3, 6, 9, 11)",V7,E,B,A,1015.25,461.0
8123,D#,A,2,A,"(3, 6, 9, 11)",V7,E,B,A,1015.375,461.0
8124,D#,A,3,A,"(3, 6, 9, 11)",V7,E,B,A,1015.5,461.0
8125,D#,A,3,A,"(3, 6, 9, 11)",V7,E,B,A,1015.625,461.0
8126,D#,A,3,A,"(3, 6, 9, 11)",V7,E,B,A,1015.75,461.0
8127,D#,A,3,A,"(3, 6, 9, 11)",V7,E,B,A,1015.875,461.0
8128,D#,A,4,A,"(3, 6, 9, 11)",V7,E,B,A,1016.0,461.0
8129,D#,A,4,A,"(3, 6, 9, 11)",V7,E,B,A,1016.125,461.0
8130,D#,A,4,A,"(3, 6, 9, 11)",V7,E,B,A,1016.25,461.0
8131,D#,A,4,A,"(3, 6, 9, 11)",V7,E,B,A,1016.375,461.0
8132,D#,A,4,A,"(3, 6, 9, 11)",V7,E,B,A,1016.5,461.0
8133,D#,A,4,A,"(3, 6, 9, 11)",V7,E,B,A,1016.625,461.0
8134,D#,A,4,A,"(3, 6, 9, 11)",V7,E,B,A,1016.75,461.0
8135,D#,A,4,A,"(3, 6, 9, 11)",V7,E,B,A,1016.875,461.0
8136,E,G#,0,A,"(4, 8, 11)",V,E,B,A,1017.0,461.0
8137,D,G#,1,A,"(4, 8, 11)",V7,E,B,A,1017.125,461.0
8138,E,G#,2,A,"(2, 4, 8, 11)",V7,E,B,A,1017.25,461.0
8139,E,G#,2,A,"(2, 4, 8, 11)",V7,E,B,A,1017.375,461.0
8140,D,G#,3,A,"(2, 4, 8, 11)",V7,E,B,A,1017.5,461.0
8141,D,G#,3,A,"(2, 4, 8, 11)",V7,E,B,A,1017.625,461.0
8142,D,G#,3,A,"(2, 4, 8, 11)",V7,E,B,A,1017.75,461.0
8143,D,G#,3,A,"(2, 4, 8, 11)",V7,E,B,A,1017.875,461.0
8144,D,G#,4,A,"(2, 4, 8, 11)",V7,E,B,A,1018.0,461.0
8145,D,G#,4,A,"(2, 4, 8, 11)",V7,E,B,A,1018.125,461.0
8146,D,G#,4,A,"(2, 4, 8, 11)",V7,E,B,A,1018.25,461.0
8147,D,G#,4,A,"(2, 4, 8, 11)",V7,E,B,A,1018.375,461.0
8148,D,G#,4,A,"(2, 4, 8, 11)",V7,E,B,A,1018.5,461.0
8149,D,G#,4,A,"(2, 4, 8, 11)",V7,E,B,A,1018.625,461.0
8150,D,G#,4,A,"(2, 4, 8, 11)",V7,E,B,A,1018.75,461.0
8151,D,G#,4,A,"(2, 4, 8, 11)",V7,E,B,A,1018.875,461.0
8152,E,A,0,A,"(1, 4, 9)",I,A,C#,A,1019.0,462.0
8153,E,A,1,A,"(1, 4, 9)",I,A,C#,A,1019.125,462.0
8154,E,A,2,A,"(1, 4, 9)",I,A,C#,A,1019.25,462.0
8155,E,A,2,A,"(1, 4, 9)",I,A,C#,A,1019.375,462.0
8156,E,A,3,A,"(1, 4, 9)",I,A,C#,A,1019.5,462.0
8157,E,A,3,A,"(1, 4, 9)",I,A,C#,A,1019.625,462.0
8158,E,A,3,A,"(1, 4, 9)",I,A,C#,A,1019.75,462.0
8159,E,A,3,A,"(1, 4, 9)",I,A,C#,A,1019.875,462.0
8160,E,A,4,A,"(1, 4, 9)",I,A,C#,A,1020.0,462.0
8161,E,A,4,A,"(1, 4, 9)",I,A,C#,A,1020.125,462.0
8162,E,A,4,A,"(1, 4, 9)",I,A,C#,A,1020.25,462.0
8163,E,A,4,A,"(1, 4, 9)",I,A,C#,A,1020.375,462.0
8164,E,A,4,A,"(1, 4, 9)",I,A,C#,A,1020.5,462.0
8165,E,A,4,A,"(1, 4, 9)",I,A,C#,A,1020.625,462.0
8166,E,A,4,A,"(1, 4, 9)",I,A,C#,A,1020.75,462.0
8167,E,A,4,A,"(1, 4, 9)",I,A,C#,A,1020.875,462.0
8168,B,B,0,A,"(2, 4, 8, 11)",V7,E,G#,A,1021.0,462.0
8169,E,E,1,A,"(2, 4, 8, 11)",V7,G#,G#,A,1021.125,462.0
8170,E,E,2,A,"(2, 4, 8, 11)",V7,G#,G#,A,1021.25,462.0
8171,E,E,2,A,"(2, 4, 8, 11)",V7,G#,G#,A,1021.375,462.0
8172,B,E,3,A,"(2, 4, 8, 11)",V7,D,G#,A,1021.5,462.0
8173,B,E,3,A,"(2, 4, 8, 11)",V7,D,G#,A,1021.625,462.0
8174,B,E,3,A,"(2, 4, 8, 11)",V7,D,G#,A,1021.75,462.0
8175,B,E,3,A,"(2, 4, 8, 11)",V7,D,G#,A,1021.875,462.0
8176,E,A,0,A,"(1, 4, 9)",I,A,C#,A,1022.0,462.0
8177,E,A,1,A,"(1, 4, 9)",I,A,C#,A,1022.125,462.0
8178,E,A,2,A,"(1, 4, 9)",I,A,C#,A,1022.25,462.0
8179,E,A,2,A,"(1, 4, 9)",I,A,C#,A,1022.375,462.0
8180,E,A,3,A,"(1, 4, 9)",I,A,A,A,1022.5,462.0
8181,C#,A,3,A,"(1, 4, 9)",I,A,A,A,1022.625,462.0
8182,C#,A,3,A,"(1, 4, 9)",I,A,A,A,1022.75,462.0
8183,C#,A,3,A,"(1, 4, 9)",I,A,A,A,1022.875,462.0
8184,B,E,0,A,"(4, 8, 11)",V,E,G#,A,1023.0,463.0
8185,B,E,1,A,"(4, 8, 11)",V,E,G#,A,1023.125,463.0
8186,B,E,2,A,"(4, 8, 11)",V,E,G#,A,1023.25,463.0
8187,B,E,2,A,"(4, 8, 11)",V,E,G#,A,1023.375,463.0
8188,B,E,3,A,"(4, 8, 11)",V,E,G#,A,1023.5,463.0
8189,B,E,3,A,"(4, 8, 11)",V,E,G#,A,1023.625,463.0
8190,B,E,3,A,"(4, 8, 11)",V,E,G#,A,1023.75,463.0
8191,B,E,3,A,"(4, 8, 11)",V,E,G#,A,1023.875,463.0
8192,B,E,4,A,"(4, 8, 11)",V,E,G#,A,1024.0,463.0
8193,B,E,4,A,"(4, 8, 11)",V,E,G#,A,1024.125,463.0
8194,B,E,4,A,"(4, 8, 11)",V,E,G#,A,1024.25,463.0
8195,B,E,4,A,"(4, 8, 11)",V,E,G#,A,1024.375,463.0
8196,B,E,4,A,"(4, 8, 11)",V,E,G#,A,1024.5,463.0
8197,B,E,4,A,"(4, 8, 11)",V,E,G#,A,1024.625,463.0
8198,B,E,4,A,"(4, 8, 11)",V,E,G#,A,1024.75,463.0
8199,B,E,4,A,"(4, 8, 11)",V,E,G#,A,1024.875,463.0
8200,B,E,5,A,"(4, 8, 11)",V,E,G#,A,1025.0,463.0
8201,B,E,5,A,"(4, 8, 11)",V,E,G#,A,1025.125,463.0
8202,B,E,5,A,"(4, 8, 11)",V,E,G#,A,1025.25,463.0
8203,B,E,5,A,"(4, 8, 11)",V,E,G#,A,1025.375,463.0
8204,B,E,5,A,"(4, 8, 11)",V,E,G#,A,1025.5,463.0
8205,B,E,5,A,"(4, 8, 11)",V,E,G#,A,1025.625,463.0
8206,B,E,5,A,"(4, 8, 11)",V,E,G#,A,1025.75,463.0
8207,B,E,5,A,"(4, 8, 11)",V,E,G#,A,1025.875,463.0
8208,B,E,5,A,"(4, 8, 11)",V,E,G#,A,1026.0,463.0
8209,B,E,5,A,"(4, 8, 11)",V,E,G#,A,1026.125,463.0
8210,B,E,5,A,"(4, 8, 11)",V,E,G#,A,1026.25,463.0
8211,B,E,5,A,"(4, 8, 11)",V,E,G#,A,1026.375,463.0
8212,B,E,5,A,"(4, 8, 11)",V,E,G#,A,1026.5,463.0
8213,B,E,5,A,"(4, 8, 11)",V,E,G#,A,1026.625,463.0
8214,B,E,5,A,"(4, 8, 11)",V,E,G#,A,1026.75,463.0
8215,B,E,5,A,"(4, 8, 11)",V,E,G#,A,1026.875,463.0
8216,E,A,0,A,"(1, 4, 9)",I,A,C#,A,1027.0,464.0
8217,E,A,1,A,"(1, 4, 9)",I,A,C#,A,1027.125,464.0
8218,E,A,2,A,"(1, 4, 9)",I,A,C#,A,1027.25,464.0
8219,E,A,2,A,"(1, 4, 9)",I,A,C#,A,1027.375,464.0
8220,E,A,3,A,"(1, 4, 9)",I,A,C#,A,1027.5,464.0
8221,E,A,3,A,"(1, 4, 9)",I,A,C#,A,1027.625,464.0
8222,E,A,3,A,"(1, 4, 9)",I,A,C#,A,1027.75,464.0
8223,E,A,3,A,"(1, 4, 9)",I,A,C#,A,1027.875,464.0
8224,E,A,4,A,"(1, 4, 9)",I,A,C#,A,1028.0,464.0
8225,E,A,4,A,"(1, 4, 9)",I,A,C#,A,1028.125,464.0
8226,E,A,4,A,"(1, 4, 9)",I,A,C#,A,1028.25,464.0
8227,E,A,4,A,"(1, 4, 9)",I,A,C#,A,1028.375,464.0
8228,E,A,4,A,"(1, 4, 9)",I,A,C#,A,1028.5,464.0
8229,E,A,4,A,"(1, 4, 9)",I,A,C#,A,1028.625,464.0
8230,E,A,4,A,"(1, 4, 9)",I,A,C#,A,1028.75,464.0
8231,E,A,4,A,"(1, 4, 9)",I,A,C#,A,1028.875,464.0
8232,E,A,5,A,"(1, 4, 9)",I,A,C#,A,1029.0,464.0
8233,E,A,5,A,"(1, 4, 9)",I,A,C#,A,1029.125,464.0
8234,E,A,5,A,"(1, 4, 9)",I,A,C#,A,1029.25,464.0
8235,E,A,5,A,"(1, 4, 9)",I,A,C#,A,1029.375,464.0
8236,E,A,5,A,"(1, 4, 9)",I,A,C#,A,1029.5,464.0
8237,E,A,5,A,"(1, 4, 9)",I,A,C#,A,1029.625,464.0
8238,E,A,5,A,"(1, 4, 9)",I,A,C#,A,1029.75,464.0
8239,E,A,5,A,"(1, 4, 9)",I,A,C#,A,1029.875,464.0
8240,E,A,5,A,"(1, 4, 9)",I,A,C#,A,1030.0,464.0
8241,E,A,5,A,"(1, 4, 9)",I,A,C#,A,1030.125,464.0
8242,E,A,5,A,"(1, 4, 9)",I,A,C#,A,1030.25,464.0
8243,E,A,5,A,"(1, 4, 9)",I,A,C#,A,1030.375,464.0
8244,E,A,5,A,"(1, 4, 9)",I,A,C#,A,1030.5,464.0
8245,E,A,5,A,"(1, 4, 9)",I,A,C#,A,1030.625,464.0
8246,E,A,5,A,"(1, 4, 9)",I,A,C#,A,1030.75,464.0
8247,E,A,5,A,"(1, 4, 9)",I,A,C#,A,1030.875,464.0
8248,D#,A,0,A,"(3, 6, 9, 11)",V7,A,B,A,1031.0,465.0
8249,D#,A,1,A,"(3, 6, 9, 11)",V7,A,B,A,1031.125,465.0
8250,D#,A,2,A,"(3, 6, 9, 11)",V7,E,B,A,1031.25,465.0
8251,D#,A,2,A,"(3, 6, 9, 11)",V7,E,B,A,1031.375,465.0
8252,D#,A,3,A,"(3, 6, 9, 11)",V7,E,B,A,1031.5,465.0
8253,D#,A,3,A,"(3, 6, 9, 11)",V7,E,B,A,1031.625,465.0
8254,D#,A,3,A,"(3, 6, 9, 11)",V7,E,B,A,1031.75,465.0
8255,D#,A,3,A,"(3, 6, 9, 11)",V7,E,B,A,1031.875,465.0
8256,D#,A,4,A,"(3, 6, 9, 11)",V7,E,B,A,1032.0,465.0
8257,D#,A,4,A,"(3, 6, 9, 11)",V7,E,B,A,1032.125,465.0
8258,D#,A,4,A,"(3, 6, 9, 11)",V7,E,B,A,1032.25,465.0
8259,D#,A,4,A,"(3, 6, 9, 11)",V7,E,B,A,1032.375,465.0
8260,D#,A,4,A,"(3, 6, 9, 11)",V7,E,B,A,1032.5,465.0
8261,B,A,4,A,"(3, 6, 9, 11)",V7,E,B,A,1032.625,465.0
8262,B,A,4,A,"(3, 6, 9, 11)",V7,E,B,A,1032.75,465.0
8263,D#,A,4,A,"(3, 6, 9, 11)",V7,E,B,A,1032.875,465.0
8264,E,G#,0,A,"(4, 8, 11)",V7,E,B,A,1033.0,465.0
8265,E,G#,1,A,"(4, 8, 11)",V7,E,B,A,1033.125,465.0
8266,E,G#,2,A,"(4, 8, 11)",V7,E,B,A,1033.25,465.0
8267,E,G#,2,A,"(4, 8, 11)",V7,E,B,A,1033.375,465.0
8268,E,G#,3,A,"(2, 4, 8, 11)",V7,E,B,A,1033.5,465.0
8269,E,G#,3,A,"(2, 4, 8, 11)",V7,E,B,A,1033.625,465.0
8270,E,G#,3,A,"(2, 4, 8, 11)",V7,E,B,A,1033.75,465.0
8271,E,G#,3,A,"(2, 4, 8, 11)",V7,E,B,A,1033.875,465.0
8272,E,G#,4,A,"(2, 4, 8, 11)",V7,E,B,A,1034.0,465.0
8273,D,G#,4,A,"(2, 4, 8, 11)",V7,E,B,A,1034.125,465.0
8274,D,G#,4,A,"(2, 4, 8, 11)",V7,E,B,A,1034.25,465.0
8275,D,G#,4,A,"(2, 4, 8, 11)",V7,E,B,A,1034.375,465.0
8276,D,G#,4,A,"(2, 4, 8, 11)",V7,E,B,A,1034.5,465.0
8277,D,G#,4,A,"(2, 4, 8, 11)",V7,E,B,A,1034.625,465.0
8278,D,G#,4,A,"(2, 4, 8, 11)",V7,E,B,A,1034.75,465.0
8279,D,G#,4,A,"(2, 4, 8, 11)",V7,E,B,A,1034.875,465.0
8280,E,A,0,A,"(1, 4, 9)",I,A,C#,A,1035.0,466.0
8281,E,A,1,A,"(1, 4, 9)",I,A,C#,A,1035.125,466.0
8282,E,A,2,A,"(1, 4, 9)",I,A,C#,A,1035.25,466.0
8283,E,A,2,A,"(1, 4, 9)",I,A,C#,A,1035.375,466.0
8284,E,A,3,A,"(1, 4, 9)",I,A,C#,A,1035.5,466.0
8285,E,A,3,A,"(1, 4, 9)",I,A,C#,A,1035.625,466.0
8286,E,A,3,A,"(1, 4, 9)",I,A,C#,A,1035.75,466.0
8287,E,A,3,A,"(1, 4, 9)",I,A,C#,A,1035.875,466.0
8288,E,A,4,A,"(1, 4, 9)",I,A,C#,A,1036.0,466.0
8289,E,A,4,A,"(1, 4, 9)",I,A,C#,A,1036.125,466.0
8290,E,A,4,A,"(1, 4, 9)",I,A,C#,A,1036.25,466.0
8291,E,A,4,A,"(1, 4, 9)",I,A,C#,A,1036.375,466.0
8292,E,A,4,A,"(1, 4, 9)",I,A,C#,A,1036.5,466.0
8293,E,A,4,A,"(1, 4, 9)",I,A,C#,A,1036.625,466.0
8294,E,A,4,A,"(1, 4, 9)",I,A,C#,A,1036.75,466.0
8295,E,A,4,A,"(1, 4, 9)",I,A,C#,A,1036.875,466.0
8296,G#,B,0,A,"(2, 4, 8, 11)",V7,G#,E,A,1037.0,466.0
8297,G#,B,1,A,"(2, 4, 8, 11)",V7,G#,D,A,1037.125,466.0
8298,G#,B,2,A,"(2, 4, 8, 11)",V7,G#,D,A,1037.25,466.0
8299,G#,B,2,A,"(2, 4, 8, 11)",V7,G#,D,A,1037.375,466.0
8300,G#,B,3,A,"(2, 4, 8, 11)",V7,G#,D,A,1037.5,466.0
8301,G#,B,3,A,"(2, 4, 8, 11)",V7,G#,D,A,1037.625,466.0
8302,G#,B,3,A,"(2, 4, 8, 11)",V7,G#,D,A,1037.75,466.0
8303,G#,B,3,A,"(2, 4, 8, 11)",V7,G#,D,A,1037.875,466.0
8304,E,A,0,A,"(1, 4, 9)",I,A,C#,A,1038.0,466.0
8305,E,A,1,A,"(1, 4, 9)",I,A,C#,A,1038.125,466.0
8306,E,A,2,A,"(1, 4, 9)",I,A,C#,A,1038.25,466.0
8307,E,A,2,A,"(1, 4, 9)",I,A,C#,A,1038.375,466.0
8308,E,A,3,A,"(1, 4, 9)",I,A,C#,A,1038.5,466.0
8309,E,A,3,A,"(1, 4, 9)",I,A,C#,A,1038.625,466.0
8310,E,A,3,A,"(1, 4, 9)",I,A,C#,A,1038.75,466.0
8311,E,A,3,A,"(1, 4, 9)",I,A,C#,A,1038.875,466.0
8312,B,E,0,A,"(4, 8, 11)",V,E,G#,A,1039.0,467.0
8313,B,E,1,A,"(4, 8, 11)",V,E,G#,A,1039.125,467.0
8314,B,E,2,A,"(4, 8, 11)",V,E,G#,A,1039.25,467.0
8315,B,E,2,A,"(4, 8, 11)",V,E,G#,A,1039.375,467.0
8316,B,E,3,A,"(4, 8, 11)",V,E,G#,A,1039.5,467.0
8317,B,E,3,A,"(4, 8, 11)",V,E,G#,A,1039.625,467.0
8318,B,E,3,A,"(4, 8, 11)",V,E,G#,A,1039.75,467.0
8319,B,E,3,A,"(4, 8, 11)",I,E,G#,A,1039.875,467.0
8320,B,D#,4,E,"(4, 8, 11)",I,E,D#,E,1040.0,467.0
8321,B,D#,4,E,"(4, 8, 11)",I,E,D#,E,1040.125,467.0
8322,B,D#,4,E,"(4, 8, 11)",I,E,D#,E,1040.25,467.0
8323,B,D#,4,E,"(4, 8, 11)",I,E,D#,E,1040.375,467.0
8324,B,D#,4,E,"(4, 8, 11)",I,E,E,E,1040.5,467.0
8325,B,D#,4,E,"(4, 8, 11)",I,E,E,E,1040.625,467.0
8326,B,D#,4,E,"(4, 8, 11)",I,E,E,E,1040.75,467.0
8327,B,D#,4,E,"(4, 8, 11)",I,E,E,E,1040.875,467.0
8328,B,D#,5,E,"(4, 8, 11)",I,E,E,E,1041.0,467.0
8329,B,D#,5,E,"(4, 8, 11)",I,E,E,E,1041.125,467.0
8330,B,D#,5,E,"(4, 8, 11)",I,E,E,E,1041.25,467.0
8331,B,D#,5,E,"(4, 8, 11)",I,E,E,E,1041.375,467.0
8332,B,D#,5,E,"(4, 8, 11)",I,E,E,E,1041.5,467.0
8333,B,D#,5,E,"(4, 8, 11)",I,E,E,E,1041.625,467.0
8334,B,D#,5,E,"(4, 8, 11)",I,E,E,E,1041.75,467.0
8335,B,D#,5,E,"(4, 8, 11)",I,E,E,E,1041.875,467.0
8336,B,D#,5,E,"(4, 8, 11)",I,E,E,E,1042.0,467.0
8337,B,D#,5,E,"(4, 8, 11)",I,E,E,E,1042.125,467.0
8338,B,D#,5,E,"(4, 8, 11)",I,E,E,E,1042.25,467.0
8339,B,D#,5,E,"(4, 8, 11)",I,E,E,E,1042.375,467.0
8340,B,E,5,E,"(4, 8, 11)",I,E,E,E,1042.5,467.0
8341,B,E,5,E,"(4, 8, 11)",I,E,E,E,1042.625,467.0
8342,B,E,5,E,"(4, 8, 11)",I,E,E,E,1042.75,467.0
8343,B,E,5,E,"(4, 8, 11)",I,E,E,E,1042.875,467.0
8344,B,D#,0,E,"(3, 6, 11)",V,B,F#,E,1043.0,468.0
8345,B,D#,1,E,"(3, 6, 11)",V,B,F#,E,1043.125,468.0
8346,B,D#,2,E,"(3, 6, 11)",V,B,F#,E,1043.25,468.0
8347,B,D#,2,E,"(3, 6, 11)",V,B,F#,E,1043.375,468.0
8348,B,D#,3,E,"(3, 6, 11)",V,B,F#,E,1043.5,468.0
8349,B,D#,3,E,"(3, 6, 11)",V,B,F#,E,1043.625,468.0
8350,B,D#,3,E,"(3, 6, 11)",V,B,F#,E,1043.75,468.0
8351,B,D#,3,E,"(3, 6, 11)",V,B,F#,E,1043.875,468.0
8352,B,D#,4,E,"(3, 6, 11)",V,B,F#,E,1044.0,468.0
8353,B,D#,4,E,"(3, 6, 11)",V,B,F#,E,1044.125,468.0
8354,B,D#,4,E,"(3, 6, 11)",V,B,F#,E,1044.25,468.0
8355,B,D#,4,E,"(3, 6, 11)",V,B,F#,E,1044.375,468.0
8356,B,D#,4,E,"(3, 6, 11)",V,B,F#,E,1044.5,468.0
8357,B,D#,4,E,"(3, 6, 11)",V,B,F#,E,1044.625,468.0
8358,B,D#,4,E,"(3, 6, 11)",V,B,F#,E,1044.75,468.0
8359,B,D#,4,E,"(3, 6, 11)",V,B,F#,E,1044.875,468.0
8360,B,D#,5,E,"(3, 6, 9, 11)",V7,B,F#,E,1045.0,468.0
8361,B,D#,5,E,"(3, 6, 9, 11)",V7,B,F#,E,1045.125,468.0
8362,B,D#,5,E,"(3, 6, 9, 11)",V7,B,F#,E,1045.25,468.0
8363,B,D#,5,E,"(3, 6, 9, 11)",V7,B,F#,E,1045.375,468.0
8364,A,D#,5,E,"(3, 6, 9, 11)",V7,B,F#,E,1045.5,468.0
8365,A,D#,5,E,"(3, 6, 9, 11)",V7,B,F#,E,1045.625,468.0
8366,A,D#,5,E,"(3, 6, 9, 11)",V7,B,F#,E,1045.75,468.0
8367,A,D#,5,E,"(3, 6, 9, 11)",V7,B,F#,E,1045.875,468.0
8368,A,D#,5,E,"(3, 6, 9, 11)",V7,B,F#,E,1046.0,468.0
8369,A,D#,5,E,"(3, 6, 9, 11)",V7,B,F#,E,1046.125,468.0
8370,A,D#,5,E,"(3, 6, 9, 11)",V7,B,F#,E,1046.25,468.0
8371,A,D#,5,E,"(3, 6, 9, 11)",V7,B,F#,E,1046.375,468.0
8372,A,D#,5,E,"(3, 6, 9, 11)",V7,B,F#,E,1046.5,468.0
8373,A,D#,5,E,"(3, 6, 9, 11)",V7,B,F#,E,1046.625,468.0
8374,A,D#,5,E,"(3, 6, 9, 11)",V7,B,F#,E,1046.75,468.0
8375,A,D#,5,E,"(3, 6, 9, 11)",V7,B,F#,E,1046.875,468.0
8376,B,E,0,E,"(4, 8, 11)",I,E,G#,E,1047.0,469.0
8377,B,E,1,E,"(4, 8, 11)",I,E,G#,E,1047.125,469.0
8378,B,E,2,E,"(4, 8, 11)",I,E,G#,E,1047.25,469.0
8379,B,E,2,E,"(4, 8, 11)",I,E,G#,E,1047.375,469.0
8380,B,E,3,E,"(4, 8, 11)",I,E,G#,E,1047.5,469.0
8381,B,E,3,E,"(4, 8, 11)",I,E,G#,E,1047.625,469.0
8382,B,E,3,E,"(4, 8, 11)",I,E,G#,E,1047.75,469.0
8383,B,E,3,E,"(4, 8, 11)",I,E,G#,E,1047.875,469.0
8384,B,E,4,E,"(4, 8, 11)",I,E,G#,E,1048.0,469.0
8385,B,E,4,E,"(4, 8, 11)",I,E,G#,E,1048.125,469.0
8386,B,E,4,E,"(4, 8, 11)",I,E,G#,E,1048.25,469.0
8387,B,E,4,E,"(4, 8, 11)",I,E,G#,E,1048.375,469.0
8388,B,E,4,E,"(4, 8, 11)",I,E,G#,E,1048.5,469.0
8389,B,E,4,E,"(4, 8, 11)",I,E,G#,E,1048.625,469.0
8390,B,E,4,E,"(4, 8, 11)",I,E,G#,E,1048.75,469.0
8391,B,E,4,E,"(4, 8, 11)",I,E,G#,E,1048.875,469.0
8392,B,E,5,E,"(4, 8, 11)",I,E,G#,E,1049.0,469.0
8393,B,E,5,E,"(4, 8, 11)",I,E,G#,E,1049.125,469.0
8394,B,E,5,E,"(4, 8, 11)",I,E,G#,E,1049.25,469.0
8395,B,E,5,E,"(4, 8, 11)",I,E,G#,E,1049.375,469.0
8396,B,E,5,E,"(4, 8, 11)",I,E,G#,E,1049.5,469.0
8397,B,E,5,E,"(4, 8, 11)",I,E,G#,E,1049.625,469.0
8398,B,E,5,E,"(4, 8, 11)",I,E,G#,E,1049.75,469.0
8399,B,E,5,E,"(4, 8, 11)",I,E,G#,E,1049.875,469.0
8400,B,E,5,E,"(4, 8, 11)",I,E,G#,E,1050.0,469.0
8401,B,E,5,E,"(4, 8, 11)",I,E,G#,E,1050.125,469.0
8402,B,E,5,E,"(4, 8, 11)",I,E,G#,E,1050.25,469.0
8403,B,E,5,E,"(4, 8, 11)",I,E,G#,E,1050.375,469.0
8404,B,E,5,E,"(4, 8, 11)",I,E,G#,E,1050.5,469.0
8405,B,E,5,E,"(4, 8, 11)",I,E,G#,E,1050.625,469.0
8406,B,E,5,E,"(4, 8, 11)",I,E,G#,E,1050.75,469.0
8407,B,E,5,E,"(4, 8, 11)",I,E,G#,E,1050.875,469.0
8408,B,D#,0,E,"(3, 6, 11)",V,B,F#,E,1051.0,470.0
8409,B,D#,1,E,"(3, 6, 11)",V7,B,F#,E,1051.125,470.0
8410,B,D#,2,E,"(3, 6, 11)",V7,B,F#,E,1051.25,470.0
8411,B,D#,2,E,"(3, 6, 11)",V7,B,F#,E,1051.375,470.0
8412,B,D#,3,E,"(3, 6, 11)",V,B,F#,E,1051.5,470.0
8413,B,D#,3,E,"(3, 6, 11)",V7,B,F#,E,1051.625,470.0
8414,B,D#,3,E,"(3, 6, 11)",V7,B,F#,E,1051.75,470.0
8415,B,D#,3,E,"(3, 6, 11)",V7,B,F#,E,1051.875,470.0
8416,B,D#,4,E,"(3, 6, 11)",V7,B,F#,E,1052.0,470.0
8417,B,D#,4,E,"(3, 6, 11)",V7,B,F#,E,1052.125,470.0
8418,B,D#,4,E,"(3, 6, 11)",V7,B,F#,E,1052.25,470.0
8419,B,D#,4,E,"(3, 6, 11)",V7,B,F#,E,1052.375,470.0
8420,B,D#,4,E,"(3, 6, 11)",V7,B,F#,E,1052.5,470.0
8421,B,D#,4,E,"(3, 6, 11)",V7,B,F#,E,1052.625,470.0
8422,B,D#,4,E,"(3, 6, 11)",V7,B,F#,E,1052.75,470.0
8423,B,D#,4,E,"(3, 6, 11)",V7,B,F#,E,1052.875,470.0
8424,B,D#,5,E,"(3, 6, 11)",V7,B,F#,E,1053.0,470.0
8425,B,D#,5,E,"(3, 6, 11)",V7,B,F#,E,1053.125,470.0
8426,B,D#,5,E,"(3, 6, 11)",V7,B,F#,E,1053.25,470.0
8427,B,D#,5,E,"(3, 6, 11)",V7,B,F#,E,1053.375,470.0
8428,B,D#,5,E,"(3, 6, 11)",V7,B,F#,E,1053.5,470.0
8429,B,D#,5,E,"(3, 6, 11)",V7,B,F#,E,1053.625,470.0
8430,B,D#,5,E,"(3, 6, 11)",V7,B,F#,E,1053.75,470.0
8431,B,D#,5,E,"(3, 6, 11)",V7,B,F#,E,1053.875,470.0
8432,B,D#,5,E,"(3, 6, 9, 11)",V7,B,F#,E,1054.0,470.0
8433,B,D#,5,E,"(3, 6, 9, 11)",V7,B,F#,E,1054.125,470.0
8434,B,D#,5,E,"(3, 6, 9, 11)",V7,B,F#,E,1054.25,470.0
8435,B,D#,5,E,"(3, 6, 9, 11)",V7,B,F#,E,1054.375,470.0
8436,B,D#,5,E,"(3, 6, 9, 11)",V7,B,F#,E,1054.5,470.0
8437,B,D#,5,E,"(3, 6, 9, 11)",V7,B,F#,E,1054.625,470.0
8438,B,D#,5,E,"(3, 6, 9, 11)",V7,B,F#,E,1054.75,470.0
8439,B,D#,5,E,"(3, 6, 9, 11)",V7,B,F#,E,1054.875,470.0
8440,B,E,0,E,"(4, 8, 11)",I,E,G#,E,1055.0,471.0
8441,B,E,1,E,"(4, 8, 11)",I,E,G#,E,1055.125,471.0
8442,B,E,2,E,"(4, 8, 11)",I,E,G#,E,1055.25,471.0
8443,B,E,2,E,"(4, 8, 11)",I,E,G#,E,1055.375,471.0
8444,B,E,3,E,"(4, 8, 11)",I,E,G#,E,1055.5,471.0
8445,B,E,3,E,"(4, 8, 11)",I,E,G#,E,1055.625,471.0
8446,B,E,3,E,"(4, 8, 11)",I,E,G#,E,1055.75,471.0
8447,B,E,3,E,"(4, 8, 11)",I,E,G#,E,1055.875,471.0
8448,B,E,4,E,"(4, 8, 11)",I,E,G#,E,1056.0,471.0
8449,B,E,4,E,"(4, 8, 11)",I,E,G#,E,1056.125,471.0
8450,B,E,4,E,"(4, 8, 11)",I,E,G#,E,1056.25,471.0
8451,B,E,4,E,"(4, 8, 11)",I,E,G#,E,1056.375,471.0
8452,B,E,4,E,"(4, 8, 11)",I,E,G#,E,1056.5,471.0
8453,B,E,4,E,"(4, 8, 11)",I,E,G#,E,1056.625,471.0
8454,B,E,4,E,"(4, 8, 11)",I,E,G#,E,1056.75,471.0
8455,B,E,4,E,"(4, 8, 11)",I,E,G#,E,1056.875,471.0
8456,B,F#,0,E,"(3, 6, 9, 11)",V7,D#,A,E,1057.0,471.0
8457,B,F#,1,E,"(3, 6, 9, 11)",V7,D#,A,E,1057.125,471.0
8458,B,F#,2,E,"(3, 6, 9, 11)",V7,D#,A,E,1057.25,471.0
8459,B,F#,2,E,"(3, 6, 9, 11)",V7,D#,A,E,1057.375,471.0
8460,B,F#,3,E,"(3, 6, 9, 11)",V7,D#,A,E,1057.5,471.0
8461,B,F#,3,E,"(3, 6, 9, 11)",V7,D#,A,E,1057.625,471.0
8462,B,F#,3,E,"(3, 6, 9, 11)",V7,D#,A,E,1057.75,471.0
8463,B,F#,3,E,"(3, 6, 9, 11)",V7,D#,A,E,1057.875,471.0
8464,E,G#,0,E,"(4, 8, 11)",I,E,B,E,1058.0,471.0
8465,E,G#,1,E,"(4, 8, 11)",I,E,B,E,1058.125,471.0
8466,E,G#,2,E,"(4, 8, 11)",I,E,B,E,1058.25,471.0
8467,E,G#,2,E,"(4, 8, 11)",I,E,B,E,1058.375,471.0
8468,E,G#,3,E,"(4, 8, 11)",I,E,B,E,1058.5,471.0
8469,E,G#,3,E,"(4, 8, 11)",I,E,B,E,1058.625,471.0
8470,E,G#,3,E,"(4, 8, 11)",I,E,B,E,1058.75,471.0
8471,E,G#,3,E,"(4, 8, 11)",I,E,B,E,1058.875,471.0
8472,E,A,0,E,"(1, 4, 9)",IV,A,C#,E,1059.0,472.0
8473,E,A,1,E,"(1, 4, 9)",IV,A,C#,E,1059.125,472.0
8474,E,A,2,E,"(1, 4, 9)",IV,A,C#,E,1059.25,472.0
8475,E,A,2,E,"(1, 4, 9)",IV,A,C#,E,1059.375,472.0
8476,E,A,3,E,"(1, 4, 9)",IV,A,C#,E,1059.5,472.0
8477,E,A,3,E,"(1, 4, 9)",IV,A,C#,E,1059.625,472.0
8478,E,A,3,E,"(1, 4, 9)",IV,A,C#,E,1059.75,472.0
8479,E,A,3,E,"(1, 4, 9)",IV,A,C#,E,1059.875,472.0
8480,F#,A,4,E,"(1, 4, 6, 9)",ii,F#,C#,E,1060.0,472.0
8481,F#,A,4,E,"(1, 4, 6, 9)",ii,F#,C#,E,1060.125,472.0
8482,F#,A,4,E,"(1, 4, 6, 9)",ii,F#,C#,E,1060.25,472.0
8483,F#,A,4,E,"(1, 4, 6, 9)",ii,F#,C#,E,1060.375,472.0
8484,E,A,4,E,"(1, 4, 6, 9)",ii,A,C#,E,1060.5,472.0
8485,E,A,4,E,"(1, 4, 6, 9)",ii,A,C#,E,1060.625,472.0
8486,E,A,4,E,"(1, 4, 6, 9)",ii,A,C#,E,1060.75,472.0
8487,E,A,4,E,"(1, 4, 6, 9)",ii,A,C#,E,1060.875,472.0
8488,F#,B,0,E,"(3, 6, 11)",V,A,D#,E,1061.0,472.0
8489,F#,B,1,E,"(3, 6, 11)",V,A,D#,E,1061.125,472.0
8490,F#,B,2,E,"(3, 6, 11)",V,A,D#,E,1061.25,472.0
8491,F#,B,2,E,"(3, 6, 11)",V,A,D#,E,1061.375,472.0
8492,F#,B,3,E,"(3, 6, 11)",V,A,D#,E,1061.5,472.0
8493,F#,B,3,E,"(3, 6, 11)",V,A,D#,E,1061.625,472.0
8494,F#,B,3,E,"(3, 6, 11)",V,A,D#,E,1061.75,472.0
8495,F#,B,3,E,"(3, 6, 11)",V,A,D#,E,1061.875,472.0
8496,F#,B,4,E,"(3, 6, 9, 11)",V7,A,D#,E,1062.0,472.0
8497,F#,B,4,E,"(3, 6, 9, 11)",V7,A,D#,E,1062.125,472.0
8498,F#,B,4,E,"(3, 6, 9, 11)",V7,A,D#,E,1062.25,472.0
8499,F#,B,4,E,"(3, 6, 9, 11)",V7,A,D#,E,1062.375,472.0
8500,F#,B,4,E,"(3, 6, 9, 11)",V7,A,D#,E,1062.5,472.0
8501,F#,B,4,E,"(3, 6, 9, 11)",V7,A,D#,E,1062.625,472.0
8502,F#,B,4,E,"(3, 6, 9, 11)",V7,A,D#,E,1062.75,472.0
8503,F#,B,4,E,"(3, 6, 9, 11)",V7,A,D#,E,1062.875,472.0
8504,B,E,0,E,"(4, 8, 11)",I,E,G#,E,1063.0,473.0
8505,B,E,1,E,"(4, 8, 11)",I,E,G#,E,1063.125,473.0
8506,B,E,2,E,"(4, 8, 11)",I,E,G#,E,1063.25,473.0
8507,B,E,2,E,"(4, 8, 11)",I,E,G#,E,1063.375,473.0
8508,B,E,3,E,"(4, 8, 11)",I,E,G#,E,1063.5,473.0
8509,B,E,3,E,"(4, 8, 11)",I,E,G#,E,1063.625,473.0
8510,B,E,3,E,"(4, 8, 11)",I,E,G#,E,1063.75,473.0
8511,B,E,3,E,"(4, 8, 11)",I,E,G#,E,1063.875,473.0
8512,B,E,4,E,"(4, 8, 11)",I,E,G#,E,1064.0,473.0
8513,B,E,4,E,"(4, 8, 11)",I,E,G#,E,1064.125,473.0
8514,B,E,4,E,"(4, 8, 11)",I,E,G#,E,1064.25,473.0
8515,B,E,4,E,"(4, 8, 11)",I,E,G#,E,1064.375,473.0
8516,B,E,4,E,"(4, 8, 11)",I,E,G#,E,1064.5,473.0
8517,B,E,4,E,"(4, 8, 11)",I,E,G#,E,1064.625,473.0
8518,B,E,4,E,"(4, 8, 11)",I,E,G#,E,1064.75,473.0
8519,B,E,4,E,"(4, 8, 11)",I,E,G#,E,1064.875,473.0
8520,B,E,5,E,"(4, 8, 11)",V,E,G#,E,1065.0,473.0
8521,B,E,5,E,"(4, 8, 11)",V,E,G#,E,1065.125,473.0
8522,B,E,5,E,"(4, 8, 11)",V,E,G#,E,1065.25,473.0
8523,B,E,5,E,"(4, 8, 11)",V,E,G#,E,1065.375,473.0
8524,B,E,5,E,"(4, 8, 11)",V,E,G#,E,1065.5,473.0
8525,B,E,5,E,"(4, 8, 11)",V,E,G#,E,1065.625,473.0
8526,B,E,5,E,"(4, 8, 11)",V,E,G#,E,1065.75,473.0
8527,B,E,5,E,"(4, 8, 11)",V,E,G#,E,1065.875,473.0
8528,B,E,5,E,"(4, 8, 11)",V,E,G#,E,1066.0,473.0
8529,B,E,5,E,"(4, 8, 11)",V,E,G#,E,1066.125,473.0
8530,B,E,5,E,"(4, 8, 11)",V,E,G#,E,1066.25,473.0
8531,B,E,5,E,"(4, 8, 11)",V,E,G#,E,1066.375,473.0
8532,B,E,5,E,"(4, 8, 11)",V,E,G#,E,1066.5,473.0
8533,B,E,5,E,"(4, 8, 11)",V,E,G#,E,1066.625,473.0
8534,B,E,5,E,"(4, 8, 11)",V,E,G#,E,1066.75,473.0
8535,B,E,5,E,"(4, 8, 11)",V,E,G#,E,1066.875,473.0
8536,E,A,0,E,"(1, 4, 9)",ii7,A,C#,E,1067.0,474.0
8537,E,A,1,E,"(1, 4, 9)",ii7,A,C#,E,1067.125,474.0
8538,E,A,2,E,"(1, 4, 9)",ii7,A,C#,E,1067.25,474.0
8539,E,A,2,E,"(1, 4, 9)",ii7,A,C#,E,1067.375,474.0
8540,E,A,3,E,"(1, 4, 9)",ii7,A,C#,E,1067.5,474.0
8541,E,A,3,E,"(1, 4, 9)",ii7,A,C#,E,1067.625,474.0
8542,E,A,3,E,"(1, 4, 9)",ii7,A,C#,E,1067.75,474.0
8543,E,A,3,E,"(1, 4, 9)",ii7,A,C#,E,1067.875,474.0
8544,E,A,4,E,"(1, 4, 6, 9)",ii7,A,C#,E,1068.0,474.0
8545,E,A,4,E,"(1, 4, 6, 9)",ii7,A,C#,E,1068.125,474.0
8546,E,A,4,E,"(1, 4, 6, 9)",ii7,A,C#,E,1068.25,474.0
8547,E,A,4,E,"(1, 4, 6, 9)",ii7,A,C#,E,1068.375,474.0
8548,E,A,4,E,"(1, 4, 6, 9)",ii7,A,C#,E,1068.5,474.0
8549,E,A,4,E,"(1, 4, 6, 9)",ii7,A,C#,E,1068.625,474.0
8550,E,A,4,E,"(1, 4, 6, 9)",ii7,A,C#,E,1068.75,474.0
8551,E,A,4,E,"(1, 4, 6, 9)",ii7,A,C#,E,1068.875,474.0
8552,F#,B,0,E,"(3, 6, 11)",V,A,D#,E,1069.0,474.0
8553,F#,B,1,E,"(3, 6, 11)",V,A,D#,E,1069.125,474.0
8554,F#,B,2,E,"(3, 6, 11)",V,A,D#,E,1069.25,474.0
8555,F#,B,2,E,"(3, 6, 11)",V,A,D#,E,1069.375,474.0
8556,F#,B,3,E,"(3, 6, 11)",V,A,D#,E,1069.5,474.0
8557,F#,B,3,E,"(3, 6, 11)",V,A,D#,E,1069.625,474.0
8558,F#,B,3,E,"(3, 6, 11)",V,A,D#,E,1069.75,474.0
8559,F#,B,3,E,"(3, 6, 11)",V,A,D#,E,1069.875,474.0
8560,F#,B,4,E,"(3, 6, 9, 11)",V,A,D#,E,1070.0,474.0
8561,F#,B,4,E,"(3, 6, 9, 11)",V,A,D#,E,1070.125,474.0
8562,F#,B,4,E,"(3, 6, 9, 11)",V,A,D#,E,1070.25,474.0
8563,F#,B,4,E,"(3, 6, 9, 11)",V,A,D#,E,1070.375,474.0
8564,F#,B,4,E,"(3, 6, 9, 11)",V7,A,D#,E,1070.5,474.0
8565,F#,B,4,E,"(3, 6, 9, 11)",V7,A,D#,E,1070.625,474.0
8566,F#,B,4,E,"(3, 6, 9, 11)",V7,A,D#,E,1070.75,474.0
8567,F#,B,4,E,"(3, 6, 9, 11)",V7,A,D#,E,1070.875,474.0
8568,B,E,0,E,"(4, 8, 11)",I,E,G#,E,1071.0,475.0
8569,B,E,1,E,"(4, 8, 11)",I,E,G#,E,1071.125,475.0
8570,B,E,2,E,"(4, 8, 11)",I,E,G#,E,1071.25,475.0
8571,B,E,2,E,"(4, 8, 11)",I,E,G#,E,1071.375,475.0
8572,B,E,3,E,"(4, 8, 11)",I,E,G#,E,1071.5,475.0
8573,B,E,3,E,"(4, 8, 11)",I,E,G#,E,1071.625,475.0
8574,B,E,3,E,"(4, 8, 11)",I,E,G#,E,1071.75,475.0
8575,B,E,3,E,"(4, 8, 11)",I,E,G#,E,1071.875,475.0
8576,B,E,4,E,"(4, 8, 11)",I,E,G#,E,1072.0,475.0
8577,B,E,4,E,"(4, 8, 11)",I,E,G#,E,1072.125,475.0
8578,B,E,4,E,"(4, 8, 11)",I,E,G#,E,1072.25,475.0
8579,B,E,4,E,"(4, 8, 11)",I,E,G#,E,1072.375,475.0
8580,B,E,4,E,"(4, 8, 11)",I,E,G#,E,1072.5,475.0
8581,B,E,4,E,"(4, 8, 11)",I,E,G#,E,1072.625,475.0
8582,B,E,4,E,"(4, 8, 11)",I,E,G#,E,1072.75,475.0
8583,B,E,4,E,"(4, 8, 11)",I,E,G#,E,1072.875,475.0
8584,B,E,5,E,"(4, 8, 11)",I,E,G#,E,1073.0,475.0
8585,B,E,5,E,"(4, 8, 11)",I,E,G#,E,1073.125,475.0
8586,B,E,5,E,"(4, 8, 11)",I,E,G#,E,1073.25,475.0
8587,B,E,5,E,"(4, 8, 11)",I,E,G#,E,1073.375,475.0
8588,B,E,5,E,"(4, 8, 11)",I,E,G#,E,1073.5,475.0
8589,B,E,5,E,"(4, 8, 11)",I,E,G#,E,1073.625,475.0
8590,B,E,5,E,"(4, 8, 11)",I,E,G#,E,1073.75,475.0
8591,B,E,5,E,"(4, 8, 11)",I,E,G#,E,1073.875,475.0
8592,B,E,5,E,"(4, 8, 11)",I,E,G#,E,1074.0,475.0
8593,B,E,5,E,"(4, 8, 11)",I,E,G#,E,1074.125,475.0
8594,B,E,5,E,"(4, 8, 11)",I,E,G#,E,1074.25,475.0
8595,B,E,5,E,"(4, 8, 11)",I,E,G#,E,1074.375,475.0
8596,B,E,5,E,"(4, 8, 11)",I,E,G#,E,1074.5,475.0
8597,B,E,5,E,"(4, 8, 11)",I,E,G#,E,1074.625,475.0
8598,B,E,5,E,"(4, 8, 11)",I,E,G#,E,1074.75,475.0
8599,B,E,5,E,"(4, 8, 11)",I,E,G#,E,1074.875,475.0
8600,E,A,0,E,"(1, 4, 9)",IV,A,C#,E,1075.0,476.0
8601,E,A,1,E,"(1, 4, 9)",IV,A,C#,E,1075.125,476.0
8602,E,A,2,E,"(1, 4, 9)",IV,A,C#,E,1075.25,476.0
8603,E,A,2,E,"(1, 4, 9)",IV,A,C#,E,1075.375,476.0
8604,E,A,3,E,"(1, 4, 9)",IV,A,C#,E,1075.5,476.0
8605,E,A,3,E,"(1, 4, 9)",IV,A,C#,E,1075.625,476.0
8606,E,A,3,E,"(1, 4, 9)",IV,A,C#,E,1075.75,476.0
8607,E,A,3,E,"(1, 4, 9)",IV,A,C#,E,1075.875,476.0
8608,E,A,4,E,"(1, 4, 9)",ii7,A,C#,E,1076.0,476.0
8609,E,A,4,E,"(1, 4, 9)",ii7,A,C#,E,1076.125,476.0
8610,E,A,4,E,"(1, 4, 9)",ii7,A,C#,E,1076.25,476.0
8611,E,A,4,E,"(1, 4, 9)",ii7,A,C#,E,1076.375,476.0
8612,E,A,4,E,"(1, 4, 9)",ii7,A,C#,E,1076.5,476.0
8613,E,A,4,E,"(1, 4, 9)",ii7,A,C#,E,1076.625,476.0
8614,E,A,4,E,"(1, 4, 9)",ii7,A,C#,E,1076.75,476.0
8615,E,A,4,E,"(1, 4, 9)",ii7,A,C#,E,1076.875,476.0
8616,F#,B,0,E,"(3, 6, 11)",V,B,D#,E,1077.0,476.0
8617,F#,B,1,E,"(3, 6, 11)",V,B,D#,E,1077.125,476.0
8618,F#,B,2,E,"(3, 6, 11)",V,B,D#,E,1077.25,476.0
8619,F#,B,2,E,"(3, 6, 11)",V,B,D#,E,1077.375,476.0
8620,F#,B,3,E,"(3, 6, 11)",V,B,D#,E,1077.5,476.0
8621,F#,B,3,E,"(3, 6, 11)",V,B,D#,E,1077.625,476.0
8622,F#,B,3,E,"(3, 6, 11)",V,B,D#,E,1077.75,476.0
8623,F#,B,3,E,"(3, 6, 11)",V,B,D#,E,1077.875,476.0
8624,F#,B,4,E,"(3, 6, 11)",V,B,D#,E,1078.0,476.0
8625,F#,B,4,E,"(3, 6, 11)",V,B,D#,E,1078.125,476.0
8626,F#,B,4,E,"(3, 6, 11)",V,B,D#,E,1078.25,476.0
8627,F#,B,4,E,"(3, 6, 11)",V,B,D#,E,1078.375,476.0
8628,F#,B,4,E,"(3, 6, 9, 11)",V7,A,D#,E,1078.5,476.0
8629,F#,B,4,E,"(3, 6, 9, 11)",V7,A,D#,E,1078.625,476.0
8630,F#,B,4,E,"(3, 6, 9, 11)",V7,A,D#,E,1078.75,476.0
8631,F#,B,4,E,"(3, 6, 9, 11)",V7,A,D#,E,1078.875,476.0
8632,B,E,0,E,"(4, 8, 11)",I,E,G#,E,1079.0,477.0
8633,B,E,1,E,"(4, 8, 11)",I,E,G#,E,1079.125,477.0
8634,B,E,2,E,"(4, 8, 11)",I,E,G#,E,1079.25,477.0
8635,B,E,2,E,"(4, 8, 11)",I,E,G#,E,1079.375,477.0
8636,B,E,3,E,"(4, 8, 11)",I,E,G#,E,1079.5,477.0
8637,B,E,3,E,"(4, 8, 11)",I,E,G#,E,1079.625,477.0
8638,B,E,3,E,"(4, 8, 11)",I,E,G#,E,1079.75,477.0
8639,B,E,3,E,"(4, 8, 11)",I,E,G#,E,1079.875,477.0
8640,B,E,4,E,"(4, 8, 11)",I,E,G#,E,1080.0,477.0
8641,B,E,4,E,"(4, 8, 11)",I,E,G#,E,1080.125,477.0
8642,B,E,4,E,"(4, 8, 11)",I,E,G#,E,1080.25,477.0
8643,B,E,4,E,"(4, 8, 11)",I,E,G#,E,1080.375,477.0
8644,B,E,4,E,"(4, 8, 11)",I,E,G#,E,1080.5,477.0
8645,B,E,4,E,"(4, 8, 11)",I,E,G#,E,1080.625,477.0
8646,B,E,4,E,"(4, 8, 11)",I,E,G#,E,1080.75,477.0
8647,B,E,4,E,"(4, 8, 11)",I,E,G#,E,1080.875,477.0
8648,B,E,5,E,"(4, 8, 11)",I,E,G#,E,1081.0,477.0
8649,B,E,5,E,"(4, 8, 11)",I,E,G#,E,1081.125,477.0
8650,B,E,5,E,"(4, 8, 11)",I,E,G#,E,1081.25,477.0
8651,B,E,5,E,"(4, 8, 11)",I,E,G#,E,1081.375,477.0
8652,B,E,5,E,"(4, 8, 11)",I,E,G#,E,1081.5,477.0
8653,B,E,5,E,"(4, 8, 11)",I,E,G#,E,1081.625,477.0
8654,B,E,5,E,"(4, 8, 11)",I,E,G#,E,1081.75,477.0
8655,B,E,5,E,"(4, 8, 11)",I,E,G#,E,1081.875,477.0
8656,B,E,5,E,"(4, 8, 11)",I,E,G#,E,1082.0,477.0
8657,B,E,5,E,"(4, 8, 11)",I,E,G#,E,1082.125,477.0
8658,B,E,5,E,"(4, 8, 11)",I,E,G#,E,1082.25,477.0
8659,B,E,5,E,"(4, 8, 11)",I,E,G#,E,1082.375,477.0
8660,B,E,5,E,"(4, 8, 11)",I,E,G#,E,1082.5,477.0
8661,B,E,5,E,"(4, 8, 11)",I,E,G#,E,1082.625,477.0
8662,B,E,5,E,"(4, 8, 11)",I,E,G#,E,1082.75,477.0
8663,B,E,5,E,"(4, 8, 11)",I,E,G#,E,1082.875,477.0
8664,E,A,0,E,"(1, 4, 9)",IV,A,C#,E,1083.0,478.0
8665,E,A,1,E,"(1, 4, 9)",IV,A,C#,E,1083.125,478.0
8666,E,A,2,E,"(1, 4, 9)",IV,A,C#,E,1083.25,478.0
8667,E,A,2,E,"(1, 4, 9)",IV,A,C#,E,1083.375,478.0
8668,E,A,3,E,"(1, 4, 9)",ii7,A,C#,E,1083.5,478.0
8669,E,A,3,E,"(1, 4, 9)",ii7,A,C#,E,1083.625,478.0
8670,E,A,3,E,"(1, 4, 9)",ii7,A,C#,E,1083.75,478.0
8671,E,A,3,E,"(1, 4, 9)",ii7,A,C#,E,1083.875,478.0
8672,E,A,4,E,"(1, 4, 9)",ii7,A,C#,E,1084.0,478.0
8673,E,A,4,E,"(1, 4, 9)",ii7,A,C#,E,1084.125,478.0
8674,E,A,4,E,"(1, 4, 9)",ii7,A,C#,E,1084.25,478.0
8675,E,A,4,E,"(1, 4, 9)",ii7,A,C#,E,1084.375,478.0
8676,E,A,4,E,"(1, 4, 9)",ii7,A,C#,E,1084.5,478.0
8677,E,A,4,E,"(1, 4, 9)",ii7,A,C#,E,1084.625,478.0
8678,E,A,4,E,"(1, 4, 9)",ii7,A,C#,E,1084.75,478.0
8679,E,A,4,E,"(1, 4, 9)",ii7,A,C#,E,1084.875,478.0
8680,D#,A,0,E,"(3, 6, 9, 11)",V7,F#,B,E,1085.0,478.0
8681,D#,A,1,E,"(3, 6, 9, 11)",V7,F#,B,E,1085.125,478.0
8682,D#,A,2,E,"(3, 6, 9, 11)",V7,F#,B,E,1085.25,478.0
8683,D#,A,2,E,"(3, 6, 9, 11)",V7,F#,B,E,1085.375,478.0
8684,D#,A,3,E,"(3, 6, 9, 11)",V7,F#,B,E,1085.5,478.0
8685,D#,A,3,E,"(3, 6, 9, 11)",V7,F#,B,E,1085.625,478.0
8686,D#,A,3,E,"(3, 6, 9, 11)",V7,F#,B,E,1085.75,478.0
8687,D#,A,3,E,"(3, 6, 9, 11)",V7,F#,B,E,1085.875,478.0
8688,D#,A,4,E,"(3, 6, 9, 11)",V7,F#,B,E,1086.0,478.0
8689,D#,A,4,E,"(3, 6, 9, 11)",V7,F#,B,E,1086.125,478.0
8690,D#,A,4,E,"(3, 6, 9, 11)",V7,F#,B,E,1086.25,478.0
8691,D#,A,4,E,"(3, 6, 9, 11)",V7,F#,B,E,1086.375,478.0
8692,D#,A,4,E,"(3, 6, 9, 11)",V7,F#,B,E,1086.5,478.0
8693,D#,A,4,E,"(3, 6, 9, 11)",V7,F#,B,E,1086.625,478.0
8694,D#,A,4,E,"(3, 6, 9, 11)",V7,F#,B,E,1086.75,478.0
8695,D#,A,4,E,"(3, 6, 9, 11)",V7,F#,B,E,1086.875,478.0
8696,E,G#,0,E,"(4, 8, 11)",I,E,B,E,1087.0,479.0
8697,E,G#,1,E,"(4, 8, 11)",I,E,B,E,1087.125,479.0
8698,E,G#,2,E,"(4, 8, 11)",I,E,B,E,1087.25,479.0
8699,E,G#,2,E,"(4, 8, 11)",I,E,B,E,1087.375,479.0
8700,E,G#,3,E,"(4, 8, 11)",I,E,B,E,1087.5,479.0
8701,E,G#,3,E,"(4, 8, 11)",I,E,B,E,1087.625,479.0
8702,E,G#,3,E,"(4, 8, 11)",I,E,B,E,1087.75,479.0
8703,E,G#,3,E,"(4, 8, 11)",I,E,B,E,1087.875,479.0
8704,E,G#,4,E,"(4, 8, 11)",I,E,B,E,1088.0,479.0
8705,E,G#,4,E,"(4, 8, 11)",I,E,B,E,1088.125,479.0
8706,E,G#,4,E,"(4, 8, 11)",I,E,B,E,1088.25,479.0
8707,E,G#,4,E,"(4, 8, 11)",I,E,B,E,1088.375,479.0
8708,E,G#,4,E,"(4, 8, 11)",I,E,B,E,1088.5,479.0
8709,E,G#,4,E,"(4, 8, 11)",I,E,B,E,1088.625,479.0
8710,E,G#,4,E,"(4, 8, 11)",I,E,B,E,1088.75,479.0
8711,E,G#,4,E,"(4, 8, 11)",I,E,B,E,1088.875,479.0
8712,A,D#,0,E,"(3, 6, 9, 11)",V7,B,F#,E,1089.0,479.0
8713,A,D#,1,E,"(3, 6, 9, 11)",V7,B,F#,E,1089.125,479.0
8714,A,D#,2,E,"(3, 6, 9, 11)",V7,B,F#,E,1089.25,479.0
8715,A,D#,2,E,"(3, 6, 9, 11)",V7,B,F#,E,1089.375,479.0
8716,A,D#,3,E,"(3, 6, 9, 11)",V7,B,F#,E,1089.5,479.0
8717,A,D#,3,E,"(3, 6, 9, 11)",V7,B,F#,E,1089.625,479.0
8718,A,D#,3,E,"(3, 6, 9, 11)",V7,B,F#,E,1089.75,479.0
8719,A,D#,3,E,"(3, 6, 9, 11)",V7,B,F#,E,1089.875,479.0
8720,A,D#,4,E,"(3, 6, 9, 11)",V7,B,F#,E,1090.0,479.0
8721,A,D#,4,E,"(3, 6, 9, 11)",V7,B,F#,E,1090.125,479.0
8722,A,D#,4,E,"(3, 6, 9, 11)",V7,B,F#,E,1090.25,479.0
8723,A,D#,4,E,"(3, 6, 9, 11)",V7,B,F#,E,1090.375,479.0
8724,A,D#,4,E,"(3, 6, 9, 11)",V7,B,F#,E,1090.5,479.0
8725,A,D#,4,E,"(3, 6, 9, 11)",V7,B,F#,E,1090.625,479.0
8726,A,D#,4,E,"(3, 6, 9, 11)",V7,B,F#,E,1090.75,479.0
8727,A,D#,4,E,"(3, 6, 9, 11)",V7,B,F#,E,1090.875,479.0
8728,B,E,0,E,"(4, 8, 11)",I,E,G#,E,1091.0,480.0
8729,B,E,1,E,"(4, 8, 11)",I,E,G#,E,1091.125,480.0
8730,B,E,2,E,"(4, 8, 11)",I,E,G#,E,1091.25,480.0
8731,B,E,2,E,"(4, 8, 11)",I,E,G#,E,1091.375,480.0
8732,B,E,3,E,"(4, 8, 11)",I,E,G#,E,1091.5,480.0
8733,B,E,3,E,"(4, 8, 11)",I,E,G#,E,1091.625,480.0
8734,B,E,3,E,"(4, 8, 11)",I,E,G#,E,1091.75,480.0
8735,B,E,3,E,"(4, 8, 11)",I,E,G#,E,1091.875,480.0
8736,B,E,4,E,"(4, 8, 11)",I,E,G#,E,1092.0,480.0
8737,B,E,4,E,"(4, 8, 11)",I,E,G#,E,1092.125,480.0
8738,B,E,4,E,"(4, 8, 11)",I,E,G#,E,1092.25,480.0
8739,B,E,4,E,"(4, 8, 11)",I,E,G#,E,1092.375,480.0
8740,B,E,4,E,"(4, 8, 11)",I,E,G#,E,1092.5,480.0
8741,B,E,4,E,"(4, 8, 11)",I,E,G#,E,1092.625,480.0
8742,B,E,4,E,"(4, 8, 11)",I,E,G#,E,1092.75,480.0
8743,B,E,4,E,"(4, 8, 11)",I,E,G#,E,1092.875,480.0
8744,F#,B,0,E,"(3, 6, 9, 11)",V7,A,D#,E,1093.0,480.0
8745,F#,B,1,E,"(3, 6, 9, 11)",V7,A,D#,E,1093.125,480.0
8746,F#,B,2,E,"(3, 6, 9, 11)",V7,A,D#,E,1093.25,480.0
8747,F#,B,2,E,"(3, 6, 9, 11)",V7,A,D#,E,1093.375,480.0
8748,F#,B,3,E,"(3, 6, 9, 11)",V7,A,D#,E,1093.5,480.0
8749,F#,B,3,E,"(3, 6, 9, 11)",V7,A,D#,E,1093.625,480.0
8750,F#,B,3,E,"(3, 6, 9, 11)",V7,A,D#,E,1093.75,480.0
8751,F#,B,3,E,"(3, 6, 9, 11)",V7,A,D#,E,1093.875,480.0
8752,F#,B,4,E,"(3, 6, 9, 11)",V7,A,D#,E,1094.0,480.0
8753,F#,B,4,E,"(3, 6, 9, 11)",V7,A,D#,E,1094.125,480.0
8754,F#,B,4,E,"(3, 6, 9, 11)",V7,A,D#,E,1094.25,480.0
8755,F#,B,4,E,"(3, 6, 9, 11)",V7,A,D#,E,1094.375,480.0
8756,F#,B,4,E,"(3, 6, 9, 11)",V7,A,D#,E,1094.5,480.0
8757,F#,B,4,E,"(3, 6, 9, 11)",V7,A,D#,E,1094.625,480.0
8758,F#,B,4,E,"(3, 6, 9, 11)",V7,A,D#,E,1094.75,480.0
8759,F#,B,4,E,"(3, 6, 9, 11)",V7,A,D#,E,1094.875,480.0
8760,F#,B,0,E,"(3, 6, 9, 11)",V7,A,D#,E,1095.0,481.0
8761,F#,B,1,E,"(3, 6, 9, 11)",V7,A,D#,E,1095.125,481.0
8762,F#,B,2,E,"(3, 6, 9, 11)",V7,A,D#,E,1095.25,481.0
8763,F#,B,2,E,"(3, 6, 9, 11)",V7,A,D#,E,1095.375,481.0
8764,F#,B,3,E,"(3, 6, 9, 11)",V7,A,D#,E,1095.5,481.0
8765,F#,B,3,E,"(3, 6, 9, 11)",V7,A,D#,E,1095.625,481.0
8766,F#,B,3,E,"(3, 6, 9, 11)",V7,A,D#,E,1095.75,481.0
8767,F#,B,3,E,"(3, 6, 9, 11)",V7,A,D#,E,1095.875,481.0
8768,F#,B,4,E,"(3, 6, 9, 11)",V7,A,D#,E,1096.0,481.0
8769,F#,B,4,E,"(3, 6, 9, 11)",V7,A,D#,E,1096.125,481.0
8770,F#,B,4,E,"(3, 6, 9, 11)",V7,A,D#,E,1096.25,481.0
8771,F#,B,4,E,"(3, 6, 9, 11)",V7,A,D#,E,1096.375,481.0
8772,F#,B,4,E,"(3, 6, 9, 11)",V7,A,D#,E,1096.5,481.0
8773,F#,B,4,E,"(3, 6, 9, 11)",V7,A,D#,E,1096.625,481.0
8774,F#,B,4,E,"(3, 6, 9, 11)",V7,A,D#,E,1096.75,481.0
8775,F#,B,4,E,"(3, 6, 9, 11)",V7,A,D#,E,1096.875,481.0
8776,F#,B,5,E,"(3, 6, 9, 11)",V7,A,D#,E,1097.0,481.0
8777,F#,B,5,E,"(3, 6, 9, 11)",V7,A,D#,E,1097.125,481.0
8778,F#,B,5,E,"(3, 6, 9, 11)",V7,A,D#,E,1097.25,481.0
8779,F#,B,5,E,"(3, 6, 9, 11)",V7,A,D#,E,1097.375,481.0
8780,F#,B,5,E,"(3, 6, 9, 11)",V7,A,D#,E,1097.5,481.0
8781,F#,B,5,E,"(3, 6, 9, 11)",V7,A,D#,E,1097.625,481.0
8782,F#,B,5,E,"(3, 6, 9, 11)",V7,A,D#,E,1097.75,481.0
8783,F#,B,5,E,"(3, 6, 9, 11)",V7,A,D#,E,1097.875,481.0
8784,F#,B,5,E,"(3, 6, 9, 11)",V7,A,D#,E,1098.0,481.0
8785,F#,B,5,E,"(3, 6, 9, 11)",V7,A,D#,E,1098.125,481.0
8786,F#,B,5,E,"(3, 6, 9, 11)",V7,A,D#,E,1098.25,481.0
8787,F#,B,5,E,"(3, 6, 9, 11)",V7,A,D#,E,1098.375,481.0
8788,F#,B,5,E,"(3, 6, 9, 11)",V7,A,D#,E,1098.5,481.0
8789,F#,B,5,E,"(3, 6, 9, 11)",V7,A,D#,E,1098.625,481.0
8790,F#,B,5,E,"(3, 6, 9, 11)",V7,A,D#,E,1098.75,481.0
8791,F#,B,5,E,"(3, 6, 9, 11)",V7,A,D#,E,1098.875,481.0
8792,B,E,0,E,"(4, 8, 11)",I,E,G#,E,1099.0,482.0
8793,B,E,1,E,"(4, 8, 11)",I,E,G#,E,1099.125,482.0
8794,B,E,2,E,"(4, 8, 11)",I,E,G#,E,1099.25,482.0
8795,B,E,2,E,"(4, 8, 11)",I,E,G#,E,1099.375,482.0
8796,B,E,3,E,"(4, 8, 11)",I,E,G#,E,1099.5,482.0
8797,B,E,3,E,"(4, 8, 11)",I,E,G#,E,1099.625,482.0
8798,B,E,3,E,"(4, 8, 11)",I,E,G#,E,1099.75,482.0
8799,B,E,3,E,"(4, 8, 11)",I,E,G#,E,1099.875,482.0
8800,B,E,4,E,"(4, 8, 11)",I,E,G#,E,1100.0,482.0
8801,B,E,4,E,"(4, 8, 11)",I,E,G#,E,1100.125,482.0
8802,B,E,4,E,"(4, 8, 11)",I,E,G#,E,1100.25,482.0
8803,B,E,4,E,"(4, 8, 11)",I,E,G#,E,1100.375,482.0
8804,B,E,4,E,"(4, 8, 11)",I,E,G#,E,1100.5,482.0
8805,B,E,4,E,"(4, 8, 11)",I,E,G#,E,1100.625,482.0
8806,B,E,4,E,"(4, 8, 11)",I,E,G#,E,1100.75,482.0
8807,B,E,4,E,"(4, 8, 11)",I,E,G#,E,1100.875,482.0
8808,B,E,5,E,"(4, 8, 11)",I,E,G#,E,1101.0,482.0
8809,B,E,5,E,"(4, 8, 11)",I,E,G#,E,1101.125,482.0
8810,B,E,5,E,"(4, 8, 11)",I,E,G#,E,1101.25,482.0
8811,B,E,5,E,"(4, 8, 11)",I,E,G#,E,1101.375,482.0
8812,B,E,5,E,"(4, 8, 11)",I,E,G#,E,1101.5,482.0
8813,B,E,5,E,"(4, 8, 11)",I,E,G#,E,1101.625,482.0
8814,B,E,5,E,"(4, 8, 11)",I,E,G#,E,1101.75,482.0
8815,B,E,5,E,"(4, 8, 11)",I,E,G#,E,1101.875,482.0
8816,B,E,5,E,"(4, 8, 11)",V7,E,G#,E,1102.0,482.0
8817,B,E,5,E,"(4, 8, 11)",V7,E,G#,E,1102.125,482.0
8818,B,E,5,E,"(4, 8, 11)",V7,E,G#,E,1102.25,482.0
8819,B,E,5,E,"(4, 8, 11)",V7,E,G#,E,1102.375,482.0
8820,B,E,5,E,"(4, 8, 11)",V7,E,G#,E,1102.5,482.0
8821,B,E,5,E,"(4, 8, 11)",V7,E,G#,E,1102.625,482.0
8822,B,E,5,E,"(4, 8, 11)",V7,E,G#,E,1102.75,482.0
8823,B,E,5,E,"(4, 8, 11)",V7,E,G#,E,1102.875,482.0
8824,B,E,0,E,"(4, 8, 11)",V7,E,G#,E,1103.0,483.0
8825,B,E,1,E,"(4, 8, 11)",V7,E,G#,E,1103.125,483.0
8826,B,E,2,E,"(4, 8, 11)",V7,E,G#,E,1103.25,483.0
8827,B,E,2,E,"(4, 8, 11)",V7,E,G#,E,1103.375,483.0
8828,B,E,3,E,"(4, 8, 11)",V7,E,G#,E,1103.5,483.0
8829,B,E,3,E,"(4, 8, 11)",V7,E,G#,E,1103.625,483.0
8830,B,E,3,E,"(4, 8, 11)",V7,E,G#,E,1103.75,483.0
8831,B,E,3,E,"(4, 8, 11)",V7,E,G#,E,1103.875,483.0
8832,B,E,4,E,"(4, 8, 11)",V7,E,G#,E,1104.0,483.0
8833,B,E,4,E,"(4, 8, 11)",V7,E,G#,E,1104.125,483.0
8834,B,E,4,E,"(4, 8, 11)",V7,E,G#,E,1104.25,483.0
8835,B,E,4,E,"(4, 8, 11)",V7,E,G#,E,1104.375,483.0
8836,B,E,4,E,"(4, 8, 11)",V7,E,G#,E,1104.5,483.0
8837,B,E,4,E,"(4, 8, 11)",V7,E,G#,E,1104.625,483.0
8838,B,E,4,E,"(4, 8, 11)",V7,E,G#,E,1104.75,483.0
8839,B,E,4,E,"(4, 8, 11)",V7,E,G#,E,1104.875,483.0
8840,B,E,5,E,"(4, 8, 11)",V7,E,G#,E,1105.0,483.0
8841,B,E,5,E,"(4, 8, 11)",V7,E,G#,E,1105.125,483.0
8842,B,E,5,E,"(4, 8, 11)",V7,E,G#,E,1105.25,483.0
8843,B,E,5,E,"(4, 8, 11)",V7,E,G#,E,1105.375,483.0
8844,B,E,5,E,"(4, 8, 11)",V7,E,G#,E,1105.5,483.0
8845,B,E,5,E,"(4, 8, 11)",V7,E,G#,E,1105.625,483.0
8846,B,E,5,E,"(4, 8, 11)",V7,E,G#,E,1105.75,483.0
8847,B,E,5,E,"(4, 8, 11)",V7,E,G#,E,1105.875,483.0
8848,B,E,5,E,"(4, 8, 11)",V7,E,G#,E,1106.0,483.0
8849,B,E,5,E,"(4, 8, 11)",V7,E,G#,E,1106.125,483.0
8850,B,E,5,E,"(4, 8, 11)",V7,E,G#,E,1106.25,483.0
8851,B,E,5,E,"(4, 8, 11)",V7,E,G#,E,1106.375,483.0
8852,B,E,5,E,"(4, 8, 11)",V7,E,G#,E,1106.5,483.0
8853,B,E,5,A,"(4, 8, 11)",V7,E,G#,E,1106.625,483.0
8854,B,E,5,A,"(4, 8, 11)",V7,E,G#,E,1106.75,483.0
8855,B,E,5,A,"(4, 8, 11)",V7,E,G#,E,1106.875,483.0
8856,E,A#,0,A,"(1, 4, 10)",viio,A#,C#,b,1107.0,484.0
8857,E,A#,1,A,"(1, 4, 10)",viio,A#,C#,b,1107.125,484.0
8858,E,A#,2,A,"(1, 4, 6, 10)",viio,A#,C#,b,1107.25,484.0
8859,E,A#,2,A,"(1, 4, 6, 10)",viio,A#,C#,b,1107.375,484.0
8860,E,A#,3,A,"(1, 4, 6, 10)",viio,A#,C#,b,1107.5,484.0
8861,E,A#,3,A,"(1, 4, 6, 10)",viio,A#,C#,b,1107.625,484.0
8862,E,A#,3,A,"(1, 4, 6, 10)",viio,A#,C#,b,1107.75,484.0
8863,E,A#,3,A,"(1, 4, 6, 10)",viio,A#,C#,b,1107.875,484.0
8864,E,A#,4,A,"(1, 4, 6, 10)",viio,A#,C#,b,1108.0,484.0
8865,E,A#,4,A,"(1, 4, 6, 10)",viio,A#,C#,b,1108.125,484.0
8866,E,A#,4,A,"(1, 4, 6, 10)",viio,A#,C#,b,1108.25,484.0
8867,E,A#,4,A,"(1, 4, 6, 10)",viio,A#,C#,b,1108.375,484.0
8868,E,A#,4,A,"(1, 4, 6, 10)",viio,A#,C#,b,1108.5,484.0
8869,E,A#,4,A,"(1, 4, 6, 10)",viio,A#,C#,b,1108.625,484.0
8870,E,A#,4,A,"(1, 4, 6, 10)",viio,A#,C#,b,1108.75,484.0
8871,E,A#,4,A,"(1, 4, 6, 10)",viio,A#,C#,b,1108.875,484.0
8872,F#,A#,5,A,"(1, 4, 6, 10)",V7,F#,C#,B,1109.0,484.0
8873,F#,A#,5,A,"(1, 4, 6, 10)",V7,F#,C#,B,1109.125,484.0
8874,F#,A#,5,A,"(1, 4, 6, 10)",V7,F#,C#,B,1109.25,484.0
8875,F#,A#,5,A,"(1, 4, 6, 10)",V7,F#,C#,B,1109.375,484.0
8876,F#,A#,3,A,"(1, 4, 6, 10)",V7,F#,C#,B,1109.5,484.0
8877,F#,A#,3,A,"(1, 4, 6, 10)",V7,F#,C#,B,1109.625,484.0
8878,F#,A#,3,A,"(1, 4, 6, 10)",V7,F#,C#,B,1109.75,484.0
8879,F#,A#,3,A,"(1, 4, 6, 10)",V7,F#,C#,B,1109.875,484.0
8880,F#,A#,4,A,"(1, 4, 6, 10)",V7,F#,C#,B,1110.0,484.0
8881,F#,A#,4,A,"(1, 4, 6, 10)",V7,F#,C#,B,1110.125,484.0
8882,F#,A#,4,A,"(1, 4, 6, 10)",V7,F#,C#,B,1110.25,484.0
8883,F#,A#,4,A,"(1, 4, 6, 10)",V7,F#,C#,B,1110.375,484.0
8884,F#,A#,4,A,"(1, 4, 6, 10)",V7,F#,C#,B,1110.5,484.0
8885,F#,A#,4,A,"(1, 4, 6, 10)",V7,F#,C#,B,1110.625,484.0
8886,F#,A#,4,A,"(1, 4, 6, 10)",V7,F#,C#,B,1110.75,484.0
8887,F#,A#,4,A,"(1, 4, 6, 10)",V7,F#,C#,B,1110.875,484.0
8888,F#,B,0,A,"(2, 6, 11)",ii,B,D,A,1111.0,485.0
8889,F#,B,1,A,"(2, 6, 11)",ii,B,D,A,1111.125,485.0
8890,F#,B,2,A,"(2, 6, 11)",ii,B,D,A,1111.25,485.0
8891,F#,B,2,A,"(2, 6, 11)",ii,B,D,A,1111.375,485.0
8892,F#,B,3,A,"(2, 6, 11)",ii,B,D,A,1111.5,485.0
8893,F#,B,3,A,"(2, 6, 11)",ii,B,D,A,1111.625,485.0
8894,F#,B,3,A,"(2, 6, 11)",ii,B,D,A,1111.75,485.0
8895,F#,B,3,A,"(2, 6, 11)",ii,B,D,A,1111.875,485.0
8896,F#,B,4,A,"(2, 6, 11)",ii,B,D,A,1112.0,485.0
8897,F#,B,4,A,"(2, 6, 11)",ii,B,D#,A,1112.125,485.0
8898,F#,B,4,A,"(2, 6, 11)",ii,B,D#,A,1112.25,485.0
8899,F#,B,4,A,"(2, 6, 11)",ii,B,D#,A,1112.375,485.0
8900,F#,B,4,A,"(2, 6, 11)",ii,B,D#,A,1112.5,485.0
8901,F#,B,4,A,"(2, 6, 11)",ii,B,D#,E,1112.625,485.0
8902,F#,B,4,A,"(2, 6, 11)",ii,B,D#,E,1112.75,485.0
8903,F#,B,4,A,"(2, 6, 11)",ii,B,D#,E,1112.875,485.0
8904,E,G#,0,A,"(4, 8, 11)",V,E,B,A,1113.0,485.0
8905,E,G#,1,A,"(4, 8, 11)",V,E,B,A,1113.125,485.0
8906,E,G#,2,A,"(4, 8, 11)",V,E,B,A,1113.25,485.0
8907,E,G#,2,A,"(4, 8, 11)",V,E,B,A,1113.375,485.0
8908,E,G#,3,A,"(4, 8, 11)",V,E,B,A,1113.5,485.0
8909,E,G#,3,A,"(4, 8, 11)",V,E,B,A,1113.625,485.0
8910,E,G#,3,A,"(4, 8, 11)",V,E,B,A,1113.75,485.0
8911,E,G#,3,A,"(4, 8, 11)",V,E,B,A,1113.875,485.0
8912,E,G#,4,A,"(4, 8, 11)",V,E,B,A,1114.0,485.0
8913,E,G#,4,A,"(4, 8, 11)",V,E,B,A,1114.125,485.0
8914,E,G#,4,A,"(4, 8, 11)",V,E,B,A,1114.25,485.0
8915,E,G#,4,A,"(4, 8, 11)",V,E,B,A,1114.375,485.0
8916,E,G#,4,A,"(4, 8, 11)",V,E,B,A,1114.5,485.0
8917,E,G#,4,A,"(4, 8, 11)",V,E,B,A,1114.625,485.0
8918,E,G#,4,A,"(4, 8, 11)",V,E,B,A,1114.75,485.0
8919,E,G#,4,A,"(4, 8, 11)",I,E,B,A,1114.875,485.0
8920,E,A,0,A,"(1, 4, 9)",I,A,C#,A,1115.0,486.0
8921,E,A,1,A,"(1, 4, 9)",I,A,C#,A,1115.125,486.0
8922,E,A,2,A,"(1, 4, 9)",I,A,C#,A,1115.25,486.0
8923,E,A,2,A,"(1, 4, 9)",I,A,C#,A,1115.375,486.0
8924,E,A,3,A,"(1, 4, 9)",I,A,C#,A,1115.5,486.0
8925,E,A,3,A,"(1, 4, 9)",I,A,C#,A,1115.625,486.0
8926,E,A,3,A,"(1, 4, 9)",I,A,C#,A,1115.75,486.0
8927,E,A,3,A,"(1, 4, 9)",I,A,C#,A,1115.875,486.0
8928,E,A,4,A,"(1, 4, 9)",I,A,C#,A,1116.0,486.0
8929,E,A,4,A,"(1, 4, 9)",I,A,C#,A,1116.125,486.0
8930,E,A,4,A,"(1, 4, 9)",I,A,C#,A,1116.25,486.0
8931,E,A,4,A,"(1, 4, 9)",I,A,C#,A,1116.375,486.0
8932,E,A,4,A,"(1, 4, 9)",I,A,C#,A,1116.5,486.0
8933,E,A,4,A,"(1, 4, 9)",I,A,C#,A,1116.625,486.0
8934,E,A,4,A,"(1, 4, 9)",I,A,C#,A,1116.75,486.0
8935,E,A,4,A,"(1, 4, 9)",I,A,C#,A,1116.875,486.0
8936,G#,B,0,A,"(2, 4, 8, 11)",V7,E,E,A,1117.0,486.0
8937,G#,B,1,A,"(2, 4, 8, 11)",V7,E,E,A,1117.125,486.0
8938,G#,B,2,A,"(2, 4, 8, 11)",V7,E,E,A,1117.25,486.0
8939,G#,B,2,A,"(2, 4, 8, 11)",V7,E,E,A,1117.375,486.0
8940,G#,B,3,A,"(2, 4, 8, 11)",V7,E,D,A,1117.5,486.0
8941,G#,B,3,A,"(2, 4, 8, 11)",V7,E,D,A,1117.625,486.0
8942,G#,B,3,A,"(2, 4, 8, 11)",V7,E,D,A,1117.75,486.0
8943,G#,B,3,A,"(2, 4, 8, 11)",V7,E,D,A,1117.875,486.0
8944,E,A,0,A,"(1, 4, 9)",I,A,C#,A,1118.0,486.0
8945,E,A,1,A,"(1, 4, 9)",I,A,C#,E,1118.125,486.0
8946,E,A,2,A,"(1, 4, 9)",I,A,C#,E,1118.25,486.0
8947,E,A,2,A,"(1, 4, 9)",I,A,C#,E,1118.375,486.0
8948,E,A,3,A,"(1, 4, 9)",I,A,C#,E,1118.5,486.0
8949,E,A,3,A,"(1, 4, 9)",I,A,C#,E,1118.625,486.0
8950,C#,A,3,A,"(1, 4, 9)",I,A,C#,E,1118.75,486.0
8951,C#,A,3,A,"(1, 4, 9)",I,A,C#,E,1118.875,486.0
8952,B,E,0,A,"(4, 8, 11)",V,E,G#,A,1119.0,487.0
8953,B,E,1,A,"(4, 8, 11)",V,E,G#,A,1119.125,487.0
8954,B,E,2,A,"(4, 8, 11)",V,E,G#,A,1119.25,487.0
8955,B,E,2,A,"(4, 8, 11)",V,E,G#,A,1119.375,487.0
8956,B,E,3,A,"(4, 8, 11)",V,E,G#,A,1119.5,487.0
8957,B,E,3,A,"(4, 8, 11)",V,E,G#,A,1119.625,487.0
8958,B,E,3,A,"(4, 8, 11)",V,E,G#,A,1119.75,487.0
8959,B,E,3,A,"(4, 8, 11)",I,E,G#,A,1119.875,487.0
8960,E,E,4,A,"(4, 8, 11)",V,E,B,A,1120.0,487.0
8961,E,E,1,A,"(4, 8, 11)",V,E,B,A,1120.125,487.0
8962,E,E,4,A,"(4, 8, 11)",V,E,B,A,1120.25,487.0
8963,E,E,4,A,"(4, 8, 11)",V,E,B,A,1120.375,487.0
8964,E,E,4,A,"(4, 8, 11)",V,E,B,A,1120.5,487.0
8965,E,E,4,A,"(4, 8, 11)",V,E,B,A,1120.625,487.0
8966,E,E,4,A,"(4, 8, 11)",V,E,B,A,1120.75,487.0
8967,E,E,4,A,"(4, 8, 11)",V,E,B,A,1120.875,487.0
8968,E,E,5,A,"(4, 8, 11)",V,E,B,A,1121.0,487.0
8969,E,E,5,A,"(4, 8, 11)",V,E,B,A,1121.125,487.0
8970,E,E,5,A,"(4, 8, 11)",V,E,B,A,1121.25,487.0
8971,E,E,5,A,"(4, 8, 11)",V,E,B,A,1121.375,487.0
8972,E,E,5,A,"(4, 8, 11)",V,E,G#,A,1121.5,487.0
8973,E,E,5,A,"(4, 8, 11)",V,E,B,A,1121.625,487.0
8974,E,E,5,A,"(4, 8, 11)",V,E,B,A,1121.75,487.0
8975,E,E,5,A,"(4, 8, 11)",V,E,B,A,1121.875,487.0
8976,E,E,5,A,"(4, 8, 11)",V,E,G#,A,1122.0,487.0
8977,E,E,5,A,"(4, 8, 11)",V,E,G#,A,1122.125,487.0
8978,E,E,5,A,"(4, 8, 11)",V,E,G#,A,1122.25,487.0
8979,E,E,5,A,"(4, 8, 11)",V,E,G#,A,1122.375,487.0
8980,E,E,5,A,"(4, 8, 11)",V,E,G#,A,1122.5,487.0
8981,E,E,5,A,"(4, 8, 11)",V,E,G#,A,1122.625,487.0
8982,E,E,5,A,"(4, 8, 11)",V,E,G#,A,1122.75,487.0
8983,E,E,5,A,"(4, 8, 11)",V,E,G#,A,1122.875,487.0
8984,E,A,0,A,"(1, 4, 9)",I,A,C#,A,1123.0,488.0
8985,E,A,1,A,"(1, 4, 9)",I,A,C#,A,1123.125,488.0
8986,E,A,2,A,"(1, 4, 9)",I,A,C#,A,1123.25,488.0
8987,E,A,2,A,"(1, 4, 9)",I,A,C#,A,1123.375,488.0
8988,E,A,3,A,"(1, 4, 9)",I,A,C#,A,1123.5,488.0
8989,E,A,3,A,"(1, 4, 9)",I,A,C#,A,1123.625,488.0
8990,E,A,3,A,"(1, 4, 9)",I,A,C#,A,1123.75,488.0
8991,E,A,3,A,"(1, 4, 9)",I,A,C#,A,1123.875,488.0
8992,E,A,4,A,"(1, 4, 9)",I,A,C#,A,1124.0,488.0
8993,E,A,4,A,"(1, 4, 9)",I,A,C#,A,1124.125,488.0
8994,E,A,4,A,"(1, 4, 9)",I,A,C#,A,1124.25,488.0
8995,E,A,4,A,"(1, 4, 9)",I,A,C#,A,1124.375,488.0
8996,E,A,4,A,"(1, 4, 9)",I,A,C#,A,1124.5,488.0
8997,E,A,4,A,"(1, 4, 9)",I,A,C#,A,1124.625,488.0
8998,E,A,4,A,"(1, 4, 9)",I,A,C#,A,1124.75,488.0
8999,E,A,4,A,"(1, 4, 9)",I,A,C#,A,1124.875,488.0
9000,E,A,5,A,"(1, 4, 9)",I,A,C#,A,1125.0,488.0
9001,E,A,5,A,"(1, 4, 9)",I,A,C#,A,1125.125,488.0
9002,E,A,5,A,"(1, 4, 9)",I,A,C#,A,1125.25,488.0
9003,E,A,5,A,"(1, 4, 9)",I,A,C#,A,1125.375,488.0
9004,E,A,5,A,"(1, 4, 9)",I,A,C#,A,1125.5,488.0
9005,E,A,5,A,"(1, 4, 9)",I,A,C#,A,1125.625,488.0
9006,E,A,5,A,"(1, 4, 9)",I,A,C#,A,1125.75,488.0
9007,E,A,5,A,"(1, 4, 9)",I,A,C#,A,1125.875,488.0
9008,E,A,5,A,"(1, 4, 9)",I,A,C#,A,1126.0,488.0
9009,E,A,5,A,"(1, 4, 9)",I,A,C#,A,1126.125,488.0
9010,E,A,5,A,"(1, 4, 9)",I,A,C#,A,1126.25,488.0
9011,E,A,5,A,"(1, 4, 9)",I,A,C#,A,1126.375,488.0
9012,E,A,5,A,"(1, 4, 9)",I,A,C#,A,1126.5,488.0
9013,E,A,5,A,"(1, 4, 9)",I,A,C#,A,1126.625,488.0
9014,E,A,5,A,"(1, 4, 9)",I,A,C#,A,1126.75,488.0
9015,E,A,5,A,"(1, 4, 9)",I,A,C#,A,1126.875,488.0
9016,D#,A,0,A,"(3, 6, 9, 11)",V7,A,B,A,1127.0,489.0
9017,D#,A,1,A,"(3, 6, 9, 11)",V7,A,B,A,1127.125,489.0
9018,D#,A,2,A,"(3, 6, 9, 11)",V7,A,B,A,1127.25,489.0
9019,D#,A,2,A,"(3, 6, 9, 11)",V7,A,B,A,1127.375,489.0
9020,D#,A,3,A,"(3, 6, 9, 11)",V7,A,B,A,1127.5,489.0
9021,D#,A,3,A,"(3, 6, 9, 11)",V7,A,B,A,1127.625,489.0
9022,D#,A,3,A,"(3, 6, 9, 11)",V7,A,B,A,1127.75,489.0
9023,D#,A,3,A,"(3, 6, 9, 11)",V7,E,B,A,1127.875,489.0
9024,D#,A,4,A,"(3, 6, 9, 11)",V7,E,B,A,1128.0,489.0
9025,D#,A,4,A,"(3, 6, 9, 11)",V7,E,B,A,1128.125,489.0
9026,D#,A,4,A,"(3, 6, 9, 11)",V7,E,B,A,1128.25,489.0
9027,D#,A,4,A,"(3, 6, 9, 11)",V7,E,B,A,1128.375,489.0
9028,D#,A,4,A,"(3, 6, 9, 11)",V7,E,B,A,1128.5,489.0
9029,D#,A,4,A,"(3, 6, 9, 11)",V7,E,B,A,1128.625,489.0
9030,D#,A,4,A,"(4, 8, 11)",V7,E,B,A,1128.75,489.0
9031,D#,A,4,A,"(4, 8, 11)",V7,E,B,A,1128.875,489.0
9032,E,G#,0,A,"(4, 8, 11)",V7,E,B,A,1129.0,489.0
9033,D,G#,1,A,"(2, 4, 8, 11)",V7,E,B,A,1129.125,489.0
9034,D,G#,2,A,"(2, 4, 8, 11)",V7,E,B,A,1129.25,489.0
9035,D,G#,2,A,"(2, 4, 8, 11)",V7,E,B,A,1129.375,489.0
9036,D,G#,3,A,"(2, 4, 8, 11)",V7,E,B,A,1129.5,489.0
9037,D,G#,3,A,"(2, 4, 8, 11)",V7,E,B,A,1129.625,489.0
9038,D,G#,3,A,"(2, 4, 8, 11)",V7,E,B,A,1129.75,489.0
9039,D,G#,3,A,"(2, 4, 8, 11)",V7,E,B,A,1129.875,489.0
9040,D,G#,4,A,"(2, 4, 8, 11)",V7,E,B,A,1130.0,489.0
9041,D,G#,4,A,"(2, 4, 8, 11)",V7,E,B,A,1130.125,489.0
9042,D,G#,4,A,"(2, 4, 8, 11)",V7,E,B,A,1130.25,489.0
9043,D,G#,4,A,"(2, 4, 8, 11)",V7,E,B,A,1130.375,489.0
9044,D,G#,4,A,"(2, 4, 8, 11)",V7,E,B,A,1130.5,489.0
9045,D,G#,4,A,"(2, 4, 8, 11)",V7,E,B,A,1130.625,489.0
9046,D,G#,4,A,"(2, 4, 8, 11)",V7,E,B,A,1130.75,489.0
9047,D,G#,4,A,"(2, 4, 8, 11)",V7,E,B,A,1130.875,489.0
9048,E,A,0,A,"(1, 4, 9)",I,A,C#,A,1131.0,490.0
9049,E,A,1,A,"(1, 4, 9)",I,A,C#,A,1131.125,490.0
9050,E,A,2,A,"(1, 4, 9)",I,A,C#,A,1131.25,490.0
9051,E,A,2,A,"(1, 4, 9)",I,A,C#,A,1131.375,490.0
9052,E,A,3,A,"(1, 4, 9)",I,A,C#,A,1131.5,490.0
9053,E,A,3,A,"(1, 4, 9)",I,A,C#,A,1131.625,490.0
9054,E,A,3,A,"(1, 4, 9)",I,A,C#,A,1131.75,490.0
9055,E,A,3,A,"(1, 4, 9)",I,A,C#,A,1131.875,490.0
9056,E,A,4,A,"(1, 4, 9)",I,A,C#,A,1132.0,490.0
9057,E,A,4,A,"(1, 4, 9)",I,A,C#,A,1132.125,490.0
9058,E,A,4,A,"(1, 4, 9)",I,A,C#,A,1132.25,490.0
9059,E,A,4,A,"(1, 4, 9)",I,A,C#,A,1132.375,490.0
9060,E,A,4,A,"(1, 4, 9)",I,A,C#,A,1132.5,490.0
9061,E,A,4,A,"(1, 4, 9)",I,A,C#,A,1132.625,490.0
9062,E,A,4,A,"(1, 4, 9)",I,A,C#,A,1132.75,490.0
9063,E,A,4,A,"(1, 4, 9)",I,A,C#,A,1132.875,490.0
9064,E,A,5,A,"(1, 4, 9)",I,A,C#,A,1133.0,490.0
9065,E,A,5,A,"(1, 4, 9)",I,A,C#,A,1133.125,490.0
9066,E,A,5,A,"(1, 4, 9)",I,A,C#,A,1133.25,490.0
9067,E,A,5,A,"(1, 4, 9)",I,A,C#,A,1133.375,490.0
9068,E,A,5,A,"(1, 4, 9)",I,A,C#,A,1133.5,490.0
9069,E,A,5,A,"(1, 4, 9)",I,A,C#,A,1133.625,490.0
9070,E,A,5,A,"(1, 4, 9)",I,A,C#,A,1133.75,490.0
9071,E,A,5,A,"(1, 4, 9)",I,A,C#,A,1133.875,490.0
9072,E,A,5,A,"(1, 4, 9)",I,A,C#,A,1134.0,490.0
9073,E,A,5,A,"(1, 4, 9)",I,A,C#,A,1134.125,490.0
9074,E,A,5,A,"(1, 4, 9)",I,A,C#,A,1134.25,490.0
9075,E,A,5,A,"(1, 4, 9)",I,A,C#,A,1134.375,490.0
9076,E,A,5,A,"(1, 4, 9)",I,A,C#,A,1134.5,490.0
9077,E,A,5,A,"(1, 4, 9)",I,A,C#,A,1134.625,490.0
9078,E,A,5,A,"(1, 4, 9)",I,A,C#,A,1134.75,490.0
9079,E,A,5,A,"(1, 4, 9)",I,A,C#,A,1134.875,490.0
9080,E,A,0,A,"(4, 8, 11)",V7,E,G#,A,1135.0,491.0
9081,E,A,1,A,"(4, 8, 11)",V7,E,G#,A,1135.125,491.0
9082,E,A,2,A,"(4, 8, 11)",V7,E,G#,A,1135.25,491.0
9083,E,A,2,A,"(4, 8, 11)",V7,E,G#,A,1135.375,491.0
9084,E,A,3,A,"(4, 8, 11)",V7,E,G#,A,1135.5,491.0
9085,E,A,3,A,"(4, 8, 11)",V7,E,G#,A,1135.625,491.0
9086,E,A,3,A,"(4, 8, 11)",V7,E,G#,A,1135.75,491.0
9087,E,A,3,A,"(4, 8, 11)",V7,E,G#,A,1135.875,491.0
9088,E,A,4,A,"(4, 8, 11)",V7,E,G#,A,1136.0,491.0
9089,E,A,4,A,"(4, 8, 11)",V7,E,G#,A,1136.125,491.0
9090,E,A,4,A,"(4, 8, 11)",V7,E,C#,A,1136.25,491.0
9091,E,A,4,A,"(4, 8, 11)",V7,E,C#,A,1136.375,491.0
9092,E,A,4,A,"(4, 8, 11)",V7,A,C#,A,1136.5,491.0
9093,E,A,4,A,"(4, 8, 11)",V7,A,C#,A,1136.625,491.0
9094,E,A,4,A,"(4, 8, 11)",V7,A,C#,A,1136.75,491.0
9095,E,A,4,A,"(4, 8, 11)",V7,A,C#,A,1136.875,491.0
9096,E,A,5,A,"(1, 4, 9)",I,A,C#,A,1137.0,491.0
9097,E,A,5,A,"(1, 4, 9)",I,A,C#,A,1137.125,491.0
9098,E,A,5,A,"(1, 4, 9)",I,A,C#,A,1137.25,491.0
9099,E,A,5,A,"(1, 4, 9)",I,A,C#,A,1137.375,491.0
9100,E,A,5,A,"(1, 4, 9)",I,A,C#,A,1137.5,491.0
9101,E,A,5,A,"(1, 4, 9)",I,A,C#,A,1137.625,491.0
9102,E,A,5,A,"(1, 4, 9)",I,A,C#,A,1137.75,491.0
9103,E,A,5,A,"(1, 4, 9)",I,A,C#,A,1137.875,491.0
9104,E,A,0,A,"(1, 4, 9)",I,A,C#,A,1138.0,491.0
9105,E,A,5,A,"(1, 4, 9)",I,A,C#,A,1138.125,491.0
9106,E,A,5,A,"(1, 4, 9)",I,A,C#,A,1138.25,491.0
9107,E,A,5,A,"(1, 4, 9)",I,A,C#,A,1138.375,491.0
9108,E,A,5,A,"(1, 4, 9)",I,A,C#,A,1138.5,491.0
9109,E,A,5,A,"(1, 4, 9)",I,A,C#,A,1138.625,491.0
9110,E,A,5,A,"(1, 4, 9)",I,A,C#,A,1138.75,491.0
9111,E,A,5,A,"(1, 4, 9)",I,A,C#,A,1138.875,491.0
9112,E,A,0,A,"(1, 4, 9)",I,A,C#,A,1139.0,492.0
9113,E,A,1,A,"(1, 4, 9)",I,A,C#,A,1139.125,492.0
9114,E,A,2,A,"(1, 4, 9)",I,A,C#,A,1139.25,492.0
9115,E,A,2,A,"(1, 4, 9)",I,A,C#,A,1139.375,492.0
9116,E,A,3,A,"(1, 4, 9)",I,A,C#,A,1139.5,492.0
9117,E,A,3,A,"(1, 4, 9)",I,A,C#,A,1139.625,492.0
9118,E,A,3,A,"(1, 4, 9)",I,A,C#,A,1139.75,492.0
9119,E,A,3,A,"(1, 4, 9)",I,A,C#,A,1139.875,492.0
9120,E,A,4,A,"(1, 4, 9)",I,A,C#,A,1140.0,492.0
9121,E,A,4,A,"(1, 4, 9)",I,A,C#,A,1140.125,492.0
9122,E,A,4,A,"(1, 4, 9)",I,A,C#,A,1140.25,492.0
9123,E,A,4,A,"(1, 4, 9)",I,A,C#,A,1140.375,492.0
9124,E,A,4,A,"(1, 4, 9)",I,A,C#,A,1140.5,492.0
9125,E,A,4,A,"(1, 4, 9)",I,A,C#,A,1140.625,492.0
9126,E,A,4,A,"(1, 4, 9)",I,A,C#,A,1140.75,492.0
9127,E,A,4,A,"(1, 4, 9)",I,A,C#,A,1140.875,492.0
9128,B,E,0,A,"(2, 4, 8, 11)",V7,D,G#,A,1141.0,492.0
9129,B,E,1,A,"(2, 4, 8, 11)",V7,D,G#,A,1141.125,492.0
9130,B,E,2,A,"(2, 4, 8, 11)",V7,D,G#,A,1141.25,492.0
9131,B,E,2,A,"(2, 4, 8, 11)",V7,D,G#,A,1141.375,492.0
9132,B,E,3,A,"(2, 4, 8, 11)",V7,D,G#,A,1141.5,492.0
9133,B,E,3,A,"(2, 4, 8, 11)",V7,D,G#,A,1141.625,492.0
9134,B,E,3,A,"(2, 4, 8, 11)",V7,D,G#,A,1141.75,492.0
9135,B,E,3,A,"(2, 4, 8, 11)",V7,D,G#,A,1141.875,492.0
9136,B,E,4,A,"(2, 4, 8, 11)",V7,D,G#,A,1142.0,492.0
9137,B,E,4,A,"(2, 4, 8, 11)",V7,D,G#,A,1142.125,492.0
9138,B,E,4,A,"(2, 4, 8, 11)",V7,D,G#,A,1142.25,492.0
9139,B,E,4,A,"(2, 4, 8, 11)",V7,D,G#,A,1142.375,492.0
9140,B,E,4,A,"(2, 4, 8, 11)",V7,D,G#,A,1142.5,492.0
9141,B,E,4,A,"(2, 4, 8, 11)",V7,D,G#,A,1142.625,492.0
9142,B,E,4,A,"(2, 4, 8, 11)",V7,D,G#,A,1142.75,492.0
9143,B,E,4,A,"(2, 4, 8, 11)",V7,D,G#,A,1142.875,492.0
9144,E,A,0,A,"(1, 4, 9)",I,A,C#,A,1143.0,493.0
9145,E,A,1,A,"(1, 4, 9)",I,A,C#,A,1143.125,493.0
9146,E,A,2,A,"(1, 4, 9)",I,A,C#,A,1143.25,493.0
9147,E,A,2,A,"(1, 4, 9)",I,A,C#,A,1143.375,493.0
9148,E,A,3,A,"(1, 4, 9)",I,A,C#,A,1143.5,493.0
9149,E,A,3,A,"(1, 4, 9)",I,A,C#,A,1143.625,493.0
9150,E,A,3,A,"(1, 4, 9)",I,A,C#,A,1143.75,493.0
9151,E,A,3,A,"(1, 4, 9)",I,A,C#,A,1143.875,493.0
9152,E,A,4,A,"(1, 4, 9)",I,A,C#,A,1144.0,493.0
9153,E,A,4,A,"(1, 4, 9)",I,A,C#,A,1144.125,493.0
9154,E,A,4,A,"(1, 4, 9)",I,A,C#,A,1144.25,493.0
9155,E,A,4,A,"(1, 4, 9)",I,A,C#,A,1144.375,493.0
9156,E,A,4,A,"(1, 4, 9)",I,A,C#,A,1144.5,493.0
9157,E,A,4,A,"(1, 4, 9)",I,A,C#,A,1144.625,493.0
9158,E,A,4,A,"(1, 4, 9)",I,A,C#,A,1144.75,493.0
9159,E,A,4,A,"(1, 4, 9)",I,A,C#,A,1144.875,493.0
9160,E,C#,0,A,"(1, 4, 9)",I,A,C#,A,1145.0,493.0
9161,E,C#,1,A,"(1, 4, 9)",I,A,C#,A,1145.125,493.0
9162,E,C#,2,A,"(1, 4, 9)",I,A,C#,A,1145.25,493.0
9163,E,C#,2,A,"(1, 4, 9)",I,A,C#,A,1145.375,493.0
9164,E,C#,3,A,"(1, 4, 9)",I,A,C#,A,1145.5,493.0
9165,E,C#,3,A,"(1, 4, 9)",I,A,C#,A,1145.625,493.0
9166,E,C#,3,A,"(1, 4, 9)",I,A,C#,A,1145.75,493.0
9167,E,C#,3,A,"(1, 4, 9)",I,A,C#,A,1145.875,493.0
9168,A,E,0,A,"(1, 4, 9)",I,A,A,A,1146.0,493.0
9169,A,E,1,A,"(1, 4, 9)",I,D,A,A,1146.125,493.0
9170,A,E,2,A,"(1, 4, 9)",I,D,A,A,1146.25,493.0
9171,A,E,2,A,"(1, 4, 9)",I,D,A,A,1146.375,493.0
9172,A,E,3,A,"(1, 4, 9)",I,D,A,A,1146.5,493.0
9173,A,E,3,A,"(1, 4, 9)",I,D,A,A,1146.625,493.0
9174,A,E,3,A,"(1, 4, 9)",I,D,A,A,1146.75,493.0
9175,A,E,3,A,"(1, 4, 9)",I,D,A,A,1146.875,493.0
9176,C#,E,0,A,"(1, 4, 9)",I,A,G#,A,1147.0,494.0
9177,C#,E,1,A,"(1, 4, 9)",I,A,G#,A,1147.125,494.0
9178,C#,E,2,A,"(1, 4, 9)",I,A,G#,A,1147.25,494.0
9179,C#,E,2,A,"(1, 4, 9)",I,A,G#,A,1147.375,494.0
9180,C#,E,3,A,"(1, 4, 9)",I,A,G#,A,1147.5,494.0
9181,C#,E,3,A,"(1, 4, 9)",I,A,G#,A,1147.625,494.0
9182,C#,E,3,A,"(1, 4, 9)",I,A,G#,A,1147.75,494.0
9183,C#,E,3,A,"(1, 4, 9)",I,A,G#,A,1147.875,494.0
9184,B,E,4,A,"(1, 4, 9)",I,A,G#,A,1148.0,494.0
9185,B,E,4,A,"(1, 4, 9)",I,A,G#,A,1148.125,494.0
9186,B,E,4,A,"(1, 4, 9)",I,A,G#,A,1148.25,494.0
9187,B,E,4,A,"(1, 4, 9)",I,A,G#,A,1148.375,494.0
9188,B,E,4,A,"(1, 4, 9)",I,A,G#,A,1148.5,494.0
9189,B,E,4,A,"(1, 4, 9)",I,A,G#,A,1148.625,494.0
9190,B,E,4,A,"(1, 4, 9)",I,A,G#,A,1148.75,494.0
9191,B,E,4,A,"(1, 4, 9)",I,A,G#,A,1148.875,494.0
9192,B,E,0,A,"(4, 8, 11)",V,E,G#,A,1149.0,494.0
9193,B,E,1,A,"(4, 8, 11)",V,E,G#,A,1149.125,494.0
9194,B,E,2,A,"(4, 8, 11)",V,E,G#,A,1149.25,494.0
9195,B,E,2,A,"(4, 8, 11)",V,E,G#,A,1149.375,494.0
9196,B,E,3,A,"(4, 8, 11)",V,E,G#,A,1149.5,494.0
9197,B,E,3,A,"(4, 8, 11)",V,E,G#,A,1149.625,494.0
9198,B,E,3,A,"(4, 8, 11)",V,E,G#,A,1149.75,494.0
9199,B,E,3,A,"(4, 8, 11)",V,E,G#,A,1149.875,494.0
9200,B,E,5,A,"(4, 8, 11)",V,E,G#,A,1150.0,494.0
9201,B,E,5,A,"(4, 8, 11)",V,E,G#,A,1150.125,494.0
9202,B,E,5,A,"(4, 8, 11)",V,E,G#,A,1150.25,494.0
9203,B,E,5,A,"(4, 8, 11)",V,E,G#,A,1150.375,494.0
9204,B,E,5,A,"(2, 4, 8, 11)",V7,E,G#,A,1150.5,494.0
9205,B,E,5,A,"(2, 4, 8, 11)",V7,E,G#,A,1150.625,494.0
9206,B,E,5,A,"(2, 4, 8, 11)",V7,E,G#,A,1150.75,494.0
9207,B,E,5,A,"(2, 4, 8, 11)",V7,E,G#,A,1150.875,494.0
9208,E,A,0,A,"(1, 4, 9)",I,A,C#,A,1151.0,495.0
9209,E,A,1,A,"(1, 4, 9)",I,A,C#,A,1151.125,495.0
9210,E,A,2,A,"(1, 4, 9)",I,A,C#,A,1151.25,495.0
9211,E,A,2,A,"(1, 4, 9)",I,A,C#,A,1151.375,495.0
9212,E,A,3,A,"(1, 4, 9)",I,A,C#,A,1151.5,495.0
9213,E,A,3,A,"(1, 4, 9)",I,A,C#,A,1151.625,495.0
9214,E,A,3,A,"(1, 4, 9)",I,A,C#,A,1151.75,495.0
9215,E,A,3,A,"(1, 4, 9)",I,A,C#,A,1151.875,495.0
9216,E,A,4,A,"(1, 4, 9)",I,A,C#,A,1152.0,495.0
9217,E,A,4,A,"(1, 4, 9)",I,A,C#,A,1152.125,495.0
9218,E,A,4,A,"(1, 4, 9)",I,A,C#,A,1152.25,495.0
9219,E,A,4,A,"(1, 4, 9)",I,A,C#,A,1152.375,495.0
9220,E,A,4,A,"(1, 4, 9)",I,A,C#,A,1152.5,495.0
9221,E,A,4,A,"(1, 4, 9)",I,A,C#,A,1152.625,495.0
9222,E,A,4,A,"(1, 4, 9)",I,A,C#,A,1152.75,495.0
9223,E,A,4,A,"(1, 4, 9)",I,A,C#,A,1152.875,495.0
9224,E,C#,0,A,"(1, 4, 9)",I,A,C#,A,1153.0,495.0
9225,E,C#,1,A,"(1, 4, 9)",I,A,C#,A,1153.125,495.0
9226,E,C#,2,A,"(1, 4, 9)",I,A,C#,A,1153.25,495.0
9227,E,C#,2,A,"(1, 4, 9)",I,A,C#,A,1153.375,495.0
9228,E,C#,3,A,"(1, 4, 9)",I,A,C#,A,1153.5,495.0
9229,E,A,3,A,"(1, 4, 9)",I,A,C#,A,1153.625,495.0
9230,E,A,3,A,"(1, 4, 9)",I,A,C#,A,1153.75,495.0
9231,E,A,3,A,"(1, 4, 9)",I,A,C#,A,1153.875,495.0
9232,C#,E,0,A,"(1, 4, 9)",I,D,A,A,1154.0,495.0
9233,C#,E,1,A,"(1, 4, 9)",I,D,A,A,1154.125,495.0
9234,C#,E,2,A,"(1, 4, 9)",I,D,A,A,1154.25,495.0
9235,C#,E,2,A,"(1, 4, 9)",I,D,A,A,1154.375,495.0
9236,C#,E,3,A,"(1, 4, 9)",I,D,A,A,1154.5,495.0
9237,C#,E,3,A,"(1, 4, 9)",I,D,A,A,1154.625,495.0
9238,C#,E,3,A,"(1, 4, 9)",I,D,A,A,1154.75,495.0
9239,C#,E,3,A,"(1, 4, 9)",I,D,A,A,1154.875,495.0
9240,B,E,0,A,"(1, 4, 9)",I,E,G#,A,1155.0,496.0
9241,B,E,1,A,"(1, 4, 9)",I,A,G#,A,1155.125,496.0
9242,B,E,2,A,"(1, 4, 9)",I,E,G#,A,1155.25,496.0
9243,B,E,2,A,"(1, 4, 9)",I,E,G#,A,1155.375,496.0
9244,B,E,3,A,"(1, 4, 9)",I,E,G#,A,1155.5,496.0
9245,B,E,3,A,"(1, 4, 9)",I,E,G#,A,1155.625,496.0
9246,B,E,3,A,"(1, 4, 9)",I,E,G#,A,1155.75,496.0
9247,B,E,3,A,"(1, 4, 9)",I,E,G#,A,1155.875,496.0
9248,B,E,4,A,"(2, 4, 8, 11)",I,E,G#,A,1156.0,496.0
9249,B,E,4,A,"(2, 4, 8, 11)",I,E,G#,A,1156.125,496.0
9250,B,E,4,A,"(2, 4, 8, 11)",I,E,G#,A,1156.25,496.0
9251,B,E,4,A,"(2, 4, 8, 11)",I,E,G#,A,1156.375,496.0
9252,B,E,4,A,"(2, 4, 8, 11)",I,E,G#,A,1156.5,496.0
9253,B,E,4,A,"(2, 4, 8, 11)",I,E,G#,A,1156.625,496.0
9254,B,E,4,A,"(2, 4, 8, 11)",I,E,G#,A,1156.75,496.0
9255,B,E,4,A,"(2, 4, 8, 11)",I,E,G#,A,1156.875,496.0
9256,B,E,0,A,"(2, 4, 8, 11)",V7,D,G#,A,1157.0,496.0
9257,B,E,1,A,"(2, 4, 8, 11)",V7,D,G#,A,1157.125,496.0
9258,B,E,2,A,"(2, 4, 8, 11)",V7,D,G#,A,1157.25,496.0
9259,B,E,2,A,"(2, 4, 8, 11)",V7,D,G#,A,1157.375,496.0
9260,B,E,5,A,"(2, 4, 8, 11)",V7,D,G#,A,1157.5,496.0
9261,B,E,5,A,"(2, 4, 8, 11)",V7,D,G#,A,1157.625,496.0
9262,B,E,5,A,"(2, 4, 8, 11)",V7,D,G#,A,1157.75,496.0
9263,B,E,3,A,"(2, 4, 8, 11)",V7,D,G#,A,1157.875,496.0
9264,B,E,5,A,"(2, 4, 8, 11)",V7,D,G#,A,1158.0,496.0
9265,B,E,5,A,"(2, 4, 8, 11)",V7,D,G#,A,1158.125,496.0
9266,B,E,5,A,"(2, 4, 8, 11)",V7,D,G#,A,1158.25,496.0
9267,B,E,5,A,"(2, 4, 8, 11)",V7,D,G#,A,1158.375,496.0
9268,B,E,5,A,"(2, 4, 8, 11)",V7,D,G#,A,1158.5,496.0
9269,B,E,5,A,"(2, 4, 8, 11)",V7,D,G#,A,1158.625,496.0
9270,B,E,5,A,"(2, 4, 8, 11)",V7,D,G#,A,1158.75,496.0
9271,B,E,5,A,"(2, 4, 8, 11)",V7,D,G#,A,1158.875,496.0
9272,B,E,0,A,"(2, 4, 8, 11)",V7,D,G#,A,1159.0,497.0
9273,B,E,1,A,"(2, 4, 8, 11)",V7,D,G#,A,1159.125,497.0
9274,B,E,2,A,"(2, 4, 8, 11)",V7,D,G#,A,1159.25,497.0
9275,B,E,2,A,"(2, 4, 8, 11)",V7,D,G#,A,1159.375,497.0
9276,B,E,3,A,"(2, 4, 8, 11)",V7,D,G#,A,1159.5,497.0
9277,B,E,3,A,"(2, 4, 8, 11)",V7,D,G#,A,1159.625,497.0
9278,B,E,3,A,"(2, 4, 8, 11)",V7,D,G#,A,1159.75,497.0
9279,B,E,3,A,"(2, 4, 8, 11)",V7,D,G#,A,1159.875,497.0
9280,B,E,4,A,"(2, 4, 8, 11)",V7,D,G#,A,1160.0,497.0
9281,B,E,4,A,"(2, 4, 8, 11)",V7,D,G#,A,1160.125,497.0
9282,B,E,4,A,"(2, 4, 8, 11)",V7,D,G#,A,1160.25,497.0
9283,B,E,4,A,"(2, 4, 8, 11)",V7,D,G#,A,1160.375,497.0
9284,B,E,4,A,"(2, 4, 8, 11)",V7,D,G#,A,1160.5,497.0
9285,B,E,4,A,"(2, 4, 8, 11)",V7,D,G#,A,1160.625,497.0
9286,B,E,4,A,"(2, 4, 8, 11)",V7,D,G#,A,1160.75,497.0
9287,B,E,4,A,"(2, 4, 8, 11)",V7,D,G#,A,1160.875,497.0
9288,B,E,5,A,"(2, 4, 8, 11)",V7,D,G#,A,1161.0,497.0
9289,B,E,5,A,"(2, 4, 8, 11)",V7,D,G#,A,1161.125,497.0
9290,B,E,5,A,"(2, 4, 8, 11)",V7,D,G#,A,1161.25,497.0
9291,B,E,5,A,"(2, 4, 8, 11)",V7,D,G#,A,1161.375,497.0
9292,B,E,5,A,"(2, 4, 8, 11)",V7,D,G#,A,1161.5,497.0
9293,B,E,5,A,"(2, 4, 8, 11)",V7,D,G#,A,1161.625,497.0
9294,B,E,5,A,"(2, 4, 8, 11)",V7,D,G#,A,1161.75,497.0
9295,B,E,5,A,"(2, 4, 8, 11)",V7,D,G#,A,1161.875,497.0
9296,B,E,5,A,"(2, 4, 8, 11)",V7,D,G#,A,1162.0,497.0
9297,B,E,5,A,"(2, 4, 8, 11)",V7,D,G#,A,1162.125,497.0
9298,B,E,5,A,"(2, 4, 8, 11)",V7,D,G#,A,1162.25,497.0
9299,B,E,5,A,"(2, 4, 8, 11)",V7,D,G#,A,1162.375,497.0
9300,B,E,5,A,"(2, 4, 8, 11)",V7,D,G#,A,1162.5,497.0
9301,B,E,5,A,"(2, 4, 8, 11)",V7,D,G#,A,1162.625,497.0
9302,B,E,5,A,"(2, 4, 8, 11)",V7,D,G#,A,1162.75,497.0
9303,B,E,5,A,"(2, 4, 8, 11)",V7,D,G#,A,1162.875,497.0
9304,E,A,0,A,"(1, 4, 9)",I,A,C#,A,1163.0,498.0
9305,E,A,1,A,"(1, 4, 9)",I,A,C#,A,1163.125,498.0
9306,E,A,2,A,"(1, 4, 9)",I,A,C#,A,1163.25,498.0
9307,E,A,2,A,"(1, 4, 9)",I,A,C#,A,1163.375,498.0
9308,E,A,3,A,"(1, 4, 9)",I,A,C#,A,1163.5,498.0
9309,E,A,3,A,"(1, 4, 9)",I,A,C#,A,1163.625,498.0
9310,E,A,3,A,"(1, 4, 9)",I,A,C#,A,1163.75,498.0
9311,E,A,3,A,"(1, 4, 9)",I,A,C#,A,1163.875,498.0
9312,E,A,4,A,"(1, 4, 9)",I,A,C#,A,1164.0,498.0
9313,E,A,4,A,"(1, 4, 9)",I,A,C#,A,1164.125,498.0
9314,E,A,4,A,"(1, 4, 9)",I,A,C#,A,1164.25,498.0
9315,E,A,4,A,"(1, 4, 9)",I,A,C#,A,1164.375,498.0
9316,E,A,4,A,"(1, 4, 9)",I,A,C#,A,1164.5,498.0
9317,E,A,4,A,"(1, 4, 9)",I,A,C#,A,1164.625,498.0
9318,E,A,4,A,"(1, 4, 9)",I,A,C#,A,1164.75,498.0
9319,E,A,4,A,"(1, 4, 9)",I,A,C#,A,1164.875,498.0
9320,E,E,5,A,"(2, 4, 8, 11)",I,A,C#,A,1165.0,498.0
9321,E,E,5,A,"(2, 4, 8, 11)",I,A,C#,A,1165.125,498.0
9322,E,E,5,A,"(2, 4, 8, 11)",I,A,C#,A,1165.25,498.0
9323,E,E,5,A,"(2, 4, 8, 11)",I,A,C#,A,1165.375,498.0
9324,B,E,5,A,"(2, 4, 8, 11)",V7,A,G#,A,1165.5,498.0
9325,B,E,5,A,"(2, 4, 8, 11)",V7,A,G#,A,1165.625,498.0
9326,B,E,5,A,"(2, 4, 8, 11)",V7,A,G#,A,1165.75,498.0
9327,B,E,5,A,"(2, 4, 8, 11)",V7,A,G#,A,1165.875,498.0
9328,B,E,0,A,"(2, 4, 8, 11)",V7,D,G#,A,1166.0,499.0
9329,B,E,1,A,"(2, 4, 8, 11)",V7,D,G#,A,1166.125,499.0
9330,B,E,2,A,"(2, 4, 8, 11)",V7,D,G#,A,1166.25,499.0
9331,B,E,2,A,"(2, 4, 8, 11)",V7,D,G#,A,1166.375,499.0
9332,B,E,3,A,"(2, 4, 8, 11)",V7,D,G#,A,1166.5,499.0
9333,B,E,3,A,"(2, 4, 8, 11)",V7,D,G#,A,1166.625,499.0
9334,B,E,3,A,"(2, 4, 8, 11)",V7,D,G#,A,1166.75,499.0
9335,B,E,3,A,"(2, 4, 8, 11)",V7,D,G#,A,1166.875,499.0
9336,B,E,4,A,"(2, 4, 8, 11)",V7,D,G#,A,1167.0,499.0
9337,B,E,4,A,"(2, 4, 8, 11)",V7,D,G#,A,1167.125,499.0
9338,B,E,4,A,"(2, 4, 8, 11)",V7,D,G#,A,1167.25,499.0
9339,B,E,4,A,"(2, 4, 8, 11)",V7,D,G#,A,1167.375,499.0
9340,B,E,4,A,"(2, 4, 8, 11)",V7,D,G#,A,1167.5,499.0
9341,B,E,4,A,"(2, 4, 8, 11)",V7,D,G#,A,1167.625,499.0
9342,B,E,4,A,"(2, 4, 8, 11)",V7,D,G#,A,1167.75,499.0
9343,B,E,4,A,"(2, 4, 8, 11)",V7,D,G#,A,1167.875,499.0
9344,B,E,5,A,"(2, 4, 8, 11)",V7,D,G#,A,1168.0,499.0
9345,B,E,5,A,"(2, 4, 8, 11)",V7,D,G#,A,1168.125,499.0
9346,B,E,5,A,"(2, 4, 8, 11)",V7,D,G#,A,1168.25,499.0
9347,B,E,5,A,"(2, 4, 8, 11)",V7,D,G#,A,1168.375,499.0
9348,B,E,5,A,"(2, 4, 8, 11)",V7,D,G#,A,1168.5,499.0
9349,B,E,5,A,"(2, 4, 8, 11)",V7,D,G#,A,1168.625,499.0
9350,B,E,5,A,"(2, 4, 8, 11)",V7,D,G#,A,1168.75,499.0
9351,B,E,5,A,"(2, 4, 8, 11)",V7,D,G#,A,1168.875,499.0
9352,E,A,0,A,"(1, 4, 9)",I,A,C#,A,1169.0,500.0
9353,E,A,1,A,"(1, 4, 9)",I,A,C#,A,1169.125,500.0
9354,E,A,2,A,"(1, 4, 9)",I,A,C#,A,1169.25,500.0
9355,E,A,2,A,"(1, 4, 9)",I,A,C#,A,1169.375,500.0
9356,E,A,3,A,"(1, 4, 9)",I,A,C#,A,1169.5,500.0
9357,E,A,3,A,"(1, 4, 9)",I,A,C#,A,1169.625,500.0
9358,E,A,3,A,"(1, 4, 9)",I,A,C#,A,1169.75,500.0
9359,E,A,3,A,"(1, 4, 9)",I,A,C#,A,1169.875,500.0
9360,E,A,4,A,"(1, 4, 9)",I,A,C#,A,1170.0,500.0
9361,E,A,4,A,"(1, 4, 9)",I,A,C#,A,1170.125,500.0
9362,E,A,4,A,"(1, 4, 9)",I,A,C#,A,1170.25,500.0
9363,E,A,4,A,"(1, 4, 9)",I,A,C#,A,1170.375,500.0
9364,E,A,4,A,"(1, 4, 9)",I,A,C#,A,1170.5,500.0
9365,E,A,4,A,"(1, 4, 9)",I,A,C#,A,1170.625,500.0
9366,E,A,4,A,"(1, 4, 9)",I,A,C#,A,1170.75,500.0
9367,E,A,4,A,"(1, 4, 9)",I,A,C#,A,1170.875,500.0
9368,E,E,5,A,"(1, 4, 9)",I,A,C#,A,1171.0,500.0
9369,E,E,5,A,"(1, 4, 9)",I,A,C#,A,1171.125,500.0
9370,E,E,5,A,"(1, 4, 9)",I,A,C#,A,1171.25,500.0
9371,E,E,5,A,"(1, 4, 9)",I,A,C#,A,1171.375,500.0
9372,B,E,5,A,"(2, 4, 8, 11)",I,A,G#,A,1171.5,500.0
9373,B,E,5,A,"(2, 4, 8, 11)",I,A,G#,A,1171.625,500.0
9374,B,E,5,A,"(2, 4, 8, 11)",I,A,G#,A,1171.75,500.0
9375,B,E,5,A,"(2, 4, 8, 11)",I,A,G#,A,1171.875,500.0
9376,B,E,0,A,"(2, 4, 8, 11)",V7,E,G#,A,1172.0,501.0
9377,B,E,1,A,"(2, 4, 8, 11)",V7,D,G#,A,1172.125,501.0
9378,B,E,2,A,"(2, 4, 8, 11)",V7,D,G#,A,1172.25,501.0
9379,B,E,2,A,"(2, 4, 8, 11)",V7,D,G#,A,1172.375,501.0
9380,B,E,3,A,"(2, 4, 8, 11)",V7,E,G#,A,1172.5,501.0
9381,B,E,3,A,"(2, 4, 8, 11)",V7,E,G#,A,1172.625,501.0
9382,B,E,3,A,"(2, 4, 8, 11)",V7,E,G#,A,1172.75,501.0
9383,B,E,3,A,"(2, 4, 8, 11)",V7,E,G#,A,1172.875,501.0
9384,B,E,4,A,"(2, 4, 8, 11)",V7,E,G#,A,1173.0,501.0
9385,B,E,4,A,"(2, 4, 8, 11)",V7,D,G#,A,1173.125,501.0
9386,B,E,4,A,"(2, 4, 8, 11)",V7,D,G#,A,1173.25,501.0
9387,B,E,4,A,"(2, 4, 8, 11)",V7,D,G#,A,1173.375,501.0
9388,B,E,4,A,"(2, 4, 8, 11)",V7,D,G#,A,1173.5,501.0
9389,B,E,4,A,"(2, 4, 8, 11)",V7,D,G#,A,1173.625,501.0
9390,B,E,4,A,"(2, 4, 8, 11)",V7,D,G#,A,1173.75,501.0
9391,B,E,4,A,"(2, 4, 8, 11)",V7,D,G#,A,1173.875,501.0
9392,B,E,5,A,"(2, 4, 8, 11)",V7,D,G#,A,1174.0,501.0
9393,B,E,5,A,"(2, 4, 8, 11)",V7,D,G#,A,1174.125,501.0
9394,B,E,5,A,"(2, 4, 8, 11)",V7,D,G#,A,1174.25,501.0
9395,B,E,5,A,"(2, 4, 8, 11)",V7,D,G#,A,1174.375,501.0
9396,B,E,5,A,"(2, 4, 8, 11)",V7,D,G#,A,1174.5,501.0
9397,B,E,5,A,"(2, 4, 8, 11)",V7,D,G#,A,1174.625,501.0
9398,B,E,5,A,"(2, 4, 8, 11)",V7,D,G#,A,1174.75,501.0
9399,B,E,5,A,"(2, 4, 8, 11)",V7,D,G#,A,1174.875,501.0
9400,E,A,0,A,"(1, 4, 9)",I,A,C#,A,1175.0,502.0
9401,E,A,1,A,"(1, 4, 9)",I,A,C#,A,1175.125,502.0
9402,E,A,2,A,"(1, 4, 9)",I,A,C#,A,1175.25,502.0
9403,E,A,2,A,"(1, 4, 9)",I,A,C#,A,1175.375,502.0
9404,E,A,3,A,"(1, 4, 9)",I,A,C#,A,1175.5,502.0
9405,E,A,3,A,"(1, 4, 9)",I,A,C#,A,1175.625,502.0
9406,E,A,3,A,"(1, 4, 9)",I,A,C#,A,1175.75,502.0
9407,E,A,3,A,"(1, 4, 9)",I,A,C#,A,1175.875,502.0
9408,E,A,4,A,"(1, 4, 9)",I,A,C#,A,1176.0,502.0
9409,E,A,4,A,"(1, 4, 9)",I,A,C#,A,1176.125,502.0
9410,E,A,4,A,"(1, 4, 9)",I,A,C#,A,1176.25,502.0
9411,E,A,4,A,"(1, 4, 9)",I,A,C#,A,1176.375,502.0
9412,E,A,4,A,"(1, 4, 9)",I,A,C#,A,1176.5,502.0
9413,E,A,4,A,"(1, 4, 9)",I,A,C#,A,1176.625,502.0
9414,E,A,4,A,"(1, 4, 9)",I,A,C#,A,1176.75,502.0
9415,E,A,4,A,"(1, 4, 9)",I,A,C#,A,1176.875,502.0
9416,E,A,5,A,"(1, 4, 9)",I,A,C#,A,1177.0,502.0
9417,E,A,5,A,"(1, 4, 9)",I,A,C#,A,1177.125,502.0
9418,E,A,5,A,"(1, 4, 9)",I,A,C#,A,1177.25,502.0
9419,E,A,5,A,"(1, 4, 9)",I,A,C#,A,1177.375,502.0
9420,E,E,5,A,"(2, 4, 8, 11)",I,A,C#,A,1177.5,502.0
9421,E,E,5,A,"(2, 4, 8, 11)",I,A,C#,A,1177.625,502.0
9422,E,E,5,A,"(2, 4, 8, 11)",I,A,C#,A,1177.75,502.0
9423,E,E,5,A,"(2, 4, 8, 11)",I,A,C#,A,1177.875,502.0
9424,B,E,0,A,"(2, 4, 8, 11)",V7,D,G#,A,1178.0,503.0
9425,B,E,1,A,"(2, 4, 8, 11)",V7,D,G#,A,1178.125,503.0
9426,B,E,2,A,"(2, 4, 8, 11)",V7,D,G#,A,1178.25,503.0
9427,B,E,2,A,"(2, 4, 8, 11)",V7,D,G#,A,1178.375,503.0
9428,B,E,3,A,"(2, 4, 8, 11)",V7,D,G#,A,1178.5,503.0
9429,B,E,3,A,"(2, 4, 8, 11)",V7,D,G#,A,1178.625,503.0
9430,B,E,3,A,"(2, 4, 8, 11)",V7,D,G#,A,1178.75,503.0
9431,B,E,3,A,"(2, 4, 8, 11)",V7,D,G#,A,1178.875,503.0
9432,B,E,4,A,"(2, 4, 8, 11)",V7,E,G#,A,1179.0,503.0
9433,B,E,4,A,"(2, 4, 8, 11)",V7,E,G#,A,1179.125,503.0
9434,B,E,4,A,"(2, 4, 8, 11)",V7,E,G#,A,1179.25,503.0
9435,B,E,4,A,"(2, 4, 8, 11)",V7,E,G#,A,1179.375,503.0
9436,B,E,4,A,"(2, 4, 8, 11)",V7,E,G#,A,1179.5,503.0
9437,B,E,4,A,"(2, 4, 8, 11)",V7,E,G#,A,1179.625,503.0
9438,B,E,4,A,"(2, 4, 8, 11)",V7,E,G#,A,1179.75,503.0
9439,B,E,4,A,"(2, 4, 8, 11)",V7,E,G#,A,1179.875,503.0
9440,B,E,5,A,"(2, 4, 8, 11)",V7,E,G#,A,1180.0,503.0
9441,B,E,5,A,"(2, 4, 8, 11)",V7,E,G#,A,1180.125,503.0
9442,B,E,5,A,"(2, 4, 8, 11)",V7,E,G#,A,1180.25,503.0
9443,B,E,5,A,"(2, 4, 8, 11)",V7,E,G#,A,1180.375,503.0
9444,B,E,5,A,"(2, 4, 8, 11)",V7,D,G#,A,1180.5,503.0
9445,B,E,5,A,"(2, 4, 8, 11)",V7,D,G#,A,1180.625,503.0
9446,B,E,5,A,"(2, 4, 8, 11)",V7,D,G#,A,1180.75,503.0
9447,B,E,5,A,"(2, 4, 8, 11)",V7,D,G#,A,1180.875,503.0
9448,E,E,0,A,"(2, 4, 8, 11)",I,A,C#,A,1181.0,504.0
9449,E,E,1,A,"(1, 4, 9)",I,A,C#,A,1181.125,504.0
9450,E,E,2,A,"(1, 4, 9)",I,A,C#,A,1181.25,504.0
9451,E,E,2,A,"(1, 4, 9)",I,A,C#,A,1181.375,504.0
9452,E,E,3,A,"(1, 4, 9)",I,A,C#,A,1181.5,504.0
9453,E,E,3,A,"(1, 4, 9)",I,A,C#,A,1181.625,504.0
9454,E,E,3,A,"(1, 4, 9)",I,A,C#,A,1181.75,504.0
9455,E,E,3,A,"(2, 4, 8, 11)",I,A,C#,A,1181.875,504.0
9456,B,E,4,A,"(2, 4, 8, 11)",V7,A,G#,A,1182.0,504.0
9457,B,E,4,A,"(2, 4, 8, 11)",V7,A,G#,A,1182.125,504.0
9458,B,E,4,A,"(2, 4, 8, 11)",V7,A,G#,A,1182.25,504.0
9459,B,E,4,A,"(2, 4, 8, 11)",V7,A,G#,A,1182.375,504.0
9460,B,E,0,A,"(2, 4, 8, 11)",V7,D,G#,A,1182.5,504.0
9461,B,E,1,A,"(2, 4, 8, 11)",V7,D,G#,A,1182.625,504.0
9462,B,E,2,A,"(2, 4, 8, 11)",V7,D,G#,A,1182.75,504.0
9463,B,E,2,A,"(2, 4, 8, 11)",V7,D,G#,A,1182.875,504.0
9464,B,E,5,A,"(2, 4, 8, 11)",V7,D,G#,A,1183.0,504.0
9465,B,E,5,A,"(2, 4, 8, 11)",V7,D,G#,A,1183.125,504.0
9466,B,E,5,A,"(2, 4, 8, 11)",V7,D,G#,A,1183.25,504.0
9467,B,E,5,A,"(2, 4, 8, 11)",V7,D,G#,A,1183.375,504.0
9468,B,E,5,A,"(2, 4, 8, 11)",V7,D,G#,A,1183.5,504.0
9469,B,E,5,A,"(2, 4, 8, 11)",V7,D,G#,A,1183.625,504.0
9470,B,E,5,A,"(2, 4, 8, 11)",V7,D,G#,A,1183.75,504.0
9471,B,E,5,A,"(2, 4, 8, 11)",V7,D,G#,A,1183.875,504.0
9472,E,E,0,A,"(1, 4, 9)",I,A,C#,A,1184.0,505.0
9473,E,E,1,A,"(1, 4, 9)",I,A,C#,A,1184.125,505.0
9474,E,E,2,A,"(1, 4, 9)",I,A,C#,A,1184.25,505.0
9475,E,E,2,A,"(1, 4, 9)",I,A,C#,A,1184.375,505.0
9476,E,E,3,A,"(1, 4, 9)",I,A,C#,A,1184.5,505.0
9477,E,E,3,A,"(1, 4, 9)",I,A,C#,A,1184.625,505.0
9478,E,E,3,A,"(1, 4, 9)",I,A,C#,A,1184.75,505.0
9479,E,E,3,A,"(1, 4, 9)",I,A,C#,A,1184.875,505.0
9480,B,E,4,A,"(2, 4, 8, 11)",V7,E,G#,A,1185.0,505.0
9481,B,E,4,A,"(2, 4, 8, 11)",V7,E,G#,A,1185.125,505.0
9482,B,E,4,A,"(2, 4, 8, 11)",V7,E,G#,A,1185.25,505.0
9483,B,E,4,A,"(2, 4, 8, 11)",V7,E,G#,A,1185.375,505.0
9484,B,E,0,A,"(2, 4, 8, 11)",V7,D,G#,A,1185.5,505.0
9485,B,E,4,A,"(2, 4, 8, 11)",V7,D,G#,A,1185.625,505.0
9486,B,E,4,A,"(2, 4, 8, 11)",V7,D,G#,A,1185.75,505.0
9487,B,E,2,A,"(2, 4, 8, 11)",V7,D,G#,A,1185.875,505.0
9488,B,E,3,A,"(2, 4, 8, 11)",V7,D,G#,A,1186.0,505.0
9489,B,E,3,A,"(2, 4, 8, 11)",V7,D,G#,A,1186.125,505.0
9490,B,E,3,A,"(2, 4, 8, 11)",V7,D,G#,A,1186.25,505.0
9491,B,E,3,A,"(2, 4, 8, 11)",V7,D,G#,A,1186.375,505.0
9492,B,E,4,A,"(2, 4, 8, 11)",V7,D,G#,A,1186.5,505.0
9493,B,E,4,A,"(2, 4, 8, 11)",V7,D,G#,A,1186.625,505.0
9494,B,E,4,A,"(2, 4, 8, 11)",V7,D,G#,A,1186.75,505.0
9495,B,E,4,A,"(2, 4, 8, 11)",V7,D,G#,A,1186.875,505.0
9496,E,E,0,A,"(1, 4, 9)",I,A,C#,A,1187.0,506.0
9497,E,E,1,A,"(1, 4, 9)",I,A,C#,A,1187.125,506.0
9498,E,E,2,A,"(1, 4, 9)",I,A,C#,A,1187.25,506.0
9499,E,E,2,A,"(1, 4, 9)",I,A,C#,A,1187.375,506.0
9500,E,E,3,A,"(1, 4, 9)",I,A,C#,A,1187.5,506.0
9501,E,E,3,A,"(1, 4, 9)",I,A,C#,A,1187.625,506.0
9502,E,E,3,A,"(1, 4, 9)",I,A,C#,A,1187.75,506.0
9503,E,E,3,A,"(1, 4, 9)",I,A,C#,A,1187.875,506.0
9504,E,E,4,A,"(2, 4, 8, 11)",I,A,G#,A,1188.0,506.0
9505,B,E,4,A,"(2, 4, 8, 11)",I,A,G#,A,1188.125,506.0
9506,B,E,4,A,"(2, 4, 8, 11)",I,A,G#,A,1188.25,506.0
9507,B,E,4,A,"(2, 4, 8, 11)",I,A,G#,A,1188.375,506.0
9508,B,E,0,A,"(2, 4, 8, 11)",V7,D,G#,A,1188.5,506.0
9509,B,E,1,A,"(2, 4, 8, 11)",V7,D,G#,A,1188.625,506.0
9510,B,E,2,A,"(2, 4, 8, 11)",V7,D,G#,A,1188.75,506.0
9511,B,E,2,A,"(2, 4, 8, 11)",V7,D,G#,A,1188.875,506.0
9512,B,E,5,A,"(2, 4, 8, 11)",V7,D,G#,A,1189.0,506.0
9513,B,E,5,A,"(2, 4, 8, 11)",V7,D,G#,A,1189.125,506.0
9514,B,E,5,A,"(2, 4, 8, 11)",V7,D,G#,A,1189.25,506.0
9515,B,E,5,A,"(2, 4, 8, 11)",V7,D,G#,A,1189.375,506.0
9516,B,E,5,A,"(2, 4, 8, 11)",V7,D,G#,A,1189.5,506.0
9517,B,E,5,A,"(2, 4, 8, 11)",V7,D,G#,A,1189.625,506.0
9518,B,E,5,A,"(2, 4, 8, 11)",V7,D,G#,A,1189.75,506.0
9519,B,E,5,A,"(2, 4, 8, 11)",V7,D,G#,A,1189.875,506.0
9520,E,A,0,A,"(1, 4, 9)",I,A,C#,A,1190.0,507.0
9521,E,E,1,A,"(1, 4, 9)",I,A,C#,A,1190.125,507.0
9522,E,E,2,A,"(1, 4, 9)",I,A,C#,A,1190.25,507.0
9523,E,E,2,A,"(1, 4, 9)",I,A,C#,A,1190.375,507.0
9524,E,E,3,A,"(1, 4, 9)",I,A,C#,A,1190.5,507.0
9525,E,E,3,A,"(1, 4, 9)",I,A,C#,A,1190.625,507.0
9526,E,E,3,A,"(1, 4, 9)",I,A,C#,A,1190.75,507.0
9527,E,E,3,A,"(1, 4, 9)",I,A,C#,A,1190.875,507.0
9528,B,E,4,A,"(2, 4, 8, 11)",I,E,G#,A,1191.0,507.0
9529,B,E,4,A,"(2, 4, 8, 11)",V7,E,G#,A,1191.125,507.0
9530,B,E,4,A,"(2, 4, 8, 11)",V7,E,G#,A,1191.25,507.0
9531,B,E,4,A,"(2, 4, 8, 11)",V7,E,G#,A,1191.375,507.0
9532,B,E,0,A,"(2, 4, 8, 11)",V7,D,G#,A,1191.5,507.0
9533,B,E,1,A,"(2, 4, 8, 11)",V7,D,G#,A,1191.625,507.0
9534,B,E,4,A,"(2, 4, 8, 11)",V7,D,G#,A,1191.75,507.0
9535,B,E,2,A,"(2, 4, 8, 11)",V7,D,G#,A,1191.875,507.0
9536,B,E,3,A,"(2, 4, 8, 11)",V7,D,G#,A,1192.0,507.0
9537,B,E,3,A,"(2, 4, 8, 11)",V7,D,G#,A,1192.125,507.0
9538,B,E,3,A,"(2, 4, 8, 11)",V7,D,G#,A,1192.25,507.0
9539,B,E,3,A,"(2, 4, 8, 11)",V7,D,G#,A,1192.375,507.0
9540,B,E,4,A,"(2, 4, 8, 11)",V7,D,G#,A,1192.5,507.0
9541,B,E,4,A,"(2, 4, 8, 11)",V7,D,G#,A,1192.625,507.0
9542,B,E,4,A,"(2, 4, 8, 11)",V7,D,G#,A,1192.75,507.0
9543,B,E,4,A,"(2, 4, 8, 11)",V7,D,G#,A,1192.875,507.0
9544,E,A,0,A,"(1, 4, 9)",I,A,C#,A,1193.0,508.0
9545,E,A,1,A,"(1, 4, 9)",I,A,C#,A,1193.125,508.0
9546,E,A,2,A,"(1, 4, 9)",I,A,C#,A,1193.25,508.0
9547,E,A,2,A,"(1, 4, 9)",I,A,C#,A,1193.375,508.0
9548,E,A,3,A,"(1, 4, 9)",I,A,C#,A,1193.5,508.0
9549,E,A,3,A,"(1, 4, 9)",I,A,C#,A,1193.625,508.0
9550,E,E,3,A,"(1, 4, 9)",I,A,C#,A,1193.75,508.0
9551,E,E,3,A,"(1, 4, 9)",I,A,C#,A,1193.875,508.0
9552,E,E,4,A,"(1, 4, 9)",I,A,C#,A,1194.0,508.0
9553,E,E,4,A,"(1, 4, 9)",I,A,C#,A,1194.125,508.0
9554,E,E,4,A,"(1, 4, 9)",I,A,C#,A,1194.25,508.0
9555,E,E,4,A,"(1, 4, 9)",I,A,C#,A,1194.375,508.0
9556,B,E,0,A,"(2, 4, 8, 11)",V7,D,G#,A,1194.5,508.0
9557,B,E,1,A,"(2, 4, 8, 11)",V7,D,G#,A,1194.625,508.0
9558,B,E,2,A,"(2, 4, 8, 11)",V7,D,G#,A,1194.75,508.0
9559,B,E,2,A,"(2, 4, 8, 11)",V7,D,G#,A,1194.875,508.0
9560,B,E,3,A,"(2, 4, 8, 11)",V7,D,G#,A,1195.0,508.0
9561,B,E,3,A,"(2, 4, 8, 11)",V7,D,G#,A,1195.125,508.0
9562,B,E,3,A,"(2, 4, 8, 11)",V7,D,G#,A,1195.25,508.0
9563,B,E,3,A,"(2, 4, 8, 11)",V7,D,G#,A,1195.375,508.0
9564,B,E,4,A,"(2, 4, 8, 11)",V7,D,G#,A,1195.5,508.0
9565,B,E,4,A,"(2, 4, 8, 11)",V7,D,G#,A,1195.625,508.0
9566,B,E,4,A,"(2, 4, 8, 11)",V7,D,G#,A,1195.75,508.0
9567,B,E,4,A,"(2, 4, 8, 11)",V7,D,G#,A,1195.875,508.0
9568,E,A,0,A,"(1, 4, 9)",I,A,C#,A,1196.0,509.0
9569,E,A,1,A,"(1, 4, 9)",I,A,C#,A,1196.125,509.0
9570,E,A,2,A,"(1, 4, 9)",I,A,C#,A,1196.25,509.0
9571,E,A,2,A,"(1, 4, 9)",I,A,C#,A,1196.375,509.0
9572,E,A,3,A,"(1, 4, 9)",I,A,C#,A,1196.5,509.0
9573,E,A,3,A,"(1, 4, 9)",I,A,C#,A,1196.625,509.0
9574,E,A,3,A,"(1, 4, 9)",I,A,C#,A,1196.75,509.0
9575,E,A,3,A,"(1, 4, 9)",I,A,C#,A,1196.875,509.0
9576,E,A,4,A,"(1, 4, 9)",I,A,C#,A,1197.0,509.0
9577,E,A,4,A,"(1, 4, 9)",I,A,C#,A,1197.125,509.0
9578,E,A,4,A,"(1, 4, 9)",I,A,C#,A,1197.25,509.0
9579,E,A,4,A,"(1, 4, 9)",I,A,C#,A,1197.375,509.0
9580,E,A,4,A,"(1, 4, 9)",I,A,C#,A,1197.5,509.0
9581,E,A,4,A,"(1, 4, 9)",I,A,C#,A,1197.625,509.0
9582,E,A,4,A,"(1, 4, 9)",I,A,C#,A,1197.75,509.0
9583,E,A,4,A,"(1, 4, 9)",I,A,C#,A,1197.875,509.0
9584,E,A,5,A,"(1, 4, 9)",I,A,C#,A,1198.0,509.0
9585,E,A,5,A,"(1, 4, 9)",I,A,C#,A,1198.125,509.0
9586,E,A,5,A,"(1, 4, 9)",I,A,C#,A,1198.25,509.0
9587,E,A,5,A,"(1, 4, 9)",I,A,C#,A,1198.375,509.0
9588,E,A,5,A,"(1, 4, 9)",I,A,C#,A,1198.5,509.0
9589,E,A,5,A,"(1, 4, 9)",I,A,C#,A,1198.625,509.0
9590,E,A,5,A,"(1, 4, 9)",I,A,C#,A,1198.75,509.0
9591,E,A,5,A,"(1, 4, 9)",I,A,C#,A,1198.875,509.0
9592,E,A,0,A,"(1, 4, 9)",I,A,C#,A,1199.0,510.0
9593,E,A,1,A,"(1, 4, 9)",I,A,C#,A,1199.125,510.0
9594,E,A,2,A,"(1, 4, 9)",I,A,C#,A,1199.25,510.0
9595,E,A,2,A,"(1, 4, 9)",I,A,C#,A,1199.375,510.0
9596,E,A,3,A,"(1, 4, 9)",I,A,C#,A,1199.5,510.0
9597,E,A,3,A,"(1, 4, 9)",I,A,C#,A,1199.625,510.0
9598,E,A,3,A,"(1, 4, 9)",I,A,C#,A,1199.75,510.0
9599,E,A,3,A,"(1, 4, 9)",I,A,C#,A,1199.875,510.0
9600,E,A,4,A,"(1, 4, 9)",I,A,C#,A,1200.0,510.0
9601,E,A,4,A,"(1, 4, 9)",I,A,C#,A,1200.125,510.0
9602,E,A,4,A,"(1, 4, 9)",I,A,C#,A,1200.25,510.0
9603,E,A,4,A,"(1, 4, 9)",I,A,C#,A,1200.375,510.0
9604,E,A,4,A,"(1, 4, 9)",I,A,C#,A,1200.5,510.0
9605,E,A,4,A,"(1, 4, 9)",I,A,C#,A,1200.625,510.0
9606,E,A,4,A,"(1, 4, 9)",I,A,C#,A,1200.75,510.0
9607,E,A,4,A,"(1, 4, 9)",I,A,C#,A,1200.875,510.0
9608,E,A,5,A,"(1, 4, 9)",I,A,C#,A,1201.0,510.0
9609,E,A,5,A,"(1, 4, 9)",I,A,C#,A,1201.125,510.0
9610,E,A,5,A,"(1, 4, 9)",I,A,C#,A,1201.25,510.0
9611,E,A,5,A,"(1, 4, 9)",I,A,C#,A,1201.375,510.0
9612,E,A,5,A,"(1, 4, 9)",I,A,C#,A,1201.5,510.0
9613,E,A,5,A,"(1, 4, 9)",I,A,C#,A,1201.625,510.0
9614,E,A,5,A,"(1, 4, 9)",I,A,C#,A,1201.75,510.0
9615,E,A,5,A,"(1, 4, 9)",I,A,C#,A,1201.875,510.0
9616,E,A,0,A,"(1, 4, 9)",I,A,C#,A,1202.0,511.0
9617,E,A,1,A,"(1, 4, 9)",I,A,C#,A,1202.125,511.0
9618,E,A,2,A,"(1, 4, 9)",I,A,C#,A,1202.25,511.0
9619,E,A,2,A,"(1, 4, 9)",I,A,C#,A,1202.375,511.0
9620,E,A,3,A,"(1, 4, 9)",I,A,C#,A,1202.5,511.0
9621,E,A,3,A,"(1, 4, 9)",I,A,C#,A,1202.625,511.0
9622,E,A,3,A,"(1, 4, 9)",I,A,C#,A,1202.75,511.0
9623,E,A,3,A,"(1, 4, 9)",I,A,C#,A,1202.875,511.0
9624,E,A,4,A,"(1, 4, 9)",I,A,C#,A,1203.0,511.0
9625,E,A,4,A,"(1, 4, 9)",I,A,C#,A,1203.125,511.0
9626,E,A,4,A,"(1, 4, 9)",I,A,C#,A,1203.25,511.0
9627,E,A,4,A,"(1, 4, 9)",I,A,C#,A,1203.375,511.0
9628,E,A,4,A,"(1, 4, 9)",I,A,C#,A,1203.5,511.0
9629,E,A,4,A,"(1, 4, 9)",I,A,C#,A,1203.625,511.0
9630,E,A,4,A,"(1, 4, 9)",I,A,C#,A,1203.75,511.0
9631,E,A,4,A,"(1, 4, 9)",I,A,C#,A,1203.875,511.0
9632,E,A,5,A,"(1, 4, 9)",I,A,C#,A,1204.0,511.0
9633,E,A,5,A,"(1, 4, 9)",I,A,C#,A,1204.125,511.0
9634,E,A,5,A,"(1, 4, 9)",I,A,C#,A,1204.25,511.0
9635,E,A,5,A,"(1, 4, 9)",I,A,C#,A,1204.375,511.0
9636,E,A,5,A,"(1, 4, 9)",I,A,C#,A,1204.5,511.0
9637,E,A,5,A,"(1, 4, 9)",I,A,C#,A,1204.625,511.0
9638,E,A,5,A,"(1, 4, 9)",I,A,C#,A,1204.75,511.0
9639,E,A,5,A,"(1, 4, 9)",I,A,C#,A,1204.875,511.0
9640,E,A,0,A,"(1, 4, 9)",I,A,C#,A,1205.0,512.0
9641,E,A,1,A,"(1, 4, 9)",I,A,C#,A,1205.125,512.0
9642,E,A,2,A,"(1, 4, 9)",I,A,C#,A,1205.25,512.0
9643,E,A,2,A,"(1, 4, 9)",I,A,C#,A,1205.375,512.0
9644,E,A,3,A,"(1, 4, 9)",I,A,C#,A,1205.5,512.0
9645,E,A,3,A,"(1, 4, 9)",I,A,C#,A,1205.625,512.0
9646,E,A,3,A,"(1, 4, 9)",I,A,C#,A,1205.75,512.0
9647,E,A,3,A,"(1, 4, 9)",I,A,C#,A,1205.875,512.0
9648,E,A,4,A,"(1, 4, 9)",I,A,C#,A,1206.0,512.0
9649,E,A,4,A,"(1, 4, 9)",I,A,C#,A,1206.125,512.0
9650,E,A,4,A,"(1, 4, 9)",I,A,C#,A,1206.25,512.0
9651,E,A,4,A,"(1, 4, 9)",I,A,C#,A,1206.375,512.0
9652,B,E,0,A,"(4, 8, 11)",V,E,G#,A,1206.5,512.0
9653,B,E,1,A,"(4, 8, 11)",V,E,G#,A,1206.625,512.0
9654,B,E,2,A,"(4, 8, 11)",V,E,G#,A,1206.75,512.0
9655,B,E,2,A,"(4, 8, 11)",V,E,G#,A,1206.875,512.0
9656,B,E,3,A,"(4, 8, 11)",V,E,G#,A,1207.0,512.0
9657,B,E,3,A,"(4, 8, 11)",V,E,G#,A,1207.125,512.0
9658,B,E,3,A,"(4, 8, 11)",V,E,G#,A,1207.25,512.0
9659,B,E,3,A,"(4, 8, 11)",V,E,G#,A,1207.375,512.0
9660,B,E,4,A,"(4, 8, 11)",V,E,G#,A,1207.5,512.0
9661,B,E,4,A,"(4, 8, 11)",V,E,G#,A,1207.625,512.0
9662,B,E,4,A,"(4, 8, 11)",V,E,G#,A,1207.75,512.0
9663,B,E,4,A,"(4, 8, 11)",V,E,G#,A,1207.875,512.0
9664,E,A,0,A,"(1, 4, 9)",I,A,C#,A,1208.0,513.0
9665,E,A,1,A,"(1, 4, 9)",I,A,C#,A,1208.125,513.0
9666,E,A,2,A,"(1, 4, 9)",I,A,C#,A,1208.25,513.0
9667,E,A,2,A,"(1, 4, 9)",I,A,C#,A,1208.375,513.0
9668,E,A,3,A,"(1, 4, 9)",I,A,C#,A,1208.5,513.0
9669,E,A,3,A,"(1, 4, 9)",I,A,C#,A,1208.625,513.0
9670,E,A,3,A,"(1, 4, 9)",I,A,C#,A,1208.75,513.0
9671,E,A,3,A,"(1, 4, 9)",I,A,C#,A,1208.875,513.0
9672,E,A,4,A,"(1, 4, 9)",I,A,C#,A,1209.0,513.0
9673,E,A,4,A,"(1, 4, 9)",I,A,C#,A,1209.125,513.0
9674,E,A,4,A,"(1, 4, 9)",I,A,C#,A,1209.25,513.0
9675,E,A,4,A,"(1, 4, 9)",I,A,C#,A,1209.375,513.0
9676,E,A,4,A,"(1, 4, 9)",I,A,C#,A,1209.5,513.0
9677,E,A,4,A,"(1, 4, 9)",I,A,C#,A,1209.625,513.0
9678,E,A,4,A,"(1, 4, 9)",I,A,C#,A,1209.75,513.0
9679,E,A,4,A,"(1, 4, 9)",I,A,C#,A,1209.875,513.0
9680,E,A,5,A,"(1, 4, 9)",I,A,C#,A,1210.0,513.0
9681,E,A,5,A,"(1, 4, 9)",I,A,C#,A,1210.125,513.0
9682,E,A,5,A,"(1, 4, 9)",I,A,C#,A,1210.25,513.0
9683,E,A,5,A,"(1, 4, 9)",I,A,C#,A,1210.375,513.0
9684,E,A,5,A,"(1, 4, 9)",I,A,C#,A,1210.5,513.0
9685,E,A,5,A,"(1, 4, 9)",I,A,C#,A,1210.625,513.0
9686,E,A,5,A,"(1, 4, 9)",I,A,C#,A,1210.75,513.0
9687,E,A,5,A,"(1, 4, 9)",I,A,C#,A,1210.875,513.0
9688,E,A,0,A,"(1, 4, 9)",I,A,C#,A,1211.0,514.0
9689,E,A,1,A,"(1, 4, 9)",I,A,C#,A,1211.125,514.0
9690,E,A,2,A,"(1, 4, 9)",I,A,C#,A,1211.25,514.0
9691,E,A,2,A,"(1, 4, 9)",I,A,C#,A,1211.375,514.0
9692,E,A,3,A,"(1, 4, 9)",I,A,C#,A,1211.5,514.0
9693,E,A,3,A,"(1, 4, 9)",I,A,C#,A,1211.625,514.0
9694,E,A,3,A,"(1, 4, 9)",I,A,C#,A,1211.75,514.0
9695,E,A,3,A,"(1, 4, 9)",I,A,C#,A,1211.875,514.0
9696,E,A,4,A,"(1, 4, 9)",I,A,C#,A,1212.0,514.0
9697,E,A,4,A,"(1, 4, 9)",I,A,C#,A,1212.125,514.0
9698,E,A,4,A,"(1, 4, 9)",I,A,C#,A,1212.25,514.0
9699,E,A,4,A,"(1, 4, 9)",I,A,C#,A,1212.375,514.0
9700,E,A,4,A,"(1, 4, 9)",I,A,C#,A,1212.5,514.0
9701,E,A,4,A,"(1, 4, 9)",I,A,C#,A,1212.625,514.0
9702,E,A,4,A,"(1, 4, 9)",I,A,C#,A,1212.75,514.0
9703,E,A,4,A,"(1, 4, 9)",I,A,C#,A,1212.875,514.0
9704,E,A,5,A,"(1, 4, 9)",I,A,C#,A,1213.0,514.0
9705,E,A,5,A,"(1, 4, 9)",I,A,C#,A,1213.125,514.0
9706,E,A,5,A,"(1, 4, 9)",I,A,C#,A,1213.25,514.0
9707,E,A,5,A,"(1, 4, 9)",I,A,C#,A,1213.375,514.0
9708,E,A,5,A,"(1, 4, 9)",I,A,C#,A,1213.5,514.0
9709,E,A,5,A,"(1, 4, 9)",I,A,C#,A,1213.625,514.0
9710,E,A,5,A,"(1, 4, 9)",I,A,C#,A,1213.75,514.0
9711,E,A,5,A,"(1, 4, 9)",I,A,C#,A,1213.875,514.0
9712,E,A,0,A,"(1, 4, 9)",I,A,C#,A,1214.0,514.0
9713,E,A,1,A,"(1, 4, 9)",I,A,C#,A,1214.125,514.0
9714,E,A,2,A,"(1, 4, 9)",I,A,C#,A,1214.25,514.0
9715,E,A,2,A,"(1, 4, 9)",I,A,C#,A,1214.375,514.0
9716,E,A,3,A,"(1, 4, 9)",I,A,C#,A,1214.5,514.0
9717,E,A,3,A,"(1, 4, 9)",I,A,C#,A,1214.625,514.0
9718,E,A,3,A,"(1, 4, 9)",I,A,C#,A,1214.75,514.0
9719,E,A,3,A,"(1, 4, 9)",I,A,C#,A,1214.875,514.0
9720,E,A,0,A,"(1, 4, 9)",I,A,C#,A,1215.0,515.0
9721,E,A,1,A,"(1, 4, 9)",I,A,C#,A,1215.125,515.0
9722,E,A,2,A,"(1, 4, 9)",I,A,C#,A,1215.25,515.0
9723,E,A,2,A,"(1, 4, 9)",I,A,C#,A,1215.375,515.0
9724,E,A,3,A,"(1, 4, 9)",I,A,C#,A,1215.5,515.0
9725,E,A,3,A,"(1, 4, 9)",I,A,C#,A,1215.625,515.0
9726,E,A,3,A,"(1, 4, 9)",I,A,C#,A,1215.75,515.0
9727,E,A,3,A,"(1, 4, 9)",I,A,C#,A,1215.875,515.0
9728,E,A,4,A,"(1, 4, 9)",I,A,C#,A,1216.0,515.0
9729,E,A,4,A,"(1, 4, 9)",I,A,C#,A,1216.125,515.0
9730,E,A,4,A,"(1, 4, 9)",I,A,C#,A,1216.25,515.0
9731,E,A,4,A,"(1, 4, 9)",I,A,C#,A,1216.375,515.0
9732,E,A,4,A,"(1, 4, 9)",I,A,C#,A,1216.5,515.0
9733,E,A,4,A,"(1, 4, 9)",I,A,C#,A,1216.625,515.0
9734,E,A,4,A,"(1, 4, 9)",I,A,C#,A,1216.75,515.0
9735,E,A,4,A,"(1, 4, 9)",I,A,C#,A,1216.875,515.0
9736,E,A,5,A,"(1, 4, 9)",I,A,C#,A,1217.0,515.0
9737,E,A,5,A,"(1, 4, 9)",I,A,C#,A,1217.125,515.0
9738,E,A,5,A,"(1, 4, 9)",I,A,C#,A,1217.25,515.0
9739,E,A,5,A,"(1, 4, 9)",I,A,C#,A,1217.375,515.0
9740,E,A,5,A,"(1, 4, 9)",I,A,C#,A,1217.5,515.0
9741,E,A,5,A,"(1, 4, 9)",I,A,C#,A,1217.625,515.0
9742,E,A,5,A,"(1, 4, 9)",I,A,C#,A,1217.75,515.0
9743,E,A,5,A,"(1, 4, 9)",I,A,C#,A,1217.875,515.0
9744,E,A,5,A,"(1, 4, 9)",I,A,C#,A,1218.0,515.0
9745,E,A,5,A,"(1, 4, 9)",I,A,C#,A,1218.125,515.0
9746,E,A,5,A,"(1, 4, 9)",I,A,C#,A,1218.25,515.0
9747,E,A,5,A,"(1, 4, 9)",I,A,C#,A,1218.375,515.0
9748,E,A,5,A,"(1, 4, 9)",I,A,C#,A,1218.5,515.0
9749,E,A,5,A,"(1, 4, 9)",I,A,C#,A,1218.625,515.0
9750,E,A,5,A,"(1, 4, 9)",I,A,C#,A,1218.75,515.0
9751,E,A,5,A,"(1, 4, 9)",I,A,C#,A,1218.875,515.0
9752,E,G#,0,A,"(4, 8, 11)",V,E,B,A,1219.0,516.0
9753,E,G#,1,A,"(4, 8, 11)",V,E,B,A,1219.125,516.0
9754,E,G#,2,A,"(4, 8, 11)",V,E,B,A,1219.25,516.0
9755,E,G#,2,A,"(4, 8, 11)",V,E,B,A,1219.375,516.0
9756,E,G#,3,A,"(4, 8, 11)",V,E,B,A,1219.5,516.0
9757,E,G#,3,A,"(4, 8, 11)",V,E,B,A,1219.625,516.0
9758,E,G#,3,A,"(4, 8, 11)",V,E,B,A,1219.75,516.0
9759,E,G#,3,A,"(4, 8, 11)",V,E,B,A,1219.875,516.0
9760,E,G#,4,A,"(4, 8, 11)",V,E,B,A,1220.0,516.0
9761,E,G#,4,A,"(4, 8, 11)",V,E,B,A,1220.125,516.0
9762,E,G#,4,A,"(4, 8, 11)",V,E,B,A,1220.25,516.0
9763,E,G#,4,A,"(4, 8, 11)",V,E,B,A,1220.375,516.0
9764,E,G#,4,A,"(4, 8, 11)",V,E,B,A,1220.5,516.0
9765,E,G#,4,A,"(4, 8, 11)",V,E,B,A,1220.625,516.0
9766,E,G#,4,A,"(4, 8, 11)",V,E,B,A,1220.75,516.0
9767,E,G#,4,A,"(4, 8, 11)",V,E,B,A,1220.875,516.0
9768,B,E,5,A,"(4, 8, 11)",V,E,B,A,1221.0,516.0
9769,B,E,5,A,"(4, 8, 11)",V,E,B,A,1221.125,516.0
9770,B,E,5,A,"(4, 8, 11)",V,E,B,A,1221.25,516.0
9771,B,E,5,A,"(4, 8, 11)",V,E,B,A,1221.375,516.0
9772,B,E,5,A,"(4, 8, 11)",V,E,B,A,1221.5,516.0
9773,B,E,5,A,"(4, 8, 11)",V,E,B,A,1221.625,516.0
9774,B,E,5,A,"(4, 8, 11)",V,E,B,A,1221.75,516.0
9775,B,E,5,A,"(4, 8, 11)",V,E,B,A,1221.875,516.0
9776,B,E,5,A,"(4, 8, 11)",V,E,B,A,1222.0,516.0
9777,B,E,5,A,"(4, 8, 11)",V,E,B,A,1222.125,516.0
9778,B,E,5,A,"(4, 8, 11)",V,E,B,A,1222.25,516.0
9779,B,E,5,A,"(4, 8, 11)",V,E,B,A,1222.375,516.0
9780,B,E,5,A,"(4, 8, 11)",V,E,B,A,1222.5,516.0
9781,B,E,5,A,"(4, 8, 11)",V,E,B,A,1222.625,516.0
9782,B,E,5,A,"(4, 8, 11)",V,E,B,A,1222.75,516.0
9783,B,E,5,A,"(4, 8, 11)",V,E,G#,A,1222.875,516.0
9784,E,A,0,A,"(1, 4, 9)",I,A,C#,A,1223.0,517.0
9785,E,A,1,A,"(1, 4, 9)",I,A,C#,A,1223.125,517.0
9786,E,A,2,A,"(1, 4, 9)",I,A,C#,A,1223.25,517.0
9787,E,A,2,A,"(1, 4, 9)",I,A,C#,A,1223.375,517.0
9788,E,A,3,A,"(1, 4, 9)",I,A,C#,A,1223.5,517.0
9789,E,A,3,A,"(1, 4, 9)",I,A,C#,A,1223.625,517.0
9790,E,A,3,A,"(1, 4, 9)",I,A,C#,A,1223.75,517.0
9791,E,A,3,A,"(1, 4, 9)",I,A,C#,A,1223.875,517.0
9792,E,A,4,A,"(1, 4, 9)",I,A,C#,A,1224.0,517.0
9793,E,A,4,A,"(1, 4, 9)",I,A,C#,A,1224.125,517.0
9794,E,A,4,A,"(1, 4, 9)",I,A,C#,A,1224.25,517.0
9795,E,A,4,A,"(1, 4, 9)",I,A,C#,A,1224.375,517.0
9796,E,A,4,A,"(1, 4, 9)",I,A,C#,A,1224.5,517.0
9797,E,A,4,A,"(1, 4, 9)",I,A,C#,A,1224.625,517.0
9798,E,A,4,A,"(1, 4, 9)",I,A,C#,A,1224.75,517.0
9799,E,A,4,A,"(1, 4, 9)",I,A,C#,A,1224.875,517.0
9800,D,G#,0,A,"(2, 4, 8, 11)",V7,E,B,A,1225.0,517.0
9801,D,G#,1,A,"(2, 4, 8, 11)",V7,E,B,A,1225.125,517.0
9802,D,G#,2,A,"(2, 4, 8, 11)",V7,E,B,A,1225.25,517.0
9803,D,G#,2,A,"(2, 4, 8, 11)",V7,E,B,A,1225.375,517.0
9804,D,G#,3,A,"(2, 4, 8, 11)",V7,E,B,A,1225.5,517.0
9805,D,G#,3,A,"(2, 4, 8, 11)",V7,E,B,A,1225.625,517.0
9806,D,G#,3,A,"(2, 4, 8, 11)",V7,E,B,A,1225.75,517.0
9807,D,G#,3,A,"(2, 4, 8, 11)",V7,E,B,A,1225.875,517.0
9808,E,A,0,A,"(1, 4, 9)",I,A,C#,A,1226.0,517.0
9809,E,A,1,A,"(1, 4, 9)",I,A,C#,A,1226.125,517.0
9810,E,A,2,A,"(1, 4, 9)",I,A,C#,A,1226.25,517.0
9811,E,A,2,A,"(1, 4, 9)",I,A,C#,A,1226.375,517.0
9812,E,A,3,A,"(1, 4, 9)",I,A,C#,A,1226.5,517.0
9813,E,A,3,A,"(1, 4, 9)",I,A,C#,A,1226.625,517.0
9814,E,A,3,A,"(1, 4, 9)",I,A,C#,A,1226.75,517.0
9815,E,A,3,A,"(1, 4, 9)",I,A,C#,A,1226.875,517.0
9816,B,E,0,A,"(4, 8, 11)",V,E,G#,A,1227.0,518.0
9817,B,E,1,A,"(4, 8, 11)",V,E,G#,A,1227.125,518.0
9818,B,E,2,A,"(4, 8, 11)",V,E,G#,A,1227.25,518.0
9819,B,E,2,A,"(4, 8, 11)",V,E,G#,A,1227.375,518.0
9820,B,E,3,A,"(4, 8, 11)",V,E,G#,A,1227.5,518.0
9821,B,E,3,A,"(4, 8, 11)",V,E,G#,A,1227.625,518.0
9822,B,E,3,A,"(4, 8, 11)",V,E,G#,A,1227.75,518.0
9823,B,E,3,A,"(4, 8, 11)",V,E,G#,A,1227.875,518.0
9824,B,E,4,A,"(4, 8, 11)",V,E,G#,A,1228.0,518.0
9825,B,E,4,A,"(4, 8, 11)",V,E,G#,A,1228.125,518.0
9826,B,E,4,A,"(4, 8, 11)",V,E,G#,A,1228.25,518.0
9827,B,E,4,A,"(4, 8, 11)",V,E,G#,A,1228.375,518.0
9828,B,E,4,A,"(4, 8, 11)",V,E,G#,A,1228.5,518.0
9829,B,E,4,A,"(4, 8, 11)",V,E,G#,A,1228.625,518.0
9830,B,E,4,A,"(4, 8, 11)",V,E,G#,A,1228.75,518.0
9831,B,E,4,A,"(4, 8, 11)",V,E,G#,A,1228.875,518.0
9832,B,E,5,A,"(4, 8, 11)",V,E,G#,A,1229.0,518.0
9833,B,E,5,A,"(4, 8, 11)",V,E,G#,A,1229.125,518.0
9834,B,E,5,A,"(4, 8, 11)",V,E,G#,A,1229.25,518.0
9835,B,E,5,A,"(4, 8, 11)",V,E,G#,A,1229.375,518.0
9836,B,E,5,A,"(4, 8, 11)",V,E,G#,A,1229.5,518.0
9837,B,E,5,A,"(4, 8, 11)",V,E,G#,A,1229.625,518.0
9838,B,E,5,A,"(4, 8, 11)",V,E,G#,A,1229.75,518.0
9839,B,E,5,A,"(4, 8, 11)",V,E,G#,A,1229.875,518.0
9840,B,E,5,A,"(4, 8, 11)",V,E,G#,A,1230.0,518.0
9841,B,E,5,A,"(4, 8, 11)",V,E,G#,A,1230.125,518.0
9842,B,E,5,A,"(4, 8, 11)",V,E,G#,A,1230.25,518.0
9843,B,E,5,A,"(4, 8, 11)",V,E,G#,A,1230.375,518.0
9844,B,E,5,A,"(4, 8, 11)",V,E,G#,A,1230.5,518.0
9845,B,E,5,A,"(4, 8, 11)",V,E,G#,A,1230.625,518.0
9846,B,E,5,A,"(4, 8, 11)",V,E,G#,A,1230.75,518.0
9847,B,E,5,A,"(4, 8, 11)",V,E,G#,A,1230.875,518.0
9848,E,A,0,A,"(1, 4, 9)",I,A,C#,A,1231.0,519.0
9849,E,A,1,A,"(1, 4, 9)",I,A,C#,A,1231.125,519.0
9850,E,A,2,A,"(1, 4, 9)",I,A,C#,A,1231.25,519.0
9851,E,A,2,A,"(1, 4, 9)",I,A,C#,A,1231.375,519.0
9852,E,A,3,A,"(1, 4, 9)",I,A,C#,A,1231.5,519.0
9853,E,A,3,A,"(1, 4, 9)",I,A,C#,A,1231.625,519.0
9854,E,A,3,A,"(1, 4, 9)",I,A,C#,A,1231.75,519.0
9855,E,A,3,A,"(1, 4, 9)",I,A,C#,A,1231.875,519.0
9856,E,A,4,A,"(1, 4, 9)",I,A,C#,A,1232.0,519.0
9857,E,A,4,A,"(1, 4, 9)",I,A,C#,A,1232.125,519.0
9858,E,A,4,A,"(1, 4, 9)",I,A,C#,A,1232.25,519.0
9859,E,A,4,A,"(1, 4, 9)",I,A,C#,A,1232.375,519.0
9860,E,A,4,A,"(1, 4, 9)",I,A,C#,A,1232.5,519.0
9861,E,A,4,A,"(1, 4, 9)",I,A,C#,A,1232.625,519.0
9862,E,A,4,A,"(1, 4, 9)",I,A,C#,A,1232.75,519.0
9863,E,A,4,A,"(1, 4, 9)",I,A,C#,A,1232.875,519.0
9864,E,A,5,A,"(1, 4, 9)",I,A,C#,A,1233.0,519.0
9865,E,A,5,A,"(1, 4, 9)",I,A,C#,A,1233.125,519.0
9866,E,A,5,A,"(1, 4, 9)",I,A,C#,A,1233.25,519.0
9867,E,A,5,A,"(1, 4, 9)",I,A,C#,A,1233.375,519.0
9868,E,A,5,A,"(1, 4, 9)",I,A,C#,A,1233.5,519.0
9869,E,A,5,A,"(1, 4, 9)",I,A,C#,A,1233.625,519.0
9870,E,A,5,A,"(1, 4, 9)",I,A,C#,A,1233.75,519.0
9871,E,A,5,A,"(1, 4, 9)",I,A,C#,A,1233.875,519.0
9872,E,A,5,A,"(1, 4, 9)",I,A,C#,A,1234.0,519.0
9873,E,A,5,A,"(1, 4, 9)",I,A,C#,A,1234.125,519.0
9874,E,A,5,A,"(1, 4, 9)",I,A,C#,A,1234.25,519.0
9875,E,A,5,A,"(1, 4, 9)",I,A,C#,A,1234.375,519.0
9876,E,A,5,A,"(1, 4, 9)",I,A,C#,A,1234.5,519.0
9877,E,A,5,A,"(1, 4, 9)",I,A,C#,A,1234.625,519.0
9878,E,A,5,A,"(1, 4, 9)",I,A,C#,A,1234.75,519.0
9879,E,A,5,A,"(1, 4, 9)",I,A,C#,A,1234.875,519.0
9880,E,G#,0,A,"(4, 8, 11)",V,E,B,A,1235.0,520.0
9881,E,G#,1,A,"(4, 8, 11)",V,E,B,A,1235.125,520.0
9882,E,G#,2,A,"(4, 8, 11)",V,E,B,A,1235.25,520.0
9883,E,G#,2,A,"(4, 8, 11)",V,E,B,A,1235.375,520.0
9884,E,G#,3,A,"(4, 8, 11)",V,E,B,A,1235.5,520.0
9885,E,G#,3,A,"(4, 8, 11)",V,E,B,A,1235.625,520.0
9886,E,G#,3,A,"(4, 8, 11)",V,E,B,A,1235.75,520.0
9887,E,G#,3,A,"(4, 8, 11)",V,E,B,A,1235.875,520.0
9888,E,G#,4,A,"(4, 8, 11)",V,E,B,A,1236.0,520.0
9889,E,G#,4,A,"(4, 8, 11)",V,E,B,A,1236.125,520.0
9890,E,G#,4,A,"(4, 8, 11)",V,E,B,A,1236.25,520.0
9891,E,G#,4,A,"(4, 8, 11)",V,E,B,A,1236.375,520.0
9892,E,G#,4,A,"(4, 8, 11)",V,E,B,A,1236.5,520.0
9893,E,G#,4,A,"(4, 8, 11)",V,E,B,A,1236.625,520.0
9894,E,G#,4,A,"(4, 8, 11)",V,E,B,A,1236.75,520.0
9895,E,G#,4,A,"(4, 8, 11)",V,E,B,A,1236.875,520.0
9896,E,E,5,A,"(4, 8, 11)",V,E,B,A,1237.0,520.0
9897,B,E,5,A,"(4, 8, 11)",V,E,B,A,1237.125,520.0
9898,B,E,5,A,"(4, 8, 11)",V,E,B,A,1237.25,520.0
9899,B,E,5,A,"(4, 8, 11)",V,E,B,A,1237.375,520.0
9900,B,E,5,A,"(4, 8, 11)",V,E,B,A,1237.5,520.0
9901,B,E,5,A,"(4, 8, 11)",V,E,B,A,1237.625,520.0
9902,B,E,5,A,"(4, 8, 11)",V,E,B,A,1237.75,520.0
9903,B,E,5,A,"(4, 8, 11)",V,E,B,A,1237.875,520.0
9904,B,E,5,A,"(4, 8, 11)",V,E,B,A,1238.0,520.0
9905,B,E,5,A,"(4, 8, 11)",V,E,B,A,1238.125,520.0
9906,B,E,5,A,"(4, 8, 11)",V,E,B,A,1238.25,520.0
9907,B,E,5,A,"(4, 8, 11)",V,E,B,A,1238.375,520.0
9908,B,E,5,A,"(4, 8, 11)",V,E,B,A,1238.5,520.0
9909,B,E,5,A,"(4, 8, 11)",V,E,B,A,1238.625,520.0
9910,B,E,5,A,"(4, 8, 11)",V,E,B,A,1238.75,520.0
9911,B,E,5,A,"(4, 8, 11)",V,E,B,A,1238.875,520.0
9912,E,A,0,A,"(1, 4, 9)",I,A,C#,A,1239.0,521.0
9913,E,A,1,A,"(1, 4, 9)",I,A,C#,A,1239.125,521.0
9914,E,A,2,A,"(1, 4, 9)",I,A,C#,A,1239.25,521.0
9915,E,A,2,A,"(1, 4, 9)",I,A,C#,A,1239.375,521.0
9916,E,A,3,A,"(1, 4, 9)",I,A,C#,A,1239.5,521.0
9917,E,A,3,A,"(1, 4, 9)",I,A,C#,A,1239.625,521.0
9918,E,A,3,A,"(1, 4, 9)",I,A,C#,A,1239.75,521.0
9919,E,A,3,A,"(1, 4, 9)",I,A,C#,A,1239.875,521.0
9920,E,A,4,A,"(1, 4, 9)",I,A,C#,A,1240.0,521.0
9921,E,A,4,A,"(1, 4, 9)",I,A,C#,A,1240.125,521.0
9922,E,A,4,A,"(1, 4, 9)",I,A,C#,A,1240.25,521.0
9923,E,A,4,A,"(1, 4, 9)",I,A,C#,A,1240.375,521.0
9924,E,A,4,A,"(1, 4, 9)",I,A,C#,A,1240.5,521.0
9925,E,A,4,A,"(1, 4, 9)",I,A,C#,A,1240.625,521.0
9926,E,A,4,A,"(1, 4, 9)",I,A,C#,A,1240.75,521.0
9927,E,A,4,A,"(1, 4, 9)",I,A,C#,A,1240.875,521.0
9928,D,G#,0,A,"(2, 4, 8, 11)",V7,E,B,A,1241.0,521.0
9929,D,G#,1,A,"(2, 4, 8, 11)",V7,E,B,A,1241.125,521.0
9930,D,G#,2,A,"(2, 4, 8, 11)",V7,E,B,A,1241.25,521.0
9931,D,G#,2,A,"(2, 4, 8, 11)",V7,E,B,A,1241.375,521.0
9932,D,G#,3,A,"(2, 4, 8, 11)",V7,E,B,A,1241.5,521.0
9933,D,G#,3,A,"(2, 4, 8, 11)",V7,E,B,A,1241.625,521.0
9934,D,G#,3,A,"(2, 4, 8, 11)",V7,E,B,A,1241.75,521.0
9935,D,G#,3,A,"(2, 4, 8, 11)",V7,E,B,A,1241.875,521.0
9936,E,A,0,A,"(1, 4, 9)",I,A,C#,A,1242.0,521.0
9937,E,A,1,A,"(1, 4, 9)",I,A,C#,A,1242.125,521.0
9938,E,A,2,A,"(1, 4, 9)",I,A,C#,A,1242.25,521.0
9939,E,A,2,A,"(1, 4, 9)",I,A,C#,A,1242.375,521.0
9940,E,A,3,A,"(1, 4, 9)",I,A,C#,A,1242.5,521.0
9941,E,A,3,A,"(1, 4, 9)",I,A,C#,A,1242.625,521.0
9942,E,A,3,A,"(1, 4, 9)",I,A,C#,A,1242.75,521.0
9943,E,A,3,A,"(1, 4, 9)",I,A,C#,A,1242.875,521.0
9944,B,E,0,A,"(4, 8, 11)",V,E,G#,A,1243.0,522.0
9945,B,E,1,A,"(4, 8, 11)",V,E,G#,A,1243.125,522.0
9946,B,E,2,A,"(4, 8, 11)",V,E,G#,A,1243.25,522.0
9947,B,E,2,A,"(4, 8, 11)",V,E,G#,A,1243.375,522.0
9948,B,E,3,A,"(4, 8, 11)",V,E,G#,A,1243.5,522.0
9949,B,E,3,A,"(4, 8, 11)",V,E,G#,A,1243.625,522.0
9950,B,E,3,A,"(4, 8, 11)",V,E,G#,A,1243.75,522.0
9951,B,E,3,A,"(4, 8, 11)",V,E,G#,A,1243.875,522.0
9952,B,E,4,A,"(4, 8, 11)",V,E,G#,A,1244.0,522.0
9953,B,E,4,A,"(4, 8, 11)",V,E,G#,A,1244.125,522.0
9954,B,E,4,A,"(4, 8, 11)",V,E,G#,A,1244.25,522.0
9955,B,E,4,A,"(4, 8, 11)",V,E,G#,A,1244.375,522.0
9956,B,E,4,A,"(4, 8, 11)",V,E,G#,A,1244.5,522.0
9957,B,E,4,A,"(4, 8, 11)",V,E,G#,A,1244.625,522.0
9958,B,E,4,A,"(4, 8, 11)",V,E,G#,A,1244.75,522.0
9959,B,E,4,A,"(4, 8, 11)",V,E,G#,A,1244.875,522.0
9960,B,E,5,A,"(4, 8, 11)",V,E,G#,A,1245.0,522.0
9961,B,E,5,A,"(4, 8, 11)",V,E,G#,A,1245.125,522.0
9962,B,E,5,A,"(4, 8, 11)",V,E,G#,A,1245.25,522.0
9963,B,E,5,A,"(4, 8, 11)",V,E,G#,A,1245.375,522.0
9964,B,E,5,A,"(4, 8, 11)",V,E,G#,A,1245.5,522.0
9965,B,E,5,A,"(4, 8, 11)",V,E,G#,A,1245.625,522.0
9966,B,E,5,A,"(4, 8, 11)",V,E,G#,A,1245.75,522.0
9967,B,E,5,A,"(4, 8, 11)",V,E,G#,A,1245.875,522.0
9968,B,B,5,A,"(4, 8, 11)",V,E,E,A,1246.0,522.0
9969,G#,B,5,A,"(4, 8, 11)",V,E,E,A,1246.125,522.0
9970,B,B,5,A,"(4, 8, 11)",V,E,E,A,1246.25,522.0
9971,B,B,5,A,"(4, 8, 11)",V,E,E,A,1246.375,522.0
9972,B,B,5,A,"(4, 8, 11)",V,E,E,A,1246.5,522.0
9973,B,B,5,A,"(4, 8, 11)",V,E,E,A,1246.625,522.0
9974,B,B,5,A,"(4, 8, 11)",V,E,E,A,1246.75,522.0
9975,B,B,5,A,"(4, 8, 11)",V,E,E,A,1246.875,522.0
9976,B,D#,0,A,"(3, 6, 11)",V,B,F#,E,1247.0,523.0
9977,B,D#,1,A,"(3, 6, 11)",V,B,F#,E,1247.125,523.0
9978,B,D#,2,A,"(3, 6, 11)",V,B,F#,E,1247.25,523.0
9979,B,D#,2,A,"(3, 6, 11)",V,B,F#,E,1247.375,523.0
9980,B,D#,3,A,"(3, 6, 11)",V,B,F#,E,1247.5,523.0
9981,B,D#,3,A,"(3, 6, 11)",V,B,F#,E,1247.625,523.0
9982,B,D#,3,A,"(3, 6, 11)",V,B,F#,E,1247.75,523.0
9983,B,D#,3,A,"(3, 6, 11)",V,B,F#,E,1247.875,523.0
9984,F#,D#,4,A,"(3, 6, 11)",V,B,F#,E,1248.0,523.0
9985,F#,D#,4,A,"(3, 6, 11)",V,B,F#,E,1248.125,523.0
9986,F#,D#,4,A,"(3, 6, 11)",V,B,F#,E,1248.25,523.0
9987,F#,D#,4,A,"(3, 6, 11)",V,B,F#,E,1248.375,523.0
9988,F#,D#,4,A,"(3, 6, 11)",V,B,F#,E,1248.5,523.0
9989,F#,D#,4,A,"(3, 6, 11)",V,B,F#,E,1248.625,523.0
9990,F#,D#,4,A,"(3, 6, 11)",V,B,F#,E,1248.75,523.0
9991,F#,D#,4,A,"(3, 6, 11)",V,B,F#,E,1248.875,523.0
9992,F#,B,5,A,"(3, 6, 9, 11)",V,B,D#,E,1249.0,523.0
9993,F#,B,5,A,"(3, 6, 9, 11)",V,B,D#,E,1249.125,523.0
9994,F#,B,5,A,"(3, 6, 9, 11)",V,B,D#,E,1249.25,523.0
9995,F#,B,5,A,"(3, 6, 9, 11)",V,B,D#,E,1249.375,523.0
9996,F#,B,5,A,"(3, 6, 9, 11)",V,B,D#,E,1249.5,523.0
9997,F#,B,5,A,"(3, 6, 9, 11)",V,B,D#,E,1249.625,523.0
9998,F#,B,5,A,"(3, 6, 9, 11)",V,B,D#,E,1249.75,523.0
9999,F#,B,5,A,"(3, 6, 9, 11)",V,B,D#,E,1249.875,523.0
10000,F#,B,5,A,"(3, 6, 9, 11)",V,B,D#,E,1250.0,523.0
10001,F#,B,5,A,"(3, 6, 9, 11)",V,B,D#,E,1250.125,523.0
10002,F#,B,5,A,"(3, 6, 9, 11)",V,B,D#,E,1250.25,523.0
10003,F#,B,5,A,"(3, 6, 9, 11)",V,B,D#,E,1250.375,523.0
10004,F#,B,5,A,"(3, 6, 9, 11)",V,B,D#,E,1250.5,523.0
10005,F#,B,5,A,"(3, 6, 9, 11)",V7,B,D#,E,1250.625,523.0
10006,F#,B,5,A,"(3, 6, 9, 11)",V7,B,D#,E,1250.75,523.0
10007,F#,B,5,A,"(3, 6, 9, 11)",V7,B,D#,E,1250.875,523.0
10008,B,E,0,A,"(4, 8, 11)",V,E,G#,A,1251.0,524.0
10009,B,E,1,A,"(4, 8, 11)",V,E,G#,A,1251.125,524.0
10010,B,E,2,A,"(4, 8, 11)",V,E,G#,A,1251.25,524.0
10011,B,E,2,A,"(4, 8, 11)",V,E,G#,A,1251.375,524.0
10012,B,E,3,A,"(4, 8, 11)",V,E,G#,A,1251.5,524.0
10013,B,E,3,A,"(4, 8, 11)",V,E,G#,A,1251.625,524.0
10014,B,E,3,A,"(4, 8, 11)",V,E,G#,A,1251.75,524.0
10015,B,E,3,A,"(4, 8, 11)",V,E,G#,A,1251.875,524.0
10016,B,E,4,A,"(4, 8, 11)",V,E,G#,A,1252.0,524.0
10017,B,E,4,A,"(4, 8, 11)",V,E,G#,A,1252.125,524.0
10018,B,E,4,A,"(4, 8, 11)",V,E,G#,A,1252.25,524.0
10019,B,E,4,A,"(4, 8, 11)",V,E,G#,A,1252.375,524.0
10020,B,E,4,A,"(4, 8, 11)",V,E,E,A,1252.5,524.0
10021,B,E,4,A,"(4, 8, 11)",V,E,E,A,1252.625,524.0
10022,B,E,4,A,"(4, 8, 11)",V,E,E,A,1252.75,524.0
10023,B,E,4,A,"(4, 8, 11)",V,E,E,A,1252.875,524.0
10024,G#,B,5,A,"(4, 8, 11)",V,E,E,A,1253.0,524.0
10025,G#,B,5,A,"(4, 8, 11)",V,E,E,A,1253.125,524.0
10026,G#,B,5,A,"(4, 8, 11)",V,E,E,A,1253.25,524.0
10027,G#,B,5,A,"(4, 8, 11)",V,E,E,A,1253.375,524.0
10028,G#,B,5,A,"(4, 8, 11)",V,E,E,A,1253.5,524.0
10029,G#,B,5,A,"(4, 8, 11)",V,E,E,A,1253.625,524.0
10030,G#,B,5,A,"(4, 8, 11)",V,E,E,A,1253.75,524.0
10031,G#,B,5,A,"(4, 8, 11)",V,E,E,A,1253.875,524.0
10032,G#,B,5,A,"(4, 8, 11)",V,E,E,A,1254.0,524.0
10033,G#,B,5,A,"(4, 8, 11)",V,E,E,A,1254.125,524.0
10034,G#,B,5,A,"(4, 8, 11)",V,E,E,A,1254.25,524.0
10035,G#,B,5,A,"(4, 8, 11)",V,E,E,A,1254.375,524.0
10036,G#,B,5,A,"(4, 8, 11)",V,E,E,A,1254.5,524.0
10037,G#,B,5,A,"(4, 8, 11)",V,E,E,A,1254.625,524.0
10038,G#,B,5,A,"(4, 8, 11)",V,E,E,A,1254.75,524.0
10039,G#,B,5,A,"(4, 8, 11)",V,E,E,A,1254.875,524.0
10040,B,D#,0,A,"(3, 6, 11)",V,B,F#,E,1255.0,525.0
10041,B,D#,1,A,"(3, 6, 11)",V,B,F#,E,1255.125,525.0
10042,B,D#,2,A,"(3, 6, 11)",V,B,F#,E,1255.25,525.0
10043,B,D#,2,A,"(3, 6, 11)",V,B,F#,E,1255.375,525.0
10044,B,D#,3,A,"(3, 6, 11)",V,B,F#,E,1255.5,525.0
10045,B,D#,3,A,"(3, 6, 11)",V,B,F#,E,1255.625,525.0
10046,B,D#,3,A,"(3, 6, 11)",V,B,F#,E,1255.75,525.0
10047,B,D#,3,A,"(3, 6, 11)",V,B,F#,E,1255.875,525.0
10048,B,D#,4,A,"(3, 6, 11)",V,B,F#,E,1256.0,525.0
10049,B,D#,4,A,"(3, 6, 11)",V,B,F#,E,1256.125,525.0
10050,B,D#,4,A,"(3, 6, 11)",V,B,F#,E,1256.25,525.0
10051,B,D#,4,A,"(3, 6, 11)",V,B,F#,E,1256.375,525.0
10052,F#,D#,4,A,"(3, 6, 11)",V,B,F#,E,1256.5,525.0
10053,F#,D#,4,A,"(3, 6, 11)",V,B,F#,E,1256.625,525.0
10054,F#,D#,4,A,"(3, 6, 11)",V,B,F#,E,1256.75,525.0
10055,F#,D#,4,A,"(3, 6, 11)",V,B,F#,E,1256.875,525.0
10056,F#,B,5,A,"(3, 6, 9, 11)",V7,B,D#,E,1257.0,525.0
10057,F#,B,5,A,"(3, 6, 9, 11)",V7,B,D#,E,1257.125,525.0
10058,F#,B,5,A,"(3, 6, 9, 11)",V7,B,D#,E,1257.25,525.0
10059,F#,B,5,A,"(3, 6, 9, 11)",V7,B,D#,E,1257.375,525.0
10060,F#,B,5,A,"(3, 6, 9, 11)",V7,B,D#,E,1257.5,525.0
10061,F#,B,5,A,"(3, 6, 9, 11)",V7,B,D#,E,1257.625,525.0
10062,F#,B,5,A,"(3, 6, 9, 11)",V7,B,D#,E,1257.75,525.0
10063,F#,B,5,A,"(3, 6, 9, 11)",V7,B,D#,E,1257.875,525.0
10064,F#,B,5,A,"(3, 6, 9, 11)",V7,B,D#,E,1258.0,525.0
10065,F#,B,5,A,"(3, 6, 9, 11)",V7,B,D#,E,1258.125,525.0
10066,F#,B,5,A,"(3, 6, 9, 11)",V7,B,D#,E,1258.25,525.0
10067,F#,B,5,A,"(3, 6, 9, 11)",V7,B,D#,E,1258.375,525.0
10068,F#,B,5,A,"(3, 6, 9, 11)",V7,B,D#,E,1258.5,525.0
10069,F#,B,5,A,"(3, 6, 9, 11)",V7,B,D#,E,1258.625,525.0
10070,F#,B,5,A,"(3, 6, 9, 11)",V7,B,D#,E,1258.75,525.0
10071,F#,B,5,A,"(3, 6, 9, 11)",V7,B,D#,E,1258.875,525.0
10072,B,E,0,A,"(4, 8, 11)",V,E,G#,E,1259.0,526.0
10073,B,E,1,A,"(4, 8, 11)",V,E,G#,A,1259.125,526.0
10074,B,E,2,A,"(4, 8, 11)",V,E,G#,A,1259.25,526.0
10075,B,E,2,A,"(4, 8, 11)",V,E,G#,A,1259.375,526.0
10076,B,E,3,A,"(4, 8, 11)",V,E,G#,A,1259.5,526.0
10077,B,E,3,A,"(4, 8, 11)",V,E,G#,A,1259.625,526.0
10078,B,E,3,A,"(4, 8, 11)",V,E,G#,A,1259.75,526.0
10079,B,E,3,A,"(4, 8, 11)",V,E,G#,A,1259.875,526.0
10080,B,E,4,A,"(4, 8, 11)",V,E,G#,A,1260.0,526.0
10081,B,E,4,A,"(4, 8, 11)",V,E,G#,A,1260.125,526.0
10082,B,E,4,A,"(4, 8, 11)",V,E,G#,A,1260.25,526.0
10083,B,E,4,A,"(4, 8, 11)",V,E,G#,A,1260.375,526.0
10084,B,E,4,A,"(4, 8, 11)",V,E,G#,A,1260.5,526.0
10085,B,E,4,A,"(4, 8, 11)",V,E,G#,A,1260.625,526.0
10086,B,E,4,A,"(4, 8, 11)",V,E,G#,A,1260.75,526.0
10087,B,E,4,A,"(4, 8, 11)",V,E,G#,A,1260.875,526.0
10088,E,E,5,A,"(4, 8, 11)",V,E,G#,A,1261.0,526.0
10089,E,E,5,A,"(4, 8, 11)",V,E,G#,A,1261.125,526.0
10090,E,E,5,A,"(4, 8, 11)",V,E,B,A,1261.25,526.0
10091,E,E,5,A,"(4, 8, 11)",V,E,B,A,1261.375,526.0
10092,E,E,5,A,"(4, 8, 11)",V,E,B,A,1261.5,526.0
10093,E,E,5,A,"(4, 8, 11)",V,E,B,A,1261.625,526.0
10094,E,E,5,A,"(4, 8, 11)",V,E,B,A,1261.75,526.0
10095,E,E,5,A,"(4, 8, 11)",V,E,B,A,1261.875,526.0
10096,E,G#,5,A,"(4, 8, 11)",I,E,B,A,1262.0,526.0
10097,E,G#,5,A,"(4, 8, 11)",I,E,B,A,1262.125,526.0
10098,E,G#,5,A,"(4, 8, 11)",I,E,B,A,1262.25,526.0
10099,E,G#,5,A,"(4, 8, 11)",I,E,B,A,1262.375,526.0
10100,E,G#,5,A,"(4, 8, 11)",I,E,B,A,1262.5,526.0
10101,E,G#,5,A,"(4, 8, 11)",I,E,B,A,1262.625,526.0
10102,E,G#,5,A,"(4, 8, 11)",I,E,B,A,1262.75,526.0
10103,E,G#,5,A,"(4, 8, 11)",I,E,B,A,1262.875,526.0
10104,E,A,0,A,"(1, 4, 9)",I,A,C#,A,1263.0,527.0
10105,E,A,1,A,"(1, 4, 9)",I,A,C#,A,1263.125,527.0
10106,E,A,2,A,"(1, 4, 9)",I,A,C#,A,1263.25,527.0
10107,E,A,2,A,"(1, 4, 9)",I,A,C#,A,1263.375,527.0
10108,E,A,3,A,"(1, 4, 9)",I,A,C#,A,1263.5,527.0
10109,E,A,3,A,"(1, 4, 9)",I,A,C#,A,1263.625,527.0
10110,E,A,3,A,"(1, 4, 9)",I,A,C#,A,1263.75,527.0
10111,E,A,3,A,"(1, 4, 9)",I,A,C#,A,1263.875,527.0
10112,F#,A,4,A,"(1, 6, 9)",ii,F#,C#,A,1264.0,527.0
10113,F#,A,4,A,"(1, 6, 9)",ii,F#,C#,E,1264.125,527.0
10114,F#,A,4,A,"(1, 6, 9)",ii,F#,C#,E,1264.25,527.0
10115,F#,A,4,A,"(1, 6, 9)",ii,F#,C#,E,1264.375,527.0
10116,F#,A,4,A,"(1, 6, 9)",ii,F#,C#,E,1264.5,527.0
10117,F#,A,4,A,"(1, 6, 9)",ii,F#,C#,E,1264.625,527.0
10118,F#,A,4,A,"(1, 6, 9)",ii,F#,C#,E,1264.75,527.0
10119,F#,A,4,A,"(1, 6, 9)",ii,F#,C#,E,1264.875,527.0
10120,F#,B,0,A,"(3, 6, 9, 11)",V7,A,D#,E,1265.0,527.0
10121,F#,B,1,A,"(3, 6, 9, 11)",V7,A,D#,E,1265.125,527.0
10122,F#,B,2,A,"(3, 6, 9, 11)",V7,A,D#,E,1265.25,527.0
10123,F#,B,2,A,"(3, 6, 9, 11)",V7,A,D#,E,1265.375,527.0
10124,F#,B,3,A,"(3, 6, 9, 11)",V7,A,D#,E,1265.5,527.0
10125,F#,B,3,A,"(3, 6, 9, 11)",V7,A,D#,E,1265.625,527.0
10126,F#,B,3,A,"(3, 6, 9, 11)",V7,A,D#,E,1265.75,527.0
10127,F#,B,3,A,"(3, 6, 9, 11)",V7,A,D#,E,1265.875,527.0
10128,F#,B,4,A,"(3, 6, 9, 11)",V7,A,D#,E,1266.0,527.0
10129,F#,B,4,A,"(3, 6, 9, 11)",V7,A,D#,E,1266.125,527.0
10130,F#,B,4,A,"(3, 6, 9, 11)",V7,A,D#,E,1266.25,527.0
10131,F#,B,4,A,"(3, 6, 9, 11)",V7,A,D#,E,1266.375,527.0
10132,F#,B,4,A,"(3, 6, 9, 11)",V7,A,D#,E,1266.5,527.0
10133,F#,B,4,A,"(3, 6, 9, 11)",V7,A,D#,E,1266.625,527.0
10134,F#,B,4,A,"(3, 6, 9, 11)",V7,A,D#,E,1266.75,527.0
10135,F#,B,4,A,"(3, 6, 9, 11)",V7,A,D#,E,1266.875,527.0
10136,B,E,0,A,"(4, 8, 11)",I,E,G#,E,1267.0,528.0
10137,B,E,1,A,"(4, 8, 11)",I,E,G#,E,1267.125,528.0
10138,B,E,2,A,"(4, 8, 11)",I,E,G#,E,1267.25,528.0
10139,B,E,2,A,"(4, 8, 11)",I,E,G#,E,1267.375,528.0
10140,B,E,3,A,"(4, 8, 11)",I,E,G#,E,1267.5,528.0
10141,B,E,3,A,"(4, 8, 11)",I,E,G#,E,1267.625,528.0
10142,B,E,3,A,"(4, 8, 11)",I,E,G#,E,1267.75,528.0
10143,B,E,3,A,"(4, 8, 11)",I,E,G#,E,1267.875,528.0
10144,B,E,4,A,"(4, 8, 11)",I,E,G#,A,1268.0,528.0
10145,B,E,4,A,"(4, 8, 11)",I,E,G#,A,1268.125,528.0
10146,B,E,4,A,"(4, 8, 11)",I,E,G#,A,1268.25,528.0
10147,B,E,4,A,"(4, 8, 11)",I,E,G#,A,1268.375,528.0
10148,B,E,4,A,"(4, 8, 11)",I,E,G#,A,1268.5,528.0
10149,B,E,4,A,"(4, 8, 11)",I,E,G#,A,1268.625,528.0
10150,B,E,4,A,"(4, 8, 11)",I,E,G#,A,1268.75,528.0
10151,B,E,4,A,"(4, 8, 11)",I,E,G#,A,1268.875,528.0
10152,B,E,5,A,"(4, 8, 11)",I,E,G#,A,1269.0,528.0
10153,B,E,5,A,"(4, 8, 11)",I,E,G#,A,1269.125,528.0
10154,B,E,5,A,"(4, 8, 11)",I,E,G#,A,1269.25,528.0
10155,B,E,5,A,"(4, 8, 11)",I,E,G#,A,1269.375,528.0
10156,B,E,5,A,"(4, 8, 11)",I,E,G#,A,1269.5,528.0
10157,B,E,5,A,"(4, 8, 11)",I,E,G#,A,1269.625,528.0
10158,B,E,5,A,"(4, 8, 11)",I,E,G#,A,1269.75,528.0
10159,B,E,5,A,"(4, 8, 11)",I,E,G#,A,1269.875,528.0
10160,E,G#,0,A,"(4, 8, 11)",I,E,B,A,1270.0,528.0
10161,E,G#,1,A,"(4, 8, 11)",I,E,B,A,1270.125,528.0
10162,E,G#,2,A,"(4, 8, 11)",I,E,B,A,1270.25,528.0
10163,E,G#,2,A,"(4, 8, 11)",I,E,B,A,1270.375,528.0
10164,E,G#,3,A,"(4, 8, 11)",I,E,B,A,1270.5,528.0
10165,E,G#,3,A,"(4, 8, 11)",I,E,B,A,1270.625,528.0
10166,E,G#,3,A,"(4, 8, 11)",I,E,B,A,1270.75,528.0
10167,E,G#,3,A,"(4, 8, 11)",I,E,B,A,1270.875,528.0
10168,E,A,0,A,"(1, 4, 9)",I,A,C#,A,1271.0,529.0
10169,E,A,1,A,"(1, 4, 9)",I,A,C#,A,1271.125,529.0
10170,E,A,2,A,"(1, 4, 9)",I,A,C#,A,1271.25,529.0
10171,E,A,2,A,"(1, 4, 9)",I,A,C#,A,1271.375,529.0
10172,E,A,3,A,"(1, 4, 9)",I,A,C#,A,1271.5,529.0
10173,E,A,3,A,"(1, 4, 9)",I,A,C#,A,1271.625,529.0
10174,E,A,3,A,"(1, 4, 9)",I,A,C#,A,1271.75,529.0
10175,E,A,3,A,"(1, 4, 9)",I,A,C#,A,1271.875,529.0
10176,F#,A,4,A,"(1, 6, 9)",ii,F#,C#,E,1272.0,529.0
10177,F#,A,4,A,"(1, 6, 9)",ii,F#,C#,E,1272.125,529.0
10178,F#,A,4,A,"(1, 6, 9)",ii,F#,C#,E,1272.25,529.0
10179,F#,A,4,A,"(1, 6, 9)",ii,F#,C#,E,1272.375,529.0
10180,F#,A,4,A,"(1, 6, 9)",ii,F#,C#,E,1272.5,529.0
10181,F#,A,4,A,"(1, 6, 9)",ii,F#,C#,E,1272.625,529.0
10182,F#,A,4,A,"(1, 6, 9)",ii,F#,C#,E,1272.75,529.0
10183,F#,A,4,A,"(1, 6, 9)",ii,F#,C#,E,1272.875,529.0
10184,F#,B,0,A,"(3, 6, 9, 11)",V7,A,D#,E,1273.0,529.0
10185,F#,B,1,A,"(3, 6, 9, 11)",V7,A,D#,E,1273.125,529.0
10186,F#,B,2,A,"(3, 6, 9, 11)",V7,A,D#,E,1273.25,529.0
10187,F#,B,2,A,"(3, 6, 9, 11)",V7,A,D#,E,1273.375,529.0
10188,F#,B,3,A,"(3, 6, 9, 11)",V7,A,D#,E,1273.5,529.0
10189,F#,B,3,A,"(3, 6, 9, 11)",V7,A,D#,E,1273.625,529.0
10190,F#,B,3,A,"(3, 6, 9, 11)",V7,A,D#,E,1273.75,529.0
10191,F#,B,3,A,"(3, 6, 9, 11)",V7,A,D#,E,1273.875,529.0
10192,F#,B,4,A,"(3, 6, 9, 11)",V7,A,D#,E,1274.0,529.0
10193,F#,B,4,A,"(3, 6, 9, 11)",V7,A,D#,E,1274.125,529.0
10194,F#,B,4,A,"(3, 6, 9, 11)",V7,A,D#,E,1274.25,529.0
10195,F#,B,4,A,"(3, 6, 9, 11)",V7,A,D#,E,1274.375,529.0
10196,F#,B,4,A,"(3, 6, 9, 11)",V7,A,D#,E,1274.5,529.0
10197,F#,B,4,A,"(3, 6, 9, 11)",V7,A,D#,E,1274.625,529.0
10198,F#,B,4,A,"(3, 6, 9, 11)",V7,A,D#,E,1274.75,529.0
10199,F#,B,4,A,"(3, 6, 9, 11)",V7,A,D#,E,1274.875,529.0
10200,B,E,0,A,"(4, 8, 11)",I,E,G#,E,1275.0,530.0
10201,B,E,1,A,"(4, 8, 11)",I,E,G#,E,1275.125,530.0
10202,B,E,2,A,"(4, 8, 11)",I,E,G#,E,1275.25,530.0
10203,B,E,2,A,"(4, 8, 11)",I,E,G#,E,1275.375,530.0
10204,B,E,3,A,"(4, 8, 11)",I,E,G#,E,1275.5,530.0
10205,B,E,3,A,"(4, 8, 11)",I,E,G#,E,1275.625,530.0
10206,B,E,3,A,"(4, 8, 11)",I,E,G#,E,1275.75,530.0
10207,B,E,3,A,"(4, 8, 11)",I,E,G#,E,1275.875,530.0
10208,B,E,4,A,"(4, 8, 11)",V,E,G#,A,1276.0,530.0
10209,B,E,4,A,"(4, 8, 11)",V,E,G#,A,1276.125,530.0
10210,B,E,4,A,"(4, 8, 11)",V,E,G#,A,1276.25,530.0
10211,B,E,4,A,"(4, 8, 11)",V,E,G#,A,1276.375,530.0
10212,B,E,4,A,"(4, 8, 11)",V,E,G#,A,1276.5,530.0
10213,B,E,4,A,"(4, 8, 11)",V,E,G#,A,1276.625,530.0
10214,B,E,4,A,"(4, 8, 11)",V,E,G#,A,1276.75,530.0
10215,B,E,4,A,"(4, 8, 11)",V,E,G#,A,1276.875,530.0
10216,B,E,5,A,"(4, 8, 11)",V,E,G#,A,1277.0,530.0
10217,B,E,5,A,"(4, 8, 11)",V,E,G#,A,1277.125,530.0
10218,B,E,5,A,"(4, 8, 11)",V,E,G#,A,1277.25,530.0
10219,B,E,5,A,"(4, 8, 11)",V,E,G#,A,1277.375,530.0
10220,B,E,5,A,"(4, 8, 11)",V,E,G#,A,1277.5,530.0
10221,B,E,5,A,"(4, 8, 11)",V,E,G#,A,1277.625,530.0
10222,B,E,5,A,"(4, 8, 11)",V,E,G#,A,1277.75,530.0
10223,B,E,5,A,"(4, 8, 11)",V,E,G#,A,1277.875,530.0
10224,E,G#,0,A,"(4, 8, 11)",V,E,B,A,1278.0,530.0
10225,E,G#,1,A,"(4, 8, 11)",V,E,B,A,1278.125,530.0
10226,E,G#,2,A,"(4, 8, 11)",V,E,B,A,1278.25,530.0
10227,E,G#,2,A,"(4, 8, 11)",V,E,B,A,1278.375,530.0
10228,E,G#,3,A,"(4, 8, 11)",V,E,B,A,1278.5,530.0
10229,E,G#,3,A,"(4, 8, 11)",V,E,B,A,1278.625,530.0
10230,E,G#,3,A,"(4, 8, 11)",I,E,B,A,1278.75,530.0
10231,E,G#,3,A,"(4, 8, 11)",I,E,B,A,1278.875,530.0
10232,E,A,0,A,"(1, 4, 9)",I,A,C#,A,1279.0,531.0
10233,E,A,1,A,"(1, 4, 9)",I,A,C#,A,1279.125,531.0
10234,E,A,2,A,"(1, 4, 9)",I,A,C#,A,1279.25,531.0
10235,E,A,2,A,"(1, 4, 9)",I,A,C#,A,1279.375,531.0
10236,E,A,3,A,"(1, 4, 9)",I,A,C#,A,1279.5,531.0
10237,E,A,3,A,"(1, 4, 9)",I,A,C#,A,1279.625,531.0
10238,E,A,3,A,"(1, 4, 9)",I,A,C#,A,1279.75,531.0
10239,E,A,3,A,"(1, 4, 9)",I,A,C#,A,1279.875,531.0
10240,F#,A,4,A,"(1, 6, 9)",ii,F#,C#,E,1280.0,531.0
10241,F#,A,1,A,"(1, 6, 9)",ii,F#,C#,E,1280.125,531.0
10242,F#,A,2,A,"(1, 6, 9)",ii,F#,C#,E,1280.25,531.0
10243,F#,A,2,A,"(1, 6, 9)",ii,F#,C#,E,1280.375,531.0
10244,F#,A,3,A,"(1, 6, 9)",ii,F#,C#,E,1280.5,531.0
10245,F#,A,3,A,"(1, 6, 9)",ii,F#,C#,E,1280.625,531.0
10246,F#,A,3,A,"(1, 6, 9)",ii,F#,C#,E,1280.75,531.0
10247,F#,A,3,A,"(1, 6, 9)",ii,F#,C#,E,1280.875,531.0
10248,F#,B,0,A,"(3, 6, 9, 11)",V7,A,D#,E,1281.0,531.0
10249,F#,B,1,A,"(3, 6, 9, 11)",V7,A,D#,E,1281.125,531.0
10250,F#,B,2,A,"(3, 6, 9, 11)",V7,A,D#,E,1281.25,531.0
10251,F#,B,2,A,"(3, 6, 9, 11)",V7,A,D#,E,1281.375,531.0
10252,F#,B,3,A,"(3, 6, 9, 11)",V7,A,D#,E,1281.5,531.0
10253,F#,B,3,A,"(3, 6, 9, 11)",V7,A,D#,E,1281.625,531.0
10254,F#,B,3,A,"(3, 6, 9, 11)",V7,A,D#,E,1281.75,531.0
10255,F#,B,3,A,"(3, 6, 9, 11)",V7,A,D#,E,1281.875,531.0
10256,F#,B,4,A,"(3, 6, 9, 11)",V7,A,D#,E,1282.0,531.0
10257,F#,B,4,A,"(3, 6, 9, 11)",V7,A,D#,E,1282.125,531.0
10258,F#,B,4,A,"(3, 6, 9, 11)",V7,A,D#,E,1282.25,531.0
10259,F#,B,4,A,"(3, 6, 9, 11)",V7,A,D#,E,1282.375,531.0
10260,F#,B,4,A,"(3, 6, 9, 11)",V7,A,D#,E,1282.5,531.0
10261,F#,B,4,A,"(3, 6, 9, 11)",V7,A,D#,E,1282.625,531.0
10262,F#,B,4,A,"(3, 6, 9, 11)",V7,A,D#,E,1282.75,531.0
10263,F#,B,4,A,"(3, 6, 9, 11)",V7,A,D#,E,1282.875,531.0
10264,B,E,0,A,"(4, 8, 11)",I,E,G#,E,1283.0,532.0
10265,B,E,1,A,"(4, 8, 11)",I,E,G#,E,1283.125,532.0
10266,B,E,2,A,"(4, 8, 11)",I,E,G#,E,1283.25,532.0
10267,B,E,2,A,"(4, 8, 11)",I,E,G#,E,1283.375,532.0
10268,B,E,3,A,"(4, 8, 11)",I,E,G#,E,1283.5,532.0
10269,B,E,3,A,"(4, 8, 11)",I,E,G#,E,1283.625,532.0
10270,B,E,3,A,"(4, 8, 11)",I,E,G#,E,1283.75,532.0
10271,B,E,3,A,"(4, 8, 11)",I,E,G#,E,1283.875,532.0
10272,B,E,4,A,"(4, 8, 11)",I,E,G#,E,1284.0,532.0
10273,B,E,4,A,"(4, 8, 11)",I,E,G#,E,1284.125,532.0
10274,B,E,4,A,"(4, 8, 11)",I,E,G#,E,1284.25,532.0
10275,B,E,4,A,"(4, 8, 11)",I,E,G#,E,1284.375,532.0
10276,B,E,4,A,"(4, 8, 11)",I,E,G#,E,1284.5,532.0
10277,B,E,4,A,"(4, 8, 11)",I,E,G#,E,1284.625,532.0
10278,B,E,4,A,"(4, 8, 11)",I,E,G#,E,1284.75,532.0
10279,B,E,4,A,"(4, 8, 11)",I,E,G#,E,1284.875,532.0
10280,B,E,5,A,"(4, 8, 11)",I,E,G#,E,1285.0,532.0
10281,B,E,5,A,"(4, 8, 11)",I,E,G#,A,1285.125,532.0
10282,B,E,5,A,"(4, 8, 11)",I,E,G#,E,1285.25,532.0
10283,B,E,5,A,"(4, 8, 11)",I,E,G#,E,1285.375,532.0
10284,B,E,5,A,"(4, 8, 11)",I,E,G#,A,1285.5,532.0
10285,B,E,5,A,"(4, 8, 11)",I,E,G#,A,1285.625,532.0
10286,B,E,5,A,"(4, 8, 11)",I,E,G#,A,1285.75,532.0
10287,B,E,5,A,"(4, 8, 11)",I,E,G#,A,1285.875,532.0
10288,E,G#,5,A,"(4, 8, 11)",I,E,B,A,1286.0,532.0
10289,E,G#,5,A,"(4, 8, 11)",I,E,B,A,1286.125,532.0
10290,E,G#,5,A,"(4, 8, 11)",I,E,B,A,1286.25,532.0
10291,E,G#,5,A,"(4, 8, 11)",I,E,B,A,1286.375,532.0
10292,E,G#,3,A,"(4, 8, 11)",I,E,B,A,1286.5,532.0
10293,E,G#,3,A,"(4, 8, 11)",I,E,B,A,1286.625,532.0
10294,E,G#,3,A,"(4, 8, 11)",I,E,B,A,1286.75,532.0
10295,E,G#,3,A,"(4, 8, 11)",I,E,B,A,1286.875,532.0
10296,E,A,0,A,"(1, 4, 9)",I,A,C#,A,1287.0,533.0
10297,E,A,1,A,"(1, 4, 9)",I,A,C#,E,1287.125,533.0
10298,E,A,2,A,"(1, 4, 9)",I,A,C#,E,1287.25,533.0
10299,E,A,2,A,"(1, 4, 9)",I,A,C#,E,1287.375,533.0
10300,E,A,3,A,"(1, 4, 9)",I,A,C#,E,1287.5,533.0
10301,E,A,3,A,"(1, 4, 9)",I,A,C#,E,1287.625,533.0
10302,E,A,3,A,"(1, 4, 9)",I,A,C#,E,1287.75,533.0
10303,E,A,3,A,"(1, 4, 9)",I,A,C#,E,1287.875,533.0
10304,E,A,4,A,"(1, 4, 9)",I,A,C#,E,1288.0,533.0
10305,E,A,4,A,"(1, 4, 9)",I,A,C#,E,1288.125,533.0
10306,E,A,4,A,"(1, 4, 9)",I,A,C#,E,1288.25,533.0
10307,E,A,4,A,"(1, 4, 9)",I,A,C#,E,1288.375,533.0
10308,E,A,4,A,"(1, 4, 9)",I,A,C#,E,1288.5,533.0
10309,E,A,4,A,"(1, 4, 9)",I,A,C#,E,1288.625,533.0
10310,E,A,4,A,"(1, 4, 9)",I,A,C#,E,1288.75,533.0
10311,E,A,4,A,"(1, 4, 9)",I,A,C#,E,1288.875,533.0
10312,D#,A,0,A,"(3, 6, 9, 11)",V7,F#,B,E,1289.0,533.0
10313,D#,A,1,A,"(3, 6, 9, 11)",V7,F#,B,E,1289.125,533.0
10314,D#,A,2,A,"(3, 6, 9, 11)",V7,F#,B,E,1289.25,533.0
10315,D#,A,2,A,"(3, 6, 9, 11)",V7,F#,B,E,1289.375,533.0
10316,D#,A,3,A,"(3, 6, 9, 11)",V7,F#,B,E,1289.5,533.0
10317,D#,A,3,A,"(3, 6, 9, 11)",V7,F#,B,E,1289.625,533.0
10318,D#,A,3,A,"(3, 6, 9, 11)",V7,F#,B,E,1289.75,533.0
10319,D#,A,3,A,"(3, 6, 9, 11)",V7,F#,B,E,1289.875,533.0
10320,D#,A,4,A,"(3, 6, 9, 11)",V7,F#,B,E,1290.0,533.0
10321,D#,A,4,A,"(3, 6, 9, 11)",V7,F#,B,E,1290.125,533.0
10322,D#,A,4,A,"(3, 6, 9, 11)",V7,F#,B,E,1290.25,533.0
10323,D#,A,4,A,"(3, 6, 9, 11)",V7,F#,B,E,1290.375,533.0
10324,D#,A,4,A,"(3, 6, 9, 11)",V7,F#,B,E,1290.5,533.0
10325,D#,A,4,A,"(3, 6, 9, 11)",V7,F#,B,E,1290.625,533.0
10326,D#,A,4,A,"(3, 6, 9, 11)",V7,F#,B,E,1290.75,533.0
10327,D#,A,4,A,"(3, 6, 9, 11)",V7,F#,B,E,1290.875,533.0
10328,E,G#,0,A,"(4, 8, 11)",I,E,B,E,1291.0,534.0
10329,E,G#,1,A,"(4, 8, 11)",I,E,B,E,1291.125,534.0
10330,E,G#,2,A,"(4, 8, 11)",I,E,B,E,1291.25,534.0
10331,E,G#,2,A,"(4, 8, 11)",I,E,B,E,1291.375,534.0
10332,E,G#,3,A,"(4, 8, 11)",I,E,B,E,1291.5,534.0
10333,E,G#,3,A,"(4, 8, 11)",I,E,B,E,1291.625,534.0
10334,E,G#,3,A,"(4, 8, 11)",I,E,B,E,1291.75,534.0
10335,E,G#,3,A,"(4, 8, 11)",I,E,B,E,1291.875,534.0
10336,E,G#,4,A,"(4, 8, 11)",I,E,B,E,1292.0,534.0
10337,E,G#,4,A,"(4, 8, 11)",I,E,B,E,1292.125,534.0
10338,E,G#,4,A,"(4, 8, 11)",I,E,B,E,1292.25,534.0
10339,E,G#,4,A,"(4, 8, 11)",I,E,B,E,1292.375,534.0
10340,E,G#,4,A,"(4, 8, 11)",I,E,B,E,1292.5,534.0
10341,E,G#,4,A,"(4, 8, 11)",I,E,B,E,1292.625,534.0
10342,E,G#,4,A,"(4, 8, 11)",I,E,B,E,1292.75,534.0
10343,E,G#,4,A,"(4, 8, 11)",I,E,B,E,1292.875,534.0
10344,A,D#,0,A,"(3, 6, 9, 11)",V7,B,F#,E,1293.0,534.0
10345,A,D#,1,A,"(3, 6, 9, 11)",V7,B,F#,E,1293.125,534.0
10346,A,D#,2,A,"(3, 6, 9, 11)",V7,B,F#,E,1293.25,534.0
10347,A,D#,2,A,"(3, 6, 9, 11)",V7,B,F#,E,1293.375,534.0
10348,A,D#,3,A,"(3, 6, 9, 11)",V7,B,F#,E,1293.5,534.0
10349,A,D#,3,A,"(3, 6, 9, 11)",V7,B,F#,E,1293.625,534.0
10350,A,D#,3,A,"(3, 6, 9, 11)",V7,B,F#,E,1293.75,534.0
10351,A,D#,3,A,"(3, 6, 9, 11)",V7,B,F#,E,1293.875,534.0
10352,A,D#,4,A,"(3, 6, 9, 11)",V7,B,F#,E,1294.0,534.0
10353,A,D#,4,A,"(3, 6, 9, 11)",V7,B,F#,E,1294.125,534.0
10354,A,D#,4,A,"(3, 6, 9, 11)",V7,B,F#,E,1294.25,534.0
10355,A,D#,4,A,"(3, 6, 9, 11)",V7,B,F#,E,1294.375,534.0
10356,A,D#,4,A,"(3, 6, 9, 11)",V7,B,F#,E,1294.5,534.0
10357,A,D#,4,A,"(3, 6, 9, 11)",V7,B,F#,E,1294.625,534.0
10358,A,D#,4,A,"(3, 6, 9, 11)",V7,B,F#,E,1294.75,534.0
10359,A,D#,4,A,"(3, 6, 9, 11)",V7,B,F#,E,1294.875,534.0
10360,B,E,0,A,"(4, 8, 11)",I,E,G#,E,1295.0,535.0
10361,B,E,1,A,"(4, 8, 11)",I,E,G#,E,1295.125,535.0
10362,B,E,2,A,"(4, 8, 11)",I,E,G#,E,1295.25,535.0
10363,B,E,2,A,"(4, 8, 11)",I,E,G#,E,1295.375,535.0
10364,B,E,3,A,"(4, 8, 11)",I,E,G#,E,1295.5,535.0
10365,B,E,3,A,"(4, 8, 11)",I,E,G#,E,1295.625,535.0
10366,B,E,3,A,"(4, 8, 11)",I,E,G#,E,1295.75,535.0
10367,B,E,3,A,"(4, 8, 11)",I,E,G#,E,1295.875,535.0
10368,E,G#,4,A,"(4, 8, 11)",I,E,B,E,1296.0,535.0
10369,E,G#,4,A,"(4, 8, 11)",I,E,B,E,1296.125,535.0
10370,E,G#,4,A,"(4, 8, 11)",I,E,B,E,1296.25,535.0
10371,E,G#,4,A,"(4, 8, 11)",I,E,B,E,1296.375,535.0
10372,E,G#,4,A,"(4, 8, 11)",I,E,B,E,1296.5,535.0
10373,E,G#,4,A,"(4, 8, 11)",I,E,B,E,1296.625,535.0
10374,E,G#,4,A,"(4, 8, 11)",I,E,B,E,1296.75,535.0
10375,E,G#,4,A,"(4, 8, 11)",I,E,B,E,1296.875,535.0
10376,E,B,5,A,"(4, 8, 11)",I,E,B,E,1297.0,535.0
10377,E,B,5,A,"(4, 8, 11)",I,E,B,E,1297.125,535.0
10378,E,B,5,A,"(4, 8, 11)",I,E,B,E,1297.25,535.0
10379,E,B,5,A,"(4, 8, 11)",I,E,B,E,1297.375,535.0
10380,E,B,5,A,"(4, 8, 11)",I,E,B,E,1297.5,535.0
10381,F#,B,5,A,"(4, 8, 11)",I,E,B,E,1297.625,535.0
10382,F#,B,5,A,"(4, 8, 11)",I,E,B,E,1297.75,535.0
10383,F#,B,5,A,"(4, 8, 11)",I,E,B,E,1297.875,535.0
10384,F#,B,0,A,"(3, 6, 9, 11)",V7,A,D#,E,1298.0,535.0
10385,F#,B,1,A,"(3, 6, 9, 11)",V7,A,D#,E,1298.125,535.0
10386,F#,B,2,A,"(3, 6, 9, 11)",V7,A,D#,E,1298.25,535.0
10387,F#,B,2,A,"(3, 6, 9, 11)",V7,A,D#,E,1298.375,535.0
10388,F#,B,3,A,"(3, 6, 9, 11)",V7,A,D#,E,1298.5,535.0
10389,F#,B,3,A,"(3, 6, 9, 11)",V7,A,D#,E,1298.625,535.0
10390,F#,B,3,A,"(3, 6, 9, 11)",V7,A,D#,E,1298.75,535.0
10391,F#,B,3,A,"(3, 6, 9, 11)",V7,A,D#,E,1298.875,535.0
10392,F#,B,0,A,"(3, 6, 9, 11)",V7,A,D#,E,1299.0,536.0
10393,F#,B,1,A,"(3, 6, 9, 11)",V7,A,D#,E,1299.125,536.0
10394,F#,B,2,A,"(3, 6, 9, 11)",V7,A,D#,E,1299.25,536.0
10395,F#,B,2,A,"(3, 6, 9, 11)",V7,A,D#,E,1299.375,536.0
10396,F#,B,3,A,"(3, 6, 9, 11)",V7,A,D#,E,1299.5,536.0
10397,F#,B,3,A,"(3, 6, 9, 11)",V7,A,D#,E,1299.625,536.0
10398,F#,B,3,A,"(3, 6, 9, 11)",V7,A,D#,E,1299.75,536.0
10399,F#,B,3,A,"(3, 6, 9, 11)",V7,A,D#,E,1299.875,536.0
10400,F#,B,4,A,"(3, 6, 9, 11)",V7,A,D#,E,1300.0,536.0
10401,F#,B,4,A,"(3, 6, 9, 11)",V7,A,D#,E,1300.125,536.0
10402,F#,B,4,A,"(3, 6, 9, 11)",V7,A,D#,E,1300.25,536.0
10403,F#,B,4,A,"(3, 6, 9, 11)",V7,A,D#,E,1300.375,536.0
10404,F#,B,4,A,"(3, 6, 9, 11)",V7,A,D#,E,1300.5,536.0
10405,F#,B,4,A,"(3, 6, 9, 11)",V7,A,D#,E,1300.625,536.0
10406,F#,B,4,A,"(3, 6, 9, 11)",V7,A,D#,E,1300.75,536.0
10407,F#,B,4,A,"(3, 6, 9, 11)",V7,A,D#,E,1300.875,536.0
10408,F#,B,5,A,"(3, 6, 9, 11)",V7,A,D#,E,1301.0,536.0
10409,F#,B,5,A,"(3, 6, 9, 11)",V7,A,D#,E,1301.125,536.0
10410,F#,B,5,A,"(3, 6, 9, 11)",V7,A,D#,E,1301.25,536.0
10411,F#,B,5,A,"(3, 6, 9, 11)",V7,A,D#,E,1301.375,536.0
10412,F#,B,5,A,"(3, 6, 9, 11)",V7,A,D#,E,1301.5,536.0
10413,F#,B,5,A,"(3, 6, 9, 11)",V7,A,D#,E,1301.625,536.0
10414,F#,B,5,A,"(3, 6, 9, 11)",V7,A,D#,E,1301.75,536.0
10415,F#,B,5,A,"(3, 6, 9, 11)",V7,A,D#,E,1301.875,536.0
10416,F#,B,5,A,"(3, 6, 9, 11)",V7,A,D#,E,1302.0,536.0
10417,F#,B,5,A,"(3, 6, 9, 11)",V7,A,D#,E,1302.125,536.0
10418,F#,B,5,A,"(3, 6, 9, 11)",V7,A,D#,E,1302.25,536.0
10419,F#,B,5,A,"(3, 6, 9, 11)",V7,A,D#,E,1302.375,536.0
10420,F#,B,5,A,"(3, 6, 9, 11)",V7,A,D#,E,1302.5,536.0
10421,F#,B,5,A,"(3, 6, 9, 11)",V7,A,D#,E,1302.625,536.0
10422,F#,B,5,A,"(3, 6, 9, 11)",V7,A,D#,E,1302.75,536.0
10423,F#,B,5,A,"(3, 6, 9, 11)",V7,A,D#,E,1302.875,536.0
10424,B,E,0,A,"(4, 8, 11)",I,E,G#,A,1303.0,537.0
10425,B,E,1,A,"(4, 8, 11)",I,E,G#,A,1303.125,537.0
10426,B,E,2,A,"(4, 8, 11)",I,E,G#,A,1303.25,537.0
10427,B,E,2,A,"(4, 8, 11)",I,E,G#,A,1303.375,537.0
10428,B,E,3,A,"(4, 8, 11)",I,E,G#,A,1303.5,537.0
10429,B,E,3,A,"(4, 8, 11)",I,E,G#,A,1303.625,537.0
10430,B,E,3,A,"(4, 8, 11)",I,E,G#,A,1303.75,537.0
10431,B,E,3,A,"(4, 8, 11)",I,E,G#,A,1303.875,537.0
10432,B,E,4,A,"(4, 8, 11)",I,E,G#,A,1304.0,537.0
10433,B,E,4,A,"(4, 8, 11)",I,E,G#,A,1304.125,537.0
10434,B,E,4,A,"(4, 8, 11)",I,E,G#,A,1304.25,537.0
10435,B,E,4,A,"(4, 8, 11)",I,E,G#,A,1304.375,537.0
10436,B,E,4,A,"(4, 8, 11)",I,E,G#,A,1304.5,537.0
10437,B,E,4,A,"(4, 8, 11)",I,E,G#,A,1304.625,537.0
10438,B,E,4,A,"(4, 8, 11)",I,E,G#,A,1304.75,537.0
10439,B,E,4,A,"(4, 8, 11)",I,E,G#,A,1304.875,537.0
10440,B,E,5,A,"(4, 8, 11)",I,E,G#,A,1305.0,537.0
10441,B,E,5,A,"(4, 8, 11)",I,E,G#,A,1305.125,537.0
10442,B,E,5,A,"(4, 8, 11)",I,E,G#,A,1305.25,537.0
10443,B,E,5,A,"(4, 8, 11)",I,E,G#,A,1305.375,537.0
10444,B,E,5,A,"(4, 8, 11)",I,E,G#,A,1305.5,537.0
10445,B,E,5,A,"(4, 8, 11)",I,E,G#,A,1305.625,537.0
10446,B,E,5,A,"(4, 8, 11)",I,E,G#,A,1305.75,537.0
10447,B,E,5,A,"(4, 8, 11)",I,E,G#,A,1305.875,537.0
10448,B,E,5,A,"(4, 8, 11)",I,E,G#,A,1306.0,537.0
10449,B,E,5,A,"(4, 8, 11)",I,E,G#,A,1306.125,537.0
10450,B,E,5,A,"(4, 8, 11)",I,E,G#,A,1306.25,537.0
10451,B,E,5,A,"(4, 8, 11)",I,E,G#,A,1306.375,537.0
10452,B,E,5,A,"(4, 8, 11)",I,E,G#,A,1306.5,537.0
10453,B,E,5,A,"(4, 8, 11)",I,E,G#,A,1306.625,537.0
10454,B,E,5,A,"(4, 8, 11)",I,E,G#,A,1306.75,537.0
10455,B,E,5,A,"(4, 8, 11)",I,E,G#,A,1306.875,537.0
10456,E,A#,0,A,"(1, 4, 6, 10)",V7,F#,C#,b,1307.0,538.0
10457,E,A#,1,A,"(1, 4, 6, 10)",V7,F#,C#,b,1307.125,538.0
10458,E,A#,2,A,"(1, 4, 6, 10)",V7,F#,C#,b,1307.25,538.0
10459,E,A#,2,A,"(1, 4, 6, 10)",V7,F#,C#,b,1307.375,538.0
10460,E,A#,3,A,"(1, 4, 6, 10)",V7,F#,C#,b,1307.5,538.0
10461,E,A#,3,A,"(1, 4, 6, 10)",V7,F#,C#,b,1307.625,538.0
10462,E,A#,3,A,"(1, 4, 6, 10)",V7,F#,C#,b,1307.75,538.0
10463,E,A#,3,A,"(1, 4, 6, 10)",V7,F#,C#,b,1307.875,538.0
10464,E,A#,4,A,"(1, 4, 6, 10)",V7,F#,C#,b,1308.0,538.0
10465,E,A#,4,A,"(1, 4, 6, 10)",V7,F#,C#,b,1308.125,538.0
10466,E,A#,4,A,"(1, 4, 6, 10)",V7,F#,C#,b,1308.25,538.0
10467,E,A#,4,A,"(1, 4, 6, 10)",V7,F#,C#,b,1308.375,538.0
10468,E,A#,4,A,"(1, 4, 6, 10)",V7,F#,C#,b,1308.5,538.0
10469,E,A#,4,A,"(1, 4, 6, 10)",V7,F#,C#,b,1308.625,538.0
10470,E,A#,4,A,"(1, 4, 6, 10)",V7,F#,C#,b,1308.75,538.0
10471,E,A#,4,A,"(1, 4, 6, 10)",V7,F#,C#,b,1308.875,538.0
10472,E,A#,5,A,"(1, 4, 6, 10)",V7,F#,C#,b,1309.0,538.0
10473,E,A#,5,A,"(1, 4, 6, 10)",V7,F#,C#,b,1309.125,538.0
10474,E,A#,5,A,"(1, 4, 6, 10)",V7,F#,C#,b,1309.25,538.0
10475,E,A#,5,A,"(1, 4, 6, 10)",V7,F#,C#,b,1309.375,538.0
10476,E,A#,5,A,"(1, 4, 6, 10)",V7,F#,C#,b,1309.5,538.0
10477,E,A#,5,A,"(1, 4, 6, 10)",V7,F#,C#,b,1309.625,538.0
10478,E,A#,5,A,"(1, 4, 6, 10)",V7,F#,C#,b,1309.75,538.0
10479,E,A#,5,A,"(1, 4, 6, 10)",V7,F#,C#,b,1309.875,538.0
10480,C#,A#,5,A,"(1, 4, 6, 10)",V7,F#,A#,b,1310.0,538.0
10481,C#,A#,5,A,"(1, 4, 6, 10)",V7,F#,A#,b,1310.125,538.0
10482,C#,A#,5,A,"(1, 4, 6, 10)",V7,F#,A#,b,1310.25,538.0
10483,C#,A#,5,A,"(1, 4, 6, 10)",V7,F#,A#,b,1310.375,538.0
10484,C#,A#,5,A,"(1, 4, 6, 10)",V7,F#,A#,b,1310.5,538.0
10485,C#,A#,5,A,"(1, 4, 6, 10)",V7,F#,A#,b,1310.625,538.0
10486,C#,F#,5,A,"(1, 4, 6, 10)",V7,F#,A#,b,1310.75,538.0
10487,C#,F#,5,A,"(1, 4, 6, 10)",V7,F#,A#,b,1310.875,538.0
10488,F#,B,0,A,"(2, 6, 11)",ii,B,D,A,1311.0,539.0
10489,F#,B,1,A,"(2, 6, 11)",ii,B,D,A,1311.125,539.0
10490,F#,B,2,A,"(2, 6, 11)",ii,B,D,A,1311.25,539.0
10491,F#,B,2,A,"(2, 6, 11)",ii,B,D,A,1311.375,539.0
10492,F#,B,3,A,"(2, 6, 11)",ii,B,D,A,1311.5,539.0
10493,F#,B,3,A,"(2, 6, 11)",ii,B,D,A,1311.625,539.0
10494,F#,B,3,A,"(2, 6, 11)",ii,B,D,A,1311.75,539.0
10495,F#,B,3,A,"(2, 6, 11)",ii,B,D,A,1311.875,539.0
10496,F#,B,4,A,"(2, 6, 11)",ii,B,D,A,1312.0,539.0
10497,F#,B,4,A,"(2, 6, 11)",ii,B,D,A,1312.125,539.0
10498,F#,B,4,A,"(2, 6, 11)",ii,B,D,A,1312.25,539.0
10499,F#,B,4,A,"(2, 6, 11)",ii,B,D,A,1312.375,539.0
10500,F#,B,4,A,"(2, 6, 11)",ii,B,D,A,1312.5,539.0
10501,F#,B,4,A,"(2, 6, 11)",ii,B,D,A,1312.625,539.0
10502,F#,B,4,A,"(2, 6, 11)",ii,B,D,A,1312.75,539.0
10503,F#,B,4,A,"(2, 6, 11)",ii,B,D,A,1312.875,539.0
10504,B,G#,0,A,"(2, 4, 8, 11)",V7,E,B,A,1313.0,539.0
10505,B,G#,1,A,"(2, 4, 8, 11)",V7,E,B,A,1313.125,539.0
10506,B,G#,2,A,"(2, 4, 8, 11)",V7,E,B,A,1313.25,539.0
10507,B,G#,2,A,"(2, 4, 8, 11)",V7,E,B,A,1313.375,539.0
10508,B,G#,3,A,"(2, 4, 8, 11)",V7,E,B,A,1313.5,539.0
10509,B,G#,3,A,"(2, 4, 8, 11)",V7,E,B,A,1313.625,539.0
10510,B,G#,3,A,"(2, 4, 8, 11)",V7,E,B,A,1313.75,539.0
10511,B,G#,3,A,"(2, 4, 8, 11)",V7,E,B,A,1313.875,539.0
10512,B,E,4,A,"(2, 4, 8, 11)",V7,E,G#,A,1314.0,539.0
10513,B,E,4,A,"(2, 4, 8, 11)",V7,E,G#,A,1314.125,539.0
10514,B,E,4,A,"(2, 4, 8, 11)",V7,E,G#,A,1314.25,539.0
10515,B,E,4,A,"(2, 4, 8, 11)",V7,E,G#,A,1314.375,539.0
10516,B,E,3,A,"(2, 4, 8, 11)",V7,E,G#,A,1314.5,539.0
10517,B,E,3,A,"(2, 4, 8, 11)",V7,E,G#,A,1314.625,539.0
10518,B,E,3,A,"(2, 4, 8, 11)",V7,E,G#,A,1314.75,539.0
10519,B,E,3,A,"(2, 4, 8, 11)",V7,E,G#,A,1314.875,539.0
10520,E,A,0,A,"(1, 4, 9)",I,A,C#,A,1315.0,540.0
10521,E,A,1,A,"(1, 4, 9)",I,A,C#,A,1315.125,540.0
10522,E,A,2,A,"(1, 4, 9)",I,A,C#,A,1315.25,540.0
10523,E,A,2,A,"(1, 4, 9)",I,A,C#,A,1315.375,540.0
10524,E,A,3,A,"(1, 4, 9)",I,A,C#,A,1315.5,540.0
10525,E,A,3,A,"(1, 4, 9)",I,A,C#,A,1315.625,540.0
10526,E,A,3,A,"(1, 4, 9)",I,A,C#,A,1315.75,540.0
10527,E,A,3,A,"(1, 4, 9)",I,A,C#,A,1315.875,540.0
10528,E,A,4,A,"(1, 4, 9)",I,A,E,A,1316.0,540.0
10529,E,A,4,A,"(1, 4, 9)",I,A,E,A,1316.125,540.0
10530,E,A,4,A,"(1, 4, 9)",I,A,E,A,1316.25,540.0
10531,E,A,4,A,"(1, 4, 9)",I,A,E,A,1316.375,540.0
10532,E,A,4,A,"(1, 4, 9)",I,A,E,A,1316.5,540.0
10533,E,A,4,A,"(1, 4, 9)",I,A,E,A,1316.625,540.0
10534,E,A,4,A,"(1, 4, 9)",I,A,E,A,1316.75,540.0
10535,E,A,4,A,"(1, 4, 9)",I,A,E,A,1316.875,540.0
10536,E,B,0,A,"(2, 4, 8, 11)",V7,G#,D,A,1317.0,540.0
10537,E,B,1,A,"(2, 4, 8, 11)",V7,G#,D,A,1317.125,540.0
10538,E,B,2,A,"(2, 4, 8, 11)",V7,G#,D,A,1317.25,540.0
10539,E,B,2,A,"(2, 4, 8, 11)",V7,G#,D,A,1317.375,540.0
10540,E,B,3,A,"(2, 4, 8, 11)",V7,G#,D,A,1317.5,540.0
10541,E,B,3,A,"(2, 4, 8, 11)",V7,G#,D,A,1317.625,540.0
10542,E,B,3,A,"(2, 4, 8, 11)",V7,G#,D,A,1317.75,540.0
10543,E,B,3,A,"(2, 4, 8, 11)",V7,G#,D,A,1317.875,540.0
10544,E,A,0,A,"(1, 4, 9)",I,A,C#,A,1318.0,540.0
10545,E,A,1,A,"(1, 4, 9)",I,A,C#,A,1318.125,540.0
10546,E,A,2,A,"(1, 4, 9)",I,A,C#,A,1318.25,540.0
10547,E,A,2,A,"(1, 4, 9)",I,A,C#,A,1318.375,540.0
10548,E,A,3,A,"(1, 4, 9)",I,A,C#,A,1318.5,540.0
10549,E,A,3,A,"(1, 4, 9)",I,A,C#,A,1318.625,540.0
10550,E,A,3,A,"(1, 4, 9)",I,A,C#,A,1318.75,540.0
10551,E,A,3,A,"(1, 4, 9)",I,A,C#,A,1318.875,540.0
10552,B,E,0,A,"(4, 8, 11)",V,E,G#,A,1319.0,541.0
10553,B,E,1,A,"(4, 8, 11)",V,E,G#,A,1319.125,541.0
10554,B,E,2,A,"(4, 8, 11)",V,E,G#,A,1319.25,541.0
10555,B,E,2,A,"(4, 8, 11)",V,E,G#,A,1319.375,541.0
10556,B,E,3,A,"(4, 8, 11)",V,E,G#,A,1319.5,541.0
10557,B,E,3,A,"(4, 8, 11)",V,E,G#,A,1319.625,541.0
10558,B,E,3,A,"(4, 8, 11)",V,E,G#,A,1319.75,541.0
10559,B,E,3,A,"(4, 8, 11)",V,E,G#,A,1319.875,541.0
10560,B,E,4,A,"(4, 8, 11)",V,E,G#,A,1320.0,541.0
10561,B,E,4,A,"(4, 8, 11)",V,E,G#,A,1320.125,541.0
10562,B,E,4,A,"(4, 8, 11)",V,E,G#,A,1320.25,541.0
10563,B,E,4,A,"(4, 8, 11)",V,E,G#,A,1320.375,541.0
10564,B,E,4,A,"(4, 8, 11)",V,E,G#,A,1320.5,541.0
10565,B,E,4,A,"(4, 8, 11)",V,E,G#,A,1320.625,541.0
10566,B,E,4,A,"(4, 8, 11)",V,E,G#,A,1320.75,541.0
10567,B,E,4,A,"(4, 8, 11)",V,E,G#,A,1320.875,541.0
10568,B,E,5,A,"(4, 8, 11)",V,E,G#,A,1321.0,541.0
10569,B,E,5,A,"(4, 8, 11)",V,E,G#,A,1321.125,541.0
10570,B,E,5,A,"(4, 8, 11)",V,E,G#,A,1321.25,541.0
10571,B,E,5,A,"(4, 8, 11)",V,E,G#,A,1321.375,541.0
10572,B,E,5,A,"(4, 8, 11)",V,E,G#,A,1321.5,541.0
10573,B,E,5,A,"(4, 8, 11)",V,E,G#,A,1321.625,541.0
10574,B,E,5,A,"(4, 8, 11)",V,E,G#,A,1321.75,541.0
10575,B,E,5,A,"(4, 8, 11)",V,E,G#,A,1321.875,541.0
10576,B,E,5,A,"(4, 8, 11)",V,E,G#,A,1322.0,541.0
10577,B,E,1,A,"(4, 8, 11)",V,E,G#,A,1322.125,541.0
10578,B,E,5,A,"(4, 8, 11)",V,E,G#,A,1322.25,541.0
10579,B,E,5,A,"(4, 8, 11)",V,E,G#,A,1322.375,541.0
10580,B,E,5,A,"(4, 8, 11)",V,E,G#,A,1322.5,541.0
10581,B,E,5,A,"(4, 8, 11)",V,E,G#,A,1322.625,541.0
10582,B,E,5,A,"(4, 8, 11)",V,E,G#,A,1322.75,541.0
10583,B,E,5,A,"(4, 8, 11)",V,E,G#,A,1322.875,541.0
10584,E,A,0,A,"(1, 4, 9)",I,A,C#,A,1323.0,542.0
10585,E,A,1,A,"(1, 4, 9)",I,A,C#,A,1323.125,542.0
10586,E,A,2,A,"(1, 4, 9)",I,A,C#,A,1323.25,542.0
10587,E,A,2,A,"(1, 4, 9)",I,A,C#,A,1323.375,542.0
10588,E,A,3,A,"(1, 4, 9)",I,A,C#,A,1323.5,542.0
10589,E,A,3,A,"(1, 4, 9)",I,A,C#,A,1323.625,542.0
10590,E,A,3,A,"(1, 4, 9)",I,A,C#,A,1323.75,542.0
10591,E,A,3,A,"(1, 4, 9)",I,A,C#,A,1323.875,542.0
10592,E,A,4,A,"(1, 4, 9)",I,A,C#,A,1324.0,542.0
10593,E,A,4,A,"(1, 4, 9)",I,A,C#,A,1324.125,542.0
10594,E,A,4,A,"(1, 4, 9)",I,A,C#,A,1324.25,542.0
10595,E,A,4,A,"(1, 4, 9)",I,A,C#,A,1324.375,542.0
10596,E,A,4,A,"(1, 4, 9)",I,A,C#,A,1324.5,542.0
10597,E,A,4,A,"(1, 4, 9)",I,A,C#,A,1324.625,542.0
10598,E,A,4,A,"(1, 4, 9)",I,A,C#,A,1324.75,542.0
10599,E,A,4,A,"(1, 4, 9)",I,A,C#,A,1324.875,542.0
10600,E,A,5,A,"(1, 4, 9)",I,A,C#,A,1325.0,542.0
10601,E,A,5,A,"(1, 4, 9)",I,A,C#,A,1325.125,542.0
10602,E,A,5,A,"(1, 4, 9)",I,A,C#,A,1325.25,542.0
10603,E,A,5,A,"(1, 4, 9)",I,A,C#,A,1325.375,542.0
10604,E,A,5,A,"(1, 4, 9)",I,A,C#,A,1325.5,542.0
10605,E,A,5,A,"(1, 4, 9)",I,A,C#,A,1325.625,542.0
10606,E,A,5,A,"(1, 4, 9)",I,A,C#,A,1325.75,542.0
10607,E,A,5,A,"(1, 4, 9)",I,A,C#,A,1325.875,542.0
10608,E,A,5,A,"(1, 4, 9)",I,A,C#,A,1326.0,542.0
10609,E,A,5,A,"(1, 4, 9)",I,A,C#,A,1326.125,542.0
10610,E,A,5,A,"(1, 4, 9)",I,A,C#,A,1326.25,542.0
10611,E,A,5,A,"(1, 4, 9)",I,A,C#,A,1326.375,542.0
10612,E,A,5,A,"(1, 4, 9)",I,A,C#,A,1326.5,542.0
10613,E,A,5,A,"(1, 4, 9)",I,A,C#,A,1326.625,542.0
10614,E,A,5,A,"(1, 4, 9)",I,A,C#,A,1326.75,542.0
10615,E,A,5,A,"(1, 4, 9)",I,A,C#,A,1326.875,542.0
10616,E,G#,0,A,"(4, 8, 11)",V,E,B,A,1327.0,543.0
10617,E,G#,1,A,"(4, 8, 11)",V,E,B,A,1327.125,543.0
10618,E,G#,2,A,"(4, 8, 11)",V,E,B,A,1327.25,543.0
10619,E,G#,2,A,"(4, 8, 11)",V,E,B,A,1327.375,543.0
10620,E,G#,3,A,"(4, 8, 11)",V,E,B,A,1327.5,543.0
10621,E,G#,3,A,"(4, 8, 11)",V,E,B,A,1327.625,543.0
10622,E,G#,3,A,"(4, 8, 11)",V,E,B,A,1327.75,543.0
10623,E,G#,3,A,"(4, 8, 11)",V,E,B,A,1327.875,543.0
10624,E,G#,4,A,"(4, 8, 11)",V,E,B,A,1328.0,543.0
10625,E,G#,4,A,"(4, 8, 11)",V,E,B,A,1328.125,543.0
10626,E,G#,4,A,"(4, 8, 11)",V,E,B,A,1328.25,543.0
10627,E,G#,4,A,"(4, 8, 11)",V,E,B,A,1328.375,543.0
10628,E,G#,4,A,"(4, 8, 11)",V,E,B,A,1328.5,543.0
10629,E,G#,4,A,"(4, 8, 11)",V,E,B,A,1328.625,543.0
10630,E,G#,4,A,"(4, 8, 11)",V,E,B,A,1328.75,543.0
10631,E,G#,4,A,"(4, 8, 11)",V,E,B,A,1328.875,543.0
10632,E,G#,5,A,"(4, 8, 11)",V,E,B,A,1329.0,543.0
10633,E,E,5,A,"(4, 8, 11)",V,E,B,A,1329.125,543.0
10634,E,E,5,A,"(4, 8, 11)",V,E,B,A,1329.25,543.0
10635,E,E,5,A,"(4, 8, 11)",V,E,B,A,1329.375,543.0
10636,B,E,5,A,"(4, 8, 11)",V,E,B,A,1329.5,543.0
10637,B,E,5,A,"(4, 8, 11)",V,E,G#,A,1329.625,543.0
10638,B,E,5,A,"(4, 8, 11)",V,E,B,A,1329.75,543.0
10639,B,E,5,A,"(4, 8, 11)",V,E,G#,A,1329.875,543.0
10640,B,E,5,A,"(4, 8, 11)",V,E,G#,A,1330.0,543.0
10641,B,E,5,A,"(4, 8, 11)",V,E,G#,A,1330.125,543.0
10642,B,E,5,A,"(4, 8, 11)",V,E,G#,A,1330.25,543.0
10643,B,E,5,A,"(4, 8, 11)",V,E,G#,A,1330.375,543.0
10644,B,E,5,A,"(4, 8, 11)",V,E,G#,A,1330.5,543.0
10645,B,E,5,A,"(4, 8, 11)",V,E,G#,A,1330.625,543.0
10646,B,E,5,A,"(4, 8, 11)",V,E,G#,A,1330.75,543.0
10647,B,E,5,A,"(4, 8, 11)",V,E,G#,A,1330.875,543.0
10648,E,A,0,A,"(1, 4, 9)",I,A,C#,A,1331.0,544.0
10649,E,A,1,A,"(1, 4, 9)",I,A,C#,A,1331.125,544.0
10650,E,A,2,A,"(1, 4, 9)",I,A,C#,A,1331.25,544.0
10651,E,A,2,A,"(1, 4, 9)",I,A,C#,A,1331.375,544.0
10652,E,A,3,A,"(1, 4, 9)",I,A,C#,A,1331.5,544.0
10653,E,A,3,A,"(1, 4, 9)",I,A,C#,A,1331.625,544.0
10654,E,A,3,A,"(1, 4, 9)",I,A,C#,A,1331.75,544.0
10655,E,A,3,A,"(1, 4, 9)",I,A,C#,A,1331.875,544.0
10656,E,A,4,A,"(1, 4, 9)",I,A,C#,A,1332.0,544.0
10657,E,A,4,A,"(1, 4, 9)",I,A,C#,A,1332.125,544.0
10658,E,A,4,A,"(1, 4, 9)",I,A,C#,A,1332.25,544.0
10659,E,A,4,A,"(1, 4, 9)",I,A,C#,A,1332.375,544.0
10660,E,A,4,A,"(1, 4, 9)",I,A,C#,A,1332.5,544.0
10661,E,A,4,A,"(1, 4, 9)",I,A,C#,A,1332.625,544.0
10662,E,A,4,A,"(1, 4, 9)",I,A,C#,A,1332.75,544.0
10663,E,A,4,A,"(1, 4, 9)",I,A,C#,A,1332.875,544.0
10664,E,A,5,A,"(1, 4, 9)",I,A,C#,A,1333.0,544.0
10665,E,A,5,A,"(1, 4, 9)",I,A,C#,A,1333.125,544.0
10666,E,A,5,A,"(1, 4, 9)",I,A,C#,A,1333.25,544.0
10667,E,A,5,A,"(1, 4, 9)",I,A,C#,A,1333.375,544.0
10668,E,A,5,A,"(1, 4, 9)",I,A,C#,A,1333.5,544.0
10669,E,A,5,A,"(1, 4, 9)",I,A,C#,A,1333.625,544.0
10670,E,A,5,A,"(1, 4, 9)",I,A,C#,A,1333.75,544.0
10671,E,A,5,A,"(1, 4, 9)",I,A,C#,A,1333.875,544.0
10672,E,A,5,A,"(1, 4, 9)",I,A,C#,A,1334.0,544.0
10673,E,A,5,A,"(1, 4, 9)",I,A,C#,A,1334.125,544.0
10674,E,A,5,A,"(1, 4, 9)",I,A,C#,A,1334.25,544.0
10675,E,A,5,A,"(1, 4, 9)",I,A,C#,A,1334.375,544.0
10676,E,A,5,A,"(1, 4, 9)",I,A,C#,A,1334.5,544.0
10677,E,A,5,A,"(1, 4, 9)",I,A,C#,A,1334.625,544.0
10678,E,A,5,A,"(1, 4, 9)",I,A,C#,A,1334.75,544.0
10679,E,A,5,A,"(1, 4, 9)",I,A,C#,A,1334.875,544.0
10680,E,G#,0,A,"(4, 8, 11)",V,E,B,A,1335.0,545.0
10681,E,G#,1,A,"(4, 8, 11)",V,E,B,A,1335.125,545.0
10682,E,G#,2,A,"(4, 8, 11)",V,E,B,A,1335.25,545.0
10683,E,G#,2,A,"(4, 8, 11)",V,E,B,A,1335.375,545.0
10684,E,G#,3,A,"(4, 8, 11)",V,E,B,A,1335.5,545.0
10685,E,G#,3,A,"(4, 8, 11)",V,E,B,A,1335.625,545.0
10686,E,G#,3,A,"(4, 8, 11)",V,E,B,A,1335.75,545.0
10687,E,G#,3,A,"(4, 8, 11)",V,E,B,A,1335.875,545.0
10688,E,G#,4,A,"(4, 8, 11)",V,E,B,A,1336.0,545.0
10689,E,G#,4,A,"(4, 8, 11)",V,E,B,A,1336.125,545.0
10690,E,G#,4,A,"(4, 8, 11)",V,E,B,A,1336.25,545.0
10691,E,G#,4,A,"(4, 8, 11)",V,E,B,A,1336.375,545.0
10692,E,G#,4,A,"(4, 8, 11)",V,E,B,A,1336.5,545.0
10693,E,G#,4,A,"(4, 8, 11)",V,E,B,A,1336.625,545.0
10694,E,G#,4,A,"(4, 8, 11)",V,E,B,A,1336.75,545.0
10695,E,G#,4,A,"(4, 8, 11)",V,E,B,A,1336.875,545.0
10696,E,G#,5,A,"(4, 8, 11)",V,E,B,A,1337.0,545.0
10697,E,G#,5,A,"(4, 8, 11)",V,E,B,A,1337.125,545.0
10698,E,G#,5,A,"(4, 8, 11)",V,E,B,A,1337.25,545.0
10699,E,G#,5,A,"(4, 8, 11)",V,E,B,A,1337.375,545.0
10700,E,G#,5,A,"(4, 8, 11)",V,E,B,A,1337.5,545.0
10701,E,G#,5,A,"(4, 8, 11)",V,E,B,A,1337.625,545.0
10702,E,G#,5,A,"(4, 8, 11)",V,E,B,A,1337.75,545.0
10703,E,G#,5,A,"(4, 8, 11)",V,E,B,A,1337.875,545.0
10704,E,G#,5,A,"(4, 8, 11)",V,E,B,A,1338.0,545.0
10705,E,G#,5,A,"(4, 8, 11)",V,E,B,A,1338.125,545.0
10706,E,G#,5,A,"(4, 8, 11)",V,E,B,A,1338.25,545.0
10707,E,G#,5,A,"(4, 8, 11)",V,E,B,A,1338.375,545.0
10708,E,G#,5,A,"(4, 8, 11)",V,E,B,A,1338.5,545.0
10709,E,G#,5,A,"(4, 8, 11)",V,E,B,A,1338.625,545.0
10710,E,G#,5,A,"(4, 8, 11)",V,E,B,A,1338.75,545.0
10711,E,G#,5,A,"(4, 8, 11)",V,E,B,A,1338.875,545.0
10712,E,A,0,A,"(1, 4, 9)",I,A,C#,A,1339.0,546.0
10713,E,A,1,A,"(1, 4, 9)",I,A,C#,A,1339.125,546.0
10714,E,A,2,A,"(1, 4, 9)",I,A,C#,A,1339.25,546.0
10715,E,A,2,A,"(1, 4, 9)",I,A,C#,A,1339.375,546.0
10716,E,A,3,A,"(1, 4, 9)",I,A,C#,A,1339.5,546.0
10717,E,A,3,A,"(1, 4, 9)",I,A,C#,A,1339.625,546.0
10718,E,A,3,A,"(1, 4, 9)",I,A,C#,A,1339.75,546.0
10719,E,A,3,A,"(1, 4, 9)",I,A,C#,A,1339.875,546.0
10720,E,A,4,A,"(1, 4, 9)",I,A,C#,A,1340.0,546.0
10721,E,A,4,A,"(1, 4, 9)",I,A,C#,A,1340.125,546.0
10722,E,A,4,A,"(1, 4, 9)",I,A,C#,A,1340.25,546.0
10723,E,A,4,A,"(1, 4, 9)",I,A,C#,A,1340.375,546.0
10724,E,A,4,A,"(1, 4, 9)",I,A,C#,A,1340.5,546.0
10725,E,A,4,A,"(1, 4, 9)",I,A,C#,A,1340.625,546.0
10726,E,A,4,A,"(1, 4, 9)",I,A,C#,A,1340.75,546.0
10727,E,A,4,A,"(1, 4, 9)",I,A,C#,A,1340.875,546.0
10728,B,E,0,A,"(2, 4, 8, 11)",V7,D,G#,A,1341.0,546.0
10729,B,E,1,A,"(2, 4, 8, 11)",V7,D,G#,A,1341.125,546.0
10730,B,E,2,A,"(2, 4, 8, 11)",V7,D,G#,A,1341.25,546.0
10731,B,E,2,A,"(2, 4, 8, 11)",V7,D,G#,A,1341.375,546.0
10732,B,E,3,A,"(2, 4, 8, 11)",V7,D,G#,A,1341.5,546.0
10733,B,E,3,A,"(2, 4, 8, 11)",V7,D,G#,A,1341.625,546.0
10734,B,E,3,A,"(2, 4, 8, 11)",V7,D,G#,A,1341.75,546.0
10735,B,E,3,A,"(2, 4, 8, 11)",V7,D,G#,A,1341.875,546.0
10736,B,E,4,A,"(2, 4, 8, 11)",V7,D,G#,A,1342.0,546.0
10737,B,E,4,A,"(2, 4, 8, 11)",V7,D,G#,A,1342.125,546.0
10738,B,E,4,A,"(2, 4, 8, 11)",V7,D,G#,A,1342.25,546.0
10739,B,E,4,A,"(2, 4, 8, 11)",V7,D,G#,A,1342.375,546.0
10740,B,E,4,A,"(2, 4, 8, 11)",V7,D,G#,A,1342.5,546.0
10741,B,E,4,A,"(2, 4, 8, 11)",V7,D,G#,A,1342.625,546.0
10742,B,E,4,A,"(2, 4, 8, 11)",V7,D,G#,A,1342.75,546.0
10743,B,E,4,A,"(2, 4, 8, 11)",V7,D,G#,A,1342.875,546.0
10744,E,A,0,A,"(1, 4, 9)",I,A,C#,A,1343.0,547.0
10745,E,A,1,A,"(1, 4, 9)",I,A,C#,A,1343.125,547.0
10746,E,A,2,A,"(1, 4, 9)",I,A,C#,A,1343.25,547.0
10747,E,A,2,A,"(1, 4, 9)",I,A,C#,A,1343.375,547.0
10748,E,A,3,A,"(1, 4, 9)",I,A,C#,A,1343.5,547.0
10749,E,A,3,A,"(1, 4, 9)",I,A,C#,A,1343.625,547.0
10750,E,A,3,A,"(1, 4, 9)",I,A,C#,A,1343.75,547.0
10751,E,A,3,A,"(1, 4, 9)",I,A,C#,A,1343.875,547.0
10752,E,A,4,A,"(1, 4, 9)",I,A,C#,A,1344.0,547.0
10753,E,A,4,A,"(1, 4, 9)",I,A,C#,A,1344.125,547.0
10754,E,A,4,A,"(1, 4, 9)",I,A,C#,A,1344.25,547.0
10755,E,A,4,A,"(1, 4, 9)",I,A,C#,A,1344.375,547.0
10756,E,A,4,A,"(1, 4, 9)",I,A,C#,A,1344.5,547.0
10757,E,A,4,A,"(1, 4, 9)",I,A,C#,A,1344.625,547.0
10758,E,A,4,A,"(1, 4, 9)",I,A,C#,A,1344.75,547.0
10759,E,A,4,A,"(1, 4, 9)",I,A,C#,A,1344.875,547.0
10760,E,A,0,A,"(1, 4, 9)",I,A,C#,A,1345.0,547.0
10761,E,A,1,A,"(1, 4, 9)",I,A,C#,A,1345.125,547.0
10762,E,A,2,A,"(1, 4, 9)",I,A,C#,A,1345.25,547.0
10763,E,A,2,A,"(1, 4, 9)",I,A,C#,A,1345.375,547.0
10764,E,A,3,A,"(1, 4, 9)",I,A,C#,A,1345.5,547.0
10765,A,A,3,A,"(1, 4, 9)",I,A,C#,A,1345.625,547.0
10766,A,A,5,A,"(1, 4, 9)",I,A,C#,A,1345.75,547.0
10767,A,A,5,A,"(1, 4, 9)",I,A,C#,A,1345.875,547.0
10768,A,C#,0,A,"(1, 4, 9)",I,A,E,A,1346.0,547.0
10769,A,C#,1,A,"(1, 4, 9)",I,A,E,A,1346.125,547.0
10770,A,C#,2,A,"(1, 4, 9)",I,A,E,A,1346.25,547.0
10771,A,C#,2,A,"(1, 4, 9)",I,A,E,A,1346.375,547.0
10772,A,C#,3,A,"(1, 4, 9)",I,A,E,A,1346.5,547.0
10773,A,C#,3,A,"(1, 4, 9)",I,A,E,A,1346.625,547.0
10774,A,C#,3,A,"(1, 4, 9)",I,A,E,A,1346.75,547.0
10775,A,C#,3,A,"(1, 4, 9)",I,A,E,A,1346.875,547.0
10776,E,A,0,A,"(1, 4, 9)",I,A,C#,A,1347.0,548.0
10777,E,A,1,A,"(1, 4, 9)",I,A,C#,A,1347.125,548.0
10778,E,A,2,A,"(1, 4, 9)",I,A,C#,A,1347.25,548.0
10779,E,A,2,A,"(1, 4, 9)",I,A,C#,A,1347.375,548.0
10780,E,A,3,A,"(1, 4, 9)",I,A,C#,A,1347.5,548.0
10781,E,A,3,A,"(1, 4, 9)",I,A,C#,A,1347.625,548.0
10782,E,A,3,A,"(1, 4, 9)",I,A,C#,A,1347.75,548.0
10783,E,A,3,A,"(1, 4, 9)",I,A,C#,A,1347.875,548.0
10784,A,C#,0,A,"(1, 4, 9)",I,A,E,A,1348.0,548.0
10785,A,C#,4,A,"(1, 4, 9)",I,A,E,A,1348.125,548.0
10786,A,C#,4,A,"(1, 4, 9)",I,A,E,A,1348.25,548.0
10787,A,C#,4,A,"(1, 4, 9)",I,A,E,A,1348.375,548.0
10788,A,C#,4,A,"(1, 4, 9)",I,A,E,A,1348.5,548.0
10789,A,C#,4,A,"(1, 4, 9)",I,A,E,A,1348.625,548.0
10790,A,C#,4,A,"(1, 4, 9)",I,A,E,A,1348.75,548.0
10791,A,C#,4,A,"(1, 4, 9)",I,A,E,A,1348.875,548.0
10792,B,E,0,A,"(2, 4, 8, 11)",V7,D,G#,A,1349.0,548.0
10793,B,E,1,A,"(2, 4, 8, 11)",V7,D,G#,A,1349.125,548.0
10794,B,E,2,A,"(2, 4, 8, 11)",V7,D,G#,A,1349.25,548.0
10795,B,E,2,A,"(2, 4, 8, 11)",V7,D,G#,A,1349.375,548.0
10796,B,E,3,A,"(2, 4, 8, 11)",V7,D,G#,A,1349.5,548.0
10797,B,E,3,A,"(2, 4, 8, 11)",V7,D,G#,A,1349.625,548.0
10798,B,E,3,A,"(2, 4, 8, 11)",V7,D,G#,A,1349.75,548.0
10799,B,E,3,A,"(2, 4, 8, 11)",V7,D,G#,A,1349.875,548.0
10800,B,E,4,A,"(2, 4, 8, 11)",V7,D,G#,A,1350.0,548.0
10801,B,E,4,A,"(2, 4, 8, 11)",V7,D,G#,A,1350.125,548.0
10802,B,E,4,A,"(2, 4, 8, 11)",V7,D,G#,A,1350.25,548.0
10803,B,E,4,A,"(2, 4, 8, 11)",V7,D,G#,A,1350.375,548.0
10804,B,E,4,A,"(2, 4, 8, 11)",V7,D,G#,A,1350.5,548.0
10805,B,E,4,A,"(2, 4, 8, 11)",V7,D,G#,A,1350.625,548.0
10806,B,E,4,A,"(2, 4, 8, 11)",V7,D,G#,A,1350.75,548.0
10807,B,E,4,A,"(2, 4, 8, 11)",V7,D,G#,A,1350.875,548.0
10808,E,A,0,A,"(1, 4, 9)",I,A,C#,A,1351.0,549.0
10809,E,A,1,A,"(1, 4, 9)",I,A,C#,A,1351.125,549.0
10810,E,A,2,A,"(1, 4, 9)",I,A,C#,A,1351.25,549.0
10811,E,A,2,A,"(1, 4, 9)",I,A,C#,A,1351.375,549.0
10812,E,A,3,A,"(1, 4, 9)",I,A,C#,A,1351.5,549.0
10813,E,A,3,A,"(1, 4, 9)",I,A,C#,A,1351.625,549.0
10814,E,A,3,A,"(1, 4, 9)",I,A,C#,A,1351.75,549.0
10815,E,A,3,A,"(1, 4, 9)",I,A,C#,A,1351.875,549.0
10816,E,A,4,A,"(1, 4, 9)",I,A,C#,A,1352.0,549.0
10817,E,A,4,A,"(1, 4, 9)",I,A,C#,A,1352.125,549.0
10818,E,A,4,A,"(1, 4, 9)",I,A,C#,A,1352.25,549.0
10819,E,A,4,A,"(1, 4, 9)",I,A,C#,A,1352.375,549.0
10820,E,A,4,A,"(1, 4, 9)",I,A,C#,A,1352.5,549.0
10821,E,A,4,A,"(1, 4, 9)",I,A,C#,A,1352.625,549.0
10822,E,A,4,A,"(1, 4, 9)",I,A,C#,A,1352.75,549.0
10823,E,A,4,A,"(1, 4, 9)",I,A,C#,A,1352.875,549.0
10824,E,A,0,A,"(1, 4, 9)",I,A,C#,A,1353.0,549.0
10825,E,A,1,A,"(1, 4, 9)",I,A,C#,A,1353.125,549.0
10826,E,A,2,A,"(1, 4, 9)",I,A,C#,A,1353.25,549.0
10827,E,A,2,A,"(1, 4, 9)",I,A,C#,A,1353.375,549.0
10828,E,A,3,A,"(1, 4, 9)",I,A,C#,A,1353.5,549.0
10829,E,A,3,A,"(1, 4, 9)",I,A,C#,A,1353.625,549.0
10830,A,A,5,A,"(1, 4, 9)",I,A,C#,A,1353.75,549.0
10831,A,A,5,A,"(1, 4, 9)",I,A,C#,A,1353.875,549.0
10832,A,C#,0,A,"(1, 4, 9)",I,A,E,A,1354.0,549.0
10833,A,C#,1,A,"(1, 4, 9)",I,A,E,A,1354.125,549.0
10834,A,C#,2,A,"(1, 4, 9)",I,A,E,A,1354.25,549.0
10835,A,C#,2,A,"(1, 4, 9)",I,A,E,A,1354.375,549.0
10836,A,C#,3,A,"(1, 4, 9)",I,A,E,A,1354.5,549.0
10837,A,C#,3,A,"(1, 4, 9)",I,A,E,A,1354.625,549.0
10838,A,C#,3,A,"(1, 4, 9)",I,A,E,A,1354.75,549.0
10839,A,C#,3,A,"(1, 4, 9)",I,A,E,A,1354.875,549.0
10840,E,A,0,A,"(1, 4, 9)",I,A,C#,A,1355.0,550.0
10841,E,A,1,A,"(1, 4, 9)",I,A,C#,A,1355.125,550.0
10842,E,A,2,A,"(1, 4, 9)",I,A,C#,A,1355.25,550.0
10843,E,A,2,A,"(1, 4, 9)",I,A,C#,A,1355.375,550.0
10844,E,A,3,A,"(1, 4, 9)",I,A,C#,A,1355.5,550.0
10845,E,A,3,A,"(1, 4, 9)",I,A,C#,A,1355.625,550.0
10846,E,A,3,A,"(1, 4, 9)",I,A,C#,A,1355.75,550.0
10847,E,A,3,A,"(1, 4, 9)",I,A,C#,A,1355.875,550.0
10848,A,C#,0,A,"(1, 4, 9)",I,A,E,A,1356.0,550.0
10849,A,C#,4,A,"(1, 4, 9)",I,A,E,A,1356.125,550.0
10850,A,C#,4,A,"(1, 4, 9)",I,A,E,A,1356.25,550.0
10851,A,C#,4,A,"(1, 4, 9)",I,A,E,A,1356.375,550.0
10852,A,C#,4,A,"(1, 4, 9)",I,A,E,A,1356.5,550.0
10853,A,C#,4,A,"(1, 4, 9)",I,A,E,A,1356.625,550.0
10854,A,C#,4,A,"(1, 4, 9)",I,A,E,A,1356.75,550.0
10855,A,C#,4,A,"(1, 4, 9)",I,A,E,A,1356.875,550.0
10856,B,E,0,A,"(2, 4, 8, 11)",V7,D,G#,A,1357.0,550.0
10857,B,E,1,A,"(2, 4, 8, 11)",V7,D,G#,A,1357.125,550.0
10858,B,E,2,A,"(2, 4, 8, 11)",V7,D,G#,A,1357.25,550.0
10859,B,E,2,A,"(2, 4, 8, 11)",V7,D,G#,A,1357.375,550.0
10860,B,E,3,A,"(2, 4, 8, 11)",V7,D,G#,A,1357.5,550.0
10861,B,E,3,A,"(2, 4, 8, 11)",V7,D,G#,A,1357.625,550.0
10862,B,E,3,A,"(2, 4, 8, 11)",V7,D,G#,A,1357.75,550.0
10863,B,E,3,A,"(2, 4, 8, 11)",V7,D,G#,A,1357.875,550.0
10864,B,E,4,A,"(2, 4, 8, 11)",V7,D,G#,A,1358.0,550.0
10865,B,E,4,A,"(2, 4, 8, 11)",V7,D,G#,A,1358.125,550.0
10866,B,E,4,A,"(2, 4, 8, 11)",V7,D,G#,A,1358.25,550.0
10867,B,E,4,A,"(2, 4, 8, 11)",V7,D,G#,A,1358.375,550.0
10868,B,E,3,A,"(2, 4, 8, 11)",V7,D,G#,A,1358.5,550.0
10869,B,E,3,A,"(2, 4, 8, 11)",V7,D,G#,A,1358.625,550.0
10870,B,E,4,A,"(2, 4, 8, 11)",V7,D,G#,A,1358.75,550.0
10871,B,E,4,A,"(2, 4, 8, 11)",V7,D,G#,A,1358.875,550.0
10872,E,A,0,A,"(1, 4, 9)",I,A,C#,A,1359.0,551.0
10873,E,A,1,A,"(1, 4, 9)",I,A,C#,A,1359.125,551.0
10874,E,A,2,A,"(1, 4, 9)",I,A,C#,A,1359.25,551.0
10875,E,A,2,A,"(1, 4, 9)",I,A,C#,A,1359.375,551.0
10876,E,A,3,A,"(1, 4, 9)",I,A,C#,A,1359.5,551.0
10877,E,A,3,A,"(1, 4, 9)",I,A,C#,A,1359.625,551.0
10878,E,A,3,A,"(1, 4, 9)",I,A,C#,A,1359.75,551.0
10879,E,A,3,A,"(1, 4, 9)",I,A,C#,A,1359.875,551.0
10880,E,A,4,A,"(1, 4, 9)",I,A,C#,A,1360.0,551.0
10881,E,A,4,A,"(1, 4, 9)",I,A,C#,A,1360.125,551.0
10882,E,A,2,A,"(1, 4, 9)",I,A,C#,A,1360.25,551.0
10883,E,A,6,A,"(1, 4, 9)",I,A,C#,A,1360.375,551.0
10884,E,A,4,A,"(1, 4, 9)",I,A,C#,A,1360.5,551.0
10885,E,A,4,A,"(1, 4, 9)",I,A,C#,A,1360.625,551.0
10886,E,A,6,A,"(1, 4, 9)",I,A,C#,A,1360.75,551.0
10887,E,A,6,A,"(1, 4, 9)",I,A,C#,A,1360.875,551.0
10888,E,A,5,A,"(1, 4, 9)",I,A,C#,A,1361.0,551.0
10889,E,A,5,A,"(1, 4, 9)",I,A,C#,A,1361.125,551.0
10890,E,A,6,A,"(1, 4, 9)",I,A,C#,A,1361.25,551.0
10891,E,A,6,A,"(1, 4, 9)",I,A,C#,A,1361.375,551.0
10892,E,A,6,A,"(1, 4, 9)",I,A,C#,A,1361.5,551.0
10893,E,A,6,A,"(1, 4, 9)",I,A,C#,A,1361.625,551.0
10894,E,A,6,A,"(1, 4, 9)",I,A,C#,A,1361.75,551.0
10895,E,A,6,A,"(1, 4, 9)",I,A,C#,A,1361.875,551.0
10896,E,A,5,A,"(1, 4, 9)",I,A,C#,A,1362.0,551.0
10897,E,A,5,A,"(1, 4, 9)",I,A,C#,A,1362.125,551.0
10898,E,A,6,A,"(1, 4, 9)",I,A,C#,A,1362.25,551.0
10899,E,A,6,A,"(1, 4, 9)",I,A,C#,A,1362.375,551.0
10900,E,A,5,A,"(1, 4, 9)",I,A,C#,A,1362.5,551.0
10901,E,A,5,A,"(1, 4, 9)",I,A,C#,A,1362.625,551.0
10902,E,A,5,A,"(1, 4, 9)",I,A,C#,A,1362.75,551.0
10903,E,A,6,A,"(1, 4, 9)",I,A,C#,A,1362.875,551.0
10904,C--,C--,6,A,"(0, 1, 5, 8)",Cad,C--,C--,A,,
10905,C--,C--,6,A,"(0, 1, 5, 8)",Cad,C--,C--,A,,
10906,C--,C--,6,A,"(0, 1, 5, 8)",Cad,C--,C--,A,,
10907,C--,C--,6,A,"(0, 1, 5, 8)",Cad,C--,C--,A,,
10908,C--,C--,6,A,"(0, 1, 5, 8)",Cad,C--,C--,A,,
10909,C--,C--,6,A,"(0, 1, 5, 8)",Cad,C--,C--,A,,
10910,C--,C--,6,A,"(0, 1, 5, 8)",Cad,C--,C--,A,,
10911,C--,C--,6,A,"(0, 1, 5, 8)",Cad,C--,C--,A,,
10912,C--,C--,6,A,"(0, 1, 5, 8)",Cad,C--,C--,A,,
10913,C--,C--,6,A,"(0, 1, 5, 8)",Cad,C--,C--,A,,
10914,C--,C--,6,A,"(0, 1, 5, 8)",Cad,C--,C--,A,,
10915,C--,C--,6,A,"(0, 1, 5, 8)",Cad,C--,C--,A,,
10916,C--,C--,6,A,"(0, 1, 5, 8)",Cad,C--,C--,A,,
10917,C--,C--,6,A,"(0, 1, 5, 8)",Cad,C--,C--,A,,
10918,C--,C--,6,A,"(0, 1, 5, 8)",Cad,C--,C--,A,,
10919,C--,C--,6,A,"(0, 1, 5, 8)",Cad,C--,C--,A,,
10920,C--,C--,6,A,"(0, 1, 5, 8)",Cad,C--,C--,A,,
10921,C--,C--,6,A,"(0, 1, 5, 8)",Cad,C--,C--,A,,
10922,C--,C--,6,A,"(0, 1, 5, 8)",Cad,C--,C--,A,,
10923,C--,C--,6,A,"(0, 1, 5, 8)",Cad,C--,C--,A,,
10924,C--,C--,6,A,"(0, 1, 5, 8)",Cad,C--,C--,A,,
10925,C--,C--,6,A,"(0, 1, 5, 8)",Cad,C--,C--,A,,
10926,C--,C--,6,A,"(0, 1, 5, 8)",Cad,C--,C--,A,,
10927,C--,C--,6,A,"(0, 1, 5, 8)",Cad,C--,C--,A,,
10928,C--,C--,6,A,"(0, 1, 5, 8)",Cad,C--,C--,A,,
10929,C--,C--,6,A,"(0, 1, 5, 8)",Cad,C--,C--,A,,
10930,C--,C--,6,A,"(0, 1, 5, 8)",Cad,C--,C--,A,,
10931,C--,C--,6,A,"(0, 1, 5, 8)",Cad,C--,C--,A,,
10932,C--,C--,6,A,"(0, 1, 5, 8)",Cad,C--,C--,A,,
10933,C--,C--,6,A,"(0, 1, 5, 8)",Cad,C--,C--,A,,
10934,C--,C--,6,A,"(0, 1, 5, 8)",Cad,C--,C--,A,,
10935,C--,C--,6,A,"(0, 1, 5, 8)",Cad,C--,C--,A,,
10936,C--,C--,6,A,"(0, 1, 5, 8)",Cad,C--,C--,A,,
10937,C--,C--,6,A,"(0, 1, 5, 8)",Cad,C--,C--,A,,
10938,C--,C--,6,A,"(0, 1, 5, 8)",Cad,C--,C--,A,,
10939,C--,C--,6,A,"(0, 1, 5, 8)",Cad,C--,C--,A,,
10940,C--,C--,6,A,"(0, 1, 5, 8)",Cad,C--,C--,A,,
10941,C--,C--,6,A,"(0, 1, 5, 8)",Cad,C--,C--,A,,
10942,C--,C--,6,A,"(0, 1, 5, 8)",Cad,C--,C--,A,,
10943,C--,C--,6,A,"(0, 1, 5, 8)",Cad,C--,C--,A,,
10944,C--,C--,6,A,"(0, 1, 5, 8)",Cad,C--,C--,A,,
10945,C--,C--,6,A,"(0, 1, 5, 8)",Cad,C--,C--,A,,
10946,C--,C--,6,A,"(0, 1, 5, 8)",Cad,C--,C--,A,,
10947,C--,C--,6,A,"(0, 1, 5, 8)",Cad,C--,C--,A,,
10948,C--,C--,6,A,"(0, 1, 5, 8)",Cad,C--,C--,A,,
10949,C--,C--,6,A,"(0, 1, 5, 8)",Cad,C--,C--,A,,
10950,C--,C--,6,A,"(0, 1, 5, 8)",Cad,C--,C--,A,,
10951,C--,C--,6,A,"(0, 1, 5, 8)",Cad,C--,C--,A,,
10952,C--,C--,6,A,"(0, 1, 5, 8)",Cad,C--,C--,A,,
10953,C--,C--,6,A,"(0, 1, 5, 8)",Cad,C--,C--,A,,
10954,C--,C--,6,A,"(0, 1, 5, 8)",Cad,C--,C--,A,,
10955,C--,C--,6,A,"(0, 1, 5, 8)",Cad,C--,C--,A,,
10956,C--,C--,6,A,"(0, 1, 5, 8)",Cad,C--,C--,A,,
10957,C--,C--,6,A,"(0, 1, 5, 8)",Cad,C--,C--,A,,
10958,C--,C--,6,A,"(0, 1, 5, 8)",Cad,C--,C--,A,,
10959,C--,C--,6,A,"(0, 1, 5, 8)",Cad,C--,C--,A,,
10960,C--,C--,6,A,"(0, 1, 5, 8)",Cad,C--,C--,A,,
10961,C--,C--,6,A,"(0, 1, 5, 8)",Cad,C--,C--,A,,
10962,C--,C--,6,A,"(0, 1, 5, 8)",Cad,C--,C--,A,,
10963,C--,C--,6,A,"(0, 1, 5, 8)",Cad,C--,C--,A,,
10964,C--,C--,6,A,"(0, 1, 5, 8)",Cad,C--,C--,A,,
10965,C--,C--,6,A,"(0, 1, 5, 8)",Cad,C--,C--,A,,
10966,C--,C--,6,A,"(0, 1, 5, 8)",Cad,C--,C--,A,,
10967,C--,C--,6,A,"(0, 1, 5, 8)",Cad,C--,C--,A,,
10968,C--,C--,6,A,"(0, 1, 5, 8)",Cad,C--,C--,A,,
10969,C--,C--,6,A,"(0, 1, 5, 8)",Cad,C--,C--,A,,
10970,C--,C--,6,A,"(0, 1, 5, 8)",Cad,C--,C--,A,,
10971,C--,C--,6,A,"(0, 1, 5, 8)",Cad,C--,C--,A,,
10972,C--,C--,6,A,"(0, 1, 5, 8)",Cad,C--,C--,A,,
10973,C--,C--,6,A,"(0, 1, 5, 8)",Cad,C--,C--,A,,
10974,C--,C--,6,A,"(0, 1, 5, 8)",Cad,C--,C--,A,,
10975,C--,C--,6,A,"(0, 1, 5, 8)",Cad,C--,C--,A,,
10976,C--,C--,6,A,"(0, 1, 5, 8)",Cad,C--,C--,A,,
10977,C--,C--,6,A,"(0, 1, 5, 8)",Cad,C--,C--,A,,
10978,C--,C--,6,A,"(0, 1, 5, 8)",Cad,C--,C--,A,,
10979,C--,C--,6,A,"(0, 1, 5, 8)",Cad,C--,C--,A,,
10980,C--,C--,6,A,"(0, 1, 5, 8)",Cad,C--,C--,A,,
10981,C--,C--,6,A,"(0, 1, 5, 8)",Cad,C--,C--,A,,
10982,C--,C--,6,A,"(0, 1, 5, 8)",Cad,C--,C--,A,,
10983,C--,C--,6,A,"(0, 1, 5, 8)",Cad,C--,C--,A,,
10984,C--,C--,6,A,"(0, 1, 5, 8)",Cad,C--,C--,A,,
10985,C--,C--,6,A,"(0, 1, 5, 8)",Cad,C--,C--,A,,
10986,C--,C--,6,A,"(0, 1, 5, 8)",Cad,C--,C--,A,,
10987,C--,C--,6,A,"(0, 1, 5, 8)",Cad,C--,C--,A,,
10988,C--,C--,6,A,"(0, 1, 5, 8)",Cad,C--,C--,A,,
10989,C--,C--,6,A,"(0, 1, 5, 8)",Cad,C--,C--,A,,
10990,C--,C--,6,A,"(0, 1, 5, 8)",Cad,C--,C--,A,,
10991,C--,C--,6,A,"(0, 1, 5, 8)",Cad,C--,C--,A,,
10992,C--,C--,6,A,"(0, 1, 5, 8)",Cad,C--,C--,A,,
10993,C--,C--,6,A,"(0, 1, 5, 8)",Cad,C--,C--,A,,
10994,C--,C--,6,A,"(0, 1, 5, 8)",Cad,C--,C--,A,,
10995,C--,C--,6,A,"(0, 1, 5, 8)",Cad,C--,C--,A,,
10996,C--,C--,6,A,"(0, 1, 5, 8)",Cad,C--,C--,A,,
10997,C--,C--,6,A,"(0, 1, 5, 8)",Cad,C--,C--,A,,
10998,C--,C--,6,A,"(0, 1, 5, 8)",Cad,C--,C--,A,,
10999,C--,C--,6,A,"(0, 1, 5, 8)",Cad,C--,C--,A,,
11000,C--,C--,6,A,"(0, 1, 5, 8)",Cad,C--,C--,A,,
11001,C--,C--,6,A,"(0, 1, 5, 8)",Cad,C--,C--,A,,
11002,C--,C--,6,A,"(0, 1, 5, 8)",Cad,C--,C--,A,,
11003,C--,C--,6,A,"(0, 1, 5, 8)",Cad,C--,C--,A,,
11004,C--,C--,6,A,"(0, 1, 5, 8)",Cad,C--,C--,A,,
11005,C--,C--,6,A,"(0, 1, 5, 8)",Cad,C--,C--,A,,
11006,C--,C--,6,A,"(0, 1, 5, 8)",Cad,C--,C--,A,,
11007,C--,C--,6,A,"(0, 1, 5, 8)",Cad,C--,C--,A,,
11008,C--,C--,6,A,"(0, 1, 5, 8)",Cad,C--,C--,A,,
11009,C--,C--,6,A,"(0, 1, 5, 8)",Cad,C--,C--,A,,
11010,C--,C--,6,A,"(0, 1, 5, 8)",Cad,C--,C--,A,,
11011,C--,C--,6,A,"(0, 1, 5, 8)",Cad,C--,C--,A,,
11012,C--,C--,6,A,"(0, 1, 5, 8)",Cad,C--,C--,A,,
11013,C--,C--,6,A,"(0, 1, 5, 8)",Cad,C--,C--,A,,
11014,C--,C--,6,A,"(0, 1, 5, 8)",Cad,C--,C--,A,,
11015,C--,C--,6,A,"(0, 1, 5, 8)",Cad,C--,C--,A,,
11016,C--,C--,6,A,"(0, 1, 5, 8)",Cad,C--,C--,A,,
11017,C--,C--,6,A,"(0, 1, 5, 8)",Cad,C--,C--,A,,
11018,C--,C--,6,A,"(0, 1, 5, 8)",Cad,C--,C--,A,,
11019,C--,C--,6,A,"(0, 1, 5, 8)",Cad,C--,C--,A,,
11020,C--,C--,6,A,"(0, 1, 5, 8)",Cad,C--,C--,A,,
11021,C--,C--,6,A,"(0, 1, 5, 8)",Cad,C--,C--,A,,
11022,C--,C--,6,A,"(0, 1, 5, 8)",Cad,C--,C--,A,,
11023,C--,C--,6,A,"(0, 1, 5, 8)",Cad,C--,C--,A,,
11024,C--,C--,6,A,"(0, 1, 5, 8)",Cad,C--,C--,A,,
11025,C--,C--,6,A,"(0, 1, 5, 8)",Cad,C--,C--,A,,
11026,C--,C--,6,A,"(0, 1, 5, 8)",Cad,C--,C--,A,,
11027,C--,C--,6,A,"(0, 1, 5, 8)",Cad,C--,C--,A,,
11028,C--,C--,6,A,"(0, 1, 5, 8)",Cad,C--,C--,A,,
11029,C--,C--,6,A,"(0, 1, 5, 8)",Cad,C--,C--,A,,
11030,C--,C--,6,A,"(0, 1, 5, 8)",Cad,C--,C--,A,,
11031,C--,C--,6,A,"(0, 1, 5, 8)",Cad,C--,C--,A,,
11032,C--,C--,6,A,"(0, 1, 5, 8)",Cad,C--,C--,A,,
11033,C--,C--,6,A,"(0, 1, 5, 8)",Cad,C--,C--,A,,
11034,C--,C--,6,A,"(0, 1, 5, 8)",Cad,C--,C--,A,,
11035,C--,C--,6,A,"(0, 1, 5, 8)",Cad,C--,C--,A,,
11036,C--,C--,6,A,"(0, 1, 5, 8)",Cad,C--,C--,A,,
11037,C--,C--,6,A,"(0, 1, 5, 8)",Cad,C--,C--,A,,
11038,C--,C--,6,A,"(0, 1, 5, 8)",Cad,C--,C--,A,,
11039,C--,C--,6,A,"(0, 1, 5, 8)",Cad,C--,C--,A,,
11040,C--,C--,6,A,"(0, 1, 5, 8)",Cad,C--,C--,A,,
11041,C--,C--,6,A,"(0, 1, 5, 8)",Cad,C--,C--,A,,
11042,C--,C--,6,A,"(0, 1, 5, 8)",Cad,C--,C--,A,,
11043,C--,C--,6,A,"(0, 1, 5, 8)",Cad,C--,C--,A,,
11044,C--,C--,6,A,"(0, 1, 5, 8)",Cad,C--,C--,A,,
11045,C--,C--,6,A,"(0, 1, 5, 8)",Cad,C--,C--,A,,
11046,C--,C--,6,A,"(0, 1, 5, 8)",Cad,C--,C--,A,,
11047,C--,C--,6,A,"(0, 1, 5, 8)",Cad,C--,C--,A,,
11048,C--,C--,6,A,"(0, 1, 5, 8)",Cad,C--,C--,A,,
11049,C--,C--,6,A,"(0, 1, 5, 8)",Cad,C--,C--,A,,
11050,C--,C--,6,A,"(0, 1, 5, 8)",Cad,C--,C--,A,,
11051,C--,C--,6,A,"(0, 1, 5, 8)",Cad,C--,C--,A,,
11052,C--,C--,6,A,"(0, 1, 5, 8)",Cad,C--,C--,A,,
11053,C--,C--,6,A,"(0, 1, 5, 8)",Cad,C--,C--,A,,
11054,C--,C--,6,A,"(0, 1, 5, 8)",Cad,C--,C--,A,,
11055,C--,C--,6,A,"(0, 1, 5, 8)",Cad,C--,C--,A,,
11056,C--,C--,6,A,"(0, 1, 5, 8)",Cad,C--,C--,A,,
11057,C--,C--,6,A,"(0, 1, 5, 8)",Cad,C--,C--,A,,
11058,C--,C--,6,A,"(0, 1, 5, 8)",Cad,C--,C--,A,,
11059,C--,C--,6,A,"(0, 1, 5, 8)",Cad,C--,C--,A,,
11060,C--,C--,6,A,"(0, 1, 5, 8)",Cad,C--,C--,A,,
11061,C--,C--,6,A,"(0, 1, 5, 8)",Cad,C--,C--,A,,
11062,C--,C--,6,A,"(0, 1, 5, 8)",Cad,C--,C--,A,,
11063,C--,C--,6,A,"(0, 1, 5, 8)",Cad,C--,C--,A,,
11064,C--,C--,6,A,"(0, 1, 5, 8)",Cad,C--,C--,A,,
11065,C--,C--,6,A,"(0, 1, 5, 8)",Cad,C--,C--,A,,
11066,C--,C--,6,A,"(0, 1, 5, 8)",Cad,C--,C--,A,,
11067,C--,C--,6,A,"(0, 1, 5, 8)",Cad,C--,C--,A,,
11068,C--,C--,6,A,"(0, 1, 5, 8)",Cad,C--,C--,A,,
11069,C--,C--,6,A,"(0, 1, 5, 8)",Cad,C--,C--,A,,
11070,C--,C--,6,A,"(0, 1, 5, 8)",Cad,C--,C--,A,,
11071,C--,C--,6,A,"(0, 1, 5, 8)",Cad,C--,C--,A,,
11072,C--,C--,6,A,"(0, 1, 5, 8)",Cad,C--,C--,A,,
11073,C--,C--,6,A,"(0, 1, 5, 8)",Cad,C--,C--,A,,
11074,C--,C--,6,A,"(0, 1, 5, 8)",Cad,C--,C--,A,,
11075,C--,C--,6,A,"(0, 1, 5, 8)",Cad,C--,C--,A,,
11076,C--,C--,6,A,"(0, 1, 5, 8)",Cad,C--,C--,A,,
11077,C--,C--,6,A,"(0, 1, 5, 8)",Cad,C--,C--,A,,
11078,C--,C--,6,A,"(0, 1, 5, 8)",Cad,C--,C--,A,,
11079,C--,C--,6,A,"(0, 1, 5, 8)",Cad,C--,C--,A,,
11080,C--,C--,6,A,"(0, 1, 5, 8)",Cad,C--,C--,A,,
11081,C--,C--,6,A,"(0, 1, 5, 8)",Cad,C--,C--,A,,
11082,C--,C--,6,A,"(0, 1, 5, 8)",Cad,C--,C--,A,,
11083,C--,C--,6,A,"(0, 1, 5, 8)",Cad,C--,C--,A,,
11084,C--,C--,6,A,"(0, 1, 5, 8)",Cad,C--,C--,A,,
11085,C--,C--,6,A,"(0, 1, 5, 8)",Cad,C--,C--,A,,
11086,C--,C--,6,A,"(0, 1, 5, 8)",Cad,C--,C--,A,,
11087,C--,C--,6,A,"(0, 1, 5, 8)",Cad,C--,C--,A,,
11088,C--,C--,6,A,"(0, 1, 5, 8)",Cad,C--,C--,A,,
11089,C--,C--,6,A,"(0, 1, 5, 8)",Cad,C--,C--,A,,
11090,C--,C--,6,A,"(0, 1, 5, 8)",Cad,C--,C--,A,,
11091,C--,C--,6,A,"(0, 1, 5, 8)",Cad,C--,C--,A,,
11092,C--,C--,6,A,"(0, 1, 5, 8)",Cad,C--,C--,A,,
11093,C--,C--,6,A,"(0, 1, 5, 8)",Cad,C--,C--,A,,
11094,C--,C--,6,A,"(0, 1, 5, 8)",Cad,C--,C--,A,,
11095,C--,C--,6,A,"(0, 1, 5, 8)",Cad,C--,C--,A,,
11096,C--,C--,6,A,"(0, 1, 5, 8)",Cad,C--,C--,A,,
11097,C--,C--,6,A,"(0, 1, 5, 8)",Cad,C--,C--,A,,
11098,C--,C--,6,A,"(0, 1, 5, 8)",Cad,C--,C--,A,,
11099,C--,C--,6,A,"(0, 1, 5, 8)",Cad,C--,C--,A,,
11100,C--,C--,6,A,"(0, 1, 5, 8)",Cad,C--,C--,A,,
11101,C--,C--,6,A,"(0, 1, 5, 8)",Cad,C--,C--,A,,
11102,C--,C--,6,A,"(0, 1, 5, 8)",Cad,C--,C--,A,,
11103,C--,C--,6,A,"(0, 1, 5, 8)",Cad,C--,C--,A,,
11104,C--,C--,6,A,"(0, 1, 5, 8)",Cad,C--,C--,A,,
11105,C--,C--,6,A,"(0, 1, 5, 8)",Cad,C--,C--,A,,
11106,C--,C--,6,A,"(0, 1, 5, 8)",Cad,C--,C--,A,,
11107,C--,C--,6,A,"(0, 1, 5, 8)",Cad,C--,C--,A,,
11108,C--,C--,6,A,"(0, 1, 5, 8)",Cad,C--,C--,A,,
11109,C--,C--,6,A,"(0, 1, 5, 8)",Cad,C--,C--,A,,
11110,C--,C--,6,A,"(0, 1, 5, 8)",Cad,C--,C--,A,,
11111,C--,C--,6,A,"(0, 1, 5, 8)",Cad,C--,C--,A,,
11112,C--,C--,6,A,"(0, 1, 5, 8)",Cad,C--,C--,A,,
11113,C--,C--,6,A,"(0, 1, 5, 8)",Cad,C--,C--,A,,
11114,C--,C--,6,A,"(0, 1, 5, 8)",Cad,C--,C--,A,,
11115,C--,C--,6,A,"(0, 1, 5, 8)",Cad,C--,C--,A,,
11116,C--,C--,6,A,"(0, 1, 5, 8)",Cad,C--,C--,A,,
11117,C--,C--,6,A,"(0, 1, 5, 8)",Cad,C--,C--,A,,
11118,C--,C--,6,A,"(0, 1, 5, 8)",Cad,C--,C--,A,,
11119,C--,C--,6,A,"(0, 1, 5, 8)",Cad,C--,C--,A,,
11120,C--,C--,6,A,"(0, 1, 5, 8)",Cad,C--,C--,A,,
11121,C--,C--,6,A,"(0, 1, 5, 8)",Cad,C--,C--,A,,
11122,C--,C--,6,A,"(0, 1, 5, 8)",Cad,C--,C--,A,,
11123,C--,C--,6,A,"(0, 1, 5, 8)",Cad,C--,C--,A,,
11124,C--,C--,6,A,"(0, 1, 5, 8)",Cad,C--,C--,A,,
11125,C--,C--,6,A,"(0, 1, 5, 8)",Cad,C--,C--,A,,
11126,C--,C--,6,A,"(0, 1, 5, 8)",Cad,C--,C--,A,,
11127,C--,C--,6,A,"(0, 1, 5, 8)",Cad,C--,C--,A,,
11128,C--,C--,6,A,"(0, 1, 5, 8)",Cad,C--,C--,A,,
11129,C--,C--,6,A,"(0, 1, 5, 8)",Cad,C--,C--,A,,
11130,C--,C--,6,A,"(0, 1, 5, 8)",Cad,C--,C--,A,,
11131,C--,C--,6,A,"(0, 1, 5, 8)",Cad,C--,C--,A,,
11132,C--,C--,6,A,"(0, 1, 5, 8)",Cad,C--,C--,A,,
11133,C--,C--,6,A,"(0, 1, 5, 8)",Cad,C--,C--,A,,
11134,C--,C--,6,A,"(0, 1, 5, 8)",Cad,C--,C--,A,,
11135,C--,C--,6,A,"(0, 1, 5, 8)",Cad,C--,C--,A,,
11136,C--,C--,6,A,"(0, 1, 5, 8)",Cad,C--,C--,A,,
11137,C--,C--,6,A,"(0, 1, 5, 8)",Cad,C--,C--,A,,
11138,C--,C--,6,A,"(0, 1, 5, 8)",Cad,C--,C--,A,,
11139,C--,C--,6,A,"(0, 1, 5, 8)",Cad,C--,C--,A,,
11140,C--,C--,6,A,"(0, 1, 5, 8)",Cad,C--,C--,A,,
11141,C--,C--,6,A,"(0, 1, 5, 8)",Cad,C--,C--,A,,
11142,C--,C--,6,A,"(0, 1, 5, 8)",Cad,C--,C--,A,,
11143,C--,C--,6,A,"(0, 1, 5, 8)",Cad,C--,C--,A,,
11144,C--,C--,6,A,"(0, 1, 5, 8)",Cad,C--,C--,A,,
11145,C--,C--,6,A,"(0, 1, 5, 8)",Cad,C--,C--,A,,
11146,C--,C--,6,A,"(0, 1, 5, 8)",Cad,C--,C--,A,,
11147,C--,C--,6,A,"(0, 1, 5, 8)",Cad,C--,C--,A,,
11148,C--,C--,6,A,"(0, 1, 5, 8)",Cad,C--,C--,A,,
11149,C--,C--,6,A,"(0, 1, 5, 8)",Cad,C--,C--,A,,
11150,C--,C--,6,A,"(0, 1, 5, 8)",Cad,C--,C--,A,,
11151,C--,C--,6,A,"(0, 1, 5, 8)",Cad,C--,C--,A,,
11152,C--,C--,6,A,"(0, 1, 5, 8)",Cad,C--,C--,A,,
11153,C--,C--,6,A,"(0, 1, 5, 8)",Cad,C--,C--,A,,
11154,C--,C--,6,A,"(0, 1, 5, 8)",Cad,C--,C--,A,,
11155,C--,C--,6,A,"(0, 1, 5, 8)",Cad,C--,C--,A,,
11156,C--,C--,6,A,"(0, 1, 5, 8)",Cad,C--,C--,A,,
11157,C--,C--,6,A,"(0, 1, 5, 8)",Cad,C--,C--,A,,
11158,C--,C--,6,A,"(0, 1, 5, 8)",Cad,C--,C--,A,,
11159,C--,C--,6,A,"(0, 1, 5, 8)",Cad,C--,C--,A,,
11160,C--,C--,6,A,"(0, 1, 5, 8)",Cad,C--,C--,A,,
11161,C--,C--,6,A,"(0, 1, 5, 8)",Cad,C--,C--,A,,
11162,C--,C--,6,A,"(0, 1, 5, 8)",Cad,C--,C--,A,,
11163,C--,C--,6,A,"(0, 1, 5, 8)",Cad,C--,C--,A,,
11164,C--,C--,6,A,"(0, 1, 5, 8)",Cad,C--,C--,A,,
11165,C--,C--,6,A,"(0, 1, 5, 8)",Cad,C--,C--,A,,
11166,C--,C--,6,A,"(0, 1, 5, 8)",Cad,C--,C--,A,,
11167,C--,C--,6,A,"(0, 1, 5, 8)",Cad,C--,C--,A,,
11168,C--,C--,6,A,"(0, 1, 5, 8)",Cad,C--,C--,A,,
11169,C--,C--,6,A,"(0, 1, 5, 8)",Cad,C--,C--,A,,
11170,C--,C--,6,A,"(0, 1, 5, 8)",Cad,C--,C--,A,,
11171,C--,C--,6,A,"(0, 1, 5, 8)",Cad,C--,C--,A,,
11172,C--,C--,6,A,"(0, 1, 5, 8)",Cad,C--,C--,A,,
11173,C--,C--,6,A,"(0, 1, 5, 8)",Cad,C--,C--,A,,
11174,C--,C--,6,A,"(0, 1, 5, 8)",Cad,C--,C--,A,,
11175,C--,C--,6,A,"(0, 1, 5, 8)",Cad,C--,C--,A,,
11176,C--,C--,6,A,"(0, 1, 5, 8)",Cad,C--,C--,A,,
11177,C--,C--,6,A,"(0, 1, 5, 8)",Cad,C--,C--,A,,
11178,C--,C--,6,A,"(0, 1, 5, 8)",Cad,C--,C--,A,,
11179,C--,C--,6,A,"(0, 1, 5, 8)",Cad,C--,C--,A,,
11180,C--,C--,6,A,"(0, 1, 5, 8)",Cad,C--,C--,A,,
11181,C--,C--,6,A,"(0, 1, 5, 8)",Cad,C--,C--,A,,
11182,C--,C--,6,A,"(0, 1, 5, 8)",Cad,C--,C--,A,,
11183,C--,C--,6,A,"(0, 1, 5, 8)",Cad,C--,C--,A,,
11184,C--,C--,6,A,"(0, 1, 5, 8)",Cad,C--,C--,A,,
11185,C--,C--,6,A,"(0, 1, 5, 8)",Cad,C--,C--,A,,
11186,C--,C--,6,A,"(0, 1, 5, 8)",Cad,C--,C--,A,,
11187,C--,C--,6,A,"(0, 1, 5, 8)",Cad,C--,C--,A,,
11188,C--,C--,6,A,"(0, 1, 5, 8)",Cad,C--,C--,A,,
11189,C--,C--,6,A,"(0, 1, 5, 8)",Cad,C--,C--,A,,
11190,C--,C--,6,A,"(0, 1, 5, 8)",Cad,C--,C--,A,,
11191,C--,C--,6,A,"(0, 1, 5, 8)",Cad,C--,C--,A,,
11192,C--,C--,6,A,"(0, 1, 5, 8)",Cad,C--,C--,A,,
11193,C--,C--,6,A,"(0, 1, 5, 8)",Cad,C--,C--,A,,
11194,C--,C--,6,A,"(0, 1, 5, 8)",Cad,C--,C--,A,,
11195,C--,C--,6,A,"(0, 1, 5, 8)",Cad,C--,C--,A,,
11196,C--,C--,6,A,"(0, 1, 5, 8)",Cad,C--,C--,A,,
11197,C--,C--,6,A,"(0, 1, 5, 8)",Cad,C--,C--,A,,
11198,C--,C--,6,A,"(0, 1, 5, 8)",Cad,C--,C--,A,,
11199,C--,C--,6,A,"(0, 1, 5, 8)",Cad,C--,C--,A,,
11200,C--,C--,6,A,"(0, 1, 5, 8)",Cad,C--,C--,A,,
11201,C--,C--,6,A,"(0, 1, 5, 8)",Cad,C--,C--,A,,
11202,C--,C--,6,A,"(0, 1, 5, 8)",Cad,C--,C--,A,,
11203,C--,C--,6,A,"(0, 1, 5, 8)",Cad,C--,C--,A,,
11204,C--,C--,6,A,"(0, 1, 5, 8)",Cad,C--,C--,A,,
11205,C--,C--,6,A,"(0, 1, 5, 8)",Cad,C--,C--,A,,
11206,C--,C--,6,A,"(0, 1, 5, 8)",Cad,C--,C--,A,,
11207,C--,C--,6,A,"(0, 1, 5, 8)",Cad,C--,C--,A,,
11208,C--,C--,6,A,"(0, 1, 5, 8)",Cad,C--,C--,A,,
11209,C--,C--,6,A,"(0, 1, 5, 8)",Cad,C--,C--,A,,
11210,C--,C--,6,A,"(0, 1, 5, 8)",Cad,C--,C--,A,,
11211,C--,C--,6,A,"(0, 1, 5, 8)",Cad,C--,C--,A,,
11212,C--,C--,6,A,"(0, 1, 5, 8)",Cad,C--,C--,A,,
11213,C--,C--,6,A,"(0, 1, 5, 8)",Cad,C--,C--,A,,
11214,C--,C--,6,A,"(0, 1, 5, 8)",Cad,C--,C--,A,,
11215,C--,C--,6,A,"(0, 1, 5, 8)",Cad,C--,C--,A,,
11216,C--,C--,6,A,"(0, 1, 5, 8)",Cad,C--,C--,A,,
11217,C--,C--,6,A,"(0, 1, 5, 8)",Cad,C--,C--,A,,
11218,C--,C--,6,A,"(0, 1, 5, 8)",Cad,C--,C--,A,,
11219,C--,C--,6,A,"(0, 1, 5, 8)",Cad,C--,C--,A,,
11220,C--,C--,6,A,"(0, 1, 5, 8)",Cad,C--,C--,A,,
11221,C--,C--,6,A,"(0, 1, 5, 8)",Cad,C--,C--,A,,
11222,C--,C--,6,A,"(0, 1, 5, 8)",Cad,C--,C--,A,,
11223,C--,C--,6,A,"(0, 1, 5, 8)",Cad,C--,C--,A,,
11224,C--,C--,6,A,"(0, 1, 5, 8)",Cad,C--,C--,A,,
11225,C--,C--,6,A,"(0, 1, 5, 8)",Cad,C--,C--,A,,
11226,C--,C--,6,A,"(0, 1, 5, 8)",Cad,C--,C--,A,,
11227,C--,C--,6,A,"(0, 1, 5, 8)",Cad,C--,C--,A,,
11228,C--,C--,6,A,"(0, 1, 5, 8)",Cad,C--,C--,A,,
11229,C--,C--,6,A,"(0, 1, 5, 8)",Cad,C--,C--,A,,
11230,C--,C--,6,A,"(0, 1, 5, 8)",Cad,C--,C--,A,,
11231,C--,C--,6,A,"(0, 1, 5, 8)",Cad,C--,C--,A,,
11232,C--,C--,6,A,"(0, 1, 5, 8)",Cad,C--,C--,A,,
11233,C--,C--,6,A,"(0, 1, 5, 8)",Cad,C--,C--,A,,
11234,C--,C--,6,A,"(0, 1, 5, 8)",Cad,C--,C--,A,,
11235,C--,C--,6,A,"(0, 1, 5, 8)",Cad,C--,C--,A,,
11236,C--,C--,6,A,"(0, 1, 5, 8)",Cad,C--,C--,A,,
11237,C--,C--,6,A,"(0, 1, 5, 8)",Cad,C--,C--,A,,
11238,C--,C--,6,A,"(0, 1, 5, 8)",Cad,C--,C--,A,,
11239,C--,C--,6,A,"(0, 1, 5, 8)",Cad,C--,C--,A,,
11240,C--,C--,6,A,"(0, 1, 5, 8)",Cad,C--,C--,A,,
11241,C--,C--,6,A,"(0, 1, 5, 8)",Cad,C--,C--,A,,
11242,C--,C--,6,A,"(0, 1, 5, 8)",Cad,C--,C--,A,,
11243,C--,C--,6,A,"(0, 1, 5, 8)",Cad,C--,C--,A,,
11244,C--,C--,6,A,"(0, 1, 5, 8)",Cad,C--,C--,A,,
11245,C--,C--,6,A,"(0, 1, 5, 8)",Cad,C--,C--,A,,
11246,C--,C--,6,A,"(0, 1, 5, 8)",Cad,C--,C--,A,,
11247,C--,C--,6,A,"(0, 1, 5, 8)",Cad,C--,C--,A,,
11248,C--,C--,6,A,"(0, 1, 5, 8)",Cad,C--,C--,A,,
11249,C--,C--,6,A,"(0, 1, 5, 8)",Cad,C--,C--,A,,
11250,C--,C--,6,A,"(0, 1, 5, 8)",Cad,C--,C--,A,,
11251,C--,C--,6,A,"(0, 1, 5, 8)",Cad,C--,C--,A,,
11252,C--,C--,6,A,"(0, 1, 5, 8)",Cad,C--,C--,A,,
11253,C--,C--,6,A,"(0, 1, 5, 8)",Cad,C--,C--,A,,
11254,C--,C--,6,A,"(0, 1, 5, 8)",Cad,C--,C--,A,,
11255,C--,C--,6,A,"(0, 1, 5, 8)",Cad,C--,C--,A,,
11256,C--,C--,6,A,"(0, 1, 5, 8)",Cad,C--,C--,A,,
11257,C--,C--,6,A,"(0, 1, 5, 8)",Cad,C--,C--,A,,
11258,C--,C--,6,A,"(0, 1, 5, 8)",Cad,C--,C--,A,,
11259,C--,C--,6,A,"(0, 1, 5, 8)",Cad,C--,C--,A,,
11260,C--,C--,6,A,"(0, 1, 5, 8)",Cad,C--,C--,A,,
11261,C--,C--,6,A,"(0, 1, 5, 8)",Cad,C--,C--,A,,
11262,C--,C--,6,A,"(0, 1, 5, 8)",Cad,C--,C--,A,,
11263,C--,C--,6,A,"(0, 1, 5, 8)",Cad,C--,C--,A,,
11264,C--,C--,6,A,"(0, 1, 5, 8)",Cad,C--,C--,A,,
11265,C--,C--,6,A,"(0, 1, 5, 8)",Cad,C--,C--,A,,
11266,C--,C--,6,A,"(0, 1, 5, 8)",Cad,C--,C--,A,,
11267,C--,C--,6,A,"(0, 1, 5, 8)",Cad,C--,C--,A,,
11268,C--,C--,6,A,"(0, 1, 5, 8)",Cad,C--,C--,A,,
11269,C--,C--,6,A,"(0, 1, 5, 8)",Cad,C--,C--,A,,
11270,C--,C--,6,A,"(0, 1, 5, 8)",Cad,C--,C--,A,,
11271,C--,C--,6,A,"(0, 1, 5, 8)",Cad,C--,C--,A,,
11272,C--,C--,6,A,"(0, 1, 5, 8)",Cad,C--,C--,A,,
11273,C--,C--,6,A,"(0, 1, 5, 8)",Cad,C--,C--,A,,
11274,C--,C--,6,A,"(0, 1, 5, 8)",Cad,C--,C--,A,,
11275,C--,C--,6,A,"(0, 1, 5, 8)",Cad,C--,C--,A,,
11276,C--,C--,6,A,"(0, 1, 5, 8)",Cad,C--,C--,A,,
11277,C--,C--,6,A,"(0, 1, 5, 8)",Cad,C--,C--,A,,
11278,C--,C--,6,A,"(0, 1, 5, 8)",Cad,C--,C--,A,,
11279,C--,C--,6,A,"(0, 1, 5, 8)",Cad,C--,C--,A,,
11280,C--,C--,6,A,"(0, 1, 5, 8)",Cad,C--,C--,A,,
11281,C--,C--,6,A,"(0, 1, 5, 8)",Cad,C--,C--,A,,
11282,C--,C--,6,A,"(0, 1, 5, 8)",Cad,C--,C--,A,,
11283,C--,C--,6,A,"(0, 1, 5, 8)",Cad,C--,C--,A,,
11284,C--,C--,6,A,"(0, 1, 5, 8)",Cad,C--,C--,A,,
11285,C--,C--,6,A,"(0, 1, 5, 8)",Cad,C--,C--,A,,
11286,C--,C--,6,A,"(0, 1, 5, 8)",Cad,C--,C--,A,,
11287,C--,C--,6,A,"(0, 1, 5, 8)",Cad,C--,C--,A,,
11288,C--,C--,6,A,"(0, 1, 5, 8)",Cad,C--,C--,A,,
11289,C--,C--,6,A,"(0, 1, 5, 8)",Cad,C--,C--,A,,
11290,C--,C--,6,A,"(0, 1, 5, 8)",Cad,C--,C--,A,,
11291,C--,C--,6,A,"(0, 1, 5, 8)",Cad,C--,C--,A,,
11292,C--,C--,6,A,"(0, 1, 5, 8)",Cad,C--,C--,A,,
11293,C--,C--,6,A,"(0, 1, 5, 8)",Cad,C--,C--,A,,
11294,C--,C--,6,A,"(0, 1, 5, 8)",Cad,C--,C--,A,,
11295,C--,C--,6,A,"(0, 1, 5, 8)",Cad,C--,C--,A,,
11296,C--,C--,6,A,"(0, 1, 5, 8)",Cad,C--,C--,A,,
11297,C--,C--,6,A,"(0, 1, 5, 8)",Cad,C--,C--,A,,
11298,C--,C--,6,A,"(0, 1, 5, 8)",Cad,C--,C--,A,,
11299,C--,C--,6,A,"(0, 1, 5, 8)",Cad,C--,C--,A,,
11300,C--,C--,6,A,"(0, 1, 5, 8)",Cad,C--,C--,A,,
11301,C--,C--,6,A,"(0, 1, 5, 8)",Cad,C--,C--,A,,
11302,C--,C--,6,A,"(0, 1, 5, 8)",Cad,C--,C--,A,,
11303,C--,C--,6,A,"(0, 1, 5, 8)",Cad,C--,C--,A,,
11304,C--,C--,6,A,"(0, 1, 5, 8)",Cad,C--,C--,A,,
11305,C--,C--,6,A,"(0, 1, 5, 8)",Cad,C--,C--,A,,
11306,C--,C--,6,A,"(0, 1, 5, 8)",Cad,C--,C--,A,,
11307,C--,C--,6,A,"(0, 1, 5, 8)",Cad,C--,C--,A,,
11308,C--,C--,6,A,"(0, 1, 5, 8)",Cad,C--,C--,A,,
11309,C--,C--,6,A,"(0, 1, 5, 8)",Cad,C--,C--,A,,
11310,C--,C--,6,A,"(0, 1, 5, 8)",Cad,C--,C--,A,,
11311,C--,C--,6,A,"(0, 1, 5, 8)",Cad,C--,C--,A,,
11312,C--,C--,6,A,"(0, 1, 5, 8)",Cad,C--,C--,A,,
11313,C--,C--,6,A,"(0, 1, 5, 8)",Cad,C--,C--,A,,
11314,C--,C--,6,A,"(0, 1, 5, 8)",Cad,C--,C--,A,,
11315,C--,C--,6,A,"(0, 1, 5, 8)",Cad,C--,C--,A,,
11316,C--,C--,6,A,"(0, 1, 5, 8)",Cad,C--,C--,A,,
11317,C--,C--,6,A,"(0, 1, 5, 8)",Cad,C--,C--,A,,
11318,C--,C--,6,A,"(0, 1, 5, 8)",Cad,C--,C--,A,,
11319,C--,C--,6,A,"(0, 1, 5, 8)",Cad,C--,C--,A,,
11320,C--,C--,6,A,"(0, 1, 5, 8)",Cad,C--,C--,A,,
11321,C--,C--,6,A,"(0, 1, 5, 8)",Cad,C--,C--,A,,
11322,C--,C--,6,A,"(0, 1, 5, 8)",Cad,C--,C--,A,,
11323,C--,C--,6,A,"(0, 1, 5, 8)",Cad,C--,C--,A,,
11324,C--,C--,6,A,"(0, 1, 5, 8)",Cad,C--,C--,A,,
11325,C--,C--,6,A,"(0, 1, 5, 8)",Cad,C--,C--,A,,
11326,C--,C--,6,A,"(0, 1, 5, 8)",Cad,C--,C--,A,,
11327,C--,C--,6,A,"(0, 1, 5, 8)",Cad,C--,C--,A,,
11328,C--,C--,6,A,"(0, 1, 5, 8)",Cad,C--,C--,A,,
11329,C--,C--,6,A,"(0, 1, 5, 8)",Cad,C--,C--,A,,
11330,C--,C--,6,A,"(0, 1, 5, 8)",Cad,C--,C--,A,,
11331,C--,C--,6,A,"(0, 1, 5, 8)",Cad,C--,C--,A,,
11332,C--,C--,6,A,"(0, 1, 5, 8)",Cad,C--,C--,A,,
11333,C--,C--,6,A,"(0, 1, 5, 8)",Cad,C--,C--,A,,
11334,C--,C--,6,A,"(0, 1, 5, 8)",Cad,C--,C--,A,,
11335,C--,C--,6,A,"(0, 1, 5, 8)",Cad,C--,C--,A,,
11336,C--,C--,6,A,"(0, 1, 5, 8)",Cad,C--,C--,A,,
11337,C--,C--,6,A,"(0, 1, 5, 8)",Cad,C--,C--,A,,
11338,C--,C--,6,A,"(0, 1, 5, 8)",Cad,C--,C--,A,,
11339,C--,C--,6,A,"(0, 1, 5, 8)",Cad,C--,C--,A,,
11340,C--,C--,6,A,"(0, 1, 5, 8)",Cad,C--,C--,A,,
11341,C--,C--,6,A,"(0, 1, 5, 8)",Cad,C--,C--,A,,
11342,C--,C--,6,A,"(0, 1, 5, 8)",Cad,C--,C--,A,,
11343,C--,C--,6,A,"(0, 1, 5, 8)",Cad,C--,C--,A,,
11344,C--,C--,6,A,"(0, 1, 5, 8)",Cad,C--,C--,A,,
11345,C--,C--,6,A,"(0, 1, 5, 8)",Cad,C--,C--,A,,
11346,C--,C--,6,A,"(0, 1, 5, 8)",Cad,C--,C--,A,,
11347,C--,C--,6,A,"(0, 1, 5, 8)",Cad,C--,C--,A,,
11348,C--,C--,6,A,"(0, 1, 5, 8)",Cad,C--,C--,A,,
11349,C--,C--,6,A,"(0, 1, 5, 8)",Cad,C--,C--,A,,
11350,C--,C--,6,A,"(0, 1, 5, 8)",Cad,C--,C--,A,,
11351,C--,C--,6,A,"(0, 1, 5, 8)",Cad,C--,C--,A,,
11352,C--,C--,6,A,"(0, 1, 5, 8)",Cad,C--,C--,A,,
11353,C--,C--,6,A,"(0, 1, 5, 8)",Cad,C--,C--,A,,
11354,C--,C--,6,A,"(0, 1, 5, 8)",Cad,C--,C--,A,,
11355,C--,C--,6,A,"(0, 1, 5, 8)",Cad,C--,C--,A,,
11356,C--,C--,6,A,"(0, 1, 5, 8)",Cad,C--,C--,A,,
11357,C--,C--,6,A,"(0, 1, 5, 8)",Cad,C--,C--,A,,
11358,C--,C--,6,A,"(0, 1, 5, 8)",Cad,C--,C--,A,,
11359,C--,C--,6,A,"(0, 1, 5, 8)",Cad,C--,C--,A,,
11360,C--,C--,6,A,"(0, 1, 5, 8)",Cad,C--,C--,A,,
11361,C--,C--,6,A,"(0, 1, 5, 8)",Cad,C--,C--,A,,
11362,C--,C--,6,A,"(0, 1, 5, 8)",Cad,C--,C--,A,,
11363,C--,C--,6,A,"(0, 1, 5, 8)",Cad,C--,C--,A,,
11364,C--,C--,6,A,"(0, 1, 5, 8)",Cad,C--,C--,A,,
11365,C--,C--,6,A,"(0, 1, 5, 8)",Cad,C--,C--,A,,
11366,C--,C--,6,A,"(0, 1, 5, 8)",Cad,C--,C--,A,,
11367,C--,C--,6,A,"(0, 1, 5, 8)",Cad,C--,C--,A,,
11368,C--,C--,6,A,"(0, 1, 5, 8)",Cad,C--,C--,A,,
11369,C--,C--,6,A,"(0, 1, 5, 8)",Cad,C--,C--,A,,
11370,C--,C--,6,A,"(0, 1, 5, 8)",Cad,C--,C--,A,,
11371,C--,C--,6,A,"(0, 1, 5, 8)",Cad,C--,C--,A,,
11372,C--,C--,6,A,"(0, 1, 5, 8)",Cad,C--,C--,A,,
11373,C--,C--,6,A,"(0, 1, 5, 8)",Cad,C--,C--,A,,
11374,C--,C--,6,A,"(0, 1, 5, 8)",Cad,C--,C--,A,,
11375,C--,C--,6,A,"(0, 1, 5, 8)",Cad,C--,C--,A,,
11376,C--,C--,6,A,"(0, 1, 5, 8)",Cad,C--,C--,A,,
11377,C--,C--,6,A,"(0, 1, 5, 8)",Cad,C--,C--,A,,
11378,C--,C--,6,A,"(0, 1, 5, 8)",Cad,C--,C--,A,,
11379,C--,C--,6,A,"(0, 1, 5, 8)",Cad,C--,C--,A,,
11380,C--,C--,6,A,"(0, 1, 5, 8)",Cad,C--,C--,A,,
11381,C--,C--,6,A,"(0, 1, 5, 8)",Cad,C--,C--,A,,
11382,C--,C--,6,A,"(0, 1, 5, 8)",Cad,C--,C--,A,,
11383,C--,C--,6,A,"(0, 1, 5, 8)",Cad,C--,C--,A,,
11384,C--,C--,6,A,"(0, 1, 5, 8)",Cad,C--,C--,A,,
11385,C--,C--,6,A,"(0, 1, 5, 8)",Cad,C--,C--,A,,
11386,C--,C--,6,A,"(0, 1, 5, 8)",Cad,C--,C--,A,,
11387,C--,C--,6,A,"(0, 1, 5, 8)",Cad,C--,C--,A,,
11388,C--,C--,6,A,"(0, 1, 5, 8)",Cad,C--,C--,A,,
11389,C--,C--,6,A,"(0, 1, 5, 8)",Cad,C--,C--,A,,
11390,C--,C--,6,A,"(0, 1, 5, 8)",Cad,C--,C--,A,,
11391,C--,C--,6,A,"(0, 1, 5, 8)",Cad,C--,C--,A,,
11392,C--,C--,6,A,"(0, 1, 5, 8)",Cad,C--,C--,A,,
11393,C--,C--,6,A,"(0, 1, 5, 8)",Cad,C--,C--,A,,
11394,C--,C--,6,A,"(0, 1, 5, 8)",Cad,C--,C--,A,,
11395,C--,C--,6,A,"(0, 1, 5, 8)",Cad,C--,C--,A,,
11396,C--,C--,6,A,"(0, 1, 5, 8)",Cad,C--,C--,A,,
11397,C--,C--,6,A,"(0, 1, 5, 8)",Cad,C--,C--,A,,
11398,C--,C--,6,A,"(0, 1, 5, 8)",Cad,C--,C--,A,,
11399,C--,C--,6,A,"(0, 1, 5, 8)",Cad,C--,C--,A,,
11400,C--,C--,6,A,"(0, 1, 5, 8)",Cad,C--,C--,A,,
11401,C--,C--,6,A,"(0, 1, 5, 8)",Cad,C--,C--,A,,
11402,C--,C--,6,A,"(0, 1, 5, 8)",Cad,C--,C--,A,,
11403,C--,C--,6,A,"(0, 1, 5, 8)",Cad,C--,C--,A,,
11404,C--,C--,6,A,"(0, 1, 5, 8)",Cad,C--,C--,A,,
11405,C--,C--,6,A,"(0, 1, 5, 8)",Cad,C--,C--,A,,
11406,C--,C--,6,A,"(0, 1, 5, 8)",Cad,C--,C--,A,,
11407,C--,C--,6,A,"(0, 1, 5, 8)",Cad,C--,C--,A,,
11408,C--,C--,6,A,"(0, 1, 5, 8)",Cad,C--,C--,A,,
11409,C--,C--,6,A,"(0, 1, 5, 8)",Cad,C--,C--,A,,
11410,C--,C--,6,A,"(0, 1, 5, 8)",Cad,C--,C--,A,,
11411,C--,C--,6,A,"(0, 1, 5, 8)",Cad,C--,C--,A,,
11412,C--,C--,6,A,"(0, 1, 5, 8)",Cad,C--,C--,A,,
11413,C--,C--,6,A,"(0, 1, 5, 8)",Cad,C--,C--,A,,
11414,C--,C--,6,A,"(0, 1, 5, 8)",Cad,C--,C--,A,,
11415,C--,C--,6,A,"(0, 1, 5, 8)",Cad,C--,C--,A,,
11416,C--,C--,6,A,"(0, 1, 5, 8)",Cad,C--,C--,A,,
11417,C--,C--,6,A,"(0, 1, 5, 8)",Cad,C--,C--,A,,
11418,C--,C--,6,A,"(0, 1, 5, 8)",Cad,C--,C--,A,,
11419,C--,C--,6,A,"(0, 1, 5, 8)",Cad,C--,C--,A,,
11420,C--,C--,6,A,"(0, 1, 5, 8)",Cad,C--,C--,A,,
11421,C--,C--,6,A,"(0, 1, 5, 8)",Cad,C--,C--,A,,
11422,C--,C--,6,A,"(0, 1, 5, 8)",Cad,C--,C--,A,,
11423,C--,C--,6,A,"(0, 1, 5, 8)",Cad,C--,C--,A,,
11424,C--,C--,6,A,"(0, 1, 5, 8)",Cad,C--,C--,A,,
11425,C--,C--,6,A,"(0, 1, 5, 8)",Cad,C--,C--,A,,
11426,C--,C--,6,A,"(0, 1, 5, 8)",Cad,C--,C--,A,,
11427,C--,C--,6,A,"(0, 1, 5, 8)",Cad,C--,C--,A,,
11428,C--,C--,6,A,"(0, 1, 5, 8)",Cad,C--,C--,A,,
11429,C--,C--,6,A,"(0, 1, 5, 8)",Cad,C--,C--,A,,
11430,C--,C--,6,A,"(0, 1, 5, 8)",Cad,C--,C--,A,,
11431,C--,C--,6,A,"(0, 1, 5, 8)",Cad,C--,C--,A,,
11432,C--,C--,6,A,"(0, 1, 5, 8)",Cad,C--,C--,A,,
11433,C--,C--,6,A,"(0, 1, 5, 8)",Cad,C--,C--,A,,
11434,C--,C--,6,A,"(0, 1, 5, 8)",Cad,C--,C--,A,,
11435,C--,C--,6,A,"(0, 1, 5, 8)",Cad,C--,C--,A,,
11436,C--,C--,6,A,"(0, 1, 5, 8)",Cad,C--,C--,A,,
11437,C--,C--,6,A,"(0, 1, 5, 8)",Cad,C--,C--,A,,
11438,C--,C--,6,A,"(0, 1, 5, 8)",Cad,C--,C--,A,,
11439,C--,C--,6,A,"(0, 1, 5, 8)",Cad,C--,C--,A,,
11440,C--,C--,6,A,"(0, 1, 5, 8)",Cad,C--,C--,A,,
11441,C--,C--,6,A,"(0, 1, 5, 8)",Cad,C--,C--,A,,
11442,C--,C--,6,A,"(0, 1, 5, 8)",Cad,C--,C--,A,,
11443,C--,C--,6,A,"(0, 1, 5, 8)",Cad,C--,C--,A,,
11444,C--,C--,6,A,"(0, 1, 5, 8)",Cad,C--,C--,A,,
11445,C--,C--,6,A,"(0, 1, 5, 8)",Cad,C--,C--,A,,
11446,C--,C--,6,A,"(0, 1, 5, 8)",Cad,C--,C--,A,,
11447,C--,C--,6,A,"(0, 1, 5, 8)",Cad,C--,C--,A,,
11448,C--,C--,6,A,"(0, 1, 5, 8)",Cad,C--,C--,A,,
11449,C--,C--,6,A,"(0, 1, 5, 8)",Cad,C--,C--,A,,
11450,C--,C--,6,A,"(0, 1, 5, 8)",Cad,C--,C--,A,,
11451,C--,C--,6,A,"(0, 1, 5, 8)",Cad,C--,C--,A,,
11452,C--,C--,6,A,"(0, 1, 5, 8)",Cad,C--,C--,A,,
11453,C--,C--,6,A,"(0, 1, 5, 8)",Cad,C--,C--,A,,
11454,C--,C--,6,A,"(0, 1, 5, 8)",Cad,C--,C--,A,,
11455,C--,C--,6,A,"(0, 1, 5, 8)",Cad,C--,C--,A,,
11456,C--,C--,6,A,"(0, 1, 5, 8)",Cad,C--,C--,A,,
11457,C--,C--,6,A,"(0, 1, 5, 8)",Cad,C--,C--,A,,
11458,C--,C--,6,A,"(0, 1, 5, 8)",Cad,C--,C--,A,,
11459,C--,C--,6,A,"(0, 1, 5, 8)",Cad,C--,C--,A,,
11460,C--,C--,6,A,"(0, 1, 5, 8)",Cad,C--,C--,A,,
11461,C--,C--,6,A,"(0, 1, 5, 8)",Cad,C--,C--,A,,
11462,C--,C--,6,A,"(0, 1, 5, 8)",Cad,C--,C--,A,,
11463,C--,C--,6,A,"(0, 1, 5, 8)",Cad,C--,C--,A,,
11464,C--,C--,6,A,"(0, 1, 5, 8)",Cad,C--,C--,A,,
11465,C--,C--,6,A,"(0, 1, 5, 8)",Cad,C--,C--,A,,
11466,C--,C--,6,A,"(0, 1, 5, 8)",Cad,C--,C--,A,,
11467,C--,C--,6,A,"(0, 1, 5, 8)",Cad,C--,C--,A,,
11468,C--,C--,6,A,"(0, 1, 5, 8)",Cad,C--,C--,A,,
11469,C--,C--,6,A,"(0, 1, 5, 8)",Cad,C--,C--,A,,
11470,C--,C--,6,A,"(0, 1, 5, 8)",Cad,C--,C--,A,,
11471,C--,C--,6,A,"(0, 1, 5, 8)",Cad,C--,C--,A,,
11472,C--,C--,6,A,"(0, 1, 5, 8)",Cad,C--,C--,A,,
11473,C--,C--,6,A,"(0, 1, 5, 8)",Cad,C--,C--,A,,
11474,C--,C--,6,A,"(0, 1, 5, 8)",Cad,C--,C--,A,,
11475,C--,C--,6,A,"(0, 1, 5, 8)",Cad,C--,C--,A,,
11476,C--,C--,6,A,"(0, 1, 5, 8)",Cad,C--,C--,A,,
11477,C--,C--,6,A,"(0, 1, 5, 8)",Cad,C--,C--,A,,
11478,C--,C--,6,A,"(0, 1, 5, 8)",Cad,C--,C--,A,,
11479,C--,C--,6,A,"(0, 1, 5, 8)",Cad,C--,C--,A,,
11480,C--,C--,6,A,"(0, 1, 5, 8)",Cad,C--,C--,A,,
11481,C--,C--,6,A,"(0, 1, 5, 8)",Cad,C--,C--,A,,
11482,C--,C--,6,A,"(0, 1, 5, 8)",Cad,C--,C--,A,,
11483,C--,C--,6,A,"(0, 1, 5, 8)",Cad,C--,C--,A,,
11484,C--,C--,6,A,"(0, 1, 5, 8)",Cad,C--,C--,A,,
11485,C--,C--,6,A,"(0, 1, 5, 8)",Cad,C--,C--,A,,
11486,C--,C--,6,A,"(0, 1, 5, 8)",Cad,C--,C--,A,,
11487,C--,C--,6,A,"(0, 1, 5, 8)",Cad,C--,C--,A,,
11488,C--,C--,6,A,"(0, 1, 5, 8)",Cad,C--,C--,A,,
11489,C--,C--,6,A,"(0, 1, 5, 8)",Cad,C--,C--,A,,
11490,C--,C--,6,A,"(0, 1, 5, 8)",Cad,C--,C--,A,,
11491,C--,C--,6,A,"(0, 1, 5, 8)",Cad,C--,C--,A,,
11492,C--,C--,6,A,"(0, 1, 5, 8)",Cad,C--,C--,A,,
11493,C--,C--,6,A,"(0, 1, 5, 8)",Cad,C--,C--,A,,
11494,C--,C--,6,A,"(0, 1, 5, 8)",Cad,C--,C--,A,,
11495,C--,C--,6,A,"(0, 1, 5, 8)",Cad,C--,C--,A,,
11496,C--,C--,6,A,"(0, 1, 5, 8)",Cad,C--,C--,A,,
11497,C--,C--,6,A,"(0, 1, 5, 8)",Cad,C--,C--,A,,
11498,C--,C--,6,A,"(0, 1, 5, 8)",Cad,C--,C--,A,,
11499,C--,C--,6,A,"(0, 1, 5, 8)",Cad,C--,C--,A,,
11500,C--,C--,6,A,"(0, 1, 5, 8)",Cad,C--,C--,A,,
11501,C--,C--,6,A,"(0, 1, 5, 8)",Cad,C--,C--,A,,
11502,C--,C--,6,A,"(0, 1, 5, 8)",Cad,C--,C--,A,,
11503,C--,C--,6,A,"(0, 1, 5, 8)",Cad,C--,C--,A,,
11504,C--,C--,6,A,"(0, 1, 5, 8)",Cad,C--,C--,A,,
11505,C--,C--,6,A,"(0, 1, 5, 8)",Cad,C--,C--,A,,
11506,C--,C--,6,A,"(0, 1, 5, 8)",Cad,C--,C--,A,,
11507,C--,C--,6,A,"(0, 1, 5, 8)",Cad,C--,C--,A,,
11508,C--,C--,6,A,"(0, 1, 5, 8)",Cad,C--,C--,A,,
11509,C--,C--,6,A,"(0, 1, 5, 8)",Cad,C--,C--,A,,
11510,C--,C--,6,A,"(0, 1, 5, 8)",Cad,C--,C--,A,,
11511,C--,C--,6,A,"(0, 1, 5, 8)",Cad,C--,C--,A,,
11512,C--,C--,6,A,"(0, 1, 5, 8)",Cad,C--,C--,A,,
11513,C--,C--,6,A,"(0, 1, 5, 8)",Cad,C--,C--,A,,
11514,C--,C--,6,A,"(0, 1, 5, 8)",Cad,C--,C--,A,,
11515,C--,C--,6,A,"(0, 1, 5, 8)",Cad,C--,C--,A,,
11516,C--,C--,6,A,"(0, 1, 5, 8)",Cad,C--,C--,A,,
11517,C--,C--,6,A,"(0, 1, 5, 8)",Cad,C--,C--,A,,
11518,C--,C--,6,A,"(0, 1, 5, 8)",Cad,C--,C--,A,,
11519,C--,C--,6,A,"(0, 1, 5, 8)",Cad,C--,C--,A,,
