,Alto35,Bass35,HarmonicRhythm7,LocalKey38,PitchClassSet121,RomanNumeral31,Soprano35,Tenor35,TonicizedKey38,offset,measure
0,G,C,0,C,"(0, 4, 7)",I,C,E,C,0.0,1.0
1,G,C,1,C,"(0, 4, 7)",I,C,E,C,0.125,1.0
2,G,C,2,C,"(0, 4, 7)",I,C,E,C,0.25,1.0
3,G,C,2,C,"(0, 4, 7)",I,C,E,C,0.375,1.0
4,G,C,3,C,"(0, 4, 7)",I,C,E,C,0.5,1.0
5,G,C,3,C,"(0, 4, 7)",I,C,E,C,0.625,1.0
6,G,C,3,C,"(0, 4, 7)",I,C,E,C,0.75,1.0
7,G,C,3,C,"(0, 4, 7)",I,C,E,C,0.875,1.0
8,G,C,4,C,"(0, 4, 7)",I,C,E,C,1.0,1.0
9,G,C,4,C,"(0, 4, 7)",I,C,E,C,1.125,1.0
10,G,C,4,C,"(0, 4, 7)",I,C,E,C,1.25,1.0
11,G,C,4,C,"(0, 4, 7)",I,C,E,C,1.375,1.0
12,G,C,4,C,"(0, 4, 7)",I,C,E,C,1.5,1.0
13,G,C,4,C,"(0, 4, 7)",I,C,E,C,1.625,1.0
14,G,C,4,C,"(0, 4, 7)",I,C,E,C,1.75,1.0
15,G,C,4,C,"(0, 4, 7)",I,C,E,C,1.875,1.0
16,G,C,5,C,"(0, 4, 7)",I,C,E,C,2.0,1.0
17,G,C,5,C,"(0, 4, 7)",I,C,E,C,2.125,1.0
18,G,C,5,C,"(0, 4, 7)",I,C,E,C,2.25,1.0
19,G,C,5,C,"(0, 4, 7)",I,C,E,C,2.375,1.0
20,G,C,5,C,"(0, 4, 7)",I,C,E,C,2.5,1.0
21,G,C,5,C,"(0, 4, 7)",I,C,E,C,2.625,1.0
22,G,C,5,C,"(0, 4, 7)",I,C,E,C,2.75,1.0
23,G,C,5,C,"(0, 4, 7)",I,C,E,C,2.875,1.0
24,G,C,5,C,"(0, 4, 7)",I,C,E,C,3.0,1.0
25,G,C,5,C,"(0, 4, 7)",I,C,E,C,3.125,1.0
26,G,C,5,C,"(0, 4, 7)",I,C,E,C,3.25,1.0
27,G,C,5,C,"(0, 4, 7)",I,C,E,C,3.375,1.0
28,G,C,5,C,"(0, 4, 7)",I,C,E,C,3.5,1.0
29,G,C,5,C,"(0, 4, 7)",I,C,E,C,3.625,1.0
30,G,C,5,C,"(0, 4, 7)",I,C,E,C,3.75,1.0
31,G,C,5,C,"(0, 4, 7)",I,C,E,C,3.875,1.0
32,G,C,0,C,"(0, 4, 7)",I,C,E,C,4.0,2.0
33,G,C,1,C,"(0, 4, 7)",I,C,E,C,4.125,2.0
34,G,C,2,C,"(0, 4, 7)",I,C,E,C,4.25,2.0
35,G,C,2,C,"(0, 4, 7)",I,C,E,C,4.375,2.0
36,G,C,3,C,"(0, 4, 7)",I,C,E,C,4.5,2.0
37,G,C,3,C,"(0, 4, 7)",I,C,E,C,4.625,2.0
38,G,C,3,C,"(0, 4, 7)",I,C,E,C,4.75,2.0
39,G,C,3,C,"(0, 4, 7)",I,C,E,C,4.875,2.0
40,G,C,4,C,"(0, 4, 7)",I,C,E,C,5.0,2.0
41,G,C,4,C,"(0, 4, 7)",I,C,E,C,5.125,2.0
42,G,C,4,C,"(0, 4, 7)",I,C,E,C,5.25,2.0
43,G,C,4,C,"(0, 4, 7)",I,C,E,C,5.375,2.0
44,G,C,4,C,"(0, 4, 7)",I,C,E,C,5.5,2.0
45,G,C,4,C,"(0, 4, 7)",I,C,E,C,5.625,2.0
46,G,C,4,C,"(0, 4, 7)",I,C,E,C,5.75,2.0
47,G,C,4,C,"(0, 4, 7)",I,C,E,C,5.875,2.0
48,G,C,5,C,"(0, 4, 7)",I,C,E,C,6.0,2.0
49,G,C,5,C,"(0, 4, 7)",I,C,E,C,6.125,2.0
50,G,C,5,C,"(0, 4, 7)",I,C,E,C,6.25,2.0
51,G,C,5,C,"(0, 4, 7)",I,C,E,C,6.375,2.0
52,G,C,5,C,"(0, 4, 7)",I,C,E,C,6.5,2.0
53,G,C,5,C,"(0, 4, 7)",I,C,E,C,6.625,2.0
54,G,C,5,C,"(0, 4, 7)",I,C,E,C,6.75,2.0
55,G,C,5,C,"(0, 4, 7)",I,C,E,C,6.875,2.0
56,G,C,5,C,"(0, 4, 7)",I,C,E,C,7.0,2.0
57,G,C,5,C,"(0, 4, 7)",I,C,E,C,7.125,2.0
58,G,C,5,C,"(0, 4, 7)",I,C,E,C,7.25,2.0
59,G,C,5,C,"(0, 4, 7)",I,C,E,C,7.375,2.0
60,G,C,5,C,"(0, 4, 7)",I,C,E,C,7.5,2.0
61,G,C,5,C,"(0, 4, 7)",I,C,E,C,7.625,2.0
62,G,C,5,C,"(0, 4, 7)",I,C,E,C,7.75,2.0
63,G,C,5,C,"(0, 4, 7)",I,C,E,C,7.875,2.0
64,C,F,0,C,"(0, 5, 9)",IV,F,A,C,8.0,3.0
65,C,F,1,C,"(0, 5, 9)",IV,F,A,C,8.125,3.0
66,C,F,2,C,"(0, 5, 9)",IV,F,A,C,8.25,3.0
67,C,F,2,C,"(0, 5, 9)",IV,F,A,C,8.375,3.0
68,C,F,3,C,"(0, 5, 9)",IV,F,A,C,8.5,3.0
69,C,F,3,C,"(0, 5, 9)",IV,F,A,C,8.625,3.0
70,C,F,3,C,"(0, 5, 9)",IV,F,A,C,8.75,3.0
71,C,F,3,C,"(0, 5, 9)",IV,F,A,C,8.875,3.0
72,C,F,4,C,"(0, 5, 9)",IV,F,A,C,9.0,3.0
73,C,F,4,C,"(0, 5, 9)",IV,F,A,C,9.125,3.0
74,C,F,4,C,"(0, 5, 9)",IV,F,A,C,9.25,3.0
75,C,F,4,C,"(0, 5, 9)",IV,F,A,C,9.375,3.0
76,C,F,4,C,"(0, 5, 9)",IV,F,A,C,9.5,3.0
77,C,F,4,C,"(0, 5, 9)",IV,F,A,C,9.625,3.0
78,C,F,4,C,"(0, 5, 9)",IV,F,A,C,9.75,3.0
79,C,F,4,C,"(0, 5, 9)",IV,F,A,C,9.875,3.0
80,C,F,5,C,"(0, 5, 9)",IV,F,A,C,10.0,3.0
81,C,F,5,C,"(0, 5, 9)",IV,F,A,C,10.125,3.0
82,C,F,5,C,"(0, 5, 9)",IV,F,A,C,10.25,3.0
83,C,F,5,C,"(0, 5, 9)",IV,F,A,C,10.375,3.0
84,C,F,5,C,"(0, 5, 9)",IV,F,A,C,10.5,3.0
85,C,F,5,C,"(0, 5, 9)",IV,F,A,C,10.625,3.0
86,C,F,5,C,"(0, 5, 9)",IV,F,A,C,10.75,3.0
87,C,F,5,C,"(0, 5, 9)",IV,F,A,C,10.875,3.0
88,C,F,5,C,"(0, 5, 9)",IV,F,A,C,11.0,3.0
89,C,F,5,C,"(0, 5, 9)",IV,F,A,C,11.125,3.0
90,C,F,5,C,"(0, 5, 9)",IV,F,A,C,11.25,3.0
91,C,F,5,C,"(0, 5, 9)",IV,F,A,C,11.375,3.0
92,C,F,5,C,"(0, 5, 9)",IV,F,A,C,11.5,3.0
93,C,F,5,C,"(0, 5, 9)",IV,F,A,C,11.625,3.0
94,C,F,5,C,"(0, 5, 9)",IV,F,A,C,11.75,3.0
95,C,F,5,C,"(0, 5, 9)",IV,F,A,C,11.875,3.0
96,C,F#,0,C,"(0, 4, 6, 9)",viio7,D,A,G,12.0,4.0
97,C,F#,1,C,"(0, 4, 6, 9)",V7,D,A,G,12.125,4.0
98,C,F#,2,C,"(0, 4, 6, 9)",V7,D,A,G,12.25,4.0
99,C,F#,2,C,"(0, 4, 6, 9)",V7,D,A,G,12.375,4.0
100,C,F#,3,C,"(0, 4, 6, 9)",V7,D,A,G,12.5,4.0
101,C,F#,3,C,"(0, 4, 6, 9)",V7,D,A,G,12.625,4.0
102,C,F#,3,C,"(0, 4, 6, 9)",V7,D,A,G,12.75,4.0
103,C,F#,3,C,"(0, 4, 6, 9)",V7,D,A,G,12.875,4.0
104,C,F#,4,C,"(0, 4, 6, 9)",V7,D,A,G,13.0,4.0
105,C,F#,4,C,"(0, 4, 6, 9)",V7,D,A,G,13.125,4.0
106,C,F#,4,C,"(0, 4, 6, 9)",V7,D,A,G,13.25,4.0
107,C,F#,4,C,"(0, 4, 6, 9)",V7,D,A,G,13.375,4.0
108,C,F#,4,C,"(0, 4, 6, 9)",V7,D,A,G,13.5,4.0
109,C,F#,4,C,"(0, 4, 6, 9)",V7,D,A,G,13.625,4.0
110,C,F#,4,C,"(0, 4, 6, 9)",V7,D,A,G,13.75,4.0
111,C,F#,4,C,"(0, 4, 6, 9)",V7,D,A,G,13.875,4.0
112,C,F#,5,C,"(0, 4, 6, 9)",V7,D,A,G,14.0,4.0
113,C,F#,5,C,"(0, 4, 6, 9)",V7,D,A,G,14.125,4.0
114,C,F#,5,C,"(0, 4, 6, 9)",V7,D,A,G,14.25,4.0
115,C,F#,5,C,"(0, 4, 6, 9)",V7,D,A,G,14.375,4.0
116,C,F#,5,C,"(0, 4, 6, 9)",V7,D,A,G,14.5,4.0
117,C,F#,5,C,"(0, 4, 6, 9)",V7,D,A,G,14.625,4.0
118,C,F#,5,C,"(0, 4, 6, 9)",V7,D,A,G,14.75,4.0
119,C,F#,5,C,"(0, 4, 6, 9)",V7,D,A,G,14.875,4.0
120,C,F#,5,C,"(0, 4, 6, 9)",V7,D,A,G,15.0,4.0
121,C,F#,5,C,"(0, 4, 6, 9)",V7,D,A,G,15.125,4.0
122,C,F#,5,C,"(0, 4, 6, 9)",V7,D,A,G,15.25,4.0
123,C,F#,5,C,"(0, 4, 6, 9)",V7,D,A,G,15.375,4.0
124,C,F#,5,C,"(0, 4, 6, 9)",V7,D,A,G,15.5,4.0
125,C,F#,5,C,"(0, 4, 6, 9)",V7,D,A,G,15.625,4.0
126,C,F#,5,C,"(0, 4, 6, 9)",V7,D,A,G,15.75,4.0
127,C,F#,5,C,"(0, 4, 6, 9)",V7,D,A,G,15.875,4.0
128,D,G,0,G,"(2, 7, 11)",I,G,B,G,16.0,5.0
129,D,G,1,G,"(2, 7, 11)",I,G,B,G,16.125,5.0
130,D,G,2,G,"(2, 7, 11)",I,G,B,G,16.25,5.0
131,D,G,2,G,"(2, 7, 11)",I,G,B,G,16.375,5.0
132,D,G,3,G,"(2, 7, 11)",I,G,B,G,16.5,5.0
133,D,G,3,G,"(2, 7, 11)",I,G,B,G,16.625,5.0
134,D,G,3,G,"(2, 7, 11)",I,G,B,G,16.75,5.0
135,D,G,3,G,"(2, 7, 11)",I,G,B,G,16.875,5.0
136,D,G,4,G,"(2, 7, 11)",I,G,B,G,17.0,5.0
137,D,G,4,G,"(2, 7, 11)",I,G,B,G,17.125,5.0
138,D,G,4,G,"(2, 7, 11)",I,G,B,G,17.25,5.0
139,D,G,4,G,"(2, 7, 11)",I,G,B,G,17.375,5.0
140,D,G,4,G,"(2, 7, 11)",I,G,B,G,17.5,5.0
141,D,G,4,G,"(2, 7, 11)",I,G,B,G,17.625,5.0
142,D,G,4,G,"(2, 7, 11)",I,G,B,G,17.75,5.0
143,D,G,4,G,"(2, 7, 11)",I,G,B,G,17.875,5.0
144,D,F#,0,G,"(2, 6, 9)",V,D,B,G,18.0,5.0
145,D,F#,1,G,"(2, 6, 9)",V,D,A,G,18.125,5.0
146,D,F#,2,G,"(2, 6, 9)",V,D,A,G,18.25,5.0
147,D,F#,2,G,"(2, 6, 9)",V,D,A,G,18.375,5.0
148,D,F#,3,G,"(2, 6, 9)",V,D,A,G,18.5,5.0
149,D,F#,3,G,"(2, 6, 9)",V,D,A,G,18.625,5.0
150,D,F#,3,G,"(2, 6, 9)",V,D,A,G,18.75,5.0
151,D,F#,3,G,"(2, 6, 9)",V,D,A,G,18.875,5.0
152,B,E,0,C,"(2, 4, 7, 11)",vi7,D,G,G,19.0,5.0
153,B,E,1,C,"(2, 4, 7, 11)",vi7,D,G,G,19.125,5.0
154,B,E,2,C,"(2, 4, 7, 11)",vi7,D,G,G,19.25,5.0
155,B,E,2,C,"(2, 4, 7, 11)",vi7,D,G,G,19.375,5.0
156,B,E,3,C,"(2, 4, 7, 11)",vi7,D,G,G,19.5,5.0
157,B,E,3,C,"(2, 4, 7, 11)",vi7,D,G,G,19.625,5.0
158,B,E,3,C,"(2, 4, 7, 11)",vi7,D,G,G,19.75,5.0
159,B,E,3,C,"(2, 4, 7, 11)",vi7,D,G,G,19.875,5.0
160,A,D,0,C,"(0, 2, 6, 9)",V7,C,F#,G,20.0,6.0
161,A,D,1,C,"(0, 2, 6, 9)",V7,C,F#,G,20.125,6.0
162,A,D,2,C,"(0, 2, 6, 9)",V7,C,F#,G,20.25,6.0
163,A,D,2,C,"(0, 2, 6, 9)",V7,C,F#,G,20.375,6.0
164,A,D,3,G,"(0, 2, 6, 9)",V7,C,F#,G,20.5,6.0
165,A,D,3,G,"(0, 2, 6, 9)",V7,C,F#,G,20.625,6.0
166,A,D,3,G,"(0, 2, 6, 9)",V7,C,F#,G,20.75,6.0
167,A,D,3,G,"(0, 2, 6, 9)",V7,C,F#,G,20.875,6.0
168,A,D,4,C,"(0, 2, 6, 9)",V7,C,F#,G,21.0,6.0
169,A,D,4,G,"(0, 2, 6, 9)",V7,C,F#,G,21.125,6.0
170,A,D,4,G,"(0, 2, 6, 9)",V7,C,F#,G,21.25,6.0
171,A,D,4,G,"(0, 2, 6, 9)",V7,C,F#,G,21.375,6.0
172,A,D,4,G,"(0, 2, 6, 9)",V7,C,F#,G,21.5,6.0
173,A,D,4,G,"(0, 2, 6, 9)",V7,C,F#,G,21.625,6.0
174,A,D,4,G,"(0, 2, 6, 9)",V7,C,F#,G,21.75,6.0
175,A,D,4,G,"(0, 2, 6, 9)",V7,C,F#,G,21.875,6.0
176,A,D,5,C,"(0, 2, 6, 9)",V7,C,F#,G,22.0,6.0
177,A,D,5,C,"(0, 2, 6, 9)",V7,C,F#,G,22.125,6.0
178,A,D,5,C,"(0, 2, 6, 9)",V7,C,F#,G,22.25,6.0
179,A,D,5,C,"(0, 2, 6, 9)",V7,C,F#,G,22.375,6.0
180,A,D,5,C,"(0, 2, 6, 9)",V7,C,F#,G,22.5,6.0
181,A,D,5,C,"(0, 2, 6, 9)",V7,C,F#,G,22.625,6.0
182,A,D,5,C,"(0, 2, 6, 9)",V7,C,F#,G,22.75,6.0
183,A,D,5,C,"(0, 2, 6, 9)",V7,C,F#,G,22.875,6.0
184,A,D,5,C,"(0, 2, 6, 9)",V7,C,F#,G,23.0,6.0
185,A,D,5,C,"(0, 2, 6, 9)",V7,C,F#,G,23.125,6.0
186,A,D,5,C,"(0, 2, 6, 9)",V7,C,F#,G,23.25,6.0
187,A,D,5,C,"(0, 2, 6, 9)",V7,C,F#,G,23.375,6.0
188,A,D,5,C,"(0, 2, 6, 9)",V7,C,F#,G,23.5,6.0
189,A,D,5,C,"(0, 2, 6, 9)",V7,C,F#,G,23.625,6.0
190,A,D,5,C,"(0, 2, 6, 9)",V7,C,F#,G,23.75,6.0
191,A,D,5,C,"(0, 2, 6, 9)",V7,C,F#,G,23.875,6.0
192,D,G,0,C,"(2, 5, 7, 11)",V7,F,B,C,24.0,7.0
193,D,G,1,C,"(2, 5, 7, 11)",I,F,B,C,24.125,7.0
194,D,G,2,C,"(2, 5, 7, 11)",I,F,B,C,24.25,7.0
195,D,G,2,C,"(2, 5, 7, 11)",I,F,B,C,24.375,7.0
196,D,G,3,C,"(2, 5, 7, 11)",I,F,B,C,24.5,7.0
197,D,G,3,C,"(2, 5, 7, 11)",I,F,B,C,24.625,7.0
198,D,G,3,C,"(2, 5, 7, 11)",I,F,B,C,24.75,7.0
199,D,G,3,C,"(2, 5, 7, 11)",I,F,B,C,24.875,7.0
200,D,G,4,C,"(2, 5, 7, 11)",I,F,B,C,25.0,7.0
201,D,G,4,C,"(2, 5, 7, 11)",I,F,B,C,25.125,7.0
202,D,G,4,C,"(2, 5, 7, 11)",I,F,B,C,25.25,7.0
203,D,G,4,C,"(2, 5, 7, 11)",I,F,B,C,25.375,7.0
204,D,G,4,C,"(2, 5, 7, 11)",I,F,B,C,25.5,7.0
205,D,G,4,C,"(2, 5, 7, 11)",I,F,B,C,25.625,7.0
206,D,G,4,C,"(2, 5, 7, 11)",I,F,B,C,25.75,7.0
207,D,G,4,C,"(2, 5, 7, 11)",I,F,B,C,25.875,7.0
208,D,G,5,C,"(2, 5, 7, 11)",V7,F,B,C,26.0,7.0
209,D,G,5,C,"(2, 5, 7, 11)",V7,F,B,C,26.125,7.0
210,D,G,5,C,"(2, 5, 7, 11)",V7,F,B,C,26.25,7.0
211,D,G,5,C,"(2, 5, 7, 11)",V7,F,B,C,26.375,7.0
212,D,G,5,C,"(2, 5, 7, 11)",V7,F,B,C,26.5,7.0
213,D,G,5,C,"(2, 5, 7, 11)",V7,F,B,C,26.625,7.0
214,D,G,5,C,"(2, 5, 7, 11)",V7,F,B,C,26.75,7.0
215,D,G,5,C,"(2, 5, 7, 11)",V7,F,B,C,26.875,7.0
216,D,G,5,C,"(2, 5, 7, 11)",V7,F,B,C,27.0,7.0
217,D,G,5,C,"(2, 5, 7, 11)",V7,F,B,C,27.125,7.0
218,D,G,5,C,"(2, 5, 7, 11)",V7,F,B,C,27.25,7.0
219,D,G,5,C,"(2, 5, 7, 11)",V7,F,B,C,27.375,7.0
220,D,G,5,C,"(2, 5, 7, 11)",V7,F,B,C,27.5,7.0
221,D,G,5,C,"(2, 5, 7, 11)",V7,F,B,C,27.625,7.0
222,D,G,5,C,"(2, 5, 7, 11)",V7,F,B,C,27.75,7.0
223,D,G,5,C,"(2, 5, 7, 11)",V7,F,B,C,27.875,7.0
224,D,G,0,C,"(2, 5, 7, 11)",V7,F,B,C,28.0,8.0
225,D,G,1,C,"(2, 5, 7, 11)",V7,F,B,C,28.125,8.0
226,D,G,2,C,"(2, 5, 7, 11)",V7,F,B,C,28.25,8.0
227,D,G,2,C,"(2, 5, 7, 11)",V7,F,B,C,28.375,8.0
228,D,G,3,C,"(2, 5, 7, 11)",V7,F,B,C,28.5,8.0
229,D,G,3,C,"(2, 5, 7, 11)",V7,F,B,C,28.625,8.0
230,D,G,3,C,"(2, 5, 7, 11)",V7,F,B,C,28.75,8.0
231,D,G,3,C,"(2, 5, 7, 11)",V7,F,B,C,28.875,8.0
232,D,G,4,C,"(2, 5, 7, 11)",V7,F,B,C,29.0,8.0
233,D,G,4,C,"(2, 5, 7, 11)",V7,F,B,C,29.125,8.0
234,D,G,4,C,"(2, 5, 7, 11)",V7,F,B,C,29.25,8.0
235,D,G,4,C,"(2, 5, 7, 11)",V7,F,B,C,29.375,8.0
236,D,G,4,C,"(2, 5, 7, 11)",V7,F,B,C,29.5,8.0
237,D,G,4,C,"(2, 5, 7, 11)",V7,F,B,C,29.625,8.0
238,D,G,4,C,"(2, 5, 7, 11)",V7,F,B,C,29.75,8.0
239,D,G,4,C,"(2, 5, 7, 11)",V7,F,B,C,29.875,8.0
240,D,G,5,C,"(2, 5, 7, 11)",V7,F,B,C,30.0,8.0
241,D,G,5,C,"(2, 5, 7, 11)",V7,F,B,C,30.125,8.0
242,D,G,5,C,"(2, 5, 7, 11)",V7,F,B,C,30.25,8.0
243,D,G,5,C,"(2, 5, 7, 11)",V7,F,B,C,30.375,8.0
244,D,G,5,C,"(2, 5, 7, 11)",V7,F,B,C,30.5,8.0
245,D,G,5,C,"(2, 5, 7, 11)",V7,F,B,C,30.625,8.0
246,D,G,5,C,"(2, 5, 7, 11)",V7,F,B,C,30.75,8.0
247,D,G,5,C,"(2, 5, 7, 11)",V7,F,B,C,30.875,8.0
248,D,G,5,C,"(2, 5, 7, 11)",V7,F,B,C,31.0,8.0
249,D,G,5,C,"(2, 5, 7, 11)",V7,F,B,C,31.125,8.0
250,D,G,5,C,"(2, 5, 7, 11)",V7,F,B,C,31.25,8.0
251,D,G,5,C,"(2, 5, 7, 11)",V7,F,B,C,31.375,8.0
252,D,G,5,C,"(2, 5, 7, 11)",V7,F,B,C,31.5,8.0
253,D,G,5,C,"(2, 5, 7, 11)",V7,F,B,C,31.625,8.0
254,D,G,5,C,"(2, 5, 7, 11)",V7,F,B,C,31.75,8.0
255,D,G,5,C,"(2, 5, 7, 11)",V7,F,B,C,31.875,8.0
256,G,C,0,C,"(0, 4, 7)",I,C,E,C,32.0,9.0
257,G,C,1,C,"(0, 4, 7)",I,C,E,C,32.125,9.0
258,G,C,2,C,"(0, 4, 7)",I,C,E,C,32.25,9.0
259,G,C,2,C,"(0, 4, 7)",I,C,E,C,32.375,9.0
260,G,C,3,C,"(0, 4, 7)",I,C,E,C,32.5,9.0
261,G,C,3,C,"(0, 4, 7)",I,C,E,C,32.625,9.0
262,G,C,3,C,"(0, 4, 7)",I,C,E,C,32.75,9.0
263,G,C,3,C,"(0, 4, 7)",I,C,E,C,32.875,9.0
264,G,C,4,C,"(0, 4, 7)",I,C,E,C,33.0,9.0
265,G,C,4,C,"(0, 4, 7)",I,C,E,C,33.125,9.0
266,G,C,4,C,"(0, 4, 7)",I,C,E,C,33.25,9.0
267,G,C,4,C,"(0, 4, 7)",I,C,E,C,33.375,9.0
268,G,C,4,C,"(0, 4, 7)",I,C,E,C,33.5,9.0
269,G,C,4,C,"(0, 4, 7)",I,C,E,C,33.625,9.0
270,G,C,4,C,"(0, 4, 7)",I,C,E,C,33.75,9.0
271,G,C,4,C,"(0, 4, 7)",I,C,E,C,33.875,9.0
272,G,C,5,C,"(0, 4, 7)",I,C,E,C,34.0,9.0
273,G,C,5,C,"(0, 4, 7)",I,C,E,C,34.125,9.0
274,G,C,5,C,"(0, 4, 7)",I,C,E,C,34.25,9.0
275,G,C,5,C,"(0, 4, 7)",I,C,E,C,34.375,9.0
276,G,C,5,C,"(0, 4, 7)",I,C,E,C,34.5,9.0
277,G,C,5,C,"(0, 4, 7)",I,C,E,C,34.625,9.0
278,G,C,5,C,"(0, 4, 7)",I,C,E,C,34.75,9.0
279,G,C,5,C,"(0, 4, 7)",I,C,E,C,34.875,9.0
280,G,C,5,C,"(0, 4, 7)",I,C,E,C,35.0,9.0
281,G,C,5,C,"(0, 4, 7)",I,C,E,C,35.125,9.0
282,G,C,5,C,"(0, 4, 7)",I,C,E,C,35.25,9.0
283,G,C,5,C,"(0, 4, 7)",I,C,E,C,35.375,9.0
284,G,C,5,C,"(0, 4, 7)",I,C,E,C,35.5,9.0
285,G,C,5,C,"(0, 4, 7)",I,C,E,C,35.625,9.0
286,G,C,5,C,"(0, 4, 7)",I,C,E,C,35.75,9.0
287,G,C,5,C,"(0, 4, 7)",I,C,E,C,35.875,9.0
288,G,C,0,C,"(0, 4, 7)",I,C,E,C,36.0,10.0
289,G,C,1,C,"(0, 4, 7)",I,C,E,C,36.125,10.0
290,G,C,2,C,"(0, 4, 7)",I,C,E,C,36.25,10.0
291,G,C,2,C,"(0, 4, 7)",I,C,E,C,36.375,10.0
292,G,C,3,C,"(0, 4, 7)",I,C,E,C,36.5,10.0
293,G,C,3,C,"(0, 4, 7)",I,C,E,C,36.625,10.0
294,G,C,3,C,"(0, 4, 7)",I,C,E,C,36.75,10.0
295,G,C,3,C,"(0, 4, 7)",I,C,E,C,36.875,10.0
296,G,C,4,C,"(0, 4, 7)",I,C,E,C,37.0,10.0
297,G,C,4,C,"(0, 4, 7)",I,C,E,C,37.125,10.0
298,G,C,4,C,"(0, 4, 7)",I,C,E,C,37.25,10.0
299,G,C,4,C,"(0, 4, 7)",I,C,E,C,37.375,10.0
300,G,C,4,C,"(0, 4, 7)",I,C,E,C,37.5,10.0
301,G,C,4,C,"(0, 4, 7)",I,C,E,C,37.625,10.0
302,G,C,4,C,"(0, 4, 7)",I,C,E,C,37.75,10.0
303,G,C,4,C,"(0, 4, 7)",I,C,E,C,37.875,10.0
304,G,C,5,C,"(0, 4, 7)",I,C,E,C,38.0,10.0
305,G,C,5,C,"(0, 4, 7)",I,C,E,C,38.125,10.0
306,G,C,5,C,"(0, 4, 7)",I,C,E,C,38.25,10.0
307,G,C,5,C,"(0, 4, 7)",I,C,E,C,38.375,10.0
308,G,C,5,C,"(0, 4, 7)",I,C,E,C,38.5,10.0
309,G,C,5,C,"(0, 4, 7)",I,C,E,C,38.625,10.0
310,G,C,5,C,"(0, 4, 7)",I,C,E,C,38.75,10.0
311,G,C,5,C,"(0, 4, 7)",I,C,E,C,38.875,10.0
312,G,C,5,C,"(0, 4, 7)",I,C,E,C,39.0,10.0
313,G,C,5,C,"(0, 4, 7)",I,C,E,C,39.125,10.0
314,G,C,5,C,"(0, 4, 7)",I,C,E,C,39.25,10.0
315,G,C,5,C,"(0, 4, 7)",I,C,E,C,39.375,10.0
316,G,C,5,C,"(0, 4, 7)",I,C,E,C,39.5,10.0
317,G,C,5,C,"(0, 4, 7)",I,C,E,C,39.625,10.0
318,G,C,5,C,"(0, 4, 7)",I,C,E,C,39.75,10.0
319,G,C,5,C,"(0, 4, 7)",I,C,E,C,39.875,10.0
320,F,A,0,C,"(0, 5, 9)",IV,F,C,C,40.0,11.0
321,F,A,1,C,"(0, 5, 9)",IV,F,C,C,40.125,11.0
322,F,A,2,C,"(0, 5, 9)",IV,F,C,C,40.25,11.0
323,F,A,2,C,"(0, 5, 9)",IV,F,C,C,40.375,11.0
324,F,A,3,C,"(0, 5, 9)",IV,F,C,C,40.5,11.0
325,F,A,3,C,"(0, 5, 9)",IV,F,C,C,40.625,11.0
326,F,A,3,C,"(0, 5, 9)",IV,F,C,C,40.75,11.0
327,F,A,3,C,"(0, 5, 9)",IV,F,C,C,40.875,11.0
328,F,A,4,C,"(0, 5, 9)",IV,F,C,C,41.0,11.0
329,F,A,4,C,"(0, 5, 9)",IV,F,C,C,41.125,11.0
330,F,A,4,C,"(0, 5, 9)",IV,F,C,C,41.25,11.0
331,F,A,4,C,"(0, 5, 9)",IV,F,C,C,41.375,11.0
332,F,A,4,C,"(0, 5, 9)",IV,F,C,C,41.5,11.0
333,F,A,4,C,"(0, 5, 9)",IV,F,C,C,41.625,11.0
334,F,A,4,C,"(0, 5, 9)",IV,F,C,C,41.75,11.0
335,F,A,4,C,"(0, 5, 9)",IV,F,C,C,41.875,11.0
336,F,A,5,C,"(0, 5, 9)",IV,F,C,C,42.0,11.0
337,F,A,5,C,"(0, 5, 9)",IV,F,C,C,42.125,11.0
338,F,A,5,C,"(0, 5, 9)",IV,F,C,C,42.25,11.0
339,F,A,5,C,"(0, 5, 9)",IV,F,C,C,42.375,11.0
340,F,A,5,C,"(0, 5, 9)",IV,F,C,C,42.5,11.0
341,F,A,5,C,"(0, 5, 9)",IV,F,C,C,42.625,11.0
342,F,A,5,C,"(0, 5, 9)",IV,F,C,C,42.75,11.0
343,F,A,5,C,"(0, 5, 9)",IV,F,C,C,42.875,11.0
344,F,A,5,C,"(0, 5, 9)",IV,F,C,C,43.0,11.0
345,F,A,5,C,"(0, 5, 9)",IV,F,C,C,43.125,11.0
346,F,A,5,C,"(0, 5, 9)",IV,F,C,C,43.25,11.0
347,F,A,5,C,"(0, 5, 9)",IV,F,C,C,43.375,11.0
348,F,A,5,C,"(0, 5, 9)",IV,F,C,C,43.5,11.0
349,F,A,5,C,"(0, 5, 9)",IV,F,C,C,43.625,11.0
350,F,A,5,C,"(0, 5, 9)",IV,F,C,C,43.75,11.0
351,F,A,5,C,"(0, 5, 9)",IV,F,C,C,43.875,11.0
352,E,A,0,C,"(0, 4, 9)",ii,F#,C,G,44.0,12.0
353,E,A,1,C,"(0, 4, 9)",vi,F#,C,G,44.125,12.0
354,E,A,2,C,"(0, 4, 9)",vi,F#,C,G,44.25,12.0
355,E,A,2,C,"(0, 4, 9)",vi,F#,C,G,44.375,12.0
356,E,A,3,C,"(0, 4, 9)",vi,F#,C,G,44.5,12.0
357,E,A,3,C,"(0, 4, 9)",vi,F#,C,G,44.625,12.0
358,E,A,3,C,"(0, 4, 9)",vi,F#,C,G,44.75,12.0
359,E,A,3,C,"(0, 4, 9)",vi,F#,C,G,44.875,12.0
360,E,A,4,C,"(0, 4, 6, 9)",vi,F#,C,G,45.0,12.0
361,E,A,4,C,"(0, 4, 6, 9)",vi,F#,C,G,45.125,12.0
362,E,A,4,C,"(0, 4, 6, 9)",vi,F#,C,G,45.25,12.0
363,E,A,4,C,"(0, 4, 6, 9)",vi,F#,C,G,45.375,12.0
364,E,A,4,C,"(0, 4, 6, 9)",viio,F#,C,G,45.5,12.0
365,E,A,4,C,"(0, 4, 6, 9)",viio,F#,C,G,45.625,12.0
366,E,A,4,C,"(0, 4, 6, 9)",viio,F#,C,G,45.75,12.0
367,E,A,4,C,"(0, 4, 6, 9)",viio,F#,C,G,45.875,12.0
368,E,A,5,C,"(0, 4, 6, 9)",viio,F#,C,G,46.0,12.0
369,E,A,5,C,"(0, 4, 6, 9)",viio,F#,C,G,46.125,12.0
370,E,A,5,C,"(0, 4, 6, 9)",viio,F#,C,G,46.25,12.0
371,E,A,5,C,"(0, 4, 6, 9)",viio,F#,C,G,46.375,12.0
372,E,A,5,C,"(0, 4, 6, 9)",viio,F#,C,G,46.5,12.0
373,E,A,5,C,"(0, 4, 6, 9)",viio,F#,C,G,46.625,12.0
374,E,A,5,C,"(0, 4, 6, 9)",viio,F#,C,G,46.75,12.0
375,E,A,5,C,"(0, 4, 6, 9)",viio,F#,C,G,46.875,12.0
376,E,A,5,C,"(0, 4, 6, 9)",V7,F#,C,G,47.0,12.0
377,E,A,5,C,"(0, 4, 6, 9)",V7,F#,C,G,47.125,12.0
378,E,A,5,C,"(0, 4, 6, 9)",V7,F#,C,G,47.25,12.0
379,E,A,5,C,"(0, 4, 6, 9)",V7,F#,C,G,47.375,12.0
380,E,A,5,C,"(0, 4, 6, 9)",V7,F#,C,G,47.5,12.0
381,E,A,5,C,"(0, 4, 6, 9)",V7,F#,C,G,47.625,12.0
382,E,A,5,C,"(0, 4, 6, 9)",V7,F#,C,G,47.75,12.0
383,E,A,5,C,"(0, 4, 6, 9)",V7,F#,C,G,47.875,12.0
384,D,G,0,C,"(2, 7, 11)",I,G,B,G,48.0,13.0
385,D,G,1,C,"(2, 7, 11)",I,G,B,G,48.125,13.0
386,D,G,2,C,"(2, 7, 11)",I,G,B,G,48.25,13.0
387,D,G,2,C,"(2, 7, 11)",I,G,B,G,48.375,13.0
388,D,G,3,C,"(2, 7, 11)",I,G,B,G,48.5,13.0
389,D,G,3,C,"(2, 7, 11)",I,G,B,G,48.625,13.0
390,D,G,3,C,"(2, 7, 11)",I,G,B,G,48.75,13.0
391,D,G,3,C,"(2, 7, 11)",I,G,B,G,48.875,13.0
392,D,G,4,C,"(2, 7, 11)",I,G,B,G,49.0,13.0
393,D,G,4,C,"(2, 7, 11)",I,G,B,G,49.125,13.0
394,D,G,4,C,"(2, 7, 11)",I,G,B,G,49.25,13.0
395,D,G,4,C,"(2, 7, 11)",I,G,B,G,49.375,13.0
396,D,G,4,C,"(2, 7, 11)",I,G,B,G,49.5,13.0
397,D,G,4,C,"(2, 7, 11)",I,G,B,G,49.625,13.0
398,D,G,4,C,"(2, 7, 11)",I,G,B,G,49.75,13.0
399,D,G,4,C,"(2, 7, 11)",I,G,B,G,49.875,13.0
400,D,G,5,C,"(2, 7, 11)",I,G,B,G,50.0,13.0
401,D,G,5,C,"(2, 7, 11)",I,G,B,G,50.125,13.0
402,D,G,5,C,"(2, 7, 11)",I,G,B,G,50.25,13.0
403,D,G,5,C,"(2, 7, 11)",I,G,B,G,50.375,13.0
404,D,G,5,C,"(2, 7, 11)",I,G,B,G,50.5,13.0
405,D,G,5,C,"(2, 7, 11)",I,G,B,G,50.625,13.0
406,D,G,5,C,"(2, 7, 11)",I,G,B,G,50.75,13.0
407,D,G,5,C,"(2, 7, 11)",I,G,B,G,50.875,13.0
408,D,G,5,C,"(2, 7, 11)",I,G,B,G,51.0,13.0
409,D,G,5,C,"(2, 7, 11)",I,G,B,G,51.125,13.0
410,D,G,5,C,"(2, 7, 11)",I,G,B,G,51.25,13.0
411,D,G,5,C,"(2, 7, 11)",I,G,B,G,51.375,13.0
412,D,G,5,C,"(2, 7, 11)",I,G,B,G,51.5,13.0
413,D,G,5,C,"(2, 7, 11)",I,G,B,G,51.625,13.0
414,D,G,5,C,"(2, 7, 11)",I,G,B,G,51.75,13.0
415,D,G,5,C,"(2, 7, 11)",I,G,B,G,51.875,13.0
416,D,G,0,C,"(2, 7, 11)",V,G,B,C,52.0,14.0
417,D,G,1,C,"(2, 7, 11)",V,G,B,C,52.125,14.0
418,D,G,2,C,"(2, 7, 11)",V,G,B,C,52.25,14.0
419,D,G,2,C,"(2, 7, 11)",V,G,B,C,52.375,14.0
420,D,G,3,C,"(2, 7, 11)",V,G,B,C,52.5,14.0
421,D,G,3,C,"(2, 7, 11)",V,G,B,C,52.625,14.0
422,D,G,3,C,"(2, 7, 11)",V,G,B,C,52.75,14.0
423,D,G,3,C,"(2, 7, 11)",V,G,B,C,52.875,14.0
424,D,G,4,C,"(2, 7, 11)",V,G,B,C,53.0,14.0
425,D,G,4,C,"(2, 7, 11)",V,G,B,C,53.125,14.0
426,D,G,4,C,"(2, 7, 11)",V,G,B,C,53.25,14.0
427,D,G,4,C,"(2, 7, 11)",V,G,B,C,53.375,14.0
428,D,G,4,C,"(2, 7, 11)",V,G,B,C,53.5,14.0
429,D,G,4,C,"(2, 7, 11)",V,G,B,C,53.625,14.0
430,D,G,4,C,"(2, 7, 11)",V,G,B,C,53.75,14.0
431,D,G,4,C,"(2, 7, 11)",V,G,B,C,53.875,14.0
432,D,G,5,C,"(2, 7, 11)",V,G,B,C,54.0,14.0
433,D,G,5,C,"(2, 7, 11)",V,G,B,C,54.125,14.0
434,D,G,5,C,"(2, 7, 11)",V,G,B,C,54.25,14.0
435,D,G,5,C,"(2, 7, 11)",V,G,B,C,54.375,14.0
436,D,G,5,C,"(2, 7, 11)",V,G,B,C,54.5,14.0
437,D,G,5,C,"(2, 7, 11)",V,G,B,C,54.625,14.0
438,D,G,5,C,"(2, 7, 11)",V,G,B,C,54.75,14.0
439,D,G,5,C,"(2, 7, 11)",V,G,B,C,54.875,14.0
440,D,G,5,C,"(2, 7, 11)",V,G,B,C,55.0,14.0
441,D,G,5,C,"(2, 7, 11)",V,G,B,C,55.125,14.0
442,D,G,5,C,"(2, 7, 11)",V,G,B,C,55.25,14.0
443,D,G,5,C,"(2, 7, 11)",V,G,B,C,55.375,14.0
444,D,G,5,C,"(2, 7, 11)",V,G,B,C,55.5,14.0
445,D,G,5,C,"(2, 7, 11)",V,G,B,C,55.625,14.0
446,D,G,5,C,"(2, 7, 11)",V,G,B,C,55.75,14.0
447,D,G,5,C,"(2, 7, 11)",V,G,B,C,55.875,14.0
448,G,C,0,C,"(0, 4, 7)",I,C,E,C,56.0,15.0
449,G,C,1,C,"(0, 4, 7)",I,C,E,C,56.125,15.0
450,G,C,2,C,"(0, 4, 7)",I,C,E,C,56.25,15.0
451,G,C,2,C,"(0, 4, 7)",I,C,E,C,56.375,15.0
452,G,C,3,C,"(0, 4, 7)",I,C,E,C,56.5,15.0
453,G,C,3,C,"(0, 4, 7)",I,C,E,C,56.625,15.0
454,G,C,3,C,"(0, 4, 7)",I,C,E,C,56.75,15.0
455,G,C,3,C,"(0, 4, 7)",I,C,E,C,56.875,15.0
456,G,C,4,C,"(0, 4, 7)",I,C,E,C,57.0,15.0
457,G,C,4,C,"(0, 4, 7)",I,C,E,C,57.125,15.0
458,G,C,4,C,"(0, 4, 7)",I,C,E,C,57.25,15.0
459,G,C,4,C,"(0, 4, 7)",I,C,E,C,57.375,15.0
460,G,C,4,C,"(0, 4, 7)",I,C,E,C,57.5,15.0
461,G,C,4,C,"(0, 4, 7)",I,C,E,C,57.625,15.0
462,G,C,4,C,"(0, 4, 7)",I,C,E,C,57.75,15.0
463,G,C,4,C,"(0, 4, 7)",I,C,E,C,57.875,15.0
464,G,C,5,C,"(0, 4, 7)",I,C,E,C,58.0,15.0
465,G,C,5,C,"(0, 4, 7)",I,C,E,C,58.125,15.0
466,G,C,5,C,"(0, 4, 7)",I,C,E,C,58.25,15.0
467,G,C,5,C,"(0, 4, 7)",I,C,E,C,58.375,15.0
468,G,C,5,C,"(0, 4, 7)",I,C,E,C,58.5,15.0
469,G,C,5,C,"(0, 4, 7)",I,C,E,C,58.625,15.0
470,G,C,5,C,"(0, 4, 7)",I,C,E,C,58.75,15.0
471,G,C,5,C,"(0, 4, 7)",I,C,E,C,58.875,15.0
472,G,C,5,C,"(0, 4, 7)",I,C,E,C,59.0,15.0
473,G,C,5,C,"(0, 4, 7)",I,C,E,C,59.125,15.0
474,G,C,5,C,"(0, 4, 7)",I,C,E,C,59.25,15.0
475,G,C,5,C,"(0, 4, 7)",I,C,E,C,59.375,15.0
476,G,C,5,C,"(0, 4, 7)",I,C,E,C,59.5,15.0
477,G,C,5,C,"(0, 4, 7)",I,C,E,C,59.625,15.0
478,G,C,5,C,"(0, 4, 7)",I,C,E,C,59.75,15.0
479,G,C,5,C,"(0, 4, 7)",I,C,E,C,59.875,15.0
480,G,C,0,C,"(0, 4, 7)",I,C,E,C,60.0,16.0
481,G,C,1,C,"(0, 4, 7)",I,C,E,C,60.125,16.0
482,G,C,2,C,"(0, 4, 7)",I,C,E,C,60.25,16.0
483,G,C,2,C,"(0, 4, 7)",I,C,E,C,60.375,16.0
484,G,C,3,C,"(0, 4, 7)",I,C,E,C,60.5,16.0
485,G,C,3,C,"(0, 4, 7)",I,C,E,C,60.625,16.0
486,G,C,3,C,"(0, 4, 7)",I,C,E,C,60.75,16.0
487,G,C,3,C,"(0, 4, 7)",I,C,E,C,60.875,16.0
488,G,C,4,C,"(0, 4, 7)",I,C,E,C,61.0,16.0
489,G,C,4,C,"(0, 4, 7)",I,C,E,C,61.125,16.0
490,G,C,4,C,"(0, 4, 7)",I,C,E,C,61.25,16.0
491,G,C,4,C,"(0, 4, 7)",I,C,E,C,61.375,16.0
492,G,C,4,C,"(0, 4, 7)",I,C,E,C,61.5,16.0
493,G,C,4,C,"(0, 4, 7)",I,C,E,C,61.625,16.0
494,G,C,4,C,"(0, 4, 7)",I,C,E,C,61.75,16.0
495,G,C,4,C,"(0, 4, 7)",I,C,E,C,61.875,16.0
496,G,C,5,C,"(0, 4, 7)",I,C,E,C,62.0,16.0
497,G,C,5,C,"(0, 4, 7)",I,C,E,C,62.125,16.0
498,G,C,5,C,"(0, 4, 7)",I,C,E,C,62.25,16.0
499,G,C,5,C,"(0, 4, 7)",I,C,E,C,62.375,16.0
500,G,C,5,C,"(0, 4, 7)",I,C,E,C,62.5,16.0
501,G,C,5,C,"(0, 4, 7)",I,C,E,C,62.625,16.0
502,G,C,5,C,"(0, 4, 7)",I,C,E,C,62.75,16.0
503,G,C,5,C,"(0, 4, 7)",I,C,E,C,62.875,16.0
504,G,C,5,C,"(0, 4, 7)",I,C,E,C,63.0,16.0
505,G,C,5,C,"(0, 4, 7)",I,C,E,C,63.125,16.0
506,G,C,5,C,"(0, 4, 7)",I,C,E,C,63.25,16.0
507,G,C,5,C,"(0, 4, 7)",I,C,E,C,63.375,16.0
508,G,C,5,C,"(0, 4, 7)",I,C,E,C,63.5,16.0
509,G,C,5,C,"(0, 4, 7)",I,C,E,C,63.625,16.0
510,G,C,5,C,"(0, 4, 7)",I,C,E,C,63.75,16.0
511,G,C,5,C,"(0, 4, 7)",I,C,E,C,63.875,16.0
512,E,A,0,C,"(0, 4, 9)",vi,A,C,C,64.0,17.0
513,E,A,1,C,"(0, 4, 9)",vi,A,C,C,64.125,17.0
514,E,A,2,C,"(0, 4, 9)",vi,A,C,C,64.25,17.0
515,E,A,2,C,"(0, 4, 9)",vi,A,C,C,64.375,17.0
516,E,A,3,C,"(0, 4, 9)",vi,A,C,C,64.5,17.0
517,E,A,3,C,"(0, 4, 9)",vi,A,C,C,64.625,17.0
518,E,A,3,C,"(0, 4, 9)",vi,A,C,C,64.75,17.0
519,E,A,3,C,"(0, 4, 9)",vi,A,C,C,64.875,17.0
520,E,A,4,C,"(0, 4, 9)",vi,A,C,C,65.0,17.0
521,E,A,4,C,"(0, 4, 9)",vi,A,C,C,65.125,17.0
522,E,A,4,C,"(0, 4, 9)",vi,A,C,C,65.25,17.0
523,E,A,4,C,"(0, 4, 9)",vi,A,C,C,65.375,17.0
524,E,A,4,C,"(0, 4, 9)",vi,A,C,C,65.5,17.0
525,E,A,4,C,"(0, 4, 9)",vi,A,C,C,65.625,17.0
526,E,A,4,C,"(0, 4, 9)",vi,A,C,C,65.75,17.0
527,E,A,4,C,"(0, 4, 9)",vi,A,C,C,65.875,17.0
528,E,A,5,C,"(0, 4, 9)",ii,F,C,C,66.0,17.0
529,E,A,5,C,"(0, 4, 9)",ii,F,C,C,66.125,17.0
530,E,A,5,C,"(0, 4, 9)",ii,F,C,C,66.25,17.0
531,E,A,5,C,"(0, 4, 9)",ii,F,C,C,66.375,17.0
532,E,A,5,C,"(0, 4, 9)",ii,F,C,C,66.5,17.0
533,E,A,5,C,"(0, 4, 9)",ii,F,C,C,66.625,17.0
534,E,A,5,C,"(0, 4, 9)",ii,F,C,C,66.75,17.0
535,E,A,5,C,"(0, 4, 9)",ii,F,C,C,66.875,17.0
536,E,A,5,C,"(0, 4, 9)",ii,F,C,C,67.0,17.0
537,E,A,5,C,"(0, 4, 9)",ii,F,C,C,67.125,17.0
538,E,A,5,C,"(0, 4, 9)",ii,F,C,C,67.25,17.0
539,E,A,5,C,"(0, 4, 9)",ii,F,C,C,67.375,17.0
540,E,A,5,C,"(0, 4, 9)",ii,F,C,C,67.5,17.0
541,E,A,5,C,"(0, 4, 9)",ii,F,C,C,67.625,17.0
542,E,A,5,C,"(0, 4, 9)",ii,F,C,C,67.75,17.0
543,E,A,5,C,"(0, 4, 9)",ii,F,C,C,67.875,17.0
544,F,B,0,C,"(2, 5, 11)",viio,G,D,C,68.0,18.0
545,F,B,1,C,"(2, 5, 11)",viio,G,D,C,68.125,18.0
546,F,B,2,C,"(2, 5, 11)",viio,G,D,C,68.25,18.0
547,F,B,2,C,"(2, 5, 11)",viio,G,D,C,68.375,18.0
548,F,B,3,C,"(2, 5, 11)",viio,G,D,C,68.5,18.0
549,F,B,3,C,"(2, 5, 11)",viio,G,D,C,68.625,18.0
550,F,B,3,C,"(2, 5, 11)",viio,G,D,C,68.75,18.0
551,F,B,3,C,"(2, 5, 11)",viio,G,D,C,68.875,18.0
552,F,B,4,C,"(2, 5, 11)",viio,G,D,C,69.0,18.0
553,F,B,4,C,"(2, 5, 11)",viio,G,D,C,69.125,18.0
554,F,B,4,C,"(2, 5, 11)",viio,G,D,C,69.25,18.0
555,F,B,4,C,"(2, 5, 11)",viio,G,D,C,69.375,18.0
556,F,B,4,C,"(2, 5, 11)",viio,G,D,C,69.5,18.0
557,F,B,4,C,"(2, 5, 11)",viio,G,D,C,69.625,18.0
558,F,B,4,C,"(2, 5, 11)",viio,G,D,C,69.75,18.0
559,F,B,4,C,"(2, 5, 11)",viio,G,D,C,69.875,18.0
560,D,A,0,C,"(2, 5, 9, 11)",iiø7,F,D,C,70.0,18.0
561,D,A,1,C,"(2, 5, 9, 11)",iiø7,F,D,C,70.125,18.0
562,D,A,2,C,"(2, 5, 9, 11)",iiø7,F,D,C,70.25,18.0
563,D,A,2,C,"(2, 5, 9, 11)",iiø7,F,D,C,70.375,18.0
564,D,A,3,C,"(2, 5, 9, 11)",iiø7,F,D,C,70.5,18.0
565,D,A,3,C,"(2, 5, 9, 11)",iiø7,F,D,C,70.625,18.0
566,D,A,3,C,"(2, 5, 9, 11)",iiø7,F,D,C,70.75,18.0
567,D,A,3,C,"(2, 5, 9, 11)",iiø7,F,D,C,70.875,18.0
568,D,A,4,C,"(2, 5, 9, 11)",iiø7,F,B,C,71.0,18.0
569,D,A,4,C,"(2, 5, 9, 11)",iiø7,F,B,C,71.125,18.0
570,D,A,4,C,"(2, 5, 9, 11)",iiø7,F,B,C,71.25,18.0
571,D,A,4,C,"(2, 5, 9, 11)",iiø7,F,B,C,71.375,18.0
572,D,A,4,C,"(2, 5, 9, 11)",iiø7,F,B,C,71.5,18.0
573,D,A,4,C,"(2, 5, 9, 11)",iiø7,F,B,C,71.625,18.0
574,D,A,4,C,"(2, 5, 9, 11)",iiø7,F,B,C,71.75,18.0
575,D,A,4,C,"(2, 5, 9, 11)",iiø7,F,B,C,71.875,18.0
576,D,G#,0,C,"(2, 4, 8, 11)",V7,E,B,a,72.0,19.0
577,D,G#,1,C,"(2, 4, 8, 11)",V7,E,B,a,72.125,19.0
578,D,G#,2,C,"(2, 4, 8, 11)",V7,E,B,a,72.25,19.0
579,D,G#,2,C,"(2, 4, 8, 11)",V7,E,B,a,72.375,19.0
580,D,G#,3,C,"(2, 4, 8, 11)",V7,E,B,a,72.5,19.0
581,D,G#,3,C,"(2, 4, 8, 11)",V7,E,B,a,72.625,19.0
582,D,G#,3,C,"(2, 4, 8, 11)",V7,E,B,a,72.75,19.0
583,D,G#,3,C,"(2, 4, 8, 11)",V7,E,B,a,72.875,19.0
584,D,G#,4,C,"(2, 4, 8, 11)",V7,E,B,a,73.0,19.0
585,D,G#,4,C,"(2, 4, 8, 11)",V7,E,B,a,73.125,19.0
586,D,G#,4,C,"(2, 4, 8, 11)",V7,E,B,a,73.25,19.0
587,D,G#,4,C,"(2, 4, 8, 11)",V7,E,B,a,73.375,19.0
588,D,G#,4,C,"(2, 4, 8, 11)",V7,E,B,a,73.5,19.0
589,D,G#,4,C,"(2, 4, 8, 11)",V7,E,B,a,73.625,19.0
590,D,G#,4,C,"(2, 4, 8, 11)",V7,E,B,a,73.75,19.0
591,D,G#,4,C,"(2, 4, 8, 11)",V7,E,B,a,73.875,19.0
592,D,G#,5,C,"(2, 4, 8, 11)",V7,E,B,a,74.0,19.0
593,D,G#,5,C,"(2, 4, 8, 11)",V7,E,B,a,74.125,19.0
594,D,G#,5,C,"(2, 4, 8, 11)",V7,E,B,a,74.25,19.0
595,D,G#,5,C,"(2, 4, 8, 11)",V7,E,B,a,74.375,19.0
596,D,G#,5,C,"(2, 4, 8, 11)",V7,E,B,a,74.5,19.0
597,D,G#,5,a,"(2, 4, 8, 11)",V7,E,B,a,74.625,19.0
598,D,G#,5,a,"(2, 4, 8, 11)",V7,E,B,a,74.75,19.0
599,D,G#,5,a,"(2, 4, 8, 11)",V7,E,B,a,74.875,19.0
600,D,G#,5,a,"(2, 4, 8, 11)",V7,E,B,a,75.0,19.0
601,D,G#,5,a,"(2, 4, 8, 11)",V7,E,B,a,75.125,19.0
602,D,G#,5,a,"(2, 4, 8, 11)",V7,E,B,a,75.25,19.0
603,D,G#,5,a,"(2, 4, 8, 11)",V7,E,B,a,75.375,19.0
604,D,G#,5,a,"(2, 4, 8, 11)",V7,E,B,a,75.5,19.0
605,D,G#,5,a,"(2, 4, 8, 11)",V7,E,B,a,75.625,19.0
606,D,G#,5,a,"(2, 4, 8, 11)",V7,E,B,a,75.75,19.0
607,D,G#,5,a,"(2, 4, 8, 11)",V7,E,B,a,75.875,19.0
608,E,A,0,C,"(0, 4, 9)",i,A,C,a,76.0,20.0
609,E,A,1,C,"(0, 4, 9)",i,A,C,a,76.125,20.0
610,E,A,2,C,"(0, 4, 9)",i,A,C,a,76.25,20.0
611,E,A,2,C,"(0, 4, 9)",i,A,C,a,76.375,20.0
612,E,A,3,C,"(0, 4, 9)",i,A,C,a,76.5,20.0
613,E,A,3,C,"(0, 4, 9)",i,A,C,a,76.625,20.0
614,E,A,3,C,"(0, 4, 9)",i,A,C,a,76.75,20.0
615,E,A,3,C,"(0, 4, 9)",i,A,C,a,76.875,20.0
616,E,A,4,C,"(0, 4, 9)",i,A,C,a,77.0,20.0
617,E,A,4,C,"(0, 4, 9)",i,A,C,a,77.125,20.0
618,E,A,4,C,"(0, 4, 9)",i,A,C,a,77.25,20.0
619,E,A,4,C,"(0, 4, 9)",i,A,C,a,77.375,20.0
620,E,A,4,C,"(0, 4, 9)",i,A,C,a,77.5,20.0
621,E,A,4,C,"(0, 4, 9)",i,A,C,a,77.625,20.0
622,E,A,4,C,"(0, 4, 9)",i,A,C,a,77.75,20.0
623,E,A,4,C,"(0, 4, 9)",i,A,C,a,77.875,20.0
624,C,G,0,C,"(0, 4, 7, 9)",V7,E,A,C,78.0,20.0
625,C,G,1,C,"(0, 4, 7, 9)",V7,E,A,C,78.125,20.0
626,C,G,2,C,"(0, 4, 7, 9)",V7,E,A,C,78.25,20.0
627,C,G,2,C,"(0, 4, 7)",V7,E,A,C,78.375,20.0
628,C,G,3,C,"(0, 4, 7)",V7,E,A,C,78.5,20.0
629,C,G,3,C,"(0, 4, 7, 9)",V7,E,A,C,78.625,20.0
630,C,G,3,C,"(0, 4, 7, 9)",V7,E,A,C,78.75,20.0
631,C,G,3,C,"(0, 4, 7, 9)",V7,E,A,C,78.875,20.0
632,C,G,4,C,"(0, 4, 7, 9)",V7,E,A,C,79.0,20.0
633,C,G,4,C,"(0, 4, 7, 9)",V7,E,A,C,79.125,20.0
634,C,G,4,C,"(0, 4, 7, 9)",V7,E,A,C,79.25,20.0
635,C,G,4,C,"(0, 4, 7, 9)",V7,E,A,C,79.375,20.0
636,C,G,4,C,"(0, 4, 7, 9)",V7,E,A,C,79.5,20.0
637,C,G,4,C,"(0, 4, 7, 9)",V7,E,A,C,79.625,20.0
638,C,G,4,C,"(0, 4, 7, 9)",V7,E,A,C,79.75,20.0
639,C,G,4,C,"(0, 4, 7, 9)",V7,E,A,C,79.875,20.0
640,C,F,0,C,"(0, 5, 9)",I,F,A,C,80.0,21.0
641,C,F,1,C,"(0, 5, 9)",I,F,A,C,80.125,21.0
642,C,F,2,C,"(0, 5, 9)",I,F,A,C,80.25,21.0
643,C,F,2,C,"(0, 5, 9)",I,F,A,C,80.375,21.0
644,C,F,3,C,"(0, 5, 9)",I,F,A,C,80.5,21.0
645,C,F,3,C,"(0, 5, 9)",I,F,A,C,80.625,21.0
646,C,F,3,C,"(0, 5, 9)",I,F,A,C,80.75,21.0
647,C,F,3,C,"(0, 5, 9)",I,F,A,C,80.875,21.0
648,C,F,4,C,"(0, 5, 9)",I,F,A,C,81.0,21.0
649,C,F,4,C,"(0, 5, 9)",I,F,A,C,81.125,21.0
650,C,F,4,C,"(0, 5, 9)",I,F,A,C,81.25,21.0
651,C,F,4,C,"(0, 5, 9)",I,F,A,C,81.375,21.0
652,C,F,4,C,"(0, 5, 9)",I,F,A,C,81.5,21.0
653,C,F,4,C,"(0, 5, 9)",I,F,A,C,81.625,21.0
654,C,F,4,C,"(0, 5, 9)",I,F,A,C,81.75,21.0
655,C,F,4,C,"(0, 5, 9)",I,F,A,C,81.875,21.0
656,C,F,5,C,"(0, 5, 9)",I,F,A,C,82.0,21.0
657,C,F,5,C,"(0, 5, 9)",I,F,A,C,82.125,21.0
658,C,F,5,C,"(0, 5, 9)",I,F,A,C,82.25,21.0
659,C,F,5,C,"(0, 5, 9)",I,F,A,C,82.375,21.0
660,C,F,5,C,"(0, 5, 9)",I,F,A,C,82.5,21.0
661,C,F,5,C,"(0, 5, 9)",I,F,A,C,82.625,21.0
662,C,F,5,C,"(0, 5, 9)",I,F,A,C,82.75,21.0
663,C,F,5,C,"(0, 5, 9)",I,F,A,C,82.875,21.0
664,C,F,5,C,"(0, 5, 9)",I,F,A,C,83.0,21.0
665,C,F,5,C,"(0, 5, 9)",I,F,A,C,83.125,21.0
666,C,F,5,C,"(0, 5, 9)",I,F,A,C,83.25,21.0
667,C,F,5,C,"(0, 5, 9)",I,F,A,C,83.375,21.0
668,C,F,5,C,"(0, 5, 9)",I,F,A,C,83.5,21.0
669,C,F,5,C,"(0, 5, 9)",I,F,A,C,83.625,21.0
670,C,F,5,C,"(0, 5, 9)",I,F,A,C,83.75,21.0
671,C,F,5,C,"(0, 5, 9)",I,F,A,C,83.875,21.0
672,B,F,0,C,"(3, 5, 9, 11)",V7,D,A,C,84.0,22.0
673,B,F,1,C,"(3, 5, 9, 11)",Ger7,D,A,C,84.125,22.0
674,B,F,2,C,"(3, 5, 9, 11)",Ger7,D,A,C,84.25,22.0
675,B,F,2,C,"(3, 5, 9, 11)",Ger7,D,A,C,84.375,22.0
676,B,F,3,C,"(3, 5, 9, 11)",Ger7,D,A,C,84.5,22.0
677,B,F,3,C,"(3, 5, 9, 11)",Ger7,D,A,C,84.625,22.0
678,B,F,3,C,"(3, 5, 9, 11)",Ger7,D,A,C,84.75,22.0
679,B,F,3,C,"(3, 5, 9, 11)",Ger7,D,A,C,84.875,22.0
680,B,F,4,C,"(3, 5, 9, 11)",Ger7,D,A,C,85.0,22.0
681,B,F,4,C,"(3, 5, 9, 11)",Ger7,D,A,C,85.125,22.0
682,B,F,4,C,"(3, 5, 9, 11)",Ger7,D,A,C,85.25,22.0
683,B,F,4,C,"(3, 5, 9, 11)",Ger7,D,A,C,85.375,22.0
684,B,F,4,C,"(3, 5, 9, 11)",Ger7,D,A,C,85.5,22.0
685,B,F,4,C,"(3, 5, 9, 11)",Ger7,D,A,C,85.625,22.0
686,B,F,4,C,"(3, 5, 9, 11)",Ger7,D,A,C,85.75,22.0
687,B,F,4,C,"(3, 5, 9, 11)",Ger7,D,A,C,85.875,22.0
688,B,F,5,C,"(0, 3, 5, 9)",V7,D,A,C,86.0,22.0
689,B,F,5,C,"(0, 3, 5, 9)",V7,D,A,C,86.125,22.0
690,B,F,5,C,"(0, 3, 5, 9)",V7,D,A,C,86.25,22.0
691,B,F,5,C,"(0, 3, 5, 9)",V7,D,A,C,86.375,22.0
692,B,F,5,C,"(0, 3, 5, 9)",V7,D,A,C,86.5,22.0
693,B,F,5,C,"(0, 3, 5, 9)",V7,D,A,C,86.625,22.0
694,B,F,5,C,"(0, 3, 5, 9)",V7,D,A,C,86.75,22.0
695,B,F,5,C,"(0, 3, 5, 9)",V7,D,A,C,86.875,22.0
696,B,F,5,a,"(0, 3, 5, 9)",V7,D,A,C,87.0,22.0
697,B,F,5,a,"(0, 3, 5, 9)",V7,D,A,C,87.125,22.0
698,B,F,5,C,"(0, 3, 5, 9)",V7,D,A,C,87.25,22.0
699,B,F,5,C,"(0, 3, 5, 9)",V7,D,A,C,87.375,22.0
700,B,F,5,C,"(0, 3, 5, 9)",V7,D,A,C,87.5,22.0
701,B,F,5,C,"(0, 3, 5, 9)",V7,D,A,C,87.625,22.0
702,B,F,5,C,"(0, 3, 5, 9)",V7,D,A,C,87.75,22.0
703,B,F,5,C,"(0, 3, 5, 9)",V7,D,A,C,87.875,22.0
704,B,E,0,C,"(4, 7, 11)",V,E,G,C,88.0,23.0
705,B,E,1,a,"(4, 7, 11)",V,E,G,C,88.125,23.0
706,B,E,2,a,"(4, 7, 11)",V,E,G,C,88.25,23.0
707,B,E,2,a,"(4, 7, 11)",V,E,G,C,88.375,23.0
708,B,E,3,a,"(4, 7, 11)",V,E,G,C,88.5,23.0
709,B,E,3,a,"(4, 7, 11)",V,E,G,C,88.625,23.0
710,B,E,3,a,"(4, 7, 11)",V,E,G,C,88.75,23.0
711,B,E,3,a,"(4, 7, 11)",V,E,G,C,88.875,23.0
712,B,E,4,a,"(4, 7, 11)",V,E,G,a,89.0,23.0
713,B,E,4,a,"(4, 7, 11)",V,E,G,a,89.125,23.0
714,B,E,4,a,"(4, 7, 11)",V,E,G,a,89.25,23.0
715,B,E,4,a,"(4, 7, 11)",V,E,G,a,89.375,23.0
716,B,E,4,a,"(4, 7, 11)",V,E,G,a,89.5,23.0
717,B,E,4,a,"(4, 7, 11)",V,E,G,a,89.625,23.0
718,B,E,4,a,"(4, 7, 11)",V,E,G,a,89.75,23.0
719,B,E,4,a,"(4, 7, 11)",V,E,G,a,89.875,23.0
720,B,E,5,a,"(4, 8, 11)",V,E,G#,a,90.0,23.0
721,B,E,5,a,"(4, 8, 11)",V,E,G#,a,90.125,23.0
722,B,E,5,a,"(4, 8, 11)",V,E,G#,a,90.25,23.0
723,B,E,5,a,"(4, 8, 11)",V,E,G#,a,90.375,23.0
724,B,E,5,a,"(4, 8, 11)",V,E,G#,a,90.5,23.0
725,B,E,5,a,"(4, 8, 11)",V,E,G#,a,90.625,23.0
726,B,E,5,a,"(4, 8, 11)",V,E,G#,a,90.75,23.0
727,B,E,5,a,"(4, 8, 11)",V,E,G#,a,90.875,23.0
728,B,E,5,a,"(4, 8, 11)",V,E,G#,a,91.0,23.0
729,B,E,5,a,"(4, 8, 11)",V,E,G#,a,91.125,23.0
730,B,E,5,a,"(4, 8, 11)",V,E,G#,a,91.25,23.0
731,B,E,5,a,"(4, 8, 11)",V,E,G#,a,91.375,23.0
732,B,E,5,a,"(4, 8, 11)",V,E,G#,a,91.5,23.0
733,B,E,5,a,"(4, 8, 11)",V,E,G#,a,91.625,23.0
734,B,E,5,a,"(4, 8, 11)",V,E,G#,a,91.75,23.0
735,B,E,5,a,"(4, 8, 11)",V,E,G#,a,91.875,23.0
736,B,E,0,a,"(4, 8, 11)",V,E,G#,a,92.0,24.0
737,B,E,1,a,"(4, 8, 11)",V,E,G#,a,92.125,24.0
738,B,E,2,a,"(4, 8, 11)",V,E,G#,a,92.25,24.0
739,B,E,2,a,"(4, 8, 11)",V,E,G#,a,92.375,24.0
740,B,E,3,a,"(4, 8, 11)",V,E,G#,a,92.5,24.0
741,B,E,3,a,"(4, 8, 11)",V,E,G#,a,92.625,24.0
742,B,E,3,a,"(4, 8, 11)",V,E,G#,a,92.75,24.0
743,B,E,3,a,"(4, 8, 11)",V,E,G#,a,92.875,24.0
744,B,E,4,a,"(4, 8, 11)",V,E,G#,a,93.0,24.0
745,B,E,4,a,"(4, 8, 11)",V,E,G#,a,93.125,24.0
746,B,E,4,a,"(4, 8, 11)",V,E,G#,a,93.25,24.0
747,B,E,4,a,"(4, 8, 11)",V,E,G#,a,93.375,24.0
748,B,E,4,a,"(4, 8, 11)",V,E,G#,a,93.5,24.0
749,B,E,4,a,"(4, 8, 11)",V,E,G#,a,93.625,24.0
750,B,E,4,a,"(4, 8, 11)",V,E,G#,a,93.75,24.0
751,B,E,4,a,"(4, 8, 11)",V,E,G#,a,93.875,24.0
752,B,E,5,a,"(4, 8, 11)",V,E,G#,a,94.0,24.0
753,B,E,5,a,"(4, 8, 11)",V,E,G#,a,94.125,24.0
754,B,E,5,a,"(4, 8, 11)",V,E,G#,a,94.25,24.0
755,B,E,5,a,"(4, 8, 11)",V,E,G#,a,94.375,24.0
756,B,E,5,a,"(4, 8, 11)",V,E,G#,a,94.5,24.0
757,B,E,5,a,"(4, 8, 11)",V,E,G#,a,94.625,24.0
758,B,E,5,a,"(4, 8, 11)",V,E,G#,a,94.75,24.0
759,B,E,5,a,"(4, 8, 11)",V,E,G#,a,94.875,24.0
760,B,E,5,a,"(4, 8, 11)",V,E,G#,a,95.0,24.0
761,B,E,5,a,"(4, 8, 11)",V,E,G#,a,95.125,24.0
762,B,E,5,a,"(4, 8, 11)",V,E,G#,a,95.25,24.0
763,B,E,5,a,"(4, 8, 11)",V,E,G#,a,95.375,24.0
764,B,E,5,a,"(4, 8, 11)",V,E,G#,a,95.5,24.0
765,B,E,5,a,"(4, 8, 11)",V,E,G#,a,95.625,24.0
766,B,E,5,a,"(4, 8, 11)",V,E,G#,a,95.75,24.0
767,B,E,5,a,"(4, 8, 11)",V,E,G#,a,95.875,24.0
768,E,A,0,C,"(1, 4, 9)",V7,A,C#,D,96.0,25.0
769,E,A,1,C,"(1, 4, 9)",V7,A,C#,D,96.125,25.0
770,E,A,2,C,"(1, 4, 9)",V7,A,C#,D,96.25,25.0
771,E,A,2,C,"(1, 4, 9)",V7,A,C#,D,96.375,25.0
772,E,A,3,C,"(1, 4, 9)",V7,A,C#,D,96.5,25.0
773,E,A,3,C,"(1, 4, 9)",V7,A,C#,D,96.625,25.0
774,E,A,3,C,"(1, 4, 9)",V7,A,C#,D,96.75,25.0
775,E,A,3,C,"(1, 4, 9)",V7,A,C#,D,96.875,25.0
776,E,A,4,C,"(1, 4, 7, 9)",V7,A,C#,D,97.0,25.0
777,E,A,4,C,"(1, 4, 7, 9)",V7,A,C#,D,97.125,25.0
778,E,A,4,C,"(1, 4, 7, 9)",V7,A,C#,D,97.25,25.0
779,E,A,4,C,"(1, 4, 7, 9)",V7,A,C#,D,97.375,25.0
780,E,A,4,C,"(1, 4, 7, 9)",V7,A,C#,d,97.5,25.0
781,E,A,4,C,"(1, 4, 7, 9)",V7,A,C#,d,97.625,25.0
782,E,A,4,C,"(1, 4, 7, 9)",V7,A,C#,D,97.75,25.0
783,E,A,4,C,"(1, 4, 7, 9)",V7,A,C#,D,97.875,25.0
784,E,A,5,C,"(1, 4, 7, 9)",V7,G,C#,D,98.0,25.0
785,E,A,5,C,"(1, 4, 7, 9)",V7,G,C#,D,98.125,25.0
786,E,A,5,C,"(1, 4, 7, 9)",V7,G,C#,D,98.25,25.0
787,E,A,5,C,"(1, 4, 7, 9)",V7,G,C#,D,98.375,25.0
788,E,A,5,C,"(1, 4, 7, 9)",V7,G,C#,D,98.5,25.0
789,E,A,5,C,"(1, 4, 7, 9)",V7,G,C#,D,98.625,25.0
790,E,A,5,C,"(1, 4, 7, 9)",V7,G,C#,D,98.75,25.0
791,E,A,5,C,"(1, 4, 7, 9)",V7,G,C#,D,98.875,25.0
792,E,A,5,C,"(1, 4, 7, 9)",V7,G,C#,D,99.0,25.0
793,E,A,5,C,"(1, 4, 7, 9)",V7,G,C#,d,99.125,25.0
794,E,A,5,C,"(1, 4, 7, 9)",V7,G,C#,D,99.25,25.0
795,E,A,5,C,"(1, 4, 7, 9)",V7,G,C#,D,99.375,25.0
796,E,A,5,C,"(1, 4, 7, 9)",V7,G,C#,d,99.5,25.0
797,E,A,5,C,"(1, 4, 7, 9)",V7,G,C#,d,99.625,25.0
798,E,A,5,C,"(1, 4, 7, 9)",V7,G,C#,d,99.75,25.0
799,E,A,5,C,"(1, 4, 7, 9)",V7,G,C#,d,99.875,25.0
800,A,D,0,C,"(2, 6, 9)",V7,D,F#,G,100.0,26.0
801,A,D,1,C,"(2, 6, 9)",vi7,D,G,G,100.125,26.0
802,A,D,2,C,"(2, 6, 9)",ii7,D,G,G,100.25,26.0
803,A,D,2,C,"(2, 6, 9)",ii7,D,G,G,100.375,26.0
804,A,D,3,C,"(2, 6, 9)",ii7,D,F#,G,100.5,26.0
805,A,D,3,C,"(2, 6, 9)",ii7,D,G,G,100.625,26.0
806,A,D,3,C,"(2, 6, 9)",ii7,D,F#,G,100.75,26.0
807,A,D,3,C,"(2, 6, 9)",ii7,D,G,G,100.875,26.0
808,A,D,4,C,"(2, 6, 9)",ii7,D,F#,G,101.0,26.0
809,A,D,4,C,"(2, 6, 9)",ii7,D,F#,G,101.125,26.0
810,A,D,4,C,"(2, 6, 9)",ii7,D,F#,G,101.25,26.0
811,A,D,4,C,"(2, 6, 9)",ii7,D,F#,G,101.375,26.0
812,A,D,4,C,"(2, 6, 9)",ii7,D,F#,G,101.5,26.0
813,A,D,4,C,"(2, 6, 9)",ii7,D,F#,G,101.625,26.0
814,A,D,4,C,"(2, 6, 9)",ii7,D,F#,G,101.75,26.0
815,A,D,4,C,"(2, 6, 9)",ii7,D,F#,G,101.875,26.0
816,A,D,5,C,"(2, 6, 9)",ii7,D,F#,G,102.0,26.0
817,A,D,5,C,"(2, 6, 9)",ii7,D,F#,G,102.125,26.0
818,A,D,5,C,"(0, 2, 6, 9)",ii7,D,F#,G,102.25,26.0
819,A,D,5,C,"(0, 2, 6, 9)",ii7,D,F#,G,102.375,26.0
820,A,D,5,C,"(2, 6, 9)",ii7,D,F#,G,102.5,26.0
821,A,D,5,C,"(2, 6, 9)",ii7,D,F#,G,102.625,26.0
822,A,D,5,C,"(2, 6, 9)",ii7,D,F#,G,102.75,26.0
823,A,D,5,C,"(2, 6, 9)",ii7,D,F#,G,102.875,26.0
824,A,D,5,C,"(0, 2, 6, 9)",ii7,D,F#,G,103.0,26.0
825,A,D,5,C,"(0, 2, 6, 9)",V7,D,F#,G,103.125,26.0
826,A,D,5,C,"(0, 2, 6, 9)",V7,D,F#,G,103.25,26.0
827,A,D,5,C,"(0, 2, 6, 9)",V7,D,F#,G,103.375,26.0
828,A,D,5,C,"(0, 2, 6, 9)",V7,D,F#,G,103.5,26.0
829,A,D,5,C,"(0, 2, 6, 9)",V7,D,F#,G,103.625,26.0
830,A,D,5,C,"(0, 2, 6, 9)",V7,D,F#,G,103.75,26.0
831,A,D,5,C,"(0, 2, 6, 9)",V7,D,F#,G,103.875,26.0
832,D,G,0,C,"(2, 5, 7, 11)",V7,F,B,C,104.0,27.0
833,D,G,1,C,"(2, 5, 7, 11)",V7,F,B,C,104.125,27.0
834,D,G,2,C,"(2, 5, 7, 11)",V7,F,B,C,104.25,27.0
835,D,G,2,C,"(2, 5, 7, 11)",V7,F,B,C,104.375,27.0
836,D,G,3,C,"(2, 5, 7, 11)",V7,F,B,C,104.5,27.0
837,D,G,3,C,"(2, 5, 7, 11)",V7,F,B,C,104.625,27.0
838,D,G,3,C,"(2, 5, 7, 11)",V7,F,B,C,104.75,27.0
839,D,G,3,C,"(2, 5, 7, 11)",V7,F,B,C,104.875,27.0
840,D,G,4,C,"(2, 5, 7, 11)",V7,F,B,C,105.0,27.0
841,D,G,4,C,"(2, 5, 7, 11)",V7,F,B,C,105.125,27.0
842,D,G,4,C,"(2, 5, 7, 11)",V7,F,B,C,105.25,27.0
843,D,G,4,C,"(2, 5, 7, 11)",V7,F,B,C,105.375,27.0
844,D,G,4,C,"(2, 5, 7, 11)",V7,F,B,C,105.5,27.0
845,D,G,4,C,"(2, 5, 7, 11)",V7,F,B,C,105.625,27.0
846,D,G,4,C,"(2, 5, 7, 11)",V7,F,B,C,105.75,27.0
847,D,G,4,C,"(2, 5, 7, 11)",V7,F,B,C,105.875,27.0
848,D,G,5,C,"(2, 5, 7, 11)",V7,F,B,C,106.0,27.0
849,D,G,5,C,"(2, 5, 7, 11)",V7,F,B,C,106.125,27.0
850,D,G,5,C,"(2, 5, 7, 11)",V7,F,B,C,106.25,27.0
851,D,G,5,C,"(2, 5, 7, 11)",V7,F,B,C,106.375,27.0
852,D,G,5,C,"(2, 5, 7, 11)",V7,F,B,C,106.5,27.0
853,D,G,5,C,"(2, 5, 7, 11)",V7,F,B,C,106.625,27.0
854,D,G,5,C,"(2, 5, 7, 11)",V7,F,B,C,106.75,27.0
855,D,G,5,C,"(2, 5, 7, 11)",V7,F,B,C,106.875,27.0
856,D,G,5,C,"(2, 5, 7, 11)",V7,F,B,C,107.0,27.0
857,D,G,5,C,"(2, 5, 7, 11)",V7,F,B,C,107.125,27.0
858,D,G,5,C,"(2, 5, 7, 11)",V7,F,B,C,107.25,27.0
859,D,G,5,C,"(2, 5, 7, 11)",V7,F,B,C,107.375,27.0
860,D,G,5,C,"(2, 5, 7, 11)",V7,F,B,C,107.5,27.0
861,D,G,5,C,"(2, 5, 7, 11)",V7,F,B,C,107.625,27.0
862,D,G,5,C,"(2, 5, 7, 11)",V7,F,B,C,107.75,27.0
863,D,G,5,C,"(2, 5, 7, 11)",V7,F,B,C,107.875,27.0
864,D,G,0,C,"(2, 5, 7, 11)",V7,F,B,C,108.0,28.0
865,D,G,1,C,"(2, 5, 7, 11)",V7,F,B,C,108.125,28.0
866,D,G,2,C,"(2, 5, 7, 11)",V7,F,B,C,108.25,28.0
867,D,G,2,C,"(2, 5, 7, 11)",V7,F,B,C,108.375,28.0
868,D,G,3,C,"(2, 5, 7, 11)",V7,F,B,C,108.5,28.0
869,D,G,3,C,"(2, 5, 7, 11)",V7,F,B,C,108.625,28.0
870,D,G,3,C,"(2, 5, 7, 11)",V7,F,B,C,108.75,28.0
871,D,G,3,C,"(2, 5, 7, 11)",V7,F,B,C,108.875,28.0
872,D,G,4,C,"(2, 5, 7, 11)",V7,F,B,C,109.0,28.0
873,D,G,4,C,"(2, 5, 7, 11)",V7,F,B,C,109.125,28.0
874,D,G,4,C,"(2, 5, 7, 11)",V7,F,B,C,109.25,28.0
875,D,G,4,C,"(2, 5, 7, 11)",V7,F,B,C,109.375,28.0
876,D,G,4,C,"(2, 5, 7, 11)",V7,F,B,C,109.5,28.0
877,D,G,4,C,"(2, 5, 7, 11)",V7,F,B,C,109.625,28.0
878,D,G,4,C,"(2, 5, 7, 11)",V7,F,B,C,109.75,28.0
879,D,G,4,C,"(2, 5, 7, 11)",V7,F,B,C,109.875,28.0
880,D,G,5,C,"(2, 5, 7, 11)",V7,F,B,C,110.0,28.0
881,D,G,5,C,"(2, 5, 7, 11)",V7,F,B,C,110.125,28.0
882,D,G,5,C,"(2, 5, 7, 11)",V7,F,B,C,110.25,28.0
883,D,G,5,C,"(2, 5, 7, 11)",V7,F,B,C,110.375,28.0
884,D,G,5,C,"(2, 5, 7, 11)",V7,F,B,C,110.5,28.0
885,D,G,5,C,"(2, 5, 7, 11)",V7,F,B,C,110.625,28.0
886,D,G,5,C,"(2, 5, 7, 11)",V7,F,B,C,110.75,28.0
887,D,G,5,C,"(2, 5, 7, 11)",V7,F,B,C,110.875,28.0
888,D,G,5,C,"(2, 5, 7, 11)",V7,F,B,C,111.0,28.0
889,D,G,5,C,"(2, 5, 7, 11)",V7,F,B,C,111.125,28.0
890,D,G,5,C,"(2, 5, 7, 11)",V7,F,B,C,111.25,28.0
891,D,G,5,C,"(2, 5, 7, 11)",V7,F,B,C,111.375,28.0
892,D,G,5,C,"(2, 5, 7, 11)",V7,F,B,C,111.5,28.0
893,D,G,5,C,"(2, 5, 7, 11)",V7,F,B,C,111.625,28.0
894,D,G,5,C,"(2, 5, 7, 11)",V7,F,B,C,111.75,28.0
895,D,G,5,C,"(2, 5, 7, 11)",V7,F,B,C,111.875,28.0
896,G,C,0,C,"(0, 4, 7, 10)",V7,B-,E,F,112.0,29.0
897,G,C,1,C,"(0, 4, 7, 10)",V7,B-,E,F,112.125,29.0
898,G,C,2,C,"(0, 4, 7, 10)",V7,B-,E,F,112.25,29.0
899,G,C,2,C,"(0, 4, 7, 10)",V7,B-,E,F,112.375,29.0
900,G,C,3,C,"(0, 4, 7, 10)",V7,B-,E,F,112.5,29.0
901,G,C,3,C,"(0, 4, 7, 10)",V7,B-,E,F,112.625,29.0
902,G,C,3,C,"(0, 4, 7, 10)",V7,B-,E,F,112.75,29.0
903,G,C,3,C,"(0, 4, 7, 10)",V7,B-,E,F,112.875,29.0
904,G,C,4,C,"(0, 4, 7, 10)",V7,B-,E,F,113.0,29.0
905,G,C,4,C,"(0, 4, 7, 10)",V7,B-,E,F,113.125,29.0
906,G,C,4,C,"(0, 4, 7, 10)",V7,B-,E,F,113.25,29.0
907,G,C,4,C,"(0, 4, 7, 10)",V7,B-,E,F,113.375,29.0
908,G,C,4,C,"(0, 4, 7, 10)",V7,B-,E,F,113.5,29.0
909,G,C,4,C,"(0, 4, 7, 10)",V7,B-,E,F,113.625,29.0
910,G,C,4,C,"(0, 4, 7, 10)",V7,B-,E,F,113.75,29.0
911,G,C,4,C,"(0, 4, 7, 10)",V7,B-,E,F,113.875,29.0
912,G,C,5,C,"(0, 4, 7, 10)",V7,B-,E,F,114.0,29.0
913,G,C,5,C,"(0, 4, 7, 10)",V7,B-,E,F,114.125,29.0
914,G,C,5,C,"(0, 4, 7, 10)",V7,B-,E,F,114.25,29.0
915,G,C,5,C,"(0, 4, 7, 10)",V7,B-,E,F,114.375,29.0
916,G,C,5,C,"(0, 4, 7, 10)",V7,B-,E,F,114.5,29.0
917,G,C,5,C,"(0, 4, 7, 10)",V7,B-,E,F,114.625,29.0
918,G,C,5,C,"(0, 4, 7, 10)",V7,B-,E,F,114.75,29.0
919,G,C,5,C,"(0, 4, 7, 10)",V7,B-,E,F,114.875,29.0
920,G,C,5,C,"(0, 4, 7, 10)",V7,B-,E,F,115.0,29.0
921,G,C,5,C,"(0, 4, 7, 10)",V7,B-,E,F,115.125,29.0
922,G,C,5,C,"(0, 4, 7, 10)",V7,B-,E,F,115.25,29.0
923,G,C,5,C,"(0, 4, 7, 10)",V7,B-,E,F,115.375,29.0
924,G,C,5,C,"(0, 4, 7, 10)",V7,B-,E,F,115.5,29.0
925,G,C,5,C,"(0, 4, 7, 10)",V7,B-,E,F,115.625,29.0
926,G,C,5,C,"(0, 4, 7, 10)",V7,B-,E,F,115.75,29.0
927,G,C,5,C,"(0, 4, 7, 10)",V7,B-,E,F,115.875,29.0
928,C,G-,0,C,"(0, 3, 6, 9)",viio7,E-,C,b-,116.0,30.0
929,E-,G-,1,C,"(0, 3, 6, 9)",viio7,E-,B-,b-,116.125,30.0
930,E-,G-,2,C,"(0, 3, 6, 9)",viio7,E-,B-,b-,116.25,30.0
931,E-,G-,2,C,"(0, 3, 6, 9)",viio7,E-,B-,b-,116.375,30.0
932,C,G-,3,C,"(0, 3, 6, 9)",viio7,E-,B-,b-,116.5,30.0
933,C,G-,3,C,"(0, 3, 6, 9)",viio7,E-,B-,b-,116.625,30.0
934,C,G-,3,C,"(0, 3, 6, 9)",viio7,E-,B-,b-,116.75,30.0
935,C,G-,3,C,"(0, 3, 6, 9)",viio7,E-,B-,b-,116.875,30.0
936,C,G-,4,C,"(0, 3, 6, 9)",viio7,E-,B-,b-,117.0,30.0
937,C,G-,4,C,"(0, 3, 6, 9)",viio7,E-,B-,b-,117.125,30.0
938,C,G-,4,C,"(0, 3, 6, 9)",viio7,E-,B-,b-,117.25,30.0
939,C,G-,4,C,"(0, 3, 6, 9)",viio7,E-,B-,b-,117.375,30.0
940,C,G-,4,C,"(0, 3, 6, 9)",viio7,E-,C,b-,117.5,30.0
941,C,G-,4,C,"(0, 3, 6, 9)",viio7,E-,C,b-,117.625,30.0
942,C,G-,4,C,"(0, 3, 6, 9)",viio7,E-,C,b-,117.75,30.0
943,C,G-,4,C,"(0, 3, 6, 9)",viio7,E-,C,b-,117.875,30.0
944,C,G-,5,C,"(0, 3, 6, 9)",viio7,E-,C,b-,118.0,30.0
945,C,G-,5,C,"(0, 3, 6, 9)",viio7,E-,C,b-,118.125,30.0
946,C,G-,5,C,"(0, 3, 6, 9)",viio7,E-,C,b-,118.25,30.0
947,C,G-,5,C,"(0, 3, 6, 9)",viio7,E-,C,b-,118.375,30.0
948,C,G-,5,C,"(0, 3, 6, 9)",viio7,E-,C,b-,118.5,30.0
949,C,G-,5,C,"(0, 3, 6, 9)",viio7,E-,C,b-,118.625,30.0
950,C,G-,5,C,"(0, 3, 6, 9)",viio7,E-,C,b-,118.75,30.0
951,C,G-,5,C,"(0, 3, 6, 9)",viio7,E-,C,b-,118.875,30.0
952,C,G-,5,C,"(0, 3, 6, 9)",viio7,E-,C,b-,119.0,30.0
953,C,G-,5,C,"(0, 3, 6, 9)",viio7,E-,C,b-,119.125,30.0
954,C,G-,5,C,"(0, 3, 6, 9)",viio7,E-,C,b-,119.25,30.0
955,C,G-,5,C,"(0, 3, 6, 9)",viio7,E-,C,b-,119.375,30.0
956,C,G-,5,C,"(0, 3, 6, 9)",viio7,E-,A,b-,119.5,30.0
957,C,G-,5,C,"(0, 3, 6, 9)",viio7,E-,A,b-,119.625,30.0
958,C,G-,5,C,"(0, 3, 6, 9)",viio7,E-,A,b-,119.75,30.0
959,C,G-,5,C,"(0, 3, 6, 9)",viio7,E-,A,b-,119.875,30.0
960,C,F,0,C,"(0, 3, 5, 9)",V7,E-,A,B-,120.0,31.0
961,C,F,1,C,"(0, 3, 5, 9)",V7,E-,A,B-,120.125,31.0
962,C,F,2,C,"(0, 3, 5, 9)",V7,E-,A,B-,120.25,31.0
963,C,F,2,C,"(0, 3, 5, 9)",V7,E-,A,B-,120.375,31.0
964,C,F,3,C,"(0, 3, 5, 9)",V7,E-,A,B-,120.5,31.0
965,C,F,3,C,"(0, 3, 5, 9)",V7,E-,A,B-,120.625,31.0
966,C,F,3,C,"(0, 3, 5, 9)",V7,E-,A,B-,120.75,31.0
967,C,F,3,C,"(0, 3, 5, 9)",V7,E-,A,B-,120.875,31.0
968,C,F,4,C,"(0, 3, 5, 9)",V7,E-,A,B-,121.0,31.0
969,C,F,4,C,"(0, 3, 5, 9)",V7,E-,A,B-,121.125,31.0
970,C,F,4,C,"(0, 3, 5, 9)",V7,E-,A,B-,121.25,31.0
971,C,F,4,C,"(0, 3, 5, 9)",V7,E-,A,B-,121.375,31.0
972,C,F,4,C,"(0, 3, 5, 9)",V7,E-,A,B-,121.5,31.0
973,C,F,4,C,"(0, 3, 5, 9)",V7,E-,A,B-,121.625,31.0
974,C,F,4,C,"(0, 3, 5, 9)",V7,E-,A,B-,121.75,31.0
975,C,F,4,C,"(0, 3, 5, 9)",V7,E-,A,B-,121.875,31.0
976,C,F,5,C,"(0, 3, 5, 9)",V7,E-,A,B-,122.0,31.0
977,C,F,5,C,"(0, 3, 5, 9)",V7,E-,A,B-,122.125,31.0
978,C,F,5,C,"(0, 3, 5, 9)",V7,E-,A,B-,122.25,31.0
979,C,F,5,C,"(0, 3, 5, 9)",V7,E-,A,B-,122.375,31.0
980,C,F,5,C,"(0, 3, 5, 9)",V7,E-,A,B-,122.5,31.0
981,C,F,5,C,"(0, 3, 5, 9)",V7,E-,A,B-,122.625,31.0
982,C,F,5,C,"(0, 3, 5, 9)",V7,E-,A,B-,122.75,31.0
983,C,F,5,C,"(0, 3, 5, 9)",V7,E-,A,B-,122.875,31.0
984,C,F,5,C,"(0, 3, 5, 9)",V7,E-,A,B-,123.0,31.0
985,C,F,5,C,"(0, 3, 5, 9)",V7,E-,A,B-,123.125,31.0
986,C,F,5,C,"(0, 3, 5, 9)",V7,E-,A,B-,123.25,31.0
987,C,F,5,C,"(0, 3, 5, 9)",V7,E-,A,B-,123.375,31.0
988,C,F,5,C,"(0, 3, 5, 9)",V7,E-,A,B-,123.5,31.0
989,C,F,5,C,"(0, 3, 5, 9)",V7,E-,A,B-,123.625,31.0
990,C,F,5,C,"(0, 3, 5, 9)",V7,E-,A,B-,123.75,31.0
991,C,F,5,C,"(0, 3, 5, 9)",V7,E-,A,B-,123.875,31.0
992,A-,C-,0,E-,"(3, 8, 11)",iv,A-,E-,e-,124.0,32.0
993,A-,C-,1,E-,"(3, 8, 11)",iv,A-,E-,e-,124.125,32.0
994,A-,C-,2,E-,"(3, 8, 11)",iv,A-,E-,e-,124.25,32.0
995,A-,C-,2,E-,"(3, 8, 11)",iv,A-,E-,e-,124.375,32.0
996,A-,C-,3,E-,"(3, 8, 11)",iv,A-,E-,e-,124.5,32.0
997,A-,C-,3,E-,"(3, 8, 11)",iv,A-,E-,e-,124.625,32.0
998,A-,C-,3,E-,"(3, 8, 11)",iv,A-,E-,e-,124.75,32.0
999,A-,C-,3,E-,"(3, 8, 11)",iv,A-,E-,e-,124.875,32.0
1000,A-,C-,4,E-,"(3, 8, 11)",iv,A-,E-,e-,125.0,32.0
1001,A-,C-,4,E-,"(3, 8, 11)",iv,A-,E-,e-,125.125,32.0
1002,A-,C-,4,E-,"(3, 8, 11)",iv,A-,E-,e-,125.25,32.0
1003,A-,C-,4,E-,"(3, 8, 11)",iv,A-,E-,e-,125.375,32.0
1004,A-,C-,4,E-,"(3, 8, 11)",iv,A-,E-,e-,125.5,32.0
1005,A-,C-,4,E-,"(3, 8, 11)",iv,A-,E-,e-,125.625,32.0
1006,A-,C-,4,E-,"(3, 8, 11)",iv,A-,E-,e-,125.75,32.0
1007,A-,C-,4,E-,"(3, 8, 11)",iv,A-,E-,e-,125.875,32.0
1008,A-,C-,5,E-,"(3, 8, 11)",iv,A-,E-,e-,126.0,32.0
1009,A-,C-,5,E-,"(3, 8, 11)",iv,A-,E-,e-,126.125,32.0
1010,A-,C-,5,E-,"(3, 8, 11)",iv,A-,E-,e-,126.25,32.0
1011,A-,C-,5,E-,"(3, 8, 11)",iv,A-,E-,e-,126.375,32.0
1012,A-,C-,5,E-,"(3, 8, 11)",iv,A-,E-,e-,126.5,32.0
1013,A-,C-,5,E-,"(3, 8, 11)",iv,A-,E-,e-,126.625,32.0
1014,A-,C-,5,E-,"(3, 8, 11)",iv,A-,E-,e-,126.75,32.0
1015,A-,C-,5,E-,"(3, 8, 11)",iv,A-,E-,e-,126.875,32.0
1016,A-,C-,5,E-,"(3, 8, 11)",iv,A-,E-,e-,127.0,32.0
1017,A-,C-,5,E-,"(3, 8, 11)",iv,A-,E-,e-,127.125,32.0
1018,A-,C-,5,E-,"(3, 8, 11)",iv,A-,E-,e-,127.25,32.0
1019,A-,C-,5,E-,"(3, 8, 11)",iv,A-,E-,e-,127.375,32.0
1020,A-,C-,5,E-,"(3, 8, 11)",iv,A-,E-,e-,127.5,32.0
1021,A-,C-,5,E-,"(3, 8, 11)",iv,A-,E-,e-,127.625,32.0
1022,A-,C-,5,E-,"(3, 8, 11)",iv,A-,E-,e-,127.75,32.0
1023,A-,C-,5,E-,"(3, 8, 11)",iv,A-,E-,e-,127.875,32.0
1024,F,B-,0,E-,"(2, 5, 8, 10)",V7,A-,D,E-,128.0,33.0
1025,F,B-,1,E-,"(2, 5, 8, 10)",V7,A-,D,E-,128.125,33.0
1026,F,B-,2,E-,"(2, 5, 8, 10)",V7,A-,D,E-,128.25,33.0
1027,F,B-,2,E-,"(2, 5, 8, 10)",V7,A-,D,E-,128.375,33.0
1028,F,B-,3,E-,"(2, 5, 8, 10)",V7,A-,D,E-,128.5,33.0
1029,F,B-,3,E-,"(2, 5, 8, 10)",V7,A-,D,E-,128.625,33.0
1030,F,B-,3,E-,"(2, 5, 8, 10)",V7,A-,D,E-,128.75,33.0
1031,F,B-,3,E-,"(2, 5, 8, 10)",V7,A-,D,E-,128.875,33.0
1032,F,B-,4,E-,"(2, 5, 8, 10)",V7,A-,D,E-,129.0,33.0
1033,F,B-,4,E-,"(2, 5, 8, 10)",V7,A-,D,E-,129.125,33.0
1034,F,B-,4,E-,"(2, 5, 8, 10)",V7,A-,D,E-,129.25,33.0
1035,F,B-,4,E-,"(2, 5, 8, 10)",V7,A-,D,E-,129.375,33.0
1036,F,B-,4,E-,"(2, 5, 8, 10)",V7,A-,D,E-,129.5,33.0
1037,F,B-,4,E-,"(2, 5, 8, 10)",V7,A-,D,E-,129.625,33.0
1038,F,B-,4,E-,"(2, 5, 8, 10)",V7,A-,D,E-,129.75,33.0
1039,F,B-,4,E-,"(2, 5, 8, 10)",V7,A-,D,E-,129.875,33.0
1040,F,B-,5,E-,"(2, 5, 8, 10)",V7,A-,D,E-,130.0,33.0
1041,F,B-,5,E-,"(2, 5, 8, 10)",V7,A-,D,E-,130.125,33.0
1042,F,B-,5,E-,"(2, 5, 8, 10)",V7,A-,D,E-,130.25,33.0
1043,F,B-,5,E-,"(2, 5, 8, 10)",V7,A-,D,E-,130.375,33.0
1044,F,B-,5,E-,"(2, 5, 8, 10)",V7,A-,D,E-,130.5,33.0
1045,F,B-,5,E-,"(2, 5, 8, 10)",V7,A-,D,E-,130.625,33.0
1046,F,B-,5,E-,"(2, 5, 8, 10)",V7,A-,D,E-,130.75,33.0
1047,F,B-,5,E-,"(2, 5, 8, 10)",V7,A-,D,E-,130.875,33.0
1048,F,B-,5,E-,"(2, 5, 8, 10)",V7,A-,D,E-,131.0,33.0
1049,F,B-,5,E-,"(2, 5, 8, 10)",V7,A-,D,E-,131.125,33.0
1050,F,B-,5,E-,"(2, 5, 8, 10)",V7,A-,D,E-,131.25,33.0
1051,F,B-,5,E-,"(2, 5, 8, 10)",V7,A-,D,E-,131.375,33.0
1052,F,B-,5,E-,"(2, 5, 8, 10)",V7,A-,D,E-,131.5,33.0
1053,F,B-,5,E-,"(2, 5, 8, 10)",V7,A-,D,E-,131.625,33.0
1054,F,B-,5,E-,"(2, 5, 8, 10)",V7,A-,D,E-,131.75,33.0
1055,F,B-,5,E-,"(2, 5, 8, 10)",V7,A-,D,E-,131.875,33.0
1056,F,B-,0,C,"(2, 5, 8, 10)",V7,B-,D,d,132.0,34.0
1057,F,B-,1,C,"(2, 5, 8, 10)",V7,B-,D,d,132.125,34.0
1058,F,B-,2,C,"(2, 5, 8, 10)",V7,B-,D,d,132.25,34.0
1059,F,B-,2,C,"(2, 5, 8, 10)",V7,B-,D,d,132.375,34.0
1060,F,B-,3,C,"(2, 5, 8, 10)",V7,B-,D,d,132.5,34.0
1061,F,B-,3,C,"(2, 5, 8, 10)",V7,B-,D,d,132.625,34.0
1062,F,B-,3,C,"(2, 5, 8, 10)",V7,B-,D,d,132.75,34.0
1063,F,B-,3,C,"(2, 5, 8, 10)",V7,B-,D,d,132.875,34.0
1064,F,B-,4,C,"(2, 5, 8, 10)",V7,B-,D,d,133.0,34.0
1065,F,B-,4,C,"(2, 5, 8, 10)",V7,B-,D,d,133.125,34.0
1066,F,B-,4,C,"(2, 5, 8, 10)",V7,B-,D,d,133.25,34.0
1067,F,B-,4,C,"(2, 5, 8, 10)",V7,B-,D,d,133.375,34.0
1068,F,B-,4,C,"(2, 5, 8, 10)",V7,B-,D,d,133.5,34.0
1069,F,B-,4,C,"(2, 5, 8, 10)",V7,B-,D,d,133.625,34.0
1070,F,B-,4,C,"(2, 5, 8, 10)",V7,B-,D,d,133.75,34.0
1071,F,B-,4,C,"(2, 5, 8, 10)",V7,B-,D,d,133.875,34.0
1072,F,B-,5,C,"(2, 5, 8, 10)",V7,B-,D,d,134.0,34.0
1073,F,B-,5,C,"(2, 5, 8, 10)",V7,B-,D,d,134.125,34.0
1074,F,B-,5,C,"(2, 5, 8, 10)",V7,B-,D,d,134.25,34.0
1075,F,B-,5,C,"(2, 5, 8, 10)",V7,B-,D,d,134.375,34.0
1076,F,B-,5,C,"(2, 5, 8, 10)",V7,B-,D,d,134.5,34.0
1077,F,B-,5,C,"(2, 5, 8, 10)",V7,B-,D,d,134.625,34.0
1078,E,B-,5,C,"(2, 5, 8, 10)",V7,B-,D,d,134.75,34.0
1079,E,B-,5,C,"(2, 5, 8, 10)",V7,B-,D,d,134.875,34.0
1080,E,B-,5,C,"(2, 5, 8, 10)",V7,G,D,d,135.0,34.0
1081,E,B-,5,C,"(2, 5, 8, 10)",V7,G,D,d,135.125,34.0
1082,E,B-,5,C,"(2, 5, 8, 10)",V7,G,D,d,135.25,34.0
1083,E,B-,5,C,"(2, 5, 8, 10)",V7,G,D,d,135.375,34.0
1084,E,B-,5,C,"(2, 5, 8, 10)",V7,G,D,d,135.5,34.0
1085,E,B-,5,C,"(2, 5, 8, 10)",V7,G,D,d,135.625,34.0
1086,E,B-,5,C,"(2, 5, 8, 10)",V7,G,D,d,135.75,34.0
1087,E,B-,5,C,"(2, 5, 8, 10)",V7,G,D,d,135.875,34.0
1088,E,A,0,C,"(1, 4, 9)",V,A,C#,d,136.0,35.0
1089,E,A,1,C,"(1, 4, 9)",V,A,C#,d,136.125,35.0
1090,E,A,2,C,"(1, 4, 9)",V,A,C#,d,136.25,35.0
1091,E,A,2,C,"(1, 4, 9)",V,A,C#,d,136.375,35.0
1092,E,A,3,C,"(1, 4, 9)",V,A,C#,d,136.5,35.0
1093,E,A,3,C,"(1, 4, 9)",V,A,C#,d,136.625,35.0
1094,E,A,3,C,"(1, 4, 9)",V,A,C#,d,136.75,35.0
1095,E,A,3,C,"(1, 4, 9)",V,A,C#,d,136.875,35.0
1096,E,A,4,C,"(1, 4, 9)",V,A,C#,d,137.0,35.0
1097,E,A,4,C,"(1, 4, 9)",V,A,C#,d,137.125,35.0
1098,E,A,4,C,"(1, 4, 9)",V,A,C#,d,137.25,35.0
1099,E,A,4,C,"(1, 4, 9)",V,A,C#,d,137.375,35.0
1100,E,A,4,C,"(1, 4, 9)",V,A,C#,d,137.5,35.0
1101,E,A,4,C,"(1, 4, 9)",V,A,C#,d,137.625,35.0
1102,E,A,4,C,"(1, 4, 9)",V,A,C#,d,137.75,35.0
1103,E,A,4,C,"(1, 4, 9)",V,A,C#,d,137.875,35.0
1104,E,A,5,C,"(1, 4, 9)",V,A,C#,d,138.0,35.0
1105,E,A,5,C,"(1, 4, 9)",V,A,C#,d,138.125,35.0
1106,E,A,5,C,"(1, 4, 9)",V,A,C#,d,138.25,35.0
1107,E,A,5,C,"(1, 4, 9)",V,A,C#,d,138.375,35.0
1108,E,A,5,C,"(1, 4, 9)",V,A,C#,d,138.5,35.0
1109,E,A,5,C,"(1, 4, 9)",V,A,C#,d,138.625,35.0
1110,E,A,5,C,"(1, 4, 9)",V,A,C#,d,138.75,35.0
1111,E,A,5,C,"(1, 4, 9)",V,A,C#,d,138.875,35.0
1112,E,A,5,C,"(1, 4, 9)",V,A,C#,d,139.0,35.0
1113,E,A,5,C,"(1, 4, 9)",V,A,C#,d,139.125,35.0
1114,E,A,5,C,"(1, 4, 9)",V,A,C#,d,139.25,35.0
1115,E,A,5,C,"(1, 4, 9)",V,A,C#,d,139.375,35.0
1116,E,A,5,C,"(1, 4, 9)",V,A,C#,d,139.5,35.0
1117,E,A,5,C,"(1, 4, 9)",V,A,C#,d,139.625,35.0
1118,E,A,5,C,"(1, 4, 9)",V,A,C#,d,139.75,35.0
1119,E,A,5,C,"(1, 4, 9)",V,A,C#,d,139.875,35.0
1120,E,A,0,C,"(1, 4, 9)",V,A,C#,d,140.0,36.0
1121,E,A,1,C,"(1, 4, 9)",V,A,C#,d,140.125,36.0
1122,E,A,2,C,"(1, 4, 9)",V,A,C#,d,140.25,36.0
1123,E,A,2,C,"(1, 4, 9)",V,A,C#,d,140.375,36.0
1124,E,A,3,C,"(1, 4, 9)",V,A,C#,d,140.5,36.0
1125,E,A,3,C,"(1, 4, 9)",V,A,C#,d,140.625,36.0
1126,E,A,3,C,"(1, 4, 9)",V,A,C#,d,140.75,36.0
1127,E,A,3,C,"(1, 4, 9)",V,A,C#,d,140.875,36.0
1128,E,A,4,C,"(1, 4, 9)",V,A,C#,d,141.0,36.0
1129,E,A,4,C,"(1, 4, 9)",V,A,C#,d,141.125,36.0
1130,E,A,4,C,"(1, 4, 9)",V,A,C#,d,141.25,36.0
1131,E,A,4,C,"(1, 4, 9)",V,A,C#,d,141.375,36.0
1132,E,A,4,C,"(1, 4, 9)",V,A,C#,d,141.5,36.0
1133,E,A,4,C,"(1, 4, 9)",V,A,C#,d,141.625,36.0
1134,E,A,4,C,"(1, 4, 9)",V,A,C#,d,141.75,36.0
1135,E,A,4,C,"(1, 4, 9)",V,A,C#,d,141.875,36.0
1136,E,A,5,C,"(1, 4, 9)",V,A,C#,d,142.0,36.0
1137,E,A,5,C,"(1, 4, 9)",V,A,C#,d,142.125,36.0
1138,E,A,5,C,"(1, 4, 9)",V,A,C#,d,142.25,36.0
1139,E,A,5,C,"(1, 4, 9)",V,A,C#,d,142.375,36.0
1140,E,A,5,C,"(1, 4, 9)",V,A,C#,d,142.5,36.0
1141,E,A,5,C,"(1, 4, 9)",V,A,C#,d,142.625,36.0
1142,E,A,5,C,"(1, 4, 9)",V,A,C#,d,142.75,36.0
1143,E,A,5,C,"(1, 4, 9)",V,A,C#,d,142.875,36.0
1144,E,A,5,C,"(1, 4, 9)",V,A,C#,d,143.0,36.0
1145,E,A,5,C,"(1, 4, 9)",V,A,C#,d,143.125,36.0
1146,E,A,5,C,"(1, 4, 9)",V,A,C#,d,143.25,36.0
1147,E,A,5,C,"(1, 4, 9)",V,A,C#,d,143.375,36.0
1148,E,A,5,C,"(1, 4, 9)",V,A,C#,d,143.5,36.0
1149,E,A,5,C,"(1, 4, 9)",V,A,C#,d,143.625,36.0
1150,E,A,5,C,"(1, 4, 9)",V,A,C#,d,143.75,36.0
1151,E,A,5,C,"(1, 4, 9)",V,A,C#,d,143.875,36.0
1152,A,D,0,C,"(0, 2, 6, 9)",V7,D,F#,G,144.0,37.0
1153,A,D,1,C,"(0, 2, 6, 9)",V7,C,F#,G,144.125,37.0
1154,A,D,2,C,"(0, 2, 6, 9)",V7,C,F#,G,144.25,37.0
1155,A,D,2,C,"(0, 2, 6, 9)",V7,C,F#,G,144.375,37.0
1156,A,D,3,C,"(0, 2, 6, 9)",V7,C,F#,G,144.5,37.0
1157,A,D,3,C,"(0, 2, 6, 9)",V7,C,F#,G,144.625,37.0
1158,A,D,3,C,"(0, 2, 6, 9)",V7,C,F#,G,144.75,37.0
1159,A,D,3,C,"(0, 2, 6, 9)",V7,C,F#,G,144.875,37.0
1160,A,D,4,C,"(0, 2, 6, 9)",V7,C,F#,G,145.0,37.0
1161,A,D,4,C,"(0, 2, 6, 9)",V7,C,F#,G,145.125,37.0
1162,A,D,4,C,"(0, 2, 6, 9)",V7,C,F#,G,145.25,37.0
1163,A,D,4,C,"(0, 2, 6, 9)",V7,C,F#,G,145.375,37.0
1164,A,D,4,C,"(0, 2, 6, 9)",V7,C,F#,G,145.5,37.0
1165,A,D,4,C,"(0, 2, 6, 9)",V7,C,F#,G,145.625,37.0
1166,A,D,4,C,"(0, 2, 6, 9)",V7,C,F#,G,145.75,37.0
1167,A,D,4,C,"(0, 2, 6, 9)",V7,C,F#,G,145.875,37.0
1168,A,D,5,C,"(0, 2, 6, 9)",V7,C,F#,G,146.0,37.0
1169,A,D,5,C,"(0, 2, 6, 9)",V7,C,F#,G,146.125,37.0
1170,A,D,5,C,"(0, 2, 6, 9)",V7,C,F#,G,146.25,37.0
1171,A,D,5,C,"(0, 2, 6, 9)",V7,C,F#,G,146.375,37.0
1172,A,D,5,C,"(0, 2, 6, 9)",V7,C,F#,G,146.5,37.0
1173,A,D,5,C,"(0, 2, 6, 9)",V7,C,F#,G,146.625,37.0
1174,A,D,5,C,"(0, 2, 6, 9)",V7,C,F#,G,146.75,37.0
1175,A,D,5,C,"(0, 2, 6, 9)",V7,C,F#,G,146.875,37.0
1176,A,D,5,C,"(0, 2, 6, 9)",V7,C,F#,G,147.0,37.0
1177,A,D,5,C,"(0, 2, 6, 9)",V7,C,F#,G,147.125,37.0
1178,A,D,5,C,"(0, 2, 6, 9)",V7,C,F#,G,147.25,37.0
1179,A,D,5,C,"(0, 2, 6, 9)",V7,C,F#,G,147.375,37.0
1180,A,D,5,C,"(0, 2, 6, 9)",V7,C,F#,G,147.5,37.0
1181,A,D,5,C,"(0, 2, 6, 9)",V7,C,F#,G,147.625,37.0
1182,A,D,5,C,"(0, 2, 6, 9)",V7,C,F#,G,147.75,37.0
1183,A,D,5,C,"(0, 2, 6, 9)",V7,C,F#,G,147.875,37.0
1184,D,G,0,C,"(2, 5, 7, 11)",V7,F,B,C,148.0,38.0
1185,D,G,1,C,"(2, 5, 7, 11)",V7,F,B,C,148.125,38.0
1186,D,G,2,C,"(2, 5, 7, 11)",V7,F,B,C,148.25,38.0
1187,D,G,2,C,"(2, 5, 7, 11)",V7,F,B,C,148.375,38.0
1188,D,G,3,C,"(2, 5, 7, 11)",V7,F,B,C,148.5,38.0
1189,D,G,3,C,"(2, 5, 7, 11)",V7,F,B,C,148.625,38.0
1190,D,G,3,C,"(2, 5, 7, 11)",V7,F,B,C,148.75,38.0
1191,D,G,3,C,"(2, 5, 7, 11)",V7,F,B,C,148.875,38.0
1192,D,G,4,C,"(2, 5, 7, 11)",V7,F,B,C,149.0,38.0
1193,D,G,4,C,"(2, 5, 7, 11)",V7,F,B,C,149.125,38.0
1194,D,G,4,C,"(2, 5, 7, 11)",V7,F,B,C,149.25,38.0
1195,D,G,4,C,"(2, 5, 7, 11)",V7,F,B,C,149.375,38.0
1196,D,G,4,C,"(2, 5, 7, 11)",V7,F,B,C,149.5,38.0
1197,D,G,4,C,"(2, 5, 7, 11)",V7,F,B,C,149.625,38.0
1198,D,G,4,C,"(2, 5, 7, 11)",V7,F,B,C,149.75,38.0
1199,D,G,4,C,"(2, 5, 7, 11)",V7,F,B,C,149.875,38.0
1200,D,G,5,C,"(2, 5, 7, 11)",V7,F,B,C,150.0,38.0
1201,D,G,5,C,"(2, 5, 7, 11)",V7,F,B,C,150.125,38.0
1202,D,G,5,C,"(2, 5, 7, 11)",V7,F,B,C,150.25,38.0
1203,D,G,5,C,"(2, 5, 7, 11)",V7,F,B,C,150.375,38.0
1204,D,G,5,C,"(2, 5, 7, 11)",V7,F,B,C,150.5,38.0
1205,D,G,5,C,"(2, 5, 7, 11)",V7,F,B,C,150.625,38.0
1206,D,G,5,C,"(2, 5, 7, 11)",V7,F,B,C,150.75,38.0
1207,D,G,5,C,"(2, 5, 7, 11)",V7,F,B,C,150.875,38.0
1208,D,G,5,C,"(2, 5, 7, 11)",V7,F,B,C,151.0,38.0
1209,D,G,5,C,"(2, 5, 7, 11)",V7,F,B,C,151.125,38.0
1210,D,G,5,C,"(2, 5, 7, 11)",V7,F,B,C,151.25,38.0
1211,D,G,5,C,"(2, 5, 7, 11)",V7,F,B,C,151.375,38.0
1212,D,G,5,C,"(2, 5, 7, 11)",V7,F,B,C,151.5,38.0
1213,D,G,5,C,"(2, 5, 7, 11)",V7,F,B,C,151.625,38.0
1214,D,G,5,C,"(2, 5, 7, 11)",V7,F,B,C,151.75,38.0
1215,D,G,5,C,"(2, 5, 7, 11)",V7,F,B,C,151.875,38.0
1216,G,C,0,C,"(0, 4, 7)",I,C,E,C,152.0,39.0
1217,G,C,1,C,"(0, 4, 7)",I,C,E,C,152.125,39.0
1218,G,C,2,C,"(0, 4, 7)",I,C,E,C,152.25,39.0
1219,G,C,2,C,"(0, 4, 7)",I,C,E,C,152.375,39.0
1220,G,C,3,C,"(0, 4, 7)",I,C,E,C,152.5,39.0
1221,G,C,3,C,"(0, 4, 7)",I,C,E,C,152.625,39.0
1222,G,C,3,C,"(0, 4, 7)",I,C,E,C,152.75,39.0
1223,G,C,3,C,"(0, 4, 7)",I,C,E,C,152.875,39.0
1224,G,C,4,C,"(0, 4, 7)",I,C,E,C,153.0,39.0
1225,G,C,4,C,"(0, 4, 7)",I,C,E,C,153.125,39.0
1226,G,C,4,C,"(0, 4, 7)",I,C,E,C,153.25,39.0
1227,G,C,4,C,"(0, 4, 7)",I,C,E,C,153.375,39.0
1228,G,C,4,C,"(0, 4, 7)",I,C,E,C,153.5,39.0
1229,G,C,4,C,"(0, 4, 7)",I,C,E,C,153.625,39.0
1230,G,C,4,C,"(0, 4, 7)",I,C,E,C,153.75,39.0
1231,G,C,4,C,"(0, 4, 7)",I,C,E,C,153.875,39.0
1232,G,C,5,C,"(0, 4, 7)",I,C,E,C,154.0,39.0
1233,G,C,5,C,"(0, 4, 7)",I,C,E,C,154.125,39.0
1234,G,C,5,C,"(0, 4, 7)",I,C,E,C,154.25,39.0
1235,G,C,5,C,"(0, 4, 7)",I,C,E,C,154.375,39.0
1236,G,C,5,C,"(0, 4, 7)",I,C,E,C,154.5,39.0
1237,G,C,5,C,"(0, 4, 7)",I,C,E,C,154.625,39.0
1238,G,C,5,C,"(0, 4, 7)",I,C,E,C,154.75,39.0
1239,G,C,5,C,"(0, 4, 7)",I,C,E,C,154.875,39.0
1240,G,C,5,C,"(0, 4, 7)",V,C,E,C,155.0,39.0
1241,G,C,5,C,"(0, 4, 7)",V,C,E,C,155.125,39.0
1242,G,C,5,C,"(0, 4, 7)",V,C,E,C,155.25,39.0
1243,G,C,5,C,"(0, 4, 7)",V,C,E,C,155.375,39.0
1244,G,C,5,C,"(0, 4, 7)",V,C,E,C,155.5,39.0
1245,G,C,5,C,"(0, 4, 7)",V,C,E,C,155.625,39.0
1246,G,C,5,C,"(0, 4, 7)",V,C,E,C,155.75,39.0
1247,G,C,5,C,"(0, 4, 7)",V,C,E,C,155.875,39.0
1248,C,F,0,C,"(0, 5, 9)",V7,F,A,C,156.0,40.0
1249,C,F,1,C,"(0, 5, 9)",V7,F,A,C,156.125,40.0
1250,C,F,2,C,"(0, 5, 9)",V7,F,A,C,156.25,40.0
1251,C,F,2,C,"(0, 5, 9)",V7,F,A,C,156.375,40.0
1252,C,F,3,C,"(0, 5, 9)",V7,F,A,C,156.5,40.0
1253,C,F,3,C,"(0, 5, 9)",V7,F,A,C,156.625,40.0
1254,C,F,3,C,"(0, 5, 9)",V7,F,A,C,156.75,40.0
1255,C,F,3,C,"(0, 5, 9)",V7,F,A,C,156.875,40.0
1256,C,F,4,C,"(0, 5, 9)",V7,F,A,C,157.0,40.0
1257,C,F,4,C,"(0, 5, 9)",V7,F,A,C,157.125,40.0
1258,C,F,4,C,"(0, 5, 9)",V7,F,A,C,157.25,40.0
1259,C,F,4,C,"(0, 5, 9)",V7,F,A,C,157.375,40.0
1260,C,F,4,C,"(0, 5, 9)",V7,F,A,C,157.5,40.0
1261,C,F,4,C,"(0, 5, 9)",V7,F,A,C,157.625,40.0
1262,C,F,4,C,"(0, 5, 9)",V7,F,A,C,157.75,40.0
1263,C,F,4,C,"(0, 5, 9)",V7,F,A,C,157.875,40.0
1264,C,F,5,C,"(0, 5, 9)",V7,F,A,C,158.0,40.0
1265,C,F,5,C,"(0, 5, 9)",V7,F,A,C,158.125,40.0
1266,C,F,5,C,"(0, 5, 9)",V7,F,A,C,158.25,40.0
1267,C,F,5,C,"(0, 5, 9)",V7,F,A,C,158.375,40.0
1268,C,F,5,C,"(0, 5, 9)",V7,F,A,C,158.5,40.0
1269,C,F,5,C,"(0, 5, 9)",V7,F,A,C,158.625,40.0
1270,C,F,5,C,"(0, 5, 9)",V7,F,A,C,158.75,40.0
1271,C,F,5,C,"(0, 5, 9)",V7,F,A,C,158.875,40.0
1272,C,F,5,C,"(0, 5, 9)",V7,F,A,C,159.0,40.0
1273,C,F,5,C,"(0, 5, 9)",V7,F,A,C,159.125,40.0
1274,C,F,5,C,"(0, 5, 9)",V7,F,A,C,159.25,40.0
1275,C,F,5,C,"(0, 5, 9)",V7,F,A,C,159.375,40.0
1276,C,F,5,C,"(0, 5, 9)",V7,F,A,C,159.5,40.0
1277,C,F,5,C,"(0, 5, 9)",V7,F,A,C,159.625,40.0
1278,C,F,5,C,"(0, 5, 9)",V7,F,A,C,159.75,40.0
1279,C,F,5,C,"(0, 5, 9)",I,F,A,C,159.875,40.0
1280,F,B,0,C,"(2, 5, 11)",viio7,B,D,C,160.0,41.0
1281,F,B,1,C,"(2, 5, 11)",viio7,B,D,C,160.125,41.0
1282,F,B,2,C,"(2, 5, 11)",viio7,B,D,C,160.25,41.0
1283,F,B,2,C,"(2, 5, 11)",viio7,B,D,C,160.375,41.0
1284,F,B,3,C,"(2, 5, 11)",viio7,B,D,C,160.5,41.0
1285,F,B,3,C,"(2, 5, 11)",viio7,B,D,C,160.625,41.0
1286,F,B,3,C,"(2, 5, 11)",viio7,B,D,C,160.75,41.0
1287,F,B,3,C,"(2, 5, 11)",viio7,B,D,C,160.875,41.0
1288,F,B,4,C,"(2, 5, 11)",viio7,B,D,C,161.0,41.0
1289,F,B,4,C,"(2, 5, 11)",viio7,B,D,C,161.125,41.0
1290,F,B,4,C,"(2, 5, 11)",viio7,B,D,C,161.25,41.0
1291,F,B,4,C,"(2, 5, 11)",viio7,B,D,C,161.375,41.0
1292,F,B,4,C,"(2, 5, 11)",viio7,B,D,C,161.5,41.0
1293,F,B,4,C,"(2, 5, 11)",viio7,B,D,C,161.625,41.0
1294,F,B,4,C,"(2, 5, 11)",viio7,B,D,C,161.75,41.0
1295,F,B,4,C,"(2, 5, 11)",viio7,B,D,C,161.875,41.0
1296,F,B,5,C,"(2, 5, 9, 11)",V7,B,D,C,162.0,41.0
1297,F,B,5,C,"(2, 5, 9, 11)",V7,B,D,C,162.125,41.0
1298,F,B,5,C,"(2, 5, 9, 11)",V7,B,D,C,162.25,41.0
1299,F,B,5,C,"(2, 5, 9, 11)",V7,B,D,C,162.375,41.0
1300,F,B,5,C,"(2, 5, 9, 11)",V7,B,D,C,162.5,41.0
1301,F,B,5,C,"(2, 5, 9, 11)",V7,B,D,C,162.625,41.0
1302,F,B,5,C,"(2, 5, 9, 11)",V7,B,D,C,162.75,41.0
1303,F,B,5,C,"(2, 5, 9, 11)",V7,B,D,C,162.875,41.0
1304,F,B,5,C,"(2, 5, 9, 11)",V7,B,D,C,163.0,41.0
1305,F,B,5,C,"(2, 5, 9, 11)",V7,B,D,C,163.125,41.0
1306,F,B,5,C,"(2, 5, 9, 11)",V7,B,D,C,163.25,41.0
1307,F,B,5,C,"(2, 5, 9, 11)",V7,B,D,C,163.375,41.0
1308,F,B,5,C,"(2, 5, 9, 11)",V7,B,D,C,163.5,41.0
1309,F,B,5,C,"(2, 5, 9, 11)",V7,B,D,C,163.625,41.0
1310,F,B,5,C,"(2, 5, 9, 11)",V7,B,D,C,163.75,41.0
1311,F,B,5,C,"(2, 5, 9, 11)",V7,B,D,C,163.875,41.0
1312,B,E,0,C,"(4, 7, 11)",I,E,G,C,164.0,42.0
1313,B,E,1,C,"(4, 7, 11)",vi,D,G,C,164.125,42.0
1314,B,E,2,C,"(4, 7, 11)",vi,D,G,C,164.25,42.0
1315,B,E,2,C,"(4, 7, 11)",vi,D,G,C,164.375,42.0
1316,B,E,3,C,"(4, 7, 11)",vi,E,G,C,164.5,42.0
1317,B,E,3,C,"(4, 7, 11)",vi,E,G,C,164.625,42.0
1318,B,E,3,C,"(4, 7, 11)",vi,E,G,C,164.75,42.0
1319,B,E,3,C,"(4, 7, 11)",I,E,G,C,164.875,42.0
1320,B,E,4,C,"(4, 7, 11)",vi,E,G,C,165.0,42.0
1321,B,E,4,C,"(4, 7, 11)",vi,E,G,C,165.125,42.0
1322,B,E,4,C,"(4, 7, 11)",vi,E,G,C,165.25,42.0
1323,B,E,4,C,"(4, 7, 11)",vi,E,G,C,165.375,42.0
1324,B,E,4,C,"(4, 7, 11)",vi,E,G,C,165.5,42.0
1325,B,E,4,C,"(4, 7, 11)",vi,E,G,C,165.625,42.0
1326,B,E,4,C,"(4, 7, 11)",vi,E,G,C,165.75,42.0
1327,B,E,4,C,"(4, 7, 11)",vi,E,G,C,165.875,42.0
1328,E,A,0,C,"(0, 4, 9)",ii7,A,C,C,166.0,42.0
1329,E,A,1,C,"(0, 4, 7, 9)",ii7,A,C,C,166.125,42.0
1330,E,A,2,C,"(0, 4, 7, 9)",ii7,A,C,C,166.25,42.0
1331,E,A,2,C,"(0, 4, 7, 9)",ii7,A,C,C,166.375,42.0
1332,E,A,3,C,"(0, 4, 7, 9)",ii7,A,C,C,166.5,42.0
1333,E,A,3,C,"(0, 4, 7, 9)",ii7,A,C,C,166.625,42.0
1334,E,A,3,C,"(0, 4, 7, 9)",ii7,A,C,C,166.75,42.0
1335,E,A,3,C,"(0, 4, 7, 9)",ii7,A,C,C,166.875,42.0
1336,E,A,0,C,"(0, 4, 7, 9)",vi,A,C,C,167.0,42.0
1337,E,A,1,C,"(0, 4, 7, 9)",vi,A,C,C,167.125,42.0
1338,E,A,2,C,"(0, 4, 7, 9)",vi,A,C,C,167.25,42.0
1339,E,A,2,C,"(0, 4, 7, 9)",vi,A,C,C,167.375,42.0
1340,E,A,3,C,"(0, 4, 7, 9)",vi7,A,C,C,167.5,42.0
1341,E,A,3,C,"(0, 4, 7, 9)",vi7,A,C,C,167.625,42.0
1342,E,A,3,C,"(0, 4, 7, 9)",vi7,A,C,C,167.75,42.0
1343,E,A,3,C,"(0, 4, 7, 9)",vi,A,C,C,167.875,42.0
1344,A,D,0,C,"(0, 2, 5, 9)",ii7,D,F,C,168.0,43.0
1345,A,D,1,C,"(0, 2, 5, 9)",ii7,D,F,C,168.125,43.0
1346,A,D,2,C,"(0, 2, 5, 9)",ii7,D,F,C,168.25,43.0
1347,A,D,2,C,"(0, 2, 5, 9)",ii7,D,F,C,168.375,43.0
1348,A,D,3,C,"(0, 2, 5, 9)",ii7,D,F,C,168.5,43.0
1349,A,D,3,C,"(0, 2, 5, 9)",ii7,D,F,C,168.625,43.0
1350,A,D,3,C,"(0, 2, 5, 9)",ii7,D,F,C,168.75,43.0
1351,A,D,3,C,"(0, 2, 5, 9)",ii7,D,F,C,168.875,43.0
1352,A,D,4,C,"(0, 2, 5, 9)",ii7,D,F,C,169.0,43.0
1353,A,D,4,C,"(0, 2, 5, 9)",ii7,D,F,C,169.125,43.0
1354,A,D,4,C,"(0, 2, 5, 9)",ii7,D,F,C,169.25,43.0
1355,A,D,4,C,"(0, 2, 5, 9)",ii7,D,F,C,169.375,43.0
1356,A,D,4,C,"(0, 2, 5, 9)",ii7,D,F,C,169.5,43.0
1357,A,D,4,C,"(0, 2, 5, 9)",ii7,D,F,C,169.625,43.0
1358,A,D,4,C,"(0, 2, 5, 9)",ii7,D,F,C,169.75,43.0
1359,A,D,4,C,"(0, 2, 5, 9)",ii7,D,F,C,169.875,43.0
1360,D,G,0,C,"(2, 5, 7, 11)",V7,F,B,C,170.0,43.0
1361,D,G,1,C,"(2, 5, 7, 11)",V7,F,B,C,170.125,43.0
1362,D,G,2,C,"(2, 5, 7, 11)",V7,F,B,C,170.25,43.0
1363,D,G,2,C,"(2, 5, 7, 11)",V7,F,B,C,170.375,43.0
1364,D,G,3,C,"(2, 5, 7, 11)",V7,F,B,C,170.5,43.0
1365,D,G,3,C,"(2, 5, 7, 11)",V7,F,B,C,170.625,43.0
1366,D,G,3,C,"(2, 5, 7, 11)",V7,F,B,C,170.75,43.0
1367,D,G,3,C,"(2, 5, 7, 11)",V7,F,B,C,170.875,43.0
1368,D,G,4,C,"(2, 5, 7, 11)",V7,F,B,C,171.0,43.0
1369,D,G,4,C,"(2, 5, 7, 11)",V7,F,B,C,171.125,43.0
1370,D,G,4,C,"(2, 5, 7, 11)",V7,F,B,C,171.25,43.0
1371,D,G,4,C,"(2, 5, 7, 11)",V7,F,B,C,171.375,43.0
1372,D,G,4,C,"(2, 5, 7, 11)",V7,F,B,C,171.5,43.0
1373,D,G,4,C,"(2, 5, 7, 11)",V7,F,B,C,171.625,43.0
1374,D,G,4,C,"(2, 5, 7, 11)",V7,F,B,C,171.75,43.0
1375,D,G,4,C,"(2, 5, 7, 11)",V7,F,B,C,171.875,43.0
1376,G,C,0,C,"(0, 4, 7)",I,C,E,C,172.0,44.0
1377,G,C,1,C,"(0, 4, 7)",I,C,E,C,172.125,44.0
1378,G,C,2,C,"(0, 4, 7)",I,C,E,C,172.25,44.0
1379,G,C,2,C,"(0, 4, 7)",I,C,E,C,172.375,44.0
1380,G,C,3,C,"(0, 4, 7)",I,C,E,C,172.5,44.0
1381,G,C,3,C,"(0, 4, 7)",I,C,E,C,172.625,44.0
1382,G,C,3,C,"(0, 4, 7)",I,C,E,C,172.75,44.0
1383,G,C,3,C,"(0, 4, 7)",I,C,E,C,172.875,44.0
1384,G,C,4,C,"(0, 4, 7)",I,C,E,C,173.0,44.0
1385,G,C,4,C,"(0, 4, 7)",I,C,E,C,173.125,44.0
1386,G,C,4,C,"(0, 4, 7)",I,C,E,C,173.25,44.0
1387,G,C,4,C,"(0, 4, 7)",I,C,E,C,173.375,44.0
1388,G,C,4,C,"(0, 4, 7)",I,C,E,C,173.5,44.0
1389,G,C,4,C,"(0, 4, 7)",I,C,E,C,173.625,44.0
1390,G,C,4,C,"(0, 4, 7)",I,C,E,C,173.75,44.0
1391,G,C,4,C,"(0, 4, 7)",I,C,E,C,173.875,44.0
1392,C,F,0,C,"(0, 5, 9)",IV,F,A,C,174.0,44.0
1393,C,F,1,C,"(0, 5, 9)",IV,F,A,C,174.125,44.0
1394,C,F,2,C,"(0, 5, 9)",IV,F,A,C,174.25,44.0
1395,C,F,2,C,"(0, 5, 9)",IV,F,A,C,174.375,44.0
1396,C,F,3,C,"(0, 5, 9)",IV,F,A,C,174.5,44.0
1397,C,F,3,C,"(0, 5, 9)",IV,F,A,C,174.625,44.0
1398,C,F,3,C,"(0, 5, 9)",IV,F,A,C,174.75,44.0
1399,C,F,3,C,"(0, 5, 9)",IV,F,A,C,174.875,44.0
1400,C,F,4,C,"(0, 5, 9)",IV,F,A,C,175.0,44.0
1401,C,F,4,C,"(0, 5, 9)",IV,F,A,C,175.125,44.0
1402,C,F,4,C,"(0, 5, 9)",IV,F,A,C,175.25,44.0
1403,C,F,4,C,"(0, 5, 9)",IV,F,A,C,175.375,44.0
1404,C,F,4,C,"(0, 5, 9)",IV,F,A,C,175.5,44.0
1405,C,F,4,C,"(0, 5, 9)",IV,F,A,C,175.625,44.0
1406,C,F,4,C,"(0, 5, 9)",IV,F,A,C,175.75,44.0
1407,C,F,4,C,"(0, 5, 9)",IV,F,A,C,175.875,44.0
1408,F,B,0,C,"(2, 5, 9, 11)",viio,B,D,C,176.0,45.0
1409,F,B,1,C,"(2, 5, 9, 11)",V7,B,D,C,176.125,45.0
1410,F,B,2,C,"(2, 5, 9, 11)",V7,B,D,C,176.25,45.0
1411,F,B,2,C,"(2, 5, 9, 11)",V7,B,D,C,176.375,45.0
1412,F,B,3,C,"(2, 5, 9, 11)",V7,B,D,C,176.5,45.0
1413,F,B,3,C,"(2, 5, 9, 11)",V7,B,D,C,176.625,45.0
1414,F,B,3,C,"(2, 5, 9, 11)",V7,B,D,C,176.75,45.0
1415,F,B,3,C,"(2, 5, 9, 11)",V7,B,D,C,176.875,45.0
1416,F,B,4,C,"(2, 5, 9, 11)",V7,B,D,C,177.0,45.0
1417,F,B,4,C,"(2, 5, 9, 11)",V7,B,D,C,177.125,45.0
1418,F,B,4,C,"(2, 5, 9, 11)",V7,B,D,C,177.25,45.0
1419,F,B,4,C,"(2, 5, 9, 11)",V7,B,D,C,177.375,45.0
1420,F,B,4,C,"(2, 5, 9, 11)",V7,B,D,C,177.5,45.0
1421,F,B,4,C,"(2, 5, 9, 11)",V7,B,D,C,177.625,45.0
1422,F,B,4,C,"(2, 5, 9, 11)",V7,B,D,C,177.75,45.0
1423,F,B,4,C,"(2, 5, 9, 11)",V7,B,D,C,177.875,45.0
1424,F,B,5,C,"(2, 5, 9, 11)",V7,B,D,C,178.0,45.0
1425,F,B,5,C,"(2, 5, 9, 11)",viiø7,B,D,C,178.125,45.0
1426,F,B,5,C,"(2, 5, 9, 11)",viiø7,B,D,C,178.25,45.0
1427,F,B,5,C,"(2, 5, 9, 11)",viiø7,B,D,C,178.375,45.0
1428,F,B,5,C,"(2, 5, 9, 11)",viiø7,B,D,C,178.5,45.0
1429,F,B,5,C,"(2, 5, 9, 11)",viiø7,B,D,C,178.625,45.0
1430,F,B,5,C,"(2, 5, 9, 11)",viiø7,B,D,C,178.75,45.0
1431,F,B,5,C,"(2, 5, 9, 11)",viiø7,B,D,C,178.875,45.0
1432,F,B,5,C,"(2, 5, 9, 11)",viio,B,D,C,179.0,45.0
1433,F,B,5,C,"(2, 5, 9, 11)",V7,B,D,C,179.125,45.0
1434,F,B,5,C,"(2, 5, 9, 11)",V7,B,D,C,179.25,45.0
1435,F,B,5,C,"(2, 5, 9, 11)",V7,B,D,C,179.375,45.0
1436,F,B,5,C,"(2, 5, 9, 11)",viio,B,D,C,179.5,45.0
1437,F,B,5,C,"(2, 5, 9, 11)",viio,B,D,C,179.625,45.0
1438,F,B,5,C,"(2, 5, 9, 11)",V7,B,D,C,179.75,45.0
1439,F,B,5,C,"(2, 5, 9, 11)",viio,B,D,C,179.875,45.0
1440,F#,B,0,C,"(3, 6, 9, 11)",V7,A,D#,e,180.0,46.0
1441,F#,B,1,C,"(3, 6, 9, 11)",V7,A,D#,e,180.125,46.0
1442,F#,B,2,C,"(3, 6, 9, 11)",V7,A,D#,e,180.25,46.0
1443,F#,B,2,C,"(3, 6, 9, 11)",V7,A,D#,e,180.375,46.0
1444,F#,B,3,C,"(3, 6, 9, 11)",V7,A,D#,e,180.5,46.0
1445,F#,B,3,C,"(3, 6, 9, 11)",V7,A,D#,e,180.625,46.0
1446,F#,B,3,C,"(3, 6, 9, 11)",V7,A,D#,e,180.75,46.0
1447,F#,B,3,C,"(3, 6, 9, 11)",V7,A,D#,e,180.875,46.0
1448,F#,B,4,e,"(3, 6, 9, 11)",V7,A,D#,e,181.0,46.0
1449,F#,B,4,e,"(3, 6, 9, 11)",V7,A,D#,e,181.125,46.0
1450,F#,B,4,e,"(3, 6, 9, 11)",V7,A,D#,e,181.25,46.0
1451,F#,B,4,e,"(3, 6, 9, 11)",V7,A,D#,e,181.375,46.0
1452,F#,B,4,e,"(3, 6, 9, 11)",V7,A,D#,e,181.5,46.0
1453,F#,B,4,e,"(3, 6, 9, 11)",V7,A,D#,e,181.625,46.0
1454,F#,B,4,e,"(3, 6, 9, 11)",V7,A,D#,e,181.75,46.0
1455,F#,B,4,e,"(3, 6, 9, 11)",V7,A,D#,e,181.875,46.0
1456,F#,B,5,e,"(3, 6, 9, 11)",V7,A,D#,e,182.0,46.0
1457,F#,B,5,e,"(3, 6, 9, 11)",V7,A,D#,e,182.125,46.0
1458,F#,B,5,e,"(3, 6, 9, 11)",V7,A,D#,e,182.25,46.0
1459,F#,B,5,e,"(3, 6, 9, 11)",V7,A,D#,e,182.375,46.0
1460,F#,B,5,e,"(3, 6, 9, 11)",V7,A,D#,e,182.5,46.0
1461,F#,B,5,e,"(3, 6, 9, 11)",V7,A,D#,e,182.625,46.0
1462,F#,B,5,e,"(3, 6, 9, 11)",V7,A,D#,e,182.75,46.0
1463,F#,B,5,e,"(3, 6, 9, 11)",V7,A,D#,e,182.875,46.0
1464,F#,B,5,e,"(3, 6, 9, 11)",V7,A,D#,e,183.0,46.0
1465,F#,B,5,e,"(3, 6, 9, 11)",V7,A,D#,e,183.125,46.0
1466,F#,B,5,e,"(3, 6, 9, 11)",V7,A,D#,e,183.25,46.0
1467,F#,B,5,e,"(3, 6, 9, 11)",V7,A,D#,e,183.375,46.0
1468,F#,B,5,e,"(3, 6, 9, 11)",V7,A,D#,e,183.5,46.0
1469,F#,B,5,e,"(3, 6, 9, 11)",V7,A,D#,e,183.625,46.0
1470,F#,B,5,e,"(3, 6, 9, 11)",V7,A,D#,e,183.75,46.0
1471,F#,B,5,e,"(3, 6, 9, 11)",V7,A,D#,e,183.875,46.0
1472,B,E,0,E,"(4, 8, 11)",I,E,G#,a,184.0,47.0
1473,B,E,1,E,"(4, 8, 11)",I,E,G#,a,184.125,47.0
1474,B,E,2,E,"(4, 8, 11)",I,E,G#,a,184.25,47.0
1475,B,E,2,E,"(4, 8, 11)",I,E,G#,a,184.375,47.0
1476,B,E,3,E,"(4, 8, 11)",I,E,G#,a,184.5,47.0
1477,B,E,3,E,"(4, 8, 11)",I,E,G#,a,184.625,47.0
1478,B,E,3,E,"(4, 8, 11)",I,E,G#,a,184.75,47.0
1479,B,E,3,E,"(4, 8, 11)",I,E,G#,a,184.875,47.0
1480,B,E,4,E,"(4, 8, 11)",I,E,G#,E,185.0,47.0
1481,B,E,4,E,"(4, 8, 11)",I,E,G#,E,185.125,47.0
1482,B,E,4,E,"(4, 8, 11)",I,E,G#,E,185.25,47.0
1483,B,E,4,E,"(4, 8, 11)",I,E,G#,E,185.375,47.0
1484,B,E,4,E,"(4, 8, 11)",I,E,G#,E,185.5,47.0
1485,B,E,4,E,"(4, 8, 11)",I,E,G#,E,185.625,47.0
1486,B,E,4,E,"(4, 8, 11)",I,E,G#,E,185.75,47.0
1487,B,E,4,E,"(4, 8, 11)",I,E,G#,E,185.875,47.0
1488,B,E,5,E,"(4, 8, 11)",I,E,G#,E,186.0,47.0
1489,B,E,5,E,"(4, 8, 11)",I,E,G#,E,186.125,47.0
1490,B,E,5,E,"(4, 8, 11)",I,E,G#,E,186.25,47.0
1491,B,E,5,E,"(4, 8, 11)",I,E,G#,E,186.375,47.0
1492,B,E,5,E,"(4, 8, 11)",I,E,G#,E,186.5,47.0
1493,B,E,5,E,"(4, 8, 11)",I,E,G#,E,186.625,47.0
1494,B,E,5,E,"(4, 8, 11)",I,E,G#,E,186.75,47.0
1495,B,E,5,E,"(4, 8, 11)",I,E,G#,E,186.875,47.0
1496,B,E,5,E,"(4, 8, 11)",I,E,G#,E,187.0,47.0
1497,B,E,5,E,"(4, 8, 11)",I,E,G#,E,187.125,47.0
1498,B,E,5,E,"(4, 8, 11)",I,E,G#,E,187.25,47.0
1499,B,E,5,E,"(4, 8, 11)",I,E,G#,E,187.375,47.0
1500,B,E,5,E,"(4, 8, 11)",I,E,G#,E,187.5,47.0
1501,B,E,5,E,"(4, 8, 11)",I,E,G#,E,187.625,47.0
1502,B,E,5,E,"(4, 8, 11)",I,E,G#,E,187.75,47.0
1503,B,E,5,E,"(4, 8, 11)",I,E,G#,E,187.875,47.0
1504,B,E,0,E,"(4, 8, 11)",I,E,G#,a,188.0,48.0
1505,B,E,1,E,"(4, 8, 11)",I,E,G#,a,188.125,48.0
1506,B,E,2,E,"(4, 8, 11)",I,E,G#,a,188.25,48.0
1507,B,E,2,E,"(4, 8, 11)",I,E,G#,a,188.375,48.0
1508,B,E,3,E,"(4, 8, 11)",I,E,G#,a,188.5,48.0
1509,B,E,3,E,"(4, 8, 11)",I,E,G#,a,188.625,48.0
1510,B,E,3,E,"(4, 8, 11)",I,E,G#,a,188.75,48.0
1511,B,E,3,E,"(4, 8, 11)",I,E,G#,a,188.875,48.0
1512,B,E,4,E,"(4, 8, 11)",I,E,G#,a,189.0,48.0
1513,B,E,4,E,"(4, 8, 11)",I,E,G#,a,189.125,48.0
1514,B,E,4,E,"(4, 8, 11)",I,E,G#,a,189.25,48.0
1515,B,E,4,E,"(4, 8, 11)",I,E,G#,a,189.375,48.0
1516,B,E,4,E,"(4, 8, 11)",I,E,G#,a,189.5,48.0
1517,B,E,4,E,"(4, 8, 11)",I,E,G#,a,189.625,48.0
1518,B,E,4,E,"(4, 8, 11)",I,E,G#,a,189.75,48.0
1519,B,E,4,E,"(4, 8, 11)",I,E,G#,a,189.875,48.0
1520,B,E,5,E,"(4, 8, 11)",I,E,G#,a,190.0,48.0
1521,B,E,5,E,"(4, 8, 11)",I,E,G#,a,190.125,48.0
1522,B,E,5,E,"(4, 8, 11)",I,E,G#,a,190.25,48.0
1523,B,E,5,E,"(4, 8, 11)",I,E,G#,a,190.375,48.0
1524,B,E,5,E,"(4, 8, 11)",I,E,G#,a,190.5,48.0
1525,B,E,5,E,"(4, 8, 11)",I,E,G#,a,190.625,48.0
1526,B,E,5,E,"(4, 8, 11)",I,E,G#,a,190.75,48.0
1527,B,E,5,E,"(4, 8, 11)",I,E,G#,a,190.875,48.0
1528,B,D,0,C,"(2, 5, 7, 11)",V7,B,G,C,191.0,48.0
1529,B,D,1,C,"(2, 5, 7, 11)",V7,B,F,C,191.125,48.0
1530,B,D,2,C,"(2, 5, 7, 11)",V7,B,G,C,191.25,48.0
1531,B,D,2,C,"(2, 5, 7, 11)",V7,B,G,C,191.375,48.0
1532,B,D,3,C,"(2, 5, 7, 11)",V7,B,G,C,191.5,48.0
1533,B,D,3,C,"(2, 5, 7, 11)",V7,B,G,C,191.625,48.0
1534,B,D,3,C,"(2, 5, 7, 11)",V7,B,G,C,191.75,48.0
1535,B,D,3,C,"(2, 5, 7, 11)",V7,B,G,C,191.875,48.0
1536,G,C,0,C,"(0, 4, 7)",I,C,E,C,192.0,49.0
1537,G,C,1,C,"(0, 4, 7)",I,C,E,C,192.125,49.0
1538,G,C,2,C,"(0, 4, 7)",I,C,E,C,192.25,49.0
1539,G,C,2,C,"(0, 4, 7)",I,C,E,C,192.375,49.0
1540,G,C,3,C,"(0, 4, 7)",I,C,E,C,192.5,49.0
1541,G,C,3,C,"(0, 4, 7)",I,C,E,C,192.625,49.0
1542,G,C,3,C,"(0, 4, 7)",I,C,E,C,192.75,49.0
1543,G,C,3,C,"(0, 4, 7)",I,C,E,C,192.875,49.0
1544,G,C,4,C,"(0, 4, 7)",I,C,E,C,193.0,49.0
1545,G,C,4,C,"(0, 4, 7)",I,C,E,C,193.125,49.0
1546,G,C,4,C,"(0, 4, 7)",I,C,E,C,193.25,49.0
1547,G,C,4,C,"(0, 4, 7)",I,C,E,C,193.375,49.0
1548,G,C,4,C,"(0, 4, 7)",I,C,E,C,193.5,49.0
1549,G,C,4,C,"(0, 4, 7)",I,C,E,C,193.625,49.0
1550,G,C,4,C,"(0, 4, 7)",I,C,E,C,193.75,49.0
1551,G,C,4,C,"(0, 4, 7)",I,C,E,C,193.875,49.0
1552,G,C,5,C,"(0, 4, 7)",I,C,E,C,194.0,49.0
1553,G,C,5,C,"(0, 4, 7)",I,C,E,C,194.125,49.0
1554,G,C,5,C,"(0, 4, 7)",I,C,E,C,194.25,49.0
1555,G,C,5,C,"(0, 4, 7)",I,C,E,C,194.375,49.0
1556,G,C,5,C,"(0, 4, 7)",I,C,E,C,194.5,49.0
1557,G,C,5,C,"(0, 4, 7)",I,C,E,C,194.625,49.0
1558,G,C,5,C,"(0, 4, 7)",I,C,E,C,194.75,49.0
1559,G,C,5,C,"(0, 4, 7)",I,C,E,C,194.875,49.0
1560,G,C,5,C,"(0, 4, 7)",I,C,E,C,195.0,49.0
1561,G,C,5,C,"(0, 4, 7)",I,C,E,C,195.125,49.0
1562,G,C,5,C,"(0, 4, 7)",I,C,E,C,195.25,49.0
1563,G,C,5,C,"(0, 4, 7)",I,C,E,C,195.375,49.0
1564,G,C,5,C,"(0, 4, 7)",I,C,E,C,195.5,49.0
1565,G,C,5,C,"(0, 4, 7)",I,C,E,C,195.625,49.0
1566,G,C,5,C,"(0, 4, 7)",I,C,E,C,195.75,49.0
1567,G,C,5,C,"(0, 4, 7)",I,C,E,C,195.875,49.0
1568,G,C,0,C,"(0, 4, 7)",I,C,E,C,196.0,50.0
1569,G,C,1,C,"(0, 4, 7)",I,C,E,C,196.125,50.0
1570,G,C,2,C,"(0, 4, 7)",I,C,E,C,196.25,50.0
1571,G,C,2,C,"(0, 4, 7)",I,C,E,C,196.375,50.0
1572,G,C,3,C,"(0, 4, 7)",I,C,E,C,196.5,50.0
1573,G,C,3,C,"(0, 4, 7)",I,C,E,C,196.625,50.0
1574,G,C,3,C,"(0, 4, 7)",I,C,E,C,196.75,50.0
1575,G,C,3,C,"(0, 4, 7)",I,C,E,C,196.875,50.0
1576,G,C,4,C,"(0, 4, 7)",I,C,E,C,197.0,50.0
1577,G,C,4,C,"(0, 4, 7)",I,C,E,C,197.125,50.0
1578,G,C,4,C,"(0, 4, 7)",I,C,E,C,197.25,50.0
1579,G,C,4,C,"(0, 4, 7)",I,C,E,C,197.375,50.0
1580,G,C,4,C,"(0, 4, 7)",I,C,E,C,197.5,50.0
1581,G,C,4,C,"(0, 4, 7)",I,C,E,C,197.625,50.0
1582,G,C,4,C,"(0, 4, 7)",I,C,E,C,197.75,50.0
1583,G,C,4,C,"(0, 4, 7)",I,C,E,C,197.875,50.0
1584,G,C,5,C,"(0, 4, 7)",I,C,E,C,198.0,50.0
1585,G,C,5,C,"(0, 4, 7)",I,C,E,C,198.125,50.0
1586,G,C,5,C,"(0, 4, 7)",I,C,E,C,198.25,50.0
1587,G,C,5,C,"(0, 4, 7)",I,C,E,C,198.375,50.0
1588,G,C,5,C,"(0, 4, 7)",I,C,E,C,198.5,50.0
1589,G,C,5,C,"(0, 4, 7)",I,C,E,C,198.625,50.0
1590,G,C,5,C,"(0, 4, 7)",I,C,E,C,198.75,50.0
1591,G,C,5,C,"(0, 4, 7)",I,C,E,C,198.875,50.0
1592,G,C,5,C,"(0, 4, 7)",I,C,E,C,199.0,50.0
1593,G,C,5,C,"(0, 4, 7)",I,C,E,C,199.125,50.0
1594,G,C,5,C,"(0, 4, 7)",I,C,E,C,199.25,50.0
1595,G,C,5,C,"(0, 4, 7)",I,C,E,C,199.375,50.0
1596,G,C,5,C,"(0, 4, 7)",I,C,E,C,199.5,50.0
1597,G,C,5,C,"(0, 4, 7)",I,C,E,C,199.625,50.0
1598,G,C,5,C,"(0, 4, 7)",I,C,E,C,199.75,50.0
1599,G,C,5,C,"(0, 4, 7)",I,C,E,C,199.875,50.0
1600,C,F,0,C,"(0, 5, 9)",IV,F,A,C,200.0,51.0
1601,C,F,1,C,"(0, 5, 9)",IV,F,A,C,200.125,51.0
1602,C,F,2,C,"(0, 5, 9)",IV,F,A,C,200.25,51.0
1603,C,F,2,C,"(0, 5, 9)",IV,F,A,C,200.375,51.0
1604,C,F,3,C,"(0, 5, 9)",IV,F,A,C,200.5,51.0
1605,C,F,3,C,"(0, 5, 9)",IV,F,A,C,200.625,51.0
1606,C,F,3,C,"(0, 5, 9)",IV,F,A,C,200.75,51.0
1607,C,F,3,C,"(0, 5, 9)",IV,F,A,C,200.875,51.0
1608,C,F,4,C,"(0, 5, 9)",IV,F,A,C,201.0,51.0
1609,C,F,4,C,"(0, 5, 9)",IV,F,A,C,201.125,51.0
1610,C,F,4,C,"(0, 5, 9)",IV,F,A,C,201.25,51.0
1611,C,F,4,C,"(0, 5, 9)",IV,F,A,C,201.375,51.0
1612,C,F,4,C,"(0, 5, 9)",IV,F,A,C,201.5,51.0
1613,C,F,4,C,"(0, 5, 9)",IV,F,A,C,201.625,51.0
1614,C,F,4,C,"(0, 5, 9)",IV,F,A,C,201.75,51.0
1615,C,F,4,C,"(0, 5, 9)",IV,F,A,C,201.875,51.0
1616,C,F,5,C,"(0, 5, 9)",IV,F,A,C,202.0,51.0
1617,C,F,5,C,"(0, 5, 9)",IV,F,A,C,202.125,51.0
1618,C,F,5,C,"(0, 5, 9)",IV,F,A,C,202.25,51.0
1619,C,F,5,C,"(0, 5, 9)",IV,F,A,C,202.375,51.0
1620,C,F,5,C,"(0, 5, 9)",IV,F,A,C,202.5,51.0
1621,C,F,5,C,"(0, 5, 9)",IV,F,A,C,202.625,51.0
1622,C,F,5,C,"(0, 5, 9)",IV,F,A,C,202.75,51.0
1623,C,F,5,C,"(0, 5, 9)",IV,F,A,C,202.875,51.0
1624,C,F,5,C,"(0, 5, 9)",IV,F,A,C,203.0,51.0
1625,C,F,5,C,"(0, 5, 9)",IV,F,A,C,203.125,51.0
1626,C,F,5,C,"(0, 5, 9)",IV,F,A,C,203.25,51.0
1627,C,F,5,C,"(0, 5, 9)",IV,F,A,C,203.375,51.0
1628,C,F,5,C,"(0, 5, 9)",IV,F,A,C,203.5,51.0
1629,C,F,5,C,"(0, 5, 9)",IV,F,A,C,203.625,51.0
1630,C,F,5,C,"(0, 5, 9)",IV,F,A,C,203.75,51.0
1631,C,F,5,C,"(0, 5, 9)",IV,F,A,C,203.875,51.0
1632,C,F#,0,C,"(0, 4, 6, 9)",V7,F#,A,G,204.0,52.0
1633,C,F#,1,C,"(0, 4, 6, 9)",V7,F#,A,G,204.125,52.0
1634,C,F#,2,C,"(0, 4, 6, 9)",V7,F#,A,G,204.25,52.0
1635,C,F#,2,C,"(0, 4, 6, 9)",V7,F#,A,G,204.375,52.0
1636,C,F#,3,C,"(0, 4, 6, 9)",V7,F#,A,G,204.5,52.0
1637,C,F#,3,C,"(0, 4, 6, 9)",V7,F#,A,G,204.625,52.0
1638,C,F#,3,C,"(0, 4, 6, 9)",V7,F#,A,G,204.75,52.0
1639,C,F#,3,C,"(0, 4, 6, 9)",V7,F#,A,G,204.875,52.0
1640,C,F#,4,C,"(0, 4, 6, 9)",V7,F#,A,G,205.0,52.0
1641,C,F#,4,C,"(0, 4, 6, 9)",V7,F#,A,G,205.125,52.0
1642,C,F#,4,C,"(0, 4, 6, 9)",V7,F#,A,G,205.25,52.0
1643,C,F#,4,C,"(0, 4, 6, 9)",V7,F#,A,G,205.375,52.0
1644,C,F#,4,C,"(0, 4, 6, 9)",V7,F#,A,G,205.5,52.0
1645,C,F#,4,C,"(0, 4, 6, 9)",V7,F#,A,G,205.625,52.0
1646,C,F#,4,C,"(0, 4, 6, 9)",V7,F#,A,G,205.75,52.0
1647,C,F#,4,C,"(0, 4, 6, 9)",V7,F#,A,G,205.875,52.0
1648,C,F#,5,C,"(0, 4, 6, 9)",V7,D,A,G,206.0,52.0
1649,C,F#,5,C,"(0, 4, 6, 9)",V7,D,A,G,206.125,52.0
1650,C,F#,5,C,"(0, 4, 6, 9)",V7,D,A,G,206.25,52.0
1651,C,F#,5,C,"(0, 4, 6, 9)",V7,D,A,G,206.375,52.0
1652,C,F#,5,C,"(0, 4, 6, 9)",V7,D,A,G,206.5,52.0
1653,C,F#,5,C,"(0, 4, 6, 9)",V7,D,A,G,206.625,52.0
1654,C,F#,5,C,"(0, 4, 6, 9)",V7,D,A,G,206.75,52.0
1655,C,F#,5,C,"(0, 4, 6, 9)",V7,D,A,G,206.875,52.0
1656,C,F#,5,C,"(0, 4, 6, 9)",V7,D,A,G,207.0,52.0
1657,C,F#,5,C,"(0, 4, 6, 9)",V7,D,A,G,207.125,52.0
1658,C,F#,5,C,"(0, 4, 6, 9)",V7,D,A,G,207.25,52.0
1659,C,F#,5,C,"(0, 4, 6, 9)",V7,D,A,G,207.375,52.0
1660,C,F#,5,C,"(0, 4, 6, 9)",V7,D,A,G,207.5,52.0
1661,C,F#,5,C,"(0, 4, 6, 9)",V7,D,A,G,207.625,52.0
1662,C,F#,5,C,"(0, 4, 6, 9)",V7,D,A,G,207.75,52.0
1663,C,F#,5,C,"(0, 4, 6, 9)",V7,D,A,G,207.875,52.0
1664,D,G,0,G,"(2, 7, 11)",I,G,B,G,208.0,53.0
1665,D,G,1,G,"(2, 7, 11)",I,G,B,G,208.125,53.0
1666,D,G,2,G,"(2, 7, 11)",I,G,B,G,208.25,53.0
1667,D,G,2,G,"(2, 7, 11)",I,G,B,G,208.375,53.0
1668,D,G,3,G,"(2, 7, 11)",I,G,B,G,208.5,53.0
1669,D,G,3,G,"(2, 7, 11)",I,G,B,G,208.625,53.0
1670,D,G,3,G,"(2, 7, 11)",I,G,B,G,208.75,53.0
1671,D,G,3,G,"(2, 7, 11)",I,G,B,G,208.875,53.0
1672,D,G,4,G,"(2, 7, 11)",I,G,B,G,209.0,53.0
1673,D,G,4,G,"(2, 7, 11)",I,G,B,G,209.125,53.0
1674,D,G,4,G,"(2, 7, 11)",I,G,B,G,209.25,53.0
1675,D,G,4,G,"(2, 7, 11)",I,G,B,G,209.375,53.0
1676,D,G,4,G,"(2, 7, 11)",I,G,B,G,209.5,53.0
1677,D,G,4,G,"(2, 7, 11)",I,G,B,G,209.625,53.0
1678,D,G,4,G,"(2, 7, 11)",I,G,B,G,209.75,53.0
1679,D,G,4,G,"(2, 7, 11)",I,G,B,G,209.875,53.0
1680,D,F#,0,G,"(2, 6, 9)",V,D,A,G,210.0,53.0
1681,D,F#,1,G,"(2, 6, 9)",V,D,A,G,210.125,53.0
1682,D,F#,2,G,"(2, 6, 9)",V,D,A,G,210.25,53.0
1683,D,F#,2,G,"(2, 6, 9)",V,D,A,G,210.375,53.0
1684,D,F#,3,G,"(2, 6, 9)",V,D,A,G,210.5,53.0
1685,D,F#,3,G,"(2, 6, 9)",V,D,A,G,210.625,53.0
1686,D,F#,3,G,"(2, 6, 9)",V,D,A,G,210.75,53.0
1687,D,F#,3,G,"(2, 6, 9)",V,D,A,G,210.875,53.0
1688,B,E,0,C,"(2, 4, 7, 11)",vi7,D,G,G,211.0,53.0
1689,B,E,1,C,"(2, 4, 7, 11)",vi7,D,G,G,211.125,53.0
1690,B,E,2,C,"(2, 4, 7, 11)",vi7,D,G,G,211.25,53.0
1691,B,E,2,C,"(2, 4, 7, 11)",vi7,D,G,G,211.375,53.0
1692,B,E,3,C,"(2, 4, 7, 11)",vi7,D,G,G,211.5,53.0
1693,B,E,3,C,"(2, 4, 7, 11)",vi7,D,G,G,211.625,53.0
1694,B,E,3,C,"(2, 4, 7, 11)",vi7,D,G,G,211.75,53.0
1695,B,E,3,C,"(2, 4, 7, 11)",vi7,D,G,G,211.875,53.0
1696,A,D,0,C,"(0, 2, 6, 9)",V7,C,F#,G,212.0,54.0
1697,A,D,1,C,"(0, 2, 6, 9)",V7,C,F#,G,212.125,54.0
1698,A,D,2,C,"(0, 2, 6, 9)",V7,C,F#,G,212.25,54.0
1699,A,D,2,C,"(0, 2, 6, 9)",V7,C,F#,G,212.375,54.0
1700,A,D,3,C,"(0, 2, 6, 9)",V7,C,F#,G,212.5,54.0
1701,A,D,3,C,"(0, 2, 6, 9)",V7,C,F#,G,212.625,54.0
1702,A,D,3,C,"(0, 2, 6, 9)",V7,C,F#,G,212.75,54.0
1703,A,D,3,C,"(0, 2, 6, 9)",V7,C,F#,G,212.875,54.0
1704,A,D,4,C,"(0, 2, 6, 9)",V7,C,F#,G,213.0,54.0
1705,A,D,4,C,"(0, 2, 6, 9)",V7,C,F#,G,213.125,54.0
1706,A,D,4,C,"(0, 2, 6, 9)",V7,C,F#,G,213.25,54.0
1707,A,D,4,C,"(0, 2, 6, 9)",V7,C,F#,G,213.375,54.0
1708,A,D,4,C,"(0, 2, 6, 9)",V7,C,F#,G,213.5,54.0
1709,A,D,4,C,"(0, 2, 6, 9)",V7,C,F#,G,213.625,54.0
1710,A,D,4,C,"(0, 2, 6, 9)",V7,C,F#,G,213.75,54.0
1711,A,D,4,C,"(0, 2, 6, 9)",V7,C,F#,G,213.875,54.0
1712,A,D,5,C,"(0, 2, 6, 9)",V7,C,F#,G,214.0,54.0
1713,A,D,5,C,"(0, 2, 6, 9)",V7,C,F#,G,214.125,54.0
1714,A,D,5,C,"(0, 2, 6, 9)",V7,C,F#,G,214.25,54.0
1715,A,D,5,C,"(0, 2, 6, 9)",V7,C,F#,G,214.375,54.0
1716,A,D,5,C,"(0, 2, 6, 9)",V7,C,F#,G,214.5,54.0
1717,A,D,5,C,"(0, 2, 6, 9)",V7,C,F#,G,214.625,54.0
1718,A,D,5,C,"(0, 2, 6, 9)",V7,C,F#,G,214.75,54.0
1719,A,D,5,C,"(0, 2, 6, 9)",V7,C,F#,G,214.875,54.0
1720,A,D,5,C,"(0, 2, 6, 9)",V7,C,F#,G,215.0,54.0
1721,A,D,5,C,"(0, 2, 6, 9)",V7,C,F#,G,215.125,54.0
1722,A,D,5,C,"(0, 2, 6, 9)",V7,C,F#,G,215.25,54.0
1723,A,D,5,C,"(0, 2, 6, 9)",V7,C,F#,G,215.375,54.0
1724,A,D,5,C,"(0, 2, 6, 9)",V7,C,F#,G,215.5,54.0
1725,A,D,5,C,"(0, 2, 6, 9)",V7,C,F#,G,215.625,54.0
1726,A,D,5,C,"(0, 2, 6, 9)",V7,C,F#,G,215.75,54.0
1727,A,D,5,C,"(0, 2, 6, 9)",V7,C,F#,G,215.875,54.0
1728,D,G,0,C,"(2, 5, 7, 11)",V7,F,B,C,216.0,55.0
1729,D,G,1,C,"(2, 5, 7, 11)",I,F,B,C,216.125,55.0
1730,D,G,2,C,"(2, 5, 7, 11)",I,F,B,C,216.25,55.0
1731,D,G,2,C,"(2, 5, 7, 11)",I,F,B,C,216.375,55.0
1732,D,G,3,C,"(2, 5, 7, 11)",I,F,B,C,216.5,55.0
1733,D,G,3,C,"(2, 5, 7, 11)",I,F,B,C,216.625,55.0
1734,D,G,3,C,"(2, 5, 7, 11)",I,F,B,C,216.75,55.0
1735,D,G,3,C,"(2, 5, 7, 11)",I,F,B,C,216.875,55.0
1736,D,G,4,C,"(2, 5, 7, 11)",I,F,B,C,217.0,55.0
1737,D,G,4,C,"(2, 5, 7, 11)",I,F,B,C,217.125,55.0
1738,D,G,4,C,"(2, 5, 7, 11)",I,F,B,C,217.25,55.0
1739,D,G,4,C,"(2, 5, 7, 11)",I,F,B,C,217.375,55.0
1740,D,G,4,C,"(2, 5, 7, 11)",I,F,B,C,217.5,55.0
1741,D,G,4,C,"(2, 5, 7, 11)",I,F,B,C,217.625,55.0
1742,D,G,4,C,"(2, 5, 7, 11)",I,F,B,C,217.75,55.0
1743,D,G,4,C,"(2, 5, 7, 11)",I,F,B,C,217.875,55.0
1744,D,G,5,C,"(2, 5, 7, 11)",V7,F,B,C,218.0,55.0
1745,D,G,5,C,"(2, 5, 7, 11)",V7,F,B,C,218.125,55.0
1746,D,G,5,C,"(2, 5, 7, 11)",V7,F,B,C,218.25,55.0
1747,D,G,5,C,"(2, 5, 7, 11)",V7,F,B,C,218.375,55.0
1748,D,G,5,C,"(2, 5, 7, 11)",V7,F,B,C,218.5,55.0
1749,D,G,5,C,"(2, 5, 7, 11)",V7,F,B,C,218.625,55.0
1750,D,G,5,C,"(2, 5, 7, 11)",V7,F,B,C,218.75,55.0
1751,D,G,5,C,"(2, 5, 7, 11)",V7,F,B,C,218.875,55.0
1752,D,G,5,C,"(2, 5, 7, 11)",V7,F,B,C,219.0,55.0
1753,D,G,5,C,"(2, 5, 7, 11)",V7,F,B,C,219.125,55.0
1754,D,G,5,C,"(2, 5, 7, 11)",V7,F,B,C,219.25,55.0
1755,D,G,5,C,"(2, 5, 7, 11)",V7,F,B,C,219.375,55.0
1756,D,G,5,C,"(2, 5, 7, 11)",V7,F,B,C,219.5,55.0
1757,D,G,5,C,"(2, 5, 7, 11)",V7,F,B,C,219.625,55.0
1758,D,G,5,C,"(2, 5, 7, 11)",V7,F,B,C,219.75,55.0
1759,D,G,5,C,"(2, 5, 7, 11)",V7,F,B,C,219.875,55.0
1760,D,G,0,C,"(2, 5, 7, 11)",V7,F,B,C,220.0,56.0
1761,D,G,1,C,"(2, 5, 7, 11)",V7,F,B,C,220.125,56.0
1762,D,G,2,C,"(2, 5, 7, 11)",V7,F,B,C,220.25,56.0
1763,D,G,2,C,"(2, 5, 7, 11)",V7,F,B,C,220.375,56.0
1764,D,G,3,C,"(2, 5, 7, 11)",V7,F,B,C,220.5,56.0
1765,D,G,3,C,"(2, 5, 7, 11)",V7,F,B,C,220.625,56.0
1766,D,G,3,C,"(2, 5, 7, 11)",V7,F,B,C,220.75,56.0
1767,D,G,3,C,"(2, 5, 7, 11)",V7,F,B,C,220.875,56.0
1768,D,G,4,C,"(2, 5, 7, 11)",V7,F,B,C,221.0,56.0
1769,D,G,4,C,"(2, 5, 7, 11)",V7,F,B,C,221.125,56.0
1770,D,G,4,C,"(2, 5, 7, 11)",V7,F,B,C,221.25,56.0
1771,D,G,4,C,"(2, 5, 7, 11)",V7,F,B,C,221.375,56.0
1772,D,G,4,C,"(2, 5, 7, 11)",V7,F,B,C,221.5,56.0
1773,D,G,4,C,"(2, 5, 7, 11)",V7,F,B,C,221.625,56.0
1774,D,G,4,C,"(2, 5, 7, 11)",V7,F,B,C,221.75,56.0
1775,D,G,4,C,"(2, 5, 7, 11)",V7,F,B,C,221.875,56.0
1776,D,G,5,C,"(2, 5, 7, 11)",V7,F,B,C,222.0,56.0
1777,D,G,5,C,"(2, 5, 7, 11)",V7,F,B,C,222.125,56.0
1778,D,G,5,C,"(2, 5, 7, 11)",V7,F,B,C,222.25,56.0
1779,D,G,5,C,"(2, 5, 7, 11)",V7,F,B,C,222.375,56.0
1780,D,G,5,C,"(2, 5, 7, 11)",V7,F,B,C,222.5,56.0
1781,D,G,5,C,"(2, 5, 7, 11)",V7,F,B,C,222.625,56.0
1782,D,G,5,C,"(2, 5, 7, 11)",V7,F,B,C,222.75,56.0
1783,D,G,5,C,"(2, 5, 7, 11)",V7,F,B,C,222.875,56.0
1784,D,G,5,C,"(2, 5, 7, 11)",V7,F,B,C,223.0,56.0
1785,D,G,5,C,"(2, 5, 7, 11)",V7,F,B,C,223.125,56.0
1786,D,G,5,C,"(2, 5, 7, 11)",V7,F,B,C,223.25,56.0
1787,D,G,5,C,"(2, 5, 7, 11)",V7,F,B,C,223.375,56.0
1788,D,G,5,C,"(2, 5, 7, 11)",V7,F,B,C,223.5,56.0
1789,D,G,5,C,"(2, 5, 7, 11)",V7,F,B,C,223.625,56.0
1790,D,G,5,C,"(2, 5, 7, 11)",V7,F,B,C,223.75,56.0
1791,D,G,5,C,"(2, 5, 7, 11)",V7,F,B,C,223.875,56.0
1792,G,C,0,C,"(0, 4, 7)",I,C,E,C,224.0,57.0
1793,G,C,1,C,"(0, 4, 7)",I,C,E,C,224.125,57.0
1794,G,C,2,C,"(0, 4, 7)",I,C,E,C,224.25,57.0
1795,G,C,2,C,"(0, 4, 7)",I,C,E,C,224.375,57.0
1796,G,C,3,C,"(0, 4, 7)",I,C,E,C,224.5,57.0
1797,G,C,3,C,"(0, 4, 7)",I,C,E,C,224.625,57.0
1798,G,C,3,C,"(0, 4, 7)",I,C,E,C,224.75,57.0
1799,G,C,3,C,"(0, 4, 7)",I,C,E,C,224.875,57.0
1800,G,C,4,C,"(0, 4, 7)",I,C,E,C,225.0,57.0
1801,G,C,4,C,"(0, 4, 7)",I,C,E,C,225.125,57.0
1802,G,C,4,C,"(0, 4, 7)",I,C,E,C,225.25,57.0
1803,G,C,4,C,"(0, 4, 7)",I,C,E,C,225.375,57.0
1804,G,C,4,C,"(0, 4, 7)",I,C,E,C,225.5,57.0
1805,G,C,4,C,"(0, 4, 7)",I,C,E,C,225.625,57.0
1806,G,C,4,C,"(0, 4, 7)",I,C,E,C,225.75,57.0
1807,G,C,4,C,"(0, 4, 7)",I,C,E,C,225.875,57.0
1808,G,C,5,C,"(0, 4, 7)",I,C,E,C,226.0,57.0
1809,G,C,5,C,"(0, 4, 7)",I,C,E,C,226.125,57.0
1810,G,C,5,C,"(0, 4, 7)",I,C,E,C,226.25,57.0
1811,G,C,5,C,"(0, 4, 7)",I,C,E,C,226.375,57.0
1812,G,C,5,C,"(0, 4, 7)",I,C,E,C,226.5,57.0
1813,G,C,5,C,"(0, 4, 7)",I,C,E,C,226.625,57.0
1814,G,C,5,C,"(0, 4, 7)",I,C,E,C,226.75,57.0
1815,G,C,5,C,"(0, 4, 7)",I,C,E,C,226.875,57.0
1816,G,C,5,C,"(0, 4, 7)",I,C,E,C,227.0,57.0
1817,G,C,5,C,"(0, 4, 7)",I,C,E,C,227.125,57.0
1818,G,C,5,C,"(0, 4, 7)",I,C,E,C,227.25,57.0
1819,G,C,5,C,"(0, 4, 7)",I,C,E,C,227.375,57.0
1820,G,C,5,C,"(0, 4, 7)",I,C,E,C,227.5,57.0
1821,G,C,5,C,"(0, 4, 7)",I,C,E,C,227.625,57.0
1822,G,C,5,C,"(0, 4, 7)",I,C,E,C,227.75,57.0
1823,G,C,5,C,"(0, 4, 7)",I,C,E,C,227.875,57.0
1824,G,C,0,C,"(0, 4, 7)",I,C,E,C,228.0,58.0
1825,G,C,1,C,"(0, 4, 7)",I,C,E,C,228.125,58.0
1826,G,C,2,C,"(0, 4, 7)",I,C,E,C,228.25,58.0
1827,G,C,2,C,"(0, 4, 7)",I,C,E,C,228.375,58.0
1828,G,C,3,C,"(0, 4, 7)",I,C,E,C,228.5,58.0
1829,G,C,3,C,"(0, 4, 7)",I,C,E,C,228.625,58.0
1830,G,C,3,C,"(0, 4, 7)",I,C,E,C,228.75,58.0
1831,G,C,3,C,"(0, 4, 7)",I,C,E,C,228.875,58.0
1832,G,C,4,C,"(0, 4, 7)",I,C,E,C,229.0,58.0
1833,G,C,4,C,"(0, 4, 7)",I,C,E,C,229.125,58.0
1834,G,C,4,C,"(0, 4, 7)",I,C,E,C,229.25,58.0
1835,G,C,4,C,"(0, 4, 7)",I,C,E,C,229.375,58.0
1836,G,C,4,C,"(0, 4, 7)",I,C,E,C,229.5,58.0
1837,G,C,4,C,"(0, 4, 7)",I,C,E,C,229.625,58.0
1838,G,C,4,C,"(0, 4, 7)",I,C,E,C,229.75,58.0
1839,G,C,4,C,"(0, 4, 7)",I,C,E,C,229.875,58.0
1840,G,C,5,C,"(0, 4, 7)",I,C,E,C,230.0,58.0
1841,G,C,5,C,"(0, 4, 7)",I,C,E,C,230.125,58.0
1842,G,C,5,C,"(0, 4, 7)",I,C,E,C,230.25,58.0
1843,G,C,5,C,"(0, 4, 7)",I,C,E,C,230.375,58.0
1844,G,C,5,C,"(0, 4, 7)",I,C,E,C,230.5,58.0
1845,G,C,5,C,"(0, 4, 7)",I,C,E,C,230.625,58.0
1846,G,C,5,C,"(0, 4, 7)",I,C,E,C,230.75,58.0
1847,G,C,5,C,"(0, 4, 7)",I,C,E,C,230.875,58.0
1848,G,C,5,C,"(0, 4, 7)",I,C,E,C,231.0,58.0
1849,G,C,5,C,"(0, 4, 7)",I,C,E,C,231.125,58.0
1850,G,C,5,C,"(0, 4, 7)",I,C,E,C,231.25,58.0
1851,G,C,5,C,"(0, 4, 7)",I,C,E,C,231.375,58.0
1852,G,C,5,C,"(0, 4, 7)",I,C,E,C,231.5,58.0
1853,G,C,5,C,"(0, 4, 7)",I,C,E,C,231.625,58.0
1854,G,C,5,C,"(0, 4, 7)",I,C,E,C,231.75,58.0
1855,G,C,5,C,"(0, 4, 7)",I,C,E,C,231.875,58.0
1856,F,A,0,C,"(0, 5, 9)",IV,F,C,C,232.0,59.0
1857,F,A,1,C,"(0, 5, 9)",IV,F,C,C,232.125,59.0
1858,F,A,2,C,"(0, 5, 9)",IV,F,C,C,232.25,59.0
1859,F,A,2,C,"(0, 5, 9)",IV,F,C,C,232.375,59.0
1860,F,A,3,C,"(0, 5, 9)",IV,F,C,C,232.5,59.0
1861,F,A,3,C,"(0, 5, 9)",IV,F,C,C,232.625,59.0
1862,F,A,3,C,"(0, 5, 9)",IV,F,C,C,232.75,59.0
1863,F,A,3,C,"(0, 5, 9)",IV,F,C,C,232.875,59.0
1864,F,A,4,C,"(0, 5, 9)",IV,F,C,C,233.0,59.0
1865,F,A,4,C,"(0, 5, 9)",IV,F,C,C,233.125,59.0
1866,F,A,4,C,"(0, 5, 9)",IV,F,C,C,233.25,59.0
1867,F,A,4,C,"(0, 5, 9)",IV,F,C,C,233.375,59.0
1868,F,A,4,C,"(0, 5, 9)",IV,F,C,C,233.5,59.0
1869,F,A,4,C,"(0, 5, 9)",IV,F,C,C,233.625,59.0
1870,F,A,4,C,"(0, 5, 9)",IV,F,C,C,233.75,59.0
1871,F,A,4,C,"(0, 5, 9)",IV,F,C,C,233.875,59.0
1872,F,A,5,C,"(0, 5, 9)",IV,F,C,C,234.0,59.0
1873,F,A,5,C,"(0, 5, 9)",IV,F,C,C,234.125,59.0
1874,F,A,5,C,"(0, 5, 9)",IV,F,C,C,234.25,59.0
1875,F,A,5,C,"(0, 5, 9)",IV,F,C,C,234.375,59.0
1876,F,A,5,C,"(0, 5, 9)",IV,F,C,C,234.5,59.0
1877,F,A,5,C,"(0, 5, 9)",IV,F,C,C,234.625,59.0
1878,F,A,5,C,"(0, 5, 9)",IV,F,C,C,234.75,59.0
1879,F,A,5,C,"(0, 5, 9)",IV,F,C,C,234.875,59.0
1880,F,A,5,C,"(0, 5, 9)",IV,F,C,C,235.0,59.0
1881,F,A,5,C,"(0, 5, 9)",IV,F,C,C,235.125,59.0
1882,F,A,5,C,"(0, 5, 9)",IV,F,C,C,235.25,59.0
1883,F,A,5,C,"(0, 5, 9)",IV,F,C,C,235.375,59.0
1884,F,A,5,C,"(0, 5, 9)",IV,F,C,C,235.5,59.0
1885,F,A,5,C,"(0, 5, 9)",IV,F,C,C,235.625,59.0
1886,F,A,5,C,"(0, 5, 9)",IV,F,C,C,235.75,59.0
1887,F,A,5,C,"(0, 5, 9)",IV,F,C,C,235.875,59.0
1888,E,A,0,C,"(0, 4, 6, 9)",viio7,F#,C,e,236.0,60.0
1889,E,A,1,C,"(0, 4, 6, 9)",viio7,F#,C,e,236.125,60.0
1890,E,A,2,C,"(0, 4, 6, 9)",viio7,F#,C,e,236.25,60.0
1891,E,A,2,C,"(0, 4, 6, 9)",viio7,F#,C,e,236.375,60.0
1892,E,A,3,C,"(0, 4, 6, 9)",viio7,F#,C,e,236.5,60.0
1893,E,A,3,C,"(0, 4, 6, 9)",viio7,F#,C,e,236.625,60.0
1894,E,A,3,C,"(0, 4, 6, 9)",viio7,F#,C,e,236.75,60.0
1895,E,A,3,C,"(0, 4, 6, 9)",viio7,F#,C,e,236.875,60.0
1896,E,A,4,C,"(0, 4, 6, 9)",viio7,F#,C,e,237.0,60.0
1897,E,A,4,C,"(0, 4, 6, 9)",viio7,F#,C,e,237.125,60.0
1898,E,A,4,C,"(0, 4, 6, 9)",viio7,F#,C,e,237.25,60.0
1899,E,A,4,C,"(0, 4, 6, 9)",viio7,F#,C,e,237.375,60.0
1900,E,A,4,C,"(0, 4, 6, 9)",viio7,F#,C,e,237.5,60.0
1901,E,A,4,C,"(0, 4, 6, 9)",viio7,F#,C,e,237.625,60.0
1902,E,A,4,C,"(0, 4, 6, 9)",viio7,F#,C,e,237.75,60.0
1903,E,A,4,C,"(0, 4, 6, 9)",viio7,F#,C,e,237.875,60.0
1904,E-,A,5,C,"(0, 3, 6, 9)",viio7,F#,C,e,238.0,60.0
1905,E-,A,5,C,"(0, 3, 6, 9)",viio7,F#,C,e,238.125,60.0
1906,E-,A,5,C,"(0, 3, 6, 9)",viio7,F#,C,e,238.25,60.0
1907,E-,A,5,C,"(0, 3, 6, 9)",viio7,F#,C,e,238.375,60.0
1908,E-,A,5,C,"(0, 3, 6, 9)",viio7,F#,C,e,238.5,60.0
1909,E-,A,5,C,"(0, 3, 6, 9)",viio7,F#,C,e,238.625,60.0
1910,E-,A,5,C,"(0, 3, 6, 9)",viio7,F#,C,e,238.75,60.0
1911,E-,A,5,C,"(0, 3, 6, 9)",viio7,F#,C,e,238.875,60.0
1912,E-,A-,0,C,"(0, 3, 6, 9)",viio7,F#,C,e,239.0,60.0
1913,E-,A-,1,C,"(0, 3, 6, 8)",viio7,F#,C,e,239.125,60.0
1914,E-,A-,2,C,"(0, 3, 6, 8)",viio7,F#,C,e,239.25,60.0
1915,E-,A-,2,C,"(0, 3, 6, 8)",viio7,F#,C,e,239.375,60.0
1916,E-,A-,3,C,"(0, 3, 6, 8)",viio7,F#,C,e,239.5,60.0
1917,E-,A-,3,C,"(0, 3, 6, 8)",viio7,F#,C,e,239.625,60.0
1918,E-,A-,3,C,"(0, 3, 6, 8)",viio7,F#,C,G,239.75,60.0
1919,E-,A-,3,C,"(0, 3, 6, 8)",V7,F#,C,G,239.875,60.0
1920,D,G,0,C,"(2, 7, 11)",I,C,B,G,240.0,61.0
1921,D,G,1,G,"(2, 7, 11)",I,C,C,G,240.125,61.0
1922,D,G,2,G,"(2, 7, 11)",I,C,C,G,240.25,61.0
1923,D,G,2,G,"(2, 7, 11)",I,C,C,G,240.375,61.0
1924,D,G,3,G,"(2, 7, 11)",I,C,C,G,240.5,61.0
1925,D,G,3,G,"(2, 7, 11)",I,C,C,G,240.625,61.0
1926,D,G,3,G,"(2, 7, 11)",I,C,C,G,240.75,61.0
1927,D,G,3,G,"(2, 7, 11)",I,C,C,G,240.875,61.0
1928,D,G,4,G,"(2, 7, 11)",I,G,B,G,241.0,61.0
1929,D,G,4,G,"(2, 7, 11)",I,G,B,G,241.125,61.0
1930,D,G,4,G,"(2, 7, 11)",I,G,B,G,241.25,61.0
1931,D,G,4,G,"(2, 7, 11)",I,G,B,G,241.375,61.0
1932,D,G,4,G,"(2, 7, 11)",I,G,B,G,241.5,61.0
1933,D,G,4,G,"(2, 7, 11)",I,G,B,G,241.625,61.0
1934,D,G,4,G,"(2, 7, 11)",I,G,B,G,241.75,61.0
1935,D,G,4,G,"(2, 7, 11)",I,G,B,G,241.875,61.0
1936,D,G,5,G,"(2, 7, 11)",I,G,B,G,242.0,61.0
1937,D,G,5,G,"(2, 7, 11)",I,G,B,G,242.125,61.0
1938,D,G,5,G,"(2, 7, 11)",I,G,B,G,242.25,61.0
1939,D,G,5,G,"(2, 7, 11)",I,G,B,G,242.375,61.0
1940,D,G,5,G,"(2, 7, 11)",I,G,B,G,242.5,61.0
1941,D,G,5,G,"(2, 7, 11)",I,G,B,G,242.625,61.0
1942,D,G,5,G,"(2, 7, 11)",I,G,B,G,242.75,61.0
1943,D,G,5,G,"(2, 7, 11)",I,G,B,G,242.875,61.0
1944,D,G,5,G,"(2, 7, 11)",I,G,B,G,243.0,61.0
1945,D,G,5,G,"(2, 7, 11)",I,G,B,G,243.125,61.0
1946,D,G,5,G,"(2, 7, 11)",I,G,B,G,243.25,61.0
1947,D,G,5,G,"(2, 7, 11)",I,G,B,G,243.375,61.0
1948,D,G,5,G,"(2, 7, 11)",I,G,B,G,243.5,61.0
1949,D,G,5,G,"(2, 7, 11)",I,G,B,G,243.625,61.0
1950,D,G,5,G,"(2, 7, 11)",I,G,B,G,243.75,61.0
1951,D,G,5,G,"(2, 7, 11)",I,G,B,G,243.875,61.0
1952,D,G,0,G,"(2, 7, 11)",V,G,B,G,244.0,62.0
1953,D,G,1,C,"(2, 7, 11)",V,G,B,G,244.125,62.0
1954,D,G,2,C,"(2, 7, 11)",V,G,B,G,244.25,62.0
1955,D,G,2,C,"(2, 7, 11)",V,G,B,G,244.375,62.0
1956,D,G,3,C,"(2, 7, 11)",V,G,B,G,244.5,62.0
1957,D,G,3,C,"(2, 7, 11)",V,G,B,G,244.625,62.0
1958,D,G,3,C,"(2, 7, 11)",V,G,B,G,244.75,62.0
1959,D,G,3,C,"(2, 7, 11)",V,G,B,G,244.875,62.0
1960,D,G,4,C,"(2, 7, 11)",V,G,B,G,245.0,62.0
1961,D,G,4,C,"(2, 7, 11)",V,G,B,G,245.125,62.0
1962,D,G,4,C,"(2, 7, 11)",V,G,B,G,245.25,62.0
1963,D,G,4,C,"(2, 7, 11)",V,G,B,G,245.375,62.0
1964,D,G,4,C,"(2, 7, 11)",V,G,B,G,245.5,62.0
1965,D,G,4,C,"(2, 7, 11)",V,G,B,G,245.625,62.0
1966,D,G,4,C,"(2, 7, 11)",V,G,B,G,245.75,62.0
1967,D,G,4,C,"(2, 7, 11)",V,G,B,G,245.875,62.0
1968,D,G,5,C,"(2, 7, 11)",V,G,B,G,246.0,62.0
1969,D,G,5,C,"(2, 7, 11)",V,G,B,G,246.125,62.0
1970,D,G,5,C,"(2, 7, 11)",V,G,B,G,246.25,62.0
1971,D,G,5,C,"(2, 7, 11)",V,G,B,G,246.375,62.0
1972,D,G,5,C,"(2, 7, 11)",V,G,B,G,246.5,62.0
1973,D,G,5,C,"(2, 7, 11)",V,G,B,G,246.625,62.0
1974,D,G,5,C,"(2, 7, 11)",V,G,B,G,246.75,62.0
1975,D,G,5,C,"(2, 7, 11)",V,G,B,G,246.875,62.0
1976,D,G,5,C,"(2, 7, 11)",V,G,B,C,247.0,62.0
1977,D,G,5,C,"(2, 7, 11)",V,G,B,C,247.125,62.0
1978,D,G,5,C,"(2, 7, 11)",V,G,B,C,247.25,62.0
1979,D,G,5,C,"(2, 7, 11)",V,G,B,C,247.375,62.0
1980,D,G,5,C,"(2, 7, 11)",V,G,B,C,247.5,62.0
1981,D,G,5,C,"(2, 7, 11)",V,G,B,C,247.625,62.0
1982,D,G,5,C,"(2, 7, 11)",V,G,B,C,247.75,62.0
1983,D,G,5,C,"(2, 7, 11)",V,G,B,C,247.875,62.0
1984,C,F#,0,C,"(0, 2, 6, 9)",V7,D,A,G,248.0,63.0
1985,C,F#,1,C,"(0, 2, 6, 9)",V7,D,A,G,248.125,63.0
1986,C,F#,2,C,"(0, 2, 6, 9)",V7,D,A,G,248.25,63.0
1987,C,F#,2,C,"(0, 2, 6, 9)",V7,D,A,G,248.375,63.0
1988,C,F#,3,C,"(0, 2, 6, 9)",V7,D,A,G,248.5,63.0
1989,C,F#,3,C,"(0, 2, 6, 9)",V7,D,A,G,248.625,63.0
1990,C,F#,3,C,"(0, 2, 6, 9)",V7,D,A,G,248.75,63.0
1991,C,F#,3,C,"(0, 2, 6, 9)",V7,D,A,G,248.875,63.0
1992,C,F#,4,C,"(0, 2, 6, 9)",V7,D,A,G,249.0,63.0
1993,C,F#,4,C,"(0, 2, 6, 9)",V7,D,A,G,249.125,63.0
1994,C,F#,4,C,"(0, 2, 6, 9)",V7,D,A,G,249.25,63.0
1995,C,F#,4,C,"(0, 2, 6, 9)",V7,D,A,G,249.375,63.0
1996,C,F#,4,C,"(0, 2, 6, 9)",V7,D,A,G,249.5,63.0
1997,C,F#,4,C,"(0, 2, 6, 9)",V7,D,A,G,249.625,63.0
1998,C,F#,4,C,"(0, 2, 6, 9)",V7,D,A,G,249.75,63.0
1999,C,F#,4,C,"(0, 2, 6, 9)",V7,D,A,G,249.875,63.0
2000,C,F#,5,C,"(0, 2, 6, 9)",V7,D,A,G,250.0,63.0
2001,C,F#,5,C,"(0, 2, 6, 9)",V7,D,A,G,250.125,63.0
2002,C,F#,5,C,"(0, 2, 6, 9)",V7,D,A,G,250.25,63.0
2003,C,F#,5,C,"(0, 2, 6, 9)",V7,D,A,G,250.375,63.0
2004,C,F#,5,C,"(0, 2, 6, 9)",V7,D,A,G,250.5,63.0
2005,C,F#,5,C,"(0, 2, 6, 9)",V7,D,A,G,250.625,63.0
2006,C,F#,5,C,"(0, 2, 6, 9)",V7,D,A,G,250.75,63.0
2007,C,F#,5,C,"(0, 2, 6, 9)",V7,D,A,G,250.875,63.0
2008,C,F#,5,C,"(0, 2, 6, 9)",V7,D,A,G,251.0,63.0
2009,C,F#,5,C,"(0, 2, 6, 9)",V7,D,A,G,251.125,63.0
2010,C,F#,5,C,"(0, 2, 6, 9)",V7,D,A,G,251.25,63.0
2011,C,F#,5,C,"(0, 2, 6, 9)",V7,D,A,G,251.375,63.0
2012,C,F#,5,C,"(0, 2, 6, 9)",V7,D,A,G,251.5,63.0
2013,C,F#,5,C,"(0, 2, 6, 9)",V7,D,A,G,251.625,63.0
2014,C,F#,5,C,"(0, 2, 6, 9)",V7,D,A,G,251.75,63.0
2015,C,F#,5,C,"(0, 2, 6, 9)",V7,D,A,G,251.875,63.0
2016,C,F,0,C,"(0, 3, 5, 9)",Ger7,E-,A,C,252.0,64.0
2017,C,F,1,C,"(0, 3, 5, 9)",Ger7,E-,A,C,252.125,64.0
2018,C,F,2,C,"(0, 3, 5, 9)",Ger7,E-,A,C,252.25,64.0
2019,C,F,2,C,"(0, 3, 5, 9)",Ger7,E-,A,C,252.375,64.0
2020,C,F,3,C,"(0, 3, 5, 9)",Ger7,E-,A,C,252.5,64.0
2021,C,F,3,C,"(0, 3, 5, 9)",Ger7,E-,A,C,252.625,64.0
2022,C,F,3,C,"(0, 3, 5, 9)",Ger7,E-,A,C,252.75,64.0
2023,C,F,3,C,"(0, 3, 5, 9)",Ger7,E-,A,C,252.875,64.0
2024,C,F,4,C,"(0, 3, 5, 9)",Ger7,E-,A,C,253.0,64.0
2025,C,F,4,C,"(0, 3, 5, 9)",Ger7,E-,A,C,253.125,64.0
2026,C,F,4,C,"(0, 3, 5, 9)",Ger7,E-,A,C,253.25,64.0
2027,C,F,4,C,"(0, 3, 5, 9)",Ger7,E-,A,C,253.375,64.0
2028,C,F,4,C,"(0, 3, 5, 9)",Ger7,E-,A,C,253.5,64.0
2029,C,F,4,C,"(0, 3, 5, 9)",Ger7,E-,A,C,253.625,64.0
2030,C,F,4,C,"(0, 3, 5, 9)",Ger7,E-,A,C,253.75,64.0
2031,C,F,4,C,"(0, 3, 5, 9)",Ger7,E-,A,C,253.875,64.0
2032,C,F,5,C,"(0, 3, 5, 9)",V7,E-,A,C,254.0,64.0
2033,C,F,5,C,"(0, 3, 5, 9)",V7,E-,A,C,254.125,64.0
2034,C,F,5,C,"(0, 3, 5, 9)",V7,E-,A,C,254.25,64.0
2035,C,F,5,C,"(0, 3, 5, 9)",V7,E-,A,C,254.375,64.0
2036,C,F,5,C,"(0, 3, 5, 9)",V7,E-,A,C,254.5,64.0
2037,C,F,5,C,"(0, 3, 5, 9)",V7,E-,A,C,254.625,64.0
2038,C,F,5,C,"(0, 3, 5, 9)",V7,E-,A,C,254.75,64.0
2039,C,F,5,C,"(0, 3, 5, 9)",V7,E-,A,C,254.875,64.0
2040,C,F,5,C,"(0, 3, 5, 9)",V7,E-,A,C,255.0,64.0
2041,C,F,5,C,"(0, 3, 5, 9)",V7,E-,A,C,255.125,64.0
2042,C,F,5,C,"(0, 3, 5, 9)",V7,E-,A,C,255.25,64.0
2043,C,F,5,C,"(0, 3, 5, 9)",V7,E-,A,C,255.375,64.0
2044,C,F,5,C,"(0, 3, 5, 9)",V7,E-,A,C,255.5,64.0
2045,C,F,5,C,"(0, 3, 5, 9)",V7,E-,A,C,255.625,64.0
2046,C,F,5,C,"(0, 3, 5, 9)",V7,E-,A,C,255.75,64.0
2047,C,F,5,C,"(0, 3, 5, 9)",V7,E-,A,C,255.875,64.0
2048,B,E,0,C,"(4, 8, 11)",I,E,G#,a,256.0,65.0
2049,B,E,1,C,"(4, 8, 11)",I,E,G#,a,256.125,65.0
2050,B,E,2,C,"(4, 8, 11)",I,E,G#,a,256.25,65.0
2051,B,E,2,C,"(4, 8, 11)",I,E,G#,a,256.375,65.0
2052,B,E,3,C,"(4, 8, 11)",I,E,G#,a,256.5,65.0
2053,B,E,3,C,"(4, 8, 11)",I,E,G#,a,256.625,65.0
2054,B,E,3,C,"(4, 8, 11)",I,E,G#,a,256.75,65.0
2055,B,E,3,C,"(4, 8, 11)",I,E,G#,a,256.875,65.0
2056,B,E,4,C,"(4, 8, 11)",I,E,G#,a,257.0,65.0
2057,B,E,4,C,"(4, 8, 11)",I,E,G#,a,257.125,65.0
2058,B,E,4,C,"(4, 8, 11)",I,E,G#,a,257.25,65.0
2059,B,E,4,C,"(4, 8, 11)",I,E,G#,a,257.375,65.0
2060,B,E,4,C,"(4, 8, 11)",I,E,G#,a,257.5,65.0
2061,B,E,4,C,"(4, 8, 11)",I,E,G#,a,257.625,65.0
2062,B,E,4,C,"(4, 8, 11)",I,E,G#,a,257.75,65.0
2063,B,E,4,C,"(4, 8, 11)",I,E,G#,a,257.875,65.0
2064,B,E,5,C,"(4, 8, 11)",V,E,G#,a,258.0,65.0
2065,B,E,5,C,"(4, 8, 11)",V,E,G#,a,258.125,65.0
2066,B,E,5,C,"(4, 8, 11)",V,E,G#,a,258.25,65.0
2067,B,E,5,C,"(4, 8, 11)",V,E,G#,a,258.375,65.0
2068,B,E,5,C,"(4, 8, 11)",V,E,G#,a,258.5,65.0
2069,B,E,5,C,"(4, 8, 11)",V,E,G#,a,258.625,65.0
2070,B,E,5,C,"(4, 8, 11)",V,E,G#,a,258.75,65.0
2071,B,E,5,C,"(4, 8, 11)",V,E,G#,a,258.875,65.0
2072,B,E,5,C,"(4, 8, 11)",V,E,G#,a,259.0,65.0
2073,B,E,5,C,"(4, 8, 11)",V,E,G#,a,259.125,65.0
2074,B,E,5,C,"(4, 8, 11)",V,E,G#,a,259.25,65.0
2075,B,E,5,C,"(4, 8, 11)",V,E,G#,a,259.375,65.0
2076,B,E,5,C,"(4, 8, 11)",V,E,G#,a,259.5,65.0
2077,B,E,5,a,"(4, 8, 11)",V,E,G#,a,259.625,65.0
2078,B,E,5,a,"(4, 8, 11)",V,E,G#,a,259.75,65.0
2079,B,E,5,a,"(4, 8, 11)",V,E,G#,a,259.875,65.0
2080,B,E,0,C,"(4, 8, 11)",V,E,G#,a,260.0,66.0
2081,B,E,1,C,"(4, 8, 11)",V,E,G#,a,260.125,66.0
2082,B,E,2,C,"(4, 8, 11)",V,E,G#,a,260.25,66.0
2083,B,E,2,C,"(4, 8, 11)",V,E,G#,a,260.375,66.0
2084,B,E,3,C,"(4, 8, 11)",V,E,G#,a,260.5,66.0
2085,B,E,3,C,"(4, 8, 11)",V,E,G#,a,260.625,66.0
2086,B,E,3,C,"(4, 8, 11)",V,E,G#,a,260.75,66.0
2087,B,E,3,C,"(4, 8, 11)",V,E,G#,a,260.875,66.0
2088,B,E,4,C,"(4, 8, 11)",V,E,G#,a,261.0,66.0
2089,B,E,4,C,"(4, 8, 11)",V,E,G#,a,261.125,66.0
2090,B,E,4,C,"(4, 8, 11)",V,E,G#,a,261.25,66.0
2091,B,E,4,C,"(4, 8, 11)",V,E,G#,a,261.375,66.0
2092,B,E,4,C,"(4, 8, 11)",V,E,G#,a,261.5,66.0
2093,B,E,4,C,"(4, 8, 11)",V,E,G#,a,261.625,66.0
2094,B,E,4,C,"(4, 8, 11)",V,E,G#,a,261.75,66.0
2095,B,E,4,C,"(4, 8, 11)",V,E,G#,a,261.875,66.0
2096,B,E,5,C,"(4, 8, 11)",V,E,G#,a,262.0,66.0
2097,B,E,5,C,"(4, 8, 11)",V,E,G#,a,262.125,66.0
2098,B,E,5,C,"(4, 8, 11)",V,E,G#,a,262.25,66.0
2099,B,E,5,C,"(4, 8, 11)",V,E,G#,a,262.375,66.0
2100,B,E,5,C,"(4, 8, 11)",V,E,G#,a,262.5,66.0
2101,B,E,5,C,"(4, 8, 11)",V,E,G#,a,262.625,66.0
2102,B,E,5,C,"(4, 8, 11)",V,E,G#,a,262.75,66.0
2103,B,E,5,C,"(4, 8, 11)",V,E,G#,a,262.875,66.0
2104,B,E,5,C,"(4, 8, 11)",I,E,G#,a,263.0,66.0
2105,B,E,5,C,"(4, 8, 11)",I,E,G#,a,263.125,66.0
2106,B,E,5,C,"(4, 8, 11)",I,E,G#,a,263.25,66.0
2107,B,E,5,C,"(4, 8, 11)",I,E,G#,a,263.375,66.0
2108,B,E,5,C,"(4, 8, 11)",I,E,G#,a,263.5,66.0
2109,B,E,5,C,"(4, 8, 11)",I,E,G#,a,263.625,66.0
2110,B,E,5,C,"(4, 8, 11)",I,E,G#,a,263.75,66.0
2111,B,E,5,C,"(4, 8, 11)",I,E,G#,a,263.875,66.0
2112,A,D,0,C,"(0, 2, 5, 9)",ii,D,F,C,264.0,67.0
2113,A,D,1,C,"(0, 2, 5, 9)",ii,D,F,C,264.125,67.0
2114,A,D,2,C,"(0, 2, 5, 9)",ii,D,F,C,264.25,67.0
2115,A,D,2,C,"(0, 2, 5, 9)",ii,D,F,C,264.375,67.0
2116,A,D,3,C,"(0, 2, 5, 9)",ii,C,F,C,264.5,67.0
2117,A,D,3,C,"(0, 2, 5, 9)",ii,C,F,C,264.625,67.0
2118,A,D,3,C,"(0, 2, 5, 9)",ii,C,F,C,264.75,67.0
2119,A,D,3,C,"(0, 2, 5, 9)",ii,C,F,C,264.875,67.0
2120,A,D,4,C,"(0, 2, 5, 9)",ii,D,F,C,265.0,67.0
2121,A,D,4,C,"(0, 2, 5, 9)",ii,D,F,C,265.125,67.0
2122,A,D,4,C,"(0, 2, 5, 9)",ii,D,F,C,265.25,67.0
2123,A,D,4,C,"(0, 2, 5, 9)",ii,D,F,C,265.375,67.0
2124,A,D,4,C,"(0, 2, 5, 9)",ii,C,F,C,265.5,67.0
2125,A,D,4,C,"(0, 2, 5, 9)",ii,C,F,C,265.625,67.0
2126,A,D,4,C,"(0, 2, 5, 9)",ii7,C,F,C,265.75,67.0
2127,A,D,4,C,"(0, 2, 5, 9)",ii,C,F,C,265.875,67.0
2128,A,D,5,C,"(0, 2, 5, 9)",ii,D,F,C,266.0,67.0
2129,A,D,5,C,"(0, 2, 5, 9)",ii,D,F,C,266.125,67.0
2130,A,D,5,C,"(0, 2, 5, 9)",ii7,D,F,C,266.25,67.0
2131,A,D,5,C,"(0, 2, 5, 9)",ii7,D,F,C,266.375,67.0
2132,A,D,5,C,"(0, 2, 5, 9)",ii7,D,F,C,266.5,67.0
2133,A,D,5,C,"(0, 2, 5, 9)",ii7,D,F,C,266.625,67.0
2134,A,D,5,C,"(0, 2, 5, 9)",ii7,D,F,C,266.75,67.0
2135,A,D,5,C,"(0, 2, 5, 9)",ii7,D,F,C,266.875,67.0
2136,A,D,5,C,"(0, 2, 5, 9)",ii7,D,F,C,267.0,67.0
2137,A,D,5,C,"(0, 2, 5, 9)",ii7,D,F,C,267.125,67.0
2138,A,D,5,C,"(0, 2, 5, 9)",ii7,D,F,C,267.25,67.0
2139,A,D,5,C,"(0, 2, 5, 9)",ii7,D,F,C,267.375,67.0
2140,A,D,5,C,"(0, 2, 5, 9)",ii7,C,F,C,267.5,67.0
2141,A,D,5,C,"(0, 2, 5, 9)",ii7,C,F,C,267.625,67.0
2142,A,D,5,C,"(0, 2, 5, 9)",ii7,C,F,C,267.75,67.0
2143,A,D,5,C,"(0, 2, 5, 9)",ii7,C,F,C,267.875,67.0
2144,D,G,0,C,"(2, 5, 7, 11)",V7,F,B,C,268.0,68.0
2145,D,G,1,C,"(2, 5, 7, 11)",V7,F,B,C,268.125,68.0
2146,D,G,2,C,"(2, 5, 7, 11)",V7,F,B,C,268.25,68.0
2147,D,G,2,C,"(2, 5, 7, 11)",V7,F,B,C,268.375,68.0
2148,D,G,3,C,"(2, 5, 7, 11)",V7,F,B,C,268.5,68.0
2149,D,G,3,C,"(2, 5, 7, 11)",V7,F,B,C,268.625,68.0
2150,D,G,3,C,"(2, 5, 7, 11)",V7,F,B,C,268.75,68.0
2151,D,G,3,C,"(2, 5, 7, 11)",V7,F,B,C,268.875,68.0
2152,D,G,4,C,"(2, 5, 7, 11)",V7,F,B,C,269.0,68.0
2153,D,G,4,C,"(2, 5, 7, 11)",V7,F,B,C,269.125,68.0
2154,D,G,4,C,"(2, 5, 7, 11)",V7,F,B,C,269.25,68.0
2155,D,G,4,C,"(2, 5, 7, 11)",V7,F,B,C,269.375,68.0
2156,D,G,4,C,"(2, 5, 7, 11)",V7,F,B,C,269.5,68.0
2157,D,G,4,C,"(2, 5, 7, 11)",V7,F,B,C,269.625,68.0
2158,D,G,4,C,"(2, 5, 7, 11)",V7,F,B,C,269.75,68.0
2159,D,G,4,C,"(2, 5, 7, 11)",V7,F,B,C,269.875,68.0
2160,D,G,5,C,"(2, 5, 7, 11)",V7,F,B,C,270.0,68.0
2161,D,G,5,C,"(2, 5, 7, 11)",V7,F,B,C,270.125,68.0
2162,D,G,5,C,"(2, 5, 7, 11)",V7,F,B,C,270.25,68.0
2163,D,G,5,C,"(2, 5, 7, 11)",V7,F,B,C,270.375,68.0
2164,D,G,5,C,"(2, 5, 7, 11)",V7,F,B,C,270.5,68.0
2165,D,G,5,C,"(2, 5, 7, 11)",V7,F,B,C,270.625,68.0
2166,D,G,5,C,"(2, 5, 7, 11)",V7,F,B,C,270.75,68.0
2167,D,G,5,C,"(2, 5, 7, 11)",V7,F,B,C,270.875,68.0
2168,D,G,5,C,"(2, 5, 7, 11)",V7,F,B,C,271.0,68.0
2169,D,G,5,C,"(2, 5, 7, 11)",V7,F,B,C,271.125,68.0
2170,D,G,5,C,"(2, 5, 7, 11)",V7,F,B,C,271.25,68.0
2171,D,G,5,C,"(2, 5, 7, 11)",V7,F,B,C,271.375,68.0
2172,D,G,5,C,"(2, 5, 7, 11)",V7,F,B,C,271.5,68.0
2173,D,G,5,C,"(2, 5, 7, 11)",V7,F,B,C,271.625,68.0
2174,D,G,5,C,"(2, 5, 7, 11)",V7,F,B,C,271.75,68.0
2175,D,G,5,C,"(2, 5, 7, 11)",V7,F,B,C,271.875,68.0
2176,G,C,0,C,"(0, 4, 7)",I,C,E,C,272.0,69.0
2177,G,C,1,C,"(0, 4, 7)",I,C,E,C,272.125,69.0
2178,G,C,2,C,"(0, 4, 7)",I,C,E,C,272.25,69.0
2179,G,C,2,C,"(0, 4, 7)",I,C,E,C,272.375,69.0
2180,G,C,3,C,"(0, 4, 7)",I,C,E,C,272.5,69.0
2181,G,C,3,C,"(0, 4, 7)",I,C,E,C,272.625,69.0
2182,G,C,3,C,"(0, 4, 7)",I,C,E,C,272.75,69.0
2183,G,C,3,C,"(0, 4, 7)",I,C,E,C,272.875,69.0
2184,G,C,4,C,"(0, 4, 7)",I,C,E,C,273.0,69.0
2185,G,C,4,C,"(0, 4, 7)",I,C,E,C,273.125,69.0
2186,G,C,4,C,"(0, 4, 7)",I,C,E,C,273.25,69.0
2187,G,C,4,C,"(0, 4, 7)",I,C,E,C,273.375,69.0
2188,G,C,4,C,"(0, 4, 7)",I,C,E,C,273.5,69.0
2189,G,C,4,C,"(0, 4, 7)",I,C,E,C,273.625,69.0
2190,G,C,4,C,"(0, 4, 7)",I,C,E,C,273.75,69.0
2191,G,C,4,C,"(0, 4, 7)",I,C,E,C,273.875,69.0
2192,G,C,5,C,"(0, 4, 7)",I,C,E,C,274.0,69.0
2193,G,C,5,C,"(0, 4, 7)",I,C,E,C,274.125,69.0
2194,G,C,5,C,"(0, 4, 7)",I,C,E,C,274.25,69.0
2195,G,C,5,C,"(0, 4, 7)",I,C,E,C,274.375,69.0
2196,G,C,5,C,"(0, 4, 7)",I,C,E,C,274.5,69.0
2197,G,C,5,C,"(0, 4, 7)",I,C,E,C,274.625,69.0
2198,G,C,5,C,"(0, 4, 7)",I,C,E,C,274.75,69.0
2199,G,C,5,C,"(0, 4, 7)",I,C,E,C,274.875,69.0
2200,G,C,5,C,"(0, 4, 7)",I,C,E,C,275.0,69.0
2201,G,C,5,C,"(0, 4, 7)",I,C,E,C,275.125,69.0
2202,G,C,5,C,"(0, 4, 7)",I,C,E,C,275.25,69.0
2203,G,C,5,C,"(0, 4, 7)",I,C,E,C,275.375,69.0
2204,G,C,5,C,"(0, 4, 7)",I,C,E,C,275.5,69.0
2205,G,C,5,C,"(0, 4, 7)",I,C,E,C,275.625,69.0
2206,G,C,5,C,"(0, 4, 7)",I,C,E,C,275.75,69.0
2207,G,C,5,C,"(0, 4, 7)",I,C,E,C,275.875,69.0
2208,F#,C,0,C,"(0, 3, 6, 9)",Ger7,A,E-,C,276.0,70.0
2209,F#,C,1,C,"(0, 3, 6, 9)",viio7,C,E-,C,276.125,70.0
2210,F#,C,2,C,"(0, 3, 6, 9)",viio7,C,E-,C,276.25,70.0
2211,F#,C,2,C,"(0, 3, 6, 9)",viio7,C,E-,C,276.375,70.0
2212,F#,C,3,C,"(0, 3, 6, 9)",viio7,C,E-,C,276.5,70.0
2213,F#,C,3,C,"(0, 3, 6, 9)",viio7,A,E-,C,276.625,70.0
2214,F#,C,3,C,"(0, 3, 6, 9)",viio7,C,E-,C,276.75,70.0
2215,F#,C,3,C,"(0, 3, 6, 9)",viio7,A,E-,C,276.875,70.0
2216,F#,C,4,C,"(0, 3, 6, 9)",viio7,C,E-,C,277.0,70.0
2217,F#,C,4,C,"(0, 3, 6, 9)",viio7,C,E-,C,277.125,70.0
2218,F#,C,4,C,"(0, 3, 6, 9)",viio7,C,E-,C,277.25,70.0
2219,F#,C,4,C,"(0, 3, 6, 9)",viio7,C,E-,C,277.375,70.0
2220,F#,C,4,C,"(0, 3, 6, 9)",viio7,C,E-,C,277.5,70.0
2221,F#,C,4,C,"(0, 3, 6, 9)",viio7,C,E-,C,277.625,70.0
2222,F#,C,4,C,"(0, 3, 6, 9)",viio7,C,E-,C,277.75,70.0
2223,F#,C,4,C,"(0, 3, 6, 9)",viio7,C,E-,C,277.875,70.0
2224,F,C,5,C,"(2, 5, 8, 11)",viio7,B,F,C,278.0,70.0
2225,F,C,5,C,"(2, 5, 8, 11)",viio7,F,F,C,278.125,70.0
2226,F,C,5,C,"(2, 5, 8, 11)",viio7,F,F,C,278.25,70.0
2227,F,C,5,C,"(2, 5, 8, 11)",viio7,F,F,C,278.375,70.0
2228,F,C,5,C,"(2, 5, 8, 11)",viio7,F,F,C,278.5,70.0
2229,F,C,5,C,"(2, 5, 8, 11)",viio7,F,F,C,278.625,70.0
2230,F,C,5,C,"(2, 5, 8, 11)",viio7,F,F,C,278.75,70.0
2231,F,C,5,C,"(2, 5, 8, 11)",viio7,F,F,C,278.875,70.0
2232,F,C,5,C,"(2, 5, 8, 11)",viio7,F,F,C,279.0,70.0
2233,F,C,5,C,"(2, 5, 8, 11)",viio7,F,F,C,279.125,70.0
2234,F,C,5,C,"(2, 5, 8, 11)",viio7,F,F,C,279.25,70.0
2235,F,C,5,C,"(2, 5, 8, 11)",viio7,F,F,C,279.375,70.0
2236,F,C,5,C,"(2, 5, 8, 11)",viio7,F,F,C,279.5,70.0
2237,F,C,5,C,"(2, 5, 8, 11)",viio7,F,F,C,279.625,70.0
2238,F,C,5,C,"(2, 5, 8, 11)",viio7,F,F,C,279.75,70.0
2239,F,C,5,C,"(2, 5, 8, 11)",viio7,F,F,C,279.875,70.0
2240,G,C,0,C,"(0, 4, 7)",I,C,E,C,280.0,71.0
2241,G,C,1,C,"(0, 4, 7)",I,C,E,C,280.125,71.0
2242,G,C,2,C,"(0, 4, 7)",I,C,E,C,280.25,71.0
2243,G,C,2,C,"(0, 4, 7)",I,C,E,C,280.375,71.0
2244,G,C,3,C,"(0, 4, 7)",I,C,E,C,280.5,71.0
2245,G,C,3,C,"(0, 4, 7)",I,C,E,C,280.625,71.0
2246,G,C,3,C,"(0, 4, 7)",I,C,E,C,280.75,71.0
2247,G,C,3,C,"(0, 4, 7)",I,C,E,C,280.875,71.0
2248,G,C,4,C,"(0, 4, 7)",I,C,E,C,281.0,71.0
2249,G,C,4,C,"(0, 4, 7)",I,C,E,C,281.125,71.0
2250,G,C,4,C,"(0, 4, 7)",I,C,E,C,281.25,71.0
2251,G,C,4,C,"(0, 4, 7)",I,C,E,C,281.375,71.0
2252,G,C,4,C,"(0, 4, 7)",I,C,E,C,281.5,71.0
2253,G,C,4,C,"(0, 4, 7)",I,C,E,C,281.625,71.0
2254,G,C,4,C,"(0, 4, 7)",I,C,E,C,281.75,71.0
2255,G,C,4,C,"(0, 4, 7)",I,C,E,C,281.875,71.0
2256,G,C,5,C,"(0, 4, 7)",I,C,E,C,282.0,71.0
2257,G,C,5,C,"(0, 4, 7)",I,C,E,C,282.125,71.0
2258,G,C,5,C,"(0, 4, 7)",I,C,E,C,282.25,71.0
2259,G,C,5,C,"(0, 4, 7)",I,C,E,C,282.375,71.0
2260,G,C,5,C,"(0, 4, 7)",I,C,E,C,282.5,71.0
2261,G,C,5,C,"(0, 4, 7)",I,C,E,C,282.625,71.0
2262,G,C,5,C,"(0, 4, 7)",I,C,E,C,282.75,71.0
2263,G,C,5,C,"(0, 4, 7)",I,C,E,C,282.875,71.0
2264,G,C,5,C,"(0, 4, 7)",I,C,E,C,283.0,71.0
2265,G,C,5,C,"(0, 4, 7)",I,C,E,C,283.125,71.0
2266,G,C,5,C,"(0, 4, 7)",I,C,E,C,283.25,71.0
2267,G,C,5,C,"(0, 4, 7)",I,C,E,C,283.375,71.0
2268,G,C,5,C,"(0, 4, 7)",I,C,E,C,283.5,71.0
2269,G,C,5,C,"(0, 4, 7)",I,C,E,C,283.625,71.0
2270,G,C,5,C,"(0, 4, 7)",I,C,E,C,283.75,71.0
2271,G,C,5,C,"(0, 4, 7)",I,C,E,C,283.875,71.0
2272,E-,G,0,C,"(0, 3, 6, 9)",V7,E-,A,C,284.0,72.0
2273,C,G,1,C,"(0, 3, 6, 9)",V7,E-,A,C,284.125,72.0
2274,C,G,2,C,"(0, 3, 6, 9)",V7,E-,A,C,284.25,72.0
2275,C,G,2,C,"(0, 3, 6, 9)",V7,E-,A,C,284.375,72.0
2276,C,G,3,C,"(0, 3, 6, 9)",V7,E-,A,C,284.5,72.0
2277,C,G,3,C,"(0, 3, 6, 9)",V7,E-,A,C,284.625,72.0
2278,C,G,3,C,"(0, 3, 6, 9)",V7,E-,A,C,284.75,72.0
2279,C,G,3,C,"(0, 3, 6, 9)",V7,E-,A,C,284.875,72.0
2280,C,G,4,C,"(0, 3, 6, 9)",V7,E-,A,C,285.0,72.0
2281,C,G,4,C,"(0, 3, 6, 9)",V7,E-,A,C,285.125,72.0
2282,C,G,4,C,"(0, 3, 6, 9)",V7,E-,A,C,285.25,72.0
2283,C,G,4,C,"(0, 3, 6, 9)",V7,E-,A,C,285.375,72.0
2284,C,G,4,C,"(0, 3, 6, 9)",V7,E-,A,C,285.5,72.0
2285,C,G,4,C,"(0, 3, 6, 9)",V7,E-,A,C,285.625,72.0
2286,C,G,4,C,"(0, 3, 6, 9)",V7,E-,A,C,285.75,72.0
2287,C,G,4,C,"(0, 3, 6, 9)",V7,E-,A,C,285.875,72.0
2288,D,G,0,C,"(2, 5, 7, 11)",V7,F,B,c,286.0,72.0
2289,D,G,1,C,"(2, 5, 7, 11)",V7,F,B,c,286.125,72.0
2290,D,G,2,C,"(2, 5, 7, 11)",V7,F,B,c,286.25,72.0
2291,D,G,2,C,"(2, 5, 7, 11)",V7,F,B,c,286.375,72.0
2292,D,G,3,C,"(2, 5, 7, 11)",V7,F,B,c,286.5,72.0
2293,D,G,3,C,"(2, 5, 7, 11)",V7,F,B,c,286.625,72.0
2294,D,G,3,C,"(2, 5, 7, 11)",V7,F,B,c,286.75,72.0
2295,D,G,3,C,"(2, 5, 7, 11)",V7,F,B,c,286.875,72.0
2296,D,G,4,C,"(2, 5, 7, 11)",V7,F,B,c,287.0,72.0
2297,D,G,4,C,"(2, 5, 7, 11)",V7,F,B,c,287.125,72.0
2298,D,G,4,C,"(2, 5, 7, 11)",V7,F,B,c,287.25,72.0
2299,D,G,4,C,"(2, 5, 7, 11)",V7,F,B,c,287.375,72.0
2300,D,G,4,C,"(2, 5, 7, 11)",V7,F,B,c,287.5,72.0
2301,D,G,4,C,"(2, 5, 7, 11)",V7,F,B,c,287.625,72.0
2302,D,G,4,C,"(2, 5, 7, 11)",V7,F,B,c,287.75,72.0
2303,D,G,4,C,"(2, 5, 7, 11)",V7,F,B,c,287.875,72.0
2304,C#,G,0,C,"(1, 4, 7, 10)",viio7,E,B-,d,288.0,73.0
2305,C#,G,1,C,"(1, 4, 7, 10)",viio7,E,B-,d,288.125,73.0
2306,C#,G,2,C,"(1, 4, 7, 10)",viio7,E,B-,d,288.25,73.0
2307,C#,G,2,C,"(1, 4, 7, 10)",viio7,E,B-,d,288.375,73.0
2308,C#,G,3,C,"(1, 4, 7, 10)",viio7,E,B-,d,288.5,73.0
2309,C#,G,3,C,"(1, 4, 7, 10)",viio7,E,B-,d,288.625,73.0
2310,C#,G,3,C,"(1, 4, 7, 10)",viio7,E,B-,d,288.75,73.0
2311,C#,G,3,C,"(1, 4, 7, 10)",viio7,E,B-,d,288.875,73.0
2312,C#,G,4,C,"(1, 4, 7, 10)",viio7,E,B-,d,289.0,73.0
2313,C#,G,4,C,"(1, 4, 7, 10)",viio7,E,B-,d,289.125,73.0
2314,C#,G,4,C,"(1, 4, 7, 10)",viio7,E,B-,d,289.25,73.0
2315,C#,G,4,C,"(1, 4, 7, 10)",viio7,E,B-,d,289.375,73.0
2316,C#,G,4,C,"(1, 4, 7, 10)",viio7,E,B-,d,289.5,73.0
2317,C#,G,4,C,"(1, 4, 7, 10)",viio7,E,B-,d,289.625,73.0
2318,C#,G,4,C,"(1, 4, 7, 10)",viio7,E,B-,d,289.75,73.0
2319,C#,G,4,C,"(1, 4, 7, 10)",viio7,E,B-,d,289.875,73.0
2320,C#,G,5,C,"(1, 4, 7, 10)",viio7,E,B-,d,290.0,73.0
2321,C#,G,5,C,"(1, 4, 7, 10)",viio7,E,B-,d,290.125,73.0
2322,C#,G,5,C,"(1, 4, 7, 10)",viio7,E,B-,d,290.25,73.0
2323,C#,G,5,C,"(1, 4, 7, 10)",viio7,E,B-,d,290.375,73.0
2324,C#,G,5,C,"(1, 4, 7, 10)",viio7,E,B-,d,290.5,73.0
2325,C#,G,5,C,"(1, 4, 7, 10)",viio7,E,B-,d,290.625,73.0
2326,C#,G,5,C,"(1, 4, 7, 10)",viio7,E,B-,d,290.75,73.0
2327,C#,G,5,C,"(1, 4, 7, 10)",viio7,E,B-,d,290.875,73.0
2328,C#,G,5,C,"(1, 4, 7, 10)",viio7,E,B-,d,291.0,73.0
2329,C#,G,5,C,"(1, 4, 7, 10)",viio7,E,B-,d,291.125,73.0
2330,C#,G,5,C,"(1, 4, 7, 10)",viio7,E,B-,d,291.25,73.0
2331,C#,G,5,C,"(1, 4, 7, 10)",viio7,E,B-,d,291.375,73.0
2332,C#,G,5,C,"(1, 4, 7, 10)",viio7,E,B-,d,291.5,73.0
2333,C#,G,5,C,"(1, 4, 7, 10)",viio7,E,B-,d,291.625,73.0
2334,C#,G,5,C,"(1, 4, 7, 10)",viio7,E,B-,d,291.75,73.0
2335,C#,G,5,C,"(1, 4, 7, 10)",viio7,E,B-,d,291.875,73.0
2336,C#,G,0,C,"(1, 4, 7, 9)",viio7,E-,B-,d,292.0,74.0
2337,C#,G,1,C,"(1, 4, 7, 9)",V7,E-,B-,d,292.125,74.0
2338,C#,G,2,C,"(1, 4, 7, 9)",V7,E-,B-,d,292.25,74.0
2339,C#,G,2,C,"(1, 4, 7, 9)",V7,E-,B-,d,292.375,74.0
2340,C#,G,3,C,"(1, 4, 7, 9)",V7,E-,B-,d,292.5,74.0
2341,C#,G,3,C,"(1, 4, 7, 9)",V7,E-,B-,d,292.625,74.0
2342,C#,G,3,C,"(1, 4, 7, 9)",V7,E-,B-,d,292.75,74.0
2343,C#,G,3,C,"(1, 4, 7, 9)",V7,E-,B-,d,292.875,74.0
2344,C#,G,4,C,"(1, 4, 7, 9)",V7,E-,B-,d,293.0,74.0
2345,C#,G,4,C,"(1, 4, 7, 9)",V7,E-,B-,d,293.125,74.0
2346,C#,G,4,C,"(1, 4, 7, 9)",V7,E-,B-,d,293.25,74.0
2347,C#,G,4,C,"(1, 4, 7, 9)",V7,E-,B-,d,293.375,74.0
2348,C#,G,4,C,"(1, 4, 7, 9)",V7,E-,B-,d,293.5,74.0
2349,C#,G,4,C,"(1, 4, 7, 9)",V7,E-,A,d,293.625,74.0
2350,C#,G,4,C,"(1, 4, 7, 9)",V7,E-,A,d,293.75,74.0
2351,C#,G,4,C,"(1, 4, 7, 9)",V7,E-,A,d,293.875,74.0
2352,C#,G,5,C,"(1, 4, 7, 9)",V7,E-,A,d,294.0,74.0
2353,C#,G,5,C,"(1, 4, 7, 9)",V7,E-,A,d,294.125,74.0
2354,C#,G,5,C,"(1, 4, 7, 9)",V7,E-,A,d,294.25,74.0
2355,C#,G,5,C,"(1, 4, 7, 9)",V7,E-,A,d,294.375,74.0
2356,C#,G,5,C,"(1, 4, 7, 9)",V7,E-,A,d,294.5,74.0
2357,C#,G,5,C,"(1, 4, 7, 9)",V7,E-,A,d,294.625,74.0
2358,C#,G,5,C,"(1, 4, 7, 9)",V7,E-,A,d,294.75,74.0
2359,C#,G,5,C,"(1, 4, 7, 9)",V7,E-,A,d,294.875,74.0
2360,C#,G,5,C,"(1, 4, 7, 9)",V7,E-,A,d,295.0,74.0
2361,C#,G,5,C,"(1, 4, 7, 9)",V7,E-,A,d,295.125,74.0
2362,C#,G,5,C,"(1, 4, 7, 9)",V7,E-,A,d,295.25,74.0
2363,C#,G,5,C,"(1, 4, 7, 9)",V7,E-,A,d,295.375,74.0
2364,C#,G,5,C,"(1, 4, 7, 9)",V7,E-,A,d,295.5,74.0
2365,C#,G,5,C,"(1, 4, 7, 9)",V7,E-,A,d,295.625,74.0
2366,C#,G,5,C,"(1, 4, 7, 9)",V7,E-,A,d,295.75,74.0
2367,C#,G,5,C,"(1, 4, 7, 9)",V7,E-,A,d,295.875,74.0
2368,D,G,0,C,"(2, 5, 7, 11)",V7,F,B,C,296.0,75.0
2369,D,G,1,C,"(2, 5, 7, 11)",V7,F,B,C,296.125,75.0
2370,D,G,2,C,"(2, 5, 7, 11)",V7,F,B,C,296.25,75.0
2371,D,G,2,C,"(2, 5, 7, 11)",V7,F,B,C,296.375,75.0
2372,D,G,3,C,"(2, 5, 7, 11)",V7,F,B,C,296.5,75.0
2373,D,G,3,C,"(2, 5, 7, 11)",V7,F,B,C,296.625,75.0
2374,D,G,3,C,"(2, 5, 7, 11)",V7,F,B,C,296.75,75.0
2375,D,G,3,C,"(2, 5, 7, 11)",V7,F,B,C,296.875,75.0
2376,D,G,4,C,"(2, 5, 7, 11)",V7,F,B,C,297.0,75.0
2377,D,G,4,C,"(2, 5, 7, 11)",V7,F,B,C,297.125,75.0
2378,D,G,4,C,"(2, 5, 7, 11)",V7,F,B,C,297.25,75.0
2379,D,G,4,C,"(2, 5, 7, 11)",V7,F,B,C,297.375,75.0
2380,D,G,4,C,"(2, 5, 7, 11)",V7,F,B,C,297.5,75.0
2381,D,G,4,C,"(2, 5, 7, 11)",V7,F,B,C,297.625,75.0
2382,D,G,4,C,"(2, 5, 7, 11)",V7,F,B,C,297.75,75.0
2383,D,G,4,C,"(2, 5, 7, 11)",V7,F,B,C,297.875,75.0
2384,D,G,5,C,"(2, 5, 7, 11)",V7,F,B,C,298.0,75.0
2385,D,G,5,C,"(2, 5, 7, 11)",V7,F,B,C,298.125,75.0
2386,D,G,5,C,"(2, 5, 7, 11)",V7,F,B,C,298.25,75.0
2387,D,G,5,C,"(2, 5, 7, 11)",V7,F,B,C,298.375,75.0
2388,D,G,5,C,"(2, 5, 7, 11)",V7,F,B,C,298.5,75.0
2389,D,G,5,C,"(2, 5, 7, 11)",V7,F,B,C,298.625,75.0
2390,D,G,5,C,"(2, 5, 7, 11)",V7,F,B,C,298.75,75.0
2391,D,G,5,C,"(2, 5, 7, 11)",V7,F,B,C,298.875,75.0
2392,D,G,5,C,"(2, 5, 7, 11)",V7,F,B,C,299.0,75.0
2393,D,G,5,C,"(2, 5, 7, 11)",V7,F,B,C,299.125,75.0
2394,D,G,5,C,"(2, 5, 7, 11)",V7,F,B,C,299.25,75.0
2395,D,G,5,C,"(2, 5, 7, 11)",V7,F,B,C,299.375,75.0
2396,D,G,5,C,"(2, 5, 7, 11)",V7,F,B,C,299.5,75.0
2397,D,G,5,C,"(2, 5, 7, 11)",V7,F,B,C,299.625,75.0
2398,D,G,5,C,"(2, 5, 7, 11)",V7,F,B,C,299.75,75.0
2399,D,G,5,C,"(2, 5, 7, 11)",V7,F,B,C,299.875,75.0
2400,D,G,0,C,"(2, 5, 7, 11)",V7,F,B,C,300.0,76.0
2401,D,G,1,C,"(2, 5, 7, 11)",V7,F,B,C,300.125,76.0
2402,D,G,2,C,"(2, 5, 7, 11)",V7,F,B,C,300.25,76.0
2403,D,G,2,C,"(2, 5, 7, 11)",V7,F,B,C,300.375,76.0
2404,D,G,3,C,"(2, 5, 7, 11)",V7,F,B,C,300.5,76.0
2405,D,G,3,C,"(2, 5, 7, 11)",V7,F,B,C,300.625,76.0
2406,D,G,3,C,"(2, 5, 7, 11)",V7,F,B,C,300.75,76.0
2407,D,G,3,C,"(2, 5, 7, 11)",V7,F,B,C,300.875,76.0
2408,D,G,4,C,"(2, 5, 7, 11)",V7,F,B,C,301.0,76.0
2409,D,G,4,C,"(2, 5, 7, 11)",V7,F,B,C,301.125,76.0
2410,D,G,4,C,"(2, 5, 7, 11)",V7,F,B,C,301.25,76.0
2411,D,G,4,C,"(2, 5, 7, 11)",V7,F,B,C,301.375,76.0
2412,D,G,4,C,"(2, 5, 7, 11)",V7,F,B,C,301.5,76.0
2413,D,G,4,C,"(2, 5, 7, 11)",V7,F,B,C,301.625,76.0
2414,D,G,4,C,"(2, 5, 7, 11)",V7,F,B,C,301.75,76.0
2415,D,G,4,C,"(2, 5, 7, 11)",V7,F,B,C,301.875,76.0
2416,D,G,5,C,"(2, 5, 7, 11)",V7,F,B,C,302.0,76.0
2417,D,G,5,C,"(2, 5, 7, 11)",V7,F,B,C,302.125,76.0
2418,D,G,5,C,"(2, 5, 7, 11)",V7,F,B,C,302.25,76.0
2419,D,G,5,C,"(2, 5, 7, 11)",V7,F,B,C,302.375,76.0
2420,D,G,5,C,"(2, 5, 7, 11)",V7,F,B,C,302.5,76.0
2421,D,G,5,C,"(2, 5, 7, 11)",V7,F,B,C,302.625,76.0
2422,D,G,5,C,"(2, 5, 7, 11)",V7,F,B,C,302.75,76.0
2423,D,G,5,C,"(2, 5, 7, 11)",V7,F,B,C,302.875,76.0
2424,D,G,5,C,"(2, 5, 7, 11)",V7,F,B,C,303.0,76.0
2425,D,G,5,C,"(2, 5, 7, 11)",V7,F,B,C,303.125,76.0
2426,D,G,5,C,"(2, 5, 7, 11)",V7,F,B,C,303.25,76.0
2427,D,G,5,C,"(2, 5, 7, 11)",V7,F,B,C,303.375,76.0
2428,D,G,5,C,"(2, 5, 7, 11)",V7,F,B,C,303.5,76.0
2429,D,G,5,C,"(2, 5, 7, 11)",V7,F,B,C,303.625,76.0
2430,D,G,5,C,"(2, 5, 7, 11)",V7,F,B,C,303.75,76.0
2431,D,G,5,C,"(2, 5, 7, 11)",V7,F,B,C,303.875,76.0
2432,G,C,0,C,"(0, 4, 7)",I,C,E,C,304.0,77.0
2433,G,C,1,C,"(0, 4, 7)",I,C,E,C,304.125,77.0
2434,G,C,2,C,"(0, 4, 7)",I,C,E,C,304.25,77.0
2435,G,C,2,C,"(0, 4, 7)",I,C,E,C,304.375,77.0
2436,G,C,3,C,"(0, 4, 7)",I,C,E,C,304.5,77.0
2437,G,C,3,C,"(0, 4, 7)",I,C,E,C,304.625,77.0
2438,G,C,3,C,"(0, 4, 7)",I,C,E,C,304.75,77.0
2439,G,C,3,C,"(0, 4, 7)",I,C,E,C,304.875,77.0
2440,G,C,4,C,"(0, 4, 7)",I,C,E,C,305.0,77.0
2441,G,C,4,C,"(0, 4, 7)",I,C,E,C,305.125,77.0
2442,G,C,4,C,"(0, 4, 7)",I,C,E,C,305.25,77.0
2443,G,C,4,C,"(0, 4, 7)",I,C,E,C,305.375,77.0
2444,G,C,4,C,"(0, 4, 7)",I,C,E,C,305.5,77.0
2445,G,C,4,C,"(0, 4, 7)",I,C,E,C,305.625,77.0
2446,G,C,4,C,"(0, 4, 7)",I,C,E,C,305.75,77.0
2447,G,C,4,C,"(0, 4, 7)",I,C,E,C,305.875,77.0
2448,G,C,5,C,"(0, 4, 7)",I,C,E,C,306.0,77.0
2449,G,C,5,C,"(0, 4, 7)",I,C,E,C,306.125,77.0
2450,G,C,5,C,"(0, 4, 7)",I,C,E,C,306.25,77.0
2451,G,C,5,C,"(0, 4, 7)",I,C,E,C,306.375,77.0
2452,G,C,5,C,"(0, 4, 7)",I,C,E,C,306.5,77.0
2453,G,C,5,C,"(0, 4, 7)",I,C,E,C,306.625,77.0
2454,G,C,5,C,"(0, 4, 7)",I,C,E,C,306.75,77.0
2455,G,C,5,C,"(0, 4, 7)",I,C,E,C,306.875,77.0
2456,G,C,5,C,"(0, 4, 7)",I,C,E,C,307.0,77.0
2457,G,C,5,C,"(0, 4, 7)",I,C,E,C,307.125,77.0
2458,G,C,5,C,"(0, 4, 7)",I,C,E,C,307.25,77.0
2459,G,C,5,C,"(0, 4, 7)",I,C,E,C,307.375,77.0
2460,G,C,5,C,"(0, 4, 7)",I,C,E,C,307.5,77.0
2461,G,C,5,C,"(0, 4, 7)",I,C,E,C,307.625,77.0
2462,G,C,5,C,"(0, 4, 7)",I,C,E,C,307.75,77.0
2463,G,C,5,C,"(0, 4, 7)",I,C,E,C,307.875,77.0
2464,G,C,0,C,"(0, 4, 7)",I,C,E,C,308.0,78.0
2465,G,C,1,C,"(0, 4, 7)",I,C,E,C,308.125,78.0
2466,G,C,2,C,"(0, 4, 7)",I,C,E,C,308.25,78.0
2467,G,C,2,C,"(0, 4, 7)",I,C,E,C,308.375,78.0
2468,G,C,3,C,"(0, 4, 7)",I,C,E,C,308.5,78.0
2469,G,C,3,C,"(0, 4, 7)",I,C,E,C,308.625,78.0
2470,G,C,3,C,"(0, 4, 7)",I,C,E,C,308.75,78.0
2471,G,C,3,C,"(0, 4, 7)",I,C,E,C,308.875,78.0
2472,G,C,4,C,"(0, 4, 7)",I,C,E,C,309.0,78.0
2473,G,C,4,C,"(0, 4, 7)",I,C,E,C,309.125,78.0
2474,G,C,4,C,"(0, 4, 7)",I,C,E,C,309.25,78.0
2475,G,C,4,C,"(0, 4, 7)",I,C,E,C,309.375,78.0
2476,G,C,4,C,"(0, 4, 7)",I,C,E,C,309.5,78.0
2477,G,C,4,C,"(0, 4, 7)",I,C,E,C,309.625,78.0
2478,G,C,4,C,"(0, 4, 7)",I,C,E,C,309.75,78.0
2479,G,C,4,C,"(0, 4, 7)",I,C,E,C,309.875,78.0
2480,G,C,5,C,"(0, 4, 7)",I,C,E,C,310.0,78.0
2481,G,C,5,C,"(0, 4, 7)",I,C,E,C,310.125,78.0
2482,G,C,5,C,"(0, 4, 7)",I,C,E,C,310.25,78.0
2483,G,C,5,C,"(0, 4, 7)",I,C,E,C,310.375,78.0
2484,G,C,5,C,"(0, 4, 7)",I,C,E,C,310.5,78.0
2485,G,C,5,C,"(0, 4, 7)",I,C,E,C,310.625,78.0
2486,G,C,5,C,"(0, 4, 7)",I,C,E,C,310.75,78.0
2487,G,C,5,C,"(0, 4, 7)",I,C,E,C,310.875,78.0
2488,G,C,5,C,"(0, 4, 7)",I,C,E,C,311.0,78.0
2489,G,C,5,C,"(0, 4, 7)",I,C,E,C,311.125,78.0
2490,G,C,5,C,"(0, 4, 7)",I,C,E,C,311.25,78.0
2491,G,C,5,C,"(0, 4, 7)",I,C,E,C,311.375,78.0
2492,G,C,5,C,"(0, 4, 7)",I,C,E,C,311.5,78.0
2493,G,C,5,C,"(0, 4, 7)",I,C,E,C,311.625,78.0
2494,G,C,5,C,"(0, 4, 7)",I,C,E,C,311.75,78.0
2495,G,C,5,C,"(0, 4, 7)",I,C,E,C,311.875,78.0
2496,G,C,6,C,"(0, 4, 7)",I,C,E,C,312.0,79.0
2497,G,C,1,C,"(0, 4, 7)",I,C,E,C,312.125,79.0
2498,G,C,6,C,"(0, 4, 7)",I,C,E,C,312.25,79.0
2499,G,C,6,C,"(0, 4, 7)",I,C,E,C,312.375,79.0
2500,G,C,3,C,"(0, 4, 7)",I,C,E,C,312.5,79.0
2501,G,C,3,C,"(0, 4, 7)",I,C,E,C,312.625,79.0
2502,G,C,6,C,"(0, 4, 7)",I,C,E,C,312.75,79.0
2503,G,C,6,C,"(0, 4, 7)",I,C,E,C,312.875,79.0
2504,G,C,4,C,"(0, 4, 7)",I,C,E,C,313.0,79.0
2505,G,C,4,C,"(0, 4, 7)",I,C,E,C,313.125,79.0
2506,G,C,6,C,"(0, 4, 7)",I,C,E,C,313.25,79.0
2507,G,C,6,C,"(0, 4, 7)",I,C,E,C,313.375,79.0
2508,G,C,4,C,"(0, 4, 7)",I,C,E,C,313.5,79.0
2509,G,C,4,C,"(0, 4, 7)",I,C,E,C,313.625,79.0
2510,G,C,6,C,"(0, 4, 7)",I,C,E,C,313.75,79.0
2511,G,C,6,C,"(0, 4, 7)",I,C,E,C,313.875,79.0
2512,G,C,5,C,"(0, 4, 7)",I,C,E,C,314.0,79.0
2513,G,C,5,C,"(0, 4, 7)",I,C,E,C,314.125,79.0
2514,G,C,6,C,"(0, 4, 7)",I,C,E,C,314.25,79.0
2515,G,C,6,C,"(0, 4, 7)",I,C,E,C,314.375,79.0
2516,G,C,5,C,"(0, 4, 7)",I,C,E,C,314.5,79.0
2517,G,C,5,C,"(0, 4, 7)",I,C,E,C,314.625,79.0
2518,G,C,6,C,"(0, 4, 7)",I,C,E,C,314.75,79.0
2519,G,C,6,C,"(0, 4, 7)",I,C,E,C,314.875,79.0
2520,G,C,5,C,"(0, 4, 7)",I,C,E,C,315.0,79.0
2521,G,C,5,C,"(0, 4, 7)",I,C,E,C,315.125,79.0
2522,G,C,5,C,"(0, 4, 7)",I,C,E,C,315.25,79.0
2523,G,C,5,C,"(0, 4, 7)",I,C,E,C,315.375,79.0
2524,G,C,6,C,"(0, 4, 7)",I,C,E,C,315.5,79.0
2525,G,C,6,C,"(0, 4, 7)",I,C,E,C,315.625,79.0
2526,G,C,6,C,"(0, 4, 7)",I,C,E,C,315.75,79.0
2527,G,C,6,C,"(0, 4, 7)",I,C,E,C,315.875,79.0
2528,C--,C--,6,A,"(0, 1, 5, 8)",Cad,C--,C--,A,,
2529,C--,C--,6,A,"(0, 1, 5, 8)",Cad,C--,C--,A,,
2530,C--,C--,6,A,"(0, 1, 5, 8)",Cad,C--,C--,A,,
2531,C--,C--,6,A,"(0, 1, 5, 8)",Cad,C--,C--,A,,
2532,C--,C--,6,A,"(0, 1, 5, 8)",Cad,C--,C--,A,,
2533,C--,C--,6,A,"(0, 1, 5, 8)",Cad,C--,C--,A,,
2534,C--,C--,6,A,"(0, 1, 5, 8)",Cad,C--,C--,A,,
2535,C--,C--,6,A,"(0, 1, 5, 8)",Cad,C--,C--,A,,
2536,C--,C--,6,A,"(0, 1, 5, 8)",Cad,C--,C--,A,,
2537,C--,C--,6,A,"(0, 1, 5, 8)",Cad,C--,C--,A,,
2538,C--,C--,6,A,"(0, 1, 5, 8)",Cad,C--,C--,A,,
2539,C--,C--,6,A,"(0, 1, 5, 8)",Cad,C--,C--,A,,
2540,C--,C--,6,A,"(0, 1, 5, 8)",Cad,C--,C--,A,,
2541,C--,C--,6,A,"(0, 1, 5, 8)",Cad,C--,C--,A,,
2542,C--,C--,6,A,"(0, 1, 5, 8)",Cad,C--,C--,A,,
2543,C--,C--,6,A,"(0, 1, 5, 8)",Cad,C--,C--,A,,
2544,C--,C--,6,A,"(0, 1, 5, 8)",Cad,C--,C--,A,,
2545,C--,C--,6,A,"(0, 1, 5, 8)",Cad,C--,C--,A,,
2546,C--,C--,6,A,"(0, 1, 5, 8)",Cad,C--,C--,A,,
2547,C--,C--,6,A,"(0, 1, 5, 8)",Cad,C--,C--,A,,
2548,C--,C--,6,A,"(0, 1, 5, 8)",Cad,C--,C--,A,,
2549,C--,C--,6,A,"(0, 1, 5, 8)",Cad,C--,C--,A,,
2550,C--,C--,6,A,"(0, 1, 5, 8)",Cad,C--,C--,A,,
2551,C--,C--,6,A,"(0, 1, 5, 8)",Cad,C--,C--,A,,
2552,C--,C--,6,A,"(0, 1, 5, 8)",Cad,C--,C--,A,,
2553,C--,C--,6,A,"(0, 1, 5, 8)",Cad,C--,C--,A,,
2554,C--,C--,6,A,"(0, 1, 5, 8)",Cad,C--,C--,A,,
2555,C--,C--,6,A,"(0, 1, 5, 8)",Cad,C--,C--,A,,
2556,C--,C--,6,A,"(0, 1, 5, 8)",Cad,C--,C--,A,,
2557,C--,C--,6,A,"(0, 1, 5, 8)",Cad,C--,C--,A,,
2558,C--,C--,6,A,"(0, 1, 5, 8)",Cad,C--,C--,A,,
2559,C--,C--,6,A,"(0, 1, 5, 8)",Cad,C--,C--,A,,
