,Alto35,Bass35,HarmonicRhythm7,LocalKey38,PitchClassSet121,RomanNumeral31,Soprano35,Tenor35,TonicizedKey38,offset,measure
0,F,B-,0,B-,"(2, 5, 10)",I,B-,D,B-,0.0,1.0
1,F,B-,1,B-,"(2, 5, 10)",I,B-,D,B-,0.125,1.0
2,F,B-,2,B-,"(2, 5, 10)",I,B-,D,B-,0.25,1.0
3,F,B-,2,B-,"(2, 5, 10)",I,B-,D,B-,0.375,1.0
4,F,B-,3,B-,"(2, 5, 10)",I,B-,D,B-,0.5,1.0
5,F,B-,3,B-,"(2, 5, 10)",I,B-,D,B-,0.625,1.0
6,F,B-,3,B-,"(2, 5, 10)",I,B-,D,B-,0.75,1.0
7,F,B-,3,B-,"(2, 5, 10)",I,B-,D,B-,0.875,1.0
8,F,B-,4,B-,"(2, 5, 10)",I,B-,D,B-,1.0,1.0
9,F,B-,4,B-,"(2, 5, 10)",I,B-,D,B-,1.125,1.0
10,F,B-,4,B-,"(2, 5, 10)",I,B-,D,B-,1.25,1.0
11,F,B-,4,B-,"(2, 5, 10)",I,B-,D,B-,1.375,1.0
12,F,B-,4,B-,"(2, 5, 10)",I,B-,D,B-,1.5,1.0
13,F,B-,4,B-,"(2, 5, 10)",I,B-,D,B-,1.625,1.0
14,F,B-,4,B-,"(2, 5, 10)",I,B-,D,B-,1.75,1.0
15,F,B-,4,B-,"(2, 5, 10)",I,B-,D,B-,1.875,1.0
16,F,B-,5,B-,"(2, 5, 10)",I,B-,D,B-,2.0,1.0
17,F,B-,5,B-,"(2, 5, 10)",I,B-,D,B-,2.125,1.0
18,F,B-,5,B-,"(2, 5, 10)",I,B-,D,B-,2.25,1.0
19,F,B-,5,B-,"(2, 5, 10)",I,B-,D,B-,2.375,1.0
20,F,B-,5,B-,"(2, 5, 10)",I,B-,D,B-,2.5,1.0
21,F,B-,5,B-,"(2, 5, 10)",I,B-,D,B-,2.625,1.0
22,F,B-,5,B-,"(2, 5, 10)",I,B-,D,B-,2.75,1.0
23,F,B-,5,B-,"(2, 5, 10)",I,B-,D,B-,2.875,1.0
24,F,B-,5,B-,"(2, 5, 10)",I,B-,D,B-,3.0,1.0
25,F,B-,5,B-,"(2, 5, 10)",I,B-,D,B-,3.125,1.0
26,F,B-,5,B-,"(2, 5, 10)",I,B-,D,B-,3.25,1.0
27,F,B-,5,B-,"(2, 5, 10)",I,B-,D,B-,3.375,1.0
28,F,B-,5,B-,"(2, 5, 10)",I,B-,D,B-,3.5,1.0
29,F,B-,5,B-,"(2, 5, 10)",I,B-,D,B-,3.625,1.0
30,F,B-,5,B-,"(2, 5, 10)",I,B-,D,B-,3.75,1.0
31,F,B-,5,B-,"(2, 5, 10)",I,B-,D,B-,3.875,1.0
32,C,F,0,B-,"(0, 5, 9)",V,F,A,B-,4.0,2.0
33,C,F,1,B-,"(0, 5, 9)",V,F,A,B-,4.125,2.0
34,C,F,2,B-,"(0, 5, 9)",V,F,A,B-,4.25,2.0
35,C,F,2,B-,"(0, 5, 9)",V,F,A,B-,4.375,2.0
36,C,F,3,B-,"(0, 5, 9)",V,F,A,B-,4.5,2.0
37,C,F,3,B-,"(0, 5, 9)",V,F,A,B-,4.625,2.0
38,C,F,3,B-,"(0, 5, 9)",V,F,A,B-,4.75,2.0
39,C,F,3,B-,"(0, 5, 9)",V,F,A,B-,4.875,2.0
40,C,F,4,B-,"(0, 5, 9)",V,F,A,B-,5.0,2.0
41,C,F,4,B-,"(0, 5, 9)",V,F,A,B-,5.125,2.0
42,C,F,4,B-,"(0, 5, 9)",V,F,A,B-,5.25,2.0
43,C,F,4,B-,"(0, 5, 9)",V,F,A,B-,5.375,2.0
44,C,F,4,B-,"(0, 5, 9)",V,F,A,B-,5.5,2.0
45,C,F,4,B-,"(0, 5, 9)",V,F,A,B-,5.625,2.0
46,C,F,4,B-,"(0, 5, 9)",V,F,A,B-,5.75,2.0
47,C,F,4,B-,"(0, 5, 9)",V,F,A,B-,5.875,2.0
48,C,F,5,B-,"(0, 5, 9)",V,F,A,B-,6.0,2.0
49,C,F,5,B-,"(0, 5, 9)",V,F,A,B-,6.125,2.0
50,C,F,5,B-,"(0, 5, 9)",V,F,A,B-,6.25,2.0
51,C,F,5,B-,"(0, 5, 9)",V,F,A,B-,6.375,2.0
52,C,F,5,B-,"(0, 5, 9)",V,F,A,B-,6.5,2.0
53,C,F,5,B-,"(0, 5, 9)",V,F,A,B-,6.625,2.0
54,C,F,5,B-,"(0, 5, 9)",V,F,A,B-,6.75,2.0
55,C,F,5,B-,"(0, 5, 9)",V,F,A,B-,6.875,2.0
56,C,F,5,B-,"(0, 5, 9)",V,F,A,B-,7.0,2.0
57,C,F,5,B-,"(0, 5, 9)",V,F,A,B-,7.125,2.0
58,C,F,5,B-,"(0, 5, 9)",V,F,A,B-,7.25,2.0
59,C,F,5,B-,"(0, 5, 9)",V,F,A,B-,7.375,2.0
60,C,F,5,B-,"(0, 5, 9)",V,F,A,B-,7.5,2.0
61,C,F,5,B-,"(0, 5, 9)",V,F,A,B-,7.625,2.0
62,C,F,5,B-,"(0, 5, 9)",V,F,A,B-,7.75,2.0
63,C,F,5,B-,"(0, 5, 9)",V,F,A,B-,7.875,2.0
64,C,F,0,B-,"(0, 5, 9)",V,F,A,B-,8.0,3.0
65,C,F,1,B-,"(0, 5, 9)",V,F,A,B-,8.125,3.0
66,C,F,2,B-,"(0, 5, 9)",V,F,A,B-,8.25,3.0
67,C,F,2,B-,"(0, 5, 9)",V,F,A,B-,8.375,3.0
68,C,F,3,B-,"(0, 5, 9)",V,F,A,B-,8.5,3.0
69,C,F,3,B-,"(0, 5, 9)",V,F,A,B-,8.625,3.0
70,C,F,3,B-,"(0, 5, 9)",V,F,A,B-,8.75,3.0
71,C,F,3,B-,"(0, 5, 9)",V,F,A,B-,8.875,3.0
72,C,F,4,B-,"(0, 5, 9)",V,F,A,B-,9.0,3.0
73,C,F,4,B-,"(0, 5, 9)",V,F,A,B-,9.125,3.0
74,C,F,4,B-,"(0, 5, 9)",V,F,A,B-,9.25,3.0
75,C,F,4,B-,"(0, 5, 9)",V,F,A,B-,9.375,3.0
76,C,F,4,B-,"(0, 5, 9)",V,F,A,B-,9.5,3.0
77,C,F,4,B-,"(0, 5, 9)",V,F,A,B-,9.625,3.0
78,C,F,4,B-,"(0, 5, 9)",V,F,A,B-,9.75,3.0
79,C,F,4,B-,"(0, 5, 9)",V,F,A,B-,9.875,3.0
80,C,F,5,B-,"(0, 5, 9)",V,F,A,B-,10.0,3.0
81,C,F,5,B-,"(0, 5, 9)",V,F,A,B-,10.125,3.0
82,C,F,5,B-,"(0, 5, 9)",V,F,A,B-,10.25,3.0
83,C,F,5,B-,"(0, 5, 9)",V,F,A,B-,10.375,3.0
84,C,F,5,B-,"(0, 5, 9)",V,F,A,B-,10.5,3.0
85,C,F,5,B-,"(0, 5, 9)",V,F,A,B-,10.625,3.0
86,C,F,5,B-,"(0, 5, 9)",V,F,A,B-,10.75,3.0
87,C,F,5,B-,"(0, 5, 9)",V,F,A,B-,10.875,3.0
88,C,F,5,B-,"(0, 5, 9)",V,F,A,B-,11.0,3.0
89,C,F,5,B-,"(0, 5, 9)",V,F,A,B-,11.125,3.0
90,C,F,5,B-,"(0, 5, 9)",V,F,A,B-,11.25,3.0
91,C,F,5,B-,"(0, 5, 9)",V,F,A,B-,11.375,3.0
92,C,F,5,B-,"(0, 5, 9)",V,F,A,B-,11.5,3.0
93,C,F,5,B-,"(0, 5, 9)",V,F,A,B-,11.625,3.0
94,C,F,5,B-,"(0, 5, 9)",V,F,A,B-,11.75,3.0
95,C,F,5,B-,"(0, 5, 9)",V,F,A,B-,11.875,3.0
96,F,B-,0,B-,"(2, 5, 10)",I,B-,D,B-,12.0,4.0
97,F,B-,1,B-,"(2, 5, 10)",I,B-,D,B-,12.125,4.0
98,F,B-,2,B-,"(2, 5, 10)",I,B-,D,B-,12.25,4.0
99,F,B-,2,B-,"(2, 5, 10)",I,B-,D,B-,12.375,4.0
100,F,B-,3,B-,"(2, 5, 10)",I,B-,D,B-,12.5,4.0
101,F,B-,3,B-,"(2, 5, 10)",I,B-,D,B-,12.625,4.0
102,F,B-,3,B-,"(2, 5, 10)",I,B-,D,B-,12.75,4.0
103,F,B-,3,B-,"(2, 5, 10)",I,B-,D,B-,12.875,4.0
104,F,B-,4,B-,"(2, 5, 10)",I,B-,D,B-,13.0,4.0
105,F,B-,4,B-,"(2, 5, 10)",I,B-,D,B-,13.125,4.0
106,F,B-,4,B-,"(2, 5, 10)",I,B-,D,B-,13.25,4.0
107,F,B-,4,B-,"(2, 5, 10)",I,B-,D,B-,13.375,4.0
108,F,B-,4,B-,"(2, 5, 10)",I,B-,D,B-,13.5,4.0
109,F,B-,4,B-,"(2, 5, 10)",I,B-,D,B-,13.625,4.0
110,F,B-,4,B-,"(2, 5, 10)",I,B-,D,B-,13.75,4.0
111,F,B-,4,B-,"(2, 5, 10)",I,B-,D,B-,13.875,4.0
112,F,B-,5,B-,"(2, 5, 10)",I,B-,D,B-,14.0,4.0
113,F,B-,5,B-,"(2, 5, 10)",I,B-,D,B-,14.125,4.0
114,F,B-,5,B-,"(2, 5, 10)",I,B-,D,B-,14.25,4.0
115,F,B-,5,B-,"(2, 5, 10)",I,B-,D,B-,14.375,4.0
116,F,B-,5,B-,"(2, 5, 10)",I,B-,D,B-,14.5,4.0
117,F,B-,5,B-,"(2, 5, 10)",I,B-,D,B-,14.625,4.0
118,F,B-,5,B-,"(2, 5, 10)",I,B-,D,B-,14.75,4.0
119,F,B-,5,B-,"(2, 5, 10)",I,B-,D,B-,14.875,4.0
120,F,B-,5,B-,"(2, 5, 10)",I,B-,D,B-,15.0,4.0
121,F,B-,5,B-,"(2, 5, 10)",I,B-,D,B-,15.125,4.0
122,F,B-,5,B-,"(2, 5, 10)",I,B-,D,B-,15.25,4.0
123,F,B-,5,B-,"(2, 5, 10)",I,B-,D,B-,15.375,4.0
124,F,B-,5,B-,"(2, 5, 10)",I,B-,D,B-,15.5,4.0
125,F,B-,5,B-,"(2, 5, 10)",I,B-,D,B-,15.625,4.0
126,F,B-,5,B-,"(2, 5, 10)",I,B-,D,B-,15.75,4.0
127,F,B-,5,B-,"(2, 5, 10)",I,B-,D,B-,15.875,4.0
128,B-,E-,0,B-,"(3, 7, 10)",IV,E-,G,B-,16.0,5.0
129,B-,E-,1,B-,"(3, 7, 10)",IV,E-,G,B-,16.125,5.0
130,B-,E-,2,B-,"(3, 7, 10)",IV,E-,G,B-,16.25,5.0
131,B-,E-,2,B-,"(3, 7, 10)",IV,E-,G,B-,16.375,5.0
132,B-,E-,3,B-,"(3, 7, 10)",IV,E-,G,B-,16.5,5.0
133,B-,E-,3,B-,"(3, 7, 10)",IV,E-,G,B-,16.625,5.0
134,B-,E-,3,B-,"(3, 7, 10)",IV,E-,G,B-,16.75,5.0
135,B-,E-,3,B-,"(3, 7, 10)",IV,E-,G,B-,16.875,5.0
136,B-,E-,4,B-,"(3, 7, 10)",IV,E-,G,B-,17.0,5.0
137,B-,E-,4,B-,"(3, 7, 10)",IV,E-,G,B-,17.125,5.0
138,B-,E-,4,B-,"(3, 7, 10)",IV,E-,G,B-,17.25,5.0
139,B-,E-,4,B-,"(3, 7, 10)",IV,E-,G,B-,17.375,5.0
140,B-,E-,4,B-,"(3, 7, 10)",IV,E-,G,B-,17.5,5.0
141,B-,E-,4,B-,"(3, 7, 10)",IV,E-,G,B-,17.625,5.0
142,B-,E-,4,B-,"(3, 7, 10)",IV,E-,G,B-,17.75,5.0
143,B-,E-,4,B-,"(3, 7, 10)",IV,E-,G,B-,17.875,5.0
144,B-,E-,5,B-,"(3, 7, 10)",IV,E-,G,B-,18.0,5.0
145,B-,E-,5,B-,"(3, 7, 10)",IV,E-,G,B-,18.125,5.0
146,B-,E-,5,B-,"(3, 7, 10)",IV,E-,G,B-,18.25,5.0
147,B-,E-,5,B-,"(3, 7, 10)",IV,E-,G,B-,18.375,5.0
148,B-,E-,5,B-,"(3, 7, 10)",IV,E-,G,B-,18.5,5.0
149,B-,E-,5,B-,"(3, 7, 10)",IV,E-,G,B-,18.625,5.0
150,B-,E-,5,B-,"(3, 7, 10)",IV,E-,G,B-,18.75,5.0
151,B-,E-,5,B-,"(3, 7, 10)",IV,E-,G,B-,18.875,5.0
152,B-,E-,5,B-,"(3, 7, 10)",IV,E-,G,B-,19.0,5.0
153,B-,E-,5,B-,"(3, 7, 10)",IV,E-,G,B-,19.125,5.0
154,B-,E-,5,B-,"(3, 7, 10)",IV,E-,G,B-,19.25,5.0
155,B-,E-,5,B-,"(3, 7, 10)",IV,E-,G,B-,19.375,5.0
156,B-,E-,5,B-,"(3, 7, 10)",IV,E-,G,B-,19.5,5.0
157,B-,E-,5,B-,"(3, 7, 10)",IV,E-,G,B-,19.625,5.0
158,B-,E-,5,B-,"(3, 7, 10)",IV,E-,G,B-,19.75,5.0
159,B-,E-,5,B-,"(3, 7, 10)",IV,E-,G,B-,19.875,5.0
160,B-,D,0,B-,"(2, 5, 10)",I,B-,F,B-,20.0,6.0
161,B-,D,1,B-,"(2, 5, 10)",I,B-,F,B-,20.125,6.0
162,B-,D,2,B-,"(2, 5, 10)",I,B-,F,B-,20.25,6.0
163,B-,D,2,B-,"(2, 5, 10)",I,B-,F,B-,20.375,6.0
164,B-,D,3,B-,"(2, 5, 10)",I,B-,F,B-,20.5,6.0
165,B-,D,3,B-,"(2, 5, 10)",I,B-,F,B-,20.625,6.0
166,B-,D,3,B-,"(2, 5, 10)",I,B-,F,B-,20.75,6.0
167,B-,D,3,B-,"(2, 5, 10)",I,B-,F,B-,20.875,6.0
168,F,D,4,B-,"(2, 5, 10)",I,B-,F,B-,21.0,6.0
169,F,D,4,B-,"(2, 5, 10)",I,B-,F,B-,21.125,6.0
170,F,D,4,B-,"(2, 5, 10)",I,B-,F,B-,21.25,6.0
171,F,D,4,B-,"(2, 5, 10)",I,B-,F,B-,21.375,6.0
172,F,D,4,B-,"(2, 5, 10)",I,B-,F,B-,21.5,6.0
173,F,D,4,B-,"(2, 5, 10)",I,B-,F,B-,21.625,6.0
174,F,D,4,B-,"(2, 5, 10)",I,B-,F,B-,21.75,6.0
175,F,D,4,B-,"(2, 5, 10)",I,B-,F,B-,21.875,6.0
176,F,B-,5,B-,"(2, 5, 10)",I,B-,D,B-,22.0,6.0
177,F,B-,5,B-,"(2, 5, 10)",I,B-,D,B-,22.125,6.0
178,F,B-,5,B-,"(2, 5, 10)",I,B-,D,B-,22.25,6.0
179,F,B-,5,B-,"(2, 5, 10)",I,B-,D,B-,22.375,6.0
180,F,B-,5,B-,"(2, 5, 10)",I,B-,D,B-,22.5,6.0
181,F,B-,5,B-,"(2, 5, 10)",I,B-,D,B-,22.625,6.0
182,F,B-,5,B-,"(2, 5, 10)",I,B-,D,B-,22.75,6.0
183,F,B-,5,B-,"(2, 5, 10)",I,B-,D,B-,22.875,6.0
184,F,B-,5,B-,"(2, 5, 10)",I,B-,D,B-,23.0,6.0
185,F,B-,5,B-,"(2, 5, 10)",I,B-,D,B-,23.125,6.0
186,F,B-,5,B-,"(2, 5, 10)",I,B-,D,B-,23.25,6.0
187,F,B-,5,B-,"(2, 5, 10)",I,B-,D,B-,23.375,6.0
188,F,B-,5,B-,"(2, 5, 10)",I,B-,D,B-,23.5,6.0
189,F,B-,5,B-,"(2, 5, 10)",I,B-,D,B-,23.625,6.0
190,F,B-,5,B-,"(2, 5, 10)",I,B-,D,B-,23.75,6.0
191,F,B-,5,B-,"(2, 5, 10)",I,B-,D,B-,23.875,6.0
192,C,F,0,B-,"(0, 5, 9)",V,F,A,B-,24.0,7.0
193,C,F,1,B-,"(0, 5, 9)",V,F,A,B-,24.125,7.0
194,C,F,2,B-,"(0, 5, 9)",V,F,A,B-,24.25,7.0
195,C,F,2,B-,"(0, 5, 9)",V,F,A,B-,24.375,7.0
196,C,F,3,B-,"(0, 5, 9)",V,F,A,B-,24.5,7.0
197,C,F,3,B-,"(0, 5, 9)",V,F,A,B-,24.625,7.0
198,C,F,3,B-,"(0, 5, 9)",V,F,A,B-,24.75,7.0
199,C,F,3,B-,"(0, 5, 9)",V,F,A,B-,24.875,7.0
200,F,B-,0,B-,"(2, 5, 10)",I,B-,D,B-,25.0,7.0
201,F,B-,1,B-,"(2, 5, 10)",I,B-,D,B-,25.125,7.0
202,F,B-,2,B-,"(2, 5, 10)",I,B-,D,B-,25.25,7.0
203,F,B-,2,B-,"(2, 5, 10)",I,B-,D,B-,25.375,7.0
204,F,B-,3,B-,"(2, 5, 10)",I,B-,D,B-,25.5,7.0
205,F,B-,3,B-,"(2, 5, 10)",I,B-,D,B-,25.625,7.0
206,F,B-,3,B-,"(2, 5, 10)",I,B-,D,B-,25.75,7.0
207,F,B-,3,B-,"(2, 5, 10)",I,B-,D,B-,25.875,7.0
208,C,F,0,B-,"(0, 5, 9)",V,F,A,B-,26.0,7.0
209,C,F,1,B-,"(0, 5, 9)",V,F,A,B-,26.125,7.0
210,C,F,2,B-,"(0, 5, 9)",V,F,A,B-,26.25,7.0
211,C,F,2,B-,"(0, 5, 9)",V,F,A,B-,26.375,7.0
212,C,F,3,B-,"(0, 5, 9)",V,F,A,B-,26.5,7.0
213,C,F,3,B-,"(0, 5, 9)",V,F,A,B-,26.625,7.0
214,C,F,3,B-,"(0, 5, 9)",V,F,A,B-,26.75,7.0
215,C,F,3,B-,"(0, 5, 9)",V,F,A,B-,26.875,7.0
216,F,B-,0,B-,"(2, 5, 10)",I,B-,D,B-,27.0,7.0
217,F,B-,1,B-,"(2, 5, 10)",I,B-,D,B-,27.125,7.0
218,F,B-,2,B-,"(2, 5, 10)",I,B-,D,B-,27.25,7.0
219,F,B-,2,B-,"(2, 5, 10)",I,B-,D,B-,27.375,7.0
220,F,B-,3,B-,"(2, 5, 10)",I,B-,D,B-,27.5,7.0
221,F,B-,3,B-,"(2, 5, 10)",I,B-,D,B-,27.625,7.0
222,F,B-,3,B-,"(2, 5, 10)",I,B-,D,B-,27.75,7.0
223,F,B-,3,B-,"(2, 5, 10)",I,B-,D,B-,27.875,7.0
224,C,F,0,B-,"(0, 5, 9)",V,F,A,B-,28.0,8.0
225,C,F,1,B-,"(0, 5, 9)",V,F,A,B-,28.125,8.0
226,C,F,2,B-,"(0, 5, 9)",V,F,A,B-,28.25,8.0
227,C,F,2,B-,"(0, 5, 9)",V,F,A,B-,28.375,8.0
228,C,F,3,B-,"(0, 5, 9)",V,F,A,B-,28.5,8.0
229,C,F,3,B-,"(0, 5, 9)",V,F,A,B-,28.625,8.0
230,C,F,3,B-,"(0, 5, 9)",V,F,A,B-,28.75,8.0
231,C,F,3,B-,"(0, 5, 9)",V,F,A,B-,28.875,8.0
232,C,F,4,B-,"(0, 5, 9)",V,F,A,B-,29.0,8.0
233,C,F,4,B-,"(0, 5, 9)",V,F,A,B-,29.125,8.0
234,C,F,4,B-,"(0, 5, 9)",V,F,A,B-,29.25,8.0
235,C,F,4,B-,"(0, 5, 9)",V,F,A,B-,29.375,8.0
236,C,F,4,B-,"(0, 5, 9)",V,F,A,B-,29.5,8.0
237,C,F,4,B-,"(0, 5, 9)",V,F,A,B-,29.625,8.0
238,C,F,4,B-,"(0, 5, 9)",V,F,A,B-,29.75,8.0
239,C,F,4,B-,"(0, 5, 9)",V,F,A,B-,29.875,8.0
240,C,F,0,B-,"(0, 5, 9)",V,F,A,B-,30.0,8.0
241,C,F,1,B-,"(0, 5, 9)",V,F,A,B-,30.125,8.0
242,C,F,2,B-,"(0, 5, 9)",V,F,A,B-,30.25,8.0
243,C,F,2,B-,"(0, 5, 9)",V,F,A,B-,30.375,8.0
244,C,F,3,B-,"(0, 5, 9)",V,F,A,B-,30.5,8.0
245,C,F,3,B-,"(0, 5, 9)",V,F,A,B-,30.625,8.0
246,C,F,3,B-,"(0, 5, 9)",V,F,A,B-,30.75,8.0
247,C,F,3,B-,"(0, 5, 9)",V,F,A,B-,30.875,8.0
248,C,F,4,B-,"(0, 5, 9)",V,F,A,B-,31.0,8.0
249,C,F,4,B-,"(0, 5, 9)",V,F,A,B-,31.125,8.0
250,C,F,4,B-,"(0, 5, 9)",V,F,A,B-,31.25,8.0
251,C,F,4,B-,"(0, 5, 9)",V,F,A,B-,31.375,8.0
252,C,F,4,B-,"(0, 5, 9)",V,F,A,B-,31.5,8.0
253,C,F,4,B-,"(0, 5, 9)",V,F,A,B-,31.625,8.0
254,C,F,4,B-,"(0, 5, 9)",V,F,A,B-,31.75,8.0
255,C,F,4,B-,"(0, 5, 9)",V,F,A,B-,31.875,8.0
256,C,F,0,B-,"(0, 5, 9)",V,F,A,B-,32.0,9.0
257,C,F,1,B-,"(0, 5, 9)",V,F,A,B-,32.125,9.0
258,C,F,2,B-,"(0, 5, 9)",V,F,A,B-,32.25,9.0
259,C,F,2,B-,"(0, 5, 9)",V,F,A,B-,32.375,9.0
260,C,F,3,B-,"(0, 5, 9)",V,F,A,B-,32.5,9.0
261,C,F,3,B-,"(0, 5, 9)",V,F,A,B-,32.625,9.0
262,C,F,3,B-,"(0, 5, 9)",V,F,A,B-,32.75,9.0
263,C,F,3,B-,"(0, 5, 9)",V,F,A,B-,32.875,9.0
264,C,F,4,B-,"(0, 5, 9)",V,F,A,B-,33.0,9.0
265,C,F,4,B-,"(0, 5, 9)",V,F,A,B-,33.125,9.0
266,C,F,4,B-,"(0, 5, 9)",V,F,A,B-,33.25,9.0
267,C,F,4,B-,"(0, 5, 9)",V,F,A,B-,33.375,9.0
268,C,F,4,B-,"(0, 5, 9)",V,F,A,B-,33.5,9.0
269,C,F,4,B-,"(0, 5, 9)",V,F,A,B-,33.625,9.0
270,C,F,4,B-,"(0, 5, 9)",V,F,A,B-,33.75,9.0
271,C,F,4,B-,"(0, 5, 9)",V,F,A,B-,33.875,9.0
272,C,F,5,B-,"(0, 5, 9)",V,F,A,B-,34.0,9.0
273,C,F,5,B-,"(0, 5, 9)",V,F,A,B-,34.125,9.0
274,C,F,5,B-,"(0, 5, 9)",V,F,A,B-,34.25,9.0
275,C,F,5,B-,"(0, 5, 9)",V,F,A,B-,34.375,9.0
276,C,F,5,B-,"(0, 5, 9)",V,F,A,B-,34.5,9.0
277,C,F,5,B-,"(0, 5, 9)",V,F,A,B-,34.625,9.0
278,C,F,5,B-,"(0, 5, 9)",V,F,A,B-,34.75,9.0
279,C,F,5,B-,"(0, 5, 9)",V,F,A,B-,34.875,9.0
280,C,F,5,B-,"(0, 5, 9)",V,F,A,B-,35.0,9.0
281,C,F,5,B-,"(0, 5, 9)",V,F,A,B-,35.125,9.0
282,C,F,5,B-,"(0, 5, 9)",V,F,A,B-,35.25,9.0
283,C,F,5,B-,"(0, 5, 9)",V,F,A,B-,35.375,9.0
284,C,F,5,B-,"(0, 5, 9)",V,F,A,B-,35.5,9.0
285,C,F,5,B-,"(0, 5, 9)",V,F,A,B-,35.625,9.0
286,C,F,5,B-,"(0, 5, 9)",V,F,A,B-,35.75,9.0
287,C,F,5,B-,"(0, 5, 9)",V,F,A,B-,35.875,9.0
288,C,E,0,B-,"(0, 4, 7)",V,C,G,B-,36.0,10.0
289,C,E,1,B-,"(0, 4, 7)",V,C,G,F,36.125,10.0
290,C,E,2,B-,"(0, 4, 7)",V,C,G,B-,36.25,10.0
291,C,E,2,B-,"(0, 4, 7)",V,C,G,B-,36.375,10.0
292,C,E,3,B-,"(0, 4, 7)",V,C,G,B-,36.5,10.0
293,C,E,3,B-,"(0, 4, 7)",V,C,G,B-,36.625,10.0
294,C,E,3,B-,"(0, 4, 7)",V,C,G,B-,36.75,10.0
295,C,E,3,B-,"(0, 4, 7)",V,C,G,B-,36.875,10.0
296,C,F,0,B-,"(0, 3, 5, 9)",V7,C,A,B-,37.0,10.0
297,C,F,1,B-,"(0, 3, 5, 9)",V7,E-,A,B-,37.125,10.0
298,C,F,2,B-,"(0, 3, 5, 9)",V7,E-,A,B-,37.25,10.0
299,C,F,2,B-,"(0, 3, 5, 9)",V7,E-,A,B-,37.375,10.0
300,C,F,3,B-,"(0, 3, 5, 9)",V7,E-,A,B-,37.5,10.0
301,C,F,3,B-,"(0, 3, 5, 9)",V7,E-,A,B-,37.625,10.0
302,C,F,3,B-,"(0, 3, 5, 9)",V7,E-,A,B-,37.75,10.0
303,C,F,3,B-,"(0, 3, 5, 9)",V7,E-,A,B-,37.875,10.0
304,B-,D,0,B-,"(2, 5, 10)",I,B-,F,B-,38.0,10.0
305,B-,D,1,B-,"(2, 5, 10)",I,B-,F,B-,38.125,10.0
306,B-,D,2,B-,"(2, 5, 10)",I,B-,F,B-,38.25,10.0
307,B-,D,2,B-,"(2, 5, 10)",I,B-,F,B-,38.375,10.0
308,B-,D,3,B-,"(2, 5, 10)",I,B-,F,B-,38.5,10.0
309,B-,D,3,B-,"(2, 5, 10)",I,B-,F,B-,38.625,10.0
310,B-,D,3,B-,"(2, 5, 10)",I,B-,F,B-,38.75,10.0
311,B-,D,3,B-,"(2, 5, 10)",I,B-,F,B-,38.875,10.0
312,C,A,0,B-,"(0, 5, 9)",V,F,A,B-,39.0,10.0
313,C,F,1,B-,"(0, 5, 9)",V,F,A,B-,39.125,10.0
314,C,F,2,B-,"(0, 5, 9)",V,F,A,B-,39.25,10.0
315,C,F,2,B-,"(0, 5, 9)",V,F,A,B-,39.375,10.0
316,C,F,3,B-,"(0, 5, 9)",V,F,A,B-,39.5,10.0
317,C,F,3,B-,"(0, 5, 9)",V,F,A,B-,39.625,10.0
318,C,F,3,B-,"(0, 5, 9)",V,F,A,B-,39.75,10.0
319,C,F,3,B-,"(0, 5, 9)",V,F,A,B-,39.875,10.0
320,F,B-,0,B-,"(2, 5, 10)",I,B-,D,B-,40.0,11.0
321,F,B-,1,B-,"(2, 5, 10)",I,B-,D,B-,40.125,11.0
322,F,B-,2,B-,"(2, 5, 10)",I,B-,D,B-,40.25,11.0
323,F,B-,2,B-,"(2, 5, 10)",I,B-,D,B-,40.375,11.0
324,F,B-,3,B-,"(2, 5, 10)",I,B-,D,B-,40.5,11.0
325,F,B-,3,B-,"(2, 5, 10)",I,B-,D,B-,40.625,11.0
326,F,B-,3,B-,"(2, 5, 10)",I,B-,D,B-,40.75,11.0
327,F,B-,3,B-,"(2, 5, 10)",I,B-,D,B-,40.875,11.0
328,F,D,4,B-,"(2, 5, 10)",I,B-,F,B-,41.0,11.0
329,F,D,4,B-,"(2, 5, 10)",I,B-,F,B-,41.125,11.0
330,F,D,4,B-,"(2, 5, 10)",I,B-,F,B-,41.25,11.0
331,F,D,4,B-,"(2, 5, 10)",I,B-,F,B-,41.375,11.0
332,F,D,4,B-,"(2, 5, 10)",I,B-,F,B-,41.5,11.0
333,F,D,4,B-,"(2, 5, 10)",I,B-,F,B-,41.625,11.0
334,F,D,4,B-,"(2, 5, 10)",I,B-,F,B-,41.75,11.0
335,F,D,4,B-,"(2, 5, 10)",I,B-,F,B-,41.875,11.0
336,F,D,5,B-,"(2, 5, 10)",I,B-,F,B-,42.0,11.0
337,F,D,5,B-,"(2, 5, 10)",I,B-,F,B-,42.125,11.0
338,F,D,5,B-,"(2, 5, 10)",I,B-,F,B-,42.25,11.0
339,F,D,5,B-,"(2, 5, 10)",I,B-,F,B-,42.375,11.0
340,F,D,5,B-,"(2, 5, 10)",I,B-,F,B-,42.5,11.0
341,F,D,5,B-,"(2, 5, 10)",I,B-,F,B-,42.625,11.0
342,F,D,5,B-,"(2, 5, 10)",I,B-,F,B-,42.75,11.0
343,F,D,5,B-,"(2, 5, 10)",I,B-,F,B-,42.875,11.0
344,F,D,5,B-,"(2, 5, 10)",I,B-,F,B-,43.0,11.0
345,F,D,5,B-,"(2, 5, 10)",I,B-,F,B-,43.125,11.0
346,F,D,5,B-,"(2, 5, 10)",I,B-,F,B-,43.25,11.0
347,F,D,5,B-,"(2, 5, 10)",I,B-,F,B-,43.375,11.0
348,F,D,5,B-,"(2, 5, 10)",I,B-,F,B-,43.5,11.0
349,F,D,5,B-,"(2, 5, 10)",I,B-,F,B-,43.625,11.0
350,F,D,5,B-,"(2, 5, 10)",I,B-,F,B-,43.75,11.0
351,F,D,5,B-,"(2, 5, 10)",I,B-,F,B-,43.875,11.0
352,F,B-,0,B-,"(2, 5, 10)",I,B-,D,B-,44.0,12.0
353,F,B-,1,B-,"(2, 5, 10)",I,B-,D,B-,44.125,12.0
354,F,B-,2,B-,"(2, 5, 10)",I,B-,D,B-,44.25,12.0
355,F,B-,2,B-,"(2, 5, 10)",I,B-,D,B-,44.375,12.0
356,F,B-,3,B-,"(2, 5, 10)",I,B-,D,B-,44.5,12.0
357,F,B-,3,B-,"(2, 5, 10)",I,B-,D,B-,44.625,12.0
358,F,B-,3,B-,"(2, 5, 10)",I,B-,D,B-,44.75,12.0
359,F,B-,3,B-,"(2, 5, 10)",I,B-,D,B-,44.875,12.0
360,F,B-,4,B-,"(2, 5, 10)",I,B-,D,B-,45.0,12.0
361,F,B-,4,B-,"(2, 5, 10)",I,B-,D,B-,45.125,12.0
362,F,B-,4,B-,"(2, 5, 10)",I,B-,D,B-,45.25,12.0
363,F,B-,4,B-,"(2, 5, 10)",I,B-,D,B-,45.375,12.0
364,F,B-,4,B-,"(2, 5, 10)",I,B-,D,B-,45.5,12.0
365,F,B-,4,B-,"(2, 5, 10)",I,B-,D,B-,45.625,12.0
366,F,B-,4,B-,"(2, 5, 10)",I,B-,D,B-,45.75,12.0
367,F,B-,4,B-,"(2, 5, 10)",I,B-,D,B-,45.875,12.0
368,C,F,0,B-,"(0, 5, 9)",V,F,A,B-,46.0,12.0
369,C,F,1,B-,"(0, 5, 9)",V,F,A,B-,46.125,12.0
370,C,F,2,B-,"(0, 5, 9)",V,F,A,B-,46.25,12.0
371,C,F,2,B-,"(0, 5, 9)",V,F,A,B-,46.375,12.0
372,C,F,3,B-,"(0, 5, 9)",V,F,A,B-,46.5,12.0
373,C,F,3,B-,"(0, 5, 9)",V,F,A,B-,46.625,12.0
374,C,F,3,B-,"(0, 5, 9)",V,F,A,B-,46.75,12.0
375,C,F,3,B-,"(0, 5, 9)",V,F,A,B-,46.875,12.0
376,C,F,4,B-,"(0, 5, 9)",V,F,A,B-,47.0,12.0
377,C,F,4,B-,"(0, 5, 9)",V,F,A,B-,47.125,12.0
378,C,F,4,B-,"(0, 5, 9)",V,F,A,B-,47.25,12.0
379,C,F,4,B-,"(0, 5, 9)",V,F,A,B-,47.375,12.0
380,C,F,4,B-,"(0, 5, 9)",V,F,A,B-,47.5,12.0
381,C,F,4,B-,"(0, 5, 9)",V,F,A,B-,47.625,12.0
382,C,F,4,B-,"(0, 5, 9)",V,F,A,B-,47.75,12.0
383,C,F,4,B-,"(0, 5, 9)",V,F,A,B-,47.875,12.0
384,F,B-,0,B-,"(2, 5, 10)",I,B-,D,B-,48.0,13.0
385,F,B-,1,B-,"(2, 5, 10)",I,B-,D,B-,48.125,13.0
386,F,B-,2,B-,"(2, 5, 10)",I,B-,D,B-,48.25,13.0
387,F,B-,2,B-,"(2, 5, 10)",I,B-,D,B-,48.375,13.0
388,F,B-,3,B-,"(2, 5, 10)",I,B-,D,B-,48.5,13.0
389,F,B-,3,B-,"(2, 5, 10)",I,B-,D,B-,48.625,13.0
390,F,B-,3,B-,"(2, 5, 10)",I,B-,D,B-,48.75,13.0
391,F,B-,3,B-,"(2, 5, 10)",I,B-,D,B-,48.875,13.0
392,F,B-,4,B-,"(2, 5, 10)",I,B-,D,B-,49.0,13.0
393,F,B-,4,B-,"(2, 5, 10)",I,B-,D,B-,49.125,13.0
394,F,B-,4,B-,"(2, 5, 10)",I,B-,D,B-,49.25,13.0
395,F,B-,4,B-,"(2, 5, 10)",I,B-,D,B-,49.375,13.0
396,F,B-,4,B-,"(2, 5, 10)",I,B-,D,B-,49.5,13.0
397,F,B-,4,B-,"(2, 5, 10)",I,B-,D,B-,49.625,13.0
398,F,B-,4,B-,"(2, 5, 10)",I,B-,D,B-,49.75,13.0
399,F,B-,4,B-,"(2, 5, 10)",I,B-,D,B-,49.875,13.0
400,F,B-,5,B-,"(2, 5, 10)",I,B-,D,B-,50.0,13.0
401,F,B-,5,B-,"(2, 5, 10)",I,B-,D,B-,50.125,13.0
402,F,B-,5,B-,"(2, 5, 10)",I,B-,D,B-,50.25,13.0
403,F,B-,5,B-,"(2, 5, 10)",I,B-,D,B-,50.375,13.0
404,F,B-,5,B-,"(2, 5, 10)",I,B-,D,B-,50.5,13.0
405,F,B-,5,B-,"(2, 5, 10)",I,B-,D,B-,50.625,13.0
406,F,B-,5,B-,"(2, 5, 10)",I,B-,D,B-,50.75,13.0
407,F,B-,5,B-,"(2, 5, 10)",I,B-,D,B-,50.875,13.0
408,F,D,5,B-,"(2, 5, 10)",I,B-,D,B-,51.0,13.0
409,F,D,5,B-,"(2, 5, 10)",I,B-,D,B-,51.125,13.0
410,F,D,5,B-,"(2, 5, 10)",I,B-,D,B-,51.25,13.0
411,F,D,5,B-,"(2, 5, 10)",I,B-,D,B-,51.375,13.0
412,F,D,5,B-,"(2, 5, 10)",I,B-,D,B-,51.5,13.0
413,F,D,5,B-,"(2, 5, 10)",I,B-,D,B-,51.625,13.0
414,F,D,5,B-,"(2, 5, 10)",I,B-,D,B-,51.75,13.0
415,F,D,5,B-,"(2, 5, 10)",I,B-,D,B-,51.875,13.0
416,F,B-,0,B-,"(2, 5, 10)",I,B-,D,B-,52.0,14.0
417,F,B-,1,B-,"(2, 5, 10)",I,B-,D,B-,52.125,14.0
418,F,B-,2,B-,"(2, 5, 10)",I,B-,D,B-,52.25,14.0
419,F,B-,2,B-,"(2, 5, 10)",I,B-,D,B-,52.375,14.0
420,F,B-,3,B-,"(2, 5, 10)",I,B-,D,B-,52.5,14.0
421,F,B-,3,B-,"(2, 5, 10)",I,B-,D,B-,52.625,14.0
422,F,B-,3,B-,"(2, 5, 10)",I,B-,D,B-,52.75,14.0
423,F,B-,3,B-,"(2, 5, 10)",I,B-,D,B-,52.875,14.0
424,F,B-,4,B-,"(2, 5, 10)",I,B-,D,B-,53.0,14.0
425,F,B-,4,B-,"(2, 5, 10)",I,B-,D,B-,53.125,14.0
426,F,B-,4,B-,"(2, 5, 10)",I,B-,D,B-,53.25,14.0
427,F,B-,4,B-,"(2, 5, 10)",I,B-,D,B-,53.375,14.0
428,F,B-,4,B-,"(2, 5, 10)",I,B-,D,B-,53.5,14.0
429,F,B-,4,B-,"(2, 5, 10)",I,B-,D,B-,53.625,14.0
430,F,B-,4,B-,"(2, 5, 10)",I,B-,D,B-,53.75,14.0
431,F,B-,4,B-,"(2, 5, 10)",I,B-,D,B-,53.875,14.0
432,C,F,0,B-,"(0, 5, 9)",V,F,A,B-,54.0,14.0
433,C,F,1,B-,"(0, 5, 9)",V,F,A,B-,54.125,14.0
434,C,F,2,B-,"(0, 5, 9)",V,F,A,B-,54.25,14.0
435,C,F,2,B-,"(0, 5, 9)",V,F,A,B-,54.375,14.0
436,C,F,3,B-,"(0, 5, 9)",V,F,A,B-,54.5,14.0
437,C,F,3,B-,"(0, 5, 9)",V,F,A,B-,54.625,14.0
438,C,F,3,B-,"(0, 5, 9)",V,F,A,B-,54.75,14.0
439,C,F,3,B-,"(0, 5, 9)",V,F,A,B-,54.875,14.0
440,C,F,4,B-,"(0, 5, 9)",V,F,A,B-,55.0,14.0
441,C,F,4,B-,"(0, 5, 9)",V,F,A,B-,55.125,14.0
442,C,F,4,B-,"(0, 5, 9)",V,F,A,B-,55.25,14.0
443,C,F,4,B-,"(0, 5, 9)",V,F,A,B-,55.375,14.0
444,C,F,4,B-,"(0, 5, 9)",V,F,A,B-,55.5,14.0
445,C,F,4,B-,"(0, 5, 9)",V,F,A,B-,55.625,14.0
446,C,F,4,B-,"(0, 5, 9)",V,F,A,B-,55.75,14.0
447,C,F,4,B-,"(0, 5, 9)",V,F,A,B-,55.875,14.0
448,F,B-,0,B-,"(2, 5, 10)",I,B-,D,B-,56.0,15.0
449,F,B-,1,B-,"(2, 5, 10)",I,B-,D,B-,56.125,15.0
450,F,B-,2,B-,"(2, 5, 10)",I,B-,D,B-,56.25,15.0
451,F,B-,2,B-,"(2, 5, 10)",I,B-,D,B-,56.375,15.0
452,F,B-,3,B-,"(2, 5, 10)",I,B-,D,B-,56.5,15.0
453,F,B-,3,B-,"(2, 5, 10)",I,B-,D,B-,56.625,15.0
454,F,B-,3,B-,"(2, 5, 10)",I,B-,D,B-,56.75,15.0
455,F,B-,3,B-,"(2, 5, 10)",I,B-,D,B-,56.875,15.0
456,F,B-,4,B-,"(2, 5, 10)",I,B-,D,B-,57.0,15.0
457,F,B-,4,B-,"(2, 5, 10)",I,B-,D,B-,57.125,15.0
458,F,B-,4,B-,"(2, 5, 10)",I,B-,D,B-,57.25,15.0
459,F,B-,4,B-,"(2, 5, 10)",I,B-,D,B-,57.375,15.0
460,F,B-,4,B-,"(2, 5, 10)",I,B-,D,B-,57.5,15.0
461,F,B-,4,B-,"(2, 5, 10)",I,B-,D,B-,57.625,15.0
462,F,B-,4,B-,"(2, 5, 10)",I,B-,D,B-,57.75,15.0
463,F,B-,4,B-,"(2, 5, 10)",I,B-,D,B-,57.875,15.0
464,F,B-,5,B-,"(2, 5, 10)",I,B-,D,B-,58.0,15.0
465,F,B-,5,B-,"(2, 5, 10)",I,B-,D,B-,58.125,15.0
466,F,B-,5,B-,"(2, 5, 10)",I,B-,D,B-,58.25,15.0
467,F,B-,5,B-,"(2, 5, 10)",I,B-,D,B-,58.375,15.0
468,F,B-,5,B-,"(2, 5, 10)",I,B-,D,B-,58.5,15.0
469,F,B-,5,B-,"(2, 5, 10)",I,B-,D,B-,58.625,15.0
470,F,B-,5,B-,"(2, 5, 10)",I,B-,D,B-,58.75,15.0
471,F,B-,5,B-,"(2, 5, 10)",I,B-,D,B-,58.875,15.0
472,F,B-,5,B-,"(2, 5, 10)",I,B-,D,B-,59.0,15.0
473,F,B-,5,B-,"(2, 5, 10)",I,B-,D,B-,59.125,15.0
474,F,B-,5,B-,"(2, 5, 10)",I,B-,D,B-,59.25,15.0
475,F,B-,5,B-,"(2, 5, 10)",I,B-,D,B-,59.375,15.0
476,F,B-,5,B-,"(2, 5, 10)",I,B-,D,B-,59.5,15.0
477,F,B-,5,B-,"(2, 5, 10)",I,B-,D,B-,59.625,15.0
478,F,B-,5,B-,"(2, 5, 10)",I,B-,D,B-,59.75,15.0
479,F,B-,5,B-,"(2, 5, 10)",I,B-,D,B-,59.875,15.0
480,F,B-,0,B-,"(2, 5, 10)",I,B-,D,B-,60.0,16.0
481,F,B-,1,B-,"(2, 5, 10)",I,B-,D,B-,60.125,16.0
482,F,B-,2,B-,"(2, 5, 10)",I,B-,D,B-,60.25,16.0
483,F,B-,2,B-,"(2, 5, 10)",I,B-,D,B-,60.375,16.0
484,F,B-,3,B-,"(2, 5, 10)",I,B-,D,B-,60.5,16.0
485,F,B-,3,B-,"(2, 5, 10)",I,B-,D,B-,60.625,16.0
486,F,B-,3,B-,"(2, 5, 10)",I,B-,D,B-,60.75,16.0
487,F,B-,3,B-,"(2, 5, 10)",I,B-,D,B-,60.875,16.0
488,F,B-,4,B-,"(2, 5, 10)",I,B-,D,B-,61.0,16.0
489,F,B-,4,B-,"(2, 5, 10)",I,B-,D,B-,61.125,16.0
490,F,B-,4,B-,"(2, 5, 10)",I,B-,D,B-,61.25,16.0
491,F,B-,4,B-,"(2, 5, 10)",I,B-,D,B-,61.375,16.0
492,F,B-,4,B-,"(2, 5, 10)",I,B-,D,B-,61.5,16.0
493,F,B-,4,B-,"(2, 5, 10)",I,B-,D,B-,61.625,16.0
494,F,B-,4,B-,"(2, 5, 10)",I,B-,D,B-,61.75,16.0
495,F,B-,4,B-,"(2, 5, 10)",I,B-,D,B-,61.875,16.0
496,F,B-,5,B-,"(2, 5, 10)",I,B-,D,B-,62.0,16.0
497,F,B-,5,B-,"(2, 5, 10)",I,B-,D,B-,62.125,16.0
498,F,B-,5,B-,"(2, 5, 10)",I,B-,D,B-,62.25,16.0
499,F,B-,5,B-,"(2, 5, 10)",I,B-,D,B-,62.375,16.0
500,F,B-,5,B-,"(2, 5, 10)",I,B-,D,B-,62.5,16.0
501,F,B-,5,B-,"(2, 5, 10)",I,B-,D,B-,62.625,16.0
502,F,B-,5,B-,"(2, 5, 10)",I,B-,D,B-,62.75,16.0
503,F,B-,5,B-,"(2, 5, 10)",I,B-,D,B-,62.875,16.0
504,F,B-,5,B-,"(2, 5, 10)",I,B-,D,B-,63.0,16.0
505,F,B-,5,B-,"(2, 5, 10)",I,B-,D,B-,63.125,16.0
506,F,B-,5,B-,"(2, 5, 10)",I,B-,D,B-,63.25,16.0
507,F,B-,5,B-,"(2, 5, 10)",I,B-,D,B-,63.375,16.0
508,F,B-,5,B-,"(2, 5, 10)",I,B-,D,B-,63.5,16.0
509,F,B-,5,B-,"(2, 5, 10)",I,B-,D,B-,63.625,16.0
510,F,B-,5,B-,"(2, 5, 10)",I,B-,D,B-,63.75,16.0
511,F,B-,5,B-,"(2, 5, 10)",I,B-,D,B-,63.875,16.0
512,E-,A,0,B-,"(0, 3, 5, 9)",V7,F,C,B-,64.0,17.0
513,E-,A,1,B-,"(0, 3, 5, 9)",V7,F,C,B-,64.125,17.0
514,E-,A,2,B-,"(0, 3, 5, 9)",V7,F,C,B-,64.25,17.0
515,E-,A,2,B-,"(0, 3, 5, 9)",V7,F,C,B-,64.375,17.0
516,E-,A,3,B-,"(0, 3, 5, 9)",V7,F,C,B-,64.5,17.0
517,E-,A,3,B-,"(0, 3, 5, 9)",V7,F,C,B-,64.625,17.0
518,E-,A,3,B-,"(0, 3, 5, 9)",V7,F,C,B-,64.75,17.0
519,E-,A,3,B-,"(0, 3, 5, 9)",V7,F,C,B-,64.875,17.0
520,E-,A,4,B-,"(0, 3, 5, 9)",V7,F,C,B-,65.0,17.0
521,E-,A,4,B-,"(0, 3, 5, 9)",V7,F,C,B-,65.125,17.0
522,E-,A,4,B-,"(0, 3, 5, 9)",V7,F,C,B-,65.25,17.0
523,E-,A,4,B-,"(0, 3, 5, 9)",V7,F,C,B-,65.375,17.0
524,E-,A,4,B-,"(0, 3, 5, 9)",V7,F,C,B-,65.5,17.0
525,E-,A,4,B-,"(0, 3, 5, 9)",V7,F,C,B-,65.625,17.0
526,E-,A,4,B-,"(0, 3, 5, 9)",V7,F,C,B-,65.75,17.0
527,E-,A,4,B-,"(0, 3, 5, 9)",V7,F,C,B-,65.875,17.0
528,E-,A,5,B-,"(0, 3, 5, 9)",V7,F,C,B-,66.0,17.0
529,E-,A,5,B-,"(0, 3, 5, 9)",V7,F,C,B-,66.125,17.0
530,E-,A,5,B-,"(0, 3, 5, 9)",V7,F,C,B-,66.25,17.0
531,E-,A,5,B-,"(0, 3, 5, 9)",V7,F,C,B-,66.375,17.0
532,E-,A,5,B-,"(0, 3, 5, 9)",V7,F,C,B-,66.5,17.0
533,E-,A,5,B-,"(0, 3, 5, 9)",V7,F,C,B-,66.625,17.0
534,E-,A,5,B-,"(0, 3, 5, 9)",V7,F,C,B-,66.75,17.0
535,E-,A,5,B-,"(0, 3, 5, 9)",V7,F,C,B-,66.875,17.0
536,E-,A,5,B-,"(0, 3, 5, 9)",V7,F,C,B-,67.0,17.0
537,E-,A,5,B-,"(0, 3, 5, 9)",V7,F,C,B-,67.125,17.0
538,E-,A,5,B-,"(0, 3, 5, 9)",V7,F,C,B-,67.25,17.0
539,E-,A,5,B-,"(0, 3, 5, 9)",V7,F,C,B-,67.375,17.0
540,E-,A,5,B-,"(0, 3, 5, 9)",V7,F,C,B-,67.5,17.0
541,E-,A,5,B-,"(0, 3, 5, 9)",V7,F,C,B-,67.625,17.0
542,E-,A,5,B-,"(0, 3, 5, 9)",V7,F,C,B-,67.75,17.0
543,E-,A,5,B-,"(0, 3, 5, 9)",V7,F,C,B-,67.875,17.0
544,F,C,0,B-,"(0, 3, 5, 9)",V7,A,E-,B-,68.0,18.0
545,F,C,1,B-,"(0, 3, 5, 9)",V7,A,E-,B-,68.125,18.0
546,F,C,2,B-,"(0, 3, 5, 9)",V7,A,E-,B-,68.25,18.0
547,F,C,2,B-,"(0, 3, 5, 9)",V7,A,E-,B-,68.375,18.0
548,F,C,3,B-,"(0, 3, 5, 9)",V7,A,E-,B-,68.5,18.0
549,F,C,3,B-,"(0, 3, 5, 9)",V7,A,E-,B-,68.625,18.0
550,F,C,3,B-,"(0, 3, 5, 9)",V7,A,E-,B-,68.75,18.0
551,F,C,3,B-,"(0, 3, 5, 9)",V7,A,E-,B-,68.875,18.0
552,F,C,4,B-,"(0, 3, 5, 9)",V7,A,E-,B-,69.0,18.0
553,F,C,4,B-,"(0, 3, 5, 9)",V7,A,E-,B-,69.125,18.0
554,F,C,4,B-,"(0, 3, 5, 9)",V7,A,E-,B-,69.25,18.0
555,F,C,4,B-,"(0, 3, 5, 9)",V7,A,E-,B-,69.375,18.0
556,F,C,4,B-,"(0, 3, 5, 9)",V7,A,E-,B-,69.5,18.0
557,F,C,4,B-,"(0, 3, 5, 9)",V7,A,E-,B-,69.625,18.0
558,F,C,4,B-,"(0, 3, 5, 9)",V7,A,E-,B-,69.75,18.0
559,F,C,4,B-,"(0, 3, 5, 9)",V7,A,E-,B-,69.875,18.0
560,F,C,5,B-,"(0, 3, 5, 9)",V7,A,E-,B-,70.0,18.0
561,F,C,5,B-,"(0, 3, 5, 9)",V7,A,E-,B-,70.125,18.0
562,F,C,5,B-,"(0, 3, 5, 9)",V7,A,E-,B-,70.25,18.0
563,F,C,5,B-,"(0, 3, 5, 9)",V7,A,E-,B-,70.375,18.0
564,F,C,5,B-,"(0, 3, 5, 9)",V7,A,E-,B-,70.5,18.0
565,F,C,5,B-,"(0, 3, 5, 9)",V7,A,E-,B-,70.625,18.0
566,F,C,5,B-,"(0, 3, 5, 9)",V7,A,E-,B-,70.75,18.0
567,F,C,5,B-,"(0, 3, 5, 9)",V7,A,E-,B-,70.875,18.0
568,F,C,5,B-,"(0, 3, 5, 9)",V7,A,E-,B-,71.0,18.0
569,F,C,5,B-,"(0, 3, 5, 9)",V7,A,E-,B-,71.125,18.0
570,F,C,5,B-,"(0, 3, 5, 9)",V7,A,E-,B-,71.25,18.0
571,F,C,5,B-,"(0, 3, 5, 9)",V7,A,E-,B-,71.375,18.0
572,F,C,5,B-,"(0, 3, 5, 9)",V7,A,E-,B-,71.5,18.0
573,F,C,5,B-,"(0, 3, 5, 9)",V7,A,E-,B-,71.625,18.0
574,F,C,5,B-,"(0, 3, 5, 9)",V7,A,E-,B-,71.75,18.0
575,F,C,5,B-,"(0, 3, 5, 9)",V7,A,E-,B-,71.875,18.0
576,F,B-,0,B-,"(2, 5, 10)",I,B-,D,B-,72.0,19.0
577,F,B-,1,B-,"(2, 5, 10)",I,B-,D,B-,72.125,19.0
578,F,B-,2,B-,"(2, 5, 10)",I,B-,D,B-,72.25,19.0
579,F,B-,2,B-,"(2, 5, 10)",I,B-,D,B-,72.375,19.0
580,F,B-,3,B-,"(2, 5, 10)",I,B-,D,B-,72.5,19.0
581,F,B-,3,B-,"(2, 5, 10)",I,B-,D,B-,72.625,19.0
582,F,B-,3,B-,"(2, 5, 10)",I,B-,D,B-,72.75,19.0
583,F,B-,3,B-,"(2, 5, 10)",I,B-,D,B-,72.875,19.0
584,F,B-,4,B-,"(2, 5, 10)",I,B-,D,B-,73.0,19.0
585,F,B-,4,B-,"(2, 5, 10)",I,B-,D,B-,73.125,19.0
586,F,B-,4,B-,"(2, 5, 10)",I,B-,D,B-,73.25,19.0
587,F,B-,4,B-,"(2, 5, 10)",I,B-,D,B-,73.375,19.0
588,F,B-,4,B-,"(2, 5, 10)",I,B-,D,B-,73.5,19.0
589,F,B-,4,B-,"(2, 5, 10)",I,B-,D,B-,73.625,19.0
590,F,B-,4,B-,"(2, 5, 10)",I,B-,D,B-,73.75,19.0
591,F,B-,4,B-,"(2, 5, 10)",I,B-,D,B-,73.875,19.0
592,F,B-,5,B-,"(2, 5, 10)",I,B-,D,B-,74.0,19.0
593,F,B-,5,B-,"(2, 5, 10)",I,B-,D,B-,74.125,19.0
594,F,B-,5,B-,"(2, 5, 10)",I,B-,D,B-,74.25,19.0
595,F,B-,5,B-,"(2, 5, 10)",I,B-,D,B-,74.375,19.0
596,F,B-,5,B-,"(2, 5, 10)",I,B-,D,B-,74.5,19.0
597,F,B-,5,B-,"(2, 5, 10)",I,B-,D,B-,74.625,19.0
598,F,B-,5,B-,"(2, 5, 10)",I,B-,D,B-,74.75,19.0
599,F,B-,5,B-,"(2, 5, 10)",I,B-,D,B-,74.875,19.0
600,F,B-,5,B-,"(2, 5, 10)",I,B-,D,B-,75.0,19.0
601,F,B-,5,B-,"(2, 5, 10)",I,B-,D,B-,75.125,19.0
602,F,B-,5,B-,"(2, 5, 10)",I,B-,D,B-,75.25,19.0
603,F,B-,5,B-,"(2, 5, 10)",I,B-,D,B-,75.375,19.0
604,F,B-,5,B-,"(2, 5, 10)",I,B-,D,B-,75.5,19.0
605,F,B-,5,B-,"(2, 5, 10)",I,B-,D,B-,75.625,19.0
606,F,B-,5,B-,"(2, 5, 10)",I,B-,D,B-,75.75,19.0
607,F,B-,5,B-,"(2, 5, 10)",I,B-,D,B-,75.875,19.0
608,G,B-,0,B-,"(3, 7, 10)",I,E-,E-,B-,76.0,20.0
609,G,B-,1,B-,"(3, 7, 10)",IV,E-,E-,B-,76.125,20.0
610,G,B-,2,B-,"(3, 7, 10)",IV,E-,E-,B-,76.25,20.0
611,G,B-,2,B-,"(3, 7, 10)",IV,E-,E-,B-,76.375,20.0
612,G,B-,3,B-,"(3, 7, 10)",IV,E-,E-,B-,76.5,20.0
613,G,B-,3,B-,"(3, 7, 10)",IV,E-,E-,B-,76.625,20.0
614,G,B-,3,B-,"(3, 7, 10)",IV,E-,E-,B-,76.75,20.0
615,G,B-,3,B-,"(3, 7, 10)",IV,E-,E-,B-,76.875,20.0
616,G,B-,4,B-,"(3, 7, 10)",IV,E-,E-,B-,77.0,20.0
617,G,B-,4,B-,"(3, 7, 10)",IV,E-,E-,B-,77.125,20.0
618,G,B-,4,B-,"(3, 7, 10)",IV,E-,E-,B-,77.25,20.0
619,G,B-,4,B-,"(3, 7, 10)",IV,E-,E-,B-,77.375,20.0
620,G,B-,4,B-,"(3, 7, 10)",IV,E-,E-,B-,77.5,20.0
621,G,B-,4,B-,"(3, 7, 10)",IV,E-,E-,B-,77.625,20.0
622,G,B-,4,B-,"(3, 7, 10)",IV,E-,E-,B-,77.75,20.0
623,G,B-,4,B-,"(3, 7, 10)",IV,E-,E-,B-,77.875,20.0
624,G,B-,5,B-,"(3, 7, 10)",IV,E-,E-,B-,78.0,20.0
625,G,B-,5,B-,"(3, 7, 10)",IV,E-,E-,B-,78.125,20.0
626,G,B-,5,B-,"(3, 7, 10)",IV,E-,E-,B-,78.25,20.0
627,G,B-,5,B-,"(3, 7, 10)",IV,E-,E-,B-,78.375,20.0
628,G,B-,5,B-,"(3, 7, 10)",IV,E-,E-,B-,78.5,20.0
629,G,B-,5,B-,"(3, 7, 10)",IV,E-,E-,B-,78.625,20.0
630,G,B-,5,B-,"(3, 7, 10)",IV,E-,E-,B-,78.75,20.0
631,G,B-,5,B-,"(3, 7, 10)",IV,E-,E-,B-,78.875,20.0
632,G,B-,5,B-,"(3, 7, 10)",IV,E-,E-,B-,79.0,20.0
633,G,B-,5,B-,"(3, 7, 10)",IV,E-,E-,B-,79.125,20.0
634,G,B-,5,B-,"(3, 7, 10)",IV,E-,E-,B-,79.25,20.0
635,G,B-,5,B-,"(3, 7, 10)",IV,E-,E-,B-,79.375,20.0
636,G,B-,5,B-,"(3, 7, 10)",IV,E-,E-,B-,79.5,20.0
637,G,B-,5,B-,"(3, 7, 10)",IV,E-,E-,B-,79.625,20.0
638,G,B-,5,B-,"(3, 7, 10)",IV,E-,E-,B-,79.75,20.0
639,G,B-,5,B-,"(3, 7, 10)",IV,E-,E-,B-,79.875,20.0
640,F,B-,0,B-,"(2, 5, 10)",I,B-,D,B-,80.0,21.0
641,F,B-,1,B-,"(2, 5, 10)",I,B-,D,B-,80.125,21.0
642,F,B-,2,B-,"(2, 5, 10)",I,B-,D,B-,80.25,21.0
643,F,B-,2,B-,"(2, 5, 10)",I,B-,D,B-,80.375,21.0
644,F,B-,3,B-,"(2, 5, 10)",I,B-,D,B-,80.5,21.0
645,F,B-,3,B-,"(2, 5, 10)",I,B-,D,B-,80.625,21.0
646,F,B-,3,B-,"(2, 5, 10)",I,B-,D,B-,80.75,21.0
647,F,B-,3,B-,"(2, 5, 10)",I,B-,D,B-,80.875,21.0
648,F,B-,4,B-,"(2, 5, 10)",I,B-,D,B-,81.0,21.0
649,F,B-,4,B-,"(2, 5, 10)",I,B-,D,B-,81.125,21.0
650,F,B-,4,B-,"(2, 5, 10)",I,B-,D,B-,81.25,21.0
651,F,B-,4,B-,"(2, 5, 10)",I,B-,D,B-,81.375,21.0
652,F,B-,4,B-,"(2, 5, 10)",I,B-,D,B-,81.5,21.0
653,F,B-,4,B-,"(2, 5, 10)",I,B-,D,B-,81.625,21.0
654,F,B-,4,B-,"(2, 5, 10)",I,B-,D,B-,81.75,21.0
655,F,B-,4,B-,"(2, 5, 10)",I,B-,D,B-,81.875,21.0
656,F,B-,5,B-,"(2, 5, 10)",I,B-,D,B-,82.0,21.0
657,F,B-,5,B-,"(2, 5, 10)",I,B-,D,B-,82.125,21.0
658,F,B-,5,B-,"(2, 5, 10)",I,B-,D,B-,82.25,21.0
659,F,B-,5,B-,"(2, 5, 10)",I,B-,D,B-,82.375,21.0
660,F,B-,5,B-,"(2, 5, 10)",I,B-,D,B-,82.5,21.0
661,F,B-,5,B-,"(2, 5, 10)",I,B-,D,B-,82.625,21.0
662,F,B-,5,B-,"(2, 5, 10)",I,B-,D,B-,82.75,21.0
663,F,B-,5,B-,"(2, 5, 10)",I,B-,D,B-,82.875,21.0
664,F,B-,5,B-,"(2, 5, 10)",I,B-,D,B-,83.0,21.0
665,F,B-,5,B-,"(2, 5, 10)",I,B-,D,B-,83.125,21.0
666,F,B-,5,B-,"(2, 5, 10)",I,B-,D,B-,83.25,21.0
667,F,B-,5,B-,"(2, 5, 10)",I,B-,D,B-,83.375,21.0
668,F,B-,5,B-,"(2, 5, 10)",I,B-,D,B-,83.5,21.0
669,F,B-,5,B-,"(2, 5, 10)",I,B-,D,B-,83.625,21.0
670,F,B-,5,B-,"(2, 5, 10)",I,B-,D,B-,83.75,21.0
671,F,B-,5,B-,"(2, 5, 10)",I,B-,D,B-,83.875,21.0
672,E-,A,0,B-,"(0, 3, 5, 9)",V7,F,C,B-,84.0,22.0
673,E-,A,1,B-,"(0, 3, 5, 9)",V7,F,C,B-,84.125,22.0
674,E-,A,2,B-,"(0, 3, 5, 9)",V7,F,C,B-,84.25,22.0
675,E-,A,2,B-,"(0, 3, 5, 9)",V7,F,C,B-,84.375,22.0
676,E-,A,3,B-,"(0, 3, 5, 9)",V7,F,C,B-,84.5,22.0
677,E-,A,3,B-,"(0, 3, 5, 9)",V7,F,C,B-,84.625,22.0
678,E-,A,3,B-,"(0, 3, 5, 9)",V7,F,C,B-,84.75,22.0
679,E-,A,3,B-,"(0, 3, 5, 9)",V7,F,C,B-,84.875,22.0
680,F,B-,0,B-,"(2, 5, 10)",I,B-,D,B-,85.0,22.0
681,F,B-,1,B-,"(2, 5, 10)",I,B-,D,B-,85.125,22.0
682,F,B-,2,B-,"(2, 5, 10)",I,B-,D,B-,85.25,22.0
683,F,B-,2,B-,"(2, 5, 10)",I,B-,D,B-,85.375,22.0
684,F,B-,3,B-,"(2, 5, 10)",I,B-,D,B-,85.5,22.0
685,F,B-,3,B-,"(2, 5, 10)",I,B-,D,B-,85.625,22.0
686,F,B-,3,B-,"(2, 5, 10)",I,B-,D,B-,85.75,22.0
687,F,B-,3,B-,"(2, 5, 10)",I,B-,D,B-,85.875,22.0
688,E-,A,0,B-,"(0, 3, 5, 9)",V7,F,C,B-,86.0,22.0
689,E-,A,1,B-,"(0, 3, 5, 9)",V7,F,C,B-,86.125,22.0
690,E-,A,2,B-,"(0, 3, 5, 9)",V7,F,C,B-,86.25,22.0
691,E-,A,2,B-,"(0, 3, 5, 9)",V7,F,C,B-,86.375,22.0
692,E-,A,3,B-,"(0, 3, 5, 9)",V7,F,C,B-,86.5,22.0
693,E-,A,3,B-,"(0, 3, 5, 9)",V7,F,C,B-,86.625,22.0
694,E-,A,3,B-,"(0, 3, 5, 9)",V7,F,C,B-,86.75,22.0
695,E-,A,3,B-,"(0, 3, 5, 9)",V7,F,C,B-,86.875,22.0
696,F,B-,0,B-,"(2, 5, 10)",I,B-,D,B-,87.0,22.0
697,F,B-,1,B-,"(2, 5, 10)",I,B-,D,B-,87.125,22.0
698,F,B-,2,B-,"(2, 5, 10)",I,B-,D,B-,87.25,22.0
699,F,B-,2,B-,"(2, 5, 10)",I,B-,D,B-,87.375,22.0
700,F,B-,3,B-,"(2, 5, 10)",I,B-,D,B-,87.5,22.0
701,F,B-,3,B-,"(2, 5, 10)",I,B-,D,B-,87.625,22.0
702,F,B-,3,B-,"(2, 5, 10)",I,B-,D,B-,87.75,22.0
703,F,B-,3,B-,"(2, 5, 10)",I,B-,D,B-,87.875,22.0
704,C,F,0,B-,"(0, 5, 9)",V,F,A,B-,88.0,23.0
705,C,F,1,B-,"(0, 5, 9)",V,F,A,B-,88.125,23.0
706,C,F,2,B-,"(0, 5, 9)",V,F,A,B-,88.25,23.0
707,C,F,2,B-,"(0, 5, 9)",V,F,A,B-,88.375,23.0
708,C,F,3,B-,"(0, 5, 9)",V,F,A,B-,88.5,23.0
709,C,F,3,B-,"(0, 5, 9)",V,F,A,B-,88.625,23.0
710,C,F,3,B-,"(0, 5, 9)",V,F,A,B-,88.75,23.0
711,C,F,3,B-,"(0, 5, 9)",V,F,A,B-,88.875,23.0
712,C,F,4,B-,"(0, 5, 9)",V,F,A,B-,89.0,23.0
713,C,F,4,B-,"(0, 5, 9)",V,F,A,B-,89.125,23.0
714,C,F,4,B-,"(0, 5, 9)",V,F,A,B-,89.25,23.0
715,C,F,4,B-,"(0, 5, 9)",V,F,A,B-,89.375,23.0
716,C,F,4,B-,"(0, 5, 9)",V,F,A,B-,89.5,23.0
717,C,F,4,B-,"(0, 5, 9)",V,F,A,B-,89.625,23.0
718,C,F,4,B-,"(0, 5, 9)",V,F,A,B-,89.75,23.0
719,C,F,4,B-,"(0, 5, 9)",V,F,A,B-,89.875,23.0
720,C,F,5,B-,"(0, 5, 9)",V,F,A,B-,90.0,23.0
721,C,F,5,B-,"(0, 5, 9)",V,F,A,B-,90.125,23.0
722,C,F,5,B-,"(0, 5, 9)",V,F,A,B-,90.25,23.0
723,C,F,5,B-,"(0, 5, 9)",V,F,A,B-,90.375,23.0
724,C,F,5,B-,"(0, 5, 9)",V,F,A,B-,90.5,23.0
725,C,F,5,B-,"(0, 5, 9)",V,F,A,B-,90.625,23.0
726,C,F,5,B-,"(0, 5, 9)",V,F,A,B-,90.75,23.0
727,C,F,5,B-,"(0, 5, 9)",V,F,A,B-,90.875,23.0
728,C,F,5,B-,"(0, 5, 9)",V,F,A,B-,91.0,23.0
729,C,F,5,B-,"(0, 5, 9)",V,F,A,B-,91.125,23.0
730,C,F,5,B-,"(0, 5, 9)",V,F,A,B-,91.25,23.0
731,C,F,5,B-,"(0, 5, 9)",V,F,A,B-,91.375,23.0
732,C,F,5,B-,"(0, 5, 9)",V,F,A,B-,91.5,23.0
733,C,F,5,B-,"(0, 5, 9)",V,F,A,B-,91.625,23.0
734,C,F,5,B-,"(0, 5, 9)",V,F,A,B-,91.75,23.0
735,C,F,5,B-,"(0, 5, 9)",V,F,A,B-,91.875,23.0
736,F,F,0,B-,"(2, 5, 10)",I,B-,D,B-,92.0,24.0
737,F,B-,1,B-,"(2, 5, 10)",I,B-,D,B-,92.125,24.0
738,F,B-,2,B-,"(2, 5, 10)",I,B-,D,B-,92.25,24.0
739,F,B-,2,B-,"(2, 5, 10)",I,B-,D,B-,92.375,24.0
740,F,B-,3,B-,"(2, 5, 10)",I,B-,D,B-,92.5,24.0
741,F,B-,3,B-,"(2, 5, 10)",I,B-,D,B-,92.625,24.0
742,F,B-,3,B-,"(2, 5, 10)",I,B-,D,B-,92.75,24.0
743,F,B-,3,B-,"(2, 5, 10)",I,B-,D,B-,92.875,24.0
744,F,B-,4,B-,"(2, 5, 10)",V,B-,D,B-,93.0,24.0
745,F,B-,4,B-,"(2, 5, 10)",V,B-,D,B-,93.125,24.0
746,F,B-,4,B-,"(2, 5, 10)",V,B-,D,B-,93.25,24.0
747,F,B-,4,B-,"(2, 5, 10)",V,B-,D,B-,93.375,24.0
748,F,B-,4,B-,"(2, 5, 10)",I,B-,D,B-,93.5,24.0
749,F,B-,4,B-,"(2, 5, 10)",I,B-,D,B-,93.625,24.0
750,F,B-,4,B-,"(2, 5, 10)",I,B-,D,B-,93.75,24.0
751,F,B-,4,B-,"(2, 5, 10)",I,B-,D,B-,93.875,24.0
752,F,B-,5,B-,"(2, 5, 10)",I,B-,D,B-,94.0,24.0
753,F,B-,5,B-,"(2, 5, 10)",I,B-,D,B-,94.125,24.0
754,F,B-,5,B-,"(2, 5, 10)",I,B-,D,B-,94.25,24.0
755,F,B-,5,B-,"(2, 5, 10)",I,B-,D,B-,94.375,24.0
756,F,F,5,B-,"(2, 5, 10)",I,B-,D,B-,94.5,24.0
757,F,F,5,B-,"(2, 5, 10)",I,B-,D,B-,94.625,24.0
758,F,F,5,B-,"(2, 5, 10)",I,B-,D,B-,94.75,24.0
759,F,F,5,B-,"(2, 5, 10)",I,B-,D,B-,94.875,24.0
760,B-,F,0,B-,"(2, 5, 10)",V,B-,D,B-,95.0,24.0
761,B-,F,1,B-,"(2, 5, 10)",I,B-,D,B-,95.125,24.0
762,B-,F,2,B-,"(2, 5, 10)",I,B-,D,B-,95.25,24.0
763,B-,F,2,B-,"(2, 5, 10)",I,B-,D,B-,95.375,24.0
764,B-,F,3,B-,"(2, 5, 10)",I,B-,D,B-,95.5,24.0
765,B-,F,3,B-,"(2, 5, 10)",I,B-,D,B-,95.625,24.0
766,B-,F,3,B-,"(2, 5, 10)",I,B-,D,B-,95.75,24.0
767,B-,F,3,B-,"(2, 5, 10)",I,B-,D,B-,95.875,24.0
768,C,F,0,B-,"(0, 5, 9)",viio,F,A,B-,96.0,25.0
769,C,F,1,B-,"(0, 5, 9)",viio,F,A,B-,96.125,25.0
770,C,F,2,B-,"(0, 5, 9)",viio,F,A,B-,96.25,25.0
771,C,F,2,B-,"(0, 5, 9)",viio,F,A,B-,96.375,25.0
772,C,F,3,B-,"(0, 5, 9)",viio,F,A,B-,96.5,25.0
773,C,F,3,B-,"(0, 5, 9)",viio,F,A,B-,96.625,25.0
774,C,F,3,B-,"(0, 5, 9)",viio,F,A,B-,96.75,25.0
775,C,F,3,B-,"(0, 5, 9)",viio,F,A,B-,96.875,25.0
776,C,F,4,B-,"(0, 5, 9)",viio,F,A,B-,97.0,25.0
777,C,F,4,B-,"(0, 5, 9)",viio,F,A,B-,97.125,25.0
778,C,F,4,B-,"(0, 5, 9)",viio,F,A,B-,97.25,25.0
779,C,F,4,B-,"(0, 5, 9)",viio,F,A,B-,97.375,25.0
780,C,F,4,B-,"(0, 5, 9)",V,F,A,B-,97.5,25.0
781,C,F,4,B-,"(0, 5, 9)",V,F,A,B-,97.625,25.0
782,C,F,4,B-,"(0, 5, 9)",V,F,A,B-,97.75,25.0
783,C,F,4,B-,"(0, 5, 9)",V,F,A,B-,97.875,25.0
784,C,F,5,B-,"(0, 5, 9)",V,F,A,B-,98.0,25.0
785,C,F,5,B-,"(0, 5, 9)",V,F,A,B-,98.125,25.0
786,C,F,5,B-,"(0, 5, 9)",V,F,A,B-,98.25,25.0
787,C,F,5,B-,"(0, 5, 9)",V,F,A,B-,98.375,25.0
788,C,F,5,B-,"(0, 5, 9)",V,F,A,B-,98.5,25.0
789,C,F,5,B-,"(0, 5, 9)",V,F,A,B-,98.625,25.0
790,C,F,5,B-,"(0, 5, 9)",V,F,A,B-,98.75,25.0
791,C,F,5,B-,"(0, 5, 9)",V,F,A,B-,98.875,25.0
792,C,F,5,B-,"(0, 5, 9)",V,F,A,B-,99.0,25.0
793,A,F,5,B-,"(0, 5, 9)",V,F,A,B-,99.125,25.0
794,A,F,5,B-,"(0, 5, 9)",V,F,A,B-,99.25,25.0
795,A,F,5,B-,"(0, 5, 9)",V,F,A,B-,99.375,25.0
796,A,F,5,B-,"(0, 5, 9)",V,F,A,B-,99.5,25.0
797,A,F,5,B-,"(0, 5, 9)",V,F,A,B-,99.625,25.0
798,A,F,5,B-,"(0, 5, 9)",V,F,A,B-,99.75,25.0
799,A,F,5,B-,"(0, 5, 9)",V,F,A,B-,99.875,25.0
800,A,F,0,B-,"(0, 3, 5, 9)",V,E-,F,B-,100.0,26.0
801,A,F,1,B-,"(0, 3, 5, 9)",V,E-,F,B-,100.125,26.0
802,A,F,2,B-,"(0, 3, 5, 9)",V,E-,F,B-,100.25,26.0
803,A,F,2,B-,"(0, 3, 5, 9)",V,E-,F,B-,100.375,26.0
804,A,F,3,B-,"(0, 3, 5, 9)",V7,E-,F,B-,100.5,26.0
805,A,F,3,B-,"(0, 3, 5, 9)",V7,E-,F,B-,100.625,26.0
806,A,F,3,B-,"(0, 3, 5, 9)",V7,E-,F,B-,100.75,26.0
807,A,F,3,B-,"(0, 3, 5, 9)",V7,E-,F,B-,100.875,26.0
808,A,F,4,B-,"(0, 3, 5, 9)",V7,E-,A,B-,101.0,26.0
809,A,F,4,B-,"(0, 3, 5, 9)",V7,E-,A,B-,101.125,26.0
810,A,F,4,B-,"(0, 3, 5, 9)",V7,E-,A,B-,101.25,26.0
811,A,F,4,B-,"(0, 3, 5, 9)",V7,E-,A,B-,101.375,26.0
812,C,F,4,B-,"(0, 3, 5, 9)",V7,E-,A,B-,101.5,26.0
813,C,F,4,B-,"(0, 3, 5, 9)",V7,E-,A,B-,101.625,26.0
814,C,F,4,B-,"(0, 3, 5, 9)",V7,E-,A,B-,101.75,26.0
815,C,F,4,B-,"(0, 3, 5, 9)",V7,E-,A,B-,101.875,26.0
816,C,F,5,B-,"(0, 3, 5, 9)",V7,E-,A,B-,102.0,26.0
817,C,F,5,B-,"(0, 3, 5, 9)",V7,E-,A,B-,102.125,26.0
818,C,F,5,B-,"(0, 3, 5, 9)",V7,E-,A,B-,102.25,26.0
819,C,F,5,B-,"(0, 3, 5, 9)",V7,E-,A,B-,102.375,26.0
820,C,F,5,B-,"(0, 3, 5, 9)",V7,E-,A,B-,102.5,26.0
821,C,F,5,B-,"(0, 3, 5, 9)",V7,E-,A,B-,102.625,26.0
822,C,F,5,B-,"(0, 3, 5, 9)",V7,E-,A,B-,102.75,26.0
823,C,F,3,B-,"(0, 3, 5, 9)",V7,E-,A,B-,102.875,26.0
824,C,F,5,B-,"(0, 3, 5, 9)",V7,E-,A,B-,103.0,26.0
825,C,F,5,B-,"(0, 3, 5, 9)",V7,E-,A,B-,103.125,26.0
826,C,F,5,B-,"(0, 3, 5, 9)",V7,E-,A,B-,103.25,26.0
827,C,F,5,B-,"(0, 3, 5, 9)",V7,E-,A,B-,103.375,26.0
828,C,F,5,B-,"(0, 3, 5, 9)",V7,E-,A,B-,103.5,26.0
829,C,F,5,B-,"(0, 3, 5, 9)",V7,E-,A,B-,103.625,26.0
830,C,F,5,B-,"(0, 3, 5, 9)",V7,E-,A,B-,103.75,26.0
831,C,F,5,B-,"(0, 3, 5, 9)",V7,E-,A,B-,103.875,26.0
832,B-,F,0,B-,"(2, 5, 10)",I,B-,G,B-,104.0,27.0
833,B-,F,1,B-,"(2, 5, 10)",I,B-,G,B-,104.125,27.0
834,B-,F,2,B-,"(2, 5, 10)",I,B-,G,B-,104.25,27.0
835,B-,F,2,B-,"(2, 5, 10)",I,B-,G,B-,104.375,27.0
836,B-,F,3,B-,"(2, 5, 10)",I,B-,G,B-,104.5,27.0
837,B-,F,3,B-,"(2, 5, 10)",I,B-,G,B-,104.625,27.0
838,B-,F,3,B-,"(2, 5, 10)",I,B-,G,B-,104.75,27.0
839,B-,F,3,B-,"(2, 5, 10)",I,B-,G,B-,104.875,27.0
840,B-,F,4,B-,"(2, 5, 10)",I,B-,G,B-,105.0,27.0
841,B-,F,4,B-,"(2, 5, 10)",I,B-,G,B-,105.125,27.0
842,B-,F,4,B-,"(2, 5, 10)",I,B-,G,B-,105.25,27.0
843,B-,F,4,B-,"(2, 5, 10)",I,B-,G,B-,105.375,27.0
844,B-,F,4,B-,"(2, 5, 10)",I,B-,G,B-,105.5,27.0
845,B-,F,4,B-,"(2, 5, 10)",I,B-,G,B-,105.625,27.0
846,B-,F,4,B-,"(2, 5, 10)",I,B-,G,B-,105.75,27.0
847,B-,F,4,B-,"(2, 5, 10)",I,B-,G,B-,105.875,27.0
848,B-,F,5,B-,"(2, 5, 10)",I,B-,G,B-,106.0,27.0
849,B-,F,5,B-,"(2, 5, 10)",I,B-,G,B-,106.125,27.0
850,B-,F,5,B-,"(2, 5, 10)",I,B-,G,B-,106.25,27.0
851,B-,F,5,B-,"(2, 5, 10)",I,B-,G,B-,106.375,27.0
852,B-,F,5,B-,"(2, 5, 10)",I,B-,G,B-,106.5,27.0
853,B-,F,5,B-,"(2, 5, 10)",I,B-,G,B-,106.625,27.0
854,B-,F,5,B-,"(2, 5, 10)",I,B-,G,B-,106.75,27.0
855,B-,F,5,B-,"(2, 5, 10)",I,B-,G,B-,106.875,27.0
856,B-,F,5,B-,"(2, 5, 10)",I,B-,G,B-,107.0,27.0
857,B-,F,5,B-,"(2, 5, 10)",I,B-,G,B-,107.125,27.0
858,B-,F,5,B-,"(2, 5, 10)",I,B-,G,B-,107.25,27.0
859,B-,F,5,B-,"(2, 5, 10)",I,B-,G,B-,107.375,27.0
860,B-,F,5,B-,"(2, 5, 10)",I,B-,G,B-,107.5,27.0
861,B-,F,5,B-,"(2, 5, 10)",I,B-,G,B-,107.625,27.0
862,B-,F,5,B-,"(2, 5, 10)",I,B-,G,B-,107.75,27.0
863,B-,F,5,B-,"(2, 5, 10)",I,B-,G,B-,107.875,27.0
864,B-,E-,0,B-,"(3, 7, 10)",IV,E-,G,B-,108.0,28.0
865,B-,E-,1,B-,"(3, 7, 10)",IV,E-,G,B-,108.125,28.0
866,B-,E-,2,B-,"(3, 7, 10)",IV,E-,G,B-,108.25,28.0
867,B-,E-,2,B-,"(3, 7, 10)",IV,E-,G,B-,108.375,28.0
868,B-,E-,3,B-,"(3, 7, 10)",IV,E-,G,B-,108.5,28.0
869,B-,E-,3,B-,"(3, 7, 10)",IV,E-,G,B-,108.625,28.0
870,B-,E-,3,B-,"(3, 7, 10)",IV,E-,G,B-,108.75,28.0
871,B-,E-,3,B-,"(3, 7, 10)",IV,E-,G,B-,108.875,28.0
872,B-,E-,4,B-,"(3, 7, 10)",IV,E-,G,B-,109.0,28.0
873,B-,E-,4,B-,"(3, 7, 10)",IV,E-,G,B-,109.125,28.0
874,B-,E-,4,B-,"(3, 7, 10)",IV,E-,G,B-,109.25,28.0
875,B-,E-,4,B-,"(3, 7, 10)",IV,E-,G,B-,109.375,28.0
876,B-,E-,4,B-,"(3, 7, 10)",IV,E-,G,B-,109.5,28.0
877,B-,E-,4,B-,"(3, 7, 10)",IV,E-,G,B-,109.625,28.0
878,B-,E-,4,B-,"(3, 7, 10)",IV,E-,G,B-,109.75,28.0
879,B-,E-,4,B-,"(3, 7, 10)",IV,E-,G,B-,109.875,28.0
880,B-,E-,5,B-,"(3, 7, 10)",IV,E-,G,B-,110.0,28.0
881,B-,E-,5,B-,"(3, 7, 10)",IV,E-,G,B-,110.125,28.0
882,B-,E-,5,B-,"(3, 7, 10)",IV,E-,G,B-,110.25,28.0
883,B-,E-,5,B-,"(3, 7, 10)",IV,E-,G,B-,110.375,28.0
884,B-,E-,5,B-,"(3, 7, 10)",IV,E-,G,B-,110.5,28.0
885,B-,E-,5,B-,"(3, 7, 10)",IV,E-,G,B-,110.625,28.0
886,B-,E-,5,B-,"(3, 7, 10)",IV,E-,G,B-,110.75,28.0
887,B-,E-,5,B-,"(3, 7, 10)",IV,E-,G,B-,110.875,28.0
888,B-,E-,5,B-,"(3, 7, 10)",IV,E-,G,B-,111.0,28.0
889,B-,E-,5,B-,"(3, 7, 10)",IV,E-,G,B-,111.125,28.0
890,B-,E-,5,B-,"(3, 7, 10)",IV,E-,G,B-,111.25,28.0
891,B-,E-,5,B-,"(3, 7, 10)",IV,E-,G,B-,111.375,28.0
892,B-,E-,5,B-,"(3, 7, 10)",IV,E-,G,B-,111.5,28.0
893,B-,E-,5,B-,"(3, 7, 10)",IV,E-,G,B-,111.625,28.0
894,B-,E-,5,B-,"(3, 7, 10)",IV,E-,G,B-,111.75,28.0
895,B-,E-,5,B-,"(3, 7, 10)",IV,E-,G,B-,111.875,28.0
896,B-,D,0,B-,"(2, 5, 10)",I,B-,F,B-,112.0,29.0
897,B-,D,1,B-,"(2, 5, 10)",I,B-,F,B-,112.125,29.0
898,B-,D,2,B-,"(2, 5, 10)",I,B-,F,B-,112.25,29.0
899,B-,D,2,B-,"(2, 5, 10)",I,B-,F,B-,112.375,29.0
900,B-,D,3,B-,"(2, 5, 10)",I,B-,F,B-,112.5,29.0
901,B-,D,3,B-,"(2, 5, 10)",I,B-,F,B-,112.625,29.0
902,B-,D,3,B-,"(2, 5, 10)",I,B-,F,B-,112.75,29.0
903,B-,D,3,B-,"(2, 5, 10)",I,B-,F,B-,112.875,29.0
904,B-,D,4,B-,"(2, 5, 10)",I,B-,F,B-,113.0,29.0
905,B-,D,4,B-,"(2, 5, 10)",I,B-,F,B-,113.125,29.0
906,B-,D,4,B-,"(2, 5, 10)",I,B-,F,B-,113.25,29.0
907,B-,D,4,B-,"(2, 5, 10)",I,B-,F,B-,113.375,29.0
908,B-,D,4,B-,"(2, 5, 10)",I,B-,F,B-,113.5,29.0
909,B-,D,4,B-,"(2, 5, 10)",I,B-,F,B-,113.625,29.0
910,B-,D,4,B-,"(2, 5, 10)",I,B-,F,B-,113.75,29.0
911,B-,D,4,B-,"(2, 5, 10)",I,B-,F,B-,113.875,29.0
912,B-,D,5,B-,"(2, 5, 10)",I,B-,F,B-,114.0,29.0
913,B-,D,5,B-,"(2, 5, 10)",I,B-,F,B-,114.125,29.0
914,B-,D,5,B-,"(2, 5, 10)",I,B-,F,B-,114.25,29.0
915,B-,D,5,B-,"(2, 5, 10)",I,B-,F,B-,114.375,29.0
916,B-,D,5,B-,"(2, 5, 10)",I,B-,F,B-,114.5,29.0
917,B-,D,5,B-,"(2, 5, 10)",I,B-,F,B-,114.625,29.0
918,B-,D,5,B-,"(2, 5, 10)",I,B-,F,B-,114.75,29.0
919,B-,D,5,B-,"(2, 5, 10)",I,B-,F,B-,114.875,29.0
920,B-,D,5,B-,"(2, 5, 10)",I,B-,F,B-,115.0,29.0
921,B-,D,5,B-,"(2, 5, 10)",I,B-,F,B-,115.125,29.0
922,B-,D,5,B-,"(2, 5, 10)",I,B-,F,B-,115.25,29.0
923,B-,D,5,B-,"(2, 5, 10)",I,B-,F,B-,115.375,29.0
924,B-,D,5,B-,"(2, 5, 10)",I,B-,F,B-,115.5,29.0
925,B-,D,5,B-,"(2, 5, 10)",I,B-,F,B-,115.625,29.0
926,B-,D,5,B-,"(2, 5, 10)",I,B-,F,B-,115.75,29.0
927,B-,D,5,B-,"(2, 5, 10)",I,B-,F,B-,115.875,29.0
928,E-,A,0,B-,"(0, 3, 5, 9)",V7,F,C,B-,116.0,30.0
929,E-,A,1,B-,"(0, 3, 5, 9)",V7,F,C,B-,116.125,30.0
930,E-,A,2,B-,"(0, 3, 5, 9)",V7,F,C,B-,116.25,30.0
931,E-,A,2,B-,"(0, 3, 5, 9)",V7,F,C,B-,116.375,30.0
932,E-,A,3,B-,"(0, 3, 5, 9)",V7,F,C,B-,116.5,30.0
933,E-,A,3,B-,"(0, 3, 5, 9)",V7,F,C,B-,116.625,30.0
934,E-,A,3,B-,"(0, 3, 5, 9)",V7,F,C,B-,116.75,30.0
935,E-,A,3,B-,"(0, 3, 5, 9)",V7,F,C,B-,116.875,30.0
936,F,B-,0,B-,"(2, 5, 10)",I,B-,D,B-,117.0,30.0
937,F,B-,1,B-,"(2, 5, 10)",I,B-,D,B-,117.125,30.0
938,F,B-,2,B-,"(2, 5, 10)",I,B-,D,B-,117.25,30.0
939,F,B-,2,B-,"(2, 5, 10)",I,B-,D,B-,117.375,30.0
940,F,B-,3,B-,"(2, 5, 10)",I,B-,D,B-,117.5,30.0
941,F,B-,3,B-,"(2, 5, 10)",I,B-,D,B-,117.625,30.0
942,F,B-,3,B-,"(2, 5, 10)",I,B-,D,B-,117.75,30.0
943,F,B-,3,B-,"(2, 5, 10)",I,B-,D,B-,117.875,30.0
944,E-,A,0,B-,"(0, 3, 5, 9)",V7,F,C,B-,118.0,30.0
945,E-,A,1,B-,"(0, 3, 5, 9)",V7,F,C,B-,118.125,30.0
946,E-,A,2,B-,"(0, 3, 5, 9)",V7,F,C,B-,118.25,30.0
947,E-,A,2,B-,"(0, 3, 5, 9)",V7,F,C,B-,118.375,30.0
948,E-,A,3,B-,"(0, 3, 5, 9)",V7,F,C,B-,118.5,30.0
949,E-,A,3,B-,"(0, 3, 5, 9)",V7,F,C,B-,118.625,30.0
950,E-,A,3,B-,"(0, 3, 5, 9)",V7,F,C,B-,118.75,30.0
951,E-,A,3,B-,"(0, 3, 5, 9)",V7,F,C,B-,118.875,30.0
952,F,B-,0,B-,"(2, 5, 10)",I,B-,D,B-,119.0,30.0
953,F,B-,1,B-,"(2, 5, 10)",I,B-,D,B-,119.125,30.0
954,F,B-,2,B-,"(2, 5, 10)",I,B-,D,B-,119.25,30.0
955,F,B-,2,B-,"(2, 5, 10)",I,B-,D,B-,119.375,30.0
956,F,B-,3,B-,"(2, 5, 10)",I,B-,D,B-,119.5,30.0
957,F,B-,3,B-,"(2, 5, 10)",I,B-,D,B-,119.625,30.0
958,F,B-,3,B-,"(2, 5, 10)",I,B-,D,B-,119.75,30.0
959,F,B-,3,B-,"(2, 5, 10)",I,B-,D,B-,119.875,30.0
960,C,F,0,B-,"(0, 5, 9)",V,F,A,B-,120.0,31.0
961,C,F,1,B-,"(0, 5, 9)",V,F,A,B-,120.125,31.0
962,C,F,2,B-,"(0, 5, 9)",V,F,A,B-,120.25,31.0
963,C,F,2,B-,"(0, 5, 9)",V,F,A,B-,120.375,31.0
964,C,F,3,B-,"(0, 5, 9)",V,F,A,B-,120.5,31.0
965,C,F,3,B-,"(0, 5, 9)",V,F,A,B-,120.625,31.0
966,C,F,3,B-,"(0, 5, 9)",V,F,A,B-,120.75,31.0
967,C,F,3,B-,"(0, 5, 9)",V,F,A,B-,120.875,31.0
968,C,F,4,B-,"(0, 5, 9)",V,F,A,B-,121.0,31.0
969,C,F,4,B-,"(0, 5, 9)",V,F,A,B-,121.125,31.0
970,C,F,4,B-,"(0, 5, 9)",V,F,A,B-,121.25,31.0
971,C,F,4,B-,"(0, 5, 9)",V,F,A,B-,121.375,31.0
972,C,F,4,B-,"(0, 5, 9)",V,F,A,B-,121.5,31.0
973,C,F,4,B-,"(0, 5, 9)",V,F,A,B-,121.625,31.0
974,C,F,4,B-,"(0, 5, 9)",V,F,A,B-,121.75,31.0
975,C,F,4,B-,"(0, 5, 9)",V,F,A,B-,121.875,31.0
976,C,F,5,B-,"(0, 5, 9)",V,F,A,B-,122.0,31.0
977,C,F,5,B-,"(0, 5, 9)",V,F,A,B-,122.125,31.0
978,C,F,5,B-,"(0, 5, 9)",V,F,A,B-,122.25,31.0
979,C,F,5,B-,"(0, 5, 9)",V,F,A,B-,122.375,31.0
980,C,F,5,B-,"(0, 5, 9)",V,F,A,B-,122.5,31.0
981,C,F,5,B-,"(0, 5, 9)",V,F,A,B-,122.625,31.0
982,C,F,5,B-,"(0, 5, 9)",V,F,A,B-,122.75,31.0
983,C,F,5,B-,"(0, 5, 9)",V,F,A,B-,122.875,31.0
984,C,F,5,B-,"(0, 5, 9)",V,F,A,B-,123.0,31.0
985,C,F,5,B-,"(0, 5, 9)",V,F,A,B-,123.125,31.0
986,C,F,5,B-,"(0, 5, 9)",V,F,A,B-,123.25,31.0
987,C,F,5,B-,"(0, 5, 9)",V,F,A,B-,123.375,31.0
988,C,F,5,B-,"(0, 5, 9)",V,F,A,B-,123.5,31.0
989,C,F,5,B-,"(0, 5, 9)",V,F,A,B-,123.625,31.0
990,C,F,5,B-,"(0, 5, 9)",V,F,A,B-,123.75,31.0
991,C,F,5,B-,"(0, 5, 9)",V,F,A,B-,123.875,31.0
992,C,F,0,B-,"(0, 5, 9)",V,F,A,B-,124.0,32.0
993,C,F,1,B-,"(0, 5, 9)",V,F,A,B-,124.125,32.0
994,C,F,2,B-,"(0, 5, 9)",V,F,A,B-,124.25,32.0
995,C,F,2,B-,"(0, 5, 9)",V,F,A,B-,124.375,32.0
996,C,F,3,B-,"(0, 5, 9)",V,F,A,B-,124.5,32.0
997,C,F,3,B-,"(0, 5, 9)",V,F,A,B-,124.625,32.0
998,C,F,3,B-,"(0, 5, 9)",V,F,A,B-,124.75,32.0
999,C,F,3,B-,"(0, 5, 9)",V,F,A,B-,124.875,32.0
1000,C,F,4,B-,"(0, 5, 9)",V,F,A,B-,125.0,32.0
1001,C,F,4,B-,"(0, 5, 9)",V,F,A,B-,125.125,32.0
1002,C,F,4,B-,"(0, 5, 9)",V,F,A,B-,125.25,32.0
1003,C,F,4,B-,"(0, 5, 9)",V,F,A,B-,125.375,32.0
1004,C,F,4,B-,"(0, 5, 9)",V,F,A,B-,125.5,32.0
1005,C,F,4,B-,"(0, 5, 9)",V,F,A,B-,125.625,32.0
1006,C,F,4,B-,"(0, 5, 9)",V,F,A,B-,125.75,32.0
1007,C,F,4,B-,"(0, 5, 9)",V,F,A,B-,125.875,32.0
1008,C,F,5,B-,"(0, 5, 9)",V,F,A,B-,126.0,32.0
1009,C,F,5,B-,"(0, 5, 9)",V,F,A,B-,126.125,32.0
1010,C,F,5,B-,"(0, 5, 9)",V,F,A,B-,126.25,32.0
1011,C,F,5,B-,"(0, 5, 9)",V,F,A,B-,126.375,32.0
1012,C,F,5,B-,"(0, 5, 9)",V,F,A,B-,126.5,32.0
1013,C,F,5,B-,"(0, 5, 9)",V,F,A,B-,126.625,32.0
1014,C,F,5,B-,"(0, 5, 9)",V,F,A,B-,126.75,32.0
1015,C,F,5,B-,"(0, 5, 9)",V,F,A,B-,126.875,32.0
1016,C,F,5,B-,"(0, 5, 9)",V,F,A,B-,127.0,32.0
1017,C,F,5,B-,"(0, 5, 9)",V,F,A,B-,127.125,32.0
1018,C,F,5,B-,"(0, 5, 9)",V,F,A,B-,127.25,32.0
1019,C,F,5,B-,"(0, 5, 9)",V,F,A,B-,127.375,32.0
1020,C,F,5,B-,"(0, 5, 9)",V,F,A,B-,127.5,32.0
1021,C,F,5,B-,"(0, 5, 9)",V,F,A,B-,127.625,32.0
1022,C,F,5,B-,"(0, 5, 9)",V,F,A,B-,127.75,32.0
1023,C,F,5,B-,"(0, 5, 9)",V,F,A,B-,127.875,32.0
1024,C,F,0,B-,"(0, 3, 5, 9)",V7,E-,A,B-,128.0,33.0
1025,C,F,1,B-,"(0, 3, 5, 9)",V7,E-,A,B-,128.125,33.0
1026,C,F,2,B-,"(0, 3, 5, 9)",V7,E-,A,B-,128.25,33.0
1027,C,F,2,B-,"(0, 3, 5, 9)",V7,E-,A,B-,128.375,33.0
1028,C,F,3,B-,"(0, 3, 5, 9)",V7,E-,A,B-,128.5,33.0
1029,C,F,3,B-,"(0, 3, 5, 9)",V7,E-,A,B-,128.625,33.0
1030,C,F,3,B-,"(0, 3, 5, 9)",V7,E-,A,B-,128.75,33.0
1031,C,F,3,B-,"(0, 3, 5, 9)",V7,E-,A,B-,128.875,33.0
1032,C,F,4,B-,"(0, 3, 5, 9)",V7,E-,A,B-,129.0,33.0
1033,C,F,4,B-,"(0, 3, 5, 9)",V7,E-,A,B-,129.125,33.0
1034,C,F,4,B-,"(0, 3, 5, 9)",V7,E-,A,B-,129.25,33.0
1035,C,F,4,B-,"(0, 3, 5, 9)",V7,E-,A,B-,129.375,33.0
1036,C,F,4,B-,"(0, 3, 5, 9)",V7,E-,A,B-,129.5,33.0
1037,C,F,4,B-,"(0, 3, 5, 9)",V7,E-,A,B-,129.625,33.0
1038,C,F,4,B-,"(0, 3, 5, 9)",V7,E-,A,B-,129.75,33.0
1039,C,F,4,B-,"(0, 3, 5, 9)",V7,E-,A,B-,129.875,33.0
1040,C,F,0,B-,"(2, 5, 10)",V7,B-,A,B-,130.0,33.0
1041,C,F,1,B-,"(2, 5, 10)",V7,B-,A,B-,130.125,33.0
1042,C,F,2,B-,"(2, 5, 10)",V7,B-,A,B-,130.25,33.0
1043,C,F,2,B-,"(2, 5, 10)",V7,B-,A,B-,130.375,33.0
1044,C,F,3,B-,"(2, 5, 10)",V7,B-,A,B-,130.5,33.0
1045,C,F,3,B-,"(2, 5, 10)",V7,B-,A,B-,130.625,33.0
1046,C,F,3,B-,"(2, 5, 10)",V7,B-,A,B-,130.75,33.0
1047,C,F,3,B-,"(2, 5, 10)",V7,B-,A,B-,130.875,33.0
1048,C,F,4,B-,"(0, 3, 5, 9)",V,F,A,B-,131.0,33.0
1049,C,F,1,B-,"(0, 3, 5, 9)",V,F,A,B-,131.125,33.0
1050,C,F,2,B-,"(0, 3, 5, 9)",V,F,A,B-,131.25,33.0
1051,C,F,4,B-,"(0, 3, 5, 9)",V,F,A,B-,131.375,33.0
1052,C,F,4,B-,"(0, 3, 5, 9)",V,F,A,B-,131.5,33.0
1053,C,F,4,B-,"(0, 3, 5, 9)",V,F,A,B-,131.625,33.0
1054,C,F,4,B-,"(0, 3, 5, 9)",V,F,A,B-,131.75,33.0
1055,C,F,4,B-,"(0, 3, 5, 9)",V,F,A,B-,131.875,33.0
1056,F,B-,0,B-,"(2, 5, 10)",I,B-,D,B-,132.0,34.0
1057,F,B-,1,B-,"(2, 5, 10)",I,B-,D,B-,132.125,34.0
1058,F,B-,2,B-,"(2, 5, 10)",I,B-,D,B-,132.25,34.0
1059,F,B-,2,B-,"(2, 5, 10)",I,B-,D,B-,132.375,34.0
1060,F,B-,3,B-,"(2, 5, 10)",I,B-,D,B-,132.5,34.0
1061,F,B-,3,B-,"(2, 5, 10)",I,B-,D,B-,132.625,34.0
1062,F,B-,3,B-,"(2, 5, 10)",I,B-,D,B-,132.75,34.0
1063,F,B-,3,B-,"(2, 5, 10)",I,B-,D,B-,132.875,34.0
1064,F,B-,4,B-,"(2, 5, 10)",I,B-,D,B-,133.0,34.0
1065,F,B-,4,B-,"(2, 5, 10)",I,B-,D,B-,133.125,34.0
1066,F,B-,4,B-,"(2, 5, 10)",I,B-,D,B-,133.25,34.0
1067,F,B-,4,B-,"(2, 5, 10)",I,B-,D,B-,133.375,34.0
1068,F,B-,4,B-,"(2, 5, 10)",I,B-,D,B-,133.5,34.0
1069,F,B-,4,B-,"(2, 5, 10)",I,B-,D,B-,133.625,34.0
1070,F,B-,4,B-,"(2, 5, 10)",I,B-,D,B-,133.75,34.0
1071,F,B-,4,B-,"(2, 5, 10)",I,B-,D,B-,133.875,34.0
1072,F,B-,5,B-,"(2, 5, 10)",I,B-,D,B-,134.0,34.0
1073,F,B-,5,B-,"(2, 5, 10)",I,B-,D,B-,134.125,34.0
1074,F,B-,5,B-,"(2, 5, 10)",I,B-,D,B-,134.25,34.0
1075,F,B-,5,B-,"(2, 5, 10)",I,B-,D,B-,134.375,34.0
1076,F,B-,5,B-,"(2, 5, 10)",I,B-,D,B-,134.5,34.0
1077,F,B-,5,B-,"(2, 5, 10)",I,B-,D,B-,134.625,34.0
1078,F,B-,5,B-,"(2, 5, 10)",I,B-,D,B-,134.75,34.0
1079,F,B-,5,B-,"(2, 5, 10)",I,B-,D,B-,134.875,34.0
1080,F,B-,5,B-,"(2, 5, 10)",I,B-,D,B-,135.0,34.0
1081,F,B-,5,B-,"(2, 5, 10)",I,B-,D,B-,135.125,34.0
1082,F,B-,5,B-,"(2, 5, 10)",I,B-,D,B-,135.25,34.0
1083,F,B-,5,B-,"(2, 5, 10)",I,B-,D,B-,135.375,34.0
1084,F,B-,5,B-,"(2, 5, 10)",I,B-,D,B-,135.5,34.0
1085,F,B-,5,B-,"(2, 5, 10)",I,B-,D,B-,135.625,34.0
1086,F,B-,5,B-,"(2, 5, 10)",I,B-,D,B-,135.75,34.0
1087,F,B-,5,B-,"(2, 5, 10)",I,B-,D,B-,135.875,34.0
1088,D,F,0,B-,"(2, 5, 10)",I,B-,A,B-,136.0,35.0
1089,C,F,1,B-,"(2, 5, 10)",I,B-,A,B-,136.125,35.0
1090,C,F,2,B-,"(2, 5, 10)",I,B-,A,B-,136.25,35.0
1091,C,F,2,B-,"(2, 5, 10)",I,B-,A,B-,136.375,35.0
1092,C,F,3,B-,"(2, 5, 10)",I,E-,A,B-,136.5,35.0
1093,C,F,3,B-,"(2, 5, 10)",I,E-,A,B-,136.625,35.0
1094,C,F,3,B-,"(2, 5, 10)",I,E-,A,B-,136.75,35.0
1095,C,F,3,B-,"(2, 5, 10)",I,E-,A,B-,136.875,35.0
1096,C,F,4,B-,"(2, 5, 10)",I,E-,A,B-,137.0,35.0
1097,C,F,4,B-,"(2, 5, 10)",I,E-,A,B-,137.125,35.0
1098,C,F,4,B-,"(2, 5, 10)",I,E-,A,B-,137.25,35.0
1099,C,F,4,B-,"(2, 5, 10)",I,E-,A,B-,137.375,35.0
1100,C,F,4,B-,"(2, 5, 10)",I,E-,A,B-,137.5,35.0
1101,C,F,4,B-,"(2, 5, 10)",I,E-,A,B-,137.625,35.0
1102,C,F,4,B-,"(2, 5, 10)",I,E-,A,B-,137.75,35.0
1103,C,F,4,B-,"(2, 5, 10)",I,E-,A,B-,137.875,35.0
1104,C,F,0,B-,"(0, 3, 5, 9)",V7,E-,A,B-,138.0,35.0
1105,C,F,1,B-,"(0, 3, 5, 9)",V7,E-,A,B-,138.125,35.0
1106,C,F,2,B-,"(0, 3, 5, 9)",V7,E-,A,B-,138.25,35.0
1107,C,F,2,B-,"(0, 3, 5, 9)",V7,E-,A,B-,138.375,35.0
1108,C,F,3,B-,"(0, 3, 5, 9)",V7,E-,A,B-,138.5,35.0
1109,C,F,3,B-,"(0, 3, 5, 9)",V7,E-,A,B-,138.625,35.0
1110,C,F,3,B-,"(0, 3, 5, 9)",V7,E-,A,B-,138.75,35.0
1111,C,F,3,B-,"(0, 3, 5, 9)",V7,E-,A,B-,138.875,35.0
1112,C,F,4,B-,"(0, 3, 5, 9)",V7,E-,A,B-,139.0,35.0
1113,C,F,4,B-,"(0, 3, 5, 9)",V7,E-,A,B-,139.125,35.0
1114,C,F,4,B-,"(0, 3, 5, 9)",V7,E-,A,B-,139.25,35.0
1115,C,F,4,B-,"(0, 3, 5, 9)",V7,E-,A,B-,139.375,35.0
1116,C,F,4,B-,"(0, 3, 5, 9)",V7,E-,A,B-,139.5,35.0
1117,C,F,4,B-,"(0, 3, 5, 9)",V7,E-,A,B-,139.625,35.0
1118,C,F,4,B-,"(0, 3, 5, 9)",V7,E-,A,B-,139.75,35.0
1119,C,F,4,B-,"(0, 3, 5, 9)",V7,E-,A,B-,139.875,35.0
1120,F,B-,0,B-,"(2, 5, 10)",I,B-,D,B-,140.0,36.0
1121,F,B-,1,B-,"(2, 5, 10)",I,B-,D,B-,140.125,36.0
1122,F,B-,2,B-,"(2, 5, 10)",I,B-,D,B-,140.25,36.0
1123,F,B-,2,B-,"(2, 5, 10)",I,B-,D,B-,140.375,36.0
1124,F,B-,3,B-,"(2, 5, 10)",I,B-,D,B-,140.5,36.0
1125,F,B-,3,B-,"(2, 5, 10)",I,B-,D,B-,140.625,36.0
1126,F,B-,3,B-,"(2, 5, 10)",I,B-,D,B-,140.75,36.0
1127,F,B-,3,B-,"(2, 5, 10)",I,B-,D,B-,140.875,36.0
1128,F,B-,4,B-,"(2, 5, 10)",I,B-,D,B-,141.0,36.0
1129,F,B-,4,B-,"(2, 5, 10)",I,B-,D,B-,141.125,36.0
1130,F,B-,4,B-,"(2, 5, 10)",I,B-,D,B-,141.25,36.0
1131,F,B-,4,B-,"(2, 5, 10)",I,B-,D,B-,141.375,36.0
1132,F,B-,4,B-,"(2, 5, 10)",I,B-,D,B-,141.5,36.0
1133,F,B-,4,B-,"(2, 5, 10)",I,B-,D,B-,141.625,36.0
1134,F,B-,4,B-,"(2, 5, 10)",I,B-,D,B-,141.75,36.0
1135,F,B-,4,B-,"(2, 5, 10)",I,B-,D,B-,141.875,36.0
1136,F,B-,5,B-,"(2, 5, 10)",I,B-,D,B-,142.0,36.0
1137,F,B-,5,B-,"(2, 5, 10)",I,B-,D,B-,142.125,36.0
1138,F,B-,5,B-,"(2, 5, 10)",I,B-,D,B-,142.25,36.0
1139,F,B-,5,B-,"(2, 5, 10)",I,B-,D,B-,142.375,36.0
1140,F,B-,5,B-,"(2, 5, 10)",I,B-,D,B-,142.5,36.0
1141,F,B-,5,B-,"(2, 5, 10)",I,B-,D,B-,142.625,36.0
1142,F,B-,5,B-,"(2, 5, 10)",I,B-,D,B-,142.75,36.0
1143,F,B-,5,B-,"(2, 5, 10)",I,B-,D,B-,142.875,36.0
1144,F,B-,5,B-,"(2, 5, 10)",I,B-,D,B-,143.0,36.0
1145,F,B-,5,B-,"(2, 5, 10)",I,B-,D,B-,143.125,36.0
1146,F,B-,5,B-,"(2, 5, 10)",I,B-,D,B-,143.25,36.0
1147,F,B-,5,B-,"(2, 5, 10)",I,B-,D,B-,143.375,36.0
1148,F,B-,5,B-,"(2, 5, 10)",I,B-,D,B-,143.5,36.0
1149,F,B-,5,B-,"(2, 5, 10)",I,B-,D,B-,143.625,36.0
1150,F,B-,5,B-,"(2, 5, 10)",I,B-,D,B-,143.75,36.0
1151,F,B-,5,B-,"(2, 5, 10)",I,B-,D,B-,143.875,36.0
1152,C,F,0,B-,"(0, 3, 5, 9)",V7,E-,A,B-,144.0,37.0
1153,C,F,1,B-,"(0, 3, 5, 9)",V7,E-,A,B-,144.125,37.0
1154,C,F,2,B-,"(0, 3, 5, 9)",V7,E-,A,B-,144.25,37.0
1155,C,F,2,B-,"(0, 3, 5, 9)",V7,E-,A,B-,144.375,37.0
1156,C,F,3,B-,"(0, 3, 5, 9)",V7,E-,A,B-,144.5,37.0
1157,C,F,3,B-,"(0, 3, 5, 9)",V7,E-,A,B-,144.625,37.0
1158,C,F,3,B-,"(0, 3, 5, 9)",V7,E-,A,B-,144.75,37.0
1159,C,F,3,B-,"(0, 3, 5, 9)",V7,E-,A,B-,144.875,37.0
1160,C,F,4,B-,"(0, 3, 5, 9)",V7,E-,A,B-,145.0,37.0
1161,C,F,4,B-,"(0, 3, 5, 9)",V7,E-,A,B-,145.125,37.0
1162,C,F,4,B-,"(0, 3, 5, 9)",V7,E-,A,B-,145.25,37.0
1163,C,F,4,B-,"(0, 3, 5, 9)",V7,E-,A,B-,145.375,37.0
1164,C,F,4,B-,"(0, 3, 5, 9)",V7,E-,A,B-,145.5,37.0
1165,C,F,4,B-,"(0, 3, 5, 9)",V7,E-,A,B-,145.625,37.0
1166,C,F,4,B-,"(0, 3, 5, 9)",V7,E-,A,B-,145.75,37.0
1167,C,F,4,B-,"(0, 3, 5, 9)",V7,E-,A,B-,145.875,37.0
1168,C,F,5,B-,"(0, 3, 5, 9)",V7,E-,A,B-,146.0,37.0
1169,C,F,5,B-,"(0, 3, 5, 9)",V7,E-,A,B-,146.125,37.0
1170,C,F,5,B-,"(0, 3, 5, 9)",V7,E-,A,B-,146.25,37.0
1171,C,F,5,B-,"(0, 3, 5, 9)",V7,E-,A,B-,146.375,37.0
1172,C,F,5,B-,"(0, 3, 5, 9)",V7,E-,A,B-,146.5,37.0
1173,C,F,5,B-,"(0, 3, 5, 9)",V7,E-,A,B-,146.625,37.0
1174,C,F,5,B-,"(0, 3, 5, 9)",V7,E-,A,B-,146.75,37.0
1175,C,F,5,B-,"(0, 3, 5, 9)",V7,E-,A,B-,146.875,37.0
1176,C,F,5,B-,"(0, 3, 5, 9)",V7,E-,A,B-,147.0,37.0
1177,C,F,5,B-,"(0, 3, 5, 9)",V7,E-,A,B-,147.125,37.0
1178,C,F,5,B-,"(0, 3, 5, 9)",V7,E-,A,B-,147.25,37.0
1179,C,F,5,B-,"(0, 3, 5, 9)",V7,E-,A,B-,147.375,37.0
1180,C,F,5,B-,"(0, 3, 5, 9)",V7,E-,A,B-,147.5,37.0
1181,C,F,5,B-,"(0, 3, 5, 9)",V7,E-,A,B-,147.625,37.0
1182,C,F,5,B-,"(0, 3, 5, 9)",V7,E-,A,B-,147.75,37.0
1183,C,F,5,B-,"(0, 3, 5, 9)",V7,E-,A,B-,147.875,37.0
1184,F,B-,0,B-,"(2, 5, 10)",I,B-,D,B-,148.0,38.0
1185,F,B-,1,B-,"(2, 5, 10)",I,B-,D,B-,148.125,38.0
1186,F,B-,2,B-,"(2, 5, 10)",I,B-,D,B-,148.25,38.0
1187,F,B-,2,B-,"(2, 5, 10)",I,B-,D,B-,148.375,38.0
1188,F,B-,3,B-,"(2, 5, 10)",I,B-,D,B-,148.5,38.0
1189,F,B-,3,B-,"(2, 5, 10)",I,B-,D,B-,148.625,38.0
1190,F,B-,3,B-,"(2, 5, 10)",I,B-,D,B-,148.75,38.0
1191,F,B-,3,B-,"(2, 5, 10)",I,B-,D,B-,148.875,38.0
1192,F,B-,4,B-,"(2, 5, 10)",I,B-,D,B-,149.0,38.0
1193,F,B-,4,B-,"(2, 5, 10)",I,B-,D,B-,149.125,38.0
1194,F,B-,4,B-,"(2, 5, 10)",I,B-,D,B-,149.25,38.0
1195,F,B-,4,B-,"(2, 5, 10)",I,B-,D,B-,149.375,38.0
1196,F,B-,4,B-,"(2, 5, 10)",I,B-,D,B-,149.5,38.0
1197,F,B-,4,B-,"(2, 5, 10)",I,B-,D,B-,149.625,38.0
1198,F,B-,4,B-,"(2, 5, 10)",I,B-,D,B-,149.75,38.0
1199,F,B-,4,B-,"(2, 5, 10)",I,B-,D,B-,149.875,38.0
1200,F,B-,5,B-,"(2, 5, 10)",I,B-,D,B-,150.0,38.0
1201,F,B-,5,B-,"(2, 5, 10)",I,B-,D,B-,150.125,38.0
1202,F,B-,5,B-,"(2, 5, 10)",I,B-,D,B-,150.25,38.0
1203,F,B-,5,B-,"(2, 5, 10)",I,B-,D,B-,150.375,38.0
1204,F,B-,5,B-,"(2, 5, 10)",I,B-,D,B-,150.5,38.0
1205,F,B-,5,B-,"(2, 5, 10)",I,B-,D,B-,150.625,38.0
1206,F,B-,5,B-,"(2, 5, 10)",I,B-,D,B-,150.75,38.0
1207,F,B-,5,B-,"(2, 5, 10)",I,B-,D,B-,150.875,38.0
1208,F,B-,5,B-,"(2, 5, 10)",I,B-,D,B-,151.0,38.0
1209,F,B-,5,B-,"(2, 5, 10)",I,B-,D,B-,151.125,38.0
1210,F,B-,5,B-,"(2, 5, 10)",I,B-,D,B-,151.25,38.0
1211,F,B-,5,B-,"(2, 5, 10)",I,B-,D,B-,151.375,38.0
1212,F,B-,5,B-,"(2, 5, 10)",I,B-,D,B-,151.5,38.0
1213,F,B-,5,B-,"(2, 5, 10)",I,B-,D,B-,151.625,38.0
1214,F,B-,5,B-,"(2, 5, 10)",I,B-,D,B-,151.75,38.0
1215,F,B-,5,B-,"(2, 5, 10)",I,B-,D,B-,151.875,38.0
1216,F,B-,0,B-,"(2, 5, 10)",I,B-,D,B-,152.0,39.0
1217,F,B-,1,B-,"(2, 5, 10)",I,B-,D,B-,152.125,39.0
1218,F,B-,2,B-,"(2, 5, 10)",I,B-,D,B-,152.25,39.0
1219,F,B-,2,B-,"(2, 5, 10)",I,B-,D,B-,152.375,39.0
1220,F,B-,3,B-,"(2, 5, 10)",I,B-,D,B-,152.5,39.0
1221,F,B-,3,B-,"(2, 5, 10)",I,B-,D,B-,152.625,39.0
1222,F,B-,3,B-,"(2, 5, 10)",I,B-,D,B-,152.75,39.0
1223,F,B-,3,B-,"(2, 5, 10)",I,B-,D,B-,152.875,39.0
1224,F,B-,4,B-,"(2, 5, 10)",I,B-,D,B-,153.0,39.0
1225,F,B-,4,B-,"(2, 5, 10)",I,B-,D,B-,153.125,39.0
1226,F,B-,4,B-,"(2, 5, 10)",I,B-,D,B-,153.25,39.0
1227,F,B-,4,B-,"(2, 5, 10)",I,B-,D,B-,153.375,39.0
1228,F,B-,4,B-,"(2, 5, 10)",I,B-,D,B-,153.5,39.0
1229,F,B-,4,B-,"(2, 5, 10)",I,B-,D,B-,153.625,39.0
1230,F,B-,4,B-,"(2, 5, 10)",I,B-,D,B-,153.75,39.0
1231,F,B-,4,B-,"(2, 5, 10)",I,B-,D,B-,153.875,39.0
1232,F,B-,5,B-,"(2, 5, 10)",I,B-,D,B-,154.0,39.0
1233,F,B-,5,B-,"(2, 5, 10)",I,B-,D,B-,154.125,39.0
1234,F,B-,5,B-,"(2, 5, 10)",I,B-,D,B-,154.25,39.0
1235,F,B-,5,B-,"(2, 5, 10)",I,B-,D,B-,154.375,39.0
1236,F,B-,5,B-,"(2, 5, 10)",I,B-,D,B-,154.5,39.0
1237,F,B-,5,B-,"(2, 5, 10)",I,B-,D,B-,154.625,39.0
1238,F,B-,5,B-,"(2, 5, 10)",I,B-,D,B-,154.75,39.0
1239,F,B-,5,B-,"(2, 5, 10)",I,B-,D,B-,154.875,39.0
1240,F,B-,5,B-,"(2, 5, 10)",I,B-,D,B-,155.0,39.0
1241,F,B-,5,B-,"(2, 5, 10)",I,B-,D,B-,155.125,39.0
1242,F,B-,5,B-,"(2, 5, 10)",I,B-,D,B-,155.25,39.0
1243,F,B-,5,B-,"(2, 5, 10)",I,B-,D,B-,155.375,39.0
1244,F,B-,5,B-,"(2, 5, 10)",I,B-,D,B-,155.5,39.0
1245,F,B-,5,B-,"(2, 5, 10)",I,B-,D,B-,155.625,39.0
1246,F,B-,5,B-,"(2, 5, 10)",I,B-,D,B-,155.75,39.0
1247,F,B-,5,B-,"(2, 5, 10)",I,B-,D,B-,155.875,39.0
1248,C,F,0,B-,"(0, 3, 5, 9)",V7,E-,A,B-,156.0,40.0
1249,C,F,1,B-,"(0, 3, 5, 9)",V7,E-,A,B-,156.125,40.0
1250,C,F,2,B-,"(0, 3, 5, 9)",V7,E-,A,B-,156.25,40.0
1251,C,F,2,B-,"(0, 3, 5, 9)",V7,E-,A,B-,156.375,40.0
1252,C,F,3,B-,"(0, 3, 5, 9)",V7,E-,A,B-,156.5,40.0
1253,C,F,3,B-,"(0, 3, 5, 9)",V7,E-,A,B-,156.625,40.0
1254,C,F,3,B-,"(0, 3, 5, 9)",V7,E-,A,B-,156.75,40.0
1255,C,F,3,B-,"(0, 3, 5, 9)",V7,E-,A,B-,156.875,40.0
1256,C,F,4,B-,"(3, 7, 10)",I,E-,G,B-,157.0,40.0
1257,B-,F,4,B-,"(3, 7, 10)",I,E-,G,B-,157.125,40.0
1258,B-,F,4,B-,"(3, 7, 10)",I,E-,G,B-,157.25,40.0
1259,B-,F,4,B-,"(3, 7, 10)",I,E-,G,B-,157.375,40.0
1260,B-,F,4,B-,"(3, 7, 10)",I,E-,G,B-,157.5,40.0
1261,B-,F,4,B-,"(3, 7, 10)",I,E-,G,B-,157.625,40.0
1262,B-,F,4,B-,"(3, 7, 10)",I,E-,G,B-,157.75,40.0
1263,B-,F,4,B-,"(3, 7, 10)",I,E-,G,B-,157.875,40.0
1264,F,F,0,B-,"(2, 5, 8, 11)",viio7,F,A-,e-,158.0,40.0
1265,F,F,1,B-,"(2, 5, 8, 11)",viio7,F,A-,e-,158.125,40.0
1266,F,F,2,B-,"(2, 5, 8, 11)",viio7,F,A-,e-,158.25,40.0
1267,F,F,2,B-,"(2, 5, 8, 11)",viio7,F,A-,e-,158.375,40.0
1268,F,F,3,B-,"(2, 5, 8, 11)",viio7,F,A-,e-,158.5,40.0
1269,F,F,3,B-,"(2, 5, 8, 11)",viio7,F,A-,e-,158.625,40.0
1270,F,F,3,B-,"(2, 5, 8, 11)",viio7,F,A-,e-,158.75,40.0
1271,C,F,3,B-,"(2, 5, 8, 11)",viio7,F,A-,e-,158.875,40.0
1272,C,F,0,B-,"(0, 3, 5, 9)",V7,E-,A,B-,159.0,40.0
1273,C,F,1,B-,"(0, 3, 5, 9)",V7,E-,A,B-,159.125,40.0
1274,C,F,2,B-,"(0, 3, 5, 9)",V7,E-,A,B-,159.25,40.0
1275,C,F,2,B-,"(0, 3, 5, 9)",V7,E-,A,B-,159.375,40.0
1276,C,F,3,B-,"(0, 3, 5, 9)",V7,E-,A,B-,159.5,40.0
1277,C,F,3,B-,"(0, 3, 5, 9)",V7,E-,A,B-,159.625,40.0
1278,C,F,3,B-,"(0, 3, 5, 9)",V7,E-,A,B-,159.75,40.0
1279,C,F,3,B-,"(0, 3, 5, 9)",V7,E-,A,B-,159.875,40.0
1280,C,F,0,B-,"(0, 5, 9)",V,F,A,B-,160.0,41.0
1281,C,F,1,B-,"(0, 3, 5, 9)",V,F,A,B-,160.125,41.0
1282,C,F,2,B-,"(0, 3, 5, 9)",V,F,A,B-,160.25,41.0
1283,C,F,2,B-,"(0, 3, 5, 9)",V,F,A,B-,160.375,41.0
1284,C,F,3,B-,"(0, 3, 5, 9)",V,F,A,B-,160.5,41.0
1285,C,F,3,B-,"(0, 3, 5, 9)",V,F,A,B-,160.625,41.0
1286,C,F,3,B-,"(0, 3, 5, 9)",V,F,A,B-,160.75,41.0
1287,C,F,3,B-,"(0, 3, 5, 9)",V,F,A,B-,160.875,41.0
1288,C,F,4,B-,"(0, 3, 5, 9)",V,F,A,B-,161.0,41.0
1289,C,F,4,B-,"(0, 3, 5, 9)",V,F,A,B-,161.125,41.0
1290,C,F,4,B-,"(0, 3, 5, 9)",V,F,A,B-,161.25,41.0
1291,C,F,4,B-,"(0, 3, 5, 9)",V,F,A,B-,161.375,41.0
1292,C,F,4,B-,"(0, 3, 5, 9)",V,F,A,B-,161.5,41.0
1293,C,F,4,B-,"(0, 3, 5, 9)",V,F,A,B-,161.625,41.0
1294,C,F,4,B-,"(0, 3, 5, 9)",V,F,A,B-,161.75,41.0
1295,C,F,4,B-,"(0, 3, 5, 9)",V,F,A,B-,161.875,41.0
1296,C,F,5,B-,"(0, 3, 5, 9)",V7,E-,A,B-,162.0,41.0
1297,C,F,5,B-,"(0, 3, 5, 9)",V7,E-,A,B-,162.125,41.0
1298,C,F,5,B-,"(0, 3, 5, 9)",V7,E-,A,B-,162.25,41.0
1299,C,F,5,B-,"(0, 3, 5, 9)",V7,E-,A,B-,162.375,41.0
1300,C,F,5,B-,"(0, 3, 5, 9)",V7,E-,A,B-,162.5,41.0
1301,C,F,3,B-,"(0, 3, 5, 9)",V7,E-,A,B-,162.625,41.0
1302,C,F,5,B-,"(0, 3, 5, 9)",V7,E-,A,B-,162.75,41.0
1303,C,F,3,B-,"(0, 3, 5, 9)",V7,E-,A,B-,162.875,41.0
1304,C,F,5,B-,"(0, 3, 5, 9)",V7,E-,A,B-,163.0,41.0
1305,C,F,5,B-,"(0, 3, 5, 9)",V7,E-,A,B-,163.125,41.0
1306,C,F,5,B-,"(0, 3, 5, 9)",V7,E-,A,B-,163.25,41.0
1307,C,F,5,B-,"(0, 3, 5, 9)",V7,E-,A,B-,163.375,41.0
1308,C,F,5,B-,"(0, 3, 5, 9)",V7,E-,A,B-,163.5,41.0
1309,C,F,5,B-,"(0, 3, 5, 9)",V7,E-,A,B-,163.625,41.0
1310,C,F,5,B-,"(0, 3, 5, 9)",V7,E-,A,B-,163.75,41.0
1311,C,F,5,B-,"(0, 3, 5, 9)",V7,E-,A,B-,163.875,41.0
1312,F,B-,0,B-,"(2, 5, 10)",I,B-,D,B-,164.0,42.0
1313,F,B-,1,B-,"(2, 5, 10)",I,B-,D,B-,164.125,42.0
1314,F,B-,2,B-,"(2, 5, 10)",I,B-,D,B-,164.25,42.0
1315,F,B-,2,B-,"(2, 5, 10)",I,B-,D,B-,164.375,42.0
1316,F,B-,3,B-,"(2, 5, 10)",I,B-,D,B-,164.5,42.0
1317,F,B-,3,B-,"(2, 5, 10)",I,B-,D,B-,164.625,42.0
1318,F,B-,3,B-,"(2, 5, 10)",I,B-,D,B-,164.75,42.0
1319,F,B-,3,B-,"(2, 5, 10)",I,B-,D,B-,164.875,42.0
1320,F,B-,0,B-,"(0, 3, 5, 9)",V,A,D,B-,165.0,42.0
1321,F,B-,1,B-,"(2, 5, 10)",V,A,D,B-,165.125,42.0
1322,F,B-,2,B-,"(2, 5, 10)",V,A,D,B-,165.25,42.0
1323,F,B-,2,B-,"(2, 5, 10)",V,A,D,B-,165.375,42.0
1324,F,B-,3,B-,"(2, 5, 10)",V,A,D,B-,165.5,42.0
1325,F,B-,3,B-,"(2, 5, 10)",V,A,D,B-,165.625,42.0
1326,F,B-,3,B-,"(2, 5, 10)",V,A,D,B-,165.75,42.0
1327,F,B-,3,B-,"(2, 5, 10)",V,A,D,B-,165.875,42.0
1328,F,B-,0,B-,"(2, 5, 10)",I,B-,D,B-,166.0,42.0
1329,F,B-,1,B-,"(2, 5, 10)",I,B-,D,B-,166.125,42.0
1330,F,B-,2,B-,"(2, 5, 10)",I,B-,D,B-,166.25,42.0
1331,F,B-,2,B-,"(2, 5, 10)",I,B-,D,B-,166.375,42.0
1332,F,B-,3,B-,"(2, 5, 10)",I,B-,D,B-,166.5,42.0
1333,F,B-,3,B-,"(2, 5, 10)",I,B-,D,B-,166.625,42.0
1334,F,B-,3,B-,"(2, 5, 10)",I,B-,D,B-,166.75,42.0
1335,F,B-,3,B-,"(2, 5, 10)",I,B-,D,B-,166.875,42.0
1336,F,B-,5,B-,"(2, 5, 10)",I,B-,D,B-,167.0,42.0
1337,F,B-,1,B-,"(2, 5, 10)",I,B-,D,B-,167.125,42.0
1338,F,B-,2,B-,"(2, 5, 10)",I,B-,D,B-,167.25,42.0
1339,F,B-,5,B-,"(2, 5, 10)",I,B-,D,B-,167.375,42.0
1340,F,B-,3,B-,"(2, 5, 10)",I,B-,D,B-,167.5,42.0
1341,F,B-,3,B-,"(2, 5, 10)",I,B-,D,B-,167.625,42.0
1342,F,B-,5,B-,"(2, 5, 10)",I,B-,D,B-,167.75,42.0
1343,F,B-,5,B-,"(2, 5, 10)",I,B-,D,B-,167.875,42.0
1344,B-,E-,0,B-,"(3, 7, 10)",IV,E-,G,B-,168.0,43.0
1345,B-,E-,1,B-,"(3, 7, 10)",IV,E-,G,B-,168.125,43.0
1346,B-,E-,2,B-,"(3, 7, 10)",IV,E-,G,B-,168.25,43.0
1347,B-,E-,2,B-,"(3, 7, 10)",IV,E-,G,B-,168.375,43.0
1348,B-,E-,3,B-,"(3, 7, 10)",IV,E-,G,B-,168.5,43.0
1349,B-,E-,3,B-,"(3, 7, 10)",IV,E-,G,B-,168.625,43.0
1350,B-,E-,3,B-,"(3, 7, 10)",IV,E-,G,B-,168.75,43.0
1351,B-,E-,3,B-,"(3, 7, 10)",IV,E-,G,B-,168.875,43.0
1352,B-,E-,4,B-,"(3, 7, 10)",IV,E-,G,B-,169.0,43.0
1353,B-,E-,4,B-,"(3, 7, 10)",IV,E-,G,B-,169.125,43.0
1354,B-,E-,4,B-,"(3, 7, 10)",IV,E-,G,B-,169.25,43.0
1355,B-,E-,4,B-,"(3, 7, 10)",IV,E-,G,B-,169.375,43.0
1356,B-,E-,4,B-,"(3, 7, 10)",IV,E-,G,B-,169.5,43.0
1357,B-,E-,4,B-,"(3, 7, 10)",IV,E-,G,B-,169.625,43.0
1358,B-,E-,4,B-,"(3, 7, 10)",IV,E-,G,B-,169.75,43.0
1359,B-,E-,4,B-,"(3, 7, 10)",IV,E-,G,B-,169.875,43.0
1360,B-,E-,5,B-,"(3, 7, 10)",IV,E-,G,B-,170.0,43.0
1361,B-,E-,5,B-,"(3, 7, 10)",IV,E-,G,B-,170.125,43.0
1362,B-,E-,5,B-,"(3, 7, 10)",IV,E-,G,B-,170.25,43.0
1363,B-,E-,5,B-,"(3, 7, 10)",IV,E-,G,B-,170.375,43.0
1364,B-,E-,5,B-,"(3, 7, 10)",IV,E-,G,B-,170.5,43.0
1365,B-,E-,5,B-,"(3, 7, 10)",IV,E-,G,B-,170.625,43.0
1366,B-,E-,5,B-,"(3, 7, 10)",IV,E-,G,B-,170.75,43.0
1367,B-,E-,5,B-,"(3, 7, 10)",IV,E-,G,B-,170.875,43.0
1368,B-,E-,5,B-,"(3, 7, 10)",IV,E-,G,B-,171.0,43.0
1369,B-,E-,5,B-,"(3, 7, 10)",IV,E-,G,B-,171.125,43.0
1370,B-,E-,5,B-,"(3, 7, 10)",IV,E-,G,B-,171.25,43.0
1371,B-,E-,5,B-,"(3, 7, 10)",IV,E-,G,B-,171.375,43.0
1372,B-,E-,5,B-,"(3, 7, 10)",IV,E-,G,B-,171.5,43.0
1373,B-,E-,5,B-,"(3, 7, 10)",IV,E-,G,B-,171.625,43.0
1374,B-,E-,5,B-,"(3, 7, 10)",IV,E-,G,B-,171.75,43.0
1375,B-,E-,5,B-,"(3, 7, 10)",IV,E-,G,B-,171.875,43.0
1376,F,B-,0,B-,"(2, 5, 10)",I,B-,D,B-,172.0,44.0
1377,F,B-,1,B-,"(2, 5, 10)",I,B-,D,B-,172.125,44.0
1378,F,B-,2,B-,"(2, 5, 10)",I,B-,D,B-,172.25,44.0
1379,F,B-,2,B-,"(2, 5, 10)",I,B-,D,B-,172.375,44.0
1380,F,B-,3,B-,"(2, 5, 10)",I,B-,D,B-,172.5,44.0
1381,F,B-,3,B-,"(2, 5, 10)",I,B-,D,B-,172.625,44.0
1382,F,B-,3,B-,"(2, 5, 10)",I,B-,D,B-,172.75,44.0
1383,F,B-,3,B-,"(2, 5, 10)",I,B-,D,B-,172.875,44.0
1384,F,B-,4,B-,"(2, 5, 10)",I,B-,D,B-,173.0,44.0
1385,F,B-,4,B-,"(2, 5, 10)",I,B-,D,B-,173.125,44.0
1386,F,B-,4,B-,"(2, 5, 10)",I,B-,D,B-,173.25,44.0
1387,F,B-,4,B-,"(2, 5, 10)",I,B-,D,B-,173.375,44.0
1388,F,B-,4,B-,"(2, 5, 10)",I,B-,D,B-,173.5,44.0
1389,F,B-,4,B-,"(2, 5, 10)",I,B-,D,B-,173.625,44.0
1390,F,B-,4,B-,"(2, 5, 10)",I,B-,D,B-,173.75,44.0
1391,F,B-,4,B-,"(2, 5, 10)",I,B-,D,B-,173.875,44.0
1392,F,B-,5,B-,"(2, 5, 10)",I,B-,D,B-,174.0,44.0
1393,F,B-,5,B-,"(2, 5, 10)",I,B-,D,B-,174.125,44.0
1394,F,B-,5,B-,"(2, 5, 10)",I,B-,D,B-,174.25,44.0
1395,F,B-,5,B-,"(2, 5, 10)",I,B-,D,B-,174.375,44.0
1396,F,B-,5,B-,"(2, 5, 10)",I,B-,D,B-,174.5,44.0
1397,F,B-,5,B-,"(2, 5, 10)",I,B-,D,B-,174.625,44.0
1398,F,B-,5,B-,"(2, 5, 10)",I,B-,D,B-,174.75,44.0
1399,F,B-,5,B-,"(2, 5, 10)",I,B-,D,B-,174.875,44.0
1400,F,B-,5,B-,"(2, 5, 10)",I,B-,D,B-,175.0,44.0
1401,F,B-,5,B-,"(2, 5, 10)",I,B-,D,B-,175.125,44.0
1402,F,B-,5,B-,"(2, 5, 10)",I,B-,D,B-,175.25,44.0
1403,F,B-,5,B-,"(2, 5, 10)",I,B-,D,B-,175.375,44.0
1404,F,B-,5,B-,"(2, 5, 10)",I,B-,D,B-,175.5,44.0
1405,F,B-,5,B-,"(2, 5, 10)",I,B-,D,B-,175.625,44.0
1406,F,B-,5,B-,"(2, 5, 10)",I,B-,D,B-,175.75,44.0
1407,F,B-,5,B-,"(2, 5, 10)",I,B-,D,B-,175.875,44.0
1408,E-,A,0,B-,"(0, 3, 5, 9)",V7,F,C,B-,176.0,45.0
1409,E-,A,1,B-,"(0, 3, 5, 9)",V7,F,C,B-,176.125,45.0
1410,E-,A,2,B-,"(0, 3, 5, 9)",V7,F,C,B-,176.25,45.0
1411,E-,A,2,B-,"(0, 3, 5, 9)",V7,F,C,B-,176.375,45.0
1412,E-,A,3,B-,"(0, 3, 5, 9)",V7,F,C,B-,176.5,45.0
1413,E-,A,3,B-,"(0, 3, 5, 9)",V7,F,C,B-,176.625,45.0
1414,E-,A,3,B-,"(0, 3, 5, 9)",V7,F,C,B-,176.75,45.0
1415,E-,A,3,B-,"(0, 3, 5, 9)",V7,F,C,B-,176.875,45.0
1416,F,B-,4,B-,"(0, 3, 5, 9)",V7,F,C,B-,177.0,45.0
1417,F,B-,4,B-,"(0, 3, 5, 9)",V7,F,C,B-,177.125,45.0
1418,F,B-,4,B-,"(0, 3, 5, 9)",V7,F,C,B-,177.25,45.0
1419,F,B-,4,B-,"(0, 3, 5, 9)",V7,F,C,B-,177.375,45.0
1420,F,B-,4,B-,"(0, 3, 5, 9)",V7,F,C,B-,177.5,45.0
1421,F,B-,4,B-,"(0, 3, 5, 9)",V7,F,C,B-,177.625,45.0
1422,F,B-,4,B-,"(0, 3, 5, 9)",V7,F,C,B-,177.75,45.0
1423,F,B-,4,B-,"(0, 3, 5, 9)",V7,F,C,B-,177.875,45.0
1424,E-,A,0,B-,"(0, 3, 5, 9)",V7,F,C,B-,178.0,45.0
1425,E-,A,1,B-,"(0, 3, 5, 9)",V7,F,C,B-,178.125,45.0
1426,E-,A,2,B-,"(0, 3, 5, 9)",V7,F,C,B-,178.25,45.0
1427,E-,A,2,B-,"(0, 3, 5, 9)",V7,F,C,B-,178.375,45.0
1428,E-,A,3,B-,"(0, 3, 5, 9)",V7,F,C,B-,178.5,45.0
1429,E-,A,3,B-,"(0, 3, 5, 9)",V7,F,C,B-,178.625,45.0
1430,E-,A,3,B-,"(0, 3, 5, 9)",V7,F,C,B-,178.75,45.0
1431,E-,A,3,B-,"(0, 3, 5, 9)",V7,F,C,B-,178.875,45.0
1432,F,B-,0,B-,"(2, 5, 10)",I,B-,D,B-,179.0,45.0
1433,F,B-,1,B-,"(2, 5, 10)",I,B-,D,B-,179.125,45.0
1434,F,B-,2,B-,"(2, 5, 10)",I,B-,D,B-,179.25,45.0
1435,F,B-,2,B-,"(2, 5, 10)",I,B-,D,B-,179.375,45.0
1436,F,B-,3,B-,"(2, 5, 10)",I,B-,D,B-,179.5,45.0
1437,F,B-,3,B-,"(2, 5, 10)",I,B-,D,B-,179.625,45.0
1438,F,B-,3,B-,"(2, 5, 10)",I,B-,D,B-,179.75,45.0
1439,F,B-,3,B-,"(2, 5, 10)",I,B-,D,B-,179.875,45.0
1440,C,F,0,B-,"(0, 5, 9)",V,F,A,B-,180.0,46.0
1441,C,F,1,B-,"(0, 5, 9)",V,F,A,B-,180.125,46.0
1442,C,F,2,B-,"(0, 5, 9)",V,F,A,B-,180.25,46.0
1443,C,F,2,B-,"(0, 5, 9)",V,F,A,B-,180.375,46.0
1444,C,F,3,B-,"(0, 5, 9)",V,F,A,B-,180.5,46.0
1445,C,F,3,B-,"(0, 5, 9)",V,F,A,B-,180.625,46.0
1446,C,F,3,B-,"(0, 5, 9)",V,F,A,B-,180.75,46.0
1447,C,F,3,B-,"(0, 5, 9)",V,F,A,B-,180.875,46.0
1448,C,F,4,B-,"(0, 5, 9)",V,F,A,B-,181.0,46.0
1449,C,F,4,B-,"(0, 5, 9)",V,F,A,B-,181.125,46.0
1450,C,F,4,B-,"(0, 5, 9)",V,F,A,B-,181.25,46.0
1451,C,F,4,B-,"(0, 5, 9)",V,F,A,B-,181.375,46.0
1452,C,F,4,B-,"(0, 5, 9)",V,F,A,B-,181.5,46.0
1453,C,F,4,B-,"(0, 5, 9)",V,F,A,B-,181.625,46.0
1454,C,F,4,B-,"(0, 5, 9)",V,F,A,B-,181.75,46.0
1455,C,F,4,B-,"(0, 5, 9)",V,F,A,B-,181.875,46.0
1456,C,F,5,B-,"(0, 5, 9)",V,F,A,B-,182.0,46.0
1457,C,F,5,B-,"(0, 5, 9)",V,F,A,B-,182.125,46.0
1458,C,F,5,B-,"(0, 5, 9)",V,F,A,B-,182.25,46.0
1459,C,F,5,B-,"(0, 5, 9)",V,F,A,B-,182.375,46.0
1460,C,F,5,B-,"(0, 5, 9)",V,F,A,B-,182.5,46.0
1461,C,F,5,B-,"(0, 5, 9)",V,F,A,B-,182.625,46.0
1462,C,F,5,B-,"(0, 5, 9)",V,F,A,B-,182.75,46.0
1463,C,F,5,B-,"(0, 5, 9)",V,F,A,B-,182.875,46.0
1464,C,F,5,B-,"(0, 5, 9)",V,F,A,B-,183.0,46.0
1465,C,F,5,B-,"(0, 5, 9)",V,F,A,B-,183.125,46.0
1466,C,F,5,B-,"(0, 5, 9)",V,F,A,B-,183.25,46.0
1467,C,F,5,B-,"(0, 5, 9)",V,F,A,B-,183.375,46.0
1468,C,F,5,B-,"(0, 5, 9)",V,F,A,B-,183.5,46.0
1469,C,F,5,B-,"(0, 5, 9)",V,F,A,B-,183.625,46.0
1470,C,F,5,B-,"(0, 5, 9)",V,F,A,B-,183.75,46.0
1471,C,F,5,B-,"(0, 5, 9)",V,F,A,B-,183.875,46.0
1472,C,F,0,B-,"(0, 5, 9)",V,F,A,B-,184.0,47.0
1473,C,F,1,B-,"(0, 5, 9)",V,F,A,B-,184.125,47.0
1474,C,F,2,B-,"(0, 5, 9)",V,F,A,B-,184.25,47.0
1475,C,F,2,B-,"(0, 5, 9)",V,F,A,B-,184.375,47.0
1476,C,F,3,B-,"(0, 5, 9)",V,F,A,B-,184.5,47.0
1477,C,F,3,B-,"(0, 5, 9)",V,F,A,B-,184.625,47.0
1478,C,F,3,B-,"(0, 5, 9)",V,F,A,B-,184.75,47.0
1479,C,F,3,B-,"(0, 5, 9)",V,F,A,B-,184.875,47.0
1480,C,F,4,B-,"(0, 5, 9)",V,F,A,B-,185.0,47.0
1481,C,F,4,B-,"(0, 5, 9)",V,F,A,B-,185.125,47.0
1482,C,F,4,B-,"(0, 5, 9)",V,F,A,B-,185.25,47.0
1483,C,F,4,B-,"(0, 5, 9)",V,F,A,B-,185.375,47.0
1484,C,F,4,B-,"(0, 5, 9)",V,F,A,B-,185.5,47.0
1485,C,F,4,B-,"(0, 5, 9)",V,F,A,B-,185.625,47.0
1486,C,F,4,B-,"(0, 5, 9)",V,F,A,B-,185.75,47.0
1487,C,F,4,B-,"(0, 5, 9)",V,F,A,B-,185.875,47.0
1488,C,F,5,B-,"(0, 5, 9)",V,F,A,B-,186.0,47.0
1489,C,F,5,B-,"(0, 5, 9)",V,F,A,B-,186.125,47.0
1490,C,F,5,B-,"(0, 5, 9)",V,F,A,B-,186.25,47.0
1491,C,F,5,B-,"(0, 5, 9)",V,F,A,B-,186.375,47.0
1492,C,F,5,B-,"(0, 5, 9)",V,F,A,B-,186.5,47.0
1493,C,F,5,B-,"(0, 5, 9)",V,F,A,B-,186.625,47.0
1494,C,F,5,B-,"(0, 5, 9)",V,F,A,B-,186.75,47.0
1495,C,F,5,B-,"(0, 5, 9)",V,F,A,B-,186.875,47.0
1496,C,F,5,B-,"(0, 5, 9)",V,F,A,B-,187.0,47.0
1497,C,F,5,B-,"(0, 5, 9)",V,F,A,B-,187.125,47.0
1498,C,F,5,B-,"(0, 5, 9)",V,F,A,B-,187.25,47.0
1499,C,F,5,B-,"(0, 5, 9)",V,F,A,B-,187.375,47.0
1500,C,F,5,B-,"(0, 5, 9)",V,F,A,B-,187.5,47.0
1501,C,F,5,B-,"(0, 5, 9)",V,F,A,B-,187.625,47.0
1502,C,F,5,B-,"(0, 5, 9)",V,F,A,B-,187.75,47.0
1503,C,F,5,B-,"(0, 5, 9)",V,F,A,B-,187.875,47.0
1504,C,F,0,B-,"(0, 3, 5, 9)",V7,E-,A,B-,188.0,48.0
1505,C,F,1,B-,"(0, 3, 5, 9)",V7,E-,A,B-,188.125,48.0
1506,C,F,2,B-,"(0, 3, 5, 9)",V7,E-,A,B-,188.25,48.0
1507,C,F,2,B-,"(0, 3, 5, 9)",V7,E-,A,B-,188.375,48.0
1508,C,F,3,B-,"(0, 3, 5, 9)",V7,E-,A,B-,188.5,48.0
1509,C,F,3,B-,"(0, 3, 5, 9)",V7,E-,A,B-,188.625,48.0
1510,C,F,3,B-,"(0, 3, 5, 9)",V7,E-,A,B-,188.75,48.0
1511,C,F,3,B-,"(0, 3, 5, 9)",V7,E-,A,B-,188.875,48.0
1512,C,F,4,B-,"(0, 3, 5, 9)",V7,E-,A,B-,189.0,48.0
1513,C,F,4,B-,"(0, 3, 5, 9)",V7,E-,A,B-,189.125,48.0
1514,C,F,4,B-,"(0, 3, 5, 9)",V7,E-,A,B-,189.25,48.0
1515,C,F,4,B-,"(0, 3, 5, 9)",V7,E-,A,B-,189.375,48.0
1516,C,F,4,B-,"(0, 3, 5, 9)",V7,E-,A,B-,189.5,48.0
1517,C,F,4,B-,"(0, 3, 5, 9)",V7,E-,A,B-,189.625,48.0
1518,C,F,4,B-,"(0, 3, 5, 9)",V7,E-,A,B-,189.75,48.0
1519,C,F,4,B-,"(0, 3, 5, 9)",V7,E-,A,B-,189.875,48.0
1520,C,F,0,B-,"(0, 3, 5, 9)",V7,E-,A,B-,190.0,48.0
1521,C,F,1,B-,"(0, 3, 5, 9)",V7,E-,A,B-,190.125,48.0
1522,C,F,5,B-,"(0, 3, 5, 9)",V7,E-,A,B-,190.25,48.0
1523,C,F,5,B-,"(0, 3, 5, 9)",V7,E-,A,B-,190.375,48.0
1524,C,F,3,B-,"(0, 3, 5, 9)",V7,E-,A,B-,190.5,48.0
1525,C,F,3,B-,"(0, 3, 5, 9)",V7,E-,A,B-,190.625,48.0
1526,C,F,3,B-,"(0, 3, 5, 9)",V7,E-,A,B-,190.75,48.0
1527,C,F,3,B-,"(0, 3, 5, 9)",V7,E-,A,B-,190.875,48.0
1528,C,F,4,B-,"(0, 3, 5, 9)",V7,E-,A,B-,191.0,48.0
1529,C,F,4,B-,"(0, 3, 5, 9)",V7,E-,A,B-,191.125,48.0
1530,C,F,4,B-,"(0, 3, 5, 9)",V7,E-,A,B-,191.25,48.0
1531,C,F,4,B-,"(0, 3, 5, 9)",V7,E-,A,B-,191.375,48.0
1532,C,F,4,B-,"(0, 3, 5, 9)",V7,E-,A,B-,191.5,48.0
1533,C,F,4,B-,"(0, 3, 5, 9)",V7,E-,A,B-,191.625,48.0
1534,C,F,4,B-,"(0, 3, 5, 9)",V7,E-,A,B-,191.75,48.0
1535,C,F,4,B-,"(0, 3, 5, 9)",V7,E-,A,B-,191.875,48.0
1536,F,B-,0,B-,"(2, 5, 10)",I,B-,D,B-,192.0,49.0
1537,F,B-,1,B-,"(2, 5, 10)",I,B-,D,B-,192.125,49.0
1538,F,B-,2,B-,"(2, 5, 10)",I,B-,D,B-,192.25,49.0
1539,F,B-,2,B-,"(2, 5, 10)",I,B-,D,B-,192.375,49.0
1540,F,B-,3,B-,"(2, 5, 10)",I,B-,D,B-,192.5,49.0
1541,F,B-,3,B-,"(2, 5, 10)",I,B-,D,B-,192.625,49.0
1542,F,B-,3,B-,"(2, 5, 10)",I,B-,D,B-,192.75,49.0
1543,F,B-,3,B-,"(2, 5, 10)",I,B-,D,B-,192.875,49.0
1544,F,B-,4,B-,"(2, 5, 10)",I,B-,D,B-,193.0,49.0
1545,F,B-,4,B-,"(2, 5, 10)",I,B-,D,B-,193.125,49.0
1546,F,B-,4,B-,"(2, 5, 10)",I,B-,D,B-,193.25,49.0
1547,F,B-,4,B-,"(2, 5, 10)",I,B-,D,B-,193.375,49.0
1548,F,B-,4,B-,"(2, 5, 10)",I,B-,D,B-,193.5,49.0
1549,F,B-,4,B-,"(2, 5, 10)",I,B-,D,B-,193.625,49.0
1550,F,B-,4,B-,"(2, 5, 10)",I,B-,D,B-,193.75,49.0
1551,F,B-,4,B-,"(2, 5, 10)",I,B-,D,B-,193.875,49.0
1552,F,B-,5,B-,"(2, 5, 10)",I,B-,D,B-,194.0,49.0
1553,F,B-,5,B-,"(2, 5, 10)",I,B-,D,B-,194.125,49.0
1554,F,B-,5,B-,"(2, 5, 10)",I,B-,D,B-,194.25,49.0
1555,F,B-,5,B-,"(2, 5, 10)",I,B-,D,B-,194.375,49.0
1556,F,B-,5,B-,"(2, 5, 10)",I,B-,D,B-,194.5,49.0
1557,F,B-,5,B-,"(2, 5, 10)",I,B-,D,B-,194.625,49.0
1558,F,B-,5,B-,"(2, 5, 10)",I,B-,D,B-,194.75,49.0
1559,F,B-,5,B-,"(2, 5, 10)",I,B-,D,B-,194.875,49.0
1560,F,B-,5,B-,"(2, 5, 10)",I,B-,D,B-,195.0,49.0
1561,F,B-,5,B-,"(2, 5, 10)",I,B-,D,B-,195.125,49.0
1562,F,B-,5,B-,"(2, 5, 10)",I,B-,D,B-,195.25,49.0
1563,F,B-,5,B-,"(2, 5, 10)",I,B-,D,B-,195.375,49.0
1564,F,B-,5,B-,"(2, 5, 10)",I,B-,D,B-,195.5,49.0
1565,F,B-,5,B-,"(2, 5, 10)",I,B-,D,B-,195.625,49.0
1566,F,B-,5,B-,"(2, 5, 10)",I,B-,D,B-,195.75,49.0
1567,F,B-,5,B-,"(2, 5, 10)",I,B-,D,B-,195.875,49.0
1568,C,F,0,B-,"(0, 3, 5, 9)",V7,E-,A,B-,196.0,50.0
1569,C,F,1,B-,"(0, 3, 5, 9)",V7,E-,A,B-,196.125,50.0
1570,C,F,2,B-,"(0, 3, 5, 9)",V7,E-,A,B-,196.25,50.0
1571,C,F,2,B-,"(0, 3, 5, 9)",V7,E-,A,B-,196.375,50.0
1572,C,F,3,B-,"(0, 3, 5, 9)",V7,E-,A,B-,196.5,50.0
1573,C,F,3,B-,"(0, 3, 5, 9)",V7,E-,A,B-,196.625,50.0
1574,C,F,3,B-,"(0, 3, 5, 9)",V7,E-,A,B-,196.75,50.0
1575,C,F,3,B-,"(0, 3, 5, 9)",V7,E-,A,B-,196.875,50.0
1576,C,F,4,B-,"(0, 3, 5, 9)",V7,E-,A,B-,197.0,50.0
1577,C,F,4,B-,"(0, 3, 5, 9)",V7,E-,A,B-,197.125,50.0
1578,C,F,4,B-,"(0, 3, 5, 9)",V7,E-,A,B-,197.25,50.0
1579,C,F,4,B-,"(0, 3, 5, 9)",V7,E-,A,B-,197.375,50.0
1580,C,F,4,B-,"(0, 3, 5, 9)",V7,E-,A,B-,197.5,50.0
1581,C,F,4,B-,"(0, 3, 5, 9)",V7,E-,A,B-,197.625,50.0
1582,C,F,4,B-,"(0, 3, 5, 9)",V7,E-,A,B-,197.75,50.0
1583,C,F,4,B-,"(0, 3, 5, 9)",V7,E-,A,B-,197.875,50.0
1584,C,F,5,B-,"(0, 3, 5, 9)",V7,E-,A,B-,198.0,50.0
1585,C,F,1,B-,"(0, 3, 5, 9)",V7,E-,A,B-,198.125,50.0
1586,C,F,5,B-,"(0, 3, 5, 9)",V7,E-,A,B-,198.25,50.0
1587,C,F,5,B-,"(0, 3, 5, 9)",V7,E-,A,B-,198.375,50.0
1588,C,F,3,B-,"(0, 3, 5, 9)",V7,E-,A,B-,198.5,50.0
1589,C,F,3,B-,"(0, 3, 5, 9)",V7,E-,A,B-,198.625,50.0
1590,C,F,3,B-,"(0, 3, 5, 9)",V7,E-,A,B-,198.75,50.0
1591,C,F,3,B-,"(0, 3, 5, 9)",V7,E-,A,B-,198.875,50.0
1592,C,F,5,B-,"(0, 3, 5, 9)",V7,E-,A,B-,199.0,50.0
1593,C,F,5,B-,"(0, 3, 5, 9)",V7,E-,A,B-,199.125,50.0
1594,C,F,5,B-,"(0, 3, 5, 9)",V7,E-,A,B-,199.25,50.0
1595,C,F,5,B-,"(0, 3, 5, 9)",V7,E-,A,B-,199.375,50.0
1596,C,F,3,B-,"(0, 3, 5, 9)",V7,E-,A,B-,199.5,50.0
1597,C,F,3,B-,"(0, 3, 5, 9)",V7,E-,A,B-,199.625,50.0
1598,C,F,5,B-,"(0, 3, 5, 9)",V7,E-,A,B-,199.75,50.0
1599,C,F,5,B-,"(0, 3, 5, 9)",V7,E-,A,B-,199.875,50.0
1600,F,B-,0,B-,"(2, 5, 10)",I,B-,D,B-,200.0,51.0
1601,F,B-,1,B-,"(2, 5, 10)",I,B-,D,B-,200.125,51.0
1602,F,B-,2,B-,"(2, 5, 10)",I,B-,D,B-,200.25,51.0
1603,F,B-,2,B-,"(2, 5, 10)",I,B-,D,B-,200.375,51.0
1604,F,B-,3,B-,"(2, 5, 10)",I,B-,D,B-,200.5,51.0
1605,F,B-,3,B-,"(2, 5, 10)",I,B-,D,B-,200.625,51.0
1606,F,B-,3,B-,"(2, 5, 10)",I,B-,D,B-,200.75,51.0
1607,F,B-,3,B-,"(2, 5, 10)",I,B-,D,B-,200.875,51.0
1608,F,B-,4,B-,"(2, 5, 10)",I,B-,D,B-,201.0,51.0
1609,F,B-,4,B-,"(2, 5, 10)",I,B-,D,B-,201.125,51.0
1610,F,B-,4,B-,"(2, 5, 10)",I,B-,D,B-,201.25,51.0
1611,F,B-,4,B-,"(2, 5, 10)",I,B-,D,B-,201.375,51.0
1612,F,B-,4,B-,"(2, 5, 10)",I,B-,D,B-,201.5,51.0
1613,F,B-,4,B-,"(2, 5, 10)",I,B-,D,B-,201.625,51.0
1614,F,B-,4,B-,"(2, 5, 10)",I,B-,D,B-,201.75,51.0
1615,F,B-,4,B-,"(2, 5, 10)",I,B-,D,B-,201.875,51.0
1616,F,B-,5,B-,"(2, 5, 10)",I,B-,D,B-,202.0,51.0
1617,F,B-,5,B-,"(2, 5, 10)",I,B-,D,B-,202.125,51.0
1618,F,B-,5,B-,"(2, 5, 10)",I,B-,D,B-,202.25,51.0
1619,F,B-,5,B-,"(2, 5, 10)",I,B-,D,B-,202.375,51.0
1620,F,B-,5,B-,"(2, 5, 10)",I,B-,D,B-,202.5,51.0
1621,F,B-,5,B-,"(2, 5, 10)",I,B-,D,B-,202.625,51.0
1622,F,B-,5,B-,"(2, 5, 10)",I,B-,D,B-,202.75,51.0
1623,F,B-,5,B-,"(2, 5, 10)",I,B-,D,B-,202.875,51.0
1624,F,B-,5,B-,"(2, 5, 10)",I,B-,D,B-,203.0,51.0
1625,F,B-,5,B-,"(2, 5, 10)",I,B-,D,B-,203.125,51.0
1626,F,B-,5,B-,"(2, 5, 10)",I,B-,D,B-,203.25,51.0
1627,F,B-,5,B-,"(2, 5, 10)",I,B-,D,B-,203.375,51.0
1628,F,B-,5,B-,"(2, 5, 10)",I,B-,D,B-,203.5,51.0
1629,F,B-,5,B-,"(2, 5, 10)",I,B-,D,B-,203.625,51.0
1630,F,B-,5,B-,"(2, 5, 10)",I,B-,D,B-,203.75,51.0
1631,F,B-,5,B-,"(2, 5, 10)",I,B-,D,B-,203.875,51.0
1632,C,F,0,B-,"(0, 3, 5, 9)",V7,E-,A,B-,204.0,52.0
1633,C,F,1,B-,"(0, 3, 5, 9)",V7,E-,A,B-,204.125,52.0
1634,C,F,2,B-,"(0, 3, 5, 9)",V7,E-,A,B-,204.25,52.0
1635,C,F,2,B-,"(0, 3, 5, 9)",V7,E-,A,B-,204.375,52.0
1636,C,F,3,B-,"(0, 3, 5, 9)",V7,E-,A,B-,204.5,52.0
1637,C,F,3,B-,"(0, 3, 5, 9)",V7,E-,A,B-,204.625,52.0
1638,C,F,3,B-,"(0, 3, 5, 9)",V7,E-,A,B-,204.75,52.0
1639,C,F,3,B-,"(0, 3, 5, 9)",V7,E-,A,B-,204.875,52.0
1640,C,F,4,B-,"(0, 3, 5, 9)",V7,E-,A,B-,205.0,52.0
1641,C,F,4,B-,"(0, 3, 5, 9)",V7,E-,A,B-,205.125,52.0
1642,C,F,4,B-,"(0, 3, 5, 9)",V7,E-,A,B-,205.25,52.0
1643,C,F,4,B-,"(0, 3, 5, 9)",V7,E-,A,B-,205.375,52.0
1644,C,F,4,B-,"(0, 3, 5, 9)",V7,E-,A,B-,205.5,52.0
1645,C,F,4,B-,"(0, 3, 5, 9)",V7,E-,A,B-,205.625,52.0
1646,C,F,4,B-,"(0, 3, 5, 9)",V7,E-,A,B-,205.75,52.0
1647,C,F,4,B-,"(0, 3, 5, 9)",V7,E-,A,B-,205.875,52.0
1648,C,F,5,B-,"(0, 3, 5, 9)",V7,E-,A,B-,206.0,52.0
1649,C,F,5,B-,"(0, 3, 5, 9)",V7,E-,A,B-,206.125,52.0
1650,C,F,5,B-,"(0, 3, 5, 9)",V7,E-,A,B-,206.25,52.0
1651,C,F,5,B-,"(0, 3, 5, 9)",V7,E-,A,B-,206.375,52.0
1652,C,F,5,B-,"(0, 3, 5, 9)",V7,E-,A,B-,206.5,52.0
1653,C,F,5,B-,"(0, 3, 5, 9)",V7,E-,A,B-,206.625,52.0
1654,C,F,5,B-,"(0, 3, 5, 9)",V7,E-,A,B-,206.75,52.0
1655,C,F,5,B-,"(0, 3, 5, 9)",V7,E-,A,B-,206.875,52.0
1656,C,F,5,B-,"(0, 3, 5, 9)",V7,E-,A,B-,207.0,52.0
1657,C,F,5,B-,"(0, 3, 5, 9)",V7,E-,A,B-,207.125,52.0
1658,C,F,5,B-,"(0, 3, 5, 9)",V7,E-,A,B-,207.25,52.0
1659,C,F,5,B-,"(0, 3, 5, 9)",V7,E-,A,B-,207.375,52.0
1660,C,F,5,B-,"(0, 3, 5, 9)",V7,E-,A,B-,207.5,52.0
1661,C,F,5,B-,"(0, 3, 5, 9)",V7,E-,A,B-,207.625,52.0
1662,C,F,5,B-,"(0, 3, 5, 9)",V7,E-,A,B-,207.75,52.0
1663,C,F,5,B-,"(0, 3, 5, 9)",V7,E-,A,B-,207.875,52.0
1664,F,B-,0,B-,"(2, 5, 10)",I,B-,D,B-,208.0,53.0
1665,F,B-,1,B-,"(2, 5, 10)",I,B-,D,B-,208.125,53.0
1666,F,B-,2,B-,"(2, 5, 10)",I,B-,D,B-,208.25,53.0
1667,F,B-,2,B-,"(2, 5, 10)",I,B-,D,B-,208.375,53.0
1668,F,B-,3,B-,"(2, 5, 10)",I,B-,D,B-,208.5,53.0
1669,F,B-,3,B-,"(2, 5, 10)",I,B-,D,B-,208.625,53.0
1670,F,B-,3,B-,"(2, 5, 10)",I,B-,D,B-,208.75,53.0
1671,F,B-,3,B-,"(2, 5, 10)",I,B-,D,B-,208.875,53.0
1672,F,B-,4,B-,"(2, 5, 10)",I,B-,D,B-,209.0,53.0
1673,F,B-,4,B-,"(2, 5, 10)",I,B-,D,B-,209.125,53.0
1674,F,B-,4,B-,"(2, 5, 10)",I,B-,D,B-,209.25,53.0
1675,F,B-,4,B-,"(2, 5, 10)",I,B-,D,B-,209.375,53.0
1676,F,B-,4,B-,"(2, 5, 10)",I,B-,D,B-,209.5,53.0
1677,F,B-,4,B-,"(2, 5, 10)",I,B-,D,B-,209.625,53.0
1678,F,B-,4,B-,"(2, 5, 10)",I,B-,D,B-,209.75,53.0
1679,F,B-,4,B-,"(2, 5, 10)",I,B-,D,B-,209.875,53.0
1680,F,B-,5,B-,"(2, 5, 10)",I,B-,D,B-,210.0,53.0
1681,F,B-,5,B-,"(2, 5, 10)",I,B-,D,B-,210.125,53.0
1682,F,B-,5,B-,"(2, 5, 10)",I,B-,D,B-,210.25,53.0
1683,F,B-,5,B-,"(2, 5, 10)",I,B-,D,B-,210.375,53.0
1684,F,B-,5,B-,"(2, 5, 10)",I,B-,D,B-,210.5,53.0
1685,F,B-,5,B-,"(2, 5, 10)",I,B-,D,B-,210.625,53.0
1686,F,B-,5,B-,"(2, 5, 10)",I,B-,D,B-,210.75,53.0
1687,F,B-,5,B-,"(2, 5, 10)",I,B-,D,B-,210.875,53.0
1688,F,B-,5,B-,"(2, 5, 10)",I,B-,D,B-,211.0,53.0
1689,F,B-,5,B-,"(2, 5, 10)",I,B-,D,B-,211.125,53.0
1690,F,B-,5,B-,"(2, 5, 10)",I,B-,D,B-,211.25,53.0
1691,F,B-,5,B-,"(2, 5, 10)",I,B-,D,B-,211.375,53.0
1692,F,B-,5,B-,"(2, 5, 10)",I,B-,D,B-,211.5,53.0
1693,F,B-,5,B-,"(2, 5, 10)",I,B-,D,B-,211.625,53.0
1694,F,B-,5,B-,"(2, 5, 10)",I,B-,D,B-,211.75,53.0
1695,F,B-,5,B-,"(2, 5, 10)",I,B-,D,B-,211.875,53.0
1696,F,B-,0,B-,"(2, 5, 10)",I,B-,D,B-,212.0,54.0
1697,F,B-,1,B-,"(2, 5, 10)",I,B-,D,B-,212.125,54.0
1698,F,B-,2,B-,"(2, 5, 10)",I,B-,D,B-,212.25,54.0
1699,F,B-,2,B-,"(2, 5, 10)",I,B-,D,B-,212.375,54.0
1700,F,B-,3,B-,"(2, 5, 10)",I,B-,D,B-,212.5,54.0
1701,F,B-,3,B-,"(2, 5, 10)",I,B-,D,B-,212.625,54.0
1702,F,B-,3,B-,"(2, 5, 10)",I,B-,D,B-,212.75,54.0
1703,F,B-,3,B-,"(2, 5, 10)",I,B-,D,B-,212.875,54.0
1704,F,B-,4,B-,"(2, 5, 10)",I,B-,D,B-,213.0,54.0
1705,F,B-,4,B-,"(2, 5, 10)",I,B-,D,B-,213.125,54.0
1706,F,B-,4,B-,"(2, 5, 10)",I,B-,D,B-,213.25,54.0
1707,F,B-,4,B-,"(2, 5, 10)",I,B-,D,B-,213.375,54.0
1708,F,B-,4,B-,"(2, 5, 10)",I,B-,D,B-,213.5,54.0
1709,F,B-,4,B-,"(2, 5, 10)",I,B-,D,B-,213.625,54.0
1710,F,B-,4,B-,"(2, 5, 10)",I,B-,D,B-,213.75,54.0
1711,F,B-,4,B-,"(2, 5, 10)",I,B-,D,B-,213.875,54.0
1712,F,B-,5,B-,"(2, 5, 10)",I,B-,D,B-,214.0,54.0
1713,F,B-,5,B-,"(2, 5, 10)",I,B-,D,B-,214.125,54.0
1714,F,B-,5,B-,"(2, 5, 10)",I,B-,D,B-,214.25,54.0
1715,F,B-,5,B-,"(2, 5, 10)",I,B-,D,B-,214.375,54.0
1716,F,B-,5,B-,"(2, 5, 10)",I,B-,D,B-,214.5,54.0
1717,F,B-,5,B-,"(2, 5, 10)",I,B-,D,B-,214.625,54.0
1718,F,B-,5,B-,"(2, 5, 10)",I,B-,D,B-,214.75,54.0
1719,F,B-,5,B-,"(2, 5, 10)",I,B-,D,B-,214.875,54.0
1720,F,B-,5,B-,"(2, 5, 10)",I,B-,D,B-,215.0,54.0
1721,F,B-,5,B-,"(2, 5, 10)",I,B-,D,B-,215.125,54.0
1722,F,B-,5,B-,"(2, 5, 10)",I,B-,D,B-,215.25,54.0
1723,F,B-,5,B-,"(2, 5, 10)",I,B-,D,B-,215.375,54.0
1724,F,B-,5,B-,"(2, 5, 10)",I,B-,D,B-,215.5,54.0
1725,F,B-,5,B-,"(2, 5, 10)",I,B-,D,B-,215.625,54.0
1726,F,B-,5,B-,"(2, 5, 10)",I,B-,D,B-,215.75,54.0
1727,F,B-,5,B-,"(2, 5, 10)",I,B-,D,B-,215.875,54.0
1728,E-,A,0,B-,"(0, 3, 5, 9)",V7,F,C,B-,216.0,55.0
1729,E-,A,1,B-,"(0, 3, 5, 9)",V7,F,C,B-,216.125,55.0
1730,E-,A,2,B-,"(0, 3, 5, 9)",V7,F,C,B-,216.25,55.0
1731,E-,A,2,B-,"(0, 3, 5, 9)",V7,F,C,B-,216.375,55.0
1732,E-,A,3,B-,"(0, 3, 5, 9)",V7,F,C,B-,216.5,55.0
1733,E-,A,3,B-,"(0, 3, 5, 9)",V7,F,C,B-,216.625,55.0
1734,E-,A,3,B-,"(0, 3, 5, 9)",V7,F,C,B-,216.75,55.0
1735,E-,A,3,B-,"(0, 3, 5, 9)",V7,F,C,B-,216.875,55.0
1736,E-,A,4,B-,"(0, 3, 5, 9)",V7,F,C,B-,217.0,55.0
1737,E-,A,4,B-,"(0, 3, 5, 9)",V7,F,C,B-,217.125,55.0
1738,E-,A,4,B-,"(0, 3, 5, 9)",V7,F,C,B-,217.25,55.0
1739,E-,A,4,B-,"(0, 3, 5, 9)",V7,F,C,B-,217.375,55.0
1740,E-,A,4,B-,"(0, 3, 5, 9)",V7,F,C,B-,217.5,55.0
1741,E-,A,4,B-,"(0, 3, 5, 9)",V7,F,C,B-,217.625,55.0
1742,E-,A,4,B-,"(0, 3, 5, 9)",V7,F,C,B-,217.75,55.0
1743,E-,A,4,B-,"(0, 3, 5, 9)",V7,F,C,B-,217.875,55.0
1744,E-,A,5,B-,"(0, 3, 5, 9)",V7,F,C,B-,218.0,55.0
1745,E-,A,5,B-,"(0, 3, 5, 9)",V7,F,C,B-,218.125,55.0
1746,E-,A,5,B-,"(0, 3, 5, 9)",V7,F,C,B-,218.25,55.0
1747,E-,A,5,B-,"(0, 3, 5, 9)",V7,F,C,B-,218.375,55.0
1748,E-,A,5,B-,"(0, 3, 5, 9)",V7,F,C,B-,218.5,55.0
1749,E-,A,5,B-,"(0, 3, 5, 9)",V7,F,C,B-,218.625,55.0
1750,E-,A,5,B-,"(0, 3, 5, 9)",V7,F,C,B-,218.75,55.0
1751,E-,A,5,B-,"(0, 3, 5, 9)",V7,F,C,B-,218.875,55.0
1752,E-,A,5,B-,"(0, 3, 5, 9)",V7,F,C,B-,219.0,55.0
1753,E-,A,5,B-,"(0, 3, 5, 9)",V7,F,C,B-,219.125,55.0
1754,E-,A,5,B-,"(0, 3, 5, 9)",V7,F,C,B-,219.25,55.0
1755,E-,A,5,B-,"(0, 3, 5, 9)",V7,F,C,B-,219.375,55.0
1756,E-,A,5,B-,"(0, 3, 5, 9)",V7,F,C,B-,219.5,55.0
1757,E-,A,5,B-,"(0, 3, 5, 9)",V7,F,C,B-,219.625,55.0
1758,E-,A,5,B-,"(0, 3, 5, 9)",V7,F,C,B-,219.75,55.0
1759,E-,A,5,B-,"(0, 3, 5, 9)",V7,F,C,B-,219.875,55.0
1760,E-,A,0,B-,"(0, 3, 5, 9)",V7,F,A,B-,220.0,56.0
1761,E-,A,1,B-,"(0, 3, 5, 9)",V7,F,A,B-,220.125,56.0
1762,E-,A,2,B-,"(0, 3, 5, 9)",V7,F,A,B-,220.25,56.0
1763,E-,A,2,B-,"(0, 3, 5, 9)",V7,F,A,B-,220.375,56.0
1764,E-,A,3,B-,"(0, 3, 5, 9)",V7,F,A,B-,220.5,56.0
1765,E-,A,3,B-,"(0, 3, 5, 9)",V7,F,A,B-,220.625,56.0
1766,E-,A,3,B-,"(0, 3, 5, 9)",V7,F,A,B-,220.75,56.0
1767,E-,A,3,B-,"(0, 3, 5, 9)",V7,F,A,B-,220.875,56.0
1768,E-,A,4,B-,"(0, 3, 5, 9)",V7,F,A,B-,221.0,56.0
1769,E-,A,4,B-,"(0, 3, 5, 9)",V7,F,A,B-,221.125,56.0
1770,E-,A,4,B-,"(0, 3, 5, 9)",V7,F,A,B-,221.25,56.0
1771,E-,A,4,B-,"(0, 3, 5, 9)",V7,F,A,B-,221.375,56.0
1772,E-,F,4,B-,"(0, 3, 5, 9)",V7,F,A,B-,221.5,56.0
1773,C,F,4,B-,"(0, 3, 5, 9)",V7,F,A,B-,221.625,56.0
1774,C,F,4,B-,"(0, 3, 5, 9)",V7,F,A,B-,221.75,56.0
1775,C,F,4,B-,"(0, 3, 5, 9)",V7,F,A,B-,221.875,56.0
1776,C,F,5,B-,"(0, 3, 5, 9)",V7,F,A,B-,222.0,56.0
1777,C,F,5,B-,"(0, 3, 5, 9)",V7,F,A,B-,222.125,56.0
1778,C,F,5,B-,"(0, 3, 5, 9)",V7,F,A,B-,222.25,56.0
1779,C,F,5,B-,"(0, 3, 5, 9)",V7,F,A,B-,222.375,56.0
1780,C,F,5,B-,"(0, 3, 5, 9)",V7,F,A,B-,222.5,56.0
1781,C,F,5,B-,"(0, 3, 5, 9)",V7,F,A,B-,222.625,56.0
1782,C,F,5,B-,"(0, 3, 5, 9)",V7,F,A,B-,222.75,56.0
1783,C,F,5,B-,"(0, 3, 5, 9)",V7,F,A,B-,222.875,56.0
1784,C,F,5,B-,"(0, 3, 5, 9)",V7,F,A,B-,223.0,56.0
1785,C,F,5,B-,"(0, 3, 5, 9)",V7,F,A,B-,223.125,56.0
1786,C,F,5,B-,"(0, 3, 5, 9)",V7,F,A,B-,223.25,56.0
1787,C,F,5,B-,"(0, 3, 5, 9)",V7,F,A,B-,223.375,56.0
1788,C,F,5,B-,"(0, 3, 5, 9)",V7,E-,A,B-,223.5,56.0
1789,C,F,5,B-,"(0, 3, 5, 9)",V7,E-,A,B-,223.625,56.0
1790,C,F,5,B-,"(0, 3, 5, 9)",V7,E-,A,B-,223.75,56.0
1791,C,F,5,B-,"(0, 3, 5, 9)",V7,E-,A,B-,223.875,56.0
1792,F,B-,0,B-,"(2, 5, 10)",I,B-,F,B-,224.0,57.0
1793,F,B-,1,B-,"(2, 5, 10)",I,B-,F,B-,224.125,57.0
1794,F,B-,2,B-,"(2, 5, 10)",I,B-,F,B-,224.25,57.0
1795,F,B-,2,B-,"(2, 5, 10)",I,B-,F,B-,224.375,57.0
1796,F,B-,3,B-,"(2, 5, 10)",I,B-,F,B-,224.5,57.0
1797,F,B-,3,B-,"(2, 5, 10)",I,B-,F,B-,224.625,57.0
1798,F,B-,3,B-,"(2, 5, 10)",I,B-,F,B-,224.75,57.0
1799,F,B-,3,B-,"(2, 5, 10)",I,B-,F,B-,224.875,57.0
1800,F,B-,4,B-,"(2, 5, 10)",I,B-,D,B-,225.0,57.0
1801,F,B-,4,B-,"(2, 5, 10)",I,B-,D,B-,225.125,57.0
1802,F,B-,4,B-,"(2, 5, 10)",I,B-,D,B-,225.25,57.0
1803,F,B-,4,B-,"(2, 5, 10)",I,B-,D,B-,225.375,57.0
1804,F,B-,4,B-,"(2, 5, 10)",I,B-,D,B-,225.5,57.0
1805,F,B-,4,B-,"(2, 5, 10)",I,B-,D,B-,225.625,57.0
1806,F,B-,4,B-,"(2, 5, 10)",I,B-,D,B-,225.75,57.0
1807,F,B-,4,B-,"(2, 5, 10)",I,B-,D,B-,225.875,57.0
1808,F,B-,5,B-,"(2, 5, 10)",I,B-,D,B-,226.0,57.0
1809,F,B-,5,B-,"(2, 5, 10)",I,B-,D,B-,226.125,57.0
1810,F,B-,5,B-,"(2, 5, 10)",I,B-,D,B-,226.25,57.0
1811,F,B-,5,B-,"(2, 5, 10)",I,B-,D,B-,226.375,57.0
1812,F,B-,5,B-,"(2, 5, 10)",I,B-,D,B-,226.5,57.0
1813,F,B-,5,B-,"(2, 5, 10)",I,B-,D,B-,226.625,57.0
1814,F,B-,5,B-,"(2, 5, 10)",I,B-,D,B-,226.75,57.0
1815,F,B-,5,B-,"(2, 5, 10)",I,B-,D,B-,226.875,57.0
1816,F,B-,5,B-,"(2, 5, 10)",I,B-,D,B-,227.0,57.0
1817,F,B-,5,B-,"(2, 5, 10)",I,B-,D,B-,227.125,57.0
1818,F,B-,5,B-,"(2, 5, 10)",I,B-,D,B-,227.25,57.0
1819,F,B-,5,B-,"(2, 5, 10)",I,B-,D,B-,227.375,57.0
1820,F,B-,5,B-,"(2, 5, 10)",I,B-,D,B-,227.5,57.0
1821,F,B-,5,B-,"(2, 5, 8, 10)",I,B-,D,B-,227.625,57.0
1822,F,B-,5,B-,"(2, 5, 8, 10)",I,B-,D,B-,227.75,57.0
1823,F,B-,5,B-,"(2, 5, 8, 10)",I,B-,D,B-,227.875,57.0
1824,E-,G,0,B-,"(3, 7, 10)",IV,E-,B-,B-,228.0,58.0
1825,E-,G,1,B-,"(3, 7, 10)",IV,E-,B-,B-,228.125,58.0
1826,E-,G,2,B-,"(3, 7, 10)",IV,E-,B-,B-,228.25,58.0
1827,E-,G,2,B-,"(3, 7, 10)",IV,E-,B-,B-,228.375,58.0
1828,E-,G,3,B-,"(3, 7, 10)",IV,E-,B-,B-,228.5,58.0
1829,E-,G,3,B-,"(3, 7, 10)",IV,E-,B-,B-,228.625,58.0
1830,E-,G,3,B-,"(3, 7, 10)",IV,E-,B-,B-,228.75,58.0
1831,E-,G,3,B-,"(3, 7, 10)",IV,E-,B-,B-,228.875,58.0
1832,E-,G,4,B-,"(3, 7, 10)",IV,E-,B-,B-,229.0,58.0
1833,E-,G,4,B-,"(3, 7, 10)",IV,E-,B-,B-,229.125,58.0
1834,E-,G,4,B-,"(3, 7, 10)",IV,E-,B-,B-,229.25,58.0
1835,E-,G,4,B-,"(3, 7, 10)",IV,E-,B-,B-,229.375,58.0
1836,E-,E-,4,B-,"(3, 7, 10)",IV,E-,B-,B-,229.5,58.0
1837,E-,E-,4,B-,"(3, 7, 10)",IV,E-,B-,B-,229.625,58.0
1838,E-,E-,4,B-,"(3, 7, 10)",IV,E-,B-,B-,229.75,58.0
1839,E-,G,4,B-,"(3, 7, 10)",IV,E-,B-,B-,229.875,58.0
1840,E-,E-,5,B-,"(3, 7, 10)",IV,E-,B-,B-,230.0,58.0
1841,E-,E-,5,B-,"(3, 7, 10)",IV,E-,B-,B-,230.125,58.0
1842,E-,E-,5,B-,"(3, 7, 10)",IV,E-,B-,B-,230.25,58.0
1843,E-,E-,5,B-,"(3, 7, 10)",IV,E-,B-,B-,230.375,58.0
1844,E-,E-,5,B-,"(3, 7, 10)",IV,E-,B-,B-,230.5,58.0
1845,E-,E-,5,B-,"(3, 7, 10)",IV,E-,B-,B-,230.625,58.0
1846,E-,E-,5,B-,"(3, 7, 10)",IV,E-,B-,B-,230.75,58.0
1847,E-,E-,5,B-,"(3, 7, 10)",IV,E-,B-,B-,230.875,58.0
1848,E-,E-,5,B-,"(3, 7, 10)",IV,E-,B-,B-,231.0,58.0
1849,E-,E-,5,B-,"(3, 7, 10)",IV,E-,B-,B-,231.125,58.0
1850,E-,E-,5,B-,"(3, 7, 10)",IV,E-,B-,B-,231.25,58.0
1851,E-,E-,5,B-,"(3, 7, 10)",IV,E-,B-,B-,231.375,58.0
1852,E-,G,5,B-,"(3, 7, 10)",IV,E-,B-,B-,231.5,58.0
1853,E-,G,5,B-,"(3, 7, 10)",IV,E-,B-,B-,231.625,58.0
1854,E-,G,5,B-,"(3, 7, 10)",IV,E-,B-,B-,231.75,58.0
1855,E-,G,5,B-,"(3, 7, 10)",IV,E-,B-,B-,231.875,58.0
1856,E-,A,0,B-,"(0, 3, 5, 9)",V7,E-,C,B-,232.0,59.0
1857,E-,A,1,B-,"(0, 3, 5, 9)",V7,E-,C,B-,232.125,59.0
1858,E-,A,2,B-,"(0, 3, 5, 9)",V7,E-,C,B-,232.25,59.0
1859,E-,A,2,B-,"(0, 3, 5, 9)",V7,E-,C,B-,232.375,59.0
1860,E-,A,3,B-,"(0, 3, 5, 9)",V7,E-,C,B-,232.5,59.0
1861,E-,A,3,B-,"(0, 3, 5, 9)",V7,E-,C,B-,232.625,59.0
1862,E-,A,3,B-,"(0, 3, 5, 9)",V7,E-,C,B-,232.75,59.0
1863,E-,A,3,B-,"(0, 3, 5, 9)",V7,E-,C,B-,232.875,59.0
1864,E-,A,4,B-,"(0, 3, 5, 9)",V7,F,C,B-,233.0,59.0
1865,E-,A,4,B-,"(0, 3, 5, 9)",V7,F,C,B-,233.125,59.0
1866,E-,A,4,B-,"(0, 3, 5, 9)",V7,F,C,B-,233.25,59.0
1867,E-,A,4,B-,"(0, 3, 5, 9)",V7,F,C,B-,233.375,59.0
1868,F,A,4,B-,"(0, 3, 5, 9)",V7,B-,C,B-,233.5,59.0
1869,F,A,4,B-,"(2, 5, 10)",V7,B-,C,B-,233.625,59.0
1870,F,A,4,B-,"(2, 5, 10)",V7,B-,C,B-,233.75,59.0
1871,F,A,4,B-,"(2, 5, 10)",V7,B-,C,B-,233.875,59.0
1872,F,B-,5,B-,"(2, 5, 10)",V7,B-,C,B-,234.0,59.0
1873,F,B-,5,B-,"(2, 5, 10)",V7,B-,C,B-,234.125,59.0
1874,F,B-,5,B-,"(2, 5, 10)",V7,B-,C,B-,234.25,59.0
1875,F,B-,5,B-,"(2, 5, 10)",V7,B-,C,B-,234.375,59.0
1876,F,B-,5,B-,"(2, 5, 10)",V7,B-,C,B-,234.5,59.0
1877,F,B-,5,B-,"(2, 5, 10)",V7,B-,C,B-,234.625,59.0
1878,F,B-,5,B-,"(2, 5, 10)",V7,B-,C,B-,234.75,59.0
1879,F,B-,5,B-,"(2, 5, 10)",V7,B-,C,B-,234.875,59.0
1880,F,B-,5,B-,"(2, 5, 10)",V7,B-,D,B-,235.0,59.0
1881,F,B-,5,B-,"(2, 5, 10)",V7,B-,D,B-,235.125,59.0
1882,F,B-,5,B-,"(2, 5, 10)",V7,B-,D,B-,235.25,59.0
1883,F,B-,5,B-,"(2, 5, 10)",V7,B-,D,B-,235.375,59.0
1884,F,B-,5,B-,"(2, 5, 10)",I,B-,D,B-,235.5,59.0
1885,F,B-,5,B-,"(2, 5, 10)",I,B-,D,B-,235.625,59.0
1886,F,B-,5,B-,"(2, 5, 10)",I,B-,D,B-,235.75,59.0
1887,F,B-,5,B-,"(2, 5, 10)",I,B-,D,B-,235.875,59.0
1888,B-,E-,0,B-,"(0, 3, 5, 9)",V7,B-,F,B-,236.0,60.0
1889,B-,E-,1,B-,"(0, 3, 5, 9)",V7,C,F,B-,236.125,60.0
1890,B-,E-,2,B-,"(0, 3, 5, 9)",V7,C,F,B-,236.25,60.0
1891,B-,E-,2,B-,"(0, 3, 5, 9)",V7,C,F,B-,236.375,60.0
1892,B-,E-,3,B-,"(0, 3, 5, 9)",V7,C,F,B-,236.5,60.0
1893,B-,E-,3,B-,"(0, 3, 5, 9)",V7,C,F,B-,236.625,60.0
1894,B-,E-,3,B-,"(0, 3, 5, 9)",V7,C,F,B-,236.75,60.0
1895,B-,E-,3,B-,"(0, 3, 5, 9)",V7,C,F,B-,236.875,60.0
1896,B-,E-,4,B-,"(0, 3, 5, 9)",V7,C,G,B-,237.0,60.0
1897,B-,E-,4,B-,"(0, 3, 5, 9)",V7,C,G,B-,237.125,60.0
1898,B-,E-,4,B-,"(0, 3, 5, 9)",V7,C,G,B-,237.25,60.0
1899,B-,E-,4,B-,"(0, 3, 5, 9)",V7,C,G,B-,237.375,60.0
1900,B-,E-,4,B-,"(0, 3, 5, 9)",V7,C,G,B-,237.5,60.0
1901,B-,E-,4,B-,"(0, 3, 5, 9)",V7,C,G,B-,237.625,60.0
1902,B-,E-,4,B-,"(0, 3, 5, 9)",V7,C,G,B-,237.75,60.0
1903,B-,E-,4,B-,"(0, 3, 5, 9)",V7,C,G,B-,237.875,60.0
1904,C,F,5,B-,"(0, 5, 9)",V,C,A,B-,238.0,60.0
1905,C,F,5,B-,"(0, 5, 9)",V,C,A,B-,238.125,60.0
1906,C,F,5,B-,"(0, 5, 9)",V,C,A,B-,238.25,60.0
1907,C,F,5,B-,"(0, 5, 9)",V,C,A,B-,238.375,60.0
1908,C,F,5,B-,"(0, 5, 9)",V,F,A,B-,238.5,60.0
1909,C,F,5,B-,"(0, 5, 9)",V,F,A,B-,238.625,60.0
1910,C,F,5,B-,"(0, 5, 9)",V,F,A,B-,238.75,60.0
1911,C,F,5,B-,"(0, 5, 9)",V,F,A,B-,238.875,60.0
1912,B-,F,0,B-,"(2, 5, 10)",I,B-,B-,B-,239.0,60.0
1913,B-,F,1,B-,"(2, 5, 10)",I,B-,B-,B-,239.125,60.0
1914,B-,F,2,B-,"(2, 5, 10)",I,B-,B-,B-,239.25,60.0
1915,B-,F,2,B-,"(2, 5, 10)",I,B-,B-,B-,239.375,60.0
1916,B-,F,3,B-,"(2, 5, 10)",I,B-,B-,B-,239.5,60.0
1917,B-,F,3,B-,"(2, 5, 10)",V,B-,B-,B-,239.625,60.0
1918,B-,F,3,B-,"(2, 5, 10)",V,B-,B-,B-,239.75,60.0
1919,B-,F,3,B-,"(2, 5, 10)",V,B-,B-,B-,239.875,60.0
1920,C,F,0,B-,"(0, 5, 9)",V,F,A,B-,240.0,61.0
1921,C,F,1,B-,"(0, 5, 9)",V,F,A,B-,240.125,61.0
1922,C,F,2,B-,"(0, 5, 9)",V,F,A,B-,240.25,61.0
1923,C,F,2,B-,"(0, 5, 9)",V,F,A,B-,240.375,61.0
1924,C,F,3,B-,"(0, 5, 9)",V,F,A,B-,240.5,61.0
1925,C,F,3,B-,"(0, 5, 9)",V,F,A,B-,240.625,61.0
1926,C,F,3,B-,"(0, 5, 9)",V,F,A,B-,240.75,61.0
1927,C,F,3,B-,"(0, 5, 9)",V,F,A,B-,240.875,61.0
1928,C,F,4,B-,"(0, 5, 9)",V,F,A,B-,241.0,61.0
1929,C,F,4,B-,"(0, 5, 9)",V,F,A,B-,241.125,61.0
1930,C,F,4,B-,"(0, 5, 9)",V,F,A,B-,241.25,61.0
1931,C,F,4,B-,"(0, 5, 9)",V,F,A,B-,241.375,61.0
1932,C,F,4,B-,"(0, 5, 9)",V,F,A,B-,241.5,61.0
1933,C,F,4,B-,"(0, 5, 9)",V,F,A,B-,241.625,61.0
1934,C,F,4,B-,"(0, 5, 9)",V,F,A,B-,241.75,61.0
1935,C,F,4,B-,"(0, 5, 9)",V,F,A,B-,241.875,61.0
1936,C,F,5,B-,"(0, 5, 9)",V,F,A,B-,242.0,61.0
1937,C,F,5,B-,"(0, 5, 9)",V,F,A,B-,242.125,61.0
1938,C,F,5,B-,"(0, 5, 9)",V,F,A,B-,242.25,61.0
1939,C,F,5,B-,"(0, 5, 9)",V,F,A,B-,242.375,61.0
1940,C,F,5,B-,"(0, 5, 9)",V,F,A,B-,242.5,61.0
1941,C,F,5,B-,"(0, 5, 9)",V,F,A,B-,242.625,61.0
1942,C,F,5,B-,"(0, 5, 9)",V,F,A,B-,242.75,61.0
1943,C,F,5,B-,"(0, 5, 9)",V,F,A,B-,242.875,61.0
1944,C,F,5,B-,"(0, 5, 9)",V,F,A,B-,243.0,61.0
1945,C,F,5,B-,"(0, 5, 9)",V,F,A,B-,243.125,61.0
1946,C,F,5,B-,"(0, 5, 9)",V,F,A,B-,243.25,61.0
1947,C,F,5,B-,"(0, 5, 9)",V,F,A,B-,243.375,61.0
1948,C,F,5,B-,"(0, 5, 9)",V,F,A,B-,243.5,61.0
1949,C,F,5,B-,"(0, 5, 9)",V,F,A,B-,243.625,61.0
1950,C,F,5,B-,"(0, 5, 9)",V,F,A,B-,243.75,61.0
1951,C,F,5,B-,"(0, 5, 9)",V,F,A,B-,243.875,61.0
1952,C,F,0,B-,"(0, 5, 9)",I,F,A,B-,244.0,62.0
1953,C,F,1,B-,"(0, 5, 9)",I,F,A,B-,244.125,62.0
1954,C,F,2,B-,"(0, 5, 9)",I,F,A,B-,244.25,62.0
1955,C,F,2,B-,"(0, 5, 9)",I,F,A,B-,244.375,62.0
1956,C,F,3,B-,"(0, 5, 9)",I,F,A,B-,244.5,62.0
1957,C,F,3,B-,"(0, 5, 9)",I,F,A,B-,244.625,62.0
1958,C,F,3,B-,"(0, 5, 9)",I,F,A,B-,244.75,62.0
1959,C,F,3,B-,"(0, 5, 9)",I,F,A,B-,244.875,62.0
1960,C,F,4,B-,"(0, 5, 9)",I,F,A,B-,245.0,62.0
1961,C,F,4,B-,"(0, 5, 9)",I,F,A,B-,245.125,62.0
1962,C,F,4,B-,"(0, 5, 9)",I,F,A,B-,245.25,62.0
1963,C,F,4,B-,"(0, 5, 9)",I,F,A,B-,245.375,62.0
1964,C,F,4,B-,"(0, 5, 9)",I,F,A,B-,245.5,62.0
1965,C,F,4,B-,"(0, 5, 9)",V,F,A,B-,245.625,62.0
1966,C,F,4,B-,"(0, 5, 9)",V,F,A,B-,245.75,62.0
1967,C,F,4,B-,"(0, 5, 9)",V,F,A,B-,245.875,62.0
1968,C,F,5,B-,"(0, 5, 9)",V,F,A,B-,246.0,62.0
1969,C,F,5,B-,"(0, 5, 9)",V,F,A,B-,246.125,62.0
1970,C,F,5,B-,"(0, 5, 9)",V,F,A,B-,246.25,62.0
1971,C,F,5,B-,"(0, 5, 9)",V,F,A,B-,246.375,62.0
1972,C,F,5,B-,"(0, 5, 9)",V,F,A,B-,246.5,62.0
1973,C,F,5,B-,"(0, 5, 9)",V,F,A,B-,246.625,62.0
1974,C,F,5,B-,"(0, 5, 9)",V,F,A,B-,246.75,62.0
1975,C,F,5,B-,"(0, 5, 9)",V,F,A,B-,246.875,62.0
1976,C,F,5,B-,"(0, 5, 9)",V,F,A,B-,247.0,62.0
1977,C,F,5,B-,"(0, 5, 9)",V,F,A,B-,247.125,62.0
1978,C,F,5,B-,"(0, 5, 9)",V,F,A,B-,247.25,62.0
1979,C,F,5,B-,"(0, 5, 9)",V,F,A,B-,247.375,62.0
1980,C,F,5,B-,"(0, 5, 9)",V,F,A,B-,247.5,62.0
1981,C,F,5,B-,"(0, 5, 9)",V,F,A,B-,247.625,62.0
1982,C,F,5,B-,"(0, 5, 9)",V,F,A,B-,247.75,62.0
1983,C,F,5,B-,"(0, 5, 9)",V,F,A,B-,247.875,62.0
1984,B-,F,0,B-,"(0, 5, 9)",V7,B-,G,B-,248.0,63.0
1985,B-,F,1,B-,"(0, 5, 9)",V7,C,G,B-,248.125,63.0
1986,B-,F,2,B-,"(0, 5, 9)",V7,C,G,B-,248.25,63.0
1987,B-,F,2,B-,"(0, 5, 9)",V7,C,G,B-,248.375,63.0
1988,B-,F,3,B-,"(0, 5, 9)",V7,C,G,B-,248.5,63.0
1989,B-,F,3,B-,"(0, 5, 9)",V7,C,G,B-,248.625,63.0
1990,B-,F,3,B-,"(0, 5, 9)",V7,C,G,B-,248.75,63.0
1991,B-,F,3,B-,"(0, 5, 9)",V7,C,G,B-,248.875,63.0
1992,B-,F,4,B-,"(0, 5, 9)",V7,C,G,B-,249.0,63.0
1993,B-,F,4,B-,"(0, 5, 9)",V7,C,G,B-,249.125,63.0
1994,B-,F,4,B-,"(0, 5, 9)",V7,C,G,B-,249.25,63.0
1995,B-,F,4,B-,"(0, 5, 9)",V7,C,G,B-,249.375,63.0
1996,B-,E-,4,B-,"(0, 3, 5, 9)",V7,C,G,B-,249.5,63.0
1997,B-,E-,4,B-,"(0, 3, 5, 9)",V7,C,G,B-,249.625,63.0
1998,B-,E-,4,B-,"(0, 3, 5, 9)",V7,C,G,B-,249.75,63.0
1999,B-,E-,4,B-,"(0, 3, 5, 9)",V7,C,G,B-,249.875,63.0
2000,B-,E-,5,B-,"(0, 3, 5, 9)",V7,C,G,B-,250.0,63.0
2001,B-,E-,5,B-,"(0, 3, 5, 9)",V7,C,G,B-,250.125,63.0
2002,B-,E-,5,B-,"(0, 3, 5, 9)",V7,C,G,B-,250.25,63.0
2003,B-,E-,5,B-,"(0, 3, 5, 9)",V7,C,G,B-,250.375,63.0
2004,B-,E-,5,B-,"(0, 3, 5, 9)",V7,B-,G,B-,250.5,63.0
2005,B-,E-,5,B-,"(2, 5, 10)",V7,B-,G,B-,250.625,63.0
2006,B-,E-,5,B-,"(2, 5, 10)",V7,B-,G,B-,250.75,63.0
2007,B-,E-,5,B-,"(2, 5, 10)",V7,B-,G,B-,250.875,63.0
2008,B-,E-,5,B-,"(2, 5, 10)",V7,C,G,B-,251.0,63.0
2009,B-,E-,5,B-,"(2, 5, 10)",V7,C,G,B-,251.125,63.0
2010,B-,E-,5,B-,"(2, 5, 10)",V7,C,G,B-,251.25,63.0
2011,B-,E-,5,B-,"(2, 5, 10)",V7,C,G,B-,251.375,63.0
2012,B-,E-,5,B-,"(2, 5, 10)",V7,C,G,B-,251.5,63.0
2013,B-,E-,5,B-,"(2, 5, 10)",V7,C,G,B-,251.625,63.0
2014,B-,E-,5,B-,"(2, 5, 10)",V7,C,G,B-,251.75,63.0
2015,B-,E-,5,B-,"(2, 5, 10)",V7,C,G,B-,251.875,63.0
2016,F,B-,0,B-,"(2, 5, 10)",I,B-,D,B-,252.0,64.0
2017,F,B-,1,B-,"(2, 5, 10)",I,B-,D,B-,252.125,64.0
2018,F,B-,2,B-,"(2, 5, 10)",I,B-,D,B-,252.25,64.0
2019,F,B-,2,B-,"(2, 5, 10)",I,B-,D,B-,252.375,64.0
2020,F,B-,3,B-,"(2, 5, 10)",I,B-,D,B-,252.5,64.0
2021,F,B-,3,B-,"(2, 5, 10)",I,B-,D,B-,252.625,64.0
2022,F,B-,3,B-,"(2, 5, 10)",I,B-,D,B-,252.75,64.0
2023,F,B-,3,B-,"(2, 5, 10)",I,B-,D,B-,252.875,64.0
2024,F,B-,4,B-,"(2, 5, 10)",I,B-,D,B-,253.0,64.0
2025,F,B-,4,B-,"(2, 5, 10)",I,B-,D,B-,253.125,64.0
2026,F,B-,4,B-,"(2, 5, 10)",I,B-,D,B-,253.25,64.0
2027,F,B-,4,B-,"(2, 5, 10)",I,B-,D,B-,253.375,64.0
2028,F,B-,4,B-,"(2, 5, 10)",I,B-,D,B-,253.5,64.0
2029,F,B-,4,B-,"(2, 5, 10)",I,B-,D,B-,253.625,64.0
2030,F,B-,4,B-,"(2, 5, 10)",I,B-,D,B-,253.75,64.0
2031,F,B-,4,B-,"(2, 5, 10)",I,B-,D,B-,253.875,64.0
2032,F,B-,5,B-,"(2, 5, 10)",I,B-,D,B-,254.0,64.0
2033,F,B-,5,B-,"(2, 5, 10)",I,B-,D,B-,254.125,64.0
2034,F,B-,5,B-,"(2, 5, 10)",I,B-,D,B-,254.25,64.0
2035,F,B-,5,B-,"(2, 5, 10)",I,B-,D,B-,254.375,64.0
2036,F,B-,5,B-,"(2, 5, 10)",I,B-,D,B-,254.5,64.0
2037,F,B-,5,B-,"(2, 5, 10)",I,B-,D,B-,254.625,64.0
2038,F,B-,5,B-,"(2, 5, 10)",I,B-,D,B-,254.75,64.0
2039,F,B-,5,B-,"(2, 5, 10)",I,B-,D,B-,254.875,64.0
2040,F,B-,5,B-,"(2, 5, 10)",I,B-,D,B-,255.0,64.0
2041,F,B-,5,B-,"(2, 5, 10)",I,B-,D,B-,255.125,64.0
2042,F,B-,5,B-,"(2, 5, 10)",I,B-,D,B-,255.25,64.0
2043,F,B-,5,B-,"(2, 5, 10)",I,B-,D,B-,255.375,64.0
2044,F,B-,5,B-,"(2, 5, 10)",I,B-,D,B-,255.5,64.0
2045,F,B-,5,B-,"(2, 5, 10)",I,B-,D,B-,255.625,64.0
2046,F,B-,5,B-,"(2, 5, 10)",I,B-,D,B-,255.75,64.0
2047,F,B-,5,B-,"(2, 5, 10)",I,B-,D,B-,255.875,64.0
2048,F,B-,0,B-,"(2, 5, 10)",I,B-,D,B-,256.0,65.0
2049,F,B-,1,B-,"(2, 5, 10)",I,B-,D,B-,256.125,65.0
2050,F,B-,2,B-,"(2, 5, 10)",I,B-,D,B-,256.25,65.0
2051,F,B-,2,B-,"(2, 5, 10)",I,B-,D,B-,256.375,65.0
2052,F,B-,3,B-,"(2, 5, 10)",I,B-,D,B-,256.5,65.0
2053,F,B-,3,B-,"(2, 5, 10)",I,B-,D,B-,256.625,65.0
2054,F,B-,3,B-,"(2, 5, 10)",I,B-,D,B-,256.75,65.0
2055,F,B-,3,B-,"(2, 5, 10)",I,B-,D,B-,256.875,65.0
2056,F,B-,4,B-,"(2, 5, 10)",I,B-,D,B-,257.0,65.0
2057,F,B-,4,B-,"(2, 5, 10)",I,B-,D,B-,257.125,65.0
2058,F,B-,4,B-,"(2, 5, 10)",I,B-,D,B-,257.25,65.0
2059,F,B-,4,B-,"(2, 5, 10)",I,B-,D,B-,257.375,65.0
2060,F,B-,4,B-,"(2, 5, 10)",I,B-,D,B-,257.5,65.0
2061,F,B-,4,B-,"(2, 5, 10)",I,B-,D,B-,257.625,65.0
2062,F,B-,4,B-,"(2, 5, 10)",I,B-,D,B-,257.75,65.0
2063,F,B-,4,B-,"(2, 5, 10)",I,B-,D,B-,257.875,65.0
2064,F,F,5,B-,"(0, 3, 5, 9)",I,E-,C,B-,258.0,65.0
2065,F,F,1,B-,"(0, 3, 5, 9)",I,E-,A,B-,258.125,65.0
2066,F,F,5,B-,"(0, 3, 5, 9)",I,E-,A,B-,258.25,65.0
2067,F,F,2,B-,"(0, 3, 5, 9)",I,E-,A,B-,258.375,65.0
2068,C,F,3,B-,"(0, 3, 5, 9)",I,E-,A,B-,258.5,65.0
2069,C,F,3,B-,"(0, 3, 5, 9)",I,E-,A,B-,258.625,65.0
2070,C,F,3,B-,"(0, 3, 5, 9)",I,E-,A,B-,258.75,65.0
2071,C,F,3,B-,"(0, 3, 5, 9)",I,E-,A,B-,258.875,65.0
2072,C,F,4,B-,"(0, 3, 5, 9)",V7,E-,A,B-,259.0,65.0
2073,C,F,4,B-,"(0, 3, 5, 9)",V7,E-,A,B-,259.125,65.0
2074,C,F,4,B-,"(0, 3, 5, 9)",V7,E-,A,B-,259.25,65.0
2075,C,F,4,B-,"(0, 3, 5, 9)",V7,E-,A,B-,259.375,65.0
2076,C,F,4,B-,"(0, 3, 5, 9)",V7,E-,A,B-,259.5,65.0
2077,C,F,4,B-,"(0, 3, 5, 9)",V7,F,A,B-,259.625,65.0
2078,C,F,4,B-,"(0, 3, 5, 9)",V7,F,A,B-,259.75,65.0
2079,C,F,4,B-,"(0, 3, 5, 9)",V7,F,A,B-,259.875,65.0
2080,F,B-,0,B-,"(2, 5, 10)",I,B-,D,B-,260.0,66.0
2081,F,B-,1,B-,"(2, 5, 10)",I,B-,D,B-,260.125,66.0
2082,F,B-,2,B-,"(2, 5, 10)",I,B-,D,B-,260.25,66.0
2083,F,B-,2,B-,"(2, 5, 10)",I,B-,D,B-,260.375,66.0
2084,F,B-,3,B-,"(2, 5, 10)",I,B-,D,B-,260.5,66.0
2085,F,B-,3,B-,"(2, 5, 10)",I,B-,D,B-,260.625,66.0
2086,F,B-,3,B-,"(2, 5, 10)",I,B-,D,B-,260.75,66.0
2087,F,B-,3,B-,"(2, 5, 10)",I,B-,D,B-,260.875,66.0
2088,F,B-,4,B-,"(2, 5, 10)",I,B-,D,B-,261.0,66.0
2089,F,B-,4,B-,"(2, 5, 10)",I,B-,D,B-,261.125,66.0
2090,F,B-,4,B-,"(2, 5, 10)",I,B-,D,B-,261.25,66.0
2091,F,B-,4,B-,"(2, 5, 10)",I,B-,D,B-,261.375,66.0
2092,F,B-,4,B-,"(2, 5, 10)",I,B-,D,B-,261.5,66.0
2093,F,B-,4,B-,"(2, 5, 10)",I,B-,D,B-,261.625,66.0
2094,F,B-,4,B-,"(2, 5, 10)",I,B-,D,B-,261.75,66.0
2095,F,B-,4,B-,"(2, 5, 10)",I,B-,D,B-,261.875,66.0
2096,F,B-,5,B-,"(2, 5, 10)",I,B-,D,B-,262.0,66.0
2097,F,B-,5,B-,"(2, 5, 10)",I,B-,D,B-,262.125,66.0
2098,F,B-,5,B-,"(2, 5, 10)",I,B-,D,B-,262.25,66.0
2099,F,B-,5,B-,"(2, 5, 10)",I,B-,D,B-,262.375,66.0
2100,F,B-,5,B-,"(2, 5, 10)",I,B-,D,B-,262.5,66.0
2101,F,B-,5,B-,"(2, 5, 10)",I,B-,D,B-,262.625,66.0
2102,F,B-,5,B-,"(2, 5, 10)",I,B-,D,B-,262.75,66.0
2103,F,B-,5,B-,"(2, 5, 10)",I,B-,D,B-,262.875,66.0
2104,F,B-,5,B-,"(2, 5, 10)",I,B-,D,B-,263.0,66.0
2105,F,B-,5,B-,"(2, 5, 10)",I,B-,D,B-,263.125,66.0
2106,F,B-,5,B-,"(2, 5, 10)",I,B-,D,B-,263.25,66.0
2107,F,B-,5,B-,"(2, 5, 10)",I,B-,D,B-,263.375,66.0
2108,F,B-,5,B-,"(2, 5, 10)",I,B-,D,B-,263.5,66.0
2109,F,B-,5,B-,"(2, 5, 10)",I,B-,D,B-,263.625,66.0
2110,F,B-,5,B-,"(2, 5, 10)",I,B-,D,B-,263.75,66.0
2111,F,B-,5,B-,"(2, 5, 10)",I,B-,D,B-,263.875,66.0
2112,F,B-,0,B-,"(2, 5, 10)",I,B-,D,B-,264.0,67.0
2113,F,B-,1,B-,"(2, 5, 10)",I,B-,D,B-,264.125,67.0
2114,F,B-,2,B-,"(2, 5, 10)",I,B-,D,B-,264.25,67.0
2115,F,B-,2,B-,"(2, 5, 10)",I,B-,D,B-,264.375,67.0
2116,F,B-,3,B-,"(2, 5, 10)",I,B-,D,B-,264.5,67.0
2117,F,B-,3,B-,"(2, 5, 10)",I,B-,D,B-,264.625,67.0
2118,F,B-,3,B-,"(2, 5, 10)",I,B-,D,B-,264.75,67.0
2119,F,B-,3,B-,"(2, 5, 10)",I,B-,D,B-,264.875,67.0
2120,F,B-,4,B-,"(2, 5, 10)",I,B-,D,B-,265.0,67.0
2121,F,B-,4,B-,"(2, 5, 10)",I,B-,D,B-,265.125,67.0
2122,F,B-,4,B-,"(2, 5, 10)",I,B-,D,B-,265.25,67.0
2123,F,B-,4,B-,"(2, 5, 10)",I,B-,D,B-,265.375,67.0
2124,F,B-,4,B-,"(2, 5, 10)",I,B-,D,B-,265.5,67.0
2125,F,B-,4,B-,"(2, 5, 10)",I,B-,D,B-,265.625,67.0
2126,F,B-,4,B-,"(2, 5, 10)",I,B-,D,B-,265.75,67.0
2127,F,B-,4,B-,"(2, 5, 10)",I,B-,D,B-,265.875,67.0
2128,C,F,5,B-,"(0, 3, 5, 9)",V7,E-,C,B-,266.0,67.0
2129,C,F,1,B-,"(0, 3, 5, 9)",V7,E-,A,B-,266.125,67.0
2130,C,F,5,B-,"(0, 3, 5, 9)",V7,E-,A,B-,266.25,67.0
2131,C,F,2,B-,"(0, 3, 5, 9)",V7,E-,A,B-,266.375,67.0
2132,C,F,3,B-,"(0, 3, 5, 9)",V7,E-,A,B-,266.5,67.0
2133,C,F,3,B-,"(0, 3, 5, 9)",V7,E-,A,B-,266.625,67.0
2134,C,F,3,B-,"(0, 3, 5, 9)",V7,E-,A,B-,266.75,67.0
2135,C,F,3,B-,"(0, 3, 5, 9)",V7,E-,A,B-,266.875,67.0
2136,C,F,4,B-,"(0, 3, 5, 9)",V7,E-,A,B-,267.0,67.0
2137,C,F,4,B-,"(0, 3, 5, 9)",V7,E-,A,B-,267.125,67.0
2138,C,F,4,B-,"(0, 3, 5, 9)",V7,E-,A,B-,267.25,67.0
2139,C,F,4,B-,"(0, 3, 5, 9)",V7,E-,A,B-,267.375,67.0
2140,C,F,4,B-,"(0, 3, 5, 9)",V7,E-,A,B-,267.5,67.0
2141,C,F,4,B-,"(0, 3, 5, 9)",V7,E-,A,B-,267.625,67.0
2142,C,F,4,B-,"(0, 3, 5, 9)",V7,E-,A,B-,267.75,67.0
2143,C,F,4,B-,"(0, 3, 5, 9)",V7,E-,A,B-,267.875,67.0
2144,F,B-,0,B-,"(2, 5, 10)",I,B-,D,B-,268.0,68.0
2145,F,B-,1,B-,"(2, 5, 10)",I,B-,D,B-,268.125,68.0
2146,F,B-,2,B-,"(2, 5, 10)",I,B-,D,B-,268.25,68.0
2147,F,B-,2,B-,"(2, 5, 10)",I,B-,D,B-,268.375,68.0
2148,F,B-,3,B-,"(2, 5, 10)",I,B-,D,B-,268.5,68.0
2149,F,B-,3,B-,"(2, 5, 10)",I,B-,D,B-,268.625,68.0
2150,F,B-,3,B-,"(2, 5, 10)",I,B-,D,B-,268.75,68.0
2151,F,B-,3,B-,"(2, 5, 10)",I,B-,D,B-,268.875,68.0
2152,F,B-,4,B-,"(2, 5, 10)",I,B-,D,B-,269.0,68.0
2153,F,B-,4,B-,"(2, 5, 10)",I,B-,D,B-,269.125,68.0
2154,F,B-,4,B-,"(2, 5, 10)",I,B-,D,B-,269.25,68.0
2155,F,B-,4,B-,"(2, 5, 10)",I,B-,D,B-,269.375,68.0
2156,F,B-,4,B-,"(2, 5, 10)",I,B-,D,B-,269.5,68.0
2157,F,B-,4,B-,"(2, 5, 10)",I,B-,D,B-,269.625,68.0
2158,F,B-,4,B-,"(2, 5, 10)",I,B-,D,B-,269.75,68.0
2159,F,B-,4,B-,"(2, 5, 10)",I,B-,D,B-,269.875,68.0
2160,F,B-,5,B-,"(2, 5, 10)",I,B-,D,B-,270.0,68.0
2161,F,B-,5,B-,"(2, 5, 10)",I,B-,D,B-,270.125,68.0
2162,F,B-,5,B-,"(2, 5, 10)",I,B-,D,B-,270.25,68.0
2163,F,B-,5,B-,"(2, 5, 10)",I,B-,D,B-,270.375,68.0
2164,F,B-,5,B-,"(2, 5, 10)",I,B-,D,B-,270.5,68.0
2165,F,B-,5,B-,"(2, 5, 10)",I,B-,D,B-,270.625,68.0
2166,F,B-,5,B-,"(2, 5, 10)",I,B-,D,B-,270.75,68.0
2167,F,B-,5,B-,"(2, 5, 10)",I,B-,D,B-,270.875,68.0
2168,F,B-,5,B-,"(2, 5, 10)",I,B-,D,B-,271.0,68.0
2169,F,B-,5,B-,"(2, 5, 10)",I,B-,D,B-,271.125,68.0
2170,F,B-,5,B-,"(2, 5, 10)",I,B-,D,B-,271.25,68.0
2171,F,B-,5,B-,"(2, 5, 10)",I,B-,D,B-,271.375,68.0
2172,F,B-,5,B-,"(2, 5, 10)",I,B-,D,B-,271.5,68.0
2173,F,B-,5,B-,"(2, 5, 10)",I,B-,D,B-,271.625,68.0
2174,F,B-,5,B-,"(2, 5, 10)",I,B-,D,B-,271.75,68.0
2175,F,B-,5,B-,"(2, 5, 10)",I,B-,D,B-,271.875,68.0
2176,F,B-,0,B-,"(2, 5, 10)",I,B-,D,B-,272.0,69.0
2177,F,B-,1,B-,"(2, 5, 10)",I,B-,D,B-,272.125,69.0
2178,F,B-,2,B-,"(2, 5, 10)",I,B-,D,B-,272.25,69.0
2179,F,B-,2,B-,"(2, 5, 10)",I,B-,D,B-,272.375,69.0
2180,F,B-,3,B-,"(2, 5, 10)",I,B-,D,B-,272.5,69.0
2181,F,B-,3,B-,"(2, 5, 10)",I,B-,D,B-,272.625,69.0
2182,F,B-,3,B-,"(2, 5, 10)",I,B-,D,B-,272.75,69.0
2183,F,B-,3,B-,"(2, 5, 10)",I,B-,D,B-,272.875,69.0
2184,F,B-,4,B-,"(2, 5, 10)",I,B-,D,B-,273.0,69.0
2185,F,B-,4,B-,"(2, 5, 10)",I,B-,D,B-,273.125,69.0
2186,F,B-,4,B-,"(2, 5, 10)",I,B-,D,B-,273.25,69.0
2187,F,B-,4,B-,"(2, 5, 10)",I,B-,D,B-,273.375,69.0
2188,F,B-,4,B-,"(2, 5, 10)",I,B-,D,B-,273.5,69.0
2189,F,B-,4,B-,"(2, 5, 10)",I,B-,D,B-,273.625,69.0
2190,F,B-,4,B-,"(2, 5, 10)",I,B-,D,B-,273.75,69.0
2191,F,B-,4,B-,"(2, 5, 10)",I,B-,D,B-,273.875,69.0
2192,F,B-,5,B-,"(2, 5, 10)",I,B-,D,B-,274.0,69.0
2193,F,B-,5,B-,"(2, 5, 10)",I,B-,D,B-,274.125,69.0
2194,F,B-,5,B-,"(2, 5, 10)",I,B-,D,B-,274.25,69.0
2195,F,B-,5,B-,"(2, 5, 10)",I,B-,D,B-,274.375,69.0
2196,F,B-,5,B-,"(2, 5, 10)",I,B-,D,B-,274.5,69.0
2197,F,B-,5,B-,"(2, 5, 10)",I,B-,D,B-,274.625,69.0
2198,F,B-,5,B-,"(2, 5, 10)",I,B-,D,B-,274.75,69.0
2199,F,B-,5,B-,"(2, 5, 10)",I,B-,D,B-,274.875,69.0
2200,F,B-,5,B-,"(2, 5, 10)",I,B-,D,B-,275.0,69.0
2201,F,B-,5,B-,"(2, 5, 10)",I,B-,D,B-,275.125,69.0
2202,F,B-,5,B-,"(2, 5, 10)",I,B-,D,B-,275.25,69.0
2203,F,B-,5,B-,"(2, 5, 10)",I,B-,D,B-,275.375,69.0
2204,F,B-,5,B-,"(2, 5, 10)",I,B-,D,B-,275.5,69.0
2205,F,B-,5,B-,"(2, 5, 10)",I,B-,D,B-,275.625,69.0
2206,F,B-,5,B-,"(2, 5, 10)",I,B-,D,B-,275.75,69.0
2207,F,B-,5,B-,"(2, 5, 10)",I,B-,D,B-,275.875,69.0
2208,C,F,0,B-,"(0, 3, 5, 9)",V7,E-,A,B-,276.0,70.0
2209,C,F,1,B-,"(0, 3, 5, 9)",V7,E-,A,B-,276.125,70.0
2210,C,F,2,B-,"(0, 3, 5, 9)",V7,E-,A,B-,276.25,70.0
2211,C,F,2,B-,"(0, 3, 5, 9)",V7,E-,A,B-,276.375,70.0
2212,C,F,3,B-,"(0, 3, 5, 9)",V7,E-,A,B-,276.5,70.0
2213,C,F,3,B-,"(0, 3, 5, 9)",V7,E-,A,B-,276.625,70.0
2214,C,F,3,B-,"(0, 3, 5, 9)",V7,E-,A,B-,276.75,70.0
2215,C,F,3,B-,"(0, 3, 5, 9)",V7,E-,A,B-,276.875,70.0
2216,C,F,4,B-,"(0, 3, 5, 9)",V7,E-,A,B-,277.0,70.0
2217,C,F,4,B-,"(0, 3, 5, 9)",V7,E-,A,B-,277.125,70.0
2218,C,F,4,B-,"(0, 3, 5, 9)",V7,E-,A,B-,277.25,70.0
2219,C,F,4,B-,"(0, 3, 5, 9)",V7,E-,A,B-,277.375,70.0
2220,C,F,4,B-,"(0, 3, 5, 9)",V7,E-,A,B-,277.5,70.0
2221,C,F,4,B-,"(0, 3, 5, 9)",V7,E-,A,B-,277.625,70.0
2222,C,F,4,B-,"(0, 3, 5, 9)",V7,E-,A,B-,277.75,70.0
2223,C,F,4,B-,"(0, 3, 5, 9)",V7,E-,A,B-,277.875,70.0
2224,C,F,5,B-,"(0, 3, 5, 9)",V7,E-,A,B-,278.0,70.0
2225,C,F,5,B-,"(0, 3, 5, 9)",V7,E-,A,B-,278.125,70.0
2226,C,F,5,B-,"(0, 3, 5, 9)",V7,E-,A,B-,278.25,70.0
2227,C,F,5,B-,"(0, 3, 5, 9)",V7,E-,A,B-,278.375,70.0
2228,C,F,5,B-,"(0, 3, 5, 9)",V7,E-,A,B-,278.5,70.0
2229,C,F,5,B-,"(0, 3, 5, 9)",V7,E-,A,B-,278.625,70.0
2230,C,F,5,B-,"(0, 3, 5, 9)",V7,E-,A,B-,278.75,70.0
2231,C,F,5,B-,"(0, 3, 5, 9)",V7,E-,A,B-,278.875,70.0
2232,C,F,5,B-,"(0, 3, 5, 9)",V7,E-,A,B-,279.0,70.0
2233,C,F,5,B-,"(0, 3, 5, 9)",V7,E-,A,B-,279.125,70.0
2234,C,F,5,B-,"(0, 3, 5, 9)",V7,E-,A,B-,279.25,70.0
2235,C,F,5,B-,"(0, 3, 5, 9)",V7,E-,A,B-,279.375,70.0
2236,C,F,5,B-,"(0, 3, 5, 9)",V7,E-,A,B-,279.5,70.0
2237,C,F,5,B-,"(0, 3, 5, 9)",V7,E-,A,B-,279.625,70.0
2238,C,F,5,B-,"(0, 3, 5, 9)",V7,E-,A,B-,279.75,70.0
2239,C,F,5,B-,"(0, 3, 5, 9)",V7,E-,A,B-,279.875,70.0
2240,C,F,0,B-,"(0, 3, 5, 9)",V7,E-,A,B-,280.0,71.0
2241,C,F,1,B-,"(0, 3, 5, 9)",V7,E-,A,B-,280.125,71.0
2242,C,F,2,B-,"(0, 3, 5, 9)",V7,E-,A,B-,280.25,71.0
2243,C,F,2,B-,"(0, 3, 5, 9)",V7,E-,A,B-,280.375,71.0
2244,C,F,3,B-,"(0, 3, 5, 9)",V7,E-,A,B-,280.5,71.0
2245,C,F,3,B-,"(0, 3, 5, 9)",V7,E-,A,B-,280.625,71.0
2246,C,F,3,B-,"(0, 3, 5, 9)",V7,E-,A,B-,280.75,71.0
2247,C,F,3,B-,"(0, 3, 5, 9)",V7,E-,A,B-,280.875,71.0
2248,C,F,4,B-,"(0, 3, 5, 9)",V7,E-,A,B-,281.0,71.0
2249,C,F,4,B-,"(0, 3, 5, 9)",V7,E-,A,B-,281.125,71.0
2250,C,F,4,B-,"(0, 3, 5, 9)",V7,E-,A,B-,281.25,71.0
2251,C,F,4,B-,"(0, 3, 5, 9)",V7,E-,A,B-,281.375,71.0
2252,C,F,4,B-,"(0, 3, 5, 9)",V7,E-,A,B-,281.5,71.0
2253,C,F,4,B-,"(0, 3, 5, 9)",V7,E-,A,B-,281.625,71.0
2254,C,F,4,B-,"(0, 3, 5, 9)",V7,E-,A,B-,281.75,71.0
2255,C,F,4,B-,"(0, 3, 5, 9)",V7,E-,A,B-,281.875,71.0
2256,C,F,5,B-,"(0, 3, 5, 9)",V7,E-,A,B-,282.0,71.0
2257,C,F,5,B-,"(0, 3, 5, 9)",V7,E-,A,B-,282.125,71.0
2258,C,F,5,B-,"(0, 3, 5, 9)",V7,E-,A,B-,282.25,71.0
2259,C,F,5,B-,"(0, 3, 5, 9)",V7,E-,A,B-,282.375,71.0
2260,C,F,5,B-,"(0, 3, 5, 9)",V7,E-,A,B-,282.5,71.0
2261,C,F,5,B-,"(0, 3, 5, 9)",V7,E-,A,B-,282.625,71.0
2262,C,F,5,B-,"(0, 3, 5, 9)",V7,E-,A,B-,282.75,71.0
2263,C,F,5,B-,"(0, 3, 5, 9)",V7,E-,A,B-,282.875,71.0
2264,C,F,5,B-,"(0, 3, 5, 9)",V7,E-,A,B-,283.0,71.0
2265,C,F,5,B-,"(0, 3, 5, 9)",V7,E-,A,B-,283.125,71.0
2266,C,F,5,B-,"(0, 3, 5, 9)",V7,E-,A,B-,283.25,71.0
2267,C,F,5,B-,"(0, 3, 5, 9)",V7,E-,A,B-,283.375,71.0
2268,C,F,5,B-,"(0, 3, 5, 9)",V7,E-,A,B-,283.5,71.0
2269,C,F,5,B-,"(0, 3, 5, 9)",V7,E-,A,B-,283.625,71.0
2270,C,F,5,B-,"(0, 3, 5, 9)",V7,E-,A,B-,283.75,71.0
2271,C,F,5,B-,"(0, 3, 5, 9)",V7,E-,A,B-,283.875,71.0
2272,F,B-,0,B-,"(2, 5, 10)",I,B-,D,B-,284.0,72.0
2273,F,B-,1,B-,"(2, 5, 10)",I,B-,D,B-,284.125,72.0
2274,F,B-,2,B-,"(2, 5, 10)",I,B-,D,B-,284.25,72.0
2275,F,B-,2,B-,"(2, 5, 10)",I,B-,D,B-,284.375,72.0
2276,F,B-,3,B-,"(2, 5, 10)",I,B-,D,B-,284.5,72.0
2277,F,B-,3,B-,"(2, 5, 10)",I,B-,D,B-,284.625,72.0
2278,F,B-,3,B-,"(2, 5, 10)",I,B-,D,B-,284.75,72.0
2279,F,B-,3,B-,"(2, 5, 10)",I,B-,D,B-,284.875,72.0
2280,F,B-,4,B-,"(2, 5, 10)",I,B-,D,B-,285.0,72.0
2281,F,B-,4,B-,"(2, 5, 10)",I,B-,D,B-,285.125,72.0
2282,F,B-,4,B-,"(2, 5, 10)",I,B-,D,B-,285.25,72.0
2283,F,B-,4,B-,"(2, 5, 10)",I,B-,D,B-,285.375,72.0
2284,F,B-,4,B-,"(2, 5, 10)",I,B-,D,B-,285.5,72.0
2285,F,B-,4,B-,"(2, 5, 10)",I,B-,D,B-,285.625,72.0
2286,F,B-,4,B-,"(2, 5, 10)",I,B-,D,B-,285.75,72.0
2287,F,B-,4,B-,"(2, 5, 10)",I,B-,D,B-,285.875,72.0
2288,F,B-,5,B-,"(2, 5, 10)",I,B-,D,B-,286.0,72.0
2289,F,B-,5,B-,"(2, 5, 10)",I,B-,D,B-,286.125,72.0
2290,F,B-,5,B-,"(2, 5, 10)",I,B-,D,B-,286.25,72.0
2291,F,B-,5,B-,"(2, 5, 10)",I,B-,D,B-,286.375,72.0
2292,F,B-,5,B-,"(2, 5, 10)",I,B-,D,B-,286.5,72.0
2293,F,B-,5,B-,"(2, 5, 10)",I,B-,D,B-,286.625,72.0
2294,F,B-,5,B-,"(2, 5, 10)",I,B-,D,B-,286.75,72.0
2295,F,B-,5,B-,"(2, 5, 10)",I,B-,D,B-,286.875,72.0
2296,F,B-,5,B-,"(2, 5, 10)",I,B-,D,B-,287.0,72.0
2297,F,B-,5,B-,"(2, 5, 10)",I,B-,D,B-,287.125,72.0
2298,F,B-,5,B-,"(2, 5, 10)",I,B-,D,B-,287.25,72.0
2299,F,B-,5,B-,"(2, 5, 10)",I,B-,D,B-,287.375,72.0
2300,F,B-,5,B-,"(2, 5, 10)",I,B-,D,B-,287.5,72.0
2301,F,B-,5,B-,"(2, 5, 10)",I,B-,D,B-,287.625,72.0
2302,F,B-,5,B-,"(2, 5, 10)",I,B-,D,B-,287.75,72.0
2303,F,B-,5,B-,"(2, 5, 10)",I,B-,D,B-,287.875,72.0
2304,G,B-,0,B-,"(3, 7, 10)",IV,E-,D,B-,288.0,73.0
2305,G,B-,1,B-,"(3, 7, 10)",IV,E-,E-,B-,288.125,73.0
2306,G,B-,2,B-,"(3, 7, 10)",IV,E-,E-,B-,288.25,73.0
2307,G,B-,2,B-,"(3, 7, 10)",IV,E-,E-,B-,288.375,73.0
2308,G,B-,3,B-,"(3, 7, 10)",IV,E-,E-,B-,288.5,73.0
2309,G,B-,3,B-,"(3, 7, 10)",IV,E-,E-,B-,288.625,73.0
2310,G,B-,3,B-,"(3, 7, 10)",IV,E-,E-,B-,288.75,73.0
2311,G,B-,3,B-,"(3, 7, 10)",IV,E-,E-,B-,288.875,73.0
2312,G,B-,4,B-,"(3, 7, 10)",IV,E-,E-,B-,289.0,73.0
2313,G,B-,4,B-,"(3, 7, 10)",IV,E-,E-,B-,289.125,73.0
2314,G,B-,4,B-,"(3, 7, 10)",IV,E-,E-,B-,289.25,73.0
2315,G,B-,4,B-,"(3, 7, 10)",IV,E-,E-,B-,289.375,73.0
2316,G,B-,4,B-,"(3, 7, 10)",IV,E-,E-,B-,289.5,73.0
2317,G,B-,4,B-,"(3, 7, 10)",IV,E-,E-,B-,289.625,73.0
2318,G,B-,4,B-,"(3, 7, 10)",IV,E-,E-,B-,289.75,73.0
2319,G,B-,4,B-,"(3, 7, 10)",IV,E-,E-,B-,289.875,73.0
2320,G,B-,5,B-,"(3, 7, 10)",IV,E-,E-,B-,290.0,73.0
2321,G,B-,5,B-,"(3, 7, 10)",IV,E-,E-,B-,290.125,73.0
2322,G,B-,5,B-,"(3, 7, 10)",IV,E-,E-,B-,290.25,73.0
2323,G,B-,5,B-,"(3, 7, 10)",IV,E-,E-,B-,290.375,73.0
2324,G,B-,5,B-,"(3, 7, 10)",IV,E-,E-,B-,290.5,73.0
2325,G,B-,5,B-,"(3, 7, 10)",IV,E-,E-,B-,290.625,73.0
2326,G,B-,5,B-,"(3, 7, 10)",IV,E-,E-,B-,290.75,73.0
2327,G,B-,5,B-,"(3, 7, 10)",IV,E-,E-,B-,290.875,73.0
2328,G,B-,5,B-,"(3, 7, 10)",IV,E-,E-,B-,291.0,73.0
2329,G,B-,5,B-,"(3, 7, 10)",IV,E-,E-,B-,291.125,73.0
2330,G,B-,5,B-,"(3, 7, 10)",IV,E-,E-,B-,291.25,73.0
2331,G,B-,5,B-,"(3, 7, 10)",IV,E-,E-,B-,291.375,73.0
2332,G,B-,5,B-,"(3, 7, 10)",IV,E-,E-,B-,291.5,73.0
2333,G,B-,5,B-,"(3, 7, 10)",IV,E-,E-,B-,291.625,73.0
2334,G,B-,5,B-,"(3, 7, 10)",IV,E-,E-,B-,291.75,73.0
2335,G,B-,5,B-,"(3, 7, 10)",IV,E-,E-,B-,291.875,73.0
2336,F,B-,0,B-,"(2, 5, 10)",I,B-,D,B-,292.0,74.0
2337,F,B-,1,B-,"(2, 5, 10)",I,B-,D,B-,292.125,74.0
2338,F,B-,2,B-,"(2, 5, 10)",I,B-,D,B-,292.25,74.0
2339,F,B-,2,B-,"(2, 5, 10)",I,B-,D,B-,292.375,74.0
2340,F,B-,3,B-,"(2, 5, 10)",I,B-,D,B-,292.5,74.0
2341,F,B-,3,B-,"(2, 5, 10)",I,B-,D,B-,292.625,74.0
2342,F,B-,3,B-,"(2, 5, 10)",I,B-,D,B-,292.75,74.0
2343,F,B-,3,B-,"(2, 5, 10)",I,B-,D,B-,292.875,74.0
2344,F,B-,4,B-,"(2, 5, 10)",I,B-,D,B-,293.0,74.0
2345,F,B-,4,B-,"(2, 5, 10)",I,B-,D,B-,293.125,74.0
2346,F,B-,4,B-,"(2, 5, 10)",I,B-,D,B-,293.25,74.0
2347,F,B-,4,B-,"(2, 5, 10)",I,B-,D,B-,293.375,74.0
2348,F,B-,3,B-,"(2, 5, 10)",I,B-,D,B-,293.5,74.0
2349,F,B-,3,B-,"(2, 5, 10)",I,B-,D,B-,293.625,74.0
2350,F,B-,3,B-,"(2, 5, 10)",I,B-,D,B-,293.75,74.0
2351,F,B-,3,B-,"(2, 5, 10)",I,B-,D,B-,293.875,74.0
2352,F,B-,5,B-,"(2, 5, 10)",I,B-,D,B-,294.0,74.0
2353,F,B-,5,B-,"(2, 5, 10)",I,B-,D,B-,294.125,74.0
2354,F,B-,5,B-,"(2, 5, 10)",I,B-,D,B-,294.25,74.0
2355,F,B-,5,B-,"(2, 5, 10)",I,B-,D,B-,294.375,74.0
2356,F,B-,5,B-,"(2, 5, 10)",I,B-,D,B-,294.5,74.0
2357,F,B-,5,B-,"(2, 5, 10)",I,B-,D,B-,294.625,74.0
2358,F,B-,5,B-,"(2, 5, 10)",I,B-,D,B-,294.75,74.0
2359,F,B-,5,B-,"(2, 5, 10)",I,B-,D,B-,294.875,74.0
2360,F,B-,5,B-,"(2, 5, 10)",I,B-,D,B-,295.0,74.0
2361,F,B-,5,B-,"(2, 5, 10)",I,B-,D,B-,295.125,74.0
2362,F,B-,5,B-,"(2, 5, 10)",I,B-,D,B-,295.25,74.0
2363,F,B-,5,B-,"(2, 5, 10)",I,B-,D,B-,295.375,74.0
2364,F,B-,5,B-,"(2, 5, 10)",I,B-,D,B-,295.5,74.0
2365,F,B-,5,B-,"(2, 5, 10)",I,B-,D,B-,295.625,74.0
2366,F,B-,5,B-,"(2, 5, 10)",I,B-,D,B-,295.75,74.0
2367,F,B-,5,B-,"(2, 5, 10)",I,B-,D,B-,295.875,74.0
2368,C,F,0,B-,"(0, 3, 5, 9)",V7,E-,A,B-,296.0,75.0
2369,C,F,1,B-,"(0, 3, 5, 9)",V7,E-,A,B-,296.125,75.0
2370,C,F,2,B-,"(0, 3, 5, 9)",V7,E-,A,B-,296.25,75.0
2371,C,F,2,B-,"(0, 3, 5, 9)",V7,E-,A,B-,296.375,75.0
2372,C,F,3,B-,"(0, 3, 5, 9)",V7,E-,A,B-,296.5,75.0
2373,C,F,3,B-,"(0, 3, 5, 9)",V7,E-,A,B-,296.625,75.0
2374,C,F,3,B-,"(0, 3, 5, 9)",V7,E-,A,B-,296.75,75.0
2375,C,F,3,B-,"(0, 3, 5, 9)",V7,E-,A,B-,296.875,75.0
2376,D,F,0,B-,"(2, 5, 10)",I,B-,B-,B-,297.0,75.0
2377,D,F,1,B-,"(2, 5, 10)",I,B-,B-,B-,297.125,75.0
2378,D,F,2,B-,"(2, 5, 10)",I,B-,B-,B-,297.25,75.0
2379,D,F,2,B-,"(2, 5, 10)",I,B-,B-,B-,297.375,75.0
2380,D,F,3,B-,"(2, 5, 10)",I,B-,B-,B-,297.5,75.0
2381,D,F,3,B-,"(2, 5, 10)",I,B-,B-,B-,297.625,75.0
2382,D,F,3,B-,"(2, 5, 10)",I,B-,B-,B-,297.75,75.0
2383,D,F,3,B-,"(2, 5, 10)",I,B-,B-,B-,297.875,75.0
2384,C,F,0,B-,"(0, 3, 5, 9)",V7,E-,A,B-,298.0,75.0
2385,C,F,1,B-,"(0, 3, 5, 9)",V7,E-,A,B-,298.125,75.0
2386,C,F,2,B-,"(0, 3, 5, 9)",V7,E-,A,B-,298.25,75.0
2387,C,F,2,B-,"(0, 3, 5, 9)",V7,E-,A,B-,298.375,75.0
2388,C,F,3,B-,"(0, 3, 5, 9)",V7,E-,A,B-,298.5,75.0
2389,C,F,3,B-,"(0, 3, 5, 9)",V7,E-,A,B-,298.625,75.0
2390,C,F,3,B-,"(0, 3, 5, 9)",V7,E-,A,B-,298.75,75.0
2391,C,F,3,B-,"(0, 3, 5, 9)",V7,E-,A,B-,298.875,75.0
2392,D,F,0,B-,"(2, 5, 10)",I,B-,A,B-,299.0,75.0
2393,D,F,1,B-,"(2, 5, 10)",I,B-,A,B-,299.125,75.0
2394,D,F,2,B-,"(2, 5, 10)",I,B-,A,B-,299.25,75.0
2395,D,F,2,B-,"(2, 5, 10)",I,B-,A,B-,299.375,75.0
2396,D,F,3,B-,"(2, 5, 10)",I,B-,A,B-,299.5,75.0
2397,D,F,3,B-,"(2, 5, 10)",I,B-,A,B-,299.625,75.0
2398,D,F,3,B-,"(2, 5, 10)",I,B-,A,B-,299.75,75.0
2399,D,F,3,B-,"(2, 5, 10)",I,B-,A,B-,299.875,75.0
2400,C,F,0,B-,"(0, 5, 9)",V,F,A,B-,300.0,76.0
2401,C,F,1,B-,"(0, 5, 9)",V,F,A,B-,300.125,76.0
2402,C,F,2,B-,"(0, 5, 9)",V,F,A,B-,300.25,76.0
2403,C,F,2,B-,"(0, 5, 9)",V,F,A,B-,300.375,76.0
2404,C,F,3,B-,"(0, 5, 9)",V,F,A,B-,300.5,76.0
2405,C,F,3,B-,"(0, 5, 9)",V,F,A,B-,300.625,76.0
2406,C,F,3,B-,"(0, 5, 9)",V,F,A,B-,300.75,76.0
2407,C,F,3,B-,"(0, 5, 9)",V,F,A,B-,300.875,76.0
2408,C,F,4,B-,"(0, 5, 9)",V,F,A,B-,301.0,76.0
2409,C,F,4,B-,"(0, 5, 9)",V,F,A,B-,301.125,76.0
2410,C,F,4,B-,"(0, 5, 9)",V,F,A,B-,301.25,76.0
2411,C,F,4,B-,"(0, 5, 9)",V,F,A,B-,301.375,76.0
2412,C,F,4,B-,"(0, 5, 9)",V,F,A,B-,301.5,76.0
2413,C,F,4,B-,"(0, 5, 9)",V,F,A,B-,301.625,76.0
2414,C,F,4,B-,"(0, 5, 9)",V,F,A,B-,301.75,76.0
2415,C,F,4,B-,"(0, 5, 9)",V,F,A,B-,301.875,76.0
2416,C,F,5,B-,"(0, 5, 9)",V,F,A,B-,302.0,76.0
2417,C,F,5,B-,"(0, 5, 9)",V,F,A,B-,302.125,76.0
2418,C,F,5,B-,"(0, 5, 9)",V,F,A,B-,302.25,76.0
2419,C,F,5,B-,"(0, 5, 9)",V,F,A,B-,302.375,76.0
2420,C,F,5,B-,"(0, 5, 9)",V,F,A,B-,302.5,76.0
2421,C,F,5,B-,"(0, 5, 9)",V,F,A,B-,302.625,76.0
2422,C,F,5,B-,"(0, 5, 9)",V,F,A,B-,302.75,76.0
2423,C,F,5,B-,"(0, 5, 9)",V,F,A,B-,302.875,76.0
2424,C,F,5,B-,"(0, 5, 9)",V,F,A,B-,303.0,76.0
2425,C,F,5,B-,"(0, 5, 9)",V,F,A,B-,303.125,76.0
2426,C,F,5,B-,"(0, 5, 9)",V,F,A,B-,303.25,76.0
2427,C,F,5,B-,"(0, 5, 9)",V,F,A,B-,303.375,76.0
2428,C,F,5,B-,"(0, 5, 9)",V,F,A,B-,303.5,76.0
2429,C,F,5,B-,"(0, 5, 9)",V,F,A,B-,303.625,76.0
2430,C,F,5,B-,"(0, 5, 9)",V,F,A,B-,303.75,76.0
2431,C,F,5,B-,"(0, 5, 9)",V,F,A,B-,303.875,76.0
2432,C,F,0,B-,"(0, 5, 9)",V,F,A,B-,304.0,77.0
2433,C,F,1,B-,"(0, 5, 9)",V,F,A,B-,304.125,77.0
2434,C,F,2,B-,"(0, 5, 9)",V,F,A,B-,304.25,77.0
2435,C,F,2,B-,"(0, 5, 9)",V,F,A,B-,304.375,77.0
2436,C,F,3,B-,"(0, 5, 9)",V,F,A,B-,304.5,77.0
2437,C,F,3,B-,"(0, 5, 9)",V,F,A,B-,304.625,77.0
2438,C,F,3,B-,"(0, 5, 9)",V,F,A,B-,304.75,77.0
2439,C,F,3,B-,"(0, 5, 9)",V,F,A,B-,304.875,77.0
2440,C,F,4,B-,"(0, 5, 9)",V,F,A,B-,305.0,77.0
2441,C,F,4,B-,"(0, 5, 9)",V,F,A,B-,305.125,77.0
2442,C,F,4,B-,"(0, 5, 9)",V,F,A,B-,305.25,77.0
2443,C,F,4,B-,"(0, 5, 9)",V,F,A,B-,305.375,77.0
2444,C,F,4,B-,"(0, 5, 9)",V,F,A,B-,305.5,77.0
2445,C,F,4,B-,"(0, 5, 9)",V,F,A,B-,305.625,77.0
2446,C,F,4,B-,"(0, 5, 9)",V,F,A,B-,305.75,77.0
2447,C,F,4,B-,"(0, 5, 9)",V,F,A,B-,305.875,77.0
2448,C,F,5,B-,"(0, 5, 9)",V,F,A,B-,306.0,77.0
2449,C,F,5,B-,"(0, 5, 9)",V,F,A,B-,306.125,77.0
2450,C,F,5,B-,"(0, 5, 9)",V,F,A,B-,306.25,77.0
2451,C,F,5,B-,"(0, 5, 9)",V,F,A,B-,306.375,77.0
2452,C,F,5,B-,"(0, 5, 9)",V,F,A,B-,306.5,77.0
2453,C,F,5,B-,"(0, 5, 9)",V,F,A,B-,306.625,77.0
2454,C,F,5,B-,"(0, 5, 9)",V,F,A,B-,306.75,77.0
2455,C,F,5,B-,"(0, 5, 9)",V,F,A,B-,306.875,77.0
2456,C,F,5,B-,"(0, 5, 9)",V,F,A,B-,307.0,77.0
2457,C,F,5,B-,"(0, 5, 9)",V,F,A,B-,307.125,77.0
2458,C,F,5,B-,"(0, 5, 9)",V,F,A,B-,307.25,77.0
2459,C,F,5,B-,"(0, 5, 9)",V,F,A,B-,307.375,77.0
2460,C,F,5,B-,"(0, 5, 9)",V,F,A,B-,307.5,77.0
2461,C,F,5,B-,"(0, 5, 9)",V,F,A,B-,307.625,77.0
2462,C,F,5,B-,"(0, 5, 9)",V,F,A,B-,307.75,77.0
2463,C,F,5,B-,"(0, 5, 9)",V,F,A,B-,307.875,77.0
2464,C,F,0,B-,"(0, 3, 5, 9)",V7,E-,A,B-,308.0,78.0
2465,C,F,1,B-,"(0, 3, 5, 9)",V7,E-,A,B-,308.125,78.0
2466,C,F,2,B-,"(0, 3, 5, 9)",V7,E-,A,B-,308.25,78.0
2467,C,F,2,B-,"(0, 3, 5, 9)",V7,E-,A,B-,308.375,78.0
2468,C,F,3,B-,"(0, 3, 5, 9)",V7,E-,A,B-,308.5,78.0
2469,C,F,3,B-,"(0, 3, 5, 9)",V7,E-,A,B-,308.625,78.0
2470,C,F,3,B-,"(0, 3, 5, 9)",V7,E-,A,B-,308.75,78.0
2471,C,F,3,B-,"(0, 3, 5, 9)",V7,E-,A,B-,308.875,78.0
2472,C,F,4,B-,"(0, 3, 5, 9)",V7,E-,A,B-,309.0,78.0
2473,C,F,4,B-,"(0, 3, 5, 9)",V7,E-,A,B-,309.125,78.0
2474,C,F,4,B-,"(0, 3, 5, 9)",V7,E-,A,B-,309.25,78.0
2475,C,F,4,B-,"(0, 3, 5, 9)",V7,E-,A,B-,309.375,78.0
2476,C,F,4,B-,"(0, 3, 5, 9)",V7,E-,A,B-,309.5,78.0
2477,C,F,4,B-,"(0, 3, 5, 9)",V7,E-,A,B-,309.625,78.0
2478,C,F,4,B-,"(0, 3, 5, 9)",V7,E-,A,B-,309.75,78.0
2479,C,F,4,B-,"(0, 3, 5, 9)",V7,E-,A,B-,309.875,78.0
2480,C,F,0,B-,"(2, 5, 10)",I,E-,A,B-,310.0,78.0
2481,C,F,1,B-,"(2, 5, 10)",I,E-,A,B-,310.125,78.0
2482,C,F,2,B-,"(2, 5, 10)",I,E-,A,B-,310.25,78.0
2483,C,F,2,B-,"(2, 5, 10)",I,E-,A,B-,310.375,78.0
2484,C,F,3,B-,"(2, 5, 10)",I,E-,A,B-,310.5,78.0
2485,C,F,3,B-,"(2, 5, 10)",I,E-,A,B-,310.625,78.0
2486,C,F,3,B-,"(2, 5, 10)",I,E-,A,B-,310.75,78.0
2487,C,F,3,B-,"(2, 5, 10)",I,E-,A,B-,310.875,78.0
2488,C,F,0,B-,"(0, 3, 5, 9)",V7,E-,A,B-,311.0,78.0
2489,C,F,1,B-,"(0, 3, 5, 9)",V7,E-,A,B-,311.125,78.0
2490,C,F,2,B-,"(0, 3, 5, 9)",V7,E-,A,B-,311.25,78.0
2491,C,F,2,B-,"(0, 3, 5, 9)",V7,E-,A,B-,311.375,78.0
2492,C,F,3,B-,"(0, 3, 5, 9)",V7,E-,A,B-,311.5,78.0
2493,C,F,3,B-,"(0, 3, 5, 9)",V7,E-,A,B-,311.625,78.0
2494,C,F,3,B-,"(0, 3, 5, 9)",V7,E-,A,B-,311.75,78.0
2495,C,F,3,B-,"(0, 3, 5, 9)",V7,E-,A,B-,311.875,78.0
2496,F,B-,0,B-,"(2, 5, 10)",I,B-,D,B-,312.0,79.0
2497,F,B-,1,B-,"(2, 5, 10)",I,B-,D,B-,312.125,79.0
2498,F,B-,2,B-,"(2, 5, 10)",I,B-,D,B-,312.25,79.0
2499,F,B-,2,B-,"(2, 5, 10)",I,B-,D,B-,312.375,79.0
2500,F,B-,3,B-,"(2, 5, 10)",I,B-,D,B-,312.5,79.0
2501,F,B-,3,B-,"(2, 5, 10)",I,B-,D,B-,312.625,79.0
2502,F,B-,3,B-,"(2, 5, 10)",I,B-,D,B-,312.75,79.0
2503,F,B-,3,B-,"(2, 5, 10)",I,B-,D,B-,312.875,79.0
2504,F,B-,4,B-,"(2, 5, 10)",I,B-,D,B-,313.0,79.0
2505,F,B-,4,B-,"(2, 5, 10)",I,B-,D,B-,313.125,79.0
2506,F,B-,4,B-,"(2, 5, 10)",I,B-,D,B-,313.25,79.0
2507,F,B-,4,B-,"(2, 5, 10)",I,B-,D,B-,313.375,79.0
2508,F,B-,4,B-,"(2, 5, 10)",I,B-,D,B-,313.5,79.0
2509,F,B-,4,B-,"(2, 5, 10)",I,B-,D,B-,313.625,79.0
2510,F,B-,4,B-,"(2, 5, 10)",I,B-,D,B-,313.75,79.0
2511,F,B-,4,B-,"(2, 5, 10)",I,B-,D,B-,313.875,79.0
2512,F,B-,5,B-,"(2, 5, 10)",I,B-,D,B-,314.0,79.0
2513,F,B-,5,B-,"(2, 5, 10)",I,B-,D,B-,314.125,79.0
2514,F,B-,5,B-,"(2, 5, 10)",I,B-,D,B-,314.25,79.0
2515,F,B-,5,B-,"(2, 5, 10)",I,B-,D,B-,314.375,79.0
2516,F,B-,5,B-,"(2, 5, 10)",I,B-,D,B-,314.5,79.0
2517,F,B-,5,B-,"(2, 5, 10)",I,B-,D,B-,314.625,79.0
2518,F,B-,5,B-,"(2, 5, 10)",I,B-,D,B-,314.75,79.0
2519,F,B-,5,B-,"(2, 5, 10)",I,B-,D,B-,314.875,79.0
2520,F,B-,5,B-,"(2, 5, 10)",I,B-,D,B-,315.0,79.0
2521,F,B-,5,B-,"(2, 5, 10)",I,B-,D,B-,315.125,79.0
2522,F,B-,5,B-,"(2, 5, 10)",I,B-,D,B-,315.25,79.0
2523,F,B-,5,B-,"(2, 5, 10)",I,B-,D,B-,315.375,79.0
2524,F,B-,5,B-,"(2, 5, 10)",I,B-,D,B-,315.5,79.0
2525,F,B-,5,B-,"(2, 5, 10)",I,B-,D,B-,315.625,79.0
2526,F,B-,5,B-,"(2, 5, 10)",I,B-,D,B-,315.75,79.0
2527,F,B-,5,B-,"(2, 5, 10)",I,B-,D,B-,315.875,79.0
2528,F,B-,0,B-,"(2, 5, 10)",I,B-,D,B-,316.0,80.0
2529,F,B-,1,B-,"(2, 5, 10)",I,B-,D,B-,316.125,80.0
2530,F,B-,2,B-,"(2, 5, 10)",I,B-,D,B-,316.25,80.0
2531,F,B-,2,B-,"(2, 5, 10)",I,B-,D,B-,316.375,80.0
2532,F,B-,3,B-,"(2, 5, 10)",I,B-,D,B-,316.5,80.0
2533,F,B-,3,B-,"(2, 5, 10)",I,B-,D,B-,316.625,80.0
2534,F,B-,3,B-,"(2, 5, 10)",I,B-,D,B-,316.75,80.0
2535,F,B-,3,B-,"(2, 5, 10)",I,B-,D,B-,316.875,80.0
2536,B-,B-,4,B-,"(2, 5, 10)",I,B-,D,B-,317.0,80.0
2537,B-,B-,4,B-,"(2, 5, 10)",I,B-,D,B-,317.125,80.0
2538,B-,B-,4,B-,"(2, 5, 10)",I,B-,D,B-,317.25,80.0
2539,B-,B-,4,B-,"(2, 5, 10)",I,B-,D,B-,317.375,80.0
2540,B-,B-,4,B-,"(2, 5, 10)",I,B-,D,B-,317.5,80.0
2541,B-,B-,4,B-,"(2, 5, 10)",I,B-,D,B-,317.625,80.0
2542,B-,B-,4,B-,"(2, 5, 10)",I,B-,D,B-,317.75,80.0
2543,B-,B-,4,B-,"(2, 5, 10)",I,B-,D,B-,317.875,80.0
2544,C,E-,0,B-,"(3, 7, 10)",IV,E-,G,B-,318.0,80.0
2545,C,E-,1,B-,"(3, 7, 10)",IV,C,G,B-,318.125,80.0
2546,C,E-,2,B-,"(3, 7, 10)",IV,C,G,B-,318.25,80.0
2547,C,E-,2,B-,"(3, 7, 10)",IV,C,G,B-,318.375,80.0
2548,C,E-,3,B-,"(3, 7, 10)",IV,E-,G,B-,318.5,80.0
2549,C,E-,3,B-,"(3, 7, 10)",IV,E-,G,B-,318.625,80.0
2550,C,E-,3,B-,"(3, 7, 10)",IV,E-,G,B-,318.75,80.0
2551,C,E-,3,B-,"(3, 7, 10)",IV,E-,G,B-,318.875,80.0
2552,C,F,0,B-,"(0, 3, 5, 9)",V,F,A,B-,319.0,80.0
2553,C,F,1,B-,"(0, 5, 9)",V,F,A,B-,319.125,80.0
2554,C,F,2,B-,"(0, 5, 9)",V,F,A,B-,319.25,80.0
2555,C,F,2,B-,"(0, 5, 9)",V,F,A,B-,319.375,80.0
2556,C,F,3,B-,"(0, 5, 9)",V,F,A,B-,319.5,80.0
2557,C,F,3,B-,"(0, 5, 9)",V,F,A,B-,319.625,80.0
2558,C,F,3,B-,"(0, 5, 9)",V,F,A,B-,319.75,80.0
2559,C,F,3,B-,"(0, 5, 9)",V,F,A,B-,319.875,80.0
2560,F,B-,0,B-,"(2, 5, 10)",I,B-,D,B-,320.0,81.0
2561,F,B-,1,B-,"(2, 5, 10)",I,B-,D,B-,320.125,81.0
2562,F,B-,2,B-,"(2, 5, 10)",I,B-,D,B-,320.25,81.0
2563,F,B-,2,B-,"(2, 5, 10)",I,B-,D,B-,320.375,81.0
2564,F,B-,3,B-,"(2, 5, 10)",I,B-,D,B-,320.5,81.0
2565,F,B-,3,B-,"(2, 5, 10)",I,B-,D,B-,320.625,81.0
2566,F,B-,3,B-,"(2, 5, 10)",I,B-,D,B-,320.75,81.0
2567,F,B-,3,B-,"(2, 5, 10)",I,B-,D,B-,320.875,81.0
2568,F,B-,4,B-,"(2, 5, 10)",I,B-,D,B-,321.0,81.0
2569,F,B-,4,B-,"(2, 5, 10)",I,B-,D,B-,321.125,81.0
2570,F,B-,4,B-,"(2, 5, 10)",I,B-,D,B-,321.25,81.0
2571,F,B-,4,B-,"(2, 5, 10)",I,B-,D,B-,321.375,81.0
2572,F,B-,4,B-,"(2, 5, 10)",I,B-,D,B-,321.5,81.0
2573,F,B-,4,B-,"(2, 5, 10)",I,B-,D,B-,321.625,81.0
2574,F,B-,4,B-,"(2, 5, 10)",I,B-,D,B-,321.75,81.0
2575,F,B-,4,B-,"(2, 5, 10)",I,B-,D,B-,321.875,81.0
2576,F,B-,5,B-,"(2, 5, 10)",I,B-,D,B-,322.0,81.0
2577,F,B-,5,B-,"(2, 5, 10)",I,B-,D,B-,322.125,81.0
2578,F,B-,5,B-,"(2, 5, 10)",I,B-,D,B-,322.25,81.0
2579,F,B-,5,B-,"(2, 5, 10)",I,B-,D,B-,322.375,81.0
2580,F,B-,5,B-,"(2, 5, 10)",I,B-,D,B-,322.5,81.0
2581,F,B-,5,B-,"(2, 5, 10)",I,B-,D,B-,322.625,81.0
2582,F,B-,5,B-,"(2, 5, 10)",I,B-,D,B-,322.75,81.0
2583,F,B-,5,B-,"(2, 5, 10)",I,B-,D,B-,322.875,81.0
2584,F,B-,5,B-,"(2, 5, 10)",I,B-,D,B-,323.0,81.0
2585,F,B-,5,B-,"(2, 5, 10)",I,B-,D,B-,323.125,81.0
2586,F,B-,5,B-,"(2, 5, 10)",I,B-,D,B-,323.25,81.0
2587,F,B-,5,B-,"(2, 5, 10)",I,B-,D,B-,323.375,81.0
2588,F,B-,5,B-,"(2, 5, 10)",I,B-,D,B-,323.5,81.0
2589,F,B-,5,B-,"(2, 5, 10)",I,B-,D,B-,323.625,81.0
2590,F,B-,5,B-,"(2, 5, 10)",I,B-,D,B-,323.75,81.0
2591,F,B-,5,B-,"(2, 5, 10)",I,B-,D,B-,323.875,81.0
2592,F,B-,0,B-,"(2, 5, 10)",I,B-,D,B-,324.0,82.0
2593,F,B-,1,B-,"(2, 5, 10)",I,B-,D,B-,324.125,82.0
2594,F,B-,2,B-,"(2, 5, 10)",I,B-,D,B-,324.25,82.0
2595,F,B-,2,B-,"(2, 5, 10)",I,B-,D,B-,324.375,82.0
2596,F,B-,3,B-,"(2, 5, 10)",I,B-,D,B-,324.5,82.0
2597,F,B-,3,B-,"(2, 5, 10)",I,B-,D,B-,324.625,82.0
2598,F,B-,3,B-,"(2, 5, 10)",I,B-,D,B-,324.75,82.0
2599,F,B-,3,B-,"(2, 5, 10)",I,B-,D,B-,324.875,82.0
2600,B-,B-,4,B-,"(2, 5, 10)",I,B-,D,B-,325.0,82.0
2601,B-,B-,4,B-,"(2, 5, 10)",I,B-,D,B-,325.125,82.0
2602,B-,B-,4,B-,"(2, 5, 10)",I,B-,D,B-,325.25,82.0
2603,B-,B-,4,B-,"(2, 5, 10)",I,B-,D,B-,325.375,82.0
2604,B-,B-,4,B-,"(2, 5, 10)",I,B-,D,B-,325.5,82.0
2605,B-,B-,4,B-,"(2, 5, 10)",I,B-,D,B-,325.625,82.0
2606,B-,B-,4,B-,"(2, 5, 10)",I,B-,D,B-,325.75,82.0
2607,B-,B-,4,B-,"(2, 5, 10)",I,B-,D,B-,325.875,82.0
2608,C,E-,0,B-,"(3, 7, 10)",ii,E-,G,B-,326.0,82.0
2609,C,E-,1,B-,"(3, 7, 10)",ii,E-,G,B-,326.125,82.0
2610,C,E-,2,B-,"(0, 3, 5, 9)",ii,E-,G,B-,326.25,82.0
2611,C,E-,2,B-,"(0, 3, 5, 9)",ii,E-,G,B-,326.375,82.0
2612,C,E-,3,B-,"(0, 3, 5, 9)",ii,E-,G,B-,326.5,82.0
2613,C,E-,3,B-,"(0, 3, 5, 9)",ii,E-,G,B-,326.625,82.0
2614,C,E-,3,B-,"(0, 3, 5, 9)",ii,E-,G,B-,326.75,82.0
2615,C,E-,3,B-,"(0, 3, 5, 9)",ii,E-,G,B-,326.875,82.0
2616,C,F,0,B-,"(0, 5, 9)",V,F,A,B-,327.0,82.0
2617,C,F,1,B-,"(0, 5, 9)",V,F,A,B-,327.125,82.0
2618,C,F,2,B-,"(0, 5, 9)",V,F,A,B-,327.25,82.0
2619,C,F,2,B-,"(0, 5, 9)",V,F,A,B-,327.375,82.0
2620,C,F,3,B-,"(0, 5, 9)",V,F,A,B-,327.5,82.0
2621,C,F,3,B-,"(0, 5, 9)",V,F,A,B-,327.625,82.0
2622,C,F,3,B-,"(0, 5, 9)",V,F,A,B-,327.75,82.0
2623,C,F,3,B-,"(0, 5, 9)",V,F,A,B-,327.875,82.0
2624,F,B-,0,B-,"(2, 5, 10)",I,B-,D,B-,328.0,83.0
2625,F,B-,1,B-,"(2, 5, 10)",I,B-,D,B-,328.125,83.0
2626,F,B-,2,B-,"(2, 5, 10)",I,B-,D,B-,328.25,83.0
2627,F,B-,2,B-,"(2, 5, 10)",I,B-,D,B-,328.375,83.0
2628,F,B-,3,B-,"(2, 5, 10)",I,B-,D,B-,328.5,83.0
2629,F,B-,3,B-,"(2, 5, 10)",I,B-,D,B-,328.625,83.0
2630,F,B-,3,B-,"(2, 5, 10)",I,B-,D,B-,328.75,83.0
2631,F,B-,3,B-,"(2, 5, 10)",I,B-,D,B-,328.875,83.0
2632,F,B-,4,B-,"(2, 5, 10)",I,B-,D,B-,329.0,83.0
2633,F,B-,4,B-,"(2, 5, 10)",I,B-,D,B-,329.125,83.0
2634,F,B-,4,B-,"(2, 5, 10)",I,B-,D,B-,329.25,83.0
2635,F,B-,4,B-,"(2, 5, 10)",I,B-,D,B-,329.375,83.0
2636,F,B-,4,B-,"(2, 5, 10)",I,B-,D,B-,329.5,83.0
2637,F,B-,4,B-,"(2, 5, 10)",I,B-,D,B-,329.625,83.0
2638,F,B-,4,B-,"(2, 5, 10)",I,B-,D,B-,329.75,83.0
2639,F,B-,4,B-,"(2, 5, 10)",I,B-,D,B-,329.875,83.0
2640,F,B-,5,B-,"(2, 5, 10)",I,B-,D,B-,330.0,83.0
2641,F,B-,5,B-,"(2, 5, 10)",i,B-,D,b-,330.125,83.0
2642,F,B-,5,B-,"(2, 5, 10)",i,B-,D,b-,330.25,83.0
2643,F,B-,5,B-,"(2, 5, 10)",i,B-,D,b-,330.375,83.0
2644,F,B-,5,B-,"(2, 5, 10)",i,B-,D,b-,330.5,83.0
2645,F,B-,5,B-,"(2, 5, 10)",i,B-,D,b-,330.625,83.0
2646,F,B-,5,B-,"(2, 5, 10)",i,B-,D,b-,330.75,83.0
2647,F,B-,5,B-,"(2, 5, 10)",i,B-,D,b-,330.875,83.0
2648,F,B-,5,B-,"(2, 5, 10)",i,B-,D,b-,331.0,83.0
2649,F,B-,5,B-,"(2, 5, 10)",i,B-,D,b-,331.125,83.0
2650,F,B-,5,B-,"(2, 5, 10)",i,B-,D,b-,331.25,83.0
2651,F,B-,5,B-,"(2, 5, 10)",i,B-,D,b-,331.375,83.0
2652,F,B-,5,B-,"(2, 5, 10)",i,B-,D,b-,331.5,83.0
2653,F,B-,5,B-,"(2, 5, 10)",i,B-,D,b-,331.625,83.0
2654,F,B-,5,B-,"(2, 5, 10)",i,B-,D,b-,331.75,83.0
2655,F,B-,5,B-,"(2, 5, 10)",i,B-,D,b-,331.875,83.0
2656,F,B-,0,b-,"(1, 5, 10)",i,B-,D-,b-,332.0,84.0
2657,F,B-,1,b-,"(1, 5, 10)",i,B-,D-,b-,332.125,84.0
2658,F,B-,2,b-,"(1, 5, 10)",i,B-,D-,b-,332.25,84.0
2659,F,B-,2,b-,"(1, 5, 10)",i,B-,D-,b-,332.375,84.0
2660,F,B-,3,b-,"(1, 5, 10)",i,B-,D-,b-,332.5,84.0
2661,F,B-,3,b-,"(1, 5, 10)",i,B-,D-,b-,332.625,84.0
2662,F,B-,3,b-,"(1, 5, 10)",i,B-,D-,b-,332.75,84.0
2663,F,B-,3,b-,"(1, 5, 10)",i,B-,D-,b-,332.875,84.0
2664,F,B-,4,b-,"(1, 5, 10)",i,B-,D-,b-,333.0,84.0
2665,F,B-,4,b-,"(1, 5, 10)",i,B-,D-,b-,333.125,84.0
2666,F,B-,4,b-,"(1, 5, 10)",i,B-,D-,b-,333.25,84.0
2667,F,B-,4,b-,"(1, 5, 10)",i,B-,D-,b-,333.375,84.0
2668,F,B-,4,b-,"(1, 5, 10)",i,B-,D-,b-,333.5,84.0
2669,F,B-,4,b-,"(1, 5, 10)",i,B-,D-,b-,333.625,84.0
2670,F,B-,4,b-,"(1, 5, 10)",i,B-,D-,b-,333.75,84.0
2671,F,B-,4,b-,"(1, 5, 10)",i,B-,D-,b-,333.875,84.0
2672,F,B-,5,b-,"(1, 5, 10)",i,B-,D-,b-,334.0,84.0
2673,F,B-,5,b-,"(1, 5, 10)",i,B-,D-,b-,334.125,84.0
2674,F,B-,5,b-,"(1, 5, 10)",i,B-,D-,b-,334.25,84.0
2675,F,B-,5,b-,"(1, 5, 10)",i,B-,D-,b-,334.375,84.0
2676,F,B-,5,b-,"(1, 5, 10)",i,B-,D-,b-,334.5,84.0
2677,F,B-,5,b-,"(1, 5, 10)",i,B-,D-,b-,334.625,84.0
2678,F,B-,5,b-,"(1, 5, 10)",i,B-,D-,b-,334.75,84.0
2679,F,B-,5,b-,"(1, 5, 10)",i,B-,D-,b-,334.875,84.0
2680,F,B-,5,b-,"(1, 5, 10)",i,B-,D-,b-,335.0,84.0
2681,F,B-,5,b-,"(1, 5, 10)",i,B-,D-,b-,335.125,84.0
2682,F,B-,5,b-,"(1, 5, 10)",i,B-,D-,b-,335.25,84.0
2683,F,B-,5,b-,"(1, 5, 10)",i,B-,D-,b-,335.375,84.0
2684,F,B-,5,b-,"(1, 5, 10)",i,B-,D-,b-,335.5,84.0
2685,F,B-,5,b-,"(1, 5, 10)",i,B-,D-,b-,335.625,84.0
2686,F,B-,5,b-,"(1, 5, 10)",i,B-,D-,b-,335.75,84.0
2687,F,B-,5,b-,"(1, 5, 10)",i,B-,D-,b-,335.875,84.0
2688,C,E-,0,b-,"(0, 3, 6, 9)",viio7,E-,G-,b-,336.0,85.0
2689,C,E-,1,b-,"(0, 3, 6, 9)",viio7,E-,G-,b-,336.125,85.0
2690,C,E-,2,b-,"(0, 3, 6, 9)",viio7,E-,G-,b-,336.25,85.0
2691,C,E-,2,b-,"(0, 3, 6, 9)",viio7,E-,G-,b-,336.375,85.0
2692,C,E-,3,b-,"(0, 3, 6, 9)",viio7,E-,G-,b-,336.5,85.0
2693,C,E-,3,b-,"(0, 3, 6, 9)",viio7,E-,G-,b-,336.625,85.0
2694,C,E-,3,b-,"(0, 3, 6, 9)",viio7,E-,G-,b-,336.75,85.0
2695,C,E-,3,b-,"(0, 3, 6, 9)",viio7,E-,G-,b-,336.875,85.0
2696,C,E-,4,b-,"(0, 3, 6, 9)",viio7,E-,G-,b-,337.0,85.0
2697,C,E-,4,b-,"(0, 3, 6, 9)",viio7,E-,G-,b-,337.125,85.0
2698,C,E-,4,b-,"(0, 3, 6, 9)",viio7,E-,G-,b-,337.25,85.0
2699,C,E-,4,b-,"(0, 3, 6, 9)",viio7,E-,G-,b-,337.375,85.0
2700,C,E-,4,b-,"(0, 3, 6, 9)",viio7,E-,G-,b-,337.5,85.0
2701,C,E-,4,b-,"(0, 3, 6, 9)",viio7,E-,G-,b-,337.625,85.0
2702,C,E-,4,b-,"(0, 3, 6, 9)",viio7,E-,G-,b-,337.75,85.0
2703,C,E-,4,b-,"(0, 3, 6, 9)",viio7,E-,G-,b-,337.875,85.0
2704,C,E-,5,b-,"(0, 3, 6, 9)",viio7,E-,G-,b-,338.0,85.0
2705,C,E-,5,b-,"(0, 3, 6, 9)",viio7,E-,G-,b-,338.125,85.0
2706,C,E-,5,b-,"(0, 3, 6, 9)",viio7,E-,G-,b-,338.25,85.0
2707,C,E-,5,b-,"(0, 3, 6, 9)",viio7,E-,G-,b-,338.375,85.0
2708,C,E-,5,b-,"(0, 3, 6, 9)",viio7,E-,G-,b-,338.5,85.0
2709,C,E-,5,b-,"(0, 3, 6, 9)",viio7,E-,G-,b-,338.625,85.0
2710,C,E-,5,b-,"(0, 3, 6, 9)",viio7,E-,G-,b-,338.75,85.0
2711,C,E-,5,b-,"(0, 3, 6, 9)",viio7,E-,G-,b-,338.875,85.0
2712,C,E-,5,b-,"(0, 3, 6, 9)",viio7,E-,G-,b-,339.0,85.0
2713,C,E-,5,b-,"(0, 3, 6, 9)",viio7,E-,G-,b-,339.125,85.0
2714,C,E-,5,b-,"(0, 3, 6, 9)",viio7,E-,G-,b-,339.25,85.0
2715,C,E-,5,b-,"(0, 3, 6, 9)",viio7,E-,G-,b-,339.375,85.0
2716,C,E-,5,b-,"(0, 3, 6, 9)",viio7,E-,A,b-,339.5,85.0
2717,C,E-,5,b-,"(0, 3, 6, 9)",viio7,E-,A,b-,339.625,85.0
2718,C,E-,5,b-,"(0, 3, 5, 9)",viio7,E-,A,b-,339.75,85.0
2719,C,E-,5,b-,"(0, 3, 5, 9)",viio7,E-,A,b-,339.875,85.0
2720,C,A,0,b-,"(0, 3, 6, 9)",viio7,E-,A,b-,340.0,86.0
2721,C,A,1,b-,"(0, 3, 6, 9)",viio7,E-,A,b-,340.125,86.0
2722,C,A,2,b-,"(0, 3, 6, 9)",viio7,E-,A,b-,340.25,86.0
2723,C,A,2,b-,"(0, 3, 6, 9)",viio7,E-,A,b-,340.375,86.0
2724,C,A,3,b-,"(0, 3, 6, 9)",viio7,E-,A,b-,340.5,86.0
2725,C,A,3,b-,"(0, 3, 6, 9)",viio7,E-,A,b-,340.625,86.0
2726,C,A,3,b-,"(0, 3, 6, 9)",viio7,E-,A,b-,340.75,86.0
2727,C,A,3,b-,"(0, 3, 6, 9)",viio7,E-,A,b-,340.875,86.0
2728,C,A,4,b-,"(0, 3, 5, 9)",viio7,E-,A,b-,341.0,86.0
2729,C,A,4,b-,"(0, 3, 5, 9)",viio7,E-,A,b-,341.125,86.0
2730,C,A,4,b-,"(0, 3, 5, 9)",viio7,E-,A,b-,341.25,86.0
2731,C,A,4,b-,"(0, 3, 5, 9)",viio7,E-,A,b-,341.375,86.0
2732,C,E-,4,b-,"(0, 3, 5, 9)",viio7,E-,A,b-,341.5,86.0
2733,C,E-,4,b-,"(0, 3, 5, 9)",viio7,E-,A,b-,341.625,86.0
2734,C,E-,4,b-,"(0, 3, 5, 9)",viio7,E-,A,b-,341.75,86.0
2735,C,E-,4,b-,"(0, 3, 5, 9)",viio7,E-,A,b-,341.875,86.0
2736,C,E-,5,b-,"(0, 3, 5, 9)",viio7,E-,A,b-,342.0,86.0
2737,C,E-,5,b-,"(0, 3, 5, 9)",viio7,E-,A,b-,342.125,86.0
2738,C,E-,5,b-,"(0, 3, 5, 9)",viio7,E-,A,b-,342.25,86.0
2739,C,E-,5,b-,"(0, 3, 5, 9)",viio7,E-,A,b-,342.375,86.0
2740,C,E-,5,b-,"(0, 3, 5, 9)",viio7,E-,A,b-,342.5,86.0
2741,C,E-,5,b-,"(0, 3, 5, 9)",viio7,E-,A,b-,342.625,86.0
2742,C,E-,5,b-,"(0, 3, 5, 9)",viio7,E-,A,b-,342.75,86.0
2743,C,E-,5,b-,"(0, 3, 5, 9)",viio7,E-,A,b-,342.875,86.0
2744,C,E-,5,b-,"(0, 3, 5, 9)",viio7,E-,A,b-,343.0,86.0
2745,C,E-,5,b-,"(0, 3, 5, 9)",viio7,E-,A,b-,343.125,86.0
2746,C,E-,5,b-,"(0, 3, 5, 9)",viio7,E-,A,b-,343.25,86.0
2747,C,E-,5,b-,"(0, 3, 5, 9)",viio7,E-,A,b-,343.375,86.0
2748,C,E-,5,b-,"(0, 3, 5, 9)",viio7,E-,A,b-,343.5,86.0
2749,C,F,5,b-,"(0, 3, 5, 9)",viio7,E-,A,b-,343.625,86.0
2750,C,F,5,b-,"(0, 3, 5, 9)",viio7,E-,A,b-,343.75,86.0
2751,C,F,5,b-,"(0, 3, 5, 9)",viio7,E-,A,b-,343.875,86.0
2752,F,B-,0,b-,"(1, 5, 10)",i,B-,D-,b-,344.0,87.0
2753,F,B-,1,b-,"(1, 5, 10)",i,B-,D-,b-,344.125,87.0
2754,F,B-,2,b-,"(1, 5, 10)",i,B-,D-,b-,344.25,87.0
2755,F,B-,2,b-,"(1, 5, 10)",i,B-,D-,b-,344.375,87.0
2756,F,B-,3,b-,"(1, 5, 10)",i,B-,D-,b-,344.5,87.0
2757,F,B-,3,b-,"(1, 5, 10)",i,B-,D-,b-,344.625,87.0
2758,F,B-,3,b-,"(1, 5, 10)",i,B-,D-,b-,344.75,87.0
2759,F,B-,3,b-,"(1, 5, 10)",i,B-,D-,b-,344.875,87.0
2760,F,B-,4,b-,"(1, 5, 10)",i,B-,D-,b-,345.0,87.0
2761,F,B-,4,b-,"(1, 5, 10)",i,B-,D-,b-,345.125,87.0
2762,F,B-,4,b-,"(1, 5, 10)",i,B-,D-,b-,345.25,87.0
2763,F,B-,4,b-,"(1, 5, 10)",i,B-,D-,b-,345.375,87.0
2764,F,B-,4,b-,"(1, 5, 10)",i,B-,D-,b-,345.5,87.0
2765,F,B-,4,b-,"(1, 5, 10)",i,B-,D-,b-,345.625,87.0
2766,F,B-,4,b-,"(1, 5, 10)",i,B-,D-,b-,345.75,87.0
2767,F,B-,4,b-,"(1, 5, 10)",i,B-,D-,b-,345.875,87.0
2768,F,B-,5,b-,"(1, 5, 10)",i,B-,D-,b-,346.0,87.0
2769,F,B-,5,b-,"(1, 5, 10)",i,B-,D-,b-,346.125,87.0
2770,F,B-,5,b-,"(1, 5, 10)",i,B-,D-,b-,346.25,87.0
2771,F,B-,5,b-,"(1, 5, 10)",i,B-,D-,b-,346.375,87.0
2772,F,B-,5,b-,"(1, 5, 10)",i,B-,D-,b-,346.5,87.0
2773,F,B-,5,b-,"(1, 5, 10)",i,B-,D-,b-,346.625,87.0
2774,F,B-,5,b-,"(1, 5, 10)",i,B-,D-,b-,346.75,87.0
2775,F,B-,5,b-,"(1, 5, 10)",i,B-,D-,b-,346.875,87.0
2776,F,B-,5,b-,"(1, 5, 10)",i,B-,D-,b-,347.0,87.0
2777,F,B-,5,b-,"(1, 5, 10)",i,B-,D-,b-,347.125,87.0
2778,F,B-,5,b-,"(1, 5, 10)",i,B-,D-,b-,347.25,87.0
2779,F,B-,5,b-,"(1, 5, 10)",i,B-,D-,b-,347.375,87.0
2780,F,B-,5,b-,"(1, 5, 10)",i,B-,D-,b-,347.5,87.0
2781,F,B-,5,b-,"(1, 5, 10)",i,B-,D-,b-,347.625,87.0
2782,F,B-,5,b-,"(1, 5, 10)",i,B-,D-,b-,347.75,87.0
2783,F,B-,5,b-,"(1, 5, 10)",i,B-,D-,b-,347.875,87.0
2784,G-,B-,0,b-,"(3, 6, 10)",iv,E-,E-,b-,348.0,88.0
2785,G-,B-,1,b-,"(3, 6, 10)",iv,E-,E-,b-,348.125,88.0
2786,G-,B-,2,b-,"(3, 6, 10)",iv,E-,E-,b-,348.25,88.0
2787,G-,B-,2,b-,"(3, 6, 10)",iv,E-,E-,b-,348.375,88.0
2788,G-,B-,3,b-,"(3, 6, 10)",iv,E-,E-,b-,348.5,88.0
2789,G-,B-,3,b-,"(3, 6, 10)",iv,E-,E-,b-,348.625,88.0
2790,G-,B-,3,b-,"(3, 6, 10)",iv,E-,E-,b-,348.75,88.0
2791,G-,B-,3,b-,"(3, 6, 10)",iv,E-,E-,b-,348.875,88.0
2792,G-,B-,4,b-,"(3, 6, 10)",iv,E-,G-,b-,349.0,88.0
2793,G-,B-,4,b-,"(3, 6, 10)",iv,E-,G-,b-,349.125,88.0
2794,G-,B-,4,b-,"(3, 6, 10)",iv,E-,G-,b-,349.25,88.0
2795,G-,B-,4,b-,"(3, 6, 10)",iv,E-,G-,b-,349.375,88.0
2796,G-,B-,4,b-,"(3, 6, 10)",iv,E-,G-,b-,349.5,88.0
2797,G-,B-,4,b-,"(3, 6, 10)",iv,E-,G-,b-,349.625,88.0
2798,G-,B-,4,b-,"(3, 6, 10)",iv,E-,G-,b-,349.75,88.0
2799,G-,B-,4,b-,"(3, 6, 10)",iv,E-,G-,b-,349.875,88.0
2800,G-,B-,5,b-,"(3, 6, 10)",iv,E-,G-,b-,350.0,88.0
2801,G-,B-,5,b-,"(3, 6, 10)",iv,E-,G-,b-,350.125,88.0
2802,G-,B-,5,b-,"(3, 6, 10)",iv,E-,G-,b-,350.25,88.0
2803,G-,B-,5,b-,"(3, 6, 10)",iv,E-,G-,b-,350.375,88.0
2804,G-,B-,5,b-,"(3, 6, 10)",iv,E-,G-,b-,350.5,88.0
2805,G-,B-,5,b-,"(3, 6, 10)",iv,E-,G-,b-,350.625,88.0
2806,G-,B-,5,b-,"(3, 6, 10)",iv,E-,G-,b-,350.75,88.0
2807,G-,B-,5,b-,"(3, 6, 10)",iv,E-,G-,b-,350.875,88.0
2808,G-,B-,5,b-,"(3, 6, 10)",iv,E-,G-,b-,351.0,88.0
2809,G-,B-,5,b-,"(3, 6, 10)",iv,E-,G-,b-,351.125,88.0
2810,G-,B-,5,b-,"(3, 6, 10)",iv,E-,G-,b-,351.25,88.0
2811,G-,B-,5,b-,"(3, 6, 10)",iv,E-,G-,b-,351.375,88.0
2812,G-,B-,5,b-,"(3, 6, 10)",iv,E-,G-,b-,351.5,88.0
2813,G-,B-,5,b-,"(3, 6, 10)",iv,B-,G-,b-,351.625,88.0
2814,G-,B-,5,b-,"(3, 6, 10)",iv,B-,G-,b-,351.75,88.0
2815,G-,B-,5,b-,"(3, 6, 10)",iv,B-,G-,b-,351.875,88.0
2816,F,B-,0,b-,"(1, 5, 10)",i,B-,D-,b-,352.0,89.0
2817,F,B-,1,b-,"(1, 5, 10)",i,B-,D-,b-,352.125,89.0
2818,F,B-,2,b-,"(1, 5, 10)",i,B-,D-,b-,352.25,89.0
2819,F,B-,2,b-,"(1, 5, 10)",i,B-,D-,b-,352.375,89.0
2820,F,B-,3,b-,"(1, 5, 10)",i,B-,D-,b-,352.5,89.0
2821,F,B-,3,b-,"(1, 5, 10)",i,B-,D-,b-,352.625,89.0
2822,F,B-,3,b-,"(1, 5, 10)",i,B-,D-,b-,352.75,89.0
2823,F,B-,3,b-,"(1, 5, 10)",i,B-,D-,b-,352.875,89.0
2824,F,B-,4,b-,"(1, 5, 10)",i,B-,D-,b-,353.0,89.0
2825,F,B-,4,b-,"(1, 5, 10)",i,B-,D-,b-,353.125,89.0
2826,F,B-,4,b-,"(1, 5, 10)",i,B-,D-,b-,353.25,89.0
2827,F,B-,4,b-,"(1, 5, 10)",i,B-,D-,b-,353.375,89.0
2828,F,B-,4,b-,"(1, 5, 10)",i,B-,D-,b-,353.5,89.0
2829,F,B-,4,b-,"(1, 5, 10)",i,B-,D-,b-,353.625,89.0
2830,F,B-,4,b-,"(1, 5, 10)",i,B-,D-,b-,353.75,89.0
2831,F,B-,4,b-,"(1, 5, 10)",i,B-,D-,b-,353.875,89.0
2832,F,B-,5,b-,"(1, 5, 10)",i,B-,D-,b-,354.0,89.0
2833,F,B-,5,b-,"(1, 5, 10)",i,B-,D-,b-,354.125,89.0
2834,F,B-,5,b-,"(1, 5, 10)",i,B-,D-,b-,354.25,89.0
2835,F,B-,5,b-,"(1, 5, 10)",i,B-,D-,b-,354.375,89.0
2836,F,B-,5,b-,"(1, 5, 10)",i,B-,D-,b-,354.5,89.0
2837,F,B-,5,b-,"(1, 5, 10)",i,B-,D-,b-,354.625,89.0
2838,F,B-,5,b-,"(1, 5, 10)",i,B-,D-,b-,354.75,89.0
2839,F,B-,5,b-,"(1, 5, 10)",i,B-,D-,b-,354.875,89.0
2840,F,B-,5,b-,"(1, 5, 10)",i,B-,D-,b-,355.0,89.0
2841,F,B-,5,b-,"(1, 5, 10)",i,B-,D-,b-,355.125,89.0
2842,F,B-,5,b-,"(1, 5, 10)",i,B-,D-,b-,355.25,89.0
2843,F,B-,5,b-,"(1, 5, 10)",i,B-,D-,b-,355.375,89.0
2844,F,B-,5,b-,"(1, 5, 10)",i,B-,D-,b-,355.5,89.0
2845,F,B-,5,b-,"(1, 5, 10)",i,B-,D-,b-,355.625,89.0
2846,F,B-,5,b-,"(1, 5, 10)",i,B-,D-,b-,355.75,89.0
2847,F,B-,5,b-,"(1, 5, 10)",i,B-,D-,b-,355.875,89.0
2848,C,F,0,b-,"(0, 5, 9)",V,F,A,b-,356.0,90.0
2849,C,F,1,b-,"(0, 5, 9)",V,F,A,b-,356.125,90.0
2850,C,F,2,b-,"(0, 5, 9)",V,F,A,b-,356.25,90.0
2851,C,F,2,b-,"(0, 5, 9)",V,F,A,b-,356.375,90.0
2852,C,F,3,b-,"(0, 5, 9)",V,F,A,b-,356.5,90.0
2853,C,F,3,b-,"(0, 5, 9)",V,F,A,b-,356.625,90.0
2854,C,F,3,b-,"(0, 5, 9)",V,F,A,b-,356.75,90.0
2855,C,F,3,b-,"(0, 5, 9)",V,F,A,b-,356.875,90.0
2856,C,F,4,b-,"(1, 5, 10)",V,B-,B-,b-,357.0,90.0
2857,C,F,4,b-,"(1, 5, 10)",V,B-,B-,b-,357.125,90.0
2858,C,F,4,b-,"(1, 5, 10)",V,B-,B-,b-,357.25,90.0
2859,C,F,4,b-,"(1, 5, 10)",V,B-,B-,b-,357.375,90.0
2860,C,F,4,b-,"(1, 5, 10)",V,B-,B-,b-,357.5,90.0
2861,C,F,4,b-,"(1, 5, 10)",V,B-,A,b-,357.625,90.0
2862,C,F,4,b-,"(1, 5, 10)",V,B-,A,b-,357.75,90.0
2863,C,F,4,b-,"(1, 5, 10)",V,B-,A,b-,357.875,90.0
2864,C,F,0,b-,"(0, 5, 9)",V,F,A,b-,358.0,90.0
2865,C,F,1,b-,"(0, 5, 9)",V,F,A,b-,358.125,90.0
2866,C,F,2,b-,"(0, 5, 9)",V,F,A,b-,358.25,90.0
2867,C,F,2,b-,"(0, 5, 9)",V,F,A,b-,358.375,90.0
2868,C,F,3,b-,"(0, 5, 9)",V,F,A,b-,358.5,90.0
2869,C,F,3,b-,"(0, 5, 9)",V,F,A,b-,358.625,90.0
2870,C,F,3,b-,"(0, 5, 9)",V,F,A,b-,358.75,90.0
2871,C,F,3,b-,"(0, 5, 9)",V,F,A,b-,358.875,90.0
2872,C,F,0,b-,"(1, 5, 10)",V,B-,B-,b-,359.0,90.0
2873,C,F,1,b-,"(1, 5, 10)",i,B-,B-,b-,359.125,90.0
2874,C,F,2,b-,"(1, 5, 10)",i,B-,D-,b-,359.25,90.0
2875,C,F,2,b-,"(1, 5, 10)",i,B-,D-,b-,359.375,90.0
2876,C,F,3,b-,"(1, 5, 10)",V,B-,B-,b-,359.5,90.0
2877,C,F,3,b-,"(1, 5, 10)",V,B-,B-,b-,359.625,90.0
2878,C,F,3,b-,"(1, 5, 10)",V,B-,B-,b-,359.75,90.0
2879,C,F,3,b-,"(1, 5, 10)",V,B-,B-,b-,359.875,90.0
2880,C,F,0,b-,"(0, 5, 9)",V,F,A,b-,360.0,91.0
2881,C,F,1,b-,"(0, 5, 9)",V,F,A,b-,360.125,91.0
2882,C,F,2,b-,"(0, 5, 9)",V,F,A,b-,360.25,91.0
2883,C,F,2,b-,"(0, 5, 9)",V,F,A,b-,360.375,91.0
2884,C,F,3,b-,"(0, 5, 9)",V,F,A,b-,360.5,91.0
2885,C,F,3,b-,"(0, 5, 9)",V,F,A,b-,360.625,91.0
2886,C,F,3,b-,"(0, 5, 9)",V,F,A,b-,360.75,91.0
2887,C,F,3,b-,"(0, 5, 9)",V,F,A,b-,360.875,91.0
2888,C,F,4,b-,"(0, 5, 9)",V,F,A,b-,361.0,91.0
2889,C,F,4,b-,"(0, 5, 9)",V,F,A,b-,361.125,91.0
2890,C,F,4,b-,"(0, 5, 9)",V,F,A,b-,361.25,91.0
2891,C,F,4,b-,"(0, 5, 9)",V,F,A,b-,361.375,91.0
2892,C,F,4,b-,"(0, 5, 9)",V,F,A,b-,361.5,91.0
2893,C,F,4,b-,"(0, 5, 9)",V,F,A,b-,361.625,91.0
2894,C,F,4,b-,"(0, 5, 9)",V,F,A,b-,361.75,91.0
2895,C,F,4,b-,"(0, 5, 9)",V,F,A,b-,361.875,91.0
2896,C,F,5,b-,"(0, 5, 9)",V,F,A,b-,362.0,91.0
2897,C,F,5,b-,"(0, 5, 9)",V,F,A,b-,362.125,91.0
2898,C,F,5,b-,"(0, 5, 9)",V,F,A,b-,362.25,91.0
2899,C,F,5,b-,"(0, 5, 9)",V,F,A,b-,362.375,91.0
2900,C,F,5,b-,"(0, 5, 9)",V,F,A,b-,362.5,91.0
2901,C,F,5,b-,"(0, 5, 9)",V,F,A,b-,362.625,91.0
2902,C,F,5,b-,"(0, 5, 9)",V,F,A,b-,362.75,91.0
2903,C,F,5,b-,"(0, 5, 9)",V,F,A,b-,362.875,91.0
2904,C,F,5,b-,"(0, 5, 9)",V,F,A,b-,363.0,91.0
2905,C,F,5,b-,"(0, 5, 9)",V,F,A,b-,363.125,91.0
2906,C,F,5,b-,"(0, 5, 9)",V,F,A,b-,363.25,91.0
2907,C,F,5,b-,"(0, 5, 9)",V,F,A,b-,363.375,91.0
2908,C,F,5,b-,"(0, 5, 9)",V,F,A,b-,363.5,91.0
2909,C,F,5,b-,"(0, 5, 9)",V,F,A,b-,363.625,91.0
2910,C,F,5,b-,"(0, 5, 9)",V,F,A,b-,363.75,91.0
2911,C,F,5,b-,"(0, 5, 9)",V,F,A,b-,363.875,91.0
2912,C,F,0,b-,"(0, 5, 9)",V,F,A,b-,364.0,92.0
2913,C,F,1,b-,"(0, 5, 9)",V,F,A,b-,364.125,92.0
2914,C,F,2,b-,"(0, 5, 9)",V,F,A,b-,364.25,92.0
2915,C,F,2,b-,"(0, 5, 9)",V,F,A,b-,364.375,92.0
2916,C,F,3,b-,"(0, 5, 9)",V,F,A,b-,364.5,92.0
2917,C,F,3,b-,"(0, 5, 9)",V,F,A,b-,364.625,92.0
2918,C,F,3,b-,"(0, 5, 9)",V,F,A,b-,364.75,92.0
2919,C,F,3,b-,"(0, 5, 9)",V,F,A,b-,364.875,92.0
2920,C,F,4,b-,"(0, 5, 9)",V,F,A,b-,365.0,92.0
2921,C,F,4,b-,"(0, 5, 9)",V,F,A,b-,365.125,92.0
2922,C,F,4,b-,"(0, 5, 9)",V,F,A,b-,365.25,92.0
2923,C,F,4,b-,"(0, 5, 9)",V,F,A,b-,365.375,92.0
2924,C,F,4,b-,"(0, 5, 9)",V,F,A,b-,365.5,92.0
2925,C,F,4,b-,"(0, 5, 9)",V,F,A,b-,365.625,92.0
2926,C,F,4,b-,"(0, 5, 9)",V,F,A,b-,365.75,92.0
2927,C,F,4,b-,"(0, 5, 9)",V,F,A,b-,365.875,92.0
2928,C,F,5,b-,"(0, 5, 9)",V,F,A,b-,366.0,92.0
2929,C,F,5,b-,"(0, 5, 9)",V,F,A,b-,366.125,92.0
2930,C,F,5,b-,"(0, 5, 9)",V,F,A,b-,366.25,92.0
2931,C,F,5,b-,"(0, 5, 9)",V,F,A,b-,366.375,92.0
2932,C,F,5,b-,"(0, 5, 9)",V,F,A,b-,366.5,92.0
2933,C,F,5,b-,"(0, 5, 9)",V,F,A,b-,366.625,92.0
2934,C,F,5,b-,"(0, 5, 9)",V,F,A,b-,366.75,92.0
2935,C,F,5,b-,"(0, 5, 9)",V,F,A,b-,366.875,92.0
2936,C,F,5,b-,"(0, 5, 9)",V,F,A,b-,367.0,92.0
2937,C,F,5,b-,"(0, 5, 9)",V,F,A,b-,367.125,92.0
2938,C,F,5,b-,"(0, 5, 9)",V,F,A,b-,367.25,92.0
2939,C,F,5,b-,"(0, 5, 9)",V,F,A,b-,367.375,92.0
2940,C,F,5,b-,"(0, 5, 9)",V,F,A,b-,367.5,92.0
2941,C,F,5,b-,"(0, 5, 9)",V,F,A,b-,367.625,92.0
2942,C,F,5,b-,"(0, 5, 9)",V,F,A,b-,367.75,92.0
2943,C,F,5,b-,"(0, 5, 9)",V,F,A,b-,367.875,92.0
2944,A,E-,0,b-,"(0, 3, 5, 9)",viio7,E-,G-,b-,368.0,93.0
2945,A,E-,1,b-,"(0, 3, 5, 9)",viio7,E-,G-,b-,368.125,93.0
2946,A,E-,2,b-,"(0, 3, 5, 9)",viio7,E-,G-,b-,368.25,93.0
2947,A,E-,2,b-,"(0, 3, 5, 9)",viio7,E-,G-,b-,368.375,93.0
2948,A,E-,3,b-,"(0, 3, 5, 9)",viio7,E-,G-,b-,368.5,93.0
2949,A,E-,3,b-,"(0, 3, 5, 9)",viio7,E-,G-,b-,368.625,93.0
2950,A,E-,3,b-,"(0, 3, 5, 9)",viio7,E-,G-,b-,368.75,93.0
2951,A,E-,3,b-,"(0, 3, 5, 9)",viio7,E-,G-,b-,368.875,93.0
2952,C,E-,4,b-,"(0, 3, 5, 9)",viio7,E-,G-,b-,369.0,93.0
2953,C,E-,4,b-,"(0, 3, 5, 9)",viio7,E-,G-,b-,369.125,93.0
2954,C,E-,4,b-,"(0, 3, 5, 9)",viio7,E-,G-,b-,369.25,93.0
2955,C,E-,4,b-,"(0, 3, 5, 9)",viio7,E-,G-,b-,369.375,93.0
2956,C,E-,4,b-,"(0, 3, 5, 9)",viio7,E-,G-,b-,369.5,93.0
2957,C,E-,4,b-,"(0, 3, 5, 9)",viio7,E-,G-,b-,369.625,93.0
2958,C,E-,4,b-,"(0, 3, 5, 9)",viio7,E-,G-,b-,369.75,93.0
2959,C,E-,4,b-,"(0, 3, 5, 9)",viio7,E-,G-,b-,369.875,93.0
2960,C,E-,5,b-,"(0, 3, 5, 9)",viio7,E-,G-,b-,370.0,93.0
2961,C,E-,5,b-,"(0, 3, 5, 9)",iv,E-,G-,b-,370.125,93.0
2962,C,E-,5,b-,"(0, 3, 5, 9)",iv,E-,G-,b-,370.25,93.0
2963,C,E-,5,b-,"(0, 3, 5, 9)",iv,E-,G-,b-,370.375,93.0
2964,C,E-,5,b-,"(0, 3, 5, 9)",iv,E-,G-,b-,370.5,93.0
2965,C,E-,5,b-,"(0, 3, 5, 9)",iv,E-,G-,b-,370.625,93.0
2966,C,E-,5,b-,"(0, 3, 5, 9)",iv,E-,G-,b-,370.75,93.0
2967,C,E-,5,b-,"(0, 3, 5, 9)",iv,E-,G-,b-,370.875,93.0
2968,C,E-,5,b-,"(0, 3, 5, 9)",V7,E-,G-,b-,371.0,93.0
2969,C,E-,5,b-,"(0, 3, 5, 9)",V7,E-,G-,b-,371.125,93.0
2970,C,E-,5,b-,"(0, 3, 5, 9)",V7,E-,G-,b-,371.25,93.0
2971,C,E-,5,b-,"(0, 3, 5, 9)",V7,E-,G-,b-,371.375,93.0
2972,C,E-,5,b-,"(0, 3, 5, 9)",V7,E-,A,b-,371.5,93.0
2973,C,E-,5,b-,"(0, 3, 5, 9)",V7,E-,A,b-,371.625,93.0
2974,C,E-,5,b-,"(0, 3, 5, 9)",V7,E-,A,b-,371.75,93.0
2975,C,E-,5,b-,"(0, 3, 5, 9)",V7,E-,A,b-,371.875,93.0
2976,F,B-,0,b-,"(1, 5, 10)",i,B-,D-,b-,372.0,94.0
2977,F,B-,1,b-,"(1, 5, 10)",i,B-,D-,b-,372.125,94.0
2978,F,B-,2,b-,"(1, 5, 10)",i,B-,D-,b-,372.25,94.0
2979,F,B-,2,b-,"(1, 5, 10)",i,B-,D-,b-,372.375,94.0
2980,F,B-,3,b-,"(1, 5, 10)",i,B-,D-,b-,372.5,94.0
2981,F,B-,3,b-,"(1, 5, 10)",i,B-,D-,b-,372.625,94.0
2982,F,B-,3,b-,"(1, 5, 10)",i,B-,D-,b-,372.75,94.0
2983,F,B-,3,b-,"(1, 5, 10)",i,B-,D-,b-,372.875,94.0
2984,F,B-,4,b-,"(1, 5, 10)",i,B-,D-,b-,373.0,94.0
2985,F,B-,4,b-,"(1, 5, 10)",i,B-,D-,b-,373.125,94.0
2986,F,B-,4,b-,"(1, 5, 10)",i,B-,D-,b-,373.25,94.0
2987,F,B-,4,b-,"(1, 5, 10)",i,B-,D-,b-,373.375,94.0
2988,F,B-,4,b-,"(1, 5, 10)",i,B-,D-,b-,373.5,94.0
2989,F,B-,4,b-,"(1, 5, 10)",i,B-,D-,b-,373.625,94.0
2990,F,B-,4,b-,"(1, 5, 10)",i,B-,D-,b-,373.75,94.0
2991,F,B-,4,b-,"(1, 5, 10)",i,B-,D-,b-,373.875,94.0
2992,F,B-,5,b-,"(1, 5, 10)",i,B-,D-,b-,374.0,94.0
2993,F,B-,5,b-,"(1, 5, 10)",i,B-,D-,b-,374.125,94.0
2994,F,B-,5,b-,"(1, 5, 10)",i,B-,D-,b-,374.25,94.0
2995,F,B-,5,b-,"(1, 5, 10)",i,B-,D-,b-,374.375,94.0
2996,F,B-,5,b-,"(1, 5, 10)",i,B-,D-,b-,374.5,94.0
2997,F,B-,5,b-,"(1, 5, 10)",i,B-,D-,b-,374.625,94.0
2998,F,B-,5,b-,"(1, 5, 10)",i,B-,D-,b-,374.75,94.0
2999,F,B-,5,b-,"(1, 5, 10)",i,B-,D-,b-,374.875,94.0
3000,F,B-,5,b-,"(1, 5, 10)",i,B-,D-,b-,375.0,94.0
3001,F,B-,5,b-,"(1, 5, 10)",i,B-,D-,b-,375.125,94.0
3002,F,B-,5,b-,"(1, 5, 10)",i,B-,D-,b-,375.25,94.0
3003,F,B-,5,b-,"(1, 5, 10)",i,B-,D-,b-,375.375,94.0
3004,F,B-,5,b-,"(1, 5, 10)",i,B-,D-,b-,375.5,94.0
3005,F,B-,5,b-,"(1, 5, 10)",i,B-,D-,b-,375.625,94.0
3006,F,B-,5,b-,"(1, 5, 10)",i,B-,D-,b-,375.75,94.0
3007,F,B-,5,b-,"(1, 5, 10)",i,B-,D-,b-,375.875,94.0
3008,C,F,0,b-,"(0, 5, 9)",V,F,A,b-,376.0,95.0
3009,C,F,1,b-,"(0, 5, 9)",V,F,A,b-,376.125,95.0
3010,C,F,2,b-,"(0, 5, 9)",V,F,A,b-,376.25,95.0
3011,C,F,2,b-,"(0, 5, 9)",V,F,A,b-,376.375,95.0
3012,C,F,3,b-,"(0, 5, 9)",V,F,A,b-,376.5,95.0
3013,C,F,3,b-,"(0, 5, 9)",V,F,A,b-,376.625,95.0
3014,C,F,3,b-,"(0, 5, 9)",V,F,A,b-,376.75,95.0
3015,C,F,3,b-,"(0, 5, 9)",V,F,A,b-,376.875,95.0
3016,C,F,4,b-,"(0, 3, 5, 9)",V7,E-,A,b-,377.0,95.0
3017,C,F,4,b-,"(0, 3, 5, 9)",V7,E-,A,b-,377.125,95.0
3018,C,F,4,b-,"(0, 3, 5, 9)",V7,E-,A,b-,377.25,95.0
3019,C,F,4,b-,"(0, 3, 5, 9)",V7,E-,A,b-,377.375,95.0
3020,C,F,4,b-,"(0, 3, 5, 9)",V7,E-,A,b-,377.5,95.0
3021,C,F,4,b-,"(0, 3, 5, 9)",V7,E-,A,b-,377.625,95.0
3022,C,F,4,b-,"(0, 3, 5, 9)",V7,E-,A,b-,377.75,95.0
3023,C,F,4,b-,"(0, 3, 5, 9)",V7,E-,A,b-,377.875,95.0
3024,C,F,5,b-,"(0, 3, 5, 9)",V7,E-,A,b-,378.0,95.0
3025,C,F,5,b-,"(0, 3, 5, 9)",V7,E-,A,b-,378.125,95.0
3026,C,F,5,b-,"(0, 3, 5, 9)",V7,E-,A,b-,378.25,95.0
3027,C,F,5,b-,"(0, 3, 5, 9)",V7,E-,A,b-,378.375,95.0
3028,C,F,5,b-,"(0, 3, 5, 9)",V7,E-,A,b-,378.5,95.0
3029,C,F,5,b-,"(0, 3, 5, 9)",V7,E-,A,b-,378.625,95.0
3030,C,F,5,b-,"(0, 3, 5, 9)",V7,E-,A,b-,378.75,95.0
3031,C,F,5,b-,"(0, 3, 5, 9)",V7,E-,A,b-,378.875,95.0
3032,C,F,5,b-,"(0, 3, 5, 9)",V7,E-,A,b-,379.0,95.0
3033,C,F,5,b-,"(0, 3, 5, 9)",V7,E-,A,b-,379.125,95.0
3034,C,F,5,b-,"(0, 3, 5, 9)",V7,E-,A,b-,379.25,95.0
3035,C,F,5,b-,"(0, 3, 5, 9)",V7,E-,A,b-,379.375,95.0
3036,C,F,5,b-,"(0, 3, 5, 9)",V7,E-,A,b-,379.5,95.0
3037,C,F,5,b-,"(0, 3, 5, 9)",V7,E-,A,b-,379.625,95.0
3038,C,F,5,b-,"(0, 3, 5, 9)",V7,E-,A,b-,379.75,95.0
3039,C,F,5,b-,"(0, 3, 5, 9)",V7,E-,A,b-,379.875,95.0
3040,F,B-,0,b-,"(1, 5, 10)",i,B-,D-,b-,380.0,96.0
3041,F,B-,1,b-,"(1, 5, 10)",i,B-,D-,b-,380.125,96.0
3042,F,B-,2,b-,"(1, 5, 10)",i,B-,D-,b-,380.25,96.0
3043,F,B-,2,b-,"(1, 5, 10)",i,B-,D-,b-,380.375,96.0
3044,F,B-,3,b-,"(1, 5, 10)",i,B-,D-,b-,380.5,96.0
3045,F,B-,3,b-,"(1, 5, 10)",i,B-,D-,b-,380.625,96.0
3046,F,B-,3,b-,"(1, 5, 10)",i,B-,D-,b-,380.75,96.0
3047,F,B-,3,b-,"(1, 5, 10)",i,B-,D-,b-,380.875,96.0
3048,F,B-,4,b-,"(1, 5, 10)",i,B-,D-,b-,381.0,96.0
3049,F,B-,4,b-,"(1, 5, 10)",i,B-,D-,b-,381.125,96.0
3050,F,B-,4,b-,"(1, 5, 10)",i,B-,D-,b-,381.25,96.0
3051,F,B-,4,b-,"(1, 5, 10)",i,B-,D-,b-,381.375,96.0
3052,F,B-,4,b-,"(1, 5, 10)",i,B-,D-,b-,381.5,96.0
3053,F,B-,4,b-,"(1, 5, 10)",i,B-,D-,b-,381.625,96.0
3054,F,B-,4,b-,"(1, 5, 10)",i,B-,D-,b-,381.75,96.0
3055,F,B-,4,b-,"(1, 5, 10)",i,B-,D-,b-,381.875,96.0
3056,F,B-,5,b-,"(1, 5, 10)",i,B-,D-,b-,382.0,96.0
3057,F,B-,5,b-,"(1, 5, 10)",i,B-,D-,b-,382.125,96.0
3058,F,B-,5,b-,"(1, 5, 10)",i,B-,D-,b-,382.25,96.0
3059,F,B-,5,b-,"(1, 5, 10)",i,B-,D-,b-,382.375,96.0
3060,F,B-,5,b-,"(1, 5, 10)",i,B-,D-,b-,382.5,96.0
3061,F,B-,5,b-,"(1, 5, 10)",i,B-,D-,b-,382.625,96.0
3062,F,B-,5,b-,"(1, 5, 10)",i,B-,D-,b-,382.75,96.0
3063,F,B-,5,b-,"(1, 5, 10)",i,B-,D-,b-,382.875,96.0
3064,F,B-,5,b-,"(1, 5, 10)",i,B-,D-,b-,383.0,96.0
3065,F,B-,5,b-,"(1, 5, 10)",i,B-,D-,b-,383.125,96.0
3066,F,B-,5,b-,"(1, 5, 10)",i,B-,D-,b-,383.25,96.0
3067,F,B-,5,b-,"(1, 5, 10)",i,B-,D-,b-,383.375,96.0
3068,F,B-,5,b-,"(1, 5, 10)",i,B-,D-,b-,383.5,96.0
3069,F,B-,5,b-,"(1, 5, 10)",i,B-,D-,b-,383.625,96.0
3070,F,B-,5,b-,"(1, 5, 10)",i,B-,D-,b-,383.75,96.0
3071,F,B-,5,b-,"(1, 5, 10)",i,B-,D-,b-,383.875,96.0
3072,C,F,0,b-,"(0, 5, 9)",V,F,A,b-,384.0,97.0
3073,C,F,1,b-,"(0, 5, 9)",V,F,A,b-,384.125,97.0
3074,C,F,2,b-,"(0, 5, 9)",V,F,A,b-,384.25,97.0
3075,C,F,2,b-,"(0, 5, 9)",V,F,A,b-,384.375,97.0
3076,C,F,3,b-,"(0, 5, 9)",V,F,A,b-,384.5,97.0
3077,C,F,3,b-,"(0, 5, 9)",V,F,A,b-,384.625,97.0
3078,C,F,3,b-,"(0, 5, 9)",V,F,A,b-,384.75,97.0
3079,C,F,3,b-,"(0, 5, 9)",V,F,A,b-,384.875,97.0
3080,C,F,4,b-,"(0, 3, 5, 9)",V,E-,A,b-,385.0,97.0
3081,C,F,4,b-,"(0, 3, 5, 9)",V,E-,A,b-,385.125,97.0
3082,C,F,4,b-,"(0, 3, 5, 9)",V,E-,A,b-,385.25,97.0
3083,C,F,4,b-,"(0, 3, 5, 9)",V,E-,A,b-,385.375,97.0
3084,C,F,4,b-,"(0, 3, 5, 9)",V,E-,A,b-,385.5,97.0
3085,C,F,4,b-,"(0, 3, 5, 9)",V,E-,A,b-,385.625,97.0
3086,C,F,4,b-,"(0, 3, 5, 9)",V,E-,A,b-,385.75,97.0
3087,C,F,4,b-,"(0, 3, 5, 9)",V,E-,A,b-,385.875,97.0
3088,C,F,5,b-,"(0, 3, 5, 9)",V7,E-,A,b-,386.0,97.0
3089,C,F,5,b-,"(0, 3, 5, 9)",V7,E-,A,b-,386.125,97.0
3090,C,F,5,b-,"(0, 3, 5, 9)",V7,E-,A,b-,386.25,97.0
3091,C,F,5,b-,"(0, 3, 5, 9)",V7,E-,A,b-,386.375,97.0
3092,C,F,5,b-,"(0, 3, 5, 9)",V7,E-,A,b-,386.5,97.0
3093,C,F,5,b-,"(0, 3, 5, 9)",V7,E-,A,b-,386.625,97.0
3094,C,F,5,b-,"(0, 3, 5, 9)",V7,E-,A,b-,386.75,97.0
3095,C,F,5,b-,"(0, 3, 5, 9)",V7,E-,A,b-,386.875,97.0
3096,C,F,5,b-,"(0, 3, 5, 9)",V7,E-,A,b-,387.0,97.0
3097,C,F,5,b-,"(0, 3, 5, 9)",V7,E-,A,b-,387.125,97.0
3098,C,F,5,b-,"(0, 3, 5, 9)",V7,E-,A,b-,387.25,97.0
3099,C,F,5,b-,"(0, 3, 5, 9)",V7,E-,A,b-,387.375,97.0
3100,C,F,5,b-,"(0, 3, 5, 9)",V7,E-,A,b-,387.5,97.0
3101,C,F,5,b-,"(0, 3, 5, 9)",V7,E-,A,b-,387.625,97.0
3102,C,F,5,b-,"(0, 3, 5, 9)",V7,E-,A,b-,387.75,97.0
3103,C,F,5,b-,"(0, 3, 5, 9)",V7,E-,A,b-,387.875,97.0
3104,F,B-,0,b-,"(1, 5, 10)",i,B-,D-,b-,388.0,98.0
3105,F,B-,1,b-,"(1, 5, 10)",i,B-,D-,b-,388.125,98.0
3106,F,B-,2,b-,"(1, 5, 10)",i,B-,D-,b-,388.25,98.0
3107,F,B-,2,b-,"(1, 5, 10)",i,B-,D-,b-,388.375,98.0
3108,F,B-,3,b-,"(1, 5, 10)",i,B-,D-,b-,388.5,98.0
3109,F,B-,3,b-,"(1, 5, 10)",i,B-,D-,b-,388.625,98.0
3110,F,B-,3,b-,"(1, 5, 10)",i,B-,D-,b-,388.75,98.0
3111,F,B-,3,b-,"(1, 5, 10)",i,B-,D-,b-,388.875,98.0
3112,F,B-,4,b-,"(1, 5, 10)",i,B-,D-,b-,389.0,98.0
3113,F,B-,4,b-,"(1, 5, 10)",i,B-,D-,b-,389.125,98.0
3114,F,B-,4,b-,"(1, 5, 10)",i,B-,D-,b-,389.25,98.0
3115,F,B-,4,b-,"(1, 5, 10)",i,B-,D-,b-,389.375,98.0
3116,F,B-,4,b-,"(1, 5, 10)",i,B-,D-,b-,389.5,98.0
3117,F,B-,4,b-,"(1, 5, 10)",i,B-,D-,b-,389.625,98.0
3118,F,B-,4,b-,"(1, 5, 10)",i,B-,D-,b-,389.75,98.0
3119,F,B-,4,b-,"(1, 5, 10)",i,B-,D-,b-,389.875,98.0
3120,F,B-,5,b-,"(1, 5, 10)",i,B-,D-,b-,390.0,98.0
3121,F,B-,5,b-,"(1, 5, 10)",i,B-,D-,b-,390.125,98.0
3122,F,B-,5,b-,"(1, 5, 10)",i,B-,D-,b-,390.25,98.0
3123,F,B-,5,b-,"(1, 5, 10)",i,B-,D-,b-,390.375,98.0
3124,F,B-,5,b-,"(1, 5, 10)",i,B-,D-,b-,390.5,98.0
3125,F,B-,5,b-,"(1, 5, 10)",i,B-,D-,b-,390.625,98.0
3126,F,B-,5,b-,"(1, 5, 10)",i,B-,D-,b-,390.75,98.0
3127,F,B-,5,b-,"(1, 5, 10)",i,B-,D-,b-,390.875,98.0
3128,F,B-,5,b-,"(1, 5, 10)",i,B-,D-,b-,391.0,98.0
3129,F,B-,5,b-,"(1, 5, 10)",i,B-,D-,b-,391.125,98.0
3130,F,B-,5,b-,"(1, 5, 10)",i,B-,D-,b-,391.25,98.0
3131,F,B-,5,b-,"(1, 5, 10)",i,B-,D-,b-,391.375,98.0
3132,F,B-,5,b-,"(1, 5, 10)",i,B-,D-,b-,391.5,98.0
3133,F,B-,5,b-,"(1, 5, 10)",i,B-,D-,b-,391.625,98.0
3134,F,B-,5,b-,"(1, 5, 10)",i,B-,D-,b-,391.75,98.0
3135,F,B-,5,b-,"(1, 5, 10)",i,B-,D-,b-,391.875,98.0
3136,F,B-,0,b-,"(2, 5, 10)",I,B-,D,B-,392.0,99.0
3137,F,B-,1,b-,"(2, 5, 10)",I,B-,D,B-,392.125,99.0
3138,F,B-,2,b-,"(2, 5, 10)",I,B-,D,B-,392.25,99.0
3139,F,B-,2,b-,"(2, 5, 10)",I,B-,D,B-,392.375,99.0
3140,F,B-,3,b-,"(2, 5, 10)",I,B-,D,B-,392.5,99.0
3141,F,B-,3,b-,"(2, 5, 10)",I,B-,D,B-,392.625,99.0
3142,F,B-,3,b-,"(2, 5, 10)",I,B-,D,B-,392.75,99.0
3143,F,B-,3,b-,"(2, 5, 10)",I,B-,D,B-,392.875,99.0
3144,F,B-,4,b-,"(2, 5, 10)",I,B-,D,B-,393.0,99.0
3145,F,B-,4,B-,"(2, 5, 10)",I,B-,D,B-,393.125,99.0
3146,F,B-,4,B-,"(2, 5, 10)",I,B-,D,B-,393.25,99.0
3147,F,B-,4,B-,"(2, 5, 10)",I,B-,D,B-,393.375,99.0
3148,F,B-,4,B-,"(2, 5, 10)",I,B-,D,B-,393.5,99.0
3149,F,B-,4,B-,"(2, 5, 10)",I,B-,D,B-,393.625,99.0
3150,F,B-,4,B-,"(2, 5, 10)",I,B-,D,B-,393.75,99.0
3151,F,B-,4,B-,"(2, 5, 10)",I,B-,D,B-,393.875,99.0
3152,F,B-,5,B-,"(2, 5, 10)",I,B-,D,B-,394.0,99.0
3153,F,B-,5,B-,"(2, 5, 10)",I,B-,D,B-,394.125,99.0
3154,F,B-,5,B-,"(2, 5, 10)",I,B-,D,B-,394.25,99.0
3155,F,B-,5,B-,"(2, 5, 10)",I,B-,D,B-,394.375,99.0
3156,F,B-,5,B-,"(2, 5, 10)",I,B-,D,B-,394.5,99.0
3157,F,B-,5,B-,"(2, 5, 10)",I,B-,D,B-,394.625,99.0
3158,F,B-,5,B-,"(2, 5, 10)",I,B-,D,B-,394.75,99.0
3159,F,B-,5,B-,"(2, 5, 10)",I,B-,D,B-,394.875,99.0
3160,F,B-,5,B-,"(2, 5, 10)",I,B-,D,B-,395.0,99.0
3161,F,B-,5,B-,"(2, 5, 10)",I,B-,D,B-,395.125,99.0
3162,F,B-,5,B-,"(2, 5, 10)",I,B-,D,B-,395.25,99.0
3163,F,B-,5,B-,"(2, 5, 10)",I,B-,D,B-,395.375,99.0
3164,F,B-,5,B-,"(2, 5, 10)",I,B-,D,B-,395.5,99.0
3165,B-,B-,5,B-,"(2, 5, 10)",I,B-,D,B-,395.625,99.0
3166,B-,B-,5,B-,"(2, 5, 10)",I,B-,D,B-,395.75,99.0
3167,B-,B-,5,B-,"(2, 5, 10)",I,B-,D,B-,395.875,99.0
3168,A,D,0,B-,"(2, 5, 10)",I,B-,F,B-,396.0,100.0
3169,A,D,1,B-,"(2, 5, 10)",I,B-,F,B-,396.125,100.0
3170,A,D,2,B-,"(2, 5, 10)",I,B-,F,B-,396.25,100.0
3171,A,D,2,B-,"(2, 5, 10)",I,B-,F,B-,396.375,100.0
3172,A,D,3,B-,"(2, 5, 10)",I,B-,F,B-,396.5,100.0
3173,A,D,3,B-,"(2, 5, 10)",I,B-,F,B-,396.625,100.0
3174,A,D,3,B-,"(2, 5, 10)",I,B-,F,B-,396.75,100.0
3175,A,D,3,B-,"(2, 5, 10)",I,B-,F,B-,396.875,100.0
3176,A,D,4,B-,"(2, 5, 10)",I,B-,F,B-,397.0,100.0
3177,A,D,4,B-,"(2, 5, 10)",I,B-,F,B-,397.125,100.0
3178,A,D,4,B-,"(2, 5, 10)",I,B-,F,B-,397.25,100.0
3179,A,D,4,B-,"(2, 5, 10)",I,B-,F,B-,397.375,100.0
3180,A,D,4,B-,"(2, 5, 10)",I,B-,F,B-,397.5,100.0
3181,A,D,4,B-,"(2, 5, 10)",I,B-,F,B-,397.625,100.0
3182,A,D,4,B-,"(2, 5, 10)",I,B-,F,B-,397.75,100.0
3183,A,D,4,B-,"(2, 5, 10)",I,B-,F,B-,397.875,100.0
3184,G,C,0,B-,"(0, 3, 5, 9)",V7,A,E-,B-,398.0,100.0
3185,G,C,1,B-,"(0, 3, 7)",V7,A,E-,B-,398.125,100.0
3186,G,C,2,B-,"(0, 3, 7)",V7,A,E-,B-,398.25,100.0
3187,G,C,2,B-,"(0, 3, 7)",V7,A,E-,B-,398.375,100.0
3188,C,C,3,B-,"(0, 3, 9)",V7,E-,E-,B-,398.5,100.0
3189,C,C,3,B-,"(0, 3, 9)",V7,A,E-,B-,398.625,100.0
3190,C,C,3,B-,"(0, 3, 9)",V7,A,E-,B-,398.75,100.0
3191,G,C,3,B-,"(0, 3, 9)",V7,A,E-,B-,398.875,100.0
3192,E-,C,4,B-,"(0, 3, 9)",viio,E-,E-,B-,399.0,100.0
3193,E-,C,1,B-,"(0, 3, 9)",viio,E-,E-,B-,399.125,100.0
3194,E-,C,4,B-,"(0, 3, 9)",viio,E-,E-,B-,399.25,100.0
3195,E-,C,4,B-,"(0, 3, 9)",viio,E-,E-,B-,399.375,100.0
3196,E-,C,4,B-,"(0, 3, 9)",viio,E-,E-,B-,399.5,100.0
3197,E-,C,4,B-,"(0, 3, 7)",viio,E-,E-,B-,399.625,100.0
3198,E-,C,4,B-,"(0, 3, 7)",viio,E-,E-,B-,399.75,100.0
3199,E-,E-,4,B-,"(0, 3, 5, 9)",V7,E-,E-,B-,399.875,100.0
3200,C,F,0,B-,"(0, 3, 5, 9)",V7,E-,A,B-,400.0,101.0
3201,C,F,1,B-,"(0, 3, 5, 9)",V7,E-,A,B-,400.125,101.0
3202,C,F,2,B-,"(0, 3, 5, 9)",V7,E-,A,B-,400.25,101.0
3203,C,F,2,B-,"(0, 3, 5, 9)",V7,E-,A,B-,400.375,101.0
3204,C,F,3,B-,"(0, 3, 5, 9)",V7,E-,A,B-,400.5,101.0
3205,C,F,3,B-,"(0, 3, 5, 9)",V7,E-,A,B-,400.625,101.0
3206,C,F,3,B-,"(0, 3, 5, 9)",V7,E-,A,B-,400.75,101.0
3207,C,F,3,B-,"(0, 3, 5, 9)",V7,E-,A,B-,400.875,101.0
3208,C,F,4,B-,"(0, 3, 5, 9)",V7,E-,A,B-,401.0,101.0
3209,C,F,4,B-,"(0, 3, 5, 9)",V7,E-,A,B-,401.125,101.0
3210,C,F,4,B-,"(0, 3, 5, 9)",V7,E-,A,B-,401.25,101.0
3211,C,F,4,B-,"(0, 3, 5, 9)",V7,E-,A,B-,401.375,101.0
3212,C,F,4,B-,"(0, 3, 5, 9)",V7,E-,A,B-,401.5,101.0
3213,C,F,4,B-,"(0, 3, 5, 9)",V7,E-,A,B-,401.625,101.0
3214,C,F,4,B-,"(0, 3, 5, 9)",V7,E-,A,B-,401.75,101.0
3215,C,F,4,B-,"(0, 3, 5, 9)",V7,E-,A,B-,401.875,101.0
3216,C,F,0,B-,"(0, 3, 5, 9)",V7,E-,A,B-,402.0,101.0
3217,C,F,1,B-,"(0, 3, 5, 9)",V7,E-,A,B-,402.125,101.0
3218,C,F,2,B-,"(0, 3, 5, 9)",V7,E-,A,B-,402.25,101.0
3219,C,F,2,B-,"(0, 3, 5, 9)",V7,E-,A,B-,402.375,101.0
3220,C,F,3,B-,"(0, 3, 5, 9)",V7,E-,A,B-,402.5,101.0
3221,C,F,3,B-,"(0, 3, 5, 9)",V7,E-,A,B-,402.625,101.0
3222,C,F,3,B-,"(0, 3, 5, 9)",V7,E-,A,B-,402.75,101.0
3223,C,F,3,B-,"(0, 3, 5, 9)",V7,E-,A,B-,402.875,101.0
3224,C,F,5,B-,"(0, 3, 5, 9)",V7,E-,A,B-,403.0,101.0
3225,C,F,1,B-,"(0, 3, 5, 9)",V7,E-,A,B-,403.125,101.0
3226,C,F,5,B-,"(0, 3, 5, 9)",V7,E-,A,B-,403.25,101.0
3227,C,F,5,B-,"(0, 3, 5, 9)",V7,E-,A,B-,403.375,101.0
3228,C,F,0,B-,"(0, 3, 5, 9)",V7,E-,A,B-,403.5,101.0
3229,C,F,1,B-,"(0, 3, 5, 9)",V7,E-,A,B-,403.625,101.0
3230,C,F,5,B-,"(0, 3, 5, 9)",V7,E-,A,B-,403.75,101.0
3231,C,F,2,B-,"(0, 3, 5, 9)",V7,E-,A,B-,403.875,101.0
3232,F,B-,0,B-,"(2, 5, 10)",I,B-,D,B-,404.0,102.0
3233,F,B-,1,B-,"(2, 5, 10)",I,B-,D,B-,404.125,102.0
3234,F,B-,2,B-,"(2, 5, 10)",I,B-,D,B-,404.25,102.0
3235,F,B-,2,B-,"(2, 5, 10)",I,B-,D,B-,404.375,102.0
3236,F,B-,3,B-,"(2, 5, 10)",I,B-,D,B-,404.5,102.0
3237,F,B-,3,B-,"(2, 5, 10)",I,B-,D,B-,404.625,102.0
3238,F,B-,3,B-,"(2, 5, 10)",I,B-,D,B-,404.75,102.0
3239,F,B-,3,B-,"(2, 5, 10)",I,B-,D,B-,404.875,102.0
3240,F,B-,4,B-,"(2, 5, 10)",I,B-,D,B-,405.0,102.0
3241,F,B-,4,B-,"(2, 5, 10)",I,B-,D,B-,405.125,102.0
3242,F,B-,4,B-,"(2, 5, 10)",I,B-,D,B-,405.25,102.0
3243,F,B-,4,B-,"(2, 5, 10)",I,B-,D,B-,405.375,102.0
3244,F,B-,4,B-,"(2, 5, 10)",V7,B-,D,B-,405.5,102.0
3245,F,B-,4,B-,"(2, 5, 10)",V7,B-,D,B-,405.625,102.0
3246,F,B-,4,B-,"(2, 5, 10)",V7,B-,D,B-,405.75,102.0
3247,F,B-,4,B-,"(2, 5, 10)",V7,B-,D,B-,405.875,102.0
3248,F,B-,0,B-,"(2, 5, 10)",V7,B-,D,B-,406.0,102.0
3249,F,B-,1,B-,"(2, 5, 10)",V7,B-,D,B-,406.125,102.0
3250,F,B-,2,B-,"(2, 5, 10)",V7,B-,D,B-,406.25,102.0
3251,F,B-,2,B-,"(2, 5, 10)",V7,B-,D,B-,406.375,102.0
3252,F,B-,5,B-,"(2, 5, 10)",V7,B-,D,B-,406.5,102.0
3253,F,B-,5,B-,"(2, 5, 10)",V7,B-,D,B-,406.625,102.0
3254,F,B-,5,B-,"(2, 5, 10)",V7,B-,D,B-,406.75,102.0
3255,F,B-,5,B-,"(2, 5, 10)",V7,B-,D,B-,406.875,102.0
3256,F,B-,5,B-,"(2, 5, 10)",V7,A-,D,B-,407.0,102.0
3257,F,B-,5,B-,"(2, 5, 10)",V7,A-,D,B-,407.125,102.0
3258,F,B-,5,B-,"(2, 5, 10)",V7,A-,D,B-,407.25,102.0
3259,F,B-,5,B-,"(2, 5, 10)",V7,A-,D,B-,407.375,102.0
3260,F,B-,5,B-,"(2, 5, 8, 10)",V7,A-,D,B-,407.5,102.0
3261,F,B-,5,B-,"(2, 5, 8, 10)",V7,A-,D,B-,407.625,102.0
3262,F,B-,5,B-,"(2, 5, 8, 10)",V7,A-,D,B-,407.75,102.0
3263,F,B-,5,B-,"(2, 5, 8, 10)",V7,A-,D,B-,407.875,102.0
3264,B-,E-,0,B-,"(3, 7, 10)",IV,E-,G,B-,408.0,103.0
3265,B-,E-,1,B-,"(3, 7, 10)",IV,E-,G,B-,408.125,103.0
3266,B-,E-,2,B-,"(3, 7, 10)",IV,E-,G,B-,408.25,103.0
3267,B-,E-,2,B-,"(3, 7, 10)",IV,E-,G,B-,408.375,103.0
3268,B-,E-,3,B-,"(3, 7, 10)",IV,E-,G,B-,408.5,103.0
3269,B-,E-,3,B-,"(3, 7, 10)",IV,E-,G,B-,408.625,103.0
3270,B-,E-,3,B-,"(3, 7, 10)",IV,E-,G,B-,408.75,103.0
3271,B-,E-,3,B-,"(3, 7, 10)",IV,E-,G,B-,408.875,103.0
3272,B-,E-,4,B-,"(3, 7, 10)",IV,E-,G,B-,409.0,103.0
3273,B-,E-,4,B-,"(3, 7, 10)",IV,E-,G,B-,409.125,103.0
3274,B-,E-,4,B-,"(3, 7, 10)",IV,E-,G,B-,409.25,103.0
3275,B-,E-,4,B-,"(3, 7, 10)",IV,E-,G,B-,409.375,103.0
3276,B-,E-,4,B-,"(3, 7, 10)",IV,E-,G,B-,409.5,103.0
3277,B-,E-,4,B-,"(3, 7, 10)",IV,E-,G,B-,409.625,103.0
3278,B-,E-,4,B-,"(3, 7, 10)",IV,E-,G,B-,409.75,103.0
3279,B-,E-,4,B-,"(3, 7, 10)",IV,E-,G,B-,409.875,103.0
3280,B-,E-,5,B-,"(3, 7, 10)",IV,E-,G,B-,410.0,103.0
3281,B-,E-,5,B-,"(3, 7, 10)",IV,E-,G,B-,410.125,103.0
3282,B-,E-,5,B-,"(3, 7, 10)",IV,E-,G,B-,410.25,103.0
3283,B-,E-,5,B-,"(3, 7, 10)",IV,E-,G,B-,410.375,103.0
3284,B-,E-,5,B-,"(3, 7, 10)",IV,E-,G,B-,410.5,103.0
3285,B-,E-,5,B-,"(3, 7, 10)",IV,E-,G,B-,410.625,103.0
3286,B-,E-,5,B-,"(3, 7, 10)",IV,E-,G,B-,410.75,103.0
3287,B-,E-,5,B-,"(3, 7, 10)",IV,E-,G,B-,410.875,103.0
3288,B-,E-,5,B-,"(3, 7, 10)",IV,E-,G,B-,411.0,103.0
3289,B-,E-,5,B-,"(3, 7, 10)",IV,E-,G,B-,411.125,103.0
3290,B-,E-,5,B-,"(3, 7, 10)",IV,E-,G,B-,411.25,103.0
3291,B-,E-,5,B-,"(3, 7, 10)",IV,E-,G,B-,411.375,103.0
3292,B-,E-,5,B-,"(3, 7, 10)",IV,E-,G,B-,411.5,103.0
3293,B-,E-,5,B-,"(3, 7, 10)",IV,E-,G,B-,411.625,103.0
3294,B-,E-,5,B-,"(3, 7, 10)",IV,E-,G,B-,411.75,103.0
3295,B-,E-,5,B-,"(3, 7, 10)",IV,E-,G,B-,411.875,103.0
3296,B-,D,0,B-,"(2, 5, 10)",V,B-,F,B-,412.0,104.0
3297,A,D,1,B-,"(2, 5, 10)",I,B-,F,B-,412.125,104.0
3298,A,D,2,B-,"(2, 5, 10)",I,B-,F,B-,412.25,104.0
3299,A,D,2,B-,"(2, 5, 10)",I,B-,F,B-,412.375,104.0
3300,A,D,3,B-,"(2, 5, 10)",I,B-,F,B-,412.5,104.0
3301,A,D,3,B-,"(2, 5, 10)",I,B-,F,B-,412.625,104.0
3302,A,D,3,B-,"(2, 5, 10)",I,B-,F,B-,412.75,104.0
3303,A,D,3,B-,"(2, 5, 10)",I,B-,F,B-,412.875,104.0
3304,A,D,4,B-,"(2, 5, 10)",I,B-,F,B-,413.0,104.0
3305,A,D,4,B-,"(2, 5, 10)",I,B-,F,B-,413.125,104.0
3306,A,D,4,B-,"(2, 5, 10)",I,B-,F,B-,413.25,104.0
3307,A,D,4,B-,"(2, 5, 10)",I,B-,F,B-,413.375,104.0
3308,B-,D,4,B-,"(2, 5, 10)",I,B-,F,B-,413.5,104.0
3309,B-,D,4,B-,"(2, 5, 10)",I,B-,F,B-,413.625,104.0
3310,B-,D,4,B-,"(2, 5, 10)",I,B-,F,B-,413.75,104.0
3311,B-,D,4,B-,"(2, 5, 10)",I,B-,F,B-,413.875,104.0
3312,A,D,5,B-,"(2, 5, 10)",V,B-,F,B-,414.0,104.0
3313,A,D,5,B-,"(2, 5, 10)",V,B-,F,B-,414.125,104.0
3314,A,D,5,B-,"(2, 5, 10)",V,B-,F,B-,414.25,104.0
3315,A,D,5,B-,"(2, 5, 10)",V,B-,F,B-,414.375,104.0
3316,A,D,5,B-,"(2, 5, 10)",V,B-,F,B-,414.5,104.0
3317,A,D,5,B-,"(2, 5, 10)",V,B-,F,B-,414.625,104.0
3318,A,D,5,B-,"(2, 5, 10)",V,B-,F,B-,414.75,104.0
3319,A,D,5,B-,"(2, 5, 10)",V,B-,F,B-,414.875,104.0
3320,A,D,5,B-,"(2, 5, 10)",V,B-,F,B-,415.0,104.0
3321,A,D,5,B-,"(2, 5, 10)",V,B-,F,B-,415.125,104.0
3322,A,D,5,B-,"(2, 5, 10)",V,B-,F,B-,415.25,104.0
3323,A,D,5,B-,"(2, 5, 10)",V,B-,F,B-,415.375,104.0
3324,A,D,5,B-,"(2, 5, 10)",V,B-,F,B-,415.5,104.0
3325,A,D,5,B-,"(2, 5, 10)",V,B-,F,B-,415.625,104.0
3326,A,D,5,B-,"(2, 5, 10)",V,B-,F,B-,415.75,104.0
3327,A,D,5,B-,"(2, 5, 10)",V,B-,F,B-,415.875,104.0
3328,E-,A,0,B-,"(0, 3, 5, 9)",V,F,C,B-,416.0,105.0
3329,E-,A,1,B-,"(0, 3, 5, 9)",V,F,C,B-,416.125,105.0
3330,E-,A,2,B-,"(0, 3, 5, 9)",V,F,C,B-,416.25,105.0
3331,E-,A,2,B-,"(0, 3, 5, 9)",V,F,C,B-,416.375,105.0
3332,E-,A,3,B-,"(0, 3, 5, 9)",V7,F,C,B-,416.5,105.0
3333,E-,A,3,B-,"(0, 3, 5, 9)",V7,F,C,B-,416.625,105.0
3334,E-,A,3,B-,"(0, 3, 5, 9)",V7,F,C,B-,416.75,105.0
3335,E-,A,3,B-,"(0, 3, 5, 9)",V7,F,C,B-,416.875,105.0
3336,F,A,4,B-,"(0, 3, 5, 9)",V7,F,C,B-,417.0,105.0
3337,F,A,4,B-,"(0, 3, 5, 9)",V7,F,C,B-,417.125,105.0
3338,F,A,4,B-,"(0, 3, 5, 9)",V7,F,C,B-,417.25,105.0
3339,F,A,4,B-,"(0, 3, 5, 9)",V7,F,C,B-,417.375,105.0
3340,F,B-,4,B-,"(2, 5, 10)",I,B-,D,B-,417.5,105.0
3341,F,B-,4,B-,"(2, 5, 10)",I,B-,D,B-,417.625,105.0
3342,F,B-,4,B-,"(2, 5, 10)",I,B-,D,B-,417.75,105.0
3343,F,B-,4,B-,"(2, 5, 10)",I,B-,D,B-,417.875,105.0
3344,D,F,0,B-,"(2, 5, 10)",V,B-,B-,B-,418.0,105.0
3345,D,F,1,B-,"(2, 5, 10)",V,F,A,B-,418.125,105.0
3346,D,F,2,B-,"(2, 5, 10)",V,F,A,B-,418.25,105.0
3347,D,F,2,B-,"(2, 5, 10)",V,F,A,B-,418.375,105.0
3348,C,F,3,B-,"(0, 5, 9)",V,F,A,B-,418.5,105.0
3349,C,F,1,B-,"(0, 5, 9)",V,F,A,B-,418.625,105.0
3350,C,F,2,B-,"(0, 5, 9)",V,F,A,B-,418.75,105.0
3351,C,F,3,B-,"(0, 5, 9)",V,F,A,B-,418.875,105.0
3352,F,B-,0,B-,"(2, 5, 10)",I,B-,D,B-,419.0,105.0
3353,F,B-,1,B-,"(2, 5, 10)",I,B-,D,B-,419.125,105.0
3354,F,B-,2,B-,"(2, 5, 10)",I,B-,D,B-,419.25,105.0
3355,F,B-,2,B-,"(2, 5, 10)",I,B-,D,B-,419.375,105.0
3356,F,B-,3,B-,"(2, 5, 10)",I,B-,D,B-,419.5,105.0
3357,F,B-,3,B-,"(2, 5, 10)",I,B-,D,B-,419.625,105.0
3358,F,B-,5,B-,"(2, 5, 10)",I,B-,D,B-,419.75,105.0
3359,F,B-,5,B-,"(2, 5, 10)",I,B-,D,B-,419.875,105.0
3360,C,F,0,B-,"(0, 5, 9)",V,F,A,B-,420.0,106.0
3361,C,F,1,B-,"(0, 5, 9)",V,F,A,B-,420.125,106.0
3362,C,F,2,B-,"(0, 5, 9)",V,F,A,B-,420.25,106.0
3363,C,F,2,B-,"(0, 5, 9)",V,F,A,B-,420.375,106.0
3364,C,F,3,B-,"(0, 5, 9)",V,F,A,B-,420.5,106.0
3365,C,F,3,B-,"(0, 5, 9)",V,F,A,B-,420.625,106.0
3366,C,F,3,B-,"(0, 5, 9)",V,F,A,B-,420.75,106.0
3367,C,F,3,B-,"(0, 5, 9)",V,F,A,B-,420.875,106.0
3368,C,F,4,B-,"(0, 5, 9)",V,F,A,B-,421.0,106.0
3369,C,F,4,B-,"(0, 5, 9)",V,F,A,B-,421.125,106.0
3370,C,F,4,B-,"(0, 5, 9)",V,F,A,B-,421.25,106.0
3371,C,F,4,B-,"(0, 5, 9)",V,F,A,B-,421.375,106.0
3372,C,F,4,B-,"(0, 5, 9)",V,F,A,B-,421.5,106.0
3373,C,F,4,B-,"(0, 5, 9)",V,F,A,B-,421.625,106.0
3374,C,F,4,B-,"(0, 5, 9)",V,F,A,B-,421.75,106.0
3375,C,F,4,B-,"(0, 5, 9)",V,F,A,B-,421.875,106.0
3376,C,F,5,B-,"(0, 5, 9)",V,F,A,B-,422.0,106.0
3377,C,F,5,B-,"(0, 5, 9)",V,F,A,B-,422.125,106.0
3378,C,F,5,B-,"(0, 5, 9)",V,F,A,B-,422.25,106.0
3379,C,F,5,B-,"(0, 5, 9)",V,F,A,B-,422.375,106.0
3380,C,F,5,B-,"(0, 5, 9)",V,F,A,B-,422.5,106.0
3381,C,F,5,B-,"(0, 5, 9)",V,F,A,B-,422.625,106.0
3382,C,F,5,B-,"(0, 5, 9)",V,F,A,B-,422.75,106.0
3383,C,F,5,B-,"(0, 5, 9)",V,F,A,B-,422.875,106.0
3384,C,F,5,B-,"(0, 5, 9)",V,F,A,B-,423.0,106.0
3385,C,F,5,B-,"(0, 5, 9)",V,F,A,B-,423.125,106.0
3386,C,F,5,B-,"(0, 5, 9)",V,F,A,B-,423.25,106.0
3387,C,F,5,B-,"(0, 5, 9)",V,F,A,B-,423.375,106.0
3388,C,F,5,B-,"(0, 5, 9)",V,F,A,B-,423.5,106.0
3389,C,F,5,B-,"(0, 5, 9)",V,F,A,B-,423.625,106.0
3390,C,F,5,B-,"(0, 5, 9)",V,F,A,B-,423.75,106.0
3391,C,F,5,B-,"(0, 5, 9)",V,F,A,B-,423.875,106.0
3392,C,F,0,B-,"(0, 5, 9)",V,F,A,B-,424.0,107.0
3393,C,F,1,B-,"(0, 5, 9)",V,F,A,B-,424.125,107.0
3394,C,F,2,B-,"(0, 5, 9)",V,F,A,B-,424.25,107.0
3395,C,F,2,B-,"(0, 5, 9)",V,F,A,B-,424.375,107.0
3396,C,F,3,B-,"(0, 5, 9)",V,F,A,B-,424.5,107.0
3397,C,F,3,B-,"(0, 5, 9)",V,F,A,B-,424.625,107.0
3398,C,F,3,B-,"(0, 5, 9)",V,F,A,B-,424.75,107.0
3399,C,F,3,B-,"(0, 5, 9)",V,F,A,B-,424.875,107.0
3400,C,F,4,B-,"(0, 5, 9)",V,F,A,B-,425.0,107.0
3401,C,F,4,B-,"(0, 5, 9)",V,F,A,B-,425.125,107.0
3402,C,F,4,B-,"(0, 5, 9)",V,F,A,B-,425.25,107.0
3403,C,F,4,B-,"(0, 5, 9)",V,F,A,B-,425.375,107.0
3404,C,F,4,B-,"(0, 5, 9)",V,F,A,B-,425.5,107.0
3405,C,F,4,B-,"(0, 5, 9)",V,F,A,B-,425.625,107.0
3406,C,F,4,B-,"(0, 5, 9)",V,F,A,B-,425.75,107.0
3407,C,F,4,B-,"(0, 5, 9)",V,F,A,B-,425.875,107.0
3408,C,F,5,B-,"(0, 5, 9)",V,F,A,B-,426.0,107.0
3409,C,F,5,B-,"(0, 5, 9)",V,F,A,B-,426.125,107.0
3410,C,F,5,B-,"(0, 5, 9)",V,F,A,B-,426.25,107.0
3411,C,F,5,B-,"(0, 5, 9)",V,F,A,B-,426.375,107.0
3412,C,F,5,B-,"(0, 5, 9)",V,F,A,B-,426.5,107.0
3413,C,F,5,B-,"(0, 5, 9)",V,F,A,B-,426.625,107.0
3414,C,F,5,B-,"(0, 5, 9)",V,F,A,B-,426.75,107.0
3415,C,F,5,B-,"(0, 5, 9)",V,F,A,B-,426.875,107.0
3416,C,F,5,B-,"(0, 5, 9)",V,F,A,B-,427.0,107.0
3417,C,F,5,B-,"(0, 5, 9)",V,F,A,B-,427.125,107.0
3418,C,F,5,B-,"(0, 5, 9)",V,F,A,B-,427.25,107.0
3419,C,F,5,B-,"(0, 5, 9)",V,F,A,B-,427.375,107.0
3420,C,F,5,B-,"(0, 5, 9)",V,F,A,B-,427.5,107.0
3421,C,F,5,B-,"(0, 5, 9)",V,F,A,B-,427.625,107.0
3422,C,F,5,B-,"(0, 5, 9)",V,F,A,B-,427.75,107.0
3423,C,F,5,B-,"(0, 5, 9)",V,F,A,B-,427.875,107.0
3424,C,E-,0,B-,"(0, 3, 5, 9)",V7,C,G,B-,428.0,108.0
3425,B-,E-,1,B-,"(0, 3, 5, 9)",V7,C,G,B-,428.125,108.0
3426,B-,E-,2,B-,"(0, 3, 5, 9)",V7,C,G,B-,428.25,108.0
3427,B-,E-,2,B-,"(0, 3, 5, 9)",V7,C,G,B-,428.375,108.0
3428,C,E-,3,B-,"(0, 3, 5, 9)",V7,C,G,B-,428.5,108.0
3429,C,E-,3,B-,"(0, 3, 5, 9)",V7,C,G,B-,428.625,108.0
3430,C,E-,3,B-,"(0, 3, 5, 9)",V7,C,G,B-,428.75,108.0
3431,C,E-,3,B-,"(0, 3, 5, 9)",V7,C,G,B-,428.875,108.0
3432,A,E-,0,B-,"(0, 3, 5, 9)",V7,C,F,B-,429.0,108.0
3433,A,E-,1,B-,"(0, 3, 5, 9)",V7,C,F,B-,429.125,108.0
3434,A,E-,2,B-,"(0, 3, 5, 9)",V7,C,F,B-,429.25,108.0
3435,A,E-,2,B-,"(0, 3, 5, 9)",V7,C,F,B-,429.375,108.0
3436,A,E-,3,B-,"(0, 3, 5, 9)",V7,C,F,B-,429.5,108.0
3437,A,E-,3,B-,"(0, 3, 5, 9)",V7,C,F,B-,429.625,108.0
3438,A,E-,3,B-,"(0, 3, 5, 9)",V7,C,F,B-,429.75,108.0
3439,A,E-,3,B-,"(0, 3, 5, 9)",V7,C,F,B-,429.875,108.0
3440,B-,D,0,B-,"(2, 5, 10)",I,B-,F,B-,430.0,108.0
3441,B-,D,1,B-,"(2, 5, 10)",I,B-,F,B-,430.125,108.0
3442,B-,D,2,B-,"(2, 5, 10)",I,B-,F,B-,430.25,108.0
3443,B-,D,2,B-,"(2, 5, 10)",I,B-,F,B-,430.375,108.0
3444,B-,D,3,B-,"(2, 5, 10)",I,B-,F,B-,430.5,108.0
3445,B-,D,3,B-,"(2, 5, 10)",I,B-,F,B-,430.625,108.0
3446,B-,D,3,B-,"(2, 5, 10)",I,B-,F,B-,430.75,108.0
3447,B-,D,3,B-,"(2, 5, 10)",I,B-,F,B-,430.875,108.0
3448,C,F,0,B-,"(0, 5, 9)",V,F,F,B-,431.0,108.0
3449,C,F,1,B-,"(0, 5, 9)",V,F,F,B-,431.125,108.0
3450,C,F,2,B-,"(0, 5, 9)",V,F,F,B-,431.25,108.0
3451,C,F,2,B-,"(0, 5, 9)",V,F,F,B-,431.375,108.0
3452,C,F,3,B-,"(0, 5, 9)",V,F,F,B-,431.5,108.0
3453,C,F,3,B-,"(0, 5, 9)",V,F,F,B-,431.625,108.0
3454,C,F,3,B-,"(0, 5, 9)",V,F,F,B-,431.75,108.0
3455,C,F,3,B-,"(0, 5, 9)",V,F,F,B-,431.875,108.0
3456,F,B-,0,B-,"(2, 5, 10)",I,B-,D,B-,432.0,109.0
3457,F,B-,1,B-,"(2, 5, 10)",I,B-,D,B-,432.125,109.0
3458,F,B-,2,B-,"(2, 5, 10)",I,B-,D,B-,432.25,109.0
3459,F,B-,2,B-,"(2, 5, 10)",I,B-,D,B-,432.375,109.0
3460,F,B-,3,B-,"(2, 5, 10)",I,B-,D,B-,432.5,109.0
3461,F,B-,3,B-,"(2, 5, 10)",I,B-,D,B-,432.625,109.0
3462,F,B-,3,B-,"(2, 5, 10)",I,B-,D,B-,432.75,109.0
3463,F,B-,3,B-,"(2, 5, 10)",I,B-,D,B-,432.875,109.0
3464,F,B-,0,B-,"(2, 5, 10)",I,B-,E-,B-,433.0,109.0
3465,F,B-,1,B-,"(2, 5, 10)",I,B-,E-,B-,433.125,109.0
3466,F,B-,4,B-,"(2, 5, 10)",I,B-,E-,B-,433.25,109.0
3467,F,B-,2,B-,"(2, 5, 10)",I,B-,E-,B-,433.375,109.0
3468,F,C,3,B-,"(2, 5, 10)",I,B-,E-,B-,433.5,109.0
3469,F,C,3,B-,"(2, 5, 10)",I,B-,E-,B-,433.625,109.0
3470,F,C,3,B-,"(2, 5, 10)",I,B-,E-,B-,433.75,109.0
3471,F,C,3,B-,"(2, 5, 10)",I,B-,E-,B-,433.875,109.0
3472,B-,D,0,B-,"(2, 5, 10)",I,B-,F,B-,434.0,109.0
3473,B-,D,1,B-,"(2, 5, 10)",I,B-,F,B-,434.125,109.0
3474,B-,D,2,B-,"(2, 5, 10)",I,B-,F,B-,434.25,109.0
3475,B-,D,2,B-,"(2, 5, 10)",I,B-,F,B-,434.375,109.0
3476,B-,D,3,B-,"(2, 5, 10)",I,B-,F,B-,434.5,109.0
3477,B-,D,3,B-,"(2, 5, 10)",I,B-,F,B-,434.625,109.0
3478,B-,D,3,B-,"(2, 5, 10)",I,B-,F,B-,434.75,109.0
3479,B-,D,3,B-,"(2, 5, 10)",I,B-,F,B-,434.875,109.0
3480,B-,E-,0,B-,"(3, 7, 10)",IV,E-,G,B-,435.0,109.0
3481,B-,E-,1,B-,"(3, 7, 10)",IV,E-,G,B-,435.125,109.0
3482,B-,E-,2,B-,"(3, 7, 10)",IV,E-,G,B-,435.25,109.0
3483,B-,E-,2,B-,"(3, 7, 10)",IV,E-,G,B-,435.375,109.0
3484,B-,E-,3,B-,"(3, 7, 10)",IV,E-,G,B-,435.5,109.0
3485,B-,E-,3,B-,"(3, 7, 10)",IV,E-,G,B-,435.625,109.0
3486,B-,E-,3,B-,"(3, 7, 10)",IV,E-,G,B-,435.75,109.0
3487,B-,E-,3,B-,"(3, 7, 10)",IV,E-,G,B-,435.875,109.0
3488,D,F,0,B-,"(2, 5, 10)",viio,B-,A,B-,436.0,110.0
3489,D,F,1,B-,"(2, 5, 11)",viio,B-,A,B-,436.125,110.0
3490,D,F,2,B-,"(2, 5, 11)",viio,B-,A,B-,436.25,110.0
3491,D,F,2,B-,"(2, 5, 11)",viio,B-,A,B-,436.375,110.0
3492,D,F,3,B-,"(2, 5, 11)",viio,B-,A,B-,436.5,110.0
3493,D,F,3,B-,"(2, 5, 11)",viio,B-,A,B-,436.625,110.0
3494,D,F,3,B-,"(2, 5, 11)",viio,B-,A,B-,436.75,110.0
3495,D,F,3,B-,"(2, 5, 11)",viio,B-,A,B-,436.875,110.0
3496,D,F,4,B-,"(2, 5, 11)",viio,B,A,B-,437.0,110.0
3497,D,F,4,B-,"(2, 5, 11)",viio,B,A,B-,437.125,110.0
3498,D,F,4,B-,"(2, 5, 11)",viio,B,A,B-,437.25,110.0
3499,D,F,4,B-,"(2, 5, 11)",viio,B,A,B-,437.375,110.0
3500,C,F,4,B-,"(2, 5, 11)",viio,B,A,B-,437.5,110.0
3501,C,F,4,B-,"(2, 5, 11)",viio,B,A,B-,437.625,110.0
3502,C,F,4,B-,"(2, 5, 11)",viio,F,A,B-,437.75,110.0
3503,C,F,4,B-,"(2, 5, 11)",viio,F,A,B-,437.875,110.0
3504,C,F,0,B-,"(0, 3, 5, 9)",V7,E-,A,B-,438.0,110.0
3505,C,F,1,B-,"(0, 3, 5, 9)",V7,E-,A,B-,438.125,110.0
3506,C,F,2,B-,"(0, 3, 5, 9)",V7,E-,A,B-,438.25,110.0
3507,C,F,2,B-,"(0, 3, 5, 9)",V7,E-,A,B-,438.375,110.0
3508,C,F,3,B-,"(0, 3, 5, 9)",V7,E-,A,B-,438.5,110.0
3509,C,F,3,B-,"(0, 3, 5, 9)",V7,E-,A,B-,438.625,110.0
3510,C,F,3,B-,"(0, 3, 5, 9)",V7,E-,A,B-,438.75,110.0
3511,C,F,3,B-,"(0, 3, 5, 9)",V7,E-,A,B-,438.875,110.0
3512,C,F,4,B-,"(0, 3, 5, 9)",V7,E-,A,B-,439.0,110.0
3513,C,F,4,B-,"(0, 3, 5, 9)",V7,E-,A,B-,439.125,110.0
3514,C,F,4,B-,"(0, 3, 5, 9)",V7,E-,A,B-,439.25,110.0
3515,C,F,4,B-,"(0, 3, 5, 9)",V7,E-,A,B-,439.375,110.0
3516,C,F,4,B-,"(0, 3, 5, 9)",V7,E-,A,B-,439.5,110.0
3517,C,F,4,B-,"(0, 3, 5, 9)",V7,E-,A,B-,439.625,110.0
3518,C,F,4,B-,"(0, 3, 5, 9)",V7,E-,A,B-,439.75,110.0
3519,C,F,4,B-,"(0, 3, 5, 9)",V7,E-,A,B-,439.875,110.0
3520,F,B-,0,B-,"(2, 5, 10)",I,B-,D,B-,440.0,111.0
3521,F,B-,1,B-,"(2, 5, 10)",I,B-,D,B-,440.125,111.0
3522,F,B-,2,B-,"(2, 5, 10)",I,B-,D,B-,440.25,111.0
3523,F,B-,2,B-,"(2, 5, 10)",I,B-,D,B-,440.375,111.0
3524,F,B-,3,B-,"(2, 5, 10)",I,B-,D,B-,440.5,111.0
3525,F,B-,3,B-,"(2, 5, 10)",I,B-,D,B-,440.625,111.0
3526,F,B-,3,B-,"(2, 5, 10)",I,B-,D,B-,440.75,111.0
3527,F,B-,3,B-,"(2, 5, 10)",I,B-,D,B-,440.875,111.0
3528,F,B-,4,B-,"(2, 5, 10)",I,B-,D,B-,441.0,111.0
3529,F,B-,4,B-,"(2, 5, 10)",I,B-,D,B-,441.125,111.0
3530,F,B-,4,B-,"(2, 5, 10)",I,B-,D,B-,441.25,111.0
3531,F,B-,4,B-,"(2, 5, 10)",I,B-,D,B-,441.375,111.0
3532,F,B-,4,B-,"(2, 5, 10)",I,B-,D,B-,441.5,111.0
3533,F,B-,4,B-,"(2, 5, 10)",I,B-,D,B-,441.625,111.0
3534,F,B-,4,B-,"(2, 5, 10)",I,B-,D,B-,441.75,111.0
3535,F,B-,4,B-,"(2, 5, 10)",I,B-,D,B-,441.875,111.0
3536,F,B-,5,B-,"(2, 5, 10)",I,B-,D,B-,442.0,111.0
3537,F,B-,5,B-,"(2, 5, 10)",I,B-,D,B-,442.125,111.0
3538,F,B-,5,B-,"(2, 5, 10)",I,B-,D,B-,442.25,111.0
3539,F,B-,5,B-,"(2, 5, 10)",I,B-,D,B-,442.375,111.0
3540,F,B-,3,B-,"(2, 5, 10)",I,B-,D,B-,442.5,111.0
3541,F,B-,3,B-,"(2, 5, 10)",I,B-,D,B-,442.625,111.0
3542,F,B-,3,B-,"(2, 5, 10)",I,B-,D,B-,442.75,111.0
3543,F,B-,3,B-,"(2, 5, 10)",I,B-,D,B-,442.875,111.0
3544,F,B-,5,B-,"(2, 5, 10)",I,B-,D,B-,443.0,111.0
3545,F,B-,5,B-,"(2, 5, 10)",I,B-,D,B-,443.125,111.0
3546,F,B-,5,B-,"(2, 5, 10)",I,B-,D,B-,443.25,111.0
3547,F,B-,5,B-,"(2, 5, 10)",I,B-,D,B-,443.375,111.0
3548,F,B-,5,B-,"(2, 5, 10)",I,B-,D,B-,443.5,111.0
3549,F,B-,5,B-,"(2, 5, 10)",I,B-,D,B-,443.625,111.0
3550,F,B-,5,B-,"(2, 5, 10)",I,B-,D,B-,443.75,111.0
3551,F,B-,5,B-,"(2, 5, 10)",I,B-,D,B-,443.875,111.0
3552,D,F,0,B-,"(2, 5, 10)",viio,B-,A,B-,444.0,112.0
3553,D,F,1,B-,"(2, 5, 10)",viio,B-,A,B-,444.125,112.0
3554,D,F,2,B-,"(2, 5, 10)",viio,B-,A,B-,444.25,112.0
3555,D,F,2,B-,"(2, 5, 10)",viio,B-,A,B-,444.375,112.0
3556,C,F,3,B-,"(2, 5, 10)",viio,B-,A,B-,444.5,112.0
3557,C,F,3,B-,"(2, 5, 10)",viio,B-,A,B-,444.625,112.0
3558,C,F,3,B-,"(2, 5, 10)",viio,B-,A,B-,444.75,112.0
3559,C,F,3,B-,"(2, 5, 10)",viio,B-,A,B-,444.875,112.0
3560,C,F,4,B-,"(0, 3, 5, 9)",viio,F,A,B-,445.0,112.0
3561,C,F,4,B-,"(0, 3, 5, 9)",viio,F,A,B-,445.125,112.0
3562,C,F,4,B-,"(0, 3, 5, 9)",viio,F,A,B-,445.25,112.0
3563,C,F,4,B-,"(0, 3, 5, 9)",viio,F,A,B-,445.375,112.0
3564,C,F,4,B-,"(0, 3, 5, 9)",viio,F,A,B-,445.5,112.0
3565,C,F,4,B-,"(0, 3, 5, 9)",viio,F,A,B-,445.625,112.0
3566,C,F,4,B-,"(0, 3, 5, 9)",viio,F,A,B-,445.75,112.0
3567,C,F,4,B-,"(0, 3, 5, 9)",viio,F,A,B-,445.875,112.0
3568,C,F,0,B-,"(0, 3, 5, 9)",V7,E-,A,B-,446.0,112.0
3569,C,F,1,B-,"(0, 3, 5, 9)",V7,E-,A,B-,446.125,112.0
3570,C,F,2,B-,"(0, 3, 5, 9)",V7,E-,A,B-,446.25,112.0
3571,C,F,2,B-,"(0, 3, 5, 9)",V7,E-,A,B-,446.375,112.0
3572,C,F,3,B-,"(0, 3, 5, 9)",V7,E-,A,B-,446.5,112.0
3573,C,F,3,B-,"(0, 3, 5, 9)",V7,E-,A,B-,446.625,112.0
3574,C,F,3,B-,"(0, 3, 5, 9)",V7,E-,A,B-,446.75,112.0
3575,C,F,3,B-,"(0, 3, 5, 9)",V7,E-,A,B-,446.875,112.0
3576,C,F,4,B-,"(0, 3, 5, 9)",V7,E-,A,B-,447.0,112.0
3577,C,F,4,B-,"(0, 3, 5, 9)",V7,E-,A,B-,447.125,112.0
3578,C,F,4,B-,"(0, 3, 5, 9)",V7,E-,A,B-,447.25,112.0
3579,C,F,4,B-,"(0, 3, 5, 9)",V7,E-,A,B-,447.375,112.0
3580,C,F,4,B-,"(0, 3, 5, 9)",V7,E-,A,B-,447.5,112.0
3581,C,F,4,B-,"(0, 3, 5, 9)",V7,E-,A,B-,447.625,112.0
3582,C,F,4,B-,"(0, 3, 5, 9)",V7,E-,A,B-,447.75,112.0
3583,C,F,4,B-,"(0, 3, 5, 9)",V7,E-,A,B-,447.875,112.0
3584,F,B-,0,B-,"(2, 5, 10)",I,B-,D,B-,448.0,113.0
3585,F,B-,1,B-,"(2, 5, 10)",I,B-,D,B-,448.125,113.0
3586,F,B-,2,B-,"(2, 5, 10)",I,B-,D,B-,448.25,113.0
3587,F,B-,2,B-,"(2, 5, 10)",I,B-,D,B-,448.375,113.0
3588,F,B-,3,B-,"(2, 5, 10)",I,B-,D,B-,448.5,113.0
3589,F,B-,3,B-,"(2, 5, 10)",I,B-,D,B-,448.625,113.0
3590,F,B-,3,B-,"(2, 5, 10)",I,B-,D,B-,448.75,113.0
3591,F,B-,3,B-,"(2, 5, 10)",I,B-,D,B-,448.875,113.0
3592,F,B-,4,B-,"(2, 5, 10)",I,B-,D,B-,449.0,113.0
3593,F,B-,4,B-,"(2, 5, 10)",I,B-,D,B-,449.125,113.0
3594,F,B-,4,B-,"(2, 5, 10)",I,B-,D,B-,449.25,113.0
3595,F,B-,4,B-,"(2, 5, 10)",I,B-,D,B-,449.375,113.0
3596,F,B-,4,B-,"(2, 5, 10)",I,B-,D,B-,449.5,113.0
3597,F,B-,4,B-,"(2, 5, 10)",I,B-,D,B-,449.625,113.0
3598,F,B-,4,B-,"(2, 5, 10)",I,B-,D,B-,449.75,113.0
3599,F,B-,4,B-,"(2, 5, 10)",I,B-,D,B-,449.875,113.0
3600,F,B-,5,B-,"(2, 5, 10)",I,B-,D,B-,450.0,113.0
3601,F,B-,5,B-,"(2, 5, 10)",I,B-,D,B-,450.125,113.0
3602,F,B-,5,B-,"(2, 5, 10)",I,B-,D,B-,450.25,113.0
3603,F,B-,5,B-,"(2, 5, 10)",I,B-,D,B-,450.375,113.0
3604,F,B-,5,B-,"(2, 5, 10)",I,B-,D,B-,450.5,113.0
3605,F,B-,5,B-,"(2, 5, 10)",I,B-,D,B-,450.625,113.0
3606,F,B-,5,B-,"(2, 5, 10)",I,B-,D,B-,450.75,113.0
3607,F,B-,5,B-,"(2, 5, 10)",I,B-,D,B-,450.875,113.0
3608,F,B-,5,B-,"(2, 5, 10)",I,B-,D,B-,451.0,113.0
3609,F,B-,5,B-,"(2, 5, 10)",I,B-,D,B-,451.125,113.0
3610,F,B-,5,B-,"(2, 5, 10)",I,B-,D,B-,451.25,113.0
3611,F,B-,5,B-,"(2, 5, 10)",I,B-,D,B-,451.375,113.0
3612,F,B-,5,B-,"(2, 5, 10)",I,B-,D,B-,451.5,113.0
3613,F,B-,5,B-,"(2, 5, 10)",I,B-,D,B-,451.625,113.0
3614,F,B-,5,B-,"(2, 5, 10)",I,B-,D,B-,451.75,113.0
3615,F,B-,5,B-,"(2, 5, 10)",I,B-,D,B-,451.875,113.0
3616,F,B-,0,B-,"(2, 5, 10)",I,B-,D,B-,452.0,114.0
3617,F,B-,1,B-,"(2, 5, 10)",I,B-,D,B-,452.125,114.0
3618,F,B-,2,B-,"(2, 5, 10)",I,B-,D,B-,452.25,114.0
3619,F,B-,2,B-,"(2, 5, 10)",I,B-,D,B-,452.375,114.0
3620,F,B-,3,B-,"(2, 5, 10)",I,B-,D,B-,452.5,114.0
3621,F,B-,3,B-,"(2, 5, 10)",I,B-,D,B-,452.625,114.0
3622,F,B-,3,B-,"(2, 5, 10)",I,B-,D,B-,452.75,114.0
3623,F,B-,3,B-,"(2, 5, 10)",I,B-,D,B-,452.875,114.0
3624,F,B-,4,B-,"(2, 5, 10)",I,B-,D,B-,453.0,114.0
3625,F,B-,4,B-,"(2, 5, 10)",I,B-,D,B-,453.125,114.0
3626,F,B-,4,B-,"(2, 5, 10)",I,B-,D,B-,453.25,114.0
3627,F,B-,4,B-,"(2, 5, 10)",I,B-,D,B-,453.375,114.0
3628,F,B-,4,B-,"(2, 5, 10)",I,B-,D,B-,453.5,114.0
3629,F,B-,4,B-,"(2, 5, 10)",I,B-,D,B-,453.625,114.0
3630,F,B-,4,B-,"(2, 5, 10)",I,B-,D,B-,453.75,114.0
3631,F,B-,4,B-,"(2, 5, 10)",I,B-,D,B-,453.875,114.0
3632,F,B-,5,B-,"(2, 5, 10)",I,B-,D,B-,454.0,114.0
3633,F,B-,5,B-,"(2, 5, 10)",I,B-,D,B-,454.125,114.0
3634,F,B-,5,B-,"(2, 5, 10)",I,B-,D,B-,454.25,114.0
3635,F,B-,5,B-,"(2, 5, 10)",I,B-,D,B-,454.375,114.0
3636,F,B-,5,B-,"(2, 5, 10)",I,B-,D,B-,454.5,114.0
3637,F,B-,5,B-,"(2, 5, 10)",I,B-,D,B-,454.625,114.0
3638,F,B-,5,B-,"(2, 5, 10)",I,B-,D,B-,454.75,114.0
3639,F,B-,5,B-,"(2, 5, 10)",I,B-,D,B-,454.875,114.0
3640,F,B-,5,B-,"(2, 5, 10)",I,B-,D,B-,455.0,114.0
3641,F,B-,5,B-,"(2, 5, 10)",I,B-,D,B-,455.125,114.0
3642,F,B-,5,B-,"(2, 5, 10)",I,B-,D,B-,455.25,114.0
3643,F,B-,5,B-,"(2, 5, 10)",I,B-,D,B-,455.375,114.0
3644,F,B-,5,B-,"(2, 5, 10)",I,B-,D,B-,455.5,114.0
3645,F,B-,5,B-,"(2, 5, 10)",I,B-,D,B-,455.625,114.0
3646,F,B-,5,B-,"(2, 5, 10)",I,B-,D,B-,455.75,114.0
3647,F,B-,5,B-,"(2, 5, 10)",I,B-,D,B-,455.875,114.0
3648,F,B-,0,B-,"(0, 3, 5, 9)",I,B-,D,B-,456.0,115.0
3649,F,B-,1,B-,"(0, 3, 5, 9)",I,B-,D,B-,456.125,115.0
3650,F,B-,2,B-,"(0, 3, 5, 9)",I,B-,D,B-,456.25,115.0
3651,F,B-,2,B-,"(0, 3, 5, 9)",I,B-,D,B-,456.375,115.0
3652,F,B-,3,B-,"(0, 3, 5, 9)",I,B-,D,B-,456.5,115.0
3653,F,B-,3,B-,"(0, 3, 5, 9)",I,B-,D,B-,456.625,115.0
3654,F,B-,3,B-,"(0, 3, 5, 9)",I,B-,D,B-,456.75,115.0
3655,F,B-,3,B-,"(0, 3, 5, 9)",I,B-,D,B-,456.875,115.0
3656,F,B-,4,B-,"(0, 3, 5, 9)",I,B-,D,B-,457.0,115.0
3657,F,B-,4,B-,"(0, 3, 5, 9)",I,B-,D,B-,457.125,115.0
3658,F,B-,4,B-,"(0, 3, 5, 9)",I,B-,D,B-,457.25,115.0
3659,F,B-,4,B-,"(0, 3, 5, 9)",I,B-,D,B-,457.375,115.0
3660,F,B-,4,B-,"(0, 3, 5, 9)",V7,B-,A,B-,457.5,115.0
3661,F,B-,4,B-,"(0, 3, 5, 9)",V7,B-,A,B-,457.625,115.0
3662,F,B-,4,B-,"(0, 3, 5, 9)",V7,B-,A,B-,457.75,115.0
3663,F,B-,4,B-,"(0, 3, 5, 9)",V7,B-,A,B-,457.875,115.0
3664,F,B-,5,B-,"(0, 3, 5, 9)",V7,E-,A,B-,458.0,115.0
3665,F,F,5,B-,"(0, 3, 5, 9)",V7,E-,A,B-,458.125,115.0
3666,F,F,5,B-,"(0, 3, 5, 9)",V7,E-,A,B-,458.25,115.0
3667,F,F,5,B-,"(0, 3, 5, 9)",V7,E-,A,B-,458.375,115.0
3668,F,F,5,B-,"(0, 3, 5, 9)",V7,E-,A,B-,458.5,115.0
3669,F,F,5,B-,"(0, 3, 5, 9)",V7,E-,A,B-,458.625,115.0
3670,F,F,5,B-,"(0, 3, 5, 9)",V7,E-,A,B-,458.75,115.0
3671,F,F,5,B-,"(0, 3, 5, 9)",V7,E-,A,B-,458.875,115.0
3672,F,F,5,B-,"(0, 3, 5, 9)",V7,E-,A,B-,459.0,115.0
3673,F,F,5,B-,"(0, 3, 5, 9)",V7,E-,A,B-,459.125,115.0
3674,F,F,5,B-,"(0, 3, 5, 9)",V7,E-,A,B-,459.25,115.0
3675,F,F,5,B-,"(0, 3, 5, 9)",V7,E-,A,B-,459.375,115.0
3676,F,A,5,B-,"(0, 3, 5, 9)",V7,E-,A,B-,459.5,115.0
3677,F,A,5,B-,"(0, 3, 5, 9)",V7,A,A,B-,459.625,115.0
3678,F,A,5,B-,"(0, 3, 5, 9)",V7,A,A,B-,459.75,115.0
3679,F,A,5,B-,"(0, 3, 5, 9)",V7,A,A,B-,459.875,115.0
3680,C,F,0,B-,"(0, 3, 5, 9)",V7,E-,A,B-,460.0,116.0
3681,C,F,1,B-,"(0, 3, 5, 9)",V7,E-,A,B-,460.125,116.0
3682,C,F,2,B-,"(0, 3, 5, 9)",V7,E-,A,B-,460.25,116.0
3683,C,F,2,B-,"(0, 3, 5, 9)",V7,E-,A,B-,460.375,116.0
3684,C,F,3,B-,"(0, 3, 5, 9)",V7,E-,A,B-,460.5,116.0
3685,C,F,3,B-,"(0, 3, 5, 9)",V7,E-,A,B-,460.625,116.0
3686,C,F,3,B-,"(0, 3, 5, 9)",V7,E-,A,B-,460.75,116.0
3687,C,F,3,B-,"(0, 3, 5, 9)",V7,E-,A,B-,460.875,116.0
3688,C,F,4,B-,"(0, 3, 5, 9)",V7,E-,A,B-,461.0,116.0
3689,C,F,4,B-,"(0, 3, 5, 9)",V7,E-,A,B-,461.125,116.0
3690,C,F,4,B-,"(0, 3, 5, 9)",V7,E-,A,B-,461.25,116.0
3691,C,F,4,B-,"(0, 3, 5, 9)",V7,E-,A,B-,461.375,116.0
3692,C,F,4,B-,"(0, 3, 5, 9)",V7,E-,A,B-,461.5,116.0
3693,C,F,4,B-,"(0, 3, 5, 9)",V7,E-,A,B-,461.625,116.0
3694,C,F,4,B-,"(0, 3, 5, 9)",V7,E-,A,B-,461.75,116.0
3695,C,F,4,B-,"(0, 3, 5, 9)",V7,E-,A,B-,461.875,116.0
3696,C,F,5,B-,"(0, 3, 5, 9)",V7,E-,A,B-,462.0,116.0
3697,C,F,5,B-,"(0, 3, 5, 9)",V7,E-,A,B-,462.125,116.0
3698,C,F,5,B-,"(0, 3, 5, 9)",V7,E-,A,B-,462.25,116.0
3699,C,F,5,B-,"(0, 3, 5, 9)",V7,E-,A,B-,462.375,116.0
3700,C,F,5,B-,"(0, 3, 5, 9)",V7,E-,A,B-,462.5,116.0
3701,C,F,5,B-,"(0, 3, 5, 9)",V7,E-,A,B-,462.625,116.0
3702,C,F,5,B-,"(0, 3, 5, 9)",V7,E-,A,B-,462.75,116.0
3703,C,F,5,B-,"(0, 3, 5, 9)",V7,E-,A,B-,462.875,116.0
3704,C,F,5,B-,"(0, 3, 5, 9)",V7,E-,A,B-,463.0,116.0
3705,C,F,5,B-,"(0, 3, 5, 9)",V7,E-,A,B-,463.125,116.0
3706,C,F,5,B-,"(0, 3, 5, 9)",V7,E-,A,B-,463.25,116.0
3707,C,F,5,B-,"(0, 3, 5, 9)",V7,E-,A,B-,463.375,116.0
3708,C,F,5,B-,"(0, 3, 5, 9)",V7,E-,A,B-,463.5,116.0
3709,C,F,5,B-,"(0, 3, 5, 9)",V7,E-,A,B-,463.625,116.0
3710,C,F,5,B-,"(0, 3, 5, 9)",V7,E-,A,B-,463.75,116.0
3711,C,F,5,B-,"(0, 3, 5, 9)",V7,E-,A,B-,463.875,116.0
3712,C,F,0,B-,"(0, 3, 5, 9)",V7,E-,A,B-,464.0,117.0
3713,C,F,1,B-,"(0, 3, 5, 9)",V7,E-,A,B-,464.125,117.0
3714,C,F,2,B-,"(0, 3, 5, 9)",V7,E-,A,B-,464.25,117.0
3715,C,F,2,B-,"(0, 3, 5, 9)",V7,E-,A,B-,464.375,117.0
3716,C,F,3,B-,"(0, 3, 5, 9)",V7,E-,A,B-,464.5,117.0
3717,C,F,3,B-,"(0, 3, 5, 9)",V7,E-,A,B-,464.625,117.0
3718,C,F,3,B-,"(0, 3, 5, 9)",V7,E-,A,B-,464.75,117.0
3719,C,F,3,B-,"(0, 3, 5, 9)",V7,E-,A,B-,464.875,117.0
3720,C,F,4,B-,"(0, 3, 5, 9)",V7,E-,A,B-,465.0,117.0
3721,C,F,4,B-,"(0, 3, 5, 9)",V7,E-,A,B-,465.125,117.0
3722,C,F,4,B-,"(0, 3, 5, 9)",V7,E-,A,B-,465.25,117.0
3723,C,F,4,B-,"(0, 3, 5, 9)",V7,E-,A,B-,465.375,117.0
3724,C,F,4,B-,"(0, 3, 5, 9)",V7,E-,A,B-,465.5,117.0
3725,C,F,4,B-,"(0, 3, 5, 9)",V7,E-,A,B-,465.625,117.0
3726,C,F,4,B-,"(0, 3, 5, 9)",V7,E-,A,B-,465.75,117.0
3727,C,F,4,B-,"(0, 3, 5, 9)",V7,E-,A,B-,465.875,117.0
3728,C,F,5,B-,"(0, 3, 5, 9)",V7,E-,A,B-,466.0,117.0
3729,C,F,5,B-,"(0, 3, 5, 9)",V7,E-,A,B-,466.125,117.0
3730,C,F,5,B-,"(0, 3, 5, 9)",V7,E-,A,B-,466.25,117.0
3731,C,F,5,B-,"(0, 3, 5, 9)",V7,E-,A,B-,466.375,117.0
3732,C,F,5,B-,"(0, 3, 5, 9)",V7,E-,A,B-,466.5,117.0
3733,C,F,5,B-,"(0, 3, 5, 9)",V7,E-,A,B-,466.625,117.0
3734,C,F,5,B-,"(0, 3, 5, 9)",V7,E-,A,B-,466.75,117.0
3735,C,F,5,B-,"(0, 3, 5, 9)",V7,E-,A,B-,466.875,117.0
3736,D,F,0,B-,"(2, 5, 10)",I,E-,B-,B-,467.0,117.0
3737,D,F,1,B-,"(2, 5, 10)",I,E-,B-,B-,467.125,117.0
3738,D,F,2,B-,"(2, 5, 10)",I,E-,B-,B-,467.25,117.0
3739,D,F,2,B-,"(2, 5, 10)",I,E-,B-,B-,467.375,117.0
3740,D,F,3,B-,"(2, 5, 10)",I,E-,B-,B-,467.5,117.0
3741,D,F,3,B-,"(2, 5, 10)",I,E-,B-,B-,467.625,117.0
3742,D,F,3,B-,"(2, 5, 10)",I,E-,B-,B-,467.75,117.0
3743,D,F,3,B-,"(2, 5, 10)",I,E-,B-,B-,467.875,117.0
3744,B-,E-,0,B-,"(3, 7, 10)",IV,E-,G,B-,468.0,118.0
3745,B-,E-,1,B-,"(3, 7, 10)",IV,E-,G,B-,468.125,118.0
3746,B-,E-,2,B-,"(3, 7, 10)",IV,E-,G,B-,468.25,118.0
3747,B-,E-,2,B-,"(3, 7, 10)",IV,E-,G,B-,468.375,118.0
3748,B-,E-,3,B-,"(3, 7, 10)",IV,E-,G,B-,468.5,118.0
3749,B-,E-,3,B-,"(3, 7, 10)",IV,E-,G,B-,468.625,118.0
3750,B-,E-,3,B-,"(3, 7, 10)",IV,E-,G,B-,468.75,118.0
3751,B-,E-,3,B-,"(3, 7, 10)",IV,E-,G,B-,468.875,118.0
3752,B-,E-,4,B-,"(3, 7, 10)",IV,E-,G,B-,469.0,118.0
3753,B-,E-,4,B-,"(3, 7, 10)",IV,E-,G,B-,469.125,118.0
3754,B-,E-,4,B-,"(3, 7, 10)",IV,E-,G,B-,469.25,118.0
3755,B-,E-,4,B-,"(3, 7, 10)",IV,E-,G,B-,469.375,118.0
3756,B-,E-,4,B-,"(3, 7, 10)",IV,E-,G,B-,469.5,118.0
3757,B-,E-,4,B-,"(3, 7, 10)",IV,E-,G,B-,469.625,118.0
3758,B-,E-,4,B-,"(3, 7, 10)",IV,E-,G,B-,469.75,118.0
3759,B-,E-,4,B-,"(3, 7, 10)",IV,E-,G,B-,469.875,118.0
3760,B-,E-,5,B-,"(3, 7, 10)",IV,E-,G,B-,470.0,118.0
3761,B-,E-,5,B-,"(3, 7, 10)",IV,E-,G,B-,470.125,118.0
3762,B-,E-,5,B-,"(3, 7, 10)",IV,E-,G,B-,470.25,118.0
3763,B-,E-,5,B-,"(3, 7, 10)",IV,E-,G,B-,470.375,118.0
3764,B-,E-,5,B-,"(3, 7, 10)",IV,E-,G,B-,470.5,118.0
3765,B-,E-,5,B-,"(3, 7, 10)",IV,E-,G,B-,470.625,118.0
3766,B-,E-,5,B-,"(3, 7, 10)",IV,E-,G,B-,470.75,118.0
3767,B-,E-,5,B-,"(3, 7, 10)",IV,E-,G,B-,470.875,118.0
3768,B-,E-,5,B-,"(3, 7, 10)",IV,E-,G,B-,471.0,118.0
3769,B-,E-,5,B-,"(3, 7, 10)",IV,E-,G,B-,471.125,118.0
3770,B-,E-,5,B-,"(3, 7, 10)",IV,E-,G,B-,471.25,118.0
3771,B-,E-,5,B-,"(3, 7, 10)",IV,E-,G,B-,471.375,118.0
3772,B-,E-,5,B-,"(3, 7, 10)",IV,E-,G,B-,471.5,118.0
3773,B-,E-,5,B-,"(3, 7, 10)",IV,E-,G,B-,471.625,118.0
3774,B-,E-,5,B-,"(3, 7, 10)",IV,E-,G,B-,471.75,118.0
3775,B-,E-,5,B-,"(3, 7, 10)",IV,E-,G,B-,471.875,118.0
3776,D,F,0,B-,"(2, 5, 10)",V7,D,A,B-,472.0,119.0
3777,D,F,1,B-,"(2, 5, 10)",I,D,A,B-,472.125,119.0
3778,D,F,2,B-,"(2, 5, 10)",I,D,A,B-,472.25,119.0
3779,D,F,2,B-,"(2, 5, 10)",I,D,A,B-,472.375,119.0
3780,D,F,3,B-,"(2, 5, 10)",I,D,A,B-,472.5,119.0
3781,D,F,3,B-,"(2, 5, 10)",I,D,A,B-,472.625,119.0
3782,D,F,3,B-,"(2, 5, 10)",I,D,A,B-,472.75,119.0
3783,D,F,3,B-,"(2, 5, 10)",I,D,A,B-,472.875,119.0
3784,D,F,4,B-,"(2, 5, 10)",I,D,A,B-,473.0,119.0
3785,D,F,4,B-,"(2, 5, 10)",I,D,A,B-,473.125,119.0
3786,D,F,4,B-,"(2, 5, 10)",I,D,A,B-,473.25,119.0
3787,D,F,4,B-,"(2, 5, 10)",I,D,A,B-,473.375,119.0
3788,D,F,4,B-,"(2, 5, 10)",I,D,A,B-,473.5,119.0
3789,D,F,4,B-,"(2, 5, 10)",I,D,A,B-,473.625,119.0
3790,D,F,4,B-,"(2, 5, 10)",I,D,A,B-,473.75,119.0
3791,D,F,4,B-,"(2, 5, 10)",I,D,A,B-,473.875,119.0
3792,D,F,5,B-,"(2, 5, 10)",I,D,A,B-,474.0,119.0
3793,D,F,5,B-,"(2, 5, 10)",I,D,A,B-,474.125,119.0
3794,D,F,5,B-,"(2, 5, 10)",I,D,A,B-,474.25,119.0
3795,D,F,5,B-,"(2, 5, 10)",I,D,A,B-,474.375,119.0
3796,D,F,5,B-,"(2, 5, 10)",I,D,A,B-,474.5,119.0
3797,D,F,5,B-,"(2, 5, 10)",I,D,A,B-,474.625,119.0
3798,D,F,5,B-,"(2, 5, 10)",I,D,A,B-,474.75,119.0
3799,D,F,5,B-,"(2, 5, 10)",I,D,A,B-,474.875,119.0
3800,D,F,5,B-,"(2, 5, 10)",I,D,A,B-,475.0,119.0
3801,D,F,5,B-,"(2, 5, 10)",I,D,A,B-,475.125,119.0
3802,D,F,5,B-,"(2, 5, 10)",I,D,A,B-,475.25,119.0
3803,D,F,5,B-,"(2, 5, 10)",I,D,A,B-,475.375,119.0
3804,D,F,5,B-,"(2, 5, 10)",I,D,A,B-,475.5,119.0
3805,D,F,5,B-,"(2, 5, 10)",I,D,A,B-,475.625,119.0
3806,D,F,5,B-,"(2, 5, 10)",I,D,A,B-,475.75,119.0
3807,D,F,5,B-,"(2, 5, 10)",I,D,A,B-,475.875,119.0
3808,C,F,0,B-,"(0, 3, 5, 9)",V7,E-,A,B-,476.0,120.0
3809,C,F,1,B-,"(0, 3, 5, 9)",V7,E-,A,B-,476.125,120.0
3810,C,F,2,B-,"(0, 3, 5, 9)",V7,E-,A,B-,476.25,120.0
3811,C,F,2,B-,"(0, 3, 5, 9)",V7,E-,A,B-,476.375,120.0
3812,C,F,3,B-,"(0, 3, 5, 9)",V7,E-,A,B-,476.5,120.0
3813,C,F,3,B-,"(0, 3, 5, 9)",V7,E-,A,B-,476.625,120.0
3814,C,F,3,B-,"(0, 3, 5, 9)",V7,E-,A,B-,476.75,120.0
3815,C,F,3,B-,"(0, 3, 5, 9)",V7,E-,A,B-,476.875,120.0
3816,C,F,4,B-,"(0, 3, 5, 9)",V7,E-,A,B-,477.0,120.0
3817,C,F,4,B-,"(0, 3, 5, 9)",V7,E-,A,B-,477.125,120.0
3818,C,F,4,B-,"(0, 3, 5, 9)",V7,E-,A,B-,477.25,120.0
3819,C,F,4,B-,"(0, 3, 5, 9)",V7,E-,A,B-,477.375,120.0
3820,C,F,4,B-,"(0, 3, 5, 9)",V7,E-,A,B-,477.5,120.0
3821,C,F,4,B-,"(0, 3, 5, 9)",V7,E-,A,B-,477.625,120.0
3822,C,F,4,B-,"(0, 3, 5, 9)",V7,E-,A,B-,477.75,120.0
3823,C,F,4,B-,"(0, 3, 5, 9)",V7,E-,A,B-,477.875,120.0
3824,F,B-,0,B-,"(2, 5, 10)",I,B-,D,B-,478.0,120.0
3825,F,B-,1,B-,"(2, 5, 10)",I,B-,D,B-,478.125,120.0
3826,F,B-,2,B-,"(2, 5, 10)",I,B-,D,B-,478.25,120.0
3827,F,B-,2,B-,"(2, 5, 10)",I,B-,D,B-,478.375,120.0
3828,F,B-,3,B-,"(2, 5, 10)",I,B-,D,B-,478.5,120.0
3829,F,B-,3,B-,"(2, 5, 10)",I,B-,D,B-,478.625,120.0
3830,F,B-,3,B-,"(2, 5, 10)",I,B-,D,B-,478.75,120.0
3831,F,B-,3,B-,"(2, 5, 10)",I,B-,D,B-,478.875,120.0
3832,F,B-,0,B-,"(2, 5, 10)",V7,B-,D,B-,479.0,120.0
3833,F,B-,1,B-,"(2, 5, 10)",V7,B-,D,B-,479.125,120.0
3834,F,B-,2,B-,"(2, 5, 10)",V7,B-,D,B-,479.25,120.0
3835,F,B-,2,B-,"(2, 5, 10)",V7,B-,D,B-,479.375,120.0
3836,F,B-,3,B-,"(2, 5, 10)",V7,B-,D,B-,479.5,120.0
3837,F,B-,3,B-,"(2, 5, 10)",V7,B-,D,B-,479.625,120.0
3838,F,B-,3,B-,"(2, 5, 10)",V7,B-,D,B-,479.75,120.0
3839,F,F,3,B-,"(2, 5, 10)",V7,B-,D,B-,479.875,120.0
3840,C,F,0,B-,"(0, 5, 9)",V,F,A,B-,480.0,121.0
3841,C,F,1,B-,"(0, 5, 9)",V,F,A,B-,480.125,121.0
3842,C,F,2,B-,"(0, 5, 9)",V,F,A,B-,480.25,121.0
3843,C,F,2,B-,"(0, 5, 9)",V,F,A,B-,480.375,121.0
3844,C,F,3,B-,"(0, 5, 9)",V,F,A,B-,480.5,121.0
3845,C,F,3,B-,"(0, 5, 9)",V,F,A,B-,480.625,121.0
3846,C,F,3,B-,"(0, 5, 9)",V,F,A,B-,480.75,121.0
3847,C,F,3,B-,"(0, 5, 9)",V,F,A,B-,480.875,121.0
3848,C,F,4,B-,"(0, 5, 9)",V,F,A,B-,481.0,121.0
3849,C,F,4,B-,"(0, 5, 9)",V,F,A,B-,481.125,121.0
3850,C,F,4,B-,"(0, 5, 9)",V,F,A,B-,481.25,121.0
3851,C,F,4,B-,"(0, 5, 9)",V,F,A,B-,481.375,121.0
3852,C,F,4,B-,"(0, 5, 9)",V,F,A,B-,481.5,121.0
3853,C,F,4,B-,"(0, 5, 9)",V,F,A,B-,481.625,121.0
3854,C,F,4,B-,"(0, 5, 9)",V,F,A,B-,481.75,121.0
3855,C,F,4,B-,"(0, 5, 9)",V,F,A,B-,481.875,121.0
3856,C,F,5,B-,"(0, 5, 9)",V,F,A,B-,482.0,121.0
3857,C,F,5,B-,"(0, 5, 9)",V,F,A,B-,482.125,121.0
3858,C,F,5,B-,"(0, 5, 9)",V,F,A,B-,482.25,121.0
3859,C,F,5,B-,"(0, 5, 9)",V,F,A,B-,482.375,121.0
3860,C,F,5,B-,"(0, 5, 9)",V,F,A,B-,482.5,121.0
3861,C,F,5,B-,"(0, 5, 9)",V,F,A,B-,482.625,121.0
3862,C,F,5,B-,"(0, 5, 9)",V,F,A,B-,482.75,121.0
3863,C,F,5,B-,"(0, 5, 9)",V,F,A,B-,482.875,121.0
3864,C,F,5,B-,"(0, 5, 9)",V,F,A,B-,483.0,121.0
3865,C,F,5,B-,"(0, 5, 9)",V,F,A,B-,483.125,121.0
3866,C,F,5,B-,"(0, 5, 9)",V,F,A,B-,483.25,121.0
3867,C,F,5,B-,"(0, 5, 9)",V,F,A,B-,483.375,121.0
3868,C,F,5,B-,"(0, 5, 9)",V,F,A,B-,483.5,121.0
3869,C,F,5,B-,"(0, 5, 9)",V,F,A,B-,483.625,121.0
3870,C,F,5,B-,"(0, 5, 9)",V,F,A,B-,483.75,121.0
3871,C,F,5,B-,"(0, 5, 9)",V,F,A,B-,483.875,121.0
3872,C,F,0,B-,"(0, 5, 9)",I,F,A,B-,484.0,122.0
3873,C,F,1,B-,"(0, 5, 9)",I,F,A,B-,484.125,122.0
3874,C,F,2,B-,"(0, 5, 9)",I,F,A,B-,484.25,122.0
3875,C,F,2,B-,"(0, 5, 9)",I,F,A,B-,484.375,122.0
3876,C,F,3,B-,"(0, 5, 9)",I,F,A,B-,484.5,122.0
3877,C,F,3,B-,"(0, 5, 9)",I,F,A,B-,484.625,122.0
3878,C,F,3,B-,"(0, 5, 9)",I,F,A,B-,484.75,122.0
3879,C,F,3,B-,"(0, 5, 9)",I,F,A,B-,484.875,122.0
3880,C,F,4,B-,"(0, 5, 9)",I,F,A,B-,485.0,122.0
3881,C,F,4,B-,"(0, 5, 9)",I,F,A,B-,485.125,122.0
3882,C,F,4,B-,"(0, 5, 9)",I,F,A,B-,485.25,122.0
3883,C,F,4,B-,"(0, 5, 9)",I,F,A,B-,485.375,122.0
3884,C,F,4,B-,"(0, 5, 9)",I,F,A,B-,485.5,122.0
3885,C,F,4,B-,"(0, 5, 9)",I,F,A,B-,485.625,122.0
3886,C,F,4,B-,"(0, 5, 9)",I,F,A,B-,485.75,122.0
3887,C,F,4,B-,"(0, 5, 9)",I,F,A,B-,485.875,122.0
3888,C,F,5,B-,"(0, 5, 9)",I,F,A,B-,486.0,122.0
3889,C,F,5,B-,"(0, 5, 9)",I,F,A,B-,486.125,122.0
3890,C,F,5,B-,"(0, 5, 9)",I,F,A,B-,486.25,122.0
3891,C,F,5,B-,"(0, 5, 9)",I,F,A,B-,486.375,122.0
3892,C,F,5,B-,"(0, 5, 9)",I,F,A,B-,486.5,122.0
3893,C,F,5,B-,"(0, 5, 9)",I,F,A,B-,486.625,122.0
3894,C,F,5,B-,"(0, 5, 9)",I,F,A,B-,486.75,122.0
3895,C,F,5,B-,"(0, 5, 9)",I,F,A,B-,486.875,122.0
3896,C,F,5,B-,"(0, 5, 9)",V,F,A,B-,487.0,122.0
3897,C,F,5,B-,"(0, 5, 9)",V,F,A,B-,487.125,122.0
3898,C,F,5,B-,"(0, 5, 9)",V,F,A,B-,487.25,122.0
3899,C,F,5,B-,"(0, 5, 9)",V,F,A,B-,487.375,122.0
3900,C,F,5,B-,"(0, 5, 9)",V,F,A,B-,487.5,122.0
3901,C,F,5,B-,"(0, 5, 9)",V,F,A,B-,487.625,122.0
3902,C,F,5,B-,"(0, 5, 9)",V,F,A,B-,487.75,122.0
3903,C,F,5,B-,"(0, 5, 9)",V,F,A,B-,487.875,122.0
3904,C,F,0,B-,"(0, 3, 5, 9)",V7,E-,A,B-,488.0,123.0
3905,C,F,1,B-,"(0, 3, 5, 9)",V7,E-,A,B-,488.125,123.0
3906,C,F,2,B-,"(0, 3, 5, 9)",V7,E-,A,B-,488.25,123.0
3907,C,F,2,B-,"(0, 3, 5, 9)",V7,E-,A,B-,488.375,123.0
3908,C,F,3,B-,"(0, 3, 5, 9)",V7,E-,A,B-,488.5,123.0
3909,C,F,3,B-,"(0, 3, 5, 9)",V7,E-,A,B-,488.625,123.0
3910,C,F,3,B-,"(0, 3, 5, 9)",V7,E-,A,B-,488.75,123.0
3911,C,F,3,B-,"(0, 3, 5, 9)",V7,E-,A,B-,488.875,123.0
3912,C,F,4,B-,"(0, 3, 5, 9)",V7,E-,A,B-,489.0,123.0
3913,C,F,4,B-,"(0, 3, 5, 9)",V7,E-,A,B-,489.125,123.0
3914,C,F,4,B-,"(0, 3, 5, 9)",V7,E-,A,B-,489.25,123.0
3915,C,F,4,B-,"(0, 3, 5, 9)",V7,E-,A,B-,489.375,123.0
3916,C,F,4,B-,"(0, 3, 5, 9)",V7,E-,A,B-,489.5,123.0
3917,C,F,4,B-,"(0, 3, 5, 9)",V7,E-,A,B-,489.625,123.0
3918,C,F,4,B-,"(0, 3, 5, 9)",V7,E-,A,B-,489.75,123.0
3919,C,F,4,B-,"(0, 3, 5, 9)",V7,E-,A,B-,489.875,123.0
3920,C,F,0,B-,"(2, 5, 10)",I,B-,B-,B-,490.0,123.0
3921,C,F,1,B-,"(2, 5, 10)",I,B-,A,B-,490.125,123.0
3922,C,F,2,B-,"(2, 5, 10)",I,B-,A,B-,490.25,123.0
3923,C,F,2,B-,"(2, 5, 10)",I,B-,A,B-,490.375,123.0
3924,C,F,3,B-,"(2, 5, 10)",I,B-,A,B-,490.5,123.0
3925,C,F,3,B-,"(2, 5, 10)",I,B-,A,B-,490.625,123.0
3926,C,F,3,B-,"(2, 5, 10)",I,B-,A,B-,490.75,123.0
3927,C,F,3,B-,"(2, 5, 10)",I,B-,A,B-,490.875,123.0
3928,C,F,0,B-,"(0, 5, 9)",V,F,A,B-,491.0,123.0
3929,C,F,1,B-,"(0, 5, 9)",V,F,A,B-,491.125,123.0
3930,C,F,2,B-,"(0, 5, 9)",V,F,A,B-,491.25,123.0
3931,C,F,2,B-,"(0, 5, 9)",V,F,A,B-,491.375,123.0
3932,C,F,3,B-,"(0, 5, 9)",V,F,A,B-,491.5,123.0
3933,C,F,3,B-,"(0, 5, 9)",V,F,A,B-,491.625,123.0
3934,C,F,3,B-,"(0, 5, 9)",V,F,A,B-,491.75,123.0
3935,C,F,3,B-,"(0, 5, 9)",V,F,A,B-,491.875,123.0
3936,F,B-,0,B-,"(2, 5, 10)",I,B-,D,B-,492.0,124.0
3937,F,B-,1,B-,"(2, 5, 10)",I,B-,D,B-,492.125,124.0
3938,F,B-,2,B-,"(2, 5, 10)",I,B-,D,B-,492.25,124.0
3939,F,B-,2,B-,"(2, 5, 10)",I,B-,D,B-,492.375,124.0
3940,F,B-,3,B-,"(2, 5, 10)",I,B-,D,B-,492.5,124.0
3941,F,B-,3,B-,"(2, 5, 10)",I,B-,D,B-,492.625,124.0
3942,F,B-,3,B-,"(2, 5, 10)",I,B-,D,B-,492.75,124.0
3943,F,B-,3,B-,"(2, 5, 10)",I,B-,D,B-,492.875,124.0
3944,F,B-,4,B-,"(2, 5, 10)",I,B-,D,B-,493.0,124.0
3945,F,B-,4,B-,"(2, 5, 10)",I,B-,D,B-,493.125,124.0
3946,F,B-,4,B-,"(2, 5, 10)",I,B-,D,B-,493.25,124.0
3947,F,B-,4,B-,"(2, 5, 10)",I,B-,D,B-,493.375,124.0
3948,F,B-,4,B-,"(2, 5, 10)",I,B-,D,B-,493.5,124.0
3949,F,B-,4,B-,"(2, 5, 10)",I,B-,D,B-,493.625,124.0
3950,F,B-,4,B-,"(2, 5, 10)",I,B-,D,B-,493.75,124.0
3951,F,B-,4,B-,"(2, 5, 10)",I,B-,D,B-,493.875,124.0
3952,F,B-,5,B-,"(2, 5, 10)",I,B-,D,B-,494.0,124.0
3953,F,B-,5,B-,"(2, 5, 10)",I,B-,D,B-,494.125,124.0
3954,F,B-,5,B-,"(2, 5, 10)",I,B-,D,B-,494.25,124.0
3955,F,B-,5,B-,"(2, 5, 10)",I,B-,D,B-,494.375,124.0
3956,F,B-,5,B-,"(2, 5, 10)",I,B-,D,B-,494.5,124.0
3957,F,B-,5,B-,"(2, 5, 10)",I,B-,D,B-,494.625,124.0
3958,F,B-,5,B-,"(2, 5, 10)",I,B-,D,B-,494.75,124.0
3959,F,B-,5,B-,"(2, 5, 10)",I,B-,D,B-,494.875,124.0
3960,F,B-,5,B-,"(2, 5, 10)",I,B-,D,B-,495.0,124.0
3961,F,B-,5,B-,"(2, 5, 10)",I,B-,D,B-,495.125,124.0
3962,F,B-,5,B-,"(2, 5, 10)",I,B-,D,B-,495.25,124.0
3963,F,B-,5,B-,"(2, 5, 10)",I,B-,D,B-,495.375,124.0
3964,F,B-,5,B-,"(2, 5, 10)",I,B-,D,B-,495.5,124.0
3965,F,B-,5,B-,"(2, 5, 10)",I,B-,D,B-,495.625,124.0
3966,F,B-,5,B-,"(2, 5, 10)",I,B-,D,B-,495.75,124.0
3967,F,B-,5,B-,"(2, 5, 10)",I,B-,D,B-,495.875,124.0
3968,B-,D,0,B-,"(2, 5, 10)",I,B-,F,B-,496.0,125.0
3969,B-,D,1,B-,"(2, 5, 10)",I,B-,F,B-,496.125,125.0
3970,B-,D,2,B-,"(2, 5, 10)",I,B-,F,B-,496.25,125.0
3971,B-,D,2,B-,"(2, 5, 10)",I,B-,F,B-,496.375,125.0
3972,B-,D,3,B-,"(2, 5, 10)",I,B-,F,B-,496.5,125.0
3973,B-,D,3,B-,"(2, 5, 10)",I,B-,F,B-,496.625,125.0
3974,B-,D,3,B-,"(2, 5, 10)",I,B-,F,B-,496.75,125.0
3975,B-,D,3,B-,"(2, 5, 10)",I,B-,F,B-,496.875,125.0
3976,B-,E-,0,B-,"(2, 5, 10)",I,B-,G,B-,497.0,125.0
3977,B-,E-,1,B-,"(2, 5, 10)",I,B-,G,B-,497.125,125.0
3978,B-,E-,2,B-,"(2, 5, 10)",I,B-,G,B-,497.25,125.0
3979,B-,E-,2,B-,"(2, 5, 10)",I,B-,G,B-,497.375,125.0
3980,B-,E-,3,B-,"(2, 5, 10)",I,B-,G,B-,497.5,125.0
3981,B-,E-,3,B-,"(2, 5, 10)",I,B-,G,B-,497.625,125.0
3982,B-,E-,3,B-,"(2, 5, 10)",I,B-,G,B-,497.75,125.0
3983,B-,E-,3,B-,"(2, 5, 10)",I,B-,G,B-,497.875,125.0
3984,C,E,0,B-,"(0, 4, 7, 10)",V7,C,G,B-,498.0,125.0
3985,C,E,1,B-,"(0, 4, 7, 10)",V7,C,G,B-,498.125,125.0
3986,C,E,2,B-,"(0, 4, 7, 10)",V7,C,G,B-,498.25,125.0
3987,C,E,2,B-,"(0, 4, 7, 10)",V7,C,G,B-,498.375,125.0
3988,C,E,3,B-,"(0, 4, 7, 10)",V7,C,G,B-,498.5,125.0
3989,C,E,3,B-,"(0, 4, 7, 10)",V7,C,G,B-,498.625,125.0
3990,C,E,3,B-,"(0, 4, 7, 10)",V7,C,G,B-,498.75,125.0
3991,C,E,3,B-,"(0, 4, 7, 10)",V7,C,G,B-,498.875,125.0
3992,C,F,0,B-,"(0, 5, 9)",V,F,A,B-,499.0,125.0
3993,C,F,1,B-,"(0, 5, 9)",V,F,A,B-,499.125,125.0
3994,C,F,2,B-,"(0, 5, 9)",V,F,A,B-,499.25,125.0
3995,C,F,2,B-,"(0, 5, 9)",V,F,A,B-,499.375,125.0
3996,C,F,3,B-,"(0, 5, 9)",V,F,A,B-,499.5,125.0
3997,C,F,3,B-,"(0, 5, 9)",V,F,A,B-,499.625,125.0
3998,C,F,3,B-,"(0, 5, 9)",V,F,A,B-,499.75,125.0
3999,C,F,3,B-,"(0, 5, 9)",V,F,A,B-,499.875,125.0
4000,F,B-,0,B-,"(2, 5, 10)",I,B-,D,B-,500.0,126.0
4001,F,B-,1,B-,"(2, 5, 10)",I,B-,D,B-,500.125,126.0
4002,F,B-,2,B-,"(2, 5, 10)",I,B-,D,B-,500.25,126.0
4003,F,B-,2,B-,"(2, 5, 10)",I,B-,D,B-,500.375,126.0
4004,F,B-,3,B-,"(2, 5, 10)",I,B-,D,B-,500.5,126.0
4005,F,B-,3,B-,"(2, 5, 10)",I,B-,D,B-,500.625,126.0
4006,F,B-,3,B-,"(2, 5, 10)",I,B-,D,B-,500.75,126.0
4007,F,B-,3,B-,"(2, 5, 10)",I,B-,D,B-,500.875,126.0
4008,F,B-,4,B-,"(2, 5, 10)",I,B-,D,B-,501.0,126.0
4009,F,B-,4,B-,"(2, 5, 10)",I,B-,D,B-,501.125,126.0
4010,F,B-,4,B-,"(2, 5, 10)",I,B-,D,B-,501.25,126.0
4011,F,B-,4,B-,"(2, 5, 10)",I,B-,D,B-,501.375,126.0
4012,F,B-,4,B-,"(2, 5, 10)",I,B-,D,B-,501.5,126.0
4013,F,B-,4,B-,"(2, 5, 10)",I,B-,D,B-,501.625,126.0
4014,F,B-,4,B-,"(2, 5, 10)",I,B-,D,B-,501.75,126.0
4015,F,B-,4,B-,"(2, 5, 10)",I,B-,D,B-,501.875,126.0
4016,F,B-,5,B-,"(2, 5, 10)",I,B-,D,B-,502.0,126.0
4017,F,B-,5,B-,"(2, 5, 10)",I,B-,D,B-,502.125,126.0
4018,F,B-,5,B-,"(2, 5, 10)",I,B-,D,B-,502.25,126.0
4019,F,B-,5,B-,"(2, 5, 10)",I,B-,D,B-,502.375,126.0
4020,F,B-,5,B-,"(2, 5, 10)",I,B-,D,B-,502.5,126.0
4021,F,B-,5,B-,"(2, 5, 10)",I,B-,D,B-,502.625,126.0
4022,F,B-,5,B-,"(2, 5, 10)",I,B-,D,B-,502.75,126.0
4023,F,B-,5,B-,"(2, 5, 10)",I,B-,D,B-,502.875,126.0
4024,F,B-,5,B-,"(2, 5, 10)",I,B-,D,B-,503.0,126.0
4025,F,B-,5,B-,"(2, 5, 10)",I,B-,D,B-,503.125,126.0
4026,F,B-,5,B-,"(2, 5, 10)",I,B-,D,B-,503.25,126.0
4027,F,B-,5,B-,"(2, 5, 10)",I,B-,D,B-,503.375,126.0
4028,F,B-,5,B-,"(2, 5, 10)",I,B-,D,B-,503.5,126.0
4029,F,B-,5,B-,"(2, 5, 10)",I,B-,D,B-,503.625,126.0
4030,F,B-,5,B-,"(2, 5, 10)",I,B-,D,B-,503.75,126.0
4031,F,B-,5,B-,"(2, 5, 10)",I,B-,D,B-,503.875,126.0
4032,B-,D,0,B-,"(2, 5, 10)",I,B-,F,B-,504.0,127.0
4033,B-,D,1,B-,"(2, 5, 10)",I,B-,F,B-,504.125,127.0
4034,B-,D,2,B-,"(2, 5, 10)",I,B-,F,B-,504.25,127.0
4035,B-,D,2,B-,"(2, 5, 10)",I,B-,F,B-,504.375,127.0
4036,B-,D,3,B-,"(2, 5, 10)",I,B-,F,B-,504.5,127.0
4037,B-,D,3,B-,"(2, 5, 10)",I,B-,F,B-,504.625,127.0
4038,B-,D,3,B-,"(2, 5, 10)",I,B-,F,B-,504.75,127.0
4039,B-,D,3,B-,"(2, 5, 10)",I,B-,F,B-,504.875,127.0
4040,B-,E-,4,B-,"(2, 5, 10)",I,B-,G,B-,505.0,127.0
4041,B-,E-,1,B-,"(2, 5, 10)",vi,B-,G,B-,505.125,127.0
4042,B-,E-,4,B-,"(2, 5, 10)",vi,B-,G,B-,505.25,127.0
4043,B-,E-,4,B-,"(2, 5, 10)",vi,B-,G,B-,505.375,127.0
4044,B-,E-,4,B-,"(2, 5, 10)",I,B-,G,B-,505.5,127.0
4045,B-,E-,4,B-,"(2, 5, 10)",I,B-,G,B-,505.625,127.0
4046,B-,E-,4,B-,"(2, 5, 10)",I,B-,G,B-,505.75,127.0
4047,B-,E-,4,B-,"(2, 5, 10)",I,B-,G,B-,505.875,127.0
4048,C,E,0,B-,"(0, 4, 7, 10)",V,C,G,B-,506.0,127.0
4049,C,E,1,B-,"(0, 4, 7, 10)",V7,C,G,F,506.125,127.0
4050,C,E,2,B-,"(0, 4, 7, 10)",V7,C,G,F,506.25,127.0
4051,C,E,2,B-,"(0, 4, 7, 10)",V7,C,G,F,506.375,127.0
4052,C,E,3,B-,"(0, 4, 7, 10)",V7,C,G,F,506.5,127.0
4053,C,E,3,B-,"(0, 4, 7, 10)",V7,C,G,F,506.625,127.0
4054,C,E,3,B-,"(0, 4, 7, 10)",V,C,G,F,506.75,127.0
4055,C,E,3,B-,"(0, 4, 7, 10)",V7,C,G,F,506.875,127.0
4056,C,F,0,B-,"(0, 5, 9)",V,F,A,B-,507.0,127.0
4057,C,F,1,B-,"(0, 5, 9)",V,F,A,B-,507.125,127.0
4058,C,F,2,B-,"(0, 5, 9)",V,F,A,B-,507.25,127.0
4059,C,F,2,B-,"(0, 5, 9)",V,F,A,B-,507.375,127.0
4060,C,F,3,B-,"(0, 5, 9)",V,F,A,B-,507.5,127.0
4061,C,F,3,B-,"(0, 5, 9)",V,F,A,B-,507.625,127.0
4062,C,F,3,B-,"(0, 5, 9)",V,F,A,B-,507.75,127.0
4063,C,F,3,B-,"(0, 5, 9)",V,F,A,B-,507.875,127.0
4064,F,B-,0,B-,"(2, 5, 10)",I,B-,D,B-,508.0,128.0
4065,F,B-,1,B-,"(2, 5, 10)",I,B-,D,B-,508.125,128.0
4066,F,B-,2,B-,"(2, 5, 10)",I,B-,D,B-,508.25,128.0
4067,F,B-,2,B-,"(2, 5, 10)",I,B-,D,B-,508.375,128.0
4068,F,B-,3,B-,"(2, 5, 10)",I,B-,D,B-,508.5,128.0
4069,F,B-,3,B-,"(2, 5, 10)",I,B-,D,B-,508.625,128.0
4070,F,B-,3,B-,"(2, 5, 10)",I,B-,D,B-,508.75,128.0
4071,F,B-,3,B-,"(2, 5, 10)",I,B-,D,B-,508.875,128.0
4072,F,B-,4,B-,"(2, 5, 10)",I,B-,D,B-,509.0,128.0
4073,F,B-,4,B-,"(2, 5, 10)",I,B-,D,B-,509.125,128.0
4074,F,B-,4,B-,"(2, 5, 10)",I,B-,D,B-,509.25,128.0
4075,F,B-,4,B-,"(2, 5, 10)",I,B-,D,B-,509.375,128.0
4076,F,B-,4,B-,"(2, 5, 10)",I,B-,D,B-,509.5,128.0
4077,F,B-,4,B-,"(2, 5, 10)",I,B-,D,B-,509.625,128.0
4078,F,B-,4,B-,"(2, 5, 10)",I,B-,D,B-,509.75,128.0
4079,F,B-,4,B-,"(2, 5, 10)",I,B-,D,B-,509.875,128.0
4080,F,B-,5,B-,"(2, 5, 10)",I,B-,D,B-,510.0,128.0
4081,F,B-,5,B-,"(2, 5, 10)",I,B-,D,B-,510.125,128.0
4082,F,B-,5,B-,"(2, 5, 10)",I,B-,D,B-,510.25,128.0
4083,F,B-,5,B-,"(2, 5, 10)",I,B-,D,B-,510.375,128.0
4084,F,B-,5,B-,"(2, 5, 10)",I,B-,D,B-,510.5,128.0
4085,F,B-,5,B-,"(2, 5, 10)",I,B-,D,B-,510.625,128.0
4086,F,B-,5,B-,"(2, 5, 10)",I,B-,D,B-,510.75,128.0
4087,F,B-,5,B-,"(2, 5, 10)",I,B-,D,B-,510.875,128.0
4088,F,B-,5,B-,"(2, 5, 10)",I,B-,D,B-,511.0,128.0
4089,F,B-,5,B-,"(2, 5, 10)",I,B-,D,B-,511.125,128.0
4090,F,B-,5,B-,"(2, 5, 10)",I,B-,D,B-,511.25,128.0
4091,F,B-,5,B-,"(2, 5, 10)",I,B-,D,B-,511.375,128.0
4092,F,B-,5,B-,"(2, 5, 10)",I,B-,D,B-,511.5,128.0
4093,F,B-,5,B-,"(2, 5, 10)",I,B-,D,B-,511.625,128.0
4094,F,B-,5,B-,"(2, 5, 10)",I,B-,D,B-,511.75,128.0
4095,F,B-,5,B-,"(2, 5, 10)",I,B-,D,B-,511.875,128.0
4096,F,B-,0,B-,"(2, 5, 10)",I,B-,D,B-,512.0,129.0
4097,F,B-,1,B-,"(2, 5, 10)",I,B-,D,B-,512.125,129.0
4098,F,B-,2,B-,"(2, 5, 10)",I,B-,D,B-,512.25,129.0
4099,F,B-,2,B-,"(2, 5, 10)",I,B-,D,B-,512.375,129.0
4100,F,B-,3,B-,"(2, 5, 10)",I,B-,D,B-,512.5,129.0
4101,F,B-,3,B-,"(2, 5, 10)",I,B-,D,B-,512.625,129.0
4102,F,B-,3,B-,"(2, 5, 10)",I,B-,D,B-,512.75,129.0
4103,F,B-,3,B-,"(2, 5, 10)",I,B-,D,B-,512.875,129.0
4104,F,B-,4,B-,"(2, 5, 10)",I,B-,D,B-,513.0,129.0
4105,F,B-,4,B-,"(2, 5, 10)",I,B-,D,B-,513.125,129.0
4106,F,B-,4,B-,"(2, 5, 10)",I,B-,D,B-,513.25,129.0
4107,F,B-,4,B-,"(2, 5, 10)",I,B-,D,B-,513.375,129.0
4108,F,B-,4,B-,"(2, 5, 10)",I,B-,D,B-,513.5,129.0
4109,F,B-,4,B-,"(2, 5, 10)",I,B-,D,B-,513.625,129.0
4110,F,B-,4,B-,"(2, 5, 10)",I,B-,D,B-,513.75,129.0
4111,F,B-,4,B-,"(2, 5, 10)",I,B-,D,B-,513.875,129.0
4112,F,B-,5,B-,"(2, 5, 10)",I,B-,D,B-,514.0,129.0
4113,F,B-,5,B-,"(2, 5, 10)",I,B-,D,B-,514.125,129.0
4114,F,B-,5,B-,"(2, 5, 10)",I,B-,D,B-,514.25,129.0
4115,F,B-,5,B-,"(2, 5, 10)",I,B-,D,B-,514.375,129.0
4116,F,B-,5,B-,"(2, 5, 10)",I,B-,D,B-,514.5,129.0
4117,F,B-,5,B-,"(2, 5, 10)",I,B-,D,B-,514.625,129.0
4118,F,B-,5,B-,"(2, 5, 10)",I,B-,D,B-,514.75,129.0
4119,F,B-,5,B-,"(2, 5, 10)",I,B-,D,B-,514.875,129.0
4120,F,B-,5,B-,"(2, 5, 10)",I,B-,D,B-,515.0,129.0
4121,F,B-,5,B-,"(2, 5, 10)",I,B-,D,B-,515.125,129.0
4122,F,B-,5,B-,"(2, 5, 10)",I,B-,D,B-,515.25,129.0
4123,F,B-,5,B-,"(2, 5, 10)",I,B-,D,B-,515.375,129.0
4124,F,B-,5,B-,"(2, 5, 10)",I,B-,D,B-,515.5,129.0
4125,F,B-,5,B-,"(2, 5, 10)",I,B-,D,B-,515.625,129.0
4126,F,B-,5,B-,"(2, 5, 10)",I,B-,D,B-,515.75,129.0
4127,F,B-,5,B-,"(2, 5, 10)",I,B-,D,B-,515.875,129.0
4128,F,C,0,B-,"(0, 3, 5, 9)",V7,A,E-,B-,516.0,130.0
4129,F,C,1,B-,"(0, 3, 5, 9)",V7,A,E-,B-,516.125,130.0
4130,F,C,2,B-,"(0, 3, 5, 9)",V7,A,E-,B-,516.25,130.0
4131,F,C,2,B-,"(0, 3, 5, 9)",V7,A,E-,B-,516.375,130.0
4132,F,C,3,B-,"(0, 3, 5, 9)",V7,A,E-,B-,516.5,130.0
4133,F,C,3,B-,"(0, 3, 5, 9)",V7,A,E-,B-,516.625,130.0
4134,F,C,3,B-,"(0, 3, 5, 9)",V7,A,E-,B-,516.75,130.0
4135,F,C,3,B-,"(0, 3, 5, 9)",V7,A,E-,B-,516.875,130.0
4136,F,C,4,B-,"(0, 3, 5, 9)",V7,A,E-,B-,517.0,130.0
4137,F,C,4,B-,"(0, 3, 5, 9)",V7,A,E-,B-,517.125,130.0
4138,F,C,4,B-,"(0, 3, 5, 9)",V7,A,E-,B-,517.25,130.0
4139,F,C,4,B-,"(0, 3, 5, 9)",V7,A,E-,B-,517.375,130.0
4140,F,C,4,B-,"(0, 3, 5, 9)",V7,A,E-,B-,517.5,130.0
4141,F,C,4,B-,"(0, 3, 5, 9)",V7,A,E-,B-,517.625,130.0
4142,F,C,4,B-,"(0, 3, 5, 9)",V7,A,E-,B-,517.75,130.0
4143,F,C,4,B-,"(0, 3, 5, 9)",V7,A,E-,B-,517.875,130.0
4144,F,C,5,B-,"(0, 3, 5, 9)",V7,A,E-,B-,518.0,130.0
4145,F,C,5,B-,"(0, 3, 5, 9)",V7,A,E-,B-,518.125,130.0
4146,F,C,5,B-,"(0, 3, 5, 9)",V7,A,E-,B-,518.25,130.0
4147,F,C,5,B-,"(0, 3, 5, 9)",V7,A,E-,B-,518.375,130.0
4148,F,C,5,B-,"(0, 3, 5, 9)",V7,A,E-,B-,518.5,130.0
4149,F,C,5,B-,"(0, 3, 5, 9)",V7,A,E-,B-,518.625,130.0
4150,F,C,5,B-,"(0, 3, 5, 9)",V7,A,E-,B-,518.75,130.0
4151,F,C,5,B-,"(0, 3, 5, 9)",V7,A,E-,B-,518.875,130.0
4152,F,C,5,B-,"(0, 3, 5, 9)",V7,A,E-,B-,519.0,130.0
4153,F,C,5,B-,"(0, 3, 5, 9)",V7,A,E-,B-,519.125,130.0
4154,F,C,5,B-,"(0, 3, 5, 9)",V7,A,E-,B-,519.25,130.0
4155,F,C,5,B-,"(0, 3, 5, 9)",V7,A,E-,B-,519.375,130.0
4156,F,C,5,B-,"(0, 3, 5, 9)",V7,A,E-,B-,519.5,130.0
4157,F,C,5,B-,"(0, 3, 5, 9)",V7,A,E-,B-,519.625,130.0
4158,F,C,5,B-,"(0, 3, 5, 9)",V7,A,E-,B-,519.75,130.0
4159,F,C,5,B-,"(0, 3, 5, 9)",V7,A,E-,B-,519.875,130.0
4160,C,F,0,B-,"(0, 3, 5, 9)",V7,E-,A,B-,520.0,131.0
4161,C,F,1,B-,"(0, 3, 5, 9)",V7,E-,A,B-,520.125,131.0
4162,C,F,2,B-,"(0, 3, 5, 9)",V7,E-,A,B-,520.25,131.0
4163,C,F,2,B-,"(0, 3, 5, 9)",V7,E-,A,B-,520.375,131.0
4164,C,F,3,B-,"(0, 3, 5, 9)",V7,E-,A,B-,520.5,131.0
4165,C,F,3,B-,"(0, 3, 5, 9)",V7,E-,A,B-,520.625,131.0
4166,C,F,3,B-,"(0, 3, 5, 9)",V7,E-,A,B-,520.75,131.0
4167,C,F,3,B-,"(0, 3, 5, 9)",V7,E-,A,B-,520.875,131.0
4168,C,F,4,B-,"(0, 3, 5, 9)",V7,E-,A,B-,521.0,131.0
4169,C,F,4,B-,"(0, 3, 5, 9)",V7,E-,A,B-,521.125,131.0
4170,C,F,4,B-,"(0, 3, 5, 9)",V7,E-,A,B-,521.25,131.0
4171,C,F,4,B-,"(0, 3, 5, 9)",V7,E-,A,B-,521.375,131.0
4172,C,F,4,B-,"(0, 3, 5, 9)",V7,E-,A,B-,521.5,131.0
4173,C,F,4,B-,"(0, 3, 5, 9)",V7,E-,A,B-,521.625,131.0
4174,C,F,4,B-,"(0, 3, 5, 9)",V7,E-,A,B-,521.75,131.0
4175,C,F,4,B-,"(0, 3, 5, 9)",V7,E-,A,B-,521.875,131.0
4176,C,F,5,B-,"(0, 3, 5, 9)",V7,E-,A,B-,522.0,131.0
4177,C,F,5,B-,"(0, 3, 5, 9)",V7,E-,A,B-,522.125,131.0
4178,C,F,5,B-,"(0, 3, 5, 9)",V7,E-,A,B-,522.25,131.0
4179,C,F,5,B-,"(0, 3, 5, 9)",V7,E-,A,B-,522.375,131.0
4180,C,F,5,B-,"(0, 3, 5, 9)",V7,E-,A,B-,522.5,131.0
4181,C,F,5,B-,"(0, 3, 5, 9)",V7,E-,A,B-,522.625,131.0
4182,C,F,5,B-,"(0, 3, 5, 9)",V7,E-,A,B-,522.75,131.0
4183,C,F,5,B-,"(0, 3, 5, 9)",V7,E-,A,B-,522.875,131.0
4184,C,F,5,B-,"(0, 3, 5, 9)",V7,E-,A,B-,523.0,131.0
4185,C,F,5,B-,"(0, 3, 5, 9)",V7,E-,A,B-,523.125,131.0
4186,C,F,5,B-,"(0, 3, 5, 9)",V7,E-,A,B-,523.25,131.0
4187,C,F,5,B-,"(0, 3, 5, 9)",V7,E-,A,B-,523.375,131.0
4188,C,F,5,B-,"(0, 3, 5, 9)",V7,E-,A,B-,523.5,131.0
4189,C,F,5,B-,"(0, 3, 5, 9)",V7,E-,A,B-,523.625,131.0
4190,C,F,5,B-,"(0, 3, 5, 9)",V7,E-,A,B-,523.75,131.0
4191,C,F,5,B-,"(0, 3, 5, 9)",V7,E-,A,B-,523.875,131.0
4192,F,B-,0,B-,"(2, 5, 10)",I,B-,D,B-,524.0,132.0
4193,F,B-,1,B-,"(2, 5, 10)",I,B-,D,B-,524.125,132.0
4194,F,B-,2,B-,"(2, 5, 10)",I,B-,D,B-,524.25,132.0
4195,F,B-,2,B-,"(2, 5, 10)",I,B-,D,B-,524.375,132.0
4196,F,B-,3,B-,"(2, 5, 10)",I,B-,D,B-,524.5,132.0
4197,F,B-,3,B-,"(2, 5, 10)",I,B-,D,B-,524.625,132.0
4198,F,B-,3,B-,"(2, 5, 10)",I,B-,D,B-,524.75,132.0
4199,F,B-,3,B-,"(2, 5, 10)",I,B-,D,B-,524.875,132.0
4200,F,B-,4,B-,"(2, 5, 10)",I,B-,D,B-,525.0,132.0
4201,F,B-,4,B-,"(2, 5, 10)",I,B-,D,B-,525.125,132.0
4202,F,B-,4,B-,"(2, 5, 10)",I,B-,D,B-,525.25,132.0
4203,F,B-,4,B-,"(2, 5, 10)",I,B-,D,B-,525.375,132.0
4204,F,B-,4,B-,"(2, 5, 10)",I,B-,D,B-,525.5,132.0
4205,F,B-,4,B-,"(2, 5, 10)",I,B-,D,B-,525.625,132.0
4206,F,B-,4,B-,"(2, 5, 10)",I,B-,D,B-,525.75,132.0
4207,F,B-,4,B-,"(2, 5, 10)",I,B-,D,B-,525.875,132.0
4208,F,B-,5,B-,"(2, 5, 10)",I,B-,D,B-,526.0,132.0
4209,F,B-,5,B-,"(2, 5, 10)",I,B-,D,B-,526.125,132.0
4210,F,B-,5,B-,"(2, 5, 10)",I,B-,D,B-,526.25,132.0
4211,F,B-,5,B-,"(2, 5, 10)",I,B-,D,B-,526.375,132.0
4212,F,B-,5,B-,"(2, 5, 10)",I,B-,D,B-,526.5,132.0
4213,F,B-,5,B-,"(2, 5, 10)",I,B-,D,B-,526.625,132.0
4214,F,B-,5,B-,"(2, 5, 10)",I,B-,D,B-,526.75,132.0
4215,F,B-,5,B-,"(2, 5, 10)",I,B-,D,B-,526.875,132.0
4216,F,B-,5,B-,"(2, 5, 10)",I,B-,D,B-,527.0,132.0
4217,F,B-,5,B-,"(2, 5, 10)",I,B-,D,B-,527.125,132.0
4218,F,B-,5,B-,"(2, 5, 10)",I,B-,D,B-,527.25,132.0
4219,F,B-,5,B-,"(2, 5, 10)",I,B-,D,B-,527.375,132.0
4220,F,B-,5,B-,"(2, 5, 10)",I,B-,D,B-,527.5,132.0
4221,F,B-,5,B-,"(2, 5, 10)",I,B-,D,B-,527.625,132.0
4222,F,B-,5,B-,"(2, 5, 10)",I,B-,D,B-,527.75,132.0
4223,F,B-,5,B-,"(2, 5, 10)",I,B-,D,B-,527.875,132.0
4224,B-,E-,0,B-,"(3, 7, 10)",IV,E-,G,B-,528.0,133.0
4225,B-,E-,1,B-,"(3, 7, 10)",IV,E-,G,B-,528.125,133.0
4226,B-,E-,2,B-,"(3, 7, 10)",IV,E-,G,B-,528.25,133.0
4227,B-,E-,2,B-,"(3, 7, 10)",IV,E-,G,B-,528.375,133.0
4228,B-,E-,3,B-,"(3, 7, 10)",IV,E-,G,B-,528.5,133.0
4229,B-,E-,3,B-,"(3, 7, 10)",IV,E-,G,B-,528.625,133.0
4230,B-,E-,3,B-,"(3, 7, 10)",IV,E-,G,B-,528.75,133.0
4231,B-,E-,3,B-,"(3, 7, 10)",IV,E-,G,B-,528.875,133.0
4232,B-,E-,4,B-,"(3, 7, 10)",IV,E-,G,B-,529.0,133.0
4233,B-,E-,4,B-,"(3, 7, 10)",IV,E-,G,B-,529.125,133.0
4234,B-,E-,4,B-,"(3, 7, 10)",IV,E-,G,B-,529.25,133.0
4235,B-,E-,4,B-,"(3, 7, 10)",IV,E-,G,B-,529.375,133.0
4236,B-,E-,4,B-,"(3, 7, 10)",IV,E-,G,B-,529.5,133.0
4237,B-,E-,4,B-,"(3, 7, 10)",IV,E-,G,B-,529.625,133.0
4238,B-,E-,4,B-,"(3, 7, 10)",IV,E-,G,B-,529.75,133.0
4239,B-,E-,4,B-,"(3, 7, 10)",IV,E-,G,B-,529.875,133.0
4240,B-,E-,5,B-,"(3, 7, 10)",IV,E-,G,B-,530.0,133.0
4241,B-,E-,5,B-,"(3, 7, 10)",IV,E-,G,B-,530.125,133.0
4242,B-,E-,5,B-,"(3, 7, 10)",IV,E-,G,B-,530.25,133.0
4243,B-,E-,5,B-,"(3, 7, 10)",IV,E-,G,B-,530.375,133.0
4244,B-,E-,5,B-,"(3, 7, 10)",IV,E-,G,B-,530.5,133.0
4245,B-,E-,5,B-,"(3, 7, 10)",IV,E-,G,B-,530.625,133.0
4246,B-,E-,5,B-,"(3, 7, 10)",IV,E-,G,B-,530.75,133.0
4247,B-,E-,5,B-,"(3, 7, 10)",IV,E-,G,B-,530.875,133.0
4248,B-,E-,5,B-,"(3, 7, 10)",IV,E-,G,B-,531.0,133.0
4249,B-,E-,5,B-,"(3, 7, 10)",IV,E-,G,B-,531.125,133.0
4250,B-,E-,5,B-,"(3, 7, 10)",IV,E-,G,B-,531.25,133.0
4251,B-,E-,5,B-,"(3, 7, 10)",IV,E-,G,B-,531.375,133.0
4252,B-,E-,5,B-,"(3, 7, 10)",IV,E-,G,B-,531.5,133.0
4253,B-,E-,5,B-,"(3, 7, 10)",IV,E-,G,B-,531.625,133.0
4254,B-,E-,5,B-,"(3, 7, 10)",IV,E-,G,B-,531.75,133.0
4255,B-,E-,5,B-,"(3, 7, 10)",IV,E-,G,B-,531.875,133.0
4256,B-,D,0,B-,"(2, 5, 10)",I,B-,F,B-,532.0,134.0
4257,B-,D,1,B-,"(2, 5, 10)",I,B-,F,B-,532.125,134.0
4258,B-,D,2,B-,"(2, 5, 10)",I,B-,F,B-,532.25,134.0
4259,B-,D,2,B-,"(2, 5, 10)",I,B-,F,B-,532.375,134.0
4260,B-,D,3,B-,"(2, 5, 10)",I,B-,F,B-,532.5,134.0
4261,B-,D,3,B-,"(2, 5, 10)",I,B-,F,B-,532.625,134.0
4262,B-,D,3,B-,"(2, 5, 10)",I,B-,F,B-,532.75,134.0
4263,B-,D,3,B-,"(2, 5, 10)",I,B-,F,B-,532.875,134.0
4264,B-,D,4,B-,"(2, 5, 10)",I,B-,F,B-,533.0,134.0
4265,B-,D,4,B-,"(2, 5, 10)",I,B-,F,B-,533.125,134.0
4266,B-,D,4,B-,"(2, 5, 10)",I,B-,F,B-,533.25,134.0
4267,B-,D,4,B-,"(2, 5, 10)",I,B-,F,B-,533.375,134.0
4268,B-,D,4,B-,"(2, 5, 10)",I,B-,F,B-,533.5,134.0
4269,B-,D,4,B-,"(2, 5, 10)",I,B-,F,B-,533.625,134.0
4270,B-,D,4,B-,"(2, 5, 10)",I,B-,F,B-,533.75,134.0
4271,B-,D,4,B-,"(2, 5, 10)",I,B-,F,B-,533.875,134.0
4272,F,C,0,B-,"(0, 3, 5, 9)",V7,A,E-,B-,534.0,134.0
4273,F,C,1,B-,"(0, 3, 5, 9)",V7,A,E-,B-,534.125,134.0
4274,F,C,2,B-,"(0, 3, 5, 9)",V7,A,E-,B-,534.25,134.0
4275,F,C,2,B-,"(0, 3, 5, 9)",V7,A,E-,B-,534.375,134.0
4276,F,C,3,B-,"(0, 3, 5, 9)",V7,A,E-,B-,534.5,134.0
4277,F,C,3,B-,"(0, 3, 5, 9)",V7,A,E-,B-,534.625,134.0
4278,F,C,3,B-,"(0, 3, 5, 9)",V7,A,E-,B-,534.75,134.0
4279,F,C,3,B-,"(0, 3, 5, 9)",V7,A,E-,B-,534.875,134.0
4280,F,B-,0,B-,"(2, 5, 10)",I,B-,D,B-,535.0,134.0
4281,F,B-,1,B-,"(2, 5, 10)",I,B-,D,B-,535.125,134.0
4282,F,B-,2,B-,"(2, 5, 10)",I,B-,D,B-,535.25,134.0
4283,F,B-,2,B-,"(2, 5, 10)",I,B-,D,B-,535.375,134.0
4284,F,B-,3,B-,"(2, 5, 10)",I,B-,D,B-,535.5,134.0
4285,F,B-,3,B-,"(2, 5, 10)",I,B-,D,B-,535.625,134.0
4286,F,B-,3,B-,"(2, 5, 10)",I,B-,D,B-,535.75,134.0
4287,F,B-,3,B-,"(2, 5, 10)",I,B-,D,B-,535.875,134.0
4288,C,F,0,B-,"(0, 5, 9)",V,F,A,B-,536.0,135.0
4289,C,F,1,B-,"(0, 5, 9)",V,F,A,B-,536.125,135.0
4290,C,F,2,B-,"(0, 5, 9)",V,F,A,B-,536.25,135.0
4291,C,F,2,B-,"(0, 5, 9)",V,F,A,B-,536.375,135.0
4292,C,F,3,B-,"(0, 5, 9)",V,F,A,B-,536.5,135.0
4293,C,F,3,B-,"(0, 5, 9)",V,F,A,B-,536.625,135.0
4294,C,F,3,B-,"(0, 5, 9)",V,F,A,B-,536.75,135.0
4295,C,F,3,B-,"(0, 5, 9)",V,F,A,B-,536.875,135.0
4296,C,F,4,B-,"(0, 5, 9)",V,F,A,B-,537.0,135.0
4297,C,F,4,B-,"(0, 5, 9)",V,F,A,B-,537.125,135.0
4298,C,F,4,B-,"(0, 5, 9)",V,F,A,B-,537.25,135.0
4299,C,F,4,B-,"(0, 5, 9)",V,F,A,B-,537.375,135.0
4300,C,F,0,B-,"(0, 5, 9)",V,F,A,B-,537.5,135.0
4301,C,F,1,B-,"(0, 5, 9)",V,F,A,B-,537.625,135.0
4302,C,F,2,B-,"(0, 5, 9)",V,F,A,B-,537.75,135.0
4303,C,F,2,B-,"(0, 5, 9)",V,F,A,B-,537.875,135.0
4304,C,F,0,B-,"(0, 5, 9)",V,F,A,B-,538.0,135.0
4305,C,F,1,B-,"(0, 5, 9)",V,F,A,B-,538.125,135.0
4306,C,F,2,B-,"(0, 5, 9)",V,F,A,B-,538.25,135.0
4307,C,F,2,B-,"(0, 5, 9)",V,F,A,B-,538.375,135.0
4308,C,F,3,B-,"(0, 5, 9)",V,F,A,B-,538.5,135.0
4309,C,F,3,B-,"(0, 5, 9)",V,F,A,B-,538.625,135.0
4310,C,F,3,B-,"(0, 5, 9)",V,F,A,B-,538.75,135.0
4311,C,F,3,B-,"(0, 5, 9)",V,F,A,B-,538.875,135.0
4312,C,F,4,B-,"(0, 5, 9)",V,F,A,B-,539.0,135.0
4313,C,F,4,B-,"(0, 5, 9)",V,F,A,B-,539.125,135.0
4314,C,F,4,B-,"(0, 5, 9)",V,F,A,B-,539.25,135.0
4315,C,F,4,B-,"(0, 5, 9)",V,F,A,B-,539.375,135.0
4316,C,F,0,B-,"(0, 5, 9)",V,B-,A,B-,539.5,135.0
4317,C,F,1,B-,"(0, 5, 9)",V,B-,B-,B-,539.625,135.0
4318,C,F,2,B-,"(2, 5, 10)",V,B-,B-,B-,539.75,135.0
4319,C,F,2,B-,"(0, 5, 9)",V,B-,B-,B-,539.875,135.0
4320,C,F,0,B-,"(0, 5, 9)",V,F,A,B-,540.0,136.0
4321,C,F,1,B-,"(0, 5, 9)",V,F,A,B-,540.125,136.0
4322,C,F,2,B-,"(0, 5, 9)",V,F,A,B-,540.25,136.0
4323,C,F,2,B-,"(0, 5, 9)",V,F,A,B-,540.375,136.0
4324,C,F,3,B-,"(0, 5, 9)",V,F,A,B-,540.5,136.0
4325,C,F,3,B-,"(0, 5, 9)",V,F,A,B-,540.625,136.0
4326,C,F,3,B-,"(0, 5, 9)",V,F,A,B-,540.75,136.0
4327,C,F,3,B-,"(0, 5, 9)",V,F,A,B-,540.875,136.0
4328,C,F,4,B-,"(0, 5, 9)",V,F,A,B-,541.0,136.0
4329,C,F,4,B-,"(0, 5, 9)",V,F,A,B-,541.125,136.0
4330,C,F,4,B-,"(0, 5, 9)",V,F,A,B-,541.25,136.0
4331,C,F,4,B-,"(0, 5, 9)",V,F,A,B-,541.375,136.0
4332,C,F,4,B-,"(0, 5, 9)",V,F,A,B-,541.5,136.0
4333,C,F,4,B-,"(0, 5, 9)",V,F,A,B-,541.625,136.0
4334,C,F,4,B-,"(0, 5, 9)",V,F,A,B-,541.75,136.0
4335,C,F,4,B-,"(0, 5, 9)",V,F,A,B-,541.875,136.0
4336,C,F,5,B-,"(0, 3, 5, 9)",V7,F,A,B-,542.0,136.0
4337,C,F,5,B-,"(0, 3, 5, 9)",V7,F,A,B-,542.125,136.0
4338,C,F,5,B-,"(0, 3, 5, 9)",V7,F,A,B-,542.25,136.0
4339,C,F,5,B-,"(0, 3, 5, 9)",V7,F,A,B-,542.375,136.0
4340,C,F,5,B-,"(0, 3, 5, 9)",V7,F,A,B-,542.5,136.0
4341,C,F,3,B-,"(0, 3, 5, 9)",V7,F,A,B-,542.625,136.0
4342,C,F,5,B-,"(0, 3, 5, 9)",V7,F,A,B-,542.75,136.0
4343,C,F,5,B-,"(0, 3, 5, 9)",V7,F,A,B-,542.875,136.0
4344,C,F,5,B-,"(0, 3, 5, 9)",V7,F,A,B-,543.0,136.0
4345,C,F,5,B-,"(0, 3, 5, 9)",V7,F,A,B-,543.125,136.0
4346,C,F,5,B-,"(0, 3, 5, 9)",V7,F,A,B-,543.25,136.0
4347,C,F,5,B-,"(0, 3, 5, 9)",V7,F,A,B-,543.375,136.0
4348,C,F,3,B-,"(0, 3, 5, 9)",V7,F,A,B-,543.5,136.0
4349,C,F,3,B-,"(0, 3, 5, 9)",V7,F,A,B-,543.625,136.0
4350,C,F,3,B-,"(0, 3, 5, 9)",V7,F,A,B-,543.75,136.0
4351,C,F,3,B-,"(0, 3, 5, 9)",V7,F,A,B-,543.875,136.0
4352,F,B-,0,B-,"(2, 5, 10)",I,B-,D,B-,544.0,137.0
4353,F,B-,1,B-,"(2, 5, 10)",I,B-,D,B-,544.125,137.0
4354,F,B-,2,B-,"(2, 5, 10)",I,B-,D,B-,544.25,137.0
4355,F,B-,2,B-,"(2, 5, 10)",I,B-,D,B-,544.375,137.0
4356,F,B-,3,B-,"(2, 5, 10)",I,B-,D,B-,544.5,137.0
4357,F,B-,3,B-,"(2, 5, 10)",I,B-,D,B-,544.625,137.0
4358,F,B-,3,B-,"(2, 5, 10)",I,B-,D,B-,544.75,137.0
4359,F,B-,3,B-,"(2, 5, 10)",I,B-,D,B-,544.875,137.0
4360,F,B-,4,B-,"(2, 5, 10)",I,B-,D,B-,545.0,137.0
4361,F,B-,4,B-,"(2, 5, 10)",I,B-,D,B-,545.125,137.0
4362,F,B-,4,B-,"(2, 5, 10)",I,B-,D,B-,545.25,137.0
4363,F,B-,4,B-,"(2, 5, 10)",I,B-,D,B-,545.375,137.0
4364,F,B-,4,B-,"(2, 5, 10)",I,B-,D,B-,545.5,137.0
4365,F,B-,4,B-,"(2, 5, 10)",I,B-,D,B-,545.625,137.0
4366,F,B-,4,B-,"(2, 5, 10)",I,B-,D,B-,545.75,137.0
4367,F,B-,4,B-,"(2, 5, 10)",I,B-,D,B-,545.875,137.0
4368,F,B-,5,B-,"(2, 5, 10)",I,B-,D,B-,546.0,137.0
4369,F,B-,5,B-,"(2, 5, 10)",I,B-,D,B-,546.125,137.0
4370,F,B-,5,B-,"(2, 5, 10)",I,B-,D,B-,546.25,137.0
4371,F,B-,5,B-,"(2, 5, 10)",I,B-,D,B-,546.375,137.0
4372,F,B-,5,B-,"(2, 5, 10)",I,B-,D,B-,546.5,137.0
4373,F,B-,5,B-,"(2, 5, 10)",I,B-,D,B-,546.625,137.0
4374,F,B-,5,B-,"(2, 5, 10)",I,B-,D,B-,546.75,137.0
4375,F,B-,5,B-,"(2, 5, 10)",I,B-,D,B-,546.875,137.0
4376,F,B-,5,B-,"(2, 5, 10)",I,B-,D,B-,547.0,137.0
4377,F,B-,5,B-,"(2, 5, 10)",I,B-,D,B-,547.125,137.0
4378,F,B-,5,B-,"(2, 5, 10)",I,B-,D,B-,547.25,137.0
4379,F,B-,5,B-,"(2, 5, 10)",I,B-,D,B-,547.375,137.0
4380,F,B-,0,B-,"(2, 5, 10)",I,B-,D,B-,547.5,137.0
4381,F,B-,5,B-,"(2, 5, 10)",I,B-,D,B-,547.625,137.0
4382,F,B-,5,B-,"(2, 5, 10)",I,B-,D,B-,547.75,137.0
4383,F,B-,5,B-,"(2, 5, 10)",I,B-,D,B-,547.875,137.0
4384,F,B-,0,B-,"(0, 3, 5, 9)",I,E-,D,B-,548.0,138.0
4385,F,B-,1,B-,"(0, 3, 5, 9)",I,E-,D,B-,548.125,138.0
4386,F,B-,2,B-,"(0, 3, 5, 9)",I,E-,D,B-,548.25,138.0
4387,F,B-,2,B-,"(0, 3, 5, 9)",I,E-,D,B-,548.375,138.0
4388,F,B-,3,B-,"(0, 3, 5, 9)",I,E-,C,B-,548.5,138.0
4389,F,B-,3,B-,"(0, 3, 5, 9)",I,E-,C,B-,548.625,138.0
4390,F,B-,3,B-,"(0, 3, 5, 9)",I,E-,D,B-,548.75,138.0
4391,F,B-,3,B-,"(0, 3, 5, 9)",I,E-,D,B-,548.875,138.0
4392,F,B-,4,B-,"(0, 3, 5, 9)",I,E-,C,B-,549.0,138.0
4393,F,B-,4,B-,"(0, 3, 5, 9)",I,E-,C,B-,549.125,138.0
4394,F,B-,4,B-,"(0, 3, 5, 9)",I,E-,C,B-,549.25,138.0
4395,F,B-,4,B-,"(0, 3, 5, 9)",I,E-,C,B-,549.375,138.0
4396,F,A,4,B-,"(0, 3, 5, 9)",V7,E-,C,B-,549.5,138.0
4397,F,A,4,B-,"(0, 3, 5, 9)",V7,E-,C,B-,549.625,138.0
4398,F,A,4,B-,"(0, 3, 5, 9)",V7,E-,C,B-,549.75,138.0
4399,F,A,4,B-,"(0, 3, 5, 9)",V7,E-,C,B-,549.875,138.0
4400,C,F,5,B-,"(0, 3, 5, 9)",V7,E-,A,B-,550.0,138.0
4401,C,F,5,B-,"(0, 3, 5, 9)",V7,E-,A,B-,550.125,138.0
4402,C,F,5,B-,"(0, 3, 5, 9)",V7,E-,A,B-,550.25,138.0
4403,C,F,2,B-,"(0, 3, 5, 9)",V7,E-,A,B-,550.375,138.0
4404,C,F,5,B-,"(0, 3, 5, 9)",V7,E-,A,B-,550.5,138.0
4405,C,F,5,B-,"(0, 3, 5, 9)",V7,E-,A,B-,550.625,138.0
4406,C,F,5,B-,"(0, 3, 5, 9)",V7,E-,A,B-,550.75,138.0
4407,C,F,5,B-,"(0, 3, 5, 9)",V7,E-,A,B-,550.875,138.0
4408,C,F,5,B-,"(0, 3, 5, 9)",V7,E-,A,B-,551.0,138.0
4409,C,F,5,B-,"(0, 3, 5, 9)",V7,E-,A,B-,551.125,138.0
4410,C,F,5,B-,"(0, 3, 5, 9)",V7,E-,A,B-,551.25,138.0
4411,C,F,5,B-,"(0, 3, 5, 9)",V7,E-,A,B-,551.375,138.0
4412,C,F,5,B-,"(0, 3, 5, 9)",V7,E-,A,B-,551.5,138.0
4413,C,F,5,B-,"(0, 3, 5, 9)",V7,E-,A,B-,551.625,138.0
4414,C,F,5,B-,"(0, 3, 5, 9)",V7,E-,A,B-,551.75,138.0
4415,C,F,5,B-,"(0, 3, 5, 9)",V7,E-,A,B-,551.875,138.0
4416,B-,E-,0,B-,"(3, 7, 10)",I,E-,G,B-,552.0,139.0
4417,B-,E-,1,B-,"(3, 7, 10)",I,E-,G,B-,552.125,139.0
4418,B-,E-,2,B-,"(3, 7, 10)",I,E-,G,B-,552.25,139.0
4419,B-,E-,2,B-,"(3, 7, 10)",I,E-,G,B-,552.375,139.0
4420,B-,E-,3,B-,"(3, 7, 10)",I,E-,G,B-,552.5,139.0
4421,B-,E-,3,B-,"(3, 7, 10)",I,E-,G,B-,552.625,139.0
4422,B-,E-,3,B-,"(3, 7, 10)",I,E-,G,B-,552.75,139.0
4423,B-,E-,3,B-,"(3, 7, 10)",I,E-,G,B-,552.875,139.0
4424,B-,E-,4,B-,"(3, 7, 10)",I,E-,G,B-,553.0,139.0
4425,B-,E-,4,B-,"(3, 7, 10)",I,E-,G,B-,553.125,139.0
4426,B-,E-,4,B-,"(3, 7, 10)",I,E-,G,B-,553.25,139.0
4427,B-,E-,4,B-,"(3, 7, 10)",I,E-,G,B-,553.375,139.0
4428,B-,E-,4,B-,"(3, 7, 10)",I,E-,G,B-,553.5,139.0
4429,B-,E-,4,B-,"(3, 7, 10)",I,E-,G,B-,553.625,139.0
4430,B-,E-,4,B-,"(3, 7, 10)",I,E-,G,B-,553.75,139.0
4431,B-,E-,4,B-,"(3, 7, 10)",I,E-,G,B-,553.875,139.0
4432,B-,E-,0,B-,"(3, 7, 10)",I,E-,G,B-,554.0,139.0
4433,B-,G,1,B-,"(3, 7, 10)",I,E-,G,B-,554.125,139.0
4434,B-,G,2,B-,"(3, 7, 10)",I,E-,G,B-,554.25,139.0
4435,B-,G,2,B-,"(3, 7, 10)",I,E-,G,B-,554.375,139.0
4436,B-,G,3,B-,"(3, 7, 10)",I,E-,G,B-,554.5,139.0
4437,B-,G,3,B-,"(3, 7, 10)",I,E-,G,B-,554.625,139.0
4438,B-,G,3,B-,"(3, 7, 10)",I,E-,G,B-,554.75,139.0
4439,B-,G,3,B-,"(3, 7, 10)",I,E-,G,B-,554.875,139.0
4440,B-,G,4,B-,"(3, 7, 10)",I,E-,G,B-,555.0,139.0
4441,B-,G,4,B-,"(3, 7, 10)",I,E-,G,B-,555.125,139.0
4442,B-,G,4,B-,"(3, 7, 10)",I,E-,G,B-,555.25,139.0
4443,B-,G,4,B-,"(3, 7, 10)",I,E-,G,B-,555.375,139.0
4444,C,G,4,B-,"(3, 7, 10)",I,E-,A,B-,555.5,139.0
4445,B-,G,4,B-,"(3, 7, 10)",I,E-,A,B-,555.625,139.0
4446,B-,G,4,B-,"(3, 7, 10)",I,E-,A,B-,555.75,139.0
4447,B-,G,4,B-,"(3, 7, 10)",V,E-,A,B-,555.875,139.0
4448,A-,E-,0,B-,"(0, 3, 8)",viio,A-,A-,E-,556.0,140.0
4449,A-,E-,1,B-,"(0, 3, 8)",viio,A-,A-,E-,556.125,140.0
4450,A-,E-,2,B-,"(0, 3, 8)",viio,A-,A-,E-,556.25,140.0
4451,A-,E-,2,B-,"(0, 3, 8)",viio,A-,A-,E-,556.375,140.0
4452,A-,E-,3,B-,"(0, 3, 8)",viio,A-,A-,E-,556.5,140.0
4453,A-,E-,3,B-,"(0, 3, 8)",viio,A-,A-,E-,556.625,140.0
4454,A-,E-,3,B-,"(0, 3, 8)",viio,A-,A-,E-,556.75,140.0
4455,A-,E-,3,B-,"(0, 3, 8)",viio,A-,A-,E-,556.875,140.0
4456,A-,E-,4,B-,"(0, 3, 8)",viio,A-,A-,E-,557.0,140.0
4457,A-,E-,4,B-,"(0, 3, 8)",viio,A-,A-,E-,557.125,140.0
4458,A-,E-,4,B-,"(0, 3, 8)",viio,A-,A-,E-,557.25,140.0
4459,A-,E-,4,B-,"(0, 3, 8)",viio,A-,A-,E-,557.375,140.0
4460,A-,D,4,B-,"(2, 5, 8)",viio,A-,D,E-,557.5,140.0
4461,A-,D,4,B-,"(2, 5, 8)",viio,A-,D,E-,557.625,140.0
4462,A-,D,4,B-,"(2, 5, 8)",viio,A-,D,E-,557.75,140.0
4463,A-,D,4,B-,"(2, 5, 8)",viio,A-,D,E-,557.875,140.0
4464,F,B-,0,B-,"(2, 5, 8, 10)",V7,A-,D,E-,558.0,140.0
4465,F,B-,1,B-,"(2, 5, 8, 10)",V7,A-,D,E-,558.125,140.0
4466,F,B-,2,B-,"(2, 5, 8, 10)",V7,A-,D,E-,558.25,140.0
4467,F,B-,2,B-,"(2, 5, 8, 10)",V7,A-,D,E-,558.375,140.0
4468,F,B-,3,B-,"(2, 5, 8, 10)",V7,A-,D,E-,558.5,140.0
4469,F,B-,3,B-,"(2, 5, 8, 10)",V7,A-,D,E-,558.625,140.0
4470,F,B-,3,B-,"(2, 5, 8, 10)",V7,A-,D,E-,558.75,140.0
4471,F,B-,3,B-,"(2, 5, 8, 10)",V7,A-,D,E-,558.875,140.0
4472,F,B-,5,B-,"(2, 5, 8, 10)",V7,A-,D,E-,559.0,140.0
4473,F,B-,5,B-,"(2, 5, 8, 10)",V7,A-,D,E-,559.125,140.0
4474,F,B-,5,B-,"(2, 5, 8, 10)",V7,A-,D,E-,559.25,140.0
4475,F,B-,5,B-,"(2, 5, 8, 10)",V7,A-,D,E-,559.375,140.0
4476,F,B-,3,B-,"(2, 5, 8, 10)",V7,A-,D,E-,559.5,140.0
4477,F,B-,3,B-,"(2, 5, 8, 10)",V7,A-,D,E-,559.625,140.0
4478,F,B-,3,E-,"(2, 5, 8, 10)",V7,A-,D,E-,559.75,140.0
4479,F,B-,5,E-,"(2, 5, 8, 10)",V7,A-,D,E-,559.875,140.0
4480,B-,E-,0,B-,"(3, 7, 10)",IV,E-,G,B-,560.0,141.0
4481,B-,E-,1,B-,"(3, 7, 10)",IV,E-,G,B-,560.125,141.0
4482,B-,E-,2,B-,"(3, 7, 10)",IV,E-,G,B-,560.25,141.0
4483,B-,E-,2,B-,"(3, 7, 10)",IV,E-,G,B-,560.375,141.0
4484,B-,E-,3,B-,"(3, 7, 10)",IV,E-,G,B-,560.5,141.0
4485,B-,E-,3,B-,"(3, 7, 10)",IV,E-,G,B-,560.625,141.0
4486,B-,E-,3,B-,"(3, 7, 10)",IV,E-,G,B-,560.75,141.0
4487,B-,E-,3,B-,"(3, 7, 10)",IV,E-,G,B-,560.875,141.0
4488,B-,E-,4,B-,"(3, 7, 10)",IV,E-,G,B-,561.0,141.0
4489,B-,E-,4,B-,"(3, 7, 10)",IV,E-,G,B-,561.125,141.0
4490,B-,E-,4,B-,"(3, 7, 10)",IV,E-,G,B-,561.25,141.0
4491,B-,E-,4,B-,"(3, 7, 10)",IV,E-,G,B-,561.375,141.0
4492,B-,E-,4,B-,"(3, 7, 10)",IV,E-,G,B-,561.5,141.0
4493,B-,E-,4,B-,"(3, 7, 10)",IV,E-,G,B-,561.625,141.0
4494,B-,E-,4,B-,"(3, 7, 10)",IV,E-,G,B-,561.75,141.0
4495,B-,E-,4,B-,"(3, 7, 10)",IV,E-,G,B-,561.875,141.0
4496,B-,E-,5,B-,"(3, 7, 10)",IV,E-,B-,B-,562.0,141.0
4497,B-,E-,5,B-,"(3, 7, 10)",IV,E-,B-,B-,562.125,141.0
4498,B-,E-,5,B-,"(3, 7, 10)",IV,E-,B-,B-,562.25,141.0
4499,B-,E-,5,B-,"(3, 7, 10)",IV,E-,B-,B-,562.375,141.0
4500,B-,E-,5,B-,"(3, 7, 10)",IV,E-,B-,B-,562.5,141.0
4501,B-,E-,5,B-,"(3, 7, 10)",IV,E-,B-,B-,562.625,141.0
4502,B-,E-,5,B-,"(3, 7, 10)",IV,E-,B-,B-,562.75,141.0
4503,B-,E-,5,B-,"(3, 7, 10)",IV,E-,B-,B-,562.875,141.0
4504,B-,E-,4,B-,"(3, 7, 10)",IV,E-,B-,B-,563.0,141.0
4505,B-,E-,4,B-,"(3, 7, 10)",IV,E-,B-,B-,563.125,141.0
4506,B-,E-,4,B-,"(3, 7, 10)",IV,E-,B-,B-,563.25,141.0
4507,B-,E-,4,B-,"(3, 7, 10)",IV,E-,B-,B-,563.375,141.0
4508,B-,E-,0,B-,"(3, 7, 10)",IV,E-,G,B-,563.5,141.0
4509,B-,E-,4,B-,"(3, 7, 10)",IV,E-,G,B-,563.625,141.0
4510,B-,E-,4,B-,"(3, 7, 10)",IV,E-,G,B-,563.75,141.0
4511,B-,E-,4,B-,"(3, 7, 10)",IV,E-,G,B-,563.875,141.0
4512,B-,D,0,B-,"(2, 5, 10)",I,B-,F,B-,564.0,142.0
4513,B-,D,1,B-,"(2, 5, 10)",I,B-,F,B-,564.125,142.0
4514,B-,D,2,B-,"(2, 5, 10)",I,B-,F,B-,564.25,142.0
4515,B-,D,2,B-,"(2, 5, 10)",I,B-,F,B-,564.375,142.0
4516,B-,D,3,B-,"(2, 5, 10)",I,B-,F,B-,564.5,142.0
4517,B-,D,3,B-,"(2, 5, 10)",I,B-,F,B-,564.625,142.0
4518,B-,D,3,B-,"(2, 5, 10)",I,B-,F,B-,564.75,142.0
4519,B-,D,3,B-,"(2, 5, 10)",I,B-,F,B-,564.875,142.0
4520,B-,D,4,B-,"(2, 5, 10)",I,B-,F,B-,565.0,142.0
4521,B-,D,4,B-,"(2, 5, 10)",I,B-,F,B-,565.125,142.0
4522,B-,D,4,B-,"(2, 5, 10)",I,B-,F,B-,565.25,142.0
4523,B-,D,4,B-,"(2, 5, 10)",I,B-,F,B-,565.375,142.0
4524,B-,D,4,B-,"(2, 5, 10)",I,B-,F,B-,565.5,142.0
4525,B-,D,4,B-,"(2, 5, 10)",I,B-,F,B-,565.625,142.0
4526,B-,D,4,B-,"(2, 5, 10)",I,B-,F,B-,565.75,142.0
4527,B-,D,4,B-,"(2, 5, 10)",I,B-,F,B-,565.875,142.0
4528,F,C,0,B-,"(0, 3, 5, 9)",V7,A,E-,B-,566.0,142.0
4529,F,C,1,B-,"(0, 3, 5, 9)",V7,A,E-,B-,566.125,142.0
4530,F,C,2,B-,"(0, 3, 5, 9)",V7,A,E-,B-,566.25,142.0
4531,F,C,2,B-,"(0, 3, 5, 9)",V7,A,E-,B-,566.375,142.0
4532,F,C,3,B-,"(0, 3, 5, 9)",V7,A,E-,B-,566.5,142.0
4533,F,C,3,B-,"(0, 3, 5, 9)",V7,A,E-,B-,566.625,142.0
4534,F,C,3,B-,"(0, 3, 5, 9)",V7,A,E-,B-,566.75,142.0
4535,F,C,3,B-,"(0, 3, 5, 9)",V7,A,E-,B-,566.875,142.0
4536,F,B-,0,B-,"(2, 5, 10)",I,B-,D,B-,567.0,142.0
4537,F,B-,1,B-,"(2, 5, 10)",I,B-,D,B-,567.125,142.0
4538,F,B-,2,B-,"(2, 5, 10)",I,B-,D,B-,567.25,142.0
4539,F,B-,2,B-,"(2, 5, 10)",I,B-,D,B-,567.375,142.0
4540,F,B-,3,B-,"(2, 5, 10)",I,B-,D,B-,567.5,142.0
4541,F,B-,3,B-,"(2, 5, 10)",I,B-,D,B-,567.625,142.0
4542,F,B-,3,B-,"(2, 5, 10)",I,B-,D,B-,567.75,142.0
4543,F,B-,3,B-,"(2, 5, 10)",I,B-,D,B-,567.875,142.0
4544,C,F,0,B-,"(0, 5, 9)",V,F,A,B-,568.0,143.0
4545,C,F,1,B-,"(0, 5, 9)",V,F,A,B-,568.125,143.0
4546,C,F,2,B-,"(0, 5, 9)",V,F,A,B-,568.25,143.0
4547,C,F,2,B-,"(0, 5, 9)",V,F,A,B-,568.375,143.0
4548,C,F,3,B-,"(0, 5, 9)",V,F,A,B-,568.5,143.0
4549,C,F,3,B-,"(0, 5, 9)",V,F,A,B-,568.625,143.0
4550,C,F,3,B-,"(0, 5, 9)",V,F,A,B-,568.75,143.0
4551,C,F,3,B-,"(0, 5, 9)",V,F,A,B-,568.875,143.0
4552,C,F,4,B-,"(0, 5, 9)",V,F,A,B-,569.0,143.0
4553,C,F,4,B-,"(0, 5, 9)",V,F,A,B-,569.125,143.0
4554,C,F,4,B-,"(0, 5, 9)",V,F,A,B-,569.25,143.0
4555,C,F,4,B-,"(0, 5, 9)",V,F,A,B-,569.375,143.0
4556,C,F,4,B-,"(0, 5, 9)",V,F,A,B-,569.5,143.0
4557,C,F,4,B-,"(0, 5, 9)",V,F,A,B-,569.625,143.0
4558,C,F,4,B-,"(0, 5, 9)",V,F,A,B-,569.75,143.0
4559,C,F,4,B-,"(0, 5, 9)",V,F,A,B-,569.875,143.0
4560,C,F,0,B-,"(0, 5, 9)",V,F,A,B-,570.0,143.0
4561,C,F,1,B-,"(0, 5, 9)",V,F,A,B-,570.125,143.0
4562,C,F,2,B-,"(0, 5, 9)",V,F,A,B-,570.25,143.0
4563,C,F,2,B-,"(0, 5, 9)",V,F,A,B-,570.375,143.0
4564,C,F,3,B-,"(0, 5, 9)",V,F,A,B-,570.5,143.0
4565,C,F,3,B-,"(0, 5, 9)",V,F,A,B-,570.625,143.0
4566,C,F,3,B-,"(0, 5, 9)",V,F,A,B-,570.75,143.0
4567,C,F,3,B-,"(0, 5, 9)",V,F,A,B-,570.875,143.0
4568,C,F,4,B-,"(0, 5, 9)",V,F,A,B-,571.0,143.0
4569,C,F,4,B-,"(0, 5, 9)",V,F,A,B-,571.125,143.0
4570,C,F,4,B-,"(0, 5, 9)",V,F,A,B-,571.25,143.0
4571,C,F,4,B-,"(0, 5, 9)",V,F,A,B-,571.375,143.0
4572,C,F,0,B-,"(0, 5, 9)",V,F,A,B-,571.5,143.0
4573,C,F,1,B-,"(0, 5, 9)",V,F,A,B-,571.625,143.0
4574,C,F,2,B-,"(0, 5, 9)",V,F,A,B-,571.75,143.0
4575,C,F,2,B-,"(0, 5, 9)",V,F,A,B-,571.875,143.0
4576,C,F,0,B-,"(0, 5, 9)",V,F,A,B-,572.0,144.0
4577,C,F,1,B-,"(0, 5, 9)",V,F,A,B-,572.125,144.0
4578,C,F,2,B-,"(0, 5, 9)",V,F,A,B-,572.25,144.0
4579,C,F,2,B-,"(0, 5, 9)",V,F,A,B-,572.375,144.0
4580,C,F,3,B-,"(0, 5, 9)",V,F,A,B-,572.5,144.0
4581,C,F,3,B-,"(0, 5, 9)",V,F,A,B-,572.625,144.0
4582,C,F,3,B-,"(0, 5, 9)",V,F,A,B-,572.75,144.0
4583,C,F,3,B-,"(0, 5, 9)",V,F,A,B-,572.875,144.0
4584,C,F,4,B-,"(0, 5, 9)",V,F,A,B-,573.0,144.0
4585,C,F,4,B-,"(0, 5, 9)",V,F,A,B-,573.125,144.0
4586,C,F,4,B-,"(0, 5, 9)",V,F,A,B-,573.25,144.0
4587,C,F,4,B-,"(0, 5, 9)",V,F,A,B-,573.375,144.0
4588,C,F,4,B-,"(0, 5, 9)",V,F,A,B-,573.5,144.0
4589,C,F,4,B-,"(0, 5, 9)",V,F,A,B-,573.625,144.0
4590,C,F,4,B-,"(0, 5, 9)",V,F,A,B-,573.75,144.0
4591,C,F,4,B-,"(0, 5, 9)",V,F,A,B-,573.875,144.0
4592,C,F,5,B-,"(0, 5, 9)",V,F,A,B-,574.0,144.0
4593,C,F,5,B-,"(0, 5, 9)",V,F,A,B-,574.125,144.0
4594,C,F,5,B-,"(0, 5, 9)",V,F,A,B-,574.25,144.0
4595,C,F,5,B-,"(0, 5, 9)",V,F,A,B-,574.375,144.0
4596,C,F,5,B-,"(0, 5, 9)",V,F,A,B-,574.5,144.0
4597,C,F,5,B-,"(0, 5, 9)",V,F,A,B-,574.625,144.0
4598,C,F,5,B-,"(0, 5, 9)",V,F,A,B-,574.75,144.0
4599,C,F,5,B-,"(0, 5, 9)",V,F,A,B-,574.875,144.0
4600,C,F,5,B-,"(0, 5, 9)",V,F,A,B-,575.0,144.0
4601,C,F,5,B-,"(0, 5, 9)",V,F,A,B-,575.125,144.0
4602,C,F,5,B-,"(0, 5, 9)",V,F,A,B-,575.25,144.0
4603,C,F,5,B-,"(0, 5, 9)",V,F,A,B-,575.375,144.0
4604,C,F,5,B-,"(0, 5, 9)",V,F,A,B-,575.5,144.0
4605,C,F,5,B-,"(0, 5, 9)",V,F,A,B-,575.625,144.0
4606,C,F,5,B-,"(0, 5, 9)",V,F,A,B-,575.75,144.0
4607,C,F,5,B-,"(0, 5, 9)",V,F,A,B-,575.875,144.0
4608,C,F,0,B-,"(0, 5, 9)",V,F,A,B-,576.0,145.0
4609,C,F,1,B-,"(0, 5, 9)",V,F,A,B-,576.125,145.0
4610,C,F,2,B-,"(0, 5, 9)",V,F,A,B-,576.25,145.0
4611,C,F,2,B-,"(0, 5, 9)",V,F,A,B-,576.375,145.0
4612,C,F,3,B-,"(0, 5, 9)",V,F,A,B-,576.5,145.0
4613,C,F,3,B-,"(0, 5, 9)",V,F,A,B-,576.625,145.0
4614,C,F,3,B-,"(0, 5, 9)",V,F,A,B-,576.75,145.0
4615,C,F,3,B-,"(0, 5, 9)",V,F,A,B-,576.875,145.0
4616,C,F,4,B-,"(0, 5, 9)",V,F,A,B-,577.0,145.0
4617,C,F,4,B-,"(0, 5, 9)",V,F,A,B-,577.125,145.0
4618,C,F,4,B-,"(0, 5, 9)",V,F,A,B-,577.25,145.0
4619,C,F,4,B-,"(0, 5, 9)",V,F,A,B-,577.375,145.0
4620,C,F,4,B-,"(0, 5, 9)",V,F,A,B-,577.5,145.0
4621,C,F,4,B-,"(0, 5, 9)",V,F,A,B-,577.625,145.0
4622,C,F,4,B-,"(0, 5, 9)",V,F,A,B-,577.75,145.0
4623,C,F,4,B-,"(0, 5, 9)",V,F,A,B-,577.875,145.0
4624,C,F,5,B-,"(0, 5, 9)",V,F,A,B-,578.0,145.0
4625,C,F,5,B-,"(0, 5, 9)",V,F,A,B-,578.125,145.0
4626,C,F,5,B-,"(0, 5, 9)",V,F,A,B-,578.25,145.0
4627,C,F,5,B-,"(0, 5, 9)",V,F,A,B-,578.375,145.0
4628,C,F,5,B-,"(0, 5, 9)",V,F,A,B-,578.5,145.0
4629,C,F,5,B-,"(0, 5, 9)",V,F,A,B-,578.625,145.0
4630,C,F,5,B-,"(0, 5, 9)",V,F,A,B-,578.75,145.0
4631,C,F,5,B-,"(0, 5, 9)",V,F,A,B-,578.875,145.0
4632,C,F,5,B-,"(0, 5, 9)",V,F,A,B-,579.0,145.0
4633,C,F,5,B-,"(0, 5, 9)",V,F,A,B-,579.125,145.0
4634,C,F,5,B-,"(0, 5, 9)",V,F,A,B-,579.25,145.0
4635,C,F,5,B-,"(0, 5, 9)",V,F,A,B-,579.375,145.0
4636,C,F,5,B-,"(0, 5, 9)",V,F,A,B-,579.5,145.0
4637,C,F,5,B-,"(0, 5, 9)",V,F,A,B-,579.625,145.0
4638,C,F,5,B-,"(0, 5, 9)",V,F,A,B-,579.75,145.0
4639,C,F,5,B-,"(0, 5, 9)",V,F,A,B-,579.875,145.0
4640,C,F,0,B-,"(0, 5, 9)",I,F,A,B-,580.0,146.0
4641,C,F,1,B-,"(0, 5, 9)",I,F,A,B-,580.125,146.0
4642,C,F,2,B-,"(0, 5, 9)",I,F,A,B-,580.25,146.0
4643,C,F,2,B-,"(0, 5, 9)",I,F,A,B-,580.375,146.0
4644,C,F,3,B-,"(0, 5, 9)",I,F,A,B-,580.5,146.0
4645,C,F,3,B-,"(0, 5, 9)",I,F,A,B-,580.625,146.0
4646,C,F,3,B-,"(0, 5, 9)",I,F,A,B-,580.75,146.0
4647,C,F,3,B-,"(0, 5, 9)",I,F,A,B-,580.875,146.0
4648,C,F,4,B-,"(0, 5, 9)",I,F,A,B-,581.0,146.0
4649,C,F,4,B-,"(0, 5, 9)",I,F,A,B-,581.125,146.0
4650,C,F,4,B-,"(0, 5, 9)",I,F,A,B-,581.25,146.0
4651,C,F,4,B-,"(0, 5, 9)",I,F,A,B-,581.375,146.0
4652,C,F,4,B-,"(0, 5, 9)",I,F,A,B-,581.5,146.0
4653,C,F,4,B-,"(0, 5, 9)",I,F,A,B-,581.625,146.0
4654,C,F,4,B-,"(0, 5, 9)",I,F,A,B-,581.75,146.0
4655,C,F,4,B-,"(0, 5, 9)",I,F,A,B-,581.875,146.0
4656,C,F,5,B-,"(0, 5, 9)",I,F,A,B-,582.0,146.0
4657,C,F,5,B-,"(0, 5, 9)",I,F,A,B-,582.125,146.0
4658,C,F,5,B-,"(0, 5, 9)",I,F,A,B-,582.25,146.0
4659,C,F,5,B-,"(0, 5, 9)",I,F,A,B-,582.375,146.0
4660,C,F,5,B-,"(0, 5, 9)",I,F,A,B-,582.5,146.0
4661,C,F,5,B-,"(0, 5, 9)",I,F,A,B-,582.625,146.0
4662,C,F,5,B-,"(0, 5, 9)",I,F,A,B-,582.75,146.0
4663,C,F,5,B-,"(0, 5, 9)",I,F,A,B-,582.875,146.0
4664,C,F,5,B-,"(0, 3, 5, 9)",I,F,A,B-,583.0,146.0
4665,C,F,5,B-,"(0, 3, 5, 9)",I,E-,A,B-,583.125,146.0
4666,C,F,5,B-,"(0, 3, 5, 9)",I,E-,A,B-,583.25,146.0
4667,C,F,5,B-,"(0, 3, 5, 9)",I,E-,A,B-,583.375,146.0
4668,C,F,5,B-,"(0, 3, 5, 9)",I,E-,A,B-,583.5,146.0
4669,C,F,5,B-,"(0, 3, 5, 9)",I,E-,A,B-,583.625,146.0
4670,C,F,5,B-,"(0, 3, 5, 9)",I,E-,A,B-,583.75,146.0
4671,C,F,5,B-,"(0, 3, 5, 9)",I,B-,A,B-,583.875,146.0
4672,F,F,0,B-,"(2, 5, 10)",I,B-,F,B-,584.0,147.0
4673,F,F,1,B-,"(2, 5, 10)",I,B-,F,B-,584.125,147.0
4674,F,F,2,B-,"(2, 5, 10)",I,B-,F,B-,584.25,147.0
4675,F,F,2,B-,"(2, 5, 10)",I,B-,F,B-,584.375,147.0
4676,F,F,3,B-,"(2, 5, 10)",I,B-,F,B-,584.5,147.0
4677,F,F,3,B-,"(2, 5, 10)",I,B-,F,B-,584.625,147.0
4678,F,F,3,B-,"(2, 5, 10)",I,B-,F,B-,584.75,147.0
4679,F,F,3,B-,"(2, 5, 10)",I,B-,F,B-,584.875,147.0
4680,F,F,4,B-,"(2, 5, 10)",I,B-,F,B-,585.0,147.0
4681,F,B-,4,B-,"(2, 5, 10)",I,B-,F,B-,585.125,147.0
4682,F,B-,4,B-,"(2, 5, 10)",I,B-,F,B-,585.25,147.0
4683,F,B-,4,B-,"(2, 5, 10)",I,B-,F,B-,585.375,147.0
4684,F,B-,4,B-,"(2, 5, 10)",I,B-,F,B-,585.5,147.0
4685,F,B-,4,B-,"(2, 5, 10)",I,B-,F,B-,585.625,147.0
4686,F,B-,4,B-,"(2, 5, 10)",I,B-,F,B-,585.75,147.0
4687,F,B-,4,B-,"(2, 5, 10)",I,B-,F,B-,585.875,147.0
4688,F,B-,5,B-,"(2, 5, 10)",I,B-,F,B-,586.0,147.0
4689,F,B-,5,B-,"(2, 5, 10)",I,B-,F,B-,586.125,147.0
4690,F,B-,5,B-,"(2, 5, 10)",I,B-,F,B-,586.25,147.0
4691,F,B-,5,B-,"(2, 5, 10)",I,B-,F,B-,586.375,147.0
4692,F,B-,5,B-,"(2, 5, 10)",I,B-,F,B-,586.5,147.0
4693,F,B-,5,B-,"(2, 5, 10)",I,B-,F,B-,586.625,147.0
4694,F,B-,5,B-,"(2, 5, 10)",I,B-,D,B-,586.75,147.0
4695,F,B-,5,B-,"(2, 5, 10)",I,B-,D,B-,586.875,147.0
4696,F,B-,5,B-,"(2, 5, 10)",I,B-,D,B-,587.0,147.0
4697,F,B-,5,B-,"(2, 5, 10)",I,B-,D,B-,587.125,147.0
4698,F,B-,5,B-,"(2, 5, 10)",I,B-,D,B-,587.25,147.0
4699,F,B-,5,B-,"(2, 5, 10)",I,B-,D,B-,587.375,147.0
4700,F,B-,5,B-,"(2, 5, 10)",I,B-,D,B-,587.5,147.0
4701,F,B-,5,B-,"(2, 5, 10)",I,B-,D,B-,587.625,147.0
4702,F,B-,5,B-,"(2, 5, 10)",I,B-,D,B-,587.75,147.0
4703,F,B-,5,B-,"(2, 5, 10)",I,B-,D,B-,587.875,147.0
4704,C,F,0,B-,"(2, 5, 10)",I,B-,B-,B-,588.0,148.0
4705,C,F,1,B-,"(2, 5, 10)",I,B-,B-,B-,588.125,148.0
4706,C,F,2,B-,"(2, 5, 10)",I,B-,B-,B-,588.25,148.0
4707,C,F,2,B-,"(2, 5, 10)",I,B-,B-,B-,588.375,148.0
4708,C,F,3,B-,"(2, 5, 10)",I,B-,B-,B-,588.5,148.0
4709,C,F,3,B-,"(2, 5, 10)",I,B-,A,B-,588.625,148.0
4710,C,F,3,B-,"(2, 5, 10)",I,B-,A,B-,588.75,148.0
4711,C,F,3,B-,"(2, 5, 10)",I,B-,A,B-,588.875,148.0
4712,C,F,4,B-,"(2, 5, 10)",I,B-,A,B-,589.0,148.0
4713,C,F,4,B-,"(2, 5, 10)",I,B-,A,B-,589.125,148.0
4714,C,F,4,B-,"(2, 5, 10)",I,B-,A,B-,589.25,148.0
4715,C,F,4,B-,"(2, 5, 10)",I,B-,A,B-,589.375,148.0
4716,C,F,4,B-,"(2, 5, 10)",I,B-,A,B-,589.5,148.0
4717,C,F,4,B-,"(2, 5, 10)",I,B-,A,B-,589.625,148.0
4718,C,F,4,B-,"(2, 5, 10)",I,B-,A,B-,589.75,148.0
4719,C,F,4,B-,"(2, 5, 10)",I,B-,A,B-,589.875,148.0
4720,C,F,0,B-,"(0, 3, 5, 9)",V7,E-,A,B-,590.0,148.0
4721,C,F,1,B-,"(0, 3, 5, 9)",V7,E-,A,B-,590.125,148.0
4722,C,F,2,B-,"(0, 3, 5, 9)",V7,E-,A,B-,590.25,148.0
4723,C,F,2,B-,"(0, 3, 5, 9)",V7,E-,A,B-,590.375,148.0
4724,C,F,3,B-,"(0, 3, 5, 9)",V7,E-,A,B-,590.5,148.0
4725,C,F,3,B-,"(0, 3, 5, 9)",V7,E-,A,B-,590.625,148.0
4726,C,F,3,B-,"(0, 3, 5, 9)",V7,E-,A,B-,590.75,148.0
4727,C,F,3,B-,"(0, 3, 5, 9)",V7,E-,A,B-,590.875,148.0
4728,C,F,4,B-,"(0, 3, 5, 9)",V7,E-,A,B-,591.0,148.0
4729,C,F,4,B-,"(0, 3, 5, 9)",V7,E-,A,B-,591.125,148.0
4730,C,F,4,B-,"(0, 3, 5, 9)",V7,E-,A,B-,591.25,148.0
4731,C,F,4,B-,"(0, 3, 5, 9)",V7,E-,A,B-,591.375,148.0
4732,C,F,4,B-,"(0, 3, 5, 9)",V7,E-,A,B-,591.5,148.0
4733,C,F,4,B-,"(0, 3, 5, 9)",V7,E-,A,B-,591.625,148.0
4734,C,F,4,B-,"(0, 3, 5, 9)",V7,E-,A,B-,591.75,148.0
4735,C,F,4,B-,"(0, 3, 5, 9)",V7,E-,A,B-,591.875,148.0
4736,F,B-,0,B-,"(2, 5, 10)",I,B-,D,B-,592.0,149.0
4737,F,B-,1,B-,"(2, 5, 10)",I,B-,D,B-,592.125,149.0
4738,F,B-,2,B-,"(2, 5, 10)",I,B-,D,B-,592.25,149.0
4739,F,B-,2,B-,"(2, 5, 10)",I,B-,D,B-,592.375,149.0
4740,F,B-,3,B-,"(2, 5, 10)",I,B-,D,B-,592.5,149.0
4741,F,B-,3,B-,"(2, 5, 10)",I,B-,D,B-,592.625,149.0
4742,F,B-,3,B-,"(2, 5, 10)",I,B-,D,B-,592.75,149.0
4743,F,B-,3,B-,"(2, 5, 10)",I,B-,D,B-,592.875,149.0
4744,F,B-,4,B-,"(2, 5, 10)",I,B-,D,B-,593.0,149.0
4745,F,B-,4,B-,"(2, 5, 10)",I,B-,D,B-,593.125,149.0
4746,F,B-,4,B-,"(2, 5, 10)",I,B-,D,B-,593.25,149.0
4747,F,B-,4,B-,"(2, 5, 10)",I,B-,D,B-,593.375,149.0
4748,F,B-,4,B-,"(2, 5, 10)",I,B-,D,B-,593.5,149.0
4749,F,B-,4,B-,"(2, 5, 10)",I,B-,D,B-,593.625,149.0
4750,F,B-,4,B-,"(2, 5, 10)",I,B-,D,B-,593.75,149.0
4751,F,B-,4,B-,"(2, 5, 10)",I,B-,D,B-,593.875,149.0
4752,F,B-,5,B-,"(2, 5, 10)",I,B-,D,B-,594.0,149.0
4753,F,B-,5,B-,"(2, 5, 10)",I,B-,D,B-,594.125,149.0
4754,F,B-,5,B-,"(2, 5, 10)",I,B-,D,B-,594.25,149.0
4755,F,B-,5,B-,"(2, 5, 10)",I,B-,D,B-,594.375,149.0
4756,F,B-,5,B-,"(2, 5, 10)",I,B-,D,B-,594.5,149.0
4757,F,B-,5,B-,"(2, 5, 10)",I,B-,D,B-,594.625,149.0
4758,F,B-,5,B-,"(2, 5, 10)",I,B-,D,B-,594.75,149.0
4759,F,B-,5,B-,"(2, 5, 10)",I,B-,D,B-,594.875,149.0
4760,F,B-,5,B-,"(2, 5, 10)",I,B-,D,B-,595.0,149.0
4761,F,B-,5,B-,"(2, 5, 10)",I,B-,D,B-,595.125,149.0
4762,F,B-,5,B-,"(2, 5, 10)",I,B-,D,B-,595.25,149.0
4763,F,B-,5,B-,"(2, 5, 10)",I,B-,D,B-,595.375,149.0
4764,F,B-,5,B-,"(2, 5, 10)",I,B-,D,B-,595.5,149.0
4765,F,B-,5,B-,"(2, 5, 10)",I,B-,D,B-,595.625,149.0
4766,F,B-,5,B-,"(2, 5, 10)",I,B-,D,B-,595.75,149.0
4767,F,B-,5,B-,"(2, 5, 10)",I,B-,D,B-,595.875,149.0
4768,F,F,0,B-,"(2, 5, 10)",I,B-,B-,B-,596.0,150.0
4769,F,F,1,B-,"(2, 5, 10)",I,B-,B-,B-,596.125,150.0
4770,F,F,2,B-,"(2, 5, 10)",I,B-,B-,B-,596.25,150.0
4771,F,F,2,B-,"(2, 5, 10)",I,B-,B-,B-,596.375,150.0
4772,F,F,3,B-,"(2, 5, 10)",I,B-,B-,B-,596.5,150.0
4773,F,F,3,B-,"(2, 5, 10)",I,B-,B-,B-,596.625,150.0
4774,F,F,3,B-,"(2, 5, 10)",I,B-,B-,B-,596.75,150.0
4775,F,F,3,B-,"(2, 5, 10)",I,B-,B-,B-,596.875,150.0
4776,F,F,4,B-,"(2, 5, 10)",I,B-,A,B-,597.0,150.0
4777,F,F,4,B-,"(2, 5, 10)",I,B-,A,B-,597.125,150.0
4778,F,F,4,B-,"(2, 5, 10)",I,B-,A,B-,597.25,150.0
4779,F,F,4,B-,"(2, 5, 10)",I,B-,A,B-,597.375,150.0
4780,F,F,4,B-,"(2, 5, 10)",I,B-,A,B-,597.5,150.0
4781,F,F,4,B-,"(2, 5, 10)",I,B-,A,B-,597.625,150.0
4782,F,F,4,B-,"(2, 5, 10)",I,B-,A,B-,597.75,150.0
4783,F,F,4,B-,"(2, 5, 10)",I,B-,A,B-,597.875,150.0
4784,C,F,0,B-,"(0, 3, 5, 9)",V7,E-,A,B-,598.0,150.0
4785,C,F,1,B-,"(0, 3, 5, 9)",V7,E-,A,B-,598.125,150.0
4786,C,F,2,B-,"(0, 3, 5, 9)",V7,E-,A,B-,598.25,150.0
4787,C,F,2,B-,"(0, 3, 5, 9)",V7,E-,A,B-,598.375,150.0
4788,C,F,3,B-,"(0, 3, 5, 9)",V7,E-,A,B-,598.5,150.0
4789,C,F,3,B-,"(0, 3, 5, 9)",V7,E-,A,B-,598.625,150.0
4790,C,F,3,B-,"(0, 3, 5, 9)",V7,E-,A,B-,598.75,150.0
4791,C,F,3,B-,"(0, 3, 5, 9)",V7,E-,A,B-,598.875,150.0
4792,C,F,4,B-,"(0, 3, 5, 9)",V7,E-,A,B-,599.0,150.0
4793,C,F,4,B-,"(0, 3, 5, 9)",V7,E-,A,B-,599.125,150.0
4794,C,F,4,B-,"(0, 3, 5, 9)",V7,E-,A,B-,599.25,150.0
4795,C,F,4,B-,"(0, 3, 5, 9)",V7,E-,A,B-,599.375,150.0
4796,C,F,4,B-,"(0, 3, 5, 9)",V7,E-,A,B-,599.5,150.0
4797,C,F,4,B-,"(0, 3, 5, 9)",V7,E-,A,B-,599.625,150.0
4798,C,F,4,B-,"(0, 3, 5, 9)",V7,E-,A,B-,599.75,150.0
4799,C,F,4,B-,"(0, 3, 5, 9)",V7,E-,A,B-,599.875,150.0
4800,F,B-,0,B-,"(2, 5, 10)",I,B-,D,B-,600.0,151.0
4801,F,B-,1,B-,"(2, 5, 10)",I,B-,D,B-,600.125,151.0
4802,F,B-,2,B-,"(2, 5, 10)",I,B-,D,B-,600.25,151.0
4803,F,B-,2,B-,"(2, 5, 10)",I,B-,D,B-,600.375,151.0
4804,F,B-,3,B-,"(2, 5, 10)",I,B-,D,B-,600.5,151.0
4805,F,B-,3,B-,"(2, 5, 10)",I,B-,D,B-,600.625,151.0
4806,F,B-,3,B-,"(2, 5, 10)",I,B-,D,B-,600.75,151.0
4807,F,B-,3,B-,"(2, 5, 10)",I,B-,D,B-,600.875,151.0
4808,F,B-,4,B-,"(2, 5, 10)",I,B-,D,B-,601.0,151.0
4809,F,B-,4,B-,"(2, 5, 10)",I,B-,D,B-,601.125,151.0
4810,F,B-,4,B-,"(2, 5, 10)",I,B-,D,B-,601.25,151.0
4811,F,B-,4,B-,"(2, 5, 10)",I,B-,D,B-,601.375,151.0
4812,F,B-,4,B-,"(2, 5, 10)",I,B-,D,B-,601.5,151.0
4813,F,B-,4,B-,"(2, 5, 10)",I,B-,D,B-,601.625,151.0
4814,F,B-,4,B-,"(2, 5, 10)",I,B-,D,B-,601.75,151.0
4815,F,B-,4,B-,"(2, 5, 10)",I,B-,D,B-,601.875,151.0
4816,F,B-,5,B-,"(2, 5, 10)",I,B-,D,B-,602.0,151.0
4817,F,B-,5,B-,"(2, 5, 10)",I,B-,D,B-,602.125,151.0
4818,F,B-,5,B-,"(2, 5, 10)",I,B-,D,B-,602.25,151.0
4819,F,B-,5,B-,"(2, 5, 10)",I,B-,D,B-,602.375,151.0
4820,F,B-,5,B-,"(2, 5, 10)",I,B-,D,B-,602.5,151.0
4821,F,B-,5,B-,"(2, 5, 10)",I,B-,D,B-,602.625,151.0
4822,F,B-,5,B-,"(2, 5, 10)",I,B-,D,B-,602.75,151.0
4823,F,B-,5,B-,"(2, 5, 10)",I,B-,D,B-,602.875,151.0
4824,F,B-,5,B-,"(2, 5, 10)",I,B-,D,B-,603.0,151.0
4825,F,B-,5,B-,"(2, 5, 10)",I,B-,D,B-,603.125,151.0
4826,F,B-,5,B-,"(2, 5, 10)",I,B-,D,B-,603.25,151.0
4827,F,B-,5,B-,"(2, 5, 10)",I,B-,D,B-,603.375,151.0
4828,F,B-,5,B-,"(2, 5, 10)",I,B-,D,B-,603.5,151.0
4829,F,B-,5,B-,"(2, 5, 10)",I,B-,D,B-,603.625,151.0
4830,F,B-,5,B-,"(2, 5, 10)",I,B-,D,B-,603.75,151.0
4831,F,B-,5,B-,"(2, 5, 10)",I,B-,D,B-,603.875,151.0
4832,F,B-,0,B-,"(2, 5, 10)",I,B-,D,B-,604.0,152.0
4833,F,B-,1,B-,"(2, 5, 10)",I,B-,D,B-,604.125,152.0
4834,F,B-,2,B-,"(2, 5, 10)",I,B-,D,B-,604.25,152.0
4835,F,B-,2,B-,"(2, 5, 10)",I,B-,D,B-,604.375,152.0
4836,F,B-,3,B-,"(2, 5, 10)",I,B-,D,B-,604.5,152.0
4837,F,B-,3,B-,"(2, 5, 10)",I,B-,D,B-,604.625,152.0
4838,F,B-,3,B-,"(2, 5, 10)",I,B-,D,B-,604.75,152.0
4839,F,B-,3,B-,"(2, 5, 10)",I,B-,D,B-,604.875,152.0
4840,F,B-,4,B-,"(2, 5, 10)",I,B-,D,B-,605.0,152.0
4841,F,B-,4,B-,"(2, 5, 10)",I,B-,D,B-,605.125,152.0
4842,F,B-,4,B-,"(2, 5, 10)",I,B-,D,B-,605.25,152.0
4843,F,B-,4,B-,"(2, 5, 10)",I,B-,D,B-,605.375,152.0
4844,F,B-,4,B-,"(2, 5, 10)",I,B-,D,B-,605.5,152.0
4845,F,B-,4,B-,"(2, 5, 10)",I,B-,D,B-,605.625,152.0
4846,F,B-,4,B-,"(2, 5, 10)",I,B-,D,B-,605.75,152.0
4847,F,B-,4,B-,"(2, 5, 10)",I,B-,D,B-,605.875,152.0
4848,F,B-,5,B-,"(2, 5, 10)",I,B-,D,B-,606.0,152.0
4849,F,B-,5,B-,"(2, 5, 10)",I,B-,D,B-,606.125,152.0
4850,F,B-,5,B-,"(2, 5, 10)",I,B-,D,B-,606.25,152.0
4851,F,B-,5,B-,"(2, 5, 10)",I,B-,D,B-,606.375,152.0
4852,F,B-,5,B-,"(2, 5, 10)",I,B-,D,B-,606.5,152.0
4853,F,B-,5,B-,"(2, 5, 10)",I,B-,D,B-,606.625,152.0
4854,F,B-,5,B-,"(2, 5, 10)",I,B-,D,B-,606.75,152.0
4855,F,B-,5,B-,"(2, 5, 10)",I,B-,D,B-,606.875,152.0
4856,F,B-,5,B-,"(2, 5, 10)",I,B-,D,B-,607.0,152.0
4857,F,B-,5,B-,"(2, 5, 10)",I,B-,D,B-,607.125,152.0
4858,F,B-,5,B-,"(2, 5, 10)",I,B-,D,B-,607.25,152.0
4859,F,B-,5,B-,"(2, 5, 10)",I,B-,D,B-,607.375,152.0
4860,F,B-,5,B-,"(2, 5, 10)",I,B-,D,B-,607.5,152.0
4861,F,B-,5,B-,"(2, 5, 10)",I,B-,D,B-,607.625,152.0
4862,F,B-,5,B-,"(2, 5, 10)",I,B-,D,B-,607.75,152.0
4863,F,B-,5,B-,"(2, 5, 10)",I,B-,D,B-,607.875,152.0
4864,C,F,0,B-,"(0, 3, 5, 9)",V7,E-,A,B-,608.0,153.0
4865,C,F,1,B-,"(0, 3, 5, 9)",V7,E-,A,B-,608.125,153.0
4866,C,F,2,B-,"(0, 3, 5, 9)",V7,E-,A,B-,608.25,153.0
4867,C,F,2,B-,"(0, 3, 5, 9)",V7,E-,A,B-,608.375,153.0
4868,C,F,3,B-,"(0, 3, 5, 9)",V7,E-,A,B-,608.5,153.0
4869,C,F,3,B-,"(0, 3, 5, 9)",V7,E-,A,B-,608.625,153.0
4870,C,F,3,B-,"(0, 3, 5, 9)",V7,E-,A,B-,608.75,153.0
4871,C,F,3,B-,"(0, 3, 5, 9)",V7,E-,A,B-,608.875,153.0
4872,C,F,4,B-,"(0, 3, 5, 9)",V7,E-,A,B-,609.0,153.0
4873,C,F,4,B-,"(0, 3, 5, 9)",V7,E-,A,B-,609.125,153.0
4874,C,F,4,B-,"(0, 3, 5, 9)",V7,E-,A,B-,609.25,153.0
4875,C,F,4,B-,"(0, 3, 5, 9)",V7,E-,A,B-,609.375,153.0
4876,C,F,4,B-,"(0, 3, 5, 9)",V7,E-,A,B-,609.5,153.0
4877,C,F,4,B-,"(0, 3, 5, 9)",V7,E-,A,B-,609.625,153.0
4878,C,F,4,B-,"(0, 3, 5, 9)",V7,E-,A,B-,609.75,153.0
4879,C,F,4,B-,"(0, 3, 5, 9)",V7,E-,A,B-,609.875,153.0
4880,C,F,5,B-,"(0, 3, 5, 9)",V7,E-,A,B-,610.0,153.0
4881,C,F,5,B-,"(0, 3, 5, 9)",V7,E-,A,B-,610.125,153.0
4882,C,F,5,B-,"(0, 3, 5, 9)",V7,E-,A,B-,610.25,153.0
4883,C,F,5,B-,"(0, 3, 5, 9)",V7,E-,A,B-,610.375,153.0
4884,C,F,5,B-,"(0, 3, 5, 9)",V7,E-,A,B-,610.5,153.0
4885,C,F,5,B-,"(0, 3, 5, 9)",V7,E-,A,B-,610.625,153.0
4886,C,F,5,B-,"(0, 3, 5, 9)",V7,E-,A,B-,610.75,153.0
4887,C,F,5,B-,"(0, 3, 5, 9)",V7,E-,A,B-,610.875,153.0
4888,C,F,5,B-,"(0, 3, 5, 9)",V7,E-,A,B-,611.0,153.0
4889,C,F,5,B-,"(0, 3, 5, 9)",V7,E-,A,B-,611.125,153.0
4890,C,F,5,B-,"(0, 3, 5, 9)",V7,E-,A,B-,611.25,153.0
4891,C,F,5,B-,"(0, 3, 5, 9)",V7,E-,A,B-,611.375,153.0
4892,C,F,5,B-,"(0, 3, 5, 9)",V7,E-,A,B-,611.5,153.0
4893,C,F,5,B-,"(0, 3, 5, 9)",V7,E-,A,B-,611.625,153.0
4894,C,F,5,B-,"(0, 3, 5, 9)",V7,E-,A,B-,611.75,153.0
4895,C,F,5,B-,"(0, 3, 5, 9)",V7,E-,A,B-,611.875,153.0
4896,C,F,0,B-,"(0, 3, 5, 9)",V7,E-,A,B-,612.0,154.0
4897,C,F,1,B-,"(0, 3, 5, 9)",V7,E-,A,B-,612.125,154.0
4898,C,F,2,B-,"(0, 3, 5, 9)",V7,E-,A,B-,612.25,154.0
4899,C,F,2,B-,"(0, 3, 5, 9)",V7,E-,A,B-,612.375,154.0
4900,C,F,3,B-,"(0, 3, 5, 9)",V7,E-,A,B-,612.5,154.0
4901,C,F,3,B-,"(0, 3, 5, 9)",V7,E-,A,B-,612.625,154.0
4902,C,F,3,B-,"(0, 3, 5, 9)",V7,E-,A,B-,612.75,154.0
4903,C,F,3,B-,"(0, 3, 5, 9)",V7,E-,A,B-,612.875,154.0
4904,C,F,4,B-,"(0, 3, 5, 9)",V7,E-,A,B-,613.0,154.0
4905,C,F,4,B-,"(0, 3, 5, 9)",V7,E-,A,B-,613.125,154.0
4906,C,F,4,B-,"(0, 3, 5, 9)",V7,E-,A,B-,613.25,154.0
4907,C,F,4,B-,"(0, 3, 5, 9)",V7,E-,A,B-,613.375,154.0
4908,C,F,4,B-,"(0, 3, 5, 9)",V7,E-,A,B-,613.5,154.0
4909,C,F,4,B-,"(0, 3, 5, 9)",V7,E-,A,B-,613.625,154.0
4910,C,F,4,B-,"(0, 3, 5, 9)",V7,E-,A,B-,613.75,154.0
4911,C,F,4,B-,"(0, 3, 5, 9)",V7,E-,A,B-,613.875,154.0
4912,C,F,5,B-,"(0, 3, 5, 9)",V7,E-,A,B-,614.0,154.0
4913,C,F,5,B-,"(0, 3, 5, 9)",V7,E-,A,B-,614.125,154.0
4914,C,F,5,B-,"(0, 3, 5, 9)",V7,E-,A,B-,614.25,154.0
4915,C,F,5,B-,"(0, 3, 5, 9)",V7,E-,A,B-,614.375,154.0
4916,C,F,5,B-,"(0, 3, 5, 9)",V7,E-,A,B-,614.5,154.0
4917,C,F,5,B-,"(0, 3, 5, 9)",V7,E-,A,B-,614.625,154.0
4918,C,F,5,B-,"(0, 3, 5, 9)",V7,E-,A,B-,614.75,154.0
4919,C,F,5,B-,"(0, 3, 5, 9)",V7,E-,A,B-,614.875,154.0
4920,C,F,5,B-,"(0, 3, 5, 9)",V7,E-,A,B-,615.0,154.0
4921,C,F,5,B-,"(0, 3, 5, 9)",V7,E-,A,B-,615.125,154.0
4922,C,F,5,B-,"(0, 3, 5, 9)",V7,E-,A,B-,615.25,154.0
4923,C,F,5,B-,"(0, 3, 5, 9)",V7,E-,A,B-,615.375,154.0
4924,C,F,5,B-,"(0, 3, 5, 9)",V7,E-,A,B-,615.5,154.0
4925,C,F,5,B-,"(0, 3, 5, 9)",V7,E-,A,B-,615.625,154.0
4926,C,F,5,B-,"(0, 3, 5, 9)",V7,E-,A,B-,615.75,154.0
4927,C,F,5,B-,"(0, 3, 5, 9)",V7,E-,A,B-,615.875,154.0
4928,F,B-,0,B-,"(2, 5, 10)",I,B-,D,B-,616.0,155.0
4929,F,B-,1,B-,"(2, 5, 10)",I,B-,D,B-,616.125,155.0
4930,F,B-,2,B-,"(2, 5, 10)",I,B-,D,B-,616.25,155.0
4931,F,B-,2,B-,"(2, 5, 10)",I,B-,D,B-,616.375,155.0
4932,F,B-,3,B-,"(2, 5, 10)",I,B-,D,B-,616.5,155.0
4933,F,B-,3,B-,"(2, 5, 10)",I,B-,D,B-,616.625,155.0
4934,F,B-,3,B-,"(2, 5, 10)",I,B-,D,B-,616.75,155.0
4935,F,B-,3,B-,"(2, 5, 10)",I,B-,D,B-,616.875,155.0
4936,F,B-,4,B-,"(2, 5, 10)",I,B-,D,B-,617.0,155.0
4937,F,B-,4,B-,"(2, 5, 10)",I,B-,D,B-,617.125,155.0
4938,F,B-,4,B-,"(2, 5, 10)",I,B-,D,B-,617.25,155.0
4939,F,B-,4,B-,"(2, 5, 10)",I,B-,D,B-,617.375,155.0
4940,F,B-,4,B-,"(2, 5, 10)",I,B-,D,B-,617.5,155.0
4941,F,B-,4,B-,"(2, 5, 10)",I,B-,D,B-,617.625,155.0
4942,F,B-,4,B-,"(2, 5, 10)",I,B-,D,B-,617.75,155.0
4943,F,B-,4,B-,"(2, 5, 10)",I,B-,D,B-,617.875,155.0
4944,F,B-,5,B-,"(2, 5, 10)",I,B-,D,B-,618.0,155.0
4945,F,B-,5,B-,"(2, 5, 10)",I,B-,D,B-,618.125,155.0
4946,F,B-,5,B-,"(2, 5, 10)",I,B-,D,B-,618.25,155.0
4947,F,B-,5,B-,"(2, 5, 10)",I,B-,D,B-,618.375,155.0
4948,F,B-,5,B-,"(2, 5, 10)",I,B-,D,B-,618.5,155.0
4949,F,B-,5,B-,"(2, 5, 10)",I,B-,D,B-,618.625,155.0
4950,F,B-,5,B-,"(2, 5, 10)",I,B-,D,B-,618.75,155.0
4951,F,B-,5,B-,"(2, 5, 10)",I,B-,D,B-,618.875,155.0
4952,F,B-,5,B-,"(2, 5, 10)",I,B-,D,B-,619.0,155.0
4953,F,B-,5,B-,"(2, 5, 10)",I,B-,D,B-,619.125,155.0
4954,F,B-,5,B-,"(2, 5, 10)",I,B-,D,B-,619.25,155.0
4955,F,B-,5,B-,"(2, 5, 10)",I,B-,D,B-,619.375,155.0
4956,F,B-,5,B-,"(2, 5, 10)",I,B-,D,B-,619.5,155.0
4957,F,B-,5,B-,"(2, 5, 10)",I,B-,D,B-,619.625,155.0
4958,F,B-,5,B-,"(2, 5, 10)",I,B-,D,B-,619.75,155.0
4959,F,B-,5,B-,"(2, 5, 10)",I,B-,D,B-,619.875,155.0
4960,G,B-,0,B-,"(3, 7, 10)",IV,E-,E-,B-,620.0,156.0
4961,G,B-,1,B-,"(3, 7, 10)",IV,E-,E-,B-,620.125,156.0
4962,G,B-,2,B-,"(3, 7, 10)",IV,E-,E-,B-,620.25,156.0
4963,G,B-,2,B-,"(3, 7, 10)",IV,E-,E-,B-,620.375,156.0
4964,G,B-,3,B-,"(3, 7, 10)",IV,E-,E-,B-,620.5,156.0
4965,G,B-,3,B-,"(3, 7, 10)",IV,E-,E-,B-,620.625,156.0
4966,G,B-,3,B-,"(3, 7, 10)",IV,E-,E-,B-,620.75,156.0
4967,G,B-,3,B-,"(3, 7, 10)",IV,E-,E-,B-,620.875,156.0
4968,G,B-,4,B-,"(3, 7, 10)",IV,E-,E-,B-,621.0,156.0
4969,G,B-,4,B-,"(3, 7, 10)",IV,E-,E-,B-,621.125,156.0
4970,G,B-,4,B-,"(3, 7, 10)",IV,E-,E-,B-,621.25,156.0
4971,G,B-,4,B-,"(3, 7, 10)",IV,E-,E-,B-,621.375,156.0
4972,G,B-,4,B-,"(3, 7, 10)",IV,E-,E-,B-,621.5,156.0
4973,G,B-,4,B-,"(3, 7, 10)",IV,E-,E-,B-,621.625,156.0
4974,G,B-,4,B-,"(3, 7, 10)",IV,E-,E-,B-,621.75,156.0
4975,G,B-,4,B-,"(3, 7, 10)",IV,E-,E-,B-,621.875,156.0
4976,G,B-,5,B-,"(3, 7, 10)",IV,E-,E-,B-,622.0,156.0
4977,G,B-,5,B-,"(3, 7, 10)",IV,E-,E-,B-,622.125,156.0
4978,G,B-,5,B-,"(3, 7, 10)",IV,E-,E-,B-,622.25,156.0
4979,G,B-,5,B-,"(3, 7, 10)",IV,E-,E-,B-,622.375,156.0
4980,G,B-,5,B-,"(3, 7, 10)",IV,E-,E-,B-,622.5,156.0
4981,G,B-,5,B-,"(3, 7, 10)",IV,E-,E-,B-,622.625,156.0
4982,G,B-,5,B-,"(3, 7, 10)",IV,E-,E-,B-,622.75,156.0
4983,G,B-,5,B-,"(3, 7, 10)",IV,E-,E-,B-,622.875,156.0
4984,G,B-,5,B-,"(3, 7, 10)",IV,E-,E-,B-,623.0,156.0
4985,G,B-,5,B-,"(3, 7, 10)",IV,E-,E-,B-,623.125,156.0
4986,G,B-,5,B-,"(3, 7, 10)",IV,E-,E-,B-,623.25,156.0
4987,G,B-,5,B-,"(3, 7, 10)",IV,E-,E-,B-,623.375,156.0
4988,G,B-,5,B-,"(3, 7, 10)",IV,E-,E-,B-,623.5,156.0
4989,G,B-,5,B-,"(3, 7, 10)",IV,E-,E-,B-,623.625,156.0
4990,G,B-,5,B-,"(3, 7, 10)",IV,E-,E-,B-,623.75,156.0
4991,G,B-,5,B-,"(3, 7, 10)",IV,E-,E-,B-,623.875,156.0
4992,F,B-,0,B-,"(2, 5, 10)",I,B-,D,B-,624.0,157.0
4993,F,B-,1,B-,"(2, 5, 10)",I,B-,D,B-,624.125,157.0
4994,F,B-,2,B-,"(2, 5, 10)",I,B-,D,B-,624.25,157.0
4995,F,B-,2,B-,"(2, 5, 10)",I,B-,D,B-,624.375,157.0
4996,F,B-,3,B-,"(2, 5, 10)",I,B-,D,B-,624.5,157.0
4997,F,B-,3,B-,"(2, 5, 10)",I,B-,D,B-,624.625,157.0
4998,F,B-,3,B-,"(2, 5, 10)",I,B-,D,B-,624.75,157.0
4999,F,B-,3,B-,"(2, 5, 10)",I,B-,D,B-,624.875,157.0
5000,F,B-,4,B-,"(2, 5, 10)",I,B-,D,B-,625.0,157.0
5001,F,B-,4,B-,"(2, 5, 10)",I,B-,D,B-,625.125,157.0
5002,F,B-,4,B-,"(2, 5, 10)",I,B-,D,B-,625.25,157.0
5003,F,B-,4,B-,"(2, 5, 10)",I,B-,D,B-,625.375,157.0
5004,F,B-,4,B-,"(2, 5, 10)",I,B-,D,B-,625.5,157.0
5005,F,B-,4,B-,"(2, 5, 10)",I,B-,D,B-,625.625,157.0
5006,F,B-,4,B-,"(2, 5, 10)",I,B-,D,B-,625.75,157.0
5007,F,B-,4,B-,"(2, 5, 10)",I,B-,D,B-,625.875,157.0
5008,F,B-,5,B-,"(2, 5, 10)",I,B-,D,B-,626.0,157.0
5009,F,B-,5,B-,"(2, 5, 10)",I,B-,D,B-,626.125,157.0
5010,F,B-,5,B-,"(2, 5, 10)",I,B-,D,B-,626.25,157.0
5011,F,B-,5,B-,"(2, 5, 10)",I,B-,D,B-,626.375,157.0
5012,F,B-,5,B-,"(2, 5, 10)",I,B-,D,B-,626.5,157.0
5013,F,B-,5,B-,"(2, 5, 10)",I,B-,D,B-,626.625,157.0
5014,F,B-,5,B-,"(2, 5, 10)",I,B-,D,B-,626.75,157.0
5015,F,B-,5,B-,"(2, 5, 10)",I,B-,D,B-,626.875,157.0
5016,F,B-,5,B-,"(2, 5, 10)",I,B-,D,B-,627.0,157.0
5017,F,B-,5,B-,"(2, 5, 10)",I,B-,D,B-,627.125,157.0
5018,F,B-,5,B-,"(2, 5, 10)",I,B-,D,B-,627.25,157.0
5019,F,B-,5,B-,"(2, 5, 10)",I,B-,D,B-,627.375,157.0
5020,F,B-,5,B-,"(2, 5, 10)",I,B-,D,B-,627.5,157.0
5021,F,B-,5,B-,"(2, 5, 10)",I,B-,D,B-,627.625,157.0
5022,F,B-,5,B-,"(2, 5, 10)",I,B-,D,B-,627.75,157.0
5023,F,B-,5,B-,"(2, 5, 10)",I,B-,D,B-,627.875,157.0
5024,C,F,0,B-,"(0, 5, 9)",V,F,A,B-,628.0,158.0
5025,C,F,1,B-,"(0, 5, 9)",V,F,A,B-,628.125,158.0
5026,C,F,2,B-,"(0, 5, 9)",V,F,A,B-,628.25,158.0
5027,C,F,2,B-,"(0, 5, 9)",V,F,A,B-,628.375,158.0
5028,C,F,3,B-,"(0, 5, 9)",V,F,A,B-,628.5,158.0
5029,C,F,3,B-,"(0, 5, 9)",V,F,A,B-,628.625,158.0
5030,C,F,3,B-,"(0, 5, 9)",V,F,A,B-,628.75,158.0
5031,C,F,3,B-,"(0, 5, 9)",V,F,A,B-,628.875,158.0
5032,C,F,4,B-,"(2, 5, 10)",I,B-,A,B-,629.0,158.0
5033,C,F,4,B-,"(2, 5, 10)",I,B-,A,B-,629.125,158.0
5034,C,F,4,B-,"(2, 5, 10)",I,B-,A,B-,629.25,158.0
5035,C,F,4,B-,"(2, 5, 10)",I,B-,A,B-,629.375,158.0
5036,C,F,3,B-,"(2, 5, 10)",I,B-,A,B-,629.5,158.0
5037,C,F,3,B-,"(2, 5, 10)",I,B-,A,B-,629.625,158.0
5038,C,F,3,B-,"(2, 5, 10)",I,B-,A,B-,629.75,158.0
5039,C,F,3,B-,"(2, 5, 10)",I,B-,A,B-,629.875,158.0
5040,C,F,0,B-,"(0, 5, 9)",V,F,A,B-,630.0,158.0
5041,C,F,1,B-,"(0, 5, 9)",V,F,A,B-,630.125,158.0
5042,C,F,2,B-,"(0, 5, 9)",V,F,A,B-,630.25,158.0
5043,C,F,2,B-,"(0, 5, 9)",V,F,A,B-,630.375,158.0
5044,C,F,3,B-,"(0, 5, 9)",V,F,A,B-,630.5,158.0
5045,C,F,3,B-,"(0, 5, 9)",V,F,A,B-,630.625,158.0
5046,C,F,3,B-,"(0, 5, 9)",V,F,A,B-,630.75,158.0
5047,C,F,3,B-,"(0, 5, 9)",V,F,A,B-,630.875,158.0
5048,D,F,0,B-,"(2, 5, 10)",I,B-,B-,B-,631.0,158.0
5049,D,F,1,B-,"(2, 5, 10)",I,B-,B-,B-,631.125,158.0
5050,D,F,2,B-,"(2, 5, 10)",I,B-,B-,B-,631.25,158.0
5051,D,F,2,B-,"(2, 5, 10)",I,B-,B-,B-,631.375,158.0
5052,D,F,3,B-,"(2, 5, 10)",I,B-,B-,B-,631.5,158.0
5053,D,F,3,B-,"(2, 5, 10)",I,B-,B-,B-,631.625,158.0
5054,D,F,3,B-,"(2, 5, 10)",I,B-,B-,B-,631.75,158.0
5055,D,F,3,B-,"(2, 5, 10)",I,B-,B-,B-,631.875,158.0
5056,C,F,0,B-,"(0, 5, 9)",V,F,A,B-,632.0,159.0
5057,C,F,1,B-,"(0, 5, 9)",V,F,A,B-,632.125,159.0
5058,C,F,2,B-,"(0, 5, 9)",V,F,A,B-,632.25,159.0
5059,C,F,2,B-,"(0, 5, 9)",V,F,A,B-,632.375,159.0
5060,C,F,3,B-,"(0, 5, 9)",V,F,A,B-,632.5,159.0
5061,C,F,3,B-,"(0, 5, 9)",V,F,A,B-,632.625,159.0
5062,C,F,3,B-,"(0, 5, 9)",V,F,A,B-,632.75,159.0
5063,C,F,3,B-,"(0, 5, 9)",V,F,A,B-,632.875,159.0
5064,C,F,4,B-,"(0, 5, 9)",V,F,A,B-,633.0,159.0
5065,C,F,4,B-,"(0, 5, 9)",V,F,A,B-,633.125,159.0
5066,C,F,4,B-,"(0, 5, 9)",V,F,A,B-,633.25,159.0
5067,C,F,4,B-,"(0, 5, 9)",V,F,A,B-,633.375,159.0
5068,C,F,4,B-,"(0, 5, 9)",V,F,A,B-,633.5,159.0
5069,C,F,4,B-,"(0, 5, 9)",V,F,A,B-,633.625,159.0
5070,C,F,4,B-,"(0, 5, 9)",V,F,A,B-,633.75,159.0
5071,C,F,4,B-,"(0, 5, 9)",V,F,A,B-,633.875,159.0
5072,C,F,5,B-,"(0, 5, 9)",V,F,A,B-,634.0,159.0
5073,C,F,5,B-,"(0, 5, 9)",V,F,A,B-,634.125,159.0
5074,C,F,5,B-,"(0, 5, 9)",V,F,A,B-,634.25,159.0
5075,C,F,5,B-,"(0, 5, 9)",V,F,A,B-,634.375,159.0
5076,C,F,5,B-,"(0, 5, 9)",V,F,A,B-,634.5,159.0
5077,C,F,5,B-,"(0, 5, 9)",V,F,A,B-,634.625,159.0
5078,C,F,5,B-,"(0, 5, 9)",V,F,A,B-,634.75,159.0
5079,C,F,5,B-,"(0, 5, 9)",V,F,A,B-,634.875,159.0
5080,C,F,5,B-,"(0, 5, 9)",V,F,A,B-,635.0,159.0
5081,C,F,5,B-,"(0, 5, 9)",V,F,A,B-,635.125,159.0
5082,C,F,5,B-,"(0, 5, 9)",V,F,A,B-,635.25,159.0
5083,C,F,5,B-,"(0, 5, 9)",V,F,A,B-,635.375,159.0
5084,C,F,5,B-,"(0, 5, 9)",V,F,A,B-,635.5,159.0
5085,C,F,5,B-,"(0, 5, 9)",V,F,A,B-,635.625,159.0
5086,C,F,5,B-,"(0, 5, 9)",V,F,A,B-,635.75,159.0
5087,C,F,5,B-,"(0, 5, 9)",V,F,A,B-,635.875,159.0
5088,C,F,0,B-,"(0, 5, 9)",V,F,A,B-,636.0,160.0
5089,C,F,1,B-,"(0, 5, 9)",V,F,A,B-,636.125,160.0
5090,C,F,2,B-,"(0, 5, 9)",V,F,A,B-,636.25,160.0
5091,C,F,2,B-,"(0, 5, 9)",V,F,A,B-,636.375,160.0
5092,C,F,3,B-,"(0, 5, 9)",V,F,A,B-,636.5,160.0
5093,C,F,3,B-,"(0, 5, 9)",V,F,A,B-,636.625,160.0
5094,C,F,3,B-,"(0, 5, 9)",V,F,A,B-,636.75,160.0
5095,C,F,3,B-,"(0, 5, 9)",V,F,A,B-,636.875,160.0
5096,C,F,4,B-,"(0, 5, 9)",V,F,A,B-,637.0,160.0
5097,C,F,4,B-,"(0, 5, 9)",V,F,A,B-,637.125,160.0
5098,C,F,4,B-,"(0, 5, 9)",V,F,A,B-,637.25,160.0
5099,C,F,4,B-,"(0, 5, 9)",V,F,A,B-,637.375,160.0
5100,C,F,4,B-,"(0, 5, 9)",V,F,A,B-,637.5,160.0
5101,C,F,4,B-,"(0, 5, 9)",V,F,A,B-,637.625,160.0
5102,C,F,4,B-,"(0, 5, 9)",V,F,A,B-,637.75,160.0
5103,C,F,4,B-,"(0, 5, 9)",V,F,A,B-,637.875,160.0
5104,C,F,5,B-,"(0, 5, 9)",V,F,A,B-,638.0,160.0
5105,C,F,5,B-,"(0, 5, 9)",V,F,A,B-,638.125,160.0
5106,C,F,5,B-,"(0, 5, 9)",V,F,A,B-,638.25,160.0
5107,C,F,5,B-,"(0, 5, 9)",V,F,A,B-,638.375,160.0
5108,C,F,5,B-,"(0, 5, 9)",V,F,A,B-,638.5,160.0
5109,C,F,5,B-,"(0, 5, 9)",V,F,A,B-,638.625,160.0
5110,C,F,5,B-,"(0, 5, 9)",V,F,A,B-,638.75,160.0
5111,C,F,5,B-,"(0, 5, 9)",V,F,A,B-,638.875,160.0
5112,C,F,5,B-,"(0, 5, 9)",V,F,A,B-,639.0,160.0
5113,C,F,5,B-,"(0, 5, 9)",V,F,A,B-,639.125,160.0
5114,C,F,5,B-,"(0, 5, 9)",V,F,A,B-,639.25,160.0
5115,C,F,5,B-,"(0, 5, 9)",V,F,A,B-,639.375,160.0
5116,C,F,5,B-,"(0, 5, 9)",V,F,A,B-,639.5,160.0
5117,C,F,5,B-,"(0, 5, 9)",V,F,A,B-,639.625,160.0
5118,C,F,5,B-,"(0, 5, 9)",V,F,A,B-,639.75,160.0
5119,C,F,5,B-,"(0, 5, 9)",V,F,A,B-,639.875,160.0
5120,C,F,0,B-,"(0, 3, 5, 9)",V7,E-,A,B-,640.0,161.0
5121,C,F,1,B-,"(0, 3, 5, 9)",V7,E-,A,B-,640.125,161.0
5122,C,F,2,B-,"(0, 3, 5, 9)",V7,E-,A,B-,640.25,161.0
5123,C,F,2,B-,"(0, 3, 5, 9)",V7,E-,A,B-,640.375,161.0
5124,C,F,3,B-,"(0, 3, 5, 9)",V7,E-,A,B-,640.5,161.0
5125,C,F,3,B-,"(0, 3, 5, 9)",V7,E-,A,B-,640.625,161.0
5126,C,F,3,B-,"(0, 3, 5, 9)",V7,E-,A,B-,640.75,161.0
5127,C,F,3,B-,"(0, 3, 5, 9)",V7,E-,A,B-,640.875,161.0
5128,C,F,4,B-,"(0, 3, 5, 9)",V7,E-,A,B-,641.0,161.0
5129,C,F,4,B-,"(0, 3, 5, 9)",V7,E-,A,B-,641.125,161.0
5130,C,F,4,B-,"(0, 3, 5, 9)",V7,E-,A,B-,641.25,161.0
5131,C,F,4,B-,"(0, 3, 5, 9)",V7,E-,A,B-,641.375,161.0
5132,C,F,4,B-,"(0, 3, 5, 9)",V7,E-,A,B-,641.5,161.0
5133,C,F,4,B-,"(0, 3, 5, 9)",V7,E-,A,B-,641.625,161.0
5134,C,F,4,B-,"(0, 3, 5, 9)",V7,E-,A,B-,641.75,161.0
5135,C,F,4,B-,"(0, 3, 5, 9)",V7,E-,A,B-,641.875,161.0
5136,C,F,0,B-,"(0, 3, 5, 9)",V7,B-,A,B-,642.0,161.0
5137,C,F,1,B-,"(0, 3, 5, 9)",I,B-,A,B-,642.125,161.0
5138,C,F,2,B-,"(0, 3, 5, 9)",I,B-,A,B-,642.25,161.0
5139,C,F,2,B-,"(0, 3, 5, 9)",I,B-,A,B-,642.375,161.0
5140,C,F,3,B-,"(0, 3, 5, 9)",I,E-,A,B-,642.5,161.0
5141,C,F,3,B-,"(0, 3, 5, 9)",I,E-,A,B-,642.625,161.0
5142,C,F,3,B-,"(0, 3, 5, 9)",I,E-,A,B-,642.75,161.0
5143,C,F,3,B-,"(0, 3, 5, 9)",I,E-,A,B-,642.875,161.0
5144,C,F,0,B-,"(0, 3, 5, 9)",V7,E-,A,B-,643.0,161.0
5145,C,F,1,B-,"(0, 3, 5, 9)",V7,E-,A,B-,643.125,161.0
5146,C,F,2,B-,"(0, 3, 5, 9)",V7,E-,A,B-,643.25,161.0
5147,C,F,2,B-,"(0, 3, 5, 9)",V7,E-,A,B-,643.375,161.0
5148,C,F,3,B-,"(0, 3, 5, 9)",V7,E-,A,B-,643.5,161.0
5149,C,F,3,B-,"(0, 3, 5, 9)",V7,E-,A,B-,643.625,161.0
5150,C,F,3,B-,"(0, 3, 5, 9)",V7,E-,A,B-,643.75,161.0
5151,C,F,3,B-,"(0, 3, 5, 9)",V7,E-,A,B-,643.875,161.0
5152,F,B-,0,B-,"(2, 5, 10)",I,B-,D,B-,644.0,162.0
5153,F,B-,1,B-,"(2, 5, 10)",I,B-,D,B-,644.125,162.0
5154,F,B-,2,B-,"(2, 5, 10)",I,B-,D,B-,644.25,162.0
5155,F,B-,2,B-,"(2, 5, 10)",I,B-,D,B-,644.375,162.0
5156,F,B-,3,B-,"(2, 5, 10)",I,B-,D,B-,644.5,162.0
5157,F,B-,3,B-,"(2, 5, 10)",I,B-,D,B-,644.625,162.0
5158,F,B-,3,B-,"(2, 5, 10)",I,B-,D,B-,644.75,162.0
5159,F,B-,3,B-,"(2, 5, 10)",I,B-,D,B-,644.875,162.0
5160,F,B-,4,B-,"(2, 5, 10)",I,B-,D,B-,645.0,162.0
5161,F,B-,4,B-,"(2, 5, 10)",I,B-,D,B-,645.125,162.0
5162,F,B-,4,B-,"(2, 5, 10)",I,B-,D,B-,645.25,162.0
5163,F,B-,4,B-,"(2, 5, 10)",I,B-,D,B-,645.375,162.0
5164,F,B-,4,B-,"(2, 5, 10)",I,B-,D,B-,645.5,162.0
5165,F,B-,4,B-,"(2, 5, 10)",I,B-,D,B-,645.625,162.0
5166,F,B-,4,B-,"(2, 5, 10)",I,B-,D,B-,645.75,162.0
5167,F,B-,4,B-,"(2, 5, 10)",I,B-,D,B-,645.875,162.0
5168,F,B-,5,B-,"(2, 5, 10)",I,B-,D,B-,646.0,162.0
5169,F,B-,1,B-,"(2, 5, 10)",I,B-,D,B-,646.125,162.0
5170,F,B-,5,B-,"(2, 5, 10)",I,B-,D,B-,646.25,162.0
5171,F,B-,5,B-,"(2, 5, 10)",I,B-,D,B-,646.375,162.0
5172,F,B-,3,B-,"(2, 5, 10)",I,B-,D,B-,646.5,162.0
5173,F,B-,3,B-,"(2, 5, 10)",I,B-,D,B-,646.625,162.0
5174,F,B-,3,B-,"(2, 5, 10)",I,B-,D,B-,646.75,162.0
5175,F,B-,3,B-,"(2, 5, 10)",I,B-,D,B-,646.875,162.0
5176,F,F,5,B-,"(2, 5, 10)",V,B-,F,B-,647.0,162.0
5177,F,F,1,B-,"(2, 5, 10)",V,B-,F,B-,647.125,162.0
5178,F,F,5,B-,"(2, 5, 10)",V,B-,F,B-,647.25,162.0
5179,F,F,5,B-,"(2, 5, 10)",V,B-,F,B-,647.375,162.0
5180,F,F,5,B-,"(2, 5, 10)",V,B-,F,B-,647.5,162.0
5181,F,F,5,B-,"(2, 5, 10)",V,B-,A,B-,647.625,162.0
5182,F,F,5,B-,"(2, 5, 10)",V,B-,A,B-,647.75,162.0
5183,F,F,5,B-,"(2, 5, 10)",V,B-,A,B-,647.875,162.0
5184,C,F,0,B-,"(0, 3, 5, 9)",V7,E-,A,B-,648.0,163.0
5185,C,F,1,B-,"(0, 3, 5, 9)",V7,E-,A,B-,648.125,163.0
5186,C,F,2,B-,"(0, 3, 5, 9)",V7,E-,A,B-,648.25,163.0
5187,C,F,2,B-,"(0, 3, 5, 9)",V7,E-,A,B-,648.375,163.0
5188,C,F,3,B-,"(0, 3, 5, 9)",V7,E-,A,B-,648.5,163.0
5189,C,F,3,B-,"(0, 3, 5, 9)",V7,E-,A,B-,648.625,163.0
5190,C,F,3,B-,"(0, 3, 5, 9)",V7,E-,A,B-,648.75,163.0
5191,C,F,3,B-,"(0, 3, 5, 9)",V7,E-,A,B-,648.875,163.0
5192,C,F,4,B-,"(0, 3, 5, 9)",V7,E-,A,B-,649.0,163.0
5193,C,F,4,B-,"(0, 3, 5, 9)",V7,E-,A,B-,649.125,163.0
5194,C,F,4,B-,"(0, 3, 5, 9)",V7,E-,A,B-,649.25,163.0
5195,C,F,4,B-,"(0, 3, 5, 9)",V7,E-,A,B-,649.375,163.0
5196,C,F,3,B-,"(0, 3, 5, 9)",V7,E-,A,B-,649.5,163.0
5197,C,F,3,B-,"(0, 3, 5, 9)",V7,E-,A,B-,649.625,163.0
5198,C,F,3,B-,"(0, 3, 5, 9)",V7,E-,A,B-,649.75,163.0
5199,C,F,3,B-,"(0, 3, 5, 9)",V7,E-,A,B-,649.875,163.0
5200,C,F,5,B-,"(0, 3, 5, 9)",V7,E-,A,B-,650.0,163.0
5201,C,F,5,B-,"(0, 3, 5, 9)",V7,E-,A,B-,650.125,163.0
5202,C,F,5,B-,"(0, 3, 5, 9)",V7,E-,A,B-,650.25,163.0
5203,C,F,5,B-,"(0, 3, 5, 9)",V7,E-,A,B-,650.375,163.0
5204,C,F,5,B-,"(0, 3, 5, 9)",V7,E-,A,B-,650.5,163.0
5205,C,F,5,B-,"(0, 3, 5, 9)",V7,E-,A,B-,650.625,163.0
5206,C,F,5,B-,"(0, 3, 5, 9)",V7,E-,A,B-,650.75,163.0
5207,C,F,5,B-,"(0, 3, 5, 9)",V7,E-,A,B-,650.875,163.0
5208,C,F,5,B-,"(0, 3, 5, 9)",V7,E-,A,B-,651.0,163.0
5209,C,F,5,B-,"(0, 3, 5, 9)",V7,E-,A,B-,651.125,163.0
5210,C,F,5,B-,"(0, 3, 5, 9)",V7,E-,A,B-,651.25,163.0
5211,C,F,5,B-,"(0, 3, 5, 9)",V7,E-,A,B-,651.375,163.0
5212,C,F,5,B-,"(0, 3, 5, 9)",V7,E-,A,B-,651.5,163.0
5213,C,F,5,B-,"(0, 3, 5, 9)",V7,E-,A,B-,651.625,163.0
5214,C,F,5,B-,"(0, 3, 5, 9)",V7,E-,A,B-,651.75,163.0
5215,C,F,5,B-,"(0, 3, 5, 9)",V7,E-,A,B-,651.875,163.0
5216,F,B-,0,B-,"(2, 5, 10)",I,B-,D,B-,652.0,164.0
5217,F,B-,1,B-,"(2, 5, 10)",I,B-,D,B-,652.125,164.0
5218,F,B-,2,B-,"(2, 5, 10)",I,B-,D,B-,652.25,164.0
5219,F,B-,2,B-,"(2, 5, 10)",I,B-,D,B-,652.375,164.0
5220,F,B-,3,B-,"(2, 5, 10)",I,B-,D,B-,652.5,164.0
5221,F,B-,3,B-,"(2, 5, 10)",I,B-,D,B-,652.625,164.0
5222,F,B-,3,B-,"(2, 5, 10)",I,B-,D,B-,652.75,164.0
5223,F,B-,3,B-,"(2, 5, 10)",I,B-,D,B-,652.875,164.0
5224,F,B-,4,B-,"(2, 5, 10)",I,B-,D,B-,653.0,164.0
5225,F,B-,4,B-,"(2, 5, 10)",I,B-,D,B-,653.125,164.0
5226,F,B-,4,B-,"(2, 5, 10)",I,B-,D,B-,653.25,164.0
5227,F,B-,4,B-,"(2, 5, 10)",I,B-,D,B-,653.375,164.0
5228,F,B-,4,B-,"(2, 5, 10)",I,B-,D,B-,653.5,164.0
5229,F,B-,4,B-,"(2, 5, 10)",I,B-,D,B-,653.625,164.0
5230,F,B-,4,B-,"(2, 5, 10)",I,B-,D,B-,653.75,164.0
5231,F,B-,4,B-,"(2, 5, 10)",I,B-,D,B-,653.875,164.0
5232,F,F,0,B-,"(2, 5, 10)",I,B-,F,B-,654.0,164.0
5233,F,F,1,B-,"(2, 5, 10)",I,B-,F,B-,654.125,164.0
5234,B-,F,5,B-,"(2, 5, 10)",I,B-,F,B-,654.25,164.0
5235,F,F,2,B-,"(2, 5, 10)",I,B-,F,B-,654.375,164.0
5236,F,F,3,B-,"(2, 5, 10)",I,B-,F,B-,654.5,164.0
5237,B-,F,3,B-,"(2, 5, 10)",I,B-,F,B-,654.625,164.0
5238,B-,F,3,B-,"(2, 5, 10)",I,B-,F,B-,654.75,164.0
5239,B-,F,3,B-,"(2, 5, 10)",I,B-,F,B-,654.875,164.0
5240,B-,F,4,B-,"(2, 5, 10)",V,B-,F,B-,655.0,164.0
5241,B-,F,4,B-,"(2, 5, 10)",V,B-,F,B-,655.125,164.0
5242,B-,F,4,B-,"(2, 5, 10)",V,B-,F,B-,655.25,164.0
5243,B-,F,4,B-,"(2, 5, 10)",V,B-,F,B-,655.375,164.0
5244,B-,F,4,B-,"(2, 5, 10)",V,B-,F,B-,655.5,164.0
5245,B-,F,4,B-,"(2, 5, 10)",V,B-,F,B-,655.625,164.0
5246,B-,F,4,B-,"(2, 5, 10)",V,B-,F,B-,655.75,164.0
5247,B-,F,4,B-,"(2, 5, 10)",V,B-,F,B-,655.875,164.0
5248,C,F,0,B-,"(0, 5, 9)",V,F,A,B-,656.0,165.0
5249,C,F,1,B-,"(0, 5, 9)",V,F,A,B-,656.125,165.0
5250,C,F,2,B-,"(0, 5, 9)",V,F,A,B-,656.25,165.0
5251,C,F,2,B-,"(0, 5, 9)",V,F,A,B-,656.375,165.0
5252,C,F,3,B-,"(0, 5, 9)",V,F,A,B-,656.5,165.0
5253,C,F,3,B-,"(0, 5, 9)",V,F,A,B-,656.625,165.0
5254,C,F,3,B-,"(0, 5, 9)",V,F,A,B-,656.75,165.0
5255,C,F,3,B-,"(0, 5, 9)",V,F,A,B-,656.875,165.0
5256,C,F,4,B-,"(0, 5, 9)",V,F,A,B-,657.0,165.0
5257,C,F,4,B-,"(0, 5, 9)",V,F,A,B-,657.125,165.0
5258,C,F,4,B-,"(0, 5, 9)",V,F,A,B-,657.25,165.0
5259,C,F,4,B-,"(0, 5, 9)",V,F,A,B-,657.375,165.0
5260,C,F,4,B-,"(0, 5, 9)",V,F,A,B-,657.5,165.0
5261,C,F,4,B-,"(0, 5, 9)",V,F,A,B-,657.625,165.0
5262,C,F,4,B-,"(0, 5, 9)",V,F,A,B-,657.75,165.0
5263,C,F,4,B-,"(0, 5, 9)",V,F,A,B-,657.875,165.0
5264,C,F,5,B-,"(0, 5, 9)",V,F,A,B-,658.0,165.0
5265,C,F,5,B-,"(0, 5, 9)",V,F,A,B-,658.125,165.0
5266,C,F,5,B-,"(0, 5, 9)",V,F,A,B-,658.25,165.0
5267,C,F,5,B-,"(0, 5, 9)",V,F,A,B-,658.375,165.0
5268,C,F,5,B-,"(0, 5, 9)",V,F,A,B-,658.5,165.0
5269,C,F,5,B-,"(0, 5, 9)",V,F,A,B-,658.625,165.0
5270,C,F,5,B-,"(0, 5, 9)",V,F,A,B-,658.75,165.0
5271,C,F,5,B-,"(0, 5, 9)",V,F,A,B-,658.875,165.0
5272,C,F,5,B-,"(0, 5, 9)",V,F,A,B-,659.0,165.0
5273,C,F,5,B-,"(0, 5, 9)",V,F,A,B-,659.125,165.0
5274,C,F,5,B-,"(0, 5, 9)",V,F,A,B-,659.25,165.0
5275,C,F,5,B-,"(0, 5, 9)",V,F,A,B-,659.375,165.0
5276,C,F,5,B-,"(0, 5, 9)",V,F,A,B-,659.5,165.0
5277,C,F,5,B-,"(0, 5, 9)",V,F,A,B-,659.625,165.0
5278,C,F,5,B-,"(0, 5, 9)",V,F,A,B-,659.75,165.0
5279,C,F,5,B-,"(0, 5, 9)",V,F,A,B-,659.875,165.0
5280,F,B-,0,B-,"(2, 5, 10)",I,B-,D,B-,660.0,166.0
5281,F,B-,1,B-,"(2, 5, 10)",I,B-,D,B-,660.125,166.0
5282,F,B-,2,B-,"(2, 5, 10)",I,B-,D,B-,660.25,166.0
5283,F,B-,2,B-,"(2, 5, 10)",I,B-,D,B-,660.375,166.0
5284,F,B-,3,B-,"(2, 5, 10)",I,B-,D,B-,660.5,166.0
5285,F,B-,3,B-,"(2, 5, 10)",I,B-,D,B-,660.625,166.0
5286,F,B-,3,B-,"(2, 5, 10)",I,B-,D,B-,660.75,166.0
5287,F,B-,3,B-,"(2, 5, 10)",I,B-,D,B-,660.875,166.0
5288,F,B-,4,B-,"(2, 5, 10)",I,B-,D,B-,661.0,166.0
5289,F,B-,4,B-,"(2, 5, 10)",I,B-,D,B-,661.125,166.0
5290,F,B-,4,B-,"(2, 5, 10)",I,B-,D,B-,661.25,166.0
5291,F,B-,4,B-,"(2, 5, 10)",I,B-,D,B-,661.375,166.0
5292,F,B-,4,B-,"(2, 5, 10)",I,B-,D,B-,661.5,166.0
5293,F,B-,4,B-,"(2, 5, 10)",I,B-,D,B-,661.625,166.0
5294,F,B-,4,B-,"(2, 5, 10)",I,B-,D,B-,661.75,166.0
5295,F,B-,4,B-,"(2, 5, 10)",I,B-,D,B-,661.875,166.0
5296,F,B-,5,B-,"(2, 5, 10)",I,B-,D,B-,662.0,166.0
5297,F,B-,5,B-,"(2, 5, 10)",I,B-,D,B-,662.125,166.0
5298,F,B-,5,B-,"(2, 5, 10)",I,B-,D,B-,662.25,166.0
5299,F,B-,5,B-,"(2, 5, 10)",I,B-,D,B-,662.375,166.0
5300,F,B-,5,B-,"(2, 5, 10)",I,B-,D,B-,662.5,166.0
5301,F,B-,5,B-,"(2, 5, 10)",I,B-,D,B-,662.625,166.0
5302,F,B-,5,B-,"(2, 5, 10)",I,B-,D,B-,662.75,166.0
5303,F,B-,5,B-,"(2, 5, 10)",I,B-,D,B-,662.875,166.0
5304,F,B-,5,B-,"(2, 5, 10)",I,B-,D,B-,663.0,166.0
5305,F,B-,5,B-,"(2, 5, 10)",I,B-,D,B-,663.125,166.0
5306,F,B-,5,B-,"(2, 5, 10)",I,B-,D,B-,663.25,166.0
5307,F,B-,5,B-,"(2, 5, 10)",I,B-,D,B-,663.375,166.0
5308,F,B-,5,B-,"(2, 5, 10)",I,B-,D,B-,663.5,166.0
5309,F,B-,5,B-,"(2, 5, 10)",I,B-,D,B-,663.625,166.0
5310,F,B-,5,B-,"(2, 5, 10)",I,B-,D,B-,663.75,166.0
5311,F,B-,5,B-,"(2, 5, 10)",I,B-,D,B-,663.875,166.0
5312,F,B-,0,B-,"(2, 5, 10)",I,B-,D,B-,664.0,167.0
5313,F,B-,1,B-,"(2, 5, 10)",I,B-,D,B-,664.125,167.0
5314,F,B-,2,B-,"(2, 5, 10)",I,B-,D,B-,664.25,167.0
5315,F,B-,2,B-,"(2, 5, 10)",I,B-,D,B-,664.375,167.0
5316,F,B-,0,B-,"(2, 5, 10)",I,B-,D,B-,664.5,168.0
5317,F,B-,1,B-,"(2, 5, 10)",I,B-,D,B-,664.625,168.0
5318,F,B-,2,B-,"(2, 5, 10)",I,B-,D,B-,664.75,168.0
5319,F,B-,2,B-,"(2, 5, 10)",I,B-,D,B-,664.875,168.0
5320,F,B-,3,B-,"(2, 5, 10)",I,B-,D,B-,665.0,168.0
5321,F,B-,3,B-,"(2, 5, 10)",I,B-,D,B-,665.125,168.0
5322,F,B-,3,B-,"(2, 5, 10)",I,B-,D,B-,665.25,168.0
5323,F,B-,3,B-,"(2, 5, 10)",I,B-,D,B-,665.375,168.0
5324,F,B-,4,B-,"(2, 5, 10)",I,B-,D,B-,665.5,168.0
5325,F,B-,4,B-,"(2, 5, 10)",I,B-,D,B-,665.625,168.0
5326,F,B-,4,B-,"(2, 5, 10)",I,B-,D,B-,665.75,168.0
5327,F,B-,4,B-,"(2, 5, 10)",I,B-,D,B-,665.875,168.0
5328,F,B-,0,B-,"(2, 5, 10)",I,B-,D,B-,666.0,169.0
5329,F,B-,1,B-,"(2, 5, 10)",I,B-,D,B-,666.125,169.0
5330,F,B-,2,B-,"(2, 5, 10)",I,B-,D,B-,666.25,169.0
5331,F,B-,2,B-,"(2, 5, 10)",I,B-,D,B-,666.375,169.0
5332,F,B-,3,B-,"(2, 5, 10)",I,B-,D,B-,666.5,169.0
5333,F,B-,3,B-,"(2, 5, 10)",I,B-,D,B-,666.625,169.0
5334,F,B-,3,B-,"(2, 5, 10)",I,B-,D,B-,666.75,169.0
5335,F,B-,3,B-,"(2, 5, 10)",I,B-,D,B-,666.875,169.0
5336,F,B-,4,B-,"(2, 5, 10)",I,B-,D,B-,667.0,169.0
5337,F,B-,4,B-,"(2, 5, 10)",I,B-,D,B-,667.125,169.0
5338,F,B-,4,B-,"(2, 5, 10)",I,B-,D,B-,667.25,169.0
5339,F,B-,4,B-,"(2, 5, 10)",I,B-,D,B-,667.375,169.0
5340,C,F,0,B-,"(0, 3, 5, 9)",V7,E-,A,B-,667.5,170.0
5341,C,F,1,B-,"(0, 3, 5, 9)",V7,E-,A,B-,667.625,170.0
5342,C,F,2,B-,"(0, 3, 5, 9)",V7,E-,A,B-,667.75,170.0
5343,C,F,2,B-,"(0, 3, 5, 9)",V7,E-,A,B-,667.875,170.0
5344,C,F,3,B-,"(0, 3, 5, 9)",V7,E-,A,B-,668.0,170.0
5345,C,F,3,B-,"(0, 3, 5, 9)",V7,E-,A,B-,668.125,170.0
5346,C,F,3,B-,"(0, 3, 5, 9)",V7,E-,A,B-,668.25,170.0
5347,C,F,3,B-,"(0, 3, 5, 9)",V7,E-,A,B-,668.375,170.0
5348,C,F,4,B-,"(0, 3, 5, 9)",V7,E-,A,B-,668.5,170.0
5349,C,F,4,B-,"(0, 3, 5, 9)",V7,E-,A,B-,668.625,170.0
5350,C,F,4,B-,"(0, 3, 5, 9)",V7,E-,A,B-,668.75,170.0
5351,C,F,4,B-,"(0, 3, 5, 9)",V7,E-,A,B-,668.875,170.0
5352,C,F,0,B-,"(0, 3, 5, 9)",V7,E-,A,B-,669.0,171.0
5353,C,F,1,B-,"(0, 3, 5, 9)",V7,E-,A,B-,669.125,171.0
5354,C,F,2,B-,"(0, 3, 5, 9)",V7,E-,A,B-,669.25,171.0
5355,C,F,2,B-,"(0, 3, 5, 9)",V7,E-,A,B-,669.375,171.0
5356,C,F,3,B-,"(0, 3, 5, 9)",V7,E-,A,B-,669.5,171.0
5357,C,F,3,B-,"(0, 3, 5, 9)",V7,E-,A,B-,669.625,171.0
5358,C,F,3,B-,"(0, 3, 5, 9)",V7,E-,A,B-,669.75,171.0
5359,C,F,3,B-,"(0, 3, 5, 9)",V7,E-,A,B-,669.875,171.0
5360,C,F,4,B-,"(0, 3, 5, 9)",V7,E-,A,B-,670.0,171.0
5361,C,F,4,B-,"(0, 3, 5, 9)",V7,E-,A,B-,670.125,171.0
5362,C,F,4,B-,"(0, 3, 5, 9)",V7,E-,A,B-,670.25,171.0
5363,C,F,4,B-,"(0, 3, 5, 9)",V7,E-,A,B-,670.375,171.0
5364,C,F,0,B-,"(0, 3, 5, 9)",V7,E-,A,B-,670.5,172.0
5365,C,F,1,B-,"(0, 3, 5, 9)",V7,E-,A,B-,670.625,172.0
5366,C,F,2,B-,"(0, 3, 5, 9)",V7,E-,A,B-,670.75,172.0
5367,C,F,2,B-,"(0, 3, 5, 9)",V7,E-,A,B-,670.875,172.0
5368,C,F,3,B-,"(0, 3, 5, 9)",V7,E-,A,B-,671.0,172.0
5369,C,F,3,B-,"(0, 3, 5, 9)",V7,E-,A,B-,671.125,172.0
5370,C,F,3,B-,"(0, 3, 5, 9)",V7,E-,A,B-,671.25,172.0
5371,C,F,3,B-,"(0, 3, 5, 9)",V7,E-,A,B-,671.375,172.0
5372,C,F,4,B-,"(0, 3, 5, 9)",V7,E-,A,B-,671.5,172.0
5373,C,F,4,B-,"(0, 3, 5, 9)",V7,E-,A,B-,671.625,172.0
5374,C,F,4,B-,"(0, 3, 5, 9)",V7,E-,A,B-,671.75,172.0
5375,C,F,4,B-,"(0, 3, 5, 9)",V7,E-,A,B-,671.875,172.0
5376,F,F,0,B-,"(0, 3, 5, 9)",V7,E-,A,B-,672.0,173.0
5377,F,F,1,B-,"(0, 3, 5, 9)",V7,E-,A,B-,672.125,173.0
5378,F,F,2,B-,"(0, 3, 5, 9)",V7,E-,A,B-,672.25,173.0
5379,F,F,2,B-,"(0, 3, 5, 9)",V7,E-,A,B-,672.375,173.0
5380,F,F,3,B-,"(0, 3, 5, 9)",V7,E-,A,B-,672.5,173.0
5381,F,F,3,B-,"(0, 3, 5, 9)",V7,E-,A,B-,672.625,173.0
5382,F,F,3,B-,"(0, 3, 5, 9)",V7,E-,A,B-,672.75,173.0
5383,F,F,3,B-,"(0, 3, 5, 9)",V7,E-,A,B-,672.875,173.0
5384,F,F,4,B-,"(0, 3, 5, 9)",V7,E-,A,B-,673.0,173.0
5385,C,F,4,B-,"(0, 3, 5, 9)",V7,E-,A,B-,673.125,173.0
5386,C,F,4,B-,"(0, 3, 5, 9)",V7,E-,A,B-,673.25,173.0
5387,C,F,4,B-,"(0, 3, 5, 9)",V7,E-,A,B-,673.375,173.0
5388,F,B-,0,B-,"(2, 5, 10)",I,B-,D,B-,673.5,174.0
5389,F,B-,1,B-,"(2, 5, 10)",I,B-,D,B-,673.625,174.0
5390,F,B-,2,B-,"(2, 5, 10)",I,B-,D,B-,673.75,174.0
5391,F,B-,2,B-,"(2, 5, 10)",I,B-,D,B-,673.875,174.0
5392,F,B-,3,B-,"(2, 5, 10)",I,B-,D,B-,674.0,174.0
5393,F,B-,3,B-,"(2, 5, 10)",I,B-,D,B-,674.125,174.0
5394,F,B-,3,B-,"(2, 5, 10)",I,B-,D,B-,674.25,174.0
5395,F,B-,3,B-,"(2, 5, 10)",I,B-,D,B-,674.375,174.0
5396,F,B-,4,B-,"(2, 5, 10)",I,B-,D,B-,674.5,174.0
5397,F,B-,4,B-,"(2, 5, 10)",I,B-,D,B-,674.625,174.0
5398,F,B-,4,B-,"(2, 5, 10)",I,B-,D,B-,674.75,174.0
5399,F,B-,4,B-,"(2, 5, 10)",I,B-,D,B-,674.875,174.0
5400,F,B-,0,B-,"(2, 5, 10)",I,B-,D,B-,675.0,175.0
5401,F,B-,1,B-,"(2, 5, 10)",I,B-,D,B-,675.125,175.0
5402,F,B-,2,B-,"(2, 5, 10)",I,B-,D,B-,675.25,175.0
5403,F,B-,2,B-,"(2, 5, 10)",I,B-,D,B-,675.375,175.0
5404,F,B-,3,B-,"(2, 5, 10)",I,B-,D,B-,675.5,175.0
5405,F,B-,3,B-,"(2, 5, 10)",I,B-,D,B-,675.625,175.0
5406,F,B-,3,B-,"(2, 5, 10)",I,B-,D,B-,675.75,175.0
5407,F,B-,3,B-,"(2, 5, 10)",I,B-,D,B-,675.875,175.0
5408,F,B-,4,B-,"(2, 5, 10)",I,B-,D,B-,676.0,175.0
5409,F,B-,4,B-,"(2, 5, 10)",I,B-,D,B-,676.125,175.0
5410,F,B-,4,B-,"(2, 5, 10)",I,B-,D,B-,676.25,175.0
5411,F,B-,4,B-,"(2, 5, 10)",I,B-,D,B-,676.375,175.0
5412,G,E-,0,B-,"(3, 7, 10)",IV,E-,E-,B-,676.5,176.0
5413,G,E-,1,B-,"(3, 7, 10)",IV,E-,E-,B-,676.625,176.0
5414,G,E-,2,B-,"(3, 7, 10)",IV,E-,E-,B-,676.75,176.0
5415,G,E-,2,B-,"(3, 7, 10)",IV,E-,E-,B-,676.875,176.0
5416,G,E-,3,B-,"(3, 7, 10)",IV,E-,E-,B-,677.0,176.0
5417,G,E-,3,B-,"(3, 7, 10)",IV,E-,E-,B-,677.125,176.0
5418,G,E-,3,B-,"(3, 7, 10)",IV,E-,E-,B-,677.25,176.0
5419,G,E-,3,B-,"(3, 7, 10)",IV,E-,E-,B-,677.375,176.0
5420,G,E-,4,B-,"(3, 7, 10)",IV,E-,G,B-,677.5,176.0
5421,G,E-,4,B-,"(3, 7, 10)",IV,E-,G,B-,677.625,176.0
5422,G,E-,4,B-,"(3, 7, 10)",IV,E-,G,B-,677.75,176.0
5423,G,E-,4,B-,"(3, 7, 10)",IV,E-,G,B-,677.875,176.0
5424,G,B-,0,B-,"(3, 7, 10)",IV,E-,D,B-,678.0,177.0
5425,G,B-,1,B-,"(3, 7, 10)",IV,E-,D,B-,678.125,177.0
5426,G,B-,2,B-,"(3, 7, 10)",IV,E-,D,B-,678.25,177.0
5427,G,B-,2,B-,"(3, 7, 10)",IV,E-,D,B-,678.375,177.0
5428,G,B-,3,B-,"(3, 7, 10)",IV,E-,D,B-,678.5,177.0
5429,G,B-,3,B-,"(3, 7, 10)",IV,E-,D,B-,678.625,177.0
5430,G,B-,3,B-,"(3, 7, 10)",IV,E-,D,B-,678.75,177.0
5431,G,B-,3,B-,"(3, 7, 10)",IV,E-,D,B-,678.875,177.0
5432,G,B-,4,B-,"(3, 7, 10)",IV,E-,D,B-,679.0,177.0
5433,G,B-,4,B-,"(3, 7, 10)",IV,E-,D,B-,679.125,177.0
5434,G,B-,4,B-,"(3, 7, 10)",IV,E-,D,B-,679.25,177.0
5435,G,B-,4,B-,"(3, 7, 10)",IV,E-,D,B-,679.375,177.0
5436,F,B-,0,B-,"(2, 5, 10)",I,B-,D,B-,679.5,178.0
5437,F,B-,1,B-,"(2, 5, 10)",I,B-,D,B-,679.625,178.0
5438,F,B-,2,B-,"(2, 5, 10)",I,B-,D,B-,679.75,178.0
5439,F,B-,2,B-,"(2, 5, 10)",I,B-,D,B-,679.875,178.0
5440,F,B-,3,B-,"(2, 5, 10)",I,B-,D,B-,680.0,178.0
5441,F,B-,3,B-,"(2, 5, 10)",I,B-,D,B-,680.125,178.0
5442,F,B-,3,B-,"(2, 5, 10)",I,B-,D,B-,680.25,178.0
5443,F,B-,3,B-,"(2, 5, 10)",I,B-,D,B-,680.375,178.0
5444,F,B-,4,B-,"(2, 5, 10)",I,B-,D,B-,680.5,178.0
5445,F,B-,4,B-,"(2, 5, 10)",I,B-,D,B-,680.625,178.0
5446,F,B-,4,B-,"(2, 5, 10)",I,B-,D,B-,680.75,178.0
5447,F,B-,4,B-,"(2, 5, 10)",I,B-,D,B-,680.875,178.0
5448,F,B-,0,B-,"(2, 5, 10)",I,B-,D,B-,681.0,179.0
5449,F,B-,1,B-,"(2, 5, 10)",I,B-,D,B-,681.125,179.0
5450,F,B-,2,B-,"(2, 5, 10)",I,B-,D,B-,681.25,179.0
5451,F,B-,2,B-,"(2, 5, 10)",I,B-,D,B-,681.375,179.0
5452,F,B-,3,B-,"(2, 5, 10)",I,B-,D,B-,681.5,179.0
5453,F,B-,3,B-,"(2, 5, 10)",I,B-,D,B-,681.625,179.0
5454,F,B-,3,B-,"(2, 5, 10)",I,B-,D,B-,681.75,179.0
5455,F,B-,3,B-,"(2, 5, 10)",I,B-,D,B-,681.875,179.0
5456,F,B-,4,B-,"(2, 5, 10)",I,B-,D,B-,682.0,179.0
5457,F,B-,4,B-,"(2, 5, 10)",I,B-,D,B-,682.125,179.0
5458,F,B-,4,B-,"(2, 5, 10)",I,B-,D,B-,682.25,179.0
5459,F,B-,4,B-,"(2, 5, 10)",I,B-,D,B-,682.375,179.0
5460,F,B-,0,B-,"(2, 5, 10)",V,B-,D,B-,682.5,180.0
5461,F,F,1,B-,"(2, 5, 10)",V,B-,D,B-,682.625,180.0
5462,F,F,2,B-,"(2, 5, 10)",V,B-,D,B-,682.75,180.0
5463,F,F,2,B-,"(2, 5, 10)",V,B-,D,B-,682.875,180.0
5464,F,F,3,B-,"(2, 5, 10)",V,B-,D,B-,683.0,180.0
5465,F,F,3,B-,"(2, 5, 10)",V,B-,D,B-,683.125,180.0
5466,F,B-,3,B-,"(2, 5, 10)",V,B-,D,B-,683.25,180.0
5467,F,B-,3,B-,"(2, 5, 10)",V,B-,D,B-,683.375,180.0
5468,F,B-,4,B-,"(2, 5, 10)",I,B-,D,B-,683.5,180.0
5469,F,B-,4,B-,"(2, 5, 10)",I,B-,D,B-,683.625,180.0
5470,F,B-,4,B-,"(2, 5, 10)",I,B-,D,B-,683.75,180.0
5471,F,B-,4,B-,"(2, 5, 10)",I,B-,D,B-,683.875,180.0
5472,F,F,0,B-,"(2, 5, 10)",V,B-,D,B-,684.0,181.0
5473,F,F,1,B-,"(2, 5, 10)",V,B-,D,B-,684.125,181.0
5474,F,F,2,B-,"(2, 5, 10)",V,B-,D,B-,684.25,181.0
5475,F,F,2,B-,"(2, 5, 10)",V,B-,D,B-,684.375,181.0
5476,F,F,3,B-,"(2, 5, 10)",V,B-,D,B-,684.5,181.0
5477,F,F,3,B-,"(2, 5, 10)",V,B-,D,B-,684.625,181.0
5478,F,F,3,B-,"(2, 5, 10)",V,B-,D,B-,684.75,181.0
5479,F,F,3,B-,"(2, 5, 10)",V,B-,D,B-,684.875,181.0
5480,F,B-,4,B-,"(2, 5, 10)",I,B-,D,B-,685.0,181.0
5481,F,B-,4,B-,"(2, 5, 10)",I,B-,D,B-,685.125,181.0
5482,F,B-,4,B-,"(2, 5, 10)",I,B-,D,B-,685.25,181.0
5483,F,B-,2,B-,"(2, 5, 10)",I,B-,D,B-,685.375,181.0
5484,C,F,0,B-,"(0, 5, 9)",V,F,A,B-,685.5,182.0
5485,C,F,1,B-,"(0, 5, 9)",V,F,A,B-,685.625,182.0
5486,C,F,2,B-,"(0, 5, 9)",V,F,A,B-,685.75,182.0
5487,C,F,2,B-,"(0, 5, 9)",V,F,A,B-,685.875,182.0
5488,C,F,3,B-,"(0, 5, 9)",V,F,A,B-,686.0,182.0
5489,C,F,3,B-,"(0, 5, 9)",V,F,A,B-,686.125,182.0
5490,C,F,3,B-,"(0, 5, 9)",V,F,A,B-,686.25,182.0
5491,C,F,3,B-,"(0, 5, 9)",V,F,A,B-,686.375,182.0
5492,C,F,4,B-,"(0, 5, 9)",V,F,A,B-,686.5,182.0
5493,C,F,4,B-,"(0, 5, 9)",V,F,A,B-,686.625,182.0
5494,C,F,4,B-,"(0, 5, 9)",V,F,A,B-,686.75,182.0
5495,C,F,4,B-,"(0, 5, 9)",V,F,A,B-,686.875,182.0
5496,C,F,0,B-,"(0, 3, 5, 9)",V7,E-,A,B-,687.0,183.0
5497,C,F,1,B-,"(0, 3, 5, 9)",V7,E-,A,B-,687.125,183.0
5498,C,F,2,B-,"(0, 3, 5, 9)",V7,E-,A,B-,687.25,183.0
5499,C,F,2,B-,"(0, 3, 5, 9)",V7,E-,A,B-,687.375,183.0
5500,C,F,3,B-,"(0, 3, 5, 9)",V7,E-,A,B-,687.5,183.0
5501,C,F,3,B-,"(0, 3, 5, 9)",V7,E-,A,B-,687.625,183.0
5502,C,F,3,B-,"(0, 3, 5, 9)",V7,E-,A,B-,687.75,183.0
5503,C,F,3,B-,"(0, 3, 5, 9)",V7,E-,A,B-,687.875,183.0
5504,F,F,4,B-,"(0, 3, 5, 9)",V7,B-,D,B-,688.0,183.0
5505,F,F,4,B-,"(0, 3, 5, 9)",V7,B-,D,B-,688.125,183.0
5506,F,F,4,B-,"(0, 3, 5, 9)",V7,B-,D,B-,688.25,183.0
5507,F,F,4,B-,"(0, 3, 5, 9)",V7,B-,D,B-,688.375,183.0
5508,F,B-,0,B-,"(2, 5, 10)",I,B-,D,B-,688.5,184.0
5509,F,B-,1,B-,"(2, 5, 10)",I,B-,D,B-,688.625,184.0
5510,F,B-,2,B-,"(2, 5, 10)",I,B-,D,B-,688.75,184.0
5511,F,B-,2,B-,"(2, 5, 10)",I,B-,D,B-,688.875,184.0
5512,F,B-,3,B-,"(2, 5, 10)",I,B-,D,B-,689.0,184.0
5513,F,B-,3,B-,"(2, 5, 10)",I,B-,D,B-,689.125,184.0
5514,F,B-,3,B-,"(2, 5, 10)",I,B-,D,B-,689.25,184.0
5515,F,B-,3,B-,"(2, 5, 10)",I,B-,D,B-,689.375,184.0
5516,F,B-,4,B-,"(2, 5, 10)",I,B-,D,B-,689.5,184.0
5517,F,B-,4,B-,"(2, 5, 10)",I,B-,D,B-,689.625,184.0
5518,F,B-,4,B-,"(2, 5, 10)",I,B-,D,B-,689.75,184.0
5519,F,B-,4,B-,"(2, 5, 10)",I,B-,D,B-,689.875,184.0
5520,F,B-,0,B-,"(2, 5, 10)",I,B-,D,B-,690.0,185.0
5521,F,B-,1,B-,"(2, 5, 10)",I,B-,D,B-,690.125,185.0
5522,F,B-,2,B-,"(2, 5, 10)",I,B-,D,B-,690.25,185.0
5523,F,B-,2,B-,"(2, 5, 10)",I,B-,D,B-,690.375,185.0
5524,F,B-,3,B-,"(2, 5, 10)",I,B-,D,B-,690.5,185.0
5525,F,B-,3,B-,"(2, 5, 10)",I,B-,D,B-,690.625,185.0
5526,F,B-,3,B-,"(2, 5, 10)",I,B-,D,B-,690.75,185.0
5527,F,B-,3,B-,"(2, 5, 10)",I,B-,D,B-,690.875,185.0
5528,F,B-,4,B-,"(2, 5, 10)",I,B-,D,B-,691.0,185.0
5529,F,B-,4,B-,"(2, 5, 10)",I,B-,D,B-,691.125,185.0
5530,F,B-,4,B-,"(2, 5, 10)",I,B-,D,B-,691.25,185.0
5531,F,B-,4,B-,"(2, 5, 10)",I,B-,D,B-,691.375,185.0
5532,C,F,0,B-,"(0, 3, 5, 9)",V7,E-,A,B-,691.5,186.0
5533,C,F,1,B-,"(0, 3, 5, 9)",V7,E-,A,B-,691.625,186.0
5534,C,F,2,B-,"(0, 3, 5, 9)",V7,E-,A,B-,691.75,186.0
5535,C,F,2,B-,"(0, 3, 5, 9)",V7,E-,A,B-,691.875,186.0
5536,C,F,3,B-,"(0, 3, 5, 9)",V7,E-,A,B-,692.0,186.0
5537,C,F,3,B-,"(0, 3, 5, 9)",V7,E-,A,B-,692.125,186.0
5538,C,F,3,B-,"(0, 3, 5, 9)",V7,E-,A,B-,692.25,186.0
5539,C,F,3,B-,"(0, 3, 5, 9)",V7,E-,A,B-,692.375,186.0
5540,C,F,4,B-,"(0, 3, 5, 9)",V7,E-,A,B-,692.5,186.0
5541,C,F,4,B-,"(0, 3, 5, 9)",V7,E-,A,B-,692.625,186.0
5542,C,F,4,B-,"(0, 3, 5, 9)",V7,E-,A,B-,692.75,186.0
5543,C,F,4,B-,"(0, 3, 5, 9)",V7,E-,A,B-,692.875,186.0
5544,C,F,0,B-,"(0, 3, 5, 9)",V7,E-,A,B-,693.0,187.0
5545,C,F,3,B-,"(0, 3, 5, 9)",V7,E-,A,B-,693.125,187.0
5546,C,F,2,B-,"(0, 3, 5, 9)",V7,E-,A,B-,693.25,187.0
5547,C,F,2,B-,"(0, 3, 5, 9)",V7,E-,A,B-,693.375,187.0
5548,C,F,3,B-,"(0, 3, 5, 9)",V7,E-,A,B-,693.5,187.0
5549,C,F,3,B-,"(0, 3, 5, 9)",V7,E-,A,B-,693.625,187.0
5550,C,F,3,B-,"(0, 3, 5, 9)",V7,E-,A,B-,693.75,187.0
5551,C,F,3,B-,"(0, 3, 5, 9)",V7,E-,A,B-,693.875,187.0
5552,C,F,4,B-,"(0, 3, 5, 9)",V7,E-,A,B-,694.0,187.0
5553,C,F,4,B-,"(0, 3, 5, 9)",V7,E-,A,B-,694.125,187.0
5554,C,F,4,B-,"(0, 3, 5, 9)",V7,E-,A,B-,694.25,187.0
5555,C,F,4,B-,"(0, 3, 5, 9)",V7,E-,A,B-,694.375,187.0
5556,C,F,0,B-,"(0, 3, 5, 9)",V7,E-,A,B-,694.5,188.0
5557,C,F,1,B-,"(0, 3, 5, 9)",V7,E-,A,B-,694.625,188.0
5558,C,F,2,B-,"(0, 3, 5, 9)",V7,E-,A,B-,694.75,188.0
5559,C,F,2,B-,"(0, 3, 5, 9)",V7,E-,A,B-,694.875,188.0
5560,C,F,3,B-,"(0, 3, 5, 9)",V7,E-,A,B-,695.0,188.0
5561,C,F,3,B-,"(0, 3, 5, 9)",V7,E-,A,B-,695.125,188.0
5562,C,F,3,B-,"(0, 3, 5, 9)",V7,E-,A,B-,695.25,188.0
5563,C,F,3,B-,"(0, 3, 5, 9)",V7,E-,A,B-,695.375,188.0
5564,C,F,4,B-,"(0, 3, 5, 9)",V7,E-,A,B-,695.5,188.0
5565,C,F,4,B-,"(0, 3, 5, 9)",V7,E-,A,B-,695.625,188.0
5566,C,F,4,B-,"(0, 3, 5, 9)",V7,E-,A,B-,695.75,188.0
5567,C,F,4,B-,"(0, 3, 5, 9)",V7,E-,A,B-,695.875,188.0
5568,F,F,0,B-,"(0, 3, 5, 9)",V7,B-,D,B-,696.0,189.0
5569,F,F,3,B-,"(0, 3, 5, 9)",V7,B-,D,B-,696.125,189.0
5570,F,F,2,B-,"(0, 3, 5, 9)",V7,B-,D,B-,696.25,189.0
5571,F,F,2,B-,"(0, 3, 5, 9)",V7,B-,D,B-,696.375,189.0
5572,F,F,3,B-,"(0, 3, 5, 9)",V7,B-,D,B-,696.5,189.0
5573,F,F,3,B-,"(0, 3, 5, 9)",V7,B-,D,B-,696.625,189.0
5574,F,F,3,B-,"(0, 3, 5, 9)",V7,B-,D,B-,696.75,189.0
5575,F,F,3,B-,"(0, 3, 5, 9)",V7,B-,D,B-,696.875,189.0
5576,F,F,4,B-,"(2, 5, 10)",V7,B-,D,B-,697.0,189.0
5577,F,F,4,B-,"(2, 5, 10)",V7,B-,D,B-,697.125,189.0
5578,F,F,4,B-,"(2, 5, 10)",V7,B-,D,B-,697.25,189.0
5579,F,F,4,B-,"(2, 5, 10)",V7,B-,D,B-,697.375,189.0
5580,F,B-,0,B-,"(2, 5, 10)",I,B-,D,B-,697.5,190.0
5581,F,B-,1,B-,"(2, 5, 10)",I,B-,D,B-,697.625,190.0
5582,F,B-,2,B-,"(2, 5, 10)",I,B-,D,B-,697.75,190.0
5583,F,B-,2,B-,"(2, 5, 10)",I,B-,D,B-,697.875,190.0
5584,F,B-,3,B-,"(2, 5, 10)",I,B-,D,B-,698.0,190.0
5585,F,B-,3,B-,"(2, 5, 10)",I,B-,D,B-,698.125,190.0
5586,F,B-,3,B-,"(2, 5, 10)",I,B-,D,B-,698.25,190.0
5587,F,B-,3,B-,"(2, 5, 10)",I,B-,D,B-,698.375,190.0
5588,F,B-,4,B-,"(2, 5, 10)",I,B-,D,B-,698.5,190.0
5589,F,B-,4,B-,"(2, 5, 10)",I,B-,D,B-,698.625,190.0
5590,F,B-,4,B-,"(2, 5, 10)",I,B-,D,B-,698.75,190.0
5591,F,B-,4,B-,"(2, 5, 10)",I,B-,D,B-,698.875,190.0
5592,F,B-,0,B-,"(2, 5, 10)",I,B-,D,B-,699.0,191.0
5593,F,B-,3,B-,"(2, 5, 10)",I,B-,D,B-,699.125,191.0
5594,F,B-,3,B-,"(2, 5, 10)",I,B-,D,B-,699.25,191.0
5595,F,B-,2,B-,"(2, 5, 10)",I,B-,D,B-,699.375,191.0
5596,F,B-,3,B-,"(2, 5, 10)",I,B-,D,B-,699.5,191.0
5597,F,B-,3,B-,"(2, 5, 10)",I,B-,D,B-,699.625,191.0
5598,F,B-,4,B-,"(2, 5, 10)",I,B-,D,B-,699.75,191.0
5599,F,B-,4,B-,"(2, 5, 10)",I,B-,D,B-,699.875,191.0
5600,F,B-,4,B-,"(2, 5, 10)",I,B-,D,B-,700.0,191.0
5601,F,B-,4,B-,"(2, 5, 10)",I,B-,D,B-,700.125,191.0
5602,F,B-,4,B-,"(2, 5, 10)",I,B-,D,B-,700.25,191.0
5603,F,B-,4,B-,"(2, 5, 10)",I,B-,D,B-,700.375,191.0
5604,G,B-,0,B-,"(3, 7, 10)",IV,E-,G,B-,700.5,192.0
5605,G,B-,1,B-,"(3, 7, 10)",IV,E-,G,B-,700.625,192.0
5606,G,B-,2,B-,"(3, 7, 10)",IV,E-,G,B-,700.75,192.0
5607,G,B-,2,B-,"(3, 7, 10)",IV,E-,G,B-,700.875,192.0
5608,G,B-,3,B-,"(3, 7, 10)",IV,E-,G,B-,701.0,192.0
5609,G,B-,3,B-,"(3, 7, 10)",IV,E-,G,B-,701.125,192.0
5610,G,B-,3,B-,"(3, 7, 10)",IV,E-,G,B-,701.25,192.0
5611,G,B-,3,B-,"(3, 7, 10)",IV,E-,G,B-,701.375,192.0
5612,G,B-,4,B-,"(3, 7, 10)",IV,E-,D,B-,701.5,192.0
5613,G,B-,4,B-,"(3, 7, 10)",IV,E-,D,B-,701.625,192.0
5614,G,B-,4,B-,"(3, 7, 10)",IV,E-,D,B-,701.75,192.0
5615,G,B-,4,B-,"(3, 7, 10)",IV,E-,D,B-,701.875,192.0
5616,G,B-,0,B-,"(2, 5, 10)",IV,E-,D,B-,702.0,193.0
5617,G,B-,1,B-,"(2, 5, 10)",IV,E-,D,B-,702.125,193.0
5618,G,B-,2,B-,"(2, 5, 10)",IV,E-,D,B-,702.25,193.0
5619,G,B-,2,B-,"(2, 5, 10)",IV,E-,D,B-,702.375,193.0
5620,G,B-,3,B-,"(2, 5, 10)",IV,B-,D,B-,702.5,193.0
5621,G,B-,3,B-,"(2, 5, 10)",IV,B-,D,B-,702.625,193.0
5622,G,B-,3,B-,"(2, 5, 10)",IV,B-,D,B-,702.75,193.0
5623,G,B-,3,B-,"(2, 5, 10)",IV,B-,D,B-,702.875,193.0
5624,F,B-,4,B-,"(2, 5, 10)",I,B-,D,B-,703.0,193.0
5625,F,B-,4,B-,"(2, 5, 10)",I,B-,D,B-,703.125,193.0
5626,F,B-,4,B-,"(2, 5, 10)",I,B-,D,B-,703.25,193.0
5627,F,B-,4,B-,"(2, 5, 10)",I,B-,D,B-,703.375,193.0
5628,F,B-,0,B-,"(2, 5, 10)",I,B-,D,B-,703.5,194.0
5629,F,B-,1,B-,"(2, 5, 10)",I,B-,D,B-,703.625,194.0
5630,F,B-,2,B-,"(2, 5, 10)",I,B-,D,B-,703.75,194.0
5631,F,B-,2,B-,"(2, 5, 10)",I,B-,D,B-,703.875,194.0
5632,F,B-,3,B-,"(2, 5, 10)",I,B-,D,B-,704.0,194.0
5633,F,B-,3,B-,"(2, 5, 10)",I,B-,D,B-,704.125,194.0
5634,F,B-,3,B-,"(2, 5, 10)",I,B-,D,B-,704.25,194.0
5635,F,B-,3,B-,"(2, 5, 10)",I,B-,D,B-,704.375,194.0
5636,F,B-,4,B-,"(2, 5, 10)",I,B-,D,B-,704.5,194.0
5637,F,B-,4,B-,"(2, 5, 10)",I,B-,D,B-,704.625,194.0
5638,F,B-,4,B-,"(2, 5, 10)",I,B-,D,B-,704.75,194.0
5639,F,B-,4,B-,"(2, 5, 10)",I,B-,D,B-,704.875,194.0
5640,F,B-,0,B-,"(2, 5, 10)",I,B-,D,B-,705.0,195.0
5641,F,B-,3,B-,"(2, 5, 10)",I,B-,D,B-,705.125,195.0
5642,F,B-,3,B-,"(2, 5, 10)",I,B-,D,B-,705.25,195.0
5643,F,B-,2,B-,"(2, 5, 10)",I,B-,D,B-,705.375,195.0
5644,F,B-,3,B-,"(2, 5, 10)",I,B-,D,B-,705.5,195.0
5645,F,B-,3,B-,"(2, 5, 10)",I,B-,D,B-,705.625,195.0
5646,F,B-,3,B-,"(2, 5, 10)",I,B-,D,B-,705.75,195.0
5647,F,B-,3,B-,"(2, 5, 10)",I,B-,D,B-,705.875,195.0
5648,F,B-,4,B-,"(2, 5, 10)",I,B-,D,B-,706.0,195.0
5649,F,B-,4,B-,"(2, 5, 10)",I,B-,D,B-,706.125,195.0
5650,F,B-,2,B-,"(2, 5, 10)",I,B-,D,B-,706.25,195.0
5651,F,B-,4,B-,"(2, 5, 10)",I,B-,D,B-,706.375,195.0
5652,F,B-,0,B-,"(2, 5, 10)",I,B-,D,B-,706.5,196.0
5653,F,B-,1,B-,"(2, 5, 10)",I,B-,D,B-,706.625,196.0
5654,F,B-,2,B-,"(2, 5, 10)",I,B-,D,B-,706.75,196.0
5655,F,B-,2,B-,"(2, 5, 10)",I,B-,D,B-,706.875,196.0
5656,F,B-,3,B-,"(2, 5, 10)",I,B-,D,B-,707.0,196.0
5657,F,B-,3,B-,"(2, 5, 10)",I,B-,D,B-,707.125,196.0
5658,F,B-,3,B-,"(2, 5, 10)",I,B-,D,B-,707.25,196.0
5659,F,B-,3,B-,"(2, 5, 10)",I,B-,D,B-,707.375,196.0
5660,F,B-,4,B-,"(2, 5, 10)",I,B-,D,B-,707.5,196.0
5661,F,B-,4,B-,"(2, 5, 10)",I,B-,D,B-,707.625,196.0
5662,F,B-,4,B-,"(2, 5, 10)",I,B-,D,B-,707.75,196.0
5663,F,B-,4,B-,"(2, 5, 10)",I,B-,D,B-,707.875,196.0
5664,C,F,0,B-,"(2, 5, 10)",I,B-,D,B-,708.0,197.0
5665,C,F,1,B-,"(2, 5, 10)",I,B-,D,B-,708.125,197.0
5666,C,F,2,B-,"(2, 5, 10)",I,B-,D,B-,708.25,197.0
5667,C,F,2,B-,"(2, 5, 10)",I,B-,D,B-,708.375,197.0
5668,F,B-,3,B-,"(2, 5, 10)",I,B-,D,B-,708.5,197.0
5669,F,B-,3,B-,"(2, 5, 10)",I,B-,D,B-,708.625,197.0
5670,F,B-,3,B-,"(2, 5, 10)",I,B-,D,B-,708.75,197.0
5671,F,B-,3,B-,"(2, 5, 10)",I,B-,D,B-,708.875,197.0
5672,F,B-,4,B-,"(2, 5, 10)",I,B-,D,B-,709.0,197.0
5673,F,B-,4,B-,"(2, 5, 10)",I,B-,D,B-,709.125,197.0
5674,F,B-,4,B-,"(2, 5, 10)",I,B-,D,B-,709.25,197.0
5675,F,B-,4,B-,"(2, 5, 10)",I,B-,D,B-,709.375,197.0
5676,C,F,0,B-,"(0, 5, 9)",V,F,A,B-,709.5,198.0
5677,C,F,1,B-,"(0, 5, 9)",V,F,A,B-,709.625,198.0
5678,C,F,2,B-,"(0, 5, 9)",V,F,A,B-,709.75,198.0
5679,C,F,2,B-,"(0, 5, 9)",V,F,A,B-,709.875,198.0
5680,C,F,3,B-,"(0, 5, 9)",V,F,A,B-,710.0,198.0
5681,C,F,3,B-,"(0, 5, 9)",V,F,A,B-,710.125,198.0
5682,C,F,3,B-,"(0, 5, 9)",V,F,A,B-,710.25,198.0
5683,C,F,3,B-,"(0, 5, 9)",V,F,A,B-,710.375,198.0
5684,C,F,4,B-,"(0, 5, 9)",V,F,A,B-,710.5,198.0
5685,C,F,4,B-,"(0, 5, 9)",V,F,A,B-,710.625,198.0
5686,C,F,4,B-,"(0, 5, 9)",V,F,A,B-,710.75,198.0
5687,C,F,4,B-,"(0, 5, 9)",V,F,A,B-,710.875,198.0
5688,C,F,0,B-,"(0, 5, 9)",V,F,A,B-,711.0,199.0
5689,C,F,1,B-,"(0, 5, 9)",V,F,A,B-,711.125,199.0
5690,C,F,2,B-,"(0, 5, 9)",V,F,A,B-,711.25,199.0
5691,C,F,2,B-,"(0, 5, 9)",V,F,A,B-,711.375,199.0
5692,C,F,3,B-,"(0, 5, 9)",V,F,A,B-,711.5,199.0
5693,C,F,3,B-,"(0, 5, 9)",V,F,A,B-,711.625,199.0
5694,C,F,3,B-,"(0, 5, 9)",V,F,A,B-,711.75,199.0
5695,C,F,3,B-,"(0, 5, 9)",V,F,A,B-,711.875,199.0
5696,C,F,4,B-,"(0, 5, 9)",V,F,A,B-,712.0,199.0
5697,C,F,4,B-,"(0, 5, 9)",V,F,A,B-,712.125,199.0
5698,C,F,4,B-,"(0, 5, 9)",V,F,A,B-,712.25,199.0
5699,C,F,4,B-,"(0, 5, 9)",V,F,A,B-,712.375,199.0
5700,C,F,0,B-,"(0, 5, 9)",V,F,A,B-,712.5,200.0
5701,C,F,3,B-,"(0, 5, 9)",V,F,A,B-,712.625,200.0
5702,C,F,2,B-,"(0, 5, 9)",V,F,A,B-,712.75,200.0
5703,C,F,2,B-,"(0, 5, 9)",V,F,A,B-,712.875,200.0
5704,C,F,3,B-,"(0, 5, 9)",V,F,A,B-,713.0,200.0
5705,C,F,3,B-,"(0, 5, 9)",V,F,A,B-,713.125,200.0
5706,C,F,3,B-,"(0, 5, 9)",V,F,A,B-,713.25,200.0
5707,C,F,3,B-,"(0, 5, 9)",V,F,A,B-,713.375,200.0
5708,C,F,4,B-,"(0, 5, 9)",V,F,A,B-,713.5,200.0
5709,C,F,4,B-,"(0, 5, 9)",V,F,A,B-,713.625,200.0
5710,C,F,4,B-,"(0, 5, 9)",V,F,A,B-,713.75,200.0
5711,C,F,4,B-,"(0, 5, 9)",V,F,A,B-,713.875,200.0
5712,C,F,0,B-,"(0, 5, 9)",V,F,A,B-,714.0,201.0
5713,C,F,1,B-,"(0, 5, 9)",V,F,A,B-,714.125,201.0
5714,C,F,2,B-,"(0, 5, 9)",V,F,A,B-,714.25,201.0
5715,C,F,2,B-,"(0, 5, 9)",V,F,A,B-,714.375,201.0
5716,C,F,3,B-,"(0, 5, 9)",V,F,A,B-,714.5,201.0
5717,C,F,3,B-,"(0, 5, 9)",V,F,A,B-,714.625,201.0
5718,C,F,3,B-,"(0, 5, 9)",V,F,A,B-,714.75,201.0
5719,C,F,3,B-,"(0, 5, 9)",V,F,A,B-,714.875,201.0
5720,C,F,4,B-,"(0, 5, 9)",V,F,A,B-,715.0,201.0
5721,C,F,4,B-,"(0, 5, 9)",V,F,A,B-,715.125,201.0
5722,C,F,4,B-,"(0, 5, 9)",V,F,A,B-,715.25,201.0
5723,C,F,4,B-,"(0, 5, 9)",V,F,A,B-,715.375,201.0
5724,C,F,0,B-,"(0, 3, 5, 9)",V7,E-,A,B-,715.5,202.0
5725,C,F,1,B-,"(0, 3, 5, 9)",V7,E-,A,B-,715.625,202.0
5726,C,F,2,B-,"(0, 3, 5, 9)",V7,E-,A,B-,715.75,202.0
5727,C,F,2,B-,"(0, 3, 5, 9)",V7,E-,A,B-,715.875,202.0
5728,C,F,3,B-,"(0, 3, 5, 9)",V7,E-,A,B-,716.0,202.0
5729,C,F,3,B-,"(0, 3, 5, 9)",V7,E-,A,B-,716.125,202.0
5730,C,F,3,B-,"(0, 3, 5, 9)",V7,E-,A,B-,716.25,202.0
5731,C,F,3,B-,"(0, 3, 5, 9)",V7,E-,A,B-,716.375,202.0
5732,C,F,4,B-,"(0, 3, 5, 9)",V7,E-,A,B-,716.5,202.0
5733,C,F,4,B-,"(0, 3, 5, 9)",V7,E-,A,B-,716.625,202.0
5734,C,F,4,B-,"(0, 3, 5, 9)",V7,E-,A,B-,716.75,202.0
5735,C,F,4,B-,"(0, 3, 5, 9)",V7,E-,A,B-,716.875,202.0
5736,C,F,0,B-,"(0, 3, 5, 9)",V7,E-,A,B-,717.0,203.0
5737,C,F,1,B-,"(0, 3, 5, 9)",V7,E-,A,B-,717.125,203.0
5738,C,F,2,B-,"(0, 3, 5, 9)",V7,E-,A,B-,717.25,203.0
5739,C,F,2,B-,"(0, 3, 5, 9)",V7,E-,A,B-,717.375,203.0
5740,C,F,3,B-,"(0, 3, 5, 9)",V7,E-,A,B-,717.5,203.0
5741,C,F,3,B-,"(0, 3, 5, 9)",V7,E-,A,B-,717.625,203.0
5742,C,F,3,B-,"(0, 3, 5, 9)",V7,E-,A,B-,717.75,203.0
5743,C,F,3,B-,"(0, 3, 5, 9)",V7,E-,A,B-,717.875,203.0
5744,C,F,4,B-,"(0, 3, 5, 9)",V7,E-,A,B-,718.0,203.0
5745,C,F,4,B-,"(0, 3, 5, 9)",V7,E-,A,B-,718.125,203.0
5746,C,F,4,B-,"(0, 3, 5, 9)",V7,E-,A,B-,718.25,203.0
5747,C,F,4,B-,"(0, 3, 5, 9)",V7,E-,A,B-,718.375,203.0
5748,F,B-,0,B-,"(2, 5, 10)",I,B-,D,B-,718.5,204.0
5749,F,B-,1,B-,"(2, 5, 10)",I,B-,D,B-,718.625,204.0
5750,F,B-,2,B-,"(2, 5, 10)",I,B-,D,B-,718.75,204.0
5751,F,B-,2,B-,"(2, 5, 10)",I,B-,D,B-,718.875,204.0
5752,F,B-,3,B-,"(2, 5, 10)",I,B-,D,B-,719.0,204.0
5753,F,B-,3,B-,"(2, 5, 10)",I,B-,D,B-,719.125,204.0
5754,F,B-,3,B-,"(2, 5, 10)",I,B-,D,B-,719.25,204.0
5755,F,B-,3,B-,"(2, 5, 10)",I,B-,D,B-,719.375,204.0
5756,F,B-,4,B-,"(2, 5, 10)",I,B-,D,B-,719.5,204.0
5757,F,B-,4,B-,"(2, 5, 10)",I,B-,D,B-,719.625,204.0
5758,F,B-,4,B-,"(2, 5, 10)",I,B-,D,B-,719.75,204.0
5759,F,B-,4,B-,"(2, 5, 10)",I,B-,D,B-,719.875,204.0
5760,F,B-,0,B-,"(2, 5, 10)",I,B-,D,B-,720.0,205.0
5761,F,B-,1,B-,"(2, 5, 10)",I,B-,D,B-,720.125,205.0
5762,F,B-,2,B-,"(2, 5, 10)",I,B-,D,B-,720.25,205.0
5763,F,B-,2,B-,"(2, 5, 10)",I,B-,D,B-,720.375,205.0
5764,F,B-,3,B-,"(2, 5, 10)",I,B-,D,B-,720.5,205.0
5765,F,B-,3,B-,"(2, 5, 10)",I,B-,D,B-,720.625,205.0
5766,F,B-,3,B-,"(2, 5, 10)",I,B-,D,B-,720.75,205.0
5767,F,B-,3,B-,"(2, 5, 10)",I,B-,D,B-,720.875,205.0
5768,F,B-,4,B-,"(2, 5, 10)",I,B-,D,B-,721.0,205.0
5769,F,B-,4,B-,"(2, 5, 10)",I,B-,D,B-,721.125,205.0
5770,F,B-,4,B-,"(2, 5, 10)",I,B-,D,B-,721.25,205.0
5771,F,B-,4,B-,"(2, 5, 10)",I,B-,D,B-,721.375,205.0
5772,F,F,3,B-,"(2, 5, 10)",V7,B-,D,B-,721.5,206.0
5773,F,F,3,B-,"(2, 5, 10)",I,B-,D,B-,721.625,206.0
5774,F,F,3,B-,"(2, 5, 10)",I,B-,D,B-,721.75,206.0
5775,F,F,2,B-,"(2, 5, 10)",I,B-,D,B-,721.875,206.0
5776,F,F,3,B-,"(2, 5, 10)",I,B-,D,B-,722.0,206.0
5777,F,F,3,B-,"(2, 5, 10)",I,B-,D,B-,722.125,206.0
5778,F,F,3,B-,"(2, 5, 10)",I,B-,D,B-,722.25,206.0
5779,F,F,3,B-,"(2, 5, 10)",I,B-,D,B-,722.375,206.0
5780,F,F,0,B-,"(2, 5, 10)",V7,B-,D,B-,722.5,206.0
5781,F,F,4,B-,"(2, 5, 10)",V7,B-,D,B-,722.625,206.0
5782,F,F,2,B-,"(2, 5, 10)",V7,B-,D,B-,722.75,206.0
5783,F,F,4,B-,"(2, 5, 10)",V7,B-,D,B-,722.875,206.0
5784,F,F,3,B-,"(2, 5, 10)",V7,B-,D,B-,723.0,207.0
5785,F,F,3,B-,"(2, 5, 10)",V7,B-,D,B-,723.125,207.0
5786,F,F,3,B-,"(2, 5, 10)",V7,B-,D,B-,723.25,207.0
5787,F,F,2,B-,"(2, 5, 10)",V7,B-,D,B-,723.375,207.0
5788,F,F,3,B-,"(2, 5, 10)",V7,B-,D,B-,723.5,207.0
5789,F,B-,3,B-,"(2, 5, 10)",V7,B-,D,B-,723.625,207.0
5790,F,B-,3,B-,"(2, 5, 10)",V7,B-,D,B-,723.75,207.0
5791,F,B-,3,B-,"(2, 5, 10)",V7,B-,D,B-,723.875,207.0
5792,F,B-,4,B-,"(2, 5, 10)",I,B-,D,B-,724.0,207.0
5793,F,B-,4,B-,"(2, 5, 10)",I,B-,D,B-,724.125,207.0
5794,F,B-,4,B-,"(2, 5, 10)",I,B-,D,B-,724.25,207.0
5795,F,B-,4,B-,"(2, 5, 10)",I,B-,D,B-,724.375,207.0
5796,F,B-,0,B-,"(2, 5, 10)",I,B-,D,B-,724.5,208.0
5797,F,B-,3,B-,"(2, 5, 10)",I,B-,D,B-,724.625,208.0
5798,F,B-,2,B-,"(2, 5, 10)",I,B-,D,B-,724.75,208.0
5799,F,B-,2,B-,"(2, 5, 10)",I,B-,D,B-,724.875,208.0
5800,F,B-,3,B-,"(2, 5, 10)",I,B-,D,B-,725.0,208.0
5801,F,B-,3,B-,"(2, 5, 10)",I,B-,D,B-,725.125,208.0
5802,F,B-,3,B-,"(2, 5, 10)",I,B-,D,B-,725.25,208.0
5803,F,B-,3,B-,"(2, 5, 10)",I,B-,D,B-,725.375,208.0
5804,F,B-,4,B-,"(2, 5, 10)",I,B-,D,B-,725.5,208.0
5805,F,B-,4,B-,"(2, 5, 10)",I,B-,D,B-,725.625,208.0
5806,F,B-,2,B-,"(2, 5, 10)",I,B-,D,B-,725.75,208.0
5807,F,B-,4,B-,"(2, 5, 10)",I,B-,D,B-,725.875,208.0
5808,F,B-,3,B-,"(2, 5, 10)",I,B-,D,B-,726.0,209.0
5809,F,B-,3,B-,"(2, 5, 10)",I,B-,D,B-,726.125,209.0
5810,F,B-,3,B-,"(2, 5, 10)",I,B-,D,B-,726.25,209.0
5811,F,B-,3,B-,"(2, 5, 10)",I,B-,D,B-,726.375,209.0
5812,F,B-,4,B-,"(2, 5, 10)",I,B-,D,B-,726.5,209.0
5813,F,B-,4,B-,"(2, 5, 10)",I,B-,D,B-,726.625,209.0
5814,F,B-,4,B-,"(2, 5, 10)",I,B-,D,B-,726.75,209.0
5815,F,B-,4,B-,"(2, 5, 10)",I,B-,D,B-,726.875,209.0
5816,F,B-,0,B-,"(2, 5, 10)",I,B-,D,B-,727.0,209.0
5817,F,B-,1,B-,"(2, 5, 10)",I,B-,D,B-,727.125,209.0
5818,F,B-,2,B-,"(2, 5, 10)",I,B-,D,B-,727.25,209.0
5819,F,B-,4,B-,"(2, 5, 10)",I,B-,D,B-,727.375,209.0
5820,F,B-,3,B-,"(2, 5, 10)",I,B-,D,B-,727.5,210.0
5821,F,B-,3,B-,"(2, 5, 10)",I,B-,D,B-,727.625,210.0
5822,F,B-,3,B-,"(2, 5, 10)",I,B-,D,B-,727.75,210.0
5823,F,B-,2,B-,"(2, 5, 10)",I,B-,D,B-,727.875,210.0
5824,F,B-,3,B-,"(2, 5, 10)",I,B-,D,B-,728.0,210.0
5825,F,B-,3,B-,"(2, 5, 10)",I,B-,D,B-,728.125,210.0
5826,F,B-,3,B-,"(2, 5, 10)",I,B-,D,B-,728.25,210.0
5827,B-,B-,3,B-,"(2, 5, 10)",I,B-,D,B-,728.375,210.0
5828,B-,F,0,B-,"(2, 5, 10)",V7,E-,A,B-,728.5,210.0
5829,B-,F,1,B-,"(2, 5, 10)",V7,E-,A,B-,728.625,210.0
5830,B-,B-,2,B-,"(2, 5, 10)",V7,E-,A,B-,728.75,210.0
5831,B-,B-,4,B-,"(2, 5, 10)",V7,E-,A,B-,728.875,210.0
5832,B-,E-,3,B-,"(2, 5, 10)",V7,E-,A,B-,729.0,211.0
5833,B-,E-,3,B-,"(2, 5, 10)",V7,E-,A,B-,729.125,211.0
5834,B-,E-,3,B-,"(2, 5, 10)",V7,E-,A,B-,729.25,211.0
5835,B-,E-,2,B-,"(2, 5, 10)",V7,E-,A,B-,729.375,211.0
5836,B-,E-,3,B-,"(2, 5, 10)",V7,E-,A,B-,729.5,211.0
5837,B-,E-,3,B-,"(2, 5, 10)",V7,E-,A,B-,729.625,211.0
5838,B-,E-,3,B-,"(2, 5, 10)",V7,E-,A,B-,729.75,211.0
5839,B-,D,4,B-,"(2, 5, 10)",V7,E-,A,B-,729.875,211.0
5840,B-,D,4,B-,"(2, 5, 10)",V7,E-,A,B-,730.0,211.0
5841,B-,D,4,B-,"(2, 5, 10)",V7,E-,A,B-,730.125,211.0
5842,B-,D,2,B-,"(2, 5, 10)",I,E-,A,B-,730.25,211.0
5843,B-,D,4,B-,"(2, 5, 10)",I,E-,A,B-,730.375,211.0
5844,B-,D,0,B-,"(2, 5, 10)",I,B-,A,B-,730.5,212.0
5845,B-,D,1,B-,"(2, 5, 10)",I,B-,A,B-,730.625,212.0
5846,B-,D,3,B-,"(2, 5, 10)",I,B-,A,B-,730.75,212.0
5847,B-,D,2,B-,"(2, 5, 10)",I,B-,D,B-,730.875,212.0
5848,B-,D,3,B-,"(2, 5, 10)",I,B-,A,B-,731.0,212.0
5849,B-,D,3,B-,"(2, 5, 10)",I,B-,B-,B-,731.125,212.0
5850,B-,D,3,B-,"(2, 5, 10)",I,B-,A,B-,731.25,212.0
5851,B-,D,3,B-,"(2, 5, 10)",I,B-,A,B-,731.375,212.0
5852,B-,D,0,B-,"(2, 5, 10)",I,B-,B-,B-,731.5,212.0
5853,B-,D,4,B-,"(2, 5, 10)",I,B-,B-,B-,731.625,212.0
5854,B-,D,2,B-,"(2, 5, 10)",I,B-,B-,B-,731.75,212.0
5855,B-,D,4,B-,"(2, 5, 10)",I,B-,B-,B-,731.875,212.0
5856,D,D,3,B-,"(2, 7, 10)",I,D,B-,g,732.0,213.0
5857,D,D,3,B-,"(2, 7, 10)",I,D,B-,g,732.125,213.0
5858,D,D,3,B-,"(2, 7, 10)",I,D,B-,g,732.25,213.0
5859,D,D,3,B-,"(2, 7, 10)",I,D,B-,g,732.375,213.0
5860,D,D,4,B-,"(2, 7, 10)",I,D,B-,g,732.5,213.0
5861,D,D,4,B-,"(2, 7, 10)",I,D,B-,g,732.625,213.0
5862,D,D,4,B-,"(2, 7, 10)",I,D,B-,g,732.75,213.0
5863,D,D,4,B-,"(2, 7, 10)",I,D,B-,g,732.875,213.0
5864,D,G,0,B-,"(2, 7, 10)",I,G,B-,g,733.0,213.0
5865,D,G,4,B-,"(2, 7, 10)",I,G,B-,g,733.125,213.0
5866,D,G,2,B-,"(2, 7, 10)",I,G,B-,g,733.25,213.0
5867,D,G,4,B-,"(2, 7, 10)",I,G,B-,g,733.375,213.0
5868,D,G,3,B-,"(2, 7, 10)",I,G,B-,g,733.5,214.0
5869,D,G,3,B-,"(2, 7, 10)",I,G,B-,g,733.625,214.0
5870,D,G,3,B-,"(2, 7, 10)",I,G,B-,g,733.75,214.0
5871,D,G,2,B-,"(2, 7, 10)",I,G,B-,g,733.875,214.0
5872,D,G,3,B-,"(2, 7, 10)",I,G,B-,g,734.0,214.0
5873,D,G,3,B-,"(2, 7, 10)",I,G,B-,g,734.125,214.0
5874,D,G,3,B-,"(2, 7, 10)",I,G,B-,g,734.25,214.0
5875,D,G,3,B-,"(2, 7, 10)",I,G,B-,g,734.375,214.0
5876,D,G,0,B-,"(2, 7, 10)",I,G,B-,g,734.5,214.0
5877,D,G,4,B-,"(2, 7, 10)",i,G,B-,g,734.625,214.0
5878,D,G,2,B-,"(2, 7, 10)",i,G,B-,g,734.75,214.0
5879,D,G,4,B-,"(2, 7, 10)",i,G,B-,g,734.875,214.0
5880,D,D,3,B-,"(2, 7, 10)",I,G,B-,g,735.0,215.0
5881,D,G,3,B-,"(2, 7, 10)",I,G,B-,g,735.125,215.0
5882,D,D,3,B-,"(2, 7, 10)",I,G,B-,g,735.25,215.0
5883,D,D,2,B-,"(2, 7, 10)",I,D,B-,g,735.375,215.0
5884,D,D,3,B-,"(2, 7, 10)",i,D,B-,g,735.5,215.0
5885,D,D,3,B-,"(2, 7, 10)",i,D,B-,g,735.625,215.0
5886,D,D,3,B-,"(2, 7, 10)",i,D,B-,g,735.75,215.0
5887,D,D,3,B-,"(2, 7, 10)",i,D,B-,g,735.875,215.0
5888,D,F#,0,B-,"(2, 6, 9)",i,D,F#,g,736.0,215.0
5889,D,F#,4,B-,"(2, 6, 9)",V,D,F#,g,736.125,215.0
5890,D,F#,2,B-,"(2, 6, 9)",V,D,F#,g,736.25,215.0
5891,D,F#,4,B-,"(2, 6, 9)",V,D,F#,g,736.375,215.0
5892,A,F#,3,B-,"(2, 6, 9)",V,D,F#,g,736.5,216.0
5893,A,F#,3,B-,"(2, 6, 9)",V,D,F#,g,736.625,216.0
5894,A,F#,3,B-,"(2, 6, 9)",V,D,F#,g,736.75,216.0
5895,A,F#,2,B-,"(2, 6, 9)",V,D,F#,g,736.875,216.0
5896,A,F#,3,B-,"(2, 6, 9)",V,D,F#,g,737.0,216.0
5897,A,F#,3,B-,"(2, 6, 9)",V,D,F#,g,737.125,216.0
5898,A,F#,3,B-,"(2, 6, 9)",V,D,F#,g,737.25,216.0
5899,A,F#,3,B-,"(2, 6, 9)",V,D,F#,g,737.375,216.0
5900,D,F#,0,B-,"(2, 6, 9)",V,D,F#,g,737.5,216.0
5901,D,F#,4,B-,"(2, 6, 9)",V,D,F#,g,737.625,216.0
5902,D,F#,2,B-,"(2, 6, 9)",V,D,F#,g,737.75,216.0
5903,A,F#,4,B-,"(2, 6, 9)",V,D,F#,g,737.875,216.0
5904,D,F#,3,B-,"(2, 6, 9)",V,D,F#,g,738.0,217.0
5905,D,F#,3,B-,"(2, 6, 9)",V,D,F#,g,738.125,217.0
5906,D,F#,3,B-,"(2, 6, 9)",V,D,F#,g,738.25,217.0
5907,D,F#,3,B-,"(2, 6, 9)",V,D,F#,g,738.375,217.0
5908,D,F#,4,B-,"(2, 6, 9)",V,D,F#,g,738.5,217.0
5909,D,F#,4,B-,"(2, 6, 9)",V,D,F#,g,738.625,217.0
5910,D,F#,4,B-,"(2, 6, 9)",V,D,F#,g,738.75,217.0
5911,A,F#,4,B-,"(2, 6, 9)",V,D,F#,g,738.875,217.0
5912,A,F#,0,B-,"(2, 6, 9)",V7,D,F#,g,739.0,217.0
5913,D,D,4,B-,"(2, 6, 9)",V7,D,F#,g,739.125,217.0
5914,D,D,2,B-,"(2, 6, 9)",V7,D,F#,g,739.25,217.0
5915,A,D,4,B-,"(2, 6, 9)",V7,D,F#,g,739.375,217.0
5916,D,D,3,B-,"(2, 6, 9)",V7,D,F#,g,739.5,218.0
5917,D,D,3,B-,"(2, 6, 9)",V7,D,F#,g,739.625,218.0
5918,D,D,3,B-,"(2, 6, 9)",V7,D,F#,g,739.75,218.0
5919,D,D,2,B-,"(2, 6, 9)",V7,D,F#,g,739.875,218.0
5920,D,D,4,B-,"(2, 6, 9)",V7,D,F#,g,740.0,218.0
5921,D,D,4,B-,"(2, 6, 9)",V7,D,F#,g,740.125,218.0
5922,D,D,4,B-,"(2, 6, 9)",V7,D,F#,g,740.25,218.0
5923,D,D,4,B-,"(2, 6, 9)",V7,D,F#,g,740.375,218.0
5924,D,F#,0,B-,"(0, 2, 6, 9)",V7,D,A,g,740.5,218.0
5925,D,F#,4,B-,"(0, 2, 6, 9)",V7,D,A,g,740.625,218.0
5926,D,F#,2,B-,"(0, 2, 6, 9)",V7,D,A,g,740.75,218.0
5927,D,F#,4,B-,"(0, 2, 6, 9)",V7,D,A,g,740.875,218.0
5928,D,F#,3,B-,"(0, 2, 6, 9)",V7,D,A,g,741.0,219.0
5929,D,F#,3,B-,"(0, 2, 6, 9)",V7,D,A,g,741.125,219.0
5930,D,F#,3,B-,"(0, 2, 6, 9)",V7,D,A,g,741.25,219.0
5931,D,F#,2,B-,"(0, 2, 6, 9)",V7,D,A,g,741.375,219.0
5932,D,F#,4,B-,"(0, 2, 6, 9)",V7,D,A,g,741.5,219.0
5933,D,F#,4,B-,"(0, 2, 6, 9)",V7,D,A,g,741.625,219.0
5934,D,F#,4,B-,"(0, 2, 6, 9)",V7,D,A,g,741.75,219.0
5935,D,F#,4,B-,"(0, 2, 6, 9)",V7,D,A,g,741.875,219.0
5936,D,G,0,B-,"(2, 7, 10)",I,G,B-,g,742.0,219.0
5937,D,G,1,B-,"(2, 7, 10)",I,G,B-,g,742.125,219.0
5938,D,G,2,B-,"(2, 7, 10)",I,G,B-,g,742.25,219.0
5939,D,G,4,B-,"(2, 7, 10)",I,G,B-,g,742.375,219.0
5940,D,G,3,B-,"(2, 7, 10)",I,G,B-,g,742.5,220.0
5941,D,G,3,B-,"(2, 7, 10)",I,G,B-,g,742.625,220.0
5942,D,G,3,B-,"(2, 7, 10)",I,G,B-,g,742.75,220.0
5943,D,G,2,B-,"(2, 7, 10)",I,G,B-,g,742.875,220.0
5944,D,G,3,B-,"(2, 7, 10)",I,G,B-,g,743.0,220.0
5945,D,G,3,B-,"(2, 7, 10)",I,G,B-,g,743.125,220.0
5946,D,G,3,B-,"(2, 7, 10)",I,G,B-,g,743.25,220.0
5947,D,G,3,B-,"(2, 7, 10)",I,G,B-,g,743.375,220.0
5948,D,G,4,B-,"(2, 7, 10)",vi,G,B-,g,743.5,220.0
5949,D,G,4,B-,"(2, 7, 10)",vi,G,B-,g,743.625,220.0
5950,D,G,2,B-,"(2, 7, 10)",vi,G,B-,g,743.75,220.0
5951,D,G,4,B-,"(2, 7, 10)",vi,G,B-,g,743.875,220.0
5952,D,G,3,B-,"(2, 7, 10)",i,G,B-,g,744.0,221.0
5953,D,G,3,B-,"(2, 7, 10)",i,G,B-,g,744.125,221.0
5954,D,G,3,B-,"(2, 7, 10)",i,G,B-,g,744.25,221.0
5955,D,G,2,B-,"(2, 7, 10)",i,G,B-,g,744.375,221.0
5956,D,G,4,B-,"(2, 7, 10)",i,G,B-,g,744.5,221.0
5957,D,G,4,B-,"(2, 7, 10)",i,G,B-,g,744.625,221.0
5958,D,G,4,B-,"(2, 7, 10)",i,G,B-,g,744.75,221.0
5959,D,G,4,B-,"(2, 7, 10)",i,G,B-,g,744.875,221.0
5960,D,G,0,B-,"(2, 7, 10)",i,G,B-,g,745.0,221.0
5961,D,G,4,B-,"(2, 7, 10)",i,G,B-,B-,745.125,221.0
5962,D,G,2,B-,"(2, 7, 10)",i,G,B-,B-,745.25,221.0
5963,D,G,4,B-,"(2, 7, 10)",i,G,B-,B-,745.375,221.0
5964,D,G,3,B-,"(2, 7, 10)",i,G,B-,B-,745.5,222.0
5965,D,G,3,B-,"(2, 7, 10)",i,G,B-,B-,745.625,222.0
5966,D,G,3,B-,"(2, 7, 10)",i,G,B-,B-,745.75,222.0
5967,D,G,3,B-,"(2, 7, 10)",i,G,B-,B-,745.875,222.0
5968,D,G,4,B-,"(2, 7, 10)",i,G,B-,B-,746.0,222.0
5969,D,G,4,B-,"(2, 7, 10)",i,G,B-,B-,746.125,222.0
5970,D,G,4,B-,"(2, 7, 10)",i,G,B-,B-,746.25,222.0
5971,D,G,4,B-,"(2, 7, 10)",i,G,B-,B-,746.375,222.0
5972,D,G,4,B-,"(2, 7, 10)",i,G,B-,B-,746.5,222.0
5973,D,G,4,B-,"(2, 7, 10)",i,G,B-,B-,746.625,222.0
5974,D,G,2,B-,"(2, 7, 10)",i,G,B-,B-,746.75,222.0
5975,D,G,4,B-,"(2, 7, 10)",i,G,B-,B-,746.875,222.0
5976,D,G,0,B-,"(2, 7, 10)",V7,D,B-,B-,747.0,223.0
5977,D,G,1,B-,"(2, 7, 10)",V7,D,B-,B-,747.125,223.0
5978,D,G,3,B-,"(2, 7, 10)",V7,D,B-,B-,747.25,223.0
5979,D,G,2,B-,"(2, 7, 10)",V7,D,B-,B-,747.375,223.0
5980,D,G,4,B-,"(2, 7, 10)",V7,D,B-,B-,747.5,223.0
5981,D,G,4,B-,"(2, 7, 10)",V7,D,B-,B-,747.625,223.0
5982,D,G,4,B-,"(2, 7, 10)",V7,D,B-,B-,747.75,223.0
5983,D,G,4,B-,"(2, 7, 10)",V7,D,B-,B-,747.875,223.0
5984,D,F,4,B-,"(2, 7, 10)",V7,D,B-,B-,748.0,223.0
5985,D,F,4,B-,"(2, 5, 9)",V7,D,B-,d,748.125,223.0
5986,D,F,2,B-,"(2, 5, 9)",V7,D,B-,d,748.25,223.0
5987,D,F,4,B-,"(2, 5, 9)",V7,D,A,B-,748.375,223.0
5988,D,F,3,B-,"(2, 5, 9)",V7,D,A,d,748.5,224.0
5989,D,F,3,B-,"(2, 5, 9)",V7,D,A,d,748.625,224.0
5990,D,F,3,B-,"(2, 5, 9)",V7,D,A,d,748.75,224.0
5991,D,F,2,B-,"(2, 5, 9)",V7,D,A,d,748.875,224.0
5992,D,F,3,B-,"(2, 5, 9)",V7,D,A,d,749.0,224.0
5993,D,F,3,B-,"(2, 5, 9)",V7,D,A,d,749.125,224.0
5994,D,F,3,B-,"(2, 5, 9)",V7,D,A,d,749.25,224.0
5995,D,F,3,B-,"(2, 5, 9)",V7,D,A,d,749.375,224.0
5996,D,F,0,B-,"(2, 5, 9)",V7,D,A,d,749.5,224.0
5997,D,F,4,B-,"(2, 5, 9)",V7,D,A,d,749.625,224.0
5998,D,F,2,B-,"(2, 5, 9)",V7,D,A,d,749.75,224.0
5999,D,F,4,B-,"(2, 5, 9)",V7,D,A,d,749.875,224.0
6000,D,F,3,B-,"(2, 5, 9)",V7,D,B-,d,750.0,225.0
6001,D,F,3,B-,"(2, 5, 9)",V7,D,B-,d,750.125,225.0
6002,D,F,3,B-,"(2, 5, 9)",V7,D,B-,d,750.25,225.0
6003,D,F,2,B-,"(2, 5, 9)",V7,D,B-,d,750.375,225.0
6004,D,F,3,B-,"(2, 5, 9)",V7,D,B-,d,750.5,225.0
6005,D,F,3,B-,"(2, 5, 9)",V7,D,B-,d,750.625,225.0
6006,D,F,3,B-,"(2, 5, 9)",V7,D,B-,d,750.75,225.0
6007,D,F,3,B-,"(2, 5, 9)",V7,D,B-,d,750.875,225.0
6008,D,F,4,B-,"(2, 5, 9)",V7,D,B-,d,751.0,225.0
6009,D,F,4,B-,"(2, 5, 9)",V7,D,F,d,751.125,225.0
6010,D,F,2,B-,"(2, 5, 9)",V7,D,F,d,751.25,225.0
6011,D,F,4,B-,"(2, 5, 9)",V7,D,F,d,751.375,225.0
6012,A,A,3,B-,"(2, 5, 9)",V7,D,A,d,751.5,226.0
6013,A,A,3,B-,"(2, 5, 9)",V7,D,A,d,751.625,226.0
6014,A,A,3,B-,"(2, 5, 9)",V7,D,A,d,751.75,226.0
6015,A,A,2,B-,"(2, 5, 9)",V7,D,A,d,751.875,226.0
6016,A,A,3,B-,"(2, 5, 9)",V7,D,F,d,752.0,226.0
6017,A,A,3,B-,"(2, 5, 9)",V7,D,F,d,752.125,226.0
6018,A,A,3,B-,"(2, 5, 9)",V7,D,F,d,752.25,226.0
6019,A,A,3,B-,"(2, 5, 9)",V7,D,F,d,752.375,226.0
6020,A,A,4,B-,"(2, 5, 9)",V7,D,F,d,752.5,226.0
6021,A,A,4,B-,"(2, 5, 9)",V7,D,F,d,752.625,226.0
6022,A,D,2,B-,"(2, 5, 9)",V7,D,F,d,752.75,226.0
6023,A,D,4,B-,"(2, 5, 9)",V7,D,F,d,752.875,226.0
6024,A,D,3,B-,"(2, 5, 9)",V7,D,F,d,753.0,227.0
6025,A,D,3,B-,"(2, 5, 9)",V7,D,F,d,753.125,227.0
6026,A,D,3,B-,"(2, 5, 9)",V7,D,F,d,753.25,227.0
6027,A,D,2,B-,"(2, 5, 9)",V7,D,F,d,753.375,227.0
6028,A,D,4,B-,"(2, 5, 9)",V7,D,F,d,753.5,227.0
6029,A,D,4,B-,"(2, 5, 9)",V7,D,F,d,753.625,227.0
6030,A,D,4,B-,"(2, 5, 9)",V7,D,F,d,753.75,227.0
6031,A,D,4,B-,"(2, 5, 9)",V7,D,F,d,753.875,227.0
6032,A,D,4,B-,"(2, 5, 9)",V7,D,F,d,754.0,227.0
6033,A,D,4,B-,"(2, 5, 9)",V7,D,F,d,754.125,227.0
6034,A,D,2,B-,"(2, 5, 9)",V7,D,F,d,754.25,227.0
6035,A,D,4,B-,"(2, 5, 9)",V7,D,F,d,754.375,227.0
6036,A,D,3,d,"(2, 5, 9)",i,D,F,d,754.5,228.0
6037,A,D,3,d,"(2, 5, 9)",i,D,F,d,754.625,228.0
6038,A,D,3,d,"(2, 5, 9)",i,D,F,d,754.75,228.0
6039,A,D,2,d,"(2, 5, 9)",i,D,F,d,754.875,228.0
6040,A,D,3,d,"(2, 5, 9)",i,D,F,d,755.0,228.0
6041,A,D,3,d,"(2, 5, 9)",i,D,F,d,755.125,228.0
6042,A,D,3,d,"(2, 5, 9)",i,D,F,d,755.25,228.0
6043,A,D,3,d,"(2, 5, 9)",i,D,F,d,755.375,228.0
6044,A,D,0,d,"(2, 5, 9)",i,D,F,d,755.5,228.0
6045,A,D,4,d,"(2, 5, 9)",i,D,F,d,755.625,228.0
6046,A,D,2,d,"(2, 5, 9)",i,D,F,d,755.75,228.0
6047,A,D,4,d,"(2, 5, 9)",i,D,F,d,755.875,228.0
6048,A,D,0,d,"(2, 5, 9)",i,D,F,d,756.0,229.0
6049,A,D,3,d,"(2, 5, 9)",i,D,F,d,756.125,229.0
6050,A,D,2,d,"(2, 5, 9)",i,D,F,d,756.25,229.0
6051,A,D,2,d,"(2, 5, 9)",i,D,F,d,756.375,229.0
6052,A,D,4,d,"(2, 5, 9)",i,D,F,d,756.5,229.0
6053,A,D,4,d,"(2, 5, 9)",i,D,F,d,756.625,229.0
6054,A,D,4,d,"(2, 5, 9)",i,D,F,d,756.75,229.0
6055,A,D,4,d,"(2, 5, 9)",i,D,F,d,756.875,229.0
6056,A,D,0,B-,"(2, 5, 9)",V,D,F,d,757.0,229.0
6057,A,D,1,B-,"(2, 5, 9)",V,D,F,d,757.125,229.0
6058,A,D,2,B-,"(2, 5, 9)",V,D,F,d,757.25,229.0
6059,A,D,4,B-,"(2, 5, 9)",V,D,F,d,757.375,229.0
6060,A,D,3,B-,"(2, 5, 9)",i,D,F,d,757.5,230.0
6061,A,D,3,B-,"(2, 5, 9)",i,D,F,d,757.625,230.0
6062,A,D,3,B-,"(2, 5, 9)",i,D,F,d,757.75,230.0
6063,A,D,3,B-,"(2, 5, 9)",i,D,F,d,757.875,230.0
6064,A,D,4,B-,"(2, 5, 9)",V7,D,F,d,758.0,230.0
6065,A,D,4,B-,"(2, 5, 9)",V7,D,F,d,758.125,230.0
6066,A,D,4,B-,"(2, 5, 9)",V7,D,F,d,758.25,230.0
6067,A,D,4,B-,"(2, 5, 9)",V7,D,F,d,758.375,230.0
6068,A,F,0,B-,"(2, 5, 9)",V7,D,A,d,758.5,230.0
6069,A,F,4,B-,"(2, 5, 9)",V7,D,A,d,758.625,230.0
6070,A,F,2,B-,"(2, 5, 9)",V7,D,A,d,758.75,230.0
6071,A,F,4,B-,"(2, 5, 9)",V7,D,A,d,758.875,230.0
6072,A,F,3,B-,"(2, 5, 9)",V7,D,A,d,759.0,231.0
6073,A,F,3,B-,"(2, 5, 9)",V7,D,A,d,759.125,231.0
6074,A,F,3,B-,"(2, 5, 9)",V7,D,A,d,759.25,231.0
6075,A,F,3,B-,"(2, 5, 9)",V7,D,A,d,759.375,231.0
6076,A,F,4,B-,"(2, 5, 9)",V7,D,A,d,759.5,231.0
6077,A,F,4,B-,"(2, 5, 9)",V7,D,A,d,759.625,231.0
6078,A,F,4,B-,"(2, 5, 9)",V7,D,A,d,759.75,231.0
6079,A,F,4,B-,"(2, 5, 9)",V7,D,A,d,759.875,231.0
6080,A,F,0,B-,"(1, 4, 7, 9)",V7,D,A,d,760.0,231.0
6081,A,E,1,d,"(1, 4, 7, 9)",V7,D,A,d,760.125,231.0
6082,A,E,2,B-,"(1, 4, 7, 9)",V7,D,A,d,760.25,231.0
6083,A,A,4,B-,"(1, 4, 7, 9)",V7,D,A,d,760.375,231.0
6084,A,A,3,d,"(1, 4, 7, 9)",V7,A,A,d,760.5,232.0
6085,A,A,3,d,"(1, 4, 7, 9)",V7,A,A,d,760.625,232.0
6086,A,A,3,d,"(1, 4, 7, 9)",V7,A,A,d,760.75,232.0
6087,A,A,2,d,"(1, 4, 7, 9)",V7,A,A,d,760.875,232.0
6088,A,A,3,d,"(1, 4, 7, 9)",V7,A,A,d,761.0,232.0
6089,A,A,3,d,"(1, 4, 7, 9)",V7,A,A,d,761.125,232.0
6090,A,A,3,d,"(1, 4, 7, 9)",V7,A,A,d,761.25,232.0
6091,A,A,3,d,"(1, 4, 7, 9)",V7,A,A,d,761.375,232.0
6092,A,A,4,d,"(1, 4, 7, 9)",V7,A,A,d,761.5,232.0
6093,A,A,4,d,"(1, 4, 7, 9)",V7,A,A,d,761.625,232.0
6094,A,A,4,d,"(1, 4, 7, 9)",V7,A,A,d,761.75,232.0
6095,A,A,4,B-,"(1, 4, 7, 9)",V7,A,A,d,761.875,232.0
6096,A,A,3,B-,"(1, 4, 7, 9)",V7,A,A,d,762.0,233.0
6097,A,A,3,B-,"(1, 4, 7, 9)",V7,A,A,d,762.125,233.0
6098,A,A,3,B-,"(1, 4, 7, 9)",V7,A,A,d,762.25,233.0
6099,A,A,3,B-,"(1, 4, 7, 9)",V7,A,A,d,762.375,233.0
6100,A,A,4,B-,"(1, 4, 7, 9)",V7,A,A,d,762.5,233.0
6101,A,A,4,B-,"(1, 4, 7, 9)",V7,A,A,d,762.625,233.0
6102,A,A,4,B-,"(1, 4, 7, 9)",V7,A,A,d,762.75,233.0
6103,A,A,4,B-,"(1, 4, 7, 9)",V7,A,A,d,762.875,233.0
6104,E,A,0,B-,"(1, 4, 7, 9)",V7,G,A,d,763.0,233.0
6105,E,A,1,B-,"(1, 4, 7, 9)",V7,G,A,d,763.125,233.0
6106,E,A,2,B-,"(1, 4, 7, 9)",V7,G,A,d,763.25,233.0
6107,A,A,4,B-,"(1, 4, 7, 9)",V7,G,A,d,763.375,233.0
6108,C,A,3,B-,"(1, 4, 7, 9)",V7,G,A,d,763.5,234.0
6109,C,A,3,B-,"(1, 4, 7, 9)",V7,G,A,d,763.625,234.0
6110,C,A,3,B-,"(1, 4, 7, 9)",V7,G,A,d,763.75,234.0
6111,C,A,3,B-,"(1, 4, 7, 9)",V7,G,A,d,763.875,234.0
6112,C,A,4,B-,"(1, 4, 7, 9)",V7,G,A,d,764.0,234.0
6113,C,A,4,B-,"(1, 4, 7, 9)",V7,G,A,d,764.125,234.0
6114,C,A,4,B-,"(1, 4, 7, 9)",V7,G,A,d,764.25,234.0
6115,C,A,4,B-,"(1, 4, 7, 9)",V7,G,A,d,764.375,234.0
6116,C,A,4,B-,"(1, 4, 7, 9)",V7,G,A,d,764.5,234.0
6117,C,A,4,B-,"(1, 4, 7, 9)",V7,G,A,d,764.625,234.0
6118,C,A,2,B-,"(1, 4, 7, 9)",V7,G,A,d,764.75,234.0
6119,C,F,4,B-,"(1, 4, 7, 9)",V7,G,A,d,764.875,234.0
6120,C,F,3,B-,"(1, 4, 7, 9)",V7,D,A,d,765.0,235.0
6121,C,F,3,B-,"(1, 4, 7, 9)",V7,D,A,d,765.125,235.0
6122,C,F,3,B-,"(1, 4, 7, 9)",V7,D,A,d,765.25,235.0
6123,C,F,2,B-,"(1, 4, 7, 9)",V7,D,A,d,765.375,235.0
6124,C,F,3,B-,"(1, 4, 7, 9)",V7,D,A,d,765.5,235.0
6125,C,F,3,B-,"(1, 4, 7, 9)",V7,D,A,d,765.625,235.0
6126,C,F,3,B-,"(1, 4, 7, 9)",V7,D,A,d,765.75,235.0
6127,C,F,3,B-,"(1, 4, 7, 9)",V7,D,A,d,765.875,235.0
6128,C,F,0,B-,"(2, 5, 9)",V7,D,A,B-,766.0,235.0
6129,C,F,1,B-,"(2, 5, 9)",V7,D,A,B-,766.125,235.0
6130,C,F,2,B-,"(2, 5, 9)",V7,D,A,B-,766.25,235.0
6131,C,F,4,B-,"(2, 5, 9)",V7,D,A,B-,766.375,235.0
6132,C,F,0,B-,"(0, 5, 9)",V7,D,A,B-,766.5,236.0
6133,C,F,3,B-,"(0, 5, 9)",V7,D,A,B-,766.625,236.0
6134,C,F,2,B-,"(0, 5, 9)",V7,D,A,B-,766.75,236.0
6135,C,F,2,B-,"(0, 5, 9)",V7,D,A,B-,766.875,236.0
6136,C,F,4,B-,"(0, 5, 9)",V7,D,A,B-,767.0,236.0
6137,C,F,4,B-,"(0, 5, 9)",V7,D,A,B-,767.125,236.0
6138,C,F,4,B-,"(0, 3, 5, 9)",V7,D,A,B-,767.25,236.0
6139,C,F,4,B-,"(0, 3, 5, 9)",V7,D,A,B-,767.375,236.0
6140,C,F,0,B-,"(0, 3, 5, 9)",V7,E-,A,B-,767.5,236.0
6141,C,F,1,B-,"(0, 3, 5, 9)",V7,E-,A,B-,767.625,236.0
6142,C,F,2,B-,"(0, 3, 5, 9)",V7,E-,A,B-,767.75,236.0
6143,C,F,4,B-,"(0, 3, 5, 9)",V7,E-,A,B-,767.875,236.0
6144,C,F,3,B-,"(0, 3, 5, 9)",V7,E-,A,B-,768.0,237.0
6145,C,F,3,B-,"(0, 3, 5, 9)",V7,E-,A,B-,768.125,237.0
6146,C,F,3,B-,"(0, 3, 5, 9)",V7,E-,A,B-,768.25,237.0
6147,C,F,2,B-,"(0, 3, 5, 9)",V7,E-,A,B-,768.375,237.0
6148,C,F,3,B-,"(0, 3, 5, 9)",V7,E-,A,B-,768.5,237.0
6149,C,F,3,B-,"(0, 3, 5, 9)",V7,E-,A,B-,768.625,237.0
6150,C,F,3,B-,"(0, 3, 5, 9)",V7,E-,A,B-,768.75,237.0
6151,C,F,3,B-,"(0, 3, 5, 9)",V7,E-,A,B-,768.875,237.0
6152,C,F,4,B-,"(0, 3, 5, 9)",V7,E-,A,B-,769.0,237.0
6153,C,F,4,B-,"(0, 3, 5, 9)",V7,E-,A,B-,769.125,237.0
6154,C,F,4,B-,"(0, 3, 5, 9)",V7,E-,A,B-,769.25,237.0
6155,C,F,4,B-,"(0, 3, 5, 9)",V7,E-,A,B-,769.375,237.0
6156,C,F,3,B-,"(0, 3, 5, 9)",V7,E-,A,B-,769.5,238.0
6157,C,F,3,B-,"(0, 3, 5, 9)",V7,E-,A,B-,769.625,238.0
6158,C,F,3,B-,"(0, 3, 5, 9)",V7,E-,A,B-,769.75,238.0
6159,C,F,3,B-,"(0, 3, 5, 9)",V7,E-,A,B-,769.875,238.0
6160,C,F,4,B-,"(0, 3, 5, 9)",V7,E-,A,B-,770.0,238.0
6161,C,F,4,B-,"(0, 3, 5, 9)",V7,E-,A,B-,770.125,238.0
6162,C,F,4,B-,"(0, 3, 5, 9)",V7,E-,A,B-,770.25,238.0
6163,C,F,4,B-,"(0, 3, 5, 9)",V7,E-,A,B-,770.375,238.0
6164,C,F,4,B-,"(0, 3, 5, 9)",V7,E-,A,B-,770.5,238.0
6165,C,F,4,B-,"(0, 3, 5, 9)",V7,E-,A,B-,770.625,238.0
6166,C,F,2,B-,"(0, 3, 5, 9)",V7,E-,A,B-,770.75,238.0
6167,C,F,4,B-,"(0, 3, 5, 9)",V7,E-,A,B-,770.875,238.0
6168,C,F,3,B-,"(0, 3, 5, 9)",V7,E-,A,B-,771.0,239.0
6169,C,F,3,B-,"(0, 3, 5, 9)",V7,E-,A,B-,771.125,239.0
6170,C,F,3,B-,"(0, 3, 5, 9)",V7,E-,A,B-,771.25,239.0
6171,C,F,3,B-,"(0, 3, 5, 9)",V7,E-,A,B-,771.375,239.0
6172,C,F,4,B-,"(0, 3, 5, 9)",V7,E-,A,B-,771.5,239.0
6173,C,F,4,B-,"(0, 3, 5, 9)",V7,E-,A,B-,771.625,239.0
6174,C,F,4,B-,"(0, 3, 5, 9)",V7,E-,A,B-,771.75,239.0
6175,C,F,4,B-,"(0, 3, 5, 9)",V7,E-,A,B-,771.875,239.0
6176,C,F,4,B-,"(0, 3, 5, 9)",V7,E-,A,B-,772.0,239.0
6177,C,F,4,B-,"(0, 3, 5, 9)",V7,E-,A,B-,772.125,239.0
6178,C,F,4,B-,"(0, 3, 5, 9)",V7,E-,A,B-,772.25,239.0
6179,C,F,4,B-,"(0, 3, 5, 9)",V7,E-,A,B-,772.375,239.0
6180,C,F,3,B-,"(0, 3, 5, 9)",V7,E-,A,B-,772.5,240.0
6181,C,F,3,B-,"(0, 3, 5, 9)",V7,E-,A,B-,772.625,240.0
6182,C,F,3,B-,"(0, 3, 5, 9)",V7,E-,A,B-,772.75,240.0
6183,C,F,3,B-,"(0, 3, 5, 9)",V7,E-,A,B-,772.875,240.0
6184,C,F,3,B-,"(0, 3, 5, 9)",V7,E-,A,B-,773.0,240.0
6185,C,F,3,B-,"(0, 3, 5, 9)",V7,E-,A,B-,773.125,240.0
6186,C,F,4,B-,"(0, 3, 5, 9)",V7,E-,A,B-,773.25,240.0
6187,C,F,4,B-,"(0, 3, 5, 9)",V7,E-,A,B-,773.375,240.0
6188,C,F,4,B-,"(0, 3, 5, 9)",V7,E-,A,B-,773.5,240.0
6189,C,F,4,B-,"(0, 3, 5, 9)",V7,E-,A,B-,773.625,240.0
6190,C,F,4,B-,"(0, 3, 5, 9)",V7,E-,A,B-,773.75,240.0
6191,C,F,4,B-,"(0, 3, 5, 9)",V7,E-,A,B-,773.875,240.0
6192,C,F,3,B-,"(0, 3, 5, 9)",V7,E-,A,B-,774.0,241.0
6193,C,F,3,B-,"(0, 3, 5, 9)",V7,E-,A,B-,774.125,241.0
6194,C,F,3,B-,"(0, 3, 5, 9)",V7,E-,A,B-,774.25,241.0
6195,C,F,3,B-,"(0, 3, 5, 9)",V7,E-,A,B-,774.375,241.0
6196,C,F,4,B-,"(0, 3, 5, 9)",V7,E-,A,B-,774.5,241.0
6197,C,F,4,B-,"(0, 3, 5, 9)",V7,E-,A,B-,774.625,241.0
6198,C,F,4,B-,"(0, 3, 5, 9)",V7,E-,A,B-,774.75,241.0
6199,C,F,4,B-,"(0, 3, 5, 9)",V7,E-,A,B-,774.875,241.0
6200,C,F,4,B-,"(0, 3, 5, 9)",V7,E-,A,B-,775.0,241.0
6201,C,F,4,B-,"(0, 3, 5, 9)",V7,E-,A,B-,775.125,241.0
6202,C,F,2,B-,"(0, 3, 5, 9)",V7,E-,A,B-,775.25,241.0
6203,C,F,4,B-,"(0, 3, 5, 9)",V7,E-,A,B-,775.375,241.0
6204,C,F,3,B-,"(0, 3, 5, 9)",V7,E-,A,B-,775.5,242.0
6205,C,F,3,B-,"(0, 3, 5, 9)",V7,E-,A,B-,775.625,242.0
6206,C,F,3,B-,"(0, 3, 5, 9)",V7,E-,A,B-,775.75,242.0
6207,C,F,3,B-,"(0, 3, 5, 9)",V7,E-,A,B-,775.875,242.0
6208,C,F,4,B-,"(0, 3, 5, 9)",V7,E-,A,B-,776.0,242.0
6209,C,F,4,B-,"(0, 3, 5, 9)",V7,E-,A,B-,776.125,242.0
6210,C,F,4,B-,"(0, 3, 5, 9)",V7,E-,A,B-,776.25,242.0
6211,C,F,4,B-,"(0, 3, 5, 9)",V7,E-,A,B-,776.375,242.0
6212,C,F,5,B-,"(0, 3, 5, 9)",V7,E-,A,B-,776.5,242.0
6213,C,F,5,B-,"(0, 3, 5, 9)",V7,E-,A,B-,776.625,242.0
6214,C,F,5,B-,"(0, 3, 5, 9)",V7,E-,A,B-,776.75,242.0
6215,C,F,5,B-,"(0, 3, 5, 9)",V7,E-,A,B-,776.875,242.0
6216,C,F,3,B-,"(0, 3, 5, 9)",V7,E-,A,B-,777.0,243.0
6217,C,F,3,B-,"(0, 3, 5, 9)",V7,E-,A,B-,777.125,243.0
6218,C,F,2,B-,"(0, 3, 5, 9)",V7,E-,A,B-,777.25,243.0
6219,C,F,2,B-,"(0, 3, 5, 9)",V7,E-,A,B-,777.375,243.0
6220,C,F,4,B-,"(0, 3, 5, 9)",V7,E-,A,B-,777.5,243.0
6221,C,F,4,B-,"(0, 3, 5, 9)",V7,E-,A,B-,777.625,243.0
6222,C,F,4,B-,"(0, 3, 5, 9)",V7,E-,A,B-,777.75,243.0
6223,C,F,4,B-,"(0, 3, 5, 9)",V7,E-,A,B-,777.875,243.0
6224,C,F,4,B-,"(0, 3, 5, 9)",V7,E-,A,B-,778.0,243.0
6225,C,F,4,B-,"(0, 3, 5, 9)",V7,E-,A,B-,778.125,243.0
6226,C,F,4,B-,"(0, 3, 5, 9)",V7,E-,A,B-,778.25,243.0
6227,C,F,4,B-,"(0, 3, 5, 9)",V7,E-,A,B-,778.375,243.0
6228,C,F,3,B-,"(0, 3, 5, 9)",V7,E-,A,B-,778.5,244.0
6229,C,F,3,B-,"(0, 3, 5, 9)",V7,E-,A,B-,778.625,244.0
6230,C,F,3,B-,"(0, 3, 5, 9)",V7,E-,A,B-,778.75,244.0
6231,C,F,3,B-,"(0, 3, 5, 9)",V7,E-,A,B-,778.875,244.0
6232,C,F,4,B-,"(0, 3, 5, 9)",V7,E-,A,B-,779.0,244.0
6233,C,F,4,B-,"(0, 3, 5, 9)",V7,E-,A,B-,779.125,244.0
6234,C,F,4,B-,"(0, 3, 5, 9)",V7,E-,A,B-,779.25,244.0
6235,C,F,4,B-,"(0, 3, 5, 9)",V7,E-,A,B-,779.375,244.0
6236,C,F,5,B-,"(0, 3, 5, 9)",V7,E-,A,B-,779.5,244.0
6237,C,F,5,B-,"(0, 3, 5, 9)",V7,E-,A,B-,779.625,244.0
6238,C,F,5,B-,"(0, 3, 5, 9)",V7,E-,A,B-,779.75,244.0
6239,C,F,5,B-,"(0, 3, 5, 9)",V7,E-,A,B-,779.875,244.0
6240,C,F,3,B-,"(0, 3, 5, 9)",V7,E-,A,B-,780.0,245.0
6241,C,F,3,B-,"(0, 3, 5, 9)",V7,E-,A,B-,780.125,245.0
6242,C,F,3,B-,"(0, 3, 5, 9)",V7,E-,A,B-,780.25,245.0
6243,C,F,2,B-,"(0, 3, 5, 9)",V7,E-,A,B-,780.375,245.0
6244,C,F,4,B-,"(0, 3, 5, 9)",V7,E-,A,B-,780.5,245.0
6245,C,F,4,B-,"(0, 3, 5, 9)",V7,E-,A,B-,780.625,245.0
6246,C,F,4,B-,"(0, 3, 5, 9)",V7,E-,A,B-,780.75,245.0
6247,C,F,4,B-,"(0, 3, 5, 9)",V7,E-,A,B-,780.875,245.0
6248,C,F,5,B-,"(0, 3, 5, 9)",V7,E-,A,B-,781.0,245.0
6249,C,F,5,B-,"(0, 3, 5, 9)",V7,E-,A,B-,781.125,245.0
6250,C,F,5,B-,"(0, 3, 5, 9)",V7,E-,A,B-,781.25,245.0
6251,C,F,5,B-,"(0, 3, 5, 9)",V7,E-,A,B-,781.375,245.0
6252,C,F,3,B-,"(0, 3, 5, 9)",V7,E-,A,B-,781.5,246.0
6253,C,F,3,B-,"(0, 3, 5, 9)",V7,E-,A,B-,781.625,246.0
6254,C,F,2,B-,"(0, 3, 5, 9)",V7,E-,A,B-,781.75,246.0
6255,C,F,2,B-,"(0, 3, 5, 9)",V7,E-,A,B-,781.875,246.0
6256,C,F,4,B-,"(0, 3, 5, 9)",V7,E-,A,B-,782.0,246.0
6257,C,F,4,B-,"(0, 3, 5, 9)",V7,E-,A,B-,782.125,246.0
6258,C,F,4,B-,"(0, 3, 5, 9)",V7,E-,A,B-,782.25,246.0
6259,C,F,4,B-,"(0, 3, 5, 9)",V7,E-,A,B-,782.375,246.0
6260,C,F,4,B-,"(0, 3, 5, 9)",V7,E-,A,B-,782.5,246.0
6261,C,F,4,B-,"(0, 3, 5, 9)",V7,E-,A,B-,782.625,246.0
6262,C,F,4,B-,"(0, 3, 5, 9)",V7,E-,A,B-,782.75,246.0
6263,C,F,5,B-,"(0, 3, 5, 9)",V7,E-,A,B-,782.875,246.0
6264,C,F,3,B-,"(0, 3, 5, 9)",V7,E-,A,B-,783.0,247.0
6265,C,F,3,B-,"(0, 3, 5, 9)",V7,E-,A,B-,783.125,247.0
6266,C,F,3,B-,"(0, 3, 5, 9)",V7,E-,A,B-,783.25,247.0
6267,C,F,2,B-,"(0, 3, 5, 9)",V7,E-,A,B-,783.375,247.0
6268,C,F,4,B-,"(0, 3, 5, 9)",V7,E-,A,B-,783.5,247.0
6269,C,F,4,B-,"(0, 3, 5, 9)",V7,E-,A,B-,783.625,247.0
6270,C,F,4,B-,"(0, 3, 5, 9)",V7,E-,A,B-,783.75,247.0
6271,C,F,4,B-,"(0, 3, 5, 9)",V7,E-,A,B-,783.875,247.0
6272,C,F,5,B-,"(0, 3, 5, 9)",V7,E-,A,B-,784.0,247.0
6273,C,F,5,B-,"(0, 3, 5, 9)",V7,E-,A,B-,784.125,247.0
6274,C,F,5,B-,"(0, 3, 5, 9)",V7,E-,A,B-,784.25,247.0
6275,C,F,5,B-,"(0, 3, 5, 9)",V7,E-,A,B-,784.375,247.0
6276,C,F,3,B-,"(0, 3, 5, 9)",V7,E-,A,B-,784.5,248.0
6277,C,F,3,B-,"(0, 3, 5, 9)",V7,E-,A,B-,784.625,248.0
6278,C,F,3,B-,"(0, 3, 5, 9)",V7,E-,A,B-,784.75,248.0
6279,C,F,3,B-,"(0, 3, 5, 9)",V7,E-,A,B-,784.875,248.0
6280,C,F,4,B-,"(0, 3, 5, 9)",V7,E-,A,B-,785.0,248.0
6281,C,F,4,B-,"(0, 3, 5, 9)",V7,E-,A,B-,785.125,248.0
6282,C,F,4,B-,"(0, 3, 5, 9)",V7,E-,A,B-,785.25,248.0
6283,C,F,4,B-,"(0, 3, 5, 9)",V7,E-,A,B-,785.375,248.0
6284,C,F,5,B-,"(0, 3, 5, 9)",V7,E-,A,B-,785.5,248.0
6285,C,F,5,B-,"(0, 3, 5, 9)",V7,E-,A,B-,785.625,248.0
6286,C,F,5,B-,"(0, 3, 5, 9)",V7,E-,A,B-,785.75,248.0
6287,C,F,5,B-,"(0, 3, 5, 9)",V7,E-,A,B-,785.875,248.0
6288,C,F,3,B-,"(0, 3, 5, 9)",V7,E-,A,B-,786.0,249.0
6289,C,F,3,B-,"(0, 3, 5, 9)",V7,E-,A,B-,786.125,249.0
6290,C,F,3,B-,"(0, 3, 5, 9)",V7,E-,A,B-,786.25,249.0
6291,C,F,3,B-,"(0, 3, 5, 9)",V7,E-,A,B-,786.375,249.0
6292,C,F,4,B-,"(0, 3, 5, 9)",V7,E-,A,B-,786.5,249.0
6293,C,F,4,B-,"(0, 3, 5, 9)",V7,E-,A,B-,786.625,249.0
6294,C,F,4,B-,"(0, 3, 5, 9)",V7,E-,A,B-,786.75,249.0
6295,C,F,4,B-,"(0, 3, 5, 9)",V7,E-,A,B-,786.875,249.0
6296,C,F,4,B-,"(0, 3, 5, 9)",V7,E-,A,B-,787.0,249.0
6297,C,F,4,B-,"(0, 3, 5, 9)",V7,E-,A,B-,787.125,249.0
6298,C,F,4,B-,"(0, 3, 5, 9)",V7,E-,A,B-,787.25,249.0
6299,C,F,4,B-,"(0, 3, 5, 9)",V7,E-,A,B-,787.375,249.0
6300,C,F,3,B-,"(0, 3, 5, 9)",V7,E-,A,B-,787.5,250.0
6301,C,F,3,B-,"(0, 3, 5, 9)",V7,E-,A,B-,787.625,250.0
6302,C,F,3,B-,"(0, 3, 5, 9)",V7,E-,A,B-,787.75,250.0
6303,C,F,3,B-,"(0, 3, 5, 9)",V7,E-,A,B-,787.875,250.0
6304,C,F,4,B-,"(0, 3, 5, 9)",V7,E-,A,B-,788.0,250.0
6305,C,F,4,B-,"(0, 3, 5, 9)",V7,E-,A,B-,788.125,250.0
6306,C,F,4,B-,"(0, 3, 5, 9)",V7,E-,A,B-,788.25,250.0
6307,C,F,4,B-,"(0, 3, 5, 9)",V7,E-,A,B-,788.375,250.0
6308,C,F,4,B-,"(0, 3, 5, 9)",V7,E-,A,B-,788.5,250.0
6309,C,F,4,B-,"(0, 3, 5, 9)",V7,E-,A,B-,788.625,250.0
6310,C,F,4,B-,"(0, 3, 5, 9)",V7,E-,A,B-,788.75,250.0
6311,C,F,4,B-,"(0, 3, 5, 9)",V7,E-,A,B-,788.875,250.0
6312,C,F,3,B-,"(0, 3, 5, 9)",V7,E-,A,B-,789.0,251.0
6313,C,F,3,B-,"(0, 3, 5, 9)",V7,E-,A,B-,789.125,251.0
6314,C,F,3,B-,"(0, 3, 5, 9)",V7,E-,A,B-,789.25,251.0
6315,C,F,3,B-,"(0, 3, 5, 9)",V7,E-,A,B-,789.375,251.0
6316,C,F,4,B-,"(0, 3, 5, 9)",V7,E-,A,B-,789.5,251.0
6317,C,F,4,B-,"(0, 3, 5, 9)",V7,E-,A,B-,789.625,251.0
6318,C,F,4,B-,"(0, 3, 5, 9)",V7,E-,A,B-,789.75,251.0
6319,C,F,4,B-,"(0, 3, 5, 9)",V7,E-,A,B-,789.875,251.0
6320,C,F,4,B-,"(0, 3, 5, 9)",V7,E-,A,B-,790.0,251.0
6321,C,F,4,B-,"(0, 3, 5, 9)",V7,E-,A,B-,790.125,251.0
6322,C,F,4,B-,"(0, 3, 5, 9)",V7,E-,A,B-,790.25,251.0
6323,C,F,4,B-,"(0, 3, 5, 9)",V7,E-,A,B-,790.375,251.0
6324,C,F,3,B-,"(0, 3, 5, 9)",V7,E-,A,B-,790.5,252.0
6325,C,F,3,B-,"(0, 3, 5, 9)",V7,E-,A,B-,790.625,252.0
6326,C,F,3,B-,"(0, 3, 5, 9)",V7,E-,A,B-,790.75,252.0
6327,C,F,3,B-,"(0, 3, 5, 9)",V7,E-,A,B-,790.875,252.0
6328,C,F,4,B-,"(0, 3, 5, 9)",V7,E-,A,B-,791.0,252.0
6329,C,F,4,B-,"(0, 3, 5, 9)",V7,E-,A,B-,791.125,252.0
6330,C,F,4,B-,"(0, 3, 5, 9)",V7,E-,A,B-,791.25,252.0
6331,C,F,4,B-,"(0, 3, 5, 9)",V7,E-,A,B-,791.375,252.0
6332,C,F,4,B-,"(0, 3, 5, 9)",V7,E-,A,B-,791.5,252.0
6333,C,F,4,B-,"(0, 3, 5, 9)",V7,E-,A,B-,791.625,252.0
6334,C,F,4,B-,"(0, 3, 5, 9)",V7,E-,A,B-,791.75,252.0
6335,C,F,4,B-,"(0, 3, 5, 9)",V7,E-,A,B-,791.875,252.0
6336,C,F,6,B-,"(0, 3, 5, 9)",V7,E-,A,B-,792.0,253.0
6337,C,F,6,B-,"(0, 3, 5, 9)",V7,E-,A,B-,792.125,253.0
6338,C,F,3,B-,"(0, 3, 5, 9)",V7,E-,A,B-,792.25,253.0
6339,C,F,3,B-,"(0, 3, 5, 9)",V7,E-,A,B-,792.375,253.0
6340,C,F,4,B-,"(0, 3, 5, 9)",V7,E-,A,B-,792.5,253.0
6341,C,F,4,B-,"(0, 3, 5, 9)",V7,E-,A,B-,792.625,253.0
6342,C,F,4,B-,"(0, 3, 5, 9)",V7,E-,A,B-,792.75,253.0
6343,C,F,4,B-,"(0, 3, 5, 9)",V7,E-,A,B-,792.875,253.0
6344,C,F,4,B-,"(0, 3, 5, 9)",V7,E-,A,B-,793.0,253.0
6345,C,F,4,B-,"(0, 3, 5, 9)",V7,E-,A,B-,793.125,253.0
6346,C,F,4,B-,"(0, 3, 5, 9)",V7,E-,A,B-,793.25,253.0
6347,C,F,4,B-,"(0, 3, 5, 9)",V7,E-,A,B-,793.375,253.0
6348,C,F,3,B-,"(0, 3, 5, 9)",V7,E-,A,B-,793.5,254.0
6349,C,F,3,B-,"(0, 3, 5, 9)",V7,E-,A,B-,793.625,254.0
6350,C,F,3,B-,"(0, 3, 5, 9)",V7,E-,A,B-,793.75,254.0
6351,C,F,3,B-,"(0, 3, 5, 9)",V7,E-,A,B-,793.875,254.0
6352,C,F,4,B-,"(0, 3, 5, 9)",V7,E-,A,B-,794.0,254.0
6353,C,F,4,B-,"(0, 3, 5, 9)",V7,E-,A,B-,794.125,254.0
6354,C,F,4,B-,"(0, 3, 5, 9)",V7,E-,A,B-,794.25,254.0
6355,C,F,4,B-,"(0, 3, 5, 9)",V7,E-,A,B-,794.375,254.0
6356,C,F,4,B-,"(0, 3, 5, 9)",V7,E-,A,B-,794.5,254.0
6357,C,F,4,B-,"(0, 3, 5, 9)",V7,E-,A,B-,794.625,254.0
6358,C,F,4,B-,"(0, 3, 5, 9)",V7,E-,A,B-,794.75,254.0
6359,C,F,4,B-,"(0, 3, 5, 9)",V7,E-,A,B-,794.875,254.0
6360,C,F,3,B-,"(0, 3, 5, 9)",V7,E-,A,B-,795.0,255.0
6361,C,F,3,B-,"(0, 3, 5, 9)",V7,E-,A,B-,795.125,255.0
6362,C,F,3,B-,"(0, 3, 5, 9)",V7,E-,A,B-,795.25,255.0
6363,C,F,3,B-,"(0, 3, 5, 9)",V7,E-,A,B-,795.375,255.0
6364,C,F,4,B-,"(0, 3, 5, 9)",V7,E-,A,B-,795.5,255.0
6365,C,F,4,B-,"(0, 3, 5, 9)",V7,E-,A,B-,795.625,255.0
6366,C,F,4,B-,"(0, 3, 5, 9)",V7,E-,A,B-,795.75,255.0
6367,C,F,4,B-,"(0, 3, 5, 9)",V7,E-,A,B-,795.875,255.0
6368,C,F,4,B-,"(0, 3, 5, 9)",V7,E-,A,B-,796.0,255.0
6369,C,F,4,B-,"(0, 3, 5, 9)",V7,E-,A,B-,796.125,255.0
6370,C,F,4,B-,"(0, 3, 5, 9)",V7,E-,A,B-,796.25,255.0
6371,C,F,4,B-,"(0, 3, 5, 9)",V7,E-,A,B-,796.375,255.0
6372,C,F,6,B-,"(0, 3, 5, 9)",V7,E-,A,B-,796.5,256.0
6373,C,F,6,B-,"(0, 3, 5, 9)",V7,E-,A,B-,796.625,256.0
6374,C,F,3,B-,"(0, 3, 5, 9)",V7,E-,A,B-,796.75,256.0
6375,C,F,3,B-,"(0, 3, 5, 9)",V7,E-,A,B-,796.875,256.0
6376,C,F,4,B-,"(0, 3, 5, 9)",V7,E-,A,B-,797.0,256.0
6377,C,F,4,B-,"(0, 3, 5, 9)",V7,E-,A,B-,797.125,256.0
6378,C,F,4,B-,"(0, 3, 5, 9)",V7,E-,A,B-,797.25,256.0
6379,C,F,4,B-,"(0, 3, 5, 9)",V7,E-,A,B-,797.375,256.0
6380,C,F,4,B-,"(0, 3, 5, 9)",V7,E-,A,B-,797.5,256.0
6381,C,F,4,B-,"(0, 3, 5, 9)",V7,E-,A,B-,797.625,256.0
6382,C,F,4,B-,"(0, 3, 5, 9)",V7,E-,A,B-,797.75,256.0
6383,C,F,4,B-,"(0, 3, 5, 9)",V7,E-,A,B-,797.875,256.0
6384,C,F,6,B-,"(0, 3, 5, 9)",V7,E-,A,B-,798.0,257.0
6385,C,F,6,B-,"(0, 3, 5, 9)",V7,E-,A,B-,798.125,257.0
6386,C,F,6,B-,"(0, 3, 5, 9)",V7,E-,A,B-,798.25,257.0
6387,C,F,3,B-,"(0, 3, 5, 9)",V7,E-,A,B-,798.375,257.0
6388,C,F,4,B-,"(0, 3, 5, 9)",V7,E-,A,B-,798.5,257.0
6389,C,F,4,B-,"(0, 3, 5, 9)",V7,E-,A,B-,798.625,257.0
6390,C,F,4,B-,"(0, 3, 5, 9)",V7,E-,A,B-,798.75,257.0
6391,C,F,4,B-,"(0, 3, 5, 9)",V7,E-,A,B-,798.875,257.0
6392,C,F,6,B-,"(0, 3, 5, 9)",V7,E-,A,B-,799.0,257.0
6393,C,F,6,B-,"(0, 3, 5, 9)",V7,E-,A,B-,799.125,257.0
6394,C,F,4,B-,"(0, 3, 5, 9)",V7,E-,A,B-,799.25,257.0
6395,C,F,4,B-,"(0, 3, 5, 9)",V7,E-,A,B-,799.375,257.0
6396,C,F,6,B-,"(0, 3, 5, 9)",V7,E-,A,B-,799.5,258.0
6397,C,F,6,B-,"(0, 3, 5, 9)",V7,E-,A,B-,799.625,258.0
6398,C,F,6,B-,"(0, 3, 5, 9)",V7,E-,A,B-,799.75,258.0
6399,C,F,3,B-,"(0, 3, 5, 9)",V7,E-,A,B-,799.875,258.0
6400,B-,F,4,B-,"(0, 3, 5, 9)",V7,B-,G,B-,800.0,258.0
6401,B-,F,4,B-,"(0, 3, 5, 9)",V7,B-,G,B-,800.125,258.0
6402,B-,F,4,B-,"(0, 3, 5, 9)",V7,B-,A,B-,800.25,258.0
6403,B-,F,4,B-,"(0, 3, 5, 9)",V7,B-,A,B-,800.375,258.0
6404,C,F,4,B-,"(0, 3, 5, 9)",V7,B-,A,B-,800.5,258.0
6405,C,F,4,B-,"(0, 3, 5, 9)",V7,B-,A,B-,800.625,258.0
6406,C,F,4,B-,"(0, 3, 5, 9)",V7,B-,A,B-,800.75,258.0
6407,C,F,4,B-,"(0, 3, 5, 9)",V7,B-,A,B-,800.875,258.0
6408,C,F,3,B-,"(0, 3, 5, 9)",V7,B-,A,B-,801.0,259.0
6409,C,F,3,B-,"(0, 3, 5, 9)",V7,B-,A,B-,801.125,259.0
6410,C,F,3,B-,"(0, 3, 5, 9)",V7,B-,A,B-,801.25,259.0
6411,C,F,3,B-,"(0, 3, 5, 9)",V7,B-,A,B-,801.375,259.0
6412,C,F,4,B-,"(0, 3, 5, 9)",V7,B-,A,B-,801.5,259.0
6413,C,F,4,B-,"(0, 3, 5, 9)",V7,B-,A,B-,801.625,259.0
6414,C,F,4,B-,"(0, 3, 5, 9)",V7,B-,A,B-,801.75,259.0
6415,C,F,4,B-,"(0, 3, 5, 9)",V7,B-,A,B-,801.875,259.0
6416,C,F,4,B-,"(0, 3, 5, 9)",V7,B-,A,B-,802.0,259.0
6417,C,F,4,B-,"(0, 3, 5, 9)",V7,B-,A,B-,802.125,259.0
6418,C,F,2,B-,"(0, 3, 5, 9)",V7,B-,A,B-,802.25,259.0
6419,C,F,4,B-,"(0, 3, 5, 9)",V7,B-,A,B-,802.375,259.0
6420,C,F,3,B-,"(0, 3, 5, 9)",V7,B-,A,B-,802.5,260.0
6421,C,F,3,B-,"(0, 3, 5, 9)",V7,B-,A,B-,802.625,260.0
6422,C,F,3,B-,"(0, 3, 5, 9)",V7,B-,A,B-,802.75,260.0
6423,C,F,3,B-,"(0, 3, 5, 9)",V7,B-,A,B-,802.875,260.0
6424,C,F,4,B-,"(0, 3, 5, 9)",V7,B-,A,B-,803.0,260.0
6425,C,F,4,B-,"(0, 3, 5, 9)",V7,B-,A,B-,803.125,260.0
6426,C,F,4,B-,"(0, 3, 5, 9)",V7,B-,A,B-,803.25,260.0
6427,C,F,4,B-,"(0, 3, 5, 9)",V7,B-,A,B-,803.375,260.0
6428,C,F,0,B-,"(0, 3, 5, 9)",V7,B-,A,B-,803.5,260.0
6429,C,F,4,B-,"(0, 3, 5, 9)",V7,B-,A,B-,803.625,260.0
6430,C,F,2,B-,"(0, 3, 5, 9)",V7,B-,A,B-,803.75,260.0
6431,C,F,4,B-,"(0, 3, 5, 9)",V7,B-,A,B-,803.875,260.0
6432,C,F,3,B-,"(0, 3, 5, 9)",V7,B-,A,B-,804.0,261.0
6433,C,F,3,B-,"(0, 3, 5, 9)",V7,B-,A,B-,804.125,261.0
6434,C,F,3,B-,"(0, 3, 5, 9)",V7,B-,A,B-,804.25,261.0
6435,C,F,3,B-,"(0, 3, 5, 9)",V7,B-,A,B-,804.375,261.0
6436,C,F,4,B-,"(0, 3, 5, 9)",V7,B-,A,B-,804.5,261.0
6437,C,F,4,B-,"(0, 3, 5, 9)",V7,B-,A,B-,804.625,261.0
6438,C,F,4,B-,"(0, 3, 5, 9)",V7,B-,A,B-,804.75,261.0
6439,C,F,4,B-,"(0, 3, 5, 9)",V7,B-,A,B-,804.875,261.0
6440,C,F,0,B-,"(0, 3, 5, 9)",V7,B-,A,B-,805.0,261.0
6441,C,F,4,B-,"(0, 3, 5, 9)",V7,B-,A,B-,805.125,261.0
6442,C,F,2,B-,"(0, 3, 5, 9)",V7,B-,A,B-,805.25,261.0
6443,C,F,4,B-,"(0, 3, 5, 9)",V7,B-,A,B-,805.375,261.0
6444,C,F,3,B-,"(0, 3, 5, 9)",V7,B-,A,B-,805.5,262.0
6445,C,F,3,B-,"(0, 3, 5, 9)",V7,B-,A,B-,805.625,262.0
6446,C,F,3,B-,"(0, 3, 5, 9)",V7,B-,A,B-,805.75,262.0
6447,C,F,3,B-,"(0, 3, 5, 9)",V7,B-,A,B-,805.875,262.0
6448,C,F,4,B-,"(0, 3, 5, 9)",V7,B-,A,B-,806.0,262.0
6449,C,F,4,B-,"(0, 3, 5, 9)",V7,B-,A,B-,806.125,262.0
6450,C,F,4,B-,"(0, 3, 5, 9)",V7,B-,A,B-,806.25,262.0
6451,C,F,4,B-,"(0, 3, 5, 9)",V7,B-,A,B-,806.375,262.0
6452,C,F,0,B-,"(0, 3, 5, 9)",V7,B-,A,B-,806.5,262.0
6453,C,F,4,B-,"(0, 3, 5, 9)",V7,B-,A,B-,806.625,262.0
6454,C,F,2,B-,"(0, 3, 5, 9)",V7,B-,A,B-,806.75,262.0
6455,C,F,4,B-,"(0, 3, 5, 9)",V7,B-,A,B-,806.875,262.0
6456,C,F,3,B-,"(0, 3, 5, 9)",V7,B-,A,B-,807.0,263.0
6457,C,F,3,B-,"(0, 3, 5, 9)",V7,B-,A,B-,807.125,263.0
6458,C,F,3,B-,"(0, 3, 5, 9)",V7,B-,A,B-,807.25,263.0
6459,C,F,3,B-,"(0, 3, 5, 9)",V7,B-,A,B-,807.375,263.0
6460,C,F,4,B-,"(0, 3, 5, 9)",V7,B-,A,B-,807.5,263.0
6461,C,F,4,B-,"(0, 3, 5, 9)",V7,B-,A,B-,807.625,263.0
6462,C,F,4,B-,"(0, 3, 5, 9)",V7,B-,A,B-,807.75,263.0
6463,C,F,4,B-,"(0, 3, 5, 9)",V7,B-,A,B-,807.875,263.0
6464,C,F,0,B-,"(0, 3, 5, 9)",V7,B-,A,B-,808.0,263.0
6465,C,F,4,B-,"(0, 3, 5, 9)",V7,B-,A,B-,808.125,263.0
6466,C,F,2,B-,"(0, 3, 5, 9)",V7,B-,A,B-,808.25,263.0
6467,C,F,4,B-,"(0, 3, 5, 9)",V7,B-,A,B-,808.375,263.0
6468,C,F,3,B-,"(0, 3, 5, 9)",V7,B-,A,B-,808.5,264.0
6469,C,F,3,B-,"(0, 3, 5, 9)",V7,B-,A,B-,808.625,264.0
6470,C,F,3,B-,"(0, 3, 5, 9)",V7,B-,A,B-,808.75,264.0
6471,C,F,3,B-,"(0, 3, 5, 9)",V7,B-,A,B-,808.875,264.0
6472,C,F,4,B-,"(0, 3, 5, 9)",V7,B-,A,B-,809.0,264.0
6473,C,F,4,B-,"(0, 3, 5, 9)",V7,B-,A,B-,809.125,264.0
6474,C,F,4,B-,"(0, 3, 5, 9)",V7,B-,A,B-,809.25,264.0
6475,C,F,4,B-,"(0, 3, 5, 9)",V7,B-,A,B-,809.375,264.0
6476,C,F,0,B-,"(0, 3, 5, 9)",V7,B-,A,B-,809.5,264.0
6477,C,F,4,B-,"(0, 3, 5, 9)",V7,B-,A,B-,809.625,264.0
6478,C,F,2,B-,"(0, 3, 5, 9)",V7,B-,A,B-,809.75,264.0
6479,C,F,4,B-,"(0, 3, 5, 9)",V7,B-,A,B-,809.875,264.0
6480,C,F,3,B-,"(0, 3, 5, 9)",V7,B-,A,B-,810.0,265.0
6481,C,F,3,B-,"(0, 3, 5, 9)",V7,B-,A,B-,810.125,265.0
6482,C,F,3,B-,"(0, 3, 5, 9)",V7,B-,A,B-,810.25,265.0
6483,C,F,3,B-,"(0, 3, 5, 9)",V7,B-,A,B-,810.375,265.0
6484,C,F,4,B-,"(0, 3, 5, 9)",V7,B-,A,B-,810.5,265.0
6485,C,F,4,B-,"(0, 3, 5, 9)",V7,B-,A,B-,810.625,265.0
6486,C,F,4,B-,"(0, 3, 5, 9)",V7,B-,A,B-,810.75,265.0
6487,C,F,4,B-,"(0, 3, 5, 9)",V7,B-,A,B-,810.875,265.0
6488,C,F,0,B-,"(0, 3, 5, 9)",V7,B-,A,B-,811.0,265.0
6489,C,F,4,B-,"(0, 3, 5, 9)",V7,B-,A,B-,811.125,265.0
6490,C,F,2,B-,"(0, 3, 5, 9)",V7,B-,A,B-,811.25,265.0
6491,C,F,4,B-,"(0, 3, 5, 9)",V7,B-,A,B-,811.375,265.0
6492,C,F,3,B-,"(0, 3, 5, 9)",V7,B-,A,B-,811.5,266.0
6493,C,F,3,B-,"(0, 3, 5, 9)",V7,B-,A,B-,811.625,266.0
6494,C,F,3,B-,"(0, 3, 5, 9)",V7,B-,A,B-,811.75,266.0
6495,C,F,3,B-,"(0, 3, 5, 9)",V7,B-,A,B-,811.875,266.0
6496,C,F,4,B-,"(0, 3, 5, 9)",V7,B-,A,B-,812.0,266.0
6497,C,F,4,B-,"(0, 3, 5, 9)",V7,B-,A,B-,812.125,266.0
6498,C,F,4,B-,"(0, 3, 5, 9)",V7,B-,A,B-,812.25,266.0
6499,C,F,4,B-,"(0, 3, 5, 9)",V7,B-,A,B-,812.375,266.0
6500,C,F,0,B-,"(0, 3, 5, 9)",V7,B-,A,B-,812.5,266.0
6501,C,F,4,B-,"(0, 3, 5, 9)",V7,B-,A,B-,812.625,266.0
6502,C,F,2,B-,"(0, 3, 5, 9)",V7,B-,A,B-,812.75,266.0
6503,C,F,4,B-,"(0, 3, 5, 9)",V7,B-,A,B-,812.875,266.0
6504,C,F,3,B-,"(0, 3, 5, 9)",V7,B-,A,B-,813.0,267.0
6505,C,F,3,B-,"(0, 3, 5, 9)",V7,B-,A,B-,813.125,267.0
6506,C,F,3,B-,"(0, 3, 5, 9)",V7,B-,A,B-,813.25,267.0
6507,C,F,3,B-,"(0, 3, 5, 9)",V7,B-,A,B-,813.375,267.0
6508,C,F,4,B-,"(0, 3, 5, 9)",V7,B-,A,B-,813.5,267.0
6509,C,F,4,B-,"(0, 3, 5, 9)",V7,B-,A,B-,813.625,267.0
6510,C,F,4,B-,"(0, 3, 5, 9)",V7,B-,A,B-,813.75,267.0
6511,C,F,4,B-,"(0, 3, 5, 9)",V7,B-,A,B-,813.875,267.0
6512,C,F,0,B-,"(0, 3, 5, 9)",V7,B-,A,B-,814.0,267.0
6513,C,F,4,B-,"(0, 3, 5, 9)",V7,B-,A,B-,814.125,267.0
6514,C,F,2,B-,"(0, 3, 5, 9)",V7,B-,A,B-,814.25,267.0
6515,C,F,4,B-,"(0, 3, 5, 9)",V7,B-,A,B-,814.375,267.0
6516,C,F,3,B-,"(0, 3, 5, 9)",V7,B-,A,B-,814.5,268.0
6517,C,F,3,B-,"(0, 3, 5, 9)",V7,B-,A,B-,814.625,268.0
6518,C,F,3,B-,"(0, 3, 5, 9)",V7,B-,A,B-,814.75,268.0
6519,C,F,3,B-,"(0, 3, 5, 9)",V7,B-,A,B-,814.875,268.0
6520,C,F,4,B-,"(0, 3, 5, 9)",V7,B-,A,B-,815.0,268.0
6521,C,F,4,B-,"(0, 3, 5, 9)",V7,B-,A,B-,815.125,268.0
6522,C,F,4,B-,"(0, 3, 5, 9)",V7,B-,A,B-,815.25,268.0
6523,C,F,4,B-,"(0, 3, 5, 9)",V7,B-,A,B-,815.375,268.0
6524,C,F,0,B-,"(0, 3, 5, 9)",V7,B-,A,B-,815.5,268.0
6525,F,F,4,B-,"(0, 3, 5, 9)",V7,B-,A,B-,815.625,268.0
6526,F,F,2,B-,"(0, 3, 5, 9)",V7,B-,A,B-,815.75,268.0
6527,F,F,4,B-,"(0, 3, 5, 9)",V7,B-,A,B-,815.875,268.0
6528,F,F,3,B-,"(0, 3, 5, 9)",V7,B-,A,B-,816.0,269.0
6529,F,F,3,B-,"(0, 3, 5, 9)",V7,B-,A,B-,816.125,269.0
6530,F,F,2,B-,"(0, 3, 5, 9)",V7,B-,A,B-,816.25,269.0
6531,F,F,2,B-,"(0, 3, 5, 9)",V7,B-,A,B-,816.375,269.0
6532,F,F,3,B-,"(0, 3, 5, 9)",V7,B-,A,B-,816.5,269.0
6533,F,F,2,B-,"(0, 3, 5, 9)",V7,B-,A,B-,816.625,269.0
6534,F,F,3,B-,"(0, 3, 5, 9)",V7,B-,A,B-,816.75,269.0
6535,F,F,3,B-,"(0, 3, 5, 9)",V7,B-,A,B-,816.875,269.0
6536,F,F,4,B-,"(0, 3, 5, 9)",V7,B-,A,B-,817.0,269.0
6537,F,F,4,B-,"(0, 3, 5, 9)",V7,B-,A,B-,817.125,269.0
6538,F,F,4,B-,"(0, 3, 5, 9)",V7,B-,A,B-,817.25,269.0
6539,F,F,4,B-,"(0, 3, 5, 9)",V7,B-,A,B-,817.375,269.0
6540,F,B-,0,B-,"(2, 5, 10)",V7,B-,D,B-,817.5,270.0
6541,F,B-,3,B-,"(2, 5, 10)",V7,B-,D,B-,817.625,270.0
6542,F,B-,3,B-,"(2, 5, 10)",V7,B-,D,B-,817.75,270.0
6543,F,B-,2,B-,"(2, 5, 10)",V7,B-,D,B-,817.875,270.0
6544,F,B-,3,B-,"(2, 5, 10)",V7,B-,D,B-,818.0,270.0
6545,F,B-,3,B-,"(2, 5, 10)",V7,B-,D,B-,818.125,270.0
6546,F,B-,3,B-,"(2, 5, 10)",V7,B-,D,B-,818.25,270.0
6547,F,B-,3,B-,"(2, 5, 10)",V7,B-,D,B-,818.375,270.0
6548,F,B-,0,B-,"(0, 3, 5, 9)",V7,B-,D,B-,818.5,270.0
6549,F,F,4,B-,"(0, 3, 5, 9)",V7,B-,D,B-,818.625,270.0
6550,F,F,2,B-,"(0, 3, 5, 9)",V7,B-,D,B-,818.75,270.0
6551,F,F,4,B-,"(0, 3, 5, 9)",V7,B-,D,B-,818.875,270.0
6552,F,F,3,B-,"(0, 3, 5, 9)",V7,B-,D,B-,819.0,271.0
6553,F,F,3,B-,"(0, 3, 5, 9)",V7,B-,D,B-,819.125,271.0
6554,F,F,3,B-,"(0, 3, 5, 9)",V7,B-,A,B-,819.25,271.0
6555,F,F,3,B-,"(0, 3, 5, 9)",V7,B-,A,B-,819.375,271.0
6556,F,F,4,B-,"(0, 3, 5, 9)",V7,B-,A,B-,819.5,271.0
6557,F,F,4,B-,"(0, 3, 5, 9)",V7,B-,A,B-,819.625,271.0
6558,F,F,4,B-,"(0, 3, 5, 9)",V7,B-,A,B-,819.75,271.0
6559,F,F,4,B-,"(0, 3, 5, 9)",V7,B-,A,B-,819.875,271.0
6560,C,F,4,B-,"(0, 3, 5, 9)",V7,B-,A,B-,820.0,271.0
6561,C,F,4,B-,"(0, 3, 5, 9)",V7,B-,A,B-,820.125,271.0
6562,C,F,2,B-,"(0, 3, 5, 9)",V7,B-,A,B-,820.25,271.0
6563,C,F,4,B-,"(0, 3, 5, 9)",V7,B-,A,B-,820.375,271.0
6564,C,F,0,B-,"(0, 3, 5, 9)",V7,E-,A,B-,820.5,272.0
6565,C,F,3,B-,"(0, 3, 5, 9)",V7,E-,A,B-,820.625,272.0
6566,C,F,3,B-,"(0, 3, 5, 9)",V7,E-,A,B-,820.75,272.0
6567,C,F,2,B-,"(0, 3, 5, 9)",V7,E-,A,B-,820.875,272.0
6568,C,F,3,B-,"(0, 3, 5, 9)",V7,E-,A,B-,821.0,272.0
6569,C,F,3,B-,"(0, 3, 5, 9)",V7,E-,A,B-,821.125,272.0
6570,C,F,3,B-,"(0, 3, 5, 9)",V7,E-,A,B-,821.25,272.0
6571,C,F,3,B-,"(0, 3, 5, 9)",V7,E-,A,B-,821.375,272.0
6572,C,F,4,B-,"(0, 3, 5, 9)",V7,E-,A,B-,821.5,272.0
6573,C,F,4,B-,"(0, 3, 5, 9)",V7,E-,A,B-,821.625,272.0
6574,C,F,2,B-,"(0, 3, 5, 9)",V7,E-,A,B-,821.75,272.0
6575,C,F,4,B-,"(0, 3, 5, 9)",V7,E-,A,B-,821.875,272.0
6576,C,F,3,B-,"(0, 3, 5, 9)",V7,E-,A,B-,822.0,273.0
6577,C,F,3,B-,"(0, 3, 5, 9)",V7,E-,A,B-,822.125,273.0
6578,C,F,3,B-,"(0, 3, 5, 9)",V7,E-,A,B-,822.25,273.0
6579,C,F,2,B-,"(0, 3, 5, 9)",V7,E-,A,B-,822.375,273.0
6580,C,F,4,B-,"(0, 3, 5, 9)",V7,E-,A,B-,822.5,273.0
6581,C,F,4,B-,"(0, 3, 5, 9)",V7,E-,A,B-,822.625,273.0
6582,C,F,4,B-,"(0, 3, 5, 9)",V7,E-,A,B-,822.75,273.0
6583,C,F,4,B-,"(0, 3, 5, 9)",V7,E-,A,B-,822.875,273.0
6584,C,F,4,B-,"(0, 3, 5, 9)",V7,E-,A,B-,823.0,273.0
6585,C,F,4,B-,"(0, 3, 5, 9)",V7,E-,A,B-,823.125,273.0
6586,C,F,2,B-,"(0, 3, 5, 9)",V7,E-,A,B-,823.25,273.0
6587,C,F,4,B-,"(0, 3, 5, 9)",V7,E-,A,B-,823.375,273.0
6588,C,F,3,B-,"(0, 3, 5, 9)",V7,E-,A,B-,823.5,274.0
6589,C,F,3,B-,"(0, 3, 5, 9)",V7,E-,A,B-,823.625,274.0
6590,C,F,3,B-,"(0, 3, 5, 9)",V7,E-,A,B-,823.75,274.0
6591,C,F,3,B-,"(0, 3, 5, 9)",V7,E-,A,B-,823.875,274.0
6592,C,F,4,B-,"(0, 3, 5, 9)",V7,E-,A,B-,824.0,274.0
6593,C,F,4,B-,"(0, 3, 5, 9)",V7,E-,A,B-,824.125,274.0
6594,C,F,4,B-,"(0, 3, 5, 9)",V7,E-,A,B-,824.25,274.0
6595,C,F,4,B-,"(0, 3, 5, 9)",V7,E-,A,B-,824.375,274.0
6596,C,F,4,B-,"(0, 3, 5, 9)",V7,E-,A,B-,824.5,274.0
6597,C,F,4,B-,"(0, 3, 5, 9)",V7,E-,A,B-,824.625,274.0
6598,C,F,2,B-,"(0, 3, 5, 9)",V7,E-,A,B-,824.75,274.0
6599,C,F,4,B-,"(0, 3, 5, 9)",V7,E-,A,B-,824.875,274.0
6600,C,F,3,B-,"(0, 3, 5, 9)",V7,E-,A,B-,825.0,275.0
6601,C,F,3,B-,"(0, 3, 5, 9)",V7,E-,A,B-,825.125,275.0
6602,C,F,3,B-,"(0, 3, 5, 9)",V7,E-,A,B-,825.25,275.0
6603,C,F,2,B-,"(0, 3, 5, 9)",V7,E-,A,B-,825.375,275.0
6604,C,F,4,B-,"(0, 3, 5, 9)",V7,E-,A,B-,825.5,275.0
6605,C,F,4,B-,"(0, 3, 5, 9)",V7,E-,A,B-,825.625,275.0
6606,C,F,4,B-,"(0, 3, 5, 9)",V7,E-,A,B-,825.75,275.0
6607,C,F,4,B-,"(0, 3, 5, 9)",V7,E-,A,B-,825.875,275.0
6608,C,F,4,B-,"(0, 3, 5, 9)",V7,B-,A,B-,826.0,275.0
6609,C,F,4,B-,"(2, 5, 10)",V7,B-,A,B-,826.125,275.0
6610,C,F,4,B-,"(2, 5, 10)",V7,B-,A,B-,826.25,275.0
6611,C,F,4,B-,"(2, 5, 10)",V7,B-,A,B-,826.375,275.0
6612,F,B-,3,B-,"(2, 5, 10)",I,B-,D,B-,826.5,276.0
6613,F,B-,3,B-,"(2, 5, 10)",I,B-,D,B-,826.625,276.0
6614,F,B-,3,B-,"(2, 5, 10)",I,B-,D,B-,826.75,276.0
6615,F,B-,2,B-,"(2, 5, 10)",I,B-,D,B-,826.875,276.0
6616,F,B-,3,B-,"(2, 5, 10)",I,B-,D,B-,827.0,276.0
6617,F,B-,3,B-,"(2, 5, 10)",I,B-,D,B-,827.125,276.0
6618,F,B-,3,B-,"(2, 5, 10)",I,B-,D,B-,827.25,276.0
6619,F,B-,3,B-,"(2, 5, 10)",I,B-,D,B-,827.375,276.0
6620,F,B-,4,B-,"(2, 5, 10)",I,B-,D,B-,827.5,276.0
6621,B-,B-,4,B-,"(2, 5, 10)",I,B-,D,B-,827.625,276.0
6622,B-,B-,2,B-,"(2, 5, 10)",I,B-,D,B-,827.75,276.0
6623,B-,B-,4,B-,"(2, 5, 10)",I,B-,D,B-,827.875,276.0
6624,B-,B-,0,B-,"(2, 5, 10)",I,B-,G,B-,828.0,277.0
6625,B-,B-,1,B-,"(2, 5, 10)",I,B-,G,B-,828.125,277.0
6626,B-,B-,3,B-,"(2, 5, 10)",I,B-,G,B-,828.25,277.0
6627,B-,B-,2,B-,"(2, 5, 10)",I,B-,G,B-,828.375,277.0
6628,B-,B-,3,B-,"(2, 5, 10)",I,B-,G,B-,828.5,277.0
6629,B-,B-,3,B-,"(2, 5, 10)",I,B-,G,B-,828.625,277.0
6630,B-,B-,3,B-,"(2, 5, 10)",I,B-,G,B-,828.75,277.0
6631,B-,B-,3,B-,"(2, 5, 10)",I,B-,G,B-,828.875,277.0
6632,B-,E-,4,B-,"(2, 5, 10)",I,E-,G,B-,829.0,277.0
6633,B-,E-,4,B-,"(2, 5, 10)",I,E-,G,B-,829.125,277.0
6634,B-,E-,2,B-,"(2, 5, 10)",I,E-,G,B-,829.25,277.0
6635,B-,E-,4,B-,"(2, 5, 10)",I,E-,G,B-,829.375,277.0
6636,B-,E-,0,B-,"(3, 7, 10)",IV,E-,G,B-,829.5,278.0
6637,B-,E-,3,B-,"(3, 7, 10)",IV,E-,G,B-,829.625,278.0
6638,B-,E-,2,B-,"(3, 7, 10)",IV,E-,G,B-,829.75,278.0
6639,B-,E-,2,B-,"(3, 7, 10)",IV,E-,G,B-,829.875,278.0
6640,B-,E-,3,B-,"(3, 7, 10)",IV,E-,G,B-,830.0,278.0
6641,B-,E-,3,B-,"(3, 7, 10)",IV,E-,G,B-,830.125,278.0
6642,B-,E-,3,B-,"(3, 7, 10)",IV,E-,G,B-,830.25,278.0
6643,B-,E-,3,B-,"(3, 7, 10)",IV,E-,G,B-,830.375,278.0
6644,B-,E-,4,B-,"(3, 7, 10)",I,E-,G,B-,830.5,278.0
6645,B-,E-,4,B-,"(3, 7, 10)",I,E-,G,B-,830.625,278.0
6646,B-,E-,2,B-,"(3, 7, 10)",I,E-,G,B-,830.75,278.0
6647,B-,E-,4,B-,"(3, 7, 10)",I,E-,G,B-,830.875,278.0
6648,B-,E-,3,B-,"(3, 7, 10)",I,E-,G,B-,831.0,279.0
6649,B-,E-,3,B-,"(3, 7, 10)",I,E-,G,B-,831.125,279.0
6650,B-,E-,3,B-,"(3, 7, 10)",I,E-,G,B-,831.25,279.0
6651,B-,E-,2,B-,"(3, 7, 10)",I,E-,G,B-,831.375,279.0
6652,B-,E-,4,B-,"(3, 7, 10)",I,E-,B-,B-,831.5,279.0
6653,B-,E-,4,B-,"(3, 7, 10)",I,E-,B-,B-,831.625,279.0
6654,B-,E-,4,B-,"(2, 5, 10)",I,E-,B-,B-,831.75,279.0
6655,B-,E-,4,B-,"(2, 5, 10)",I,E-,B-,B-,831.875,279.0
6656,B-,B-,0,B-,"(2, 5, 10)",I,E-,B-,B-,832.0,279.0
6657,B-,B-,1,B-,"(2, 5, 10)",I,E-,B-,B-,832.125,279.0
6658,B-,B-,2,B-,"(2, 5, 10)",I,E-,B-,B-,832.25,279.0
6659,B-,B-,4,B-,"(2, 5, 10)",I,E-,B-,B-,832.375,279.0
6660,F,B-,0,B-,"(2, 5, 10)",I,B-,B-,B-,832.5,280.0
6661,F,B-,1,B-,"(2, 5, 10)",I,B-,B-,B-,832.625,280.0
6662,F,B-,3,B-,"(2, 5, 10)",I,B-,B-,B-,832.75,280.0
6663,F,B-,3,B-,"(2, 5, 10)",I,B-,B-,B-,832.875,280.0
6664,F,B-,4,B-,"(2, 5, 10)",I,B-,B-,B-,833.0,280.0
6665,F,B-,4,B-,"(2, 5, 10)",I,B-,B-,B-,833.125,280.0
6666,F,B-,4,B-,"(2, 5, 10)",I,B-,B-,B-,833.25,280.0
6667,F,B-,4,B-,"(2, 5, 10)",I,B-,B-,B-,833.375,280.0
6668,F,B-,4,B-,"(2, 5, 10)",I,B-,B-,B-,833.5,280.0
6669,F,B-,4,B-,"(2, 5, 10)",I,B-,D,B-,833.625,280.0
6670,F,B-,2,B-,"(2, 5, 10)",I,B-,D,B-,833.75,280.0
6671,F,B-,4,B-,"(2, 5, 10)",I,B-,D,B-,833.875,280.0
6672,F,B-,0,B-,"(2, 5, 10)",I,B-,D,B-,834.0,281.0
6673,F,B-,1,B-,"(2, 5, 10)",I,B-,D,B-,834.125,281.0
6674,F,B-,3,B-,"(2, 5, 10)",I,B-,D,B-,834.25,281.0
6675,F,B-,2,B-,"(2, 5, 10)",I,B-,D,B-,834.375,281.0
6676,F,B-,3,B-,"(2, 5, 10)",I,B-,D,B-,834.5,281.0
6677,F,B-,3,B-,"(2, 5, 10)",I,B-,D,B-,834.625,281.0
6678,F,B-,3,B-,"(2, 5, 10)",I,B-,D,B-,834.75,281.0
6679,F,B-,3,B-,"(2, 5, 10)",I,B-,D,B-,834.875,281.0
6680,F,B-,4,B-,"(2, 5, 10)",V7,B-,D,B-,835.0,281.0
6681,F,B-,4,B-,"(2, 5, 10)",V7,B-,D,B-,835.125,281.0
6682,F,B-,2,B-,"(2, 5, 10)",V7,B-,D,B-,835.25,281.0
6683,F,B-,4,B-,"(2, 5, 10)",V7,B-,D,B-,835.375,281.0
6684,F,B-,3,B-,"(2, 5, 10)",V7,B-,D,B-,835.5,282.0
6685,F,B-,3,B-,"(2, 5, 10)",V7,B-,D,B-,835.625,282.0
6686,F,B-,3,B-,"(2, 5, 10)",V7,B-,D,B-,835.75,282.0
6687,F,B-,3,B-,"(2, 5, 10)",V7,B-,D,B-,835.875,282.0
6688,F,B-,4,B-,"(2, 5, 10)",V7,B-,D,B-,836.0,282.0
6689,F,B-,4,B-,"(2, 5, 10)",V7,B-,D,B-,836.125,282.0
6690,F,B-,4,B-,"(2, 5, 10)",V7,B-,D,B-,836.25,282.0
6691,F,B-,4,B-,"(2, 5, 10)",V7,B-,D,B-,836.375,282.0
6692,F,B-,4,B-,"(2, 5, 10)",V7,B-,D,B-,836.5,282.0
6693,F,B-,4,B-,"(2, 5, 10)",V7,B-,D,B-,836.625,282.0
6694,F,B-,2,B-,"(2, 5, 10)",V7,B-,D,B-,836.75,282.0
6695,F,B-,4,B-,"(2, 5, 10)",V7,B-,D,B-,836.875,282.0
6696,F,F,0,B-,"(2, 5, 10)",V7,B-,D,B-,837.0,283.0
6697,F,F,1,B-,"(2, 5, 10)",V7,B-,D,B-,837.125,283.0
6698,F,F,2,B-,"(2, 5, 10)",V7,B-,D,B-,837.25,283.0
6699,F,F,2,B-,"(2, 5, 10)",V7,B-,D,B-,837.375,283.0
6700,F,B-,3,B-,"(2, 5, 10)",V,B-,D,B-,837.5,283.0
6701,F,B-,3,B-,"(2, 5, 10)",V,B-,D,B-,837.625,283.0
6702,F,B-,3,B-,"(2, 5, 10)",V,B-,D,B-,837.75,283.0
6703,F,B-,3,B-,"(2, 5, 10)",V,B-,D,B-,837.875,283.0
6704,F,F,4,B-,"(2, 5, 10)",V,B-,D,B-,838.0,283.0
6705,F,F,4,B-,"(2, 5, 10)",V,B-,D,B-,838.125,283.0
6706,F,F,2,B-,"(2, 5, 10)",V,B-,D,B-,838.25,283.0
6707,F,F,4,B-,"(2, 5, 10)",V,B-,D,B-,838.375,283.0
6708,C,F,3,B-,"(0, 5, 9)",V,F,A,B-,838.5,284.0
6709,C,F,3,B-,"(0, 5, 9)",V,F,A,B-,838.625,284.0
6710,C,F,3,B-,"(0, 5, 9)",V,F,A,B-,838.75,284.0
6711,C,F,2,B-,"(0, 5, 9)",V,F,A,B-,838.875,284.0
6712,C,F,3,B-,"(0, 5, 9)",V,F,A,B-,839.0,284.0
6713,C,F,3,B-,"(0, 5, 9)",V,F,A,B-,839.125,284.0
6714,C,F,3,B-,"(0, 5, 9)",V,F,A,B-,839.25,284.0
6715,C,F,3,B-,"(0, 5, 9)",V,F,A,B-,839.375,284.0
6716,C,F,4,B-,"(0, 5, 9)",V,F,A,B-,839.5,284.0
6717,C,F,4,B-,"(0, 5, 9)",V,F,A,B-,839.625,284.0
6718,C,F,4,B-,"(0, 5, 9)",V,F,A,B-,839.75,284.0
6719,C,F,4,B-,"(0, 5, 9)",V,F,A,B-,839.875,284.0
6720,C,F,3,B-,"(0, 5, 9)",V,F,A,B-,840.0,285.0
6721,C,F,3,B-,"(0, 5, 9)",V,F,A,B-,840.125,285.0
6722,C,F,3,B-,"(0, 5, 9)",V,F,A,B-,840.25,285.0
6723,C,F,3,B-,"(0, 5, 9)",V,F,A,B-,840.375,285.0
6724,C,F,4,B-,"(0, 5, 9)",V,F,A,B-,840.5,285.0
6725,C,F,4,B-,"(0, 5, 9)",V,B-,A,B-,840.625,285.0
6726,C,F,4,B-,"(0, 5, 9)",V,B-,A,B-,840.75,285.0
6727,C,F,4,B-,"(0, 5, 9)",V,B-,A,B-,840.875,285.0
6728,C,F,4,B-,"(2, 5, 10)",V,B-,A,B-,841.0,285.0
6729,C,F,4,B-,"(2, 5, 10)",V,B-,A,B-,841.125,285.0
6730,C,F,4,B-,"(2, 5, 10)",V,B-,A,B-,841.25,285.0
6731,C,F,4,B-,"(2, 5, 10)",V,B-,A,B-,841.375,285.0
6732,F,B-,0,B-,"(2, 5, 10)",I,B-,D,B-,841.5,286.0
6733,F,B-,1,B-,"(2, 5, 10)",I,B-,D,B-,841.625,286.0
6734,F,B-,2,B-,"(2, 5, 10)",I,B-,D,B-,841.75,286.0
6735,F,B-,2,B-,"(2, 5, 10)",I,B-,D,B-,841.875,286.0
6736,F,B-,3,B-,"(2, 5, 10)",I,B-,D,B-,842.0,286.0
6737,F,B-,3,B-,"(2, 5, 10)",I,B-,D,B-,842.125,286.0
6738,F,B-,3,B-,"(2, 5, 10)",I,B-,D,B-,842.25,286.0
6739,F,B-,3,B-,"(2, 5, 10)",I,B-,D,B-,842.375,286.0
6740,F,B-,4,B-,"(2, 5, 10)",I,B-,D,B-,842.5,286.0
6741,F,B-,4,B-,"(2, 5, 10)",I,B-,D,B-,842.625,286.0
6742,F,B-,4,B-,"(2, 5, 10)",I,B-,D,B-,842.75,286.0
6743,F,B-,4,B-,"(2, 5, 10)",I,B-,D,B-,842.875,286.0
6744,F,F,0,B-,"(2, 5, 10)",I,B-,D,B-,843.0,287.0
6745,F,F,3,B-,"(2, 5, 10)",I,B-,D,B-,843.125,287.0
6746,F,F,2,B-,"(2, 5, 10)",I,B-,D,B-,843.25,287.0
6747,F,F,2,B-,"(2, 5, 10)",I,B-,D,B-,843.375,287.0
6748,F,F,3,B-,"(2, 5, 10)",I,B-,A,B-,843.5,287.0
6749,F,F,3,B-,"(2, 5, 10)",I,B-,A,B-,843.625,287.0
6750,F,F,3,B-,"(2, 5, 10)",I,B-,A,B-,843.75,287.0
6751,F,F,3,B-,"(2, 5, 10)",I,B-,A,B-,843.875,287.0
6752,F,F,4,B-,"(2, 5, 10)",V,F,A,B-,844.0,287.0
6753,F,F,4,B-,"(2, 5, 10)",V,F,A,B-,844.125,287.0
6754,F,F,4,B-,"(2, 5, 10)",V,F,A,B-,844.25,287.0
6755,F,F,4,B-,"(2, 5, 10)",V,F,A,B-,844.375,287.0
6756,C,F,3,B-,"(0, 5, 9)",V,F,A,B-,844.5,288.0
6757,C,F,3,B-,"(0, 5, 9)",V,F,A,B-,844.625,288.0
6758,C,F,3,B-,"(0, 5, 9)",V,F,A,B-,844.75,288.0
6759,C,F,3,B-,"(0, 5, 9)",V,F,A,B-,844.875,288.0
6760,C,F,4,B-,"(0, 5, 9)",V,F,A,B-,845.0,288.0
6761,C,F,4,B-,"(0, 5, 9)",V,F,A,B-,845.125,288.0
6762,C,F,4,B-,"(0, 5, 9)",V,F,A,B-,845.25,288.0
6763,C,F,4,B-,"(0, 5, 9)",V,F,A,B-,845.375,288.0
6764,C,F,4,B-,"(0, 5, 9)",V,F,A,B-,845.5,288.0
6765,C,F,4,B-,"(0, 5, 9)",V,F,A,B-,845.625,288.0
6766,C,F,4,B-,"(0, 5, 9)",V,F,A,B-,845.75,288.0
6767,C,F,4,B-,"(0, 5, 9)",V,F,A,B-,845.875,288.0
6768,C,F,3,B-,"(0, 5, 9)",V,F,A,B-,846.0,289.0
6769,C,F,3,B-,"(0, 5, 9)",V,F,A,B-,846.125,289.0
6770,C,F,3,B-,"(0, 5, 9)",V,F,A,B-,846.25,289.0
6771,C,F,2,B-,"(0, 5, 9)",V,F,A,B-,846.375,289.0
6772,C,F,4,B-,"(0, 5, 9)",V,F,A,B-,846.5,289.0
6773,C,F,4,B-,"(0, 5, 9)",V,F,A,B-,846.625,289.0
6774,C,F,4,B-,"(0, 5, 9)",V,F,A,B-,846.75,289.0
6775,C,F,4,B-,"(0, 5, 9)",V,F,A,B-,846.875,289.0
6776,C,F,4,B-,"(0, 5, 9)",V,F,A,B-,847.0,289.0
6777,C,F,4,B-,"(0, 5, 9)",V,F,A,B-,847.125,289.0
6778,C,F,4,B-,"(0, 5, 9)",V,F,A,B-,847.25,289.0
6779,C,F,4,B-,"(0, 5, 9)",V,F,A,B-,847.375,289.0
6780,C,F,3,B-,"(0, 5, 9)",V,F,A,B-,847.5,290.0
6781,C,F,3,B-,"(0, 5, 9)",V,F,A,B-,847.625,290.0
6782,C,F,3,B-,"(0, 5, 9)",V,F,A,B-,847.75,290.0
6783,C,F,3,B-,"(0, 5, 9)",V,F,A,B-,847.875,290.0
6784,C,F,4,B-,"(0, 5, 9)",V,F,A,B-,848.0,290.0
6785,C,F,4,B-,"(0, 5, 9)",V,F,A,B-,848.125,290.0
6786,C,F,4,B-,"(0, 5, 9)",V,F,A,B-,848.25,290.0
6787,C,F,4,B-,"(0, 5, 9)",V,F,A,B-,848.375,290.0
6788,C,F,4,B-,"(0, 5, 9)",V,F,A,B-,848.5,290.0
6789,C,F,4,B-,"(0, 5, 9)",V,F,A,B-,848.625,290.0
6790,C,F,4,B-,"(0, 5, 9)",V,F,A,B-,848.75,290.0
6791,C,F,4,B-,"(0, 5, 9)",V,F,A,B-,848.875,290.0
6792,C,F,3,B-,"(0, 3, 5, 9)",V7,F,A,B-,849.0,291.0
6793,C,F,3,B-,"(0, 3, 5, 9)",V7,F,A,B-,849.125,291.0
6794,C,F,3,B-,"(0, 3, 5, 9)",V7,F,A,B-,849.25,291.0
6795,C,F,3,B-,"(0, 3, 5, 9)",V7,F,A,B-,849.375,291.0
6796,F,F,4,B-,"(0, 3, 5, 9)",V7,F,A,B-,849.5,291.0
6797,F,F,4,B-,"(0, 3, 5, 9)",V7,F,A,B-,849.625,291.0
6798,F,F,4,B-,"(0, 3, 5, 9)",V7,F,A,B-,849.75,291.0
6799,F,F,4,B-,"(0, 3, 5, 9)",V7,F,A,B-,849.875,291.0
6800,F,F,4,B-,"(2, 5, 10)",V7,F,A,B-,850.0,291.0
6801,F,F,4,B-,"(2, 5, 10)",V,F,A,B-,850.125,291.0
6802,F,F,4,B-,"(2, 5, 10)",V,F,A,B-,850.25,291.0
6803,F,F,4,B-,"(2, 5, 10)",V,F,A,B-,850.375,291.0
6804,F,B-,3,B-,"(2, 5, 10)",I,B-,D,B-,850.5,292.0
6805,F,B-,3,B-,"(2, 5, 10)",I,B-,D,B-,850.625,292.0
6806,F,B-,3,B-,"(2, 5, 10)",I,B-,D,B-,850.75,292.0
6807,F,B-,3,B-,"(2, 5, 10)",I,B-,D,B-,850.875,292.0
6808,F,B-,4,B-,"(2, 5, 10)",I,B-,D,B-,851.0,292.0
6809,F,B-,4,B-,"(2, 5, 10)",I,B-,D,B-,851.125,292.0
6810,F,B-,4,B-,"(2, 5, 10)",I,B-,D,B-,851.25,292.0
6811,F,B-,4,B-,"(2, 5, 10)",I,B-,D,B-,851.375,292.0
6812,F,B-,4,B-,"(2, 5, 10)",I,B-,D,B-,851.5,292.0
6813,F,B-,4,B-,"(2, 5, 10)",I,B-,D,B-,851.625,292.0
6814,F,B-,4,B-,"(2, 5, 10)",I,B-,D,B-,851.75,292.0
6815,F,B-,4,B-,"(2, 5, 10)",I,B-,D,B-,851.875,292.0
6816,F,B-,3,B-,"(2, 5, 10)",I,B-,D,B-,852.0,293.0
6817,F,B-,3,B-,"(2, 5, 10)",I,B-,D,B-,852.125,293.0
6818,F,B-,2,B-,"(2, 5, 10)",I,B-,D,B-,852.25,293.0
6819,F,B-,2,B-,"(2, 5, 10)",I,B-,D,B-,852.375,293.0
6820,F,B-,4,B-,"(2, 5, 10)",I,B-,D,B-,852.5,293.0
6821,F,B-,4,B-,"(2, 5, 10)",I,B-,D,B-,852.625,293.0
6822,F,B-,4,B-,"(2, 5, 10)",I,B-,D,B-,852.75,293.0
6823,F,B-,4,B-,"(2, 5, 10)",I,B-,D,B-,852.875,293.0
6824,F,B-,4,B-,"(2, 5, 10)",I,B-,D,B-,853.0,293.0
6825,F,B-,4,B-,"(2, 5, 10)",I,B-,D,B-,853.125,293.0
6826,F,B-,4,B-,"(2, 5, 10)",I,B-,D,B-,853.25,293.0
6827,F,B-,4,B-,"(2, 5, 10)",I,B-,D,B-,853.375,293.0
6828,B-,E-,0,B-,"(3, 7, 10)",IV,E-,G,B-,853.5,294.0
6829,B-,E-,1,B-,"(3, 7, 10)",IV,E-,G,B-,853.625,294.0
6830,B-,E-,2,B-,"(3, 7, 10)",IV,E-,G,B-,853.75,294.0
6831,B-,E-,2,B-,"(3, 7, 10)",IV,E-,G,B-,853.875,294.0
6832,B-,E-,3,B-,"(3, 7, 10)",IV,E-,G,B-,854.0,294.0
6833,B-,E-,3,B-,"(3, 7, 10)",IV,E-,G,B-,854.125,294.0
6834,B-,E-,3,B-,"(3, 7, 10)",IV,E-,G,B-,854.25,294.0
6835,B-,E-,3,B-,"(3, 7, 10)",IV,E-,G,B-,854.375,294.0
6836,B-,E-,4,B-,"(3, 7, 10)",IV,E-,G,B-,854.5,294.0
6837,B-,E-,4,B-,"(3, 7, 10)",IV,E-,G,B-,854.625,294.0
6838,B-,E-,4,B-,"(3, 7, 10)",IV,E-,G,B-,854.75,294.0
6839,B-,E-,4,B-,"(3, 7, 10)",IV,E-,G,B-,854.875,294.0
6840,B-,E-,3,B-,"(3, 7, 10)",IV,E-,G,B-,855.0,295.0
6841,B-,E-,3,B-,"(3, 7, 10)",IV,E-,G,B-,855.125,295.0
6842,B-,E-,3,B-,"(3, 7, 10)",IV,E-,G,B-,855.25,295.0
6843,B-,E-,3,B-,"(3, 7, 10)",IV,E-,G,B-,855.375,295.0
6844,B-,E-,4,B-,"(3, 7, 10)",I,E-,G,B-,855.5,295.0
6845,B-,E-,4,B-,"(3, 7, 10)",I,E-,G,B-,855.625,295.0
6846,B-,E-,4,B-,"(3, 7, 10)",I,E-,G,B-,855.75,295.0
6847,B-,E-,4,B-,"(3, 7, 10)",I,E-,G,B-,855.875,295.0
6848,B-,E-,4,B-,"(3, 7, 10)",I,E-,G,B-,856.0,295.0
6849,B-,E-,4,B-,"(3, 7, 10)",I,E-,G,B-,856.125,295.0
6850,B-,E-,4,B-,"(3, 7, 10)",I,E-,G,B-,856.25,295.0
6851,B-,E-,4,B-,"(3, 7, 10)",I,E-,G,B-,856.375,295.0
6852,B-,B-,0,B-,"(2, 5, 10)",I,B-,D,B-,856.5,296.0
6853,B-,B-,3,B-,"(2, 5, 10)",I,B-,D,B-,856.625,296.0
6854,B-,B-,3,B-,"(2, 5, 10)",I,B-,D,B-,856.75,296.0
6855,B-,B-,2,B-,"(2, 5, 10)",I,B-,D,B-,856.875,296.0
6856,F,B-,4,B-,"(2, 5, 10)",I,B-,D,B-,857.0,296.0
6857,F,B-,4,B-,"(2, 5, 10)",I,B-,D,B-,857.125,296.0
6858,F,B-,4,B-,"(2, 5, 10)",I,B-,D,B-,857.25,296.0
6859,F,B-,2,B-,"(2, 5, 10)",I,B-,D,B-,857.375,296.0
6860,F,B-,4,B-,"(2, 5, 10)",I,B-,D,B-,857.5,296.0
6861,F,B-,4,B-,"(2, 5, 10)",I,B-,D,B-,857.625,296.0
6862,F,B-,4,B-,"(2, 5, 10)",I,B-,D,B-,857.75,296.0
6863,F,B-,4,B-,"(2, 5, 10)",I,B-,D,B-,857.875,296.0
6864,F,B-,3,B-,"(2, 5, 10)",I,B-,D,B-,858.0,297.0
6865,F,B-,3,B-,"(2, 5, 10)",I,B-,D,B-,858.125,297.0
6866,F,B-,3,B-,"(2, 5, 10)",I,B-,D,B-,858.25,297.0
6867,F,B-,3,B-,"(2, 5, 10)",I,B-,D,B-,858.375,297.0
6868,F,B-,4,B-,"(2, 5, 10)",I,B-,D,B-,858.5,297.0
6869,F,B-,4,B-,"(2, 5, 10)",I,B-,D,B-,858.625,297.0
6870,F,B-,4,B-,"(2, 5, 10)",I,B-,D,B-,858.75,297.0
6871,F,B-,4,B-,"(2, 5, 10)",I,B-,D,B-,858.875,297.0
6872,F,B-,4,B-,"(2, 5, 10)",I,B-,D,B-,859.0,297.0
6873,F,B-,4,B-,"(2, 5, 10)",I,B-,D,B-,859.125,297.0
6874,F,B-,4,B-,"(2, 5, 10)",I,B-,D,B-,859.25,297.0
6875,F,B-,4,B-,"(2, 5, 10)",I,B-,D,B-,859.375,297.0
6876,C,E-,0,B-,"(0, 3, 7)",ii,E-,G,B-,859.5,298.0
6877,C,E-,1,B-,"(0, 3, 7)",ii,C,G,B-,859.625,298.0
6878,C,E-,2,B-,"(0, 3, 7)",ii,C,G,B-,859.75,298.0
6879,C,E-,2,B-,"(0, 3, 7)",ii,C,G,B-,859.875,298.0
6880,C,E-,3,B-,"(0, 3, 7)",ii,C,G,B-,860.0,298.0
6881,C,E-,3,B-,"(0, 3, 7)",ii,C,G,B-,860.125,298.0
6882,C,E-,3,B-,"(0, 3, 7)",ii,C,G,B-,860.25,298.0
6883,C,E-,3,B-,"(0, 3, 7)",ii,C,G,B-,860.375,298.0
6884,C,E-,4,B-,"(0, 3, 7)",ii,C,G,B-,860.5,298.0
6885,C,E-,4,B-,"(0, 3, 7)",ii,C,G,B-,860.625,298.0
6886,C,E-,4,B-,"(0, 3, 7)",ii,C,G,B-,860.75,298.0
6887,C,E-,4,B-,"(0, 3, 7)",ii,C,G,B-,860.875,298.0
6888,C,F,0,B-,"(0, 3, 5, 9)",V7,E-,A,B-,861.0,299.0
6889,C,F,1,B-,"(0, 3, 5, 9)",V7,E-,A,B-,861.125,299.0
6890,C,F,2,B-,"(0, 3, 5, 9)",V7,E-,A,B-,861.25,299.0
6891,C,F,2,B-,"(0, 3, 5, 9)",V7,E-,A,B-,861.375,299.0
6892,C,F,3,B-,"(0, 3, 5, 9)",V7,E-,A,B-,861.5,299.0
6893,C,F,3,B-,"(0, 3, 5, 9)",V7,E-,A,B-,861.625,299.0
6894,C,F,3,B-,"(0, 3, 5, 9)",V7,E-,A,B-,861.75,299.0
6895,C,F,3,B-,"(0, 3, 5, 9)",V7,E-,A,B-,861.875,299.0
6896,C,F,4,B-,"(0, 3, 5, 9)",V7,E-,A,B-,862.0,299.0
6897,C,F,4,B-,"(0, 3, 5, 9)",V7,E-,A,B-,862.125,299.0
6898,C,F,4,B-,"(0, 3, 5, 9)",V7,E-,A,B-,862.25,299.0
6899,C,F,4,B-,"(0, 3, 5, 9)",V7,E-,A,B-,862.375,299.0
6900,F,B-,0,B-,"(2, 5, 10)",I,B-,D,B-,862.5,300.0
6901,F,B-,1,B-,"(2, 5, 10)",I,B-,D,B-,862.625,300.0
6902,F,B-,2,B-,"(2, 5, 10)",I,B-,D,B-,862.75,300.0
6903,F,B-,2,B-,"(2, 5, 10)",I,B-,D,B-,862.875,300.0
6904,F,B-,3,B-,"(2, 5, 10)",I,B-,D,B-,863.0,300.0
6905,F,B-,3,B-,"(2, 5, 10)",I,B-,D,B-,863.125,300.0
6906,F,B-,3,B-,"(2, 5, 10)",I,B-,D,B-,863.25,300.0
6907,F,B-,3,B-,"(2, 5, 10)",I,B-,D,B-,863.375,300.0
6908,F,B-,4,B-,"(2, 5, 10)",I,B-,D,B-,863.5,300.0
6909,F,B-,4,B-,"(2, 5, 10)",I,B-,D,B-,863.625,300.0
6910,F,B-,4,B-,"(2, 5, 10)",I,B-,D,B-,863.75,300.0
6911,F,B-,4,B-,"(2, 5, 10)",I,B-,D,B-,863.875,300.0
6912,F,B-,0,B-,"(2, 5, 10)",I,B-,D,B-,864.0,301.0
6913,F,B-,1,B-,"(2, 5, 10)",I,B-,D,B-,864.125,301.0
6914,F,B-,2,B-,"(2, 5, 10)",I,B-,D,B-,864.25,301.0
6915,F,B-,2,B-,"(2, 5, 10)",I,B-,D,B-,864.375,301.0
6916,F,B-,3,B-,"(2, 5, 10)",I,B-,D,B-,864.5,301.0
6917,F,B-,3,B-,"(2, 5, 10)",I,B-,D,B-,864.625,301.0
6918,F,B-,3,B-,"(2, 5, 10)",I,B-,D,B-,864.75,301.0
6919,F,B-,3,B-,"(2, 5, 10)",I,B-,D,B-,864.875,301.0
6920,F,B-,4,B-,"(2, 5, 10)",I,B-,D,B-,865.0,301.0
6921,F,B-,4,B-,"(2, 5, 10)",I,B-,D,B-,865.125,301.0
6922,F,B-,4,B-,"(2, 5, 10)",I,B-,D,B-,865.25,301.0
6923,F,B-,4,B-,"(2, 5, 10)",I,B-,D,B-,865.375,301.0
6924,F,B-,0,B-,"(2, 5, 10)",I,B-,D,B-,865.5,302.0
6925,F,B-,1,B-,"(2, 5, 10)",I,B-,D,B-,865.625,302.0
6926,F,B-,2,B-,"(2, 5, 10)",I,B-,D,B-,865.75,302.0
6927,F,B-,2,B-,"(2, 5, 10)",I,B-,D,B-,865.875,302.0
6928,F,B-,3,B-,"(2, 5, 10)",I,B-,D,B-,866.0,302.0
6929,F,B-,3,B-,"(2, 5, 10)",I,B-,D,B-,866.125,302.0
6930,F,B-,3,B-,"(2, 5, 10)",I,B-,D,B-,866.25,302.0
6931,F,B-,3,B-,"(2, 5, 10)",I,B-,D,B-,866.375,302.0
6932,F,B-,4,B-,"(2, 5, 10)",I,B-,D,B-,866.5,302.0
6933,F,B-,4,B-,"(2, 5, 10)",I,B-,D,B-,866.625,302.0
6934,F,B-,4,B-,"(2, 5, 10)",I,B-,D,B-,866.75,302.0
6935,F,B-,4,B-,"(2, 5, 10)",I,B-,D,B-,866.875,302.0
6936,F,B-,0,B-,"(2, 5, 10)",I,B-,D,B-,867.0,303.0
6937,F,B-,1,B-,"(2, 5, 10)",I,B-,D,B-,867.125,303.0
6938,F,B-,2,B-,"(2, 5, 10)",I,B-,D,B-,867.25,303.0
6939,F,B-,2,B-,"(2, 5, 10)",I,B-,D,B-,867.375,303.0
6940,F,B-,3,B-,"(2, 5, 10)",I,B-,D,B-,867.5,303.0
6941,F,B-,3,B-,"(2, 5, 10)",I,B-,D,B-,867.625,303.0
6942,F,B-,3,B-,"(2, 5, 10)",I,B-,D,B-,867.75,303.0
6943,F,B-,3,B-,"(2, 5, 10)",I,B-,D,B-,867.875,303.0
6944,F,B-,4,B-,"(2, 5, 10)",I,B-,D,B-,868.0,303.0
6945,F,B-,4,B-,"(2, 5, 10)",I,B-,D,B-,868.125,303.0
6946,F,B-,4,B-,"(2, 5, 10)",I,B-,D,B-,868.25,303.0
6947,F,B-,4,B-,"(2, 5, 10)",I,B-,D,B-,868.375,303.0
6948,G-,B-,0,B-,"(3, 6, 10)",i,E-,E-,b-,868.5,304.0
6949,G-,B-,1,B-,"(3, 6, 10)",i,E-,E-,b-,868.625,304.0
6950,G-,B-,2,B-,"(3, 6, 10)",i,E-,E-,b-,868.75,304.0
6951,G-,B-,2,B-,"(3, 6, 10)",i,E-,E-,b-,868.875,304.0
6952,G-,B-,3,B-,"(3, 6, 10)",i,E-,E-,b-,869.0,304.0
6953,G-,B-,3,B-,"(3, 6, 10)",i,E-,E-,b-,869.125,304.0
6954,G-,B-,3,B-,"(3, 6, 10)",i,E-,E-,b-,869.25,304.0
6955,G-,B-,3,B-,"(3, 6, 10)",i,E-,E-,b-,869.375,304.0
6956,G-,B-,4,B-,"(3, 6, 10)",i,E-,E-,b-,869.5,304.0
6957,G-,B-,4,B-,"(3, 6, 10)",i,E-,E-,b-,869.625,304.0
6958,G-,B-,4,B-,"(3, 6, 10)",i,E-,E-,b-,869.75,304.0
6959,G-,B-,4,B-,"(3, 6, 10)",i,E-,E-,b-,869.875,304.0
6960,G-,B-,0,B-,"(3, 6, 10)",i,E-,E-,b-,870.0,305.0
6961,G-,B-,1,B-,"(3, 6, 10)",i,E-,E-,b-,870.125,305.0
6962,G-,B-,2,B-,"(3, 6, 10)",i,E-,E-,b-,870.25,305.0
6963,G-,B-,2,B-,"(3, 6, 10)",i,E-,E-,b-,870.375,305.0
6964,G-,B-,3,B-,"(3, 6, 10)",i,E-,E-,b-,870.5,305.0
6965,G-,B-,3,B-,"(3, 6, 10)",i,E-,E-,b-,870.625,305.0
6966,G-,B-,3,B-,"(3, 6, 10)",i,E-,E-,b-,870.75,305.0
6967,G-,B-,3,B-,"(3, 6, 10)",i,E-,E-,b-,870.875,305.0
6968,G-,B-,4,B-,"(3, 6, 10)",i,E-,E-,b-,871.0,305.0
6969,G-,B-,4,B-,"(3, 6, 10)",i,E-,E-,b-,871.125,305.0
6970,G-,B-,4,B-,"(3, 6, 10)",i,E-,E-,b-,871.25,305.0
6971,G-,B-,4,B-,"(3, 6, 10)",i,E-,E-,b-,871.375,305.0
6972,G-,B-,0,B-,"(3, 6, 10)",i,E-,E-,b-,871.5,306.0
6973,G-,B-,1,B-,"(3, 6, 10)",i,E-,E-,b-,871.625,306.0
6974,G-,B-,2,B-,"(3, 6, 10)",i,E-,E-,b-,871.75,306.0
6975,G-,B-,2,B-,"(3, 6, 10)",i,E-,E-,b-,871.875,306.0
6976,G-,B-,3,B-,"(3, 6, 10)",i,E-,E-,b-,872.0,306.0
6977,G-,B-,3,B-,"(3, 6, 10)",i,E-,E-,b-,872.125,306.0
6978,G-,B-,3,B-,"(3, 6, 10)",i,E-,E-,b-,872.25,306.0
6979,G-,B-,3,B-,"(3, 6, 10)",i,E-,E-,b-,872.375,306.0
6980,G-,B-,4,B-,"(3, 6, 10)",i,E-,E-,b-,872.5,306.0
6981,G-,B-,4,B-,"(3, 6, 10)",i,E-,E-,b-,872.625,306.0
6982,G-,B-,4,B-,"(3, 6, 10)",i,E-,E-,b-,872.75,306.0
6983,G-,B-,4,B-,"(3, 6, 10)",i,E-,E-,b-,872.875,306.0
6984,G-,B-,0,B-,"(3, 6, 10)",i,E-,E-,b-,873.0,307.0
6985,G-,B-,1,B-,"(3, 6, 10)",i,E-,E-,b-,873.125,307.0
6986,G-,B-,2,B-,"(3, 6, 10)",i,E-,E-,b-,873.25,307.0
6987,G-,B-,2,B-,"(3, 6, 10)",i,E-,E-,b-,873.375,307.0
6988,G-,B-,3,B-,"(3, 6, 10)",i,E-,E-,b-,873.5,307.0
6989,G-,B-,3,B-,"(3, 6, 10)",i,E-,E-,b-,873.625,307.0
6990,G-,B-,3,B-,"(3, 6, 10)",i,E-,E-,b-,873.75,307.0
6991,G-,B-,3,B-,"(3, 6, 10)",i,E-,E-,b-,873.875,307.0
6992,G-,B-,4,B-,"(3, 6, 10)",i,E-,E-,b-,874.0,307.0
6993,G-,B-,4,B-,"(3, 6, 10)",i,E-,E-,b-,874.125,307.0
6994,G-,B-,4,B-,"(3, 6, 10)",i,E-,E-,b-,874.25,307.0
6995,G-,B-,4,B-,"(3, 6, 10)",i,E-,E-,b-,874.375,307.0
6996,G-,C-,0,C-,"(3, 6, 11)",VI,C-,E-,C-,874.5,308.0
6997,G-,C-,1,C-,"(3, 6, 11)",I,C-,E-,C-,874.625,308.0
6998,G-,C-,2,C-,"(3, 6, 11)",I,C-,E-,C-,874.75,308.0
6999,G-,C-,2,C-,"(3, 6, 11)",I,C-,E-,C-,874.875,308.0
7000,G-,C-,3,C-,"(3, 6, 11)",I,C-,E-,C-,875.0,308.0
7001,G-,C-,3,C-,"(3, 6, 11)",I,C-,E-,C-,875.125,308.0
7002,G-,C-,3,C-,"(3, 6, 11)",I,C-,E-,C-,875.25,308.0
7003,G-,C-,3,C-,"(3, 6, 11)",I,C-,E-,C-,875.375,308.0
7004,G-,C-,4,C-,"(3, 6, 11)",I,C-,E-,C-,875.5,308.0
7005,G-,C-,4,C-,"(3, 6, 11)",I,C-,E-,C-,875.625,308.0
7006,G-,C-,4,C-,"(3, 6, 11)",I,C-,E-,C-,875.75,308.0
7007,G-,C-,4,C-,"(3, 6, 11)",I,C-,E-,C-,875.875,308.0
7008,G-,C-,0,C-,"(3, 6, 11)",I,C-,E-,C-,876.0,309.0
7009,G-,C-,1,C-,"(3, 6, 11)",I,C-,E-,C-,876.125,309.0
7010,G-,C-,2,C-,"(3, 6, 11)",I,C-,E-,C-,876.25,309.0
7011,G-,C-,2,C-,"(3, 6, 11)",I,C-,E-,C-,876.375,309.0
7012,G-,C-,3,C-,"(3, 6, 11)",I,C-,E-,C-,876.5,309.0
7013,G-,C-,3,C-,"(3, 6, 11)",I,C-,E-,C-,876.625,309.0
7014,G-,C-,3,C-,"(3, 6, 11)",I,C-,E-,C-,876.75,309.0
7015,G-,C-,3,C-,"(3, 6, 11)",I,C-,E-,C-,876.875,309.0
7016,G-,C-,4,C-,"(3, 6, 11)",I,C-,E-,C-,877.0,309.0
7017,G-,C-,4,C-,"(3, 6, 11)",I,C-,E-,C-,877.125,309.0
7018,G-,C-,4,C-,"(3, 6, 11)",I,C-,E-,C-,877.25,309.0
7019,G-,C-,4,C-,"(3, 6, 11)",I,C-,E-,C-,877.375,309.0
7020,G-,C-,0,C-,"(3, 6, 11)",I,C-,E-,C-,877.5,310.0
7021,G-,C-,1,C-,"(3, 6, 11)",I,C-,E-,C-,877.625,310.0
7022,G-,C-,2,C-,"(3, 6, 11)",I,C-,E-,C-,877.75,310.0
7023,G-,C-,2,C-,"(3, 6, 11)",I,C-,E-,C-,877.875,310.0
7024,G-,C-,3,C-,"(3, 6, 11)",I,C-,E-,C-,878.0,310.0
7025,G-,C-,3,C-,"(3, 6, 11)",I,C-,E-,C-,878.125,310.0
7026,G-,C-,3,C-,"(3, 6, 11)",I,C-,E-,C-,878.25,310.0
7027,G-,C-,3,C-,"(3, 6, 11)",I,C-,E-,C-,878.375,310.0
7028,G-,C-,4,C-,"(3, 6, 11)",I,C-,E-,C-,878.5,310.0
7029,G-,C-,4,C-,"(3, 6, 11)",I,C-,E-,C-,878.625,310.0
7030,G-,C-,4,C-,"(3, 6, 11)",I,C-,E-,C-,878.75,310.0
7031,G-,C-,4,C-,"(3, 6, 11)",I,C-,E-,C-,878.875,310.0
7032,G-,C-,0,C-,"(3, 6, 11)",I,C-,E-,C-,879.0,311.0
7033,G-,C-,1,C-,"(3, 6, 11)",IV,C-,E-,C-,879.125,311.0
7034,G-,C-,2,C-,"(3, 6, 11)",IV,C-,E-,C-,879.25,311.0
7035,G-,C-,2,C-,"(3, 6, 11)",IV,C-,E-,C-,879.375,311.0
7036,G-,C-,3,C-,"(3, 6, 11)",IV,C-,E-,C-,879.5,311.0
7037,G-,C-,3,C-,"(3, 6, 11)",IV,C-,E-,C-,879.625,311.0
7038,G-,C-,3,C-,"(3, 6, 11)",IV,C-,E-,C-,879.75,311.0
7039,G-,C-,3,C-,"(3, 6, 11)",N,C-,E-,C-,879.875,311.0
7040,G-,B,4,B-,"(3, 6, 11)",I,C-,E-,C-,880.0,311.0
7041,G-,B,4,B-,"(3, 6, 11)",I,C-,E-,C-,880.125,311.0
7042,G-,B,4,B-,"(3, 6, 11)",I,C-,E-,C-,880.25,311.0
7043,G-,B,4,B-,"(3, 6, 11)",I,C-,E-,C-,880.375,311.0
7044,G-,C-,0,B-,"(3, 6, 11)",I,B,E-,C-,880.5,312.0
7045,G-,C-,1,B-,"(3, 6, 11)",I,C-,E-,C-,880.625,312.0
7046,G-,C-,3,B-,"(3, 6, 11)",I,C-,E-,C-,880.75,312.0
7047,G-,C-,2,B-,"(3, 6, 11)",I,C-,E-,C-,880.875,312.0
7048,G-,C-,3,B-,"(3, 6, 11)",I,C-,E-,C-,881.0,312.0
7049,G-,C-,3,B-,"(3, 6, 11)",I,C-,E-,C-,881.125,312.0
7050,G-,C-,3,B-,"(3, 6, 11)",I,C-,E-,C-,881.25,312.0
7051,G-,C-,3,B-,"(3, 6, 11)",I,C-,E-,C-,881.375,312.0
7052,G-,C-,4,B-,"(1, 4, 6, 10)",I,C-,E-,C-,881.5,312.0
7053,G-,C-,4,B-,"(1, 4, 6, 10)",I,C-,E-,C-,881.625,312.0
7054,G-,C-,4,B-,"(1, 4, 6, 10)",I,C-,E-,C-,881.75,312.0
7055,G-,C-,4,B-,"(1, 4, 6, 10)",I,C-,E-,C-,881.875,312.0
7056,G-,C-,0,B-,"(1, 4, 6, 10)",V7,E,E-,C-,882.0,313.0
7057,G-,C-,3,B-,"(1, 4, 6, 10)",I,B-,E-,C-,882.125,313.0
7058,G-,C-,3,B-,"(1, 4, 6, 10)",I,E,E-,C-,882.25,313.0
7059,G-,C-,2,B-,"(1, 4, 6, 10)",I,E,E-,C-,882.375,313.0
7060,G-,C-,3,B-,"(1, 4, 6, 10)",I,E,E-,C-,882.5,313.0
7061,G-,C-,3,B-,"(1, 4, 6, 10)",I,E,E-,C-,882.625,313.0
7062,G-,C-,3,B-,"(1, 4, 6, 10)",I,E,E-,C-,882.75,313.0
7063,G-,C-,3,B-,"(1, 4, 6, 10)",I,E,E-,C-,882.875,313.0
7064,G-,B-,4,B-,"(1, 4, 6, 10)",V7,E,E-,C-,883.0,313.0
7065,G-,B-,4,B-,"(1, 4, 6, 10)",V7,E,E-,C-,883.125,313.0
7066,G-,B-,4,B-,"(1, 4, 6, 10)",V7,E,E-,C-,883.25,313.0
7067,G-,B-,4,B-,"(1, 4, 6, 10)",V7,E,E-,C-,883.375,313.0
7068,G-,B-,0,B-,"(1, 4, 6, 10)",V7,E,E-,C-,883.5,314.0
7069,G-,B-,1,B-,"(1, 4, 6, 10)",V7,E,E-,C-,883.625,314.0
7070,G-,B-,3,B-,"(1, 4, 6, 10)",V7,E,E-,C-,883.75,314.0
7071,G-,B-,2,C-,"(1, 4, 6, 10)",V7,E,E-,C-,883.875,314.0
7072,G-,B-,3,C-,"(1, 4, 6, 10)",V7,E,E-,C-,884.0,314.0
7073,G-,B-,3,C-,"(1, 4, 6, 10)",V7,E,E-,C-,884.125,314.0
7074,G-,B-,3,C-,"(1, 4, 6, 10)",V7,E,E-,C-,884.25,314.0
7075,G-,B-,3,C-,"(1, 4, 6, 10)",V7,E,E-,C-,884.375,314.0
7076,G-,B-,4,C-,"(1, 4, 6, 10)",V7,E,E-,C-,884.5,314.0
7077,G-,B-,4,C-,"(1, 4, 6, 10)",V7,E,E-,C-,884.625,314.0
7078,G-,B-,4,C-,"(1, 4, 6, 10)",V7,E,E-,C-,884.75,314.0
7079,G-,B-,4,C-,"(1, 4, 6, 10)",V7,E,E-,C-,884.875,314.0
7080,G-,G-,0,C-,"(1, 4, 6, 10)",V7,E,E-,C-,885.0,315.0
7081,G-,G-,1,C-,"(1, 4, 6, 10)",I,E-,E-,C-,885.125,315.0
7082,G-,G-,2,C-,"(1, 4, 6, 10)",I,E-,E-,C-,885.25,315.0
7083,G-,G-,2,C-,"(1, 4, 6, 10)",I,E-,E-,C-,885.375,315.0
7084,G-,G-,3,C-,"(1, 4, 6, 10)",I,E-,E-,C-,885.5,315.0
7085,G-,G-,3,C-,"(1, 4, 6, 10)",I,E-,E-,C-,885.625,315.0
7086,G-,G-,3,C-,"(1, 4, 6, 10)",I,E-,E-,C-,885.75,315.0
7087,G-,G-,3,C-,"(1, 4, 6, 10)",I,E-,E-,C-,885.875,315.0
7088,G-,G-,4,C-,"(1, 4, 6, 10)",I,E-,E-,C-,886.0,315.0
7089,G-,G-,4,C-,"(1, 4, 6, 10)",I,E-,E-,C-,886.125,315.0
7090,G-,G-,4,C-,"(1, 4, 6, 10)",I,E-,E-,C-,886.25,315.0
7091,G-,G-,4,C-,"(1, 4, 6, 10)",I,E-,E-,C-,886.375,315.0
7092,G-,C-,0,C-,"(1, 4, 6, 10)",I,C-,E-,C-,886.5,316.0
7093,G-,C-,1,C-,"(3, 6, 11)",I,E-,E-,C-,886.625,316.0
7094,G-,C-,2,C-,"(3, 6, 11)",I,E-,E-,C-,886.75,316.0
7095,G-,C-,2,C-,"(3, 6, 11)",I,C-,E-,C-,886.875,316.0
7096,G-,C-,3,C-,"(3, 6, 11)",I,C-,E-,C-,887.0,316.0
7097,G-,C-,3,C-,"(3, 6, 11)",I,C-,E-,C-,887.125,316.0
7098,G-,C-,3,C-,"(3, 6, 11)",I,C-,E-,C-,887.25,316.0
7099,G-,C-,3,C-,"(3, 6, 11)",I,C-,E-,C-,887.375,316.0
7100,G-,C-,4,C-,"(3, 6, 11)",I,C-,E-,C-,887.5,316.0
7101,G-,C-,4,C-,"(3, 6, 11)",I,C-,E-,C-,887.625,316.0
7102,G-,C-,4,C-,"(3, 6, 11)",I,C-,E-,C-,887.75,316.0
7103,G-,C-,4,C-,"(3, 6, 11)",I,C-,E-,C-,887.875,316.0
7104,G-,C-,0,C-,"(3, 6, 11)",I,C-,E-,C-,888.0,317.0
7105,G-,C-,1,C-,"(3, 6, 11)",I,C-,E-,C-,888.125,317.0
7106,G-,C-,2,C-,"(3, 6, 11)",I,C-,E-,C-,888.25,317.0
7107,G-,C-,2,C-,"(3, 6, 11)",I,C-,E-,C-,888.375,317.0
7108,G-,C-,3,C-,"(3, 6, 11)",I,C-,E-,C-,888.5,317.0
7109,G-,C-,3,C-,"(3, 6, 11)",I,C-,E-,C-,888.625,317.0
7110,G-,C-,3,C-,"(3, 6, 11)",I,C-,E-,C-,888.75,317.0
7111,G-,C-,3,C-,"(3, 6, 11)",I,C-,E-,C-,888.875,317.0
7112,G-,C-,4,C-,"(3, 6, 11)",I,C-,E-,C-,889.0,317.0
7113,G-,C-,4,C-,"(3, 6, 11)",I,C-,E-,C-,889.125,317.0
7114,G-,C-,4,C-,"(3, 6, 11)",I,C-,E-,C-,889.25,317.0
7115,G-,C-,4,C-,"(3, 6, 11)",I,C-,E-,C-,889.375,317.0
7116,G-,C-,0,C-,"(3, 6, 11)",I,C-,E-,C-,889.5,318.0
7117,G-,C-,3,C-,"(3, 6, 11)",I,C-,E-,C-,889.625,318.0
7118,G-,C-,3,C-,"(3, 6, 11)",I,C-,E-,C-,889.75,318.0
7119,G-,C-,2,C-,"(3, 6, 11)",I,C-,E-,C-,889.875,318.0
7120,G-,C-,3,C-,"(3, 6, 11)",I,C-,E-,C-,890.0,318.0
7121,G-,C-,3,C-,"(3, 6, 11)",I,C-,E-,C-,890.125,318.0
7122,G-,C-,3,C-,"(3, 6, 11)",I,C-,E-,C-,890.25,318.0
7123,G-,C-,3,C-,"(3, 6, 11)",I,C-,E-,C-,890.375,318.0
7124,G-,C-,4,C-,"(3, 6, 11)",I,C-,E-,C-,890.5,318.0
7125,G-,C-,4,C-,"(3, 6, 11)",I,C-,E-,C-,890.625,318.0
7126,G-,C-,4,C-,"(3, 6, 11)",I,C-,E-,C-,890.75,318.0
7127,G-,C-,4,C-,"(3, 6, 11)",I,C-,E-,C-,890.875,318.0
7128,E-,C-,0,C-,"(3, 6, 11)",IV,C-,E-,C-,891.0,319.0
7129,E-,C-,3,C-,"(3, 6, 11)",IV,C-,E-,C-,891.125,319.0
7130,E-,C-,3,C-,"(3, 6, 11)",IV,C-,E-,C-,891.25,319.0
7131,E-,C-,2,C-,"(3, 6, 11)",IV,C-,E-,C-,891.375,319.0
7132,E-,C-,3,C-,"(3, 6, 11)",IV,G-,E-,C-,891.5,319.0
7133,E-,C-,3,C-,"(3, 6, 11)",IV,G-,E-,C-,891.625,319.0
7134,E-,C-,4,C-,"(3, 6, 11)",IV,G-,E-,C-,891.75,319.0
7135,E-,C-,4,C-,"(3, 6, 11)",IV,G-,E-,C-,891.875,319.0
7136,E-,G-,4,B-,"(3, 6, 10)",IV,G-,E-,C-,892.0,319.0
7137,E-,G-,4,B-,"(3, 6, 10)",IV,G-,E-,C-,892.125,319.0
7138,E-,G-,4,B-,"(3, 6, 10)",IV,G-,E-,C-,892.25,319.0
7139,E-,G-,4,B-,"(3, 6, 10)",IV,G-,E-,C-,892.375,319.0
7140,E-,B-,0,B-,"(3, 6, 10)",V+,G-,E-,b-,892.5,320.0
7141,E-,B-,3,B-,"(3, 6, 10)",I,G-,B-,b-,892.625,320.0
7142,E-,B-,3,B-,"(3, 6, 10)",I,G-,B-,b-,892.75,320.0
7143,E-,B-,2,B-,"(3, 6, 10)",I,G-,B-,b-,892.875,320.0
7144,E-,B-,3,B-,"(3, 6, 10)",I,G-,B-,b-,893.0,320.0
7145,E-,B-,3,B-,"(3, 6, 10)",I,G-,B-,b-,893.125,320.0
7146,E-,B-,3,B-,"(3, 6, 10)",I,G-,B-,b-,893.25,320.0
7147,E-,B-,3,B-,"(3, 6, 10)",I,G-,B-,b-,893.375,320.0
7148,E-,B-,4,B-,"(3, 6, 10)",V7,G-,B-,b-,893.5,320.0
7149,E-,B-,4,B-,"(3, 6, 10)",V7,G-,B-,b-,893.625,320.0
7150,E-,B-,4,B-,"(3, 6, 10)",V7,G-,B-,b-,893.75,320.0
7151,E-,B-,4,B-,"(3, 6, 10)",V7,G-,B-,b-,893.875,320.0
7152,E-,G-,0,B-,"(3, 6, 10)",V7,G-,B-,b-,894.0,321.0
7153,E-,G-,3,B-,"(3, 6, 10)",V7,G-,B-,b-,894.125,321.0
7154,E-,G-,3,B-,"(3, 6, 10)",V7,G-,B-,b-,894.25,321.0
7155,E-,G-,2,B-,"(3, 6, 10)",V7,G-,B-,b-,894.375,321.0
7156,E-,G-,3,B-,"(3, 6, 10)",V7,G-,C,b-,894.5,321.0
7157,E-,G-,3,B-,"(3, 6, 10)",V7,G-,C,b-,894.625,321.0
7158,E-,G-,3,B-,"(3, 6, 10)",V7,G-,C,b-,894.75,321.0
7159,E-,G-,3,B-,"(3, 6, 10)",V7,G-,C,b-,894.875,321.0
7160,E-,G-,4,B-,"(3, 6, 10)",V7,G-,C,b-,895.0,321.0
7161,E-,G-,4,B-,"(3, 6, 10)",V7,G-,C,b-,895.125,321.0
7162,E-,G-,4,B-,"(0, 3, 5, 9)",V7,G-,C,b-,895.25,321.0
7163,E-,G-,4,B-,"(0, 3, 5, 9)",V7,G-,C,b-,895.375,321.0
7164,E-,A-,0,B-,"(0, 3, 6, 9)",V7,G-,C,b-,895.5,322.0
7165,E-,A-,1,B-,"(0, 3, 5, 9)",V7,G-,C,b-,895.625,322.0
7166,E-,A-,3,B-,"(0, 3, 5, 9)",V7,G-,C,b-,895.75,322.0
7167,E-,A-,2,B-,"(0, 3, 5, 9)",V7,G-,C,b-,895.875,322.0
7168,E-,A-,3,B-,"(0, 3, 5, 9)",V7,G-,C,b-,896.0,322.0
7169,E-,A-,3,B-,"(0, 3, 5, 9)",V7,G-,C,b-,896.125,322.0
7170,E-,A-,3,B-,"(0, 3, 5, 9)",V7,G-,C,b-,896.25,322.0
7171,E-,A-,3,B-,"(0, 3, 5, 9)",V7,G-,C,b-,896.375,322.0
7172,E-,A-,4,B-,"(0, 3, 5, 9)",V7,F,C,b-,896.5,322.0
7173,E-,A-,4,B-,"(0, 3, 5, 9)",V7,F,C,b-,896.625,322.0
7174,E-,A-,4,B-,"(0, 3, 5, 9)",V7,F,C,b-,896.75,322.0
7175,E-,A-,4,B-,"(0, 3, 5, 9)",V7,F,C,b-,896.875,322.0
7176,E-,A-,0,B-,"(1, 5, 8)",V7,F,C,b-,897.0,323.0
7177,E-,A-,3,B-,"(1, 5, 8)",V7,F,C,b-,897.125,323.0
7178,E-,A-,3,B-,"(1, 5, 8)",V7,F,C,b-,897.25,323.0
7179,E-,A-,2,B-,"(1, 5, 8)",V7,F,C,b-,897.375,323.0
7180,E-,A-,3,B-,"(1, 5, 8)",V7,F,C,D-,897.5,323.0
7181,E-,A-,3,B-,"(1, 5, 8)",V7,F,C,b-,897.625,323.0
7182,E-,A-,3,B-,"(1, 5, 8)",V7,F,C,D-,897.75,323.0
7183,E-,A-,3,B-,"(1, 5, 8)",V7,F,C,D-,897.875,323.0
7184,F,A-,4,B-,"(1, 5, 8)",ii,F,C,D-,898.0,323.0
7185,F,A-,4,B-,"(1, 5, 8)",ii,F,C,D-,898.125,323.0
7186,F,A-,4,B-,"(1, 5, 8)",ii,F,C,D-,898.25,323.0
7187,F,A-,4,B-,"(1, 5, 8)",ii,F,C,D-,898.375,323.0
7188,F,F,0,B-,"(1, 5, 8)",V,F,D-,G-,898.5,324.0
7189,F,F,3,B-,"(1, 5, 8)",V,F,D-,G-,898.625,324.0
7190,F,F,2,B-,"(1, 5, 8)",V,F,D-,G-,898.75,324.0
7191,F,F,2,B-,"(1, 5, 8)",V,F,D-,G-,898.875,324.0
7192,F,F,3,B-,"(1, 5, 8)",V,F,D-,G-,899.0,324.0
7193,F,F,3,B-,"(1, 5, 8)",V,F,D-,G-,899.125,324.0
7194,F,F,3,B-,"(1, 5, 8)",V,F,D-,G-,899.25,324.0
7195,F,F,3,B-,"(1, 5, 8)",V,F,D-,G-,899.375,324.0
7196,F,F,4,B-,"(1, 5, 8)",V,F,D-,b-,899.5,324.0
7197,F,F,4,B-,"(1, 5, 8)",V,F,D-,b-,899.625,324.0
7198,F,F,4,B-,"(1, 5, 8)",V,F,D-,b-,899.75,324.0
7199,F,F,4,B-,"(1, 5, 8)",V,F,D-,b-,899.875,324.0
7200,F,F,0,B-,"(1, 5, 10)",V,F,D-,b-,900.0,325.0
7201,F,B-,3,B-,"(1, 5, 10)",V,F,D-,b-,900.125,325.0
7202,F,B-,3,B-,"(1, 5, 10)",V,F,D-,b-,900.25,325.0
7203,F,B-,2,B-,"(1, 5, 10)",V,F,D-,b-,900.375,325.0
7204,F,B-,3,B-,"(1, 5, 10)",V,F,D-,b-,900.5,325.0
7205,F,B-,3,B-,"(1, 5, 10)",V,F,D-,b-,900.625,325.0
7206,F,B-,3,B-,"(1, 5, 10)",V,F,D-,b-,900.75,325.0
7207,F,B-,3,B-,"(1, 5, 10)",V,F,D-,b-,900.875,325.0
7208,F,B-,4,B-,"(1, 5, 10)",V,B-,D-,b-,901.0,325.0
7209,F,B-,4,B-,"(1, 5, 10)",V,B-,D-,b-,901.125,325.0
7210,F,B-,4,B-,"(1, 5, 10)",V,B-,D-,b-,901.25,325.0
7211,F,B-,4,B-,"(1, 5, 10)",V,B-,D-,b-,901.375,325.0
7212,D-,B-,0,B-,"(1, 5, 10)",V,B-,B-,b-,901.5,326.0
7213,D-,B-,1,B-,"(1, 5, 10)",V,B-,B-,b-,901.625,326.0
7214,D-,B-,2,B-,"(1, 5, 10)",V,B-,B-,b-,901.75,326.0
7215,D-,B-,2,B-,"(1, 5, 10)",V,B-,B-,b-,901.875,326.0
7216,D-,B-,3,B-,"(1, 5, 10)",V,B-,B-,b-,902.0,326.0
7217,D-,B-,3,B-,"(1, 5, 10)",V,B-,B-,b-,902.125,326.0
7218,D-,B-,3,B-,"(1, 5, 10)",V,B-,B-,b-,902.25,326.0
7219,D-,B-,3,B-,"(1, 5, 10)",V,B-,B-,b-,902.375,326.0
7220,D-,B-,4,B-,"(1, 4, 6, 10)",V,B-,B-,b-,902.5,326.0
7221,D-,B-,4,B-,"(1, 4, 6, 10)",V,B-,B-,b-,902.625,326.0
7222,D-,B-,2,B-,"(1, 4, 6, 10)",V,B-,B-,b-,902.75,326.0
7223,D-,B-,4,B-,"(1, 4, 6, 10)",V,B-,B-,b-,902.875,326.0
7224,D,G-,0,B-,"(1, 4, 6, 10)",V,E,B-,b-,903.0,327.0
7225,D,G-,3,B-,"(1, 4, 6, 10)",V,E,B-,b-,903.125,327.0
7226,D,B-,2,B-,"(1, 4, 6, 10)",V,E,B-,b-,903.25,327.0
7227,D,B-,2,B-,"(1, 4, 6, 10)",V,E,B-,b-,903.375,327.0
7228,D,B-,3,B-,"(1, 4, 6, 10)",V,B-,B-,b-,903.5,327.0
7229,D,B-,3,B-,"(1, 4, 6, 10)",V,B-,B-,b-,903.625,327.0
7230,D,B-,3,B-,"(1, 4, 6, 10)",V,B-,B-,b-,903.75,327.0
7231,D,B-,3,B-,"(1, 4, 6, 10)",V,B-,B-,b-,903.875,327.0
7232,D,B-,4,B-,"(2, 5, 10)",V,B-,B-,b-,904.0,327.0
7233,D,B-,4,B-,"(2, 5, 10)",V,B-,B-,b-,904.125,327.0
7234,D,B-,2,B-,"(2, 5, 10)",V,B-,B-,b-,904.25,327.0
7235,D,B-,4,B-,"(2, 5, 10)",V,B-,B-,b-,904.375,327.0
7236,D,F,0,B-,"(2, 5, 10)",V,B-,D,B-,904.5,328.0
7237,D,F,3,B-,"(2, 5, 10)",I,B-,B-,B-,904.625,328.0
7238,D,F,2,B-,"(2, 5, 10)",I,B-,B-,B-,904.75,328.0
7239,D,F,2,B-,"(2, 5, 10)",I,B-,B-,B-,904.875,328.0
7240,D,F,3,B-,"(2, 5, 10)",I,B-,B-,B-,905.0,328.0
7241,D,F,3,B-,"(2, 5, 10)",I,B-,B-,B-,905.125,328.0
7242,D,F,3,B-,"(2, 5, 10)",I,B-,B-,B-,905.25,328.0
7243,D,F,3,B-,"(2, 5, 10)",I,B-,B-,B-,905.375,328.0
7244,D,F,4,B-,"(2, 5, 10)",I,B-,B-,B-,905.5,328.0
7245,D,F,4,B-,"(2, 5, 10)",I,B-,B-,B-,905.625,328.0
7246,D,F,4,B-,"(2, 5, 10)",I,B-,B-,B-,905.75,328.0
7247,D,F,4,B-,"(2, 5, 10)",I,B-,D,B-,905.875,328.0
7248,F,F,3,B-,"(2, 5, 10)",I,B-,D,B-,906.0,329.0
7249,F,F,3,B-,"(2, 5, 10)",I,B-,D,B-,906.125,329.0
7250,F,F,3,B-,"(2, 5, 10)",I,B-,D,B-,906.25,329.0
7251,F,F,3,B-,"(2, 5, 10)",I,B-,D,B-,906.375,329.0
7252,F,F,4,B-,"(2, 5, 10)",I,B-,D,B-,906.5,329.0
7253,F,F,4,B-,"(2, 5, 10)",I,B-,D,B-,906.625,329.0
7254,F,F,4,B-,"(2, 5, 10)",I,B-,D,B-,906.75,329.0
7255,F,F,4,B-,"(2, 5, 10)",I,B-,D,B-,906.875,329.0
7256,F,F,4,B-,"(2, 5, 10)",I,B-,D,B-,907.0,329.0
7257,F,F,4,B-,"(2, 5, 10)",I,B-,D,B-,907.125,329.0
7258,F,F,2,B-,"(2, 5, 10)",I,B-,D,B-,907.25,329.0
7259,F,F,4,B-,"(2, 5, 10)",I,B-,D,B-,907.375,329.0
7260,F,F,0,B-,"(2, 5, 10)",I,B-,D,B-,907.5,330.0
7261,F,F,3,B-,"(2, 5, 10)",I,B-,D,B-,907.625,330.0
7262,F,F,3,B-,"(2, 5, 10)",I,B-,D,B-,907.75,330.0
7263,F,F,3,B-,"(2, 5, 10)",I,B-,D,B-,907.875,330.0
7264,F,F,4,B-,"(2, 5, 10)",I,B-,D,B-,908.0,330.0
7265,F,F,4,B-,"(2, 5, 10)",I,B-,D,B-,908.125,330.0
7266,F,F,4,B-,"(2, 5, 10)",I,B-,D,B-,908.25,330.0
7267,F,F,4,B-,"(2, 5, 10)",I,B-,D,B-,908.375,330.0
7268,F,F,4,B-,"(2, 5, 10)",I,B-,D,B-,908.5,330.0
7269,F,F,4,B-,"(2, 5, 10)",I,B-,D,B-,908.625,330.0
7270,F,F,2,B-,"(2, 5, 10)",I,B-,D,B-,908.75,330.0
7271,F,F,4,B-,"(2, 5, 10)",I,B-,D,B-,908.875,330.0
7272,F,F,3,B-,"(2, 5, 10)",I,B-,D,B-,909.0,331.0
7273,F,F,3,B-,"(2, 5, 10)",I,B-,D,B-,909.125,331.0
7274,F,F,3,B-,"(2, 5, 10)",I,B-,D,B-,909.25,331.0
7275,F,F,2,B-,"(2, 5, 10)",I,B-,D,B-,909.375,331.0
7276,F,F,3,B-,"(2, 5, 10)",I,B-,D,B-,909.5,331.0
7277,F,F,3,B-,"(2, 5, 10)",I,B-,D,B-,909.625,331.0
7278,B-,F,3,B-,"(2, 5, 10)",I,B-,D,B-,909.75,331.0
7279,B-,F,3,B-,"(2, 5, 10)",I,B-,D,B-,909.875,331.0
7280,B-,F,4,B-,"(2, 5, 10)",I,B-,D,B-,910.0,331.0
7281,B-,F,4,B-,"(2, 5, 10)",I,B-,D,B-,910.125,331.0
7282,B-,F,2,B-,"(2, 5, 10)",I,B-,D,B-,910.25,331.0
7283,B-,F,4,B-,"(2, 5, 10)",I,B-,D,B-,910.375,331.0
7284,B-,F,0,B-,"(2, 5, 10)",V,B-,D,B-,910.5,332.0
7285,B-,F,3,B-,"(2, 5, 10)",V,B-,D,B-,910.625,332.0
7286,B-,F,3,B-,"(2, 5, 10)",V,B-,D,B-,910.75,332.0
7287,B-,F,2,B-,"(2, 5, 10)",V,B-,D,B-,910.875,332.0
7288,B-,F,3,B-,"(2, 5, 10)",V,B-,D,B-,911.0,332.0
7289,B-,F,3,B-,"(2, 5, 10)",V,B-,D,B-,911.125,332.0
7290,B-,F,3,B-,"(2, 5, 10)",V,B-,D,B-,911.25,332.0
7291,B-,F,3,B-,"(2, 5, 10)",V,B-,D,B-,911.375,332.0
7292,B-,F,4,B-,"(2, 5, 10)",I,B-,G,B-,911.5,332.0
7293,B-,F,4,B-,"(2, 5, 10)",V,E-,G,B-,911.625,332.0
7294,B-,F,2,B-,"(2, 5, 10)",V,B-,G,B-,911.75,332.0
7295,B-,F,4,B-,"(2, 5, 10)",I,B-,G,B-,911.875,332.0
7296,B-,F,0,B-,"(2, 5, 10)",V7,E-,G,B-,912.0,333.0
7297,B-,E-,1,B-,"(2, 5, 10)",V7,E-,G,B-,912.125,333.0
7298,B-,E-,3,B-,"(2, 5, 10)",V7,E-,G,B-,912.25,333.0
7299,B-,E-,2,B-,"(2, 5, 10)",V7,E-,G,B-,912.375,333.0
7300,B-,F,3,B-,"(2, 5, 10)",V7,E-,G,B-,912.5,333.0
7301,B-,F,3,B-,"(2, 5, 10)",V7,E-,G,B-,912.625,333.0
7302,B-,F,3,B-,"(2, 5, 10)",V7,E-,G,B-,912.75,333.0
7303,B-,F,3,B-,"(2, 5, 10)",V7,E-,G,B-,912.875,333.0
7304,B-,F,4,B-,"(2, 5, 10)",I,E-,G,B-,913.0,333.0
7305,B-,F,4,B-,"(2, 5, 10)",I,E-,G,B-,913.125,333.0
7306,B-,F,2,B-,"(2, 5, 10)",I,E-,G,B-,913.25,333.0
7307,B-,F,4,B-,"(2, 5, 10)",I,E-,G,B-,913.375,333.0
7308,B-,E-,0,B-,"(2, 5, 10)",I,E-,G,B-,913.5,334.0
7309,B-,E-,3,B-,"(2, 5, 10)",I,E-,G,B-,913.625,334.0
7310,B-,E-,3,B-,"(2, 5, 10)",I,E-,G,B-,913.75,334.0
7311,B-,E-,2,B-,"(2, 5, 10)",I,E-,G,B-,913.875,334.0
7312,B-,E-,4,B-,"(2, 5, 10)",I,E-,G,B-,914.0,334.0
7313,B-,E-,4,B-,"(2, 5, 10)",I,E-,G,B-,914.125,334.0
7314,B-,E-,4,B-,"(2, 5, 10)",I,E-,G,B-,914.25,334.0
7315,B-,E-,4,B-,"(2, 5, 10)",I,E-,G,B-,914.375,334.0
7316,B-,E-,0,B-,"(2, 5, 10)",I,E-,G,B-,914.5,334.0
7317,B-,E-,4,B-,"(2, 5, 10)",V7,E-,G,B-,914.625,334.0
7318,B-,E-,2,B-,"(2, 5, 10)",V7,E-,G,B-,914.75,334.0
7319,B-,E-,4,B-,"(2, 5, 10)",V7,E-,G,B-,914.875,334.0
7320,B-,E,0,B-,"(4, 7, 10)",V7,E-,G,B-,915.0,335.0
7321,B-,E,1,B-,"(4, 7, 10)",V7,E-,G,B-,915.125,335.0
7322,B-,E-,3,B-,"(4, 7, 10)",V7,E-,G,B-,915.25,335.0
7323,B-,E,2,B-,"(4, 7, 10)",V7,E-,G,B-,915.375,335.0
7324,B-,E,3,B-,"(4, 7, 10)",V7,E-,G,B-,915.5,335.0
7325,B-,E,3,B-,"(4, 7, 10)",V7,E-,G,B-,915.625,335.0
7326,B-,E,3,B-,"(4, 7, 10)",V7,E-,G,B-,915.75,335.0
7327,B-,E,3,B-,"(4, 7, 10)",V7,E-,G,B-,915.875,335.0
7328,B-,E-,4,B-,"(2, 5, 10)",V7,E-,G,B-,916.0,335.0
7329,B-,E-,4,B-,"(2, 5, 10)",V7,E-,G,B-,916.125,335.0
7330,B-,E-,2,B-,"(2, 5, 10)",V7,E-,G,B-,916.25,335.0
7331,B-,E-,4,B-,"(2, 5, 10)",V7,E-,G,B-,916.375,335.0
7332,B-,E-,3,B-,"(2, 5, 10)",V7,E-,G,B-,916.5,336.0
7333,B-,E-,3,B-,"(2, 5, 10)",V7,E-,G,B-,916.625,336.0
7334,B-,E-,3,B-,"(2, 5, 10)",V7,E-,G,B-,916.75,336.0
7335,B-,E-,3,B-,"(2, 5, 10)",V7,E-,G,B-,916.875,336.0
7336,B-,E-,4,B-,"(2, 5, 10)",V7,E-,G,B-,917.0,336.0
7337,B-,E-,4,B-,"(2, 5, 10)",V7,E-,G,B-,917.125,336.0
7338,B-,E-,4,B-,"(2, 5, 10)",V7,E-,G,B-,917.25,336.0
7339,B-,E-,4,B-,"(2, 5, 10)",V7,E-,G,B-,917.375,336.0
7340,B-,E-,0,B-,"(2, 5, 10)",V7,E-,G,B-,917.5,336.0
7341,B-,E-,4,B-,"(4, 7, 10)",V7,E-,G,B-,917.625,336.0
7342,B-,E,2,B-,"(4, 7, 10)",V7,E-,G,B-,917.75,336.0
7343,B-,E-,4,B-,"(4, 7, 10)",V7,E-,G,B-,917.875,336.0
7344,B-,E,0,B-,"(4, 7, 10)",V7,E-,G,B-,918.0,337.0
7345,B-,E,1,B-,"(4, 7, 10)",V7,E-,G,B-,918.125,337.0
7346,B-,E,3,B-,"(4, 7, 10)",V7,E-,G,B-,918.25,337.0
7347,B-,E,2,B-,"(4, 7, 10)",V7,E-,G,B-,918.375,337.0
7348,B-,E,3,B-,"(4, 7, 10)",V7,E-,G,B-,918.5,337.0
7349,B-,E,3,B-,"(4, 7, 10)",V7,E-,G,B-,918.625,337.0
7350,B-,E,3,B-,"(4, 7, 10)",V7,E-,G,B-,918.75,337.0
7351,B-,E,3,B-,"(4, 7, 10)",V7,E-,G,B-,918.875,337.0
7352,B-,F,0,B-,"(4, 7, 10)",V7,E-,G,B-,919.0,337.0
7353,B-,F,4,B-,"(4, 7, 10)",V7,E-,G,B-,919.125,337.0
7354,B-,F,2,B-,"(4, 7, 10)",V7,E-,G,B-,919.25,337.0
7355,B-,F,4,B-,"(4, 7, 10)",V7,E-,G,B-,919.375,337.0
7356,B-,F,3,B-,"(4, 7, 10)",V7,E-,G,B-,919.5,338.0
7357,B-,F,3,B-,"(4, 7, 10)",V7,E-,G,B-,919.625,338.0
7358,B-,F,3,B-,"(4, 7, 10)",V7,E-,G,B-,919.75,338.0
7359,B-,F,3,B-,"(4, 7, 10)",V7,E-,G,B-,919.875,338.0
7360,B-,F,4,B-,"(4, 7, 10)",V7,E-,G,B-,920.0,338.0
7361,B-,F,4,B-,"(4, 7, 10)",V7,E-,G,B-,920.125,338.0
7362,B-,F,4,B-,"(4, 7, 10)",V7,E-,G,B-,920.25,338.0
7363,B-,F,4,B-,"(4, 7, 10)",V7,E-,G,B-,920.375,338.0
7364,B-,E,4,B-,"(4, 7, 10)",V7,E,G,B-,920.5,338.0
7365,C,F,4,B-,"(4, 7, 10)",V7,E,G,B-,920.625,338.0
7366,C,F,2,B-,"(4, 7, 10)",V7,E,G,B-,920.75,338.0
7367,B-,F,4,B-,"(4, 7, 10)",V7,E,G,B-,920.875,338.0
7368,C,F,0,B-,"(4, 7, 10)",V7,E-,G,B-,921.0,339.0
7369,C,F,3,B-,"(4, 7, 10)",V7,E-,G,B-,921.125,339.0
7370,C,F,3,B-,"(4, 7, 10)",V7,E-,G,B-,921.25,339.0
7371,C,F,2,B-,"(4, 7, 10)",V7,E-,G,B-,921.375,339.0
7372,C,F,4,B-,"(4, 7, 10)",V7,E-,G,B-,921.5,339.0
7373,C,F,4,B-,"(4, 7, 10)",V7,E-,G,B-,921.625,339.0
7374,C,F,2,B-,"(4, 7, 10)",V7,E-,G,B-,921.75,339.0
7375,C,F,4,B-,"(4, 7, 10)",V7,E-,G,B-,921.875,339.0
7376,C,F,4,B-,"(4, 7, 10)",V7,E-,G,B-,922.0,339.0
7377,C,F,4,B-,"(4, 7, 10)",V7,E-,G,B-,922.125,339.0
7378,C,F,2,B-,"(4, 7, 10)",V7,E-,G,B-,922.25,339.0
7379,C,F,4,B-,"(4, 7, 10)",V7,E-,G,B-,922.375,339.0
7380,C,F,0,B-,"(0, 5, 9)",V7,F,A,B-,922.5,340.0
7381,C,F,1,B-,"(0, 5, 9)",V7,F,A,B-,922.625,340.0
7382,C,F,2,B-,"(0, 5, 9)",V7,F,A,B-,922.75,340.0
7383,C,F,2,B-,"(0, 5, 9)",V7,F,A,B-,922.875,340.0
7384,C,F,3,B-,"(0, 5, 9)",V7,F,A,B-,923.0,340.0
7385,C,F,3,B-,"(0, 5, 9)",V7,F,A,B-,923.125,340.0
7386,C,F,3,B-,"(0, 5, 9)",V7,F,A,B-,923.25,340.0
7387,C,F,3,B-,"(0, 5, 9)",V7,F,A,B-,923.375,340.0
7388,C,F,4,B-,"(0, 3, 5, 9)",V7,F,A,B-,923.5,340.0
7389,C,F,4,B-,"(0, 3, 5, 9)",V7,F,A,B-,923.625,340.0
7390,C,F,2,B-,"(0, 3, 5, 9)",V7,F,A,B-,923.75,340.0
7391,C,F,4,B-,"(0, 5, 9)",V7,F,A,B-,923.875,340.0
7392,C,F,0,B-,"(0, 3, 5, 9)",V7,F,A,B-,924.0,341.0
7393,C,F,1,B-,"(0, 3, 5, 9)",V7,F,A,B-,924.125,341.0
7394,C,F,2,B-,"(0, 3, 5, 9)",V7,F,A,B-,924.25,341.0
7395,C,F,2,B-,"(0, 3, 5, 9)",V7,F,A,B-,924.375,341.0
7396,C,F,3,B-,"(0, 3, 5, 9)",V7,F,A,B-,924.5,341.0
7397,C,F,3,B-,"(0, 3, 5, 9)",V7,F,A,B-,924.625,341.0
7398,C,F,3,B-,"(0, 3, 5, 9)",V7,F,A,B-,924.75,341.0
7399,C,F,3,B-,"(0, 3, 5, 9)",V7,F,A,B-,924.875,341.0
7400,C,F,4,B-,"(0, 3, 5, 9)",V7,F,A,B-,925.0,341.0
7401,C,F,4,B-,"(0, 3, 5, 9)",V7,F,A,B-,925.125,341.0
7402,C,F,2,B-,"(0, 3, 5, 9)",V7,F,A,B-,925.25,341.0
7403,C,F,4,B-,"(0, 3, 5, 9)",V7,F,A,B-,925.375,341.0
7404,C,F,0,B-,"(0, 3, 5, 9)",V7,F,A,B-,925.5,342.0
7405,C,F,3,B-,"(0, 3, 5, 9)",V7,F,A,B-,925.625,342.0
7406,C,F,2,B-,"(0, 3, 5, 9)",V7,F,A,B-,925.75,342.0
7407,C,F,2,B-,"(0, 3, 5, 9)",V7,F,A,B-,925.875,342.0
7408,C,F,3,B-,"(0, 3, 5, 9)",V7,F,A,B-,926.0,342.0
7409,C,F,3,B-,"(0, 3, 5, 9)",V7,F,A,B-,926.125,342.0
7410,C,F,2,B-,"(0, 3, 5, 9)",V7,F,A,B-,926.25,342.0
7411,C,F,3,B-,"(0, 3, 5, 9)",V7,F,A,B-,926.375,342.0
7412,C,F,4,B-,"(0, 3, 5, 9)",V7,F,A,B-,926.5,342.0
7413,C,F,4,B-,"(0, 3, 5, 9)",V7,F,A,B-,926.625,342.0
7414,C,F,2,B-,"(0, 3, 5, 9)",V7,F,A,B-,926.75,342.0
7415,C,F,4,B-,"(0, 3, 5, 9)",V7,F,A,B-,926.875,342.0
7416,C,F,0,B-,"(0, 3, 5, 9)",V7,F,A,B-,927.0,343.0
7417,C,F,1,B-,"(0, 3, 5, 9)",V7,F,A,B-,927.125,343.0
7418,C,F,2,B-,"(0, 3, 5, 9)",V7,F,A,B-,927.25,343.0
7419,C,F,2,B-,"(0, 3, 5, 9)",V7,F,A,B-,927.375,343.0
7420,C,F,3,B-,"(0, 3, 5, 9)",V7,F,A,B-,927.5,343.0
7421,C,F,3,B-,"(0, 3, 5, 9)",V7,F,A,B-,927.625,343.0
7422,C,F,3,B-,"(0, 3, 5, 9)",V7,F,A,B-,927.75,343.0
7423,C,F,3,B-,"(0, 3, 5, 9)",V7,F,A,B-,927.875,343.0
7424,C,F,4,B-,"(0, 3, 5, 9)",V7,F,A,B-,928.0,343.0
7425,C,F,4,B-,"(0, 3, 5, 9)",V7,F,A,B-,928.125,343.0
7426,C,F,2,B-,"(0, 3, 5, 9)",V7,F,A,B-,928.25,343.0
7427,C,F,4,B-,"(0, 3, 5, 9)",V7,F,A,B-,928.375,343.0
7428,C,F,3,B-,"(0, 3, 5, 9)",V7,E-,A,B-,928.5,344.0
7429,C,F,3,B-,"(0, 3, 5, 9)",V7,E-,A,B-,928.625,344.0
7430,C,F,3,B-,"(0, 3, 5, 9)",V7,E-,A,B-,928.75,344.0
7431,C,F,3,B-,"(0, 3, 5, 9)",V7,E-,A,B-,928.875,344.0
7432,C,F,4,B-,"(0, 3, 5, 9)",V7,E-,A,B-,929.0,344.0
7433,C,F,4,B-,"(0, 3, 5, 9)",V7,E-,A,B-,929.125,344.0
7434,C,F,4,B-,"(0, 3, 5, 9)",V7,E-,A,B-,929.25,344.0
7435,C,F,4,B-,"(0, 3, 5, 9)",V7,E-,A,B-,929.375,344.0
7436,C,F,4,B-,"(0, 3, 5, 9)",V7,E-,A,B-,929.5,344.0
7437,C,F,4,B-,"(0, 3, 5, 9)",V7,E-,A,B-,929.625,344.0
7438,C,F,2,B-,"(0, 3, 5, 9)",V7,E-,A,B-,929.75,344.0
7439,C,F,4,B-,"(0, 3, 5, 9)",V7,E-,A,B-,929.875,344.0
7440,C,F,0,B-,"(0, 3, 5, 9)",V7,E-,A,B-,930.0,345.0
7441,C,F,3,B-,"(0, 3, 5, 9)",V7,E-,A,B-,930.125,345.0
7442,C,F,3,B-,"(0, 3, 5, 9)",V7,E-,A,B-,930.25,345.0
7443,C,F,3,B-,"(0, 3, 5, 9)",V7,E-,A,B-,930.375,345.0
7444,C,F,4,B-,"(0, 3, 5, 9)",V7,E-,A,B-,930.5,345.0
7445,C,F,4,B-,"(0, 3, 5, 9)",V7,E-,A,B-,930.625,345.0
7446,C,F,4,B-,"(0, 3, 5, 9)",V7,E-,A,B-,930.75,345.0
7447,C,F,4,B-,"(0, 3, 5, 9)",V7,E-,A,B-,930.875,345.0
7448,C,F,0,B-,"(0, 3, 5, 9)",V7,E-,A,B-,931.0,345.0
7449,C,F,4,B-,"(0, 3, 5, 9)",V7,E-,A,B-,931.125,345.0
7450,C,F,2,B-,"(0, 3, 5, 9)",V7,E-,A,B-,931.25,345.0
7451,C,F,4,B-,"(0, 3, 5, 9)",V7,E-,A,B-,931.375,345.0
7452,C,F,3,B-,"(0, 3, 5, 9)",V7,E-,A,B-,931.5,346.0
7453,C,F,3,B-,"(0, 3, 5, 9)",V7,E-,A,B-,931.625,346.0
7454,C,F,3,B-,"(0, 3, 5, 9)",V7,E-,A,B-,931.75,346.0
7455,C,F,3,B-,"(0, 3, 5, 9)",V7,E-,A,B-,931.875,346.0
7456,C,F,4,B-,"(0, 3, 5, 9)",V7,E-,A,B-,932.0,346.0
7457,C,F,4,B-,"(0, 3, 5, 9)",V7,E-,A,B-,932.125,346.0
7458,C,F,4,B-,"(0, 3, 5, 9)",V7,E-,A,B-,932.25,346.0
7459,C,F,4,B-,"(0, 3, 5, 9)",V7,E-,A,B-,932.375,346.0
7460,C,F,4,B-,"(0, 3, 5, 9)",V7,E-,A,B-,932.5,346.0
7461,C,F,4,B-,"(0, 3, 5, 9)",V7,E-,A,B-,932.625,346.0
7462,C,F,2,B-,"(0, 3, 5, 9)",V7,E-,A,B-,932.75,346.0
7463,C,F,4,B-,"(0, 3, 5, 9)",V7,E-,A,B-,932.875,346.0
7464,C,F,3,B-,"(0, 3, 5, 9)",V7,E-,A,B-,933.0,347.0
7465,C,F,3,B-,"(0, 3, 5, 9)",V7,E-,A,B-,933.125,347.0
7466,C,F,3,B-,"(0, 3, 5, 9)",V7,E-,A,B-,933.25,347.0
7467,C,F,3,B-,"(0, 3, 5, 9)",V7,E-,A,B-,933.375,347.0
7468,C,F,4,B-,"(0, 3, 5, 9)",V7,E-,A,B-,933.5,347.0
7469,C,F,4,B-,"(0, 3, 5, 9)",V7,E-,A,B-,933.625,347.0
7470,C,F,4,B-,"(0, 3, 5, 9)",V7,E-,A,B-,933.75,347.0
7471,C,F,4,B-,"(0, 3, 5, 9)",V7,E-,A,B-,933.875,347.0
7472,C,F,4,B-,"(0, 3, 5, 9)",V7,E-,A,B-,934.0,347.0
7473,C,F,4,B-,"(0, 3, 5, 9)",V7,E-,A,B-,934.125,347.0
7474,C,F,2,B-,"(0, 3, 5, 9)",V7,C,A,B-,934.25,347.0
7475,C,F,4,B-,"(0, 3, 5, 9)",V7,E-,A,B-,934.375,347.0
7476,C,F,3,B-,"(0, 3, 5, 9)",V7,C,A,B-,934.5,348.0
7477,C,F,3,B-,"(0, 3, 5, 9)",V7,C,A,B-,934.625,348.0
7478,C,F,3,B-,"(0, 3, 5, 9)",V7,C,A,B-,934.75,348.0
7479,C,F,3,B-,"(0, 3, 5, 9)",V7,C,A,B-,934.875,348.0
7480,C,F,4,B-,"(0, 3, 5, 9)",V7,C,A,B-,935.0,348.0
7481,C,F,4,B-,"(0, 3, 5, 9)",V7,C,A,B-,935.125,348.0
7482,C,F,4,B-,"(0, 3, 5, 9)",V7,C,A,B-,935.25,348.0
7483,C,F,4,B-,"(0, 3, 5, 9)",V7,C,A,B-,935.375,348.0
7484,C,F,4,B-,"(0, 3, 5, 9)",V7,C,A,B-,935.5,348.0
7485,C,F,4,B-,"(0, 3, 5, 9)",V7,C,A,B-,935.625,348.0
7486,C,F,4,B-,"(0, 3, 5, 9)",V7,C,A,B-,935.75,348.0
7487,C,F,4,B-,"(0, 3, 5, 9)",V7,C,A,B-,935.875,348.0
7488,C,F,0,B-,"(0, 3, 5, 9)",V7,C,A,B-,936.0,349.0
7489,C,F,3,B-,"(0, 3, 5, 9)",V7,C,A,B-,936.125,349.0
7490,C,F,2,B-,"(0, 3, 5, 9)",V7,C,A,B-,936.25,349.0
7491,C,F,2,B-,"(0, 3, 5, 9)",V7,C,A,B-,936.375,349.0
7492,C,F,4,B-,"(0, 3, 7)",ii,C,A,B-,936.5,349.0
7493,C,F,4,B-,"(0, 3, 7)",ii,C,A,B-,936.625,349.0
7494,C,F,4,B-,"(0, 3, 7)",ii,C,A,B-,936.75,349.0
7495,C,F,4,B-,"(0, 3, 7)",ii,C,A,B-,936.875,349.0
7496,C,F,4,B-,"(0, 3, 7)",ii,C,A,B-,937.0,349.0
7497,C,F,4,B-,"(0, 3, 7)",ii,C,A,B-,937.125,349.0
7498,C,F,4,B-,"(0, 3, 7)",ii,C,A,B-,937.25,349.0
7499,C,F,4,B-,"(0, 3, 7)",ii,C,A,B-,937.375,349.0
7500,C,E-,0,B-,"(0, 3, 7)",V7,C,A,B-,937.5,350.0
7501,C,E-,3,B-,"(0, 3, 7)",ii,C,A,B-,937.625,350.0
7502,C,E-,3,B-,"(0, 3, 7)",ii,C,A,B-,937.75,350.0
7503,C,E-,2,B-,"(0, 3, 7)",ii,C,A,B-,937.875,350.0
7504,C,E-,4,B-,"(0, 3, 7)",ii,C,A,B-,938.0,350.0
7505,C,E-,4,B-,"(0, 3, 7)",ii,C,A,B-,938.125,350.0
7506,C,E-,4,B-,"(0, 3, 7)",ii,C,A,B-,938.25,350.0
7507,C,E-,4,B-,"(0, 3, 7)",ii,C,A,B-,938.375,350.0
7508,C,E-,4,B-,"(0, 3, 7)",ii,C,G,B-,938.5,350.0
7509,C,E-,2,B-,"(0, 3, 7)",ii,C,G,B-,938.625,350.0
7510,C,E-,4,B-,"(0, 3, 7)",ii,C,G,B-,938.75,350.0
7511,C,E-,4,B-,"(0, 3, 7)",ii,C,G,B-,938.875,350.0
7512,C,E-,3,B-,"(0, 3, 7)",ii,C,G,B-,939.0,351.0
7513,C,E-,3,B-,"(0, 3, 7)",ii,C,G,B-,939.125,351.0
7514,C,E-,3,B-,"(0, 3, 7)",ii,C,G,B-,939.25,351.0
7515,C,E-,3,B-,"(0, 3, 7)",ii,C,G,B-,939.375,351.0
7516,C,E-,4,B-,"(0, 3, 7)",ii,C,G,B-,939.5,351.0
7517,C,E-,4,B-,"(0, 3, 7)",ii,C,G,B-,939.625,351.0
7518,C,E-,4,B-,"(0, 3, 7)",ii,C,G,B-,939.75,351.0
7519,C,E-,4,B-,"(0, 3, 7)",ii,C,G,B-,939.875,351.0
7520,C,E-,4,B-,"(0, 3, 7)",ii,C,G,B-,940.0,351.0
7521,C,E-,4,B-,"(0, 3, 7)",ii,C,G,B-,940.125,351.0
7522,C,E-,4,B-,"(0, 3, 7)",ii,C,G,B-,940.25,351.0
7523,C,E-,4,B-,"(0, 3, 7)",ii,C,G,B-,940.375,351.0
7524,C,E-,3,B-,"(0, 3, 7)",ii,C,G,B-,940.5,352.0
7525,C,E-,3,B-,"(0, 3, 7)",ii,C,G,B-,940.625,352.0
7526,C,E-,3,B-,"(0, 3, 7)",ii,C,G,B-,940.75,352.0
7527,C,E-,3,B-,"(0, 3, 7)",ii,C,G,B-,940.875,352.0
7528,C,E-,4,B-,"(0, 3, 7)",ii,C,G,B-,941.0,352.0
7529,C,E-,4,B-,"(0, 3, 7)",ii,C,G,B-,941.125,352.0
7530,C,E-,4,B-,"(0, 3, 7)",ii,C,G,B-,941.25,352.0
7531,C,E-,4,B-,"(0, 3, 7)",ii,C,G,B-,941.375,352.0
7532,C,E-,4,B-,"(0, 3, 7)",ii,C,G,B-,941.5,352.0
7533,C,E-,4,B-,"(0, 3, 7)",ii,C,G,B-,941.625,352.0
7534,C,E-,4,B-,"(0, 3, 7)",ii,C,G,B-,941.75,352.0
7535,C,E-,4,B-,"(0, 3, 7)",ii,C,G,B-,941.875,352.0
7536,C,E-,0,B-,"(0, 3, 7)",ii,C,G,B-,942.0,353.0
7537,C,E-,2,B-,"(0, 3, 7)",ii,C,G,B-,942.125,353.0
7538,C,E-,3,B-,"(0, 3, 7)",ii,C,G,B-,942.25,353.0
7539,C,E-,3,B-,"(0, 3, 7)",ii,C,G,B-,942.375,353.0
7540,C,E-,4,B-,"(0, 3, 7)",ii,C,G,B-,942.5,353.0
7541,C,E-,4,B-,"(0, 3, 7)",ii,C,G,B-,942.625,353.0
7542,C,E-,4,B-,"(0, 3, 7)",ii,C,G,B-,942.75,353.0
7543,C,E-,4,B-,"(0, 3, 7)",ii,C,G,B-,942.875,353.0
7544,C,E-,4,B-,"(0, 3, 7)",ii,C,G,B-,943.0,353.0
7545,C,E-,4,B-,"(0, 3, 7)",ii,C,G,B-,943.125,353.0
7546,C,E-,4,B-,"(0, 3, 7)",ii,C,G,B-,943.25,353.0
7547,C,E-,4,B-,"(0, 3, 7)",ii,C,G,B-,943.375,353.0
7548,C,E-,3,B-,"(0, 3, 7)",V7,C,G,B-,943.5,354.0
7549,C,E-,3,B-,"(0, 3, 7)",V7,C,G,B-,943.625,354.0
7550,C,E-,3,B-,"(0, 3, 7)",ii,C,G,B-,943.75,354.0
7551,C,E-,3,B-,"(0, 3, 7)",V7,C,G,B-,943.875,354.0
7552,C,E-,4,B-,"(0, 3, 7)",ii,C,G,B-,944.0,354.0
7553,C,E-,4,B-,"(0, 3, 7)",ii,C,G,B-,944.125,354.0
7554,C,E-,4,B-,"(0, 3, 7)",ii,C,G,B-,944.25,354.0
7555,C,E-,4,B-,"(0, 3, 7)",ii,C,G,B-,944.375,354.0
7556,C,E-,4,B-,"(0, 3, 7)",ii,C,G,B-,944.5,354.0
7557,C,E-,4,B-,"(0, 3, 7)",ii,C,G,B-,944.625,354.0
7558,C,E-,4,B-,"(0, 3, 7)",ii,C,G,B-,944.75,354.0
7559,C,E-,4,B-,"(0, 3, 7)",ii,C,G,B-,944.875,354.0
7560,C,F,0,B-,"(0, 3, 7)",V7,C,G,B-,945.0,355.0
7561,C,F,2,B-,"(0, 3, 7)",V7,C,G,B-,945.125,355.0
7562,C,F,4,B-,"(0, 3, 7)",V7,C,A,B-,945.25,355.0
7563,C,F,4,B-,"(0, 3, 7)",V7,C,A,B-,945.375,355.0
7564,C,F,4,B-,"(0, 3, 5, 9)",V7,C,A,B-,945.5,355.0
7565,C,F,4,B-,"(0, 3, 5, 9)",V7,C,A,B-,945.625,355.0
7566,C,F,4,B-,"(0, 3, 5, 9)",V7,C,A,B-,945.75,355.0
7567,C,F,4,B-,"(0, 3, 5, 9)",V7,C,A,B-,945.875,355.0
7568,C,F,4,B-,"(0, 3, 5, 9)",V7,C,A,B-,946.0,355.0
7569,C,F,4,B-,"(0, 3, 5, 9)",V7,C,A,B-,946.125,355.0
7570,C,F,4,B-,"(0, 3, 5, 9)",V7,C,A,B-,946.25,355.0
7571,C,F,4,B-,"(0, 3, 5, 9)",V7,C,A,B-,946.375,355.0
7572,C,F,3,B-,"(0, 3, 5, 9)",V7,C,A,B-,946.5,356.0
7573,C,F,3,B-,"(0, 3, 5, 9)",V7,C,A,B-,946.625,356.0
7574,C,F,3,B-,"(0, 3, 5, 9)",V7,C,A,B-,946.75,356.0
7575,C,F,3,B-,"(0, 3, 5, 9)",V7,C,A,B-,946.875,356.0
7576,C,F,4,B-,"(0, 3, 5, 9)",V7,C,A,B-,947.0,356.0
7577,C,F,2,B-,"(0, 3, 5, 9)",V7,C,A,B-,947.125,356.0
7578,C,F,4,B-,"(0, 3, 5, 9)",V7,C,A,B-,947.25,356.0
7579,C,F,4,B-,"(0, 3, 5, 9)",V7,C,A,B-,947.375,356.0
7580,C,F,4,B-,"(0, 3, 5, 9)",V7,C,A,B-,947.5,356.0
7581,C,F,4,B-,"(0, 3, 5, 9)",V7,C,A,B-,947.625,356.0
7582,C,F,4,B-,"(0, 3, 5, 9)",V7,C,A,B-,947.75,356.0
7583,C,F,4,B-,"(0, 3, 5, 9)",V7,C,A,B-,947.875,356.0
7584,C,F,3,B-,"(0, 3, 5, 9)",V7,C,A,B-,948.0,357.0
7585,C,F,3,B-,"(0, 3, 5, 9)",V7,C,A,B-,948.125,357.0
7586,C,F,3,B-,"(0, 3, 5, 9)",V7,C,A,B-,948.25,357.0
7587,C,F,3,B-,"(0, 3, 5, 9)",V7,C,A,B-,948.375,357.0
7588,C,F,4,B-,"(0, 3, 5, 9)",V7,C,A,B-,948.5,357.0
7589,C,F,4,B-,"(0, 3, 5, 9)",V7,C,A,B-,948.625,357.0
7590,C,F,4,B-,"(0, 3, 5, 9)",V7,C,A,B-,948.75,357.0
7591,C,F,4,B-,"(0, 3, 5, 9)",V7,C,A,B-,948.875,357.0
7592,C,F,4,B-,"(0, 3, 5, 9)",V7,C,A,B-,949.0,357.0
7593,C,F,4,B-,"(0, 3, 5, 9)",V7,C,A,B-,949.125,357.0
7594,C,F,4,B-,"(0, 3, 5, 9)",V7,C,A,B-,949.25,357.0
7595,C,F,4,B-,"(0, 3, 5, 9)",V7,C,A,B-,949.375,357.0
7596,C,F,0,B-,"(0, 3, 5, 9)",V7,C,A,B-,949.5,358.0
7597,C,F,1,B-,"(0, 3, 5, 9)",V7,C,A,B-,949.625,358.0
7598,C,F,2,B-,"(0, 3, 5, 9)",V7,C,A,B-,949.75,358.0
7599,C,F,2,B-,"(0, 3, 5, 9)",V7,C,A,B-,949.875,358.0
7600,C,F,3,B-,"(0, 3, 5, 9)",V7,C,A,B-,950.0,358.0
7601,C,F,2,B-,"(0, 3, 5, 9)",V7,C,A,B-,950.125,358.0
7602,C,F,4,B-,"(0, 3, 5, 9)",V7,C,A,B-,950.25,358.0
7603,C,F,3,B-,"(0, 3, 5, 9)",V7,C,A,B-,950.375,358.0
7604,C,F,4,B-,"(0, 3, 5, 9)",V7,E-,A,B-,950.5,358.0
7605,C,F,4,B-,"(0, 3, 5, 9)",V7,E-,A,B-,950.625,358.0
7606,C,F,4,B-,"(0, 3, 5, 9)",V7,E-,A,B-,950.75,358.0
7607,C,F,4,B-,"(0, 3, 5, 9)",V7,E-,A,B-,950.875,358.0
7608,C,F,3,B-,"(0, 3, 5, 9)",V7,F,A,B-,951.0,359.0
7609,C,F,3,B-,"(0, 3, 5, 9)",V7,F,A,B-,951.125,359.0
7610,C,F,3,B-,"(0, 3, 5, 9)",V7,F,A,B-,951.25,359.0
7611,C,F,3,B-,"(0, 3, 5, 9)",V7,F,A,B-,951.375,359.0
7612,C,F,4,B-,"(0, 3, 5, 9)",V7,F,A,B-,951.5,359.0
7613,C,F,4,B-,"(0, 3, 5, 9)",V7,F,A,B-,951.625,359.0
7614,C,F,4,B-,"(0, 3, 5, 9)",V7,F,A,B-,951.75,359.0
7615,C,F,4,B-,"(0, 3, 5, 9)",V7,F,A,B-,951.875,359.0
7616,C,F,4,B-,"(0, 3, 5, 9)",V7,F,A,B-,952.0,359.0
7617,C,F,4,B-,"(0, 3, 5, 9)",V7,F,A,B-,952.125,359.0
7618,C,F,4,B-,"(0, 3, 5, 9)",V7,F,A,B-,952.25,359.0
7619,C,F,4,B-,"(0, 3, 5, 9)",V7,F,A,B-,952.375,359.0
7620,F,F,3,B-,"(0, 3, 5, 9)",V7,F,A,B-,952.5,360.0
7621,F,F,3,B-,"(0, 3, 5, 9)",V7,F,A,B-,952.625,360.0
7622,F,F,3,B-,"(0, 3, 5, 9)",V7,F,A,B-,952.75,360.0
7623,F,F,3,B-,"(0, 3, 5, 9)",V7,F,A,B-,952.875,360.0
7624,F,F,4,B-,"(0, 3, 5, 9)",V7,F,D,B-,953.0,360.0
7625,F,F,4,B-,"(0, 3, 5, 9)",V7,F,D,B-,953.125,360.0
7626,F,F,4,B-,"(0, 3, 5, 9)",V7,F,A,B-,953.25,360.0
7627,F,F,4,B-,"(0, 3, 5, 9)",V7,F,A,B-,953.375,360.0
7628,C,F,4,B-,"(0, 3, 5, 9)",V7,F,A,B-,953.5,360.0
7629,C,F,4,B-,"(0, 3, 5, 9)",V7,F,A,B-,953.625,360.0
7630,C,F,4,B-,"(0, 3, 5, 9)",V7,F,A,B-,953.75,360.0
7631,C,F,4,B-,"(0, 3, 5, 9)",V7,F,A,B-,953.875,360.0
7632,C,F,0,B-,"(0, 3, 5, 9)",V7,E-,A,B-,954.0,361.0
7633,C,F,1,B-,"(0, 3, 5, 9)",V7,E-,A,B-,954.125,361.0
7634,C,F,2,B-,"(0, 3, 5, 9)",V7,E-,A,B-,954.25,361.0
7635,C,F,2,B-,"(0, 3, 5, 9)",V7,E-,A,B-,954.375,361.0
7636,C,F,3,B-,"(0, 3, 5, 9)",V7,E-,A,B-,954.5,361.0
7637,C,F,3,B-,"(0, 3, 5, 9)",V7,E-,A,B-,954.625,361.0
7638,C,F,3,B-,"(0, 3, 5, 9)",V7,E-,A,B-,954.75,361.0
7639,C,F,3,B-,"(0, 3, 5, 9)",V7,E-,A,B-,954.875,361.0
7640,C,F,4,B-,"(0, 3, 5, 9)",V7,E-,A,B-,955.0,361.0
7641,C,F,4,B-,"(0, 3, 5, 9)",V7,E-,A,B-,955.125,361.0
7642,C,F,4,B-,"(0, 3, 5, 9)",V7,E-,A,B-,955.25,361.0
7643,C,F,4,B-,"(0, 3, 5, 9)",V7,E-,A,B-,955.375,361.0
7644,F,B-,0,B-,"(2, 5, 10)",I,B-,D,B-,955.5,362.0
7645,F,B-,1,B-,"(2, 5, 10)",I,B-,D,B-,955.625,362.0
7646,F,B-,2,B-,"(2, 5, 10)",I,B-,D,B-,955.75,362.0
7647,F,B-,2,B-,"(2, 5, 10)",I,B-,D,B-,955.875,362.0
7648,F,B-,3,B-,"(2, 5, 10)",I,B-,D,B-,956.0,362.0
7649,F,B-,3,B-,"(2, 5, 10)",I,B-,D,B-,956.125,362.0
7650,F,B-,3,B-,"(2, 5, 10)",I,B-,D,B-,956.25,362.0
7651,F,B-,3,B-,"(2, 5, 10)",I,B-,D,B-,956.375,362.0
7652,F,B-,4,B-,"(2, 5, 10)",I,B-,D,B-,956.5,362.0
7653,F,B-,4,B-,"(2, 5, 10)",I,B-,D,B-,956.625,362.0
7654,F,B-,4,B-,"(2, 5, 10)",I,B-,D,B-,956.75,362.0
7655,F,B-,4,B-,"(2, 5, 10)",I,B-,D,B-,956.875,362.0
7656,F,B-,4,B-,"(2, 5, 10)",I,B-,D,B-,957.0,362.0
7657,F,B-,4,B-,"(2, 5, 10)",I,B-,D,B-,957.125,362.0
7658,F,B-,4,B-,"(2, 5, 10)",I,B-,D,B-,957.25,362.0
7659,F,B-,4,B-,"(2, 5, 10)",I,B-,D,B-,957.375,362.0
7660,F,B-,5,B-,"(2, 5, 10)",I,B-,D,B-,957.5,362.0
7661,F,B-,5,B-,"(2, 5, 10)",I,B-,D,B-,957.625,362.0
7662,F,B-,5,B-,"(2, 5, 10)",I,B-,D,B-,957.75,362.0
7663,F,B-,5,B-,"(2, 5, 10)",I,B-,D,B-,957.875,362.0
7664,F,B-,5,B-,"(2, 5, 10)",I,B-,D,B-,958.0,362.0
7665,F,B-,5,B-,"(2, 5, 10)",I,B-,D,B-,958.125,362.0
7666,F,B-,5,B-,"(2, 5, 10)",I,B-,D,B-,958.25,362.0
7667,F,B-,5,B-,"(2, 5, 10)",I,B-,D,B-,958.375,362.0
7668,F,B-,5,B-,"(2, 5, 10)",I,B-,D,B-,958.5,362.0
7669,F,B-,5,B-,"(2, 5, 10)",I,B-,D,B-,958.625,362.0
7670,F,B-,5,B-,"(2, 5, 10)",I,B-,D,B-,958.75,362.0
7671,F,B-,5,B-,"(2, 5, 10)",I,B-,D,B-,958.875,362.0
7672,F,B-,5,B-,"(2, 5, 10)",I,B-,D,B-,959.0,362.0
7673,F,B-,5,B-,"(2, 5, 10)",I,B-,D,B-,959.125,362.0
7674,F,B-,5,B-,"(2, 5, 10)",I,B-,D,B-,959.25,362.0
7675,F,B-,5,B-,"(2, 5, 10)",I,B-,D,B-,959.375,362.0
7676,C,F,0,B-,"(0, 5, 9)",V,F,A,B-,959.5,363.0
7677,C,F,1,B-,"(0, 5, 9)",V,F,A,B-,959.625,363.0
7678,C,F,2,B-,"(0, 5, 9)",V,F,A,B-,959.75,363.0
7679,C,F,2,B-,"(0, 3, 5, 9)",V,F,A,B-,959.875,363.0
7680,C,F,3,B-,"(0, 5, 9)",V,F,A,B-,960.0,363.0
7681,C,F,3,B-,"(0, 5, 9)",V,F,A,B-,960.125,363.0
7682,C,F,3,B-,"(0, 5, 9)",V,F,A,B-,960.25,363.0
7683,C,F,3,B-,"(0, 5, 9)",V,F,A,B-,960.375,363.0
7684,C,F,4,B-,"(0, 5, 9)",V,F,A,F,960.5,363.0
7685,C,F,4,B-,"(0, 5, 9)",V,F,A,F,960.625,363.0
7686,C,F,4,B-,"(0, 5, 9)",V,F,A,F,960.75,363.0
7687,C,F,4,B-,"(0, 5, 9)",V,F,A,F,960.875,363.0
7688,C,F,4,B-,"(0, 5, 9)",V,F,A,F,961.0,363.0
7689,C,F,4,B-,"(0, 5, 9)",V,F,A,F,961.125,363.0
7690,C,F,4,B-,"(0, 5, 9)",V,F,A,F,961.25,363.0
7691,C,F,4,B-,"(0, 5, 9)",V,F,A,F,961.375,363.0
7692,C,F,5,B-,"(0, 5, 9)",V,F,A,B-,961.5,363.0
7693,C,F,5,B-,"(0, 5, 9)",V,F,A,B-,961.625,363.0
7694,C,F,5,B-,"(0, 5, 9)",V,F,A,B-,961.75,363.0
7695,C,F,5,B-,"(0, 5, 9)",V,F,A,B-,961.875,363.0
7696,C,F,5,B-,"(0, 5, 9)",V,F,A,B-,962.0,363.0
7697,C,F,5,B-,"(0, 5, 9)",V,F,A,B-,962.125,363.0
7698,C,F,5,B-,"(0, 5, 9)",V,F,A,B-,962.25,363.0
7699,C,F,5,B-,"(0, 5, 9)",V,F,A,B-,962.375,363.0
7700,C,F,5,B-,"(0, 5, 9)",V,F,A,B-,962.5,363.0
7701,C,F,5,B-,"(0, 5, 9)",V,F,A,B-,962.625,363.0
7702,C,F,5,B-,"(0, 5, 9)",V,F,A,B-,962.75,363.0
7703,C,F,5,B-,"(0, 5, 9)",V,F,A,B-,962.875,363.0
7704,C,F,5,B-,"(0, 5, 9)",V,F,A,B-,963.0,363.0
7705,C,F,5,B-,"(0, 5, 9)",V,F,A,B-,963.125,363.0
7706,C,F,5,B-,"(0, 5, 9)",V,F,A,B-,963.25,363.0
7707,C,F,5,B-,"(0, 5, 9)",V,F,A,B-,963.375,363.0
7708,C,F,0,B-,"(0, 5, 9)",V,F,A,B-,963.5,364.0
7709,C,F,1,B-,"(0, 5, 9)",V,F,A,B-,963.625,364.0
7710,C,F,2,B-,"(0, 5, 9)",V,F,A,B-,963.75,364.0
7711,C,F,2,B-,"(0, 5, 9)",V,F,A,B-,963.875,364.0
7712,C,F,3,B-,"(0, 5, 9)",V,F,A,B-,964.0,364.0
7713,C,F,3,B-,"(0, 5, 9)",V,F,A,B-,964.125,364.0
7714,C,F,3,B-,"(0, 5, 9)",V,F,A,B-,964.25,364.0
7715,C,F,3,B-,"(0, 5, 9)",V,F,A,B-,964.375,364.0
7716,C,F,4,B-,"(0, 5, 9)",V,F,A,B-,964.5,364.0
7717,C,F,4,B-,"(0, 5, 9)",V,F,A,B-,964.625,364.0
7718,C,F,4,B-,"(0, 5, 9)",V,F,A,B-,964.75,364.0
7719,C,F,4,B-,"(0, 5, 9)",V,F,A,B-,964.875,364.0
7720,C,F,4,B-,"(0, 5, 9)",V,F,A,B-,965.0,364.0
7721,C,F,4,B-,"(0, 5, 9)",V,F,A,B-,965.125,364.0
7722,C,F,4,B-,"(0, 5, 9)",V,F,A,B-,965.25,364.0
7723,C,F,4,B-,"(0, 5, 9)",V,F,A,B-,965.375,364.0
7724,C,F,5,B-,"(0, 5, 9)",V7,F,A,B-,965.5,364.0
7725,C,F,5,B-,"(0, 5, 9)",V7,F,A,B-,965.625,364.0
7726,C,F,5,B-,"(0, 5, 9)",V7,F,A,B-,965.75,364.0
7727,C,F,5,B-,"(0, 5, 9)",V7,F,A,B-,965.875,364.0
7728,C,F,5,B-,"(0, 5, 9)",V7,F,A,B-,966.0,364.0
7729,C,F,5,B-,"(0, 5, 9)",V7,F,A,B-,966.125,364.0
7730,C,F,5,B-,"(0, 5, 9)",V7,F,A,B-,966.25,364.0
7731,C,F,5,B-,"(0, 5, 9)",V7,F,A,B-,966.375,364.0
7732,C,F#,0,B-,"(0, 3, 6, 9)",V7,E-,A,B-,966.5,364.0
7733,C,F#,1,B-,"(0, 3, 6, 9)",viio7,E-,A,B-,966.625,364.0
7734,C,F#,5,B-,"(0, 3, 6, 9)",viio7,E-,A,B-,966.75,364.0
7735,C,F#,2,B-,"(0, 3, 6, 9)",viio7,E-,A,B-,966.875,364.0
7736,C,F#,3,B-,"(0, 3, 6, 9)",viio7,E-,A,B-,967.0,364.0
7737,C,F#,3,B-,"(0, 3, 6, 9)",viio7,E-,A,B-,967.125,364.0
7738,C,F#,3,B-,"(0, 3, 6, 9)",viio7,E-,A,B-,967.25,364.0
7739,C,F#,3,B-,"(0, 3, 6, 9)",viio7,E-,A,B-,967.375,364.0
7740,D,G,0,B-,"(2, 7, 10)",vi,G,B-,B-,967.5,365.0
7741,D,G,1,B-,"(2, 7, 10)",vi,G,B-,B-,967.625,365.0
7742,D,G,2,B-,"(2, 7, 10)",vi,G,B-,B-,967.75,365.0
7743,D,G,2,B-,"(2, 7, 10)",vi,G,B-,B-,967.875,365.0
7744,D,G,3,B-,"(2, 7, 10)",vi,G,B-,B-,968.0,365.0
7745,D,G,3,B-,"(2, 7, 10)",vi,G,B-,B-,968.125,365.0
7746,D,G,3,B-,"(2, 7, 10)",vi,G,B-,B-,968.25,365.0
7747,D,G,3,B-,"(2, 7, 10)",vi,G,B-,B-,968.375,365.0
7748,D,G,4,B-,"(2, 7, 10)",vi,G,B-,B-,968.5,365.0
7749,D,G,4,B-,"(2, 7, 10)",vi,G,B-,B-,968.625,365.0
7750,D,G,4,B-,"(2, 7, 10)",vi,G,B-,B-,968.75,365.0
7751,D,G,4,B-,"(2, 7, 10)",vi,G,B-,B-,968.875,365.0
7752,D,G,4,B-,"(2, 7, 10)",vi,G,B-,B-,969.0,365.0
7753,D,G,4,B-,"(2, 7, 10)",vi,G,B-,B-,969.125,365.0
7754,D,G,4,B-,"(2, 7, 10)",vi,G,B-,B-,969.25,365.0
7755,D,G,4,B-,"(2, 7, 10)",vi,G,B-,B-,969.375,365.0
7756,D,B-,5,B-,"(2, 7, 10)",vi,G,B-,B-,969.5,365.0
7757,D,B-,5,B-,"(2, 7, 10)",vi,G,B-,B-,969.625,365.0
7758,D,B-,5,B-,"(2, 7, 10)",vi,G,B-,B-,969.75,365.0
7759,D,B-,5,B-,"(2, 7, 10)",vi,G,B-,B-,969.875,365.0
7760,D,B-,5,B-,"(2, 7, 10)",vi,G,B-,B-,970.0,365.0
7761,D,B-,5,B-,"(2, 7, 10)",vi,G,B-,B-,970.125,365.0
7762,D,B-,5,B-,"(2, 7, 10)",vi,G,B-,B-,970.25,365.0
7763,D,B-,5,B-,"(2, 7, 10)",vi,G,B-,B-,970.375,365.0
7764,G,B-,5,B-,"(2, 7, 10)",vi,B-,B-,B-,970.5,365.0
7765,G,B-,5,B-,"(2, 7, 10)",ii,B-,B-,B-,970.625,365.0
7766,G,B-,5,B-,"(2, 7, 10)",ii,G,B-,B-,970.75,365.0
7767,G,B-,5,B-,"(2, 7, 10)",ii,G,B-,B-,970.875,365.0
7768,G,B-,5,B-,"(2, 7, 10)",ii,G,B-,B-,971.0,365.0
7769,G,B-,5,B-,"(2, 7, 10)",ii,G,B-,B-,971.125,365.0
7770,G,B-,5,B-,"(2, 7, 10)",ii,G,B-,B-,971.25,365.0
7771,G,G,5,B-,"(2, 7, 10)",ii,G,B-,B-,971.375,365.0
7772,B-,E,0,B-,"(0, 4, 7, 10)",V7,C,G,F,971.5,366.0
7773,B-,E,1,B-,"(0, 4, 7, 10)",V7,C,G,F,971.625,366.0
7774,B-,E,2,B-,"(0, 4, 7, 10)",V7,C,G,F,971.75,366.0
7775,B-,E,2,B-,"(0, 4, 7, 10)",V7,C,G,F,971.875,366.0
7776,B-,E,3,B-,"(0, 4, 7, 10)",V7,C,G,F,972.0,366.0
7777,B-,E,3,B-,"(0, 4, 7, 10)",V7,C,G,F,972.125,366.0
7778,B-,E,3,B-,"(0, 4, 7, 10)",V7,C,G,F,972.25,366.0
7779,B-,E,3,B-,"(0, 4, 7, 10)",V7,C,G,F,972.375,366.0
7780,B-,E,4,B-,"(0, 4, 7, 10)",V7,C,G,F,972.5,366.0
7781,B-,E,4,B-,"(0, 4, 7, 10)",V7,C,G,F,972.625,366.0
7782,B-,E,4,B-,"(0, 4, 7, 10)",V7,C,G,F,972.75,366.0
7783,B-,E,4,B-,"(0, 4, 7, 10)",V7,C,G,F,972.875,366.0
7784,B-,E,4,B-,"(0, 4, 7, 10)",V7,C,G,F,973.0,366.0
7785,B-,E,4,B-,"(0, 4, 7, 10)",V7,C,G,F,973.125,366.0
7786,B-,E,4,B-,"(0, 4, 7, 10)",V7,C,G,F,973.25,366.0
7787,B-,E,4,B-,"(0, 4, 7, 10)",V7,C,G,F,973.375,366.0
7788,B-,E,5,B-,"(0, 4, 7, 10)",V7,C,G,F,973.5,366.0
7789,B-,E,5,B-,"(0, 4, 7, 10)",V7,C,G,F,973.625,366.0
7790,B-,E,5,B-,"(0, 4, 7, 10)",V7,C,G,F,973.75,366.0
7791,B-,E,5,B-,"(0, 4, 7, 10)",V7,C,G,F,973.875,366.0
7792,B-,E,5,B-,"(0, 4, 7, 10)",V7,C,G,F,974.0,366.0
7793,B-,E,5,B-,"(0, 4, 7, 10)",V7,C,G,F,974.125,366.0
7794,B-,E,5,B-,"(0, 4, 7, 10)",V7,C,G,F,974.25,366.0
7795,B-,E,5,B-,"(0, 4, 7, 10)",V7,C,G,F,974.375,366.0
7796,B-,E,5,B-,"(0, 4, 7, 10)",V7,C,G,F,974.5,366.0
7797,B-,E,5,B-,"(0, 4, 7, 10)",V7,C,G,F,974.625,366.0
7798,B-,E,5,B-,"(0, 4, 7, 10)",V7,C,G,F,974.75,366.0
7799,B-,E,5,B-,"(0, 4, 7, 10)",V7,C,G,F,974.875,366.0
7800,B-,E,5,B-,"(0, 4, 7, 10)",V7,C,G,F,975.0,366.0
7801,B-,E,5,B-,"(0, 4, 7, 10)",V7,C,G,F,975.125,366.0
7802,B-,E,5,B-,"(0, 4, 7, 10)",V7,C,G,F,975.25,366.0
7803,B-,E,5,B-,"(0, 4, 7, 10)",V7,C,G,F,975.375,366.0
7804,C,F,0,B-,"(2, 5, 10)",I,B-,B-,B-,975.5,367.0
7805,C,F,1,B-,"(2, 5, 10)",I,B-,B-,B-,975.625,367.0
7806,C,F,2,B-,"(2, 5, 10)",I,B-,B-,B-,975.75,367.0
7807,C,F,2,B-,"(2, 5, 10)",I,B-,B-,B-,975.875,367.0
7808,C,F,3,B-,"(2, 5, 10)",I,B-,B-,B-,976.0,367.0
7809,C,F,3,B-,"(2, 5, 10)",I,B-,B-,B-,976.125,367.0
7810,C,F,3,B-,"(2, 5, 10)",I,B-,B-,B-,976.25,367.0
7811,C,F,3,B-,"(2, 5, 10)",I,B-,B-,B-,976.375,367.0
7812,C,F,4,B-,"(2, 5, 10)",I,B-,B-,B-,976.5,367.0
7813,C,F,4,B-,"(2, 5, 10)",I,B-,B-,B-,976.625,367.0
7814,C,F,4,B-,"(2, 5, 10)",I,B-,B-,B-,976.75,367.0
7815,C,F,4,B-,"(2, 5, 10)",I,B-,B-,B-,976.875,367.0
7816,C,F,4,B-,"(2, 5, 10)",I,B-,B-,B-,977.0,367.0
7817,C,F,4,B-,"(2, 5, 10)",I,B-,B-,B-,977.125,367.0
7818,C,F,4,B-,"(2, 5, 10)",I,B-,B-,B-,977.25,367.0
7819,C,F,4,B-,"(2, 5, 10)",I,B-,A,B-,977.375,367.0
7820,C,F,5,B-,"(0, 5, 9)",I,B-,A,B-,977.5,367.0
7821,C,F,5,B-,"(0, 5, 9)",I,B-,A,B-,977.625,367.0
7822,C,F,5,B-,"(0, 5, 9)",I,B-,A,B-,977.75,367.0
7823,C,F,5,B-,"(0, 5, 9)",I,B-,A,B-,977.875,367.0
7824,C,F,5,B-,"(0, 5, 9)",I,B-,A,B-,978.0,367.0
7825,C,F,5,B-,"(0, 5, 9)",I,B-,A,B-,978.125,367.0
7826,C,F,5,B-,"(0, 5, 9)",I,B-,A,B-,978.25,367.0
7827,C,F,5,B-,"(0, 5, 9)",I,B-,A,B-,978.375,367.0
7828,C,F,5,B-,"(0, 5, 9)",I,F,A,B-,978.5,367.0
7829,C,F,5,B-,"(0, 5, 9)",I,F,A,B-,978.625,367.0
7830,C,F,5,B-,"(0, 5, 9)",I,F,A,B-,978.75,367.0
7831,C,F,5,B-,"(0, 5, 9)",I,F,A,B-,978.875,367.0
7832,C,F,5,B-,"(0, 5, 9)",I,F,A,B-,979.0,367.0
7833,C,F,5,B-,"(0, 5, 9)",I,F,A,B-,979.125,367.0
7834,C,F,5,B-,"(0, 5, 9)",I,F,A,B-,979.25,367.0
7835,C,F,5,B-,"(0, 5, 9)",I,F,A,B-,979.375,367.0
7836,C,F,0,B-,"(0, 3, 5, 9)",V7,E-,A,B-,979.5,368.0
7837,C,F,1,B-,"(0, 3, 5, 9)",V7,E-,A,B-,979.625,368.0
7838,C,F,2,B-,"(0, 3, 5, 9)",V7,E-,A,B-,979.75,368.0
7839,C,F,2,B-,"(0, 3, 5, 9)",V7,E-,A,B-,979.875,368.0
7840,C,F,3,B-,"(0, 3, 5, 9)",V7,E-,A,B-,980.0,368.0
7841,C,F,3,B-,"(0, 3, 5, 9)",V7,E-,A,B-,980.125,368.0
7842,C,F,3,B-,"(0, 3, 5, 9)",V7,E-,A,B-,980.25,368.0
7843,C,F,3,B-,"(0, 3, 5, 9)",V7,E-,A,B-,980.375,368.0
7844,C,F,4,B-,"(0, 3, 5, 9)",V7,E-,A,B-,980.5,368.0
7845,C,F,4,B-,"(0, 3, 5, 9)",V7,E-,A,B-,980.625,368.0
7846,C,F,4,B-,"(0, 3, 5, 9)",V7,E-,A,B-,980.75,368.0
7847,C,F,4,B-,"(0, 3, 5, 9)",V7,E-,A,B-,980.875,368.0
7848,C,F,4,B-,"(0, 3, 5, 9)",V7,E-,A,B-,981.0,368.0
7849,C,F,4,B-,"(0, 3, 5, 9)",V7,E-,A,B-,981.125,368.0
7850,C,F,4,B-,"(0, 3, 5, 9)",V7,E-,A,B-,981.25,368.0
7851,C,F,4,B-,"(0, 3, 5, 9)",V7,E-,A,B-,981.375,368.0
7852,C,F,5,B-,"(0, 3, 5, 9)",V7,E-,A,B-,981.5,368.0
7853,C,F,5,B-,"(0, 3, 5, 9)",V7,E-,A,B-,981.625,368.0
7854,C,F,5,B-,"(0, 3, 5, 9)",V7,E-,A,B-,981.75,368.0
7855,C,F,5,B-,"(0, 3, 5, 9)",V7,E-,A,B-,981.875,368.0
7856,C,F,5,B-,"(0, 3, 5, 9)",V7,E-,A,B-,982.0,368.0
7857,C,F,5,B-,"(0, 3, 5, 9)",V7,E-,A,B-,982.125,368.0
7858,C,F,5,B-,"(0, 3, 5, 9)",V7,E-,A,B-,982.25,368.0
7859,C,F,5,B-,"(0, 3, 5, 9)",V7,E-,A,B-,982.375,368.0
7860,C,F,5,B-,"(0, 3, 5, 9)",V7,E-,A,B-,982.5,368.0
7861,C,F,5,B-,"(0, 3, 5, 9)",V7,E-,A,B-,982.625,368.0
7862,C,F,5,B-,"(0, 3, 5, 9)",V7,E-,A,B-,982.75,368.0
7863,C,F,5,B-,"(0, 3, 5, 9)",V7,E-,A,B-,982.875,368.0
7864,C,F,5,B-,"(0, 3, 5, 9)",V7,E-,A,B-,983.0,368.0
7865,C,F,5,B-,"(0, 3, 5, 9)",V7,E-,A,B-,983.125,368.0
7866,C,F,5,B-,"(0, 3, 5, 9)",V7,E-,A,B-,983.25,368.0
7867,C,F,5,B-,"(0, 3, 5, 9)",V7,E-,A,B-,983.375,368.0
7868,F,B-,0,B-,"(2, 5, 10)",I,B-,D,B-,983.5,369.0
7869,F,B-,1,B-,"(2, 5, 10)",I,B-,D,B-,983.625,369.0
7870,F,B-,2,B-,"(2, 5, 10)",I,B-,D,B-,983.75,369.0
7871,F,B-,2,B-,"(2, 5, 10)",I,B-,D,B-,983.875,369.0
7872,F,B-,3,B-,"(2, 5, 10)",I,B-,D,B-,984.0,369.0
7873,F,B-,3,B-,"(2, 5, 10)",I,B-,D,B-,984.125,369.0
7874,F,B-,3,B-,"(2, 5, 10)",I,B-,D,B-,984.25,369.0
7875,F,B-,3,B-,"(2, 5, 10)",I,B-,D,B-,984.375,369.0
7876,F,B-,4,B-,"(2, 5, 10)",I,B-,D,B-,984.5,369.0
7877,F,B-,4,B-,"(2, 5, 10)",I,B-,D,B-,984.625,369.0
7878,F,B-,4,B-,"(2, 5, 10)",I,B-,D,B-,984.75,369.0
7879,F,B-,4,B-,"(2, 5, 10)",I,B-,D,B-,984.875,369.0
7880,F,B-,4,B-,"(2, 5, 10)",I,B-,D,B-,985.0,369.0
7881,F,B-,4,B-,"(2, 5, 10)",I,B-,D,B-,985.125,369.0
7882,F,B-,4,B-,"(2, 5, 10)",I,B-,D,B-,985.25,369.0
7883,F,B-,4,B-,"(2, 5, 10)",I,B-,D,B-,985.375,369.0
7884,F,B-,5,B-,"(2, 5, 10)",I,B-,D,B-,985.5,369.0
7885,F,B-,5,B-,"(2, 5, 10)",I,B-,D,B-,985.625,369.0
7886,F,B-,5,B-,"(2, 5, 10)",I,B-,D,B-,985.75,369.0
7887,F,B-,5,B-,"(2, 5, 10)",I,B-,D,B-,985.875,369.0
7888,F,B-,5,B-,"(2, 5, 10)",I,B-,D,B-,986.0,369.0
7889,F,B-,5,B-,"(2, 5, 10)",I,B-,D,B-,986.125,369.0
7890,F,B-,5,B-,"(2, 5, 10)",I,B-,D,B-,986.25,369.0
7891,F,B-,5,B-,"(2, 5, 10)",I,B-,D,B-,986.375,369.0
7892,F,B-,5,B-,"(2, 5, 10)",I,B-,D,B-,986.5,369.0
7893,F,B-,5,B-,"(2, 5, 10)",I,B-,D,B-,986.625,369.0
7894,F,B-,5,B-,"(2, 5, 10)",I,B-,D,B-,986.75,369.0
7895,F,B-,5,B-,"(2, 5, 10)",I,B-,D,B-,986.875,369.0
7896,F,B-,5,B-,"(2, 5, 10)",I,B-,A,B-,987.0,369.0
7897,F,B-,5,B-,"(2, 5, 10)",I,B-,A,B-,987.125,369.0
7898,F,B-,5,B-,"(0, 5, 9)",I,B-,A,B-,987.25,369.0
7899,F,B-,5,B-,"(0, 5, 9)",I,B-,A,B-,987.375,369.0
7900,F,F,0,B-,"(0, 3, 5, 9)",V7,E-,A,B-,987.5,370.0
7901,F,F,1,B-,"(0, 3, 5, 9)",V7,E-,A,B-,987.625,370.0
7902,F,F,2,B-,"(0, 3, 5, 9)",V7,E-,A,B-,987.75,370.0
7903,F,F,2,B-,"(0, 3, 5, 9)",V7,E-,A,B-,987.875,370.0
7904,F,F,3,B-,"(0, 3, 5, 9)",V7,E-,A,B-,988.0,370.0
7905,F,F,3,B-,"(0, 3, 5, 9)",V7,E-,A,B-,988.125,370.0
7906,F,F,3,B-,"(0, 3, 5, 9)",V7,E-,A,B-,988.25,370.0
7907,F,F,3,B-,"(0, 3, 5, 9)",V7,E-,A,B-,988.375,370.0
7908,F,F,4,B-,"(0, 3, 5, 9)",V7,E-,A,B-,988.5,370.0
7909,F,F,4,B-,"(0, 3, 5, 9)",V7,E-,A,B-,988.625,370.0
7910,F,F,4,B-,"(0, 3, 5, 9)",V7,E-,A,B-,988.75,370.0
7911,F,F,4,B-,"(0, 3, 5, 9)",V7,E-,A,B-,988.875,370.0
7912,F,F,4,B-,"(0, 3, 5, 9)",V7,E-,A,B-,989.0,370.0
7913,F,F,4,B-,"(0, 3, 5, 9)",V7,E-,A,B-,989.125,370.0
7914,F,F,4,B-,"(0, 3, 5, 9)",V7,E-,A,B-,989.25,370.0
7915,F,F,4,B-,"(0, 3, 5, 9)",V7,E-,A,B-,989.375,370.0
7916,F,F,0,B-,"(0, 3, 5, 9)",V7,E-,A,B-,989.5,370.0
7917,F,F,1,B-,"(0, 3, 5, 9)",V7,E-,A,B-,989.625,370.0
7918,F,F,5,B-,"(0, 3, 5, 9)",V7,E-,A,B-,989.75,370.0
7919,F,F,2,B-,"(0, 3, 5, 9)",V7,E-,A,B-,989.875,370.0
7920,F,F,3,B-,"(0, 3, 5, 9)",V7,E-,A,B-,990.0,370.0
7921,F,F,3,B-,"(0, 3, 5, 9)",V7,E-,A,B-,990.125,370.0
7922,F,F,3,B-,"(0, 3, 5, 9)",V7,E-,A,B-,990.25,370.0
7923,F,F,3,B-,"(0, 3, 5, 9)",V7,E-,A,B-,990.375,370.0
7924,F,F,4,B-,"(0, 3, 5, 9)",V7,E-,A,B-,990.5,370.0
7925,F,F,4,B-,"(0, 3, 5, 9)",V7,E-,A,B-,990.625,370.0
7926,F,F,4,B-,"(0, 3, 5, 9)",V7,E-,A,B-,990.75,370.0
7927,F,F,4,B-,"(0, 3, 5, 9)",V7,E-,A,B-,990.875,370.0
7928,F,F,4,B-,"(0, 3, 5, 9)",V7,E-,A,B-,991.0,370.0
7929,F,F,4,B-,"(0, 3, 5, 9)",V7,E-,A,B-,991.125,370.0
7930,F,F,4,B-,"(0, 3, 5, 9)",V7,E-,A,B-,991.25,370.0
7931,F,F,4,B-,"(0, 3, 5, 9)",V7,E-,A,B-,991.375,370.0
7932,F,B-,0,B-,"(2, 5, 10)",I,B-,D,B-,991.5,371.0
7933,F,B-,1,B-,"(2, 5, 10)",I,B-,D,B-,991.625,371.0
7934,F,B-,2,B-,"(2, 5, 10)",I,B-,D,B-,991.75,371.0
7935,F,B-,2,B-,"(2, 5, 10)",I,B-,D,B-,991.875,371.0
7936,F,B-,3,B-,"(2, 5, 10)",I,B-,D,B-,992.0,371.0
7937,F,B-,3,B-,"(2, 5, 10)",I,B-,D,B-,992.125,371.0
7938,F,B-,3,B-,"(2, 5, 10)",I,B-,D,B-,992.25,371.0
7939,F,B-,3,B-,"(2, 5, 10)",I,B-,D,B-,992.375,371.0
7940,F,B-,4,B-,"(2, 5, 10)",I,B-,D,B-,992.5,371.0
7941,F,B-,4,B-,"(2, 5, 10)",I,B-,D,B-,992.625,371.0
7942,F,B-,4,B-,"(2, 5, 10)",I,B-,D,B-,992.75,371.0
7943,F,B-,4,B-,"(2, 5, 10)",I,B-,D,B-,992.875,371.0
7944,F,B-,4,B-,"(2, 5, 10)",I,B-,D,B-,993.0,371.0
7945,F,B-,4,B-,"(2, 5, 10)",I,B-,D,B-,993.125,371.0
7946,F,B-,4,B-,"(2, 5, 10)",I,B-,D,B-,993.25,371.0
7947,F,B-,4,B-,"(2, 5, 10)",I,B-,D,B-,993.375,371.0
7948,F,B-,5,B-,"(2, 5, 10)",I,B-,D,B-,993.5,371.0
7949,F,B-,5,B-,"(2, 5, 10)",I,B-,D,B-,993.625,371.0
7950,F,B-,5,B-,"(2, 5, 10)",I,B-,D,B-,993.75,371.0
7951,F,B-,5,B-,"(2, 5, 10)",I,B-,D,B-,993.875,371.0
7952,F,B-,5,B-,"(2, 5, 10)",I,B-,D,B-,994.0,371.0
7953,F,B-,5,B-,"(2, 5, 10)",I,B-,D,B-,994.125,371.0
7954,F,B-,5,B-,"(2, 5, 10)",I,B-,D,B-,994.25,371.0
7955,F,B-,5,B-,"(2, 5, 10)",I,B-,D,B-,994.375,371.0
7956,F,B-,5,B-,"(2, 5, 10)",I,B-,D,B-,994.5,371.0
7957,F,B-,5,B-,"(2, 5, 10)",I,B-,D,B-,994.625,371.0
7958,F,B-,5,B-,"(2, 5, 10)",I,B-,D,B-,994.75,371.0
7959,F,B-,5,B-,"(2, 5, 10)",I,B-,D,B-,994.875,371.0
7960,F,B-,5,B-,"(2, 5, 10)",I,B-,D,B-,995.0,371.0
7961,F,B-,5,B-,"(2, 5, 10)",I,B-,D,B-,995.125,371.0
7962,F,B-,5,B-,"(2, 5, 10)",I,B-,D,B-,995.25,371.0
7963,F,B-,5,B-,"(2, 5, 10)",I,B-,D,B-,995.375,371.0
7964,F,F,0,B-,"(0, 3, 5, 9)",V7,E-,E-,B-,995.5,372.0
7965,F,F,1,B-,"(0, 3, 5, 9)",V7,E-,A,B-,995.625,372.0
7966,F,F,2,B-,"(0, 3, 5, 9)",V7,E-,A,B-,995.75,372.0
7967,F,F,2,B-,"(0, 3, 5, 9)",V7,E-,A,B-,995.875,372.0
7968,F,F,3,B-,"(0, 3, 5, 9)",V7,E-,A,B-,996.0,372.0
7969,F,F,3,B-,"(0, 3, 5, 9)",V7,E-,A,B-,996.125,372.0
7970,F,F,3,B-,"(0, 3, 5, 9)",V7,E-,A,B-,996.25,372.0
7971,F,F,3,B-,"(0, 3, 5, 9)",V7,E-,A,B-,996.375,372.0
7972,F,F,4,B-,"(0, 3, 5, 9)",V7,E-,A,B-,996.5,372.0
7973,F,F,4,B-,"(0, 3, 5, 9)",V7,E-,A,B-,996.625,372.0
7974,F,F,4,B-,"(0, 3, 5, 9)",V7,E-,A,B-,996.75,372.0
7975,F,F,4,B-,"(0, 3, 5, 9)",V7,E-,A,B-,996.875,372.0
7976,F,F,4,B-,"(0, 3, 5, 9)",V7,E-,A,B-,997.0,372.0
7977,F,F,4,B-,"(0, 3, 5, 9)",V7,E-,A,B-,997.125,372.0
7978,F,F,4,B-,"(0, 3, 5, 9)",V7,E-,A,B-,997.25,372.0
7979,F,F,4,B-,"(0, 3, 5, 9)",V7,E-,A,B-,997.375,372.0
7980,F,F,5,B-,"(0, 3, 5, 9)",V7,E-,A,B-,997.5,372.0
7981,F,F,1,B-,"(0, 3, 5, 9)",V7,E-,A,B-,997.625,372.0
7982,F,F,5,B-,"(0, 3, 5, 9)",V7,E-,A,B-,997.75,372.0
7983,F,F,2,B-,"(0, 3, 5, 9)",V7,E-,A,B-,997.875,372.0
7984,F,F,3,B-,"(0, 3, 5, 9)",V7,E-,A,B-,998.0,372.0
7985,F,F,3,B-,"(0, 3, 5, 9)",V7,E-,A,B-,998.125,372.0
7986,F,F,3,B-,"(0, 3, 5, 9)",V7,E-,A,B-,998.25,372.0
7987,F,F,3,B-,"(0, 3, 5, 9)",V7,E-,A,B-,998.375,372.0
7988,F,F,4,B-,"(0, 3, 5, 9)",V7,E-,A,B-,998.5,372.0
7989,F,F,4,B-,"(0, 3, 5, 9)",V7,E-,A,B-,998.625,372.0
7990,F,F,4,B-,"(0, 3, 5, 9)",V7,E-,A,B-,998.75,372.0
7991,F,F,4,B-,"(0, 3, 5, 9)",V7,E-,A,B-,998.875,372.0
7992,F,B-,4,B-,"(0, 3, 5, 9)",V7,E-,A,B-,999.0,372.0
7993,F,B-,4,B-,"(0, 3, 5, 9)",V7,E-,A,B-,999.125,372.0
7994,F,F,4,B-,"(0, 3, 5, 9)",V7,E-,A,B-,999.25,372.0
7995,F,F,4,B-,"(0, 3, 5, 9)",V7,E-,A,B-,999.375,372.0
7996,F,B-,0,B-,"(2, 5, 10)",I,B-,D,B-,999.5,373.0
7997,F,B-,1,B-,"(2, 5, 10)",I,B-,D,B-,999.625,373.0
7998,F,B-,2,B-,"(2, 5, 10)",I,B-,D,B-,999.75,373.0
7999,F,B-,2,B-,"(2, 5, 10)",I,B-,D,B-,999.875,373.0
8000,F,B-,3,B-,"(2, 5, 10)",I,B-,D,B-,1000.0,373.0
8001,F,B-,3,B-,"(2, 5, 10)",I,B-,D,B-,1000.125,373.0
8002,F,B-,3,B-,"(2, 5, 10)",I,B-,D,B-,1000.25,373.0
8003,F,B-,3,B-,"(2, 5, 10)",I,B-,D,B-,1000.375,373.0
8004,F,B-,4,B-,"(2, 5, 10)",I,B-,D,B-,1000.5,373.0
8005,F,B-,4,B-,"(2, 5, 10)",I,B-,D,B-,1000.625,373.0
8006,F,B-,4,B-,"(2, 5, 10)",I,B-,D,B-,1000.75,373.0
8007,F,B-,4,B-,"(2, 5, 10)",I,B-,D,B-,1000.875,373.0
8008,F,B-,4,B-,"(2, 5, 10)",I,B-,D,B-,1001.0,373.0
8009,F,B-,4,B-,"(2, 5, 10)",I,B-,D,B-,1001.125,373.0
8010,F,B-,4,B-,"(2, 5, 10)",I,B-,D,B-,1001.25,373.0
8011,F,B-,4,B-,"(2, 5, 10)",I,B-,D,B-,1001.375,373.0
8012,F,B-,0,B-,"(2, 5, 10)",I,B-,D,B-,1001.5,373.0
8013,F,B-,1,B-,"(2, 5, 10)",I,B-,D,B-,1001.625,373.0
8014,F,B-,2,B-,"(2, 5, 10)",I,B-,D,B-,1001.75,373.0
8015,F,B-,2,B-,"(2, 5, 10)",I,B-,D,B-,1001.875,373.0
8016,F,B-,3,B-,"(2, 5, 10)",I,B-,D,B-,1002.0,373.0
8017,F,B-,3,B-,"(2, 5, 10)",I,B-,D,B-,1002.125,373.0
8018,F,B-,3,B-,"(2, 5, 10)",I,B-,D,B-,1002.25,373.0
8019,F,B-,3,B-,"(2, 5, 10)",I,B-,D,B-,1002.375,373.0
8020,F,B-,4,B-,"(2, 5, 10)",I,B-,D,B-,1002.5,373.0
8021,F,B-,4,B-,"(2, 5, 10)",I,B-,D,B-,1002.625,373.0
8022,F,B-,4,B-,"(2, 5, 10)",I,B-,D,B-,1002.75,373.0
8023,F,B-,4,B-,"(2, 5, 10)",I,B-,D,B-,1002.875,373.0
8024,F,B-,4,B-,"(2, 5, 10)",I,B-,D,B-,1003.0,373.0
8025,F,B-,4,B-,"(2, 5, 10)",I,B-,D,B-,1003.125,373.0
8026,F,B-,4,B-,"(2, 5, 10)",I,B-,D,B-,1003.25,373.0
8027,F,B-,4,B-,"(2, 5, 10)",I,B-,D,B-,1003.375,373.0
8028,F,B-,0,B-,"(2, 5, 10)",I,B-,D,B-,1003.5,374.0
8029,F,B-,1,B-,"(2, 5, 10)",I,B-,D,B-,1003.625,374.0
8030,F,B-,2,B-,"(2, 5, 10)",I,B-,D,B-,1003.75,374.0
8031,F,B-,2,B-,"(2, 5, 10)",I,B-,D,B-,1003.875,374.0
8032,F,B-,3,B-,"(2, 5, 10)",I,B-,D,B-,1004.0,374.0
8033,F,B-,3,B-,"(2, 5, 10)",I,B-,D,B-,1004.125,374.0
8034,F,B-,3,B-,"(2, 5, 10)",I,B-,D,B-,1004.25,374.0
8035,F,B-,3,B-,"(2, 5, 10)",I,B-,D,B-,1004.375,374.0
8036,F,B-,4,B-,"(2, 5, 10)",I,B-,D,B-,1004.5,374.0
8037,F,B-,4,B-,"(2, 5, 10)",I,B-,D,B-,1004.625,374.0
8038,F,B-,4,B-,"(2, 5, 10)",I,B-,D,B-,1004.75,374.0
8039,F,B-,4,B-,"(2, 5, 10)",I,B-,D,B-,1004.875,374.0
8040,F,B-,4,B-,"(2, 5, 10)",I,B-,D,B-,1005.0,374.0
8041,F,B-,4,B-,"(2, 5, 10)",I,B-,D,B-,1005.125,374.0
8042,F,B-,4,B-,"(2, 5, 10)",I,B-,D,B-,1005.25,374.0
8043,F,B-,4,B-,"(2, 5, 10)",I,B-,D,B-,1005.375,374.0
8044,F,B-,5,B-,"(2, 5, 10)",I,B-,D,B-,1005.5,374.0
8045,F,B-,5,B-,"(2, 5, 10)",I,B-,D,B-,1005.625,374.0
8046,F,B-,5,B-,"(2, 5, 10)",I,B-,D,B-,1005.75,374.0
8047,F,B-,5,B-,"(2, 5, 10)",I,B-,D,B-,1005.875,374.0
8048,F,B-,5,B-,"(2, 5, 10)",I,B-,D,B-,1006.0,374.0
8049,F,B-,5,B-,"(2, 5, 10)",I,B-,D,B-,1006.125,374.0
8050,F,B-,5,B-,"(2, 5, 10)",I,B-,D,B-,1006.25,374.0
8051,F,B-,5,B-,"(2, 5, 10)",I,B-,D,B-,1006.375,374.0
8052,F,B-,5,B-,"(2, 5, 10)",I,B-,D,B-,1006.5,374.0
8053,F,B-,5,B-,"(2, 5, 10)",I,B-,D,B-,1006.625,374.0
8054,F,B-,5,B-,"(2, 5, 10)",I,B-,D,B-,1006.75,374.0
8055,F,B-,5,B-,"(2, 5, 10)",I,B-,D,B-,1006.875,374.0
8056,F,B-,5,B-,"(2, 5, 10)",I,B-,D,B-,1007.0,374.0
8057,F,B-,5,B-,"(2, 5, 10)",I,B-,D,B-,1007.125,374.0
8058,F,B-,5,B-,"(2, 5, 10)",I,B-,D,B-,1007.25,374.0
8059,F,B-,5,B-,"(2, 5, 10)",I,B-,D,B-,1007.375,374.0
8060,C--,C--,6,A,"(0, 1, 5, 8)",Cad,C--,C--,A,,
8061,C--,C--,6,A,"(0, 1, 5, 8)",Cad,C--,C--,A,,
8062,C--,C--,6,A,"(0, 1, 5, 8)",Cad,C--,C--,A,,
8063,C--,C--,6,A,"(0, 1, 5, 8)",Cad,C--,C--,A,,
8064,C--,C--,6,A,"(0, 1, 5, 8)",Cad,C--,C--,A,,
8065,C--,C--,6,A,"(0, 1, 5, 8)",Cad,C--,C--,A,,
8066,C--,C--,6,A,"(0, 1, 5, 8)",Cad,C--,C--,A,,
8067,C--,C--,6,A,"(0, 1, 5, 8)",Cad,C--,C--,A,,
8068,C--,C--,6,A,"(0, 1, 5, 8)",Cad,C--,C--,A,,
8069,C--,C--,6,A,"(0, 1, 5, 8)",Cad,C--,C--,A,,
8070,C--,C--,6,A,"(0, 1, 5, 8)",Cad,C--,C--,A,,
8071,C--,C--,6,A,"(0, 1, 5, 8)",Cad,C--,C--,A,,
8072,C--,C--,6,A,"(0, 1, 5, 8)",Cad,C--,C--,A,,
8073,C--,C--,6,A,"(0, 1, 5, 8)",Cad,C--,C--,A,,
8074,C--,C--,6,A,"(0, 1, 5, 8)",Cad,C--,C--,A,,
8075,C--,C--,6,A,"(0, 1, 5, 8)",Cad,C--,C--,A,,
8076,C--,C--,6,A,"(0, 1, 5, 8)",Cad,C--,C--,A,,
8077,C--,C--,6,A,"(0, 1, 5, 8)",Cad,C--,C--,A,,
8078,C--,C--,6,A,"(0, 1, 5, 8)",Cad,C--,C--,A,,
8079,C--,C--,6,A,"(0, 1, 5, 8)",Cad,C--,C--,A,,
8080,C--,C--,6,A,"(0, 1, 5, 8)",Cad,C--,C--,A,,
8081,C--,C--,6,A,"(0, 1, 5, 8)",Cad,C--,C--,A,,
8082,C--,C--,6,A,"(0, 1, 5, 8)",Cad,C--,C--,A,,
8083,C--,C--,6,A,"(0, 1, 5, 8)",Cad,C--,C--,A,,
8084,C--,C--,6,A,"(0, 1, 5, 8)",Cad,C--,C--,A,,
8085,C--,C--,6,A,"(0, 1, 5, 8)",Cad,C--,C--,A,,
8086,C--,C--,6,A,"(0, 1, 5, 8)",Cad,C--,C--,A,,
8087,C--,C--,6,A,"(0, 1, 5, 8)",Cad,C--,C--,A,,
8088,C--,C--,6,A,"(0, 1, 5, 8)",Cad,C--,C--,A,,
8089,C--,C--,6,A,"(0, 1, 5, 8)",Cad,C--,C--,A,,
8090,C--,C--,6,A,"(0, 1, 5, 8)",Cad,C--,C--,A,,
8091,C--,C--,6,A,"(0, 1, 5, 8)",Cad,C--,C--,A,,
8092,C--,C--,6,A,"(0, 1, 5, 8)",Cad,C--,C--,A,,
8093,C--,C--,6,A,"(0, 1, 5, 8)",Cad,C--,C--,A,,
8094,C--,C--,6,A,"(0, 1, 5, 8)",Cad,C--,C--,A,,
8095,C--,C--,6,A,"(0, 1, 5, 8)",Cad,C--,C--,A,,
8096,C--,C--,6,A,"(0, 1, 5, 8)",Cad,C--,C--,A,,
8097,C--,C--,6,A,"(0, 1, 5, 8)",Cad,C--,C--,A,,
8098,C--,C--,6,A,"(0, 1, 5, 8)",Cad,C--,C--,A,,
8099,C--,C--,6,A,"(0, 1, 5, 8)",Cad,C--,C--,A,,
8100,C--,C--,6,A,"(0, 1, 5, 8)",Cad,C--,C--,A,,
8101,C--,C--,6,A,"(0, 1, 5, 8)",Cad,C--,C--,A,,
8102,C--,C--,6,A,"(0, 1, 5, 8)",Cad,C--,C--,A,,
8103,C--,C--,6,A,"(0, 1, 5, 8)",Cad,C--,C--,A,,
8104,C--,C--,6,A,"(0, 1, 5, 8)",Cad,C--,C--,A,,
8105,C--,C--,6,A,"(0, 1, 5, 8)",Cad,C--,C--,A,,
8106,C--,C--,6,A,"(0, 1, 5, 8)",Cad,C--,C--,A,,
8107,C--,C--,6,A,"(0, 1, 5, 8)",Cad,C--,C--,A,,
8108,C--,C--,6,A,"(0, 1, 5, 8)",Cad,C--,C--,A,,
8109,C--,C--,6,A,"(0, 1, 5, 8)",Cad,C--,C--,A,,
8110,C--,C--,6,A,"(0, 1, 5, 8)",Cad,C--,C--,A,,
8111,C--,C--,6,A,"(0, 1, 5, 8)",Cad,C--,C--,A,,
8112,C--,C--,6,A,"(0, 1, 5, 8)",Cad,C--,C--,A,,
8113,C--,C--,6,A,"(0, 1, 5, 8)",Cad,C--,C--,A,,
8114,C--,C--,6,A,"(0, 1, 5, 8)",Cad,C--,C--,A,,
8115,C--,C--,6,A,"(0, 1, 5, 8)",Cad,C--,C--,A,,
8116,C--,C--,6,A,"(0, 1, 5, 8)",Cad,C--,C--,A,,
8117,C--,C--,6,A,"(0, 1, 5, 8)",Cad,C--,C--,A,,
8118,C--,C--,6,A,"(0, 1, 5, 8)",Cad,C--,C--,A,,
8119,C--,C--,6,A,"(0, 1, 5, 8)",Cad,C--,C--,A,,
8120,C--,C--,6,A,"(0, 1, 5, 8)",Cad,C--,C--,A,,
8121,C--,C--,6,A,"(0, 1, 5, 8)",Cad,C--,C--,A,,
8122,C--,C--,6,A,"(0, 1, 5, 8)",Cad,C--,C--,A,,
8123,C--,C--,6,A,"(0, 1, 5, 8)",Cad,C--,C--,A,,
8124,C--,C--,6,A,"(0, 1, 5, 8)",Cad,C--,C--,A,,
8125,C--,C--,6,A,"(0, 1, 5, 8)",Cad,C--,C--,A,,
8126,C--,C--,6,A,"(0, 1, 5, 8)",Cad,C--,C--,A,,
8127,C--,C--,6,A,"(0, 1, 5, 8)",Cad,C--,C--,A,,
8128,C--,C--,6,A,"(0, 1, 5, 8)",Cad,C--,C--,A,,
8129,C--,C--,6,A,"(0, 1, 5, 8)",Cad,C--,C--,A,,
8130,C--,C--,6,A,"(0, 1, 5, 8)",Cad,C--,C--,A,,
8131,C--,C--,6,A,"(0, 1, 5, 8)",Cad,C--,C--,A,,
8132,C--,C--,6,A,"(0, 1, 5, 8)",Cad,C--,C--,A,,
8133,C--,C--,6,A,"(0, 1, 5, 8)",Cad,C--,C--,A,,
8134,C--,C--,6,A,"(0, 1, 5, 8)",Cad,C--,C--,A,,
8135,C--,C--,6,A,"(0, 1, 5, 8)",Cad,C--,C--,A,,
8136,C--,C--,6,A,"(0, 1, 5, 8)",Cad,C--,C--,A,,
8137,C--,C--,6,A,"(0, 1, 5, 8)",Cad,C--,C--,A,,
8138,C--,C--,6,A,"(0, 1, 5, 8)",Cad,C--,C--,A,,
8139,C--,C--,6,A,"(0, 1, 5, 8)",Cad,C--,C--,A,,
8140,C--,C--,6,A,"(0, 1, 5, 8)",Cad,C--,C--,A,,
8141,C--,C--,6,A,"(0, 1, 5, 8)",Cad,C--,C--,A,,
8142,C--,C--,6,A,"(0, 1, 5, 8)",Cad,C--,C--,A,,
8143,C--,C--,6,A,"(0, 1, 5, 8)",Cad,C--,C--,A,,
8144,C--,C--,6,A,"(0, 1, 5, 8)",Cad,C--,C--,A,,
8145,C--,C--,6,A,"(0, 1, 5, 8)",Cad,C--,C--,A,,
8146,C--,C--,6,A,"(0, 1, 5, 8)",Cad,C--,C--,A,,
8147,C--,C--,6,A,"(0, 1, 5, 8)",Cad,C--,C--,A,,
8148,C--,C--,6,A,"(0, 1, 5, 8)",Cad,C--,C--,A,,
8149,C--,C--,6,A,"(0, 1, 5, 8)",Cad,C--,C--,A,,
8150,C--,C--,6,A,"(0, 1, 5, 8)",Cad,C--,C--,A,,
8151,C--,C--,6,A,"(0, 1, 5, 8)",Cad,C--,C--,A,,
8152,C--,C--,6,A,"(0, 1, 5, 8)",Cad,C--,C--,A,,
8153,C--,C--,6,A,"(0, 1, 5, 8)",Cad,C--,C--,A,,
8154,C--,C--,6,A,"(0, 1, 5, 8)",Cad,C--,C--,A,,
8155,C--,C--,6,A,"(0, 1, 5, 8)",Cad,C--,C--,A,,
8156,C--,C--,6,A,"(0, 1, 5, 8)",Cad,C--,C--,A,,
8157,C--,C--,6,A,"(0, 1, 5, 8)",Cad,C--,C--,A,,
8158,C--,C--,6,A,"(0, 1, 5, 8)",Cad,C--,C--,A,,
8159,C--,C--,6,A,"(0, 1, 5, 8)",Cad,C--,C--,A,,
8160,C--,C--,6,A,"(0, 1, 5, 8)",Cad,C--,C--,A,,
8161,C--,C--,6,A,"(0, 1, 5, 8)",Cad,C--,C--,A,,
8162,C--,C--,6,A,"(0, 1, 5, 8)",Cad,C--,C--,A,,
8163,C--,C--,6,A,"(0, 1, 5, 8)",Cad,C--,C--,A,,
8164,C--,C--,6,A,"(0, 1, 5, 8)",Cad,C--,C--,A,,
8165,C--,C--,6,A,"(0, 1, 5, 8)",Cad,C--,C--,A,,
8166,C--,C--,6,A,"(0, 1, 5, 8)",Cad,C--,C--,A,,
8167,C--,C--,6,A,"(0, 1, 5, 8)",Cad,C--,C--,A,,
8168,C--,C--,6,A,"(0, 1, 5, 8)",Cad,C--,C--,A,,
8169,C--,C--,6,A,"(0, 1, 5, 8)",Cad,C--,C--,A,,
8170,C--,C--,6,A,"(0, 1, 5, 8)",Cad,C--,C--,A,,
8171,C--,C--,6,A,"(0, 1, 5, 8)",Cad,C--,C--,A,,
8172,C--,C--,6,A,"(0, 1, 5, 8)",Cad,C--,C--,A,,
8173,C--,C--,6,A,"(0, 1, 5, 8)",Cad,C--,C--,A,,
8174,C--,C--,6,A,"(0, 1, 5, 8)",Cad,C--,C--,A,,
8175,C--,C--,6,A,"(0, 1, 5, 8)",Cad,C--,C--,A,,
8176,C--,C--,6,A,"(0, 1, 5, 8)",Cad,C--,C--,A,,
8177,C--,C--,6,A,"(0, 1, 5, 8)",Cad,C--,C--,A,,
8178,C--,C--,6,A,"(0, 1, 5, 8)",Cad,C--,C--,A,,
8179,C--,C--,6,A,"(0, 1, 5, 8)",Cad,C--,C--,A,,
8180,C--,C--,6,A,"(0, 1, 5, 8)",Cad,C--,C--,A,,
8181,C--,C--,6,A,"(0, 1, 5, 8)",Cad,C--,C--,A,,
8182,C--,C--,6,A,"(0, 1, 5, 8)",Cad,C--,C--,A,,
8183,C--,C--,6,A,"(0, 1, 5, 8)",Cad,C--,C--,A,,
8184,C--,C--,6,A,"(0, 1, 5, 8)",Cad,C--,C--,A,,
8185,C--,C--,6,A,"(0, 1, 5, 8)",Cad,C--,C--,A,,
8186,C--,C--,6,A,"(0, 1, 5, 8)",Cad,C--,C--,A,,
8187,C--,C--,6,A,"(0, 1, 5, 8)",Cad,C--,C--,A,,
8188,C--,C--,6,A,"(0, 1, 5, 8)",Cad,C--,C--,A,,
8189,C--,C--,6,A,"(0, 1, 5, 8)",Cad,C--,C--,A,,
8190,C--,C--,6,A,"(0, 1, 5, 8)",Cad,C--,C--,A,,
8191,C--,C--,6,A,"(0, 1, 5, 8)",Cad,C--,C--,A,,
8192,C--,C--,6,A,"(0, 1, 5, 8)",Cad,C--,C--,A,,
8193,C--,C--,6,A,"(0, 1, 5, 8)",Cad,C--,C--,A,,
8194,C--,C--,6,A,"(0, 1, 5, 8)",Cad,C--,C--,A,,
8195,C--,C--,6,A,"(0, 1, 5, 8)",Cad,C--,C--,A,,
8196,C--,C--,6,A,"(0, 1, 5, 8)",Cad,C--,C--,A,,
8197,C--,C--,6,A,"(0, 1, 5, 8)",Cad,C--,C--,A,,
8198,C--,C--,6,A,"(0, 1, 5, 8)",Cad,C--,C--,A,,
8199,C--,C--,6,A,"(0, 1, 5, 8)",Cad,C--,C--,A,,
8200,C--,C--,6,A,"(0, 1, 5, 8)",Cad,C--,C--,A,,
8201,C--,C--,6,A,"(0, 1, 5, 8)",Cad,C--,C--,A,,
8202,C--,C--,6,A,"(0, 1, 5, 8)",Cad,C--,C--,A,,
8203,C--,C--,6,A,"(0, 1, 5, 8)",Cad,C--,C--,A,,
8204,C--,C--,6,A,"(0, 1, 5, 8)",Cad,C--,C--,A,,
8205,C--,C--,6,A,"(0, 1, 5, 8)",Cad,C--,C--,A,,
8206,C--,C--,6,A,"(0, 1, 5, 8)",Cad,C--,C--,A,,
8207,C--,C--,6,A,"(0, 1, 5, 8)",Cad,C--,C--,A,,
8208,C--,C--,6,A,"(0, 1, 5, 8)",Cad,C--,C--,A,,
8209,C--,C--,6,A,"(0, 1, 5, 8)",Cad,C--,C--,A,,
8210,C--,C--,6,A,"(0, 1, 5, 8)",Cad,C--,C--,A,,
8211,C--,C--,6,A,"(0, 1, 5, 8)",Cad,C--,C--,A,,
8212,C--,C--,6,A,"(0, 1, 5, 8)",Cad,C--,C--,A,,
8213,C--,C--,6,A,"(0, 1, 5, 8)",Cad,C--,C--,A,,
8214,C--,C--,6,A,"(0, 1, 5, 8)",Cad,C--,C--,A,,
8215,C--,C--,6,A,"(0, 1, 5, 8)",Cad,C--,C--,A,,
8216,C--,C--,6,A,"(0, 1, 5, 8)",Cad,C--,C--,A,,
8217,C--,C--,6,A,"(0, 1, 5, 8)",Cad,C--,C--,A,,
8218,C--,C--,6,A,"(0, 1, 5, 8)",Cad,C--,C--,A,,
8219,C--,C--,6,A,"(0, 1, 5, 8)",Cad,C--,C--,A,,
8220,C--,C--,6,A,"(0, 1, 5, 8)",Cad,C--,C--,A,,
8221,C--,C--,6,A,"(0, 1, 5, 8)",Cad,C--,C--,A,,
8222,C--,C--,6,A,"(0, 1, 5, 8)",Cad,C--,C--,A,,
8223,C--,C--,6,A,"(0, 1, 5, 8)",Cad,C--,C--,A,,
8224,C--,C--,6,A,"(0, 1, 5, 8)",Cad,C--,C--,A,,
8225,C--,C--,6,A,"(0, 1, 5, 8)",Cad,C--,C--,A,,
8226,C--,C--,6,A,"(0, 1, 5, 8)",Cad,C--,C--,A,,
8227,C--,C--,6,A,"(0, 1, 5, 8)",Cad,C--,C--,A,,
8228,C--,C--,6,A,"(0, 1, 5, 8)",Cad,C--,C--,A,,
8229,C--,C--,6,A,"(0, 1, 5, 8)",Cad,C--,C--,A,,
8230,C--,C--,6,A,"(0, 1, 5, 8)",Cad,C--,C--,A,,
8231,C--,C--,6,A,"(0, 1, 5, 8)",Cad,C--,C--,A,,
8232,C--,C--,6,A,"(0, 1, 5, 8)",Cad,C--,C--,A,,
8233,C--,C--,6,A,"(0, 1, 5, 8)",Cad,C--,C--,A,,
8234,C--,C--,6,A,"(0, 1, 5, 8)",Cad,C--,C--,A,,
8235,C--,C--,6,A,"(0, 1, 5, 8)",Cad,C--,C--,A,,
8236,C--,C--,6,A,"(0, 1, 5, 8)",Cad,C--,C--,A,,
8237,C--,C--,6,A,"(0, 1, 5, 8)",Cad,C--,C--,A,,
8238,C--,C--,6,A,"(0, 1, 5, 8)",Cad,C--,C--,A,,
8239,C--,C--,6,A,"(0, 1, 5, 8)",Cad,C--,C--,A,,
8240,C--,C--,6,A,"(0, 1, 5, 8)",Cad,C--,C--,A,,
8241,C--,C--,6,A,"(0, 1, 5, 8)",Cad,C--,C--,A,,
8242,C--,C--,6,A,"(0, 1, 5, 8)",Cad,C--,C--,A,,
8243,C--,C--,6,A,"(0, 1, 5, 8)",Cad,C--,C--,A,,
8244,C--,C--,6,A,"(0, 1, 5, 8)",Cad,C--,C--,A,,
8245,C--,C--,6,A,"(0, 1, 5, 8)",Cad,C--,C--,A,,
8246,C--,C--,6,A,"(0, 1, 5, 8)",Cad,C--,C--,A,,
8247,C--,C--,6,A,"(0, 1, 5, 8)",Cad,C--,C--,A,,
8248,C--,C--,6,A,"(0, 1, 5, 8)",Cad,C--,C--,A,,
8249,C--,C--,6,A,"(0, 1, 5, 8)",Cad,C--,C--,A,,
8250,C--,C--,6,A,"(0, 1, 5, 8)",Cad,C--,C--,A,,
8251,C--,C--,6,A,"(0, 1, 5, 8)",Cad,C--,C--,A,,
8252,C--,C--,6,A,"(0, 1, 5, 8)",Cad,C--,C--,A,,
8253,C--,C--,6,A,"(0, 1, 5, 8)",Cad,C--,C--,A,,
8254,C--,C--,6,A,"(0, 1, 5, 8)",Cad,C--,C--,A,,
8255,C--,C--,6,A,"(0, 1, 5, 8)",Cad,C--,C--,A,,
8256,C--,C--,6,A,"(0, 1, 5, 8)",Cad,C--,C--,A,,
8257,C--,C--,6,A,"(0, 1, 5, 8)",Cad,C--,C--,A,,
8258,C--,C--,6,A,"(0, 1, 5, 8)",Cad,C--,C--,A,,
8259,C--,C--,6,A,"(0, 1, 5, 8)",Cad,C--,C--,A,,
8260,C--,C--,6,A,"(0, 1, 5, 8)",Cad,C--,C--,A,,
8261,C--,C--,6,A,"(0, 1, 5, 8)",Cad,C--,C--,A,,
8262,C--,C--,6,A,"(0, 1, 5, 8)",Cad,C--,C--,A,,
8263,C--,C--,6,A,"(0, 1, 5, 8)",Cad,C--,C--,A,,
8264,C--,C--,6,A,"(0, 1, 5, 8)",Cad,C--,C--,A,,
8265,C--,C--,6,A,"(0, 1, 5, 8)",Cad,C--,C--,A,,
8266,C--,C--,6,A,"(0, 1, 5, 8)",Cad,C--,C--,A,,
8267,C--,C--,6,A,"(0, 1, 5, 8)",Cad,C--,C--,A,,
8268,C--,C--,6,A,"(0, 1, 5, 8)",Cad,C--,C--,A,,
8269,C--,C--,6,A,"(0, 1, 5, 8)",Cad,C--,C--,A,,
8270,C--,C--,6,A,"(0, 1, 5, 8)",Cad,C--,C--,A,,
8271,C--,C--,6,A,"(0, 1, 5, 8)",Cad,C--,C--,A,,
8272,C--,C--,6,A,"(0, 1, 5, 8)",Cad,C--,C--,A,,
8273,C--,C--,6,A,"(0, 1, 5, 8)",Cad,C--,C--,A,,
8274,C--,C--,6,A,"(0, 1, 5, 8)",Cad,C--,C--,A,,
8275,C--,C--,6,A,"(0, 1, 5, 8)",Cad,C--,C--,A,,
8276,C--,C--,6,A,"(0, 1, 5, 8)",Cad,C--,C--,A,,
8277,C--,C--,6,A,"(0, 1, 5, 8)",Cad,C--,C--,A,,
8278,C--,C--,6,A,"(0, 1, 5, 8)",Cad,C--,C--,A,,
8279,C--,C--,6,A,"(0, 1, 5, 8)",Cad,C--,C--,A,,
8280,C--,C--,6,A,"(0, 1, 5, 8)",Cad,C--,C--,A,,
8281,C--,C--,6,A,"(0, 1, 5, 8)",Cad,C--,C--,A,,
8282,C--,C--,6,A,"(0, 1, 5, 8)",Cad,C--,C--,A,,
8283,C--,C--,6,A,"(0, 1, 5, 8)",Cad,C--,C--,A,,
8284,C--,C--,6,A,"(0, 1, 5, 8)",Cad,C--,C--,A,,
8285,C--,C--,6,A,"(0, 1, 5, 8)",Cad,C--,C--,A,,
8286,C--,C--,6,A,"(0, 1, 5, 8)",Cad,C--,C--,A,,
8287,C--,C--,6,A,"(0, 1, 5, 8)",Cad,C--,C--,A,,
8288,C--,C--,6,A,"(0, 1, 5, 8)",Cad,C--,C--,A,,
8289,C--,C--,6,A,"(0, 1, 5, 8)",Cad,C--,C--,A,,
8290,C--,C--,6,A,"(0, 1, 5, 8)",Cad,C--,C--,A,,
8291,C--,C--,6,A,"(0, 1, 5, 8)",Cad,C--,C--,A,,
8292,C--,C--,6,A,"(0, 1, 5, 8)",Cad,C--,C--,A,,
8293,C--,C--,6,A,"(0, 1, 5, 8)",Cad,C--,C--,A,,
8294,C--,C--,6,A,"(0, 1, 5, 8)",Cad,C--,C--,A,,
8295,C--,C--,6,A,"(0, 1, 5, 8)",Cad,C--,C--,A,,
8296,C--,C--,6,A,"(0, 1, 5, 8)",Cad,C--,C--,A,,
8297,C--,C--,6,A,"(0, 1, 5, 8)",Cad,C--,C--,A,,
8298,C--,C--,6,A,"(0, 1, 5, 8)",Cad,C--,C--,A,,
8299,C--,C--,6,A,"(0, 1, 5, 8)",Cad,C--,C--,A,,
8300,C--,C--,6,A,"(0, 1, 5, 8)",Cad,C--,C--,A,,
8301,C--,C--,6,A,"(0, 1, 5, 8)",Cad,C--,C--,A,,
8302,C--,C--,6,A,"(0, 1, 5, 8)",Cad,C--,C--,A,,
8303,C--,C--,6,A,"(0, 1, 5, 8)",Cad,C--,C--,A,,
8304,C--,C--,6,A,"(0, 1, 5, 8)",Cad,C--,C--,A,,
8305,C--,C--,6,A,"(0, 1, 5, 8)",Cad,C--,C--,A,,
8306,C--,C--,6,A,"(0, 1, 5, 8)",Cad,C--,C--,A,,
8307,C--,C--,6,A,"(0, 1, 5, 8)",Cad,C--,C--,A,,
8308,C--,C--,6,A,"(0, 1, 5, 8)",Cad,C--,C--,A,,
8309,C--,C--,6,A,"(0, 1, 5, 8)",Cad,C--,C--,A,,
8310,C--,C--,6,A,"(0, 1, 5, 8)",Cad,C--,C--,A,,
8311,C--,C--,6,A,"(0, 1, 5, 8)",Cad,C--,C--,A,,
8312,C--,C--,6,A,"(0, 1, 5, 8)",Cad,C--,C--,A,,
8313,C--,C--,6,A,"(0, 1, 5, 8)",Cad,C--,C--,A,,
8314,C--,C--,6,A,"(0, 1, 5, 8)",Cad,C--,C--,A,,
8315,C--,C--,6,A,"(0, 1, 5, 8)",Cad,C--,C--,A,,
8316,C--,C--,6,A,"(0, 1, 5, 8)",Cad,C--,C--,A,,
8317,C--,C--,6,A,"(0, 1, 5, 8)",Cad,C--,C--,A,,
8318,C--,C--,6,A,"(0, 1, 5, 8)",Cad,C--,C--,A,,
8319,C--,C--,6,A,"(0, 1, 5, 8)",Cad,C--,C--,A,,
