,Alto35,Bass35,HarmonicRhythm7,LocalKey38,PitchClassSet121,RomanNumeral31,Soprano35,Tenor35,TonicizedKey38,offset,measure
0,E,G,0,C,"(0, 4, 7)",I,C,C,C,0.0,0.0
1,E,G,1,C,"(0, 4, 7)",I,C,C,C,0.125,0.0
2,E,G,2,C,"(0, 4, 7)",I,C,C,C,0.25,0.0
3,E,G,2,C,"(0, 4, 7)",I,C,C,C,0.375,0.0
4,E,G,3,C,"(0, 4, 7)",I,C,C,C,0.5,0.0
5,E,G,3,C,"(0, 4, 7)",I,C,C,C,0.625,0.0
6,E,G,3,C,"(0, 4, 7)",I,C,C,C,0.75,0.0
7,E,G,3,C,"(0, 4, 7)",I,C,C,C,0.875,0.0
8,E,G,4,C,"(0, 4, 7)",I,C,C,C,1.0,0.0
9,E,G,4,C,"(0, 4, 7)",I,C,C,C,1.125,0.0
10,E,G,4,C,"(0, 4, 7)",I,C,C,C,1.25,0.0
11,E,G,4,C,"(0, 4, 7)",I,C,C,C,1.375,0.0
12,E,G,4,C,"(0, 4, 7)",I,C,C,C,1.5,0.0
13,E,G,4,C,"(0, 4, 7)",I,C,C,C,1.625,0.0
14,E,G,4,C,"(0, 4, 7)",I,C,C,C,1.75,0.0
15,E,G,4,C,"(0, 4, 7)",I,C,C,C,1.875,0.0
16,E,G,5,C,"(0, 4, 7)",I,C,C,C,2.0,0.0
17,E,G,5,C,"(0, 4, 7)",I,C,C,C,2.125,0.0
18,E,G,5,C,"(0, 4, 7)",I,C,C,C,2.25,0.0
19,E,G,5,C,"(0, 4, 7)",I,C,C,C,2.375,0.0
20,E,G,5,C,"(0, 4, 7)",I,C,C,C,2.5,0.0
21,E,G,5,C,"(0, 4, 7)",I,C,C,C,2.625,0.0
22,E,G,5,C,"(0, 4, 7)",I,C,C,C,2.75,0.0
23,E,G,5,C,"(0, 4, 7)",I,C,C,C,2.875,0.0
24,G,C,0,C,"(0, 4, 7)",I,C,E,C,3.0,1.0
25,G,C,1,C,"(0, 4, 7)",I,C,E,C,3.125,1.0
26,G,C,2,C,"(0, 4, 7)",I,C,E,C,3.25,1.0
27,G,C,2,C,"(0, 4, 7)",I,C,E,C,3.375,1.0
28,G,C,3,C,"(0, 4, 7)",I,C,E,C,3.5,1.0
29,G,C,3,C,"(0, 4, 7)",I,C,E,C,3.625,1.0
30,G,C,3,C,"(0, 4, 7)",I,C,E,C,3.75,1.0
31,G,C,3,C,"(0, 4, 7)",I,C,E,C,3.875,1.0
32,G,C,4,C,"(0, 4, 7)",I,C,E,C,4.0,1.0
33,G,C,4,C,"(0, 4, 7)",I,C,E,C,4.125,1.0
34,G,C,4,C,"(0, 4, 7)",I,C,E,C,4.25,1.0
35,G,C,4,C,"(0, 4, 7)",I,C,E,C,4.375,1.0
36,G,C,4,C,"(0, 4, 7)",I,C,E,C,4.5,1.0
37,G,C,4,C,"(0, 4, 7)",I,C,E,C,4.625,1.0
38,G,C,4,C,"(0, 4, 7)",I,C,E,C,4.75,1.0
39,G,C,4,C,"(0, 4, 7)",I,C,E,C,4.875,1.0
40,G,C,5,C,"(0, 4, 7)",I,C,E,C,5.0,1.0
41,G,C,5,C,"(0, 4, 7)",I,C,E,C,5.125,1.0
42,G,C,5,C,"(0, 4, 7)",I,C,E,C,5.25,1.0
43,G,C,5,C,"(0, 4, 7)",I,C,E,C,5.375,1.0
44,G,C,5,C,"(0, 4, 7)",I,C,E,C,5.5,1.0
45,G,C,5,C,"(0, 4, 7)",I,C,E,C,5.625,1.0
46,G,C,5,C,"(0, 4, 7)",I,C,E,C,5.75,1.0
47,G,C,5,C,"(0, 4, 7)",I,C,E,C,5.875,1.0
48,G,C,0,C,"(0, 4, 7)",I,C,E,C,6.0,2.0
49,G,C,1,C,"(0, 4, 7)",I,C,E,C,6.125,2.0
50,G,C,2,C,"(0, 4, 7)",I,C,E,C,6.25,2.0
51,G,C,2,C,"(0, 4, 7)",I,C,E,C,6.375,2.0
52,G,C,3,C,"(0, 4, 7)",I,C,E,C,6.5,2.0
53,G,C,3,C,"(0, 4, 7)",I,C,E,C,6.625,2.0
54,G,C,3,C,"(0, 4, 7)",I,C,E,C,6.75,2.0
55,G,C,3,C,"(0, 4, 7)",I,C,E,C,6.875,2.0
56,G,C,4,C,"(0, 4, 7)",I,C,E,C,7.0,2.0
57,G,C,4,C,"(0, 4, 7)",I,C,E,C,7.125,2.0
58,G,C,4,C,"(0, 4, 7)",I,C,E,C,7.25,2.0
59,G,C,4,C,"(0, 4, 7)",I,C,E,C,7.375,2.0
60,G,C,4,C,"(0, 4, 7)",I,C,E,C,7.5,2.0
61,G,C,4,C,"(0, 4, 7)",I,C,E,C,7.625,2.0
62,G,C,4,C,"(0, 4, 7)",I,C,E,C,7.75,2.0
63,G,C,4,C,"(0, 4, 7)",I,C,E,C,7.875,2.0
64,G,C,0,C,"(0, 4, 7)",I,C,E,C,8.0,2.0
65,G,C,1,C,"(0, 4, 7)",I,C,E,C,8.125,2.0
66,G,C,5,C,"(0, 4, 7)",I,C,E,C,8.25,2.0
67,G,C,2,C,"(0, 4, 7)",I,C,E,C,8.375,2.0
68,G,C,3,C,"(0, 4, 7)",I,C,E,C,8.5,2.0
69,G,C,3,C,"(0, 4, 7)",I,C,E,C,8.625,2.0
70,G,C,3,C,"(0, 4, 7)",I,C,E,C,8.75,2.0
71,G,C,3,C,"(0, 4, 7)",I,C,E,C,8.875,2.0
72,G,C,0,C,"(0, 4, 7)",I,C,E,C,9.0,3.0
73,G,C,1,C,"(0, 4, 7)",I,C,E,C,9.125,3.0
74,G,C,2,C,"(0, 4, 7)",I,C,E,C,9.25,3.0
75,G,C,2,C,"(0, 4, 7)",I,C,E,C,9.375,3.0
76,G,C,3,C,"(0, 4, 7)",I,C,E,C,9.5,3.0
77,G,C,3,C,"(0, 4, 7)",I,C,E,C,9.625,3.0
78,G,C,3,C,"(0, 4, 7)",I,C,E,C,9.75,3.0
79,G,C,3,C,"(0, 4, 7)",I,C,E,C,9.875,3.0
80,G,C,4,C,"(0, 4, 7)",I,C,E,C,10.0,3.0
81,G,C,4,C,"(0, 4, 7)",I,C,E,C,10.125,3.0
82,G,C,4,C,"(0, 4, 7)",I,C,E,C,10.25,3.0
83,G,C,4,C,"(0, 4, 7)",I,C,E,C,10.375,3.0
84,G,C,4,C,"(0, 4, 7)",I,C,E,C,10.5,3.0
85,G,C,4,C,"(0, 4, 7)",I,C,E,C,10.625,3.0
86,G,C,4,C,"(0, 4, 7)",I,C,E,C,10.75,3.0
87,G,C,4,C,"(0, 4, 7)",I,C,E,C,10.875,3.0
88,G,C,0,C,"(0, 4, 7)",viio,C,E,C,11.0,3.0
89,G,C,1,C,"(2, 5, 11)",viio,C,E,C,11.125,3.0
90,G,C,5,C,"(2, 5, 11)",viio,C,E,C,11.25,3.0
91,G,C,2,C,"(2, 5, 11)",viio,C,E,C,11.375,3.0
92,G,C,3,C,"(0, 4, 7)",viio,C,E,C,11.5,3.0
93,G,C,3,C,"(0, 4, 7)",viio,C,E,C,11.625,3.0
94,G,C,3,C,"(0, 4, 7)",viio,C,E,C,11.75,3.0
95,G,C,3,C,"(0, 4, 7)",viio,C,E,C,11.875,3.0
96,G,C,0,C,"(0, 4, 7)",I,C,E,C,12.0,4.0
97,G,C,1,C,"(0, 4, 7)",I,C,E,C,12.125,4.0
98,G,C,2,C,"(0, 4, 7)",I,C,E,C,12.25,4.0
99,G,C,2,C,"(0, 4, 7)",I,C,E,C,12.375,4.0
100,G,C,3,C,"(0, 4, 7)",I,C,E,C,12.5,4.0
101,G,C,3,C,"(0, 4, 7)",I,C,E,C,12.625,4.0
102,G,C,3,C,"(0, 4, 7)",I,C,E,C,12.75,4.0
103,G,C,3,C,"(0, 4, 7)",I,C,E,C,12.875,4.0
104,G,C,4,C,"(0, 4, 7)",I,C,E,C,13.0,4.0
105,G,C,4,C,"(0, 4, 7)",I,C,E,C,13.125,4.0
106,G,C,4,C,"(0, 4, 7)",I,C,E,C,13.25,4.0
107,G,C,4,C,"(0, 4, 7)",I,C,E,C,13.375,4.0
108,G,C,4,C,"(0, 4, 7)",I,C,E,C,13.5,4.0
109,G,C,4,C,"(0, 4, 7)",I,C,E,C,13.625,4.0
110,G,C,4,C,"(0, 4, 7)",I,C,E,C,13.75,4.0
111,G,C,4,C,"(0, 4, 7)",I,C,E,C,13.875,4.0
112,G,C,5,C,"(0, 4, 7)",I,C,E,C,14.0,4.0
113,G,C,5,C,"(0, 4, 7)",I,C,E,C,14.125,4.0
114,G,C,5,C,"(0, 4, 7)",I,C,E,C,14.25,4.0
115,G,C,5,C,"(0, 4, 7)",I,C,E,C,14.375,4.0
116,G,C,5,C,"(0, 4, 7)",I,C,E,C,14.5,4.0
117,G,C,5,C,"(0, 4, 7)",I,C,E,C,14.625,4.0
118,G,C,5,C,"(0, 4, 7)",I,C,E,C,14.75,4.0
119,G,C,5,C,"(0, 4, 7)",I,C,E,C,14.875,4.0
120,G,C,0,C,"(2, 7, 11)",V,G,D,C,15.0,5.0
121,G,C,1,C,"(2, 7, 11)",V,G,D,C,15.125,5.0
122,G,C,2,C,"(2, 7, 11)",V,G,D,C,15.25,5.0
123,G,C,2,C,"(2, 7, 11)",V,G,D,C,15.375,5.0
124,G,C,3,C,"(2, 7, 11)",V,G,D,C,15.5,5.0
125,G,C,3,C,"(2, 7, 11)",V,G,D,C,15.625,5.0
126,G,C,3,C,"(2, 7, 11)",V,G,D,C,15.75,5.0
127,G,C,3,C,"(2, 7, 11)",V,G,D,C,15.875,5.0
128,G,C,4,C,"(2, 7, 11)",V,G,D,C,16.0,5.0
129,G,C,4,C,"(2, 7, 11)",V,G,D,C,16.125,5.0
130,G,C,4,C,"(2, 7, 11)",V,G,D,C,16.25,5.0
131,G,C,4,C,"(2, 7, 11)",V,G,D,C,16.375,5.0
132,G,C,4,C,"(2, 7, 11)",V,G,D,C,16.5,5.0
133,G,C,4,C,"(2, 7, 11)",I,G,D,C,16.625,5.0
134,G,C,4,C,"(2, 7, 11)",I,G,D,C,16.75,5.0
135,G,C,4,C,"(2, 7, 11)",I,G,D,C,16.875,5.0
136,G,C,0,C,"(0, 4, 7)",I,C,E,C,17.0,5.0
137,G,C,1,C,"(0, 4, 7)",I,C,E,C,17.125,5.0
138,G,C,2,C,"(0, 4, 7)",I,C,E,C,17.25,5.0
139,G,C,2,C,"(0, 4, 7)",I,C,E,C,17.375,5.0
140,G,C,3,C,"(0, 4, 7)",I,C,E,C,17.5,5.0
141,G,C,3,C,"(0, 4, 7)",I,C,E,C,17.625,5.0
142,G,C,3,C,"(0, 4, 7)",I,C,D,C,17.75,5.0
143,G,C,3,C,"(0, 4, 7)",I,C,D,C,17.875,5.0
144,D,F,0,C,"(2, 5, 9)",ii,D,A,C,18.0,6.0
145,D,F,1,C,"(2, 5, 9)",ii,D,A,C,18.125,6.0
146,D,F,2,C,"(2, 5, 9)",ii,D,A,C,18.25,6.0
147,D,F,2,C,"(2, 5, 9)",ii,D,A,C,18.375,6.0
148,D,F,3,C,"(2, 5, 9)",ii,D,A,C,18.5,6.0
149,D,F,3,C,"(2, 5, 9)",ii,D,A,C,18.625,6.0
150,D,F,3,C,"(2, 5, 9)",ii,D,A,C,18.75,6.0
151,D,F,3,C,"(2, 5, 9)",ii,D,A,C,18.875,6.0
152,D,F,4,C,"(2, 5, 9)",ii,D,A,C,19.0,6.0
153,D,F,4,C,"(2, 5, 9)",ii,D,A,C,19.125,6.0
154,D,F,4,C,"(2, 5, 9)",ii,D,A,C,19.25,6.0
155,D,F,4,C,"(2, 5, 9)",ii,D,A,C,19.375,6.0
156,D,F,4,C,"(2, 5, 9)",ii,D,A,C,19.5,6.0
157,D,F,4,C,"(2, 5, 9)",ii,D,A,C,19.625,6.0
158,D,F,4,C,"(2, 5, 9)",ii,D,A,C,19.75,6.0
159,D,F,4,C,"(2, 5, 9)",ii,D,A,C,19.875,6.0
160,D,F,5,C,"(2, 5, 9)",ii,D,F,C,20.0,6.0
161,D,F,1,C,"(2, 5, 9)",ii,D,F,C,20.125,6.0
162,D,F,2,C,"(2, 5, 9)",ii,D,F,C,20.25,6.0
163,D,F,2,C,"(2, 5, 9)",ii,D,F,C,20.375,6.0
164,D,F,3,C,"(2, 5, 9)",ii,D,F,C,20.5,6.0
165,D,F,3,C,"(2, 5, 9)",ii,D,F,C,20.625,6.0
166,D,F,3,C,"(2, 5, 9)",ii,D,F,C,20.75,6.0
167,D,F,3,C,"(2, 5, 9)",ii,D,F,C,20.875,6.0
168,D,G,0,C,"(2, 7, 11)",V,G,B,C,21.0,7.0
169,D,G,1,C,"(2, 7, 11)",V,G,B,C,21.125,7.0
170,D,G,2,C,"(2, 7, 11)",V,G,B,C,21.25,7.0
171,D,G,2,C,"(2, 7, 11)",V,G,B,C,21.375,7.0
172,D,G,3,C,"(2, 7, 11)",V,G,B,C,21.5,7.0
173,D,G,3,C,"(2, 7, 11)",V,G,B,C,21.625,7.0
174,D,G,3,C,"(2, 7, 11)",V,G,B,C,21.75,7.0
175,D,G,3,C,"(2, 7, 11)",V,G,B,C,21.875,7.0
176,D,G,4,C,"(2, 7, 11)",V,G,B,C,22.0,7.0
177,D,G,4,C,"(2, 7, 11)",V,G,B,C,22.125,7.0
178,D,G,4,C,"(2, 7, 11)",V,G,B,C,22.25,7.0
179,D,G,4,C,"(2, 7, 11)",V,G,B,C,22.375,7.0
180,D,G,4,C,"(2, 7, 11)",V,G,B,C,22.5,7.0
181,D,G,4,C,"(2, 7, 11)",V,G,B,C,22.625,7.0
182,D,G,4,C,"(2, 7, 11)",V,G,B,C,22.75,7.0
183,D,G,4,C,"(2, 7, 11)",V,G,B,C,22.875,7.0
184,D,G,5,C,"(2, 7, 11)",V,G,B,C,23.0,7.0
185,D,G,5,C,"(2, 7, 11)",V,G,B,C,23.125,7.0
186,D,G,5,C,"(2, 7, 11)",V,G,B,C,23.25,7.0
187,D,G,5,C,"(2, 7, 11)",V,G,B,C,23.375,7.0
188,D,G,5,C,"(2, 7, 11)",V,G,B,C,23.5,7.0
189,D,G,5,C,"(2, 7, 11)",V,G,B,C,23.625,7.0
190,D,G,5,C,"(2, 7, 11)",V,G,B,C,23.75,7.0
191,D,G,5,C,"(2, 7, 11)",V,G,B,C,23.875,7.0
192,D,G,0,C,"(2, 7, 11)",V,G,B,C,24.0,8.0
193,D,G,1,C,"(2, 7, 11)",V,G,B,C,24.125,8.0
194,D,G,2,C,"(2, 7, 11)",V,G,B,C,24.25,8.0
195,D,G,2,C,"(2, 7, 11)",V,G,B,C,24.375,8.0
196,D,G,3,C,"(2, 7, 11)",V,G,B,C,24.5,8.0
197,D,G,3,C,"(2, 7, 11)",V,G,B,C,24.625,8.0
198,D,G,3,C,"(2, 7, 11)",V,G,B,C,24.75,8.0
199,D,G,3,C,"(2, 7, 11)",V,G,B,C,24.875,8.0
200,D,G,4,C,"(2, 7, 11)",V,G,B,C,25.0,8.0
201,D,G,4,C,"(2, 7, 11)",V,G,B,C,25.125,8.0
202,D,G,4,C,"(2, 7, 11)",V,G,B,C,25.25,8.0
203,D,G,4,C,"(2, 7, 11)",V,G,B,C,25.375,8.0
204,D,G,4,C,"(2, 7, 11)",V,G,B,C,25.5,8.0
205,D,G,4,C,"(2, 7, 11)",V,G,B,C,25.625,8.0
206,D,G,4,C,"(2, 7, 11)",V,G,B,C,25.75,8.0
207,D,G,4,C,"(2, 7, 11)",V,G,B,C,25.875,8.0
208,D,G,0,C,"(2, 7, 11)",V,G,B,C,26.0,8.0
209,D,G,5,C,"(2, 7, 11)",V,G,B,C,26.125,8.0
210,D,G,5,C,"(2, 7, 11)",V,G,B,C,26.25,8.0
211,D,G,5,C,"(2, 7, 11)",V,G,B,C,26.375,8.0
212,D,G,5,C,"(2, 7, 11)",V,G,B,C,26.5,8.0
213,D,G,5,C,"(2, 7, 11)",V,G,B,C,26.625,8.0
214,D,G,5,C,"(2, 7, 11)",V,G,B,C,26.75,8.0
215,D,G,5,C,"(2, 7, 11)",V,G,B,C,26.875,8.0
216,D,G,0,C,"(2, 7, 11)",V,G,B,C,27.0,9.0
217,D,G,1,C,"(2, 7, 11)",V,G,B,C,27.125,9.0
218,D,G,2,C,"(2, 7, 11)",V,G,B,C,27.25,9.0
219,D,G,2,C,"(2, 7, 11)",V,G,B,C,27.375,9.0
220,D,G,3,C,"(2, 7, 11)",V,G,B,C,27.5,9.0
221,D,G,3,C,"(2, 7, 11)",V,G,B,C,27.625,9.0
222,D,G,3,C,"(2, 7, 11)",V,G,B,C,27.75,9.0
223,D,G,3,C,"(2, 7, 11)",V,G,B,C,27.875,9.0
224,D,G,4,C,"(2, 7, 11)",V,G,B,C,28.0,9.0
225,D,G,4,C,"(2, 7, 11)",V,G,B,C,28.125,9.0
226,D,G,4,C,"(2, 7, 11)",V,G,B,C,28.25,9.0
227,D,G,4,C,"(2, 7, 11)",V,G,B,C,28.375,9.0
228,D,G,4,C,"(2, 7, 11)",V,G,B,C,28.5,9.0
229,D,G,4,C,"(2, 7, 11)",V,G,B,C,28.625,9.0
230,D,G,4,C,"(2, 7, 11)",V,G,B,C,28.75,9.0
231,D,G,4,C,"(2, 7, 11)",V,G,B,C,28.875,9.0
232,D,G,5,C,"(2, 7, 11)",V,G,B,C,29.0,9.0
233,D,G,5,C,"(2, 7, 11)",V,G,B,C,29.125,9.0
234,D,G,5,C,"(2, 7, 11)",V,G,B,C,29.25,9.0
235,D,G,5,C,"(2, 7, 11)",V,G,B,C,29.375,9.0
236,D,G,5,C,"(2, 7, 11)",V,G,B,C,29.5,9.0
237,D,G,5,C,"(2, 7, 11)",V,G,B,C,29.625,9.0
238,D,G,5,C,"(2, 7, 11)",V,G,B,C,29.75,9.0
239,D,G,5,C,"(2, 7, 11)",V,G,B,C,29.875,9.0
240,E,A,0,C,"(0, 4, 9)",ii,A,C,G,30.0,10.0
241,E,A,1,C,"(0, 4, 9)",ii,A,C,G,30.125,10.0
242,E,A,2,C,"(0, 4, 9)",ii,A,C,G,30.25,10.0
243,E,A,2,C,"(0, 4, 9)",ii,A,C,G,30.375,10.0
244,E,A,3,C,"(0, 4, 9)",ii,A,C,G,30.5,10.0
245,E,A,3,C,"(0, 4, 9)",ii,A,C,G,30.625,10.0
246,E,A,3,C,"(0, 4, 9)",ii,A,C,G,30.75,10.0
247,E,A,3,C,"(0, 4, 9)",ii,A,C,G,30.875,10.0
248,E,A,4,C,"(0, 4, 9)",ii,A,C,G,31.0,10.0
249,E,A,4,C,"(0, 4, 9)",ii,A,C,G,31.125,10.0
250,E,A,4,C,"(0, 4, 9)",ii,A,C,G,31.25,10.0
251,E,A,4,C,"(0, 4, 9)",ii,A,C,G,31.375,10.0
252,E,A,4,C,"(0, 4, 9)",ii,A,C,G,31.5,10.0
253,E,A,4,C,"(0, 4, 9)",ii,A,C,G,31.625,10.0
254,E,A,4,C,"(0, 4, 9)",ii,A,C,G,31.75,10.0
255,E,A,4,C,"(0, 4, 9)",ii,A,C,G,31.875,10.0
256,E,A,5,C,"(0, 4, 9)",ii,A,C,G,32.0,10.0
257,E,A,5,C,"(0, 4, 9)",ii,A,C,G,32.125,10.0
258,E,A,5,C,"(0, 4, 9)",ii,A,C,G,32.25,10.0
259,E,A,5,C,"(0, 4, 9)",ii,A,C,G,32.375,10.0
260,E,A,5,C,"(0, 4, 9)",ii,A,C,G,32.5,10.0
261,E,A,5,C,"(0, 4, 9)",ii,A,C,G,32.625,10.0
262,E,A,5,C,"(0, 4, 9)",ii,A,C,G,32.75,10.0
263,E,A,5,C,"(0, 4, 9)",ii,A,C,G,32.875,10.0
264,A,D,0,C,"(2, 6, 9)",V,D,F#,G,33.0,11.0
265,A,D,1,C,"(2, 6, 9)",V,D,F#,G,33.125,11.0
266,A,D,2,C,"(2, 6, 9)",V,D,F#,G,33.25,11.0
267,A,D,2,C,"(2, 6, 9)",V,D,F#,G,33.375,11.0
268,A,D,3,C,"(2, 6, 9)",V,D,F#,G,33.5,11.0
269,A,D,3,C,"(2, 6, 9)",V,D,F#,G,33.625,11.0
270,A,D,3,C,"(2, 6, 9)",V,D,F#,G,33.75,11.0
271,A,D,3,C,"(2, 6, 9)",V,D,F#,G,33.875,11.0
272,A,D,4,C,"(2, 6, 9)",V,D,F#,G,34.0,11.0
273,A,D,4,C,"(2, 6, 9)",V,D,F#,G,34.125,11.0
274,A,D,4,C,"(2, 6, 9)",V,D,F#,G,34.25,11.0
275,A,D,4,C,"(2, 6, 9)",V,D,F#,G,34.375,11.0
276,A,D,4,C,"(2, 6, 9)",V,D,F#,G,34.5,11.0
277,A,D,4,C,"(2, 6, 9)",V,D,F#,G,34.625,11.0
278,A,D,4,C,"(2, 6, 9)",V,D,F#,G,34.75,11.0
279,A,D,4,C,"(2, 6, 9)",V,D,F#,G,34.875,11.0
280,A,D,0,C,"(2, 6, 9)",V,D,F#,G,35.0,11.0
281,A,D,1,C,"(2, 6, 9)",V,D,F#,G,35.125,11.0
282,A,D,2,C,"(2, 6, 9)",V,D,F#,G,35.25,11.0
283,A,D,2,C,"(2, 6, 9)",V,D,F#,G,35.375,11.0
284,A,D,3,C,"(2, 6, 9)",V,D,F#,G,35.5,11.0
285,A,D,3,C,"(2, 6, 9)",V,D,F#,G,35.625,11.0
286,A,D,3,C,"(2, 6, 9)",V,D,F#,G,35.75,11.0
287,A,D,3,C,"(2, 6, 9)",V,D,F#,G,35.875,11.0
288,A,D,0,C,"(2, 6, 9)",V,D,F#,G,36.0,12.0
289,A,D,1,C,"(2, 6, 9)",V,D,F#,G,36.125,12.0
290,A,D,2,C,"(2, 6, 9)",V,D,F#,G,36.25,12.0
291,A,D,2,C,"(2, 6, 9)",V,D,F#,G,36.375,12.0
292,A,D,3,C,"(2, 6, 9)",V,D,F#,G,36.5,12.0
293,A,D,3,C,"(2, 6, 9)",V,D,F#,G,36.625,12.0
294,A,D,3,C,"(2, 6, 9)",V,D,F#,G,36.75,12.0
295,A,D,3,C,"(2, 6, 9)",V,D,F#,G,36.875,12.0
296,A,D,4,C,"(2, 6, 9)",V,D,F#,G,37.0,12.0
297,A,D,4,C,"(2, 6, 9)",V,D,F#,G,37.125,12.0
298,A,D,4,C,"(2, 6, 9)",V,D,F#,G,37.25,12.0
299,A,D,4,C,"(2, 6, 9)",V,D,F#,G,37.375,12.0
300,A,D,4,C,"(2, 6, 9)",V,D,F#,G,37.5,12.0
301,A,D,4,C,"(2, 6, 9)",V,D,F#,G,37.625,12.0
302,A,D,4,C,"(2, 6, 9)",V,D,F#,G,37.75,12.0
303,A,D,4,C,"(2, 6, 9)",V,D,F#,G,37.875,12.0
304,C,D,0,C,"(0, 2, 6, 9)",V7,D,A,G,38.0,12.0
305,C,D,1,C,"(0, 2, 6, 9)",V7,D,A,G,38.125,12.0
306,C,D,2,C,"(0, 2, 6, 9)",V7,D,A,G,38.25,12.0
307,C,D,2,C,"(0, 2, 6, 9)",V7,D,A,G,38.375,12.0
308,C,D,3,C,"(0, 2, 6, 9)",V7,D,A,G,38.5,12.0
309,C,D,3,C,"(0, 2, 6, 9)",V7,D,A,G,38.625,12.0
310,C,D,3,C,"(0, 2, 6, 9)",V7,D,A,G,38.75,12.0
311,C,D,3,C,"(0, 2, 6, 9)",V7,D,A,G,38.875,12.0
312,D,G,0,C,"(2, 7, 11)",V,G,B,G,39.0,13.0
313,D,G,1,C,"(2, 7, 11)",V,G,B,G,39.125,13.0
314,D,G,2,C,"(2, 7, 11)",V,G,B,G,39.25,13.0
315,D,G,2,C,"(2, 7, 11)",V,G,B,G,39.375,13.0
316,D,G,3,C,"(2, 7, 11)",V,G,B,G,39.5,13.0
317,D,G,3,C,"(2, 7, 11)",V,G,B,G,39.625,13.0
318,D,G,3,C,"(2, 7, 11)",V,G,B,G,39.75,13.0
319,D,G,3,C,"(2, 7, 11)",V,G,B,G,39.875,13.0
320,D,G,4,C,"(2, 7, 11)",V,G,B,G,40.0,13.0
321,D,G,4,C,"(2, 7, 11)",V,G,B,G,40.125,13.0
322,D,G,4,C,"(2, 7, 11)",V,G,B,C,40.25,13.0
323,D,G,4,C,"(2, 7, 11)",V,G,B,C,40.375,13.0
324,D,G,4,C,"(2, 7, 11)",V,G,B,C,40.5,13.0
325,D,G,4,C,"(2, 7, 11)",V,G,B,C,40.625,13.0
326,D,G,4,C,"(2, 7, 11)",V,G,B,C,40.75,13.0
327,D,G,4,C,"(2, 7, 11)",V,G,B,C,40.875,13.0
328,D,G,0,C,"(2, 7, 11)",V,G,B,C,41.0,13.0
329,D,G,1,C,"(2, 7, 11)",V,G,B,C,41.125,13.0
330,D,G,2,C,"(2, 7, 11)",V,G,B,C,41.25,13.0
331,D,G,2,C,"(2, 7, 11)",V,G,B,C,41.375,13.0
332,D,G,3,C,"(2, 7, 11)",V,G,B,C,41.5,13.0
333,D,G,3,C,"(2, 7, 11)",V,G,B,C,41.625,13.0
334,G,G,3,C,"(2, 7, 11)",V,G,B,C,41.75,13.0
335,D,G,3,C,"(2, 7, 11)",V,G,B,C,41.875,13.0
336,C,C,0,C,"(0, 4, 7)",I,C,G,C,42.0,14.0
337,C,C,1,C,"(0, 4, 7)",I,C,G,C,42.125,14.0
338,C,C,2,C,"(0, 4, 7)",I,C,G,C,42.25,14.0
339,C,C,2,C,"(0, 4, 7)",I,C,G,C,42.375,14.0
340,C,C,3,C,"(0, 4, 7)",I,C,G,C,42.5,14.0
341,C,C,3,C,"(0, 4, 7)",I,C,G,C,42.625,14.0
342,C,C,3,C,"(0, 4, 7)",I,C,G,C,42.75,14.0
343,C,C,3,C,"(0, 4, 7)",I,C,G,C,42.875,14.0
344,C,C,4,C,"(0, 4, 7)",I,C,G,C,43.0,14.0
345,C,C,4,C,"(0, 4, 7)",I,C,G,C,43.125,14.0
346,C,C,4,C,"(0, 4, 7)",I,C,G,C,43.25,14.0
347,C,C,4,C,"(0, 4, 7)",I,C,G,C,43.375,14.0
348,C,C,4,C,"(0, 4, 7)",I,C,G,C,43.5,14.0
349,C,C,4,C,"(0, 4, 7)",I,C,G,C,43.625,14.0
350,C,C,4,C,"(0, 4, 7)",I,C,G,C,43.75,14.0
351,C,C,4,C,"(0, 4, 7)",I,C,G,C,43.875,14.0
352,G,C,0,C,"(0, 4, 7)",I,C,G,C,44.0,14.0
353,G,C,1,C,"(0, 4, 7)",I,C,G,C,44.125,14.0
354,G,C,5,C,"(0, 4, 7)",I,C,G,C,44.25,14.0
355,G,C,5,C,"(0, 4, 7)",I,C,G,C,44.375,14.0
356,G,C,3,C,"(0, 4, 7)",I,C,G,C,44.5,14.0
357,G,C,3,C,"(0, 4, 7)",I,C,G,C,44.625,14.0
358,C,C,3,C,"(0, 4, 7)",I,C,G,C,44.75,14.0
359,G,C,3,C,"(0, 4, 7)",I,C,G,C,44.875,14.0
360,G,D,0,C,"(2, 7, 11)",V,G,G,C,45.0,15.0
361,G,D,1,C,"(2, 7, 11)",V,G,G,C,45.125,15.0
362,G,D,2,C,"(2, 7, 11)",V,G,G,C,45.25,15.0
363,G,D,2,C,"(2, 7, 11)",V,G,G,C,45.375,15.0
364,G,D,3,C,"(2, 7, 11)",V,G,G,C,45.5,15.0
365,G,D,3,C,"(2, 7, 11)",V,G,G,C,45.625,15.0
366,G,D,3,C,"(2, 7, 11)",V,G,G,C,45.75,15.0
367,G,D,3,C,"(2, 7, 11)",V,G,G,C,45.875,15.0
368,G,D,4,C,"(2, 7, 11)",V,G,G,C,46.0,15.0
369,G,D,4,C,"(2, 7, 11)",V,G,G,C,46.125,15.0
370,G,D,4,C,"(2, 7, 11)",V,G,G,C,46.25,15.0
371,G,D,4,C,"(2, 7, 11)",V,G,G,C,46.375,15.0
372,G,D,4,C,"(2, 7, 11)",V,G,G,C,46.5,15.0
373,G,D,4,C,"(2, 7, 11)",V,G,G,C,46.625,15.0
374,G,D,4,C,"(2, 7, 11)",V,G,G,C,46.75,15.0
375,G,D,4,C,"(2, 7, 11)",V,G,G,C,46.875,15.0
376,A,D,0,C,"(0, 2, 6, 9)",V7,C,F#,G,47.0,15.0
377,A,D,1,C,"(0, 2, 6, 9)",V7,C,F#,G,47.125,15.0
378,A,D,2,C,"(0, 2, 6, 9)",V7,C,F#,G,47.25,15.0
379,A,D,2,C,"(0, 2, 6, 9)",V7,C,F#,G,47.375,15.0
380,A,D,3,C,"(0, 2, 6, 9)",V7,C,F#,G,47.5,15.0
381,A,D,3,C,"(0, 2, 6, 9)",V7,C,F#,G,47.625,15.0
382,A,D,3,C,"(0, 2, 6, 9)",V7,C,F#,G,47.75,15.0
383,A,D,3,C,"(0, 2, 6, 9)",V7,C,F#,G,47.875,15.0
384,D,G,0,C,"(2, 7, 11)",V,G,B,C,48.0,16.0
385,D,G,1,C,"(2, 7, 11)",V,G,B,C,48.125,16.0
386,D,G,2,C,"(2, 7, 11)",V,G,B,C,48.25,16.0
387,D,G,2,C,"(2, 7, 11)",V,G,B,C,48.375,16.0
388,D,G,3,C,"(2, 7, 11)",V,G,B,C,48.5,16.0
389,D,G,3,C,"(2, 7, 11)",V,G,B,C,48.625,16.0
390,D,G,3,C,"(2, 7, 11)",V,G,B,C,48.75,16.0
391,D,G,3,C,"(2, 7, 11)",V,G,B,C,48.875,16.0
392,D,G,4,C,"(2, 7, 11)",V,G,B,C,49.0,16.0
393,D,G,4,C,"(2, 7, 11)",V,G,B,C,49.125,16.0
394,D,G,4,C,"(2, 7, 11)",V,G,B,C,49.25,16.0
395,D,G,4,C,"(2, 7, 11)",V,G,B,C,49.375,16.0
396,D,G,4,C,"(2, 7, 11)",V,G,B,C,49.5,16.0
397,D,G,4,C,"(2, 7, 11)",V,G,B,C,49.625,16.0
398,D,G,4,C,"(2, 7, 11)",V,G,B,C,49.75,16.0
399,D,G,4,C,"(2, 7, 11)",V,G,B,C,49.875,16.0
400,D,G,5,C,"(2, 7, 11)",V,G,B,C,50.0,16.0
401,D,G,5,C,"(2, 7, 11)",V,G,B,C,50.125,16.0
402,D,G,5,C,"(2, 7, 11)",V,G,B,C,50.25,16.0
403,D,G,5,C,"(2, 7, 11)",V,G,B,C,50.375,16.0
404,D,G,5,C,"(2, 7, 11)",V,G,B,C,50.5,16.0
405,D,G,5,C,"(2, 7, 11)",V,G,B,C,50.625,16.0
406,D,G,5,C,"(2, 7, 11)",V,G,B,C,50.75,16.0
407,D,G,5,C,"(2, 7, 11)",V,G,B,C,50.875,16.0
408,D,G,0,C,"(2, 7, 11)",V,G,B,C,51.0,17.0
409,D,G,1,C,"(2, 7, 11)",V,G,B,C,51.125,17.0
410,D,G,2,C,"(2, 7, 11)",V,G,B,C,51.25,17.0
411,D,G,2,C,"(2, 7, 11)",V,G,B,C,51.375,17.0
412,D,G,3,C,"(2, 7, 11)",V,G,B,C,51.5,17.0
413,D,G,3,C,"(2, 7, 11)",V,G,B,C,51.625,17.0
414,D,G,3,C,"(2, 7, 11)",V,G,B,C,51.75,17.0
415,D,G,3,C,"(2, 7, 11)",V,G,B,C,51.875,17.0
416,D,G,0,C,"(0, 4, 7)",I,C,C,C,52.0,17.0
417,D,G,1,C,"(0, 4, 7)",I,C,C,C,52.125,17.0
418,D,G,4,C,"(0, 4, 7)",I,C,C,C,52.25,17.0
419,D,G,2,C,"(0, 4, 7)",I,C,C,C,52.375,17.0
420,D,G,3,C,"(0, 4, 7)",I,C,C,C,52.5,17.0
421,D,G,3,C,"(0, 4, 7)",I,C,C,C,52.625,17.0
422,D,G,3,C,"(0, 4, 7)",I,C,C,C,52.75,17.0
423,D,G,3,C,"(0, 4, 7)",I,C,C,C,52.875,17.0
424,D,G,0,C,"(0, 4, 7)",I,F,B,C,53.0,17.0
425,D,G,1,C,"(0, 4, 7)",I,F,B,C,53.125,17.0
426,D,F,2,C,"(0, 4, 7)",I,F,B,C,53.25,17.0
427,D,F,2,C,"(0, 4, 7)",I,F,B,C,53.375,17.0
428,D,F,3,C,"(0, 4, 7)",I,F,G,C,53.5,17.0
429,D,F,3,C,"(0, 4, 7)",I,F,G,C,53.625,17.0
430,D,F,3,C,"(0, 4, 7)",I,F,G,C,53.75,17.0
431,D,F,3,C,"(0, 4, 7)",I,F,G,C,53.875,17.0
432,C,E,0,C,"(0, 4, 7)",I,C,G,C,54.0,18.0
433,C,E,1,C,"(0, 4, 7)",I,C,G,C,54.125,18.0
434,C,E,2,C,"(0, 4, 7)",I,C,G,C,54.25,18.0
435,C,E,2,C,"(0, 4, 7)",I,C,G,C,54.375,18.0
436,C,E,3,C,"(0, 4, 7)",I,C,G,C,54.5,18.0
437,C,E,3,C,"(0, 4, 7)",I,C,G,C,54.625,18.0
438,C,E,3,C,"(0, 4, 7)",I,C,G,C,54.75,18.0
439,C,E,3,C,"(0, 4, 7)",I,C,G,C,54.875,18.0
440,C,G,4,C,"(4, 7, 11)",I,E,G,C,55.0,18.0
441,C,G,4,C,"(4, 7, 11)",I,E,G,C,55.125,18.0
442,C,G,4,C,"(4, 7, 11)",I,E,G,C,55.25,18.0
443,C,G,4,C,"(4, 7, 11)",I,E,G,C,55.375,18.0
444,C,G,4,C,"(4, 7, 11)",I,E,G,C,55.5,18.0
445,C,G,4,C,"(4, 7, 11)",I,E,G,C,55.625,18.0
446,C,G,4,C,"(4, 7, 11)",I,E,G,C,55.75,18.0
447,C,G,4,C,"(4, 7, 11)",I,E,G,C,55.875,18.0
448,E,G,0,C,"(4, 7, 11)",I,E,G,C,56.0,18.0
449,E,G,1,C,"(4, 7, 11)",I,E,G,C,56.125,18.0
450,E,G,5,C,"(4, 7, 11)",I,E,G,C,56.25,18.0
451,E,G,2,C,"(4, 7, 11)",I,E,G,C,56.375,18.0
452,E,G,3,C,"(4, 7, 11)",V7,E,C,C,56.5,18.0
453,E,G,3,C,"(4, 7, 11)",V7,E,C,C,56.625,18.0
454,E,G,3,C,"(4, 7, 11)",V7,E,C,C,56.75,18.0
455,E,G,3,C,"(4, 7, 11)",viio,E,C,C,56.875,18.0
456,E,A,0,C,"(1, 4, 7, 9)",V7,G,C#,d,57.0,19.0
457,E,A,1,C,"(1, 4, 7, 9)",V7,G,C#,d,57.125,19.0
458,E,A,2,C,"(1, 4, 7, 9)",V7,G,C#,d,57.25,19.0
459,E,A,2,C,"(1, 4, 7, 9)",V7,G,C#,d,57.375,19.0
460,E,A,3,C,"(1, 4, 7, 9)",V7,G,C#,d,57.5,19.0
461,E,A,3,C,"(1, 4, 7, 9)",V7,G,C#,d,57.625,19.0
462,E,A,3,C,"(1, 4, 7, 9)",V7,G,C#,d,57.75,19.0
463,E,A,3,C,"(1, 4, 7, 9)",V7,G,C#,d,57.875,19.0
464,E,A,4,C,"(2, 5, 9)",ii,D,C#,d,58.0,19.0
465,E,A,1,C,"(2, 5, 9)",ii,D,C#,d,58.125,19.0
466,E,A,4,C,"(2, 5, 9)",ii,D,C#,d,58.25,19.0
467,E,A,4,C,"(2, 5, 9)",ii,D,C#,d,58.375,19.0
468,E,A,3,C,"(2, 5, 9)",ii,D,C#,d,58.5,19.0
469,E,A,3,C,"(2, 5, 9)",ii,D,C#,d,58.625,19.0
470,E,A,3,C,"(2, 5, 9)",ii,D,C#,d,58.75,19.0
471,E,A,3,C,"(2, 5, 9)",ii,D,C#,d,58.875,19.0
472,E,A,0,C,"(1, 4, 9)",V,A,C#,d,59.0,19.0
473,E,A,1,C,"(1, 4, 9)",V,A,C#,d,59.125,19.0
474,E,A,2,C,"(1, 4, 9)",V,A,C#,d,59.25,19.0
475,E,A,2,C,"(1, 4, 9)",V,A,C#,d,59.375,19.0
476,E,A,3,C,"(1, 4, 9)",V,A,C#,d,59.5,19.0
477,E,A,3,C,"(1, 4, 9)",V,A,C#,d,59.625,19.0
478,E,A,3,C,"(1, 4, 9)",V,A,C#,d,59.75,19.0
479,E,A,3,C,"(1, 4, 9)",V,A,C#,d,59.875,19.0
480,A,D,0,C,"(2, 5, 9)",ii,D,F,C,60.0,20.0
481,A,D,1,C,"(2, 5, 9)",ii,D,F,C,60.125,20.0
482,A,D,2,C,"(2, 5, 9)",ii,D,F,C,60.25,20.0
483,A,D,2,C,"(2, 5, 9)",ii,D,F,C,60.375,20.0
484,A,D,3,C,"(2, 5, 9)",ii,D,F,C,60.5,20.0
485,A,D,3,C,"(2, 5, 9)",ii,D,F,C,60.625,20.0
486,A,D,3,C,"(2, 5, 9)",ii,D,F,C,60.75,20.0
487,A,D,3,C,"(2, 5, 9)",ii,D,F,C,60.875,20.0
488,A,D,4,C,"(2, 5, 9)",ii,D,F,C,61.0,20.0
489,A,D,4,C,"(2, 5, 9)",ii,D,F,C,61.125,20.0
490,A,D,4,C,"(2, 5, 9)",ii,D,F,C,61.25,20.0
491,A,D,4,C,"(2, 5, 9)",ii,D,F,C,61.375,20.0
492,A,D,4,C,"(2, 5, 9)",ii,D,F,C,61.5,20.0
493,A,D,4,C,"(2, 5, 9)",ii,D,F,C,61.625,20.0
494,A,D,4,C,"(2, 5, 9)",ii,D,F,C,61.75,20.0
495,A,D,4,C,"(2, 5, 9)",ii,D,F,C,61.875,20.0
496,D,D,5,C,"(2, 5, 9)",ii,D,F,C,62.0,20.0
497,D,D,5,C,"(2, 5, 9)",ii,D,F,C,62.125,20.0
498,D,D,5,C,"(2, 5, 9)",ii,D,F,C,62.25,20.0
499,D,D,5,C,"(2, 5, 9)",ii,D,F,C,62.375,20.0
500,D,D,5,C,"(2, 5, 9)",ii,D,F,C,62.5,20.0
501,D,D,5,C,"(2, 5, 9)",ii,D,F,C,62.625,20.0
502,D,D,5,C,"(2, 5, 9)",ii,D,F,C,62.75,20.0
503,D,D,5,C,"(2, 5, 9)",ii,D,F,C,62.875,20.0
504,D,G,0,C,"(2, 5, 7, 11)",V7,F,B,C,63.0,21.0
505,D,G,1,C,"(2, 5, 7, 11)",V7,F,B,C,63.125,21.0
506,D,G,2,C,"(2, 5, 7, 11)",V7,F,B,C,63.25,21.0
507,D,G,2,C,"(2, 5, 7, 11)",V7,F,B,C,63.375,21.0
508,D,G,3,C,"(2, 5, 7, 11)",V7,F,B,C,63.5,21.0
509,D,G,3,C,"(2, 5, 7, 11)",V7,F,B,C,63.625,21.0
510,D,G,3,C,"(2, 5, 7, 11)",V7,F,B,C,63.75,21.0
511,D,G,3,C,"(2, 5, 7, 11)",V7,F,B,C,63.875,21.0
512,D,G,4,C,"(2, 5, 7, 11)",V7,F,B,C,64.0,21.0
513,D,G,4,C,"(2, 5, 7, 11)",V7,F,B,C,64.125,21.0
514,D,G,4,C,"(2, 5, 7, 11)",V7,F,B,C,64.25,21.0
515,D,G,4,C,"(2, 5, 7, 11)",V7,F,B,C,64.375,21.0
516,D,G,4,C,"(2, 5, 7, 11)",V7,F,B,C,64.5,21.0
517,D,G,4,C,"(2, 5, 7, 11)",V7,F,B,C,64.625,21.0
518,D,G,4,C,"(2, 5, 7, 11)",V7,F,B,C,64.75,21.0
519,D,G,4,C,"(2, 5, 7, 11)",V7,F,B,C,64.875,21.0
520,D,G,5,C,"(2, 5, 7, 11)",V7,F,B,C,65.0,21.0
521,D,G,5,C,"(2, 5, 7, 11)",V7,F,B,C,65.125,21.0
522,D,G,5,C,"(2, 5, 7, 11)",V7,F,B,C,65.25,21.0
523,D,G,5,C,"(2, 5, 7, 11)",V7,F,B,C,65.375,21.0
524,D,G,5,C,"(2, 5, 7, 11)",V7,F,B,C,65.5,21.0
525,D,G,5,C,"(2, 5, 7, 11)",V7,F,B,C,65.625,21.0
526,D,G,5,C,"(2, 5, 7, 11)",V7,F,B,C,65.75,21.0
527,D,G,5,C,"(2, 5, 7, 11)",V7,F,B,C,65.875,21.0
528,D,G,0,C,"(2, 5, 7, 11)",V7,F,B,C,66.0,22.0
529,D,G,1,C,"(2, 5, 7, 11)",V7,F,B,C,66.125,22.0
530,D,G,2,C,"(2, 5, 7, 11)",V7,F,B,C,66.25,22.0
531,D,G,2,C,"(2, 5, 7, 11)",V7,F,B,C,66.375,22.0
532,D,G,3,C,"(2, 5, 7, 11)",V7,F,B,C,66.5,22.0
533,D,G,3,C,"(2, 5, 7, 11)",V7,F,B,C,66.625,22.0
534,D,G,3,C,"(2, 5, 7, 11)",V7,F,B,C,66.75,22.0
535,D,G,3,C,"(2, 5, 7, 11)",V7,F,B,C,66.875,22.0
536,D,G,0,C,"(2, 5, 7, 11)",V7,F,B,C,67.0,22.0
537,D,G,1,C,"(2, 5, 7, 11)",V7,F,B,C,67.125,22.0
538,D,G,2,C,"(2, 5, 7, 11)",V7,F,B,C,67.25,22.0
539,D,G,2,C,"(2, 5, 7, 11)",V7,F,B,C,67.375,22.0
540,D,G,3,C,"(2, 5, 7, 11)",V7,F,B,C,67.5,22.0
541,D,G,3,C,"(2, 5, 7, 11)",V7,F,B,C,67.625,22.0
542,D,G,3,C,"(2, 5, 7, 11)",V7,F,B,C,67.75,22.0
543,D,G,3,C,"(2, 5, 7, 11)",V7,F,B,C,67.875,22.0
544,F,B,0,C,"(2, 5, 7, 11)",V7,F,D,C,68.0,22.0
545,F,B,1,C,"(2, 5, 7, 11)",V7,F,D,C,68.125,22.0
546,F,B,2,C,"(2, 5, 7, 11)",V7,F,D,C,68.25,22.0
547,F,B,2,C,"(2, 5, 7, 11)",V7,F,D,C,68.375,22.0
548,F,B,3,C,"(2, 5, 7, 11)",V7,F,D,C,68.5,22.0
549,F,B,3,C,"(2, 5, 7, 11)",V7,F,D,C,68.625,22.0
550,F,B,3,C,"(2, 5, 7, 11)",V7,F,D,C,68.75,22.0
551,F,B,3,C,"(2, 5, 7, 11)",V7,F,D,C,68.875,22.0
552,G,C,0,C,"(0, 4, 7)",I,C,E,C,69.0,23.0
553,G,C,1,C,"(0, 4, 7)",I,C,E,C,69.125,23.0
554,G,C,2,C,"(0, 4, 7)",I,C,E,C,69.25,23.0
555,G,C,2,C,"(0, 4, 7)",I,C,E,C,69.375,23.0
556,G,C,3,C,"(0, 4, 7)",I,C,E,C,69.5,23.0
557,G,C,3,C,"(0, 4, 7)",I,C,E,C,69.625,23.0
558,G,C,3,C,"(0, 4, 7)",I,C,E,C,69.75,23.0
559,G,C,3,C,"(0, 4, 7)",I,C,E,C,69.875,23.0
560,G,C,4,C,"(0, 4, 7)",I,C,E,C,70.0,23.0
561,G,C,4,C,"(0, 4, 7)",I,C,E,C,70.125,23.0
562,G,C,4,C,"(0, 4, 7)",I,C,E,C,70.25,23.0
563,G,C,4,C,"(0, 4, 7)",I,C,E,C,70.375,23.0
564,G,C,4,C,"(0, 4, 7)",I,C,E,C,70.5,23.0
565,G,C,4,C,"(0, 4, 7)",I,C,E,C,70.625,23.0
566,G,C,4,C,"(0, 4, 7)",I,C,E,C,70.75,23.0
567,G,C,4,C,"(0, 4, 7)",I,C,E,C,70.875,23.0
568,G,C,5,C,"(0, 4, 7)",I,C,E,C,71.0,23.0
569,G,C,5,C,"(0, 4, 7)",I,C,E,C,71.125,23.0
570,G,C,5,C,"(0, 4, 7)",I,C,E,C,71.25,23.0
571,G,C,5,C,"(0, 4, 7)",I,C,E,C,71.375,23.0
572,G,C,5,C,"(0, 4, 7)",I,C,E,C,71.5,23.0
573,G,C,5,C,"(0, 4, 7)",I,C,E,C,71.625,23.0
574,G,C,5,C,"(0, 4, 7)",I,C,E,C,71.75,23.0
575,G,C,5,C,"(0, 4, 7)",I,C,E,C,71.875,23.0
576,D,G,0,C,"(2, 7, 11)",V,G,B,C,72.0,24.0
577,D,G,1,C,"(2, 7, 11)",V,G,B,C,72.125,24.0
578,D,G,2,C,"(2, 7, 11)",V,G,B,C,72.25,24.0
579,D,G,2,C,"(2, 7, 11)",V,G,B,C,72.375,24.0
580,D,G,3,C,"(2, 7, 11)",V,G,B,C,72.5,24.0
581,D,G,3,C,"(2, 7, 11)",V,G,B,C,72.625,24.0
582,D,G,3,C,"(2, 7, 11)",V,G,B,C,72.75,24.0
583,D,G,3,C,"(2, 7, 11)",V,G,B,C,72.875,24.0
584,D,G,4,C,"(2, 7, 11)",V,G,B,C,73.0,24.0
585,D,G,4,C,"(2, 7, 11)",V,G,B,C,73.125,24.0
586,D,G,4,C,"(2, 7, 11)",V,G,B,C,73.25,24.0
587,D,G,4,C,"(2, 7, 11)",V,G,B,C,73.375,24.0
588,D,G,4,C,"(2, 7, 11)",V,G,B,C,73.5,24.0
589,D,G,4,C,"(2, 7, 11)",V,G,B,C,73.625,24.0
590,D,G,4,C,"(2, 7, 11)",V,G,B,C,73.75,24.0
591,D,G,4,C,"(2, 7, 11)",V,G,B,C,73.875,24.0
592,G,G,5,C,"(0, 4, 7)",I,C,E,C,74.0,24.0
593,G,G,5,C,"(0, 4, 7)",I,C,E,C,74.125,24.0
594,G,G,5,C,"(0, 4, 7)",I,C,E,C,74.25,24.0
595,G,G,2,C,"(0, 4, 7)",I,C,E,C,74.375,24.0
596,G,G,3,C,"(0, 4, 7)",I,C,E,C,74.5,24.0
597,G,G,3,C,"(0, 4, 7)",I,C,E,C,74.625,24.0
598,G,G,3,C,"(0, 4, 7)",I,C,E,C,74.75,24.0
599,G,G,3,C,"(0, 4, 7)",I,C,E,C,74.875,24.0
600,G,C,0,C,"(0, 4, 7)",I,C,E,C,75.0,25.0
601,G,C,1,C,"(0, 4, 7)",I,C,E,C,75.125,25.0
602,G,C,2,C,"(0, 4, 7)",I,C,E,C,75.25,25.0
603,G,C,2,C,"(0, 4, 7)",I,C,E,C,75.375,25.0
604,G,C,3,C,"(0, 4, 7)",I,C,E,C,75.5,25.0
605,G,C,3,C,"(0, 4, 7)",I,C,E,C,75.625,25.0
606,G,C,3,C,"(0, 4, 7)",I,C,E,C,75.75,25.0
607,G,C,3,C,"(0, 4, 7)",I,C,E,C,75.875,25.0
608,G,C,4,C,"(0, 4, 7)",I,C,E,C,76.0,25.0
609,G,C,4,C,"(0, 4, 7)",I,C,E,C,76.125,25.0
610,G,C,4,C,"(0, 4, 7)",I,C,E,C,76.25,25.0
611,G,C,4,C,"(0, 4, 7)",I,C,E,C,76.375,25.0
612,G,C,4,C,"(0, 4, 7)",I,C,E,C,76.5,25.0
613,G,C,4,C,"(0, 4, 7)",I,C,E,C,76.625,25.0
614,G,C,4,C,"(0, 4, 7)",I,C,E,C,76.75,25.0
615,G,C,4,C,"(0, 4, 7)",I,C,E,C,76.875,25.0
616,G,C,5,C,"(0, 4, 7)",I,C,E,C,77.0,25.0
617,G,C,5,C,"(0, 4, 7)",I,C,E,C,77.125,25.0
618,G,C,5,C,"(0, 4, 7)",I,C,E,C,77.25,25.0
619,G,C,5,C,"(0, 4, 7)",I,C,E,C,77.375,25.0
620,G,C,5,C,"(0, 4, 7)",I,C,E,C,77.5,25.0
621,G,C,5,C,"(0, 4, 7)",I,C,E,C,77.625,25.0
622,G,C,5,C,"(0, 4, 7)",I,C,E,C,77.75,25.0
623,G,C,5,C,"(0, 4, 7)",I,C,E,C,77.875,25.0
624,C,C,0,C,"(0, 5, 9)",IV,F,F,C,78.0,26.0
625,C,C,1,C,"(0, 5, 9)",IV,F,F,C,78.125,26.0
626,C,C,2,C,"(0, 5, 9)",IV,F,F,C,78.25,26.0
627,C,C,2,C,"(0, 5, 9)",IV,F,F,C,78.375,26.0
628,C,C,3,C,"(0, 5, 9)",IV,F,F,C,78.5,26.0
629,C,C,3,C,"(0, 5, 9)",IV,F,F,C,78.625,26.0
630,C,C,3,C,"(0, 5, 9)",IV,F,F,C,78.75,26.0
631,C,C,3,C,"(0, 5, 9)",IV,F,F,C,78.875,26.0
632,C,C,4,C,"(0, 5, 9)",IV,F,F,C,79.0,26.0
633,C,C,4,C,"(0, 5, 9)",IV,F,F,C,79.125,26.0
634,C,C,4,C,"(0, 5, 9)",IV,F,F,C,79.25,26.0
635,C,C,4,C,"(0, 5, 9)",IV,F,F,C,79.375,26.0
636,C,C,4,C,"(0, 5, 9)",IV,F,F,C,79.5,26.0
637,C,C,4,C,"(0, 5, 9)",IV,F,F,C,79.625,26.0
638,C,C,4,C,"(0, 5, 9)",IV,F,F,C,79.75,26.0
639,C,F,4,C,"(0, 5, 9)",I,F,F,C,79.875,26.0
640,G,C,5,C,"(0, 4, 7)",I,C,E,C,80.0,26.0
641,G,C,1,C,"(0, 4, 7)",I,C,E,C,80.125,26.0
642,G,C,2,C,"(0, 4, 7)",I,C,E,C,80.25,26.0
643,G,C,5,C,"(0, 4, 7)",I,C,E,C,80.375,26.0
644,G,C,5,C,"(0, 4, 7)",I,C,E,C,80.5,26.0
645,G,C,5,C,"(0, 4, 7)",I,C,E,C,80.625,26.0
646,G,C,5,C,"(0, 4, 7)",I,C,E,C,80.75,26.0
647,G,C,5,C,"(0, 4, 7)",I,C,E,C,80.875,26.0
648,G,C,0,C,"(0, 4, 7)",I,C,E,C,81.0,27.0
649,G,C,1,C,"(0, 4, 7)",I,C,E,C,81.125,27.0
650,G,C,2,C,"(0, 4, 7)",I,C,E,C,81.25,27.0
651,G,C,2,C,"(0, 4, 7)",I,C,E,C,81.375,27.0
652,G,C,3,C,"(0, 4, 7)",I,C,E,C,81.5,27.0
653,G,C,3,C,"(0, 4, 7)",I,C,E,C,81.625,27.0
654,G,C,3,C,"(0, 4, 7)",I,C,E,C,81.75,27.0
655,G,C,3,C,"(0, 4, 7)",I,C,E,C,81.875,27.0
656,G,C,4,C,"(0, 4, 7)",I,C,E,C,82.0,27.0
657,G,C,4,C,"(0, 4, 7)",I,C,E,C,82.125,27.0
658,G,C,4,C,"(0, 4, 7)",I,C,E,C,82.25,27.0
659,G,C,4,C,"(0, 4, 7)",I,C,E,C,82.375,27.0
660,G,C,4,C,"(0, 4, 7)",I,C,E,C,82.5,27.0
661,G,C,4,C,"(0, 4, 7)",I,C,E,C,82.625,27.0
662,G,C,4,C,"(0, 4, 7)",I,C,E,C,82.75,27.0
663,G,C,4,C,"(0, 4, 7)",I,C,E,C,82.875,27.0
664,D,B,0,C,"(2, 5, 11)",viio,B,D,C,83.0,27.0
665,D,B,1,C,"(2, 5, 11)",viio,B,D,C,83.125,27.0
666,D,B,2,C,"(2, 5, 11)",viio,B,D,C,83.25,27.0
667,D,B,2,C,"(2, 5, 11)",viio,B,D,C,83.375,27.0
668,D,B,3,C,"(2, 5, 11)",viio,B,D,C,83.5,27.0
669,D,B,3,C,"(2, 5, 11)",viio,B,D,C,83.625,27.0
670,D,B,3,C,"(2, 5, 11)",viio,B,D,C,83.75,27.0
671,D,B,3,C,"(2, 5, 11)",viio,B,D,C,83.875,27.0
672,G,C,0,C,"(0, 4, 7)",I,C,E,C,84.0,28.0
673,G,C,1,C,"(0, 4, 7)",I,C,E,C,84.125,28.0
674,G,C,2,C,"(0, 4, 7)",I,C,E,C,84.25,28.0
675,G,C,2,C,"(0, 4, 7)",I,C,E,C,84.375,28.0
676,G,C,3,C,"(0, 4, 7)",I,C,E,C,84.5,28.0
677,G,C,3,C,"(0, 4, 7)",I,C,E,C,84.625,28.0
678,G,C,3,C,"(0, 4, 7)",I,C,E,C,84.75,28.0
679,G,C,3,C,"(0, 4, 7)",I,C,E,C,84.875,28.0
680,G,C,4,C,"(0, 4, 7)",I,C,E,C,85.0,28.0
681,G,C,4,C,"(0, 4, 7)",I,C,E,C,85.125,28.0
682,G,C,4,C,"(0, 4, 7)",I,C,E,C,85.25,28.0
683,G,C,4,C,"(0, 4, 7)",I,C,E,C,85.375,28.0
684,G,C,4,C,"(0, 4, 7)",I,C,E,C,85.5,28.0
685,G,C,4,C,"(0, 4, 7)",I,C,E,C,85.625,28.0
686,G,C,4,C,"(0, 4, 7)",I,C,E,C,85.75,28.0
687,G,C,4,C,"(0, 4, 7)",I,C,E,C,85.875,28.0
688,C,E,5,C,"(0, 4, 7)",I,C,G,C,86.0,28.0
689,C,E,5,C,"(0, 4, 7)",I,C,G,C,86.125,28.0
690,C,E,2,C,"(0, 4, 7)",I,C,G,C,86.25,28.0
691,C,E,5,C,"(0, 4, 7)",I,C,G,C,86.375,28.0
692,C,E,5,C,"(0, 4, 7)",I,C,G,C,86.5,28.0
693,C,E,5,C,"(0, 4, 7)",I,C,G,C,86.625,28.0
694,C,E,5,C,"(0, 4, 7)",I,C,G,C,86.75,28.0
695,C,E,5,C,"(0, 4, 7)",I,C,G,C,86.875,28.0
696,D,F,0,C,"(2, 5, 9)",ii,D,A,C,87.0,29.0
697,D,F,1,C,"(2, 5, 9)",ii,D,A,C,87.125,29.0
698,D,F,2,C,"(2, 5, 9)",ii,D,A,C,87.25,29.0
699,D,F,2,C,"(2, 5, 9)",ii,D,A,C,87.375,29.0
700,D,F,3,C,"(2, 5, 9)",ii,D,A,C,87.5,29.0
701,D,F,3,C,"(2, 5, 9)",ii,D,A,C,87.625,29.0
702,D,F,3,C,"(2, 5, 9)",ii,D,A,C,87.75,29.0
703,D,F,3,C,"(2, 5, 9)",ii,D,A,C,87.875,29.0
704,D,F,4,C,"(2, 5, 9)",ii,D,A,C,88.0,29.0
705,D,F,4,C,"(2, 5, 9)",ii,D,A,C,88.125,29.0
706,D,F,4,C,"(2, 5, 9)",ii,D,A,C,88.25,29.0
707,D,F,4,C,"(2, 5, 9)",ii,D,A,C,88.375,29.0
708,D,F,4,C,"(2, 5, 9)",ii,D,A,C,88.5,29.0
709,D,F,4,C,"(2, 5, 9)",ii,D,A,C,88.625,29.0
710,D,F,4,C,"(2, 5, 9)",ii,D,A,C,88.75,29.0
711,D,F,4,C,"(2, 5, 9)",ii,D,A,C,88.875,29.0
712,D,F,5,C,"(2, 5, 9)",ii,D,F,C,89.0,29.0
713,D,D,5,C,"(2, 5, 9)",ii,D,F,C,89.125,29.0
714,D,D,5,C,"(2, 5, 9)",ii,D,F,C,89.25,29.0
715,D,D,5,C,"(2, 5, 9)",ii,D,F,C,89.375,29.0
716,D,D,5,C,"(2, 5, 9)",ii,D,F,C,89.5,29.0
717,D,D,5,C,"(2, 5, 9)",ii,D,F,C,89.625,29.0
718,D,D,5,C,"(2, 5, 9)",ii,D,F,C,89.75,29.0
719,D,D,5,C,"(2, 5, 9)",ii,D,F,C,89.875,29.0
720,D,G,0,C,"(2, 5, 7, 11)",V7,F,B,C,90.0,30.0
721,D,G,1,C,"(2, 5, 7, 11)",V7,F,B,C,90.125,30.0
722,D,G,2,C,"(2, 5, 7, 11)",V7,F,B,C,90.25,30.0
723,D,G,2,C,"(2, 5, 7, 11)",V7,F,B,C,90.375,30.0
724,D,G,3,C,"(2, 5, 7, 11)",V7,F,B,C,90.5,30.0
725,D,G,3,C,"(2, 5, 7, 11)",V7,F,B,C,90.625,30.0
726,D,G,3,C,"(2, 5, 7, 11)",V7,F,B,C,90.75,30.0
727,D,G,3,C,"(2, 5, 7, 11)",V7,F,B,C,90.875,30.0
728,D,G,4,C,"(2, 5, 7, 11)",V7,F,B,C,91.0,30.0
729,D,G,4,C,"(2, 5, 7, 11)",V7,F,B,C,91.125,30.0
730,D,G,4,C,"(2, 5, 7, 11)",V7,F,B,C,91.25,30.0
731,D,G,4,C,"(2, 5, 7, 11)",V7,F,B,C,91.375,30.0
732,D,G,4,C,"(2, 5, 7, 11)",V7,F,B,C,91.5,30.0
733,D,G,4,C,"(2, 5, 7, 11)",V7,F,B,C,91.625,30.0
734,D,G,4,C,"(2, 5, 7, 11)",V7,F,B,C,91.75,30.0
735,D,G,4,C,"(2, 5, 7, 11)",V7,F,B,C,91.875,30.0
736,D,G,5,C,"(2, 5, 7, 11)",V7,F,B,C,92.0,30.0
737,D,G,5,C,"(2, 5, 7, 11)",V7,F,B,C,92.125,30.0
738,D,G,5,C,"(2, 5, 7, 11)",V7,F,B,C,92.25,30.0
739,D,G,5,C,"(2, 5, 7, 11)",V7,F,B,C,92.375,30.0
740,D,G,5,C,"(2, 5, 7, 11)",V7,F,B,C,92.5,30.0
741,D,G,5,C,"(2, 5, 7, 11)",V7,F,B,C,92.625,30.0
742,D,G,5,C,"(2, 5, 7, 11)",V7,F,B,C,92.75,30.0
743,D,G,5,C,"(2, 5, 7, 11)",V7,F,B,C,92.875,30.0
744,G,C,0,C,"(0, 4, 7)",I,C,E,C,93.0,31.0
745,G,C,1,C,"(0, 4, 7)",I,C,E,C,93.125,31.0
746,G,C,2,C,"(0, 4, 7)",I,C,E,C,93.25,31.0
747,G,C,2,C,"(0, 4, 7)",I,C,E,C,93.375,31.0
748,G,C,3,C,"(0, 4, 7)",I,C,E,C,93.5,31.0
749,G,C,3,C,"(0, 4, 7)",I,C,E,C,93.625,31.0
750,G,C,3,C,"(0, 4, 7)",I,C,E,C,93.75,31.0
751,G,C,3,C,"(0, 4, 7)",I,C,E,C,93.875,31.0
752,G,C,4,C,"(0, 4, 7)",I,C,E,C,94.0,31.0
753,G,C,4,C,"(0, 4, 7)",I,C,E,C,94.125,31.0
754,G,C,4,C,"(0, 4, 7)",I,C,E,C,94.25,31.0
755,G,C,4,C,"(0, 4, 7)",I,C,E,C,94.375,31.0
756,G,C,4,C,"(0, 4, 7)",I,C,E,C,94.5,31.0
757,G,C,4,C,"(0, 4, 7)",I,C,E,C,94.625,31.0
758,G,C,4,C,"(0, 4, 7)",I,C,E,C,94.75,31.0
759,G,C,4,C,"(0, 4, 7)",I,C,E,C,94.875,31.0
760,G,C,5,C,"(0, 4, 7)",I,C,E,C,95.0,31.0
761,G,C,5,C,"(0, 4, 7)",I,C,E,C,95.125,31.0
762,G,C,5,C,"(0, 4, 7)",I,C,E,C,95.25,31.0
763,G,C,5,C,"(0, 4, 7)",I,C,E,C,95.375,31.0
764,G,C,5,C,"(0, 4, 7)",I,C,E,C,95.5,31.0
765,G,C,5,C,"(0, 4, 7)",I,C,E,C,95.625,31.0
766,G,C,5,C,"(0, 4, 7)",I,C,E,C,95.75,31.0
767,G,C,5,C,"(0, 4, 7)",I,C,E,C,95.875,31.0
768,G,C,0,C,"(0, 4, 7)",I,C,E,C,96.0,32.0
769,G,C,1,C,"(0, 4, 7)",I,C,E,C,96.125,32.0
770,G,C,2,C,"(0, 4, 7)",I,C,E,C,96.25,32.0
771,G,C,2,C,"(0, 4, 7)",I,C,E,C,96.375,32.0
772,G,C,3,C,"(0, 4, 7)",I,C,E,C,96.5,32.0
773,G,C,3,C,"(0, 4, 7)",I,C,E,C,96.625,32.0
774,G,C,3,C,"(0, 4, 7)",I,C,E,C,96.75,32.0
775,G,C,3,C,"(0, 4, 7)",I,C,E,C,96.875,32.0
776,G,C,4,C,"(0, 4, 7)",I,C,E,C,97.0,32.0
777,G,C,4,C,"(0, 4, 7)",I,C,E,C,97.125,32.0
778,G,C,4,C,"(0, 4, 7)",I,C,E,C,97.25,32.0
779,G,C,4,C,"(0, 4, 7)",I,C,E,C,97.375,32.0
780,G,C,4,C,"(0, 4, 7)",I,C,E,C,97.5,32.0
781,G,C,4,C,"(0, 4, 7)",I,C,E,C,97.625,32.0
782,G,C,4,C,"(0, 4, 7)",I,C,E,C,97.75,32.0
783,G,C,4,C,"(0, 4, 7)",I,C,E,C,97.875,32.0
784,G,C,5,C,"(0, 4, 7)",I,C,E,C,98.0,32.0
785,G,C,5,C,"(0, 4, 7)",I,C,E,C,98.125,32.0
786,G,C,5,C,"(0, 4, 7)",I,C,E,C,98.25,32.0
787,G,C,5,C,"(0, 4, 7)",I,C,E,C,98.375,32.0
788,G,C,5,C,"(0, 4, 7)",I,C,E,C,98.5,32.0
789,G,C,5,C,"(0, 4, 7)",I,C,E,C,98.625,32.0
790,G,C,5,C,"(0, 4, 7)",I,C,E,C,98.75,32.0
791,G,C,5,C,"(0, 4, 7)",I,C,E,C,98.875,32.0
792,G,C,0,C,"(0, 4, 7)",I,C,E,C,99.0,33.0
793,G,C,1,C,"(0, 4, 7)",I,C,E,C,99.125,33.0
794,G,C,2,C,"(0, 4, 7)",I,C,E,C,99.25,33.0
795,G,C,2,C,"(0, 4, 7)",I,C,E,C,99.375,33.0
796,G,C,3,C,"(0, 4, 7)",I,C,E,C,99.5,33.0
797,G,C,3,C,"(0, 4, 7)",I,C,E,C,99.625,33.0
798,G,C,3,C,"(0, 4, 7)",I,C,E,C,99.75,33.0
799,G,C,3,C,"(0, 4, 7)",I,C,E,C,99.875,33.0
800,G,C,4,C,"(0, 4, 7)",I,C,E,C,100.0,33.0
801,G,C,4,C,"(0, 4, 7)",I,C,E,C,100.125,33.0
802,G,C,4,C,"(0, 4, 7)",I,C,E,C,100.25,33.0
803,G,C,4,C,"(0, 4, 7)",I,C,E,C,100.375,33.0
804,G,C,4,C,"(0, 4, 7)",I,C,E,C,100.5,33.0
805,G,C,4,C,"(0, 4, 7)",I,C,E,C,100.625,33.0
806,G,C,4,C,"(0, 4, 7)",I,C,E,C,100.75,33.0
807,G,C,4,C,"(0, 4, 7)",I,C,E,C,100.875,33.0
808,G,C,5,C,"(0, 4, 7)",I,C,E,C,101.0,33.0
809,G,C,5,C,"(0, 4, 7)",I,C,E,C,101.125,33.0
810,G,C,5,C,"(0, 4, 7)",I,C,E,C,101.25,33.0
811,G,C,5,C,"(0, 4, 7)",I,C,E,C,101.375,33.0
812,G,C,5,C,"(0, 4, 7)",I,C,E,C,101.5,33.0
813,G,C,5,C,"(0, 4, 7)",I,C,E,C,101.625,33.0
814,G,C,5,C,"(0, 4, 7)",I,C,E,C,101.75,33.0
815,G,C,5,C,"(0, 4, 7)",I,C,E,C,101.875,33.0
816,G,C,0,C,"(0, 4, 7)",I,C,E,C,102.0,34.0
817,G,C,1,C,"(0, 4, 7)",I,C,E,C,102.125,34.0
818,G,C,2,C,"(0, 4, 7)",I,C,E,C,102.25,34.0
819,G,C,2,C,"(0, 4, 7)",I,C,E,C,102.375,34.0
820,G,C,3,C,"(0, 4, 7)",I,C,E,C,102.5,34.0
821,G,C,3,C,"(0, 4, 7)",I,C,E,C,102.625,34.0
822,G,C,3,C,"(0, 4, 7)",I,C,E,C,102.75,34.0
823,G,C,3,C,"(0, 4, 7)",I,C,E,C,102.875,34.0
824,G,C,4,C,"(0, 4, 7)",I,C,E,C,103.0,34.0
825,G,C,4,C,"(0, 4, 7)",I,C,E,C,103.125,34.0
826,G,C,4,C,"(0, 4, 7)",I,C,E,C,103.25,34.0
827,G,C,4,C,"(0, 4, 7)",I,C,E,C,103.375,34.0
828,G,C,4,C,"(0, 4, 7)",I,C,E,C,103.5,34.0
829,G,C,4,C,"(0, 4, 7)",I,C,E,C,103.625,34.0
830,G,C,4,C,"(0, 4, 7)",I,C,E,C,103.75,34.0
831,G,C,4,C,"(0, 4, 7)",I,C,E,C,103.875,34.0
832,G,C,5,C,"(0, 4, 7)",I,C,E,C,104.0,34.0
833,G,C,5,C,"(0, 4, 7)",I,C,E,C,104.125,34.0
834,G,C,5,C,"(0, 4, 7)",I,C,E,C,104.25,34.0
835,G,C,5,C,"(0, 4, 7)",I,C,E,C,104.375,34.0
836,G,C,5,C,"(0, 4, 7)",I,C,E,C,104.5,34.0
837,G,C,5,C,"(0, 4, 7)",I,C,E,C,104.625,34.0
838,G,C,5,C,"(0, 4, 7)",I,C,E,C,104.75,34.0
839,G,C,5,C,"(0, 4, 7)",I,C,E,C,104.875,34.0
840,G,C,0,C,"(0, 4, 7)",IV,C,E,C,105.0,35.0
841,G,C,1,C,"(0, 4, 7)",IV,F,E,C,105.125,35.0
842,G,C,2,C,"(0, 4, 7)",IV,F,E,C,105.25,35.0
843,G,C,2,C,"(0, 4, 7)",IV,F,E,C,105.375,35.0
844,G,C,3,C,"(0, 5, 9)",IV,F,E,C,105.5,35.0
845,G,C,3,C,"(0, 5, 9)",IV,F,E,C,105.625,35.0
846,G,C,3,C,"(0, 5, 9)",IV,F,E,C,105.75,35.0
847,G,C,3,C,"(0, 5, 9)",IV,F,E,C,105.875,35.0
848,G,C,4,C,"(0, 4, 7)",IV,C,E,C,106.0,35.0
849,G,C,4,C,"(0, 4, 7)",IV,C,E,C,106.125,35.0
850,G,C,4,C,"(0, 4, 7)",IV,C,E,C,106.25,35.0
851,G,C,4,C,"(0, 4, 7)",IV,C,E,C,106.375,35.0
852,G,C,4,C,"(0, 4, 7)",IV,C,E,C,106.5,35.0
853,G,C,4,C,"(0, 4, 7)",IV,C,E,C,106.625,35.0
854,G,C,4,C,"(0, 4, 7)",IV,C,E,C,106.75,35.0
855,G,C,4,C,"(0, 4, 7)",IV,C,E,C,106.875,35.0
856,G,C,5,C,"(0, 4, 7)",IV,C,E,C,107.0,35.0
857,G,C,5,C,"(0, 4, 7)",I,C,E,C,107.125,35.0
858,G,C,5,C,"(0, 4, 7)",I,C,E,C,107.25,35.0
859,G,C,5,C,"(0, 4, 7)",I,C,E,C,107.375,35.0
860,G,C,5,C,"(0, 4, 7)",I,C,E,C,107.5,35.0
861,G,C,5,C,"(0, 4, 7)",I,C,E,C,107.625,35.0
862,G,C,5,C,"(0, 4, 7)",I,C,E,C,107.75,35.0
863,G,C,5,C,"(0, 4, 7)",I,C,E,C,107.875,35.0
864,G,C,0,C,"(0, 4, 7)",I,C,E,C,108.0,36.0
865,G,C,1,C,"(0, 4, 7)",I,C,E,C,108.125,36.0
866,G,C,2,C,"(0, 4, 7)",I,C,E,C,108.25,36.0
867,G,C,2,C,"(0, 4, 7)",I,C,E,C,108.375,36.0
868,G,C,3,C,"(0, 4, 7)",I,C,E,C,108.5,36.0
869,G,C,3,C,"(0, 4, 7)",I,C,E,C,108.625,36.0
870,G,C,3,C,"(0, 4, 7)",I,C,E,C,108.75,36.0
871,G,C,3,C,"(0, 4, 7)",I,C,E,C,108.875,36.0
872,G,C,4,C,"(0, 4, 7)",I,C,E,C,109.0,36.0
873,G,C,4,C,"(0, 4, 7)",I,C,E,C,109.125,36.0
874,G,C,4,C,"(0, 4, 7)",I,C,E,C,109.25,36.0
875,G,C,4,C,"(0, 4, 7)",I,C,E,C,109.375,36.0
876,G,C,4,C,"(0, 4, 7)",I,C,E,C,109.5,36.0
877,G,C,4,C,"(0, 4, 7)",I,C,E,C,109.625,36.0
878,G,C,4,C,"(0, 4, 7)",I,C,E,C,109.75,36.0
879,G,C,4,C,"(0, 4, 7)",I,C,E,C,109.875,36.0
880,G,C,0,C,"(0, 4, 7)",I,C,E,C,110.0,36.0
881,G,C,5,C,"(0, 4, 7)",I,C,E,C,110.125,36.0
882,G,C,5,C,"(0, 4, 7)",I,C,E,C,110.25,36.0
883,G,C,5,C,"(0, 4, 7)",I,C,E,C,110.375,36.0
884,G,C,5,C,"(0, 4, 7)",I,C,E,C,110.5,36.0
885,G,C,5,C,"(0, 4, 7)",I,C,E,C,110.625,36.0
886,G,C,5,C,"(0, 4, 7)",I,C,E,C,110.75,36.0
887,G,C,5,C,"(0, 4, 7)",I,C,E,C,110.875,36.0
888,G,C,0,C,"(0, 4, 7)",I,C,E,C,111.0,37.0
889,G,C,1,C,"(0, 4, 7)",I,C,E,C,111.125,37.0
890,G,C,2,C,"(0, 4, 7)",I,C,E,C,111.25,37.0
891,G,C,2,C,"(0, 4, 7)",I,C,E,C,111.375,37.0
892,G,C,3,C,"(0, 4, 7)",I,C,E,C,111.5,37.0
893,G,C,3,C,"(0, 4, 7)",I,C,E,C,111.625,37.0
894,G,C,3,C,"(0, 4, 7)",I,C,E,C,111.75,37.0
895,G,C,3,C,"(0, 4, 7)",I,C,E,C,111.875,37.0
896,G,C,4,C,"(0, 4, 7)",I,C,E,C,112.0,37.0
897,G,C,4,C,"(0, 4, 7)",I,C,E,C,112.125,37.0
898,G,C,4,C,"(0, 4, 7)",I,C,E,C,112.25,37.0
899,G,C,4,C,"(0, 4, 7)",I,C,E,C,112.375,37.0
900,G,C,4,C,"(0, 4, 7)",I,C,E,C,112.5,37.0
901,G,C,4,C,"(0, 4, 7)",I,C,E,C,112.625,37.0
902,G,C,4,C,"(0, 4, 7)",I,C,E,C,112.75,37.0
903,G,C,4,C,"(0, 4, 7)",I,C,E,C,112.875,37.0
904,G,C,5,C,"(0, 4, 7)",I,C,E,C,113.0,37.0
905,G,C,5,C,"(0, 4, 7)",I,C,E,C,113.125,37.0
906,G,C,5,C,"(0, 4, 7)",I,C,E,C,113.25,37.0
907,G,C,5,C,"(0, 4, 7)",I,C,E,C,113.375,37.0
908,G,C,5,C,"(0, 4, 7)",I,C,E,C,113.5,37.0
909,G,C,5,C,"(0, 4, 7)",I,C,E,C,113.625,37.0
910,G,C,5,C,"(0, 4, 7)",I,C,E,C,113.75,37.0
911,G,C,5,C,"(0, 4, 7)",I,C,E,C,113.875,37.0
912,G,C,0,C,"(0, 4, 7)",V,C,E,C,114.0,38.0
913,G,C,1,C,"(0, 4, 7)",V,C,E,C,114.125,38.0
914,G,C,2,C,"(0, 4, 7)",V,C,E,C,114.25,38.0
915,G,C,2,C,"(0, 4, 7)",V,C,E,C,114.375,38.0
916,G,C,3,C,"(0, 4, 7)",V,C,E,C,114.5,38.0
917,G,C,3,C,"(0, 4, 7)",V,C,E,C,114.625,38.0
918,G,C,3,C,"(0, 4, 7)",V,C,E,C,114.75,38.0
919,G,C,3,C,"(0, 4, 7)",V,C,E,C,114.875,38.0
920,G,C,4,C,"(0, 4, 7)",V,C,E,C,115.0,38.0
921,G,C,4,C,"(0, 4, 7)",V,C,E,C,115.125,38.0
922,G,C,4,C,"(0, 4, 7)",V,C,E,C,115.25,38.0
923,G,C,4,C,"(0, 4, 7)",V,C,E,C,115.375,38.0
924,G,C,4,C,"(0, 4, 7)",V,C,E,C,115.5,38.0
925,G,C,4,C,"(0, 4, 7)",V,C,E,C,115.625,38.0
926,G,C,4,C,"(0, 4, 7)",V,C,E,C,115.75,38.0
927,G,C,4,C,"(0, 4, 7)",V,C,E,C,115.875,38.0
928,G,C,0,C,"(0, 4, 7)",I,C,E,C,116.0,38.0
929,G,C,1,C,"(0, 4, 7)",I,C,E,C,116.125,38.0
930,G,C,5,C,"(0, 4, 7)",I,C,E,C,116.25,38.0
931,G,C,2,C,"(0, 4, 7)",I,C,E,C,116.375,38.0
932,G,C,3,C,"(0, 4, 7)",I,C,E,C,116.5,38.0
933,G,C,3,C,"(0, 4, 7)",I,C,E,C,116.625,38.0
934,G,C,3,C,"(0, 4, 7)",I,C,E,C,116.75,38.0
935,G,C,3,C,"(0, 4, 7)",I,C,E,C,116.875,38.0
936,E,A,0,C,"(0, 5, 9)",vi,F,C,C,117.0,39.0
937,E,A,1,C,"(0, 5, 9)",vi,F,C,C,117.125,39.0
938,E,A,2,C,"(0, 5, 9)",vi,F,C,C,117.25,39.0
939,E,A,2,C,"(0, 5, 9)",vi,F,C,C,117.375,39.0
940,E,A,3,C,"(0, 5, 9)",vi,F,C,C,117.5,39.0
941,E,A,3,C,"(0, 5, 9)",vi,F,C,C,117.625,39.0
942,E,A,3,C,"(0, 5, 9)",vi,F,C,C,117.75,39.0
943,E,A,3,C,"(0, 5, 9)",vi,F,C,C,117.875,39.0
944,C,A,4,C,"(0, 5, 9)",vi,F,A,C,118.0,39.0
945,C,A,4,C,"(0, 5, 9)",vi,D,A,C,118.125,39.0
946,C,A,4,C,"(0, 5, 9)",vi,D,A,C,118.25,39.0
947,C,A,4,C,"(0, 5, 9)",vi,D,A,C,118.375,39.0
948,C,F,4,C,"(0, 5, 9)",ii,D,A,C,118.5,39.0
949,C,F,4,C,"(0, 5, 9)",ii,D,A,C,118.625,39.0
950,C,F,4,C,"(0, 5, 9)",ii,D,A,C,118.75,39.0
951,C,F,4,C,"(0, 5, 9)",ii,D,A,C,118.875,39.0
952,C,F,0,C,"(0, 5, 9)",ii,F,A,C,119.0,39.0
953,C,F,1,C,"(0, 5, 9)",ii,F,A,C,119.125,39.0
954,C,F,2,C,"(0, 5, 9)",ii,F,A,C,119.25,39.0
955,C,F,2,C,"(0, 5, 9)",ii,F,A,C,119.375,39.0
956,C,F,3,C,"(0, 5, 9)",ii,F,A,C,119.5,39.0
957,C,F,3,C,"(0, 5, 9)",ii,F,A,C,119.625,39.0
958,C,F,3,C,"(0, 5, 9)",ii,F,A,C,119.75,39.0
959,C,F,3,C,"(0, 5, 9)",ii,F,A,C,119.875,39.0
960,D,F,0,C,"(2, 5, 9)",ii,D,A,C,120.0,40.0
961,D,F,1,C,"(2, 5, 9)",ii,D,A,C,120.125,40.0
962,D,F,2,C,"(2, 5, 9)",ii,D,A,C,120.25,40.0
963,D,F,2,C,"(2, 5, 9)",ii,D,A,C,120.375,40.0
964,D,F,3,C,"(2, 5, 9)",ii,D,A,C,120.5,40.0
965,D,F,3,C,"(2, 5, 9)",ii,D,A,C,120.625,40.0
966,D,F,3,C,"(2, 5, 9)",ii,D,A,C,120.75,40.0
967,D,F,3,C,"(2, 5, 9)",ii,D,A,C,120.875,40.0
968,D,F,4,C,"(2, 5, 9)",ii,D,A,C,121.0,40.0
969,D,F,4,C,"(2, 5, 9)",ii,D,A,C,121.125,40.0
970,D,F,4,C,"(2, 5, 9)",ii,D,A,C,121.25,40.0
971,D,F,4,C,"(2, 5, 9)",ii,D,A,C,121.375,40.0
972,D,F,4,C,"(2, 5, 9)",ii,D,A,C,121.5,40.0
973,D,F,4,C,"(2, 5, 9)",ii,D,A,C,121.625,40.0
974,D,F,4,C,"(2, 5, 9)",ii,D,A,C,121.75,40.0
975,D,F,4,C,"(2, 5, 9)",ii,D,A,C,121.875,40.0
976,D,F,5,C,"(2, 5, 9)",ii,D,A,C,122.0,40.0
977,D,F,5,C,"(2, 5, 9)",ii,D,A,C,122.125,40.0
978,D,F,5,C,"(2, 5, 9)",ii,D,A,C,122.25,40.0
979,D,F,5,C,"(2, 5, 9)",ii,D,A,C,122.375,40.0
980,D,F,5,C,"(2, 5, 9)",ii,D,A,C,122.5,40.0
981,D,F,5,C,"(2, 5, 9)",ii,D,A,C,122.625,40.0
982,D,F,5,C,"(2, 5, 9)",ii,D,A,C,122.75,40.0
983,D,F,5,C,"(2, 5, 9)",ii,D,A,C,122.875,40.0
984,D,G,0,C,"(2, 7, 11)",V,G,B,C,123.0,41.0
985,D,G,1,C,"(2, 7, 11)",I,G,B,C,123.125,41.0
986,D,G,2,C,"(2, 7, 11)",I,G,B,C,123.25,41.0
987,D,G,2,C,"(2, 7, 11)",I,G,B,C,123.375,41.0
988,D,G,3,C,"(2, 7, 11)",I,G,B,C,123.5,41.0
989,D,G,3,C,"(2, 7, 11)",V,G,B,C,123.625,41.0
990,D,G,3,C,"(2, 7, 11)",I,G,B,C,123.75,41.0
991,D,G,3,C,"(2, 7, 11)",V,G,B,C,123.875,41.0
992,D,G,0,C,"(2, 7, 11)",V,G,B,C,124.0,41.0
993,D,G,4,C,"(2, 7, 11)",V,G,B,C,124.125,41.0
994,D,G,4,C,"(2, 7, 11)",V,G,B,C,124.25,41.0
995,D,G,2,C,"(2, 7, 11)",V,G,B,C,124.375,41.0
996,D,G,3,C,"(2, 7, 11)",V,G,B,C,124.5,41.0
997,D,G,3,C,"(2, 7, 11)",V,G,B,C,124.625,41.0
998,D,G,3,C,"(2, 7, 11)",V,G,B,C,124.75,41.0
999,D,G,3,C,"(2, 7, 11)",V,G,B,C,124.875,41.0
1000,D,G,0,C,"(2, 7, 11)",V,G,B,C,125.0,41.0
1001,D,G,1,C,"(2, 7, 11)",V,G,B,C,125.125,41.0
1002,D,G,5,C,"(2, 7, 11)",V,G,B,C,125.25,41.0
1003,D,G,2,C,"(2, 7, 11)",V,G,B,C,125.375,41.0
1004,D,G,3,C,"(2, 7, 11)",V,G,B,C,125.5,41.0
1005,D,G,3,C,"(2, 7, 11)",V,G,B,C,125.625,41.0
1006,D,G,3,C,"(2, 7, 11)",V,G,B,C,125.75,41.0
1007,D,G,3,C,"(2, 7, 11)",V,G,B,C,125.875,41.0
1008,D,G,0,C,"(2, 7, 11)",V7,G,B,C,126.0,42.0
1009,D,G,1,C,"(2, 7, 11)",V,G,B,C,126.125,42.0
1010,D,G,2,C,"(2, 7, 11)",V,G,B,C,126.25,42.0
1011,D,G,2,C,"(2, 7, 11)",V,G,B,C,126.375,42.0
1012,D,G,3,C,"(2, 7, 11)",V,G,B,C,126.5,42.0
1013,D,G,3,C,"(2, 7, 11)",V,G,B,C,126.625,42.0
1014,D,G,3,C,"(2, 7, 11)",V,G,B,C,126.75,42.0
1015,D,G,3,C,"(2, 7, 11)",V,G,B,C,126.875,42.0
1016,D,G,4,C,"(2, 7, 11)",V,G,B,C,127.0,42.0
1017,D,G,4,C,"(2, 7, 11)",V,G,B,C,127.125,42.0
1018,D,G,4,C,"(2, 7, 11)",V,G,B,C,127.25,42.0
1019,D,G,4,C,"(2, 7, 11)",I,G,B,C,127.375,42.0
1020,D,G,4,C,"(2, 7, 11)",V,G,B,C,127.5,42.0
1021,D,G,4,C,"(2, 7, 11)",V,G,B,C,127.625,42.0
1022,D,G,4,C,"(2, 7, 11)",V,G,B,C,127.75,42.0
1023,D,G,4,C,"(2, 7, 11)",V,G,B,C,127.875,42.0
1024,D,G,5,C,"(2, 7, 11)",V,G,B,C,128.0,42.0
1025,D,G,5,C,"(2, 7, 11)",V,G,B,C,128.125,42.0
1026,D,G,5,C,"(2, 7, 11)",V,G,B,C,128.25,42.0
1027,D,G,5,C,"(2, 7, 11)",V,G,B,C,128.375,42.0
1028,D,G,5,C,"(2, 7, 11)",V,G,B,C,128.5,42.0
1029,D,G,5,C,"(2, 7, 11)",V,G,B,C,128.625,42.0
1030,D,G,5,C,"(2, 7, 11)",V,G,B,C,128.75,42.0
1031,D,G,5,C,"(2, 7, 11)",V,G,B,C,128.875,42.0
1032,E,A,0,C,"(0, 4, 9)",V7,F#,C,G,129.0,43.0
1033,E,A,1,C,"(0, 4, 9)",V7,F#,C,G,129.125,43.0
1034,E,A,2,C,"(0, 4, 9)",V7,F#,C,G,129.25,43.0
1035,E,A,2,C,"(0, 4, 9)",V7,F#,C,G,129.375,43.0
1036,E,A,3,C,"(0, 4, 9)",V7,F#,C,G,129.5,43.0
1037,E,A,3,C,"(0, 4, 9)",V7,F#,C,G,129.625,43.0
1038,E,A,3,C,"(0, 4, 9)",V7,F#,C,G,129.75,43.0
1039,E,A,3,C,"(0, 4, 9)",V7,F#,C,G,129.875,43.0
1040,E,A,4,C,"(0, 4, 9)",V7,F#,C,G,130.0,43.0
1041,E,A,4,C,"(0, 4, 9)",V7,F#,C,G,130.125,43.0
1042,E,A,4,C,"(0, 4, 9)",V7,F#,C,G,130.25,43.0
1043,E,A,4,C,"(0, 4, 9)",V7,F#,C,G,130.375,43.0
1044,E,A,4,C,"(0, 4, 9)",V7,F#,C,G,130.5,43.0
1045,E,A,4,C,"(0, 4, 9)",V7,F#,C,G,130.625,43.0
1046,E,A,4,C,"(0, 4, 9)",V7,F#,C,G,130.75,43.0
1047,E,A,4,C,"(0, 4, 9)",V7,F#,C,G,130.875,43.0
1048,E,A,5,C,"(0, 2, 6, 9)",V7,F#,C,G,131.0,43.0
1049,E,A,5,C,"(0, 2, 6, 9)",V7,F#,C,G,131.125,43.0
1050,E,A,5,C,"(0, 2, 6, 9)",V7,F#,C,G,131.25,43.0
1051,E,A,5,C,"(0, 2, 6, 9)",V7,F#,C,G,131.375,43.0
1052,E,A,5,C,"(0, 6, 9)",V7,F#,C,G,131.5,43.0
1053,F#,A,5,C,"(0, 6, 9)",V7,F#,C,G,131.625,43.0
1054,F#,A,5,C,"(0, 6, 9)",V7,F#,C,G,131.75,43.0
1055,F#,A,5,C,"(0, 6, 9)",V7,F#,C,G,131.875,43.0
1056,D,F#,0,C,"(2, 6, 9)",V,D,A,G,132.0,44.0
1057,D,F#,1,C,"(2, 6, 9)",V,D,A,G,132.125,44.0
1058,D,F#,2,C,"(2, 6, 9)",V,D,A,G,132.25,44.0
1059,D,F#,2,C,"(2, 6, 9)",V,D,A,G,132.375,44.0
1060,D,F#,3,C,"(2, 6, 9)",V,D,A,G,132.5,44.0
1061,D,F#,3,C,"(2, 6, 9)",V,D,A,G,132.625,44.0
1062,D,F#,3,C,"(2, 6, 9)",V,D,A,G,132.75,44.0
1063,D,F#,3,C,"(2, 6, 9)",V,D,A,G,132.875,44.0
1064,D,F#,4,C,"(2, 6, 9)",V,D,A,G,133.0,44.0
1065,D,F#,4,C,"(2, 6, 9)",V,D,A,G,133.125,44.0
1066,D,F#,4,C,"(2, 6, 9)",V,D,A,G,133.25,44.0
1067,D,F#,4,C,"(2, 6, 9)",V,D,A,G,133.375,44.0
1068,D,F#,4,C,"(0, 2, 6, 9)",V7,D,A,G,133.5,44.0
1069,D,F#,4,C,"(0, 2, 6, 9)",V7,D,A,G,133.625,44.0
1070,D,F#,4,C,"(0, 2, 6, 9)",V7,D,A,G,133.75,44.0
1071,D,F#,4,C,"(0, 2, 6, 9)",V7,D,A,G,133.875,44.0
1072,C,F#,5,C,"(0, 2, 6, 9)",V7,D,A,G,134.0,44.0
1073,C,F#,5,C,"(0, 2, 6, 9)",V7,D,A,G,134.125,44.0
1074,C,F#,5,C,"(0, 2, 6, 9)",V7,D,A,G,134.25,44.0
1075,C,F#,5,C,"(0, 2, 6, 9)",V7,D,A,G,134.375,44.0
1076,C,F#,5,C,"(0, 2, 6, 9)",V7,D,A,G,134.5,44.0
1077,C,F#,5,C,"(0, 2, 6, 9)",V7,D,A,G,134.625,44.0
1078,C,F#,5,C,"(0, 2, 6, 9)",V7,D,A,G,134.75,44.0
1079,C,F#,5,C,"(0, 2, 6, 9)",V7,D,A,G,134.875,44.0
1080,A,D,0,C,"(0, 2, 6, 9)",V7,D,F#,G,135.0,45.0
1081,A,D,1,C,"(0, 2, 6, 9)",V7,D,F#,G,135.125,45.0
1082,A,D,2,C,"(0, 2, 6, 9)",V7,D,F#,G,135.25,45.0
1083,A,D,2,C,"(0, 2, 6, 9)",V7,D,F#,G,135.375,45.0
1084,A,D,3,C,"(0, 2, 6, 9)",V7,D,F#,G,135.5,45.0
1085,A,D,3,C,"(0, 2, 6, 9)",V7,D,F#,G,135.625,45.0
1086,A,D,3,C,"(0, 2, 6, 9)",V7,D,F#,G,135.75,45.0
1087,A,D,3,C,"(0, 2, 6, 9)",V7,D,F#,G,135.875,45.0
1088,A,D,4,C,"(0, 2, 6, 9)",V7,D,F#,G,136.0,45.0
1089,A,D,4,C,"(0, 2, 6, 9)",V7,D,F#,G,136.125,45.0
1090,A,D,4,C,"(0, 2, 6, 9)",V7,D,F#,G,136.25,45.0
1091,A,D,4,C,"(0, 2, 6, 9)",V7,D,F#,G,136.375,45.0
1092,A,D,4,C,"(0, 2, 6, 9)",V7,D,F#,G,136.5,45.0
1093,A,D,4,C,"(0, 2, 6, 9)",V7,D,F#,G,136.625,45.0
1094,A,D,4,C,"(0, 2, 6, 9)",V7,D,F#,G,136.75,45.0
1095,A,D,4,C,"(0, 2, 6, 9)",V7,D,F#,G,136.875,45.0
1096,A,C,0,C,"(0, 2, 6, 9)",V7,A,D,G,137.0,45.0
1097,A,C,1,C,"(0, 2, 6, 9)",V7,A,D,G,137.125,45.0
1098,A,C,2,C,"(0, 2, 6, 9)",V7,A,D,G,137.25,45.0
1099,A,C,2,C,"(0, 2, 6, 9)",V7,A,D,G,137.375,45.0
1100,F#,C,3,C,"(0, 2, 6, 9)",V7,A,D,G,137.5,45.0
1101,F#,C,3,C,"(0, 2, 6, 9)",V7,A,D,G,137.625,45.0
1102,F#,C,3,C,"(0, 2, 6, 9)",V7,A,D,G,137.75,45.0
1103,F#,C,3,C,"(0, 2, 6, 9)",V7,A,D,G,137.875,45.0
1104,G,B,0,C,"(2, 7, 11)",V7,G,D,C,138.0,46.0
1105,G,B,1,C,"(2, 7, 11)",V,G,D,C,138.125,46.0
1106,G,B,2,C,"(2, 7, 11)",V,G,D,C,138.25,46.0
1107,G,B,2,C,"(2, 7, 11)",V,G,D,C,138.375,46.0
1108,G,B,3,C,"(2, 7, 11)",V,G,D,C,138.5,46.0
1109,G,B,3,C,"(2, 7, 11)",V,G,D,C,138.625,46.0
1110,G,B,3,C,"(2, 7, 11)",V,G,D,C,138.75,46.0
1111,G,B,3,C,"(2, 7, 11)",V,G,D,C,138.875,46.0
1112,G,B,4,C,"(2, 7, 11)",V,G,D,C,139.0,46.0
1113,G,B,4,C,"(2, 7, 11)",V,G,D,C,139.125,46.0
1114,G,B,4,C,"(2, 7, 11)",V,G,D,C,139.25,46.0
1115,G,B,4,C,"(2, 7, 11)",V,G,D,C,139.375,46.0
1116,G,B,4,C,"(2, 7, 11)",V,G,D,C,139.5,46.0
1117,G,B,4,C,"(2, 7, 11)",V,G,D,C,139.625,46.0
1118,G,B,4,C,"(2, 7, 11)",V,G,D,C,139.75,46.0
1119,G,B,4,C,"(2, 7, 11)",V,G,D,C,139.875,46.0
1120,G,B,5,C,"(2, 7, 11)",V,G,D,C,140.0,46.0
1121,G,B,5,C,"(2, 7, 11)",V,G,D,C,140.125,46.0
1122,G,B,5,C,"(2, 7, 11)",V,G,D,C,140.25,46.0
1123,G,B,5,C,"(2, 7, 11)",V,G,D,C,140.375,46.0
1124,G,B,5,C,"(2, 7, 11)",V,G,D,C,140.5,46.0
1125,G,B,5,C,"(2, 7, 11)",V,G,D,C,140.625,46.0
1126,G,B,5,C,"(2, 7, 11)",V,G,D,C,140.75,46.0
1127,G,B,5,C,"(2, 7, 11)",V,G,D,C,140.875,46.0
1128,G,C,0,C,"(0, 4, 7)",IV,C,E,C,141.0,47.0
1129,G,C,1,C,"(0, 4, 7)",IV,C,E,C,141.125,47.0
1130,G,C,2,C,"(0, 4, 7)",IV,C,E,C,141.25,47.0
1131,G,C,2,C,"(0, 4, 7)",IV,C,E,C,141.375,47.0
1132,G,C,3,C,"(0, 4, 7)",IV,C,E,C,141.5,47.0
1133,G,C,3,C,"(0, 4, 7)",IV,C,E,C,141.625,47.0
1134,G,C,3,C,"(0, 4, 7)",IV,C,E,C,141.75,47.0
1135,G,C,3,C,"(0, 4, 7)",IV,C,E,C,141.875,47.0
1136,G,C,4,C,"(0, 4, 7)",IV,C,E,C,142.0,47.0
1137,G,C,4,C,"(0, 4, 7)",IV,C,E,C,142.125,47.0
1138,G,C,4,C,"(0, 4, 7)",IV,C,E,C,142.25,47.0
1139,G,C,4,C,"(0, 4, 7)",IV,C,E,C,142.375,47.0
1140,G,C,4,C,"(0, 4, 7)",IV,C,E,C,142.5,47.0
1141,G,C,3,C,"(0, 4, 9)",IV,A,E,C,142.625,47.0
1142,G,C,4,C,"(0, 4, 9)",IV,A,E,C,142.75,47.0
1143,G,C,4,C,"(0, 4, 9)",IV,A,E,C,142.875,47.0
1144,A,C,0,C,"(0, 4, 9)",ii,A,E,G,143.0,47.0
1145,A,C,1,C,"(0, 4, 9)",ii,A,E,C,143.125,47.0
1146,A,C,2,C,"(0, 4, 9)",ii,A,E,C,143.25,47.0
1147,A,C,2,C,"(0, 4, 9)",ii,A,E,C,143.375,47.0
1148,A,C,3,C,"(0, 4, 9)",ii,A,E,C,143.5,47.0
1149,A,C,3,C,"(0, 4, 9)",ii,A,E,C,143.625,47.0
1150,A,C,3,C,"(0, 4, 9)",ii,A,E,C,143.75,47.0
1151,A,C,3,C,"(0, 4, 9)",ii,A,E,C,143.875,47.0
1152,A,D,0,C,"(2, 7, 11)",V7,G,F#,C,144.0,48.0
1153,A,D,1,C,"(2, 7, 11)",V7,G,F#,C,144.125,48.0
1154,A,D,2,C,"(2, 7, 11)",V7,G,F#,C,144.25,48.0
1155,A,D,2,C,"(2, 7, 11)",V7,G,F#,C,144.375,48.0
1156,A,D,3,C,"(2, 7, 11)",V,G,F#,C,144.5,48.0
1157,A,D,3,C,"(2, 7, 11)",V,G,F#,C,144.625,48.0
1158,A,D,3,C,"(2, 7, 11)",V,G,F#,C,144.75,48.0
1159,A,D,3,C,"(2, 7, 11)",V,G,F#,C,144.875,48.0
1160,A,D,4,C,"(2, 7, 11)",V7,G,F#,C,145.0,48.0
1161,A,D,4,C,"(2, 7, 11)",V7,G,F#,C,145.125,48.0
1162,A,D,4,C,"(2, 7, 11)",V7,G,F#,C,145.25,48.0
1163,A,D,4,C,"(2, 7, 11)",V7,G,F#,C,145.375,48.0
1164,A,D,4,C,"(2, 7, 11)",V7,C,F#,G,145.5,48.0
1165,A,D,4,C,"(2, 7, 11)",V7,C,F#,G,145.625,48.0
1166,A,D,4,C,"(2, 7, 11)",V7,C,F#,G,145.75,48.0
1167,A,D,4,C,"(2, 7, 11)",V7,C,F#,G,145.875,48.0
1168,A,D,5,C,"(0, 2, 6, 9)",V7,C,F#,G,146.0,48.0
1169,A,D,1,C,"(0, 2, 6, 9)",V7,C,F#,G,146.125,48.0
1170,A,D,2,C,"(0, 2, 6, 9)",V7,C,F#,G,146.25,48.0
1171,A,D,2,C,"(0, 2, 6, 9)",V7,C,F#,G,146.375,48.0
1172,A,D,3,C,"(0, 2, 6, 9)",V7,C,F#,G,146.5,48.0
1173,A,D,3,C,"(0, 2, 6, 9)",V7,C,F#,G,146.625,48.0
1174,A,D,3,C,"(0, 2, 6, 9)",V7,C,F#,G,146.75,48.0
1175,A,D,3,C,"(0, 2, 6, 9)",V7,C,F#,G,146.875,48.0
1176,D,G,0,C,"(2, 7, 11)",V,G,B,C,147.0,49.0
1177,D,G,1,C,"(2, 7, 11)",V,G,B,C,147.125,49.0
1178,D,G,2,C,"(2, 7, 11)",V,G,B,C,147.25,49.0
1179,D,G,2,C,"(2, 7, 11)",V,G,B,C,147.375,49.0
1180,D,G,3,C,"(2, 7, 11)",V,G,B,C,147.5,49.0
1181,D,G,3,C,"(2, 7, 11)",V,G,B,C,147.625,49.0
1182,D,G,3,C,"(2, 7, 11)",V,G,B,C,147.75,49.0
1183,D,G,3,C,"(2, 7, 11)",V,G,B,C,147.875,49.0
1184,D,G,4,C,"(2, 7, 11)",V,G,B,C,148.0,49.0
1185,D,G,4,C,"(2, 7, 11)",V,G,B,C,148.125,49.0
1186,D,G,4,C,"(2, 7, 11)",V,G,B,C,148.25,49.0
1187,D,G,4,C,"(2, 7, 11)",V,G,B,C,148.375,49.0
1188,D,G,4,C,"(2, 7, 11)",V,G,B,C,148.5,49.0
1189,D,G,4,C,"(2, 7, 11)",V,G,B,C,148.625,49.0
1190,D,G,4,C,"(2, 7, 11)",V,G,B,C,148.75,49.0
1191,D,G,4,C,"(2, 7, 11)",V,G,B,C,148.875,49.0
1192,D,G,5,C,"(2, 7, 11)",V,G,B,C,149.0,49.0
1193,D,G,5,C,"(2, 7, 11)",V,G,B,C,149.125,49.0
1194,D,G,5,C,"(2, 7, 11)",V,G,B,C,149.25,49.0
1195,D,G,5,C,"(2, 7, 11)",V,G,B,C,149.375,49.0
1196,D,G,5,C,"(2, 7, 11)",V,G,B,C,149.5,49.0
1197,D,G,5,C,"(2, 7, 11)",V,G,B,C,149.625,49.0
1198,D,G,5,C,"(2, 7, 11)",V,G,B,C,149.75,49.0
1199,D,G,5,C,"(2, 7, 11)",V,G,B,C,149.875,49.0
1200,D,G,0,C,"(2, 7, 11)",V7,G,B,C,150.0,50.0
1201,D,G,1,C,"(2, 7, 11)",V,G,B,C,150.125,50.0
1202,D,G,2,C,"(2, 7, 11)",V,G,B,C,150.25,50.0
1203,D,G,2,C,"(2, 7, 11)",V,G,B,C,150.375,50.0
1204,D,G,3,C,"(2, 7, 11)",V,G,B,C,150.5,50.0
1205,D,G,3,C,"(2, 7, 11)",V,G,B,C,150.625,50.0
1206,D,G,3,C,"(2, 7, 11)",V,G,B,C,150.75,50.0
1207,D,G,3,C,"(2, 7, 11)",V,G,B,C,150.875,50.0
1208,C#,G,0,C,"(1, 4, 7)",V7,C#,G,C,151.0,50.0
1209,C#,G,1,C,"(1, 4, 7)",V7,C#,G,d,151.125,50.0
1210,C#,G,2,C,"(1, 4, 7)",V7,C#,G,C,151.25,50.0
1211,C#,G,2,C,"(1, 4, 7)",V7,C#,G,C,151.375,50.0
1212,C#,G,3,C,"(1, 4, 7)",V7,C#,G,d,151.5,50.0
1213,C#,G,3,C,"(1, 4, 7)",V7,C#,G,d,151.625,50.0
1214,C#,G,3,C,"(1, 4, 7)",V7,C#,G,C,151.75,50.0
1215,C#,G,3,C,"(1, 4, 7)",V7,C#,G,C,151.875,50.0
1216,G,G,0,C,"(2, 7, 11)",V7,G,G,C,152.0,50.0
1217,G,G,1,C,"(2, 7, 11)",V7,G,G,C,152.125,50.0
1218,G,D,2,C,"(2, 7, 11)",V7,G,G,C,152.25,50.0
1219,G,D,2,C,"(2, 7, 11)",V7,G,G,C,152.375,50.0
1220,G,G,3,C,"(2, 7, 11)",V7,G,G,C,152.5,50.0
1221,G,G,3,C,"(2, 7, 11)",V7,G,G,C,152.625,50.0
1222,G,G,3,C,"(2, 7, 11)",V7,G,G,C,152.75,50.0
1223,D,G,3,C,"(2, 7, 11)",V7,G,G,C,152.875,50.0
1224,G,C#,0,C,"(1, 4, 7, 9)",V7,C#,E,d,153.0,51.0
1225,G,C#,1,C,"(1, 4, 7, 9)",V7,C#,E,d,153.125,51.0
1226,G,C#,2,C,"(1, 4, 7, 9)",V7,C#,E,d,153.25,51.0
1227,G,C#,2,C,"(1, 4, 7, 9)",V7,C#,E,d,153.375,51.0
1228,G,C#,3,C,"(1, 4, 7, 9)",V7,C#,E,d,153.5,51.0
1229,G,C#,3,C,"(1, 4, 7, 9)",V7,C#,E,d,153.625,51.0
1230,G,C#,3,C,"(1, 4, 7, 9)",V7,C#,E,d,153.75,51.0
1231,G,C#,3,C,"(1, 4, 7, 9)",V7,C#,E,d,153.875,51.0
1232,G,C#,4,C,"(1, 4, 7, 9)",V7,G,E,d,154.0,51.0
1233,G,C#,4,C,"(1, 4, 7, 9)",V7,G,E,d,154.125,51.0
1234,G,C#,4,C,"(1, 4, 7, 9)",V7,G,E,d,154.25,51.0
1235,G,C#,4,C,"(1, 4, 7, 9)",V7,G,E,d,154.375,51.0
1236,G,C#,4,C,"(1, 4, 7, 9)",V7,G,E,d,154.5,51.0
1237,G,C#,4,C,"(1, 4, 7, 9)",V7,G,E,d,154.625,51.0
1238,G,C#,4,C,"(1, 4, 7, 9)",V7,G,E,d,154.75,51.0
1239,G,C#,4,C,"(1, 4, 7, 9)",V7,G,E,d,154.875,51.0
1240,G,C#,5,C,"(1, 4, 7, 9)",V7,G,E,d,155.0,51.0
1241,G,C#,5,C,"(1, 4, 7, 9)",V7,G,E,d,155.125,51.0
1242,G,C#,5,C,"(1, 4, 7, 9)",V7,G,E,d,155.25,51.0
1243,G,C#,5,C,"(1, 4, 7, 9)",V7,G,E,d,155.375,51.0
1244,G,C#,5,C,"(1, 4, 7, 9)",V7,G,E,d,155.5,51.0
1245,G,C#,5,C,"(1, 4, 7, 9)",V7,G,E,d,155.625,51.0
1246,G,C#,5,C,"(1, 4, 7, 9)",V7,G,E,d,155.75,51.0
1247,G,C#,5,C,"(1, 4, 7, 9)",V7,G,E,d,155.875,51.0
1248,A,C#,0,C,"(1, 4, 7, 9)",V7,A,E,d,156.0,52.0
1249,A,C#,1,C,"(1, 4, 7, 9)",V,A,E,d,156.125,52.0
1250,A,C#,2,C,"(1, 4, 7, 9)",V,A,E,d,156.25,52.0
1251,A,C#,2,C,"(1, 4, 7, 9)",V,A,E,d,156.375,52.0
1252,A,C#,3,C,"(1, 4, 7, 9)",V,A,E,d,156.5,52.0
1253,A,C#,3,C,"(1, 4, 7, 9)",V,A,E,d,156.625,52.0
1254,A,C#,3,C,"(1, 4, 7, 9)",V,A,E,d,156.75,52.0
1255,A,C#,3,C,"(1, 4, 7, 9)",V,A,E,d,156.875,52.0
1256,A,C#,4,C,"(1, 4, 7, 9)",V,A,E,d,157.0,52.0
1257,A,C#,4,C,"(1, 4, 7, 9)",V,A,E,d,157.125,52.0
1258,A,C#,4,C,"(1, 4, 7, 9)",V,A,E,d,157.25,52.0
1259,A,C#,4,C,"(1, 4, 7, 9)",V,A,E,d,157.375,52.0
1260,A,C#,4,C,"(1, 4, 7, 9)",V7,A,E,d,157.5,52.0
1261,A,C#,4,C,"(1, 4, 7, 9)",V7,A,E,d,157.625,52.0
1262,A,C#,4,C,"(1, 4, 7, 9)",V7,A,E,d,157.75,52.0
1263,A,C#,4,C,"(1, 4, 7, 9)",V7,A,E,d,157.875,52.0
1264,A,C#,5,C,"(1, 4, 7, 9)",V,A,E,d,158.0,52.0
1265,A,C#,5,C,"(1, 4, 7, 9)",V,A,E,d,158.125,52.0
1266,A,C#,5,C,"(1, 4, 7, 9)",V,A,E,d,158.25,52.0
1267,A,C#,5,C,"(1, 4, 7, 9)",V,A,E,d,158.375,52.0
1268,A,C#,5,C,"(1, 4, 7, 9)",V,A,E,d,158.5,52.0
1269,A,C#,5,C,"(1, 4, 7, 9)",V,A,E,d,158.625,52.0
1270,A,C#,5,C,"(1, 4, 7, 9)",V,A,E,d,158.75,52.0
1271,A,C#,5,C,"(1, 4, 7, 9)",V,A,E,d,158.875,52.0
1272,A,D,0,C,"(2, 5, 9)",ii,D,F,d,159.0,53.0
1273,A,D,1,C,"(2, 5, 9)",ii,D,F,d,159.125,53.0
1274,A,D,2,C,"(2, 5, 9)",ii,D,F,d,159.25,53.0
1275,A,D,2,C,"(2, 5, 9)",ii,D,F,d,159.375,53.0
1276,A,D,3,C,"(2, 5, 9)",ii,D,F,d,159.5,53.0
1277,A,D,3,C,"(2, 5, 9)",ii,D,F,d,159.625,53.0
1278,A,D,3,C,"(2, 5, 9)",ii,D,F,d,159.75,53.0
1279,A,D,3,C,"(2, 5, 9)",i,D,F,d,159.875,53.0
1280,F,F,4,C,"(0, 4, 7)",I,F,C,C,160.0,53.0
1281,F,C,4,C,"(0, 4, 7)",I,F,C,C,160.125,53.0
1282,F,D,4,C,"(0, 4, 7)",I,F,C,C,160.25,53.0
1283,F,D,4,C,"(0, 4, 7)",I,F,C,C,160.375,53.0
1284,F,F,4,C,"(0, 4, 7)",I,F,C,C,160.5,53.0
1285,F,F,4,C,"(0, 4, 7)",I,F,C,C,160.625,53.0
1286,F,F,4,C,"(0, 4, 7)",I,F,C,C,160.75,53.0
1287,F,F,4,C,"(0, 4, 7)",I,F,C,C,160.875,53.0
1288,F,F,5,C,"(0, 4, 7)",I,F,F,C,161.0,53.0
1289,F,F,5,C,"(0, 4, 7)",I,F,F,C,161.125,53.0
1290,F,F,5,C,"(0, 4, 7)",I,F,F,C,161.25,53.0
1291,F,F,5,C,"(0, 4, 7)",I,F,F,C,161.375,53.0
1292,F,F,5,C,"(0, 4, 7)",I,F,F,C,161.5,53.0
1293,F,F,5,C,"(0, 4, 7)",I,F,F,C,161.625,53.0
1294,F,F,5,C,"(0, 4, 7)",I,F,F,C,161.75,53.0
1295,F,F,5,C,"(0, 4, 7)",I,F,F,C,161.875,53.0
1296,D,F,0,C,"(0, 5, 9)",V7,F,A,C,162.0,54.0
1297,D,F,1,C,"(0, 5, 9)",V7,F,A,C,162.125,54.0
1298,C,F,2,C,"(0, 5, 9)",V7,F,A,C,162.25,54.0
1299,C,F,2,C,"(0, 5, 9)",V7,F,A,C,162.375,54.0
1300,D,F,3,C,"(0, 5, 9)",V7,F,A,C,162.5,54.0
1301,D,F,3,C,"(0, 5, 9)",V7,F,A,C,162.625,54.0
1302,D,F,3,C,"(0, 5, 9)",V7,F,A,C,162.75,54.0
1303,D,F,3,C,"(0, 5, 9)",V7,F,A,C,162.875,54.0
1304,B,D,0,C,"(2, 5, 11)",viio,B,F,C,163.0,54.0
1305,B,D,1,C,"(2, 5, 11)",viio,B,F,C,163.125,54.0
1306,B,D,2,C,"(2, 5, 11)",viio,B,F,C,163.25,54.0
1307,B,D,2,C,"(2, 5, 11)",viio,B,F,C,163.375,54.0
1308,B,D,3,C,"(2, 5, 11)",viio,B,F,C,163.5,54.0
1309,B,D,3,C,"(2, 5, 11)",viio,B,F,C,163.625,54.0
1310,B,D,3,C,"(2, 5, 11)",viio,B,F,C,163.75,54.0
1311,B,D,3,C,"(2, 5, 11)",viio,B,F,C,163.875,54.0
1312,G,C,0,C,"(0, 4, 7)",I,C,F,C,164.0,54.0
1313,G,C,1,C,"(0, 4, 7)",I,C,F,C,164.125,54.0
1314,G,C,2,C,"(0, 4, 7)",I,C,F,C,164.25,54.0
1315,G,C,2,C,"(0, 4, 7)",I,C,F,C,164.375,54.0
1316,G,C,3,C,"(0, 4, 7)",I,C,F,C,164.5,54.0
1317,G,C,3,C,"(0, 4, 7)",I,C,F,C,164.625,54.0
1318,G,C,3,C,"(0, 4, 7)",I,C,F,C,164.75,54.0
1319,G,C,3,C,"(0, 4, 7)",I,C,F,C,164.875,54.0
1320,F,B,0,C,"(2, 5, 11)",V,G,D,C,165.0,55.0
1321,F,B,1,C,"(2, 5, 11)",viio,G,D,C,165.125,55.0
1322,F,B,2,C,"(2, 5, 11)",viio,G,D,C,165.25,55.0
1323,F,B,2,C,"(2, 5, 11)",viio,G,D,C,165.375,55.0
1324,F,B,3,C,"(2, 5, 11)",viio,G,D,C,165.5,55.0
1325,F,B,3,C,"(2, 5, 11)",viio,G,D,C,165.625,55.0
1326,F,B,3,C,"(2, 5, 11)",viio,G,D,C,165.75,55.0
1327,F,B,3,C,"(2, 5, 11)",viio,G,D,C,165.875,55.0
1328,F,B,4,C,"(2, 5, 7, 11)",V7,G,D,C,166.0,55.0
1329,F,B,4,C,"(2, 5, 7, 11)",V7,G,D,C,166.125,55.0
1330,F,B,4,C,"(2, 5, 7, 11)",V7,G,D,C,166.25,55.0
1331,F,B,4,C,"(2, 5, 7, 11)",V7,G,D,C,166.375,55.0
1332,F,B,4,C,"(2, 5, 7, 11)",V7,G,D,C,166.5,55.0
1333,F,B,4,C,"(2, 5, 7, 11)",V7,G,D,C,166.625,55.0
1334,F,B,4,C,"(2, 5, 7, 11)",V7,G,D,C,166.75,55.0
1335,F,B,4,C,"(2, 5, 7, 11)",V7,G,D,C,166.875,55.0
1336,F,B,5,C,"(2, 5, 7, 11)",V7,G,D,C,167.0,55.0
1337,F,B,1,C,"(2, 5, 7, 11)",V7,G,D,C,167.125,55.0
1338,F,B,2,C,"(2, 5, 7, 11)",V7,G,D,C,167.25,55.0
1339,F,B,5,C,"(2, 5, 7, 11)",V7,G,D,C,167.375,55.0
1340,F,B,3,C,"(2, 5, 7, 11)",V7,G,D,C,167.5,55.0
1341,F,B,3,C,"(2, 5, 7, 11)",V7,G,D,C,167.625,55.0
1342,F,B,5,C,"(2, 5, 7, 11)",V7,G,D,C,167.75,55.0
1343,F,B,3,C,"(2, 5, 7, 11)",V7,G,D,C,167.875,55.0
1344,G,C,0,C,"(0, 4, 7)",I,C,E,C,168.0,56.0
1345,G,C,1,C,"(0, 4, 7)",I,C,E,C,168.125,56.0
1346,G,C,2,C,"(0, 4, 7)",I,C,E,C,168.25,56.0
1347,G,C,2,C,"(0, 4, 7)",I,C,E,C,168.375,56.0
1348,G,C,3,C,"(0, 4, 7)",I,C,E,C,168.5,56.0
1349,G,C,3,C,"(0, 4, 7)",I,C,E,C,168.625,56.0
1350,G,C,3,C,"(0, 4, 7)",I,C,E,C,168.75,56.0
1351,G,C,3,C,"(0, 4, 7)",I,C,E,C,168.875,56.0
1352,G,B,0,C,"(2, 7, 11)",V,G,D,C,169.0,56.0
1353,G,B,1,C,"(2, 7, 11)",V,G,D,C,169.125,56.0
1354,G,B,2,C,"(2, 7, 11)",V,G,D,C,169.25,56.0
1355,G,B,2,C,"(2, 7, 11)",V,G,D,C,169.375,56.0
1356,G,B,3,C,"(2, 7, 11)",V,G,D,C,169.5,56.0
1357,G,B,3,C,"(2, 7, 11)",V,G,D,C,169.625,56.0
1358,G,B,3,C,"(2, 7, 11)",V,G,D,C,169.75,56.0
1359,G,B,3,C,"(2, 7, 11)",V,G,D,C,169.875,56.0
1360,F#,A,0,C,"(0, 6, 9)",viio,F#,C,G,170.0,56.0
1361,F#,A,1,C,"(0, 6, 9)",viio,F#,C,G,170.125,56.0
1362,F#,A,2,C,"(0, 6, 9)",viio,F#,C,G,170.25,56.0
1363,F#,A,2,C,"(0, 6, 9)",viio,F#,C,G,170.375,56.0
1364,F#,A,3,C,"(0, 6, 9)",viio,F#,C,G,170.5,56.0
1365,F#,A,3,C,"(0, 6, 9)",viio,F#,C,G,170.625,56.0
1366,F#,A,3,C,"(0, 6, 9)",viio,F#,C,G,170.75,56.0
1367,F#,A,3,C,"(0, 6, 9)",viio,F#,C,G,170.875,56.0
1368,D,G,0,C,"(2, 7, 11)",V,G,B,C,171.0,57.0
1369,D,G,1,C,"(2, 7, 11)",V,G,B,C,171.125,57.0
1370,D,G,2,C,"(2, 7, 11)",V,G,B,C,171.25,57.0
1371,D,G,2,C,"(2, 7, 11)",V,G,B,C,171.375,57.0
1372,D,G,3,C,"(2, 7, 11)",V,G,B,C,171.5,57.0
1373,D,G,3,C,"(2, 7, 11)",V,G,B,C,171.625,57.0
1374,D,G,3,C,"(2, 7, 11)",V,G,B,C,171.75,57.0
1375,D,G,3,C,"(2, 7, 11)",V,G,B,C,171.875,57.0
1376,D,G,4,C,"(2, 7, 11)",V,G,B,C,172.0,57.0
1377,D,G,4,C,"(2, 7, 11)",V,G,B,C,172.125,57.0
1378,D,G,4,C,"(2, 7, 11)",V,G,B,C,172.25,57.0
1379,D,G,4,C,"(2, 7, 11)",V,G,B,C,172.375,57.0
1380,D,G,4,C,"(2, 7, 11)",V,G,B,C,172.5,57.0
1381,D,G,4,C,"(2, 7, 11)",V,G,B,C,172.625,57.0
1382,D,G,4,C,"(2, 7, 11)",V,G,B,C,172.75,57.0
1383,D,G,4,C,"(2, 7, 11)",V,G,B,C,172.875,57.0
1384,D,G,5,C,"(2, 7, 11)",V,G,B,C,173.0,57.0
1385,D,G,5,C,"(2, 7, 11)",V,G,B,C,173.125,57.0
1386,D,G,5,C,"(2, 7, 11)",V,G,B,C,173.25,57.0
1387,D,G,5,C,"(2, 7, 11)",V,G,B,C,173.375,57.0
1388,D,G,5,C,"(2, 7, 11)",V,G,B,C,173.5,57.0
1389,D,G,5,C,"(2, 7, 11)",V,G,B,C,173.625,57.0
1390,D,G,5,C,"(2, 7, 11)",V,G,B,C,173.75,57.0
1391,D,G,5,C,"(2, 7, 11)",V,G,B,C,173.875,57.0
1392,G,C,0,C,"(0, 4, 7)",I,C,E,C,174.0,58.0
1393,G,C,1,C,"(0, 4, 7)",I,C,E,C,174.125,58.0
1394,G,C,2,C,"(0, 4, 7)",I,C,E,C,174.25,58.0
1395,G,C,2,C,"(0, 4, 7)",I,C,E,C,174.375,58.0
1396,G,C,3,C,"(0, 4, 7)",I,C,E,C,174.5,58.0
1397,G,C,3,C,"(0, 4, 7)",I,C,E,C,174.625,58.0
1398,G,C,3,C,"(0, 4, 7)",I,C,E,C,174.75,58.0
1399,G,C,3,C,"(0, 4, 7)",I,C,E,C,174.875,58.0
1400,G,C,4,C,"(0, 4, 7)",I,C,E,C,175.0,58.0
1401,G,C,4,C,"(0, 4, 7)",I,C,E,C,175.125,58.0
1402,G,C,4,C,"(0, 4, 7)",I,C,E,C,175.25,58.0
1403,G,C,4,C,"(0, 4, 7)",I,C,E,C,175.375,58.0
1404,G,C,4,C,"(0, 4, 7)",I,C,E,C,175.5,58.0
1405,G,C,4,C,"(0, 4, 7)",I,C,E,C,175.625,58.0
1406,G,C,4,C,"(0, 4, 7)",I,C,E,C,175.75,58.0
1407,G,C,4,C,"(0, 4, 7)",I,C,E,C,175.875,58.0
1408,G,C,5,C,"(0, 4, 7)",I,C,E,C,176.0,58.0
1409,G,C,5,C,"(0, 4, 7)",I,C,E,C,176.125,58.0
1410,G,C,5,C,"(0, 4, 7)",I,C,E,C,176.25,58.0
1411,G,C,5,C,"(0, 4, 7)",I,C,E,C,176.375,58.0
1412,G,C,5,C,"(0, 4, 7)",I,C,E,C,176.5,58.0
1413,G,C,5,C,"(0, 4, 7)",I,C,E,C,176.625,58.0
1414,G,C,5,C,"(0, 4, 7)",I,C,E,C,176.75,58.0
1415,G,C,5,C,"(0, 4, 7)",I,C,E,C,176.875,58.0
1416,G,C,0,C,"(0, 4, 7)",IV,C,E,C,177.0,59.0
1417,G,C,1,C,"(0, 4, 7)",IV,F,E,C,177.125,59.0
1418,G,C,2,C,"(0, 4, 7)",IV,F,E,C,177.25,59.0
1419,G,C,2,C,"(0, 4, 7)",IV,F,E,C,177.375,59.0
1420,G,C,3,C,"(0, 5, 9)",IV,F,E,C,177.5,59.0
1421,G,C,3,C,"(0, 5, 9)",IV,F,E,C,177.625,59.0
1422,G,C,3,C,"(0, 5, 9)",IV,F,E,C,177.75,59.0
1423,G,C,3,C,"(0, 5, 9)",IV,F,E,C,177.875,59.0
1424,G,C,4,C,"(0, 4, 7)",IV,C,E,C,178.0,59.0
1425,G,C,4,C,"(0, 4, 7)",IV,C,E,C,178.125,59.0
1426,G,C,4,C,"(0, 4, 7)",IV,C,E,C,178.25,59.0
1427,G,C,4,C,"(0, 4, 7)",IV,C,E,C,178.375,59.0
1428,G,C,4,C,"(0, 4, 7)",IV,C,E,C,178.5,59.0
1429,G,C,4,C,"(0, 4, 7)",IV,C,E,C,178.625,59.0
1430,G,C,4,C,"(0, 4, 7)",IV,C,E,C,178.75,59.0
1431,G,C,4,C,"(0, 4, 7)",IV,C,E,C,178.875,59.0
1432,G,C,5,C,"(0, 4, 7)",I,C,E,C,179.0,59.0
1433,G,C,5,C,"(0, 4, 7)",I,C,E,C,179.125,59.0
1434,G,C,5,C,"(0, 4, 7)",I,C,E,C,179.25,59.0
1435,G,C,5,C,"(0, 4, 7)",I,C,E,C,179.375,59.0
1436,G,C,5,C,"(0, 4, 7)",I,C,E,C,179.5,59.0
1437,G,C,5,C,"(0, 4, 7)",I,C,E,C,179.625,59.0
1438,G,C,5,C,"(0, 4, 7)",I,C,E,C,179.75,59.0
1439,G,C,5,C,"(0, 4, 7)",I,C,E,C,179.875,59.0
1440,G,C,0,C,"(0, 4, 7)",I,C,E,C,180.0,60.0
1441,G,C,1,C,"(0, 4, 7)",I,C,E,C,180.125,60.0
1442,G,C,2,C,"(0, 4, 7)",I,C,E,C,180.25,60.0
1443,G,C,2,C,"(0, 4, 7)",I,C,E,C,180.375,60.0
1444,G,C,3,C,"(0, 4, 7)",I,C,E,C,180.5,60.0
1445,G,C,3,C,"(0, 4, 7)",I,C,E,C,180.625,60.0
1446,G,C,3,C,"(0, 4, 7)",I,C,E,C,180.75,60.0
1447,G,C,3,C,"(0, 4, 7)",I,C,E,C,180.875,60.0
1448,G,C,4,C,"(0, 4, 7)",I,C,E,C,181.0,60.0
1449,G,C,4,C,"(0, 4, 7)",I,C,E,C,181.125,60.0
1450,G,C,4,C,"(0, 4, 7)",I,C,E,C,181.25,60.0
1451,G,C,4,C,"(0, 4, 7)",I,C,E,C,181.375,60.0
1452,G,C,4,C,"(0, 4, 7)",I,C,E,C,181.5,60.0
1453,G,C,4,C,"(0, 4, 7)",I,C,E,C,181.625,60.0
1454,G,C,4,C,"(0, 4, 7)",I,C,E,C,181.75,60.0
1455,G,C,4,C,"(0, 4, 7)",I,C,E,C,181.875,60.0
1456,G,C,5,C,"(0, 4, 7)",IV,C,E,C,182.0,60.0
1457,G,C,5,C,"(0, 4, 7)",IV,C,E,C,182.125,60.0
1458,G,C,5,C,"(0, 4, 7)",IV,C,E,C,182.25,60.0
1459,G,C,5,C,"(0, 4, 7)",IV,C,E,C,182.375,60.0
1460,G,C,5,C,"(0, 4, 7)",IV,C,E,C,182.5,60.0
1461,G,C,5,C,"(0, 4, 7)",IV,C,E,C,182.625,60.0
1462,G,C,5,C,"(0, 4, 7)",IV,C,E,C,182.75,60.0
1463,G,C,5,C,"(0, 4, 7)",IV,C,E,C,182.875,60.0
1464,G,C,0,C,"(0, 4, 7)",I,C,E,C,183.0,61.0
1465,G,C,1,C,"(0, 4, 7)",I,C,E,C,183.125,61.0
1466,G,C,2,C,"(0, 4, 7)",I,C,E,C,183.25,61.0
1467,G,C,2,C,"(0, 4, 7)",I,C,E,C,183.375,61.0
1468,G,C,3,C,"(0, 4, 7)",I,C,E,C,183.5,61.0
1469,G,C,3,C,"(0, 4, 7)",I,C,E,C,183.625,61.0
1470,G,C,3,C,"(0, 4, 7)",I,C,E,C,183.75,61.0
1471,G,C,3,C,"(0, 4, 7)",I,C,E,C,183.875,61.0
1472,G,C,4,C,"(0, 4, 7)",I,C,E,C,184.0,61.0
1473,G,C,4,C,"(0, 4, 7)",I,C,E,C,184.125,61.0
1474,G,C,4,C,"(0, 4, 7)",I,C,E,C,184.25,61.0
1475,G,C,4,C,"(0, 4, 7)",I,C,E,C,184.375,61.0
1476,G,C,4,C,"(0, 4, 7)",I,C,E,C,184.5,61.0
1477,G,C,4,C,"(0, 4, 7)",I,C,E,C,184.625,61.0
1478,G,C,4,C,"(0, 4, 7)",I,C,E,C,184.75,61.0
1479,G,C,4,C,"(0, 4, 7)",I,C,E,C,184.875,61.0
1480,G,C,5,C,"(0, 4, 7)",I,C,E,C,185.0,61.0
1481,G,C,5,C,"(0, 4, 7)",I,C,E,C,185.125,61.0
1482,G,C,5,C,"(0, 4, 7)",I,C,E,C,185.25,61.0
1483,G,C,5,C,"(0, 4, 7)",I,C,E,C,185.375,61.0
1484,G,C,5,C,"(0, 4, 7)",I,C,E,C,185.5,61.0
1485,G,C,5,C,"(0, 4, 7)",I,C,E,C,185.625,61.0
1486,G,C,5,C,"(0, 4, 7)",I,C,E,C,185.75,61.0
1487,G,C,5,C,"(0, 4, 7)",I,C,E,C,185.875,61.0
1488,G,C,0,C,"(0, 4, 7)",V,C,E,C,186.0,62.0
1489,G,C,1,C,"(0, 4, 7)",V,C,E,C,186.125,62.0
1490,G,C,2,C,"(0, 4, 7)",V,C,E,C,186.25,62.0
1491,G,C,2,C,"(0, 4, 7)",V,C,E,C,186.375,62.0
1492,G,C,3,C,"(0, 4, 7)",V,C,E,C,186.5,62.0
1493,G,C,3,C,"(0, 4, 7)",V,C,E,C,186.625,62.0
1494,G,C,3,C,"(0, 4, 7)",V,C,E,C,186.75,62.0
1495,G,C,3,C,"(0, 4, 7)",V,C,E,C,186.875,62.0
1496,G,B,4,C,"(0, 4, 7)",V,G,E,C,187.0,62.0
1497,G,B,4,C,"(0, 4, 7)",V,G,E,C,187.125,62.0
1498,G,B,4,C,"(0, 4, 7)",V,G,E,C,187.25,62.0
1499,G,B,4,C,"(0, 4, 7)",V,G,E,C,187.375,62.0
1500,G,B,4,C,"(0, 4, 7)",V,G,E,C,187.5,62.0
1501,G,B,4,C,"(0, 4, 7)",V,G,E,C,187.625,62.0
1502,G,B,4,C,"(0, 4, 7)",V,G,E,C,187.75,62.0
1503,G,B,4,C,"(0, 4, 7)",V,G,E,C,187.875,62.0
1504,G,C,0,C,"(0, 4, 7)",I,C,E,C,188.0,62.0
1505,G,C,1,C,"(0, 4, 7)",I,C,E,C,188.125,62.0
1506,G,C,2,C,"(0, 4, 7)",I,C,E,C,188.25,62.0
1507,G,C,2,C,"(0, 4, 7)",I,C,E,C,188.375,62.0
1508,G,C,3,C,"(0, 4, 7)",I,C,E,C,188.5,62.0
1509,G,C,3,C,"(0, 4, 7)",I,C,E,C,188.625,62.0
1510,G,C,3,C,"(0, 4, 7)",I,C,E,C,188.75,62.0
1511,G,C,3,C,"(0, 4, 7)",I,C,E,C,188.875,62.0
1512,C,F,0,C,"(2, 5, 9)",ii,D,A,C,189.0,63.0
1513,D,F,1,C,"(2, 5, 9)",ii,D,A,C,189.125,63.0
1514,D,F,2,C,"(2, 5, 9)",ii,D,A,C,189.25,63.0
1515,D,F,2,C,"(2, 5, 9)",ii,D,A,C,189.375,63.0
1516,D,F,3,C,"(2, 5, 9)",ii,D,A,C,189.5,63.0
1517,D,F,3,C,"(2, 5, 9)",ii,D,A,C,189.625,63.0
1518,D,F,3,C,"(2, 5, 9)",ii,D,A,C,189.75,63.0
1519,D,F,3,C,"(2, 5, 9)",ii,D,A,C,189.875,63.0
1520,D,F,4,C,"(2, 5, 9)",ii,D,A,C,190.0,63.0
1521,D,F,4,C,"(2, 5, 9)",ii,D,A,C,190.125,63.0
1522,D,F,4,C,"(2, 5, 9)",ii,D,A,C,190.25,63.0
1523,D,F,4,C,"(2, 5, 9)",ii,D,A,C,190.375,63.0
1524,D,F,3,C,"(2, 5, 9)",ii,D,A,C,190.5,63.0
1525,D,F,3,C,"(2, 5, 9)",ii,D,A,C,190.625,63.0
1526,D,F,3,C,"(2, 5, 9)",ii,D,A,C,190.75,63.0
1527,D,F,3,C,"(2, 5, 9)",ii,D,A,C,190.875,63.0
1528,D,F,4,C,"(2, 5, 9)",ii,D,A,C,191.0,63.0
1529,D,F,4,C,"(2, 5, 9)",ii,D,A,C,191.125,63.0
1530,D,F,4,C,"(2, 5, 9)",ii,D,A,C,191.25,63.0
1531,D,F,4,C,"(2, 5, 9)",ii,D,A,C,191.375,63.0
1532,D,F,4,C,"(2, 5, 9)",ii,D,A,C,191.5,63.0
1533,D,F,4,C,"(2, 5, 9)",ii,D,A,C,191.625,63.0
1534,D,F,4,C,"(2, 5, 9)",ii,D,A,C,191.75,63.0
1535,D,F,4,C,"(2, 5, 9)",ii,D,A,C,191.875,63.0
1536,D,G,0,C,"(2, 5, 7, 11)",V7,F,B,C,192.0,64.0
1537,D,G,1,C,"(2, 5, 7, 11)",V7,F,B,C,192.125,64.0
1538,D,G,2,C,"(2, 5, 7, 11)",V7,F,B,C,192.25,64.0
1539,D,G,2,C,"(2, 5, 7, 11)",V7,F,B,C,192.375,64.0
1540,D,G,3,C,"(2, 5, 7, 11)",V7,F,B,C,192.5,64.0
1541,D,G,3,C,"(2, 5, 7, 11)",V7,F,B,C,192.625,64.0
1542,D,G,3,C,"(2, 5, 7, 11)",V7,F,B,C,192.75,64.0
1543,D,G,3,C,"(2, 5, 7, 11)",V7,F,B,C,192.875,64.0
1544,D,G,4,C,"(2, 5, 7, 11)",V7,F,B,C,193.0,64.0
1545,D,G,4,C,"(2, 5, 7, 11)",V7,F,B,C,193.125,64.0
1546,D,G,4,C,"(2, 5, 7, 11)",V7,F,B,C,193.25,64.0
1547,D,G,4,C,"(2, 5, 7, 11)",V7,F,B,C,193.375,64.0
1548,D,G,4,C,"(2, 5, 7, 11)",V7,F,B,C,193.5,64.0
1549,D,G,4,C,"(2, 5, 7, 11)",V7,F,B,C,193.625,64.0
1550,D,G,4,C,"(2, 5, 7, 11)",V7,F,B,C,193.75,64.0
1551,D,G,4,C,"(2, 5, 7, 11)",V7,F,B,C,193.875,64.0
1552,D,G,5,C,"(2, 5, 7, 11)",V7,F,B,C,194.0,64.0
1553,D,G,5,C,"(2, 5, 7, 11)",V7,F,B,C,194.125,64.0
1554,D,G,5,C,"(2, 5, 7, 11)",V7,F,B,C,194.25,64.0
1555,D,G,5,C,"(2, 5, 7, 11)",V7,F,B,C,194.375,64.0
1556,D,G,5,C,"(2, 5, 7, 11)",V7,F,B,C,194.5,64.0
1557,D,G,5,C,"(2, 5, 7, 11)",V7,F,B,C,194.625,64.0
1558,D,G,5,C,"(2, 5, 7, 11)",V7,F,B,C,194.75,64.0
1559,D,G,5,C,"(2, 5, 7, 11)",V7,F,B,C,194.875,64.0
1560,G,C,0,C,"(0, 4, 7)",I,C,E,C,195.0,65.0
1561,G,C,1,C,"(0, 4, 7)",I,C,E,C,195.125,65.0
1562,G,C,2,C,"(0, 4, 7)",I,C,E,C,195.25,65.0
1563,G,C,2,C,"(0, 4, 7)",I,C,E,C,195.375,65.0
1564,G,C,3,C,"(0, 4, 7)",I,C,E,C,195.5,65.0
1565,G,C,3,C,"(0, 4, 7)",I,C,E,C,195.625,65.0
1566,G,C,3,C,"(0, 4, 7)",I,C,E,C,195.75,65.0
1567,G,C,3,C,"(0, 4, 7)",I,C,E,C,195.875,65.0
1568,G,C,4,C,"(0, 4, 7)",I,C,E,C,196.0,65.0
1569,G,C,4,C,"(0, 4, 7)",I,C,E,C,196.125,65.0
1570,G,C,4,C,"(0, 4, 7)",I,C,E,C,196.25,65.0
1571,G,C,4,C,"(0, 4, 7)",I,C,E,C,196.375,65.0
1572,G,C,4,C,"(0, 4, 7)",I,C,E,C,196.5,65.0
1573,G,C,4,C,"(0, 4, 7)",I,C,E,C,196.625,65.0
1574,G,C,4,C,"(0, 4, 7)",I,C,E,C,196.75,65.0
1575,G,C,4,C,"(0, 4, 7)",I,C,E,C,196.875,65.0
1576,G,C,5,C,"(0, 4, 7)",I,C,E,C,197.0,65.0
1577,G,C,5,C,"(0, 4, 7)",I,C,E,C,197.125,65.0
1578,G,C,5,C,"(0, 4, 7)",I,C,E,C,197.25,65.0
1579,G,C,5,C,"(0, 4, 7)",I,C,E,C,197.375,65.0
1580,G,C,5,C,"(0, 4, 7)",I,C,E,C,197.5,65.0
1581,G,C,5,C,"(0, 4, 7)",I,C,E,C,197.625,65.0
1582,G,C,5,C,"(0, 4, 7)",I,C,E,C,197.75,65.0
1583,G,C,5,C,"(0, 4, 7)",I,C,E,C,197.875,65.0
1584,G,C,0,C,"(0, 4, 7)",I,C,E,C,198.0,66.0
1585,G,C,1,C,"(0, 4, 7)",I,C,E,C,198.125,66.0
1586,G,C,2,C,"(0, 4, 7)",I,C,E,C,198.25,66.0
1587,G,C,2,C,"(0, 4, 7)",I,C,E,C,198.375,66.0
1588,G,C,3,C,"(0, 4, 7)",I,C,E,C,198.5,66.0
1589,G,C,3,C,"(0, 4, 7)",I,C,E,C,198.625,66.0
1590,G,C,3,C,"(0, 4, 7)",I,C,E,C,198.75,66.0
1591,G,C,3,C,"(0, 4, 7)",I,C,E,C,198.875,66.0
1592,G,C,4,C,"(0, 4, 7)",I,C,E,C,199.0,66.0
1593,G,C,4,C,"(0, 4, 7)",I,C,E,C,199.125,66.0
1594,G,C,4,C,"(0, 4, 7)",I,C,E,C,199.25,66.0
1595,G,C,4,C,"(0, 4, 7)",I,C,E,C,199.375,66.0
1596,G,C,4,C,"(0, 4, 7)",I,C,E,C,199.5,66.0
1597,G,C,4,C,"(0, 4, 7)",I,C,E,C,199.625,66.0
1598,G,C,4,C,"(0, 4, 7)",I,C,E,C,199.75,66.0
1599,G,C,4,C,"(0, 4, 7)",I,C,E,C,199.875,66.0
1600,G,C,5,C,"(0, 4, 7)",I,C,E,C,200.0,66.0
1601,G,C,5,C,"(0, 4, 7)",I,C,E,C,200.125,66.0
1602,G,C,5,C,"(0, 4, 7)",I,C,E,C,200.25,66.0
1603,G,C,5,C,"(0, 4, 7)",I,C,E,C,200.375,66.0
1604,G,C,5,C,"(0, 4, 7)",I,C,E,C,200.5,66.0
1605,G,C,5,C,"(0, 4, 7)",I,C,E,C,200.625,66.0
1606,G,C,5,C,"(0, 4, 7)",I,C,E,C,200.75,66.0
1607,G,C,5,C,"(0, 4, 7)",I,C,E,C,200.875,66.0
1608,G,C,0,C,"(0, 4, 7)",I,C,E,C,201.0,67.0
1609,G,C,1,C,"(0, 4, 7)",I,C,E,C,201.125,67.0
1610,G,C,2,C,"(0, 4, 7)",I,C,E,C,201.25,67.0
1611,G,C,2,C,"(0, 4, 7)",I,C,E,C,201.375,67.0
1612,G,C,3,C,"(0, 4, 7)",I,C,E,C,201.5,67.0
1613,G,C,3,C,"(0, 4, 7)",I,C,E,C,201.625,67.0
1614,G,C,3,C,"(0, 4, 7)",I,C,E,C,201.75,67.0
1615,G,C,3,C,"(0, 4, 7)",I,C,E,C,201.875,67.0
1616,G,C,4,C,"(0, 4, 7)",I,C,E,C,202.0,67.0
1617,G,C,4,C,"(0, 4, 7)",I,C,E,C,202.125,67.0
1618,G,C,4,C,"(0, 4, 7)",I,C,E,C,202.25,67.0
1619,G,C,4,C,"(0, 4, 7)",I,C,E,C,202.375,67.0
1620,G,C,4,C,"(0, 4, 7)",I,C,E,C,202.5,67.0
1621,G,C,4,C,"(0, 4, 7)",I,C,E,C,202.625,67.0
1622,G,C,4,C,"(0, 4, 7)",I,C,E,C,202.75,67.0
1623,G,C,4,C,"(0, 4, 7)",I,C,E,C,202.875,67.0
1624,G,C,5,C,"(0, 4, 7)",I,C,E,C,203.0,67.0
1625,G,C,5,C,"(0, 4, 7)",I,C,E,C,203.125,67.0
1626,G,C,5,C,"(0, 4, 7)",I,C,E,C,203.25,67.0
1627,G,C,5,C,"(0, 4, 7)",I,C,E,C,203.375,67.0
1628,G,C,5,C,"(0, 4, 7)",I,C,E,C,203.5,67.0
1629,G,C,5,C,"(0, 4, 7)",I,C,E,C,203.625,67.0
1630,G,C,5,C,"(0, 4, 7)",I,C,E,C,203.75,67.0
1631,G,C,5,C,"(0, 4, 7)",I,C,E,C,203.875,67.0
1632,G,C,0,C,"(0, 4, 7)",I,C,E,C,204.0,68.0
1633,G,C,2,C,"(0, 4, 7)",I,C,E,C,204.125,68.0
1634,G,C,1,C,"(0, 4, 7)",I,C,E,C,204.25,68.0
1635,G,C,2,C,"(0, 4, 7)",I,C,E,C,204.375,68.0
1636,G,C,3,C,"(0, 4, 7)",I,C,E,C,204.5,68.0
1637,G,C,3,C,"(0, 4, 7)",I,C,E,C,204.625,68.0
1638,G,C,3,C,"(0, 4, 7)",I,C,E,C,204.75,68.0
1639,G,C,3,C,"(0, 4, 7)",I,C,E,C,204.875,68.0
1640,G,C,4,C,"(0, 4, 7)",IV,C,E,C,205.0,68.0
1641,G,C,4,C,"(0, 4, 7)",IV,C,E,C,205.125,68.0
1642,G,C,4,C,"(0, 4, 7)",IV,C,E,C,205.25,68.0
1643,G,C,4,C,"(0, 4, 7)",IV,C,E,C,205.375,68.0
1644,G,C,4,C,"(0, 4, 7)",IV,C,E,C,205.5,68.0
1645,G,C,4,C,"(0, 4, 7)",IV,C,E,C,205.625,68.0
1646,G,C,4,C,"(0, 4, 7)",IV,C,E,C,205.75,68.0
1647,G,C,4,C,"(0, 4, 7)",IV,C,E,C,205.875,68.0
1648,G,C,5,C,"(0, 4, 7)",I,C,E,C,206.0,68.0
1649,G,C,5,C,"(0, 4, 7)",I,C,E,C,206.125,68.0
1650,G,C,5,C,"(0, 4, 7)",I,C,E,C,206.25,68.0
1651,G,C,5,C,"(0, 4, 7)",I,C,E,C,206.375,68.0
1652,G,C,3,C,"(0, 4, 7)",I,C,E,C,206.5,68.0
1653,G,C,3,C,"(0, 4, 7)",I,C,E,C,206.625,68.0
1654,G,C,3,C,"(0, 4, 7)",I,C,E,C,206.75,68.0
1655,G,C,3,C,"(0, 4, 7)",I,C,E,C,206.875,68.0
1656,G,C,0,C,"(0, 4, 7)",I,C,E,C,207.0,69.0
1657,G,C,1,C,"(0, 4, 7)",I,C,E,C,207.125,69.0
1658,G,C,2,C,"(0, 4, 7)",I,C,E,C,207.25,69.0
1659,G,C,2,C,"(0, 4, 7)",I,C,E,C,207.375,69.0
1660,G,C,3,C,"(0, 4, 7)",I,C,E,C,207.5,69.0
1661,G,C,3,C,"(0, 4, 7)",I,C,E,C,207.625,69.0
1662,G,C,3,C,"(0, 4, 7)",I,C,E,C,207.75,69.0
1663,G,C,3,C,"(0, 4, 7)",I,C,E,C,207.875,69.0
1664,G,C,4,C,"(0, 4, 7)",I,C,E,C,208.0,69.0
1665,G,C,4,C,"(0, 4, 7)",I,C,E,C,208.125,69.0
1666,G,C,4,C,"(0, 4, 7)",I,C,E,C,208.25,69.0
1667,G,C,4,C,"(0, 4, 7)",I,C,E,C,208.375,69.0
1668,G,C,3,C,"(0, 4, 7)",I,C,E,C,208.5,69.0
1669,G,C,3,C,"(0, 4, 7)",I,C,E,C,208.625,69.0
1670,G,C,3,C,"(0, 4, 7)",I,C,E,C,208.75,69.0
1671,G,C,3,C,"(0, 4, 7)",I,C,E,C,208.875,69.0
1672,G,C,0,C,"(0, 4, 7)",I,C,E,C,209.0,69.0
1673,G,C,1,C,"(0, 4, 7)",I,C,E,C,209.125,69.0
1674,G,C,5,C,"(0, 4, 7)",I,C,E,C,209.25,69.0
1675,G,C,2,C,"(0, 4, 7)",I,C,E,C,209.375,69.0
1676,G,C,3,C,"(0, 4, 7)",I,C,E,C,209.5,69.0
1677,G,C,3,C,"(0, 4, 7)",I,C,E,C,209.625,69.0
1678,G,C,3,C,"(0, 4, 7)",I,C,E,C,209.75,69.0
1679,G,C,3,C,"(0, 4, 7)",I,C,E,C,209.875,69.0
1680,G,C,0,C,"(0, 4, 7)",I,C,E,C,210.0,70.0
1681,G,C,1,C,"(0, 4, 7)",I,C,E,C,210.125,70.0
1682,G,C,2,C,"(0, 4, 7)",I,C,E,C,210.25,70.0
1683,G,C,2,C,"(0, 4, 7)",I,C,E,C,210.375,70.0
1684,G,C,3,C,"(0, 4, 7)",I,C,E,C,210.5,70.0
1685,G,C,3,C,"(0, 4, 7)",I,C,E,C,210.625,70.0
1686,G,C,3,C,"(0, 4, 7)",I,C,E,C,210.75,70.0
1687,G,C,3,C,"(0, 4, 7)",I,C,E,C,210.875,70.0
1688,G,C,4,C,"(0, 4, 7)",I,C,E,C,211.0,70.0
1689,G,C,4,C,"(0, 4, 7)",I,C,E,C,211.125,70.0
1690,G,C,4,C,"(0, 4, 7)",I,C,E,C,211.25,70.0
1691,G,C,4,C,"(0, 4, 7)",I,C,E,C,211.375,70.0
1692,G,C,4,C,"(0, 4, 7)",I,C,E,C,211.5,70.0
1693,G,C,4,C,"(0, 4, 7)",I,C,E,C,211.625,70.0
1694,G,C,4,C,"(0, 4, 7)",I,C,E,C,211.75,70.0
1695,G,C,4,C,"(0, 4, 7)",I,C,E,C,211.875,70.0
1696,G,C,5,C,"(0, 4, 7)",I,C,E,C,212.0,70.0
1697,G,C,5,C,"(0, 4, 7)",I,C,E,C,212.125,70.0
1698,G,C,5,C,"(0, 4, 7)",I,C,E,C,212.25,70.0
1699,G,C,5,C,"(0, 4, 7)",I,C,E,C,212.375,70.0
1700,G,C,5,C,"(0, 4, 7)",I,C,E,C,212.5,70.0
1701,G,C,5,C,"(0, 4, 7)",I,C,E,C,212.625,70.0
1702,G,C,5,C,"(0, 4, 7)",I,C,E,C,212.75,70.0
1703,G,C,5,C,"(0, 4, 7)",I,C,E,C,212.875,70.0
1704,G,B,0,C,"(2, 7, 11)",V,G,D,C,213.0,71.0
1705,G,B,1,C,"(2, 7, 11)",V,G,D,C,213.125,71.0
1706,G,B,2,C,"(2, 7, 11)",V,G,D,C,213.25,71.0
1707,G,B,2,C,"(2, 7, 11)",V,G,D,C,213.375,71.0
1708,G,B,3,C,"(2, 7, 11)",V,G,D,C,213.5,71.0
1709,G,B,3,C,"(2, 7, 11)",V,G,D,C,213.625,71.0
1710,G,B,3,C,"(2, 7, 11)",V,G,D,C,213.75,71.0
1711,G,B,3,C,"(2, 7, 11)",V,G,D,C,213.875,71.0
1712,G,B,4,C,"(2, 7, 11)",V,G,D,C,214.0,71.0
1713,G,B,4,C,"(2, 7, 11)",V,G,D,C,214.125,71.0
1714,G,B,4,C,"(2, 7, 11)",V,G,D,C,214.25,71.0
1715,G,B,4,C,"(2, 7, 11)",V,G,D,C,214.375,71.0
1716,G,B,4,C,"(2, 7, 11)",V,G,D,C,214.5,71.0
1717,G,B,4,C,"(2, 7, 11)",V,G,D,C,214.625,71.0
1718,G,B,4,C,"(2, 7, 11)",V,G,D,C,214.75,71.0
1719,G,B,4,C,"(2, 7, 11)",V,G,D,C,214.875,71.0
1720,G,C,0,C,"(0, 4, 7)",I,C,E,C,215.0,71.0
1721,G,C,1,C,"(0, 4, 7)",I,C,E,C,215.125,71.0
1722,G,C,2,C,"(0, 4, 7)",I,C,E,C,215.25,71.0
1723,G,C,2,C,"(0, 4, 7)",I,C,E,C,215.375,71.0
1724,G,C,3,C,"(0, 4, 7)",I,C,E,C,215.5,71.0
1725,G,C,3,C,"(0, 4, 7)",I,C,E,C,215.625,71.0
1726,G,C,3,C,"(0, 4, 7)",I,C,E,C,215.75,71.0
1727,G,C,3,C,"(0, 4, 7)",I,C,E,C,215.875,71.0
1728,F,A,0,C,"(0, 5, 9)",IV,F,C,C,216.0,72.0
1729,F,A,1,C,"(0, 5, 9)",IV,F,C,C,216.125,72.0
1730,F,A,2,C,"(0, 5, 9)",IV,F,C,C,216.25,72.0
1731,F,A,2,C,"(0, 5, 9)",IV,F,C,C,216.375,72.0
1732,F,A,3,C,"(0, 5, 9)",IV,F,C,C,216.5,72.0
1733,F,A,3,C,"(0, 5, 9)",IV,F,C,C,216.625,72.0
1734,F,A,3,C,"(0, 5, 9)",IV,F,C,C,216.75,72.0
1735,F,A,3,C,"(0, 5, 9)",IV,F,C,C,216.875,72.0
1736,F,A,4,C,"(0, 5, 9)",IV,F,C,C,217.0,72.0
1737,F,A,4,C,"(0, 5, 9)",IV,F,C,C,217.125,72.0
1738,F,A,4,C,"(0, 5, 9)",IV,F,C,C,217.25,72.0
1739,F,A,4,C,"(0, 5, 9)",IV,F,C,C,217.375,72.0
1740,F,A,4,C,"(0, 5, 9)",IV,F,C,C,217.5,72.0
1741,F,A,4,C,"(0, 5, 9)",IV,F,C,C,217.625,72.0
1742,F,A,4,C,"(0, 5, 9)",IV,F,C,C,217.75,72.0
1743,F,A,4,C,"(0, 5, 9)",IV,F,C,C,217.875,72.0
1744,C,E,0,C,"(0, 4, 7)",I,C,G,C,218.0,72.0
1745,C,E,1,C,"(0, 4, 7)",I,C,G,C,218.125,72.0
1746,C,E,2,C,"(0, 4, 7)",I,C,G,C,218.25,72.0
1747,C,E,2,C,"(0, 4, 7)",I,C,G,C,218.375,72.0
1748,C,E,3,C,"(0, 4, 7)",I,C,G,C,218.5,72.0
1749,C,E,3,C,"(0, 4, 7)",I,C,G,C,218.625,72.0
1750,C,E,3,C,"(0, 4, 7)",I,C,G,C,218.75,72.0
1751,C,E,3,C,"(0, 4, 7)",I,C,G,C,218.875,72.0
1752,C,F,0,C,"(0, 5, 9)",IV,F,A,C,219.0,73.0
1753,C,F,1,C,"(0, 5, 9)",IV,F,A,C,219.125,73.0
1754,C,F,2,C,"(0, 5, 9)",IV,F,A,C,219.25,73.0
1755,C,F,2,C,"(0, 5, 9)",IV,F,A,C,219.375,73.0
1756,C,F,3,C,"(0, 5, 9)",IV,F,A,C,219.5,73.0
1757,C,F,3,C,"(0, 5, 9)",IV,F,A,C,219.625,73.0
1758,C,F,3,C,"(0, 5, 9)",IV,F,A,C,219.75,73.0
1759,C,F,3,C,"(0, 5, 9)",IV,F,A,C,219.875,73.0
1760,C,F,4,C,"(0, 5, 9)",IV,F,A,C,220.0,73.0
1761,C,F,4,C,"(0, 5, 9)",IV,F,A,C,220.125,73.0
1762,C,F,4,C,"(0, 5, 9)",IV,F,A,C,220.25,73.0
1763,C,F,4,C,"(0, 5, 9)",IV,F,A,C,220.375,73.0
1764,C,F,4,C,"(0, 5, 9)",IV,F,A,C,220.5,73.0
1765,C,F,4,C,"(0, 5, 9)",IV,F,A,C,220.625,73.0
1766,C,F,4,C,"(0, 5, 9)",IV,F,A,C,220.75,73.0
1767,C,F,4,C,"(0, 5, 9)",IV,F,A,C,220.875,73.0
1768,C,F,0,C,"(2, 5, 9)",ii,D,A,C,221.0,73.0
1769,C,F,1,C,"(2, 5, 9)",ii,D,A,C,221.125,73.0
1770,C,F,2,C,"(2, 5, 9)",ii,D,A,C,221.25,73.0
1771,C,F,2,C,"(2, 5, 9)",ii,D,A,C,221.375,73.0
1772,C,F,3,C,"(2, 5, 9)",ii,D,A,C,221.5,73.0
1773,C,F,3,C,"(2, 5, 9)",ii,D,A,C,221.625,73.0
1774,C,F,3,C,"(2, 5, 9)",ii,D,A,C,221.75,73.0
1775,C,F,3,C,"(2, 5, 9)",ii,D,A,C,221.875,73.0
1776,D,G,0,C,"(2, 7, 11)",V,G,B,C,222.0,74.0
1777,D,G,1,C,"(2, 7, 11)",V,G,B,C,222.125,74.0
1778,D,G,2,C,"(2, 7, 11)",V,G,B,C,222.25,74.0
1779,D,G,2,C,"(2, 7, 11)",V,G,B,C,222.375,74.0
1780,D,G,3,C,"(2, 7, 11)",V,G,B,C,222.5,74.0
1781,D,G,3,C,"(2, 7, 11)",V,G,B,C,222.625,74.0
1782,D,G,3,C,"(2, 7, 11)",V,G,B,C,222.75,74.0
1783,D,G,3,C,"(2, 7, 11)",V,G,B,C,222.875,74.0
1784,D,G,4,C,"(2, 7, 11)",V,G,B,C,223.0,74.0
1785,D,G,4,C,"(2, 7, 11)",V,G,B,C,223.125,74.0
1786,D,G,4,C,"(2, 7, 11)",V,G,B,C,223.25,74.0
1787,D,G,4,C,"(2, 7, 11)",V,G,B,C,223.375,74.0
1788,D,G,4,C,"(2, 7, 11)",V,G,B,C,223.5,74.0
1789,D,G,4,C,"(2, 7, 11)",V,G,B,C,223.625,74.0
1790,D,G,4,C,"(2, 7, 11)",V,G,B,C,223.75,74.0
1791,D,G,4,C,"(2, 7, 11)",V,G,B,C,223.875,74.0
1792,D,G,5,C,"(2, 7, 11)",V,G,B,C,224.0,74.0
1793,D,G,5,C,"(2, 7, 11)",V,G,B,C,224.125,74.0
1794,D,G,5,C,"(2, 7, 11)",V,G,B,C,224.25,74.0
1795,D,G,5,C,"(2, 7, 11)",V,G,B,C,224.375,74.0
1796,D,G,5,C,"(2, 7, 11)",V,G,B,C,224.5,74.0
1797,D,G,5,C,"(2, 7, 11)",V,G,B,C,224.625,74.0
1798,D,G,5,C,"(2, 7, 11)",V,G,B,C,224.75,74.0
1799,D,G,5,C,"(2, 7, 11)",V,G,B,C,224.875,74.0
1800,G,B,0,C,"(2, 7, 11)",V,G,D,C,225.0,75.0
1801,G,B,1,C,"(2, 7, 11)",V,G,D,C,225.125,75.0
1802,G,B,2,C,"(2, 7, 11)",V,G,D,C,225.25,75.0
1803,G,B,2,C,"(2, 7, 11)",V,G,D,C,225.375,75.0
1804,G,B,3,C,"(2, 7, 11)",V,G,D,C,225.5,75.0
1805,G,B,3,C,"(2, 7, 11)",V,G,D,C,225.625,75.0
1806,G,B,3,C,"(2, 7, 11)",V,G,D,C,225.75,75.0
1807,G,B,3,C,"(2, 7, 11)",V,G,D,C,225.875,75.0
1808,G,B,4,C,"(2, 7, 11)",V,G,D,C,226.0,75.0
1809,G,B,4,C,"(2, 7, 11)",V,G,D,C,226.125,75.0
1810,G,B,4,C,"(2, 7, 11)",V,G,D,C,226.25,75.0
1811,G,B,4,C,"(2, 7, 11)",V,G,D,C,226.375,75.0
1812,G,B,4,C,"(2, 7, 11)",V,G,D,C,226.5,75.0
1813,G,B,4,C,"(2, 7, 11)",V,G,D,C,226.625,75.0
1814,G,B,4,C,"(2, 7, 11)",V,G,D,C,226.75,75.0
1815,G,B,4,C,"(2, 7, 11)",V,G,D,C,226.875,75.0
1816,G,B,5,C,"(2, 7, 11)",V,G,D,C,227.0,75.0
1817,G,B,5,C,"(2, 7, 11)",V,G,D,C,227.125,75.0
1818,G,B,5,C,"(2, 7, 11)",V,G,D,C,227.25,75.0
1819,G,B,5,C,"(2, 7, 11)",V,G,D,C,227.375,75.0
1820,G,B,5,C,"(2, 7, 11)",V,G,D,C,227.5,75.0
1821,G,B,5,C,"(2, 7, 11)",V,G,D,C,227.625,75.0
1822,G,B,5,C,"(2, 7, 11)",V,G,D,C,227.75,75.0
1823,G,B,5,C,"(2, 7, 11)",V,G,D,C,227.875,75.0
1824,E,A,0,C,"(0, 4, 7, 9)",ii,G,C,C,228.0,76.0
1825,E,A,1,C,"(0, 4, 7, 9)",ii,G,C,C,228.125,76.0
1826,E,A,2,C,"(0, 4, 7, 9)",ii,G,C,C,228.25,76.0
1827,E,A,2,C,"(0, 4, 7, 9)",ii,G,C,C,228.375,76.0
1828,E,A,3,C,"(0, 4, 7, 9)",ii,G,C,C,228.5,76.0
1829,E,A,3,C,"(0, 4, 7, 9)",ii,G,C,C,228.625,76.0
1830,E,A,3,C,"(0, 4, 7, 9)",ii,G,C,C,228.75,76.0
1831,E,A,3,C,"(0, 4, 7, 9)",ii,G,C,C,228.875,76.0
1832,E,A,4,C,"(0, 4, 7, 9)",ii,G,C,C,229.0,76.0
1833,E,A,4,C,"(0, 4, 7, 9)",ii,G,C,C,229.125,76.0
1834,E,A,4,C,"(0, 4, 7, 9)",ii,G,C,C,229.25,76.0
1835,E,A,4,C,"(0, 4, 7, 9)",ii,G,C,C,229.375,76.0
1836,E,A,4,C,"(0, 4, 7, 9)",ii,G,C,C,229.5,76.0
1837,E,A,4,C,"(0, 4, 7, 9)",ii,G,C,C,229.625,76.0
1838,E,A,4,C,"(0, 4, 7, 9)",ii,G,C,C,229.75,76.0
1839,E,A,4,C,"(0, 4, 7, 9)",ii,G,C,C,229.875,76.0
1840,E,A,0,C,"(0, 4, 9)",ii,A,C,C,230.0,76.0
1841,E,A,1,C,"(0, 4, 9)",ii,A,C,C,230.125,76.0
1842,E,A,5,C,"(0, 4, 9)",ii,A,C,C,230.25,76.0
1843,E,A,2,C,"(0, 4, 9)",ii,A,C,C,230.375,76.0
1844,E,A,3,C,"(0, 4, 9)",ii,A,C,C,230.5,76.0
1845,E,A,3,C,"(0, 4, 9)",ii,A,C,C,230.625,76.0
1846,E,A,3,C,"(0, 4, 9)",ii,A,C,C,230.75,76.0
1847,E,A,3,C,"(0, 4, 9)",ii,A,C,C,230.875,76.0
1848,A,D,0,C,"(0, 2, 6, 9)",V7,D,F#,G,231.0,77.0
1849,A,D,1,C,"(0, 2, 6, 9)",V7,C,F#,G,231.125,77.0
1850,A,D,2,C,"(0, 2, 6, 9)",V7,C,F#,G,231.25,77.0
1851,A,D,2,C,"(0, 2, 6, 9)",V7,C,F#,G,231.375,77.0
1852,A,D,3,C,"(0, 2, 6, 9)",V7,C,F#,G,231.5,77.0
1853,A,D,3,C,"(0, 2, 6, 9)",V7,C,F#,G,231.625,77.0
1854,A,D,3,C,"(0, 2, 6, 9)",V7,C,F#,G,231.75,77.0
1855,A,D,3,C,"(0, 2, 6, 9)",V7,C,F#,G,231.875,77.0
1856,A,D,4,C,"(0, 2, 6, 9)",V7,C,F#,G,232.0,77.0
1857,A,D,4,C,"(0, 2, 6, 9)",V7,C,F#,G,232.125,77.0
1858,A,D,4,C,"(0, 2, 6, 9)",V7,C,F#,G,232.25,77.0
1859,A,D,4,C,"(0, 2, 6, 9)",V7,C,F#,G,232.375,77.0
1860,A,D,4,C,"(0, 2, 6, 9)",V7,C,F#,G,232.5,77.0
1861,A,D,4,C,"(0, 2, 6, 9)",V7,C,F#,G,232.625,77.0
1862,A,D,4,C,"(0, 2, 6, 9)",V7,C,F#,G,232.75,77.0
1863,A,D,4,C,"(0, 2, 6, 9)",V7,C,F#,G,232.875,77.0
1864,A,D,5,C,"(0, 2, 6, 9)",V7,C,F#,G,233.0,77.0
1865,A,D,5,C,"(0, 2, 6, 9)",V7,C,F#,G,233.125,77.0
1866,A,D,5,C,"(0, 2, 6, 9)",V7,C,F#,G,233.25,77.0
1867,A,D,5,C,"(0, 2, 6, 9)",V7,C,F#,G,233.375,77.0
1868,A,D,5,C,"(0, 2, 6, 9)",V7,C,F#,G,233.5,77.0
1869,A,D,5,C,"(0, 2, 6, 9)",V7,C,F#,G,233.625,77.0
1870,A,D,5,C,"(0, 2, 6, 9)",V7,C,F#,G,233.75,77.0
1871,A,D,5,C,"(0, 2, 6, 9)",V7,C,F#,G,233.875,77.0
1872,A,D,0,C,"(0, 2, 6, 9)",V7,C,F#,G,234.0,78.0
1873,A,D,1,C,"(0, 2, 6, 9)",V7,C,F#,G,234.125,78.0
1874,A,D,2,C,"(0, 2, 6, 9)",V7,C,F#,G,234.25,78.0
1875,A,D,2,C,"(0, 2, 6, 9)",V7,C,F#,G,234.375,78.0
1876,A,D,3,C,"(0, 2, 6, 9)",V7,C,F#,G,234.5,78.0
1877,A,D,3,C,"(0, 2, 6, 9)",V7,C,F#,G,234.625,78.0
1878,A,D,3,C,"(0, 2, 6, 9)",V7,C,F#,G,234.75,78.0
1879,A,D,3,C,"(0, 2, 6, 9)",V7,C,F#,G,234.875,78.0
1880,A,D,4,C,"(0, 2, 6, 9)",V7,C,F#,G,235.0,78.0
1881,A,D,4,C,"(0, 2, 6, 9)",V7,C,F#,G,235.125,78.0
1882,A,D,4,C,"(0, 2, 6, 9)",V7,C,F#,G,235.25,78.0
1883,A,D,4,C,"(0, 2, 6, 9)",V7,C,F#,G,235.375,78.0
1884,A,D,4,C,"(0, 2, 6, 9)",V7,C,F#,G,235.5,78.0
1885,A,D,4,C,"(0, 2, 6, 9)",V7,C,F#,G,235.625,78.0
1886,A,D,4,C,"(0, 2, 6, 9)",V7,C,F#,G,235.75,78.0
1887,A,D,4,C,"(0, 2, 6, 9)",V7,C,F#,G,235.875,78.0
1888,D,F#,0,C,"(0, 2, 6, 9)",V7,D,A,G,236.0,78.0
1889,C,F#,1,C,"(0, 2, 6, 9)",V7,D,A,G,236.125,78.0
1890,C,F#,2,C,"(0, 2, 6, 9)",V7,D,A,G,236.25,78.0
1891,C,F#,2,C,"(0, 2, 6, 9)",V7,D,A,G,236.375,78.0
1892,C,F#,3,C,"(0, 2, 6, 9)",V7,D,A,G,236.5,78.0
1893,C,F#,3,C,"(0, 2, 6, 9)",V7,D,A,G,236.625,78.0
1894,C,F#,3,C,"(0, 2, 6, 9)",V7,D,A,G,236.75,78.0
1895,C,F#,3,C,"(0, 2, 6, 9)",V7,D,A,G,236.875,78.0
1896,D,G,0,C,"(2, 7, 11)",I,G,B,G,237.0,79.0
1897,D,G,1,C,"(2, 7, 11)",I,G,B,G,237.125,79.0
1898,D,G,2,C,"(2, 7, 11)",I,G,B,G,237.25,79.0
1899,D,G,2,C,"(2, 7, 11)",I,G,B,G,237.375,79.0
1900,D,G,3,C,"(2, 7, 11)",I,G,B,G,237.5,79.0
1901,D,G,3,C,"(2, 7, 11)",I,G,B,G,237.625,79.0
1902,D,G,3,C,"(2, 7, 11)",I,G,B,G,237.75,79.0
1903,D,G,3,C,"(2, 7, 11)",I,G,B,G,237.875,79.0
1904,D,G,4,C,"(2, 7, 11)",I,G,B,G,238.0,79.0
1905,D,G,4,C,"(2, 7, 11)",I,G,B,G,238.125,79.0
1906,D,G,4,C,"(2, 7, 11)",I,G,B,G,238.25,79.0
1907,D,G,4,C,"(2, 7, 11)",I,G,B,G,238.375,79.0
1908,D,G,4,C,"(2, 7, 11)",I,G,B,G,238.5,79.0
1909,D,G,4,C,"(2, 7, 11)",I,G,B,G,238.625,79.0
1910,D,G,4,C,"(2, 7, 11)",I,G,B,G,238.75,79.0
1911,D,G,4,C,"(2, 7, 11)",I,G,B,G,238.875,79.0
1912,D,B,5,C,"(2, 7, 11)",V,G,D,G,239.0,79.0
1913,D,B,1,C,"(2, 7, 11)",V,G,D,G,239.125,79.0
1914,D,B,2,C,"(2, 7, 11)",V,G,D,G,239.25,79.0
1915,D,B,2,C,"(2, 7, 11)",V,G,D,G,239.375,79.0
1916,D,B,3,C,"(2, 7, 11)",V,G,D,G,239.5,79.0
1917,D,B,3,C,"(2, 7, 11)",V,G,D,G,239.625,79.0
1918,D,B,3,C,"(2, 7, 11)",V,G,D,G,239.75,79.0
1919,G,B,5,C,"(2, 7, 11)",V,G,D,C,239.875,79.0
1920,G,C,0,C,"(0, 4, 7)",I,C,E,C,240.0,80.0
1921,G,C,1,C,"(0, 4, 7)",I,C,E,C,240.125,80.0
1922,G,C,2,C,"(0, 4, 7)",I,C,E,C,240.25,80.0
1923,G,C,2,C,"(0, 4, 7)",I,C,E,C,240.375,80.0
1924,G,C,3,C,"(0, 4, 7)",I,C,E,C,240.5,80.0
1925,G,C,3,C,"(0, 4, 7)",I,C,E,C,240.625,80.0
1926,G,C,3,C,"(0, 4, 7)",I,C,E,C,240.75,80.0
1927,G,C,3,C,"(0, 4, 7)",I,C,E,C,240.875,80.0
1928,G,C,4,C,"(0, 4, 7)",I,C,E,C,241.0,80.0
1929,G,C,4,C,"(0, 4, 7)",I,C,E,C,241.125,80.0
1930,G,C,4,C,"(0, 4, 7)",I,C,E,C,241.25,80.0
1931,G,C,4,C,"(0, 4, 7)",I,C,E,C,241.375,80.0
1932,G,C,4,C,"(0, 4, 7)",I,C,E,C,241.5,80.0
1933,G,C,4,C,"(0, 4, 7)",I,C,E,C,241.625,80.0
1934,G,C,4,C,"(0, 4, 7)",I,C,E,C,241.75,80.0
1935,G,C,4,C,"(0, 4, 7)",I,C,E,C,241.875,80.0
1936,G,C,5,C,"(0, 4, 7)",I,C,E,C,242.0,80.0
1937,G,C,5,C,"(0, 4, 7)",I,C,E,C,242.125,80.0
1938,G,C,5,C,"(0, 4, 7)",I,C,E,C,242.25,80.0
1939,G,C,5,C,"(0, 4, 7)",I,C,E,C,242.375,80.0
1940,G,C,5,C,"(0, 4, 7)",I,C,E,C,242.5,80.0
1941,G,C,5,C,"(0, 4, 7)",I,C,E,C,242.625,80.0
1942,G,C,5,C,"(0, 4, 7)",I,C,E,C,242.75,80.0
1943,G,C,5,C,"(0, 4, 7)",I,C,E,C,242.875,80.0
1944,A,D,0,C,"(2, 7, 11)",V,G,G,G,243.0,81.0
1945,A,D,1,C,"(2, 7, 11)",V,G,G,G,243.125,81.0
1946,A,D,2,C,"(2, 7, 11)",V,G,G,G,243.25,81.0
1947,A,D,2,C,"(2, 7, 11)",V,G,G,G,243.375,81.0
1948,A,D,3,C,"(2, 7, 11)",V,G,G,G,243.5,81.0
1949,A,D,3,C,"(2, 7, 11)",V,G,G,G,243.625,81.0
1950,A,D,3,C,"(2, 7, 11)",V,G,G,G,243.75,81.0
1951,A,D,3,C,"(2, 7, 11)",V,G,G,G,243.875,81.0
1952,A,D,4,C,"(2, 7, 11)",V,G,G,G,244.0,81.0
1953,A,D,4,C,"(2, 7, 11)",V,G,G,G,244.125,81.0
1954,A,D,4,C,"(2, 7, 11)",V,G,G,G,244.25,81.0
1955,A,D,4,C,"(2, 7, 11)",V,G,F#,G,244.375,81.0
1956,A,D,4,C,"(2, 7, 11)",V,G,F#,G,244.5,81.0
1957,A,D,4,C,"(2, 7, 11)",V,G,F#,G,244.625,81.0
1958,A,D,4,C,"(2, 7, 11)",V,G,F#,G,244.75,81.0
1959,A,D,4,C,"(2, 7, 11)",V,G,F#,G,244.875,81.0
1960,A,D,0,C,"(0, 2, 6, 9)",V7,C,F#,G,245.0,81.0
1961,A,D,1,C,"(0, 2, 6, 9)",V7,C,F#,G,245.125,81.0
1962,A,D,2,C,"(0, 2, 6, 9)",V7,C,F#,G,245.25,81.0
1963,A,D,2,C,"(0, 2, 6, 9)",V7,C,F#,G,245.375,81.0
1964,A,D,3,C,"(0, 2, 6, 9)",V7,C,F#,G,245.5,81.0
1965,A,D,3,C,"(0, 2, 6, 9)",V7,C,F#,G,245.625,81.0
1966,A,D,3,C,"(0, 2, 6, 9)",V7,C,F#,G,245.75,81.0
1967,A,D,3,C,"(0, 2, 6, 9)",V7,C,F#,G,245.875,81.0
1968,D,G,0,C,"(2, 7, 11)",V,G,B,G,246.0,82.0
1969,D,G,1,C,"(2, 7, 11)",V,G,B,G,246.125,82.0
1970,D,G,2,C,"(2, 7, 11)",V,G,B,C,246.25,82.0
1971,D,G,2,C,"(2, 7, 11)",V,G,B,C,246.375,82.0
1972,D,G,3,C,"(2, 7, 11)",V,G,B,C,246.5,82.0
1973,D,G,3,C,"(2, 7, 11)",V,G,B,C,246.625,82.0
1974,D,G,3,C,"(2, 7, 11)",V,G,B,C,246.75,82.0
1975,D,G,3,C,"(2, 7, 11)",V,G,B,C,246.875,82.0
1976,D,G,4,C,"(2, 7, 11)",V,G,B,C,247.0,82.0
1977,D,G,4,C,"(2, 7, 11)",V,G,B,C,247.125,82.0
1978,D,G,4,C,"(2, 7, 11)",V,G,B,C,247.25,82.0
1979,D,G,4,C,"(2, 7, 11)",V,G,B,C,247.375,82.0
1980,D,G,4,C,"(2, 7, 11)",V,G,B,C,247.5,82.0
1981,D,G,4,C,"(2, 7, 11)",V,G,B,C,247.625,82.0
1982,D,G,4,C,"(2, 7, 11)",V,G,B,C,247.75,82.0
1983,D,G,4,C,"(2, 7, 11)",V,G,B,C,247.875,82.0
1984,D,G,5,C,"(2, 7, 11)",V,G,B,C,248.0,82.0
1985,D,G,5,C,"(2, 7, 11)",V,G,B,C,248.125,82.0
1986,D,G,5,C,"(2, 7, 11)",V,G,B,C,248.25,82.0
1987,D,G,5,C,"(2, 7, 11)",V,G,B,C,248.375,82.0
1988,D,G,5,C,"(2, 7, 11)",V,G,B,C,248.5,82.0
1989,D,G,5,C,"(2, 7, 11)",V,G,B,C,248.625,82.0
1990,D,G,5,C,"(2, 7, 11)",V,G,B,C,248.75,82.0
1991,D,G,5,C,"(2, 7, 11)",V,G,B,C,248.875,82.0
1992,D,F,0,C,"(2, 5, 11)",viio,D,A,C,249.0,83.0
1993,D,F,1,C,"(2, 5, 11)",viio,D,A,C,249.125,83.0
1994,D,F,2,C,"(2, 5, 11)",viio,D,A,C,249.25,83.0
1995,D,F,2,C,"(2, 5, 11)",viio,D,A,C,249.375,83.0
1996,D,F,3,C,"(2, 5, 11)",viio,D,A,C,249.5,83.0
1997,D,F,3,C,"(2, 5, 11)",viio,D,A,C,249.625,83.0
1998,D,F,3,C,"(2, 5, 11)",viio,D,A,C,249.75,83.0
1999,D,F,3,C,"(2, 5, 11)",viio,D,A,C,249.875,83.0
2000,D,E,4,C,"(1, 4, 7)",viio,C#,A,C,250.0,83.0
2001,D,E,4,C,"(1, 4, 7)",viio,C#,A,C,250.125,83.0
2002,D,E,4,C,"(1, 4, 7)",viio,C#,A,C,250.25,83.0
2003,D,E,2,C,"(1, 4, 7)",viio,C#,A,C,250.375,83.0
2004,D,E,4,C,"(1, 4, 7)",viio,C#,A,C,250.5,83.0
2005,D,E,3,C,"(1, 4, 7)",viio,C#,A,C,250.625,83.0
2006,D,E,4,C,"(1, 4, 7)",viio,C#,A,C,250.75,83.0
2007,D,E,4,C,"(1, 4, 7)",viio,C#,A,C,250.875,83.0
2008,A,D,0,C,"(2, 5, 9)",ii,D,F,C,251.0,83.0
2009,A,D,1,C,"(2, 5, 9)",ii,D,F,C,251.125,83.0
2010,A,D,2,C,"(2, 5, 9)",ii,D,F,C,251.25,83.0
2011,A,D,2,C,"(2, 5, 9)",ii,D,F,C,251.375,83.0
2012,A,D,3,C,"(2, 5, 9)",ii,D,F,C,251.5,83.0
2013,A,D,3,C,"(2, 5, 9)",ii,D,F,C,251.625,83.0
2014,A,D,3,C,"(2, 5, 9)",ii,D,F,C,251.75,83.0
2015,A,D,3,C,"(2, 5, 9)",ii,D,F,C,251.875,83.0
2016,G,C#,0,C,"(1, 4, 7)",viio,A,E,d,252.0,84.0
2017,G,C#,1,C,"(1, 4, 7)",viio7,C#,E,d,252.125,84.0
2018,G,C#,2,C,"(1, 4, 7)",viio7,C#,E,d,252.25,84.0
2019,G,C#,2,C,"(1, 4, 7)",viio7,C#,E,d,252.375,84.0
2020,G,C#,3,C,"(1, 4, 7)",viio7,C#,E,d,252.5,84.0
2021,G,C#,3,C,"(1, 4, 7)",viio7,C#,E,d,252.625,84.0
2022,G,C#,3,C,"(1, 4, 7)",viio7,C#,E,d,252.75,84.0
2023,G,C#,3,C,"(1, 4, 7)",viio7,C#,E,d,252.875,84.0
2024,G,C#,4,C,"(1, 4, 7)",viio,A,E,d,253.0,84.0
2025,G,C#,4,C,"(1, 4, 7)",viio,A,E,d,253.125,84.0
2026,G,C#,4,C,"(1, 4, 7)",viio,A,E,d,253.25,84.0
2027,G,C#,4,C,"(1, 4, 7)",viio,A,E,d,253.375,84.0
2028,G,C#,4,C,"(1, 4, 7)",viio,A,E,d,253.5,84.0
2029,G,C#,4,C,"(1, 4, 7)",viio,A,E,d,253.625,84.0
2030,G,C#,4,C,"(1, 4, 7)",viio,A,E,d,253.75,84.0
2031,G,C#,4,C,"(1, 4, 7)",viio,A,E,d,253.875,84.0
2032,G,C#,5,C,"(1, 4, 7)",viio,A,E,d,254.0,84.0
2033,G,C#,5,C,"(1, 4, 7)",viio,A,E,d,254.125,84.0
2034,G,C#,5,C,"(1, 4, 7)",viio,A,E,d,254.25,84.0
2035,G,C#,5,C,"(1, 4, 7)",viio,A,E,d,254.375,84.0
2036,G,C#,5,C,"(1, 4, 7)",viio,A,E,d,254.5,84.0
2037,G,C#,5,C,"(1, 4, 7)",viio,A,E,d,254.625,84.0
2038,G,C#,5,C,"(1, 4, 7)",viio,A,E,d,254.75,84.0
2039,G,C#,5,C,"(1, 4, 7)",viio,A,E,d,254.875,84.0
2040,E,A,0,C,"(1, 4, 7, 9)",ii,A,C#,d,255.0,85.0
2041,E,A,1,C,"(1, 4, 7, 9)",ii,A,C#,d,255.125,85.0
2042,E,A,2,C,"(1, 4, 7, 9)",ii,A,C#,d,255.25,85.0
2043,E,A,2,C,"(1, 4, 7, 9)",ii,A,C#,d,255.375,85.0
2044,E,A,3,C,"(2, 5, 9)",ii,A,C#,d,255.5,85.0
2045,E,A,3,C,"(2, 5, 9)",ii,A,C#,d,255.625,85.0
2046,E,A,3,C,"(2, 5, 9)",ii,A,C#,d,255.75,85.0
2047,E,A,3,C,"(2, 5, 9)",ii,A,C#,d,255.875,85.0
2048,E,A,4,C,"(2, 5, 9)",ii,D,D,d,256.0,85.0
2049,E,A,4,C,"(2, 5, 9)",ii,D,D,d,256.125,85.0
2050,E,A,4,C,"(2, 5, 9)",ii,D,D,d,256.25,85.0
2051,E,A,4,C,"(2, 5, 9)",ii,D,D,d,256.375,85.0
2052,E,A,4,C,"(2, 5, 9)",ii,D,D,d,256.5,85.0
2053,E,A,4,C,"(2, 5, 9)",ii,D,D,d,256.625,85.0
2054,E,A,4,C,"(2, 5, 9)",ii,D,D,d,256.75,85.0
2055,E,A,4,C,"(2, 5, 9)",ii,D,D,d,256.875,85.0
2056,E,A,0,C,"(1, 4, 9)",V,A,C#,d,257.0,85.0
2057,E,A,1,C,"(1, 4, 9)",V,A,C#,d,257.125,85.0
2058,E,A,2,C,"(1, 4, 9)",V,A,C#,d,257.25,85.0
2059,E,A,2,C,"(1, 4, 9)",V,A,C#,d,257.375,85.0
2060,E,A,3,C,"(1, 4, 9)",V,A,C#,d,257.5,85.0
2061,E,A,3,C,"(1, 4, 9)",V,A,C#,d,257.625,85.0
2062,E,A,3,C,"(1, 4, 9)",V,A,C#,d,257.75,85.0
2063,E,A,3,C,"(1, 4, 9)",V,A,C#,d,257.875,85.0
2064,A,D,0,C,"(2, 5, 9)",ii,D,F,C,258.0,86.0
2065,A,D,1,C,"(2, 5, 9)",ii,D,F,C,258.125,86.0
2066,A,D,2,C,"(2, 5, 9)",ii,D,F,C,258.25,86.0
2067,A,D,2,C,"(2, 5, 9)",ii,D,F,C,258.375,86.0
2068,A,D,3,C,"(2, 5, 9)",ii,D,F,C,258.5,86.0
2069,A,D,3,C,"(2, 5, 9)",ii,D,F,C,258.625,86.0
2070,A,D,3,C,"(2, 5, 9)",ii,D,F,C,258.75,86.0
2071,A,D,3,C,"(2, 5, 9)",ii,D,F,C,258.875,86.0
2072,A,D,4,C,"(2, 5, 9)",ii,D,F,C,259.0,86.0
2073,A,D,4,C,"(2, 5, 9)",ii,D,F,C,259.125,86.0
2074,A,D,4,C,"(2, 5, 9)",ii,D,F,C,259.25,86.0
2075,A,D,4,C,"(2, 5, 9)",ii,D,F,C,259.375,86.0
2076,A,D,4,C,"(2, 5, 9)",ii,D,F,C,259.5,86.0
2077,A,D,4,C,"(2, 5, 9)",ii,D,F,C,259.625,86.0
2078,A,D,4,C,"(2, 5, 9)",ii,D,F,C,259.75,86.0
2079,A,D,4,C,"(2, 5, 9)",ii,D,F,C,259.875,86.0
2080,A,D,5,C,"(2, 5, 9)",ii,D,F,C,260.0,86.0
2081,A,D,5,C,"(2, 5, 9)",ii,D,F,C,260.125,86.0
2082,A,D,5,C,"(2, 5, 9)",ii,D,F,C,260.25,86.0
2083,A,D,5,C,"(2, 5, 9)",ii,D,F,C,260.375,86.0
2084,A,D,5,C,"(2, 5, 9)",ii,D,F,C,260.5,86.0
2085,A,D,5,C,"(2, 5, 9)",ii,D,F,C,260.625,86.0
2086,A,D,5,C,"(2, 5, 9)",ii,D,F,C,260.75,86.0
2087,A,D,5,C,"(2, 5, 9)",ii,D,F,C,260.875,86.0
2088,F,B,0,C,"(2, 5, 7, 11)",V7,G,D,C,261.0,87.0
2089,F,B,1,C,"(2, 5, 7, 11)",V7,G,D,C,261.125,87.0
2090,F,B,2,C,"(2, 5, 7, 11)",V7,G,D,C,261.25,87.0
2091,F,B,2,C,"(2, 5, 7, 11)",V7,G,D,C,261.375,87.0
2092,F,B,3,C,"(2, 5, 7, 11)",V7,G,D,C,261.5,87.0
2093,F,B,3,C,"(2, 5, 7, 11)",V7,G,D,C,261.625,87.0
2094,F,B,3,C,"(2, 5, 7, 11)",V7,G,D,C,261.75,87.0
2095,F,B,3,C,"(2, 5, 7, 11)",V7,G,D,C,261.875,87.0
2096,F,B,4,C,"(2, 5, 7, 11)",V7,G,D,C,262.0,87.0
2097,F,B,4,C,"(2, 5, 7, 11)",V7,G,D,C,262.125,87.0
2098,F,B,4,C,"(2, 5, 7, 11)",V7,G,D,C,262.25,87.0
2099,F,B,4,C,"(2, 5, 7, 11)",V7,G,D,C,262.375,87.0
2100,F,B,4,C,"(2, 5, 7, 11)",V7,G,D,C,262.5,87.0
2101,F,B,4,C,"(2, 5, 7, 11)",V7,G,D,C,262.625,87.0
2102,F,B,4,C,"(2, 5, 7, 11)",V7,G,D,C,262.75,87.0
2103,F,B,4,C,"(2, 5, 7, 11)",V7,G,D,C,262.875,87.0
2104,F,G,5,C,"(2, 5, 7, 11)",V7,G,D,C,263.0,87.0
2105,F,G,5,C,"(2, 5, 7, 11)",V7,D,D,C,263.125,87.0
2106,F,B,5,C,"(2, 5, 7, 11)",V7,G,D,C,263.25,87.0
2107,F,B,5,C,"(2, 5, 7, 11)",V7,D,D,C,263.375,87.0
2108,F,G,5,C,"(2, 5, 7, 11)",V7,D,D,C,263.5,87.0
2109,F,G,5,C,"(2, 5, 7, 11)",V7,D,D,C,263.625,87.0
2110,F,G,5,C,"(2, 5, 7, 11)",V7,D,D,C,263.75,87.0
2111,B,G,5,C,"(2, 5, 7, 11)",V7,D,D,C,263.875,87.0
2112,F,B,0,C,"(2, 5, 7, 11)",V7,G,D,C,264.0,88.0
2113,F,B,1,C,"(2, 5, 7, 11)",V7,G,D,C,264.125,88.0
2114,F,B,2,C,"(2, 5, 7, 11)",V7,G,D,C,264.25,88.0
2115,F,B,2,C,"(2, 5, 7, 11)",V7,G,D,C,264.375,88.0
2116,F,B,3,C,"(2, 5, 7, 11)",V7,G,D,C,264.5,88.0
2117,F,B,3,C,"(2, 5, 7, 11)",V7,G,D,C,264.625,88.0
2118,F,B,3,C,"(2, 5, 7, 11)",V7,G,D,C,264.75,88.0
2119,F,B,3,C,"(2, 5, 7, 11)",V7,G,D,C,264.875,88.0
2120,F,B,4,C,"(2, 5, 7, 11)",V7,G,D,C,265.0,88.0
2121,F,B,4,C,"(2, 5, 7, 11)",V7,G,D,C,265.125,88.0
2122,F,B,4,C,"(2, 5, 7, 11)",V7,G,D,C,265.25,88.0
2123,F,B,4,C,"(2, 5, 7, 11)",V7,G,D,C,265.375,88.0
2124,F,B,4,C,"(2, 5, 7, 11)",V7,G,D,C,265.5,88.0
2125,F,B,4,C,"(2, 5, 7, 11)",V7,G,D,C,265.625,88.0
2126,F,B,4,C,"(2, 5, 7, 11)",V7,G,D,C,265.75,88.0
2127,F,B,4,C,"(2, 5, 7, 11)",V7,G,D,C,265.875,88.0
2128,F,B,5,C,"(2, 5, 7, 11)",V7,G,D,C,266.0,88.0
2129,F,B,5,C,"(2, 5, 7, 11)",V7,G,D,C,266.125,88.0
2130,F,B,5,C,"(2, 5, 7, 11)",V7,G,D,C,266.25,88.0
2131,F,B,5,C,"(2, 5, 7, 11)",V7,G,D,C,266.375,88.0
2132,F,B,3,C,"(2, 5, 7, 11)",V7,G,D,C,266.5,88.0
2133,F,B,3,C,"(2, 5, 7, 11)",V7,G,D,C,266.625,88.0
2134,F,B,3,C,"(2, 5, 7, 11)",V7,G,D,C,266.75,88.0
2135,F,B,3,C,"(2, 5, 7, 11)",V7,G,D,C,266.875,88.0
2136,G,C,0,C,"(0, 4, 7)",I,C,E,C,267.0,89.0
2137,G,C,1,C,"(0, 4, 7)",I,C,E,C,267.125,89.0
2138,G,C,2,C,"(0, 4, 7)",I,C,E,C,267.25,89.0
2139,G,C,2,C,"(0, 4, 7)",I,C,E,C,267.375,89.0
2140,G,C,3,C,"(0, 4, 7)",I,C,E,C,267.5,89.0
2141,G,C,3,C,"(0, 4, 7)",I,C,E,C,267.625,89.0
2142,G,C,3,C,"(0, 4, 7)",I,C,E,C,267.75,89.0
2143,G,C,3,C,"(0, 4, 7)",I,C,E,C,267.875,89.0
2144,G,B,0,C,"(2, 7, 11)",V,G,D,C,268.0,89.0
2145,G,B,1,C,"(2, 7, 11)",V,G,D,C,268.125,89.0
2146,G,B,2,C,"(2, 7, 11)",V,G,D,C,268.25,89.0
2147,G,B,2,C,"(2, 7, 11)",V,G,D,C,268.375,89.0
2148,G,B,3,C,"(2, 7, 11)",V,G,D,C,268.5,89.0
2149,G,B,3,C,"(2, 7, 11)",V,G,D,C,268.625,89.0
2150,G,B,3,C,"(2, 7, 11)",V,G,D,C,268.75,89.0
2151,G,B,3,C,"(2, 7, 11)",V,G,D,C,268.875,89.0
2152,E,A,0,C,"(0, 4, 7, 9)",V7,G,C,C,269.0,89.0
2153,E,A,1,C,"(0, 4, 7, 9)",V7,G,C,C,269.125,89.0
2154,E,A,2,C,"(0, 4, 7, 9)",V7,G,C,C,269.25,89.0
2155,E,A,2,C,"(0, 4, 7, 9)",V7,G,C,C,269.375,89.0
2156,E,A,3,C,"(0, 4, 7, 9)",V7,G,C,C,269.5,89.0
2157,E,A,3,C,"(0, 4, 7, 9)",V7,G,C,C,269.625,89.0
2158,E,A,3,C,"(0, 4, 7, 9)",V7,G,C,C,269.75,89.0
2159,E,A,3,C,"(0, 4, 7, 9)",V7,G,C,C,269.875,89.0
2160,D,G,0,C,"(2, 7, 11)",V,G,B,C,270.0,90.0
2161,D,G,1,C,"(2, 7, 11)",V,G,B,C,270.125,90.0
2162,D,G,2,C,"(2, 7, 11)",V,G,B,C,270.25,90.0
2163,D,G,2,C,"(2, 7, 11)",V,G,B,C,270.375,90.0
2164,D,G,3,C,"(2, 7, 11)",V,G,B,C,270.5,90.0
2165,D,G,3,C,"(2, 7, 11)",V,G,B,C,270.625,90.0
2166,D,G,3,C,"(2, 7, 11)",V,G,B,C,270.75,90.0
2167,D,G,3,C,"(2, 7, 11)",V,G,B,C,270.875,90.0
2168,D,G,4,C,"(2, 7, 11)",V,G,B,C,271.0,90.0
2169,D,G,4,C,"(2, 7, 11)",V,G,B,C,271.125,90.0
2170,D,G,4,C,"(2, 7, 11)",V,G,B,C,271.25,90.0
2171,D,G,4,C,"(2, 7, 11)",V,G,B,C,271.375,90.0
2172,D,G,4,C,"(2, 7, 11)",V,G,B,C,271.5,90.0
2173,D,G,4,C,"(2, 7, 11)",V,G,B,C,271.625,90.0
2174,D,G,4,C,"(2, 7, 11)",V,G,B,C,271.75,90.0
2175,D,G,4,C,"(2, 7, 11)",V,G,B,C,271.875,90.0
2176,D,G,5,C,"(2, 7, 11)",V,G,B,C,272.0,90.0
2177,D,G,5,C,"(2, 7, 11)",V,G,B,C,272.125,90.0
2178,D,G,5,C,"(2, 7, 11)",V,G,B,C,272.25,90.0
2179,D,G,5,C,"(2, 7, 11)",V,G,B,C,272.375,90.0
2180,D,G,5,C,"(2, 7, 11)",V,G,B,C,272.5,90.0
2181,D,G,5,C,"(2, 7, 11)",V,G,B,C,272.625,90.0
2182,D,G,5,C,"(2, 7, 11)",V,G,B,C,272.75,90.0
2183,D,G,5,C,"(2, 7, 11)",V,G,B,C,272.875,90.0
2184,G,C,0,C,"(0, 4, 7)",I,C,E,C,273.0,91.0
2185,G,C,1,C,"(0, 4, 7)",I,C,E,C,273.125,91.0
2186,G,C,2,C,"(0, 4, 7)",I,C,E,C,273.25,91.0
2187,G,C,2,C,"(0, 4, 7)",I,C,E,C,273.375,91.0
2188,G,C,3,C,"(0, 4, 7)",I,C,E,C,273.5,91.0
2189,G,C,3,C,"(0, 4, 7)",I,C,E,C,273.625,91.0
2190,G,C,3,C,"(0, 4, 7)",I,C,E,C,273.75,91.0
2191,G,C,3,C,"(0, 4, 7)",I,C,E,C,273.875,91.0
2192,G,C,4,C,"(0, 4, 7)",I,C,E,C,274.0,91.0
2193,G,C,4,C,"(0, 4, 7)",I,C,E,C,274.125,91.0
2194,G,C,4,C,"(0, 4, 7)",I,C,E,C,274.25,91.0
2195,G,C,4,C,"(0, 4, 7)",I,C,E,C,274.375,91.0
2196,G,C,4,C,"(0, 4, 7)",I,C,E,C,274.5,91.0
2197,G,C,4,C,"(0, 4, 7)",I,C,E,C,274.625,91.0
2198,G,C,4,C,"(0, 4, 7)",I,C,E,C,274.75,91.0
2199,G,C,4,C,"(0, 4, 7)",I,C,E,C,274.875,91.0
2200,G,C,5,C,"(0, 4, 7)",I,C,E,C,275.0,91.0
2201,G,C,5,C,"(0, 4, 7)",I,C,E,C,275.125,91.0
2202,G,C,5,C,"(0, 4, 7)",I,C,E,C,275.25,91.0
2203,G,C,5,C,"(0, 4, 7)",I,C,E,C,275.375,91.0
2204,G,C,5,C,"(0, 4, 7)",I,C,E,C,275.5,91.0
2205,G,C,5,C,"(0, 4, 7)",I,C,E,C,275.625,91.0
2206,G,C,5,C,"(0, 4, 7)",I,C,E,C,275.75,91.0
2207,G,C,5,C,"(0, 4, 7)",I,C,E,C,275.875,91.0
2208,G,C,0,C,"(0, 4, 7)",I,C,E,C,276.0,92.0
2209,G,C,1,C,"(0, 4, 7)",I,C,E,C,276.125,92.0
2210,G,C,2,C,"(0, 4, 7)",I,C,E,C,276.25,92.0
2211,G,C,2,C,"(0, 4, 7)",I,C,E,C,276.375,92.0
2212,G,C,3,C,"(0, 4, 7)",I,C,E,C,276.5,92.0
2213,G,C,3,C,"(0, 4, 7)",I,C,E,C,276.625,92.0
2214,G,C,3,C,"(0, 4, 7)",I,C,E,C,276.75,92.0
2215,G,C,3,C,"(0, 4, 7)",I,C,E,C,276.875,92.0
2216,G,C,4,C,"(0, 4, 7)",IV,C,E,C,277.0,92.0
2217,G,C,4,C,"(0, 4, 7)",IV,C,E,C,277.125,92.0
2218,G,C,4,C,"(0, 4, 7)",IV,C,E,C,277.25,92.0
2219,G,C,4,C,"(0, 4, 7)",IV,C,E,C,277.375,92.0
2220,G,C,4,C,"(0, 4, 7)",IV,C,E,C,277.5,92.0
2221,G,C,4,C,"(0, 4, 7)",IV,C,E,C,277.625,92.0
2222,G,C,4,C,"(0, 4, 7)",IV,C,E,C,277.75,92.0
2223,G,C,4,C,"(0, 4, 7)",IV,C,E,C,277.875,92.0
2224,G,C,5,C,"(0, 4, 7)",I,C,E,C,278.0,92.0
2225,G,C,5,C,"(0, 4, 7)",I,C,E,C,278.125,92.0
2226,G,C,5,C,"(0, 4, 7)",I,C,E,C,278.25,92.0
2227,G,C,5,C,"(0, 4, 7)",I,C,E,C,278.375,92.0
2228,G,C,5,C,"(0, 4, 7)",I,C,E,C,278.5,92.0
2229,G,C,5,C,"(0, 4, 7)",I,C,E,C,278.625,92.0
2230,G,C,5,C,"(0, 4, 7)",I,C,E,C,278.75,92.0
2231,G,C,5,C,"(0, 4, 7)",I,C,E,C,278.875,92.0
2232,G,C,0,C,"(0, 4, 7)",I,C,E,C,279.0,93.0
2233,G,C,1,C,"(0, 4, 7)",I,C,E,C,279.125,93.0
2234,G,C,2,C,"(0, 4, 7)",I,C,E,C,279.25,93.0
2235,G,C,2,C,"(0, 4, 7)",I,C,E,C,279.375,93.0
2236,G,C,3,C,"(0, 4, 7)",I,C,E,C,279.5,93.0
2237,G,C,3,C,"(0, 4, 7)",I,C,E,C,279.625,93.0
2238,G,C,3,C,"(0, 4, 7)",I,C,E,C,279.75,93.0
2239,G,C,3,C,"(0, 4, 7)",I,C,E,C,279.875,93.0
2240,G,C,4,C,"(0, 4, 7)",I,C,E,C,280.0,93.0
2241,G,C,4,C,"(0, 4, 7)",I,C,E,C,280.125,93.0
2242,G,C,4,C,"(0, 4, 7)",I,C,E,C,280.25,93.0
2243,G,C,4,C,"(0, 4, 7)",I,C,E,C,280.375,93.0
2244,G,C,4,C,"(0, 4, 7)",I,C,E,C,280.5,93.0
2245,G,C,4,C,"(0, 4, 7)",I,C,E,C,280.625,93.0
2246,G,C,4,C,"(0, 4, 7)",I,C,E,C,280.75,93.0
2247,G,C,4,C,"(0, 4, 7)",I,C,E,C,280.875,93.0
2248,G,C,5,C,"(0, 4, 7)",IV,C,E,C,281.0,93.0
2249,G,C,5,C,"(0, 4, 7)",IV,C,E,C,281.125,93.0
2250,G,C,5,C,"(0, 4, 7)",I,C,E,C,281.25,93.0
2251,G,C,5,C,"(0, 4, 7)",IV,C,E,C,281.375,93.0
2252,G,C,5,C,"(0, 4, 7)",IV,C,E,C,281.5,93.0
2253,G,C,5,C,"(0, 4, 7)",IV,C,E,C,281.625,93.0
2254,G,C,5,C,"(0, 4, 7)",IV,C,E,C,281.75,93.0
2255,G,C,5,C,"(0, 4, 7)",IV,C,E,C,281.875,93.0
2256,G,C,0,C,"(0, 4, 7)",I,C,E,C,282.0,94.0
2257,G,C,1,C,"(0, 4, 7)",I,C,E,C,282.125,94.0
2258,G,C,2,C,"(0, 4, 7)",I,C,E,C,282.25,94.0
2259,G,C,2,C,"(0, 4, 7)",I,C,E,C,282.375,94.0
2260,G,C,3,C,"(0, 4, 7)",I,C,E,C,282.5,94.0
2261,G,C,3,C,"(0, 4, 7)",I,C,E,C,282.625,94.0
2262,G,C,3,C,"(0, 4, 7)",I,C,E,C,282.75,94.0
2263,G,C,3,C,"(0, 4, 7)",I,C,E,C,282.875,94.0
2264,G,C,4,C,"(0, 4, 7)",I,C,E,C,283.0,94.0
2265,G,C,4,C,"(0, 4, 7)",I,C,E,C,283.125,94.0
2266,G,C,4,C,"(0, 4, 7)",I,C,E,C,283.25,94.0
2267,G,C,4,C,"(0, 4, 7)",I,C,E,C,283.375,94.0
2268,G,C,4,C,"(0, 4, 7)",I,C,E,C,283.5,94.0
2269,G,C,4,C,"(0, 4, 7)",I,C,E,C,283.625,94.0
2270,G,C,4,C,"(0, 4, 7)",I,C,E,C,283.75,94.0
2271,G,C,4,C,"(0, 4, 7)",I,C,E,C,283.875,94.0
2272,G,C,5,C,"(0, 4, 7)",I,C,E,C,284.0,94.0
2273,G,C,5,C,"(0, 4, 7)",I,C,E,C,284.125,94.0
2274,G,C,5,C,"(0, 4, 7)",I,C,E,C,284.25,94.0
2275,G,C,5,C,"(0, 4, 7)",I,C,E,C,284.375,94.0
2276,G,C,5,C,"(0, 4, 7)",I,C,E,C,284.5,94.0
2277,G,C,5,C,"(0, 4, 7)",I,C,E,C,284.625,94.0
2278,G,C,5,C,"(0, 4, 7)",I,C,E,C,284.75,94.0
2279,G,C,5,C,"(0, 4, 7)",I,C,E,C,284.875,94.0
2280,G,B,0,C,"(2, 7, 11)",V7,G,D,C,285.0,95.0
2281,G,B,1,C,"(2, 7, 11)",V,G,D,C,285.125,95.0
2282,G,B,2,C,"(2, 7, 11)",V,G,D,C,285.25,95.0
2283,G,B,2,C,"(2, 7, 11)",V,G,D,C,285.375,95.0
2284,G,B,3,C,"(2, 7, 11)",V,G,D,C,285.5,95.0
2285,G,B,3,C,"(2, 7, 11)",V,G,D,C,285.625,95.0
2286,G,B,3,C,"(2, 7, 11)",V,G,D,C,285.75,95.0
2287,G,B,3,C,"(2, 7, 11)",V,G,D,C,285.875,95.0
2288,G,B,4,C,"(2, 7, 11)",V,G,D,C,286.0,95.0
2289,G,B,4,C,"(2, 7, 11)",V,G,D,C,286.125,95.0
2290,G,B,4,C,"(2, 7, 11)",V,G,D,C,286.25,95.0
2291,G,B,4,C,"(2, 7, 11)",V,G,D,C,286.375,95.0
2292,G,B,4,C,"(2, 7, 11)",V,G,D,C,286.5,95.0
2293,G,B,4,C,"(2, 7, 11)",V,G,D,C,286.625,95.0
2294,G,B,4,C,"(2, 7, 11)",V,G,D,C,286.75,95.0
2295,G,B,4,C,"(2, 7, 11)",V,G,D,C,286.875,95.0
2296,G,C,5,C,"(0, 4, 7)",I,C,E,C,287.0,95.0
2297,G,C,5,C,"(0, 4, 7)",I,C,E,C,287.125,95.0
2298,G,C,5,C,"(0, 4, 7)",I,C,E,C,287.25,95.0
2299,G,C,2,C,"(0, 4, 7)",I,C,E,C,287.375,95.0
2300,G,C,3,C,"(0, 4, 7)",I,C,E,C,287.5,95.0
2301,G,C,3,C,"(0, 4, 7)",I,C,E,C,287.625,95.0
2302,G,C,3,C,"(0, 4, 7)",I,C,E,C,287.75,95.0
2303,G,C,3,C,"(0, 4, 7)",I,C,E,C,287.875,95.0
2304,F,A,0,C,"(0, 5, 9)",IV,F,C,C,288.0,96.0
2305,F,A,1,C,"(0, 5, 9)",IV,F,C,C,288.125,96.0
2306,F,A,2,C,"(0, 5, 9)",IV,F,C,C,288.25,96.0
2307,F,A,2,C,"(0, 5, 9)",IV,F,C,C,288.375,96.0
2308,F,A,3,C,"(0, 5, 9)",IV,F,C,C,288.5,96.0
2309,F,A,3,C,"(0, 5, 9)",IV,F,C,C,288.625,96.0
2310,F,A,3,C,"(0, 5, 9)",IV,F,C,C,288.75,96.0
2311,F,A,3,C,"(0, 5, 9)",IV,F,C,C,288.875,96.0
2312,F,A,4,C,"(0, 5, 9)",IV,F,C,C,289.0,96.0
2313,F,A,4,C,"(0, 5, 9)",IV,F,C,C,289.125,96.0
2314,F,A,4,C,"(0, 5, 9)",IV,F,C,C,289.25,96.0
2315,F,A,4,C,"(0, 5, 9)",IV,F,C,C,289.375,96.0
2316,F,A,4,C,"(0, 5, 9)",IV,F,C,C,289.5,96.0
2317,F,A,4,C,"(0, 5, 9)",IV,F,C,C,289.625,96.0
2318,F,A,4,C,"(0, 5, 9)",IV,F,C,C,289.75,96.0
2319,F,A,4,C,"(0, 5, 9)",IV,F,C,C,289.875,96.0
2320,C,E,0,C,"(0, 4, 7)",I,C,G,C,290.0,96.0
2321,C,E,1,C,"(0, 4, 7)",I,C,G,C,290.125,96.0
2322,C,E,2,C,"(0, 4, 7)",I,C,G,C,290.25,96.0
2323,C,E,2,C,"(0, 4, 7)",I,C,G,C,290.375,96.0
2324,C,E,3,C,"(0, 4, 7)",I,C,G,C,290.5,96.0
2325,C,E,3,C,"(0, 4, 7)",I,C,G,C,290.625,96.0
2326,C,E,3,C,"(0, 4, 7)",I,C,G,C,290.75,96.0
2327,C,E,3,C,"(0, 4, 7)",I,C,G,C,290.875,96.0
2328,C,F,0,C,"(0, 5, 9)",IV,F,A,C,291.0,97.0
2329,C,F,1,C,"(0, 5, 9)",IV,F,A,C,291.125,97.0
2330,C,F,2,C,"(0, 5, 9)",IV,F,A,C,291.25,97.0
2331,C,F,2,C,"(0, 5, 9)",IV,F,A,C,291.375,97.0
2332,C,F,3,C,"(0, 5, 9)",IV,F,A,C,291.5,97.0
2333,C,F,3,C,"(0, 5, 9)",IV,F,A,C,291.625,97.0
2334,C,F,3,C,"(0, 5, 9)",IV,F,A,C,291.75,97.0
2335,C,F,3,C,"(0, 5, 9)",IV,F,A,C,291.875,97.0
2336,C,F,4,C,"(0, 5, 9)",IV,F,A,C,292.0,97.0
2337,C,F,4,C,"(0, 5, 9)",IV,F,A,C,292.125,97.0
2338,C,F,4,C,"(0, 5, 9)",IV,F,A,C,292.25,97.0
2339,C,F,4,C,"(0, 5, 9)",IV,F,A,C,292.375,97.0
2340,C,F,4,C,"(0, 5, 9)",IV,F,A,C,292.5,97.0
2341,C,F,4,C,"(0, 5, 9)",IV,F,A,C,292.625,97.0
2342,C,F,4,C,"(0, 5, 9)",IV,F,A,C,292.75,97.0
2343,C,F,4,C,"(0, 5, 9)",IV,F,A,C,292.875,97.0
2344,D,G,0,C,"(2, 5, 7, 11)",V7,F,B,C,293.0,97.0
2345,D,G,1,C,"(2, 5, 7, 11)",V7,F,B,C,293.125,97.0
2346,D,G,2,C,"(2, 5, 7, 11)",V7,F,B,C,293.25,97.0
2347,D,G,2,C,"(2, 5, 7, 11)",V7,F,B,C,293.375,97.0
2348,D,G,3,C,"(2, 5, 7, 11)",V7,F,B,C,293.5,97.0
2349,D,G,3,C,"(2, 5, 7, 11)",V7,F,B,C,293.625,97.0
2350,D,G,3,C,"(2, 5, 7, 11)",V7,F,B,C,293.75,97.0
2351,D,G,3,C,"(2, 5, 7, 11)",V7,F,B,C,293.875,97.0
2352,G,C,0,C,"(0, 4, 7)",I,C,E,C,294.0,98.0
2353,G,C,1,C,"(0, 4, 7)",I,C,E,C,294.125,98.0
2354,G,C,2,C,"(0, 4, 7)",I,C,E,C,294.25,98.0
2355,G,C,2,C,"(0, 4, 7)",I,C,E,C,294.375,98.0
2356,G,C,3,C,"(0, 4, 7)",I,C,E,C,294.5,98.0
2357,G,C,3,C,"(0, 4, 7)",I,C,E,C,294.625,98.0
2358,G,C,3,C,"(0, 4, 7)",I,C,E,C,294.75,98.0
2359,G,C,3,C,"(0, 4, 7)",I,C,E,C,294.875,98.0
2360,G,C,4,C,"(0, 4, 7)",I,C,E,C,295.0,98.0
2361,G,C,4,C,"(0, 4, 7)",I,C,E,C,295.125,98.0
2362,G,C,4,C,"(0, 4, 7)",I,C,E,C,295.25,98.0
2363,G,C,4,C,"(0, 4, 7)",I,C,E,C,295.375,98.0
2364,G,C,4,C,"(0, 4, 7)",I,C,E,C,295.5,98.0
2365,G,C,4,C,"(0, 4, 7)",I,C,E,C,295.625,98.0
2366,G,C,4,C,"(0, 4, 7)",I,C,E,C,295.75,98.0
2367,G,C,4,C,"(0, 4, 7)",I,C,E,C,295.875,98.0
2368,G,C,5,C,"(0, 4, 7)",I,C,E,C,296.0,98.0
2369,G,C,5,C,"(0, 4, 7)",I,C,E,C,296.125,98.0
2370,G,C,5,C,"(0, 4, 7)",I,C,E,C,296.25,98.0
2371,G,C,5,C,"(0, 4, 7)",I,C,E,C,296.375,98.0
2372,G,C,5,C,"(0, 4, 7)",I,C,E,C,296.5,98.0
2373,G,C,5,C,"(0, 4, 7)",I,C,E,C,296.625,98.0
2374,G,C,5,C,"(0, 4, 7)",I,C,E,C,296.75,98.0
2375,G,C,5,C,"(0, 4, 7)",I,C,E,C,296.875,98.0
2376,G,C,0,C,"(0, 4, 7)",I,C,E,C,297.0,99.0
2377,G,C,1,C,"(0, 4, 7)",I,C,E,C,297.125,99.0
2378,G,C,2,C,"(0, 4, 7)",I,C,E,C,297.25,99.0
2379,G,C,2,C,"(0, 4, 7)",I,C,E,C,297.375,99.0
2380,G,C,3,C,"(0, 4, 7)",I,C,E,C,297.5,99.0
2381,G,C,3,C,"(0, 4, 7)",I,C,E,C,297.625,99.0
2382,G,C,3,C,"(0, 4, 7)",I,C,E,C,297.75,99.0
2383,G,C,3,C,"(0, 4, 7)",I,C,E,C,297.875,99.0
2384,G,C,4,C,"(0, 4, 7)",I,C,E,C,298.0,99.0
2385,G,C,4,C,"(0, 4, 7)",I,C,E,C,298.125,99.0
2386,G,C,4,C,"(0, 4, 7)",I,C,E,C,298.25,99.0
2387,G,C,4,C,"(0, 4, 7)",I,C,E,C,298.375,99.0
2388,G,C,4,C,"(0, 4, 7)",I,C,E,C,298.5,99.0
2389,G,C,4,C,"(0, 4, 7)",I,C,E,C,298.625,99.0
2390,G,C,4,C,"(0, 4, 7)",I,C,E,C,298.75,99.0
2391,G,C,4,C,"(0, 4, 7)",I,C,E,C,298.875,99.0
2392,G,C,5,C,"(0, 4, 7)",I,C,E,C,299.0,99.0
2393,G,C,5,C,"(0, 4, 7)",I,C,E,C,299.125,99.0
2394,G,C,5,C,"(0, 4, 7)",I,C,E,C,299.25,99.0
2395,G,C,5,C,"(0, 4, 7)",I,C,E,C,299.375,99.0
2396,G,C,5,C,"(0, 4, 7)",I,C,E,C,299.5,99.0
2397,G,C,5,C,"(0, 4, 7)",I,C,E,C,299.625,99.0
2398,G,C,5,C,"(0, 4, 7)",I,C,E,C,299.75,99.0
2399,G,C,5,C,"(0, 4, 7)",I,C,E,C,299.875,99.0
2400,G,C,0,C,"(0, 4, 7)",I,C,E,C,300.0,100.0
2401,G,C,1,C,"(0, 4, 7)",I,C,E,C,300.125,100.0
2402,G,C,2,C,"(0, 4, 7)",I,C,E,C,300.25,100.0
2403,G,C,2,C,"(0, 4, 7)",I,C,E,C,300.375,100.0
2404,G,C,3,C,"(0, 4, 7)",I,C,E,C,300.5,100.0
2405,G,C,3,C,"(0, 4, 7)",I,C,E,C,300.625,100.0
2406,G,C,3,C,"(0, 4, 7)",I,C,E,C,300.75,100.0
2407,G,C,3,C,"(0, 4, 7)",I,C,E,C,300.875,100.0
2408,G,C,4,C,"(0, 4, 7)",I,C,E,C,301.0,100.0
2409,G,C,4,C,"(0, 4, 7)",I,C,E,C,301.125,100.0
2410,G,C,4,C,"(0, 4, 7)",I,C,E,C,301.25,100.0
2411,G,C,4,C,"(0, 4, 7)",I,C,E,C,301.375,100.0
2412,G,C,4,C,"(0, 4, 7)",I,C,E,C,301.5,100.0
2413,G,C,4,C,"(0, 4, 7)",I,C,E,C,301.625,100.0
2414,G,C,4,C,"(0, 4, 7)",I,C,E,C,301.75,100.0
2415,G,C,4,C,"(0, 4, 7)",I,C,E,C,301.875,100.0
2416,G,C,5,C,"(0, 4, 7)",I,C,E,C,302.0,100.0
2417,G,C,5,C,"(0, 4, 7)",I,C,E,C,302.125,100.0
2418,G,C,5,C,"(0, 4, 7)",I,C,E,C,302.25,100.0
2419,G,C,5,C,"(0, 4, 7)",I,C,E,C,302.375,100.0
2420,G,C,5,C,"(0, 4, 7)",I,C,E,C,302.5,100.0
2421,G,C,5,C,"(0, 4, 7)",I,C,E,C,302.625,100.0
2422,G,C,5,C,"(0, 4, 7)",I,C,E,C,302.75,100.0
2423,G,C,5,C,"(0, 4, 7)",I,C,E,C,302.875,100.0
2424,G,C,0,C,"(0, 5, 9)",IV,F,C,C,303.0,101.0
2425,G,C,1,C,"(0, 5, 9)",IV,F,C,C,303.125,101.0
2426,G,C,2,C,"(0, 5, 9)",IV,F,C,C,303.25,101.0
2427,G,C,2,C,"(0, 5, 9)",IV,F,E,C,303.375,101.0
2428,G,C,3,C,"(0, 5, 9)",IV,F,E,C,303.5,101.0
2429,G,C,3,C,"(0, 5, 9)",IV,F,E,C,303.625,101.0
2430,G,C,3,C,"(0, 5, 9)",IV,F,E,C,303.75,101.0
2431,G,C,3,C,"(0, 5, 9)",IV,F,E,C,303.875,101.0
2432,G,C,4,C,"(0, 5, 9)",IV,F,E,C,304.0,101.0
2433,G,C,4,C,"(0, 5, 9)",IV,F,E,C,304.125,101.0
2434,G,C,4,C,"(0, 5, 9)",IV,F,E,C,304.25,101.0
2435,G,C,4,C,"(0, 5, 9)",IV,F,E,C,304.375,101.0
2436,G,C,4,C,"(0, 5, 9)",IV,F,E,C,304.5,101.0
2437,G,C,4,C,"(0, 5, 9)",IV,F,E,C,304.625,101.0
2438,G,C,4,C,"(0, 5, 9)",IV,F,E,C,304.75,101.0
2439,G,C,4,C,"(0, 5, 9)",IV,F,E,C,304.875,101.0
2440,G,C,0,C,"(0, 4, 7)",I,C,E,C,305.0,101.0
2441,G,C,1,C,"(0, 4, 7)",I,C,E,C,305.125,101.0
2442,G,C,5,C,"(0, 4, 7)",I,C,E,C,305.25,101.0
2443,G,C,5,C,"(0, 4, 7)",I,C,E,C,305.375,101.0
2444,G,C,3,C,"(0, 4, 7)",I,C,E,C,305.5,101.0
2445,G,C,3,C,"(0, 4, 7)",I,C,E,C,305.625,101.0
2446,G,C,3,C,"(0, 4, 7)",I,C,E,C,305.75,101.0
2447,G,C,3,C,"(0, 4, 7)",I,C,E,C,305.875,101.0
2448,G,C,0,C,"(0, 4, 7)",I,C,E,C,306.0,102.0
2449,G,C,1,C,"(0, 4, 7)",I,C,E,C,306.125,102.0
2450,G,C,2,C,"(0, 4, 7)",I,C,E,C,306.25,102.0
2451,G,C,2,C,"(0, 4, 7)",I,C,E,C,306.375,102.0
2452,G,C,3,C,"(0, 4, 7)",I,C,E,C,306.5,102.0
2453,G,C,3,C,"(0, 4, 7)",I,C,E,C,306.625,102.0
2454,G,C,3,C,"(0, 4, 7)",I,C,E,C,306.75,102.0
2455,G,C,3,C,"(0, 4, 7)",I,C,E,C,306.875,102.0
2456,G,C,4,C,"(0, 4, 7)",I,C,E,C,307.0,102.0
2457,G,C,4,C,"(0, 4, 7)",I,C,E,C,307.125,102.0
2458,G,C,4,C,"(0, 4, 7)",I,C,E,C,307.25,102.0
2459,G,C,4,C,"(0, 4, 7)",I,C,E,C,307.375,102.0
2460,G,C,4,C,"(0, 4, 7)",I,C,E,C,307.5,102.0
2461,G,C,4,C,"(0, 4, 7)",I,C,E,C,307.625,102.0
2462,G,C,4,C,"(0, 4, 7)",I,C,E,C,307.75,102.0
2463,G,C,4,C,"(0, 4, 7)",I,C,E,C,307.875,102.0
2464,G,C,5,C,"(2, 5, 7, 11)",IV,C,E,C,308.0,102.0
2465,G,C,1,C,"(2, 5, 7, 11)",IV,C,F,C,308.125,102.0
2466,G,C,5,C,"(2, 5, 7, 11)",IV,C,F,C,308.25,102.0
2467,G,C,5,C,"(2, 5, 7, 11)",IV,C,F,C,308.375,102.0
2468,G,C,3,C,"(2, 5, 7, 11)",IV,C,F,C,308.5,102.0
2469,G,C,3,C,"(2, 5, 7, 11)",IV,C,E,C,308.625,102.0
2470,G,C,3,C,"(2, 5, 7, 11)",IV,C,F,C,308.75,102.0
2471,G,C,3,C,"(2, 5, 7, 11)",IV,C,F,C,308.875,102.0
2472,G,C,0,C,"(0, 4, 7)",I,C,E,C,309.0,103.0
2473,G,C,1,C,"(0, 4, 7)",I,C,E,C,309.125,103.0
2474,G,C,2,C,"(0, 4, 7)",I,C,E,C,309.25,103.0
2475,G,C,2,C,"(0, 4, 7)",I,C,E,C,309.375,103.0
2476,G,C,3,C,"(0, 4, 7)",I,C,E,C,309.5,103.0
2477,G,C,3,C,"(0, 4, 7)",I,C,E,C,309.625,103.0
2478,G,C,3,C,"(0, 4, 7)",I,C,E,C,309.75,103.0
2479,G,C,3,C,"(0, 4, 7)",I,C,E,C,309.875,103.0
2480,G,C,4,C,"(0, 4, 7)",I,C,E,C,310.0,103.0
2481,G,C,4,C,"(0, 4, 7)",I,C,E,C,310.125,103.0
2482,G,C,4,C,"(0, 4, 7)",I,C,E,C,310.25,103.0
2483,G,C,4,C,"(0, 4, 7)",I,C,E,C,310.375,103.0
2484,G,C,4,C,"(0, 4, 7)",I,C,E,C,310.5,103.0
2485,G,C,4,C,"(0, 4, 7)",I,C,E,C,310.625,103.0
2486,G,C,4,C,"(0, 4, 7)",I,C,E,C,310.75,103.0
2487,G,C,4,C,"(0, 4, 7)",I,C,E,C,310.875,103.0
2488,C,E,0,C,"(0, 4, 7)",I,C,G,C,311.0,103.0
2489,C,E,1,C,"(0, 4, 7)",I,C,G,C,311.125,103.0
2490,C,E,2,C,"(0, 4, 7)",I,C,G,C,311.25,103.0
2491,C,E,2,C,"(0, 4, 7)",I,C,G,C,311.375,103.0
2492,C,E,3,C,"(0, 4, 7)",I,C,G,C,311.5,103.0
2493,C,E,3,C,"(0, 4, 7)",I,C,G,C,311.625,103.0
2494,C,E,3,C,"(0, 4, 7)",I,C,G,C,311.75,103.0
2495,C,E,3,C,"(0, 4, 7)",I,C,G,C,311.875,103.0
2496,C,F,0,C,"(2, 5, 9)",ii,D,A,C,312.0,104.0
2497,C,F,1,C,"(2, 5, 9)",ii,D,A,C,312.125,104.0
2498,C,F,2,C,"(2, 5, 9)",ii,D,A,C,312.25,104.0
2499,C,F,2,C,"(2, 5, 9)",ii,D,A,C,312.375,104.0
2500,C,F,3,C,"(2, 5, 9)",ii,D,A,C,312.5,104.0
2501,C,F,3,C,"(2, 5, 9)",ii,D,A,C,312.625,104.0
2502,C,F,3,C,"(2, 5, 9)",ii,D,A,C,312.75,104.0
2503,C,F,3,C,"(2, 5, 9)",ii,D,A,C,312.875,104.0
2504,C,F,4,C,"(2, 5, 9)",ii,D,A,C,313.0,104.0
2505,C,F,4,C,"(2, 5, 9)",ii,D,A,C,313.125,104.0
2506,C,F,4,C,"(2, 5, 9)",ii,D,A,C,313.25,104.0
2507,C,F,4,C,"(2, 5, 9)",ii,D,A,C,313.375,104.0
2508,C,F,4,C,"(2, 5, 9)",ii,D,A,C,313.5,104.0
2509,C,F,4,C,"(2, 5, 9)",ii,D,A,C,313.625,104.0
2510,C,F,4,C,"(2, 5, 9)",ii,D,A,C,313.75,104.0
2511,C,F,4,C,"(2, 5, 9)",ii,D,A,C,313.875,104.0
2512,C,E,0,C,"(0, 4, 7)",I,D,G,C,314.0,104.0
2513,C,E,1,C,"(0, 4, 7)",vi,D,G,C,314.125,104.0
2514,C,E,2,C,"(0, 4, 7)",vi,D,G,C,314.25,104.0
2515,C,E,2,C,"(0, 4, 7)",vi,D,G,C,314.375,104.0
2516,C,E,3,C,"(0, 4, 7)",vi,D,G,C,314.5,104.0
2517,C,E,3,C,"(0, 4, 7)",I,D,G,C,314.625,104.0
2518,C,E,3,C,"(0, 4, 7)",I,D,G,C,314.75,104.0
2519,C,E,3,C,"(0, 4, 7)",I,D,G,C,314.875,104.0
2520,A,D,0,C,"(2, 5, 9)",ii,D,F,C,315.0,105.0
2521,A,D,1,C,"(2, 5, 9)",ii,D,F,C,315.125,105.0
2522,A,D,2,C,"(2, 5, 9)",ii,D,F,C,315.25,105.0
2523,A,D,2,C,"(2, 5, 9)",ii,D,F,C,315.375,105.0
2524,A,D,3,C,"(2, 5, 9)",ii,D,F,C,315.5,105.0
2525,A,D,3,C,"(2, 5, 9)",ii,D,F,C,315.625,105.0
2526,A,D,3,C,"(2, 5, 9)",ii,D,F,C,315.75,105.0
2527,A,D,3,C,"(2, 5, 9)",ii,D,F,C,315.875,105.0
2528,A,D,4,C,"(2, 5, 9)",ii,D,F,C,316.0,105.0
2529,A,D,4,C,"(2, 5, 9)",ii,D,F,C,316.125,105.0
2530,A,D,4,C,"(2, 5, 9)",ii,D,F,C,316.25,105.0
2531,A,D,4,C,"(2, 5, 9)",ii,D,F,C,316.375,105.0
2532,A,D,4,C,"(2, 6, 9)",V7,D,F#,G,316.5,105.0
2533,A,D,4,C,"(2, 6, 9)",V7,D,F#,G,316.625,105.0
2534,A,D,4,C,"(2, 6, 9)",V7,D,F#,G,316.75,105.0
2535,A,D,4,C,"(2, 6, 9)",V7,D,F#,G,316.875,105.0
2536,A,D,0,C,"(0, 2, 6, 9)",V7,D,F#,G,317.0,105.0
2537,A,D,1,C,"(0, 2, 6, 9)",V7,D,F#,G,317.125,105.0
2538,A,D,2,C,"(0, 2, 6, 9)",V7,D,F#,G,317.25,105.0
2539,A,D,2,C,"(0, 2, 6, 9)",V7,D,F#,G,317.375,105.0
2540,A,D,3,C,"(0, 2, 6, 9)",V7,D,F#,G,317.5,105.0
2541,A,D,3,C,"(0, 2, 6, 9)",V7,D,F#,G,317.625,105.0
2542,A,D,3,C,"(0, 2, 6, 9)",V7,D,F#,G,317.75,105.0
2543,A,D,3,C,"(0, 2, 6, 9)",V7,D,F#,G,317.875,105.0
2544,D,G,0,C,"(2, 7, 11)",V,G,B,C,318.0,106.0
2545,D,G,1,C,"(2, 7, 11)",V,G,B,C,318.125,106.0
2546,D,G,2,C,"(2, 7, 11)",V,G,B,C,318.25,106.0
2547,D,G,2,C,"(2, 7, 11)",V,G,B,C,318.375,106.0
2548,D,G,3,C,"(2, 7, 11)",V,G,B,C,318.5,106.0
2549,D,G,3,C,"(2, 7, 11)",V,G,B,C,318.625,106.0
2550,D,G,3,C,"(2, 7, 11)",V,G,B,C,318.75,106.0
2551,D,G,3,C,"(2, 7, 11)",V,G,B,C,318.875,106.0
2552,D,G,4,C,"(2, 7, 11)",V,G,B,C,319.0,106.0
2553,D,G,4,C,"(2, 7, 11)",V,G,B,C,319.125,106.0
2554,D,G,4,C,"(2, 7, 11)",V,G,B,C,319.25,106.0
2555,D,G,4,C,"(2, 7, 11)",V,G,B,C,319.375,106.0
2556,D,G,4,C,"(2, 7, 11)",I,G,B,C,319.5,106.0
2557,D,G,4,C,"(2, 7, 11)",I,G,B,C,319.625,106.0
2558,D,G,4,C,"(2, 7, 11)",I,G,B,C,319.75,106.0
2559,D,G,4,C,"(2, 7, 11)",I,G,B,C,319.875,106.0
2560,A,D,5,G,"(0, 2, 6, 9)",V7,D,F#,G,320.0,106.0
2561,A,D,5,G,"(0, 2, 6, 9)",V7,D,F#,G,320.125,106.0
2562,A,D,5,G,"(0, 2, 6, 9)",V7,D,F#,G,320.25,106.0
2563,A,D,5,G,"(0, 2, 6, 9)",V7,D,F#,G,320.375,106.0
2564,A,D,5,G,"(0, 2, 6, 9)",V7,D,F#,G,320.5,106.0
2565,A,D,5,G,"(0, 2, 6, 9)",V7,D,F#,G,320.625,106.0
2566,A,D,5,G,"(0, 2, 6, 9)",V7,D,F#,G,320.75,106.0
2567,A,D,5,G,"(0, 2, 6, 9)",V7,D,F#,G,320.875,106.0
2568,D,G,0,G,"(2, 7, 11)",I,G,B,G,321.0,107.0
2569,D,G,1,G,"(2, 7, 11)",I,G,B,G,321.125,107.0
2570,D,G,2,G,"(2, 7, 11)",I,G,B,G,321.25,107.0
2571,D,G,2,G,"(2, 7, 11)",I,G,B,G,321.375,107.0
2572,D,G,3,G,"(2, 7, 11)",I,G,B,G,321.5,107.0
2573,D,G,3,G,"(2, 7, 11)",I,G,B,G,321.625,107.0
2574,D,G,3,G,"(2, 7, 11)",I,G,B,G,321.75,107.0
2575,D,G,3,G,"(2, 7, 11)",I,G,B,G,321.875,107.0
2576,D,G,4,G,"(2, 7, 11)",I,G,B,G,322.0,107.0
2577,D,G,4,G,"(2, 7, 11)",I,G,B,G,322.125,107.0
2578,D,G,4,G,"(2, 7, 11)",I,G,B,G,322.25,107.0
2579,D,G,4,G,"(2, 7, 11)",I,G,B,G,322.375,107.0
2580,D,G,4,G,"(2, 7, 11)",I,G,B,G,322.5,107.0
2581,D,G,4,G,"(2, 7, 11)",I,G,B,G,322.625,107.0
2582,D,G,4,G,"(2, 7, 11)",I,G,B,G,322.75,107.0
2583,D,G,4,G,"(2, 7, 11)",I,G,B,G,322.875,107.0
2584,D,G,5,G,"(2, 7, 11)",I,G,B,G,323.0,107.0
2585,D,G,5,G,"(2, 7, 11)",I,G,B,G,323.125,107.0
2586,D,G,5,G,"(2, 7, 11)",I,G,B,G,323.25,107.0
2587,D,G,5,G,"(2, 7, 11)",I,G,B,G,323.375,107.0
2588,D,G,5,G,"(2, 7, 11)",I,G,B,G,323.5,107.0
2589,D,G,5,G,"(2, 7, 11)",I,G,B,G,323.625,107.0
2590,D,G,5,G,"(2, 7, 11)",I,G,B,G,323.75,107.0
2591,D,G,5,G,"(2, 7, 11)",I,G,B,G,323.875,107.0
2592,D,G,0,G,"(2, 7, 11)",I,G,B,G,324.0,108.0
2593,D,G,1,G,"(2, 7, 11)",I,G,B,G,324.125,108.0
2594,D,G,2,G,"(2, 7, 11)",I,G,B,G,324.25,108.0
2595,D,G,2,G,"(2, 7, 11)",I,G,B,G,324.375,108.0
2596,D,G,3,G,"(2, 7, 11)",I,G,B,G,324.5,108.0
2597,D,G,3,G,"(2, 7, 11)",I,G,B,G,324.625,108.0
2598,D,G,3,G,"(2, 7, 11)",I,G,B,G,324.75,108.0
2599,D,G,3,G,"(2, 7, 11)",I,G,B,G,324.875,108.0
2600,D,G,4,G,"(2, 7, 11)",I,G,B,G,325.0,108.0
2601,D,G,4,G,"(2, 7, 11)",I,G,B,G,325.125,108.0
2602,D,G,4,G,"(2, 7, 11)",I,G,B,G,325.25,108.0
2603,D,G,4,G,"(2, 7, 11)",I,G,B,G,325.375,108.0
2604,D,G,4,G,"(2, 7, 11)",I,G,B,G,325.5,108.0
2605,D,G,4,G,"(2, 7, 11)",I,G,B,G,325.625,108.0
2606,D,G,4,G,"(2, 7, 11)",I,G,B,G,325.75,108.0
2607,D,G,4,G,"(2, 7, 11)",I,G,B,G,325.875,108.0
2608,D,G,5,G,"(2, 7, 11)",I,G,B,G,326.0,108.0
2609,D,G,5,G,"(2, 7, 11)",I,G,B,G,326.125,108.0
2610,D,G,5,G,"(2, 7, 11)",I,G,B,G,326.25,108.0
2611,D,G,5,G,"(2, 7, 11)",I,G,B,G,326.375,108.0
2612,D,G,5,G,"(2, 7, 11)",I,G,B,G,326.5,108.0
2613,D,G,5,G,"(2, 7, 11)",I,G,B,G,326.625,108.0
2614,D,G,5,G,"(2, 7, 11)",I,G,B,G,326.75,108.0
2615,D,G,5,G,"(2, 7, 11)",I,G,B,G,326.875,108.0
2616,E,A,0,G,"(0, 4, 9)",ii,A,C,G,327.0,109.0
2617,E,A,1,G,"(0, 4, 9)",ii,A,C,G,327.125,109.0
2618,E,A,2,G,"(0, 4, 9)",ii,A,C,G,327.25,109.0
2619,E,A,2,G,"(0, 4, 9)",ii,A,C,G,327.375,109.0
2620,E,A,3,G,"(0, 4, 9)",ii,A,C,G,327.5,109.0
2621,E,A,3,G,"(0, 4, 9)",ii,A,C,G,327.625,109.0
2622,E,A,3,G,"(0, 4, 9)",ii,A,C,G,327.75,109.0
2623,E,A,3,G,"(0, 4, 9)",ii,A,C,G,327.875,109.0
2624,E,A,4,G,"(0, 4, 9)",ii,A,C,G,328.0,109.0
2625,E,A,4,G,"(0, 4, 9)",ii,A,C,G,328.125,109.0
2626,E,A,4,G,"(0, 4, 9)",ii,A,C,G,328.25,109.0
2627,E,A,4,G,"(0, 4, 9)",ii,A,C,G,328.375,109.0
2628,E,A,4,G,"(0, 4, 9)",ii,A,C,G,328.5,109.0
2629,E,A,4,G,"(0, 4, 9)",ii,A,C,G,328.625,109.0
2630,E,A,4,G,"(0, 4, 9)",ii,A,C,G,328.75,109.0
2631,E,A,4,G,"(0, 4, 9)",ii,A,C,G,328.875,109.0
2632,E,A,5,G,"(0, 4, 9)",ii,A,C,G,329.0,109.0
2633,E,A,5,G,"(0, 4, 9)",ii,A,C,G,329.125,109.0
2634,E,A,5,G,"(0, 4, 9)",ii,A,C,G,329.25,109.0
2635,E,A,5,G,"(0, 4, 9)",ii,A,C,G,329.375,109.0
2636,E,A,5,G,"(0, 4, 9)",ii,A,C,G,329.5,109.0
2637,E,A,5,G,"(0, 4, 9)",ii,A,C,G,329.625,109.0
2638,E,A,5,G,"(0, 4, 9)",ii,A,C,G,329.75,109.0
2639,E,A,5,G,"(0, 4, 9)",ii,A,C,G,329.875,109.0
2640,A,D,0,G,"(0, 2, 6, 9)",V7,C,F#,G,330.0,110.0
2641,A,D,1,G,"(0, 2, 6, 9)",V7,C,F#,G,330.125,110.0
2642,A,D,2,G,"(0, 2, 6, 9)",V7,C,F#,G,330.25,110.0
2643,A,D,2,G,"(0, 2, 6, 9)",V7,C,F#,G,330.375,110.0
2644,A,D,3,G,"(0, 2, 6, 9)",V7,C,F#,G,330.5,110.0
2645,A,D,3,G,"(0, 2, 6, 9)",V7,C,F#,G,330.625,110.0
2646,A,D,3,G,"(0, 2, 6, 9)",V7,C,F#,G,330.75,110.0
2647,A,D,3,G,"(0, 2, 6, 9)",V7,C,F#,G,330.875,110.0
2648,A,D,4,G,"(0, 2, 6, 9)",V7,C,F#,G,331.0,110.0
2649,A,D,4,G,"(0, 2, 6, 9)",V7,C,F#,G,331.125,110.0
2650,A,D,4,G,"(0, 2, 6, 9)",V7,C,F#,G,331.25,110.0
2651,A,D,4,G,"(0, 2, 6, 9)",V7,C,F#,G,331.375,110.0
2652,A,D,4,G,"(0, 2, 6, 9)",V7,C,F#,G,331.5,110.0
2653,A,D,4,G,"(0, 2, 6, 9)",V7,C,F#,G,331.625,110.0
2654,A,D,4,G,"(0, 2, 6, 9)",V7,C,F#,G,331.75,110.0
2655,A,D,4,G,"(0, 2, 6, 9)",V7,C,F#,G,331.875,110.0
2656,A,D,5,G,"(0, 2, 6, 9)",V7,C,F#,G,332.0,110.0
2657,A,D,5,G,"(0, 2, 6, 9)",V7,C,F#,G,332.125,110.0
2658,A,D,5,G,"(0, 2, 6, 9)",V7,C,F#,G,332.25,110.0
2659,A,D,5,G,"(0, 2, 6, 9)",V7,C,F#,G,332.375,110.0
2660,A,D,5,G,"(0, 2, 6, 9)",V7,C,F#,G,332.5,110.0
2661,A,D,5,G,"(0, 2, 6, 9)",V7,C,F#,G,332.625,110.0
2662,A,D,5,G,"(0, 2, 6, 9)",V7,C,F#,G,332.75,110.0
2663,A,D,5,G,"(0, 2, 6, 9)",V7,C,F#,G,332.875,110.0
2664,A,D,0,G,"(0, 2, 6, 9)",V7,C,F#,G,333.0,111.0
2665,A,D,1,G,"(0, 2, 6, 9)",V7,C,F#,G,333.125,111.0
2666,A,D,2,G,"(0, 2, 6, 9)",V7,C,F#,G,333.25,111.0
2667,A,D,2,G,"(0, 2, 6, 9)",V7,C,F#,G,333.375,111.0
2668,A,D,3,G,"(0, 2, 6, 9)",V7,C,F#,G,333.5,111.0
2669,A,D,3,G,"(0, 2, 6, 9)",V7,C,F#,G,333.625,111.0
2670,A,D,3,G,"(0, 2, 6, 9)",V7,C,F#,G,333.75,111.0
2671,A,D,3,G,"(0, 2, 6, 9)",V7,C,F#,G,333.875,111.0
2672,A,D,4,G,"(0, 2, 6, 9)",V7,C,F#,G,334.0,111.0
2673,A,D,4,G,"(0, 2, 6, 9)",V7,C,F#,G,334.125,111.0
2674,A,D,4,G,"(0, 2, 6, 9)",V7,C,F#,G,334.25,111.0
2675,A,D,4,G,"(0, 2, 6, 9)",V7,C,F#,G,334.375,111.0
2676,A,D,4,G,"(0, 2, 6, 9)",V7,C,F#,G,334.5,111.0
2677,A,D,4,G,"(0, 2, 6, 9)",V7,C,F#,G,334.625,111.0
2678,A,D,4,G,"(0, 2, 6, 9)",V7,C,F#,G,334.75,111.0
2679,A,D,4,G,"(0, 2, 6, 9)",V7,C,F#,G,334.875,111.0
2680,A,D,5,G,"(0, 2, 6, 9)",ii,C,F#,G,335.0,111.0
2681,A,D,5,G,"(0, 2, 6, 9)",ii,C,F#,G,335.125,111.0
2682,A,D,5,G,"(0, 2, 6, 9)",ii,C,F#,G,335.25,111.0
2683,A,D,5,G,"(0, 2, 6, 9)",ii,C,F#,G,335.375,111.0
2684,A,D,5,G,"(0, 2, 6, 9)",ii,C,F#,G,335.5,111.0
2685,A,D,5,G,"(0, 2, 6, 9)",ii,C,F#,G,335.625,111.0
2686,A,D,5,G,"(0, 2, 6, 9)",ii,C,F#,G,335.75,111.0
2687,A,D,5,G,"(0, 2, 6, 9)",ii,C,F#,G,335.875,111.0
2688,G,B,0,G,"(2, 7, 11)",I,G,D,G,336.0,112.0
2689,G,B,1,G,"(2, 7, 11)",I,G,D,G,336.125,112.0
2690,G,B,2,G,"(2, 7, 11)",I,G,D,G,336.25,112.0
2691,G,B,2,G,"(2, 7, 11)",I,G,D,G,336.375,112.0
2692,G,B,3,G,"(2, 7, 11)",I,G,D,G,336.5,112.0
2693,G,B,3,G,"(2, 7, 11)",I,G,D,G,336.625,112.0
2694,G,B,3,G,"(2, 7, 11)",I,G,D,G,336.75,112.0
2695,G,B,3,G,"(2, 7, 11)",I,G,D,G,336.875,112.0
2696,G,B,4,G,"(2, 7, 11)",I,G,D,G,337.0,112.0
2697,G,B,4,G,"(2, 7, 11)",I,G,D,G,337.125,112.0
2698,G,B,4,G,"(2, 7, 11)",I,G,D,G,337.25,112.0
2699,G,B,4,G,"(2, 7, 11)",I,G,D,G,337.375,112.0
2700,G,B,4,G,"(2, 7, 11)",I,G,D,G,337.5,112.0
2701,G,B,4,G,"(2, 7, 11)",I,G,D,G,337.625,112.0
2702,G,B,4,G,"(2, 7, 11)",I,G,D,G,337.75,112.0
2703,G,B,4,G,"(2, 7, 11)",I,G,D,G,337.875,112.0
2704,G,B,5,G,"(2, 7, 11)",I,G,D,G,338.0,112.0
2705,G,B,5,G,"(2, 7, 11)",I,G,D,G,338.125,112.0
2706,G,B,5,G,"(2, 7, 11)",I,G,D,G,338.25,112.0
2707,G,B,5,G,"(2, 7, 11)",I,G,D,G,338.375,112.0
2708,G,B,5,G,"(2, 7, 11)",I,G,D,G,338.5,112.0
2709,G,B,5,G,"(2, 7, 11)",I,G,D,G,338.625,112.0
2710,G,B,5,G,"(2, 7, 11)",I,G,D,G,338.75,112.0
2711,G,B,5,G,"(2, 7, 11)",I,G,D,G,338.875,112.0
2712,G,C,0,G,"(0, 4, 7)",IV,C,E,G,339.0,113.0
2713,G,C,1,G,"(0, 4, 7)",IV,C,E,G,339.125,113.0
2714,G,C,2,C,"(0, 4, 7)",IV,C,E,G,339.25,113.0
2715,G,C,2,C,"(0, 4, 7)",IV,C,E,G,339.375,113.0
2716,G,C,3,C,"(0, 4, 7)",IV,C,E,G,339.5,113.0
2717,G,C,3,C,"(0, 4, 7)",IV,C,E,G,339.625,113.0
2718,G,C,3,C,"(0, 4, 7)",IV,C,E,G,339.75,113.0
2719,G,C,3,C,"(0, 4, 7)",IV,C,E,G,339.875,113.0
2720,G,C,4,C,"(0, 4, 7)",IV,C,E,G,340.0,113.0
2721,G,C,4,C,"(0, 4, 7)",IV,C,E,G,340.125,113.0
2722,G,C,4,C,"(0, 4, 7)",IV,C,E,G,340.25,113.0
2723,G,C,4,C,"(0, 4, 7)",IV,C,E,G,340.375,113.0
2724,G,C,4,C,"(0, 4, 7)",IV,C,E,G,340.5,113.0
2725,G,C,4,C,"(0, 4, 7)",IV,C,E,G,340.625,113.0
2726,G,C,4,C,"(0, 4, 7)",IV,C,E,G,340.75,113.0
2727,G,C,4,C,"(0, 4, 7)",IV,C,E,G,340.875,113.0
2728,G,C,5,G,"(0, 4, 7)",IV,A,E,G,341.0,113.0
2729,G,C,5,G,"(0, 4, 7)",IV,A,E,G,341.125,113.0
2730,G,C,5,G,"(0, 4, 7)",IV,A,E,G,341.25,113.0
2731,G,C,5,G,"(0, 4, 7)",IV,A,E,G,341.375,113.0
2732,G,C,5,G,"(0, 4, 7)",IV,A,E,G,341.5,113.0
2733,G,C,5,G,"(0, 4, 7)",IV,A,E,G,341.625,113.0
2734,G,C,5,G,"(0, 4, 7)",IV,A,E,G,341.75,113.0
2735,G,C,5,G,"(0, 4, 7)",IV,A,E,G,341.875,113.0
2736,A,D,0,G,"(0, 2, 6, 9)",V7,D,F#,G,342.0,114.0
2737,A,D,1,G,"(0, 2, 6, 9)",V7,C,F#,G,342.125,114.0
2738,A,D,2,G,"(0, 2, 6, 9)",V7,C,F#,G,342.25,114.0
2739,A,D,2,G,"(0, 2, 6, 9)",V7,C,F#,G,342.375,114.0
2740,A,D,3,G,"(0, 2, 6, 9)",V7,C,F#,G,342.5,114.0
2741,A,D,3,G,"(0, 2, 6, 9)",V7,C,F#,G,342.625,114.0
2742,A,D,3,G,"(0, 2, 6, 9)",V7,C,F#,G,342.75,114.0
2743,A,D,3,G,"(0, 2, 6, 9)",V7,C,F#,G,342.875,114.0
2744,A,D,4,G,"(0, 2, 6, 9)",V7,C,F#,G,343.0,114.0
2745,A,D,4,G,"(0, 2, 6, 9)",V7,C,F#,G,343.125,114.0
2746,A,D,4,G,"(0, 2, 6, 9)",V7,C,F#,G,343.25,114.0
2747,A,D,4,G,"(0, 2, 6, 9)",V7,C,F#,G,343.375,114.0
2748,A,D,4,G,"(0, 2, 6, 9)",V7,C,F#,G,343.5,114.0
2749,A,D,4,G,"(0, 2, 6, 9)",V7,C,F#,G,343.625,114.0
2750,A,D,4,G,"(0, 2, 6, 9)",V7,C,F#,G,343.75,114.0
2751,A,D,4,G,"(0, 2, 6, 9)",V7,C,F#,G,343.875,114.0
2752,A,D,5,G,"(0, 2, 6, 9)",V7,C,F#,G,344.0,114.0
2753,A,D,1,G,"(0, 2, 6, 9)",V7,C,F#,G,344.125,114.0
2754,A,D,2,G,"(0, 2, 6, 9)",V7,C,F#,G,344.25,114.0
2755,A,D,2,G,"(0, 2, 6, 9)",V7,C,F#,G,344.375,114.0
2756,A,D,3,G,"(0, 2, 6, 9)",V7,C,F#,G,344.5,114.0
2757,A,D,3,G,"(0, 2, 6, 9)",V7,C,F#,G,344.625,114.0
2758,A,D,3,G,"(0, 2, 6, 9)",V7,C,F#,G,344.75,114.0
2759,A,D,3,G,"(0, 2, 6, 9)",V7,C,F#,G,344.875,114.0
2760,D,G,0,G,"(2, 7, 11)",I,G,B,G,345.0,115.0
2761,D,G,1,G,"(2, 7, 11)",V,G,B,G,345.125,115.0
2762,D,G,2,G,"(2, 7, 11)",V,G,B,G,345.25,115.0
2763,D,G,2,G,"(2, 7, 11)",V,G,B,G,345.375,115.0
2764,D,G,3,G,"(2, 7, 11)",V,G,B,G,345.5,115.0
2765,D,G,3,G,"(2, 7, 11)",V,G,B,G,345.625,115.0
2766,D,G,3,G,"(2, 7, 11)",V,G,B,G,345.75,115.0
2767,D,G,3,G,"(2, 7, 11)",V,G,B,G,345.875,115.0
2768,D,G,4,G,"(2, 7, 11)",V,G,B,G,346.0,115.0
2769,D,G,4,G,"(2, 7, 11)",V,G,B,G,346.125,115.0
2770,D,G,4,G,"(2, 7, 11)",V,G,B,G,346.25,115.0
2771,D,G,4,G,"(2, 7, 11)",V,G,B,G,346.375,115.0
2772,D,G,4,G,"(2, 7, 11)",V,G,B,G,346.5,115.0
2773,D,G,4,G,"(2, 7, 11)",V,G,B,G,346.625,115.0
2774,D,G,4,G,"(2, 7, 11)",V,G,B,G,346.75,115.0
2775,D,G,4,G,"(2, 7, 11)",I,G,B,G,346.875,115.0
2776,D,G,5,G,"(2, 7, 11)",V,G,B,G,347.0,115.0
2777,D,G,5,G,"(2, 7, 11)",V,G,B,G,347.125,115.0
2778,D,G,5,G,"(2, 7, 11)",V,G,B,G,347.25,115.0
2779,D,G,5,G,"(2, 7, 11)",V,G,B,G,347.375,115.0
2780,D,G,5,G,"(2, 7, 11)",V,G,B,G,347.5,115.0
2781,D,G,5,G,"(2, 7, 11)",V,G,B,G,347.625,115.0
2782,D,G,5,G,"(2, 7, 11)",V,G,B,G,347.75,115.0
2783,D,G,5,G,"(2, 7, 11)",I,G,B,G,347.875,115.0
2784,G,G,0,C,"(2, 7, 10)",V7,G,G,G,348.0,116.0
2785,G,G,1,C,"(1, 4, 7, 10)",V7,G,G,G,348.125,116.0
2786,G,G,2,C,"(1, 4, 7, 10)",V7,G,G,G,348.25,116.0
2787,G,G,2,C,"(1, 4, 7, 10)",V7,G,G,G,348.375,116.0
2788,G,G,3,C,"(1, 4, 7, 10)",V7,G,G,G,348.5,116.0
2789,G,G,3,C,"(1, 4, 7, 10)",V7,G,G,G,348.625,116.0
2790,G,G,3,C,"(1, 4, 7, 10)",V7,G,G,G,348.75,116.0
2791,G,G,3,C,"(1, 4, 7, 10)",V7,G,G,G,348.875,116.0
2792,G,G,4,C,"(0, 4, 7)",I,E,G,C,349.0,116.0
2793,G,G,4,C,"(0, 4, 7)",I,E,G,C,349.125,116.0
2794,G,G,4,C,"(0, 4, 7)",I,E,G,C,349.25,116.0
2795,G,G,4,C,"(0, 4, 7)",I,E,G,C,349.375,116.0
2796,G,G,4,C,"(0, 4, 7)",I,E,G,C,349.5,116.0
2797,G,G,4,C,"(0, 4, 7)",I,E,G,C,349.625,116.0
2798,G,G,4,C,"(0, 4, 7)",I,E,G,C,349.75,116.0
2799,G,G,4,C,"(0, 4, 7)",I,E,G,C,349.875,116.0
2800,E,E,0,C,"(0, 4, 7)",I,E,G,C,350.0,116.0
2801,E,E,1,C,"(0, 4, 7)",I,E,G,C,350.125,116.0
2802,E,E,2,C,"(0, 4, 7)",I,E,G,C,350.25,116.0
2803,E,E,2,C,"(0, 4, 7)",I,E,G,C,350.375,116.0
2804,E,E,3,C,"(0, 4, 7)",I,E,G,C,350.5,116.0
2805,E,E,3,C,"(0, 4, 7)",I,E,G,C,350.625,116.0
2806,E,E,3,C,"(0, 4, 7)",I,E,G,C,350.75,116.0
2807,E,E,3,C,"(0, 4, 7)",I,E,G,C,350.875,116.0
2808,G,C#,0,C,"(1, 4, 7, 9)",V7,A,E,d,351.0,117.0
2809,G,C#,1,C,"(1, 4, 7, 9)",V7,A,E,d,351.125,117.0
2810,G,C#,2,C,"(1, 4, 7, 9)",V7,A,E,d,351.25,117.0
2811,G,C#,2,C,"(1, 4, 7, 9)",V7,A,E,d,351.375,117.0
2812,G,C#,3,C,"(1, 4, 7, 9)",V7,A,E,d,351.5,117.0
2813,G,C#,3,C,"(1, 4, 7, 9)",V7,A,E,d,351.625,117.0
2814,G,C#,3,C,"(1, 4, 7, 9)",V7,A,E,d,351.75,117.0
2815,G,C#,3,C,"(1, 4, 7, 9)",V7,A,E,d,351.875,117.0
2816,G,C#,4,C,"(1, 4, 7, 9)",V7,A,E,d,352.0,117.0
2817,G,C#,4,C,"(1, 4, 7, 9)",V7,A,E,d,352.125,117.0
2818,G,C#,4,C,"(1, 4, 7, 9)",V7,A,E,d,352.25,117.0
2819,G,C#,4,C,"(1, 4, 7, 9)",V7,A,E,d,352.375,117.0
2820,G,C#,4,C,"(1, 4, 7, 9)",V7,A,E,d,352.5,117.0
2821,G,C#,4,C,"(1, 4, 7, 9)",V7,A,E,d,352.625,117.0
2822,G,C#,4,C,"(1, 4, 7, 9)",V7,A,E,d,352.75,117.0
2823,G,C#,4,C,"(1, 4, 7, 9)",V7,A,E,d,352.875,117.0
2824,G,C#,5,C,"(1, 4, 7, 9)",V7,A,E,d,353.0,117.0
2825,G,C#,5,C,"(1, 4, 7, 9)",V7,A,E,d,353.125,117.0
2826,G,C#,5,C,"(1, 4, 7, 9)",V7,A,E,d,353.25,117.0
2827,G,C#,5,C,"(1, 4, 7, 9)",V7,A,E,d,353.375,117.0
2828,G,C#,4,C,"(1, 4, 7, 9)",V7,A,E,d,353.5,117.0
2829,G,C#,4,C,"(1, 4, 7, 9)",V7,A,E,d,353.625,117.0
2830,G,C#,4,C,"(1, 4, 7, 9)",V7,A,E,d,353.75,117.0
2831,G,C#,4,C,"(1, 4, 7, 9)",V7,A,E,d,353.875,117.0
2832,E,A,0,C,"(1, 4, 9)",V,A,C#,d,354.0,118.0
2833,E,A,1,C,"(1, 4, 9)",V,A,C#,d,354.125,118.0
2834,E,A,2,C,"(1, 4, 9)",V,A,C#,d,354.25,118.0
2835,E,A,2,C,"(1, 4, 9)",V,A,C#,d,354.375,118.0
2836,E,A,3,C,"(1, 4, 9)",V,A,C#,d,354.5,118.0
2837,E,A,3,C,"(1, 4, 9)",V,A,C#,d,354.625,118.0
2838,E,A,3,C,"(1, 4, 9)",V,A,C#,d,354.75,118.0
2839,E,A,3,C,"(1, 4, 9)",V,A,C#,d,354.875,118.0
2840,E,A,4,C,"(1, 4, 9)",V,A,C#,d,355.0,118.0
2841,E,A,4,C,"(1, 4, 9)",V,A,C#,d,355.125,118.0
2842,E,A,4,C,"(1, 4, 9)",V,A,C#,d,355.25,118.0
2843,E,A,4,C,"(1, 4, 9)",V,A,C#,d,355.375,118.0
2844,E,A,4,C,"(1, 4, 9)",V,A,C#,d,355.5,118.0
2845,E,A,4,C,"(1, 4, 9)",V,A,C#,d,355.625,118.0
2846,E,A,4,C,"(1, 4, 9)",V,A,C#,d,355.75,118.0
2847,E,A,4,C,"(1, 4, 9)",V,A,C#,d,355.875,118.0
2848,E,A,5,C,"(1, 4, 9)",V,A,C#,d,356.0,118.0
2849,E,A,5,C,"(1, 4, 9)",V,A,C#,d,356.125,118.0
2850,E,A,5,C,"(1, 4, 9)",V,A,C#,d,356.25,118.0
2851,E,A,5,C,"(1, 4, 9)",V,A,C#,d,356.375,118.0
2852,E,A,5,C,"(1, 4, 7, 9)",V,A,C#,d,356.5,118.0
2853,E,A,5,C,"(1, 4, 7, 9)",V,A,C#,d,356.625,118.0
2854,E,A,5,C,"(1, 4, 7, 9)",V,A,C#,d,356.75,118.0
2855,E,A,5,C,"(1, 4, 7, 9)",V,A,C#,d,356.875,118.0
2856,A,D,0,C,"(2, 5, 9)",ii,D,F,C,357.0,119.0
2857,A,D,1,C,"(2, 5, 9)",ii,D,F,C,357.125,119.0
2858,A,D,2,C,"(2, 5, 9)",ii,D,F,C,357.25,119.0
2859,A,D,2,C,"(2, 5, 9)",ii,D,F,C,357.375,119.0
2860,A,D,3,C,"(2, 5, 9)",ii,D,F,C,357.5,119.0
2861,A,D,3,C,"(2, 5, 9)",ii,D,F,C,357.625,119.0
2862,A,D,3,C,"(2, 5, 9)",ii,D,F,C,357.75,119.0
2863,A,D,3,C,"(2, 5, 9)",ii,D,F,C,357.875,119.0
2864,A,D,4,C,"(2, 5, 9)",ii,D,F,C,358.0,119.0
2865,A,D,4,C,"(2, 5, 9)",ii,D,F,C,358.125,119.0
2866,A,D,4,C,"(2, 5, 9)",ii,D,F,C,358.25,119.0
2867,A,D,4,C,"(2, 5, 9)",ii,D,F,C,358.375,119.0
2868,A,D,4,C,"(2, 5, 9)",ii,D,F,C,358.5,119.0
2869,A,D,4,C,"(2, 5, 9)",ii,D,F,C,358.625,119.0
2870,A,D,4,C,"(2, 5, 9)",ii,D,F,C,358.75,119.0
2871,A,D,4,C,"(2, 5, 9)",ii,D,F,C,358.875,119.0
2872,A,D,5,C,"(2, 5, 9)",ii,D,F,C,359.0,119.0
2873,A,D,5,C,"(2, 5, 9)",ii,D,F,C,359.125,119.0
2874,A,D,5,C,"(2, 5, 9)",ii,D,F,C,359.25,119.0
2875,A,D,5,C,"(2, 5, 9)",ii,D,F,C,359.375,119.0
2876,A,D,5,C,"(2, 5, 9)",ii,D,F,C,359.5,119.0
2877,A,D,5,C,"(2, 5, 9)",ii,D,F,C,359.625,119.0
2878,A,D,5,C,"(2, 5, 9)",ii,D,F,C,359.75,119.0
2879,A,D,5,C,"(2, 5, 9)",ii,D,F,C,359.875,119.0
2880,A,D,0,C,"(2, 5, 9)",ii,D,F,C,360.0,120.0
2881,D,D,1,C,"(2, 5, 9)",ii,D,F,C,360.125,120.0
2882,D,D,2,C,"(2, 5, 9)",ii,D,F,C,360.25,120.0
2883,D,D,2,C,"(2, 5, 9)",ii,D,F,C,360.375,120.0
2884,D,D,3,C,"(2, 5, 9)",ii,F,F,C,360.5,120.0
2885,D,D,3,C,"(2, 5, 9)",ii,F,F,C,360.625,120.0
2886,D,D,3,C,"(2, 5, 9)",ii,F,F,C,360.75,120.0
2887,D,D,3,C,"(2, 5, 9)",ii,F,F,C,360.875,120.0
2888,D,D,4,C,"(2, 5, 9)",ii,F,F,C,361.0,120.0
2889,D,D,4,C,"(2, 5, 9)",ii,F,F,C,361.125,120.0
2890,D,D,4,C,"(2, 5, 9)",ii,F,F,C,361.25,120.0
2891,D,D,4,C,"(2, 5, 9)",ii,F,F,C,361.375,120.0
2892,D,D,4,C,"(2, 5, 9)",ii,F,F,C,361.5,120.0
2893,D,D,4,C,"(2, 5, 9)",ii,F,F,C,361.625,120.0
2894,D,D,4,C,"(2, 5, 9)",ii,F,F,C,361.75,120.0
2895,D,D,4,C,"(2, 5, 9)",ii,F,F,C,361.875,120.0
2896,D,D,5,C,"(2, 5, 9)",ii,D,F,C,362.0,120.0
2897,D,D,5,C,"(2, 5, 9)",ii,D,F,C,362.125,120.0
2898,D,D,5,C,"(2, 5, 9)",ii,D,F,C,362.25,120.0
2899,D,D,5,C,"(2, 5, 9)",ii,D,F,C,362.375,120.0
2900,D,D,5,C,"(2, 5, 9)",ii,D,F,C,362.5,120.0
2901,D,D,5,C,"(2, 5, 9)",ii,D,F,C,362.625,120.0
2902,D,D,5,C,"(2, 5, 9)",ii,D,F,C,362.75,120.0
2903,D,D,5,C,"(2, 5, 9)",ii,D,F,C,362.875,120.0
2904,F,B,0,C,"(2, 5, 7, 11)",V7,G,D,C,363.0,121.0
2905,F,B,1,C,"(2, 5, 7, 11)",V7,G,D,C,363.125,121.0
2906,F,B,2,C,"(2, 5, 7, 11)",V7,G,D,C,363.25,121.0
2907,F,B,2,C,"(2, 5, 7, 11)",V7,G,D,C,363.375,121.0
2908,F,B,3,C,"(2, 5, 7, 11)",V7,G,D,C,363.5,121.0
2909,F,B,3,C,"(2, 5, 7, 11)",V7,G,D,C,363.625,121.0
2910,F,B,3,C,"(2, 5, 7, 11)",V7,G,D,C,363.75,121.0
2911,F,B,3,C,"(2, 5, 7, 11)",V7,G,D,C,363.875,121.0
2912,F,B,4,C,"(2, 5, 7, 11)",V7,G,D,C,364.0,121.0
2913,F,B,4,C,"(2, 5, 7, 11)",V7,G,D,C,364.125,121.0
2914,F,B,4,C,"(2, 5, 7, 11)",V7,G,D,C,364.25,121.0
2915,F,B,4,C,"(2, 5, 7, 11)",V7,G,D,C,364.375,121.0
2916,F,B,4,C,"(2, 5, 7, 11)",V7,G,D,C,364.5,121.0
2917,F,B,4,C,"(2, 5, 7, 11)",V7,G,D,C,364.625,121.0
2918,F,B,4,C,"(2, 5, 7, 11)",V7,G,D,C,364.75,121.0
2919,F,B,4,C,"(2, 5, 7, 11)",V7,G,D,C,364.875,121.0
2920,F,B,5,C,"(2, 5, 7, 11)",V7,G,D,C,365.0,121.0
2921,F,B,5,C,"(2, 5, 7, 11)",V7,G,D,C,365.125,121.0
2922,F,B,5,C,"(2, 5, 7, 11)",V7,G,D,C,365.25,121.0
2923,F,B,5,C,"(2, 5, 7, 11)",V7,G,D,C,365.375,121.0
2924,F,B,5,C,"(2, 5, 7, 11)",V7,G,D,C,365.5,121.0
2925,F,B,5,C,"(2, 5, 7, 11)",V7,G,D,C,365.625,121.0
2926,F,B,5,C,"(2, 5, 7, 11)",V7,G,D,C,365.75,121.0
2927,F,B,5,C,"(2, 5, 7, 11)",V7,G,D,C,365.875,121.0
2928,G,C,0,C,"(0, 4, 7)",I,C,E,C,366.0,122.0
2929,G,C,1,C,"(0, 4, 7)",I,C,E,C,366.125,122.0
2930,G,C,2,C,"(0, 4, 7)",I,C,E,C,366.25,122.0
2931,G,C,2,C,"(0, 4, 7)",I,C,E,C,366.375,122.0
2932,G,C,3,C,"(0, 4, 7)",I,C,E,C,366.5,122.0
2933,G,C,3,C,"(0, 4, 7)",I,C,E,C,366.625,122.0
2934,G,C,3,C,"(0, 4, 7)",I,C,E,C,366.75,122.0
2935,G,C,3,C,"(0, 4, 7)",I,C,E,C,366.875,122.0
2936,G,C,4,C,"(0, 4, 7)",I,C,E,C,367.0,122.0
2937,G,C,4,C,"(0, 4, 7)",I,C,E,C,367.125,122.0
2938,G,C,4,C,"(0, 4, 7)",I,C,E,C,367.25,122.0
2939,G,C,4,C,"(0, 4, 7)",I,C,E,C,367.375,122.0
2940,E,A,0,C,"(0, 4, 7)",I,C,C,C,367.5,122.0
2941,E,G,4,C,"(0, 4, 7)",I,C,C,C,367.625,122.0
2942,E,G,4,C,"(0, 4, 7)",I,C,C,C,367.75,122.0
2943,E,G,4,C,"(0, 4, 7)",I,C,C,C,367.875,122.0
2944,E,G,3,C,"(0, 4, 7)",I,C,C,C,368.0,122.0
2945,E,G,3,C,"(0, 4, 7)",I,C,C,C,368.125,122.0
2946,E,A,3,C,"(0, 4, 7)",I,C,C,C,368.25,122.0
2947,E,A,3,C,"(0, 4, 7)",I,C,C,C,368.375,122.0
2948,E,A,4,C,"(0, 4, 7)",I,C,C,C,368.5,122.0
2949,E,A,4,C,"(0, 4, 7)",I,C,C,C,368.625,122.0
2950,E,A,4,C,"(0, 4, 7)",I,C,C,C,368.75,122.0
2951,E,A,4,C,"(0, 4, 7)",I,C,C,C,368.875,122.0
2952,D,G,0,C,"(2, 7, 11)",V,G,B,C,369.0,123.0
2953,D,G,1,C,"(2, 7, 11)",V,G,B,C,369.125,123.0
2954,D,G,2,C,"(2, 7, 11)",V,G,B,C,369.25,123.0
2955,D,G,2,C,"(2, 7, 11)",V,G,B,C,369.375,123.0
2956,D,G,3,C,"(2, 7, 11)",V,G,B,C,369.5,123.0
2957,D,G,3,C,"(2, 7, 11)",V,G,B,C,369.625,123.0
2958,D,G,3,C,"(2, 7, 11)",V,G,B,C,369.75,123.0
2959,D,G,3,C,"(2, 7, 11)",V,G,B,C,369.875,123.0
2960,D,G,4,C,"(2, 7, 11)",V,G,B,C,370.0,123.0
2961,D,G,4,C,"(2, 7, 11)",V,G,B,C,370.125,123.0
2962,D,G,4,C,"(2, 7, 11)",V,G,B,C,370.25,123.0
2963,D,G,4,C,"(2, 7, 11)",V,G,B,C,370.375,123.0
2964,D,G,4,C,"(2, 7, 11)",V,G,B,C,370.5,123.0
2965,D,G,4,C,"(2, 7, 11)",V,G,B,C,370.625,123.0
2966,D,G,4,C,"(2, 7, 11)",V,G,B,C,370.75,123.0
2967,D,G,4,C,"(2, 7, 11)",V,G,B,C,370.875,123.0
2968,D,G,5,C,"(2, 7, 11)",I,G,B,C,371.0,123.0
2969,D,G,5,C,"(2, 7, 11)",I,G,B,C,371.125,123.0
2970,D,G,5,C,"(2, 7, 11)",I,G,B,C,371.25,123.0
2971,D,G,5,C,"(2, 7, 11)",I,G,B,C,371.375,123.0
2972,D,G,5,C,"(2, 7, 11)",I,G,B,C,371.5,123.0
2973,D,G,5,C,"(2, 7, 11)",I,G,B,C,371.625,123.0
2974,D,G,5,C,"(2, 7, 11)",I,G,B,C,371.75,123.0
2975,G,G,5,C,"(2, 7, 11)",I,G,B,C,371.875,123.0
2976,G,C,0,C,"(0, 4, 7)",I,C,E,C,372.0,124.0
2977,G,C,1,C,"(0, 4, 7)",I,C,E,C,372.125,124.0
2978,G,C,2,C,"(0, 4, 7)",I,C,E,C,372.25,124.0
2979,G,C,2,C,"(0, 4, 7)",I,C,E,C,372.375,124.0
2980,G,C,3,C,"(0, 4, 7)",I,C,E,C,372.5,124.0
2981,G,C,3,C,"(0, 4, 7)",I,C,E,C,372.625,124.0
2982,G,C,3,C,"(0, 4, 7)",I,C,E,C,372.75,124.0
2983,G,C,3,C,"(0, 4, 7)",I,C,E,C,372.875,124.0
2984,G,C,4,C,"(0, 4, 7)",I,C,E,C,373.0,124.0
2985,G,C,4,C,"(0, 4, 7)",I,C,E,C,373.125,124.0
2986,G,C,4,C,"(0, 4, 7)",I,C,E,C,373.25,124.0
2987,G,C,4,C,"(0, 4, 7)",I,C,E,C,373.375,124.0
2988,G,C,4,C,"(0, 4, 7)",I,C,E,C,373.5,124.0
2989,G,C,4,C,"(0, 4, 7)",I,C,E,C,373.625,124.0
2990,G,C,4,C,"(0, 4, 7)",I,C,E,C,373.75,124.0
2991,G,C,4,C,"(0, 4, 7)",I,C,E,C,373.875,124.0
2992,G,C,5,C,"(0, 4, 7)",I,C,E,C,374.0,124.0
2993,G,C,5,C,"(0, 4, 7)",I,C,E,C,374.125,124.0
2994,G,C,5,C,"(0, 4, 7)",I,C,E,C,374.25,124.0
2995,G,C,5,C,"(0, 4, 7)",I,C,E,C,374.375,124.0
2996,G,C,5,C,"(0, 4, 7)",I,C,E,C,374.5,124.0
2997,G,C,5,C,"(0, 4, 7)",I,C,E,C,374.625,124.0
2998,G,C,5,C,"(0, 4, 7)",I,C,E,C,374.75,124.0
2999,G,C,5,C,"(0, 4, 7)",I,C,E,C,374.875,124.0
3000,C,F,0,C,"(0, 5, 9)",IV,F,A,C,375.0,125.0
3001,C,F,1,C,"(0, 5, 9)",IV,F,A,C,375.125,125.0
3002,C,F,2,C,"(0, 5, 9)",IV,F,A,C,375.25,125.0
3003,C,F,2,C,"(0, 5, 9)",IV,F,A,C,375.375,125.0
3004,C,C,3,C,"(0, 5, 9)",IV,F,A,C,375.5,125.0
3005,C,C,3,C,"(0, 5, 9)",IV,F,A,C,375.625,125.0
3006,C,C,3,C,"(0, 5, 9)",IV,F,A,C,375.75,125.0
3007,C,C,3,C,"(0, 5, 9)",IV,F,A,C,375.875,125.0
3008,C,C,4,C,"(0, 5, 9)",IV,F,A,C,376.0,125.0
3009,C,C,4,C,"(0, 5, 9)",IV,F,E,C,376.125,125.0
3010,C,C,4,C,"(0, 5, 9)",IV,F,E,C,376.25,125.0
3011,C,C,4,C,"(0, 5, 9)",IV,F,E,C,376.375,125.0
3012,C,C,4,C,"(0, 4, 7)",IV,F,E,C,376.5,125.0
3013,C,C,4,C,"(0, 4, 7)",IV,F,E,C,376.625,125.0
3014,C,C,4,C,"(0, 4, 7)",IV,F,E,C,376.75,125.0
3015,C,C,4,C,"(0, 4, 7)",IV,F,E,C,376.875,125.0
3016,G,C,0,C,"(0, 4, 7)",I,C,E,C,377.0,125.0
3017,G,C,1,C,"(0, 4, 7)",I,C,E,C,377.125,125.0
3018,G,C,2,C,"(0, 4, 7)",I,C,E,C,377.25,125.0
3019,G,C,2,C,"(0, 4, 7)",I,C,E,C,377.375,125.0
3020,G,C,3,C,"(0, 4, 7)",I,C,E,C,377.5,125.0
3021,G,C,3,C,"(0, 4, 7)",I,C,E,C,377.625,125.0
3022,G,C,3,C,"(0, 4, 7)",I,C,E,C,377.75,125.0
3023,G,C,3,C,"(0, 4, 7)",I,C,E,C,377.875,125.0
3024,G,C,0,C,"(0, 4, 7)",I,C,E,C,378.0,126.0
3025,G,C,1,C,"(0, 4, 7)",I,C,E,C,378.125,126.0
3026,G,C,2,C,"(0, 4, 7)",I,C,E,C,378.25,126.0
3027,G,C,2,C,"(0, 4, 7)",I,C,E,C,378.375,126.0
3028,G,C,3,C,"(0, 4, 7)",I,C,E,C,378.5,126.0
3029,G,C,3,C,"(0, 4, 7)",I,C,E,C,378.625,126.0
3030,G,C,3,C,"(0, 4, 7)",I,C,E,C,378.75,126.0
3031,G,C,3,C,"(0, 4, 7)",I,C,E,C,378.875,126.0
3032,G,C,4,C,"(0, 4, 7)",I,C,E,C,379.0,126.0
3033,G,C,4,C,"(0, 4, 7)",I,C,E,C,379.125,126.0
3034,G,C,4,C,"(0, 4, 7)",I,C,E,C,379.25,126.0
3035,G,C,4,C,"(0, 4, 7)",I,C,E,C,379.375,126.0
3036,G,C,4,C,"(0, 4, 7)",I,C,E,C,379.5,126.0
3037,G,C,4,C,"(0, 4, 7)",I,C,E,C,379.625,126.0
3038,G,C,4,C,"(0, 4, 7)",I,C,E,C,379.75,126.0
3039,G,C,4,C,"(0, 4, 7)",I,C,E,C,379.875,126.0
3040,G,C,5,C,"(0, 4, 7)",IV,C,D,C,380.0,126.0
3041,G,C,5,C,"(0, 4, 7)",I,C,D,C,380.125,126.0
3042,G,C,5,C,"(0, 4, 7)",I,C,D,C,380.25,126.0
3043,G,C,5,C,"(0, 4, 7)",I,C,D,C,380.375,126.0
3044,G,C,5,C,"(0, 4, 7)",I,C,D,C,380.5,126.0
3045,G,C,5,C,"(0, 4, 7)",I,C,D,C,380.625,126.0
3046,G,C,5,C,"(0, 4, 7)",I,C,D,C,380.75,126.0
3047,G,C,5,C,"(0, 4, 7)",I,C,D,C,380.875,126.0
3048,G,C,0,C,"(0, 4, 7)",I,C,E,C,381.0,127.0
3049,G,C,1,C,"(0, 4, 7)",I,C,E,C,381.125,127.0
3050,G,C,2,C,"(0, 4, 7)",I,C,E,C,381.25,127.0
3051,G,C,2,C,"(0, 4, 7)",I,C,E,C,381.375,127.0
3052,G,C,3,C,"(0, 4, 7)",I,C,E,C,381.5,127.0
3053,G,C,3,C,"(0, 4, 7)",I,C,E,C,381.625,127.0
3054,G,C,3,C,"(0, 4, 7)",I,C,E,C,381.75,127.0
3055,G,C,3,C,"(0, 4, 7)",I,C,E,C,381.875,127.0
3056,G,C,4,C,"(0, 4, 7)",I,C,E,C,382.0,127.0
3057,G,C,4,C,"(0, 4, 7)",I,C,E,C,382.125,127.0
3058,G,C,4,C,"(0, 4, 7)",I,C,E,C,382.25,127.0
3059,G,C,4,C,"(0, 4, 7)",I,C,E,C,382.375,127.0
3060,G,C,4,C,"(0, 4, 7)",I,C,E,C,382.5,127.0
3061,G,C,4,C,"(0, 4, 7)",I,C,E,C,382.625,127.0
3062,G,C,4,C,"(0, 4, 7)",I,C,E,C,382.75,127.0
3063,G,C,4,C,"(0, 4, 7)",I,C,E,C,382.875,127.0
3064,G,C,5,C,"(0, 4, 7)",I,C,E,C,383.0,127.0
3065,G,C,5,C,"(0, 4, 7)",I,C,E,C,383.125,127.0
3066,G,C,5,C,"(0, 4, 7)",I,C,E,C,383.25,127.0
3067,G,C,5,C,"(0, 4, 7)",I,C,E,C,383.375,127.0
3068,G,C,5,C,"(0, 4, 7)",I,C,E,C,383.5,127.0
3069,G,C,5,C,"(0, 4, 7)",I,C,E,C,383.625,127.0
3070,G,C,5,C,"(0, 4, 7)",I,C,E,C,383.75,127.0
3071,G,C,5,C,"(0, 4, 7)",I,C,E,C,383.875,127.0
3072,C,F,0,C,"(2, 5, 9)",ii,D,A,C,384.0,128.0
3073,C,F,1,C,"(2, 5, 9)",ii,D,A,C,384.125,128.0
3074,C,F,2,C,"(2, 5, 9)",ii,D,A,C,384.25,128.0
3075,C,F,2,C,"(2, 5, 9)",ii,D,A,C,384.375,128.0
3076,C,F,3,C,"(2, 5, 9)",ii,D,A,C,384.5,128.0
3077,C,F,3,C,"(2, 5, 9)",ii,D,A,C,384.625,128.0
3078,C,F,3,C,"(2, 5, 9)",ii,D,A,C,384.75,128.0
3079,C,F,3,C,"(2, 5, 9)",ii,D,A,C,384.875,128.0
3080,C,F,4,C,"(2, 5, 9)",ii,D,A,C,385.0,128.0
3081,C,F,4,C,"(2, 5, 9)",ii,D,A,C,385.125,128.0
3082,C,F,4,C,"(2, 5, 9)",ii,D,A,C,385.25,128.0
3083,C,F,4,C,"(2, 5, 9)",ii,D,A,C,385.375,128.0
3084,C,F,4,C,"(2, 5, 9)",ii,D,A,C,385.5,128.0
3085,C,F,4,C,"(2, 5, 9)",ii,D,A,C,385.625,128.0
3086,C,F,4,C,"(2, 5, 9)",ii,D,A,C,385.75,128.0
3087,C,F,4,C,"(2, 5, 9)",ii,D,A,C,385.875,128.0
3088,C,F,0,C,"(2, 5, 9)",viio,D,A,C,386.0,128.0
3089,C,F,1,C,"(2, 5, 9)",viio,D,G,C,386.125,128.0
3090,C,F,2,C,"(2, 5, 9)",viio,D,G,C,386.25,128.0
3091,C,F,2,C,"(2, 5, 9)",viio,D,G,C,386.375,128.0
3092,C,F,3,C,"(2, 5, 9)",viio,D,G,C,386.5,128.0
3093,C,F,3,C,"(2, 5, 9)",viio,D,G,C,386.625,128.0
3094,C,F,3,C,"(2, 5, 9)",viio,D,G,C,386.75,128.0
3095,C,F,3,C,"(2, 5, 9)",viio,D,G,C,386.875,128.0
3096,A,D,0,C,"(2, 5, 9)",ii,D,F,C,387.0,129.0
3097,D,D,1,C,"(2, 5, 9)",ii,D,F,C,387.125,129.0
3098,D,D,2,C,"(2, 5, 9)",ii,D,F,C,387.25,129.0
3099,D,D,2,C,"(2, 5, 9)",ii,D,F,C,387.375,129.0
3100,D,D,3,C,"(2, 5, 9)",ii,D,F,C,387.5,129.0
3101,D,D,3,C,"(2, 5, 9)",ii,D,F,C,387.625,129.0
3102,D,D,3,C,"(2, 5, 9)",ii,D,F,C,387.75,129.0
3103,D,D,3,C,"(2, 5, 9)",ii,D,F,C,387.875,129.0
3104,D,D,4,C,"(2, 5, 9)",ii,D,F,C,388.0,129.0
3105,D,D,4,C,"(2, 5, 9)",ii,D,F,C,388.125,129.0
3106,D,D,4,C,"(2, 5, 9)",ii,D,F,C,388.25,129.0
3107,D,D,4,C,"(2, 5, 9)",ii,D,F,C,388.375,129.0
3108,D,D,4,C,"(2, 5, 9)",ii,D,F,C,388.5,129.0
3109,D,D,4,C,"(2, 5, 9)",ii,D,F,C,388.625,129.0
3110,D,D,4,C,"(2, 5, 9)",ii,D,F,C,388.75,129.0
3111,D,D,4,C,"(2, 5, 9)",ii,D,F,C,388.875,129.0
3112,D,G,0,C,"(2, 5, 7, 11)",V7,F,B,C,389.0,129.0
3113,D,G,1,C,"(2, 5, 7, 11)",V7,F,B,C,389.125,129.0
3114,D,G,2,C,"(2, 5, 7, 11)",V7,F,B,C,389.25,129.0
3115,D,G,2,C,"(2, 5, 7, 11)",V7,F,B,C,389.375,129.0
3116,D,G,3,C,"(2, 5, 7, 11)",V7,F,B,C,389.5,129.0
3117,D,G,3,C,"(2, 5, 7, 11)",V7,F,B,C,389.625,129.0
3118,D,G,3,C,"(2, 5, 7, 11)",V7,F,B,C,389.75,129.0
3119,D,G,3,C,"(2, 5, 7, 11)",V7,F,B,C,389.875,129.0
3120,G,C,0,C,"(0, 4, 7)",I,C,E,C,390.0,130.0
3121,G,C,1,C,"(0, 4, 7)",I,C,E,C,390.125,130.0
3122,G,C,2,C,"(0, 4, 7)",I,C,E,C,390.25,130.0
3123,G,C,2,C,"(0, 4, 7)",I,C,E,C,390.375,130.0
3124,G,C,3,C,"(0, 4, 7)",I,C,E,C,390.5,130.0
3125,G,C,3,C,"(0, 4, 7)",I,C,E,C,390.625,130.0
3126,G,C,3,C,"(0, 4, 7)",I,C,E,C,390.75,130.0
3127,G,C,3,C,"(0, 4, 7)",I,C,E,C,390.875,130.0
3128,G,C,4,C,"(0, 4, 7)",I,C,E,C,391.0,130.0
3129,G,C,4,C,"(0, 4, 7)",I,C,E,C,391.125,130.0
3130,G,C,4,C,"(0, 4, 7)",I,C,E,C,391.25,130.0
3131,G,C,4,C,"(0, 4, 7)",I,C,E,C,391.375,130.0
3132,G,C,4,C,"(0, 4, 7)",I,C,E,C,391.5,130.0
3133,G,C,4,C,"(0, 4, 7)",I,C,E,C,391.625,130.0
3134,G,C,4,C,"(0, 4, 7)",I,C,E,C,391.75,130.0
3135,G,C,4,C,"(0, 4, 7)",I,C,E,C,391.875,130.0
3136,G,C,5,C,"(0, 4, 7)",I,C,E,C,392.0,130.0
3137,G,C,5,C,"(0, 4, 7)",I,C,E,C,392.125,130.0
3138,G,C,5,C,"(0, 4, 7)",I,C,E,C,392.25,130.0
3139,G,C,5,C,"(0, 4, 7)",I,C,E,C,392.375,130.0
3140,G,C,5,C,"(0, 4, 7)",I,C,E,C,392.5,130.0
3141,G,C,5,C,"(0, 4, 7)",I,C,E,C,392.625,130.0
3142,G,C,5,C,"(0, 4, 7)",I,C,E,C,392.75,130.0
3143,G,C,5,C,"(0, 4, 7)",I,C,E,C,392.875,130.0
3144,G,C,0,C,"(0, 4, 7)",I,C,E,C,393.0,131.0
3145,G,C,1,C,"(0, 4, 7)",I,C,E,C,393.125,131.0
3146,G,C,2,C,"(0, 4, 7)",I,C,E,C,393.25,131.0
3147,G,C,2,C,"(0, 4, 7)",I,C,E,C,393.375,131.0
3148,G,C,3,C,"(0, 4, 7)",I,C,E,C,393.5,131.0
3149,G,C,3,C,"(0, 4, 7)",I,C,E,C,393.625,131.0
3150,G,C,3,C,"(0, 4, 7)",I,C,E,C,393.75,131.0
3151,G,C,3,C,"(0, 4, 7)",I,C,E,C,393.875,131.0
3152,G,C,4,C,"(0, 4, 7)",I,C,E,C,394.0,131.0
3153,G,C,4,C,"(0, 4, 7)",I,C,E,C,394.125,131.0
3154,G,C,4,C,"(0, 4, 7)",I,C,E,C,394.25,131.0
3155,G,C,4,C,"(0, 4, 7)",I,C,E,C,394.375,131.0
3156,G,C,4,C,"(0, 4, 7)",I,C,E,C,394.5,131.0
3157,G,C,4,C,"(0, 4, 7)",I,C,E,C,394.625,131.0
3158,G,C,4,C,"(0, 4, 7)",I,C,E,C,394.75,131.0
3159,G,C,4,C,"(0, 4, 7)",I,C,E,C,394.875,131.0
3160,G,C,5,C,"(0, 4, 7)",I,C,E,C,395.0,131.0
3161,G,C,5,C,"(0, 4, 7)",I,C,E,C,395.125,131.0
3162,G,C,5,C,"(0, 4, 7)",I,C,E,C,395.25,131.0
3163,G,C,5,C,"(0, 4, 7)",I,C,E,C,395.375,131.0
3164,G,C,5,C,"(0, 4, 7)",I,C,E,C,395.5,131.0
3165,G,C,5,C,"(0, 4, 7)",I,C,E,C,395.625,131.0
3166,G,C,5,C,"(0, 4, 7)",I,C,E,C,395.75,131.0
3167,G,C,5,C,"(0, 4, 7)",I,C,E,C,395.875,131.0
3168,G,C,0,C,"(0, 4, 7)",I,C,E,C,396.0,132.0
3169,G,C,1,C,"(0, 4, 7)",I,C,E,C,396.125,132.0
3170,G,C,2,C,"(0, 4, 7)",I,C,E,C,396.25,132.0
3171,G,C,2,C,"(0, 4, 7)",I,C,E,C,396.375,132.0
3172,G,C,3,C,"(0, 4, 7)",I,C,E,C,396.5,132.0
3173,G,C,3,C,"(0, 4, 7)",I,C,E,C,396.625,132.0
3174,G,C,3,C,"(0, 4, 7)",I,C,E,C,396.75,132.0
3175,G,C,3,C,"(0, 4, 7)",I,C,E,C,396.875,132.0
3176,G,C,5,C,"(0, 4, 7)",I,C,E,C,397.0,132.0
3177,G,C,5,C,"(0, 4, 7)",I,C,E,C,397.125,132.0
3178,G,C,5,C,"(0, 4, 7)",I,C,E,C,397.25,132.0
3179,G,C,5,C,"(0, 4, 7)",I,C,E,C,397.375,132.0
3180,G,C,5,C,"(0, 4, 7)",I,C,E,C,397.5,132.0
3181,G,C,5,C,"(0, 4, 7)",I,C,E,C,397.625,132.0
3182,G,C,5,C,"(0, 4, 7)",I,C,E,C,397.75,132.0
3183,G,C,5,C,"(0, 4, 7)",I,C,E,C,397.875,132.0
3184,G,C,5,C,"(0, 4, 7)",I,C,E,C,398.0,132.0
3185,G,C,5,C,"(0, 4, 7)",I,C,E,C,398.125,132.0
3186,G,C,5,C,"(0, 4, 7)",I,C,E,C,398.25,132.0
3187,G,C,5,C,"(0, 4, 7)",I,C,E,C,398.375,132.0
3188,G,C,5,C,"(0, 4, 7)",I,C,E,C,398.5,132.0
3189,G,C,5,C,"(0, 4, 7)",I,C,E,C,398.625,132.0
3190,G,C,5,C,"(0, 4, 7)",I,C,E,C,398.75,132.0
3191,G,C,5,C,"(0, 4, 7)",I,C,E,C,398.875,132.0
3192,G,C,0,C,"(0, 3, 7)",i,C,E-,C,399.0,133.0
3193,G,C,1,C,"(0, 3, 7)",i,C,E-,C,399.125,133.0
3194,G,C,2,C,"(0, 3, 7)",i,C,E-,C,399.25,133.0
3195,G,C,2,C,"(0, 3, 7)",i,C,E-,C,399.375,133.0
3196,G,C,3,C,"(0, 3, 7)",i,C,E-,C,399.5,133.0
3197,G,C,3,C,"(0, 3, 7)",i,C,E-,C,399.625,133.0
3198,G,C,3,C,"(0, 3, 7)",i,C,E-,C,399.75,133.0
3199,G,C,3,C,"(0, 3, 7)",i,C,E-,C,399.875,133.0
3200,G,C,0,c,"(0, 3, 8)",I,C,E-,c,400.0,133.0
3201,G,C,1,c,"(0, 3, 7)",i,C,E-,c,400.125,133.0
3202,G,C,2,c,"(0, 3, 7)",i,C,E-,c,400.25,133.0
3203,G,C,2,c,"(0, 3, 7)",i,C,E-,c,400.375,133.0
3204,G,C,3,c,"(0, 3, 7)",i,C,E-,c,400.5,133.0
3205,G,C,3,c,"(0, 3, 7)",i,C,E-,c,400.625,133.0
3206,G,C,3,c,"(0, 3, 7)",i,C,E-,c,400.75,133.0
3207,G,C,3,c,"(0, 3, 7)",i,C,E-,c,400.875,133.0
3208,G,C,5,c,"(0, 3, 7)",i,C,E-,c,401.0,133.0
3209,G,C,5,c,"(0, 3, 7)",i,C,E-,c,401.125,133.0
3210,G,C,5,c,"(0, 3, 7)",i,C,E-,c,401.25,133.0
3211,G,C,5,c,"(0, 3, 7)",i,C,E-,c,401.375,133.0
3212,G,C,5,c,"(0, 3, 7)",i,C,E-,c,401.5,133.0
3213,G,C,5,c,"(0, 3, 7)",i,C,E-,c,401.625,133.0
3214,G,C,5,c,"(0, 3, 7)",i,C,E-,c,401.75,133.0
3215,G,C,5,c,"(0, 3, 7)",i,C,E-,c,401.875,133.0
3216,A-,C,0,c,"(0, 5, 8)",iv,F,F,c,402.0,134.0
3217,A-,C,1,c,"(0, 5, 8)",iv,F,F,c,402.125,134.0
3218,A-,C,2,c,"(0, 5, 8)",iv,F,F,c,402.25,134.0
3219,A-,C,2,c,"(0, 5, 8)",iv,F,F,c,402.375,134.0
3220,A-,C,3,c,"(0, 5, 8)",iv,F,F,c,402.5,134.0
3221,A-,C,3,c,"(0, 5, 8)",iv,F,F,c,402.625,134.0
3222,A-,C,3,c,"(0, 5, 8)",iv,F,F,c,402.75,134.0
3223,A-,C,3,c,"(0, 5, 8)",iv,F,F,c,402.875,134.0
3224,A-,C,4,c,"(0, 5, 8)",iv,F,F,c,403.0,134.0
3225,A-,C,4,c,"(0, 5, 8)",iv,F,F,c,403.125,134.0
3226,A-,C,4,c,"(0, 5, 8)",iv,F,F,c,403.25,134.0
3227,A-,C,4,c,"(0, 5, 8)",iv,F,F,c,403.375,134.0
3228,A-,C,4,c,"(0, 5, 8)",iv,F,F,c,403.5,134.0
3229,A-,C,4,c,"(0, 5, 8)",iv,F,F,c,403.625,134.0
3230,A-,C,4,c,"(0, 5, 8)",iv,F,F,c,403.75,134.0
3231,A-,C,4,c,"(0, 5, 8)",iv,F,F,c,403.875,134.0
3232,F,C,5,c,"(0, 5, 8)",i,F,F,c,404.0,134.0
3233,F,C,5,c,"(0, 5, 8)",i,F,F,c,404.125,134.0
3234,F,C,5,c,"(0, 5, 8)",i,F,F,c,404.25,134.0
3235,F,C,5,c,"(0, 5, 8)",i,F,F,c,404.375,134.0
3236,F,C,5,c,"(0, 5, 8)",i,F,F,c,404.5,134.0
3237,F,C,5,c,"(0, 5, 8)",i,F,F,c,404.625,134.0
3238,A-,C,5,c,"(0, 5, 8)",i,F,F,c,404.75,134.0
3239,A-,C,5,c,"(0, 5, 8)",i,F,F,c,404.875,134.0
3240,F,F,0,c,"(0, 2, 5, 8)",viio7,A-,D,c,405.0,135.0
3241,F,F,1,c,"(0, 2, 5, 8)",viio7,A-,D,c,405.125,135.0
3242,F,F,2,c,"(0, 2, 5, 8)",viio7,A-,D,c,405.25,135.0
3243,F,F,2,c,"(0, 2, 5, 8)",viio7,A-,D,c,405.375,135.0
3244,F,F,3,c,"(0, 2, 5, 8)",viio7,A-,D,c,405.5,135.0
3245,F,F,3,c,"(0, 2, 5, 8)",viio7,A-,D,c,405.625,135.0
3246,F,F,3,c,"(0, 2, 5, 8)",viio7,A-,D,c,405.75,135.0
3247,F,F,3,c,"(0, 2, 5, 8)",viio7,A-,D,c,405.875,135.0
3248,F,F,4,c,"(0, 2, 5, 8)",viio7,A-,D,c,406.0,135.0
3249,F,F,4,c,"(0, 2, 5, 8)",viio7,A-,D,c,406.125,135.0
3250,F,F,4,c,"(0, 2, 5, 8)",viio7,A-,D,c,406.25,135.0
3251,F,F,4,c,"(0, 2, 5, 8)",viio7,A-,D,c,406.375,135.0
3252,F,F,4,c,"(0, 2, 5, 8)",viio7,A-,D,c,406.5,135.0
3253,F,F,4,c,"(0, 2, 5, 8)",viio7,A-,D,c,406.625,135.0
3254,F,F,4,c,"(0, 2, 5, 8)",viio7,A-,D,c,406.75,135.0
3255,F,F,4,c,"(0, 2, 5, 8)",viio7,A-,D,c,406.875,135.0
3256,F,F,5,c,"(2, 5, 8, 11)",viio7,A-,D,c,407.0,135.0
3257,F,F,5,c,"(2, 5, 8, 11)",viio7,A-,D,c,407.125,135.0
3258,F,F,5,c,"(2, 5, 8, 11)",viio7,A-,D,c,407.25,135.0
3259,F,F,5,c,"(2, 5, 8, 11)",viio7,A-,D,c,407.375,135.0
3260,F,F,5,c,"(2, 5, 8, 11)",viio7,A-,D,c,407.5,135.0
3261,F,F,5,c,"(2, 5, 8, 11)",viio7,A-,D,c,407.625,135.0
3262,F,F,5,c,"(2, 5, 8, 11)",viio7,A-,D,c,407.75,135.0
3263,F,F,5,c,"(2, 5, 8, 11)",viio7,A-,D,c,407.875,135.0
3264,G,C,0,c,"(0, 3, 7)",i,C,E-,c,408.0,136.0
3265,G,C,1,c,"(0, 3, 7)",i,C,E-,c,408.125,136.0
3266,G,C,2,c,"(0, 3, 7)",i,C,E-,c,408.25,136.0
3267,G,C,2,c,"(0, 3, 7)",i,C,E-,c,408.375,136.0
3268,G,C,3,c,"(0, 3, 7)",i,C,E-,c,408.5,136.0
3269,G,C,3,c,"(0, 3, 7)",i,C,E-,c,408.625,136.0
3270,G,C,3,c,"(0, 3, 7)",i,C,E-,c,408.75,136.0
3271,G,C,3,c,"(0, 3, 7)",i,C,E-,c,408.875,136.0
3272,G,C,4,c,"(0, 3, 7)",i,C,E-,c,409.0,136.0
3273,G,C,4,c,"(0, 3, 7)",i,C,E-,c,409.125,136.0
3274,G,C,4,c,"(0, 3, 7)",i,C,E-,c,409.25,136.0
3275,G,C,4,c,"(0, 3, 7)",i,C,E-,c,409.375,136.0
3276,G,C,4,c,"(0, 3, 7)",i,C,E-,c,409.5,136.0
3277,G,C,4,c,"(0, 3, 7)",i,C,E-,c,409.625,136.0
3278,G,C,4,c,"(0, 3, 7)",i,C,E-,c,409.75,136.0
3279,G,C,4,c,"(0, 3, 7)",i,C,E-,c,409.875,136.0
3280,C,E-,5,c,"(0, 3, 7)",i,C,G,c,410.0,136.0
3281,C,E-,5,c,"(0, 3, 7)",i,C,G,c,410.125,136.0
3282,C,E-,5,c,"(0, 3, 7)",i,C,G,c,410.25,136.0
3283,C,E-,5,c,"(0, 3, 7)",i,C,G,c,410.375,136.0
3284,C,E-,5,c,"(0, 3, 7)",i,C,G,c,410.5,136.0
3285,C,E-,5,c,"(0, 3, 7)",i,C,G,c,410.625,136.0
3286,C,E-,5,c,"(0, 3, 7)",i,C,G,c,410.75,136.0
3287,C,E-,5,c,"(0, 3, 7)",i,C,G,c,410.875,136.0
3288,C,F,0,c,"(0, 2, 5, 8)",iiø7,D,A-,c,411.0,137.0
3289,C,F,1,c,"(0, 2, 5, 8)",iiø7,D,A-,c,411.125,137.0
3290,C,F,2,c,"(0, 2, 5, 8)",iiø7,D,A-,c,411.25,137.0
3291,C,F,2,c,"(0, 2, 5, 8)",iiø7,D,A-,c,411.375,137.0
3292,C,F,3,c,"(0, 2, 5, 8)",iiø7,D,A-,c,411.5,137.0
3293,C,F,3,c,"(0, 2, 5, 8)",iiø7,D,A-,c,411.625,137.0
3294,C,F,3,c,"(0, 2, 5, 8)",iiø7,D,A-,c,411.75,137.0
3295,C,F,3,c,"(0, 2, 5, 8)",iiø7,D,A-,c,411.875,137.0
3296,C,F,4,c,"(0, 2, 5, 8)",iiø7,D,A-,c,412.0,137.0
3297,C,F,4,c,"(0, 2, 5, 8)",iiø7,D,A-,c,412.125,137.0
3298,C,F,4,c,"(0, 2, 5, 8)",iiø7,D,A-,c,412.25,137.0
3299,C,F,4,c,"(0, 2, 5, 8)",iiø7,D,A-,c,412.375,137.0
3300,C,F,4,c,"(0, 2, 5, 8)",iiø7,D,A-,c,412.5,137.0
3301,C,F,4,c,"(0, 2, 5, 8)",iiø7,D,A-,c,412.625,137.0
3302,C,F,4,c,"(0, 2, 5, 8)",iiø7,D,A-,c,412.75,137.0
3303,C,F,4,c,"(0, 2, 5, 8)",iiø7,D,A-,c,412.875,137.0
3304,C,G,0,c,"(0, 4, 7, 10)",V7,E,B-,f,413.0,137.0
3305,C,G,1,c,"(0, 4, 7, 10)",V7,E,B-,f,413.125,137.0
3306,C,G,2,c,"(0, 4, 7, 10)",V7,E,B-,f,413.25,137.0
3307,C,G,2,c,"(0, 4, 7, 10)",V7,E,B-,f,413.375,137.0
3308,C,G,3,c,"(0, 4, 7, 10)",V7,E,B-,f,413.5,137.0
3309,C,G,3,c,"(0, 4, 7, 10)",V7,E,B-,f,413.625,137.0
3310,C,G,3,c,"(0, 4, 7, 10)",V7,E,B-,f,413.75,137.0
3311,C,G,3,c,"(0, 4, 7, 10)",V7,E,B-,f,413.875,137.0
3312,F,A-,0,c,"(0, 5, 8)",i,F,C,f,414.0,138.0
3313,F,A-,1,c,"(0, 5, 8)",i,F,C,f,414.125,138.0
3314,F,A-,2,c,"(0, 5, 8)",i,F,C,f,414.25,138.0
3315,F,A-,2,c,"(0, 5, 8)",i,F,C,f,414.375,138.0
3316,F,A-,3,c,"(0, 5, 8)",i,F,C,f,414.5,138.0
3317,F,A-,3,c,"(0, 5, 8)",i,F,C,f,414.625,138.0
3318,F,A-,3,c,"(0, 5, 8)",i,F,C,f,414.75,138.0
3319,F,A-,3,c,"(0, 5, 8)",i,F,C,f,414.875,138.0
3320,F,A-,4,c,"(0, 5, 8)",i,F,C,f,415.0,138.0
3321,F,A-,4,c,"(0, 5, 8)",i,F,C,f,415.125,138.0
3322,F,A-,4,c,"(0, 5, 8)",i,F,C,f,415.25,138.0
3323,F,A-,4,c,"(0, 5, 8)",i,F,C,f,415.375,138.0
3324,F,A-,4,c,"(0, 5, 8)",i,F,C,f,415.5,138.0
3325,F,A-,4,c,"(0, 5, 8)",i,F,C,f,415.625,138.0
3326,F,A-,4,c,"(0, 5, 8)",i,F,C,f,415.75,138.0
3327,F,A-,4,c,"(0, 5, 8)",i,F,C,f,415.875,138.0
3328,C,E,0,c,"(0, 4, 7)",V,C,G,f,416.0,138.0
3329,C,E,1,c,"(0, 4, 7)",V,C,G,f,416.125,138.0
3330,C,E,2,c,"(0, 4, 7)",V,C,G,f,416.25,138.0
3331,C,E,2,c,"(0, 4, 7)",V,C,G,f,416.375,138.0
3332,C,E,3,c,"(0, 4, 7)",V,C,G,f,416.5,138.0
3333,C,E,3,c,"(0, 4, 7)",V,C,G,f,416.625,138.0
3334,C,E,3,c,"(0, 4, 7)",V,C,G,f,416.75,138.0
3335,C,E,3,c,"(0, 4, 7)",V,C,G,f,416.875,138.0
3336,C,F,0,c,"(0, 5, 8)",ii,F,A-,c,417.0,139.0
3337,C,F,1,c,"(0, 5, 8)",ii,F,A-,c,417.125,139.0
3338,C,F,2,c,"(0, 5, 8)",ii,F,A-,c,417.25,139.0
3339,C,F,2,c,"(0, 5, 8)",ii,F,A-,c,417.375,139.0
3340,C,F,3,c,"(0, 5, 8)",ii,F,A-,c,417.5,139.0
3341,C,F,3,c,"(0, 5, 8)",ii,F,A-,c,417.625,139.0
3342,C,F,3,c,"(0, 5, 8)",ii,D,A-,c,417.75,139.0
3343,C,F,3,c,"(0, 5, 8)",ii,D,A-,c,417.875,139.0
3344,C,F,4,c,"(0, 5, 8)",V7,D,A-,c,418.0,139.0
3345,C,F,4,c,"(0, 5, 8)",V7,D,A-,c,418.125,139.0
3346,C,F,4,c,"(0, 5, 8)",V7,D,A-,c,418.25,139.0
3347,C,F,4,c,"(0, 5, 8)",V7,D,A-,c,418.375,139.0
3348,C,F,4,c,"(0, 5, 8)",V,D,A-,c,418.5,139.0
3349,C,F,4,c,"(0, 5, 8)",V,D,A-,c,418.625,139.0
3350,C,F,4,c,"(0, 5, 8)",V,D,A-,c,418.75,139.0
3351,C,F,4,c,"(0, 5, 8)",V,D,A-,c,418.875,139.0
3352,C,F,5,c,"(2, 5, 8)",V,D,A-,c,419.0,139.0
3353,C,F,5,c,"(2, 5, 8)",V,D,A-,c,419.125,139.0
3354,C,F,5,c,"(2, 5, 8)",V,D,A-,c,419.25,139.0
3355,C,F,5,c,"(2, 5, 8)",V,D,A-,c,419.375,139.0
3356,C,F,5,c,"(2, 5, 8)",V,D,A-,c,419.5,139.0
3357,C,F,5,c,"(2, 5, 8)",V,D,A-,c,419.625,139.0
3358,C,F,5,c,"(2, 5, 8)",V,D,A-,c,419.75,139.0
3359,C,F,5,c,"(2, 5, 8)",V,D,A-,c,419.875,139.0
3360,E-,G,0,c,"(0, 3, 7)",i,G,B,c,420.0,140.0
3361,E-,G,1,c,"(0, 3, 7)",i,G,B,c,420.125,140.0
3362,E-,G,2,c,"(0, 3, 7)",i,G,B,c,420.25,140.0
3363,E-,G,2,c,"(0, 3, 7)",i,G,B,c,420.375,140.0
3364,E-,G,3,c,"(0, 3, 7)",i,G,B,c,420.5,140.0
3365,E-,G,3,c,"(0, 3, 7)",i,G,B,c,420.625,140.0
3366,E-,G,3,c,"(0, 3, 7)",i,G,B,c,420.75,140.0
3367,E-,G,3,c,"(0, 3, 7)",i,G,B,c,420.875,140.0
3368,D,G,4,c,"(2, 7, 11)",V,G,B,c,421.0,140.0
3369,D,G,4,c,"(2, 7, 11)",V,G,B,c,421.125,140.0
3370,D,G,4,c,"(2, 7, 11)",V,G,B,c,421.25,140.0
3371,D,G,4,c,"(2, 7, 11)",V,G,B,c,421.375,140.0
3372,D,G,3,c,"(2, 7, 11)",V,G,B,c,421.5,140.0
3373,D,G,3,c,"(2, 7, 11)",V,G,B,c,421.625,140.0
3374,D,G,3,c,"(2, 7, 11)",V,G,B,c,421.75,140.0
3375,D,G,3,c,"(2, 7, 11)",V,G,B,c,421.875,140.0
3376,D,G,0,c,"(2, 7, 10)",V,G,B-,E-,422.0,140.0
3377,D,G,1,c,"(3, 7, 10)",V,G,B-,E-,422.125,140.0
3378,D,G,2,c,"(3, 7, 10)",V,G,B-,E-,422.25,140.0
3379,D,G,2,c,"(3, 7, 10)",V,G,B-,E-,422.375,140.0
3380,D,G,3,c,"(3, 7, 10)",V,G,B-,E-,422.5,140.0
3381,D,G,3,c,"(3, 7, 10)",V,G,B-,E-,422.625,140.0
3382,D,G,3,c,"(3, 7, 10)",V,G,B-,E-,422.75,140.0
3383,D,G,3,c,"(3, 7, 10)",V,G,B-,E-,422.875,140.0
3384,B-,E-,0,E-,"(3, 7, 10)",I,E-,G,E-,423.0,141.0
3385,B-,E-,1,E-,"(3, 7, 10)",I,E-,G,E-,423.125,141.0
3386,B-,E-,2,E-,"(3, 7, 10)",I,E-,G,E-,423.25,141.0
3387,B-,E-,2,E-,"(3, 7, 10)",I,E-,G,E-,423.375,141.0
3388,B-,E-,3,E-,"(3, 7, 10)",I,E-,G,E-,423.5,141.0
3389,B-,E-,3,E-,"(3, 7, 10)",I,E-,G,E-,423.625,141.0
3390,B-,E-,3,E-,"(3, 7, 10)",I,E-,G,E-,423.75,141.0
3391,B-,E-,3,E-,"(3, 7, 10)",I,E-,G,E-,423.875,141.0
3392,B-,E-,4,E-,"(3, 7, 10)",I,E-,G,E-,424.0,141.0
3393,B-,E-,4,E-,"(3, 7, 10)",I,E-,G,E-,424.125,141.0
3394,B-,E-,4,E-,"(3, 7, 10)",I,E-,G,E-,424.25,141.0
3395,B-,E-,4,E-,"(3, 7, 10)",I,E-,G,E-,424.375,141.0
3396,B-,E-,4,E-,"(3, 7, 10)",I,E-,G,E-,424.5,141.0
3397,B-,E-,4,E-,"(3, 7, 10)",I,E-,G,E-,424.625,141.0
3398,B-,E-,4,E-,"(3, 7, 10)",I,E-,G,E-,424.75,141.0
3399,B-,E-,4,E-,"(3, 7, 10)",I,E-,G,E-,424.875,141.0
3400,B-,E-,5,E-,"(3, 7, 10)",I,E-,G,E-,425.0,141.0
3401,B-,E-,5,E-,"(3, 7, 10)",I,E-,G,E-,425.125,141.0
3402,B-,E-,5,E-,"(3, 7, 10)",I,E-,G,E-,425.25,141.0
3403,B-,E-,5,E-,"(3, 7, 10)",I,E-,G,E-,425.375,141.0
3404,B-,E-,5,E-,"(3, 7, 10)",I,E-,G,E-,425.5,141.0
3405,B-,E-,5,E-,"(3, 7, 10)",I,E-,G,E-,425.625,141.0
3406,B-,E-,5,E-,"(3, 7, 10)",I,E-,G,E-,425.75,141.0
3407,B-,E-,5,E-,"(3, 7, 10)",I,E-,G,E-,425.875,141.0
3408,A-,E-,0,E-,"(0, 3, 5, 8)",ii7,C,F,E-,426.0,142.0
3409,A-,E-,1,E-,"(0, 3, 5, 8)",ii7,C,F,E-,426.125,142.0
3410,A-,E-,2,E-,"(0, 3, 5, 8)",ii7,C,F,E-,426.25,142.0
3411,A-,E-,2,E-,"(0, 3, 5, 8)",ii7,C,F,E-,426.375,142.0
3412,A-,E-,3,E-,"(0, 3, 5, 8)",ii7,C,F,E-,426.5,142.0
3413,A-,E-,3,E-,"(0, 3, 5, 8)",ii7,C,F,E-,426.625,142.0
3414,A-,E-,3,E-,"(0, 3, 5, 8)",ii7,C,F,E-,426.75,142.0
3415,A-,E-,3,E-,"(0, 3, 5, 8)",ii7,C,F,E-,426.875,142.0
3416,A-,E-,4,E-,"(0, 3, 5, 8)",ii7,C,F,E-,427.0,142.0
3417,A-,E-,4,E-,"(0, 3, 5, 8)",ii7,C,F,E-,427.125,142.0
3418,A-,E-,4,E-,"(0, 3, 5, 8)",ii7,C,F,E-,427.25,142.0
3419,A-,E-,4,E-,"(0, 3, 5, 8)",ii7,C,F,E-,427.375,142.0
3420,A-,E-,4,E-,"(0, 3, 5, 8)",ii7,C,F,E-,427.5,142.0
3421,A-,E-,4,E-,"(0, 3, 5, 8)",ii7,C,F,E-,427.625,142.0
3422,A-,E-,4,E-,"(0, 3, 5, 8)",ii7,C,F,E-,427.75,142.0
3423,A-,E-,4,E-,"(0, 3, 5, 8)",ii7,C,F,E-,427.875,142.0
3424,A-,E-,5,E-,"(0, 3, 5, 8)",ii7,C,F,E-,428.0,142.0
3425,A-,E-,5,E-,"(0, 3, 5, 8)",ii7,C,F,E-,428.125,142.0
3426,A-,E-,5,E-,"(0, 3, 5, 8)",ii7,C,F,E-,428.25,142.0
3427,A-,E-,5,E-,"(0, 3, 5, 8)",ii7,C,F,E-,428.375,142.0
3428,A-,E-,5,E-,"(0, 3, 5, 8)",ii7,C,F,E-,428.5,142.0
3429,A-,E-,5,E-,"(0, 3, 5, 8)",ii7,C,F,E-,428.625,142.0
3430,A-,E-,5,E-,"(0, 3, 5, 8)",ii7,C,F,E-,428.75,142.0
3431,A-,E-,5,E-,"(0, 3, 5, 8)",ii7,C,F,E-,428.875,142.0
3432,A-,D,0,E-,"(2, 5, 8, 10)",V7,B-,F,E-,429.0,143.0
3433,A-,D,1,E-,"(2, 5, 8, 10)",V7,B-,F,E-,429.125,143.0
3434,A-,D,2,E-,"(2, 5, 8, 10)",V7,B-,F,E-,429.25,143.0
3435,A-,D,2,E-,"(2, 5, 8, 10)",V7,B-,F,E-,429.375,143.0
3436,A-,D,3,E-,"(2, 5, 8, 10)",V7,B-,F,E-,429.5,143.0
3437,A-,D,3,E-,"(2, 5, 8, 10)",V7,B-,F,E-,429.625,143.0
3438,A-,D,3,E-,"(2, 5, 8, 10)",V7,B-,F,E-,429.75,143.0
3439,A-,D,3,E-,"(2, 5, 8, 10)",V7,B-,F,E-,429.875,143.0
3440,A-,D,4,E-,"(2, 5, 8, 10)",V7,B-,F,E-,430.0,143.0
3441,A-,D,4,E-,"(2, 5, 8, 10)",V7,B-,F,E-,430.125,143.0
3442,A-,D,4,E-,"(2, 5, 8, 10)",V7,B-,F,E-,430.25,143.0
3443,A-,D,4,E-,"(2, 5, 8, 10)",V7,B-,F,E-,430.375,143.0
3444,A-,D,4,E-,"(2, 5, 8, 10)",V7,B-,F,E-,430.5,143.0
3445,A-,D,4,E-,"(2, 5, 8, 10)",V7,B-,F,E-,430.625,143.0
3446,A-,D,4,E-,"(2, 5, 8, 10)",V7,B-,F,E-,430.75,143.0
3447,A-,D,4,E-,"(2, 5, 8, 10)",V7,B-,F,E-,430.875,143.0
3448,A-,D,5,E-,"(2, 5, 8, 10)",V7,B-,F,E-,431.0,143.0
3449,A-,D,5,E-,"(2, 5, 8, 10)",V7,B-,F,E-,431.125,143.0
3450,A-,D,5,E-,"(2, 5, 8, 10)",V7,B-,F,E-,431.25,143.0
3451,A-,D,5,E-,"(2, 5, 8, 10)",V7,B-,F,E-,431.375,143.0
3452,A-,D,5,E-,"(2, 5, 8, 10)",V7,B-,F,E-,431.5,143.0
3453,A-,D,5,E-,"(2, 5, 8, 10)",V7,B-,F,E-,431.625,143.0
3454,A-,D,5,E-,"(2, 5, 8, 10)",V7,B-,F,E-,431.75,143.0
3455,A-,D,5,E-,"(2, 5, 8, 10)",V7,B-,F,E-,431.875,143.0
3456,A-,D,0,E-,"(2, 5, 8, 10)",V7,B-,F,E-,432.0,144.0
3457,A-,D,1,E-,"(2, 5, 8, 10)",V7,B-,F,E-,432.125,144.0
3458,A-,D,2,E-,"(2, 5, 8, 10)",V7,B-,F,E-,432.25,144.0
3459,A-,D,2,E-,"(2, 5, 8, 10)",V7,B-,F,E-,432.375,144.0
3460,A-,D,3,E-,"(2, 5, 8, 10)",V7,B-,F,E-,432.5,144.0
3461,A-,D,3,E-,"(2, 5, 8, 10)",V7,B-,F,E-,432.625,144.0
3462,A-,D,3,E-,"(2, 5, 8, 10)",V7,B-,F,E-,432.75,144.0
3463,A-,D,3,E-,"(2, 5, 8, 10)",V7,B-,F,E-,432.875,144.0
3464,A-,D,4,E-,"(2, 5, 8, 10)",V7,B-,F,E-,433.0,144.0
3465,A-,D,4,E-,"(2, 5, 8, 10)",V7,B-,F,E-,433.125,144.0
3466,A-,D,4,E-,"(2, 5, 8, 10)",V7,B-,F,E-,433.25,144.0
3467,A-,D,4,E-,"(2, 5, 8, 10)",V7,B-,F,E-,433.375,144.0
3468,A-,D,4,E-,"(2, 5, 8, 10)",V7,B-,F,E-,433.5,144.0
3469,A-,D,4,E-,"(2, 5, 8, 10)",V7,B-,F,E-,433.625,144.0
3470,A-,D,4,E-,"(2, 5, 8, 10)",V7,B-,F,E-,433.75,144.0
3471,A-,D,4,E-,"(2, 5, 8, 10)",V7,B-,F,E-,433.875,144.0
3472,A-,D,5,E-,"(2, 5, 8, 10)",V7,B-,F,E-,434.0,144.0
3473,A-,D,5,E-,"(2, 5, 8, 10)",V7,B-,F,E-,434.125,144.0
3474,A-,D,5,E-,"(2, 5, 8, 10)",V7,B-,F,E-,434.25,144.0
3475,A-,D,5,E-,"(2, 5, 8, 10)",V7,B-,F,E-,434.375,144.0
3476,A-,D,5,E-,"(2, 5, 8, 10)",V7,B-,F,E-,434.5,144.0
3477,A-,D,5,E-,"(2, 5, 8, 10)",V7,B-,F,E-,434.625,144.0
3478,A-,D,5,E-,"(2, 5, 8, 10)",V7,B-,F,E-,434.75,144.0
3479,A-,D,5,E-,"(2, 5, 8, 10)",V7,B-,F,E-,434.875,144.0
3480,E-,G,0,E-,"(3, 7, 10)",I,E-,B-,E-,435.0,145.0
3481,E-,G,1,E-,"(3, 7, 10)",I,E-,B-,E-,435.125,145.0
3482,E-,G,2,E-,"(3, 7, 10)",I,E-,B-,E-,435.25,145.0
3483,E-,G,2,E-,"(3, 7, 10)",I,E-,B-,E-,435.375,145.0
3484,E-,G,3,E-,"(3, 7, 10)",I,E-,B-,E-,435.5,145.0
3485,E-,G,3,E-,"(3, 7, 10)",I,E-,B-,E-,435.625,145.0
3486,E-,G,3,E-,"(3, 7, 10)",I,E-,B-,E-,435.75,145.0
3487,E-,G,3,E-,"(3, 7, 10)",I,E-,B-,E-,435.875,145.0
3488,E-,G,4,E-,"(3, 7, 10)",I,E-,B-,E-,436.0,145.0
3489,E-,G,4,E-,"(3, 7, 10)",I,E-,B-,E-,436.125,145.0
3490,E-,G,4,E-,"(3, 7, 10)",I,E-,B-,E-,436.25,145.0
3491,E-,G,4,E-,"(3, 7, 10)",I,E-,B-,E-,436.375,145.0
3492,E-,G,4,E-,"(3, 7, 10)",I,E-,B-,E-,436.5,145.0
3493,E-,G,4,E-,"(3, 7, 10)",I,E-,B-,E-,436.625,145.0
3494,E-,G,4,E-,"(3, 7, 10)",I,E-,B-,E-,436.75,145.0
3495,E-,G,4,E-,"(3, 7, 10)",I,E-,B-,E-,436.875,145.0
3496,E-,G,5,E-,"(3, 7, 10)",I,E-,B-,E-,437.0,145.0
3497,E-,G,5,E-,"(3, 7, 10)",I,E-,B-,E-,437.125,145.0
3498,E-,G,5,E-,"(3, 7, 10)",I,E-,B-,E-,437.25,145.0
3499,E-,G,5,E-,"(3, 7, 10)",I,E-,B-,E-,437.375,145.0
3500,E-,G,5,E-,"(3, 7, 10)",I,E-,B-,E-,437.5,145.0
3501,E-,G,5,E-,"(3, 7, 10)",I,E-,B-,E-,437.625,145.0
3502,E-,G,5,E-,"(3, 7, 10)",I,E-,B-,E-,437.75,145.0
3503,E-,G,5,E-,"(3, 7, 10)",I,E-,B-,E-,437.875,145.0
3504,E-,A-,0,E-,"(0, 5, 8)",IV,F,C,E-,438.0,146.0
3505,E-,A-,1,E-,"(0, 5, 8)",IV,F,C,E-,438.125,146.0
3506,E-,A-,2,E-,"(0, 5, 8)",IV,F,C,E-,438.25,146.0
3507,E-,A-,2,E-,"(0, 5, 8)",IV,F,C,E-,438.375,146.0
3508,E-,A-,3,E-,"(0, 5, 8)",IV,F,C,E-,438.5,146.0
3509,E-,A-,3,E-,"(0, 5, 8)",IV,F,C,E-,438.625,146.0
3510,E-,A-,3,E-,"(0, 5, 8)",IV,F,C,E-,438.75,146.0
3511,E-,A-,3,E-,"(0, 5, 8)",IV,F,C,E-,438.875,146.0
3512,F,A-,4,E-,"(0, 5, 8)",IV,F,C,E-,439.0,146.0
3513,F,A-,4,E-,"(0, 5, 8)",IV,F,C,E-,439.125,146.0
3514,F,A-,4,E-,"(0, 5, 8)",IV,F,C,E-,439.25,146.0
3515,F,A-,4,E-,"(0, 5, 8)",IV,F,C,E-,439.375,146.0
3516,F,A-,4,E-,"(0, 5, 8)",IV,F,C,E-,439.5,146.0
3517,F,A-,4,E-,"(0, 5, 8)",IV,F,C,E-,439.625,146.0
3518,F,A-,4,E-,"(0, 5, 8)",IV,F,C,E-,439.75,146.0
3519,F,A-,4,E-,"(0, 5, 8)",IV,F,C,E-,439.875,146.0
3520,F,A-,5,E-,"(0, 5, 8)",ii,F,C,E-,440.0,146.0
3521,F,A-,5,E-,"(0, 5, 8)",IV,F,C,E-,440.125,146.0
3522,F,A-,5,E-,"(0, 5, 8)",IV,F,C,E-,440.25,146.0
3523,F,A-,5,E-,"(0, 5, 8)",IV,F,C,E-,440.375,146.0
3524,F,A-,5,E-,"(0, 5, 8)",IV,F,C,E-,440.5,146.0
3525,F,A-,5,E-,"(0, 5, 8)",IV,F,C,E-,440.625,146.0
3526,F,A-,5,E-,"(0, 5, 8)",IV,F,C,E-,440.75,146.0
3527,F,A-,5,E-,"(0, 5, 8)",IV,F,C,E-,440.875,146.0
3528,F,B-,0,E-,"(2, 5, 8, 10)",V7,A-,D,E-,441.0,147.0
3529,F,B-,1,E-,"(2, 5, 8, 10)",V7,A-,D,E-,441.125,147.0
3530,F,B-,2,E-,"(2, 5, 8, 10)",V7,A-,D,E-,441.25,147.0
3531,F,B-,2,E-,"(2, 5, 8, 10)",V7,A-,D,E-,441.375,147.0
3532,F,B-,3,E-,"(2, 5, 8, 10)",V7,A-,D,E-,441.5,147.0
3533,F,B-,3,E-,"(2, 5, 8, 10)",V7,A-,D,E-,441.625,147.0
3534,F,B-,3,E-,"(2, 5, 8, 10)",V7,A-,D,E-,441.75,147.0
3535,F,B-,3,E-,"(2, 5, 8, 10)",V7,A-,D,E-,441.875,147.0
3536,F,B-,4,E-,"(2, 5, 8, 10)",V7,A-,D,E-,442.0,147.0
3537,F,B-,4,E-,"(2, 5, 8, 10)",V7,A-,D,E-,442.125,147.0
3538,F,B-,4,E-,"(2, 5, 8, 10)",V7,A-,D,E-,442.25,147.0
3539,F,B-,4,E-,"(2, 5, 8, 10)",V7,A-,D,E-,442.375,147.0
3540,F,B-,4,E-,"(2, 5, 8, 10)",V7,A-,D,E-,442.5,147.0
3541,F,B-,4,E-,"(2, 5, 8, 10)",V7,A-,D,E-,442.625,147.0
3542,F,B-,4,E-,"(2, 5, 8, 10)",V7,A-,D,E-,442.75,147.0
3543,F,B-,4,E-,"(2, 5, 8, 10)",V7,A-,D,E-,442.875,147.0
3544,F,B-,5,E-,"(2, 5, 8, 10)",V7,A-,D,E-,443.0,147.0
3545,F,B-,5,E-,"(2, 5, 8, 10)",V7,A-,D,E-,443.125,147.0
3546,F,B-,5,E-,"(2, 5, 8, 10)",V7,A-,D,E-,443.25,147.0
3547,F,B-,5,E-,"(2, 5, 8, 10)",V7,A-,D,E-,443.375,147.0
3548,F,B-,5,E-,"(2, 5, 8, 10)",V7,A-,D,E-,443.5,147.0
3549,F,B-,5,E-,"(2, 5, 8, 10)",V7,A-,D,E-,443.625,147.0
3550,F,B-,5,E-,"(2, 5, 8, 10)",V7,A-,D,E-,443.75,147.0
3551,F,B-,5,E-,"(2, 5, 8, 10)",V7,A-,D,E-,443.875,147.0
3552,B-,E-,0,E-,"(3, 7, 10)",I,E-,G,E-,444.0,148.0
3553,B-,E-,1,E-,"(3, 7, 10)",I,E-,G,E-,444.125,148.0
3554,B-,E-,2,E-,"(3, 7, 10)",I,E-,G,E-,444.25,148.0
3555,B-,E-,2,E-,"(3, 7, 10)",I,E-,G,E-,444.375,148.0
3556,B-,E-,3,E-,"(3, 7, 10)",I,E-,G,E-,444.5,148.0
3557,B-,E-,3,E-,"(3, 7, 10)",I,E-,G,E-,444.625,148.0
3558,B-,E-,3,E-,"(3, 7, 10)",I,E-,G,E-,444.75,148.0
3559,B-,E-,3,E-,"(3, 7, 10)",I,E-,G,E-,444.875,148.0
3560,B-,E-,4,E-,"(3, 7, 10)",I,E-,G,E-,445.0,148.0
3561,B-,E-,4,E-,"(3, 7, 10)",I,E-,G,E-,445.125,148.0
3562,B-,E-,4,E-,"(3, 7, 10)",I,E-,G,E-,445.25,148.0
3563,B-,E-,4,E-,"(3, 7, 10)",I,E-,G,E-,445.375,148.0
3564,B-,E-,4,E-,"(3, 7, 10)",I,E-,G,E-,445.5,148.0
3565,B-,E-,4,E-,"(3, 7, 10)",I,E-,G,E-,445.625,148.0
3566,B-,E-,4,E-,"(3, 7, 10)",I,E-,G,E-,445.75,148.0
3567,B-,E-,4,E-,"(3, 7, 10)",I,E-,G,E-,445.875,148.0
3568,B-,B-,0,E-,"(3, 7, 10)",I,E-,G,E-,446.0,148.0
3569,B-,B-,1,E-,"(3, 7, 10)",I,B-,G,E-,446.125,148.0
3570,B-,B-,2,E-,"(3, 7, 10)",I,B-,G,E-,446.25,148.0
3571,B-,B-,2,E-,"(3, 7, 10)",I,B-,G,E-,446.375,148.0
3572,B-,B-,3,E-,"(3, 7, 10)",I,B-,G,E-,446.5,148.0
3573,B-,B-,3,E-,"(3, 7, 10)",I,B-,G,E-,446.625,148.0
3574,B-,B-,3,E-,"(3, 7, 10)",I,B-,G,E-,446.75,148.0
3575,B-,B-,3,E-,"(3, 7, 10)",I,B-,G,E-,446.875,148.0
3576,B-,B-,0,E-,"(3, 7, 10)",I,B-,G,f,447.0,149.0
3577,B-,B-,1,E-,"(3, 7, 10)",I,B-,G,f,447.125,149.0
3578,B-,B-,2,E-,"(3, 7, 10)",I,B-,G,f,447.25,149.0
3579,B-,B-,2,E-,"(3, 7, 10)",I,B-,G,f,447.375,149.0
3580,B-,B-,3,E-,"(3, 7, 10)",I,B-,G,f,447.5,149.0
3581,B-,B-,3,E-,"(3, 7, 10)",I,B-,G,f,447.625,149.0
3582,B-,B-,3,E-,"(3, 7, 10)",I,B-,G,f,447.75,149.0
3583,B-,B-,3,E-,"(3, 7, 10)",I,B-,G,f,447.875,149.0
3584,B-,B-,4,E-,"(1, 4, 7, 10)",V7,B-,G,f,448.0,149.0
3585,B-,B-,4,E-,"(1, 4, 7, 10)",V7,B-,G,f,448.125,149.0
3586,B-,B-,4,E-,"(1, 4, 7, 10)",V7,B-,G,f,448.25,149.0
3587,B-,B-,4,E-,"(1, 4, 7, 10)",V7,B-,G,f,448.375,149.0
3588,B-,B-,4,E-,"(1, 4, 7, 10)",V7,B-,G,f,448.5,149.0
3589,B-,B-,4,E-,"(1, 4, 7, 10)",V7,B-,G,f,448.625,149.0
3590,B-,B-,4,E-,"(1, 4, 7, 10)",V7,B-,G,f,448.75,149.0
3591,B-,B-,4,E-,"(1, 4, 7, 10)",V7,B-,G,f,448.875,149.0
3592,G,D-,0,E-,"(1, 4, 7, 10)",V7,B-,E,f,449.0,149.0
3593,G,D-,1,E-,"(1, 4, 7, 10)",viio7,B-,E,f,449.125,149.0
3594,G,D-,2,E-,"(1, 4, 7, 10)",V7,B-,E,f,449.25,149.0
3595,G,D-,2,E-,"(1, 4, 7, 10)",V7,B-,E,f,449.375,149.0
3596,G,D-,3,E-,"(1, 4, 7, 10)",viio7,B-,E,f,449.5,149.0
3597,G,D-,3,E-,"(1, 4, 7, 10)",viio7,B-,E,f,449.625,149.0
3598,G,D-,3,E-,"(1, 4, 7, 10)",viio7,B-,E,f,449.75,149.0
3599,G,D-,3,E-,"(1, 4, 7, 10)",viio,B-,E,f,449.875,149.0
3600,G,D-,0,E-,"(1, 4, 7, 10)",viio,D-,E,f,450.0,150.0
3601,G,D-,1,E-,"(1, 4, 7, 10)",viio,D-,E,f,450.125,150.0
3602,G,D-,2,E-,"(1, 4, 7, 10)",viio,D-,E,f,450.25,150.0
3603,G,D-,2,E-,"(1, 4, 7, 10)",V7,D-,E,f,450.375,150.0
3604,G,D-,3,E-,"(1, 4, 7, 10)",viio,D-,E,f,450.5,150.0
3605,G,D-,3,E-,"(1, 4, 7, 10)",viio,D-,E,f,450.625,150.0
3606,G,D-,3,E-,"(1, 4, 7, 10)",viio,D-,E,f,450.75,150.0
3607,G,D-,3,E-,"(1, 4, 7, 10)",viio,D-,E,f,450.875,150.0
3608,A-,D-,4,E-,"(1, 5, 8)",V7,D-,F,f,451.0,150.0
3609,A-,D-,4,E-,"(1, 5, 8)",V7,D-,F,f,451.125,150.0
3610,A-,D-,4,E-,"(1, 5, 8)",V7,D-,F,f,451.25,150.0
3611,A-,D-,4,E-,"(1, 5, 8)",V7,D-,F,f,451.375,150.0
3612,A-,D-,4,E-,"(1, 5, 8)",V7,D-,F,f,451.5,150.0
3613,A-,D-,4,E-,"(1, 5, 8)",V7,D-,F,f,451.625,150.0
3614,A-,D-,4,E-,"(1, 5, 8)",V7,D-,F,f,451.75,150.0
3615,A-,D-,4,E-,"(1, 5, 8)",V7,D-,F,f,451.875,150.0
3616,G,D-,0,f,"(1, 4, 7, 10)",viio7,B-,E,f,452.0,150.0
3617,G,D-,1,f,"(1, 4, 7, 10)",viio7,B-,E,f,452.125,150.0
3618,G,D-,2,f,"(1, 4, 7, 10)",viio7,B-,E,f,452.25,150.0
3619,G,D-,2,f,"(1, 4, 7, 10)",viio7,B-,E,f,452.375,150.0
3620,G,D-,3,f,"(1, 4, 7, 10)",viio7,B-,E,f,452.5,150.0
3621,G,D-,3,f,"(1, 4, 7, 10)",viio7,B-,E,f,452.625,150.0
3622,G,D-,3,f,"(1, 4, 7, 10)",viio7,B-,E,f,452.75,150.0
3623,G,D-,3,f,"(1, 4, 7, 10)",viio7,B-,E,f,452.875,150.0
3624,G,D-,0,f,"(1, 4, 7, 10)",viio7,B-,E,f,453.0,151.0
3625,G,D-,1,f,"(1, 4, 7, 10)",viio7,B-,E,f,453.125,151.0
3626,G,D-,2,f,"(1, 4, 7, 10)",viio7,B-,E,f,453.25,151.0
3627,G,D-,2,f,"(1, 4, 7, 10)",viio7,B-,E,f,453.375,151.0
3628,G,D-,3,f,"(1, 4, 7, 10)",viio7,B-,E,f,453.5,151.0
3629,G,D-,3,f,"(1, 4, 7, 10)",viio7,B-,E,f,453.625,151.0
3630,G,D-,3,f,"(1, 4, 7, 10)",viio7,B-,E,f,453.75,151.0
3631,G,D-,3,f,"(1, 4, 7, 10)",viio7,B-,E,f,453.875,151.0
3632,A-,C,0,f,"(0, 5, 8)",ii,F,F,f,454.0,151.0
3633,A-,C,1,E-,"(0, 5, 8)",ii,F,F,f,454.125,151.0
3634,A-,C,2,E-,"(0, 5, 8)",ii,F,F,f,454.25,151.0
3635,A-,C,2,E-,"(0, 5, 8)",ii,F,F,f,454.375,151.0
3636,A-,C,3,E-,"(0, 5, 8)",ii,F,F,f,454.5,151.0
3637,A-,C,3,E-,"(0, 5, 8)",ii,F,F,f,454.625,151.0
3638,A-,C,3,E-,"(0, 5, 8)",ii,F,F,f,454.75,151.0
3639,A-,C,3,f,"(0, 5, 8)",ii,F,F,f,454.875,151.0
3640,E,B-,0,f,"(0, 4, 7, 10)",V7,G,C,f,455.0,151.0
3641,E,B-,1,f,"(0, 4, 7, 10)",V7,G,C,f,455.125,151.0
3642,E,B-,2,f,"(0, 4, 7, 10)",V7,G,C,f,455.25,151.0
3643,E,B-,2,f,"(0, 4, 7, 10)",V7,G,C,f,455.375,151.0
3644,E,B-,3,f,"(0, 4, 7, 10)",V7,G,C,f,455.5,151.0
3645,E,B-,3,f,"(0, 4, 7, 10)",V7,G,C,f,455.625,151.0
3646,E,B-,3,f,"(0, 4, 7, 10)",V7,G,C,f,455.75,151.0
3647,E,B-,3,f,"(0, 4, 7, 10)",V7,G,C,f,455.875,151.0
3648,F,A-,0,c,"(0, 5, 8)",i,F,C,E-,456.0,152.0
3649,F,A-,1,c,"(0, 5, 8)",i,F,C,E-,456.125,152.0
3650,F,A-,2,c,"(0, 5, 8)",i,F,C,E-,456.25,152.0
3651,F,A-,2,c,"(0, 5, 8)",i,F,C,E-,456.375,152.0
3652,F,A-,3,c,"(0, 5, 8)",i,F,C,E-,456.5,152.0
3653,F,A-,3,c,"(0, 5, 8)",i,F,C,E-,456.625,152.0
3654,F,A-,3,c,"(0, 5, 8)",i,F,C,E-,456.75,152.0
3655,F,A-,3,c,"(0, 5, 8)",i,F,C,E-,456.875,152.0
3656,F,A-,4,c,"(0, 5, 8)",i,F,C,E-,457.0,152.0
3657,F,A-,4,c,"(0, 5, 8)",i,F,C,E-,457.125,152.0
3658,F,A-,4,c,"(0, 5, 8)",i,F,C,E-,457.25,152.0
3659,F,A-,4,c,"(0, 5, 8)",i,F,C,E-,457.375,152.0
3660,F,A-,4,c,"(0, 5, 8)",i,F,C,E-,457.5,152.0
3661,F,A-,4,c,"(0, 5, 8)",i,F,C,E-,457.625,152.0
3662,F,A-,4,c,"(0, 5, 8)",i,F,C,E-,457.75,152.0
3663,F,A-,4,c,"(0, 5, 8)",i,F,C,E-,457.875,152.0
3664,F,A-,5,c,"(0, 5, 8)",i,F,C,E-,458.0,152.0
3665,F,A-,5,c,"(0, 5, 8)",i,F,C,E-,458.125,152.0
3666,F,A-,5,c,"(0, 5, 8)",i,F,C,E-,458.25,152.0
3667,F,A-,5,c,"(0, 5, 8)",i,F,C,E-,458.375,152.0
3668,F,A-,5,c,"(0, 5, 8)",i,F,C,E-,458.5,152.0
3669,F,A-,5,c,"(0, 5, 8)",i,F,C,E-,458.625,152.0
3670,F,A-,5,c,"(0, 5, 8)",i,F,C,E-,458.75,152.0
3671,F,A-,5,c,"(0, 5, 8)",i,F,C,E-,458.875,152.0
3672,F,A-,0,c,"(0, 5, 8)",i,F,C,E-,459.0,153.0
3673,F,A-,1,c,"(0, 5, 8)",i,F,C,E-,459.125,153.0
3674,F,A-,2,c,"(0, 5, 8)",i,F,C,E-,459.25,153.0
3675,F,A-,2,c,"(0, 5, 8)",i,F,C,E-,459.375,153.0
3676,F,A-,3,c,"(0, 5, 8)",i,F,C,E-,459.5,153.0
3677,F,A-,3,c,"(0, 5, 8)",i,F,C,E-,459.625,153.0
3678,F,A-,3,c,"(0, 5, 8)",i,F,C,E-,459.75,153.0
3679,F,A-,3,c,"(0, 5, 8)",i,F,C,E-,459.875,153.0
3680,F,A-,4,c,"(0, 5, 8)",V7,F,D,E-,460.0,153.0
3681,F,A-,4,c,"(0, 5, 8)",V7,F,D,E-,460.125,153.0
3682,F,A-,4,c,"(0, 5, 8)",V7,F,D,E-,460.25,153.0
3683,F,A-,4,c,"(0, 5, 8)",V7,F,D,E-,460.375,153.0
3684,F,A-,4,c,"(0, 5, 8)",V7,F,D,E-,460.5,153.0
3685,F,A-,4,c,"(0, 5, 8)",V7,F,D,E-,460.625,153.0
3686,F,A-,4,c,"(0, 5, 8)",V7,F,D,E-,460.75,153.0
3687,F,A-,4,c,"(0, 5, 8)",V7,F,D,E-,460.875,153.0
3688,F,B,0,c,"(2, 5, 8, 11)",viio7,A-,D,c,461.0,153.0
3689,F,B,1,c,"(2, 5, 8, 11)",viio7,A-,D,c,461.125,153.0
3690,F,B,2,c,"(2, 5, 8, 11)",viio7,A-,D,c,461.25,153.0
3691,F,B,2,c,"(2, 5, 8, 11)",viio7,A-,D,c,461.375,153.0
3692,F,B,3,c,"(2, 5, 8, 11)",viio7,A-,D,c,461.5,153.0
3693,F,B,3,c,"(2, 5, 8, 11)",viio7,A-,D,c,461.625,153.0
3694,F,B,3,c,"(2, 5, 8, 11)",viio7,A-,D,c,461.75,153.0
3695,F,B,3,c,"(2, 5, 8, 11)",viio7,A-,D,c,461.875,153.0
3696,F,B,0,c,"(2, 5, 8, 11)",viio7,A-,D,c,462.0,154.0
3697,F,B,1,c,"(2, 5, 8, 11)",viio7,A-,D,c,462.125,154.0
3698,F,B,2,c,"(2, 5, 8, 11)",viio7,A-,D,c,462.25,154.0
3699,F,B,2,c,"(2, 5, 8, 11)",viio7,A-,D,c,462.375,154.0
3700,F,B,3,c,"(2, 5, 8, 11)",viio7,A-,D,c,462.5,154.0
3701,F,B,3,c,"(2, 5, 8, 11)",viio7,A-,D,c,462.625,154.0
3702,F,B,3,c,"(2, 5, 8, 11)",viio7,A-,D,c,462.75,154.0
3703,F,B,3,c,"(2, 5, 8, 11)",viio7,A-,D,c,462.875,154.0
3704,F,B,4,c,"(2, 5, 8, 11)",viio7,A-,D,c,463.0,154.0
3705,F,B,4,c,"(2, 5, 8, 11)",viio7,A-,D,c,463.125,154.0
3706,F,B,4,c,"(2, 5, 8, 11)",viio7,A-,D,c,463.25,154.0
3707,F,B,4,c,"(2, 5, 8, 11)",viio7,A-,D,c,463.375,154.0
3708,F,B,4,c,"(2, 5, 8, 11)",viio7,A-,D,c,463.5,154.0
3709,F,B,4,c,"(2, 5, 8, 11)",viio7,A-,D,c,463.625,154.0
3710,F,B,4,c,"(2, 5, 8, 11)",viio7,A-,D,c,463.75,154.0
3711,F,B,4,c,"(2, 5, 8, 11)",viio7,A-,D,c,463.875,154.0
3712,F,B,5,c,"(2, 5, 8, 11)",viio7,A-,D,c,464.0,154.0
3713,F,B,5,c,"(2, 5, 8, 11)",viio7,A-,D,c,464.125,154.0
3714,F,B,5,c,"(2, 5, 8, 11)",viio7,A-,D,c,464.25,154.0
3715,F,B,5,c,"(2, 5, 8, 11)",viio7,A-,D,c,464.375,154.0
3716,F,B,5,c,"(2, 5, 8, 11)",viio7,A-,D,c,464.5,154.0
3717,F,B,5,c,"(2, 5, 8, 11)",viio7,A-,D,c,464.625,154.0
3718,F,B,5,c,"(2, 5, 8, 11)",viio7,A-,D,c,464.75,154.0
3719,F,B,5,c,"(2, 5, 8, 11)",viio7,A-,D,c,464.875,154.0
3720,G,C,0,c,"(0, 3, 7)",i,C,E-,c,465.0,155.0
3721,G,C,1,c,"(0, 3, 7)",i,C,E-,c,465.125,155.0
3722,G,C,2,c,"(0, 3, 7)",i,C,E-,c,465.25,155.0
3723,G,C,2,c,"(0, 3, 7)",i,C,E-,c,465.375,155.0
3724,G,C,3,c,"(0, 3, 7)",i,C,E-,c,465.5,155.0
3725,G,C,3,c,"(0, 3, 7)",i,C,E-,c,465.625,155.0
3726,G,C,3,c,"(0, 3, 7)",i,C,E-,c,465.75,155.0
3727,G,C,3,c,"(0, 3, 7)",i,C,E-,c,465.875,155.0
3728,D,F,0,c,"(2, 5, 8)",iio,D,A-,c,466.0,155.0
3729,D,F,1,c,"(2, 5, 8)",iio,D,A-,c,466.125,155.0
3730,D,F,2,c,"(2, 5, 8)",iio,D,A-,c,466.25,155.0
3731,D,F,2,c,"(2, 5, 8)",iio,D,A-,c,466.375,155.0
3732,D,F,3,c,"(2, 5, 8)",iio,D,A-,c,466.5,155.0
3733,D,F,3,c,"(2, 5, 8)",iio,D,A-,c,466.625,155.0
3734,D,F,3,c,"(2, 5, 8)",iio,D,A-,c,466.75,155.0
3735,D,F,3,c,"(2, 5, 8)",iio,D,A-,c,466.875,155.0
3736,C,F#,0,c,"(0, 3, 6, 9)",viio7,E-,A,g,467.0,155.0
3737,C,F#,1,c,"(0, 3, 6, 9)",viio7,E-,A,g,467.125,155.0
3738,C,F#,2,c,"(0, 3, 6, 9)",viio7,E-,A,g,467.25,155.0
3739,C,F#,2,c,"(0, 3, 6, 9)",viio7,E-,A,g,467.375,155.0
3740,C,F#,3,c,"(0, 3, 6, 9)",viio7,E-,A,g,467.5,155.0
3741,C,F#,3,c,"(0, 3, 6, 9)",viio7,E-,A,g,467.625,155.0
3742,C,F#,3,c,"(0, 3, 6, 9)",viio7,E-,A,g,467.75,155.0
3743,C,F#,3,c,"(0, 3, 6, 9)",viio7,E-,A,g,467.875,155.0
3744,D,G,0,c,"(2, 7, 11)",V,G,B,c,468.0,156.0
3745,D,G,1,c,"(2, 7, 11)",V,G,B,c,468.125,156.0
3746,D,G,2,c,"(2, 7, 11)",V,G,B,c,468.25,156.0
3747,D,G,2,c,"(2, 7, 11)",V,G,B,c,468.375,156.0
3748,D,G,3,c,"(2, 7, 11)",V,G,B,c,468.5,156.0
3749,D,G,3,c,"(2, 7, 11)",V,G,B,c,468.625,156.0
3750,D,G,3,c,"(2, 7, 11)",V,G,B,c,468.75,156.0
3751,D,G,3,c,"(2, 7, 11)",V,G,B,c,468.875,156.0
3752,D,G,4,c,"(2, 7, 11)",V,G,B,c,469.0,156.0
3753,D,G,4,c,"(2, 7, 11)",V,G,B,c,469.125,156.0
3754,D,G,4,c,"(2, 7, 11)",V,G,B,c,469.25,156.0
3755,D,G,4,c,"(2, 7, 11)",V,G,B,c,469.375,156.0
3756,D,G,4,c,"(2, 7, 11)",V,G,B,c,469.5,156.0
3757,D,G,4,c,"(2, 7, 11)",V,G,B,c,469.625,156.0
3758,D,G,4,c,"(2, 7, 11)",V,G,B,c,469.75,156.0
3759,D,G,4,c,"(2, 7, 11)",V,G,B,c,469.875,156.0
3760,D,G,5,c,"(2, 7, 11)",V,G,B,c,470.0,156.0
3761,D,G,5,c,"(2, 7, 11)",V,G,B,c,470.125,156.0
3762,D,G,5,c,"(2, 7, 11)",V,G,B,c,470.25,156.0
3763,D,G,5,c,"(2, 7, 11)",V,G,B,c,470.375,156.0
3764,D,G,5,c,"(2, 7, 11)",V,G,B,c,470.5,156.0
3765,D,G,5,c,"(2, 7, 11)",V,G,B,c,470.625,156.0
3766,D,G,5,c,"(2, 7, 11)",V,G,B,c,470.75,156.0
3767,D,G,5,c,"(2, 7, 11)",V,G,B,c,470.875,156.0
3768,G,C,0,c,"(0, 3, 7)",i,C,E-,c,471.0,157.0
3769,G,C,1,c,"(0, 3, 7)",i,C,E-,c,471.125,157.0
3770,G,C,2,c,"(0, 3, 7)",i,C,E-,c,471.25,157.0
3771,G,C,2,c,"(0, 3, 7)",i,C,E-,c,471.375,157.0
3772,G,C,3,c,"(0, 3, 7)",i,C,E-,c,471.5,157.0
3773,G,C,3,c,"(0, 3, 7)",i,C,E-,c,471.625,157.0
3774,G,C,3,c,"(0, 3, 7)",i,C,E-,c,471.75,157.0
3775,G,C,3,c,"(0, 3, 7)",i,C,E-,c,471.875,157.0
3776,G,C,4,c,"(0, 3, 7)",i,C,E-,c,472.0,157.0
3777,G,C,4,c,"(0, 3, 7)",i,C,E-,c,472.125,157.0
3778,G,C,4,c,"(0, 3, 7)",i,C,E-,c,472.25,157.0
3779,G,C,4,c,"(0, 3, 7)",i,C,E-,c,472.375,157.0
3780,G,C,4,c,"(0, 3, 7)",i,C,E-,c,472.5,157.0
3781,G,C,4,c,"(0, 3, 7)",i,C,E-,c,472.625,157.0
3782,G,C,4,c,"(0, 3, 7)",i,C,E-,c,472.75,157.0
3783,G,C,4,c,"(0, 3, 7)",i,C,E-,c,472.875,157.0
3784,G,C,5,c,"(0, 3, 7)",i,C,E-,c,473.0,157.0
3785,G,C,5,c,"(0, 3, 7)",i,C,E-,c,473.125,157.0
3786,G,C,5,c,"(0, 3, 7)",i,C,E-,c,473.25,157.0
3787,G,C,5,c,"(0, 3, 7)",i,C,E-,c,473.375,157.0
3788,G,C,5,c,"(0, 3, 7)",i,C,E-,c,473.5,157.0
3789,G,C,5,c,"(0, 3, 7)",i,C,E-,c,473.625,157.0
3790,G,C,5,c,"(0, 3, 7)",i,C,E-,c,473.75,157.0
3791,G,C,5,c,"(0, 3, 7)",i,C,E-,c,473.875,157.0
3792,A-,C,0,c,"(0, 5, 8)",iv,F,F,c,474.0,158.0
3793,A-,C,1,c,"(0, 5, 8)",iv,F,F,c,474.125,158.0
3794,A-,C,2,c,"(0, 5, 8)",iv,F,F,c,474.25,158.0
3795,A-,C,2,c,"(0, 5, 8)",iv,F,F,c,474.375,158.0
3796,A-,C,3,c,"(0, 5, 8)",iv,F,F,c,474.5,158.0
3797,A-,C,3,c,"(0, 5, 8)",iv,F,F,c,474.625,158.0
3798,A-,C,3,c,"(0, 5, 8)",iv,F,F,c,474.75,158.0
3799,A-,C,3,c,"(0, 5, 8)",iv,F,F,c,474.875,158.0
3800,A-,C,4,c,"(0, 5, 8)",iv,F,F,c,475.0,158.0
3801,A-,C,4,c,"(0, 5, 8)",iv,F,F,c,475.125,158.0
3802,A-,C,4,c,"(0, 5, 8)",iv,F,F,c,475.25,158.0
3803,A-,C,4,c,"(0, 5, 8)",iv,F,F,c,475.375,158.0
3804,A-,C,4,c,"(0, 5, 8)",iv,F,F,c,475.5,158.0
3805,A-,C,4,c,"(0, 5, 8)",iv,F,F,c,475.625,158.0
3806,A-,C,4,c,"(0, 5, 8)",iv,F,F,c,475.75,158.0
3807,A-,C,4,c,"(0, 5, 8)",iv,F,F,c,475.875,158.0
3808,A-,C,5,c,"(0, 5, 8)",iv,F,F,c,476.0,158.0
3809,A-,C,5,c,"(0, 5, 8)",iv,F,E-,c,476.125,158.0
3810,A-,C,5,c,"(0, 5, 8)",iv,F,E-,c,476.25,158.0
3811,A-,C,5,c,"(0, 5, 8)",iv,F,E-,c,476.375,158.0
3812,A-,C,5,c,"(0, 5, 8)",iv,F,E-,c,476.5,158.0
3813,A-,C,5,c,"(0, 5, 8)",iv,F,E-,c,476.625,158.0
3814,A-,C,5,c,"(0, 5, 8)",iv,F,E-,c,476.75,158.0
3815,A-,C,5,c,"(0, 5, 8)",iv,F,F,c,476.875,158.0
3816,F,F,0,c,"(0, 2, 5, 8)",iiø7,A-,D,c,477.0,159.0
3817,F,F,1,c,"(0, 2, 5, 8)",iiø7,A-,D,c,477.125,159.0
3818,F,F,2,c,"(0, 2, 5, 8)",iiø7,A-,D,c,477.25,159.0
3819,F,F,2,c,"(0, 2, 5, 8)",iiø7,A-,D,c,477.375,159.0
3820,F,F,3,c,"(0, 2, 5, 8)",iiø7,A-,D,c,477.5,159.0
3821,F,F,3,c,"(0, 2, 5, 8)",iiø7,A-,D,c,477.625,159.0
3822,F,F,3,c,"(0, 2, 5, 8)",iiø7,A-,D,c,477.75,159.0
3823,F,F,3,c,"(0, 2, 5, 8)",iiø7,A-,D,c,477.875,159.0
3824,F,F,4,c,"(0, 2, 5, 8)",iiø7,A-,D,c,478.0,159.0
3825,F,F,4,c,"(0, 2, 5, 8)",iiø7,A-,D,c,478.125,159.0
3826,F,F,4,c,"(0, 2, 5, 8)",iiø7,A-,D,c,478.25,159.0
3827,F,F,4,c,"(0, 2, 5, 8)",iiø7,A-,D,c,478.375,159.0
3828,F,F,4,c,"(0, 2, 5, 8)",iiø7,A-,D,c,478.5,159.0
3829,F,F,4,c,"(0, 2, 5, 8)",iiø7,A-,D,c,478.625,159.0
3830,F,F,4,c,"(0, 2, 5, 8)",iiø7,A-,D,c,478.75,159.0
3831,F,F,4,c,"(0, 2, 5, 8)",iiø7,A-,D,c,478.875,159.0
3832,F,F,5,c,"(2, 5, 8, 11)",viio7,A-,D,c,479.0,159.0
3833,F,F,5,c,"(2, 5, 8, 11)",viio7,A-,D,c,479.125,159.0
3834,F,F,5,c,"(2, 5, 8, 11)",viio7,A-,D,c,479.25,159.0
3835,F,F,5,c,"(2, 5, 8, 11)",viio7,A-,D,c,479.375,159.0
3836,F,F,5,c,"(2, 5, 8, 11)",viio7,A-,D,c,479.5,159.0
3837,F,F,5,c,"(2, 5, 8, 11)",viio7,A-,D,c,479.625,159.0
3838,F,F,5,c,"(2, 5, 8, 11)",viio7,A-,D,c,479.75,159.0
3839,F,B,5,E-,"(2, 5, 8, 11)",viio7,A-,D,c,479.875,159.0
3840,G,C,0,c,"(0, 3, 7)",i,C,E-,c,480.0,160.0
3841,G,C,1,c,"(0, 3, 7)",i,C,E-,c,480.125,160.0
3842,G,C,2,c,"(0, 3, 7)",i,C,E-,c,480.25,160.0
3843,G,C,2,c,"(0, 3, 7)",i,C,E-,c,480.375,160.0
3844,G,C,3,c,"(0, 3, 7)",i,C,E-,c,480.5,160.0
3845,G,C,3,c,"(0, 3, 7)",i,C,E-,c,480.625,160.0
3846,G,C,3,c,"(0, 3, 7)",i,C,E-,c,480.75,160.0
3847,G,C,3,c,"(0, 3, 7)",i,C,E-,c,480.875,160.0
3848,G,C,4,c,"(0, 3, 7)",i,C,E-,c,481.0,160.0
3849,G,C,4,c,"(0, 3, 7)",i,C,E-,c,481.125,160.0
3850,G,C,4,c,"(0, 3, 7)",i,C,E-,c,481.25,160.0
3851,G,C,4,c,"(0, 3, 7)",i,C,E-,c,481.375,160.0
3852,G,C,4,c,"(0, 3, 7)",i,C,E-,c,481.5,160.0
3853,G,C,4,c,"(0, 3, 7)",i,C,E-,c,481.625,160.0
3854,G,C,4,c,"(0, 3, 7)",i,C,E-,c,481.75,160.0
3855,G,C,4,c,"(0, 3, 7)",i,C,E-,c,481.875,160.0
3856,C,E-,5,c,"(0, 3, 7)",i,C,G,c,482.0,160.0
3857,C,E-,5,c,"(0, 3, 7)",i,C,G,c,482.125,160.0
3858,C,E-,5,c,"(0, 3, 7)",i,C,G,c,482.25,160.0
3859,C,E-,5,c,"(0, 3, 7)",i,C,G,c,482.375,160.0
3860,C,E-,5,c,"(0, 3, 7)",i,C,G,c,482.5,160.0
3861,C,E-,5,c,"(0, 3, 7)",i,C,G,c,482.625,160.0
3862,C,E-,5,c,"(0, 3, 7)",i,C,G,c,482.75,160.0
3863,C,E-,5,c,"(0, 3, 7)",i,C,G,c,482.875,160.0
3864,C,F,0,c,"(0, 2, 5, 8)",iiø7,D,A-,c,483.0,161.0
3865,C,F,1,c,"(0, 2, 5, 8)",iiø7,D,A-,c,483.125,161.0
3866,C,F,2,c,"(0, 2, 5, 8)",iiø7,D,A-,c,483.25,161.0
3867,C,F,2,c,"(0, 2, 5, 8)",iiø7,D,A-,c,483.375,161.0
3868,C,F,3,c,"(0, 2, 5, 8)",iiø7,D,A-,c,483.5,161.0
3869,C,F,3,c,"(0, 2, 5, 8)",iiø7,D,A-,c,483.625,161.0
3870,C,F,3,c,"(0, 2, 5, 8)",iiø7,D,A-,c,483.75,161.0
3871,C,F,3,c,"(0, 2, 5, 8)",iiø7,D,A-,c,483.875,161.0
3872,C,F,4,c,"(0, 2, 5, 8)",iiø7,D,A-,c,484.0,161.0
3873,C,F,4,c,"(0, 2, 5, 8)",iiø7,D,A-,c,484.125,161.0
3874,C,F,4,c,"(0, 2, 5, 8)",iiø7,D,A-,c,484.25,161.0
3875,C,F,4,c,"(0, 2, 5, 8)",iiø7,D,A-,c,484.375,161.0
3876,C,F,4,c,"(0, 2, 5, 8)",iiø7,D,A-,c,484.5,161.0
3877,C,F,4,c,"(0, 2, 5, 8)",iiø7,D,A-,c,484.625,161.0
3878,C,F,4,c,"(0, 2, 5, 8)",iiø7,D,A-,c,484.75,161.0
3879,C,F,4,c,"(0, 2, 5, 8)",iiø7,D,A-,c,484.875,161.0
3880,C,G,0,c,"(0, 4, 7, 10)",V7,E,B-,f,485.0,161.0
3881,C,G,1,c,"(0, 4, 7, 10)",V7,E,B-,f,485.125,161.0
3882,C,G,2,c,"(0, 4, 7, 10)",V7,E,B-,f,485.25,161.0
3883,C,G,2,c,"(0, 4, 7, 10)",V7,E,B-,f,485.375,161.0
3884,C,G,3,c,"(0, 4, 7, 10)",V7,E,B-,f,485.5,161.0
3885,C,G,3,c,"(0, 4, 7, 10)",V7,E,B-,f,485.625,161.0
3886,C,G,3,c,"(0, 4, 7, 10)",V7,E,B-,f,485.75,161.0
3887,C,G,3,c,"(0, 4, 7, 10)",V7,E,B-,f,485.875,161.0
3888,F,A-,0,c,"(0, 5, 8)",iv,F,C,c,486.0,162.0
3889,F,A-,1,c,"(0, 5, 8)",iv,F,C,c,486.125,162.0
3890,F,A-,2,c,"(0, 5, 8)",iv,F,C,c,486.25,162.0
3891,F,A-,2,c,"(0, 5, 8)",iv,F,C,c,486.375,162.0
3892,F,A-,3,c,"(0, 5, 8)",iv,F,C,c,486.5,162.0
3893,F,A-,3,c,"(0, 5, 8)",iv,F,C,c,486.625,162.0
3894,F,A-,3,c,"(0, 5, 8)",iv,F,C,c,486.75,162.0
3895,F,A-,3,c,"(0, 5, 8)",iv,F,C,c,486.875,162.0
3896,F,A-,4,c,"(0, 5, 8)",iv,F,C,c,487.0,162.0
3897,F,A-,4,c,"(0, 5, 8)",iv,F,C,c,487.125,162.0
3898,F,A-,4,c,"(0, 5, 8)",iv,F,C,c,487.25,162.0
3899,F,A-,4,c,"(0, 5, 8)",iv,F,C,c,487.375,162.0
3900,F,A-,4,c,"(0, 5, 8)",iv,F,C,c,487.5,162.0
3901,F,A-,4,c,"(0, 5, 8)",iv,F,C,c,487.625,162.0
3902,F,A-,4,c,"(0, 5, 8)",iv,F,C,c,487.75,162.0
3903,F,A-,4,c,"(0, 5, 8)",iv,F,C,c,487.875,162.0
3904,D,F,5,c,"(0, 5, 8)",iv,F,A-,c,488.0,162.0
3905,D,F,5,c,"(0, 5, 8)",iv,F,A-,c,488.125,162.0
3906,D,F,5,c,"(0, 5, 8)",iv,F,A-,c,488.25,162.0
3907,D,F,5,c,"(0, 5, 8)",iv,F,A-,c,488.375,162.0
3908,D,F,5,c,"(0, 5, 8)",iv,F,A-,c,488.5,162.0
3909,D,F,5,c,"(0, 5, 8)",iv,F,A-,c,488.625,162.0
3910,D,F,5,c,"(0, 5, 8)",iv,F,A-,c,488.75,162.0
3911,D,F,5,c,"(0, 5, 8)",iv,F,A-,c,488.875,162.0
3912,E-,G,0,c,"(0, 3, 7)",i,C,C,c,489.0,163.0
3913,E-,G,1,c,"(0, 3, 7)",i,C,C,c,489.125,163.0
3914,E-,G,2,c,"(0, 3, 7)",i,C,C,c,489.25,163.0
3915,E-,G,2,c,"(0, 3, 7)",i,C,C,c,489.375,163.0
3916,E-,G,3,c,"(0, 3, 7)",i,C,C,c,489.5,163.0
3917,E-,G,3,c,"(0, 3, 7)",i,C,C,c,489.625,163.0
3918,E-,G,3,c,"(0, 3, 7)",i,C,C,c,489.75,163.0
3919,E-,G,3,c,"(0, 3, 7)",i,C,C,c,489.875,163.0
3920,E-,G,4,c,"(0, 3, 7)",i,C,C,c,490.0,163.0
3921,E-,G,4,c,"(0, 3, 7)",i,C,C,c,490.125,163.0
3922,E-,G,4,c,"(0, 3, 7)",i,C,C,c,490.25,163.0
3923,E-,G,4,c,"(0, 3, 7)",i,C,C,c,490.375,163.0
3924,E-,G,4,c,"(0, 3, 7)",i,C,C,c,490.5,163.0
3925,E-,G,4,c,"(0, 3, 7)",i,C,C,c,490.625,163.0
3926,E-,G,4,c,"(0, 3, 7)",i,C,C,c,490.75,163.0
3927,E-,G,4,c,"(0, 3, 7)",i,C,C,c,490.875,163.0
3928,D,G,0,c,"(2, 5, 7, 11)",V7,F,B,c,491.0,163.0
3929,D,G,1,c,"(2, 5, 7, 11)",V7,F,B,c,491.125,163.0
3930,D,G,2,c,"(2, 5, 7, 11)",V7,F,B,c,491.25,163.0
3931,D,G,2,c,"(2, 5, 7, 11)",V7,F,B,c,491.375,163.0
3932,D,G,3,c,"(2, 5, 7, 11)",V7,F,B,c,491.5,163.0
3933,D,G,3,c,"(2, 5, 7, 11)",V7,F,B,c,491.625,163.0
3934,D,G,3,c,"(2, 5, 7, 11)",V7,F,B,c,491.75,163.0
3935,D,G,3,c,"(2, 5, 7, 11)",V7,F,B,c,491.875,163.0
3936,G,C,0,c,"(0, 3, 7)",i,C,E-,c,492.0,164.0
3937,G,C,1,c,"(0, 3, 7)",i,C,E-,c,492.125,164.0
3938,G,C,2,c,"(0, 3, 7)",i,C,E-,c,492.25,164.0
3939,G,C,2,c,"(0, 3, 7)",i,C,E-,c,492.375,164.0
3940,G,C,3,c,"(0, 3, 7)",i,C,E-,c,492.5,164.0
3941,G,C,3,c,"(0, 3, 7)",i,C,E-,c,492.625,164.0
3942,G,C,3,c,"(0, 3, 7)",i,C,E-,c,492.75,164.0
3943,G,C,3,c,"(0, 3, 7)",i,C,E-,c,492.875,164.0
3944,G,C,4,c,"(0, 3, 7)",i,C,E-,c,493.0,164.0
3945,G,C,4,c,"(0, 3, 7)",i,C,E-,c,493.125,164.0
3946,G,C,4,c,"(0, 3, 7)",i,C,E-,c,493.25,164.0
3947,G,C,4,c,"(0, 3, 7)",i,C,E-,c,493.375,164.0
3948,G,C,4,c,"(0, 3, 7)",i,C,E-,c,493.5,164.0
3949,G,C,4,c,"(0, 3, 7)",i,C,E-,c,493.625,164.0
3950,G,C,4,c,"(0, 3, 7)",i,C,E-,c,493.75,164.0
3951,G,C,4,c,"(0, 3, 7)",i,C,E-,c,493.875,164.0
3952,G,C,5,c,"(0, 3, 7)",i,C,E-,c,494.0,164.0
3953,G,C,5,c,"(0, 3, 7)",i,C,E-,c,494.125,164.0
3954,G,C,5,c,"(0, 3, 7)",i,C,E-,c,494.25,164.0
3955,G,C,5,c,"(0, 3, 7)",i,C,E-,c,494.375,164.0
3956,G,C,5,c,"(0, 3, 7)",i,C,E-,c,494.5,164.0
3957,G,C,5,c,"(0, 3, 7)",i,C,E-,c,494.625,164.0
3958,G,C,5,c,"(0, 3, 7)",i,C,E-,c,494.75,164.0
3959,G,C,5,c,"(0, 3, 7)",i,C,E-,c,494.875,164.0
3960,G,C,0,c,"(0, 3, 7)",i,C,E-,c,495.0,165.0
3961,G,C,1,c,"(0, 3, 7)",i,C,E,c,495.125,165.0
3962,G,C,2,c,"(0, 3, 7)",i,C,E,c,495.25,165.0
3963,G,C,2,c,"(0, 3, 7)",i,C,E,c,495.375,165.0
3964,G,C,3,c,"(0, 3, 7)",i,C,E-,c,495.5,165.0
3965,G,C,3,c,"(0, 3, 7)",i,C,E-,c,495.625,165.0
3966,G,C,3,c,"(0, 3, 7)",i,C,E-,c,495.75,165.0
3967,G,C,3,c,"(0, 3, 7)",i,C,E-,c,495.875,165.0
3968,G,C,4,c,"(0, 3, 7)",i,C,E-,c,496.0,165.0
3969,G,C,4,c,"(0, 3, 7)",i,C,E-,c,496.125,165.0
3970,G,C,4,c,"(0, 3, 7)",i,C,E-,c,496.25,165.0
3971,G,C,4,c,"(0, 3, 7)",i,C,E-,c,496.375,165.0
3972,G,C,4,c,"(0, 3, 7)",i,C,E,c,496.5,165.0
3973,G,C,4,c,"(0, 3, 7)",i,C,E,c,496.625,165.0
3974,G,C,4,c,"(0, 3, 7)",i,C,E,c,496.75,165.0
3975,G,C,4,c,"(0, 3, 7)",i,C,E,c,496.875,165.0
3976,G,E,0,c,"(0, 4, 7)",V,C,G,C,497.0,165.0
3977,G,E,1,c,"(0, 4, 7)",V,C,G,C,497.125,165.0
3978,G,E,2,c,"(0, 4, 7)",V,C,G,C,497.25,165.0
3979,G,E,2,c,"(0, 4, 7)",V,C,G,C,497.375,165.0
3980,G,E,3,c,"(0, 4, 7)",V,C,G,C,497.5,165.0
3981,G,E,3,c,"(0, 4, 7)",V,C,G,C,497.625,165.0
3982,G,E,3,c,"(0, 4, 7)",V,C,G,C,497.75,165.0
3983,G,E,3,c,"(0, 4, 7)",V,C,G,C,497.875,165.0
3984,C,E,0,C,"(0, 4, 7)",V,C,G,C,498.0,166.0
3985,C,E,1,C,"(0, 4, 7)",V,C,G,C,498.125,166.0
3986,C,E,2,C,"(0, 4, 7)",V,C,G,C,498.25,166.0
3987,C,E,2,C,"(0, 4, 7)",V,C,G,C,498.375,166.0
3988,C,E,3,C,"(0, 4, 7)",V,C,G,C,498.5,166.0
3989,C,E,3,C,"(0, 4, 7)",V,C,G,C,498.625,166.0
3990,C,E,3,C,"(0, 4, 7)",V,C,G,C,498.75,166.0
3991,C,E,3,C,"(0, 4, 7)",V,C,G,C,498.875,166.0
3992,C,E,4,C,"(0, 4, 7)",V,C,G,C,499.0,166.0
3993,C,E,4,C,"(0, 4, 7)",V,C,G,C,499.125,166.0
3994,C,E,4,C,"(0, 4, 7)",V,C,G,C,499.25,166.0
3995,C,E,4,C,"(0, 4, 7)",V,C,G,C,499.375,166.0
3996,C,E,4,C,"(0, 4, 7)",V,C,G,C,499.5,166.0
3997,C,E,4,C,"(0, 4, 7)",V,C,G,C,499.625,166.0
3998,C,E,4,C,"(0, 4, 7)",V,C,G,C,499.75,166.0
3999,G,E,4,C,"(0, 4, 7)",V,C,G,C,499.875,166.0
4000,G,C,5,C,"(0, 4, 7)",I,C,E,C,500.0,166.0
4001,G,C,5,C,"(0, 4, 7)",I,C,E,C,500.125,166.0
4002,G,C,5,C,"(0, 4, 7)",I,C,E,C,500.25,166.0
4003,G,C,2,C,"(0, 4, 7)",I,C,E,C,500.375,166.0
4004,G,C,5,C,"(0, 4, 7)",I,C,E,C,500.5,166.0
4005,G,C,5,C,"(0, 4, 7)",I,C,E,C,500.625,166.0
4006,G,C,5,C,"(0, 4, 7)",I,C,E,C,500.75,166.0
4007,G,C,5,C,"(0, 4, 7)",I,C,E,C,500.875,166.0
4008,C,F,0,C,"(0, 5, 9)",IV,F,A,C,501.0,167.0
4009,C,F,1,C,"(0, 5, 9)",IV,F,A,C,501.125,167.0
4010,C,F,2,C,"(0, 5, 9)",IV,F,A,C,501.25,167.0
4011,C,F,2,C,"(0, 5, 9)",IV,F,A,C,501.375,167.0
4012,C,F,3,C,"(0, 5, 9)",IV,F,A,C,501.5,167.0
4013,C,F,3,C,"(0, 5, 9)",IV,F,A,C,501.625,167.0
4014,C,F,3,C,"(0, 5, 9)",IV,F,A,C,501.75,167.0
4015,C,F,3,C,"(0, 5, 9)",IV,F,A,C,501.875,167.0
4016,C,F,4,C,"(0, 5, 9)",IV,F,A,C,502.0,167.0
4017,C,F,4,C,"(0, 5, 9)",IV,F,A,C,502.125,167.0
4018,C,F,4,C,"(0, 5, 9)",IV,F,A,C,502.25,167.0
4019,C,F,4,C,"(0, 5, 9)",IV,F,A,C,502.375,167.0
4020,C,F,4,C,"(0, 5, 9)",IV,F,A,C,502.5,167.0
4021,C,F,4,C,"(0, 5, 9)",IV,F,A,C,502.625,167.0
4022,C,F,4,C,"(0, 5, 9)",IV,F,A,C,502.75,167.0
4023,C,F,4,C,"(0, 5, 9)",IV,F,A,C,502.875,167.0
4024,C,E,0,C,"(0, 4, 7)",I,C,G,C,503.0,167.0
4025,C,E,1,C,"(0, 4, 7)",I,C,G,C,503.125,167.0
4026,C,E,2,C,"(0, 4, 7)",I,C,G,C,503.25,167.0
4027,C,E,2,C,"(0, 4, 7)",I,C,G,C,503.375,167.0
4028,C,E,3,C,"(0, 4, 7)",I,C,G,C,503.5,167.0
4029,C,E,3,C,"(0, 4, 7)",I,C,G,C,503.625,167.0
4030,C,E,3,C,"(0, 4, 7)",I,C,G,C,503.75,167.0
4031,C,E,3,C,"(0, 4, 7)",I,C,G,C,503.875,167.0
4032,C,E,0,C,"(0, 4, 7)",I,C,G,C,504.0,168.0
4033,C,E,1,C,"(0, 4, 7)",I,C,G,C,504.125,168.0
4034,C,E,2,C,"(0, 4, 7)",I,C,G,C,504.25,168.0
4035,C,E,2,C,"(0, 4, 7)",I,C,G,C,504.375,168.0
4036,C,E,3,C,"(0, 4, 7)",I,C,G,C,504.5,168.0
4037,C,E,3,C,"(0, 4, 7)",I,C,G,C,504.625,168.0
4038,C,E,3,C,"(0, 4, 7)",I,C,G,C,504.75,168.0
4039,C,E,3,C,"(0, 4, 7)",I,C,G,C,504.875,168.0
4040,C,E,4,C,"(0, 4, 7)",I,C,G,C,505.0,168.0
4041,C,E,4,C,"(0, 4, 7)",I,C,G,C,505.125,168.0
4042,C,E,4,C,"(0, 4, 7)",I,C,G,C,505.25,168.0
4043,C,E,4,C,"(0, 4, 7)",I,C,G,C,505.375,168.0
4044,C,E,4,C,"(0, 4, 7)",I,C,G,C,505.5,168.0
4045,C,E,4,C,"(0, 4, 7)",I,C,G,C,505.625,168.0
4046,C,E,4,C,"(0, 4, 7)",I,C,G,C,505.75,168.0
4047,C,E,4,C,"(0, 4, 7)",I,C,G,C,505.875,168.0
4048,B,D,0,C,"(2, 5, 11)",viio,B,F,C,506.0,168.0
4049,B,D,1,C,"(2, 5, 11)",viio,B,F,C,506.125,168.0
4050,B,D,5,C,"(2, 5, 11)",viio,B,F,C,506.25,168.0
4051,B,D,5,C,"(2, 5, 11)",viio,B,F,C,506.375,168.0
4052,B,D,3,C,"(2, 5, 11)",viio,B,F,C,506.5,168.0
4053,B,D,3,C,"(2, 5, 11)",viio,B,F,C,506.625,168.0
4054,B,D,3,C,"(2, 5, 11)",viio,B,F,C,506.75,168.0
4055,B,D,3,C,"(2, 5, 11)",viio,B,F,C,506.875,168.0
4056,G,C,0,C,"(0, 4, 7)",I,C,E,C,507.0,169.0
4057,G,C,1,C,"(0, 4, 7)",I,C,E,C,507.125,169.0
4058,G,C,2,C,"(0, 4, 7)",I,C,E,C,507.25,169.0
4059,G,C,2,C,"(0, 4, 7)",I,C,E,C,507.375,169.0
4060,G,C,3,C,"(0, 4, 7)",I,C,E,C,507.5,169.0
4061,G,C,3,C,"(0, 4, 7)",I,C,E,C,507.625,169.0
4062,G,C,3,C,"(0, 4, 7)",I,C,E,C,507.75,169.0
4063,G,C,3,C,"(0, 4, 7)",I,C,E,C,507.875,169.0
4064,G,C,4,C,"(0, 4, 7)",I,C,E,C,508.0,169.0
4065,G,C,4,C,"(0, 4, 7)",I,C,E,C,508.125,169.0
4066,G,C,4,C,"(0, 4, 7)",I,C,E,C,508.25,169.0
4067,G,C,4,C,"(0, 4, 7)",I,C,E,C,508.375,169.0
4068,G,C,4,C,"(0, 4, 7)",I,C,E,C,508.5,169.0
4069,G,C,4,C,"(0, 4, 7)",I,C,E,C,508.625,169.0
4070,G,C,4,C,"(0, 4, 7)",I,C,E,C,508.75,169.0
4071,G,C,4,C,"(0, 4, 7)",I,C,E,C,508.875,169.0
4072,G,E,0,C,"(1, 4, 7)",V7,C#,G,C,509.0,169.0
4073,G,E,1,C,"(1, 4, 7)",viio,C#,G,C,509.125,169.0
4074,G,E,2,C,"(1, 4, 7)",viio,C#,G,C,509.25,169.0
4075,G,E,2,C,"(1, 4, 7)",viio,C#,G,C,509.375,169.0
4076,G,E,3,C,"(1, 4, 7)",viio,C#,G,C,509.5,169.0
4077,G,E,3,C,"(1, 4, 7)",viio,C#,G,C,509.625,169.0
4078,G,E,3,C,"(1, 4, 7)",viio,C#,G,C,509.75,169.0
4079,G,E,3,C,"(1, 4, 7)",viio,C#,G,C,509.875,169.0
4080,D,F,0,C,"(2, 5, 9)",ii,D,A,C,510.0,170.0
4081,D,F,1,C,"(2, 5, 9)",ii,D,A,C,510.125,170.0
4082,D,F,2,C,"(2, 5, 9)",ii,D,A,C,510.25,170.0
4083,D,F,2,C,"(2, 5, 9)",ii,D,A,C,510.375,170.0
4084,D,F,3,C,"(2, 5, 9)",ii,D,A,C,510.5,170.0
4085,D,F,3,C,"(2, 5, 9)",ii,D,A,C,510.625,170.0
4086,D,F,3,C,"(2, 5, 9)",ii,D,A,C,510.75,170.0
4087,D,F,3,C,"(2, 5, 9)",ii,D,A,C,510.875,170.0
4088,D,F,4,C,"(2, 5, 9)",ii,D,A,C,511.0,170.0
4089,D,F,4,C,"(2, 5, 9)",ii,D,A,C,511.125,170.0
4090,D,F,4,C,"(2, 5, 9)",ii,D,A,C,511.25,170.0
4091,D,F,4,C,"(2, 5, 9)",ii,D,A,C,511.375,170.0
4092,D,F,4,C,"(2, 5, 9)",ii,D,A,C,511.5,170.0
4093,D,F,4,C,"(2, 5, 9)",ii,D,A,C,511.625,170.0
4094,D,F,4,C,"(2, 5, 9)",ii,D,A,C,511.75,170.0
4095,D,F,4,C,"(2, 5, 9)",ii,D,A,C,511.875,170.0
4096,C#,E,0,C,"(1, 4, 7)",viio,C#,G,d,512.0,170.0
4097,C#,E,1,C,"(1, 4, 7)",viio,C#,G,d,512.125,170.0
4098,C#,E,2,C,"(1, 4, 7)",viio,C#,G,d,512.25,170.0
4099,C#,E,2,C,"(1, 4, 7)",viio,C#,G,d,512.375,170.0
4100,C#,E,3,C,"(1, 4, 7)",viio,C#,G,d,512.5,170.0
4101,C#,E,3,C,"(1, 4, 7)",viio,C#,G,d,512.625,170.0
4102,C#,E,3,C,"(1, 4, 7)",viio,C#,G,d,512.75,170.0
4103,C#,E,3,C,"(1, 4, 7)",viio,C#,G,d,512.875,170.0
4104,A,D,0,C,"(2, 5, 9)",ii,D,F,C,513.0,171.0
4105,A,D,1,C,"(2, 5, 9)",ii,D,F,C,513.125,171.0
4106,A,D,2,C,"(2, 5, 9)",ii,D,F,C,513.25,171.0
4107,A,D,2,C,"(2, 5, 9)",ii,D,F,C,513.375,171.0
4108,A,D,3,C,"(2, 5, 9)",ii,D,F,C,513.5,171.0
4109,A,D,3,C,"(2, 5, 9)",V,D,F,C,513.625,171.0
4110,A,D,3,C,"(2, 5, 9)",V,D,F,C,513.75,171.0
4111,A,D,3,C,"(2, 5, 9)",V,D,F,C,513.875,171.0
4112,A,D,4,C,"(2, 5, 9)",ii,D,F,C,514.0,171.0
4113,A,D,4,C,"(2, 5, 9)",ii,D,F,C,514.125,171.0
4114,A,D,4,C,"(2, 5, 9)",ii,D,F,C,514.25,171.0
4115,A,D,4,C,"(2, 5, 9)",ii,D,F,C,514.375,171.0
4116,A,D,4,C,"(2, 5, 9)",V,D,F,C,514.5,171.0
4117,A,D,4,C,"(2, 5, 9)",V,D,F,C,514.625,171.0
4118,A,D,4,C,"(2, 5, 9)",V,D,F,C,514.75,171.0
4119,A,D,4,C,"(2, 5, 9)",V,D,F,C,514.875,171.0
4120,A,D,5,C,"(2, 5, 9)",V,D,F,C,515.0,171.0
4121,A,D,5,C,"(2, 5, 9)",V,D,F,C,515.125,171.0
4122,A,D,5,C,"(2, 5, 9)",V,D,F,C,515.25,171.0
4123,A,D,5,C,"(2, 5, 9)",V,D,F,C,515.375,171.0
4124,A,D,5,C,"(2, 5, 9)",V,D,F,C,515.5,171.0
4125,A,D,5,C,"(2, 5, 9)",V,D,F,C,515.625,171.0
4126,A,D,5,C,"(2, 5, 9)",V,D,F,C,515.75,171.0
4127,A,D,5,C,"(2, 5, 9)",V,D,F,C,515.875,171.0
4128,D,F,0,C,"(2, 5, 9)",ii,D,A,C,516.0,172.0
4129,D,F,1,C,"(2, 5, 9)",ii,D,A,C,516.125,172.0
4130,D,F,2,C,"(2, 5, 9)",ii,D,A,C,516.25,172.0
4131,D,F,2,C,"(2, 5, 9)",ii,D,A,C,516.375,172.0
4132,D,F,3,C,"(2, 5, 9)",ii,D,A,C,516.5,172.0
4133,D,F,3,C,"(2, 5, 9)",ii,D,A,C,516.625,172.0
4134,D,F,3,C,"(2, 5, 9)",ii,D,A,C,516.75,172.0
4135,D,F,3,C,"(2, 5, 9)",ii,D,A,C,516.875,172.0
4136,D,F,0,C,"(2, 5, 9)",ii,D,A,C,517.0,172.0
4137,D,F,4,C,"(2, 5, 9)",ii,D,A,C,517.125,172.0
4138,D,F,2,C,"(2, 5, 9)",ii,D,A,C,517.25,172.0
4139,D,F,2,C,"(2, 5, 9)",ii,D,A,C,517.375,172.0
4140,D,F,3,C,"(2, 5, 9)",ii,D,A,C,517.5,172.0
4141,D,F,3,C,"(2, 5, 9)",ii,D,A,C,517.625,172.0
4142,D,F,3,C,"(2, 5, 9)",ii,D,A,C,517.75,172.0
4143,D,F,3,C,"(2, 5, 9)",ii,D,A,C,517.875,172.0
4144,D,F,4,C,"(2, 5, 9)",ii,D,A,C,518.0,172.0
4145,D,F,4,C,"(2, 5, 9)",ii,D,A,C,518.125,172.0
4146,D,F,2,C,"(2, 5, 9)",ii,D,A,C,518.25,172.0
4147,D,F,4,C,"(2, 5, 9)",ii,D,A,C,518.375,172.0
4148,D,F,4,C,"(2, 5, 9)",ii,D,A,C,518.5,172.0
4149,D,F,4,C,"(2, 5, 9)",ii,D,A,C,518.625,172.0
4150,D,F,4,C,"(2, 5, 9)",ii,D,A,C,518.75,172.0
4151,D,F,4,C,"(2, 5, 9)",ii,D,A,C,518.875,172.0
4152,D,G,0,C,"(2, 7, 11)",i,C,B,C,519.0,173.0
4153,D,G,1,C,"(2, 7, 11)",i,G,B,C,519.125,173.0
4154,D,G,2,C,"(2, 7, 11)",i,G,B,C,519.25,173.0
4155,D,G,2,C,"(2, 7, 11)",i,G,B,C,519.375,173.0
4156,D,G,3,C,"(2, 7, 11)",i,G,B,C,519.5,173.0
4157,D,G,3,C,"(2, 7, 11)",i,G,B,C,519.625,173.0
4158,D,G,3,C,"(2, 7, 11)",i,G,B,C,519.75,173.0
4159,D,G,3,C,"(2, 7, 11)",V,G,B,C,519.875,173.0
4160,D,G,0,C,"(2, 7, 11)",V,G,B,C,520.0,173.0
4161,D,G,4,C,"(2, 7, 11)",V,G,B,C,520.125,173.0
4162,D,G,4,C,"(2, 7, 11)",V,G,B,C,520.25,173.0
4163,D,G,2,C,"(2, 7, 11)",V,G,B,C,520.375,173.0
4164,D,G,3,C,"(2, 7, 11)",V,G,B,C,520.5,173.0
4165,D,G,3,C,"(2, 7, 11)",V,G,B,C,520.625,173.0
4166,D,G,4,C,"(2, 7, 11)",V,G,B,C,520.75,173.0
4167,D,G,4,C,"(2, 7, 11)",V,G,B,C,520.875,173.0
4168,D,G,0,C,"(2, 7, 11)",V,G,B,C,521.0,173.0
4169,D,G,1,C,"(2, 7, 11)",V,G,B,C,521.125,173.0
4170,D,G,2,C,"(2, 7, 11)",V,G,B,C,521.25,173.0
4171,D,G,2,C,"(2, 7, 11)",V,G,B,C,521.375,173.0
4172,D,G,3,C,"(2, 7, 11)",V,G,B,C,521.5,173.0
4173,D,G,3,C,"(2, 7, 11)",V,G,B,C,521.625,173.0
4174,D,G,3,C,"(2, 7, 11)",V,G,B,C,521.75,173.0
4175,D,G,3,C,"(2, 7, 11)",V,G,B,C,521.875,173.0
4176,D,G,0,C,"(2, 7, 11)",V,G,B,C,522.0,174.0
4177,D,G,1,C,"(2, 7, 11)",V,G,B,C,522.125,174.0
4178,D,G,2,C,"(2, 7, 11)",V,G,B,C,522.25,174.0
4179,D,G,2,C,"(2, 7, 11)",V,G,B,C,522.375,174.0
4180,D,G,3,C,"(2, 7, 11)",V,G,B,C,522.5,174.0
4181,D,G,3,C,"(2, 7, 11)",V,G,B,C,522.625,174.0
4182,D,G,3,C,"(2, 7, 11)",V,G,B,C,522.75,174.0
4183,D,G,3,C,"(2, 7, 11)",V,G,B,C,522.875,174.0
4184,D,G,4,C,"(2, 7, 11)",V,G,B,C,523.0,174.0
4185,D,G,4,C,"(2, 7, 11)",V,G,B,C,523.125,174.0
4186,D,G,4,C,"(2, 7, 11)",V,G,B,C,523.25,174.0
4187,D,G,4,C,"(2, 7, 11)",V,G,B,C,523.375,174.0
4188,D,G,4,C,"(2, 7, 11)",V,G,B,C,523.5,174.0
4189,D,G,4,C,"(2, 7, 11)",V,G,B,C,523.625,174.0
4190,D,G,4,C,"(2, 7, 11)",V,G,B,C,523.75,174.0
4191,D,G,4,C,"(2, 7, 11)",V,G,B,C,523.875,174.0
4192,D,B,5,C,"(2, 7, 11)",V,G,B,C,524.0,174.0
4193,D,B,5,C,"(2, 7, 11)",V,G,B,C,524.125,174.0
4194,D,B,5,C,"(2, 7, 11)",V,G,B,C,524.25,174.0
4195,D,B,5,C,"(2, 7, 11)",V,G,B,C,524.375,174.0
4196,D,B,5,C,"(2, 7, 11)",V,G,B,C,524.5,174.0
4197,D,B,5,C,"(2, 7, 11)",V,G,B,C,524.625,174.0
4198,D,B,5,C,"(2, 7, 11)",V,G,B,C,524.75,174.0
4199,D,B,5,C,"(2, 7, 11)",V,G,B,C,524.875,174.0
4200,E,A,0,C,"(0, 4, 9)",ii,A,C,G,525.0,175.0
4201,E,A,1,C,"(0, 4, 9)",ii,A,C,G,525.125,175.0
4202,E,A,2,C,"(0, 4, 9)",ii,A,C,G,525.25,175.0
4203,E,A,2,C,"(0, 4, 9)",ii,A,C,G,525.375,175.0
4204,E,A,3,C,"(0, 4, 9)",ii,A,C,G,525.5,175.0
4205,E,A,3,C,"(0, 4, 9)",ii,A,C,G,525.625,175.0
4206,E,A,3,C,"(0, 4, 9)",ii,A,C,G,525.75,175.0
4207,E,A,3,C,"(0, 4, 9)",ii,A,C,G,525.875,175.0
4208,E,A,4,C,"(0, 4, 9)",ii,A,C,G,526.0,175.0
4209,E,A,4,C,"(0, 4, 9)",ii,A,C,G,526.125,175.0
4210,E,A,4,C,"(0, 4, 9)",ii,A,C,G,526.25,175.0
4211,E,A,4,C,"(0, 4, 9)",ii,A,C,G,526.375,175.0
4212,E,A,4,C,"(0, 4, 9)",ii,A,C,G,526.5,175.0
4213,E,A,4,C,"(0, 4, 9)",ii,A,C,G,526.625,175.0
4214,E,A,4,C,"(0, 4, 9)",ii,A,C,G,526.75,175.0
4215,E,A,4,C,"(0, 4, 9)",ii,A,C,G,526.875,175.0
4216,E,A,5,C,"(0, 4, 9)",ii,A,C,G,527.0,175.0
4217,E,A,5,C,"(0, 4, 9)",ii,A,C,G,527.125,175.0
4218,E,A,5,C,"(0, 4, 9)",ii,A,C,G,527.25,175.0
4219,E,A,5,C,"(0, 4, 9)",ii,A,C,G,527.375,175.0
4220,E,A,5,C,"(0, 4, 9)",ii,A,C,G,527.5,175.0
4221,E,A,5,C,"(0, 4, 9)",ii,A,C,G,527.625,175.0
4222,E,A,5,C,"(0, 4, 9)",ii,A,C,G,527.75,175.0
4223,E,A,5,C,"(0, 4, 9)",ii,A,C,G,527.875,175.0
4224,D,F#,0,C,"(2, 6, 9)",V,D,A,G,528.0,176.0
4225,D,F#,1,C,"(2, 6, 9)",V,D,A,G,528.125,176.0
4226,D,F#,2,C,"(2, 6, 9)",V,D,A,G,528.25,176.0
4227,D,F#,2,C,"(2, 6, 9)",V,D,A,G,528.375,176.0
4228,D,F#,3,C,"(2, 6, 9)",V,D,A,G,528.5,176.0
4229,D,F#,3,C,"(2, 6, 9)",V,D,A,G,528.625,176.0
4230,D,F#,3,C,"(2, 6, 9)",V,D,A,G,528.75,176.0
4231,D,F#,3,C,"(2, 6, 9)",V,D,A,G,528.875,176.0
4232,D,F#,4,C,"(2, 6, 9)",V,D,A,G,529.0,176.0
4233,D,F#,4,C,"(2, 6, 9)",V,D,A,G,529.125,176.0
4234,D,F#,4,C,"(2, 6, 9)",V,D,A,G,529.25,176.0
4235,D,F#,4,C,"(2, 6, 9)",V,D,A,G,529.375,176.0
4236,D,F#,4,C,"(2, 6, 9)",V,D,A,G,529.5,176.0
4237,D,F#,4,C,"(2, 6, 9)",V,D,A,G,529.625,176.0
4238,D,F#,4,C,"(2, 6, 9)",V,D,A,G,529.75,176.0
4239,D,F#,4,C,"(2, 6, 9)",V,D,A,G,529.875,176.0
4240,D,G,0,C,"(2, 7, 10)",i,G,B-,g,530.0,176.0
4241,D,G,1,C,"(2, 7, 10)",i,G,B-,g,530.125,176.0
4242,D,G,2,C,"(2, 7, 10)",i,G,B-,g,530.25,176.0
4243,D,G,2,C,"(2, 7, 10)",i,G,B-,g,530.375,176.0
4244,D,G,3,C,"(2, 7, 10)",i,G,B-,g,530.5,176.0
4245,D,G,3,C,"(2, 7, 10)",i,G,B-,g,530.625,176.0
4246,D,G,3,C,"(2, 7, 10)",i,G,B-,g,530.75,176.0
4247,D,G,3,C,"(2, 7, 10)",i,G,B-,g,530.875,176.0
4248,D,G#,0,C,"(2, 8, 11)",viio,G#,B,a,531.0,177.0
4249,D,G#,1,C,"(2, 8, 11)",viio,G#,B,a,531.125,177.0
4250,D,G#,2,C,"(2, 8, 11)",viio,G#,B,a,531.25,177.0
4251,D,G#,2,C,"(2, 8, 11)",viio,G#,B,a,531.375,177.0
4252,D,G#,3,C,"(2, 8, 11)",viio,G#,B,a,531.5,177.0
4253,D,G#,3,C,"(2, 8, 11)",viio,G#,B,a,531.625,177.0
4254,D,G#,3,C,"(2, 8, 11)",viio,G#,B,a,531.75,177.0
4255,D,G#,3,C,"(2, 8, 11)",viio,G#,B,a,531.875,177.0
4256,E,A,0,C,"(0, 4, 9)",viio,A,C,G,532.0,177.0
4257,E,A,1,C,"(0, 4, 9)",viio,A,C,G,532.125,177.0
4258,E,A,2,C,"(0, 4, 9)",viio,A,C,G,532.25,177.0
4259,E,A,2,C,"(0, 4, 9)",viio,A,C,G,532.375,177.0
4260,E,A,3,C,"(0, 4, 9)",viio,A,C,G,532.5,177.0
4261,E,A,3,C,"(0, 4, 9)",viio,A,C,G,532.625,177.0
4262,E,A,3,C,"(0, 4, 9)",viio,A,C,G,532.75,177.0
4263,E,A,3,C,"(0, 4, 9)",viio,A,C,G,532.875,177.0
4264,A,C,0,C,"(0, 4, 9)",viio,A,C,G,533.0,177.0
4265,A,C,1,C,"(0, 4, 9)",viio,A,C,G,533.125,177.0
4266,A,C,2,C,"(0, 4, 9)",viio,A,C,G,533.25,177.0
4267,A,C,4,C,"(0, 4, 9)",viio,A,C,G,533.375,177.0
4268,A,C,3,C,"(0, 4, 9)",viio,A,C,G,533.5,177.0
4269,A,C,3,C,"(0, 4, 9)",viio,A,C,G,533.625,177.0
4270,A,C,3,C,"(0, 4, 9)",viio,F#,C,G,533.75,177.0
4271,A,C,3,C,"(0, 4, 9)",viio,F#,C,G,533.875,177.0
4272,G,B,0,C,"(2, 7, 11)",V,G,D,C,534.0,178.0
4273,G,B,1,C,"(2, 7, 11)",V,G,D,C,534.125,178.0
4274,G,B,2,C,"(2, 7, 11)",V,G,D,C,534.25,178.0
4275,G,B,2,C,"(2, 7, 11)",V,G,D,C,534.375,178.0
4276,G,B,3,C,"(2, 7, 11)",V,G,D,C,534.5,178.0
4277,G,B,3,C,"(2, 7, 11)",V,G,D,C,534.625,178.0
4278,G,B,3,C,"(2, 7, 11)",V,G,D,C,534.75,178.0
4279,G,B,3,C,"(2, 7, 11)",V,G,D,C,534.875,178.0
4280,G,B,4,C,"(2, 7, 11)",V,G,D,C,535.0,178.0
4281,G,B,4,C,"(2, 7, 11)",V,G,D,C,535.125,178.0
4282,G,B,4,C,"(2, 7, 11)",V,G,D,C,535.25,178.0
4283,G,B,4,C,"(2, 7, 11)",V,G,D,C,535.375,178.0
4284,G,B,4,C,"(2, 7, 11)",V,G,D,C,535.5,178.0
4285,G,B,4,C,"(2, 7, 11)",V,G,D,C,535.625,178.0
4286,G,B,4,C,"(2, 7, 11)",V,G,D,C,535.75,178.0
4287,G,B,4,C,"(2, 7, 11)",V,G,D,C,535.875,178.0
4288,G,B,5,C,"(2, 7, 11)",V,G,D,C,536.0,178.0
4289,G,B,5,C,"(2, 7, 11)",V,G,D,C,536.125,178.0
4290,G,B,5,C,"(2, 7, 11)",V,G,D,C,536.25,178.0
4291,G,B,5,C,"(2, 7, 11)",V,G,D,C,536.375,178.0
4292,G,B,5,C,"(2, 7, 11)",V,G,D,C,536.5,178.0
4293,G,B,5,C,"(2, 7, 11)",V,G,D,C,536.625,178.0
4294,G,B,5,C,"(2, 7, 11)",V,G,D,C,536.75,178.0
4295,G,B,5,C,"(2, 7, 11)",V,G,D,C,536.875,178.0
4296,G,C,0,C,"(0, 4, 7)",I,C,E,C,537.0,179.0
4297,G,C,1,C,"(0, 4, 7)",I,C,E,C,537.125,179.0
4298,G,C,2,C,"(0, 4, 7)",I,C,E,C,537.25,179.0
4299,G,C,2,C,"(0, 4, 7)",I,C,E,C,537.375,179.0
4300,G,C,3,C,"(0, 4, 7)",I,C,E,C,537.5,179.0
4301,G,C,3,C,"(0, 4, 7)",IV,C,E,C,537.625,179.0
4302,G,C,3,C,"(0, 4, 7)",I,C,E,C,537.75,179.0
4303,G,C,3,C,"(0, 4, 7)",I,C,E,C,537.875,179.0
4304,G,C,4,C,"(0, 4, 7)",IV,C,E,C,538.0,179.0
4305,G,C,4,C,"(0, 4, 7)",IV,C,E,C,538.125,179.0
4306,G,C,4,C,"(0, 4, 7)",IV,C,E,C,538.25,179.0
4307,G,C,4,C,"(0, 4, 7)",IV,C,E,C,538.375,179.0
4308,G,C,4,C,"(0, 4, 7)",IV,C,E,C,538.5,179.0
4309,G,C,4,C,"(0, 4, 7)",IV,C,E,C,538.625,179.0
4310,G,C,4,C,"(0, 4, 7)",IV,C,E,C,538.75,179.0
4311,G,C,4,C,"(0, 4, 7)",IV,C,E,C,538.875,179.0
4312,G,C,0,C,"(0, 4, 9)",IV,A,E,G,539.0,179.0
4313,G,C,1,C,"(0, 4, 9)",IV,A,E,G,539.125,179.0
4314,G,C,2,C,"(0, 4, 9)",IV,A,E,G,539.25,179.0
4315,G,C,2,C,"(0, 4, 9)",IV,A,E,G,539.375,179.0
4316,A,C,3,C,"(0, 4, 9)",IV,A,E,G,539.5,179.0
4317,G,C,3,C,"(0, 4, 9)",IV,A,E,G,539.625,179.0
4318,A,C,3,C,"(0, 4, 9)",IV,A,E,G,539.75,179.0
4319,A,C,3,C,"(0, 4, 9)",IV,A,E,G,539.875,179.0
4320,B,D,0,C,"(2, 7, 11)",V,G,G,G,540.0,180.0
4321,B,D,1,C,"(2, 7, 11)",V,G,G,G,540.125,180.0
4322,B,D,2,C,"(2, 7, 11)",V,G,G,G,540.25,180.0
4323,B,D,2,C,"(2, 7, 11)",V,G,G,G,540.375,180.0
4324,B,D,3,C,"(2, 7, 11)",V,G,G,G,540.5,180.0
4325,B,D,3,C,"(2, 7, 11)",V,G,G,G,540.625,180.0
4326,B,D,3,C,"(2, 7, 11)",V,G,G,G,540.75,180.0
4327,B,D,3,C,"(2, 7, 11)",V,G,G,G,540.875,180.0
4328,B,D,4,C,"(2, 7, 11)",V,G,G,G,541.0,180.0
4329,B,D,4,C,"(2, 7, 11)",V,G,G,G,541.125,180.0
4330,B,D,4,C,"(2, 7, 11)",V,G,G,G,541.25,180.0
4331,B,D,4,C,"(2, 7, 11)",V,G,G,G,541.375,180.0
4332,B,D,4,C,"(2, 7, 11)",V,G,G,G,541.5,180.0
4333,B,D,4,C,"(2, 7, 11)",V,G,G,G,541.625,180.0
4334,B,D,4,C,"(2, 7, 11)",V,G,G,G,541.75,180.0
4335,B,D,4,C,"(2, 7, 11)",V,G,G,G,541.875,180.0
4336,A,D,0,C,"(0, 2, 6, 9)",V7,C,F#,G,542.0,180.0
4337,A,D,1,C,"(0, 2, 6, 9)",V7,C,F#,G,542.125,180.0
4338,A,D,2,C,"(0, 2, 6, 9)",V7,C,F#,G,542.25,180.0
4339,A,D,2,C,"(0, 2, 6, 9)",V7,C,F#,G,542.375,180.0
4340,A,D,3,C,"(0, 2, 6, 9)",V7,C,F#,G,542.5,180.0
4341,A,D,3,C,"(0, 2, 6, 9)",V7,C,F#,G,542.625,180.0
4342,A,D,3,C,"(0, 2, 6, 9)",V7,C,F#,G,542.75,180.0
4343,A,D,3,C,"(0, 2, 6, 9)",V7,C,F#,G,542.875,180.0
4344,D,G,0,C,"(2, 7, 11)",V,G,B,G,543.0,181.0
4345,D,G,1,C,"(2, 7, 11)",V,G,B,G,543.125,181.0
4346,D,G,2,C,"(2, 7, 11)",V,G,B,G,543.25,181.0
4347,D,G,2,C,"(2, 7, 11)",V,G,B,G,543.375,181.0
4348,D,G,3,C,"(2, 7, 11)",V,G,B,G,543.5,181.0
4349,D,G,3,C,"(2, 7, 11)",V,G,B,G,543.625,181.0
4350,D,G,3,C,"(2, 7, 11)",V,G,B,G,543.75,181.0
4351,D,G,3,C,"(2, 7, 11)",V,G,B,G,543.875,181.0
4352,D,G,4,C,"(2, 7, 11)",V,G,B,G,544.0,181.0
4353,D,G,4,C,"(2, 7, 11)",V,G,B,G,544.125,181.0
4354,D,G,4,C,"(2, 7, 11)",V,G,B,G,544.25,181.0
4355,D,G,4,C,"(2, 7, 11)",V,G,B,G,544.375,181.0
4356,D,G,4,C,"(2, 7, 11)",V,G,B,G,544.5,181.0
4357,D,G,4,C,"(2, 7, 11)",V,G,B,G,544.625,181.0
4358,D,G,4,C,"(2, 7, 11)",V,G,B,G,544.75,181.0
4359,D,G,4,C,"(2, 7, 11)",V,G,B,G,544.875,181.0
4360,G,B,0,C,"(2, 7, 11)",V,G,D,G,545.0,181.0
4361,G,B,1,C,"(2, 7, 11)",V,G,D,G,545.125,181.0
4362,G,B,2,C,"(2, 7, 11)",V,G,D,G,545.25,181.0
4363,G,B,2,C,"(2, 7, 11)",V,G,D,G,545.375,181.0
4364,G,B,3,C,"(2, 7, 11)",V,G,D,G,545.5,181.0
4365,G,B,3,C,"(2, 7, 11)",V,G,D,G,545.625,181.0
4366,G,B,3,C,"(2, 7, 11)",V,G,D,G,545.75,181.0
4367,G,B,3,C,"(2, 7, 11)",V,G,D,G,545.875,181.0
4368,G,B,0,C,"(2, 7, 11)",V,G,D,C,546.0,182.0
4369,G,B,1,C,"(2, 7, 11)",V,G,D,C,546.125,182.0
4370,G,B,2,C,"(2, 7, 11)",V,G,D,C,546.25,182.0
4371,G,B,2,C,"(2, 7, 11)",V,G,D,C,546.375,182.0
4372,G,B,3,C,"(2, 7, 11)",V,G,D,C,546.5,182.0
4373,G,B,3,C,"(2, 7, 11)",V,G,D,C,546.625,182.0
4374,G,B,3,C,"(2, 7, 11)",V,G,D,C,546.75,182.0
4375,G,B,3,C,"(2, 7, 11)",V,G,D,C,546.875,182.0
4376,G,C#,0,C,"(1, 4, 7)",viio,C#,E,d,547.0,182.0
4377,G,C#,1,C,"(1, 4, 7)",viio,C#,E,d,547.125,182.0
4378,G,C#,2,C,"(1, 4, 7)",viio,C#,E,d,547.25,182.0
4379,G,C#,2,C,"(1, 4, 7)",viio,C#,E,d,547.375,182.0
4380,G,C#,3,C,"(1, 4, 7)",viio,C#,E,d,547.5,182.0
4381,G,C#,3,C,"(1, 4, 7)",viio,C#,E,d,547.625,182.0
4382,G,C#,3,C,"(1, 4, 7)",viio,C#,E,d,547.75,182.0
4383,G,C#,3,C,"(1, 4, 7)",viio,C#,E,d,547.875,182.0
4384,A,D,0,C,"(2, 5, 9)",ii,B,F,C,548.0,182.0
4385,A,D,1,C,"(2, 5, 9)",ii,B,F,C,548.125,182.0
4386,A,D,2,C,"(2, 5, 9)",ii,B,F,C,548.25,182.0
4387,A,D,2,C,"(2, 5, 9)",ii,B,F,C,548.375,182.0
4388,A,D,3,C,"(2, 5, 9)",ii,B,F,C,548.5,182.0
4389,A,D,3,C,"(2, 5, 9)",ii,B,F,C,548.625,182.0
4390,A,D,3,C,"(2, 5, 9)",ii,B,F,C,548.75,182.0
4391,A,D,3,C,"(2, 5, 9)",ii,B,F,C,548.875,182.0
4392,B,E,0,C,"(4, 7, 11)",iii,E,G,C,549.0,183.0
4393,B,E,1,C,"(4, 7, 11)",iii,E,G,C,549.125,183.0
4394,B,E,2,C,"(4, 7, 11)",iii,E,G,C,549.25,183.0
4395,B,E,2,C,"(4, 7, 11)",iii,E,G,C,549.375,183.0
4396,B,E,3,C,"(4, 7, 11)",iii,E,G,C,549.5,183.0
4397,B,E,3,C,"(4, 7, 11)",iii,E,G,C,549.625,183.0
4398,B,E,3,C,"(4, 7, 11)",iii,E,G,C,549.75,183.0
4399,B,E,3,C,"(4, 7, 11)",iii,E,G,C,549.875,183.0
4400,B,E,4,C,"(4, 7, 11)",iii,E,G,C,550.0,183.0
4401,B,E,4,C,"(4, 7, 11)",iii,E,G,C,550.125,183.0
4402,B,E,4,C,"(4, 7, 11)",iii,E,G,C,550.25,183.0
4403,B,E,4,C,"(4, 7, 11)",iii,E,G,C,550.375,183.0
4404,B,E,4,C,"(4, 7, 11)",iii,E,G,C,550.5,183.0
4405,B,E,4,C,"(4, 7, 11)",iii,E,G,C,550.625,183.0
4406,B,E,4,C,"(4, 7, 11)",iii,E,G,C,550.75,183.0
4407,B,E,4,C,"(4, 7, 11)",iii,E,G,C,550.875,183.0
4408,B,E,5,C,"(4, 7, 11)",V,E,G,C,551.0,183.0
4409,B,E,5,C,"(4, 7, 11)",V,E,G,C,551.125,183.0
4410,B,E,5,C,"(4, 7, 11)",V,E,G,C,551.25,183.0
4411,B,E,5,C,"(4, 7, 11)",V,E,G,C,551.375,183.0
4412,B,E,5,C,"(4, 7, 11)",V,E,G,C,551.5,183.0
4413,B,E,5,C,"(4, 7, 11)",V,E,G,C,551.625,183.0
4414,B,E,5,C,"(4, 7, 11)",V,E,G,C,551.75,183.0
4415,B,E,5,C,"(4, 7, 11)",V,E,G,C,551.875,183.0
4416,A,C#,0,C,"(1, 4, 9)",V,A,E,d,552.0,184.0
4417,A,C#,1,C,"(1, 4, 9)",V,A,E,d,552.125,184.0
4418,A,C#,2,C,"(1, 4, 9)",V,A,E,d,552.25,184.0
4419,A,C#,2,C,"(1, 4, 9)",V,A,E,d,552.375,184.0
4420,A,C#,3,C,"(1, 4, 9)",V,A,E,d,552.5,184.0
4421,A,C#,3,C,"(1, 4, 9)",V,A,E,d,552.625,184.0
4422,A,C#,3,C,"(1, 4, 9)",V,A,E,d,552.75,184.0
4423,A,C#,3,C,"(1, 4, 9)",V,A,E,d,552.875,184.0
4424,A,C#,4,C,"(1, 4, 9)",V,A,E,d,553.0,184.0
4425,A,C#,4,C,"(1, 4, 9)",V,A,E,d,553.125,184.0
4426,A,C#,4,C,"(1, 4, 9)",V,A,E,d,553.25,184.0
4427,A,C#,4,C,"(1, 4, 9)",V,A,E,d,553.375,184.0
4428,A,C#,4,C,"(1, 4, 9)",V,A,E,d,553.5,184.0
4429,A,C#,4,C,"(1, 4, 7, 9)",V,A,E,d,553.625,184.0
4430,A,C#,4,C,"(1, 4, 9)",V,A,E,d,553.75,184.0
4431,A,C#,4,C,"(1, 4, 7, 9)",V,A,E,d,553.875,184.0
4432,G,C#,5,C,"(1, 4, 7, 9)",V7,A,E,d,554.0,184.0
4433,G,C#,5,C,"(1, 4, 7, 9)",V7,A,E,d,554.125,184.0
4434,G,C#,5,C,"(1, 4, 7, 9)",V7,A,E,d,554.25,184.0
4435,G,C#,5,C,"(1, 4, 7, 9)",V7,A,E,d,554.375,184.0
4436,G,C#,5,C,"(1, 4, 7, 9)",V7,A,E,d,554.5,184.0
4437,G,C#,5,C,"(1, 4, 7, 9)",V7,A,E,d,554.625,184.0
4438,G,C#,5,C,"(1, 4, 7, 9)",V7,A,E,d,554.75,184.0
4439,G,C#,5,C,"(1, 4, 7, 9)",V7,A,E,d,554.875,184.0
4440,A,D,0,C,"(2, 5, 9)",ii,D,F,d,555.0,185.0
4441,A,D,1,C,"(2, 5, 9)",ii,D,F,d,555.125,185.0
4442,A,D,2,C,"(2, 5, 9)",ii,D,F,d,555.25,185.0
4443,A,D,2,C,"(2, 5, 9)",ii,D,F,d,555.375,185.0
4444,A,D,3,C,"(2, 5, 9)",i,D,F,d,555.5,185.0
4445,A,D,3,C,"(2, 5, 9)",i,D,F,d,555.625,185.0
4446,A,D,3,C,"(2, 5, 9)",i,D,F,d,555.75,185.0
4447,A,D,3,C,"(2, 5, 9)",i,D,F,d,555.875,185.0
4448,A,D,4,C,"(2, 5, 9)",i,D,F,d,556.0,185.0
4449,A,D,4,C,"(2, 5, 9)",i,D,F,d,556.125,185.0
4450,A,D,4,C,"(2, 5, 9)",i,D,F,d,556.25,185.0
4451,A,D,4,C,"(2, 5, 9)",i,D,F,d,556.375,185.0
4452,A,D,4,C,"(2, 5, 9)",i,D,F,d,556.5,185.0
4453,A,D,4,C,"(2, 5, 9)",i,D,F,d,556.625,185.0
4454,A,D,4,C,"(2, 5, 9)",i,D,F,d,556.75,185.0
4455,A,D,4,C,"(2, 5, 9)",i,D,F,d,556.875,185.0
4456,A,D,5,C,"(2, 5, 9)",i,D,F,d,557.0,185.0
4457,A,D,5,C,"(2, 5, 9)",i,D,F,d,557.125,185.0
4458,A,D,5,C,"(2, 5, 9)",i,D,F,d,557.25,185.0
4459,A,D,5,C,"(2, 5, 9)",i,D,F,d,557.375,185.0
4460,A,D,5,C,"(2, 5, 9)",i,D,F,d,557.5,185.0
4461,A,D,5,C,"(2, 5, 9)",i,D,F,d,557.625,185.0
4462,A,D,5,C,"(2, 5, 9)",i,D,F,d,557.75,185.0
4463,A,D,5,C,"(2, 5, 9)",i,D,F,d,557.875,185.0
4464,A,D,0,C,"(2, 5, 9)",i,D,F,C,558.0,186.0
4465,A,D,1,C,"(2, 5, 9)",i,D,F,C,558.125,186.0
4466,A,D,2,C,"(2, 5, 9)",i,D,F,C,558.25,186.0
4467,A,D,2,C,"(2, 5, 9)",i,D,F,C,558.375,186.0
4468,A,D,3,C,"(2, 5, 9)",i,D,F,C,558.5,186.0
4469,A,D,3,C,"(2, 5, 9)",i,D,F,C,558.625,186.0
4470,A,D,3,C,"(2, 5, 9)",i,D,F,C,558.75,186.0
4471,A,D,3,C,"(2, 5, 9)",i,D,F,C,558.875,186.0
4472,F,B,4,C,"(2, 5, 9)",viio,B,D,C,559.0,186.0
4473,F,B,1,C,"(2, 5, 9)",viio,B,D,C,559.125,186.0
4474,F,B,2,C,"(2, 5, 9)",viio,B,D,C,559.25,186.0
4475,F,B,2,C,"(2, 5, 9)",viio,B,D,C,559.375,186.0
4476,F,B,3,C,"(2, 5, 9)",viio,B,D,C,559.5,186.0
4477,F,B,3,C,"(2, 5, 9)",viio,B,D,C,559.625,186.0
4478,F,B,3,C,"(2, 5, 9)",viio,B,D,C,559.75,186.0
4479,F,B,3,C,"(2, 5, 11)",viio7,B,D,C,559.875,186.0
4480,F,B,0,C,"(2, 5, 7, 11)",V7,G,D,C,560.0,186.0
4481,F,B,1,C,"(2, 5, 7, 11)",V7,G,D,C,560.125,186.0
4482,F,B,2,C,"(2, 5, 7, 11)",V7,G,D,C,560.25,186.0
4483,F,B,2,C,"(2, 5, 7, 11)",V7,G,D,C,560.375,186.0
4484,F,B,3,C,"(2, 5, 7, 11)",V7,G,D,C,560.5,186.0
4485,F,B,3,C,"(2, 5, 7, 11)",V7,G,D,C,560.625,186.0
4486,F,B,3,C,"(2, 5, 7, 11)",V7,G,D,C,560.75,186.0
4487,F,B,3,C,"(2, 5, 7, 11)",V7,G,D,C,560.875,186.0
4488,D,G,0,C,"(2, 5, 7, 11)",V7,F,B,C,561.0,187.0
4489,D,G,1,C,"(2, 5, 7, 11)",V7,F,B,C,561.125,187.0
4490,D,G,2,C,"(2, 5, 7, 11)",V7,F,B,C,561.25,187.0
4491,D,G,2,C,"(2, 5, 7, 11)",V7,F,B,C,561.375,187.0
4492,D,G,3,C,"(2, 5, 7, 11)",V7,F,B,C,561.5,187.0
4493,D,G,3,C,"(2, 5, 7, 11)",V7,F,B,C,561.625,187.0
4494,D,G,3,C,"(2, 5, 7, 11)",V7,F,B,C,561.75,187.0
4495,D,G,3,C,"(2, 5, 7, 11)",V7,F,B,C,561.875,187.0
4496,D,G,4,C,"(2, 5, 7, 11)",V7,F,B,C,562.0,187.0
4497,D,G,4,C,"(2, 5, 7, 11)",V7,F,B,C,562.125,187.0
4498,D,G,4,C,"(2, 5, 7, 11)",V7,F,B,C,562.25,187.0
4499,D,G,4,C,"(2, 5, 7, 11)",V7,F,B,C,562.375,187.0
4500,D,G,4,C,"(2, 5, 7, 11)",V7,F,B,C,562.5,187.0
4501,D,G,4,C,"(2, 5, 7, 11)",V7,F,B,C,562.625,187.0
4502,D,G,4,C,"(2, 5, 7, 11)",V7,F,B,C,562.75,187.0
4503,D,G,4,C,"(2, 5, 7, 11)",V7,F,B,C,562.875,187.0
4504,D,G,5,C,"(2, 5, 7, 11)",V7,F,B,C,563.0,187.0
4505,D,G,5,C,"(2, 5, 7, 11)",V7,F,B,C,563.125,187.0
4506,D,G,5,C,"(2, 5, 7, 11)",V7,F,B,C,563.25,187.0
4507,D,G,5,C,"(2, 5, 7, 11)",V7,F,B,C,563.375,187.0
4508,D,G,5,C,"(2, 5, 7, 11)",V7,F,B,C,563.5,187.0
4509,D,G,5,C,"(2, 5, 7, 11)",V7,F,B,C,563.625,187.0
4510,D,G,5,C,"(2, 5, 7, 11)",V7,F,B,C,563.75,187.0
4511,D,G,5,C,"(2, 5, 7, 11)",V7,F,B,C,563.875,187.0
4512,G,C,0,C,"(0, 4, 7)",I,C,E,C,564.0,188.0
4513,G,C,1,C,"(0, 4, 7)",I,C,E,C,564.125,188.0
4514,G,C,2,C,"(0, 4, 7)",I,C,E,C,564.25,188.0
4515,G,C,2,C,"(0, 4, 7)",I,C,E,C,564.375,188.0
4516,G,C,3,C,"(0, 4, 7)",I,C,E,C,564.5,188.0
4517,G,C,3,C,"(0, 4, 7)",I,C,E,C,564.625,188.0
4518,G,C,3,C,"(0, 4, 7)",I,C,E,C,564.75,188.0
4519,G,C,3,C,"(0, 4, 7)",I,C,E,C,564.875,188.0
4520,E,G,4,C,"(0, 4, 7)",I,C,C,C,565.0,188.0
4521,E,G,4,C,"(0, 4, 7)",I,C,C,C,565.125,188.0
4522,E,G,4,C,"(0, 4, 7)",I,C,C,C,565.25,188.0
4523,E,G,4,C,"(0, 4, 7)",I,C,C,C,565.375,188.0
4524,E,G,4,C,"(0, 4, 7)",I,C,C,C,565.5,188.0
4525,E,G,4,C,"(0, 4, 7)",I,C,C,C,565.625,188.0
4526,E,G,4,C,"(0, 4, 7)",I,C,C,C,565.75,188.0
4527,E,G,4,C,"(0, 4, 7)",I,C,C,C,565.875,188.0
4528,E,G,5,C,"(0, 4, 7)",I,C,C,C,566.0,188.0
4529,E,G,5,C,"(0, 4, 7)",I,C,C,C,566.125,188.0
4530,E,G,5,C,"(0, 4, 7)",I,C,C,C,566.25,188.0
4531,E,G,5,C,"(0, 4, 7)",I,C,C,C,566.375,188.0
4532,E,G,5,C,"(0, 4, 7)",I,C,C,C,566.5,188.0
4533,E,G,5,C,"(0, 4, 7)",I,C,C,C,566.625,188.0
4534,E,G,5,C,"(0, 4, 7)",I,C,C,C,566.75,188.0
4535,E,G,5,C,"(0, 4, 7)",I,C,C,C,566.875,188.0
4536,D,G,0,C,"(2, 7, 11)",V,G,B,C,567.0,189.0
4537,D,G,1,C,"(2, 7, 11)",V,G,B,C,567.125,189.0
4538,D,G,2,C,"(2, 7, 11)",V,G,B,C,567.25,189.0
4539,D,G,2,C,"(2, 7, 11)",V,G,B,C,567.375,189.0
4540,D,G,3,C,"(2, 7, 11)",V,G,B,C,567.5,189.0
4541,D,G,3,C,"(2, 7, 11)",V,G,B,C,567.625,189.0
4542,D,G,3,C,"(2, 7, 11)",V,G,B,C,567.75,189.0
4543,D,G,3,C,"(2, 7, 11)",V,G,B,C,567.875,189.0
4544,D,G,4,C,"(2, 7, 11)",V,G,B,C,568.0,189.0
4545,D,G,4,C,"(2, 7, 11)",V,G,B,C,568.125,189.0
4546,D,G,4,C,"(2, 7, 11)",V,G,B,C,568.25,189.0
4547,D,G,4,C,"(2, 7, 11)",V,G,B,C,568.375,189.0
4548,D,G,4,C,"(2, 7, 11)",V,G,B,C,568.5,189.0
4549,D,G,4,C,"(2, 7, 11)",V,G,B,C,568.625,189.0
4550,D,G,4,C,"(2, 7, 11)",V,G,B,C,568.75,189.0
4551,D,G,4,C,"(2, 7, 11)",V,G,B,C,568.875,189.0
4552,D,G,5,C,"(2, 7, 11)",V,G,B,C,569.0,189.0
4553,D,G,5,C,"(2, 7, 11)",V,G,B,C,569.125,189.0
4554,D,G,5,C,"(2, 7, 11)",V,G,B,C,569.25,189.0
4555,D,G,5,C,"(2, 7, 11)",V,G,B,C,569.375,189.0
4556,D,G,5,C,"(2, 7, 11)",V,G,B,C,569.5,189.0
4557,D,G,5,C,"(2, 7, 11)",V,G,B,C,569.625,189.0
4558,D,G,5,C,"(2, 7, 11)",V,G,B,C,569.75,189.0
4559,D,G,5,C,"(2, 7, 11)",V,G,B,C,569.875,189.0
4560,C,E,0,C,"(0, 4, 7)",I,C,G,C,570.0,190.0
4561,C,E,1,C,"(0, 4, 7)",I,C,G,C,570.125,190.0
4562,C,E,2,C,"(0, 4, 7)",I,C,G,C,570.25,190.0
4563,C,E,2,C,"(0, 4, 7)",I,C,G,C,570.375,190.0
4564,C,E,3,C,"(0, 4, 7)",I,C,G,C,570.5,190.0
4565,C,E,3,C,"(0, 4, 7)",I,C,G,C,570.625,190.0
4566,C,E,3,C,"(0, 4, 7)",I,C,G,C,570.75,190.0
4567,C,E,3,C,"(0, 4, 7)",I,C,G,C,570.875,190.0
4568,C,E,4,C,"(0, 4, 7)",I,C,G,C,571.0,190.0
4569,C,E,4,C,"(0, 4, 7)",I,C,G,C,571.125,190.0
4570,C,E,4,C,"(0, 4, 7)",I,C,G,C,571.25,190.0
4571,C,E,4,C,"(0, 4, 7)",I,C,G,C,571.375,190.0
4572,C,E,4,C,"(0, 4, 7)",I,C,G,C,571.5,190.0
4573,C,E,4,C,"(0, 4, 7)",I,C,G,C,571.625,190.0
4574,C,E,4,C,"(0, 4, 7)",I,C,G,C,571.75,190.0
4575,C,E,4,C,"(0, 4, 7)",I,C,G,C,571.875,190.0
4576,G,E,5,C,"(0, 4, 7)",I,C,E,C,572.0,190.0
4577,G,E,5,C,"(0, 4, 7)",I,C,E,C,572.125,190.0
4578,G,E,5,C,"(0, 4, 7)",I,C,E,C,572.25,190.0
4579,G,E,5,C,"(0, 4, 7)",I,C,E,C,572.375,190.0
4580,G,E,5,C,"(0, 4, 7)",I,C,E,C,572.5,190.0
4581,G,E,5,C,"(0, 4, 7)",I,C,E,C,572.625,190.0
4582,G,E,5,C,"(0, 4, 7)",I,C,E,C,572.75,190.0
4583,G,E,5,C,"(0, 4, 7)",I,C,E,C,572.875,190.0
4584,C,F,0,C,"(0, 5, 9)",IV,F,A,C,573.0,191.0
4585,C,F,1,C,"(0, 5, 9)",IV,F,A,C,573.125,191.0
4586,C,F,2,C,"(0, 5, 9)",IV,F,A,C,573.25,191.0
4587,C,F,2,C,"(0, 5, 9)",IV,F,A,C,573.375,191.0
4588,C,F,3,C,"(0, 5, 9)",IV,F,A,C,573.5,191.0
4589,C,F,3,C,"(0, 5, 9)",IV,F,A,C,573.625,191.0
4590,C,F,3,C,"(0, 5, 9)",IV,F,A,C,573.75,191.0
4591,C,F,3,C,"(0, 5, 9)",IV,F,A,C,573.875,191.0
4592,C,F,4,C,"(0, 5, 9)",IV,F,A,C,574.0,191.0
4593,C,F,4,C,"(0, 5, 9)",IV,F,A,C,574.125,191.0
4594,C,F,4,C,"(0, 5, 9)",IV,F,A,C,574.25,191.0
4595,C,F,4,C,"(0, 5, 9)",IV,F,A,C,574.375,191.0
4596,C,F,4,C,"(0, 5, 9)",IV,F,A,C,574.5,191.0
4597,C,F,4,C,"(0, 5, 9)",IV,F,A,C,574.625,191.0
4598,C,F,4,C,"(0, 5, 9)",IV,F,A,C,574.75,191.0
4599,C,F,4,C,"(0, 5, 9)",IV,F,A,C,574.875,191.0
4600,C,E,0,C,"(0, 4, 7)",I,C,G,C,575.0,191.0
4601,C,E,1,C,"(0, 4, 7)",I,C,G,C,575.125,191.0
4602,C,E,2,C,"(0, 4, 7)",I,C,G,C,575.25,191.0
4603,C,E,2,C,"(0, 4, 7)",I,C,G,C,575.375,191.0
4604,C,E,3,C,"(0, 4, 7)",I,C,G,C,575.5,191.0
4605,C,E,3,C,"(0, 4, 7)",I,C,G,C,575.625,191.0
4606,C,E,3,C,"(0, 4, 7)",I,C,G,C,575.75,191.0
4607,C,E,3,C,"(0, 4, 7)",I,C,G,C,575.875,191.0
4608,C,E,0,C,"(0, 4, 7)",I,C,G,C,576.0,192.0
4609,C,E,1,C,"(0, 4, 7)",I,C,G,C,576.125,192.0
4610,C,E,2,C,"(0, 4, 7)",I,C,G,C,576.25,192.0
4611,C,E,2,C,"(0, 4, 7)",I,C,G,C,576.375,192.0
4612,C,E,3,C,"(0, 4, 7)",I,C,G,C,576.5,192.0
4613,C,E,3,C,"(0, 4, 7)",I,C,G,C,576.625,192.0
4614,C,E,3,C,"(0, 4, 7)",I,C,G,C,576.75,192.0
4615,C,E,3,C,"(0, 4, 7)",I,C,G,C,576.875,192.0
4616,B,E,4,C,"(0, 4, 7)",I,C,G,C,577.0,192.0
4617,B,E,4,C,"(0, 4, 7)",I,C,G,C,577.125,192.0
4618,B,E,4,C,"(0, 4, 7)",I,C,G,C,577.25,192.0
4619,B,E,4,C,"(0, 4, 7)",I,C,G,C,577.375,192.0
4620,B,E,4,C,"(0, 4, 7)",I,C,G,C,577.5,192.0
4621,B,E,4,C,"(0, 4, 7)",I,C,G,C,577.625,192.0
4622,B,E,4,C,"(0, 4, 7)",I,C,G,C,577.75,192.0
4623,B,E,4,C,"(0, 4, 7)",I,C,G,C,577.875,192.0
4624,B,D,5,C,"(2, 5, 11)",viio,B,F,C,578.0,192.0
4625,B,D,5,C,"(2, 5, 11)",viio,B,F,C,578.125,192.0
4626,B,D,5,C,"(2, 5, 11)",viio,B,F,C,578.25,192.0
4627,B,D,5,C,"(2, 5, 11)",viio,B,F,C,578.375,192.0
4628,B,D,3,C,"(2, 5, 11)",viio,B,F,C,578.5,192.0
4629,B,D,3,C,"(2, 5, 11)",viio,B,F,C,578.625,192.0
4630,B,D,3,C,"(2, 5, 11)",viio,B,F,C,578.75,192.0
4631,B,D,3,C,"(2, 5, 11)",viio,B,F,C,578.875,192.0
4632,G,C,0,C,"(0, 4, 7)",I,C,E,C,579.0,193.0
4633,G,C,1,C,"(0, 4, 7)",I,C,E,C,579.125,193.0
4634,G,C,2,C,"(0, 4, 7)",I,C,E,C,579.25,193.0
4635,G,C,2,C,"(0, 4, 7)",I,C,E,C,579.375,193.0
4636,G,C,3,C,"(0, 4, 7)",I,C,E,C,579.5,193.0
4637,G,C,3,C,"(0, 4, 7)",I,C,E,C,579.625,193.0
4638,G,C,3,C,"(0, 4, 7)",I,C,E,C,579.75,193.0
4639,G,C,3,C,"(0, 4, 7)",I,C,E,C,579.875,193.0
4640,G,E,4,C,"(0, 4, 7)",V7,C,E,C,580.0,193.0
4641,G,E,4,C,"(0, 4, 7)",V7,C,E,C,580.125,193.0
4642,G,E,4,C,"(0, 4, 7)",V7,C,E,C,580.25,193.0
4643,G,E,4,C,"(0, 4, 7)",V7,C,E,C,580.375,193.0
4644,G,E,4,C,"(0, 4, 7)",V7,C,E,C,580.5,193.0
4645,G,E,4,C,"(0, 4, 7)",V7,C,E,C,580.625,193.0
4646,G,E,4,C,"(0, 4, 7)",V7,C,E,C,580.75,193.0
4647,G,E,4,C,"(0, 4, 7)",V7,C,E,C,580.875,193.0
4648,B-,E,0,C,"(1, 4, 7, 10)",viio7,C#,G,d,581.0,193.0
4649,B-,E,1,C,"(1, 4, 7, 10)",viio7,C#,G,d,581.125,193.0
4650,B-,E,2,C,"(1, 4, 7, 10)",viio7,C#,G,d,581.25,193.0
4651,B-,E,2,C,"(1, 4, 7, 10)",viio7,C#,G,d,581.375,193.0
4652,B-,E,3,C,"(1, 4, 7, 10)",viio7,C#,G,d,581.5,193.0
4653,B-,E,3,C,"(1, 4, 7, 10)",viio7,C#,G,d,581.625,193.0
4654,B-,E,3,C,"(1, 4, 7, 10)",viio7,C#,G,d,581.75,193.0
4655,B-,E,3,C,"(1, 4, 7, 10)",viio7,C#,G,d,581.875,193.0
4656,D,F,0,C,"(2, 5, 9)",ii,D,A,C,582.0,194.0
4657,D,F,1,C,"(2, 5, 9)",ii,D,A,C,582.125,194.0
4658,D,F,2,C,"(2, 5, 9)",ii,D,A,C,582.25,194.0
4659,D,F,2,C,"(2, 5, 9)",ii,D,A,C,582.375,194.0
4660,D,F,3,C,"(2, 5, 9)",ii,D,A,C,582.5,194.0
4661,D,F,3,C,"(2, 5, 9)",ii,D,A,C,582.625,194.0
4662,D,F,3,C,"(2, 5, 9)",ii,D,A,C,582.75,194.0
4663,D,F,3,C,"(2, 5, 9)",ii,D,A,C,582.875,194.0
4664,D,F,4,C,"(2, 5, 9)",ii,D,A,C,583.0,194.0
4665,D,F,4,C,"(2, 5, 9)",ii,D,A,C,583.125,194.0
4666,D,F,4,C,"(2, 5, 9)",ii,D,A,C,583.25,194.0
4667,D,F,4,C,"(2, 5, 9)",ii,D,A,C,583.375,194.0
4668,D,F,4,C,"(2, 5, 9)",ii,D,A,C,583.5,194.0
4669,D,F,4,C,"(2, 5, 9)",ii,D,A,C,583.625,194.0
4670,D,F,4,C,"(2, 5, 9)",ii,D,A,C,583.75,194.0
4671,D,F,4,C,"(2, 5, 9)",ii,D,A,C,583.875,194.0
4672,D,D,5,C,"(2, 5, 9)",ii,D,A,C,584.0,194.0
4673,D,D,5,C,"(2, 5, 9)",ii,D,F,C,584.125,194.0
4674,D,D,5,C,"(2, 5, 9)",ii,D,F,C,584.25,194.0
4675,D,D,5,C,"(2, 5, 9)",ii,D,F,C,584.375,194.0
4676,D,D,3,C,"(2, 5, 9)",ii,D,F,C,584.5,194.0
4677,D,D,3,C,"(2, 5, 9)",ii,D,F,C,584.625,194.0
4678,D,D,3,C,"(2, 5, 9)",ii,D,F,C,584.75,194.0
4679,D,D,5,C,"(2, 5, 9)",ii,D,A,C,584.875,194.0
4680,D,G,0,C,"(2, 5, 7, 11)",V7,F,B,C,585.0,195.0
4681,D,G,1,C,"(2, 5, 7, 11)",V7,F,B,C,585.125,195.0
4682,D,G,2,C,"(2, 5, 7, 11)",V7,F,B,C,585.25,195.0
4683,D,G,2,C,"(2, 5, 7, 11)",V7,F,B,C,585.375,195.0
4684,D,G,3,C,"(2, 5, 7, 11)",V7,F,B,C,585.5,195.0
4685,D,G,3,C,"(2, 5, 7, 11)",V7,F,B,C,585.625,195.0
4686,D,G,3,C,"(2, 5, 7, 11)",V7,F,B,C,585.75,195.0
4687,D,G,3,C,"(2, 5, 7, 11)",V7,F,B,C,585.875,195.0
4688,D,G,4,C,"(2, 5, 7, 11)",V7,F,B,C,586.0,195.0
4689,D,G,4,C,"(2, 5, 7, 11)",V7,F,B,C,586.125,195.0
4690,D,G,4,C,"(2, 5, 7, 11)",V7,F,B,C,586.25,195.0
4691,D,G,4,C,"(2, 5, 7, 11)",V7,F,B,C,586.375,195.0
4692,D,G,4,C,"(2, 5, 7, 11)",V7,F,B,C,586.5,195.0
4693,D,G,4,C,"(2, 5, 7, 11)",V7,F,B,C,586.625,195.0
4694,D,G,4,C,"(2, 5, 7, 11)",V7,F,B,C,586.75,195.0
4695,D,G,4,C,"(2, 5, 7, 11)",V7,F,B,C,586.875,195.0
4696,D,G,5,C,"(2, 5, 7, 11)",V7,F,B,C,587.0,195.0
4697,D,G,5,C,"(2, 5, 7, 11)",V7,F,B,C,587.125,195.0
4698,D,G,5,C,"(2, 5, 7, 11)",V7,F,B,C,587.25,195.0
4699,D,G,5,C,"(2, 5, 7, 11)",V7,F,B,C,587.375,195.0
4700,D,G,5,C,"(2, 5, 7, 11)",V7,F,B,C,587.5,195.0
4701,D,G,5,C,"(2, 5, 7, 11)",V7,F,B,C,587.625,195.0
4702,D,G,5,C,"(2, 5, 7, 11)",V7,F,B,C,587.75,195.0
4703,D,G,5,C,"(2, 5, 7, 11)",V7,F,B,C,587.875,195.0
4704,G,C,0,C,"(0, 4, 7)",I,C,E,C,588.0,196.0
4705,G,C,1,C,"(0, 4, 7)",I,C,E,C,588.125,196.0
4706,G,C,2,C,"(0, 4, 7)",I,C,E,C,588.25,196.0
4707,G,C,2,C,"(0, 4, 7)",I,C,E,C,588.375,196.0
4708,G,C,3,C,"(0, 4, 7)",I,C,E,C,588.5,196.0
4709,G,C,3,C,"(0, 4, 7)",I,C,E,C,588.625,196.0
4710,G,C,3,C,"(0, 4, 7)",I,C,E,C,588.75,196.0
4711,G,C,3,C,"(0, 4, 7)",I,C,E,C,588.875,196.0
4712,G,C,4,C,"(0, 4, 7)",I,C,E,C,589.0,196.0
4713,G,C,4,C,"(0, 4, 7)",I,C,E,C,589.125,196.0
4714,G,C,4,C,"(0, 4, 7)",I,C,E,C,589.25,196.0
4715,G,C,4,C,"(0, 4, 7)",I,C,E,C,589.375,196.0
4716,G,C,4,C,"(0, 4, 7)",I,C,E,C,589.5,196.0
4717,G,C,4,C,"(0, 4, 7)",I,C,E,C,589.625,196.0
4718,G,C,4,C,"(0, 4, 7)",I,C,E,C,589.75,196.0
4719,G,C,4,C,"(0, 4, 7)",I,C,E,C,589.875,196.0
4720,G,C,5,C,"(0, 4, 7)",I,C,E,C,590.0,196.0
4721,G,C,5,C,"(0, 4, 7)",I,C,E,C,590.125,196.0
4722,G,C,5,C,"(0, 4, 7)",I,C,E,C,590.25,196.0
4723,G,C,5,C,"(0, 4, 7)",I,C,E,C,590.375,196.0
4724,G,C,5,C,"(0, 4, 7)",I,C,E,C,590.5,196.0
4725,G,C,5,C,"(0, 4, 7)",I,C,E,C,590.625,196.0
4726,G,C,5,C,"(0, 4, 7)",I,C,E,C,590.75,196.0
4727,G,C,5,C,"(0, 4, 7)",I,C,E,C,590.875,196.0
4728,G,C,0,C,"(0, 4, 7)",I,C,E,C,591.0,197.0
4729,G,C,1,C,"(0, 4, 7)",I,C,E,C,591.125,197.0
4730,G,C,2,C,"(0, 4, 7)",I,C,E,C,591.25,197.0
4731,G,C,2,C,"(0, 4, 7)",I,C,E,C,591.375,197.0
4732,G,C,3,C,"(0, 4, 7)",I,C,E,C,591.5,197.0
4733,G,C,3,C,"(0, 4, 7)",I,C,E,C,591.625,197.0
4734,G,C,3,C,"(0, 4, 7)",I,C,E,C,591.75,197.0
4735,G,C,3,C,"(0, 4, 7)",I,C,E,C,591.875,197.0
4736,G,C,4,C,"(0, 4, 7)",I,C,E,C,592.0,197.0
4737,G,C,4,C,"(0, 4, 7)",I,C,E,C,592.125,197.0
4738,G,C,4,C,"(0, 4, 7)",I,C,E,C,592.25,197.0
4739,G,C,4,C,"(0, 4, 7)",I,C,E,C,592.375,197.0
4740,G,C,4,C,"(0, 4, 7)",I,C,E,C,592.5,197.0
4741,G,C,4,C,"(0, 4, 7)",I,C,E,C,592.625,197.0
4742,G,C,4,C,"(0, 4, 7)",I,C,E,C,592.75,197.0
4743,G,C,4,C,"(0, 4, 7)",I,C,E,C,592.875,197.0
4744,G,C,5,C,"(0, 4, 7)",I,C,E,C,593.0,197.0
4745,G,C,5,C,"(0, 4, 7)",I,C,E,C,593.125,197.0
4746,G,C,5,C,"(0, 4, 7)",I,C,E,C,593.25,197.0
4747,G,C,5,C,"(0, 4, 7)",I,C,E,C,593.375,197.0
4748,G,C,5,C,"(0, 4, 7)",I,C,E,C,593.5,197.0
4749,G,C,5,C,"(0, 4, 7)",I,C,E,C,593.625,197.0
4750,G,C,5,C,"(0, 4, 7)",I,C,E,C,593.75,197.0
4751,G,C,5,C,"(0, 4, 7)",I,C,E,C,593.875,197.0
4752,G,C,0,C,"(0, 4, 7)",I,C,E,C,594.0,198.0
4753,G,C,1,C,"(0, 4, 7)",I,C,E,C,594.125,198.0
4754,G,C,2,C,"(0, 4, 7)",I,C,E,C,594.25,198.0
4755,G,C,2,C,"(0, 4, 7)",I,C,E,C,594.375,198.0
4756,G,C,3,C,"(0, 4, 7)",I,C,E,C,594.5,198.0
4757,G,C,3,C,"(0, 4, 7)",I,C,E,C,594.625,198.0
4758,G,C,3,C,"(0, 4, 7)",I,C,E,C,594.75,198.0
4759,G,C,3,C,"(0, 4, 7)",I,C,E,C,594.875,198.0
4760,G,C,4,C,"(0, 4, 7)",I,C,E,C,595.0,198.0
4761,G,C,4,C,"(0, 4, 7)",I,C,E,C,595.125,198.0
4762,G,C,4,C,"(0, 4, 7)",I,C,E,C,595.25,198.0
4763,G,C,4,C,"(0, 4, 7)",I,C,E,C,595.375,198.0
4764,G,C,4,C,"(0, 4, 7)",I,C,E,C,595.5,198.0
4765,G,C,4,C,"(0, 4, 7)",I,C,E,C,595.625,198.0
4766,G,C,4,C,"(0, 4, 7)",I,C,E,C,595.75,198.0
4767,G,C,4,C,"(0, 4, 7)",I,C,E,C,595.875,198.0
4768,G,C,5,C,"(0, 4, 7)",I,C,E,C,596.0,198.0
4769,G,C,5,C,"(0, 4, 7)",I,C,E,C,596.125,198.0
4770,G,C,5,C,"(0, 4, 7)",I,C,E,C,596.25,198.0
4771,G,C,5,C,"(0, 4, 7)",I,C,E,C,596.375,198.0
4772,G,C,5,C,"(0, 4, 7)",I,C,E,C,596.5,198.0
4773,G,C,5,C,"(0, 4, 7)",I,C,E,C,596.625,198.0
4774,G,C,5,C,"(0, 4, 7)",I,C,E,C,596.75,198.0
4775,G,C,5,C,"(0, 4, 7)",I,C,E,C,596.875,198.0
4776,G,C,0,C,"(0, 4, 7)",I,C,E,C,597.0,199.0
4777,G,C,1,C,"(0, 4, 7)",I,C,E,C,597.125,199.0
4778,G,C,2,C,"(0, 4, 7)",I,C,E,C,597.25,199.0
4779,G,C,2,C,"(0, 4, 7)",I,C,E,C,597.375,199.0
4780,G,C,3,C,"(0, 4, 7)",I,C,E,C,597.5,199.0
4781,G,C,3,C,"(0, 4, 7)",I,C,E,C,597.625,199.0
4782,G,C,3,C,"(0, 4, 7)",I,C,E,C,597.75,199.0
4783,G,C,3,C,"(0, 4, 7)",I,C,E,C,597.875,199.0
4784,G,C,4,C,"(0, 4, 7)",I,C,E,C,598.0,199.0
4785,G,C,4,C,"(0, 4, 7)",I,C,E,C,598.125,199.0
4786,G,C,4,C,"(0, 4, 7)",I,C,E,C,598.25,199.0
4787,G,C,4,C,"(0, 4, 7)",I,C,E,C,598.375,199.0
4788,G,C,4,C,"(0, 4, 7)",I,C,E,C,598.5,199.0
4789,G,C,4,C,"(0, 4, 7)",I,C,E,C,598.625,199.0
4790,G,C,4,C,"(0, 4, 7)",I,C,E,C,598.75,199.0
4791,G,C,4,C,"(0, 4, 7)",I,C,E,C,598.875,199.0
4792,G,C,5,C,"(0, 4, 7)",I,C,E,C,599.0,199.0
4793,G,C,5,C,"(0, 4, 7)",I,C,E,C,599.125,199.0
4794,G,C,5,C,"(0, 4, 7)",I,C,E,C,599.25,199.0
4795,G,C,5,C,"(0, 4, 7)",I,C,E,C,599.375,199.0
4796,G,C,5,C,"(0, 4, 7)",I,C,E,C,599.5,199.0
4797,G,C,5,C,"(0, 4, 7)",I,C,E,C,599.625,199.0
4798,G,C,5,C,"(0, 4, 7)",I,C,E,C,599.75,199.0
4799,G,C,5,C,"(0, 4, 7)",I,C,E,C,599.875,199.0
4800,G,C,0,C,"(0, 4, 7)",IV,C,E,C,600.0,200.0
4801,G,C,1,C,"(0, 4, 7)",IV,F,E,C,600.125,200.0
4802,G,C,2,C,"(0, 4, 7)",IV,F,E,C,600.25,200.0
4803,G,C,2,C,"(0, 4, 7)",IV,F,E,C,600.375,200.0
4804,G,C,3,C,"(0, 4, 7)",IV,F,E,C,600.5,200.0
4805,G,C,3,C,"(0, 4, 7)",IV,F,E,C,600.625,200.0
4806,G,C,3,C,"(0, 4, 7)",IV,F,E,C,600.75,200.0
4807,G,C,3,C,"(0, 4, 7)",IV,F,E,C,600.875,200.0
4808,G,C,4,C,"(0, 4, 7)",IV,F,E,C,601.0,200.0
4809,G,C,4,C,"(0, 4, 7)",IV,F,E,C,601.125,200.0
4810,G,C,4,C,"(0, 4, 7)",IV,F,E,C,601.25,200.0
4811,G,C,4,C,"(0, 4, 7)",IV,F,E,C,601.375,200.0
4812,G,C,4,C,"(0, 4, 7)",IV,C,E,C,601.5,200.0
4813,G,C,4,C,"(0, 4, 7)",I,C,E,C,601.625,200.0
4814,G,C,4,C,"(0, 4, 7)",I,C,E,C,601.75,200.0
4815,G,C,4,C,"(0, 4, 7)",I,C,E,C,601.875,200.0
4816,G,C,0,C,"(0, 4, 7)",I,C,E,C,602.0,200.0
4817,G,C,1,C,"(0, 4, 7)",I,C,E,C,602.125,200.0
4818,G,C,5,C,"(0, 4, 7)",I,C,E,C,602.25,200.0
4819,G,C,2,C,"(0, 4, 7)",I,C,E,C,602.375,200.0
4820,G,C,3,C,"(0, 4, 7)",I,C,E,C,602.5,200.0
4821,G,C,3,C,"(0, 4, 7)",I,C,E,C,602.625,200.0
4822,G,C,3,C,"(0, 4, 7)",I,C,E,C,602.75,200.0
4823,G,C,3,C,"(0, 4, 7)",I,C,E,C,602.875,200.0
4824,G,C,0,C,"(0, 4, 7)",I,C,E,C,603.0,201.0
4825,G,C,1,C,"(0, 4, 7)",I,C,E,C,603.125,201.0
4826,G,C,2,C,"(0, 4, 7)",I,C,E,C,603.25,201.0
4827,G,C,2,C,"(0, 4, 7)",I,C,E,C,603.375,201.0
4828,G,C,3,C,"(0, 4, 7)",I,C,E,C,603.5,201.0
4829,G,C,3,C,"(0, 4, 7)",I,C,E,C,603.625,201.0
4830,G,C,3,C,"(0, 4, 7)",I,C,E,C,603.75,201.0
4831,G,C,3,C,"(0, 4, 7)",I,C,E,C,603.875,201.0
4832,G,C,4,C,"(0, 4, 7)",I,C,E,C,604.0,201.0
4833,G,C,4,C,"(0, 4, 7)",I,C,E,C,604.125,201.0
4834,G,C,4,C,"(0, 4, 7)",I,C,E,C,604.25,201.0
4835,G,C,4,C,"(0, 4, 7)",I,C,E,C,604.375,201.0
4836,G,C,4,C,"(0, 4, 7)",I,C,E,C,604.5,201.0
4837,G,C,4,C,"(0, 4, 7)",I,C,E,C,604.625,201.0
4838,G,C,4,C,"(0, 4, 7)",I,C,E,C,604.75,201.0
4839,G,C,4,C,"(0, 4, 7)",I,C,E,C,604.875,201.0
4840,F,F,0,C,"(2, 5, 8, 11)",viio7,F,F,C,605.0,201.0
4841,D,F,1,C,"(2, 5, 8, 11)",viio7,F,F,C,605.125,201.0
4842,D,F,2,C,"(2, 5, 8, 11)",viio7,F,F,C,605.25,201.0
4843,D,F,2,C,"(2, 5, 8, 11)",viio7,F,F,C,605.375,201.0
4844,D,F,3,C,"(2, 5, 8, 11)",viio7,F,F,C,605.5,201.0
4845,D,F,3,C,"(2, 5, 8, 11)",viio7,F,F,C,605.625,201.0
4846,G,C,3,C,"(2, 5, 8, 11)",viio7,F,F,C,605.75,201.0
4847,G,C,3,C,"(2, 5, 8, 11)",viio7,F,F,C,605.875,201.0
4848,G,C,0,C,"(0, 4, 7)",I,C,E,C,606.0,202.0
4849,G,C,1,C,"(0, 4, 7)",I,C,E,C,606.125,202.0
4850,G,C,2,C,"(0, 4, 7)",I,C,E,C,606.25,202.0
4851,G,C,2,C,"(0, 4, 7)",I,C,E,C,606.375,202.0
4852,G,C,3,C,"(0, 4, 7)",I,C,E,C,606.5,202.0
4853,G,C,3,C,"(0, 4, 7)",I,C,E,C,606.625,202.0
4854,G,C,3,C,"(0, 4, 7)",I,C,E,C,606.75,202.0
4855,G,C,3,C,"(0, 4, 7)",I,C,E,C,606.875,202.0
4856,G,C,4,C,"(0, 4, 7)",I,C,E,C,607.0,202.0
4857,G,C,4,C,"(0, 4, 7)",I,C,E,C,607.125,202.0
4858,G,C,4,C,"(0, 4, 7)",I,C,E,C,607.25,202.0
4859,G,C,4,C,"(0, 4, 7)",I,C,E,C,607.375,202.0
4860,G,C,4,C,"(0, 4, 7)",I,C,E,C,607.5,202.0
4861,G,C,4,C,"(0, 4, 7)",I,C,E,C,607.625,202.0
4862,G,C,4,C,"(0, 4, 7)",I,C,E,C,607.75,202.0
4863,G,C,4,C,"(0, 4, 7)",I,C,E,C,607.875,202.0
4864,G,C,5,C,"(0, 4, 7)",I,C,E,C,608.0,202.0
4865,G,C,5,C,"(0, 4, 7)",I,C,E,C,608.125,202.0
4866,G,C,5,C,"(0, 4, 7)",I,C,E,C,608.25,202.0
4867,G,C,5,C,"(0, 4, 7)",I,C,E,C,608.375,202.0
4868,G,C,5,C,"(0, 4, 7)",I,C,E,C,608.5,202.0
4869,G,C,5,C,"(0, 4, 7)",I,C,E,C,608.625,202.0
4870,G,C,5,C,"(0, 4, 7)",I,C,E,C,608.75,202.0
4871,G,C,5,C,"(0, 4, 7)",I,C,E,C,608.875,202.0
4872,A,D,0,C,"(2, 5, 9)",ii,D,F,C,609.0,203.0
4873,A,D,1,C,"(2, 5, 9)",ii,D,F,C,609.125,203.0
4874,A,D,2,C,"(2, 5, 9)",ii,D,F,C,609.25,203.0
4875,A,D,2,C,"(2, 5, 9)",ii,D,F,C,609.375,203.0
4876,A,D,3,C,"(2, 5, 9)",ii,D,F,C,609.5,203.0
4877,A,D,3,C,"(2, 5, 9)",ii,D,F,C,609.625,203.0
4878,A,D,3,C,"(2, 5, 9)",ii,D,F,C,609.75,203.0
4879,A,D,3,C,"(2, 5, 9)",ii,D,F,C,609.875,203.0
4880,A,D,4,C,"(2, 5, 9)",ii,D,G,C,610.0,203.0
4881,A,D,4,C,"(2, 5, 9)",ii,D,G,C,610.125,203.0
4882,A,D,4,C,"(2, 5, 9)",ii,D,G,C,610.25,203.0
4883,A,D,4,C,"(2, 5, 9)",ii,D,G,C,610.375,203.0
4884,A,D,4,C,"(2, 5, 9)",ii,D,G,C,610.5,203.0
4885,A,D,4,C,"(2, 5, 9)",ii,D,G,C,610.625,203.0
4886,A,D,4,C,"(2, 5, 9)",ii,D,G,C,610.75,203.0
4887,A,D,4,C,"(2, 5, 9)",ii,D,G,C,610.875,203.0
4888,A,F,0,C,"(2, 5, 9)",ii,D,A,C,611.0,203.0
4889,A,F,1,C,"(2, 5, 9)",ii,D,A,C,611.125,203.0
4890,A,F,2,C,"(2, 5, 9)",ii,D,A,C,611.25,203.0
4891,A,F,5,C,"(2, 5, 9)",ii,D,A,C,611.375,203.0
4892,A,F,3,C,"(2, 5, 9)",ii,D,A,C,611.5,203.0
4893,A,F,3,C,"(2, 5, 9)",ii,D,A,C,611.625,203.0
4894,A,F,3,C,"(2, 5, 9)",ii,D,A,C,611.75,203.0
4895,A,F,3,C,"(2, 5, 9)",ii,D,A,C,611.875,203.0
4896,D,G,0,C,"(2, 7, 11)",V,G,B,C,612.0,204.0
4897,D,G,1,C,"(2, 7, 11)",V,G,B,C,612.125,204.0
4898,D,G,2,C,"(2, 7, 11)",V,G,B,C,612.25,204.0
4899,D,G,2,C,"(2, 7, 11)",V,G,B,C,612.375,204.0
4900,D,G,3,C,"(2, 7, 11)",V,G,B,C,612.5,204.0
4901,D,G,3,C,"(2, 7, 11)",V,G,B,C,612.625,204.0
4902,D,G,3,C,"(2, 7, 11)",V,G,B,C,612.75,204.0
4903,D,G,3,C,"(2, 7, 11)",V,G,B,C,612.875,204.0
4904,D,G,4,C,"(2, 7, 11)",V,F,B,C,613.0,204.0
4905,D,G,4,C,"(2, 7, 11)",V,F,B,C,613.125,204.0
4906,D,G,4,C,"(2, 7, 11)",V,F,B,C,613.25,204.0
4907,D,G,4,C,"(2, 7, 11)",V,F,B,C,613.375,204.0
4908,D,G,4,C,"(2, 7, 11)",V,F,B,C,613.5,204.0
4909,D,G,4,C,"(2, 7, 11)",V,F,B,C,613.625,204.0
4910,D,G,4,C,"(2, 7, 11)",V,F,B,C,613.75,204.0
4911,D,G,4,C,"(2, 7, 11)",V,F,B,C,613.875,204.0
4912,D,G,0,C,"(2, 7, 11)",V,G,B,C,614.0,204.0
4913,D,G,1,C,"(2, 7, 11)",V,G,B,C,614.125,204.0
4914,D,G,2,C,"(2, 7, 11)",V,G,B,C,614.25,204.0
4915,D,G,2,C,"(2, 7, 11)",V,G,B,C,614.375,204.0
4916,D,G,3,C,"(2, 7, 11)",V,G,B,C,614.5,204.0
4917,D,G,3,C,"(2, 7, 11)",V,G,B,C,614.625,204.0
4918,D,G,3,C,"(2, 7, 11)",V,G,B,C,614.75,204.0
4919,D,G,3,C,"(2, 7, 11)",V,G,B,C,614.875,204.0
4920,G,C,0,C,"(0, 4, 7)",I,C,E,C,615.0,205.0
4921,G,C,1,C,"(0, 4, 7)",I,C,E,C,615.125,205.0
4922,G,C,2,C,"(0, 4, 7)",I,C,E,C,615.25,205.0
4923,G,C,2,C,"(0, 4, 7)",I,C,E,C,615.375,205.0
4924,G,C,3,C,"(0, 4, 7)",I,C,E,C,615.5,205.0
4925,G,C,3,C,"(0, 4, 7)",I,C,E,C,615.625,205.0
4926,G,C,3,C,"(0, 4, 7)",I,C,E,C,615.75,205.0
4927,G,C,3,C,"(0, 4, 7)",I,C,E,C,615.875,205.0
4928,A,D,4,C,"(2, 5, 9)",ii,C,F,C,616.0,205.0
4929,A,D,4,C,"(2, 5, 9)",ii,C,F,C,616.125,205.0
4930,A,D,2,C,"(2, 5, 9)",ii,C,F,C,616.25,205.0
4931,A,D,2,C,"(2, 5, 9)",ii,C,F,C,616.375,205.0
4932,A,D,3,C,"(2, 5, 9)",ii,C,F,C,616.5,205.0
4933,A,D,3,C,"(2, 5, 9)",ii,C,F,C,616.625,205.0
4934,A,D,3,C,"(2, 5, 9)",ii,C,F,C,616.75,205.0
4935,A,D,3,C,"(2, 5, 9)",ii,C,F,C,616.875,205.0
4936,G,C,0,C,"(0, 4, 7)",I,C,E,C,617.0,205.0
4937,G,C,1,C,"(0, 4, 7)",I,C,E,C,617.125,205.0
4938,G,C,2,C,"(0, 4, 7)",I,C,E,C,617.25,205.0
4939,G,C,2,C,"(0, 4, 7)",I,C,E,C,617.375,205.0
4940,G,C,3,C,"(0, 4, 7)",I,C,E,C,617.5,205.0
4941,G,C,3,C,"(0, 4, 7)",I,C,E,C,617.625,205.0
4942,G,C,3,C,"(0, 4, 7)",I,C,E,C,617.75,205.0
4943,G,C,3,C,"(0, 4, 7)",I,C,E,C,617.875,205.0
4944,D,G,0,C,"(2, 7, 11)",V,G,B,C,618.0,206.0
4945,D,G,1,C,"(2, 7, 11)",V,G,B,C,618.125,206.0
4946,D,G,2,C,"(2, 7, 11)",V,G,B,C,618.25,206.0
4947,D,G,2,C,"(2, 7, 11)",V,G,B,C,618.375,206.0
4948,D,G,3,C,"(2, 7, 11)",V,G,B,C,618.5,206.0
4949,D,G,3,C,"(2, 7, 11)",V,G,B,C,618.625,206.0
4950,D,G,3,C,"(2, 7, 11)",V,G,B,C,618.75,206.0
4951,D,G,3,C,"(2, 7, 11)",V,G,B,C,618.875,206.0
4952,D,G,4,C,"(2, 7, 11)",V,G,B,C,619.0,206.0
4953,D,G,4,C,"(2, 7, 11)",V,G,B,C,619.125,206.0
4954,D,G,4,C,"(2, 7, 11)",V,G,B,C,619.25,206.0
4955,D,G,4,C,"(2, 7, 11)",V,G,B,C,619.375,206.0
4956,D,G,4,C,"(2, 7, 11)",V,G,B,C,619.5,206.0
4957,D,G,4,C,"(2, 7, 11)",V,G,B,C,619.625,206.0
4958,D,G,4,C,"(2, 7, 11)",V,G,B,C,619.75,206.0
4959,D,G,4,C,"(2, 7, 11)",V,G,B,C,619.875,206.0
4960,D,G,5,C,"(2, 7, 11)",V,G,B,C,620.0,206.0
4961,D,G,5,C,"(2, 7, 11)",V,G,B,C,620.125,206.0
4962,D,G,5,C,"(2, 7, 11)",V,G,B,C,620.25,206.0
4963,D,G,5,C,"(2, 7, 11)",V,G,B,C,620.375,206.0
4964,D,G,5,C,"(2, 7, 11)",V,G,B,C,620.5,206.0
4965,D,G,5,C,"(2, 7, 11)",V,G,B,C,620.625,206.0
4966,D,G,5,C,"(2, 7, 11)",V,G,B,C,620.75,206.0
4967,D,G,5,C,"(2, 7, 11)",V,G,B,C,620.875,206.0
4968,D,G,0,C,"(2, 7, 11)",V,G,B,C,621.0,207.0
4969,D,G,1,C,"(2, 7, 11)",V,G,B,C,621.125,207.0
4970,D,G,2,C,"(2, 7, 11)",V,G,B,C,621.25,207.0
4971,D,G,2,C,"(2, 7, 11)",V,G,B,C,621.375,207.0
4972,D,G,3,C,"(2, 7, 11)",V,G,B,C,621.5,207.0
4973,D,G,3,C,"(2, 7, 11)",V,G,B,C,621.625,207.0
4974,D,G,3,C,"(2, 7, 11)",V,G,B,C,621.75,207.0
4975,D,G,3,C,"(2, 7, 11)",V,G,B,C,621.875,207.0
4976,D,G,4,C,"(2, 7, 11)",V,G,B,C,622.0,207.0
4977,D,G,4,C,"(2, 7, 11)",V,G,B,C,622.125,207.0
4978,D,G,4,C,"(2, 7, 11)",V,G,B,C,622.25,207.0
4979,D,G,4,C,"(2, 7, 11)",V,G,B,C,622.375,207.0
4980,D,G,4,C,"(2, 7, 11)",V,G,B,C,622.5,207.0
4981,D,G,4,C,"(2, 7, 11)",V,G,B,C,622.625,207.0
4982,D,G,4,C,"(2, 7, 11)",V,G,B,C,622.75,207.0
4983,D,G,4,C,"(2, 7, 11)",V,G,B,C,622.875,207.0
4984,D,G,5,C,"(2, 7, 11)",V,G,B,C,623.0,207.0
4985,D,G,5,C,"(2, 7, 11)",V,G,B,C,623.125,207.0
4986,D,G,5,C,"(2, 7, 11)",V,G,B,C,623.25,207.0
4987,D,G,5,C,"(2, 7, 11)",V,G,B,C,623.375,207.0
4988,D,G,5,C,"(2, 7, 11)",V,G,B,C,623.5,207.0
4989,D,G,5,C,"(2, 7, 11)",V,G,B,C,623.625,207.0
4990,D,G,5,C,"(2, 7, 11)",V,G,B,C,623.75,207.0
4991,D,G,5,C,"(2, 7, 11)",V,G,B,C,623.875,207.0
4992,B-,E,0,C,"(1, 4, 7, 10)",viio7,C#,G,d,624.0,208.0
4993,B-,E,1,C,"(1, 4, 7, 10)",viio7,C#,G,d,624.125,208.0
4994,B-,E,2,C,"(1, 4, 7, 10)",viio7,C#,G,d,624.25,208.0
4995,B-,E,2,C,"(1, 4, 7, 10)",viio7,C#,G,d,624.375,208.0
4996,B-,E,3,C,"(1, 4, 7, 10)",viio7,C#,G,d,624.5,208.0
4997,B-,E,3,C,"(1, 4, 7, 10)",viio7,C#,G,d,624.625,208.0
4998,B-,E,3,C,"(1, 4, 7, 10)",viio7,C#,G,d,624.75,208.0
4999,B-,E,3,C,"(1, 4, 7, 10)",viio7,C#,G,d,624.875,208.0
5000,B-,E,4,C,"(1, 4, 7, 10)",viio7,C#,G,d,625.0,208.0
5001,B-,E,4,C,"(1, 4, 7, 10)",viio7,C#,G,d,625.125,208.0
5002,B-,E,4,C,"(1, 4, 7, 10)",viio7,C#,G,d,625.25,208.0
5003,B-,E,4,C,"(1, 4, 7, 10)",viio7,C#,G,d,625.375,208.0
5004,B-,E,4,C,"(1, 4, 7, 10)",viio7,C#,G,d,625.5,208.0
5005,B-,E,4,C,"(1, 4, 7, 10)",viio7,C#,G,d,625.625,208.0
5006,B-,E,4,C,"(1, 4, 7, 10)",viio7,C#,G,d,625.75,208.0
5007,B-,E,4,C,"(1, 4, 7, 10)",viio7,C#,G,d,625.875,208.0
5008,C,F#,0,C,"(0, 3, 6, 9)",viio7,E-,A,e,626.0,208.0
5009,C,F#,1,C,"(0, 3, 6, 9)",viio7,E-,A,e,626.125,208.0
5010,C,F#,2,C,"(0, 3, 6, 9)",viio7,E-,A,e,626.25,208.0
5011,C,F#,2,C,"(0, 3, 6, 9)",viio7,E-,A,e,626.375,208.0
5012,C,F#,3,C,"(0, 3, 6, 9)",viio7,E-,A,e,626.5,208.0
5013,C,F#,3,C,"(0, 3, 6, 9)",viio7,E-,A,e,626.625,208.0
5014,C,F#,3,C,"(0, 3, 6, 9)",viio7,E-,A,e,626.75,208.0
5015,C,F#,3,C,"(0, 3, 6, 9)",viio7,E-,A,e,626.875,208.0
5016,C,F#,0,C,"(0, 3, 6, 9)",viio7,E-,A,e,627.0,209.0
5017,C,F#,1,C,"(0, 3, 6, 9)",viio7,E-,A,e,627.125,209.0
5018,C,F#,2,C,"(0, 3, 6, 9)",viio7,E-,A,e,627.25,209.0
5019,C,F#,2,C,"(0, 3, 6, 9)",viio7,E-,A,e,627.375,209.0
5020,C,F#,3,C,"(0, 3, 6, 9)",viio7,E-,A,e,627.5,209.0
5021,C,F#,3,C,"(0, 3, 6, 9)",viio7,E-,A,e,627.625,209.0
5022,C,F#,3,C,"(0, 3, 6, 9)",viio7,E-,A,e,627.75,209.0
5023,C,F#,3,C,"(0, 3, 6, 9)",viio7,E-,A,e,627.875,209.0
5024,C,F#,4,C,"(0, 3, 6, 9)",viio7,E-,A,e,628.0,209.0
5025,C,F#,4,C,"(0, 3, 6, 9)",viio7,E-,A,e,628.125,209.0
5026,C,F#,4,C,"(0, 3, 6, 9)",viio7,E-,A,e,628.25,209.0
5027,C,F#,4,C,"(0, 3, 6, 9)",viio7,E-,A,e,628.375,209.0
5028,C,F#,4,C,"(0, 3, 6, 9)",viio7,E-,A,e,628.5,209.0
5029,C,F#,4,C,"(0, 3, 6, 9)",viio7,E-,A,e,628.625,209.0
5030,C,F#,4,C,"(0, 3, 6, 9)",viio7,E-,A,e,628.75,209.0
5031,C,F#,4,C,"(0, 3, 6, 9)",viio7,E-,A,e,628.875,209.0
5032,A,D#,0,C,"(0, 3, 6, 9)",viio7,C,F#,e,629.0,209.0
5033,A,D#,1,C,"(0, 3, 6, 9)",viio7,C,F#,e,629.125,209.0
5034,A,D#,2,C,"(0, 3, 6, 9)",viio7,C,F#,e,629.25,209.0
5035,A,D#,2,C,"(0, 3, 6, 9)",viio7,C,F#,e,629.375,209.0
5036,A,D#,3,C,"(0, 3, 6, 9)",viio7,C,F#,e,629.5,209.0
5037,A,D#,3,C,"(0, 3, 6, 9)",viio7,C,F#,e,629.625,209.0
5038,A,D#,3,C,"(0, 3, 6, 9)",viio7,C,F#,e,629.75,209.0
5039,A,D#,3,C,"(0, 3, 6, 9)",viio7,C,F#,e,629.875,209.0
5040,A,D#,0,C,"(3, 6, 9, 11)",V7,B,F#,e,630.0,210.0
5041,A,D#,1,C,"(3, 6, 9, 11)",V7,B,F#,e,630.125,210.0
5042,A,D#,2,C,"(3, 6, 9, 11)",V7,B,F#,e,630.25,210.0
5043,A,D#,2,C,"(3, 6, 9, 11)",V7,B,F#,e,630.375,210.0
5044,A,D#,3,C,"(3, 6, 9, 11)",V7,B,F#,e,630.5,210.0
5045,A,D#,3,C,"(3, 6, 9, 11)",V7,B,F#,e,630.625,210.0
5046,A,D#,3,C,"(3, 6, 9, 11)",V7,B,F#,e,630.75,210.0
5047,A,D#,3,C,"(3, 6, 9, 11)",V7,B,F#,e,630.875,210.0
5048,A,D#,4,C,"(3, 6, 9, 11)",V7,B,F#,e,631.0,210.0
5049,A,D#,4,C,"(3, 6, 9, 11)",V7,B,F#,e,631.125,210.0
5050,A,D#,4,C,"(3, 6, 9, 11)",V7,B,F#,e,631.25,210.0
5051,A,D#,4,C,"(3, 6, 9, 11)",V7,B,F#,e,631.375,210.0
5052,A,D#,4,C,"(3, 6, 9, 11)",V7,B,F#,e,631.5,210.0
5053,A,D#,4,C,"(3, 6, 9, 11)",V7,B,F#,e,631.625,210.0
5054,A,D#,4,C,"(3, 6, 9, 11)",V7,B,F#,e,631.75,210.0
5055,A,D#,4,C,"(3, 6, 9, 11)",V7,B,F#,e,631.875,210.0
5056,A,D#,5,C,"(3, 6, 9, 11)",V7,B,F#,e,632.0,210.0
5057,A,D#,5,C,"(3, 6, 9, 11)",V7,B,F#,e,632.125,210.0
5058,A,D#,5,C,"(3, 6, 9, 11)",V7,B,F#,e,632.25,210.0
5059,A,D#,5,C,"(3, 6, 9, 11)",V7,B,F#,e,632.375,210.0
5060,A,D#,5,C,"(3, 6, 9, 11)",V7,B,F#,e,632.5,210.0
5061,A,D#,5,C,"(3, 6, 9, 11)",V7,B,F#,e,632.625,210.0
5062,A,D#,5,C,"(3, 6, 9, 11)",V7,B,F#,e,632.75,210.0
5063,A,D#,5,C,"(3, 6, 9, 11)",V7,B,F#,e,632.875,210.0
5064,B,E,0,C,"(4, 7, 11)",V,E,G,C,633.0,211.0
5065,B,E,1,C,"(4, 7, 11)",V,E,G,C,633.125,211.0
5066,B,E,2,C,"(4, 7, 11)",V,E,G,C,633.25,211.0
5067,B,E,2,C,"(4, 7, 11)",V,E,G,C,633.375,211.0
5068,B,E,3,C,"(4, 7, 11)",V,E,G,C,633.5,211.0
5069,B,E,3,C,"(4, 7, 11)",V,E,G,C,633.625,211.0
5070,B,E,3,C,"(4, 7, 11)",V,E,G,C,633.75,211.0
5071,B,E,3,C,"(4, 7, 11)",V,E,G,C,633.875,211.0
5072,B,E,4,C,"(4, 7, 11)",V,E,F#,e,634.0,211.0
5073,B,E,4,C,"(4, 7, 11)",V,E,F#,e,634.125,211.0
5074,B,E,4,C,"(4, 7, 11)",V,E,F#,e,634.25,211.0
5075,B,E,4,C,"(4, 7, 11)",V,E,F#,e,634.375,211.0
5076,B,E,4,C,"(4, 7, 11)",V,E,F#,e,634.5,211.0
5077,B,E,4,C,"(4, 7, 11)",V,E,F#,e,634.625,211.0
5078,B,E,4,C,"(4, 7, 11)",V,E,F#,e,634.75,211.0
5079,B,E,4,C,"(4, 7, 11)",V,E,F#,e,634.875,211.0
5080,B,E,0,C,"(4, 8, 11)",V,E,G#,a,635.0,211.0
5081,B,E,5,C,"(4, 8, 11)",V,E,G#,a,635.125,211.0
5082,B,E,5,C,"(4, 8, 11)",V,E,G#,a,635.25,211.0
5083,B,E,5,C,"(4, 8, 11)",V,E,G#,a,635.375,211.0
5084,B,E,3,C,"(4, 8, 11)",V,E,G#,a,635.5,211.0
5085,B,E,3,C,"(4, 8, 11)",V,E,G#,a,635.625,211.0
5086,B,E,3,C,"(4, 8, 11)",V,E,G#,a,635.75,211.0
5087,B,E,3,C,"(4, 8, 11)",V,E,G#,a,635.875,211.0
5088,E,A,0,C,"(0, 4, 9)",ii,A,C,G,636.0,212.0
5089,E,A,1,C,"(0, 4, 9)",ii,A,C,G,636.125,212.0
5090,E,A,2,C,"(0, 4, 9)",ii,A,C,G,636.25,212.0
5091,E,A,2,C,"(0, 4, 9)",ii,A,C,G,636.375,212.0
5092,E,A,3,C,"(0, 4, 9)",ii,A,C,G,636.5,212.0
5093,E,A,3,C,"(0, 4, 9)",ii,A,C,G,636.625,212.0
5094,E,A,3,C,"(0, 4, 9)",ii,A,C,G,636.75,212.0
5095,E,A,3,C,"(0, 4, 9)",ii,A,C,G,636.875,212.0
5096,E,A,4,C,"(0, 4, 9)",V,A,C,G,637.0,212.0
5097,E,A,4,C,"(0, 4, 9)",V,A,C,G,637.125,212.0
5098,E,A,4,C,"(0, 4, 9)",V,A,C,G,637.25,212.0
5099,E,A,4,C,"(0, 4, 9)",V,A,C,G,637.375,212.0
5100,E,A,4,C,"(0, 4, 9)",V,A,C,C,637.5,212.0
5101,E,A,4,C,"(0, 4, 9)",V,A,C,C,637.625,212.0
5102,E,A,4,C,"(0, 4, 9)",V,A,C,C,637.75,212.0
5103,E,A,4,C,"(0, 4, 9)",V,A,C,C,637.875,212.0
5104,A,C,0,C,"(0, 4, 9)",I,A,E,C,638.0,212.0
5105,A,C,1,C,"(0, 4, 9)",I,A,E,C,638.125,212.0
5106,A,C,2,C,"(0, 4, 9)",I,A,E,C,638.25,212.0
5107,A,C,5,C,"(0, 4, 9)",I,A,E,C,638.375,212.0
5108,A,C,5,C,"(0, 4, 9)",I,A,E,C,638.5,212.0
5109,A,C,5,C,"(0, 4, 9)",I,A,E,C,638.625,212.0
5110,A,C,5,C,"(0, 4, 9)",I,A,E,C,638.75,212.0
5111,A,C,5,C,"(0, 4, 9)",I,A,E,C,638.875,212.0
5112,A,D,0,C,"(2, 7, 11)",V7,G,G,C,639.0,213.0
5113,A,D,1,C,"(2, 7, 11)",V7,G,B,C,639.125,213.0
5114,A,D,2,C,"(2, 7, 11)",V7,G,G,C,639.25,213.0
5115,A,D,2,C,"(2, 7, 11)",V7,G,G,C,639.375,213.0
5116,A,D,3,C,"(2, 7, 11)",V7,G,G,C,639.5,213.0
5117,A,D,3,C,"(2, 7, 11)",V7,G,B,C,639.625,213.0
5118,A,D,3,C,"(2, 7, 11)",V7,G,B,C,639.75,213.0
5119,G,D,3,C,"(2, 7, 11)",I,G,B,C,639.875,213.0
5120,D,D,4,C,"(2, 7, 11)",V7,G,B,G,640.0,213.0
5121,D,D,4,C,"(2, 7, 11)",V7,G,B,G,640.125,213.0
5122,D,D,4,C,"(2, 7, 11)",V7,G,B,G,640.25,213.0
5123,D,D,4,C,"(2, 7, 11)",V7,G,B,G,640.375,213.0
5124,D,D,4,C,"(2, 7, 11)",V7,G,B,G,640.5,213.0
5125,D,D,4,C,"(2, 7, 11)",V7,G,B,G,640.625,213.0
5126,D,D,4,C,"(2, 7, 11)",V7,G,B,G,640.75,213.0
5127,D,D,4,C,"(2, 7, 11)",V7,G,B,G,640.875,213.0
5128,D,D,5,C,"(0, 2, 6, 9)",V7,D,F#,G,641.0,213.0
5129,D,D,5,C,"(0, 2, 6, 9)",V7,D,F#,G,641.125,213.0
5130,D,D,5,C,"(0, 2, 6, 9)",V7,D,F#,G,641.25,213.0
5131,D,D,5,C,"(0, 2, 6, 9)",V7,D,F#,G,641.375,213.0
5132,D,G,5,C,"(2, 7, 11)",V7,C,B,G,641.5,213.0
5133,D,G,5,C,"(2, 7, 11)",V7,D,B,G,641.625,213.0
5134,D,G,5,C,"(2, 7, 11)",V7,D,B,G,641.75,213.0
5135,D,G,5,C,"(2, 7, 11)",V7,D,B,G,641.875,213.0
5136,D,G,0,C,"(2, 7, 11)",V,G,B,C,642.0,214.0
5137,D,G,1,C,"(2, 7, 11)",V,G,B,C,642.125,214.0
5138,D,G,2,C,"(2, 7, 11)",V,G,B,C,642.25,214.0
5139,D,G,2,C,"(2, 7, 11)",V,G,B,C,642.375,214.0
5140,D,G,3,C,"(2, 7, 11)",V,G,B,C,642.5,214.0
5141,D,G,3,C,"(2, 7, 11)",V,G,B,C,642.625,214.0
5142,D,G,3,C,"(2, 7, 11)",V,G,B,C,642.75,214.0
5143,D,G,3,C,"(2, 7, 11)",V,G,B,C,642.875,214.0
5144,D,G,4,C,"(2, 7, 11)",V,G,B,C,643.0,214.0
5145,D,G,4,C,"(2, 7, 11)",V,G,B,C,643.125,214.0
5146,D,G,4,C,"(2, 7, 11)",V,G,B,C,643.25,214.0
5147,D,G,4,C,"(2, 7, 11)",V,G,B,C,643.375,214.0
5148,D,G,4,C,"(2, 7, 11)",V,G,B,C,643.5,214.0
5149,D,G,4,C,"(2, 7, 11)",V,G,B,C,643.625,214.0
5150,D,G,4,C,"(2, 7, 11)",V,G,B,C,643.75,214.0
5151,D,G,4,C,"(2, 7, 11)",V,G,B,C,643.875,214.0
5152,D,G,5,C,"(2, 7, 11)",V,G,B,C,644.0,214.0
5153,D,G,5,C,"(2, 7, 11)",V,G,B,C,644.125,214.0
5154,D,G,5,C,"(2, 7, 11)",V,G,B,C,644.25,214.0
5155,D,G,5,C,"(2, 7, 11)",V,G,B,C,644.375,214.0
5156,D,G,5,C,"(2, 7, 11)",V,G,B,C,644.5,214.0
5157,D,G,5,C,"(2, 7, 11)",V,G,B,C,644.625,214.0
5158,D,G,5,C,"(2, 7, 11)",V,G,B,C,644.75,214.0
5159,D,G,5,C,"(2, 7, 11)",V,G,B,C,644.875,214.0
5160,D,G,0,C,"(2, 7, 11)",V,G,G,d,645.0,215.0
5161,D,G,1,C,"(2, 7, 11)",V,G,G,d,645.125,215.0
5162,D,G,2,C,"(2, 7, 11)",V,G,G,d,645.25,215.0
5163,D,G,2,C,"(2, 7, 11)",V,G,G,d,645.375,215.0
5164,D,G,3,C,"(2, 7, 11)",V,G,G,d,645.5,215.0
5165,D,G,3,C,"(2, 7, 11)",V,G,G,d,645.625,215.0
5166,D,G,3,C,"(2, 7, 11)",V,G,G,d,645.75,215.0
5167,D,G,3,C,"(2, 7, 11)",V,G,G,d,645.875,215.0
5168,B-,E,4,C,"(1, 4, 7, 10)",V7,C#,G,d,646.0,215.0
5169,B-,E,4,C,"(1, 4, 7, 10)",V7,C#,G,d,646.125,215.0
5170,B-,E,4,C,"(1, 4, 7, 10)",V7,C#,G,d,646.25,215.0
5171,B-,E,4,C,"(1, 4, 7, 10)",V7,C#,G,d,646.375,215.0
5172,B-,E,3,C,"(1, 4, 7, 10)",V7,C#,G,d,646.5,215.0
5173,B-,E,3,C,"(1, 4, 7, 10)",V7,C#,G,d,646.625,215.0
5174,B-,E,3,C,"(1, 4, 7, 10)",V7,C#,G,d,646.75,215.0
5175,B-,E,3,C,"(1, 4, 7, 10)",V7,C#,G,d,646.875,215.0
5176,G,D,5,C,"(1, 4, 7, 10)",V7,G,G,d,647.0,215.0
5177,B-,D,1,C,"(1, 4, 7, 10)",V7,G,G,d,647.125,215.0
5178,B-,D,5,C,"(1, 4, 7, 10)",V7,G,G,d,647.25,215.0
5179,B-,D,5,C,"(1, 4, 7, 10)",V7,G,G,d,647.375,215.0
5180,G,D,3,C,"(1, 4, 7, 10)",V7,G,G,d,647.5,215.0
5181,G,D,3,C,"(1, 4, 7, 10)",V7,G,G,d,647.625,215.0
5182,G,D,3,C,"(1, 4, 7, 10)",V7,G,G,d,647.75,215.0
5183,G,D,3,C,"(1, 4, 7, 10)",V7,G,G,d,647.875,215.0
5184,G,C#,0,C,"(1, 4, 7, 9)",V7,A,E,d,648.0,216.0
5185,G,C#,1,C,"(1, 4, 7, 9)",V7,A,E,d,648.125,216.0
5186,G,C#,2,C,"(1, 4, 7, 9)",V7,A,E,d,648.25,216.0
5187,G,C#,2,C,"(1, 4, 7, 9)",V7,A,E,d,648.375,216.0
5188,G,C#,3,C,"(1, 4, 7, 9)",V7,A,E,d,648.5,216.0
5189,G,C#,3,C,"(1, 4, 7, 9)",V7,A,E,d,648.625,216.0
5190,G,C#,3,C,"(1, 4, 7, 9)",V7,A,E,d,648.75,216.0
5191,G,C#,3,C,"(1, 4, 7, 9)",V7,A,E,d,648.875,216.0
5192,G,C#,4,C,"(1, 4, 7, 9)",V7,A,E,d,649.0,216.0
5193,G,C#,4,C,"(1, 4, 7, 9)",V7,A,E,d,649.125,216.0
5194,G,C#,4,C,"(1, 4, 7, 9)",V7,A,E,d,649.25,216.0
5195,G,C#,4,C,"(1, 4, 7, 9)",V7,A,E,d,649.375,216.0
5196,G,C#,4,C,"(1, 4, 7, 9)",V7,A,E,d,649.5,216.0
5197,G,C#,4,C,"(1, 4, 7, 9)",V7,A,E,d,649.625,216.0
5198,G,C#,4,C,"(1, 4, 7, 9)",V7,A,E,d,649.75,216.0
5199,G,C#,4,C,"(1, 4, 7, 9)",V7,A,E,d,649.875,216.0
5200,G,C#,5,C,"(1, 4, 7, 9)",V7,A,E,d,650.0,216.0
5201,G,C#,5,C,"(1, 4, 7, 9)",V7,A,E,d,650.125,216.0
5202,G,C#,5,C,"(1, 4, 7, 9)",V7,A,E,d,650.25,216.0
5203,G,C#,5,C,"(1, 4, 7, 9)",V7,A,E,d,650.375,216.0
5204,G,C#,5,C,"(1, 4, 7, 9)",V7,A,E,d,650.5,216.0
5205,G,C#,5,C,"(1, 4, 7, 9)",V7,A,E,d,650.625,216.0
5206,G,C#,5,C,"(1, 4, 7, 9)",V7,A,E,d,650.75,216.0
5207,G,C#,5,C,"(1, 4, 7, 9)",V7,A,E,d,650.875,216.0
5208,A,C#,0,C,"(1, 4, 7, 9)",V7,A,E,d,651.0,217.0
5209,A,C#,1,C,"(1, 4, 7, 9)",V7,A,E,d,651.125,217.0
5210,A,C#,2,C,"(1, 4, 7, 9)",V7,A,E,d,651.25,217.0
5211,A,C#,2,C,"(1, 4, 7, 9)",V7,A,E,d,651.375,217.0
5212,A,C#,3,C,"(1, 4, 7, 9)",V7,A,E,d,651.5,217.0
5213,A,C#,3,C,"(1, 4, 7, 9)",V7,A,E,d,651.625,217.0
5214,A,C#,3,C,"(1, 4, 7, 9)",V7,A,E,d,651.75,217.0
5215,A,C#,3,C,"(1, 4, 7, 9)",V7,A,E,d,651.875,217.0
5216,A,D,4,C,"(2, 5, 9)",V7,D,F,d,652.0,217.0
5217,A,D,4,C,"(2, 5, 9)",V7,D,F,d,652.125,217.0
5218,A,D,4,C,"(2, 5, 9)",V7,D,F,d,652.25,217.0
5219,A,D,4,C,"(2, 5, 9)",V7,D,F,d,652.375,217.0
5220,A,D,4,C,"(2, 5, 9)",V7,D,F,d,652.5,217.0
5221,A,D,4,C,"(2, 5, 9)",V7,D,F,d,652.625,217.0
5222,A,D,4,C,"(2, 5, 9)",V7,D,F,d,652.75,217.0
5223,A,D,4,C,"(2, 5, 9)",V7,D,F,d,652.875,217.0
5224,A,C#,5,C,"(1, 4, 7, 9)",V7,A,E,d,653.0,217.0
5225,A,C#,5,C,"(1, 4, 7, 9)",V7,A,E,d,653.125,217.0
5226,A,C#,5,C,"(1, 4, 7, 9)",V7,A,E,d,653.25,217.0
5227,A,C#,5,C,"(1, 4, 7, 9)",V7,A,E,d,653.375,217.0
5228,A,C#,3,C,"(1, 4, 7, 9)",V7,A,E,d,653.5,217.0
5229,A,C#,3,C,"(1, 4, 7, 9)",V7,A,E,d,653.625,217.0
5230,A,C#,3,C,"(1, 4, 7, 9)",V7,A,E,d,653.75,217.0
5231,A,C#,3,C,"(1, 4, 7, 9)",V7,A,E,d,653.875,217.0
5232,A,D,0,C,"(2, 5, 9)",ii,D,F,C,654.0,218.0
5233,A,D,1,C,"(2, 5, 9)",ii,D,F,C,654.125,218.0
5234,A,D,2,C,"(2, 5, 9)",ii,D,F,C,654.25,218.0
5235,A,D,2,C,"(2, 5, 9)",ii,D,F,C,654.375,218.0
5236,A,D,3,C,"(2, 5, 9)",ii,D,F,C,654.5,218.0
5237,A,D,3,C,"(2, 5, 9)",ii,D,F,C,654.625,218.0
5238,A,D,3,C,"(2, 5, 9)",ii,D,F,C,654.75,218.0
5239,A,D,3,C,"(2, 5, 9)",ii,D,F,C,654.875,218.0
5240,A,D,4,C,"(2, 5, 9)",ii,D,F,C,655.0,218.0
5241,A,D,4,C,"(2, 5, 9)",ii,D,F,C,655.125,218.0
5242,A,D,4,C,"(2, 5, 9)",ii,D,F,C,655.25,218.0
5243,A,D,4,C,"(2, 5, 9)",ii,D,F,C,655.375,218.0
5244,A,D,4,C,"(2, 5, 9)",ii,D,F,C,655.5,218.0
5245,A,D,4,C,"(2, 5, 9)",ii,D,F,C,655.625,218.0
5246,A,D,4,C,"(2, 5, 9)",ii,D,F,C,655.75,218.0
5247,A,D,4,C,"(2, 5, 9)",ii,D,F,C,655.875,218.0
5248,A,D,5,C,"(2, 5, 9)",ii,D,F,C,656.0,218.0
5249,A,D,5,C,"(2, 5, 9)",ii,D,F,C,656.125,218.0
5250,A,D,5,C,"(2, 5, 9)",ii,D,F,C,656.25,218.0
5251,A,D,5,C,"(2, 5, 9)",ii,D,F,C,656.375,218.0
5252,A,D,3,C,"(2, 5, 9)",ii,D,F,C,656.5,218.0
5253,A,D,3,C,"(2, 5, 9)",ii,D,F,C,656.625,218.0
5254,A,D,5,C,"(2, 5, 9)",ii,D,F,C,656.75,218.0
5255,A,D,5,C,"(2, 5, 9)",ii,D,F,C,656.875,218.0
5256,A,D,0,C,"(2, 5, 9)",ii,B,F,C,657.0,219.0
5257,A,D,1,C,"(2, 5, 9)",V7,B,F,C,657.125,219.0
5258,A,D,2,C,"(2, 5, 9)",V7,B,F,C,657.25,219.0
5259,A,D,2,C,"(2, 5, 9)",V7,B,F,C,657.375,219.0
5260,A,D,3,C,"(2, 5, 9)",V7,B,F,C,657.5,219.0
5261,A,D,3,C,"(2, 5, 9)",V7,B,F,C,657.625,219.0
5262,A,D,3,C,"(2, 5, 9)",V7,B,F,C,657.75,219.0
5263,A,D,3,C,"(2, 5, 9)",V7,B,F,C,657.875,219.0
5264,A,D,4,C,"(2, 5, 11)",viio7,B,F,C,658.0,219.0
5265,A,D,4,C,"(2, 5, 11)",viio7,B,F,C,658.125,219.0
5266,A,D,4,C,"(2, 5, 11)",viio7,B,F,C,658.25,219.0
5267,A,D,4,C,"(2, 5, 11)",viio7,B,F,C,658.375,219.0
5268,A,D,4,C,"(2, 5, 11)",viio7,B,F,C,658.5,219.0
5269,A,D,4,C,"(2, 5, 8, 11)",viio7,B,F,C,658.625,219.0
5270,A,D,4,C,"(2, 5, 8, 11)",viio7,B,F,C,658.75,219.0
5271,A,D,4,C,"(2, 5, 8, 11)",viio7,B,F,C,658.875,219.0
5272,F,C,0,C,"(2, 5, 8, 11)",viio7,F,F,C,659.0,219.0
5273,F,C,1,C,"(2, 5, 7, 11)",V7,F,F,C,659.125,219.0
5274,F,C,2,C,"(2, 5, 7, 11)",viio7,F,F,C,659.25,219.0
5275,F,C,2,C,"(2, 5, 7, 11)",viio7,F,F,C,659.375,219.0
5276,F,C,3,C,"(2, 5, 8, 11)",viio7,F,F,C,659.5,219.0
5277,F,C,3,C,"(2, 5, 8, 11)",viio7,F,F,C,659.625,219.0
5278,F,C,3,C,"(2, 5, 8, 11)",viio7,F,F,C,659.75,219.0
5279,F,C,3,C,"(2, 5, 8, 11)",viio7,F,F,C,659.875,219.0
5280,F,B,0,C,"(2, 5, 7, 11)",V7,G,D,C,660.0,220.0
5281,F,B,1,C,"(2, 5, 7, 11)",V7,G,D,C,660.125,220.0
5282,F,B,2,C,"(2, 5, 7, 11)",V7,G,D,C,660.25,220.0
5283,F,B,2,C,"(2, 5, 7, 11)",V7,G,D,C,660.375,220.0
5284,F,B,3,C,"(2, 5, 7, 11)",V7,G,D,C,660.5,220.0
5285,F,B,3,C,"(2, 5, 7, 11)",V7,G,D,C,660.625,220.0
5286,F,B,3,C,"(2, 5, 7, 11)",V7,G,D,C,660.75,220.0
5287,F,B,3,C,"(2, 5, 7, 11)",V7,G,D,C,660.875,220.0
5288,F,B,4,C,"(2, 5, 7, 11)",V7,G,D,C,661.0,220.0
5289,F,B,4,C,"(2, 5, 7, 11)",V7,G,D,C,661.125,220.0
5290,F,B,4,C,"(2, 5, 7, 11)",V7,G,D,C,661.25,220.0
5291,F,B,4,C,"(2, 5, 7, 11)",V7,G,D,C,661.375,220.0
5292,F,B,4,C,"(2, 5, 7, 11)",V7,G,D,C,661.5,220.0
5293,F,B,4,C,"(2, 5, 7, 11)",V7,G,D,C,661.625,220.0
5294,F,B,4,C,"(2, 5, 7, 11)",V7,G,D,C,661.75,220.0
5295,F,B,4,C,"(2, 5, 7, 11)",V7,G,D,C,661.875,220.0
5296,G,B,5,C,"(2, 5, 7, 11)",V7,B,F,C,662.0,220.0
5297,G,B,5,C,"(2, 5, 7, 11)",V7,B,F,C,662.125,220.0
5298,G,B,5,C,"(2, 5, 7, 11)",V7,B,F,C,662.25,220.0
5299,G,B,5,C,"(2, 5, 7, 11)",V7,B,F,C,662.375,220.0
5300,G,B,5,C,"(2, 5, 7, 11)",V7,B,D,C,662.5,220.0
5301,G,B,5,C,"(2, 5, 7, 11)",V7,B,D,C,662.625,220.0
5302,G,B,5,C,"(2, 5, 7, 11)",V7,B,F,C,662.75,220.0
5303,G,B,5,C,"(2, 5, 7, 11)",V7,B,F,C,662.875,220.0
5304,G,C,0,C,"(0, 4, 7)",I,C,E,C,663.0,221.0
5305,G,C,1,C,"(0, 4, 7)",I,C,E,C,663.125,221.0
5306,G,C,2,C,"(0, 4, 7)",I,C,E,C,663.25,221.0
5307,G,C,2,C,"(0, 4, 7)",I,C,E,C,663.375,221.0
5308,G,C,3,C,"(0, 4, 7)",I,C,E,C,663.5,221.0
5309,G,C,3,C,"(0, 4, 7)",I,C,E,C,663.625,221.0
5310,G,C,3,C,"(0, 4, 7)",I,C,E,C,663.75,221.0
5311,G,C,3,C,"(0, 4, 7)",I,C,E,C,663.875,221.0
5312,G,C,0,C,"(2, 5, 7, 11)",V7,C,E,C,664.0,221.0
5313,G,C,4,C,"(2, 5, 7, 11)",V7,C,E,C,664.125,221.0
5314,G,C,4,C,"(2, 5, 7, 11)",V7,C,E,C,664.25,221.0
5315,G,C,2,C,"(2, 5, 7, 11)",V7,C,E,C,664.375,221.0
5316,G,C,3,C,"(2, 5, 7, 11)",V7,C,F,C,664.5,221.0
5317,G,C,3,C,"(2, 5, 7, 11)",V7,C,F,C,664.625,221.0
5318,G,C,3,C,"(2, 5, 7, 11)",V7,C,F,C,664.75,221.0
5319,G,C,3,C,"(2, 5, 7, 11)",V7,C,F,C,664.875,221.0
5320,G,C,0,C,"(0, 4, 7)",I,C,E,C,665.0,221.0
5321,G,C,1,C,"(0, 4, 7)",I,C,E,C,665.125,221.0
5322,G,C,2,C,"(0, 4, 7)",I,C,E,C,665.25,221.0
5323,G,C,2,C,"(0, 4, 7)",I,C,E,C,665.375,221.0
5324,G,C,3,C,"(0, 4, 7)",I,C,E,C,665.5,221.0
5325,G,C,3,C,"(0, 4, 7)",I,C,E,C,665.625,221.0
5326,G,C,3,C,"(0, 4, 7)",I,C,E,C,665.75,221.0
5327,G,C,3,C,"(0, 4, 7)",I,C,E,C,665.875,221.0
5328,D,G,0,C,"(2, 7, 11)",V,G,B,C,666.0,222.0
5329,D,G,1,C,"(2, 7, 11)",V,G,B,C,666.125,222.0
5330,D,G,2,C,"(2, 7, 11)",V,G,B,C,666.25,222.0
5331,D,G,2,C,"(2, 7, 11)",V,G,B,C,666.375,222.0
5332,D,G,3,C,"(2, 7, 11)",V,G,B,C,666.5,222.0
5333,D,G,3,C,"(2, 7, 11)",V,G,B,C,666.625,222.0
5334,D,G,3,C,"(2, 7, 11)",V,G,B,C,666.75,222.0
5335,D,G,3,C,"(2, 7, 11)",V,G,B,C,666.875,222.0
5336,D,G,4,C,"(2, 7, 11)",V,G,B,C,667.0,222.0
5337,D,G,4,C,"(2, 7, 11)",V,G,B,C,667.125,222.0
5338,D,G,4,C,"(2, 7, 11)",V,G,B,C,667.25,222.0
5339,D,G,4,C,"(2, 7, 11)",V,G,B,C,667.375,222.0
5340,D,G,4,C,"(2, 7, 11)",V,G,B,C,667.5,222.0
5341,D,G,4,C,"(2, 7, 11)",V,G,B,C,667.625,222.0
5342,D,G,4,C,"(2, 7, 11)",V,G,B,C,667.75,222.0
5343,D,G,4,C,"(2, 7, 11)",V,G,B,C,667.875,222.0
5344,G,C,0,C,"(0, 4, 7)",I,C,E,C,668.0,222.0
5345,G,C,1,C,"(0, 4, 7)",I,C,E,C,668.125,222.0
5346,G,C,2,C,"(0, 4, 7)",I,C,E,C,668.25,222.0
5347,G,C,2,C,"(0, 4, 7)",I,C,E,C,668.375,222.0
5348,G,C,3,C,"(0, 4, 7)",I,C,E,C,668.5,222.0
5349,G,C,3,C,"(0, 4, 7)",I,C,E,C,668.625,222.0
5350,G,C,3,C,"(0, 4, 7)",I,C,E,C,668.75,222.0
5351,G,C,3,C,"(0, 4, 7)",I,C,E,C,668.875,222.0
5352,G,C,0,C,"(0, 4, 7)",I,C,E,C,669.0,223.0
5353,G,C,1,C,"(0, 4, 7)",I,C,E,C,669.125,223.0
5354,G,C,2,C,"(0, 4, 7)",I,C,E,C,669.25,223.0
5355,G,C,2,C,"(0, 4, 7)",I,C,E,C,669.375,223.0
5356,G,C,3,C,"(0, 4, 7)",I,C,E,C,669.5,223.0
5357,G,C,3,C,"(0, 4, 7)",I,C,E,C,669.625,223.0
5358,G,C,3,C,"(0, 4, 7)",I,C,E,C,669.75,223.0
5359,G,C,3,C,"(0, 4, 7)",I,C,E,C,669.875,223.0
5360,G,C,4,C,"(0, 4, 7)",I,C,E,C,670.0,223.0
5361,G,C,4,C,"(0, 4, 7)",I,C,E,C,670.125,223.0
5362,G,C,4,C,"(0, 4, 7)",I,C,E,C,670.25,223.0
5363,G,C,4,C,"(0, 4, 7)",I,C,E,C,670.375,223.0
5364,G,C,4,C,"(0, 4, 7)",I,C,E,C,670.5,223.0
5365,G,C,4,C,"(0, 4, 7)",I,C,E,C,670.625,223.0
5366,G,C,4,C,"(0, 4, 7)",I,C,E,C,670.75,223.0
5367,G,C,4,C,"(0, 4, 7)",I,C,E,C,670.875,223.0
5368,G,C,5,C,"(0, 4, 7)",I,C,E,C,671.0,223.0
5369,G,C,5,C,"(0, 4, 7)",I,C,E,C,671.125,223.0
5370,G,C,5,C,"(0, 4, 7)",I,C,E,C,671.25,223.0
5371,G,C,5,C,"(0, 4, 7)",I,C,E,C,671.375,223.0
5372,G,C,5,C,"(0, 4, 7)",I,C,E,C,671.5,223.0
5373,G,C,5,C,"(0, 4, 7)",I,C,E,C,671.625,223.0
5374,G,C,5,C,"(0, 4, 7)",I,C,E,C,671.75,223.0
5375,G,C,5,C,"(0, 4, 7)",I,C,E,C,671.875,223.0
5376,G,C,0,C,"(0, 4, 7)",IV,F,E,C,672.0,224.0
5377,G,C,1,C,"(0, 4, 7)",IV,F,E,C,672.125,224.0
5378,G,C,2,C,"(0, 4, 7)",IV,F,E,C,672.25,224.0
5379,G,C,2,C,"(0, 4, 7)",IV,F,E,C,672.375,224.0
5380,G,C,3,C,"(0, 4, 7)",IV,F,E,C,672.5,224.0
5381,G,C,3,C,"(0, 4, 7)",IV,F,E,C,672.625,224.0
5382,G,C,3,C,"(0, 4, 7)",IV,F,E,C,672.75,224.0
5383,G,C,3,C,"(0, 4, 7)",IV,F,E,C,672.875,224.0
5384,G,C,4,C,"(0, 4, 7)",IV,F,E,C,673.0,224.0
5385,G,C,4,C,"(0, 4, 7)",IV,F,E,C,673.125,224.0
5386,G,C,4,C,"(0, 4, 7)",IV,F,E,C,673.25,224.0
5387,G,C,4,C,"(0, 4, 7)",IV,F,E,C,673.375,224.0
5388,G,C,4,C,"(0, 4, 7)",IV,F,E,C,673.5,224.0
5389,G,C,4,C,"(0, 4, 7)",IV,F,E,C,673.625,224.0
5390,G,C,4,C,"(0, 4, 7)",IV,F,E,C,673.75,224.0
5391,G,C,4,C,"(0, 4, 7)",IV,F,E,C,673.875,224.0
5392,G,C,0,C,"(0, 4, 7)",I,C,E,C,674.0,224.0
5393,G,C,1,C,"(0, 4, 7)",I,C,E,C,674.125,224.0
5394,G,C,2,C,"(0, 4, 7)",I,C,E,C,674.25,224.0
5395,G,C,2,C,"(0, 4, 7)",I,C,E,C,674.375,224.0
5396,G,C,3,C,"(0, 4, 7)",I,C,E,C,674.5,224.0
5397,G,C,3,C,"(0, 4, 7)",I,C,E,C,674.625,224.0
5398,G,C,3,C,"(0, 4, 7)",I,C,E,C,674.75,224.0
5399,G,C,3,C,"(0, 4, 7)",I,C,E,C,674.875,224.0
5400,G,C,0,C,"(0, 4, 7)",I,C,E,C,675.0,225.0
5401,G,C,1,C,"(0, 4, 7)",I,C,E,C,675.125,225.0
5402,G,C,2,C,"(0, 4, 7)",I,C,E,C,675.25,225.0
5403,G,C,2,C,"(0, 4, 7)",I,C,E,C,675.375,225.0
5404,G,C,3,C,"(0, 4, 7)",I,C,E,C,675.5,225.0
5405,G,C,3,C,"(0, 4, 7)",I,C,E,C,675.625,225.0
5406,G,C,3,C,"(0, 4, 7)",I,C,E,C,675.75,225.0
5407,G,C,3,C,"(0, 4, 7)",I,C,E,C,675.875,225.0
5408,G,C,4,C,"(0, 4, 7)",I,C,E,C,676.0,225.0
5409,G,C,4,C,"(0, 4, 7)",I,C,E,C,676.125,225.0
5410,G,C,4,C,"(0, 4, 7)",I,C,E,C,676.25,225.0
5411,G,C,4,C,"(0, 4, 7)",I,C,E,C,676.375,225.0
5412,G,C,4,C,"(0, 4, 7)",I,C,E,C,676.5,225.0
5413,G,C,4,C,"(0, 4, 7)",I,C,E,C,676.625,225.0
5414,G,C,4,C,"(0, 4, 7)",I,C,E,C,676.75,225.0
5415,G,C,4,C,"(0, 4, 7)",I,C,E,C,676.875,225.0
5416,G,F,0,C,"(2, 5, 8, 11)",viio7,D,D,C,677.0,225.0
5417,D,F,1,C,"(2, 5, 8, 11)",viio7,F,F,C,677.125,225.0
5418,D,F,2,C,"(2, 5, 8, 11)",viio7,F,F,C,677.25,225.0
5419,D,F,2,C,"(2, 5, 8, 11)",viio7,F,F,C,677.375,225.0
5420,G,F,3,C,"(2, 5, 8, 11)",viio7,F,E,C,677.5,225.0
5421,G,F,3,C,"(2, 5, 8, 11)",viio7,F,E,C,677.625,225.0
5422,G,F,3,C,"(2, 5, 8, 11)",viio7,F,E,C,677.75,225.0
5423,G,B,3,C,"(2, 5, 8, 11)",viio7,F,E,C,677.875,225.0
5424,G,C,0,C,"(0, 4, 7)",I,C,E,C,678.0,226.0
5425,G,C,1,C,"(0, 4, 7)",I,C,E,C,678.125,226.0
5426,G,C,2,C,"(0, 4, 7)",I,C,E,C,678.25,226.0
5427,G,C,2,C,"(0, 4, 7)",I,C,E,C,678.375,226.0
5428,G,C,3,C,"(0, 4, 7)",I,C,E,C,678.5,226.0
5429,G,C,3,C,"(0, 4, 7)",I,C,E,C,678.625,226.0
5430,G,C,3,C,"(0, 4, 7)",I,C,E,C,678.75,226.0
5431,G,C,3,C,"(0, 4, 7)",I,C,E,C,678.875,226.0
5432,G,C,4,C,"(0, 4, 7)",I,C,E,C,679.0,226.0
5433,G,C,4,C,"(0, 4, 7)",I,C,E,C,679.125,226.0
5434,G,C,4,C,"(0, 4, 7)",I,C,E,C,679.25,226.0
5435,G,C,4,C,"(0, 4, 7)",I,C,E,C,679.375,226.0
5436,G,C,4,C,"(0, 4, 7)",I,C,E,C,679.5,226.0
5437,G,C,4,C,"(0, 4, 7)",I,C,E,C,679.625,226.0
5438,G,C,4,C,"(0, 4, 7)",I,C,E,C,679.75,226.0
5439,G,C,4,C,"(0, 4, 7)",I,C,E,C,679.875,226.0
5440,G,C,5,C,"(0, 4, 7)",I,C,E,C,680.0,226.0
5441,G,C,5,C,"(0, 4, 7)",I,C,E,C,680.125,226.0
5442,G,C,5,C,"(0, 4, 7)",I,C,E,C,680.25,226.0
5443,G,C,5,C,"(0, 4, 7)",I,C,E,C,680.375,226.0
5444,G,C,5,C,"(0, 4, 7)",I,C,E,C,680.5,226.0
5445,G,C,5,C,"(0, 4, 7)",I,C,E,C,680.625,226.0
5446,G,C,5,C,"(0, 4, 7)",I,C,E,C,680.75,226.0
5447,G,C,5,C,"(0, 4, 7)",I,C,E,C,680.875,226.0
5448,A,D,0,C,"(2, 5, 9)",ii,D,F,C,681.0,227.0
5449,A,D,1,C,"(2, 5, 9)",ii,D,F,C,681.125,227.0
5450,A,D,2,C,"(2, 5, 9)",ii,D,F,C,681.25,227.0
5451,A,D,2,C,"(2, 5, 9)",ii,D,F,C,681.375,227.0
5452,A,D,3,C,"(2, 5, 9)",ii,D,F,C,681.5,227.0
5453,A,D,3,C,"(2, 5, 9)",ii,D,F,C,681.625,227.0
5454,A,D,3,C,"(2, 5, 9)",ii,D,F,C,681.75,227.0
5455,A,D,3,C,"(2, 5, 9)",ii,D,F,C,681.875,227.0
5456,A,D,4,C,"(2, 5, 9)",ii,D,F,C,682.0,227.0
5457,A,D,4,C,"(2, 5, 9)",ii,D,F,C,682.125,227.0
5458,A,D,4,C,"(2, 5, 9)",ii,D,F,C,682.25,227.0
5459,A,D,4,C,"(2, 5, 9)",ii,D,F,C,682.375,227.0
5460,A,D,4,C,"(2, 5, 9)",ii,D,F,C,682.5,227.0
5461,A,D,4,C,"(2, 5, 9)",ii,D,F,C,682.625,227.0
5462,A,D,4,C,"(2, 5, 9)",ii,D,F,C,682.75,227.0
5463,A,D,4,C,"(2, 5, 9)",ii,D,F,C,682.875,227.0
5464,A,F,5,C,"(2, 5, 9)",ii,D,F,C,683.0,227.0
5465,A,F,5,C,"(2, 5, 9)",ii,D,F,C,683.125,227.0
5466,A,F,5,C,"(2, 5, 9)",ii,D,F,C,683.25,227.0
5467,A,F,5,C,"(2, 5, 9)",ii,D,F,C,683.375,227.0
5468,D,F,5,C,"(2, 5, 9)",ii,D,F,C,683.5,227.0
5469,D,F,5,C,"(2, 5, 9)",ii,D,F,C,683.625,227.0
5470,D,F,5,C,"(2, 5, 9)",ii,D,F,C,683.75,227.0
5471,D,F,5,C,"(2, 5, 9)",ii,D,F,C,683.875,227.0
5472,D,G,0,C,"(2, 5, 7, 11)",V7,F,B,C,684.0,228.0
5473,D,G,1,C,"(2, 5, 7, 11)",V7,F,B,C,684.125,228.0
5474,D,G,2,C,"(2, 5, 7, 11)",V7,F,B,C,684.25,228.0
5475,D,G,2,C,"(2, 5, 7, 11)",V7,F,B,C,684.375,228.0
5476,D,G,3,C,"(2, 5, 7, 11)",V7,F,B,C,684.5,228.0
5477,D,G,3,C,"(2, 5, 7, 11)",V7,F,B,C,684.625,228.0
5478,D,G,3,C,"(2, 5, 7, 11)",V7,F,B,C,684.75,228.0
5479,D,G,3,C,"(2, 5, 7, 11)",V7,F,B,C,684.875,228.0
5480,D,G,4,C,"(2, 5, 7, 11)",V7,F,B,C,685.0,228.0
5481,D,G,4,C,"(2, 5, 7, 11)",V7,F,B,C,685.125,228.0
5482,D,G,4,C,"(2, 5, 7, 11)",V7,F,B,C,685.25,228.0
5483,D,G,4,C,"(2, 5, 7, 11)",V7,F,B,C,685.375,228.0
5484,D,G,4,C,"(2, 5, 7, 11)",V7,F,B,C,685.5,228.0
5485,D,G,4,C,"(2, 5, 7, 11)",V7,F,B,C,685.625,228.0
5486,D,G,4,C,"(2, 5, 7, 11)",V7,F,B,C,685.75,228.0
5487,D,G,4,C,"(2, 5, 7, 11)",V7,F,B,C,685.875,228.0
5488,D,G,5,C,"(2, 5, 7, 11)",V7,F,B,C,686.0,228.0
5489,D,G,5,C,"(2, 5, 7, 11)",V7,F,B,C,686.125,228.0
5490,D,G,5,C,"(2, 5, 7, 11)",V7,F,B,C,686.25,228.0
5491,D,G,5,C,"(2, 5, 7, 11)",V7,F,B,C,686.375,228.0
5492,D,G,5,C,"(2, 5, 7, 11)",V7,F,B,C,686.5,228.0
5493,D,G,5,C,"(2, 5, 7, 11)",V7,F,B,C,686.625,228.0
5494,D,G,5,C,"(2, 5, 7, 11)",V7,F,B,C,686.75,228.0
5495,D,G,5,C,"(2, 5, 7, 11)",V7,F,B,C,686.875,228.0
5496,G,C,0,C,"(0, 4, 7)",I,C,E,C,687.0,229.0
5497,G,C,1,C,"(0, 4, 7)",I,C,E,C,687.125,229.0
5498,G,C,2,C,"(0, 4, 7)",I,C,E,C,687.25,229.0
5499,G,C,2,C,"(0, 4, 7)",I,C,E,C,687.375,229.0
5500,G,C,3,C,"(0, 4, 7)",I,C,E,C,687.5,229.0
5501,G,C,3,C,"(0, 4, 7)",I,C,E,C,687.625,229.0
5502,G,C,3,C,"(0, 4, 7)",I,C,E,C,687.75,229.0
5503,G,C,3,C,"(0, 4, 7)",I,C,E,C,687.875,229.0
5504,D,G,4,C,"(2, 5, 7, 11)",V7,C,E,C,688.0,229.0
5505,D,G,4,C,"(2, 5, 7, 11)",V7,F,E,C,688.125,229.0
5506,D,G,4,C,"(2, 5, 7, 11)",V7,F,E,C,688.25,229.0
5507,D,G,4,C,"(2, 5, 7, 11)",V7,F,E,C,688.375,229.0
5508,D,G,4,C,"(2, 5, 7, 11)",V7,F,B,C,688.5,229.0
5509,D,G,4,C,"(2, 5, 7, 11)",V7,F,B,C,688.625,229.0
5510,D,G,4,C,"(2, 5, 7, 11)",V7,F,B,C,688.75,229.0
5511,D,G,4,C,"(2, 5, 7, 11)",V7,F,B,C,688.875,229.0
5512,D,G,0,C,"(2, 5, 7, 11)",V7,F,B,C,689.0,229.0
5513,D,G,5,C,"(2, 5, 7, 11)",V7,F,B,C,689.125,229.0
5514,D,G,2,C,"(2, 5, 7, 11)",V7,F,B,C,689.25,229.0
5515,D,G,5,C,"(2, 5, 7, 11)",V7,F,B,C,689.375,229.0
5516,D,G,5,C,"(2, 5, 7, 11)",V7,F,B,C,689.5,229.0
5517,D,G,5,C,"(2, 5, 7, 11)",V7,F,B,C,689.625,229.0
5518,D,G,5,C,"(2, 5, 7, 11)",V7,F,B,C,689.75,229.0
5519,D,G,5,C,"(2, 5, 7, 11)",V7,F,B,C,689.875,229.0
5520,G,C,0,C,"(0, 4, 7)",I,C,E,C,690.0,230.0
5521,G,C,1,C,"(0, 4, 7)",I,C,E,C,690.125,230.0
5522,G,C,2,C,"(0, 4, 7)",I,C,E,C,690.25,230.0
5523,G,C,2,C,"(0, 4, 7)",I,C,E,C,690.375,230.0
5524,G,C,3,C,"(0, 4, 7)",I,C,E,C,690.5,230.0
5525,G,C,3,C,"(0, 4, 7)",I,C,E,C,690.625,230.0
5526,G,C,3,C,"(0, 4, 7)",I,C,E,C,690.75,230.0
5527,G,C,3,C,"(0, 4, 7)",I,C,E,C,690.875,230.0
5528,G,C,4,C,"(0, 4, 7)",I,C,E,C,691.0,230.0
5529,G,C,4,C,"(0, 4, 7)",I,C,E,C,691.125,230.0
5530,G,C,4,C,"(0, 4, 7)",I,C,E,C,691.25,230.0
5531,G,C,4,C,"(0, 4, 7)",I,C,E,C,691.375,230.0
5532,G,C,4,C,"(0, 4, 7)",I,C,E,C,691.5,230.0
5533,G,C,4,C,"(0, 4, 7)",I,C,E,C,691.625,230.0
5534,G,C,4,C,"(0, 4, 7)",I,C,E,C,691.75,230.0
5535,G,C,4,C,"(0, 4, 7)",I,C,E,C,691.875,230.0
5536,G,C,5,C,"(0, 4, 7)",I,C,E,C,692.0,230.0
5537,G,C,5,C,"(0, 4, 7)",I,C,E,C,692.125,230.0
5538,G,C,5,C,"(0, 4, 7)",I,C,E,C,692.25,230.0
5539,G,C,5,C,"(0, 4, 7)",I,C,E,C,692.375,230.0
5540,G,C,5,C,"(0, 4, 7)",I,C,E,C,692.5,230.0
5541,G,C,5,C,"(0, 4, 7)",I,C,E,C,692.625,230.0
5542,G,C,5,C,"(0, 4, 7)",I,C,E,C,692.75,230.0
5543,G,C,5,C,"(0, 4, 7)",I,C,E,C,692.875,230.0
5544,G,C,0,C,"(0, 4, 7)",I,C,E,C,693.0,231.0
5545,G,C,1,C,"(0, 4, 7)",I,C,E,C,693.125,231.0
5546,G,C,2,C,"(0, 4, 7)",I,C,E,C,693.25,231.0
5547,G,C,2,C,"(0, 4, 7)",I,C,E,C,693.375,231.0
5548,G,C,3,C,"(0, 4, 7)",I,C,E,C,693.5,231.0
5549,G,C,3,C,"(0, 4, 7)",I,C,E,C,693.625,231.0
5550,G,C,3,C,"(0, 4, 7)",I,C,E,C,693.75,231.0
5551,G,C,3,C,"(0, 4, 7)",I,C,E,C,693.875,231.0
5552,G,C,4,C,"(0, 4, 7)",I,C,E,C,694.0,231.0
5553,G,C,4,C,"(0, 4, 7)",I,C,E,C,694.125,231.0
5554,G,C,4,C,"(0, 4, 7)",I,C,E,C,694.25,231.0
5555,G,C,4,C,"(0, 4, 7)",I,C,E,C,694.375,231.0
5556,G,C,4,C,"(0, 4, 7)",I,C,E,C,694.5,231.0
5557,G,C,4,C,"(0, 4, 7)",I,C,E,C,694.625,231.0
5558,G,C,4,C,"(0, 4, 7)",I,C,E,C,694.75,231.0
5559,G,C,4,C,"(0, 4, 7)",I,C,E,C,694.875,231.0
5560,G,C,5,C,"(0, 4, 7)",I,C,E,C,695.0,231.0
5561,G,C,5,C,"(0, 4, 7)",I,C,E,C,695.125,231.0
5562,G,C,5,C,"(0, 4, 7)",I,C,E,C,695.25,231.0
5563,G,C,5,C,"(0, 4, 7)",I,C,E,C,695.375,231.0
5564,G,C,5,C,"(0, 4, 7)",I,C,E,C,695.5,231.0
5565,G,C,5,C,"(0, 4, 7)",I,C,E,C,695.625,231.0
5566,G,C,5,C,"(0, 4, 7)",I,C,E,C,695.75,231.0
5567,G,C,5,C,"(0, 4, 7)",I,C,E,C,695.875,231.0
5568,G,C,0,C,"(0, 4, 7)",I,C,E,C,696.0,232.0
5569,G,C,1,C,"(0, 4, 7)",I,C,E,C,696.125,232.0
5570,G,C,2,C,"(0, 4, 7)",I,C,E,C,696.25,232.0
5571,G,C,2,C,"(0, 4, 7)",I,C,E,C,696.375,232.0
5572,G,C,3,C,"(0, 4, 7)",I,C,E,C,696.5,232.0
5573,G,C,3,C,"(0, 4, 7)",I,C,E,C,696.625,232.0
5574,G,C,3,C,"(0, 4, 7)",I,C,E,C,696.75,232.0
5575,G,C,3,C,"(0, 4, 7)",I,C,E,C,696.875,232.0
5576,G,C,4,C,"(0, 4, 7)",I,C,E,C,697.0,232.0
5577,G,C,1,C,"(0, 4, 7)",I,C,E,C,697.125,232.0
5578,G,C,4,C,"(0, 4, 7)",I,C,E,C,697.25,232.0
5579,G,C,4,C,"(0, 4, 7)",I,C,E,C,697.375,232.0
5580,G,C,4,C,"(0, 4, 7)",I,C,E,C,697.5,232.0
5581,G,C,4,C,"(0, 4, 7)",I,C,E,C,697.625,232.0
5582,G,C,4,C,"(0, 4, 7)",I,C,E,C,697.75,232.0
5583,G,C,4,C,"(0, 4, 7)",I,C,E,C,697.875,232.0
5584,G,C,5,C,"(0, 4, 7)",I,C,E,C,698.0,232.0
5585,G,C,5,C,"(0, 4, 7)",I,C,E,C,698.125,232.0
5586,G,C,5,C,"(0, 4, 7)",I,C,E,C,698.25,232.0
5587,G,C,5,C,"(0, 4, 7)",I,C,E,C,698.375,232.0
5588,G,C,5,C,"(0, 4, 7)",I,C,E,C,698.5,232.0
5589,G,C,5,C,"(0, 4, 7)",I,C,E,C,698.625,232.0
5590,G,C,5,C,"(0, 4, 7)",I,C,E,C,698.75,232.0
5591,G,C,5,C,"(0, 4, 7)",I,C,E,C,698.875,232.0
5592,F,A,0,C,"(0, 5, 9)",IV,F,C,C,699.0,233.0
5593,F,A,1,C,"(0, 5, 9)",IV,F,C,C,699.125,233.0
5594,F,A,2,C,"(0, 5, 9)",IV,F,C,C,699.25,233.0
5595,F,A,2,C,"(0, 5, 9)",IV,F,C,C,699.375,233.0
5596,F,A,3,C,"(0, 5, 9)",IV,F,C,C,699.5,233.0
5597,F,A,3,C,"(0, 5, 9)",IV,F,C,C,699.625,233.0
5598,F,A,3,C,"(0, 5, 9)",IV,F,C,C,699.75,233.0
5599,F,A,3,C,"(0, 5, 9)",IV,F,C,C,699.875,233.0
5600,G,C,4,C,"(0, 5, 9)",IV,F,C,C,700.0,233.0
5601,G,C,4,C,"(0, 5, 9)",IV,F,C,C,700.125,233.0
5602,G,C,4,C,"(0, 5, 9)",IV,F,C,C,700.25,233.0
5603,G,C,4,C,"(0, 5, 9)",IV,F,C,C,700.375,233.0
5604,G,C,4,C,"(0, 5, 9)",IV,F,C,C,700.5,233.0
5605,G,C,4,C,"(0, 5, 9)",IV,F,C,C,700.625,233.0
5606,G,C,4,C,"(0, 5, 9)",IV,F,C,C,700.75,233.0
5607,G,C,4,C,"(0, 5, 9)",IV,F,C,C,700.875,233.0
5608,G,C,5,C,"(0, 4, 7)",I,C,C,C,701.0,233.0
5609,G,C,5,C,"(0, 4, 7)",I,C,C,C,701.125,233.0
5610,G,C,5,C,"(0, 4, 7)",I,C,C,C,701.25,233.0
5611,G,C,5,C,"(0, 4, 7)",I,C,C,C,701.375,233.0
5612,G,C,5,C,"(0, 4, 7)",I,C,C,C,701.5,233.0
5613,G,C,5,C,"(0, 4, 7)",I,C,C,C,701.625,233.0
5614,G,C,5,C,"(0, 4, 7)",I,C,C,C,701.75,233.0
5615,G,C,5,C,"(0, 4, 7)",I,C,C,C,701.875,233.0
5616,E,G,0,C,"(0, 4, 7)",I,C,C,C,702.0,234.0
5617,E,G,1,C,"(0, 4, 7)",I,C,C,C,702.125,234.0
5618,E,G,2,C,"(0, 4, 7)",I,C,C,C,702.25,234.0
5619,E,G,2,C,"(0, 4, 7)",I,C,C,C,702.375,234.0
5620,E,G,3,C,"(0, 4, 7)",I,C,C,C,702.5,234.0
5621,E,G,3,C,"(0, 4, 7)",I,C,C,C,702.625,234.0
5622,E,G,3,C,"(0, 4, 7)",I,C,C,C,702.75,234.0
5623,E,G,3,C,"(0, 4, 7)",I,C,C,C,702.875,234.0
5624,E,G,4,C,"(0, 4, 7)",I,C,C,C,703.0,234.0
5625,E,G,4,C,"(0, 4, 7)",I,C,C,C,703.125,234.0
5626,E,G,4,C,"(0, 4, 7)",I,C,C,C,703.25,234.0
5627,E,G,4,C,"(0, 4, 7)",I,C,C,C,703.375,234.0
5628,E,G,4,C,"(0, 4, 7)",I,C,C,C,703.5,234.0
5629,E,G,4,C,"(0, 4, 7)",I,C,C,C,703.625,234.0
5630,E,G,4,C,"(0, 4, 7)",I,C,C,C,703.75,234.0
5631,E,G,4,C,"(0, 4, 7)",I,C,C,C,703.875,234.0
5632,C,F,0,C,"(0, 4, 7)",I,C,G,C,704.0,234.0
5633,C,F,1,C,"(0, 4, 7)",I,C,G,C,704.125,234.0
5634,C,F,2,C,"(0, 4, 7)",I,C,G,C,704.25,234.0
5635,C,F,2,C,"(0, 4, 7)",I,C,G,C,704.375,234.0
5636,C,F,3,C,"(0, 4, 7)",I,C,G,C,704.5,234.0
5637,C,F,3,C,"(0, 4, 7)",I,C,G,C,704.625,234.0
5638,C,F,3,C,"(0, 4, 7)",I,C,G,C,704.75,234.0
5639,C,F,3,C,"(0, 4, 7)",I,C,G,C,704.875,234.0
5640,C,E,0,C,"(0, 4, 7)",I,C,G,C,705.0,235.0
5641,C,E,1,C,"(0, 4, 7)",I,C,G,C,705.125,235.0
5642,C,E,2,C,"(0, 4, 7)",I,C,G,C,705.25,235.0
5643,C,E,2,C,"(0, 4, 7)",I,C,G,C,705.375,235.0
5644,C,E,3,C,"(0, 4, 7)",I,C,G,C,705.5,235.0
5645,C,E,3,C,"(0, 4, 7)",I,C,G,C,705.625,235.0
5646,C,E,3,C,"(0, 4, 7)",I,C,G,C,705.75,235.0
5647,C,E,3,C,"(0, 4, 7)",I,C,G,C,705.875,235.0
5648,C,E,4,C,"(0, 4, 7)",I,C,G,C,706.0,235.0
5649,C,E,4,C,"(0, 4, 7)",I,C,G,C,706.125,235.0
5650,C,E,4,C,"(0, 4, 7)",I,C,G,C,706.25,235.0
5651,C,E,4,C,"(0, 4, 7)",I,C,G,C,706.375,235.0
5652,C,C,4,C,"(0, 4, 7)",I,C,G,C,706.5,235.0
5653,C,C,4,C,"(0, 4, 7)",I,C,G,C,706.625,235.0
5654,C,C,4,C,"(0, 4, 7)",I,C,G,C,706.75,235.0
5655,C,C,4,C,"(0, 4, 7)",I,C,G,C,706.875,235.0
5656,C,E,5,C,"(0, 4, 7)",I,C,G,C,707.0,235.0
5657,C,E,5,C,"(0, 4, 7)",I,C,G,C,707.125,235.0
5658,C,E,5,C,"(0, 4, 7)",I,C,G,C,707.25,235.0
5659,C,E,5,C,"(0, 4, 7)",I,C,G,C,707.375,235.0
5660,C,E,5,C,"(0, 4, 7)",I,C,G,C,707.5,235.0
5661,C,E,5,C,"(0, 4, 7)",I,C,G,C,707.625,235.0
5662,C,C,5,C,"(0, 4, 7)",I,C,G,C,707.75,235.0
5663,C,E,5,C,"(0, 4, 7)",I,C,G,C,707.875,235.0
5664,D,G,0,C,"(2, 7, 11)",V,G,B,C,708.0,236.0
5665,D,G,1,C,"(2, 7, 11)",V,G,B,C,708.125,236.0
5666,D,G,2,C,"(2, 7, 11)",V,G,B,C,708.25,236.0
5667,D,G,2,C,"(2, 7, 11)",V,G,B,C,708.375,236.0
5668,D,G,3,C,"(2, 7, 11)",V,G,B,C,708.5,236.0
5669,D,G,3,C,"(2, 7, 11)",V,G,B,C,708.625,236.0
5670,D,G,3,C,"(2, 7, 11)",V,G,B,C,708.75,236.0
5671,D,G,3,C,"(2, 7, 11)",V,G,B,C,708.875,236.0
5672,D,G,4,C,"(2, 7, 11)",V,G,B,C,709.0,236.0
5673,D,G,4,C,"(2, 7, 11)",I,G,B,C,709.125,236.0
5674,D,G,4,C,"(2, 7, 11)",I,G,B,C,709.25,236.0
5675,D,G,4,C,"(2, 7, 11)",I,G,B,C,709.375,236.0
5676,D,G,4,C,"(2, 7, 11)",I,G,B,C,709.5,236.0
5677,D,G,4,C,"(2, 7, 11)",I,G,B,C,709.625,236.0
5678,D,G,4,C,"(2, 7, 11)",I,G,B,C,709.75,236.0
5679,D,G,4,C,"(2, 7, 11)",I,G,B,C,709.875,236.0
5680,E,G,5,C,"(0, 4, 7)",I,C,C,C,710.0,236.0
5681,E,G,5,C,"(0, 4, 7)",I,C,C,C,710.125,236.0
5682,E,G,5,C,"(0, 4, 7)",I,C,C,C,710.25,236.0
5683,E,G,5,C,"(0, 4, 7)",I,C,C,C,710.375,236.0
5684,E,G,5,C,"(0, 4, 7)",I,C,C,C,710.5,236.0
5685,E,G,5,C,"(0, 4, 7)",I,C,C,C,710.625,236.0
5686,E,G,5,C,"(0, 4, 7)",I,C,C,C,710.75,236.0
5687,E,G,5,C,"(0, 4, 7)",I,C,C,C,710.875,236.0
5688,D,G,0,C,"(2, 5, 7, 11)",V7,F,B,C,711.0,237.0
5689,D,G,1,C,"(2, 5, 7, 11)",V7,F,B,C,711.125,237.0
5690,D,G,2,C,"(2, 5, 7, 11)",V7,F,B,C,711.25,237.0
5691,D,G,2,C,"(2, 5, 7, 11)",V7,F,B,C,711.375,237.0
5692,D,G,3,C,"(2, 5, 7, 11)",V7,F,B,C,711.5,237.0
5693,D,G,3,C,"(2, 5, 7, 11)",V7,F,B,C,711.625,237.0
5694,D,G,3,C,"(2, 5, 7, 11)",V7,F,B,C,711.75,237.0
5695,D,G,3,C,"(2, 5, 7, 11)",V7,F,B,C,711.875,237.0
5696,D,G,4,C,"(2, 5, 7, 11)",V7,F,B,C,712.0,237.0
5697,D,G,4,C,"(2, 5, 7, 11)",V7,F,B,C,712.125,237.0
5698,D,G,4,C,"(2, 5, 7, 11)",V7,F,B,C,712.25,237.0
5699,D,G,4,C,"(2, 5, 7, 11)",V7,F,B,C,712.375,237.0
5700,D,G,4,C,"(2, 5, 7, 11)",V7,F,B,C,712.5,237.0
5701,D,G,4,C,"(2, 5, 7, 11)",V7,F,B,C,712.625,237.0
5702,D,G,4,C,"(2, 5, 7, 11)",V7,F,B,C,712.75,237.0
5703,D,G,4,C,"(2, 5, 7, 11)",V7,F,B,C,712.875,237.0
5704,D,G,5,C,"(0, 4, 7)",I,C,B,C,713.0,237.0
5705,D,G,5,C,"(0, 4, 7)",I,C,B,C,713.125,237.0
5706,D,G,5,C,"(0, 4, 7)",I,C,C,C,713.25,237.0
5707,D,G,5,C,"(0, 4, 7)",I,C,B,C,713.375,237.0
5708,D,G,5,C,"(0, 4, 7)",I,C,B,C,713.5,237.0
5709,D,G,5,C,"(0, 4, 7)",I,C,B,C,713.625,237.0
5710,D,G,5,C,"(0, 4, 7)",I,C,B,C,713.75,237.0
5711,D,G,5,C,"(0, 4, 7)",I,C,B,C,713.875,237.0
5712,D,G,0,C,"(2, 7, 11)",V,G,B,C,714.0,238.0
5713,D,G,1,C,"(2, 7, 11)",V,G,B,C,714.125,238.0
5714,D,G,2,C,"(2, 7, 11)",V,G,B,C,714.25,238.0
5715,D,G,2,C,"(2, 7, 11)",V,G,B,C,714.375,238.0
5716,D,G,3,C,"(2, 7, 11)",V,G,B,C,714.5,238.0
5717,D,G,3,C,"(2, 7, 11)",V,G,B,C,714.625,238.0
5718,D,G,3,C,"(2, 7, 11)",V,G,B,C,714.75,238.0
5719,D,G,3,C,"(2, 7, 11)",V,G,B,C,714.875,238.0
5720,D,G,4,C,"(2, 7, 11)",V,G,B,C,715.0,238.0
5721,D,G,4,C,"(2, 7, 11)",V,G,B,C,715.125,238.0
5722,D,G,4,C,"(2, 7, 11)",V,G,B,C,715.25,238.0
5723,D,G,4,C,"(2, 7, 11)",V,G,B,C,715.375,238.0
5724,D,G,4,C,"(2, 7, 11)",V,G,B,C,715.5,238.0
5725,D,G,4,C,"(2, 7, 11)",V,G,B,C,715.625,238.0
5726,D,G,4,C,"(2, 7, 11)",V,G,B,C,715.75,238.0
5727,D,G,4,C,"(2, 7, 11)",V,G,B,C,715.875,238.0
5728,D,G,5,C,"(2, 7, 11)",V,G,B,C,716.0,238.0
5729,D,G,5,C,"(2, 7, 11)",V,G,B,C,716.125,238.0
5730,D,G,5,C,"(2, 7, 11)",V,G,B,C,716.25,238.0
5731,D,G,5,C,"(2, 7, 11)",V,G,B,C,716.375,238.0
5732,D,G,5,C,"(2, 7, 11)",V,G,B,C,716.5,238.0
5733,D,G,5,C,"(2, 7, 11)",V,G,B,C,716.625,238.0
5734,D,G,5,C,"(2, 7, 11)",V,G,B,C,716.75,238.0
5735,D,G,5,C,"(2, 7, 11)",V,G,B,C,716.875,238.0
5736,D,G,0,C,"(2, 7, 11)",V,G,B,C,717.0,239.0
5737,D,G,1,C,"(2, 7, 11)",V,G,B,C,717.125,239.0
5738,D,G,2,C,"(2, 7, 11)",V,G,B,C,717.25,239.0
5739,D,G,2,C,"(2, 7, 11)",V,G,B,C,717.375,239.0
5740,D,G,3,C,"(2, 7, 11)",V,G,B,C,717.5,239.0
5741,D,G,3,C,"(2, 7, 11)",V,G,B,C,717.625,239.0
5742,D,G,3,C,"(2, 7, 11)",V,G,B,C,717.75,239.0
5743,D,G,3,C,"(2, 7, 11)",V,G,B,C,717.875,239.0
5744,D,G,4,C,"(2, 7, 11)",V,G,B,C,718.0,239.0
5745,D,G,4,C,"(2, 7, 11)",V,G,B,C,718.125,239.0
5746,D,G,4,C,"(2, 7, 11)",V,G,B,C,718.25,239.0
5747,D,G,4,C,"(2, 7, 11)",V,G,B,C,718.375,239.0
5748,D,G,4,C,"(2, 7, 11)",V,G,B,C,718.5,239.0
5749,D,G,4,C,"(2, 7, 11)",V,G,B,C,718.625,239.0
5750,D,G,4,C,"(2, 7, 11)",V,G,B,C,718.75,239.0
5751,D,G,4,C,"(2, 7, 11)",V,G,B,C,718.875,239.0
5752,D,G,5,C,"(2, 7, 11)",V,G,B,C,719.0,239.0
5753,D,G,5,C,"(2, 7, 11)",V,G,B,C,719.125,239.0
5754,D,G,5,C,"(2, 7, 11)",V,G,B,C,719.25,239.0
5755,D,G,5,C,"(2, 7, 11)",V,G,B,C,719.375,239.0
5756,D,G,5,C,"(2, 7, 11)",V,G,B,C,719.5,239.0
5757,D,G,5,C,"(2, 7, 11)",V,G,B,C,719.625,239.0
5758,D,G,5,C,"(2, 7, 11)",V,G,B,C,719.75,239.0
5759,D,G,5,C,"(2, 7, 11)",V,G,B,C,719.875,239.0
5760,D,G#,0,C,"(2, 4, 8, 11)",V7,D,B,a,720.0,240.0
5761,D,G#,1,C,"(2, 4, 8, 11)",V7,D,B,a,720.125,240.0
5762,D,G#,2,C,"(2, 4, 8, 11)",V7,D,B,a,720.25,240.0
5763,D,G#,2,a,"(2, 4, 8, 11)",V7,D,B,a,720.375,240.0
5764,D,G#,3,a,"(2, 4, 8, 11)",V7,D,B,a,720.5,240.0
5765,D,G#,3,a,"(2, 4, 8, 11)",V7,D,B,a,720.625,240.0
5766,D,G#,3,a,"(2, 4, 8, 11)",V7,D,B,a,720.75,240.0
5767,D,G#,3,a,"(2, 4, 8, 11)",V7,D,B,a,720.875,240.0
5768,B,E,4,C,"(2, 4, 8, 11)",V7,D,G#,a,721.0,240.0
5769,B,E,4,C,"(2, 4, 8, 11)",V7,D,G#,a,721.125,240.0
5770,B,E,4,G,"(2, 4, 8, 11)",V7,D,G#,a,721.25,240.0
5771,B,E,4,G,"(2, 4, 8, 11)",V7,D,G#,a,721.375,240.0
5772,B,E,4,G,"(2, 4, 8, 11)",V7,D,G#,a,721.5,240.0
5773,B,E,4,G,"(2, 4, 8, 11)",V7,D,G#,a,721.625,240.0
5774,B,E,4,G,"(2, 4, 8, 11)",V7,D,G#,a,721.75,240.0
5775,B,E,4,G,"(2, 4, 8, 11)",V7,D,G#,a,721.875,240.0
5776,B,E,5,G,"(2, 4, 8, 11)",V7,D,G#,a,722.0,240.0
5777,B,E,5,G,"(2, 4, 8, 11)",V7,D,G#,a,722.125,240.0
5778,B,E,5,G,"(2, 4, 8, 11)",V7,D,G#,a,722.25,240.0
5779,B,E,5,G,"(2, 4, 8, 11)",V7,D,G#,a,722.375,240.0
5780,B,E,5,G,"(2, 4, 8, 11)",V7,D,G#,a,722.5,240.0
5781,B,E,5,G,"(2, 4, 8, 11)",V7,D,G#,a,722.625,240.0
5782,B,E,5,G,"(2, 4, 8, 11)",V7,D,G#,a,722.75,240.0
5783,B,E,5,G,"(2, 4, 8, 11)",V7,D,G#,a,722.875,240.0
5784,C,E,0,C,"(0, 4, 9)",vi,A,A,a,723.0,241.0
5785,C,E,1,C,"(0, 4, 9)",i,A,A,a,723.125,241.0
5786,C,E,2,C,"(0, 4, 9)",i,A,A,a,723.25,241.0
5787,C,E,2,C,"(0, 4, 9)",i,A,A,a,723.375,241.0
5788,E,A,3,C,"(0, 4, 9)",vi,A,C,a,723.5,241.0
5789,E,A,3,C,"(0, 4, 9)",vi,A,C,a,723.625,241.0
5790,E,A,3,C,"(0, 4, 9)",vi,A,C,a,723.75,241.0
5791,E,A,3,C,"(0, 4, 9)",vi,A,C,a,723.875,241.0
5792,E,A,4,C,"(0, 4, 9)",ii,A,C,a,724.0,241.0
5793,E,A,4,C,"(0, 4, 9)",ii,A,C,a,724.125,241.0
5794,E,A,4,C,"(0, 4, 9)",ii,A,C,a,724.25,241.0
5795,E,A,4,C,"(0, 4, 9)",ii,A,C,a,724.375,241.0
5796,E,A,4,C,"(0, 4, 9)",ii,A,C,a,724.5,241.0
5797,E,A,4,C,"(0, 4, 9)",ii,A,C,a,724.625,241.0
5798,E,A,4,C,"(0, 4, 9)",ii,A,C,a,724.75,241.0
5799,E,A,4,C,"(0, 4, 9)",ii,A,C,a,724.875,241.0
5800,E,A,5,C,"(0, 4, 9)",ii,A,C,a,725.0,241.0
5801,E,A,5,C,"(0, 4, 9)",ii,A,C,a,725.125,241.0
5802,E,A,5,C,"(0, 4, 9)",ii,A,C,a,725.25,241.0
5803,E,A,5,C,"(0, 4, 9)",ii,A,C,a,725.375,241.0
5804,E,A,5,C,"(0, 4, 9)",ii,A,C,G,725.5,241.0
5805,E,A,5,C,"(0, 4, 9)",ii,A,C,G,725.625,241.0
5806,E,A,5,C,"(0, 4, 9)",ii,A,C,G,725.75,241.0
5807,E,A,5,C,"(0, 4, 9)",ii,A,C,G,725.875,241.0
5808,A,F#,0,G,"(2, 6, 9)",V,D,A,G,726.0,242.0
5809,A,F#,1,C,"(2, 6, 9)",V,D,A,G,726.125,242.0
5810,A,F#,2,C,"(2, 6, 9)",V,D,A,G,726.25,242.0
5811,A,F#,2,C,"(2, 6, 9)",V,D,A,G,726.375,242.0
5812,A,F#,3,C,"(2, 6, 9)",V,D,F#,G,726.5,242.0
5813,A,F#,3,C,"(2, 6, 9)",V,D,F#,G,726.625,242.0
5814,A,F#,3,C,"(2, 6, 9)",V,D,F#,G,726.75,242.0
5815,A,F#,3,C,"(2, 6, 9)",V,D,F#,G,726.875,242.0
5816,A,D,4,C,"(2, 6, 9)",V,D,F#,G,727.0,242.0
5817,A,D,4,C,"(2, 6, 9)",V,D,F#,G,727.125,242.0
5818,A,D,4,C,"(2, 6, 9)",V,D,F#,G,727.25,242.0
5819,A,D,4,C,"(2, 6, 9)",V,D,F#,G,727.375,242.0
5820,A,D,4,C,"(2, 6, 9)",V,D,F#,G,727.5,242.0
5821,A,D,4,C,"(2, 6, 9)",V,D,F#,G,727.625,242.0
5822,A,D,4,C,"(2, 6, 9)",V,D,F#,G,727.75,242.0
5823,A,D,4,C,"(2, 6, 9)",V,D,F#,G,727.875,242.0
5824,A,D,5,C,"(2, 6, 9)",V,D,F#,G,728.0,242.0
5825,A,D,5,C,"(2, 6, 9)",V,D,F#,G,728.125,242.0
5826,A,D,5,C,"(2, 6, 9)",V,D,F#,G,728.25,242.0
5827,A,D,5,C,"(2, 6, 9)",V,D,F#,G,728.375,242.0
5828,A,D,5,C,"(2, 6, 9)",V,D,F#,G,728.5,242.0
5829,A,D,5,G,"(2, 6, 9)",V,D,F#,G,728.625,242.0
5830,A,D,5,G,"(2, 6, 9)",V,D,F#,G,728.75,242.0
5831,A,D,5,G,"(2, 6, 9)",V,D,F#,G,728.875,242.0
5832,A,D,0,G,"(2, 6, 9)",V,D,F#,G,729.0,243.0
5833,A,D,1,G,"(2, 6, 9)",V,D,F#,G,729.125,243.0
5834,A,D,2,G,"(2, 6, 9)",V,D,F#,G,729.25,243.0
5835,A,D,2,G,"(2, 6, 9)",V,D,F#,G,729.375,243.0
5836,A,D,3,G,"(2, 6, 9)",V,D,F#,G,729.5,243.0
5837,A,D,3,G,"(2, 6, 9)",V,D,F#,G,729.625,243.0
5838,A,D,3,G,"(2, 6, 9)",V,D,F#,G,729.75,243.0
5839,A,D,3,G,"(2, 6, 9)",V,D,F#,G,729.875,243.0
5840,A,D,4,G,"(0, 2, 6, 9)",V7,D,F#,G,730.0,243.0
5841,A,D,4,G,"(0, 2, 6, 9)",V7,C,F#,G,730.125,243.0
5842,A,D,4,G,"(0, 2, 6, 9)",V7,C,F#,G,730.25,243.0
5843,A,D,4,G,"(0, 2, 6, 9)",V7,C,F#,G,730.375,243.0
5844,A,D,0,G,"(2, 6, 9)",V,D,F#,G,730.5,243.0
5845,A,D,1,G,"(2, 6, 9)",V,D,F#,G,730.625,243.0
5846,A,D,4,G,"(2, 6, 9)",V,D,F#,G,730.75,243.0
5847,A,D,2,G,"(2, 6, 9)",V,D,F#,G,730.875,243.0
5848,G,B,0,G,"(2, 7, 11)",V,G,G,G,731.0,243.0
5849,G,B,1,G,"(2, 7, 11)",V,G,G,G,731.125,243.0
5850,G,B,2,G,"(2, 7, 11)",V,G,G,G,731.25,243.0
5851,G,B,2,G,"(2, 7, 11)",V,G,G,G,731.375,243.0
5852,B,G,3,G,"(2, 7, 11)",V,G,G,G,731.5,243.0
5853,B,G,3,G,"(2, 7, 11)",V,G,G,G,731.625,243.0
5854,B,G,3,G,"(2, 7, 11)",V,G,G,G,731.75,243.0
5855,B,G,3,G,"(2, 7, 11)",V,G,G,G,731.875,243.0
5856,C,E,0,C,"(0, 4, 9)",vi,A,A,G,732.0,244.0
5857,C,E,1,C,"(0, 4, 9)",vi,A,A,G,732.125,244.0
5858,C,E,2,C,"(0, 4, 9)",vi,A,A,G,732.25,244.0
5859,C,E,2,C,"(0, 4, 9)",vi,A,A,G,732.375,244.0
5860,C,C,3,C,"(0, 4, 9)",vi,A,A,G,732.5,244.0
5861,C,C,3,C,"(0, 4, 9)",vi,A,A,G,732.625,244.0
5862,C,C,3,C,"(0, 4, 9)",vi,A,A,G,732.75,244.0
5863,A,C,3,C,"(0, 4, 9)",vi,A,A,G,732.875,244.0
5864,A,C,4,C,"(0, 4, 9)",vi,A,E,G,733.0,244.0
5865,A,C,4,C,"(0, 4, 9)",ii,A,E,G,733.125,244.0
5866,A,C,4,C,"(0, 4, 9)",ii,A,E,G,733.25,244.0
5867,A,C,4,C,"(0, 4, 9)",ii,A,E,G,733.375,244.0
5868,A,C,4,C,"(0, 4, 9)",ii,A,E,G,733.5,244.0
5869,A,C,4,C,"(0, 4, 9)",ii,A,E,G,733.625,244.0
5870,A,C,4,C,"(0, 4, 9)",ii,A,E,G,733.75,244.0
5871,A,C,4,C,"(0, 4, 9)",ii,A,E,G,733.875,244.0
5872,A,C,5,C,"(0, 4, 9)",ii,A,E,G,734.0,244.0
5873,A,C,5,C,"(0, 4, 9)",ii,A,E,G,734.125,244.0
5874,A,C,5,C,"(0, 4, 9)",ii,A,E,G,734.25,244.0
5875,A,C,5,C,"(0, 4, 9)",ii,A,E,G,734.375,244.0
5876,A,C,5,C,"(0, 4, 9)",ii,A,E,G,734.5,244.0
5877,A,C,5,C,"(0, 4, 9)",ii,A,E,G,734.625,244.0
5878,A,C,5,C,"(0, 4, 9)",ii,A,E,G,734.75,244.0
5879,A,C,5,C,"(0, 4, 9)",ii,A,E,G,734.875,244.0
5880,A,D,0,G,"(0, 2, 6, 9)",V7,C,F#,G,735.0,245.0
5881,A,D,1,G,"(0, 2, 6, 9)",V7,C,F#,G,735.125,245.0
5882,A,D,2,G,"(0, 2, 6, 9)",V7,C,F#,G,735.25,245.0
5883,A,D,2,G,"(0, 2, 6, 9)",V7,C,F#,G,735.375,245.0
5884,A,D,3,G,"(0, 2, 6, 9)",V7,C,F#,G,735.5,245.0
5885,A,D,3,G,"(0, 2, 6, 9)",V7,C,F#,G,735.625,245.0
5886,A,D,3,G,"(0, 2, 6, 9)",V7,C,F#,G,735.75,245.0
5887,A,D,3,G,"(0, 2, 6, 9)",V7,C,F#,G,735.875,245.0
5888,A,D,4,G,"(0, 2, 6, 9)",V7,C,F#,G,736.0,245.0
5889,A,D,4,G,"(0, 2, 6, 9)",V7,C,F#,G,736.125,245.0
5890,A,D,4,G,"(0, 2, 6, 9)",V7,C,F#,G,736.25,245.0
5891,A,D,4,G,"(0, 2, 6, 9)",V7,C,F#,G,736.375,245.0
5892,A,D,4,G,"(0, 2, 6, 9)",V7,C,F#,G,736.5,245.0
5893,A,D,4,G,"(0, 2, 6, 9)",V7,C,F#,G,736.625,245.0
5894,A,D,4,G,"(0, 2, 6, 9)",V7,C,F#,G,736.75,245.0
5895,A,D,4,G,"(0, 2, 6, 9)",V7,C,F#,G,736.875,245.0
5896,A,D,5,G,"(0, 2, 6, 9)",V7,C,F#,G,737.0,245.0
5897,A,D,5,G,"(0, 2, 6, 9)",V7,C,F#,G,737.125,245.0
5898,A,D,5,G,"(0, 2, 6, 9)",V7,C,F#,G,737.25,245.0
5899,A,D,5,G,"(0, 2, 6, 9)",V7,C,F#,G,737.375,245.0
5900,A,D,5,G,"(0, 2, 6, 9)",V7,C,F#,G,737.5,245.0
5901,A,D,5,G,"(0, 2, 6, 9)",V7,C,F#,G,737.625,245.0
5902,A,D,5,G,"(0, 2, 6, 9)",V7,C,F#,G,737.75,245.0
5903,A,D,5,G,"(0, 2, 6, 9)",V7,C,F#,G,737.875,245.0
5904,A,F#,0,G,"(0, 2, 6, 9)",V7,D,A,G,738.0,246.0
5905,A,F#,1,G,"(0, 2, 6, 9)",V7,D,A,G,738.125,246.0
5906,A,F#,2,G,"(0, 2, 6, 9)",V7,D,A,G,738.25,246.0
5907,A,F#,2,G,"(0, 2, 6, 9)",V7,D,A,G,738.375,246.0
5908,A,F#,3,G,"(0, 2, 6, 9)",V7,D,A,G,738.5,246.0
5909,A,F#,3,G,"(0, 2, 6, 9)",V7,D,A,G,738.625,246.0
5910,A,F#,3,G,"(0, 2, 6, 9)",V7,D,A,G,738.75,246.0
5911,A,F#,3,G,"(0, 2, 6, 9)",V7,D,A,G,738.875,246.0
5912,D,F#,4,G,"(0, 2, 6, 9)",V7,D,A,G,739.0,246.0
5913,D,F#,4,G,"(0, 2, 6, 9)",V7,D,A,G,739.125,246.0
5914,A,F#,4,G,"(0, 2, 6, 9)",V7,D,A,G,739.25,246.0
5915,D,F#,4,G,"(0, 2, 6, 9)",V7,D,A,G,739.375,246.0
5916,A,F#,4,G,"(0, 2, 6, 9)",V7,C,A,G,739.5,246.0
5917,A,F#,4,G,"(0, 2, 6, 9)",V7,C,A,G,739.625,246.0
5918,A,F#,4,G,"(0, 2, 6, 9)",V7,C,A,G,739.75,246.0
5919,A,F#,4,G,"(0, 2, 6, 9)",V7,C,A,G,739.875,246.0
5920,A,F#,5,G,"(0, 2, 6, 9)",V7,D,A,G,740.0,246.0
5921,A,F#,5,G,"(0, 2, 6, 9)",V7,D,A,G,740.125,246.0
5922,A,F#,5,G,"(0, 2, 6, 9)",V7,D,A,G,740.25,246.0
5923,A,F#,5,G,"(0, 2, 6, 9)",V7,D,A,G,740.375,246.0
5924,A,F#,5,G,"(0, 2, 6, 9)",V7,D,A,G,740.5,246.0
5925,A,F#,5,G,"(0, 2, 6, 9)",V7,D,A,G,740.625,246.0
5926,A,F#,5,G,"(0, 2, 6, 9)",V7,D,A,G,740.75,246.0
5927,A,F#,5,G,"(0, 2, 6, 9)",V7,D,A,G,740.875,246.0
5928,D,G,0,G,"(2, 7, 11)",V,G,B,G,741.0,247.0
5929,D,G,1,G,"(2, 7, 11)",V,G,B,G,741.125,247.0
5930,D,G,2,G,"(2, 7, 11)",V,G,B,G,741.25,247.0
5931,D,G,2,G,"(2, 7, 11)",V,G,B,G,741.375,247.0
5932,D,G,3,G,"(2, 7, 11)",V,G,B,G,741.5,247.0
5933,D,G,3,G,"(2, 7, 11)",V,G,B,G,741.625,247.0
5934,D,G,3,G,"(2, 7, 11)",V,G,B,G,741.75,247.0
5935,D,G,3,G,"(2, 7, 11)",V,G,B,G,741.875,247.0
5936,D,G,4,G,"(2, 7, 11)",V,G,B,G,742.0,247.0
5937,D,G,4,G,"(2, 7, 11)",V,G,B,G,742.125,247.0
5938,D,G,4,G,"(2, 7, 11)",V,G,B,G,742.25,247.0
5939,D,G,4,G,"(2, 7, 11)",V,G,B,G,742.375,247.0
5940,D,G,4,G,"(2, 7, 11)",V,G,B,G,742.5,247.0
5941,D,G,4,G,"(2, 7, 11)",V,G,B,G,742.625,247.0
5942,D,G,4,G,"(2, 7, 11)",V,G,B,G,742.75,247.0
5943,D,G,4,G,"(2, 7, 11)",V,G,B,G,742.875,247.0
5944,D,G,5,C,"(2, 7, 11)",V,G,D,G,743.0,247.0
5945,D,G,5,C,"(2, 7, 11)",V,G,D,G,743.125,247.0
5946,D,G,5,C,"(2, 7, 11)",V,G,D,G,743.25,247.0
5947,D,G,5,C,"(2, 7, 11)",V,G,D,G,743.375,247.0
5948,D,G,5,C,"(2, 7, 11)",V,G,D,G,743.5,247.0
5949,D,G,5,C,"(2, 7, 11)",V,G,D,G,743.625,247.0
5950,D,G,5,C,"(2, 7, 11)",V,G,D,G,743.75,247.0
5951,D,G,5,C,"(2, 7, 11)",V,G,D,G,743.875,247.0
5952,D,G,0,G,"(2, 7, 11)",V,G,B,G,744.0,248.0
5953,D,G,1,C,"(2, 7, 11)",V,G,B,G,744.125,248.0
5954,D,G,2,C,"(2, 7, 11)",V,G,B,G,744.25,248.0
5955,D,G,2,C,"(2, 7, 11)",V,G,B,G,744.375,248.0
5956,D,G,3,G,"(2, 7, 11)",V,G,B,G,744.5,248.0
5957,D,G,3,G,"(2, 7, 11)",V,G,B,G,744.625,248.0
5958,D,G,3,G,"(2, 7, 11)",V,G,B,G,744.75,248.0
5959,D,G,3,G,"(2, 7, 11)",V,G,B,G,744.875,248.0
5960,D,G,4,C,"(2, 7, 11)",V,G,B,C,745.0,248.0
5961,D,G,4,C,"(2, 7, 11)",V,G,B,C,745.125,248.0
5962,D,G,4,C,"(2, 7, 11)",V,G,B,C,745.25,248.0
5963,D,G,4,C,"(2, 7, 11)",V,G,B,C,745.375,248.0
5964,D,G,4,C,"(2, 7, 11)",V,G,B,C,745.5,248.0
5965,D,G,4,C,"(2, 7, 11)",V,G,B,C,745.625,248.0
5966,D,G,4,C,"(2, 7, 11)",V,G,B,C,745.75,248.0
5967,D,G,4,C,"(2, 7, 11)",V,G,B,C,745.875,248.0
5968,D,G,5,C,"(2, 7, 11)",V,G,B,C,746.0,248.0
5969,D,G,5,C,"(2, 7, 11)",V,G,B,C,746.125,248.0
5970,D,G,5,C,"(2, 7, 11)",V,G,B,C,746.25,248.0
5971,D,G,5,C,"(2, 7, 11)",V,G,B,C,746.375,248.0
5972,D,G,5,C,"(2, 7, 11)",V,G,B,C,746.5,248.0
5973,D,G,5,C,"(2, 7, 11)",V,G,B,C,746.625,248.0
5974,D,G,5,C,"(2, 7, 11)",V,G,B,C,746.75,248.0
5975,D,G,5,C,"(2, 7, 11)",V,G,B,C,746.875,248.0
5976,G,E,0,C,"(4, 7, 11)",I,E,G,C,747.0,249.0
5977,G,E,1,C,"(4, 7, 11)",iii,E,G,C,747.125,249.0
5978,G,E,2,C,"(4, 7, 11)",iii,E,G,C,747.25,249.0
5979,G,E,2,C,"(4, 7, 11)",iii,E,G,C,747.375,249.0
5980,B,E,3,C,"(4, 7, 11)",iii,E,G,C,747.5,249.0
5981,B,E,3,C,"(4, 7, 11)",iii,E,G,C,747.625,249.0
5982,B,E,3,C,"(4, 7, 11)",iii,E,G,C,747.75,249.0
5983,B,E,3,C,"(4, 7, 11)",iii,E,G,C,747.875,249.0
5984,B,E,4,C,"(4, 7, 11)",iii,E,G,C,748.0,249.0
5985,B,E,4,C,"(4, 7, 11)",iii,E,G,C,748.125,249.0
5986,B,E,4,C,"(4, 7, 11)",iii,E,G,C,748.25,249.0
5987,B,E,4,C,"(4, 7, 11)",iii,E,G,C,748.375,249.0
5988,B,E,4,C,"(4, 7, 11)",iii,E,G,C,748.5,249.0
5989,B,E,4,C,"(4, 7, 11)",iii,E,G,C,748.625,249.0
5990,B,E,4,C,"(4, 7, 11)",iii,E,G,C,748.75,249.0
5991,B,E,4,C,"(4, 7, 11)",iii,E,G,C,748.875,249.0
5992,B,E,5,C,"(4, 7, 11)",iii,E,G,C,749.0,249.0
5993,B,E,5,C,"(4, 7, 11)",iii,E,G,C,749.125,249.0
5994,B,E,5,C,"(4, 7, 11)",iii,E,G,C,749.25,249.0
5995,B,E,5,C,"(4, 7, 11)",iii,E,G,C,749.375,249.0
5996,B,E,5,C,"(4, 7, 11)",iii,E,G,C,749.5,249.0
5997,B,E,5,C,"(4, 7, 11)",iii,E,G,C,749.625,249.0
5998,B,E,5,C,"(4, 7, 11)",iii,E,G,C,749.75,249.0
5999,B,E,5,C,"(4, 7, 11)",vi,E,G,C,749.875,249.0
6000,E,A,0,C,"(1, 4, 7, 9)",V7,G,C#,d,750.0,250.0
6001,E,A,1,C,"(1, 4, 7, 9)",V7,G,C#,d,750.125,250.0
6002,E,A,2,C,"(1, 4, 7, 9)",V7,G,C#,d,750.25,250.0
6003,E,A,2,C,"(1, 4, 7, 9)",V7,G,C#,d,750.375,250.0
6004,E,A,3,C,"(1, 4, 7, 9)",V7,G,C#,d,750.5,250.0
6005,E,A,3,C,"(1, 4, 7, 9)",V7,G,C#,d,750.625,250.0
6006,E,A,3,C,"(1, 4, 7, 9)",V7,G,C#,d,750.75,250.0
6007,E,A,3,C,"(1, 4, 7, 9)",V7,G,C#,d,750.875,250.0
6008,E,A,4,C,"(1, 4, 7, 9)",V7,G,C#,d,751.0,250.0
6009,E,A,4,C,"(1, 4, 7, 9)",V7,G,C#,d,751.125,250.0
6010,E,A,4,C,"(1, 4, 7, 9)",V7,G,C#,d,751.25,250.0
6011,E,A,4,C,"(1, 4, 7, 9)",V7,G,C#,d,751.375,250.0
6012,E,A,4,C,"(1, 4, 7, 9)",V7,G,C#,d,751.5,250.0
6013,E,A,4,C,"(1, 4, 7, 9)",V7,G,C#,d,751.625,250.0
6014,E,A,4,C,"(1, 4, 7, 9)",V7,G,C#,d,751.75,250.0
6015,E,A,4,C,"(1, 4, 7, 9)",V7,G,C#,d,751.875,250.0
6016,E,A,5,C,"(1, 4, 7, 9)",V7,G,C#,d,752.0,250.0
6017,E,A,5,C,"(1, 4, 7, 9)",V7,G,C#,d,752.125,250.0
6018,E,A,5,C,"(1, 4, 7, 9)",V7,G,C#,d,752.25,250.0
6019,E,A,5,C,"(1, 4, 7, 9)",V7,G,C#,d,752.375,250.0
6020,E,A,5,C,"(1, 4, 7, 9)",V7,G,C#,d,752.5,250.0
6021,E,A,5,C,"(1, 4, 7, 9)",V7,G,C#,d,752.625,250.0
6022,E,A,5,C,"(1, 4, 7, 9)",V7,G,C#,d,752.75,250.0
6023,E,A,5,C,"(1, 4, 7, 9)",V7,G,C#,d,752.875,250.0
6024,F,A,0,C,"(2, 5, 9)",ii,D,D,C,753.0,251.0
6025,F,A,1,C,"(2, 5, 9)",ii,D,D,C,753.125,251.0
6026,F,A,2,C,"(2, 5, 9)",ii,D,D,C,753.25,251.0
6027,F,A,2,C,"(2, 5, 9)",ii,D,D,C,753.375,251.0
6028,F,A,3,C,"(2, 5, 9)",ii,D,D,C,753.5,251.0
6029,F,A,3,C,"(2, 5, 9)",ii,D,D,C,753.625,251.0
6030,F,A,3,C,"(2, 5, 9)",ii,D,D,C,753.75,251.0
6031,F,A,3,C,"(2, 5, 9)",ii,D,D,C,753.875,251.0
6032,F,A,4,C,"(2, 5, 9)",ii,D,F,C,754.0,251.0
6033,F,A,4,C,"(2, 5, 9)",ii,D,F,C,754.125,251.0
6034,F,A,4,C,"(2, 5, 9)",ii,D,F,C,754.25,251.0
6035,F,A,4,C,"(2, 5, 9)",ii,D,F,C,754.375,251.0
6036,F,A,4,C,"(2, 5, 9)",ii,D,F,C,754.5,251.0
6037,F,A,4,C,"(2, 5, 9)",ii,D,F,C,754.625,251.0
6038,F,A,4,C,"(2, 5, 9)",ii,D,F,C,754.75,251.0
6039,F,A,4,C,"(2, 5, 9)",ii,D,F,C,754.875,251.0
6040,F,D,5,C,"(2, 5, 9)",ii,D,F,C,755.0,251.0
6041,F,A,5,C,"(2, 5, 9)",ii,D,F,C,755.125,251.0
6042,F,D,5,C,"(2, 5, 9)",ii,D,F,C,755.25,251.0
6043,F,D,5,C,"(2, 5, 9)",ii,D,F,C,755.375,251.0
6044,F,D,5,C,"(2, 5, 9)",ii,D,F,C,755.5,251.0
6045,F,D,5,C,"(2, 5, 9)",ii,D,F,C,755.625,251.0
6046,F,D,5,C,"(2, 5, 9)",ii,D,F,C,755.75,251.0
6047,F,D,5,C,"(2, 5, 9)",ii,D,F,C,755.875,251.0
6048,A,D,0,C,"(2, 5, 9)",ii,D,F,C,756.0,252.0
6049,A,D,1,C,"(2, 5, 9)",ii,D,F,C,756.125,252.0
6050,A,D,2,C,"(2, 5, 9)",ii,D,F,C,756.25,252.0
6051,A,D,2,C,"(2, 5, 9)",ii,D,F,C,756.375,252.0
6052,A,D,3,C,"(2, 5, 9)",ii,D,F,C,756.5,252.0
6053,A,D,3,C,"(2, 5, 9)",ii,D,F,C,756.625,252.0
6054,A,D,3,C,"(2, 5, 9)",ii,D,F,C,756.75,252.0
6055,A,D,3,C,"(2, 5, 9)",ii,D,F,C,756.875,252.0
6056,A,D,4,C,"(2, 5, 9)",ii,D,F,C,757.0,252.0
6057,A,D,4,C,"(2, 5, 9)",ii,D,F,C,757.125,252.0
6058,A,D,4,C,"(2, 5, 9)",ii,D,F,C,757.25,252.0
6059,A,D,4,C,"(2, 5, 9)",ii,D,F,C,757.375,252.0
6060,A,D,4,C,"(2, 5, 9)",ii,D,F,C,757.5,252.0
6061,A,D,4,C,"(2, 5, 9)",ii,D,F,C,757.625,252.0
6062,A,D,4,C,"(2, 5, 9)",ii,D,F,C,757.75,252.0
6063,A,D,4,C,"(2, 5, 9)",ii,D,F,C,757.875,252.0
6064,A,D,5,C,"(2, 5, 9)",ii,D,F,C,758.0,252.0
6065,A,D,5,C,"(2, 5, 9)",ii,D,F,C,758.125,252.0
6066,A,D,5,C,"(2, 5, 9)",ii,D,F,C,758.25,252.0
6067,A,D,5,C,"(2, 5, 9)",ii,D,F,C,758.375,252.0
6068,A,D,5,C,"(2, 5, 9)",ii,D,F,C,758.5,252.0
6069,A,D,5,C,"(2, 5, 9)",ii,D,F,C,758.625,252.0
6070,A,D,5,C,"(2, 5, 9)",ii,D,F,C,758.75,252.0
6071,A,D,5,C,"(2, 5, 9)",ii,D,F,C,758.875,252.0
6072,D,G,0,C,"(2, 5, 7, 11)",V7,F,B,C,759.0,253.0
6073,D,G,1,C,"(2, 5, 7, 11)",V7,F,B,C,759.125,253.0
6074,D,G,2,C,"(2, 5, 7, 11)",V7,F,B,C,759.25,253.0
6075,D,G,2,C,"(2, 5, 7, 11)",V7,F,B,C,759.375,253.0
6076,D,G,3,C,"(2, 5, 7, 11)",V7,F,B,C,759.5,253.0
6077,D,G,3,C,"(2, 5, 7, 11)",V7,F,B,C,759.625,253.0
6078,D,G,3,C,"(2, 5, 7, 11)",V7,F,B,C,759.75,253.0
6079,D,G,3,C,"(2, 5, 7, 11)",V7,F,B,C,759.875,253.0
6080,F,G,4,C,"(2, 5, 7, 11)",V7,F,B,C,760.0,253.0
6081,F,G,4,C,"(2, 5, 7, 11)",V7,F,B,C,760.125,253.0
6082,F,G,4,C,"(2, 5, 7, 11)",V7,F,B,C,760.25,253.0
6083,F,G,4,C,"(2, 5, 7, 11)",V7,F,B,C,760.375,253.0
6084,F,G,4,C,"(2, 5, 7, 11)",V7,F,B,C,760.5,253.0
6085,F,G,4,C,"(2, 5, 7, 11)",V7,F,B,C,760.625,253.0
6086,F,G,4,C,"(2, 5, 7, 11)",V7,F,B,C,760.75,253.0
6087,F,G,4,C,"(2, 5, 7, 11)",V7,F,B,C,760.875,253.0
6088,F,G,5,C,"(2, 5, 7, 11)",V7,F,B,C,761.0,253.0
6089,F,G,5,C,"(2, 5, 7, 11)",V7,F,B,C,761.125,253.0
6090,F,B,5,C,"(2, 5, 7, 11)",V7,F,B,C,761.25,253.0
6091,F,G,5,C,"(2, 5, 7, 11)",V7,F,B,C,761.375,253.0
6092,F,B,5,C,"(2, 5, 7, 11)",V7,F,B,C,761.5,253.0
6093,F,B,5,C,"(2, 5, 7, 11)",V7,F,B,C,761.625,253.0
6094,F,B,5,C,"(2, 5, 7, 11)",V7,F,B,C,761.75,253.0
6095,F,B,5,C,"(2, 5, 7, 11)",V7,F,B,C,761.875,253.0
6096,G,C,0,C,"(0, 4, 7)",I,C,C,C,762.0,254.0
6097,G,C,1,C,"(0, 4, 7)",I,C,C,C,762.125,254.0
6098,G,C,2,C,"(0, 4, 7)",I,C,C,C,762.25,254.0
6099,G,C,2,C,"(0, 4, 7)",I,C,C,C,762.375,254.0
6100,G,C,3,C,"(0, 4, 7)",I,C,C,C,762.5,254.0
6101,G,C,3,C,"(0, 4, 7)",I,C,C,C,762.625,254.0
6102,G,C,3,C,"(0, 4, 7)",I,C,C,C,762.75,254.0
6103,G,C,3,C,"(0, 4, 7)",I,C,C,C,762.875,254.0
6104,G,C,4,C,"(0, 4, 7)",I,C,E,C,763.0,254.0
6105,G,C,4,C,"(0, 4, 7)",I,C,E,C,763.125,254.0
6106,G,C,4,C,"(0, 4, 7)",I,C,E,C,763.25,254.0
6107,G,C,4,C,"(0, 4, 7)",I,C,E,C,763.375,254.0
6108,G,C,4,C,"(0, 4, 7)",I,C,E,C,763.5,254.0
6109,G,C,4,C,"(0, 4, 7)",I,C,E,C,763.625,254.0
6110,G,C,4,C,"(0, 4, 7)",I,C,E,C,763.75,254.0
6111,G,C,4,C,"(0, 4, 7)",I,C,E,C,763.875,254.0
6112,G,C,5,C,"(0, 4, 7)",I,C,E,C,764.0,254.0
6113,G,C,5,C,"(0, 4, 7)",I,C,E,C,764.125,254.0
6114,G,C,5,C,"(0, 4, 7)",I,C,E,C,764.25,254.0
6115,G,C,5,C,"(0, 4, 7)",I,C,E,C,764.375,254.0
6116,G,C,5,C,"(0, 4, 7)",I,C,E,C,764.5,254.0
6117,G,C,5,C,"(0, 4, 7)",I,C,E,C,764.625,254.0
6118,G,C,5,C,"(0, 4, 7)",I,C,E,C,764.75,254.0
6119,G,C,5,C,"(0, 4, 7)",I,C,E,C,764.875,254.0
6120,D,G,0,C,"(2, 7, 11)",V,G,B,C,765.0,255.0
6121,D,G,1,C,"(2, 7, 11)",V,G,B,C,765.125,255.0
6122,D,G,2,C,"(2, 7, 11)",V,G,B,C,765.25,255.0
6123,D,G,2,C,"(2, 7, 11)",V,G,B,C,765.375,255.0
6124,D,G,3,C,"(2, 7, 11)",V,G,B,C,765.5,255.0
6125,D,G,3,C,"(2, 7, 11)",V,G,B,C,765.625,255.0
6126,D,G,3,C,"(2, 7, 11)",V,G,B,C,765.75,255.0
6127,D,G,3,C,"(2, 7, 11)",V,G,B,C,765.875,255.0
6128,D,G,4,C,"(2, 7, 11)",V,G,B,C,766.0,255.0
6129,D,G,4,C,"(2, 7, 11)",V,G,B,C,766.125,255.0
6130,D,G,4,C,"(2, 7, 11)",V,G,B,C,766.25,255.0
6131,D,G,4,C,"(2, 7, 11)",V,G,B,C,766.375,255.0
6132,D,G,4,C,"(2, 7, 11)",V,G,B,C,766.5,255.0
6133,D,G,4,C,"(2, 7, 11)",V,G,B,C,766.625,255.0
6134,D,G,4,C,"(2, 7, 11)",V,G,B,C,766.75,255.0
6135,D,G,4,C,"(2, 7, 11)",V,G,B,C,766.875,255.0
6136,C,C,0,C,"(0, 4, 7)",I,C,G,C,767.0,255.0
6137,C,C,1,C,"(0, 4, 7)",I,C,G,C,767.125,255.0
6138,C,C,2,C,"(0, 4, 7)",I,C,G,C,767.25,255.0
6139,C,C,2,C,"(0, 4, 7)",I,C,G,C,767.375,255.0
6140,C,C,5,C,"(0, 4, 7)",I,C,G,C,767.5,255.0
6141,C,C,5,C,"(0, 4, 7)",I,C,G,C,767.625,255.0
6142,C,C,5,C,"(0, 4, 7)",I,C,G,C,767.75,255.0
6143,C,C,5,C,"(0, 4, 7)",I,C,G,C,767.875,255.0
6144,E,C,0,C,"(0, 4, 7)",I,C,C,C,768.0,256.0
6145,E,C,1,C,"(0, 4, 7)",I,C,C,C,768.125,256.0
6146,E,C,2,C,"(0, 4, 7)",I,C,C,C,768.25,256.0
6147,E,C,2,C,"(0, 4, 7)",I,C,C,C,768.375,256.0
6148,E,C,3,C,"(0, 4, 7)",I,C,C,C,768.5,256.0
6149,E,C,3,C,"(0, 4, 7)",I,C,C,C,768.625,256.0
6150,E,C,3,C,"(0, 4, 7)",I,C,C,C,768.75,256.0
6151,E,C,3,C,"(0, 4, 7)",I,C,C,C,768.875,256.0
6152,G,C,4,C,"(0, 4, 7)",I,C,E,C,769.0,256.0
6153,G,C,4,C,"(0, 4, 7)",I,C,E,C,769.125,256.0
6154,G,C,4,C,"(0, 4, 7)",I,C,E,C,769.25,256.0
6155,G,C,4,C,"(0, 4, 7)",I,C,E,C,769.375,256.0
6156,G,C,4,C,"(0, 4, 7)",I,C,E,C,769.5,256.0
6157,G,C,4,C,"(0, 4, 7)",I,C,E,C,769.625,256.0
6158,G,C,4,C,"(0, 4, 7)",I,C,E,C,769.75,256.0
6159,G,C,4,C,"(0, 4, 7)",I,C,E,C,769.875,256.0
6160,G,C,5,C,"(0, 4, 7)",I,C,E,C,770.0,256.0
6161,G,C,5,C,"(0, 4, 7)",I,C,E,C,770.125,256.0
6162,G,C,5,C,"(0, 4, 7)",I,C,E,C,770.25,256.0
6163,G,C,5,C,"(0, 4, 7)",I,C,E,C,770.375,256.0
6164,G,C,5,C,"(0, 4, 7)",I,C,E,C,770.5,256.0
6165,G,C,5,C,"(0, 4, 7)",I,C,E,C,770.625,256.0
6166,G,C,5,C,"(0, 4, 7)",I,C,E,C,770.75,256.0
6167,G,C,5,C,"(0, 4, 7)",I,C,E,C,770.875,256.0
6168,F,A,0,C,"(0, 5, 9)",IV,F,C,C,771.0,257.0
6169,F,A,1,C,"(0, 5, 9)",IV,F,C,C,771.125,257.0
6170,F,A,2,C,"(0, 5, 9)",IV,F,C,C,771.25,257.0
6171,F,A,2,C,"(0, 5, 9)",IV,F,C,C,771.375,257.0
6172,F,A,3,C,"(0, 5, 9)",IV,F,C,C,771.5,257.0
6173,F,A,3,C,"(0, 5, 9)",IV,F,C,C,771.625,257.0
6174,F,A,3,C,"(0, 5, 9)",IV,F,C,C,771.75,257.0
6175,F,A,3,C,"(0, 5, 9)",IV,F,C,C,771.875,257.0
6176,F,A,4,C,"(0, 5, 9)",IV,F,C,C,772.0,257.0
6177,F,A,4,C,"(0, 5, 9)",IV,F,C,C,772.125,257.0
6178,F,A,4,C,"(0, 5, 9)",IV,F,C,C,772.25,257.0
6179,F,A,4,C,"(0, 5, 9)",IV,F,C,C,772.375,257.0
6180,F,C,4,C,"(0, 5, 9)",IV,F,C,C,772.5,257.0
6181,F,C,4,C,"(0, 5, 9)",IV,F,C,C,772.625,257.0
6182,F,C,4,C,"(0, 5, 9)",IV,F,C,C,772.75,257.0
6183,F,C,4,C,"(0, 5, 9)",IV,F,C,C,772.875,257.0
6184,G,C,5,C,"(0, 4, 7)",I,C,E,C,773.0,257.0
6185,G,C,5,C,"(0, 4, 7)",I,C,E,C,773.125,257.0
6186,G,C,5,C,"(0, 4, 7)",I,C,E,C,773.25,257.0
6187,G,C,5,C,"(0, 4, 7)",I,C,E,C,773.375,257.0
6188,G,C,5,C,"(0, 4, 7)",I,C,E,C,773.5,257.0
6189,G,C,5,C,"(0, 4, 7)",I,C,E,C,773.625,257.0
6190,G,C,5,C,"(0, 4, 7)",I,C,E,C,773.75,257.0
6191,G,C,5,C,"(0, 4, 7)",I,C,E,C,773.875,257.0
6192,E,G,0,C,"(0, 4, 7)",I,C,C,C,774.0,258.0
6193,E,G,1,C,"(0, 4, 7)",I,C,C,C,774.125,258.0
6194,E,G,2,C,"(0, 4, 7)",I,C,C,C,774.25,258.0
6195,E,G,2,C,"(0, 4, 7)",I,C,C,C,774.375,258.0
6196,E,G,3,C,"(0, 4, 7)",I,C,C,C,774.5,258.0
6197,E,G,3,C,"(0, 4, 7)",I,C,C,C,774.625,258.0
6198,E,G,3,C,"(0, 4, 7)",I,C,C,C,774.75,258.0
6199,E,G,3,C,"(0, 4, 7)",I,C,C,C,774.875,258.0
6200,E,G,4,C,"(0, 4, 7)",I,C,C,C,775.0,258.0
6201,E,G,4,C,"(0, 4, 7)",I,C,C,C,775.125,258.0
6202,E,G,4,C,"(0, 4, 7)",I,C,C,C,775.25,258.0
6203,E,G,4,C,"(0, 4, 7)",I,C,C,C,775.375,258.0
6204,E,G,4,C,"(0, 4, 7)",I,C,C,C,775.5,258.0
6205,E,G,4,C,"(0, 4, 7)",I,C,C,C,775.625,258.0
6206,E,G,4,C,"(0, 4, 7)",I,C,C,C,775.75,258.0
6207,E,G,4,C,"(0, 4, 7)",I,C,C,C,775.875,258.0
6208,C,F,0,C,"(2, 5, 7, 11)",I,D,G,C,776.0,258.0
6209,C,F,1,C,"(2, 5, 7, 11)",I,D,G,C,776.125,258.0
6210,C,F,2,C,"(2, 5, 7, 11)",I,D,G,C,776.25,258.0
6211,C,F,2,C,"(2, 5, 7, 11)",I,D,G,C,776.375,258.0
6212,C,F,3,C,"(2, 5, 7, 11)",I,D,G,C,776.5,258.0
6213,C,F,3,C,"(2, 5, 7, 11)",I,D,G,C,776.625,258.0
6214,C,F,3,C,"(2, 5, 7, 11)",I,D,G,C,776.75,258.0
6215,C,F,3,C,"(2, 5, 7, 11)",I,D,G,C,776.875,258.0
6216,C,E,0,C,"(0, 4, 7)",I,C,G,C,777.0,259.0
6217,C,E,1,C,"(0, 4, 7)",I,C,G,C,777.125,259.0
6218,C,E,2,C,"(0, 4, 7)",I,C,G,C,777.25,259.0
6219,C,E,2,C,"(0, 4, 7)",I,C,G,C,777.375,259.0
6220,C,E,3,C,"(0, 4, 7)",I,C,G,C,777.5,259.0
6221,C,E,3,C,"(0, 4, 7)",I,C,G,C,777.625,259.0
6222,C,E,3,C,"(0, 4, 7)",I,C,G,C,777.75,259.0
6223,C,E,3,C,"(0, 4, 7)",I,C,G,C,777.875,259.0
6224,C,E,4,C,"(0, 4, 7)",I,C,G,C,778.0,259.0
6225,C,E,4,C,"(0, 4, 7)",I,C,G,C,778.125,259.0
6226,C,E,4,C,"(0, 4, 7)",I,C,G,C,778.25,259.0
6227,C,E,4,C,"(0, 4, 7)",I,C,G,C,778.375,259.0
6228,C,E,4,C,"(0, 4, 7)",I,C,G,C,778.5,259.0
6229,C,E,4,C,"(0, 4, 7)",I,C,G,C,778.625,259.0
6230,C,E,4,C,"(0, 4, 7)",I,C,G,C,778.75,259.0
6231,C,E,4,C,"(0, 4, 7)",I,C,G,C,778.875,259.0
6232,C,E,5,C,"(0, 4, 7)",I,C,G,C,779.0,259.0
6233,C,E,5,C,"(0, 4, 7)",I,C,G,C,779.125,259.0
6234,C,E,5,C,"(0, 4, 7)",I,C,G,C,779.25,259.0
6235,C,E,5,C,"(0, 4, 7)",I,C,G,C,779.375,259.0
6236,C,E,5,C,"(0, 4, 7)",I,C,G,C,779.5,259.0
6237,C,E,5,C,"(0, 4, 7)",I,C,G,C,779.625,259.0
6238,C,E,5,C,"(0, 4, 7)",I,C,G,C,779.75,259.0
6239,C,E,5,C,"(0, 4, 7)",I,C,G,C,779.875,259.0
6240,D,G,0,C,"(2, 7, 11)",V,G,B,C,780.0,260.0
6241,D,G,1,C,"(2, 7, 11)",V,G,B,C,780.125,260.0
6242,D,G,2,C,"(2, 7, 11)",V,G,B,C,780.25,260.0
6243,D,G,2,C,"(2, 7, 11)",V,G,B,C,780.375,260.0
6244,D,G,3,C,"(2, 7, 11)",V,G,B,C,780.5,260.0
6245,D,G,3,C,"(2, 7, 11)",V,G,B,C,780.625,260.0
6246,D,G,3,C,"(2, 7, 11)",V,G,B,C,780.75,260.0
6247,D,G,3,C,"(2, 7, 11)",V,G,B,C,780.875,260.0
6248,D,G,4,C,"(2, 7, 11)",V,G,B,C,781.0,260.0
6249,D,G,4,C,"(2, 7, 11)",V,G,B,C,781.125,260.0
6250,D,G,4,C,"(2, 7, 11)",V,G,B,C,781.25,260.0
6251,D,G,4,C,"(2, 7, 11)",V,G,B,C,781.375,260.0
6252,D,G,4,C,"(2, 7, 11)",V,G,B,C,781.5,260.0
6253,D,G,4,C,"(2, 7, 11)",V,G,B,C,781.625,260.0
6254,D,G,4,C,"(2, 7, 11)",V,G,B,C,781.75,260.0
6255,D,G,4,C,"(2, 7, 11)",V,G,B,C,781.875,260.0
6256,E,G,5,C,"(0, 4, 7)",I,C,C,C,782.0,260.0
6257,E,G,5,C,"(0, 4, 7)",I,C,C,C,782.125,260.0
6258,E,G,5,C,"(0, 4, 7)",I,C,C,C,782.25,260.0
6259,E,G,5,C,"(0, 4, 7)",I,C,C,C,782.375,260.0
6260,E,G,5,C,"(0, 4, 7)",I,C,C,C,782.5,260.0
6261,E,G,5,C,"(0, 4, 7)",I,C,C,C,782.625,260.0
6262,E,G,5,C,"(0, 4, 7)",I,C,C,C,782.75,260.0
6263,E,G,5,C,"(0, 4, 7)",I,C,C,C,782.875,260.0
6264,D,G,0,C,"(2, 5, 7, 11)",V7,F,B,C,783.0,261.0
6265,D,G,1,C,"(2, 5, 7, 11)",V7,F,B,C,783.125,261.0
6266,D,G,2,C,"(2, 5, 7, 11)",V7,F,B,C,783.25,261.0
6267,D,G,2,C,"(2, 5, 7, 11)",V7,F,B,C,783.375,261.0
6268,D,G,3,C,"(2, 5, 7, 11)",V7,F,B,C,783.5,261.0
6269,D,G,3,C,"(2, 5, 7, 11)",V7,F,B,C,783.625,261.0
6270,D,G,3,C,"(2, 5, 7, 11)",V7,F,B,C,783.75,261.0
6271,D,G,3,C,"(2, 5, 7, 11)",V7,F,B,C,783.875,261.0
6272,D,G,4,C,"(2, 5, 7, 11)",V7,F,B,C,784.0,261.0
6273,D,G,4,C,"(2, 5, 7, 11)",V7,F,B,C,784.125,261.0
6274,D,G,4,C,"(2, 5, 7, 11)",V7,F,B,C,784.25,261.0
6275,D,G,4,C,"(2, 5, 7, 11)",V7,F,B,C,784.375,261.0
6276,D,G,4,C,"(2, 5, 7, 11)",V7,F,B,C,784.5,261.0
6277,D,G,4,C,"(2, 5, 7, 11)",V7,F,B,C,784.625,261.0
6278,D,G,4,C,"(2, 5, 7, 11)",V7,F,B,C,784.75,261.0
6279,D,G,4,C,"(2, 5, 7, 11)",V7,F,B,C,784.875,261.0
6280,D,G,5,C,"(2, 5, 7, 11)",V7,F,B,C,785.0,261.0
6281,D,G,5,C,"(2, 5, 7, 11)",V7,F,B,C,785.125,261.0
6282,D,G,5,C,"(2, 5, 7, 11)",V7,F,B,C,785.25,261.0
6283,D,G,5,C,"(2, 5, 7, 11)",V7,F,B,C,785.375,261.0
6284,D,G,5,C,"(2, 5, 7, 11)",V7,F,B,C,785.5,261.0
6285,D,G,5,C,"(2, 5, 7, 11)",V7,F,B,C,785.625,261.0
6286,D,G,5,C,"(2, 5, 7, 11)",V7,F,B,C,785.75,261.0
6287,D,G,5,C,"(2, 5, 7, 11)",V7,F,B,C,785.875,261.0
6288,D,G,0,C,"(2, 5, 7, 11)",V7,F,B,C,786.0,262.0
6289,D,G,1,C,"(2, 5, 7, 11)",V7,F,B,C,786.125,262.0
6290,D,G,2,C,"(2, 5, 7, 11)",V7,F,B,C,786.25,262.0
6291,D,G,2,C,"(2, 5, 7, 11)",V7,F,B,C,786.375,262.0
6292,D,G,3,C,"(2, 5, 7, 11)",V7,F,B,C,786.5,262.0
6293,D,G,3,C,"(2, 5, 7, 11)",V7,F,B,C,786.625,262.0
6294,D,G,3,C,"(2, 5, 7, 11)",V7,F,B,C,786.75,262.0
6295,D,G,3,C,"(2, 5, 7, 11)",V7,F,B,C,786.875,262.0
6296,D,G,4,C,"(2, 5, 7, 11)",V7,F,B,C,787.0,262.0
6297,D,G,4,C,"(2, 5, 7, 11)",V7,F,B,C,787.125,262.0
6298,D,G,4,C,"(2, 5, 7, 11)",V7,F,B,C,787.25,262.0
6299,D,G,4,C,"(2, 5, 7, 11)",V7,F,B,C,787.375,262.0
6300,D,G,4,C,"(2, 5, 7, 11)",V7,F,B,C,787.5,262.0
6301,D,G,4,C,"(2, 5, 7, 11)",V7,F,B,C,787.625,262.0
6302,D,G,4,C,"(2, 5, 7, 11)",V7,F,B,C,787.75,262.0
6303,D,G,4,C,"(2, 5, 7, 11)",V7,F,B,C,787.875,262.0
6304,D,G,5,C,"(2, 5, 7, 11)",V7,F,B,C,788.0,262.0
6305,D,G,5,C,"(2, 5, 7, 11)",V7,F,B,C,788.125,262.0
6306,D,G,5,C,"(2, 5, 7, 11)",V7,F,B,C,788.25,262.0
6307,D,G,5,C,"(2, 5, 7, 11)",V7,F,B,C,788.375,262.0
6308,D,G,5,C,"(2, 5, 7, 11)",V7,F,B,C,788.5,262.0
6309,D,G,5,C,"(2, 5, 7, 11)",V7,F,B,C,788.625,262.0
6310,D,G,5,C,"(2, 5, 7, 11)",V7,F,B,C,788.75,262.0
6311,D,G,5,C,"(2, 5, 7, 11)",V7,F,B,C,788.875,262.0
6312,G,C,0,C,"(0, 4, 7)",I,C,E,C,789.0,263.0
6313,G,C,1,C,"(0, 4, 7)",I,C,E,C,789.125,263.0
6314,G,C,2,C,"(0, 4, 7)",I,C,E,C,789.25,263.0
6315,G,C,2,C,"(0, 4, 7)",I,C,E,C,789.375,263.0
6316,G,C,3,C,"(0, 4, 7)",I,C,E,C,789.5,263.0
6317,G,C,3,C,"(0, 4, 7)",I,C,E,C,789.625,263.0
6318,G,C,3,C,"(0, 4, 7)",I,C,E,C,789.75,263.0
6319,G,C,3,C,"(0, 4, 7)",I,C,E,C,789.875,263.0
6320,G,C,4,C,"(0, 4, 7)",I,C,E,C,790.0,263.0
6321,G,C,4,C,"(0, 4, 7)",I,C,E,C,790.125,263.0
6322,G,C,4,C,"(0, 4, 7)",I,C,E,C,790.25,263.0
6323,G,C,4,C,"(0, 4, 7)",I,C,E,C,790.375,263.0
6324,G,C,4,C,"(0, 4, 7)",I,C,E,C,790.5,263.0
6325,G,C,4,C,"(0, 4, 7)",I,C,E,C,790.625,263.0
6326,G,C,4,C,"(0, 4, 7)",I,C,E,C,790.75,263.0
6327,G,C,4,C,"(0, 4, 7)",I,C,E,C,790.875,263.0
6328,G,C,5,C,"(0, 4, 7)",I,C,E,C,791.0,263.0
6329,G,C,5,C,"(0, 4, 7)",I,C,E,C,791.125,263.0
6330,G,C,5,C,"(0, 4, 7)",I,C,E,C,791.25,263.0
6331,G,C,5,C,"(0, 4, 7)",I,C,E,C,791.375,263.0
6332,G,C,5,C,"(0, 4, 7)",I,C,E,C,791.5,263.0
6333,G,C,5,C,"(0, 4, 7)",I,C,E,C,791.625,263.0
6334,G,C,5,C,"(0, 4, 7)",I,C,E,C,791.75,263.0
6335,G,C,5,C,"(0, 4, 7)",I,C,E,C,791.875,263.0
6336,G,C,0,C,"(0, 4, 7)",I,C,E,C,792.0,264.0
6337,G,C,1,C,"(0, 4, 7)",I,C,E,C,792.125,264.0
6338,G,C,2,C,"(0, 4, 7)",I,C,E,C,792.25,264.0
6339,G,C,2,C,"(0, 4, 7)",I,C,E,C,792.375,264.0
6340,G,C,3,C,"(0, 4, 7)",I,C,E,C,792.5,264.0
6341,G,C,3,C,"(0, 4, 7)",I,C,E,C,792.625,264.0
6342,G,C,3,C,"(0, 4, 7)",I,C,E,C,792.75,264.0
6343,G,C,3,C,"(0, 4, 7)",I,C,E,C,792.875,264.0
6344,G,C,4,C,"(0, 4, 7)",I,C,E,C,793.0,264.0
6345,G,C,4,C,"(0, 4, 7)",I,C,E,C,793.125,264.0
6346,G,C,4,C,"(0, 4, 7)",I,C,E,C,793.25,264.0
6347,G,C,4,C,"(0, 4, 7)",I,C,E,C,793.375,264.0
6348,G,C,4,C,"(0, 4, 7)",I,C,E,C,793.5,264.0
6349,G,C,4,C,"(0, 4, 7)",I,C,E,C,793.625,264.0
6350,G,C,4,C,"(0, 4, 7)",I,C,E,C,793.75,264.0
6351,G,C,4,C,"(0, 4, 7)",I,C,E,C,793.875,264.0
6352,G,C,0,C,"(0, 4, 7)",I,C,E,C,794.0,265.0
6353,G,C,1,C,"(0, 4, 7)",I,C,E,C,794.125,265.0
6354,G,C,2,C,"(0, 4, 7)",I,C,E,C,794.25,265.0
6355,G,C,2,C,"(0, 4, 7)",I,C,E,C,794.375,265.0
6356,G,C,3,C,"(0, 4, 7)",I,C,E,C,794.5,265.0
6357,G,C,3,C,"(0, 4, 7)",I,C,E,C,794.625,265.0
6358,G,C,3,C,"(0, 4, 7)",I,C,E,C,794.75,265.0
6359,G,C,3,C,"(0, 4, 7)",I,C,E,C,794.875,265.0
6360,G,C,4,C,"(0, 4, 7)",I,C,E,C,795.0,265.0
6361,G,C,4,C,"(0, 4, 7)",I,C,E,C,795.125,265.0
6362,G,C,4,C,"(0, 4, 7)",I,C,E,C,795.25,265.0
6363,G,C,4,C,"(0, 4, 7)",I,C,E,C,795.375,265.0
6364,G,C,4,C,"(0, 4, 7)",I,C,E,C,795.5,265.0
6365,G,C,4,C,"(0, 4, 7)",I,C,E,C,795.625,265.0
6366,G,C,4,C,"(0, 4, 7)",I,C,E,C,795.75,265.0
6367,G,C,4,C,"(0, 4, 7)",I,C,E,C,795.875,265.0
6368,A,C,0,C,"(0, 5, 9)",IV,F,F,C,796.0,266.0
6369,A,C,1,C,"(0, 5, 9)",IV,F,F,C,796.125,266.0
6370,A,C,2,C,"(0, 5, 9)",IV,F,F,C,796.25,266.0
6371,A,C,2,C,"(0, 5, 9)",IV,F,F,C,796.375,266.0
6372,A,C,3,C,"(0, 5, 9)",IV,F,F,C,796.5,266.0
6373,A,C,3,C,"(0, 5, 9)",IV,F,F,C,796.625,266.0
6374,A,C,3,C,"(0, 5, 9)",IV,F,F,C,796.75,266.0
6375,A,C,3,C,"(0, 5, 9)",IV,F,F,C,796.875,266.0
6376,G,C,4,C,"(0, 4, 7)",IV,C,E,C,797.0,266.0
6377,G,C,4,C,"(0, 4, 7)",IV,C,E,C,797.125,266.0
6378,G,C,4,C,"(0, 4, 7)",IV,C,E,C,797.25,266.0
6379,G,C,4,C,"(0, 4, 7)",IV,C,E,C,797.375,266.0
6380,G,C,0,C,"(0, 4, 7)",I,C,E,C,797.5,266.0
6381,G,C,1,C,"(0, 4, 7)",I,C,E,C,797.625,266.0
6382,G,C,4,C,"(0, 4, 7)",I,C,E,C,797.75,266.0
6383,G,C,4,C,"(0, 4, 7)",I,C,E,C,797.875,266.0
6384,D,G,0,C,"(0, 4, 7)",I,C,E,C,798.0,267.0
6385,D,G,1,C,"(0, 4, 7)",I,C,E,C,798.125,267.0
6386,D,G,2,C,"(0, 4, 7)",I,C,E,C,798.25,267.0
6387,D,G,2,C,"(0, 4, 7)",I,C,E,C,798.375,267.0
6388,D,G,3,C,"(0, 4, 7)",I,C,E,C,798.5,267.0
6389,D,G,3,C,"(0, 4, 7)",I,C,E,C,798.625,267.0
6390,D,G,3,C,"(0, 4, 7)",I,C,E,C,798.75,267.0
6391,D,G,3,C,"(0, 4, 7)",I,C,E,C,798.875,267.0
6392,D,G,4,C,"(2, 5, 7, 11)",IV,F,B,C,799.0,267.0
6393,D,G,4,C,"(2, 5, 7, 11)",IV,F,B,C,799.125,267.0
6394,D,G,4,C,"(2, 5, 7, 11)",IV,F,B,C,799.25,267.0
6395,D,G,2,C,"(2, 5, 7, 11)",IV,F,B,C,799.375,267.0
6396,D,G,4,C,"(2, 5, 7, 11)",IV,F,B,C,799.5,267.0
6397,D,G,4,C,"(2, 5, 7, 11)",IV,C,B,C,799.625,267.0
6398,D,C,4,C,"(2, 5, 7, 11)",IV,C,B,C,799.75,267.0
6399,D,C,4,C,"(0, 4, 7)",I,C,B,C,799.875,267.0
6400,C,C,0,C,"(0, 4, 7)",I,C,E,C,800.0,268.0
6401,C,E,1,C,"(0, 4, 7)",I,C,E,C,800.125,268.0
6402,C,E,2,C,"(0, 4, 7)",I,C,E,C,800.25,268.0
6403,C,E,2,C,"(0, 4, 7)",I,C,E,C,800.375,268.0
6404,C,E,3,C,"(0, 4, 7)",I,C,E,C,800.5,268.0
6405,C,E,3,C,"(0, 4, 7)",I,C,E,C,800.625,268.0
6406,C,E,3,C,"(0, 4, 7)",I,C,E,C,800.75,268.0
6407,C,E,3,C,"(0, 4, 7)",I,C,E,C,800.875,268.0
6408,C,E,4,C,"(0, 4, 7)",I,C,E,C,801.0,268.0
6409,C,E,4,C,"(0, 4, 7)",I,C,E,C,801.125,268.0
6410,C,E,4,C,"(0, 4, 7)",I,C,E,C,801.25,268.0
6411,C,E,4,C,"(0, 4, 7)",I,C,E,C,801.375,268.0
6412,C,E,4,C,"(0, 4, 7)",I,C,E,C,801.5,268.0
6413,G,E,4,C,"(0, 4, 7)",I,C,E,C,801.625,268.0
6414,G,E,4,C,"(0, 4, 7)",I,C,E,C,801.75,268.0
6415,G,E,4,C,"(0, 4, 7)",I,C,E,C,801.875,268.0
6416,F,B,0,C,"(2, 7, 11)",V,G,D,C,802.0,269.0
6417,G,B,1,C,"(2, 7, 11)",V,G,D,C,802.125,269.0
6418,F,B,2,C,"(2, 7, 11)",V,G,D,C,802.25,269.0
6419,F,B,2,C,"(2, 7, 11)",V,G,D,C,802.375,269.0
6420,E,G,0,C,"(0, 4, 7)",I,C,C,C,802.5,269.0
6421,E,G,1,C,"(0, 4, 7)",I,C,C,C,802.625,269.0
6422,E,G,2,C,"(0, 4, 7)",I,C,C,C,802.75,269.0
6423,E,G,2,C,"(0, 4, 7)",I,C,C,C,802.875,269.0
6424,E,C,3,C,"(0, 4, 7)",I,C,C,C,803.0,269.0
6425,E,C,3,C,"(0, 4, 7)",I,C,C,C,803.125,269.0
6426,E,C,3,C,"(0, 4, 7)",I,C,C,C,803.25,269.0
6427,E,C,3,C,"(0, 4, 7)",I,C,C,C,803.375,269.0
6428,E,C,4,C,"(0, 4, 7)",I,C,C,C,803.5,269.0
6429,E,C,4,C,"(0, 4, 7)",I,C,C,C,803.625,269.0
6430,E,C,4,C,"(0, 4, 7)",I,C,C,C,803.75,269.0
6431,E,C,4,C,"(0, 4, 7)",I,C,C,C,803.875,269.0
6432,F,A,0,C,"(0, 5, 9)",IV,F,C,C,804.0,270.0
6433,F,A,1,C,"(0, 5, 9)",IV,F,C,C,804.125,270.0
6434,F,A,2,C,"(0, 5, 9)",IV,F,C,C,804.25,270.0
6435,F,A,2,C,"(0, 5, 9)",IV,F,C,C,804.375,270.0
6436,F,A,3,C,"(0, 5, 9)",IV,F,C,C,804.5,270.0
6437,F,A,3,C,"(0, 5, 9)",IV,F,C,C,804.625,270.0
6438,F,A,3,C,"(0, 5, 9)",IV,F,C,C,804.75,270.0
6439,F,A,3,C,"(0, 5, 9)",IV,F,C,C,804.875,270.0
6440,E,G,0,C,"(0, 4, 7)",I,C,C,C,805.0,270.0
6441,G,G,1,C,"(0, 4, 7)",I,C,C,C,805.125,270.0
6442,G,G,2,C,"(0, 4, 7)",I,C,C,C,805.25,270.0
6443,G,G,2,C,"(0, 4, 7)",I,C,C,C,805.375,270.0
6444,G,G,3,C,"(0, 4, 7)",I,C,C,C,805.5,270.0
6445,G,G,3,C,"(0, 4, 7)",I,C,E,C,805.625,270.0
6446,G,G,3,C,"(0, 4, 7)",I,C,E,C,805.75,270.0
6447,G,G,3,C,"(0, 4, 7)",I,C,E,C,805.875,270.0
6448,C,F,0,C,"(0, 2, 5, 9)",ii,D,A,C,806.0,271.0
6449,C,F,1,C,"(0, 2, 5, 9)",ii,D,A,C,806.125,271.0
6450,C,F,2,C,"(0, 2, 5, 9)",ii,D,A,C,806.25,271.0
6451,C,F,2,C,"(0, 2, 5, 9)",ii,D,A,C,806.375,271.0
6452,C,F#,3,C,"(0, 2, 5, 9)",V7,D,A,G,806.5,271.0
6453,C,F#,3,C,"(0, 2, 6, 9)",V7,D,A,G,806.625,271.0
6454,C,F#,3,C,"(0, 2, 6, 9)",V7,D,A,G,806.75,271.0
6455,C,F#,3,C,"(0, 2, 6, 9)",V7,D,A,G,806.875,271.0
6456,C,F#,4,C,"(0, 2, 6, 9)",V7,D,A,G,807.0,271.0
6457,C,F#,4,C,"(0, 2, 6, 9)",V7,D,A,G,807.125,271.0
6458,C,F#,4,C,"(0, 2, 6, 9)",V7,D,A,G,807.25,271.0
6459,C,F#,4,C,"(0, 2, 6, 9)",V7,D,A,G,807.375,271.0
6460,C,F#,4,C,"(0, 2, 6, 9)",V7,D,A,G,807.5,271.0
6461,C,F#,4,C,"(0, 2, 6, 9)",V7,D,A,G,807.625,271.0
6462,C,F#,4,C,"(0, 2, 6, 9)",V7,D,A,G,807.75,271.0
6463,C,F#,4,C,"(0, 2, 6, 9)",V7,D,A,G,807.875,271.0
6464,D,G,0,C,"(2, 7, 11)",V,G,B,G,808.0,272.0
6465,D,G,1,C,"(2, 7, 11)",I,G,B,G,808.125,272.0
6466,D,G,2,C,"(2, 7, 11)",I,G,B,G,808.25,272.0
6467,D,G,2,C,"(2, 7, 11)",I,G,B,G,808.375,272.0
6468,D,G,3,C,"(2, 7, 11)",I,G,B,G,808.5,272.0
6469,D,G,3,C,"(2, 7, 11)",I,G,B,G,808.625,272.0
6470,D,G,3,C,"(2, 7, 11)",I,G,B,G,808.75,272.0
6471,D,G,3,C,"(2, 7, 11)",I,G,B,G,808.875,272.0
6472,D,G,4,C,"(2, 7, 11)",I,G,B,G,809.0,272.0
6473,D,G,4,C,"(2, 7, 11)",I,G,B,G,809.125,272.0
6474,D,G,4,C,"(2, 7, 11)",I,G,B,G,809.25,272.0
6475,D,G,4,C,"(2, 7, 11)",I,G,B,G,809.375,272.0
6476,D,G,4,C,"(2, 7, 11)",I,G,B,G,809.5,272.0
6477,D,G,4,C,"(2, 7, 11)",I,G,B,G,809.625,272.0
6478,D,G,4,C,"(2, 7, 11)",I,G,B,G,809.75,272.0
6479,D,G,4,C,"(2, 7, 11)",I,G,B,G,809.875,272.0
6480,D,G,0,C,"(2, 7, 11)",V,G,B,G,810.0,273.0
6481,D,B,1,C,"(2, 7, 11)",V,G,B,G,810.125,273.0
6482,D,B,2,C,"(2, 7, 11)",V,G,B,G,810.25,273.0
6483,D,B,2,C,"(2, 7, 11)",V,G,B,G,810.375,273.0
6484,D,B,3,C,"(2, 7, 11)",V,G,B,G,810.5,273.0
6485,D,B,3,C,"(2, 7, 11)",V,G,B,G,810.625,273.0
6486,D,B,3,C,"(2, 7, 11)",V,G,B,G,810.75,273.0
6487,D,B,3,C,"(2, 7, 11)",V,G,B,G,810.875,273.0
6488,D,B,4,C,"(2, 7, 11)",V,G,D,G,811.0,273.0
6489,D,B,4,C,"(2, 7, 11)",V,G,D,G,811.125,273.0
6490,D,B,4,C,"(2, 7, 11)",V,G,D,G,811.25,273.0
6491,D,B,4,C,"(2, 7, 11)",V,G,D,G,811.375,273.0
6492,D,B,4,C,"(2, 7, 11)",V,G,D,G,811.5,273.0
6493,D,B,4,C,"(2, 7, 11)",V,G,D,G,811.625,273.0
6494,D,B,4,C,"(2, 7, 11)",V,G,D,G,811.75,273.0
6495,D,B,4,C,"(2, 7, 11)",V,G,D,G,811.875,273.0
6496,A,D,0,C,"(0, 2, 6, 9)",V,G,D,G,812.0,274.0
6497,A,A,1,C,"(0, 2, 6, 9)",V,A,C,G,812.125,274.0
6498,A,A,2,C,"(0, 2, 6, 9)",V,A,C,G,812.25,274.0
6499,A,A,2,C,"(0, 2, 6, 9)",V,A,C,G,812.375,274.0
6500,A,A,3,C,"(0, 2, 6, 9)",V,A,C,G,812.5,274.0
6501,A,A,3,C,"(0, 2, 6, 9)",V,A,C,G,812.625,274.0
6502,A,A,3,C,"(0, 2, 6, 9)",V,A,C,G,812.75,274.0
6503,A,A,3,C,"(0, 2, 6, 9)",V,A,C,G,812.875,274.0
6504,A,A,4,C,"(0, 4, 9)",V,A,C,G,813.0,274.0
6505,A,A,4,C,"(0, 4, 9)",V,A,C,G,813.125,274.0
6506,A,A,4,C,"(0, 4, 9)",V,A,C,G,813.25,274.0
6507,A,A,4,C,"(0, 4, 9)",V,A,C,G,813.375,274.0
6508,A,A,4,C,"(0, 4, 9)",ii,A,C,G,813.5,274.0
6509,A,A,4,C,"(0, 4, 9)",ii,A,C,G,813.625,274.0
6510,A,A,4,C,"(0, 4, 9)",V,A,C,G,813.75,274.0
6511,A,A,4,C,"(0, 4, 9)",ii,A,C,G,813.875,274.0
6512,A,D,0,C,"(2, 6, 9)",V,D,F#,G,814.0,275.0
6513,A,D,1,C,"(2, 6, 9)",V,D,F#,G,814.125,275.0
6514,A,D,2,C,"(2, 6, 9)",V,D,F#,G,814.25,275.0
6515,A,D,2,C,"(2, 6, 9)",V,D,F#,G,814.375,275.0
6516,A,D,3,C,"(2, 6, 9)",V,D,F#,G,814.5,275.0
6517,A,D,3,C,"(2, 6, 9)",V,D,F#,G,814.625,275.0
6518,A,D,3,C,"(2, 6, 9)",V,D,F#,G,814.75,275.0
6519,A,D,3,C,"(2, 6, 9)",V,D,F#,G,814.875,275.0
6520,A,D,4,C,"(2, 6, 9)",V,D,F#,G,815.0,275.0
6521,A,D,4,C,"(2, 6, 9)",V,D,F#,G,815.125,275.0
6522,A,D,4,C,"(2, 6, 9)",V,D,F#,G,815.25,275.0
6523,A,D,4,C,"(2, 6, 9)",V,D,F#,G,815.375,275.0
6524,A,D,4,C,"(2, 6, 9)",V,D,F#,G,815.5,275.0
6525,A,D,4,C,"(2, 6, 9)",V,D,F#,G,815.625,275.0
6526,A,D,4,C,"(2, 6, 9)",V,D,F#,G,815.75,275.0
6527,A,D,4,C,"(2, 6, 9)",V,D,F#,G,815.875,275.0
6528,A,D,0,C,"(2, 6, 9)",V,D,F#,G,816.0,276.0
6529,A,D,1,C,"(2, 6, 9)",V,D,F#,G,816.125,276.0
6530,A,D,2,C,"(2, 6, 9)",V,D,F#,G,816.25,276.0
6531,A,D,2,C,"(2, 6, 9)",V,D,F#,G,816.375,276.0
6532,A,D,3,C,"(2, 6, 9)",V,D,F#,G,816.5,276.0
6533,A,D,3,C,"(2, 6, 9)",V,D,F#,G,816.625,276.0
6534,A,D,3,C,"(2, 6, 9)",V,D,F#,G,816.75,276.0
6535,A,D,3,C,"(2, 6, 9)",V,D,F#,G,816.875,276.0
6536,A,C,0,C,"(0, 2, 6, 9)",V7,C,F#,G,817.0,276.0
6537,A,C,4,C,"(0, 2, 6, 9)",V7,C,F#,G,817.125,276.0
6538,A,C,2,C,"(0, 2, 6, 9)",V7,C,F#,G,817.25,276.0
6539,A,C,2,C,"(0, 2, 6, 9)",V7,C,F#,G,817.375,276.0
6540,A,C,3,C,"(0, 2, 6, 9)",V7,C,F#,G,817.5,276.0
6541,A,C,3,C,"(0, 2, 6, 9)",V7,C,F#,G,817.625,276.0
6542,A,C,3,C,"(0, 2, 6, 9)",V7,C,F#,G,817.75,276.0
6543,A,C,3,C,"(0, 2, 6, 9)",V7,C,F#,G,817.875,276.0
6544,D,G,0,C,"(2, 7, 11)",V,G,B,G,818.0,277.0
6545,D,G,1,C,"(2, 7, 11)",V,G,B,G,818.125,277.0
6546,D,G,2,C,"(2, 7, 11)",V,G,B,G,818.25,277.0
6547,D,G,2,C,"(2, 7, 11)",V,G,B,G,818.375,277.0
6548,D,G,3,C,"(2, 7, 11)",V,G,B,G,818.5,277.0
6549,D,G,3,C,"(2, 7, 11)",V,G,B,G,818.625,277.0
6550,D,G,3,C,"(2, 7, 11)",V,G,B,G,818.75,277.0
6551,D,G,3,C,"(2, 7, 11)",V,G,B,G,818.875,277.0
6552,D,G,4,C,"(2, 7, 11)",V,G,B,C,819.0,277.0
6553,D,G,4,C,"(2, 7, 11)",V,G,B,C,819.125,277.0
6554,D,G,4,C,"(2, 7, 11)",V,G,B,C,819.25,277.0
6555,D,G,4,C,"(2, 7, 11)",V,G,B,C,819.375,277.0
6556,D,G,4,C,"(2, 7, 11)",V,G,B,C,819.5,277.0
6557,D,G,4,C,"(2, 7, 11)",V,G,B,C,819.625,277.0
6558,D,G,4,C,"(2, 7, 11)",V,G,B,C,819.75,277.0
6559,D,G,4,C,"(2, 7, 11)",V,G,B,C,819.875,277.0
6560,G,C,0,C,"(0, 4, 7)",I,C,E,C,820.0,278.0
6561,G,C,1,C,"(0, 4, 7)",I,C,E,C,820.125,278.0
6562,G,C,2,C,"(0, 4, 7)",I,C,E,C,820.25,278.0
6563,G,C,2,C,"(0, 4, 7)",I,C,E,C,820.375,278.0
6564,G,C,3,C,"(0, 4, 7)",I,C,E,C,820.5,278.0
6565,G,C,3,C,"(0, 4, 7)",I,C,E,C,820.625,278.0
6566,G,C,3,C,"(0, 4, 7)",I,C,E,C,820.75,278.0
6567,G,C,3,C,"(0, 4, 7)",I,C,E,C,820.875,278.0
6568,G,C,4,C,"(0, 4, 7)",I,C,G,C,821.0,278.0
6569,G,C,4,C,"(0, 4, 7)",I,C,G,C,821.125,278.0
6570,G,C,2,C,"(0, 4, 7)",I,C,G,C,821.25,278.0
6571,G,C,2,C,"(0, 4, 7)",I,C,G,C,821.375,278.0
6572,G,E,4,C,"(0, 4, 7)",I,C,G,C,821.5,278.0
6573,G,E,4,C,"(0, 4, 7)",I,C,G,G,821.625,278.0
6574,G,E,4,C,"(0, 4, 7)",I,C,G,C,821.75,278.0
6575,G,E,4,C,"(0, 4, 7)",I,C,E,G,821.875,278.0
6576,B,D,0,C,"(2, 7, 11)",V,G,G,G,822.0,279.0
6577,B,D,1,C,"(2, 7, 11)",V,G,G,G,822.125,279.0
6578,B,D,2,C,"(2, 7, 11)",V,G,G,G,822.25,279.0
6579,B,D,2,C,"(2, 7, 11)",V,G,G,G,822.375,279.0
6580,B,D,3,C,"(2, 7, 11)",V,G,G,G,822.5,279.0
6581,B,D,3,C,"(2, 7, 11)",V,G,G,G,822.625,279.0
6582,B,D,3,C,"(2, 7, 11)",V,G,G,G,822.75,279.0
6583,B,D,3,C,"(2, 7, 11)",V,G,G,G,822.875,279.0
6584,A,D,0,C,"(2, 6, 9)",V,D,F#,G,823.0,279.0
6585,A,D,1,C,"(2, 6, 9)",V,D,F#,G,823.125,279.0
6586,A,D,2,C,"(2, 6, 9)",V,D,F#,G,823.25,279.0
6587,A,D,2,C,"(2, 6, 9)",V,D,F#,G,823.375,279.0
6588,A,D,3,C,"(2, 6, 9)",V,D,F#,G,823.5,279.0
6589,A,D,3,C,"(2, 6, 9)",V,D,F#,G,823.625,279.0
6590,A,D,3,C,"(2, 6, 9)",V,D,F#,G,823.75,279.0
6591,A,D,3,C,"(2, 6, 9)",V,D,F#,G,823.875,279.0
6592,D,G,0,C,"(2, 7, 11)",V,G,B,G,824.0,280.0
6593,D,G,1,C,"(2, 7, 11)",V,G,B,G,824.125,280.0
6594,D,G,2,C,"(2, 7, 11)",V,G,B,G,824.25,280.0
6595,D,G,2,C,"(2, 7, 11)",V,G,B,G,824.375,280.0
6596,D,G,3,C,"(2, 7, 11)",V,G,B,G,824.5,280.0
6597,D,G,3,C,"(2, 7, 11)",V,G,B,G,824.625,280.0
6598,D,G,3,C,"(2, 7, 11)",V,G,B,G,824.75,280.0
6599,D,G,3,C,"(2, 7, 11)",V,G,B,G,824.875,280.0
6600,D,G,4,C,"(2, 7, 11)",V,G,B,C,825.0,280.0
6601,D,G,4,C,"(2, 7, 11)",V,G,B,C,825.125,280.0
6602,D,G,4,C,"(2, 7, 11)",V,G,B,C,825.25,280.0
6603,D,G,4,C,"(2, 7, 11)",V,G,B,C,825.375,280.0
6604,D,G,4,C,"(2, 5, 7, 11)",V7,G,B,C,825.5,280.0
6605,D,G,4,C,"(2, 5, 7, 11)",V7,G,B,C,825.625,280.0
6606,D,G,4,C,"(2, 5, 7, 11)",V7,G,B,C,825.75,280.0
6607,D,G,4,C,"(2, 5, 7, 11)",V7,G,B,C,825.875,280.0
6608,G,C,0,C,"(0, 4, 7)",I,C,E,C,826.0,281.0
6609,G,C,1,C,"(0, 4, 7)",I,C,E,C,826.125,281.0
6610,G,C,2,C,"(0, 4, 7)",I,C,E,C,826.25,281.0
6611,G,C,2,C,"(0, 4, 7)",I,C,E,C,826.375,281.0
6612,G,C,3,C,"(0, 4, 7)",I,C,E,C,826.5,281.0
6613,G,C,3,C,"(0, 4, 7)",I,C,E,C,826.625,281.0
6614,G,C,3,C,"(0, 4, 7)",I,C,E,C,826.75,281.0
6615,G,C,3,C,"(0, 4, 7)",I,C,E,C,826.875,281.0
6616,G,C,4,C,"(0, 4, 7)",I,C,E,C,827.0,281.0
6617,G,C,4,C,"(0, 4, 7)",I,C,E,C,827.125,281.0
6618,G,C,4,C,"(0, 4, 7)",I,C,E,C,827.25,281.0
6619,G,C,4,C,"(0, 4, 7)",I,C,E,C,827.375,281.0
6620,G,C,4,C,"(0, 4, 7)",I,C,E,C,827.5,281.0
6621,G,C,4,C,"(0, 4, 7)",I,C,E,C,827.625,281.0
6622,G,C,4,C,"(0, 4, 7)",I,C,E,C,827.75,281.0
6623,G,C,4,C,"(0, 4, 7)",I,C,E,C,827.875,281.0
6624,A,C,0,C,"(0, 5, 9)",IV,F,F,C,828.0,282.0
6625,A,C,1,C,"(0, 5, 9)",IV,F,F,C,828.125,282.0
6626,A,C,2,C,"(0, 5, 9)",IV,F,F,C,828.25,282.0
6627,A,C,2,C,"(0, 5, 9)",IV,F,F,C,828.375,282.0
6628,A,C,3,C,"(0, 5, 9)",IV,F,F,C,828.5,282.0
6629,A,C,3,C,"(0, 5, 9)",IV,F,F,C,828.625,282.0
6630,A,C,3,C,"(0, 5, 9)",IV,F,F,C,828.75,282.0
6631,A,C,3,C,"(0, 5, 9)",IV,F,F,C,828.875,282.0
6632,G,C,0,C,"(0, 4, 7)",I,C,E,C,829.0,282.0
6633,G,C,1,C,"(0, 4, 7)",I,C,E,C,829.125,282.0
6634,G,C,2,C,"(0, 4, 7)",I,C,E,C,829.25,282.0
6635,G,C,2,C,"(0, 4, 7)",I,C,E,C,829.375,282.0
6636,G,C,3,C,"(0, 4, 7)",I,C,E,C,829.5,282.0
6637,G,C,3,C,"(0, 4, 7)",I,C,E,C,829.625,282.0
6638,G,C,3,C,"(0, 4, 7)",I,C,E,C,829.75,282.0
6639,G,C,3,C,"(0, 4, 7)",I,C,E,C,829.875,282.0
6640,G,C,0,C,"(0, 4, 7)",I,C,E,C,830.0,283.0
6641,G,C,1,C,"(0, 4, 7)",I,C,E,C,830.125,283.0
6642,G,C,2,C,"(0, 4, 7)",I,C,E,C,830.25,283.0
6643,G,C,2,C,"(0, 4, 7)",I,C,E,C,830.375,283.0
6644,G,C,3,C,"(0, 4, 7)",I,C,E,C,830.5,283.0
6645,G,C,3,C,"(0, 4, 7)",I,C,E,C,830.625,283.0
6646,G,C,3,C,"(0, 4, 7)",I,C,E,C,830.75,283.0
6647,G,C,3,C,"(0, 4, 7)",I,C,E,C,830.875,283.0
6648,D,D,0,C,"(2, 5, 7, 11)",V7,F,D,C,831.0,283.0
6649,D,F,1,C,"(2, 5, 7, 11)",V7,F,D,C,831.125,283.0
6650,D,D,2,C,"(2, 5, 7, 11)",V7,F,D,C,831.25,283.0
6651,D,D,2,C,"(2, 5, 7, 11)",V7,F,D,C,831.375,283.0
6652,D,D,3,C,"(2, 5, 7, 11)",V7,F,D,C,831.5,283.0
6653,D,B,3,C,"(2, 5, 7, 11)",V7,F,D,C,831.625,283.0
6654,D,B,3,C,"(2, 5, 7, 11)",V7,F,D,C,831.75,283.0
6655,D,B,3,C,"(2, 5, 7, 11)",V7,F,D,C,831.875,283.0
6656,G,C,0,C,"(0, 4, 7)",I,C,E,C,832.0,284.0
6657,G,C,1,C,"(0, 4, 7)",I,C,E,C,832.125,284.0
6658,G,C,2,C,"(0, 4, 7)",I,C,E,C,832.25,284.0
6659,G,C,2,C,"(0, 4, 7)",I,C,E,C,832.375,284.0
6660,G,C,3,C,"(0, 4, 7)",I,C,E,C,832.5,284.0
6661,G,C,3,C,"(0, 4, 7)",I,C,E,C,832.625,284.0
6662,G,C,3,C,"(0, 4, 7)",I,C,E,C,832.75,284.0
6663,G,C,3,C,"(0, 4, 7)",I,C,E,C,832.875,284.0
6664,G,C,4,C,"(0, 4, 7)",I,C,E,C,833.0,284.0
6665,G,C,4,C,"(0, 4, 7)",I,C,E,C,833.125,284.0
6666,G,C,4,C,"(0, 4, 7)",I,C,E,C,833.25,284.0
6667,G,C,4,C,"(0, 4, 7)",I,C,E,C,833.375,284.0
6668,G,C,4,C,"(0, 4, 7)",I,C,E,C,833.5,284.0
6669,G,C,4,C,"(0, 4, 7)",I,C,E,C,833.625,284.0
6670,G,C,4,C,"(0, 4, 7)",I,C,E,C,833.75,284.0
6671,G,C,4,C,"(0, 4, 7)",I,C,E,C,833.875,284.0
6672,G,B,0,C,"(2, 7, 11)",V,G,D,C,834.0,285.0
6673,G,B,1,C,"(2, 7, 11)",V,G,D,C,834.125,285.0
6674,G,B,2,C,"(2, 7, 11)",V,G,D,C,834.25,285.0
6675,G,B,2,C,"(2, 7, 11)",V,G,D,C,834.375,285.0
6676,G,B,3,C,"(2, 7, 11)",V,G,D,C,834.5,285.0
6677,G,B,3,C,"(2, 7, 11)",V,G,D,C,834.625,285.0
6678,G,B,3,C,"(2, 7, 11)",V,G,D,C,834.75,285.0
6679,G,B,3,C,"(2, 7, 11)",V,G,D,C,834.875,285.0
6680,G,C,0,C,"(0, 4, 7)",I,C,E,C,835.0,285.0
6681,G,C,1,C,"(0, 4, 7)",I,C,E,C,835.125,285.0
6682,G,C,2,C,"(0, 4, 7)",I,C,E,C,835.25,285.0
6683,G,C,2,C,"(0, 4, 7)",I,C,E,C,835.375,285.0
6684,G,C,3,C,"(0, 4, 7)",I,C,E,C,835.5,285.0
6685,G,C,3,C,"(0, 4, 7)",I,C,E,C,835.625,285.0
6686,G,C,3,C,"(0, 4, 7)",I,C,E,C,835.75,285.0
6687,G,C,3,C,"(0, 4, 7)",I,C,E,C,835.875,285.0
6688,F,A,0,C,"(0, 5, 9)",IV,F,C,C,836.0,286.0
6689,F,A,1,C,"(0, 5, 9)",IV,F,C,C,836.125,286.0
6690,F,A,2,C,"(0, 5, 9)",IV,F,C,C,836.25,286.0
6691,F,A,2,C,"(0, 5, 9)",IV,F,C,C,836.375,286.0
6692,F,A,3,C,"(0, 5, 9)",IV,F,C,C,836.5,286.0
6693,F,A,3,C,"(0, 5, 9)",IV,F,C,C,836.625,286.0
6694,F,A,3,C,"(0, 5, 9)",IV,F,C,C,836.75,286.0
6695,F,A,3,C,"(0, 5, 9)",IV,F,C,C,836.875,286.0
6696,C,E,0,C,"(0, 4, 7)",I,C,G,C,837.0,286.0
6697,C,E,1,C,"(0, 4, 7)",I,C,G,C,837.125,286.0
6698,C,E,2,C,"(0, 4, 7)",I,C,G,C,837.25,286.0
6699,C,E,2,C,"(0, 4, 7)",I,C,G,C,837.375,286.0
6700,C,E,3,C,"(0, 4, 7)",I,C,G,C,837.5,286.0
6701,C,E,3,C,"(0, 4, 7)",I,C,G,C,837.625,286.0
6702,C,E,3,C,"(0, 4, 7)",I,C,G,C,837.75,286.0
6703,C,E,3,C,"(0, 4, 7)",I,C,G,C,837.875,286.0
6704,C,F,0,C,"(0, 5, 9)",IV,F,A,C,838.0,287.0
6705,C,F,1,C,"(0, 5, 9)",IV,F,A,C,838.125,287.0
6706,C,F,2,C,"(0, 5, 9)",IV,F,A,C,838.25,287.0
6707,C,F,2,C,"(0, 5, 9)",IV,F,A,C,838.375,287.0
6708,C,F,3,C,"(0, 5, 9)",IV,F,A,C,838.5,287.0
6709,C,F,3,C,"(0, 5, 9)",IV,F,A,C,838.625,287.0
6710,C,F,3,C,"(0, 5, 9)",IV,F,A,C,838.75,287.0
6711,C,F,3,C,"(0, 5, 9)",IV,F,A,C,838.875,287.0
6712,A,D,0,C,"(2, 5, 9)",ii,D,F,C,839.0,287.0
6713,A,D,1,C,"(2, 5, 9)",ii,D,F,C,839.125,287.0
6714,A,D,2,C,"(2, 5, 9)",ii,D,F,C,839.25,287.0
6715,A,D,2,C,"(2, 5, 9)",ii,D,F,C,839.375,287.0
6716,A,D,3,C,"(2, 5, 9)",ii,D,F,C,839.5,287.0
6717,A,D,3,C,"(2, 5, 9)",ii,D,F,C,839.625,287.0
6718,A,D,3,C,"(2, 5, 9)",ii,D,F,C,839.75,287.0
6719,A,D,3,C,"(2, 5, 9)",ii,D,F,C,839.875,287.0
6720,D,G,0,C,"(2, 7, 11)",V,G,B,C,840.0,288.0
6721,D,G,1,C,"(2, 7, 11)",V,G,B,C,840.125,288.0
6722,D,G,2,C,"(2, 7, 11)",V,G,B,C,840.25,288.0
6723,D,G,2,C,"(2, 7, 11)",V,G,B,C,840.375,288.0
6724,D,G,3,C,"(2, 7, 11)",V,G,B,C,840.5,288.0
6725,D,G,3,C,"(2, 7, 11)",V,G,B,C,840.625,288.0
6726,D,G,3,C,"(2, 7, 11)",V,G,B,C,840.75,288.0
6727,D,G,3,C,"(2, 7, 11)",V,G,B,C,840.875,288.0
6728,D,G,4,C,"(2, 7, 11)",V,G,B,C,841.0,288.0
6729,D,G,4,C,"(2, 7, 11)",I,G,B,C,841.125,288.0
6730,D,G,4,C,"(2, 7, 11)",I,G,B,C,841.25,288.0
6731,D,G,4,C,"(2, 7, 11)",I,G,B,C,841.375,288.0
6732,D,G,4,C,"(2, 7, 11)",I,G,B,G,841.5,288.0
6733,D,G,4,C,"(2, 7, 11)",I,G,B,G,841.625,288.0
6734,D,G,4,C,"(2, 7, 11)",I,G,B,G,841.75,288.0
6735,D,G,4,C,"(2, 7, 11)",I,G,B,G,841.875,288.0
6736,D,G,0,C,"(2, 7, 11)",I,G,B,C,842.0,289.0
6737,D,G,1,C,"(2, 7, 11)",I,G,B,C,842.125,289.0
6738,D,G,2,C,"(2, 7, 11)",I,G,B,C,842.25,289.0
6739,D,G,2,C,"(2, 7, 11)",I,G,B,C,842.375,289.0
6740,D,G,3,C,"(2, 7, 11)",I,G,B,C,842.5,289.0
6741,D,G,3,C,"(2, 7, 11)",I,G,B,C,842.625,289.0
6742,D,G,3,C,"(2, 7, 11)",I,G,B,C,842.75,289.0
6743,D,G,3,C,"(2, 7, 11)",I,G,B,C,842.875,289.0
6744,D,G,4,C,"(2, 7, 11)",I,G,B,C,843.0,289.0
6745,D,G,4,C,"(2, 7, 11)",I,G,B,C,843.125,289.0
6746,D,G,4,C,"(2, 7, 11)",I,G,B,C,843.25,289.0
6747,D,G,4,C,"(2, 7, 11)",I,G,B,C,843.375,289.0
6748,D,G,4,C,"(2, 7, 11)",I,G,B,C,843.5,289.0
6749,D,G,4,C,"(2, 7, 11)",I,G,B,C,843.625,289.0
6750,D,G,4,C,"(2, 7, 11)",I,G,B,C,843.75,289.0
6751,D,G,4,C,"(2, 7, 11)",I,G,B,C,843.875,289.0
6752,E,A,0,C,"(0, 4, 9)",vi,G,C,G,844.0,290.0
6753,E,A,1,C,"(0, 4, 9)",ii,A,C,G,844.125,290.0
6754,E,A,2,C,"(0, 4, 9)",vi,A,C,C,844.25,290.0
6755,E,A,2,C,"(0, 4, 9)",vi,A,C,C,844.375,290.0
6756,E,A,3,C,"(0, 4, 9)",vi,G,C,C,844.5,290.0
6757,E,A,3,C,"(0, 4, 9)",vi,C,C,C,844.625,290.0
6758,E,A,3,C,"(0, 4, 9)",vi,C,C,C,844.75,290.0
6759,E,A,3,C,"(0, 4, 9)",vi,C,C,C,844.875,290.0
6760,E,A,4,C,"(0, 4, 9)",vi,C,C,G,845.0,290.0
6761,E,A,4,C,"(0, 4, 9)",vi,C,C,G,845.125,290.0
6762,E,A,4,C,"(0, 4, 9)",vi,C,C,G,845.25,290.0
6763,E,A,4,C,"(0, 4, 9)",vi,C,C,G,845.375,290.0
6764,E,A,4,C,"(0, 4, 9)",vi,C,C,G,845.5,290.0
6765,E,A,4,C,"(0, 4, 9)",vi,C,C,G,845.625,290.0
6766,E,A,4,C,"(0, 4, 9)",vi,C,C,G,845.75,290.0
6767,E,A,4,C,"(0, 4, 9)",vi,C,C,G,845.875,290.0
6768,A,D,0,C,"(0, 2, 6, 9)",V7,C,F#,G,846.0,291.0
6769,A,D,1,C,"(0, 2, 6, 9)",V7,C,F#,G,846.125,291.0
6770,A,D,2,C,"(0, 2, 6, 9)",V7,C,F#,G,846.25,291.0
6771,A,D,2,C,"(0, 2, 6, 9)",V7,C,F#,G,846.375,291.0
6772,A,D,3,C,"(0, 2, 6, 9)",V7,C,F#,G,846.5,291.0
6773,A,D,3,C,"(0, 2, 6, 9)",V7,C,F#,G,846.625,291.0
6774,A,D,3,C,"(0, 2, 6, 9)",V7,C,F#,G,846.75,291.0
6775,A,D,3,C,"(0, 2, 6, 9)",V7,C,F#,G,846.875,291.0
6776,A,D,4,C,"(0, 2, 6, 9)",V7,C,F#,G,847.0,291.0
6777,A,D,4,C,"(0, 2, 6, 9)",V7,C,F#,G,847.125,291.0
6778,A,D,4,C,"(0, 2, 6, 9)",V7,C,F#,G,847.25,291.0
6779,A,D,4,C,"(0, 2, 6, 9)",V7,C,F#,G,847.375,291.0
6780,A,D,4,C,"(0, 2, 6, 9)",V7,C,F#,G,847.5,291.0
6781,A,D,4,C,"(0, 2, 6, 9)",V7,C,F#,G,847.625,291.0
6782,A,D,4,C,"(0, 2, 6, 9)",V7,C,F#,G,847.75,291.0
6783,A,D,4,C,"(0, 2, 6, 9)",V7,C,F#,G,847.875,291.0
6784,A,D,0,C,"(0, 2, 6, 9)",V7,D,F#,G,848.0,292.0
6785,A,D,1,C,"(0, 2, 6, 9)",V7,D,F#,G,848.125,292.0
6786,A,D,2,C,"(0, 2, 6, 9)",V7,D,F#,G,848.25,292.0
6787,A,D,2,C,"(0, 2, 6, 9)",V7,D,F#,G,848.375,292.0
6788,A,D,3,C,"(0, 2, 6, 9)",V7,D,F#,G,848.5,292.0
6789,A,D,3,C,"(0, 2, 6, 9)",V7,D,F#,G,848.625,292.0
6790,A,D,3,C,"(0, 2, 6, 9)",V7,D,F#,G,848.75,292.0
6791,A,D,3,C,"(0, 2, 6, 9)",V7,D,F#,G,848.875,292.0
6792,A,D,4,C,"(0, 2, 6, 9)",V7,D,F#,G,849.0,292.0
6793,A,D,4,C,"(0, 2, 6, 9)",V7,D,F#,G,849.125,292.0
6794,A,D,4,C,"(0, 2, 6, 9)",V7,D,F#,G,849.25,292.0
6795,A,D,4,C,"(0, 2, 6, 9)",V7,D,F#,G,849.375,292.0
6796,A,D,4,C,"(0, 2, 6, 9)",V7,D,F#,G,849.5,292.0
6797,A,D,4,C,"(0, 2, 6, 9)",V7,D,F#,G,849.625,292.0
6798,A,D,4,C,"(0, 2, 6, 9)",V7,D,F#,G,849.75,292.0
6799,A,D,4,C,"(0, 2, 6, 9)",V7,D,F#,G,849.875,292.0
6800,D,G,0,C,"(2, 7, 11)",V7,G,B,C,850.0,293.0
6801,D,G,1,C,"(2, 7, 11)",V7,G,B,C,850.125,293.0
6802,D,G,2,C,"(2, 7, 11)",V7,G,B,C,850.25,293.0
6803,D,G,2,C,"(2, 7, 11)",V7,G,B,C,850.375,293.0
6804,D,G,3,C,"(2, 7, 11)",V7,G,B,C,850.5,293.0
6805,D,G,3,C,"(2, 7, 11)",V7,G,B,C,850.625,293.0
6806,D,G,3,C,"(2, 7, 11)",V7,G,B,C,850.75,293.0
6807,D,G,3,C,"(2, 7, 11)",V7,G,B,C,850.875,293.0
6808,B,F,4,C,"(2, 5, 7, 11)",V7,F,B,C,851.0,293.0
6809,B,F,4,C,"(2, 5, 7, 11)",V7,F,B,C,851.125,293.0
6810,B,F,4,C,"(2, 5, 7, 11)",V7,F,B,C,851.25,293.0
6811,B,F,4,C,"(2, 5, 7, 11)",V7,F,B,C,851.375,293.0
6812,B,F,4,C,"(2, 5, 7, 11)",V7,F,B,C,851.5,293.0
6813,B,F,4,C,"(2, 5, 7, 11)",V7,F,B,C,851.625,293.0
6814,B,F,4,C,"(2, 5, 7, 11)",V7,F,B,C,851.75,293.0
6815,B,F,4,C,"(2, 5, 7, 11)",V7,F,B,C,851.875,293.0
6816,C,E,0,C,"(0, 4, 7)",I,C,G,C,852.0,294.0
6817,C,E,1,C,"(0, 4, 7)",I,C,G,C,852.125,294.0
6818,C,E,2,C,"(0, 4, 7)",I,C,G,C,852.25,294.0
6819,C,E,2,C,"(0, 4, 7)",I,C,G,C,852.375,294.0
6820,C,C,3,C,"(0, 4, 7)",I,C,G,C,852.5,294.0
6821,C,C,3,C,"(0, 4, 7)",I,C,G,C,852.625,294.0
6822,C,C,3,C,"(0, 4, 7)",I,C,G,C,852.75,294.0
6823,C,C,3,C,"(0, 4, 7)",I,C,G,C,852.875,294.0
6824,G,C,4,C,"(0, 4, 7)",I,C,E,C,853.0,294.0
6825,G,C,4,C,"(0, 4, 7)",I,C,E,C,853.125,294.0
6826,G,C,4,C,"(0, 4, 7)",I,C,E,C,853.25,294.0
6827,G,C,4,C,"(0, 4, 7)",I,C,E,C,853.375,294.0
6828,G,C,4,C,"(0, 4, 7)",I,C,E,C,853.5,294.0
6829,G,C,4,C,"(0, 4, 7)",I,C,E,C,853.625,294.0
6830,G,C,4,C,"(0, 4, 7)",I,C,E,C,853.75,294.0
6831,G,C,4,C,"(0, 4, 7)",I,C,E,C,853.875,294.0
6832,A,D,0,C,"(0, 2, 6, 9)",V7,D,F#,G,854.0,295.0
6833,A,D,1,C,"(0, 2, 6, 9)",V7,D,F#,G,854.125,295.0
6834,A,D,2,C,"(0, 2, 6, 9)",V7,D,F#,G,854.25,295.0
6835,A,D,2,C,"(0, 2, 6, 9)",V7,D,F#,G,854.375,295.0
6836,A,D,3,C,"(0, 2, 6, 9)",V7,D,F#,G,854.5,295.0
6837,A,D,3,C,"(0, 2, 6, 9)",V7,D,F#,G,854.625,295.0
6838,A,D,3,C,"(0, 2, 6, 9)",V7,C,F#,G,854.75,295.0
6839,A,D,3,C,"(0, 2, 6, 9)",V7,C,F#,G,854.875,295.0
6840,A,D,4,C,"(0, 2, 6, 9)",V7,C,F#,G,855.0,295.0
6841,A,D,4,C,"(0, 2, 6, 9)",V7,C,F#,G,855.125,295.0
6842,A,D,4,C,"(0, 2, 6, 9)",V7,C,F#,G,855.25,295.0
6843,A,D,2,C,"(0, 2, 6, 9)",V7,C,F#,G,855.375,295.0
6844,A,D,3,C,"(0, 2, 6, 9)",V7,C,F#,G,855.5,295.0
6845,A,D,3,C,"(0, 2, 6, 9)",V7,C,F#,G,855.625,295.0
6846,A,D,3,C,"(0, 2, 6, 9)",V7,C,F#,G,855.75,295.0
6847,A,D,3,C,"(0, 2, 6, 9)",V7,C,F#,G,855.875,295.0
6848,D,G,0,C,"(2, 7, 11)",V,G,B,G,856.0,296.0
6849,D,G,1,C,"(2, 7, 11)",V,G,B,G,856.125,296.0
6850,D,G,2,C,"(2, 7, 11)",V,G,B,G,856.25,296.0
6851,D,G,2,C,"(2, 7, 11)",V,G,B,G,856.375,296.0
6852,D,G,3,C,"(2, 7, 11)",V,G,B,G,856.5,296.0
6853,D,G,3,C,"(2, 7, 11)",V,G,B,G,856.625,296.0
6854,D,G,3,C,"(2, 7, 11)",V,G,B,G,856.75,296.0
6855,D,G,3,C,"(2, 7, 11)",V,G,B,G,856.875,296.0
6856,D,G,4,C,"(2, 7, 11)",V,G,B,G,857.0,296.0
6857,D,G,4,C,"(2, 7, 11)",V,G,B,G,857.125,296.0
6858,D,G,4,C,"(2, 7, 11)",V,G,B,G,857.25,296.0
6859,D,G,4,C,"(2, 7, 11)",V,G,B,G,857.375,296.0
6860,D,G,4,C,"(2, 7, 11)",V,G,B,C,857.5,296.0
6861,D,G,4,C,"(2, 7, 11)",V,G,B,C,857.625,296.0
6862,D,G,4,C,"(2, 7, 11)",V,G,B,C,857.75,296.0
6863,D,G,4,C,"(2, 7, 11)",V,G,B,C,857.875,296.0
6864,D,G,0,C,"(2, 7, 11)",V,G,B,C,858.0,297.0
6865,D,G,1,C,"(2, 7, 11)",V,G,B,C,858.125,297.0
6866,D,G,2,C,"(2, 7, 11)",V,G,B,C,858.25,297.0
6867,D,G,2,C,"(2, 7, 11)",V,G,B,C,858.375,297.0
6868,D,G,3,C,"(2, 7, 11)",V,G,B,C,858.5,297.0
6869,D,G,3,C,"(2, 7, 11)",V,G,B,C,858.625,297.0
6870,D,G,3,C,"(2, 7, 11)",V,G,B,C,858.75,297.0
6871,D,G,3,C,"(2, 7, 11)",V,G,B,C,858.875,297.0
6872,B,E,0,C,"(1, 4, 7)",viio,C#,G,d,859.0,297.0
6873,B,E,1,C,"(1, 4, 7)",viio,C#,G,d,859.125,297.0
6874,B,E,2,C,"(1, 4, 7)",viio,C#,G,d,859.25,297.0
6875,B,E,2,C,"(1, 4, 7)",viio,C#,G,d,859.375,297.0
6876,B,D,0,C,"(2, 7, 11)",V,G,G,C,859.5,297.0
6877,B,D,1,C,"(2, 7, 11)",V,G,G,C,859.625,297.0
6878,B,D,3,C,"(2, 7, 11)",V,G,G,C,859.75,297.0
6879,B,D,3,C,"(2, 7, 11)",V,G,G,C,859.875,297.0
6880,G,C#,0,C,"(1, 4, 7, 9)",V7,G,E,d,860.0,298.0
6881,G,C#,1,C,"(1, 4, 7, 9)",V7,G,E,d,860.125,298.0
6882,E,C#,2,C,"(1, 4, 7, 9)",V7,G,E,d,860.25,298.0
6883,E,C#,2,C,"(1, 4, 7, 9)",V7,G,E,d,860.375,298.0
6884,E,A,3,C,"(1, 4, 7, 9)",V7,G,C#,d,860.5,298.0
6885,E,A,3,C,"(1, 4, 7, 9)",V7,G,C#,d,860.625,298.0
6886,E,A,3,C,"(1, 4, 7, 9)",V7,G,C#,d,860.75,298.0
6887,E,A,3,C,"(1, 4, 7, 9)",V7,G,C#,d,860.875,298.0
6888,E,A,4,C,"(1, 4, 7, 9)",V7,G,C#,d,861.0,298.0
6889,E,A,4,C,"(1, 4, 7, 9)",V7,G,C#,d,861.125,298.0
6890,E,A,4,C,"(1, 4, 7, 9)",V7,G,C#,d,861.25,298.0
6891,E,A,4,C,"(1, 4, 7, 9)",V7,G,C#,d,861.375,298.0
6892,E,A,4,C,"(1, 4, 7, 9)",V7,G,C#,d,861.5,298.0
6893,E,A,4,C,"(1, 4, 7, 9)",V7,G,C#,d,861.625,298.0
6894,E,A,4,C,"(1, 4, 7, 9)",V7,G,C#,d,861.75,298.0
6895,E,A,4,C,"(1, 4, 7, 9)",V7,G,C#,d,861.875,298.0
6896,E,A,0,C,"(1, 4, 7, 9)",V7,D,C#,C,862.0,299.0
6897,E,A,1,C,"(1, 4, 7, 9)",V7,D,C#,C,862.125,299.0
6898,E,A,2,C,"(1, 4, 7, 9)",V7,D,C#,C,862.25,299.0
6899,E,A,2,C,"(1, 4, 7, 9)",V7,D,C#,C,862.375,299.0
6900,A,D,3,C,"(1, 4, 7, 9)",V7,D,C#,C,862.5,299.0
6901,A,D,3,C,"(1, 4, 7, 9)",V7,D,C#,C,862.625,299.0
6902,A,D,3,C,"(1, 4, 7, 9)",V7,D,C#,C,862.75,299.0
6903,A,D,3,C,"(1, 4, 7, 9)",V7,D,C#,C,862.875,299.0
6904,A,D,4,C,"(1, 4, 7, 9)",V7,D,C#,C,863.0,299.0
6905,A,D,4,C,"(1, 4, 7, 9)",V7,D,C#,C,863.125,299.0
6906,A,D,4,C,"(1, 4, 7, 9)",V7,D,C#,C,863.25,299.0
6907,A,D,4,C,"(1, 4, 7, 9)",V7,D,C#,C,863.375,299.0
6908,A,A,4,C,"(1, 4, 7, 9)",V7,D,C#,d,863.5,299.0
6909,A,A,4,C,"(1, 4, 7, 9)",V7,D,C#,d,863.625,299.0
6910,A,A,4,C,"(1, 4, 7, 9)",V7,D,C#,d,863.75,299.0
6911,A,A,4,C,"(1, 4, 7, 9)",V7,D,C#,d,863.875,299.0
6912,D,D,0,C,"(2, 5, 9)",ii,D,F,C,864.0,300.0
6913,D,D,1,C,"(2, 5, 9)",ii,D,F,C,864.125,300.0
6914,D,D,2,C,"(2, 5, 9)",ii,D,F,C,864.25,300.0
6915,D,D,2,C,"(2, 5, 9)",ii,D,F,C,864.375,300.0
6916,D,D,3,C,"(2, 5, 9)",ii,F,F,C,864.5,300.0
6917,D,D,3,C,"(2, 5, 9)",ii,F,F,C,864.625,300.0
6918,D,D,3,C,"(2, 5, 9)",ii,F,F,C,864.75,300.0
6919,D,D,3,C,"(2, 5, 9)",ii,F,F,C,864.875,300.0
6920,D,D,4,C,"(2, 5, 9)",ii,F,F,C,865.0,300.0
6921,D,D,4,C,"(2, 5, 9)",ii,F,F,C,865.125,300.0
6922,D,D,4,C,"(2, 5, 9)",ii,F,F,C,865.25,300.0
6923,D,D,4,C,"(2, 5, 9)",ii,F,F,C,865.375,300.0
6924,D,D,4,C,"(2, 5, 9)",ii,F,F,C,865.5,300.0
6925,D,D,4,C,"(2, 5, 9)",ii,F,F,C,865.625,300.0
6926,D,D,4,C,"(2, 5, 9)",ii,F,F,C,865.75,300.0
6927,D,D,4,C,"(2, 5, 9)",ii,F,F,C,865.875,300.0
6928,D,F,0,C,"(2, 5, 9)",ii,F,F,C,866.0,301.0
6929,D,F,1,C,"(2, 5, 9)",ii,F,F,C,866.125,301.0
6930,D,F,2,C,"(2, 5, 9)",ii,F,F,C,866.25,301.0
6931,D,F,2,C,"(2, 5, 9)",ii,F,F,C,866.375,301.0
6932,D,F,3,C,"(2, 5, 9)",V7,F,F,C,866.5,301.0
6933,D,F,3,C,"(2, 5, 9)",V7,F,F,C,866.625,301.0
6934,D,F,3,C,"(2, 5, 9)",V7,F,F,C,866.75,301.0
6935,D,F,3,C,"(2, 5, 9)",V7,F,F,C,866.875,301.0
6936,D,D,4,C,"(2, 5, 11)",viio,B,F,C,867.0,301.0
6937,F,D,4,C,"(2, 5, 11)",viio,B,F,C,867.125,301.0
6938,F,D,4,C,"(2, 5, 11)",viio,B,F,C,867.25,301.0
6939,F,D,4,C,"(2, 5, 11)",viio,B,F,C,867.375,301.0
6940,F,D,4,C,"(2, 5, 11)",viio,F,F,C,867.5,301.0
6941,F,D,4,C,"(2, 5, 11)",viio,F,F,C,867.625,301.0
6942,F,D,4,C,"(2, 5, 11)",viio,F,F,C,867.75,301.0
6943,F,D,4,C,"(2, 5, 11)",viio,F,F,C,867.875,301.0
6944,F,B,0,C,"(2, 5, 7, 11)",V7,F,D,C,868.0,302.0
6945,F,B,1,C,"(2, 5, 7, 11)",V7,F,D,C,868.125,302.0
6946,F,B,2,C,"(2, 5, 7, 11)",V7,F,D,C,868.25,302.0
6947,F,B,2,C,"(2, 5, 7, 11)",V7,F,D,C,868.375,302.0
6948,F,B,3,C,"(2, 5, 7, 11)",V7,F,D,C,868.5,302.0
6949,F,B,3,C,"(2, 5, 7, 11)",V7,F,D,C,868.625,302.0
6950,F,B,3,C,"(2, 5, 7, 11)",V7,F,D,C,868.75,302.0
6951,F,B,3,C,"(2, 5, 7, 11)",V7,F,D,C,868.875,302.0
6952,D,G,0,C,"(2, 5, 7, 11)",V7,F,B,C,869.0,302.0
6953,D,G,1,C,"(2, 5, 7, 11)",V7,F,B,C,869.125,302.0
6954,D,G,2,C,"(2, 5, 7, 11)",V7,F,B,C,869.25,302.0
6955,D,G,2,C,"(2, 5, 7, 11)",V7,F,B,C,869.375,302.0
6956,F,B,3,C,"(2, 5, 7, 11)",V7,F,B,C,869.5,302.0
6957,F,B,3,C,"(2, 5, 7, 11)",V7,F,D,C,869.625,302.0
6958,F,B,3,C,"(2, 5, 7, 11)",V7,F,D,C,869.75,302.0
6959,F,B,3,C,"(2, 5, 7, 11)",V7,F,D,C,869.875,302.0
6960,G,C,0,C,"(0, 4, 7)",I,C,E,C,870.0,303.0
6961,G,C,1,C,"(0, 4, 7)",I,C,E,C,870.125,303.0
6962,G,C,2,C,"(0, 4, 7)",I,C,E,C,870.25,303.0
6963,G,C,2,C,"(0, 4, 7)",I,C,E,C,870.375,303.0
6964,G,C,3,C,"(0, 4, 7)",I,C,E,C,870.5,303.0
6965,G,C,3,C,"(0, 4, 7)",I,C,E,C,870.625,303.0
6966,G,C,3,C,"(0, 4, 7)",I,C,E,C,870.75,303.0
6967,G,C,3,C,"(0, 4, 7)",I,C,E,C,870.875,303.0
6968,G,C,0,C,"(0, 4, 7)",I,C,E,C,871.0,303.0
6969,G,C,1,C,"(0, 4, 7)",I,C,E,C,871.125,303.0
6970,G,C,2,C,"(0, 4, 7)",I,C,E,C,871.25,303.0
6971,G,C,2,C,"(0, 4, 7)",I,C,E,C,871.375,303.0
6972,G,C,3,C,"(0, 4, 7)",I,C,E,C,871.5,303.0
6973,G,C,3,C,"(0, 4, 7)",I,C,E,C,871.625,303.0
6974,G,C,3,C,"(0, 4, 7)",I,C,E,C,871.75,303.0
6975,G,C,3,C,"(0, 4, 7)",I,C,E,C,871.875,303.0
6976,D,G,0,C,"(2, 7, 11)",V,G,B,C,872.0,304.0
6977,D,G,1,C,"(2, 7, 11)",V,G,B,C,872.125,304.0
6978,D,G,2,C,"(2, 7, 11)",V,G,B,C,872.25,304.0
6979,D,G,2,C,"(2, 7, 11)",V,G,B,C,872.375,304.0
6980,D,G,3,C,"(2, 7, 11)",V,G,B,C,872.5,304.0
6981,D,G,3,C,"(2, 7, 11)",V,G,B,C,872.625,304.0
6982,D,G,3,C,"(2, 7, 11)",V,G,B,C,872.75,304.0
6983,D,G,3,C,"(2, 7, 11)",V,G,B,C,872.875,304.0
6984,D,G,4,C,"(2, 7, 11)",V,G,B,C,873.0,304.0
6985,D,G,4,C,"(2, 7, 11)",V,G,B,C,873.125,304.0
6986,D,G,4,C,"(2, 7, 11)",V,G,B,C,873.25,304.0
6987,D,G,4,C,"(2, 7, 11)",V,G,B,C,873.375,304.0
6988,D,G,4,C,"(2, 7, 11)",V,G,B,C,873.5,304.0
6989,D,G,4,C,"(2, 7, 11)",V,G,B,C,873.625,304.0
6990,D,G,4,C,"(2, 7, 11)",V,G,B,C,873.75,304.0
6991,D,G,4,C,"(2, 7, 11)",V,G,B,C,873.875,304.0
6992,G,C,0,C,"(0, 4, 7)",I,C,E,C,874.0,305.0
6993,G,C,1,C,"(0, 4, 7)",I,C,E,C,874.125,305.0
6994,G,C,2,C,"(0, 4, 7)",I,C,E,C,874.25,305.0
6995,G,C,2,C,"(0, 4, 7)",I,C,E,C,874.375,305.0
6996,G,C,3,C,"(0, 4, 7)",I,C,E,C,874.5,305.0
6997,G,C,3,C,"(0, 4, 7)",I,C,E,C,874.625,305.0
6998,G,C,3,C,"(0, 4, 7)",I,C,E,C,874.75,305.0
6999,G,C,3,C,"(0, 4, 7)",I,C,E,C,874.875,305.0
7000,G,C,4,C,"(0, 4, 7)",I,C,E,C,875.0,305.0
7001,G,C,4,C,"(0, 4, 7)",I,C,E,C,875.125,305.0
7002,G,C,4,C,"(0, 4, 7)",I,C,E,C,875.25,305.0
7003,G,C,4,C,"(0, 4, 7)",I,C,E,C,875.375,305.0
7004,G,C,4,C,"(0, 4, 7)",I,C,E,C,875.5,305.0
7005,G,C,4,C,"(0, 4, 7)",I,C,E,C,875.625,305.0
7006,G,C,4,C,"(0, 4, 7)",I,C,E,C,875.75,305.0
7007,G,C,4,C,"(0, 4, 7)",I,C,E,C,875.875,305.0
7008,A,C,0,C,"(0, 5, 9)",IV,F,F,C,876.0,306.0
7009,A,C,1,C,"(0, 5, 9)",IV,F,F,C,876.125,306.0
7010,A,C,2,C,"(0, 5, 9)",IV,F,F,C,876.25,306.0
7011,A,C,2,C,"(0, 5, 9)",IV,F,F,C,876.375,306.0
7012,A,C,3,C,"(0, 5, 9)",IV,F,F,C,876.5,306.0
7013,A,C,3,C,"(0, 5, 9)",IV,F,F,C,876.625,306.0
7014,A,C,3,C,"(0, 5, 9)",IV,F,F,C,876.75,306.0
7015,A,C,3,C,"(0, 5, 9)",IV,F,F,C,876.875,306.0
7016,G,C,4,C,"(0, 4, 7)",IV,C,E,C,877.0,306.0
7017,G,C,4,C,"(0, 4, 7)",IV,C,E,C,877.125,306.0
7018,G,C,4,C,"(0, 4, 7)",IV,C,E,C,877.25,306.0
7019,G,C,4,C,"(0, 4, 7)",IV,C,E,C,877.375,306.0
7020,G,C,0,C,"(0, 4, 7)",I,C,E,C,877.5,306.0
7021,G,C,1,C,"(0, 4, 7)",I,C,E,C,877.625,306.0
7022,G,C,4,C,"(0, 4, 7)",I,C,E,C,877.75,306.0
7023,G,C,2,C,"(0, 4, 7)",I,C,E,C,877.875,306.0
7024,D,G,0,C,"(0, 4, 7)",I,C,E,C,878.0,307.0
7025,D,G,1,C,"(0, 4, 7)",I,C,E,C,878.125,307.0
7026,D,G,2,C,"(0, 4, 7)",I,C,E,C,878.25,307.0
7027,D,G,2,C,"(0, 4, 7)",I,C,E,C,878.375,307.0
7028,D,G,3,C,"(0, 4, 7)",I,C,E,C,878.5,307.0
7029,D,G,3,C,"(0, 4, 7)",I,C,E,C,878.625,307.0
7030,D,G,3,C,"(0, 4, 7)",I,C,E,C,878.75,307.0
7031,D,G,3,C,"(0, 4, 7)",I,C,E,C,878.875,307.0
7032,D,G,0,C,"(2, 5, 7, 11)",IV,F,B,C,879.0,307.0
7033,D,F,1,C,"(2, 5, 7, 11)",IV,F,B,C,879.125,307.0
7034,D,F,2,C,"(2, 5, 7, 11)",IV,F,B,C,879.25,307.0
7035,D,F,2,C,"(2, 5, 7, 11)",IV,F,B,C,879.375,307.0
7036,D,F,4,C,"(2, 5, 7, 11)",IV,F,B,C,879.5,307.0
7037,D,F,3,C,"(2, 5, 7, 11)",IV,C,B,C,879.625,307.0
7038,D,F,4,C,"(2, 5, 7, 11)",IV,C,B,C,879.75,307.0
7039,D,C,3,C,"(0, 4, 7)",I,C,B,C,879.875,307.0
7040,C,C,0,C,"(0, 4, 7)",I,C,E,C,880.0,308.0
7041,C,C,1,C,"(0, 4, 7)",I,C,G,C,880.125,308.0
7042,C,C,2,C,"(0, 4, 7)",I,C,G,C,880.25,308.0
7043,C,C,2,C,"(0, 4, 7)",I,C,G,C,880.375,308.0
7044,C,C,3,C,"(0, 4, 7)",I,C,E,C,880.5,308.0
7045,C,C,3,C,"(0, 4, 7)",I,C,E,C,880.625,308.0
7046,C,C,3,C,"(0, 4, 7)",I,C,E,C,880.75,308.0
7047,C,C,3,C,"(0, 4, 7)",I,C,E,C,880.875,308.0
7048,C,E,4,C,"(0, 4, 7)",I,C,E,C,881.0,308.0
7049,C,E,4,C,"(0, 4, 7)",I,C,E,C,881.125,308.0
7050,C,E,4,C,"(0, 4, 7)",I,C,E,C,881.25,308.0
7051,C,E,4,C,"(0, 4, 7)",I,C,E,C,881.375,308.0
7052,C,E,4,C,"(0, 4, 7)",I,C,E,C,881.5,308.0
7053,C,E,4,C,"(0, 4, 7)",I,C,E,C,881.625,308.0
7054,C,E,4,C,"(0, 4, 7)",I,C,E,C,881.75,308.0
7055,C,E,4,C,"(0, 4, 7)",I,C,E,C,881.875,308.0
7056,D,B,0,C,"(2, 7, 11)",V,G,D,C,882.0,309.0
7057,D,B,1,C,"(2, 7, 11)",V,G,D,C,882.125,309.0
7058,D,B,2,C,"(2, 7, 11)",V,G,D,C,882.25,309.0
7059,D,B,2,C,"(2, 7, 11)",V,G,D,C,882.375,309.0
7060,D,G,3,C,"(2, 7, 11)",V,G,B,C,882.5,309.0
7061,D,G,3,C,"(2, 7, 11)",V,G,B,C,882.625,309.0
7062,D,G,3,C,"(2, 7, 11)",V,G,B,C,882.75,309.0
7063,D,G,3,C,"(2, 7, 11)",V,G,B,C,882.875,309.0
7064,G,C,0,C,"(0, 4, 7)",I,C,E,C,883.0,309.0
7065,G,C,1,C,"(0, 4, 7)",I,C,E,C,883.125,309.0
7066,G,C,2,C,"(0, 4, 7)",I,C,E,C,883.25,309.0
7067,G,C,2,C,"(0, 4, 7)",I,C,E,C,883.375,309.0
7068,G,C,3,C,"(0, 4, 7)",I,C,E,C,883.5,309.0
7069,G,C,3,C,"(0, 4, 7)",I,C,E,C,883.625,309.0
7070,G,C,3,C,"(0, 4, 7)",I,C,E,C,883.75,309.0
7071,G,C,3,C,"(0, 4, 7)",I,C,E,C,883.875,309.0
7072,F,A,0,C,"(0, 5, 9)",IV,F,C,C,884.0,310.0
7073,F,A,1,C,"(0, 5, 9)",IV,F,C,C,884.125,310.0
7074,F,A,2,C,"(0, 5, 9)",IV,F,C,C,884.25,310.0
7075,F,A,2,C,"(0, 5, 9)",IV,F,C,C,884.375,310.0
7076,F,A,3,C,"(0, 5, 9)",IV,F,C,C,884.5,310.0
7077,F,A,3,C,"(0, 5, 9)",IV,F,C,C,884.625,310.0
7078,F,A,3,C,"(0, 5, 9)",IV,F,C,C,884.75,310.0
7079,F,A,3,C,"(0, 5, 9)",IV,F,C,C,884.875,310.0
7080,E,G,0,C,"(0, 4, 7)",I,C,C,C,885.0,310.0
7081,E,G,1,C,"(0, 4, 7)",I,C,C,C,885.125,310.0
7082,E,G,2,C,"(0, 4, 7)",I,C,C,C,885.25,310.0
7083,E,G,2,C,"(0, 4, 7)",I,C,C,C,885.375,310.0
7084,E,G,3,C,"(0, 4, 7)",I,C,C,C,885.5,310.0
7085,E,G,3,C,"(0, 4, 7)",I,C,C,C,885.625,310.0
7086,E,G,3,C,"(0, 4, 7)",I,C,C,C,885.75,310.0
7087,E,G,3,C,"(0, 4, 7)",I,C,C,C,885.875,310.0
7088,C,F,0,C,"(0, 4, 7)",Cad,D,A,C,886.0,311.0
7089,C,F,1,C,"(0, 4, 7)",I,D,A,C,886.125,311.0
7090,C,F,2,C,"(0, 4, 7)",I,D,A,C,886.25,311.0
7091,C,F,2,C,"(0, 4, 7)",I,D,A,C,886.375,311.0
7092,C,F,3,C,"(0, 4, 7)",Cad,C,A,C,886.5,311.0
7093,C,F,3,C,"(0, 4, 7)",Cad,D,A,C,886.625,311.0
7094,C,F,3,C,"(0, 4, 7)",Cad,C,A,C,886.75,311.0
7095,C,F,3,C,"(0, 4, 7)",Cad,D,A,C,886.875,311.0
7096,D,G,0,C,"(2, 7, 11)",V,G,B,C,887.0,311.0
7097,D,G,1,C,"(2, 7, 11)",V,G,B,C,887.125,311.0
7098,D,G,2,C,"(2, 7, 11)",V,G,B,C,887.25,311.0
7099,D,G,2,C,"(2, 7, 11)",V,G,B,C,887.375,311.0
7100,D,G,3,C,"(2, 7, 11)",V,G,B,C,887.5,311.0
7101,D,G,3,C,"(2, 7, 11)",V,G,B,C,887.625,311.0
7102,D,G,3,C,"(2, 7, 11)",V,G,B,C,887.75,311.0
7103,D,G,3,C,"(2, 7, 11)",V,G,B,C,887.875,311.0
7104,G,C,0,C,"(0, 4, 7)",I,C,E,C,888.0,312.0
7105,G,C,1,C,"(0, 4, 7)",I,C,E,C,888.125,312.0
7106,G,C,2,C,"(0, 4, 7)",I,C,E,C,888.25,312.0
7107,G,C,2,C,"(0, 4, 7)",I,C,E,C,888.375,312.0
7108,G,C,3,C,"(0, 4, 7)",I,C,E,C,888.5,312.0
7109,G,C,3,C,"(0, 4, 7)",I,C,E,C,888.625,312.0
7110,G,C,3,C,"(0, 4, 7)",I,C,E,C,888.75,312.0
7111,G,C,3,C,"(0, 4, 7)",I,C,E,C,888.875,312.0
7112,G,C,4,C,"(0, 4, 7)",I,C,E,C,889.0,312.0
7113,G,C,4,C,"(0, 4, 7)",I,C,E,C,889.125,312.0
7114,G,C,4,C,"(0, 4, 7)",I,C,E,C,889.25,312.0
7115,G,C,4,C,"(0, 4, 7)",I,C,E,C,889.375,312.0
7116,G,C,4,C,"(0, 4, 7)",I,C,E,C,889.5,312.0
7117,G,C,4,C,"(0, 4, 7)",I,C,E,C,889.625,312.0
7118,G,C,4,C,"(0, 4, 7)",I,C,E,C,889.75,312.0
7119,G,C,4,C,"(0, 4, 7)",I,C,E,C,889.875,312.0
7120,D,G,0,C,"(2, 7, 11)",V,G,B,C,890.0,313.0
7121,D,G,1,C,"(2, 7, 11)",V,G,B,C,890.125,313.0
7122,D,G,2,C,"(2, 7, 11)",V,G,B,C,890.25,313.0
7123,D,G,2,C,"(2, 7, 11)",V,G,B,C,890.375,313.0
7124,D,G,3,C,"(2, 7, 11)",V,G,B,C,890.5,313.0
7125,D,G,3,C,"(2, 7, 11)",V,G,B,C,890.625,313.0
7126,D,G,3,C,"(2, 7, 11)",V,G,B,C,890.75,313.0
7127,D,G,3,C,"(2, 7, 11)",V,G,B,C,890.875,313.0
7128,C#,E,0,C,"(1, 4, 7)",viio,C#,G,d,891.0,313.0
7129,C#,E,1,C,"(1, 4, 7)",viio,C#,G,d,891.125,313.0
7130,C#,E,2,C,"(1, 4, 7)",viio,C#,G,C,891.25,313.0
7131,C#,E,2,C,"(1, 4, 7)",viio,C#,G,C,891.375,313.0
7132,B,E,3,C,"(2, 7, 11)",viio,C#,G,C,891.5,313.0
7133,B,E,3,C,"(2, 7, 11)",viio,D,G,C,891.625,313.0
7134,B,E,3,C,"(2, 7, 11)",viio,D,G,C,891.75,313.0
7135,B,E,3,C,"(2, 7, 11)",viio,D,G,C,891.875,313.0
7136,G,C#,0,C,"(1, 4, 9)",V,A,E,d,892.0,314.0
7137,G,C#,1,C,"(1, 4, 9)",V,A,E,d,892.125,314.0
7138,G,C#,2,C,"(1, 4, 9)",V,A,E,d,892.25,314.0
7139,G,C#,2,C,"(1, 4, 9)",V,A,E,d,892.375,314.0
7140,G,C#,3,C,"(1, 4, 9)",V,A,E,d,892.5,314.0
7141,G,C#,3,C,"(1, 4, 9)",V,A,E,d,892.625,314.0
7142,G,C#,3,C,"(1, 4, 9)",V,A,E,d,892.75,314.0
7143,G,C#,3,C,"(1, 4, 9)",V,A,E,d,892.875,314.0
7144,G,C#,4,C,"(1, 4, 7, 9)",V7,A,E,d,893.0,314.0
7145,G,C#,4,C,"(1, 4, 7, 9)",V7,A,E,d,893.125,314.0
7146,G,C#,4,C,"(1, 4, 7, 9)",V7,A,E,d,893.25,314.0
7147,G,C#,4,C,"(1, 4, 7, 9)",V7,A,E,d,893.375,314.0
7148,G,C#,4,C,"(1, 4, 7, 9)",V7,A,E,d,893.5,314.0
7149,G,C#,4,C,"(1, 4, 7, 9)",V7,A,E,d,893.625,314.0
7150,G,C#,4,C,"(1, 4, 7, 9)",V7,A,E,d,893.75,314.0
7151,G,C#,4,C,"(1, 4, 7, 9)",V7,A,E,d,893.875,314.0
7152,A,C#,0,C,"(1, 4, 9)",V,A,E,d,894.0,315.0
7153,A,C#,1,C,"(1, 4, 9)",V,A,E,d,894.125,315.0
7154,A,C#,2,C,"(1, 4, 9)",V,A,E,d,894.25,315.0
7155,A,C#,2,C,"(1, 4, 9)",V,A,E,d,894.375,315.0
7156,A,C#,3,C,"(1, 4, 7, 9)",V,A,E,d,894.5,315.0
7157,A,C#,3,C,"(1, 4, 7, 9)",V,A,E,d,894.625,315.0
7158,A,C#,3,C,"(1, 4, 7, 9)",V,A,E,d,894.75,315.0
7159,A,C#,3,C,"(1, 4, 7, 9)",V,A,E,d,894.875,315.0
7160,G,C#,4,C,"(1, 4, 7, 9)",V7,A,E,d,895.0,315.0
7161,G,C#,4,C,"(1, 4, 7, 9)",V7,A,E,d,895.125,315.0
7162,G,C#,4,C,"(1, 4, 7, 9)",V7,A,E,d,895.25,315.0
7163,G,C#,4,C,"(1, 4, 7, 9)",V7,A,E,d,895.375,315.0
7164,A,C#,4,C,"(1, 4, 7, 9)",V,A,E,d,895.5,315.0
7165,A,C#,4,C,"(1, 4, 7, 9)",V,A,E,d,895.625,315.0
7166,A,C#,4,C,"(1, 4, 7, 9)",V,A,E,d,895.75,315.0
7167,A,C#,4,C,"(1, 4, 7, 9)",V,A,E,d,895.875,315.0
7168,A,D,0,C,"(2, 5, 9)",ii,D,F,C,896.0,316.0
7169,A,D,1,C,"(2, 5, 9)",ii,D,F,C,896.125,316.0
7170,A,D,2,C,"(2, 5, 9)",ii,D,F,C,896.25,316.0
7171,A,D,2,C,"(2, 5, 9)",ii,D,F,C,896.375,316.0
7172,A,D,3,C,"(2, 5, 9)",ii,D,F,C,896.5,316.0
7173,A,D,3,C,"(2, 5, 9)",ii,D,F,C,896.625,316.0
7174,A,D,3,C,"(2, 5, 9)",ii,D,F,C,896.75,316.0
7175,A,D,3,C,"(2, 5, 9)",ii,D,F,C,896.875,316.0
7176,A,D,4,C,"(2, 5, 9)",ii,D,F,C,897.0,316.0
7177,A,D,4,C,"(2, 5, 9)",ii,D,F,C,897.125,316.0
7178,A,D,4,C,"(2, 5, 9)",ii,D,F,C,897.25,316.0
7179,A,D,4,C,"(2, 5, 9)",ii,D,F,C,897.375,316.0
7180,A,D,4,C,"(2, 5, 9)",ii,D,F,C,897.5,316.0
7181,A,D,4,C,"(2, 5, 9)",ii,D,F,C,897.625,316.0
7182,A,D,4,C,"(2, 5, 9)",ii,D,F,C,897.75,316.0
7183,A,D,4,C,"(2, 5, 9)",ii,D,F,C,897.875,316.0
7184,A,D,0,C,"(2, 5, 9)",ii,D,F,C,898.0,317.0
7185,A,D,1,C,"(2, 5, 9)",ii,D,F,C,898.125,317.0
7186,A,D,2,C,"(2, 5, 9)",ii,D,F,C,898.25,317.0
7187,A,D,2,C,"(2, 5, 9)",ii,D,F,C,898.375,317.0
7188,A,D,3,C,"(2, 5, 9)",ii,D,F,C,898.5,317.0
7189,A,D,3,C,"(2, 5, 9)",ii,D,F,C,898.625,317.0
7190,A,D,3,C,"(2, 5, 9)",ii,D,F,C,898.75,317.0
7191,A,D,3,C,"(2, 5, 9)",ii,D,F,C,898.875,317.0
7192,A,D,0,C,"(2, 5, 11)",viio,B,F,C,899.0,317.0
7193,A,D,1,C,"(2, 5, 11)",viio,B,F,C,899.125,317.0
7194,A,D,2,C,"(2, 5, 11)",viio,B,F,C,899.25,317.0
7195,A,D,2,C,"(2, 5, 11)",viio,B,F,C,899.375,317.0
7196,A,D,3,C,"(2, 5, 11)",viio,B,F,C,899.5,317.0
7197,A,D,3,C,"(2, 5, 11)",viio,B,F,C,899.625,317.0
7198,A,D,3,C,"(2, 5, 11)",viio,B,F,C,899.75,317.0
7199,A,D,3,C,"(2, 5, 11)",viio,B,F,C,899.875,317.0
7200,G,B,0,C,"(2, 7, 11)",V,G,D,C,900.0,318.0
7201,G,B,1,C,"(2, 7, 11)",V,G,D,C,900.125,318.0
7202,G,B,2,C,"(2, 7, 11)",V,G,D,C,900.25,318.0
7203,G,B,2,C,"(2, 7, 11)",V,G,D,C,900.375,318.0
7204,G,B,3,C,"(2, 5, 7, 11)",V,G,D,C,900.5,318.0
7205,G,B,3,C,"(2, 5, 7, 11)",V,G,D,C,900.625,318.0
7206,G,B,3,C,"(2, 5, 7, 11)",V,G,D,C,900.75,318.0
7207,G,B,3,C,"(2, 5, 7, 11)",V,G,D,C,900.875,318.0
7208,F,B,4,C,"(2, 5, 7, 11)",V,G,D,C,901.0,318.0
7209,F,B,4,C,"(2, 5, 7, 11)",V,G,D,C,901.125,318.0
7210,F,B,4,C,"(2, 5, 7, 11)",V,G,D,C,901.25,318.0
7211,F,B,4,C,"(2, 5, 7, 11)",V,G,D,C,901.375,318.0
7212,F,B,4,C,"(2, 5, 7, 11)",V,G,D,C,901.5,318.0
7213,F,B,4,C,"(2, 5, 7, 11)",V,G,D,C,901.625,318.0
7214,F,B,4,C,"(2, 5, 7, 11)",V,G,D,C,901.75,318.0
7215,F,B,4,C,"(2, 5, 7, 11)",V,G,D,C,901.875,318.0
7216,G,C,0,C,"(0, 4, 7)",I,C,E,C,902.0,319.0
7217,G,C,1,C,"(0, 4, 7)",I,C,E,C,902.125,319.0
7218,G,C,2,C,"(0, 4, 7)",I,C,E,C,902.25,319.0
7219,G,C,2,C,"(0, 4, 7)",I,C,E,C,902.375,319.0
7220,G,C,3,C,"(0, 4, 7)",I,C,E,C,902.5,319.0
7221,G,C,3,C,"(0, 4, 7)",I,C,E,C,902.625,319.0
7222,G,C,3,C,"(0, 4, 7)",I,C,E,C,902.75,319.0
7223,G,C,3,C,"(0, 4, 7)",I,C,E,C,902.875,319.0
7224,G,C,4,C,"(0, 4, 7)",I,C,E,C,903.0,319.0
7225,G,C,4,C,"(0, 4, 7)",I,C,E,C,903.125,319.0
7226,G,C,4,C,"(0, 4, 7)",I,C,E,C,903.25,319.0
7227,G,C,4,C,"(0, 4, 7)",I,C,E,C,903.375,319.0
7228,G,C,4,C,"(0, 4, 7)",I,C,E,C,903.5,319.0
7229,G,C,4,C,"(0, 4, 7)",I,C,E,C,903.625,319.0
7230,G,C,4,C,"(0, 4, 7)",I,C,E,C,903.75,319.0
7231,G,C,4,C,"(0, 4, 7)",I,C,E,C,903.875,319.0
7232,D,G,0,C,"(2, 7, 11)",V,G,B,C,904.0,320.0
7233,D,G,1,C,"(2, 7, 11)",V,G,B,C,904.125,320.0
7234,D,G,2,C,"(2, 7, 11)",V,G,B,C,904.25,320.0
7235,D,G,2,C,"(2, 7, 11)",V,G,B,C,904.375,320.0
7236,D,G,3,C,"(2, 7, 11)",V,G,B,C,904.5,320.0
7237,D,G,3,C,"(2, 7, 11)",V,G,B,C,904.625,320.0
7238,D,G,3,C,"(2, 7, 11)",V,G,B,C,904.75,320.0
7239,D,G,3,C,"(2, 7, 11)",V,G,B,C,904.875,320.0
7240,D,G,4,C,"(2, 7, 11)",V,G,B,C,905.0,320.0
7241,D,G,4,C,"(2, 7, 11)",V,G,B,C,905.125,320.0
7242,D,G,4,C,"(2, 7, 11)",V,G,B,C,905.25,320.0
7243,D,G,4,C,"(2, 7, 11)",V,G,B,C,905.375,320.0
7244,D,G,4,C,"(2, 7, 11)",V,G,B,C,905.5,320.0
7245,D,G,4,C,"(2, 7, 11)",V,G,B,C,905.625,320.0
7246,D,G,4,C,"(2, 7, 11)",V,G,B,C,905.75,320.0
7247,D,G,4,C,"(2, 7, 11)",V,G,B,C,905.875,320.0
7248,G,C,0,C,"(0, 4, 7)",I,C,E,C,906.0,321.0
7249,G,C,1,C,"(0, 4, 7)",I,C,E,C,906.125,321.0
7250,G,C,2,C,"(0, 4, 7)",I,C,E,C,906.25,321.0
7251,G,C,2,C,"(0, 4, 7)",I,C,E,C,906.375,321.0
7252,G,C,3,C,"(0, 4, 7)",I,C,E,C,906.5,321.0
7253,G,C,3,C,"(0, 4, 7)",I,C,E,C,906.625,321.0
7254,G,C,3,C,"(0, 4, 7)",I,C,E,C,906.75,321.0
7255,G,C,3,C,"(0, 4, 7)",I,C,E,C,906.875,321.0
7256,G,C,4,C,"(0, 4, 7)",I,C,E,C,907.0,321.0
7257,G,C,4,C,"(0, 4, 7)",I,C,E,C,907.125,321.0
7258,G,C,4,C,"(0, 4, 7)",I,C,E,C,907.25,321.0
7259,G,C,4,C,"(0, 4, 7)",I,C,E,C,907.375,321.0
7260,G,C,4,C,"(0, 4, 7)",I,C,E,C,907.5,321.0
7261,G,C,4,C,"(0, 4, 7)",I,C,E,C,907.625,321.0
7262,G,C,4,C,"(0, 4, 7)",I,C,E,C,907.75,321.0
7263,G,C,4,C,"(0, 4, 7)",I,C,E,C,907.875,321.0
7264,A,C,0,C,"(0, 5, 9)",IV,F,F,C,908.0,322.0
7265,A,C,1,C,"(0, 5, 9)",IV,C,F,C,908.125,322.0
7266,A,C,2,C,"(0, 5, 9)",IV,C,F,C,908.25,322.0
7267,A,C,2,C,"(0, 5, 9)",IV,C,F,C,908.375,322.0
7268,A,C,3,C,"(0, 5, 9)",IV,C,F,C,908.5,322.0
7269,A,C,3,C,"(0, 5, 9)",IV,C,F,C,908.625,322.0
7270,A,C,3,C,"(0, 5, 9)",IV,C,F,C,908.75,322.0
7271,A,C,3,C,"(0, 5, 9)",IV,C,F,C,908.875,322.0
7272,G,C,4,C,"(0, 4, 7)",I,C,E,C,909.0,322.0
7273,G,C,4,C,"(0, 4, 7)",I,C,E,C,909.125,322.0
7274,G,C,4,C,"(0, 4, 7)",I,C,E,C,909.25,322.0
7275,G,C,4,C,"(0, 4, 7)",I,C,E,C,909.375,322.0
7276,G,C,4,C,"(0, 4, 7)",I,C,E,C,909.5,322.0
7277,G,C,4,C,"(0, 4, 7)",I,C,E,C,909.625,322.0
7278,G,C,4,C,"(0, 4, 7)",I,C,E,C,909.75,322.0
7279,G,C,4,C,"(0, 4, 7)",I,C,E,C,909.875,322.0
7280,G,C,0,C,"(0, 4, 7)",I,C,E,C,910.0,323.0
7281,G,C,1,C,"(0, 4, 7)",I,C,E,C,910.125,323.0
7282,G,C,2,C,"(0, 4, 7)",I,C,E,C,910.25,323.0
7283,G,C,2,C,"(0, 4, 7)",I,C,E,C,910.375,323.0
7284,G,C,3,C,"(0, 4, 7)",I,C,E,C,910.5,323.0
7285,G,C,3,C,"(0, 4, 7)",I,C,E,C,910.625,323.0
7286,G,C,3,C,"(0, 4, 7)",I,C,E,C,910.75,323.0
7287,G,C,3,C,"(0, 4, 7)",I,C,E,C,910.875,323.0
7288,G,D,0,C,"(2, 5, 7, 11)",V7,B,F,C,911.0,323.0
7289,G,C,1,C,"(2, 5, 7, 11)",V7,F,F,C,911.125,323.0
7290,G,C,2,C,"(2, 5, 7, 11)",V7,F,F,C,911.25,323.0
7291,G,C,2,C,"(2, 5, 7, 11)",V7,F,F,C,911.375,323.0
7292,G,C,3,C,"(2, 5, 7, 11)",V7,F,F,C,911.5,323.0
7293,G,C,3,C,"(2, 5, 7, 11)",V7,F,F,C,911.625,323.0
7294,G,C,3,C,"(2, 5, 7, 11)",V7,F,F,C,911.75,323.0
7295,G,C,3,C,"(2, 5, 7, 11)",V7,F,F,C,911.875,323.0
7296,G,C,0,C,"(0, 4, 7)",I,C,E,C,912.0,324.0
7297,G,C,1,C,"(0, 4, 7)",I,C,E,C,912.125,324.0
7298,G,C,2,C,"(0, 4, 7)",I,C,E,C,912.25,324.0
7299,G,C,2,C,"(0, 4, 7)",I,C,E,C,912.375,324.0
7300,G,C,3,C,"(0, 4, 7)",I,C,E,C,912.5,324.0
7301,G,C,3,C,"(0, 4, 7)",I,C,E,C,912.625,324.0
7302,G,C,3,C,"(0, 4, 7)",I,C,E,C,912.75,324.0
7303,G,C,3,C,"(0, 4, 7)",I,C,E,C,912.875,324.0
7304,G,C,4,C,"(0, 4, 7)",I,C,E,C,913.0,324.0
7305,G,C,4,C,"(0, 4, 7)",I,C,E,C,913.125,324.0
7306,G,C,4,C,"(0, 4, 7)",I,C,E,C,913.25,324.0
7307,G,C,4,C,"(0, 4, 7)",I,C,E,C,913.375,324.0
7308,G,C,4,C,"(0, 4, 7)",I,C,E,C,913.5,324.0
7309,G,C,4,C,"(0, 4, 7)",I,C,E,C,913.625,324.0
7310,G,C,4,C,"(0, 4, 7)",I,C,E,C,913.75,324.0
7311,G,C,4,C,"(0, 4, 7)",I,C,E,C,913.875,324.0
7312,G,B,0,C,"(2, 7, 11)",V,G,D,C,914.0,325.0
7313,G,B,1,C,"(2, 7, 11)",V,G,D,C,914.125,325.0
7314,G,B,2,C,"(2, 7, 11)",V,G,D,C,914.25,325.0
7315,G,B,2,C,"(2, 7, 11)",V,G,D,C,914.375,325.0
7316,G,B,3,C,"(2, 7, 11)",V,G,D,C,914.5,325.0
7317,G,B,3,C,"(2, 7, 11)",V,G,D,C,914.625,325.0
7318,G,B,3,C,"(2, 7, 11)",V,G,D,C,914.75,325.0
7319,G,B,3,C,"(2, 7, 11)",V,G,D,C,914.875,325.0
7320,G,C,0,C,"(0, 4, 7)",I,C,E,C,915.0,325.0
7321,G,C,1,C,"(0, 4, 7)",I,C,E,C,915.125,325.0
7322,G,C,2,C,"(0, 4, 7)",I,C,E,C,915.25,325.0
7323,G,C,2,C,"(0, 4, 7)",I,C,E,C,915.375,325.0
7324,G,C,3,C,"(0, 4, 7)",I,C,E,C,915.5,325.0
7325,G,C,3,C,"(0, 4, 7)",I,C,E,C,915.625,325.0
7326,G,C,3,C,"(0, 4, 7)",I,C,E,C,915.75,325.0
7327,G,C,3,C,"(0, 4, 7)",I,C,E,C,915.875,325.0
7328,F,A,0,C,"(0, 5, 9)",IV,F,C,C,916.0,326.0
7329,F,A,1,C,"(0, 5, 9)",IV,F,C,C,916.125,326.0
7330,F,A,2,C,"(0, 5, 9)",IV,F,C,C,916.25,326.0
7331,F,A,2,C,"(0, 5, 9)",IV,F,C,C,916.375,326.0
7332,F,A,3,C,"(0, 5, 9)",IV,F,C,C,916.5,326.0
7333,F,A,3,C,"(0, 5, 9)",IV,F,C,C,916.625,326.0
7334,F,A,3,C,"(0, 5, 9)",IV,F,C,C,916.75,326.0
7335,F,A,3,C,"(0, 5, 9)",IV,F,C,C,916.875,326.0
7336,D,F,0,C,"(2, 5, 9)",ii,D,A,C,917.0,326.0
7337,D,F,1,C,"(2, 5, 9)",ii,D,A,C,917.125,326.0
7338,D,F,2,C,"(2, 5, 9)",ii,D,A,C,917.25,326.0
7339,D,F,2,C,"(2, 5, 9)",ii,D,A,C,917.375,326.0
7340,D,F,3,C,"(2, 5, 9)",ii,D,A,C,917.5,326.0
7341,D,F,3,C,"(2, 5, 9)",ii,D,A,C,917.625,326.0
7342,D,F,3,C,"(2, 5, 9)",ii,D,A,C,917.75,326.0
7343,D,F,3,C,"(2, 5, 9)",ii,D,A,C,917.875,326.0
7344,D,G,0,C,"(2, 5, 7, 11)",V7,F,B,C,918.0,327.0
7345,D,G,1,C,"(2, 5, 7, 11)",V7,F,B,C,918.125,327.0
7346,D,G,2,C,"(2, 5, 7, 11)",V7,F,B,C,918.25,327.0
7347,D,G,2,C,"(2, 5, 7, 11)",V7,F,B,C,918.375,327.0
7348,D,G,3,C,"(2, 5, 7, 11)",V7,F,B,C,918.5,327.0
7349,D,G,3,C,"(2, 5, 7, 11)",V7,F,B,C,918.625,327.0
7350,D,G,3,C,"(2, 5, 7, 11)",V7,F,B,C,918.75,327.0
7351,D,G,3,C,"(2, 5, 7, 11)",V7,F,B,C,918.875,327.0
7352,D,G,4,C,"(2, 5, 7, 11)",V7,F,B,C,919.0,327.0
7353,D,G,4,C,"(2, 5, 7, 11)",V7,F,B,C,919.125,327.0
7354,D,G,4,C,"(2, 5, 7, 11)",V7,F,B,C,919.25,327.0
7355,D,G,4,C,"(2, 5, 7, 11)",V7,F,B,C,919.375,327.0
7356,D,G,4,C,"(2, 5, 7, 11)",V7,F,B,C,919.5,327.0
7357,D,G,4,C,"(2, 5, 7, 11)",V7,F,B,C,919.625,327.0
7358,D,G,4,C,"(2, 5, 7, 11)",V7,F,B,C,919.75,327.0
7359,D,G,4,C,"(2, 5, 7, 11)",V7,F,B,C,919.875,327.0
7360,D,G,0,C,"(2, 5, 7, 11)",V,F,B,C,920.0,328.0
7361,D,G,1,C,"(2, 5, 7, 11)",V,F,B,C,920.125,328.0
7362,D,G,2,C,"(2, 5, 7, 11)",V,F,B,C,920.25,328.0
7363,D,G,2,C,"(2, 5, 7, 11)",V,F,B,C,920.375,328.0
7364,D,G,3,C,"(2, 5, 7, 11)",V,F,B,C,920.5,328.0
7365,D,G,3,C,"(2, 5, 7, 11)",V,F,B,C,920.625,328.0
7366,D,G,3,C,"(2, 5, 7, 11)",V,F,B,C,920.75,328.0
7367,D,G,3,C,"(2, 5, 7, 11)",V,F,B,C,920.875,328.0
7368,D,G,4,C,"(2, 5, 7, 11)",V,F,B,C,921.0,328.0
7369,D,G,4,C,"(2, 5, 7, 11)",V,F,B,C,921.125,328.0
7370,D,G,4,C,"(2, 5, 7, 11)",V,F,B,C,921.25,328.0
7371,D,G,4,C,"(2, 5, 7, 11)",V,F,B,C,921.375,328.0
7372,D,G,4,C,"(2, 5, 7, 11)",V,F,B,C,921.5,328.0
7373,D,G,4,C,"(2, 5, 7, 11)",V,F,B,C,921.625,328.0
7374,D,G,4,C,"(2, 5, 7, 11)",V,F,B,C,921.75,328.0
7375,D,G,4,C,"(2, 5, 7, 11)",V,F,B,C,921.875,328.0
7376,D,G,5,C,"(2, 5, 7, 11)",V,F,B,C,922.0,329.0
7377,D,G,5,C,"(2, 5, 7, 11)",V,F,B,C,922.125,329.0
7378,D,G,5,C,"(2, 5, 7, 11)",V,F,B,C,922.25,329.0
7379,D,G,5,C,"(2, 5, 7, 11)",V,F,B,C,922.375,329.0
7380,D,G,3,C,"(2, 5, 7, 11)",V,F,B,C,922.5,329.0
7381,D,G,3,C,"(2, 5, 7, 11)",V,F,B,C,922.625,329.0
7382,D,G,3,C,"(2, 5, 7, 11)",V,F,B,C,922.75,329.0
7383,D,G,3,C,"(2, 5, 7, 11)",V,F,B,C,922.875,329.0
7384,D,G,4,C,"(2, 5, 7, 11)",V,F,B,C,923.0,329.0
7385,D,G,4,C,"(2, 5, 7, 11)",V,F,B,C,923.125,329.0
7386,D,G,4,C,"(2, 5, 7, 11)",V,F,B,C,923.25,329.0
7387,D,G,4,C,"(2, 5, 7, 11)",V,F,B,C,923.375,329.0
7388,D,G,4,C,"(2, 5, 7, 11)",V,F,B,C,923.5,329.0
7389,D,G,4,C,"(2, 5, 7, 11)",V,F,B,C,923.625,329.0
7390,D,G,4,C,"(2, 5, 7, 11)",V,F,B,C,923.75,329.0
7391,D,G,4,C,"(2, 5, 7, 11)",V,F,B,C,923.875,329.0
7392,E-,A-,0,A-,"(0, 3, 8)",I,A-,C,A-,924.0,330.0
7393,E-,A-,1,A-,"(0, 3, 8)",I,A-,C,A-,924.125,330.0
7394,E-,A-,2,A-,"(0, 3, 8)",I,A-,C,A-,924.25,330.0
7395,E-,A-,2,A-,"(0, 3, 8)",I,A-,C,A-,924.375,330.0
7396,E-,A-,3,A-,"(0, 3, 8)",I,A-,C,A-,924.5,330.0
7397,E-,A-,3,A-,"(0, 3, 8)",I,A-,C,A-,924.625,330.0
7398,E-,A-,3,A-,"(0, 3, 8)",I,A-,C,A-,924.75,330.0
7399,E-,A-,3,A-,"(0, 3, 8)",I,A-,C,A-,924.875,330.0
7400,E-,A-,4,A-,"(0, 3, 8)",I,A-,C,A-,925.0,330.0
7401,E-,A-,4,A-,"(0, 3, 8)",I,A-,C,A-,925.125,330.0
7402,E-,A-,4,A-,"(0, 3, 8)",I,A-,C,A-,925.25,330.0
7403,E-,A-,4,A-,"(0, 3, 8)",I,A-,C,A-,925.375,330.0
7404,E-,A-,4,A-,"(0, 3, 8)",I,A-,C,A-,925.5,330.0
7405,E-,A-,4,A-,"(0, 3, 8)",I,A-,C,A-,925.625,330.0
7406,E-,A-,4,A-,"(0, 3, 8)",I,A-,C,A-,925.75,330.0
7407,E-,A-,4,A-,"(0, 3, 8)",I,A-,C,A-,925.875,330.0
7408,E-,A-,0,A-,"(0, 3, 8)",I,A-,C,A-,926.0,331.0
7409,E-,A-,2,A-,"(0, 3, 8)",I,A-,C,A-,926.125,331.0
7410,E-,A-,2,A-,"(0, 3, 8)",I,A-,C,A-,926.25,331.0
7411,E-,A-,2,A-,"(0, 3, 8)",I,A-,C,A-,926.375,331.0
7412,E-,A-,3,A-,"(0, 3, 8)",I,A-,C,A-,926.5,331.0
7413,E-,A-,3,A-,"(0, 3, 8)",I,A-,C,A-,926.625,331.0
7414,E-,A-,3,A-,"(0, 3, 8)",I,A-,C,A-,926.75,331.0
7415,E-,A-,3,A-,"(0, 3, 8)",I,A-,C,A-,926.875,331.0
7416,E-,A-,4,A-,"(0, 3, 8)",I,A-,C,A-,927.0,331.0
7417,E-,A-,4,A-,"(0, 3, 8)",I,A-,C,A-,927.125,331.0
7418,E-,A-,4,A-,"(0, 3, 8)",I,A-,C,A-,927.25,331.0
7419,E-,A-,4,A-,"(0, 3, 8)",I,A-,C,A-,927.375,331.0
7420,E-,A-,4,A-,"(0, 3, 8)",I,A-,C,A-,927.5,331.0
7421,E-,A-,4,A-,"(0, 3, 8)",I,A-,C,A-,927.625,331.0
7422,E-,A-,4,A-,"(0, 3, 8)",I,A-,C,A-,927.75,331.0
7423,E-,A-,4,A-,"(0, 3, 8)",I,A-,C,A-,927.875,331.0
7424,E-,A-,0,A-,"(0, 3, 8)",I,A-,C,A-,928.0,332.0
7425,E-,A-,1,A-,"(0, 3, 8)",I,A-,C,A-,928.125,332.0
7426,E-,A-,2,A-,"(0, 3, 8)",I,A-,C,A-,928.25,332.0
7427,E-,A-,2,A-,"(0, 3, 8)",I,A-,C,A-,928.375,332.0
7428,E-,A-,3,A-,"(0, 3, 8)",I,A-,C,A-,928.5,332.0
7429,E-,A-,3,A-,"(0, 3, 8)",I,A-,C,A-,928.625,332.0
7430,E-,A-,3,A-,"(0, 3, 8)",I,A-,C,A-,928.75,332.0
7431,E-,A-,3,A-,"(0, 3, 8)",I,A-,C,A-,928.875,332.0
7432,E-,A-,4,A-,"(0, 3, 8)",I,A-,C,A-,929.0,332.0
7433,E-,A-,4,A-,"(0, 3, 8)",I,A-,C,A-,929.125,332.0
7434,E-,A-,4,A-,"(0, 3, 8)",I,A-,C,A-,929.25,332.0
7435,E-,A-,4,A-,"(0, 3, 8)",I,A-,C,A-,929.375,332.0
7436,E-,A-,4,A-,"(0, 3, 8)",I,A-,C,A-,929.5,332.0
7437,E-,A-,4,A-,"(0, 3, 8)",I,A-,C,A-,929.625,332.0
7438,E-,A-,4,A-,"(0, 3, 8)",I,A-,C,A-,929.75,332.0
7439,E-,A-,4,A-,"(0, 3, 8)",I,A-,C,A-,929.875,332.0
7440,E-,A-,0,D-,"(0, 3, 8)",I,D-,C,A-,930.0,333.0
7441,E-,A-,1,D-,"(0, 3, 8)",I,D-,C,A-,930.125,333.0
7442,E-,A-,2,D-,"(0, 3, 8)",I,D-,C,A-,930.25,333.0
7443,E-,A-,2,D-,"(0, 3, 8)",I,D-,C,A-,930.375,333.0
7444,E-,A-,3,D-,"(0, 3, 8)",I,D-,C,A-,930.5,333.0
7445,E-,A-,3,D-,"(0, 3, 8)",I,D-,C,A-,930.625,333.0
7446,E-,A-,3,D-,"(0, 3, 8)",I,D-,C,A-,930.75,333.0
7447,E-,A-,3,D-,"(0, 3, 8)",I,D-,C,A-,930.875,333.0
7448,E-,A-,0,A-,"(0, 3, 8)",I,A-,C,A-,931.0,333.0
7449,E-,A-,4,A-,"(0, 3, 8)",I,A-,C,A-,931.125,333.0
7450,E-,A-,2,A-,"(0, 3, 8)",I,A-,C,A-,931.25,333.0
7451,E-,A-,4,A-,"(0, 3, 8)",I,A-,C,A-,931.375,333.0
7452,E-,A-,3,A-,"(0, 3, 8)",I,A-,C,A-,931.5,333.0
7453,E-,A-,3,A-,"(0, 3, 8)",I,A-,C,A-,931.625,333.0
7454,E-,A-,3,A-,"(0, 3, 8)",I,A-,C,A-,931.75,333.0
7455,E-,A-,3,A-,"(0, 3, 8)",I,A-,C,A-,931.875,333.0
7456,E-,A-,0,A-,"(0, 3, 8)",I,A-,C,A-,932.0,334.0
7457,E-,A-,1,A-,"(0, 3, 8)",I,A-,C,A-,932.125,334.0
7458,E-,A-,2,A-,"(0, 3, 8)",I,A-,C,A-,932.25,334.0
7459,E-,A-,2,A-,"(0, 3, 8)",I,A-,C,A-,932.375,334.0
7460,E-,A-,3,A-,"(0, 3, 8)",V,A-,C,A-,932.5,334.0
7461,E-,A-,3,A-,"(0, 3, 8)",V,A-,C,A-,932.625,334.0
7462,E-,A-,3,A-,"(0, 3, 8)",V,A-,C,A-,932.75,334.0
7463,E-,A-,3,A-,"(0, 3, 8)",V,A-,C,A-,932.875,334.0
7464,E-,A-,4,A-,"(1, 3, 7, 10)",V7,D-,C,A-,933.0,334.0
7465,E-,A-,1,A-,"(1, 3, 7, 10)",V7,D-,C,A-,933.125,334.0
7466,E-,A-,4,A-,"(1, 3, 7, 10)",V7,G,C,A-,933.25,334.0
7467,E-,A-,4,A-,"(1, 3, 7, 10)",V7,G,C,A-,933.375,334.0
7468,B-,B-,3,A-,"(1, 3, 7, 10)",V7,G,D-,A-,933.5,334.0
7469,B-,B-,3,A-,"(1, 3, 7, 10)",V7,G,D-,A-,933.625,334.0
7470,B-,B-,3,A-,"(1, 3, 7, 10)",V7,G,D-,A-,933.75,334.0
7471,B-,B-,3,A-,"(1, 3, 7, 10)",V7,G,D-,A-,933.875,334.0
7472,E-,A-,0,A-,"(0, 3, 8)",I,A-,C,A-,934.0,335.0
7473,E-,A-,1,A-,"(0, 3, 8)",I,A-,C,A-,934.125,335.0
7474,E-,A-,2,A-,"(0, 3, 8)",I,A-,C,A-,934.25,335.0
7475,E-,A-,2,A-,"(0, 3, 8)",I,A-,C,A-,934.375,335.0
7476,E-,A-,3,A-,"(0, 3, 8)",I,A-,C,A-,934.5,335.0
7477,E-,A-,3,A-,"(0, 3, 8)",I,A-,C,A-,934.625,335.0
7478,E-,A-,3,A-,"(0, 3, 8)",I,A-,C,A-,934.75,335.0
7479,E-,A-,3,A-,"(0, 3, 8)",I,A-,C,A-,934.875,335.0
7480,E-,A-,4,A-,"(0, 3, 8)",I,A-,C,A-,935.0,335.0
7481,E-,A-,4,A-,"(0, 3, 8)",I,A-,C,A-,935.125,335.0
7482,E-,A-,4,A-,"(0, 3, 8)",I,A-,C,A-,935.25,335.0
7483,E-,A-,4,A-,"(0, 3, 8)",I,A-,C,A-,935.375,335.0
7484,E-,A-,4,A-,"(0, 3, 8)",I,A-,C,A-,935.5,335.0
7485,E-,A-,4,A-,"(0, 3, 8)",I,A-,C,A-,935.625,335.0
7486,E-,A-,4,A-,"(0, 3, 8)",I,A-,C,A-,935.75,335.0
7487,E-,A-,4,A-,"(0, 3, 8)",I,A-,C,A-,935.875,335.0
7488,E-,G,0,A-,"(3, 7, 10)",V,E-,B-,A-,936.0,336.0
7489,E-,G,1,A-,"(3, 7, 10)",V,E-,B-,A-,936.125,336.0
7490,E-,G,2,A-,"(3, 7, 10)",V,E-,B-,A-,936.25,336.0
7491,E-,G,2,A-,"(3, 7, 10)",V,E-,B-,A-,936.375,336.0
7492,E-,G,3,A-,"(3, 7, 10)",V,E-,B-,A-,936.5,336.0
7493,E-,G,3,A-,"(3, 7, 10)",V,E-,B-,A-,936.625,336.0
7494,E-,G,3,A-,"(3, 7, 10)",V,E-,B-,A-,936.75,336.0
7495,E-,G,3,A-,"(3, 7, 10)",V,E-,B-,A-,936.875,336.0
7496,E-,A-,0,A-,"(0, 3, 8)",I,A-,C,A-,937.0,336.0
7497,E-,A-,4,A-,"(0, 3, 8)",I,A-,C,A-,937.125,336.0
7498,E-,A-,2,A-,"(0, 3, 8)",I,A-,C,A-,937.25,336.0
7499,E-,A-,4,A-,"(0, 3, 8)",I,A-,C,A-,937.375,336.0
7500,E-,A-,3,A-,"(0, 3, 8)",I,A-,C,A-,937.5,336.0
7501,E-,A-,3,A-,"(0, 3, 8)",I,A-,C,A-,937.625,336.0
7502,E-,A-,3,A-,"(0, 3, 8)",I,A-,C,A-,937.75,336.0
7503,E-,A-,3,A-,"(0, 3, 8)",I,A-,C,A-,937.875,336.0
7504,D-,F,0,A-,"(1, 5, 8)",I,D-,A-,A-,938.0,337.0
7505,D-,F,1,A-,"(1, 5, 8)",I,D-,A-,A-,938.125,337.0
7506,D-,F,2,A-,"(1, 5, 8)",I,D-,A-,A-,938.25,337.0
7507,D-,F,2,A-,"(1, 5, 8)",I,D-,A-,A-,938.375,337.0
7508,D-,F,3,A-,"(1, 5, 8)",I,D-,A-,A-,938.5,337.0
7509,D-,F,3,A-,"(1, 5, 8)",I,D-,A-,A-,938.625,337.0
7510,D-,F,3,A-,"(1, 5, 8)",I,D-,A-,A-,938.75,337.0
7511,D-,F,3,A-,"(1, 5, 8)",I,D-,A-,A-,938.875,337.0
7512,C,F,4,A-,"(0, 3, 8)",I,D-,A-,A-,939.0,337.0
7513,C,F,4,A-,"(0, 3, 8)",I,A-,A-,A-,939.125,337.0
7514,C,F,4,A-,"(0, 3, 8)",I,A-,A-,A-,939.25,337.0
7515,C,F,4,A-,"(0, 3, 8)",I,A-,A-,A-,939.375,337.0
7516,C,F,3,A-,"(0, 3, 8)",I,A-,A-,A-,939.5,337.0
7517,C,F,3,A-,"(0, 3, 8)",I,A-,A-,A-,939.625,337.0
7518,C,F,3,A-,"(0, 3, 8)",I,A-,A-,A-,939.75,337.0
7519,C,F,3,A-,"(0, 3, 8)",I,A-,A-,A-,939.875,337.0
7520,A-,D-,0,D-,"(1, 5, 8)",IV,D-,F,A-,940.0,338.0
7521,A-,D-,1,D-,"(1, 5, 8)",IV,D-,F,A-,940.125,338.0
7522,A-,D-,2,D-,"(1, 5, 8)",IV,D-,F,A-,940.25,338.0
7523,A-,D-,2,D-,"(1, 5, 8)",IV,D-,F,A-,940.375,338.0
7524,A-,D-,3,D-,"(1, 5, 8)",IV,D-,F,A-,940.5,338.0
7525,A-,D-,3,D-,"(1, 5, 8)",IV,D-,F,A-,940.625,338.0
7526,A-,D-,3,D-,"(1, 5, 8)",IV,D-,F,A-,940.75,338.0
7527,A-,D-,3,D-,"(1, 5, 8)",IV,D-,F,A-,940.875,338.0
7528,A-,D-,4,D-,"(1, 5, 8)",IV,D-,F,A-,941.0,338.0
7529,A-,D-,4,D-,"(1, 5, 8)",IV,D-,F,A-,941.125,338.0
7530,A-,D-,4,D-,"(1, 5, 8)",IV,D-,F,A-,941.25,338.0
7531,A-,D-,4,D-,"(1, 5, 8)",IV,D-,F,A-,941.375,338.0
7532,A-,D-,4,D-,"(1, 5, 8)",IV,D-,F,A-,941.5,338.0
7533,A-,D-,4,D-,"(1, 5, 8)",IV,D-,F,A-,941.625,338.0
7534,A-,D-,4,D-,"(1, 5, 8)",IV,D-,F,A-,941.75,338.0
7535,A-,D-,4,D-,"(1, 5, 8)",IV,D-,F,A-,941.875,338.0
7536,B-,E-,0,A-,"(3, 7, 10)",V,E-,G,A-,942.0,339.0
7537,B-,E-,1,A-,"(3, 7, 10)",V,E-,G,A-,942.125,339.0
7538,B-,E-,2,A-,"(3, 7, 10)",V,E-,G,A-,942.25,339.0
7539,B-,E-,2,A-,"(3, 7, 10)",V,E-,G,A-,942.375,339.0
7540,B-,E-,3,A-,"(3, 7, 10)",V,E-,G,A-,942.5,339.0
7541,B-,E-,3,A-,"(3, 7, 10)",V,E-,G,A-,942.625,339.0
7542,B-,E-,3,A-,"(3, 7, 10)",V,E-,G,A-,942.75,339.0
7543,B-,E-,3,A-,"(3, 7, 10)",V,E-,G,A-,942.875,339.0
7544,B-,E-,4,A-,"(3, 7, 10)",V,E-,G,A-,943.0,339.0
7545,B-,E-,4,A-,"(3, 7, 10)",V,E-,G,A-,943.125,339.0
7546,B-,E-,4,A-,"(3, 7, 10)",V,E-,G,A-,943.25,339.0
7547,B-,E-,4,A-,"(3, 7, 10)",V,E-,G,A-,943.375,339.0
7548,B-,E-,4,A-,"(3, 7, 10)",V,E-,G,A-,943.5,339.0
7549,B-,E-,4,A-,"(3, 7, 10)",V,E-,G,A-,943.625,339.0
7550,B-,E-,4,A-,"(3, 7, 10)",V,E-,G,A-,943.75,339.0
7551,B-,E-,4,A-,"(3, 7, 10)",V,E-,G,A-,943.875,339.0
7552,E-,A-,0,A-,"(0, 3, 8)",I,A-,C,A-,944.0,340.0
7553,E-,A-,1,A-,"(0, 3, 8)",I,A-,C,A-,944.125,340.0
7554,E-,A-,2,A-,"(0, 3, 8)",I,A-,C,A-,944.25,340.0
7555,E-,A-,2,A-,"(0, 3, 8)",I,A-,C,A-,944.375,340.0
7556,E-,A-,3,A-,"(0, 3, 8)",I,A-,C,A-,944.5,340.0
7557,E-,A-,3,A-,"(0, 3, 8)",I,A-,C,A-,944.625,340.0
7558,E-,A-,3,A-,"(0, 3, 8)",I,A-,C,A-,944.75,340.0
7559,E-,A-,3,A-,"(0, 3, 8)",I,A-,C,A-,944.875,340.0
7560,E-,A-,4,A-,"(0, 3, 8)",I,A-,C,A-,945.0,340.0
7561,E-,A-,4,A-,"(0, 3, 8)",I,A-,C,A-,945.125,340.0
7562,E-,A-,4,A-,"(0, 3, 8)",I,A-,C,A-,945.25,340.0
7563,E-,A-,4,A-,"(0, 3, 8)",I,A-,C,A-,945.375,340.0
7564,E-,A-,4,A-,"(0, 3, 8)",I,A-,C,A-,945.5,340.0
7565,E-,A-,4,A-,"(0, 3, 8)",I,A-,C,A-,945.625,340.0
7566,E-,A-,4,A-,"(0, 3, 8)",I,A-,C,A-,945.75,340.0
7567,E-,A-,4,A-,"(0, 3, 8)",I,A-,C,A-,945.875,340.0
7568,E-,A-,0,A-,"(1, 5, 8)",I,D-,C,A-,946.0,341.0
7569,E-,A-,1,D-,"(1, 5, 8)",I,D-,C,A-,946.125,341.0
7570,E-,A-,2,D-,"(1, 5, 8)",I,D-,C,A-,946.25,341.0
7571,E-,A-,2,D-,"(1, 5, 8)",I,D-,C,A-,946.375,341.0
7572,E-,A-,3,D-,"(1, 5, 8)",I,D-,C,A-,946.5,341.0
7573,E-,A-,3,A-,"(1, 5, 8)",I,D-,C,A-,946.625,341.0
7574,E-,A-,3,A-,"(1, 5, 8)",I,D-,C,A-,946.75,341.0
7575,E-,A-,3,A-,"(1, 5, 8)",I,D-,C,A-,946.875,341.0
7576,E-,A-,0,A-,"(0, 3, 8)",I,A-,C,A-,947.0,341.0
7577,E-,A-,1,A-,"(0, 3, 8)",I,A-,C,A-,947.125,341.0
7578,E-,A-,2,A-,"(0, 3, 8)",I,A-,C,A-,947.25,341.0
7579,E-,A-,4,A-,"(0, 3, 8)",I,A-,C,A-,947.375,341.0
7580,E-,A-,3,A-,"(0, 3, 8)",I,A-,C,A-,947.5,341.0
7581,E-,A-,3,A-,"(0, 3, 8)",I,A-,C,A-,947.625,341.0
7582,E-,A-,3,A-,"(0, 3, 8)",I,A-,C,A-,947.75,341.0
7583,E-,A-,3,A-,"(0, 3, 8)",I,A-,C,A-,947.875,341.0
7584,E-,A-,0,A-,"(0, 3, 8)",I,A-,C,A-,948.0,342.0
7585,E-,A-,1,A-,"(0, 3, 8)",I,A-,C,A-,948.125,342.0
7586,E-,A-,2,A-,"(0, 3, 8)",I,A-,C,A-,948.25,342.0
7587,E-,A-,2,A-,"(0, 3, 8)",I,A-,C,A-,948.375,342.0
7588,E-,A-,3,A-,"(0, 3, 8)",I,A-,C,A-,948.5,342.0
7589,E-,A-,3,A-,"(0, 3, 8)",I,A-,C,A-,948.625,342.0
7590,E-,A-,3,A-,"(0, 3, 8)",I,A-,C,A-,948.75,342.0
7591,E-,A-,3,A-,"(0, 3, 8)",I,A-,C,A-,948.875,342.0
7592,E-,A-,0,A-,"(1, 3, 7, 10)",V7,G,C,A-,949.0,342.0
7593,E-,A-,1,A-,"(1, 3, 7, 10)",V7,G,C,A-,949.125,342.0
7594,E-,A-,2,A-,"(1, 3, 7, 10)",V7,G,C,A-,949.25,342.0
7595,E-,A-,2,A-,"(1, 3, 7, 10)",V7,G,C,A-,949.375,342.0
7596,E-,A-,3,A-,"(1, 3, 7, 10)",V7,G,C,A-,949.5,342.0
7597,B-,A-,3,A-,"(1, 3, 7, 10)",V7,G,C,A-,949.625,342.0
7598,B-,A-,3,A-,"(1, 3, 7, 10)",V7,G,C,A-,949.75,342.0
7599,E-,A-,3,A-,"(1, 3, 7, 10)",V7,G,C,A-,949.875,342.0
7600,E-,A-,0,A-,"(0, 3, 8)",I,A-,C,A-,950.0,343.0
7601,E-,A-,1,A-,"(0, 3, 8)",I,A-,C,A-,950.125,343.0
7602,E-,A-,2,A-,"(0, 3, 8)",I,A-,C,A-,950.25,343.0
7603,E-,A-,2,A-,"(0, 3, 8)",I,A-,C,A-,950.375,343.0
7604,E-,A-,3,A-,"(0, 3, 8)",I,A-,C,A-,950.5,343.0
7605,E-,A-,3,A-,"(0, 3, 8)",I,A-,C,A-,950.625,343.0
7606,E-,A-,3,A-,"(0, 3, 8)",I,A-,C,A-,950.75,343.0
7607,E-,A-,3,A-,"(0, 3, 8)",I,A-,C,A-,950.875,343.0
7608,E-,A-,4,A-,"(0, 3, 8)",I,A-,C,A-,951.0,343.0
7609,E-,A-,4,A-,"(0, 3, 8)",I,A-,C,A-,951.125,343.0
7610,E-,A-,4,A-,"(0, 3, 8)",I,A-,C,A-,951.25,343.0
7611,E-,A-,4,A-,"(0, 3, 8)",I,A-,C,A-,951.375,343.0
7612,E-,A-,4,A-,"(0, 3, 8)",I,A-,C,A-,951.5,343.0
7613,E-,A-,4,A-,"(0, 3, 8)",I,A-,C,A-,951.625,343.0
7614,E-,A-,4,A-,"(0, 3, 8)",I,A-,C,A-,951.75,343.0
7615,E-,A-,4,A-,"(0, 3, 8)",I,A-,C,A-,951.875,343.0
7616,C,F,0,f,"(0, 3, 5, 9)",V7,E-,A,b-,952.0,344.0
7617,C,F,1,f,"(0, 3, 5, 9)",V7,E-,A,b-,952.125,344.0
7618,C,F,2,f,"(0, 3, 5, 9)",V7,E-,A,b-,952.25,344.0
7619,C,F,2,f,"(0, 3, 5, 9)",V7,E-,A,b-,952.375,344.0
7620,C,F,3,f,"(0, 3, 5, 9)",V7,E-,A,b-,952.5,344.0
7621,C,F,3,f,"(0, 3, 5, 9)",V7,E-,A,b-,952.625,344.0
7622,C,F,3,f,"(0, 3, 5, 9)",V7,E-,A,b-,952.75,344.0
7623,C,F,3,f,"(0, 3, 5, 9)",V7,E-,A,b-,952.875,344.0
7624,C,F,4,f,"(0, 3, 5, 9)",V7,E-,A,b-,953.0,344.0
7625,C,F,4,f,"(0, 3, 5, 9)",V7,E-,A,b-,953.125,344.0
7626,C,F,4,f,"(0, 3, 5, 9)",V7,E-,A,b-,953.25,344.0
7627,C,F,4,f,"(0, 3, 5, 9)",V7,E-,A,b-,953.375,344.0
7628,C,F,4,f,"(0, 3, 5, 9)",V7,E-,A,b-,953.5,344.0
7629,C,F,4,f,"(0, 3, 5, 9)",V7,E-,A,b-,953.625,344.0
7630,C,F,4,f,"(0, 3, 5, 9)",V7,E-,A,b-,953.75,344.0
7631,C,F,4,f,"(0, 3, 5, 9)",V7,E-,A,b-,953.875,344.0
7632,F,B-,0,f,"(1, 5, 10)",iv,B-,D-,f,954.0,345.0
7633,F,B-,1,f,"(1, 5, 10)",iv,B-,D-,f,954.125,345.0
7634,F,B-,2,f,"(1, 5, 10)",iv,B-,D-,f,954.25,345.0
7635,F,B-,2,f,"(1, 5, 10)",iv,B-,D-,f,954.375,345.0
7636,F,B-,3,f,"(1, 5, 10)",iv,B-,D-,f,954.5,345.0
7637,F,B-,3,f,"(1, 5, 10)",iv,B-,D-,f,954.625,345.0
7638,F,B-,3,f,"(1, 5, 10)",iv,B-,D-,f,954.75,345.0
7639,F,B-,3,f,"(1, 5, 10)",iv,B-,D-,f,954.875,345.0
7640,F,B-,4,f,"(1, 5, 10)",iv,B-,D-,f,955.0,345.0
7641,F,B-,4,f,"(1, 5, 10)",iv,B-,D-,f,955.125,345.0
7642,F,B-,4,f,"(1, 5, 10)",iv,B-,D-,f,955.25,345.0
7643,F,B-,4,f,"(1, 5, 10)",iv,B-,D-,f,955.375,345.0
7644,F,B-,4,f,"(1, 5, 10)",iv,B-,D-,f,955.5,345.0
7645,F,B-,4,f,"(1, 5, 10)",iv,B-,D-,f,955.625,345.0
7646,F,B-,4,f,"(1, 5, 10)",iv,B-,D-,f,955.75,345.0
7647,F,B-,4,f,"(1, 5, 10)",iv,B-,D-,f,955.875,345.0
7648,D,G,0,f,"(2, 5, 7, 11)",V7,F,B,C,956.0,346.0
7649,D,G,1,f,"(2, 5, 7, 11)",V7,F,B,C,956.125,346.0
7650,D,G,2,f,"(2, 5, 7, 11)",V7,F,B,C,956.25,346.0
7651,D,G,2,f,"(2, 5, 7, 11)",V7,F,B,C,956.375,346.0
7652,D,G,3,f,"(2, 5, 7, 11)",V7,F,B,C,956.5,346.0
7653,D,G,3,f,"(2, 5, 7, 11)",V7,F,B,C,956.625,346.0
7654,D,G,3,f,"(2, 5, 7, 11)",V7,F,B,C,956.75,346.0
7655,D,G,3,f,"(2, 5, 7, 11)",V7,F,B,C,956.875,346.0
7656,D,G,4,f,"(2, 5, 7, 11)",V7,F,B,C,957.0,346.0
7657,D,G,4,f,"(2, 5, 7, 11)",V7,F,B,C,957.125,346.0
7658,D,G,4,f,"(2, 5, 7, 11)",V7,F,B,C,957.25,346.0
7659,D,G,4,f,"(2, 5, 7, 11)",V7,F,B,C,957.375,346.0
7660,D,G,4,f,"(2, 5, 7, 11)",V7,F,B,C,957.5,346.0
7661,D,G,4,f,"(2, 5, 7, 11)",V7,F,B,C,957.625,346.0
7662,D,G,4,f,"(2, 5, 7, 11)",V7,F,B,C,957.75,346.0
7663,D,G,4,f,"(2, 5, 7, 11)",V7,F,B,C,957.875,346.0
7664,D,G,0,C,"(2, 5, 7, 11)",V7,F,B,C,958.0,347.0
7665,D,G,1,C,"(2, 5, 7, 11)",V7,F,B,C,958.125,347.0
7666,D,G,2,C,"(2, 5, 7, 11)",V7,F,B,C,958.25,347.0
7667,D,G,2,C,"(2, 5, 7, 11)",V7,F,B,C,958.375,347.0
7668,D,G,3,C,"(2, 5, 7, 11)",V7,F,B,C,958.5,347.0
7669,D,G,3,C,"(2, 5, 7, 11)",V7,F,B,C,958.625,347.0
7670,D,G,3,C,"(2, 5, 7, 11)",V7,F,B,C,958.75,347.0
7671,D,G,3,C,"(2, 5, 7, 11)",V7,F,B,C,958.875,347.0
7672,D,G,4,C,"(2, 5, 7, 11)",V7,F,B,C,959.0,347.0
7673,D,G,4,C,"(2, 5, 7, 11)",V7,F,B,C,959.125,347.0
7674,D,G,4,C,"(2, 5, 7, 11)",V7,F,B,C,959.25,347.0
7675,D,G,4,C,"(2, 5, 7, 11)",V7,F,B,C,959.375,347.0
7676,D,G,4,C,"(2, 5, 7, 11)",V7,F,B,C,959.5,347.0
7677,D,G,4,C,"(2, 5, 7, 11)",V7,F,B,C,959.625,347.0
7678,D,G,4,C,"(2, 5, 7, 11)",V7,F,B,C,959.75,347.0
7679,D,G,4,f,"(2, 5, 7, 11)",V7,F,B,C,959.875,347.0
7680,G,C,0,C,"(0, 4, 7)",I,C,E,C,960.0,348.0
7681,G,C,1,C,"(0, 4, 7)",I,C,E,C,960.125,348.0
7682,G,C,2,C,"(0, 4, 7)",I,C,E,C,960.25,348.0
7683,G,C,2,C,"(0, 4, 7)",I,C,E,C,960.375,348.0
7684,G,C,3,C,"(0, 4, 7)",I,C,E,C,960.5,348.0
7685,G,C,3,C,"(0, 4, 7)",I,C,E,C,960.625,348.0
7686,G,C,3,C,"(0, 4, 7)",I,C,E,C,960.75,348.0
7687,G,C,3,C,"(0, 4, 7)",I,C,E,C,960.875,348.0
7688,G,C,4,C,"(0, 4, 7)",I,C,E,C,961.0,348.0
7689,G,C,4,C,"(0, 4, 7)",I,C,E,C,961.125,348.0
7690,G,C,4,C,"(0, 4, 7)",I,C,E,C,961.25,348.0
7691,G,C,4,C,"(0, 4, 7)",I,C,E,C,961.375,348.0
7692,G,C,4,C,"(0, 4, 7)",I,C,E,C,961.5,348.0
7693,G,C,4,C,"(0, 4, 7)",I,C,E,C,961.625,348.0
7694,G,C,4,C,"(0, 4, 7)",I,C,E,C,961.75,348.0
7695,G,C,4,C,"(0, 4, 7)",I,C,E,C,961.875,348.0
7696,A,C,0,C,"(0, 5, 9)",IV,F,F,C,962.0,349.0
7697,A,C,1,C,"(0, 5, 9)",IV,F,F,C,962.125,349.0
7698,A,C,2,C,"(0, 5, 9)",IV,F,F,C,962.25,349.0
7699,A,C,2,C,"(0, 5, 9)",IV,F,F,C,962.375,349.0
7700,A,C,3,C,"(0, 5, 9)",IV,F,F,C,962.5,349.0
7701,A,C,3,C,"(0, 5, 9)",IV,F,F,C,962.625,349.0
7702,A,C,3,C,"(0, 4, 7)",IV,F,F,C,962.75,349.0
7703,A,C,3,C,"(0, 4, 7)",IV,F,F,C,962.875,349.0
7704,G,C,0,C,"(0, 4, 7)",I,C,E,C,963.0,349.0
7705,G,C,1,C,"(0, 4, 7)",I,C,E,C,963.125,349.0
7706,G,C,2,C,"(0, 4, 7)",I,C,E,C,963.25,349.0
7707,G,C,2,C,"(0, 4, 7)",I,C,E,C,963.375,349.0
7708,G,C,3,C,"(0, 4, 7)",I,C,E,C,963.5,349.0
7709,G,C,3,C,"(0, 4, 7)",I,C,E,C,963.625,349.0
7710,G,C,3,C,"(0, 4, 7)",I,C,E,C,963.75,349.0
7711,G,C,3,C,"(0, 4, 7)",I,C,E,C,963.875,349.0
7712,G,C,0,C,"(0, 4, 7)",I,C,E,C,964.0,350.0
7713,G,C,1,C,"(0, 4, 7)",I,C,E,C,964.125,350.0
7714,G,C,2,C,"(0, 4, 7)",I,C,E,C,964.25,350.0
7715,G,C,2,C,"(0, 4, 7)",I,C,E,C,964.375,350.0
7716,G,C,3,C,"(0, 4, 7)",I,C,E,C,964.5,350.0
7717,G,C,3,C,"(0, 4, 7)",I,C,E,C,964.625,350.0
7718,G,C,3,C,"(0, 4, 7)",I,C,E,C,964.75,350.0
7719,G,C,3,C,"(0, 4, 7)",I,C,E,C,964.875,350.0
7720,G,G,0,C,"(2, 5, 7, 11)",V7,B,B,C,965.0,350.0
7721,G,G,1,C,"(2, 5, 7, 11)",V7,F,B,C,965.125,350.0
7722,G,G,2,C,"(2, 5, 7, 11)",V7,F,B,C,965.25,350.0
7723,G,G,2,C,"(2, 5, 7, 11)",V7,F,B,C,965.375,350.0
7724,G,G,3,C,"(2, 5, 7, 11)",V7,F,B,C,965.5,350.0
7725,G,G,3,C,"(2, 5, 7, 11)",V7,F,B,C,965.625,350.0
7726,G,G,3,C,"(2, 5, 7, 11)",V7,F,B,C,965.75,350.0
7727,G,G,3,C,"(2, 5, 7, 11)",V7,F,B,C,965.875,350.0
7728,G,C,0,C,"(0, 4, 7)",I,C,E,C,966.0,351.0
7729,G,C,1,C,"(0, 4, 7)",I,C,E,C,966.125,351.0
7730,G,C,2,C,"(0, 4, 7)",I,C,E,C,966.25,351.0
7731,G,C,2,C,"(0, 4, 7)",I,C,E,C,966.375,351.0
7732,G,C,3,C,"(0, 4, 7)",I,C,E,C,966.5,351.0
7733,G,C,3,C,"(0, 4, 7)",I,C,E,C,966.625,351.0
7734,G,C,3,C,"(0, 4, 7)",I,C,E,C,966.75,351.0
7735,G,C,3,C,"(0, 4, 7)",I,C,E,C,966.875,351.0
7736,G,C,4,C,"(0, 4, 7)",I,C,E,C,967.0,351.0
7737,G,C,4,C,"(0, 4, 7)",I,C,E,C,967.125,351.0
7738,G,C,4,C,"(0, 4, 7)",I,C,E,C,967.25,351.0
7739,G,C,4,C,"(0, 4, 7)",I,C,E,C,967.375,351.0
7740,G,C,4,C,"(0, 4, 7)",I,C,E,C,967.5,351.0
7741,G,C,4,C,"(0, 4, 7)",I,C,E,C,967.625,351.0
7742,G,C,4,C,"(0, 4, 7)",I,C,E,C,967.75,351.0
7743,G,C,4,C,"(0, 4, 7)",I,C,E,C,967.875,351.0
7744,G,B,0,C,"(2, 7, 11)",V,G,D,C,968.0,352.0
7745,G,B,1,C,"(2, 7, 11)",V,G,D,C,968.125,352.0
7746,G,B,2,C,"(2, 7, 11)",V,G,D,C,968.25,352.0
7747,G,B,2,C,"(2, 7, 11)",V,G,D,C,968.375,352.0
7748,G,B,3,C,"(2, 7, 11)",V,G,D,C,968.5,352.0
7749,G,B,3,C,"(2, 7, 11)",V,G,D,C,968.625,352.0
7750,G,B,3,C,"(2, 7, 11)",V,G,D,C,968.75,352.0
7751,G,B,3,C,"(2, 7, 11)",V,G,D,C,968.875,352.0
7752,G,C,0,C,"(0, 4, 7)",I,C,E,C,969.0,352.0
7753,G,C,1,C,"(0, 4, 7)",I,C,E,C,969.125,352.0
7754,G,C,2,C,"(0, 4, 7)",I,C,E,C,969.25,352.0
7755,G,C,2,C,"(0, 4, 7)",I,C,E,C,969.375,352.0
7756,G,C,3,C,"(0, 4, 7)",I,C,E,C,969.5,352.0
7757,G,C,3,C,"(0, 4, 7)",I,C,E,C,969.625,352.0
7758,G,C,3,C,"(0, 4, 7)",I,C,E,C,969.75,352.0
7759,G,C,3,C,"(0, 4, 7)",I,C,E,C,969.875,352.0
7760,F,A,0,C,"(0, 5, 9)",IV,F,C,C,970.0,353.0
7761,F,A,1,C,"(0, 5, 9)",IV,F,C,C,970.125,353.0
7762,F,A,2,C,"(0, 5, 9)",IV,F,C,C,970.25,353.0
7763,F,A,2,C,"(0, 5, 9)",IV,F,C,C,970.375,353.0
7764,F,A,3,C,"(0, 5, 9)",IV,F,C,C,970.5,353.0
7765,F,A,3,C,"(0, 5, 9)",IV,F,C,C,970.625,353.0
7766,F,A,3,C,"(0, 5, 9)",IV,F,C,C,970.75,353.0
7767,F,A,3,C,"(0, 5, 9)",IV,F,C,C,970.875,353.0
7768,C,F,4,C,"(0, 2, 5, 9)",ii7,F,A,C,971.0,353.0
7769,A,F,4,C,"(0, 2, 5, 9)",ii7,F,A,C,971.125,353.0
7770,A,F,4,C,"(0, 2, 5, 9)",ii7,F,A,C,971.25,353.0
7771,A,F,4,C,"(0, 2, 5, 9)",ii7,F,A,C,971.375,353.0
7772,A,D,4,C,"(2, 5, 9)",ii,D,F,C,971.5,353.0
7773,A,D,4,C,"(2, 5, 9)",ii,D,F,C,971.625,353.0
7774,A,D,4,C,"(2, 5, 9)",ii,D,F,C,971.75,353.0
7775,A,D,4,C,"(2, 5, 9)",ii,D,F,C,971.875,353.0
7776,D,G,0,C,"(2, 7, 11)",V,G,B,C,972.0,354.0
7777,D,G,1,C,"(2, 7, 11)",V,G,B,C,972.125,354.0
7778,D,G,2,C,"(2, 7, 11)",V,G,B,C,972.25,354.0
7779,D,G,2,C,"(2, 7, 11)",V,G,B,C,972.375,354.0
7780,D,G,3,C,"(2, 7, 11)",V,G,B,C,972.5,354.0
7781,D,G,3,C,"(2, 7, 11)",V,G,B,C,972.625,354.0
7782,D,G,3,C,"(2, 7, 11)",V,G,B,C,972.75,354.0
7783,D,G,3,C,"(2, 7, 11)",V,G,B,C,972.875,354.0
7784,D,G,4,C,"(2, 7, 11)",V,G,B,C,973.0,354.0
7785,D,G,4,C,"(2, 7, 11)",V,G,B,C,973.125,354.0
7786,D,G,4,C,"(2, 7, 11)",V,G,B,C,973.25,354.0
7787,D,G,4,C,"(2, 7, 11)",V,G,B,C,973.375,354.0
7788,D,G,3,C,"(2, 7, 11)",V,G,B,C,973.5,354.0
7789,D,G,3,C,"(2, 7, 11)",V,G,B,C,973.625,354.0
7790,D,G,4,C,"(2, 7, 11)",V,G,B,C,973.75,354.0
7791,D,G,4,C,"(2, 7, 11)",V,G,B,C,973.875,354.0
7792,G,C,0,C,"(0, 4, 7)",I,C,E,C,974.0,355.0
7793,G,C,1,C,"(0, 4, 7)",I,C,E,C,974.125,355.0
7794,G,C,2,C,"(0, 4, 7)",I,C,E,C,974.25,355.0
7795,G,C,2,C,"(0, 4, 7)",I,C,E,C,974.375,355.0
7796,G,C,3,C,"(0, 4, 7)",I,C,E,C,974.5,355.0
7797,G,C,3,C,"(0, 4, 7)",I,C,E,C,974.625,355.0
7798,G,C,3,C,"(0, 4, 7)",I,C,E,C,974.75,355.0
7799,G,C,3,C,"(0, 4, 7)",I,C,E,C,974.875,355.0
7800,G,C,4,C,"(0, 4, 7)",I,C,E,C,975.0,355.0
7801,G,C,4,C,"(0, 4, 7)",I,C,E,C,975.125,355.0
7802,G,C,4,C,"(0, 4, 7)",I,C,E,C,975.25,355.0
7803,G,C,4,C,"(0, 4, 7)",I,C,E,C,975.375,355.0
7804,G,C,4,C,"(0, 4, 7)",I,C,E,C,975.5,355.0
7805,G,C,4,C,"(0, 4, 7)",I,C,E,C,975.625,355.0
7806,G,C,4,C,"(0, 4, 7)",I,C,E,C,975.75,355.0
7807,G,C,4,C,"(0, 4, 7)",I,C,E,C,975.875,355.0
7808,G,B,0,C,"(2, 7, 11)",V,G,D,C,976.0,356.0
7809,G,B,1,C,"(2, 7, 11)",V,G,D,C,976.125,356.0
7810,G,B,2,C,"(2, 7, 11)",V,G,D,C,976.25,356.0
7811,G,B,2,C,"(2, 7, 11)",V,G,D,C,976.375,356.0
7812,G,B,3,C,"(2, 7, 11)",V,G,D,C,976.5,356.0
7813,G,B,3,C,"(2, 7, 11)",V,G,D,C,976.625,356.0
7814,G,B,3,C,"(2, 7, 11)",V,G,D,C,976.75,356.0
7815,G,B,3,C,"(2, 7, 11)",V,G,D,C,976.875,356.0
7816,G,C,0,C,"(0, 4, 7)",I,C,E,C,977.0,356.0
7817,G,C,1,C,"(0, 4, 7)",I,C,E,C,977.125,356.0
7818,G,C,2,C,"(0, 4, 7)",I,C,E,C,977.25,356.0
7819,G,C,2,C,"(0, 4, 7)",I,C,E,C,977.375,356.0
7820,G,C,3,C,"(0, 4, 7)",I,C,E,C,977.5,356.0
7821,G,C,3,C,"(0, 4, 7)",I,C,E,C,977.625,356.0
7822,G,C,3,C,"(0, 4, 7)",I,C,E,C,977.75,356.0
7823,G,C,3,C,"(0, 4, 7)",I,C,E,C,977.875,356.0
7824,F,A,0,C,"(0, 5, 9)",IV,F,C,C,978.0,357.0
7825,F,A,1,C,"(0, 5, 9)",IV,F,C,C,978.125,357.0
7826,F,A,2,C,"(0, 5, 9)",IV,F,C,C,978.25,357.0
7827,F,A,2,C,"(0, 5, 9)",IV,F,C,C,978.375,357.0
7828,F,A,3,C,"(0, 5, 9)",IV,F,C,C,978.5,357.0
7829,F,A,3,C,"(0, 5, 9)",IV,F,C,C,978.625,357.0
7830,F,A,3,C,"(0, 5, 9)",IV,F,C,C,978.75,357.0
7831,F,A,3,C,"(0, 5, 9)",IV,F,C,C,978.875,357.0
7832,C,F,4,C,"(0, 2, 5, 9)",ii7,F,A,C,979.0,357.0
7833,A,F,4,C,"(0, 2, 5, 9)",ii7,F,A,C,979.125,357.0
7834,A,F,4,C,"(0, 2, 5, 9)",ii7,F,A,C,979.25,357.0
7835,A,F,4,C,"(0, 2, 5, 9)",ii7,F,A,C,979.375,357.0
7836,A,D,4,C,"(2, 5, 9)",ii,D,F,C,979.5,357.0
7837,A,D,4,C,"(2, 5, 9)",ii,D,F,C,979.625,357.0
7838,A,D,4,C,"(2, 5, 9)",ii,D,F,C,979.75,357.0
7839,A,D,4,C,"(2, 5, 9)",ii,D,F,C,979.875,357.0
7840,D,G,0,C,"(2, 7, 11)",V7,G,B,C,980.0,358.0
7841,D,G,1,C,"(2, 7, 11)",V,G,B,C,980.125,358.0
7842,D,G,2,C,"(2, 7, 11)",V,G,B,C,980.25,358.0
7843,D,G,2,C,"(2, 7, 11)",V,G,B,C,980.375,358.0
7844,D,G,3,C,"(2, 7, 11)",V,G,B,C,980.5,358.0
7845,D,G,3,C,"(2, 7, 11)",V,G,B,C,980.625,358.0
7846,D,G,3,C,"(2, 7, 11)",V,G,B,C,980.75,358.0
7847,D,G,3,C,"(2, 7, 11)",V,G,B,C,980.875,358.0
7848,D,G,4,C,"(2, 7, 11)",V,G,B,C,981.0,358.0
7849,D,G,4,C,"(2, 7, 11)",V,G,B,C,981.125,358.0
7850,D,G,4,C,"(2, 7, 11)",V,G,B,C,981.25,358.0
7851,D,G,4,C,"(2, 7, 11)",V,G,B,C,981.375,358.0
7852,D,G,3,C,"(2, 7, 11)",V,G,B,C,981.5,358.0
7853,D,G,3,C,"(2, 7, 11)",V,G,B,C,981.625,358.0
7854,D,G,3,C,"(2, 7, 11)",V,G,B,C,981.75,358.0
7855,D,G,3,C,"(2, 7, 11)",V,G,B,C,981.875,358.0
7856,G,C,0,C,"(0, 4, 7)",I,C,E,C,982.0,359.0
7857,G,C,1,C,"(0, 4, 7)",I,C,E,C,982.125,359.0
7858,G,C,2,C,"(0, 4, 7)",I,C,E,C,982.25,359.0
7859,G,C,2,C,"(0, 4, 7)",I,C,E,C,982.375,359.0
7860,G,C,3,C,"(0, 4, 7)",I,C,E,C,982.5,359.0
7861,G,C,3,C,"(0, 4, 7)",I,C,E,C,982.625,359.0
7862,G,C,3,C,"(0, 4, 7)",I,C,E,C,982.75,359.0
7863,G,C,3,C,"(0, 4, 7)",I,C,E,C,982.875,359.0
7864,G,C,4,C,"(0, 4, 7)",I,C,E,C,983.0,359.0
7865,G,C,4,C,"(0, 4, 7)",I,C,E,C,983.125,359.0
7866,G,C,4,C,"(0, 4, 7)",I,C,E,C,983.25,359.0
7867,G,C,4,C,"(0, 4, 7)",I,C,E,C,983.375,359.0
7868,G,C,4,C,"(0, 4, 7)",I,C,E,C,983.5,359.0
7869,G,C,4,C,"(0, 4, 7)",I,C,E,C,983.625,359.0
7870,G,C,4,C,"(0, 4, 7)",I,C,E,C,983.75,359.0
7871,G,C,4,C,"(0, 4, 7)",I,C,E,C,983.875,359.0
7872,D,G,0,C,"(2, 5, 7, 11)",V7,F,B,C,984.0,360.0
7873,D,G,1,C,"(2, 5, 7, 11)",V7,F,B,C,984.125,360.0
7874,D,G,2,C,"(2, 5, 7, 11)",V7,F,B,C,984.25,360.0
7875,D,G,2,C,"(2, 5, 7, 11)",V7,F,B,C,984.375,360.0
7876,D,F,3,C,"(2, 5, 7, 11)",V7,D,B,C,984.5,360.0
7877,D,F,3,C,"(2, 5, 7, 11)",V7,D,B,C,984.625,360.0
7878,D,F,3,C,"(2, 5, 7, 11)",V7,D,B,C,984.75,360.0
7879,D,F,3,C,"(2, 5, 7, 11)",V7,D,B,C,984.875,360.0
7880,D,F,4,C,"(2, 5, 7, 11)",V7,F,B,C,985.0,360.0
7881,D,F,4,C,"(2, 5, 7, 11)",V7,F,B,C,985.125,360.0
7882,D,F,4,C,"(2, 5, 7, 11)",V7,F,B,C,985.25,360.0
7883,D,F,4,C,"(2, 5, 7, 11)",V7,F,B,C,985.375,360.0
7884,D,G,4,C,"(2, 5, 7, 11)",V7,F,B,C,985.5,360.0
7885,D,G,4,C,"(2, 5, 7, 11)",V7,F,B,C,985.625,360.0
7886,D,G,4,C,"(2, 5, 7, 11)",V7,F,B,C,985.75,360.0
7887,D,G,4,C,"(2, 5, 7, 11)",V7,F,B,C,985.875,360.0
7888,G,C,0,C,"(0, 4, 7)",I,C,E,C,986.0,361.0
7889,G,C,1,C,"(0, 4, 7)",I,C,E,C,986.125,361.0
7890,G,C,2,C,"(0, 4, 7)",I,C,E,C,986.25,361.0
7891,G,C,2,C,"(0, 4, 7)",I,C,E,C,986.375,361.0
7892,G,C,3,C,"(0, 4, 7)",I,C,E,C,986.5,361.0
7893,G,C,3,C,"(0, 4, 7)",I,C,E,C,986.625,361.0
7894,G,C,3,C,"(0, 4, 7)",I,C,E,C,986.75,361.0
7895,G,C,3,C,"(0, 4, 7)",I,C,E,C,986.875,361.0
7896,G,C,4,C,"(0, 4, 7)",I,C,E,C,987.0,361.0
7897,G,C,4,C,"(0, 4, 7)",I,C,E,C,987.125,361.0
7898,G,C,4,C,"(0, 4, 7)",I,C,E,C,987.25,361.0
7899,G,C,4,C,"(0, 4, 7)",I,C,E,C,987.375,361.0
7900,G,C,4,C,"(0, 4, 7)",I,C,E,C,987.5,361.0
7901,G,C,4,C,"(0, 4, 7)",I,C,E,C,987.625,361.0
7902,G,C,4,C,"(0, 4, 7)",I,C,E,C,987.75,361.0
7903,G,C,4,C,"(0, 4, 7)",I,C,E,C,987.875,361.0
7904,G,C,0,C,"(2, 5, 7, 11)",V7,F,E,C,988.0,362.0
7905,G,C,1,C,"(2, 5, 7, 11)",V7,F,E,C,988.125,362.0
7906,G,C,2,C,"(2, 5, 7, 11)",V7,F,E,C,988.25,362.0
7907,G,C,2,C,"(2, 5, 7, 11)",V7,F,E,C,988.375,362.0
7908,G,C,3,C,"(2, 5, 7, 11)",V7,F,E,C,988.5,362.0
7909,G,C,3,C,"(2, 5, 7, 11)",V7,F,E,C,988.625,362.0
7910,G,C,3,C,"(2, 5, 7, 11)",V7,F,E,C,988.75,362.0
7911,G,C,3,C,"(2, 5, 7, 11)",V7,F,E,C,988.875,362.0
7912,G,C,4,C,"(2, 5, 7, 11)",V7,C,E,C,989.0,362.0
7913,G,C,4,C,"(2, 5, 7, 11)",V7,C,E,C,989.125,362.0
7914,G,C,4,C,"(2, 5, 7, 11)",V7,C,E,C,989.25,362.0
7915,G,C,4,C,"(2, 5, 7, 11)",V7,C,E,C,989.375,362.0
7916,G,C,4,C,"(2, 5, 7, 11)",V7,C,E,C,989.5,362.0
7917,G,C,4,C,"(2, 5, 7, 11)",V7,C,E,C,989.625,362.0
7918,G,C,4,C,"(2, 5, 7, 11)",V7,C,E,C,989.75,362.0
7919,G,C,4,C,"(2, 5, 7, 11)",V7,C,E,C,989.875,362.0
7920,G,C,0,C,"(0, 4, 7)",I,C,E,C,990.0,363.0
7921,G,C,1,C,"(0, 4, 7)",I,C,E,C,990.125,363.0
7922,G,C,2,C,"(0, 4, 7)",I,C,E,C,990.25,363.0
7923,G,C,2,C,"(0, 4, 7)",I,C,E,C,990.375,363.0
7924,G,C,3,C,"(0, 4, 7)",I,C,E,C,990.5,363.0
7925,G,C,3,C,"(0, 4, 7)",I,C,E,C,990.625,363.0
7926,G,C,3,C,"(0, 4, 7)",I,C,E,C,990.75,363.0
7927,G,C,3,C,"(0, 4, 7)",I,C,E,C,990.875,363.0
7928,G,C,4,C,"(0, 4, 7)",I,C,E,C,991.0,363.0
7929,G,C,4,C,"(0, 4, 7)",I,C,E,C,991.125,363.0
7930,G,C,4,C,"(0, 4, 7)",I,C,E,C,991.25,363.0
7931,G,C,4,C,"(0, 4, 7)",I,C,E,C,991.375,363.0
7932,G,C,4,C,"(0, 4, 7)",I,C,E,C,991.5,363.0
7933,G,C,4,C,"(0, 4, 7)",I,C,E,C,991.625,363.0
7934,G,C,4,C,"(0, 4, 7)",I,C,E,C,991.75,363.0
7935,G,C,4,C,"(0, 4, 7)",I,C,E,C,991.875,363.0
7936,D,G,0,C,"(2, 5, 7, 11)",V7,F,B,C,992.0,364.0
7937,D,G,1,C,"(2, 5, 7, 11)",V7,F,B,C,992.125,364.0
7938,D,G,2,C,"(2, 5, 7, 11)",V7,F,B,C,992.25,364.0
7939,D,G,2,C,"(2, 5, 7, 11)",V7,F,B,C,992.375,364.0
7940,D,F,3,C,"(2, 5, 7, 11)",V7,D,B,C,992.5,364.0
7941,D,F,3,C,"(2, 5, 7, 11)",V7,D,B,C,992.625,364.0
7942,D,F,3,C,"(2, 5, 7, 11)",V7,D,B,C,992.75,364.0
7943,D,F,3,C,"(2, 5, 7, 11)",V7,D,B,C,992.875,364.0
7944,D,F,4,C,"(2, 5, 7, 11)",V7,F,B,C,993.0,364.0
7945,D,F,4,C,"(2, 5, 7, 11)",V7,F,B,C,993.125,364.0
7946,D,F,4,C,"(2, 5, 7, 11)",V7,F,B,C,993.25,364.0
7947,D,F,4,C,"(2, 5, 7, 11)",V7,F,B,C,993.375,364.0
7948,D,G,4,C,"(2, 5, 7, 11)",V7,F,B,C,993.5,364.0
7949,D,G,4,C,"(2, 5, 7, 11)",V7,F,B,C,993.625,364.0
7950,D,G,4,C,"(2, 5, 7, 11)",V7,F,B,C,993.75,364.0
7951,D,G,4,C,"(2, 5, 7, 11)",V7,F,B,C,993.875,364.0
7952,G,C,0,C,"(0, 4, 7)",I,C,E,C,994.0,365.0
7953,G,C,1,C,"(0, 4, 7)",I,C,E,C,994.125,365.0
7954,G,C,2,C,"(0, 4, 7)",I,C,E,C,994.25,365.0
7955,G,C,2,C,"(0, 4, 7)",I,C,E,C,994.375,365.0
7956,G,C,3,C,"(0, 4, 7)",I,C,E,C,994.5,365.0
7957,G,C,3,C,"(0, 4, 7)",I,C,E,C,994.625,365.0
7958,G,C,3,C,"(0, 4, 7)",I,C,E,C,994.75,365.0
7959,G,C,3,C,"(0, 4, 7)",I,C,E,C,994.875,365.0
7960,G,C,4,C,"(0, 4, 7)",I,C,E,C,995.0,365.0
7961,G,C,4,C,"(0, 4, 7)",I,C,E,C,995.125,365.0
7962,G,C,4,C,"(0, 4, 7)",I,C,E,C,995.25,365.0
7963,G,C,4,C,"(0, 4, 7)",I,C,E,C,995.375,365.0
7964,G,C,4,C,"(0, 4, 7)",I,C,E,C,995.5,365.0
7965,G,C,4,C,"(0, 4, 7)",I,C,E,C,995.625,365.0
7966,G,C,4,C,"(0, 4, 7)",I,C,E,C,995.75,365.0
7967,G,C,4,C,"(0, 4, 7)",I,C,E,C,995.875,365.0
7968,G,C,0,C,"(2, 5, 7, 11)",V7,F,E,C,996.0,366.0
7969,G,C,1,C,"(2, 5, 7, 11)",V7,F,E,C,996.125,366.0
7970,G,C,2,C,"(2, 5, 7, 11)",V7,F,E,C,996.25,366.0
7971,G,C,2,C,"(2, 5, 7, 11)",V7,F,E,C,996.375,366.0
7972,G,C,3,C,"(2, 5, 7, 11)",V7,F,E,C,996.5,366.0
7973,G,C,3,C,"(2, 5, 7, 11)",V7,F,E,C,996.625,366.0
7974,G,C,3,C,"(2, 5, 7, 11)",V7,F,E,C,996.75,366.0
7975,G,C,3,C,"(2, 5, 7, 11)",V7,F,E,C,996.875,366.0
7976,G,C,4,C,"(2, 5, 7, 11)",V7,C,E,C,997.0,366.0
7977,G,C,4,C,"(2, 5, 7, 11)",V7,C,E,C,997.125,366.0
7978,G,C,4,C,"(2, 5, 7, 11)",V7,C,E,C,997.25,366.0
7979,G,C,4,C,"(2, 5, 7, 11)",V7,C,E,C,997.375,366.0
7980,G,C,4,C,"(2, 5, 7, 11)",V7,C,E,C,997.5,366.0
7981,G,C,4,C,"(2, 5, 7, 11)",V7,C,E,C,997.625,366.0
7982,G,C,4,C,"(2, 5, 7, 11)",V7,C,E,C,997.75,366.0
7983,G,C,4,C,"(2, 5, 7, 11)",V7,C,E,C,997.875,366.0
7984,G,C,0,C,"(0, 4, 7)",I,C,E,C,998.0,367.0
7985,G,C,1,C,"(0, 4, 7)",I,C,E,C,998.125,367.0
7986,G,C,2,C,"(0, 4, 7)",I,C,E,C,998.25,367.0
7987,G,C,2,C,"(0, 4, 7)",I,C,E,C,998.375,367.0
7988,G,C,3,C,"(0, 4, 7)",I,C,E,C,998.5,367.0
7989,G,C,3,C,"(0, 4, 7)",I,C,E,C,998.625,367.0
7990,G,C,3,C,"(0, 4, 7)",I,C,E,C,998.75,367.0
7991,G,C,3,C,"(0, 4, 7)",I,C,E,C,998.875,367.0
7992,G,C,4,C,"(0, 4, 7)",I,C,E,C,999.0,367.0
7993,G,C,4,C,"(0, 4, 7)",I,C,E,C,999.125,367.0
7994,G,C,4,C,"(0, 4, 7)",I,C,E,C,999.25,367.0
7995,G,C,4,C,"(0, 4, 7)",I,C,E,C,999.375,367.0
7996,G,C,4,C,"(0, 4, 7)",I,C,E,C,999.5,367.0
7997,G,C,4,C,"(0, 4, 7)",I,C,E,C,999.625,367.0
7998,G,C,4,C,"(0, 4, 7)",I,C,E,C,999.75,367.0
7999,G,C,4,C,"(0, 4, 7)",I,C,E,C,999.875,367.0
8000,G,C,0,C,"(2, 5, 7, 11)",V7,F,E,C,1000.0,368.0
8001,G,C,1,C,"(2, 5, 7, 11)",V7,F,E,C,1000.125,368.0
8002,G,C,2,C,"(2, 5, 7, 11)",V7,F,E,C,1000.25,368.0
8003,G,C,2,C,"(2, 5, 7, 11)",V7,F,E,C,1000.375,368.0
8004,G,C,3,C,"(2, 5, 7, 11)",V7,F,E,C,1000.5,368.0
8005,G,C,3,C,"(2, 5, 7, 11)",V7,F,E,C,1000.625,368.0
8006,G,C,3,C,"(2, 5, 7, 11)",V7,F,E,C,1000.75,368.0
8007,G,C,3,C,"(2, 5, 7, 11)",V7,F,E,C,1000.875,368.0
8008,G,C,4,C,"(2, 5, 7, 11)",V7,C,E,C,1001.0,368.0
8009,G,C,4,C,"(2, 5, 7, 11)",V7,C,E,C,1001.125,368.0
8010,G,C,4,C,"(2, 5, 7, 11)",V7,C,E,C,1001.25,368.0
8011,G,C,4,C,"(2, 5, 7, 11)",V7,C,E,C,1001.375,368.0
8012,G,C,4,C,"(2, 5, 7, 11)",V7,C,E,C,1001.5,368.0
8013,G,C,4,C,"(2, 5, 7, 11)",V7,C,E,C,1001.625,368.0
8014,G,C,4,C,"(2, 5, 7, 11)",V7,C,E,C,1001.75,368.0
8015,G,C,4,C,"(2, 5, 7, 11)",V7,C,E,C,1001.875,368.0
8016,G,C,0,C,"(0, 4, 7)",I,C,E,C,1002.0,369.0
8017,G,C,1,C,"(0, 4, 7)",I,C,E,C,1002.125,369.0
8018,G,C,2,C,"(0, 4, 7)",I,C,E,C,1002.25,369.0
8019,G,C,2,C,"(0, 4, 7)",I,C,E,C,1002.375,369.0
8020,G,C,3,C,"(0, 4, 7)",I,C,E,C,1002.5,369.0
8021,G,C,3,C,"(0, 4, 7)",I,C,E,C,1002.625,369.0
8022,G,C,3,C,"(0, 4, 7)",I,C,E,C,1002.75,369.0
8023,G,C,3,C,"(0, 4, 7)",I,C,E,C,1002.875,369.0
8024,G,C,4,C,"(0, 4, 7)",I,C,E,C,1003.0,369.0
8025,G,C,4,C,"(0, 4, 7)",I,C,E,C,1003.125,369.0
8026,G,C,4,C,"(0, 4, 7)",I,C,E,C,1003.25,369.0
8027,G,C,4,C,"(0, 4, 7)",I,C,E,C,1003.375,369.0
8028,G,C,4,C,"(0, 4, 7)",I,C,E,C,1003.5,369.0
8029,G,C,4,C,"(0, 4, 7)",I,C,E,C,1003.625,369.0
8030,G,C,4,C,"(0, 4, 7)",I,C,E,C,1003.75,369.0
8031,G,C,4,C,"(0, 4, 7)",I,C,E,C,1003.875,369.0
8032,G,C,0,C,"(0, 4, 7)",I,C,E,C,1004.0,370.0
8033,G,C,1,C,"(0, 4, 7)",I,C,E,C,1004.125,370.0
8034,G,C,2,C,"(0, 4, 7)",I,C,E,C,1004.25,370.0
8035,G,C,2,C,"(0, 4, 7)",I,C,E,C,1004.375,370.0
8036,G,C,3,C,"(0, 4, 7)",I,C,E,C,1004.5,370.0
8037,G,C,3,C,"(0, 4, 7)",I,C,E,C,1004.625,370.0
8038,G,C,3,C,"(0, 4, 7)",I,C,E,C,1004.75,370.0
8039,G,C,3,C,"(0, 4, 7)",I,C,E,C,1004.875,370.0
8040,G,C,4,C,"(0, 4, 7)",I,C,E,C,1005.0,370.0
8041,G,C,4,C,"(0, 4, 7)",I,C,E,C,1005.125,370.0
8042,G,C,4,C,"(0, 4, 7)",I,C,E,C,1005.25,370.0
8043,G,C,4,C,"(0, 4, 7)",I,C,E,C,1005.375,370.0
8044,G,C,4,C,"(0, 4, 7)",I,C,E,C,1005.5,370.0
8045,G,C,4,C,"(0, 4, 7)",I,C,E,C,1005.625,370.0
8046,G,C,4,C,"(0, 4, 7)",I,C,E,C,1005.75,370.0
8047,G,C,4,C,"(0, 4, 7)",I,C,E,C,1005.875,370.0
8048,G,C,0,C,"(0, 4, 7)",I,C,E,C,1006.0,371.0
8049,G,C,1,C,"(0, 4, 7)",I,C,E,C,1006.125,371.0
8050,G,C,2,C,"(0, 4, 7)",I,C,E,C,1006.25,371.0
8051,G,C,6,C,"(0, 4, 7)",I,C,E,C,1006.375,371.0
8052,G,C,3,C,"(0, 4, 7)",I,C,E,C,1006.5,371.0
8053,G,C,3,C,"(0, 4, 7)",I,C,E,C,1006.625,371.0
8054,G,C,3,C,"(0, 4, 7)",I,C,E,C,1006.75,371.0
8055,G,C,3,C,"(0, 4, 7)",I,C,E,C,1006.875,371.0
8056,G,C,4,C,"(0, 4, 7)",I,C,E,C,1007.0,371.0
8057,G,C,4,C,"(0, 4, 7)",I,C,E,C,1007.125,371.0
8058,G,C,4,C,"(0, 4, 7)",I,C,E,C,1007.25,371.0
8059,G,C,4,C,"(0, 4, 7)",I,C,E,C,1007.375,371.0
8060,G,C,4,C,"(0, 4, 7)",I,C,E,C,1007.5,371.0
8061,G,C,4,C,"(0, 4, 7)",I,C,E,C,1007.625,371.0
8062,G,C,4,C,"(0, 4, 7)",I,C,E,C,1007.75,371.0
8063,G,C,4,C,"(0, 4, 7)",I,C,E,C,1007.875,371.0
8064,C--,C--,6,A,"(0, 1, 5, 8)",Cad,C--,C--,A,,
8065,C--,C--,6,A,"(0, 1, 5, 8)",Cad,C--,C--,A,,
8066,C--,C--,6,A,"(0, 1, 5, 8)",Cad,C--,C--,A,,
8067,C--,C--,6,A,"(0, 1, 5, 8)",Cad,C--,C--,A,,
8068,C--,C--,6,A,"(0, 1, 5, 8)",Cad,C--,C--,A,,
8069,C--,C--,6,A,"(0, 1, 5, 8)",Cad,C--,C--,A,,
8070,C--,C--,6,A,"(0, 1, 5, 8)",Cad,C--,C--,A,,
8071,C--,C--,6,A,"(0, 1, 5, 8)",Cad,C--,C--,A,,
8072,C--,C--,6,A,"(0, 1, 5, 8)",Cad,C--,C--,A,,
8073,C--,C--,6,A,"(0, 1, 5, 8)",Cad,C--,C--,A,,
8074,C--,C--,6,A,"(0, 1, 5, 8)",Cad,C--,C--,A,,
8075,C--,C--,6,A,"(0, 1, 5, 8)",Cad,C--,C--,A,,
8076,C--,C--,6,A,"(0, 1, 5, 8)",Cad,C--,C--,A,,
8077,C--,C--,6,A,"(0, 1, 5, 8)",Cad,C--,C--,A,,
8078,C--,C--,6,A,"(0, 1, 5, 8)",Cad,C--,C--,A,,
8079,C--,C--,6,A,"(0, 1, 5, 8)",Cad,C--,C--,A,,
8080,C--,C--,6,A,"(0, 1, 5, 8)",Cad,C--,C--,A,,
8081,C--,C--,6,A,"(0, 1, 5, 8)",Cad,C--,C--,A,,
8082,C--,C--,6,A,"(0, 1, 5, 8)",Cad,C--,C--,A,,
8083,C--,C--,6,A,"(0, 1, 5, 8)",Cad,C--,C--,A,,
8084,C--,C--,6,A,"(0, 1, 5, 8)",Cad,C--,C--,A,,
8085,C--,C--,6,A,"(0, 1, 5, 8)",Cad,C--,C--,A,,
8086,C--,C--,6,A,"(0, 1, 5, 8)",Cad,C--,C--,A,,
8087,C--,C--,6,A,"(0, 1, 5, 8)",Cad,C--,C--,A,,
8088,C--,C--,6,A,"(0, 1, 5, 8)",Cad,C--,C--,A,,
8089,C--,C--,6,A,"(0, 1, 5, 8)",Cad,C--,C--,A,,
8090,C--,C--,6,A,"(0, 1, 5, 8)",Cad,C--,C--,A,,
8091,C--,C--,6,A,"(0, 1, 5, 8)",Cad,C--,C--,A,,
8092,C--,C--,6,A,"(0, 1, 5, 8)",Cad,C--,C--,A,,
8093,C--,C--,6,A,"(0, 1, 5, 8)",Cad,C--,C--,A,,
8094,C--,C--,6,A,"(0, 1, 5, 8)",Cad,C--,C--,A,,
8095,C--,C--,6,A,"(0, 1, 5, 8)",Cad,C--,C--,A,,
8096,C--,C--,6,A,"(0, 1, 5, 8)",Cad,C--,C--,A,,
8097,C--,C--,6,A,"(0, 1, 5, 8)",Cad,C--,C--,A,,
8098,C--,C--,6,A,"(0, 1, 5, 8)",Cad,C--,C--,A,,
8099,C--,C--,6,A,"(0, 1, 5, 8)",Cad,C--,C--,A,,
8100,C--,C--,6,A,"(0, 1, 5, 8)",Cad,C--,C--,A,,
8101,C--,C--,6,A,"(0, 1, 5, 8)",Cad,C--,C--,A,,
8102,C--,C--,6,A,"(0, 1, 5, 8)",Cad,C--,C--,A,,
8103,C--,C--,6,A,"(0, 1, 5, 8)",Cad,C--,C--,A,,
8104,C--,C--,6,A,"(0, 1, 5, 8)",Cad,C--,C--,A,,
8105,C--,C--,6,A,"(0, 1, 5, 8)",Cad,C--,C--,A,,
8106,C--,C--,6,A,"(0, 1, 5, 8)",Cad,C--,C--,A,,
8107,C--,C--,6,A,"(0, 1, 5, 8)",Cad,C--,C--,A,,
8108,C--,C--,6,A,"(0, 1, 5, 8)",Cad,C--,C--,A,,
8109,C--,C--,6,A,"(0, 1, 5, 8)",Cad,C--,C--,A,,
8110,C--,C--,6,A,"(0, 1, 5, 8)",Cad,C--,C--,A,,
8111,C--,C--,6,A,"(0, 1, 5, 8)",Cad,C--,C--,A,,
8112,C--,C--,6,A,"(0, 1, 5, 8)",Cad,C--,C--,A,,
8113,C--,C--,6,A,"(0, 1, 5, 8)",Cad,C--,C--,A,,
8114,C--,C--,6,A,"(0, 1, 5, 8)",Cad,C--,C--,A,,
8115,C--,C--,6,A,"(0, 1, 5, 8)",Cad,C--,C--,A,,
8116,C--,C--,6,A,"(0, 1, 5, 8)",Cad,C--,C--,A,,
8117,C--,C--,6,A,"(0, 1, 5, 8)",Cad,C--,C--,A,,
8118,C--,C--,6,A,"(0, 1, 5, 8)",Cad,C--,C--,A,,
8119,C--,C--,6,A,"(0, 1, 5, 8)",Cad,C--,C--,A,,
8120,C--,C--,6,A,"(0, 1, 5, 8)",Cad,C--,C--,A,,
8121,C--,C--,6,A,"(0, 1, 5, 8)",Cad,C--,C--,A,,
8122,C--,C--,6,A,"(0, 1, 5, 8)",Cad,C--,C--,A,,
8123,C--,C--,6,A,"(0, 1, 5, 8)",Cad,C--,C--,A,,
8124,C--,C--,6,A,"(0, 1, 5, 8)",Cad,C--,C--,A,,
8125,C--,C--,6,A,"(0, 1, 5, 8)",Cad,C--,C--,A,,
8126,C--,C--,6,A,"(0, 1, 5, 8)",Cad,C--,C--,A,,
8127,C--,C--,6,A,"(0, 1, 5, 8)",Cad,C--,C--,A,,
8128,C--,C--,6,A,"(0, 1, 5, 8)",Cad,C--,C--,A,,
8129,C--,C--,6,A,"(0, 1, 5, 8)",Cad,C--,C--,A,,
8130,C--,C--,6,A,"(0, 1, 5, 8)",Cad,C--,C--,A,,
8131,C--,C--,6,A,"(0, 1, 5, 8)",Cad,C--,C--,A,,
8132,C--,C--,6,A,"(0, 1, 5, 8)",Cad,C--,C--,A,,
8133,C--,C--,6,A,"(0, 1, 5, 8)",Cad,C--,C--,A,,
8134,C--,C--,6,A,"(0, 1, 5, 8)",Cad,C--,C--,A,,
8135,C--,C--,6,A,"(0, 1, 5, 8)",Cad,C--,C--,A,,
8136,C--,C--,6,A,"(0, 1, 5, 8)",Cad,C--,C--,A,,
8137,C--,C--,6,A,"(0, 1, 5, 8)",Cad,C--,C--,A,,
8138,C--,C--,6,A,"(0, 1, 5, 8)",Cad,C--,C--,A,,
8139,C--,C--,6,A,"(0, 1, 5, 8)",Cad,C--,C--,A,,
8140,C--,C--,6,A,"(0, 1, 5, 8)",Cad,C--,C--,A,,
8141,C--,C--,6,A,"(0, 1, 5, 8)",Cad,C--,C--,A,,
8142,C--,C--,6,A,"(0, 1, 5, 8)",Cad,C--,C--,A,,
8143,C--,C--,6,A,"(0, 1, 5, 8)",Cad,C--,C--,A,,
8144,C--,C--,6,A,"(0, 1, 5, 8)",Cad,C--,C--,A,,
8145,C--,C--,6,A,"(0, 1, 5, 8)",Cad,C--,C--,A,,
8146,C--,C--,6,A,"(0, 1, 5, 8)",Cad,C--,C--,A,,
8147,C--,C--,6,A,"(0, 1, 5, 8)",Cad,C--,C--,A,,
8148,C--,C--,6,A,"(0, 1, 5, 8)",Cad,C--,C--,A,,
8149,C--,C--,6,A,"(0, 1, 5, 8)",Cad,C--,C--,A,,
8150,C--,C--,6,A,"(0, 1, 5, 8)",Cad,C--,C--,A,,
8151,C--,C--,6,A,"(0, 1, 5, 8)",Cad,C--,C--,A,,
8152,C--,C--,6,A,"(0, 1, 5, 8)",Cad,C--,C--,A,,
8153,C--,C--,6,A,"(0, 1, 5, 8)",Cad,C--,C--,A,,
8154,C--,C--,6,A,"(0, 1, 5, 8)",Cad,C--,C--,A,,
8155,C--,C--,6,A,"(0, 1, 5, 8)",Cad,C--,C--,A,,
8156,C--,C--,6,A,"(0, 1, 5, 8)",Cad,C--,C--,A,,
8157,C--,C--,6,A,"(0, 1, 5, 8)",Cad,C--,C--,A,,
8158,C--,C--,6,A,"(0, 1, 5, 8)",Cad,C--,C--,A,,
8159,C--,C--,6,A,"(0, 1, 5, 8)",Cad,C--,C--,A,,
8160,C--,C--,6,A,"(0, 1, 5, 8)",Cad,C--,C--,A,,
8161,C--,C--,6,A,"(0, 1, 5, 8)",Cad,C--,C--,A,,
8162,C--,C--,6,A,"(0, 1, 5, 8)",Cad,C--,C--,A,,
8163,C--,C--,6,A,"(0, 1, 5, 8)",Cad,C--,C--,A,,
8164,C--,C--,6,A,"(0, 1, 5, 8)",Cad,C--,C--,A,,
8165,C--,C--,6,A,"(0, 1, 5, 8)",Cad,C--,C--,A,,
8166,C--,C--,6,A,"(0, 1, 5, 8)",Cad,C--,C--,A,,
8167,C--,C--,6,A,"(0, 1, 5, 8)",Cad,C--,C--,A,,
8168,C--,C--,6,A,"(0, 1, 5, 8)",Cad,C--,C--,A,,
8169,C--,C--,6,A,"(0, 1, 5, 8)",Cad,C--,C--,A,,
8170,C--,C--,6,A,"(0, 1, 5, 8)",Cad,C--,C--,A,,
8171,C--,C--,6,A,"(0, 1, 5, 8)",Cad,C--,C--,A,,
8172,C--,C--,6,A,"(0, 1, 5, 8)",Cad,C--,C--,A,,
8173,C--,C--,6,A,"(0, 1, 5, 8)",Cad,C--,C--,A,,
8174,C--,C--,6,A,"(0, 1, 5, 8)",Cad,C--,C--,A,,
8175,C--,C--,6,A,"(0, 1, 5, 8)",Cad,C--,C--,A,,
8176,C--,C--,6,A,"(0, 1, 5, 8)",Cad,C--,C--,A,,
8177,C--,C--,6,A,"(0, 1, 5, 8)",Cad,C--,C--,A,,
8178,C--,C--,6,A,"(0, 1, 5, 8)",Cad,C--,C--,A,,
8179,C--,C--,6,A,"(0, 1, 5, 8)",Cad,C--,C--,A,,
8180,C--,C--,6,A,"(0, 1, 5, 8)",Cad,C--,C--,A,,
8181,C--,C--,6,A,"(0, 1, 5, 8)",Cad,C--,C--,A,,
8182,C--,C--,6,A,"(0, 1, 5, 8)",Cad,C--,C--,A,,
8183,C--,C--,6,A,"(0, 1, 5, 8)",Cad,C--,C--,A,,
8184,C--,C--,6,A,"(0, 1, 5, 8)",Cad,C--,C--,A,,
8185,C--,C--,6,A,"(0, 1, 5, 8)",Cad,C--,C--,A,,
8186,C--,C--,6,A,"(0, 1, 5, 8)",Cad,C--,C--,A,,
8187,C--,C--,6,A,"(0, 1, 5, 8)",Cad,C--,C--,A,,
8188,C--,C--,6,A,"(0, 1, 5, 8)",Cad,C--,C--,A,,
8189,C--,C--,6,A,"(0, 1, 5, 8)",Cad,C--,C--,A,,
8190,C--,C--,6,A,"(0, 1, 5, 8)",Cad,C--,C--,A,,
8191,C--,C--,6,A,"(0, 1, 5, 8)",Cad,C--,C--,A,,
8192,C--,C--,6,A,"(0, 1, 5, 8)",Cad,C--,C--,A,,
8193,C--,C--,6,A,"(0, 1, 5, 8)",Cad,C--,C--,A,,
8194,C--,C--,6,A,"(0, 1, 5, 8)",Cad,C--,C--,A,,
8195,C--,C--,6,A,"(0, 1, 5, 8)",Cad,C--,C--,A,,
8196,C--,C--,6,A,"(0, 1, 5, 8)",Cad,C--,C--,A,,
8197,C--,C--,6,A,"(0, 1, 5, 8)",Cad,C--,C--,A,,
8198,C--,C--,6,A,"(0, 1, 5, 8)",Cad,C--,C--,A,,
8199,C--,C--,6,A,"(0, 1, 5, 8)",Cad,C--,C--,A,,
8200,C--,C--,6,A,"(0, 1, 5, 8)",Cad,C--,C--,A,,
8201,C--,C--,6,A,"(0, 1, 5, 8)",Cad,C--,C--,A,,
8202,C--,C--,6,A,"(0, 1, 5, 8)",Cad,C--,C--,A,,
8203,C--,C--,6,A,"(0, 1, 5, 8)",Cad,C--,C--,A,,
8204,C--,C--,6,A,"(0, 1, 5, 8)",Cad,C--,C--,A,,
8205,C--,C--,6,A,"(0, 1, 5, 8)",Cad,C--,C--,A,,
8206,C--,C--,6,A,"(0, 1, 5, 8)",Cad,C--,C--,A,,
8207,C--,C--,6,A,"(0, 1, 5, 8)",Cad,C--,C--,A,,
8208,C--,C--,6,A,"(0, 1, 5, 8)",Cad,C--,C--,A,,
8209,C--,C--,6,A,"(0, 1, 5, 8)",Cad,C--,C--,A,,
8210,C--,C--,6,A,"(0, 1, 5, 8)",Cad,C--,C--,A,,
8211,C--,C--,6,A,"(0, 1, 5, 8)",Cad,C--,C--,A,,
8212,C--,C--,6,A,"(0, 1, 5, 8)",Cad,C--,C--,A,,
8213,C--,C--,6,A,"(0, 1, 5, 8)",Cad,C--,C--,A,,
8214,C--,C--,6,A,"(0, 1, 5, 8)",Cad,C--,C--,A,,
8215,C--,C--,6,A,"(0, 1, 5, 8)",Cad,C--,C--,A,,
8216,C--,C--,6,A,"(0, 1, 5, 8)",Cad,C--,C--,A,,
8217,C--,C--,6,A,"(0, 1, 5, 8)",Cad,C--,C--,A,,
8218,C--,C--,6,A,"(0, 1, 5, 8)",Cad,C--,C--,A,,
8219,C--,C--,6,A,"(0, 1, 5, 8)",Cad,C--,C--,A,,
8220,C--,C--,6,A,"(0, 1, 5, 8)",Cad,C--,C--,A,,
8221,C--,C--,6,A,"(0, 1, 5, 8)",Cad,C--,C--,A,,
8222,C--,C--,6,A,"(0, 1, 5, 8)",Cad,C--,C--,A,,
8223,C--,C--,6,A,"(0, 1, 5, 8)",Cad,C--,C--,A,,
8224,C--,C--,6,A,"(0, 1, 5, 8)",Cad,C--,C--,A,,
8225,C--,C--,6,A,"(0, 1, 5, 8)",Cad,C--,C--,A,,
8226,C--,C--,6,A,"(0, 1, 5, 8)",Cad,C--,C--,A,,
8227,C--,C--,6,A,"(0, 1, 5, 8)",Cad,C--,C--,A,,
8228,C--,C--,6,A,"(0, 1, 5, 8)",Cad,C--,C--,A,,
8229,C--,C--,6,A,"(0, 1, 5, 8)",Cad,C--,C--,A,,
8230,C--,C--,6,A,"(0, 1, 5, 8)",Cad,C--,C--,A,,
8231,C--,C--,6,A,"(0, 1, 5, 8)",Cad,C--,C--,A,,
8232,C--,C--,6,A,"(0, 1, 5, 8)",Cad,C--,C--,A,,
8233,C--,C--,6,A,"(0, 1, 5, 8)",Cad,C--,C--,A,,
8234,C--,C--,6,A,"(0, 1, 5, 8)",Cad,C--,C--,A,,
8235,C--,C--,6,A,"(0, 1, 5, 8)",Cad,C--,C--,A,,
8236,C--,C--,6,A,"(0, 1, 5, 8)",Cad,C--,C--,A,,
8237,C--,C--,6,A,"(0, 1, 5, 8)",Cad,C--,C--,A,,
8238,C--,C--,6,A,"(0, 1, 5, 8)",Cad,C--,C--,A,,
8239,C--,C--,6,A,"(0, 1, 5, 8)",Cad,C--,C--,A,,
8240,C--,C--,6,A,"(0, 1, 5, 8)",Cad,C--,C--,A,,
8241,C--,C--,6,A,"(0, 1, 5, 8)",Cad,C--,C--,A,,
8242,C--,C--,6,A,"(0, 1, 5, 8)",Cad,C--,C--,A,,
8243,C--,C--,6,A,"(0, 1, 5, 8)",Cad,C--,C--,A,,
8244,C--,C--,6,A,"(0, 1, 5, 8)",Cad,C--,C--,A,,
8245,C--,C--,6,A,"(0, 1, 5, 8)",Cad,C--,C--,A,,
8246,C--,C--,6,A,"(0, 1, 5, 8)",Cad,C--,C--,A,,
8247,C--,C--,6,A,"(0, 1, 5, 8)",Cad,C--,C--,A,,
8248,C--,C--,6,A,"(0, 1, 5, 8)",Cad,C--,C--,A,,
8249,C--,C--,6,A,"(0, 1, 5, 8)",Cad,C--,C--,A,,
8250,C--,C--,6,A,"(0, 1, 5, 8)",Cad,C--,C--,A,,
8251,C--,C--,6,A,"(0, 1, 5, 8)",Cad,C--,C--,A,,
8252,C--,C--,6,A,"(0, 1, 5, 8)",Cad,C--,C--,A,,
8253,C--,C--,6,A,"(0, 1, 5, 8)",Cad,C--,C--,A,,
8254,C--,C--,6,A,"(0, 1, 5, 8)",Cad,C--,C--,A,,
8255,C--,C--,6,A,"(0, 1, 5, 8)",Cad,C--,C--,A,,
8256,C--,C--,6,A,"(0, 1, 5, 8)",Cad,C--,C--,A,,
8257,C--,C--,6,A,"(0, 1, 5, 8)",Cad,C--,C--,A,,
8258,C--,C--,6,A,"(0, 1, 5, 8)",Cad,C--,C--,A,,
8259,C--,C--,6,A,"(0, 1, 5, 8)",Cad,C--,C--,A,,
8260,C--,C--,6,A,"(0, 1, 5, 8)",Cad,C--,C--,A,,
8261,C--,C--,6,A,"(0, 1, 5, 8)",Cad,C--,C--,A,,
8262,C--,C--,6,A,"(0, 1, 5, 8)",Cad,C--,C--,A,,
8263,C--,C--,6,A,"(0, 1, 5, 8)",Cad,C--,C--,A,,
8264,C--,C--,6,A,"(0, 1, 5, 8)",Cad,C--,C--,A,,
8265,C--,C--,6,A,"(0, 1, 5, 8)",Cad,C--,C--,A,,
8266,C--,C--,6,A,"(0, 1, 5, 8)",Cad,C--,C--,A,,
8267,C--,C--,6,A,"(0, 1, 5, 8)",Cad,C--,C--,A,,
8268,C--,C--,6,A,"(0, 1, 5, 8)",Cad,C--,C--,A,,
8269,C--,C--,6,A,"(0, 1, 5, 8)",Cad,C--,C--,A,,
8270,C--,C--,6,A,"(0, 1, 5, 8)",Cad,C--,C--,A,,
8271,C--,C--,6,A,"(0, 1, 5, 8)",Cad,C--,C--,A,,
8272,C--,C--,6,A,"(0, 1, 5, 8)",Cad,C--,C--,A,,
8273,C--,C--,6,A,"(0, 1, 5, 8)",Cad,C--,C--,A,,
8274,C--,C--,6,A,"(0, 1, 5, 8)",Cad,C--,C--,A,,
8275,C--,C--,6,A,"(0, 1, 5, 8)",Cad,C--,C--,A,,
8276,C--,C--,6,A,"(0, 1, 5, 8)",Cad,C--,C--,A,,
8277,C--,C--,6,A,"(0, 1, 5, 8)",Cad,C--,C--,A,,
8278,C--,C--,6,A,"(0, 1, 5, 8)",Cad,C--,C--,A,,
8279,C--,C--,6,A,"(0, 1, 5, 8)",Cad,C--,C--,A,,
8280,C--,C--,6,A,"(0, 1, 5, 8)",Cad,C--,C--,A,,
8281,C--,C--,6,A,"(0, 1, 5, 8)",Cad,C--,C--,A,,
8282,C--,C--,6,A,"(0, 1, 5, 8)",Cad,C--,C--,A,,
8283,C--,C--,6,A,"(0, 1, 5, 8)",Cad,C--,C--,A,,
8284,C--,C--,6,A,"(0, 1, 5, 8)",Cad,C--,C--,A,,
8285,C--,C--,6,A,"(0, 1, 5, 8)",Cad,C--,C--,A,,
8286,C--,C--,6,A,"(0, 1, 5, 8)",Cad,C--,C--,A,,
8287,C--,C--,6,A,"(0, 1, 5, 8)",Cad,C--,C--,A,,
8288,C--,C--,6,A,"(0, 1, 5, 8)",Cad,C--,C--,A,,
8289,C--,C--,6,A,"(0, 1, 5, 8)",Cad,C--,C--,A,,
8290,C--,C--,6,A,"(0, 1, 5, 8)",Cad,C--,C--,A,,
8291,C--,C--,6,A,"(0, 1, 5, 8)",Cad,C--,C--,A,,
8292,C--,C--,6,A,"(0, 1, 5, 8)",Cad,C--,C--,A,,
8293,C--,C--,6,A,"(0, 1, 5, 8)",Cad,C--,C--,A,,
8294,C--,C--,6,A,"(0, 1, 5, 8)",Cad,C--,C--,A,,
8295,C--,C--,6,A,"(0, 1, 5, 8)",Cad,C--,C--,A,,
8296,C--,C--,6,A,"(0, 1, 5, 8)",Cad,C--,C--,A,,
8297,C--,C--,6,A,"(0, 1, 5, 8)",Cad,C--,C--,A,,
8298,C--,C--,6,A,"(0, 1, 5, 8)",Cad,C--,C--,A,,
8299,C--,C--,6,A,"(0, 1, 5, 8)",Cad,C--,C--,A,,
8300,C--,C--,6,A,"(0, 1, 5, 8)",Cad,C--,C--,A,,
8301,C--,C--,6,A,"(0, 1, 5, 8)",Cad,C--,C--,A,,
8302,C--,C--,6,A,"(0, 1, 5, 8)",Cad,C--,C--,A,,
8303,C--,C--,6,A,"(0, 1, 5, 8)",Cad,C--,C--,A,,
8304,C--,C--,6,A,"(0, 1, 5, 8)",Cad,C--,C--,A,,
8305,C--,C--,6,A,"(0, 1, 5, 8)",Cad,C--,C--,A,,
8306,C--,C--,6,A,"(0, 1, 5, 8)",Cad,C--,C--,A,,
8307,C--,C--,6,A,"(0, 1, 5, 8)",Cad,C--,C--,A,,
8308,C--,C--,6,A,"(0, 1, 5, 8)",Cad,C--,C--,A,,
8309,C--,C--,6,A,"(0, 1, 5, 8)",Cad,C--,C--,A,,
8310,C--,C--,6,A,"(0, 1, 5, 8)",Cad,C--,C--,A,,
8311,C--,C--,6,A,"(0, 1, 5, 8)",Cad,C--,C--,A,,
8312,C--,C--,6,A,"(0, 1, 5, 8)",Cad,C--,C--,A,,
8313,C--,C--,6,A,"(0, 1, 5, 8)",Cad,C--,C--,A,,
8314,C--,C--,6,A,"(0, 1, 5, 8)",Cad,C--,C--,A,,
8315,C--,C--,6,A,"(0, 1, 5, 8)",Cad,C--,C--,A,,
8316,C--,C--,6,A,"(0, 1, 5, 8)",Cad,C--,C--,A,,
8317,C--,C--,6,A,"(0, 1, 5, 8)",Cad,C--,C--,A,,
8318,C--,C--,6,A,"(0, 1, 5, 8)",Cad,C--,C--,A,,
8319,C--,C--,6,A,"(0, 1, 5, 8)",Cad,C--,C--,A,,
