,Alto35,Bass35,HarmonicRhythm7,LocalKey38,PitchClassSet121,RomanNumeral31,Soprano35,Tenor35,TonicizedKey38,offset,measure
0,A,D,0,D,"(2, 6, 9)",I,D,F#,D,0.0,1.0
1,A,D,1,D,"(2, 6, 9)",I,D,F#,D,0.125,1.0
2,A,D,2,D,"(2, 6, 9)",I,D,F#,D,0.25,1.0
3,A,D,2,D,"(2, 6, 9)",I,D,F#,D,0.375,1.0
4,A,D,3,D,"(2, 6, 9)",I,D,F#,D,0.5,1.0
5,A,D,3,D,"(2, 6, 9)",I,D,F#,D,0.625,1.0
6,A,D,3,D,"(2, 6, 9)",I,D,F#,D,0.75,1.0
7,A,D,3,D,"(2, 6, 9)",I,D,F#,D,0.875,1.0
8,A,D,4,D,"(2, 6, 9)",I,D,F#,D,1.0,1.0
9,A,D,4,D,"(2, 6, 9)",I,D,F#,D,1.125,1.0
10,A,D,4,D,"(2, 6, 9)",I,D,F#,D,1.25,1.0
11,A,D,4,D,"(2, 6, 9)",I,D,F#,D,1.375,1.0
12,A,D,4,D,"(2, 6, 9)",I,D,F#,D,1.5,1.0
13,A,D,4,D,"(2, 6, 9)",I,D,F#,D,1.625,1.0
14,A,D,4,D,"(2, 6, 9)",I,D,F#,D,1.75,1.0
15,A,D,4,D,"(2, 6, 9)",I,D,F#,D,1.875,1.0
16,A,D,0,D,"(2, 6, 9)",I,D,F#,D,2.0,2.0
17,A,D,1,D,"(2, 6, 9)",I,D,F#,D,2.125,2.0
18,A,D,2,D,"(2, 6, 9)",I,D,F#,D,2.25,2.0
19,A,D,2,D,"(2, 6, 9)",I,D,F#,D,2.375,2.0
20,A,D,3,D,"(2, 6, 9)",I,D,F#,D,2.5,2.0
21,A,D,3,D,"(2, 6, 9)",I,D,F#,D,2.625,2.0
22,A,D,3,D,"(2, 6, 9)",I,D,F#,D,2.75,2.0
23,A,D,3,D,"(2, 6, 9)",I,D,F#,D,2.875,2.0
24,A,D,4,D,"(2, 6, 9)",I,D,F#,D,3.0,2.0
25,A,D,4,D,"(2, 6, 9)",I,D,F#,D,3.125,2.0
26,A,D,4,D,"(2, 6, 9)",I,D,F#,D,3.25,2.0
27,A,D,4,D,"(2, 6, 9)",I,D,F#,D,3.375,2.0
28,A,D,4,D,"(2, 6, 9)",I,D,F#,D,3.5,2.0
29,A,D,4,D,"(2, 6, 9)",I,D,F#,D,3.625,2.0
30,A,D,4,D,"(2, 6, 9)",I,D,F#,D,3.75,2.0
31,A,D,4,D,"(2, 6, 9)",I,D,F#,D,3.875,2.0
32,A,D,0,D,"(2, 6, 9)",I,D,F#,D,4.0,3.0
33,A,D,1,D,"(2, 6, 9)",I,D,F#,D,4.125,3.0
34,A,D,2,D,"(2, 6, 9)",I,D,F#,D,4.25,3.0
35,A,D,2,D,"(2, 6, 9)",I,D,F#,D,4.375,3.0
36,A,D,3,D,"(2, 6, 9)",I,D,F#,D,4.5,3.0
37,A,D,3,D,"(2, 6, 9)",I,D,F#,D,4.625,3.0
38,A,D,3,D,"(2, 6, 9)",I,D,F#,D,4.75,3.0
39,A,D,3,D,"(2, 6, 9)",I,D,F#,D,4.875,3.0
40,A,D,4,D,"(2, 6, 9)",I,D,F#,D,5.0,3.0
41,A,D,4,D,"(2, 6, 9)",I,D,F#,D,5.125,3.0
42,A,D,4,D,"(2, 6, 9)",I,D,F#,D,5.25,3.0
43,A,D,4,D,"(2, 6, 9)",I,D,F#,D,5.375,3.0
44,A,D,4,D,"(2, 6, 9)",I,D,E,D,5.5,3.0
45,A,D,4,D,"(2, 6, 9)",I,D,E,D,5.625,3.0
46,A,D,4,D,"(2, 6, 9)",I,D,E,D,5.75,3.0
47,A,D,4,D,"(2, 6, 9)",I,D,E,D,5.875,3.0
48,A,D,0,D,"(2, 6, 9)",I,D,F#,D,6.0,4.0
49,A,D,1,D,"(2, 6, 9)",I,D,F#,D,6.125,4.0
50,A,D,2,D,"(2, 6, 9)",I,D,F#,D,6.25,4.0
51,A,D,2,D,"(2, 6, 9)",I,D,F#,D,6.375,4.0
52,A,D,3,D,"(2, 6, 9)",I,D,F#,D,6.5,4.0
53,A,D,3,D,"(2, 6, 9)",I,D,F#,D,6.625,4.0
54,A,D,3,D,"(2, 6, 9)",I,D,F#,D,6.75,4.0
55,A,D,3,D,"(2, 6, 9)",I,D,F#,D,6.875,4.0
56,A,D,4,D,"(2, 6, 9)",I,D,F#,D,7.0,4.0
57,A,D,4,D,"(2, 6, 9)",I,D,F#,D,7.125,4.0
58,A,D,4,D,"(2, 6, 9)",I,D,F#,D,7.25,4.0
59,A,D,4,D,"(2, 6, 9)",I,D,F#,D,7.375,4.0
60,A,D,4,D,"(2, 6, 9)",I,D,F#,D,7.5,4.0
61,A,D,4,D,"(2, 6, 9)",I,D,F#,D,7.625,4.0
62,A,D,4,D,"(2, 6, 9)",I,D,F#,D,7.75,4.0
63,A,D,4,D,"(2, 6, 9)",I,D,F#,D,7.875,4.0
64,A,D,0,D,"(2, 6, 9)",I,D,F#,D,8.0,5.0
65,A,D,1,D,"(2, 6, 9)",I,D,F#,D,8.125,5.0
66,A,D,2,D,"(2, 6, 9)",I,D,F#,D,8.25,5.0
67,A,D,2,D,"(2, 6, 9)",I,D,F#,D,8.375,5.0
68,A,D,3,D,"(2, 6, 9)",I,D,F#,D,8.5,5.0
69,A,D,3,D,"(2, 6, 9)",I,D,F#,D,8.625,5.0
70,A,D,3,D,"(2, 6, 9)",I,D,F#,D,8.75,5.0
71,A,D,3,D,"(2, 6, 9)",I,D,F#,D,8.875,5.0
72,A,D,4,D,"(2, 6, 9)",I,D,F#,D,9.0,5.0
73,A,D,4,D,"(2, 6, 9)",I,D,F#,D,9.125,5.0
74,A,D,4,D,"(2, 6, 9)",I,D,F#,D,9.25,5.0
75,A,D,4,D,"(2, 6, 9)",I,D,F#,D,9.375,5.0
76,A,D,4,D,"(2, 6, 9)",I,D,F#,D,9.5,5.0
77,A,D,4,D,"(2, 6, 9)",I,D,F#,D,9.625,5.0
78,A,D,4,D,"(2, 6, 9)",I,D,F#,D,9.75,5.0
79,A,D,4,D,"(2, 6, 9)",I,D,F#,D,9.875,5.0
80,A,D,0,D,"(2, 6, 9)",I,D,F#,D,10.0,6.0
81,A,D,1,D,"(2, 6, 9)",I,D,F#,D,10.125,6.0
82,A,D,2,D,"(2, 6, 9)",I,D,F#,D,10.25,6.0
83,A,D,2,D,"(2, 6, 9)",I,D,F#,D,10.375,6.0
84,A,D,3,D,"(2, 6, 9)",I,D,F#,D,10.5,6.0
85,A,D,3,D,"(2, 6, 9)",I,D,F#,D,10.625,6.0
86,A,D,3,D,"(2, 6, 9)",I,D,F#,D,10.75,6.0
87,A,D,3,D,"(2, 6, 9)",I,D,F#,D,10.875,6.0
88,A,D,4,D,"(2, 6, 9)",I,D,F#,D,11.0,6.0
89,A,D,4,D,"(2, 6, 9)",I,D,F#,D,11.125,6.0
90,A,D,4,D,"(2, 6, 9)",I,D,F#,D,11.25,6.0
91,A,D,4,D,"(2, 6, 9)",I,D,F#,D,11.375,6.0
92,A,D,4,D,"(2, 6, 9)",I,D,F#,D,11.5,6.0
93,A,D,4,D,"(2, 6, 9)",I,D,F#,D,11.625,6.0
94,A,D,4,D,"(2, 6, 9)",I,D,F#,D,11.75,6.0
95,A,D,4,D,"(2, 6, 9)",I,D,F#,D,11.875,6.0
96,A,D,0,D,"(2, 6, 9)",I,D,F#,D,12.0,7.0
97,A,D,1,D,"(2, 6, 9)",I,D,F#,D,12.125,7.0
98,A,D,2,D,"(2, 6, 9)",I,D,F#,D,12.25,7.0
99,A,D,2,D,"(2, 6, 9)",I,D,F#,D,12.375,7.0
100,A,D,3,D,"(2, 6, 9)",I,D,F#,D,12.5,7.0
101,A,D,3,D,"(2, 6, 9)",I,D,F#,D,12.625,7.0
102,A,D,3,D,"(2, 6, 9)",I,D,F#,D,12.75,7.0
103,A,D,3,D,"(2, 6, 9)",I,D,F#,D,12.875,7.0
104,A,D,0,D,"(2, 6, 9)",I,D,F#,D,13.0,7.0
105,A,D,4,D,"(2, 6, 9)",I,D,F#,D,13.125,7.0
106,A,D,2,D,"(2, 6, 9)",I,D,F#,D,13.25,7.0
107,A,D,2,D,"(2, 6, 9)",I,D,F#,D,13.375,7.0
108,C#,F#,0,D,"(1, 4, 6, 10)",V7,E,A#,b,13.5,7.0
109,C#,F#,1,D,"(1, 4, 6, 10)",V7,E,A#,b,13.625,7.0
110,C#,F#,2,D,"(1, 4, 6, 10)",V7,E,A#,b,13.75,7.0
111,C#,F#,2,D,"(1, 4, 6, 10)",V7,E,A#,b,13.875,7.0
112,F#,B,0,D,"(2, 6, 11)",vi,A,D,D,14.0,8.0
113,F#,B,1,D,"(2, 6, 11)",vi,A,D,D,14.125,8.0
114,F#,B,2,D,"(2, 6, 11)",vi,A,D,D,14.25,8.0
115,F#,B,2,D,"(2, 6, 11)",vi,A,D,D,14.375,8.0
116,F#,B,3,D,"(2, 6, 11)",vi,A,D,D,14.5,8.0
117,F#,B,3,D,"(2, 6, 11)",vi,A,D,D,14.625,8.0
118,F#,B,3,D,"(2, 6, 11)",vi,A,D,D,14.75,8.0
119,F#,B,3,D,"(2, 6, 11)",vi,A,D,D,14.875,8.0
120,A,C#,0,D,"(1, 4, 9)",V,A,E,D,15.0,8.0
121,A,C#,1,D,"(1, 4, 9)",V,A,E,D,15.125,8.0
122,A,C#,2,D,"(1, 4, 9)",V,A,E,D,15.25,8.0
123,A,C#,2,D,"(1, 4, 9)",V,A,E,D,15.375,8.0
124,A,C#,3,D,"(1, 4, 9)",V,A,E,D,15.5,8.0
125,A,C#,3,D,"(1, 4, 9)",V,A,E,D,15.625,8.0
126,A,C#,3,D,"(1, 4, 9)",V,A,E,D,15.75,8.0
127,A,C#,3,D,"(1, 4, 9)",V,A,E,D,15.875,8.0
128,F#,B,0,D,"(2, 6, 11)",vi,B,D,D,16.0,9.0
129,F#,B,1,D,"(2, 6, 11)",vi,B,D,D,16.125,9.0
130,F#,B,2,D,"(2, 6, 11)",vi,B,D,D,16.25,9.0
131,F#,B,2,D,"(2, 6, 11)",vi,B,D,D,16.375,9.0
132,F#,B,3,D,"(2, 6, 11)",vi,B,D,D,16.5,9.0
133,F#,B,3,D,"(2, 6, 11)",vi,B,D,D,16.625,9.0
134,F#,B,3,D,"(2, 6, 11)",vi,B,D,D,16.75,9.0
135,F#,B,3,D,"(2, 6, 11)",vi,B,D,D,16.875,9.0
136,F#,B,4,D,"(2, 6, 11)",vi,B,D,D,17.0,9.0
137,F#,B,4,D,"(2, 6, 11)",vi,B,D,D,17.125,9.0
138,F#,B,4,D,"(2, 6, 11)",vi,B,D,D,17.25,9.0
139,F#,B,4,D,"(2, 6, 11)",vi,B,D,D,17.375,9.0
140,F#,B,4,D,"(2, 6, 11)",vi,B,D,D,17.5,9.0
141,F#,B,4,D,"(2, 6, 11)",vi,B,D,D,17.625,9.0
142,F#,B,4,D,"(2, 6, 11)",vi,B,D,D,17.75,9.0
143,F#,B,4,D,"(2, 6, 11)",vi,B,D,D,17.875,9.0
144,E,A,0,D,"(1, 4, 7, 9)",V7,G,C#,D,18.0,10.0
145,E,A,1,D,"(1, 4, 7, 9)",V7,G,C#,D,18.125,10.0
146,E,A,2,D,"(1, 4, 7, 9)",V7,G,C#,D,18.25,10.0
147,E,A,2,D,"(1, 4, 7, 9)",V7,G,C#,D,18.375,10.0
148,E,A,3,D,"(1, 4, 7, 9)",V7,G,C#,D,18.5,10.0
149,E,A,3,D,"(1, 4, 7, 9)",V7,G,C#,D,18.625,10.0
150,E,A,3,D,"(1, 4, 7, 9)",V7,G,C#,D,18.75,10.0
151,E,A,3,D,"(1, 4, 7, 9)",V7,G,C#,D,18.875,10.0
152,E,A,4,D,"(1, 4, 7, 9)",V7,G,C#,D,19.0,10.0
153,E,A,4,D,"(1, 4, 7, 9)",V7,G,C#,D,19.125,10.0
154,E,A,4,D,"(1, 4, 7, 9)",V7,G,C#,D,19.25,10.0
155,E,A,4,D,"(1, 4, 7, 9)",V7,G,C#,D,19.375,10.0
156,E,A,4,D,"(1, 4, 7, 9)",V7,G,C#,D,19.5,10.0
157,E,A,4,D,"(1, 4, 7, 9)",V7,G,C#,D,19.625,10.0
158,E,A,4,D,"(1, 4, 7, 9)",V7,G,C#,D,19.75,10.0
159,E,A,4,D,"(1, 4, 7, 9)",V7,G,C#,D,19.875,10.0
160,E,A,0,D,"(1, 4, 7, 9)",V7,G,C#,D,20.0,11.0
161,E,A,1,D,"(1, 4, 7, 9)",V7,G,C#,D,20.125,11.0
162,E,A,2,D,"(1, 4, 7, 9)",V7,G,C#,D,20.25,11.0
163,E,A,2,D,"(1, 4, 7, 9)",V7,G,C#,D,20.375,11.0
164,E,A,3,D,"(1, 4, 7, 9)",V7,G,C#,D,20.5,11.0
165,E,A,3,D,"(1, 4, 7, 9)",V7,G,C#,D,20.625,11.0
166,E,A,3,D,"(1, 4, 7, 9)",V7,G,C#,D,20.75,11.0
167,E,A,3,D,"(1, 4, 7, 9)",V7,G,C#,D,20.875,11.0
168,E,A,4,D,"(1, 4, 7, 9)",V7,G,C#,D,21.0,11.0
169,E,A,4,D,"(1, 4, 7, 9)",V7,G,C#,D,21.125,11.0
170,E,A,4,D,"(1, 4, 7, 9)",V7,G,C#,D,21.25,11.0
171,E,A,4,D,"(1, 4, 7, 9)",V7,G,C#,D,21.375,11.0
172,E,A,4,D,"(1, 4, 7, 9)",V7,G,C#,D,21.5,11.0
173,E,A,4,D,"(1, 4, 7, 9)",V7,G,C#,D,21.625,11.0
174,E,A,4,D,"(1, 4, 7, 9)",V7,G,C#,D,21.75,11.0
175,E,A,4,D,"(1, 4, 7, 9)",V7,G,C#,D,21.875,11.0
176,A,D,0,D,"(2, 6, 9)",I,D,F#,D,22.0,12.0
177,A,D,1,D,"(2, 6, 9)",I,D,F#,D,22.125,12.0
178,A,D,2,D,"(2, 6, 9)",I,D,F#,D,22.25,12.0
179,A,D,2,D,"(2, 6, 9)",I,D,F#,D,22.375,12.0
180,A,D,3,D,"(2, 6, 9)",I,D,F#,D,22.5,12.0
181,A,D,3,D,"(2, 6, 9)",I,D,F#,D,22.625,12.0
182,A,D,3,D,"(2, 6, 9)",I,D,F#,D,22.75,12.0
183,A,D,3,D,"(2, 6, 9)",I,D,F#,D,22.875,12.0
184,A,D,4,D,"(2, 6, 9)",I,D,F#,D,23.0,12.0
185,A,D,4,D,"(2, 6, 9)",I,D,F#,D,23.125,12.0
186,A,D,4,D,"(2, 6, 9)",I,D,F#,D,23.25,12.0
187,A,D,4,D,"(2, 6, 9)",I,D,F#,D,23.375,12.0
188,A,D,4,D,"(2, 6, 9)",I,D,F#,D,23.5,12.0
189,A,D,4,D,"(2, 6, 9)",I,D,F#,D,23.625,12.0
190,A,D,4,D,"(2, 6, 9)",I,D,F#,D,23.75,12.0
191,A,D,4,D,"(2, 6, 9)",I,D,F#,D,23.875,12.0
192,A,D,0,D,"(2, 6, 9)",I,D,F#,D,24.0,13.0
193,A,D,1,D,"(2, 6, 9)",I,D,F#,D,24.125,13.0
194,A,D,2,D,"(2, 6, 9)",I,D,F#,D,24.25,13.0
195,A,D,2,D,"(2, 6, 9)",I,D,F#,D,24.375,13.0
196,A,D,3,D,"(2, 6, 9)",I,D,F#,D,24.5,13.0
197,A,D,3,D,"(2, 6, 9)",I,D,F#,D,24.625,13.0
198,A,D,3,D,"(2, 6, 9)",I,D,F#,D,24.75,13.0
199,A,D,3,D,"(2, 6, 9)",I,D,F#,D,24.875,13.0
200,A,D,4,D,"(2, 6, 9)",I,D,F#,D,25.0,13.0
201,A,D,4,D,"(2, 6, 9)",I,D,F#,D,25.125,13.0
202,A,D,4,D,"(2, 6, 9)",I,D,F#,D,25.25,13.0
203,A,D,4,D,"(2, 6, 9)",I,D,F#,D,25.375,13.0
204,A,D,4,D,"(2, 6, 9)",I,D,F#,D,25.5,13.0
205,A,D,4,D,"(2, 6, 9)",I,D,F#,D,25.625,13.0
206,A,D,4,D,"(2, 6, 9)",I,D,F#,D,25.75,13.0
207,A,D,4,D,"(2, 6, 9)",I,D,F#,D,25.875,13.0
208,A,D,0,D,"(2, 6, 9)",I,D,F#,D,26.0,14.0
209,A,D,1,D,"(2, 6, 9)",I,D,F#,D,26.125,14.0
210,A,D,2,D,"(2, 6, 9)",I,D,F#,D,26.25,14.0
211,A,D,2,D,"(2, 6, 9)",I,D,F#,D,26.375,14.0
212,A,D,3,D,"(2, 6, 9)",I,D,F#,D,26.5,14.0
213,A,D,3,D,"(2, 6, 9)",I,D,F#,D,26.625,14.0
214,A,D,3,D,"(2, 6, 9)",I,D,F#,D,26.75,14.0
215,A,D,3,D,"(2, 6, 9)",I,D,F#,D,26.875,14.0
216,A,D,4,D,"(2, 6, 9)",I,D,F#,D,27.0,14.0
217,A,D,4,D,"(2, 6, 9)",I,D,F#,D,27.125,14.0
218,A,D,4,D,"(2, 6, 9)",I,D,F#,D,27.25,14.0
219,A,D,4,D,"(2, 6, 9)",I,D,F#,D,27.375,14.0
220,A,D,4,D,"(2, 6, 9)",I,D,F#,D,27.5,14.0
221,A,D,4,D,"(2, 6, 9)",I,D,F#,D,27.625,14.0
222,A,D,4,D,"(2, 6, 9)",I,D,F#,D,27.75,14.0
223,A,D,4,D,"(2, 6, 9)",I,D,F#,D,27.875,14.0
224,A,D,0,D,"(2, 6, 9)",I,D,F#,D,28.0,15.0
225,A,D,1,D,"(2, 6, 9)",I,D,F#,D,28.125,15.0
226,A,D,2,D,"(2, 6, 9)",I,D,F#,D,28.25,15.0
227,A,D,2,D,"(2, 6, 9)",I,D,F#,D,28.375,15.0
228,A,D,3,D,"(2, 6, 9)",I,D,F#,D,28.5,15.0
229,A,D,3,D,"(2, 6, 9)",I,D,F#,D,28.625,15.0
230,A,D,3,D,"(2, 6, 9)",I,D,F#,D,28.75,15.0
231,A,D,3,D,"(2, 6, 9)",I,D,F#,D,28.875,15.0
232,A,D,4,D,"(2, 6, 9)",I,D,F#,D,29.0,15.0
233,A,D,4,D,"(2, 6, 9)",I,D,F#,D,29.125,15.0
234,A,D,4,D,"(2, 6, 9)",I,D,F#,D,29.25,15.0
235,A,D,4,D,"(2, 6, 9)",I,D,F#,D,29.375,15.0
236,E,A,0,D,"(1, 4, 7, 9)",V7,G,C#,D,29.5,15.0
237,E,A,1,D,"(1, 4, 7, 9)",V7,G,C#,D,29.625,15.0
238,E,A,2,D,"(1, 4, 7, 9)",V7,G,C#,D,29.75,15.0
239,E,A,2,D,"(1, 4, 7, 9)",V7,G,C#,D,29.875,15.0
240,A,D,0,D,"(2, 6, 9)",I,D,F#,D,30.0,16.0
241,A,D,1,D,"(2, 6, 9)",I,D,F#,D,30.125,16.0
242,A,D,2,D,"(2, 6, 9)",I,D,F#,D,30.25,16.0
243,A,D,2,D,"(2, 6, 9)",I,D,F#,D,30.375,16.0
244,A,D,3,D,"(2, 6, 9)",I,D,F#,D,30.5,16.0
245,A,D,3,D,"(2, 6, 9)",I,D,F#,D,30.625,16.0
246,A,D,3,D,"(2, 6, 9)",I,D,F#,D,30.75,16.0
247,A,D,3,D,"(2, 6, 9)",I,D,F#,D,30.875,16.0
248,A,D,4,D,"(2, 6, 9)",I,D,F#,D,31.0,16.0
249,A,D,4,D,"(2, 6, 9)",I,D,F#,D,31.125,16.0
250,A,D,4,D,"(2, 6, 9)",I,D,F#,D,31.25,16.0
251,A,D,4,D,"(2, 6, 9)",I,D,F#,D,31.375,16.0
252,A,D,4,D,"(2, 6, 9)",I,D,F#,D,31.5,16.0
253,A,D,4,D,"(2, 6, 9)",I,D,F#,D,31.625,16.0
254,A,D,4,D,"(2, 6, 9)",I,D,F#,D,31.75,16.0
255,A,D,4,D,"(2, 6, 9)",I,D,F#,D,31.875,16.0
256,A,D,0,D,"(2, 6, 9)",I,D,F#,D,32.0,17.0
257,A,D,1,D,"(2, 6, 9)",I,D,F#,D,32.125,17.0
258,A,D,2,D,"(2, 6, 9)",I,D,F#,D,32.25,17.0
259,A,D,2,D,"(2, 6, 9)",I,D,F#,D,32.375,17.0
260,A,D,3,D,"(2, 6, 9)",I,D,F#,D,32.5,17.0
261,A,D,3,D,"(2, 6, 9)",I,D,F#,D,32.625,17.0
262,A,D,3,D,"(2, 6, 9)",I,D,F#,D,32.75,17.0
263,A,D,3,D,"(2, 6, 9)",I,D,F#,D,32.875,17.0
264,A,D,4,D,"(2, 6, 9)",I,D,F#,D,33.0,17.0
265,A,D,4,D,"(2, 6, 9)",I,D,F#,D,33.125,17.0
266,A,D,4,D,"(2, 6, 9)",I,D,F#,D,33.25,17.0
267,A,D,4,D,"(2, 6, 9)",I,D,F#,D,33.375,17.0
268,A,D,4,D,"(2, 6, 9)",I,D,F#,D,33.5,17.0
269,A,D,4,D,"(2, 6, 9)",I,D,F#,D,33.625,17.0
270,A,D,4,D,"(2, 6, 9)",I,D,F#,D,33.75,17.0
271,A,D,4,D,"(2, 6, 9)",I,D,F#,D,33.875,17.0
272,A,D,0,D,"(2, 6, 9)",I,D,F#,D,34.0,18.0
273,A,D,1,D,"(2, 6, 9)",I,D,F#,D,34.125,18.0
274,A,D,2,D,"(2, 6, 9)",I,D,F#,D,34.25,18.0
275,A,D,2,D,"(2, 6, 9)",I,D,F#,D,34.375,18.0
276,A,D,3,D,"(2, 6, 9)",I,D,F#,D,34.5,18.0
277,A,D,3,D,"(2, 6, 9)",I,D,F#,D,34.625,18.0
278,A,D,3,D,"(2, 6, 9)",I,D,F#,D,34.75,18.0
279,A,D,3,D,"(2, 6, 9)",I,D,F#,D,34.875,18.0
280,A,D,0,D,"(2, 6, 9)",I,D,F#,D,35.0,18.0
281,A,D,1,D,"(2, 6, 9)",I,D,F#,D,35.125,18.0
282,A,D,2,D,"(2, 6, 9)",I,D,F#,D,35.25,18.0
283,A,D,2,D,"(2, 6, 9)",I,D,F#,D,35.375,18.0
284,A,D,4,D,"(2, 6, 9)",I,D,F#,D,35.5,18.0
285,A,D,4,D,"(2, 6, 9)",I,D,F#,D,35.625,18.0
286,A,D,4,D,"(2, 6, 9)",I,D,F#,D,35.75,18.0
287,A,D,4,D,"(2, 6, 9)",I,D,F#,D,35.875,18.0
288,D,A,0,D,"(2, 6, 9)",V7,A,C#,D,36.0,19.0
289,D,A,1,D,"(2, 6, 9)",V7,A,C#,D,36.125,19.0
290,D,A,2,D,"(2, 6, 9)",V7,A,C#,D,36.25,19.0
291,D,A,2,D,"(2, 6, 9)",V7,A,C#,D,36.375,19.0
292,D,G,0,D,"(2, 7, 11)",IV,G,B,D,36.5,19.0
293,D,G,1,D,"(2, 7, 11)",IV,G,B,D,36.625,19.0
294,D,G,2,D,"(2, 7, 11)",IV,G,B,D,36.75,19.0
295,D,G,2,D,"(2, 7, 11)",IV,G,B,D,36.875,19.0
296,D,A,4,D,"(2, 6, 9)",V7,D,B,D,37.0,19.0
297,D,A,1,D,"(2, 6, 9)",V7,D,B,D,37.125,19.0
298,D,A,4,D,"(2, 6, 9)",V7,D,B,D,37.25,19.0
299,D,A,4,D,"(2, 6, 9)",V7,D,B,D,37.375,19.0
300,E,A,0,D,"(1, 4, 7, 9)",V7,E,C#,D,37.5,19.0
301,E,A,1,D,"(1, 4, 7, 9)",V7,A,C#,D,37.625,19.0
302,E,A,2,D,"(1, 4, 7, 9)",V7,A,C#,D,37.75,19.0
303,E,A,2,D,"(1, 4, 7, 9)",V7,A,C#,D,37.875,19.0
304,A,D,0,D,"(2, 6, 9)",I,D,F#,D,38.0,20.0
305,A,D,1,D,"(2, 6, 9)",I,D,F#,D,38.125,20.0
306,A,D,2,D,"(2, 6, 9)",I,D,F#,D,38.25,20.0
307,A,D,2,D,"(2, 6, 9)",I,D,F#,D,38.375,20.0
308,A,D,3,D,"(2, 6, 9)",I,D,F#,D,38.5,20.0
309,A,D,3,D,"(2, 6, 9)",I,D,F#,D,38.625,20.0
310,A,D,3,D,"(2, 6, 9)",I,D,F#,D,38.75,20.0
311,A,D,3,D,"(2, 6, 9)",I,D,F#,D,38.875,20.0
312,A,D,4,D,"(1, 4, 7, 9)",V,D,F#,D,39.0,20.0
313,A,D,4,D,"(1, 4, 7, 9)",V,D,F#,D,39.125,20.0
314,A,D,4,D,"(1, 4, 7, 9)",V,D,F#,D,39.25,20.0
315,A,D,4,D,"(1, 4, 7, 9)",V,D,F#,D,39.375,20.0
316,A,D,4,D,"(2, 6, 9)",V,D,A,D,39.5,20.0
317,A,D,1,D,"(2, 6, 9)",V,D,A,D,39.625,20.0
318,A,D,4,D,"(2, 6, 9)",V,D,A,D,39.75,20.0
319,A,D,4,D,"(2, 6, 9)",V,D,A,D,39.875,20.0
320,A,F#,0,D,"(2, 6, 9)",I,D,A,D,40.0,21.0
321,A,F#,1,D,"(2, 6, 9)",I,D,A,D,40.125,21.0
322,A,F#,2,D,"(2, 6, 9)",I,D,A,D,40.25,21.0
323,A,F#,2,D,"(2, 6, 9)",I,D,A,D,40.375,21.0
324,A,F#,3,D,"(2, 6, 9)",I,D,A,D,40.5,21.0
325,A,F#,3,D,"(2, 6, 9)",I,D,A,D,40.625,21.0
326,A,F#,3,D,"(2, 6, 9)",I,D,A,D,40.75,21.0
327,A,F#,3,D,"(2, 6, 9)",I,D,A,D,40.875,21.0
328,A,F#,4,D,"(2, 6, 9)",I,D,F#,D,41.0,21.0
329,A,D,4,D,"(2, 6, 9)",I,D,F#,D,41.125,21.0
330,A,D,4,D,"(2, 6, 9)",I,D,F#,D,41.25,21.0
331,A,D,4,D,"(2, 6, 9)",I,D,F#,D,41.375,21.0
332,A,D,4,D,"(2, 6, 9)",I,D,F#,D,41.5,21.0
333,A,D,4,D,"(2, 6, 9)",I,D,F#,D,41.625,21.0
334,A,D,4,D,"(2, 6, 9)",I,D,F#,D,41.75,21.0
335,A,D,4,D,"(2, 6, 9)",I,D,F#,D,41.875,21.0
336,A,D,0,D,"(2, 6, 9)",I,D,F#,D,42.0,22.0
337,A,D,1,D,"(2, 6, 9)",I,D,F#,D,42.125,22.0
338,A,D,2,D,"(2, 6, 9)",I,D,F#,D,42.25,22.0
339,A,D,2,D,"(2, 6, 9)",I,D,F#,D,42.375,22.0
340,A,D,3,D,"(2, 6, 9)",I,D,F#,D,42.5,22.0
341,A,D,3,D,"(2, 6, 9)",I,D,F#,D,42.625,22.0
342,A,D,3,D,"(2, 6, 9)",I,D,F#,D,42.75,22.0
343,A,D,3,D,"(2, 6, 9)",I,D,F#,D,42.875,22.0
344,A,D,0,D,"(2, 6, 9)",I,D,F#,D,43.0,22.0
345,A,D,1,D,"(2, 6, 9)",I,D,F#,D,43.125,22.0
346,A,D,2,D,"(2, 6, 9)",I,D,F#,D,43.25,22.0
347,A,D,2,D,"(2, 6, 9)",I,D,F#,D,43.375,22.0
348,A,D,4,D,"(2, 6, 9)",I,D,F#,D,43.5,22.0
349,A,D,4,D,"(2, 6, 9)",I,D,F#,D,43.625,22.0
350,A,D,4,D,"(2, 6, 9)",I,D,F#,D,43.75,22.0
351,A,D,4,D,"(2, 6, 9)",I,D,F#,D,43.875,22.0
352,A,A,0,D,"(2, 6, 9)",I,A,F#,D,44.0,23.0
353,A,A,1,D,"(2, 6, 9)",I,A,F#,D,44.125,23.0
354,A,A,2,D,"(2, 6, 9)",I,A,F#,D,44.25,23.0
355,A,A,2,D,"(2, 6, 9)",I,A,F#,D,44.375,23.0
356,D,G,0,D,"(2, 7, 11)",IV,G,B,D,44.5,23.0
357,D,G,1,D,"(2, 7, 11)",IV,D,B,D,44.625,23.0
358,D,G,2,D,"(2, 7, 11)",IV,D,B,D,44.75,23.0
359,D,G,2,D,"(2, 7, 11)",IV,D,B,D,44.875,23.0
360,D,D,0,D,"(2, 6, 9)",IV,D,F#,D,45.0,23.0
361,D,D,1,D,"(2, 6, 9)",IV,D,F#,D,45.125,23.0
362,D,D,2,D,"(2, 6, 9)",IV,D,F#,D,45.25,23.0
363,D,D,2,D,"(2, 6, 9)",IV,D,F#,D,45.375,23.0
364,C#,F#,0,D,"(2, 6, 9)",V7,E,A,D,45.5,23.0
365,C#,F#,1,D,"(2, 6, 9)",V7,E,A,D,45.625,23.0
366,C#,F#,2,D,"(2, 6, 9)",V7,E,A,D,45.75,23.0
367,C#,F#,2,D,"(2, 6, 9)",V7,E,A,D,45.875,23.0
368,F#,B,0,D,"(2, 6, 11)",vi,B,D,D,46.0,24.0
369,F#,B,1,D,"(2, 6, 11)",vi,B,D,D,46.125,24.0
370,F#,B,2,D,"(2, 6, 11)",vi,B,D,D,46.25,24.0
371,F#,B,2,D,"(2, 6, 11)",vi,B,D,D,46.375,24.0
372,F#,B,3,D,"(2, 6, 11)",vi,B,D,D,46.5,24.0
373,F#,B,3,D,"(2, 6, 11)",vi,B,D,D,46.625,24.0
374,F#,B,3,D,"(2, 6, 11)",vi,B,D,D,46.75,24.0
375,F#,B,3,D,"(2, 6, 11)",vi,B,D,D,46.875,24.0
376,F#,B,4,D,"(2, 6, 11)",vi,B,D,D,47.0,24.0
377,F#,B,4,D,"(2, 6, 11)",vi,B,D,D,47.125,24.0
378,F#,B,4,D,"(2, 6, 11)",vi,B,D,D,47.25,24.0
379,F#,B,4,D,"(2, 6, 11)",vi,B,D,D,47.375,24.0
380,F#,B,4,D,"(2, 6, 11)",vi,B,D,D,47.5,24.0
381,F#,B,4,D,"(2, 6, 11)",vi,B,D,D,47.625,24.0
382,F#,B,4,D,"(2, 6, 11)",vi,B,D,D,47.75,24.0
383,F#,B,4,D,"(2, 6, 11)",vi,B,D,D,47.875,24.0
384,F#,B,0,D,"(2, 6, 11)",vi,B,D,D,48.0,25.0
385,F#,B,1,D,"(2, 6, 11)",vi,B,D,D,48.125,25.0
386,F#,B,2,D,"(2, 6, 11)",vi,B,D,D,48.25,25.0
387,F#,B,2,D,"(2, 6, 11)",vi,B,D,D,48.375,25.0
388,F#,B,3,D,"(2, 6, 11)",vi,B,D,D,48.5,25.0
389,F#,B,3,D,"(2, 6, 11)",vi,B,D,D,48.625,25.0
390,F#,B,3,D,"(2, 6, 11)",vi,B,D,D,48.75,25.0
391,F#,B,3,D,"(2, 6, 11)",vi,B,D,D,48.875,25.0
392,F#,B,4,D,"(2, 6, 11)",vi,B,D,D,49.0,25.0
393,F#,B,4,D,"(2, 6, 11)",vi,B,D,D,49.125,25.0
394,F#,B,4,D,"(2, 6, 11)",vi,B,D,D,49.25,25.0
395,F#,B,4,D,"(2, 6, 11)",vi,B,D,D,49.375,25.0
396,F#,B,4,D,"(2, 6, 11)",vi,B,D,D,49.5,25.0
397,F#,B,4,D,"(2, 6, 11)",vi,B,D,D,49.625,25.0
398,F#,B,4,D,"(2, 6, 11)",vi,B,D,D,49.75,25.0
399,F#,B,4,D,"(2, 6, 11)",vi,B,D,D,49.875,25.0
400,E,A,0,D,"(1, 4, 9)",V,A,C#,D,50.0,26.0
401,E,A,1,D,"(1, 4, 9)",V,A,C#,D,50.125,26.0
402,E,A,2,D,"(1, 4, 9)",V,A,C#,D,50.25,26.0
403,E,A,2,D,"(1, 4, 9)",V,A,C#,D,50.375,26.0
404,E,A,3,D,"(1, 4, 9)",V,A,C#,D,50.5,26.0
405,E,A,3,D,"(1, 4, 9)",V,A,C#,D,50.625,26.0
406,E,A,3,D,"(1, 4, 9)",V,A,C#,D,50.75,26.0
407,E,A,3,D,"(1, 4, 9)",V,A,C#,D,50.875,26.0
408,E,A,0,D,"(1, 4, 9)",V,A,C#,D,51.0,26.0
409,E,A,1,D,"(1, 4, 9)",V,A,C#,D,51.125,26.0
410,E,A,2,D,"(1, 4, 9)",V,A,C#,D,51.25,26.0
411,E,A,2,D,"(1, 4, 9)",V,A,C#,D,51.375,26.0
412,E,A,3,D,"(1, 4, 9)",V,A,C#,D,51.5,26.0
413,E,A,3,D,"(1, 4, 9)",V,A,C#,D,51.625,26.0
414,E,A,3,D,"(1, 4, 9)",V,A,C#,D,51.75,26.0
415,E,A,3,D,"(1, 4, 9)",V,A,C#,D,51.875,26.0
416,E,A,0,D,"(1, 4, 9)",V,A,C#,D,52.0,27.0
417,E,A,1,D,"(1, 4, 9)",V,A,C#,D,52.125,27.0
418,E,A,2,D,"(1, 4, 9)",V,A,C#,D,52.25,27.0
419,E,A,2,D,"(1, 4, 9)",V,A,C#,D,52.375,27.0
420,E,G#,3,D,"(1, 4, 9)",V,E,C#,A,52.5,27.0
421,E,G#,3,D,"(1, 4, 9)",V,E,C#,A,52.625,27.0
422,E,G#,3,D,"(1, 4, 9)",V,E,C#,A,52.75,27.0
423,E,G#,3,D,"(1, 4, 9)",V,E,C#,A,52.875,27.0
424,E,A,0,D,"(1, 4, 9)",V,A,C#,D,53.0,27.0
425,E,A,1,D,"(1, 4, 9)",V,A,C#,D,53.125,27.0
426,E,A,2,D,"(1, 4, 9)",V,A,C#,D,53.25,27.0
427,E,A,2,D,"(1, 4, 9)",V,A,C#,D,53.375,27.0
428,E,A,3,D,"(1, 4, 9)",V,A,C#,D,53.5,27.0
429,E,A,3,D,"(1, 4, 9)",V,A,C#,D,53.625,27.0
430,E,A,3,D,"(1, 4, 9)",V,A,C#,D,53.75,27.0
431,E,A,3,D,"(1, 4, 9)",V,A,C#,D,53.875,27.0
432,A,D,0,D,"(2, 6, 9)",I,D,F#,D,54.0,28.0
433,A,D,1,D,"(2, 6, 9)",I,D,F#,D,54.125,28.0
434,A,D,2,D,"(2, 6, 9)",I,D,F#,D,54.25,28.0
435,A,D,2,D,"(2, 6, 9)",I,D,F#,D,54.375,28.0
436,A,D,3,D,"(2, 6, 9)",I,D,F#,D,54.5,28.0
437,A,D,3,D,"(2, 6, 9)",I,D,F#,D,54.625,28.0
438,A,D,3,D,"(2, 6, 9)",I,D,F#,D,54.75,28.0
439,A,D,3,D,"(2, 6, 9)",I,D,F#,D,54.875,28.0
440,A,D,0,D,"(2, 6, 9)",I,D,F#,D,55.0,28.0
441,A,D,1,D,"(2, 6, 9)",I,D,F#,D,55.125,28.0
442,A,D,2,D,"(2, 6, 9)",I,D,F#,D,55.25,28.0
443,A,D,4,D,"(2, 6, 9)",I,D,F#,D,55.375,28.0
444,A,D,4,D,"(2, 6, 9)",I,D,F#,D,55.5,28.0
445,A,D,3,D,"(2, 6, 9)",I,D,F#,D,55.625,28.0
446,A,D,4,D,"(2, 6, 9)",I,D,F#,D,55.75,28.0
447,A,D,4,D,"(2, 6, 9)",I,D,F#,D,55.875,28.0
448,A,D,0,D,"(2, 6, 9)",I,D,F#,D,56.0,29.0
449,A,D,1,D,"(2, 6, 9)",I,D,F#,D,56.125,29.0
450,A,D,2,D,"(2, 6, 9)",I,D,F#,D,56.25,29.0
451,A,D,2,D,"(2, 6, 9)",I,D,F#,D,56.375,29.0
452,A,D,3,D,"(2, 6, 9)",I,D,F#,D,56.5,29.0
453,A,D,3,D,"(2, 6, 9)",I,D,F#,D,56.625,29.0
454,A,D,3,D,"(2, 6, 9)",I,D,F#,D,56.75,29.0
455,A,D,3,D,"(2, 6, 9)",I,D,F#,D,56.875,29.0
456,A,D,4,D,"(2, 6, 9)",I,D,F#,D,57.0,29.0
457,A,D,4,D,"(2, 6, 9)",I,D,F#,D,57.125,29.0
458,A,D,4,D,"(2, 6, 9)",I,D,F#,D,57.25,29.0
459,A,D,4,D,"(2, 6, 9)",I,D,F#,D,57.375,29.0
460,A,D,4,D,"(2, 6, 9)",I,D,F#,D,57.5,29.0
461,A,D,4,D,"(2, 6, 9)",I,D,F#,D,57.625,29.0
462,A,D,4,D,"(2, 6, 9)",I,D,F#,D,57.75,29.0
463,A,D,4,D,"(2, 6, 9)",I,D,F#,D,57.875,29.0
464,A,D,0,D,"(2, 6, 9)",I,D,F#,D,58.0,30.0
465,A,D,1,D,"(2, 6, 9)",I,D,F#,D,58.125,30.0
466,A,D,2,D,"(2, 6, 9)",I,D,F#,D,58.25,30.0
467,A,D,2,D,"(2, 6, 9)",I,D,F#,D,58.375,30.0
468,A,D,3,D,"(2, 6, 9)",I,D,F#,D,58.5,30.0
469,A,D,3,D,"(2, 6, 9)",I,D,F#,D,58.625,30.0
470,A,D,3,D,"(2, 6, 9)",I,D,F#,D,58.75,30.0
471,A,D,3,D,"(2, 6, 9)",I,D,F#,D,58.875,30.0
472,A,D,0,D,"(2, 6, 9)",I,D,F#,D,59.0,30.0
473,A,D,1,D,"(2, 6, 9)",I,D,F#,D,59.125,30.0
474,A,D,2,D,"(2, 6, 9)",I,D,F#,D,59.25,30.0
475,A,D,2,D,"(2, 6, 9)",I,D,F#,D,59.375,30.0
476,A,D,3,D,"(2, 6, 9)",I,D,F#,D,59.5,30.0
477,A,D,3,D,"(2, 6, 9)",I,D,F#,D,59.625,30.0
478,A,D,3,D,"(2, 6, 9)",I,D,F#,D,59.75,30.0
479,A,D,3,D,"(2, 6, 9)",I,D,F#,D,59.875,30.0
480,E,A,0,D,"(2, 6, 9)",I,A,C#,D,60.0,31.0
481,E,A,1,D,"(2, 6, 9)",I,A,C#,D,60.125,31.0
482,E,A,2,D,"(2, 6, 9)",I,A,C#,D,60.25,31.0
483,E,A,2,D,"(2, 6, 9)",I,A,C#,D,60.375,31.0
484,D,G,0,D,"(2, 7, 11)",IV,G,B,D,60.5,31.0
485,D,G,1,D,"(2, 7, 11)",IV,G,B,D,60.625,31.0
486,D,G,2,D,"(2, 7, 11)",IV,G,B,D,60.75,31.0
487,D,G,2,D,"(2, 7, 11)",I,G,B,D,60.875,31.0
488,E,A,3,D,"(2, 6, 9)",I,A,B,D,61.0,31.0
489,E,A,1,D,"(2, 6, 9)",I,A,C#,D,61.125,31.0
490,E,A,3,D,"(2, 6, 9)",I,A,C#,D,61.25,31.0
491,E,A,2,D,"(2, 6, 9)",I,A,C#,D,61.375,31.0
492,E,A,0,D,"(1, 4, 7, 9)",V7,G,C#,D,61.5,31.0
493,E,A,1,D,"(1, 4, 7, 9)",V7,G,C#,D,61.625,31.0
494,E,A,2,D,"(1, 4, 7, 9)",V7,G,C#,D,61.75,31.0
495,E,A,2,D,"(1, 4, 7, 9)",V7,G,C#,D,61.875,31.0
496,A,D,0,D,"(2, 6, 9)",I,D,F#,D,62.0,32.0
497,A,D,1,D,"(2, 6, 9)",I,D,F#,D,62.125,32.0
498,A,D,2,D,"(2, 6, 9)",I,D,F#,D,62.25,32.0
499,A,D,2,D,"(2, 6, 9)",I,D,F#,D,62.375,32.0
500,A,D,3,D,"(2, 6, 9)",I,D,F#,D,62.5,32.0
501,A,D,3,D,"(2, 6, 9)",I,D,F#,D,62.625,32.0
502,A,D,3,D,"(2, 6, 9)",I,D,F#,D,62.75,32.0
503,A,D,3,D,"(2, 6, 9)",I,D,F#,D,62.875,32.0
504,A,D,4,D,"(2, 6, 9)",I,D,F#,D,63.0,32.0
505,A,D,4,D,"(2, 6, 9)",I,D,F#,D,63.125,32.0
506,A,D,4,D,"(2, 6, 9)",I,D,F#,D,63.25,32.0
507,A,D,4,D,"(2, 6, 9)",I,D,F#,D,63.375,32.0
508,A,D,4,D,"(2, 6, 9)",I,D,F#,D,63.5,32.0
509,A,D,4,D,"(2, 6, 9)",I,D,F#,D,63.625,32.0
510,A,D,4,D,"(2, 6, 9)",I,D,F#,D,63.75,32.0
511,A,D,4,D,"(2, 6, 9)",I,D,F#,D,63.875,32.0
512,A,D,0,D,"(2, 6, 9)",I,D,F#,D,64.0,33.0
513,A,D,1,D,"(2, 6, 9)",I,D,F#,D,64.125,33.0
514,A,D,2,D,"(2, 6, 9)",I,D,F#,D,64.25,33.0
515,A,D,2,D,"(2, 6, 9)",I,D,F#,D,64.375,33.0
516,A,D,3,D,"(2, 6, 9)",I,D,F#,D,64.5,33.0
517,A,D,3,D,"(2, 6, 9)",I,D,F#,D,64.625,33.0
518,A,D,3,D,"(2, 6, 9)",I,D,F#,D,64.75,33.0
519,A,D,3,D,"(2, 6, 9)",I,D,F#,D,64.875,33.0
520,A,D,4,D,"(2, 6, 9)",I,D,F#,D,65.0,33.0
521,A,D,4,D,"(2, 6, 9)",I,D,F#,D,65.125,33.0
522,A,D,4,D,"(2, 6, 9)",I,D,F#,D,65.25,33.0
523,A,D,4,D,"(2, 6, 9)",I,D,F#,D,65.375,33.0
524,A,D,4,D,"(2, 6, 9)",I,D,F#,D,65.5,33.0
525,A,D,4,D,"(2, 6, 9)",I,D,F#,D,65.625,33.0
526,A,D,4,D,"(2, 6, 9)",I,D,F#,D,65.75,33.0
527,A,D,4,D,"(2, 6, 9)",I,D,F#,D,65.875,33.0
528,A,D,0,D,"(2, 6, 9)",I,D,F#,D,66.0,34.0
529,A,D,1,D,"(2, 6, 9)",I,D,F#,D,66.125,34.0
530,A,D,2,D,"(2, 6, 9)",I,D,F#,D,66.25,34.0
531,A,D,2,D,"(2, 6, 9)",I,D,F#,D,66.375,34.0
532,A,D,3,D,"(2, 6, 9)",I,D,F#,D,66.5,34.0
533,A,D,3,D,"(2, 6, 9)",I,D,F#,D,66.625,34.0
534,A,D,3,D,"(2, 6, 9)",I,D,F#,D,66.75,34.0
535,A,D,3,D,"(2, 6, 9)",I,D,F#,D,66.875,34.0
536,A,D,4,D,"(2, 6, 9)",I,D,F#,D,67.0,34.0
537,A,D,4,D,"(2, 6, 9)",I,D,F#,D,67.125,34.0
538,A,D,4,D,"(2, 6, 9)",I,D,F#,D,67.25,34.0
539,A,D,4,D,"(2, 6, 9)",I,D,F#,D,67.375,34.0
540,A,D,4,D,"(2, 6, 9)",I,D,F#,D,67.5,34.0
541,A,D,4,D,"(2, 6, 9)",I,D,F#,D,67.625,34.0
542,A,D,4,D,"(2, 6, 9)",I,D,F#,D,67.75,34.0
543,A,D,4,D,"(2, 6, 9)",I,D,F#,D,67.875,34.0
544,A,E,0,D,"(2, 6, 9)",I,D,F#,D,68.0,35.0
545,A,E,1,D,"(2, 6, 9)",V,D,F#,D,68.125,35.0
546,E,E,2,D,"(2, 6, 9)",V,D,F#,D,68.25,35.0
547,E,E,2,D,"(2, 6, 9)",V,D,F#,D,68.375,35.0
548,A,E,3,D,"(2, 6, 9)",V,D,F#,D,68.5,35.0
549,A,E,3,D,"(2, 6, 9)",V,D,F#,D,68.625,35.0
550,A,E,3,D,"(2, 6, 9)",V,D,F#,D,68.75,35.0
551,A,E,3,D,"(2, 6, 9)",V,D,F#,D,68.875,35.0
552,A,E,4,D,"(2, 6, 9)",V,D,C#,D,69.0,35.0
553,A,E,4,D,"(2, 6, 9)",V,D,C#,D,69.125,35.0
554,A,E,4,D,"(2, 6, 9)",V,D,C#,D,69.25,35.0
555,A,E,4,D,"(2, 6, 9)",V,D,C#,D,69.375,35.0
556,A,E,4,D,"(2, 6, 9)",V,D,C#,D,69.5,35.0
557,A,E,4,D,"(2, 6, 9)",V,D,C#,D,69.625,35.0
558,A,E,4,D,"(2, 6, 9)",V,D,C#,D,69.75,35.0
559,A,E,4,D,"(2, 6, 9)",V,D,C#,D,69.875,35.0
560,E,E,0,D,"(1, 4, 9)",V7,D,C#,D,70.0,36.0
561,E,A,1,D,"(1, 4, 9)",V,D,C#,D,70.125,36.0
562,E,A,2,D,"(1, 4, 9)",V,D,C#,D,70.25,36.0
563,E,A,2,D,"(1, 4, 9)",V,D,C#,D,70.375,36.0
564,E,E,3,D,"(1, 4, 9)",V,D,C#,D,70.5,36.0
565,E,E,3,D,"(1, 4, 9)",V,D,C#,D,70.625,36.0
566,E,E,3,D,"(1, 4, 9)",V,D,C#,D,70.75,36.0
567,E,E,3,D,"(1, 4, 9)",V,D,C#,D,70.875,36.0
568,E,E,4,D,"(1, 4, 9)",V,D,C#,D,71.0,36.0
569,E,E,4,D,"(1, 4, 9)",V,D,C#,D,71.125,36.0
570,E,E,4,D,"(1, 4, 9)",V,D,C#,D,71.25,36.0
571,E,E,4,D,"(1, 4, 9)",V,D,C#,D,71.375,36.0
572,E,E,4,D,"(1, 4, 9)",V,D,C#,D,71.5,36.0
573,E,E,4,D,"(1, 4, 9)",V,D,C#,D,71.625,36.0
574,E,E,4,D,"(1, 4, 9)",V,D,C#,D,71.75,36.0
575,E,E,4,D,"(1, 4, 9)",V,D,C#,D,71.875,36.0
576,A,D,0,D,"(2, 6, 9)",I,D,F#,D,72.0,37.0
577,A,D,1,D,"(2, 6, 9)",I,D,F#,D,72.125,37.0
578,A,D,2,D,"(2, 6, 9)",I,D,F#,D,72.25,37.0
579,A,D,2,D,"(2, 6, 9)",I,D,F#,D,72.375,37.0
580,A,D,3,D,"(2, 6, 9)",I,D,F#,D,72.5,37.0
581,A,D,3,D,"(2, 6, 9)",I,D,F#,D,72.625,37.0
582,A,D,3,D,"(2, 6, 9)",I,D,F#,D,72.75,37.0
583,A,D,3,D,"(2, 6, 9)",I,D,F#,D,72.875,37.0
584,A,D,4,D,"(2, 6, 9)",I,D,F#,D,73.0,37.0
585,A,D,4,D,"(2, 6, 9)",I,D,F#,D,73.125,37.0
586,A,D,4,D,"(2, 6, 9)",I,D,F#,D,73.25,37.0
587,A,D,4,D,"(2, 6, 9)",I,D,F#,D,73.375,37.0
588,A,D,4,D,"(2, 6, 9)",I,D,F#,D,73.5,37.0
589,A,D,4,D,"(2, 6, 9)",I,D,F#,D,73.625,37.0
590,A,D,4,D,"(2, 6, 9)",I,D,F#,D,73.75,37.0
591,A,D,4,D,"(2, 6, 9)",I,D,F#,D,73.875,37.0
592,A,D,0,D,"(2, 6, 9)",I,D,F#,D,74.0,38.0
593,A,D,1,D,"(2, 6, 9)",I,D,F#,D,74.125,38.0
594,A,D,2,D,"(2, 6, 9)",I,D,F#,D,74.25,38.0
595,A,D,2,D,"(2, 6, 9)",I,D,F#,D,74.375,38.0
596,A,D,3,D,"(2, 6, 9)",I,D,F#,D,74.5,38.0
597,A,D,3,D,"(2, 6, 9)",I,D,F#,D,74.625,38.0
598,A,D,3,D,"(2, 6, 9)",I,D,F#,D,74.75,38.0
599,A,D,3,D,"(2, 6, 9)",I,D,F#,D,74.875,38.0
600,A,D,4,D,"(2, 6, 9)",I,D,F#,D,75.0,38.0
601,A,D,4,D,"(2, 6, 9)",I,D,F#,D,75.125,38.0
602,A,D,4,D,"(2, 6, 9)",I,D,F#,D,75.25,38.0
603,A,D,4,D,"(2, 6, 9)",I,D,F#,D,75.375,38.0
604,A,D,4,D,"(2, 6, 9)",I,D,F#,D,75.5,38.0
605,A,D,4,D,"(2, 6, 9)",I,D,F#,D,75.625,38.0
606,A,D,4,D,"(2, 6, 9)",I,D,F#,D,75.75,38.0
607,A,D,4,D,"(2, 6, 9)",I,D,F#,D,75.875,38.0
608,A,E,0,D,"(2, 6, 9)",I,D,F#,D,76.0,39.0
609,E,E,1,D,"(2, 6, 9)",V,D,F#,D,76.125,39.0
610,E,E,2,D,"(2, 6, 9)",V,D,F#,D,76.25,39.0
611,E,E,2,D,"(2, 6, 9)",V,D,F#,D,76.375,39.0
612,E,E,3,D,"(2, 6, 9)",V,D,F#,D,76.5,39.0
613,E,E,3,D,"(2, 6, 9)",V,D,F#,D,76.625,39.0
614,E,E,3,D,"(2, 6, 9)",V,D,F#,D,76.75,39.0
615,E,E,3,D,"(2, 6, 9)",V,D,F#,D,76.875,39.0
616,E,E,4,D,"(2, 6, 9)",V,D,C#,D,77.0,39.0
617,E,E,4,D,"(1, 4, 9)",V,D,C#,D,77.125,39.0
618,E,E,4,D,"(1, 4, 9)",V,D,C#,D,77.25,39.0
619,E,E,4,D,"(1, 4, 9)",V,D,C#,D,77.375,39.0
620,E,E,4,D,"(1, 4, 9)",V,D,C#,D,77.5,39.0
621,E,E,4,D,"(1, 4, 9)",V,D,C#,D,77.625,39.0
622,E,E,4,D,"(1, 4, 9)",V,D,C#,D,77.75,39.0
623,E,E,4,D,"(1, 4, 9)",V,D,C#,D,77.875,39.0
624,E,A,0,D,"(1, 4, 9)",V,A,C#,D,78.0,40.0
625,E,A,1,D,"(1, 4, 9)",V7,A,C#,D,78.125,40.0
626,E,A,2,D,"(1, 4, 9)",V7,A,C#,D,78.25,40.0
627,E,A,2,D,"(1, 4, 9)",V7,A,C#,D,78.375,40.0
628,E,A,3,D,"(1, 4, 9)",V7,A,C#,D,78.5,40.0
629,E,A,3,D,"(1, 4, 9)",V7,A,C#,D,78.625,40.0
630,E,A,3,D,"(1, 4, 9)",V7,A,C#,D,78.75,40.0
631,E,A,3,D,"(1, 4, 9)",V7,A,C#,D,78.875,40.0
632,E,A,4,D,"(1, 4, 9)",V7,A,C#,D,79.0,40.0
633,E,A,4,D,"(1, 4, 9)",V7,A,C#,D,79.125,40.0
634,E,A,4,D,"(1, 4, 9)",V7,A,C#,D,79.25,40.0
635,E,A,4,D,"(1, 4, 9)",V7,A,C#,D,79.375,40.0
636,E,A,4,D,"(1, 4, 9)",V7,A,C#,D,79.5,40.0
637,E,A,4,D,"(1, 4, 9)",V7,A,C#,D,79.625,40.0
638,E,A,4,D,"(1, 4, 9)",V7,A,C#,D,79.75,40.0
639,E,A,4,D,"(1, 4, 9)",V7,A,C#,D,79.875,40.0
640,F#,B,0,D,"(2, 6, 11)",vi,B,D,D,80.0,41.0
641,F#,B,1,D,"(2, 6, 11)",vi,B,D,D,80.125,41.0
642,F#,B,2,D,"(2, 6, 11)",vi,B,D,D,80.25,41.0
643,F#,B,2,D,"(2, 6, 11)",vi,B,D,D,80.375,41.0
644,F#,B,3,D,"(2, 6, 11)",vi,B,D,D,80.5,41.0
645,F#,B,3,D,"(2, 6, 11)",vi,B,D,D,80.625,41.0
646,F#,B,3,D,"(2, 6, 11)",vi,B,D,D,80.75,41.0
647,F#,B,3,D,"(2, 6, 11)",vi,B,D,D,80.875,41.0
648,F#,B,4,D,"(2, 6, 11)",i,B,D,D,81.0,41.0
649,F#,B,4,D,"(2, 6, 11)",i,B,D,D,81.125,41.0
650,F#,B,4,D,"(2, 6, 11)",i,B,D,D,81.25,41.0
651,F#,B,4,D,"(2, 6, 11)",i,B,D,D,81.375,41.0
652,F#,B,4,D,"(2, 6, 11)",ii,B,D,D,81.5,41.0
653,F#,B,4,D,"(2, 6, 11)",ii,B,D,D,81.625,41.0
654,F#,B,4,D,"(2, 6, 11)",ii,B,D,D,81.75,41.0
655,F#,B,4,D,"(2, 6, 11)",ii,B,D,D,81.875,41.0
656,E,A,0,D,"(1, 4, 9)",V,A,C#,D,82.0,42.0
657,E,A,1,D,"(1, 4, 9)",V,A,C#,D,82.125,42.0
658,E,A,2,D,"(1, 4, 9)",V,A,C#,D,82.25,42.0
659,E,A,2,D,"(1, 4, 9)",V,A,C#,D,82.375,42.0
660,E,A,3,D,"(1, 4, 9)",V,A,C#,D,82.5,42.0
661,E,A,3,D,"(1, 4, 9)",V,A,C#,D,82.625,42.0
662,E,A,3,D,"(1, 4, 9)",V,A,C#,D,82.75,42.0
663,E,A,3,D,"(1, 4, 9)",V,A,C#,D,82.875,42.0
664,E,A,4,D,"(1, 4, 9)",V,A,C#,D,83.0,42.0
665,E,A,4,D,"(1, 4, 9)",V,A,C#,D,83.125,42.0
666,E,A,4,D,"(1, 4, 9)",V,A,C#,D,83.25,42.0
667,E,A,4,D,"(1, 4, 9)",V,A,C#,D,83.375,42.0
668,E,A,4,D,"(1, 4, 9)",V,A,C#,D,83.5,42.0
669,E,A,4,D,"(1, 4, 9)",V,A,C#,D,83.625,42.0
670,E,A,4,D,"(1, 4, 9)",V,A,C#,D,83.75,42.0
671,E,A,4,D,"(1, 4, 9)",V,A,C#,D,83.875,42.0
672,E,C#,0,D,"(1, 4, 9)",V,A,C#,D,84.0,43.0
673,E,C#,1,D,"(1, 4, 9)",V,A,C#,D,84.125,43.0
674,E,C#,2,D,"(1, 4, 9)",V,A,C#,D,84.25,43.0
675,E,C#,2,D,"(1, 4, 9)",V,A,C#,D,84.375,43.0
676,E,C#,3,D,"(1, 4, 9)",V,A,C#,D,84.5,43.0
677,E,C#,3,D,"(1, 4, 9)",V,A,C#,D,84.625,43.0
678,E,C#,3,D,"(1, 4, 9)",V,A,C#,D,84.75,43.0
679,E,C#,3,D,"(1, 4, 9)",V,A,C#,D,84.875,43.0
680,E,C#,4,D,"(1, 4, 9)",V,A,E,D,85.0,43.0
681,E,C#,4,D,"(1, 4, 9)",V,A,E,D,85.125,43.0
682,E,C#,4,D,"(1, 4, 9)",V,A,E,D,85.25,43.0
683,E,C#,4,D,"(1, 4, 9)",V,A,E,D,85.375,43.0
684,E,C#,4,D,"(1, 4, 9)",V,A,E,D,85.5,43.0
685,E,C#,4,D,"(1, 4, 9)",V,A,E,D,85.625,43.0
686,E,C#,4,D,"(1, 4, 9)",V,A,E,D,85.75,43.0
687,E,C#,4,D,"(1, 4, 9)",V,A,E,D,85.875,43.0
688,A,D,0,D,"(2, 6, 9)",I,D,F#,D,86.0,44.0
689,A,D,1,D,"(2, 6, 9)",I,D,F#,D,86.125,44.0
690,A,D,2,D,"(2, 6, 9)",I,D,F#,D,86.25,44.0
691,A,D,2,D,"(2, 6, 9)",I,D,F#,D,86.375,44.0
692,A,D,3,D,"(2, 6, 9)",I,D,F#,D,86.5,44.0
693,A,D,3,D,"(2, 6, 9)",I,D,F#,D,86.625,44.0
694,A,D,3,D,"(2, 6, 9)",I,D,F#,D,86.75,44.0
695,A,D,3,D,"(2, 6, 9)",I,D,F#,D,86.875,44.0
696,A,D,4,D,"(2, 6, 9)",I,D,F#,D,87.0,44.0
697,A,D,4,D,"(2, 6, 9)",I,D,F#,D,87.125,44.0
698,A,D,4,D,"(2, 6, 9)",I,D,F#,D,87.25,44.0
699,A,D,4,D,"(2, 6, 9)",I,D,F#,D,87.375,44.0
700,A,D,4,D,"(2, 6, 9)",I,D,F#,D,87.5,44.0
701,A,D,4,D,"(2, 6, 9)",I,D,F#,D,87.625,44.0
702,A,D,4,D,"(2, 6, 9)",I,D,F#,D,87.75,44.0
703,A,D,4,D,"(2, 6, 9)",I,D,F#,D,87.875,44.0
704,A,D,0,D,"(2, 6, 9)",I,D,F#,D,88.0,45.0
705,A,D,1,D,"(2, 6, 9)",I,D,F#,D,88.125,45.0
706,A,D,2,D,"(2, 6, 9)",I,D,F#,D,88.25,45.0
707,A,D,2,D,"(2, 6, 9)",I,D,F#,D,88.375,45.0
708,A,D,3,D,"(2, 6, 9)",I,D,F#,D,88.5,45.0
709,A,D,3,D,"(2, 6, 9)",I,D,F#,D,88.625,45.0
710,A,D,3,D,"(2, 6, 9)",I,D,F#,D,88.75,45.0
711,A,D,3,D,"(2, 6, 9)",I,D,F#,D,88.875,45.0
712,A,D,4,D,"(2, 6, 9)",I,D,F#,D,89.0,45.0
713,A,D,4,D,"(2, 6, 9)",I,D,F#,D,89.125,45.0
714,A,D,4,D,"(2, 6, 9)",I,D,F#,D,89.25,45.0
715,A,D,4,D,"(2, 6, 9)",I,D,F#,D,89.375,45.0
716,A,D,4,D,"(2, 6, 9)",I,D,F#,D,89.5,45.0
717,A,D,4,D,"(2, 6, 9)",I,D,F#,D,89.625,45.0
718,A,D,4,D,"(2, 6, 9)",I,D,F#,D,89.75,45.0
719,A,D,4,D,"(2, 6, 9)",I,D,F#,D,89.875,45.0
720,A,D,0,D,"(2, 6, 9)",I,D,F#,D,90.0,46.0
721,A,D,1,D,"(2, 6, 9)",I,D,F#,D,90.125,46.0
722,A,D,2,D,"(2, 6, 9)",I,D,F#,D,90.25,46.0
723,A,D,2,D,"(2, 6, 9)",I,D,F#,D,90.375,46.0
724,A,D,3,D,"(2, 6, 9)",I,D,F#,D,90.5,46.0
725,A,D,3,D,"(2, 6, 9)",I,D,F#,D,90.625,46.0
726,A,D,3,D,"(2, 6, 9)",I,D,F#,D,90.75,46.0
727,A,D,3,D,"(2, 6, 9)",I,D,F#,D,90.875,46.0
728,A,D,4,D,"(2, 6, 9)",I,D,F#,D,91.0,46.0
729,A,D,4,D,"(2, 6, 9)",I,D,F#,D,91.125,46.0
730,A,D,4,D,"(2, 6, 9)",I,D,F#,D,91.25,46.0
731,A,D,4,D,"(2, 6, 9)",I,D,F#,D,91.375,46.0
732,A,D,4,D,"(2, 6, 9)",I,D,F#,D,91.5,46.0
733,A,D,4,D,"(2, 6, 9)",I,D,F#,D,91.625,46.0
734,A,D,4,D,"(2, 6, 9)",I,D,F#,D,91.75,46.0
735,A,D,4,D,"(2, 6, 9)",I,D,F#,D,91.875,46.0
736,B,E,0,D,"(2, 6, 9)",I,D,A,D,92.0,47.0
737,A,E,1,D,"(1, 4, 9)",V7,D,C#,D,92.125,47.0
738,A,E,2,D,"(1, 4, 9)",V7,D,C#,D,92.25,47.0
739,A,E,2,D,"(1, 4, 9)",V7,D,C#,D,92.375,47.0
740,A,E,3,D,"(1, 4, 9)",I,D,C#,D,92.5,47.0
741,A,E,3,D,"(1, 4, 9)",V7,D,C#,D,92.625,47.0
742,A,E,3,D,"(1, 4, 9)",V7,D,C#,D,92.75,47.0
743,A,E,3,D,"(1, 4, 9)",V7,D,C#,D,92.875,47.0
744,A,E,4,D,"(1, 4, 9)",V7,D,C#,D,93.0,47.0
745,A,E,4,D,"(1, 4, 9)",V7,D,C#,D,93.125,47.0
746,A,E,4,D,"(1, 4, 9)",V7,D,C#,D,93.25,47.0
747,A,E,4,D,"(1, 4, 9)",V7,D,C#,D,93.375,47.0
748,A,E,4,D,"(1, 4, 9)",V7,D,C#,D,93.5,47.0
749,A,E,4,D,"(1, 4, 9)",V7,D,C#,D,93.625,47.0
750,A,E,4,D,"(1, 4, 9)",V7,D,C#,D,93.75,47.0
751,A,E,4,D,"(1, 4, 9)",V7,D,C#,D,93.875,47.0
752,E,A,0,D,"(1, 4, 9)",V,A,C#,D,94.0,48.0
753,E,A,1,D,"(1, 4, 9)",V,A,C#,D,94.125,48.0
754,E,A,2,D,"(1, 4, 9)",V,A,C#,D,94.25,48.0
755,E,A,2,D,"(1, 4, 9)",V,A,C#,D,94.375,48.0
756,E,A,3,D,"(1, 4, 9)",V,A,C#,D,94.5,48.0
757,E,A,3,D,"(1, 4, 9)",V,A,C#,D,94.625,48.0
758,E,A,3,D,"(1, 4, 9)",V,A,C#,D,94.75,48.0
759,E,A,3,D,"(1, 4, 9)",V,A,C#,D,94.875,48.0
760,A,D,4,D,"(2, 6, 9)",I,D,F#,D,95.0,48.0
761,A,D,1,D,"(2, 6, 9)",I,D,F#,D,95.125,48.0
762,A,D,2,D,"(2, 6, 9)",I,D,F#,D,95.25,48.0
763,A,D,4,D,"(2, 6, 9)",I,D,F#,D,95.375,48.0
764,A,D,4,D,"(2, 6, 9)",I,D,F#,D,95.5,48.0
765,A,D,4,D,"(2, 6, 9)",I,D,F#,D,95.625,48.0
766,A,D,4,D,"(2, 6, 9)",I,D,F#,D,95.75,48.0
767,A,D,4,D,"(2, 6, 9)",I,D,F#,D,95.875,48.0
768,A,D,0,D,"(2, 6, 9)",I,D,F#,D,96.0,49.0
769,A,D,1,D,"(2, 6, 9)",I,D,F#,D,96.125,49.0
770,A,D,2,D,"(2, 6, 9)",I,D,F#,D,96.25,49.0
771,A,D,2,D,"(2, 6, 9)",I,D,F#,D,96.375,49.0
772,A,D,3,D,"(2, 6, 9)",I,D,F#,D,96.5,49.0
773,A,D,3,D,"(2, 6, 9)",I,D,F#,D,96.625,49.0
774,A,D,3,D,"(2, 6, 9)",I,D,F#,D,96.75,49.0
775,A,D,3,D,"(2, 6, 9)",I,D,F#,D,96.875,49.0
776,A,D,4,D,"(2, 6, 9)",I,D,F#,D,97.0,49.0
777,A,D,4,D,"(2, 6, 9)",I,D,F#,D,97.125,49.0
778,A,D,4,D,"(2, 6, 9)",I,D,F#,D,97.25,49.0
779,A,D,4,D,"(2, 6, 9)",I,D,F#,D,97.375,49.0
780,A,D,4,D,"(2, 6, 9)",I,D,F#,D,97.5,49.0
781,A,D,4,D,"(2, 6, 9)",I,D,F#,D,97.625,49.0
782,A,D,4,D,"(2, 6, 9)",I,D,F#,D,97.75,49.0
783,A,D,4,D,"(2, 6, 9)",I,D,F#,D,97.875,49.0
784,A,D,5,D,"(2, 6, 9)",I,D,F#,D,98.0,49.0
785,A,D,1,D,"(2, 6, 9)",I,D,F#,D,98.125,49.0
786,A,D,5,D,"(2, 6, 9)",I,D,F#,D,98.25,49.0
787,A,D,5,D,"(2, 6, 9)",I,D,F#,D,98.375,49.0
788,A,D,5,D,"(2, 6, 9)",I,D,F#,D,98.5,49.0
789,A,D,5,D,"(2, 6, 9)",I,D,F#,D,98.625,49.0
790,A,D,5,D,"(2, 6, 9)",I,D,F#,D,98.75,49.0
791,A,D,5,D,"(2, 6, 9)",I,D,F#,D,98.875,49.0
792,A,D,0,D,"(2, 6, 9)",I,D,F#,D,99.0,50.0
793,A,D,1,D,"(2, 6, 9)",I,D,F#,D,99.125,50.0
794,A,D,2,D,"(2, 6, 9)",I,D,F#,D,99.25,50.0
795,A,D,2,D,"(2, 6, 9)",I,D,F#,D,99.375,50.0
796,A,D,3,D,"(2, 6, 9)",I,D,F#,D,99.5,50.0
797,A,D,3,D,"(2, 6, 9)",I,D,F#,D,99.625,50.0
798,A,D,3,D,"(2, 6, 9)",I,D,F#,D,99.75,50.0
799,A,D,3,D,"(2, 6, 9)",I,D,F#,D,99.875,50.0
800,A,D,4,D,"(2, 6, 9)",I,D,F#,D,100.0,50.0
801,A,D,4,D,"(2, 6, 9)",I,D,F#,D,100.125,50.0
802,A,D,4,D,"(2, 6, 9)",I,D,F#,D,100.25,50.0
803,A,D,4,D,"(2, 6, 9)",I,D,F#,D,100.375,50.0
804,A,D,4,D,"(2, 6, 9)",I,D,F#,D,100.5,50.0
805,A,D,4,D,"(2, 6, 9)",I,D,F#,D,100.625,50.0
806,A,D,4,D,"(2, 6, 9)",I,D,F#,D,100.75,50.0
807,A,D,4,D,"(2, 6, 9)",I,D,F#,D,100.875,50.0
808,A,D,5,D,"(2, 6, 9)",I,D,F#,D,101.0,50.0
809,A,D,5,D,"(2, 6, 9)",I,D,F#,D,101.125,50.0
810,A,D,5,D,"(2, 6, 9)",I,D,F#,D,101.25,50.0
811,A,D,5,D,"(2, 6, 9)",I,D,F#,D,101.375,50.0
812,A,D,5,D,"(2, 6, 9)",I,D,F#,D,101.5,50.0
813,A,D,5,D,"(2, 6, 9)",I,D,F#,D,101.625,50.0
814,A,D,5,D,"(2, 6, 9)",I,D,F#,D,101.75,50.0
815,A,D,5,D,"(2, 6, 9)",I,D,F#,D,101.875,50.0
816,B,D,0,D,"(2, 7, 11)",IV,G,B,D,102.0,51.0
817,B,D,1,D,"(2, 7, 11)",IV,G,G,D,102.125,51.0
818,B,D,2,D,"(2, 7, 11)",IV,G,G,D,102.25,51.0
819,B,D,2,D,"(2, 7, 11)",IV,G,G,D,102.375,51.0
820,B,D,3,D,"(2, 7, 11)",IV,G,G,D,102.5,51.0
821,B,D,3,D,"(2, 7, 11)",IV,G,G,D,102.625,51.0
822,B,D,3,D,"(2, 7, 11)",IV,G,G,D,102.75,51.0
823,B,D,3,D,"(2, 7, 11)",IV,G,G,D,102.875,51.0
824,B,D,4,D,"(2, 7, 11)",IV,G,G,D,103.0,51.0
825,B,D,4,D,"(2, 7, 11)",IV,G,G,D,103.125,51.0
826,B,D,4,D,"(2, 7, 11)",IV,G,G,D,103.25,51.0
827,B,D,4,D,"(2, 7, 11)",IV,G,G,D,103.375,51.0
828,A,D,0,D,"(2, 6, 9)",V7,G,F#,D,103.5,51.0
829,A,D,4,D,"(2, 6, 9)",V7,G,F#,D,103.625,51.0
830,A,D,4,D,"(2, 6, 9)",V7,G,F#,D,103.75,51.0
831,A,D,4,D,"(2, 6, 9)",V7,G,F#,D,103.875,51.0
832,E,G,0,D,"(1, 4, 7)",V7,G,G,D,104.0,51.0
833,E,G,1,D,"(1, 4, 7)",V7,G,G,D,104.125,51.0
834,E,G,2,D,"(1, 4, 7)",V7,G,G,D,104.25,51.0
835,E,G,3,D,"(1, 4, 7)",V7,G,G,D,104.375,51.0
836,E,G,4,D,"(1, 4, 7)",V7,G,G,D,104.5,51.0
837,E,G,4,D,"(1, 4, 7)",V7,G,G,D,104.625,51.0
838,E,G,4,D,"(1, 4, 7)",V7,G,G,D,104.75,51.0
839,E,G,4,D,"(1, 4, 7)",V7,G,G,D,104.875,51.0
840,A,D,0,D,"(2, 6, 9)",I,D,F#,D,105.0,52.0
841,A,D,1,D,"(2, 6, 9)",I,D,F#,D,105.125,52.0
842,A,D,2,D,"(2, 6, 9)",I,D,F#,D,105.25,52.0
843,A,D,2,D,"(2, 6, 9)",I,D,F#,D,105.375,52.0
844,A,D,3,D,"(2, 6, 9)",I,D,F#,D,105.5,52.0
845,A,D,3,D,"(2, 6, 9)",I,D,F#,D,105.625,52.0
846,A,D,3,D,"(2, 6, 9)",I,D,F#,D,105.75,52.0
847,A,D,3,D,"(2, 6, 9)",I,D,F#,D,105.875,52.0
848,A,D,4,D,"(2, 6, 9)",I,D,F#,D,106.0,52.0
849,A,D,4,D,"(2, 6, 9)",I,D,F#,D,106.125,52.0
850,A,D,4,D,"(2, 6, 9)",I,D,F#,D,106.25,52.0
851,A,D,4,D,"(2, 6, 9)",I,D,F#,D,106.375,52.0
852,A,D,4,D,"(2, 6, 9)",IV,D,F#,D,106.5,52.0
853,A,D,4,D,"(2, 6, 9)",IV,D,F#,D,106.625,52.0
854,A,D,4,D,"(2, 6, 9)",IV,D,F#,D,106.75,52.0
855,A,D,4,D,"(2, 6, 9)",IV,D,F#,D,106.875,52.0
856,A,D,0,D,"(2, 6, 9)",I,D,F#,D,107.0,52.0
857,A,D,1,D,"(2, 6, 9)",I,D,F#,D,107.125,52.0
858,A,D,2,D,"(2, 6, 9)",I,D,F#,D,107.25,52.0
859,A,D,2,D,"(2, 6, 9)",I,D,F#,D,107.375,52.0
860,A,D,3,D,"(2, 6, 9)",I,D,F#,D,107.5,52.0
861,A,D,3,D,"(2, 6, 9)",I,D,F#,D,107.625,52.0
862,A,D,3,D,"(2, 6, 9)",I,D,F#,D,107.75,52.0
863,A,D,3,D,"(2, 6, 9)",I,D,F#,D,107.875,52.0
864,A,D,0,D,"(2, 6, 9)",I,D,F#,D,108.0,53.0
865,A,D,1,D,"(2, 6, 9)",I,D,F#,D,108.125,53.0
866,A,D,2,D,"(2, 6, 9)",I,D,F#,D,108.25,53.0
867,A,D,2,D,"(2, 6, 9)",I,D,F#,D,108.375,53.0
868,A,D,3,D,"(2, 6, 9)",I,D,F#,D,108.5,53.0
869,A,D,3,D,"(2, 6, 9)",I,D,F#,D,108.625,53.0
870,A,D,3,D,"(2, 6, 9)",I,D,F#,D,108.75,53.0
871,A,D,3,D,"(2, 6, 9)",I,D,F#,D,108.875,53.0
872,A,D,4,D,"(2, 6, 9)",I,D,F#,D,109.0,53.0
873,A,D,4,D,"(2, 6, 9)",I,D,F#,D,109.125,53.0
874,A,D,4,D,"(2, 6, 9)",I,D,F#,D,109.25,53.0
875,A,D,4,D,"(2, 6, 9)",I,D,F#,D,109.375,53.0
876,A,D,4,D,"(2, 6, 9)",I,D,F#,D,109.5,53.0
877,A,D,4,D,"(2, 6, 9)",I,D,F#,D,109.625,53.0
878,A,D,4,D,"(2, 6, 9)",I,D,F#,D,109.75,53.0
879,A,D,4,D,"(2, 6, 9)",I,D,F#,D,109.875,53.0
880,A,D,0,D,"(2, 6, 9)",I,D,F#,D,110.0,53.0
881,A,D,1,D,"(2, 6, 9)",I,D,F#,D,110.125,53.0
882,A,D,2,D,"(2, 6, 9)",I,D,F#,D,110.25,53.0
883,A,D,2,D,"(2, 6, 9)",I,D,F#,D,110.375,53.0
884,A,D,3,D,"(2, 6, 9)",I,D,F#,D,110.5,53.0
885,A,D,3,D,"(2, 6, 9)",I,D,F#,D,110.625,53.0
886,A,D,3,D,"(2, 6, 9)",I,D,F#,D,110.75,53.0
887,A,D,3,D,"(2, 6, 9)",I,D,F#,D,110.875,53.0
888,A,D,0,D,"(2, 6, 9)",I,D,F#,D,111.0,54.0
889,A,D,1,D,"(2, 6, 9)",I,D,F#,D,111.125,54.0
890,A,D,2,D,"(2, 6, 9)",I,D,F#,D,111.25,54.0
891,A,D,2,D,"(2, 6, 9)",I,D,F#,D,111.375,54.0
892,A,D,3,D,"(2, 6, 9)",I,D,F#,D,111.5,54.0
893,A,D,3,D,"(2, 6, 9)",I,D,F#,D,111.625,54.0
894,A,D,3,D,"(2, 6, 9)",I,D,F#,D,111.75,54.0
895,A,D,3,D,"(2, 6, 9)",I,D,F#,D,111.875,54.0
896,A,D,4,D,"(2, 6, 9)",I,D,F#,D,112.0,54.0
897,A,D,4,D,"(2, 6, 9)",I,D,F#,D,112.125,54.0
898,A,D,4,D,"(2, 6, 9)",I,D,F#,D,112.25,54.0
899,A,D,4,D,"(2, 6, 9)",I,D,F#,D,112.375,54.0
900,A,D,4,D,"(2, 6, 9)",I,D,F#,D,112.5,54.0
901,A,D,4,D,"(2, 6, 9)",I,D,F#,D,112.625,54.0
902,A,D,4,D,"(2, 6, 9)",I,D,F#,D,112.75,54.0
903,A,D,4,D,"(2, 6, 9)",I,D,F#,D,112.875,54.0
904,A,D,5,D,"(2, 6, 9)",I,D,F#,D,113.0,54.0
905,A,D,5,D,"(2, 6, 9)",I,D,F#,D,113.125,54.0
906,A,D,5,D,"(2, 6, 9)",I,D,F#,D,113.25,54.0
907,A,D,5,D,"(2, 6, 9)",I,D,F#,D,113.375,54.0
908,A,F#,5,D,"(2, 6, 9)",V,D,F#,D,113.5,54.0
909,A,F#,5,D,"(2, 6, 9)",V,D,F#,D,113.625,54.0
910,A,F#,5,D,"(2, 6, 9)",V,D,F#,D,113.75,54.0
911,A,F#,5,D,"(2, 6, 9)",V,D,F#,D,113.875,54.0
912,D,G,0,D,"(2, 7, 11)",IV,G,B,D,114.0,55.0
913,D,G,1,D,"(2, 7, 11)",IV,G,B,D,114.125,55.0
914,D,G,2,D,"(2, 7, 11)",IV,G,B,D,114.25,55.0
915,D,G,2,D,"(2, 7, 11)",IV,G,B,D,114.375,55.0
916,D,G,3,D,"(2, 7, 11)",IV,E,B,D,114.5,55.0
917,D,G,3,D,"(2, 7, 11)",IV,E,B,D,114.625,55.0
918,D,G,3,D,"(2, 7, 11)",IV,E,B,D,114.75,55.0
919,D,G,3,D,"(2, 7, 11)",IV,E,B,D,114.875,55.0
920,D,G,4,D,"(2, 7, 11)",IV,E,B,D,115.0,55.0
921,D,G,4,D,"(2, 7, 11)",IV,E,B,D,115.125,55.0
922,D,G,4,D,"(2, 7, 11)",IV,E,B,D,115.25,55.0
923,D,G,4,D,"(2, 7, 11)",IV,E,B,D,115.375,55.0
924,B,E,0,D,"(2, 4, 7, 11)",IV,E,B,D,115.5,55.0
925,B,E,1,D,"(2, 4, 7, 11)",IV,E,B,D,115.625,55.0
926,B,E,4,D,"(2, 4, 7, 11)",IV,E,B,D,115.75,55.0
927,B,E,2,D,"(2, 4, 7, 11)",IV,E,B,D,115.875,55.0
928,C#,F#,0,D,"(1, 4, 6, 10)",V7,E,E,D,116.0,55.0
929,C#,F#,1,D,"(1, 4, 6, 10)",V7,E,E,D,116.125,55.0
930,C#,F#,2,D,"(1, 4, 6, 10)",V7,E,E,D,116.25,55.0
931,C#,F#,2,D,"(1, 4, 6, 10)",V7,E,E,D,116.375,55.0
932,C#,F#,0,D,"(1, 4, 6, 10)",V7,E,A#,b,116.5,55.0
933,C#,F#,1,D,"(1, 4, 6, 10)",V7,E,A#,b,116.625,55.0
934,C#,F#,2,D,"(1, 4, 6, 10)",V7,E,A#,b,116.75,55.0
935,C#,F#,2,D,"(1, 4, 6, 10)",V7,E,A#,b,116.875,55.0
936,F#,B,0,D,"(2, 6, 11)",vi,B,D,D,117.0,56.0
937,F#,B,1,D,"(2, 6, 11)",vi,B,D,D,117.125,56.0
938,F#,B,2,D,"(2, 6, 11)",vi,B,D,D,117.25,56.0
939,F#,B,2,D,"(2, 6, 11)",vi,B,D,D,117.375,56.0
940,F#,B,3,D,"(2, 6, 11)",vi,B,D,D,117.5,56.0
941,F#,B,3,D,"(2, 6, 11)",vi,B,D,D,117.625,56.0
942,F#,B,3,D,"(2, 6, 11)",vi,B,D,D,117.75,56.0
943,F#,B,3,D,"(2, 6, 11)",vi,B,D,D,117.875,56.0
944,F#,B,4,D,"(2, 6, 11)",vi,B,D,D,118.0,56.0
945,F#,B,4,D,"(2, 6, 11)",vi,B,D,D,118.125,56.0
946,F#,B,4,D,"(2, 6, 11)",vi,B,D,D,118.25,56.0
947,F#,B,4,D,"(2, 6, 11)",vi,B,D,D,118.375,56.0
948,F#,B,4,D,"(2, 6, 11)",vi,B,D,D,118.5,56.0
949,F#,B,4,D,"(2, 6, 11)",vi,B,D,D,118.625,56.0
950,F#,B,4,D,"(2, 6, 11)",vi,B,D,D,118.75,56.0
951,F#,B,4,D,"(2, 6, 11)",vi,B,D,D,118.875,56.0
952,F#,B,5,D,"(2, 6, 11)",vi,B,D,D,119.0,56.0
953,F#,B,5,D,"(2, 6, 11)",vi,B,D,D,119.125,56.0
954,F#,B,5,D,"(2, 6, 11)",vi,B,D,D,119.25,56.0
955,F#,B,5,D,"(2, 6, 11)",vi,B,D,D,119.375,56.0
956,F#,B,5,D,"(2, 6, 11)",vi,B,D,D,119.5,56.0
957,F#,B,5,D,"(2, 6, 11)",vi,B,D,D,119.625,56.0
958,F#,B,5,D,"(2, 6, 11)",vi,B,D,D,119.75,56.0
959,F#,B,5,D,"(2, 6, 11)",vi,B,D,D,119.875,56.0
960,F#,B,0,D,"(2, 6, 11)",vi,B,D,D,120.0,57.0
961,F#,B,1,D,"(2, 6, 11)",vi,B,D,D,120.125,57.0
962,F#,B,2,D,"(2, 6, 11)",vi,B,D,D,120.25,57.0
963,F#,B,2,D,"(2, 6, 11)",vi,B,D,D,120.375,57.0
964,F#,B,3,D,"(2, 6, 11)",vi,B,D,D,120.5,57.0
965,F#,B,3,D,"(2, 6, 11)",vi,B,D,D,120.625,57.0
966,F#,B,3,D,"(2, 6, 11)",vi,B,D,D,120.75,57.0
967,F#,B,3,D,"(2, 6, 11)",vi,B,D,D,120.875,57.0
968,F#,B,4,D,"(2, 6, 11)",vi,B,D,D,121.0,57.0
969,F#,B,4,D,"(2, 6, 11)",vi,B,D,D,121.125,57.0
970,F#,B,4,D,"(2, 6, 11)",vi,B,D,D,121.25,57.0
971,F#,B,4,D,"(2, 6, 11)",vi,B,D,D,121.375,57.0
972,F#,B,4,D,"(2, 6, 11)",vi,B,D,D,121.5,57.0
973,F#,B,4,D,"(2, 6, 11)",vi,B,D,D,121.625,57.0
974,F#,B,4,D,"(2, 6, 11)",vi,B,D,D,121.75,57.0
975,F#,B,4,D,"(2, 6, 11)",vi,B,D,D,121.875,57.0
976,F#,B,5,D,"(2, 6, 11)",vi,B,D,D,122.0,57.0
977,F#,B,5,D,"(2, 6, 11)",vi,B,D,D,122.125,57.0
978,F#,B,5,D,"(2, 6, 11)",vi,B,D,D,122.25,57.0
979,F#,B,5,D,"(2, 6, 11)",vi,B,D,D,122.375,57.0
980,F#,B,5,D,"(2, 6, 11)",vi,B,D,D,122.5,57.0
981,F#,B,5,D,"(2, 6, 11)",vi,B,D,D,122.625,57.0
982,F#,B,5,D,"(2, 6, 11)",vi,B,D,D,122.75,57.0
983,F#,B,5,D,"(2, 6, 11)",vi,B,D,D,122.875,57.0
984,F#,B,0,D,"(2, 6, 11)",vi,B,D,D,123.0,58.0
985,F#,B,1,D,"(2, 6, 11)",vi,B,D,D,123.125,58.0
986,F#,B,2,D,"(2, 6, 11)",vi,B,D,D,123.25,58.0
987,F#,B,2,D,"(2, 6, 11)",vi,B,D,D,123.375,58.0
988,F#,B,3,D,"(2, 6, 11)",vi,B,D,D,123.5,58.0
989,F#,B,3,D,"(2, 6, 11)",vi,B,D,D,123.625,58.0
990,F#,B,3,D,"(2, 6, 11)",vi,B,D,D,123.75,58.0
991,F#,B,3,D,"(2, 6, 11)",vi,B,D,D,123.875,58.0
992,F#,B,4,D,"(2, 6, 11)",vi,B,D,D,124.0,58.0
993,F#,B,4,D,"(2, 6, 11)",vi,B,D,D,124.125,58.0
994,F#,B,4,D,"(2, 6, 11)",vi,B,D,D,124.25,58.0
995,F#,B,4,D,"(2, 6, 11)",vi,B,D,D,124.375,58.0
996,F#,B,4,D,"(2, 6, 11)",vi,B,D,D,124.5,58.0
997,F#,B,4,D,"(2, 6, 11)",vi,B,D,D,124.625,58.0
998,F#,B,4,D,"(2, 6, 11)",vi,B,D,D,124.75,58.0
999,F#,B,4,D,"(2, 6, 11)",vi,B,D,D,124.875,58.0
1000,F#,B,5,D,"(2, 6, 11)",vi,B,D,D,125.0,58.0
1001,F#,B,5,D,"(2, 6, 11)",vi,B,D,D,125.125,58.0
1002,F#,B,5,D,"(2, 6, 11)",vi,B,D,D,125.25,58.0
1003,F#,B,5,D,"(2, 6, 11)",vi,B,D,D,125.375,58.0
1004,F#,B,5,D,"(2, 6, 11)",vi,B,D,D,125.5,58.0
1005,F#,B,5,D,"(2, 6, 11)",vi,B,D,D,125.625,58.0
1006,F#,B,5,D,"(2, 6, 11)",vi,B,D,D,125.75,58.0
1007,F#,B,5,D,"(2, 6, 11)",vi,B,D,D,125.875,58.0
1008,E,A,0,D,"(1, 4, 7, 9)",V7,G,C#,D,126.0,59.0
1009,E,A,1,D,"(1, 4, 7, 9)",V7,G,C#,D,126.125,59.0
1010,E,A,2,D,"(1, 4, 7, 9)",V7,G,C#,D,126.25,59.0
1011,E,A,2,D,"(1, 4, 7, 9)",V7,G,C#,D,126.375,59.0
1012,E,A,3,D,"(1, 4, 7, 9)",V7,G,C#,D,126.5,59.0
1013,E,A,3,D,"(1, 4, 7, 9)",V7,G,C#,D,126.625,59.0
1014,E,A,3,D,"(1, 4, 7, 9)",V7,G,C#,D,126.75,59.0
1015,E,A,3,D,"(1, 4, 7, 9)",V7,G,C#,D,126.875,59.0
1016,E,A,4,D,"(1, 4, 7, 9)",V7,G,C#,D,127.0,59.0
1017,E,A,4,D,"(1, 4, 7, 9)",V7,G,C#,D,127.125,59.0
1018,E,A,4,D,"(1, 4, 7, 9)",V7,G,C#,D,127.25,59.0
1019,E,A,4,D,"(1, 4, 7, 9)",V7,G,C#,D,127.375,59.0
1020,E,A,4,D,"(1, 4, 7, 9)",V7,G,C#,D,127.5,59.0
1021,E,A,4,D,"(1, 4, 7, 9)",V7,G,C#,D,127.625,59.0
1022,E,A,4,D,"(1, 4, 7, 9)",V7,G,C#,D,127.75,59.0
1023,E,A,4,D,"(1, 4, 7, 9)",V7,G,C#,D,127.875,59.0
1024,E,A,0,D,"(1, 4, 7, 9)",V7,G,C#,D,128.0,59.0
1025,E,A,5,D,"(1, 4, 7, 9)",V7,G,C#,D,128.125,59.0
1026,E,A,5,D,"(1, 4, 7, 9)",V7,G,C#,D,128.25,59.0
1027,E,A,5,D,"(1, 4, 7, 9)",V7,G,C#,D,128.375,59.0
1028,E,A,5,D,"(1, 4, 7, 9)",V7,G,C#,D,128.5,59.0
1029,E,A,5,D,"(1, 4, 7, 9)",V7,G,C#,D,128.625,59.0
1030,E,A,5,D,"(1, 4, 7, 9)",V7,G,C#,D,128.75,59.0
1031,E,A,5,D,"(1, 4, 7, 9)",V7,G,C#,D,128.875,59.0
1032,E,A,0,D,"(1, 4, 7, 9)",V7,G,C#,D,129.0,60.0
1033,E,A,1,D,"(1, 4, 7, 9)",V7,G,C#,D,129.125,60.0
1034,E,A,2,D,"(1, 4, 7, 9)",V7,G,C#,D,129.25,60.0
1035,E,A,2,D,"(1, 4, 7, 9)",V7,G,C#,D,129.375,60.0
1036,E,A,3,D,"(1, 4, 7, 9)",V7,G,C#,D,129.5,60.0
1037,E,A,3,D,"(1, 4, 7, 9)",V7,G,C#,D,129.625,60.0
1038,E,A,3,D,"(1, 4, 7, 9)",V7,G,C#,D,129.75,60.0
1039,E,A,3,D,"(1, 4, 7, 9)",V7,G,C#,D,129.875,60.0
1040,E,A,4,D,"(1, 4, 7, 9)",V7,G,C#,D,130.0,60.0
1041,E,A,4,D,"(1, 4, 7, 9)",V7,G,C#,D,130.125,60.0
1042,E,A,4,D,"(1, 4, 7, 9)",V7,G,C#,D,130.25,60.0
1043,E,A,4,D,"(1, 4, 7, 9)",V7,G,C#,D,130.375,60.0
1044,E,A,4,D,"(1, 4, 7, 9)",V7,G,C#,D,130.5,60.0
1045,E,A,4,D,"(1, 4, 7, 9)",V7,G,C#,D,130.625,60.0
1046,E,A,4,D,"(1, 4, 7, 9)",V7,G,C#,D,130.75,60.0
1047,E,A,4,D,"(1, 4, 7, 9)",V7,G,C#,D,130.875,60.0
1048,E,A,5,D,"(1, 4, 7, 9)",V7,G,C#,D,131.0,60.0
1049,E,A,5,D,"(1, 4, 7, 9)",V7,G,C#,D,131.125,60.0
1050,E,A,5,D,"(1, 4, 7, 9)",V7,G,C#,D,131.25,60.0
1051,E,A,5,D,"(1, 4, 7, 9)",V7,G,C#,D,131.375,60.0
1052,E,A,5,D,"(1, 4, 7, 9)",V7,G,C#,D,131.5,60.0
1053,E,A,5,D,"(1, 4, 7, 9)",V7,G,C#,D,131.625,60.0
1054,E,A,5,D,"(1, 4, 7, 9)",V7,G,C#,D,131.75,60.0
1055,E,A,5,D,"(1, 4, 7, 9)",V7,G,C#,D,131.875,60.0
1056,A,D,0,D,"(2, 6, 9)",I,D,F#,D,132.0,61.0
1057,A,D,1,D,"(2, 6, 9)",I,D,F#,D,132.125,61.0
1058,A,D,2,D,"(2, 6, 9)",I,D,F#,D,132.25,61.0
1059,A,D,2,D,"(2, 6, 9)",I,D,F#,D,132.375,61.0
1060,A,D,3,D,"(2, 6, 9)",I,D,F#,D,132.5,61.0
1061,A,D,3,D,"(2, 6, 9)",I,D,F#,D,132.625,61.0
1062,A,D,3,D,"(2, 6, 9)",I,D,F#,D,132.75,61.0
1063,A,D,3,D,"(2, 6, 9)",I,D,F#,D,132.875,61.0
1064,A,D,4,D,"(2, 6, 9)",I,D,F#,D,133.0,61.0
1065,A,D,4,D,"(2, 6, 9)",I,D,F#,D,133.125,61.0
1066,A,D,4,D,"(2, 6, 9)",I,D,F#,D,133.25,61.0
1067,A,D,4,D,"(2, 6, 9)",I,D,F#,D,133.375,61.0
1068,A,D,4,D,"(2, 6, 9)",I,D,F#,D,133.5,61.0
1069,A,D,4,D,"(2, 6, 9)",I,D,F#,D,133.625,61.0
1070,A,D,4,D,"(2, 6, 9)",I,D,F#,D,133.75,61.0
1071,A,D,4,D,"(2, 6, 9)",I,D,F#,D,133.875,61.0
1072,A,D,5,D,"(2, 6, 9)",I,D,F#,D,134.0,61.0
1073,A,D,5,D,"(2, 6, 9)",I,D,F#,D,134.125,61.0
1074,A,D,5,D,"(2, 6, 9)",I,D,F#,D,134.25,61.0
1075,A,D,5,D,"(2, 6, 9)",I,D,F#,D,134.375,61.0
1076,A,D,5,D,"(2, 6, 9)",I,D,F#,D,134.5,61.0
1077,A,D,5,D,"(2, 6, 9)",I,D,F#,D,134.625,61.0
1078,A,D,5,D,"(2, 6, 9)",I,D,F#,D,134.75,61.0
1079,A,D,5,D,"(2, 6, 9)",I,D,F#,D,134.875,61.0
1080,A,D,0,D,"(2, 6, 9)",I,D,F#,D,135.0,62.0
1081,A,D,1,D,"(2, 6, 9)",I,D,F#,D,135.125,62.0
1082,A,D,2,D,"(2, 6, 9)",I,D,F#,D,135.25,62.0
1083,A,D,2,D,"(2, 6, 9)",I,D,F#,D,135.375,62.0
1084,A,D,3,D,"(2, 6, 9)",I,D,F#,D,135.5,62.0
1085,A,D,3,D,"(2, 6, 9)",I,D,F#,D,135.625,62.0
1086,A,D,3,D,"(2, 6, 9)",I,D,F#,D,135.75,62.0
1087,A,D,3,D,"(2, 6, 9)",I,D,F#,D,135.875,62.0
1088,A,D,4,D,"(2, 6, 9)",I,D,F#,D,136.0,62.0
1089,A,D,4,D,"(2, 6, 9)",I,D,F#,D,136.125,62.0
1090,A,D,4,D,"(2, 6, 9)",I,D,F#,D,136.25,62.0
1091,A,D,4,D,"(2, 6, 9)",I,D,F#,D,136.375,62.0
1092,A,D,4,D,"(2, 6, 9)",I,D,F#,D,136.5,62.0
1093,A,D,4,D,"(2, 6, 9)",I,D,F#,D,136.625,62.0
1094,A,D,4,D,"(2, 6, 9)",I,D,F#,D,136.75,62.0
1095,A,D,4,D,"(2, 6, 9)",I,D,F#,D,136.875,62.0
1096,A,D,5,D,"(2, 6, 9)",I,D,F#,D,137.0,62.0
1097,A,D,5,D,"(2, 6, 9)",I,D,F#,D,137.125,62.0
1098,A,D,5,D,"(2, 6, 9)",I,D,F#,D,137.25,62.0
1099,A,D,5,D,"(2, 6, 9)",I,D,F#,D,137.375,62.0
1100,A,D,5,D,"(2, 6, 9)",I,D,F#,D,137.5,62.0
1101,A,D,5,D,"(2, 6, 9)",I,D,F#,D,137.625,62.0
1102,A,D,5,D,"(2, 6, 9)",I,D,F#,D,137.75,62.0
1103,A,D,5,D,"(2, 6, 9)",I,D,F#,D,137.875,62.0
1104,D,G,0,D,"(4, 7, 11)",ii7,E,B,D,138.0,63.0
1105,D,G,1,D,"(2, 4, 7, 11)",IV,E,B,D,138.125,63.0
1106,D,G,2,D,"(2, 4, 7, 11)",IV,E,B,D,138.25,63.0
1107,D,G,2,D,"(2, 4, 7, 11)",IV,E,B,D,138.375,63.0
1108,D,G,3,D,"(4, 7, 11)",ii7,E,B,D,138.5,63.0
1109,D,G,3,D,"(4, 7, 11)",ii,E,B,D,138.625,63.0
1110,D,G,3,D,"(4, 7, 11)",ii,E,B,D,138.75,63.0
1111,D,G,3,D,"(4, 7, 11)",ii,E,B,D,138.875,63.0
1112,E,G,4,D,"(4, 7, 11)",ii,E,B,D,139.0,63.0
1113,E,G,4,D,"(4, 7, 11)",ii,E,B,D,139.125,63.0
1114,E,G,4,D,"(4, 7, 11)",ii,E,B,D,139.25,63.0
1115,E,G,4,D,"(4, 7, 11)",ii,E,B,D,139.375,63.0
1116,E,A,0,D,"(1, 4, 7, 9)",V,G,C#,D,139.5,63.0
1117,E,A,1,D,"(1, 4, 7, 9)",V,G,C#,D,139.625,63.0
1118,E,A,2,D,"(1, 4, 7, 9)",V,G,C#,D,139.75,63.0
1119,E,A,2,D,"(1, 4, 7, 9)",V,G,C#,D,139.875,63.0
1120,E,A,3,D,"(1, 4, 7, 9)",V,G,C#,D,140.0,63.0
1121,E,A,3,D,"(1, 4, 7, 9)",V,G,C#,D,140.125,63.0
1122,E,A,3,D,"(1, 4, 7, 9)",V,G,C#,D,140.25,63.0
1123,E,A,3,D,"(1, 4, 7, 9)",V,G,C#,D,140.375,63.0
1124,E,A,4,D,"(1, 4, 7, 9)",V,G,C#,D,140.5,63.0
1125,E,A,4,D,"(1, 4, 7, 9)",V,G,C#,D,140.625,63.0
1126,E,A,4,D,"(1, 4, 7, 9)",V,G,C#,D,140.75,63.0
1127,E,A,4,D,"(1, 4, 7, 9)",V,G,C#,D,140.875,63.0
1128,A,D,0,D,"(2, 6, 9)",I,D,F#,D,141.0,64.0
1129,A,D,1,D,"(2, 6, 9)",I,D,F#,D,141.125,64.0
1130,A,D,2,D,"(2, 6, 9)",I,D,F#,D,141.25,64.0
1131,A,D,2,D,"(2, 6, 9)",I,D,F#,D,141.375,64.0
1132,A,D,3,D,"(2, 6, 9)",I,D,F#,D,141.5,64.0
1133,A,D,3,D,"(2, 6, 9)",I,D,F#,D,141.625,64.0
1134,A,D,3,D,"(2, 6, 9)",I,D,F#,D,141.75,64.0
1135,A,D,3,D,"(2, 6, 9)",I,D,F#,D,141.875,64.0
1136,A,D,4,D,"(2, 6, 9)",I,D,F#,D,142.0,64.0
1137,A,D,4,D,"(2, 6, 9)",I,D,F#,D,142.125,64.0
1138,A,D,4,D,"(2, 6, 9)",I,D,F#,D,142.25,64.0
1139,A,D,4,D,"(2, 6, 9)",I,D,F#,D,142.375,64.0
1140,A,D,4,D,"(2, 6, 9)",I,D,F#,D,142.5,64.0
1141,A,D,4,D,"(2, 6, 9)",I,D,F#,D,142.625,64.0
1142,A,D,4,D,"(2, 6, 9)",I,D,F#,D,142.75,64.0
1143,A,D,4,D,"(2, 6, 9)",I,D,F#,D,142.875,64.0
1144,A,D,5,D,"(2, 6, 9)",I,D,F#,D,143.0,64.0
1145,A,D,5,D,"(2, 6, 9)",I,D,F#,D,143.125,64.0
1146,A,D,5,D,"(2, 6, 9)",I,D,F#,D,143.25,64.0
1147,A,D,5,D,"(2, 6, 9)",I,D,F#,D,143.375,64.0
1148,A,D,5,D,"(2, 6, 9)",I,D,F#,D,143.5,64.0
1149,A,D,5,D,"(2, 6, 9)",I,D,F#,D,143.625,64.0
1150,A,D,5,D,"(2, 6, 9)",I,D,F#,D,143.75,64.0
1151,A,D,5,D,"(2, 6, 9)",I,D,F#,D,143.875,64.0
1152,A,C#,0,D,"(1, 4, 9)",V,A,E,D,144.0,65.0
1153,A,C#,1,D,"(1, 4, 9)",V,A,E,D,144.125,65.0
1154,A,C#,2,D,"(1, 4, 9)",V,A,E,D,144.25,65.0
1155,A,C#,2,D,"(1, 4, 9)",V,A,E,D,144.375,65.0
1156,A,D,3,D,"(2, 6, 9)",V,A,E,D,144.5,65.0
1157,A,D,1,D,"(2, 6, 9)",V,A,E,D,144.625,65.0
1158,A,D,3,D,"(2, 6, 9)",V,A,E,D,144.75,65.0
1159,A,D,3,D,"(2, 6, 9)",V,A,E,D,144.875,65.0
1160,A,C#,0,D,"(1, 4, 9)",V,A,E,D,145.0,65.0
1161,A,C#,1,D,"(1, 4, 9)",V,A,E,D,145.125,65.0
1162,A,C#,2,D,"(1, 4, 9)",V,A,E,D,145.25,65.0
1163,A,C#,2,D,"(1, 4, 9)",V,A,E,D,145.375,65.0
1164,A,D,0,D,"(2, 6, 9)",I,D,F#,D,145.5,65.0
1165,A,D,1,D,"(2, 6, 9)",I,D,F#,D,145.625,65.0
1166,A,D,2,D,"(2, 6, 9)",I,D,F#,D,145.75,65.0
1167,A,D,2,D,"(2, 6, 9)",I,D,F#,D,145.875,65.0
1168,A,D,0,D,"(2, 6, 9)",I,D,F#,D,146.0,66.0
1169,A,D,1,D,"(2, 6, 9)",I,D,F#,D,146.125,66.0
1170,A,D,0,D,"(2, 6, 9)",I,D,F#,D,146.25,66.0
1171,A,D,2,D,"(2, 6, 9)",I,D,F#,D,146.375,66.0
1172,A,D,3,D,"(2, 6, 9)",I,D,F#,D,146.5,66.0
1173,A,D,3,D,"(2, 6, 9)",I,D,F#,D,146.625,66.0
1174,A,D,3,D,"(2, 6, 9)",I,D,F#,D,146.75,66.0
1175,A,D,3,D,"(2, 6, 9)",I,D,F#,D,146.875,66.0
1176,A,D,4,D,"(2, 6, 9)",I,D,F#,D,147.0,66.0
1177,A,D,4,D,"(2, 6, 9)",I,D,F#,D,147.125,66.0
1178,A,D,4,D,"(2, 6, 9)",I,D,F#,D,147.25,66.0
1179,A,D,4,D,"(2, 6, 9)",I,D,F#,D,147.375,66.0
1180,A,D,4,D,"(2, 6, 9)",I,D,F#,D,147.5,66.0
1181,A,D,4,D,"(2, 6, 9)",I,D,F#,D,147.625,66.0
1182,A,D,4,D,"(2, 6, 9)",I,D,F#,D,147.75,66.0
1183,A,D,4,D,"(2, 6, 9)",I,D,F#,D,147.875,66.0
1184,E,A,0,D,"(1, 4, 7, 9)",V7,G,C#,D,148.0,67.0
1185,E,A,1,D,"(1, 4, 7, 9)",V7,G,C#,D,148.125,67.0
1186,E,A,2,D,"(1, 4, 7, 9)",V7,G,C#,D,148.25,67.0
1187,E,A,2,D,"(1, 4, 7, 9)",V7,G,C#,D,148.375,67.0
1188,E,A,3,D,"(1, 4, 7, 9)",V7,G,C#,D,148.5,67.0
1189,E,A,3,D,"(1, 4, 7, 9)",V7,G,C#,D,148.625,67.0
1190,E,A,3,D,"(1, 4, 7, 9)",V7,G,C#,D,148.75,67.0
1191,E,A,3,D,"(1, 4, 7, 9)",V7,G,C#,D,148.875,67.0
1192,E,A,4,D,"(1, 4, 7, 9)",V7,G,C#,D,149.0,67.0
1193,E,A,4,D,"(1, 4, 7, 9)",V7,G,C#,D,149.125,67.0
1194,E,A,4,D,"(1, 4, 7, 9)",V7,G,C#,D,149.25,67.0
1195,E,A,4,D,"(1, 4, 7, 9)",V7,G,C#,D,149.375,67.0
1196,E,A,4,D,"(1, 4, 7, 9)",V7,G,C#,D,149.5,67.0
1197,E,A,4,D,"(1, 4, 7, 9)",V7,G,C#,D,149.625,67.0
1198,E,A,4,D,"(1, 4, 7, 9)",V7,G,C#,D,149.75,67.0
1199,E,A,4,D,"(1, 4, 7, 9)",V7,G,C#,D,149.875,67.0
1200,A,D,0,D,"(2, 6, 9)",I,D,F#,D,150.0,68.0
1201,A,D,1,D,"(2, 6, 9)",I,D,F#,D,150.125,68.0
1202,A,D,2,D,"(2, 6, 9)",I,D,F#,D,150.25,68.0
1203,A,D,2,D,"(2, 6, 9)",I,D,F#,D,150.375,68.0
1204,E,A,0,D,"(1, 4, 7, 9)",I,G,C#,D,150.5,68.0
1205,E,A,1,D,"(1, 4, 7, 9)",I,G,C#,D,150.625,68.0
1206,E,A,2,D,"(1, 4, 7, 9)",I,G,C#,D,150.75,68.0
1207,E,A,2,D,"(1, 4, 7, 9)",I,G,C#,D,150.875,68.0
1208,A,D,0,D,"(2, 6, 9)",I,D,F#,D,151.0,68.0
1209,A,D,1,D,"(2, 6, 9)",I,D,F#,D,151.125,68.0
1210,A,D,2,D,"(2, 6, 9)",I,D,F#,D,151.25,68.0
1211,A,D,2,D,"(2, 6, 9)",I,D,F#,D,151.375,68.0
1212,A,D,3,D,"(2, 6, 9)",I,D,F#,D,151.5,68.0
1213,A,D,3,D,"(2, 6, 9)",I,D,F#,D,151.625,68.0
1214,A,D,3,D,"(2, 6, 9)",I,D,F#,D,151.75,68.0
1215,A,D,3,D,"(2, 6, 9)",I,D,F#,D,151.875,68.0
1216,A,C#,0,D,"(1, 4, 9)",V,A,E,D,152.0,69.0
1217,A,C#,1,D,"(1, 4, 9)",V,A,E,D,152.125,69.0
1218,A,C#,2,D,"(1, 4, 9)",V,A,E,D,152.25,69.0
1219,A,C#,2,D,"(1, 4, 9)",V,A,E,D,152.375,69.0
1220,A,D,3,D,"(2, 6, 9)",I,D,F#,D,152.5,69.0
1221,A,D,1,D,"(2, 6, 9)",I,D,F#,D,152.625,69.0
1222,A,D,3,D,"(2, 6, 9)",I,D,F#,D,152.75,69.0
1223,A,D,3,D,"(2, 6, 9)",I,D,F#,D,152.875,69.0
1224,A,C#,0,D,"(1, 4, 9)",V,A,E,D,153.0,69.0
1225,A,C#,1,D,"(1, 4, 9)",V,A,E,D,153.125,69.0
1226,A,C#,2,D,"(1, 4, 9)",V,A,E,D,153.25,69.0
1227,A,C#,2,D,"(1, 4, 9)",V,A,E,D,153.375,69.0
1228,A,D,0,D,"(2, 6, 9)",I,D,F#,D,153.5,69.0
1229,A,D,1,D,"(2, 6, 9)",I,D,F#,D,153.625,69.0
1230,A,D,2,D,"(2, 6, 9)",I,D,F#,D,153.75,69.0
1231,A,D,2,D,"(2, 6, 9)",I,D,F#,D,153.875,69.0
1232,A,C#,0,D,"(2, 6, 9)",V,A,F#,D,154.0,70.0
1233,A,D,1,D,"(2, 6, 9)",V,D,F#,D,154.125,70.0
1234,A,D,0,D,"(2, 6, 9)",V,D,F#,D,154.25,70.0
1235,A,D,2,D,"(2, 6, 9)",V,D,F#,D,154.375,70.0
1236,A,D,3,D,"(2, 6, 9)",V,D,F#,D,154.5,70.0
1237,A,D,3,D,"(2, 6, 9)",V,D,F#,D,154.625,70.0
1238,A,D,3,D,"(2, 6, 9)",I,D,F#,D,154.75,70.0
1239,A,D,3,D,"(2, 6, 9)",I,D,F#,D,154.875,70.0
1240,A,D,4,D,"(2, 6, 9)",I,D,F#,D,155.0,70.0
1241,A,D,4,D,"(2, 6, 9)",I,D,F#,D,155.125,70.0
1242,A,D,4,D,"(2, 6, 9)",I,D,F#,D,155.25,70.0
1243,A,D,4,D,"(2, 6, 9)",I,D,F#,D,155.375,70.0
1244,A,D,4,D,"(2, 6, 9)",V7,G,F#,D,155.5,70.0
1245,A,D,4,D,"(2, 6, 9)",V7,G,F#,D,155.625,70.0
1246,A,D,4,D,"(2, 6, 9)",V7,G,F#,D,155.75,70.0
1247,A,D,4,D,"(2, 6, 9)",V7,G,F#,D,155.875,70.0
1248,A,D,0,D,"(2, 6, 9)",I,D,F#,D,156.0,71.0
1249,A,D,1,D,"(2, 6, 9)",I,D,F#,D,156.125,71.0
1250,A,D,2,D,"(2, 6, 9)",I,D,F#,D,156.25,71.0
1251,A,D,2,D,"(2, 6, 9)",I,D,F#,D,156.375,71.0
1252,A,D,3,D,"(2, 6, 9)",I,D,F#,D,156.5,71.0
1253,A,D,3,D,"(2, 6, 9)",I,D,F#,D,156.625,71.0
1254,A,D,3,D,"(2, 6, 9)",I,D,F#,D,156.75,71.0
1255,A,D,3,D,"(2, 6, 9)",I,D,F#,D,156.875,71.0
1256,A,D,4,D,"(2, 6, 9)",I,B,F#,D,157.0,71.0
1257,A,D,4,D,"(2, 6, 9)",I,B,F#,D,157.125,71.0
1258,A,D,4,D,"(2, 6, 9)",I,B,F#,D,157.25,71.0
1259,A,D,4,D,"(2, 6, 9)",I,B,F#,D,157.375,71.0
1260,C#,F#,0,D,"(1, 4, 6, 10)",V7,E,A#,b,157.5,71.0
1261,C#,F#,1,D,"(1, 4, 6, 10)",V7,E,A#,b,157.625,71.0
1262,C#,F#,2,D,"(1, 4, 6, 10)",V7,E,A#,b,157.75,71.0
1263,C#,F#,2,D,"(1, 4, 6, 10)",V7,E,A#,b,157.875,71.0
1264,F#,B,0,D,"(2, 6, 11)",vi,B,D,D,158.0,72.0
1265,F#,B,1,D,"(2, 6, 11)",vi,B,D,D,158.125,72.0
1266,F#,B,2,D,"(2, 6, 11)",vi,B,D,D,158.25,72.0
1267,F#,B,2,D,"(2, 6, 11)",vi,B,D,D,158.375,72.0
1268,F#,B,3,D,"(2, 6, 11)",vi,B,D,b,158.5,72.0
1269,F#,B,3,D,"(2, 6, 11)",vi,B,D,b,158.625,72.0
1270,F#,B,3,D,"(2, 6, 11)",vi,B,D,b,158.75,72.0
1271,F#,B,3,D,"(2, 6, 11)",vi,B,D,b,158.875,72.0
1272,F#,B,4,D,"(2, 6, 11)",vi,B,D,b,159.0,72.0
1273,F#,B,4,D,"(2, 6, 11)",vi,B,D,b,159.125,72.0
1274,F#,B,4,D,"(2, 6, 11)",vi,B,D,b,159.25,72.0
1275,F#,B,4,D,"(2, 6, 11)",vi,B,D,b,159.375,72.0
1276,F#,B,4,D,"(2, 6, 11)",vi,B,D,b,159.5,72.0
1277,F#,B,4,D,"(2, 6, 11)",vi,B,D,b,159.625,72.0
1278,F#,B,4,D,"(2, 6, 11)",vi,B,D,b,159.75,72.0
1279,F#,B,4,D,"(2, 6, 11)",ii,B,D,D,159.875,72.0
1280,F#,A#,0,D,"(2, 6, 11)",I,B,D,b,160.0,73.0
1281,F#,A#,1,D,"(2, 6, 11)",I,B,D,D,160.125,73.0
1282,F#,A#,2,D,"(2, 6, 11)",I,B,D,D,160.25,73.0
1283,F#,A#,2,D,"(2, 6, 11)",I,B,D,D,160.375,73.0
1284,F#,B,3,D,"(2, 6, 11)",I,B,D,D,160.5,73.0
1285,F#,B,3,D,"(2, 6, 11)",vi,B,D,D,160.625,73.0
1286,F#,B,3,D,"(2, 6, 11)",vi,B,D,D,160.75,73.0
1287,F#,B,3,D,"(2, 6, 11)",vi,B,D,D,160.875,73.0
1288,F#,B,4,D,"(2, 6, 11)",I,B,D,D,161.0,73.0
1289,F#,B,4,D,"(2, 6, 11)",I,B,D,D,161.125,73.0
1290,F#,B,4,D,"(2, 6, 11)",I,B,D,D,161.25,73.0
1291,F#,B,4,D,"(2, 6, 11)",I,B,D,D,161.375,73.0
1292,F#,B,4,D,"(2, 6, 11)",vi,B,D,D,161.5,73.0
1293,F#,B,4,D,"(2, 6, 11)",vi,B,D,D,161.625,73.0
1294,F#,B,4,D,"(2, 6, 11)",vi,B,D,D,161.75,73.0
1295,F#,B,4,D,"(2, 6, 11)",vi,B,D,D,161.875,73.0
1296,E,G#,0,D,"(4, 8, 11)",V,E,B,A,162.0,74.0
1297,E,G#,1,D,"(4, 8, 11)",V,E,B,A,162.125,74.0
1298,E,G#,2,D,"(4, 8, 11)",V,E,B,A,162.25,74.0
1299,E,G#,2,D,"(4, 8, 11)",V,E,B,A,162.375,74.0
1300,E,A,3,D,"(1, 4, 9)",V,A,C#,A,162.5,74.0
1301,E,A,3,D,"(1, 4, 9)",V,A,C#,A,162.625,74.0
1302,E,A,3,D,"(1, 4, 9)",V,A,C#,A,162.75,74.0
1303,E,A,3,D,"(1, 4, 9)",V,A,C#,A,162.875,74.0
1304,E,G#,4,D,"(1, 4, 9)",V,E,C#,A,163.0,74.0
1305,E,G#,4,D,"(1, 4, 9)",V,E,C#,A,163.125,74.0
1306,E,G#,4,D,"(1, 4, 9)",V,E,C#,A,163.25,74.0
1307,E,G#,4,D,"(1, 4, 9)",V,E,C#,A,163.375,74.0
1308,E,A,0,D,"(1, 4, 9)",V,A,C#,D,163.5,74.0
1309,E,A,1,D,"(1, 4, 9)",V,A,C#,D,163.625,74.0
1310,E,A,2,D,"(1, 4, 9)",V,A,C#,D,163.75,74.0
1311,E,A,2,D,"(1, 4, 9)",V,A,C#,D,163.875,74.0
1312,E,A,0,D,"(1, 4, 9)",V,E,C#,A,164.0,75.0
1313,E,A,1,D,"(1, 4, 9)",V,E,C#,A,164.125,75.0
1314,E,A,2,D,"(1, 4, 9)",V,E,C#,A,164.25,75.0
1315,E,A,2,D,"(1, 4, 9)",V,A,C#,A,164.375,75.0
1316,E,A,3,D,"(1, 4, 9)",V,A,C#,A,164.5,75.0
1317,E,A,3,D,"(1, 4, 9)",V,A,C#,A,164.625,75.0
1318,E,A,3,D,"(1, 4, 9)",V,A,C#,A,164.75,75.0
1319,E,A,3,D,"(1, 4, 9)",V,A,C#,A,164.875,75.0
1320,E,A,4,D,"(1, 4, 9)",V,A,C#,D,165.0,75.0
1321,E,A,4,D,"(1, 4, 9)",V,A,C#,D,165.125,75.0
1322,E,A,4,D,"(1, 4, 9)",V,A,C#,D,165.25,75.0
1323,E,A,4,D,"(1, 4, 9)",V,A,C#,D,165.375,75.0
1324,E,A,4,D,"(1, 4, 9)",V,A,C#,D,165.5,75.0
1325,E,A,4,D,"(1, 4, 9)",V,A,C#,D,165.625,75.0
1326,E,A,4,D,"(1, 4, 9)",V,A,C#,D,165.75,75.0
1327,E,A,4,D,"(1, 4, 9)",V,A,C#,D,165.875,75.0
1328,A,D,0,D,"(2, 6, 9)",I,A,F#,D,166.0,76.0
1329,A,D,1,D,"(2, 6, 9)",I,D,F#,D,166.125,76.0
1330,A,D,2,D,"(2, 6, 9)",I,D,F#,D,166.25,76.0
1331,A,D,2,D,"(2, 6, 9)",I,D,F#,D,166.375,76.0
1332,A,D,3,D,"(2, 6, 9)",I,D,F#,D,166.5,76.0
1333,A,D,3,D,"(2, 6, 9)",I,D,F#,D,166.625,76.0
1334,A,D,3,D,"(2, 6, 9)",I,D,F#,D,166.75,76.0
1335,A,D,3,D,"(2, 6, 9)",I,D,F#,D,166.875,76.0
1336,A,D,4,D,"(2, 6, 9)",I,D,F#,D,167.0,76.0
1337,A,D,4,D,"(2, 6, 9)",I,D,F#,D,167.125,76.0
1338,A,D,4,D,"(2, 6, 9)",I,D,F#,D,167.25,76.0
1339,A,D,4,D,"(2, 6, 9)",I,D,F#,D,167.375,76.0
1340,A,D,4,D,"(2, 6, 9)",I,D,F#,D,167.5,76.0
1341,A,D,4,D,"(2, 6, 9)",I,D,F#,D,167.625,76.0
1342,A,D,4,D,"(2, 6, 9)",I,D,F#,D,167.75,76.0
1343,A,D,4,D,"(2, 6, 9)",I,D,F#,D,167.875,76.0
1344,A,C#,0,D,"(1, 4, 9)",V,A,E,D,168.0,77.0
1345,A,C#,1,D,"(1, 4, 9)",V,A,E,D,168.125,77.0
1346,A,C#,2,D,"(1, 4, 9)",V,A,E,D,168.25,77.0
1347,A,C#,2,D,"(1, 4, 9)",V,A,E,D,168.375,77.0
1348,A,D,3,D,"(1, 4, 9)",I,A,F#,D,168.5,77.0
1349,A,D,3,D,"(1, 4, 9)",I,A,F#,D,168.625,77.0
1350,A,D,3,D,"(2, 6, 9)",I,A,F#,D,168.75,77.0
1351,A,D,3,D,"(1, 4, 9)",I,A,F#,D,168.875,77.0
1352,A,C#,4,D,"(1, 4, 9)",I,A,E,D,169.0,77.0
1353,A,C#,4,D,"(1, 4, 9)",I,A,E,D,169.125,77.0
1354,A,C#,4,D,"(1, 4, 9)",I,A,E,D,169.25,77.0
1355,A,C#,4,D,"(1, 4, 9)",I,A,E,D,169.375,77.0
1356,A,D,0,D,"(2, 6, 9)",I,D,F#,D,169.5,77.0
1357,A,D,1,D,"(2, 6, 9)",I,D,F#,D,169.625,77.0
1358,A,D,2,D,"(2, 6, 9)",I,D,F#,D,169.75,77.0
1359,A,D,2,D,"(2, 6, 9)",I,D,F#,D,169.875,77.0
1360,A,D,0,D,"(2, 6, 9)",I,D,F#,D,170.0,78.0
1361,A,D,1,D,"(2, 6, 9)",I,D,F#,D,170.125,78.0
1362,A,D,2,D,"(2, 6, 9)",I,D,F#,D,170.25,78.0
1363,A,D,2,D,"(2, 6, 9)",I,D,F#,D,170.375,78.0
1364,A,D,3,D,"(2, 6, 9)",I,D,F#,D,170.5,78.0
1365,A,D,3,D,"(2, 6, 9)",I,D,F#,D,170.625,78.0
1366,A,D,3,D,"(2, 6, 9)",I,D,F#,D,170.75,78.0
1367,A,D,3,D,"(2, 6, 9)",I,D,F#,D,170.875,78.0
1368,A,D,4,D,"(2, 6, 9)",I,D,F#,D,171.0,78.0
1369,A,D,4,D,"(2, 6, 9)",I,D,F#,D,171.125,78.0
1370,A,D,4,D,"(2, 6, 9)",I,D,F#,D,171.25,78.0
1371,A,D,4,D,"(2, 6, 9)",I,D,F#,D,171.375,78.0
1372,A,D,4,D,"(2, 6, 9)",I,D,F#,D,171.5,78.0
1373,A,D,4,D,"(2, 6, 9)",I,D,F#,D,171.625,78.0
1374,A,D,4,D,"(2, 6, 9)",I,D,F#,D,171.75,78.0
1375,A,D,4,D,"(2, 6, 9)",I,D,F#,D,171.875,78.0
1376,E,A,0,D,"(1, 4, 7, 9)",V7,G,C#,D,172.0,79.0
1377,E,A,1,D,"(1, 4, 7, 9)",V7,G,C#,D,172.125,79.0
1378,E,A,2,D,"(1, 4, 7, 9)",V7,G,C#,D,172.25,79.0
1379,E,A,2,D,"(1, 4, 7, 9)",V7,G,C#,D,172.375,79.0
1380,E,A,3,D,"(1, 4, 7, 9)",V7,G,C#,D,172.5,79.0
1381,E,A,3,D,"(1, 4, 7, 9)",V7,G,C#,D,172.625,79.0
1382,E,A,3,D,"(1, 4, 7, 9)",V7,G,C#,D,172.75,79.0
1383,E,A,3,D,"(1, 4, 7, 9)",V7,G,C#,D,172.875,79.0
1384,E,A,4,D,"(1, 4, 7, 9)",V7,G,C#,D,173.0,79.0
1385,E,A,4,D,"(1, 4, 7, 9)",V7,G,C#,D,173.125,79.0
1386,E,A,4,D,"(1, 4, 7, 9)",V7,G,C#,D,173.25,79.0
1387,E,A,4,D,"(1, 4, 7, 9)",V7,G,C#,D,173.375,79.0
1388,E,A,4,D,"(1, 4, 7, 9)",V7,G,C#,D,173.5,79.0
1389,E,A,4,D,"(1, 4, 7, 9)",V7,G,C#,D,173.625,79.0
1390,E,A,4,D,"(1, 4, 7, 9)",V7,G,C#,D,173.75,79.0
1391,E,A,4,D,"(1, 4, 7, 9)",V7,G,C#,D,173.875,79.0
1392,A,D,0,D,"(2, 6, 9)",I,D,F#,D,174.0,80.0
1393,A,D,1,D,"(2, 6, 9)",I,D,F#,D,174.125,80.0
1394,A,D,2,D,"(2, 6, 9)",I,D,F#,D,174.25,80.0
1395,A,D,2,D,"(2, 6, 9)",I,D,F#,D,174.375,80.0
1396,A,D,3,D,"(2, 6, 9)",I,D,F#,D,174.5,80.0
1397,A,D,3,D,"(2, 6, 9)",I,D,F#,D,174.625,80.0
1398,A,D,3,D,"(2, 6, 9)",I,D,F#,D,174.75,80.0
1399,A,D,3,D,"(2, 6, 9)",I,D,F#,D,174.875,80.0
1400,A,D,4,D,"(2, 6, 9)",I,D,F#,D,175.0,80.0
1401,A,D,4,D,"(2, 6, 9)",I,D,F#,D,175.125,80.0
1402,A,D,4,D,"(2, 6, 9)",I,D,F#,D,175.25,80.0
1403,A,D,4,D,"(2, 6, 9)",I,D,F#,D,175.375,80.0
1404,A,D,4,D,"(2, 6, 9)",I,D,F#,D,175.5,80.0
1405,A,D,4,D,"(2, 6, 9)",I,D,F#,D,175.625,80.0
1406,A,D,4,D,"(2, 6, 9)",I,D,F#,D,175.75,80.0
1407,A,D,4,D,"(2, 6, 9)",I,D,F#,D,175.875,80.0
1408,A,D,0,D,"(2, 6, 9)",I,D,F#,D,176.0,81.0
1409,A,D,1,D,"(2, 6, 9)",I,D,F#,D,176.125,81.0
1410,A,D,2,D,"(2, 6, 9)",I,D,F#,D,176.25,81.0
1411,A,D,2,D,"(2, 6, 9)",I,D,F#,D,176.375,81.0
1412,A,D,3,D,"(2, 6, 9)",I,D,F#,D,176.5,81.0
1413,A,D,3,D,"(2, 6, 9)",I,D,F#,D,176.625,81.0
1414,A,D,3,D,"(2, 6, 9)",I,D,F#,D,176.75,81.0
1415,A,D,3,D,"(2, 6, 9)",I,D,F#,D,176.875,81.0
1416,A,D,4,D,"(2, 6, 9)",I,D,F#,D,177.0,81.0
1417,A,D,4,D,"(2, 6, 9)",I,D,F#,D,177.125,81.0
1418,A,D,4,D,"(2, 6, 9)",I,D,F#,D,177.25,81.0
1419,A,D,4,D,"(2, 6, 9)",I,D,F#,D,177.375,81.0
1420,A,D,4,D,"(2, 6, 9)",I,D,F#,D,177.5,81.0
1421,A,D,4,D,"(2, 6, 9)",I,D,F#,D,177.625,81.0
1422,A,D,4,D,"(2, 6, 9)",I,D,F#,D,177.75,81.0
1423,A,D,4,D,"(2, 6, 9)",I,D,F#,D,177.875,81.0
1424,A,D,0,D,"(2, 6, 9)",I,D,F#,D,178.0,82.0
1425,A,D,1,D,"(2, 6, 9)",I,D,F#,D,178.125,82.0
1426,A,D,2,D,"(2, 6, 9)",I,D,F#,D,178.25,82.0
1427,A,D,2,D,"(2, 6, 9)",I,D,F#,D,178.375,82.0
1428,A,D,3,D,"(2, 6, 9)",I,D,F#,D,178.5,82.0
1429,A,D,3,D,"(2, 6, 9)",I,D,F#,D,178.625,82.0
1430,A,D,3,D,"(2, 6, 9)",I,D,F#,D,178.75,82.0
1431,A,D,3,D,"(2, 6, 9)",I,D,F#,D,178.875,82.0
1432,A,D,4,D,"(2, 6, 9)",I,D,F#,D,179.0,82.0
1433,A,D,4,D,"(2, 6, 9)",I,D,F#,D,179.125,82.0
1434,A,D,4,D,"(2, 6, 9)",I,D,F#,D,179.25,82.0
1435,A,D,4,D,"(2, 6, 9)",I,D,F#,D,179.375,82.0
1436,A,D,4,D,"(2, 6, 9)",I,D,F#,D,179.5,82.0
1437,A,D,4,D,"(2, 6, 9)",I,D,F#,D,179.625,82.0
1438,A,D,4,D,"(2, 6, 9)",I,D,F#,D,179.75,82.0
1439,A,D,4,D,"(2, 6, 9)",I,D,F#,D,179.875,82.0
1440,E,A,0,D,"(1, 4, 7, 9)",V7,G,C#,D,180.0,83.0
1441,E,A,1,D,"(1, 4, 7, 9)",V7,G,C#,D,180.125,83.0
1442,E,A,2,D,"(1, 4, 7, 9)",V7,G,C#,D,180.25,83.0
1443,E,A,2,D,"(1, 4, 7, 9)",V7,G,C#,D,180.375,83.0
1444,E,A,3,D,"(1, 4, 7, 9)",V7,G,C#,D,180.5,83.0
1445,E,A,3,D,"(1, 4, 7, 9)",V7,G,C#,D,180.625,83.0
1446,E,A,3,D,"(1, 4, 7, 9)",V7,G,C#,D,180.75,83.0
1447,E,A,3,D,"(1, 4, 7, 9)",V7,G,C#,D,180.875,83.0
1448,E,A,4,D,"(1, 4, 7, 9)",V7,G,C#,D,181.0,83.0
1449,E,A,4,D,"(1, 4, 7, 9)",V7,G,C#,D,181.125,83.0
1450,E,A,4,D,"(1, 4, 7, 9)",V7,G,C#,D,181.25,83.0
1451,E,A,4,D,"(1, 4, 7, 9)",V7,G,C#,D,181.375,83.0
1452,E,A,4,D,"(1, 4, 7, 9)",V7,G,C#,D,181.5,83.0
1453,E,A,4,D,"(1, 4, 7, 9)",V7,G,C#,D,181.625,83.0
1454,E,A,4,D,"(1, 4, 7, 9)",V7,G,C#,D,181.75,83.0
1455,E,A,4,D,"(1, 4, 7, 9)",V7,G,C#,D,181.875,83.0
1456,A,A,0,D,"(2, 6, 9)",I,D,F#,D,182.0,84.0
1457,A,A,1,D,"(2, 6, 9)",I,D,F#,D,182.125,84.0
1458,A,A,2,D,"(2, 6, 9)",I,D,F#,D,182.25,84.0
1459,A,A,2,D,"(2, 6, 9)",I,D,F#,D,182.375,84.0
1460,A,A,3,D,"(2, 6, 9)",I,D,F#,D,182.5,84.0
1461,A,A,3,D,"(2, 6, 9)",I,D,F#,D,182.625,84.0
1462,A,A,3,D,"(2, 6, 9)",I,D,F#,D,182.75,84.0
1463,A,A,3,D,"(2, 6, 9)",I,D,F#,D,182.875,84.0
1464,A,D,4,D,"(2, 6, 9)",I,D,F#,D,183.0,84.0
1465,A,D,4,D,"(2, 6, 9)",I,D,F#,D,183.125,84.0
1466,A,D,4,D,"(2, 6, 9)",I,D,F#,D,183.25,84.0
1467,A,D,4,D,"(2, 6, 9)",I,D,F#,D,183.375,84.0
1468,A,D,4,D,"(2, 6, 9)",I,D,F#,D,183.5,84.0
1469,A,D,4,D,"(2, 6, 9)",I,D,F#,D,183.625,84.0
1470,A,D,4,D,"(2, 6, 9)",I,D,F#,D,183.75,84.0
1471,A,D,4,D,"(2, 6, 9)",I,D,F#,D,183.875,84.0
1472,A,D,0,D,"(2, 6, 9)",I,D,F#,D,184.0,85.0
1473,A,D,1,D,"(2, 6, 9)",I,D,F#,D,184.125,85.0
1474,A,D,2,D,"(2, 6, 9)",I,D,F#,D,184.25,85.0
1475,A,D,2,D,"(2, 6, 9)",I,D,F#,D,184.375,85.0
1476,A,D,3,D,"(2, 6, 9)",I,D,F#,D,184.5,85.0
1477,A,D,3,D,"(2, 6, 9)",I,D,F#,D,184.625,85.0
1478,A,D,3,D,"(2, 6, 9)",I,D,F#,D,184.75,85.0
1479,A,D,3,D,"(2, 6, 9)",I,D,F#,D,184.875,85.0
1480,A,D,4,D,"(2, 6, 9)",I,D,F#,D,185.0,85.0
1481,A,D,4,D,"(2, 6, 9)",I,D,F#,D,185.125,85.0
1482,A,D,4,D,"(2, 6, 9)",I,D,F#,D,185.25,85.0
1483,A,D,4,D,"(2, 6, 9)",I,D,F#,D,185.375,85.0
1484,A,D,4,D,"(2, 6, 9)",I,D,F#,D,185.5,85.0
1485,A,D,4,D,"(2, 6, 9)",I,D,F#,D,185.625,85.0
1486,A,D,4,D,"(2, 6, 9)",I,D,F#,D,185.75,85.0
1487,A,D,4,D,"(2, 6, 9)",I,D,F#,D,185.875,85.0
1488,A,D,0,D,"(2, 6, 9)",I,D,F#,D,186.0,86.0
1489,A,D,1,D,"(2, 6, 9)",I,D,F#,D,186.125,86.0
1490,A,D,2,D,"(2, 6, 9)",I,D,F#,D,186.25,86.0
1491,A,D,2,D,"(2, 6, 9)",I,D,F#,D,186.375,86.0
1492,A,D,3,D,"(2, 6, 9)",I,D,F#,D,186.5,86.0
1493,A,D,3,D,"(2, 6, 9)",I,D,F#,D,186.625,86.0
1494,A,D,3,D,"(2, 6, 9)",I,D,F#,D,186.75,86.0
1495,A,D,3,D,"(2, 6, 9)",I,D,F#,D,186.875,86.0
1496,A,D,4,D,"(2, 6, 9)",I,D,F#,D,187.0,86.0
1497,A,D,4,D,"(2, 6, 9)",I,D,F#,D,187.125,86.0
1498,A,D,4,D,"(2, 6, 9)",I,D,F#,D,187.25,86.0
1499,A,D,4,D,"(2, 6, 9)",I,D,F#,D,187.375,86.0
1500,A,D,4,D,"(2, 6, 9)",I,D,F#,D,187.5,86.0
1501,A,D,4,D,"(2, 6, 9)",I,D,F#,D,187.625,86.0
1502,A,D,4,D,"(2, 6, 9)",I,D,F#,D,187.75,86.0
1503,A,D,4,D,"(2, 6, 9)",I,D,F#,D,187.875,86.0
1504,E,A,0,D,"(1, 4, 7, 9)",V7,G,C#,D,188.0,87.0
1505,E,A,1,D,"(1, 4, 7, 9)",V7,G,C#,D,188.125,87.0
1506,E,A,2,D,"(1, 4, 7, 9)",V7,G,C#,D,188.25,87.0
1507,E,A,2,D,"(1, 4, 7, 9)",V7,G,C#,D,188.375,87.0
1508,E,A,3,D,"(1, 4, 7, 9)",V7,G,C#,D,188.5,87.0
1509,E,A,3,D,"(1, 4, 7, 9)",V7,G,C#,D,188.625,87.0
1510,E,A,3,D,"(1, 4, 7, 9)",V7,G,C#,D,188.75,87.0
1511,E,A,3,D,"(1, 4, 7, 9)",V7,G,C#,D,188.875,87.0
1512,E,A,4,D,"(1, 4, 7, 9)",V7,G,C#,D,189.0,87.0
1513,E,A,4,D,"(1, 4, 7, 9)",V7,G,C#,D,189.125,87.0
1514,E,A,4,D,"(1, 4, 7, 9)",V7,G,C#,D,189.25,87.0
1515,E,A,4,D,"(1, 4, 7, 9)",V7,G,C#,D,189.375,87.0
1516,E,A,4,D,"(1, 4, 7, 9)",V7,G,C#,D,189.5,87.0
1517,E,A,4,D,"(1, 4, 7, 9)",V7,G,C#,D,189.625,87.0
1518,E,A,4,D,"(1, 4, 7, 9)",V7,G,C#,D,189.75,87.0
1519,E,A,4,D,"(1, 4, 7, 9)",V7,G,C#,D,189.875,87.0
1520,D,D,0,D,"(2, 5, 8, 11)",viio7,D,B,D,190.0,88.0
1521,D,G#,1,D,"(2, 5, 8, 11)",viio7,D,B,a,190.125,88.0
1522,D,G#,2,D,"(2, 5, 8, 11)",viio7,D,B,a,190.25,88.0
1523,D,G#,2,D,"(2, 5, 8, 11)",viio7,D,B,a,190.375,88.0
1524,D,G#,3,D,"(2, 5, 8, 11)",viio7,D,B,a,190.5,88.0
1525,D,G#,3,D,"(2, 5, 8, 11)",viio7,D,B,a,190.625,88.0
1526,D,G#,3,D,"(2, 5, 8, 11)",viio7,D,B,a,190.75,88.0
1527,D,G#,3,D,"(2, 5, 8, 11)",viio7,D,B,a,190.875,88.0
1528,D,G#,4,D,"(2, 5, 8, 11)",viio7,D,B,a,191.0,88.0
1529,D,G#,4,D,"(2, 5, 8, 11)",viio7,D,B,a,191.125,88.0
1530,D,G#,4,D,"(2, 5, 8, 11)",viio7,D,B,a,191.25,88.0
1531,D,G#,4,D,"(2, 5, 8, 11)",viio7,D,B,a,191.375,88.0
1532,D,G#,4,D,"(2, 5, 8, 11)",viio7,D,D,a,191.5,88.0
1533,D,G#,4,D,"(2, 5, 8, 11)",viio7,D,D,a,191.625,88.0
1534,G#,G#,4,D,"(2, 5, 8, 11)",viio7,D,D,a,191.75,88.0
1535,G#,G#,4,D,"(2, 5, 8, 11)",viio7,D,D,a,191.875,88.0
1536,D,B,0,D,"(2, 5, 8, 11)",viio7,D,D,D,192.0,89.0
1537,D,B,1,D,"(2, 5, 8, 11)",viio7,D,D,D,192.125,89.0
1538,D,B,2,D,"(2, 5, 8, 11)",viio7,D,D,D,192.25,89.0
1539,D,B,2,D,"(2, 5, 8, 11)",viio7,D,D,D,192.375,89.0
1540,D,B,3,D,"(2, 5, 8, 11)",viio7,D,D,D,192.5,89.0
1541,D,B,3,D,"(2, 5, 8, 11)",viio7,D,D,D,192.625,89.0
1542,D,B,3,D,"(2, 5, 8, 11)",viio7,D,D,D,192.75,89.0
1543,D,B,3,D,"(2, 5, 8, 11)",viio7,D,D,D,192.875,89.0
1544,D,B,4,D,"(2, 5, 8, 11)",viio7,D,D,D,193.0,89.0
1545,D,B,4,D,"(2, 5, 8, 11)",viio7,D,D,D,193.125,89.0
1546,D,B,4,D,"(2, 5, 8, 11)",viio7,D,D,D,193.25,89.0
1547,D,B,4,D,"(2, 5, 8, 11)",viio7,D,D,D,193.375,89.0
1548,D,B,4,D,"(2, 5, 8, 11)",viio7,D,D,D,193.5,89.0
1549,D,B,4,D,"(2, 5, 8, 11)",viio7,D,D,D,193.625,89.0
1550,D,B,4,D,"(2, 5, 8, 11)",viio7,D,D,D,193.75,89.0
1551,D,B,4,D,"(2, 5, 8, 11)",viio7,D,D,D,193.875,89.0
1552,G,C#,0,D,"(1, 4, 7, 9)",V7,A,E,D,194.0,90.0
1553,G,C#,1,D,"(1, 4, 7, 9)",V7,A,E,D,194.125,90.0
1554,G,C#,2,D,"(1, 4, 7, 9)",V7,A,E,D,194.25,90.0
1555,G,C#,2,D,"(1, 4, 7, 9)",V7,A,E,D,194.375,90.0
1556,G,C#,3,D,"(1, 4, 7, 9)",V7,A,E,D,194.5,90.0
1557,G,C#,3,D,"(1, 4, 7, 9)",V7,A,E,D,194.625,90.0
1558,G,C#,3,D,"(1, 4, 7, 9)",V7,A,E,D,194.75,90.0
1559,G,C#,3,D,"(1, 4, 7, 9)",V7,A,E,D,194.875,90.0
1560,G,C#,4,D,"(1, 4, 7, 9)",V7,A,E,D,195.0,90.0
1561,G,C#,4,D,"(1, 4, 7, 9)",V7,A,E,D,195.125,90.0
1562,G,C#,4,D,"(1, 4, 7, 9)",V7,A,E,D,195.25,90.0
1563,G,C#,4,D,"(1, 4, 7, 9)",V7,A,E,D,195.375,90.0
1564,G,C#,4,D,"(1, 4, 7, 9)",V7,A,E,D,195.5,90.0
1565,G,C#,4,D,"(1, 4, 7, 9)",V7,A,E,D,195.625,90.0
1566,G,C#,4,D,"(1, 4, 7, 9)",V7,A,E,D,195.75,90.0
1567,G,C#,4,D,"(1, 4, 7, 9)",V7,A,E,D,195.875,90.0
1568,G,C#,0,D,"(1, 4, 7, 9)",V7,C#,E,D,196.0,91.0
1569,G,C#,1,D,"(1, 4, 7, 9)",V7,C#,E,D,196.125,91.0
1570,G,C#,2,D,"(1, 4, 7, 9)",V7,C#,E,D,196.25,91.0
1571,G,C#,2,D,"(1, 4, 7, 9)",V7,C#,E,D,196.375,91.0
1572,G,C#,3,D,"(1, 4, 7, 9)",V7,C#,E,D,196.5,91.0
1573,G,C#,3,D,"(1, 4, 7, 9)",V7,C#,E,D,196.625,91.0
1574,G,C#,3,D,"(1, 4, 7, 9)",V7,C#,E,D,196.75,91.0
1575,G,C#,3,D,"(1, 4, 7, 9)",V7,C#,E,D,196.875,91.0
1576,G,C#,4,D,"(1, 4, 7, 9)",V7,C#,E,D,197.0,91.0
1577,G,C#,4,D,"(1, 4, 7, 9)",V7,C#,E,D,197.125,91.0
1578,G,C#,4,D,"(1, 4, 7, 9)",V7,C#,E,D,197.25,91.0
1579,G,C#,4,D,"(1, 4, 7, 9)",V7,C#,E,D,197.375,91.0
1580,G,C#,4,D,"(1, 4, 7, 9)",V7,C#,C#,D,197.5,91.0
1581,G,C#,4,D,"(1, 4, 7, 9)",V7,C#,C#,D,197.625,91.0
1582,G,C#,4,D,"(1, 4, 7, 9)",V7,C#,C#,D,197.75,91.0
1583,G,C#,4,D,"(1, 4, 7, 9)",V7,C#,C#,D,197.875,91.0
1584,A,D,0,D,"(2, 6, 9)",I,D,F#,D,198.0,92.0
1585,A,D,1,D,"(2, 6, 9)",I,D,F#,D,198.125,92.0
1586,A,D,2,D,"(2, 6, 9)",I,D,F#,D,198.25,92.0
1587,A,D,2,D,"(2, 6, 9)",I,D,F#,D,198.375,92.0
1588,A,D,3,D,"(2, 6, 9)",I,D,F#,D,198.5,92.0
1589,A,D,3,D,"(2, 6, 9)",I,D,F#,D,198.625,92.0
1590,A,D,3,D,"(2, 6, 9)",I,D,F#,D,198.75,92.0
1591,A,D,3,D,"(2, 6, 9)",I,D,F#,D,198.875,92.0
1592,A,D,4,D,"(2, 6, 9)",I,D,F#,D,199.0,92.0
1593,A,D,4,D,"(2, 6, 9)",I,D,F#,D,199.125,92.0
1594,A,D,4,D,"(2, 6, 9)",I,D,F#,D,199.25,92.0
1595,A,D,4,D,"(2, 6, 9)",I,D,F#,D,199.375,92.0
1596,A,D,4,D,"(2, 6, 9)",I,D,F#,D,199.5,92.0
1597,A,D,4,D,"(2, 6, 9)",I,D,F#,D,199.625,92.0
1598,A,D,4,D,"(2, 6, 9)",I,D,F#,D,199.75,92.0
1599,A,D,4,D,"(2, 6, 9)",I,D,F#,D,199.875,92.0
1600,A,D,0,D,"(2, 6, 9)",I,D,F#,D,200.0,93.0
1601,A,D,1,D,"(2, 6, 9)",I,D,F#,D,200.125,93.0
1602,A,D,2,D,"(2, 6, 9)",I,D,F#,D,200.25,93.0
1603,A,D,3,D,"(2, 6, 9)",I,D,F#,D,200.375,93.0
1604,A,D,3,D,"(2, 6, 9)",I,D,F#,D,200.5,93.0
1605,A,D,3,D,"(2, 6, 9)",I,D,F#,D,200.625,93.0
1606,A,D,3,D,"(2, 6, 9)",I,D,F#,D,200.75,93.0
1607,A,D,3,D,"(2, 6, 9)",I,D,F#,D,200.875,93.0
1608,A,D,4,D,"(2, 6, 9)",I,D,F#,D,201.0,93.0
1609,A,D,4,D,"(2, 6, 9)",I,D,F#,D,201.125,93.0
1610,A,D,4,D,"(2, 6, 9)",I,D,F#,D,201.25,93.0
1611,A,D,4,D,"(2, 6, 9)",I,D,F#,D,201.375,93.0
1612,A,D,4,D,"(2, 6, 9)",I,D,F#,D,201.5,93.0
1613,A,D,4,D,"(2, 6, 9)",I,D,F#,D,201.625,93.0
1614,A,D,4,D,"(2, 6, 9)",I,D,F#,D,201.75,93.0
1615,A,D,4,D,"(2, 6, 9)",I,D,F#,D,201.875,93.0
1616,A,D,0,D,"(2, 6, 9)",I,D,F#,D,202.0,94.0
1617,A,D,1,D,"(2, 6, 9)",I,D,F#,D,202.125,94.0
1618,A,D,2,D,"(2, 6, 9)",I,D,F#,D,202.25,94.0
1619,A,D,2,D,"(2, 6, 9)",I,D,F#,D,202.375,94.0
1620,A,D,3,D,"(2, 6, 9)",I,D,F#,D,202.5,94.0
1621,A,D,3,D,"(2, 6, 9)",I,D,F#,D,202.625,94.0
1622,A,D,3,D,"(2, 6, 9)",I,D,F#,D,202.75,94.0
1623,A,D,3,D,"(2, 6, 9)",I,D,F#,D,202.875,94.0
1624,A,D,4,D,"(2, 6, 9)",I,D,F#,D,203.0,94.0
1625,A,D,4,D,"(2, 6, 9)",I,D,F#,D,203.125,94.0
1626,A,D,4,D,"(2, 6, 9)",I,D,F#,D,203.25,94.0
1627,A,D,4,D,"(2, 6, 9)",I,D,F#,D,203.375,94.0
1628,A,D,4,D,"(2, 6, 9)",I,D,F#,D,203.5,94.0
1629,A,D,4,D,"(2, 6, 9)",I,D,F#,D,203.625,94.0
1630,A,D,4,D,"(2, 6, 9)",I,D,F#,D,203.75,94.0
1631,A,D,4,D,"(2, 6, 9)",I,D,F#,D,203.875,94.0
1632,E,A,0,D,"(1, 4, 7, 9)",V7,G,C#,D,204.0,95.0
1633,E,A,1,D,"(1, 4, 7, 9)",V7,G,C#,D,204.125,95.0
1634,E,A,2,D,"(1, 4, 7, 9)",V7,G,C#,D,204.25,95.0
1635,E,A,2,D,"(1, 4, 7, 9)",V7,G,C#,D,204.375,95.0
1636,E,A,3,D,"(1, 4, 7, 9)",V7,G,C#,D,204.5,95.0
1637,E,A,3,D,"(1, 4, 7, 9)",V7,G,C#,D,204.625,95.0
1638,E,A,3,D,"(1, 4, 7, 9)",V7,G,C#,D,204.75,95.0
1639,E,A,3,D,"(1, 4, 7, 9)",V7,G,C#,D,204.875,95.0
1640,E,A,4,D,"(1, 4, 7, 9)",V7,G,C#,D,205.0,95.0
1641,E,A,4,D,"(1, 4, 7, 9)",V7,G,C#,D,205.125,95.0
1642,E,A,4,D,"(1, 4, 7, 9)",V7,G,C#,D,205.25,95.0
1643,E,A,4,D,"(1, 4, 7, 9)",V7,G,C#,D,205.375,95.0
1644,E,A,4,D,"(1, 4, 7, 9)",V7,G,C#,D,205.5,95.0
1645,E,A,4,D,"(1, 4, 7, 9)",V7,G,C#,D,205.625,95.0
1646,E,A,4,D,"(1, 4, 7, 9)",V7,G,C#,D,205.75,95.0
1647,E,A,4,D,"(1, 4, 7, 9)",V7,G,C#,D,205.875,95.0
1648,D,F#,0,D,"(2, 6, 9)",I,D,A,D,206.0,96.0
1649,D,F#,1,D,"(2, 6, 9)",I,D,A,D,206.125,96.0
1650,D,F#,2,D,"(2, 6, 9)",I,D,A,D,206.25,96.0
1651,D,F#,2,D,"(2, 6, 9)",I,D,A,D,206.375,96.0
1652,A,F#,3,D,"(2, 6, 9)",I,D,A,D,206.5,96.0
1653,A,F#,3,D,"(2, 6, 9)",I,D,A,D,206.625,96.0
1654,A,F#,3,D,"(2, 6, 9)",I,D,A,D,206.75,96.0
1655,A,F#,3,D,"(2, 6, 9)",I,D,F#,D,206.875,96.0
1656,A,F#,4,D,"(2, 6, 9)",I,D,A,D,207.0,96.0
1657,A,F#,4,D,"(2, 6, 9)",I,D,F#,D,207.125,96.0
1658,A,F#,4,D,"(2, 6, 9)",I,D,F#,D,207.25,96.0
1659,A,F#,4,D,"(2, 6, 9)",I,D,F#,D,207.375,96.0
1660,A,F#,4,D,"(2, 6, 9)",I,D,F#,D,207.5,96.0
1661,A,F#,4,D,"(2, 6, 9)",I,D,F#,D,207.625,96.0
1662,A,F#,4,D,"(2, 6, 9)",I,D,F#,D,207.75,96.0
1663,A,F#,4,D,"(2, 6, 9)",I,D,F#,D,207.875,96.0
1664,A,D,0,D,"(2, 6, 9)",I,D,F#,D,208.0,97.0
1665,A,D,1,D,"(2, 6, 9)",I,D,F#,D,208.125,97.0
1666,A,D,2,D,"(2, 6, 9)",I,D,F#,D,208.25,97.0
1667,A,D,2,D,"(2, 6, 9)",I,D,F#,D,208.375,97.0
1668,A,D,3,D,"(2, 6, 9)",I,D,F#,D,208.5,97.0
1669,A,D,3,D,"(2, 6, 9)",I,D,F#,D,208.625,97.0
1670,A,D,3,D,"(2, 6, 9)",I,D,F#,D,208.75,97.0
1671,A,D,3,D,"(2, 6, 9)",I,D,F#,D,208.875,97.0
1672,A,D,4,D,"(2, 6, 9)",I,D,F#,D,209.0,97.0
1673,A,D,4,D,"(2, 6, 9)",I,D,F#,D,209.125,97.0
1674,A,D,4,D,"(2, 6, 9)",I,D,F#,D,209.25,97.0
1675,A,D,4,D,"(2, 6, 9)",I,D,F#,D,209.375,97.0
1676,A,D,4,D,"(2, 6, 9)",I,D,F#,D,209.5,97.0
1677,A,D,4,D,"(2, 6, 9)",I,D,F#,D,209.625,97.0
1678,A,D,4,D,"(2, 6, 9)",I,D,F#,D,209.75,97.0
1679,A,D,4,D,"(2, 6, 9)",I,D,F#,D,209.875,97.0
1680,A,D,5,D,"(2, 6, 9)",I,D,F#,D,210.0,97.0
1681,A,D,5,D,"(2, 6, 9)",I,D,F#,D,210.125,97.0
1682,A,D,5,D,"(2, 6, 9)",I,D,F#,D,210.25,97.0
1683,A,D,5,D,"(2, 6, 9)",I,D,F#,D,210.375,97.0
1684,A,D,5,D,"(2, 6, 9)",I,D,F#,D,210.5,97.0
1685,A,D,5,D,"(2, 6, 9)",I,D,F#,D,210.625,97.0
1686,A,D,5,D,"(2, 6, 9)",I,D,F#,D,210.75,97.0
1687,A,D,5,D,"(2, 6, 9)",I,D,F#,D,210.875,97.0
1688,A,D,0,D,"(2, 6, 9)",I,D,F#,D,211.0,98.0
1689,A,D,1,D,"(2, 6, 9)",I,D,F#,D,211.125,98.0
1690,A,D,2,D,"(2, 6, 9)",I,D,F#,D,211.25,98.0
1691,A,D,2,D,"(2, 6, 9)",I,D,F#,D,211.375,98.0
1692,A,D,3,D,"(2, 6, 9)",I,D,F#,D,211.5,98.0
1693,A,D,3,D,"(2, 6, 9)",I,D,F#,D,211.625,98.0
1694,A,D,3,D,"(2, 6, 9)",I,D,F#,D,211.75,98.0
1695,A,D,3,D,"(2, 6, 9)",I,D,F#,D,211.875,98.0
1696,A,D,4,D,"(2, 6, 9)",I,D,F#,D,212.0,98.0
1697,A,D,4,D,"(2, 6, 9)",I,D,F#,D,212.125,98.0
1698,A,D,4,D,"(2, 6, 9)",I,D,F#,D,212.25,98.0
1699,A,D,4,D,"(2, 6, 9)",I,D,F#,D,212.375,98.0
1700,A,D,4,D,"(2, 6, 9)",I,D,F#,D,212.5,98.0
1701,A,D,4,D,"(2, 6, 9)",I,D,F#,D,212.625,98.0
1702,A,D,4,D,"(2, 6, 9)",I,D,F#,D,212.75,98.0
1703,A,D,4,D,"(2, 6, 9)",I,D,F#,D,212.875,98.0
1704,A,D,5,D,"(2, 6, 9)",I,D,F#,D,213.0,98.0
1705,A,D,5,D,"(2, 6, 9)",I,D,F#,D,213.125,98.0
1706,A,D,5,D,"(2, 6, 9)",I,D,F#,D,213.25,98.0
1707,A,D,5,D,"(2, 6, 9)",I,D,F#,D,213.375,98.0
1708,A,D,5,D,"(2, 6, 9)",I,D,F#,D,213.5,98.0
1709,A,D,5,D,"(2, 6, 9)",I,D,F#,D,213.625,98.0
1710,A,D,5,D,"(2, 6, 9)",I,D,F#,D,213.75,98.0
1711,A,D,5,D,"(2, 6, 9)",I,D,F#,D,213.875,98.0
1712,A,D,0,D,"(2, 6, 9)",I,D,F#,D,214.0,99.0
1713,A,D,1,D,"(2, 6, 9)",I,D,F#,D,214.125,99.0
1714,A,D,2,D,"(2, 6, 9)",I,D,F#,D,214.25,99.0
1715,A,D,2,D,"(2, 6, 9)",I,D,F#,D,214.375,99.0
1716,A,D,3,D,"(2, 6, 9)",I,D,F#,D,214.5,99.0
1717,A,D,3,D,"(2, 6, 9)",I,D,F#,D,214.625,99.0
1718,A,D,3,D,"(2, 6, 9)",I,D,F#,D,214.75,99.0
1719,A,D,3,D,"(2, 6, 9)",I,D,F#,D,214.875,99.0
1720,A,D,4,D,"(2, 6, 9)",I,D,F#,D,215.0,99.0
1721,A,D,4,D,"(2, 6, 9)",I,D,F#,D,215.125,99.0
1722,A,D,4,D,"(2, 6, 9)",I,D,F#,D,215.25,99.0
1723,A,D,4,D,"(2, 6, 9)",I,D,F#,D,215.375,99.0
1724,A,D,4,D,"(2, 6, 9)",I,D,F#,D,215.5,99.0
1725,A,D,4,D,"(2, 6, 9)",I,D,F#,D,215.625,99.0
1726,A,D,4,D,"(2, 6, 9)",I,D,F#,D,215.75,99.0
1727,A,D,4,D,"(2, 6, 9)",I,D,F#,D,215.875,99.0
1728,A,D,5,D,"(2, 6, 9)",I,D,F#,D,216.0,99.0
1729,A,D,5,D,"(2, 6, 9)",I,D,F#,D,216.125,99.0
1730,A,D,5,D,"(2, 6, 9)",I,D,F#,D,216.25,99.0
1731,A,D,5,D,"(2, 6, 9)",I,D,F#,D,216.375,99.0
1732,A,D,5,D,"(2, 6, 9)",I,D,F#,D,216.5,99.0
1733,A,D,5,D,"(2, 6, 9)",I,D,F#,D,216.625,99.0
1734,A,D,5,D,"(2, 6, 9)",I,D,F#,D,216.75,99.0
1735,A,D,5,D,"(2, 6, 9)",I,D,F#,D,216.875,99.0
1736,A,D,0,D,"(2, 6, 9)",I,D,F#,D,217.0,100.0
1737,A,D,1,D,"(2, 6, 9)",I,D,F#,D,217.125,100.0
1738,A,D,2,D,"(2, 6, 9)",I,D,F#,D,217.25,100.0
1739,A,D,2,D,"(2, 6, 9)",I,D,F#,D,217.375,100.0
1740,A,D,3,D,"(2, 6, 9)",I,D,F#,D,217.5,100.0
1741,A,D,3,D,"(2, 6, 9)",I,D,F#,D,217.625,100.0
1742,A,D,3,D,"(2, 6, 9)",I,D,F#,D,217.75,100.0
1743,A,D,3,D,"(2, 6, 9)",I,D,F#,D,217.875,100.0
1744,A,D,4,D,"(2, 6, 9)",I,D,F#,D,218.0,100.0
1745,A,D,4,D,"(2, 6, 9)",I,D,F#,D,218.125,100.0
1746,A,D,4,D,"(2, 6, 9)",I,D,F#,D,218.25,100.0
1747,A,D,4,D,"(2, 6, 9)",I,D,F#,D,218.375,100.0
1748,A,D,4,D,"(2, 6, 9)",I,D,F#,D,218.5,100.0
1749,A,D,4,D,"(2, 6, 9)",I,D,F#,D,218.625,100.0
1750,A,D,4,D,"(2, 6, 9)",I,D,F#,D,218.75,100.0
1751,A,D,4,D,"(2, 6, 9)",I,D,F#,D,218.875,100.0
1752,A,D,5,D,"(2, 6, 9)",I,D,F#,D,219.0,100.0
1753,A,D,5,D,"(2, 6, 9)",I,D,F#,D,219.125,100.0
1754,A,D,5,D,"(2, 6, 9)",I,D,F#,D,219.25,100.0
1755,A,D,5,D,"(2, 6, 9)",I,D,F#,D,219.375,100.0
1756,A,D,5,D,"(2, 6, 9)",I,D,F#,D,219.5,100.0
1757,A,D,5,D,"(2, 6, 9)",I,D,F#,D,219.625,100.0
1758,A,D,5,D,"(2, 6, 9)",I,D,F#,D,219.75,100.0
1759,A,D,5,D,"(2, 6, 9)",I,D,F#,D,219.875,100.0
1760,A,D,0,D,"(2, 6, 9)",I,D,F#,D,220.0,101.0
1761,A,D,1,D,"(2, 6, 9)",I,D,F#,D,220.125,101.0
1762,A,D,2,D,"(2, 6, 9)",I,D,F#,D,220.25,101.0
1763,A,D,2,D,"(2, 6, 9)",I,D,F#,D,220.375,101.0
1764,A,D,3,D,"(2, 6, 9)",I,D,F#,D,220.5,101.0
1765,A,D,3,D,"(2, 6, 9)",I,D,F#,D,220.625,101.0
1766,A,D,3,D,"(2, 6, 9)",I,D,F#,D,220.75,101.0
1767,A,D,3,D,"(2, 6, 9)",I,D,F#,D,220.875,101.0
1768,A,D,4,D,"(2, 6, 9)",I,D,F#,D,221.0,101.0
1769,A,D,4,D,"(2, 6, 9)",I,D,F#,D,221.125,101.0
1770,A,D,4,D,"(2, 6, 9)",I,D,F#,D,221.25,101.0
1771,A,D,4,D,"(2, 6, 9)",I,D,F#,D,221.375,101.0
1772,A,D,4,D,"(2, 6, 9)",I,D,F#,D,221.5,101.0
1773,A,D,4,D,"(2, 6, 9)",I,D,F#,D,221.625,101.0
1774,A,D,4,D,"(2, 6, 9)",I,D,F#,D,221.75,101.0
1775,A,D,4,D,"(2, 6, 9)",I,D,F#,D,221.875,101.0
1776,A,D,5,D,"(2, 6, 9)",I,D,F#,D,222.0,101.0
1777,A,D,5,D,"(2, 6, 9)",I,D,F#,D,222.125,101.0
1778,A,D,5,D,"(2, 6, 9)",I,D,F#,D,222.25,101.0
1779,A,D,5,D,"(2, 6, 9)",I,D,F#,D,222.375,101.0
1780,A,D,5,D,"(2, 6, 9)",I,D,F#,D,222.5,101.0
1781,A,D,5,D,"(2, 6, 9)",I,D,F#,D,222.625,101.0
1782,A,D,5,D,"(2, 6, 9)",I,D,F#,D,222.75,101.0
1783,A,D,5,D,"(2, 6, 9)",I,D,F#,D,222.875,101.0
1784,A,D,0,D,"(2, 6, 9)",I,D,F#,D,223.0,102.0
1785,A,D,1,D,"(2, 6, 9)",I,D,F#,D,223.125,102.0
1786,A,D,2,D,"(2, 6, 9)",I,D,F#,D,223.25,102.0
1787,A,D,2,D,"(2, 6, 9)",I,D,F#,D,223.375,102.0
1788,A,D,3,D,"(2, 6, 9)",I,D,F#,D,223.5,102.0
1789,A,D,3,D,"(2, 6, 9)",I,D,F#,D,223.625,102.0
1790,A,D,3,D,"(2, 6, 9)",I,D,F#,D,223.75,102.0
1791,A,D,3,D,"(2, 6, 9)",I,D,F#,D,223.875,102.0
1792,A,D,4,D,"(2, 6, 9)",I,D,F#,D,224.0,102.0
1793,A,D,4,D,"(2, 6, 9)",I,D,F#,D,224.125,102.0
1794,A,D,4,D,"(2, 6, 9)",I,D,F#,D,224.25,102.0
1795,A,D,4,D,"(2, 6, 9)",I,D,F#,D,224.375,102.0
1796,A,D,4,D,"(2, 6, 9)",I,D,F#,D,224.5,102.0
1797,A,D,4,D,"(2, 6, 9)",I,D,F#,D,224.625,102.0
1798,A,D,4,D,"(2, 6, 9)",I,D,F#,D,224.75,102.0
1799,A,D,4,D,"(2, 6, 9)",I,D,F#,D,224.875,102.0
1800,A,D,5,D,"(2, 6, 9)",I,D,F#,D,225.0,102.0
1801,A,D,5,D,"(2, 6, 9)",I,D,F#,D,225.125,102.0
1802,A,D,5,D,"(2, 6, 9)",I,D,F#,D,225.25,102.0
1803,A,D,5,D,"(2, 6, 9)",I,D,F#,D,225.375,102.0
1804,A,D,5,D,"(2, 6, 9)",I,D,F#,D,225.5,102.0
1805,A,D,5,D,"(2, 6, 9)",I,D,F#,D,225.625,102.0
1806,A,D,5,D,"(2, 6, 9)",I,D,F#,D,225.75,102.0
1807,A,D,5,D,"(2, 6, 9)",I,D,F#,D,225.875,102.0
1808,A,D,0,D,"(2, 6, 9)",V,A,F#,D,226.0,103.0
1809,A,D,1,D,"(1, 4, 9)",V,C#,F#,D,226.125,103.0
1810,A,D,2,D,"(1, 4, 9)",V,C#,F#,D,226.25,103.0
1811,A,D,2,D,"(1, 4, 9)",V,C#,F#,D,226.375,103.0
1812,A,D,3,D,"(1, 4, 9)",V,C#,F#,D,226.5,103.0
1813,A,D,3,D,"(1, 4, 9)",V,C#,F#,D,226.625,103.0
1814,A,D,3,D,"(1, 4, 9)",V,C#,F#,D,226.75,103.0
1815,A,D,3,D,"(1, 4, 9)",V,C#,F#,D,226.875,103.0
1816,A,C#,4,D,"(1, 4, 9)",V,C#,F#,D,227.0,103.0
1817,A,C#,4,D,"(1, 4, 9)",V,C#,F#,D,227.125,103.0
1818,A,C#,4,D,"(1, 4, 9)",V,C#,F#,D,227.25,103.0
1819,A,C#,4,D,"(1, 4, 9)",V,C#,F#,D,227.375,103.0
1820,C#,F#,4,D,"(2, 6, 9)",V,E,F#,D,227.5,103.0
1821,C#,F#,4,D,"(2, 6, 9)",viio,E,A#,D,227.625,103.0
1822,C#,F#,4,D,"(2, 6, 9)",viio,E,A#,D,227.75,103.0
1823,C#,F#,4,D,"(2, 6, 9)",viio,E,A#,D,227.875,103.0
1824,C#,F#,3,D,"(1, 4, 6, 10)",viio,E,A#,D,228.0,103.0
1825,C#,F#,1,D,"(1, 4, 6, 10)",V7,E,A#,D,228.125,103.0
1826,C#,F#,2,D,"(1, 4, 6, 10)",V7,E,A#,D,228.25,103.0
1827,C#,F#,2,D,"(1, 4, 6, 10)",V7,E,A#,D,228.375,103.0
1828,C#,F#,0,D,"(1, 4, 6, 10)",V7,E,A#,b,228.5,103.0
1829,C#,F#,1,D,"(1, 4, 6, 10)",V7,E,A#,b,228.625,103.0
1830,C#,F#,2,D,"(1, 4, 6, 10)",V7,E,A#,b,228.75,103.0
1831,C#,F#,2,D,"(1, 4, 6, 10)",V7,E,A#,b,228.875,103.0
1832,F#,B,0,D,"(2, 6, 11)",vi,B,D,D,229.0,104.0
1833,F#,B,1,D,"(2, 6, 11)",vi,B,D,D,229.125,104.0
1834,F#,B,2,D,"(2, 6, 11)",vi,B,D,D,229.25,104.0
1835,F#,B,2,D,"(2, 6, 11)",vi,B,D,D,229.375,104.0
1836,F#,B,3,D,"(2, 6, 11)",vi,B,D,D,229.5,104.0
1837,F#,B,3,D,"(2, 6, 11)",vi,B,D,D,229.625,104.0
1838,F#,B,3,D,"(2, 6, 11)",vi,B,D,D,229.75,104.0
1839,F#,B,3,D,"(2, 6, 11)",vi,B,D,D,229.875,104.0
1840,F#,B,0,D,"(2, 6, 11)",vi,B,D,D,230.0,104.0
1841,F#,B,1,D,"(2, 6, 11)",vi,B,D,D,230.125,104.0
1842,F#,B,2,D,"(2, 6, 11)",vi,B,D,D,230.25,104.0
1843,F#,B,2,D,"(2, 6, 11)",vi,B,D,D,230.375,104.0
1844,F#,B,3,D,"(2, 6, 11)",vi,B,D,D,230.5,104.0
1845,F#,B,3,D,"(2, 6, 11)",vi,B,D,D,230.625,104.0
1846,F#,B,3,D,"(2, 6, 11)",vi,B,D,D,230.75,104.0
1847,F#,B,3,D,"(2, 6, 11)",vi,B,D,D,230.875,104.0
1848,F#,B,4,D,"(2, 6, 11)",vi,B,D,D,231.0,104.0
1849,F#,B,4,D,"(2, 6, 11)",vi,B,D,D,231.125,104.0
1850,F#,B,4,D,"(2, 6, 11)",vi,B,D,D,231.25,104.0
1851,F#,B,4,D,"(2, 6, 11)",vi,B,D,D,231.375,104.0
1852,F#,B,0,D,"(2, 6, 11)",vi,B,D,D,231.5,104.0
1853,F#,B,4,D,"(2, 6, 11)",vi,B,D,D,231.625,104.0
1854,F#,B,4,D,"(2, 6, 11)",vi,B,D,D,231.75,104.0
1855,F#,B,4,D,"(2, 6, 11)",vi,B,D,D,231.875,104.0
1856,F#,B,0,D,"(2, 6, 11)",vi,B,D,D,232.0,105.0
1857,F#,B,1,D,"(2, 6, 11)",vi,B,D,D,232.125,105.0
1858,F#,B,2,D,"(2, 6, 11)",vi,B,D,D,232.25,105.0
1859,F#,B,2,D,"(2, 6, 11)",vi,B,D,D,232.375,105.0
1860,F#,B,3,D,"(2, 6, 11)",vi,B,D,D,232.5,105.0
1861,F#,B,3,D,"(2, 6, 11)",vi,B,D,D,232.625,105.0
1862,F#,B,3,D,"(2, 6, 11)",vi,B,D,D,232.75,105.0
1863,F#,B,3,D,"(2, 6, 11)",vi,B,D,D,232.875,105.0
1864,F#,B,4,D,"(2, 6, 11)",vi,B,D,D,233.0,105.0
1865,F#,B,4,D,"(2, 6, 11)",vi,B,D,D,233.125,105.0
1866,F#,B,4,D,"(2, 6, 11)",vi,B,D,D,233.25,105.0
1867,F#,B,4,D,"(2, 6, 11)",vi,B,D,D,233.375,105.0
1868,F#,B,4,D,"(2, 6, 11)",vi,B,D,D,233.5,105.0
1869,F#,B,4,D,"(2, 6, 11)",vi,B,D,D,233.625,105.0
1870,F#,B,4,D,"(2, 6, 11)",vi,B,D,D,233.75,105.0
1871,F#,B,4,D,"(2, 6, 11)",vi,B,D,D,233.875,105.0
1872,E,A,0,D,"(1, 4, 7, 9)",V7,G,C#,D,234.0,105.0
1873,E,A,1,D,"(1, 4, 7, 9)",V7,G,C#,D,234.125,105.0
1874,E,A,2,D,"(1, 4, 7, 9)",V7,G,C#,D,234.25,105.0
1875,E,A,2,D,"(1, 4, 7, 9)",V7,G,C#,D,234.375,105.0
1876,E,A,3,D,"(1, 4, 7, 9)",V7,G,C#,D,234.5,105.0
1877,E,A,3,D,"(1, 4, 7, 9)",V7,G,C#,D,234.625,105.0
1878,E,A,3,D,"(1, 4, 7, 9)",V7,G,C#,D,234.75,105.0
1879,E,A,3,D,"(1, 4, 7, 9)",V7,G,C#,D,234.875,105.0
1880,E,A,0,D,"(1, 4, 7, 9)",V7,G,C#,D,235.0,106.0
1881,E,A,1,D,"(1, 4, 7, 9)",V7,G,C#,D,235.125,106.0
1882,E,A,2,D,"(1, 4, 7, 9)",V7,G,C#,D,235.25,106.0
1883,E,A,2,D,"(1, 4, 7, 9)",V7,G,C#,D,235.375,106.0
1884,E,A,3,D,"(1, 4, 7, 9)",V7,G,C#,D,235.5,106.0
1885,E,A,3,D,"(1, 4, 7, 9)",V7,G,C#,D,235.625,106.0
1886,E,A,3,D,"(1, 4, 7, 9)",V7,G,C#,D,235.75,106.0
1887,E,A,3,D,"(1, 4, 7, 9)",V7,G,C#,D,235.875,106.0
1888,E,A,4,D,"(1, 4, 7, 9)",V7,G,C#,D,236.0,106.0
1889,E,A,4,D,"(1, 4, 7, 9)",V7,G,C#,D,236.125,106.0
1890,E,A,4,D,"(1, 4, 7, 9)",V7,G,C#,D,236.25,106.0
1891,E,A,4,D,"(1, 4, 7, 9)",V7,G,C#,D,236.375,106.0
1892,E,A,4,D,"(1, 4, 7, 9)",V7,G,C#,D,236.5,106.0
1893,E,A,4,D,"(1, 4, 7, 9)",V7,G,C#,D,236.625,106.0
1894,E,A,4,D,"(1, 4, 7, 9)",V7,G,C#,D,236.75,106.0
1895,E,A,4,D,"(1, 4, 7, 9)",V7,G,C#,D,236.875,106.0
1896,E,A,5,D,"(1, 4, 7, 9)",V7,G,C#,D,237.0,106.0
1897,E,A,5,D,"(1, 4, 7, 9)",V7,G,C#,D,237.125,106.0
1898,E,A,5,D,"(1, 4, 7, 9)",V7,G,C#,D,237.25,106.0
1899,E,A,5,D,"(1, 4, 7, 9)",V7,G,C#,D,237.375,106.0
1900,E,A,5,D,"(1, 4, 7, 9)",V7,G,C#,D,237.5,106.0
1901,E,A,5,D,"(1, 4, 7, 9)",V7,G,C#,D,237.625,106.0
1902,E,A,5,D,"(1, 4, 7, 9)",V7,G,C#,D,237.75,106.0
1903,E,A,5,D,"(1, 4, 7, 9)",V7,G,C#,D,237.875,106.0
1904,E,A,0,D,"(1, 4, 7, 9)",V7,G,C#,D,238.0,107.0
1905,E,A,1,D,"(1, 4, 7, 9)",V7,G,C#,D,238.125,107.0
1906,E,A,2,D,"(1, 4, 7, 9)",V7,G,C#,D,238.25,107.0
1907,E,A,2,D,"(1, 4, 7, 9)",V7,G,C#,D,238.375,107.0
1908,E,A,3,D,"(1, 4, 7, 9)",V7,G,C#,D,238.5,107.0
1909,E,A,3,D,"(1, 4, 7, 9)",V7,G,C#,D,238.625,107.0
1910,E,A,3,D,"(1, 4, 7, 9)",V7,G,C#,D,238.75,107.0
1911,E,A,3,D,"(1, 4, 7, 9)",V7,G,C#,D,238.875,107.0
1912,E,A,4,D,"(1, 4, 7, 9)",V7,G,C#,D,239.0,107.0
1913,E,A,4,D,"(1, 4, 7, 9)",V7,G,C#,D,239.125,107.0
1914,E,A,4,D,"(1, 4, 7, 9)",V7,G,C#,D,239.25,107.0
1915,E,A,4,D,"(1, 4, 7, 9)",V7,G,C#,D,239.375,107.0
1916,E,A,4,D,"(1, 4, 7, 9)",V7,G,C#,D,239.5,107.0
1917,E,A,4,D,"(1, 4, 7, 9)",V7,G,C#,D,239.625,107.0
1918,E,A,4,D,"(1, 4, 7, 9)",V7,G,C#,D,239.75,107.0
1919,E,A,4,D,"(1, 4, 7, 9)",V7,G,C#,D,239.875,107.0
1920,E,A,5,D,"(1, 4, 7, 9)",V7,G,C#,D,240.0,107.0
1921,E,A,5,D,"(1, 4, 7, 9)",V7,D,C#,D,240.125,107.0
1922,E,A,5,D,"(1, 4, 7, 9)",V7,D,C#,D,240.25,107.0
1923,E,A,5,D,"(1, 4, 7, 9)",V7,D,C#,D,240.375,107.0
1924,E,A,0,D,"(1, 4, 7, 9)",V7,G,C#,D,240.5,107.0
1925,G,C#,1,D,"(1, 4, 7, 9)",V7,G,C#,D,240.625,107.0
1926,G,C#,2,D,"(1, 4, 7, 9)",V7,G,C#,D,240.75,107.0
1927,G,C#,2,D,"(1, 4, 7, 9)",V7,G,C#,D,240.875,107.0
1928,A,D,0,D,"(2, 6, 9)",I,D,F#,D,241.0,108.0
1929,A,D,1,D,"(2, 6, 9)",I,D,F#,D,241.125,108.0
1930,A,D,2,D,"(2, 6, 9)",I,D,F#,D,241.25,108.0
1931,A,D,2,D,"(2, 6, 9)",I,D,F#,D,241.375,108.0
1932,A,D,3,D,"(2, 6, 9)",I,D,F#,D,241.5,108.0
1933,A,D,3,D,"(2, 6, 9)",I,D,F#,D,241.625,108.0
1934,A,D,3,D,"(2, 6, 9)",I,D,F#,D,241.75,108.0
1935,A,D,3,D,"(2, 6, 9)",I,D,F#,D,241.875,108.0
1936,A,D,4,D,"(2, 6, 9)",I,D,F#,D,242.0,108.0
1937,A,D,4,D,"(2, 6, 9)",I,D,F#,D,242.125,108.0
1938,A,D,4,D,"(2, 6, 9)",I,D,F#,D,242.25,108.0
1939,A,D,4,D,"(2, 6, 9)",I,D,F#,D,242.375,108.0
1940,A,D,0,D,"(2, 6, 9)",I,D,F#,D,242.5,108.0
1941,A,D,1,D,"(2, 6, 9)",I,D,F#,D,242.625,108.0
1942,A,D,2,D,"(2, 6, 9)",I,D,F#,D,242.75,108.0
1943,A,D,2,D,"(2, 6, 9)",I,D,F#,D,242.875,108.0
1944,A,D,3,D,"(2, 6, 9)",I,D,F#,D,243.0,108.0
1945,A,D,3,D,"(2, 6, 9)",I,D,F#,D,243.125,108.0
1946,A,D,3,D,"(2, 6, 9)",I,D,F#,D,243.25,108.0
1947,A,D,3,D,"(2, 6, 9)",I,D,F#,D,243.375,108.0
1948,A,D,4,D,"(2, 6, 9)",I,D,F#,D,243.5,108.0
1949,A,D,4,D,"(2, 6, 9)",I,D,F#,D,243.625,108.0
1950,A,D,4,D,"(2, 6, 9)",I,D,F#,D,243.75,108.0
1951,A,D,4,D,"(2, 6, 9)",I,D,F#,D,243.875,108.0
1952,A,D,0,D,"(2, 6, 9)",I,D,F#,D,244.0,109.0
1953,A,D,1,D,"(2, 6, 9)",I,D,F#,D,244.125,109.0
1954,A,D,2,D,"(2, 6, 9)",I,D,F#,D,244.25,109.0
1955,A,D,2,D,"(2, 6, 9)",I,D,F#,D,244.375,109.0
1956,A,D,3,D,"(2, 6, 9)",I,D,F#,D,244.5,109.0
1957,A,D,3,D,"(2, 6, 9)",I,D,F#,D,244.625,109.0
1958,A,D,3,D,"(2, 6, 9)",I,D,F#,D,244.75,109.0
1959,A,D,3,D,"(2, 6, 9)",I,D,F#,D,244.875,109.0
1960,A,D,4,D,"(2, 6, 9)",I,D,F#,D,245.0,109.0
1961,A,D,4,D,"(2, 6, 9)",I,D,F#,D,245.125,109.0
1962,A,D,4,D,"(2, 6, 9)",I,D,F#,D,245.25,109.0
1963,A,D,4,D,"(2, 6, 9)",I,D,F#,D,245.375,109.0
1964,A,D,4,D,"(2, 6, 9)",I,D,F#,D,245.5,109.0
1965,A,D,4,D,"(2, 6, 9)",I,D,F#,D,245.625,109.0
1966,A,D,4,D,"(2, 6, 9)",I,D,F#,D,245.75,109.0
1967,A,D,4,D,"(2, 6, 9)",I,D,F#,D,245.875,109.0
1968,A,D,5,D,"(2, 6, 9)",I,D,F#,D,246.0,109.0
1969,A,D,5,D,"(2, 6, 9)",I,D,F#,D,246.125,109.0
1970,A,D,5,D,"(2, 6, 9)",I,D,F#,D,246.25,109.0
1971,A,D,5,D,"(2, 6, 9)",I,D,F#,D,246.375,109.0
1972,A,D,5,D,"(2, 6, 9)",I,D,F#,D,246.5,109.0
1973,A,D,5,D,"(2, 6, 9)",I,D,F#,D,246.625,109.0
1974,A,D,5,D,"(2, 6, 9)",I,D,F#,D,246.75,109.0
1975,A,D,5,D,"(2, 6, 9)",I,D,F#,D,246.875,109.0
1976,A,D,0,D,"(2, 6, 9)",I,D,F#,D,247.0,110.0
1977,A,D,1,D,"(2, 6, 9)",I,D,F#,D,247.125,110.0
1978,A,D,2,D,"(2, 6, 9)",I,D,F#,D,247.25,110.0
1979,A,D,2,D,"(2, 6, 9)",I,D,F#,D,247.375,110.0
1980,A,D,3,D,"(2, 6, 9)",I,D,F#,D,247.5,110.0
1981,A,D,3,D,"(2, 6, 9)",I,D,F#,D,247.625,110.0
1982,A,D,3,D,"(2, 6, 9)",I,D,F#,D,247.75,110.0
1983,A,D,3,D,"(2, 6, 9)",I,D,F#,D,247.875,110.0
1984,A,D,4,D,"(2, 6, 9)",I,D,F#,D,248.0,110.0
1985,A,D,4,D,"(2, 6, 9)",I,D,F#,D,248.125,110.0
1986,A,D,4,D,"(2, 6, 9)",I,D,F#,D,248.25,110.0
1987,A,D,4,D,"(2, 6, 9)",I,D,F#,D,248.375,110.0
1988,A,D,4,D,"(2, 6, 9)",I,D,F#,D,248.5,110.0
1989,A,D,4,D,"(2, 6, 9)",I,D,F#,D,248.625,110.0
1990,A,D,4,D,"(2, 6, 9)",I,D,F#,D,248.75,110.0
1991,A,D,4,D,"(2, 6, 9)",I,D,F#,D,248.875,110.0
1992,A,D,5,D,"(2, 6, 9)",I,D,F#,D,249.0,110.0
1993,A,D,5,D,"(2, 6, 9)",I,D,F#,D,249.125,110.0
1994,A,D,5,D,"(2, 6, 9)",I,D,F#,D,249.25,110.0
1995,A,D,5,D,"(2, 6, 9)",I,D,F#,D,249.375,110.0
1996,A,D,5,D,"(2, 6, 9)",I,D,F#,D,249.5,110.0
1997,A,D,5,D,"(2, 6, 9)",I,D,F#,D,249.625,110.0
1998,A,D,5,D,"(2, 6, 9)",I,D,F#,D,249.75,110.0
1999,A,D,5,D,"(2, 6, 9)",I,D,F#,D,249.875,110.0
2000,D,E,0,D,"(2, 6, 9)",I,D,A,D,250.0,111.0
2001,D,E,1,D,"(2, 6, 9)",I,D,A,D,250.125,111.0
2002,D,E,2,D,"(2, 6, 9)",I,D,A,D,250.25,111.0
2003,D,E,2,D,"(2, 6, 9)",I,D,A,D,250.375,111.0
2004,D,D,3,D,"(2, 6, 9)",I,D,A,D,250.5,111.0
2005,D,D,3,D,"(2, 6, 9)",I,D,A,D,250.625,111.0
2006,D,D,3,D,"(2, 6, 9)",I,D,A,D,250.75,111.0
2007,D,D,3,D,"(2, 6, 9)",I,D,A,D,250.875,111.0
2008,D,G,4,D,"(2, 6, 9)",I,D,B,D,251.0,111.0
2009,D,G,4,D,"(2, 6, 9)",I,D,B,D,251.125,111.0
2010,D,G,4,D,"(2, 6, 9)",I,D,B,D,251.25,111.0
2011,D,G,4,D,"(2, 6, 9)",I,D,B,D,251.375,111.0
2012,D,G#,4,D,"(1, 4, 9)",V,E,B,D,251.5,111.0
2013,D,G#,4,D,"(1, 4, 9)",V,E,B,D,251.625,111.0
2014,D,G#,4,D,"(1, 4, 9)",V,E,B,D,251.75,111.0
2015,D,G#,4,D,"(1, 4, 9)",V,E,B,D,251.875,111.0
2016,E,A,0,D,"(1, 4, 9)",V,A,C#,D,252.0,111.0
2017,E,A,1,D,"(1, 4, 9)",V,A,C#,D,252.125,111.0
2018,E,A,2,D,"(1, 4, 9)",V,A,C#,D,252.25,111.0
2019,E,A,2,D,"(1, 4, 9)",V,A,C#,D,252.375,111.0
2020,E,A,3,D,"(1, 4, 9)",V,A,C#,D,252.5,111.0
2021,E,A,3,D,"(1, 4, 9)",V,A,C#,D,252.625,111.0
2022,E,A,3,D,"(1, 4, 9)",V,A,C#,D,252.75,111.0
2023,E,A,3,D,"(1, 4, 9)",V,A,C#,D,252.875,111.0
2024,A,D,0,D,"(2, 6, 9)",I,D,F#,D,253.0,112.0
2025,A,D,1,D,"(2, 6, 9)",I,D,F#,D,253.125,112.0
2026,A,D,2,D,"(2, 6, 9)",I,D,F#,D,253.25,112.0
2027,A,D,2,D,"(2, 6, 9)",I,D,F#,D,253.375,112.0
2028,E,A,0,D,"(1, 4, 9)",V,A,C#,D,253.5,112.0
2029,E,A,1,D,"(1, 4, 9)",V,A,C#,D,253.625,112.0
2030,E,A,2,D,"(1, 4, 9)",V,A,C#,D,253.75,112.0
2031,E,A,2,D,"(1, 4, 9)",V,A,C#,D,253.875,112.0
2032,A,D,0,D,"(2, 6, 9)",I,D,F#,D,254.0,112.0
2033,A,D,1,D,"(2, 6, 9)",I,D,F#,D,254.125,112.0
2034,A,D,2,D,"(2, 6, 9)",I,D,F#,D,254.25,112.0
2035,A,D,2,D,"(2, 6, 9)",I,D,F#,D,254.375,112.0
2036,A,D,3,D,"(2, 6, 9)",I,D,F#,D,254.5,112.0
2037,A,D,3,D,"(2, 6, 9)",I,D,F#,D,254.625,112.0
2038,A,D,3,D,"(2, 6, 9)",I,D,F#,D,254.75,112.0
2039,A,D,3,D,"(2, 6, 9)",I,D,F#,D,254.875,112.0
2040,A,D,4,D,"(2, 6, 9)",I,D,F#,D,255.0,112.0
2041,A,D,4,D,"(2, 6, 9)",I,D,F#,D,255.125,112.0
2042,A,D,4,D,"(2, 6, 9)",I,D,F#,D,255.25,112.0
2043,A,D,4,D,"(2, 6, 9)",I,D,F#,D,255.375,112.0
2044,A,D,3,D,"(2, 6, 9)",I,D,F#,D,255.5,112.0
2045,A,D,3,D,"(2, 6, 9)",I,D,F#,D,255.625,112.0
2046,A,D,3,D,"(2, 6, 9)",I,D,F#,D,255.75,112.0
2047,A,D,3,D,"(2, 6, 9)",I,D,F#,D,255.875,112.0
2048,D,F,0,F,"(2, 5, 9)",i,D,A,d,256.0,113.0
2049,D,F,1,F,"(2, 5, 9)",i,D,A,d,256.125,113.0
2050,D,F,2,F,"(2, 5, 9)",i,D,A,d,256.25,113.0
2051,D,F,2,F,"(2, 5, 9)",i,D,A,d,256.375,113.0
2052,D,F,3,F,"(2, 5, 9)",i,D,A,d,256.5,113.0
2053,A,F,3,F,"(2, 5, 9)",i,D,A,d,256.625,113.0
2054,A,F,3,F,"(2, 5, 9)",i,D,A,d,256.75,113.0
2055,A,F,3,F,"(2, 5, 9)",i,D,A,d,256.875,113.0
2056,A,F,4,F,"(2, 5, 9)",i,D,A,d,257.0,113.0
2057,A,F,4,F,"(2, 5, 9)",i,D,A,d,257.125,113.0
2058,A,F,4,F,"(2, 5, 9)",i,D,A,d,257.25,113.0
2059,A,F,4,F,"(2, 5, 9)",i,D,A,d,257.375,113.0
2060,A,D,4,F,"(2, 5, 9)",vi,D,A,d,257.5,113.0
2061,A,D,4,F,"(2, 5, 9)",I,D,A,d,257.625,113.0
2062,A,D,4,F,"(2, 5, 9)",I,D,A,d,257.75,113.0
2063,A,D,4,F,"(2, 5, 9)",I,D,A,d,257.875,113.0
2064,D,D,5,F,"(2, 5, 9)",vi,D,A,d,258.0,113.0
2065,D,D,5,F,"(2, 5, 9)",vi,D,A,d,258.125,113.0
2066,D,D,5,F,"(2, 5, 9)",vi,D,A,d,258.25,113.0
2067,D,D,5,F,"(2, 5, 9)",vi,D,A,d,258.375,113.0
2068,D,D,5,F,"(2, 5, 9)",vi,D,A,d,258.5,113.0
2069,D,D,5,F,"(2, 5, 9)",I,D,A,d,258.625,113.0
2070,D,D,5,F,"(2, 5, 9)",I,D,A,d,258.75,113.0
2071,D,D,5,F,"(2, 5, 9)",I,D,A,d,258.875,113.0
2072,G,G,0,F,"(2, 7, 10)",ii,G,B-,F,259.0,114.0
2073,G,G,1,F,"(2, 7, 10)",ii,G,B-,F,259.125,114.0
2074,G,G,2,F,"(2, 7, 10)",ii,G,B-,F,259.25,114.0
2075,G,G,2,F,"(2, 7, 10)",ii,G,B-,F,259.375,114.0
2076,G,G,3,F,"(2, 7, 10)",ii,G,B-,F,259.5,114.0
2077,G,G,3,F,"(2, 7, 10)",ii,G,B-,F,259.625,114.0
2078,G,G,3,F,"(2, 7, 10)",ii,G,B-,F,259.75,114.0
2079,G,G,3,F,"(2, 7, 10)",ii,G,B-,F,259.875,114.0
2080,G,G,4,F,"(2, 7, 10)",ii,G,B-,F,260.0,114.0
2081,G,G,4,F,"(2, 7, 10)",ii,G,B-,F,260.125,114.0
2082,G,G,4,F,"(2, 7, 10)",ii,G,B-,F,260.25,114.0
2083,G,G,4,F,"(2, 7, 10)",ii,G,B-,F,260.375,114.0
2084,G,G,4,F,"(2, 7, 10)",ii,G,B-,F,260.5,114.0
2085,G,G,4,F,"(2, 7, 10)",ii,G,B-,F,260.625,114.0
2086,G,G,4,F,"(2, 7, 10)",ii,G,B-,F,260.75,114.0
2087,G,G,4,F,"(2, 7, 10)",ii,G,B-,F,260.875,114.0
2088,G,G,5,F,"(2, 7, 10)",ii,G,B-,F,261.0,114.0
2089,G,G,5,F,"(2, 7, 10)",ii,G,B-,F,261.125,114.0
2090,G,G,5,F,"(2, 7, 10)",ii,G,B-,F,261.25,114.0
2091,G,G,5,F,"(2, 7, 10)",ii,G,B-,F,261.375,114.0
2092,G,G,5,F,"(2, 7, 10)",ii,G,B-,F,261.5,114.0
2093,G,G,5,F,"(2, 7, 10)",ii,G,B-,F,261.625,114.0
2094,G,G,5,F,"(2, 7, 10)",ii,G,B-,F,261.75,114.0
2095,G,G,5,F,"(2, 7, 10)",ii,G,B-,F,261.875,114.0
2096,C,C,0,F,"(0, 4, 7)",V,C,E,F,262.0,115.0
2097,C,C,1,F,"(0, 4, 7)",V,C,E,F,262.125,115.0
2098,C,C,2,F,"(0, 4, 7)",V,C,E,F,262.25,115.0
2099,C,C,2,F,"(0, 4, 7)",V,C,E,F,262.375,115.0
2100,C,C,3,F,"(0, 4, 7)",V,C,E,F,262.5,115.0
2101,C,C,3,F,"(0, 4, 7)",V,C,E,F,262.625,115.0
2102,C,C,3,F,"(0, 4, 7)",V,C,E,F,262.75,115.0
2103,C,C,3,F,"(0, 4, 7)",V,C,E,F,262.875,115.0
2104,C,C,4,F,"(0, 4, 7)",V,C,E,F,263.0,115.0
2105,C,C,4,F,"(0, 4, 7)",V,C,E,F,263.125,115.0
2106,C,C,4,F,"(0, 4, 7)",V,C,E,F,263.25,115.0
2107,C,C,4,F,"(0, 4, 7)",V,C,E,F,263.375,115.0
2108,C,C,4,F,"(0, 4, 7)",V,C,E,F,263.5,115.0
2109,C,C,4,F,"(0, 4, 7)",V,C,E,F,263.625,115.0
2110,C,C,4,F,"(0, 4, 7)",V,C,E,F,263.75,115.0
2111,C,C,4,F,"(0, 4, 7)",V,C,E,F,263.875,115.0
2112,C,C,5,F,"(0, 4, 7)",V,C,E,F,264.0,115.0
2113,C,C,5,F,"(0, 4, 7)",V,C,E,F,264.125,115.0
2114,C,C,5,F,"(0, 4, 7)",V,C,E,F,264.25,115.0
2115,C,C,5,F,"(0, 4, 7)",V,C,E,F,264.375,115.0
2116,C,C,5,F,"(0, 4, 7)",V,C,E,F,264.5,115.0
2117,C,C,5,F,"(0, 4, 7)",V,C,E,F,264.625,115.0
2118,C,C,5,F,"(0, 4, 7)",V,C,E,F,264.75,115.0
2119,C,C,5,F,"(0, 4, 7)",V,C,E,F,264.875,115.0
2120,C,A,0,F,"(0, 5, 9)",I,F,C,F,265.0,116.0
2121,C,A,1,F,"(0, 5, 9)",I,F,C,F,265.125,116.0
2122,C,A,2,F,"(0, 5, 9)",I,F,C,F,265.25,116.0
2123,C,A,2,F,"(0, 5, 9)",I,F,C,F,265.375,116.0
2124,C,A,3,F,"(0, 5, 9)",I,F,C,F,265.5,116.0
2125,C,A,3,F,"(0, 5, 9)",I,F,C,F,265.625,116.0
2126,C,A,3,F,"(0, 5, 9)",I,F,C,F,265.75,116.0
2127,C,A,3,F,"(0, 5, 9)",I,F,C,F,265.875,116.0
2128,C,A,4,F,"(0, 5, 9)",I,F,C,F,266.0,116.0
2129,C,A,4,F,"(0, 5, 9)",I,F,C,F,266.125,116.0
2130,C,A,4,F,"(0, 5, 9)",I,F,C,F,266.25,116.0
2131,C,A,4,F,"(0, 5, 9)",I,F,C,F,266.375,116.0
2132,C,A,4,F,"(0, 5, 9)",I,F,C,F,266.5,116.0
2133,C,A,4,F,"(0, 5, 9)",I,F,C,F,266.625,116.0
2134,C,A,4,F,"(0, 5, 9)",I,F,C,F,266.75,116.0
2135,C,A,4,F,"(0, 5, 9)",I,F,C,F,266.875,116.0
2136,C,A,5,F,"(0, 5, 9)",I,F,C,F,267.0,116.0
2137,C,A,5,F,"(0, 5, 9)",I,F,C,F,267.125,116.0
2138,C,A,5,F,"(0, 5, 9)",I,F,C,F,267.25,116.0
2139,C,A,5,F,"(0, 5, 9)",I,F,C,F,267.375,116.0
2140,C,F,5,F,"(0, 5, 9)",I,F,C,F,267.5,116.0
2141,C,F,5,F,"(0, 5, 9)",I,F,C,F,267.625,116.0
2142,C,F,5,F,"(0, 5, 9)",I,F,C,F,267.75,116.0
2143,C,F,5,F,"(0, 5, 9)",I,F,C,F,267.875,116.0
2144,G,C,0,F,"(0, 4, 7, 10)",V7,B-,E,F,268.0,117.0
2145,G,C,1,F,"(0, 4, 7, 10)",V7,B-,E,F,268.125,117.0
2146,G,C,2,F,"(0, 4, 7, 10)",V7,B-,E,F,268.25,117.0
2147,G,C,2,F,"(0, 4, 7, 10)",V7,B-,E,F,268.375,117.0
2148,G,C,3,F,"(0, 4, 7, 10)",V7,B-,E,F,268.5,117.0
2149,G,C,3,F,"(0, 4, 7, 10)",V7,B-,E,F,268.625,117.0
2150,G,C,3,F,"(0, 4, 7, 10)",V7,B-,E,F,268.75,117.0
2151,G,C,3,F,"(0, 4, 7, 10)",V7,B-,E,F,268.875,117.0
2152,G,C,4,F,"(0, 4, 7, 10)",V7,B-,E,F,269.0,117.0
2153,G,C,4,F,"(0, 4, 7, 10)",V7,B-,E,F,269.125,117.0
2154,G,C,4,F,"(0, 4, 7, 10)",V7,B-,E,F,269.25,117.0
2155,G,C,4,F,"(0, 4, 7, 10)",V7,B-,E,F,269.375,117.0
2156,G,C,4,F,"(0, 4, 7, 10)",V7,B-,E,F,269.5,117.0
2157,G,C,4,F,"(0, 4, 7, 10)",V7,B-,E,F,269.625,117.0
2158,G,C,4,F,"(0, 4, 7, 10)",V7,B-,E,F,269.75,117.0
2159,G,C,4,F,"(0, 4, 7, 10)",V7,B-,E,F,269.875,117.0
2160,G,C,5,F,"(0, 4, 7, 10)",V7,B-,E,F,270.0,117.0
2161,G,C,5,F,"(0, 4, 7, 10)",V7,B-,E,F,270.125,117.0
2162,G,C,5,F,"(0, 4, 7, 10)",V7,B-,E,F,270.25,117.0
2163,G,C,5,F,"(0, 4, 7, 10)",V7,B-,E,F,270.375,117.0
2164,G,C,5,F,"(0, 4, 7, 10)",V7,B-,E,F,270.5,117.0
2165,G,C,5,F,"(0, 4, 7, 10)",V7,B-,E,F,270.625,117.0
2166,G,C,5,F,"(0, 4, 7, 10)",V7,B-,E,F,270.75,117.0
2167,G,C,5,F,"(0, 4, 7, 10)",V7,B-,E,F,270.875,117.0
2168,A,C,0,F,"(0, 5, 9)",I,F,F,F,271.0,118.0
2169,A,C,1,F,"(0, 5, 9)",I,F,F,F,271.125,118.0
2170,A,C,2,F,"(0, 5, 9)",I,F,F,F,271.25,118.0
2171,A,C,2,F,"(0, 5, 9)",I,F,F,F,271.375,118.0
2172,A,C,3,F,"(0, 5, 9)",I,F,F,F,271.5,118.0
2173,A,C,3,F,"(0, 5, 9)",I,F,F,F,271.625,118.0
2174,A,C,3,F,"(0, 5, 9)",I,F,F,F,271.75,118.0
2175,A,C,3,F,"(0, 5, 9)",I,F,F,F,271.875,118.0
2176,A,C,4,F,"(0, 5, 9)",I,F,F,F,272.0,118.0
2177,A,C,4,F,"(0, 5, 9)",I,F,F,F,272.125,118.0
2178,A,C,4,F,"(0, 5, 9)",I,F,F,F,272.25,118.0
2179,A,C,4,F,"(0, 5, 9)",I,F,F,F,272.375,118.0
2180,A,C,4,F,"(0, 5, 9)",I,F,F,F,272.5,118.0
2181,A,C,4,F,"(0, 5, 9)",I,F,F,F,272.625,118.0
2182,A,C,4,F,"(0, 5, 9)",I,F,F,F,272.75,118.0
2183,A,C,4,F,"(0, 5, 9)",I,F,F,F,272.875,118.0
2184,A,C,5,F,"(0, 5, 9)",I,F,F,F,273.0,118.0
2185,A,C,5,F,"(0, 5, 9)",I,F,F,F,273.125,118.0
2186,A,C,5,F,"(0, 5, 9)",I,F,F,F,273.25,118.0
2187,A,C,5,F,"(0, 5, 9)",I,F,F,F,273.375,118.0
2188,A,C,5,F,"(0, 5, 9)",I,F,F,F,273.5,118.0
2189,A,C,5,F,"(0, 5, 9)",I,F,F,F,273.625,118.0
2190,A,C,5,F,"(0, 5, 9)",I,F,F,F,273.75,118.0
2191,A,C,5,F,"(0, 5, 9)",I,F,F,F,273.875,118.0
2192,G,C,0,F,"(0, 4, 7, 10)",V7,B-,E,F,274.0,119.0
2193,G,C,1,F,"(0, 4, 7, 10)",V7,B-,E,F,274.125,119.0
2194,G,C,2,F,"(0, 4, 7, 10)",V7,B-,E,F,274.25,119.0
2195,G,C,2,F,"(0, 4, 7, 10)",V7,B-,E,F,274.375,119.0
2196,G,C,3,F,"(0, 4, 7, 10)",V7,B-,E,F,274.5,119.0
2197,G,C,3,F,"(0, 4, 7, 10)",V7,B-,E,F,274.625,119.0
2198,G,C,3,F,"(0, 4, 7, 10)",V7,B-,E,F,274.75,119.0
2199,G,C,3,F,"(0, 4, 7, 10)",V7,B-,E,F,274.875,119.0
2200,G,C,4,F,"(0, 4, 7, 10)",V7,B-,E,F,275.0,119.0
2201,G,C,4,F,"(0, 4, 7, 10)",V7,B-,E,F,275.125,119.0
2202,G,C,4,F,"(0, 4, 7, 10)",V7,B-,E,F,275.25,119.0
2203,G,C,4,F,"(0, 4, 7, 10)",V7,B-,E,F,275.375,119.0
2204,G,C,4,F,"(0, 4, 7, 10)",V7,B-,E,F,275.5,119.0
2205,G,C,4,F,"(0, 4, 7, 10)",V7,B-,E,F,275.625,119.0
2206,G,C,4,F,"(0, 4, 7, 10)",V7,B-,E,F,275.75,119.0
2207,G,C,4,F,"(0, 4, 7, 10)",V7,B-,E,F,275.875,119.0
2208,G,C,5,F,"(0, 4, 7, 10)",V7,B-,E,F,276.0,119.0
2209,G,C,5,F,"(0, 4, 7, 10)",V7,B-,E,F,276.125,119.0
2210,G,C,5,F,"(0, 4, 7, 10)",V7,B-,E,F,276.25,119.0
2211,G,C,5,F,"(0, 4, 7, 10)",V7,B-,E,F,276.375,119.0
2212,G,C,5,F,"(0, 4, 7, 10)",V7,B-,E,F,276.5,119.0
2213,G,C,5,F,"(0, 4, 7, 10)",V7,B-,E,F,276.625,119.0
2214,G,C,5,F,"(0, 4, 7, 10)",V7,B-,E,F,276.75,119.0
2215,G,C,5,F,"(0, 4, 7, 10)",V7,B-,E,F,276.875,119.0
2216,A,C,0,F,"(0, 5, 9)",I,F,F,F,277.0,120.0
2217,A,C,1,F,"(0, 5, 9)",I,F,F,F,277.125,120.0
2218,A,C,2,F,"(0, 5, 9)",I,F,F,F,277.25,120.0
2219,A,C,2,F,"(0, 5, 9)",I,F,F,F,277.375,120.0
2220,A,C,3,F,"(0, 5, 9)",I,F,F,F,277.5,120.0
2221,A,C,3,F,"(0, 5, 9)",I,F,F,F,277.625,120.0
2222,A,C,3,F,"(0, 5, 9)",I,F,F,F,277.75,120.0
2223,A,C,3,F,"(0, 5, 9)",I,F,F,F,277.875,120.0
2224,A,C,4,F,"(0, 5, 9)",I,F,F,F,278.0,120.0
2225,A,C,4,F,"(0, 5, 9)",I,F,F,F,278.125,120.0
2226,A,C,4,F,"(0, 5, 9)",I,F,F,F,278.25,120.0
2227,A,C,4,F,"(0, 5, 9)",I,F,F,F,278.375,120.0
2228,A,C,4,F,"(0, 5, 9)",I,F,F,F,278.5,120.0
2229,A,C,4,F,"(0, 5, 9)",I,F,F,F,278.625,120.0
2230,A,C,4,F,"(0, 5, 9)",I,F,F,F,278.75,120.0
2231,A,C,4,F,"(0, 5, 9)",I,F,F,F,278.875,120.0
2232,A,C,5,F,"(0, 5, 9)",I,F,F,F,279.0,120.0
2233,A,C,5,F,"(0, 5, 9)",I,F,F,F,279.125,120.0
2234,A,C,5,F,"(0, 5, 9)",I,F,F,F,279.25,120.0
2235,A,C,5,F,"(0, 5, 9)",I,F,F,F,279.375,120.0
2236,A,C,5,F,"(0, 5, 9)",I,F,F,F,279.5,120.0
2237,A,C,5,F,"(0, 5, 9)",I,F,F,F,279.625,120.0
2238,A,C,5,F,"(0, 5, 9)",I,F,F,F,279.75,120.0
2239,A,C,5,F,"(0, 5, 9)",I,F,F,F,279.875,120.0
2240,G,C,0,F,"(0, 4, 7, 10)",V7,B-,E,F,280.0,121.0
2241,G,C,1,F,"(0, 4, 7, 10)",V7,B-,E,F,280.125,121.0
2242,G,C,2,F,"(0, 4, 7, 10)",V7,B-,E,F,280.25,121.0
2243,G,C,2,F,"(0, 4, 7, 10)",V7,B-,E,F,280.375,121.0
2244,G,C,3,F,"(0, 4, 7, 10)",V7,B-,E,F,280.5,121.0
2245,G,C,3,F,"(0, 4, 7, 10)",V7,B-,E,F,280.625,121.0
2246,G,C,3,F,"(0, 4, 7, 10)",V7,B-,E,F,280.75,121.0
2247,G,C,3,F,"(0, 4, 7, 10)",V7,B-,E,F,280.875,121.0
2248,G,C,4,F,"(0, 4, 7, 10)",V7,B-,E,F,281.0,121.0
2249,G,C,4,F,"(0, 4, 7, 10)",V7,B-,E,F,281.125,121.0
2250,G,C,4,F,"(0, 4, 7, 10)",V7,B-,E,F,281.25,121.0
2251,G,C,4,F,"(0, 4, 7, 10)",V7,B-,E,F,281.375,121.0
2252,G,C,4,F,"(0, 4, 7, 10)",V7,B-,E,F,281.5,121.0
2253,G,C,4,F,"(0, 4, 7, 10)",V7,B-,E,F,281.625,121.0
2254,G,C,4,F,"(0, 4, 7, 10)",V7,B-,E,F,281.75,121.0
2255,G,C,4,F,"(0, 4, 7, 10)",V7,B-,E,F,281.875,121.0
2256,G,C,5,F,"(0, 4, 7, 10)",V7,B-,E,F,282.0,121.0
2257,G,C,5,F,"(0, 4, 7, 10)",V7,B-,E,F,282.125,121.0
2258,G,C,5,F,"(0, 4, 7, 10)",V7,B-,E,F,282.25,121.0
2259,G,C,5,F,"(0, 4, 7, 10)",V7,B-,E,F,282.375,121.0
2260,G,C,5,F,"(0, 4, 7, 10)",V7,B-,E,F,282.5,121.0
2261,G,C,5,F,"(0, 4, 7, 10)",V7,B-,E,F,282.625,121.0
2262,G,C,5,F,"(0, 4, 7, 10)",V7,B-,E,F,282.75,121.0
2263,G,C,5,F,"(0, 4, 7, 10)",V7,B-,E,F,282.875,121.0
2264,A,C,0,F,"(0, 5, 9)",I,F,F,F,283.0,122.0
2265,A,C,1,F,"(0, 5, 9)",I,F,F,F,283.125,122.0
2266,A,C,2,F,"(0, 5, 9)",I,F,F,F,283.25,122.0
2267,A,C,2,F,"(0, 5, 9)",I,F,F,F,283.375,122.0
2268,A,C,3,F,"(0, 5, 9)",I,F,F,F,283.5,122.0
2269,A,C,3,F,"(0, 5, 9)",I,F,F,F,283.625,122.0
2270,A,C,3,F,"(0, 5, 9)",I,F,F,F,283.75,122.0
2271,A,C,3,F,"(0, 5, 9)",I,F,F,F,283.875,122.0
2272,A,C,4,F,"(0, 5, 9)",I,F,F,F,284.0,122.0
2273,A,C,4,F,"(0, 5, 9)",I,F,F,F,284.125,122.0
2274,A,C,4,F,"(0, 5, 9)",I,F,F,F,284.25,122.0
2275,A,C,4,F,"(0, 5, 9)",I,F,F,F,284.375,122.0
2276,A,C,4,F,"(0, 5, 9)",I,F,F,F,284.5,122.0
2277,A,C,4,F,"(0, 5, 9)",I,F,F,F,284.625,122.0
2278,A,C,4,F,"(0, 5, 9)",I,F,F,F,284.75,122.0
2279,A,C,4,F,"(0, 5, 9)",I,F,F,F,284.875,122.0
2280,A,C,5,F,"(0, 5, 9)",I,F,F,F,285.0,122.0
2281,A,C,5,F,"(0, 5, 9)",I,F,F,F,285.125,122.0
2282,A,C,5,F,"(0, 5, 9)",I,F,F,F,285.25,122.0
2283,A,C,5,F,"(0, 5, 9)",I,F,F,F,285.375,122.0
2284,A,C,5,F,"(0, 5, 9)",I,F,F,F,285.5,122.0
2285,A,C,5,F,"(0, 5, 9)",I,F,F,F,285.625,122.0
2286,A,C,5,F,"(0, 5, 9)",I,F,F,F,285.75,122.0
2287,A,C,5,F,"(0, 5, 9)",I,F,F,F,285.875,122.0
2288,G,C,0,F,"(0, 4, 7, 10)",V7,B-,E,F,286.0,123.0
2289,G,C,1,F,"(0, 4, 7, 10)",V7,B-,E,F,286.125,123.0
2290,G,C,2,F,"(0, 4, 7, 10)",V7,B-,E,F,286.25,123.0
2291,G,C,2,F,"(0, 4, 7, 10)",V7,B-,E,F,286.375,123.0
2292,G,C,3,F,"(0, 4, 7, 10)",V7,B-,E,F,286.5,123.0
2293,G,C,3,F,"(0, 4, 7, 10)",V7,B-,E,F,286.625,123.0
2294,G,C,3,F,"(0, 4, 7, 10)",V7,B-,E,F,286.75,123.0
2295,G,C,3,F,"(0, 4, 7, 10)",V7,B-,E,F,286.875,123.0
2296,G,C,4,F,"(0, 4, 7, 10)",V7,B-,E,F,287.0,123.0
2297,G,C,4,F,"(0, 4, 7, 10)",V7,B-,E,F,287.125,123.0
2298,G,C,4,F,"(0, 4, 7, 10)",V7,B-,E,F,287.25,123.0
2299,G,C,4,F,"(0, 4, 7, 10)",V7,B-,E,F,287.375,123.0
2300,G,C,4,F,"(0, 4, 7, 10)",V7,B-,E,F,287.5,123.0
2301,G,C,4,F,"(0, 4, 7, 10)",V7,B-,E,F,287.625,123.0
2302,G,C,4,F,"(0, 4, 7, 10)",V7,B-,E,F,287.75,123.0
2303,G,C,4,F,"(0, 4, 7, 10)",V7,B-,E,F,287.875,123.0
2304,G,C,5,F,"(0, 4, 7, 10)",V7,B-,E,F,288.0,123.0
2305,G,C,5,F,"(0, 4, 7, 10)",V7,B-,E,F,288.125,123.0
2306,G,C,5,F,"(0, 4, 7, 10)",V7,B-,E,F,288.25,123.0
2307,G,C,5,F,"(0, 4, 7, 10)",V7,B-,E,F,288.375,123.0
2308,G,C,5,F,"(0, 4, 7, 10)",V7,B-,E,F,288.5,123.0
2309,G,C,5,F,"(0, 4, 7, 10)",V7,B-,E,F,288.625,123.0
2310,G,C,5,F,"(0, 4, 7, 10)",V7,B-,E,F,288.75,123.0
2311,G,C,5,F,"(0, 4, 7, 10)",V7,B-,E,F,288.875,123.0
2312,C,F,0,F,"(0, 5, 8)",i,F,A-,f,289.0,124.0
2313,C,F,1,F,"(0, 5, 8)",i,F,A-,f,289.125,124.0
2314,C,F,2,F,"(0, 5, 8)",i,F,A-,f,289.25,124.0
2315,C,F,2,F,"(0, 5, 8)",i,F,A-,f,289.375,124.0
2316,C,F,3,F,"(0, 5, 8)",i,F,A-,f,289.5,124.0
2317,C,F,3,F,"(0, 5, 8)",i,F,A-,f,289.625,124.0
2318,C,F,3,F,"(0, 5, 8)",i,F,A-,f,289.75,124.0
2319,C,F,3,F,"(0, 5, 8)",i,F,A-,f,289.875,124.0
2320,C,F,4,F,"(0, 5, 8)",i,F,A-,f,290.0,124.0
2321,C,F,4,F,"(0, 5, 8)",i,F,A-,f,290.125,124.0
2322,C,F,4,F,"(0, 5, 8)",i,F,A-,f,290.25,124.0
2323,C,F,4,F,"(0, 5, 8)",i,F,A-,f,290.375,124.0
2324,C,F,4,F,"(0, 5, 8)",i,F,A-,f,290.5,124.0
2325,C,F,4,F,"(0, 5, 8)",i,F,A-,f,290.625,124.0
2326,C,F,4,F,"(0, 5, 8)",i,F,A-,f,290.75,124.0
2327,C,F,4,F,"(0, 5, 8)",i,F,A-,f,290.875,124.0
2328,C,F,5,F,"(0, 5, 8)",i,F,A-,f,291.0,124.0
2329,C,F,5,F,"(0, 5, 8)",i,F,A-,f,291.125,124.0
2330,C,F,5,F,"(0, 5, 8)",i,F,A-,f,291.25,124.0
2331,C,F,5,F,"(0, 5, 8)",i,F,A-,f,291.375,124.0
2332,C,F,5,F,"(0, 5, 8)",i,F,A-,f,291.5,124.0
2333,C,F,5,F,"(0, 5, 8)",i,F,A-,f,291.625,124.0
2334,C,F,5,F,"(0, 5, 8)",i,F,A-,f,291.75,124.0
2335,C,F,5,F,"(0, 5, 8)",i,F,A-,f,291.875,124.0
2336,A-,C#,0,F,"(1, 5, 8)",V,D-,F,f,292.0,125.0
2337,A-,D-,1,F,"(1, 5, 8)",V,D-,F,f,292.125,125.0
2338,A-,D-,2,F,"(1, 5, 8)",V,D-,F,f,292.25,125.0
2339,A-,D-,2,F,"(1, 5, 8)",V,D-,F,f,292.375,125.0
2340,A-,D-,3,F,"(1, 5, 8)",V,D-,F,f,292.5,125.0
2341,A-,D-,3,F,"(1, 5, 8)",V,D-,F,f,292.625,125.0
2342,A-,D-,3,F,"(1, 5, 8)",V,D-,F,f,292.75,125.0
2343,A-,D-,3,F,"(1, 5, 8)",V,D-,F,f,292.875,125.0
2344,A-,D-,4,F,"(1, 5, 8)",V,D-,F,f,293.0,125.0
2345,A-,D-,4,F,"(1, 5, 8)",V,D-,F,f,293.125,125.0
2346,A-,D-,4,F,"(1, 5, 8)",V,D-,F,f,293.25,125.0
2347,A-,D-,4,F,"(1, 5, 8)",V,D-,F,f,293.375,125.0
2348,A-,D-,4,F,"(1, 5, 8)",V,D-,F,f,293.5,125.0
2349,A-,D-,4,F,"(1, 5, 8)",V,D-,F,f,293.625,125.0
2350,A-,D-,4,F,"(1, 5, 8)",V,D-,F,f,293.75,125.0
2351,A-,D-,4,F,"(1, 5, 8)",V,D-,F,f,293.875,125.0
2352,A-,D-,5,F,"(1, 5, 8)",i,D-,F,f,294.0,125.0
2353,A-,D-,5,F,"(1, 5, 8)",i,D-,F,f,294.125,125.0
2354,A-,D-,5,F,"(1, 5, 8)",i,D-,F,f,294.25,125.0
2355,A-,D-,5,F,"(1, 5, 8)",i,D-,F,f,294.375,125.0
2356,A-,D-,5,F,"(1, 5, 8)",i,D-,F,f,294.5,125.0
2357,A-,D-,5,F,"(1, 5, 8)",i,D-,F,f,294.625,125.0
2358,A-,D-,5,F,"(1, 5, 8)",i,D-,F,f,294.75,125.0
2359,A-,C#,5,F,"(1, 5, 8)",i,D-,F,f,294.875,125.0
2360,F,B-,0,F,"(1, 5, 10)",i,B-,D-,f,295.0,126.0
2361,F,B-,1,F,"(1, 5, 10)",i,B-,D-,f,295.125,126.0
2362,F,B-,2,F,"(1, 5, 10)",i,B-,D-,f,295.25,126.0
2363,F,B-,2,F,"(1, 5, 10)",i,B-,D-,f,295.375,126.0
2364,F,B-,3,F,"(1, 5, 10)",i,B-,D-,f,295.5,126.0
2365,F,B-,3,F,"(1, 5, 10)",i,B-,D-,f,295.625,126.0
2366,F,B-,3,F,"(1, 5, 10)",i,B-,D-,f,295.75,126.0
2367,F,B-,3,F,"(1, 5, 10)",i,B-,D-,f,295.875,126.0
2368,F,B-,4,F,"(1, 5, 10)",i,B-,D-,f,296.0,126.0
2369,F,B-,4,F,"(1, 5, 10)",i,B-,D-,f,296.125,126.0
2370,F,B-,4,F,"(1, 5, 10)",i,B-,D-,f,296.25,126.0
2371,F,B-,4,F,"(1, 5, 10)",i,B-,D-,f,296.375,126.0
2372,F,B-,4,F,"(1, 5, 10)",i,B-,D-,f,296.5,126.0
2373,F,B-,4,F,"(1, 5, 10)",i,B-,D-,f,296.625,126.0
2374,F,B-,4,F,"(1, 5, 10)",i,B-,D-,f,296.75,126.0
2375,F,B-,4,F,"(1, 5, 10)",i,B-,D-,f,296.875,126.0
2376,F,B-,5,F,"(1, 5, 10)",i,B-,D-,f,297.0,126.0
2377,F,B-,5,F,"(1, 5, 10)",i,B-,D-,f,297.125,126.0
2378,F,B-,5,F,"(1, 5, 10)",i,B-,D-,f,297.25,126.0
2379,F,B-,5,F,"(1, 5, 10)",i,B-,D-,f,297.375,126.0
2380,F,B-,5,F,"(1, 5, 10)",i,B-,D-,f,297.5,126.0
2381,F,B-,5,F,"(1, 5, 10)",i,B-,D-,f,297.625,126.0
2382,F,B-,5,F,"(1, 5, 10)",i,B-,D-,f,297.75,126.0
2383,F,B-,5,F,"(1, 5, 10)",i,B-,D-,f,297.875,126.0
2384,D-,F#,0,F,"(1, 6, 10)",I,G-,B-,b-,298.0,127.0
2385,D-,F#,1,F,"(1, 6, 10)",I,G-,B-,b-,298.125,127.0
2386,D-,F#,2,F,"(1, 6, 10)",I,G-,B-,b-,298.25,127.0
2387,D-,F#,2,F,"(1, 6, 10)",I,G-,B-,b-,298.375,127.0
2388,D-,F#,3,F,"(1, 6, 10)",I,G-,B-,G-,298.5,127.0
2389,D-,F#,3,F,"(1, 6, 10)",I,G-,B-,G-,298.625,127.0
2390,D-,F#,3,F,"(1, 6, 10)",I,G-,B-,G-,298.75,127.0
2391,D-,F#,3,F,"(1, 6, 10)",I,G-,B-,G-,298.875,127.0
2392,D-,G-,4,F,"(1, 6, 10)",I,G-,B-,G-,299.0,127.0
2393,D-,G-,4,F,"(1, 6, 10)",I,G-,B-,G-,299.125,127.0
2394,D-,G-,4,F,"(1, 6, 10)",I,G-,B-,G-,299.25,127.0
2395,D-,G-,4,F,"(1, 6, 10)",I,G-,B-,G-,299.375,127.0
2396,D-,F#,4,F,"(1, 6, 10)",I,G-,B-,G-,299.5,127.0
2397,D-,F#,4,F,"(1, 6, 10)",I,G-,B-,G-,299.625,127.0
2398,D-,F#,4,F,"(1, 6, 10)",I,G-,B-,G-,299.75,127.0
2399,D-,F#,4,F,"(1, 6, 10)",I,G-,B-,G-,299.875,127.0
2400,C#,F#,0,D,"(1, 6, 10)",I,F#,A#,b,300.0,127.0
2401,C#,F#,1,D,"(1, 6, 10)",I,F#,A#,b,300.125,127.0
2402,C#,F#,2,D,"(1, 6, 10)",I,F#,A#,b,300.25,127.0
2403,C#,F#,2,D,"(1, 6, 10)",I,F#,A#,b,300.375,127.0
2404,C#,F#,5,D,"(1, 6, 10)",I,F#,A#,b,300.5,127.0
2405,C#,F#,5,D,"(1, 6, 10)",I,F#,A#,b,300.625,127.0
2406,C#,F#,5,D,"(1, 6, 10)",I,F#,A#,b,300.75,127.0
2407,C#,F#,5,D,"(1, 6, 10)",I,F#,A#,b,300.875,127.0
2408,F#,B,0,D,"(2, 6, 11)",ii,B,D,D,301.0,128.0
2409,F#,B,1,D,"(2, 6, 11)",ii,B,D,D,301.125,128.0
2410,F#,B,2,D,"(2, 6, 11)",ii,B,D,D,301.25,128.0
2411,F#,B,2,D,"(2, 6, 11)",ii,B,D,D,301.375,128.0
2412,F#,B,3,D,"(2, 6, 11)",ii,B,D,D,301.5,128.0
2413,F#,B,3,D,"(2, 6, 11)",ii,B,D,D,301.625,128.0
2414,F#,B,3,D,"(2, 6, 11)",ii,B,D,D,301.75,128.0
2415,F#,B,3,D,"(2, 6, 11)",ii,B,D,D,301.875,128.0
2416,F#,B,4,D,"(2, 6, 11)",ii,B,D,D,302.0,128.0
2417,F#,B,4,D,"(2, 6, 11)",ii,B,D,D,302.125,128.0
2418,F#,B,4,D,"(2, 6, 11)",ii,B,D,D,302.25,128.0
2419,F#,B,4,D,"(2, 6, 11)",ii,B,D,D,302.375,128.0
2420,F#,B,4,D,"(2, 6, 11)",ii,B,D,D,302.5,128.0
2421,F#,B,4,D,"(2, 6, 11)",ii,B,D,D,302.625,128.0
2422,F#,B,4,D,"(2, 6, 11)",ii,B,D,D,302.75,128.0
2423,F#,B,4,D,"(2, 6, 11)",ii,B,D,D,302.875,128.0
2424,F#,B,5,D,"(2, 6, 11)",ii,B,D,D,303.0,128.0
2425,F#,B,5,D,"(2, 6, 11)",ii,B,D,D,303.125,128.0
2426,F#,B,5,D,"(2, 6, 11)",ii,B,D,D,303.25,128.0
2427,F#,B,5,D,"(2, 6, 11)",ii,B,D,D,303.375,128.0
2428,F#,B,5,D,"(2, 6, 11)",ii,B,D,D,303.5,128.0
2429,F#,B,5,D,"(2, 6, 11)",ii,B,D,D,303.625,128.0
2430,F#,B,5,D,"(2, 6, 11)",ii,B,D,D,303.75,128.0
2431,F#,B,5,D,"(2, 6, 11)",ii,B,D,D,303.875,128.0
2432,E,A,0,D,"(1, 4, 9)",V,A,C#,D,304.0,129.0
2433,E,A,1,D,"(1, 4, 9)",V,A,C#,D,304.125,129.0
2434,E,A,2,D,"(1, 4, 9)",V,A,C#,D,304.25,129.0
2435,E,A,2,D,"(1, 4, 9)",V,A,C#,D,304.375,129.0
2436,E,A,3,D,"(1, 4, 9)",V,A,C#,D,304.5,129.0
2437,E,A,3,D,"(1, 4, 9)",V,A,C#,D,304.625,129.0
2438,E,A,3,D,"(1, 4, 9)",V,A,C#,D,304.75,129.0
2439,E,A,3,D,"(1, 4, 9)",V,A,C#,D,304.875,129.0
2440,E,A,4,D,"(1, 4, 9)",V,A,C#,D,305.0,129.0
2441,E,A,4,D,"(1, 4, 9)",V,A,C#,D,305.125,129.0
2442,E,A,4,D,"(1, 4, 9)",V,A,C#,D,305.25,129.0
2443,E,A,4,D,"(1, 4, 9)",V,A,C#,D,305.375,129.0
2444,E,A,4,D,"(1, 4, 9)",V,A,C#,D,305.5,129.0
2445,E,A,4,D,"(1, 4, 9)",V,A,C#,D,305.625,129.0
2446,E,A,4,D,"(1, 4, 9)",V,A,C#,D,305.75,129.0
2447,E,A,4,D,"(1, 4, 9)",V,A,C#,D,305.875,129.0
2448,E,A,5,D,"(1, 4, 9)",V,A,C#,D,306.0,129.0
2449,E,A,5,D,"(1, 4, 9)",V,A,C#,D,306.125,129.0
2450,E,A,5,D,"(1, 4, 9)",V,A,C#,D,306.25,129.0
2451,E,A,5,D,"(1, 4, 9)",V,A,C#,D,306.375,129.0
2452,E,A,5,D,"(1, 4, 9)",V,A,C#,D,306.5,129.0
2453,E,A,5,D,"(1, 4, 9)",V,A,C#,D,306.625,129.0
2454,E,A,5,D,"(1, 4, 9)",V,A,C#,D,306.75,129.0
2455,E,A,5,D,"(1, 4, 9)",V,A,C#,D,306.875,129.0
2456,E,A,0,D,"(1, 4, 7, 9)",V7,G,C#,D,307.0,130.0
2457,E,A,1,D,"(1, 4, 7, 9)",V7,G,C#,D,307.125,130.0
2458,E,A,2,D,"(1, 4, 7, 9)",V7,G,C#,D,307.25,130.0
2459,E,A,2,D,"(1, 4, 7, 9)",V7,G,C#,D,307.375,130.0
2460,E,A,3,D,"(1, 4, 7, 9)",V7,G,C#,D,307.5,130.0
2461,E,A,3,D,"(1, 4, 7, 9)",V7,G,C#,D,307.625,130.0
2462,E,A,3,D,"(1, 4, 7, 9)",V7,G,C#,D,307.75,130.0
2463,E,A,3,D,"(1, 4, 7, 9)",V7,G,C#,D,307.875,130.0
2464,E,A,4,D,"(1, 4, 7, 9)",V7,G,C#,D,308.0,130.0
2465,E,A,4,D,"(1, 4, 7, 9)",V7,A,C#,D,308.125,130.0
2466,E,A,4,D,"(1, 4, 7, 9)",V7,G,C#,D,308.25,130.0
2467,E,A,4,D,"(1, 4, 7, 9)",V7,G,C#,D,308.375,130.0
2468,E,A,4,D,"(1, 4, 7, 9)",V7,A,C#,D,308.5,130.0
2469,E,A,4,D,"(1, 4, 7, 9)",V7,A,C#,D,308.625,130.0
2470,E,A,4,D,"(1, 4, 7, 9)",V7,A,C#,D,308.75,130.0
2471,E,A,4,D,"(1, 4, 7, 9)",V7,A,C#,D,308.875,130.0
2472,E,A,5,D,"(1, 4, 7, 9)",V,A,C#,D,309.0,130.0
2473,E,A,5,D,"(1, 4, 7, 9)",V,A,C#,D,309.125,130.0
2474,E,A,5,D,"(1, 4, 7, 9)",V,A,C#,D,309.25,130.0
2475,E,A,5,D,"(1, 4, 7, 9)",V,A,C#,D,309.375,130.0
2476,E,A,5,D,"(1, 4, 7, 9)",V7,G,C#,D,309.5,130.0
2477,E,A,5,D,"(1, 4, 7, 9)",V7,G,C#,D,309.625,130.0
2478,E,A,5,D,"(1, 4, 7, 9)",V7,G,C#,D,309.75,130.0
2479,E,A,5,D,"(1, 4, 7, 9)",V7,G,C#,D,309.875,130.0
2480,E,A,0,D,"(1, 4, 7, 9)",V7,G,C#,D,310.0,131.0
2481,E,A,1,D,"(1, 4, 7, 9)",V7,G,C#,D,310.125,131.0
2482,E,A,2,D,"(1, 4, 7, 9)",V7,G,C#,D,310.25,131.0
2483,E,A,2,D,"(1, 4, 7, 9)",V7,G,C#,D,310.375,131.0
2484,E,A,3,D,"(1, 4, 7, 9)",V7,G,C#,D,310.5,131.0
2485,E,A,3,D,"(1, 4, 7, 9)",V7,G,C#,D,310.625,131.0
2486,E,A,3,D,"(1, 4, 7, 9)",V7,G,C#,D,310.75,131.0
2487,E,A,3,D,"(1, 4, 7, 9)",V7,G,C#,D,310.875,131.0
2488,E,A,4,D,"(1, 4, 7, 9)",V7,G,C#,D,311.0,131.0
2489,E,A,4,D,"(1, 4, 7, 9)",V7,G,C#,D,311.125,131.0
2490,E,A,4,D,"(1, 4, 7, 9)",V7,G,C#,D,311.25,131.0
2491,E,A,4,D,"(1, 4, 7, 9)",V7,G,C#,D,311.375,131.0
2492,E,A,4,D,"(1, 4, 7, 9)",I,G,C#,D,311.5,131.0
2493,E,A,4,D,"(1, 4, 7, 9)",I,G,C#,D,311.625,131.0
2494,E,A,4,D,"(1, 4, 7, 9)",I,G,C#,D,311.75,131.0
2495,E,A,4,D,"(1, 4, 7, 9)",I,G,C#,D,311.875,131.0
2496,E,A,5,D,"(1, 4, 7, 9)",I,G,C#,D,312.0,131.0
2497,E,A,5,D,"(1, 4, 7, 9)",I,G,C#,D,312.125,131.0
2498,E,A,5,D,"(1, 4, 7, 9)",I,G,C#,D,312.25,131.0
2499,E,A,5,D,"(1, 4, 7, 9)",I,G,C#,D,312.375,131.0
2500,E,A,5,D,"(2, 6, 9)",I,G,C#,D,312.5,131.0
2501,E,A,5,D,"(2, 6, 9)",I,G,C#,D,312.625,131.0
2502,E,A,5,D,"(2, 6, 9)",I,G,C#,D,312.75,131.0
2503,E,A,5,D,"(2, 6, 9)",I,G,C#,D,312.875,131.0
2504,E,A,0,D,"(1, 4, 9)",V,G,C#,D,313.0,132.0
2505,E,A,1,D,"(1, 4, 9)",V,G,C#,D,313.125,132.0
2506,E,A,2,D,"(1, 4, 9)",V,G,C#,D,313.25,132.0
2507,E,A,2,D,"(1, 4, 9)",V,G,C#,D,313.375,132.0
2508,E,A,3,D,"(1, 4, 7, 9)",V,G,C#,D,313.5,132.0
2509,E,A,3,D,"(1, 4, 7, 9)",V,G,C#,D,313.625,132.0
2510,E,A,3,D,"(1, 4, 7, 9)",V,G,C#,D,313.75,132.0
2511,E,A,3,D,"(1, 4, 7, 9)",V,G,C#,D,313.875,132.0
2512,E,A,4,D,"(1, 4, 7, 9)",V7,G,C#,D,314.0,132.0
2513,E,A,4,D,"(1, 4, 7, 9)",V7,G,C#,D,314.125,132.0
2514,E,A,4,D,"(1, 4, 7, 9)",V7,G,C#,D,314.25,132.0
2515,E,A,4,D,"(1, 4, 7, 9)",V7,G,C#,D,314.375,132.0
2516,E,A,4,D,"(2, 6, 9)",I,D,C#,D,314.5,132.0
2517,E,A,4,D,"(2, 6, 9)",I,D,C#,D,314.625,132.0
2518,E,A,4,D,"(2, 6, 9)",I,D,C#,D,314.75,132.0
2519,E,A,4,D,"(2, 6, 9)",I,D,C#,D,314.875,132.0
2520,E,A,5,D,"(1, 4, 9)",I,A,C#,D,315.0,132.0
2521,E,A,5,D,"(1, 4, 9)",I,A,C#,D,315.125,132.0
2522,E,A,5,D,"(1, 4, 9)",I,A,C#,D,315.25,132.0
2523,E,A,5,D,"(1, 4, 9)",I,A,C#,D,315.375,132.0
2524,E,A,5,D,"(2, 6, 9)",I,D,C#,D,315.5,132.0
2525,E,A,5,D,"(2, 6, 9)",I,D,C#,D,315.625,132.0
2526,E,A,5,D,"(2, 6, 9)",I,D,C#,D,315.75,132.0
2527,E,A,5,D,"(2, 6, 9)",I,D,C#,D,315.875,132.0
2528,E,A,0,D,"(1, 4, 9)",V,A,C#,D,316.0,133.0
2529,E,A,1,D,"(1, 4, 9)",V,A,C#,D,316.125,133.0
2530,E,A,2,D,"(1, 4, 9)",V,A,C#,D,316.25,133.0
2531,E,A,2,D,"(1, 4, 9)",V,A,C#,D,316.375,133.0
2532,E,A,3,D,"(1, 4, 7, 9)",V,G,C#,D,316.5,133.0
2533,E,A,3,D,"(1, 4, 7, 9)",V,G,C#,D,316.625,133.0
2534,E,A,3,D,"(1, 4, 7, 9)",V,G,C#,D,316.75,133.0
2535,E,A,3,D,"(1, 4, 7, 9)",V,G,C#,D,316.875,133.0
2536,E,A,4,D,"(1, 4, 7, 9)",V7,G,C#,D,317.0,133.0
2537,E,A,4,D,"(1, 4, 7, 9)",V7,G,C#,D,317.125,133.0
2538,E,A,4,D,"(1, 4, 7, 9)",V7,G,C#,D,317.25,133.0
2539,E,A,4,D,"(1, 4, 7, 9)",V7,G,C#,D,317.375,133.0
2540,A,D,0,D,"(2, 6, 9)",I,D,F#,D,317.5,133.0
2541,A,D,1,D,"(2, 6, 9)",I,D,F#,D,317.625,133.0
2542,A,D,2,D,"(2, 6, 9)",I,D,F#,D,317.75,133.0
2543,A,D,2,D,"(2, 6, 9)",I,D,F#,D,317.875,133.0
2544,A,D,3,D,"(2, 6, 9)",I,D,F#,D,318.0,133.0
2545,A,D,3,D,"(2, 6, 9)",I,D,F#,D,318.125,133.0
2546,A,D,3,D,"(2, 6, 9)",I,D,F#,D,318.25,133.0
2547,A,D,3,D,"(2, 6, 9)",I,D,F#,D,318.375,133.0
2548,A,D,4,D,"(2, 6, 9)",I,D,F#,D,318.5,133.0
2549,A,D,4,D,"(2, 6, 9)",I,D,F#,D,318.625,133.0
2550,A,D,4,D,"(2, 6, 9)",I,D,F#,D,318.75,133.0
2551,A,D,4,D,"(2, 6, 9)",I,D,F#,D,318.875,133.0
2552,A,D,0,D,"(2, 6, 9)",I,D,F#,D,319.0,134.0
2553,A,D,1,D,"(2, 6, 9)",I,D,F#,D,319.125,134.0
2554,A,D,2,D,"(2, 6, 9)",I,D,F#,D,319.25,134.0
2555,A,D,2,D,"(2, 6, 9)",I,D,F#,D,319.375,134.0
2556,A,D,3,D,"(2, 6, 9)",I,D,F#,D,319.5,134.0
2557,A,D,3,D,"(2, 6, 9)",I,D,F#,D,319.625,134.0
2558,A,D,3,D,"(2, 6, 9)",I,D,F#,D,319.75,134.0
2559,A,D,3,D,"(2, 6, 9)",I,D,F#,D,319.875,134.0
2560,A,D,4,D,"(2, 6, 9)",I,D,F#,D,320.0,134.0
2561,A,D,4,D,"(2, 6, 9)",I,D,F#,D,320.125,134.0
2562,A,D,4,D,"(2, 6, 9)",I,D,F#,D,320.25,134.0
2563,A,D,4,D,"(2, 6, 9)",I,D,F#,D,320.375,134.0
2564,A,D,4,D,"(2, 6, 9)",I,D,F#,D,320.5,134.0
2565,A,D,4,D,"(2, 6, 9)",I,D,F#,D,320.625,134.0
2566,A,D,4,D,"(2, 6, 9)",I,D,F#,D,320.75,134.0
2567,A,D,4,D,"(2, 6, 9)",I,D,F#,D,320.875,134.0
2568,A,D,5,D,"(2, 6, 9)",I,D,F#,D,321.0,134.0
2569,A,D,5,D,"(2, 6, 9)",I,D,F#,D,321.125,134.0
2570,A,D,5,D,"(2, 6, 9)",I,D,F#,D,321.25,134.0
2571,A,D,5,D,"(2, 6, 9)",I,D,F#,D,321.375,134.0
2572,A,D,5,D,"(2, 6, 9)",V7,D,F#,D,321.5,134.0
2573,A,D,5,D,"(2, 6, 9)",V7,D,F#,D,321.625,134.0
2574,A,D,5,D,"(2, 6, 9)",V7,D,F#,D,321.75,134.0
2575,A,D,5,D,"(2, 6, 9)",V7,D,F#,D,321.875,134.0
2576,A,D,0,D,"(2, 6, 9)",I,D,F#,D,322.0,135.0
2577,A,D,1,D,"(2, 6, 9)",I,D,F#,D,322.125,135.0
2578,A,D,2,D,"(2, 6, 9)",I,D,F#,D,322.25,135.0
2579,A,D,2,D,"(2, 6, 9)",I,D,F#,D,322.375,135.0
2580,A,D,3,D,"(2, 6, 9)",I,D,F#,D,322.5,135.0
2581,A,D,3,D,"(2, 6, 9)",I,D,F#,D,322.625,135.0
2582,A,D,3,D,"(2, 6, 9)",I,D,F#,D,322.75,135.0
2583,A,D,3,D,"(2, 6, 9)",I,D,F#,D,322.875,135.0
2584,A,D,4,D,"(2, 6, 9)",I,D,F#,D,323.0,135.0
2585,A,D,4,D,"(2, 6, 9)",I,D,F#,D,323.125,135.0
2586,A,D,4,D,"(2, 6, 9)",I,D,F#,D,323.25,135.0
2587,A,D,4,D,"(2, 6, 9)",I,D,F#,D,323.375,135.0
2588,A,D,4,D,"(2, 6, 9)",I,D,F#,D,323.5,135.0
2589,A,D,4,D,"(2, 6, 9)",I,D,F#,D,323.625,135.0
2590,A,D,4,D,"(2, 6, 9)",I,D,F#,D,323.75,135.0
2591,A,D,4,D,"(2, 6, 9)",I,D,F#,D,323.875,135.0
2592,A,D,5,D,"(2, 6, 9)",I,D,F#,D,324.0,135.0
2593,A,D,5,D,"(2, 6, 9)",I,D,F#,D,324.125,135.0
2594,A,D,5,D,"(2, 6, 9)",I,D,F#,D,324.25,135.0
2595,A,D,5,D,"(2, 6, 9)",I,D,F#,D,324.375,135.0
2596,A,D,5,D,"(2, 6, 9)",I,D,F#,D,324.5,135.0
2597,A,D,5,D,"(2, 6, 9)",I,D,F#,D,324.625,135.0
2598,A,D,5,D,"(2, 6, 9)",I,D,F#,D,324.75,135.0
2599,A,D,5,D,"(2, 6, 9)",I,D,F#,D,324.875,135.0
2600,B,D,0,D,"(2, 4, 7, 11)",ii7,C#,G,D,325.0,136.0
2601,B,D,1,D,"(2, 4, 7, 11)",ii7,C#,G,D,325.125,136.0
2602,B,D,2,D,"(2, 4, 7, 11)",ii7,C#,G,D,325.25,136.0
2603,B,D,2,D,"(2, 4, 7, 11)",ii7,C#,G,D,325.375,136.0
2604,B,D,3,D,"(2, 4, 7, 11)",ii7,G,G,D,325.5,136.0
2605,B,D,3,D,"(2, 4, 7, 11)",ii7,G,G,D,325.625,136.0
2606,B,D,3,D,"(2, 4, 7, 11)",ii7,G,G,D,325.75,136.0
2607,B,D,3,D,"(2, 4, 7, 11)",ii7,G,G,D,325.875,136.0
2608,A,D,4,D,"(1, 4, 7, 9)",V7,G,G,D,326.0,136.0
2609,A,D,4,D,"(1, 4, 7, 9)",V7,G,G,D,326.125,136.0
2610,A,D,4,D,"(1, 4, 7, 9)",V7,G,G,D,326.25,136.0
2611,A,D,4,D,"(1, 4, 7, 9)",V7,G,G,D,326.375,136.0
2612,B,D,0,D,"(2, 7, 11)",IV,G,G,D,326.5,136.0
2613,B,D,4,D,"(2, 7, 11)",IV,G,G,D,326.625,136.0
2614,B,D,4,D,"(2, 7, 11)",IV,G,G,D,326.75,136.0
2615,B,D,4,D,"(2, 7, 11)",IV,G,G,D,326.875,136.0
2616,A,D,0,D,"(2, 6, 9)",IV,G,F#,D,327.0,136.0
2617,B,D,1,D,"(2, 6, 9)",IV,G,F#,D,327.125,136.0
2618,B,D,5,D,"(2, 4, 7, 11)",IV,G,F#,D,327.25,136.0
2619,B,D,5,D,"(2, 4, 7, 11)",IV,G,F#,D,327.375,136.0
2620,B,D,0,D,"(2, 4, 7, 11)",IV,G,G,D,327.5,136.0
2621,B,D,1,D,"(2, 4, 7, 11)",IV,G,G,D,327.625,136.0
2622,B,D,2,D,"(2, 4, 7, 11)",IV,G,G,D,327.75,136.0
2623,B,D,2,D,"(2, 4, 7, 11)",IV,G,G,D,327.875,136.0
2624,A,D,0,D,"(2, 6, 9)",I,D,F#,D,328.0,137.0
2625,A,D,1,D,"(2, 6, 9)",I,D,F#,D,328.125,137.0
2626,A,D,2,D,"(2, 6, 9)",I,D,F#,D,328.25,137.0
2627,A,D,2,D,"(2, 6, 9)",I,D,F#,D,328.375,137.0
2628,A,D,3,D,"(2, 6, 9)",I,D,F#,D,328.5,137.0
2629,A,D,3,D,"(2, 6, 9)",I,D,F#,D,328.625,137.0
2630,A,D,3,D,"(2, 6, 9)",I,D,F#,D,328.75,137.0
2631,A,D,3,D,"(2, 6, 9)",I,D,F#,D,328.875,137.0
2632,A,D,4,D,"(2, 6, 9)",I,D,F#,D,329.0,137.0
2633,A,D,4,D,"(2, 6, 9)",I,D,F#,D,329.125,137.0
2634,A,D,4,D,"(2, 6, 9)",I,D,F#,D,329.25,137.0
2635,A,D,4,D,"(2, 6, 9)",I,D,F#,D,329.375,137.0
2636,A,D,4,D,"(2, 6, 9)",I,D,F#,D,329.5,137.0
2637,A,D,4,D,"(2, 6, 9)",I,D,F#,D,329.625,137.0
2638,A,D,4,D,"(2, 6, 9)",I,D,F#,D,329.75,137.0
2639,A,D,4,D,"(2, 6, 9)",I,D,F#,D,329.875,137.0
2640,A,D,5,D,"(2, 6, 9)",I,D,F#,D,330.0,137.0
2641,A,D,5,D,"(2, 6, 9)",I,D,F#,D,330.125,137.0
2642,A,D,5,D,"(2, 6, 9)",I,D,F#,D,330.25,137.0
2643,A,D,5,D,"(2, 6, 9)",I,D,F#,D,330.375,137.0
2644,A,D,5,D,"(2, 6, 9)",I,D,F#,D,330.5,137.0
2645,A,D,5,D,"(2, 6, 9)",I,D,F#,D,330.625,137.0
2646,A,D,5,D,"(2, 6, 9)",I,D,F#,D,330.75,137.0
2647,A,D,5,D,"(2, 6, 9)",I,D,F#,D,330.875,137.0
2648,A,D,0,D,"(2, 6, 9)",I,D,F#,D,331.0,138.0
2649,A,D,1,D,"(2, 6, 9)",I,D,F#,D,331.125,138.0
2650,A,D,2,D,"(2, 6, 9)",I,D,F#,D,331.25,138.0
2651,A,D,2,D,"(2, 6, 9)",I,D,F#,D,331.375,138.0
2652,A,D,3,D,"(2, 6, 9)",I,D,F#,D,331.5,138.0
2653,A,D,3,D,"(2, 6, 9)",I,D,F#,D,331.625,138.0
2654,A,D,3,D,"(2, 6, 9)",I,D,F#,D,331.75,138.0
2655,A,D,3,D,"(2, 6, 9)",I,D,F#,D,331.875,138.0
2656,A,D,4,D,"(2, 6, 9)",I,D,F#,D,332.0,138.0
2657,A,D,4,D,"(2, 6, 9)",I,D,F#,D,332.125,138.0
2658,A,D,4,D,"(2, 6, 9)",I,D,F#,D,332.25,138.0
2659,A,D,4,D,"(2, 6, 9)",I,D,F#,D,332.375,138.0
2660,A,D,4,D,"(2, 6, 9)",I,D,F#,D,332.5,138.0
2661,A,D,4,D,"(2, 6, 9)",I,D,F#,D,332.625,138.0
2662,A,D,4,D,"(2, 6, 9)",I,D,F#,D,332.75,138.0
2663,A,D,4,D,"(2, 6, 9)",I,D,F#,D,332.875,138.0
2664,A,D,5,D,"(2, 6, 9)",I,D,F#,D,333.0,138.0
2665,A,D,5,D,"(2, 6, 9)",I,D,F#,D,333.125,138.0
2666,A,D,5,D,"(2, 6, 9)",I,D,F#,D,333.25,138.0
2667,A,D,5,D,"(2, 6, 9)",I,D,F#,D,333.375,138.0
2668,A,D,5,D,"(2, 6, 9)",I,D,F#,D,333.5,138.0
2669,A,D,5,D,"(2, 6, 9)",I,D,F#,D,333.625,138.0
2670,A,D,5,D,"(2, 6, 9)",I,D,F#,D,333.75,138.0
2671,A,D,5,D,"(2, 6, 9)",I,D,F#,D,333.875,138.0
2672,A,D,0,D,"(2, 6, 9)",I,D,F#,D,334.0,139.0
2673,A,D,1,D,"(2, 6, 9)",I,D,F#,D,334.125,139.0
2674,A,D,2,D,"(2, 6, 9)",I,D,F#,D,334.25,139.0
2675,A,D,2,D,"(2, 6, 9)",I,D,F#,D,334.375,139.0
2676,A,D,3,D,"(2, 6, 9)",I,D,F#,D,334.5,139.0
2677,A,D,3,D,"(2, 6, 9)",I,D,F#,D,334.625,139.0
2678,A,D,3,D,"(2, 6, 9)",I,D,F#,D,334.75,139.0
2679,A,D,3,D,"(2, 6, 9)",I,D,F#,D,334.875,139.0
2680,A,D,4,D,"(2, 6, 9)",I,D,F#,D,335.0,139.0
2681,A,D,4,D,"(2, 6, 9)",I,D,F#,D,335.125,139.0
2682,A,D,4,D,"(2, 6, 9)",I,D,F#,D,335.25,139.0
2683,A,D,4,D,"(2, 6, 9)",I,D,F#,D,335.375,139.0
2684,A,D,4,D,"(2, 6, 9)",I,D,F#,D,335.5,139.0
2685,A,D,4,D,"(2, 6, 9)",I,D,F#,D,335.625,139.0
2686,A,D,4,D,"(2, 6, 9)",I,D,F#,D,335.75,139.0
2687,A,D,4,D,"(2, 6, 9)",I,D,F#,D,335.875,139.0
2688,A,D,5,D,"(2, 6, 9)",I,D,F#,D,336.0,139.0
2689,A,D,5,D,"(2, 6, 9)",I,D,F#,D,336.125,139.0
2690,A,D,5,D,"(2, 6, 9)",I,D,F#,D,336.25,139.0
2691,A,D,5,D,"(2, 6, 9)",I,D,F#,D,336.375,139.0
2692,A,D,5,D,"(2, 6, 9)",I,D,F#,D,336.5,139.0
2693,A,D,5,D,"(2, 6, 9)",I,D,F#,D,336.625,139.0
2694,A,D,5,D,"(2, 6, 9)",I,D,F#,D,336.75,139.0
2695,A,D,5,D,"(2, 6, 9)",I,D,F#,D,336.875,139.0
2696,A,D,0,D,"(2, 6, 9)",V,D,F#,D,337.0,140.0
2697,A,D,1,D,"(1, 4, 9)",V,D,F#,D,337.125,140.0
2698,A,D,2,D,"(1, 4, 9)",V,D,F#,D,337.25,140.0
2699,A,D,2,D,"(1, 4, 9)",V,D,F#,D,337.375,140.0
2700,A,D,3,D,"(1, 4, 9)",V,D,F#,D,337.5,140.0
2701,A,D,3,D,"(1, 4, 9)",V,D,F#,D,337.625,140.0
2702,A,D,3,D,"(1, 4, 9)",V,D,F#,D,337.75,140.0
2703,A,D,3,D,"(1, 4, 9)",V,D,F#,D,337.875,140.0
2704,A,C#,4,D,"(1, 4, 9)",V,D,F#,D,338.0,140.0
2705,A,C#,4,D,"(1, 4, 9)",V,D,C#,D,338.125,140.0
2706,A,C#,4,D,"(1, 4, 9)",V,D,F#,D,338.25,140.0
2707,A,C#,4,D,"(1, 4, 9)",V,D,F#,D,338.375,140.0
2708,B,E,4,D,"(1, 5, 8, 11)",V7,D,G#,D,338.5,140.0
2709,B,C#,4,D,"(1, 5, 8, 11)",V7,D,G#,D,338.625,140.0
2710,B,E#,4,D,"(1, 5, 8, 11)",V7,D,G#,D,338.75,140.0
2711,B,E#,4,D,"(1, 5, 8, 11)",V7,D,G#,D,338.875,140.0
2712,C#,F#,0,D,"(1, 4, 6, 10)",V7,E,A#,b,339.0,140.0
2713,C#,F#,1,D,"(1, 4, 6, 10)",V7,E,A#,b,339.125,140.0
2714,C#,F#,2,D,"(1, 4, 6, 10)",V7,E,A#,b,339.25,140.0
2715,C#,F#,2,D,"(1, 4, 6, 10)",V7,E,A#,b,339.375,140.0
2716,C#,F#,3,D,"(1, 4, 6, 10)",V7,E,A#,b,339.5,140.0
2717,C#,F#,3,D,"(1, 4, 6, 10)",V7,E,A#,b,339.625,140.0
2718,C#,F#,3,D,"(1, 4, 6, 10)",V7,E,A#,b,339.75,140.0
2719,C#,F#,3,D,"(1, 4, 6, 10)",V7,E,A#,b,339.875,140.0
2720,F#,B,0,D,"(2, 6, 11)",vi,B,D,D,340.0,141.0
2721,F#,B,1,D,"(2, 6, 11)",vi,B,D,D,340.125,141.0
2722,F#,B,2,D,"(2, 6, 11)",vi,B,D,D,340.25,141.0
2723,F#,B,2,D,"(2, 6, 11)",vi,B,D,D,340.375,141.0
2724,F#,B,3,D,"(2, 6, 11)",vi,B,D,D,340.5,141.0
2725,F#,B,3,D,"(2, 6, 11)",vi,B,D,D,340.625,141.0
2726,F#,B,3,D,"(2, 6, 11)",vi,B,D,D,340.75,141.0
2727,F#,B,3,D,"(2, 6, 11)",vi,B,D,D,340.875,141.0
2728,F#,B,4,D,"(2, 6, 11)",vi,B,D,D,341.0,141.0
2729,F#,B,4,D,"(2, 6, 11)",vi,B,D,D,341.125,141.0
2730,F#,B,2,D,"(2, 6, 11)",vi,B,D,D,341.25,141.0
2731,F#,B,4,D,"(2, 6, 11)",vi,B,D,D,341.375,141.0
2732,F#,B,4,D,"(2, 6, 11)",vi,B,D,D,341.5,141.0
2733,F#,B,4,D,"(2, 6, 11)",vi,B,D,D,341.625,141.0
2734,F#,B,4,D,"(2, 6, 11)",vi,B,D,D,341.75,141.0
2735,F#,B,4,D,"(2, 6, 11)",vi,B,D,D,341.875,141.0
2736,F#,B,5,D,"(2, 6, 11)",vi,B,D,D,342.0,141.0
2737,F#,B,5,D,"(2, 6, 11)",vi,B,D,D,342.125,141.0
2738,F#,B,5,D,"(2, 6, 11)",vi,B,D,D,342.25,141.0
2739,F#,B,5,D,"(2, 6, 11)",vi,B,D,D,342.375,141.0
2740,F#,B,5,D,"(2, 6, 11)",iii,B,D,D,342.5,141.0
2741,F#,B,5,D,"(2, 6, 11)",iii,B,D,D,342.625,141.0
2742,F#,B,5,D,"(2, 6, 11)",iii,B,D,D,342.75,141.0
2743,F#,B,5,D,"(2, 6, 11)",iii,B,D,D,342.875,141.0
2744,F#,B,0,D,"(2, 6, 11)",vi,B,D,D,343.0,142.0
2745,F#,B,1,D,"(2, 6, 11)",vi,B,D,D,343.125,142.0
2746,F#,B,2,D,"(2, 6, 11)",vi,B,D,D,343.25,142.0
2747,F#,B,2,D,"(2, 6, 11)",vi,B,D,D,343.375,142.0
2748,F#,B,3,D,"(2, 6, 11)",vi,B,D,D,343.5,142.0
2749,F#,B,3,D,"(2, 6, 11)",vi,B,D,D,343.625,142.0
2750,F#,B,3,D,"(2, 6, 11)",vi,B,D,D,343.75,142.0
2751,F#,B,3,D,"(2, 6, 11)",vi,B,D,D,343.875,142.0
2752,F#,B,4,D,"(2, 6, 11)",vi,B,D,D,344.0,142.0
2753,F#,B,4,D,"(2, 6, 11)",vi,B,D,D,344.125,142.0
2754,F#,B,4,D,"(2, 6, 11)",vi,B,D,D,344.25,142.0
2755,F#,B,4,D,"(2, 6, 11)",vi,B,D,D,344.375,142.0
2756,F#,B,4,D,"(2, 6, 11)",vi,B,D,D,344.5,142.0
2757,F#,B,4,D,"(2, 6, 11)",vi,B,D,D,344.625,142.0
2758,F#,B,4,D,"(2, 6, 11)",vi,B,D,D,344.75,142.0
2759,F#,B,4,D,"(2, 6, 11)",vi,B,D,D,344.875,142.0
2760,E,A,0,D,"(1, 4, 9)",V,A,C#,D,345.0,142.0
2761,E,A,1,D,"(1, 4, 9)",V,A,C#,D,345.125,142.0
2762,E,A,2,D,"(1, 4, 9)",V,A,C#,D,345.25,142.0
2763,E,A,2,D,"(1, 4, 9)",V,A,C#,D,345.375,142.0
2764,E,A,3,D,"(1, 4, 7, 9)",V7,A,C#,D,345.5,142.0
2765,E,A,3,D,"(1, 4, 7, 9)",V7,A,C#,D,345.625,142.0
2766,E,A,3,D,"(1, 4, 7, 9)",V7,A,C#,D,345.75,142.0
2767,E,A,3,D,"(1, 4, 7, 9)",V7,A,C#,D,345.875,142.0
2768,E,A,0,D,"(1, 4, 7, 9)",V7,G,C#,D,346.0,143.0
2769,E,A,1,D,"(1, 4, 7, 9)",V7,G,C#,D,346.125,143.0
2770,E,A,2,D,"(1, 4, 7, 9)",V7,G,C#,D,346.25,143.0
2771,E,A,2,D,"(1, 4, 7, 9)",V7,G,C#,D,346.375,143.0
2772,E,A,3,D,"(1, 4, 7, 9)",V7,G,C#,D,346.5,143.0
2773,E,A,3,D,"(1, 4, 7, 9)",V7,G,C#,D,346.625,143.0
2774,E,A,3,D,"(1, 4, 7, 9)",V7,G,C#,D,346.75,143.0
2775,E,A,3,D,"(1, 4, 7, 9)",V7,G,C#,D,346.875,143.0
2776,E,A,4,D,"(1, 4, 7, 9)",V7,G,C#,D,347.0,143.0
2777,E,A,4,D,"(1, 4, 7, 9)",V7,G,C#,D,347.125,143.0
2778,E,A,4,D,"(1, 4, 7, 9)",V7,G,C#,D,347.25,143.0
2779,E,A,4,D,"(1, 4, 7, 9)",V7,G,C#,D,347.375,143.0
2780,E,A,4,D,"(1, 4, 7, 9)",V7,G,C#,D,347.5,143.0
2781,E,A,4,D,"(1, 4, 7, 9)",V7,G,C#,D,347.625,143.0
2782,E,A,4,D,"(1, 4, 7, 9)",V7,G,C#,D,347.75,143.0
2783,E,A,4,D,"(1, 4, 7, 9)",V7,G,C#,D,347.875,143.0
2784,E,A,5,D,"(1, 4, 7, 9)",V7,G,C#,D,348.0,143.0
2785,E,A,5,D,"(1, 4, 7, 9)",V7,G,C#,D,348.125,143.0
2786,E,A,5,D,"(1, 4, 7, 9)",V7,G,C#,D,348.25,143.0
2787,E,A,5,D,"(1, 4, 7, 9)",V7,G,C#,D,348.375,143.0
2788,E,A,5,D,"(1, 4, 7, 9)",V7,G,C#,D,348.5,143.0
2789,E,A,5,D,"(1, 4, 7, 9)",V7,G,C#,D,348.625,143.0
2790,E,A,5,D,"(1, 4, 7, 9)",V7,G,C#,D,348.75,143.0
2791,E,A,5,D,"(1, 4, 7, 9)",V7,G,C#,D,348.875,143.0
2792,E,A,0,D,"(1, 4, 7, 9)",V7,G,C#,D,349.0,144.0
2793,E,A,1,D,"(1, 4, 7, 9)",V7,G,C#,D,349.125,144.0
2794,E,A,2,D,"(1, 4, 7, 9)",V7,G,C#,D,349.25,144.0
2795,E,A,2,D,"(1, 4, 7, 9)",V7,G,C#,D,349.375,144.0
2796,E,A,3,D,"(1, 4, 7, 9)",V7,G,C#,D,349.5,144.0
2797,E,A,3,D,"(1, 4, 7, 9)",V7,G,C#,D,349.625,144.0
2798,E,A,3,D,"(1, 4, 7, 9)",V7,G,C#,D,349.75,144.0
2799,E,A,3,D,"(1, 4, 7, 9)",V7,G,C#,D,349.875,144.0
2800,E,A,4,D,"(1, 4, 7, 9)",V7,G,C#,D,350.0,144.0
2801,E,A,4,D,"(1, 4, 7, 9)",V7,G,C#,D,350.125,144.0
2802,E,A,4,D,"(1, 4, 7, 9)",V7,G,C#,D,350.25,144.0
2803,E,A,4,D,"(1, 4, 7, 9)",V7,G,C#,D,350.375,144.0
2804,E,A,4,D,"(1, 4, 7, 9)",V7,G,C#,D,350.5,144.0
2805,E,A,4,D,"(1, 4, 7, 9)",V7,G,C#,D,350.625,144.0
2806,E,A,4,D,"(1, 4, 7, 9)",V7,G,C#,D,350.75,144.0
2807,E,A,4,D,"(1, 4, 7, 9)",V7,G,C#,D,350.875,144.0
2808,E,A,5,D,"(1, 4, 7, 9)",V7,G,C#,D,351.0,144.0
2809,E,A,5,D,"(1, 4, 7, 9)",V7,G,C#,D,351.125,144.0
2810,E,A,5,D,"(1, 4, 7, 9)",V7,G,C#,D,351.25,144.0
2811,E,A,5,D,"(1, 4, 7, 9)",V7,G,C#,D,351.375,144.0
2812,E,A,5,D,"(1, 4, 7, 9)",V7,G,C#,D,351.5,144.0
2813,E,A,5,D,"(1, 4, 7, 9)",V7,G,C#,D,351.625,144.0
2814,E,A,5,D,"(1, 4, 7, 9)",V7,G,C#,D,351.75,144.0
2815,E,A,5,D,"(1, 4, 7, 9)",V7,G,C#,D,351.875,144.0
2816,A,D,0,D,"(2, 6, 9)",I,D,F#,D,352.0,145.0
2817,A,D,1,D,"(2, 6, 9)",I,D,F#,D,352.125,145.0
2818,A,D,2,D,"(2, 6, 9)",I,D,F#,D,352.25,145.0
2819,A,D,2,D,"(2, 6, 9)",I,D,F#,D,352.375,145.0
2820,A,D,3,D,"(2, 6, 9)",I,D,F#,D,352.5,145.0
2821,A,D,3,D,"(2, 6, 9)",I,D,F#,D,352.625,145.0
2822,A,D,3,D,"(2, 6, 9)",I,D,F#,D,352.75,145.0
2823,A,D,3,D,"(2, 6, 9)",I,D,F#,D,352.875,145.0
2824,A,D,4,D,"(2, 6, 9)",I,D,F#,D,353.0,145.0
2825,A,D,4,D,"(2, 6, 9)",I,D,F#,D,353.125,145.0
2826,A,D,4,D,"(2, 6, 9)",I,D,F#,D,353.25,145.0
2827,A,D,4,D,"(2, 6, 9)",I,D,F#,D,353.375,145.0
2828,A,D,4,D,"(2, 6, 9)",I,D,F#,D,353.5,145.0
2829,A,D,4,D,"(2, 6, 9)",I,D,F#,D,353.625,145.0
2830,A,D,4,D,"(2, 6, 9)",I,D,F#,D,353.75,145.0
2831,A,D,4,D,"(2, 6, 9)",I,D,F#,D,353.875,145.0
2832,A,D,5,D,"(2, 6, 9)",I,D,F#,D,354.0,145.0
2833,A,D,5,D,"(2, 6, 9)",I,D,F#,D,354.125,145.0
2834,A,D,5,D,"(2, 6, 9)",I,D,F#,D,354.25,145.0
2835,A,D,5,D,"(2, 6, 9)",I,D,F#,D,354.375,145.0
2836,A,D,5,D,"(2, 6, 9)",I,D,F#,D,354.5,145.0
2837,A,D,5,D,"(2, 6, 9)",I,D,F#,D,354.625,145.0
2838,A,D,5,D,"(2, 6, 9)",I,D,F#,D,354.75,145.0
2839,A,D,5,D,"(2, 6, 9)",I,D,F#,D,354.875,145.0
2840,A,D,0,D,"(2, 6, 9)",I,D,F#,D,355.0,146.0
2841,A,D,1,D,"(2, 6, 9)",I,D,F#,D,355.125,146.0
2842,A,D,2,D,"(2, 6, 9)",I,D,F#,D,355.25,146.0
2843,A,D,2,D,"(2, 6, 9)",I,D,F#,D,355.375,146.0
2844,A,D,3,D,"(2, 6, 9)",I,D,F#,D,355.5,146.0
2845,A,D,3,D,"(2, 6, 9)",I,D,F#,D,355.625,146.0
2846,A,D,3,D,"(2, 6, 9)",I,D,F#,D,355.75,146.0
2847,A,D,3,D,"(2, 6, 9)",I,D,F#,D,355.875,146.0
2848,A,D,4,D,"(2, 6, 9)",I,D,F#,D,356.0,146.0
2849,A,D,4,D,"(2, 6, 9)",I,D,F#,D,356.125,146.0
2850,A,D,4,D,"(2, 6, 9)",I,D,F#,D,356.25,146.0
2851,A,D,4,D,"(2, 6, 9)",I,D,F#,D,356.375,146.0
2852,A,D,4,D,"(2, 6, 9)",I,D,F#,D,356.5,146.0
2853,A,D,4,D,"(2, 6, 9)",I,D,F#,D,356.625,146.0
2854,A,D,4,D,"(2, 6, 9)",I,D,F#,D,356.75,146.0
2855,A,D,4,D,"(2, 6, 9)",I,D,F#,D,356.875,146.0
2856,A,D,5,D,"(2, 6, 9)",I,D,F#,D,357.0,146.0
2857,A,D,5,D,"(2, 6, 9)",I,D,F#,D,357.125,146.0
2858,A,D,5,D,"(2, 6, 9)",I,D,F#,D,357.25,146.0
2859,A,D,5,D,"(2, 6, 9)",I,D,F#,D,357.375,146.0
2860,A,D,5,D,"(2, 6, 9)",I,D,F#,D,357.5,146.0
2861,A,D,5,D,"(2, 6, 9)",I,D,F#,D,357.625,146.0
2862,A,D,5,D,"(2, 6, 9)",I,D,F#,D,357.75,146.0
2863,A,D,5,D,"(2, 6, 9)",I,D,F#,D,357.875,146.0
2864,A,D,0,D,"(2, 6, 9)",I,D,F#,D,358.0,147.0
2865,A,D,1,D,"(2, 6, 9)",I,D,F#,D,358.125,147.0
2866,A,D,2,D,"(2, 6, 9)",I,D,F#,D,358.25,147.0
2867,A,D,2,D,"(2, 6, 9)",I,D,F#,D,358.375,147.0
2868,A,D,3,D,"(2, 6, 9)",I,D,F#,D,358.5,147.0
2869,A,D,3,D,"(2, 6, 9)",I,D,F#,D,358.625,147.0
2870,A,D,3,D,"(2, 6, 9)",I,D,F#,D,358.75,147.0
2871,A,D,3,D,"(2, 6, 9)",I,D,F#,D,358.875,147.0
2872,A,D,4,D,"(2, 6, 9)",I,D,F#,D,359.0,147.0
2873,A,D,4,D,"(2, 6, 9)",I,D,F#,D,359.125,147.0
2874,A,D,4,D,"(2, 6, 9)",I,D,F#,D,359.25,147.0
2875,A,D,4,D,"(2, 6, 9)",I,D,F#,D,359.375,147.0
2876,A,D,4,D,"(2, 6, 9)",I,D,F#,D,359.5,147.0
2877,A,D,4,D,"(2, 6, 9)",I,D,F#,D,359.625,147.0
2878,A,D,4,D,"(2, 6, 9)",I,D,F#,D,359.75,147.0
2879,A,D,4,D,"(2, 6, 9)",I,D,F#,D,359.875,147.0
2880,A,D,5,D,"(2, 6, 9)",I,D,F#,D,360.0,147.0
2881,A,D,5,D,"(2, 6, 9)",I,D,F#,D,360.125,147.0
2882,A,D,5,D,"(2, 6, 9)",I,D,F#,D,360.25,147.0
2883,A,D,5,D,"(2, 6, 9)",I,D,F#,D,360.375,147.0
2884,A,D,5,D,"(2, 6, 9)",I,D,F#,D,360.5,147.0
2885,A,D,5,D,"(2, 6, 9)",I,D,F#,D,360.625,147.0
2886,A,D,5,D,"(2, 6, 9)",I,D,F#,D,360.75,147.0
2887,A,D,5,D,"(2, 6, 9)",I,D,F#,D,360.875,147.0
2888,D,E,0,D,"(2, 6, 9)",I,D,D,D,361.0,148.0
2889,D,E,1,D,"(2, 6, 9)",V7,D,A,D,361.125,148.0
2890,D,E,2,D,"(2, 6, 9)",V7,D,A,D,361.25,148.0
2891,D,E,2,D,"(2, 6, 9)",V7,D,A,D,361.375,148.0
2892,D,E,3,D,"(2, 6, 9)",V7,D,A,D,361.5,148.0
2893,D,E,3,D,"(2, 6, 9)",V7,D,A,D,361.625,148.0
2894,D,E,3,D,"(2, 6, 9)",V7,D,A,D,361.75,148.0
2895,D,E,3,D,"(2, 6, 9)",V7,D,A,D,361.875,148.0
2896,D,G,4,D,"(1, 4, 7, 9)",V7,E,B,D,362.0,148.0
2897,D,G,4,D,"(1, 4, 7, 9)",V7,E,B,D,362.125,148.0
2898,D,G,4,D,"(1, 4, 7, 9)",V7,E,B,D,362.25,148.0
2899,D,G,4,D,"(1, 4, 7, 9)",V7,E,B,D,362.375,148.0
2900,E,G#,4,D,"(1, 4, 9)",V7,E,B,D,362.5,148.0
2901,E,G#,4,D,"(2, 4, 8, 11)",V,E,B,D,362.625,148.0
2902,E,G#,4,D,"(2, 4, 8, 11)",V,E,B,D,362.75,148.0
2903,E,G#,4,D,"(2, 4, 8, 11)",V,E,B,D,362.875,148.0
2904,E,A,0,D,"(1, 4, 9)",V,A,C#,D,363.0,148.0
2905,E,A,1,D,"(1, 4, 9)",V,A,C#,D,363.125,148.0
2906,E,A,2,D,"(1, 4, 9)",V,A,C#,D,363.25,148.0
2907,E,A,5,D,"(1, 4, 9)",V,A,C#,D,363.375,148.0
2908,E,A,3,D,"(1, 4, 9)",V,A,C#,D,363.5,148.0
2909,E,A,3,D,"(1, 4, 9)",V,A,C#,D,363.625,148.0
2910,E,A,3,D,"(1, 4, 9)",V,A,C#,D,363.75,148.0
2911,E,A,3,D,"(1, 4, 9)",V,A,C#,D,363.875,148.0
2912,A,D,0,D,"(2, 6, 9)",I,D,F#,D,364.0,149.0
2913,A,D,1,D,"(2, 6, 9)",I,D,F#,D,364.125,149.0
2914,A,D,2,D,"(2, 6, 9)",I,D,F#,D,364.25,149.0
2915,A,D,2,D,"(2, 6, 9)",I,D,F#,D,364.375,149.0
2916,A,D,3,D,"(2, 6, 9)",I,D,F#,D,364.5,149.0
2917,A,D,3,D,"(2, 6, 9)",I,D,F#,D,364.625,149.0
2918,A,D,3,D,"(2, 6, 9)",I,D,F#,D,364.75,149.0
2919,A,D,3,D,"(2, 6, 9)",I,D,F#,D,364.875,149.0
2920,A,D,4,D,"(2, 6, 9)",I,D,F#,D,365.0,149.0
2921,A,D,4,D,"(2, 6, 9)",I,D,F#,D,365.125,149.0
2922,A,D,4,D,"(2, 6, 9)",I,D,F#,D,365.25,149.0
2923,A,D,4,D,"(2, 6, 9)",I,D,F#,D,365.375,149.0
2924,A,D,4,D,"(2, 6, 9)",I,D,F#,D,365.5,149.0
2925,A,D,4,D,"(2, 6, 9)",I,D,F#,D,365.625,149.0
2926,A,D,4,D,"(2, 6, 9)",I,D,F#,D,365.75,149.0
2927,A,D,4,D,"(2, 6, 9)",I,D,F#,D,365.875,149.0
2928,A,D,5,D,"(2, 6, 9)",I,D,F#,D,366.0,149.0
2929,A,D,5,D,"(2, 6, 9)",I,D,F#,D,366.125,149.0
2930,A,D,5,D,"(2, 6, 9)",I,D,F#,D,366.25,149.0
2931,A,D,5,D,"(2, 6, 9)",I,D,F#,D,366.375,149.0
2932,A,D,5,D,"(2, 6, 9)",I,D,F#,D,366.5,149.0
2933,A,D,5,D,"(2, 6, 9)",I,D,F#,D,366.625,149.0
2934,A,D,5,D,"(2, 6, 9)",I,D,F#,D,366.75,149.0
2935,A,D,5,D,"(2, 6, 9)",I,D,F#,D,366.875,149.0
2936,E,E,0,D,"(4, 7, 11)",IV,E,G,D,367.0,150.0
2937,E,E,1,D,"(4, 7, 11)",ii,E,G,D,367.125,150.0
2938,E,E,2,D,"(4, 7, 11)",ii,E,G,D,367.25,150.0
2939,E,E,2,D,"(4, 7, 11)",ii,E,G,D,367.375,150.0
2940,E,E,3,D,"(4, 7, 11)",ii,E,G,D,367.5,150.0
2941,E,E,3,D,"(4, 7, 11)",ii,E,G,D,367.625,150.0
2942,E,E,3,D,"(4, 7, 11)",ii,E,G,D,367.75,150.0
2943,E,E,3,D,"(4, 7, 11)",ii,E,G,D,367.875,150.0
2944,E,G,4,D,"(1, 4, 7, 9)",V7,E,G,D,368.0,150.0
2945,E,G,4,D,"(1, 4, 7, 9)",V7,E,C#,D,368.125,150.0
2946,E,G,4,D,"(1, 4, 7, 9)",V7,E,C#,D,368.25,150.0
2947,E,G,4,D,"(1, 4, 7, 9)",V7,E,C#,D,368.375,150.0
2948,D,G#,0,D,"(2, 4, 8, 11)",viio,E,B,D,368.5,150.0
2949,D,G#,1,D,"(2, 4, 8, 11)",viio,E,B,D,368.625,150.0
2950,D,G#,2,D,"(2, 4, 8, 11)",viio,E,B,D,368.75,150.0
2951,D,G#,2,D,"(2, 4, 8, 11)",viio,E,B,D,368.875,150.0
2952,E,A,0,D,"(1, 4, 7, 9)",V7,G,C#,D,369.0,150.0
2953,E,A,1,D,"(1, 4, 7, 9)",V7,G,C#,D,369.125,150.0
2954,E,A,2,D,"(1, 4, 7, 9)",V7,G,C#,D,369.25,150.0
2955,E,A,2,D,"(1, 4, 7, 9)",V7,G,C#,D,369.375,150.0
2956,E,A,3,D,"(1, 4, 7, 9)",V7,G,C#,D,369.5,150.0
2957,E,A,3,D,"(1, 4, 7, 9)",V7,G,C#,D,369.625,150.0
2958,E,A,3,D,"(1, 4, 7, 9)",V7,G,C#,D,369.75,150.0
2959,E,A,3,D,"(1, 4, 7, 9)",V7,G,C#,D,369.875,150.0
2960,A,D,0,D,"(2, 6, 9)",I,D,F#,D,370.0,151.0
2961,A,D,1,D,"(2, 6, 9)",I,D,F#,D,370.125,151.0
2962,A,D,2,D,"(2, 6, 9)",I,D,F#,D,370.25,151.0
2963,A,D,2,D,"(2, 6, 9)",I,D,F#,D,370.375,151.0
2964,A,D,3,D,"(2, 6, 9)",I,D,F#,D,370.5,151.0
2965,A,D,3,D,"(2, 6, 9)",I,D,F#,D,370.625,151.0
2966,A,D,3,D,"(2, 6, 9)",I,D,F#,D,370.75,151.0
2967,A,D,3,D,"(2, 6, 9)",I,D,F#,D,370.875,151.0
2968,A,D,4,D,"(2, 6, 9)",I,D,F#,D,371.0,151.0
2969,A,D,4,D,"(2, 6, 9)",I,D,F#,D,371.125,151.0
2970,A,D,4,D,"(2, 6, 9)",I,D,F#,D,371.25,151.0
2971,A,D,4,D,"(2, 6, 9)",I,D,F#,D,371.375,151.0
2972,A,D,4,D,"(2, 6, 9)",I,D,F#,D,371.5,151.0
2973,A,D,4,D,"(2, 6, 9)",I,D,F#,D,371.625,151.0
2974,A,D,4,D,"(2, 6, 9)",I,D,F#,D,371.75,151.0
2975,A,D,4,D,"(2, 6, 9)",I,D,F#,D,371.875,151.0
2976,A,D,5,D,"(2, 6, 9)",I,D,F#,D,372.0,151.0
2977,A,D,5,D,"(2, 6, 9)",I,D,F#,D,372.125,151.0
2978,A,D,5,D,"(2, 6, 9)",I,D,F#,D,372.25,151.0
2979,A,D,5,D,"(2, 6, 9)",I,D,F#,D,372.375,151.0
2980,A,D,5,D,"(2, 6, 9)",I,D,F#,D,372.5,151.0
2981,A,D,5,D,"(2, 6, 9)",I,D,F#,D,372.625,151.0
2982,A,D,5,D,"(2, 6, 9)",I,D,F#,D,372.75,151.0
2983,A,D,5,D,"(2, 6, 9)",I,D,F#,D,372.875,151.0
2984,A,D,0,D,"(2, 6, 9)",I,D,F#,D,373.0,152.0
2985,A,D,1,D,"(2, 6, 9)",I,D,F#,D,373.125,152.0
2986,A,D,2,D,"(2, 6, 9)",I,D,F#,D,373.25,152.0
2987,A,D,2,D,"(2, 6, 9)",I,D,F#,D,373.375,152.0
2988,A,D,3,D,"(2, 6, 9)",I,D,F#,D,373.5,152.0
2989,A,D,3,D,"(2, 6, 9)",I,D,F#,D,373.625,152.0
2990,A,D,3,D,"(2, 6, 9)",I,D,F#,D,373.75,152.0
2991,A,D,3,D,"(2, 6, 9)",I,D,F#,D,373.875,152.0
2992,A,D,4,D,"(2, 6, 9)",I,D,F#,D,374.0,152.0
2993,A,D,4,D,"(2, 6, 9)",I,D,F#,D,374.125,152.0
2994,A,D,4,D,"(2, 6, 9)",I,D,F#,D,374.25,152.0
2995,A,D,4,D,"(2, 6, 9)",I,D,F#,D,374.375,152.0
2996,A,D,4,D,"(2, 6, 9)",I,D,F#,D,374.5,152.0
2997,A,D,4,D,"(2, 6, 9)",I,D,F#,D,374.625,152.0
2998,A,D,4,D,"(2, 6, 9)",I,D,F#,D,374.75,152.0
2999,A,D,4,D,"(2, 6, 9)",I,D,F#,D,374.875,152.0
3000,A,D,5,D,"(2, 6, 9)",I,D,F#,D,375.0,152.0
3001,A,D,5,D,"(2, 6, 9)",I,D,F#,D,375.125,152.0
3002,A,D,5,D,"(2, 6, 9)",I,D,F#,D,375.25,152.0
3003,A,D,5,D,"(2, 6, 9)",I,D,F#,D,375.375,152.0
3004,A,D,5,D,"(2, 6, 9)",I,D,F#,D,375.5,152.0
3005,A,D,5,D,"(2, 6, 9)",I,D,F#,D,375.625,152.0
3006,A,D,5,D,"(2, 6, 9)",I,D,F#,D,375.75,152.0
3007,A,D,5,D,"(2, 6, 9)",I,D,F#,D,375.875,152.0
3008,A,D,0,D,"(2, 6, 9)",I,D,F#,D,376.0,153.0
3009,A,D,1,D,"(2, 6, 9)",I,D,F#,D,376.125,153.0
3010,A,D,2,D,"(2, 6, 9)",I,D,F#,D,376.25,153.0
3011,A,D,2,D,"(2, 6, 9)",I,D,F#,D,376.375,153.0
3012,A,D,3,D,"(2, 6, 9)",I,D,F#,D,376.5,153.0
3013,A,D,3,D,"(2, 6, 9)",I,D,F#,D,376.625,153.0
3014,A,D,3,D,"(2, 6, 9)",I,D,F#,D,376.75,153.0
3015,A,D,3,D,"(2, 6, 9)",I,D,F#,D,376.875,153.0
3016,A,D,4,D,"(2, 6, 9)",I,D,F#,D,377.0,153.0
3017,A,D,4,D,"(2, 6, 9)",I,D,F#,D,377.125,153.0
3018,A,D,4,D,"(2, 6, 9)",I,D,F#,D,377.25,153.0
3019,A,D,4,D,"(2, 6, 9)",I,D,F#,D,377.375,153.0
3020,A,D,4,D,"(2, 6, 9)",I,D,F#,D,377.5,153.0
3021,A,D,4,D,"(2, 6, 9)",I,D,F#,D,377.625,153.0
3022,A,D,4,D,"(2, 6, 9)",I,D,F#,D,377.75,153.0
3023,A,D,4,D,"(2, 6, 9)",I,D,F#,D,377.875,153.0
3024,A,D,5,D,"(2, 6, 9)",I,D,F#,D,378.0,153.0
3025,A,D,5,D,"(2, 6, 9)",I,D,F#,D,378.125,153.0
3026,A,D,5,D,"(2, 6, 9)",I,D,F#,D,378.25,153.0
3027,A,D,5,D,"(2, 6, 9)",I,D,F#,D,378.375,153.0
3028,A,D,5,D,"(2, 6, 9)",I,D,F#,D,378.5,153.0
3029,A,D,5,D,"(2, 6, 9)",I,D,F#,D,378.625,153.0
3030,A,D,5,D,"(2, 6, 9)",I,D,F#,D,378.75,153.0
3031,A,D,5,D,"(2, 6, 9)",I,D,F#,D,378.875,153.0
3032,A,D,0,D,"(2, 6, 9)",I,D,F#,D,379.0,154.0
3033,A,D,1,D,"(2, 6, 9)",I,D,F#,D,379.125,154.0
3034,A,D,2,D,"(2, 6, 9)",I,D,F#,D,379.25,154.0
3035,A,D,2,D,"(2, 6, 9)",I,D,F#,D,379.375,154.0
3036,A,D,3,D,"(2, 6, 9)",I,D,F#,D,379.5,154.0
3037,A,D,3,D,"(2, 6, 9)",I,D,F#,D,379.625,154.0
3038,A,D,3,D,"(2, 6, 9)",I,D,F#,D,379.75,154.0
3039,A,D,3,D,"(2, 6, 9)",I,D,F#,D,379.875,154.0
3040,A,D,4,D,"(2, 6, 9)",I,D,F#,D,380.0,154.0
3041,A,D,4,D,"(2, 6, 9)",I,D,F#,D,380.125,154.0
3042,A,D,4,D,"(2, 6, 9)",I,D,F#,D,380.25,154.0
3043,A,D,4,D,"(2, 6, 9)",I,D,F#,D,380.375,154.0
3044,A,D,4,D,"(2, 6, 9)",I,D,F#,D,380.5,154.0
3045,A,D,4,D,"(2, 6, 9)",I,D,F#,D,380.625,154.0
3046,A,D,4,D,"(2, 6, 9)",I,D,F#,D,380.75,154.0
3047,A,D,4,D,"(2, 6, 9)",I,D,F#,D,380.875,154.0
3048,A,D,0,D,"(2, 6, 9)",I,D,F#,D,381.0,155.0
3049,A,D,1,D,"(2, 6, 9)",I,D,F#,D,381.125,155.0
3050,A,D,2,D,"(2, 6, 9)",I,D,F#,D,381.25,155.0
3051,A,D,2,D,"(2, 6, 9)",I,D,F#,D,381.375,155.0
3052,A,D,3,D,"(2, 6, 9)",I,D,F#,D,381.5,155.0
3053,A,D,3,D,"(2, 6, 9)",I,D,F#,D,381.625,155.0
3054,A,D,3,D,"(2, 6, 9)",I,D,F#,D,381.75,155.0
3055,A,D,3,D,"(2, 6, 9)",I,D,F#,D,381.875,155.0
3056,A,D,4,D,"(2, 6, 9)",I,D,F#,D,382.0,155.0
3057,A,D,4,D,"(2, 6, 9)",I,D,F#,D,382.125,155.0
3058,A,D,4,D,"(2, 6, 9)",I,D,F#,D,382.25,155.0
3059,A,D,4,D,"(2, 6, 9)",I,D,F#,D,382.375,155.0
3060,A,D,4,D,"(2, 6, 9)",I,D,F#,D,382.5,155.0
3061,A,D,4,D,"(2, 6, 9)",I,D,F#,D,382.625,155.0
3062,A,D,4,D,"(2, 6, 9)",I,D,F#,D,382.75,155.0
3063,A,D,4,D,"(2, 6, 9)",I,D,F#,D,382.875,155.0
3064,A,D,0,D,"(1, 4, 7, 9)",I,G,F#,D,383.0,156.0
3065,A,D,1,D,"(2, 6, 9)",I,G,F#,D,383.125,156.0
3066,A,D,2,D,"(2, 6, 9)",I,G,F#,D,383.25,156.0
3067,A,D,2,D,"(2, 6, 9)",I,G,F#,D,383.375,156.0
3068,A,D,3,D,"(2, 6, 9)",I,G,F#,D,383.5,156.0
3069,A,D,3,D,"(2, 6, 9)",I,G,F#,D,383.625,156.0
3070,A,D,3,D,"(2, 6, 9)",I,G,F#,D,383.75,156.0
3071,A,D,3,D,"(2, 6, 9)",I,G,F#,D,383.875,156.0
3072,A,D,4,D,"(2, 6, 9)",I,D,F#,D,384.0,156.0
3073,A,D,4,D,"(2, 6, 9)",I,D,F#,D,384.125,156.0
3074,A,D,4,D,"(2, 6, 9)",I,D,F#,D,384.25,156.0
3075,A,D,4,D,"(2, 6, 9)",I,D,F#,D,384.375,156.0
3076,A,D,4,D,"(1, 4, 7, 9)",I,G,F#,D,384.5,156.0
3077,A,D,4,D,"(1, 4, 7, 9)",I,D,F#,D,384.625,156.0
3078,A,D,4,D,"(1, 4, 7, 9)",I,G,F#,D,384.75,156.0
3079,A,D,4,D,"(1, 4, 7, 9)",I,G,F#,D,384.875,156.0
3080,A,D,0,D,"(2, 6, 9)",I,D,F#,D,385.0,157.0
3081,A,D,1,D,"(2, 6, 9)",I,D,F#,D,385.125,157.0
3082,A,D,2,D,"(2, 6, 9)",I,D,F#,D,385.25,157.0
3083,A,D,2,D,"(2, 6, 9)",I,D,F#,D,385.375,157.0
3084,A,D,3,D,"(2, 6, 9)",I,D,F#,D,385.5,157.0
3085,A,D,3,D,"(2, 6, 9)",I,D,F#,D,385.625,157.0
3086,A,D,3,D,"(2, 6, 9)",I,D,F#,D,385.75,157.0
3087,A,D,3,D,"(2, 6, 9)",I,D,F#,D,385.875,157.0
3088,A,D,4,D,"(2, 6, 9)",I,D,F#,D,386.0,157.0
3089,A,D,4,D,"(2, 6, 9)",I,D,F#,D,386.125,157.0
3090,A,D,4,D,"(2, 6, 9)",I,D,F#,D,386.25,157.0
3091,A,D,4,D,"(2, 6, 9)",I,D,F#,D,386.375,157.0
3092,A,D,4,D,"(2, 6, 9)",I,D,F#,D,386.5,157.0
3093,A,D,4,D,"(2, 6, 9)",I,D,F#,D,386.625,157.0
3094,A,D,4,D,"(2, 6, 9)",I,D,F#,D,386.75,157.0
3095,A,D,4,D,"(2, 6, 9)",I,D,F#,D,386.875,157.0
3096,A,D,0,D,"(2, 6, 9)",I,D,F#,D,387.0,158.0
3097,A,D,1,D,"(2, 6, 9)",I,D,F#,D,387.125,158.0
3098,A,D,2,D,"(2, 6, 9)",I,D,F#,D,387.25,158.0
3099,A,D,2,D,"(2, 6, 9)",I,D,F#,D,387.375,158.0
3100,A,D,3,D,"(2, 6, 9)",I,D,F#,D,387.5,158.0
3101,A,D,3,D,"(2, 6, 9)",I,D,F#,D,387.625,158.0
3102,A,D,3,D,"(2, 6, 9)",I,D,F#,D,387.75,158.0
3103,A,D,3,D,"(2, 6, 9)",I,D,F#,D,387.875,158.0
3104,A,D,4,D,"(2, 6, 9)",I,D,F#,D,388.0,158.0
3105,A,D,4,D,"(2, 6, 9)",I,D,F#,D,388.125,158.0
3106,A,D,4,D,"(2, 6, 9)",I,D,F#,D,388.25,158.0
3107,A,D,4,D,"(2, 6, 9)",I,D,F#,D,388.375,158.0
3108,A,D,4,D,"(2, 6, 9)",I,D,F#,D,388.5,158.0
3109,A,D,4,D,"(2, 6, 9)",I,D,F#,D,388.625,158.0
3110,A,D,4,D,"(2, 6, 9)",I,D,F#,D,388.75,158.0
3111,A,D,4,D,"(2, 6, 9)",I,D,F#,D,388.875,158.0
3112,A,D,0,D,"(2, 6, 9)",I,D,F#,D,389.0,159.0
3113,A,D,1,D,"(2, 6, 9)",I,D,F#,D,389.125,159.0
3114,A,D,2,D,"(2, 6, 9)",I,D,F#,D,389.25,159.0
3115,A,D,2,D,"(2, 6, 9)",I,D,F#,D,389.375,159.0
3116,A,D,3,D,"(2, 6, 9)",I,D,F#,D,389.5,159.0
3117,A,D,3,D,"(2, 6, 9)",I,D,F#,D,389.625,159.0
3118,A,D,3,D,"(2, 6, 9)",I,D,F#,D,389.75,159.0
3119,A,D,3,D,"(2, 6, 9)",I,D,F#,D,389.875,159.0
3120,A,D,4,D,"(2, 6, 9)",I,D,F#,D,390.0,159.0
3121,A,D,4,D,"(2, 6, 9)",I,D,F#,D,390.125,159.0
3122,A,D,4,D,"(2, 6, 9)",I,D,F#,D,390.25,159.0
3123,A,D,4,D,"(2, 6, 9)",I,D,F#,D,390.375,159.0
3124,A,D,4,D,"(2, 6, 9)",I,D,F#,D,390.5,159.0
3125,A,D,4,D,"(2, 6, 9)",I,D,F#,D,390.625,159.0
3126,A,D,4,D,"(2, 6, 9)",I,D,F#,D,390.75,159.0
3127,A,D,4,D,"(2, 6, 9)",I,D,F#,D,390.875,159.0
3128,A,D,0,D,"(2, 6, 9)",I,D,F#,D,391.0,160.0
3129,A,D,1,D,"(2, 6, 9)",I,D,F#,D,391.125,160.0
3130,A,D,2,D,"(2, 6, 9)",I,D,F#,D,391.25,160.0
3131,A,D,2,D,"(2, 6, 9)",I,D,F#,D,391.375,160.0
3132,A,D,3,D,"(2, 6, 9)",I,D,F#,D,391.5,160.0
3133,A,D,3,D,"(2, 6, 9)",I,D,F#,D,391.625,160.0
3134,A,D,3,D,"(2, 6, 9)",I,D,F#,D,391.75,160.0
3135,A,D,3,D,"(2, 6, 9)",I,D,F#,D,391.875,160.0
3136,A,D,0,D,"(2, 6, 9)",I,D,F#,D,392.0,160.0
3137,A,D,1,D,"(2, 6, 9)",I,D,F#,D,392.125,160.0
3138,A,D,2,D,"(2, 6, 9)",I,D,F#,D,392.25,160.0
3139,A,D,2,D,"(2, 6, 9)",I,D,F#,D,392.375,160.0
3140,C#,F#,0,D,"(1, 4, 6, 10)",V7,E,A#,b,392.5,160.0
3141,C#,F#,1,D,"(1, 4, 6, 10)",V7,E,A#,b,392.625,160.0
3142,C#,F#,2,D,"(1, 4, 6, 10)",V7,E,A#,b,392.75,160.0
3143,C#,F#,2,D,"(1, 4, 6, 10)",V7,E,A#,b,392.875,160.0
3144,F#,B,0,D,"(2, 6, 11)",vi,B,D,D,393.0,161.0
3145,F#,B,1,D,"(2, 6, 11)",vi,B,D,D,393.125,161.0
3146,F#,B,2,D,"(2, 6, 11)",vi,B,D,D,393.25,161.0
3147,F#,B,2,D,"(2, 6, 11)",vi,B,D,D,393.375,161.0
3148,F#,B,3,D,"(2, 6, 11)",vi,B,D,D,393.5,161.0
3149,F#,B,3,D,"(2, 6, 11)",vi,B,D,D,393.625,161.0
3150,F#,B,3,D,"(2, 6, 11)",vi,B,D,D,393.75,161.0
3151,F#,B,3,D,"(2, 6, 11)",vi,B,D,D,393.875,161.0
3152,F#,B,4,D,"(2, 6, 11)",vi,B,D,D,394.0,161.0
3153,F#,B,4,D,"(2, 6, 11)",vi,B,D,D,394.125,161.0
3154,F#,B,4,D,"(2, 6, 11)",vi,B,D,D,394.25,161.0
3155,F#,B,4,D,"(2, 6, 11)",vi,B,D,D,394.375,161.0
3156,F#,B,4,D,"(2, 6, 11)",vi,B,D,D,394.5,161.0
3157,F#,B,4,D,"(2, 6, 11)",vi,B,D,D,394.625,161.0
3158,F#,B,4,D,"(2, 6, 11)",vi,B,D,D,394.75,161.0
3159,F#,B,4,D,"(2, 6, 11)",vi,B,D,D,394.875,161.0
3160,F#,B,0,D,"(2, 6, 11)",vi,B,D,D,395.0,162.0
3161,F#,B,1,D,"(2, 6, 11)",vi,B,D,D,395.125,162.0
3162,F#,B,2,D,"(2, 6, 11)",vi,B,D,D,395.25,162.0
3163,F#,B,2,D,"(2, 6, 11)",vi,B,D,D,395.375,162.0
3164,F#,B,3,D,"(2, 6, 11)",vi,B,D,D,395.5,162.0
3165,F#,B,3,D,"(2, 6, 11)",vi,B,D,D,395.625,162.0
3166,F#,B,3,D,"(2, 6, 11)",vi,B,D,D,395.75,162.0
3167,F#,B,3,D,"(2, 6, 11)",vi,B,D,D,395.875,162.0
3168,F#,B,4,D,"(2, 6, 11)",vi,B,D,D,396.0,162.0
3169,F#,B,4,D,"(2, 6, 11)",vi,B,D,D,396.125,162.0
3170,F#,B,4,D,"(2, 6, 11)",vi,B,D,D,396.25,162.0
3171,F#,B,4,D,"(2, 6, 11)",vi,B,D,D,396.375,162.0
3172,F#,B,4,D,"(2, 6, 11)",vi,B,D,D,396.5,162.0
3173,F#,B,4,D,"(2, 6, 11)",vi,B,D,D,396.625,162.0
3174,F#,B,4,D,"(2, 6, 11)",vi,B,D,D,396.75,162.0
3175,F#,B,4,D,"(2, 6, 11)",vi,B,D,D,396.875,162.0
3176,E,A,0,D,"(1, 4, 7, 9)",V7,G,C#,D,397.0,163.0
3177,E,A,1,D,"(1, 4, 7, 9)",V7,G,C#,D,397.125,163.0
3178,E,A,2,D,"(1, 4, 7, 9)",V7,G,C#,D,397.25,163.0
3179,E,A,2,D,"(1, 4, 7, 9)",V7,G,C#,D,397.375,163.0
3180,E,A,3,D,"(1, 4, 7, 9)",V7,G,C#,D,397.5,163.0
3181,E,A,3,D,"(1, 4, 7, 9)",V7,G,C#,D,397.625,163.0
3182,E,A,3,D,"(1, 4, 7, 9)",V7,G,C#,D,397.75,163.0
3183,E,A,3,D,"(1, 4, 7, 9)",V7,G,C#,D,397.875,163.0
3184,E,A,4,D,"(1, 4, 7, 9)",V7,G,C#,D,398.0,163.0
3185,E,A,4,D,"(1, 4, 7, 9)",V7,G,C#,D,398.125,163.0
3186,E,A,4,D,"(1, 4, 7, 9)",V7,G,C#,D,398.25,163.0
3187,E,A,4,D,"(1, 4, 7, 9)",V7,G,C#,D,398.375,163.0
3188,E,A,4,D,"(1, 4, 7, 9)",V7,G,C#,D,398.5,163.0
3189,E,A,4,D,"(1, 4, 7, 9)",V7,G,C#,D,398.625,163.0
3190,E,A,4,D,"(1, 4, 7, 9)",V7,G,C#,D,398.75,163.0
3191,E,A,4,D,"(1, 4, 7, 9)",V7,G,C#,D,398.875,163.0
3192,E,A,0,D,"(1, 4, 7, 9)",V7,G,C#,D,399.0,164.0
3193,E,A,1,D,"(1, 4, 7, 9)",V7,G,C#,D,399.125,164.0
3194,E,A,2,D,"(1, 4, 7, 9)",V7,G,C#,D,399.25,164.0
3195,E,A,2,D,"(1, 4, 7, 9)",V7,G,C#,D,399.375,164.0
3196,E,A,3,D,"(1, 4, 7, 9)",V7,G,C#,D,399.5,164.0
3197,E,A,3,D,"(1, 4, 7, 9)",V7,G,C#,D,399.625,164.0
3198,E,A,3,D,"(1, 4, 7, 9)",V7,G,C#,D,399.75,164.0
3199,E,A,3,D,"(1, 4, 7, 9)",V7,G,C#,D,399.875,164.0
3200,E,A,4,D,"(1, 4, 7, 9)",V7,G,C#,D,400.0,164.0
3201,E,A,4,D,"(1, 4, 7, 9)",V7,G,C#,D,400.125,164.0
3202,E,A,4,D,"(1, 4, 7, 9)",V7,G,C#,D,400.25,164.0
3203,E,A,4,D,"(1, 4, 7, 9)",V7,G,C#,D,400.375,164.0
3204,E,A,4,D,"(1, 4, 7, 9)",V7,G,C#,D,400.5,164.0
3205,E,A,4,D,"(1, 4, 7, 9)",V7,G,C#,D,400.625,164.0
3206,E,A,4,D,"(1, 4, 7, 9)",V7,G,C#,D,400.75,164.0
3207,E,A,4,D,"(1, 4, 7, 9)",V7,G,C#,D,400.875,164.0
3208,A,D,0,D,"(2, 6, 9)",I,D,F#,D,401.0,165.0
3209,A,D,1,D,"(2, 6, 9)",I,D,F#,D,401.125,165.0
3210,A,D,2,D,"(2, 6, 9)",I,D,F#,D,401.25,165.0
3211,A,D,2,D,"(2, 6, 9)",I,D,F#,D,401.375,165.0
3212,A,D,3,D,"(2, 6, 9)",I,D,F#,D,401.5,165.0
3213,A,D,3,D,"(2, 6, 9)",I,D,F#,D,401.625,165.0
3214,A,D,3,D,"(2, 6, 9)",I,D,F#,D,401.75,165.0
3215,A,D,3,D,"(2, 6, 9)",I,D,F#,D,401.875,165.0
3216,A,D,4,D,"(2, 6, 9)",I,D,F#,D,402.0,165.0
3217,A,D,4,D,"(2, 6, 9)",I,D,F#,D,402.125,165.0
3218,A,D,4,D,"(2, 6, 9)",I,D,F#,D,402.25,165.0
3219,A,D,4,D,"(2, 6, 9)",I,D,F#,D,402.375,165.0
3220,A,D,4,D,"(2, 6, 9)",I,D,F#,D,402.5,165.0
3221,A,D,4,D,"(2, 6, 9)",I,D,F#,D,402.625,165.0
3222,A,D,4,D,"(2, 6, 9)",I,D,F#,D,402.75,165.0
3223,A,D,4,D,"(2, 6, 9)",I,D,F#,D,402.875,165.0
3224,A,D,0,D,"(2, 6, 9)",I,D,F#,D,403.0,166.0
3225,A,D,1,D,"(2, 6, 9)",I,D,F#,D,403.125,166.0
3226,A,D,2,D,"(2, 6, 9)",I,D,F#,D,403.25,166.0
3227,A,D,2,D,"(2, 6, 9)",I,D,F#,D,403.375,166.0
3228,A,D,3,D,"(2, 6, 9)",I,D,F#,D,403.5,166.0
3229,A,D,3,D,"(2, 6, 9)",I,D,F#,D,403.625,166.0
3230,A,D,3,D,"(2, 6, 9)",I,D,F#,D,403.75,166.0
3231,A,D,3,D,"(2, 6, 9)",I,D,F#,D,403.875,166.0
3232,A,D,4,D,"(2, 6, 9)",I,D,F#,D,404.0,166.0
3233,A,D,4,D,"(2, 6, 9)",I,D,F#,D,404.125,166.0
3234,A,D,4,D,"(2, 6, 9)",I,D,F#,D,404.25,166.0
3235,A,D,4,D,"(2, 6, 9)",I,D,F#,D,404.375,166.0
3236,A,D,4,D,"(2, 6, 9)",I,D,F#,D,404.5,166.0
3237,A,D,4,D,"(2, 6, 9)",I,D,F#,D,404.625,166.0
3238,A,D,4,D,"(2, 6, 9)",I,D,F#,D,404.75,166.0
3239,A,D,4,D,"(2, 6, 9)",I,D,F#,D,404.875,166.0
3240,A,D,0,D,"(2, 6, 9)",I,D,F#,D,405.0,167.0
3241,A,D,1,D,"(2, 6, 9)",I,D,F#,D,405.125,167.0
3242,A,D,2,D,"(2, 6, 9)",I,D,F#,D,405.25,167.0
3243,A,D,2,D,"(2, 6, 9)",I,D,F#,D,405.375,167.0
3244,A,D,3,D,"(2, 6, 9)",I,D,F#,D,405.5,167.0
3245,A,D,3,D,"(2, 6, 9)",I,D,F#,D,405.625,167.0
3246,A,D,3,D,"(2, 6, 9)",I,D,F#,D,405.75,167.0
3247,A,D,3,D,"(2, 6, 9)",I,D,F#,D,405.875,167.0
3248,A,D,4,D,"(2, 6, 9)",I,D,F#,D,406.0,167.0
3249,A,D,4,D,"(2, 6, 9)",I,D,F#,D,406.125,167.0
3250,A,D,4,D,"(2, 6, 9)",I,D,F#,D,406.25,167.0
3251,A,D,4,D,"(2, 6, 9)",I,D,F#,D,406.375,167.0
3252,A,D,4,D,"(2, 6, 9)",I,D,F#,D,406.5,167.0
3253,A,D,4,D,"(2, 6, 9)",I,D,F#,D,406.625,167.0
3254,A,D,4,D,"(2, 6, 9)",I,D,F#,D,406.75,167.0
3255,A,D,4,D,"(2, 6, 9)",I,D,F#,D,406.875,167.0
3256,D,D,0,D,"(2, 6, 9)",I,D,B,D,407.0,168.0
3257,D,D,1,D,"(2, 6, 9)",I,D,B,D,407.125,168.0
3258,D,D,2,D,"(2, 6, 9)",I,D,B,D,407.25,168.0
3259,D,D,2,D,"(2, 6, 9)",I,D,B,D,407.375,168.0
3260,D,G,3,D,"(1, 4, 7, 9)",V7,E,B,D,407.5,168.0
3261,D,G,3,D,"(1, 4, 7, 9)",V7,E,B,D,407.625,168.0
3262,D,G,3,D,"(1, 4, 7, 9)",V7,E,B,D,407.75,168.0
3263,D,G,3,D,"(1, 4, 7, 9)",V7,E,B,D,407.875,168.0
3264,E,A,0,D,"(2, 6, 9)",I,G,C#,D,408.0,168.0
3265,E,A,1,D,"(2, 6, 9)",Cad,G,C#,D,408.125,168.0
3266,E,A,2,D,"(2, 6, 9)",Cad,G,C#,D,408.25,168.0
3267,E,A,2,D,"(2, 6, 9)",Cad,G,C#,D,408.375,168.0
3268,E,A,0,D,"(1, 4, 7, 9)",V7,G,C#,D,408.5,168.0
3269,E,A,1,D,"(1, 4, 7, 9)",V7,G,C#,D,408.625,168.0
3270,E,A,2,D,"(1, 4, 7, 9)",V7,G,C#,D,408.75,168.0
3271,E,A,2,D,"(1, 4, 7, 9)",V7,G,C#,D,408.875,168.0
3272,A,D,0,D,"(2, 6, 9)",I,D,F#,D,409.0,169.0
3273,A,D,1,D,"(2, 6, 9)",I,D,F#,D,409.125,169.0
3274,A,D,2,D,"(2, 6, 9)",I,D,F#,D,409.25,169.0
3275,A,D,2,D,"(2, 6, 9)",I,D,F#,D,409.375,169.0
3276,A,D,3,D,"(2, 6, 9)",I,D,F#,D,409.5,169.0
3277,A,D,3,D,"(2, 6, 9)",I,D,F#,D,409.625,169.0
3278,A,D,3,D,"(2, 6, 9)",I,D,F#,D,409.75,169.0
3279,A,D,3,D,"(2, 6, 9)",I,D,F#,D,409.875,169.0
3280,A,D,4,D,"(2, 6, 9)",I,D,F#,D,410.0,169.0
3281,A,D,4,D,"(2, 6, 9)",I,D,F#,D,410.125,169.0
3282,A,D,4,D,"(2, 6, 9)",I,D,F#,D,410.25,169.0
3283,A,D,4,D,"(2, 6, 9)",I,D,F#,D,410.375,169.0
3284,A,D,4,D,"(2, 6, 9)",I,D,F#,D,410.5,169.0
3285,A,D,4,D,"(2, 6, 9)",I,D,F#,D,410.625,169.0
3286,A,D,4,D,"(2, 6, 9)",I,D,F#,D,410.75,169.0
3287,A,D,4,D,"(2, 6, 9)",I,D,F#,D,410.875,169.0
3288,A,A,0,D,"(1, 4, 9)",V,A,C#,D,411.0,170.0
3289,E,A,1,D,"(1, 4, 9)",V,A,C#,D,411.125,170.0
3290,E,A,2,D,"(1, 4, 9)",V,A,C#,D,411.25,170.0
3291,E,A,2,D,"(1, 4, 9)",V,A,C#,D,411.375,170.0
3292,E,A,3,D,"(1, 4, 9)",V,A,C#,D,411.5,170.0
3293,E,A,3,D,"(1, 4, 9)",V,A,C#,D,411.625,170.0
3294,E,A,3,D,"(1, 4, 9)",V,A,C#,D,411.75,170.0
3295,E,A,3,D,"(1, 4, 9)",V,A,C#,D,411.875,170.0
3296,E,A,4,D,"(1, 4, 9)",V,A,C#,D,412.0,170.0
3297,E,A,4,D,"(1, 4, 9)",V,A,C#,D,412.125,170.0
3298,E,A,4,D,"(1, 4, 9)",V,A,C#,D,412.25,170.0
3299,E,A,4,D,"(1, 4, 9)",V,A,C#,D,412.375,170.0
3300,E,A,4,D,"(1, 4, 9)",V,A,C#,D,412.5,170.0
3301,E,A,4,D,"(1, 4, 9)",V,A,C#,D,412.625,170.0
3302,E,A,4,D,"(1, 4, 9)",V,A,C#,D,412.75,170.0
3303,E,A,4,D,"(1, 4, 9)",V,A,C#,D,412.875,170.0
3304,E,A,0,D,"(1, 4, 9)",V,A,C#,D,413.0,171.0
3305,E,A,1,D,"(1, 4, 9)",V,A,C#,D,413.125,171.0
3306,E,A,2,D,"(1, 4, 9)",V,A,C#,D,413.25,171.0
3307,E,A,2,D,"(1, 4, 9)",V,A,C#,D,413.375,171.0
3308,E,A,3,D,"(1, 4, 9)",V,A,C#,D,413.5,171.0
3309,E,A,3,D,"(1, 4, 9)",V,A,C#,D,413.625,171.0
3310,E,A,3,D,"(1, 4, 9)",V,A,C#,D,413.75,171.0
3311,E,A,3,D,"(1, 4, 9)",V,A,C#,D,413.875,171.0
3312,E,A,4,D,"(1, 4, 9)",V,A,C#,D,414.0,171.0
3313,E,A,4,D,"(1, 4, 9)",V,A,C#,D,414.125,171.0
3314,E,A,4,D,"(1, 4, 9)",V,A,C#,D,414.25,171.0
3315,E,A,4,D,"(1, 4, 9)",V,A,C#,D,414.375,171.0
3316,E,A,4,D,"(1, 4, 9)",V,A,C#,D,414.5,171.0
3317,E,A,4,D,"(1, 4, 9)",V,A,C#,D,414.625,171.0
3318,E,A,4,D,"(1, 4, 9)",V,A,C#,D,414.75,171.0
3319,E,A,4,D,"(1, 4, 9)",V,A,C#,D,414.875,171.0
3320,E,A,0,D,"(1, 4, 9)",V,A,C#,D,415.0,172.0
3321,E,A,1,D,"(1, 4, 9)",V,A,C#,D,415.125,172.0
3322,E,A,2,D,"(1, 4, 9)",V,A,C#,D,415.25,172.0
3323,E,A,2,D,"(1, 4, 9)",V,A,C#,D,415.375,172.0
3324,E,A,3,D,"(1, 4, 9)",V,A,C#,D,415.5,172.0
3325,E,A,3,D,"(1, 4, 9)",V,A,C#,D,415.625,172.0
3326,E,A,3,D,"(1, 4, 9)",V,A,C#,D,415.75,172.0
3327,E,A,3,D,"(1, 4, 9)",V,A,C#,D,415.875,172.0
3328,E,A,0,D,"(1, 4, 7, 9)",V7,G,C#,D,416.0,172.0
3329,E,A,1,D,"(1, 4, 7, 9)",V7,G,C#,D,416.125,172.0
3330,E,A,2,D,"(1, 4, 7, 9)",V7,G,C#,D,416.25,172.0
3331,E,A,4,D,"(1, 4, 7, 9)",V7,G,C#,D,416.375,172.0
3332,E,A,4,D,"(1, 4, 7, 9)",V7,G,C#,D,416.5,172.0
3333,E,A,4,D,"(1, 4, 7, 9)",V7,G,C#,D,416.625,172.0
3334,E,A,4,D,"(1, 4, 7, 9)",V7,G,C#,D,416.75,172.0
3335,E,A,4,D,"(1, 4, 7, 9)",V7,G,C#,D,416.875,172.0
3336,A,D,0,D,"(2, 6, 9)",I,D,F#,D,417.0,173.0
3337,A,D,1,D,"(2, 6, 9)",I,D,F#,D,417.125,173.0
3338,A,D,2,D,"(2, 6, 9)",I,D,F#,D,417.25,173.0
3339,A,D,2,D,"(2, 6, 9)",I,D,F#,D,417.375,173.0
3340,A,D,3,D,"(2, 6, 9)",I,D,F#,D,417.5,173.0
3341,A,D,3,D,"(2, 6, 9)",I,D,F#,D,417.625,173.0
3342,A,D,3,D,"(2, 6, 9)",I,D,F#,D,417.75,173.0
3343,A,D,3,D,"(2, 6, 9)",I,D,F#,D,417.875,173.0
3344,A,D,4,D,"(2, 6, 9)",I,D,F#,D,418.0,173.0
3345,A,D,4,D,"(2, 6, 9)",I,D,F#,D,418.125,173.0
3346,A,D,4,D,"(2, 6, 9)",I,D,F#,D,418.25,173.0
3347,A,D,4,D,"(2, 6, 9)",I,D,F#,D,418.375,173.0
3348,A,D,4,D,"(2, 6, 9)",I,D,F#,D,418.5,173.0
3349,A,D,4,D,"(2, 6, 9)",I,D,F#,D,418.625,173.0
3350,A,D,4,D,"(2, 6, 9)",I,D,F#,D,418.75,173.0
3351,A,D,4,D,"(2, 6, 9)",I,D,F#,D,418.875,173.0
3352,A,A,0,D,"(2, 6, 9)",I,D,C#,D,419.0,174.0
3353,E,A,1,D,"(1, 4, 9)",V,D,C#,D,419.125,174.0
3354,E,A,2,D,"(1, 4, 9)",V,D,C#,D,419.25,174.0
3355,E,A,2,D,"(1, 4, 9)",V,D,C#,D,419.375,174.0
3356,A,A,3,D,"(1, 4, 9)",V,D,C#,D,419.5,174.0
3357,A,A,3,D,"(1, 4, 9)",V,D,C#,D,419.625,174.0
3358,A,A,3,D,"(1, 4, 9)",V,D,C#,D,419.75,174.0
3359,A,A,3,D,"(1, 4, 9)",V,D,C#,D,419.875,174.0
3360,E,A,4,D,"(1, 4, 9)",V,A,C#,D,420.0,174.0
3361,E,A,4,D,"(1, 4, 9)",V,A,C#,D,420.125,174.0
3362,E,A,4,D,"(1, 4, 9)",V,A,C#,D,420.25,174.0
3363,E,A,4,D,"(1, 4, 9)",V,A,C#,D,420.375,174.0
3364,E,A,4,D,"(1, 4, 9)",V,A,C#,D,420.5,174.0
3365,E,A,4,D,"(1, 4, 9)",V,A,C#,D,420.625,174.0
3366,E,A,4,D,"(1, 4, 9)",V,A,C#,D,420.75,174.0
3367,E,A,4,D,"(1, 4, 9)",V,A,C#,D,420.875,174.0
3368,E,A,0,D,"(2, 6, 9)",I,A,C#,D,421.0,175.0
3369,E,A,1,D,"(2, 6, 9)",I,A,C#,D,421.125,175.0
3370,E,A,2,D,"(2, 6, 9)",I,A,C#,D,421.25,175.0
3371,E,A,2,D,"(2, 6, 9)",I,A,C#,D,421.375,175.0
3372,E,A,3,D,"(2, 6, 9)",I,A,C#,D,421.5,175.0
3373,E,A,3,D,"(2, 6, 9)",I,A,C#,D,421.625,175.0
3374,E,A,3,D,"(2, 6, 9)",I,A,C#,D,421.75,175.0
3375,E,A,3,D,"(2, 6, 9)",I,A,C#,D,421.875,175.0
3376,A,A,4,D,"(2, 6, 9)",I,A,C#,D,422.0,175.0
3377,A,A,4,D,"(2, 6, 9)",I,A,C#,D,422.125,175.0
3378,A,A,4,D,"(2, 6, 9)",I,A,C#,D,422.25,175.0
3379,A,A,4,D,"(2, 6, 9)",I,A,C#,D,422.375,175.0
3380,A,D,0,D,"(2, 6, 9)",I,D,F#,D,422.5,175.0
3381,A,D,1,D,"(2, 6, 9)",I,D,F#,D,422.625,175.0
3382,A,D,4,D,"(2, 6, 9)",I,D,F#,D,422.75,175.0
3383,A,D,4,D,"(2, 6, 9)",I,D,F#,D,422.875,175.0
3384,E,A,0,D,"(1, 4, 7, 9)",V7,G,C#,D,423.0,176.0
3385,E,A,1,D,"(1, 4, 7, 9)",V7,G,C#,D,423.125,176.0
3386,E,A,2,D,"(1, 4, 7, 9)",V7,G,C#,D,423.25,176.0
3387,E,A,2,D,"(1, 4, 7, 9)",V7,G,C#,D,423.375,176.0
3388,E,A,3,D,"(1, 4, 7, 9)",V7,G,C#,D,423.5,176.0
3389,E,A,3,D,"(1, 4, 7, 9)",V7,G,C#,D,423.625,176.0
3390,E,A,3,D,"(1, 4, 7, 9)",V7,G,C#,D,423.75,176.0
3391,E,A,3,D,"(1, 4, 7, 9)",V7,G,C#,D,423.875,176.0
3392,E,A,4,D,"(1, 4, 7, 9)",V7,G,C#,D,424.0,176.0
3393,E,A,4,D,"(1, 4, 7, 9)",V7,G,C#,D,424.125,176.0
3394,E,A,4,D,"(1, 4, 7, 9)",V7,G,C#,D,424.25,176.0
3395,E,A,4,D,"(1, 4, 7, 9)",V7,G,C#,D,424.375,176.0
3396,E,A,4,D,"(1, 4, 7, 9)",V7,G,C#,D,424.5,176.0
3397,E,A,4,D,"(1, 4, 7, 9)",V7,G,C#,D,424.625,176.0
3398,E,A,4,D,"(1, 4, 7, 9)",V7,G,C#,D,424.75,176.0
3399,E,A,4,D,"(1, 4, 7, 9)",V7,G,C#,D,424.875,176.0
3400,A,D,0,D,"(2, 6, 9)",I,D,F#,D,425.0,177.0
3401,A,D,1,D,"(2, 6, 9)",I,D,F#,D,425.125,177.0
3402,A,D,2,D,"(2, 6, 9)",I,D,F#,D,425.25,177.0
3403,A,D,2,D,"(2, 6, 9)",I,D,F#,D,425.375,177.0
3404,A,D,3,D,"(2, 6, 9)",I,D,F#,D,425.5,177.0
3405,A,D,3,D,"(2, 6, 9)",I,D,F#,D,425.625,177.0
3406,A,D,3,D,"(2, 6, 9)",I,D,F#,D,425.75,177.0
3407,A,D,3,D,"(2, 6, 9)",I,D,F#,D,425.875,177.0
3408,A,D,4,D,"(2, 6, 9)",I,D,F#,D,426.0,177.0
3409,A,D,4,D,"(2, 6, 9)",I,D,F#,D,426.125,177.0
3410,A,D,4,D,"(2, 6, 9)",I,D,F#,D,426.25,177.0
3411,A,D,4,D,"(2, 6, 9)",I,D,F#,D,426.375,177.0
3412,A,D,4,D,"(2, 6, 9)",I,D,F#,D,426.5,177.0
3413,A,D,4,D,"(2, 6, 9)",I,D,F#,D,426.625,177.0
3414,A,D,4,D,"(2, 6, 9)",I,D,F#,D,426.75,177.0
3415,A,D,4,D,"(2, 6, 9)",I,D,F#,D,426.875,177.0
3416,A,D,0,D,"(2, 6, 9)",I,D,F#,D,427.0,178.0
3417,A,D,1,D,"(2, 6, 9)",I,D,F#,D,427.125,178.0
3418,A,D,2,D,"(2, 6, 9)",I,D,F#,D,427.25,178.0
3419,A,D,2,D,"(2, 6, 9)",I,D,F#,D,427.375,178.0
3420,A,D,3,D,"(2, 6, 9)",I,D,F#,D,427.5,178.0
3421,A,D,3,D,"(2, 6, 9)",I,D,F#,D,427.625,178.0
3422,A,D,3,D,"(2, 6, 9)",I,D,F#,D,427.75,178.0
3423,A,D,3,D,"(2, 6, 9)",I,D,F#,D,427.875,178.0
3424,A,D,4,D,"(2, 6, 9)",I,D,F#,D,428.0,178.0
3425,A,D,4,D,"(2, 6, 9)",I,D,F#,D,428.125,178.0
3426,A,D,4,D,"(2, 6, 9)",I,D,F#,D,428.25,178.0
3427,A,D,4,D,"(2, 6, 9)",I,D,F#,D,428.375,178.0
3428,A,D,4,D,"(2, 6, 9)",I,D,F#,D,428.5,178.0
3429,A,D,4,D,"(2, 6, 9)",I,D,F#,D,428.625,178.0
3430,A,D,4,D,"(2, 6, 9)",I,D,F#,D,428.75,178.0
3431,A,D,4,D,"(2, 6, 9)",I,D,F#,D,428.875,178.0
3432,C--,C--,6,A,"(0, 1, 5, 8)",Cad,C--,C--,A,,
3433,C--,C--,6,A,"(0, 1, 5, 8)",Cad,C--,C--,A,,
3434,C--,C--,6,A,"(0, 1, 5, 8)",Cad,C--,C--,A,,
3435,C--,C--,6,A,"(0, 1, 5, 8)",Cad,C--,C--,A,,
3436,C--,C--,6,A,"(0, 1, 5, 8)",Cad,C--,C--,A,,
3437,C--,C--,6,A,"(0, 1, 5, 8)",Cad,C--,C--,A,,
3438,C--,C--,6,A,"(0, 1, 5, 8)",Cad,C--,C--,A,,
3439,C--,C--,6,A,"(0, 1, 5, 8)",Cad,C--,C--,A,,
3440,C--,C--,6,A,"(0, 1, 5, 8)",Cad,C--,C--,A,,
3441,C--,C--,6,A,"(0, 1, 5, 8)",Cad,C--,C--,A,,
3442,C--,C--,6,A,"(0, 1, 5, 8)",Cad,C--,C--,A,,
3443,C--,C--,6,A,"(0, 1, 5, 8)",Cad,C--,C--,A,,
3444,C--,C--,6,A,"(0, 1, 5, 8)",Cad,C--,C--,A,,
3445,C--,C--,6,A,"(0, 1, 5, 8)",Cad,C--,C--,A,,
3446,C--,C--,6,A,"(0, 1, 5, 8)",Cad,C--,C--,A,,
3447,C--,C--,6,A,"(0, 1, 5, 8)",Cad,C--,C--,A,,
3448,C--,C--,6,A,"(0, 1, 5, 8)",Cad,C--,C--,A,,
3449,C--,C--,6,A,"(0, 1, 5, 8)",Cad,C--,C--,A,,
3450,C--,C--,6,A,"(0, 1, 5, 8)",Cad,C--,C--,A,,
3451,C--,C--,6,A,"(0, 1, 5, 8)",Cad,C--,C--,A,,
3452,C--,C--,6,A,"(0, 1, 5, 8)",Cad,C--,C--,A,,
3453,C--,C--,6,A,"(0, 1, 5, 8)",Cad,C--,C--,A,,
3454,C--,C--,6,A,"(0, 1, 5, 8)",Cad,C--,C--,A,,
3455,C--,C--,6,A,"(0, 1, 5, 8)",Cad,C--,C--,A,,
3456,C--,C--,6,A,"(0, 1, 5, 8)",Cad,C--,C--,A,,
3457,C--,C--,6,A,"(0, 1, 5, 8)",Cad,C--,C--,A,,
3458,C--,C--,6,A,"(0, 1, 5, 8)",Cad,C--,C--,A,,
3459,C--,C--,6,A,"(0, 1, 5, 8)",Cad,C--,C--,A,,
3460,C--,C--,6,A,"(0, 1, 5, 8)",Cad,C--,C--,A,,
3461,C--,C--,6,A,"(0, 1, 5, 8)",Cad,C--,C--,A,,
3462,C--,C--,6,A,"(0, 1, 5, 8)",Cad,C--,C--,A,,
3463,C--,C--,6,A,"(0, 1, 5, 8)",Cad,C--,C--,A,,
3464,C--,C--,6,A,"(0, 1, 5, 8)",Cad,C--,C--,A,,
3465,C--,C--,6,A,"(0, 1, 5, 8)",Cad,C--,C--,A,,
3466,C--,C--,6,A,"(0, 1, 5, 8)",Cad,C--,C--,A,,
3467,C--,C--,6,A,"(0, 1, 5, 8)",Cad,C--,C--,A,,
3468,C--,C--,6,A,"(0, 1, 5, 8)",Cad,C--,C--,A,,
3469,C--,C--,6,A,"(0, 1, 5, 8)",Cad,C--,C--,A,,
3470,C--,C--,6,A,"(0, 1, 5, 8)",Cad,C--,C--,A,,
3471,C--,C--,6,A,"(0, 1, 5, 8)",Cad,C--,C--,A,,
3472,C--,C--,6,A,"(0, 1, 5, 8)",Cad,C--,C--,A,,
3473,C--,C--,6,A,"(0, 1, 5, 8)",Cad,C--,C--,A,,
3474,C--,C--,6,A,"(0, 1, 5, 8)",Cad,C--,C--,A,,
3475,C--,C--,6,A,"(0, 1, 5, 8)",Cad,C--,C--,A,,
3476,C--,C--,6,A,"(0, 1, 5, 8)",Cad,C--,C--,A,,
3477,C--,C--,6,A,"(0, 1, 5, 8)",Cad,C--,C--,A,,
3478,C--,C--,6,A,"(0, 1, 5, 8)",Cad,C--,C--,A,,
3479,C--,C--,6,A,"(0, 1, 5, 8)",Cad,C--,C--,A,,
3480,C--,C--,6,A,"(0, 1, 5, 8)",Cad,C--,C--,A,,
3481,C--,C--,6,A,"(0, 1, 5, 8)",Cad,C--,C--,A,,
3482,C--,C--,6,A,"(0, 1, 5, 8)",Cad,C--,C--,A,,
3483,C--,C--,6,A,"(0, 1, 5, 8)",Cad,C--,C--,A,,
3484,C--,C--,6,A,"(0, 1, 5, 8)",Cad,C--,C--,A,,
3485,C--,C--,6,A,"(0, 1, 5, 8)",Cad,C--,C--,A,,
3486,C--,C--,6,A,"(0, 1, 5, 8)",Cad,C--,C--,A,,
3487,C--,C--,6,A,"(0, 1, 5, 8)",Cad,C--,C--,A,,
3488,C--,C--,6,A,"(0, 1, 5, 8)",Cad,C--,C--,A,,
3489,C--,C--,6,A,"(0, 1, 5, 8)",Cad,C--,C--,A,,
3490,C--,C--,6,A,"(0, 1, 5, 8)",Cad,C--,C--,A,,
3491,C--,C--,6,A,"(0, 1, 5, 8)",Cad,C--,C--,A,,
3492,C--,C--,6,A,"(0, 1, 5, 8)",Cad,C--,C--,A,,
3493,C--,C--,6,A,"(0, 1, 5, 8)",Cad,C--,C--,A,,
3494,C--,C--,6,A,"(0, 1, 5, 8)",Cad,C--,C--,A,,
3495,C--,C--,6,A,"(0, 1, 5, 8)",Cad,C--,C--,A,,
3496,C--,C--,6,A,"(0, 1, 5, 8)",Cad,C--,C--,A,,
3497,C--,C--,6,A,"(0, 1, 5, 8)",Cad,C--,C--,A,,
3498,C--,C--,6,A,"(0, 1, 5, 8)",Cad,C--,C--,A,,
3499,C--,C--,6,A,"(0, 1, 5, 8)",Cad,C--,C--,A,,
3500,C--,C--,6,A,"(0, 1, 5, 8)",Cad,C--,C--,A,,
3501,C--,C--,6,A,"(0, 1, 5, 8)",Cad,C--,C--,A,,
3502,C--,C--,6,A,"(0, 1, 5, 8)",Cad,C--,C--,A,,
3503,C--,C--,6,A,"(0, 1, 5, 8)",Cad,C--,C--,A,,
3504,C--,C--,6,A,"(0, 1, 5, 8)",Cad,C--,C--,A,,
3505,C--,C--,6,A,"(0, 1, 5, 8)",Cad,C--,C--,A,,
3506,C--,C--,6,A,"(0, 1, 5, 8)",Cad,C--,C--,A,,
3507,C--,C--,6,A,"(0, 1, 5, 8)",Cad,C--,C--,A,,
3508,C--,C--,6,A,"(0, 1, 5, 8)",Cad,C--,C--,A,,
3509,C--,C--,6,A,"(0, 1, 5, 8)",Cad,C--,C--,A,,
3510,C--,C--,6,A,"(0, 1, 5, 8)",Cad,C--,C--,A,,
3511,C--,C--,6,A,"(0, 1, 5, 8)",Cad,C--,C--,A,,
3512,C--,C--,6,A,"(0, 1, 5, 8)",Cad,C--,C--,A,,
3513,C--,C--,6,A,"(0, 1, 5, 8)",Cad,C--,C--,A,,
3514,C--,C--,6,A,"(0, 1, 5, 8)",Cad,C--,C--,A,,
3515,C--,C--,6,A,"(0, 1, 5, 8)",Cad,C--,C--,A,,
3516,C--,C--,6,A,"(0, 1, 5, 8)",Cad,C--,C--,A,,
3517,C--,C--,6,A,"(0, 1, 5, 8)",Cad,C--,C--,A,,
3518,C--,C--,6,A,"(0, 1, 5, 8)",Cad,C--,C--,A,,
3519,C--,C--,6,A,"(0, 1, 5, 8)",Cad,C--,C--,A,,
3520,C--,C--,6,A,"(0, 1, 5, 8)",Cad,C--,C--,A,,
3521,C--,C--,6,A,"(0, 1, 5, 8)",Cad,C--,C--,A,,
3522,C--,C--,6,A,"(0, 1, 5, 8)",Cad,C--,C--,A,,
3523,C--,C--,6,A,"(0, 1, 5, 8)",Cad,C--,C--,A,,
3524,C--,C--,6,A,"(0, 1, 5, 8)",Cad,C--,C--,A,,
3525,C--,C--,6,A,"(0, 1, 5, 8)",Cad,C--,C--,A,,
3526,C--,C--,6,A,"(0, 1, 5, 8)",Cad,C--,C--,A,,
3527,C--,C--,6,A,"(0, 1, 5, 8)",Cad,C--,C--,A,,
3528,C--,C--,6,A,"(0, 1, 5, 8)",Cad,C--,C--,A,,
3529,C--,C--,6,A,"(0, 1, 5, 8)",Cad,C--,C--,A,,
3530,C--,C--,6,A,"(0, 1, 5, 8)",Cad,C--,C--,A,,
3531,C--,C--,6,A,"(0, 1, 5, 8)",Cad,C--,C--,A,,
3532,C--,C--,6,A,"(0, 1, 5, 8)",Cad,C--,C--,A,,
3533,C--,C--,6,A,"(0, 1, 5, 8)",Cad,C--,C--,A,,
3534,C--,C--,6,A,"(0, 1, 5, 8)",Cad,C--,C--,A,,
3535,C--,C--,6,A,"(0, 1, 5, 8)",Cad,C--,C--,A,,
3536,C--,C--,6,A,"(0, 1, 5, 8)",Cad,C--,C--,A,,
3537,C--,C--,6,A,"(0, 1, 5, 8)",Cad,C--,C--,A,,
3538,C--,C--,6,A,"(0, 1, 5, 8)",Cad,C--,C--,A,,
3539,C--,C--,6,A,"(0, 1, 5, 8)",Cad,C--,C--,A,,
3540,C--,C--,6,A,"(0, 1, 5, 8)",Cad,C--,C--,A,,
3541,C--,C--,6,A,"(0, 1, 5, 8)",Cad,C--,C--,A,,
3542,C--,C--,6,A,"(0, 1, 5, 8)",Cad,C--,C--,A,,
3543,C--,C--,6,A,"(0, 1, 5, 8)",Cad,C--,C--,A,,
3544,C--,C--,6,A,"(0, 1, 5, 8)",Cad,C--,C--,A,,
3545,C--,C--,6,A,"(0, 1, 5, 8)",Cad,C--,C--,A,,
3546,C--,C--,6,A,"(0, 1, 5, 8)",Cad,C--,C--,A,,
3547,C--,C--,6,A,"(0, 1, 5, 8)",Cad,C--,C--,A,,
3548,C--,C--,6,A,"(0, 1, 5, 8)",Cad,C--,C--,A,,
3549,C--,C--,6,A,"(0, 1, 5, 8)",Cad,C--,C--,A,,
3550,C--,C--,6,A,"(0, 1, 5, 8)",Cad,C--,C--,A,,
3551,C--,C--,6,A,"(0, 1, 5, 8)",Cad,C--,C--,A,,
3552,C--,C--,6,A,"(0, 1, 5, 8)",Cad,C--,C--,A,,
3553,C--,C--,6,A,"(0, 1, 5, 8)",Cad,C--,C--,A,,
3554,C--,C--,6,A,"(0, 1, 5, 8)",Cad,C--,C--,A,,
3555,C--,C--,6,A,"(0, 1, 5, 8)",Cad,C--,C--,A,,
3556,C--,C--,6,A,"(0, 1, 5, 8)",Cad,C--,C--,A,,
3557,C--,C--,6,A,"(0, 1, 5, 8)",Cad,C--,C--,A,,
3558,C--,C--,6,A,"(0, 1, 5, 8)",Cad,C--,C--,A,,
3559,C--,C--,6,A,"(0, 1, 5, 8)",Cad,C--,C--,A,,
3560,C--,C--,6,A,"(0, 1, 5, 8)",Cad,C--,C--,A,,
3561,C--,C--,6,A,"(0, 1, 5, 8)",Cad,C--,C--,A,,
3562,C--,C--,6,A,"(0, 1, 5, 8)",Cad,C--,C--,A,,
3563,C--,C--,6,A,"(0, 1, 5, 8)",Cad,C--,C--,A,,
3564,C--,C--,6,A,"(0, 1, 5, 8)",Cad,C--,C--,A,,
3565,C--,C--,6,A,"(0, 1, 5, 8)",Cad,C--,C--,A,,
3566,C--,C--,6,A,"(0, 1, 5, 8)",Cad,C--,C--,A,,
3567,C--,C--,6,A,"(0, 1, 5, 8)",Cad,C--,C--,A,,
3568,C--,C--,6,A,"(0, 1, 5, 8)",Cad,C--,C--,A,,
3569,C--,C--,6,A,"(0, 1, 5, 8)",Cad,C--,C--,A,,
3570,C--,C--,6,A,"(0, 1, 5, 8)",Cad,C--,C--,A,,
3571,C--,C--,6,A,"(0, 1, 5, 8)",Cad,C--,C--,A,,
3572,C--,C--,6,A,"(0, 1, 5, 8)",Cad,C--,C--,A,,
3573,C--,C--,6,A,"(0, 1, 5, 8)",Cad,C--,C--,A,,
3574,C--,C--,6,A,"(0, 1, 5, 8)",Cad,C--,C--,A,,
3575,C--,C--,6,A,"(0, 1, 5, 8)",Cad,C--,C--,A,,
3576,C--,C--,6,A,"(0, 1, 5, 8)",Cad,C--,C--,A,,
3577,C--,C--,6,A,"(0, 1, 5, 8)",Cad,C--,C--,A,,
3578,C--,C--,6,A,"(0, 1, 5, 8)",Cad,C--,C--,A,,
3579,C--,C--,6,A,"(0, 1, 5, 8)",Cad,C--,C--,A,,
3580,C--,C--,6,A,"(0, 1, 5, 8)",Cad,C--,C--,A,,
3581,C--,C--,6,A,"(0, 1, 5, 8)",Cad,C--,C--,A,,
3582,C--,C--,6,A,"(0, 1, 5, 8)",Cad,C--,C--,A,,
3583,C--,C--,6,A,"(0, 1, 5, 8)",Cad,C--,C--,A,,
3584,C--,C--,6,A,"(0, 1, 5, 8)",Cad,C--,C--,A,,
3585,C--,C--,6,A,"(0, 1, 5, 8)",Cad,C--,C--,A,,
3586,C--,C--,6,A,"(0, 1, 5, 8)",Cad,C--,C--,A,,
3587,C--,C--,6,A,"(0, 1, 5, 8)",Cad,C--,C--,A,,
3588,C--,C--,6,A,"(0, 1, 5, 8)",Cad,C--,C--,A,,
3589,C--,C--,6,A,"(0, 1, 5, 8)",Cad,C--,C--,A,,
3590,C--,C--,6,A,"(0, 1, 5, 8)",Cad,C--,C--,A,,
3591,C--,C--,6,A,"(0, 1, 5, 8)",Cad,C--,C--,A,,
3592,C--,C--,6,A,"(0, 1, 5, 8)",Cad,C--,C--,A,,
3593,C--,C--,6,A,"(0, 1, 5, 8)",Cad,C--,C--,A,,
3594,C--,C--,6,A,"(0, 1, 5, 8)",Cad,C--,C--,A,,
3595,C--,C--,6,A,"(0, 1, 5, 8)",Cad,C--,C--,A,,
3596,C--,C--,6,A,"(0, 1, 5, 8)",Cad,C--,C--,A,,
3597,C--,C--,6,A,"(0, 1, 5, 8)",Cad,C--,C--,A,,
3598,C--,C--,6,A,"(0, 1, 5, 8)",Cad,C--,C--,A,,
3599,C--,C--,6,A,"(0, 1, 5, 8)",Cad,C--,C--,A,,
3600,C--,C--,6,A,"(0, 1, 5, 8)",Cad,C--,C--,A,,
3601,C--,C--,6,A,"(0, 1, 5, 8)",Cad,C--,C--,A,,
3602,C--,C--,6,A,"(0, 1, 5, 8)",Cad,C--,C--,A,,
3603,C--,C--,6,A,"(0, 1, 5, 8)",Cad,C--,C--,A,,
3604,C--,C--,6,A,"(0, 1, 5, 8)",Cad,C--,C--,A,,
3605,C--,C--,6,A,"(0, 1, 5, 8)",Cad,C--,C--,A,,
3606,C--,C--,6,A,"(0, 1, 5, 8)",Cad,C--,C--,A,,
3607,C--,C--,6,A,"(0, 1, 5, 8)",Cad,C--,C--,A,,
3608,C--,C--,6,A,"(0, 1, 5, 8)",Cad,C--,C--,A,,
3609,C--,C--,6,A,"(0, 1, 5, 8)",Cad,C--,C--,A,,
3610,C--,C--,6,A,"(0, 1, 5, 8)",Cad,C--,C--,A,,
3611,C--,C--,6,A,"(0, 1, 5, 8)",Cad,C--,C--,A,,
3612,C--,C--,6,A,"(0, 1, 5, 8)",Cad,C--,C--,A,,
3613,C--,C--,6,A,"(0, 1, 5, 8)",Cad,C--,C--,A,,
3614,C--,C--,6,A,"(0, 1, 5, 8)",Cad,C--,C--,A,,
3615,C--,C--,6,A,"(0, 1, 5, 8)",Cad,C--,C--,A,,
3616,C--,C--,6,A,"(0, 1, 5, 8)",Cad,C--,C--,A,,
3617,C--,C--,6,A,"(0, 1, 5, 8)",Cad,C--,C--,A,,
3618,C--,C--,6,A,"(0, 1, 5, 8)",Cad,C--,C--,A,,
3619,C--,C--,6,A,"(0, 1, 5, 8)",Cad,C--,C--,A,,
3620,C--,C--,6,A,"(0, 1, 5, 8)",Cad,C--,C--,A,,
3621,C--,C--,6,A,"(0, 1, 5, 8)",Cad,C--,C--,A,,
3622,C--,C--,6,A,"(0, 1, 5, 8)",Cad,C--,C--,A,,
3623,C--,C--,6,A,"(0, 1, 5, 8)",Cad,C--,C--,A,,
3624,C--,C--,6,A,"(0, 1, 5, 8)",Cad,C--,C--,A,,
3625,C--,C--,6,A,"(0, 1, 5, 8)",Cad,C--,C--,A,,
3626,C--,C--,6,A,"(0, 1, 5, 8)",Cad,C--,C--,A,,
3627,C--,C--,6,A,"(0, 1, 5, 8)",Cad,C--,C--,A,,
3628,C--,C--,6,A,"(0, 1, 5, 8)",Cad,C--,C--,A,,
3629,C--,C--,6,A,"(0, 1, 5, 8)",Cad,C--,C--,A,,
3630,C--,C--,6,A,"(0, 1, 5, 8)",Cad,C--,C--,A,,
3631,C--,C--,6,A,"(0, 1, 5, 8)",Cad,C--,C--,A,,
3632,C--,C--,6,A,"(0, 1, 5, 8)",Cad,C--,C--,A,,
3633,C--,C--,6,A,"(0, 1, 5, 8)",Cad,C--,C--,A,,
3634,C--,C--,6,A,"(0, 1, 5, 8)",Cad,C--,C--,A,,
3635,C--,C--,6,A,"(0, 1, 5, 8)",Cad,C--,C--,A,,
3636,C--,C--,6,A,"(0, 1, 5, 8)",Cad,C--,C--,A,,
3637,C--,C--,6,A,"(0, 1, 5, 8)",Cad,C--,C--,A,,
3638,C--,C--,6,A,"(0, 1, 5, 8)",Cad,C--,C--,A,,
3639,C--,C--,6,A,"(0, 1, 5, 8)",Cad,C--,C--,A,,
3640,C--,C--,6,A,"(0, 1, 5, 8)",Cad,C--,C--,A,,
3641,C--,C--,6,A,"(0, 1, 5, 8)",Cad,C--,C--,A,,
3642,C--,C--,6,A,"(0, 1, 5, 8)",Cad,C--,C--,A,,
3643,C--,C--,6,A,"(0, 1, 5, 8)",Cad,C--,C--,A,,
3644,C--,C--,6,A,"(0, 1, 5, 8)",Cad,C--,C--,A,,
3645,C--,C--,6,A,"(0, 1, 5, 8)",Cad,C--,C--,A,,
3646,C--,C--,6,A,"(0, 1, 5, 8)",Cad,C--,C--,A,,
3647,C--,C--,6,A,"(0, 1, 5, 8)",Cad,C--,C--,A,,
3648,C--,C--,6,A,"(0, 1, 5, 8)",Cad,C--,C--,A,,
3649,C--,C--,6,A,"(0, 1, 5, 8)",Cad,C--,C--,A,,
3650,C--,C--,6,A,"(0, 1, 5, 8)",Cad,C--,C--,A,,
3651,C--,C--,6,A,"(0, 1, 5, 8)",Cad,C--,C--,A,,
3652,C--,C--,6,A,"(0, 1, 5, 8)",Cad,C--,C--,A,,
3653,C--,C--,6,A,"(0, 1, 5, 8)",Cad,C--,C--,A,,
3654,C--,C--,6,A,"(0, 1, 5, 8)",Cad,C--,C--,A,,
3655,C--,C--,6,A,"(0, 1, 5, 8)",Cad,C--,C--,A,,
3656,C--,C--,6,A,"(0, 1, 5, 8)",Cad,C--,C--,A,,
3657,C--,C--,6,A,"(0, 1, 5, 8)",Cad,C--,C--,A,,
3658,C--,C--,6,A,"(0, 1, 5, 8)",Cad,C--,C--,A,,
3659,C--,C--,6,A,"(0, 1, 5, 8)",Cad,C--,C--,A,,
3660,C--,C--,6,A,"(0, 1, 5, 8)",Cad,C--,C--,A,,
3661,C--,C--,6,A,"(0, 1, 5, 8)",Cad,C--,C--,A,,
3662,C--,C--,6,A,"(0, 1, 5, 8)",Cad,C--,C--,A,,
3663,C--,C--,6,A,"(0, 1, 5, 8)",Cad,C--,C--,A,,
3664,C--,C--,6,A,"(0, 1, 5, 8)",Cad,C--,C--,A,,
3665,C--,C--,6,A,"(0, 1, 5, 8)",Cad,C--,C--,A,,
3666,C--,C--,6,A,"(0, 1, 5, 8)",Cad,C--,C--,A,,
3667,C--,C--,6,A,"(0, 1, 5, 8)",Cad,C--,C--,A,,
3668,C--,C--,6,A,"(0, 1, 5, 8)",Cad,C--,C--,A,,
3669,C--,C--,6,A,"(0, 1, 5, 8)",Cad,C--,C--,A,,
3670,C--,C--,6,A,"(0, 1, 5, 8)",Cad,C--,C--,A,,
3671,C--,C--,6,A,"(0, 1, 5, 8)",Cad,C--,C--,A,,
3672,C--,C--,6,A,"(0, 1, 5, 8)",Cad,C--,C--,A,,
3673,C--,C--,6,A,"(0, 1, 5, 8)",Cad,C--,C--,A,,
3674,C--,C--,6,A,"(0, 1, 5, 8)",Cad,C--,C--,A,,
3675,C--,C--,6,A,"(0, 1, 5, 8)",Cad,C--,C--,A,,
3676,C--,C--,6,A,"(0, 1, 5, 8)",Cad,C--,C--,A,,
3677,C--,C--,6,A,"(0, 1, 5, 8)",Cad,C--,C--,A,,
3678,C--,C--,6,A,"(0, 1, 5, 8)",Cad,C--,C--,A,,
3679,C--,C--,6,A,"(0, 1, 5, 8)",Cad,C--,C--,A,,
3680,C--,C--,6,A,"(0, 1, 5, 8)",Cad,C--,C--,A,,
3681,C--,C--,6,A,"(0, 1, 5, 8)",Cad,C--,C--,A,,
3682,C--,C--,6,A,"(0, 1, 5, 8)",Cad,C--,C--,A,,
3683,C--,C--,6,A,"(0, 1, 5, 8)",Cad,C--,C--,A,,
3684,C--,C--,6,A,"(0, 1, 5, 8)",Cad,C--,C--,A,,
3685,C--,C--,6,A,"(0, 1, 5, 8)",Cad,C--,C--,A,,
3686,C--,C--,6,A,"(0, 1, 5, 8)",Cad,C--,C--,A,,
3687,C--,C--,6,A,"(0, 1, 5, 8)",Cad,C--,C--,A,,
3688,C--,C--,6,A,"(0, 1, 5, 8)",Cad,C--,C--,A,,
3689,C--,C--,6,A,"(0, 1, 5, 8)",Cad,C--,C--,A,,
3690,C--,C--,6,A,"(0, 1, 5, 8)",Cad,C--,C--,A,,
3691,C--,C--,6,A,"(0, 1, 5, 8)",Cad,C--,C--,A,,
3692,C--,C--,6,A,"(0, 1, 5, 8)",Cad,C--,C--,A,,
3693,C--,C--,6,A,"(0, 1, 5, 8)",Cad,C--,C--,A,,
3694,C--,C--,6,A,"(0, 1, 5, 8)",Cad,C--,C--,A,,
3695,C--,C--,6,A,"(0, 1, 5, 8)",Cad,C--,C--,A,,
3696,C--,C--,6,A,"(0, 1, 5, 8)",Cad,C--,C--,A,,
3697,C--,C--,6,A,"(0, 1, 5, 8)",Cad,C--,C--,A,,
3698,C--,C--,6,A,"(0, 1, 5, 8)",Cad,C--,C--,A,,
3699,C--,C--,6,A,"(0, 1, 5, 8)",Cad,C--,C--,A,,
3700,C--,C--,6,A,"(0, 1, 5, 8)",Cad,C--,C--,A,,
3701,C--,C--,6,A,"(0, 1, 5, 8)",Cad,C--,C--,A,,
3702,C--,C--,6,A,"(0, 1, 5, 8)",Cad,C--,C--,A,,
3703,C--,C--,6,A,"(0, 1, 5, 8)",Cad,C--,C--,A,,
3704,C--,C--,6,A,"(0, 1, 5, 8)",Cad,C--,C--,A,,
3705,C--,C--,6,A,"(0, 1, 5, 8)",Cad,C--,C--,A,,
3706,C--,C--,6,A,"(0, 1, 5, 8)",Cad,C--,C--,A,,
3707,C--,C--,6,A,"(0, 1, 5, 8)",Cad,C--,C--,A,,
3708,C--,C--,6,A,"(0, 1, 5, 8)",Cad,C--,C--,A,,
3709,C--,C--,6,A,"(0, 1, 5, 8)",Cad,C--,C--,A,,
3710,C--,C--,6,A,"(0, 1, 5, 8)",Cad,C--,C--,A,,
3711,C--,C--,6,A,"(0, 1, 5, 8)",Cad,C--,C--,A,,
3712,C--,C--,6,A,"(0, 1, 5, 8)",Cad,C--,C--,A,,
3713,C--,C--,6,A,"(0, 1, 5, 8)",Cad,C--,C--,A,,
3714,C--,C--,6,A,"(0, 1, 5, 8)",Cad,C--,C--,A,,
3715,C--,C--,6,A,"(0, 1, 5, 8)",Cad,C--,C--,A,,
3716,C--,C--,6,A,"(0, 1, 5, 8)",Cad,C--,C--,A,,
3717,C--,C--,6,A,"(0, 1, 5, 8)",Cad,C--,C--,A,,
3718,C--,C--,6,A,"(0, 1, 5, 8)",Cad,C--,C--,A,,
3719,C--,C--,6,A,"(0, 1, 5, 8)",Cad,C--,C--,A,,
3720,C--,C--,6,A,"(0, 1, 5, 8)",Cad,C--,C--,A,,
3721,C--,C--,6,A,"(0, 1, 5, 8)",Cad,C--,C--,A,,
3722,C--,C--,6,A,"(0, 1, 5, 8)",Cad,C--,C--,A,,
3723,C--,C--,6,A,"(0, 1, 5, 8)",Cad,C--,C--,A,,
3724,C--,C--,6,A,"(0, 1, 5, 8)",Cad,C--,C--,A,,
3725,C--,C--,6,A,"(0, 1, 5, 8)",Cad,C--,C--,A,,
3726,C--,C--,6,A,"(0, 1, 5, 8)",Cad,C--,C--,A,,
3727,C--,C--,6,A,"(0, 1, 5, 8)",Cad,C--,C--,A,,
3728,C--,C--,6,A,"(0, 1, 5, 8)",Cad,C--,C--,A,,
3729,C--,C--,6,A,"(0, 1, 5, 8)",Cad,C--,C--,A,,
3730,C--,C--,6,A,"(0, 1, 5, 8)",Cad,C--,C--,A,,
3731,C--,C--,6,A,"(0, 1, 5, 8)",Cad,C--,C--,A,,
3732,C--,C--,6,A,"(0, 1, 5, 8)",Cad,C--,C--,A,,
3733,C--,C--,6,A,"(0, 1, 5, 8)",Cad,C--,C--,A,,
3734,C--,C--,6,A,"(0, 1, 5, 8)",Cad,C--,C--,A,,
3735,C--,C--,6,A,"(0, 1, 5, 8)",Cad,C--,C--,A,,
3736,C--,C--,6,A,"(0, 1, 5, 8)",Cad,C--,C--,A,,
3737,C--,C--,6,A,"(0, 1, 5, 8)",Cad,C--,C--,A,,
3738,C--,C--,6,A,"(0, 1, 5, 8)",Cad,C--,C--,A,,
3739,C--,C--,6,A,"(0, 1, 5, 8)",Cad,C--,C--,A,,
3740,C--,C--,6,A,"(0, 1, 5, 8)",Cad,C--,C--,A,,
3741,C--,C--,6,A,"(0, 1, 5, 8)",Cad,C--,C--,A,,
3742,C--,C--,6,A,"(0, 1, 5, 8)",Cad,C--,C--,A,,
3743,C--,C--,6,A,"(0, 1, 5, 8)",Cad,C--,C--,A,,
3744,C--,C--,6,A,"(0, 1, 5, 8)",Cad,C--,C--,A,,
3745,C--,C--,6,A,"(0, 1, 5, 8)",Cad,C--,C--,A,,
3746,C--,C--,6,A,"(0, 1, 5, 8)",Cad,C--,C--,A,,
3747,C--,C--,6,A,"(0, 1, 5, 8)",Cad,C--,C--,A,,
3748,C--,C--,6,A,"(0, 1, 5, 8)",Cad,C--,C--,A,,
3749,C--,C--,6,A,"(0, 1, 5, 8)",Cad,C--,C--,A,,
3750,C--,C--,6,A,"(0, 1, 5, 8)",Cad,C--,C--,A,,
3751,C--,C--,6,A,"(0, 1, 5, 8)",Cad,C--,C--,A,,
3752,C--,C--,6,A,"(0, 1, 5, 8)",Cad,C--,C--,A,,
3753,C--,C--,6,A,"(0, 1, 5, 8)",Cad,C--,C--,A,,
3754,C--,C--,6,A,"(0, 1, 5, 8)",Cad,C--,C--,A,,
3755,C--,C--,6,A,"(0, 1, 5, 8)",Cad,C--,C--,A,,
3756,C--,C--,6,A,"(0, 1, 5, 8)",Cad,C--,C--,A,,
3757,C--,C--,6,A,"(0, 1, 5, 8)",Cad,C--,C--,A,,
3758,C--,C--,6,A,"(0, 1, 5, 8)",Cad,C--,C--,A,,
3759,C--,C--,6,A,"(0, 1, 5, 8)",Cad,C--,C--,A,,
3760,C--,C--,6,A,"(0, 1, 5, 8)",Cad,C--,C--,A,,
3761,C--,C--,6,A,"(0, 1, 5, 8)",Cad,C--,C--,A,,
3762,C--,C--,6,A,"(0, 1, 5, 8)",Cad,C--,C--,A,,
3763,C--,C--,6,A,"(0, 1, 5, 8)",Cad,C--,C--,A,,
3764,C--,C--,6,A,"(0, 1, 5, 8)",Cad,C--,C--,A,,
3765,C--,C--,6,A,"(0, 1, 5, 8)",Cad,C--,C--,A,,
3766,C--,C--,6,A,"(0, 1, 5, 8)",Cad,C--,C--,A,,
3767,C--,C--,6,A,"(0, 1, 5, 8)",Cad,C--,C--,A,,
3768,C--,C--,6,A,"(0, 1, 5, 8)",Cad,C--,C--,A,,
3769,C--,C--,6,A,"(0, 1, 5, 8)",Cad,C--,C--,A,,
3770,C--,C--,6,A,"(0, 1, 5, 8)",Cad,C--,C--,A,,
3771,C--,C--,6,A,"(0, 1, 5, 8)",Cad,C--,C--,A,,
3772,C--,C--,6,A,"(0, 1, 5, 8)",Cad,C--,C--,A,,
3773,C--,C--,6,A,"(0, 1, 5, 8)",Cad,C--,C--,A,,
3774,C--,C--,6,A,"(0, 1, 5, 8)",Cad,C--,C--,A,,
3775,C--,C--,6,A,"(0, 1, 5, 8)",Cad,C--,C--,A,,
3776,C--,C--,6,A,"(0, 1, 5, 8)",Cad,C--,C--,A,,
3777,C--,C--,6,A,"(0, 1, 5, 8)",Cad,C--,C--,A,,
3778,C--,C--,6,A,"(0, 1, 5, 8)",Cad,C--,C--,A,,
3779,C--,C--,6,A,"(0, 1, 5, 8)",Cad,C--,C--,A,,
3780,C--,C--,6,A,"(0, 1, 5, 8)",Cad,C--,C--,A,,
3781,C--,C--,6,A,"(0, 1, 5, 8)",Cad,C--,C--,A,,
3782,C--,C--,6,A,"(0, 1, 5, 8)",Cad,C--,C--,A,,
3783,C--,C--,6,A,"(0, 1, 5, 8)",Cad,C--,C--,A,,
3784,C--,C--,6,A,"(0, 1, 5, 8)",Cad,C--,C--,A,,
3785,C--,C--,6,A,"(0, 1, 5, 8)",Cad,C--,C--,A,,
3786,C--,C--,6,A,"(0, 1, 5, 8)",Cad,C--,C--,A,,
3787,C--,C--,6,A,"(0, 1, 5, 8)",Cad,C--,C--,A,,
3788,C--,C--,6,A,"(0, 1, 5, 8)",Cad,C--,C--,A,,
3789,C--,C--,6,A,"(0, 1, 5, 8)",Cad,C--,C--,A,,
3790,C--,C--,6,A,"(0, 1, 5, 8)",Cad,C--,C--,A,,
3791,C--,C--,6,A,"(0, 1, 5, 8)",Cad,C--,C--,A,,
3792,C--,C--,6,A,"(0, 1, 5, 8)",Cad,C--,C--,A,,
3793,C--,C--,6,A,"(0, 1, 5, 8)",Cad,C--,C--,A,,
3794,C--,C--,6,A,"(0, 1, 5, 8)",Cad,C--,C--,A,,
3795,C--,C--,6,A,"(0, 1, 5, 8)",Cad,C--,C--,A,,
3796,C--,C--,6,A,"(0, 1, 5, 8)",Cad,C--,C--,A,,
3797,C--,C--,6,A,"(0, 1, 5, 8)",Cad,C--,C--,A,,
3798,C--,C--,6,A,"(0, 1, 5, 8)",Cad,C--,C--,A,,
3799,C--,C--,6,A,"(0, 1, 5, 8)",Cad,C--,C--,A,,
3800,C--,C--,6,A,"(0, 1, 5, 8)",Cad,C--,C--,A,,
3801,C--,C--,6,A,"(0, 1, 5, 8)",Cad,C--,C--,A,,
3802,C--,C--,6,A,"(0, 1, 5, 8)",Cad,C--,C--,A,,
3803,C--,C--,6,A,"(0, 1, 5, 8)",Cad,C--,C--,A,,
3804,C--,C--,6,A,"(0, 1, 5, 8)",Cad,C--,C--,A,,
3805,C--,C--,6,A,"(0, 1, 5, 8)",Cad,C--,C--,A,,
3806,C--,C--,6,A,"(0, 1, 5, 8)",Cad,C--,C--,A,,
3807,C--,C--,6,A,"(0, 1, 5, 8)",Cad,C--,C--,A,,
3808,C--,C--,6,A,"(0, 1, 5, 8)",Cad,C--,C--,A,,
3809,C--,C--,6,A,"(0, 1, 5, 8)",Cad,C--,C--,A,,
3810,C--,C--,6,A,"(0, 1, 5, 8)",Cad,C--,C--,A,,
3811,C--,C--,6,A,"(0, 1, 5, 8)",Cad,C--,C--,A,,
3812,C--,C--,6,A,"(0, 1, 5, 8)",Cad,C--,C--,A,,
3813,C--,C--,6,A,"(0, 1, 5, 8)",Cad,C--,C--,A,,
3814,C--,C--,6,A,"(0, 1, 5, 8)",Cad,C--,C--,A,,
3815,C--,C--,6,A,"(0, 1, 5, 8)",Cad,C--,C--,A,,
3816,C--,C--,6,A,"(0, 1, 5, 8)",Cad,C--,C--,A,,
3817,C--,C--,6,A,"(0, 1, 5, 8)",Cad,C--,C--,A,,
3818,C--,C--,6,A,"(0, 1, 5, 8)",Cad,C--,C--,A,,
3819,C--,C--,6,A,"(0, 1, 5, 8)",Cad,C--,C--,A,,
3820,C--,C--,6,A,"(0, 1, 5, 8)",Cad,C--,C--,A,,
3821,C--,C--,6,A,"(0, 1, 5, 8)",Cad,C--,C--,A,,
3822,C--,C--,6,A,"(0, 1, 5, 8)",Cad,C--,C--,A,,
3823,C--,C--,6,A,"(0, 1, 5, 8)",Cad,C--,C--,A,,
3824,C--,C--,6,A,"(0, 1, 5, 8)",Cad,C--,C--,A,,
3825,C--,C--,6,A,"(0, 1, 5, 8)",Cad,C--,C--,A,,
3826,C--,C--,6,A,"(0, 1, 5, 8)",Cad,C--,C--,A,,
3827,C--,C--,6,A,"(0, 1, 5, 8)",Cad,C--,C--,A,,
3828,C--,C--,6,A,"(0, 1, 5, 8)",Cad,C--,C--,A,,
3829,C--,C--,6,A,"(0, 1, 5, 8)",Cad,C--,C--,A,,
3830,C--,C--,6,A,"(0, 1, 5, 8)",Cad,C--,C--,A,,
3831,C--,C--,6,A,"(0, 1, 5, 8)",Cad,C--,C--,A,,
3832,C--,C--,6,A,"(0, 1, 5, 8)",Cad,C--,C--,A,,
3833,C--,C--,6,A,"(0, 1, 5, 8)",Cad,C--,C--,A,,
3834,C--,C--,6,A,"(0, 1, 5, 8)",Cad,C--,C--,A,,
3835,C--,C--,6,A,"(0, 1, 5, 8)",Cad,C--,C--,A,,
3836,C--,C--,6,A,"(0, 1, 5, 8)",Cad,C--,C--,A,,
3837,C--,C--,6,A,"(0, 1, 5, 8)",Cad,C--,C--,A,,
3838,C--,C--,6,A,"(0, 1, 5, 8)",Cad,C--,C--,A,,
3839,C--,C--,6,A,"(0, 1, 5, 8)",Cad,C--,C--,A,,
