,Alto35,Bass35,HarmonicRhythm7,LocalKey38,PitchClassSet121,RomanNumeral31,Soprano35,Tenor35,TonicizedKey38,offset,measure
0,E,A,0,A,"(1, 4, 9)",I,A,C#,A,0.0,1.0
1,E,A,1,A,"(1, 4, 9)",I,A,C#,A,0.125,1.0
2,E,A,2,A,"(1, 4, 9)",I,A,C#,A,0.25,1.0
3,E,A,2,A,"(1, 4, 9)",I,A,C#,A,0.375,1.0
4,E,A,3,A,"(1, 4, 9)",I,A,C#,A,0.5,1.0
5,E,A,3,A,"(1, 4, 9)",I,A,C#,A,0.625,1.0
6,E,A,3,A,"(1, 4, 9)",I,A,C#,A,0.75,1.0
7,E,A,3,A,"(1, 4, 9)",I,A,C#,A,0.875,1.0
8,E,A,4,A,"(1, 4, 9)",I,A,C#,A,1.0,1.0
9,E,A,4,A,"(1, 4, 9)",I,A,C#,A,1.125,1.0
10,E,A,4,A,"(1, 4, 9)",I,A,C#,A,1.25,1.0
11,E,A,4,A,"(1, 4, 9)",I,A,C#,A,1.375,1.0
12,E,A,4,A,"(1, 4, 9)",I,A,C#,A,1.5,1.0
13,E,A,4,A,"(1, 4, 9)",I,A,C#,A,1.625,1.0
14,E,A,4,A,"(1, 4, 9)",I,A,C#,A,1.75,1.0
15,E,A,4,A,"(1, 4, 9)",I,A,C#,A,1.875,1.0
16,E,A,0,A,"(1, 4, 9)",I,A,C#,A,2.0,2.0
17,E,A,1,A,"(1, 4, 9)",I,A,C#,A,2.125,2.0
18,E,A,2,A,"(1, 4, 9)",I,A,C#,A,2.25,2.0
19,E,A,2,A,"(1, 4, 9)",I,A,C#,A,2.375,2.0
20,E,A,3,A,"(1, 4, 9)",I,A,C#,A,2.5,2.0
21,E,A,3,A,"(1, 4, 9)",I,A,C#,A,2.625,2.0
22,E,A,3,A,"(1, 4, 9)",I,A,C#,A,2.75,2.0
23,E,A,3,A,"(1, 4, 9)",I,A,C#,A,2.875,2.0
24,E,A,4,A,"(1, 4, 9)",I,A,C#,A,3.0,2.0
25,E,A,4,A,"(1, 4, 9)",I,A,C#,A,3.125,2.0
26,E,A,4,A,"(1, 4, 9)",I,A,C#,A,3.25,2.0
27,E,A,4,A,"(1, 4, 9)",I,A,C#,A,3.375,2.0
28,E,A,4,A,"(1, 4, 9)",I,A,C#,A,3.5,2.0
29,E,A,4,A,"(1, 4, 9)",I,A,C#,A,3.625,2.0
30,E,A,4,A,"(1, 4, 9)",I,A,C#,A,3.75,2.0
31,E,A,4,A,"(1, 4, 9)",I,A,C#,A,3.875,2.0
32,E,A,0,A,"(1, 4, 9)",I,A,C#,A,4.0,3.0
33,E,A,1,A,"(1, 4, 9)",I,A,C#,A,4.125,3.0
34,E,A,2,A,"(1, 4, 9)",I,A,C#,A,4.25,3.0
35,E,A,2,A,"(1, 4, 9)",I,A,C#,A,4.375,3.0
36,E,A,3,A,"(1, 4, 9)",I,A,C#,A,4.5,3.0
37,E,A,3,A,"(1, 4, 9)",I,A,C#,A,4.625,3.0
38,E,A,3,A,"(1, 4, 9)",I,A,C#,A,4.75,3.0
39,E,A,3,A,"(1, 4, 9)",I,A,C#,A,4.875,3.0
40,E,A,4,A,"(1, 4, 9)",I,A,C#,A,5.0,3.0
41,E,A,4,A,"(1, 4, 9)",I,A,C#,A,5.125,3.0
42,E,A,4,A,"(1, 4, 9)",I,A,C#,A,5.25,3.0
43,E,A,4,A,"(1, 4, 9)",I,A,C#,A,5.375,3.0
44,E,A,4,A,"(1, 4, 9)",I,A,C#,A,5.5,3.0
45,E,A,4,A,"(1, 4, 9)",I,A,C#,A,5.625,3.0
46,E,A,4,A,"(1, 4, 9)",I,A,C#,A,5.75,3.0
47,E,A,4,A,"(1, 4, 9)",I,A,C#,A,5.875,3.0
48,E,A,0,A,"(1, 4, 9)",I,A,C#,A,6.0,4.0
49,E,A,1,A,"(1, 4, 9)",I,A,C#,A,6.125,4.0
50,E,A,2,A,"(1, 4, 9)",I,A,C#,A,6.25,4.0
51,E,A,2,A,"(1, 4, 9)",I,A,C#,A,6.375,4.0
52,E,A,3,A,"(1, 4, 9)",I,A,C#,A,6.5,4.0
53,E,A,3,A,"(1, 4, 9)",I,A,C#,A,6.625,4.0
54,E,A,3,A,"(1, 4, 9)",I,A,C#,A,6.75,4.0
55,E,A,3,A,"(1, 4, 9)",I,A,C#,A,6.875,4.0
56,E,A,4,A,"(1, 4, 9)",I,A,C#,A,7.0,4.0
57,E,A,4,A,"(1, 4, 9)",I,A,C#,A,7.125,4.0
58,E,A,4,A,"(1, 4, 9)",I,A,C#,A,7.25,4.0
59,E,A,4,A,"(1, 4, 9)",I,A,C#,A,7.375,4.0
60,E,A,4,A,"(1, 4, 9)",I,A,C#,A,7.5,4.0
61,E,A,4,A,"(1, 4, 9)",I,A,C#,A,7.625,4.0
62,E,A,4,A,"(1, 4, 9)",I,A,C#,A,7.75,4.0
63,E,A,4,A,"(1, 4, 9)",I,A,C#,A,7.875,4.0
64,B,D,0,A,"(2, 4, 8, 11)",V7,B,E,A,8.0,5.0
65,B,D,1,A,"(2, 4, 8, 11)",V7,B,E,A,8.125,5.0
66,B,D,2,A,"(2, 4, 8, 11)",V7,B,E,A,8.25,5.0
67,B,D,2,A,"(2, 4, 8, 11)",V7,B,E,A,8.375,5.0
68,B,D,3,A,"(2, 4, 8, 11)",V7,B,E,A,8.5,5.0
69,B,D,3,A,"(2, 4, 8, 11)",V7,B,E,A,8.625,5.0
70,B,D,3,A,"(2, 4, 8, 11)",V7,B,E,A,8.75,5.0
71,B,D,3,A,"(2, 4, 8, 11)",V7,B,E,A,8.875,5.0
72,A,C#,0,A,"(1, 4, 9)",I,A,E,A,9.0,5.0
73,A,C#,1,A,"(1, 4, 9)",I,A,E,A,9.125,5.0
74,A,C#,2,A,"(1, 4, 9)",I,A,E,A,9.25,5.0
75,A,C#,2,A,"(1, 4, 9)",I,A,E,A,9.375,5.0
76,A,C#,3,A,"(1, 4, 9)",I,A,E,A,9.5,5.0
77,A,C#,3,A,"(1, 4, 9)",I,A,E,A,9.625,5.0
78,A,C#,3,A,"(1, 4, 9)",I,A,E,A,9.75,5.0
79,A,C#,3,A,"(1, 4, 9)",I,A,E,A,9.875,5.0
80,B,D,0,A,"(2, 4, 8, 11)",V7,B,E,A,10.0,6.0
81,B,D,1,A,"(2, 4, 8, 11)",V7,B,E,A,10.125,6.0
82,B,D,2,A,"(2, 4, 8, 11)",V7,B,E,A,10.25,6.0
83,B,D,2,A,"(2, 4, 8, 11)",V7,B,E,A,10.375,6.0
84,B,D,3,A,"(2, 4, 8, 11)",V7,B,E,A,10.5,6.0
85,B,D,3,A,"(2, 4, 8, 11)",V7,B,E,A,10.625,6.0
86,B,D,3,A,"(2, 4, 8, 11)",V7,B,E,A,10.75,6.0
87,B,D,3,A,"(2, 4, 8, 11)",V7,B,E,A,10.875,6.0
88,A,C#,0,A,"(1, 4, 9)",I,A,E,A,11.0,6.0
89,A,C#,1,A,"(1, 4, 9)",I,A,E,A,11.125,6.0
90,A,C#,2,A,"(1, 4, 9)",I,A,E,A,11.25,6.0
91,A,C#,2,A,"(1, 4, 9)",I,A,E,A,11.375,6.0
92,A,C#,3,A,"(1, 4, 9)",I,A,E,A,11.5,6.0
93,A,C#,3,A,"(1, 4, 9)",I,A,E,A,11.625,6.0
94,A,C#,3,A,"(1, 4, 9)",I,A,E,A,11.75,6.0
95,A,C#,3,A,"(1, 4, 9)",I,A,E,A,11.875,6.0
96,G#,B,0,A,"(4, 8, 11)",V,A,E,A,12.0,7.0
97,G#,B,1,A,"(4, 8, 11)",V,A,E,A,12.125,7.0
98,G#,B,2,A,"(4, 8, 11)",V,A,E,A,12.25,7.0
99,G#,B,2,A,"(4, 8, 11)",V,A,E,A,12.375,7.0
100,G#,B,3,A,"(4, 8, 11)",V,A,E,A,12.5,7.0
101,G#,B,3,A,"(4, 8, 11)",V,A,E,A,12.625,7.0
102,G#,B,3,A,"(4, 8, 11)",V,A,E,A,12.75,7.0
103,G#,B,3,A,"(4, 8, 11)",V,A,E,A,12.875,7.0
104,F#,B,0,A,"(3, 6, 9, 11)",V7,A,D#,E,13.0,7.0
105,F#,B,1,A,"(3, 6, 9, 11)",V7,A,D#,E,13.125,7.0
106,F#,B,2,A,"(3, 6, 9, 11)",V7,A,D#,E,13.25,7.0
107,F#,B,2,A,"(3, 6, 9, 11)",V7,A,D#,E,13.375,7.0
108,F#,B,3,A,"(3, 6, 9, 11)",V7,A,D#,E,13.5,7.0
109,F#,B,3,A,"(3, 6, 9, 11)",V7,A,D#,E,13.625,7.0
110,F#,B,3,A,"(3, 6, 9, 11)",V7,A,D#,E,13.75,7.0
111,F#,B,3,A,"(3, 6, 9, 11)",V7,A,D#,E,13.875,7.0
112,B,E,0,A,"(4, 8, 11)",V,E,G#,A,14.0,8.0
113,B,E,1,A,"(4, 8, 11)",V,E,G#,A,14.125,8.0
114,B,E,2,A,"(4, 8, 11)",V,E,G#,A,14.25,8.0
115,B,E,2,A,"(4, 8, 11)",V,E,G#,A,14.375,8.0
116,B,E,3,A,"(4, 8, 11)",V,E,G#,A,14.5,8.0
117,B,E,3,A,"(4, 8, 11)",V,E,G#,A,14.625,8.0
118,B,E,3,A,"(4, 8, 11)",V,E,G#,A,14.75,8.0
119,B,E,3,A,"(4, 8, 11)",V,E,G#,A,14.875,8.0
120,B,E,4,A,"(4, 8, 11)",V,E,G#,A,15.0,8.0
121,B,E,4,A,"(4, 8, 11)",V,E,G#,A,15.125,8.0
122,B,E,4,A,"(4, 8, 11)",V,E,G#,A,15.25,8.0
123,B,E,4,A,"(4, 8, 11)",V,E,G#,A,15.375,8.0
124,B,E,4,A,"(4, 8, 11)",V,E,G#,A,15.5,8.0
125,B,E,4,A,"(4, 8, 11)",V,E,G#,A,15.625,8.0
126,B,E,4,A,"(4, 8, 11)",V,E,G#,A,15.75,8.0
127,B,E,4,A,"(4, 8, 11)",V,E,G#,A,15.875,8.0
128,E,A,0,A,"(1, 4, 9)",I,A,C#,A,16.0,9.0
129,E,A,1,A,"(1, 4, 9)",I,A,C#,A,16.125,9.0
130,E,A,2,A,"(1, 4, 9)",I,A,C#,A,16.25,9.0
131,E,A,2,A,"(1, 4, 9)",I,A,C#,A,16.375,9.0
132,E,A,3,A,"(1, 4, 9)",I,A,C#,A,16.5,9.0
133,E,A,3,A,"(1, 4, 9)",I,A,C#,A,16.625,9.0
134,E,A,3,A,"(1, 4, 9)",I,A,C#,A,16.75,9.0
135,E,A,3,A,"(1, 4, 9)",I,A,C#,A,16.875,9.0
136,E,A,4,A,"(1, 4, 9)",I,A,C#,A,17.0,9.0
137,E,A,4,A,"(1, 4, 9)",I,A,C#,A,17.125,9.0
138,E,A,4,A,"(1, 4, 9)",I,A,C#,A,17.25,9.0
139,E,A,4,A,"(1, 4, 9)",I,A,C#,A,17.375,9.0
140,E,A,4,A,"(1, 4, 9)",I,A,C#,A,17.5,9.0
141,E,A,4,A,"(1, 4, 9)",I,A,C#,A,17.625,9.0
142,E,A,4,A,"(1, 4, 9)",I,A,C#,A,17.75,9.0
143,E,A,4,A,"(1, 4, 9)",I,A,C#,A,17.875,9.0
144,E,B,0,A,"(2, 4, 8, 11)",V7,G#,D,A,18.0,10.0
145,E,B,1,A,"(2, 4, 8, 11)",V7,G#,D,A,18.125,10.0
146,E,B,2,A,"(2, 4, 8, 11)",V7,G#,D,A,18.25,10.0
147,E,B,2,A,"(2, 4, 8, 11)",V7,G#,D,A,18.375,10.0
148,E,B,3,A,"(2, 4, 8, 11)",V7,G#,D,A,18.5,10.0
149,E,B,3,A,"(2, 4, 8, 11)",V7,G#,D,A,18.625,10.0
150,E,B,3,A,"(2, 4, 8, 11)",V7,G#,D,A,18.75,10.0
151,E,B,3,A,"(2, 4, 8, 11)",V7,G#,D,A,18.875,10.0
152,B,E,4,A,"(2, 4, 8, 11)",V7,G#,G#,A,19.0,10.0
153,B,E,4,A,"(2, 4, 8, 11)",V7,G#,G#,A,19.125,10.0
154,B,E,4,A,"(2, 4, 8, 11)",V7,G#,G#,A,19.25,10.0
155,B,E,4,A,"(2, 4, 8, 11)",V7,G#,G#,A,19.375,10.0
156,B,E,4,A,"(2, 4, 8, 11)",V7,E,G#,A,19.5,10.0
157,B,E,4,A,"(2, 4, 8, 11)",V7,E,G#,A,19.625,10.0
158,B,E,4,A,"(2, 4, 8, 11)",V7,E,G#,A,19.75,10.0
159,B,E,4,A,"(2, 4, 8, 11)",V7,E,G#,A,19.875,10.0
160,E,A,0,A,"(1, 4, 9)",I,A,C#,A,20.0,11.0
161,E,A,1,A,"(1, 4, 9)",I,A,C#,A,20.125,11.0
162,E,A,2,A,"(1, 4, 9)",I,A,C#,A,20.25,11.0
163,E,A,2,A,"(1, 4, 9)",I,A,C#,A,20.375,11.0
164,E,A,3,A,"(1, 4, 9)",I,A,C#,A,20.5,11.0
165,E,A,3,A,"(1, 4, 9)",I,A,C#,A,20.625,11.0
166,E,A,3,A,"(1, 4, 9)",I,A,C#,A,20.75,11.0
167,E,A,3,A,"(1, 4, 9)",I,A,C#,A,20.875,11.0
168,E,A,4,A,"(1, 4, 9)",I,A,C#,A,21.0,11.0
169,E,A,4,A,"(1, 4, 9)",I,A,C#,A,21.125,11.0
170,E,A,4,A,"(1, 4, 9)",I,A,C#,A,21.25,11.0
171,E,A,4,A,"(1, 4, 9)",I,A,C#,A,21.375,11.0
172,E,A,4,A,"(1, 4, 9)",I,A,C#,A,21.5,11.0
173,E,A,4,A,"(1, 4, 9)",I,A,C#,A,21.625,11.0
174,E,A,4,A,"(1, 4, 9)",I,A,C#,A,21.75,11.0
175,E,A,4,A,"(1, 4, 9)",I,A,C#,A,21.875,11.0
176,E,B,0,A,"(2, 4, 8, 11)",V7,G#,D,A,22.0,12.0
177,E,B,1,A,"(2, 4, 8, 11)",V7,G#,D,A,22.125,12.0
178,E,B,2,A,"(2, 4, 8, 11)",V7,G#,D,A,22.25,12.0
179,E,B,2,A,"(2, 4, 8, 11)",V7,G#,D,A,22.375,12.0
180,E,B,3,A,"(2, 4, 8, 11)",V7,G#,D,A,22.5,12.0
181,E,B,3,A,"(2, 4, 8, 11)",V7,G#,D,A,22.625,12.0
182,E,B,3,A,"(2, 4, 8, 11)",V7,G#,D,A,22.75,12.0
183,E,B,3,A,"(2, 4, 8, 11)",V7,G#,D,A,22.875,12.0
184,B,E,4,A,"(2, 4, 8, 11)",V7,D,G#,A,23.0,12.0
185,B,E,4,A,"(2, 4, 8, 11)",V7,D,G#,A,23.125,12.0
186,B,E,4,A,"(2, 4, 8, 11)",V7,D,G#,A,23.25,12.0
187,B,E,4,A,"(2, 4, 8, 11)",V7,D,G#,A,23.375,12.0
188,B,E,4,A,"(2, 4, 8, 11)",V7,E,G#,A,23.5,12.0
189,B,E,4,A,"(2, 4, 8, 11)",V7,E,G#,A,23.625,12.0
190,B,E,4,A,"(2, 4, 8, 11)",V7,E,G#,A,23.75,12.0
191,B,E,4,A,"(2, 4, 8, 11)",V7,E,G#,A,23.875,12.0
192,E,A,0,A,"(1, 4, 9)",I,A,C#,A,24.0,13.0
193,E,A,1,A,"(1, 4, 9)",I,A,C#,A,24.125,13.0
194,E,A,2,A,"(1, 4, 9)",I,A,C#,A,24.25,13.0
195,E,A,2,A,"(1, 4, 9)",I,A,C#,A,24.375,13.0
196,E,A,3,A,"(1, 4, 9)",I,A,C#,A,24.5,13.0
197,E,A,3,A,"(1, 4, 9)",I,A,C#,A,24.625,13.0
198,E,A,3,A,"(1, 4, 9)",I,A,C#,A,24.75,13.0
199,E,A,3,A,"(1, 4, 9)",I,A,C#,A,24.875,13.0
200,E,A,4,A,"(1, 4, 9)",I,A,C#,A,25.0,13.0
201,E,A,4,A,"(1, 4, 9)",I,A,C#,A,25.125,13.0
202,E,A,4,A,"(1, 4, 9)",I,A,C#,A,25.25,13.0
203,E,A,4,A,"(1, 4, 9)",I,A,C#,A,25.375,13.0
204,E,A,4,A,"(1, 4, 9)",I,A,C#,A,25.5,13.0
205,E,A,4,A,"(1, 4, 9)",I,A,C#,A,25.625,13.0
206,E,A,4,A,"(1, 4, 9)",I,A,C#,A,25.75,13.0
207,E,A,4,A,"(1, 4, 9)",I,A,C#,A,25.875,13.0
208,E,A,0,A,"(1, 4, 9)",I,A,C#,A,26.0,14.0
209,E,A,1,A,"(1, 4, 9)",I,A,C#,A,26.125,14.0
210,E,A,2,A,"(1, 4, 9)",I,A,C#,A,26.25,14.0
211,E,A,2,A,"(1, 4, 9)",I,A,C#,A,26.375,14.0
212,E,A,3,A,"(1, 4, 9)",I,A,C#,A,26.5,14.0
213,E,A,3,A,"(1, 4, 9)",I,A,C#,A,26.625,14.0
214,E,A,3,A,"(1, 4, 9)",I,A,C#,A,26.75,14.0
215,E,A,3,A,"(1, 4, 9)",I,A,C#,A,26.875,14.0
216,E,A,4,A,"(1, 4, 9)",I,A,C#,A,27.0,14.0
217,E,A,4,A,"(1, 4, 9)",I,A,C#,A,27.125,14.0
218,E,A,4,A,"(1, 4, 9)",I,A,C#,A,27.25,14.0
219,E,A,4,A,"(1, 4, 9)",I,A,C#,A,27.375,14.0
220,E,A,4,A,"(1, 4, 9)",I,A,C#,A,27.5,14.0
221,E,A,4,A,"(1, 4, 9)",I,A,C#,A,27.625,14.0
222,E,A,4,A,"(1, 4, 9)",I,A,C#,A,27.75,14.0
223,E,A,4,A,"(1, 4, 9)",I,A,C#,A,27.875,14.0
224,B,E,0,A,"(2, 4, 8, 11)",V7,D,G#,A,28.0,15.0
225,B,E,1,A,"(2, 4, 8, 11)",V7,D,G#,A,28.125,15.0
226,B,E,2,A,"(2, 4, 8, 11)",V7,D,G#,A,28.25,15.0
227,B,E,2,A,"(2, 4, 8, 11)",V7,D,G#,A,28.375,15.0
228,B,E,3,A,"(2, 4, 8, 11)",V7,D,G#,A,28.5,15.0
229,B,E,3,A,"(2, 4, 8, 11)",V7,D,G#,A,28.625,15.0
230,B,E,3,A,"(2, 4, 8, 11)",V7,D,G#,A,28.75,15.0
231,B,E,3,A,"(2, 4, 8, 11)",V7,D,G#,A,28.875,15.0
232,B,E,4,A,"(2, 4, 8, 11)",V7,D,G#,A,29.0,15.0
233,B,E,4,A,"(2, 4, 8, 11)",V7,D,G#,A,29.125,15.0
234,B,E,4,A,"(2, 4, 8, 11)",V7,D,G#,A,29.25,15.0
235,B,E,4,A,"(2, 4, 8, 11)",V7,D,G#,A,29.375,15.0
236,B,E,4,A,"(2, 4, 8, 11)",V7,D,G#,A,29.5,15.0
237,B,E,4,A,"(2, 4, 8, 11)",V7,D,G#,A,29.625,15.0
238,B,E,4,A,"(2, 4, 8, 11)",V7,D,G#,A,29.75,15.0
239,B,E,4,A,"(2, 4, 8, 11)",V7,D,G#,A,29.875,15.0
240,E,A,0,A,"(1, 4, 9)",I,A,C#,A,30.0,16.0
241,E,A,1,A,"(1, 4, 9)",I,A,C#,A,30.125,16.0
242,E,A,2,A,"(1, 4, 9)",I,A,C#,A,30.25,16.0
243,E,A,2,A,"(1, 4, 9)",I,A,C#,A,30.375,16.0
244,E,A,3,A,"(1, 4, 9)",I,A,C#,A,30.5,16.0
245,E,A,3,A,"(1, 4, 9)",I,A,C#,A,30.625,16.0
246,E,A,3,A,"(1, 4, 9)",I,A,C#,A,30.75,16.0
247,E,A,3,A,"(1, 4, 9)",I,A,C#,A,30.875,16.0
248,E,A,4,A,"(1, 4, 9)",I,A,C#,A,31.0,16.0
249,E,A,4,A,"(1, 4, 9)",I,A,C#,A,31.125,16.0
250,E,A,4,A,"(1, 4, 9)",I,A,C#,A,31.25,16.0
251,E,A,4,A,"(1, 4, 9)",I,A,C#,A,31.375,16.0
252,E,A,4,A,"(1, 4, 9)",I,A,C#,A,31.5,16.0
253,E,A,4,A,"(1, 4, 9)",I,A,C#,A,31.625,16.0
254,E,A,4,A,"(1, 4, 9)",I,A,C#,A,31.75,16.0
255,E,A,4,A,"(1, 4, 9)",I,A,C#,A,31.875,16.0
256,E,A,0,A,"(1, 4, 9)",I,A,C#,A,32.0,17.0
257,E,A,1,A,"(1, 4, 9)",I,A,C#,A,32.125,17.0
258,E,A,2,A,"(1, 4, 9)",I,A,C#,A,32.25,17.0
259,E,A,2,A,"(1, 4, 9)",I,A,C#,A,32.375,17.0
260,E,A,3,A,"(1, 4, 9)",I,A,C#,A,32.5,17.0
261,E,A,3,A,"(1, 4, 9)",I,A,C#,A,32.625,17.0
262,E,A,3,A,"(1, 4, 9)",I,A,C#,A,32.75,17.0
263,E,A,3,A,"(1, 4, 9)",I,A,C#,A,32.875,17.0
264,E,A,4,A,"(1, 4, 9)",I,A,C#,A,33.0,17.0
265,E,A,4,A,"(1, 4, 9)",I,A,C#,A,33.125,17.0
266,E,A,4,A,"(1, 4, 9)",I,A,C#,A,33.25,17.0
267,E,A,4,A,"(1, 4, 9)",I,A,C#,A,33.375,17.0
268,E,A,4,A,"(1, 4, 9)",I,A,C#,A,33.5,17.0
269,E,A,4,A,"(1, 4, 9)",I,A,C#,A,33.625,17.0
270,E,A,4,A,"(1, 4, 9)",I,A,C#,A,33.75,17.0
271,E,A,4,A,"(1, 4, 9)",I,A,C#,A,33.875,17.0
272,E,B,0,A,"(2, 4, 8, 11)",V7,G#,D,A,34.0,18.0
273,E,B,1,A,"(2, 4, 8, 11)",V7,G#,D,A,34.125,18.0
274,E,B,2,A,"(2, 4, 8, 11)",V7,G#,D,A,34.25,18.0
275,E,B,2,A,"(2, 4, 8, 11)",V7,G#,D,A,34.375,18.0
276,E,B,3,A,"(2, 4, 8, 11)",V7,G#,D,A,34.5,18.0
277,E,B,3,A,"(2, 4, 8, 11)",V7,G#,D,A,34.625,18.0
278,E,B,3,A,"(2, 4, 8, 11)",V7,G#,D,A,34.75,18.0
279,E,B,3,A,"(2, 4, 8, 11)",V7,G#,D,A,34.875,18.0
280,B,E,4,A,"(2, 4, 8, 11)",V7,G#,G#,A,35.0,18.0
281,B,E,4,A,"(2, 4, 8, 11)",V7,G#,G#,A,35.125,18.0
282,B,E,4,A,"(2, 4, 8, 11)",V7,G#,G#,A,35.25,18.0
283,B,E,4,A,"(2, 4, 8, 11)",V7,G#,G#,A,35.375,18.0
284,B,E,4,A,"(2, 4, 8, 11)",V7,E,G#,A,35.5,18.0
285,B,E,4,A,"(2, 4, 8, 11)",V7,E,G#,A,35.625,18.0
286,B,E,4,A,"(2, 4, 8, 11)",V7,E,G#,A,35.75,18.0
287,B,E,4,A,"(2, 4, 8, 11)",V7,E,G#,A,35.875,18.0
288,E,A,0,A,"(1, 4, 9)",I,A,C#,A,36.0,19.0
289,E,A,1,A,"(1, 4, 9)",I,A,C#,A,36.125,19.0
290,E,A,2,A,"(1, 4, 9)",I,A,C#,A,36.25,19.0
291,E,A,2,A,"(1, 4, 9)",I,A,C#,A,36.375,19.0
292,E,A,3,A,"(1, 4, 9)",I,A,C#,A,36.5,19.0
293,E,A,3,A,"(1, 4, 9)",I,A,C#,A,36.625,19.0
294,E,A,3,A,"(1, 4, 9)",I,A,C#,A,36.75,19.0
295,E,A,3,A,"(1, 4, 9)",I,A,C#,A,36.875,19.0
296,E,A,4,A,"(1, 4, 9)",I,A,C#,A,37.0,19.0
297,E,A,4,A,"(1, 4, 9)",I,A,C#,A,37.125,19.0
298,E,A,4,A,"(1, 4, 9)",I,A,C#,A,37.25,19.0
299,E,A,4,A,"(1, 4, 9)",I,A,C#,A,37.375,19.0
300,E,A,4,A,"(1, 4, 9)",I,A,C#,A,37.5,19.0
301,E,A,4,A,"(1, 4, 9)",I,A,C#,A,37.625,19.0
302,E,A,4,A,"(1, 4, 9)",I,A,C#,A,37.75,19.0
303,E,A,4,A,"(1, 4, 9)",I,A,C#,A,37.875,19.0
304,E,B,0,A,"(2, 4, 8, 11)",V7,G#,D,A,38.0,20.0
305,E,B,1,A,"(2, 4, 8, 11)",V7,G#,D,A,38.125,20.0
306,E,B,2,A,"(2, 4, 8, 11)",V7,G#,D,A,38.25,20.0
307,E,B,2,A,"(2, 4, 8, 11)",V7,G#,D,A,38.375,20.0
308,E,B,3,A,"(2, 4, 8, 11)",V7,G#,D,A,38.5,20.0
309,E,B,3,A,"(2, 4, 8, 11)",V7,G#,D,A,38.625,20.0
310,E,B,3,A,"(2, 4, 8, 11)",V7,G#,D,A,38.75,20.0
311,E,B,3,A,"(2, 4, 8, 11)",V7,G#,D,A,38.875,20.0
312,B,E,4,A,"(2, 4, 8, 11)",V7,D,G#,A,39.0,20.0
313,B,E,4,A,"(2, 4, 8, 11)",V7,D,G#,A,39.125,20.0
314,B,E,4,A,"(2, 4, 8, 11)",V7,D,G#,A,39.25,20.0
315,B,E,4,A,"(2, 4, 8, 11)",V7,D,G#,A,39.375,20.0
316,B,E,4,A,"(2, 4, 8, 11)",V7,D,G#,A,39.5,20.0
317,B,E,4,A,"(2, 4, 8, 11)",V7,D,G#,A,39.625,20.0
318,B,E,4,A,"(2, 4, 8, 11)",V7,D,G#,A,39.75,20.0
319,B,E,4,A,"(2, 4, 8, 11)",V7,D,G#,A,39.875,20.0
320,E,A,0,A,"(1, 4, 9)",I,A,C#,A,40.0,21.0
321,E,A,1,A,"(1, 4, 9)",I,A,C#,A,40.125,21.0
322,E,A,2,A,"(1, 4, 9)",I,A,C#,A,40.25,21.0
323,E,A,2,A,"(1, 4, 9)",I,A,C#,A,40.375,21.0
324,E,A,3,A,"(1, 4, 9)",I,A,C#,A,40.5,21.0
325,E,A,3,A,"(1, 4, 9)",I,A,C#,A,40.625,21.0
326,E,A,3,A,"(1, 4, 9)",I,A,C#,A,40.75,21.0
327,E,A,3,A,"(1, 4, 9)",I,A,C#,A,40.875,21.0
328,E,A,4,A,"(1, 4, 9)",I,A,C#,A,41.0,21.0
329,E,A,4,A,"(1, 4, 9)",I,A,C#,A,41.125,21.0
330,E,A,4,A,"(1, 4, 9)",I,A,C#,A,41.25,21.0
331,E,A,4,A,"(1, 4, 9)",I,A,C#,A,41.375,21.0
332,E,A,4,A,"(1, 4, 9)",I,A,C#,A,41.5,21.0
333,E,A,4,A,"(1, 4, 9)",I,A,C#,A,41.625,21.0
334,E,A,4,A,"(1, 4, 9)",I,A,C#,A,41.75,21.0
335,E,A,4,A,"(1, 4, 9)",I,A,C#,A,41.875,21.0
336,E,A,0,A,"(1, 4, 9)",I,A,C#,A,42.0,22.0
337,E,A,1,A,"(1, 4, 9)",I,A,C#,A,42.125,22.0
338,E,A,2,A,"(1, 4, 9)",I,A,C#,A,42.25,22.0
339,E,A,2,A,"(1, 4, 9)",I,A,C#,A,42.375,22.0
340,E,A,3,A,"(1, 4, 9)",I,A,C#,A,42.5,22.0
341,E,A,3,A,"(1, 4, 9)",I,A,C#,A,42.625,22.0
342,E,A,3,A,"(1, 4, 9)",I,A,C#,A,42.75,22.0
343,E,A,3,A,"(1, 4, 9)",I,A,C#,A,42.875,22.0
344,E,A,4,A,"(1, 4, 9)",I,A,C#,A,43.0,22.0
345,E,A,4,A,"(1, 4, 9)",I,A,C#,A,43.125,22.0
346,E,A,4,A,"(1, 4, 9)",I,A,C#,A,43.25,22.0
347,E,A,4,A,"(1, 4, 9)",I,A,C#,A,43.375,22.0
348,E,A,4,A,"(1, 4, 9)",I,A,C#,A,43.5,22.0
349,E,A,4,A,"(1, 4, 9)",I,A,C#,A,43.625,22.0
350,E,A,4,A,"(1, 4, 9)",I,A,C#,A,43.75,22.0
351,E,A,4,A,"(1, 4, 9)",I,A,C#,A,43.875,22.0
352,B,E,0,A,"(2, 4, 8, 11)",V7,D,G#,A,44.0,23.0
353,B,E,1,A,"(2, 4, 8, 11)",V7,D,G#,A,44.125,23.0
354,B,E,2,A,"(2, 4, 8, 11)",V7,D,G#,A,44.25,23.0
355,B,E,2,A,"(2, 4, 8, 11)",V7,D,G#,A,44.375,23.0
356,B,E,3,A,"(2, 4, 8, 11)",V7,D,G#,A,44.5,23.0
357,B,E,3,A,"(2, 4, 8, 11)",V7,D,G#,A,44.625,23.0
358,B,E,3,A,"(2, 4, 8, 11)",V7,D,G#,A,44.75,23.0
359,B,E,3,A,"(2, 4, 8, 11)",V7,D,G#,A,44.875,23.0
360,B,E,4,A,"(2, 4, 8, 11)",V7,D,G#,A,45.0,23.0
361,B,E,4,A,"(2, 4, 8, 11)",V7,D,G#,A,45.125,23.0
362,B,E,4,A,"(2, 4, 8, 11)",V7,D,G#,A,45.25,23.0
363,B,E,4,A,"(2, 4, 8, 11)",V7,D,G#,A,45.375,23.0
364,B,E,4,A,"(2, 4, 8, 11)",V7,D,G#,A,45.5,23.0
365,B,E,4,A,"(2, 4, 8, 11)",V7,D,G#,A,45.625,23.0
366,B,E,4,A,"(2, 4, 8, 11)",V7,D,G#,A,45.75,23.0
367,B,E,4,A,"(2, 4, 8, 11)",V7,D,G#,A,45.875,23.0
368,E,A,0,A,"(1, 4, 9)",I,A,C#,A,46.0,24.0
369,E,A,1,A,"(1, 4, 9)",I,A,C#,A,46.125,24.0
370,E,A,2,A,"(1, 4, 9)",I,A,C#,A,46.25,24.0
371,E,A,2,A,"(1, 4, 9)",I,A,C#,A,46.375,24.0
372,E,A,3,A,"(1, 4, 9)",I,A,C#,A,46.5,24.0
373,E,A,3,A,"(1, 4, 9)",I,A,C#,A,46.625,24.0
374,E,A,3,A,"(1, 4, 9)",I,A,C#,A,46.75,24.0
375,E,A,3,A,"(1, 4, 9)",I,A,C#,A,46.875,24.0
376,E,A,4,A,"(1, 4, 9)",I,A,C#,A,47.0,24.0
377,E,A,4,A,"(1, 4, 9)",I,A,C#,A,47.125,24.0
378,E,A,4,A,"(1, 4, 9)",I,A,C#,A,47.25,24.0
379,E,A,4,A,"(1, 4, 9)",I,A,C#,A,47.375,24.0
380,E,A,4,A,"(1, 4, 9)",I,A,C#,A,47.5,24.0
381,E,A,4,A,"(1, 4, 9)",I,A,C#,A,47.625,24.0
382,E,A,4,A,"(1, 4, 9)",I,A,C#,A,47.75,24.0
383,E,A,4,A,"(1, 4, 9)",I,A,C#,A,47.875,24.0
384,E,A,0,A,"(1, 4, 9)",I,A,C#,A,48.0,25.0
385,E,A,1,A,"(1, 4, 9)",I,A,C#,A,48.125,25.0
386,E,A,2,A,"(1, 4, 9)",I,A,C#,A,48.25,25.0
387,E,A,2,A,"(1, 4, 9)",I,A,C#,A,48.375,25.0
388,E,A,3,A,"(1, 4, 9)",I,A,C#,A,48.5,25.0
389,E,A,3,A,"(1, 4, 9)",I,A,C#,A,48.625,25.0
390,E,A,3,A,"(1, 4, 9)",I,A,C#,A,48.75,25.0
391,E,A,3,A,"(1, 4, 9)",I,A,C#,A,48.875,25.0
392,E,A,4,A,"(1, 4, 9)",I,A,C#,A,49.0,25.0
393,E,A,4,A,"(1, 4, 9)",I,A,C#,A,49.125,25.0
394,E,A,4,A,"(1, 4, 9)",I,A,C#,A,49.25,25.0
395,E,A,4,A,"(1, 4, 9)",I,A,C#,A,49.375,25.0
396,E,A,4,A,"(1, 4, 9)",I,A,C#,A,49.5,25.0
397,E,A,4,A,"(1, 4, 9)",I,A,C#,A,49.625,25.0
398,E,A,4,A,"(1, 4, 9)",I,A,C#,A,49.75,25.0
399,E,A,4,A,"(1, 4, 9)",I,A,C#,A,49.875,25.0
400,E,A,0,A,"(1, 4, 9)",I,A,C#,A,50.0,26.0
401,E,A,1,A,"(1, 4, 9)",I,A,C#,A,50.125,26.0
402,E,A,2,A,"(1, 4, 9)",I,A,C#,A,50.25,26.0
403,E,A,2,A,"(1, 4, 9)",I,A,C#,A,50.375,26.0
404,E,A,3,A,"(1, 4, 9)",I,A,C#,A,50.5,26.0
405,E,A,3,A,"(1, 4, 9)",I,A,C#,A,50.625,26.0
406,E,A,3,A,"(1, 4, 9)",I,A,C#,A,50.75,26.0
407,E,A,3,A,"(1, 4, 9)",I,A,C#,A,50.875,26.0
408,E,A,4,A,"(1, 4, 9)",I,A,C#,A,51.0,26.0
409,E,A,4,A,"(1, 4, 9)",I,A,C#,A,51.125,26.0
410,E,A,4,A,"(1, 4, 9)",I,A,C#,A,51.25,26.0
411,E,A,4,A,"(1, 4, 9)",I,A,C#,A,51.375,26.0
412,E,A,4,A,"(1, 4, 9)",I,A,C#,A,51.5,26.0
413,E,A,4,A,"(1, 4, 9)",I,A,C#,A,51.625,26.0
414,E,A,4,A,"(1, 4, 9)",I,A,C#,A,51.75,26.0
415,E,A,4,A,"(1, 4, 9)",I,A,C#,A,51.875,26.0
416,A,E,0,A,"(1, 4, 9)",I,A,E,A,52.0,27.0
417,A,E,1,A,"(1, 4, 9)",I,A,E,A,52.125,27.0
418,A,E,2,A,"(1, 4, 9)",I,A,E,A,52.25,27.0
419,A,E,2,A,"(1, 4, 9)",I,A,E,A,52.375,27.0
420,A,E,3,A,"(1, 4, 9)",I,A,E,A,52.5,27.0
421,A,E,3,A,"(1, 4, 9)",I,A,E,A,52.625,27.0
422,A,E,3,A,"(1, 4, 9)",I,A,E,A,52.75,27.0
423,A,E,3,A,"(1, 4, 9)",I,A,E,A,52.875,27.0
424,A,C#,0,A,"(1, 4, 9)",I,A,E,A,53.0,27.0
425,A,C#,1,A,"(1, 4, 9)",I,A,E,A,53.125,27.0
426,A,C#,2,A,"(1, 4, 9)",I,A,E,A,53.25,27.0
427,A,C#,2,A,"(1, 4, 9)",I,A,E,A,53.375,27.0
428,A,C#,3,A,"(1, 4, 9)",I,A,E,A,53.5,27.0
429,A,C#,3,A,"(1, 4, 9)",I,A,E,A,53.625,27.0
430,A,C#,3,A,"(1, 4, 9)",I,A,E,A,53.75,27.0
431,A,C#,3,A,"(1, 4, 9)",I,A,E,A,53.875,27.0
432,D,G#,0,A,"(2, 4, 8, 11)",V7,E,B,A,54.0,28.0
433,D,G#,1,A,"(2, 4, 8, 11)",V7,E,B,A,54.125,28.0
434,D,G#,2,A,"(2, 4, 8, 11)",V7,E,B,A,54.25,28.0
435,D,G#,2,A,"(2, 4, 8, 11)",V7,E,B,A,54.375,28.0
436,D,G#,3,A,"(2, 4, 8, 11)",V7,E,B,A,54.5,28.0
437,D,G#,3,A,"(2, 4, 8, 11)",V7,E,B,A,54.625,28.0
438,D,G#,3,A,"(2, 4, 8, 11)",V7,E,B,A,54.75,28.0
439,D,G#,3,A,"(2, 4, 8, 11)",V7,E,B,A,54.875,28.0
440,E,A,0,A,"(1, 4, 9)",I,A,C#,A,55.0,28.0
441,E,A,1,A,"(1, 4, 9)",I,A,C#,A,55.125,28.0
442,E,A,2,A,"(1, 4, 9)",I,A,C#,A,55.25,28.0
443,E,A,2,A,"(1, 4, 9)",I,A,C#,A,55.375,28.0
444,E,A,3,A,"(1, 4, 9)",I,A,C#,A,55.5,28.0
445,E,A,3,A,"(1, 4, 9)",I,A,C#,A,55.625,28.0
446,E,A,3,A,"(1, 4, 9)",I,A,C#,A,55.75,28.0
447,E,A,3,A,"(1, 4, 9)",I,A,C#,A,55.875,28.0
448,B,D,0,A,"(2, 4, 8, 11)",V7,B,E,A,56.0,29.0
449,B,D,1,A,"(2, 4, 8, 11)",V7,B,E,A,56.125,29.0
450,B,D,2,A,"(2, 4, 8, 11)",V7,B,E,A,56.25,29.0
451,B,D,2,A,"(2, 4, 8, 11)",V7,B,E,A,56.375,29.0
452,B,D,3,A,"(2, 4, 8, 11)",V7,B,E,A,56.5,29.0
453,B,D,3,A,"(2, 4, 8, 11)",V7,B,E,A,56.625,29.0
454,B,D,3,A,"(2, 4, 8, 11)",V7,B,E,A,56.75,29.0
455,B,D,3,A,"(2, 4, 8, 11)",V7,B,E,A,56.875,29.0
456,A,C#,0,A,"(1, 4, 9)",I,A,E,A,57.0,29.0
457,A,C#,1,A,"(1, 4, 9)",I,A,E,A,57.125,29.0
458,A,C#,2,A,"(1, 4, 9)",I,A,E,A,57.25,29.0
459,A,C#,2,A,"(1, 4, 9)",I,A,E,A,57.375,29.0
460,A,C#,3,A,"(1, 4, 9)",I,A,E,A,57.5,29.0
461,A,C#,3,A,"(1, 4, 9)",I,A,E,A,57.625,29.0
462,A,C#,3,A,"(1, 4, 9)",I,A,E,A,57.75,29.0
463,A,C#,3,A,"(1, 4, 9)",I,A,E,A,57.875,29.0
464,B,D,0,A,"(2, 4, 8, 11)",V7,B,E,A,58.0,30.0
465,G#,D,1,A,"(2, 4, 8, 11)",V7,B,E,A,58.125,30.0
466,G#,D,2,A,"(2, 4, 8, 11)",V7,B,E,A,58.25,30.0
467,G#,D,2,A,"(2, 4, 8, 11)",V7,B,E,A,58.375,30.0
468,G#,D,3,A,"(2, 4, 8, 11)",V7,B,E,A,58.5,30.0
469,G#,D,3,A,"(2, 4, 8, 11)",V7,B,E,A,58.625,30.0
470,G#,D,3,A,"(2, 4, 8, 11)",V7,B,E,A,58.75,30.0
471,G#,D,3,A,"(2, 4, 8, 11)",V7,B,E,A,58.875,30.0
472,A,C#,0,A,"(1, 4, 9)",I,A,E,A,59.0,30.0
473,A,C#,1,A,"(1, 4, 9)",I,A,E,A,59.125,30.0
474,A,C#,2,A,"(1, 4, 9)",I,A,E,A,59.25,30.0
475,A,C#,2,A,"(1, 4, 9)",I,A,E,A,59.375,30.0
476,A,C#,3,A,"(1, 4, 9)",I,A,E,A,59.5,30.0
477,A,C#,3,A,"(1, 4, 9)",I,A,E,A,59.625,30.0
478,A,C#,3,A,"(1, 4, 9)",I,A,E,A,59.75,30.0
479,A,C#,3,A,"(1, 4, 9)",I,A,E,A,59.875,30.0
480,F#,B,0,A,"(4, 8, 11)",V7,G#,D#,A,60.0,31.0
481,F#,B,1,A,"(4, 8, 11)",V7,E,D#,A,60.125,31.0
482,F#,B,2,A,"(4, 8, 11)",V7,E,D#,A,60.25,31.0
483,F#,B,2,A,"(4, 8, 11)",V7,E,D#,A,60.375,31.0
484,F#,B,3,A,"(4, 8, 11)",V7,E,D#,A,60.5,31.0
485,F#,B,3,A,"(4, 8, 11)",V7,B,D#,A,60.625,31.0
486,F#,B,3,A,"(4, 8, 11)",V7,B,D#,A,60.75,31.0
487,F#,B,3,A,"(4, 8, 11)",V7,B,D#,A,60.875,31.0
488,F#,B,4,A,"(3, 6, 11)",V,B,D#,E,61.0,31.0
489,F#,B,1,A,"(3, 6, 11)",V,B,D#,E,61.125,31.0
490,F#,B,2,A,"(3, 6, 11)",V,B,D#,E,61.25,31.0
491,F#,B,2,A,"(3, 6, 11)",V,B,D#,E,61.375,31.0
492,F#,B,4,A,"(3, 6, 11)",V,B,D#,E,61.5,31.0
493,F#,B,4,A,"(3, 6, 11)",V,B,D#,E,61.625,31.0
494,F#,B,4,A,"(3, 6, 11)",V,B,D#,E,61.75,31.0
495,F#,B,4,A,"(3, 6, 11)",V,B,D#,E,61.875,31.0
496,B,E,0,A,"(4, 8, 11)",V,E,G#,A,62.0,32.0
497,B,E,1,A,"(4, 8, 11)",V,E,G#,A,62.125,32.0
498,B,E,2,A,"(4, 8, 11)",V,E,G#,A,62.25,32.0
499,B,E,2,A,"(4, 8, 11)",V,E,G#,A,62.375,32.0
500,B,E,3,A,"(4, 8, 11)",V,E,G#,A,62.5,32.0
501,B,E,3,A,"(4, 8, 11)",V,E,G#,A,62.625,32.0
502,B,E,3,A,"(4, 8, 11)",V,E,G#,A,62.75,32.0
503,B,E,3,A,"(4, 8, 11)",V,E,G#,A,62.875,32.0
504,B,E,4,A,"(4, 8, 11)",V,E,G#,A,63.0,32.0
505,B,E,4,A,"(4, 8, 11)",V,E,G#,A,63.125,32.0
506,B,E,4,A,"(4, 8, 11)",V,E,G#,A,63.25,32.0
507,B,E,4,A,"(4, 8, 11)",V,E,G#,A,63.375,32.0
508,B,E,4,A,"(4, 8, 11)",V,E,G#,A,63.5,32.0
509,B,E,4,A,"(4, 8, 11)",V,E,G#,A,63.625,32.0
510,B,E,4,A,"(4, 8, 11)",V,E,G#,A,63.75,32.0
511,B,E,4,A,"(4, 8, 11)",V,E,G#,A,63.875,32.0
512,B,E,0,A,"(4, 8, 11)",I,E,G#,A,64.0,33.0
513,A,E,1,A,"(4, 8, 11)",I,A,G#,A,64.125,33.0
514,A,E,2,A,"(4, 8, 11)",I,A,G#,A,64.25,33.0
515,A,E,2,A,"(4, 8, 11)",I,A,G#,A,64.375,33.0
516,A,E,3,A,"(4, 8, 11)",I,A,G#,A,64.5,33.0
517,A,E,3,A,"(4, 8, 11)",I,A,G#,A,64.625,33.0
518,A,E,3,A,"(4, 8, 11)",I,A,G#,A,64.75,33.0
519,A,E,3,A,"(4, 8, 11)",I,A,E,A,64.875,33.0
520,A,C#,0,A,"(1, 4, 9)",I,A,E,A,65.0,33.0
521,A,C#,1,A,"(1, 4, 9)",I,A,E,A,65.125,33.0
522,A,C#,2,A,"(1, 4, 9)",I,A,E,A,65.25,33.0
523,A,C#,2,A,"(1, 4, 9)",I,A,E,A,65.375,33.0
524,A,C#,3,A,"(1, 4, 9)",I,A,E,A,65.5,33.0
525,A,C#,3,A,"(1, 4, 9)",I,A,E,A,65.625,33.0
526,A,C#,3,A,"(1, 4, 9)",I,A,E,A,65.75,33.0
527,A,C#,3,A,"(1, 4, 9)",I,A,E,A,65.875,33.0
528,G#,B,0,A,"(2, 4, 8, 11)",V7,G#,D,A,66.0,34.0
529,G#,B,1,A,"(2, 4, 8, 11)",V7,G#,D,A,66.125,34.0
530,G#,B,2,A,"(2, 4, 8, 11)",V7,G#,D,A,66.25,34.0
531,G#,B,2,A,"(2, 4, 8, 11)",V7,G#,D,A,66.375,34.0
532,G#,B,3,A,"(2, 4, 8, 11)",V7,G#,D,A,66.5,34.0
533,G#,B,3,A,"(2, 4, 8, 11)",V7,G#,D,A,66.625,34.0
534,G#,B,3,A,"(2, 4, 8, 11)",V7,G#,D,A,66.75,34.0
535,G#,B,3,A,"(2, 4, 8, 11)",V7,G#,D,A,66.875,34.0
536,G#,B,4,A,"(2, 4, 8, 11)",V7,B,E,A,67.0,34.0
537,G#,B,4,A,"(2, 4, 8, 11)",V7,B,E,A,67.125,34.0
538,G#,D,4,A,"(2, 4, 8, 11)",V7,B,E,A,67.25,34.0
539,G#,D,4,A,"(2, 4, 8, 11)",V7,B,E,A,67.375,34.0
540,G#,D,4,A,"(2, 4, 8, 11)",V7,B,E,A,67.5,34.0
541,G#,D,4,A,"(2, 4, 8, 11)",V7,B,E,A,67.625,34.0
542,G#,D,4,A,"(2, 4, 8, 11)",V7,B,E,A,67.75,34.0
543,G#,D,4,A,"(2, 4, 8, 11)",V7,B,E,A,67.875,34.0
544,A,A,0,A,"(1, 4, 9)",I,A,E,A,68.0,35.0
545,A,C#,1,A,"(1, 4, 9)",I,A,E,A,68.125,35.0
546,A,C#,2,A,"(1, 4, 9)",I,A,E,A,68.25,35.0
547,A,C#,2,A,"(1, 4, 9)",I,A,E,A,68.375,35.0
548,A,C#,3,A,"(1, 4, 9)",I,A,E,A,68.5,35.0
549,A,C#,3,A,"(1, 4, 9)",I,A,E,A,68.625,35.0
550,A,C#,3,A,"(1, 4, 9)",I,A,E,A,68.75,35.0
551,A,C#,3,A,"(1, 4, 9)",I,A,E,A,68.875,35.0
552,A,C#,4,A,"(1, 4, 9)",I,A,E,A,69.0,35.0
553,A,C#,4,A,"(1, 4, 9)",I,A,E,A,69.125,35.0
554,A,C#,4,A,"(1, 4, 9)",I,A,E,A,69.25,35.0
555,A,C#,4,A,"(1, 4, 9)",I,A,E,A,69.375,35.0
556,A,C#,4,A,"(1, 4, 9)",I,A,E,A,69.5,35.0
557,A,C#,4,A,"(1, 4, 9)",I,A,E,A,69.625,35.0
558,A,C#,4,A,"(1, 4, 9)",I,A,E,A,69.75,35.0
559,A,C#,4,A,"(1, 4, 9)",I,A,E,A,69.875,35.0
560,G#,B,0,A,"(2, 4, 8, 11)",V7,G#,E,A,70.0,36.0
561,G#,B,1,A,"(2, 4, 8, 11)",V7,G#,D,A,70.125,36.0
562,G#,B,2,A,"(2, 4, 8, 11)",V7,G#,D,A,70.25,36.0
563,G#,B,2,A,"(2, 4, 8, 11)",V7,G#,D,A,70.375,36.0
564,G#,B,3,A,"(2, 4, 8, 11)",V7,G#,D,A,70.5,36.0
565,G#,B,3,A,"(2, 4, 8, 11)",V7,G#,D,A,70.625,36.0
566,G#,B,3,A,"(2, 4, 8, 11)",V7,G#,D,A,70.75,36.0
567,G#,B,3,A,"(2, 4, 8, 11)",V7,G#,D,A,70.875,36.0
568,G#,B,4,A,"(2, 4, 8, 11)",V7,B,E,A,71.0,36.0
569,G#,B,4,A,"(2, 4, 8, 11)",V7,B,E,A,71.125,36.0
570,G#,B,4,A,"(2, 4, 8, 11)",V7,B,E,A,71.25,36.0
571,G#,B,4,A,"(2, 4, 8, 11)",V7,B,E,A,71.375,36.0
572,G#,B,4,A,"(2, 4, 8, 11)",V7,B,E,A,71.5,36.0
573,G#,B,4,A,"(2, 4, 8, 11)",V7,B,E,A,71.625,36.0
574,G#,B,4,A,"(2, 4, 8, 11)",V7,B,E,A,71.75,36.0
575,G#,B,4,A,"(2, 4, 8, 11)",V7,B,E,A,71.875,36.0
576,A,C#,0,A,"(1, 4, 9)",I,A,E,A,72.0,37.0
577,A,C#,1,A,"(1, 4, 9)",I,A,E,A,72.125,37.0
578,A,C#,2,A,"(1, 4, 9)",I,A,E,A,72.25,37.0
579,A,C#,2,A,"(1, 4, 9)",I,A,E,A,72.375,37.0
580,A,C#,3,A,"(1, 4, 9)",I,A,E,A,72.5,37.0
581,A,C#,3,A,"(1, 4, 9)",I,A,E,A,72.625,37.0
582,A,C#,3,A,"(1, 4, 9)",I,A,E,A,72.75,37.0
583,A,C#,3,A,"(1, 4, 9)",I,A,E,A,72.875,37.0
584,A,C#,4,A,"(1, 4, 9)",I,A,E,A,73.0,37.0
585,A,C#,4,A,"(1, 4, 9)",I,A,E,A,73.125,37.0
586,A,C#,4,A,"(1, 4, 9)",I,A,E,A,73.25,37.0
587,A,C#,4,A,"(1, 4, 9)",I,A,E,A,73.375,37.0
588,A,C#,4,A,"(1, 4, 9)",I,A,E,A,73.5,37.0
589,A,C#,4,A,"(1, 4, 9)",I,A,E,A,73.625,37.0
590,A,C#,4,A,"(1, 4, 9)",I,A,E,A,73.75,37.0
591,A,C#,4,A,"(1, 4, 9)",I,A,E,A,73.875,37.0
592,A,C#,0,A,"(1, 4, 9)",I,A,E,A,74.0,38.0
593,A,C#,1,A,"(1, 4, 9)",I,A,E,A,74.125,38.0
594,A,C#,2,A,"(1, 4, 9)",I,A,E,A,74.25,38.0
595,A,C#,2,A,"(1, 4, 9)",I,A,E,A,74.375,38.0
596,A,C#,3,A,"(1, 4, 9)",I,A,E,A,74.5,38.0
597,A,C#,3,A,"(1, 4, 9)",I,A,E,A,74.625,38.0
598,A,C#,3,A,"(1, 4, 9)",I,A,E,A,74.75,38.0
599,A,C#,3,A,"(1, 4, 9)",I,A,E,A,74.875,38.0
600,C#,F#,0,A,"(1, 4, 9)",IV,A,A,A,75.0,38.0
601,C#,F#,1,A,"(1, 4, 9)",IV,A,A,A,75.125,38.0
602,C#,F#,2,A,"(1, 4, 9)",IV,A,A,A,75.25,38.0
603,C#,F#,2,A,"(1, 4, 9)",IV,A,A,A,75.375,38.0
604,C#,F#,3,A,"(1, 4, 9)",IV,A,A,A,75.5,38.0
605,C#,F#,3,A,"(1, 4, 9)",IV,A,A,A,75.625,38.0
606,C#,F#,3,A,"(1, 4, 9)",IV,A,A,A,75.75,38.0
607,C#,F#,3,A,"(1, 4, 9)",IV,A,A,A,75.875,38.0
608,B,E,0,A,"(2, 4, 8, 11)",I,D,A,A,76.0,39.0
609,B,E,1,A,"(2, 4, 8, 11)",I,D,A,A,76.125,39.0
610,B,E,2,A,"(2, 4, 8, 11)",I,D,A,A,76.25,39.0
611,B,E,2,A,"(2, 4, 8, 11)",I,D,A,A,76.375,39.0
612,B,E,3,A,"(2, 4, 8, 11)",I,D,A,A,76.5,39.0
613,B,E,3,A,"(2, 4, 8, 11)",I,D,A,A,76.625,39.0
614,B,E,3,A,"(2, 4, 8, 11)",I,D,A,A,76.75,39.0
615,B,E,3,A,"(2, 4, 8, 11)",I,D,A,A,76.875,39.0
616,B,E,0,A,"(2, 4, 8, 11)",V7,D,G#,A,77.0,39.0
617,B,E,1,A,"(2, 4, 8, 11)",V7,D,G#,A,77.125,39.0
618,B,E,2,A,"(2, 4, 8, 11)",V7,D,G#,A,77.25,39.0
619,B,E,4,A,"(2, 4, 8, 11)",V7,D,G#,A,77.375,39.0
620,B,E,4,A,"(2, 4, 8, 11)",V7,D,G#,A,77.5,39.0
621,B,E,3,A,"(2, 4, 8, 11)",V7,D,G#,A,77.625,39.0
622,B,E,4,A,"(2, 4, 8, 11)",V7,D,G#,A,77.75,39.0
623,B,E,3,A,"(2, 4, 8, 11)",V7,D,G#,A,77.875,39.0
624,E,A,0,A,"(1, 4, 9)",I,A,C#,A,78.0,40.0
625,E,A,1,A,"(1, 4, 9)",I,A,C#,A,78.125,40.0
626,E,A,2,A,"(1, 4, 9)",I,A,C#,A,78.25,40.0
627,E,A,2,A,"(1, 4, 9)",I,A,C#,A,78.375,40.0
628,E,A,3,A,"(1, 4, 9)",I,A,C#,A,78.5,40.0
629,E,A,3,A,"(1, 4, 9)",I,A,C#,A,78.625,40.0
630,E,A,3,A,"(1, 4, 9)",I,A,C#,A,78.75,40.0
631,E,A,3,A,"(1, 4, 9)",I,A,C#,A,78.875,40.0
632,E,A,4,A,"(1, 4, 9)",I,A,C#,A,79.0,40.0
633,E,A,4,A,"(1, 4, 9)",I,A,C#,A,79.125,40.0
634,E,A,4,A,"(1, 4, 9)",I,A,C#,A,79.25,40.0
635,E,A,4,A,"(1, 4, 9)",I,A,C#,A,79.375,40.0
636,E,A,4,A,"(1, 4, 9)",I,A,C#,A,79.5,40.0
637,E,A,4,A,"(1, 4, 9)",I,A,C#,A,79.625,40.0
638,E,A,4,A,"(1, 4, 9)",I,A,C#,A,79.75,40.0
639,E,A,4,A,"(1, 4, 9)",I,A,C#,A,79.875,40.0
640,A,C#,0,A,"(1, 4, 9)",I,A,E,A,80.0,41.0
641,A,C#,1,A,"(1, 4, 9)",I,A,E,A,80.125,41.0
642,A,C#,2,A,"(1, 4, 9)",I,A,E,A,80.25,41.0
643,A,C#,2,A,"(1, 4, 9)",I,A,E,A,80.375,41.0
644,A,C#,3,A,"(1, 4, 9)",I,A,E,A,80.5,41.0
645,A,C#,3,A,"(1, 4, 9)",I,A,E,A,80.625,41.0
646,A,C#,3,A,"(1, 4, 9)",I,A,E,A,80.75,41.0
647,A,C#,3,A,"(1, 4, 9)",I,A,E,A,80.875,41.0
648,A,C#,4,A,"(1, 4, 9)",I,A,E,A,81.0,41.0
649,A,C#,4,A,"(1, 4, 9)",I,A,E,A,81.125,41.0
650,A,C#,4,A,"(1, 4, 9)",I,A,E,A,81.25,41.0
651,A,C#,4,A,"(1, 4, 9)",I,A,E,A,81.375,41.0
652,A,C#,4,A,"(1, 4, 9)",I,A,E,A,81.5,41.0
653,A,C#,4,A,"(1, 4, 9)",I,A,E,A,81.625,41.0
654,A,C#,4,A,"(1, 4, 9)",I,A,E,A,81.75,41.0
655,A,C#,4,A,"(1, 4, 9)",I,A,E,A,81.875,41.0
656,G#,B,0,A,"(2, 4, 8, 11)",V7,B,E,A,82.0,42.0
657,G#,B,1,A,"(2, 4, 8, 11)",V7,B,E,A,82.125,42.0
658,G#,B,2,A,"(2, 4, 8, 11)",V7,B,E,A,82.25,42.0
659,G#,B,2,A,"(2, 4, 8, 11)",V7,B,E,A,82.375,42.0
660,G#,B,3,A,"(2, 4, 8, 11)",V7,B,E,A,82.5,42.0
661,G#,B,3,A,"(2, 4, 8, 11)",V7,B,E,A,82.625,42.0
662,G#,B,3,A,"(2, 4, 8, 11)",V7,B,E,A,82.75,42.0
663,G#,B,3,A,"(2, 4, 8, 11)",V7,B,E,A,82.875,42.0
664,G#,D,4,A,"(2, 4, 8, 11)",V7,B,E,A,83.0,42.0
665,G#,D,4,A,"(2, 4, 8, 11)",V7,B,E,A,83.125,42.0
666,G#,D,4,A,"(2, 4, 8, 11)",V7,B,E,A,83.25,42.0
667,G#,D,4,A,"(2, 4, 8, 11)",V7,B,E,A,83.375,42.0
668,G#,D,4,A,"(2, 4, 8, 11)",V7,B,E,A,83.5,42.0
669,G#,D,3,A,"(2, 4, 8, 11)",V7,B,E,A,83.625,42.0
670,G#,D,4,A,"(2, 4, 8, 11)",V7,B,E,A,83.75,42.0
671,G#,D,3,A,"(2, 4, 8, 11)",V7,B,E,A,83.875,42.0
672,A,C#,0,A,"(1, 4, 9)",I,A,E,A,84.0,43.0
673,A,C#,1,A,"(1, 4, 9)",I,A,E,A,84.125,43.0
674,A,C#,2,A,"(1, 4, 9)",I,A,E,A,84.25,43.0
675,A,C#,2,A,"(1, 4, 9)",I,A,E,A,84.375,43.0
676,A,C#,3,A,"(1, 4, 9)",I,A,E,A,84.5,43.0
677,A,C#,3,A,"(1, 4, 9)",I,A,E,A,84.625,43.0
678,A,C#,3,A,"(1, 4, 9)",I,A,E,A,84.75,43.0
679,A,C#,3,A,"(1, 4, 9)",I,A,E,A,84.875,43.0
680,A,C#,4,A,"(1, 4, 9)",I,A,E,A,85.0,43.0
681,A,C#,4,A,"(1, 4, 9)",I,A,E,A,85.125,43.0
682,A,C#,4,A,"(1, 4, 9)",I,A,E,A,85.25,43.0
683,A,C#,4,A,"(1, 4, 9)",I,A,E,A,85.375,43.0
684,A,C#,4,A,"(1, 4, 9)",I,A,E,A,85.5,43.0
685,A,C#,4,A,"(1, 4, 9)",I,A,E,A,85.625,43.0
686,A,C#,4,A,"(1, 4, 9)",I,A,E,A,85.75,43.0
687,A,C#,4,A,"(1, 4, 9)",I,A,E,A,85.875,43.0
688,G#,B,0,A,"(2, 4, 8, 11)",V7,G#,E,A,86.0,44.0
689,G#,B,1,A,"(2, 4, 8, 11)",V7,G#,E,A,86.125,44.0
690,G#,B,2,A,"(2, 4, 8, 11)",V7,G#,E,A,86.25,44.0
691,G#,B,2,A,"(2, 4, 8, 11)",V7,G#,E,A,86.375,44.0
692,G#,B,3,A,"(2, 4, 8, 11)",V7,G#,E,A,86.5,44.0
693,G#,B,3,A,"(2, 4, 8, 11)",V7,G#,E,A,86.625,44.0
694,G#,B,3,A,"(2, 4, 8, 11)",V7,G#,E,A,86.75,44.0
695,G#,B,3,A,"(2, 4, 8, 11)",V7,G#,E,A,86.875,44.0
696,G#,E,4,A,"(2, 4, 8, 11)",V7,B,E,A,87.0,44.0
697,G#,E,4,A,"(2, 4, 8, 11)",V7,B,E,A,87.125,44.0
698,G#,E,4,A,"(2, 4, 8, 11)",V7,B,E,A,87.25,44.0
699,G#,E,4,A,"(2, 4, 8, 11)",V7,B,E,A,87.375,44.0
700,G#,E,4,A,"(2, 4, 8, 11)",V7,B,E,A,87.5,44.0
701,G#,E,4,A,"(2, 4, 8, 11)",V7,B,E,A,87.625,44.0
702,G#,E,4,A,"(2, 4, 8, 11)",V7,B,E,A,87.75,44.0
703,G#,E,4,A,"(2, 4, 8, 11)",V7,B,E,A,87.875,44.0
704,A,C#,0,A,"(1, 4, 9)",I,A,E,A,88.0,45.0
705,A,C#,1,A,"(1, 4, 9)",I,A,E,A,88.125,45.0
706,A,C#,2,A,"(1, 4, 9)",I,A,E,A,88.25,45.0
707,A,C#,2,A,"(1, 4, 9)",I,A,E,A,88.375,45.0
708,A,C#,3,A,"(1, 4, 9)",I,A,E,A,88.5,45.0
709,A,C#,3,A,"(1, 4, 9)",I,A,E,A,88.625,45.0
710,A,C#,3,A,"(1, 4, 9)",I,A,E,A,88.75,45.0
711,A,C#,3,A,"(1, 4, 9)",I,A,E,A,88.875,45.0
712,A,C#,4,A,"(1, 4, 9)",I,A,E,A,89.0,45.0
713,A,C#,4,A,"(1, 4, 9)",I,A,E,A,89.125,45.0
714,A,C#,4,A,"(1, 4, 9)",I,A,E,A,89.25,45.0
715,A,C#,4,A,"(1, 4, 9)",I,A,E,A,89.375,45.0
716,A,C#,4,A,"(1, 4, 9)",I,A,E,A,89.5,45.0
717,A,C#,4,A,"(1, 4, 9)",I,A,E,A,89.625,45.0
718,A,C#,4,A,"(1, 4, 9)",I,A,E,A,89.75,45.0
719,A,C#,4,A,"(1, 4, 9)",I,A,E,A,89.875,45.0
720,A,C#,0,A,"(1, 4, 9)",I,A,E,A,90.0,46.0
721,A,C#,1,A,"(1, 4, 9)",I,A,E,A,90.125,46.0
722,A,C#,2,A,"(1, 4, 9)",I,A,E,A,90.25,46.0
723,A,C#,2,A,"(1, 4, 9)",I,A,E,A,90.375,46.0
724,A,C#,3,A,"(1, 4, 9)",I,A,E,A,90.5,46.0
725,A,C#,3,A,"(1, 4, 9)",I,A,E,A,90.625,46.0
726,A,C#,3,A,"(1, 4, 9)",I,A,E,A,90.75,46.0
727,A,C#,3,A,"(1, 4, 9)",I,A,E,A,90.875,46.0
728,C#,F#,0,A,"(1, 6, 9)",IV,D#,A,A,91.0,46.0
729,C#,F#,1,A,"(1, 6, 9)",vi,D#,A,A,91.125,46.0
730,C#,F#,2,A,"(1, 6, 9)",vi,D#,A,A,91.25,46.0
731,C#,F#,2,A,"(1, 6, 9)",vi,D#,A,A,91.375,46.0
732,C#,F#,3,A,"(1, 6, 9)",vi,D#,A,A,91.5,46.0
733,C#,F#,3,A,"(1, 6, 9)",vi,D#,A,A,91.625,46.0
734,C#,F#,3,A,"(1, 6, 9)",vi,D#,A,A,91.75,46.0
735,C#,F#,3,A,"(1, 6, 9)",vi,D#,A,A,91.875,46.0
736,B,E,0,A,"(2, 4, 8, 11)",I,D,A,A,92.0,47.0
737,B,E,1,A,"(2, 4, 8, 11)",Cad,D,A,A,92.125,47.0
738,B,E,2,A,"(2, 4, 8, 11)",Cad,D,A,A,92.25,47.0
739,B,E,2,A,"(2, 4, 8, 11)",Cad,D,A,A,92.375,47.0
740,B,E,3,A,"(2, 4, 8, 11)",Cad,D,A,A,92.5,47.0
741,B,E,3,A,"(2, 4, 8, 11)",Cad,D,A,A,92.625,47.0
742,B,E,3,A,"(2, 4, 8, 11)",Cad,D,A,A,92.75,47.0
743,B,E,3,A,"(2, 4, 8, 11)",Cad,D,A,A,92.875,47.0
744,B,E,0,A,"(2, 4, 8, 11)",V7,D,G#,A,93.0,47.0
745,B,E,1,A,"(2, 4, 8, 11)",V7,D,G#,A,93.125,47.0
746,B,E,2,A,"(2, 4, 8, 11)",V7,D,G#,A,93.25,47.0
747,B,E,4,A,"(2, 4, 8, 11)",V7,D,G#,A,93.375,47.0
748,B,E,3,A,"(2, 4, 8, 11)",V7,D,G#,A,93.5,47.0
749,B,E,3,A,"(2, 4, 8, 11)",V7,D,G#,A,93.625,47.0
750,B,E,3,A,"(2, 4, 8, 11)",V7,D,G#,A,93.75,47.0
751,B,E,3,A,"(2, 4, 8, 11)",V7,D,G#,A,93.875,47.0
752,E,A,0,A,"(1, 4, 9)",I,A,C#,A,94.0,48.0
753,E,A,1,A,"(1, 4, 9)",I,A,C#,A,94.125,48.0
754,E,A,2,A,"(1, 4, 9)",I,A,C#,A,94.25,48.0
755,E,A,2,A,"(1, 4, 9)",I,A,C#,A,94.375,48.0
756,E,A,3,A,"(1, 4, 9)",I,A,C#,A,94.5,48.0
757,E,A,3,A,"(1, 4, 9)",I,A,C#,A,94.625,48.0
758,E,A,3,A,"(1, 4, 9)",I,A,C#,A,94.75,48.0
759,E,A,3,A,"(1, 4, 9)",I,A,C#,A,94.875,48.0
760,E,A,4,A,"(1, 4, 9)",I,A,C#,A,95.0,48.0
761,E,A,4,A,"(1, 4, 9)",I,A,C#,A,95.125,48.0
762,E,A,4,A,"(1, 4, 9)",I,A,C#,A,95.25,48.0
763,E,A,4,A,"(1, 4, 9)",I,A,C#,A,95.375,48.0
764,E,A,4,A,"(1, 4, 9)",I,A,C#,A,95.5,48.0
765,E,A,4,A,"(1, 4, 9)",I,A,C#,A,95.625,48.0
766,E,A,4,A,"(1, 4, 9)",I,A,C#,A,95.75,48.0
767,E,A,4,A,"(1, 4, 9)",I,A,C#,A,95.875,48.0
768,E,A,0,A,"(1, 4, 9)",I,A,C#,A,96.0,49.0
769,E,A,1,A,"(1, 4, 9)",I,A,C#,A,96.125,49.0
770,E,A,2,A,"(1, 4, 9)",I,A,C#,A,96.25,49.0
771,E,A,2,A,"(1, 4, 9)",I,A,C#,A,96.375,49.0
772,E,A,3,A,"(1, 4, 9)",I,A,C#,A,96.5,49.0
773,E,A,3,A,"(1, 4, 9)",I,A,C#,A,96.625,49.0
774,E,A,3,A,"(1, 4, 9)",I,A,C#,A,96.75,49.0
775,E,A,3,A,"(1, 4, 9)",I,A,C#,A,96.875,49.0
776,E,A,4,A,"(1, 4, 9)",I,A,C#,A,97.0,49.0
777,E,A,4,A,"(1, 4, 9)",I,A,C#,A,97.125,49.0
778,E,A,4,A,"(1, 4, 9)",I,A,C#,A,97.25,49.0
779,E,A,4,A,"(1, 4, 9)",I,A,C#,A,97.375,49.0
780,E,A,4,A,"(1, 4, 9)",I,A,C#,A,97.5,49.0
781,E,A,4,A,"(1, 4, 9)",I,A,C#,A,97.625,49.0
782,E,A,4,A,"(1, 4, 9)",I,A,C#,A,97.75,49.0
783,E,A,4,A,"(1, 4, 9)",I,A,C#,A,97.875,49.0
784,D,G#,0,A,"(2, 8, 11)",V,E,B,A,98.0,50.0
785,D,G#,1,A,"(2, 8, 11)",V,G#,B,A,98.125,50.0
786,D,G#,2,A,"(2, 8, 11)",V,G#,B,A,98.25,50.0
787,D,G#,2,A,"(2, 8, 11)",V,G#,B,A,98.375,50.0
788,D,G#,3,A,"(2, 8, 11)",V,G#,B,A,98.5,50.0
789,D,G#,3,A,"(2, 8, 11)",V,G#,B,A,98.625,50.0
790,D,G#,3,A,"(2, 8, 11)",V,G#,B,A,98.75,50.0
791,D,G#,3,A,"(2, 8, 11)",V,G#,B,A,98.875,50.0
792,E,A,0,A,"(1, 4, 9)",I,A,C#,A,99.0,50.0
793,E,A,1,A,"(1, 4, 9)",I,A,C#,A,99.125,50.0
794,E,A,2,A,"(1, 4, 9)",I,A,C#,A,99.25,50.0
795,E,A,2,A,"(1, 4, 9)",I,A,C#,A,99.375,50.0
796,E,A,3,A,"(1, 4, 9)",I,A,C#,A,99.5,50.0
797,E,A,3,A,"(1, 4, 9)",I,A,C#,A,99.625,50.0
798,E,A,3,A,"(1, 4, 9)",I,A,C#,A,99.75,50.0
799,E,A,3,A,"(1, 4, 9)",I,A,C#,A,99.875,50.0
800,A,C#,0,A,"(1, 4, 9)",I,A,E,A,100.0,51.0
801,A,C#,1,A,"(1, 4, 9)",I,A,E,A,100.125,51.0
802,A,C#,2,A,"(1, 4, 9)",I,A,E,A,100.25,51.0
803,A,C#,2,A,"(1, 4, 9)",I,A,E,A,100.375,51.0
804,A,C#,3,A,"(1, 4, 9)",I,A,E,A,100.5,51.0
805,A,C#,3,A,"(1, 4, 9)",I,A,E,A,100.625,51.0
806,A,C#,3,A,"(1, 4, 9)",I,A,E,A,100.75,51.0
807,A,C#,3,A,"(1, 4, 9)",I,A,E,A,100.875,51.0
808,A,C#,4,A,"(1, 4, 9)",I,A,E,A,101.0,51.0
809,A,C#,4,A,"(1, 4, 9)",I,A,E,A,101.125,51.0
810,A,C#,4,A,"(1, 4, 9)",I,A,E,A,101.25,51.0
811,A,C#,4,A,"(1, 4, 9)",I,A,E,A,101.375,51.0
812,A,C#,4,A,"(1, 4, 9)",I,A,E,A,101.5,51.0
813,A,C#,4,A,"(1, 4, 9)",I,A,E,A,101.625,51.0
814,A,C#,4,A,"(1, 4, 9)",I,A,E,A,101.75,51.0
815,A,C#,4,A,"(1, 4, 9)",I,A,E,A,101.875,51.0
816,G#,B,0,A,"(2, 4, 8, 11)",V7,G#,D,A,102.0,52.0
817,G#,B,1,A,"(2, 4, 8, 11)",V7,G#,D,A,102.125,52.0
818,G#,B,2,A,"(2, 4, 8, 11)",V7,G#,D,A,102.25,52.0
819,G#,B,2,A,"(2, 4, 8, 11)",V7,G#,D,A,102.375,52.0
820,G#,B,3,A,"(2, 4, 8, 11)",V7,G#,D,A,102.5,52.0
821,G#,B,3,A,"(2, 4, 8, 11)",V7,G#,D,A,102.625,52.0
822,G#,B,3,A,"(2, 4, 8, 11)",V7,G#,D,A,102.75,52.0
823,G#,B,3,A,"(2, 4, 8, 11)",V7,G#,D,A,102.875,52.0
824,E,A,0,A,"(1, 4, 9)",I,A,C#,A,103.0,52.0
825,E,A,1,A,"(1, 4, 9)",I,A,C#,A,103.125,52.0
826,E,A,2,A,"(1, 4, 9)",I,A,C#,A,103.25,52.0
827,E,A,2,A,"(1, 4, 9)",I,A,C#,A,103.375,52.0
828,E,A,3,A,"(1, 4, 9)",I,A,C#,A,103.5,52.0
829,E,A,3,A,"(1, 4, 9)",I,A,C#,A,103.625,52.0
830,E,A,3,A,"(1, 4, 9)",I,A,C#,A,103.75,52.0
831,E,A,3,A,"(1, 4, 9)",I,A,C#,A,103.875,52.0
832,B,D,0,A,"(2, 4, 8, 11)",V7,B,F#,A,104.0,53.0
833,B,D,1,A,"(2, 4, 8, 11)",V7,B,F#,A,104.125,53.0
834,B,D,2,A,"(2, 4, 8, 11)",V7,B,F#,A,104.25,53.0
835,B,D,2,A,"(2, 4, 8, 11)",V7,B,F#,A,104.375,53.0
836,B,D,3,A,"(2, 4, 8, 11)",V7,B,E,A,104.5,53.0
837,B,D,3,A,"(2, 4, 8, 11)",V7,B,E,A,104.625,53.0
838,B,D,3,A,"(2, 4, 8, 11)",V7,B,E,A,104.75,53.0
839,B,D,3,A,"(2, 4, 8, 11)",V7,B,E,A,104.875,53.0
840,E,C#,0,A,"(1, 4, 9)",I,A,E,A,105.0,53.0
841,E,C#,1,A,"(1, 4, 9)",I,A,E,A,105.125,53.0
842,E,C#,2,A,"(1, 4, 9)",I,A,E,A,105.25,53.0
843,E,C#,2,A,"(1, 4, 9)",I,A,E,A,105.375,53.0
844,E,C#,3,A,"(1, 4, 9)",I,A,C#,A,105.5,53.0
845,E,C#,3,A,"(1, 4, 9)",I,A,C#,A,105.625,53.0
846,E,C#,3,A,"(1, 4, 9)",I,A,C#,A,105.75,53.0
847,E,C#,3,A,"(1, 4, 9)",I,A,C#,A,105.875,53.0
848,B,D,0,A,"(2, 4, 8, 11)",V7,B,F#,A,106.0,54.0
849,B,D,1,A,"(2, 4, 8, 11)",V7,B,F#,A,106.125,54.0
850,B,D,2,A,"(2, 4, 8, 11)",V7,B,F#,A,106.25,54.0
851,B,D,2,A,"(2, 4, 8, 11)",V7,B,F#,A,106.375,54.0
852,B,D,3,A,"(2, 4, 8, 11)",V7,B,E,A,106.5,54.0
853,B,D,3,A,"(2, 4, 8, 11)",V7,B,E,A,106.625,54.0
854,B,D,3,A,"(2, 4, 8, 11)",V7,B,E,A,106.75,54.0
855,B,D,3,A,"(2, 4, 8, 11)",V7,B,E,A,106.875,54.0
856,A,C#,0,A,"(1, 4, 9)",I,A,E,A,107.0,54.0
857,A,C#,1,A,"(1, 4, 9)",I,A,E,A,107.125,54.0
858,A,C#,2,A,"(1, 4, 9)",I,A,E,A,107.25,54.0
859,A,C#,2,A,"(1, 4, 9)",I,A,E,A,107.375,54.0
860,A,C#,3,A,"(1, 4, 9)",I,A,E,A,107.5,54.0
861,A,C#,3,A,"(1, 4, 9)",I,A,E,A,107.625,54.0
862,A,C#,3,A,"(1, 4, 9)",I,A,E,A,107.75,54.0
863,A,C#,3,A,"(1, 4, 9)",I,A,E,A,107.875,54.0
864,B,B,0,A,"(4, 8, 11)",V,E,G#,A,108.0,55.0
865,B,B,1,A,"(4, 8, 11)",V,E,G#,A,108.125,55.0
866,B,B,2,A,"(4, 8, 11)",V,E,G#,A,108.25,55.0
867,B,B,2,A,"(4, 8, 11)",V,E,G#,A,108.375,55.0
868,B,E,3,A,"(4, 8, 11)",V,E,G#,A,108.5,55.0
869,B,E,3,A,"(4, 8, 11)",V,E,G#,A,108.625,55.0
870,B,E,3,A,"(4, 8, 11)",V,E,G#,A,108.75,55.0
871,B,E,3,A,"(4, 8, 11)",V,E,G#,A,108.875,55.0
872,F#,B,0,A,"(3, 6, 9, 11)",V7,A,D#,E,109.0,55.0
873,F#,B,1,A,"(3, 6, 9, 11)",V7,A,D#,E,109.125,55.0
874,F#,B,2,A,"(3, 6, 9, 11)",V7,A,D#,E,109.25,55.0
875,F#,B,2,A,"(3, 6, 9, 11)",V7,A,D#,E,109.375,55.0
876,F#,D#,3,A,"(3, 6, 9, 11)",V7,B,F#,E,109.5,55.0
877,F#,D#,3,A,"(3, 6, 9, 11)",V7,B,F#,E,109.625,55.0
878,F#,D#,3,A,"(3, 6, 9, 11)",V7,B,F#,E,109.75,55.0
879,F#,D#,3,A,"(3, 6, 9, 11)",V7,B,F#,E,109.875,55.0
880,B,E,0,A,"(4, 8, 11)",V,E,G#,A,110.0,56.0
881,B,E,1,A,"(4, 8, 11)",V,E,G#,A,110.125,56.0
882,B,E,2,A,"(4, 8, 11)",V,E,G#,A,110.25,56.0
883,B,E,2,A,"(4, 8, 11)",V,E,G#,A,110.375,56.0
884,B,E,3,A,"(4, 8, 11)",V,E,G#,A,110.5,56.0
885,B,E,3,A,"(4, 8, 11)",V,E,G#,A,110.625,56.0
886,B,E,3,A,"(4, 8, 11)",V,E,G#,A,110.75,56.0
887,B,E,3,A,"(4, 8, 11)",V,E,G#,A,110.875,56.0
888,B,E,4,A,"(4, 8, 11)",V,E,G#,A,111.0,56.0
889,B,E,4,A,"(4, 8, 11)",V,E,G#,A,111.125,56.0
890,B,E,4,A,"(4, 8, 11)",V,E,G#,A,111.25,56.0
891,B,E,4,A,"(4, 8, 11)",V,E,G#,A,111.375,56.0
892,B,E,4,A,"(4, 8, 11)",V,E,G#,A,111.5,56.0
893,B,E,4,A,"(4, 8, 11)",V,E,G#,A,111.625,56.0
894,B,E,4,A,"(4, 8, 11)",V,E,G#,A,111.75,56.0
895,B,E,4,A,"(4, 8, 11)",V,E,G#,A,111.875,56.0
896,A,C#,0,A,"(1, 4, 9)",I,A,E,A,112.0,57.0
897,A,C#,1,A,"(1, 4, 9)",I,A,E,A,112.125,57.0
898,A,C#,2,A,"(1, 4, 9)",I,A,E,A,112.25,57.0
899,A,C#,2,A,"(1, 4, 9)",I,A,E,A,112.375,57.0
900,A,C#,3,A,"(1, 4, 9)",I,A,E,A,112.5,57.0
901,A,C#,3,A,"(1, 4, 9)",I,A,E,A,112.625,57.0
902,A,C#,3,A,"(1, 4, 9)",I,A,E,A,112.75,57.0
903,A,C#,3,A,"(1, 4, 9)",I,A,E,A,112.875,57.0
904,A,C#,4,A,"(1, 4, 9)",I,A,E,A,113.0,57.0
905,A,C#,4,A,"(1, 4, 9)",I,A,E,A,113.125,57.0
906,A,C#,4,A,"(1, 4, 9)",I,A,E,A,113.25,57.0
907,A,C#,4,A,"(1, 4, 9)",I,A,E,A,113.375,57.0
908,A,C#,4,A,"(1, 4, 9)",I,A,E,A,113.5,57.0
909,A,C#,4,A,"(1, 4, 9)",I,A,E,A,113.625,57.0
910,A,C#,4,A,"(1, 4, 9)",I,A,E,A,113.75,57.0
911,A,C#,4,A,"(1, 4, 9)",I,A,E,A,113.875,57.0
912,G#,B,0,A,"(2, 4, 8, 11)",V7,G#,D,A,114.0,58.0
913,E,B,1,A,"(2, 4, 8, 11)",V7,G#,D,A,114.125,58.0
914,E,B,2,A,"(2, 4, 8, 11)",V7,G#,D,A,114.25,58.0
915,E,B,2,A,"(2, 4, 8, 11)",V7,G#,D,A,114.375,58.0
916,E,B,3,A,"(2, 4, 8, 11)",V7,G#,D,A,114.5,58.0
917,E,B,3,A,"(2, 4, 8, 11)",V7,G#,D,A,114.625,58.0
918,E,B,3,A,"(2, 4, 8, 11)",V7,G#,D,A,114.75,58.0
919,E,B,3,A,"(2, 4, 8, 11)",V7,G#,D,A,114.875,58.0
920,E,B,4,A,"(2, 4, 8, 11)",V7,G#,D,A,115.0,58.0
921,G#,B,4,A,"(2, 4, 8, 11)",V7,G#,D,A,115.125,58.0
922,E,B,4,A,"(2, 4, 8, 11)",V7,G#,D,A,115.25,58.0
923,E,B,4,A,"(2, 4, 8, 11)",V7,G#,D,A,115.375,58.0
924,E,B,4,A,"(2, 4, 8, 11)",V7,G#,D,A,115.5,58.0
925,E,B,4,A,"(2, 4, 8, 11)",V7,G#,D,A,115.625,58.0
926,E,B,4,A,"(2, 4, 8, 11)",V7,G#,D,A,115.75,58.0
927,E,B,4,A,"(2, 4, 8, 11)",V7,G#,D,A,115.875,58.0
928,E,A,0,A,"(1, 4, 9)",I,A,C#,A,116.0,59.0
929,E,A,1,A,"(1, 4, 9)",I,A,C#,A,116.125,59.0
930,E,A,2,A,"(1, 4, 9)",I,A,C#,A,116.25,59.0
931,E,A,2,A,"(1, 4, 9)",I,A,C#,A,116.375,59.0
932,E,A,3,A,"(1, 4, 9)",I,A,C#,A,116.5,59.0
933,E,A,3,A,"(1, 4, 9)",I,A,C#,A,116.625,59.0
934,E,A,3,A,"(1, 4, 9)",I,A,C#,A,116.75,59.0
935,E,A,3,A,"(1, 4, 9)",I,A,C#,A,116.875,59.0
936,E,A,4,A,"(1, 4, 9)",I,A,C#,A,117.0,59.0
937,E,A,4,A,"(1, 4, 9)",I,A,C#,A,117.125,59.0
938,E,A,4,A,"(1, 4, 9)",I,A,C#,A,117.25,59.0
939,E,A,4,A,"(1, 4, 9)",I,A,C#,A,117.375,59.0
940,E,A,4,A,"(1, 4, 9)",I,A,C#,A,117.5,59.0
941,E,A,4,A,"(1, 4, 9)",I,A,C#,A,117.625,59.0
942,E,A,4,A,"(1, 4, 9)",I,A,C#,A,117.75,59.0
943,E,A,4,A,"(1, 4, 9)",I,A,C#,A,117.875,59.0
944,D,G#,0,A,"(2, 4, 8, 11)",V7,E,B,A,118.0,60.0
945,D,G#,1,A,"(2, 4, 8, 11)",V7,E,B,A,118.125,60.0
946,D,G#,2,A,"(2, 4, 8, 11)",V7,E,B,A,118.25,60.0
947,D,G#,2,A,"(2, 4, 8, 11)",V7,E,B,A,118.375,60.0
948,D,G#,3,A,"(2, 4, 8, 11)",V7,E,B,A,118.5,60.0
949,D,G#,3,A,"(2, 4, 8, 11)",V7,E,B,A,118.625,60.0
950,D,G#,3,A,"(2, 4, 8, 11)",V7,E,B,A,118.75,60.0
951,D,G#,3,A,"(2, 4, 8, 11)",V7,E,B,A,118.875,60.0
952,D,G#,4,A,"(2, 4, 8, 11)",V7,E,B,A,119.0,60.0
953,D,G#,4,A,"(2, 4, 8, 11)",V7,E,B,A,119.125,60.0
954,D,G#,4,A,"(2, 4, 8, 11)",V7,E,B,A,119.25,60.0
955,D,G#,4,A,"(2, 4, 8, 11)",V7,E,B,A,119.375,60.0
956,D,G#,4,A,"(2, 4, 8, 11)",V7,E,B,A,119.5,60.0
957,D,G#,4,A,"(2, 4, 8, 11)",V7,E,B,A,119.625,60.0
958,D,G#,4,A,"(2, 4, 8, 11)",V7,E,B,A,119.75,60.0
959,D,G#,4,A,"(2, 4, 8, 11)",V7,E,B,A,119.875,60.0
960,E,A,0,A,"(1, 4, 9)",I,A,C#,A,120.0,61.0
961,E,A,1,A,"(1, 4, 9)",I,A,C#,A,120.125,61.0
962,E,A,2,A,"(1, 4, 9)",I,A,C#,A,120.25,61.0
963,E,A,2,A,"(1, 4, 9)",I,A,C#,A,120.375,61.0
964,E,A,3,A,"(1, 4, 9)",I,A,C#,A,120.5,61.0
965,E,A,3,A,"(1, 4, 9)",I,A,C#,A,120.625,61.0
966,E,A,3,A,"(1, 4, 9)",I,A,C#,A,120.75,61.0
967,E,A,3,A,"(1, 4, 9)",I,A,C#,A,120.875,61.0
968,E,A,4,A,"(1, 4, 9)",I,A,C#,A,121.0,61.0
969,E,A,4,A,"(1, 4, 9)",I,A,C#,A,121.125,61.0
970,E,A,4,A,"(1, 4, 9)",I,A,C#,A,121.25,61.0
971,E,A,4,A,"(1, 4, 9)",I,A,C#,A,121.375,61.0
972,E,A,0,A,"(1, 4, 9)",I,A,C#,A,121.5,61.0
973,E,A,1,A,"(1, 4, 9)",I,A,C#,A,121.625,61.0
974,E,A,2,A,"(1, 4, 9)",I,A,C#,A,121.75,61.0
975,E,A,2,A,"(1, 4, 9)",I,A,C#,A,121.875,61.0
976,D,G#,0,A,"(2, 4, 8, 11)",V7,E,B,A,122.0,62.0
977,D,G#,1,A,"(2, 4, 8, 11)",V7,E,B,A,122.125,62.0
978,D,G#,2,A,"(2, 4, 8, 11)",V7,E,B,A,122.25,62.0
979,D,G#,2,A,"(2, 4, 8, 11)",V7,E,B,A,122.375,62.0
980,D,G#,3,A,"(2, 4, 8, 11)",V,E,B,A,122.5,62.0
981,D,G#,3,A,"(2, 4, 8, 11)",V,E,B,A,122.625,62.0
982,D,G#,3,A,"(2, 4, 8, 11)",V,E,B,A,122.75,62.0
983,D,G#,3,A,"(2, 4, 8, 11)",V,E,B,A,122.875,62.0
984,D,G#,4,A,"(2, 4, 8, 11)",V,E,G#,A,123.0,62.0
985,D,G#,4,A,"(2, 4, 8, 11)",V,E,G#,A,123.125,62.0
986,D,G#,4,A,"(2, 4, 8, 11)",V,E,G#,A,123.25,62.0
987,D,G#,4,A,"(2, 4, 8, 11)",V,E,G#,A,123.375,62.0
988,D,G#,4,A,"(2, 4, 8, 11)",V,E,G#,A,123.5,62.0
989,D,G#,4,A,"(2, 4, 8, 11)",V,E,G#,A,123.625,62.0
990,D,G#,4,A,"(2, 4, 8, 11)",V,E,G#,A,123.75,62.0
991,D,G#,4,A,"(2, 4, 8, 11)",V,E,G#,A,123.875,62.0
992,G#,D,0,A,"(2, 4, 8, 11)",I,D,E,A,124.0,63.0
993,B,D,1,A,"(2, 4, 8, 11)",I,D,E,A,124.125,63.0
994,B,D,2,A,"(2, 4, 8, 11)",I,D,E,A,124.25,63.0
995,B,D,2,A,"(2, 4, 8, 11)",I,D,E,A,124.375,63.0
996,B,E,3,A,"(2, 4, 8, 11)",V7,D,E,A,124.5,63.0
997,B,E,3,A,"(2, 4, 8, 11)",V7,D,E,A,124.625,63.0
998,B,E,3,A,"(2, 4, 8, 11)",V7,D,E,A,124.75,63.0
999,B,E,3,A,"(2, 4, 8, 11)",V7,D,E,A,124.875,63.0
1000,B,E,4,A,"(2, 4, 8, 11)",V7,D,G#,A,125.0,63.0
1001,B,E,4,A,"(2, 4, 8, 11)",V7,D,G#,A,125.125,63.0
1002,B,E,4,A,"(2, 4, 8, 11)",V7,D,G#,A,125.25,63.0
1003,B,E,4,A,"(2, 4, 8, 11)",V7,D,G#,A,125.375,63.0
1004,B,E,0,A,"(2, 4, 8, 11)",V7,D,G#,A,125.5,63.0
1005,B,E,4,A,"(2, 4, 8, 11)",V7,D,G#,A,125.625,63.0
1006,B,E,4,A,"(2, 4, 8, 11)",V7,D,G#,A,125.75,63.0
1007,B,E,4,A,"(2, 4, 8, 11)",V7,D,G#,A,125.875,63.0
1008,E,A,0,A,"(1, 4, 9)",I,A,C#,A,126.0,64.0
1009,E,A,1,A,"(1, 4, 9)",I,A,C#,A,126.125,64.0
1010,E,A,2,A,"(1, 4, 9)",I,A,C#,A,126.25,64.0
1011,E,A,2,A,"(1, 4, 9)",I,A,C#,A,126.375,64.0
1012,E,A,3,A,"(1, 4, 9)",I,A,C#,A,126.5,64.0
1013,E,A,3,A,"(1, 4, 9)",I,A,C#,A,126.625,64.0
1014,E,A,3,A,"(1, 4, 9)",I,A,C#,A,126.75,64.0
1015,E,A,3,A,"(1, 4, 9)",I,A,C#,A,126.875,64.0
1016,E,A,4,A,"(1, 4, 9)",I,A,C#,A,127.0,64.0
1017,E,A,4,A,"(1, 4, 9)",I,A,C#,A,127.125,64.0
1018,E,A,4,A,"(1, 4, 9)",I,A,C#,A,127.25,64.0
1019,E,A,4,A,"(1, 4, 9)",I,A,C#,A,127.375,64.0
1020,E,A,4,A,"(1, 4, 9)",I,A,C#,A,127.5,64.0
1021,E,A,4,A,"(1, 4, 9)",I,A,C#,A,127.625,64.0
1022,E,A,4,A,"(1, 4, 9)",I,A,C#,A,127.75,64.0
1023,E,A,4,A,"(1, 4, 9)",I,A,C#,A,127.875,64.0
1024,A,C#,0,A,"(1, 4, 9)",I,A,E,A,128.0,65.0
1025,A,C#,1,A,"(1, 4, 9)",I,A,E,A,128.125,65.0
1026,A,C#,2,A,"(1, 4, 9)",I,A,E,A,128.25,65.0
1027,A,C#,2,A,"(1, 4, 9)",I,A,E,A,128.375,65.0
1028,A,C#,3,A,"(1, 4, 9)",I,A,E,A,128.5,65.0
1029,A,C#,3,A,"(1, 4, 9)",I,A,E,A,128.625,65.0
1030,A,C#,3,A,"(1, 4, 9)",I,A,E,A,128.75,65.0
1031,A,C#,3,A,"(1, 4, 9)",I,A,E,A,128.875,65.0
1032,A,C#,4,A,"(1, 4, 9)",I,A,E,A,129.0,65.0
1033,A,C#,4,A,"(1, 4, 9)",I,A,E,A,129.125,65.0
1034,A,C#,4,A,"(1, 4, 9)",I,A,E,A,129.25,65.0
1035,A,C#,4,A,"(1, 4, 9)",I,A,E,A,129.375,65.0
1036,A,C#,4,A,"(1, 4, 9)",I,A,E,A,129.5,65.0
1037,A,C#,4,A,"(1, 4, 9)",I,A,E,A,129.625,65.0
1038,A,C#,4,A,"(1, 4, 9)",I,A,E,A,129.75,65.0
1039,A,C#,4,A,"(1, 4, 9)",I,A,E,A,129.875,65.0
1040,G#,B,0,A,"(2, 4, 8, 11)",V7,G#,D,A,130.0,66.0
1041,G#,B,1,A,"(2, 4, 8, 11)",V7,G#,D,A,130.125,66.0
1042,E,B,2,A,"(2, 4, 8, 11)",V7,G#,D,A,130.25,66.0
1043,E,B,2,A,"(2, 4, 8, 11)",V7,G#,D,A,130.375,66.0
1044,G#,B,3,A,"(2, 4, 8, 11)",V7,G#,D,A,130.5,66.0
1045,G#,B,3,A,"(2, 4, 8, 11)",V7,G#,D,A,130.625,66.0
1046,G#,B,3,A,"(2, 4, 8, 11)",V7,G#,D,A,130.75,66.0
1047,G#,B,3,A,"(2, 4, 8, 11)",V7,G#,D,A,130.875,66.0
1048,G#,B,4,A,"(2, 4, 8, 11)",V7,G#,D,A,131.0,66.0
1049,G#,B,4,A,"(2, 4, 8, 11)",V7,G#,D,A,131.125,66.0
1050,G#,B,4,A,"(2, 4, 8, 11)",V7,G#,D,A,131.25,66.0
1051,G#,B,4,A,"(2, 4, 8, 11)",V7,G#,D,A,131.375,66.0
1052,G#,B,4,A,"(2, 4, 8, 11)",V7,G#,D,A,131.5,66.0
1053,G#,B,4,A,"(2, 4, 8, 11)",V7,G#,D,A,131.625,66.0
1054,G#,B,4,A,"(2, 4, 8, 11)",V7,G#,D,A,131.75,66.0
1055,G#,B,4,A,"(2, 4, 8, 11)",V7,G#,D,A,131.875,66.0
1056,E,A,0,A,"(1, 4, 9)",I,A,C#,A,132.0,67.0
1057,E,A,1,A,"(1, 4, 9)",I,A,C#,A,132.125,67.0
1058,E,A,2,A,"(1, 4, 9)",I,A,C#,A,132.25,67.0
1059,E,A,2,A,"(1, 4, 9)",I,A,C#,A,132.375,67.0
1060,E,A,3,A,"(1, 4, 9)",I,A,C#,A,132.5,67.0
1061,E,A,3,A,"(1, 4, 9)",I,A,C#,A,132.625,67.0
1062,E,A,3,A,"(1, 4, 9)",I,A,C#,A,132.75,67.0
1063,E,A,3,A,"(1, 4, 9)",I,A,C#,A,132.875,67.0
1064,E,A,4,A,"(1, 4, 9)",I,A,C#,A,133.0,67.0
1065,E,A,4,A,"(1, 4, 9)",I,A,C#,A,133.125,67.0
1066,E,A,4,A,"(1, 4, 9)",I,A,C#,A,133.25,67.0
1067,E,A,4,A,"(1, 4, 9)",I,A,C#,A,133.375,67.0
1068,E,A,4,A,"(1, 4, 9)",I,A,C#,A,133.5,67.0
1069,E,A,4,A,"(1, 4, 9)",I,A,C#,A,133.625,67.0
1070,E,A,4,A,"(1, 4, 9)",I,A,C#,A,133.75,67.0
1071,E,A,4,A,"(1, 4, 9)",I,A,C#,A,133.875,67.0
1072,D,G#,0,A,"(2, 4, 8, 11)",V7,E,B,A,134.0,68.0
1073,D,G#,1,A,"(2, 4, 8, 11)",V7,E,B,A,134.125,68.0
1074,D,G#,2,A,"(2, 4, 8, 11)",V7,E,B,A,134.25,68.0
1075,D,G#,2,A,"(2, 4, 8, 11)",V7,E,B,A,134.375,68.0
1076,D,G#,3,A,"(2, 4, 8, 11)",V7,E,B,A,134.5,68.0
1077,D,G#,3,A,"(2, 4, 8, 11)",V7,E,B,A,134.625,68.0
1078,D,G#,3,A,"(2, 4, 8, 11)",V7,E,B,A,134.75,68.0
1079,D,G#,3,A,"(2, 4, 8, 11)",V7,E,B,A,134.875,68.0
1080,D,G#,4,A,"(2, 4, 8, 11)",V7,E,B,A,135.0,68.0
1081,D,G#,4,A,"(2, 4, 8, 11)",V7,E,B,A,135.125,68.0
1082,D,G#,4,A,"(2, 4, 8, 11)",V7,E,B,A,135.25,68.0
1083,D,G#,4,A,"(2, 4, 8, 11)",V7,E,B,A,135.375,68.0
1084,D,G#,4,A,"(2, 4, 8, 11)",V7,E,B,A,135.5,68.0
1085,D,G#,4,A,"(2, 4, 8, 11)",V7,E,B,A,135.625,68.0
1086,D,G#,4,A,"(2, 4, 8, 11)",V7,E,B,A,135.75,68.0
1087,D,G#,4,A,"(2, 4, 8, 11)",V7,E,B,A,135.875,68.0
1088,E,A,0,A,"(1, 4, 9)",I,A,C#,A,136.0,69.0
1089,E,A,1,A,"(1, 4, 9)",I,A,C#,A,136.125,69.0
1090,E,A,2,A,"(1, 4, 9)",I,A,C#,A,136.25,69.0
1091,E,A,2,A,"(1, 4, 9)",I,A,C#,A,136.375,69.0
1092,E,A,3,A,"(1, 4, 9)",I,A,C#,A,136.5,69.0
1093,E,A,3,A,"(1, 4, 9)",I,A,C#,A,136.625,69.0
1094,E,A,3,A,"(1, 4, 9)",I,A,C#,A,136.75,69.0
1095,E,A,3,A,"(1, 4, 9)",I,A,C#,A,136.875,69.0
1096,E,A,4,A,"(1, 4, 9)",I,A,C#,A,137.0,69.0
1097,E,A,4,A,"(1, 4, 9)",I,A,C#,A,137.125,69.0
1098,E,A,4,A,"(1, 4, 9)",I,A,C#,A,137.25,69.0
1099,E,A,4,A,"(1, 4, 9)",I,A,C#,A,137.375,69.0
1100,E,A,0,A,"(1, 4, 9)",I,A,C#,A,137.5,69.0
1101,E,A,1,A,"(1, 4, 9)",I,A,C#,A,137.625,69.0
1102,E,A,2,A,"(1, 4, 9)",I,A,C#,A,137.75,69.0
1103,E,A,2,A,"(1, 4, 9)",I,A,C#,A,137.875,69.0
1104,D,G#,0,A,"(2, 4, 8, 11)",V7,E,B,A,138.0,70.0
1105,D,G#,1,A,"(2, 4, 8, 11)",V7,E,B,A,138.125,70.0
1106,D,G#,2,A,"(2, 4, 8, 11)",V7,E,B,A,138.25,70.0
1107,D,G#,2,A,"(2, 4, 8, 11)",V7,E,B,A,138.375,70.0
1108,D,G#,3,A,"(2, 4, 8, 11)",V,E,G#,A,138.5,70.0
1109,D,G#,3,A,"(2, 4, 8, 11)",V,E,G#,A,138.625,70.0
1110,D,G#,3,A,"(2, 4, 8, 11)",V,E,G#,A,138.75,70.0
1111,D,G#,3,A,"(2, 4, 8, 11)",V,E,G#,A,138.875,70.0
1112,D,G#,4,A,"(2, 4, 8, 11)",V,E,G#,A,139.0,70.0
1113,D,G#,4,A,"(2, 4, 8, 11)",V,E,G#,A,139.125,70.0
1114,D,G#,4,A,"(2, 4, 8, 11)",V,E,G#,A,139.25,70.0
1115,D,G#,4,A,"(2, 4, 8, 11)",V,E,G#,A,139.375,70.0
1116,D,G#,4,A,"(2, 4, 8, 11)",V,E,G#,A,139.5,70.0
1117,D,G#,4,A,"(2, 4, 8, 11)",V,D,G#,A,139.625,70.0
1118,D,G#,4,A,"(2, 4, 8, 11)",V,D,G#,A,139.75,70.0
1119,D,G#,4,A,"(2, 4, 8, 11)",V,D,G#,A,139.875,70.0
1120,G#,D,0,A,"(2, 4, 8, 11)",I,A,E,A,140.0,71.0
1121,A,D,1,A,"(2, 4, 8, 11)",I,D,E,A,140.125,71.0
1122,A,D,2,A,"(2, 4, 8, 11)",I,D,E,A,140.25,71.0
1123,A,D,2,A,"(2, 4, 8, 11)",I,D,E,A,140.375,71.0
1124,A,D,3,A,"(2, 4, 8, 11)",I,D,E,A,140.5,71.0
1125,A,D,3,A,"(2, 4, 8, 11)",I,D,E,A,140.625,71.0
1126,A,D,3,A,"(2, 4, 8, 11)",I,D,E,A,140.75,71.0
1127,A,D,3,A,"(2, 4, 8, 11)",I,D,E,A,140.875,71.0
1128,B,E,4,A,"(2, 4, 8, 11)",V7,D,G#,A,141.0,71.0
1129,B,E,4,A,"(2, 4, 8, 11)",V7,D,G#,A,141.125,71.0
1130,B,E,4,A,"(2, 4, 8, 11)",V7,D,G#,A,141.25,71.0
1131,B,E,4,A,"(2, 4, 8, 11)",V7,D,G#,A,141.375,71.0
1132,B,E,0,A,"(2, 4, 8, 11)",V7,D,G#,A,141.5,71.0
1133,B,E,1,A,"(2, 4, 8, 11)",V7,D,G#,A,141.625,71.0
1134,B,E,2,A,"(2, 4, 8, 11)",V7,D,G#,A,141.75,71.0
1135,B,E,2,A,"(2, 4, 8, 11)",V7,D,G#,A,141.875,71.0
1136,E,A,0,A,"(1, 4, 9)",I,A,C#,A,142.0,72.0
1137,E,A,1,A,"(1, 4, 9)",I,A,C#,A,142.125,72.0
1138,E,A,2,A,"(1, 4, 9)",I,A,C#,A,142.25,72.0
1139,E,A,2,A,"(1, 4, 9)",I,A,C#,A,142.375,72.0
1140,E,A,3,A,"(1, 4, 9)",I,A,C#,A,142.5,72.0
1141,E,A,3,A,"(1, 4, 9)",I,A,C#,A,142.625,72.0
1142,E,A,3,A,"(1, 4, 9)",I,A,C#,A,142.75,72.0
1143,E,A,3,A,"(1, 4, 9)",I,A,C#,A,142.875,72.0
1144,E,A,4,A,"(1, 4, 9)",I,A,C#,A,143.0,72.0
1145,E,A,4,A,"(1, 4, 9)",I,A,C#,A,143.125,72.0
1146,E,A,4,A,"(1, 4, 9)",I,A,C#,A,143.25,72.0
1147,E,A,4,A,"(1, 4, 9)",I,A,C#,A,143.375,72.0
1148,E,A,4,A,"(1, 4, 9)",I,A,C#,A,143.5,72.0
1149,E,A,4,A,"(1, 4, 9)",I,A,C#,A,143.625,72.0
1150,E,A,4,A,"(1, 4, 9)",I,A,C#,A,143.75,72.0
1151,E,A,4,A,"(1, 4, 9)",I,A,C#,A,143.875,72.0
1152,E,A,0,A,"(1, 4, 9)",I,A,C#,A,144.0,73.0
1153,E,A,1,A,"(1, 4, 9)",I,A,C#,A,144.125,73.0
1154,E,A,2,A,"(1, 4, 9)",I,A,C#,A,144.25,73.0
1155,E,A,2,A,"(1, 4, 9)",I,A,C#,A,144.375,73.0
1156,E,A,3,A,"(1, 4, 9)",I,A,C#,A,144.5,73.0
1157,E,A,3,A,"(1, 4, 9)",I,A,C#,A,144.625,73.0
1158,E,A,3,A,"(1, 4, 9)",I,A,C#,A,144.75,73.0
1159,E,A,3,A,"(1, 4, 9)",I,A,C#,A,144.875,73.0
1160,E,A,4,A,"(1, 4, 9)",I,A,C#,A,145.0,73.0
1161,E,A,4,A,"(1, 4, 9)",I,A,C#,A,145.125,73.0
1162,E,A,4,A,"(1, 4, 9)",I,A,C#,A,145.25,73.0
1163,E,A,4,A,"(1, 4, 9)",I,A,C#,A,145.375,73.0
1164,E,A,4,A,"(1, 4, 9)",I,A,C#,A,145.5,73.0
1165,E,A,4,A,"(1, 4, 9)",I,A,C#,A,145.625,73.0
1166,E,A,4,A,"(1, 4, 9)",I,A,C#,A,145.75,73.0
1167,E,A,4,A,"(1, 4, 9)",I,A,C#,A,145.875,73.0
1168,B,D,0,A,"(2, 4, 8, 11)",ii,B,F#,A,146.0,74.0
1169,B,D,1,A,"(2, 4, 8, 11)",ii,B,F#,A,146.125,74.0
1170,B,D,2,A,"(2, 4, 8, 11)",ii,B,F#,A,146.25,74.0
1171,B,D,2,A,"(2, 4, 8, 11)",ii,B,F#,A,146.375,74.0
1172,B,E,3,A,"(2, 4, 8, 11)",I,B,E,A,146.5,74.0
1173,B,E,3,A,"(2, 4, 8, 11)",I,B,E,A,146.625,74.0
1174,B,E,3,A,"(2, 4, 8, 11)",I,B,E,A,146.75,74.0
1175,B,E,3,A,"(2, 4, 8, 11)",I,B,E,A,146.875,74.0
1176,A,C#,0,A,"(1, 4, 9)",I,A,E,A,147.0,74.0
1177,A,C#,1,A,"(1, 4, 9)",I,A,E,A,147.125,74.0
1178,A,C#,2,A,"(1, 4, 9)",I,A,E,A,147.25,74.0
1179,A,C#,2,A,"(1, 4, 9)",I,A,E,A,147.375,74.0
1180,A,C#,3,A,"(1, 4, 9)",I,A,E,A,147.5,74.0
1181,A,C#,3,A,"(1, 4, 9)",I,A,E,A,147.625,74.0
1182,A,C#,3,A,"(1, 4, 9)",I,A,E,A,147.75,74.0
1183,A,C#,3,A,"(1, 4, 9)",I,A,E,A,147.875,74.0
1184,E,A,0,A,"(1, 4, 9)",I,A,C#,A,148.0,75.0
1185,E,A,1,A,"(1, 4, 9)",I,A,C#,A,148.125,75.0
1186,E,A,2,A,"(1, 4, 9)",I,A,C#,A,148.25,75.0
1187,E,A,2,A,"(1, 4, 9)",I,A,C#,A,148.375,75.0
1188,E,A,3,A,"(1, 4, 9)",I,A,C#,A,148.5,75.0
1189,E,A,3,A,"(1, 4, 9)",I,A,C#,A,148.625,75.0
1190,E,A,3,A,"(1, 4, 9)",I,A,C#,A,148.75,75.0
1191,E,A,3,A,"(1, 4, 9)",I,A,C#,A,148.875,75.0
1192,E,A,4,A,"(1, 4, 9)",I,A,C#,A,149.0,75.0
1193,E,A,4,A,"(1, 4, 9)",I,A,C#,A,149.125,75.0
1194,E,A,4,A,"(1, 4, 9)",I,A,C#,A,149.25,75.0
1195,E,A,4,A,"(1, 4, 9)",I,A,C#,A,149.375,75.0
1196,E,A,4,A,"(1, 4, 9)",I,A,C#,A,149.5,75.0
1197,E,A,4,A,"(1, 4, 9)",I,A,C#,A,149.625,75.0
1198,E,A,4,A,"(1, 4, 9)",I,A,C#,A,149.75,75.0
1199,E,A,4,A,"(1, 4, 9)",I,A,C#,A,149.875,75.0
1200,B,B,0,A,"(2, 4, 8, 11)",ii,B,D,A,150.0,76.0
1201,B,B,1,A,"(2, 4, 8, 11)",ii,B,D,A,150.125,76.0
1202,E,B,2,A,"(2, 4, 8, 11)",ii,B,D,A,150.25,76.0
1203,E,B,2,A,"(2, 4, 8, 11)",ii,B,D,A,150.375,76.0
1204,B,E,3,A,"(2, 4, 8, 11)",I,A,G#,A,150.5,76.0
1205,B,E,3,A,"(2, 4, 8, 11)",I,A,G#,A,150.625,76.0
1206,B,E,3,A,"(2, 4, 8, 11)",I,A,G#,A,150.75,76.0
1207,B,E,3,A,"(2, 4, 8, 11)",I,A,G#,A,150.875,76.0
1208,E,A,0,A,"(1, 4, 9)",I,A,C#,A,151.0,76.0
1209,E,A,1,A,"(1, 4, 9)",I,A,C#,A,151.125,76.0
1210,E,A,2,A,"(1, 4, 9)",I,A,C#,A,151.25,76.0
1211,E,A,2,A,"(1, 4, 9)",I,A,C#,A,151.375,76.0
1212,E,A,3,A,"(1, 4, 9)",I,A,C#,A,151.5,76.0
1213,E,A,3,A,"(1, 4, 9)",I,A,C#,A,151.625,76.0
1214,E,A,3,A,"(1, 4, 9)",I,A,C#,A,151.75,76.0
1215,E,A,3,A,"(1, 4, 9)",I,A,C#,A,151.875,76.0
1216,G#,D,0,A,"(2, 4, 8, 11)",V7,B,E,A,152.0,77.0
1217,G#,D,1,A,"(2, 4, 8, 11)",V7,B,E,A,152.125,77.0
1218,G#,D,2,A,"(2, 4, 8, 11)",V7,B,E,A,152.25,77.0
1219,G#,D,2,A,"(2, 4, 8, 11)",V7,B,E,A,152.375,77.0
1220,G#,D,3,A,"(2, 4, 8, 11)",V7,B,E,A,152.5,77.0
1221,G#,D,3,A,"(2, 4, 8, 11)",V7,B,E,A,152.625,77.0
1222,G#,D,3,A,"(2, 4, 8, 11)",V7,B,E,A,152.75,77.0
1223,G#,D,3,A,"(2, 4, 8, 11)",V7,B,E,A,152.875,77.0
1224,A,C#,0,A,"(1, 4, 9)",I,A,E,A,153.0,77.0
1225,A,C#,1,A,"(1, 4, 9)",I,A,E,A,153.125,77.0
1226,A,C#,2,A,"(1, 4, 9)",I,A,E,A,153.25,77.0
1227,A,C#,2,A,"(1, 4, 9)",I,A,E,A,153.375,77.0
1228,A,C#,3,A,"(1, 4, 9)",I,A,E,A,153.5,77.0
1229,A,C#,3,A,"(1, 4, 9)",I,A,E,A,153.625,77.0
1230,A,C#,3,A,"(1, 4, 9)",I,A,E,A,153.75,77.0
1231,A,C#,3,A,"(1, 4, 9)",I,A,E,A,153.875,77.0
1232,G#,D,0,A,"(2, 4, 8, 11)",V7,B,E,A,154.0,78.0
1233,G#,D,1,A,"(2, 4, 8, 11)",V7,B,E,A,154.125,78.0
1234,G#,D,2,A,"(2, 4, 8, 11)",V7,B,E,A,154.25,78.0
1235,G#,D,2,A,"(2, 4, 8, 11)",V7,B,E,A,154.375,78.0
1236,G#,D,3,A,"(2, 4, 8, 11)",V7,B,E,A,154.5,78.0
1237,G#,D,3,A,"(2, 4, 8, 11)",V7,B,E,A,154.625,78.0
1238,G#,D,3,A,"(2, 4, 8, 11)",V7,B,E,A,154.75,78.0
1239,G#,D,3,A,"(2, 4, 8, 11)",V7,B,E,A,154.875,78.0
1240,A,C#,0,A,"(1, 4, 9)",I,A,E,A,155.0,78.0
1241,A,C#,1,A,"(1, 4, 9)",I,A,E,A,155.125,78.0
1242,A,C#,2,A,"(1, 4, 9)",I,A,E,A,155.25,78.0
1243,A,C#,2,A,"(1, 4, 9)",I,A,E,A,155.375,78.0
1244,A,C#,3,A,"(1, 4, 9)",I,A,E,A,155.5,78.0
1245,A,C#,3,A,"(1, 4, 9)",I,A,E,A,155.625,78.0
1246,A,C#,3,A,"(1, 4, 9)",I,A,E,A,155.75,78.0
1247,A,C#,3,A,"(1, 4, 9)",I,A,E,A,155.875,78.0
1248,G#,B,0,A,"(4, 8, 11)",V,E,E,A,156.0,79.0
1249,G#,B,1,A,"(4, 8, 11)",V,E,E,A,156.125,79.0
1250,G#,B,2,A,"(4, 8, 11)",V,E,E,A,156.25,79.0
1251,G#,B,2,A,"(4, 8, 11)",V,E,E,A,156.375,79.0
1252,G#,B,3,A,"(4, 8, 11)",V,E,E,A,156.5,79.0
1253,G#,B,3,A,"(4, 8, 11)",V,E,E,A,156.625,79.0
1254,G#,B,3,A,"(4, 8, 11)",V,E,E,A,156.75,79.0
1255,G#,B,3,A,"(4, 8, 11)",V,E,E,A,156.875,79.0
1256,F#,B,0,A,"(3, 6, 9, 11)",V7,A,D#,E,157.0,79.0
1257,F#,B,1,A,"(3, 6, 9, 11)",V7,A,D#,E,157.125,79.0
1258,F#,B,2,A,"(3, 6, 9, 11)",V7,A,D#,E,157.25,79.0
1259,F#,B,2,A,"(3, 6, 9, 11)",V7,A,D#,E,157.375,79.0
1260,F#,B,3,A,"(3, 6, 9, 11)",V7,A,D#,E,157.5,79.0
1261,F#,B,3,A,"(3, 6, 9, 11)",V7,A,D#,E,157.625,79.0
1262,F#,B,3,A,"(3, 6, 9, 11)",V7,A,D#,E,157.75,79.0
1263,F#,B,3,A,"(3, 6, 9, 11)",V7,A,D#,E,157.875,79.0
1264,B,E,0,A,"(4, 8, 11)",V,E,G#,A,158.0,80.0
1265,B,E,1,A,"(4, 8, 11)",V,E,G#,A,158.125,80.0
1266,B,E,2,A,"(4, 8, 11)",V,E,G#,A,158.25,80.0
1267,B,E,2,A,"(4, 8, 11)",V,E,G#,A,158.375,80.0
1268,B,E,3,A,"(4, 8, 11)",V,E,G#,A,158.5,80.0
1269,B,E,3,A,"(4, 8, 11)",V,E,G#,A,158.625,80.0
1270,B,E,3,A,"(4, 8, 11)",V,E,G#,A,158.75,80.0
1271,B,E,3,A,"(4, 8, 11)",V,E,G#,A,158.875,80.0
1272,B,E,4,A,"(4, 8, 11)",V,E,G#,A,159.0,80.0
1273,B,E,4,A,"(4, 8, 11)",V,E,G#,A,159.125,80.0
1274,B,E,4,A,"(4, 8, 11)",V,E,G#,A,159.25,80.0
1275,B,E,4,A,"(4, 8, 11)",V,E,G#,A,159.375,80.0
1276,B,E,4,A,"(4, 8, 11)",V,E,G#,A,159.5,80.0
1277,B,E,4,A,"(4, 8, 11)",V,E,G#,A,159.625,80.0
1278,B,E,4,A,"(4, 8, 11)",V,E,G#,A,159.75,80.0
1279,B,E,4,A,"(4, 8, 11)",V,E,G#,A,159.875,80.0
1280,G#,C#,0,A,"(1, 4, 9)",I,A,E,A,160.0,81.0
1281,G#,C#,1,A,"(1, 4, 9)",I,A,E,A,160.125,81.0
1282,G#,C#,2,A,"(1, 4, 9)",I,A,E,A,160.25,81.0
1283,G#,C#,2,A,"(1, 4, 9)",I,A,E,A,160.375,81.0
1284,G#,C#,3,A,"(1, 4, 9)",I,A,E,A,160.5,81.0
1285,G#,C#,3,A,"(1, 4, 9)",I,A,E,A,160.625,81.0
1286,G#,C#,3,A,"(1, 4, 9)",I,A,E,A,160.75,81.0
1287,G#,C#,3,A,"(1, 4, 9)",I,A,E,A,160.875,81.0
1288,G#,C#,4,A,"(1, 4, 9)",I,A,E,A,161.0,81.0
1289,G#,C#,4,A,"(1, 4, 9)",I,A,E,A,161.125,81.0
1290,G#,C#,4,A,"(1, 4, 9)",I,A,E,A,161.25,81.0
1291,G#,C#,4,A,"(1, 4, 9)",I,A,E,A,161.375,81.0
1292,G#,C#,4,A,"(1, 4, 9)",I,A,E,A,161.5,81.0
1293,G#,C#,4,A,"(1, 4, 9)",I,A,E,A,161.625,81.0
1294,E,C#,4,A,"(1, 4, 9)",I,A,E,A,161.75,81.0
1295,E,C#,4,A,"(1, 4, 9)",I,A,E,A,161.875,81.0
1296,E,B,0,A,"(2, 4, 8, 11)",V7,G#,D,A,162.0,82.0
1297,E,B,1,A,"(2, 4, 8, 11)",V7,G#,D,A,162.125,82.0
1298,E,B,2,A,"(2, 4, 8, 11)",V7,G#,D,A,162.25,82.0
1299,E,B,2,A,"(2, 4, 8, 11)",V7,G#,D,A,162.375,82.0
1300,E,B,3,A,"(2, 4, 8, 11)",V7,G#,D,A,162.5,82.0
1301,E,B,3,A,"(2, 4, 8, 11)",V7,G#,D,A,162.625,82.0
1302,E,B,3,A,"(2, 4, 8, 11)",V7,G#,D,A,162.75,82.0
1303,E,B,3,A,"(2, 4, 8, 11)",V7,G#,D,A,162.875,82.0
1304,E,G#,4,A,"(2, 4, 8, 11)",V,E,G#,A,163.0,82.0
1305,E,G#,4,A,"(2, 4, 8, 11)",V,E,G#,A,163.125,82.0
1306,E,G#,4,A,"(2, 4, 8, 11)",V,E,G#,A,163.25,82.0
1307,E,G#,4,A,"(2, 4, 8, 11)",V,E,G#,A,163.375,82.0
1308,E,E,4,A,"(2, 4, 8, 11)",V,E,G#,A,163.5,82.0
1309,E,E,4,A,"(2, 4, 8, 11)",V,E,G#,A,163.625,82.0
1310,E,E,4,A,"(2, 4, 8, 11)",V,E,G#,A,163.75,82.0
1311,E,E,4,A,"(2, 4, 8, 11)",V,E,G#,A,163.875,82.0
1312,E,A,0,A,"(1, 4, 9)",I,A,C#,A,164.0,83.0
1313,E,A,1,A,"(1, 4, 9)",I,A,C#,A,164.125,83.0
1314,E,A,2,A,"(1, 4, 9)",I,A,C#,A,164.25,83.0
1315,E,A,2,A,"(1, 4, 9)",I,A,C#,A,164.375,83.0
1316,E,A,3,A,"(1, 4, 9)",I,A,C#,A,164.5,83.0
1317,E,A,3,A,"(1, 4, 9)",I,A,C#,A,164.625,83.0
1318,E,A,3,A,"(1, 4, 9)",I,A,C#,A,164.75,83.0
1319,E,A,3,A,"(1, 4, 9)",I,A,C#,A,164.875,83.0
1320,E,A,4,A,"(1, 4, 9)",I,A,C#,A,165.0,83.0
1321,E,A,4,A,"(1, 4, 9)",I,A,C#,A,165.125,83.0
1322,E,A,4,A,"(1, 4, 9)",I,A,C#,A,165.25,83.0
1323,E,A,4,A,"(1, 4, 9)",I,A,C#,A,165.375,83.0
1324,E,A,4,A,"(1, 4, 9)",I,A,C#,A,165.5,83.0
1325,E,A,4,A,"(1, 4, 9)",I,A,C#,A,165.625,83.0
1326,E,A,4,A,"(1, 4, 9)",I,A,C#,A,165.75,83.0
1327,E,A,4,A,"(1, 4, 9)",I,A,C#,A,165.875,83.0
1328,B,D,0,A,"(2, 4, 8, 11)",V7,B,E,A,166.0,84.0
1329,B,D,1,A,"(2, 4, 8, 11)",V7,B,E,A,166.125,84.0
1330,B,D,2,A,"(2, 4, 8, 11)",V7,B,E,A,166.25,84.0
1331,B,D,2,A,"(2, 4, 8, 11)",V7,B,E,A,166.375,84.0
1332,B,D,3,A,"(2, 4, 8, 11)",V7,B,E,A,166.5,84.0
1333,B,D,3,A,"(2, 4, 8, 11)",V7,B,E,A,166.625,84.0
1334,B,D,3,A,"(2, 4, 8, 11)",V7,B,E,A,166.75,84.0
1335,B,D,3,A,"(2, 4, 8, 11)",V7,B,E,A,166.875,84.0
1336,B,E,4,A,"(2, 4, 8, 11)",V7,B,G#,A,167.0,84.0
1337,B,E,4,A,"(2, 4, 8, 11)",V7,B,G#,A,167.125,84.0
1338,B,E,4,A,"(2, 4, 8, 11)",V7,B,G#,A,167.25,84.0
1339,B,E,4,A,"(2, 4, 8, 11)",V7,B,G#,A,167.375,84.0
1340,B,E,4,A,"(2, 4, 8, 11)",V7,B,G#,A,167.5,84.0
1341,B,E,4,A,"(2, 4, 8, 11)",V7,B,G#,A,167.625,84.0
1342,B,E,4,A,"(2, 4, 8, 11)",V7,B,G#,A,167.75,84.0
1343,B,E,4,A,"(2, 4, 8, 11)",V7,B,G#,A,167.875,84.0
1344,E,A,0,A,"(1, 4, 9)",I,A,C#,A,168.0,85.0
1345,E,A,1,A,"(1, 4, 9)",I,A,C#,A,168.125,85.0
1346,E,A,2,A,"(1, 4, 9)",I,A,C#,A,168.25,85.0
1347,E,A,2,A,"(1, 4, 9)",I,A,C#,A,168.375,85.0
1348,E,A,3,A,"(1, 4, 9)",I,A,C#,A,168.5,85.0
1349,E,A,3,A,"(1, 4, 9)",I,A,C#,A,168.625,85.0
1350,E,A,3,A,"(1, 4, 9)",I,A,C#,A,168.75,85.0
1351,E,A,3,A,"(1, 4, 9)",I,A,C#,A,168.875,85.0
1352,E,A,4,A,"(1, 4, 9)",I,A,C#,A,169.0,85.0
1353,E,A,4,A,"(1, 4, 9)",I,A,C#,A,169.125,85.0
1354,E,A,4,A,"(1, 4, 9)",I,A,C#,A,169.25,85.0
1355,E,A,4,A,"(1, 4, 9)",I,A,C#,A,169.375,85.0
1356,E,A,4,A,"(1, 4, 9)",I,A,C#,A,169.5,85.0
1357,E,A,4,A,"(1, 4, 9)",I,A,C#,A,169.625,85.0
1358,E,A,4,A,"(1, 4, 9)",I,A,C#,A,169.75,85.0
1359,E,A,4,A,"(1, 4, 9)",I,A,C#,A,169.875,85.0
1360,B,D,0,A,"(2, 6, 9)",I,B,F#,A,170.0,86.0
1361,B,D,1,A,"(2, 6, 9)",I,B,F#,A,170.125,86.0
1362,B,D,2,A,"(2, 6, 9)",I,B,F#,A,170.25,86.0
1363,B,D,2,A,"(2, 6, 9)",I,B,F#,A,170.375,86.0
1364,B,D,3,A,"(2, 6, 11)",ii7,B,F#,A,170.5,86.0
1365,B,D,3,A,"(2, 6, 11)",ii7,B,F#,A,170.625,86.0
1366,B,D,3,A,"(2, 6, 11)",ii7,B,F#,A,170.75,86.0
1367,B,D,3,A,"(2, 6, 11)",ii7,B,F#,A,170.875,86.0
1368,B,D,0,A,"(2, 6, 11)",ii,B,F#,A,171.0,86.0
1369,B,D,1,A,"(2, 6, 11)",ii,B,F#,A,171.125,86.0
1370,B,D,2,A,"(2, 6, 11)",ii,B,F#,A,171.25,86.0
1371,B,D,2,A,"(2, 6, 11)",ii,B,F#,A,171.375,86.0
1372,B,D,3,A,"(2, 6, 11)",ii,B,F#,A,171.5,86.0
1373,B,D,1,A,"(2, 6, 11)",ii,B,F#,A,171.625,86.0
1374,B,D,3,A,"(2, 6, 11)",ii,B,F#,A,171.75,86.0
1375,B,D,3,A,"(2, 6, 11)",ii,B,F#,A,171.875,86.0
1376,B,E,0,A,"(2, 4, 8, 11)",V7,A,G#,A,172.0,87.0
1377,B,E,1,A,"(2, 4, 8, 11)",V7,A,G#,A,172.125,87.0
1378,B,E,2,A,"(2, 4, 8, 11)",V7,A,G#,A,172.25,87.0
1379,B,E,2,A,"(2, 4, 8, 11)",V7,A,G#,A,172.375,87.0
1380,B,E,3,A,"(2, 4, 8, 11)",V7,E,G#,A,172.5,87.0
1381,B,E,3,A,"(2, 4, 8, 11)",V7,E,G#,A,172.625,87.0
1382,B,E,3,A,"(2, 4, 8, 11)",V7,E,G#,A,172.75,87.0
1383,B,E,3,A,"(2, 4, 8, 11)",V7,E,G#,A,172.875,87.0
1384,B,E,0,A,"(2, 4, 8, 11)",V7,E,G#,A,173.0,87.0
1385,B,E,1,A,"(2, 4, 8, 11)",V7,E,G#,A,173.125,87.0
1386,B,E,2,A,"(2, 4, 8, 11)",V7,E,G#,A,173.25,87.0
1387,B,E,4,A,"(2, 4, 8, 11)",V7,E,G#,A,173.375,87.0
1388,B,E,4,A,"(2, 4, 8, 11)",V7,D,G#,A,173.5,87.0
1389,B,E,4,A,"(2, 4, 8, 11)",V7,D,G#,A,173.625,87.0
1390,B,E,4,A,"(2, 4, 8, 11)",V7,D,G#,A,173.75,87.0
1391,B,E,4,A,"(2, 4, 8, 11)",V7,D,G#,A,173.875,87.0
1392,E,A,0,A,"(1, 4, 9)",I,A,C#,A,174.0,88.0
1393,E,A,1,A,"(1, 4, 9)",I,A,C#,A,174.125,88.0
1394,E,A,2,A,"(1, 4, 9)",I,A,C#,A,174.25,88.0
1395,E,A,2,A,"(1, 4, 9)",I,A,C#,A,174.375,88.0
1396,E,A,3,A,"(1, 4, 9)",I,A,C#,A,174.5,88.0
1397,E,A,3,A,"(1, 4, 9)",I,A,C#,A,174.625,88.0
1398,E,A,3,A,"(1, 4, 9)",I,A,C#,A,174.75,88.0
1399,E,A,3,A,"(1, 4, 9)",I,A,C#,A,174.875,88.0
1400,E,A,4,A,"(1, 4, 9)",I,A,C#,A,175.0,88.0
1401,E,A,4,A,"(1, 4, 9)",I,A,C#,A,175.125,88.0
1402,E,A,4,A,"(1, 4, 9)",I,A,C#,A,175.25,88.0
1403,E,A,4,A,"(1, 4, 9)",I,A,C#,A,175.375,88.0
1404,E,A,4,A,"(1, 4, 9)",I,A,C#,A,175.5,88.0
1405,E,A,4,A,"(1, 4, 9)",I,A,C#,A,175.625,88.0
1406,E,A,4,A,"(1, 4, 9)",I,A,C#,A,175.75,88.0
1407,E,A,4,A,"(1, 4, 9)",I,A,C#,A,175.875,88.0
1408,E,C#,0,A,"(1, 4, 9)",I,A,E,A,176.0,89.0
1409,E,C#,1,A,"(1, 4, 9)",I,A,E,A,176.125,89.0
1410,E,C#,2,A,"(1, 4, 9)",I,A,E,A,176.25,89.0
1411,E,C#,2,A,"(1, 4, 9)",I,A,E,A,176.375,89.0
1412,G#,C#,3,A,"(1, 4, 9)",I,A,E,A,176.5,89.0
1413,G#,C#,3,A,"(1, 4, 9)",I,A,E,A,176.625,89.0
1414,G#,C#,3,A,"(1, 4, 9)",I,A,E,A,176.75,89.0
1415,G#,C#,3,A,"(1, 4, 9)",I,A,E,A,176.875,89.0
1416,G#,C#,4,A,"(1, 4, 9)",I,A,E,A,177.0,89.0
1417,G#,C#,4,A,"(1, 4, 9)",I,A,E,A,177.125,89.0
1418,G#,C#,4,A,"(1, 4, 9)",I,A,E,A,177.25,89.0
1419,G#,C#,4,A,"(1, 4, 9)",I,A,E,A,177.375,89.0
1420,G#,C#,4,A,"(1, 4, 9)",I,A,E,A,177.5,89.0
1421,G#,C#,4,A,"(1, 4, 9)",I,A,E,A,177.625,89.0
1422,G#,C#,4,A,"(1, 4, 9)",I,A,E,A,177.75,89.0
1423,G#,C#,4,A,"(1, 4, 9)",I,A,E,A,177.875,89.0
1424,E,B,0,A,"(2, 4, 8, 11)",V7,G#,D,A,178.0,90.0
1425,E,B,1,A,"(2, 4, 8, 11)",V7,G#,D,A,178.125,90.0
1426,E,B,2,A,"(2, 4, 8, 11)",V7,G#,D,A,178.25,90.0
1427,E,B,2,A,"(2, 4, 8, 11)",V7,G#,D,A,178.375,90.0
1428,E,B,3,A,"(2, 4, 8, 11)",V7,G#,D,A,178.5,90.0
1429,E,B,3,A,"(2, 4, 8, 11)",V7,G#,D,A,178.625,90.0
1430,E,B,3,A,"(2, 4, 8, 11)",V7,G#,D,A,178.75,90.0
1431,E,B,3,A,"(2, 4, 8, 11)",V7,G#,D,A,178.875,90.0
1432,E,G#,4,A,"(2, 4, 8, 11)",V,E,G#,A,179.0,90.0
1433,E,G#,4,A,"(2, 4, 8, 11)",V,E,B,A,179.125,90.0
1434,E,G#,4,A,"(2, 4, 8, 11)",V,E,B,A,179.25,90.0
1435,E,G#,4,A,"(2, 4, 8, 11)",V,E,G#,A,179.375,90.0
1436,E,E,4,A,"(2, 4, 8, 11)",V,E,G#,A,179.5,90.0
1437,E,E,4,A,"(2, 4, 8, 11)",V,E,G#,A,179.625,90.0
1438,E,E,4,A,"(2, 4, 8, 11)",V,E,G#,A,179.75,90.0
1439,E,E,4,A,"(2, 4, 8, 11)",V,E,G#,A,179.875,90.0
1440,E,A,0,A,"(1, 4, 9)",I,A,C#,A,180.0,91.0
1441,E,A,1,A,"(1, 4, 9)",I,A,C#,A,180.125,91.0
1442,E,A,2,A,"(1, 4, 9)",I,A,C#,A,180.25,91.0
1443,E,A,2,A,"(1, 4, 9)",I,A,C#,A,180.375,91.0
1444,E,A,3,A,"(1, 4, 9)",I,A,C#,A,180.5,91.0
1445,E,A,3,A,"(1, 4, 9)",I,A,C#,A,180.625,91.0
1446,E,A,3,A,"(1, 4, 9)",I,A,C#,A,180.75,91.0
1447,E,A,3,A,"(1, 4, 9)",I,A,C#,A,180.875,91.0
1448,E,A,4,A,"(1, 4, 9)",I,A,C#,A,181.0,91.0
1449,E,A,4,A,"(1, 4, 9)",I,A,C#,A,181.125,91.0
1450,E,A,4,A,"(1, 4, 9)",I,A,C#,A,181.25,91.0
1451,E,A,4,A,"(1, 4, 9)",I,A,C#,A,181.375,91.0
1452,E,A,4,A,"(1, 4, 9)",I,A,C#,A,181.5,91.0
1453,E,A,4,A,"(1, 4, 9)",I,A,C#,A,181.625,91.0
1454,E,A,4,A,"(1, 4, 9)",I,A,C#,A,181.75,91.0
1455,E,A,4,A,"(1, 4, 9)",I,A,C#,A,181.875,91.0
1456,B,D,0,A,"(2, 4, 8, 11)",V7,B,E,A,182.0,92.0
1457,B,D,1,A,"(2, 4, 8, 11)",V7,B,E,A,182.125,92.0
1458,B,D,2,A,"(2, 4, 8, 11)",V7,B,E,A,182.25,92.0
1459,B,D,2,A,"(2, 4, 8, 11)",V7,B,E,A,182.375,92.0
1460,B,D,3,A,"(2, 4, 8, 11)",V7,B,E,A,182.5,92.0
1461,B,D,3,A,"(2, 4, 8, 11)",V7,B,E,A,182.625,92.0
1462,B,D,3,A,"(2, 4, 8, 11)",V7,B,E,A,182.75,92.0
1463,B,D,3,A,"(2, 4, 8, 11)",V7,B,E,A,182.875,92.0
1464,B,E,4,A,"(2, 4, 8, 11)",V7,B,G#,A,183.0,92.0
1465,B,E,4,A,"(2, 4, 8, 11)",V7,B,G#,A,183.125,92.0
1466,B,E,4,A,"(2, 4, 8, 11)",V7,B,G#,A,183.25,92.0
1467,B,E,4,A,"(2, 4, 8, 11)",V7,B,G#,A,183.375,92.0
1468,B,E,4,A,"(2, 4, 8, 11)",V7,E,G#,A,183.5,92.0
1469,B,E,4,A,"(2, 4, 8, 11)",V7,E,G#,A,183.625,92.0
1470,B,E,4,A,"(2, 4, 8, 11)",V7,E,G#,A,183.75,92.0
1471,B,E,4,A,"(2, 4, 8, 11)",V7,E,G#,A,183.875,92.0
1472,E,A,0,A,"(1, 4, 9)",I,A,C#,A,184.0,93.0
1473,E,A,1,A,"(1, 4, 9)",I,A,C#,A,184.125,93.0
1474,E,A,2,A,"(1, 4, 9)",I,A,C#,A,184.25,93.0
1475,E,A,2,A,"(1, 4, 9)",I,A,C#,A,184.375,93.0
1476,E,A,3,A,"(1, 4, 9)",I,A,C#,A,184.5,93.0
1477,E,A,3,A,"(1, 4, 9)",I,A,C#,A,184.625,93.0
1478,E,A,3,A,"(1, 4, 9)",I,A,C#,A,184.75,93.0
1479,E,A,3,A,"(1, 4, 9)",I,A,C#,A,184.875,93.0
1480,E,A,4,A,"(1, 4, 9)",I,A,C#,A,185.0,93.0
1481,E,A,4,A,"(1, 4, 9)",I,A,C#,A,185.125,93.0
1482,E,A,4,A,"(1, 4, 9)",I,A,C#,A,185.25,93.0
1483,E,A,4,A,"(1, 4, 9)",I,A,C#,A,185.375,93.0
1484,E,A,4,A,"(1, 4, 9)",I,A,C#,A,185.5,93.0
1485,E,A,4,A,"(1, 4, 9)",I,A,C#,A,185.625,93.0
1486,E,A,4,A,"(1, 4, 9)",I,A,C#,A,185.75,93.0
1487,E,A,4,A,"(1, 4, 9)",I,A,C#,A,185.875,93.0
1488,B,D,0,A,"(2, 6, 9)",V7,B,F#,A,186.0,94.0
1489,B,D,1,A,"(2, 6, 9)",I,B,F#,A,186.125,94.0
1490,B,D,2,A,"(2, 6, 9)",I,B,F#,A,186.25,94.0
1491,B,D,2,A,"(2, 6, 9)",V7,B,F#,A,186.375,94.0
1492,A,D,3,A,"(2, 6, 9)",I,B,F#,A,186.5,94.0
1493,A,D,3,A,"(2, 6, 9)",I,B,F#,A,186.625,94.0
1494,A,D,3,A,"(2, 6, 9)",I,B,F#,A,186.75,94.0
1495,A,D,3,A,"(2, 6, 9)",I,B,F#,A,186.875,94.0
1496,B,D,0,A,"(2, 6, 11)",ii,B,F#,A,187.0,94.0
1497,B,D,1,A,"(2, 6, 11)",ii,B,F#,A,187.125,94.0
1498,B,D,2,A,"(2, 6, 11)",ii,B,F#,A,187.25,94.0
1499,B,D,2,A,"(2, 6, 11)",ii,B,F#,A,187.375,94.0
1500,B,D,3,A,"(2, 6, 11)",ii,B,F#,A,187.5,94.0
1501,B,D,3,A,"(2, 6, 11)",ii,B,F#,A,187.625,94.0
1502,B,D,3,A,"(2, 6, 11)",ii,B,F#,A,187.75,94.0
1503,B,D,3,A,"(2, 6, 11)",ii,B,F#,A,187.875,94.0
1504,B,E,0,A,"(2, 4, 8, 11)",I,E,G#,A,188.0,95.0
1505,B,E,1,A,"(2, 4, 8, 11)",I,E,G#,A,188.125,95.0
1506,B,E,2,A,"(2, 4, 8, 11)",I,E,G#,A,188.25,95.0
1507,B,E,2,A,"(2, 4, 8, 11)",I,E,G#,A,188.375,95.0
1508,B,E,3,A,"(2, 4, 8, 11)",V7,E,G#,A,188.5,95.0
1509,B,E,3,A,"(2, 4, 8, 11)",V7,E,G#,A,188.625,95.0
1510,B,E,3,A,"(2, 4, 8, 11)",V7,E,G#,A,188.75,95.0
1511,B,E,3,A,"(2, 4, 8, 11)",V7,E,G#,A,188.875,95.0
1512,B,E,0,A,"(2, 4, 8, 11)",V7,E,G#,A,189.0,95.0
1513,B,E,1,A,"(2, 4, 8, 11)",V7,E,G#,A,189.125,95.0
1514,B,E,2,A,"(2, 4, 8, 11)",V7,E,G#,A,189.25,95.0
1515,B,E,2,A,"(2, 4, 8, 11)",V7,E,G#,A,189.375,95.0
1516,B,E,4,A,"(2, 4, 8, 11)",V7,D,G#,A,189.5,95.0
1517,B,E,4,A,"(2, 4, 8, 11)",V7,D,G#,A,189.625,95.0
1518,B,E,4,A,"(2, 4, 8, 11)",V7,D,G#,A,189.75,95.0
1519,B,E,4,A,"(2, 4, 8, 11)",V7,D,G#,A,189.875,95.0
1520,E,A,0,A,"(1, 4, 9)",I,A,C#,A,190.0,96.0
1521,E,A,1,A,"(1, 4, 9)",I,A,C#,A,190.125,96.0
1522,E,A,2,A,"(1, 4, 9)",I,A,C#,A,190.25,96.0
1523,E,A,2,A,"(1, 4, 9)",I,A,C#,A,190.375,96.0
1524,E,A,3,A,"(1, 4, 9)",I,A,C#,A,190.5,96.0
1525,E,A,3,A,"(1, 4, 9)",I,A,C#,A,190.625,96.0
1526,E,A,3,A,"(1, 4, 9)",I,A,C#,A,190.75,96.0
1527,E,A,3,A,"(1, 4, 9)",I,A,C#,A,190.875,96.0
1528,E,A,0,A,"(1, 4, 9)",I,A,C#,A,191.0,96.0
1529,E,A,1,A,"(1, 4, 9)",I,A,C#,A,191.125,96.0
1530,E,A,2,A,"(1, 4, 9)",I,A,C#,A,191.25,96.0
1531,E,A,2,A,"(1, 4, 9)",I,A,C#,A,191.375,96.0
1532,E,A,3,A,"(1, 4, 9)",I,A,C#,A,191.5,96.0
1533,E,A,3,A,"(1, 4, 9)",I,A,C#,A,191.625,96.0
1534,E,A,3,A,"(1, 4, 9)",I,A,C#,A,191.75,96.0
1535,E,A,3,A,"(1, 4, 9)",I,A,C#,A,191.875,96.0
1536,E,A,0,a,"(0, 4, 9)",i,A,C,a,192.0,97.0
1537,E,A,1,a,"(0, 4, 9)",i,A,C,a,192.125,97.0
1538,E,A,2,a,"(0, 4, 9)",i,A,C,a,192.25,97.0
1539,E,A,2,a,"(0, 4, 9)",i,A,C,a,192.375,97.0
1540,E,A,3,a,"(0, 4, 9)",i,A,C,a,192.5,97.0
1541,E,A,3,a,"(0, 4, 9)",i,A,C,a,192.625,97.0
1542,E,A,3,a,"(0, 4, 9)",i,A,C,a,192.75,97.0
1543,E,A,3,a,"(0, 4, 9)",i,A,C,a,192.875,97.0
1544,E,A,4,a,"(0, 4, 9)",i,A,C,a,193.0,97.0
1545,E,A,4,a,"(0, 4, 9)",i,A,C,a,193.125,97.0
1546,E,A,4,a,"(0, 4, 9)",i,A,C,a,193.25,97.0
1547,E,A,4,a,"(0, 4, 9)",i,A,C,a,193.375,97.0
1548,E,A,4,a,"(0, 4, 9)",i,A,C,a,193.5,97.0
1549,E,A,4,a,"(0, 4, 9)",i,A,C,a,193.625,97.0
1550,E,A,4,a,"(0, 4, 9)",i,A,C,a,193.75,97.0
1551,E,A,4,a,"(0, 4, 9)",i,A,C,a,193.875,97.0
1552,E,A,0,a,"(0, 4, 9)",i,A,C,a,194.0,98.0
1553,E,A,1,a,"(0, 4, 9)",i,A,C,a,194.125,98.0
1554,E,A,2,a,"(0, 4, 9)",i,A,C,a,194.25,98.0
1555,E,A,2,a,"(0, 4, 9)",i,A,C,a,194.375,98.0
1556,E,A,3,a,"(0, 4, 9)",i,A,C,a,194.5,98.0
1557,E,A,3,a,"(0, 4, 9)",i,A,C,a,194.625,98.0
1558,E,A,3,a,"(0, 4, 9)",i,A,C,a,194.75,98.0
1559,E,A,3,a,"(0, 4, 9)",i,A,C,a,194.875,98.0
1560,E,A,4,a,"(0, 4, 9)",i,A,C,a,195.0,98.0
1561,E,A,4,a,"(0, 4, 9)",i,A,C,a,195.125,98.0
1562,E,A,4,a,"(0, 4, 9)",i,A,C,a,195.25,98.0
1563,E,A,4,a,"(0, 4, 9)",i,A,C,a,195.375,98.0
1564,E,A,4,a,"(0, 4, 9)",i,A,C,a,195.5,98.0
1565,E,A,4,a,"(0, 4, 9)",i,A,C,a,195.625,98.0
1566,E,A,4,a,"(0, 4, 9)",i,A,C,a,195.75,98.0
1567,E,A,4,a,"(0, 4, 9)",i,A,C,a,195.875,98.0
1568,E,A,0,a,"(0, 4, 9)",i,A,C,a,196.0,99.0
1569,E,A,1,a,"(0, 4, 9)",i,A,C,a,196.125,99.0
1570,E,A,2,a,"(0, 4, 9)",i,A,C,a,196.25,99.0
1571,E,A,2,a,"(0, 4, 9)",i,A,C,a,196.375,99.0
1572,E,A,3,a,"(0, 4, 9)",i,A,C,a,196.5,99.0
1573,E,A,3,a,"(0, 4, 9)",i,A,C,a,196.625,99.0
1574,E,A,3,a,"(0, 4, 9)",i,A,C,a,196.75,99.0
1575,E,A,3,a,"(0, 4, 9)",i,A,C,a,196.875,99.0
1576,E,A,4,a,"(0, 4, 9)",i,A,C,a,197.0,99.0
1577,E,A,4,a,"(0, 4, 9)",i,A,C,a,197.125,99.0
1578,E,A,4,a,"(0, 4, 9)",i,A,C,a,197.25,99.0
1579,E,A,4,a,"(0, 4, 9)",i,A,C,a,197.375,99.0
1580,E,A,4,a,"(0, 4, 9)",i,A,C,a,197.5,99.0
1581,E,A,4,a,"(0, 4, 9)",i,A,C,a,197.625,99.0
1582,E,A,4,a,"(0, 4, 9)",i,A,C,a,197.75,99.0
1583,E,A,4,a,"(0, 4, 9)",i,A,C,a,197.875,99.0
1584,E,A,0,a,"(0, 4, 9)",i,A,C,a,198.0,100.0
1585,E,A,1,a,"(0, 4, 9)",i,A,C,a,198.125,100.0
1586,E,A,2,a,"(0, 4, 9)",i,A,C,a,198.25,100.0
1587,E,A,2,a,"(0, 4, 9)",i,A,C,a,198.375,100.0
1588,E,A,3,a,"(0, 4, 9)",i,A,C,a,198.5,100.0
1589,E,A,3,a,"(0, 4, 9)",i,A,C,a,198.625,100.0
1590,E,A,3,a,"(0, 4, 9)",i,A,C,a,198.75,100.0
1591,E,A,3,a,"(0, 4, 9)",i,A,C,a,198.875,100.0
1592,E,A,0,a,"(0, 4, 9)",i,A,C,a,199.0,100.0
1593,E,A,1,a,"(0, 4, 9)",i,A,C,a,199.125,100.0
1594,E,A,2,a,"(0, 4, 9)",i,A,C,a,199.25,100.0
1595,E,A,2,a,"(0, 4, 9)",i,A,C,a,199.375,100.0
1596,E,A,3,a,"(0, 4, 9)",i,A,C,a,199.5,100.0
1597,E,A,3,a,"(0, 4, 9)",i,A,C,a,199.625,100.0
1598,E,A,3,a,"(0, 4, 9)",i,A,C,a,199.75,100.0
1599,E,A,3,a,"(0, 4, 9)",i,A,C,a,199.875,100.0
1600,A,D,0,a,"(2, 5, 11)",viio7,B,F,a,200.0,101.0
1601,A,D,1,a,"(2, 5, 11)",viio7,B,F,a,200.125,101.0
1602,A,D,2,a,"(2, 5, 11)",viio7,B,F,a,200.25,101.0
1603,A,D,2,a,"(2, 5, 8, 11)",viio7,B,F,a,200.375,101.0
1604,A,D,3,a,"(2, 5, 8, 11)",viio7,B,F,a,200.5,101.0
1605,A,D,3,a,"(2, 5, 8, 11)",viio7,B,F,a,200.625,101.0
1606,A,D,3,a,"(2, 5, 8, 11)",viio7,B,F,a,200.75,101.0
1607,A,D,3,a,"(2, 5, 8, 11)",viio7,B,F,a,200.875,101.0
1608,A,C,0,a,"(0, 4, 9)",i,A,E,a,201.0,101.0
1609,A,C,1,a,"(0, 4, 9)",i,A,E,a,201.125,101.0
1610,A,C,2,a,"(0, 4, 9)",i,A,E,a,201.25,101.0
1611,A,C,2,a,"(0, 4, 9)",i,A,E,a,201.375,101.0
1612,A,C,3,a,"(0, 4, 9)",i,A,E,a,201.5,101.0
1613,A,C,3,a,"(0, 4, 9)",i,A,E,a,201.625,101.0
1614,A,C,3,a,"(0, 4, 9)",i,A,E,a,201.75,101.0
1615,A,C,3,a,"(0, 4, 9)",i,A,E,a,201.875,101.0
1616,A,D,0,a,"(2, 5, 11)",viio7,B,F,a,202.0,102.0
1617,A,D,1,a,"(2, 5, 8, 11)",viio7,B,F,a,202.125,102.0
1618,A,D,2,a,"(2, 5, 8, 11)",viio7,B,F,a,202.25,102.0
1619,A,D,2,a,"(2, 5, 8, 11)",viio7,B,F,a,202.375,102.0
1620,A,D,0,a,"(2, 5, 8, 11)",viio7,B,F,a,202.5,102.0
1621,A,D,1,a,"(2, 5, 8, 11)",viio7,B,F,a,202.625,102.0
1622,A,D,2,a,"(2, 5, 8, 11)",viio7,B,F,a,202.75,102.0
1623,A,D,2,a,"(2, 5, 8, 11)",viio7,B,F,a,202.875,102.0
1624,A,C,0,a,"(0, 4, 9)",i,A,E,a,203.0,102.0
1625,A,C,1,a,"(0, 4, 9)",i,A,E,a,203.125,102.0
1626,A,C,2,a,"(0, 4, 9)",i,A,E,a,203.25,102.0
1627,A,C,2,a,"(0, 4, 9)",i,A,E,a,203.375,102.0
1628,A,C,3,a,"(0, 4, 9)",i,A,C,a,203.5,102.0
1629,A,C,3,a,"(0, 4, 9)",i,A,C,a,203.625,102.0
1630,A,C,3,a,"(0, 4, 9)",i,A,C,a,203.75,102.0
1631,A,C,3,a,"(0, 4, 9)",i,A,C,a,203.875,102.0
1632,G,B,0,a,"(4, 7, 11)",V,A,E,e,204.0,103.0
1633,G,B,1,a,"(4, 7, 11)",V,E,E,e,204.125,103.0
1634,G,B,2,a,"(4, 7, 11)",V,E,E,e,204.25,103.0
1635,G,B,2,a,"(4, 7, 11)",V,E,E,e,204.375,103.0
1636,F#,B,3,e,"(3, 6, 9, 11)",V,A,D#,e,204.5,103.0
1637,F#,B,3,e,"(3, 6, 9, 11)",V,A,D#,e,204.625,103.0
1638,F#,B,3,e,"(3, 6, 9, 11)",V,A,D#,e,204.75,103.0
1639,F#,B,3,e,"(3, 6, 9, 11)",V,A,D#,e,204.875,103.0
1640,F#,B,0,e,"(3, 6, 9, 11)",V7,A,D#,e,205.0,103.0
1641,F#,B,1,e,"(3, 6, 9, 11)",V7,A,D#,e,205.125,103.0
1642,F#,B,4,e,"(3, 6, 9, 11)",V7,A,D#,e,205.25,103.0
1643,F#,B,2,e,"(3, 6, 9, 11)",V7,A,D#,e,205.375,103.0
1644,F#,B,4,e,"(3, 6, 9, 11)",V7,A,D#,e,205.5,103.0
1645,F#,B,4,e,"(3, 6, 9, 11)",V7,A,D#,e,205.625,103.0
1646,F#,B,4,e,"(3, 6, 9, 11)",V7,A,D#,e,205.75,103.0
1647,F#,B,4,e,"(3, 6, 9, 11)",V7,A,D#,e,205.875,103.0
1648,B,E,0,e,"(4, 7, 11)",i,E,G,e,206.0,104.0
1649,B,E,1,C,"(4, 7, 11)",i,E,G,C,206.125,104.0
1650,B,E,2,C,"(4, 7, 11)",i,E,G,C,206.25,104.0
1651,B,E,2,C,"(4, 7, 11)",i,E,G,C,206.375,104.0
1652,B,E,3,C,"(4, 7, 11)",i,E,G,C,206.5,104.0
1653,B,E,3,C,"(4, 7, 11)",i,E,G,C,206.625,104.0
1654,B,E,3,C,"(4, 7, 11)",i,E,G,C,206.75,104.0
1655,B,E,3,C,"(4, 7, 11)",i,E,G,C,206.875,104.0
1656,B,E,4,C,"(4, 7, 11)",i,E,G,C,207.0,104.0
1657,B,E,4,C,"(4, 7, 11)",i,E,G,C,207.125,104.0
1658,B,E,4,C,"(4, 7, 11)",i,E,G,C,207.25,104.0
1659,B,E,4,C,"(4, 7, 11)",i,E,G,C,207.375,104.0
1660,B,E,4,C,"(4, 7, 11)",i,E,G,C,207.5,104.0
1661,B,E,4,C,"(4, 7, 11)",i,E,G,C,207.625,104.0
1662,B,E,4,C,"(4, 7, 11)",i,E,G,C,207.75,104.0
1663,B,E,4,C,"(4, 7, 11)",i,E,G,C,207.875,104.0
1664,C,E,0,C,"(0, 4, 7)",I,C,G,C,208.0,105.0
1665,C,E,1,C,"(0, 4, 7)",I,C,G,C,208.125,105.0
1666,C,E,2,C,"(0, 4, 7)",I,C,G,C,208.25,105.0
1667,C,E,2,C,"(0, 4, 7)",I,C,G,C,208.375,105.0
1668,C,E,3,C,"(0, 4, 7)",I,C,G,C,208.5,105.0
1669,C,E,3,C,"(0, 4, 7)",I,C,G,C,208.625,105.0
1670,C,E,3,C,"(0, 4, 7)",I,C,G,C,208.75,105.0
1671,C,E,3,C,"(0, 4, 7)",I,C,G,C,208.875,105.0
1672,G,C,4,C,"(0, 4, 7)",I,C,E,C,209.0,105.0
1673,G,C,4,C,"(0, 4, 7)",I,C,E,C,209.125,105.0
1674,G,C,4,C,"(0, 4, 7)",I,C,E,C,209.25,105.0
1675,G,C,4,C,"(0, 4, 7)",I,C,E,C,209.375,105.0
1676,G,E,4,C,"(0, 4, 7)",I,C,E,C,209.5,105.0
1677,G,E,4,C,"(0, 4, 7)",I,C,E,C,209.625,105.0
1678,G,E,4,C,"(0, 4, 7)",I,C,E,C,209.75,105.0
1679,G,E,4,C,"(0, 4, 7)",I,C,E,C,209.875,105.0
1680,B,D,0,C,"(2, 5, 7, 11)",V7,B,F,C,210.0,106.0
1681,B,D,1,C,"(2, 5, 7, 11)",V7,B,F,C,210.125,106.0
1682,B,D,2,C,"(2, 5, 7, 11)",V7,B,F,C,210.25,106.0
1683,B,D,2,C,"(2, 5, 7, 11)",V7,B,F,C,210.375,106.0
1684,B,D,3,C,"(2, 5, 7, 11)",V7,B,F,C,210.5,106.0
1685,B,D,3,C,"(2, 5, 7, 11)",V7,B,F,C,210.625,106.0
1686,B,D,3,C,"(2, 5, 7, 11)",V7,B,F,C,210.75,106.0
1687,B,D,3,C,"(2, 5, 7, 11)",V7,B,F,C,210.875,106.0
1688,B,D,4,C,"(2, 5, 7, 11)",V7,B,F,C,211.0,106.0
1689,B,D,4,C,"(2, 5, 7, 11)",V7,B,F,C,211.125,106.0
1690,B,D,4,C,"(2, 5, 7, 11)",V7,B,F,C,211.25,106.0
1691,B,D,4,C,"(2, 5, 7, 11)",V7,B,F,C,211.375,106.0
1692,B,D,4,C,"(2, 5, 7, 11)",V7,B,F,C,211.5,106.0
1693,B,D,4,C,"(2, 5, 7, 11)",V7,B,F,C,211.625,106.0
1694,B,D,4,C,"(2, 5, 7, 11)",V7,B,F,C,211.75,106.0
1695,B,D,4,C,"(2, 5, 7, 11)",V7,B,F,C,211.875,106.0
1696,C,E,0,C,"(0, 4, 7)",I,C,G,C,212.0,107.0
1697,C,E,1,C,"(0, 4, 7)",I,C,G,C,212.125,107.0
1698,C,E,2,C,"(0, 4, 7)",I,C,G,C,212.25,107.0
1699,C,E,2,C,"(0, 4, 7)",I,C,G,C,212.375,107.0
1700,C,E,3,C,"(0, 4, 7)",I,C,G,C,212.5,107.0
1701,C,E,3,C,"(0, 4, 7)",I,C,G,C,212.625,107.0
1702,C,E,3,C,"(0, 4, 7)",I,C,G,C,212.75,107.0
1703,C,E,3,C,"(0, 4, 7)",I,C,G,C,212.875,107.0
1704,G,C,4,C,"(0, 4, 7)",I,C,E,C,213.0,107.0
1705,G,C,4,C,"(0, 4, 7)",I,C,E,C,213.125,107.0
1706,G,C,4,C,"(0, 4, 7)",I,C,E,C,213.25,107.0
1707,G,C,4,C,"(0, 4, 7)",I,C,E,C,213.375,107.0
1708,G,C,4,C,"(0, 4, 7)",I,C,E,C,213.5,107.0
1709,G,C,4,C,"(0, 4, 7)",I,C,E,C,213.625,107.0
1710,G,C,4,C,"(0, 4, 7)",I,C,E,C,213.75,107.0
1711,G,C,4,C,"(0, 4, 7)",I,C,E,C,213.875,107.0
1712,A,D,0,C,"(2, 5, 7, 11)",V7,B,F,C,214.0,108.0
1713,A,D,1,C,"(2, 5, 7, 11)",V7,B,F,C,214.125,108.0
1714,A,D,2,C,"(2, 5, 7, 11)",V7,B,F,C,214.25,108.0
1715,A,D,2,C,"(2, 5, 7, 11)",V7,B,F,C,214.375,108.0
1716,D,D,3,C,"(2, 5, 7, 11)",V7,B,F,C,214.5,108.0
1717,D,D,3,C,"(2, 5, 7, 11)",V7,B,F,C,214.625,108.0
1718,D,D,3,C,"(2, 5, 7, 11)",V7,B,F,C,214.75,108.0
1719,D,D,3,C,"(2, 5, 7, 11)",V7,B,F,C,214.875,108.0
1720,B,D,4,C,"(2, 5, 7, 11)",V7,B,F,C,215.0,108.0
1721,B,D,4,C,"(2, 5, 7, 11)",V7,B,F,C,215.125,108.0
1722,B,D,4,C,"(2, 5, 7, 11)",V7,B,F,C,215.25,108.0
1723,B,D,4,C,"(2, 5, 7, 11)",V7,B,F,C,215.375,108.0
1724,B,D,4,C,"(2, 5, 7, 11)",V7,B,F,C,215.5,108.0
1725,B,D,4,C,"(2, 5, 7, 11)",V7,B,F,C,215.625,108.0
1726,B,D,4,C,"(2, 5, 7, 11)",V7,B,F,C,215.75,108.0
1727,B,D,4,C,"(2, 5, 7, 11)",V7,B,F,C,215.875,108.0
1728,C,E,0,C,"(0, 4, 7)",I,C,G,C,216.0,109.0
1729,C,E,1,C,"(0, 4, 7)",I,C,G,C,216.125,109.0
1730,C,E,2,C,"(0, 4, 7)",I,C,G,C,216.25,109.0
1731,C,E,2,C,"(0, 4, 7)",I,C,G,C,216.375,109.0
1732,C,E,3,C,"(0, 4, 7)",I,C,G,C,216.5,109.0
1733,C,E,3,C,"(0, 4, 7)",I,C,G,C,216.625,109.0
1734,C,E,3,C,"(0, 4, 7)",I,C,G,C,216.75,109.0
1735,C,E,3,C,"(0, 4, 7)",I,C,G,C,216.875,109.0
1736,C,F,0,C,"(0, 5, 9)",I,F,A,C,217.0,109.0
1737,C,F,1,C,"(0, 5, 9)",I,F,A,C,217.125,109.0
1738,C,F,2,C,"(0, 5, 9)",I,F,A,C,217.25,109.0
1739,C,F,2,C,"(0, 5, 9)",I,F,A,C,217.375,109.0
1740,C,F,3,C,"(0, 5, 9)",I,F,A,a,217.5,109.0
1741,C,F,3,C,"(0, 5, 9)",I,F,A,a,217.625,109.0
1742,C,F,3,C,"(0, 5, 9)",I,F,A,C,217.75,109.0
1743,C,F,3,C,"(0, 5, 9)",I,F,A,a,217.875,109.0
1744,B,F,0,C,"(2, 5, 8, 11)",V7,D,G#,a,218.0,110.0
1745,B,F,1,C,"(2, 5, 8, 11)",V7,D,A-,a,218.125,110.0
1746,B,F,2,C,"(2, 5, 8, 11)",V7,D,A-,a,218.25,110.0
1747,B,F,2,C,"(2, 5, 8, 11)",V7,D,A-,a,218.375,110.0
1748,B,F,3,C,"(2, 5, 8, 11)",V7,D,G#,a,218.5,110.0
1749,B,F,3,C,"(2, 5, 8, 11)",V7,D,G#,a,218.625,110.0
1750,B,F,3,C,"(2, 5, 8, 11)",V7,D,G#,a,218.75,110.0
1751,B,F,3,C,"(2, 5, 8, 11)",V7,D,G#,a,218.875,110.0
1752,C,F#,0,a,"(2, 6, 9)",viio7,D,A,a,219.0,110.0
1753,C,F#,1,a,"(0, 3, 6, 9)",viio7,D,A,a,219.125,110.0
1754,C,F#,2,a,"(0, 3, 6, 9)",viio7,D,A,a,219.25,110.0
1755,C,F#,2,a,"(0, 3, 6, 9)",viio7,D,A,a,219.375,110.0
1756,C,F#,3,C,"(0, 3, 6, 9)",viio7,C,A,C,219.5,110.0
1757,C,F#,3,C,"(0, 3, 6, 9)",viio7,C,A,C,219.625,110.0
1758,C,F#,3,C,"(0, 3, 6, 9)",viio7,C,A,C,219.75,110.0
1759,C,F#,3,C,"(0, 3, 6, 9)",viio7,C,A,C,219.875,110.0
1760,E,G,0,C,"(0, 4, 7)",I,C,C,C,220.0,111.0
1761,E,G,1,C,"(0, 4, 7)",I,C,C,C,220.125,111.0
1762,E,G,2,C,"(0, 4, 7)",I,C,C,C,220.25,111.0
1763,E,G,2,C,"(0, 4, 7)",I,C,C,C,220.375,111.0
1764,E,G,3,C,"(0, 4, 7)",I,C,G,C,220.5,111.0
1765,E,G,3,C,"(0, 4, 7)",I,C,G,C,220.625,111.0
1766,E,G,3,C,"(0, 4, 7)",I,C,G,C,220.75,111.0
1767,E,G,3,C,"(0, 4, 7)",I,C,G,C,220.875,111.0
1768,D,G,0,a,"(2, 7, 11)",V,G,B,C,221.0,111.0
1769,D,G,1,a,"(2, 7, 11)",V,G,B,C,221.125,111.0
1770,D,G,2,a,"(2, 7, 11)",V,G,B,C,221.25,111.0
1771,D,G,2,a,"(2, 7, 11)",V,G,B,C,221.375,111.0
1772,D,G,0,a,"(2, 7, 11)",V,G,B,C,221.5,111.0
1773,D,G,1,a,"(2, 7, 11)",V,G,B,C,221.625,111.0
1774,D,G,2,a,"(2, 7, 11)",V,G,B,C,221.75,111.0
1775,D,G,2,a,"(2, 7, 11)",V,G,B,C,221.875,111.0
1776,G,C,0,C,"(0, 4, 7)",I,C,E,C,222.0,112.0
1777,G,C,1,a,"(0, 4, 7)",I,C,E,C,222.125,112.0
1778,G,C,2,a,"(0, 4, 7)",I,C,E,C,222.25,112.0
1779,G,C,2,a,"(0, 4, 7)",I,C,E,C,222.375,112.0
1780,G,C,3,a,"(0, 4, 7)",I,C,E,C,222.5,112.0
1781,G,C,3,a,"(0, 4, 7)",I,C,E,C,222.625,112.0
1782,G,C,3,a,"(0, 4, 7)",I,C,E,C,222.75,112.0
1783,G,C,3,a,"(0, 4, 7)",I,C,E,C,222.875,112.0
1784,G,C,4,a,"(0, 4, 7)",I,C,E,C,223.0,112.0
1785,G,C,4,a,"(0, 4, 7)",I,C,E,C,223.125,112.0
1786,G,C,4,a,"(0, 4, 7)",I,C,E,C,223.25,112.0
1787,G,C,4,a,"(0, 4, 7)",I,C,E,C,223.375,112.0
1788,G,C,4,a,"(0, 4, 7)",I,C,E,C,223.5,112.0
1789,G,C,4,a,"(0, 4, 7)",I,C,E,C,223.625,112.0
1790,G,C,4,a,"(0, 4, 7)",I,C,E,C,223.75,112.0
1791,G,C,4,a,"(0, 4, 7)",I,C,E,C,223.875,112.0
1792,A,C,0,a,"(0, 4, 9)",I,C,E,a,224.0,113.0
1793,A,C,1,a,"(0, 4, 9)",I,C,E,a,224.125,113.0
1794,A,C,2,a,"(0, 4, 9)",I,C,E,a,224.25,113.0
1795,A,C,2,a,"(0, 4, 9)",I,C,E,a,224.375,113.0
1796,A,C,3,a,"(0, 4, 9)",I,C,E,a,224.5,113.0
1797,A,C,3,a,"(0, 4, 9)",I,C,E,a,224.625,113.0
1798,A,C,3,a,"(0, 4, 9)",I,C,E,a,224.75,113.0
1799,A,C,3,a,"(0, 4, 9)",I,C,E,a,224.875,113.0
1800,E,A,0,a,"(0, 4, 9)",i,A,C,a,225.0,113.0
1801,E,A,1,a,"(0, 4, 9)",i,A,C,a,225.125,113.0
1802,E,A,2,a,"(0, 4, 9)",i,A,C,a,225.25,113.0
1803,E,A,2,a,"(0, 4, 9)",i,A,C,a,225.375,113.0
1804,E,A,3,a,"(0, 4, 9)",i,A,C,a,225.5,113.0
1805,E,A,3,a,"(0, 4, 9)",i,A,C,a,225.625,113.0
1806,E,A,3,a,"(0, 4, 9)",i,A,C,a,225.75,113.0
1807,E,A,3,a,"(0, 4, 9)",i,A,C,a,225.875,113.0
1808,B,B,0,a,"(2, 4, 8, 11)",V7,B,D,a,226.0,114.0
1809,E,B,1,a,"(2, 4, 8, 11)",V7,G#,D,a,226.125,114.0
1810,E,B,2,a,"(2, 4, 8, 11)",V7,G#,D,a,226.25,114.0
1811,E,B,2,a,"(2, 4, 8, 11)",V7,G#,D,a,226.375,114.0
1812,E,B,3,a,"(2, 4, 8, 11)",V7,G#,D,a,226.5,114.0
1813,B,B,3,a,"(2, 4, 8, 11)",V7,G#,D,a,226.625,114.0
1814,E,B,3,a,"(2, 4, 8, 11)",V7,G#,D,a,226.75,114.0
1815,E,B,3,a,"(2, 4, 8, 11)",V7,G#,D,a,226.875,114.0
1816,G#,B,4,a,"(2, 4, 8, 11)",V7,G#,D,a,227.0,114.0
1817,G#,B,4,a,"(2, 4, 8, 11)",V7,G#,D,a,227.125,114.0
1818,G#,B,4,a,"(2, 4, 8, 11)",V7,G#,D,a,227.25,114.0
1819,G#,B,4,a,"(2, 4, 8, 11)",V7,G#,D,a,227.375,114.0
1820,B,E,4,a,"(2, 4, 8, 11)",V7,G#,G#,a,227.5,114.0
1821,B,E,4,a,"(2, 4, 8, 11)",V7,G#,G#,a,227.625,114.0
1822,B,E,4,a,"(2, 4, 8, 11)",V7,G#,G#,a,227.75,114.0
1823,B,E,4,a,"(2, 4, 8, 11)",V7,G#,G#,a,227.875,114.0
1824,A,C,0,a,"(0, 4, 9)",i,A,E,a,228.0,115.0
1825,A,C,1,a,"(0, 4, 9)",i,A,E,a,228.125,115.0
1826,A,C,2,a,"(0, 4, 9)",i,A,E,a,228.25,115.0
1827,A,C,2,a,"(0, 4, 9)",i,A,E,a,228.375,115.0
1828,A,C,3,a,"(0, 4, 9)",i,A,E,a,228.5,115.0
1829,A,C,3,a,"(0, 4, 9)",i,A,E,a,228.625,115.0
1830,A,C,3,a,"(0, 4, 9)",i,A,E,a,228.75,115.0
1831,A,C,3,a,"(0, 4, 9)",i,A,E,a,228.875,115.0
1832,E,A,0,a,"(0, 4, 9)",i,A,C,a,229.0,115.0
1833,E,A,1,a,"(0, 4, 9)",i,A,C,a,229.125,115.0
1834,E,A,2,a,"(0, 4, 9)",i,A,C,a,229.25,115.0
1835,E,A,2,a,"(0, 4, 9)",i,A,C,a,229.375,115.0
1836,E,A,3,a,"(0, 4, 9)",i,A,C,a,229.5,115.0
1837,E,A,3,a,"(0, 4, 9)",i,A,C,a,229.625,115.0
1838,E,A,3,a,"(0, 4, 9)",i,A,C,a,229.75,115.0
1839,E,A,3,a,"(0, 4, 9)",i,A,C,a,229.875,115.0
1840,B,B,0,a,"(2, 4, 8, 11)",V7,G#,D,a,230.0,116.0
1841,B,B,1,a,"(2, 4, 8, 11)",V7,G#,D,a,230.125,116.0
1842,B,B,2,a,"(2, 4, 8, 11)",V7,G#,D,a,230.25,116.0
1843,B,B,2,a,"(2, 4, 8, 11)",V7,G#,D,a,230.375,116.0
1844,B,B,3,a,"(2, 4, 8, 11)",V7,G#,D,a,230.5,116.0
1845,B,B,3,a,"(2, 4, 8, 11)",V7,G#,D,a,230.625,116.0
1846,B,B,3,a,"(2, 4, 8, 11)",V7,G#,D,a,230.75,116.0
1847,B,B,3,a,"(2, 4, 8, 11)",V7,G#,D,a,230.875,116.0
1848,B,B,4,a,"(2, 4, 8, 11)",V7,G#,G#,a,231.0,116.0
1849,G#,B,4,a,"(2, 4, 8, 11)",V7,G#,G#,a,231.125,116.0
1850,B,B,4,a,"(2, 4, 8, 11)",V7,G#,G#,a,231.25,116.0
1851,G#,B,4,a,"(2, 4, 8, 11)",V7,G#,G#,a,231.375,116.0
1852,B,E,4,a,"(2, 4, 8, 11)",V7,G#,G#,a,231.5,116.0
1853,B,E,4,a,"(2, 4, 8, 11)",V7,G#,G#,a,231.625,116.0
1854,B,E,4,a,"(2, 4, 8, 11)",V7,G#,G#,a,231.75,116.0
1855,B,E,4,a,"(2, 4, 8, 11)",V7,G#,G#,a,231.875,116.0
1856,E,C,0,a,"(0, 4, 9)",i,A,E,a,232.0,117.0
1857,E,C,1,a,"(0, 4, 9)",i,A,E,a,232.125,117.0
1858,E,C,2,a,"(0, 4, 9)",i,A,E,a,232.25,117.0
1859,E,C,2,a,"(0, 4, 9)",i,A,E,a,232.375,117.0
1860,E,A,3,a,"(0, 4, 9)",i,A,E,a,232.5,117.0
1861,E,A,3,a,"(0, 4, 9)",i,A,E,a,232.625,117.0
1862,E,A,3,a,"(0, 4, 9)",i,A,E,a,232.75,117.0
1863,E,A,3,a,"(0, 4, 9)",i,A,E,a,232.875,117.0
1864,E,C#,0,a,"(1, 4, 9)",viio7,A,E,d,233.0,117.0
1865,E,C#,1,a,"(1, 4, 9)",viio7,A,E,d,233.125,117.0
1866,E,C#,2,a,"(1, 4, 9)",viio7,A,E,d,233.25,117.0
1867,E,C#,2,a,"(1, 4, 9)",viio7,A,E,d,233.375,117.0
1868,E,C#,3,a,"(1, 4, 9)",viio7,A,E,a,233.5,117.0
1869,E,C#,3,a,"(1, 4, 9)",viio7,A,E,a,233.625,117.0
1870,E,C#,3,a,"(1, 4, 9)",viio7,A,E,a,233.75,117.0
1871,E,C#,3,a,"(1, 4, 9)",viio7,A,E,a,233.875,117.0
1872,A,D,0,a,"(2, 5, 8, 11)",viio7,B,F,a,234.0,118.0
1873,A,D,1,a,"(2, 5, 8, 11)",viio7,B,F,a,234.125,118.0
1874,A,D,2,a,"(2, 5, 8, 11)",viio7,B,F,a,234.25,118.0
1875,A,D,2,a,"(2, 5, 8, 11)",viio7,B,F,a,234.375,118.0
1876,A,D,3,a,"(2, 5, 8, 11)",viio7,B,F,a,234.5,118.0
1877,A,D,3,a,"(2, 5, 8, 11)",viio7,B,F,a,234.625,118.0
1878,A,D,3,a,"(2, 5, 8, 11)",viio7,B,F,a,234.75,118.0
1879,A,D,3,a,"(2, 5, 8, 11)",viio7,B,F,a,234.875,118.0
1880,A,D#,0,a,"(0, 3, 6, 9)",viio7,B,F#,a,235.0,118.0
1881,A,D#,1,a,"(0, 3, 6, 9)",viio7,B,F#,a,235.125,118.0
1882,A,D#,2,a,"(0, 3, 6, 9)",viio7,B,F#,a,235.25,118.0
1883,A,D#,2,a,"(0, 3, 6, 9)",viio7,B,F#,a,235.375,118.0
1884,A,D#,3,a,"(0, 3, 6, 9)",viio7,C,F#,a,235.5,118.0
1885,A,D#,3,a,"(0, 3, 6, 9)",viio7,C,F#,a,235.625,118.0
1886,A,D#,3,a,"(0, 3, 6, 9)",viio7,C,F#,a,235.75,118.0
1887,A,D#,3,a,"(0, 3, 6, 9)",viio7,C,F#,a,235.875,118.0
1888,C,E,0,a,"(0, 4, 9)",V,A,G#,a,236.0,119.0
1889,C,E,1,a,"(0, 4, 9)",i,A,G#,a,236.125,119.0
1890,C,E,2,a,"(0, 4, 9)",V,A,G#,a,236.25,119.0
1891,C,E,2,a,"(0, 4, 9)",V,A,G#,a,236.375,119.0
1892,C,E,3,a,"(0, 4, 9)",V,A,G#,a,236.5,119.0
1893,C,E,3,a,"(0, 4, 9)",V,A,G#,a,236.625,119.0
1894,C,E,3,a,"(0, 4, 9)",V,A,G#,a,236.75,119.0
1895,C,E,3,a,"(0, 4, 9)",V,A,G#,a,236.875,119.0
1896,B,E,0,a,"(4, 8, 11)",V,E,G#,a,237.0,119.0
1897,B,E,1,a,"(4, 8, 11)",V,E,G#,a,237.125,119.0
1898,B,E,2,a,"(4, 8, 11)",V,E,G#,a,237.25,119.0
1899,B,E,2,a,"(4, 8, 11)",V,E,G#,a,237.375,119.0
1900,B,E,3,a,"(4, 8, 11)",V,E,G#,a,237.5,119.0
1901,B,E,3,a,"(4, 8, 11)",V,E,G#,a,237.625,119.0
1902,B,E,3,a,"(4, 8, 11)",V,E,G#,a,237.75,119.0
1903,B,E,3,a,"(4, 8, 11)",V,E,G#,a,237.875,119.0
1904,E,A,0,a,"(0, 4, 9)",i,A,C#,a,238.0,120.0
1905,E,A,1,a,"(0, 4, 9)",i,A,C,a,238.125,120.0
1906,E,A,2,a,"(0, 4, 9)",i,A,C,a,238.25,120.0
1907,E,A,2,a,"(0, 4, 9)",i,A,C,a,238.375,120.0
1908,E,A,3,a,"(0, 4, 9)",i,A,C,a,238.5,120.0
1909,E,A,3,a,"(0, 4, 9)",i,A,C,a,238.625,120.0
1910,E,A,3,a,"(0, 4, 9)",i,A,C,a,238.75,120.0
1911,E,A,3,a,"(0, 4, 9)",i,A,C,a,238.875,120.0
1912,E,A,4,a,"(0, 4, 9)",i,A,C,a,239.0,120.0
1913,E,A,4,a,"(0, 4, 9)",i,A,C,a,239.125,120.0
1914,E,A,4,a,"(0, 4, 9)",i,A,C,a,239.25,120.0
1915,E,A,4,a,"(0, 4, 9)",i,A,C,a,239.375,120.0
1916,E,A,4,a,"(0, 4, 9)",i,A,C#,a,239.5,120.0
1917,E,A,4,a,"(0, 4, 9)",i,A,C#,a,239.625,120.0
1918,E,A,4,a,"(0, 4, 9)",i,A,C#,a,239.75,120.0
1919,E,A,4,a,"(0, 4, 9)",i,A,C#,a,239.875,120.0
1920,C#,E,0,A,"(1, 4, 9)",I,A,A,A,240.0,121.0
1921,C#,E,1,A,"(1, 4, 9)",I,A,C#,A,240.125,121.0
1922,C#,E,2,A,"(1, 4, 9)",I,A,C#,A,240.25,121.0
1923,C#,E,2,A,"(1, 4, 9)",I,A,C#,A,240.375,121.0
1924,C#,E,3,A,"(1, 4, 9)",I,A,C#,A,240.5,121.0
1925,C#,E,3,A,"(1, 4, 9)",I,A,C#,A,240.625,121.0
1926,C#,E,3,A,"(1, 4, 9)",I,A,C#,A,240.75,121.0
1927,C#,E,3,A,"(1, 4, 9)",I,A,C#,A,240.875,121.0
1928,C#,E,4,A,"(1, 4, 9)",I,A,C#,A,241.0,121.0
1929,C#,E,4,A,"(1, 4, 9)",I,A,C#,A,241.125,121.0
1930,C#,E,4,A,"(1, 4, 9)",I,A,C#,A,241.25,121.0
1931,C#,E,4,A,"(1, 4, 9)",I,A,C#,A,241.375,121.0
1932,C#,E,4,A,"(1, 4, 9)",I,A,C#,A,241.5,121.0
1933,C#,E,4,A,"(1, 4, 9)",I,A,C#,A,241.625,121.0
1934,C#,E,4,A,"(1, 4, 9)",I,A,C#,A,241.75,121.0
1935,C#,E,4,A,"(1, 4, 9)",I,A,C#,A,241.875,121.0
1936,B,E,0,A,"(2, 4, 8, 11)",V7,D,G#,A,242.0,122.0
1937,B,E,1,A,"(2, 4, 8, 11)",V7,D,G#,A,242.125,122.0
1938,B,E,2,A,"(2, 4, 8, 11)",V7,D,G#,A,242.25,122.0
1939,B,E,2,A,"(2, 4, 8, 11)",V7,D,G#,A,242.375,122.0
1940,B,E,3,A,"(2, 4, 8, 11)",V7,D,G#,A,242.5,122.0
1941,B,E,3,A,"(2, 4, 8, 11)",V7,D,G#,A,242.625,122.0
1942,B,E,3,A,"(2, 4, 8, 11)",V7,D,G#,A,242.75,122.0
1943,B,E,3,A,"(2, 4, 8, 11)",V7,D,G#,A,242.875,122.0
1944,E,A,0,A,"(1, 4, 9)",I,A,C#,A,243.0,122.0
1945,E,A,1,A,"(1, 4, 9)",I,A,C#,A,243.125,122.0
1946,E,A,2,A,"(1, 4, 9)",I,A,C#,A,243.25,122.0
1947,E,A,2,A,"(1, 4, 9)",I,A,C#,A,243.375,122.0
1948,E,A,3,A,"(1, 4, 9)",I,A,C#,A,243.5,122.0
1949,E,A,3,A,"(1, 4, 9)",I,A,C#,A,243.625,122.0
1950,E,A,3,A,"(1, 4, 9)",I,A,C#,A,243.75,122.0
1951,E,A,3,A,"(1, 4, 9)",I,A,C#,A,243.875,122.0
1952,E,E,0,A,"(1, 4, 9)",I,A,C#,A,244.0,123.0
1953,E,E,1,A,"(1, 4, 9)",I,A,C#,A,244.125,123.0
1954,E,E,2,A,"(1, 4, 9)",I,A,C#,A,244.25,123.0
1955,E,E,2,A,"(1, 4, 9)",I,A,C#,A,244.375,123.0
1956,E,A,3,A,"(1, 4, 9)",I,A,C#,A,244.5,123.0
1957,E,A,3,A,"(1, 4, 9)",I,A,C#,A,244.625,123.0
1958,E,A,3,A,"(1, 4, 9)",I,A,C#,A,244.75,123.0
1959,E,A,3,A,"(1, 4, 9)",I,A,C#,A,244.875,123.0
1960,E,A,4,A,"(1, 4, 9)",I,A,C#,A,245.0,123.0
1961,E,A,4,A,"(1, 4, 9)",I,A,C#,A,245.125,123.0
1962,E,A,4,A,"(1, 4, 9)",I,A,C#,A,245.25,123.0
1963,E,A,4,A,"(1, 4, 9)",I,A,C#,A,245.375,123.0
1964,E,E,4,A,"(1, 4, 9)",I,A,C#,A,245.5,123.0
1965,E,E,4,A,"(1, 4, 9)",I,A,C#,A,245.625,123.0
1966,E,E,4,A,"(1, 4, 9)",I,A,C#,A,245.75,123.0
1967,E,E,4,A,"(1, 4, 9)",I,A,C#,A,245.875,123.0
1968,B,E,0,A,"(2, 4, 8, 11)",V7,D,G#,A,246.0,124.0
1969,B,E,1,A,"(2, 4, 8, 11)",V7,D,G#,A,246.125,124.0
1970,B,E,2,A,"(2, 4, 8, 11)",V7,D,G#,A,246.25,124.0
1971,B,E,2,A,"(2, 4, 8, 11)",V7,D,G#,A,246.375,124.0
1972,B,E,3,A,"(2, 4, 8, 11)",V7,D,G#,A,246.5,124.0
1973,B,E,3,A,"(2, 4, 8, 11)",V7,D,G#,A,246.625,124.0
1974,B,E,3,A,"(2, 4, 8, 11)",V7,D,G#,A,246.75,124.0
1975,B,E,3,A,"(2, 4, 8, 11)",V7,D,G#,A,246.875,124.0
1976,E,A,0,A,"(1, 4, 9)",I,A,C#,A,247.0,124.0
1977,E,A,1,A,"(1, 4, 9)",I,A,C#,A,247.125,124.0
1978,E,A,2,A,"(1, 4, 9)",I,A,C#,A,247.25,124.0
1979,E,A,2,A,"(1, 4, 9)",I,A,C#,A,247.375,124.0
1980,E,A,3,A,"(1, 4, 9)",I,A,C#,A,247.5,124.0
1981,E,A,3,A,"(1, 4, 9)",I,A,C#,A,247.625,124.0
1982,E,A,3,A,"(1, 4, 9)",I,A,C#,A,247.75,124.0
1983,E,A,3,A,"(1, 4, 9)",I,A,C#,A,247.875,124.0
1984,E,E,0,A,"(1, 4, 9)",I,A,C#,A,248.0,125.0
1985,E,E,1,A,"(1, 4, 9)",I,A,C#,A,248.125,125.0
1986,E,E,2,A,"(1, 4, 9)",I,A,C#,A,248.25,125.0
1987,E,E,2,A,"(1, 4, 9)",I,A,C#,A,248.375,125.0
1988,B,E,0,A,"(2, 4, 8, 11)",V7,D,G#,A,248.5,125.0
1989,B,E,3,A,"(2, 4, 8, 11)",V7,D,G#,A,248.625,125.0
1990,B,E,3,A,"(2, 4, 8, 11)",V7,D,G#,A,248.75,125.0
1991,B,E,3,A,"(2, 4, 8, 11)",V7,D,G#,A,248.875,125.0
1992,E,A,0,A,"(1, 4, 9)",I,A,C#,A,249.0,125.0
1993,E,A,1,A,"(1, 4, 9)",I,A,C#,A,249.125,125.0
1994,E,A,2,A,"(1, 4, 9)",I,A,C#,A,249.25,125.0
1995,E,A,2,A,"(1, 4, 9)",I,A,C#,A,249.375,125.0
1996,E,A,3,A,"(1, 4, 9)",I,A,C#,A,249.5,125.0
1997,E,A,3,A,"(1, 4, 9)",I,A,C#,A,249.625,125.0
1998,E,A,2,A,"(1, 4, 9)",I,A,C#,A,249.75,125.0
1999,E,A,3,A,"(1, 4, 9)",I,A,C#,A,249.875,125.0
2000,B,E,0,A,"(1, 4, 9)",I,A,G#,A,250.0,126.0
2001,B,E,1,A,"(1, 4, 9)",I,D,G#,A,250.125,126.0
2002,B,E,2,A,"(1, 4, 9)",I,D,G#,A,250.25,126.0
2003,B,E,2,A,"(1, 4, 9)",I,D,G#,A,250.375,126.0
2004,B,E,0,A,"(2, 4, 8, 11)",V7,D,G#,A,250.5,126.0
2005,B,E,1,A,"(2, 4, 8, 11)",V7,D,G#,A,250.625,126.0
2006,B,E,3,A,"(2, 4, 8, 11)",V7,D,G#,A,250.75,126.0
2007,B,E,2,A,"(2, 4, 8, 11)",V7,D,G#,A,250.875,126.0
2008,E,A,0,A,"(1, 4, 9)",I,A,C#,A,251.0,126.0
2009,E,A,1,A,"(1, 4, 9)",I,A,C#,A,251.125,126.0
2010,E,A,2,A,"(1, 4, 9)",I,A,C#,A,251.25,126.0
2011,E,A,2,A,"(1, 4, 9)",I,A,C#,A,251.375,126.0
2012,A,C#,3,A,"(1, 4, 9)",I,A,C#,A,251.5,126.0
2013,A,C#,3,A,"(1, 4, 9)",I,A,C#,A,251.625,126.0
2014,A,C#,3,A,"(1, 4, 9)",I,A,C#,A,251.75,126.0
2015,A,C#,3,A,"(1, 4, 9)",I,A,C#,A,251.875,126.0
2016,G#,B,0,A,"(4, 8, 11)",V,E,E,A,252.0,127.0
2017,G#,B,1,A,"(4, 8, 11)",V,E,E,A,252.125,127.0
2018,G#,B,2,A,"(4, 8, 11)",V,E,E,A,252.25,127.0
2019,G#,B,2,A,"(4, 8, 11)",V,E,E,A,252.375,127.0
2020,G#,B,3,A,"(4, 8, 11)",V,E,E,A,252.5,127.0
2021,G#,B,3,A,"(4, 8, 11)",V,E,E,A,252.625,127.0
2022,G#,B,3,A,"(4, 8, 11)",V,E,E,A,252.75,127.0
2023,G#,B,3,A,"(4, 8, 11)",V,E,E,A,252.875,127.0
2024,F#,B,4,A,"(3, 6, 9, 11)",V7,E,D#,E,253.0,127.0
2025,F#,B,1,A,"(3, 6, 9, 11)",V7,A,D#,E,253.125,127.0
2026,F#,B,2,A,"(3, 6, 9, 11)",V7,A,D#,E,253.25,127.0
2027,F#,B,2,A,"(3, 6, 9, 11)",V7,A,D#,E,253.375,127.0
2028,F#,B,0,A,"(3, 6, 9, 11)",V7,D#,D#,E,253.5,127.0
2029,F#,B,1,A,"(3, 6, 9, 11)",V7,D#,D#,E,253.625,127.0
2030,F#,B,3,A,"(3, 6, 9, 11)",V7,D#,D#,E,253.75,127.0
2031,F#,B,3,A,"(3, 6, 9, 11)",V7,D#,D#,E,253.875,127.0
2032,B,E,0,A,"(4, 8, 11)",V,E,G#,A,254.0,128.0
2033,B,E,1,A,"(4, 8, 11)",V,E,G#,A,254.125,128.0
2034,B,E,2,A,"(4, 8, 11)",V,E,G#,A,254.25,128.0
2035,B,E,2,A,"(4, 8, 11)",V,E,G#,A,254.375,128.0
2036,B,E,3,A,"(4, 8, 11)",V,E,G#,A,254.5,128.0
2037,B,E,3,A,"(4, 8, 11)",V,E,G#,A,254.625,128.0
2038,B,E,3,A,"(4, 8, 11)",V,E,G#,A,254.75,128.0
2039,B,E,3,A,"(4, 8, 11)",V,E,G#,A,254.875,128.0
2040,B,E,4,A,"(4, 8, 11)",V,E,G#,A,255.0,128.0
2041,B,E,4,A,"(4, 8, 11)",V,E,G#,A,255.125,128.0
2042,B,E,4,A,"(4, 8, 11)",V,E,G#,A,255.25,128.0
2043,B,E,4,A,"(4, 8, 11)",V,E,G#,A,255.375,128.0
2044,B,E,4,A,"(4, 8, 11)",V,E,G#,A,255.5,128.0
2045,B,E,4,A,"(4, 8, 11)",V,E,G#,A,255.625,128.0
2046,B,E,4,A,"(4, 8, 11)",V,E,G#,A,255.75,128.0
2047,B,E,4,A,"(4, 8, 11)",V,E,G#,A,255.875,128.0
2048,E,C#,0,A,"(1, 4, 9)",I,A,E,A,256.0,129.0
2049,E,C#,1,A,"(1, 4, 9)",I,A,E,A,256.125,129.0
2050,E,C#,2,A,"(1, 4, 9)",I,A,E,A,256.25,129.0
2051,E,C#,2,A,"(1, 4, 9)",I,A,E,A,256.375,129.0
2052,E,C#,3,A,"(1, 4, 9)",I,A,E,A,256.5,129.0
2053,E,C#,3,A,"(1, 4, 9)",I,A,E,A,256.625,129.0
2054,E,C#,3,A,"(1, 4, 9)",I,A,E,A,256.75,129.0
2055,E,C#,3,A,"(1, 4, 9)",I,A,E,A,256.875,129.0
2056,E,A#,0,A,"(1, 4, 10)",viio,A#,C#,b,257.0,129.0
2057,E,A#,1,A,"(1, 4, 10)",viio,A#,C#,b,257.125,129.0
2058,E,A#,2,A,"(1, 4, 10)",viio,A#,C#,b,257.25,129.0
2059,E,A#,2,A,"(1, 4, 10)",viio,A#,C#,b,257.375,129.0
2060,E,A#,3,A,"(1, 4, 10)",viio,A#,C#,b,257.5,129.0
2061,E,A#,3,A,"(1, 4, 10)",viio,A#,C#,b,257.625,129.0
2062,E,A#,3,A,"(1, 4, 10)",viio,A#,C#,b,257.75,129.0
2063,E,A#,3,A,"(1, 4, 10)",viio,A#,C#,b,257.875,129.0
2064,F#,B,0,A,"(2, 4, 8, 11)",V7,B,D,A,258.0,130.0
2065,F#,B,1,A,"(2, 4, 8, 11)",V7,B,D,A,258.125,130.0
2066,F#,B,2,A,"(2, 4, 8, 11)",V7,B,D,A,258.25,130.0
2067,F#,B,2,A,"(2, 4, 8, 11)",V7,B,D,A,258.375,130.0
2068,F#,B,3,A,"(2, 4, 8, 11)",V7,B,D,A,258.5,130.0
2069,F#,B,3,A,"(2, 4, 8, 11)",V7,B,D,A,258.625,130.0
2070,F#,B,3,A,"(2, 4, 8, 11)",V7,B,D,A,258.75,130.0
2071,F#,B,3,A,"(2, 4, 8, 11)",V7,B,D,A,258.875,130.0
2072,G#,D,4,A,"(2, 4, 8, 11)",V7,B,E,A,259.0,130.0
2073,G#,D,4,A,"(2, 4, 8, 11)",V7,B,E,A,259.125,130.0
2074,B,D,4,A,"(2, 4, 8, 11)",V7,B,E,A,259.25,130.0
2075,B,D,4,A,"(2, 4, 8, 11)",V7,B,E,A,259.375,130.0
2076,B,E,3,A,"(2, 4, 8, 11)",V7,B,E,A,259.5,130.0
2077,B,E,3,A,"(2, 4, 8, 11)",V7,B,E,A,259.625,130.0
2078,B,E,4,A,"(2, 4, 8, 11)",V7,B,E,A,259.75,130.0
2079,B,E,4,A,"(2, 4, 8, 11)",V7,B,E,A,259.875,130.0
2080,A,C#,0,A,"(1, 4, 9)",I,A,E,A,260.0,131.0
2081,A,C#,1,A,"(1, 4, 9)",I,A,E,A,260.125,131.0
2082,A,C#,2,A,"(1, 4, 9)",I,A,E,A,260.25,131.0
2083,A,C#,2,A,"(1, 4, 9)",I,A,E,A,260.375,131.0
2084,A,C#,3,A,"(1, 4, 9)",I,A,E,A,260.5,131.0
2085,A,C#,3,A,"(1, 4, 9)",I,A,E,A,260.625,131.0
2086,A,C#,3,A,"(1, 4, 9)",I,A,E,A,260.75,131.0
2087,A,C#,3,A,"(1, 4, 9)",I,A,E,A,260.875,131.0
2088,E,A#,0,A,"(1, 4, 10)",viio,A#,C#,b,261.0,131.0
2089,E,A#,1,A,"(1, 4, 10)",viio,A#,C#,b,261.125,131.0
2090,E,A#,2,A,"(1, 4, 10)",viio,A#,C#,b,261.25,131.0
2091,E,A#,2,A,"(1, 4, 10)",viio,A#,C#,b,261.375,131.0
2092,E,A#,3,A,"(1, 4, 10)",viio,A#,C#,b,261.5,131.0
2093,E,A#,3,A,"(1, 4, 10)",viio,A#,C#,b,261.625,131.0
2094,E,A#,3,A,"(1, 4, 10)",viio,A#,C#,b,261.75,131.0
2095,E,A#,3,A,"(1, 4, 10)",viio,A#,C#,b,261.875,131.0
2096,F#,B,0,A,"(2, 4, 8, 11)",V7,B,D,A,262.0,132.0
2097,F#,B,1,A,"(2, 4, 8, 11)",V7,B,D,A,262.125,132.0
2098,F#,B,2,A,"(2, 4, 8, 11)",V7,B,D,A,262.25,132.0
2099,F#,B,2,A,"(2, 4, 8, 11)",V7,B,D,A,262.375,132.0
2100,F#,B,3,A,"(2, 4, 8, 11)",V7,B,D,A,262.5,132.0
2101,F#,B,3,A,"(2, 4, 8, 11)",V7,B,D,A,262.625,132.0
2102,F#,B,3,A,"(2, 4, 8, 11)",V7,B,D,A,262.75,132.0
2103,F#,B,3,A,"(2, 4, 8, 11)",V7,B,D,A,262.875,132.0
2104,B,E,4,A,"(2, 4, 8, 11)",V7,B,E,A,263.0,132.0
2105,B,E,4,A,"(2, 4, 8, 11)",V7,B,E,A,263.125,132.0
2106,B,E,4,A,"(2, 4, 8, 11)",V7,B,E,A,263.25,132.0
2107,B,E,4,A,"(2, 4, 8, 11)",V7,B,E,A,263.375,132.0
2108,B,E,4,A,"(2, 4, 8, 11)",V7,B,G#,A,263.5,132.0
2109,B,E,4,A,"(2, 4, 8, 11)",V7,B,G#,A,263.625,132.0
2110,B,E,4,A,"(2, 4, 8, 11)",V7,B,G#,A,263.75,132.0
2111,B,E,4,A,"(2, 4, 8, 11)",V7,B,G#,A,263.875,132.0
2112,A,C#,0,A,"(1, 4, 9)",I,A,E,A,264.0,133.0
2113,A,C#,1,A,"(1, 4, 9)",I,A,E,A,264.125,133.0
2114,A,C#,2,A,"(1, 4, 9)",I,A,E,A,264.25,133.0
2115,A,C#,2,A,"(1, 4, 9)",I,A,E,A,264.375,133.0
2116,A,C#,3,A,"(1, 4, 9)",I,A,E,A,264.5,133.0
2117,A,C#,3,A,"(1, 4, 9)",I,A,E,A,264.625,133.0
2118,A,C#,3,A,"(1, 4, 9)",I,A,E,A,264.75,133.0
2119,A,C#,3,A,"(1, 4, 9)",I,A,E,A,264.875,133.0
2120,A,C#,4,A,"(1, 4, 9)",I,A,E,A,265.0,133.0
2121,A,C#,4,A,"(1, 4, 9)",I,A,E,A,265.125,133.0
2122,A,C#,4,A,"(1, 4, 9)",I,A,E,A,265.25,133.0
2123,A,C#,4,A,"(1, 4, 9)",I,A,E,A,265.375,133.0
2124,A,C#,4,A,"(1, 4, 9)",I,A,E,A,265.5,133.0
2125,A,C#,4,A,"(1, 4, 9)",I,A,E,A,265.625,133.0
2126,A,C#,4,A,"(1, 4, 9)",I,A,E,A,265.75,133.0
2127,A,C#,4,A,"(1, 4, 9)",I,A,E,A,265.875,133.0
2128,D,F#,0,A,"(2, 6, 11)",ii,B,B,A,266.0,134.0
2129,D,F#,1,A,"(2, 6, 11)",ii,B,B,A,266.125,134.0
2130,D,F#,2,A,"(2, 6, 11)",ii,B,B,A,266.25,134.0
2131,D,F#,2,A,"(2, 6, 11)",ii,B,B,A,266.375,134.0
2132,D,F#,3,A,"(2, 6, 11)",ii,B,B,A,266.5,134.0
2133,D,F#,3,A,"(2, 6, 11)",ii,B,B,A,266.625,134.0
2134,D,F#,3,A,"(2, 6, 11)",ii,B,B,A,266.75,134.0
2135,D,F#,3,A,"(2, 6, 11)",ii,B,B,A,266.875,134.0
2136,D,F#,4,A,"(2, 6, 11)",ii,B,B,A,267.0,134.0
2137,D,F#,4,A,"(2, 6, 11)",ii,B,B,A,267.125,134.0
2138,D,F#,4,A,"(2, 6, 11)",ii,B,B,A,267.25,134.0
2139,D,F#,4,A,"(2, 6, 11)",ii,B,B,A,267.375,134.0
2140,D,F#,4,A,"(2, 6, 11)",ii,B,B,A,267.5,134.0
2141,D,F#,4,A,"(2, 6, 11)",ii,B,B,A,267.625,134.0
2142,D,F#,4,A,"(2, 6, 11)",ii,B,B,A,267.75,134.0
2143,D,F#,4,A,"(2, 6, 11)",ii,B,B,A,267.875,134.0
2144,B,E,0,A,"(2, 4, 8, 11)",V7,A,G#,A,268.0,135.0
2145,B,E,1,A,"(2, 4, 8, 11)",V7,A,G#,A,268.125,135.0
2146,B,E,2,A,"(2, 4, 8, 11)",V7,A,G#,A,268.25,135.0
2147,B,E,2,A,"(2, 4, 8, 11)",V7,A,G#,A,268.375,135.0
2148,B,E,3,A,"(2, 4, 8, 11)",V7,A,G#,A,268.5,135.0
2149,B,E,3,A,"(2, 4, 8, 11)",V7,A,G#,A,268.625,135.0
2150,B,E,3,A,"(2, 4, 8, 11)",V7,A,G#,A,268.75,135.0
2151,B,E,3,A,"(2, 4, 8, 11)",V7,A,G#,A,268.875,135.0
2152,B,E,4,A,"(2, 4, 8, 11)",V7,D,G#,A,269.0,135.0
2153,B,E,4,A,"(2, 4, 8, 11)",V7,D,G#,A,269.125,135.0
2154,B,E,4,A,"(2, 4, 8, 11)",V7,D,G#,A,269.25,135.0
2155,B,E,4,A,"(2, 4, 8, 11)",V7,D,G#,A,269.375,135.0
2156,B,E,0,A,"(2, 4, 8, 11)",V7,D,G#,A,269.5,135.0
2157,B,E,4,A,"(2, 4, 8, 11)",V7,D,G#,A,269.625,135.0
2158,B,E,4,A,"(2, 4, 8, 11)",V7,D,G#,A,269.75,135.0
2159,B,E,2,A,"(2, 4, 8, 11)",V7,D,G#,A,269.875,135.0
2160,E,A,0,A,"(1, 4, 9)",I,A,C#,A,270.0,136.0
2161,E,A,1,A,"(1, 4, 9)",I,A,C#,A,270.125,136.0
2162,E,A,2,A,"(1, 4, 9)",I,A,C#,A,270.25,136.0
2163,E,A,2,A,"(1, 4, 9)",I,A,C#,A,270.375,136.0
2164,E,A,3,A,"(1, 4, 9)",I,A,C#,A,270.5,136.0
2165,E,A,3,A,"(1, 4, 9)",I,A,C#,A,270.625,136.0
2166,E,A,3,A,"(1, 4, 9)",I,A,C#,A,270.75,136.0
2167,E,A,3,A,"(1, 4, 9)",I,A,C#,A,270.875,136.0
2168,E,A,4,A,"(1, 4, 9)",I,A,C#,A,271.0,136.0
2169,E,A,4,A,"(1, 4, 9)",I,A,C#,A,271.125,136.0
2170,E,A,4,A,"(1, 4, 9)",I,A,C#,A,271.25,136.0
2171,E,A,4,A,"(1, 4, 9)",I,A,C#,A,271.375,136.0
2172,E,A,4,A,"(1, 4, 9)",I,A,C#,A,271.5,136.0
2173,E,A,4,A,"(1, 4, 9)",I,A,C#,A,271.625,136.0
2174,E,A,4,A,"(1, 4, 9)",I,A,C#,A,271.75,136.0
2175,E,A,4,A,"(1, 4, 9)",I,A,C#,A,271.875,136.0
2176,E,C#,0,A,"(1, 4, 9)",I,A,E,A,272.0,137.0
2177,E,C#,1,A,"(1, 4, 9)",I,A,E,A,272.125,137.0
2178,E,C#,2,A,"(1, 4, 9)",I,A,E,A,272.25,137.0
2179,E,C#,2,A,"(1, 4, 9)",I,A,E,A,272.375,137.0
2180,E,C#,3,A,"(1, 4, 9)",I,A,E,A,272.5,137.0
2181,E,C#,3,A,"(1, 4, 9)",I,A,E,A,272.625,137.0
2182,E,C#,3,A,"(1, 4, 9)",I,A,E,A,272.75,137.0
2183,E,C#,3,A,"(1, 4, 9)",I,A,E,A,272.875,137.0
2184,E,A#,0,A,"(1, 4, 6, 10)",viio,F#,C#,b,273.0,137.0
2185,E,A#,1,A,"(1, 4, 6, 10)",V7,F#,C#,b,273.125,137.0
2186,E,A#,2,A,"(1, 4, 6, 10)",V7,F#,C#,b,273.25,137.0
2187,E,A#,2,A,"(1, 4, 6, 10)",V7,F#,C#,b,273.375,137.0
2188,E,A#,3,A,"(1, 4, 6, 10)",V7,F#,C#,b,273.5,137.0
2189,E,A#,3,A,"(1, 4, 6, 10)",V7,F#,C#,b,273.625,137.0
2190,E,A#,3,A,"(1, 4, 6, 10)",V7,F#,C#,b,273.75,137.0
2191,E,A#,3,A,"(1, 4, 6, 10)",V7,F#,C#,b,273.875,137.0
2192,F#,B,0,A,"(2, 6, 11)",V7,B,D,A,274.0,138.0
2193,F#,B,1,A,"(2, 6, 11)",V7,B,D,A,274.125,138.0
2194,F#,B,2,A,"(2, 6, 11)",V7,B,D,A,274.25,138.0
2195,F#,B,2,A,"(2, 6, 11)",V7,B,D,A,274.375,138.0
2196,F#,B,3,A,"(2, 4, 8, 11)",V7,B,D,A,274.5,138.0
2197,F#,B,3,A,"(2, 4, 8, 11)",V7,B,D,A,274.625,138.0
2198,F#,B,3,A,"(2, 4, 8, 11)",V7,B,D,A,274.75,138.0
2199,F#,B,3,A,"(2, 4, 8, 11)",V7,B,D,A,274.875,138.0
2200,B,D,4,A,"(2, 4, 8, 11)",V7,B,G#,A,275.0,138.0
2201,B,D,4,A,"(2, 4, 8, 11)",V7,B,G#,A,275.125,138.0
2202,B,D,4,A,"(2, 4, 8, 11)",V7,B,G#,A,275.25,138.0
2203,B,D,4,A,"(2, 4, 8, 11)",V7,B,G#,A,275.375,138.0
2204,B,E,4,A,"(2, 4, 8, 11)",V7,B,G#,A,275.5,138.0
2205,B,E,4,A,"(2, 4, 8, 11)",V7,B,G#,A,275.625,138.0
2206,B,E,4,A,"(2, 4, 8, 11)",V7,B,G#,A,275.75,138.0
2207,B,E,4,A,"(2, 4, 8, 11)",V7,B,G#,A,275.875,138.0
2208,A,C#,0,A,"(1, 4, 9)",I,A,E,A,276.0,139.0
2209,A,C#,1,A,"(1, 4, 9)",I,A,E,A,276.125,139.0
2210,A,C#,2,A,"(1, 4, 9)",I,A,E,A,276.25,139.0
2211,A,C#,2,A,"(1, 4, 9)",I,A,E,A,276.375,139.0
2212,A,C#,3,A,"(1, 4, 9)",I,A,E,A,276.5,139.0
2213,A,C#,3,A,"(1, 4, 9)",I,A,E,A,276.625,139.0
2214,A,C#,3,A,"(1, 4, 9)",I,A,E,A,276.75,139.0
2215,A,C#,3,A,"(1, 4, 9)",I,A,E,A,276.875,139.0
2216,C#,A#,0,A,"(1, 4, 6, 10)",viio,F#,C#,b,277.0,139.0
2217,E,A#,1,A,"(1, 4, 6, 10)",V7,F#,C#,b,277.125,139.0
2218,E,A#,2,A,"(1, 4, 6, 10)",V7,F#,C#,b,277.25,139.0
2219,E,A#,2,A,"(1, 4, 6, 10)",V7,F#,C#,b,277.375,139.0
2220,E,A#,3,A,"(1, 4, 6, 10)",V7,F#,C#,b,277.5,139.0
2221,E,A#,3,A,"(1, 4, 6, 10)",V7,F#,C#,b,277.625,139.0
2222,E,A#,3,A,"(1, 4, 6, 10)",V7,F#,C#,b,277.75,139.0
2223,E,A#,3,A,"(1, 4, 6, 10)",V7,F#,C#,b,277.875,139.0
2224,F#,B,0,A,"(2, 6, 11)",V7,B,D,A,278.0,140.0
2225,F#,B,1,A,"(2, 4, 8, 11)",V7,B,D,A,278.125,140.0
2226,F#,B,2,A,"(2, 4, 8, 11)",V7,B,D,A,278.25,140.0
2227,F#,B,2,A,"(2, 4, 8, 11)",V7,B,D,A,278.375,140.0
2228,F#,B,3,A,"(2, 4, 8, 11)",V7,B,D,A,278.5,140.0
2229,B,B,3,A,"(2, 4, 8, 11)",V7,B,D,A,278.625,140.0
2230,B,B,3,A,"(2, 4, 8, 11)",V7,B,D,A,278.75,140.0
2231,B,B,3,A,"(2, 4, 8, 11)",V7,B,D,A,278.875,140.0
2232,B,E,4,A,"(2, 4, 8, 11)",V7,B,G#,A,279.0,140.0
2233,B,E,4,A,"(2, 4, 8, 11)",V7,B,G#,A,279.125,140.0
2234,B,E,4,A,"(2, 4, 8, 11)",V7,B,G#,A,279.25,140.0
2235,B,E,4,A,"(2, 4, 8, 11)",V7,B,G#,A,279.375,140.0
2236,B,E,4,A,"(2, 4, 8, 11)",V7,D,G#,A,279.5,140.0
2237,B,E,4,A,"(2, 4, 8, 11)",V7,D,G#,A,279.625,140.0
2238,B,E,4,A,"(2, 4, 8, 11)",V7,D,G#,A,279.75,140.0
2239,B,E,4,A,"(2, 4, 8, 11)",V7,D,G#,A,279.875,140.0
2240,A,C#,0,A,"(1, 4, 9)",I,A,E,A,280.0,141.0
2241,A,C#,1,A,"(1, 4, 9)",I,A,E,A,280.125,141.0
2242,A,C#,2,A,"(1, 4, 9)",I,A,E,A,280.25,141.0
2243,A,C#,2,A,"(1, 4, 9)",I,A,E,A,280.375,141.0
2244,E,C#,3,A,"(1, 4, 9)",I,A,E,A,280.5,141.0
2245,E,C#,3,A,"(1, 4, 9)",I,A,E,A,280.625,141.0
2246,E,C#,3,A,"(1, 4, 9)",I,A,E,A,280.75,141.0
2247,E,C#,3,A,"(1, 4, 9)",I,A,E,A,280.875,141.0
2248,E,C#,4,A,"(1, 4, 9)",I,A,E,A,281.0,141.0
2249,E,C#,4,A,"(1, 4, 9)",I,A,E,A,281.125,141.0
2250,E,C#,4,A,"(1, 4, 9)",I,A,E,A,281.25,141.0
2251,E,C#,4,A,"(1, 4, 9)",I,A,E,A,281.375,141.0
2252,E,C#,4,A,"(1, 4, 9)",I,A,E,A,281.5,141.0
2253,A,C#,4,A,"(1, 4, 9)",I,A,E,A,281.625,141.0
2254,A,C#,4,A,"(1, 4, 9)",I,A,E,A,281.75,141.0
2255,A,C#,4,A,"(1, 4, 9)",I,A,E,A,281.875,141.0
2256,C#,F#,0,A,"(2, 6, 11)",ii,B,A,A,282.0,142.0
2257,D,F#,1,A,"(2, 6, 11)",ii,B,A,A,282.125,142.0
2258,C#,F#,2,A,"(2, 6, 11)",ii,B,A,A,282.25,142.0
2259,C#,F#,2,A,"(2, 6, 11)",ii,B,A,A,282.375,142.0
2260,D,F#,3,A,"(2, 6, 11)",ii,B,B,A,282.5,142.0
2261,D,F#,3,A,"(2, 6, 11)",ii,B,B,A,282.625,142.0
2262,D,F#,3,A,"(2, 6, 11)",ii,B,B,A,282.75,142.0
2263,D,F#,3,A,"(2, 6, 11)",ii,B,B,A,282.875,142.0
2264,D,F#,4,A,"(2, 6, 11)",ii,B,B,A,283.0,142.0
2265,D,F#,4,A,"(2, 6, 11)",ii,B,B,A,283.125,142.0
2266,D,F#,4,A,"(2, 6, 11)",ii,B,B,A,283.25,142.0
2267,D,F#,4,A,"(2, 6, 11)",ii,B,B,A,283.375,142.0
2268,D,F#,4,A,"(2, 6, 11)",ii,B,B,A,283.5,142.0
2269,D,F#,4,A,"(2, 6, 11)",ii,B,B,A,283.625,142.0
2270,D,F#,4,A,"(2, 6, 11)",ii,B,B,A,283.75,142.0
2271,D,F#,4,A,"(2, 6, 11)",ii,B,B,A,283.875,142.0
2272,B,E,0,A,"(2, 4, 8, 11)",V7,A,G#,A,284.0,143.0
2273,B,E,1,A,"(2, 4, 8, 11)",V7,A,G#,A,284.125,143.0
2274,B,E,2,A,"(2, 4, 8, 11)",V7,A,G#,A,284.25,143.0
2275,B,E,2,A,"(2, 4, 8, 11)",V7,A,G#,A,284.375,143.0
2276,B,E,3,A,"(2, 4, 8, 11)",V7,A,G#,A,284.5,143.0
2277,B,E,3,A,"(2, 4, 8, 11)",V7,A,G#,A,284.625,143.0
2278,B,E,3,A,"(2, 4, 8, 11)",V7,A,G#,A,284.75,143.0
2279,B,E,3,A,"(2, 4, 8, 11)",V7,A,G#,A,284.875,143.0
2280,B,E,0,A,"(2, 4, 8, 11)",V7,D,G#,A,285.0,143.0
2281,B,E,1,A,"(2, 4, 8, 11)",V7,D,G#,A,285.125,143.0
2282,B,E,2,A,"(2, 4, 8, 11)",V7,D,G#,A,285.25,143.0
2283,B,E,2,A,"(2, 4, 8, 11)",V7,D,G#,A,285.375,143.0
2284,B,E,3,A,"(2, 4, 8, 11)",V7,D,G#,A,285.5,143.0
2285,B,E,3,A,"(2, 4, 8, 11)",V7,D,G#,A,285.625,143.0
2286,B,E,3,A,"(2, 4, 8, 11)",V7,D,G#,A,285.75,143.0
2287,B,E,3,A,"(2, 4, 8, 11)",V7,D,G#,A,285.875,143.0
2288,E,A,0,A,"(1, 4, 9)",I,A,C#,A,286.0,144.0
2289,E,A,1,A,"(1, 4, 9)",I,A,C#,A,286.125,144.0
2290,E,A,2,A,"(1, 4, 9)",I,A,C#,A,286.25,144.0
2291,E,A,2,A,"(1, 4, 9)",I,A,C#,A,286.375,144.0
2292,E,A,3,A,"(1, 4, 9)",I,A,C#,A,286.5,144.0
2293,E,A,3,A,"(1, 4, 9)",I,A,C#,A,286.625,144.0
2294,E,A,3,A,"(1, 4, 9)",I,A,C#,A,286.75,144.0
2295,E,A,3,A,"(1, 4, 9)",I,A,C#,A,286.875,144.0
2296,E,A,4,A,"(1, 4, 9)",I,A,C#,A,287.0,144.0
2297,E,A,4,A,"(1, 4, 9)",I,A,C#,A,287.125,144.0
2298,E,A,4,A,"(1, 4, 9)",I,A,C#,A,287.25,144.0
2299,E,A,4,A,"(1, 4, 9)",I,A,C#,A,287.375,144.0
2300,E,A,4,A,"(1, 4, 9)",I,A,C#,A,287.5,144.0
2301,E,A,4,A,"(1, 4, 9)",I,A,C#,A,287.625,144.0
2302,E,A,4,A,"(1, 4, 9)",I,A,C#,A,287.75,144.0
2303,E,A,4,A,"(1, 4, 9)",I,A,C#,A,287.875,144.0
2304,E,C#,0,A,"(1, 4, 9)",I,A,C#,A,288.0,145.0
2305,E,C#,1,A,"(1, 4, 9)",I,A,C#,A,288.125,145.0
2306,E,C#,2,A,"(1, 4, 9)",I,A,C#,A,288.25,145.0
2307,E,C#,2,A,"(1, 4, 9)",I,A,C#,A,288.375,145.0
2308,A,C#,3,A,"(1, 4, 9)",I,A,C#,A,288.5,145.0
2309,A,C#,3,A,"(1, 4, 9)",I,A,C#,A,288.625,145.0
2310,A,C#,3,A,"(1, 4, 9)",I,A,C#,A,288.75,145.0
2311,A,C#,3,A,"(1, 4, 9)",I,A,C#,A,288.875,145.0
2312,A,C#,4,A,"(1, 4, 9)",I,A,C#,A,289.0,145.0
2313,A,C#,4,A,"(1, 4, 9)",I,A,C#,A,289.125,145.0
2314,A,C#,4,A,"(1, 4, 9)",I,A,C#,A,289.25,145.0
2315,A,C#,4,A,"(1, 4, 9)",I,A,C#,A,289.375,145.0
2316,A,C#,4,A,"(1, 4, 9)",I,A,C#,A,289.5,145.0
2317,A,C#,4,A,"(1, 4, 9)",I,A,C#,A,289.625,145.0
2318,A,C#,4,A,"(1, 4, 9)",I,A,C#,A,289.75,145.0
2319,A,C#,4,A,"(1, 4, 9)",I,A,C#,A,289.875,145.0
2320,E,A,0,A,"(1, 4, 9)",I,A,C#,A,290.0,146.0
2321,E,A,1,A,"(1, 4, 9)",I,A,C#,A,290.125,146.0
2322,E,A,2,A,"(1, 4, 9)",I,A,C#,A,290.25,146.0
2323,E,A,2,A,"(1, 4, 9)",I,A,C#,A,290.375,146.0
2324,E,A,3,A,"(1, 4, 9)",I,A,C#,A,290.5,146.0
2325,E,A,3,A,"(1, 4, 9)",I,A,C#,A,290.625,146.0
2326,E,A,3,A,"(1, 4, 9)",I,A,C#,A,290.75,146.0
2327,E,A,3,A,"(1, 4, 9)",I,A,C#,A,290.875,146.0
2328,E,A,4,A,"(1, 4, 9)",I,A,C#,A,291.0,146.0
2329,E,A,4,A,"(1, 4, 9)",I,A,C#,A,291.125,146.0
2330,E,A,4,A,"(1, 4, 9)",I,A,C#,A,291.25,146.0
2331,E,A,4,A,"(1, 4, 9)",I,A,C#,A,291.375,146.0
2332,E,A,4,A,"(1, 4, 9)",I,A,C#,A,291.5,146.0
2333,E,A,4,A,"(1, 4, 9)",I,A,C#,A,291.625,146.0
2334,E,A,4,A,"(1, 4, 9)",I,A,C#,A,291.75,146.0
2335,E,A,4,A,"(1, 4, 9)",I,A,C#,A,291.875,146.0
2336,C#,E,0,A,"(1, 4, 9)",I,A,C#,A,292.0,147.0
2337,C#,E,1,A,"(1, 4, 9)",I,A,C#,A,292.125,147.0
2338,C#,E,2,A,"(1, 4, 9)",I,A,C#,A,292.25,147.0
2339,C#,E,2,A,"(1, 4, 9)",I,A,C#,A,292.375,147.0
2340,C#,E,3,A,"(1, 4, 9)",I,A,C#,A,292.5,147.0
2341,C#,E,3,A,"(1, 4, 9)",I,A,C#,A,292.625,147.0
2342,C#,E,3,A,"(1, 4, 9)",I,A,C#,A,292.75,147.0
2343,C#,E,3,A,"(1, 4, 9)",I,A,C#,A,292.875,147.0
2344,C#,E,4,A,"(1, 4, 9)",I,A,C#,A,293.0,147.0
2345,C#,E,4,A,"(1, 4, 9)",I,A,C#,A,293.125,147.0
2346,C#,E,4,A,"(1, 4, 9)",I,A,C#,A,293.25,147.0
2347,C#,E,4,A,"(1, 4, 9)",I,A,C#,A,293.375,147.0
2348,C#,E,4,A,"(1, 4, 9)",I,A,C#,A,293.5,147.0
2349,C#,E,4,A,"(1, 4, 9)",I,A,C#,A,293.625,147.0
2350,C#,E,4,A,"(1, 4, 9)",I,A,C#,A,293.75,147.0
2351,C#,E,4,A,"(1, 4, 9)",I,A,C#,A,293.875,147.0
2352,B,D,0,A,"(2, 6, 11)",I,B,F#,A,294.0,148.0
2353,B,D,1,A,"(2, 6, 11)",I,B,F#,A,294.125,148.0
2354,B,D,2,A,"(2, 6, 11)",I,B,F#,A,294.25,148.0
2355,B,D,2,A,"(2, 6, 11)",I,B,F#,A,294.375,148.0
2356,A,D,3,A,"(2, 6, 11)",I,B,E,A,294.5,148.0
2357,A,D,3,A,"(2, 6, 11)",I,B,E,A,294.625,148.0
2358,A,D,3,A,"(2, 6, 11)",I,B,E,A,294.75,148.0
2359,A,D,3,A,"(2, 6, 11)",I,B,E,A,294.875,148.0
2360,A,D,4,A,"(1, 4, 9)",I,A,E,A,295.0,148.0
2361,A,D,4,A,"(1, 4, 9)",I,A,E,A,295.125,148.0
2362,A,D,4,A,"(1, 4, 9)",I,A,E,A,295.25,148.0
2363,A,D,4,A,"(1, 4, 9)",I,A,E,A,295.375,148.0
2364,A,D,3,A,"(1, 4, 9)",I,A,E,A,295.5,148.0
2365,A,D,3,A,"(1, 4, 9)",I,A,E,A,295.625,148.0
2366,A,D,3,A,"(1, 4, 9)",I,A,E,A,295.75,148.0
2367,A,D,3,A,"(1, 4, 9)",I,A,E,A,295.875,148.0
2368,E,B,0,A,"(2, 6, 11)",ii,A,D,A,296.0,149.0
2369,E,B,1,A,"(2, 6, 11)",ii,A,D,A,296.125,149.0
2370,E,B,2,A,"(2, 6, 11)",ii,A,D,A,296.25,149.0
2371,E,B,2,A,"(2, 6, 11)",ii,A,D,A,296.375,149.0
2372,E,B,3,A,"(2, 6, 11)",I,A,D,A,296.5,149.0
2373,E,B,3,A,"(2, 6, 11)",I,A,D,A,296.625,149.0
2374,E,B,3,A,"(2, 6, 11)",I,A,D,A,296.75,149.0
2375,E,B,3,A,"(2, 6, 11)",I,A,D,A,296.875,149.0
2376,E,A,0,A,"(1, 4, 9)",IV,A,C#,A,297.0,149.0
2377,E,A,1,A,"(1, 4, 9)",IV,A,C#,A,297.125,149.0
2378,E,A,2,A,"(1, 4, 9)",IV,A,C#,A,297.25,149.0
2379,E,A,2,A,"(1, 4, 9)",IV,A,C#,A,297.375,149.0
2380,E,A,3,A,"(1, 4, 9)",IV,A,C#,A,297.5,149.0
2381,E,A,3,A,"(1, 4, 9)",IV,A,C#,A,297.625,149.0
2382,E,A,3,A,"(1, 4, 9)",IV,A,C#,A,297.75,149.0
2383,E,A,3,A,"(1, 4, 9)",IV,A,C#,A,297.875,149.0
2384,A,D,0,A,"(1, 4, 9)",I,B,E,A,298.0,150.0
2385,A,D,1,A,"(1, 4, 9)",I,B,E,A,298.125,150.0
2386,A,D,2,A,"(1, 4, 9)",I,B,E,A,298.25,150.0
2387,A,D,2,A,"(1, 4, 9)",I,B,E,A,298.375,150.0
2388,A,D,3,A,"(1, 4, 9)",I,A,E,A,298.5,150.0
2389,A,C#,3,A,"(1, 4, 9)",I,A,E,A,298.625,150.0
2390,A,C#,3,A,"(1, 4, 9)",I,A,E,A,298.75,150.0
2391,A,C#,3,A,"(1, 4, 9)",I,A,E,A,298.875,150.0
2392,A,C#,4,A,"(1, 4, 9)",I,A,E,A,299.0,150.0
2393,A,C#,4,A,"(1, 4, 9)",I,A,E,A,299.125,150.0
2394,A,C#,2,A,"(1, 4, 9)",I,A,E,A,299.25,150.0
2395,A,C#,4,A,"(1, 4, 9)",I,A,E,A,299.375,150.0
2396,A,C#,3,A,"(1, 4, 9)",I,A,E,A,299.5,150.0
2397,A,C#,3,A,"(1, 4, 9)",I,A,E,A,299.625,150.0
2398,A,C#,3,A,"(1, 4, 9)",I,A,E,A,299.75,150.0
2399,A,C#,3,A,"(1, 4, 9)",I,A,E,A,299.875,150.0
2400,G#,B,0,A,"(4, 8, 11)",V,E,E,A,300.0,151.0
2401,G#,B,1,A,"(4, 8, 11)",V,E,E,A,300.125,151.0
2402,G#,B,2,A,"(4, 8, 11)",V,E,E,A,300.25,151.0
2403,G#,B,2,A,"(4, 8, 11)",V,E,E,A,300.375,151.0
2404,G#,B,3,A,"(4, 8, 11)",V,E,E,A,300.5,151.0
2405,G#,B,3,A,"(4, 8, 11)",V,E,E,A,300.625,151.0
2406,G#,B,3,A,"(4, 8, 11)",V,E,E,A,300.75,151.0
2407,G#,B,3,A,"(4, 8, 11)",V,E,E,A,300.875,151.0
2408,F#,B,0,A,"(3, 6, 9, 11)",V7,A,D#,E,301.0,151.0
2409,F#,B,1,A,"(3, 6, 9, 11)",V7,A,D#,E,301.125,151.0
2410,F#,B,2,A,"(3, 6, 9, 11)",V7,A,D#,E,301.25,151.0
2411,F#,B,2,A,"(3, 6, 9, 11)",V7,A,D#,E,301.375,151.0
2412,F#,B,3,A,"(3, 6, 9, 11)",V7,A,D#,E,301.5,151.0
2413,F#,B,3,A,"(3, 6, 9, 11)",V7,A,D#,E,301.625,151.0
2414,F#,B,3,A,"(3, 6, 9, 11)",V7,A,D#,E,301.75,151.0
2415,F#,B,3,A,"(3, 6, 9, 11)",V7,A,D#,E,301.875,151.0
2416,B,E,0,A,"(4, 8, 11)",V,E,G#,A,302.0,152.0
2417,B,E,1,A,"(4, 8, 11)",V,E,G#,A,302.125,152.0
2418,B,E,2,A,"(4, 8, 11)",V,E,G#,A,302.25,152.0
2419,B,E,2,A,"(4, 8, 11)",V,E,G#,A,302.375,152.0
2420,B,E,3,A,"(4, 8, 11)",V,E,G#,A,302.5,152.0
2421,B,E,3,A,"(4, 8, 11)",V,E,G#,A,302.625,152.0
2422,B,E,3,A,"(4, 8, 11)",V,E,G#,A,302.75,152.0
2423,B,E,3,A,"(4, 8, 11)",V,E,G#,A,302.875,152.0
2424,B,E,4,A,"(4, 8, 11)",V,E,G#,A,303.0,152.0
2425,B,E,4,A,"(4, 8, 11)",V,E,G#,A,303.125,152.0
2426,B,E,4,A,"(4, 8, 11)",V,E,G#,A,303.25,152.0
2427,B,E,4,A,"(4, 8, 11)",V,E,G#,A,303.375,152.0
2428,B,E,4,A,"(4, 8, 11)",V,E,G#,A,303.5,152.0
2429,B,E,4,A,"(4, 8, 11)",V,E,G#,A,303.625,152.0
2430,B,E,4,A,"(4, 8, 11)",V,E,G#,A,303.75,152.0
2431,B,E,4,A,"(4, 8, 11)",V,E,G#,A,303.875,152.0
2432,B,E,0,A,"(4, 8, 11)",V,E,G#,A,304.0,153.0
2433,B,E,1,A,"(4, 8, 11)",V,E,G#,A,304.125,153.0
2434,B,E,2,A,"(4, 8, 11)",V,E,G#,A,304.25,153.0
2435,B,E,2,A,"(4, 8, 11)",V,E,G#,A,304.375,153.0
2436,B,E,3,A,"(4, 8, 11)",V,E,G#,A,304.5,153.0
2437,B,E,3,A,"(4, 8, 11)",V,E,G#,A,304.625,153.0
2438,B,E,3,A,"(4, 8, 11)",V,E,G#,A,304.75,153.0
2439,B,E,3,A,"(4, 8, 11)",V,E,G#,A,304.875,153.0
2440,B,E,4,A,"(4, 8, 11)",V,E,G#,A,305.0,153.0
2441,B,E,4,A,"(4, 8, 11)",V,E,G#,A,305.125,153.0
2442,B,E,4,A,"(4, 8, 11)",V,E,G#,A,305.25,153.0
2443,B,E,4,A,"(4, 8, 11)",V,E,G#,A,305.375,153.0
2444,B,E,4,A,"(4, 8, 11)",V,E,G#,A,305.5,153.0
2445,B,E,4,A,"(4, 8, 11)",V,E,G#,A,305.625,153.0
2446,B,E,4,A,"(4, 8, 11)",V,E,G#,A,305.75,153.0
2447,B,E,4,A,"(4, 8, 11)",V,E,G#,A,305.875,153.0
2448,B,E,0,A,"(4, 8, 11)",V,E,G#,A,306.0,154.0
2449,B,E,1,A,"(4, 8, 11)",V,D,G#,A,306.125,154.0
2450,B,E,2,A,"(4, 8, 11)",V,E,G#,A,306.25,154.0
2451,B,E,2,A,"(4, 8, 11)",V,E,G#,A,306.375,154.0
2452,B,E,3,A,"(4, 8, 11)",V,E,G#,A,306.5,154.0
2453,B,E,3,A,"(4, 8, 11)",V,E,G#,A,306.625,154.0
2454,B,E,3,A,"(4, 8, 11)",V,E,G#,A,306.75,154.0
2455,B,E,3,A,"(4, 8, 11)",V,E,G#,A,306.875,154.0
2456,B,E,4,A,"(4, 8, 11)",V,E,G#,A,307.0,154.0
2457,B,E,4,A,"(4, 8, 11)",V,E,G#,A,307.125,154.0
2458,B,E,4,A,"(4, 8, 11)",V,E,G#,A,307.25,154.0
2459,B,E,4,A,"(4, 8, 11)",V,E,G#,A,307.375,154.0
2460,B,E,4,A,"(4, 8, 11)",V,E,G#,A,307.5,154.0
2461,B,E,4,A,"(4, 8, 11)",V,E,G#,A,307.625,154.0
2462,B,E,4,A,"(4, 8, 11)",V,E,G#,A,307.75,154.0
2463,B,E,4,A,"(4, 8, 11)",V,E,G#,A,307.875,154.0
2464,E,A,0,A,"(1, 4, 9)",I,A,C#,A,308.0,155.0
2465,E,A,1,A,"(1, 4, 9)",I,A,C#,A,308.125,155.0
2466,E,A,2,A,"(1, 4, 9)",I,A,C#,A,308.25,155.0
2467,E,A,2,A,"(1, 4, 9)",I,A,C#,A,308.375,155.0
2468,E,A,3,A,"(1, 4, 9)",I,A,C#,A,308.5,155.0
2469,E,A,3,A,"(1, 4, 9)",I,A,C#,A,308.625,155.0
2470,E,A,3,A,"(1, 4, 9)",I,A,C#,A,308.75,155.0
2471,E,A,3,A,"(1, 4, 9)",I,A,C#,A,308.875,155.0
2472,E,C#,0,A,"(1, 4, 9)",I,A,E,A,309.0,155.0
2473,E,C#,1,A,"(1, 4, 9)",I,A,E,A,309.125,155.0
2474,E,C#,2,A,"(1, 4, 9)",I,A,E,A,309.25,155.0
2475,E,C#,2,A,"(1, 4, 9)",I,A,E,A,309.375,155.0
2476,A,C#,3,A,"(1, 4, 9)",I,A,E,A,309.5,155.0
2477,A,C#,3,A,"(1, 4, 9)",I,A,E,A,309.625,155.0
2478,A,C#,3,A,"(1, 4, 9)",I,A,E,A,309.75,155.0
2479,A,C#,3,A,"(1, 4, 9)",I,A,E,A,309.875,155.0
2480,B,B,0,A,"(2, 4, 8, 11)",V7,A,D,A,310.0,156.0
2481,B,B,1,A,"(2, 4, 8, 11)",V7,A,D,A,310.125,156.0
2482,B,B,2,A,"(2, 4, 8, 11)",V7,A,D,A,310.25,156.0
2483,B,B,2,A,"(2, 4, 8, 11)",V7,A,D,A,310.375,156.0
2484,B,B,3,A,"(2, 4, 8, 11)",V7,A,G#,A,310.5,156.0
2485,B,B,3,A,"(2, 4, 8, 11)",V7,A,G#,A,310.625,156.0
2486,B,B,3,A,"(2, 4, 8, 11)",V7,A,G#,A,310.75,156.0
2487,B,B,3,A,"(2, 4, 8, 11)",V7,A,G#,A,310.875,156.0
2488,B,E,4,A,"(2, 4, 8, 11)",V7,D,G#,A,311.0,156.0
2489,B,E,4,A,"(2, 4, 8, 11)",V7,D,G#,A,311.125,156.0
2490,B,E,4,A,"(2, 4, 8, 11)",V7,D,G#,A,311.25,156.0
2491,B,E,4,A,"(2, 4, 8, 11)",V7,D,G#,A,311.375,156.0
2492,B,E,4,A,"(2, 4, 8, 11)",V7,D,G#,A,311.5,156.0
2493,B,E,4,A,"(2, 4, 8, 11)",V7,D,G#,A,311.625,156.0
2494,B,E,4,A,"(2, 4, 8, 11)",V7,D,G#,A,311.75,156.0
2495,B,E,4,A,"(2, 4, 8, 11)",V7,D,G#,A,311.875,156.0
2496,E,A,0,A,"(1, 4, 9)",I,A,C#,A,312.0,157.0
2497,E,A,1,A,"(1, 4, 9)",I,A,C#,A,312.125,157.0
2498,E,A,2,A,"(1, 4, 9)",I,A,C#,A,312.25,157.0
2499,E,A,2,A,"(1, 4, 9)",I,A,C#,A,312.375,157.0
2500,E,A,3,A,"(1, 4, 9)",I,A,C#,A,312.5,157.0
2501,E,A,3,A,"(1, 4, 9)",I,A,C#,A,312.625,157.0
2502,E,A,3,A,"(1, 4, 9)",I,A,C#,A,312.75,157.0
2503,E,A,3,A,"(1, 4, 9)",I,A,C#,A,312.875,157.0
2504,E,A,4,A,"(1, 4, 9)",I,A,C#,A,313.0,157.0
2505,E,A,4,A,"(1, 4, 9)",I,A,C#,A,313.125,157.0
2506,E,A,2,A,"(1, 4, 9)",I,A,C#,A,313.25,157.0
2507,E,A,4,A,"(1, 4, 9)",I,A,C#,A,313.375,157.0
2508,E,A,4,A,"(1, 4, 9)",I,A,C#,A,313.5,157.0
2509,E,A,4,A,"(1, 4, 9)",I,A,C#,A,313.625,157.0
2510,E,A,4,A,"(1, 4, 9)",I,A,C#,A,313.75,157.0
2511,E,A,4,A,"(1, 4, 9)",I,A,C#,A,313.875,157.0
2512,B,B,0,A,"(2, 4, 8, 11)",V7,E,D,A,314.0,158.0
2513,B,B,1,A,"(2, 4, 8, 11)",V7,E,D,A,314.125,158.0
2514,B,B,2,A,"(2, 4, 8, 11)",V7,E,D,A,314.25,158.0
2515,B,B,2,A,"(2, 4, 8, 11)",V7,E,D,A,314.375,158.0
2516,B,B,3,A,"(2, 4, 8, 11)",V7,E,G#,A,314.5,158.0
2517,B,E,3,A,"(2, 4, 8, 11)",V7,E,G#,A,314.625,158.0
2518,B,E,3,A,"(2, 4, 8, 11)",V7,E,G#,A,314.75,158.0
2519,B,E,3,A,"(2, 4, 8, 11)",V7,E,G#,A,314.875,158.0
2520,B,G#,0,A,"(2, 4, 8, 11)",V7,E,G#,A,315.0,158.0
2521,D,G#,1,A,"(2, 4, 8, 11)",V7,E,B,A,315.125,158.0
2522,D,G#,2,A,"(2, 4, 8, 11)",V7,E,B,A,315.25,158.0
2523,D,G#,2,A,"(2, 4, 8, 11)",V7,E,B,A,315.375,158.0
2524,B,G#,3,A,"(2, 4, 8, 11)",V7,D,G#,A,315.5,158.0
2525,D,G#,3,A,"(2, 4, 8, 11)",V7,D,G#,A,315.625,158.0
2526,D,G#,3,A,"(2, 4, 8, 11)",V7,D,G#,A,315.75,158.0
2527,B,G#,3,A,"(2, 4, 8, 11)",V7,D,G#,A,315.875,158.0
2528,E,A,0,A,"(1, 4, 9)",I,A,C#,A,316.0,159.0
2529,E,A,1,A,"(1, 4, 9)",I,A,C#,A,316.125,159.0
2530,E,A,2,A,"(1, 4, 9)",I,A,C#,A,316.25,159.0
2531,E,A,2,A,"(1, 4, 9)",I,A,C#,A,316.375,159.0
2532,E,A,3,A,"(1, 4, 9)",I,A,C#,A,316.5,159.0
2533,E,A,3,A,"(1, 4, 9)",I,A,C#,A,316.625,159.0
2534,E,A,3,A,"(1, 4, 9)",I,A,C#,A,316.75,159.0
2535,E,A,3,A,"(1, 4, 9)",I,A,C#,A,316.875,159.0
2536,B,D,0,A,"(2, 4, 8, 11)",V7,B,G#,A,317.0,159.0
2537,B,D,1,A,"(2, 4, 8, 11)",V7,B,G#,A,317.125,159.0
2538,B,D,2,A,"(2, 4, 8, 11)",V7,B,G#,A,317.25,159.0
2539,B,D,2,A,"(2, 4, 8, 11)",V7,B,G#,A,317.375,159.0
2540,B,E,3,A,"(2, 4, 8, 11)",V7,E,G#,A,317.5,159.0
2541,B,E,3,A,"(2, 4, 8, 11)",V7,E,G#,A,317.625,159.0
2542,B,E,3,A,"(2, 4, 8, 11)",V7,E,G#,A,317.75,159.0
2543,B,E,3,A,"(2, 4, 8, 11)",V7,E,G#,A,317.875,159.0
2544,A,C#,0,A,"(1, 4, 9)",I,A,E,A,318.0,160.0
2545,A,C#,1,A,"(1, 4, 9)",I,A,E,A,318.125,160.0
2546,A,C#,2,A,"(1, 4, 9)",I,A,E,A,318.25,160.0
2547,A,C#,2,A,"(1, 4, 9)",I,A,E,A,318.375,160.0
2548,A,C#,3,A,"(1, 4, 9)",I,A,E,A,318.5,160.0
2549,A,C#,3,A,"(1, 4, 9)",I,A,E,A,318.625,160.0
2550,A,C#,3,A,"(1, 4, 9)",I,A,E,A,318.75,160.0
2551,A,C#,3,A,"(1, 4, 9)",I,A,E,A,318.875,160.0
2552,A,C#,4,A,"(1, 4, 9)",I,A,E,A,319.0,160.0
2553,A,C#,4,A,"(1, 4, 9)",I,A,E,A,319.125,160.0
2554,A,C#,4,A,"(1, 4, 9)",I,A,E,A,319.25,160.0
2555,A,C#,4,A,"(1, 4, 9)",I,A,E,A,319.375,160.0
2556,A,C#,4,A,"(1, 4, 9)",I,A,E,A,319.5,160.0
2557,A,C#,4,A,"(1, 4, 9)",I,A,E,A,319.625,160.0
2558,A,C#,4,A,"(1, 4, 9)",I,A,E,A,319.75,160.0
2559,A,C#,4,A,"(1, 4, 9)",I,A,E,A,319.875,160.0
2560,E,A,0,A,"(1, 4, 9)",I,A,C#,A,320.0,161.0
2561,E,A,1,A,"(1, 4, 9)",I,A,C#,A,320.125,161.0
2562,E,A,2,A,"(1, 4, 9)",I,A,C#,A,320.25,161.0
2563,E,A,2,A,"(1, 4, 9)",I,A,C#,A,320.375,161.0
2564,E,A,3,A,"(1, 4, 9)",I,A,C#,A,320.5,161.0
2565,E,A,3,A,"(1, 4, 9)",I,A,C#,A,320.625,161.0
2566,E,A,3,A,"(1, 4, 9)",I,A,C#,A,320.75,161.0
2567,E,A,3,A,"(1, 4, 9)",I,A,C#,A,320.875,161.0
2568,E,A,4,A,"(1, 4, 9)",I,A,C#,A,321.0,161.0
2569,E,A,4,A,"(1, 4, 9)",I,A,C#,A,321.125,161.0
2570,E,A,4,A,"(1, 4, 9)",I,A,C#,A,321.25,161.0
2571,E,A,4,A,"(1, 4, 9)",I,A,C#,A,321.375,161.0
2572,E,A,4,A,"(1, 4, 9)",I,A,C#,A,321.5,161.0
2573,E,A,4,A,"(1, 4, 9)",I,A,C#,A,321.625,161.0
2574,E,A,4,A,"(1, 4, 9)",I,A,C#,A,321.75,161.0
2575,E,A,4,A,"(1, 4, 9)",I,A,C#,A,321.875,161.0
2576,B,E,0,A,"(2, 4, 8, 11)",V7,E,G#,A,322.0,162.0
2577,B,E,1,A,"(2, 4, 8, 11)",V7,E,G#,A,322.125,162.0
2578,B,E,2,A,"(2, 4, 8, 11)",V7,E,G#,A,322.25,162.0
2579,B,E,2,A,"(2, 4, 8, 11)",V7,E,G#,A,322.375,162.0
2580,B,E,3,A,"(2, 4, 8, 11)",V7,E,G#,A,322.5,162.0
2581,B,E,3,A,"(2, 4, 8, 11)",V7,E,G#,A,322.625,162.0
2582,B,E,3,A,"(2, 4, 8, 11)",V7,E,G#,A,322.75,162.0
2583,B,E,3,A,"(2, 4, 8, 11)",V7,E,G#,A,322.875,162.0
2584,B,E,4,A,"(2, 4, 8, 11)",V7,D,G#,A,323.0,162.0
2585,B,E,4,A,"(2, 4, 8, 11)",V7,D,G#,A,323.125,162.0
2586,B,E,4,A,"(2, 4, 8, 11)",V7,D,G#,A,323.25,162.0
2587,B,E,4,A,"(2, 4, 8, 11)",V7,D,G#,A,323.375,162.0
2588,B,E,4,A,"(2, 4, 8, 11)",V7,D,G#,A,323.5,162.0
2589,B,E,4,A,"(2, 4, 8, 11)",V7,D,G#,A,323.625,162.0
2590,B,E,4,A,"(2, 4, 8, 11)",V7,D,G#,A,323.75,162.0
2591,B,E,4,A,"(2, 4, 8, 11)",V7,D,G#,A,323.875,162.0
2592,C#,E,0,A,"(1, 4, 9)",I,A,G#,A,324.0,163.0
2593,C#,E,1,A,"(1, 4, 9)",I,A,G#,A,324.125,163.0
2594,C#,E,2,A,"(1, 4, 9)",I,A,G#,A,324.25,163.0
2595,C#,E,2,A,"(1, 4, 9)",I,A,G#,A,324.375,163.0
2596,C#,E,3,A,"(1, 4, 9)",I,A,G#,A,324.5,163.0
2597,C#,E,3,A,"(1, 4, 9)",I,A,G#,A,324.625,163.0
2598,C#,E,3,A,"(1, 4, 9)",I,A,G#,A,324.75,163.0
2599,C#,E,3,A,"(1, 4, 9)",I,A,G#,A,324.875,163.0
2600,A,E,0,A,"(1, 4, 9)",I,A,C#,A,325.0,163.0
2601,A,E,1,A,"(1, 4, 9)",I,A,C#,A,325.125,163.0
2602,A,E,2,A,"(1, 4, 9)",I,A,C#,A,325.25,163.0
2603,A,E,2,A,"(1, 4, 9)",I,A,C#,A,325.375,163.0
2604,A,E,3,A,"(1, 4, 9)",I,A,C#,A,325.5,163.0
2605,A,E,3,A,"(1, 4, 9)",I,A,C#,A,325.625,163.0
2606,A,E,3,A,"(1, 4, 9)",I,A,C#,A,325.75,163.0
2607,A,E,3,A,"(1, 4, 9)",I,A,C#,A,325.875,163.0
2608,B,D,0,A,"(2, 4, 8, 11)",V7,B,G#,A,326.0,164.0
2609,B,D,1,A,"(2, 4, 8, 11)",V7,D,G#,A,326.125,164.0
2610,B,D,2,A,"(2, 4, 8, 11)",V7,D,G#,A,326.25,164.0
2611,B,D,2,A,"(2, 4, 8, 11)",V7,D,G#,A,326.375,164.0
2612,B,E,3,A,"(2, 4, 8, 11)",V7,D,G#,A,326.5,164.0
2613,B,E,3,A,"(2, 4, 8, 11)",V7,D,G#,A,326.625,164.0
2614,B,E,3,A,"(2, 4, 8, 11)",V7,D,G#,A,326.75,164.0
2615,B,E,3,A,"(2, 4, 8, 11)",V7,D,G#,A,326.875,164.0
2616,B,G#,0,A,"(2, 4, 8, 11)",V7,E,G#,A,327.0,164.0
2617,B,G#,1,A,"(2, 4, 8, 11)",V7,E,G#,A,327.125,164.0
2618,B,G#,2,A,"(2, 4, 8, 11)",V7,E,G#,A,327.25,164.0
2619,B,G#,4,A,"(2, 4, 8, 11)",V7,E,G#,A,327.375,164.0
2620,B,G#,4,A,"(2, 4, 8, 11)",V7,E,G#,A,327.5,164.0
2621,B,G#,4,A,"(2, 4, 8, 11)",V7,E,G#,A,327.625,164.0
2622,B,G#,4,A,"(2, 4, 8, 11)",V7,E,G#,A,327.75,164.0
2623,B,G#,4,A,"(2, 4, 8, 11)",V7,E,G#,A,327.875,164.0
2624,E,A,0,A,"(1, 4, 9)",I,A,C#,A,328.0,165.0
2625,E,A,1,A,"(1, 4, 9)",I,A,C#,A,328.125,165.0
2626,E,A,2,A,"(1, 4, 9)",I,A,C#,A,328.25,165.0
2627,E,A,2,A,"(1, 4, 9)",I,A,C#,A,328.375,165.0
2628,E,A,3,A,"(1, 4, 9)",I,A,C#,A,328.5,165.0
2629,E,A,3,A,"(1, 4, 9)",I,A,C#,A,328.625,165.0
2630,E,A,3,A,"(1, 4, 9)",I,A,C#,A,328.75,165.0
2631,E,A,3,A,"(1, 4, 9)",I,A,C#,A,328.875,165.0
2632,E,A,4,A,"(1, 4, 9)",I,A,C#,A,329.0,165.0
2633,E,A,4,A,"(1, 4, 9)",I,A,C#,A,329.125,165.0
2634,E,A,4,A,"(1, 4, 9)",I,A,C#,A,329.25,165.0
2635,E,A,4,A,"(1, 4, 9)",I,A,C#,A,329.375,165.0
2636,E,A,4,A,"(1, 4, 9)",I,A,C#,A,329.5,165.0
2637,E,A,4,A,"(1, 4, 9)",I,A,C#,A,329.625,165.0
2638,E,A,4,A,"(1, 4, 9)",I,A,C#,A,329.75,165.0
2639,E,A,4,A,"(1, 4, 9)",I,A,C#,A,329.875,165.0
2640,B,B,0,A,"(2, 4, 8, 11)",V7,E,G#,A,330.0,166.0
2641,B,B,1,A,"(2, 4, 8, 11)",V7,E,G#,A,330.125,166.0
2642,B,B,2,A,"(2, 4, 8, 11)",V7,E,G#,A,330.25,166.0
2643,B,B,2,A,"(2, 4, 8, 11)",V7,E,G#,A,330.375,166.0
2644,B,E,3,A,"(2, 4, 8, 11)",V7,E,G#,A,330.5,166.0
2645,B,E,3,A,"(2, 4, 8, 11)",V7,E,G#,A,330.625,166.0
2646,B,E,3,A,"(2, 4, 8, 11)",V7,E,G#,A,330.75,166.0
2647,B,E,3,A,"(2, 4, 8, 11)",V7,E,G#,A,330.875,166.0
2648,B,G#,0,A,"(2, 4, 8, 11)",V7,E,G#,A,331.0,166.0
2649,B,G#,1,A,"(2, 4, 8, 11)",V7,E,G#,A,331.125,166.0
2650,B,G#,2,A,"(2, 4, 8, 11)",V7,E,G#,A,331.25,166.0
2651,B,G#,2,A,"(2, 4, 8, 11)",V7,E,G#,A,331.375,166.0
2652,B,G#,4,A,"(2, 4, 8, 11)",V7,E,G#,A,331.5,166.0
2653,B,G#,4,A,"(2, 4, 8, 11)",V7,E,G#,A,331.625,166.0
2654,B,G#,4,A,"(2, 4, 8, 11)",V7,E,G#,A,331.75,166.0
2655,B,G#,4,A,"(2, 4, 8, 11)",V7,E,G#,A,331.875,166.0
2656,E,A,0,A,"(1, 4, 9)",I,A,C#,A,332.0,167.0
2657,E,A,1,A,"(1, 4, 9)",I,A,C#,A,332.125,167.0
2658,E,A,2,A,"(1, 4, 9)",I,A,C#,A,332.25,167.0
2659,E,A,2,A,"(1, 4, 9)",I,A,C#,A,332.375,167.0
2660,E,A,3,A,"(1, 4, 9)",I,A,C#,A,332.5,167.0
2661,E,A,3,A,"(1, 4, 9)",I,A,C#,A,332.625,167.0
2662,E,A,3,A,"(1, 4, 9)",I,A,C#,A,332.75,167.0
2663,E,A,3,A,"(1, 4, 9)",I,A,C#,A,332.875,167.0
2664,B,E,4,A,"(2, 4, 8, 11)",V7,D,G#,A,333.0,167.0
2665,B,E,4,A,"(2, 4, 8, 11)",V7,D,G#,A,333.125,167.0
2666,B,E,4,A,"(2, 4, 8, 11)",V7,D,G#,A,333.25,167.0
2667,B,E,4,A,"(2, 4, 8, 11)",V7,D,G#,A,333.375,167.0
2668,B,E,4,A,"(2, 4, 8, 11)",V7,D,G#,A,333.5,167.0
2669,B,E,4,A,"(2, 4, 8, 11)",V7,D,G#,A,333.625,167.0
2670,B,E,4,A,"(2, 4, 8, 11)",V7,D,G#,A,333.75,167.0
2671,B,E,4,A,"(2, 4, 8, 11)",V7,D,G#,A,333.875,167.0
2672,A,C#,0,A,"(1, 4, 9)",I,A,E,A,334.0,168.0
2673,A,C#,1,A,"(1, 4, 9)",I,A,E,A,334.125,168.0
2674,A,C#,2,A,"(1, 4, 9)",I,A,E,A,334.25,168.0
2675,A,C#,2,A,"(1, 4, 9)",I,A,E,A,334.375,168.0
2676,A,C#,3,A,"(1, 4, 9)",I,A,E,A,334.5,168.0
2677,A,C#,3,A,"(1, 4, 9)",I,A,E,A,334.625,168.0
2678,A,C#,3,A,"(1, 4, 9)",I,A,E,A,334.75,168.0
2679,A,C#,3,A,"(1, 4, 9)",I,A,E,A,334.875,168.0
2680,A,C#,4,A,"(1, 4, 9)",I,A,E,A,335.0,168.0
2681,A,C#,4,A,"(1, 4, 9)",I,A,E,A,335.125,168.0
2682,A,C#,4,A,"(1, 4, 9)",I,A,E,A,335.25,168.0
2683,A,C#,4,A,"(1, 4, 9)",I,A,E,A,335.375,168.0
2684,A,C#,4,A,"(1, 4, 9)",I,A,E,A,335.5,168.0
2685,A,C#,4,A,"(1, 4, 9)",I,A,E,A,335.625,168.0
2686,A,C#,4,A,"(1, 4, 9)",I,A,E,A,335.75,168.0
2687,A,C#,4,A,"(1, 4, 9)",I,A,E,A,335.875,168.0
2688,E,A,0,A,"(1, 4, 9)",I,A,C#,A,336.0,169.0
2689,E,A,1,A,"(1, 4, 9)",I,A,C#,A,336.125,169.0
2690,E,A,2,A,"(1, 4, 9)",I,A,C#,A,336.25,169.0
2691,E,A,2,A,"(1, 4, 9)",I,A,C#,A,336.375,169.0
2692,E,A,3,A,"(1, 4, 9)",I,A,C#,A,336.5,169.0
2693,E,A,3,A,"(1, 4, 9)",I,A,C#,A,336.625,169.0
2694,E,A,3,A,"(1, 4, 9)",I,A,C#,A,336.75,169.0
2695,E,A,3,A,"(1, 4, 9)",I,A,C#,A,336.875,169.0
2696,E,A,4,A,"(1, 4, 9)",I,A,C#,A,337.0,169.0
2697,E,A,4,A,"(1, 4, 9)",I,A,C#,A,337.125,169.0
2698,E,A,4,A,"(1, 4, 9)",I,A,C#,A,337.25,169.0
2699,E,A,4,A,"(1, 4, 9)",I,A,C#,A,337.375,169.0
2700,E,A,4,A,"(1, 4, 9)",I,A,C#,A,337.5,169.0
2701,E,A,4,A,"(1, 4, 9)",I,A,C#,A,337.625,169.0
2702,E,A,4,A,"(1, 4, 9)",I,A,C#,A,337.75,169.0
2703,E,A,4,A,"(1, 4, 9)",I,A,C#,A,337.875,169.0
2704,B,E,0,A,"(2, 4, 8, 11)",V7,D,G#,A,338.0,170.0
2705,B,E,1,A,"(2, 4, 8, 11)",V7,D,G#,A,338.125,170.0
2706,B,E,2,A,"(2, 4, 8, 11)",V7,D,G#,A,338.25,170.0
2707,B,E,2,A,"(2, 4, 8, 11)",V7,D,G#,A,338.375,170.0
2708,B,E,3,A,"(2, 4, 8, 11)",V7,D,G#,A,338.5,170.0
2709,B,E,3,A,"(2, 4, 8, 11)",V7,D,G#,A,338.625,170.0
2710,B,E,3,A,"(2, 4, 8, 11)",V7,D,G#,A,338.75,170.0
2711,B,E,3,A,"(2, 4, 8, 11)",V7,D,G#,A,338.875,170.0
2712,E,A,0,A,"(1, 4, 9)",I,A,C#,A,339.0,170.0
2713,E,A,1,A,"(1, 4, 9)",I,A,C#,A,339.125,170.0
2714,E,A,2,A,"(1, 4, 9)",I,A,C#,A,339.25,170.0
2715,E,A,2,A,"(1, 4, 9)",I,A,C#,A,339.375,170.0
2716,E,A,3,A,"(1, 4, 9)",I,A,C#,A,339.5,170.0
2717,E,A,3,A,"(1, 4, 9)",I,A,C#,A,339.625,170.0
2718,E,A,3,A,"(1, 4, 9)",I,A,C#,A,339.75,170.0
2719,E,A,3,A,"(1, 4, 9)",I,A,C#,A,339.875,170.0
2720,E,A,0,A,"(1, 4, 9)",I,A,C#,A,340.0,171.0
2721,E,A,1,A,"(1, 4, 9)",I,A,C#,A,340.125,171.0
2722,E,A,2,A,"(1, 4, 9)",I,A,C#,A,340.25,171.0
2723,E,A,2,A,"(1, 4, 9)",I,A,C#,A,340.375,171.0
2724,E,A,3,A,"(1, 4, 9)",I,A,C#,A,340.5,171.0
2725,E,A,3,A,"(1, 4, 9)",I,A,C#,A,340.625,171.0
2726,E,A,3,A,"(1, 4, 9)",I,A,C#,A,340.75,171.0
2727,E,A,3,A,"(1, 4, 9)",I,A,C#,A,340.875,171.0
2728,E,A,0,A,"(1, 4, 9)",I,A,C#,A,341.0,171.0
2729,E,A,1,A,"(1, 4, 9)",I,A,C#,A,341.125,171.0
2730,E,A,2,A,"(1, 4, 9)",I,A,C#,A,341.25,171.0
2731,E,A,2,A,"(1, 4, 9)",I,A,C#,A,341.375,171.0
2732,E,A,3,A,"(1, 4, 9)",I,A,C#,A,341.5,171.0
2733,E,A,3,A,"(1, 4, 9)",I,A,C#,A,341.625,171.0
2734,E,A,3,A,"(1, 4, 9)",I,A,C#,A,341.75,171.0
2735,E,A,3,A,"(1, 4, 9)",I,A,C#,A,341.875,171.0
2736,B,E,0,A,"(2, 4, 8, 11)",V7,D,G#,A,342.0,172.0
2737,B,E,1,A,"(2, 4, 8, 11)",V7,D,G#,A,342.125,172.0
2738,B,E,2,A,"(2, 4, 8, 11)",V7,D,G#,A,342.25,172.0
2739,B,E,2,A,"(2, 4, 8, 11)",V7,D,G#,A,342.375,172.0
2740,B,E,3,A,"(2, 4, 8, 11)",V7,D,G#,A,342.5,172.0
2741,B,E,3,A,"(2, 4, 8, 11)",V7,D,G#,A,342.625,172.0
2742,B,E,3,A,"(2, 4, 8, 11)",V7,D,G#,A,342.75,172.0
2743,B,E,3,A,"(2, 4, 8, 11)",V7,D,G#,A,342.875,172.0
2744,E,A,0,A,"(1, 4, 9)",I,A,C#,A,343.0,172.0
2745,E,A,1,A,"(1, 4, 9)",I,A,C#,A,343.125,172.0
2746,E,A,2,A,"(1, 4, 9)",I,A,C#,A,343.25,172.0
2747,E,A,2,A,"(1, 4, 9)",I,A,C#,A,343.375,172.0
2748,E,A,3,A,"(1, 4, 9)",I,A,C#,A,343.5,172.0
2749,E,A,3,A,"(1, 4, 9)",I,A,C#,A,343.625,172.0
2750,E,A,3,A,"(1, 4, 9)",I,A,C#,A,343.75,172.0
2751,E,A,3,A,"(1, 4, 9)",I,A,C#,A,343.875,172.0
2752,E,A,0,A,"(4, 8, 11)",I,A,C#,A,344.0,173.0
2753,E,A,1,A,"(4, 8, 11)",I,A,C#,A,344.125,173.0
2754,E,A#,2,A,"(4, 8, 11)",I,A,C#,A,344.25,173.0
2755,E,A#,2,A,"(4, 8, 11)",I,A,C#,A,344.375,173.0
2756,E,A#,3,A,"(4, 8, 11)",I,F#,C#,A,344.5,173.0
2757,E,A#,3,A,"(4, 8, 11)",I,F#,C#,A,344.625,173.0
2758,E,A#,3,A,"(4, 8, 11)",I,F#,C#,A,344.75,173.0
2759,E,A#,3,A,"(4, 8, 11)",I,F#,C#,A,344.875,173.0
2760,E,A#,0,A,"(1, 4, 6, 10)",V7,F#,C#,b,345.0,173.0
2761,E,A#,1,A,"(1, 4, 6, 10)",V7,F#,C#,b,345.125,173.0
2762,E,A#,2,A,"(1, 4, 6, 10)",V7,F#,C#,b,345.25,173.0
2763,E,A#,2,A,"(1, 4, 6, 10)",V7,F#,C#,b,345.375,173.0
2764,E,A#,3,A,"(1, 4, 6, 10)",V7,F#,C#,b,345.5,173.0
2765,E,A#,3,A,"(1, 4, 6, 10)",V7,F#,C#,b,345.625,173.0
2766,E,A#,3,A,"(1, 4, 6, 10)",V7,F#,C#,b,345.75,173.0
2767,E,A#,3,A,"(1, 4, 6, 10)",V7,F#,C#,b,345.875,173.0
2768,B,E,0,A,"(4, 8, 11)",V,E,E,E,346.0,174.0
2769,B,E,1,A,"(4, 8, 11)",V,E,E,A,346.125,174.0
2770,B,E,2,A,"(4, 8, 11)",V,E,E,A,346.25,174.0
2771,B,E,2,A,"(4, 8, 11)",V,E,E,A,346.375,174.0
2772,B,E,3,A,"(4, 8, 11)",V,E,E,A,346.5,174.0
2773,B,E,3,A,"(4, 8, 11)",V,E,E,A,346.625,174.0
2774,B,E,3,A,"(4, 8, 11)",V,E,E,A,346.75,174.0
2775,B,E,3,A,"(4, 8, 11)",V,E,E,A,346.875,174.0
2776,G#,B,0,A,"(4, 8, 11)",V,E,E,A,347.0,174.0
2777,G#,B,4,A,"(4, 8, 11)",V,E,E,A,347.125,174.0
2778,G#,B,2,A,"(4, 8, 11)",V,E,E,A,347.25,174.0
2779,G#,B,2,A,"(4, 8, 11)",V,E,E,A,347.375,174.0
2780,G#,B,3,A,"(4, 8, 11)",V,E,E,A,347.5,174.0
2781,G#,B,3,A,"(4, 8, 11)",V,E,E,A,347.625,174.0
2782,G#,B,3,A,"(4, 8, 11)",V,E,E,A,347.75,174.0
2783,G#,B,3,A,"(4, 8, 11)",V,E,E,A,347.875,174.0
2784,F#,B,0,A,"(3, 6, 11)",V7,A,D#,E,348.0,175.0
2785,F#,B,1,A,"(3, 6, 9, 11)",V7,A,D#,E,348.125,175.0
2786,F#,B,2,A,"(3, 6, 11)",V7,A,D#,E,348.25,175.0
2787,F#,B,2,A,"(3, 6, 11)",V7,A,D#,E,348.375,175.0
2788,F#,B,3,A,"(3, 6, 9, 11)",V7,A,D#,E,348.5,175.0
2789,F#,B,3,A,"(3, 6, 9, 11)",V7,A,D#,E,348.625,175.0
2790,F#,B,3,A,"(3, 6, 9, 11)",V7,A,D#,E,348.75,175.0
2791,F#,B,3,A,"(3, 6, 9, 11)",V7,A,D#,E,348.875,175.0
2792,F#,B,0,A,"(3, 6, 9, 11)",V7,A,D#,E,349.0,175.0
2793,F#,B,1,A,"(3, 6, 9, 11)",V7,A,D#,E,349.125,175.0
2794,F#,B,2,A,"(3, 6, 9, 11)",V7,A,D#,E,349.25,175.0
2795,F#,B,2,A,"(3, 6, 9, 11)",V7,A,D#,E,349.375,175.0
2796,F#,B,3,A,"(3, 6, 9, 11)",V7,A,D#,E,349.5,175.0
2797,F#,B,3,A,"(3, 6, 9, 11)",V7,A,D#,E,349.625,175.0
2798,F#,B,3,A,"(3, 6, 9, 11)",V7,A,D#,E,349.75,175.0
2799,F#,B,3,A,"(3, 6, 9, 11)",V7,A,D#,E,349.875,175.0
2800,B,E,0,A,"(4, 8, 11)",V,E,G#,A,350.0,176.0
2801,B,E,1,A,"(4, 8, 11)",V,E,G#,A,350.125,176.0
2802,B,E,2,A,"(4, 8, 11)",V,E,G#,A,350.25,176.0
2803,B,E,2,A,"(4, 8, 11)",V,E,G#,A,350.375,176.0
2804,B,E,3,A,"(4, 8, 11)",V,E,G#,A,350.5,176.0
2805,B,E,3,A,"(4, 8, 11)",V,E,G#,A,350.625,176.0
2806,B,E,3,A,"(4, 8, 11)",V,E,G#,A,350.75,176.0
2807,B,E,3,A,"(4, 8, 11)",V,E,G#,A,350.875,176.0
2808,B,E,4,A,"(4, 8, 11)",V,E,G#,A,351.0,176.0
2809,B,E,4,A,"(4, 8, 11)",V,E,G#,A,351.125,176.0
2810,B,E,4,A,"(4, 8, 11)",V,E,G#,A,351.25,176.0
2811,B,E,4,A,"(4, 8, 11)",V,E,G#,A,351.375,176.0
2812,B,E,4,A,"(4, 8, 11)",V,E,G#,A,351.5,176.0
2813,B,E,4,A,"(4, 8, 11)",V,E,G#,A,351.625,176.0
2814,B,E,4,A,"(4, 8, 11)",V,E,G#,A,351.75,176.0
2815,B,E,4,A,"(4, 8, 11)",V,E,G#,A,351.875,176.0
2816,B,E,0,A,"(4, 8, 11)",V,E,G#,A,352.0,177.0
2817,B,E,1,A,"(4, 8, 11)",V,E,G#,A,352.125,177.0
2818,B,E,2,A,"(4, 8, 11)",V,E,G#,A,352.25,177.0
2819,B,E,2,A,"(4, 8, 11)",V,E,G#,A,352.375,177.0
2820,B,E,3,A,"(4, 8, 11)",V,E,G#,A,352.5,177.0
2821,B,E,3,A,"(4, 8, 11)",V,E,G#,A,352.625,177.0
2822,B,E,3,A,"(4, 8, 11)",V,E,G#,A,352.75,177.0
2823,B,E,3,A,"(4, 8, 11)",V,E,G#,A,352.875,177.0
2824,E,C#,0,A,"(1, 4, 9)",I,A,E,A,353.0,177.0
2825,E,C#,1,A,"(1, 4, 9)",I,A#,E,A,353.125,177.0
2826,E,C#,2,A,"(1, 4, 9)",I,A#,E,A,353.25,177.0
2827,E,C#,2,A,"(1, 4, 9)",I,A#,E,A,353.375,177.0
2828,E,C#,0,A,"(1, 4, 10)",V7,A#,C#,A,353.5,177.0
2829,E,A#,3,A,"(1, 4, 10)",V7,A#,C#,A,353.625,177.0
2830,E,A#,3,A,"(1, 4, 10)",V7,A#,C#,A,353.75,177.0
2831,E,A#,3,A,"(1, 4, 10)",V7,A#,C#,A,353.875,177.0
2832,B,B,0,A,"(2, 4, 8, 11)",V7,B,D,A,354.0,178.0
2833,B,B,1,A,"(2, 4, 8, 11)",V7,B,D,A,354.125,178.0
2834,B,B,2,A,"(2, 4, 8, 11)",V7,B,D,A,354.25,178.0
2835,B,B,2,A,"(2, 4, 8, 11)",V7,B,D,A,354.375,178.0
2836,B,B,3,A,"(2, 4, 8, 11)",V7,B,D,A,354.5,178.0
2837,B,B,3,A,"(2, 4, 8, 11)",V7,B,D,A,354.625,178.0
2838,B,B,3,A,"(2, 4, 8, 11)",V7,B,D,A,354.75,178.0
2839,B,B,3,A,"(2, 4, 8, 11)",V7,B,D,A,354.875,178.0
2840,B,E,4,A,"(2, 4, 8, 11)",V7,E,G#,A,355.0,178.0
2841,B,E,4,A,"(2, 4, 8, 11)",V,E,G#,A,355.125,178.0
2842,B,E,4,A,"(2, 4, 8, 11)",V,E,G#,A,355.25,178.0
2843,B,E,4,A,"(2, 4, 8, 11)",V,E,G#,A,355.375,178.0
2844,B,E,4,A,"(4, 8, 11)",V,E,G#,A,355.5,178.0
2845,B,E,4,A,"(4, 8, 11)",V,E,G#,A,355.625,178.0
2846,B,E,4,A,"(4, 8, 11)",V,E,G#,A,355.75,178.0
2847,B,E,4,A,"(4, 8, 11)",V,E,G#,A,355.875,178.0
2848,E,A,0,A,"(1, 4, 9)",I,A,C#,A,356.0,179.0
2849,E,A,1,A,"(1, 4, 9)",I,A,C#,A,356.125,179.0
2850,E,A,2,A,"(1, 4, 9)",I,A,C#,A,356.25,179.0
2851,E,A,2,A,"(1, 4, 9)",I,A,C#,A,356.375,179.0
2852,E,A,3,A,"(1, 4, 9)",I,A,C#,A,356.5,179.0
2853,E,A,3,A,"(1, 4, 9)",I,A,C#,A,356.625,179.0
2854,E,A,3,A,"(1, 4, 9)",I,A,C#,A,356.75,179.0
2855,E,A,3,A,"(1, 4, 9)",I,A,C#,A,356.875,179.0
2856,E,A,0,A,"(1, 4, 9)",I,A,C#,A,357.0,179.0
2857,E,A,1,A,"(1, 4, 9)",I,A,C#,A,357.125,179.0
2858,E,A,2,A,"(1, 4, 9)",I,A,C#,A,357.25,179.0
2859,E,A,2,A,"(1, 4, 9)",I,A,C#,A,357.375,179.0
2860,E,A#,3,A,"(1, 4, 9)",V7,A#,C#,A,357.5,179.0
2861,E,A#,3,A,"(1, 4, 9)",V7,A#,C#,A,357.625,179.0
2862,E,A#,3,A,"(1, 4, 9)",V7,A#,C#,A,357.75,179.0
2863,E,A#,3,A,"(1, 4, 9)",V7,A#,C#,A,357.875,179.0
2864,B,B,0,A,"(2, 4, 8, 11)",V7,B,D,A,358.0,180.0
2865,B,B,1,A,"(2, 4, 8, 11)",V7,B,D,A,358.125,180.0
2866,B,B,2,A,"(2, 4, 8, 11)",V7,B,D,A,358.25,180.0
2867,B,B,2,A,"(2, 4, 8, 11)",V7,B,D,A,358.375,180.0
2868,B,B,3,A,"(2, 4, 8, 11)",V7,B,D,A,358.5,180.0
2869,B,B,3,A,"(2, 4, 8, 11)",V7,B,D,A,358.625,180.0
2870,B,B,3,A,"(2, 4, 8, 11)",V7,B,D,A,358.75,180.0
2871,B,B,3,A,"(2, 4, 8, 11)",V7,B,D,A,358.875,180.0
2872,B,G#,4,A,"(2, 4, 8, 11)",V,E,G#,A,359.0,180.0
2873,B,E,4,A,"(2, 4, 8, 11)",V,E,G#,A,359.125,180.0
2874,B,E,4,A,"(2, 4, 8, 11)",V,E,G#,A,359.25,180.0
2875,B,E,4,A,"(2, 4, 8, 11)",V,E,G#,A,359.375,180.0
2876,B,E,4,A,"(4, 8, 11)",V,E,G#,A,359.5,180.0
2877,B,E,4,A,"(4, 8, 11)",V,E,G#,A,359.625,180.0
2878,B,E,4,A,"(4, 8, 11)",V,E,G#,A,359.75,180.0
2879,B,E,4,A,"(4, 8, 11)",V,E,G#,A,359.875,180.0
2880,E,E,0,A,"(4, 8, 11)",I,E,G#,A,360.0,181.0
2881,B,E,1,A,"(4, 8, 11)",I,E,G#,A,360.125,181.0
2882,B,E,2,A,"(4, 8, 11)",I,E,G#,A,360.25,181.0
2883,B,E,2,A,"(4, 8, 11)",I,E,G#,A,360.375,181.0
2884,E,E,3,A,"(4, 8, 11)",I,E,G#,A,360.5,181.0
2885,E,E,3,A,"(4, 8, 11)",I,E,G#,A,360.625,181.0
2886,E,E,3,A,"(4, 8, 11)",I,E,G#,A,360.75,181.0
2887,E,E,3,A,"(4, 8, 11)",I,E,G#,A,360.875,181.0
2888,E,A,0,A,"(1, 4, 9)",I,A,C#,A,361.0,181.0
2889,E,A,1,A,"(1, 4, 9)",I,A,C#,A,361.125,181.0
2890,E,A,2,A,"(1, 4, 9)",I,A,C#,A,361.25,181.0
2891,E,A,2,A,"(1, 4, 9)",I,A,C#,A,361.375,181.0
2892,E,A,3,A,"(1, 4, 9)",I,A,C#,A,361.5,181.0
2893,E,A,3,A,"(1, 4, 9)",I,A,C#,A,361.625,181.0
2894,E,A,3,A,"(1, 4, 9)",I,A,C#,A,361.75,181.0
2895,E,A,3,A,"(1, 4, 9)",I,A,C#,A,361.875,181.0
2896,E,A,0,A,"(1, 4, 9)",I,A,A,A,362.0,182.0
2897,E,A,1,A,"(1, 4, 9)",I,A,A,A,362.125,182.0
2898,E,A,2,A,"(1, 4, 9)",I,A,A,A,362.25,182.0
2899,E,A,2,A,"(1, 4, 9)",I,A,A,A,362.375,182.0
2900,C#,A,3,A,"(1, 4, 9)",I,A,A,A,362.5,182.0
2901,C#,A,3,A,"(1, 4, 9)",I,A,A,A,362.625,182.0
2902,C#,A,3,A,"(1, 4, 9)",I,A,A,A,362.75,182.0
2903,C#,A,3,A,"(1, 4, 9)",I,A,A,A,362.875,182.0
2904,C#,F#,0,A,"(1, 6, 9)",vi,F#,A,A,363.0,182.0
2905,C#,F#,1,A,"(1, 6, 9)",vi,F#,A,A,363.125,182.0
2906,C#,F#,2,A,"(1, 6, 9)",vi,F#,A,A,363.25,182.0
2907,C#,F#,2,A,"(1, 6, 9)",vi,F#,A,A,363.375,182.0
2908,C#,F#,3,A,"(1, 6, 9)",vi,F#,A,A,363.5,182.0
2909,C#,F#,3,A,"(1, 6, 9)",vi,F#,A,A,363.625,182.0
2910,C#,F#,3,A,"(1, 6, 9)",vi,F#,A,A,363.75,182.0
2911,C#,F#,3,A,"(1, 6, 9)",vi,F#,A,A,363.875,182.0
2912,B,E,0,A,"(4, 8, 11)",V,E,G#,A,364.0,183.0
2913,B,E,1,A,"(4, 8, 11)",V,E,G#,A,364.125,183.0
2914,B,E,2,A,"(4, 8, 11)",V,E,G#,A,364.25,183.0
2915,B,E,2,A,"(4, 8, 11)",V,E,G#,A,364.375,183.0
2916,B,E,3,A,"(4, 8, 11)",V,E,G#,A,364.5,183.0
2917,B,E,3,A,"(4, 8, 11)",V,E,G#,A,364.625,183.0
2918,B,E,3,A,"(4, 8, 11)",V,E,G#,A,364.75,183.0
2919,B,E,3,A,"(4, 8, 11)",V,E,G#,A,364.875,183.0
2920,B,E,0,A,"(4, 8, 11)",I,A,G#,A,365.0,183.0
2921,B,E,1,A,"(4, 8, 11)",I,E,G#,A,365.125,183.0
2922,B,E,2,A,"(4, 8, 11)",I,E,G#,A,365.25,183.0
2923,B,E,2,A,"(4, 8, 11)",I,E,G#,A,365.375,183.0
2924,B,E,0,A,"(4, 8, 11)",V,E,G#,A,365.5,183.0
2925,B,E,1,A,"(4, 8, 11)",V,E,G#,A,365.625,183.0
2926,B,E,2,A,"(4, 8, 11)",V,E,G#,A,365.75,183.0
2927,B,E,2,A,"(4, 8, 11)",V,E,G#,A,365.875,183.0
2928,E,A,0,A,"(1, 4, 9)",I,A,C#,A,366.0,184.0
2929,E,A,1,A,"(1, 4, 9)",I,A,C#,A,366.125,184.0
2930,E,A,2,A,"(1, 4, 9)",I,A,C#,A,366.25,184.0
2931,E,A,2,A,"(1, 4, 9)",I,A,C#,A,366.375,184.0
2932,E,A,3,A,"(1, 4, 9)",I,A,C#,A,366.5,184.0
2933,E,A,3,A,"(1, 4, 9)",I,A,C#,A,366.625,184.0
2934,E,A,3,A,"(1, 4, 9)",I,A,C#,A,366.75,184.0
2935,E,A,3,A,"(1, 4, 9)",I,A,C#,A,366.875,184.0
2936,E,A,4,A,"(1, 4, 9)",I,A,C#,A,367.0,184.0
2937,E,A,4,A,"(1, 4, 9)",I,A,C#,A,367.125,184.0
2938,E,A,4,A,"(1, 4, 9)",I,A,C#,A,367.25,184.0
2939,E,A,4,A,"(1, 4, 9)",I,A,C#,A,367.375,184.0
2940,E,A,4,A,"(1, 4, 9)",I,A,C#,A,367.5,184.0
2941,E,A,4,A,"(1, 4, 9)",I,A,C#,A,367.625,184.0
2942,E,A,4,A,"(1, 4, 9)",I,A,C#,A,367.75,184.0
2943,E,A,4,A,"(1, 4, 9)",I,A,C#,A,367.875,184.0
2944,B,E,0,A,"(4, 8, 11)",V,E,G#,A,368.0,185.0
2945,B,E,1,A,"(4, 8, 11)",V,E,G#,A,368.125,185.0
2946,B,E,2,A,"(4, 8, 11)",V,E,G#,A,368.25,185.0
2947,B,E,2,A,"(4, 8, 11)",V,E,G#,A,368.375,185.0
2948,B,E,3,A,"(4, 8, 11)",V,E,G#,A,368.5,185.0
2949,B,E,3,A,"(4, 8, 11)",V,E,G#,A,368.625,185.0
2950,B,E,3,A,"(4, 8, 11)",V,E,G#,A,368.75,185.0
2951,B,E,3,A,"(4, 8, 11)",V,E,G#,A,368.875,185.0
2952,E,C#,0,A,"(1, 4, 9)",I,A,E,A,369.0,185.0
2953,E,C#,1,A,"(1, 4, 9)",I,A#,E,A,369.125,185.0
2954,E,C#,2,A,"(1, 4, 9)",I,A#,E,A,369.25,185.0
2955,E,C#,2,A,"(1, 4, 9)",I,A#,E,A,369.375,185.0
2956,E,C#,3,A,"(1, 4, 10)",V7,A#,C#,A,369.5,185.0
2957,E,C#,3,A,"(1, 4, 10)",V7,A#,C#,A,369.625,185.0
2958,E,C#,3,A,"(1, 4, 10)",V7,A#,C#,A,369.75,185.0
2959,E,C#,3,A,"(1, 4, 10)",V7,A#,C#,A,369.875,185.0
2960,B,B,0,A,"(2, 4, 8, 11)",V7,B,D,A,370.0,186.0
2961,B,B,1,A,"(2, 4, 8, 11)",V7,B,D,A,370.125,186.0
2962,B,B,2,A,"(2, 4, 8, 11)",V7,B,D,A,370.25,186.0
2963,B,B,2,A,"(2, 4, 8, 11)",V7,B,D,A,370.375,186.0
2964,B,B,3,A,"(2, 4, 8, 11)",V7,B,D,A,370.5,186.0
2965,B,B,3,A,"(2, 4, 8, 11)",V7,B,D,A,370.625,186.0
2966,B,B,3,A,"(2, 4, 8, 11)",V7,B,D,A,370.75,186.0
2967,B,B,3,A,"(2, 4, 8, 11)",V7,B,D,A,370.875,186.0
2968,B,E,4,A,"(2, 4, 8, 11)",V7,E,G#,A,371.0,186.0
2969,B,E,4,A,"(2, 4, 8, 11)",V,E,G#,A,371.125,186.0
2970,B,E,4,A,"(2, 4, 8, 11)",V,E,G#,A,371.25,186.0
2971,B,E,4,A,"(2, 4, 8, 11)",V,E,G#,A,371.375,186.0
2972,B,E,4,A,"(4, 8, 11)",V,E,G#,A,371.5,186.0
2973,B,E,4,A,"(4, 8, 11)",V,E,G#,A,371.625,186.0
2974,B,E,4,A,"(4, 8, 11)",V,E,G#,A,371.75,186.0
2975,B,E,4,A,"(4, 8, 11)",V,E,G#,A,371.875,186.0
2976,E,A,0,A,"(1, 4, 9)",I,A,C#,A,372.0,187.0
2977,E,A,1,A,"(1, 4, 9)",I,A,C#,A,372.125,187.0
2978,E,A,2,A,"(1, 4, 9)",I,A,C#,A,372.25,187.0
2979,E,A,2,A,"(1, 4, 9)",I,A,C#,A,372.375,187.0
2980,E,A,3,A,"(1, 4, 9)",I,A,C#,A,372.5,187.0
2981,E,A,3,A,"(1, 4, 9)",I,A,C#,A,372.625,187.0
2982,E,A,3,A,"(1, 4, 9)",I,A,C#,A,372.75,187.0
2983,E,A,3,A,"(1, 4, 9)",I,A,C#,A,372.875,187.0
2984,E,A,0,A,"(1, 4, 9)",I,A,C#,A,373.0,187.0
2985,E,A,1,A,"(1, 4, 9)",I,A,C#,A,373.125,187.0
2986,E,A,2,A,"(1, 4, 9)",I,A,C#,A,373.25,187.0
2987,E,A,2,A,"(1, 4, 9)",I,A,C#,A,373.375,187.0
2988,E,A#,3,A,"(1, 4, 9)",V7,A#,C#,A,373.5,187.0
2989,E,A#,3,A,"(1, 4, 9)",V7,A#,C#,A,373.625,187.0
2990,E,A#,3,A,"(1, 4, 9)",V7,A#,C#,A,373.75,187.0
2991,E,A#,3,A,"(1, 4, 9)",V7,A#,C#,A,373.875,187.0
2992,B,B,0,A,"(2, 4, 8, 11)",V7,B,D,A,374.0,188.0
2993,B,B,1,A,"(2, 4, 8, 11)",V7,B,D,A,374.125,188.0
2994,B,B,2,A,"(2, 4, 8, 11)",V7,B,D,A,374.25,188.0
2995,B,B,2,A,"(2, 4, 8, 11)",V7,B,D,A,374.375,188.0
2996,B,B,3,A,"(2, 4, 8, 11)",V7,B,D,A,374.5,188.0
2997,B,B,3,A,"(2, 4, 8, 11)",V7,B,D,A,374.625,188.0
2998,B,B,3,A,"(2, 4, 8, 11)",V7,B,D,A,374.75,188.0
2999,B,B,3,A,"(2, 4, 8, 11)",V7,B,D,A,374.875,188.0
3000,B,G#,4,A,"(2, 4, 8, 11)",V,E,G#,A,375.0,188.0
3001,B,G#,4,A,"(2, 4, 8, 11)",V,E,G#,A,375.125,188.0
3002,B,G#,4,A,"(2, 4, 8, 11)",V,E,G#,A,375.25,188.0
3003,B,G#,4,A,"(2, 4, 8, 11)",V,E,G#,A,375.375,188.0
3004,B,E,4,A,"(4, 8, 11)",V,E,G#,A,375.5,188.0
3005,B,E,4,A,"(4, 8, 11)",V,E,G#,A,375.625,188.0
3006,B,E,4,A,"(4, 8, 11)",V,E,G#,A,375.75,188.0
3007,B,E,4,A,"(4, 8, 11)",V,E,G#,A,375.875,188.0
3008,E,E,0,A,"(4, 8, 11)",I,E,G#,A,376.0,189.0
3009,B,E,1,A,"(4, 8, 11)",I,E,G#,A,376.125,189.0
3010,B,E,2,A,"(4, 8, 11)",I,E,G#,A,376.25,189.0
3011,B,E,2,A,"(4, 8, 11)",I,E,G#,A,376.375,189.0
3012,E,E,3,A,"(4, 8, 11)",I,E,G#,A,376.5,189.0
3013,E,E,3,A,"(4, 8, 11)",I,E,G#,A,376.625,189.0
3014,E,E,3,A,"(4, 8, 11)",I,E,G#,A,376.75,189.0
3015,E,E,3,A,"(4, 8, 11)",I,E,G#,A,376.875,189.0
3016,E,A,0,A,"(1, 4, 9)",I,A,C#,A,377.0,189.0
3017,E,A,1,A,"(1, 4, 9)",I,A,C#,A,377.125,189.0
3018,E,A,2,A,"(1, 4, 9)",I,A,C#,A,377.25,189.0
3019,E,A,2,A,"(1, 4, 9)",I,A,C#,A,377.375,189.0
3020,E,A,3,A,"(1, 4, 9)",I,A,C#,A,377.5,189.0
3021,E,A,3,A,"(1, 4, 9)",I,A,C#,A,377.625,189.0
3022,E,A,3,A,"(1, 4, 9)",I,A,C#,A,377.75,189.0
3023,E,A,3,A,"(1, 4, 9)",I,A,C#,A,377.875,189.0
3024,E,A,0,A,"(1, 4, 9)",I,A,A,A,378.0,190.0
3025,E,A,1,A,"(1, 4, 9)",I,A,A,A,378.125,190.0
3026,E,A,2,A,"(1, 4, 9)",I,A,A,A,378.25,190.0
3027,E,A,2,A,"(1, 4, 9)",I,A,A,A,378.375,190.0
3028,C#,A,3,A,"(1, 4, 9)",I,A,A,A,378.5,190.0
3029,C#,A,3,A,"(1, 4, 9)",I,A,A,A,378.625,190.0
3030,C#,A,3,A,"(1, 4, 9)",I,A,A,A,378.75,190.0
3031,C#,A,3,A,"(1, 4, 9)",I,A,A,A,378.875,190.0
3032,C#,F#,0,A,"(1, 6, 9)",vi,F#,A,A,379.0,190.0
3033,C#,F#,1,A,"(1, 6, 9)",vi,F#,A,A,379.125,190.0
3034,C#,F#,2,A,"(1, 6, 9)",vi,F#,A,A,379.25,190.0
3035,C#,F#,2,A,"(1, 6, 9)",vi,F#,A,A,379.375,190.0
3036,C#,F#,3,A,"(1, 6, 9)",vi,F#,A,A,379.5,190.0
3037,C#,F#,3,A,"(1, 6, 9)",vi,F#,A,A,379.625,190.0
3038,C#,F#,3,A,"(1, 6, 9)",vi,F#,A,A,379.75,190.0
3039,C#,F#,3,A,"(1, 6, 9)",vi,F#,A,A,379.875,190.0
3040,B,E,0,A,"(4, 8, 11)",V,E,G#,A,380.0,191.0
3041,B,E,1,A,"(4, 8, 11)",V,E,G#,A,380.125,191.0
3042,B,E,2,A,"(4, 8, 11)",V,E,G#,A,380.25,191.0
3043,B,E,2,A,"(4, 8, 11)",V,E,G#,A,380.375,191.0
3044,B,E,3,A,"(4, 8, 11)",V,E,G#,A,380.5,191.0
3045,B,E,3,A,"(4, 8, 11)",V,E,G#,A,380.625,191.0
3046,B,E,3,A,"(4, 8, 11)",V,E,G#,A,380.75,191.0
3047,B,E,3,A,"(4, 8, 11)",V,E,G#,A,380.875,191.0
3048,B,E,0,A,"(4, 8, 11)",I,E,G#,A,381.0,191.0
3049,B,E,1,A,"(4, 8, 11)",I,E,G#,A,381.125,191.0
3050,B,E,2,A,"(4, 8, 11)",I,E,G#,A,381.25,191.0
3051,B,E,2,A,"(4, 8, 11)",I,E,G#,A,381.375,191.0
3052,B,E,0,A,"(4, 8, 11)",V,E,G#,A,381.5,191.0
3053,B,E,1,A,"(4, 8, 11)",V,E,G#,A,381.625,191.0
3054,B,E,2,A,"(4, 8, 11)",V,E,G#,A,381.75,191.0
3055,B,E,2,A,"(4, 8, 11)",V,E,G#,A,381.875,191.0
3056,E,A,0,A,"(1, 4, 9)",I,A,C#,A,382.0,192.0
3057,E,A,1,A,"(1, 4, 9)",I,A,C#,A,382.125,192.0
3058,E,A,2,A,"(1, 4, 9)",I,A,C#,A,382.25,192.0
3059,E,A,2,A,"(1, 4, 9)",I,A,C#,A,382.375,192.0
3060,E,A,3,A,"(1, 4, 9)",I,A,C#,A,382.5,192.0
3061,E,A,3,A,"(1, 4, 9)",I,A,C#,A,382.625,192.0
3062,E,A,3,A,"(1, 4, 9)",I,A,C#,A,382.75,192.0
3063,E,A,3,A,"(1, 4, 9)",I,A,C#,A,382.875,192.0
3064,E,A,0,A,"(1, 4, 9)",I,A,C#,A,383.0,192.0
3065,E,A,1,A,"(1, 4, 9)",I,A,C#,A,383.125,192.0
3066,E,A,2,A,"(1, 4, 9)",I,A,C#,A,383.25,192.0
3067,E,A,2,A,"(1, 4, 9)",I,A,C#,A,383.375,192.0
3068,E,A,3,A,"(1, 4, 9)",I,A,C#,A,383.5,192.0
3069,E,A,3,A,"(1, 4, 9)",I,A,C#,A,383.625,192.0
3070,E,A,3,A,"(1, 4, 9)",I,A,C#,A,383.75,192.0
3071,E,A,3,A,"(1, 4, 9)",I,A,C#,A,383.875,192.0
3072,E,A,0,A,"(1, 4, 9)",I,A,C#,A,384.0,193.0
3073,E,A,1,A,"(1, 4, 9)",I,A,C#,A,384.125,193.0
3074,E,A,2,A,"(1, 4, 9)",I,A,C#,A,384.25,193.0
3075,E,A,2,A,"(1, 4, 9)",I,A,C#,A,384.375,193.0
3076,E,A,3,A,"(1, 4, 9)",I,A,C#,A,384.5,193.0
3077,E,A,3,A,"(1, 4, 9)",I,A,C#,A,384.625,193.0
3078,E,A,3,A,"(1, 4, 9)",I,A,C#,A,384.75,193.0
3079,E,A,3,A,"(1, 4, 9)",I,A,C#,A,384.875,193.0
3080,E,A,0,A,"(1, 4, 9)",I,A,C#,A,385.0,193.0
3081,E,A,1,A,"(1, 4, 9)",I,A,C#,A,385.125,193.0
3082,E,A,2,A,"(1, 4, 9)",I,A,C#,A,385.25,193.0
3083,E,A,2,A,"(1, 4, 9)",I,A,C#,A,385.375,193.0
3084,E,A,3,A,"(1, 4, 9)",I,A,C#,A,385.5,193.0
3085,E,A,3,A,"(1, 4, 9)",I,A,C#,A,385.625,193.0
3086,E,A,3,A,"(1, 4, 9)",I,A,C#,A,385.75,193.0
3087,E,A,3,A,"(1, 4, 9)",I,A,C#,A,385.875,193.0
3088,B,E,0,A,"(2, 4, 8, 11)",V7,D,G#,A,386.0,194.0
3089,B,E,1,A,"(2, 4, 8, 11)",V7,D,G#,A,386.125,194.0
3090,B,E,2,A,"(2, 4, 8, 11)",V7,D,G#,A,386.25,194.0
3091,B,E,2,A,"(2, 4, 8, 11)",V7,D,G#,A,386.375,194.0
3092,B,E,3,A,"(2, 4, 8, 11)",V7,E,G#,A,386.5,194.0
3093,B,E,3,A,"(2, 4, 8, 11)",V7,E,G#,A,386.625,194.0
3094,B,E,3,A,"(2, 4, 8, 11)",V7,E,G#,A,386.75,194.0
3095,B,E,3,A,"(2, 4, 8, 11)",V7,E,G#,A,386.875,194.0
3096,E,A,0,A,"(1, 4, 9)",I,A,C#,A,387.0,194.0
3097,E,A,1,A,"(1, 4, 9)",I,A,C#,A,387.125,194.0
3098,E,A,2,A,"(1, 4, 9)",I,A,C#,A,387.25,194.0
3099,E,A,2,A,"(1, 4, 9)",I,A,C#,A,387.375,194.0
3100,E,A,3,A,"(1, 4, 9)",I,A,C#,A,387.5,194.0
3101,E,A,3,A,"(1, 4, 9)",I,A,C#,A,387.625,194.0
3102,E,A,3,A,"(1, 4, 9)",I,A,C#,A,387.75,194.0
3103,E,A,3,A,"(1, 4, 9)",I,A,C#,A,387.875,194.0
3104,E,A,0,A,"(1, 4, 9)",I,A,C#,A,388.0,195.0
3105,E,A,1,A,"(1, 4, 9)",I,A,C#,A,388.125,195.0
3106,E,A,2,A,"(1, 4, 9)",I,A,C#,A,388.25,195.0
3107,E,A,2,A,"(1, 4, 9)",I,A,C#,A,388.375,195.0
3108,E,A,3,A,"(1, 4, 9)",I,A,C#,A,388.5,195.0
3109,E,A,3,A,"(1, 4, 9)",I,A,C#,A,388.625,195.0
3110,E,A,3,A,"(1, 4, 9)",I,A,C#,A,388.75,195.0
3111,E,A,3,A,"(1, 4, 9)",I,A,C#,A,388.875,195.0
3112,E,A,4,A,"(1, 4, 9)",I,A,C#,A,389.0,195.0
3113,E,A,4,A,"(1, 4, 9)",I,A,C#,A,389.125,195.0
3114,E,A,4,A,"(1, 4, 9)",I,A,C#,A,389.25,195.0
3115,E,A,4,A,"(1, 4, 9)",I,A,C#,A,389.375,195.0
3116,E,A,4,A,"(1, 4, 9)",I,A,C#,A,389.5,195.0
3117,E,A,4,A,"(1, 4, 9)",I,A,C#,A,389.625,195.0
3118,E,A,4,A,"(1, 4, 9)",I,A,C#,A,389.75,195.0
3119,E,A,4,A,"(1, 4, 9)",I,A,C#,A,389.875,195.0
3120,B,E,0,A,"(2, 4, 8, 11)",V7,D,G#,A,390.0,196.0
3121,B,E,1,A,"(2, 4, 8, 11)",V7,D,G#,A,390.125,196.0
3122,B,E,2,A,"(2, 4, 8, 11)",V7,D,G#,A,390.25,196.0
3123,B,E,2,A,"(2, 4, 8, 11)",V7,D,G#,A,390.375,196.0
3124,B,E,3,A,"(2, 4, 8, 11)",V7,E,G#,A,390.5,196.0
3125,B,E,3,A,"(2, 4, 8, 11)",V7,E,G#,A,390.625,196.0
3126,B,E,3,A,"(2, 4, 8, 11)",V7,E,G#,A,390.75,196.0
3127,B,E,3,A,"(2, 4, 8, 11)",V7,E,G#,A,390.875,196.0
3128,E,A,0,A,"(1, 4, 9)",I,A,C#,A,391.0,196.0
3129,E,A,1,A,"(1, 4, 9)",I,A,C#,A,391.125,196.0
3130,E,A,2,A,"(1, 4, 9)",I,A,C#,A,391.25,196.0
3131,E,A,2,A,"(1, 4, 9)",I,A,C#,A,391.375,196.0
3132,E,A,3,A,"(1, 4, 9)",I,A,C#,A,391.5,196.0
3133,E,A,3,A,"(1, 4, 9)",I,A,C#,A,391.625,196.0
3134,E,A,3,A,"(1, 4, 9)",I,A,C#,A,391.75,196.0
3135,E,A,3,A,"(1, 4, 9)",I,A,C#,A,391.875,196.0
3136,E,A,0,A,"(1, 4, 9)",I,A,C#,A,392.0,197.0
3137,E,A,1,A,"(1, 4, 9)",I,A,C#,A,392.125,197.0
3138,E,A,2,A,"(1, 4, 9)",I,A,C#,A,392.25,197.0
3139,E,A,2,A,"(1, 4, 9)",I,A,C#,A,392.375,197.0
3140,E,A,3,A,"(1, 4, 9)",I,A,C#,A,392.5,197.0
3141,E,A,3,A,"(1, 4, 9)",I,A,C#,A,392.625,197.0
3142,E,A,3,A,"(1, 4, 9)",I,A,C#,A,392.75,197.0
3143,E,A,3,A,"(1, 4, 9)",I,A,C#,A,392.875,197.0
3144,A,C#,0,A,"(1, 4, 9)",I,A,E,A,393.0,197.0
3145,A,C#,1,A,"(1, 4, 9)",I,A,E,A,393.125,197.0
3146,A,C#,2,A,"(1, 4, 9)",I,A,E,A,393.25,197.0
3147,A,C#,2,A,"(1, 4, 9)",I,A,E,A,393.375,197.0
3148,A,C#,3,A,"(1, 4, 9)",I,A,E,A,393.5,197.0
3149,A,C#,3,A,"(1, 4, 9)",I,A,E,A,393.625,197.0
3150,A,C#,3,A,"(1, 4, 9)",I,A,E,A,393.75,197.0
3151,A,C#,3,A,"(1, 4, 9)",I,A,E,A,393.875,197.0
3152,E,A,0,A,"(1, 4, 9)",I,A,E,A,394.0,198.0
3153,E,A,1,A,"(1, 4, 9)",I,A,E,A,394.125,198.0
3154,E,A,2,A,"(1, 4, 9)",I,A,E,A,394.25,198.0
3155,E,A,2,A,"(1, 4, 9)",I,A,E,A,394.375,198.0
3156,E,A,3,A,"(1, 4, 9)",I,A,E,A,394.5,198.0
3157,E,A,3,A,"(1, 4, 9)",I,A,E,A,394.625,198.0
3158,E,A,3,A,"(1, 4, 9)",I,A,E,A,394.75,198.0
3159,E,A,3,A,"(1, 4, 9)",I,A,E,A,394.875,198.0
3160,E,A,4,A,"(1, 4, 9)",I,A,E,A,395.0,198.0
3161,E,A,4,A,"(1, 4, 9)",I,A,E,A,395.125,198.0
3162,E,A,4,A,"(1, 4, 9)",I,A,E,A,395.25,198.0
3163,E,A,4,A,"(1, 4, 9)",I,A,E,A,395.375,198.0
3164,E,A,4,A,"(1, 4, 9)",I,A,E,A,395.5,198.0
3165,E,A,4,A,"(1, 4, 9)",I,A,E,A,395.625,198.0
3166,E,A,4,A,"(1, 4, 9)",I,A,E,A,395.75,198.0
3167,E,A,4,A,"(1, 4, 9)",I,A,E,A,395.875,198.0
3168,B,E,0,A,"(4, 8, 11)",V,E,G#,A,396.0,199.0
3169,B,E,1,A,"(4, 8, 11)",V,E,G#,A,396.125,199.0
3170,B,E,2,A,"(4, 8, 11)",V,E,G#,A,396.25,199.0
3171,B,E,2,A,"(4, 8, 11)",V,E,G#,A,396.375,199.0
3172,B,E,3,A,"(4, 8, 11)",V,E,G#,A,396.5,199.0
3173,B,E,3,A,"(4, 8, 11)",V,E,G#,A,396.625,199.0
3174,B,E,3,A,"(4, 8, 11)",V,E,G#,A,396.75,199.0
3175,B,E,3,A,"(4, 8, 11)",V,E,G#,A,396.875,199.0
3176,B,B,4,A,"(4, 8, 11)",V,E,G#,E,397.0,199.0
3177,B,B,4,A,"(4, 8, 11)",V,E,G#,E,397.125,199.0
3178,B,B,4,A,"(4, 8, 11)",V,E,G#,E,397.25,199.0
3179,B,B,4,A,"(4, 8, 11)",V,E,G#,E,397.375,199.0
3180,F#,B,0,A,"(3, 6, 9, 11)",V7,A,D#,E,397.5,199.0
3181,F#,B,1,A,"(3, 6, 9, 11)",V7,A,D#,E,397.625,199.0
3182,F#,B,2,A,"(3, 6, 9, 11)",V7,A,D#,E,397.75,199.0
3183,F#,B,2,A,"(3, 6, 9, 11)",V7,A,D#,E,397.875,199.0
3184,B,E,0,A,"(4, 8, 11)",V,E,G#,A,398.0,200.0
3185,B,E,1,A,"(4, 8, 11)",V,E,G#,A,398.125,200.0
3186,B,E,2,A,"(4, 8, 11)",V,E,G#,A,398.25,200.0
3187,B,E,2,A,"(4, 8, 11)",V,E,G#,A,398.375,200.0
3188,B,E,3,A,"(4, 8, 11)",V,E,G#,A,398.5,200.0
3189,B,E,3,A,"(4, 8, 11)",V,E,G#,A,398.625,200.0
3190,B,E,3,A,"(4, 8, 11)",V,E,G#,A,398.75,200.0
3191,B,E,3,A,"(4, 8, 11)",V,E,G#,A,398.875,200.0
3192,B,E,4,A,"(4, 8, 11)",V,E,G#,A,399.0,200.0
3193,B,E,4,A,"(4, 8, 11)",V,E,G#,E,399.125,200.0
3194,B,E,4,A,"(4, 8, 11)",V,E,G#,E,399.25,200.0
3195,B,E,4,A,"(4, 8, 11)",V,E,G#,E,399.375,200.0
3196,B,E,4,A,"(4, 8, 11)",V,E,G#,E,399.5,200.0
3197,B,E,4,A,"(4, 8, 11)",V,E,G#,E,399.625,200.0
3198,B,E,4,A,"(4, 8, 11)",V,E,G#,E,399.75,200.0
3199,B,E,4,A,"(4, 8, 11)",I,E,G#,A,399.875,200.0
3200,E,A,0,A,"(1, 4, 9)",I,A,C#,A,400.0,201.0
3201,E,A,1,A,"(1, 4, 9)",I,A,C#,A,400.125,201.0
3202,E,A,2,A,"(1, 4, 9)",I,A,C#,A,400.25,201.0
3203,E,A,2,A,"(1, 4, 9)",I,A,C#,A,400.375,201.0
3204,E,A,3,A,"(1, 4, 9)",I,A,C#,A,400.5,201.0
3205,E,A,3,A,"(1, 4, 9)",I,A,C#,A,400.625,201.0
3206,E,A,3,A,"(1, 4, 9)",I,A,C#,A,400.75,201.0
3207,E,A,3,A,"(1, 4, 9)",I,A,C#,A,400.875,201.0
3208,E,A,0,A,"(1, 4, 9)",I,A,C#,A,401.0,201.0
3209,E,A,1,A,"(1, 4, 9)",I,A,C#,A,401.125,201.0
3210,E,A,2,A,"(1, 4, 9)",I,A,C#,A,401.25,201.0
3211,E,A,2,A,"(1, 4, 9)",I,A,C#,A,401.375,201.0
3212,E,A,3,A,"(1, 4, 9)",I,A,C#,A,401.5,201.0
3213,E,A,3,A,"(1, 4, 9)",I,A,C#,A,401.625,201.0
3214,E,A,3,A,"(1, 4, 9)",I,A,C#,A,401.75,201.0
3215,E,A,3,A,"(1, 4, 9)",I,A,C#,A,401.875,201.0
3216,B,B,0,A,"(2, 6, 11)",ii,B,D,A,402.0,202.0
3217,B,B,1,A,"(2, 6, 11)",ii,D,D,A,402.125,202.0
3218,B,B,2,A,"(2, 6, 11)",ii,D,D,A,402.25,202.0
3219,B,B,2,A,"(2, 6, 11)",ii,D,D,A,402.375,202.0
3220,B,E,3,A,"(2, 6, 11)",ii,D,D,A,402.5,202.0
3221,B,E,3,A,"(2, 6, 11)",ii,D,D,A,402.625,202.0
3222,B,E,3,A,"(2, 6, 11)",ii,D,D,A,402.75,202.0
3223,B,E,3,A,"(2, 6, 11)",ii,D,D,A,402.875,202.0
3224,B,E,0,A,"(4, 8, 11)",V,E,G#,A,403.0,202.0
3225,B,E,1,A,"(4, 8, 11)",V,E,G#,A,403.125,202.0
3226,B,E,2,A,"(4, 8, 11)",V,E,G#,A,403.25,202.0
3227,B,E,2,A,"(4, 8, 11)",V,E,G#,A,403.375,202.0
3228,B,E,3,A,"(4, 8, 11)",V,E,G#,A,403.5,202.0
3229,B,E,3,A,"(4, 8, 11)",V,E,G#,A,403.625,202.0
3230,B,E,3,A,"(4, 8, 11)",V,E,G#,A,403.75,202.0
3231,B,E,3,A,"(4, 8, 11)",V,E,G#,A,403.875,202.0
3232,E,E,0,A,"(1, 4, 9)",I,A,C#,A,404.0,203.0
3233,E,E,1,A,"(1, 4, 9)",I,A,C#,A,404.125,203.0
3234,E,E,2,A,"(1, 4, 9)",I,A,C#,A,404.25,203.0
3235,E,E,2,A,"(1, 4, 9)",I,A,C#,A,404.375,203.0
3236,E,E,3,A,"(1, 4, 9)",I,A,C#,A,404.5,203.0
3237,E,E,3,A,"(1, 4, 9)",I,A,C#,A,404.625,203.0
3238,E,E,3,A,"(1, 4, 9)",I,A,C#,A,404.75,203.0
3239,E,E,3,A,"(1, 4, 9)",I,A,C#,A,404.875,203.0
3240,E,E,0,A,"(1, 4, 9)",I,A,C#,A,405.0,203.0
3241,E,E,4,A,"(1, 4, 9)",I,A,C#,A,405.125,203.0
3242,E,E,4,A,"(1, 4, 9)",I,A,C#,A,405.25,203.0
3243,E,E,4,A,"(1, 4, 9)",I,A,C#,A,405.375,203.0
3244,E,E,4,A,"(1, 4, 9)",I,A,C#,A,405.5,203.0
3245,E,E,4,A,"(1, 4, 9)",I,A,C#,A,405.625,203.0
3246,E,E,4,A,"(1, 4, 9)",I,A,C#,A,405.75,203.0
3247,E,E,4,A,"(1, 4, 9)",I,A,C#,A,405.875,203.0
3248,B,B,0,A,"(2, 6, 11)",ii,D,D,A,406.0,204.0
3249,B,B,1,A,"(2, 6, 11)",ii,D,D,A,406.125,204.0
3250,B,B,2,A,"(2, 6, 11)",ii,D,D,A,406.25,204.0
3251,B,B,2,A,"(2, 6, 11)",ii,D,D,A,406.375,204.0
3252,B,B,3,A,"(2, 6, 11)",ii,D,D,A,406.5,204.0
3253,B,B,3,A,"(2, 6, 11)",ii,D,D,A,406.625,204.0
3254,B,B,3,A,"(2, 6, 11)",ii,D,D,A,406.75,204.0
3255,B,B,3,A,"(2, 6, 11)",ii,D,D,A,406.875,204.0
3256,B,E,0,A,"(4, 8, 11)",V,E,G#,A,407.0,204.0
3257,B,E,1,A,"(4, 8, 11)",V,E,G#,A,407.125,204.0
3258,B,E,2,A,"(4, 8, 11)",V,E,G#,A,407.25,204.0
3259,B,E,2,A,"(4, 8, 11)",V,E,G#,A,407.375,204.0
3260,B,E,3,A,"(4, 8, 11)",V,D,G#,A,407.5,204.0
3261,B,E,3,A,"(4, 8, 11)",V,D,G#,A,407.625,204.0
3262,B,E,3,A,"(4, 8, 11)",V,D,G#,A,407.75,204.0
3263,B,E,3,A,"(4, 8, 11)",V,D,G#,A,407.875,204.0
3264,E,A,0,A,"(1, 4, 9)",I,A,C#,A,408.0,205.0
3265,E,A,1,A,"(1, 4, 9)",I,A,C#,A,408.125,205.0
3266,E,A,2,A,"(1, 4, 9)",I,A,C#,A,408.25,205.0
3267,E,A,2,A,"(1, 4, 9)",I,A,C#,A,408.375,205.0
3268,E,A,3,A,"(1, 4, 9)",I,A,C#,A,408.5,205.0
3269,E,A,3,A,"(1, 4, 9)",I,A,C#,A,408.625,205.0
3270,E,A,3,A,"(1, 4, 9)",I,A,C#,A,408.75,205.0
3271,E,A,3,A,"(1, 4, 9)",I,A,C#,A,408.875,205.0
3272,E,A,4,A,"(1, 4, 9)",I,A,C#,A,409.0,205.0
3273,E,A,4,A,"(1, 4, 9)",I,A,C#,A,409.125,205.0
3274,E,A,4,A,"(1, 4, 9)",I,A,C#,A,409.25,205.0
3275,E,A,4,A,"(1, 4, 9)",I,A,C#,A,409.375,205.0
3276,E,A,4,A,"(1, 4, 9)",I,A,C#,A,409.5,205.0
3277,E,A,4,A,"(1, 4, 9)",I,A,C#,A,409.625,205.0
3278,E,A,4,A,"(1, 4, 9)",I,A,C#,A,409.75,205.0
3279,E,A,4,A,"(1, 4, 9)",I,A,C#,A,409.875,205.0
3280,A,D,0,A,"(2, 6, 9)",I,D,F#,A,410.0,206.0
3281,A,D,1,A,"(2, 6, 9)",I,D,F#,A,410.125,206.0
3282,A,D,2,A,"(2, 6, 9)",I,D,F#,A,410.25,206.0
3283,A,D,2,A,"(2, 6, 9)",I,D,F#,A,410.375,206.0
3284,A,D,3,A,"(2, 6, 9)",I,D,F#,A,410.5,206.0
3285,A,D,3,A,"(2, 6, 9)",I,D,F#,A,410.625,206.0
3286,A,D,3,A,"(2, 6, 9)",I,D,F#,A,410.75,206.0
3287,A,D,3,A,"(2, 6, 9)",I,D,F#,A,410.875,206.0
3288,B,F#,0,A,"(3, 6, 9)",viio,D#,A,A,411.0,206.0
3289,B,F#,1,A,"(3, 6, 9)",viio,D#,A,A,411.125,206.0
3290,B,F#,2,A,"(3, 6, 9)",viio,D#,A,A,411.25,206.0
3291,B,F#,2,A,"(3, 6, 9)",viio,D#,A,A,411.375,206.0
3292,B,F#,3,A,"(3, 6, 9)",viio,D#,A,A,411.5,206.0
3293,B,F#,3,A,"(3, 6, 9)",viio,D#,A,A,411.625,206.0
3294,B,F#,3,A,"(3, 6, 9)",viio,D#,A,A,411.75,206.0
3295,B,F#,3,A,"(3, 6, 9)",viio,D#,A,A,411.875,206.0
3296,B,E,0,A,"(1, 4, 9)",I,D,A,A,412.0,207.0
3297,B,E,1,A,"(1, 4, 9)",I,D,A,A,412.125,207.0
3298,B,E,2,A,"(1, 4, 9)",I,D,A,A,412.25,207.0
3299,B,E,2,A,"(1, 4, 9)",I,D,A,A,412.375,207.0
3300,B,E,3,A,"(1, 4, 9)",I,D,A,A,412.5,207.0
3301,B,E,3,A,"(1, 4, 9)",I,D,A,A,412.625,207.0
3302,B,E,3,A,"(1, 4, 9)",I,D,A,A,412.75,207.0
3303,B,E,3,A,"(1, 4, 9)",I,D,A,A,412.875,207.0
3304,B,E,0,A,"(2, 4, 8, 11)",I,D,G#,A,413.0,207.0
3305,B,E,1,A,"(2, 4, 8, 11)",I,D,G#,A,413.125,207.0
3306,B,E,2,A,"(2, 4, 8, 11)",I,D,G#,A,413.25,207.0
3307,B,E,2,A,"(2, 4, 8, 11)",I,D,G#,A,413.375,207.0
3308,B,E,0,A,"(2, 4, 8, 11)",V7,D,G#,A,413.5,207.0
3309,B,E,3,A,"(2, 4, 8, 11)",V7,D,G#,A,413.625,207.0
3310,B,E,3,A,"(2, 4, 8, 11)",V7,D,G#,A,413.75,207.0
3311,B,E,2,A,"(2, 4, 8, 11)",V7,D,G#,A,413.875,207.0
3312,E,A,0,A,"(1, 4, 9)",I,A,C#,A,414.0,208.0
3313,E,A,1,A,"(1, 4, 9)",I,A,C#,A,414.125,208.0
3314,E,A,2,A,"(1, 4, 9)",I,A,C#,A,414.25,208.0
3315,E,A,2,A,"(1, 4, 9)",I,A,C#,A,414.375,208.0
3316,E,A,3,A,"(1, 4, 9)",I,A,C#,A,414.5,208.0
3317,E,A,3,A,"(1, 4, 9)",I,A,C#,A,414.625,208.0
3318,E,A,3,A,"(1, 4, 9)",I,A,C#,A,414.75,208.0
3319,E,A,3,A,"(1, 4, 9)",I,A,C#,A,414.875,208.0
3320,E,A,4,A,"(1, 4, 9)",I,A,C#,A,415.0,208.0
3321,E,A,4,A,"(1, 4, 9)",I,A,C#,A,415.125,208.0
3322,E,A,4,A,"(1, 4, 9)",I,A,C#,A,415.25,208.0
3323,E,A,4,A,"(1, 4, 9)",I,A,C#,A,415.375,208.0
3324,E,A,4,A,"(1, 4, 9)",I,A,C#,A,415.5,208.0
3325,E,A,4,A,"(1, 4, 9)",I,A,C#,A,415.625,208.0
3326,E,A,4,A,"(1, 4, 9)",I,A,C#,A,415.75,208.0
3327,E,A,4,A,"(1, 4, 9)",I,A,C#,A,415.875,208.0
3328,E,A,0,A,"(1, 4, 9)",I,A,C#,A,416.0,209.0
3329,E,A,1,A,"(1, 4, 9)",I,A,C#,A,416.125,209.0
3330,E,A,2,A,"(1, 4, 9)",I,A,C#,A,416.25,209.0
3331,E,A,2,A,"(1, 4, 9)",I,A,C#,A,416.375,209.0
3332,E,A,3,A,"(1, 4, 9)",I,A,C#,A,416.5,209.0
3333,E,A,3,A,"(1, 4, 9)",I,A,C#,A,416.625,209.0
3334,E,A,3,A,"(1, 4, 9)",I,A,C#,A,416.75,209.0
3335,E,A,3,A,"(1, 4, 9)",I,A,C#,A,416.875,209.0
3336,E,A,0,A,"(1, 4, 9)",I,A,C#,A,417.0,209.0
3337,E,A,4,A,"(1, 4, 9)",I,A,C#,A,417.125,209.0
3338,E,A,4,A,"(1, 4, 9)",I,A,C#,A,417.25,209.0
3339,E,A,4,A,"(1, 4, 9)",I,A,C#,A,417.375,209.0
3340,E,A,3,A,"(1, 4, 9)",I,A,C#,A,417.5,209.0
3341,E,A,3,A,"(1, 4, 9)",I,A,C#,A,417.625,209.0
3342,E,A,3,A,"(1, 4, 9)",I,A,C#,A,417.75,209.0
3343,E,A,3,A,"(1, 4, 9)",I,A,C#,A,417.875,209.0
3344,A,D,0,A,"(2, 6, 11)",ii,B,F#,A,418.0,210.0
3345,A,D,1,A,"(2, 6, 11)",ii,B,F#,A,418.125,210.0
3346,A,D,2,A,"(2, 6, 11)",ii,B,F#,A,418.25,210.0
3347,A,D,2,A,"(2, 6, 11)",ii,B,F#,A,418.375,210.0
3348,A,D,3,A,"(2, 6, 11)",ii,B,F#,A,418.5,210.0
3349,A,D,3,A,"(2, 6, 11)",ii,B,F#,A,418.625,210.0
3350,A,D,3,A,"(2, 6, 11)",ii,B,F#,A,418.75,210.0
3351,A,D,3,A,"(2, 6, 11)",ii,B,F#,A,418.875,210.0
3352,B,B,0,A,"(2, 6, 11)",V,B,E,A,419.0,210.0
3353,B,B,1,A,"(4, 8, 11)",V,B,E,A,419.125,210.0
3354,B,B,2,A,"(4, 8, 11)",V,B,E,A,419.25,210.0
3355,B,B,2,A,"(4, 8, 11)",V,B,E,A,419.375,210.0
3356,B,B,3,A,"(4, 8, 11)",V,B,F#,A,419.5,210.0
3357,B,B,3,A,"(4, 8, 11)",V,B,F#,A,419.625,210.0
3358,B,B,3,A,"(4, 8, 11)",V,B,F#,A,419.75,210.0
3359,B,B,3,A,"(4, 8, 11)",V,B,F#,A,419.875,210.0
3360,E,A,0,A,"(1, 4, 9)",I,A,E,A,420.0,211.0
3361,E,A,1,A,"(1, 4, 9)",I,A,E,A,420.125,211.0
3362,E,A,2,A,"(1, 4, 9)",I,A,E,A,420.25,211.0
3363,E,A,2,A,"(1, 4, 9)",I,A,E,A,420.375,211.0
3364,E,A,3,A,"(1, 4, 9)",I,A,E,A,420.5,211.0
3365,E,A,3,A,"(1, 4, 9)",I,A,E,A,420.625,211.0
3366,E,A,3,A,"(1, 4, 9)",I,A,E,A,420.75,211.0
3367,E,A,3,A,"(1, 4, 9)",I,A,E,A,420.875,211.0
3368,E,A,0,A,"(1, 4, 9)",I,A,E,A,421.0,211.0
3369,E,A,4,A,"(1, 4, 9)",I,A,E,A,421.125,211.0
3370,E,A,4,A,"(1, 4, 9)",I,A,E,A,421.25,211.0
3371,E,A,4,A,"(1, 4, 9)",I,A,E,A,421.375,211.0
3372,E,A,4,A,"(1, 4, 9)",I,A,E,A,421.5,211.0
3373,E,A,4,A,"(1, 4, 9)",I,A,E,A,421.625,211.0
3374,E,A,4,A,"(1, 4, 9)",I,A,E,A,421.75,211.0
3375,E,A,4,A,"(1, 4, 9)",I,A,E,A,421.875,211.0
3376,B,B,0,A,"(2, 4, 8, 11)",ii,D,D,A,422.0,212.0
3377,B,B,1,A,"(2, 4, 8, 11)",ii,D,D,A,422.125,212.0
3378,B,B,2,A,"(2, 4, 8, 11)",ii,D,D,A,422.25,212.0
3379,B,B,2,A,"(2, 4, 8, 11)",ii,D,D,A,422.375,212.0
3380,B,B,3,A,"(2, 4, 8, 11)",ii,D,D,A,422.5,212.0
3381,B,B,3,A,"(2, 4, 8, 11)",V7,D,D,A,422.625,212.0
3382,B,B,3,A,"(2, 4, 8, 11)",ii,D,D,A,422.75,212.0
3383,B,B,3,A,"(2, 4, 8, 11)",V7,D,D,A,422.875,212.0
3384,B,E,0,A,"(2, 4, 8, 11)",V7,E,G#,A,423.0,212.0
3385,B,E,1,A,"(2, 4, 8, 11)",V7,D,G#,A,423.125,212.0
3386,B,E,2,A,"(2, 4, 8, 11)",V7,D,G#,A,423.25,212.0
3387,B,E,2,A,"(2, 4, 8, 11)",V7,D,G#,A,423.375,212.0
3388,B,E,3,A,"(2, 4, 8, 11)",V7,D,G#,A,423.5,212.0
3389,B,E,3,A,"(2, 4, 8, 11)",V7,D,G#,A,423.625,212.0
3390,B,E,3,A,"(2, 4, 8, 11)",V7,D,G#,A,423.75,212.0
3391,B,E,3,A,"(2, 4, 8, 11)",V7,D,G#,A,423.875,212.0
3392,B,E,0,A,"(2, 4, 8, 11)",V7,D,G#,A,424.0,213.0
3393,B,E,1,A,"(2, 4, 8, 11)",V7,D,G#,A,424.125,213.0
3394,B,E,2,A,"(2, 4, 8, 11)",V7,D,G#,A,424.25,213.0
3395,B,E,2,A,"(2, 4, 8, 11)",V7,D,G#,A,424.375,213.0
3396,B,E,3,A,"(2, 4, 8, 11)",V7,A,G#,A,424.5,213.0
3397,B,E,3,A,"(1, 4, 9)",V7,A,G#,A,424.625,213.0
3398,B,E,3,A,"(1, 4, 9)",V7,A,G#,A,424.75,213.0
3399,B,E,3,A,"(1, 4, 9)",V7,A,G#,A,424.875,213.0
3400,E,E,0,A,"(1, 4, 9)",I,A,C#,A,425.0,213.0
3401,E,E,4,A,"(1, 4, 9)",I,A,C#,A,425.125,213.0
3402,E,E,4,A,"(1, 4, 9)",I,A,C#,A,425.25,213.0
3403,E,E,4,A,"(1, 4, 9)",I,A,C#,A,425.375,213.0
3404,C#,E,4,A,"(1, 4, 9)",I,A,C#,A,425.5,213.0
3405,C#,E,4,A,"(1, 4, 9)",I,A,C#,A,425.625,213.0
3406,C#,E,4,A,"(1, 4, 9)",I,A,C#,A,425.75,213.0
3407,C#,E,4,A,"(1, 4, 9)",I,A,C#,A,425.875,213.0
3408,B,F#,0,A,"(2, 6, 9, 11)",V7,E,A,A,426.0,214.0
3409,B,F#,1,A,"(2, 6, 9, 11)",V7,D,A,A,426.125,214.0
3410,B,F#,2,A,"(2, 6, 9, 11)",V7,D,A,A,426.25,214.0
3411,B,F#,2,A,"(2, 6, 9, 11)",V7,D,A,A,426.375,214.0
3412,B,F#,3,A,"(2, 6, 9, 11)",V7,D,A,A,426.5,214.0
3413,B,F#,3,A,"(2, 6, 9, 11)",V7,D,A,A,426.625,214.0
3414,B,F#,3,A,"(2, 6, 9, 11)",V7,D,A,A,426.75,214.0
3415,B,F#,3,A,"(2, 6, 9, 11)",V7,D,A,A,426.875,214.0
3416,A,C#,0,A,"(1, 4, 9)",I,A,E,A,427.0,214.0
3417,A,C#,1,A,"(1, 4, 9)",I,A,E,A,427.125,214.0
3418,A,C#,2,A,"(1, 4, 9)",I,A,E,A,427.25,214.0
3419,A,C#,2,A,"(1, 4, 9)",I,A,E,A,427.375,214.0
3420,A,C#,3,A,"(1, 4, 9)",I,A,E,A,427.5,214.0
3421,A,C#,3,A,"(1, 4, 9)",I,A,E,A,427.625,214.0
3422,A,C#,3,A,"(1, 4, 9)",I,A,E,A,427.75,214.0
3423,A,C#,3,A,"(1, 4, 9)",I,A,E,A,427.875,214.0
3424,E,E,0,A,"(1, 4, 9)",I,A,E,A,428.0,215.0
3425,E,E,1,A,"(1, 4, 9)",I,A,E,A,428.125,215.0
3426,E,E,2,A,"(1, 4, 9)",I,A,E,A,428.25,215.0
3427,E,E,2,A,"(1, 4, 9)",I,A,E,A,428.375,215.0
3428,E,E,3,A,"(1, 4, 9)",I,A,E,A,428.5,215.0
3429,E,E,3,A,"(1, 4, 9)",I,A,E,A,428.625,215.0
3430,E,E,3,A,"(1, 4, 9)",I,A,E,A,428.75,215.0
3431,E,E,3,A,"(1, 4, 9)",I,A,E,A,428.875,215.0
3432,E,E,4,A,"(1, 4, 9)",I,A,E,A,429.0,215.0
3433,E,E,4,A,"(1, 4, 9)",I,A,E,A,429.125,215.0
3434,E,E,4,A,"(1, 4, 9)",I,A,E,A,429.25,215.0
3435,E,E,4,A,"(1, 4, 9)",I,A,E,A,429.375,215.0
3436,B,E,0,A,"(2, 4, 8, 11)",V7,D,G#,A,429.5,215.0
3437,B,E,1,A,"(2, 4, 8, 11)",V7,D,G#,A,429.625,215.0
3438,B,E,2,A,"(2, 4, 8, 11)",V7,D,G#,A,429.75,215.0
3439,B,E,2,A,"(2, 4, 8, 11)",V7,D,G#,A,429.875,215.0
3440,E,A,0,A,"(1, 4, 9)",I,A,C#,A,430.0,216.0
3441,E,A,1,A,"(1, 4, 9)",I,A,C#,A,430.125,216.0
3442,E,A,2,A,"(1, 4, 9)",I,A,C#,A,430.25,216.0
3443,E,A,2,A,"(1, 4, 9)",I,A,C#,A,430.375,216.0
3444,E,A,3,A,"(1, 4, 9)",I,A,C#,A,430.5,216.0
3445,E,A,3,A,"(1, 4, 9)",I,A,C#,A,430.625,216.0
3446,E,A,3,A,"(1, 4, 9)",I,A,C#,A,430.75,216.0
3447,E,A,3,A,"(1, 4, 9)",I,A,C#,A,430.875,216.0
3448,E,A,4,A,"(1, 4, 9)",I,A,C#,A,431.0,216.0
3449,E,A,4,A,"(1, 4, 9)",I,A,C#,A,431.125,216.0
3450,E,A,4,A,"(1, 4, 9)",I,A,C#,A,431.25,216.0
3451,E,A,4,A,"(1, 4, 9)",I,A,C#,A,431.375,216.0
3452,E,A,4,A,"(1, 4, 9)",I,A,C#,A,431.5,216.0
3453,E,A,4,A,"(1, 4, 9)",I,A,C#,A,431.625,216.0
3454,E,A,4,A,"(1, 4, 9)",I,A,C#,A,431.75,216.0
3455,E,A,4,A,"(1, 4, 9)",I,A,C#,A,431.875,216.0
3456,E,A,5,A,"(1, 4, 9)",I,A,C#,A,432.0,216.0
3457,E,A,5,A,"(1, 4, 9)",I,A,C#,A,432.125,216.0
3458,E,A,5,A,"(1, 4, 9)",I,A,C#,A,432.25,216.0
3459,E,A,5,A,"(1, 4, 9)",I,A,C#,A,432.375,216.0
3460,E,A,5,A,"(1, 4, 9)",I,A,C#,A,432.5,216.0
3461,E,A,5,A,"(1, 4, 9)",I,A,C#,A,432.625,216.0
3462,E,A,5,A,"(1, 4, 9)",I,A,C#,A,432.75,216.0
3463,E,A,5,A,"(1, 4, 9)",I,A,C#,A,432.875,216.0
3464,E,A,0,A,"(1, 4, 9)",I,A,C#,A,433.0,217.0
3465,E,A,1,A,"(1, 4, 9)",I,A,C#,A,433.125,217.0
3466,E,A,2,A,"(1, 4, 9)",I,A,C#,A,433.25,217.0
3467,E,A,2,A,"(1, 4, 9)",I,A,C#,A,433.375,217.0
3468,E,A,3,A,"(1, 4, 9)",I,A,C#,A,433.5,217.0
3469,E,A,3,A,"(1, 4, 9)",I,A,C#,A,433.625,217.0
3470,E,A,3,A,"(1, 4, 9)",I,A,C#,A,433.75,217.0
3471,E,A,3,A,"(1, 4, 9)",I,A,C#,A,433.875,217.0
3472,E,A,4,A,"(1, 4, 9)",I,A,C#,A,434.0,217.0
3473,E,A,4,A,"(1, 4, 9)",I,A,C#,A,434.125,217.0
3474,E,A,4,A,"(1, 4, 9)",I,A,C#,A,434.25,217.0
3475,E,A,4,A,"(1, 4, 9)",I,A,C#,A,434.375,217.0
3476,E,A,4,A,"(1, 4, 9)",I,A,C#,A,434.5,217.0
3477,E,A,4,A,"(1, 4, 9)",I,A,C#,A,434.625,217.0
3478,E,A,4,A,"(1, 4, 9)",I,A,C#,A,434.75,217.0
3479,E,A,4,A,"(1, 4, 9)",I,A,C#,A,434.875,217.0
3480,E,A,5,A,"(1, 4, 9)",I,A,C#,A,435.0,217.0
3481,E,A,5,A,"(1, 4, 9)",I,A,C#,A,435.125,217.0
3482,E,A,5,A,"(1, 4, 9)",I,A,C#,A,435.25,217.0
3483,E,A,5,A,"(1, 4, 9)",I,A,C#,A,435.375,217.0
3484,E,A,5,A,"(1, 4, 9)",I,A,C#,A,435.5,217.0
3485,E,A,5,A,"(1, 4, 9)",I,A,C#,A,435.625,217.0
3486,E,A,5,A,"(1, 4, 9)",I,A,C#,A,435.75,217.0
3487,E,A,5,A,"(1, 4, 9)",I,A,C#,A,435.875,217.0
3488,E,A,0,A,"(1, 4, 9)",I,A,C#,A,436.0,218.0
3489,E,A,1,A,"(1, 4, 9)",I,A,C#,A,436.125,218.0
3490,E,A,2,A,"(1, 4, 9)",I,A,C#,A,436.25,218.0
3491,E,A,2,A,"(1, 4, 9)",I,A,C#,A,436.375,218.0
3492,E,A,3,A,"(1, 4, 9)",I,A,C#,A,436.5,218.0
3493,E,A,3,A,"(1, 4, 9)",I,A,C#,A,436.625,218.0
3494,E,A,3,A,"(1, 4, 9)",I,A,C#,A,436.75,218.0
3495,E,A,3,A,"(1, 4, 9)",I,A,C#,A,436.875,218.0
3496,E,A,0,A,"(1, 4, 9)",I,A,C#,A,437.0,218.0
3497,E,A,1,A,"(1, 4, 9)",I,A,C#,A,437.125,218.0
3498,E,A,2,A,"(1, 4, 9)",I,A,C#,A,437.25,218.0
3499,E,A,2,A,"(1, 4, 9)",I,A,C#,A,437.375,218.0
3500,E,A,3,A,"(1, 4, 9)",I,A,C#,A,437.5,218.0
3501,E,A,3,A,"(1, 4, 9)",I,A,C#,A,437.625,218.0
3502,E,A,3,A,"(1, 4, 9)",I,A,C#,A,437.75,218.0
3503,E,A,3,A,"(1, 4, 9)",I,A,C#,A,437.875,218.0
3504,E,A,0,A,"(1, 4, 9)",I,A,C#,A,438.0,218.0
3505,E,A,4,A,"(1, 4, 9)",I,A,C#,A,438.125,218.0
3506,E,A,4,A,"(1, 4, 9)",I,A,C#,A,438.25,218.0
3507,E,A,4,A,"(1, 4, 9)",I,A,C#,A,438.375,218.0
3508,E,A,3,A,"(1, 4, 9)",I,A,C#,A,438.5,218.0
3509,E,A,3,A,"(1, 4, 9)",I,A,C#,A,438.625,218.0
3510,E,A,3,A,"(1, 4, 9)",I,A,C#,A,438.75,218.0
3511,E,A,3,A,"(1, 4, 9)",I,A,C#,A,438.875,218.0
3512,A,C#,0,A,"(1, 4, 9)",I,A,E,A,439.0,219.0
3513,A,C#,1,A,"(1, 4, 9)",I,A,E,A,439.125,219.0
3514,A,C#,2,A,"(1, 4, 9)",I,A,E,A,439.25,219.0
3515,A,C#,2,A,"(1, 4, 9)",I,A,E,A,439.375,219.0
3516,A,C#,3,A,"(1, 4, 9)",I,A,E,A,439.5,219.0
3517,A,C#,3,A,"(1, 4, 9)",I,A,E,A,439.625,219.0
3518,A,C#,3,A,"(1, 4, 9)",I,A,E,A,439.75,219.0
3519,A,C#,3,A,"(1, 4, 9)",I,A,E,A,439.875,219.0
3520,A,C#,4,A,"(1, 4, 9)",I,A,E,A,440.0,219.0
3521,A,C#,4,A,"(1, 4, 9)",I,A,E,A,440.125,219.0
3522,A,C#,4,A,"(1, 4, 9)",I,A,E,A,440.25,219.0
3523,A,C#,4,A,"(1, 4, 9)",I,A,E,A,440.375,219.0
3524,A,C#,4,A,"(1, 4, 9)",I,A,E,A,440.5,219.0
3525,A,C#,4,A,"(1, 4, 9)",I,A,E,A,440.625,219.0
3526,A,C#,4,A,"(1, 4, 9)",I,A,E,A,440.75,219.0
3527,A,C#,4,A,"(1, 4, 9)",I,A,E,A,440.875,219.0
3528,A,C#,5,A,"(1, 4, 9)",I,A,E,A,441.0,219.0
3529,A,C#,5,A,"(1, 4, 9)",I,A,E,A,441.125,219.0
3530,A,C#,5,A,"(1, 4, 9)",I,A,E,A,441.25,219.0
3531,A,C#,5,A,"(1, 4, 9)",I,A,E,A,441.375,219.0
3532,A,C#,5,A,"(1, 4, 9)",I,A,E,A,441.5,219.0
3533,A,C#,5,A,"(1, 4, 9)",I,A,E,A,441.625,219.0
3534,A,C#,5,A,"(1, 4, 9)",I,A,E,A,441.75,219.0
3535,A,C#,5,A,"(1, 4, 9)",I,A,E,A,441.875,219.0
3536,D,G#,0,A,"(2, 4, 8, 11)",V7,E,B,A,442.0,220.0
3537,D,G#,1,A,"(2, 4, 8, 11)",V7,E,B,A,442.125,220.0
3538,D,G#,2,A,"(2, 4, 8, 11)",V7,E,B,A,442.25,220.0
3539,D,G#,2,A,"(2, 4, 8, 11)",V7,E,B,A,442.375,220.0
3540,D,G#,3,A,"(2, 4, 8, 11)",V7,E,B,A,442.5,220.0
3541,D,G#,3,A,"(2, 4, 8, 11)",V7,E,B,A,442.625,220.0
3542,D,G#,3,A,"(2, 4, 8, 11)",V7,E,B,A,442.75,220.0
3543,D,G#,3,A,"(2, 4, 8, 11)",V7,E,B,A,442.875,220.0
3544,E,A,0,A,"(1, 4, 9)",I,A,C#,A,443.0,220.0
3545,E,A,1,A,"(1, 4, 9)",I,A,C#,A,443.125,220.0
3546,E,A,2,A,"(1, 4, 9)",I,A,C#,A,443.25,220.0
3547,E,A,2,A,"(1, 4, 9)",I,A,C#,A,443.375,220.0
3548,E,A,3,A,"(1, 4, 9)",I,A,C#,A,443.5,220.0
3549,E,A,3,A,"(1, 4, 9)",I,A,C#,A,443.625,220.0
3550,E,A,3,A,"(1, 4, 9)",I,A,C#,A,443.75,220.0
3551,E,A,3,A,"(1, 4, 9)",I,A,C#,A,443.875,220.0
3552,E,A,4,A,"(1, 4, 9)",I,A,C#,A,444.0,220.0
3553,E,A,4,A,"(1, 4, 9)",I,A,C#,A,444.125,220.0
3554,E,A,4,A,"(1, 4, 9)",I,A,C#,A,444.25,220.0
3555,E,A,4,A,"(1, 4, 9)",I,A,C#,A,444.375,220.0
3556,E,A,4,A,"(1, 4, 9)",I,A,C#,A,444.5,220.0
3557,E,A,4,A,"(1, 4, 9)",I,A,C#,A,444.625,220.0
3558,E,A,4,A,"(1, 4, 9)",I,A,C#,A,444.75,220.0
3559,E,A,4,A,"(1, 4, 9)",I,A,C#,A,444.875,220.0
3560,G#,D,0,A,"(2, 4, 8, 11)",V7,B,E,A,445.0,221.0
3561,G#,D,1,A,"(2, 4, 8, 11)",V7,B,E,A,445.125,221.0
3562,G#,D,2,A,"(2, 4, 8, 11)",V7,B,E,A,445.25,221.0
3563,G#,D,2,A,"(2, 4, 8, 11)",V7,B,E,A,445.375,221.0
3564,G#,D,3,A,"(2, 4, 8, 11)",V7,B,E,A,445.5,221.0
3565,G#,D,3,A,"(2, 4, 8, 11)",V7,B,E,A,445.625,221.0
3566,G#,D,3,A,"(2, 4, 8, 11)",V7,B,E,A,445.75,221.0
3567,G#,D,3,A,"(2, 4, 8, 11)",V7,B,E,A,445.875,221.0
3568,A,C#,0,A,"(1, 4, 9)",I,A,E,A,446.0,221.0
3569,A,C#,1,A,"(1, 4, 9)",I,A,E,A,446.125,221.0
3570,A,C#,2,A,"(1, 4, 9)",I,A,E,A,446.25,221.0
3571,A,C#,2,A,"(1, 4, 9)",I,A,E,A,446.375,221.0
3572,A,C#,3,A,"(1, 4, 9)",I,A,E,A,446.5,221.0
3573,A,C#,3,A,"(1, 4, 9)",I,A,E,A,446.625,221.0
3574,A,C#,3,A,"(1, 4, 9)",I,A,E,A,446.75,221.0
3575,A,C#,3,A,"(1, 4, 9)",I,A,E,A,446.875,221.0
3576,A,C#,4,A,"(1, 4, 9)",I,A,E,A,447.0,221.0
3577,A,C#,4,A,"(1, 4, 9)",I,A,E,A,447.125,221.0
3578,A,C#,4,A,"(1, 4, 9)",I,A,E,A,447.25,221.0
3579,A,C#,4,A,"(1, 4, 9)",I,A,E,A,447.375,221.0
3580,A,C#,4,A,"(1, 4, 9)",I,A,E,A,447.5,221.0
3581,A,C#,4,A,"(1, 4, 9)",I,A,E,A,447.625,221.0
3582,A,C#,4,A,"(1, 4, 9)",I,A,E,A,447.75,221.0
3583,A,C#,4,A,"(1, 4, 9)",I,A,E,A,447.875,221.0
3584,G#,D,0,A,"(2, 4, 8, 11)",V7,B,E,A,448.0,222.0
3585,G#,D,1,A,"(2, 4, 8, 11)",V7,B,E,A,448.125,222.0
3586,G#,D,2,A,"(2, 4, 8, 11)",V7,B,E,A,448.25,222.0
3587,G#,D,2,A,"(2, 4, 8, 11)",V7,B,E,A,448.375,222.0
3588,G#,D,3,A,"(2, 4, 8, 11)",V7,B,E,A,448.5,222.0
3589,G#,D,3,A,"(2, 4, 8, 11)",V7,B,E,A,448.625,222.0
3590,G#,D,3,A,"(2, 4, 8, 11)",V7,B,E,A,448.75,222.0
3591,G#,D,3,A,"(2, 4, 8, 11)",V7,B,E,A,448.875,222.0
3592,A,C#,0,A,"(1, 4, 9)",I,A,E,A,449.0,222.0
3593,A,C#,1,A,"(1, 4, 9)",I,A,E,A,449.125,222.0
3594,A,C#,2,A,"(1, 4, 9)",I,A,E,A,449.25,222.0
3595,A,C#,2,A,"(1, 4, 9)",I,A,E,A,449.375,222.0
3596,A,C#,3,A,"(1, 4, 9)",I,A,E,A,449.5,222.0
3597,A,C#,3,A,"(1, 4, 9)",I,A,E,A,449.625,222.0
3598,A,C#,3,A,"(1, 4, 9)",I,A,E,A,449.75,222.0
3599,A,C#,3,A,"(1, 4, 9)",I,A,E,A,449.875,222.0
3600,A,C#,4,A,"(1, 4, 9)",I,A,E,A,450.0,222.0
3601,A,C#,4,A,"(1, 4, 9)",I,A,E,A,450.125,222.0
3602,A,C#,4,A,"(1, 4, 9)",I,A,E,A,450.25,222.0
3603,A,C#,4,A,"(1, 4, 9)",I,A,E,A,450.375,222.0
3604,A,C#,4,A,"(1, 4, 9)",I,A,E,A,450.5,222.0
3605,A,C#,4,A,"(1, 4, 9)",I,A,E,A,450.625,222.0
3606,A,C#,4,A,"(1, 4, 9)",I,A,E,A,450.75,222.0
3607,A,C#,4,A,"(1, 4, 9)",I,A,E,A,450.875,222.0
3608,G#,B,0,A,"(4, 8, 11)",V,E,E,A,451.0,223.0
3609,G#,B,1,A,"(4, 8, 11)",V,E,E,A,451.125,223.0
3610,G#,B,2,A,"(4, 8, 11)",V,E,E,A,451.25,223.0
3611,G#,B,2,A,"(4, 8, 11)",V,E,E,A,451.375,223.0
3612,G#,B,3,A,"(4, 8, 11)",V,E,E,A,451.5,223.0
3613,G#,B,3,A,"(4, 8, 11)",V,E,E,A,451.625,223.0
3614,G#,B,3,A,"(4, 8, 11)",V,E,E,A,451.75,223.0
3615,G#,B,3,A,"(4, 8, 11)",V,E,E,A,451.875,223.0
3616,E,A#,0,A,"(1, 4, 6, 10)",V7,F#,C#,A,452.0,223.0
3617,E,A#,1,A,"(1, 4, 6, 10)",V7,F#,C#,A,452.125,223.0
3618,E,A#,2,A,"(1, 4, 6, 10)",V7,F#,C#,A,452.25,223.0
3619,E,A#,2,A,"(1, 4, 6, 10)",V7,F#,C#,A,452.375,223.0
3620,E,A#,3,A,"(1, 4, 6, 10)",V7,F#,C#,A,452.5,223.0
3621,E,A#,3,A,"(1, 4, 6, 10)",V7,F#,C#,A,452.625,223.0
3622,E,A#,3,A,"(1, 4, 6, 10)",V7,F#,C#,A,452.75,223.0
3623,E,A#,3,A,"(1, 4, 6, 10)",V7,F#,C#,A,452.875,223.0
3624,F#,B,0,A,"(3, 6, 9, 11)",V7,A,D#,E,453.0,223.0
3625,F#,B,1,A,"(3, 6, 9, 11)",V7,A,D#,E,453.125,223.0
3626,F#,B,2,A,"(3, 6, 9, 11)",V7,A,D#,E,453.25,223.0
3627,F#,B,2,A,"(3, 6, 9, 11)",V7,A,D#,E,453.375,223.0
3628,F#,B,3,A,"(3, 6, 9, 11)",V7,A,D#,E,453.5,223.0
3629,F#,B,3,A,"(3, 6, 9, 11)",V7,A,D#,E,453.625,223.0
3630,F#,B,3,A,"(3, 6, 9, 11)",V7,A,D#,E,453.75,223.0
3631,F#,B,3,A,"(3, 6, 9, 11)",V7,A,D#,E,453.875,223.0
3632,B,E,0,A,"(4, 8, 11)",V,E,G#,A,454.0,224.0
3633,B,E,1,A,"(4, 8, 11)",V,E,G#,A,454.125,224.0
3634,B,E,2,A,"(4, 8, 11)",V,E,G#,A,454.25,224.0
3635,B,E,2,A,"(4, 8, 11)",V,E,G#,A,454.375,224.0
3636,B,E,3,A,"(4, 8, 11)",V,E,G#,A,454.5,224.0
3637,B,E,3,A,"(4, 8, 11)",V,E,G#,A,454.625,224.0
3638,B,E,3,A,"(4, 8, 11)",V,E,G#,A,454.75,224.0
3639,B,E,3,A,"(4, 8, 11)",V,E,G#,A,454.875,224.0
3640,B,E,4,A,"(4, 8, 11)",V,E,G#,A,455.0,224.0
3641,B,E,4,A,"(4, 8, 11)",V,E,G#,A,455.125,224.0
3642,B,E,4,A,"(4, 8, 11)",V,E,G#,A,455.25,224.0
3643,B,E,4,A,"(4, 8, 11)",V,E,G#,A,455.375,224.0
3644,B,E,4,A,"(4, 8, 11)",V,E,G#,A,455.5,224.0
3645,B,E,4,A,"(4, 8, 11)",V,E,G#,A,455.625,224.0
3646,B,E,4,A,"(4, 8, 11)",V,E,G#,A,455.75,224.0
3647,B,E,4,A,"(4, 8, 11)",V,E,G#,A,455.875,224.0
3648,B,E,5,A,"(4, 8, 11)",V,E,G#,A,456.0,224.0
3649,B,E,5,A,"(4, 8, 11)",V,E,G#,A,456.125,224.0
3650,B,E,5,A,"(4, 8, 11)",V,E,G#,A,456.25,224.0
3651,B,E,5,A,"(4, 8, 11)",V,E,G#,A,456.375,224.0
3652,B,E,5,A,"(4, 8, 11)",V,E,G#,A,456.5,224.0
3653,B,E,5,A,"(4, 8, 11)",V,E,G#,A,456.625,224.0
3654,B,E,5,A,"(4, 8, 11)",V,E,G#,A,456.75,224.0
3655,B,E,5,A,"(4, 8, 11)",V,E,G#,A,456.875,224.0
3656,E,A,0,A,"(1, 4, 9)",I,A,C#,A,457.0,225.0
3657,E,A,1,A,"(1, 4, 9)",I,A,C#,A,457.125,225.0
3658,E,A,2,A,"(1, 4, 9)",I,A,C#,A,457.25,225.0
3659,E,A,2,A,"(1, 4, 9)",I,A,C#,A,457.375,225.0
3660,E,A,3,A,"(1, 4, 9)",I,A,C#,A,457.5,225.0
3661,E,A,3,A,"(1, 4, 9)",I,A,C#,A,457.625,225.0
3662,E,A,3,A,"(1, 4, 9)",I,A,C#,A,457.75,225.0
3663,E,A,3,A,"(1, 4, 9)",I,A,C#,A,457.875,225.0
3664,E,A,4,A,"(1, 4, 9)",I,A,C#,A,458.0,225.0
3665,E,A,4,A,"(1, 4, 9)",I,A,C#,A,458.125,225.0
3666,E,A,4,A,"(1, 4, 9)",I,A,C#,A,458.25,225.0
3667,E,A,4,A,"(1, 4, 9)",I,A,C#,A,458.375,225.0
3668,E,A,4,A,"(1, 4, 9)",I,A,C#,A,458.5,225.0
3669,E,A,4,A,"(1, 4, 9)",I,A,C#,A,458.625,225.0
3670,E,A,4,A,"(1, 4, 9)",I,A,C#,A,458.75,225.0
3671,E,A,4,A,"(1, 4, 9)",I,A,C#,A,458.875,225.0
3672,E,A,5,A,"(1, 4, 9)",I,A,C#,A,459.0,225.0
3673,E,A,5,A,"(1, 4, 9)",I,A,C#,A,459.125,225.0
3674,E,A,5,A,"(1, 4, 9)",I,A,C#,A,459.25,225.0
3675,E,A,5,A,"(1, 4, 9)",I,A,C#,A,459.375,225.0
3676,E,A,5,A,"(1, 4, 9)",I,A,C#,A,459.5,225.0
3677,E,A,5,A,"(1, 4, 9)",I,A,C#,A,459.625,225.0
3678,E,A,5,A,"(1, 4, 9)",I,A,C#,A,459.75,225.0
3679,E,A,5,A,"(1, 4, 9)",I,A,C#,A,459.875,225.0
3680,B,E,0,A,"(2, 4, 8, 11)",V7,D,G#,A,460.0,226.0
3681,B,E,1,A,"(2, 4, 8, 11)",V7,D,G#,A,460.125,226.0
3682,B,E,2,A,"(2, 4, 8, 11)",V7,D,G#,A,460.25,226.0
3683,B,E,2,A,"(2, 4, 8, 11)",V7,D,G#,A,460.375,226.0
3684,B,E,3,A,"(2, 4, 8, 11)",V7,D,G#,A,460.5,226.0
3685,B,E,3,A,"(2, 4, 8, 11)",V7,D,G#,A,460.625,226.0
3686,B,E,3,A,"(2, 4, 8, 11)",V7,D,G#,A,460.75,226.0
3687,B,E,3,A,"(2, 4, 8, 11)",V7,D,G#,A,460.875,226.0
3688,E,A,0,A,"(1, 4, 9)",I,A,C#,A,461.0,226.0
3689,E,A,1,A,"(1, 4, 9)",I,A,C#,A,461.125,226.0
3690,E,A,2,A,"(1, 4, 9)",I,A,C#,A,461.25,226.0
3691,E,A,2,A,"(1, 4, 9)",I,A,C#,A,461.375,226.0
3692,E,A,3,A,"(1, 4, 9)",I,A,C#,A,461.5,226.0
3693,E,A,3,A,"(1, 4, 9)",I,A,C#,A,461.625,226.0
3694,E,A,3,A,"(1, 4, 9)",I,A,C#,A,461.75,226.0
3695,E,A,3,A,"(1, 4, 9)",I,A,C#,A,461.875,226.0
3696,E,A,4,A,"(1, 4, 9)",I,A,C#,A,462.0,226.0
3697,E,A,4,A,"(1, 4, 9)",I,A,C#,A,462.125,226.0
3698,E,A,4,A,"(1, 4, 9)",I,A,C#,A,462.25,226.0
3699,E,A,4,A,"(1, 4, 9)",I,A,C#,A,462.375,226.0
3700,E,A,4,A,"(1, 4, 9)",I,A,C#,A,462.5,226.0
3701,E,A,4,A,"(1, 4, 9)",I,A,C#,A,462.625,226.0
3702,E,A,4,A,"(1, 4, 9)",I,A,C#,A,462.75,226.0
3703,E,A,4,A,"(1, 4, 9)",I,A,C#,A,462.875,226.0
3704,E,A,0,A,"(1, 4, 9)",I,A,C#,A,463.0,227.0
3705,E,A,1,A,"(1, 4, 9)",I,A,C#,A,463.125,227.0
3706,E,A,2,A,"(1, 4, 9)",I,A,C#,A,463.25,227.0
3707,E,A,2,A,"(1, 4, 9)",I,A,C#,A,463.375,227.0
3708,E,A,3,A,"(1, 4, 9)",I,A,C#,A,463.5,227.0
3709,E,A,3,A,"(1, 4, 9)",I,A,C#,A,463.625,227.0
3710,E,A,3,A,"(1, 4, 9)",I,A,C#,A,463.75,227.0
3711,E,A,3,A,"(1, 4, 9)",I,A,C#,A,463.875,227.0
3712,E,A,4,A,"(1, 4, 9)",I,A,C#,A,464.0,227.0
3713,E,A,4,A,"(1, 4, 9)",I,A,C#,A,464.125,227.0
3714,E,A,4,A,"(1, 4, 9)",I,A,C#,A,464.25,227.0
3715,E,A,4,A,"(1, 4, 9)",I,A,C#,A,464.375,227.0
3716,E,A,4,A,"(1, 4, 9)",I,A,C#,A,464.5,227.0
3717,E,A,4,A,"(1, 4, 9)",I,A,C#,A,464.625,227.0
3718,E,A,4,A,"(1, 4, 9)",I,A,C#,A,464.75,227.0
3719,E,A,4,A,"(1, 4, 9)",I,A,C#,A,464.875,227.0
3720,E,A,5,A,"(1, 4, 9)",I,A,C#,A,465.0,227.0
3721,E,A,5,A,"(1, 4, 9)",I,A,C#,A,465.125,227.0
3722,E,A,5,A,"(1, 4, 9)",I,A,C#,A,465.25,227.0
3723,E,A,5,A,"(1, 4, 9)",I,A,C#,A,465.375,227.0
3724,E,A,5,A,"(1, 4, 9)",I,A,C#,A,465.5,227.0
3725,E,A,5,A,"(1, 4, 9)",I,A,C#,A,465.625,227.0
3726,E,A,5,A,"(1, 4, 9)",I,A,C#,A,465.75,227.0
3727,E,A,5,A,"(1, 4, 9)",I,A,C#,A,465.875,227.0
3728,D,G#,0,A,"(2, 4, 8, 11)",V7,E,B,A,466.0,228.0
3729,D,G#,1,A,"(2, 4, 8, 11)",V7,E,B,A,466.125,228.0
3730,D,G#,2,A,"(2, 4, 8, 11)",V7,E,B,A,466.25,228.0
3731,D,G#,2,A,"(2, 4, 8, 11)",V7,E,B,A,466.375,228.0
3732,D,G#,3,A,"(2, 4, 8, 11)",V7,E,B,A,466.5,228.0
3733,D,G#,3,A,"(2, 4, 8, 11)",V7,E,B,A,466.625,228.0
3734,D,G#,3,A,"(2, 4, 8, 11)",V7,E,B,A,466.75,228.0
3735,D,G#,3,A,"(2, 4, 8, 11)",V7,E,B,A,466.875,228.0
3736,E,A,4,A,"(1, 4, 9)",I,A,C#,A,467.0,228.0
3737,E,A,4,A,"(1, 4, 9)",I,A,C#,A,467.125,228.0
3738,E,A,4,A,"(1, 4, 9)",I,A,C#,A,467.25,228.0
3739,E,A,4,A,"(1, 4, 9)",I,A,C#,A,467.375,228.0
3740,E,A,4,A,"(1, 4, 9)",I,A,C#,A,467.5,228.0
3741,E,A,4,A,"(1, 4, 9)",I,A,C#,A,467.625,228.0
3742,E,A,4,A,"(1, 4, 9)",I,A,C#,A,467.75,228.0
3743,E,A,4,A,"(1, 4, 9)",I,A,C#,A,467.875,228.0
3744,E,A,5,A,"(1, 4, 9)",I,A,C#,A,468.0,228.0
3745,E,A,5,A,"(1, 4, 9)",I,A,C#,A,468.125,228.0
3746,E,A,5,A,"(1, 4, 9)",I,A,C#,A,468.25,228.0
3747,E,A,5,A,"(1, 4, 9)",I,A,C#,A,468.375,228.0
3748,E,A,5,A,"(1, 4, 9)",I,A,C#,A,468.5,228.0
3749,E,A,5,A,"(1, 4, 9)",I,A,C#,A,468.625,228.0
3750,E,A,5,A,"(1, 4, 9)",I,A,C#,A,468.75,228.0
3751,E,A,5,A,"(1, 4, 9)",I,A,C#,A,468.875,228.0
3752,G#,D,0,A,"(2, 4, 8, 11)",V7,B,E,A,469.0,229.0
3753,G#,D,1,A,"(2, 4, 8, 11)",V7,B,E,A,469.125,229.0
3754,G#,D,2,A,"(2, 4, 8, 11)",V7,B,E,A,469.25,229.0
3755,G#,D,2,A,"(2, 4, 8, 11)",V7,B,E,A,469.375,229.0
3756,G#,D,3,A,"(2, 4, 8, 11)",V7,B,E,A,469.5,229.0
3757,G#,D,3,A,"(2, 4, 8, 11)",V7,B,E,A,469.625,229.0
3758,G#,D,3,A,"(2, 4, 8, 11)",V7,B,E,A,469.75,229.0
3759,G#,D,3,A,"(2, 4, 8, 11)",V7,B,E,A,469.875,229.0
3760,A,C#,0,A,"(1, 4, 9)",I,A,E,A,470.0,229.0
3761,A,C#,1,A,"(1, 4, 9)",I,A,E,A,470.125,229.0
3762,A,C#,2,A,"(1, 4, 9)",I,A,E,A,470.25,229.0
3763,A,C#,2,A,"(1, 4, 9)",I,A,E,A,470.375,229.0
3764,A,C#,3,A,"(1, 4, 9)",I,A,E,A,470.5,229.0
3765,A,C#,3,A,"(1, 4, 9)",I,A,E,A,470.625,229.0
3766,A,C#,3,A,"(1, 4, 9)",I,A,E,A,470.75,229.0
3767,A,C#,3,A,"(1, 4, 9)",I,A,E,A,470.875,229.0
3768,A,C#,5,A,"(1, 4, 9)",I,A,E,A,471.0,229.0
3769,A,C#,5,A,"(1, 4, 9)",I,A,E,A,471.125,229.0
3770,A,C#,5,A,"(1, 4, 9)",I,A,E,A,471.25,229.0
3771,A,C#,5,A,"(1, 4, 9)",I,A,E,A,471.375,229.0
3772,A,C#,5,A,"(1, 4, 9)",I,A,E,A,471.5,229.0
3773,A,C#,5,A,"(1, 4, 9)",I,A,E,A,471.625,229.0
3774,A,C#,5,A,"(1, 4, 9)",I,A,E,A,471.75,229.0
3775,A,C#,5,A,"(1, 4, 9)",I,A,E,A,471.875,229.0
3776,G#,D,0,A,"(2, 4, 8, 11)",V7,B,E,A,472.0,230.0
3777,G#,D,1,A,"(2, 4, 8, 11)",V7,B,E,A,472.125,230.0
3778,G#,D,2,A,"(2, 4, 8, 11)",V7,B,E,A,472.25,230.0
3779,G#,D,2,A,"(2, 4, 8, 11)",V7,B,E,A,472.375,230.0
3780,G#,D,3,A,"(2, 4, 8, 11)",V7,B,E,A,472.5,230.0
3781,G#,D,3,A,"(2, 4, 8, 11)",V7,B,E,A,472.625,230.0
3782,G#,D,3,A,"(2, 4, 8, 11)",V7,B,E,A,472.75,230.0
3783,G#,D,3,A,"(2, 4, 8, 11)",V7,B,E,A,472.875,230.0
3784,A,C#,0,A,"(1, 4, 9)",I,A,E,A,473.0,230.0
3785,A,C#,1,A,"(1, 4, 9)",I,A,E,A,473.125,230.0
3786,A,C#,2,A,"(1, 4, 9)",I,A,E,A,473.25,230.0
3787,A,C#,2,A,"(1, 4, 9)",I,A,E,A,473.375,230.0
3788,A,C#,3,A,"(1, 4, 9)",I,A,E,A,473.5,230.0
3789,A,C#,3,A,"(1, 4, 9)",I,A,E,A,473.625,230.0
3790,A,C#,3,A,"(1, 4, 9)",I,A,E,A,473.75,230.0
3791,A,C#,3,A,"(1, 4, 9)",I,A,E,A,473.875,230.0
3792,A,C#,5,A,"(1, 4, 9)",I,A,E,A,474.0,230.0
3793,A,C#,5,A,"(1, 4, 9)",I,A,E,A,474.125,230.0
3794,A,C#,5,A,"(1, 4, 9)",I,A,E,A,474.25,230.0
3795,A,C#,5,A,"(1, 4, 9)",I,A,E,A,474.375,230.0
3796,A,C#,5,A,"(1, 4, 9)",I,A,E,A,474.5,230.0
3797,A,C#,5,A,"(1, 4, 9)",I,A,E,A,474.625,230.0
3798,A,C#,5,A,"(1, 4, 9)",I,A,E,A,474.75,230.0
3799,A,C#,5,A,"(1, 4, 9)",I,A,E,A,474.875,230.0
3800,E,G#,0,A,"(4, 8, 11)",V,E,B,A,475.0,231.0
3801,E,G#,1,A,"(4, 8, 11)",V,E,B,A,475.125,231.0
3802,E,G#,2,A,"(4, 8, 11)",V,E,B,A,475.25,231.0
3803,E,G#,2,A,"(4, 8, 11)",V,E,B,A,475.375,231.0
3804,E,A,0,A,"(1, 4, 9)",I,A,C#,A,475.5,231.0
3805,E,A,1,A,"(1, 4, 9)",I,A,C#,A,475.625,231.0
3806,E,A,2,A,"(1, 4, 9)",I,A,C#,A,475.75,231.0
3807,E,A,2,A,"(1, 4, 9)",I,A,C#,A,475.875,231.0
3808,E,B,0,A,"(4, 8, 11)",V,E,E,A,476.0,231.0
3809,E,B,1,A,"(4, 8, 11)",V,E,E,A,476.125,231.0
3810,E,B,2,A,"(4, 8, 11)",V,E,E,A,476.25,231.0
3811,E,B,2,A,"(4, 8, 11)",V,E,E,A,476.375,231.0
3812,E,B,3,A,"(4, 8, 11)",V,E,E,A,476.5,231.0
3813,E,B,3,A,"(4, 8, 11)",V,E,E,A,476.625,231.0
3814,E,B,3,A,"(4, 8, 11)",V,E,E,A,476.75,231.0
3815,E,B,3,A,"(4, 8, 11)",V,E,E,A,476.875,231.0
3816,D#,A,0,A,"(3, 6, 9, 11)",V7,F#,B,E,477.0,231.0
3817,D#,A,1,A,"(3, 6, 9, 11)",V7,F#,B,E,477.125,231.0
3818,D#,A,2,A,"(3, 6, 9, 11)",V7,F#,B,E,477.25,231.0
3819,D#,A,2,A,"(3, 6, 9, 11)",V7,F#,B,E,477.375,231.0
3820,F#,B,3,A,"(3, 6, 9, 11)",V7,B,D#,E,477.5,231.0
3821,F#,B,3,A,"(3, 6, 9, 11)",V7,B,D#,E,477.625,231.0
3822,F#,B,3,A,"(3, 6, 9, 11)",V7,B,D#,E,477.75,231.0
3823,F#,B,3,A,"(3, 6, 9, 11)",V7,B,D#,E,477.875,231.0
3824,B,E,0,A,"(4, 8, 11)",V,E,G#,A,478.0,232.0
3825,B,E,1,A,"(4, 8, 11)",V,E,G#,A,478.125,232.0
3826,B,E,2,A,"(4, 8, 11)",V,E,G#,A,478.25,232.0
3827,B,E,2,A,"(4, 8, 11)",V,E,G#,A,478.375,232.0
3828,B,E,3,A,"(4, 8, 11)",V,E,G#,A,478.5,232.0
3829,B,E,3,A,"(4, 8, 11)",V,E,G#,A,478.625,232.0
3830,B,E,3,A,"(4, 8, 11)",V,E,G#,A,478.75,232.0
3831,B,E,3,A,"(4, 8, 11)",V,E,G#,A,478.875,232.0
3832,B,E,4,A,"(4, 8, 11)",V,E,G#,A,479.0,232.0
3833,B,E,4,A,"(4, 8, 11)",V,E,G#,A,479.125,232.0
3834,B,E,4,A,"(4, 8, 11)",V,E,G#,A,479.25,232.0
3835,B,E,4,A,"(4, 8, 11)",V,E,G#,A,479.375,232.0
3836,B,E,4,A,"(4, 8, 11)",V,E,G#,A,479.5,232.0
3837,B,E,4,A,"(4, 8, 11)",V,E,G#,A,479.625,232.0
3838,B,E,4,A,"(4, 8, 11)",V,E,G#,A,479.75,232.0
3839,B,E,4,A,"(4, 8, 11)",I,E,G#,A,479.875,232.0
3840,E,A,5,A,"(4, 8, 11)",I,A,E,A,480.0,232.0
3841,E,A,1,A,"(1, 4, 9)",I,A,E,A,480.125,232.0
3842,E,A,2,A,"(1, 4, 9)",I,A,E,A,480.25,232.0
3843,E,A,5,A,"(1, 4, 9)",I,A,E,A,480.375,232.0
3844,E,A,5,A,"(1, 4, 9)",I,A,E,A,480.5,232.0
3845,E,A,5,A,"(1, 4, 9)",I,A,E,A,480.625,232.0
3846,E,A,5,A,"(1, 4, 9)",I,A,E,A,480.75,232.0
3847,E,A,5,A,"(1, 4, 9)",I,A,E,A,480.875,232.0
3848,A,C#,0,A,"(1, 4, 9)",I,A,E,A,481.0,233.0
3849,A,C#,1,A,"(1, 4, 9)",I,A,E,A,481.125,233.0
3850,A,C#,2,A,"(1, 4, 9)",I,A,E,A,481.25,233.0
3851,A,C#,2,A,"(1, 4, 9)",I,A,E,A,481.375,233.0
3852,A,C#,3,A,"(1, 4, 9)",I,A,E,A,481.5,233.0
3853,A,C#,3,A,"(1, 4, 9)",I,A,E,A,481.625,233.0
3854,A,C#,3,A,"(1, 4, 9)",I,A,E,A,481.75,233.0
3855,A,C#,3,A,"(1, 4, 9)",I,A,E,A,481.875,233.0
3856,A,C#,4,A,"(1, 4, 9)",I,A,E,A,482.0,233.0
3857,A,C#,4,A,"(1, 4, 9)",I,A,E,A,482.125,233.0
3858,A,C#,4,A,"(1, 4, 9)",I,A,E,A,482.25,233.0
3859,A,C#,4,A,"(1, 4, 9)",I,A,E,A,482.375,233.0
3860,A,C#,4,A,"(1, 4, 9)",I,A,E,A,482.5,233.0
3861,A,C#,4,A,"(1, 4, 9)",I,A,E,A,482.625,233.0
3862,A,C#,4,A,"(1, 4, 9)",I,A,E,A,482.75,233.0
3863,A,C#,4,A,"(1, 4, 9)",I,A,E,A,482.875,233.0
3864,A,C#,5,A,"(1, 4, 9)",I,A,E,A,483.0,233.0
3865,A,C#,5,A,"(1, 4, 9)",I,A,E,A,483.125,233.0
3866,A,C#,5,A,"(1, 4, 9)",I,A,E,A,483.25,233.0
3867,A,C#,5,A,"(1, 4, 9)",I,A,E,A,483.375,233.0
3868,A,C#,5,A,"(1, 4, 9)",I,A,E,A,483.5,233.0
3869,A,C#,5,A,"(1, 4, 9)",I,A,E,A,483.625,233.0
3870,A,C#,5,A,"(1, 4, 9)",I,A,E,A,483.75,233.0
3871,A,C#,5,A,"(1, 4, 9)",I,A,E,A,483.875,233.0
3872,G#,B,0,A,"(2, 4, 8, 11)",V7,G#,E,A,484.0,234.0
3873,G#,B,1,A,"(2, 4, 8, 11)",V7,G#,D,A,484.125,234.0
3874,G#,B,2,A,"(2, 4, 8, 11)",V7,G#,D,A,484.25,234.0
3875,G#,B,2,A,"(2, 4, 8, 11)",V7,G#,D,A,484.375,234.0
3876,G#,B,3,A,"(2, 4, 8, 11)",V7,G#,D,A,484.5,234.0
3877,G#,B,3,A,"(2, 4, 8, 11)",V7,G#,D,A,484.625,234.0
3878,G#,B,3,A,"(2, 4, 8, 11)",V7,G#,D,A,484.75,234.0
3879,G#,B,3,A,"(2, 4, 8, 11)",V7,G#,D,A,484.875,234.0
3880,G#,D,4,A,"(2, 4, 8, 11)",V7,B,E,A,485.0,234.0
3881,G#,D,4,A,"(2, 4, 8, 11)",V7,B,E,A,485.125,234.0
3882,G#,D,2,A,"(2, 4, 8, 11)",V7,B,E,A,485.25,234.0
3883,G#,D,4,A,"(2, 4, 8, 11)",V7,B,E,A,485.375,234.0
3884,G#,D,3,A,"(2, 4, 8, 11)",V7,B,E,A,485.5,234.0
3885,G#,D,3,A,"(2, 4, 8, 11)",V7,B,E,A,485.625,234.0
3886,G#,D,3,A,"(2, 4, 8, 11)",V7,B,E,A,485.75,234.0
3887,G#,D,3,A,"(2, 4, 8, 11)",V7,B,E,A,485.875,234.0
3888,G#,D,4,A,"(2, 4, 8, 11)",V7,B,E,A,486.0,234.0
3889,G#,D,4,A,"(2, 4, 8, 11)",V7,B,E,A,486.125,234.0
3890,G#,D,4,A,"(2, 4, 8, 11)",V7,B,E,A,486.25,234.0
3891,G#,D,4,A,"(2, 4, 8, 11)",V7,B,E,A,486.375,234.0
3892,G#,D,4,A,"(2, 4, 8, 11)",V7,B,E,A,486.5,234.0
3893,G#,D,4,A,"(2, 4, 8, 11)",V7,B,E,A,486.625,234.0
3894,G#,D,4,A,"(2, 4, 8, 11)",V7,B,E,A,486.75,234.0
3895,G#,D,4,A,"(2, 4, 8, 11)",V7,B,E,A,486.875,234.0
3896,A,C#,0,A,"(1, 4, 9)",I,A,E,A,487.0,235.0
3897,A,C#,1,A,"(1, 4, 9)",I,A,E,A,487.125,235.0
3898,A,C#,2,A,"(1, 4, 9)",I,A,E,A,487.25,235.0
3899,A,C#,2,A,"(1, 4, 9)",I,A,E,A,487.375,235.0
3900,A,C#,3,A,"(1, 4, 9)",I,A,E,A,487.5,235.0
3901,A,C#,3,A,"(1, 4, 9)",I,A,E,A,487.625,235.0
3902,A,C#,3,A,"(1, 4, 9)",I,A,E,A,487.75,235.0
3903,A,C#,3,A,"(1, 4, 9)",I,A,E,A,487.875,235.0
3904,A,C#,4,A,"(1, 4, 9)",I,A,E,A,488.0,235.0
3905,A,C#,4,A,"(1, 4, 9)",I,A,E,A,488.125,235.0
3906,A,C#,4,A,"(1, 4, 9)",I,A,E,A,488.25,235.0
3907,A,C#,4,A,"(1, 4, 9)",I,A,E,A,488.375,235.0
3908,A,C#,4,A,"(1, 4, 9)",I,A,E,A,488.5,235.0
3909,A,C#,4,A,"(1, 4, 9)",I,A,E,A,488.625,235.0
3910,A,C#,4,A,"(1, 4, 9)",I,A,E,A,488.75,235.0
3911,A,C#,4,A,"(1, 4, 9)",I,A,E,A,488.875,235.0
3912,A,C#,5,A,"(1, 4, 9)",I,A,E,A,489.0,235.0
3913,A,C#,5,A,"(1, 4, 9)",I,A,E,A,489.125,235.0
3914,A,C#,5,A,"(1, 4, 9)",I,A,E,A,489.25,235.0
3915,A,C#,5,A,"(1, 4, 9)",I,A,E,A,489.375,235.0
3916,A,C#,5,A,"(1, 4, 9)",I,A,E,A,489.5,235.0
3917,A,C#,5,A,"(1, 4, 9)",I,A,E,A,489.625,235.0
3918,A,C#,5,A,"(1, 4, 9)",I,A,E,A,489.75,235.0
3919,A,C#,5,A,"(1, 4, 9)",I,A,E,A,489.875,235.0
3920,G#,B,0,A,"(2, 4, 8, 11)",V7,G#,E,A,490.0,236.0
3921,G#,B,1,A,"(2, 4, 8, 11)",V7,G#,D,A,490.125,236.0
3922,G#,B,2,A,"(2, 4, 8, 11)",V7,G#,D,A,490.25,236.0
3923,G#,B,2,A,"(2, 4, 8, 11)",V7,G#,D,A,490.375,236.0
3924,G#,B,3,A,"(2, 4, 8, 11)",V7,G#,D,A,490.5,236.0
3925,G#,B,3,A,"(2, 4, 8, 11)",V7,G#,D,A,490.625,236.0
3926,G#,B,3,A,"(2, 4, 8, 11)",V7,G#,D,A,490.75,236.0
3927,G#,B,3,A,"(2, 4, 8, 11)",V7,G#,D,A,490.875,236.0
3928,B,E,4,A,"(2, 4, 8, 11)",V7,D,G#,A,491.0,236.0
3929,B,E,4,A,"(2, 4, 8, 11)",V7,D,G#,A,491.125,236.0
3930,B,E,2,A,"(2, 4, 8, 11)",V7,D,G#,A,491.25,236.0
3931,B,E,2,A,"(2, 4, 8, 11)",V7,D,G#,A,491.375,236.0
3932,B,E,3,A,"(2, 4, 8, 11)",V7,D,G#,A,491.5,236.0
3933,B,E,3,A,"(2, 4, 8, 11)",V7,D,G#,A,491.625,236.0
3934,B,E,3,A,"(2, 4, 8, 11)",V7,D,G#,A,491.75,236.0
3935,B,E,3,A,"(2, 4, 8, 11)",V7,D,G#,A,491.875,236.0
3936,B,E,4,A,"(2, 4, 8, 11)",V7,D,G#,A,492.0,236.0
3937,B,E,4,A,"(2, 4, 8, 11)",V7,D,G#,A,492.125,236.0
3938,B,E,4,A,"(2, 4, 8, 11)",V7,D,G#,A,492.25,236.0
3939,B,E,4,A,"(2, 4, 8, 11)",V7,D,G#,A,492.375,236.0
3940,B,E,4,A,"(2, 4, 8, 11)",V7,D,G#,A,492.5,236.0
3941,B,E,4,A,"(2, 4, 8, 11)",V7,D,G#,A,492.625,236.0
3942,B,E,4,A,"(2, 4, 8, 11)",V7,D,G#,A,492.75,236.0
3943,B,E,4,A,"(2, 4, 8, 11)",V7,D,G#,A,492.875,236.0
3944,A,C#,0,A,"(1, 4, 9)",I,A,E,A,493.0,237.0
3945,A,C#,1,A,"(1, 4, 9)",I,A,E,A,493.125,237.0
3946,A,C#,2,A,"(1, 4, 9)",I,A,E,A,493.25,237.0
3947,A,C#,2,A,"(1, 4, 9)",I,A,E,A,493.375,237.0
3948,A,C#,3,A,"(1, 4, 9)",I,A,E,A,493.5,237.0
3949,A,C#,3,A,"(1, 4, 9)",I,A,E,A,493.625,237.0
3950,A,C#,3,A,"(1, 4, 9)",I,A,E,A,493.75,237.0
3951,A,C#,3,A,"(1, 4, 9)",I,A,E,A,493.875,237.0
3952,A,C#,4,A,"(1, 4, 9)",I,A,E,A,494.0,237.0
3953,A,C#,4,A,"(1, 4, 9)",I,A,E,A,494.125,237.0
3954,A,C#,4,A,"(1, 4, 9)",I,A,E,A,494.25,237.0
3955,A,C#,4,A,"(1, 4, 9)",I,A,E,A,494.375,237.0
3956,A,C#,4,A,"(1, 4, 9)",I,A,E,A,494.5,237.0
3957,A,C#,4,A,"(1, 4, 9)",I,A,E,A,494.625,237.0
3958,A,C#,4,A,"(1, 4, 9)",I,A,E,A,494.75,237.0
3959,A,C#,4,A,"(1, 4, 9)",I,A,E,A,494.875,237.0
3960,A,C#,5,A,"(1, 4, 9)",I,A,E,A,495.0,237.0
3961,A,C#,5,A,"(1, 4, 9)",I,A,E,A,495.125,237.0
3962,A,C#,5,A,"(1, 4, 9)",I,A,E,A,495.25,237.0
3963,A,C#,5,A,"(1, 4, 9)",I,A,E,A,495.375,237.0
3964,A,C#,5,A,"(1, 4, 9)",I,A,E,A,495.5,237.0
3965,A,C#,5,A,"(1, 4, 9)",I,A,E,A,495.625,237.0
3966,A,C#,5,A,"(1, 4, 9)",I,A,E,A,495.75,237.0
3967,A,C#,5,A,"(1, 4, 9)",I,A,E,A,495.875,237.0
3968,A,C#,0,A,"(1, 4, 9)",I,A,E,A,496.0,238.0
3969,A,C#,1,A,"(1, 4, 9)",I,A,E,A,496.125,238.0
3970,A,C#,2,A,"(1, 4, 9)",I,A,E,A,496.25,238.0
3971,A,C#,2,A,"(1, 4, 9)",I,A,E,A,496.375,238.0
3972,A,C#,3,A,"(1, 4, 9)",I,A,E,A,496.5,238.0
3973,A,C#,3,A,"(1, 4, 9)",I,A,E,A,496.625,238.0
3974,A,C#,3,A,"(1, 4, 9)",I,A,E,A,496.75,238.0
3975,A,C#,3,A,"(1, 4, 9)",I,A,E,A,496.875,238.0
3976,A,C#,4,A,"(1, 4, 9)",I,A,E,A,497.0,238.0
3977,A,C#,4,A,"(1, 4, 9)",I,A,E,A,497.125,238.0
3978,A,C#,4,A,"(1, 4, 9)",I,A,E,A,497.25,238.0
3979,A,C#,4,A,"(1, 4, 9)",I,A,E,A,497.375,238.0
3980,A,C#,4,A,"(1, 4, 9)",I,A,E,A,497.5,238.0
3981,A,C#,4,A,"(1, 4, 9)",I,A,E,A,497.625,238.0
3982,A,C#,4,A,"(1, 4, 9)",I,A,E,A,497.75,238.0
3983,A,C#,4,A,"(1, 4, 9)",I,A,E,A,497.875,238.0
3984,A,C#,5,A,"(1, 4, 9)",I,A,E,A,498.0,238.0
3985,A,C#,5,A,"(1, 4, 9)",I,A,E,A,498.125,238.0
3986,A,C#,5,A,"(1, 4, 9)",I,A,E,A,498.25,238.0
3987,A,C#,5,A,"(1, 4, 9)",I,A,E,A,498.375,238.0
3988,A,C#,5,A,"(1, 4, 9)",I,A,E,A,498.5,238.0
3989,A,C#,5,A,"(1, 4, 9)",I,A,E,A,498.625,238.0
3990,A,C#,5,A,"(1, 4, 9)",I,A,E,A,498.75,238.0
3991,A,C#,5,A,"(1, 4, 9)",I,A,E,A,498.875,238.0
3992,A,C#,0,A,"(1, 4, 9)",I,A,E,A,499.0,239.0
3993,A,C#,1,A,"(1, 4, 9)",I,A,E,A,499.125,239.0
3994,A,C#,2,A,"(1, 4, 9)",I,A,E,A,499.25,239.0
3995,A,C#,2,A,"(1, 4, 9)",I,A,E,A,499.375,239.0
3996,A,C#,3,A,"(1, 4, 9)",I,A,E,A,499.5,239.0
3997,A,C#,3,A,"(1, 4, 9)",I,A,E,A,499.625,239.0
3998,A,C#,3,A,"(1, 4, 9)",I,A,E,A,499.75,239.0
3999,A,C#,3,A,"(1, 4, 9)",I,A,E,A,499.875,239.0
4000,A,C#,4,A,"(1, 4, 9)",I,A,E,A,500.0,239.0
4001,A,C#,4,A,"(1, 4, 9)",I,A,E,A,500.125,239.0
4002,A,C#,4,A,"(1, 4, 9)",I,A,E,A,500.25,239.0
4003,B,C#,4,A,"(1, 4, 9)",I,A,E,A,500.375,239.0
4004,B,C#,4,A,"(1, 4, 9)",I,A,E,A,500.5,239.0
4005,B,E,4,A,"(1, 4, 9)",I,A,E,A,500.625,239.0
4006,B,E,4,A,"(1, 4, 9)",I,A,E,A,500.75,239.0
4007,B,E,4,A,"(1, 4, 9)",I,A,E,A,500.875,239.0
4008,B,E,0,A,"(2, 4, 8, 11)",V7,D,G#,A,501.0,239.0
4009,B,E,1,A,"(2, 4, 8, 11)",V7,D,G#,A,501.125,239.0
4010,B,E,2,A,"(2, 4, 8, 11)",V7,D,G#,A,501.25,239.0
4011,B,E,2,A,"(2, 4, 8, 11)",V7,D,G#,A,501.375,239.0
4012,B,E,3,A,"(2, 4, 8, 11)",V7,D,G#,A,501.5,239.0
4013,B,E,3,A,"(2, 4, 8, 11)",V7,D,G#,A,501.625,239.0
4014,B,E,3,A,"(2, 4, 8, 11)",V7,D,G#,A,501.75,239.0
4015,B,E,3,A,"(2, 4, 8, 11)",V7,D,G#,A,501.875,239.0
4016,E,A,0,A,"(1, 4, 9)",I,A,C#,A,502.0,240.0
4017,E,A,1,A,"(1, 4, 9)",I,A,C#,A,502.125,240.0
4018,E,A,2,A,"(1, 4, 9)",I,A,C#,A,502.25,240.0
4019,E,A,2,A,"(1, 4, 9)",I,A,C#,A,502.375,240.0
4020,E,A,3,A,"(1, 4, 9)",I,A,C#,A,502.5,240.0
4021,E,A,3,A,"(1, 4, 9)",I,A,C#,A,502.625,240.0
4022,E,A,3,A,"(1, 4, 9)",I,A,C#,A,502.75,240.0
4023,E,A,3,A,"(1, 4, 9)",I,A,C#,A,502.875,240.0
4024,E,A,4,A,"(1, 4, 9)",I,A,C#,A,503.0,240.0
4025,E,A,4,A,"(1, 4, 9)",I,A,C#,A,503.125,240.0
4026,E,A,4,A,"(1, 4, 9)",I,A,C#,A,503.25,240.0
4027,E,A,4,A,"(1, 4, 9)",I,A,C#,A,503.375,240.0
4028,E,A,4,A,"(1, 4, 9)",I,A,C#,A,503.5,240.0
4029,E,A,4,A,"(1, 4, 9)",I,A,C#,A,503.625,240.0
4030,E,A,4,A,"(1, 4, 9)",I,A,C#,A,503.75,240.0
4031,E,A,4,A,"(1, 4, 9)",I,A,C#,A,503.875,240.0
4032,E,A,5,A,"(1, 4, 9)",I,A,C#,A,504.0,240.0
4033,E,A,5,A,"(1, 4, 9)",I,A,C#,A,504.125,240.0
4034,E,A,5,A,"(1, 4, 9)",I,A,C#,A,504.25,240.0
4035,E,A,5,A,"(1, 4, 9)",I,A,C#,A,504.375,240.0
4036,E,A,5,A,"(1, 4, 9)",I,A,C#,A,504.5,240.0
4037,E,A,5,A,"(1, 4, 9)",I,A,C#,A,504.625,240.0
4038,E,A,5,A,"(1, 4, 9)",I,A,C#,A,504.75,240.0
4039,E,A,5,A,"(1, 4, 9)",I,A,C#,A,504.875,240.0
4040,A,C#,0,A,"(1, 4, 9)",I,A,E,A,505.0,241.0
4041,A,C#,1,A,"(1, 4, 9)",I,A,E,A,505.125,241.0
4042,A,C#,2,A,"(1, 4, 9)",I,A,E,A,505.25,241.0
4043,A,C#,2,A,"(1, 4, 9)",I,A,E,A,505.375,241.0
4044,A,C#,3,A,"(1, 4, 9)",I,A,E,A,505.5,241.0
4045,A,C#,3,A,"(1, 4, 9)",I,A,E,A,505.625,241.0
4046,A,C#,3,A,"(1, 4, 9)",I,A,E,A,505.75,241.0
4047,A,C#,3,A,"(1, 4, 9)",I,A,E,A,505.875,241.0
4048,A,C#,4,A,"(1, 4, 9)",I,A,E,A,506.0,241.0
4049,A,C#,4,A,"(1, 4, 9)",I,A,E,A,506.125,241.0
4050,A,C#,4,A,"(1, 4, 9)",I,A,E,A,506.25,241.0
4051,A,C#,4,A,"(1, 4, 9)",I,A,E,A,506.375,241.0
4052,A,C#,4,A,"(1, 4, 9)",I,A,E,A,506.5,241.0
4053,A,C#,4,A,"(1, 4, 9)",I,A,E,A,506.625,241.0
4054,A,C#,4,A,"(1, 4, 9)",I,A,E,A,506.75,241.0
4055,A,C#,4,A,"(1, 4, 9)",I,A,E,A,506.875,241.0
4056,A,C#,5,A,"(1, 4, 9)",I,A,E,A,507.0,241.0
4057,A,C#,5,A,"(1, 4, 9)",I,A,E,A,507.125,241.0
4058,A,C#,5,A,"(1, 4, 9)",I,A,E,A,507.25,241.0
4059,A,C#,5,A,"(1, 4, 9)",I,A,E,A,507.375,241.0
4060,A,C#,5,A,"(1, 4, 9)",I,A,E,A,507.5,241.0
4061,A,C#,5,A,"(1, 4, 9)",I,A,E,A,507.625,241.0
4062,A,C#,5,A,"(1, 4, 9)",I,A,E,A,507.75,241.0
4063,A,C#,5,A,"(1, 4, 9)",I,A,E,A,507.875,241.0
4064,G#,E,0,A,"(2, 4, 8, 11)",V7,E,G#,A,508.0,242.0
4065,G#,E,1,A,"(2, 4, 8, 11)",V7,E,G#,A,508.125,242.0
4066,G#,E,2,A,"(2, 4, 8, 11)",V7,E,G#,A,508.25,242.0
4067,G#,E,2,A,"(2, 4, 8, 11)",V7,E,G#,A,508.375,242.0
4068,G#,E,3,A,"(2, 4, 8, 11)",V7,E,G#,A,508.5,242.0
4069,G#,E,3,A,"(2, 4, 8, 11)",V7,E,G#,A,508.625,242.0
4070,G#,E,3,A,"(2, 4, 8, 11)",V7,E,G#,A,508.75,242.0
4071,G#,E,3,A,"(2, 4, 8, 11)",V7,E,G#,A,508.875,242.0
4072,B,E,4,A,"(2, 4, 8, 11)",V7,G#,G#,A,509.0,242.0
4073,B,E,4,A,"(2, 4, 8, 11)",V7,D,G#,A,509.125,242.0
4074,B,E,4,A,"(2, 4, 8, 11)",V7,D,G#,A,509.25,242.0
4075,B,E,4,A,"(2, 4, 8, 11)",V7,D,G#,A,509.375,242.0
4076,B,E,4,A,"(2, 4, 8, 11)",V7,D,G#,A,509.5,242.0
4077,B,E,4,A,"(2, 4, 8, 11)",V7,D,G#,A,509.625,242.0
4078,B,E,4,A,"(2, 4, 8, 11)",V7,D,G#,A,509.75,242.0
4079,B,E,4,A,"(2, 4, 8, 11)",V7,D,G#,A,509.875,242.0
4080,B,E,5,A,"(2, 4, 8, 11)",V7,D,G#,A,510.0,242.0
4081,B,E,5,A,"(2, 4, 8, 11)",V7,D,G#,A,510.125,242.0
4082,B,E,5,A,"(2, 4, 8, 11)",V7,D,G#,A,510.25,242.0
4083,B,E,5,A,"(2, 4, 8, 11)",V7,D,G#,A,510.375,242.0
4084,B,E,5,A,"(2, 4, 8, 11)",V7,D,G#,A,510.5,242.0
4085,B,E,5,A,"(2, 4, 8, 11)",V7,D,G#,A,510.625,242.0
4086,B,E,5,A,"(2, 4, 8, 11)",V7,D,G#,A,510.75,242.0
4087,B,E,5,A,"(2, 4, 8, 11)",V7,D,G#,A,510.875,242.0
4088,A,C#,0,A,"(1, 4, 9)",I,A,E,A,511.0,243.0
4089,A,C#,1,A,"(1, 4, 9)",I,A,E,A,511.125,243.0
4090,A,C#,2,A,"(1, 4, 9)",I,A,E,A,511.25,243.0
4091,A,C#,2,A,"(1, 4, 9)",I,A,E,A,511.375,243.0
4092,A,C#,3,A,"(1, 4, 9)",I,A,E,A,511.5,243.0
4093,A,C#,3,A,"(1, 4, 9)",I,A,E,A,511.625,243.0
4094,A,C#,3,A,"(1, 4, 9)",I,A,E,A,511.75,243.0
4095,A,C#,3,A,"(1, 4, 9)",I,A,E,A,511.875,243.0
4096,A,C#,4,A,"(1, 4, 9)",I,A,E,A,512.0,243.0
4097,A,C#,4,A,"(1, 4, 9)",I,A,E,A,512.125,243.0
4098,A,C#,4,A,"(1, 4, 9)",I,A,E,A,512.25,243.0
4099,A,C#,4,A,"(1, 4, 9)",I,A,E,A,512.375,243.0
4100,A,C#,4,A,"(1, 4, 9)",I,A,E,A,512.5,243.0
4101,A,C#,4,A,"(1, 4, 9)",I,A,E,A,512.625,243.0
4102,A,C#,4,A,"(1, 4, 9)",I,A,E,A,512.75,243.0
4103,A,C#,4,A,"(1, 4, 9)",I,A,E,A,512.875,243.0
4104,A,C#,5,A,"(1, 4, 9)",I,A,E,A,513.0,243.0
4105,A,C#,5,A,"(1, 4, 9)",I,A,E,A,513.125,243.0
4106,A,C#,5,A,"(1, 4, 9)",I,A,E,A,513.25,243.0
4107,A,C#,5,A,"(1, 4, 9)",I,A,E,A,513.375,243.0
4108,A,C#,5,A,"(1, 4, 9)",I,A,E,A,513.5,243.0
4109,A,C#,5,A,"(1, 4, 9)",I,A,E,A,513.625,243.0
4110,A,C#,5,A,"(1, 4, 9)",I,A,E,A,513.75,243.0
4111,A,C#,5,A,"(1, 4, 9)",I,A,E,A,513.875,243.0
4112,G#,E,0,A,"(2, 4, 8, 11)",V7,G#,E,A,514.0,244.0
4113,G#,E,1,A,"(2, 4, 8, 11)",V7,G#,E,A,514.125,244.0
4114,G#,E,2,A,"(2, 4, 8, 11)",V7,G#,E,A,514.25,244.0
4115,G#,E,2,A,"(2, 4, 8, 11)",V7,G#,E,A,514.375,244.0
4116,G#,E,3,A,"(2, 4, 8, 11)",V7,G#,E,A,514.5,244.0
4117,G#,E,3,A,"(2, 4, 8, 11)",V7,G#,E,A,514.625,244.0
4118,G#,E,3,A,"(2, 4, 8, 11)",V7,G#,E,A,514.75,244.0
4119,G#,E,3,A,"(2, 4, 8, 11)",V7,D,E,A,514.875,244.0
4120,G#,E,4,A,"(2, 4, 8, 11)",V7,G#,G#,A,515.0,244.0
4121,G#,E,4,A,"(2, 4, 8, 11)",V7,G#,G#,A,515.125,244.0
4122,G#,E,4,A,"(2, 4, 8, 11)",V7,G#,G#,A,515.25,244.0
4123,G#,E,4,A,"(2, 4, 8, 11)",V7,G#,G#,A,515.375,244.0
4124,B,E,4,A,"(2, 4, 8, 11)",V7,D,G#,A,515.5,244.0
4125,B,E,4,A,"(2, 4, 8, 11)",V7,D,G#,A,515.625,244.0
4126,B,E,4,A,"(2, 4, 8, 11)",V7,D,G#,A,515.75,244.0
4127,B,E,4,A,"(2, 4, 8, 11)",V7,D,G#,A,515.875,244.0
4128,B,E,5,A,"(2, 4, 8, 11)",V7,D,G#,A,516.0,244.0
4129,B,E,5,A,"(2, 4, 8, 11)",V7,D,G#,A,516.125,244.0
4130,B,E,5,A,"(2, 4, 8, 11)",V7,D,G#,A,516.25,244.0
4131,B,E,5,A,"(2, 4, 8, 11)",V7,D,G#,A,516.375,244.0
4132,B,E,5,A,"(2, 4, 8, 11)",V7,D,G#,A,516.5,244.0
4133,B,E,5,A,"(2, 4, 8, 11)",V7,D,G#,A,516.625,244.0
4134,B,E,5,A,"(2, 4, 8, 11)",V7,D,G#,A,516.75,244.0
4135,B,E,5,A,"(2, 4, 8, 11)",V7,D,G#,A,516.875,244.0
4136,A,C#,0,A,"(1, 4, 9)",I,A,E,A,517.0,245.0
4137,A,C#,1,A,"(1, 4, 9)",I,A,E,A,517.125,245.0
4138,A,C#,2,A,"(1, 4, 9)",I,A,E,A,517.25,245.0
4139,A,C#,2,A,"(1, 4, 9)",I,A,E,A,517.375,245.0
4140,A,C#,3,A,"(1, 4, 9)",I,A,E,A,517.5,245.0
4141,A,C#,3,A,"(1, 4, 9)",I,A,E,A,517.625,245.0
4142,A,C#,3,A,"(1, 4, 9)",I,A,E,A,517.75,245.0
4143,A,C#,3,A,"(1, 4, 9)",I,A,E,A,517.875,245.0
4144,A,C#,4,A,"(1, 4, 9)",I,A,E,A,518.0,245.0
4145,A,C#,4,A,"(1, 4, 9)",I,A,E,A,518.125,245.0
4146,A,C#,4,A,"(1, 4, 9)",I,A,E,A,518.25,245.0
4147,A,C#,4,A,"(1, 4, 9)",I,A,E,A,518.375,245.0
4148,A,C#,4,A,"(1, 4, 9)",I,A,E,A,518.5,245.0
4149,A,C#,4,A,"(1, 4, 9)",I,A,E,A,518.625,245.0
4150,A,C#,4,A,"(1, 4, 9)",I,A,E,A,518.75,245.0
4151,A,C#,4,A,"(1, 4, 9)",I,A,E,A,518.875,245.0
4152,A,C#,5,A,"(1, 4, 9)",I,A,E,A,519.0,245.0
4153,A,C#,5,A,"(1, 4, 9)",I,A,E,A,519.125,245.0
4154,A,C#,5,A,"(1, 4, 9)",I,A,E,A,519.25,245.0
4155,A,C#,5,A,"(1, 4, 9)",I,A,E,A,519.375,245.0
4156,A,C#,5,A,"(1, 4, 9)",I,A,E,A,519.5,245.0
4157,A,C#,5,A,"(1, 4, 9)",I,A,E,A,519.625,245.0
4158,A,C#,5,A,"(1, 4, 9)",I,A,E,A,519.75,245.0
4159,A,C#,5,A,"(1, 4, 9)",I,A,E,A,519.875,245.0
4160,A,C#,0,A,"(1, 4, 9)",I,A,E,A,520.0,246.0
4161,A,C#,1,A,"(1, 4, 9)",I,A,E,A,520.125,246.0
4162,A,C#,2,A,"(1, 4, 9)",I,A,E,A,520.25,246.0
4163,A,C#,2,A,"(1, 4, 9)",I,A,E,A,520.375,246.0
4164,A,C#,3,A,"(1, 4, 9)",I,A,E,A,520.5,246.0
4165,A,C#,3,A,"(1, 4, 9)",I,A,E,A,520.625,246.0
4166,A,C#,3,A,"(1, 4, 9)",I,A,E,A,520.75,246.0
4167,A,C#,3,A,"(1, 4, 9)",I,A,E,A,520.875,246.0
4168,A,C#,4,A,"(1, 4, 9)",I,A,E,A,521.0,246.0
4169,A,C#,4,A,"(1, 4, 9)",I,A,E,A,521.125,246.0
4170,A,C#,4,A,"(1, 4, 9)",I,A,E,A,521.25,246.0
4171,A,C#,4,A,"(1, 4, 9)",I,A,E,A,521.375,246.0
4172,A,C#,4,A,"(1, 4, 9)",I,A,E,A,521.5,246.0
4173,A,C#,4,A,"(1, 4, 9)",I,A,E,A,521.625,246.0
4174,A,C#,4,A,"(1, 4, 9)",I,A,E,A,521.75,246.0
4175,A,C#,4,A,"(1, 4, 9)",I,A,E,A,521.875,246.0
4176,A,C#,5,A,"(1, 4, 9)",I,A,E,A,522.0,246.0
4177,A,C#,5,A,"(1, 4, 9)",I,A,E,A,522.125,246.0
4178,A,C#,5,A,"(1, 4, 9)",I,A,E,A,522.25,246.0
4179,A,C#,5,A,"(1, 4, 9)",I,A,E,A,522.375,246.0
4180,A,C#,5,A,"(1, 4, 9)",I,A,E,A,522.5,246.0
4181,A,C#,5,A,"(1, 4, 9)",I,A,E,A,522.625,246.0
4182,A,C#,5,A,"(1, 4, 9)",I,A,E,A,522.75,246.0
4183,A,C#,5,A,"(1, 4, 9)",I,A,E,A,522.875,246.0
4184,B,E,0,A,"(1, 4, 9)",I,A,E,A,523.0,247.0
4185,B,E,1,A,"(1, 4, 9)",I,A,E,A,523.125,247.0
4186,B,E,2,A,"(1, 4, 9)",I,A,E,A,523.25,247.0
4187,B,E,2,A,"(1, 4, 9)",I,A,E,A,523.375,247.0
4188,B,E,3,A,"(1, 4, 9)",I,A,E,A,523.5,247.0
4189,B,E,3,A,"(1, 4, 9)",I,A,E,A,523.625,247.0
4190,B,E,3,A,"(1, 4, 9)",I,A,E,A,523.75,247.0
4191,B,E,3,A,"(1, 4, 9)",I,A,E,A,523.875,247.0
4192,B,E,4,A,"(1, 4, 9)",V7,D,G#,A,524.0,247.0
4193,B,E,4,A,"(1, 4, 9)",V7,D,G#,A,524.125,247.0
4194,B,E,4,A,"(1, 4, 9)",V7,D,G#,A,524.25,247.0
4195,B,E,4,A,"(1, 4, 9)",V7,D,G#,A,524.375,247.0
4196,B,E,4,A,"(1, 4, 9)",V7,D,G#,A,524.5,247.0
4197,B,E,4,A,"(1, 4, 9)",V7,D,G#,A,524.625,247.0
4198,B,E,4,A,"(1, 4, 9)",V7,D,G#,A,524.75,247.0
4199,B,E,4,A,"(1, 4, 9)",V7,D,G#,A,524.875,247.0
4200,B,E,0,A,"(2, 4, 8, 11)",V7,D,G#,A,525.0,247.0
4201,B,E,1,A,"(2, 4, 8, 11)",V7,D,G#,A,525.125,247.0
4202,B,E,2,A,"(2, 4, 8, 11)",V7,D,G#,A,525.25,247.0
4203,B,E,2,A,"(2, 4, 8, 11)",V7,D,G#,A,525.375,247.0
4204,B,E,3,A,"(2, 4, 8, 11)",V7,D,G#,A,525.5,247.0
4205,B,E,3,A,"(2, 4, 8, 11)",V7,D,G#,A,525.625,247.0
4206,B,E,3,A,"(2, 4, 8, 11)",V7,D,G#,A,525.75,247.0
4207,B,E,3,A,"(2, 4, 8, 11)",V7,D,G#,A,525.875,247.0
4208,E,A,0,A,"(1, 4, 9)",I,A,C#,A,526.0,248.0
4209,E,A,1,A,"(1, 4, 9)",I,A,C#,A,526.125,248.0
4210,E,A,2,A,"(1, 4, 9)",I,A,C#,A,526.25,248.0
4211,E,A,2,A,"(1, 4, 9)",I,A,C#,A,526.375,248.0
4212,E,A,3,A,"(1, 4, 9)",I,A,C#,A,526.5,248.0
4213,E,A,3,A,"(1, 4, 9)",I,A,C#,A,526.625,248.0
4214,E,A,3,A,"(1, 4, 9)",I,A,C#,A,526.75,248.0
4215,E,A,3,A,"(1, 4, 9)",I,A,C#,A,526.875,248.0
4216,E,A,4,A,"(1, 4, 9)",I,A,C#,A,527.0,248.0
4217,E,A,4,A,"(1, 4, 9)",I,A,C#,A,527.125,248.0
4218,E,A,4,A,"(1, 4, 9)",I,A,C#,A,527.25,248.0
4219,E,A,4,A,"(1, 4, 9)",I,A,C#,A,527.375,248.0
4220,E,A,4,A,"(1, 4, 9)",I,A,C#,A,527.5,248.0
4221,E,A,4,A,"(1, 4, 9)",I,A,C#,A,527.625,248.0
4222,E,A,4,A,"(1, 4, 9)",I,A,C#,A,527.75,248.0
4223,E,A,4,A,"(1, 4, 9)",I,A,C#,A,527.875,248.0
4224,E,A,5,A,"(1, 4, 9)",I,A,C#,A,528.0,248.0
4225,E,A,5,A,"(1, 4, 9)",I,A,C#,A,528.125,248.0
4226,E,A,5,A,"(1, 4, 9)",I,A,C#,A,528.25,248.0
4227,E,A,5,A,"(1, 4, 9)",I,A,C#,A,528.375,248.0
4228,E,A,5,A,"(1, 4, 9)",I,A,C#,A,528.5,248.0
4229,E,A,5,A,"(1, 4, 9)",I,A,C#,A,528.625,248.0
4230,E,A,5,A,"(1, 4, 9)",I,A,C#,A,528.75,248.0
4231,E,A,5,A,"(1, 4, 9)",I,A,C#,A,528.875,248.0
4232,C#,F#,0,A,"(1, 6, 9)",vi,F#,A,A,529.0,249.0
4233,C#,F#,1,A,"(1, 6, 9)",vi,F#,A,A,529.125,249.0
4234,C#,F#,2,A,"(1, 6, 9)",vi,F#,A,A,529.25,249.0
4235,C#,F#,2,A,"(1, 6, 9)",vi,F#,A,A,529.375,249.0
4236,C#,F#,3,A,"(1, 6, 9)",vi,F#,A,A,529.5,249.0
4237,C#,F#,3,A,"(1, 6, 9)",vi,F#,A,A,529.625,249.0
4238,C#,F#,3,A,"(1, 6, 9)",vi,F#,A,A,529.75,249.0
4239,C#,F#,3,A,"(1, 6, 9)",vi,F#,A,A,529.875,249.0
4240,C#,F#,4,A,"(1, 6, 9)",vi,F#,A,A,530.0,249.0
4241,C#,F#,4,A,"(1, 6, 9)",vi,F#,A,A,530.125,249.0
4242,C#,F#,4,A,"(1, 6, 9)",vi,F#,A,A,530.25,249.0
4243,C#,F#,4,A,"(1, 6, 9)",vi,F#,A,A,530.375,249.0
4244,C#,F#,4,A,"(1, 6, 9)",vi,F#,A,A,530.5,249.0
4245,C#,F#,4,A,"(1, 6, 9)",vi,F#,A,A,530.625,249.0
4246,C#,F#,4,A,"(1, 6, 9)",vi,F#,A,A,530.75,249.0
4247,C#,F#,4,A,"(1, 6, 9)",vi,F#,A,A,530.875,249.0
4248,C#,F#,5,A,"(1, 6, 9)",vi,F#,A,A,531.0,249.0
4249,C#,F#,5,A,"(1, 6, 9)",vi,F#,A,A,531.125,249.0
4250,C#,F#,5,A,"(1, 6, 9)",vi,F#,A,A,531.25,249.0
4251,C#,F#,5,A,"(1, 6, 9)",vi,F#,A,A,531.375,249.0
4252,C#,F#,5,A,"(1, 6, 9)",vi,F#,A,A,531.5,249.0
4253,C#,F#,5,A,"(1, 6, 9)",vi,F#,A,A,531.625,249.0
4254,C#,F#,5,A,"(1, 6, 9)",vi,F#,A,A,531.75,249.0
4255,C#,F#,5,A,"(1, 6, 9)",vi,F#,A,A,531.875,249.0
4256,C#,F#,0,A,"(1, 6, 9)",vi,D,A,f#,532.0,250.0
4257,C#,F#,1,A,"(1, 6, 9)",vi,F#,A,f#,532.125,250.0
4258,C#,F#,2,A,"(1, 6, 9)",vi,F#,A,f#,532.25,250.0
4259,C#,F#,2,A,"(1, 6, 9)",vi,F#,A,f#,532.375,250.0
4260,C#,F#,3,A,"(1, 6, 9)",vi,F#,A,A,532.5,250.0
4261,C#,F#,3,A,"(1, 6, 9)",vi,F#,A,A,532.625,250.0
4262,C#,F#,3,A,"(1, 6, 9)",vi,F#,A,A,532.75,250.0
4263,C#,F#,3,A,"(1, 6, 9)",vi,F#,A,A,532.875,250.0
4264,C#,F#,4,A,"(1, 6, 9)",vi,F#,A,A,533.0,250.0
4265,C#,F#,4,A,"(1, 6, 9)",vi,F#,A,A,533.125,250.0
4266,C#,F#,4,A,"(1, 6, 9)",vi,F#,A,A,533.25,250.0
4267,C#,F#,4,A,"(1, 6, 9)",vi,F#,A,A,533.375,250.0
4268,C#,F#,4,A,"(1, 6, 9)",vi,F#,A,A,533.5,250.0
4269,C#,F#,4,A,"(1, 6, 9)",vi,F#,A,A,533.625,250.0
4270,C#,F#,4,A,"(1, 6, 9)",vi,F#,A,A,533.75,250.0
4271,C#,F#,4,A,"(1, 6, 9)",vi,F#,A,A,533.875,250.0
4272,C#,F#,5,A,"(1, 6, 9)",vi,F#,A,A,534.0,250.0
4273,C#,F#,5,A,"(1, 6, 9)",vi,F#,A,A,534.125,250.0
4274,C#,F#,5,A,"(1, 6, 9)",vi,F#,A,A,534.25,250.0
4275,C#,F#,5,A,"(1, 6, 9)",vi,F#,A,A,534.375,250.0
4276,C#,F#,5,A,"(1, 6, 9)",vi,F#,A,A,534.5,250.0
4277,C#,F#,5,A,"(1, 6, 9)",vi,F#,A,A,534.625,250.0
4278,C#,F#,5,A,"(1, 6, 9)",vi,F#,A,A,534.75,250.0
4279,C#,F#,5,A,"(1, 6, 9)",vi,F#,A,A,534.875,250.0
4280,G#,C#,0,A,"(1, 4, 8)",i,C#,E,A,535.0,251.0
4281,G#,C#,1,A,"(1, 4, 8)",i,C#,E,c#,535.125,251.0
4282,G#,C#,2,A,"(1, 4, 8)",i,C#,E,c#,535.25,251.0
4283,G#,C#,2,A,"(1, 4, 8)",i,C#,E,c#,535.375,251.0
4284,G#,C#,3,A,"(1, 4, 8)",i,C#,E,c#,535.5,251.0
4285,G#,C#,3,A,"(1, 4, 8)",i,C#,E,c#,535.625,251.0
4286,G#,C#,3,A,"(1, 4, 8)",i,C#,E,c#,535.75,251.0
4287,G#,C#,3,A,"(1, 4, 8)",i,C#,E,c#,535.875,251.0
4288,G#,C#,4,A,"(1, 4, 8)",i,C#,E,c#,536.0,251.0
4289,G#,C#,4,A,"(1, 4, 8)",i,C#,E,c#,536.125,251.0
4290,G#,C#,4,A,"(1, 4, 8)",i,C#,E,c#,536.25,251.0
4291,G#,C#,4,A,"(1, 4, 8)",i,C#,E,c#,536.375,251.0
4292,G#,C#,4,A,"(1, 4, 8)",i,C#,E,c#,536.5,251.0
4293,G#,C#,4,A,"(1, 4, 8)",i,C#,E,c#,536.625,251.0
4294,G#,C#,4,A,"(1, 4, 8)",i,C#,E,c#,536.75,251.0
4295,G#,C#,4,A,"(1, 4, 8)",i,C#,E,c#,536.875,251.0
4296,G#,D#,0,A,"(0, 3, 6, 8)",V7,B#,F#,c#,537.0,251.0
4297,G#,D#,1,A,"(0, 3, 6, 8)",V7,B#,F#,c#,537.125,251.0
4298,G#,D#,2,A,"(0, 3, 6, 8)",V7,B#,F#,c#,537.25,251.0
4299,G#,D#,2,A,"(0, 3, 6, 8)",V7,B#,F#,c#,537.375,251.0
4300,G#,G#,3,A,"(0, 3, 6, 8)",V7,G#,B#,c#,537.5,251.0
4301,G#,G#,3,A,"(0, 3, 6, 8)",V7,G#,B#,c#,537.625,251.0
4302,G#,G#,3,A,"(0, 3, 6, 8)",V7,G#,B#,c#,537.75,251.0
4303,G#,G#,3,A,"(0, 3, 6, 8)",V7,G#,B#,c#,537.875,251.0
4304,G#,C#,0,c#,"(1, 4, 8)",i,C#,E,c#,538.0,252.0
4305,G#,C#,1,A,"(1, 4, 8)",i,C#,E,c#,538.125,252.0
4306,G#,C#,2,A,"(1, 4, 8)",i,C#,E,c#,538.25,252.0
4307,G#,C#,2,A,"(1, 4, 8)",i,C#,E,c#,538.375,252.0
4308,G#,C#,3,A,"(1, 4, 8)",i,C#,E,c#,538.5,252.0
4309,G#,C#,3,A,"(1, 4, 8)",i,C#,E,c#,538.625,252.0
4310,G#,C#,3,A,"(1, 4, 8)",i,C#,E,c#,538.75,252.0
4311,G#,C#,3,A,"(1, 4, 8)",i,C#,E,c#,538.875,252.0
4312,G#,C#,4,A,"(1, 4, 8)",i,C#,E,c#,539.0,252.0
4313,G#,C#,4,A,"(1, 4, 8)",i,C#,E,c#,539.125,252.0
4314,G#,C#,4,A,"(1, 4, 8)",i,C#,E,c#,539.25,252.0
4315,G#,C#,4,A,"(1, 4, 8)",i,C#,E,c#,539.375,252.0
4316,G#,G#,4,A,"(0, 3, 6, 8)",V,C#,E,c#,539.5,252.0
4317,G#,G#,1,A,"(0, 3, 6, 8)",V,F#,B#,c#,539.625,252.0
4318,G#,G#,2,A,"(0, 3, 6, 8)",V,F#,B#,c#,539.75,252.0
4319,G#,G#,4,A,"(0, 3, 6, 8)",V,F#,B#,c#,539.875,252.0
4320,D#,G#,0,A,"(0, 3, 6, 8)",V7,F#,B#,c#,540.0,252.0
4321,D#,G#,1,A,"(0, 3, 6, 8)",V7,F#,B#,c#,540.125,252.0
4322,D#,G#,2,A,"(0, 3, 6, 8)",V7,F#,B#,c#,540.25,252.0
4323,D#,G#,2,A,"(0, 3, 6, 8)",V7,F#,B#,c#,540.375,252.0
4324,D#,G#,3,A,"(0, 3, 6, 8)",V7,F#,B#,c#,540.5,252.0
4325,D#,G#,3,A,"(0, 3, 6, 8)",V7,F#,B#,c#,540.625,252.0
4326,D#,G#,3,A,"(0, 3, 6, 8)",V7,F#,B#,c#,540.75,252.0
4327,D#,G#,3,A,"(0, 3, 6, 8)",V7,F#,B#,c#,540.875,252.0
4328,G#,C#,0,c#,"(1, 4, 8)",i,C#,E,c#,541.0,253.0
4329,G#,C#,1,c#,"(1, 4, 8)",i,C#,E,c#,541.125,253.0
4330,G#,C#,2,c#,"(1, 4, 8)",i,C#,E,c#,541.25,253.0
4331,G#,C#,2,c#,"(1, 4, 8)",i,C#,E,c#,541.375,253.0
4332,G#,C#,3,c#,"(1, 4, 8)",i,C#,E,c#,541.5,253.0
4333,G#,C#,3,c#,"(1, 4, 8)",i,C#,E,c#,541.625,253.0
4334,G#,C#,3,c#,"(1, 4, 8)",i,C#,E,c#,541.75,253.0
4335,G#,C#,3,c#,"(1, 4, 8)",i,C#,E,c#,541.875,253.0
4336,G#,C#,4,c#,"(1, 4, 8)",i,C#,E,c#,542.0,253.0
4337,G#,C#,4,c#,"(1, 4, 8)",i,C#,E,c#,542.125,253.0
4338,G#,C#,4,c#,"(1, 4, 8)",i,C#,E,c#,542.25,253.0
4339,G#,C#,4,c#,"(1, 4, 8)",i,C#,E,c#,542.375,253.0
4340,G#,G#,4,c#,"(0, 3, 6, 8)",V,C#,B#,c#,542.5,253.0
4341,G#,G#,1,c#,"(0, 3, 6, 8)",V,F#,B#,c#,542.625,253.0
4342,G#,G#,2,c#,"(0, 3, 6, 8)",V,F#,B#,c#,542.75,253.0
4343,G#,G#,4,c#,"(0, 3, 6, 8)",V,F#,B#,c#,542.875,253.0
4344,D#,G#,0,A,"(0, 3, 6, 8)",V7,F#,B#,c#,543.0,253.0
4345,D#,G#,1,c#,"(0, 3, 6, 8)",V7,F#,B#,c#,543.125,253.0
4346,D#,G#,2,c#,"(0, 3, 6, 8)",V7,F#,B#,c#,543.25,253.0
4347,D#,G#,2,c#,"(0, 3, 6, 8)",V7,F#,B#,c#,543.375,253.0
4348,D#,G#,3,c#,"(0, 3, 6, 8)",V7,F#,B#,c#,543.5,253.0
4349,D#,G#,3,c#,"(0, 3, 6, 8)",V7,F#,B#,c#,543.625,253.0
4350,D#,G#,3,c#,"(0, 3, 6, 8)",V7,F#,B#,c#,543.75,253.0
4351,D#,G#,3,c#,"(0, 3, 6, 8)",V7,F#,B#,c#,543.875,253.0
4352,G#,C#,0,c#,"(1, 4, 8)",i,C#,E,c#,544.0,254.0
4353,G#,C#,1,c#,"(1, 4, 8)",i,C#,E,c#,544.125,254.0
4354,G#,C#,2,c#,"(1, 4, 8)",i,C#,E,c#,544.25,254.0
4355,G#,C#,2,c#,"(1, 4, 8)",i,C#,E,c#,544.375,254.0
4356,G#,C#,3,c#,"(1, 4, 8)",i,C#,E,c#,544.5,254.0
4357,G#,C#,3,c#,"(1, 4, 8)",i,C#,E,c#,544.625,254.0
4358,G#,C#,3,c#,"(1, 4, 8)",i,C#,E,c#,544.75,254.0
4359,G#,C#,3,c#,"(1, 4, 8)",i,C#,E,c#,544.875,254.0
4360,G#,C#,4,c#,"(1, 4, 8)",i,C#,E,c#,545.0,254.0
4361,G#,C#,4,c#,"(1, 4, 8)",i,C#,E,c#,545.125,254.0
4362,G#,C#,4,c#,"(1, 4, 8)",i,C#,E,c#,545.25,254.0
4363,G#,C#,4,c#,"(1, 4, 8)",i,C#,E,c#,545.375,254.0
4364,G#,C#,4,c#,"(1, 4, 8)",i,C#,E,c#,545.5,254.0
4365,G#,C#,4,c#,"(1, 4, 8)",i,C#,E,c#,545.625,254.0
4366,G#,C#,4,c#,"(1, 4, 8)",i,C#,E,c#,545.75,254.0
4367,G#,C#,4,c#,"(1, 4, 8)",i,C#,E,c#,545.875,254.0
4368,G#,C#,5,c#,"(1, 4, 8)",i,C#,E,c#,546.0,254.0
4369,G#,C#,5,c#,"(1, 4, 8)",i,C#,E,c#,546.125,254.0
4370,G#,C#,5,c#,"(1, 4, 8)",i,C#,E,c#,546.25,254.0
4371,G#,C#,5,c#,"(1, 4, 8)",i,C#,E,c#,546.375,254.0
4372,G#,C#,5,c#,"(1, 4, 8)",i,C#,E,c#,546.5,254.0
4373,G#,C#,5,c#,"(1, 4, 8)",i,C#,E,c#,546.625,254.0
4374,G#,C#,5,c#,"(1, 4, 8)",i,C#,E,c#,546.75,254.0
4375,G#,C#,5,c#,"(1, 4, 8)",i,C#,E,c#,546.875,254.0
4376,E,A,0,A,"(1, 4, 9)",I,A,C#,A,547.0,255.0
4377,E,A,1,A,"(1, 4, 9)",I,A,C#,A,547.125,255.0
4378,E,A,2,A,"(1, 4, 9)",I,A,C#,A,547.25,255.0
4379,E,A,2,A,"(1, 4, 9)",I,A,C#,A,547.375,255.0
4380,E,A,3,A,"(1, 4, 9)",I,A,C#,A,547.5,255.0
4381,E,A,3,A,"(1, 4, 9)",I,A,C#,A,547.625,255.0
4382,E,A,3,A,"(1, 4, 9)",I,A,C#,A,547.75,255.0
4383,E,A,3,A,"(1, 4, 9)",I,A,C#,A,547.875,255.0
4384,E,A,4,A,"(1, 4, 9)",I,A,C#,A,548.0,255.0
4385,E,A,4,A,"(1, 4, 9)",I,A,C#,A,548.125,255.0
4386,E,A,4,A,"(1, 4, 9)",I,A,C#,A,548.25,255.0
4387,E,A,4,A,"(1, 4, 9)",I,A,C#,A,548.375,255.0
4388,E,A,4,A,"(1, 4, 9)",I,A,C#,A,548.5,255.0
4389,E,A,4,A,"(1, 4, 9)",I,A,C#,A,548.625,255.0
4390,E,A,4,A,"(1, 4, 9)",I,A,C#,A,548.75,255.0
4391,E,A,4,A,"(1, 4, 9)",I,A,C#,A,548.875,255.0
4392,E,A,5,A,"(1, 4, 9)",I,A,C#,A,549.0,255.0
4393,E,A,5,A,"(1, 4, 9)",I,A,C#,A,549.125,255.0
4394,E,A,5,A,"(1, 4, 9)",I,A,C#,A,549.25,255.0
4395,E,A,5,A,"(1, 4, 9)",I,A,C#,A,549.375,255.0
4396,E,A,5,A,"(1, 4, 9)",I,A,C#,A,549.5,255.0
4397,E,A,5,A,"(1, 4, 9)",I,A,C#,A,549.625,255.0
4398,E,A,5,A,"(1, 4, 9)",I,A,C#,A,549.75,255.0
4399,E,A,5,A,"(1, 4, 9)",I,A,C#,A,549.875,255.0
4400,E,A,0,A,"(1, 4, 9)",I,A,C#,A,550.0,256.0
4401,E,A,1,A,"(1, 4, 9)",V7,A,C#,A,550.125,256.0
4402,E,A,2,A,"(1, 4, 9)",V7,A,C#,A,550.25,256.0
4403,E,A,2,A,"(1, 4, 9)",V7,A,C#,A,550.375,256.0
4404,E,A,3,A,"(1, 4, 9)",V7,G#,C#,A,550.5,256.0
4405,E,A,3,A,"(1, 4, 9)",V7,G#,C#,A,550.625,256.0
4406,E,A,3,A,"(1, 4, 9)",V7,G#,C#,A,550.75,256.0
4407,E,A,3,A,"(1, 4, 9)",V7,G#,C#,A,550.875,256.0
4408,E,A,0,A,"(1, 4, 9)",I,A,C#,A,551.0,256.0
4409,E,A,1,A,"(1, 4, 9)",I,A,C#,A,551.125,256.0
4410,E,A,2,A,"(1, 4, 9)",I,A,C#,A,551.25,256.0
4411,E,A,2,A,"(1, 4, 9)",I,A,C#,A,551.375,256.0
4412,E,A,3,A,"(1, 4, 9)",IV,A,C#,A,551.5,256.0
4413,E,A,3,A,"(1, 4, 9)",IV,A,C#,A,551.625,256.0
4414,E,A,3,A,"(1, 4, 9)",IV,A,C#,A,551.75,256.0
4415,E,A,3,A,"(1, 4, 9)",IV,A,C#,A,551.875,256.0
4416,E,A,5,A,"(1, 4, 9)",IV,A,C#,A,552.0,256.0
4417,E,A,5,A,"(1, 4, 9)",IV,A,C#,A,552.125,256.0
4418,E,A,5,A,"(1, 4, 9)",IV,A,C#,A,552.25,256.0
4419,E,A,5,A,"(1, 4, 9)",IV,A,C#,A,552.375,256.0
4420,E,A,5,A,"(1, 4, 9)",IV,A,C#,A,552.5,256.0
4421,E,A,5,A,"(1, 4, 9)",IV,A,C#,A,552.625,256.0
4422,E,A,5,A,"(1, 4, 9)",IV,A,C#,A,552.75,256.0
4423,E,A,5,A,"(1, 4, 9)",IV,A,C#,A,552.875,256.0
4424,G#,B,0,A,"(4, 8, 11)",V,E,E,A,553.0,257.0
4425,G#,B,1,A,"(4, 8, 11)",V,E,E,A,553.125,257.0
4426,G#,B,2,A,"(4, 8, 11)",V,E,E,A,553.25,257.0
4427,G#,B,2,A,"(4, 8, 11)",V,E,E,A,553.375,257.0
4428,G#,B,3,A,"(4, 8, 11)",V,E,E,A,553.5,257.0
4429,G#,B,3,A,"(4, 8, 11)",V,E,E,A,553.625,257.0
4430,G#,B,3,A,"(4, 8, 11)",V,E,E,A,553.75,257.0
4431,G#,B,3,A,"(4, 8, 11)",V,E,E,A,553.875,257.0
4432,G#,B,4,A,"(4, 8, 11)",V,E,E,A,554.0,257.0
4433,G#,B,4,A,"(4, 8, 11)",V,E,E,A,554.125,257.0
4434,G#,B,4,A,"(4, 8, 11)",V,E,E,A,554.25,257.0
4435,G#,B,4,A,"(4, 8, 11)",V,E,E,A,554.375,257.0
4436,G#,B,4,A,"(4, 8, 11)",V,E,E,A,554.5,257.0
4437,G#,B,4,A,"(4, 8, 11)",V,E,E,A,554.625,257.0
4438,G#,B,4,A,"(4, 8, 11)",V,E,E,A,554.75,257.0
4439,G#,B,4,A,"(4, 8, 11)",V,E,E,A,554.875,257.0
4440,F#,B,0,A,"(3, 6, 9, 11)",V7,A,D#,E,555.0,257.0
4441,F#,B,1,A,"(3, 6, 9, 11)",V7,A,D#,E,555.125,257.0
4442,F#,B,2,A,"(3, 6, 9, 11)",V7,A,D#,E,555.25,257.0
4443,F#,B,2,A,"(3, 6, 9, 11)",V7,A,D#,E,555.375,257.0
4444,F#,B,3,A,"(3, 6, 9, 11)",V7,A,D#,E,555.5,257.0
4445,F#,B,3,A,"(3, 6, 9, 11)",V7,A,D#,E,555.625,257.0
4446,F#,B,3,A,"(3, 6, 9, 11)",V7,A,D#,E,555.75,257.0
4447,F#,B,3,A,"(3, 6, 9, 11)",V7,A,D#,E,555.875,257.0
4448,B,E,0,A,"(4, 8, 11)",V,E,G#,A,556.0,258.0
4449,B,E,1,A,"(4, 8, 11)",V,E,G#,A,556.125,258.0
4450,B,E,2,A,"(4, 8, 11)",V,E,G#,A,556.25,258.0
4451,B,E,2,A,"(4, 8, 11)",V,E,G#,A,556.375,258.0
4452,B,E,3,A,"(4, 8, 11)",V,E,G#,A,556.5,258.0
4453,B,E,3,A,"(4, 8, 11)",V,E,G#,A,556.625,258.0
4454,B,E,3,A,"(4, 8, 11)",V,E,G#,A,556.75,258.0
4455,B,E,3,A,"(4, 8, 11)",V,E,G#,A,556.875,258.0
4456,B,E,4,A,"(4, 8, 11)",V,E,G#,A,557.0,258.0
4457,B,E,4,A,"(4, 8, 11)",V,E,G#,A,557.125,258.0
4458,B,E,4,A,"(4, 8, 11)",V,E,G#,A,557.25,258.0
4459,B,E,4,A,"(4, 8, 11)",V,E,G#,A,557.375,258.0
4460,B,E,4,A,"(4, 8, 11)",V,E,G#,A,557.5,258.0
4461,B,E,4,A,"(4, 8, 11)",V,E,G#,A,557.625,258.0
4462,B,E,4,A,"(4, 8, 11)",V,E,G#,A,557.75,258.0
4463,B,E,4,A,"(4, 8, 11)",V,E,G#,A,557.875,258.0
4464,C#,E,0,A,"(1, 4, 7, 9)",V7,A,G,D,558.0,258.0
4465,C#,E,1,A,"(1, 4, 7, 9)",V7,A,G,D,558.125,258.0
4466,C#,E,2,A,"(1, 4, 7, 9)",V7,A,G,D,558.25,258.0
4467,C#,E,2,A,"(1, 4, 7, 9)",V7,A,G,D,558.375,258.0
4468,C#,E,3,A,"(1, 4, 7, 9)",V7,E,G,D,558.5,258.0
4469,C#,E,3,A,"(1, 4, 7, 9)",V7,E,G,D,558.625,258.0
4470,C#,E,3,A,"(1, 4, 7, 9)",V7,E,G,D,558.75,258.0
4471,C#,E,3,A,"(1, 4, 7, 9)",V7,E,G,D,558.875,258.0
4472,A,D,0,A,"(2, 6, 9)",IV,D,F#,A,559.0,259.0
4473,A,D,1,A,"(2, 6, 9)",IV,D,F#,A,559.125,259.0
4474,A,D,2,A,"(2, 6, 9)",IV,D,F#,A,559.25,259.0
4475,A,D,2,A,"(2, 6, 9)",IV,D,F#,A,559.375,259.0
4476,A,D,3,A,"(2, 6, 9)",IV,D,F#,A,559.5,259.0
4477,A,D,3,A,"(2, 6, 9)",IV,D,F#,A,559.625,259.0
4478,A,D,3,A,"(2, 6, 9)",I,D,F#,A,559.75,259.0
4479,A,D,3,A,"(2, 6, 9)",I,D,F#,A,559.875,259.0
4480,B,D,4,A,"(2, 6, 11)",IV,B,F#,A,560.0,259.0
4481,B,D,4,A,"(2, 6, 11)",IV,B,F#,A,560.125,259.0
4482,B,D,4,A,"(2, 6, 11)",IV,B,F#,A,560.25,259.0
4483,B,D,4,A,"(2, 6, 11)",IV,B,F#,A,560.375,259.0
4484,B,D,4,A,"(2, 6, 11)",IV,B,F#,A,560.5,259.0
4485,B,D,4,A,"(2, 6, 11)",IV,B,F#,A,560.625,259.0
4486,B,D,4,A,"(2, 6, 11)",IV,B,F#,A,560.75,259.0
4487,B,D,4,A,"(2, 6, 11)",IV,B,F#,A,560.875,259.0
4488,B,D,5,A,"(2, 6, 11)",V7,B,F#,A,561.0,259.0
4489,B,D,5,A,"(2, 6, 11)",V7,B,F#,A,561.125,259.0
4490,B,D,5,A,"(2, 6, 11)",V7,B,F#,A,561.25,259.0
4491,B,D,5,A,"(2, 6, 11)",V7,B,F#,A,561.375,259.0
4492,B,D,5,A,"(2, 6, 11)",V7,B,F#,A,561.5,259.0
4493,B,D,5,A,"(2, 6, 11)",V7,B,F#,A,561.625,259.0
4494,B,D,5,A,"(2, 6, 11)",V7,B,F#,A,561.75,259.0
4495,B,D,5,A,"(2, 6, 11)",V7,B,F#,A,561.875,259.0
4496,B,E,0,A,"(1, 4, 9)",I,A,E,A,562.0,260.0
4497,B,E,1,A,"(1, 4, 9)",I,A,E,A,562.125,260.0
4498,B,E,2,A,"(1, 4, 9)",I,A,E,A,562.25,260.0
4499,B,E,2,A,"(1, 4, 9)",I,A,E,A,562.375,260.0
4500,B,E,3,A,"(1, 4, 9)",I,A,E,A,562.5,260.0
4501,B,E,3,A,"(1, 4, 9)",I,A,E,A,562.625,260.0
4502,B,E,3,A,"(1, 4, 9)",I,A,E,A,562.75,260.0
4503,B,E,3,A,"(1, 4, 9)",I,A,E,A,562.875,260.0
4504,B,E,4,A,"(1, 4, 9)",I,A,E,A,563.0,260.0
4505,B,E,4,A,"(1, 4, 9)",I,A,E,A,563.125,260.0
4506,B,E,4,A,"(1, 4, 9)",I,A,E,A,563.25,260.0
4507,B,E,4,A,"(1, 4, 9)",I,A,E,A,563.375,260.0
4508,B,E,4,A,"(1, 4, 9)",V7,A,E,A,563.5,260.0
4509,B,E,4,A,"(1, 4, 9)",V7,A,E,A,563.625,260.0
4510,B,E,4,A,"(1, 4, 9)",V7,A,E,A,563.75,260.0
4511,B,E,4,A,"(1, 4, 9)",V7,A,E,A,563.875,260.0
4512,B,D,0,A,"(2, 4, 8, 11)",V7,B,E,A,564.0,260.0
4513,B,D,1,A,"(2, 4, 8, 11)",V7,B,E,A,564.125,260.0
4514,B,D,2,A,"(2, 4, 8, 11)",V7,B,E,A,564.25,260.0
4515,B,D,2,A,"(2, 4, 8, 11)",V7,B,E,A,564.375,260.0
4516,B,D,3,A,"(2, 4, 8, 11)",V7,B,E,A,564.5,260.0
4517,B,D,3,A,"(2, 4, 8, 11)",V7,B,E,A,564.625,260.0
4518,B,D,3,A,"(2, 4, 8, 11)",V7,B,E,A,564.75,260.0
4519,B,D,3,A,"(2, 4, 8, 11)",V7,B,E,A,564.875,260.0
4520,A,C#,0,A,"(1, 4, 9)",I,A,E,A,565.0,261.0
4521,A,C#,1,A,"(1, 4, 9)",I,A,E,A,565.125,261.0
4522,A,C#,2,A,"(1, 4, 9)",I,A,E,A,565.25,261.0
4523,A,C#,2,A,"(1, 4, 9)",I,A,E,A,565.375,261.0
4524,A,C#,3,A,"(1, 4, 9)",I,A,E,A,565.5,261.0
4525,A,C#,3,A,"(1, 4, 9)",I,A,E,A,565.625,261.0
4526,A,C#,3,A,"(1, 4, 9)",I,A,E,A,565.75,261.0
4527,A,C#,3,A,"(1, 4, 9)",I,A,E,A,565.875,261.0
4528,A,C#,4,A,"(1, 4, 9)",I,A,E,A,566.0,261.0
4529,A,C#,4,A,"(1, 4, 9)",I,A,E,A,566.125,261.0
4530,A,C#,4,A,"(1, 4, 9)",I,A,E,A,566.25,261.0
4531,A,C#,4,A,"(1, 4, 9)",I,A,E,A,566.375,261.0
4532,A,C#,4,A,"(1, 4, 9)",I,A,E,A,566.5,261.0
4533,A,C#,4,A,"(1, 4, 9)",I,A,E,A,566.625,261.0
4534,A,C#,4,A,"(1, 4, 9)",I,A,E,A,566.75,261.0
4535,A,C#,4,A,"(1, 4, 9)",I,A,E,A,566.875,261.0
4536,B,D,0,A,"(2, 4, 8, 11)",V7,B,F#,A,567.0,261.0
4537,B,D,1,A,"(2, 4, 8, 11)",V7,B,F#,A,567.125,261.0
4538,B,D,2,A,"(2, 4, 8, 11)",V7,B,F#,A,567.25,261.0
4539,B,D,2,A,"(2, 4, 8, 11)",V7,B,F#,A,567.375,261.0
4540,B,D,3,A,"(2, 4, 8, 11)",V7,B,F#,A,567.5,261.0
4541,B,D,3,A,"(2, 4, 8, 11)",V7,B,F#,A,567.625,261.0
4542,B,D,3,A,"(2, 4, 8, 11)",V7,B,F#,A,567.75,261.0
4543,B,D,3,A,"(2, 4, 8, 11)",V7,B,F#,A,567.875,261.0
4544,B,E,0,A,"(1, 4, 9)",I,A,G#,A,568.0,262.0
4545,B,E,1,A,"(1, 4, 9)",I,A,E,A,568.125,262.0
4546,B,E,2,A,"(1, 4, 9)",I,A,E,A,568.25,262.0
4547,B,E,2,A,"(1, 4, 9)",I,A,E,A,568.375,262.0
4548,B,E,3,A,"(1, 4, 9)",I,A,E,A,568.5,262.0
4549,B,E,3,A,"(1, 4, 9)",I,A,E,A,568.625,262.0
4550,B,E,3,A,"(1, 4, 9)",I,A,E,A,568.75,262.0
4551,B,E,3,A,"(1, 4, 9)",I,A,E,A,568.875,262.0
4552,B,E,4,A,"(1, 4, 9)",I,A,E,A,569.0,262.0
4553,B,E,4,A,"(1, 4, 9)",I,A,E,A,569.125,262.0
4554,B,E,4,A,"(1, 4, 9)",I,A,E,A,569.25,262.0
4555,B,E,4,A,"(1, 4, 9)",I,A,E,A,569.375,262.0
4556,B,E,4,A,"(2, 4, 8, 11)",V7,A,E,A,569.5,262.0
4557,B,E,4,A,"(2, 4, 8, 11)",V7,A,E,A,569.625,262.0
4558,B,E,4,A,"(2, 4, 8, 11)",V7,A,E,A,569.75,262.0
4559,B,E,4,A,"(2, 4, 8, 11)",V7,A,E,A,569.875,262.0
4560,B,E,0,A,"(2, 4, 8, 11)",V7,A,E,A,570.0,262.0
4561,B,E,1,A,"(2, 4, 8, 11)",V7,A,E,A,570.125,262.0
4562,B,E,2,A,"(2, 4, 8, 11)",V7,A,E,A,570.25,262.0
4563,B,E,2,A,"(2, 4, 8, 11)",V7,A,E,A,570.375,262.0
4564,B,E,3,A,"(2, 4, 8, 11)",V7,A,E,A,570.5,262.0
4565,B,E,3,A,"(2, 4, 8, 11)",V7,A,E,A,570.625,262.0
4566,B,E,3,A,"(2, 4, 8, 11)",V7,A,E,A,570.75,262.0
4567,B,E,3,A,"(2, 4, 8, 11)",V7,A,E,A,570.875,262.0
4568,A,C#,0,A,"(1, 4, 9)",I,A,E,A,571.0,263.0
4569,A,C#,1,A,"(1, 4, 9)",I,A,E,A,571.125,263.0
4570,A,C#,2,A,"(1, 4, 9)",I,A,E,A,571.25,263.0
4571,A,C#,2,A,"(1, 4, 9)",I,A,E,A,571.375,263.0
4572,A,C#,3,A,"(1, 4, 9)",I,A,E,A,571.5,263.0
4573,A,C#,3,A,"(1, 4, 9)",I,A,E,A,571.625,263.0
4574,A,C#,3,A,"(1, 4, 9)",I,A,E,A,571.75,263.0
4575,A,C#,3,A,"(1, 4, 9)",I,A,E,A,571.875,263.0
4576,A,C#,4,A,"(1, 4, 9)",I,A,E,A,572.0,263.0
4577,A,C#,4,A,"(1, 4, 9)",I,A,E,A,572.125,263.0
4578,B,E,4,A,"(1, 4, 9)",I,A,E,A,572.25,263.0
4579,B,E,4,A,"(1, 4, 9)",I,A,E,A,572.375,263.0
4580,B,E,4,A,"(1, 4, 9)",I,A,E,A,572.5,263.0
4581,B,E,4,A,"(1, 4, 9)",I,A,C#,A,572.625,263.0
4582,B,E,4,A,"(1, 4, 9)",I,A,C#,A,572.75,263.0
4583,B,E,4,A,"(1, 4, 9)",I,A,C#,A,572.875,263.0
4584,B,E,0,A,"(2, 4, 8, 11)",V7,A,G#,A,573.0,263.0
4585,B,E,1,A,"(2, 4, 8, 11)",V7,A,G#,A,573.125,263.0
4586,B,E,2,A,"(2, 4, 8, 11)",V7,A,G#,A,573.25,263.0
4587,B,E,2,A,"(2, 4, 8, 11)",V7,A,G#,A,573.375,263.0
4588,B,E,3,A,"(2, 4, 8, 11)",V7,A,G#,A,573.5,263.0
4589,B,E,3,A,"(2, 4, 8, 11)",V7,A,G#,A,573.625,263.0
4590,B,E,3,A,"(2, 4, 8, 11)",V7,A,G#,A,573.75,263.0
4591,B,E,3,A,"(2, 4, 8, 11)",V7,A,G#,A,573.875,263.0
4592,B,E,0,A,"(2, 4, 8, 11)",I,A,G#,A,574.0,264.0
4593,B,E,1,A,"(1, 4, 9)",I,A,G#,A,574.125,264.0
4594,B,E,2,A,"(1, 4, 9)",I,A,G#,A,574.25,264.0
4595,B,E,2,A,"(2, 4, 8, 11)",I,A,G#,A,574.375,264.0
4596,B,E,3,A,"(2, 4, 8, 11)",I,A,G#,A,574.5,264.0
4597,B,E,3,A,"(2, 4, 8, 11)",I,A,G#,A,574.625,264.0
4598,B,E,3,A,"(2, 4, 8, 11)",I,A,G#,A,574.75,264.0
4599,B,E,3,A,"(2, 4, 8, 11)",I,A,G#,A,574.875,264.0
4600,B,E,4,A,"(2, 4, 8, 11)",I,A,G#,A,575.0,264.0
4601,B,E,4,A,"(2, 4, 8, 11)",I,A,G#,A,575.125,264.0
4602,B,E,4,A,"(2, 4, 8, 11)",I,A,G#,A,575.25,264.0
4603,B,E,4,A,"(2, 4, 8, 11)",I,A,G#,A,575.375,264.0
4604,B,E,4,A,"(2, 4, 8, 11)",I,A,G#,A,575.5,264.0
4605,B,E,4,A,"(2, 4, 8, 11)",V7,A,G#,A,575.625,264.0
4606,B,E,4,A,"(2, 4, 8, 11)",V7,A,G#,A,575.75,264.0
4607,B,E,4,A,"(2, 4, 8, 11)",V7,A,G#,A,575.875,264.0
4608,B,E,5,A,"(2, 4, 8, 11)",V7,D,G#,A,576.0,264.0
4609,B,E,5,A,"(2, 4, 8, 11)",V7,D,G#,A,576.125,264.0
4610,B,E,5,A,"(2, 4, 8, 11)",V7,D,G#,A,576.25,264.0
4611,B,E,5,A,"(2, 4, 8, 11)",V7,D,G#,A,576.375,264.0
4612,B,E,5,A,"(2, 4, 8, 11)",V7,D,G#,A,576.5,264.0
4613,B,E,5,A,"(2, 4, 8, 11)",V7,D,G#,A,576.625,264.0
4614,B,E,5,A,"(2, 4, 8, 11)",V7,D,G#,A,576.75,264.0
4615,B,E,5,A,"(2, 4, 8, 11)",V7,D,G#,A,576.875,264.0
4616,B,E,3,A,"(2, 4, 8, 11)",I,A,G#,A,577.0,265.0
4617,B,E,3,A,"(2, 4, 8, 11)",I,A,G#,A,577.125,265.0
4618,B,E,3,A,"(2, 4, 8, 11)",I,A,G#,A,577.25,265.0
4619,B,E,2,A,"(2, 4, 8, 11)",I,A,G#,A,577.375,265.0
4620,B,E,3,A,"(2, 4, 8, 11)",I,A,G#,A,577.5,265.0
4621,B,E,3,A,"(2, 4, 8, 11)",I,A,G#,A,577.625,265.0
4622,B,E,3,A,"(2, 4, 8, 11)",I,A,G#,A,577.75,265.0
4623,B,E,3,A,"(2, 4, 8, 11)",V7,A,G#,A,577.875,265.0
4624,B,E,4,A,"(2, 4, 8, 11)",V7,D,G#,A,578.0,265.0
4625,B,E,4,A,"(2, 4, 8, 11)",V7,D,G#,A,578.125,265.0
4626,B,E,4,A,"(2, 4, 8, 11)",V7,D,G#,A,578.25,265.0
4627,B,E,4,A,"(2, 4, 8, 11)",V7,D,G#,A,578.375,265.0
4628,B,E,4,A,"(2, 4, 8, 11)",V7,D,G#,A,578.5,265.0
4629,B,E,4,A,"(2, 4, 8, 11)",V7,D,G#,A,578.625,265.0
4630,B,E,4,A,"(2, 4, 8, 11)",V7,D,G#,A,578.75,265.0
4631,B,E,4,A,"(2, 4, 8, 11)",V7,D,G#,A,578.875,265.0
4632,B,E,5,A,"(2, 4, 8, 11)",V7,D,G#,A,579.0,265.0
4633,B,E,5,A,"(2, 4, 8, 11)",V7,D,G#,A,579.125,265.0
4634,B,E,5,A,"(2, 4, 8, 11)",V7,D,G#,A,579.25,265.0
4635,B,E,5,A,"(2, 4, 8, 11)",V7,D,G#,A,579.375,265.0
4636,B,E,5,A,"(2, 4, 8, 11)",V7,D,G#,A,579.5,265.0
4637,B,E,5,A,"(2, 4, 8, 11)",V7,D,G#,A,579.625,265.0
4638,B,E,5,A,"(2, 4, 8, 11)",V7,D,G#,A,579.75,265.0
4639,B,E,5,A,"(2, 4, 8, 11)",V7,D,G#,A,579.875,265.0
4640,A,C#,0,A,"(1, 4, 9)",I,A,E,A,580.0,266.0
4641,A,C#,1,A,"(1, 4, 9)",I,A,E,A,580.125,266.0
4642,A,C#,2,A,"(1, 4, 9)",I,A,E,A,580.25,266.0
4643,A,C#,2,A,"(1, 4, 9)",I,A,E,A,580.375,266.0
4644,A,C#,3,A,"(1, 4, 9)",I,A,E,A,580.5,266.0
4645,A,C#,3,A,"(1, 4, 9)",I,A,E,A,580.625,266.0
4646,A,C#,3,A,"(1, 4, 9)",I,A,E,A,580.75,266.0
4647,A,C#,3,A,"(1, 4, 9)",I,A,E,A,580.875,266.0
4648,B,E,4,A,"(2, 4, 8, 11)",I,A,E,A,581.0,266.0
4649,B,E,4,A,"(2, 4, 8, 11)",I,A,E,A,581.125,266.0
4650,B,E,4,A,"(2, 4, 8, 11)",I,A,E,A,581.25,266.0
4651,B,E,4,A,"(2, 4, 8, 11)",I,A,E,A,581.375,266.0
4652,B,E,4,A,"(2, 4, 8, 11)",V7,E,G#,A,581.5,266.0
4653,B,E,4,A,"(2, 4, 8, 11)",V7,E,G#,A,581.625,266.0
4654,B,E,4,A,"(2, 4, 8, 11)",V7,E,G#,A,581.75,266.0
4655,B,E,4,A,"(2, 4, 8, 11)",V7,E,G#,A,581.875,266.0
4656,B,E,5,A,"(2, 4, 8, 11)",V7,E,G#,A,582.0,266.0
4657,B,E,1,A,"(2, 4, 8, 11)",V7,E,G#,A,582.125,266.0
4658,B,E,5,A,"(2, 4, 8, 11)",V7,E,G#,A,582.25,266.0
4659,B,E,5,A,"(2, 4, 8, 11)",V7,E,G#,A,582.375,266.0
4660,B,E,5,A,"(2, 4, 8, 11)",V7,E,G#,A,582.5,266.0
4661,B,E,5,A,"(2, 4, 8, 11)",V7,E,G#,A,582.625,266.0
4662,B,E,5,A,"(2, 4, 8, 11)",V7,E,G#,A,582.75,266.0
4663,B,E,5,A,"(2, 4, 8, 11)",V7,E,G#,A,582.875,266.0
4664,E,A,0,A,"(1, 4, 9)",I,A,C#,A,583.0,267.0
4665,E,A,1,A,"(1, 4, 9)",I,A,C#,A,583.125,267.0
4666,E,A,2,A,"(1, 4, 9)",I,A,C#,A,583.25,267.0
4667,E,A,2,A,"(1, 4, 9)",I,A,C#,A,583.375,267.0
4668,E,A,3,A,"(1, 4, 9)",I,A,C#,A,583.5,267.0
4669,E,A,3,A,"(1, 4, 9)",I,A,C#,A,583.625,267.0
4670,E,A,3,A,"(1, 4, 9)",I,A,C#,A,583.75,267.0
4671,E,A,3,A,"(1, 4, 9)",I,A,C#,A,583.875,267.0
4672,E,A,4,A,"(1, 4, 9)",I,A,C#,A,584.0,267.0
4673,E,A,4,A,"(1, 4, 9)",I,A,C#,A,584.125,267.0
4674,E,A,4,A,"(1, 4, 9)",I,A,C#,A,584.25,267.0
4675,E,A,4,A,"(1, 4, 9)",I,A,C#,A,584.375,267.0
4676,E,A,4,A,"(1, 4, 9)",I,A,C#,A,584.5,267.0
4677,E,A,4,A,"(1, 4, 9)",I,A,C#,A,584.625,267.0
4678,E,A,4,A,"(1, 4, 9)",I,A,C#,A,584.75,267.0
4679,E,A,4,A,"(1, 4, 9)",I,A,C#,A,584.875,267.0
4680,E,A,5,A,"(1, 4, 9)",I,A,C#,A,585.0,267.0
4681,E,A,5,A,"(1, 4, 9)",I,A,C#,A,585.125,267.0
4682,E,A,5,A,"(1, 4, 9)",I,A,C#,A,585.25,267.0
4683,E,A,5,A,"(1, 4, 9)",I,A,C#,A,585.375,267.0
4684,E,A,5,A,"(1, 4, 9)",I,A,C#,A,585.5,267.0
4685,E,A,5,A,"(1, 4, 9)",I,A,C#,A,585.625,267.0
4686,E,A,5,A,"(1, 4, 9)",I,A,C#,A,585.75,267.0
4687,E,A,5,A,"(1, 4, 9)",I,A,C#,A,585.875,267.0
4688,E,A,6,A,"(1, 4, 9)",I,A,C#,A,586.0,268.0
4689,E,A,6,A,"(1, 4, 9)",I,A,C#,A,586.125,268.0
4690,E,A,6,A,"(1, 4, 9)",I,A,C#,A,586.25,268.0
4691,E,A,6,A,"(1, 4, 9)",I,A,C#,A,586.375,268.0
4692,E,A,3,A,"(1, 4, 9)",I,A,C#,A,586.5,268.0
4693,E,A,6,A,"(1, 4, 9)",I,A,C#,A,586.625,268.0
4694,E,A,6,A,"(1, 4, 9)",I,A,C#,A,586.75,268.0
4695,E,A,6,A,"(1, 4, 9)",I,A,C#,A,586.875,268.0
4696,E,A,4,A,"(1, 4, 9)",I,A,C#,A,587.0,268.0
4697,E,A,4,A,"(1, 4, 9)",I,A,C#,A,587.125,268.0
4698,E,A,4,A,"(1, 4, 9)",I,A,C#,A,587.25,268.0
4699,E,A,4,A,"(1, 4, 9)",I,A,C#,A,587.375,268.0
4700,E,A,6,A,"(1, 4, 9)",I,A,C#,A,587.5,268.0
4701,E,A,6,A,"(1, 4, 9)",I,A,C#,A,587.625,268.0
4702,E,A,6,A,"(1, 4, 9)",I,A,C#,A,587.75,268.0
4703,E,A,6,A,"(1, 4, 9)",I,A,C#,A,587.875,268.0
4704,E,A,5,A,"(1, 4, 9)",I,A,C#,A,588.0,268.0
4705,E,A,5,A,"(1, 4, 9)",I,A,C#,A,588.125,268.0
4706,E,A,5,A,"(1, 4, 9)",I,A,C#,A,588.25,268.0
4707,E,A,5,A,"(1, 4, 9)",I,A,C#,A,588.375,268.0
4708,E,A,5,A,"(1, 4, 9)",I,A,C#,A,588.5,268.0
4709,E,A,5,A,"(1, 4, 9)",I,A,C#,A,588.625,268.0
4710,E,A,5,A,"(1, 4, 9)",I,A,C#,A,588.75,268.0
4711,E,A,6,A,"(1, 4, 9)",I,A,C#,A,588.875,268.0
4712,C--,C--,6,A,"(0, 1, 5, 8)",Cad,C--,C--,A,,
4713,C--,C--,6,A,"(0, 1, 5, 8)",Cad,C--,C--,A,,
4714,C--,C--,6,A,"(0, 1, 5, 8)",Cad,C--,C--,A,,
4715,C--,C--,6,A,"(0, 1, 5, 8)",Cad,C--,C--,A,,
4716,C--,C--,6,A,"(0, 1, 5, 8)",Cad,C--,C--,A,,
4717,C--,C--,6,A,"(0, 1, 5, 8)",Cad,C--,C--,A,,
4718,C--,C--,6,A,"(0, 1, 5, 8)",Cad,C--,C--,A,,
4719,C--,C--,6,A,"(0, 1, 5, 8)",Cad,C--,C--,A,,
4720,C--,C--,6,A,"(0, 1, 5, 8)",Cad,C--,C--,A,,
4721,C--,C--,6,A,"(0, 1, 5, 8)",Cad,C--,C--,A,,
4722,C--,C--,6,A,"(0, 1, 5, 8)",Cad,C--,C--,A,,
4723,C--,C--,6,A,"(0, 1, 5, 8)",Cad,C--,C--,A,,
4724,C--,C--,6,A,"(0, 1, 5, 8)",Cad,C--,C--,A,,
4725,C--,C--,6,A,"(0, 1, 5, 8)",Cad,C--,C--,A,,
4726,C--,C--,6,A,"(0, 1, 5, 8)",Cad,C--,C--,A,,
4727,C--,C--,6,A,"(0, 1, 5, 8)",Cad,C--,C--,A,,
4728,C--,C--,6,A,"(0, 1, 5, 8)",Cad,C--,C--,A,,
4729,C--,C--,6,A,"(0, 1, 5, 8)",Cad,C--,C--,A,,
4730,C--,C--,6,A,"(0, 1, 5, 8)",Cad,C--,C--,A,,
4731,C--,C--,6,A,"(0, 1, 5, 8)",Cad,C--,C--,A,,
4732,C--,C--,6,A,"(0, 1, 5, 8)",Cad,C--,C--,A,,
4733,C--,C--,6,A,"(0, 1, 5, 8)",Cad,C--,C--,A,,
4734,C--,C--,6,A,"(0, 1, 5, 8)",Cad,C--,C--,A,,
4735,C--,C--,6,A,"(0, 1, 5, 8)",Cad,C--,C--,A,,
4736,C--,C--,6,A,"(0, 1, 5, 8)",Cad,C--,C--,A,,
4737,C--,C--,6,A,"(0, 1, 5, 8)",Cad,C--,C--,A,,
4738,C--,C--,6,A,"(0, 1, 5, 8)",Cad,C--,C--,A,,
4739,C--,C--,6,A,"(0, 1, 5, 8)",Cad,C--,C--,A,,
4740,C--,C--,6,A,"(0, 1, 5, 8)",Cad,C--,C--,A,,
4741,C--,C--,6,A,"(0, 1, 5, 8)",Cad,C--,C--,A,,
4742,C--,C--,6,A,"(0, 1, 5, 8)",Cad,C--,C--,A,,
4743,C--,C--,6,A,"(0, 1, 5, 8)",Cad,C--,C--,A,,
4744,C--,C--,6,A,"(0, 1, 5, 8)",Cad,C--,C--,A,,
4745,C--,C--,6,A,"(0, 1, 5, 8)",Cad,C--,C--,A,,
4746,C--,C--,6,A,"(0, 1, 5, 8)",Cad,C--,C--,A,,
4747,C--,C--,6,A,"(0, 1, 5, 8)",Cad,C--,C--,A,,
4748,C--,C--,6,A,"(0, 1, 5, 8)",Cad,C--,C--,A,,
4749,C--,C--,6,A,"(0, 1, 5, 8)",Cad,C--,C--,A,,
4750,C--,C--,6,A,"(0, 1, 5, 8)",Cad,C--,C--,A,,
4751,C--,C--,6,A,"(0, 1, 5, 8)",Cad,C--,C--,A,,
4752,C--,C--,6,A,"(0, 1, 5, 8)",Cad,C--,C--,A,,
4753,C--,C--,6,A,"(0, 1, 5, 8)",Cad,C--,C--,A,,
4754,C--,C--,6,A,"(0, 1, 5, 8)",Cad,C--,C--,A,,
4755,C--,C--,6,A,"(0, 1, 5, 8)",Cad,C--,C--,A,,
4756,C--,C--,6,A,"(0, 1, 5, 8)",Cad,C--,C--,A,,
4757,C--,C--,6,A,"(0, 1, 5, 8)",Cad,C--,C--,A,,
4758,C--,C--,6,A,"(0, 1, 5, 8)",Cad,C--,C--,A,,
4759,C--,C--,6,A,"(0, 1, 5, 8)",Cad,C--,C--,A,,
4760,C--,C--,6,A,"(0, 1, 5, 8)",Cad,C--,C--,A,,
4761,C--,C--,6,A,"(0, 1, 5, 8)",Cad,C--,C--,A,,
4762,C--,C--,6,A,"(0, 1, 5, 8)",Cad,C--,C--,A,,
4763,C--,C--,6,A,"(0, 1, 5, 8)",Cad,C--,C--,A,,
4764,C--,C--,6,A,"(0, 1, 5, 8)",Cad,C--,C--,A,,
4765,C--,C--,6,A,"(0, 1, 5, 8)",Cad,C--,C--,A,,
4766,C--,C--,6,A,"(0, 1, 5, 8)",Cad,C--,C--,A,,
4767,C--,C--,6,A,"(0, 1, 5, 8)",Cad,C--,C--,A,,
4768,C--,C--,6,A,"(0, 1, 5, 8)",Cad,C--,C--,A,,
4769,C--,C--,6,A,"(0, 1, 5, 8)",Cad,C--,C--,A,,
4770,C--,C--,6,A,"(0, 1, 5, 8)",Cad,C--,C--,A,,
4771,C--,C--,6,A,"(0, 1, 5, 8)",Cad,C--,C--,A,,
4772,C--,C--,6,A,"(0, 1, 5, 8)",Cad,C--,C--,A,,
4773,C--,C--,6,A,"(0, 1, 5, 8)",Cad,C--,C--,A,,
4774,C--,C--,6,A,"(0, 1, 5, 8)",Cad,C--,C--,A,,
4775,C--,C--,6,A,"(0, 1, 5, 8)",Cad,C--,C--,A,,
4776,C--,C--,6,A,"(0, 1, 5, 8)",Cad,C--,C--,A,,
4777,C--,C--,6,A,"(0, 1, 5, 8)",Cad,C--,C--,A,,
4778,C--,C--,6,A,"(0, 1, 5, 8)",Cad,C--,C--,A,,
4779,C--,C--,6,A,"(0, 1, 5, 8)",Cad,C--,C--,A,,
4780,C--,C--,6,A,"(0, 1, 5, 8)",Cad,C--,C--,A,,
4781,C--,C--,6,A,"(0, 1, 5, 8)",Cad,C--,C--,A,,
4782,C--,C--,6,A,"(0, 1, 5, 8)",Cad,C--,C--,A,,
4783,C--,C--,6,A,"(0, 1, 5, 8)",Cad,C--,C--,A,,
4784,C--,C--,6,A,"(0, 1, 5, 8)",Cad,C--,C--,A,,
4785,C--,C--,6,A,"(0, 1, 5, 8)",Cad,C--,C--,A,,
4786,C--,C--,6,A,"(0, 1, 5, 8)",Cad,C--,C--,A,,
4787,C--,C--,6,A,"(0, 1, 5, 8)",Cad,C--,C--,A,,
4788,C--,C--,6,A,"(0, 1, 5, 8)",Cad,C--,C--,A,,
4789,C--,C--,6,A,"(0, 1, 5, 8)",Cad,C--,C--,A,,
4790,C--,C--,6,A,"(0, 1, 5, 8)",Cad,C--,C--,A,,
4791,C--,C--,6,A,"(0, 1, 5, 8)",Cad,C--,C--,A,,
4792,C--,C--,6,A,"(0, 1, 5, 8)",Cad,C--,C--,A,,
4793,C--,C--,6,A,"(0, 1, 5, 8)",Cad,C--,C--,A,,
4794,C--,C--,6,A,"(0, 1, 5, 8)",Cad,C--,C--,A,,
4795,C--,C--,6,A,"(0, 1, 5, 8)",Cad,C--,C--,A,,
4796,C--,C--,6,A,"(0, 1, 5, 8)",Cad,C--,C--,A,,
4797,C--,C--,6,A,"(0, 1, 5, 8)",Cad,C--,C--,A,,
4798,C--,C--,6,A,"(0, 1, 5, 8)",Cad,C--,C--,A,,
4799,C--,C--,6,A,"(0, 1, 5, 8)",Cad,C--,C--,A,,
4800,C--,C--,6,A,"(0, 1, 5, 8)",Cad,C--,C--,A,,
4801,C--,C--,6,A,"(0, 1, 5, 8)",Cad,C--,C--,A,,
4802,C--,C--,6,A,"(0, 1, 5, 8)",Cad,C--,C--,A,,
4803,C--,C--,6,A,"(0, 1, 5, 8)",Cad,C--,C--,A,,
4804,C--,C--,6,A,"(0, 1, 5, 8)",Cad,C--,C--,A,,
4805,C--,C--,6,A,"(0, 1, 5, 8)",Cad,C--,C--,A,,
4806,C--,C--,6,A,"(0, 1, 5, 8)",Cad,C--,C--,A,,
4807,C--,C--,6,A,"(0, 1, 5, 8)",Cad,C--,C--,A,,
4808,C--,C--,6,A,"(0, 1, 5, 8)",Cad,C--,C--,A,,
4809,C--,C--,6,A,"(0, 1, 5, 8)",Cad,C--,C--,A,,
4810,C--,C--,6,A,"(0, 1, 5, 8)",Cad,C--,C--,A,,
4811,C--,C--,6,A,"(0, 1, 5, 8)",Cad,C--,C--,A,,
4812,C--,C--,6,A,"(0, 1, 5, 8)",Cad,C--,C--,A,,
4813,C--,C--,6,A,"(0, 1, 5, 8)",Cad,C--,C--,A,,
4814,C--,C--,6,A,"(0, 1, 5, 8)",Cad,C--,C--,A,,
4815,C--,C--,6,A,"(0, 1, 5, 8)",Cad,C--,C--,A,,
4816,C--,C--,6,A,"(0, 1, 5, 8)",Cad,C--,C--,A,,
4817,C--,C--,6,A,"(0, 1, 5, 8)",Cad,C--,C--,A,,
4818,C--,C--,6,A,"(0, 1, 5, 8)",Cad,C--,C--,A,,
4819,C--,C--,6,A,"(0, 1, 5, 8)",Cad,C--,C--,A,,
4820,C--,C--,6,A,"(0, 1, 5, 8)",Cad,C--,C--,A,,
4821,C--,C--,6,A,"(0, 1, 5, 8)",Cad,C--,C--,A,,
4822,C--,C--,6,A,"(0, 1, 5, 8)",Cad,C--,C--,A,,
4823,C--,C--,6,A,"(0, 1, 5, 8)",Cad,C--,C--,A,,
4824,C--,C--,6,A,"(0, 1, 5, 8)",Cad,C--,C--,A,,
4825,C--,C--,6,A,"(0, 1, 5, 8)",Cad,C--,C--,A,,
4826,C--,C--,6,A,"(0, 1, 5, 8)",Cad,C--,C--,A,,
4827,C--,C--,6,A,"(0, 1, 5, 8)",Cad,C--,C--,A,,
4828,C--,C--,6,A,"(0, 1, 5, 8)",Cad,C--,C--,A,,
4829,C--,C--,6,A,"(0, 1, 5, 8)",Cad,C--,C--,A,,
4830,C--,C--,6,A,"(0, 1, 5, 8)",Cad,C--,C--,A,,
4831,C--,C--,6,A,"(0, 1, 5, 8)",Cad,C--,C--,A,,
4832,C--,C--,6,A,"(0, 1, 5, 8)",Cad,C--,C--,A,,
4833,C--,C--,6,A,"(0, 1, 5, 8)",Cad,C--,C--,A,,
4834,C--,C--,6,A,"(0, 1, 5, 8)",Cad,C--,C--,A,,
4835,C--,C--,6,A,"(0, 1, 5, 8)",Cad,C--,C--,A,,
4836,C--,C--,6,A,"(0, 1, 5, 8)",Cad,C--,C--,A,,
4837,C--,C--,6,A,"(0, 1, 5, 8)",Cad,C--,C--,A,,
4838,C--,C--,6,A,"(0, 1, 5, 8)",Cad,C--,C--,A,,
4839,C--,C--,6,A,"(0, 1, 5, 8)",Cad,C--,C--,A,,
4840,C--,C--,6,A,"(0, 1, 5, 8)",Cad,C--,C--,A,,
4841,C--,C--,6,A,"(0, 1, 5, 8)",Cad,C--,C--,A,,
4842,C--,C--,6,A,"(0, 1, 5, 8)",Cad,C--,C--,A,,
4843,C--,C--,6,A,"(0, 1, 5, 8)",Cad,C--,C--,A,,
4844,C--,C--,6,A,"(0, 1, 5, 8)",Cad,C--,C--,A,,
4845,C--,C--,6,A,"(0, 1, 5, 8)",Cad,C--,C--,A,,
4846,C--,C--,6,A,"(0, 1, 5, 8)",Cad,C--,C--,A,,
4847,C--,C--,6,A,"(0, 1, 5, 8)",Cad,C--,C--,A,,
4848,C--,C--,6,A,"(0, 1, 5, 8)",Cad,C--,C--,A,,
4849,C--,C--,6,A,"(0, 1, 5, 8)",Cad,C--,C--,A,,
4850,C--,C--,6,A,"(0, 1, 5, 8)",Cad,C--,C--,A,,
4851,C--,C--,6,A,"(0, 1, 5, 8)",Cad,C--,C--,A,,
4852,C--,C--,6,A,"(0, 1, 5, 8)",Cad,C--,C--,A,,
4853,C--,C--,6,A,"(0, 1, 5, 8)",Cad,C--,C--,A,,
4854,C--,C--,6,A,"(0, 1, 5, 8)",Cad,C--,C--,A,,
4855,C--,C--,6,A,"(0, 1, 5, 8)",Cad,C--,C--,A,,
4856,C--,C--,6,A,"(0, 1, 5, 8)",Cad,C--,C--,A,,
4857,C--,C--,6,A,"(0, 1, 5, 8)",Cad,C--,C--,A,,
4858,C--,C--,6,A,"(0, 1, 5, 8)",Cad,C--,C--,A,,
4859,C--,C--,6,A,"(0, 1, 5, 8)",Cad,C--,C--,A,,
4860,C--,C--,6,A,"(0, 1, 5, 8)",Cad,C--,C--,A,,
4861,C--,C--,6,A,"(0, 1, 5, 8)",Cad,C--,C--,A,,
4862,C--,C--,6,A,"(0, 1, 5, 8)",Cad,C--,C--,A,,
4863,C--,C--,6,A,"(0, 1, 5, 8)",Cad,C--,C--,A,,
4864,C--,C--,6,A,"(0, 1, 5, 8)",Cad,C--,C--,A,,
4865,C--,C--,6,A,"(0, 1, 5, 8)",Cad,C--,C--,A,,
4866,C--,C--,6,A,"(0, 1, 5, 8)",Cad,C--,C--,A,,
4867,C--,C--,6,A,"(0, 1, 5, 8)",Cad,C--,C--,A,,
4868,C--,C--,6,A,"(0, 1, 5, 8)",Cad,C--,C--,A,,
4869,C--,C--,6,A,"(0, 1, 5, 8)",Cad,C--,C--,A,,
4870,C--,C--,6,A,"(0, 1, 5, 8)",Cad,C--,C--,A,,
4871,C--,C--,6,A,"(0, 1, 5, 8)",Cad,C--,C--,A,,
4872,C--,C--,6,A,"(0, 1, 5, 8)",Cad,C--,C--,A,,
4873,C--,C--,6,A,"(0, 1, 5, 8)",Cad,C--,C--,A,,
4874,C--,C--,6,A,"(0, 1, 5, 8)",Cad,C--,C--,A,,
4875,C--,C--,6,A,"(0, 1, 5, 8)",Cad,C--,C--,A,,
4876,C--,C--,6,A,"(0, 1, 5, 8)",Cad,C--,C--,A,,
4877,C--,C--,6,A,"(0, 1, 5, 8)",Cad,C--,C--,A,,
4878,C--,C--,6,A,"(0, 1, 5, 8)",Cad,C--,C--,A,,
4879,C--,C--,6,A,"(0, 1, 5, 8)",Cad,C--,C--,A,,
4880,C--,C--,6,A,"(0, 1, 5, 8)",Cad,C--,C--,A,,
4881,C--,C--,6,A,"(0, 1, 5, 8)",Cad,C--,C--,A,,
4882,C--,C--,6,A,"(0, 1, 5, 8)",Cad,C--,C--,A,,
4883,C--,C--,6,A,"(0, 1, 5, 8)",Cad,C--,C--,A,,
4884,C--,C--,6,A,"(0, 1, 5, 8)",Cad,C--,C--,A,,
4885,C--,C--,6,A,"(0, 1, 5, 8)",Cad,C--,C--,A,,
4886,C--,C--,6,A,"(0, 1, 5, 8)",Cad,C--,C--,A,,
4887,C--,C--,6,A,"(0, 1, 5, 8)",Cad,C--,C--,A,,
4888,C--,C--,6,A,"(0, 1, 5, 8)",Cad,C--,C--,A,,
4889,C--,C--,6,A,"(0, 1, 5, 8)",Cad,C--,C--,A,,
4890,C--,C--,6,A,"(0, 1, 5, 8)",Cad,C--,C--,A,,
4891,C--,C--,6,A,"(0, 1, 5, 8)",Cad,C--,C--,A,,
4892,C--,C--,6,A,"(0, 1, 5, 8)",Cad,C--,C--,A,,
4893,C--,C--,6,A,"(0, 1, 5, 8)",Cad,C--,C--,A,,
4894,C--,C--,6,A,"(0, 1, 5, 8)",Cad,C--,C--,A,,
4895,C--,C--,6,A,"(0, 1, 5, 8)",Cad,C--,C--,A,,
4896,C--,C--,6,A,"(0, 1, 5, 8)",Cad,C--,C--,A,,
4897,C--,C--,6,A,"(0, 1, 5, 8)",Cad,C--,C--,A,,
4898,C--,C--,6,A,"(0, 1, 5, 8)",Cad,C--,C--,A,,
4899,C--,C--,6,A,"(0, 1, 5, 8)",Cad,C--,C--,A,,
4900,C--,C--,6,A,"(0, 1, 5, 8)",Cad,C--,C--,A,,
4901,C--,C--,6,A,"(0, 1, 5, 8)",Cad,C--,C--,A,,
4902,C--,C--,6,A,"(0, 1, 5, 8)",Cad,C--,C--,A,,
4903,C--,C--,6,A,"(0, 1, 5, 8)",Cad,C--,C--,A,,
4904,C--,C--,6,A,"(0, 1, 5, 8)",Cad,C--,C--,A,,
4905,C--,C--,6,A,"(0, 1, 5, 8)",Cad,C--,C--,A,,
4906,C--,C--,6,A,"(0, 1, 5, 8)",Cad,C--,C--,A,,
4907,C--,C--,6,A,"(0, 1, 5, 8)",Cad,C--,C--,A,,
4908,C--,C--,6,A,"(0, 1, 5, 8)",Cad,C--,C--,A,,
4909,C--,C--,6,A,"(0, 1, 5, 8)",Cad,C--,C--,A,,
4910,C--,C--,6,A,"(0, 1, 5, 8)",Cad,C--,C--,A,,
4911,C--,C--,6,A,"(0, 1, 5, 8)",Cad,C--,C--,A,,
4912,C--,C--,6,A,"(0, 1, 5, 8)",Cad,C--,C--,A,,
4913,C--,C--,6,A,"(0, 1, 5, 8)",Cad,C--,C--,A,,
4914,C--,C--,6,A,"(0, 1, 5, 8)",Cad,C--,C--,A,,
4915,C--,C--,6,A,"(0, 1, 5, 8)",Cad,C--,C--,A,,
4916,C--,C--,6,A,"(0, 1, 5, 8)",Cad,C--,C--,A,,
4917,C--,C--,6,A,"(0, 1, 5, 8)",Cad,C--,C--,A,,
4918,C--,C--,6,A,"(0, 1, 5, 8)",Cad,C--,C--,A,,
4919,C--,C--,6,A,"(0, 1, 5, 8)",Cad,C--,C--,A,,
4920,C--,C--,6,A,"(0, 1, 5, 8)",Cad,C--,C--,A,,
4921,C--,C--,6,A,"(0, 1, 5, 8)",Cad,C--,C--,A,,
4922,C--,C--,6,A,"(0, 1, 5, 8)",Cad,C--,C--,A,,
4923,C--,C--,6,A,"(0, 1, 5, 8)",Cad,C--,C--,A,,
4924,C--,C--,6,A,"(0, 1, 5, 8)",Cad,C--,C--,A,,
4925,C--,C--,6,A,"(0, 1, 5, 8)",Cad,C--,C--,A,,
4926,C--,C--,6,A,"(0, 1, 5, 8)",Cad,C--,C--,A,,
4927,C--,C--,6,A,"(0, 1, 5, 8)",Cad,C--,C--,A,,
4928,C--,C--,6,A,"(0, 1, 5, 8)",Cad,C--,C--,A,,
4929,C--,C--,6,A,"(0, 1, 5, 8)",Cad,C--,C--,A,,
4930,C--,C--,6,A,"(0, 1, 5, 8)",Cad,C--,C--,A,,
4931,C--,C--,6,A,"(0, 1, 5, 8)",Cad,C--,C--,A,,
4932,C--,C--,6,A,"(0, 1, 5, 8)",Cad,C--,C--,A,,
4933,C--,C--,6,A,"(0, 1, 5, 8)",Cad,C--,C--,A,,
4934,C--,C--,6,A,"(0, 1, 5, 8)",Cad,C--,C--,A,,
4935,C--,C--,6,A,"(0, 1, 5, 8)",Cad,C--,C--,A,,
4936,C--,C--,6,A,"(0, 1, 5, 8)",Cad,C--,C--,A,,
4937,C--,C--,6,A,"(0, 1, 5, 8)",Cad,C--,C--,A,,
4938,C--,C--,6,A,"(0, 1, 5, 8)",Cad,C--,C--,A,,
4939,C--,C--,6,A,"(0, 1, 5, 8)",Cad,C--,C--,A,,
4940,C--,C--,6,A,"(0, 1, 5, 8)",Cad,C--,C--,A,,
4941,C--,C--,6,A,"(0, 1, 5, 8)",Cad,C--,C--,A,,
4942,C--,C--,6,A,"(0, 1, 5, 8)",Cad,C--,C--,A,,
4943,C--,C--,6,A,"(0, 1, 5, 8)",Cad,C--,C--,A,,
4944,C--,C--,6,A,"(0, 1, 5, 8)",Cad,C--,C--,A,,
4945,C--,C--,6,A,"(0, 1, 5, 8)",Cad,C--,C--,A,,
4946,C--,C--,6,A,"(0, 1, 5, 8)",Cad,C--,C--,A,,
4947,C--,C--,6,A,"(0, 1, 5, 8)",Cad,C--,C--,A,,
4948,C--,C--,6,A,"(0, 1, 5, 8)",Cad,C--,C--,A,,
4949,C--,C--,6,A,"(0, 1, 5, 8)",Cad,C--,C--,A,,
4950,C--,C--,6,A,"(0, 1, 5, 8)",Cad,C--,C--,A,,
4951,C--,C--,6,A,"(0, 1, 5, 8)",Cad,C--,C--,A,,
4952,C--,C--,6,A,"(0, 1, 5, 8)",Cad,C--,C--,A,,
4953,C--,C--,6,A,"(0, 1, 5, 8)",Cad,C--,C--,A,,
4954,C--,C--,6,A,"(0, 1, 5, 8)",Cad,C--,C--,A,,
4955,C--,C--,6,A,"(0, 1, 5, 8)",Cad,C--,C--,A,,
4956,C--,C--,6,A,"(0, 1, 5, 8)",Cad,C--,C--,A,,
4957,C--,C--,6,A,"(0, 1, 5, 8)",Cad,C--,C--,A,,
4958,C--,C--,6,A,"(0, 1, 5, 8)",Cad,C--,C--,A,,
4959,C--,C--,6,A,"(0, 1, 5, 8)",Cad,C--,C--,A,,
4960,C--,C--,6,A,"(0, 1, 5, 8)",Cad,C--,C--,A,,
4961,C--,C--,6,A,"(0, 1, 5, 8)",Cad,C--,C--,A,,
4962,C--,C--,6,A,"(0, 1, 5, 8)",Cad,C--,C--,A,,
4963,C--,C--,6,A,"(0, 1, 5, 8)",Cad,C--,C--,A,,
4964,C--,C--,6,A,"(0, 1, 5, 8)",Cad,C--,C--,A,,
4965,C--,C--,6,A,"(0, 1, 5, 8)",Cad,C--,C--,A,,
4966,C--,C--,6,A,"(0, 1, 5, 8)",Cad,C--,C--,A,,
4967,C--,C--,6,A,"(0, 1, 5, 8)",Cad,C--,C--,A,,
4968,C--,C--,6,A,"(0, 1, 5, 8)",Cad,C--,C--,A,,
4969,C--,C--,6,A,"(0, 1, 5, 8)",Cad,C--,C--,A,,
4970,C--,C--,6,A,"(0, 1, 5, 8)",Cad,C--,C--,A,,
4971,C--,C--,6,A,"(0, 1, 5, 8)",Cad,C--,C--,A,,
4972,C--,C--,6,A,"(0, 1, 5, 8)",Cad,C--,C--,A,,
4973,C--,C--,6,A,"(0, 1, 5, 8)",Cad,C--,C--,A,,
4974,C--,C--,6,A,"(0, 1, 5, 8)",Cad,C--,C--,A,,
4975,C--,C--,6,A,"(0, 1, 5, 8)",Cad,C--,C--,A,,
4976,C--,C--,6,A,"(0, 1, 5, 8)",Cad,C--,C--,A,,
4977,C--,C--,6,A,"(0, 1, 5, 8)",Cad,C--,C--,A,,
4978,C--,C--,6,A,"(0, 1, 5, 8)",Cad,C--,C--,A,,
4979,C--,C--,6,A,"(0, 1, 5, 8)",Cad,C--,C--,A,,
4980,C--,C--,6,A,"(0, 1, 5, 8)",Cad,C--,C--,A,,
4981,C--,C--,6,A,"(0, 1, 5, 8)",Cad,C--,C--,A,,
4982,C--,C--,6,A,"(0, 1, 5, 8)",Cad,C--,C--,A,,
4983,C--,C--,6,A,"(0, 1, 5, 8)",Cad,C--,C--,A,,
4984,C--,C--,6,A,"(0, 1, 5, 8)",Cad,C--,C--,A,,
4985,C--,C--,6,A,"(0, 1, 5, 8)",Cad,C--,C--,A,,
4986,C--,C--,6,A,"(0, 1, 5, 8)",Cad,C--,C--,A,,
4987,C--,C--,6,A,"(0, 1, 5, 8)",Cad,C--,C--,A,,
4988,C--,C--,6,A,"(0, 1, 5, 8)",Cad,C--,C--,A,,
4989,C--,C--,6,A,"(0, 1, 5, 8)",Cad,C--,C--,A,,
4990,C--,C--,6,A,"(0, 1, 5, 8)",Cad,C--,C--,A,,
4991,C--,C--,6,A,"(0, 1, 5, 8)",Cad,C--,C--,A,,
4992,C--,C--,6,A,"(0, 1, 5, 8)",Cad,C--,C--,A,,
4993,C--,C--,6,A,"(0, 1, 5, 8)",Cad,C--,C--,A,,
4994,C--,C--,6,A,"(0, 1, 5, 8)",Cad,C--,C--,A,,
4995,C--,C--,6,A,"(0, 1, 5, 8)",Cad,C--,C--,A,,
4996,C--,C--,6,A,"(0, 1, 5, 8)",Cad,C--,C--,A,,
4997,C--,C--,6,A,"(0, 1, 5, 8)",Cad,C--,C--,A,,
4998,C--,C--,6,A,"(0, 1, 5, 8)",Cad,C--,C--,A,,
4999,C--,C--,6,A,"(0, 1, 5, 8)",Cad,C--,C--,A,,
5000,C--,C--,6,A,"(0, 1, 5, 8)",Cad,C--,C--,A,,
5001,C--,C--,6,A,"(0, 1, 5, 8)",Cad,C--,C--,A,,
5002,C--,C--,6,A,"(0, 1, 5, 8)",Cad,C--,C--,A,,
5003,C--,C--,6,A,"(0, 1, 5, 8)",Cad,C--,C--,A,,
5004,C--,C--,6,A,"(0, 1, 5, 8)",Cad,C--,C--,A,,
5005,C--,C--,6,A,"(0, 1, 5, 8)",Cad,C--,C--,A,,
5006,C--,C--,6,A,"(0, 1, 5, 8)",Cad,C--,C--,A,,
5007,C--,C--,6,A,"(0, 1, 5, 8)",Cad,C--,C--,A,,
5008,C--,C--,6,A,"(0, 1, 5, 8)",Cad,C--,C--,A,,
5009,C--,C--,6,A,"(0, 1, 5, 8)",Cad,C--,C--,A,,
5010,C--,C--,6,A,"(0, 1, 5, 8)",Cad,C--,C--,A,,
5011,C--,C--,6,A,"(0, 1, 5, 8)",Cad,C--,C--,A,,
5012,C--,C--,6,A,"(0, 1, 5, 8)",Cad,C--,C--,A,,
5013,C--,C--,6,A,"(0, 1, 5, 8)",Cad,C--,C--,A,,
5014,C--,C--,6,A,"(0, 1, 5, 8)",Cad,C--,C--,A,,
5015,C--,C--,6,A,"(0, 1, 5, 8)",Cad,C--,C--,A,,
5016,C--,C--,6,A,"(0, 1, 5, 8)",Cad,C--,C--,A,,
5017,C--,C--,6,A,"(0, 1, 5, 8)",Cad,C--,C--,A,,
5018,C--,C--,6,A,"(0, 1, 5, 8)",Cad,C--,C--,A,,
5019,C--,C--,6,A,"(0, 1, 5, 8)",Cad,C--,C--,A,,
5020,C--,C--,6,A,"(0, 1, 5, 8)",Cad,C--,C--,A,,
5021,C--,C--,6,A,"(0, 1, 5, 8)",Cad,C--,C--,A,,
5022,C--,C--,6,A,"(0, 1, 5, 8)",Cad,C--,C--,A,,
5023,C--,C--,6,A,"(0, 1, 5, 8)",Cad,C--,C--,A,,
5024,C--,C--,6,A,"(0, 1, 5, 8)",Cad,C--,C--,A,,
5025,C--,C--,6,A,"(0, 1, 5, 8)",Cad,C--,C--,A,,
5026,C--,C--,6,A,"(0, 1, 5, 8)",Cad,C--,C--,A,,
5027,C--,C--,6,A,"(0, 1, 5, 8)",Cad,C--,C--,A,,
5028,C--,C--,6,A,"(0, 1, 5, 8)",Cad,C--,C--,A,,
5029,C--,C--,6,A,"(0, 1, 5, 8)",Cad,C--,C--,A,,
5030,C--,C--,6,A,"(0, 1, 5, 8)",Cad,C--,C--,A,,
5031,C--,C--,6,A,"(0, 1, 5, 8)",Cad,C--,C--,A,,
5032,C--,C--,6,A,"(0, 1, 5, 8)",Cad,C--,C--,A,,
5033,C--,C--,6,A,"(0, 1, 5, 8)",Cad,C--,C--,A,,
5034,C--,C--,6,A,"(0, 1, 5, 8)",Cad,C--,C--,A,,
5035,C--,C--,6,A,"(0, 1, 5, 8)",Cad,C--,C--,A,,
5036,C--,C--,6,A,"(0, 1, 5, 8)",Cad,C--,C--,A,,
5037,C--,C--,6,A,"(0, 1, 5, 8)",Cad,C--,C--,A,,
5038,C--,C--,6,A,"(0, 1, 5, 8)",Cad,C--,C--,A,,
5039,C--,C--,6,A,"(0, 1, 5, 8)",Cad,C--,C--,A,,
5040,C--,C--,6,A,"(0, 1, 5, 8)",Cad,C--,C--,A,,
5041,C--,C--,6,A,"(0, 1, 5, 8)",Cad,C--,C--,A,,
5042,C--,C--,6,A,"(0, 1, 5, 8)",Cad,C--,C--,A,,
5043,C--,C--,6,A,"(0, 1, 5, 8)",Cad,C--,C--,A,,
5044,C--,C--,6,A,"(0, 1, 5, 8)",Cad,C--,C--,A,,
5045,C--,C--,6,A,"(0, 1, 5, 8)",Cad,C--,C--,A,,
5046,C--,C--,6,A,"(0, 1, 5, 8)",Cad,C--,C--,A,,
5047,C--,C--,6,A,"(0, 1, 5, 8)",Cad,C--,C--,A,,
5048,C--,C--,6,A,"(0, 1, 5, 8)",Cad,C--,C--,A,,
5049,C--,C--,6,A,"(0, 1, 5, 8)",Cad,C--,C--,A,,
5050,C--,C--,6,A,"(0, 1, 5, 8)",Cad,C--,C--,A,,
5051,C--,C--,6,A,"(0, 1, 5, 8)",Cad,C--,C--,A,,
5052,C--,C--,6,A,"(0, 1, 5, 8)",Cad,C--,C--,A,,
5053,C--,C--,6,A,"(0, 1, 5, 8)",Cad,C--,C--,A,,
5054,C--,C--,6,A,"(0, 1, 5, 8)",Cad,C--,C--,A,,
5055,C--,C--,6,A,"(0, 1, 5, 8)",Cad,C--,C--,A,,
5056,C--,C--,6,A,"(0, 1, 5, 8)",Cad,C--,C--,A,,
5057,C--,C--,6,A,"(0, 1, 5, 8)",Cad,C--,C--,A,,
5058,C--,C--,6,A,"(0, 1, 5, 8)",Cad,C--,C--,A,,
5059,C--,C--,6,A,"(0, 1, 5, 8)",Cad,C--,C--,A,,
5060,C--,C--,6,A,"(0, 1, 5, 8)",Cad,C--,C--,A,,
5061,C--,C--,6,A,"(0, 1, 5, 8)",Cad,C--,C--,A,,
5062,C--,C--,6,A,"(0, 1, 5, 8)",Cad,C--,C--,A,,
5063,C--,C--,6,A,"(0, 1, 5, 8)",Cad,C--,C--,A,,
5064,C--,C--,6,A,"(0, 1, 5, 8)",Cad,C--,C--,A,,
5065,C--,C--,6,A,"(0, 1, 5, 8)",Cad,C--,C--,A,,
5066,C--,C--,6,A,"(0, 1, 5, 8)",Cad,C--,C--,A,,
5067,C--,C--,6,A,"(0, 1, 5, 8)",Cad,C--,C--,A,,
5068,C--,C--,6,A,"(0, 1, 5, 8)",Cad,C--,C--,A,,
5069,C--,C--,6,A,"(0, 1, 5, 8)",Cad,C--,C--,A,,
5070,C--,C--,6,A,"(0, 1, 5, 8)",Cad,C--,C--,A,,
5071,C--,C--,6,A,"(0, 1, 5, 8)",Cad,C--,C--,A,,
5072,C--,C--,6,A,"(0, 1, 5, 8)",Cad,C--,C--,A,,
5073,C--,C--,6,A,"(0, 1, 5, 8)",Cad,C--,C--,A,,
5074,C--,C--,6,A,"(0, 1, 5, 8)",Cad,C--,C--,A,,
5075,C--,C--,6,A,"(0, 1, 5, 8)",Cad,C--,C--,A,,
5076,C--,C--,6,A,"(0, 1, 5, 8)",Cad,C--,C--,A,,
5077,C--,C--,6,A,"(0, 1, 5, 8)",Cad,C--,C--,A,,
5078,C--,C--,6,A,"(0, 1, 5, 8)",Cad,C--,C--,A,,
5079,C--,C--,6,A,"(0, 1, 5, 8)",Cad,C--,C--,A,,
5080,C--,C--,6,A,"(0, 1, 5, 8)",Cad,C--,C--,A,,
5081,C--,C--,6,A,"(0, 1, 5, 8)",Cad,C--,C--,A,,
5082,C--,C--,6,A,"(0, 1, 5, 8)",Cad,C--,C--,A,,
5083,C--,C--,6,A,"(0, 1, 5, 8)",Cad,C--,C--,A,,
5084,C--,C--,6,A,"(0, 1, 5, 8)",Cad,C--,C--,A,,
5085,C--,C--,6,A,"(0, 1, 5, 8)",Cad,C--,C--,A,,
5086,C--,C--,6,A,"(0, 1, 5, 8)",Cad,C--,C--,A,,
5087,C--,C--,6,A,"(0, 1, 5, 8)",Cad,C--,C--,A,,
5088,C--,C--,6,A,"(0, 1, 5, 8)",Cad,C--,C--,A,,
5089,C--,C--,6,A,"(0, 1, 5, 8)",Cad,C--,C--,A,,
5090,C--,C--,6,A,"(0, 1, 5, 8)",Cad,C--,C--,A,,
5091,C--,C--,6,A,"(0, 1, 5, 8)",Cad,C--,C--,A,,
5092,C--,C--,6,A,"(0, 1, 5, 8)",Cad,C--,C--,A,,
5093,C--,C--,6,A,"(0, 1, 5, 8)",Cad,C--,C--,A,,
5094,C--,C--,6,A,"(0, 1, 5, 8)",Cad,C--,C--,A,,
5095,C--,C--,6,A,"(0, 1, 5, 8)",Cad,C--,C--,A,,
5096,C--,C--,6,A,"(0, 1, 5, 8)",Cad,C--,C--,A,,
5097,C--,C--,6,A,"(0, 1, 5, 8)",Cad,C--,C--,A,,
5098,C--,C--,6,A,"(0, 1, 5, 8)",Cad,C--,C--,A,,
5099,C--,C--,6,A,"(0, 1, 5, 8)",Cad,C--,C--,A,,
5100,C--,C--,6,A,"(0, 1, 5, 8)",Cad,C--,C--,A,,
5101,C--,C--,6,A,"(0, 1, 5, 8)",Cad,C--,C--,A,,
5102,C--,C--,6,A,"(0, 1, 5, 8)",Cad,C--,C--,A,,
5103,C--,C--,6,A,"(0, 1, 5, 8)",Cad,C--,C--,A,,
5104,C--,C--,6,A,"(0, 1, 5, 8)",Cad,C--,C--,A,,
5105,C--,C--,6,A,"(0, 1, 5, 8)",Cad,C--,C--,A,,
5106,C--,C--,6,A,"(0, 1, 5, 8)",Cad,C--,C--,A,,
5107,C--,C--,6,A,"(0, 1, 5, 8)",Cad,C--,C--,A,,
5108,C--,C--,6,A,"(0, 1, 5, 8)",Cad,C--,C--,A,,
5109,C--,C--,6,A,"(0, 1, 5, 8)",Cad,C--,C--,A,,
5110,C--,C--,6,A,"(0, 1, 5, 8)",Cad,C--,C--,A,,
5111,C--,C--,6,A,"(0, 1, 5, 8)",Cad,C--,C--,A,,
5112,C--,C--,6,A,"(0, 1, 5, 8)",Cad,C--,C--,A,,
5113,C--,C--,6,A,"(0, 1, 5, 8)",Cad,C--,C--,A,,
5114,C--,C--,6,A,"(0, 1, 5, 8)",Cad,C--,C--,A,,
5115,C--,C--,6,A,"(0, 1, 5, 8)",Cad,C--,C--,A,,
5116,C--,C--,6,A,"(0, 1, 5, 8)",Cad,C--,C--,A,,
5117,C--,C--,6,A,"(0, 1, 5, 8)",Cad,C--,C--,A,,
5118,C--,C--,6,A,"(0, 1, 5, 8)",Cad,C--,C--,A,,
5119,C--,C--,6,A,"(0, 1, 5, 8)",Cad,C--,C--,A,,
