,Alto35,Bass35,HarmonicRhythm7,LocalKey38,PitchClassSet121,RomanNumeral31,Soprano35,Tenor35,TonicizedKey38,offset,measure
0,D,G,0,G,"(2, 7, 11)",I,G,B,G,0.0,0.0
1,D,G,1,G,"(2, 7, 11)",I,G,B,G,0.125,0.0
2,D,G,2,G,"(2, 7, 11)",I,G,B,G,0.25,0.0
3,D,G,2,G,"(2, 7, 11)",I,G,B,G,0.375,0.0
4,D,G,3,G,"(2, 7, 11)",I,G,B,G,0.5,0.0
5,D,G,3,G,"(2, 7, 11)",V+,G,B,G,0.625,0.0
6,D,G,3,G,"(2, 7, 11)",V+,G,B,G,0.75,0.0
7,D,G,3,G,"(2, 7, 11)",I,G,B,G,0.875,0.0
8,A,C,0,G,"(0, 4, 9)",ii,A,E,G,1.0,1.0
9,A,C,1,G,"(0, 4, 9)",ii,A,E,G,1.125,1.0
10,A,C,2,G,"(0, 4, 9)",ii,A,E,G,1.25,1.0
11,A,C,2,G,"(0, 4, 9)",ii,A,E,G,1.375,1.0
12,A,C,3,G,"(0, 4, 9)",ii,A,E,G,1.5,1.0
13,A,C,3,G,"(0, 4, 9)",ii,A,E,G,1.625,1.0
14,A,C,3,G,"(0, 4, 9)",ii,A,E,G,1.75,1.0
15,A,C,3,G,"(0, 4, 9)",ii,A,E,G,1.875,1.0
16,G,C,4,G,"(0, 4, 9)",ii,A,E,G,2.0,1.0
17,G,C,4,G,"(0, 4, 9)",ii,A,E,G,2.125,1.0
18,G,C,4,G,"(0, 4, 9)",ii,A,E,G,2.25,1.0
19,G,C,4,G,"(0, 4, 9)",ii,A,E,G,2.375,1.0
20,A,D,0,G,"(0, 2, 6, 9)",V7,C,F#,G,2.5,1.0
21,A,D,1,G,"(0, 2, 6, 9)",V7,C,F#,G,2.625,1.0
22,A,D,2,G,"(0, 2, 6, 9)",V7,C,F#,G,2.75,1.0
23,A,D,2,G,"(0, 2, 6, 9)",V7,C,F#,G,2.875,1.0
24,D,G,0,G,"(2, 7, 11)",I,G,B,G,3.0,2.0
25,D,G,1,G,"(2, 7, 11)",I,G,B,G,3.125,2.0
26,D,G,2,G,"(2, 7, 11)",I,G,B,G,3.25,2.0
27,D,G,2,G,"(2, 7, 11)",I,G,B,G,3.375,2.0
28,D,G,3,G,"(2, 7, 11)",I,G,B,G,3.5,2.0
29,D,G,3,G,"(2, 7, 11)",I,G,B,G,3.625,2.0
30,D,G,3,G,"(2, 7, 11)",I,G,B,G,3.75,2.0
31,D,G,3,G,"(2, 7, 11)",I,G,B,G,3.875,2.0
32,A,D,0,G,"(2, 6, 9)",V,D,F#,G,4.0,2.0
33,A,D,1,G,"(2, 6, 9)",V,D,F#,G,4.125,2.0
34,A,D,2,G,"(2, 6, 9)",V,D,F#,G,4.25,2.0
35,A,D,2,G,"(2, 6, 9)",V,D,F#,G,4.375,2.0
36,A,D,3,G,"(2, 6, 9)",V,D,F#,G,4.5,2.0
37,A,D,1,G,"(2, 6, 9)",V,D,F#,G,4.625,2.0
38,A,D,2,G,"(2, 6, 9)",V,D,F#,G,4.75,2.0
39,A,D,3,G,"(2, 6, 9)",V,D,F#,G,4.875,2.0
40,D,G,0,G,"(2, 7, 11)",I,G,B,G,5.0,3.0
41,D,G,1,G,"(2, 7, 11)",I,G,B,G,5.125,3.0
42,D,G,2,G,"(2, 7, 11)",I,G,B,G,5.25,3.0
43,D,G,2,G,"(2, 7, 11)",I,G,B,G,5.375,3.0
44,D,G,3,G,"(2, 7, 11)",I,G,B,G,5.5,3.0
45,D,G,3,G,"(2, 7, 11)",I,G,B,G,5.625,3.0
46,D,G,3,G,"(2, 7, 11)",I,G,B,G,5.75,3.0
47,D,G,3,G,"(2, 7, 11)",I,G,B,G,5.875,3.0
48,C,F#,0,G,"(0, 2, 6, 9)",V7,D,A,G,6.0,3.0
49,C,F#,1,G,"(0, 2, 6, 9)",V7,D,A,G,6.125,3.0
50,C,F#,2,G,"(0, 2, 6, 9)",V7,D,A,G,6.25,3.0
51,C,F#,2,G,"(0, 2, 6, 9)",V7,D,A,G,6.375,3.0
52,D,G,0,G,"(2, 7, 11)",I,G,B,G,6.5,3.0
53,D,G,1,G,"(2, 7, 11)",I,G,B,G,6.625,3.0
54,D,G,2,G,"(2, 7, 11)",I,G,B,G,6.75,3.0
55,D,G,2,G,"(2, 7, 11)",I,G,B,G,6.875,3.0
56,A,D,0,G,"(2, 6, 9)",V,D,F#,G,7.0,4.0
57,A,D,1,G,"(2, 6, 9)",V,D,F#,G,7.125,4.0
58,A,D,2,G,"(2, 6, 9)",V,D,F#,G,7.25,4.0
59,A,D,2,G,"(2, 6, 9)",V,D,F#,G,7.375,4.0
60,A,D,3,G,"(2, 6, 9)",V,D,F#,G,7.5,4.0
61,A,D,3,G,"(2, 6, 9)",V,D,F#,G,7.625,4.0
62,A,D,3,G,"(2, 6, 9)",V,D,F#,G,7.75,4.0
63,A,D,3,G,"(2, 6, 9)",V,D,F#,G,7.875,4.0
64,D,G,0,G,"(2, 7, 11)",I,G,B,G,8.0,4.0
65,D,G,1,G,"(2, 7, 11)",I,G,B,G,8.125,4.0
66,D,G,2,G,"(2, 7, 11)",I,G,B,G,8.25,4.0
67,D,G,2,G,"(2, 7, 11)",I,G,B,G,8.375,4.0
68,D,G,3,G,"(2, 7, 11)",I,G,B,G,8.5,4.0
69,D,G,3,G,"(2, 7, 11)",V+,G,B,G,8.625,4.0
70,D,G,3,G,"(2, 7, 11)",V+,G,B,G,8.75,4.0
71,D,G,3,G,"(2, 7, 11)",V+,G,B,G,8.875,4.0
72,A,C,0,G,"(0, 4, 9)",ii,A,E,G,9.0,5.0
73,A,C,1,G,"(0, 4, 9)",ii,A,E,G,9.125,5.0
74,A,C,2,G,"(0, 4, 9)",ii,A,E,G,9.25,5.0
75,A,C,2,G,"(0, 4, 9)",ii,A,E,G,9.375,5.0
76,A,C,3,G,"(0, 4, 9)",ii,A,E,G,9.5,5.0
77,A,C,3,G,"(0, 4, 9)",ii,A,E,G,9.625,5.0
78,A,C,3,G,"(0, 4, 9)",ii,A,E,G,9.75,5.0
79,A,C,3,G,"(0, 4, 9)",ii,A,E,G,9.875,5.0
80,A,C,4,G,"(0, 4, 9)",ii,A,E,G,10.0,5.0
81,A,C,4,G,"(0, 4, 9)",ii,A,E,G,10.125,5.0
82,A,C,4,G,"(0, 4, 9)",ii,A,E,G,10.25,5.0
83,A,C,4,G,"(0, 4, 9)",ii,A,E,G,10.375,5.0
84,A,D,0,G,"(0, 2, 6, 9)",V7,C,F#,G,10.5,5.0
85,A,D,1,G,"(0, 2, 6, 9)",V7,C,F#,G,10.625,5.0
86,A,D,2,G,"(0, 2, 6, 9)",V7,C,F#,G,10.75,5.0
87,A,D,2,G,"(0, 2, 6, 9)",V7,C,F#,G,10.875,5.0
88,D,G,0,G,"(2, 7, 11)",I,G,B,G,11.0,6.0
89,D,G,1,G,"(2, 7, 11)",I,G,B,G,11.125,6.0
90,D,G,2,G,"(2, 7, 11)",I,G,B,G,11.25,6.0
91,D,G,2,G,"(2, 7, 11)",I,G,B,G,11.375,6.0
92,D,G,3,G,"(2, 7, 11)",I,G,B,G,11.5,6.0
93,D,G,3,G,"(2, 7, 11)",I,G,B,G,11.625,6.0
94,D,G,3,G,"(2, 7, 11)",I,G,B,G,11.75,6.0
95,D,G,3,G,"(2, 7, 11)",I,G,B,G,11.875,6.0
96,A,D,0,G,"(2, 6, 9)",V,D,F#,G,12.0,6.0
97,A,D,1,G,"(2, 6, 9)",V,D,F#,G,12.125,6.0
98,A,D,2,G,"(2, 6, 9)",V,D,F#,G,12.25,6.0
99,A,D,2,G,"(2, 6, 9)",V,D,F#,G,12.375,6.0
100,A,D,3,G,"(2, 6, 9)",V,D,F#,G,12.5,6.0
101,A,D,1,G,"(2, 6, 9)",V,D,F#,G,12.625,6.0
102,A,D,2,G,"(2, 6, 9)",V,D,F#,G,12.75,6.0
103,A,D,3,G,"(2, 6, 9)",V,D,F#,G,12.875,6.0
104,D,G,0,G,"(2, 7, 11)",I,G,B,G,13.0,7.0
105,D,G,1,G,"(2, 7, 11)",I,G,B,G,13.125,7.0
106,D,G,2,G,"(2, 7, 11)",I,G,B,G,13.25,7.0
107,D,G,2,G,"(2, 7, 11)",I,G,B,G,13.375,7.0
108,D,G,3,G,"(2, 7, 11)",I,G,B,G,13.5,7.0
109,D,G,3,G,"(2, 7, 11)",I,G,B,G,13.625,7.0
110,D,G,3,G,"(2, 7, 11)",I,G,B,G,13.75,7.0
111,D,G,3,G,"(2, 7, 11)",I,G,B,G,13.875,7.0
112,F#,A,0,G,"(2, 6, 9)",V,D,D,G,14.0,7.0
113,F#,A,1,G,"(2, 6, 9)",V,D,D,G,14.125,7.0
114,F#,A,2,G,"(2, 6, 9)",V,D,D,G,14.25,7.0
115,F#,A,2,G,"(2, 6, 9)",V,D,D,G,14.375,7.0
116,E,A,0,G,"(1, 4, 7, 9)",V7,G,C#,D,14.5,7.0
117,E,A,1,G,"(1, 4, 7, 9)",V7,G,C#,D,14.625,7.0
118,E,A,2,G,"(1, 4, 7, 9)",V7,G,C#,D,14.75,7.0
119,E,A,2,G,"(1, 4, 7, 9)",V7,G,C#,D,14.875,7.0
120,A,D,0,G,"(2, 6, 9)",V,D,F#,G,15.0,8.0
121,A,D,1,G,"(2, 6, 9)",V,D,F#,G,15.125,8.0
122,A,D,2,G,"(2, 6, 9)",V,D,F#,G,15.25,8.0
123,A,D,2,G,"(2, 6, 9)",V,D,F#,G,15.375,8.0
124,A,D,3,G,"(2, 6, 9)",V,D,F#,G,15.5,8.0
125,A,D,3,G,"(2, 6, 9)",V,D,F#,G,15.625,8.0
126,A,D,3,G,"(2, 6, 9)",V,D,F#,G,15.75,8.0
127,A,D,3,G,"(2, 6, 9)",V,D,F#,G,15.875,8.0
128,F#,B,0,G,"(2, 7, 11)",I,G,D,G,16.0,8.0
129,F#,B,1,G,"(2, 7, 11)",I,G,D,G,16.125,8.0
130,F#,B,2,G,"(2, 7, 11)",I,G,D,G,16.25,8.0
131,F#,B,2,G,"(2, 7, 11)",I,G,D,G,16.375,8.0
132,F#,B,4,G,"(2, 7, 11)",I,G,D,G,16.5,8.0
133,F#,B,4,G,"(2, 7, 11)",I,G,D,G,16.625,8.0
134,F#,B,4,G,"(2, 7, 11)",I,G,D,G,16.75,8.0
135,F#,B,4,G,"(2, 7, 11)",vi,G,D,G,16.875,8.0
136,D,A,0,G,"(0, 2, 6, 9)",V7,F#,C,G,17.0,9.0
137,D,A,1,G,"(0, 2, 6, 9)",V7,F#,C,G,17.125,9.0
138,D,A,2,G,"(0, 2, 6, 9)",V7,F#,C,G,17.25,9.0
139,D,A,2,G,"(0, 2, 6, 9)",V7,F#,C,G,17.375,9.0
140,D,A,3,G,"(0, 2, 6, 9)",V7,F#,C,G,17.5,9.0
141,D,A,3,G,"(0, 2, 6, 9)",V7,F#,C,G,17.625,9.0
142,D,A,3,G,"(0, 2, 6, 9)",V7,F#,C,G,17.75,9.0
143,D,A,3,G,"(0, 2, 6, 9)",V7,F#,C,G,17.875,9.0
144,D,G,0,G,"(2, 7, 11)",I,G,B,G,18.0,9.0
145,D,G,1,G,"(2, 7, 11)",I,G,B,G,18.125,9.0
146,D,G,2,G,"(2, 7, 11)",I,G,B,G,18.25,9.0
147,D,G,2,G,"(2, 7, 11)",I,G,B,G,18.375,9.0
148,D,G,3,G,"(2, 7, 11)",I,G,B,G,18.5,9.0
149,D,G,3,G,"(2, 7, 11)",I,G,B,G,18.625,9.0
150,D,G,3,G,"(2, 7, 11)",I,G,B,G,18.75,9.0
151,D,G,3,G,"(2, 7, 11)",I,G,B,G,18.875,9.0
152,A,D,0,G,"(2, 6, 9)",V,D,F#,G,19.0,10.0
153,A,D,1,G,"(2, 6, 9)",Cad,D,F#,G,19.125,10.0
154,A,D,2,G,"(2, 6, 9)",Cad,D,F#,G,19.25,10.0
155,A,D,2,G,"(2, 6, 9)",Cad,D,F#,G,19.375,10.0
156,A,D,3,G,"(2, 6, 9)",V,D,F#,G,19.5,10.0
157,A,D,3,G,"(2, 6, 9)",V,D,F#,G,19.625,10.0
158,A,D,3,G,"(2, 6, 9)",V,D,F#,G,19.75,10.0
159,A,D,3,G,"(2, 6, 9)",V,D,F#,G,19.875,10.0
160,A,C,0,G,"(0, 2, 6, 9)",ii,A,E,G,20.0,10.0
161,A,C,1,G,"(0, 2, 6, 9)",ii,A,E,G,20.125,10.0
162,A,C,2,G,"(0, 2, 6, 9)",ii,A,E,G,20.25,10.0
163,A,C,2,G,"(0, 2, 6, 9)",ii,A,E,G,20.375,10.0
164,A,C,3,G,"(0, 2, 6, 9)",ii,A,E,G,20.5,10.0
165,A,C,3,G,"(0, 2, 6, 9)",ii,A,E,G,20.625,10.0
166,A,C,3,G,"(0, 2, 6, 9)",ii,A,E,G,20.75,10.0
167,A,C,3,G,"(0, 2, 6, 9)",ii,A,E,G,20.875,10.0
168,G,B,0,G,"(2, 7, 11)",I,G,D,G,21.0,11.0
169,G,B,1,G,"(2, 7, 11)",I,G,D,G,21.125,11.0
170,G,B,2,G,"(2, 7, 11)",I,G,D,G,21.25,11.0
171,G,B,2,G,"(2, 7, 11)",I,G,D,G,21.375,11.0
172,G,B,3,G,"(2, 7, 11)",I,G,D,G,21.5,11.0
173,G,B,3,G,"(2, 7, 11)",I,G,D,G,21.625,11.0
174,G,B,3,G,"(2, 7, 11)",I,G,D,G,21.75,11.0
175,G,B,3,G,"(2, 7, 11)",I,G,D,G,21.875,11.0
176,C,F#,0,G,"(0, 2, 6, 9)",V7,D,A,G,22.0,11.0
177,C,F#,1,G,"(0, 2, 6, 9)",V7,D,A,G,22.125,11.0
178,C,F#,2,G,"(0, 2, 6, 9)",V7,D,A,G,22.25,11.0
179,C,F#,2,G,"(0, 2, 6, 9)",V7,D,A,G,22.375,11.0
180,C,F#,3,G,"(0, 2, 6, 9)",V7,D,A,G,22.5,11.0
181,C,F#,3,G,"(0, 2, 6, 9)",V7,D,A,G,22.625,11.0
182,C,F#,3,G,"(0, 2, 6, 9)",V7,D,A,G,22.75,11.0
183,C,F#,3,G,"(0, 2, 6, 9)",V7,D,A,G,22.875,11.0
184,D,G,0,G,"(2, 7, 11)",I,G,B,G,23.0,12.0
185,D,G,1,G,"(2, 7, 11)",I,G,B,G,23.125,12.0
186,D,G,2,G,"(2, 7, 11)",I,G,B,G,23.25,12.0
187,D,G,2,G,"(2, 7, 11)",I,G,B,G,23.375,12.0
188,D,G,3,G,"(2, 7, 11)",I,G,B,G,23.5,12.0
189,D,G,3,G,"(2, 7, 11)",I,G,B,G,23.625,12.0
190,D,G,3,G,"(2, 7, 11)",I,G,B,G,23.75,12.0
191,D,G,3,G,"(2, 7, 11)",I,G,B,G,23.875,12.0
192,D,G,4,G,"(2, 7, 11)",I,G,B,G,24.0,12.0
193,D,G,4,G,"(2, 7, 11)",I,G,B,G,24.125,12.0
194,D,G,4,G,"(2, 7, 11)",I,G,B,G,24.25,12.0
195,D,G,4,G,"(2, 7, 11)",I,G,B,G,24.375,12.0
196,D,G,4,G,"(2, 7, 11)",I,G,B,G,24.5,12.0
197,D,G,4,G,"(2, 7, 11)",V+,G,B,G,24.625,12.0
198,D,G,4,G,"(2, 7, 11)",V+,G,B,G,24.75,12.0
199,D,G,4,G,"(2, 7, 11)",V+,G,B,G,24.875,12.0
200,A,C,0,G,"(0, 4, 9)",ii,A,E,G,25.0,13.0
201,A,C,1,G,"(0, 4, 9)",ii,A,E,G,25.125,13.0
202,A,C,2,G,"(0, 4, 9)",ii,A,E,G,25.25,13.0
203,A,C,2,G,"(0, 4, 9)",ii,A,E,G,25.375,13.0
204,A,C,3,G,"(0, 4, 9)",ii,A,E,G,25.5,13.0
205,A,C,3,G,"(0, 4, 9)",ii,A,E,G,25.625,13.0
206,A,C,3,G,"(0, 4, 9)",ii,A,E,G,25.75,13.0
207,A,C,3,G,"(0, 4, 9)",ii,A,E,G,25.875,13.0
208,A,C,4,G,"(0, 4, 9)",ii,A,E,G,26.0,13.0
209,A,C,4,G,"(0, 4, 9)",ii,A,E,G,26.125,13.0
210,A,C,4,G,"(0, 4, 9)",ii,A,E,G,26.25,13.0
211,A,C,4,G,"(0, 4, 9)",ii,A,E,G,26.375,13.0
212,A,D,0,G,"(0, 2, 6, 9)",V7,C,F#,G,26.5,13.0
213,A,D,1,G,"(0, 2, 6, 9)",V7,C,F#,G,26.625,13.0
214,A,D,2,G,"(0, 2, 6, 9)",V7,C,F#,G,26.75,13.0
215,A,D,2,G,"(0, 2, 6, 9)",V7,C,F#,G,26.875,13.0
216,D,G,0,G,"(2, 7, 11)",I,G,B,G,27.0,14.0
217,D,G,1,G,"(2, 7, 11)",I,G,B,G,27.125,14.0
218,D,G,2,G,"(2, 7, 11)",I,G,B,G,27.25,14.0
219,D,G,2,G,"(2, 7, 11)",I,G,B,G,27.375,14.0
220,D,G,3,G,"(2, 7, 11)",I,G,B,G,27.5,14.0
221,D,G,3,G,"(2, 7, 11)",I,G,B,G,27.625,14.0
222,D,G,3,G,"(2, 7, 11)",I,G,B,G,27.75,14.0
223,D,G,3,G,"(2, 7, 11)",I,G,B,G,27.875,14.0
224,A,D,0,G,"(2, 6, 9)",V,D,F#,G,28.0,14.0
225,A,D,1,G,"(2, 6, 9)",V,D,F#,G,28.125,14.0
226,A,D,2,G,"(2, 6, 9)",V,D,F#,G,28.25,14.0
227,A,D,2,G,"(2, 6, 9)",V,D,F#,G,28.375,14.0
228,A,D,3,G,"(2, 6, 9)",V,D,F#,G,28.5,14.0
229,A,D,3,G,"(2, 6, 9)",V,D,F#,G,28.625,14.0
230,A,D,2,G,"(2, 6, 9)",V,D,F#,G,28.75,14.0
231,A,D,3,G,"(2, 6, 9)",V,D,F#,G,28.875,14.0
232,D,G,0,G,"(2, 7, 11)",I,G,B,G,29.0,15.0
233,D,G,1,G,"(2, 7, 11)",I,G,B,G,29.125,15.0
234,D,G,2,G,"(2, 7, 11)",I,G,B,G,29.25,15.0
235,D,G,2,G,"(2, 7, 11)",I,G,B,G,29.375,15.0
236,D,G,3,G,"(2, 7, 11)",I,G,B,G,29.5,15.0
237,D,G,3,G,"(2, 7, 11)",I,G,B,G,29.625,15.0
238,D,G,3,G,"(2, 7, 11)",I,G,B,G,29.75,15.0
239,D,G,3,G,"(2, 7, 11)",I,G,B,G,29.875,15.0
240,G,C,0,G,"(0, 4, 7)",IV,C,E,G,30.0,15.0
241,G,C,1,G,"(0, 4, 7)",IV,C,E,G,30.125,15.0
242,G,C,2,G,"(0, 4, 7)",IV,C,E,G,30.25,15.0
243,G,C,2,G,"(0, 4, 7)",IV,C,E,G,30.375,15.0
244,A,D,0,G,"(2, 6, 9)",V7,D,F#,G,30.5,15.0
245,A,D,1,G,"(2, 6, 9)",V7,D,F#,G,30.625,15.0
246,A,D,2,G,"(2, 6, 9)",V7,D,F#,G,30.75,15.0
247,A,D,2,G,"(2, 6, 9)",V7,D,F#,G,30.875,15.0
248,D,G,0,G,"(2, 7, 11)",I,G,B,G,31.0,16.0
249,D,G,1,G,"(2, 7, 11)",I,G,B,G,31.125,16.0
250,D,G,2,G,"(2, 7, 11)",I,G,B,G,31.25,16.0
251,D,G,2,G,"(2, 7, 11)",I,G,B,G,31.375,16.0
252,D,G,3,G,"(2, 7, 11)",I,G,B,G,31.5,16.0
253,D,G,3,G,"(2, 7, 11)",I,G,B,G,31.625,16.0
254,D,G,3,G,"(2, 7, 11)",I,G,B,G,31.75,16.0
255,D,G,3,G,"(2, 7, 11)",I,G,B,G,31.875,16.0
256,D,G,4,G,"(2, 7, 11)",I,G,B,G,32.0,16.0
257,D,G,4,G,"(2, 7, 11)",I,G,B,G,32.125,16.0
258,D,G,4,G,"(2, 7, 11)",I,G,B,G,32.25,16.0
259,D,G,4,G,"(2, 7, 11)",I,G,B,G,32.375,16.0
260,D,G,4,G,"(2, 7, 11)",I,G,B,G,32.5,16.0
261,D,G,4,G,"(2, 7, 11)",I,G,B,G,32.625,16.0
262,D,G,4,G,"(2, 7, 11)",I,G,B,G,32.75,16.0
263,D,G,4,G,"(2, 7, 11)",I,G,B,G,32.875,16.0
264,D,G,0,G,"(2, 7, 11)",I,G,B,G,33.0,17.0
265,D,G,1,G,"(2, 7, 11)",I,G,B,G,33.125,17.0
266,D,G,2,G,"(2, 7, 11)",I,G,B,G,33.25,17.0
267,D,G,2,G,"(2, 7, 11)",I,G,B,G,33.375,17.0
268,D,G,3,G,"(2, 7, 11)",I,G,B,G,33.5,17.0
269,D,G,3,G,"(2, 7, 11)",I,G,B,G,33.625,17.0
270,D,G,3,G,"(2, 7, 11)",I,G,B,G,33.75,17.0
271,D,G,3,G,"(2, 7, 11)",I,G,B,G,33.875,17.0
272,A,C,0,G,"(0, 4, 9)",ii,A,E,G,34.0,18.0
273,A,C,1,G,"(0, 4, 9)",ii,A,E,G,34.125,18.0
274,A,C,2,G,"(0, 4, 9)",ii,A,E,G,34.25,18.0
275,A,C,2,G,"(0, 4, 9)",ii,A,E,G,34.375,18.0
276,A,C,3,G,"(0, 4, 9)",ii,A,E,G,34.5,18.0
277,A,C,3,G,"(0, 4, 9)",ii,A,E,G,34.625,18.0
278,A,C,3,G,"(0, 4, 9)",ii,A,E,G,34.75,18.0
279,A,C,3,G,"(0, 4, 9)",ii,A,E,G,34.875,18.0
280,A,D,0,G,"(0, 2, 6, 9)",V7,C,F#,G,35.0,18.0
281,A,D,1,G,"(0, 2, 6, 9)",V7,C,F#,G,35.125,18.0
282,A,D,2,G,"(0, 2, 6, 9)",V7,C,F#,G,35.25,18.0
283,A,D,2,G,"(0, 2, 6, 9)",V7,C,F#,G,35.375,18.0
284,A,D,3,G,"(0, 2, 6, 9)",V7,C,F#,G,35.5,18.0
285,A,D,3,G,"(0, 2, 6, 9)",V7,C,F#,G,35.625,18.0
286,A,D,3,G,"(0, 2, 6, 9)",V7,C,F#,G,35.75,18.0
287,A,D,3,G,"(0, 2, 6, 9)",V7,C,F#,G,35.875,18.0
288,D,G,0,G,"(2, 7, 11)",I,G,B,G,36.0,19.0
289,D,G,1,G,"(2, 7, 11)",I,G,B,G,36.125,19.0
290,D,G,2,G,"(2, 7, 11)",I,G,B,G,36.25,19.0
291,D,G,2,G,"(2, 7, 11)",I,G,B,G,36.375,19.0
292,D,G,3,G,"(2, 7, 11)",I,G,B,G,36.5,19.0
293,D,G,3,G,"(2, 7, 11)",I,G,B,G,36.625,19.0
294,D,G,3,G,"(2, 7, 11)",I,G,B,G,36.75,19.0
295,D,G,3,G,"(2, 7, 11)",I,G,B,G,36.875,19.0
296,A,D,0,G,"(2, 6, 9)",V,D,F#,G,37.0,19.0
297,A,D,1,G,"(2, 6, 9)",V,D,F#,G,37.125,19.0
298,A,D,2,G,"(2, 6, 9)",V,D,F#,G,37.25,19.0
299,A,D,2,G,"(2, 6, 9)",V,D,F#,G,37.375,19.0
300,A,D,0,G,"(2, 6, 9)",V,D,F#,G,37.5,19.0
301,A,D,3,G,"(2, 6, 9)",V,D,F#,G,37.625,19.0
302,A,D,3,G,"(2, 6, 9)",V,D,F#,G,37.75,19.0
303,A,D,2,G,"(2, 6, 9)",V,D,F#,G,37.875,19.0
304,D,G,0,G,"(2, 7, 11)",I,G,B,G,38.0,20.0
305,D,G,1,G,"(2, 7, 11)",I,G,B,G,38.125,20.0
306,D,G,2,G,"(2, 7, 11)",I,G,B,G,38.25,20.0
307,D,G,2,G,"(2, 7, 11)",I,G,B,G,38.375,20.0
308,D,G,3,G,"(2, 7, 11)",I,G,B,G,38.5,20.0
309,D,G,3,G,"(2, 7, 11)",I,G,B,G,38.625,20.0
310,D,G,3,G,"(2, 7, 11)",I,G,B,G,38.75,20.0
311,D,G,3,G,"(2, 7, 11)",I,G,B,G,38.875,20.0
312,C,E,0,G,"(0, 4, 7)",IV,C,G,G,39.0,20.0
313,C,E,1,G,"(0, 4, 7)",IV,C,G,G,39.125,20.0
314,C,E,2,G,"(0, 4, 7)",IV,C,G,G,39.25,20.0
315,C,E,2,G,"(0, 4, 7)",IV,C,G,G,39.375,20.0
316,G,C#,0,G,"(1, 4, 7, 11)",vi,B,E,G,39.5,20.0
317,G,C#,1,G,"(1, 4, 7, 11)",vi,B,E,G,39.625,20.0
318,G,C#,2,G,"(1, 4, 7, 11)",vi,B,E,G,39.75,20.0
319,G,C#,2,G,"(1, 4, 7, 11)",vi,B,E,G,39.875,20.0
320,A,D,0,G,"(2, 6, 9)",V,D,F#,G,40.0,21.0
321,A,D,1,G,"(2, 6, 9)",V,D,F#,G,40.125,21.0
322,A,D,2,G,"(2, 6, 9)",V,D,F#,G,40.25,21.0
323,A,D,2,G,"(2, 6, 9)",V,D,F#,G,40.375,21.0
324,A,D,3,G,"(2, 6, 9)",V,D,F#,G,40.5,21.0
325,A,D,3,G,"(2, 6, 9)",V,D,F#,G,40.625,21.0
326,A,D,3,G,"(2, 6, 9)",V,D,F#,G,40.75,21.0
327,A,D,3,G,"(2, 6, 9)",V,D,F#,G,40.875,21.0
328,D,G,0,G,"(2, 7, 11)",I,G,B,G,41.0,21.0
329,D,G,1,G,"(2, 7, 11)",I,G,B,G,41.125,21.0
330,D,G,2,G,"(2, 7, 11)",I,G,B,G,41.25,21.0
331,D,G,2,G,"(2, 7, 11)",I,G,B,G,41.375,21.0
332,D,G,3,G,"(2, 7, 11)",I,G,B,G,41.5,21.0
333,D,G,3,G,"(2, 7, 11)",I,G,B,G,41.625,21.0
334,D,G,3,G,"(2, 7, 11)",I,G,B,G,41.75,21.0
335,D,G,3,G,"(2, 7, 11)",I,G,B,G,41.875,21.0
336,A,C,0,G,"(0, 4, 9)",ii,A,E,G,42.0,22.0
337,A,C,1,G,"(0, 4, 9)",ii,A,E,G,42.125,22.0
338,A,C,2,G,"(0, 4, 9)",ii,A,E,G,42.25,22.0
339,A,C,2,G,"(0, 4, 9)",ii,A,E,G,42.375,22.0
340,A,C,3,G,"(0, 4, 9)",ii,A,E,G,42.5,22.0
341,A,C,3,G,"(0, 4, 9)",ii,A,E,G,42.625,22.0
342,A,C,3,G,"(0, 4, 9)",ii,A,E,G,42.75,22.0
343,A,C,3,G,"(0, 4, 9)",ii,A,E,G,42.875,22.0
344,A,D,0,G,"(0, 2, 6, 9)",V7,C,F#,G,43.0,22.0
345,A,D,1,G,"(0, 2, 6, 9)",V7,C,F#,G,43.125,22.0
346,A,D,2,G,"(0, 2, 6, 9)",V7,C,F#,G,43.25,22.0
347,A,D,2,G,"(0, 2, 6, 9)",V7,C,F#,G,43.375,22.0
348,A,D,3,G,"(0, 2, 6, 9)",V7,C,F#,G,43.5,22.0
349,A,D,3,G,"(0, 2, 6, 9)",V7,C,F#,G,43.625,22.0
350,A,D,3,G,"(0, 2, 6, 9)",V7,C,F#,G,43.75,22.0
351,A,D,3,G,"(0, 2, 6, 9)",V7,C,F#,G,43.875,22.0
352,D,G,0,G,"(2, 7, 11)",I,G,B,G,44.0,23.0
353,D,G,1,G,"(2, 7, 11)",I,G,B,G,44.125,23.0
354,D,G,2,G,"(2, 7, 11)",I,G,B,G,44.25,23.0
355,D,G,2,G,"(2, 7, 11)",I,G,B,G,44.375,23.0
356,D,G,3,G,"(2, 7, 11)",I,G,B,G,44.5,23.0
357,D,G,3,G,"(2, 7, 11)",I,G,B,G,44.625,23.0
358,D,G,3,G,"(2, 7, 11)",I,G,B,G,44.75,23.0
359,D,G,3,G,"(2, 7, 11)",I,G,B,G,44.875,23.0
360,A,D,0,G,"(2, 6, 9)",V,D,F#,G,45.0,23.0
361,A,D,1,G,"(2, 6, 9)",V,D,F#,G,45.125,23.0
362,A,D,2,G,"(2, 6, 9)",V,D,F#,G,45.25,23.0
363,A,D,2,G,"(2, 6, 9)",V,D,F#,G,45.375,23.0
364,A,D,0,G,"(2, 6, 9)",V,D,F#,G,45.5,23.0
365,A,D,3,G,"(2, 6, 9)",V,D,F#,G,45.625,23.0
366,A,D,3,G,"(2, 6, 9)",V,D,F#,G,45.75,23.0
367,A,D,2,G,"(2, 6, 9)",V,D,F#,G,45.875,23.0
368,D,G,0,G,"(2, 7, 11)",I,G,B,G,46.0,24.0
369,D,G,1,G,"(2, 7, 11)",I,G,B,G,46.125,24.0
370,D,G,2,G,"(2, 7, 11)",I,G,B,G,46.25,24.0
371,D,G,2,G,"(2, 7, 11)",I,G,B,G,46.375,24.0
372,D,G,3,G,"(2, 7, 11)",I,G,B,G,46.5,24.0
373,D,G,3,G,"(2, 7, 11)",I,G,B,G,46.625,24.0
374,D,G,3,G,"(2, 7, 11)",I,G,B,G,46.75,24.0
375,D,G,3,G,"(2, 7, 11)",I,G,B,G,46.875,24.0
376,F#,A,0,G,"(2, 6, 9)",V,D,D,G,47.0,24.0
377,F#,A,1,G,"(2, 6, 9)",V,D,D,G,47.125,24.0
378,F#,A,2,G,"(2, 6, 9)",V,D,D,G,47.25,24.0
379,F#,A,2,G,"(2, 6, 9)",V,D,D,G,47.375,24.0
380,E,A,3,G,"(0, 4, 7, 9)",ii7,G,C,G,47.5,24.0
381,E,A,3,G,"(0, 4, 7, 9)",ii7,G,C,G,47.625,24.0
382,E,A,3,G,"(0, 4, 7, 9)",ii7,G,C,G,47.75,24.0
383,E,A,3,G,"(0, 4, 7, 9)",ii7,G,C,G,47.875,24.0
384,A,D,0,G,"(2, 6, 9)",V,D,F#,G,48.0,25.0
385,A,D,1,G,"(2, 6, 9)",V,D,F#,G,48.125,25.0
386,A,D,2,G,"(2, 6, 9)",V,D,F#,G,48.25,25.0
387,A,D,2,G,"(2, 6, 9)",V,D,F#,G,48.375,25.0
388,A,D,3,G,"(2, 6, 9)",V,D,F#,G,48.5,25.0
389,A,D,3,G,"(2, 6, 9)",V,D,F#,G,48.625,25.0
390,A,D,3,G,"(2, 6, 9)",V,D,F#,G,48.75,25.0
391,A,D,3,G,"(2, 6, 9)",V,D,F#,G,48.875,25.0
392,F#,B,0,G,"(2, 7, 11)",I,G,D,G,49.0,25.0
393,F#,B,1,G,"(2, 7, 11)",I,G,D,G,49.125,25.0
394,F#,B,2,G,"(2, 7, 11)",I,G,D,G,49.25,25.0
395,F#,B,2,G,"(2, 7, 11)",I,G,D,G,49.375,25.0
396,F#,B,3,G,"(2, 7, 11)",I,G,D,G,49.5,25.0
397,F#,B,3,G,"(2, 7, 11)",I,G,D,G,49.625,25.0
398,F#,B,3,G,"(2, 7, 11)",I,G,D,G,49.75,25.0
399,F#,B,3,G,"(2, 7, 11)",I,G,D,G,49.875,25.0
400,D,A,0,G,"(0, 2, 6, 9)",V7,F#,C,G,50.0,26.0
401,D,A,1,G,"(0, 2, 6, 9)",V7,F#,C,G,50.125,26.0
402,D,A,2,G,"(0, 2, 6, 9)",V7,F#,C,G,50.25,26.0
403,D,A,2,G,"(0, 2, 6, 9)",V7,F#,C,G,50.375,26.0
404,D,A,3,G,"(0, 2, 6, 9)",V7,F#,C,G,50.5,26.0
405,D,A,3,G,"(0, 2, 6, 9)",V7,F#,C,G,50.625,26.0
406,D,A,3,G,"(0, 2, 6, 9)",V7,F#,C,G,50.75,26.0
407,D,A,3,G,"(0, 2, 6, 9)",V7,F#,C,G,50.875,26.0
408,D,G,0,G,"(2, 7, 11)",I,G,B,G,51.0,26.0
409,D,G,1,G,"(2, 7, 11)",I,G,B,G,51.125,26.0
410,D,G,2,G,"(2, 7, 11)",I,G,B,G,51.25,26.0
411,D,G,2,G,"(2, 7, 11)",I,G,B,G,51.375,26.0
412,D,G,3,G,"(2, 7, 11)",I,G,B,G,51.5,26.0
413,D,G,3,G,"(2, 7, 11)",I,G,B,G,51.625,26.0
414,D,G,3,G,"(2, 7, 11)",I,G,B,G,51.75,26.0
415,D,G,3,G,"(2, 7, 11)",I,G,B,G,51.875,26.0
416,A,D,0,G,"(2, 6, 9)",V7,D,F#,G,52.0,27.0
417,A,D,1,G,"(0, 2, 6, 9)",V7,D,F#,G,52.125,27.0
418,A,D,2,G,"(0, 2, 6, 9)",V7,D,F#,G,52.25,27.0
419,A,D,2,G,"(0, 2, 6, 9)",V7,D,F#,G,52.375,27.0
420,A,D,3,G,"(0, 2, 6, 9)",V7,D,F#,G,52.5,27.0
421,A,D,3,G,"(2, 6, 9)",V7,D,F#,G,52.625,27.0
422,A,D,3,G,"(2, 6, 9)",V7,D,F#,G,52.75,27.0
423,A,D,3,G,"(2, 6, 9)",V7,D,F#,G,52.875,27.0
424,A,C,0,G,"(0, 2, 6, 9)",V7,A,D,G,53.0,27.0
425,A,C,1,G,"(0, 2, 6, 9)",V7,A,D,G,53.125,27.0
426,A,C,2,G,"(0, 2, 6, 9)",V7,A,D,G,53.25,27.0
427,A,C,2,G,"(0, 2, 6, 9)",V7,A,D,G,53.375,27.0
428,F#,C,3,G,"(0, 2, 6, 9)",V7,C,D,G,53.5,27.0
429,F#,C,3,G,"(0, 2, 6, 9)",V7,C,D,G,53.625,27.0
430,F#,C,3,G,"(0, 2, 6, 9)",V7,C,D,G,53.75,27.0
431,F#,C,3,G,"(0, 2, 6, 9)",V7,C,D,G,53.875,27.0
432,G,B,0,G,"(2, 7, 11)",I,G,D,G,54.0,28.0
433,G,B,1,G,"(2, 7, 11)",I,G,D,G,54.125,28.0
434,G,B,2,G,"(2, 7, 11)",I,G,D,G,54.25,28.0
435,G,B,2,G,"(2, 7, 11)",I,G,D,G,54.375,28.0
436,G,B,3,G,"(2, 7, 11)",I,G,D,G,54.5,28.0
437,G,B,3,G,"(2, 7, 11)",I,G,D,G,54.625,28.0
438,G,B,3,G,"(2, 7, 11)",I,G,D,G,54.75,28.0
439,G,B,3,G,"(2, 7, 11)",I,G,D,G,54.875,28.0
440,D,F#,0,G,"(2, 6, 9)",V,D,A,G,55.0,28.0
441,D,F#,1,G,"(2, 6, 9)",V,D,A,G,55.125,28.0
442,D,F#,2,G,"(2, 6, 9)",V,D,A,G,55.25,28.0
443,D,F#,2,G,"(2, 6, 9)",V,D,A,G,55.375,28.0
444,D,F#,0,G,"(2, 6, 9)",V,D,A,G,55.5,28.0
445,D,F#,3,G,"(2, 6, 9)",V,D,A,G,55.625,28.0
446,D,F#,3,G,"(2, 6, 9)",V,D,A,G,55.75,28.0
447,D,F#,2,G,"(2, 6, 9)",V,D,A,G,55.875,28.0
448,D,G,0,G,"(2, 7, 11)",I,G,B,G,56.0,29.0
449,D,G,1,G,"(2, 7, 11)",I,G,B,G,56.125,29.0
450,D,G,2,G,"(2, 7, 11)",I,G,B,G,56.25,29.0
451,D,G,2,G,"(2, 7, 11)",I,G,B,G,56.375,29.0
452,D,G,3,G,"(2, 7, 11)",I,G,B,G,56.5,29.0
453,D,G,3,G,"(2, 7, 11)",I,G,B,G,56.625,29.0
454,D,G,3,G,"(2, 7, 11)",I,G,B,G,56.75,29.0
455,D,G,3,G,"(2, 7, 11)",I,G,B,G,56.875,29.0
456,D,G,4,G,"(2, 7, 11)",I,G,B,G,57.0,29.0
457,D,G,4,G,"(2, 7, 11)",I,G,B,G,57.125,29.0
458,D,G,4,G,"(2, 7, 11)",I,G,B,G,57.25,29.0
459,D,G,4,G,"(2, 7, 11)",I,G,B,G,57.375,29.0
460,D,G,4,G,"(2, 7, 11)",I,G,B,G,57.5,29.0
461,D,G,4,G,"(2, 7, 11)",I,G,B,G,57.625,29.0
462,D,G,4,G,"(2, 7, 11)",I,G,B,G,57.75,29.0
463,D,G,4,G,"(2, 7, 11)",I,G,B,G,57.875,29.0
464,A,C,0,G,"(0, 4, 9)",ii,A,E,G,58.0,30.0
465,A,C,1,G,"(0, 4, 9)",ii,A,E,G,58.125,30.0
466,A,C,2,G,"(0, 4, 9)",ii,A,E,G,58.25,30.0
467,A,C,2,G,"(0, 4, 9)",ii,A,E,G,58.375,30.0
468,A,C,3,G,"(0, 4, 9)",ii,A,E,G,58.5,30.0
469,A,C,3,G,"(0, 4, 9)",ii,A,E,G,58.625,30.0
470,A,C,3,G,"(0, 4, 9)",ii,A,E,G,58.75,30.0
471,A,C,3,G,"(0, 4, 9)",ii,A,E,G,58.875,30.0
472,A,D,0,G,"(0, 2, 6, 9)",V7,C,F#,G,59.0,30.0
473,A,D,1,G,"(0, 2, 6, 9)",V7,C,F#,G,59.125,30.0
474,A,D,2,G,"(0, 2, 6, 9)",V7,C,F#,G,59.25,30.0
475,A,D,2,G,"(0, 2, 6, 9)",V7,C,F#,G,59.375,30.0
476,A,D,3,G,"(0, 2, 6, 9)",V7,C,F#,G,59.5,30.0
477,A,D,3,G,"(0, 2, 6, 9)",V7,C,F#,G,59.625,30.0
478,A,D,3,G,"(0, 2, 6, 9)",V7,C,F#,G,59.75,30.0
479,A,D,3,G,"(0, 2, 6, 9)",V7,C,F#,G,59.875,30.0
480,D,G,0,G,"(2, 7, 11)",I,G,B,G,60.0,31.0
481,D,G,1,G,"(2, 7, 11)",I,G,B,G,60.125,31.0
482,D,G,2,G,"(2, 7, 11)",I,G,B,G,60.25,31.0
483,D,G,2,G,"(2, 7, 11)",I,G,B,G,60.375,31.0
484,D,G,3,G,"(2, 7, 11)",I,G,B,G,60.5,31.0
485,D,G,3,G,"(2, 7, 11)",I,G,B,G,60.625,31.0
486,D,G,3,G,"(2, 7, 11)",I,G,B,G,60.75,31.0
487,D,G,3,G,"(2, 7, 11)",I,G,B,G,60.875,31.0
488,A,D,0,G,"(2, 6, 9)",V,D,F#,G,61.0,31.0
489,A,D,1,G,"(2, 6, 9)",V,D,F#,G,61.125,31.0
490,A,D,2,G,"(2, 6, 9)",V,D,F#,G,61.25,31.0
491,A,D,2,G,"(2, 6, 9)",V,D,F#,G,61.375,31.0
492,A,D,0,G,"(2, 6, 9)",V,D,F#,G,61.5,31.0
493,A,D,3,G,"(2, 6, 9)",V,D,F#,G,61.625,31.0
494,A,D,3,G,"(2, 6, 9)",V,D,F#,G,61.75,31.0
495,A,D,3,G,"(2, 6, 9)",V,D,F#,G,61.875,31.0
496,D,G,0,G,"(2, 7, 11)",I,G,B,G,62.0,32.0
497,D,G,1,G,"(2, 7, 11)",I,G,B,G,62.125,32.0
498,D,G,2,G,"(2, 7, 11)",I,G,B,G,62.25,32.0
499,D,G,2,G,"(2, 7, 11)",I,G,B,G,62.375,32.0
500,D,G,3,G,"(2, 7, 11)",I,G,B,G,62.5,32.0
501,D,G,3,G,"(2, 7, 11)",I,G,B,G,62.625,32.0
502,D,G,3,G,"(2, 7, 11)",I,G,B,G,62.75,32.0
503,D,G,3,G,"(2, 7, 11)",I,G,B,G,62.875,32.0
504,A,C,0,G,"(0, 4, 9)",ii,A,E,G,63.0,32.0
505,A,C,1,G,"(0, 4, 9)",ii,A,E,G,63.125,32.0
506,A,C,2,G,"(0, 4, 9)",ii,A,E,G,63.25,32.0
507,A,C,2,G,"(0, 4, 9)",ii,A,E,G,63.375,32.0
508,A,D,0,G,"(0, 2, 6, 9)",V7,C,F#,G,63.5,32.0
509,A,D,3,G,"(0, 2, 6, 9)",V7,C,F#,G,63.625,32.0
510,A,D,3,G,"(0, 2, 6, 9)",V7,C,F#,G,63.75,32.0
511,A,D,2,G,"(0, 2, 6, 9)",V7,C,F#,G,63.875,32.0
512,D,G,0,G,"(2, 7, 11)",I,G,B,G,64.0,33.0
513,D,G,1,G,"(2, 7, 11)",I,G,B,G,64.125,33.0
514,D,G,2,G,"(2, 7, 11)",I,G,B,G,64.25,33.0
515,D,G,2,G,"(2, 7, 11)",I,G,B,G,64.375,33.0
516,D,G,3,G,"(2, 7, 11)",I,G,B,G,64.5,33.0
517,D,G,3,G,"(2, 7, 11)",I,G,B,G,64.625,33.0
518,D,G,3,G,"(2, 7, 11)",I,G,B,G,64.75,33.0
519,D,G,3,G,"(2, 7, 11)",I,G,B,G,64.875,33.0
520,D,G,4,G,"(2, 7, 11)",I,G,B,G,65.0,33.0
521,D,G,4,G,"(2, 7, 11)",I,G,B,G,65.125,33.0
522,D,G,4,G,"(2, 7, 11)",I,G,B,G,65.25,33.0
523,D,G,4,G,"(2, 7, 11)",I,G,B,G,65.375,33.0
524,D,G,4,G,"(2, 7, 11)",I,G,B,G,65.5,33.0
525,D,G,4,G,"(2, 7, 11)",I,G,B,G,65.625,33.0
526,D,G,4,G,"(2, 7, 11)",I,G,B,G,65.75,33.0
527,D,G,4,G,"(2, 7, 11)",I,G,B,G,65.875,33.0
528,D,G,0,G,"(2, 7, 11)",I,G,B,G,66.0,34.0
529,D,G,1,G,"(2, 7, 11)",I,G,B,G,66.125,34.0
530,D,G,2,G,"(2, 7, 11)",I,G,B,G,66.25,34.0
531,D,G,2,G,"(2, 7, 11)",I,G,B,G,66.375,34.0
532,D,G,0,G,"(2, 7, 11)",I,G,B,G,66.5,34.0
533,D,G,1,G,"(2, 7, 11)",I,G,B,G,66.625,34.0
534,D,G,3,G,"(2, 7, 11)",I,G,B,G,66.75,34.0
535,D,G,3,G,"(2, 7, 11)",I,G,B,G,66.875,34.0
536,G,C,0,G,"(0, 4, 9)",ii,A,E,G,67.0,35.0
537,G,C,1,G,"(0, 4, 9)",ii,A,E,G,67.125,35.0
538,G,C,2,G,"(0, 4, 9)",ii,A,E,G,67.25,35.0
539,G,C,2,G,"(0, 4, 9)",ii,A,E,G,67.375,35.0
540,G,C,3,G,"(0, 4, 9)",ii,A,E,G,67.5,35.0
541,G,C,3,G,"(0, 4, 9)",ii,A,E,G,67.625,35.0
542,G,C,3,G,"(0, 4, 9)",ii,A,E,G,67.75,35.0
543,G,C,3,G,"(0, 4, 9)",ii,A,E,G,67.875,35.0
544,A,D,0,G,"(0, 2, 6, 9)",ii,C,F#,G,68.0,35.0
545,A,D,1,G,"(0, 2, 6, 9)",ii,C,F#,G,68.125,35.0
546,A,D,2,G,"(0, 2, 6, 9)",ii,C,F#,G,68.25,35.0
547,A,D,2,G,"(0, 2, 6, 9)",ii,C,F#,G,68.375,35.0
548,A,D,0,G,"(0, 2, 6, 9)",V7,C,F#,G,68.5,35.0
549,A,D,3,G,"(0, 2, 6, 9)",V7,C,F#,G,68.625,35.0
550,A,D,3,G,"(0, 2, 6, 9)",V7,C,F#,G,68.75,35.0
551,A,D,2,G,"(0, 2, 6, 9)",V7,C,F#,G,68.875,35.0
552,D,G,0,G,"(2, 7, 11)",I,G,B,G,69.0,36.0
553,D,G,1,G,"(2, 7, 11)",I,G,B,G,69.125,36.0
554,D,G,2,G,"(2, 7, 11)",I,G,B,G,69.25,36.0
555,D,G,2,G,"(2, 7, 11)",I,G,B,G,69.375,36.0
556,D,G,3,G,"(2, 7, 11)",I,G,B,G,69.5,36.0
557,D,G,3,G,"(2, 7, 11)",I,G,B,G,69.625,36.0
558,D,G,3,G,"(2, 7, 11)",I,G,B,G,69.75,36.0
559,D,G,3,G,"(2, 7, 11)",I,G,B,G,69.875,36.0
560,A,D,0,G,"(2, 6, 9)",I,D,F#,G,70.0,36.0
561,A,D,1,G,"(2, 6, 9)",I,D,F#,G,70.125,36.0
562,A,D,2,G,"(2, 6, 9)",I,D,F#,G,70.25,36.0
563,A,D,2,G,"(2, 6, 9)",I,D,F#,G,70.375,36.0
564,A,D,0,G,"(2, 6, 9)",V,D,F#,G,70.5,36.0
565,A,D,1,G,"(2, 6, 9)",V,D,F#,G,70.625,36.0
566,A,D,2,G,"(2, 6, 9)",V,D,F#,G,70.75,36.0
567,A,D,2,G,"(2, 6, 9)",V,D,F#,G,70.875,36.0
568,D,G,0,G,"(2, 7, 11)",I,G,B,G,71.0,37.0
569,D,G,1,G,"(2, 7, 11)",I,G,B,G,71.125,37.0
570,D,G,2,G,"(2, 7, 11)",I,G,B,G,71.25,37.0
571,D,G,2,G,"(2, 7, 11)",I,G,B,G,71.375,37.0
572,D,G,3,G,"(2, 7, 11)",I,G,B,G,71.5,37.0
573,D,G,3,G,"(2, 7, 11)",I,G,B,G,71.625,37.0
574,D,G,3,G,"(2, 7, 11)",I,G,B,G,71.75,37.0
575,D,G,3,G,"(2, 7, 11)",I,G,B,G,71.875,37.0
576,B,E,0,G,"(0, 4, 7)",IV,C,G,G,72.0,37.0
577,B,E,1,G,"(0, 4, 7)",IV,C,G,G,72.125,37.0
578,B,E,2,G,"(0, 4, 7)",IV,C,G,G,72.25,37.0
579,B,E,2,G,"(0, 4, 7)",IV,C,G,G,72.375,37.0
580,G,C#,0,G,"(1, 4, 7)",viio,C#,E,G,72.5,37.0
581,G,C#,1,G,"(1, 4, 7)",viio,C#,E,G,72.625,37.0
582,G,C#,2,G,"(1, 4, 7)",viio,C#,E,G,72.75,37.0
583,G,C#,2,G,"(1, 4, 7)",viio,C#,E,G,72.875,37.0
584,A,D,0,G,"(2, 6, 9)",V,D,F#,G,73.0,38.0
585,A,D,1,G,"(2, 6, 9)",V,D,F#,G,73.125,38.0
586,A,D,2,G,"(2, 6, 9)",V,D,F#,G,73.25,38.0
587,A,D,2,G,"(2, 6, 9)",V,D,F#,G,73.375,38.0
588,A,D,3,G,"(2, 6, 9)",V,D,F#,G,73.5,38.0
589,A,D,3,G,"(2, 6, 9)",V,D,F#,G,73.625,38.0
590,A,D,3,G,"(2, 6, 9)",V,D,F#,G,73.75,38.0
591,A,D,3,G,"(2, 6, 9)",V,D,F#,G,73.875,38.0
592,D,G,0,G,"(2, 7, 11)",I,G,B,G,74.0,38.0
593,D,G,1,G,"(2, 7, 11)",I,G,B,G,74.125,38.0
594,D,G,2,G,"(2, 7, 11)",I,G,B,G,74.25,38.0
595,D,G,2,G,"(2, 7, 11)",I,G,B,G,74.375,38.0
596,D,G,3,G,"(2, 7, 11)",I,G,B,G,74.5,38.0
597,D,G,3,G,"(2, 7, 11)",I,G,B,G,74.625,38.0
598,D,G,3,G,"(2, 7, 11)",I,G,B,G,74.75,38.0
599,D,G,3,G,"(2, 7, 11)",I,G,B,G,74.875,38.0
600,G,C,0,G,"(0, 4, 9)",IV,A,E,G,75.0,39.0
601,G,C,1,G,"(0, 4, 9)",ii,A,E,G,75.125,39.0
602,G,C,2,G,"(0, 4, 9)",ii,A,E,G,75.25,39.0
603,G,C,2,G,"(0, 4, 9)",ii,A,E,G,75.375,39.0
604,G,C,3,G,"(0, 4, 9)",ii,A,E,G,75.5,39.0
605,G,C,3,G,"(0, 4, 9)",ii,A,E,G,75.625,39.0
606,G,C,3,G,"(0, 4, 9)",ii,A,E,G,75.75,39.0
607,G,C,3,G,"(0, 4, 9)",ii,A,E,G,75.875,39.0
608,A,D,0,G,"(0, 2, 6, 9)",ii,C,F#,G,76.0,39.0
609,A,D,1,G,"(0, 2, 6, 9)",ii,C,F#,G,76.125,39.0
610,A,D,2,G,"(0, 2, 6, 9)",ii,C,F#,G,76.25,39.0
611,A,D,2,G,"(0, 2, 6, 9)",ii,C,F#,G,76.375,39.0
612,A,D,3,G,"(0, 2, 6, 9)",V7,C,F#,G,76.5,39.0
613,A,D,3,G,"(0, 2, 6, 9)",V7,C,F#,G,76.625,39.0
614,A,D,3,G,"(0, 2, 6, 9)",V7,C,F#,G,76.75,39.0
615,A,D,2,G,"(0, 2, 6, 9)",V7,C,F#,G,76.875,39.0
616,D,G,0,G,"(2, 7, 11)",I,G,B,G,77.0,40.0
617,D,G,1,G,"(2, 7, 11)",I,G,B,G,77.125,40.0
618,D,G,2,G,"(2, 7, 11)",I,G,B,G,77.25,40.0
619,D,G,2,G,"(2, 7, 11)",I,G,B,G,77.375,40.0
620,D,G,3,G,"(2, 7, 11)",I,G,B,G,77.5,40.0
621,D,G,3,G,"(2, 7, 11)",I,G,B,G,77.625,40.0
622,D,G,3,G,"(2, 7, 11)",I,G,B,G,77.75,40.0
623,D,G,3,G,"(2, 7, 11)",I,G,B,G,77.875,40.0
624,A,D,0,G,"(2, 6, 9)",I,D,F#,G,78.0,40.0
625,A,D,1,G,"(2, 6, 9)",I,D,F#,G,78.125,40.0
626,A,D,2,G,"(2, 6, 9)",I,D,F#,G,78.25,40.0
627,A,D,2,G,"(2, 6, 9)",I,D,F#,G,78.375,40.0
628,A,D,0,G,"(2, 6, 9)",V,D,F#,G,78.5,40.0
629,A,D,1,G,"(2, 6, 9)",V,D,F#,G,78.625,40.0
630,A,D,2,G,"(2, 6, 9)",V,D,F#,G,78.75,40.0
631,A,D,2,G,"(2, 6, 9)",V,D,F#,G,78.875,40.0
632,D,G,0,G,"(2, 7, 11)",I,G,B,G,79.0,41.0
633,D,G,1,G,"(2, 7, 11)",I,G,B,G,79.125,41.0
634,D,G,2,G,"(2, 7, 11)",I,G,B,G,79.25,41.0
635,D,G,2,G,"(2, 7, 11)",I,G,B,G,79.375,41.0
636,D,G,3,G,"(2, 7, 11)",I,G,B,G,79.5,41.0
637,D,G,3,G,"(2, 7, 11)",I,G,B,G,79.625,41.0
638,D,G,3,G,"(2, 7, 11)",I,G,B,G,79.75,41.0
639,D,G,3,G,"(2, 7, 11)",I,G,B,G,79.875,41.0
640,A,D,0,G,"(2, 6, 9)",V,D,F#,G,80.0,41.0
641,A,A,1,G,"(2, 6, 9)",V,D,F#,G,80.125,41.0
642,A,D,2,G,"(2, 6, 9)",V,D,F#,G,80.25,41.0
643,A,D,4,G,"(2, 6, 9)",V,D,F#,G,80.375,41.0
644,A,A,4,G,"(2, 6, 9)",V,D,F#,G,80.5,41.0
645,A,A,4,G,"(2, 6, 9)",V,D,F#,G,80.625,41.0
646,A,A,4,G,"(2, 6, 9)",V,D,F#,G,80.75,41.0
647,A,A,4,G,"(2, 6, 9)",V,D,F#,G,80.875,41.0
648,A,D,0,G,"(2, 6, 9)",I,D,F#,G,81.0,42.0
649,A,D,1,G,"(2, 6, 9)",I,D,F#,G,81.125,42.0
650,A,D,2,G,"(2, 6, 9)",I,D,F#,G,81.25,42.0
651,A,D,2,G,"(2, 6, 9)",I,D,F#,G,81.375,42.0
652,A,D,3,G,"(2, 6, 9)",I,D,F#,G,81.5,42.0
653,A,D,3,G,"(2, 6, 9)",I,D,F#,G,81.625,42.0
654,A,D,3,G,"(2, 6, 9)",I,D,F#,G,81.75,42.0
655,A,D,3,G,"(2, 6, 9)",I,D,F#,G,81.875,42.0
656,D,B,0,G,"(2, 7, 11)",I,G,D,G,82.0,42.0
657,D,B,1,G,"(2, 7, 11)",I,G,D,G,82.125,42.0
658,D,B,2,G,"(2, 7, 11)",I,G,D,G,82.25,42.0
659,D,B,2,G,"(2, 7, 11)",I,G,D,G,82.375,42.0
660,G,B,0,G,"(2, 7, 11)",I,G,D,G,82.5,42.0
661,G,B,1,G,"(2, 7, 11)",I,G,D,G,82.625,42.0
662,G,B,3,G,"(2, 7, 11)",I,G,D,G,82.75,42.0
663,G,B,2,G,"(2, 7, 11)",I,G,D,G,82.875,42.0
664,F#,A,0,G,"(0, 6, 9)",viio,F#,C,G,83.0,43.0
665,F#,A,1,G,"(0, 6, 9)",viio,F#,C,G,83.125,43.0
666,F#,A,2,G,"(0, 6, 9)",viio,F#,C,G,83.25,43.0
667,F#,A,2,G,"(0, 6, 9)",viio,F#,C,G,83.375,43.0
668,F#,A,3,G,"(0, 6, 9)",viio,F#,C,G,83.5,43.0
669,F#,A,3,G,"(0, 6, 9)",viio,F#,C,G,83.625,43.0
670,F#,A,3,G,"(0, 6, 9)",viio,F#,C,G,83.75,43.0
671,F#,A,3,G,"(0, 6, 9)",viio,F#,C,G,83.875,43.0
672,D,G,0,G,"(2, 7, 11)",I,G,B,G,84.0,43.0
673,D,G,1,G,"(2, 7, 11)",I,G,B,G,84.125,43.0
674,D,G,2,G,"(2, 7, 11)",I,G,B,G,84.25,43.0
675,D,G,2,G,"(2, 7, 11)",I,G,B,G,84.375,43.0
676,G,C#,0,G,"(1, 4, 7)",viiø7,B,E,D,84.5,43.0
677,G,C#,1,G,"(1, 4, 7, 11)",viiø7,B,E,D,84.625,43.0
678,G,C#,2,G,"(1, 4, 7, 11)",viiø7,B,E,D,84.75,43.0
679,G,C#,2,G,"(1, 4, 7)",viiø7,B,E,D,84.875,43.0
680,A,D,0,G,"(2, 6, 9)",V,D,F#,G,85.0,44.0
681,A,D,1,G,"(2, 6, 9)",V,D,F#,G,85.125,44.0
682,A,D,2,G,"(2, 6, 9)",V,D,F#,G,85.25,44.0
683,A,D,2,G,"(2, 6, 9)",V,D,F#,G,85.375,44.0
684,A,D,3,G,"(2, 6, 9)",V,D,F#,G,85.5,44.0
685,A,D,3,G,"(2, 6, 9)",V,D,F#,G,85.625,44.0
686,A,D,3,G,"(2, 6, 9)",V,D,F#,G,85.75,44.0
687,A,D,3,G,"(2, 6, 9)",V,D,F#,G,85.875,44.0
688,A,C,0,G,"(0, 2, 6, 9)",viio,C,F#,G,86.0,44.0
689,A,C,1,G,"(0, 2, 6, 9)",viio,C,F#,G,86.125,44.0
690,A,C,2,G,"(0, 2, 6, 9)",viio,C,F#,G,86.25,44.0
691,A,C,2,G,"(0, 2, 6, 9)",viio,C,F#,G,86.375,44.0
692,A,C,3,G,"(0, 2, 6, 9)",viio,A,E,G,86.5,44.0
693,A,C,1,G,"(0, 2, 6, 9)",viio,A,E,G,86.625,44.0
694,A,C,3,G,"(0, 2, 6, 9)",viio,A,E,G,86.75,44.0
695,A,C,3,G,"(0, 2, 6, 9)",viio,A,E,G,86.875,44.0
696,G,B,0,G,"(2, 7, 11)",I,G,D,G,87.0,45.0
697,G,B,1,G,"(2, 7, 11)",I,G,D,G,87.125,45.0
698,G,B,2,G,"(2, 7, 11)",I,G,D,G,87.25,45.0
699,G,B,2,G,"(2, 7, 11)",I,G,D,G,87.375,45.0
700,G,B,0,G,"(2, 7, 11)",I,G,D,G,87.5,45.0
701,G,B,1,G,"(2, 7, 11)",I,G,D,G,87.625,45.0
702,G,B,3,G,"(2, 7, 11)",I,G,D,G,87.75,45.0
703,G,B,3,G,"(2, 7, 11)",I,G,D,G,87.875,45.0
704,C,E,0,G,"(0, 4, 7)",IV,C,G,G,88.0,45.0
705,C,E,1,G,"(0, 4, 7)",IV,C,G,G,88.125,45.0
706,C,E,2,G,"(0, 4, 7)",IV,C,G,G,88.25,45.0
707,C,E,2,G,"(0, 4, 7)",IV,C,G,G,88.375,45.0
708,C,F#,0,G,"(0, 3, 6, 9)",viio7,E-,A,G,88.5,45.0
709,C,F#,1,G,"(0, 3, 6, 9)",viio7,E-,A,G,88.625,45.0
710,C,F#,2,G,"(0, 3, 6, 9)",viio7,E-,A,G,88.75,45.0
711,C,F#,2,G,"(0, 3, 6, 9)",viio7,E-,A,G,88.875,45.0
712,D,G,0,G,"(2, 7, 11)",I,G,B,G,89.0,46.0
713,D,G,1,G,"(2, 7, 11)",I,G,B,G,89.125,46.0
714,D,G,2,G,"(2, 7, 11)",I,G,B,G,89.25,46.0
715,D,G,2,G,"(2, 7, 11)",I,G,B,G,89.375,46.0
716,D,G,3,G,"(2, 7, 11)",I,G,B,G,89.5,46.0
717,D,G,3,G,"(2, 7, 11)",I,G,B,G,89.625,46.0
718,D,G,3,G,"(2, 7, 11)",I,G,B,G,89.75,46.0
719,D,G,3,G,"(2, 7, 11)",I,G,B,G,89.875,46.0
720,D,G,4,G,"(2, 7, 11)",I,G,B,G,90.0,46.0
721,D,G,4,G,"(2, 7, 11)",I,G,B,G,90.125,46.0
722,D,G,4,G,"(2, 7, 11)",I,G,B,G,90.25,46.0
723,D,G,4,G,"(2, 7, 11)",I,G,B,G,90.375,46.0
724,D,G,4,G,"(2, 7, 11)",I,G,B,G,90.5,46.0
725,D,G,1,G,"(2, 7, 11)",I,G,B,G,90.625,46.0
726,D,G,4,G,"(2, 7, 11)",I,G,B,G,90.75,46.0
727,D,G,4,G,"(2, 7, 11)",I,G,B,G,90.875,46.0
728,A,C,0,G,"(0, 2, 6, 9)",ii7,A,E,G,91.0,47.0
729,A,C,1,G,"(0, 4, 7, 9)",ii7,A,E,G,91.125,47.0
730,A,C,2,G,"(0, 4, 7, 9)",ii7,A,E,G,91.25,47.0
731,A,C,2,G,"(0, 4, 7, 9)",ii7,A,E,G,91.375,47.0
732,A,C,3,G,"(0, 2, 6, 9)",ii7,A,E,G,91.5,47.0
733,A,C,3,G,"(0, 2, 6, 9)",ii7,A,E,G,91.625,47.0
734,A,C,3,G,"(0, 2, 6, 9)",ii7,A,E,G,91.75,47.0
735,A,C,3,G,"(0, 2, 6, 9)",ii7,A,E,G,91.875,47.0
736,A,C,4,G,"(0, 2, 6, 9)",V7,A,F#,G,92.0,47.0
737,A,C,4,G,"(0, 2, 6, 9)",V7,A,F#,G,92.125,47.0
738,A,C,4,G,"(0, 2, 6, 9)",V7,A,F#,G,92.25,47.0
739,A,C,4,G,"(0, 2, 6, 9)",V7,A,F#,G,92.375,47.0
740,A,C,3,G,"(0, 2, 6, 9)",V7,C,F#,G,92.5,47.0
741,A,C,3,G,"(0, 2, 6, 9)",V7,C,F#,G,92.625,47.0
742,A,C,3,G,"(0, 2, 6, 9)",V7,C,F#,G,92.75,47.0
743,A,C,3,G,"(0, 2, 6, 9)",V7,C,F#,G,92.875,47.0
744,D,G,0,G,"(2, 7, 11)",I,G,B,G,93.0,48.0
745,D,G,1,G,"(2, 7, 11)",I,G,B,G,93.125,48.0
746,D,G,2,G,"(2, 7, 11)",I,G,B,G,93.25,48.0
747,D,G,2,G,"(2, 7, 11)",I,G,B,G,93.375,48.0
748,D,G,3,G,"(2, 7, 11)",I,G,B,G,93.5,48.0
749,D,G,3,G,"(2, 7, 11)",I,G,B,G,93.625,48.0
750,D,G,3,G,"(2, 7, 11)",I,G,B,G,93.75,48.0
751,D,G,3,G,"(2, 7, 11)",I,G,B,G,93.875,48.0
752,A,D,0,G,"(0, 2, 6, 9)",V7,C,F#,G,94.0,48.0
753,A,D,1,G,"(0, 2, 6, 9)",V7,C,F#,G,94.125,48.0
754,A,D,2,G,"(0, 2, 6, 9)",V7,C,F#,G,94.25,48.0
755,A,D,2,G,"(0, 2, 6, 9)",V7,C,F#,G,94.375,48.0
756,A,D,0,G,"(0, 2, 6, 9)",V7,C,F#,G,94.5,48.0
757,A,D,3,G,"(0, 2, 6, 9)",V7,C,F#,G,94.625,48.0
758,A,D,3,G,"(0, 2, 6, 9)",V7,C,F#,G,94.75,48.0
759,A,D,3,G,"(0, 2, 6, 9)",V7,C,F#,G,94.875,48.0
760,D,G,0,G,"(2, 7, 11)",I,G,D,G,95.0,49.0
761,D,B,1,G,"(2, 7, 11)",I,G,D,G,95.125,49.0
762,D,B,2,G,"(2, 7, 11)",I,G,D,G,95.25,49.0
763,D,B,2,G,"(2, 7, 11)",I,G,D,G,95.375,49.0
764,D,B,3,G,"(2, 7, 11)",I,G,D,G,95.5,49.0
765,D,B,3,G,"(2, 7, 11)",I,G,D,G,95.625,49.0
766,D,B,3,G,"(2, 7, 11)",I,G,D,G,95.75,49.0
767,D,B,3,G,"(2, 7, 11)",I,G,D,G,95.875,49.0
768,A,C,0,G,"(0, 4, 9)",ii,A,E,G,96.0,49.0
769,A,C,1,G,"(0, 4, 9)",ii,C,E,G,96.125,49.0
770,A,C,2,G,"(0, 4, 9)",ii,C,E,G,96.25,49.0
771,A,C,2,G,"(0, 4, 9)",ii,C,E,G,96.375,49.0
772,A,D,0,G,"(0, 2, 6, 9)",V7,C,F#,G,96.5,49.0
773,A,D,1,G,"(0, 2, 6, 9)",V7,C,F#,G,96.625,49.0
774,A,D,2,G,"(0, 2, 6, 9)",V7,C,F#,G,96.75,49.0
775,A,D,2,G,"(0, 2, 6, 9)",V7,C,F#,G,96.875,49.0
776,D,G,0,G,"(2, 7, 11)",I,G,B,G,97.0,50.0
777,D,G,1,G,"(2, 7, 11)",I,G,B,G,97.125,50.0
778,D,G,2,G,"(2, 7, 11)",I,G,B,G,97.25,50.0
779,D,G,2,G,"(2, 7, 11)",I,G,B,G,97.375,50.0
780,D,G,3,G,"(2, 7, 11)",I,G,B,G,97.5,50.0
781,D,G,3,G,"(2, 7, 11)",I,G,B,G,97.625,50.0
782,D,G,3,G,"(2, 7, 11)",I,G,B,G,97.75,50.0
783,D,G,3,G,"(2, 7, 11)",I,G,B,G,97.875,50.0
784,D,G,4,G,"(2, 7, 11)",I,G,B,G,98.0,50.0
785,D,G,4,G,"(2, 7, 11)",I,G,B,G,98.125,50.0
786,D,G,4,G,"(2, 7, 11)",I,G,B,G,98.25,50.0
787,D,G,4,G,"(2, 7, 11)",I,G,B,G,98.375,50.0
788,D,G,4,G,"(2, 7, 11)",I,G,B,G,98.5,50.0
789,D,G,4,G,"(2, 7, 11)",I,G,B,G,98.625,50.0
790,D,G,4,G,"(2, 7, 11)",I,G,B,G,98.75,50.0
791,D,G,4,G,"(2, 7, 11)",I,G,B,G,98.875,50.0
792,D,G,0,G,"(2, 7, 11)",I,G,B,G,99.0,51.0
793,D,G,1,G,"(2, 7, 11)",I,G,B,G,99.125,51.0
794,D,G,2,G,"(2, 7, 11)",I,G,B,G,99.25,51.0
795,D,G,2,G,"(2, 7, 11)",I,G,B,G,99.375,51.0
796,D,G,3,G,"(2, 7, 11)",I,G,B,G,99.5,51.0
797,D,G,3,G,"(2, 7, 11)",I,G,B,G,99.625,51.0
798,D,G,3,G,"(2, 7, 11)",I,G,B,G,99.75,51.0
799,D,G,3,G,"(2, 7, 11)",I,G,B,G,99.875,51.0
800,A,C,0,G,"(0, 4, 9)",ii,A,E,G,100.0,52.0
801,A,C,1,G,"(0, 4, 9)",ii,A,E,G,100.125,52.0
802,A,C,2,G,"(0, 4, 9)",ii,A,E,G,100.25,52.0
803,A,C,2,G,"(0, 4, 9)",ii,A,E,G,100.375,52.0
804,A,C,3,G,"(0, 4, 9)",ii,A,E,G,100.5,52.0
805,A,C,3,G,"(0, 4, 9)",ii,A,E,G,100.625,52.0
806,A,C,3,G,"(0, 4, 9)",ii,A,E,G,100.75,52.0
807,A,C,3,G,"(0, 4, 9)",ii,A,E,G,100.875,52.0
808,A,C,4,G,"(0, 4, 9)",ii,A,E,G,101.0,52.0
809,A,C,4,G,"(0, 4, 9)",ii,A,E,G,101.125,52.0
810,A,C,4,G,"(0, 4, 9)",ii,A,E,G,101.25,52.0
811,A,C,2,G,"(0, 4, 9)",ii,A,E,G,101.375,52.0
812,A,C,4,G,"(0, 2, 6, 9)",V7,A,F#,G,101.5,52.0
813,A,C,4,G,"(0, 2, 6, 9)",V7,A,F#,G,101.625,52.0
814,A,C,4,G,"(0, 2, 6, 9)",V7,A,F#,G,101.75,52.0
815,A,C,4,G,"(0, 2, 6, 9)",V7,A,F#,G,101.875,52.0
816,G,B,0,G,"(2, 7, 11)",I,G,D,G,102.0,53.0
817,G,B,1,G,"(2, 7, 11)",I,G,D,G,102.125,53.0
818,G,B,2,G,"(2, 7, 11)",I,G,D,G,102.25,53.0
819,G,B,2,G,"(2, 7, 11)",I,G,D,G,102.375,53.0
820,G,B,3,G,"(2, 7, 11)",I,G,D,G,102.5,53.0
821,G,B,3,G,"(2, 7, 11)",I,G,D,G,102.625,53.0
822,G,B,3,G,"(2, 7, 11)",I,G,D,G,102.75,53.0
823,G,B,3,G,"(2, 7, 11)",I,G,D,G,102.875,53.0
824,A,F#,0,G,"(2, 6, 9)",V,D,F#,G,103.0,53.0
825,A,F#,1,G,"(2, 6, 9)",V,D,F#,G,103.125,53.0
826,A,F#,2,G,"(2, 6, 9)",V,D,F#,G,103.25,53.0
827,A,F#,2,G,"(2, 6, 9)",V,D,F#,G,103.375,53.0
828,A,D,3,G,"(2, 6, 9)",V,D,F#,G,103.5,53.0
829,A,D,3,G,"(2, 6, 9)",V,D,F#,G,103.625,53.0
830,A,D,3,G,"(2, 6, 9)",V,D,F#,G,103.75,53.0
831,A,D,3,G,"(2, 6, 9)",V,D,F#,G,103.875,53.0
832,D,G,0,G,"(2, 7, 11)",I,G,B,G,104.0,54.0
833,D,G,1,G,"(2, 7, 11)",I,G,B,G,104.125,54.0
834,D,G,2,G,"(2, 7, 11)",I,G,B,G,104.25,54.0
835,D,G,2,G,"(2, 7, 11)",I,G,B,G,104.375,54.0
836,D,G,3,G,"(2, 5, 7, 11)",I,G,B,G,104.5,54.0
837,D,G,3,G,"(2, 5, 7, 11)",V7,G,B,G,104.625,54.0
838,D,G,3,G,"(2, 5, 7, 11)",V7,G,B,G,104.75,54.0
839,D,G,3,G,"(2, 5, 7, 11)",V7,G,B,G,104.875,54.0
840,C,E,0,G,"(0, 4, 7)",IV,C#,G,G,105.0,54.0
841,C,E,1,G,"(0, 4, 7)",IV,C#,G,G,105.125,54.0
842,C,E,2,G,"(0, 4, 7)",IV,C#,G,G,105.25,54.0
843,C,E,2,G,"(0, 4, 7)",IV,C#,G,G,105.375,54.0
844,C,E,3,G,"(1, 3, 7)",V7,C#,G,G,105.5,54.0
845,C,E,3,G,"(1, 3, 7)",V7,C#,G,G,105.625,54.0
846,C,E,3,G,"(1, 3, 7)",V7,C#,G,G,105.75,54.0
847,C,E,3,G,"(1, 3, 7)",V7,C#,G,G,105.875,54.0
848,A,D,0,G,"(2, 6, 9)",V,D,F#,G,106.0,55.0
849,A,D,1,G,"(2, 6, 9)",V,D,F#,G,106.125,55.0
850,A,D,2,G,"(2, 6, 9)",V,D,F#,G,106.25,55.0
851,A,D,2,G,"(2, 6, 9)",V,D,F#,G,106.375,55.0
852,A,D,3,G,"(2, 6, 9)",V,D,F#,G,106.5,55.0
853,A,D,3,G,"(2, 6, 9)",V,D,F#,G,106.625,55.0
854,A,D,3,G,"(0, 2, 6, 9)",V,D,F#,G,106.75,55.0
855,A,D,3,G,"(0, 2, 6, 9)",V,D,F#,G,106.875,55.0
856,G,B,0,G,"(2, 7, 11)",I,G,D,G,107.0,55.0
857,G,B,1,G,"(2, 7, 11)",I,G,D,G,107.125,55.0
858,G,B,4,G,"(2, 7, 11)",I,G,D,G,107.25,55.0
859,G,B,2,G,"(2, 7, 11)",I,G,D,G,107.375,55.0
860,G,B,4,G,"(2, 7, 11)",I,G,D,G,107.5,55.0
861,G,B,4,G,"(2, 7, 11)",I,G,D,G,107.625,55.0
862,G,B,4,G,"(2, 7, 11)",I,G,D,G,107.75,55.0
863,G,B,4,G,"(2, 7, 11)",I,G,D,G,107.875,55.0
864,E,A,0,G,"(0, 2, 6, 9)",ii,F#,C,G,108.0,56.0
865,E,A,1,G,"(0, 2, 6, 9)",ii,F#,C,G,108.125,56.0
866,E,A,2,G,"(0, 2, 6, 9)",ii,F#,C,G,108.25,56.0
867,E,A,2,G,"(0, 2, 6, 9)",ii,F#,C,G,108.375,56.0
868,E,A,3,G,"(0, 2, 6, 9)",ii,F#,C,G,108.5,56.0
869,E,A,3,G,"(0, 2, 6, 9)",ii,F#,C,G,108.625,56.0
870,E,A,3,G,"(0, 2, 6, 9)",ii,F#,C,G,108.75,56.0
871,E,A,3,G,"(0, 2, 6, 9)",ii,F#,C,G,108.875,56.0
872,E,A,4,G,"(0, 2, 6, 9)",V7,C,C,G,109.0,56.0
873,E,A,1,G,"(0, 2, 6, 9)",V7,C,C,G,109.125,56.0
874,E,A,2,G,"(0, 2, 6, 9)",V7,C,C,G,109.25,56.0
875,E,A,2,G,"(0, 2, 6, 9)",V7,C,C,G,109.375,56.0
876,A,F#,3,G,"(0, 2, 6, 9)",V7,D,F#,G,109.5,56.0
877,A,F#,3,G,"(0, 2, 6, 9)",V7,D,F#,G,109.625,56.0
878,A,F#,3,G,"(0, 2, 6, 9)",V7,D,F#,G,109.75,56.0
879,A,F#,3,G,"(0, 2, 6, 9)",V7,D,F#,G,109.875,56.0
880,D,G,0,G,"(2, 7, 11)",I,G,B,G,110.0,57.0
881,D,G,1,G,"(2, 7, 11)",I,G,B,G,110.125,57.0
882,D,G,2,G,"(2, 7, 11)",I,G,B,G,110.25,57.0
883,D,G,2,G,"(2, 7, 11)",I,G,B,G,110.375,57.0
884,D,G,3,G,"(2, 7, 11)",I,G,B,G,110.5,57.0
885,D,G,3,G,"(2, 7, 11)",I,G,B,G,110.625,57.0
886,D,G,3,G,"(2, 7, 11)",I,G,B,G,110.75,57.0
887,D,G,3,G,"(2, 7, 11)",I,G,B,G,110.875,57.0
888,F#,A,0,G,"(2, 6, 9)",V,D,D,G,111.0,57.0
889,F#,A,1,G,"(2, 6, 9)",V,D,D,G,111.125,57.0
890,F#,A,2,G,"(2, 6, 9)",V,D,D,G,111.25,57.0
891,F#,A,2,G,"(2, 6, 9)",V,D,D,G,111.375,57.0
892,F#,D,3,G,"(2, 6, 9)",V,D,D,G,111.5,57.0
893,F#,D,3,G,"(2, 6, 9)",V,D,D,G,111.625,57.0
894,F#,D,3,G,"(2, 6, 9)",V,D,D,G,111.75,57.0
895,F#,D,3,G,"(2, 6, 9)",V,D,D,G,111.875,57.0
896,F,B,0,G,"(2, 7, 11)",V7,G,D,G,112.0,58.0
897,F,B,1,G,"(2, 7, 11)",V7,G,D,G,112.125,58.0
898,F,B,2,G,"(2, 7, 11)",V7,G,D,G,112.25,58.0
899,F,B,2,G,"(2, 7, 11)",V7,G,D,G,112.375,58.0
900,F,B,3,G,"(2, 5, 8, 11)",viio7,G#,D,G,112.5,58.0
901,F,B,3,G,"(2, 5, 8, 11)",viio7,G#,D,G,112.625,58.0
902,F,B,3,G,"(2, 5, 8, 11)",viio7,G#,D,G,112.75,58.0
903,F,B,3,G,"(2, 5, 8, 11)",viio7,G#,D,G,112.875,58.0
904,F#,A,0,G,"(2, 6, 9)",V7,G,D,G,113.0,58.0
905,F#,A,1,G,"(2, 6, 9)",V7,G,D,G,113.125,58.0
906,F#,A,2,G,"(2, 6, 9)",V7,G,D,G,113.25,58.0
907,F#,A,2,G,"(2, 6, 9)",V7,G,D,G,113.375,58.0
908,E,A,0,G,"(1, 4, 7, 9)",V7,G,C#,D,113.5,58.0
909,E,A,1,G,"(1, 4, 7, 9)",V7,G,C#,D,113.625,58.0
910,E,A,2,G,"(1, 4, 7, 9)",V7,G,C#,D,113.75,58.0
911,E,A,2,G,"(1, 4, 7, 9)",V7,G,C#,D,113.875,58.0
912,A,D,0,G,"(2, 6, 9)",V,D,F#,G,114.0,59.0
913,A,D,1,G,"(2, 6, 9)",V,D,F#,G,114.125,59.0
914,A,D,2,G,"(2, 6, 9)",V,D,F#,G,114.25,59.0
915,A,D,2,G,"(2, 6, 9)",V,D,F#,G,114.375,59.0
916,A,D,3,G,"(2, 6, 9)",V,D,F#,G,114.5,59.0
917,A,D,3,G,"(2, 6, 9)",V,D,F#,G,114.625,59.0
918,A,D,3,G,"(2, 6, 9)",V,D,F#,G,114.75,59.0
919,A,D,3,G,"(2, 6, 9)",V,D,F#,G,114.875,59.0
920,B,D,4,G,"(2, 6, 9)",I,D,D,G,115.0,59.0
921,B,D,4,G,"(2, 6, 9)",I,G,D,G,115.125,59.0
922,B,D,4,G,"(2, 6, 9)",I,G,D,G,115.25,59.0
923,B,D,4,G,"(2, 6, 9)",I,G,D,G,115.375,59.0
924,D,D,4,G,"(2, 6, 9)",I,G,D,G,115.5,59.0
925,D,B,4,G,"(2, 6, 9)",I,G,D,G,115.625,59.0
926,D,B,4,G,"(2, 6, 9)",I,G,D,G,115.75,59.0
927,D,B,4,G,"(2, 6, 9)",I,G,D,G,115.875,59.0
928,D,A,0,G,"(0, 2, 6, 9)",V7,F#,C,G,116.0,60.0
929,D,A,1,G,"(0, 2, 6, 9)",V7,F#,C,G,116.125,60.0
930,D,A,2,G,"(0, 2, 6, 9)",V7,F#,C,G,116.25,60.0
931,D,A,2,G,"(0, 2, 6, 9)",V7,F#,C,G,116.375,60.0
932,D,A,3,G,"(0, 2, 6, 9)",V7,F#,C,G,116.5,60.0
933,D,A,3,G,"(0, 2, 6, 9)",V7,F#,C,G,116.625,60.0
934,D,A,3,G,"(0, 2, 6, 9)",V7,F#,C,G,116.75,60.0
935,D,A,3,G,"(0, 2, 6, 9)",V7,F#,C,G,116.875,60.0
936,D,G,0,G,"(2, 7, 11)",I,G,B,G,117.0,60.0
937,D,G,1,G,"(2, 7, 11)",I,G,B,G,117.125,60.0
938,D,G,2,G,"(2, 7, 11)",I,G,B,G,117.25,60.0
939,D,G,2,G,"(2, 7, 11)",I,G,B,G,117.375,60.0
940,D,G,0,G,"(2, 7, 11)",I,G,B,G,117.5,60.0
941,D,G,1,G,"(2, 7, 11)",I,G,B,G,117.625,60.0
942,D,G,3,G,"(2, 7, 11)",I,G,B,G,117.75,60.0
943,D,G,3,G,"(2, 7, 11)",I,G,B,G,117.875,60.0
944,D,F#,0,G,"(2, 6, 9)",V,D,A,G,118.0,61.0
945,D,F#,1,G,"(2, 6, 9)",V,D,A,G,118.125,61.0
946,D,F#,2,G,"(2, 6, 9)",V,D,A,G,118.25,61.0
947,D,F#,2,G,"(2, 6, 9)",V,D,A,G,118.375,61.0
948,D,F#,3,G,"(2, 6, 9)",V7,D,A,G,118.5,61.0
949,D,F#,3,G,"(2, 6, 9)",V7,D,A,G,118.625,61.0
950,D,F#,3,G,"(2, 6, 9)",V7,D,A,G,118.75,61.0
951,D,F#,3,G,"(2, 6, 9)",V7,D,A,G,118.875,61.0
952,F#,F#,4,G,"(0, 2, 6, 9)",V7,D,F#,G,119.0,61.0
953,F#,F#,1,G,"(0, 2, 6, 9)",V7,D,F#,G,119.125,61.0
954,F#,F#,4,G,"(0, 2, 6, 9)",V7,D,F#,G,119.25,61.0
955,F#,F#,4,G,"(0, 2, 6, 9)",V7,D,F#,G,119.375,61.0
956,F#,C,0,G,"(0, 2, 6, 9)",V7,A,E,G,119.5,61.0
957,F#,C,1,G,"(0, 2, 6, 9)",V7,A,E,G,119.625,61.0
958,F#,C,4,G,"(0, 2, 6, 9)",V7,A,E,G,119.75,61.0
959,F#,C,2,G,"(0, 2, 6, 9)",V7,A,E,G,119.875,61.0
960,D,B,0,G,"(2, 7, 11)",I,G,D,G,120.0,62.0
961,D,B,1,G,"(2, 7, 11)",I,G,D,G,120.125,62.0
962,D,B,2,G,"(2, 7, 11)",I,G,D,G,120.25,62.0
963,D,B,2,G,"(2, 7, 11)",I,G,D,G,120.375,62.0
964,D,B,3,G,"(2, 7, 11)",I,G,D,G,120.5,62.0
965,D,B,3,G,"(2, 7, 11)",I,G,D,G,120.625,62.0
966,D,B,3,G,"(2, 7, 11)",I,G,D,G,120.75,62.0
967,D,B,3,G,"(2, 7, 11)",I,G,D,G,120.875,62.0
968,E,A,0,G,"(0, 2, 6, 9)",V7,A,B,G,121.0,62.0
969,E,A,1,G,"(0, 2, 6, 9)",V7,A,B,G,121.125,62.0
970,E,A,2,G,"(0, 2, 6, 9)",V7,A,B,G,121.25,62.0
971,E,A,2,G,"(0, 2, 6, 9)",V7,A,B,G,121.375,62.0
972,E,A,0,G,"(0, 2, 6, 9)",V7,C,C,G,121.5,62.0
973,E,A,1,G,"(0, 2, 6, 9)",V7,C,C,G,121.625,62.0
974,E,A,3,G,"(0, 2, 6, 9)",V7,C,C,G,121.75,62.0
975,E,A,2,G,"(0, 2, 6, 9)",V7,C,C,G,121.875,62.0
976,D,G,0,G,"(2, 7, 11)",I,G,B,G,122.0,63.0
977,D,G,1,G,"(2, 7, 11)",I,G,B,G,122.125,63.0
978,D,G,2,G,"(2, 7, 11)",I,G,B,G,122.25,63.0
979,D,G,2,G,"(2, 7, 11)",I,G,B,G,122.375,63.0
980,D,G,3,G,"(2, 7, 11)",I,G,B,G,122.5,63.0
981,D,G,3,G,"(2, 7, 11)",I,G,B,G,122.625,63.0
982,D,G,3,G,"(2, 7, 11)",I,G,B,G,122.75,63.0
983,D,G,3,G,"(2, 7, 11)",I,G,B,G,122.875,63.0
984,D,G,4,G,"(2, 7, 11)",I,G,B,G,123.0,63.0
985,D,G,4,G,"(2, 7, 11)",I,G,B,G,123.125,63.0
986,D,G,4,G,"(2, 7, 11)",I,G,B,G,123.25,63.0
987,D,G,4,G,"(2, 7, 11)",I,G,B,G,123.375,63.0
988,D,G,4,G,"(2, 7, 11)",I,G,B,G,123.5,63.0
989,D,G,4,G,"(2, 7, 11)",I,G,B,G,123.625,63.0
990,D,G,4,G,"(2, 7, 11)",I,G,B,G,123.75,63.0
991,D,G,4,G,"(2, 7, 11)",I,G,B,G,123.875,63.0
992,A,C,0,G,"(0, 4, 9)",ii,A,E,G,124.0,64.0
993,A,C,1,G,"(0, 4, 9)",ii,A,E,G,124.125,64.0
994,A,C,2,G,"(0, 4, 9)",ii,A,E,G,124.25,64.0
995,A,C,2,G,"(0, 4, 9)",ii,A,E,G,124.375,64.0
996,A,C,3,G,"(0, 4, 9)",ii,A,E,G,124.5,64.0
997,A,C,3,G,"(0, 4, 9)",ii,A,E,G,124.625,64.0
998,A,C,3,G,"(0, 4, 9)",ii,A,E,G,124.75,64.0
999,A,C,3,G,"(0, 4, 9)",ii,A,E,G,124.875,64.0
1000,A,C,0,G,"(0, 2, 6, 9)",ii,A,E,G,125.0,64.0
1001,A,C,1,G,"(0, 2, 6, 9)",ii,A,E,G,125.125,64.0
1002,A,D,2,G,"(0, 2, 6, 9)",ii,A,E,G,125.25,64.0
1003,A,D,2,G,"(0, 2, 6, 9)",ii,A,E,G,125.375,64.0
1004,A,D,3,G,"(0, 2, 6, 9)",V7,A,F#,G,125.5,64.0
1005,A,D,3,G,"(0, 2, 6, 9)",V7,A,F#,G,125.625,64.0
1006,A,D,4,G,"(0, 2, 6, 9)",V7,A,F#,G,125.75,64.0
1007,A,D,4,G,"(0, 2, 6, 9)",V7,A,F#,G,125.875,64.0
1008,G,B,0,G,"(2, 7, 11)",I,G,D,G,126.0,65.0
1009,G,B,1,G,"(2, 7, 11)",I,G,D,G,126.125,65.0
1010,G,B,2,G,"(2, 7, 11)",I,G,D,G,126.25,65.0
1011,G,B,2,G,"(2, 7, 11)",I,G,D,G,126.375,65.0
1012,G,B,3,G,"(2, 7, 11)",I,G,D,G,126.5,65.0
1013,G,B,3,G,"(2, 7, 11)",I,G,D,G,126.625,65.0
1014,G,B,3,G,"(2, 7, 11)",I,G,D,G,126.75,65.0
1015,G,B,3,G,"(2, 7, 11)",I,G,D,G,126.875,65.0
1016,D,F#,0,G,"(2, 6, 9)",V,D,F#,G,127.0,65.0
1017,D,F#,1,G,"(2, 6, 9)",V,D,F#,G,127.125,65.0
1018,D,F#,2,G,"(2, 6, 9)",V,D,F#,G,127.25,65.0
1019,D,F#,2,G,"(2, 6, 9)",V,D,F#,G,127.375,65.0
1020,D,D,3,G,"(2, 6, 9)",V,D,F#,G,127.5,65.0
1021,D,D,3,G,"(2, 6, 9)",V,D,F#,G,127.625,65.0
1022,D,D,3,G,"(2, 6, 9)",V,D,F#,G,127.75,65.0
1023,D,D,3,G,"(2, 6, 9)",V,D,F#,G,127.875,65.0
1024,D,G,0,G,"(2, 7, 11)",I,G,B,G,128.0,66.0
1025,D,G,1,G,"(2, 7, 11)",I,G,B,G,128.125,66.0
1026,D,G,2,G,"(2, 7, 11)",I,G,B,G,128.25,66.0
1027,D,G,2,G,"(2, 7, 11)",I,G,B,G,128.375,66.0
1028,D,D,3,G,"(2, 7, 11)",I,G,B,G,128.5,66.0
1029,D,D,3,G,"(2, 7, 11)",I,G,B,G,128.625,66.0
1030,D,D,3,G,"(2, 7, 11)",I,G,B,G,128.75,66.0
1031,D,D,3,G,"(2, 7, 11)",I,G,B,G,128.875,66.0
1032,A,D,0,G,"(0, 2, 6, 9)",V7,C,F#,G,129.0,66.0
1033,A,D,1,G,"(0, 2, 6, 9)",V7,C,F#,G,129.125,66.0
1034,A,D,2,G,"(0, 2, 6, 9)",V7,C,F#,G,129.25,66.0
1035,A,D,2,G,"(0, 2, 6, 9)",V7,C,F#,G,129.375,66.0
1036,A,D,3,G,"(0, 2, 6, 9)",V7,D,F#,G,129.5,66.0
1037,A,D,3,G,"(0, 2, 6, 9)",V7,D,F#,G,129.625,66.0
1038,A,D,3,G,"(0, 2, 6, 9)",V7,D,F#,G,129.75,66.0
1039,A,D,3,G,"(0, 2, 6, 9)",V7,D,F#,G,129.875,66.0
1040,D,G,0,G,"(2, 7, 11)",I,G,B,G,130.0,67.0
1041,D,G,1,G,"(2, 7, 11)",I,G,B,G,130.125,67.0
1042,D,G,2,G,"(2, 7, 11)",I,G,B,G,130.25,67.0
1043,D,G,2,G,"(2, 7, 11)",I,G,B,G,130.375,67.0
1044,D,G,3,G,"(2, 7, 11)",I,G,B,G,130.5,67.0
1045,D,G,3,G,"(2, 7, 11)",I,G,B,G,130.625,67.0
1046,D,G,3,G,"(2, 7, 11)",I,G,B,G,130.75,67.0
1047,D,G,3,G,"(2, 7, 11)",I,G,B,G,130.875,67.0
1048,D,G,4,G,"(2, 7, 11)",I,G,D,G,131.0,67.0
1049,D,G,4,G,"(2, 7, 11)",I,G,D,G,131.125,67.0
1050,D,G,4,G,"(2, 7, 11)",I,G,D,G,131.25,67.0
1051,D,G,4,G,"(2, 7, 11)",I,G,D,G,131.375,67.0
1052,D,G,4,G,"(2, 7, 11)",I,G,D,G,131.5,67.0
1053,D,G,4,G,"(2, 7, 11)",I,G,D,G,131.625,67.0
1054,D,G,4,G,"(2, 7, 11)",I,G,D,G,131.75,67.0
1055,D,G,4,G,"(2, 7, 11)",I,G,D,G,131.875,67.0
1056,D,D,0,G,"(2, 7, 11)",I,G,D,G,132.0,68.0
1057,D,D,1,G,"(2, 7, 11)",I,G,D,G,132.125,68.0
1058,D,D,2,G,"(2, 7, 11)",I,G,D,G,132.25,68.0
1059,D,D,2,G,"(2, 7, 11)",I,G,D,G,132.375,68.0
1060,A,D,3,G,"(0, 2, 6, 9)",V7,G,F#,G,132.5,68.0
1061,A,D,3,G,"(0, 2, 6, 9)",V7,G,F#,G,132.625,68.0
1062,A,D,3,G,"(0, 2, 6, 9)",V7,G,F#,G,132.75,68.0
1063,A,D,3,G,"(0, 2, 6, 9)",V7,G,F#,G,132.875,68.0
1064,D,D,4,G,"(2, 7, 11)",V7,G,B,G,133.0,68.0
1065,D,D,4,G,"(2, 7, 11)",V7,G,B,G,133.125,68.0
1066,D,D,4,G,"(2, 7, 11)",V7,G,B,G,133.25,68.0
1067,D,D,4,G,"(2, 7, 11)",V7,G,B,G,133.375,68.0
1068,D,G,0,G,"(2, 7, 11)",I,G,B,G,133.5,68.0
1069,D,G,1,G,"(2, 7, 11)",I,G,B,G,133.625,68.0
1070,D,G,2,G,"(2, 7, 11)",I,G,B,G,133.75,68.0
1071,D,G,2,G,"(2, 7, 11)",I,G,B,G,133.875,68.0
1072,D,G,0,G,"(2, 7, 11)",I,G,B,G,134.0,69.0
1073,D,G,1,G,"(2, 7, 11)",I,G,B,G,134.125,69.0
1074,D,G,2,G,"(2, 7, 11)",I,G,B,G,134.25,69.0
1075,D,G,2,G,"(2, 7, 11)",I,G,B,G,134.375,69.0
1076,D,F#,0,G,"(2, 6, 9)",V,D,F#,G,134.5,69.0
1077,D,F#,1,G,"(2, 6, 9)",V,D,F#,G,134.625,69.0
1078,D,F#,2,G,"(2, 6, 9)",V,D,F#,G,134.75,69.0
1079,D,D,2,G,"(2, 6, 9)",V,D,F#,G,134.875,69.0
1080,A,D,3,G,"(2, 6, 9)",V,D,F#,G,135.0,69.0
1081,A,D,3,G,"(2, 6, 9)",V,D,F#,G,135.125,69.0
1082,A,D,3,G,"(2, 6, 9)",V,D,F#,G,135.25,69.0
1083,A,D,3,G,"(2, 6, 9)",V,D,F#,G,135.375,69.0
1084,A,C,0,G,"(0, 2, 6, 9)",V7,A,F#,G,135.5,69.0
1085,A,C,1,G,"(0, 2, 6, 9)",V7,A,F#,G,135.625,69.0
1086,A,C,2,G,"(0, 2, 6, 9)",V7,A,F#,G,135.75,69.0
1087,A,C,2,G,"(0, 2, 6, 9)",V7,A,F#,G,135.875,69.0
1088,A,C,0,G,"(0, 2, 6, 9)",V7,A,D,G,136.0,70.0
1089,A,C,1,G,"(0, 2, 6, 9)",V7,A,D,G,136.125,70.0
1090,A,C,2,G,"(0, 2, 6, 9)",V7,A,D,G,136.25,70.0
1091,A,C,2,G,"(0, 2, 6, 9)",V7,A,D,G,136.375,70.0
1092,A,D,3,G,"(0, 2, 6, 9)",V7,A,D,G,136.5,70.0
1093,A,D,3,G,"(0, 2, 6, 9)",V7,A,D,G,136.625,70.0
1094,A,D,3,G,"(0, 2, 6, 9)",V7,A,D,G,136.75,70.0
1095,A,D,3,G,"(0, 2, 6, 9)",V7,A,D,G,136.875,70.0
1096,A,D,4,G,"(0, 2, 6, 9)",V7,A,D,G,137.0,70.0
1097,A,D,4,G,"(0, 2, 6, 9)",V7,A,D,G,137.125,70.0
1098,A,D,4,G,"(0, 2, 6, 9)",V7,A,D,G,137.25,70.0
1099,A,D,4,G,"(0, 2, 6, 9)",V7,A,D,G,137.375,70.0
1100,D,A,0,G,"(0, 2, 6, 9)",V7,F#,C,G,137.5,70.0
1101,D,A,1,G,"(0, 2, 6, 9)",V7,F#,C,G,137.625,70.0
1102,D,A,2,G,"(0, 2, 6, 9)",V7,F#,C,G,137.75,70.0
1103,D,A,2,G,"(0, 2, 6, 9)",V7,F#,C,G,137.875,70.0
1104,D,A,0,G,"(0, 2, 6, 9)",V7,A,C,G,138.0,71.0
1105,D,A,1,G,"(0, 2, 6, 9)",V7,A,C,G,138.125,71.0
1106,D,A,2,G,"(0, 2, 6, 9)",V7,A,C,G,138.25,71.0
1107,D,A,2,G,"(0, 2, 6, 9)",V7,A,C,G,138.375,71.0
1108,D,G,0,G,"(2, 7, 11)",I,G,B,G,138.5,71.0
1109,D,G,1,G,"(2, 7, 11)",I,G,B,G,138.625,71.0
1110,D,G,3,G,"(2, 7, 11)",I,G,B,G,138.75,71.0
1111,D,G,3,G,"(2, 7, 11)",I,G,B,G,138.875,71.0
1112,G,B,0,G,"(2, 7, 11)",I,G,D,G,139.0,71.0
1113,G,B,1,G,"(2, 7, 11)",I,G,D,G,139.125,71.0
1114,G,B,2,G,"(2, 7, 11)",I,G,D,G,139.25,71.0
1115,G,B,2,G,"(2, 7, 11)",I,G,D,G,139.375,71.0
1116,G,B,3,G,"(2, 7, 11)",I,G,D,G,139.5,71.0
1117,G,B,3,G,"(2, 7, 11)",I,G,D,G,139.625,71.0
1118,G,B,3,G,"(2, 7, 11)",I,G,D,G,139.75,71.0
1119,G,B,3,G,"(2, 7, 11)",I,G,D,G,139.875,71.0
1120,E,A,0,G,"(0, 4, 9)",ii,A,C,G,140.0,72.0
1121,E,A,1,G,"(0, 4, 9)",ii,A,C,G,140.125,72.0
1122,E,A,2,G,"(0, 4, 9)",ii,A,C,G,140.25,72.0
1123,E,A,2,G,"(0, 4, 9)",ii,A,C,G,140.375,72.0
1124,E,A,3,G,"(0, 4, 9)",ii,A,C,G,140.5,72.0
1125,E,A,3,G,"(0, 4, 9)",ii,A,C,G,140.625,72.0
1126,E,A,3,G,"(0, 4, 9)",ii,A,C,G,140.75,72.0
1127,E,A,3,G,"(0, 4, 9)",ii,A,C,G,140.875,72.0
1128,E,A,4,G,"(0, 2, 6, 9)",V7,C,C,G,141.0,72.0
1129,E,A,1,G,"(0, 2, 6, 9)",V7,D,C,G,141.125,72.0
1130,E,A,2,G,"(0, 2, 6, 9)",V7,D,C,G,141.25,72.0
1131,E,A,2,G,"(0, 2, 6, 9)",V7,D,C,G,141.375,72.0
1132,A,F#,3,G,"(0, 2, 6, 9)",V7,D,F#,G,141.5,72.0
1133,A,F#,3,G,"(0, 2, 6, 9)",V7,D,F#,G,141.625,72.0
1134,A,F#,3,G,"(0, 2, 6, 9)",V7,D,F#,G,141.75,72.0
1135,A,F#,3,G,"(0, 2, 6, 9)",V7,D,F#,G,141.875,72.0
1136,D,G,0,G,"(2, 7, 11)",I,G,B,G,142.0,73.0
1137,D,G,1,G,"(2, 7, 11)",I,G,B,G,142.125,73.0
1138,D,G,2,G,"(2, 7, 11)",I,G,B,G,142.25,73.0
1139,D,G,2,G,"(2, 7, 11)",I,G,B,G,142.375,73.0
1140,D,G,3,G,"(2, 7, 11)",I,G,B,G,142.5,73.0
1141,D,G,3,G,"(2, 7, 11)",I,G,B,G,142.625,73.0
1142,D,G,3,G,"(2, 7, 11)",I,G,B,G,142.75,73.0
1143,D,G,3,G,"(2, 7, 11)",I,G,B,G,142.875,73.0
1144,F#,A,0,G,"(2, 6, 9)",V,D,D,G,143.0,73.0
1145,F#,A,1,G,"(2, 6, 9)",V,D,D,G,143.125,73.0
1146,F#,A,2,G,"(2, 6, 9)",V,D,D,G,143.25,73.0
1147,F#,A,2,G,"(2, 6, 9)",V,D,D,G,143.375,73.0
1148,F#,D,3,G,"(2, 6, 9)",V,D,D,G,143.5,73.0
1149,F#,D,3,G,"(2, 6, 9)",V,D,D,G,143.625,73.0
1150,F#,D,3,G,"(2, 6, 9)",V,D,D,G,143.75,73.0
1151,F#,D,3,G,"(2, 6, 9)",V,D,D,G,143.875,73.0
1152,G,B,0,G,"(2, 7, 11)",V7,G,D,G,144.0,74.0
1153,G,B,1,G,"(2, 7, 11)",V7,G,D,G,144.125,74.0
1154,G,B,2,G,"(2, 7, 11)",V7,G,D,G,144.25,74.0
1155,G,B,2,G,"(2, 7, 11)",V7,G,D,G,144.375,74.0
1156,F,B,0,G,"(2, 5, 8, 11)",viio7,G#,D,G,144.5,74.0
1157,F,B,1,G,"(2, 5, 8, 11)",viio7,G#,D,G,144.625,74.0
1158,F,B,3,G,"(2, 5, 8, 11)",viio7,G#,D,G,144.75,74.0
1159,F,B,3,G,"(2, 5, 8, 11)",viio7,G#,D,G,144.875,74.0
1160,A,D,0,G,"(0, 2, 6, 9)",V7,C,F#,G,145.0,74.0
1161,A,D,1,G,"(0, 2, 6, 9)",V7,C,F#,G,145.125,74.0
1162,A,D,2,G,"(0, 2, 6, 9)",V7,C,F#,G,145.25,74.0
1163,A,D,2,G,"(0, 2, 6, 9)",V7,C,F#,G,145.375,74.0
1164,A,D,3,G,"(0, 2, 6, 9)",V7,C,F#,G,145.5,74.0
1165,A,D,3,G,"(0, 2, 6, 9)",V7,C,F#,G,145.625,74.0
1166,A,D,3,G,"(0, 2, 6, 9)",V7,C,F#,G,145.75,74.0
1167,A,D,3,G,"(0, 2, 6, 9)",V7,C,F#,G,145.875,74.0
1168,D,G,0,G,"(2, 7, 11)",I,G,B,G,146.0,75.0
1169,D,G,1,G,"(2, 7, 11)",I,G,B,G,146.125,75.0
1170,D,G,2,G,"(2, 7, 11)",I,G,B,G,146.25,75.0
1171,D,G,2,G,"(2, 7, 11)",I,G,B,G,146.375,75.0
1172,D,G,3,G,"(2, 7, 11)",I,G,B,G,146.5,75.0
1173,D,G,3,G,"(2, 7, 11)",I,G,B,G,146.625,75.0
1174,D,G,3,G,"(2, 7, 11)",I,G,B,G,146.75,75.0
1175,D,G,3,G,"(2, 7, 11)",I,G,B,G,146.875,75.0
1176,D,G,4,G,"(2, 7, 11)",I,G,B,G,147.0,75.0
1177,D,G,4,G,"(2, 7, 11)",I,G,B,G,147.125,75.0
1178,D,G,4,G,"(2, 7, 11)",I,G,B,G,147.25,75.0
1179,D,G,4,G,"(2, 7, 11)",I,G,B,G,147.375,75.0
1180,D,G,4,G,"(2, 7, 11)",I,G,B,G,147.5,75.0
1181,D,G,4,G,"(2, 7, 11)",I,G,B,G,147.625,75.0
1182,D,G,4,G,"(2, 7, 11)",I,G,B,G,147.75,75.0
1183,D,G,4,G,"(2, 7, 11)",I,G,B,G,147.875,75.0
1184,G,G,0,G,"(2, 7, 10)",I,G,D,G,148.0,76.0
1185,G,B-,1,G,"(2, 7, 10)",I,G,D,G,148.125,76.0
1186,G,B-,2,G,"(2, 7, 10)",I,G,D,G,148.25,76.0
1187,G,B-,2,G,"(2, 7, 10)",I,G,D,G,148.375,76.0
1188,G,B-,3,G,"(2, 7, 10)",I,G,D,G,148.5,76.0
1189,G,B-,3,G,"(2, 7, 10)",I,G,D,G,148.625,76.0
1190,G,B-,3,G,"(2, 7, 10)",I,G,D,G,148.75,76.0
1191,G,B-,3,G,"(2, 7, 10)",I,G,D,G,148.875,76.0
1192,E,A,0,G,"(0, 4, 9)",V,A,C,G,149.0,77.0
1193,E,A,1,G,"(0, 4, 9)",V,A,C,G,149.125,77.0
1194,E,A,2,G,"(0, 4, 9)",V,A,C,G,149.25,77.0
1195,E,A,2,G,"(0, 4, 9)",V,A,C,G,149.375,77.0
1196,E,A,3,G,"(0, 4, 9)",V,A,C,G,149.5,77.0
1197,E,A,3,G,"(0, 4, 9)",V,A,C,G,149.625,77.0
1198,E,A,3,G,"(0, 4, 9)",V,A,C,G,149.75,77.0
1199,E,A,3,G,"(0, 4, 9)",V,A,C,G,149.875,77.0
1200,E,A,0,G,"(0, 4, 9)",V,A,C,G,150.0,77.0
1201,E,A,1,G,"(0, 4, 9)",V,A,C,G,150.125,77.0
1202,E,A,4,G,"(0, 4, 9)",V,A,C,G,150.25,77.0
1203,E,A,4,G,"(0, 4, 9)",V,A,C,G,150.375,77.0
1204,E,A,4,G,"(2, 6, 9)",V,G,F#,G,150.5,77.0
1205,E,A,4,G,"(2, 6, 9)",V,A,F#,G,150.625,77.0
1206,E,A,4,G,"(2, 6, 9)",V,G,F#,G,150.75,77.0
1207,E,A,4,G,"(2, 6, 9)",V,G,F#,G,150.875,77.0
1208,D,G,0,G,"(2, 6, 9)",V7,G,G,G,151.0,78.0
1209,D,G,1,G,"(2, 7, 11)",V7,G,G,G,151.125,78.0
1210,D,G,2,G,"(2, 7, 11)",I,G,G,G,151.25,78.0
1211,D,G,2,G,"(2, 7, 11)",I,G,G,G,151.375,78.0
1212,D,G,3,G,"(2, 7, 11)",I,G,G,G,151.5,78.0
1213,D,G,3,G,"(2, 7, 11)",I,G,G,G,151.625,78.0
1214,D,G,3,G,"(2, 7, 11)",I,G,G,G,151.75,78.0
1215,D,G,3,G,"(2, 7, 11)",I,G,G,G,151.875,78.0
1216,D,A,0,G,"(0, 2, 6, 9)",V,G,D,G,152.0,78.0
1217,D,A,1,G,"(0, 2, 6, 9)",V,G,D,G,152.125,78.0
1218,D,A,2,G,"(0, 2, 6, 9)",V,G,D,G,152.25,78.0
1219,D,A,4,G,"(0, 2, 6, 9)",V,G,D,G,152.375,78.0
1220,D,A,4,G,"(0, 2, 6, 9)",V,G,D,G,152.5,78.0
1221,D,A,4,G,"(0, 2, 6, 9)",V,G,D,G,152.625,78.0
1222,D,A,4,G,"(0, 2, 6, 9)",V,G,D,G,152.75,78.0
1223,D,A,4,G,"(0, 2, 6, 9)",V,G,D,G,152.875,78.0
1224,G,B-,0,G,"(2, 7, 10)",I,G,D,G,153.0,79.0
1225,G,B-,1,G,"(2, 7, 10)",I,G,D,g,153.125,79.0
1226,G,B-,2,G,"(2, 7, 10)",I,G,D,g,153.25,79.0
1227,G,B-,2,G,"(2, 7, 10)",I,G,D,g,153.375,79.0
1228,G,B-,3,G,"(2, 7, 10)",I,G,D,g,153.5,79.0
1229,G,B-,3,G,"(2, 7, 10)",I,G,D,g,153.625,79.0
1230,G,B-,3,G,"(2, 7, 10)",I,G,D,g,153.75,79.0
1231,G,B-,3,G,"(2, 7, 10)",I,G,D,g,153.875,79.0
1232,B-,E-,4,G,"(1, 3, 7, 10)",I,G,G,g,154.0,79.0
1233,B-,E-,4,G,"(1, 3, 7, 10)",I,G,G,g,154.125,79.0
1234,B-,E-,4,G,"(1, 3, 7, 10)",I,G,G,g,154.25,79.0
1235,B-,E-,4,G,"(1, 3, 7, 10)",I,G,G,g,154.375,79.0
1236,B-,E-,4,G,"(1, 3, 7, 10)",V7,G,G,g,154.5,79.0
1237,B-,E-,1,G,"(1, 3, 7, 10)",V7,G,G,g,154.625,79.0
1238,B-,E-,4,G,"(1, 3, 7, 10)",V7,G,G,g,154.75,79.0
1239,B-,E-,4,G,"(1, 3, 7, 10)",V7,G,G,g,154.875,79.0
1240,B-,B-,0,G,"(2, 5, 10)",V,B-,D,G,155.0,80.0
1241,B-,B-,1,G,"(2, 6, 9)",V,B-,D,G,155.125,80.0
1242,B-,B-,2,G,"(2, 6, 9)",V,B-,D,G,155.25,80.0
1243,B-,B-,2,G,"(2, 6, 9)",V,B-,D,G,155.375,80.0
1244,B-,B-,3,G,"(2, 5, 10)",V,B-,D,G,155.5,80.0
1245,B-,B-,3,G,"(2, 5, 10)",V,B-,D,G,155.625,80.0
1246,B-,B-,3,G,"(2, 5, 10)",V,B-,D,G,155.75,80.0
1247,B-,B-,3,G,"(2, 5, 10)",V,B-,D,G,155.875,80.0
1248,B-,B-,4,G,"(2, 5, 10)",V,B-,D,G,156.0,80.0
1249,B-,B-,4,G,"(2, 5, 10)",V,B-,D,G,156.125,80.0
1250,B-,B-,4,G,"(2, 5, 10)",V,B-,D,G,156.25,80.0
1251,B-,B-,4,G,"(2, 5, 10)",V,B-,D,G,156.375,80.0
1252,B-,B-,4,G,"(2, 5, 10)",V,B-,D,G,156.5,80.0
1253,B-,B-,4,G,"(2, 5, 10)",V,B-,D,G,156.625,80.0
1254,B-,B-,4,G,"(2, 5, 10)",V,B-,D,G,156.75,80.0
1255,B-,B-,4,G,"(2, 5, 10)",V,B-,D,G,156.875,80.0
1256,E,A,0,G,"(0, 4, 9)",V,A,C,G,157.0,81.0
1257,E,A,1,G,"(0, 4, 9)",V,A,C,G,157.125,81.0
1258,E,A,2,G,"(0, 4, 9)",V,A,C,G,157.25,81.0
1259,E,A,2,G,"(0, 4, 9)",V,A,C,G,157.375,81.0
1260,E,A,3,G,"(0, 4, 9)",V,A,C,G,157.5,81.0
1261,E,A,3,G,"(0, 4, 9)",V,A,C,G,157.625,81.0
1262,E,A,3,G,"(0, 4, 9)",V,A,C,G,157.75,81.0
1263,E,A,3,G,"(0, 4, 9)",V,A,C,G,157.875,81.0
1264,E,A,0,G,"(0, 2, 6, 9)",V,D,F#,G,158.0,81.0
1265,E,A,1,G,"(0, 2, 6, 9)",V,D,F#,G,158.125,81.0
1266,E,A,2,G,"(0, 2, 6, 9)",V,D,F#,G,158.25,81.0
1267,E,A,2,G,"(0, 2, 6, 9)",V,D,F#,G,158.375,81.0
1268,A,D,3,G,"(2, 6, 9)",V,D,F#,G,158.5,81.0
1269,A,D,3,G,"(2, 6, 9)",V,D,F#,G,158.625,81.0
1270,A,D,3,G,"(2, 6, 9)",V,D,F#,G,158.75,81.0
1271,A,D,3,G,"(2, 6, 9)",V,D,F#,G,158.875,81.0
1272,D,G,0,G,"(2, 7, 11)",i,G,G,G,159.0,82.0
1273,D,G,1,G,"(2, 7, 11)",i,G,G,G,159.125,82.0
1274,D,G,2,G,"(2, 7, 11)",i,G,G,G,159.25,82.0
1275,D,G,2,G,"(2, 7, 11)",i,G,G,G,159.375,82.0
1276,D,G,3,G,"(2, 7, 11)",i,G,G,G,159.5,82.0
1277,D,G,3,G,"(2, 7, 11)",i,G,G,G,159.625,82.0
1278,D,G,3,G,"(2, 7, 11)",i,G,G,G,159.75,82.0
1279,D,G,3,G,"(2, 7, 11)",ii,G,B,G,159.875,82.0
1280,E,A,0,D,"(2, 6, 9)",V,A,D,G,160.0,82.0
1281,E,A,1,D,"(2, 6, 9)",V,A,D,g,160.125,82.0
1282,E,A,2,D,"(2, 6, 9)",V,A,D,g,160.25,82.0
1283,E,A,2,D,"(2, 6, 9)",V,A,D,g,160.375,82.0
1284,E,A,3,G,"(2, 6, 9)",V,A,D,g,160.5,82.0
1285,E,A,3,G,"(2, 6, 9)",V,A,D,g,160.625,82.0
1286,E,A,3,G,"(2, 6, 9)",V,A,D,g,160.75,82.0
1287,E,A,3,G,"(2, 6, 9)",V,A,D,g,160.875,82.0
1288,G,B-,0,g,"(2, 7, 10)",I,G,D,g,161.0,83.0
1289,G,B-,1,g,"(2, 7, 10)",i,G,D,g,161.125,83.0
1290,G,B-,2,g,"(2, 7, 10)",i,G,D,g,161.25,83.0
1291,G,B-,2,g,"(2, 7, 10)",i,G,D,g,161.375,83.0
1292,G,B-,3,g,"(2, 7, 10)",i,G,D,g,161.5,83.0
1293,G,B-,3,g,"(2, 7, 10)",i,G,D,g,161.625,83.0
1294,G,B-,3,g,"(2, 7, 10)",i,G,D,g,161.75,83.0
1295,G,B-,3,g,"(2, 7, 10)",i,G,D,g,161.875,83.0
1296,E,A,4,g,"(2, 6, 9)",V,A,D,g,162.0,83.0
1297,E,A,4,g,"(2, 6, 9)",V,A,D,g,162.125,83.0
1298,E,A,4,g,"(2, 6, 9)",V,A,D,g,162.25,83.0
1299,E,A,4,g,"(2, 6, 9)",V,A,D,g,162.375,83.0
1300,E,A,4,g,"(2, 6, 9)",V,A,D,g,162.5,83.0
1301,E,A,4,g,"(2, 6, 9)",V,A,D,g,162.625,83.0
1302,E,A,4,g,"(2, 6, 9)",V,A,D,g,162.75,83.0
1303,E,A,4,g,"(2, 6, 9)",V,A,D,g,162.875,83.0
1304,F,B-,0,g,"(2, 5, 10)",I,G,D,g,163.0,84.0
1305,F,B-,1,g,"(2, 5, 10)",I,G,D,g,163.125,84.0
1306,F,B-,2,g,"(2, 5, 10)",I,G,D,g,163.25,84.0
1307,F,B-,2,g,"(2, 5, 10)",I,G,D,g,163.375,84.0
1308,F,B-,3,g,"(2, 5, 10)",I,G,D,g,163.5,84.0
1309,F,B-,3,g,"(2, 5, 10)",I,G,D,g,163.625,84.0
1310,F,B-,3,g,"(2, 5, 10)",I,G,D,g,163.75,84.0
1311,F,B-,3,g,"(2, 5, 10)",I,G,D,g,163.875,84.0
1312,F,B-,4,g,"(2, 5, 10)",I,B-,D,g,164.0,84.0
1313,F,B-,4,g,"(2, 5, 10)",I,B-,D,g,164.125,84.0
1314,F,B-,4,g,"(2, 5, 10)",I,B-,D,g,164.25,84.0
1315,F,B-,4,g,"(2, 5, 10)",I,B-,D,g,164.375,84.0
1316,F,B-,4,g,"(2, 5, 10)",I,B-,D,g,164.5,84.0
1317,F,B-,4,g,"(2, 5, 10)",I,B-,D,g,164.625,84.0
1318,F,B-,4,g,"(2, 5, 10)",I,B-,D,g,164.75,84.0
1319,F,B-,4,g,"(2, 5, 10)",I,B-,D,g,164.875,84.0
1320,D,A,0,g,"(0, 2, 6, 9)",V7,A,C,g,165.0,85.0
1321,D,A,1,g,"(0, 2, 6, 9)",V7,F#,C,g,165.125,85.0
1322,D,A,2,g,"(0, 2, 6, 9)",V7,F#,C,g,165.25,85.0
1323,D,A,2,g,"(0, 2, 6, 9)",V7,F#,C,g,165.375,85.0
1324,D,A,3,g,"(0, 2, 6, 9)",V7,F#,C,g,165.5,85.0
1325,D,A,3,g,"(0, 2, 6, 9)",V7,F#,C,g,165.625,85.0
1326,D,A,3,g,"(0, 2, 6, 9)",V7,F#,C,g,165.75,85.0
1327,D,A,3,g,"(0, 2, 6, 9)",V7,F#,C,g,165.875,85.0
1328,D,G,0,g,"(2, 7, 10)",i,G,B-,g,166.0,85.0
1329,D,G,1,g,"(2, 7, 10)",i,G,B-,g,166.125,85.0
1330,D,G,2,g,"(2, 7, 10)",i,G,B-,g,166.25,85.0
1331,D,G,2,g,"(2, 7, 10)",i,G,B-,g,166.375,85.0
1332,D,G,3,g,"(2, 7, 10)",i,G,B-,g,166.5,85.0
1333,D,G,3,g,"(2, 7, 10)",i,G,B-,g,166.625,85.0
1334,D,G,3,g,"(2, 7, 10)",i,G,B-,g,166.75,85.0
1335,D,G,3,g,"(2, 7, 10)",i,G,B-,g,166.875,85.0
1336,C,F#,0,g,"(0, 2, 6, 9)",V7,D,A,g,167.0,86.0
1337,C,F#,1,g,"(0, 2, 6, 9)",V7,D,A,g,167.125,86.0
1338,C,F#,2,g,"(0, 2, 6, 9)",V7,D,A,g,167.25,86.0
1339,C,F#,2,g,"(0, 2, 6, 9)",V7,D,A,g,167.375,86.0
1340,C,F#,3,g,"(0, 2, 6, 9)",V7,D,A,g,167.5,86.0
1341,C,F#,3,g,"(0, 2, 6, 9)",V7,D,A,g,167.625,86.0
1342,C,F#,3,g,"(0, 2, 6, 9)",V7,D,A,g,167.75,86.0
1343,C,F#,3,g,"(0, 2, 6, 9)",V7,D,A,g,167.875,86.0
1344,F#,C,4,g,"(0, 2, 6, 9)",V7,A,E-,g,168.0,86.0
1345,F#,C,4,g,"(0, 3, 6, 9)",viio7,A,E-,g,168.125,86.0
1346,F#,C,4,g,"(0, 3, 6, 9)",viio7,A,E-,g,168.25,86.0
1347,F#,C,4,g,"(0, 3, 6, 9)",viio7,A,E-,g,168.375,86.0
1348,F#,C,4,g,"(0, 3, 6, 9)",viio7,A,E-,g,168.5,86.0
1349,F#,C,4,g,"(0, 3, 6, 9)",viio7,A,E-,g,168.625,86.0
1350,F#,C,4,g,"(0, 3, 6, 9)",viio7,A,E-,g,168.75,86.0
1351,F#,C,4,g,"(0, 3, 6, 9)",viio7,A,E-,g,168.875,86.0
1352,F,B-,0,g,"(2, 5, 10)",V,B-,D,g,169.0,87.0
1353,F,B-,1,g,"(2, 5, 10)",I,B-,D,g,169.125,87.0
1354,F,B-,2,g,"(2, 5, 10)",I,B-,D,g,169.25,87.0
1355,F,B-,2,g,"(2, 5, 10)",I,B-,D,g,169.375,87.0
1356,F,B-,3,g,"(2, 5, 10)",I,B-,D,g,169.5,87.0
1357,F,B-,3,g,"(2, 5, 10)",I,B-,D,g,169.625,87.0
1358,F,B-,3,g,"(2, 5, 10)",I,B-,D,g,169.75,87.0
1359,F,B-,3,g,"(2, 5, 10)",I,B-,D,g,169.875,87.0
1360,D,D,0,g,"(0, 2, 6, 9)",V7,D,C,g,170.0,87.0
1361,D,D,1,g,"(0, 2, 6, 9)",V7,D,C,g,170.125,87.0
1362,D,D,2,g,"(0, 2, 6, 9)",V7,D,C,g,170.25,87.0
1363,D,D,2,g,"(0, 2, 6, 9)",V7,D,C,g,170.375,87.0
1364,F#,A,3,G,"(0, 2, 6, 9)",V7,D,F#,g,170.5,87.0
1365,F#,A,3,g,"(0, 2, 6, 9)",V7,D,F#,g,170.625,87.0
1366,F#,D,3,g,"(0, 2, 6, 9)",V7,D,F#,g,170.75,87.0
1367,F#,D,3,G,"(0, 2, 6, 9)",V7,D,F#,g,170.875,87.0
1368,D,G,0,g,"(2, 7, 10)",i,G,B-,g,171.0,88.0
1369,D,G,1,g,"(2, 7, 10)",i,G,B-,g,171.125,88.0
1370,D,G,2,g,"(2, 7, 10)",i,G,B-,g,171.25,88.0
1371,D,G,2,g,"(2, 7, 10)",i,G,B-,g,171.375,88.0
1372,D,G,3,g,"(2, 7, 10)",i,G,B-,g,171.5,88.0
1373,D,G,3,g,"(2, 7, 10)",i,G,B-,g,171.625,88.0
1374,D,G,3,g,"(2, 7, 10)",i,G,B-,g,171.75,88.0
1375,D,G,3,g,"(2, 7, 10)",i,G,B-,g,171.875,88.0
1376,D,G,4,g,"(3, 7, 10)",I,E-,G,g,172.0,88.0
1377,E-,E-,4,g,"(3, 7, 10)",I,E-,G,g,172.125,88.0
1378,E-,G,4,g,"(3, 7, 10)",I,E-,G,g,172.25,88.0
1379,E-,G,4,g,"(3, 7, 10)",I,E-,G,g,172.375,88.0
1380,E-,E-,4,G,"(3, 7, 10)",I,E-,G,g,172.5,88.0
1381,E-,E-,4,G,"(3, 7, 10)",I,E-,G,g,172.625,88.0
1382,E-,E-,4,g,"(3, 7, 10)",I,E-,G,g,172.75,88.0
1383,E-,E-,4,g,"(3, 7, 10)",I,E-,G,g,172.875,88.0
1384,A,D,0,G,"(2, 6, 9)",V7,D,F#,g,173.0,89.0
1385,A,D,1,G,"(2, 6, 9)",V7,D,F#,g,173.125,89.0
1386,A,D,2,G,"(2, 6, 9)",V7,D,F#,g,173.25,89.0
1387,A,D,2,G,"(2, 6, 9)",V7,D,F#,g,173.375,89.0
1388,A,D,3,G,"(2, 6, 9)",V7,D,F#,g,173.5,89.0
1389,A,D,3,G,"(2, 6, 9)",V7,D,F#,g,173.625,89.0
1390,A,D,3,G,"(2, 6, 9)",V7,D,F#,g,173.75,89.0
1391,A,D,3,G,"(2, 6, 9)",V7,D,F#,g,173.875,89.0
1392,A,D,4,G,"(2, 6, 9)",V7,D,F#,g,174.0,89.0
1393,A,D,4,G,"(2, 6, 9)",V7,D,F#,g,174.125,89.0
1394,A,D,4,G,"(2, 6, 9)",V7,D,F#,g,174.25,89.0
1395,A,D,4,G,"(2, 6, 9)",V7,D,F#,g,174.375,89.0
1396,A,D,4,G,"(2, 6, 9)",V7,D,F#,g,174.5,89.0
1397,A,D,4,G,"(2, 6, 9)",V7,D,F#,g,174.625,89.0
1398,A,D,4,G,"(2, 6, 9)",V7,D,F#,g,174.75,89.0
1399,A,D,4,G,"(2, 6, 9)",V7,D,F#,g,174.875,89.0
1400,A,C,0,G,"(0, 2, 6, 9)",V7,C,F#,g,175.0,90.0
1401,A,C,1,G,"(0, 2, 6, 9)",viio7,C,F#,g,175.125,90.0
1402,A,C,2,G,"(0, 2, 6, 9)",viio7,C,F#,g,175.25,90.0
1403,A,C,2,G,"(0, 2, 6, 9)",viio7,C,F#,g,175.375,90.0
1404,A,C,3,G,"(0, 2, 6, 9)",viio7,C,E-,g,175.5,90.0
1405,A,C,3,G,"(0, 2, 6, 9)",viio7,C,E-,g,175.625,90.0
1406,A,C,3,G,"(0, 2, 6, 9)",viio7,C,E-,g,175.75,90.0
1407,A,C,3,G,"(0, 2, 6, 9)",viio7,C,E-,g,175.875,90.0
1408,A,C,4,G,"(0, 2, 6, 9)",viio7,C,F#,g,176.0,90.0
1409,A,C,4,G,"(0, 2, 6, 9)",viio7,C,F#,g,176.125,90.0
1410,A,C,4,G,"(0, 2, 6, 9)",viio7,C,F#,g,176.25,90.0
1411,A,C,4,G,"(0, 2, 6, 9)",viio7,C,F#,g,176.375,90.0
1412,A,C,4,G,"(0, 2, 6, 9)",viio7,C,F#,g,176.5,90.0
1413,A,C,4,G,"(0, 2, 6, 9)",viio7,C,F#,g,176.625,90.0
1414,A,C,4,G,"(0, 2, 6, 9)",viio7,C,F#,g,176.75,90.0
1415,A,C,4,G,"(0, 2, 6, 9)",viio7,C,F#,g,176.875,90.0
1416,G,B-,0,G,"(2, 7, 10)",I,G,D,g,177.0,91.0
1417,G,B-,1,G,"(2, 7, 10)",I,G,D,g,177.125,91.0
1418,G,B-,2,G,"(2, 7, 10)",I,G,D,g,177.25,91.0
1419,G,B-,2,G,"(2, 7, 10)",I,G,D,g,177.375,91.0
1420,G,B-,3,G,"(2, 7, 10)",I,G,D,g,177.5,91.0
1421,G,B-,3,G,"(2, 7, 10)",I,G,D,g,177.625,91.0
1422,G,B-,3,G,"(2, 7, 10)",I,G,D,g,177.75,91.0
1423,G,B-,3,G,"(2, 7, 10)",I,G,D,g,177.875,91.0
1424,B-,D,4,G,"(2, 7, 10)",I,G,D,g,178.0,91.0
1425,B-,D,4,G,"(2, 6, 9)",I,G,D,g,178.125,91.0
1426,B-,D,4,G,"(2, 6, 9)",I,G,D,g,178.25,91.0
1427,B-,D,4,G,"(2, 6, 9)",I,G,D,g,178.375,91.0
1428,B-,D,4,G,"(2, 6, 9)",I,G,D,g,178.5,91.0
1429,B-,D,4,G,"(2, 6, 9)",I,G,D,g,178.625,91.0
1430,B-,D,4,G,"(2, 6, 9)",I,G,D,g,178.75,91.0
1431,B-,D,4,G,"(2, 6, 9)",I,G,D,g,178.875,91.0
1432,D,G,0,G,"(2, 7, 11)",I,G,B-,g,179.0,92.0
1433,D,G,1,G,"(2, 7, 11)",I,G,B-,g,179.125,92.0
1434,D,G,2,G,"(2, 7, 11)",I,G,B-,G,179.25,92.0
1435,D,G,2,G,"(2, 7, 11)",I,G,B-,G,179.375,92.0
1436,D,G,3,G,"(2, 7, 10)",I,G,B-,g,179.5,92.0
1437,D,G,3,G,"(2, 7, 11)",I,G,B-,g,179.625,92.0
1438,D,G,3,G,"(2, 7, 11)",I,G,B-,g,179.75,92.0
1439,D,G,3,G,"(2, 7, 11)",I,G,B-,g,179.875,92.0
1440,D,G,4,G,"(2, 7, 10)",I,G,B-,g,180.0,92.0
1441,D,G,4,G,"(2, 7, 11)",I,G,B-,g,180.125,92.0
1442,D,G,4,G,"(2, 7, 11)",I,G,B-,g,180.25,92.0
1443,D,G,4,G,"(2, 7, 11)",I,G,B-,g,180.375,92.0
1444,D,G,4,G,"(2, 7, 11)",I,G,B-,g,180.5,92.0
1445,D,G,4,G,"(2, 7, 11)",I,G,B-,g,180.625,92.0
1446,D,G,4,G,"(2, 7, 11)",I,G,B-,g,180.75,92.0
1447,D,G,4,G,"(2, 7, 11)",I,G,B-,g,180.875,92.0
1448,D,G,0,G,"(2, 7, 11)",I,G,B,G,181.0,93.0
1449,D,G,1,G,"(2, 7, 11)",I,G,B,G,181.125,93.0
1450,D,G,2,G,"(2, 7, 11)",I,G,B,G,181.25,93.0
1451,D,G,2,G,"(2, 7, 11)",I,G,B,G,181.375,93.0
1452,D,G,3,G,"(2, 7, 11)",I,G,B,G,181.5,93.0
1453,D,G,3,G,"(2, 7, 11)",I,G,B,G,181.625,93.0
1454,D,G,3,G,"(2, 7, 11)",I,G,B,G,181.75,93.0
1455,D,G,3,G,"(2, 7, 11)",I,G,B,G,181.875,93.0
1456,C,G,0,G,"(0, 4, 7, 9)",ii7,C,C,G,182.0,94.0
1457,C,G,1,G,"(0, 4, 7, 9)",IV,C,C,G,182.125,94.0
1458,C,G,2,G,"(0, 4, 7, 9)",IV,C,C,G,182.25,94.0
1459,C,G,2,G,"(0, 4, 7, 9)",IV,C,C,G,182.375,94.0
1460,C,G,3,G,"(0, 4, 7, 9)",ii7,C,C,G,182.5,94.0
1461,C,G,3,G,"(0, 4, 7, 9)",IV,C,C,G,182.625,94.0
1462,C,G,3,G,"(0, 4, 7, 9)",ii7,C,C,G,182.75,94.0
1463,C,G,3,G,"(0, 4, 7, 9)",ii7,C,C,G,182.875,94.0
1464,C,G,4,G,"(0, 4, 7, 9)",IV,C,C,G,183.0,94.0
1465,C,G,4,G,"(0, 4, 7, 9)",IV,C,C,G,183.125,94.0
1466,C,G,4,G,"(0, 4, 7, 9)",IV,C,C,G,183.25,94.0
1467,C,G,4,G,"(0, 4, 7, 9)",IV,C,C,G,183.375,94.0
1468,C,F#,0,G,"(0, 2, 6, 9)",IV,C,C,G,183.5,94.0
1469,C,F#,4,G,"(0, 2, 6, 9)",IV,C,C,G,183.625,94.0
1470,C,F#,4,G,"(0, 2, 6, 9)",IV,C,C,G,183.75,94.0
1471,C,F#,4,G,"(0, 2, 6, 9)",IV,C,C,G,183.875,94.0
1472,D,G,0,G,"(2, 7, 11)",I,G,B,G,184.0,95.0
1473,D,G,1,G,"(2, 7, 11)",I,G,B,G,184.125,95.0
1474,D,G,2,G,"(2, 7, 11)",I,G,B,G,184.25,95.0
1475,D,G,2,G,"(2, 7, 11)",I,G,B,G,184.375,95.0
1476,D,G,3,G,"(2, 7, 11)",I,G,B,G,184.5,95.0
1477,D,G,3,G,"(2, 7, 11)",I,G,B,G,184.625,95.0
1478,D,G,3,G,"(2, 7, 11)",I,G,B,G,184.75,95.0
1479,D,G,3,G,"(2, 7, 11)",I,G,B,G,184.875,95.0
1480,D,D,0,G,"(2, 6, 9)",V,D,F#,G,185.0,95.0
1481,D,D,1,G,"(2, 6, 9)",V,D,F#,G,185.125,95.0
1482,D,D,2,G,"(2, 6, 9)",V,D,F#,G,185.25,95.0
1483,D,D,2,G,"(2, 6, 9)",V,D,F#,G,185.375,95.0
1484,A,D,3,G,"(2, 6, 9)",V,D,F#,G,185.5,95.0
1485,A,D,3,G,"(2, 6, 9)",V,D,F#,G,185.625,95.0
1486,A,D,3,G,"(2, 6, 9)",V,D,F#,G,185.75,95.0
1487,A,D,3,G,"(2, 6, 9)",V,D,F#,G,185.875,95.0
1488,D,G,0,G,"(2, 7, 11)",I,G,B,G,186.0,96.0
1489,D,G,1,G,"(2, 7, 11)",I,G,B,G,186.125,96.0
1490,D,G,2,G,"(2, 7, 11)",I,G,B,G,186.25,96.0
1491,D,G,2,G,"(2, 7, 11)",I,G,B,G,186.375,96.0
1492,D,G,3,G,"(2, 7, 11)",V7,G,B,G,186.5,96.0
1493,D,G,3,G,"(2, 7, 11)",V7,G,B,G,186.625,96.0
1494,D,G,3,G,"(2, 7, 11)",V7,G,B,G,186.75,96.0
1495,D,G,3,G,"(2, 7, 11)",V7,G,B,G,186.875,96.0
1496,A,C,0,G,"(0, 4, 9)",ii,A,E,G,187.0,96.0
1497,A,C,1,G,"(0, 4, 9)",ii,A,E,G,187.125,96.0
1498,A,C,2,G,"(0, 4, 9)",ii,A,E,G,187.25,96.0
1499,A,C,2,G,"(0, 4, 9)",ii,A,E,G,187.375,96.0
1500,G,C#,0,G,"(1, 4, 7, 11)",vi,A,E,G,187.5,96.0
1501,G,C#,1,G,"(1, 4, 7, 11)",vi,A,E,G,187.625,96.0
1502,G,C#,2,G,"(1, 4, 7, 11)",vi,A,E,G,187.75,96.0
1503,G,C#,2,G,"(1, 4, 7, 11)",vi,A,E,G,187.875,96.0
1504,A,D,0,G,"(0, 2, 6, 9)",V7,C,F#,G,188.0,97.0
1505,A,D,1,G,"(0, 2, 6, 9)",V7,C,F#,G,188.125,97.0
1506,A,D,2,G,"(0, 2, 6, 9)",V7,C,F#,G,188.25,97.0
1507,A,D,2,G,"(0, 2, 6, 9)",V7,C,F#,G,188.375,97.0
1508,A,D,3,G,"(0, 2, 6, 9)",V7,C,F#,G,188.5,97.0
1509,A,D,3,G,"(0, 2, 6, 9)",V7,C,F#,G,188.625,97.0
1510,A,D,3,G,"(0, 2, 6, 9)",V7,C,F#,G,188.75,97.0
1511,A,D,3,G,"(0, 2, 6, 9)",V7,C,F#,G,188.875,97.0
1512,D,G,0,G,"(2, 7, 11)",I,G,B,G,189.0,97.0
1513,D,G,1,G,"(2, 7, 11)",I,G,B,G,189.125,97.0
1514,D,G,2,G,"(2, 7, 11)",I,G,B,G,189.25,97.0
1515,D,G,2,G,"(2, 7, 11)",I,G,B,G,189.375,97.0
1516,D,G,3,G,"(2, 7, 11)",I,G,B,G,189.5,97.0
1517,D,G,3,G,"(2, 7, 11)",I,G,B,G,189.625,97.0
1518,D,G,3,G,"(2, 7, 11)",I,G,B,G,189.75,97.0
1519,D,G,3,G,"(2, 7, 11)",I,G,B,G,189.875,97.0
1520,D,G,0,G,"(0, 4, 7, 9)",IV,C,C,G,190.0,98.0
1521,D,G,1,G,"(0, 4, 7, 9)",IV,C,C,G,190.125,98.0
1522,D,G,2,G,"(0, 4, 7, 9)",IV,C,C,G,190.25,98.0
1523,D,G,2,G,"(0, 4, 7, 9)",IV,C,C,G,190.375,98.0
1524,C,G,3,G,"(0, 4, 7, 9)",IV,C,C,G,190.5,98.0
1525,C,G,3,G,"(0, 4, 7, 9)",IV,C,C,G,190.625,98.0
1526,C,G,3,G,"(0, 4, 7, 9)",IV,C,C,G,190.75,98.0
1527,C,G,3,G,"(0, 4, 7, 9)",IV,C,C,G,190.875,98.0
1528,C,G,0,G,"(0, 4, 7, 9)",IV,C,C,G,191.0,98.0
1529,C,G,1,G,"(0, 4, 7, 9)",IV,C,C,G,191.125,98.0
1530,C,G,4,G,"(0, 4, 7, 9)",IV,C,C,G,191.25,98.0
1531,C,G,4,G,"(0, 4, 7, 9)",IV,C,C,G,191.375,98.0
1532,D,F#,0,G,"(0, 2, 6, 9)",IV,C,A,G,191.5,98.0
1533,D,F#,1,G,"(0, 2, 6, 9)",IV,C,A,G,191.625,98.0
1534,C,F#,4,G,"(0, 2, 6, 9)",IV,C,A,G,191.75,98.0
1535,D,F#,4,G,"(0, 2, 6, 9)",IV,C,A,G,191.875,98.0
1536,D,G,0,G,"(2, 7, 11)",I,G,B,G,192.0,99.0
1537,D,G,1,G,"(2, 7, 11)",I,G,B,G,192.125,99.0
1538,D,G,2,G,"(2, 7, 11)",I,G,B,G,192.25,99.0
1539,D,G,2,G,"(2, 7, 11)",I,G,B,G,192.375,99.0
1540,D,G,3,G,"(2, 7, 11)",I,G,B,G,192.5,99.0
1541,D,G,3,G,"(2, 7, 11)",I,G,B,G,192.625,99.0
1542,D,G,3,G,"(2, 7, 11)",I,G,B,G,192.75,99.0
1543,D,G,3,G,"(2, 7, 11)",I,G,B,G,192.875,99.0
1544,D,D,0,G,"(2, 6, 9)",V,D,F#,G,193.0,99.0
1545,D,D,1,G,"(2, 6, 9)",V,D,F#,G,193.125,99.0
1546,D,D,2,G,"(2, 6, 9)",V,D,F#,G,193.25,99.0
1547,D,D,2,G,"(2, 6, 9)",V,D,F#,G,193.375,99.0
1548,A,D,3,G,"(2, 6, 9)",V,D,F#,G,193.5,99.0
1549,A,D,3,G,"(2, 6, 9)",V,D,F#,G,193.625,99.0
1550,A,D,3,G,"(2, 6, 9)",V,D,F#,G,193.75,99.0
1551,A,D,3,G,"(2, 6, 9)",V,D,F#,G,193.875,99.0
1552,D,G,0,G,"(2, 7, 11)",IV,G,B,G,194.0,100.0
1553,D,G,1,G,"(2, 7, 11)",I,G,B,G,194.125,100.0
1554,D,G,2,G,"(2, 7, 11)",I,G,B,G,194.25,100.0
1555,D,G,2,G,"(2, 7, 11)",I,G,B,G,194.375,100.0
1556,D,E,3,G,"(2, 4, 7, 11)",I,G,G,G,194.5,100.0
1557,B,E,3,G,"(2, 4, 7, 11)",I,G,G,G,194.625,100.0
1558,B,E,3,G,"(2, 4, 7, 11)",I,G,G,G,194.75,100.0
1559,B,E,3,G,"(2, 4, 7, 11)",I,G,G,G,194.875,100.0
1560,E,A,0,G,"(2, 6, 9)",V,A,C#,D,195.0,100.0
1561,E,A,1,G,"(2, 6, 9)",V,A,C#,D,195.125,100.0
1562,E,A,2,G,"(2, 6, 9)",V,A,C#,D,195.25,100.0
1563,E,A,2,G,"(2, 6, 9)",V,A,C#,D,195.375,100.0
1564,E,A,3,G,"(1, 4, 9)",V,A,C#,D,195.5,100.0
1565,E,A,3,G,"(1, 4, 9)",V,A,C#,D,195.625,100.0
1566,E,A,3,G,"(1, 4, 9)",V,A,C#,D,195.75,100.0
1567,E,A,3,G,"(1, 4, 9)",V,A,C#,D,195.875,100.0
1568,A,D,0,G,"(2, 6, 9)",V,D,F#,G,196.0,101.0
1569,A,D,1,G,"(2, 6, 9)",V,D,F#,G,196.125,101.0
1570,A,D,2,G,"(2, 6, 9)",V,D,F#,G,196.25,101.0
1571,A,D,2,G,"(2, 6, 9)",V,D,F#,G,196.375,101.0
1572,A,D,3,G,"(2, 6, 9)",V,D,F#,G,196.5,101.0
1573,A,D,3,G,"(2, 6, 9)",V,D,F#,G,196.625,101.0
1574,A,D,3,G,"(2, 6, 9)",V,D,F#,G,196.75,101.0
1575,A,D,3,G,"(2, 6, 9)",V,D,F#,G,196.875,101.0
1576,A,D,0,G,"(2, 6, 9)",V7,D,F#,G,197.0,101.0
1577,A,D,1,G,"(2, 6, 9)",V7,D,F#,G,197.125,101.0
1578,A,D,2,G,"(2, 6, 9)",V7,D,F#,G,197.25,101.0
1579,A,D,4,G,"(2, 6, 9)",V7,D,F#,G,197.375,101.0
1580,A,D,4,G,"(2, 6, 9)",V7,D,F#,G,197.5,101.0
1581,A,D,4,G,"(2, 6, 9)",V7,D,F#,G,197.625,101.0
1582,A,D,4,G,"(2, 6, 9)",V7,D,F#,G,197.75,101.0
1583,A,D,4,G,"(2, 6, 9)",V7,D,F#,G,197.875,101.0
1584,A,D,0,G,"(0, 2, 6, 9)",V7,D,F#,G,198.0,102.0
1585,A,D,1,G,"(0, 2, 6, 9)",V7,D,F#,G,198.125,102.0
1586,A,D,2,G,"(0, 2, 6, 9)",V7,D,F#,G,198.25,102.0
1587,A,D,2,G,"(0, 2, 6, 9)",V7,D,F#,G,198.375,102.0
1588,A,D,3,G,"(0, 2, 6, 9)",V7,C,F#,G,198.5,102.0
1589,A,D,3,G,"(0, 2, 6, 9)",V7,C,F#,G,198.625,102.0
1590,A,D,3,G,"(0, 2, 6, 9)",V7,C,F#,G,198.75,102.0
1591,A,D,3,G,"(0, 2, 6, 9)",V7,C,F#,G,198.875,102.0
1592,A,D,4,G,"(0, 2, 6, 9)",I,G,F#,G,199.0,102.0
1593,A,D,4,G,"(0, 2, 6, 9)",I,G,F#,G,199.125,102.0
1594,A,D,4,G,"(0, 2, 6, 9)",I,G,F#,G,199.25,102.0
1595,A,D,4,G,"(0, 2, 6, 9)",I,G,F#,G,199.375,102.0
1596,B,D,0,G,"(2, 7, 11)",I,G,G,G,199.5,102.0
1597,B,D,1,G,"(2, 7, 11)",I,G,G,G,199.625,102.0
1598,B,D,4,G,"(2, 7, 11)",I,G,G,G,199.75,102.0
1599,B,D,4,G,"(2, 7, 11)",I,G,G,G,199.875,102.0
1600,A,D,0,G,"(2, 6, 9)",V7,D,F#,G,200.0,103.0
1601,A,D,1,G,"(2, 6, 9)",V7,B,F#,G,200.125,103.0
1602,A,D,2,G,"(2, 6, 9)",V7,B,F#,G,200.25,103.0
1603,A,D,2,G,"(2, 6, 9)",V7,B,F#,G,200.375,103.0
1604,A,D,3,G,"(2, 6, 9)",V7,B,F#,G,200.5,103.0
1605,A,D,3,G,"(2, 6, 9)",V7,B,F#,G,200.625,103.0
1606,A,D,3,G,"(2, 6, 9)",V7,B,F#,G,200.75,103.0
1607,A,D,3,G,"(2, 6, 9)",V7,B,F#,G,200.875,103.0
1608,A,D,0,G,"(0, 2, 6, 9)",V7,C,E,G,201.0,103.0
1609,A,D,1,G,"(0, 2, 6, 9)",V7,C,E,G,201.125,103.0
1610,A,D,2,G,"(0, 2, 6, 9)",V7,C,E,G,201.25,103.0
1611,A,D,2,G,"(0, 2, 6, 9)",V7,C,E,G,201.375,103.0
1612,A,D,3,G,"(0, 2, 6, 9)",V7,C,E,G,201.5,103.0
1613,A,D,3,G,"(0, 2, 6, 9)",V7,C,E,G,201.625,103.0
1614,A,D,3,G,"(0, 2, 6, 9)",V7,C,E,G,201.75,103.0
1615,A,D,3,G,"(0, 2, 6, 9)",V7,C,E,G,201.875,103.0
1616,A,D,0,G,"(0, 2, 6, 9)",V7,D,F#,G,202.0,104.0
1617,A,D,1,G,"(0, 2, 6, 9)",V7,D,F#,G,202.125,104.0
1618,A,D,2,G,"(0, 2, 6, 9)",V7,D,F#,G,202.25,104.0
1619,A,D,2,G,"(0, 2, 6, 9)",V7,D,F#,G,202.375,104.0
1620,A,D,3,G,"(0, 2, 6, 9)",V7,D,F#,G,202.5,104.0
1621,A,D,3,G,"(0, 2, 6, 9)",V7,D,F#,G,202.625,104.0
1622,A,D,3,G,"(0, 2, 6, 9)",V7,D,F#,G,202.75,104.0
1623,A,D,3,G,"(0, 2, 6, 9)",V7,D,F#,G,202.875,104.0
1624,A,D,0,G,"(0, 2, 6, 9)",V7,D,F#,G,203.0,104.0
1625,A,D,1,G,"(0, 2, 6, 9)",V7,D,F#,G,203.125,104.0
1626,A,D,2,G,"(0, 2, 6, 9)",V7,D,F#,G,203.25,104.0
1627,A,D,2,G,"(0, 2, 6, 9)",V7,D,F#,G,203.375,104.0
1628,A,D,0,G,"(0, 2, 6, 9)",V7,C,F#,G,203.5,104.0
1629,A,D,1,G,"(0, 2, 6, 9)",V7,C,F#,G,203.625,104.0
1630,A,D,2,G,"(0, 2, 6, 9)",V7,C,F#,G,203.75,104.0
1631,A,D,2,G,"(0, 2, 6, 9)",V7,C,F#,G,203.875,104.0
1632,D,G,0,G,"(2, 7, 11)",I,G,B,G,204.0,105.0
1633,D,G,1,G,"(2, 7, 11)",I,G,B,G,204.125,105.0
1634,D,G,2,G,"(2, 7, 11)",I,G,B,G,204.25,105.0
1635,D,G,2,G,"(2, 7, 11)",I,G,B,G,204.375,105.0
1636,D,G,3,G,"(2, 7, 11)",I,G,B,G,204.5,105.0
1637,D,G,3,G,"(2, 7, 11)",I,G,B,G,204.625,105.0
1638,D,G,3,G,"(2, 7, 11)",I,G,B,G,204.75,105.0
1639,D,G,3,G,"(2, 7, 11)",I,G,B,G,204.875,105.0
1640,D,G,4,G,"(2, 7, 11)",I,G,B,G,205.0,105.0
1641,D,G,4,G,"(2, 7, 11)",I,G,B,G,205.125,105.0
1642,D,G,4,G,"(2, 7, 11)",I,G,B,G,205.25,105.0
1643,D,G,4,G,"(2, 7, 11)",I,G,B,G,205.375,105.0
1644,D,G,4,G,"(2, 7, 11)",I,G,B,G,205.5,105.0
1645,D,G,4,G,"(2, 7, 11)",I,G,B,G,205.625,105.0
1646,D,G,4,G,"(2, 7, 11)",I,G,B,G,205.75,105.0
1647,D,G,4,G,"(2, 7, 11)",I,G,B,G,205.875,105.0
1648,C,G,0,G,"(0, 4, 7, 9)",IV,C,A,G,206.0,106.0
1649,D,G,1,G,"(0, 4, 7, 9)",IV,C,A,G,206.125,106.0
1650,C,G,2,G,"(0, 4, 7, 9)",IV,C,A,G,206.25,106.0
1651,C,G,2,G,"(0, 4, 7, 9)",IV,C,A,G,206.375,106.0
1652,C,G,3,G,"(0, 4, 7, 9)",IV,C,A,G,206.5,106.0
1653,C,G,3,G,"(0, 4, 7, 9)",IV,C,A,G,206.625,106.0
1654,C,G,3,G,"(0, 4, 7, 9)",IV,C,A,G,206.75,106.0
1655,C,G,3,G,"(0, 4, 7, 9)",IV,C,A,G,206.875,106.0
1656,C,G,4,G,"(0, 4, 7, 9)",IV,C,E,G,207.0,106.0
1657,C,G,1,G,"(0, 4, 7)",IV,C,A,G,207.125,106.0
1658,C,G,4,G,"(0, 4, 7)",IV,C,A,G,207.25,106.0
1659,C,G,4,G,"(0, 4, 7)",IV,C,A,G,207.375,106.0
1660,C,F#,0,G,"(0, 2, 6, 9)",IV,C,A,G,207.5,106.0
1661,C,F#,4,G,"(0, 2, 6, 9)",IV,C,A,G,207.625,106.0
1662,C,F#,4,G,"(0, 2, 6, 9)",IV,C,A,G,207.75,106.0
1663,C,F#,4,G,"(0, 2, 6, 9)",IV,C,A,G,207.875,106.0
1664,D,G,0,G,"(2, 7, 11)",I,G,B,G,208.0,107.0
1665,D,G,1,G,"(2, 7, 11)",I,G,B,G,208.125,107.0
1666,D,G,2,G,"(2, 7, 11)",I,G,B,G,208.25,107.0
1667,D,G,2,G,"(2, 7, 11)",I,G,B,G,208.375,107.0
1668,D,G,3,G,"(2, 7, 11)",I,G,B,G,208.5,107.0
1669,D,G,3,G,"(2, 7, 11)",I,G,B,G,208.625,107.0
1670,D,G,3,G,"(2, 7, 11)",I,G,B,G,208.75,107.0
1671,D,D,3,G,"(2, 7, 11)",I,G,B,G,208.875,107.0
1672,A,D,0,G,"(2, 6, 9)",V,D,F#,G,209.0,107.0
1673,A,D,1,G,"(2, 6, 9)",V,D,F#,G,209.125,107.0
1674,A,D,2,G,"(2, 6, 9)",V,D,F#,G,209.25,107.0
1675,A,D,2,G,"(2, 6, 9)",V,D,F#,G,209.375,107.0
1676,A,D,3,G,"(2, 6, 9)",V,D,F#,G,209.5,107.0
1677,A,D,3,G,"(2, 6, 9)",V,D,F#,G,209.625,107.0
1678,A,D,3,G,"(2, 6, 9)",V,D,F#,G,209.75,107.0
1679,A,D,3,G,"(2, 6, 9)",V,D,F#,G,209.875,107.0
1680,D,G,0,G,"(2, 7, 11)",I,G,B,G,210.0,108.0
1681,D,G,1,G,"(2, 7, 11)",I,G,B,G,210.125,108.0
1682,D,G,2,G,"(2, 7, 11)",I,G,B,G,210.25,108.0
1683,D,G,2,G,"(2, 7, 11)",I,G,B,G,210.375,108.0
1684,D,G,3,G,"(2, 7, 11)",V7,G,B,G,210.5,108.0
1685,D,G,3,G,"(2, 7, 11)",V7,G,B,G,210.625,108.0
1686,D,G,3,G,"(2, 7, 11)",V7,G,B,G,210.75,108.0
1687,D,G,3,G,"(2, 7, 11)",V7,G,B,G,210.875,108.0
1688,A,C,0,G,"(0, 2, 6, 9)",V7,C,F#,G,211.0,108.0
1689,A,C,1,G,"(0, 2, 6, 9)",V7,C,F#,G,211.125,108.0
1690,A,C,2,G,"(0, 2, 6, 9)",V7,C,F#,G,211.25,108.0
1691,A,C,2,G,"(0, 2, 6, 9)",V7,C,F#,G,211.375,108.0
1692,A,D,0,G,"(0, 2, 6, 9)",V7,C,F#,G,211.5,108.0
1693,A,D,3,G,"(0, 2, 6, 9)",V7,C,F#,G,211.625,108.0
1694,A,D,3,G,"(0, 2, 6, 9)",V7,C,F#,G,211.75,108.0
1695,A,D,3,G,"(0, 2, 6, 9)",V7,C,F#,G,211.875,108.0
1696,D,G,0,G,"(2, 7, 11)",I,G,B,G,212.0,109.0
1697,D,G,1,G,"(2, 7, 11)",I,G,B,G,212.125,109.0
1698,D,G,2,G,"(2, 7, 11)",I,G,B,G,212.25,109.0
1699,D,G,2,G,"(2, 7, 11)",I,G,B,G,212.375,109.0
1700,D,G,3,G,"(2, 7, 11)",I,G,B,G,212.5,109.0
1701,D,G,3,G,"(2, 7, 11)",I,G,B,G,212.625,109.0
1702,D,G,3,G,"(2, 7, 11)",I,G,B,G,212.75,109.0
1703,D,G,3,G,"(2, 7, 11)",I,G,B,G,212.875,109.0
1704,D,G,4,G,"(2, 7, 11)",I,G,B,G,213.0,109.0
1705,D,G,4,G,"(2, 7, 11)",I,G,B,G,213.125,109.0
1706,D,G,4,G,"(2, 7, 11)",I,G,B,G,213.25,109.0
1707,D,G,4,G,"(2, 7, 11)",I,G,B,G,213.375,109.0
1708,D,G,4,G,"(2, 7, 11)",I,G,B,G,213.5,109.0
1709,D,G,4,G,"(2, 7, 11)",I,G,B,G,213.625,109.0
1710,D,G,4,G,"(2, 7, 11)",I,G,B,G,213.75,109.0
1711,D,G,4,G,"(2, 7, 11)",I,G,B,G,213.875,109.0
1712,D,G,0,G,"(2, 7, 11)",I,G,B,G,214.0,110.0
1713,D,G,1,G,"(2, 7, 11)",I,G,B,G,214.125,110.0
1714,D,G,2,G,"(2, 7, 11)",I,G,B,G,214.25,110.0
1715,D,G,2,G,"(2, 7, 11)",I,G,B,G,214.375,110.0
1716,D,G,3,G,"(2, 7, 11)",I,G,B,G,214.5,110.0
1717,D,G,3,G,"(2, 7, 11)",I,G,B,G,214.625,110.0
1718,D,G,3,G,"(2, 7, 11)",I,G,B,G,214.75,110.0
1719,D,G,3,G,"(2, 7, 11)",I,G,B,G,214.875,110.0
1720,A,C,0,G,"(0, 4, 9)",ii,A,E,G,215.0,111.0
1721,A,C,1,G,"(0, 4, 9)",ii,A,E,G,215.125,111.0
1722,A,C,2,G,"(0, 4, 9)",ii,A,E,G,215.25,111.0
1723,A,C,2,G,"(0, 4, 9)",ii,A,E,G,215.375,111.0
1724,A,C,3,G,"(0, 4, 9)",ii,A,E,G,215.5,111.0
1725,A,C,3,G,"(0, 4, 9)",ii,A,E,G,215.625,111.0
1726,A,C,3,G,"(0, 4, 9)",ii,A,E,G,215.75,111.0
1727,A,C,3,G,"(0, 4, 9)",ii,A,E,G,215.875,111.0
1728,A,D,0,G,"(0, 2, 6, 9)",V7,C,F#,G,216.0,111.0
1729,A,D,1,G,"(0, 2, 6, 9)",V7,C,F#,G,216.125,111.0
1730,A,D,2,G,"(0, 2, 6, 9)",V7,C,F#,G,216.25,111.0
1731,A,D,2,G,"(0, 2, 6, 9)",V7,C,F#,G,216.375,111.0
1732,A,D,3,G,"(0, 2, 6, 9)",V7,C,F#,G,216.5,111.0
1733,A,D,3,G,"(0, 2, 6, 9)",V7,C,F#,G,216.625,111.0
1734,A,D,3,G,"(0, 2, 6, 9)",V7,C,F#,G,216.75,111.0
1735,A,D,3,G,"(0, 2, 6, 9)",V7,C,F#,G,216.875,111.0
1736,D,G,0,G,"(2, 7, 11)",I,G,B,G,217.0,112.0
1737,D,G,1,G,"(2, 7, 11)",I,G,B,G,217.125,112.0
1738,D,G,2,G,"(2, 7, 11)",I,G,B,G,217.25,112.0
1739,D,G,2,G,"(2, 7, 11)",I,G,B,G,217.375,112.0
1740,D,G,3,G,"(2, 7, 11)",I,G,B,G,217.5,112.0
1741,D,G,3,G,"(2, 7, 11)",I,G,B,G,217.625,112.0
1742,D,G,3,G,"(2, 7, 11)",I,G,B,G,217.75,112.0
1743,D,G,3,G,"(2, 7, 11)",I,G,B,G,217.875,112.0
1744,A,D,0,G,"(2, 6, 9)",V,D,F#,G,218.0,112.0
1745,A,D,1,G,"(2, 6, 9)",V,D,F#,G,218.125,112.0
1746,A,D,2,G,"(2, 6, 9)",V,D,F#,G,218.25,112.0
1747,A,D,2,G,"(2, 6, 9)",V,D,F#,G,218.375,112.0
1748,A,D,3,G,"(2, 6, 9)",V,D,F#,G,218.5,112.0
1749,A,D,3,G,"(2, 6, 9)",V,D,F#,G,218.625,112.0
1750,A,D,3,G,"(2, 6, 9)",V,D,F#,G,218.75,112.0
1751,A,D,3,G,"(2, 6, 9)",V,D,F#,G,218.875,112.0
1752,D,G,0,G,"(2, 7, 11)",I,G,B,G,219.0,113.0
1753,D,G,1,G,"(2, 7, 11)",I,G,B,G,219.125,113.0
1754,D,G,2,G,"(2, 7, 11)",I,G,B,G,219.25,113.0
1755,D,G,2,G,"(2, 7, 11)",I,G,B,G,219.375,113.0
1756,D,G,3,G,"(2, 7, 11)",I,G,B,G,219.5,113.0
1757,D,G,3,G,"(2, 7, 11)",I,G,B,G,219.625,113.0
1758,D,G,3,G,"(2, 7, 11)",I,G,B,G,219.75,113.0
1759,D,G,3,G,"(2, 7, 11)",I,G,B,G,219.875,113.0
1760,G,C,0,G,"(0, 4, 9)",ii,A,E,G,220.0,113.0
1761,A,C,1,G,"(0, 4, 9)",ii,A,E,G,220.125,113.0
1762,A,C,2,G,"(0, 4, 9)",ii,A,E,G,220.25,113.0
1763,A,C,2,G,"(0, 4, 9)",ii,A,E,G,220.375,113.0
1764,G,C#,0,G,"(1, 4, 7)",viio,A,E,G,220.5,113.0
1765,G,C#,1,G,"(1, 4, 7)",viio,A,E,G,220.625,113.0
1766,G,C#,2,G,"(1, 4, 7)",viio,A,E,G,220.75,113.0
1767,G,C#,2,G,"(1, 4, 7)",viio,A,E,G,220.875,113.0
1768,A,D,0,G,"(2, 6, 9)",V,D,F#,G,221.0,114.0
1769,A,D,1,G,"(2, 6, 9)",V,D,F#,G,221.125,114.0
1770,A,D,2,G,"(2, 6, 9)",V,D,F#,G,221.25,114.0
1771,A,D,2,G,"(2, 6, 9)",V,D,F#,G,221.375,114.0
1772,A,D,3,G,"(2, 6, 9)",V,D,F#,G,221.5,114.0
1773,A,D,3,G,"(2, 6, 9)",V,D,F#,G,221.625,114.0
1774,A,D,3,G,"(2, 6, 9)",V,D,F#,G,221.75,114.0
1775,A,D,3,G,"(2, 6, 9)",V,D,F#,G,221.875,114.0
1776,D,G,0,G,"(2, 7, 11)",I,G,B,G,222.0,114.0
1777,D,G,1,G,"(2, 7, 11)",I,G,B,G,222.125,114.0
1778,D,G,2,G,"(2, 7, 11)",I,G,B,G,222.25,114.0
1779,D,G,2,G,"(2, 7, 11)",I,G,B,G,222.375,114.0
1780,D,G,3,G,"(2, 7, 11)",I,G,B,G,222.5,114.0
1781,D,G,3,G,"(2, 7, 11)",I,G,B,G,222.625,114.0
1782,D,G,3,G,"(2, 7, 11)",I,G,B,G,222.75,114.0
1783,D,G,3,G,"(2, 7, 11)",I,G,B,G,222.875,114.0
1784,A,C,0,G,"(0, 4, 9)",ii,A,E,G,223.0,115.0
1785,A,C,1,G,"(0, 4, 9)",ii,A,E,G,223.125,115.0
1786,A,C,2,G,"(0, 4, 9)",ii,A,E,G,223.25,115.0
1787,A,C,2,G,"(0, 4, 9)",ii,A,E,G,223.375,115.0
1788,A,C,3,G,"(0, 4, 9)",ii,A,E,G,223.5,115.0
1789,A,C,3,G,"(0, 4, 9)",ii,A,E,G,223.625,115.0
1790,A,C,3,G,"(0, 4, 9)",ii,A,E,G,223.75,115.0
1791,A,C,3,G,"(0, 4, 9)",ii,A,E,G,223.875,115.0
1792,A,D,0,G,"(0, 2, 6, 9)",V7,C,F#,G,224.0,115.0
1793,A,D,1,G,"(0, 2, 6, 9)",V7,C,F#,G,224.125,115.0
1794,A,D,2,G,"(0, 2, 6, 9)",V7,C,F#,G,224.25,115.0
1795,A,D,2,G,"(0, 2, 6, 9)",V7,C,F#,G,224.375,115.0
1796,A,D,3,G,"(0, 2, 6, 9)",V7,C,F#,G,224.5,115.0
1797,A,D,3,G,"(0, 2, 6, 9)",V7,C,F#,G,224.625,115.0
1798,A,D,3,G,"(0, 2, 6, 9)",V7,C,F#,G,224.75,115.0
1799,A,D,3,G,"(0, 2, 6, 9)",V7,C,F#,G,224.875,115.0
1800,D,G,0,G,"(2, 7, 11)",I,G,B,G,225.0,116.0
1801,D,G,1,G,"(2, 7, 11)",I,G,B,G,225.125,116.0
1802,D,G,2,G,"(2, 7, 11)",I,G,B,G,225.25,116.0
1803,D,G,2,G,"(2, 7, 11)",I,G,B,G,225.375,116.0
1804,D,G,3,G,"(2, 7, 11)",I,G,B,G,225.5,116.0
1805,D,G,3,G,"(2, 7, 11)",I,G,B,G,225.625,116.0
1806,D,G,3,G,"(2, 7, 11)",I,G,B,G,225.75,116.0
1807,D,G,3,G,"(2, 7, 11)",I,G,B,G,225.875,116.0
1808,A,D,0,G,"(2, 6, 9)",V,D,F#,G,226.0,116.0
1809,A,D,1,G,"(2, 6, 9)",V,D,F#,G,226.125,116.0
1810,A,D,2,G,"(2, 6, 9)",V,D,F#,G,226.25,116.0
1811,A,D,2,G,"(2, 6, 9)",V,D,F#,G,226.375,116.0
1812,A,D,3,G,"(2, 6, 9)",V,D,F#,G,226.5,116.0
1813,A,D,3,G,"(2, 6, 9)",V,D,F#,G,226.625,116.0
1814,A,D,3,G,"(2, 6, 9)",V,D,F#,G,226.75,116.0
1815,A,D,3,G,"(2, 6, 9)",V,D,F#,G,226.875,116.0
1816,D,G,0,G,"(2, 7, 11)",I,G,B,G,227.0,117.0
1817,D,G,1,G,"(2, 7, 11)",I,G,B,G,227.125,117.0
1818,D,G,2,G,"(2, 7, 11)",I,G,B,G,227.25,117.0
1819,D,G,2,G,"(2, 7, 11)",I,G,B,G,227.375,117.0
1820,D,G,3,G,"(2, 7, 11)",I,G,B,G,227.5,117.0
1821,D,G,3,G,"(2, 7, 11)",I,G,B,G,227.625,117.0
1822,D,G,3,G,"(2, 7, 11)",I,G,B,G,227.75,117.0
1823,D,G,3,G,"(2, 7, 11)",I,G,B,G,227.875,117.0
1824,E,A,0,G,"(2, 6, 9)",V7,G,D,G,228.0,117.0
1825,E,A,1,G,"(2, 6, 9)",V7,G,D,G,228.125,117.0
1826,E,A,2,G,"(2, 6, 9)",V7,G,D,G,228.25,117.0
1827,E,A,2,G,"(2, 6, 9)",V7,G,D,G,228.375,117.0
1828,E,A,3,G,"(1, 4, 7, 9)",V7,G,C#,G,228.5,117.0
1829,E,A,3,G,"(1, 4, 7, 9)",V7,G,C#,G,228.625,117.0
1830,E,A,3,G,"(1, 4, 7, 9)",V7,G,C#,G,228.75,117.0
1831,E,A,3,G,"(1, 4, 7, 9)",V7,G,C#,G,228.875,117.0
1832,A,D,0,G,"(2, 6, 9)",V,D,F#,G,229.0,118.0
1833,A,D,1,G,"(2, 6, 9)",V,D,F#,G,229.125,118.0
1834,A,D,2,G,"(2, 6, 9)",V,D,F#,G,229.25,118.0
1835,A,D,2,G,"(2, 6, 9)",V,D,F#,G,229.375,118.0
1836,A,D,3,G,"(0, 2, 6, 9)",V,D,F#,G,229.5,118.0
1837,A,D,3,G,"(0, 2, 6, 9)",V,D,F#,G,229.625,118.0
1838,A,D,3,G,"(0, 2, 6, 9)",V,D,F#,G,229.75,118.0
1839,A,D,3,G,"(0, 2, 6, 9)",V,D,F#,G,229.875,118.0
1840,A,D,4,G,"(2, 7, 11)",V7,G,D,G,230.0,118.0
1841,B,D,1,G,"(2, 7, 11)",V7,G,D,G,230.125,118.0
1842,B,D,2,G,"(2, 7, 11)",V7,G,D,G,230.25,118.0
1843,B,D,2,G,"(2, 7, 11)",V7,G,D,G,230.375,118.0
1844,B,D,3,G,"(2, 7, 11)",V7,G,D,G,230.5,118.0
1845,B,D,3,G,"(2, 7, 11)",V7,G,D,G,230.625,118.0
1846,A,D,3,G,"(2, 7, 11)",V7,G,D,G,230.75,118.0
1847,A,D,3,G,"(2, 7, 11)",V7,G,D,G,230.875,118.0
1848,A,A,0,G,"(0, 2, 6, 9)",V7,G,C,G,231.0,119.0
1849,A,A,1,G,"(0, 2, 6, 9)",V7,G,C,G,231.125,119.0
1850,A,A,2,G,"(0, 2, 6, 9)",V7,G,C,G,231.25,119.0
1851,A,A,2,G,"(0, 2, 6, 9)",V7,G,C,G,231.375,119.0
1852,A,A,3,G,"(0, 2, 6, 9)",V7,G,C,G,231.5,119.0
1853,A,A,3,G,"(0, 2, 6, 9)",V7,G,C,G,231.625,119.0
1854,A,A,3,G,"(0, 2, 6, 9)",V7,G,C,G,231.75,119.0
1855,A,D,3,G,"(0, 2, 6, 9)",V7,G,C,G,231.875,119.0
1856,D,D,0,G,"(2, 7, 11)",V7,G,B,G,232.0,119.0
1857,B,D,1,G,"(2, 7, 11)",V7,G,B,G,232.125,119.0
1858,B,D,2,G,"(2, 7, 11)",V7,G,B,G,232.25,119.0
1859,B,D,2,G,"(2, 7, 11)",V7,G,B,G,232.375,119.0
1860,B,D,3,G,"(2, 5, 8, 11)",V7,D,B,G,232.5,119.0
1861,B,D,3,G,"(2, 5, 8, 11)",V7,D,B,a,232.625,119.0
1862,B,D,3,G,"(2, 5, 8, 11)",V7,D,B,a,232.75,119.0
1863,B,D,3,G,"(2, 5, 8, 11)",V7,D,B,a,232.875,119.0
1864,A,D,0,G,"(0, 2, 6, 9)",V7,C,F#,G,233.0,120.0
1865,A,D,1,G,"(0, 2, 6, 9)",V7,C,F#,G,233.125,120.0
1866,A,D,2,G,"(0, 2, 6, 9)",V7,C,F#,G,233.25,120.0
1867,A,D,2,G,"(0, 2, 6, 9)",V7,C,F#,G,233.375,120.0
1868,A,D,3,G,"(0, 2, 6, 9)",V7,C,F#,G,233.5,120.0
1869,A,D,3,G,"(0, 2, 6, 9)",V7,C,F#,G,233.625,120.0
1870,A,D,3,G,"(0, 2, 6, 9)",V7,C,F#,G,233.75,120.0
1871,A,D,3,G,"(0, 2, 6, 9)",V7,C,F#,G,233.875,120.0
1872,A,D,4,G,"(0, 2, 6, 9)",V7,C,F#,G,234.0,120.0
1873,A,D,4,G,"(0, 2, 6, 9)",V7,C,F#,G,234.125,120.0
1874,A,D,4,G,"(0, 2, 6, 9)",V7,C,F#,G,234.25,120.0
1875,A,D,4,G,"(0, 2, 6, 9)",V7,C,F#,G,234.375,120.0
1876,A,D,4,G,"(0, 2, 6, 9)",V7,C,F#,G,234.5,120.0
1877,A,D,4,G,"(0, 2, 6, 9)",V7,C,F#,G,234.625,120.0
1878,A,D,4,G,"(0, 2, 6, 9)",V7,C,F#,G,234.75,120.0
1879,A,D,4,G,"(0, 2, 6, 9)",V7,C,F#,G,234.875,120.0
1880,F#,B,0,G,"(0, 2, 6, 9)",V7,G,D,G,235.0,121.0
1881,F#,B,1,G,"(0, 2, 6, 9)",V7,G,D,G,235.125,121.0
1882,F#,B,2,G,"(0, 2, 6, 9)",V7,G,D,G,235.25,121.0
1883,F#,B,2,G,"(0, 2, 6, 9)",V7,G,D,G,235.375,121.0
1884,F#,B,3,G,"(0, 2, 6, 9)",V7,G,D,G,235.5,121.0
1885,F#,B,3,G,"(0, 2, 6, 9)",V7,G,D,G,235.625,121.0
1886,F#,B,3,G,"(0, 2, 6, 9)",V7,G,D,G,235.75,121.0
1887,F#,B,3,G,"(0, 2, 6, 9)",V7,G,D,G,235.875,121.0
1888,A,D,0,G,"(0, 2, 6, 9)",V7,A,F#,G,236.0,121.0
1889,A,D,1,G,"(0, 2, 6, 9)",V7,C,F#,G,236.125,121.0
1890,A,D,2,G,"(0, 2, 6, 9)",V7,C,F#,G,236.25,121.0
1891,A,D,2,G,"(0, 2, 6, 9)",V7,C,F#,G,236.375,121.0
1892,A,D,3,G,"(0, 2, 6, 9)",V7,C,F#,G,236.5,121.0
1893,A,D,3,G,"(0, 2, 6, 9)",V7,C,F#,G,236.625,121.0
1894,A,D,3,G,"(0, 2, 6, 9)",V7,C,F#,G,236.75,121.0
1895,A,D,3,G,"(0, 2, 6, 9)",V7,C,F#,G,236.875,121.0
1896,D,G,0,G,"(2, 7, 11)",I,G,B,G,237.0,122.0
1897,D,G,1,G,"(2, 7, 11)",I,G,B,G,237.125,122.0
1898,D,G,2,G,"(2, 7, 11)",I,G,B,G,237.25,122.0
1899,D,G,2,G,"(2, 7, 11)",I,G,B,G,237.375,122.0
1900,D,G,3,G,"(2, 7, 11)",I,G,B,G,237.5,122.0
1901,D,G,3,G,"(2, 7, 11)",I,G,B,G,237.625,122.0
1902,D,G,3,G,"(2, 7, 11)",I,G,B,G,237.75,122.0
1903,D,G,3,G,"(2, 7, 11)",I,G,B,G,237.875,122.0
1904,D,G,0,G,"(2, 7, 11)",I,G,B,G,238.0,122.0
1905,D,G,1,G,"(2, 7, 11)",I,G,B,G,238.125,122.0
1906,D,G,2,G,"(2, 7, 11)",I,G,B,G,238.25,122.0
1907,D,G,2,G,"(2, 7, 11)",I,G,B,G,238.375,122.0
1908,D,G,3,G,"(2, 7, 11)",I,G,B,G,238.5,122.0
1909,D,G,3,G,"(2, 7, 11)",I,G,B,G,238.625,122.0
1910,D,G,3,G,"(2, 7, 11)",I,G,B,G,238.75,122.0
1911,D,G,3,G,"(2, 7, 11)",I,G,B,G,238.875,122.0
1912,A,C,0,G,"(0, 4, 9)",ii,A,E,G,239.0,123.0
1913,A,C,1,G,"(0, 4, 9)",ii,A,E,G,239.125,123.0
1914,A,C,2,G,"(0, 4, 9)",ii,A,E,G,239.25,123.0
1915,A,C,2,G,"(0, 4, 9)",ii,A,E,G,239.375,123.0
1916,A,C,3,G,"(0, 4, 9)",ii,A,E,G,239.5,123.0
1917,A,C,3,G,"(0, 4, 9)",ii,A,E,G,239.625,123.0
1918,A,C,3,G,"(0, 4, 9)",ii,A,E,G,239.75,123.0
1919,A,C,3,G,"(0, 4, 9)",ii,A,E,G,239.875,123.0
1920,A,D,3,G,"(0, 2, 6, 9)",V7,C,F#,G,240.0,123.0
1921,A,D,3,G,"(0, 2, 6, 9)",V7,C,F#,G,240.125,123.0
1922,A,D,3,G,"(0, 2, 6, 9)",V7,C,F#,G,240.25,123.0
1923,A,D,3,G,"(0, 2, 6, 9)",V7,C,F#,G,240.375,123.0
1924,A,D,4,G,"(0, 2, 6, 9)",V7,C,F#,G,240.5,123.0
1925,A,D,4,G,"(0, 2, 6, 9)",V7,C,F#,G,240.625,123.0
1926,A,D,4,G,"(0, 2, 6, 9)",V7,C,F#,G,240.75,123.0
1927,A,D,4,G,"(0, 2, 6, 9)",V7,C,F#,G,240.875,123.0
1928,D,G,0,G,"(2, 7, 11)",I,G,B,G,241.0,124.0
1929,D,G,1,G,"(2, 7, 11)",I,G,B,G,241.125,124.0
1930,D,G,2,G,"(2, 7, 11)",I,G,B,G,241.25,124.0
1931,D,G,2,G,"(2, 7, 11)",I,G,B,G,241.375,124.0
1932,D,G,3,G,"(2, 7, 11)",I,G,B,G,241.5,124.0
1933,D,G,3,G,"(2, 7, 11)",I,G,B,G,241.625,124.0
1934,D,G,3,G,"(2, 7, 11)",I,G,B,G,241.75,124.0
1935,D,G,3,G,"(2, 7, 11)",I,G,B,G,241.875,124.0
1936,A,D,0,G,"(2, 6, 9)",V,D,F#,G,242.0,124.0
1937,A,D,1,G,"(2, 6, 9)",V,D,F#,G,242.125,124.0
1938,A,D,2,G,"(2, 6, 9)",V,D,F#,G,242.25,124.0
1939,A,D,2,G,"(2, 6, 9)",V,D,F#,G,242.375,124.0
1940,A,D,3,G,"(2, 6, 9)",V,D,F#,G,242.5,124.0
1941,A,D,3,G,"(2, 6, 9)",V,D,F#,G,242.625,124.0
1942,A,D,3,G,"(2, 6, 9)",V,D,F#,G,242.75,124.0
1943,A,D,3,G,"(2, 6, 9)",V,D,F#,G,242.875,124.0
1944,D,G,0,G,"(2, 7, 11)",I,G,B,G,243.0,125.0
1945,D,G,1,G,"(2, 7, 11)",I,G,B,G,243.125,125.0
1946,D,G,2,G,"(2, 7, 11)",I,G,B,G,243.25,125.0
1947,D,G,2,G,"(2, 7, 11)",I,G,B,G,243.375,125.0
1948,D,G,3,G,"(2, 7, 11)",I,G,B,G,243.5,125.0
1949,D,G,3,G,"(2, 7, 11)",I,G,B,G,243.625,125.0
1950,D,G,3,G,"(2, 7, 11)",I,G,B,G,243.75,125.0
1951,D,G,3,G,"(2, 7, 11)",I,G,B,G,243.875,125.0
1952,A,C,0,G,"(0, 2, 6, 9)",ii7,C,E,G,244.0,125.0
1953,A,C,1,G,"(0, 2, 6, 9)",ii7,C,E,G,244.125,125.0
1954,A,C,2,G,"(0, 2, 6, 9)",ii7,C,E,G,244.25,125.0
1955,A,C,2,G,"(0, 2, 6, 9)",ii7,C,E,G,244.375,125.0
1956,A,D,0,G,"(0, 2, 6, 9)",V7,C,F#,G,244.5,125.0
1957,A,D,1,G,"(0, 2, 6, 9)",V7,C,F#,G,244.625,125.0
1958,A,D,3,G,"(0, 2, 6, 9)",V7,C,F#,G,244.75,125.0
1959,A,D,2,G,"(0, 2, 6, 9)",V7,C,F#,G,244.875,125.0
1960,D,G,0,G,"(2, 7, 11)",I,G,B,G,245.0,126.0
1961,D,G,1,G,"(2, 7, 11)",I,G,B,G,245.125,126.0
1962,D,G,2,G,"(2, 7, 11)",I,G,B,G,245.25,126.0
1963,D,G,2,G,"(2, 7, 11)",I,G,B,G,245.375,126.0
1964,D,G,3,G,"(2, 7, 11)",I,G,B,G,245.5,126.0
1965,D,G,3,G,"(2, 7, 11)",I,G,B,G,245.625,126.0
1966,D,G,3,G,"(2, 7, 11)",I,G,B,G,245.75,126.0
1967,D,G,3,G,"(2, 7, 11)",I,G,B,G,245.875,126.0
1968,D,G,4,G,"(2, 7, 11)",I,G,B,G,246.0,126.0
1969,D,G,4,G,"(2, 7, 11)",I,G,B,G,246.125,126.0
1970,D,G,4,G,"(2, 7, 11)",I,G,B,G,246.25,126.0
1971,D,G,4,G,"(2, 7, 11)",I,G,B,G,246.375,126.0
1972,D,G,4,G,"(2, 7, 11)",I,G,B,G,246.5,126.0
1973,D,G,4,G,"(2, 7, 11)",I,G,B,G,246.625,126.0
1974,D,G,4,G,"(2, 7, 11)",I,G,B,G,246.75,126.0
1975,D,G,4,G,"(2, 7, 11)",I,G,B,G,246.875,126.0
1976,D,A,0,G,"(0, 2, 6, 9)",V7,F#,C,G,247.0,127.0
1977,D,A,1,G,"(0, 2, 6, 9)",V7,F#,C,G,247.125,127.0
1978,D,A,2,G,"(0, 2, 6, 9)",V7,F#,C,G,247.25,127.0
1979,D,A,2,G,"(0, 2, 6, 9)",V7,F#,C,G,247.375,127.0
1980,A,A,3,G,"(0, 2, 6, 9)",V7,F#,C,G,247.5,127.0
1981,A,A,3,G,"(0, 2, 6, 9)",V7,F#,C,G,247.625,127.0
1982,A,A,3,G,"(0, 2, 6, 9)",V7,F#,C,G,247.75,127.0
1983,A,A,3,G,"(0, 2, 6, 9)",V7,F#,C,G,247.875,127.0
1984,D,G,0,G,"(2, 7, 11)",V7,G,B,G,248.0,127.0
1985,D,G,1,G,"(2, 7, 11)",V7,G,B,G,248.125,127.0
1986,D,G,2,G,"(2, 7, 11)",V7,G,B,G,248.25,127.0
1987,D,G,2,G,"(2, 7, 11)",V7,G,B,G,248.375,127.0
1988,B,D,0,G,"(2, 5, 8, 11)",V7,D,B,a,248.5,127.0
1989,B,D,1,G,"(2, 5, 8, 11)",V7,D,B,a,248.625,127.0
1990,B,D,3,G,"(2, 5, 8, 11)",viio7,D,B,a,248.75,127.0
1991,B,D,3,G,"(2, 5, 8, 11)",viio7,D,B,a,248.875,127.0
1992,A,D,0,G,"(2, 6, 9)",V,C,F#,G,249.0,128.0
1993,A,D,1,G,"(0, 2, 6, 9)",V,C,F#,G,249.125,128.0
1994,A,D,2,G,"(0, 2, 6, 9)",V,C,F#,G,249.25,128.0
1995,A,D,2,G,"(0, 2, 6, 9)",V,C,F#,G,249.375,128.0
1996,A,D,3,G,"(0, 2, 6, 9)",V7,C,F#,G,249.5,128.0
1997,A,D,3,G,"(0, 2, 6, 9)",V7,C,F#,G,249.625,128.0
1998,A,D,3,G,"(0, 2, 6, 9)",V7,C,F#,G,249.75,128.0
1999,A,D,3,G,"(0, 2, 6, 9)",V7,C,F#,G,249.875,128.0
2000,A,D,4,G,"(0, 2, 6, 9)",V7,C,F#,G,250.0,128.0
2001,A,D,1,G,"(0, 2, 6, 9)",V7,C,F#,G,250.125,128.0
2002,A,D,4,G,"(0, 2, 6, 9)",V7,C,F#,G,250.25,128.0
2003,A,D,4,G,"(0, 2, 6, 9)",V7,C,F#,G,250.375,128.0
2004,A,D,4,G,"(0, 2, 6, 9)",V7,C,F#,G,250.5,128.0
2005,A,D,4,G,"(0, 2, 6, 9)",IV,C,F#,G,250.625,128.0
2006,A,D,4,G,"(0, 2, 6, 9)",V7,C,F#,G,250.75,128.0
2007,A,D,4,G,"(0, 2, 6, 9)",V7,C,F#,G,250.875,128.0
2008,G,B,0,G,"(2, 7, 11)",I,G,D,G,251.0,129.0
2009,G,B,1,G,"(2, 7, 11)",V,G,D,G,251.125,129.0
2010,G,B,2,G,"(2, 7, 11)",V,G,D,G,251.25,129.0
2011,G,B,2,G,"(2, 7, 11)",V,G,D,G,251.375,129.0
2012,G,B,3,G,"(2, 7, 11)",V,G,D,G,251.5,129.0
2013,G,B,3,G,"(2, 7, 11)",V,G,D,G,251.625,129.0
2014,G,B,3,G,"(2, 7, 11)",V,G,D,G,251.75,129.0
2015,G,B,3,G,"(2, 7, 11)",V,G,D,G,251.875,129.0
2016,A,D,0,G,"(0, 2, 6, 9)",V7,G,D,G,252.0,129.0
2017,A,D,1,G,"(0, 2, 6, 9)",V7,A,D,G,252.125,129.0
2018,A,D,2,G,"(0, 2, 6, 9)",V7,A,D,G,252.25,129.0
2019,A,D,2,G,"(0, 2, 6, 9)",V7,A,D,G,252.375,129.0
2020,A,D,0,G,"(0, 2, 6, 9)",V7,D,F#,G,252.5,129.0
2021,A,D,1,G,"(0, 2, 6, 9)",V7,D,F#,G,252.625,129.0
2022,A,D,3,G,"(0, 2, 6, 9)",V7,D,F#,G,252.75,129.0
2023,A,D,2,G,"(0, 2, 6, 9)",V7,D,F#,G,252.875,129.0
2024,D,G,0,G,"(2, 7, 11)",I,G,B,G,253.0,130.0
2025,D,G,1,G,"(2, 7, 11)",I,G,B,G,253.125,130.0
2026,D,G,2,G,"(2, 7, 11)",I,G,B,G,253.25,130.0
2027,D,G,2,G,"(2, 7, 11)",I,G,B,G,253.375,130.0
2028,D,G,3,G,"(2, 7, 11)",I,G,B,G,253.5,130.0
2029,D,G,3,G,"(2, 7, 11)",I,G,B,G,253.625,130.0
2030,D,G,3,G,"(2, 7, 11)",I,G,B,G,253.75,130.0
2031,D,G,3,G,"(2, 7, 11)",I,G,B,G,253.875,130.0
2032,D,G,0,G,"(2, 7, 11)",I,G,B,G,254.0,130.0
2033,D,G,1,G,"(2, 7, 11)",I,G,B,G,254.125,130.0
2034,D,G,2,G,"(2, 7, 11)",I,G,B,G,254.25,130.0
2035,D,G,2,G,"(2, 7, 11)",I,G,B,G,254.375,130.0
2036,D,G,3,G,"(2, 7, 11)",I,G,B,G,254.5,130.0
2037,D,G,3,G,"(2, 7, 11)",I,G,B,G,254.625,130.0
2038,D,G,3,G,"(2, 7, 11)",I,G,B,G,254.75,130.0
2039,D,G,3,G,"(2, 7, 11)",I,G,B,G,254.875,130.0
2040,A,C,0,G,"(0, 4, 9)",ii,A,E,G,255.0,131.0
2041,A,C,1,G,"(0, 4, 9)",ii,A,E,G,255.125,131.0
2042,A,C,2,G,"(0, 4, 9)",ii,A,E,G,255.25,131.0
2043,A,C,2,G,"(0, 4, 9)",ii,A,E,G,255.375,131.0
2044,A,C,3,G,"(0, 4, 9)",ii,A,E,G,255.5,131.0
2045,A,C,3,G,"(0, 4, 9)",ii,A,E,G,255.625,131.0
2046,A,C,3,G,"(0, 4, 9)",ii,A,E,G,255.75,131.0
2047,A,C,3,G,"(0, 4, 9)",ii,A,E,G,255.875,131.0
2048,A,D,0,G,"(0, 2, 6, 9)",V7,C,F#,G,256.0,131.0
2049,A,D,1,G,"(0, 2, 6, 9)",V7,C,F#,G,256.125,131.0
2050,A,D,2,G,"(0, 2, 6, 9)",V7,C,F#,G,256.25,131.0
2051,A,D,2,G,"(0, 2, 6, 9)",V7,C,F#,G,256.375,131.0
2052,A,D,3,G,"(0, 2, 6, 9)",V7,C,F#,G,256.5,131.0
2053,A,D,3,G,"(0, 2, 6, 9)",V7,C,F#,G,256.625,131.0
2054,A,D,3,G,"(0, 2, 6, 9)",V7,C,F#,G,256.75,131.0
2055,A,D,3,G,"(0, 2, 6, 9)",V7,C,F#,G,256.875,131.0
2056,D,G,0,G,"(2, 7, 11)",I,G,B,G,257.0,132.0
2057,D,G,1,G,"(2, 7, 11)",I,G,B,G,257.125,132.0
2058,D,G,2,G,"(2, 7, 11)",I,G,B,G,257.25,132.0
2059,D,G,2,G,"(2, 7, 11)",I,G,B,G,257.375,132.0
2060,D,G,3,G,"(2, 7, 11)",I,G,B,G,257.5,132.0
2061,D,G,3,G,"(2, 7, 11)",I,G,B,G,257.625,132.0
2062,D,G,3,G,"(2, 7, 11)",I,G,B,G,257.75,132.0
2063,D,G,3,G,"(2, 7, 11)",I,G,B,G,257.875,132.0
2064,A,D,0,G,"(2, 6, 9)",V,D,F#,G,258.0,132.0
2065,A,D,1,G,"(2, 6, 9)",V,D,F#,G,258.125,132.0
2066,A,D,2,G,"(2, 6, 9)",V,D,F#,G,258.25,132.0
2067,A,D,2,G,"(2, 6, 9)",V,D,F#,G,258.375,132.0
2068,A,D,3,G,"(2, 6, 9)",V,D,F#,G,258.5,132.0
2069,A,D,3,G,"(2, 6, 9)",V,D,F#,G,258.625,132.0
2070,A,D,3,G,"(2, 6, 9)",V,D,F#,G,258.75,132.0
2071,A,D,3,G,"(2, 6, 9)",V,D,F#,G,258.875,132.0
2072,D,G,0,G,"(2, 7, 11)",I,G,B,G,259.0,133.0
2073,D,G,1,G,"(2, 7, 11)",I,G,B,G,259.125,133.0
2074,D,G,2,G,"(2, 7, 11)",I,G,B,G,259.25,133.0
2075,D,G,2,G,"(2, 7, 11)",I,G,B,G,259.375,133.0
2076,D,G,3,G,"(2, 7, 11)",I,G,B,G,259.5,133.0
2077,D,G,3,G,"(2, 7, 11)",I,G,B,G,259.625,133.0
2078,D,G,3,G,"(2, 7, 11)",I,G,B,G,259.75,133.0
2079,D,G,3,G,"(2, 7, 11)",I,G,B,G,259.875,133.0
2080,A,C,0,G,"(0, 2, 6, 9)",ii7,C,F#,G,260.0,133.0
2081,A,C,1,G,"(0, 2, 6, 9)",ii7,C,F#,G,260.125,133.0
2082,A,C,2,G,"(0, 2, 6, 9)",ii7,C,F#,G,260.25,133.0
2083,A,C,2,G,"(0, 2, 6, 9)",ii7,C,F#,G,260.375,133.0
2084,A,C,3,G,"(0, 2, 6, 9)",V7,C,F#,G,260.5,133.0
2085,A,C,3,G,"(0, 2, 6, 9)",V7,C,F#,G,260.625,133.0
2086,A,C,3,G,"(0, 2, 6, 9)",V7,C,F#,G,260.75,133.0
2087,A,C,3,G,"(0, 2, 6, 9)",V7,C,F#,G,260.875,133.0
2088,A,D,0,G,"(0, 2, 6, 9)",V7,C,F#,G,261.0,134.0
2089,A,D,1,G,"(0, 2, 6, 9)",V7,C,F#,G,261.125,134.0
2090,A,D,2,G,"(0, 2, 6, 9)",V7,C,F#,G,261.25,134.0
2091,A,D,3,G,"(0, 2, 6, 9)",V7,C,F#,G,261.375,134.0
2092,A,D,3,G,"(0, 2, 6, 9)",V7,C,F#,G,261.5,134.0
2093,A,D,3,G,"(0, 2, 6, 9)",V7,C,F#,G,261.625,134.0
2094,A,D,3,G,"(0, 2, 6, 9)",V7,C,F#,G,261.75,134.0
2095,A,D,3,G,"(0, 2, 6, 9)",V7,C,F#,G,261.875,134.0
2096,D,G,0,G,"(2, 7, 11)",I,G,B,G,262.0,134.0
2097,D,G,1,G,"(2, 7, 11)",I,G,B,G,262.125,134.0
2098,D,G,2,G,"(2, 7, 11)",I,G,B,G,262.25,134.0
2099,D,G,2,G,"(2, 7, 11)",I,G,B,G,262.375,134.0
2100,D,G,3,G,"(2, 7, 11)",V+,G,B,G,262.5,134.0
2101,D,G,3,G,"(3, 7, 11)",V+,G,B,G,262.625,134.0
2102,D,G,3,G,"(3, 7, 11)",V+,G,B,G,262.75,134.0
2103,D,G,3,G,"(3, 7, 11)",V+,G,B,G,262.875,134.0
2104,A,C,0,G,"(0, 4, 9)",ii,A,E,G,263.0,135.0
2105,A,C,1,G,"(0, 4, 9)",ii,A,E,G,263.125,135.0
2106,A,C,2,G,"(0, 4, 9)",ii,A,E,G,263.25,135.0
2107,A,C,2,G,"(0, 4, 9)",ii,A,E,G,263.375,135.0
2108,A,C,3,G,"(0, 4, 9)",ii,A,E,G,263.5,135.0
2109,A,C,3,G,"(0, 4, 9)",ii,A,E,G,263.625,135.0
2110,A,C,3,G,"(0, 4, 9)",ii,A,E,G,263.75,135.0
2111,A,C,3,G,"(0, 4, 9)",ii,A,E,G,263.875,135.0
2112,A,D,0,G,"(0, 2, 6, 9)",V7,C,F#,G,264.0,135.0
2113,A,D,1,G,"(0, 2, 6, 9)",V7,C,F#,G,264.125,135.0
2114,A,D,2,G,"(0, 2, 6, 9)",V7,C,F#,G,264.25,135.0
2115,A,D,2,G,"(0, 2, 6, 9)",V7,C,F#,G,264.375,135.0
2116,A,D,3,G,"(0, 2, 6, 9)",V7,C,F#,G,264.5,135.0
2117,A,D,3,G,"(0, 2, 6, 9)",V7,C,F#,G,264.625,135.0
2118,A,D,3,G,"(0, 2, 6, 9)",V7,C,F#,G,264.75,135.0
2119,A,D,3,G,"(0, 2, 6, 9)",V7,C,F#,G,264.875,135.0
2120,D,G,0,G,"(2, 7, 11)",I,G,B,G,265.0,136.0
2121,D,G,1,G,"(2, 7, 11)",I,G,B,G,265.125,136.0
2122,D,G,2,G,"(2, 7, 11)",I,G,B,G,265.25,136.0
2123,D,G,2,G,"(2, 7, 11)",I,G,B,G,265.375,136.0
2124,D,G,3,G,"(2, 7, 11)",I,G,B,G,265.5,136.0
2125,D,G,3,G,"(2, 7, 11)",I,G,B,G,265.625,136.0
2126,D,G,3,G,"(2, 7, 11)",I,G,B,G,265.75,136.0
2127,D,G,3,G,"(2, 7, 11)",I,G,B,G,265.875,136.0
2128,D,G,4,G,"(2, 7, 11)",I,G,B,G,266.0,136.0
2129,D,G,1,G,"(2, 7, 11)",I,G,B,G,266.125,136.0
2130,D,G,2,G,"(2, 7, 11)",I,G,B,G,266.25,136.0
2131,D,G,4,G,"(2, 7, 11)",I,G,B,G,266.375,136.0
2132,D,G,0,G,"(2, 7, 11)",I,G,B,G,266.5,136.0
2133,D,G,1,G,"(2, 7, 11)",I,G,B,G,266.625,136.0
2134,D,G,2,G,"(2, 7, 11)",I,G,B,G,266.75,136.0
2135,D,G,2,G,"(2, 7, 11)",I,G,B,G,266.875,136.0
2136,G,C,0,G,"(0, 4, 9)",ii,A,E,G,267.0,137.0
2137,G,C,1,G,"(0, 4, 9)",ii,A,E,G,267.125,137.0
2138,G,C,2,G,"(0, 4, 9)",ii,A,E,G,267.25,137.0
2139,G,C,2,G,"(0, 4, 9)",ii,A,E,G,267.375,137.0
2140,A,C,3,G,"(0, 4, 9)",ii,A,E,G,267.5,137.0
2141,G,C,3,G,"(0, 4, 9)",ii,A,E,G,267.625,137.0
2142,G,C,3,G,"(0, 4, 9)",ii,A,E,G,267.75,137.0
2143,G,C,3,G,"(0, 4, 9)",ii,A,E,G,267.875,137.0
2144,A,D,0,G,"(0, 2, 6, 9)",V7,C,F#,G,268.0,137.0
2145,A,D,1,G,"(0, 2, 6, 9)",V7,C,F#,G,268.125,137.0
2146,A,D,2,G,"(0, 2, 6, 9)",V7,C,F#,G,268.25,137.0
2147,A,D,2,G,"(0, 2, 6, 9)",V7,C,F#,G,268.375,137.0
2148,A,D,3,G,"(0, 2, 6, 9)",V7,C,F#,G,268.5,137.0
2149,A,D,3,G,"(0, 2, 6, 9)",V7,C,F#,G,268.625,137.0
2150,A,D,3,G,"(0, 2, 6, 9)",V7,C,F#,G,268.75,137.0
2151,A,D,3,G,"(0, 2, 6, 9)",V7,C,F#,G,268.875,137.0
2152,D,G,0,G,"(2, 7, 11)",I,G,B,G,269.0,138.0
2153,D,G,1,G,"(2, 7, 11)",I,G,B,G,269.125,138.0
2154,D,G,2,G,"(2, 7, 11)",I,G,B,G,269.25,138.0
2155,D,G,2,G,"(2, 7, 11)",I,G,B,G,269.375,138.0
2156,D,G,3,G,"(2, 7, 11)",I,G,B,G,269.5,138.0
2157,D,G,3,G,"(2, 7, 11)",I,G,B,G,269.625,138.0
2158,D,G,3,G,"(2, 7, 11)",I,G,B,G,269.75,138.0
2159,D,G,3,G,"(2, 7, 11)",I,G,B,G,269.875,138.0
2160,D,G,4,G,"(2, 7, 11)",I,G,B,G,270.0,138.0
2161,D,G,4,G,"(2, 7, 11)",I,G,B,G,270.125,138.0
2162,D,G,4,G,"(2, 7, 11)",I,G,B,G,270.25,138.0
2163,D,G,4,G,"(2, 7, 11)",I,G,B,G,270.375,138.0
2164,D,G,0,G,"(2, 7, 11)",I,G,B,G,270.5,138.0
2165,D,G,1,G,"(2, 7, 11)",I,G,B,G,270.625,138.0
2166,D,G,2,G,"(2, 7, 11)",I,G,B,G,270.75,138.0
2167,D,G,4,G,"(2, 7, 11)",I,G,B,G,270.875,138.0
2168,G,C,0,G,"(0, 4, 9)",ii,C,E,G,271.0,139.0
2169,G,C,1,G,"(0, 4, 9)",ii,C,E,G,271.125,139.0
2170,G,C,2,G,"(0, 4, 9)",ii,C,E,G,271.25,139.0
2171,G,C,2,G,"(0, 4, 9)",ii,C,E,G,271.375,139.0
2172,G,C,3,G,"(0, 4, 7)",ii,C,E,G,271.5,139.0
2173,G,C,3,G,"(0, 4, 7)",ii,C,E,G,271.625,139.0
2174,G,C,3,G,"(0, 4, 7)",ii,C,E,G,271.75,139.0
2175,G,C,3,G,"(0, 4, 7)",ii,C,E,G,271.875,139.0
2176,A,D,0,G,"(0, 2, 6, 9)",V7,C,F#,G,272.0,139.0
2177,A,D,1,G,"(0, 2, 6, 9)",V7,C,F#,G,272.125,139.0
2178,A,D,2,G,"(0, 2, 6, 9)",V7,C,F#,G,272.25,139.0
2179,A,D,2,G,"(0, 2, 6, 9)",V7,C,F#,G,272.375,139.0
2180,A,D,3,G,"(0, 2, 6, 9)",V7,C,F#,G,272.5,139.0
2181,A,D,3,G,"(0, 2, 6, 9)",V7,C,F#,G,272.625,139.0
2182,A,D,3,G,"(0, 2, 6, 9)",V7,C,F#,G,272.75,139.0
2183,A,D,3,G,"(0, 2, 6, 9)",V7,C,F#,G,272.875,139.0
2184,D,G,0,G,"(2, 7, 11)",I,G,B,G,273.0,140.0
2185,D,G,1,G,"(2, 7, 11)",I,G,B,G,273.125,140.0
2186,D,G,2,G,"(2, 7, 11)",I,G,B,G,273.25,140.0
2187,D,G,2,G,"(2, 7, 11)",I,G,B,G,273.375,140.0
2188,D,G,3,G,"(2, 7, 11)",I,G,B,G,273.5,140.0
2189,D,G,3,G,"(2, 7, 11)",I,G,B,G,273.625,140.0
2190,D,G,3,G,"(2, 7, 11)",I,G,B,G,273.75,140.0
2191,D,G,3,G,"(2, 7, 11)",I,G,B,G,273.875,140.0
2192,D,G,0,G,"(2, 7, 11)",I,G,B,G,274.0,140.0
2193,D,G,1,G,"(2, 7, 11)",I,G,B,G,274.125,140.0
2194,D,G,2,G,"(2, 7, 11)",I,G,B,G,274.25,140.0
2195,D,G,2,G,"(2, 7, 11)",I,G,B,G,274.375,140.0
2196,D,G,0,G,"(2, 7, 11)",I,G,B,G,274.5,140.0
2197,D,G,1,G,"(2, 7, 11)",I,G,B,G,274.625,140.0
2198,D,G,3,G,"(2, 7, 11)",I,G,B,G,274.75,140.0
2199,D,G,3,G,"(2, 7, 11)",I,G,B,G,274.875,140.0
2200,A,C,0,G,"(0, 4, 9)",ii,A,E,G,275.0,141.0
2201,A,C,1,G,"(0, 4, 9)",ii,A,E,G,275.125,141.0
2202,A,C,2,G,"(0, 4, 9)",ii,A,E,G,275.25,141.0
2203,A,C,2,G,"(0, 4, 9)",ii,A,E,G,275.375,141.0
2204,A,C,3,G,"(0, 4, 9)",ii,A,E,G,275.5,141.0
2205,A,C,3,G,"(0, 4, 9)",ii,A,E,G,275.625,141.0
2206,A,C,3,G,"(0, 4, 9)",ii,A,E,G,275.75,141.0
2207,A,C,3,G,"(0, 4, 9)",ii,A,E,G,275.875,141.0
2208,A,D,0,G,"(2, 6, 9)",V,C,F#,G,276.0,141.0
2209,A,D,1,G,"(2, 6, 9)",V,C,F#,G,276.125,141.0
2210,A,D,2,G,"(2, 6, 9)",V,C,F#,G,276.25,141.0
2211,A,D,2,G,"(2, 6, 9)",V,C,F#,G,276.375,141.0
2212,A,D,3,G,"(0, 2, 6, 9)",V7,C,F#,G,276.5,141.0
2213,A,D,3,G,"(0, 2, 6, 9)",V7,C,F#,G,276.625,141.0
2214,A,D,3,G,"(0, 2, 6, 9)",V7,C,F#,G,276.75,141.0
2215,A,D,3,G,"(0, 2, 6, 9)",V7,C,F#,G,276.875,141.0
2216,D,G,0,G,"(2, 7, 11)",I,G,B,G,277.0,142.0
2217,D,G,1,G,"(2, 7, 11)",I,G,B,G,277.125,142.0
2218,D,G,2,G,"(2, 7, 11)",I,G,B,G,277.25,142.0
2219,D,G,2,G,"(2, 7, 11)",I,G,B,G,277.375,142.0
2220,D,G,3,G,"(2, 7, 11)",I,G,B,G,277.5,142.0
2221,D,G,3,G,"(2, 7, 11)",I,G,B,G,277.625,142.0
2222,D,G,3,G,"(2, 7, 11)",I,G,B,G,277.75,142.0
2223,D,G,3,G,"(2, 7, 11)",I,G,B,G,277.875,142.0
2224,A,D,0,G,"(0, 2, 6, 9)",V7,C,F#,G,278.0,142.0
2225,A,D,1,G,"(0, 2, 6, 9)",V7,C,F#,G,278.125,142.0
2226,A,D,2,G,"(0, 2, 6, 9)",V7,C,F#,G,278.25,142.0
2227,A,D,2,G,"(0, 2, 6, 9)",V7,C,F#,G,278.375,142.0
2228,A,D,3,G,"(0, 2, 6, 9)",V7,C,F#,G,278.5,142.0
2229,A,D,3,G,"(0, 2, 6, 9)",V7,C,F#,G,278.625,142.0
2230,A,D,3,G,"(0, 2, 6, 9)",V7,C,F#,G,278.75,142.0
2231,A,D,3,G,"(0, 2, 6, 9)",V7,C,F#,G,278.875,142.0
2232,D,G,0,G,"(2, 7, 11)",I,G,B,G,279.0,143.0
2233,D,G,1,G,"(2, 7, 11)",I,G,B,G,279.125,143.0
2234,D,G,2,G,"(2, 7, 11)",I,G,B,G,279.25,143.0
2235,D,G,2,G,"(2, 7, 11)",I,G,B,G,279.375,143.0
2236,D,G,3,G,"(2, 7, 11)",I,G,B,G,279.5,143.0
2237,D,G,3,G,"(2, 7, 11)",I,G,B,G,279.625,143.0
2238,D,G,3,G,"(2, 7, 11)",I,G,B,G,279.75,143.0
2239,D,G,3,G,"(2, 7, 11)",I,G,B,G,279.875,143.0
2240,A,D,0,G,"(0, 2, 6, 9)",V7,C,F#,G,280.0,143.0
2241,A,D,1,G,"(0, 2, 6, 9)",V7,C,F#,G,280.125,143.0
2242,A,D,2,G,"(0, 2, 6, 9)",V7,C,F#,G,280.25,143.0
2243,A,D,2,G,"(0, 2, 6, 9)",V7,C,F#,G,280.375,143.0
2244,A,D,3,G,"(0, 2, 6, 9)",V7,C,F#,G,280.5,143.0
2245,A,D,3,G,"(0, 2, 6, 9)",V7,C,F#,G,280.625,143.0
2246,A,D,3,G,"(0, 2, 6, 9)",V7,C,F#,G,280.75,143.0
2247,A,D,3,G,"(0, 2, 6, 9)",V7,C,F#,G,280.875,143.0
2248,D,G,0,G,"(2, 7, 11)",I,G,B,G,281.0,144.0
2249,D,G,1,G,"(2, 7, 11)",I,G,B,G,281.125,144.0
2250,D,G,2,G,"(2, 7, 11)",I,G,B,G,281.25,144.0
2251,D,G,2,G,"(2, 7, 11)",I,G,B,G,281.375,144.0
2252,D,G,3,G,"(2, 7, 11)",I,G,B,G,281.5,144.0
2253,D,G,3,G,"(2, 7, 11)",I,G,B,G,281.625,144.0
2254,D,G,3,G,"(2, 7, 11)",I,G,B,G,281.75,144.0
2255,D,G,3,G,"(2, 7, 11)",I,G,B,G,281.875,144.0
2256,A,D,0,G,"(0, 2, 6, 9)",V7,C,F#,G,282.0,144.0
2257,A,D,1,G,"(0, 2, 6, 9)",V7,C,F#,G,282.125,144.0
2258,A,D,2,G,"(0, 2, 6, 9)",V7,C,F#,G,282.25,144.0
2259,A,D,2,G,"(0, 2, 6, 9)",V7,C,F#,G,282.375,144.0
2260,A,D,3,G,"(0, 2, 6, 9)",V7,C,F#,G,282.5,144.0
2261,A,D,3,G,"(0, 2, 6, 9)",V7,C,F#,G,282.625,144.0
2262,A,D,3,G,"(0, 2, 6, 9)",V7,C,F#,G,282.75,144.0
2263,A,D,3,G,"(0, 2, 6, 9)",V7,C,F#,G,282.875,144.0
2264,D,G,0,G,"(2, 7, 11)",I,G,B,G,283.0,145.0
2265,D,G,1,G,"(2, 7, 11)",I,G,B,G,283.125,145.0
2266,D,G,2,G,"(2, 7, 11)",I,G,B,G,283.25,145.0
2267,D,G,2,G,"(2, 7, 11)",I,G,B,G,283.375,145.0
2268,D,G,3,G,"(2, 7, 11)",I,G,B,G,283.5,145.0
2269,D,G,3,G,"(2, 7, 11)",I,G,B,G,283.625,145.0
2270,D,G,3,G,"(2, 7, 11)",I,G,B,G,283.75,145.0
2271,D,G,3,G,"(2, 7, 11)",I,G,B,G,283.875,145.0
2272,A,D,0,G,"(0, 2, 6, 9)",V7,C,F#,G,284.0,145.0
2273,A,D,1,G,"(0, 2, 6, 9)",V7,C,F#,G,284.125,145.0
2274,A,D,2,G,"(0, 2, 6, 9)",V7,C,F#,G,284.25,145.0
2275,A,D,2,G,"(0, 2, 6, 9)",V7,C,F#,G,284.375,145.0
2276,A,D,3,G,"(0, 2, 6, 9)",V7,C,F#,G,284.5,145.0
2277,A,D,3,G,"(0, 2, 6, 9)",V7,C,F#,G,284.625,145.0
2278,A,D,3,G,"(0, 2, 6, 9)",V7,C,F#,G,284.75,145.0
2279,A,D,3,G,"(0, 2, 6, 9)",V7,C,F#,G,284.875,145.0
2280,D,G,0,G,"(2, 7, 11)",I,G,B,G,285.0,146.0
2281,D,G,1,G,"(2, 7, 11)",I,G,B,G,285.125,146.0
2282,D,G,2,G,"(2, 7, 11)",I,G,B,G,285.25,146.0
2283,D,G,2,G,"(2, 7, 11)",I,G,B,G,285.375,146.0
2284,D,G,3,G,"(0, 2, 6, 9)",I,C,B,G,285.5,146.0
2285,D,G,3,G,"(0, 2, 6, 9)",I,C,B,G,285.625,146.0
2286,D,G,3,G,"(0, 2, 6, 9)",I,C,B,G,285.75,146.0
2287,D,G,3,G,"(0, 2, 6, 9)",I,C,B,G,285.875,146.0
2288,D,G,4,G,"(2, 7, 11)",I,G,B,G,286.0,146.0
2289,D,G,1,G,"(2, 7, 11)",I,G,B,G,286.125,146.0
2290,D,G,2,G,"(2, 7, 11)",I,G,B,G,286.25,146.0
2291,D,G,4,G,"(2, 7, 11)",I,G,B,G,286.375,146.0
2292,D,G,4,G,"(2, 7, 11)",I,G,B,G,286.5,146.0
2293,D,G,4,G,"(2, 7, 11)",I,G,B,G,286.625,146.0
2294,D,G,4,G,"(2, 7, 11)",I,G,B,G,286.75,146.0
2295,D,G,4,G,"(2, 7, 11)",I,G,B,G,286.875,146.0
2296,D,G,0,G,"(2, 7, 11)",I,G,B,G,287.0,147.0
2297,D,G,1,G,"(2, 7, 11)",I,G,B,G,287.125,147.0
2298,D,G,2,G,"(2, 7, 11)",I,G,B,G,287.25,147.0
2299,D,G,2,G,"(2, 7, 11)",I,G,B,G,287.375,147.0
2300,D,G,3,G,"(2, 7, 11)",I,G,B,G,287.5,147.0
2301,D,G,3,G,"(2, 7, 11)",I,G,B,G,287.625,147.0
2302,D,G,3,G,"(2, 7, 11)",I,G,B,G,287.75,147.0
2303,D,G,3,G,"(2, 7, 11)",I,G,B,G,287.875,147.0
2304,D,G,4,G,"(2, 7, 11)",I,G,B,G,288.0,147.0
2305,D,G,4,G,"(2, 7, 11)",I,G,B,G,288.125,147.0
2306,D,G,4,G,"(2, 7, 11)",I,G,B,G,288.25,147.0
2307,D,G,4,G,"(2, 7, 11)",I,G,B,G,288.375,147.0
2308,D,G,4,G,"(2, 7, 11)",I,G,B,G,288.5,147.0
2309,D,G,4,G,"(2, 7, 11)",I,G,B,G,288.625,147.0
2310,D,G,4,G,"(2, 7, 11)",I,G,B,G,288.75,147.0
2311,D,G,4,G,"(2, 7, 11)",I,G,B,G,288.875,147.0
2312,D,G,6,G,"(2, 7, 11)",I,G,B,G,289.0,148.0
2313,D,G,1,G,"(2, 7, 11)",I,G,B,G,289.125,148.0
2314,D,G,6,G,"(2, 7, 11)",I,G,B,G,289.25,148.0
2315,D,G,6,G,"(2, 7, 11)",I,G,B,G,289.375,148.0
2316,D,G,3,G,"(2, 7, 11)",I,G,B,G,289.5,148.0
2317,D,G,3,G,"(2, 7, 11)",I,G,B,G,289.625,148.0
2318,D,G,3,G,"(2, 7, 11)",I,G,B,G,289.75,148.0
2319,D,G,3,G,"(2, 7, 11)",I,G,B,G,289.875,148.0
2320,D,G,4,G,"(2, 7, 11)",I,G,B,G,290.0,148.0
2321,D,G,4,G,"(2, 7, 11)",I,G,B,G,290.125,148.0
2322,D,G,4,G,"(2, 7, 11)",I,G,B,G,290.25,148.0
2323,D,G,4,G,"(2, 7, 11)",I,G,B,G,290.375,148.0
2324,D,G,6,G,"(2, 7, 11)",I,G,B,G,290.5,148.0
2325,D,G,6,G,"(2, 7, 11)",I,G,B,G,290.625,148.0
2326,D,G,6,G,"(2, 7, 11)",I,G,B,G,290.75,148.0
2327,D,G,6,G,"(2, 7, 11)",I,G,B,G,290.875,148.0
2328,C--,C--,6,A,"(0, 1, 5, 8)",Cad,C--,C--,A,,
2329,C--,C--,6,A,"(0, 1, 5, 8)",Cad,C--,C--,A,,
2330,C--,C--,6,A,"(0, 1, 5, 8)",Cad,C--,C--,A,,
2331,C--,C--,6,A,"(0, 1, 5, 8)",Cad,C--,C--,A,,
2332,C--,C--,6,A,"(0, 1, 5, 8)",Cad,C--,C--,A,,
2333,C--,C--,6,A,"(0, 1, 5, 8)",Cad,C--,C--,A,,
2334,C--,C--,6,A,"(0, 1, 5, 8)",Cad,C--,C--,A,,
2335,C--,C--,6,A,"(0, 1, 5, 8)",Cad,C--,C--,A,,
2336,C--,C--,6,A,"(0, 1, 5, 8)",Cad,C--,C--,A,,
2337,C--,C--,6,A,"(0, 1, 5, 8)",Cad,C--,C--,A,,
2338,C--,C--,6,A,"(0, 1, 5, 8)",Cad,C--,C--,A,,
2339,C--,C--,6,A,"(0, 1, 5, 8)",Cad,C--,C--,A,,
2340,C--,C--,6,A,"(0, 1, 5, 8)",Cad,C--,C--,A,,
2341,C--,C--,6,A,"(0, 1, 5, 8)",Cad,C--,C--,A,,
2342,C--,C--,6,A,"(0, 1, 5, 8)",Cad,C--,C--,A,,
2343,C--,C--,6,A,"(0, 1, 5, 8)",Cad,C--,C--,A,,
2344,C--,C--,6,A,"(0, 1, 5, 8)",Cad,C--,C--,A,,
2345,C--,C--,6,A,"(0, 1, 5, 8)",Cad,C--,C--,A,,
2346,C--,C--,6,A,"(0, 1, 5, 8)",Cad,C--,C--,A,,
2347,C--,C--,6,A,"(0, 1, 5, 8)",Cad,C--,C--,A,,
2348,C--,C--,6,A,"(0, 1, 5, 8)",Cad,C--,C--,A,,
2349,C--,C--,6,A,"(0, 1, 5, 8)",Cad,C--,C--,A,,
2350,C--,C--,6,A,"(0, 1, 5, 8)",Cad,C--,C--,A,,
2351,C--,C--,6,A,"(0, 1, 5, 8)",Cad,C--,C--,A,,
2352,C--,C--,6,A,"(0, 1, 5, 8)",Cad,C--,C--,A,,
2353,C--,C--,6,A,"(0, 1, 5, 8)",Cad,C--,C--,A,,
2354,C--,C--,6,A,"(0, 1, 5, 8)",Cad,C--,C--,A,,
2355,C--,C--,6,A,"(0, 1, 5, 8)",Cad,C--,C--,A,,
2356,C--,C--,6,A,"(0, 1, 5, 8)",Cad,C--,C--,A,,
2357,C--,C--,6,A,"(0, 1, 5, 8)",Cad,C--,C--,A,,
2358,C--,C--,6,A,"(0, 1, 5, 8)",Cad,C--,C--,A,,
2359,C--,C--,6,A,"(0, 1, 5, 8)",Cad,C--,C--,A,,
2360,C--,C--,6,A,"(0, 1, 5, 8)",Cad,C--,C--,A,,
2361,C--,C--,6,A,"(0, 1, 5, 8)",Cad,C--,C--,A,,
2362,C--,C--,6,A,"(0, 1, 5, 8)",Cad,C--,C--,A,,
2363,C--,C--,6,A,"(0, 1, 5, 8)",Cad,C--,C--,A,,
2364,C--,C--,6,A,"(0, 1, 5, 8)",Cad,C--,C--,A,,
2365,C--,C--,6,A,"(0, 1, 5, 8)",Cad,C--,C--,A,,
2366,C--,C--,6,A,"(0, 1, 5, 8)",Cad,C--,C--,A,,
2367,C--,C--,6,A,"(0, 1, 5, 8)",Cad,C--,C--,A,,
2368,C--,C--,6,A,"(0, 1, 5, 8)",Cad,C--,C--,A,,
2369,C--,C--,6,A,"(0, 1, 5, 8)",Cad,C--,C--,A,,
2370,C--,C--,6,A,"(0, 1, 5, 8)",Cad,C--,C--,A,,
2371,C--,C--,6,A,"(0, 1, 5, 8)",Cad,C--,C--,A,,
2372,C--,C--,6,A,"(0, 1, 5, 8)",Cad,C--,C--,A,,
2373,C--,C--,6,A,"(0, 1, 5, 8)",Cad,C--,C--,A,,
2374,C--,C--,6,A,"(0, 1, 5, 8)",Cad,C--,C--,A,,
2375,C--,C--,6,A,"(0, 1, 5, 8)",Cad,C--,C--,A,,
2376,C--,C--,6,A,"(0, 1, 5, 8)",Cad,C--,C--,A,,
2377,C--,C--,6,A,"(0, 1, 5, 8)",Cad,C--,C--,A,,
2378,C--,C--,6,A,"(0, 1, 5, 8)",Cad,C--,C--,A,,
2379,C--,C--,6,A,"(0, 1, 5, 8)",Cad,C--,C--,A,,
2380,C--,C--,6,A,"(0, 1, 5, 8)",Cad,C--,C--,A,,
2381,C--,C--,6,A,"(0, 1, 5, 8)",Cad,C--,C--,A,,
2382,C--,C--,6,A,"(0, 1, 5, 8)",Cad,C--,C--,A,,
2383,C--,C--,6,A,"(0, 1, 5, 8)",Cad,C--,C--,A,,
2384,C--,C--,6,A,"(0, 1, 5, 8)",Cad,C--,C--,A,,
2385,C--,C--,6,A,"(0, 1, 5, 8)",Cad,C--,C--,A,,
2386,C--,C--,6,A,"(0, 1, 5, 8)",Cad,C--,C--,A,,
2387,C--,C--,6,A,"(0, 1, 5, 8)",Cad,C--,C--,A,,
2388,C--,C--,6,A,"(0, 1, 5, 8)",Cad,C--,C--,A,,
2389,C--,C--,6,A,"(0, 1, 5, 8)",Cad,C--,C--,A,,
2390,C--,C--,6,A,"(0, 1, 5, 8)",Cad,C--,C--,A,,
2391,C--,C--,6,A,"(0, 1, 5, 8)",Cad,C--,C--,A,,
2392,C--,C--,6,A,"(0, 1, 5, 8)",Cad,C--,C--,A,,
2393,C--,C--,6,A,"(0, 1, 5, 8)",Cad,C--,C--,A,,
2394,C--,C--,6,A,"(0, 1, 5, 8)",Cad,C--,C--,A,,
2395,C--,C--,6,A,"(0, 1, 5, 8)",Cad,C--,C--,A,,
2396,C--,C--,6,A,"(0, 1, 5, 8)",Cad,C--,C--,A,,
2397,C--,C--,6,A,"(0, 1, 5, 8)",Cad,C--,C--,A,,
2398,C--,C--,6,A,"(0, 1, 5, 8)",Cad,C--,C--,A,,
2399,C--,C--,6,A,"(0, 1, 5, 8)",Cad,C--,C--,A,,
2400,C--,C--,6,A,"(0, 1, 5, 8)",Cad,C--,C--,A,,
2401,C--,C--,6,A,"(0, 1, 5, 8)",Cad,C--,C--,A,,
2402,C--,C--,6,A,"(0, 1, 5, 8)",Cad,C--,C--,A,,
2403,C--,C--,6,A,"(0, 1, 5, 8)",Cad,C--,C--,A,,
2404,C--,C--,6,A,"(0, 1, 5, 8)",Cad,C--,C--,A,,
2405,C--,C--,6,A,"(0, 1, 5, 8)",Cad,C--,C--,A,,
2406,C--,C--,6,A,"(0, 1, 5, 8)",Cad,C--,C--,A,,
2407,C--,C--,6,A,"(0, 1, 5, 8)",Cad,C--,C--,A,,
2408,C--,C--,6,A,"(0, 1, 5, 8)",Cad,C--,C--,A,,
2409,C--,C--,6,A,"(0, 1, 5, 8)",Cad,C--,C--,A,,
2410,C--,C--,6,A,"(0, 1, 5, 8)",Cad,C--,C--,A,,
2411,C--,C--,6,A,"(0, 1, 5, 8)",Cad,C--,C--,A,,
2412,C--,C--,6,A,"(0, 1, 5, 8)",Cad,C--,C--,A,,
2413,C--,C--,6,A,"(0, 1, 5, 8)",Cad,C--,C--,A,,
2414,C--,C--,6,A,"(0, 1, 5, 8)",Cad,C--,C--,A,,
2415,C--,C--,6,A,"(0, 1, 5, 8)",Cad,C--,C--,A,,
2416,C--,C--,6,A,"(0, 1, 5, 8)",Cad,C--,C--,A,,
2417,C--,C--,6,A,"(0, 1, 5, 8)",Cad,C--,C--,A,,
2418,C--,C--,6,A,"(0, 1, 5, 8)",Cad,C--,C--,A,,
2419,C--,C--,6,A,"(0, 1, 5, 8)",Cad,C--,C--,A,,
2420,C--,C--,6,A,"(0, 1, 5, 8)",Cad,C--,C--,A,,
2421,C--,C--,6,A,"(0, 1, 5, 8)",Cad,C--,C--,A,,
2422,C--,C--,6,A,"(0, 1, 5, 8)",Cad,C--,C--,A,,
2423,C--,C--,6,A,"(0, 1, 5, 8)",Cad,C--,C--,A,,
2424,C--,C--,6,A,"(0, 1, 5, 8)",Cad,C--,C--,A,,
2425,C--,C--,6,A,"(0, 1, 5, 8)",Cad,C--,C--,A,,
2426,C--,C--,6,A,"(0, 1, 5, 8)",Cad,C--,C--,A,,
2427,C--,C--,6,A,"(0, 1, 5, 8)",Cad,C--,C--,A,,
2428,C--,C--,6,A,"(0, 1, 5, 8)",Cad,C--,C--,A,,
2429,C--,C--,6,A,"(0, 1, 5, 8)",Cad,C--,C--,A,,
2430,C--,C--,6,A,"(0, 1, 5, 8)",Cad,C--,C--,A,,
2431,C--,C--,6,A,"(0, 1, 5, 8)",Cad,C--,C--,A,,
2432,C--,C--,6,A,"(0, 1, 5, 8)",Cad,C--,C--,A,,
2433,C--,C--,6,A,"(0, 1, 5, 8)",Cad,C--,C--,A,,
2434,C--,C--,6,A,"(0, 1, 5, 8)",Cad,C--,C--,A,,
2435,C--,C--,6,A,"(0, 1, 5, 8)",Cad,C--,C--,A,,
2436,C--,C--,6,A,"(0, 1, 5, 8)",Cad,C--,C--,A,,
2437,C--,C--,6,A,"(0, 1, 5, 8)",Cad,C--,C--,A,,
2438,C--,C--,6,A,"(0, 1, 5, 8)",Cad,C--,C--,A,,
2439,C--,C--,6,A,"(0, 1, 5, 8)",Cad,C--,C--,A,,
2440,C--,C--,6,A,"(0, 1, 5, 8)",Cad,C--,C--,A,,
2441,C--,C--,6,A,"(0, 1, 5, 8)",Cad,C--,C--,A,,
2442,C--,C--,6,A,"(0, 1, 5, 8)",Cad,C--,C--,A,,
2443,C--,C--,6,A,"(0, 1, 5, 8)",Cad,C--,C--,A,,
2444,C--,C--,6,A,"(0, 1, 5, 8)",Cad,C--,C--,A,,
2445,C--,C--,6,A,"(0, 1, 5, 8)",Cad,C--,C--,A,,
2446,C--,C--,6,A,"(0, 1, 5, 8)",Cad,C--,C--,A,,
2447,C--,C--,6,A,"(0, 1, 5, 8)",Cad,C--,C--,A,,
2448,C--,C--,6,A,"(0, 1, 5, 8)",Cad,C--,C--,A,,
2449,C--,C--,6,A,"(0, 1, 5, 8)",Cad,C--,C--,A,,
2450,C--,C--,6,A,"(0, 1, 5, 8)",Cad,C--,C--,A,,
2451,C--,C--,6,A,"(0, 1, 5, 8)",Cad,C--,C--,A,,
2452,C--,C--,6,A,"(0, 1, 5, 8)",Cad,C--,C--,A,,
2453,C--,C--,6,A,"(0, 1, 5, 8)",Cad,C--,C--,A,,
2454,C--,C--,6,A,"(0, 1, 5, 8)",Cad,C--,C--,A,,
2455,C--,C--,6,A,"(0, 1, 5, 8)",Cad,C--,C--,A,,
2456,C--,C--,6,A,"(0, 1, 5, 8)",Cad,C--,C--,A,,
2457,C--,C--,6,A,"(0, 1, 5, 8)",Cad,C--,C--,A,,
2458,C--,C--,6,A,"(0, 1, 5, 8)",Cad,C--,C--,A,,
2459,C--,C--,6,A,"(0, 1, 5, 8)",Cad,C--,C--,A,,
2460,C--,C--,6,A,"(0, 1, 5, 8)",Cad,C--,C--,A,,
2461,C--,C--,6,A,"(0, 1, 5, 8)",Cad,C--,C--,A,,
2462,C--,C--,6,A,"(0, 1, 5, 8)",Cad,C--,C--,A,,
2463,C--,C--,6,A,"(0, 1, 5, 8)",Cad,C--,C--,A,,
2464,C--,C--,6,A,"(0, 1, 5, 8)",Cad,C--,C--,A,,
2465,C--,C--,6,A,"(0, 1, 5, 8)",Cad,C--,C--,A,,
2466,C--,C--,6,A,"(0, 1, 5, 8)",Cad,C--,C--,A,,
2467,C--,C--,6,A,"(0, 1, 5, 8)",Cad,C--,C--,A,,
2468,C--,C--,6,A,"(0, 1, 5, 8)",Cad,C--,C--,A,,
2469,C--,C--,6,A,"(0, 1, 5, 8)",Cad,C--,C--,A,,
2470,C--,C--,6,A,"(0, 1, 5, 8)",Cad,C--,C--,A,,
2471,C--,C--,6,A,"(0, 1, 5, 8)",Cad,C--,C--,A,,
2472,C--,C--,6,A,"(0, 1, 5, 8)",Cad,C--,C--,A,,
2473,C--,C--,6,A,"(0, 1, 5, 8)",Cad,C--,C--,A,,
2474,C--,C--,6,A,"(0, 1, 5, 8)",Cad,C--,C--,A,,
2475,C--,C--,6,A,"(0, 1, 5, 8)",Cad,C--,C--,A,,
2476,C--,C--,6,A,"(0, 1, 5, 8)",Cad,C--,C--,A,,
2477,C--,C--,6,A,"(0, 1, 5, 8)",Cad,C--,C--,A,,
2478,C--,C--,6,A,"(0, 1, 5, 8)",Cad,C--,C--,A,,
2479,C--,C--,6,A,"(0, 1, 5, 8)",Cad,C--,C--,A,,
2480,C--,C--,6,A,"(0, 1, 5, 8)",Cad,C--,C--,A,,
2481,C--,C--,6,A,"(0, 1, 5, 8)",Cad,C--,C--,A,,
2482,C--,C--,6,A,"(0, 1, 5, 8)",Cad,C--,C--,A,,
2483,C--,C--,6,A,"(0, 1, 5, 8)",Cad,C--,C--,A,,
2484,C--,C--,6,A,"(0, 1, 5, 8)",Cad,C--,C--,A,,
2485,C--,C--,6,A,"(0, 1, 5, 8)",Cad,C--,C--,A,,
2486,C--,C--,6,A,"(0, 1, 5, 8)",Cad,C--,C--,A,,
2487,C--,C--,6,A,"(0, 1, 5, 8)",Cad,C--,C--,A,,
2488,C--,C--,6,A,"(0, 1, 5, 8)",Cad,C--,C--,A,,
2489,C--,C--,6,A,"(0, 1, 5, 8)",Cad,C--,C--,A,,
2490,C--,C--,6,A,"(0, 1, 5, 8)",Cad,C--,C--,A,,
2491,C--,C--,6,A,"(0, 1, 5, 8)",Cad,C--,C--,A,,
2492,C--,C--,6,A,"(0, 1, 5, 8)",Cad,C--,C--,A,,
2493,C--,C--,6,A,"(0, 1, 5, 8)",Cad,C--,C--,A,,
2494,C--,C--,6,A,"(0, 1, 5, 8)",Cad,C--,C--,A,,
2495,C--,C--,6,A,"(0, 1, 5, 8)",Cad,C--,C--,A,,
2496,C--,C--,6,A,"(0, 1, 5, 8)",Cad,C--,C--,A,,
2497,C--,C--,6,A,"(0, 1, 5, 8)",Cad,C--,C--,A,,
2498,C--,C--,6,A,"(0, 1, 5, 8)",Cad,C--,C--,A,,
2499,C--,C--,6,A,"(0, 1, 5, 8)",Cad,C--,C--,A,,
2500,C--,C--,6,A,"(0, 1, 5, 8)",Cad,C--,C--,A,,
2501,C--,C--,6,A,"(0, 1, 5, 8)",Cad,C--,C--,A,,
2502,C--,C--,6,A,"(0, 1, 5, 8)",Cad,C--,C--,A,,
2503,C--,C--,6,A,"(0, 1, 5, 8)",Cad,C--,C--,A,,
2504,C--,C--,6,A,"(0, 1, 5, 8)",Cad,C--,C--,A,,
2505,C--,C--,6,A,"(0, 1, 5, 8)",Cad,C--,C--,A,,
2506,C--,C--,6,A,"(0, 1, 5, 8)",Cad,C--,C--,A,,
2507,C--,C--,6,A,"(0, 1, 5, 8)",Cad,C--,C--,A,,
2508,C--,C--,6,A,"(0, 1, 5, 8)",Cad,C--,C--,A,,
2509,C--,C--,6,A,"(0, 1, 5, 8)",Cad,C--,C--,A,,
2510,C--,C--,6,A,"(0, 1, 5, 8)",Cad,C--,C--,A,,
2511,C--,C--,6,A,"(0, 1, 5, 8)",Cad,C--,C--,A,,
2512,C--,C--,6,A,"(0, 1, 5, 8)",Cad,C--,C--,A,,
2513,C--,C--,6,A,"(0, 1, 5, 8)",Cad,C--,C--,A,,
2514,C--,C--,6,A,"(0, 1, 5, 8)",Cad,C--,C--,A,,
2515,C--,C--,6,A,"(0, 1, 5, 8)",Cad,C--,C--,A,,
2516,C--,C--,6,A,"(0, 1, 5, 8)",Cad,C--,C--,A,,
2517,C--,C--,6,A,"(0, 1, 5, 8)",Cad,C--,C--,A,,
2518,C--,C--,6,A,"(0, 1, 5, 8)",Cad,C--,C--,A,,
2519,C--,C--,6,A,"(0, 1, 5, 8)",Cad,C--,C--,A,,
2520,C--,C--,6,A,"(0, 1, 5, 8)",Cad,C--,C--,A,,
2521,C--,C--,6,A,"(0, 1, 5, 8)",Cad,C--,C--,A,,
2522,C--,C--,6,A,"(0, 1, 5, 8)",Cad,C--,C--,A,,
2523,C--,C--,6,A,"(0, 1, 5, 8)",Cad,C--,C--,A,,
2524,C--,C--,6,A,"(0, 1, 5, 8)",Cad,C--,C--,A,,
2525,C--,C--,6,A,"(0, 1, 5, 8)",Cad,C--,C--,A,,
2526,C--,C--,6,A,"(0, 1, 5, 8)",Cad,C--,C--,A,,
2527,C--,C--,6,A,"(0, 1, 5, 8)",Cad,C--,C--,A,,
2528,C--,C--,6,A,"(0, 1, 5, 8)",Cad,C--,C--,A,,
2529,C--,C--,6,A,"(0, 1, 5, 8)",Cad,C--,C--,A,,
2530,C--,C--,6,A,"(0, 1, 5, 8)",Cad,C--,C--,A,,
2531,C--,C--,6,A,"(0, 1, 5, 8)",Cad,C--,C--,A,,
2532,C--,C--,6,A,"(0, 1, 5, 8)",Cad,C--,C--,A,,
2533,C--,C--,6,A,"(0, 1, 5, 8)",Cad,C--,C--,A,,
2534,C--,C--,6,A,"(0, 1, 5, 8)",Cad,C--,C--,A,,
2535,C--,C--,6,A,"(0, 1, 5, 8)",Cad,C--,C--,A,,
2536,C--,C--,6,A,"(0, 1, 5, 8)",Cad,C--,C--,A,,
2537,C--,C--,6,A,"(0, 1, 5, 8)",Cad,C--,C--,A,,
2538,C--,C--,6,A,"(0, 1, 5, 8)",Cad,C--,C--,A,,
2539,C--,C--,6,A,"(0, 1, 5, 8)",Cad,C--,C--,A,,
2540,C--,C--,6,A,"(0, 1, 5, 8)",Cad,C--,C--,A,,
2541,C--,C--,6,A,"(0, 1, 5, 8)",Cad,C--,C--,A,,
2542,C--,C--,6,A,"(0, 1, 5, 8)",Cad,C--,C--,A,,
2543,C--,C--,6,A,"(0, 1, 5, 8)",Cad,C--,C--,A,,
2544,C--,C--,6,A,"(0, 1, 5, 8)",Cad,C--,C--,A,,
2545,C--,C--,6,A,"(0, 1, 5, 8)",Cad,C--,C--,A,,
2546,C--,C--,6,A,"(0, 1, 5, 8)",Cad,C--,C--,A,,
2547,C--,C--,6,A,"(0, 1, 5, 8)",Cad,C--,C--,A,,
2548,C--,C--,6,A,"(0, 1, 5, 8)",Cad,C--,C--,A,,
2549,C--,C--,6,A,"(0, 1, 5, 8)",Cad,C--,C--,A,,
2550,C--,C--,6,A,"(0, 1, 5, 8)",Cad,C--,C--,A,,
2551,C--,C--,6,A,"(0, 1, 5, 8)",Cad,C--,C--,A,,
2552,C--,C--,6,A,"(0, 1, 5, 8)",Cad,C--,C--,A,,
2553,C--,C--,6,A,"(0, 1, 5, 8)",Cad,C--,C--,A,,
2554,C--,C--,6,A,"(0, 1, 5, 8)",Cad,C--,C--,A,,
2555,C--,C--,6,A,"(0, 1, 5, 8)",Cad,C--,C--,A,,
2556,C--,C--,6,A,"(0, 1, 5, 8)",Cad,C--,C--,A,,
2557,C--,C--,6,A,"(0, 1, 5, 8)",Cad,C--,C--,A,,
2558,C--,C--,6,A,"(0, 1, 5, 8)",Cad,C--,C--,A,,
2559,C--,C--,6,A,"(0, 1, 5, 8)",Cad,C--,C--,A,,
